id,timestamp,liga_id,Home,Away,HG,AG,1,X,2,b_o1,b_oX,b_o2,p_o1,p_oX,p_o2,m_oO,m_oU,b_oO,b_oU,p_oO,p_oU,Date
ELP9VxVL,1394254800,7243,Pohang,Ulsan,0,1,2.22,3.16,3.04,2.25,3.25,3.2,2.45,3.31,3.12,2.0,1.75,2.1,1.7,2.12,1.78,2014-03-08
SOTDUdpS,1394262000,7243,Jeonbuk,Busan,3,0,1.57,3.74,5.26,1.67,3.75,5.0,1.78,3.84,4.81,1.85,1.87,1.95,1.85,1.97,1.91,2014-03-08
Y56tQGhq,1394262000,7243,Seoul,Jeonnam,0,1,1.54,3.81,5.62,1.57,3.75,6.0,1.7,3.96,5.24,1.89,1.86,1.85,1.95,1.98,1.9,2014-03-08
6XJmOfNe,1394341200,7243,Sangmu,Incheon,2,2,2.71,3.16,2.45,2.8,3.3,2.5,2.91,3.36,2.58,2.01,1.73,2.08,1.73,2.1,1.78,2014-03-09
Cd5pPz8k,1394341200,7243,Gyeongnam,Seongnam,1,0,2.85,3.14,2.36,3.2,3.2,2.3,3.2,3.25,2.43,2.08,1.69,2.25,1.62,2.3,1.65,2014-03-09
pOIiNEx2,1394348400,7243,Jeju,Suwon Bluewings,0,1,2.39,3.14,2.81,2.6,3.2,2.75,2.64,3.26,2.92,2.02,1.74,2.15,1.67,2.26,1.68,2014-03-09
bRrRyEie,1394859600,7243,Incheon,Jeonbuk,0,1,2.73,3.15,2.44,2.8,3.2,2.5,2.95,3.31,2.57,1.96,1.78,2.05,1.75,2.07,1.81,2014-03-15
tjYVzY61,1394866800,7243,Seongnam,Seoul,0,0,2.45,3.05,2.81,,,,2.56,3.01,3.26,2.25,1.6,,,2.6,1.51,2014-03-15
KtXZZiM7,1394859600,7243,Busan,Pohang,3,1,2.7,3.1,2.48,2.8,3.2,2.5,2.97,3.3,2.57,2.03,1.73,2.2,1.65,2.21,1.7,2014-03-15
8dQHbya8,1394953200,7243,Jeonnam,Jeju,1,2,2.41,3.07,2.86,2.6,3.1,2.8,2.63,3.21,2.96,2.24,1.6,2.4,1.53,2.53,1.54,2014-03-16
nmPLceEE,1394946000,7243,Suwon Bluewings,Sangmu,2,2,1.7,3.5,4.55,1.73,3.6,4.75,1.66,3.95,5.72,1.9,1.84,2.0,1.8,1.97,1.91,2014-03-16
UBEQdFTK,1394946000,7243,Ulsan,Gyeongnam,3,0,1.64,3.59,5.0,1.67,3.6,5.5,1.68,3.83,5.8,2.03,1.77,2.08,1.73,2.12,1.78,2014-03-16
rFIUeZrR,1395464400,7243,Jeju,Seongnam,1,0,2.32,3.09,2.93,2.4,3.1,3.1,2.5,3.29,3.06,2.23,1.59,2.35,1.57,2.38,1.61,2014-03-22
vo40jD6l,1395471600,7243,Gyeongnam,Jeonnam,2,3,2.56,2.98,2.72,2.8,3.1,2.63,2.9,3.05,2.8,2.33,1.55,2.7,1.44,2.75,1.45,2014-03-22
0f5digir,1395464400,7243,Pohang,Suwon Bluewings,2,1,2.18,3.16,3.15,2.25,3.2,3.3,2.21,3.37,3.59,2.04,1.72,2.1,1.7,2.18,1.73,2014-03-22
bmK1liy1,1395550800,7243,Sangmu,Jeonbuk,0,0,4.68,3.6,1.67,4.5,3.75,1.75,4.88,3.8,1.78,1.76,1.99,1.85,1.95,1.94,1.94,2014-03-23
KdLckXLf,1395550800,7243,Seoul,Busan,0,1,1.78,3.4,4.23,1.83,3.4,4.5,1.91,3.5,4.53,2.04,1.72,2.1,1.7,2.16,1.75,2014-03-23
hAJ5mBj7,1395558000,7243,Ulsan,Incheon,3,0,1.71,3.46,4.62,1.73,3.5,5.0,1.72,3.76,5.49,2.0,1.75,2.08,1.73,2.05,1.83,2014-03-23
IiiS4CLs,1395829800,7243,Seoul,Jeju,2,0,1.9,3.29,3.86,1.91,3.4,4.0,1.92,3.58,4.35,2.05,1.71,2.1,1.7,2.17,1.74,2014-03-26
8I1hBErE,1395828000,7243,Jeonbuk,Pohang,1,3,2.03,3.26,3.43,2.0,3.4,3.75,2.1,3.57,3.66,1.93,1.8,2.0,1.8,2.02,1.86,2014-03-26
0GtX3Wzl,1395829800,7243,Seongnam,Suwon Bluewings,2,0,2.61,3.04,2.61,2.7,3.2,2.63,2.89,3.24,2.66,2.2,1.6,2.3,1.6,2.34,1.63,2014-03-26
Gr509hDQ,1395829800,7243,Busan,Sangmu,1,1,1.88,3.34,3.88,1.85,3.5,4.2,2.01,3.45,4.13,1.96,1.77,2.1,1.7,2.12,1.77,2014-03-26
6DN9nV5D,1395828000,7243,Gyeongnam,Incheon,1,0,2.42,3.11,2.8,2.4,3.1,3.1,2.71,3.32,2.78,2.15,1.63,2.15,1.67,2.25,1.69,2014-03-26
n90dAYcK,1395828000,7243,Jeonnam,Ulsan,1,0,3.74,3.36,1.9,4.33,3.5,1.83,4.4,3.62,1.9,2.01,1.74,2.0,1.8,2.06,1.83,2014-03-26
WEcr1UK6,1396076400,7243,Jeonbuk,Seongnam,1,0,1.86,3.35,3.9,1.91,3.5,4.0,1.95,3.51,4.31,2.01,1.74,2.15,1.67,2.21,1.71,2014-03-29
hObv2A50,1396069200,7243,Ulsan,Seoul,2,1,1.98,3.24,3.57,2.0,3.3,3.8,2.04,3.38,4.09,2.12,1.66,2.2,1.65,2.3,1.65,2014-03-29
b1az3jjf,1396069200,7243,Pohang,Sangmu,4,2,1.64,3.63,4.81,1.62,3.8,5.5,1.66,4.01,5.64,1.79,1.95,1.8,2.0,1.78,2.11,2014-03-29
ljhm0lzD,1396155600,7243,Incheon,Jeonnam,0,0,2.36,2.97,3.0,2.38,3.0,3.2,2.41,3.14,3.36,2.47,1.49,2.6,1.48,2.71,1.47,2014-03-30
Stiia8kJ,1396155600,7243,Jeju,Gyeongnam,1,1,1.9,3.27,3.8,,,,1.91,3.48,4.57,2.14,1.64,,,2.3,1.65,2014-03-30
vJ3b75st,1396162800,7243,Suwon Bluewings,Busan,1,0,2.16,3.14,3.2,,,,2.34,3.24,3.41,2.14,1.61,,,2.38,1.61,2014-03-30
EydB43Rb,1396681200,7243,Seongnam,Incheon,0,0,2.26,3.08,3.05,2.25,3.2,3.3,2.26,3.21,3.62,2.26,1.57,2.5,1.5,2.57,1.52,2014-04-05
zoc75qCh,1396674000,7243,Sangmu,Jeju,0,1,2.62,3.12,2.55,2.6,3.2,2.75,2.56,3.41,2.89,1.98,1.76,2.0,1.8,2.08,1.81,2014-04-05
hM726Pdn,1396674000,7243,Gyeongnam,Suwon Bluewings,2,2,3.04,3.1,2.26,3.2,3.2,2.3,3.45,3.3,2.29,2.18,1.61,2.25,1.62,2.32,1.64,2014-04-05
M1eF3Nt5,1396760400,7243,Seoul,Jeonbuk,1,1,2.41,3.11,2.78,2.6,3.2,2.75,2.69,3.19,2.9,2.02,1.73,2.2,1.65,2.29,1.66,2014-04-06
rHqO11BH,1396767600,7243,Busan,Ulsan,0,0,3.24,3.01,2.13,3.4,3.2,2.2,3.66,3.22,2.25,2.16,1.62,2.3,1.6,2.4,1.6,2014-04-06
0hfJ2sdB,1396761300,7243,Jeonnam,Pohang,2,2,3.32,3.24,2.08,3.1,3.3,2.3,3.51,3.45,2.2,1.94,1.8,2.0,1.8,2.03,1.85,2014-04-06
hjZcealo,1397039400,7243,Incheon,Busan,0,0,2.64,2.96,2.63,2.75,3.1,2.63,2.91,3.07,2.78,2.49,1.48,2.7,1.44,2.75,1.45,2014-04-09
8bHpJ2th,1397039400,7243,Suwon Bluewings,Jeonnam,1,0,2.1,3.17,3.34,2.1,3.2,3.6,2.21,3.34,3.57,2.15,1.64,2.15,1.67,2.25,1.69,2014-04-09
U7ItKrRo,1397039400,7243,Pohang,Gyeongnam,3,0,1.52,3.88,5.65,1.55,4.0,6.0,1.56,4.23,6.5,1.77,1.96,1.8,2.0,1.78,2.11,2014-04-09
jsmWautU,1397037600,7243,Sangmu,Seoul,2,1,4.16,3.32,1.81,4.5,3.5,1.8,4.99,3.63,1.81,2.01,1.73,2.05,1.75,2.08,1.81,2014-04-09
2LGlIMeb,1397039400,7243,Ulsan,Seongnam,0,1,1.59,3.61,5.39,1.57,3.8,5.75,1.68,3.76,5.84,2.09,1.68,2.25,1.62,2.31,1.64,2014-04-09
dKmS0LQN,1397037600,7243,Jeju,Jeonbuk,2,0,3.24,3.05,2.19,3.2,3.2,2.3,3.22,3.27,2.41,2.24,1.59,2.5,1.5,2.5,1.55,2014-04-09
EeKhHtB4,1397280600,7243,Jeonbuk,Ulsan,1,0,2.42,3.07,2.82,2.4,3.2,3.0,2.53,3.17,3.13,2.19,1.61,2.25,1.62,2.26,1.68,2014-04-12
dK9cG0QA,1397286000,7243,Seoul,Gyeongnam,0,0,1.65,3.47,5.08,1.62,3.5,5.25,1.64,3.84,6.23,2.1,1.67,2.1,1.7,2.23,1.69,2014-04-12
zB81FKuH,1397286000,7243,Pohang,Jeju,3,0,1.91,3.3,3.73,2.0,3.4,3.75,2.0,3.49,4.11,1.96,1.78,1.95,1.85,1.97,1.91,2014-04-12
lIlx9IIp,1397372400,7243,Incheon,Suwon Bluewings,0,3,2.64,2.99,2.61,,,,2.82,3.15,2.79,2.32,1.54,,,2.53,1.53,2014-04-13
4pD5EveN,1397365200,7243,Jeonnam,Busan,2,1,2.62,3.03,2.65,2.7,3.1,2.7,2.89,3.14,2.74,2.37,1.54,2.4,1.53,2.54,1.53,2014-04-13
ryC9DbAT,1397365200,7243,Seongnam,Sangmu,0,0,1.95,3.2,3.77,2.0,3.4,3.75,2.07,3.29,4.14,2.29,1.57,2.3,1.6,2.46,1.56,2014-04-13
fFuSVuQc,1397890800,7243,Jeonnam,Jeonbuk,0,2,2.98,3.04,2.31,3.3,3.1,2.3,3.06,3.27,2.51,2.18,1.61,2.15,1.67,2.21,1.7,2014-04-19
2Lht8xYj,1397883600,7243,Busan,Seongnam,1,0,2.19,3.03,3.26,2.2,3.1,3.5,2.23,3.16,3.79,2.49,1.47,2.5,1.5,2.69,1.47,2014-04-19
GOtOWLAi,1397883600,7243,Ulsan,Suwon Bluewings,2,2,2.3,3.12,2.97,2.38,3.1,3.1,2.41,3.25,3.25,2.19,1.61,2.25,1.62,2.33,1.63,2014-04-19
MyCOUau4,1397970000,7243,Seoul,Pohang,0,1,2.8,3.12,2.41,3.1,3.3,2.3,3.17,3.46,2.35,1.97,1.78,1.95,1.85,1.94,1.94,2014-04-20
fkAWSwAG,1397977200,7243,Jeju,Incheon,1,0,1.93,3.14,3.88,1.95,3.3,4.0,1.97,3.31,4.56,2.41,1.5,2.35,1.57,2.45,1.57,2014-04-20
0SASTJfA,1397970000,7243,Gyeongnam,Sangmu,0,0,2.46,3.09,2.74,2.6,3.2,2.75,2.58,3.26,2.98,2.19,1.6,2.3,1.6,2.33,1.63,2014-04-20
8hEzScPM,1398488400,7243,Jeju,Busan,2,1,2.09,3.13,3.41,2.1,3.25,3.6,2.26,3.24,3.58,2.33,1.53,2.5,1.5,2.57,1.52,2014-04-26
jH3uRHvT,1398488400,7243,Jeonbuk,Gyeongnam,4,1,1.52,3.82,5.9,1.44,4.33,7.0,1.51,4.38,7.08,1.98,1.76,2.0,1.8,2.04,1.84,2014-04-26
hQk7Mymp,1398495600,7243,Seongnam,Jeonnam,0,1,2.15,3.08,3.29,2.1,3.3,3.5,2.19,3.24,3.78,2.39,1.51,2.6,1.48,2.68,1.47,2014-04-26
4OJeT7Ld,1398582000,7243,Sangmu,Ulsan,1,1,4.34,3.41,1.78,4.75,3.6,1.75,5.02,3.43,1.85,2.05,1.69,2.1,1.7,2.16,1.74,2014-04-27
0jgFKFHd,1398575700,7243,Suwon Bluewings,Seoul,0,1,2.12,3.12,3.38,2.0,3.2,4.0,2.12,3.4,3.79,2.24,1.58,2.35,1.57,2.4,1.6,2014-04-27
MafBLe2j,1398574800,7243,Pohang,Incheon,3,0,1.42,4.18,6.78,1.4,4.5,7.5,1.45,4.45,8.55,1.96,1.78,2.0,1.8,2.1,1.79,2014-04-27
ALM3Roj9,1399093200,7243,Suwon Bluewings,Jeonbuk,1,0,2.81,3.08,2.43,3.1,3.2,2.3,3.08,3.27,2.5,2.17,1.64,2.15,1.67,2.19,1.72,2014-05-03
6mGCPPKL,1399100400,7243,Incheon,Seoul,1,0,3.11,3.07,2.26,3.0,3.2,2.4,3.24,3.14,2.49,2.29,1.57,2.5,1.5,2.55,1.53,2014-05-03
GbNaSRz3,1399093200,7243,Seongnam,Pohang,3,1,3.55,3.13,2.04,3.5,3.2,2.15,3.5,3.27,2.28,2.27,1.58,2.4,1.53,2.41,1.59,2014-05-03
lCL7Q55F,1399093200,7243,Ulsan,Jeju,1,1,1.93,3.19,3.84,1.85,3.3,4.5,1.94,3.48,4.39,2.16,1.63,2.1,1.7,2.2,1.71,2014-05-03
2J1rK3rq,1399179600,7243,Jeonnam,Sangmu,4,3,2.09,3.11,3.45,2.1,3.4,3.4,2.27,3.17,3.65,2.35,1.54,2.5,1.5,2.62,1.5,2014-05-04
pvFGOqzS,1399179600,7243,Busan,Gyeongnam,2,2,1.83,3.24,4.26,1.95,3.3,4.0,1.95,3.35,4.57,2.26,1.56,2.4,1.53,2.45,1.57,2014-05-04
boeiIsDe,1399698000,7243,Sangmu,Suwon Bluewings,1,1,3.6,3.22,1.98,3.5,3.3,2.1,3.53,3.42,2.21,2.11,1.66,2.15,1.67,2.2,1.71,2014-05-10
4rrwto52,1399698000,7243,Gyeongnam,Jeju,1,1,2.95,3.05,2.34,3.4,3.1,2.25,3.3,3.39,2.32,2.2,1.61,2.15,1.67,2.27,1.67,2014-05-10
xxfeH1S1,1399705200,7243,Pohang,Jeonnam,3,1,1.66,3.56,4.8,1.62,3.75,5.5,1.66,4.04,5.52,1.82,1.92,1.8,2.0,1.76,2.13,2014-05-10
GM5nJNck,1399698000,7243,Jeonbuk,Incheon,1,1,1.58,3.58,5.64,1.57,3.75,6.0,1.57,4.02,6.79,2.03,1.72,2.08,1.73,2.09,1.8,2014-05-10
rZtsu5K8,1399784400,7243,Ulsan,Busan,3,0,1.92,3.21,3.86,2.05,3.3,3.6,2.12,3.35,3.82,2.22,1.6,2.25,1.62,2.31,1.64,2014-05-11
QcWovPZE,1400396400,7243,Seoul,Seongnam,1,0,2.01,3.18,3.59,2.0,3.2,4.0,2.08,3.33,4.0,2.33,1.54,2.35,1.57,2.53,1.54,2014-05-18
6FjWIE36,1404554400,7243,Jeju,Pohang,0,0,3.14,3.23,2.15,3.25,3.6,2.1,3.49,3.61,2.14,1.88,1.87,1.8,2.0,1.87,2.01,2014-07-05
AmcNKzZg,1404556200,7243,Busan,Jeonbuk,0,2,3.0,3.22,2.23,3.4,3.3,2.15,3.22,3.5,2.31,1.94,1.8,1.95,1.85,1.98,1.9,2014-07-05
xzaFMd4s,1404554400,7243,Jeonnam,Seoul,2,2,2.74,3.09,2.44,3.0,3.2,2.38,3.07,3.35,2.46,2.1,1.67,2.1,1.7,2.18,1.73,2014-07-05
WdbJLGJm,1404554400,7243,Suwon Bluewings,Gyeongnam,0,0,1.72,3.47,4.5,1.73,3.5,5.0,1.75,3.84,5.09,1.96,1.79,1.85,1.95,1.93,1.95,2014-07-05
0xjzIYIC,1404640800,7243,Seongnam,Ulsan,1,1,3.03,2.97,2.34,3.1,3.1,2.38,3.2,3.11,2.52,2.51,1.47,2.7,1.44,2.8,1.43,2014-07-06
SOiSJfl0,1404640800,7243,Incheon,Sangmu,1,2,2.23,3.1,3.11,2.3,3.2,3.1,2.46,3.25,3.15,2.24,1.59,2.4,1.53,2.38,1.61,2014-07-06
vJoQvdQP,1404900000,7243,Sangmu,Busan,2,0,2.46,3.09,2.73,2.7,3.2,2.63,2.75,3.3,2.75,2.16,1.62,2.25,1.62,2.25,1.68,2014-07-09
0SnMuxBJ,1404900000,7243,Jeonnam,Gyeongnam,3,1,1.68,3.59,4.56,1.65,3.8,5.0,1.71,3.91,5.28,1.84,1.89,1.85,1.95,1.92,1.96,2014-07-09
WAwhzGYt,1404901800,7243,Incheon,Seongnam,1,1,2.7,2.92,2.63,2.88,3.0,2.63,2.85,3.09,2.81,2.62,1.44,2.7,1.44,2.79,1.44,2014-07-09
bN8wHhYI,1404900000,7243,Jeonbuk,Jeju,1,1,1.78,3.42,4.23,1.75,3.5,4.75,1.81,3.74,4.76,1.96,1.79,1.9,1.9,2.03,1.85,2014-07-09
hQR0Yg3g,1404901800,7243,Suwon Bluewings,Ulsan,3,2,2.45,3.06,2.79,2.45,3.2,2.9,2.67,3.28,2.86,2.12,1.65,2.15,1.67,2.28,1.66,2014-07-09
A1xdZZmm,1404901800,7243,Pohang,Seoul,0,0,1.71,3.54,4.5,1.7,3.6,5.0,1.8,3.79,4.71,1.83,1.91,1.9,1.9,1.95,1.93,2014-07-09
vsUCVimC,1405161000,7243,Ulsan,Pohang,0,2,2.7,3.13,2.49,2.88,3.3,2.4,3.07,3.35,2.46,2.07,1.7,2.08,1.73,2.21,1.7,2014-07-12
0jV8WXX5,1405159200,7243,Sangmu,Jeonnam,1,2,2.82,3.14,2.38,3.0,3.25,2.38,2.92,3.37,2.56,1.93,1.81,1.95,1.85,1.96,1.92,2014-07-12
6TV4XDIa,1405159200,7243,Seoul,Suwon Bluewings,2,0,2.36,3.08,2.91,2.5,3.0,3.0,2.54,3.22,3.07,2.21,1.61,2.25,1.62,2.42,1.58,2014-07-12
CnYehFfP,1405247400,7243,Busan,Incheon,2,2,2.27,3.1,3.02,2.3,3.1,3.25,2.45,3.16,3.26,2.26,1.57,2.4,1.53,2.39,1.6,2014-07-13
bqpETVHO,1405245600,7243,Seongnam,Jeju,1,2,2.42,3.0,2.88,2.6,3.0,2.9,2.57,3.25,3.01,2.42,1.51,2.35,1.57,2.46,1.56,2014-07-13
KhoAUB2I,1405245600,7243,Gyeongnam,Jeonbuk,1,4,4.05,3.4,1.82,4.2,3.6,1.83,4.31,3.75,1.88,1.94,1.8,1.95,1.85,1.96,1.92,2014-07-13
vcIzoXna,1405764000,7243,Jeju,Seoul,1,1,2.85,3.11,2.37,3.25,3.2,2.25,3.27,3.17,2.42,2.15,1.64,2.15,1.67,2.24,1.69,2014-07-19
WWESngIn,1405764000,7243,Jeonnam,Seongnam,2,0,2.26,3.15,2.99,2.5,3.3,2.75,2.58,3.34,2.92,2.11,1.67,2.1,1.7,2.19,1.72,2014-07-19
l8PNmZ2t,1405764000,7243,Gyeongnam,Ulsan,0,1,3.43,3.27,2.03,3.5,3.4,2.05,3.53,3.51,2.16,2.0,1.75,1.95,1.85,1.99,1.88,2014-07-19
ANDWoDXh,1405764000,7243,Suwon Bluewings,Incheon,3,2,1.73,3.43,4.5,1.8,3.5,4.5,1.85,3.57,4.77,2.03,1.72,2.1,1.7,2.16,1.75,2014-07-19
0C6qqBHB,1405850400,7243,Pohang,Busan,2,0,1.51,3.83,6.07,1.5,3.75,7.5,1.54,4.27,6.82,1.88,1.86,1.85,1.95,1.93,1.95,2014-07-20
ImHvpi25,1405850400,7243,Jeonbuk,Sangmu,6,0,1.49,4.02,5.99,1.55,4.0,5.75,1.62,4.13,5.83,1.66,2.12,1.62,2.25,1.69,2.23,2014-07-20
CnAmrVWH,1406109600,7243,Jeju,Jeonnam,2,0,2.33,3.13,2.87,2.5,3.2,2.88,2.42,3.37,3.12,2.05,1.69,2.05,1.75,2.03,1.85,2014-07-23
699isknO,1406111400,7243,Busan,Suwon Bluewings,0,2,2.92,3.14,2.31,2.9,3.2,2.45,3.05,3.3,2.51,2.07,1.69,2.05,1.75,2.07,1.82,2014-07-23
pzu21hXu,1406111400,7243,Incheon,Pohang,0,0,4.57,3.54,1.7,5.0,3.75,1.67,5.18,3.78,1.75,1.96,1.78,1.95,1.85,1.99,1.89,2014-07-23
ImwAaW1h,1406111400,7243,Ulsan,Jeonbuk,0,0,3.44,3.3,2.0,3.6,3.4,2.05,3.68,3.58,2.09,1.92,1.82,1.95,1.85,1.95,1.93,2014-07-23
p08et91U,1406111400,7243,Seoul,Sangmu,2,1,1.53,3.81,5.75,1.5,4.0,7.0,1.53,4.31,6.86,1.84,1.9,1.8,2.0,1.85,2.03,2014-07-23
OQw60Cnn,1406111400,7243,Seongnam,Gyeongnam,1,0,1.93,3.28,3.71,1.91,3.4,4.0,2.01,3.52,4.02,1.91,1.82,2.0,1.8,1.98,1.9,2014-07-23
WjsEbjHb,1406973600,7243,Incheon,Ulsan,2,0,3.28,3.11,2.14,3.6,3.2,2.1,3.62,3.31,2.21,2.11,1.66,2.25,1.62,2.28,1.66,2014-08-02
h6VMdUoB,1406975400,7243,Busan,Jeju,1,1,3.08,3.11,2.23,3.4,3.2,2.2,3.32,3.28,2.36,2.07,1.68,2.15,1.67,2.24,1.69,2014-08-02
EFWIcAW4,1406973600,7243,Sangmu,Seongnam,1,1,2.61,3.03,2.61,2.75,3.1,2.63,2.78,3.28,2.74,2.12,1.65,2.15,1.67,2.21,1.7,2014-08-02
8dYYgSVT,1407060000,7243,Suwon Bluewings,Pohang,4,1,2.91,3.12,2.33,3.1,3.3,2.3,3.21,3.34,2.39,1.98,1.78,2.1,1.7,2.26,1.68,2014-08-03
nspQel1H,1407060000,7243,Gyeongnam,Seoul,1,1,4.01,3.31,1.85,4.33,3.4,1.85,4.75,3.54,1.86,2.06,1.69,2.2,1.65,2.26,1.68,2014-08-03
QXrUf8GN,1407060000,7243,Jeonbuk,Jeonnam,2,0,1.63,3.64,4.92,1.67,3.8,5.0,1.64,4.15,5.55,1.7,2.06,1.67,2.15,1.75,2.15,2014-08-03
fm7iC9ob,1407319200,7243,Jeonnam,Incheon,1,2,2.36,3.05,2.91,2.4,3.2,3.0,2.65,3.0,3.11,2.13,1.64,2.2,1.65,2.3,1.65,2014-08-06
xCCnDkWi,1407319200,7243,Jeonbuk,Suwon Bluewings,3,2,1.88,3.35,3.8,1.85,3.5,4.2,2.0,3.76,3.77,1.8,1.92,1.8,2.0,1.86,2.03,2014-08-06
bLDrEVGo,1407319200,7243,Jeju,Sangmu,2,3,1.64,3.67,4.8,1.67,3.6,5.25,1.74,3.9,5.03,1.78,1.94,1.8,2.0,1.81,2.08,2014-08-06
S05aAmGA,1407321000,7243,Pohang,Seongnam,1,0,1.55,3.74,5.6,1.57,3.8,6.0,1.62,3.92,6.22,1.93,1.79,2.1,1.7,2.09,1.8,2014-08-06
pIP0knvo,1407321000,7243,Gyeongnam,Busan,1,1,2.27,3.12,3.03,2.15,3.3,3.4,2.28,3.42,3.35,2.09,1.67,2.1,1.7,2.2,1.71,2014-08-06
Yw6eBT04,1407321000,7243,Seoul,Ulsan,0,1,2.03,3.2,3.48,1.91,3.4,4.0,2.07,3.4,3.97,2.04,1.7,2.08,1.73,2.09,1.79,2014-08-06
t0eo4RBR,1407580200,7243,Ulsan,Jeonnam,1,0,1.71,3.42,4.61,1.67,3.6,5.25,1.76,3.8,5.03,1.91,1.81,1.85,1.95,1.95,1.93,2014-08-09
nwds57dL,1407580200,7243,Seongnam,Jeonbuk,0,3,4.15,3.35,1.81,4.5,3.5,1.8,4.16,3.45,2.01,2.02,1.72,2.1,1.7,2.14,1.75,2014-08-09
YZiw6msF,1407578400,7243,Sangmu,Pohang,0,2,4.17,3.41,1.78,4.5,3.5,1.8,4.23,3.64,1.93,1.89,1.83,1.95,1.85,1.93,1.95,2014-08-09
OKbAb5Zl,1407664800,7243,Suwon Bluewings,Jeju,1,0,1.89,3.3,3.81,1.85,3.4,4.2,1.94,3.66,4.15,1.91,1.82,1.9,1.9,1.96,1.92,2014-08-10
r9sDaoKr,1407664800,7243,Incheon,Gyeongnam,2,0,2.01,3.19,3.55,1.91,3.3,4.0,2.12,3.46,3.72,2.06,1.68,2.08,1.73,2.1,1.79,2014-08-10
2BcEcPle,1407666600,7243,Busan,Seoul,0,2,3.5,3.14,2.04,3.75,3.3,2.0,3.71,3.19,2.24,2.22,1.59,2.25,1.62,2.4,1.6,2014-08-10
KYMXiu0q,1408183200,7243,Jeju,Ulsan,1,0,2.62,3.07,2.59,3.0,3.2,2.4,2.97,3.28,2.58,2.08,1.67,2.1,1.7,2.17,1.74,2014-08-16
vy9397VG,1408183200,7243,Seoul,Incheon,5,1,1.94,3.2,3.8,1.91,3.4,4.0,2.01,3.37,4.18,2.16,1.62,2.1,1.7,2.23,1.69,2014-08-16
bPLyiaFk,1408183200,7243,Pohang,Jeonbuk,0,2,2.53,3.15,2.61,2.63,3.3,2.6,2.73,3.45,2.67,1.95,1.78,2.0,1.8,2.03,1.85,2014-08-16
dYdIdq41,1408269600,7243,Jeonnam,Suwon Bluewings,3,1,3.25,3.22,2.12,3.5,3.4,2.05,3.64,3.46,2.15,1.98,1.75,2.05,1.75,2.03,1.86,2014-08-17
SbQujJUe,1408269600,7243,Sangmu,Gyeongnam,1,3,2.21,3.22,3.04,2.4,3.3,2.9,2.5,3.38,2.98,1.94,1.79,1.95,1.85,1.94,1.94,2014-08-17
6kPqkwp2,1408271400,7243,Seongnam,Busan,2,4,1.93,3.24,3.81,1.85,3.5,4.33,1.95,3.44,4.4,2.21,1.59,2.2,1.65,2.28,1.66,2014-08-17
8f3SDMM2,1408788000,7243,Gyeongnam,Pohang,0,0,3.39,3.2,2.1,2.9,3.2,2.45,3.44,3.24,2.32,1.99,1.75,2.05,1.75,2.04,1.84,2014-08-23
GK6zC0iF,1408789800,7243,Ulsan,Sangmu,3,0,1.57,3.76,5.38,1.62,3.75,5.75,1.6,4.09,6.31,1.79,1.94,1.75,2.05,1.78,2.12,2014-08-23
Mc7WCtx9,1408788000,7243,Jeonbuk,Seoul,1,2,1.59,3.65,5.38,1.57,3.8,6.0,1.63,4.02,6.06,1.96,1.76,1.95,1.85,1.96,1.92,2014-08-23
fB5vBK6L,1408874400,7243,Incheon,Jeju,0,0,2.38,3.09,2.86,2.25,3.1,3.4,2.38,3.26,3.31,2.21,1.59,2.25,1.62,2.27,1.67,2014-08-24
zNMyAvMR,1408874400,7243,Suwon Bluewings,Seongnam,1,1,1.72,3.42,4.65,1.7,3.6,5.0,1.72,3.84,5.35,1.98,1.74,2.05,1.75,2.1,1.78,2014-08-24
xW835bUr,1408876200,7243,Busan,Jeonnam,0,1,2.5,3.14,2.67,2.6,3.25,2.7,2.75,3.32,2.75,1.99,1.74,2.05,1.75,2.09,1.79,2014-08-24
pdCB3xae,1409392800,7243,Incheon,Busan,3,0,2.2,3.1,3.14,2.25,3.2,3.2,2.25,3.32,3.47,2.13,1.64,2.3,1.6,2.32,1.64,2014-08-30
SK1G2dE1,1409392800,7243,Sangmu,Seongnam,1,1,2.83,3.09,2.39,3.1,3.25,2.3,3.04,3.24,2.5,2.08,1.67,2.15,1.67,2.18,1.73,2014-08-30
Wh874Iqk,1409392800,7243,Gyeongnam,Suwon Bluewings,0,1,3.03,3.17,2.22,3.0,3.2,2.25,3.49,3.38,2.21,2.02,1.73,2.05,1.75,2.1,1.79,2014-08-30
6B0K1GT7,1409472000,7243,Ulsan,Pohang,1,2,2.54,3.01,2.69,2.5,3.2,2.8,2.74,3.15,2.87,2.21,1.59,2.4,1.53,2.54,1.53,2014-08-31
fRg2Qa68,1409475600,7243,Seoul,Jeju,0,0,1.97,3.2,3.69,1.95,3.3,4.0,2.0,3.47,4.14,2.15,1.62,2.2,1.65,2.26,1.68,2014-08-31
YHh6PJLE,1409479200,7243,Jeonnam,Jeonbuk,2,1,3.72,3.39,1.89,4.0,3.6,1.85,3.83,3.68,2.01,1.82,1.91,1.8,2.0,1.87,2.01,2014-08-31
W6mtJHbr,1409740200,7243,Suwon Bluewings,Busan,1,1,1.56,3.69,5.7,1.57,3.6,6.5,1.66,3.88,5.93,2.04,1.71,2.08,1.73,2.09,1.8,2014-09-03
AcnpIyEl,1409986800,7243,Jeonbuk,Sangmu,2,0,1.31,4.84,8.45,1.29,5.25,10.0,1.32,5.71,10.58,1.58,2.25,1.57,2.35,1.52,2.55,2014-09-06
GtrBOwyL,1409997600,7243,Jeju,Jeonnam,6,2,2.05,3.16,3.48,2.1,3.4,3.4,2.18,3.36,3.67,2.15,1.63,2.3,1.6,2.32,1.64,2014-09-06
ER0ENcjR,1409990400,7243,Seongnam,Incheon,2,0,2.63,3.09,2.58,2.8,3.25,2.5,2.97,3.25,2.59,2.19,1.62,2.35,1.57,2.33,1.63,2014-09-06
SYtkHeTf,1410076800,7243,Ulsan,Gyeongnam,2,1,1.57,3.66,5.56,1.65,3.75,5.25,1.71,3.74,5.61,1.98,1.76,2.15,1.67,2.14,1.75,2014-09-07
6PugGFr1,1410084000,7243,Pohang,Seoul,0,1,2.15,3.13,3.26,2.2,3.3,3.3,2.28,3.31,3.47,2.22,1.6,2.35,1.57,2.37,1.61,2014-09-07
GfNqwwjE,1410343200,7243,Sangmu,Jeju,1,2,3.36,3.25,2.06,3.5,3.6,2.0,3.81,3.55,2.06,1.99,1.75,2.08,1.73,2.13,1.76,2014-09-10
Ekq1EgDD,1410343200,7243,Jeonnam,Pohang,0,1,3.68,3.36,1.97,3.8,3.6,1.91,4.22,3.65,1.93,1.86,1.89,2.0,1.8,2.02,1.86,2014-09-10
4K7JWzTs,1410345000,7243,Suwon Bluewings,Ulsan,2,0,2.06,3.2,3.42,2.0,3.3,3.8,2.06,3.42,3.92,2.1,1.68,2.1,1.7,2.18,1.73,2014-09-10
2BLiyHKQ,1410345000,7243,Seongnam,Seoul,1,2,3.2,3.04,2.23,3.4,3.0,2.3,3.42,3.24,2.31,2.26,1.57,2.25,1.62,2.3,1.65,2014-09-10
foMmxc5K,1410345000,7243,Busan,Jeonbuk,1,1,5.41,3.77,1.57,5.75,4.0,1.57,6.15,4.2,1.59,1.89,1.85,1.9,1.9,1.87,2.01,2014-09-10
0nucFZc7,1410345000,7243,Gyeongnam,Incheon,0,0,2.56,3.05,2.68,2.63,3.25,2.63,2.8,3.36,2.67,2.16,1.63,2.15,1.67,2.21,1.7,2014-09-10
f90WTYC0,1410602400,7243,Pohang,Seongnam,1,0,1.61,3.64,5.22,1.65,3.6,5.5,1.7,3.81,5.54,2.02,1.72,2.0,1.8,2.11,1.78,2014-09-13
YaazThS6,1410604200,7243,Busan,Ulsan,1,3,2.76,3.04,2.49,2.8,3.1,2.6,3.0,3.2,2.6,2.15,1.63,2.25,1.62,2.28,1.66,2014-09-13
nqcOVfrl,1410602400,7243,Seoul,Incheon,3,1,1.97,3.23,3.68,2.0,3.2,4.0,2.11,3.33,3.89,2.1,1.67,2.2,1.65,2.25,1.68,2014-09-13
jyfuSCsD,1410681600,7243,Jeju,Suwon Bluewings,0,0,2.34,3.12,2.9,2.4,3.3,2.9,2.53,3.37,2.96,2.14,1.65,2.1,1.7,2.19,1.72,2014-09-14
URhqRWdJ,1410688800,7243,Sangmu,Jeonnam,1,0,3.25,3.21,2.12,3.1,3.5,2.2,3.36,3.49,2.24,1.94,1.8,1.85,1.95,1.94,1.94,2014-09-14
0n1SUEcf,1410671700,7243,Jeonbuk,Gyeongnam,1,0,1.29,5.11,8.6,1.33,5.0,8.5,1.32,5.75,10.45,1.63,2.17,1.6,2.3,1.56,2.48,2014-09-14
rVtRkGZJ,1411189200,7243,Jeonbuk,Seoul,0,0,1.91,3.35,3.8,2.0,3.4,3.75,2.03,3.47,4.01,2.05,1.72,2.15,1.67,2.24,1.68,2014-09-20
0nNcpfcs,1411196400,7243,Suwon Bluewings,Pohang,2,1,2.48,3.06,2.76,2.5,3.25,2.8,2.57,3.15,3.09,2.11,1.67,2.25,1.62,2.32,1.64,2014-09-20
n3P9shs0,1411196400,7243,Gyeongnam,Sangmu,1,0,2.2,3.1,3.2,2.25,3.25,3.25,2.25,3.18,3.69,2.11,1.67,2.25,1.62,2.27,1.67,2014-09-20
f5pVlzkQ,1411189200,7243,Ulsan,Incheon,1,1,1.84,3.36,4.05,1.95,3.5,3.8,1.95,3.52,4.28,2.09,1.68,2.15,1.67,2.21,1.7,2014-09-20
vwM1qECm,1411275600,7243,Jeonnam,Busan,2,1,2.04,3.22,3.49,2.0,3.4,3.75,2.05,3.46,3.95,2.02,1.74,2.05,1.75,2.14,1.75,2014-09-21
8CQ5rYRg,1411275600,7243,Seongnam,Jeju,1,1,3.0,3.03,2.35,3.25,3.1,2.3,3.36,3.16,2.4,2.27,1.58,2.5,1.5,2.55,1.53,2014-09-21
tvnSUZEi,1411554600,7243,Seoul,Gyeongnam,1,1,1.57,3.7,5.51,1.6,4.0,5.5,1.65,3.7,6.39,2.04,1.71,2.15,1.67,2.2,1.71,2014-09-24
xhIMvjRI,1411801200,7243,Sangmu,Suwon Bluewings,0,1,4.08,3.31,1.84,4.2,3.5,1.85,4.57,3.57,1.88,1.99,1.75,2.05,1.75,2.08,1.81,2014-09-27
rVIIuWBC,1411794000,7243,Jeju,Incheon,0,2,1.92,3.24,3.85,1.91,3.4,4.0,1.98,3.28,4.56,2.21,1.6,2.6,1.48,2.71,1.47,2014-09-27
UREEtCd6,1411794000,7243,Busan,Seongnam,1,0,2.32,3.05,3.02,2.25,3.25,3.2,2.43,2.95,3.56,2.22,1.59,2.5,1.5,2.72,1.46,2014-09-27
2mmOVFao,1411880400,7243,Pohang,Jeonbuk,2,2,2.41,3.04,2.88,2.38,3.25,3.0,2.48,3.16,3.25,2.24,1.59,2.4,1.53,2.53,1.54,2014-09-28
EHujNNeo,1411880400,7243,Jeonnam,Ulsan,1,1,2.74,2.98,2.55,2.75,3.2,2.6,2.96,3.08,2.72,2.27,1.57,2.35,1.57,2.48,1.55,2014-09-28
WSvuSXbA,1412159400,7243,Busan,Sangmu,1,1,1.99,3.29,3.55,1.91,3.4,4.0,2.01,3.5,4.06,1.9,1.84,1.9,1.9,1.93,1.95,2014-10-01
z1oWTgUc,1412157600,7243,Gyeongnam,Pohang,2,1,3.78,3.2,1.98,3.3,3.4,2.15,3.73,3.24,2.21,2.34,1.54,2.6,1.48,2.62,1.5,2014-10-01
vgrmQBTM,1412159400,7243,Suwon Bluewings,Incheon,1,1,1.57,3.65,5.67,1.53,3.8,6.5,1.59,4.0,6.6,2.03,1.72,2.05,1.75,2.12,1.77,2014-10-01
AJwqRiEG,1412159400,7243,Seongnam,Jeonnam,1,0,2.3,3.07,3.03,2.3,3.25,3.1,2.45,3.07,3.37,2.25,1.57,2.25,1.62,2.45,1.57,2014-10-01
l4kzTDq4,1412157600,7243,Jeonbuk,Jeju,2,0,1.59,3.65,5.45,1.57,3.8,6.0,1.62,3.96,6.06,2.05,1.7,2.05,1.75,2.09,1.79,2014-10-01
OQJJKkip,1412398800,7243,Jeju,Ulsan,1,0,2.37,3.06,2.93,2.5,3.1,2.9,2.66,3.23,2.9,2.16,1.63,2.35,1.57,2.33,1.63,2014-10-04
z1NNJ96j,1412398800,7243,Jeonnam,Gyeongnam,0,0,2.08,3.16,3.44,2.2,3.2,3.4,2.23,3.23,3.68,2.13,1.65,2.25,1.62,2.28,1.66,2014-10-04
l4B5rgqi,1412406000,7243,Seongnam,Jeonbuk,0,1,4.08,3.29,1.85,4.5,3.5,1.8,4.95,3.55,1.83,2.17,1.63,2.3,1.6,2.36,1.61,2014-10-04
OM3IuiT9,1412492400,7243,Incheon,Sangmu,1,0,1.84,3.33,4.08,1.75,3.75,4.33,1.89,3.53,4.61,2.13,1.65,2.35,1.57,2.35,1.63,2014-10-05
pW4EtXD3,1412485200,7243,Pohang,Busan,0,0,1.64,3.61,4.97,1.62,3.8,5.5,1.64,3.92,6.05,1.97,1.77,1.95,1.85,2.04,1.84,2014-10-05
SfA9sDbc,1412485200,7243,Seoul,Suwon Bluewings,0,1,2.21,3.09,3.19,2.25,3.1,3.4,2.24,3.12,3.77,2.27,1.57,2.4,1.53,2.47,1.56,2014-10-05
IqsiPVrT,1412830800,7243,Ulsan,Seoul,0,3,2.22,3.04,3.22,2.3,3.0,3.4,2.46,3.04,3.42,2.46,1.49,2.7,1.44,2.78,1.44,2014-10-09
Wn7QwVcM,1413003600,7243,Suwon Bluewings,Jeonnam,2,1,1.66,3.42,5.14,1.67,3.6,5.5,1.67,3.64,6.36,2.17,1.63,2.25,1.62,2.38,1.61,2014-10-11
Iq3MvBrG,1413003600,7243,Pohang,Incheon,1,2,2.33,3.0,3.08,2.5,3.1,2.9,2.66,3.06,3.05,2.33,1.55,2.6,1.48,2.72,1.46,2014-10-11
EBdVxkDS,1413010800,7243,Gyeongnam,Seongnam,0,2,2.55,2.93,2.81,2.7,3.1,2.7,2.94,2.83,2.97,2.6,1.44,3.1,1.36,2.99,1.37,2014-10-11
2ys5Wnjd,1413097200,7243,Sangmu,Seoul,1,0,4.11,3.32,1.84,4.5,3.5,1.8,4.49,3.53,1.91,2.13,1.65,2.15,1.67,2.22,1.7,2014-10-12
GKrcY8Lq,1413090000,7243,Busan,Jeju,2,1,2.9,2.97,2.45,3.0,3.0,2.5,3.07,3.11,2.62,2.3,1.56,2.7,1.44,2.65,1.49,2014-10-12
Opr1XSzj,1413090000,7243,Jeonbuk,Ulsan,1,0,1.68,3.48,4.94,1.62,3.75,5.5,1.65,3.82,6.16,2.13,1.65,2.1,1.7,2.24,1.69,2014-10-12
4tLmeWSd,1413608400,7243,Incheon,Jeonbuk,0,2,3.33,3.08,2.17,3.5,3.1,2.2,3.53,3.28,2.28,2.28,1.57,2.35,1.57,2.32,1.64,2014-10-18
IqPifjr3,1413608400,7243,Jeonnam,Seoul,1,2,2.99,3.06,2.34,3.0,3.2,2.38,3.24,3.18,2.46,2.3,1.56,2.4,1.53,2.49,1.55,2014-10-18
C6OegAc9,1413615600,7243,Jeju,Pohang,3,0,2.79,2.99,2.52,2.88,3.0,2.6,2.82,3.16,2.79,2.31,1.55,2.3,1.6,2.39,1.6,2014-10-18
jcNahUCF,1413694800,7243,Busan,Gyeongnam,4,0,2.16,3.08,3.34,2.2,3.2,3.4,2.36,3.09,3.53,2.37,1.52,2.4,1.53,2.56,1.52,2014-10-19
nPG8j8sS,1413702000,7243,Ulsan,Sangmu,2,1,1.65,3.55,5.01,1.62,4.0,5.0,1.71,3.86,5.38,2.09,1.68,2.15,1.67,2.26,1.68,2014-10-19
8YH4ilSL,1413694800,7243,Suwon Bluewings,Seongnam,2,2,1.6,3.56,5.46,1.62,3.6,6.0,1.65,3.78,6.23,2.18,1.62,2.25,1.62,2.3,1.65,2014-10-19
CK3U79C2,1414299600,7243,Pohang,Sangmu,3,0,1.49,3.86,6.35,1.5,3.8,7.5,1.51,4.29,7.1,1.9,1.85,1.95,1.85,2.0,1.88,2014-10-26
2kMwon5k,1414299600,7243,Gyeongnam,Jeju,1,0,2.81,3.07,2.45,3.0,3.2,2.4,3.04,3.17,2.55,2.28,1.56,2.35,1.57,2.43,1.58,2014-10-26
O4AnqQZ1,1414299600,7243,Jeonbuk,Suwon Bluewings,1,0,1.97,3.25,3.67,2.05,3.4,3.6,2.02,3.45,4.01,2.07,1.7,2.1,1.7,2.21,1.71,2014-10-26
jB2Y6TR8,1414299600,7243,Seongnam,Ulsan,3,4,2.54,3.11,2.68,2.6,3.1,2.8,2.7,3.17,2.91,2.24,1.59,2.5,1.5,2.52,1.54,2014-10-26
pEBrp6Ke,1414299600,7243,Incheon,Jeonnam,3,3,2.58,3.05,2.69,2.6,3.2,2.7,2.86,3.21,2.71,2.37,1.53,2.4,1.53,2.59,1.51,2014-10-26
443znSkq,1414299600,7243,Seoul,Busan,1,1,1.71,3.48,4.69,1.67,3.6,5.5,1.68,3.74,5.84,2.15,1.64,2.25,1.62,2.27,1.67,2014-10-26
QkM2by6B,1414818000,7243,Pohang,Jeju,1,1,1.93,3.28,3.78,1.95,3.3,4.0,1.94,3.55,4.25,2.09,1.69,2.15,1.67,2.15,1.75,2014-11-01
Ozu6ceLH,1414825200,7243,Ulsan,Suwon Bluewings,0,3,2.53,3.04,2.74,2.5,3.1,2.9,2.65,3.32,2.85,2.23,1.59,2.2,1.65,2.28,1.66,2014-11-01
rPivum5j,1414818000,7243,Jeonnam,Seongnam,1,1,2.74,3.06,2.54,3.0,3.2,2.4,3.08,3.28,2.49,2.25,1.57,2.35,1.57,2.4,1.6,2014-11-01
4YhztTkp,1414904400,7243,Seoul,Jeonbuk,0,1,2.74,3.01,2.55,2.9,3.1,2.5,2.94,3.17,2.67,2.29,1.57,2.4,1.53,2.6,1.51,2014-11-02
WvoM3Wsi,1414904400,7243,Sangmu,Busan,2,3,2.64,3.06,2.61,2.9,3.1,2.5,2.84,3.36,2.63,2.16,1.63,2.15,1.67,2.18,1.73,2014-11-02
AVqQ2jcc,1414911600,7243,Incheon,Gyeongnam,1,1,2.19,3.06,3.28,2.2,3.0,3.6,2.25,3.32,3.53,2.35,1.53,2.4,1.53,2.41,1.59,2014-11-02
numIK6G2,1415430000,7243,Jeju,Jeonbuk,0,3,3.05,3.09,2.29,3.4,3.1,2.25,3.55,3.17,2.31,2.35,1.53,2.5,1.5,2.69,1.47,2014-11-08
hbsyEeam,1415422800,7243,Sangmu,Seongnam,1,1,2.97,3.06,2.34,3.1,3.1,2.38,3.18,3.27,2.44,2.22,1.59,2.25,1.62,2.27,1.67,2014-11-08
E7rXEyps,1415422800,7243,Busan,Incheon,1,0,2.3,3.07,3.04,2.4,3.1,3.1,2.46,3.1,3.32,2.34,1.54,2.7,1.44,2.71,1.47,2014-11-08
r7tRIpoF,1415516400,7243,Pohang,Ulsan,2,2,1.92,3.3,3.81,1.85,3.5,4.2,1.92,3.53,4.44,2.11,1.66,2.1,1.7,2.19,1.72,2014-11-09
Y9bYCFEg,1415509200,7243,Gyeongnam,Jeonnam,3,1,2.28,3.09,3.04,2.3,3.1,3.2,2.35,3.3,3.32,2.24,1.58,2.25,1.62,2.3,1.65,2014-11-09
QVoMJQV8,1415509200,7243,Suwon Bluewings,Seoul,0,1,2.33,3.06,3.01,2.4,3.1,3.1,2.42,3.21,3.28,2.43,1.5,2.35,1.57,2.46,1.56,2014-11-09
KW3f1IFs,1416029400,7243,Jeonbuk,Pohang,1,0,2.32,3.11,2.97,2.3,3.2,3.1,2.32,3.38,3.27,2.06,1.7,2.05,1.75,2.06,1.82,2014-11-15
C0cxCZTa,1416027600,7243,Incheon,Sangmu,1,1,1.98,3.19,3.66,2.0,3.3,3.8,2.06,3.52,3.75,2.14,1.64,2.1,1.7,2.14,1.75,2014-11-15
6NdtBgq6,1416027600,7243,Busan,Jeonnam,1,1,2.21,3.13,3.15,2.15,3.3,3.4,2.25,3.38,3.38,2.09,1.67,2.05,1.75,2.1,1.79,2014-11-15
CvM1adpf,1416121200,7243,Jeju,Suwon Bluewings,0,1,2.84,3.05,2.44,3.1,3.1,2.4,3.13,3.35,2.42,2.19,1.61,2.25,1.62,2.24,1.68,2014-11-16
KQ0pADbC,1416114000,7243,Seongnam,Gyeongnam,1,1,2.09,3.13,3.45,2.0,3.2,4.0,2.03,3.48,3.99,2.33,1.54,2.5,1.5,2.54,1.53,2014-11-16
Eg3b0xVm,1416114000,7243,Seoul,Ulsan,2,2,1.9,3.22,3.97,1.95,3.3,4.0,2.04,3.51,3.93,2.24,1.58,2.35,1.57,2.33,1.63,2014-11-16
ttkg8iTO,1416632400,7243,Jeonnam,Sangmu,3,1,2.12,3.18,3.25,2.2,3.25,3.3,2.24,3.37,3.47,2.01,1.74,2.05,1.75,2.2,1.7,2014-11-22
2kjk9XDI,1416632400,7243,Gyeongnam,Busan,0,1,2.27,3.11,3.02,2.3,3.2,3.1,2.37,3.25,3.31,2.1,1.66,2.25,1.62,2.3,1.65,2014-11-22
YgAAczF6,1416643200,7243,Ulsan,Jeju,0,1,2.14,3.2,3.23,2.1,3.25,3.5,2.23,3.41,3.49,2.02,1.73,2.1,1.7,2.14,1.75,2014-11-22
f3B6bGa0,1416639600,7243,Suwon Bluewings,Jeonbuk,1,2,2.7,3.06,2.54,2.88,3.2,2.5,2.87,3.22,2.68,2.16,1.64,2.35,1.57,2.39,1.6,2014-11-22
2TEEdfUC,1416997800,7243,Seoul,Pohang,0,0,2.32,3.04,3.04,2.3,3.1,3.25,2.48,3.2,3.18,2.34,1.54,2.4,1.53,2.6,1.51,2014-11-26
UeryXz6P,1416997800,7243,Incheon,Seongnam,0,1,2.5,3.02,2.76,2.6,3.1,2.8,2.63,3.11,3.06,2.35,1.52,2.4,1.53,2.59,1.51,2014-11-26
ETJ7RETn,1417237200,7243,Seongnam,Busan,1,0,1.73,3.36,4.66,1.7,3.5,5.25,1.69,3.82,5.68,2.18,1.62,2.3,1.6,2.4,1.6,2014-11-29
Q3NBQYrg,1417237200,7243,Jeonnam,Incheon,0,0,2.25,3.11,3.06,2.3,3.2,3.2,2.37,3.33,3.25,2.07,1.7,2.15,1.67,2.22,1.7,2014-11-29
W4U2SfEt,1417237200,7243,Sangmu,Gyeongnam,3,1,3.66,3.27,1.96,4.0,3.5,1.91,4.25,3.53,1.95,2.13,1.65,2.25,1.62,2.19,1.72,2014-11-29
tKDIeEqJ,1417323600,7243,Jeonbuk,Ulsan,1,1,1.59,3.63,5.42,1.57,3.8,6.0,1.58,3.94,6.9,1.99,1.75,2.05,1.75,2.13,1.77,2014-11-30
dSe5JHyQ,1417323600,7243,Pohang,Suwon Bluewings,1,2,2.05,3.23,3.45,2.2,3.2,3.4,2.24,3.36,3.44,2.02,1.74,2.2,1.65,2.28,1.66,2014-11-30
rPi1KcMJ,1417323600,7243,Jeju,Seoul,1,2,3.37,3.1,2.15,4.0,3.2,2.0,4.17,3.25,2.06,2.3,1.56,2.4,1.53,2.59,1.51,2014-11-30
WOxzUbOF,1417600800,7243,Gwangju FC,Gyeongnam,3,1,2.55,3.0,2.74,,,,2.54,3.09,3.1,2.63,1.44,,,2.85,1.38,2014-12-03
l0XvTIwM,1417842000,7243,Gyeongnam,Gwangju FC,1,1,2.23,3.19,3.01,2.3,3.1,3.25,2.37,3.31,3.26,2.22,1.6,2.35,1.57,2.46,1.56,2014-12-06
SdD8xFRG,1425708000,7248,Jeonbuk,Seongnam,2,0,1.62,3.48,5.48,1.62,3.75,5.5,1.67,3.61,6.47,2.25,1.58,2.35,1.57,2.35,1.62,2015-03-07
l6E4weCA,1425704400,7248,Incheon,Gwangju FC,2,2,2.33,3.11,2.97,2.38,3.25,3.0,2.51,3.21,3.12,2.28,1.56,2.3,1.6,2.4,1.6,2015-03-07
MXRByZtN,1425711600,7248,Busan,Daejeon,1,0,2.04,3.21,3.47,2.0,3.5,3.6,2.15,3.33,3.79,2.21,1.59,2.35,1.57,2.32,1.64,2015-03-07
0OQFzgdT,1425790800,7248,Jeonnam,Jeju,1,1,2.35,3.08,2.95,2.4,3.2,3.0,2.48,3.2,3.19,2.23,1.59,2.3,1.6,2.34,1.63,2015-03-08
653rWC4p,1425790800,7248,Suwon Bluewings,Pohang,0,1,2.27,3.12,3.05,2.25,3.2,3.25,2.35,3.24,3.38,2.21,1.59,2.25,1.62,2.34,1.62,2015-03-08
K87nVWJj,1425798000,7248,Ulsan,Seoul,2,0,2.61,2.98,2.69,2.5,3.3,2.75,2.72,3.03,3.01,2.42,1.5,2.7,1.44,2.82,1.43,2015-03-08
C2fYhzCc,1426309200,7248,Suwon Bluewings,Incheon,2,1,1.67,3.45,5.03,1.62,3.5,6.25,1.75,3.66,5.25,2.22,1.6,2.25,1.62,2.29,1.65,2015-03-14
UwkwhfR3,1426316400,7248,Seongnam,Jeonnam,0,0,2.28,3.03,3.13,2.3,3.1,3.3,2.48,3.13,3.26,2.42,1.51,2.5,1.5,2.64,1.49,2015-03-14
YBeUgGdi,1426309200,7248,Seoul,Jeonbuk,1,2,3.12,3.01,2.3,3.25,3.0,2.38,3.39,3.08,2.44,2.53,1.47,2.7,1.44,2.73,1.46,2015-03-14
ERjkkhBM,1426402800,7248,Jeju,Busan,0,0,2.2,3.11,3.19,2.25,3.2,3.25,2.22,3.31,3.59,2.29,1.56,2.35,1.57,2.41,1.59,2015-03-15
8UmsiEtA,1426395600,7248,Daejeon,Gwangju FC,0,2,2.61,3.04,2.65,2.75,3.0,2.75,2.85,3.19,2.74,2.31,1.55,2.4,1.53,2.41,1.59,2015-03-15
2imojYeG,1426396500,7248,Pohang,Ulsan,2,4,2.2,3.09,3.23,2.2,3.2,3.4,2.4,3.23,3.29,2.34,1.53,2.35,1.57,2.48,1.56,2015-03-15
djtflCQS,1426914000,7248,Busan,Gwangju FC,2,3,2.38,3.03,2.94,2.5,3.1,2.9,2.64,3.13,3.0,2.48,1.48,2.88,1.4,2.9,1.41,2015-03-21
baSLqWYq,1426914000,7248,Ulsan,Jeonnam,0,0,1.72,3.39,4.73,1.8,3.4,4.75,1.83,3.57,4.91,2.11,1.67,2.2,1.65,2.3,1.65,2015-03-21
SYWPrjlj,1426921200,7248,Jeju,Daejeon,5,0,1.69,3.48,4.81,1.67,3.6,5.25,1.65,3.76,6.33,2.22,1.59,2.25,1.62,2.4,1.6,2015-03-21
MXDG5De3,1427007600,7248,Incheon,Jeonbuk,0,0,4.68,3.4,1.72,5.0,3.6,1.7,5.71,3.56,1.74,2.23,1.58,2.3,1.6,2.3,1.65,2015-03-22
8U9C6gtc,1427000400,7248,Seongnam,Suwon Bluewings,1,3,2.66,3.02,2.61,2.9,3.1,2.5,3.06,3.22,2.54,2.39,1.51,2.5,1.5,2.66,1.48,2015-03-22
6PVTsA3d,1427000400,7248,Pohang,Seoul,2,1,2.26,2.99,3.21,2.4,3.2,3.0,2.44,3.05,3.42,2.51,1.48,2.7,1.44,2.89,1.41,2015-03-22
EmSP1VfS,1428130800,7248,Daejeon,Seongnam,1,4,4.02,3.2,1.89,4.2,3.3,1.91,4.47,3.37,1.96,2.38,1.51,2.5,1.5,2.62,1.5,2015-04-04
foCO3iQF,1428123600,7248,Jeonbuk,Pohang,1,0,1.84,3.32,4.08,1.91,3.3,4.2,1.86,3.54,4.73,2.25,1.58,2.15,1.67,2.28,1.67,2015-04-04
GfDK4XA9,1428123600,7248,Seoul,Jeju,1,0,2.02,3.12,3.65,2.05,3.2,3.8,2.07,3.33,4.03,2.4,1.51,2.35,1.57,2.45,1.57,2015-04-04
zcTL2BuM,1428123600,7248,Suwon Bluewings,Busan,2,1,1.72,3.43,4.44,1.8,3.5,4.5,1.88,3.52,4.62,2.15,1.63,2.2,1.65,2.27,1.67,2015-04-04
pWIed9Ik,1428217200,7248,Jeonnam,Incheon,1,0,2.04,3.1,3.6,2.05,3.1,4.0,2.13,3.24,3.95,2.35,1.53,2.4,1.53,2.53,1.53,2015-04-05
WSEick3q,1428210000,7248,Ulsan,Gwangju FC,2,0,1.88,3.23,4.12,1.83,3.4,4.5,1.89,3.37,4.88,2.3,1.55,2.3,1.6,2.37,1.61,2015-04-05
f10nJWP2,1428735600,7248,Jeju,Pohang,1,0,2.57,3.01,2.71,2.63,3.0,2.88,2.74,3.13,2.89,2.31,1.55,2.4,1.53,2.54,1.53,2015-04-11
Sf80eTXe,1428728400,7248,Daejeon,Ulsan,1,1,7.91,4.23,1.38,7.5,4.5,1.4,8.19,4.23,1.49,1.87,1.86,1.95,1.85,2.0,1.88,2015-04-11
6o74fmm2,1428728400,7248,Seongnam,Busan,1,0,2.05,3.13,3.57,2.05,3.2,3.8,2.09,3.2,4.17,2.35,1.54,2.5,1.5,2.62,1.5,2015-04-11
CzWNarPs,1428822000,7248,Gwangju FC,Jeonbuk,2,3,5.32,3.57,1.62,6.5,3.4,1.62,6.98,3.84,1.6,2.11,1.66,2.1,1.7,2.22,1.69,2015-04-12
GGleHAfF,1428814800,7248,Jeonnam,Suwon Bluewings,1,1,2.86,3.07,2.41,2.9,3.0,2.6,3.06,3.15,2.59,2.31,1.55,2.4,1.53,2.56,1.52,2015-04-12
YiajIju9,1428814800,7248,Incheon,Seoul,1,1,3.27,3.11,2.16,3.5,3.1,2.2,3.73,3.25,2.2,2.28,1.56,2.35,1.57,2.45,1.57,2015-04-12
6cVRb2vl,1429092000,7248,Busan,Jeonbuk,1,2,5.58,3.58,1.59,5.75,3.8,1.6,6.5,3.82,1.63,2.16,1.63,2.15,1.67,2.18,1.72,2015-04-15
ltRnfvgJ,1429093800,7248,Jeju,Gwangju FC,2,1,1.95,3.28,3.69,1.91,3.4,4.0,1.97,3.5,4.21,2.04,1.72,2.08,1.73,2.13,1.77,2015-04-15
2POzct90,1429093800,7248,Pohang,Jeonnam,4,1,1.64,3.5,5.18,1.67,3.6,5.25,1.74,3.47,6.02,2.21,1.6,2.25,1.62,2.36,1.61,2015-04-15
plUVcMgf,1429093800,7248,Seoul,Daejeon,1,0,1.24,5.21,11.14,1.25,5.25,13.0,1.26,5.92,14.7,1.8,1.93,1.8,2.0,1.85,2.03,2015-04-15
zwNreKwD,1429093800,7248,Ulsan,Suwon Bluewings,1,1,2.45,3.1,2.8,2.55,3.25,2.75,2.77,3.1,2.9,2.19,1.61,2.15,1.67,2.2,1.71,2015-04-15
tGNvd0O6,1429093800,7248,Seongnam,Incheon,0,0,2.01,3.12,3.71,2.05,3.3,3.6,2.1,3.16,4.19,2.47,1.48,2.6,1.48,2.74,1.45,2015-04-15
Uy4ZHsoQ,1429336800,7248,Suwon Bluewings,Seoul,5,1,2.12,3.1,3.41,2.1,3.1,3.8,2.18,3.27,3.76,2.43,1.5,2.5,1.5,2.59,1.51,2015-04-18
jo5VINVJ,1429333200,7248,Jeonbuk,Jeju,1,0,1.58,3.61,5.7,1.62,3.6,6.0,1.62,3.78,6.79,2.13,1.65,2.15,1.67,2.19,1.72,2015-04-18
0Kj1D1gs,1429340400,7248,Gwangju FC,Seongnam,0,0,2.89,3.12,2.37,3.0,3.2,2.4,3.09,3.31,2.46,2.17,1.62,2.2,1.65,2.23,1.69,2015-04-18
vBk5CL8m,1429419600,7248,Incheon,Ulsan,1,1,3.46,3.03,2.14,3.5,3.2,2.15,3.35,3.1,2.44,2.44,1.5,2.6,1.48,2.66,1.48,2015-04-19
MZvABuOg,1429426800,7248,Busan,Jeonnam,0,2,2.4,3.01,2.94,2.4,3.2,3.0,2.56,3.13,3.14,2.38,1.51,2.4,1.53,2.51,1.54,2015-04-19
zwqEAaw0,1429426800,7248,Daejeon,Pohang,0,2,7.35,4.05,1.42,7.5,4.5,1.4,9.69,4.33,1.44,1.98,1.76,2.05,1.75,2.08,1.8,2015-04-19
UarI9Jh6,1429941600,7248,Incheon,Pohang,1,1,3.1,2.99,2.32,3.0,3.2,2.4,3.17,3.15,2.51,2.42,1.5,2.6,1.48,2.63,1.52,2015-04-25
8jsM8w8C,1429945200,7248,Ulsan,Busan,1,1,1.61,3.61,5.29,1.62,3.75,5.5,1.68,3.86,5.91,2.19,1.6,2.25,1.62,2.36,1.64,2015-04-25
ILOCV0FP,1430024400,7248,Seongnam,Jeju,1,1,2.56,2.94,2.81,2.5,3.2,2.88,2.73,3.09,2.99,2.51,1.47,2.7,1.44,2.71,1.49,2015-04-26
hEFvRKNt,1430031600,7248,Suwon Bluewings,Daejeon,1,2,1.21,5.68,12.53,1.25,5.5,12.0,1.23,6.47,16.69,1.76,1.99,1.73,2.08,1.76,2.16,2015-04-26
QRyR7cNI,1430024400,7248,Gwangju FC,Seoul,1,1,3.28,3.11,2.18,3.1,3.3,2.3,3.19,3.39,2.4,2.13,1.66,2.2,1.65,2.25,1.7,2015-04-26
4IzV6HxP,1430024400,7248,Jeonnam,Jeonbuk,2,1,4.47,3.3,1.79,4.75,3.4,1.8,5.15,3.55,1.82,2.14,1.65,2.15,1.67,2.25,1.71,2015-04-26
ET3mPbhg,1430546400,7248,Jeonbuk,Suwon Bluewings,2,0,1.87,3.28,4.05,1.85,3.4,4.33,1.93,3.45,4.59,2.07,1.7,2.15,1.67,2.18,1.74,2015-05-02
zw5qQvwm,1430542800,7248,Seoul,Seongnam,1,1,2.01,3.1,3.74,2.0,3.4,3.75,2.1,3.14,4.37,2.49,1.48,2.7,1.44,2.82,1.45,2015-05-02
Mg7eNxN5,1430627400,7248,Gwangju FC,Jeonnam,3,2,2.68,2.98,2.65,2.7,3.2,2.7,2.83,3.11,2.85,2.4,1.51,2.5,1.5,2.58,1.53,2015-05-03
r38iOI7a,1430629200,7248,Daejeon,Incheon,1,2,3.6,3.15,2.03,3.5,3.25,2.1,3.97,3.25,2.15,2.35,1.53,2.4,1.53,2.54,1.55,2015-05-03
4Id0MdxC,1430802000,7248,Jeju,Ulsan,2,1,2.42,2.97,2.97,2.4,3.1,3.1,2.53,3.14,3.23,2.52,1.47,2.6,1.48,2.65,1.51,2015-05-05
IL04LGiI,1430802000,7248,Pohang,Busan,1,2,1.53,3.66,6.14,1.57,3.6,6.5,1.57,4.04,7.06,2.14,1.65,2.1,1.7,2.23,1.71,2015-05-05
Cr08Kz7O,1431147600,7248,Gwangju FC,Suwon Bluewings,0,2,3.11,3.13,2.23,3.3,3.1,2.3,3.21,3.31,2.43,2.16,1.63,2.15,1.67,2.25,1.7,2015-05-09
2Ng8OnJu,1431154800,7248,Incheon,Jeju,1,0,2.71,2.93,2.62,2.75,3.0,2.7,2.94,3.12,2.76,2.44,1.49,2.4,1.53,2.58,1.53,2015-05-09
jZbCJfMU,1431147600,7248,Jeonnam,Daejeon,0,0,1.5,3.8,6.19,1.53,4.0,6.0,1.55,4.16,7.26,2.03,1.73,2.08,1.73,2.13,1.79,2015-05-09
zyhGMQmh,1431234000,7248,Ulsan,Jeonbuk,1,2,3.09,3.06,2.28,3.3,3.2,2.25,3.53,3.25,2.31,2.31,1.55,2.4,1.53,2.45,1.59,2015-05-10
tEhCN6Yo,1431234000,7248,Busan,Seoul,0,1,3.08,3.03,2.29,3.1,3.25,2.3,3.38,3.1,2.46,2.42,1.51,2.7,1.44,2.77,1.47,2015-05-10
lvdKLp3b,1431241200,7248,Pohang,Seongnam,2,2,1.81,3.25,4.37,1.91,3.3,4.2,2.01,3.43,4.3,2.31,1.54,2.35,1.57,2.42,1.61,2015-05-10
IJmyI22N,1431759600,7248,Seongnam,Ulsan,1,0,2.67,2.93,2.68,2.75,3.0,2.75,2.83,3.17,2.82,2.4,1.51,2.4,1.53,2.51,1.56,2015-05-16
W2oPK4I4,1431752400,7248,Seoul,Jeonnam,3,0,2.01,3.16,3.7,2.1,3.3,3.5,2.13,3.31,3.98,2.37,1.52,2.4,1.53,2.63,1.52,2015-05-16
vTlXIrmH,1431752400,7248,Suwon Bluewings,Jeju,1,0,2.08,3.11,3.54,2.2,3.2,3.4,2.27,3.29,3.56,2.29,1.56,2.35,1.57,2.38,1.63,2015-05-16
AgpTJOXA,1431756000,7248,Jeonbuk,Daejeon,2,1,1.19,6.16,12.25,1.2,6.5,13.0,1.2,7.31,17.17,1.57,2.27,1.57,2.35,1.61,2.41,2015-05-16
0rwtHMHT,1431838800,7248,Gwangju FC,Pohang,0,0,2.91,3.05,2.41,2.88,3.2,2.5,3.1,3.18,2.58,2.28,1.57,2.3,1.6,2.47,1.58,2015-05-17
zyU7CtQp,1431838800,7248,Busan,Incheon,1,2,2.52,2.92,2.87,2.5,3.0,3.0,2.63,3.1,3.11,2.51,1.47,2.6,1.48,2.65,1.51,2015-05-17
WMDAW1HG,1432360800,7248,Jeju,Jeonnam,3,2,2.0,3.19,3.63,2.05,3.25,3.75,2.15,3.37,3.79,2.29,1.55,2.4,1.53,2.51,1.56,2015-05-23
SUGgzpIi,1432364400,7248,Jeonbuk,Incheon,1,0,1.57,3.61,5.76,1.57,3.8,6.0,1.61,3.9,6.84,2.11,1.65,2.15,1.67,2.24,1.71,2015-05-23
OdA2YNn4,1432443600,7248,Gwangju FC,Busan,0,1,2.11,3.13,3.4,2.05,3.3,3.6,2.09,3.37,4.01,2.3,1.56,2.3,1.6,2.37,1.63,2015-05-24
IJ96Xs2A,1432530000,7248,Ulsan,Pohang,2,2,2.5,3.01,2.81,2.63,3.2,2.7,2.71,3.22,2.86,2.2,1.61,2.3,1.6,2.35,1.64,2015-05-25
CKRvFZoq,1432962000,7248,Gwangju FC,Jeju,1,0,2.59,3.01,2.7,2.75,3.1,2.63,2.73,3.18,2.91,2.26,1.57,2.25,1.62,2.39,1.62,2015-05-30
jBQrEg1k,1432962000,7248,Pohang,Daejeon,2,1,1.28,5.06,9.54,1.29,5.25,11.0,1.33,5.56,10.89,1.69,2.1,1.67,2.15,1.69,2.27,2015-05-30
byQnDDGe,1432969200,7248,Jeonnam,Busan,3,1,2.05,3.1,3.57,2.05,3.2,3.8,2.21,3.35,3.64,2.21,1.6,2.15,1.67,2.24,1.71,2015-05-30
xSOjCXV1,1433048400,7248,Incheon,Suwon Bluewings,1,1,2.91,3.0,2.4,3.1,3.1,2.4,3.26,3.18,2.47,2.31,1.55,2.35,1.57,2.45,1.59,2015-05-31
vX2ZzH82,1433048400,7248,Seongnam,Jeonbuk,2,1,3.57,3.07,2.07,3.6,3.0,2.2,3.64,3.26,2.26,2.4,1.51,2.6,1.48,2.57,1.54,2015-05-31
hz7wzyO8,1433055600,7248,Seoul,Ulsan,0,0,2.31,3.04,3.04,2.4,3.1,3.1,2.51,3.25,3.16,2.29,1.56,2.3,1.6,2.45,1.59,2015-05-31
veoMRCVl,1433327400,7248,Pohang,Jeonbuk,0,0,2.66,3.02,2.6,2.6,3.2,2.7,2.77,3.25,2.8,2.19,1.61,2.2,1.65,2.3,1.67,2015-06-03
nc6sZfwF,1433325600,7248,Busan,Ulsan,1,0,3.08,3.08,2.27,3.3,3.1,2.3,3.52,3.19,2.35,2.31,1.55,2.4,1.53,2.45,1.59,2015-06-03
pYoIShGr,1433327400,7248,Seoul,Incheon,1,0,1.83,3.3,4.17,1.83,3.5,4.2,1.91,3.47,4.71,2.28,1.57,2.3,1.6,2.37,1.63,2015-06-03
Qm5oYEhL,1433325600,7248,Jeonnam,Gwangju FC,1,2,2.06,3.21,3.44,2.2,3.2,3.4,1.94,3.54,4.4,2.04,1.7,2.08,1.73,2.2,1.74,2015-06-03
xt4PQWpe,1433329200,7248,Jeju,Seongnam,4,3,2.43,3.04,2.87,2.6,3.1,2.8,2.81,3.2,2.79,2.31,1.55,2.35,1.57,2.51,1.56,2015-06-03
rPajXY7R,1433327400,7248,Daejeon,Suwon Bluewings,1,2,6.83,3.97,1.45,7.5,4.2,1.44,8.03,4.36,1.49,1.93,1.8,1.95,1.85,2.04,1.86,2015-06-03
behYOAF7,1433584800,7248,Incheon,Jeonnam,1,2,2.36,3.05,2.95,2.4,3.1,3.1,2.48,3.19,3.24,2.27,1.57,2.35,1.57,2.47,1.58,2015-06-06
nBoGmfh8,1433584800,7248,Jeonbuk,Seoul,1,2,1.84,3.28,4.18,1.85,3.5,4.2,1.92,3.4,4.78,2.2,1.61,2.15,1.67,2.26,1.69,2015-06-06
K4gUPj01,1433584800,7248,Daejeon,Busan,0,0,3.79,3.22,1.95,4.0,3.3,1.95,4.31,3.38,2.01,2.18,1.62,2.3,1.6,2.34,1.65,2015-06-06
MTwTphxR,1433667600,7248,Suwon Bluewings,Gwangju FC,0,1,1.69,3.48,4.74,1.73,3.5,5.0,1.85,3.63,4.79,1.97,1.77,2.0,1.8,2.1,1.8,2015-06-07
Q1pKnE7E,1433660400,7248,Ulsan,Jeju,2,0,2.19,3.11,3.21,2.2,3.2,3.4,2.31,3.3,3.48,2.25,1.58,2.25,1.62,2.29,1.67,2015-06-07
8QZOoYMK,1433664000,7248,Seongnam,Pohang,0,2,2.64,2.96,2.67,2.7,3.1,2.7,2.75,3.22,2.85,2.36,1.53,2.35,1.57,2.41,1.61,2015-06-07
lvIkyQ2o,1433930400,7248,Daejeon,Seoul,1,2,6.3,3.83,1.49,6.5,4.1,1.5,7.64,4.12,1.53,1.97,1.76,2.08,1.73,2.15,1.77,2015-06-10
p6BbZ3Xc,1434186000,7248,Suwon Bluewings,Seongnam,1,1,2.11,3.16,3.32,2.2,3.3,3.3,2.23,3.39,3.5,2.12,1.65,2.15,1.67,2.29,1.67,2015-06-13
bBtdvjFf,1434535200,7248,Jeonnam,Seongnam,2,1,2.53,3.06,2.69,2.6,3.0,2.9,2.58,3.37,2.94,2.19,1.61,2.1,1.7,2.25,1.7,2015-06-17
pSr8ylaD,1434538800,7248,Jeju,Suwon Bluewings,3,4,2.33,2.97,3.08,2.15,3.0,3.75,2.46,3.08,3.39,2.26,1.57,2.35,1.57,2.44,1.6,2015-06-17
x2u0wAU0,1434537000,7248,Seoul,Busan,0,0,1.66,3.48,5.01,1.65,3.6,5.5,1.75,3.83,5.24,2.14,1.63,2.05,1.75,2.1,1.81,2015-06-17
v9QftCpr,1434537000,7248,Daejeon,Gwangju FC,0,0,4.1,3.25,1.86,4.75,3.2,1.85,4.6,3.54,1.91,2.28,1.57,2.15,1.67,2.23,1.71,2015-06-17
IaPbuWal,1434535200,7248,Jeonbuk,Ulsan,2,1,1.8,3.33,4.29,1.8,3.4,4.75,1.9,3.53,4.62,2.23,1.58,2.2,1.65,2.28,1.68,2015-06-17
WOv4xUq7,1434537000,7248,Pohang,Incheon,0,2,1.63,3.54,5.2,1.62,3.6,6.0,1.68,3.71,6.27,2.17,1.62,2.2,1.65,2.25,1.7,2015-06-17
fcQbbB6Q,1434783600,7248,Seongnam,Gwangju FC,1,1,2.07,3.14,3.48,2.1,3.25,3.5,2.14,3.31,3.9,2.27,1.56,2.35,1.57,2.41,1.61,2015-06-20
QNLfaiiK,1434794400,7248,Jeonnam,Seoul,2,0,2.74,3.03,2.54,2.7,3.1,2.7,2.82,3.16,2.83,2.2,1.6,2.3,1.6,2.34,1.65,2015-06-20
nXMj0XyE,1434794400,7248,Busan,Pohang,1,2,3.46,3.12,2.09,3.8,3.3,2.0,3.73,3.41,2.16,2.26,1.58,2.25,1.62,2.32,1.66,2015-06-20
j55Zi9qf,1434880800,7248,Daejeon,Jeju,2,2,3.86,3.24,1.91,4.0,3.4,1.91,4.26,3.4,2.02,2.1,1.66,2.15,1.67,2.24,1.71,2015-06-21
d6CQgVEs,1434877200,7248,Ulsan,Incheon,1,1,1.94,3.12,3.9,1.91,3.4,4.0,2.12,3.21,4.13,2.39,1.51,2.6,1.48,2.59,1.53,2015-06-21
vV1VhkUm,1434877200,7248,Suwon Bluewings,Jeonbuk,2,2,2.69,3.08,2.53,2.7,3.3,2.55,2.88,3.35,2.64,2.12,1.64,2.15,1.67,2.25,1.7,2015-06-21
KpcjlRrJ,1435392000,7248,Seoul,Suwon Bluewings,0,0,2.4,3.05,2.87,2.5,3.25,2.8,2.63,3.24,2.98,2.25,1.57,2.35,1.57,2.39,1.62,2015-06-27
tfbnk7TC,1435399200,7248,Ulsan,Seongnam,0,1,2.22,3.07,3.18,2.25,3.1,3.4,2.38,3.21,3.41,2.28,1.56,2.35,1.57,2.44,1.59,2015-06-27
OI3sjmE6,1435399200,7248,Busan,Jeju,1,3,2.37,3.08,2.9,2.4,3.2,3.0,2.55,3.26,3.07,2.2,1.6,2.2,1.65,2.25,1.7,2015-06-27
pS4wiTb0,1435399200,7248,Pohang,Gwangju FC,2,1,1.7,3.43,4.8,1.6,3.75,6.0,1.68,3.64,6.33,2.2,1.61,2.25,1.62,2.38,1.63,2015-06-27
YmoYCALJ,1435482000,7248,Incheon,Daejeon,2,0,1.62,3.54,5.25,1.67,3.5,5.75,1.7,3.75,5.84,2.12,1.64,2.1,1.7,2.2,1.73,2015-06-28
nikxCUzQ,1435485600,7248,Jeonbuk,Jeonnam,2,2,1.65,3.55,4.98,1.62,3.7,5.75,1.69,3.81,5.87,1.95,1.77,2.0,1.8,2.02,1.88,2015-06-28
WOQ868bm,1435744800,7248,Jeonbuk,Busan,2,1,1.52,3.78,6.1,1.57,3.8,6.0,1.65,4.09,5.8,1.95,1.78,2.0,1.8,2.01,1.88,2015-07-01
hYR47lqs,1435746600,7248,Incheon,Gwangju FC,1,0,2.48,2.96,2.87,2.55,3.2,2.8,2.64,3.0,3.2,2.54,1.46,2.7,1.44,2.91,1.42,2015-07-01
4jvG4nTa,1435746600,7248,Seongnam,Daejeon,3,1,1.34,4.53,8.69,1.4,4.5,7.5,1.36,5.14,10.41,1.81,1.93,1.8,2.0,1.93,1.97,2015-07-01
QauC5SDg,1435744800,7248,Jeonnam,Pohang,0,0,2.77,3.12,2.44,2.9,3.3,2.4,2.86,3.36,2.64,1.96,1.77,2.0,1.8,2.02,1.88,2015-07-01
nFTK36r6,1435746600,7248,Suwon Bluewings,Ulsan,3,1,1.96,3.24,3.7,2.0,3.3,3.8,2.05,3.46,4.05,2.15,1.63,2.15,1.67,2.25,1.7,2015-07-01
0IXO2QcC,1435748400,7248,Jeju,Seoul,2,4,2.69,3.07,2.55,3.0,3.2,2.4,3.11,3.15,2.59,2.19,1.6,2.3,1.6,2.41,1.61,2015-07-01
W4fdpIso,1436004000,7248,Jeju,Incheon,0,0,2.37,3.12,2.88,2.63,3.2,2.63,2.79,3.27,2.78,2.2,1.59,2.25,1.62,2.33,1.65,2015-07-04
8Mwu91Ko,1436004000,7248,Pohang,Suwon Bluewings,0,1,2.28,3.07,3.07,2.3,3.2,3.1,2.44,3.24,3.25,2.23,1.59,2.35,1.57,2.41,1.61,2015-07-04
fuXS1pDI,1436004000,7248,Busan,Seongnam,0,1,3.03,3.02,2.34,3.5,3.1,2.2,3.51,3.26,2.31,2.35,1.53,2.35,1.57,2.45,1.59,2015-07-04
tzxm7ukb,1436090400,7248,Jeonnam,Ulsan,2,1,2.29,3.07,3.03,2.3,3.1,3.25,2.44,3.23,3.26,2.18,1.61,2.25,1.62,2.37,1.63,2015-07-05
QeiTEo9c,1436086800,7248,Seoul,Gwangju FC,1,1,1.77,3.32,4.5,1.83,3.4,4.5,1.83,3.46,5.24,2.24,1.58,2.3,1.6,2.38,1.62,2015-07-05
nDxq8LZi,1436090400,7248,Daejeon,Jeonbuk,3,4,7.36,4.49,1.37,8.0,4.5,1.4,9.7,4.85,1.4,1.74,1.99,1.73,2.08,1.81,2.1,2015-07-05
EPTa4wZG,1436351400,7248,Pohang,Jeju,3,4,1.71,3.49,4.53,1.73,3.5,5.0,1.77,3.83,5.04,1.89,1.82,1.85,1.95,1.93,1.97,2015-07-08
zZUe5JJA,1436351400,7248,Incheon,Busan,3,1,2.1,3.02,3.54,2.1,3.0,4.0,2.28,3.18,3.69,2.39,1.51,2.5,1.5,2.68,1.5,2015-07-08
MkX72H3T,1436351400,7248,Suwon Bluewings,Jeonnam,1,0,1.79,3.41,4.16,1.7,3.5,4.75,1.82,3.6,5.05,2.01,1.72,2.08,1.73,2.12,1.79,2015-07-08
hAui6a44,1436349600,7248,Jeonbuk,Gwangju FC,1,1,1.59,3.7,5.14,1.62,3.75,5.5,1.67,3.9,5.82,2.0,1.73,2.1,1.7,2.13,1.78,2015-07-08
SW9zbyCp,1436351400,7248,Ulsan,Daejeon,4,1,1.44,4.12,6.62,1.44,4.5,7.0,1.52,4.45,6.79,1.85,1.87,1.8,2.0,1.92,1.99,2015-07-08
raY33clN,1436351400,7248,Seongnam,Seoul,1,1,2.61,2.93,2.71,2.55,3.1,2.8,2.65,3.19,2.99,2.4,1.5,2.4,1.53,2.49,1.57,2015-07-08
tzEvceRj,1436608800,7248,Seoul,Pohang,1,3,2.26,3.04,3.14,2.25,3.25,3.2,2.36,3.22,3.43,2.32,1.54,2.4,1.53,2.43,1.6,2015-07-11
fw2MLv4i,1436608800,7248,Ulsan,Gwangju FC,0,1,2.18,3.15,3.19,2.3,3.25,3.1,2.38,3.27,3.34,2.26,1.57,2.4,1.53,2.44,1.59,2015-07-11
YT0QKbJc,1436608800,7248,Jeju,Jeonbuk,0,3,3.37,3.26,2.06,3.5,3.6,2.0,3.77,3.47,2.1,1.88,1.84,1.95,1.85,2.02,1.88,2015-07-11
hWGRIxlA,1436695200,7248,Busan,Suwon Bluewings,1,1,3.69,3.24,1.96,3.8,3.3,2.0,4.08,3.39,2.06,2.2,1.61,2.25,1.62,2.33,1.65,2015-07-12
EuINJIY3,1436691600,7248,Incheon,Seongnam,0,1,2.59,2.94,2.75,2.63,3.1,2.75,2.84,3.06,2.88,2.53,1.47,2.7,1.44,2.89,1.43,2015-07-12
ngGVHd3G,1436695200,7248,Daejeon,Jeonnam,2,3,4.83,3.61,1.65,5.25,3.6,1.67,5.51,3.88,1.71,1.85,1.88,1.85,1.95,1.92,1.98,2015-07-12
0dKZGGIM,1437818400,7248,Seoul,Incheon,2,0,1.98,3.11,3.74,2.0,3.3,3.8,2.11,3.29,4.04,2.33,1.53,2.4,1.53,2.53,1.55,2015-07-25
pUe6Bftp,1437818400,7248,Ulsan,Seongnam,0,0,2.48,3.01,2.81,2.45,3.1,3.0,2.58,3.18,3.05,2.38,1.52,2.35,1.57,2.42,1.6,2015-07-25
rL9vGzYS,1437818400,7248,Pohang,Gwangju FC,0,0,1.89,3.23,3.99,1.91,3.25,4.33,2.0,3.38,4.37,2.15,1.63,2.15,1.67,2.32,1.65,2015-07-25
E30AAEej,1437904800,7248,Busan,Daejeon,2,1,1.66,3.56,4.88,1.67,3.75,5.0,1.71,3.87,5.52,2.01,1.73,2.05,1.75,2.02,1.88,2015-07-26
hfaE9YAd,1437904800,7248,Jeonbuk,Suwon Bluewings,2,1,2.11,3.19,3.29,2.15,3.25,3.4,2.16,3.42,3.69,2.09,1.68,2.2,1.65,2.28,1.68,2015-07-26
fawcYHmc,1437904800,7248,Jeonnam,Jeju,3,1,1.89,3.32,3.78,1.91,3.4,4.0,1.94,3.73,4.13,1.91,1.81,1.95,1.85,1.96,1.94,2015-07-26
n7e4WeI9,1439373600,7248,Jeonbuk,Busan,2,0,1.59,3.75,5.16,1.62,4.0,5.0,1.7,3.94,5.45,1.86,1.87,1.9,1.9,1.96,1.94,2015-08-12
v5zqPDAq,1439375400,7248,Ulsan,Seoul,1,2,2.88,3.02,2.42,3.2,3.0,2.4,3.01,3.21,2.62,2.31,1.55,2.35,1.57,2.48,1.58,2015-08-12
MPmHTg2S,1439373600,7248,Suwon Bluewings,Daejeon,2,1,1.32,4.67,8.42,1.36,4.75,8.0,1.37,5.19,9.69,1.66,2.11,1.65,2.2,1.72,2.21,2015-08-12
rZlDUZnM,1439375400,7248,Seongnam,Jeju,1,1,1.91,3.31,3.78,1.95,3.3,4.0,1.96,3.56,4.26,2.05,1.7,2.05,1.75,2.13,1.79,2015-08-12
hpd0Xy33,1439373600,7248,Gwangju FC,Jeonnam,0,0,2.3,3.06,3.02,2.2,3.25,3.3,2.38,3.24,3.36,2.2,1.6,2.35,1.57,2.39,1.62,2015-08-12
Qcf8VFXF,1439375400,7248,Incheon,Pohang,0,2,3.04,2.93,2.38,3.5,3.0,2.25,3.26,3.01,2.59,2.51,1.46,2.7,1.44,2.82,1.45,2015-08-12
ENSeMBf2,1439632800,7248,Pohang,Jeonbuk,3,0,2.53,3.09,2.69,2.45,3.3,2.8,2.62,3.35,2.9,2.09,1.68,2.15,1.67,2.18,1.75,2015-08-15
zXTiNiud,1439632800,7248,Jeonnam,Incheon,0,2,1.72,3.28,4.83,1.73,3.6,5.0,1.78,3.51,5.58,2.29,1.57,2.35,1.57,2.46,1.58,2015-08-15
h8vmOXPk,1439632800,7248,Daejeon,Seongnam,0,2,4.52,3.51,1.72,4.75,3.75,1.7,5.01,3.7,1.8,1.97,1.76,2.0,1.8,2.08,1.83,2015-08-15
2q5nqZ1F,1439719200,7248,Jeju,Suwon Bluewings,2,4,3.0,3.15,2.27,3.2,3.4,2.2,3.16,3.4,2.42,2.0,1.75,2.05,1.75,2.08,1.83,2015-08-16
KKFspFn9,1439719200,7248,Busan,Ulsan,2,2,2.97,2.99,2.38,3.0,3.4,2.3,3.36,3.06,2.49,2.37,1.53,2.5,1.5,2.61,1.52,2015-08-16
UgkRyifk,1439980200,7248,Incheon,Jeju,1,0,2.45,3.01,2.83,2.63,3.2,2.7,2.72,3.2,2.9,2.25,1.58,2.2,1.65,2.29,1.67,2015-08-19
27mZZUO1,1439980200,7248,Ulsan,Pohang,1,1,2.97,3.08,2.32,3.0,3.2,2.4,3.16,3.25,2.49,2.21,1.6,2.25,1.62,2.34,1.65,2015-08-19
Gn9jrgHL,1439978400,7248,Busan,Seoul,2,4,3.78,3.19,1.95,4.0,3.4,1.91,4.06,3.41,2.06,2.26,1.58,2.35,1.57,2.44,1.6,2015-08-19
CIfMxXvq,1439978400,7248,Gwangju FC,Daejeon,1,2,1.6,3.56,5.44,1.57,3.75,6.0,1.65,3.87,6.26,2.12,1.66,2.1,1.7,2.19,1.74,2015-08-19
A98fsDWR,1439978400,7248,Jeonbuk,Jeonnam,2,1,1.76,3.51,4.19,1.8,3.4,4.75,1.93,3.7,4.19,1.87,1.85,1.9,1.9,1.97,1.93,2015-08-19
8plVzB9e,1439980200,7248,Suwon Bluewings,Seongnam,0,1,2.06,3.17,3.46,2.1,3.3,3.5,2.14,3.32,3.91,2.14,1.64,2.1,1.7,2.25,1.7,2015-08-19
EsiwZlv8,1440237600,7248,Seoul,Daejeon,2,0,1.34,4.44,8.34,1.33,4.75,9.5,1.4,4.92,9.16,1.74,1.98,1.85,1.95,1.86,2.04,2015-08-22
IFHJssr8,1440237600,7248,Jeonbuk,Incheon,0,1,1.7,3.4,4.75,1.67,3.5,5.5,1.68,3.81,5.91,2.15,1.64,2.15,1.67,2.19,1.74,2015-08-22
OEqiPYRt,1440237600,7248,Suwon Bluewings,Ulsan,3,1,2.17,3.17,3.17,2.2,3.4,3.2,2.34,3.32,3.38,2.04,1.7,2.08,1.73,2.16,1.76,2015-08-22
d6GNt1cE,1440237600,7248,Seongnam,Busan,1,0,1.84,3.23,4.2,1.85,3.5,4.2,1.92,3.45,4.7,2.21,1.6,2.25,1.62,2.34,1.65,2015-08-22
25reOhsm,1440324000,7248,Gwangju FC,Jeju,0,1,2.17,3.08,3.24,2.25,3.25,3.2,2.2,3.26,3.76,2.2,1.61,2.25,1.62,2.33,1.65,2015-08-23
pUXaNCdg,1440324000,7248,Jeonnam,Pohang,0,0,2.83,3.07,2.42,3.0,3.0,2.5,2.99,3.26,2.6,2.1,1.66,2.2,1.65,2.27,1.69,2015-08-23
hfy8LjR5,1440842400,7248,Incheon,Daejeon,2,1,1.67,3.37,5.13,1.73,3.4,5.25,1.81,3.47,5.25,2.31,1.55,2.5,1.5,2.51,1.56,2015-08-29
xb5CIlBO,1440842400,7248,Jeju,Seoul,2,1,3.38,3.23,2.06,3.4,3.4,2.1,4.07,3.42,2.05,2.03,1.71,2.15,1.67,2.25,1.7,2015-08-29
WpzCKAtC,1440842400,7248,Gwangju FC,Ulsan,1,2,2.58,2.97,2.71,2.63,3.1,2.75,2.82,3.09,2.88,2.45,1.49,2.7,1.44,2.68,1.5,2015-08-29
bXy4MWBa,1440842400,7248,Busan,Jeonnam,1,1,2.75,3.07,2.48,3.0,3.2,2.4,2.99,3.32,2.54,2.13,1.65,2.2,1.65,2.23,1.71,2015-08-29
b768JUeI,1440921600,7248,Seongnam,Jeonbuk,0,1,3.02,3.03,2.3,3.1,3.4,2.25,3.21,3.3,2.44,2.24,1.59,2.15,1.67,2.23,1.71,2015-08-30
j1gfsYmP,1440928800,7248,Pohang,Suwon Bluewings,0,0,2.34,3.07,2.94,2.4,3.3,2.9,2.5,3.19,3.2,2.15,1.64,2.2,1.65,2.29,1.67,2015-08-30
lxZUzWQh,1441794600,7248,Daejeon,Jeju,2,4,4.03,3.43,1.81,4.2,3.6,1.83,4.5,3.67,1.88,1.88,1.84,1.85,1.95,1.97,1.93,2015-09-09
SMpMxhdt,1441792800,7248,Busan,Suwon Bluewings,2,2,3.6,3.2,2.0,3.6,3.3,2.05,3.75,3.3,2.2,2.21,1.61,2.25,1.62,2.33,1.65,2015-09-09
IBwZZkta,1441794600,7248,Seoul,Pohang,0,0,2.47,2.97,2.85,2.63,3.0,2.88,2.64,3.1,3.09,2.34,1.54,2.4,1.53,2.52,1.56,2015-09-09
AozRyCBn,1441792800,7248,Jeonnam,Seongnam,1,1,2.52,2.99,2.77,2.5,3.0,3.0,2.69,3.1,3.02,2.4,1.51,2.5,1.5,2.68,1.5,2015-09-09
d2xwZ9e5,1441792800,7248,Gwangju FC,Incheon,1,0,2.36,2.93,3.09,2.3,3.1,3.3,2.46,2.99,3.43,2.65,1.43,2.88,1.4,3.01,1.4,2015-09-09
vRRsYTAB,1441794600,7248,Ulsan,Jeonbuk,2,0,3.11,3.19,2.19,3.25,3.3,2.2,3.26,3.36,2.37,2.02,1.73,2.05,1.75,2.07,1.83,2015-09-09
OETgVRfU,1442041200,7248,Suwon Bluewings,Incheon,1,0,1.75,3.29,4.58,1.8,3.6,4.33,1.88,3.41,4.96,2.28,1.57,2.3,1.6,2.42,1.61,2015-09-12
j1VoXmQH,1442037900,7248,Jeonbuk,Seoul,3,0,2.24,3.08,3.13,2.2,3.1,3.5,2.18,3.38,3.71,2.2,1.61,2.25,1.62,2.28,1.68,2015-09-12
pOUkW7uO,1442034000,7248,Pohang,Seongnam,2,1,2.04,3.09,3.57,2.0,3.5,3.6,2.08,3.22,4.26,2.36,1.53,2.4,1.53,2.67,1.5,2015-09-12
2ua4kVun,1442129400,7248,Jeju,Ulsan,2,2,2.27,3.15,3.02,2.2,3.2,3.4,2.32,3.38,3.32,2.04,1.71,2.05,1.75,2.13,1.79,2015-09-13
d2b8lkeh,1442127600,7248,Jeonnam,Daejeon,1,1,1.49,3.92,6.05,1.5,3.8,7.5,1.55,4.35,6.67,1.8,1.94,1.8,2.0,1.84,2.06,2015-09-13
Ol00jBQu,1442120400,7248,Gwangju FC,Busan,0,0,2.37,3.02,2.95,2.4,3.2,3.0,2.6,3.15,3.09,2.42,1.51,2.6,1.48,2.64,1.51,2015-09-13
WKjLomuB,1442646000,7248,Jeju,Pohang,0,1,2.95,3.08,2.33,3.25,3.25,2.25,3.2,3.32,2.43,2.11,1.67,2.15,1.67,2.2,1.74,2015-09-19
IykTqR9N,1442642700,7248,Suwon Bluewings,Seoul,0,3,2.33,3.0,3.05,2.4,3.1,3.1,2.53,3.15,3.18,2.26,1.57,2.35,1.57,2.34,1.65,2015-09-19
hUiHnTP4,1442649600,7248,Ulsan,Jeonnam,3,2,2.24,3.09,3.09,2.3,3.4,3.0,2.52,3.24,3.13,2.3,1.56,2.35,1.57,2.42,1.61,2015-09-19
A52Cm9Ab,1442638800,7248,Incheon,Busan,2,1,2.36,2.98,3.0,2.5,3.1,2.9,2.7,3.02,3.1,2.35,1.53,2.4,1.53,2.59,1.53,2015-09-19
vojPp7fH,1442646000,7248,Seongnam,Gwangju FC,2,1,2.11,3.02,3.47,2.15,3.2,3.5,2.18,3.11,4.09,2.49,1.48,2.7,1.44,2.97,1.41,2015-09-19
00vYroPT,1442732400,7248,Jeonbuk,Daejeon,3,1,1.24,5.45,10.52,1.22,6.0,13.0,1.27,6.19,12.73,1.51,2.4,1.48,2.6,1.51,2.65,2015-09-20
UFIo28Pi,1443002400,7248,Jeonnam,Suwon Bluewings,0,2,2.73,3.02,2.53,2.88,3.0,2.6,2.91,3.23,2.69,2.15,1.63,2.2,1.65,2.29,1.67,2015-09-23
K4Bba69A,1443004200,7248,Incheon,Ulsan,1,2,3.01,2.94,2.39,3.4,3.0,2.3,3.3,3.15,2.47,2.59,1.45,2.88,1.4,2.88,1.43,2015-09-23
jPJs3lAo,1443002400,7248,Gwangju FC,Jeonbuk,1,2,3.7,3.21,1.96,3.75,3.3,2.0,3.99,3.29,2.13,2.17,1.61,2.35,1.57,2.48,1.57,2015-09-23
QsCf0nf4,1443004200,7248,Seoul,Seongnam,0,1,2.04,3.07,3.6,2.0,3.3,3.8,2.1,3.31,4.05,2.3,1.55,2.3,1.6,2.38,1.63,2015-09-23
xMVav5Xp,1443002400,7248,Busan,Jeju,0,2,2.56,3.11,2.62,2.63,3.3,2.63,2.71,3.28,2.85,2.05,1.7,2.1,1.7,2.17,1.75,2015-09-23
niDj1Svb,1443004200,7248,Daejeon,Pohang,0,1,6.48,3.94,1.47,7.5,4.2,1.44,8.26,4.47,1.47,1.94,1.8,1.95,1.85,2.0,1.9,2015-09-23
tUGwoeX2,1443427200,7248,Seoul,Gwangju FC,3,1,1.77,3.3,4.54,1.8,3.3,5.0,1.78,3.44,5.7,2.29,1.55,2.6,1.48,2.65,1.51,2015-09-28
ChmPFRgi,1443934800,7248,Seongnam,Incheon,1,0,2.23,2.95,3.25,2.2,3.1,3.5,2.27,3.1,3.84,2.52,1.47,2.6,1.48,2.88,1.43,2015-10-04
v5IAd4gT,1443934800,7248,Gwangju FC,Suwon Bluewings,2,4,3.43,3.12,2.09,3.6,3.2,2.1,3.82,3.25,2.2,2.28,1.57,2.35,1.57,2.45,1.59,2015-10-04
0EJ6cpvN,1443934800,7248,Seoul,Jeonnam,3,2,1.72,3.39,4.62,1.75,3.5,4.75,1.75,3.64,5.62,2.18,1.63,2.15,1.67,2.31,1.66,2015-10-04
Am9tirHj,1443934800,7248,Pohang,Busan,2,0,1.6,3.54,5.29,1.73,3.75,4.5,1.75,3.67,5.48,2.1,1.68,2.1,1.7,2.24,1.7,2015-10-04
IkU1bQOG,1443934800,7248,Daejeon,Ulsan,0,0,5.3,3.7,1.58,5.75,4.0,1.57,5.79,3.95,1.67,1.95,1.79,2.05,1.75,2.1,1.81,2015-10-04
WdAxhO1p,1443934800,7248,Jeju,Jeonbuk,3,2,3.1,3.23,2.17,3.4,3.2,2.2,3.34,3.52,2.27,1.89,1.85,1.85,1.95,1.97,1.93,2015-10-04
YkhlMzQo,1445058000,7248,Busan,Gwangju FC,0,1,2.43,3.01,2.87,2.5,3.1,2.9,2.6,3.16,3.09,2.33,1.54,2.4,1.53,2.44,1.59,2015-10-17
Cv0P0Tc8,1445061600,7248,Jeonbuk,Pohang,0,1,2.33,3.08,2.95,2.38,3.25,3.0,2.51,3.31,3.08,2.16,1.63,2.1,1.7,2.19,1.74,2015-10-17
CtihLfuh,1445065200,7248,Incheon,Ulsan,2,2,2.92,2.93,2.43,3.0,3.1,2.45,3.28,3.09,2.52,2.42,1.5,2.5,1.5,2.67,1.5,2015-10-17
WSCcrLss,1445144400,7248,Suwon Bluewings,Jeju,0,1,1.92,3.34,3.68,1.95,3.3,4.0,2.06,3.54,3.9,1.89,1.84,1.85,1.95,1.94,1.96,2015-10-18
63jdKEfb,1445144400,7248,Daejeon,Jeonnam,1,0,3.58,3.34,1.95,3.75,3.4,2.0,4.08,3.6,1.99,1.88,1.84,1.95,1.85,1.98,1.92,2015-10-18
IqF9uJRa,1445151600,7248,Seongnam,Seoul,1,2,2.7,2.94,2.62,2.9,3.0,2.6,2.91,3.12,2.77,2.4,1.5,2.4,1.53,2.61,1.52,2015-10-18
4l9aJY94,1445662800,7248,Daejeon,Busan,2,1,2.96,3.06,2.36,3.3,3.2,2.25,3.43,3.3,2.32,2.2,1.62,2.25,1.62,2.28,1.68,2015-10-24
p6o6vws6,1445662800,7248,Pohang,Jeju,2,1,1.69,3.5,4.69,1.73,3.75,4.5,1.78,3.77,5.11,1.98,1.77,1.95,1.85,2.0,1.89,2015-10-24
IJqExHBI,1445670000,7248,Seongnam,Suwon Bluewings,0,0,2.82,2.95,2.51,2.9,3.1,2.5,3.14,3.12,2.59,2.39,1.52,2.5,1.5,2.59,1.53,2015-10-24
zyESevCt,1445756400,7248,Seoul,Jeonbuk,0,0,2.59,3.1,2.64,2.63,3.2,2.7,2.81,3.25,2.72,2.11,1.67,2.2,1.65,2.19,1.74,2015-10-25
Q3c8HCvH,1445756400,7248,Gwangju FC,Incheon,0,0,2.31,2.92,3.18,2.3,3.0,3.4,2.41,3.07,3.46,2.55,1.46,2.7,1.44,2.76,1.47,2015-10-25
nDb4IhPA,1445749200,7248,Jeonnam,Ulsan,2,5,2.72,3.05,2.54,2.63,3.25,2.63,2.68,3.17,2.92,2.09,1.67,2.15,1.67,2.25,1.7,2015-10-25
fw2CGWgN,1446872400,7248,Jeonnam,Gwangju FC,2,1,2.15,3.11,3.26,2.1,3.3,3.5,2.14,3.31,3.91,2.11,1.66,2.2,1.65,2.3,1.67,2015-11-07
4AIWfbRn,1446876000,7248,Seoul,Suwon Bluewings,4,3,2.54,2.98,2.76,2.7,3.0,2.8,2.82,3.17,2.82,2.28,1.57,2.35,1.57,2.42,1.61,2015-11-07
YT0GFj9T,1446879600,7248,Ulsan,Daejeon,2,1,1.56,3.83,5.4,1.55,3.8,6.5,1.58,4.24,6.35,1.85,1.89,1.9,1.9,1.97,1.93,2015-11-07
vBwqBAHp,1446958800,7248,Incheon,Busan,0,0,2.65,2.98,2.62,3.2,3.2,2.3,3.51,3.12,2.38,2.42,1.5,2.6,1.48,2.71,1.49,2015-11-08
QP6ugxda,1446958800,7248,Jeju,Jeonbuk,0,1,3.19,3.21,2.13,3.3,3.25,2.2,3.35,3.5,2.27,1.93,1.8,1.95,1.85,1.94,1.96,2015-11-08
AD8ijztI,1446966000,7248,Pohang,Seongnam,0,0,1.84,3.21,4.22,1.8,3.4,4.75,1.85,3.46,5.08,2.34,1.54,2.3,1.6,2.48,1.58,2015-11-08
hEsmAUWj,1448082000,7248,Daejeon,Incheon,0,2,2.96,3.02,2.37,2.8,3.1,2.6,2.99,3.2,2.64,2.31,1.54,2.5,1.5,2.56,1.54,2015-11-21
Sl3dkfeO,1448085600,7248,Jeonbuk,Seongnam,1,1,1.87,3.3,3.93,1.91,3.3,4.2,1.96,3.54,4.31,2.14,1.64,2.08,1.73,2.14,1.78,2015-11-21
r1w69ctt,1448089200,7248,Jeju,Seoul,1,1,3.2,3.21,2.12,3.5,3.25,2.1,3.4,3.49,2.25,1.92,1.8,2.0,1.8,2.01,1.89,2015-11-21
p8UYXXOc,1448168400,7248,Busan,Jeonnam,1,1,2.49,3.05,2.75,2.5,3.25,2.8,2.63,3.24,2.98,2.22,1.6,2.3,1.6,2.38,1.63,2015-11-22
IJVI6eQb,1448168400,7248,Suwon Bluewings,Pohang,2,1,2.37,3.01,2.95,2.5,3.1,2.9,2.56,3.21,3.1,2.31,1.55,2.4,1.53,2.49,1.57,2015-11-22
6HVUYD9i,1448168400,7248,Gwangju FC,Ulsan,0,1,2.98,3.07,2.32,3.4,3.1,2.25,3.29,3.37,2.36,2.17,1.62,2.25,1.62,2.31,1.66,2015-11-22
zoRaSsch,1448445600,7248,Suwon City,Seoul E.,3,3,1.99,3.48,3.25,1.95,3.5,3.8,2.0,3.68,3.74,1.62,2.19,1.65,2.2,1.65,2.21,2015-11-25
bXqvVV8G,1448686800,7248,Gwangju FC,Daejeon,2,1,1.82,3.31,4.13,1.85,3.3,4.5,1.96,3.52,4.31,2.09,1.67,2.15,1.67,2.23,1.71,2015-11-28
QJoWWiv4,1448686800,7248,Incheon,Jeonnam,0,1,2.42,2.98,2.89,2.5,3.0,3.0,2.64,3.16,3.02,2.33,1.53,2.4,1.53,2.53,1.55,2015-11-28
4vxfKfJ6,1448686800,7248,Daegu,Suwon City,1,2,2.28,3.42,2.69,2.38,3.4,2.88,,,,1.61,2.16,1.6,2.3,,,2015-11-28
4ApzWBgA,1448686800,7248,Ulsan,Busan,2,1,1.67,3.45,4.9,1.8,3.5,4.5,1.81,3.66,5.05,2.05,1.7,2.1,1.7,2.15,1.77,2015-11-28
dY85cimo,1448773200,7248,Suwon Bluewings,Jeonbuk,2,1,2.33,3.14,2.91,2.5,3.2,2.88,2.52,3.37,3.01,2.03,1.71,2.1,1.7,2.11,1.8,2015-11-29
naJV3gAH,1448773200,7248,Pohang,Seoul,2,1,2.15,3.1,3.26,2.2,3.25,3.3,2.27,3.34,3.5,2.18,1.62,2.25,1.62,2.36,1.64,2015-11-29
QqVM5Fu5,1448773200,7248,Seongnam,Jeju,2,1,1.94,3.23,3.79,1.91,3.4,4.0,1.94,3.51,4.44,2.01,1.72,2.05,1.75,2.11,1.8,2015-11-29
464CqEJL,1449050400,7248,Suwon City,Busan,1,0,2.23,3.15,3.01,2.25,3.2,3.25,2.4,3.33,3.24,2.03,1.74,2.05,1.75,2.08,1.83,2015-12-02
rc3GrYYR,1449298800,7248,Busan,Suwon City,0,2,2.41,3.09,2.74,,,,2.67,3.17,2.86,2.11,1.64,,,2.24,1.63,2015-12-05
fXAXGG6a,1457758800,7272,Seongnam,Suwon Bluewings,2,0,2.81,3.02,2.49,3.1,3.2,2.3,3.15,3.16,2.56,2.42,1.51,2.5,1.5,2.67,1.5,2016-03-12
n7BTHdig,1457758800,7272,Jeonbuk,Seoul,1,0,2.24,3.14,3.07,2.3,3.3,3.1,2.47,3.32,3.13,2.12,1.67,2.2,1.65,2.22,1.72,2016-03-12
YN9yGzM5,1457766000,7272,Pohang,Gwangju FC,3,3,1.71,3.3,4.95,1.7,3.4,5.5,1.72,3.62,5.92,2.28,1.56,2.35,1.57,2.38,1.63,2016-03-12
Uk3pEEjI,1457852400,7272,Sangmu,Ulsan,2,0,3.22,3.13,2.18,3.2,3.4,2.2,3.45,3.41,2.26,2.2,1.62,2.15,1.67,2.15,1.78,2016-03-13
bJUSJDcK,1457845200,7272,Jeonnam,Suwon City,0,0,2.01,3.23,3.59,2.0,3.2,4.0,1.99,3.42,4.35,2.05,1.71,2.15,1.67,2.27,1.68,2016-03-13
GnatFfyC,1457845200,7272,Jeju,Incheon,3,1,2.07,3.06,3.57,2.0,3.3,3.8,2.13,3.27,4.02,2.45,1.5,2.4,1.53,2.54,1.55,2016-03-13
OC2lDY5O,1458367200,7272,Suwon City,Seongnam,1,1,2.9,2.99,2.43,,,,,,,2.48,1.48,,,,,2016-03-19
231hChLU,1458370800,7272,Gwangju FC,Jeju,1,0,2.78,2.99,2.55,2.88,3.0,2.6,2.96,3.19,2.68,2.36,1.53,2.35,1.57,2.48,1.57,2016-03-19
xKI4FOnh,1458450000,7272,Seoul,Sangmu,4,0,1.56,3.67,6.01,1.5,4.0,7.0,1.56,4.05,7.17,2.04,1.72,2.05,1.75,2.13,1.79,2016-03-20
rcJ0G4Xo,1458450000,7272,Ulsan,Jeonbuk,0,0,3.35,3.06,2.18,3.2,3.2,2.3,3.3,3.2,2.45,2.33,1.54,2.4,1.53,2.54,1.55,2016-03-20
ShZWIXCQ,1458457200,7272,Suwon Bluewings,Jeonnam,2,2,1.76,3.35,4.59,1.8,3.4,4.75,1.83,3.55,5.11,2.2,1.62,2.25,1.62,2.38,1.63,2016-03-20
46KdHpIu,1458450000,7272,Incheon,Pohang,0,2,3.54,2.93,2.15,3.75,3.0,2.2,3.96,3.02,2.27,2.66,1.43,2.88,1.4,3.07,1.38,2016-03-20
lfM8Er2b,1459573200,7272,Suwon Bluewings,Sangmu,2,1,1.72,3.4,4.77,1.8,3.5,4.5,1.81,3.57,5.16,2.05,1.71,2.05,1.75,2.12,1.79,2016-04-02
WIBDD2H4,1459573200,7272,Seongnam,Pohang,1,0,2.65,2.92,2.72,2.8,3.0,2.7,2.92,3.05,2.82,2.6,1.44,2.6,1.48,2.67,1.5,2016-04-02
A9AHCMWA,1459573200,7272,Jeonbuk,Jeju,2,1,1.59,3.58,5.6,1.57,3.8,6.0,1.6,3.86,7.01,1.97,1.78,2.0,1.8,2.0,1.9,2016-04-02
vqFLBtnH,1459580400,7272,Seoul,Incheon,3,1,1.47,3.84,6.89,1.45,4.0,8.0,1.49,4.33,8.21,2.14,1.65,2.08,1.73,2.12,1.79,2016-04-02
IZDPA01N,1459666800,7272,Ulsan,Jeonnam,2,1,1.9,3.2,4.0,1.91,3.3,4.2,1.98,3.4,4.43,2.25,1.57,2.3,1.6,2.42,1.61,2016-04-03
U1LbEiLs,1459659600,7272,Suwon City,Gwangju FC,2,1,2.51,2.98,2.84,2.6,3.0,2.88,2.56,3.22,3.1,2.27,1.58,2.3,1.6,2.38,1.63,2016-04-03
0b3U9KGT,1460178000,7272,Sangmu,Suwon City,1,1,2.49,3.14,2.69,2.6,3.25,2.7,2.74,3.51,2.67,1.97,1.77,1.95,1.85,1.95,1.95,2016-04-09
xKfd5vPp,1460178000,7272,Gwangju FC,Ulsan,0,2,3.12,2.96,2.3,3.3,3.2,2.25,3.52,3.22,2.33,2.48,1.49,2.5,1.5,2.67,1.5,2016-04-09
jNrvUN1o,1460185200,7272,Incheon,Seongnam,2,3,3.12,2.98,2.32,3.5,3.0,2.25,3.44,3.17,2.39,2.55,1.46,2.5,1.5,2.63,1.52,2016-04-09
dzEvS1Wc,1460264400,7272,Pohang,Jeonbuk,1,1,2.58,2.97,2.74,2.6,3.0,2.9,2.61,3.29,2.96,2.33,1.55,2.25,1.62,2.34,1.65,2016-04-10
CQA3DBzl,1460271600,7272,Jeju,Suwon Bluewings,2,2,2.71,3.02,2.57,2.75,3.2,2.6,2.83,3.2,2.78,2.15,1.65,2.2,1.65,2.23,1.71,2016-04-10
UDsrTsHi,1460264400,7272,Jeonnam,Seoul,1,2,4.55,3.24,1.8,4.75,3.6,1.75,5.05,3.48,1.85,2.34,1.55,2.35,1.57,2.46,1.58,2016-04-10
zRCrRLo4,1460523600,7272,Suwon Bluewings,Pohang,1,1,2.46,3.0,2.88,2.6,3.0,2.88,2.62,3.18,2.99,2.3,1.57,2.35,1.57,2.38,1.63,2016-04-13
riGjPaGG,1460523600,7272,Jeonbuk,Incheon,1,1,1.41,4.18,7.53,1.44,4.33,7.0,1.51,4.28,7.69,1.93,1.81,2.0,1.8,2.09,1.82,2016-04-13
UmCnQu1A,1460523600,7272,Seongnam,Jeonnam,0,0,1.96,3.19,3.78,2.1,3.2,3.6,2.1,3.38,3.95,2.3,1.56,2.35,1.57,2.4,1.61,2016-04-13
O0E7CVkf,1460530800,7272,Suwon City,Ulsan,1,1,3.06,3.07,2.28,,,,3.33,3.33,2.36,2.27,1.57,,,2.33,1.65,2016-04-13
464aNwoT,1460530800,7272,Jeju,Sangmu,4,2,1.97,3.36,3.45,,,,2.06,3.69,3.73,1.84,1.9,,,1.89,2.01,2016-04-13
QF5eOJVM,1460523600,7272,Gwangju FC,Seoul,1,2,4.19,3.22,1.85,4.0,3.3,1.95,4.06,3.29,2.1,2.32,1.55,2.35,1.57,2.46,1.58,2016-04-13
xfZDt1oi,1460790000,7272,Sangmu,Pohang,2,0,3.03,3.14,2.28,3.2,3.25,2.25,3.21,3.31,2.43,2.12,1.67,2.15,1.67,2.23,1.71,2016-04-16
zkeVHH8j,1460786400,7272,Jeonbuk,Seongnam,3,2,1.86,3.27,4.03,1.91,3.3,4.2,1.93,3.57,4.39,2.11,1.67,2.08,1.73,2.2,1.74,2016-04-16
dbdRIcgp,1460782800,7272,Incheon,Suwon Bluewings,1,1,3.61,3.14,2.03,3.5,3.4,2.05,4.0,3.36,2.1,2.4,1.52,2.4,1.53,2.47,1.58,2016-04-16
INDBBk50,1460782800,7272,Seoul,Suwon City,3,0,1.48,3.98,6.32,1.5,4.0,7.0,1.48,4.61,7.56,1.87,1.87,1.85,1.95,1.85,2.06,2016-04-16
rixMvuG3,1460876400,7272,Ulsan,Jeju,0,1,2.1,3.17,3.35,2.1,3.4,3.4,2.17,3.35,3.75,2.09,1.68,2.08,1.73,2.2,1.74,2016-04-17
lUxIuL0c,1460869200,7272,Jeonnam,Gwangju FC,1,2,2.4,3.02,2.92,2.5,3.1,2.9,2.56,3.27,3.04,2.27,1.57,2.3,1.6,2.41,1.61,2016-04-17
MsyQwaV9,1461387600,7272,Jeju,Seongnam,2,2,2.27,3.14,3.04,2.25,3.4,3.1,2.33,3.34,3.38,2.07,1.69,2.08,1.73,2.16,1.76,2016-04-23
vJVUxJpG,1461394800,7272,Suwon City,Incheon,0,0,2.1,3.15,3.4,2.1,3.3,3.5,2.21,3.26,3.77,2.25,1.59,2.3,1.6,2.42,1.61,2016-04-23
A5h2KAUl,1461474000,7272,Sangmu,Jeonbuk,2,2,3.71,3.34,1.92,4.0,3.3,1.95,4.23,3.63,1.95,1.92,1.82,1.95,1.85,1.97,1.93,2016-04-24
dECFA9K6,1461474000,7272,Gwangju FC,Suwon Bluewings,1,1,3.7,3.21,1.97,3.6,3.5,2.0,4.17,3.54,1.99,2.19,1.62,2.15,1.67,2.29,1.67,2016-04-24
O8d6JUqe,1461477600,7272,Pohang,Jeonnam,0,1,1.82,3.28,4.28,1.83,3.5,4.33,1.96,3.46,4.42,2.17,1.63,2.3,1.6,2.38,1.63,2016-04-24
GrgbLjFr,1461474000,7272,Ulsan,Seoul,1,2,3.12,3.07,2.26,3.3,3.3,2.2,3.66,3.22,2.27,2.26,1.58,2.25,1.62,2.29,1.68,2016-04-24
6XoBIla1,1461996000,7272,Suwon Bluewings,Seoul,1,1,3.21,3.16,2.18,3.3,3.25,2.2,3.51,3.24,2.32,2.11,1.68,2.2,1.65,2.37,1.63,2016-04-30
Ek7K9TZC,1461999600,7272,Jeonbuk,Suwon City,3,1,1.52,4.0,5.54,1.5,4.0,7.0,1.52,4.48,6.98,1.66,2.12,1.65,2.2,1.63,2.36,2016-04-30
pOpFH8E7,1461992400,7272,Pohang,Jeju,1,0,2.48,3.05,2.81,2.63,3.2,2.7,2.58,3.26,3.03,2.25,1.59,2.3,1.6,2.33,1.65,2016-04-30
jLX0uC6E,1462078800,7272,Jeonnam,Sangmu,3,4,2.18,3.17,3.18,2.2,3.2,3.4,2.22,3.49,3.48,2.05,1.71,2.0,1.8,2.09,1.82,2016-05-01
CUYdthi8,1462078800,7272,Incheon,Ulsan,0,1,3.61,3.03,2.08,3.6,3.2,2.1,4.53,3.22,2.03,2.43,1.5,2.5,1.5,2.68,1.5,2016-05-01
YqN5vWLK,1462086000,7272,Seongnam,Gwangju FC,2,0,1.99,3.16,3.73,2.0,3.2,4.0,2.05,3.35,4.2,2.27,1.58,2.25,1.62,2.37,1.63,2016-05-01
nmR9wjyR,1462424400,7272,Ulsan,Seongnam,0,3,2.41,2.97,2.95,2.4,3.1,3.1,2.58,3.19,3.09,2.39,1.51,2.4,1.53,2.57,1.54,2016-05-05
rJCuYTbl,1462431600,7272,Gwangju FC,Sangmu,1,0,2.62,3.15,2.57,2.75,3.25,2.55,2.84,3.34,2.68,1.97,1.76,2.05,1.75,2.1,1.81,2016-05-05
4SDyZ9qr,1462424400,7272,Incheon,Jeonnam,0,0,2.88,2.95,2.49,3.1,3.1,2.4,3.13,3.09,2.62,2.41,1.51,2.6,1.48,2.79,1.46,2016-05-05
0f7pXmEf,1462597200,7272,Suwon City,Jeju,2,5,2.85,3.15,2.36,2.9,3.3,2.38,2.93,3.47,2.53,1.9,1.84,1.8,2.0,1.89,2.01,2016-05-07
ht6O8mkJ,1462694400,7272,Suwon Bluewings,Jeonbuk,2,3,2.74,3.1,2.47,2.88,3.4,2.38,3.03,3.31,2.54,2.04,1.71,2.05,1.75,2.18,1.75,2016-05-08
vo6lW7T0,1462683600,7272,Seoul,Pohang,1,3,1.63,3.45,5.44,1.67,3.75,5.0,1.71,3.65,6.0,2.27,1.57,2.25,1.62,2.41,1.61,2016-05-08
Yc2vgVzE,1463205600,7272,Ulsan,Pohang,0,0,2.44,2.99,2.9,2.6,3.1,2.8,2.72,3.15,2.94,2.37,1.52,2.4,1.53,2.61,1.52,2016-05-14
Cl1rhkjK,1463205600,7272,Seongnam,Seoul,2,3,3.4,3.09,2.15,3.8,3.1,2.1,3.54,3.28,2.28,2.24,1.59,2.25,1.62,2.35,1.64,2016-05-14
WhOeUobD,1463212800,7272,Suwon City,Suwon Bluewings,1,2,3.52,3.38,1.97,3.4,3.5,2.05,3.77,3.54,2.1,1.83,1.91,1.85,1.95,1.9,2.0,2016-05-14
tO5ni95Q,1463288400,7272,Sangmu,Incheon,4,2,1.88,3.23,4.01,1.91,3.4,4.0,1.99,3.38,4.42,2.17,1.63,2.25,1.62,2.29,1.67,2016-05-15
rXiEnTDs,1463295600,7272,Jeju,Jeonnam,3,0,1.92,3.39,3.73,2.0,3.4,3.75,2.05,3.52,3.95,1.93,1.8,1.95,1.85,2.02,1.88,2016-05-15
vaoNp7rf,1463806800,7272,Suwon Bluewings,Ulsan,2,4,1.86,3.2,4.24,1.83,3.25,4.75,1.92,3.49,4.63,2.2,1.62,2.25,1.62,2.26,1.69,2016-05-21
YLpRqRc0,1463810400,7272,Jeonnam,Jeonbuk,1,2,3.15,3.2,2.18,3.4,3.3,2.15,3.38,3.58,2.22,1.94,1.8,2.0,1.8,1.97,1.93,2016-05-21
QesJomTm,1463806800,7272,Sangmu,Seongnam,2,3,2.63,3.08,2.6,2.6,3.1,2.8,2.75,3.31,2.79,2.04,1.72,2.08,1.73,2.22,1.72,2016-05-21
hO0Ss5SC,1463900400,7272,Incheon,Gwangju FC,0,1,2.87,2.9,2.53,3.0,3.1,2.45,3.15,3.06,2.63,2.47,1.48,2.6,1.48,2.68,1.5,2016-05-22
6qf6XWRJ,1463893200,7272,Pohang,Suwon City,0,1,1.74,3.51,4.43,1.75,3.6,4.75,1.77,3.77,5.15,1.97,1.77,2.05,1.75,2.13,1.78,2016-05-22
bLiI4SZP,1464418800,7272,Gwangju FC,Suwon City,1,0,2.17,3.15,3.18,2.1,3.25,3.5,2.2,3.34,3.68,2.09,1.67,2.1,1.7,2.25,1.7,2016-05-28
pImE58KJ,1464415200,7272,Jeju,Ulsan,1,2,2.14,3.19,3.27,2.15,3.3,3.4,2.22,3.47,3.49,2.05,1.72,2.0,1.8,2.07,1.83,2016-05-28
WEaWtPsJ,1464411600,7272,Seongnam,Incheon,0,1,1.69,3.43,4.89,1.7,3.5,5.25,1.76,3.65,5.52,2.24,1.6,2.35,1.57,2.37,1.63,2016-05-28
rgTla6cm,1464505200,7272,Jeonbuk,Sangmu,3,2,1.58,3.91,5.05,1.57,4.0,5.5,1.62,4.32,5.67,1.58,2.26,1.6,2.3,1.63,2.38,2016-05-29
KnbAWjsQ,1464508800,7272,Pohang,Suwon Bluewings,2,2,2.96,3.02,2.38,3.0,3.2,2.3,3.12,3.22,2.53,2.28,1.56,2.4,1.53,2.49,1.57,2016-05-29
42Up0nrs,1464498000,7272,Seoul,Jeonnam,1,1,1.57,3.72,5.4,1.62,3.75,5.5,1.67,3.99,5.76,1.83,1.9,1.85,1.95,1.96,1.94,2016-05-29
Y75hVRr7,1465034400,7272,Gwangju FC,Jeonbuk,1,1,3.48,3.3,2.01,3.2,3.6,2.1,3.78,3.45,2.14,1.95,1.8,2.05,1.75,2.1,1.81,2016-06-04
CCqVroD6,1465203000,7272,Seoul,Jeju,3,4,1.57,3.85,5.33,1.57,3.8,6.0,1.62,4.23,5.81,1.73,2.02,1.8,2.0,1.79,2.12,2016-06-06
CSXhbQCg,1465632000,7272,Ulsan,Sangmu,1,0,1.76,3.51,4.24,1.65,3.75,4.5,1.86,3.79,4.47,1.85,1.89,1.8,2.0,1.85,2.06,2016-06-11
YsM1d4s6,1465639200,7272,Jeju,Gwangju FC,3,2,1.84,3.39,3.99,1.85,3.5,4.2,1.91,3.65,4.39,1.89,1.83,1.95,1.85,1.96,1.94,2016-06-11
jJWdcpSa,1465635600,7272,Suwon Bluewings,Incheon,2,2,1.6,3.6,5.48,1.6,3.75,5.75,1.6,3.94,6.79,2.03,1.73,2.08,1.73,2.14,1.78,2016-06-11
pIP5eOdC,1465714800,7272,Seongnam,Jeonbuk,2,2,3.12,3.09,2.25,3.4,3.2,2.2,3.46,3.25,2.34,2.12,1.66,2.15,1.67,2.27,1.68,2016-06-12
QTzwSAks,1465725600,7272,Suwon City,Seoul,0,3,5.72,3.83,1.53,6.0,4.2,1.5,6.27,4.08,1.61,1.82,1.92,1.8,2.0,1.88,2.02,2016-06-12
vuP9frCI,1465725600,7272,Jeonnam,Pohang,0,0,2.58,3.02,2.72,2.5,3.25,2.8,2.52,3.3,3.08,2.3,1.57,2.35,1.57,2.41,1.61,2016-06-12
jJhSCPRn,1465986600,7272,Seoul,Gwangju FC,3,2,1.48,4.02,6.29,1.44,4.0,7.5,1.51,4.47,7.29,1.78,1.97,1.75,2.05,1.77,2.15,2016-06-15
fm7dIo4P,1465984800,7272,Jeonnam,Ulsan,3,1,2.82,3.1,2.42,,,,2.94,3.31,2.6,2.14,1.65,,,2.24,1.71,2016-06-15
ddgOD5Ct,1465984800,7272,Jeonbuk,Suwon Bluewings,2,1,1.63,3.82,4.87,1.57,3.75,6.0,1.65,4.0,5.9,1.67,2.1,1.67,2.15,1.74,2.2,2016-06-15
4MdWBqsg,1465986600,7272,Pohang,Seongnam,3,1,2.43,3.06,2.86,2.5,3.3,2.75,2.6,3.24,3.02,2.28,1.59,2.35,1.57,2.39,1.62,2016-06-15
4KZtRU4m,1465986600,7272,Incheon,Suwon City,2,0,2.65,2.92,2.68,,,,2.9,3.01,2.87,2.32,1.56,,,2.63,1.52,2016-06-15
IVNDg2RO,1465984800,7272,Sangmu,Jeju,4,0,2.68,3.45,2.35,,,,2.79,3.79,2.48,1.55,2.33,,,1.58,2.47,2016-06-15
nonyB3da,1466240400,7272,Incheon,Jeonbuk,0,0,4.71,3.43,1.72,4.75,3.5,1.75,5.29,3.57,1.8,2.06,1.69,2.1,1.7,2.17,1.75,2016-06-18
KCar9sRB,1466244000,7272,Jeju,Pohang,3,1,2.17,3.21,3.18,2.15,3.2,3.5,2.32,3.42,3.32,1.9,1.84,1.95,1.85,1.96,1.94,2016-06-18
QyouANB5,1466244000,7272,Seoul,Suwon Bluewings,1,1,1.66,3.69,4.71,1.67,3.75,5.0,1.74,3.91,5.16,1.7,2.06,1.75,2.05,1.84,2.07,2016-06-18
belpQlKg,1466323200,7272,Ulsan,Suwon City,1,0,1.63,3.69,4.97,,,,1.67,3.99,5.71,1.89,1.84,1.95,1.85,1.98,1.92,2016-06-19
v1CGjZAp,1466330400,7272,Gwangju FC,Seongnam,1,1,2.57,3.04,2.68,2.7,3.0,2.8,2.82,3.24,2.77,2.14,1.65,2.2,1.65,2.29,1.67,2016-06-19
b3bn81tI,1466330400,7272,Sangmu,Jeonnam,3,2,2.22,3.27,3.01,2.2,3.3,3.3,2.33,3.52,3.2,1.8,1.94,1.8,2.0,1.85,2.05,2016-06-19
h4GKkgQj,1466845200,7272,Suwon Bluewings,Jeju,1,0,2.12,3.3,3.2,2.05,3.4,3.5,2.15,3.51,3.64,1.71,2.04,1.73,2.08,1.79,2.12,2016-06-25
6742Ex3i,1466848800,7272,Pohang,Seoul,2,1,3.41,3.22,2.05,3.5,3.3,2.1,3.68,3.52,2.13,2.01,1.74,2.05,1.75,2.07,1.83,2016-06-25
pb36DdIc,1466848800,7272,Jeonnam,Incheon,1,0,2.05,3.12,3.55,2.05,3.3,3.7,2.12,3.36,3.9,2.24,1.59,2.25,1.62,2.36,1.64,2016-06-25
2ZcBCGX3,1466935200,7272,Seongnam,Ulsan,0,1,2.37,3.1,2.93,2.38,3.2,3.0,2.5,3.22,3.13,2.23,1.6,2.3,1.6,2.41,1.61,2016-06-26
xnmlP8Za,1466935200,7272,Suwon City,Sangmu,0,3,2.8,3.33,2.32,2.88,3.3,2.4,3.03,3.57,2.38,1.68,2.09,1.65,2.2,1.67,2.3,2016-06-26
tQdFBzmA,1466935200,7272,Gwangju FC,Jeonbuk,1,1,3.65,3.31,1.95,3.75,3.4,2.0,4.08,3.58,2.0,1.94,1.81,1.95,1.85,2.01,1.89,2016-06-26
nNaN9EHM,1467196200,7272,Pohang,Ulsan,4,0,2.3,3.01,3.13,2.25,3.1,3.4,2.35,3.24,3.44,2.29,1.57,2.35,1.57,2.39,1.62,2016-06-29
zmdJAf2G,1467194400,7272,Jeonbuk,Jeonnam,2,1,1.52,3.87,5.74,1.53,3.6,7.5,1.57,4.29,6.36,1.74,2.01,1.73,2.08,1.79,2.12,2016-06-29
Wfyf4hup,1467196200,7272,Seoul,Seongnam,1,3,1.51,3.91,5.79,1.53,4.0,6.0,1.56,4.26,6.69,1.77,1.98,1.8,2.0,1.88,2.02,2016-06-29
0Uub3Cfj,1467196200,7272,Incheon,Sangmu,1,0,3.05,3.14,2.28,3.0,3.5,2.3,3.32,3.28,2.38,2.13,1.67,2.15,1.67,2.28,1.68,2016-06-29
UokS8YWS,1467196200,7272,Suwon Bluewings,Gwangju FC,0,2,1.83,3.38,4.02,1.83,3.6,4.2,1.89,3.69,4.44,1.97,1.78,2.05,1.75,2.04,1.86,2016-06-29
KAxgOSl6,1467198000,7272,Jeju,Suwon City,0,0,1.48,4.24,5.6,1.5,4.2,6.25,1.57,4.64,5.76,1.49,2.47,1.48,2.6,1.49,2.69,2016-06-29
vLv22W9d,1467453600,7272,Ulsan,Suwon Bluewings,2,1,2.2,3.09,3.19,2.15,3.1,3.6,2.29,3.34,3.46,2.06,1.7,2.08,1.73,2.15,1.78,2016-07-02
fTMlQZ13,1467453600,7272,Jeonnam,Seongnam,0,1,2.79,3.04,2.48,2.9,3.1,2.5,2.92,3.29,2.64,2.13,1.65,2.15,1.67,2.24,1.71,2016-07-02
tQIpRFnc,1467453600,7272,Sangmu,Seoul,2,1,3.06,3.4,2.13,3.25,3.5,2.1,3.27,3.66,2.24,1.61,2.21,1.65,2.2,1.67,2.3,2016-07-02
StLdODWF,1467540000,7272,Gwangju FC,Pohang,0,1,2.8,2.97,2.51,2.75,3.3,2.5,3.06,3.16,2.62,2.35,1.53,2.4,1.53,2.52,1.56,2016-07-03
ljMhPgH9,1467536400,7272,Incheon,Jeju,2,1,2.71,3.13,2.51,2.63,3.3,2.6,2.83,3.31,2.7,2.09,1.68,2.15,1.67,2.23,1.71,2016-07-03
YDtcNn4C,1467540000,7272,Suwon City,Jeonbuk,2,2,4.81,3.73,1.64,5.0,3.8,1.65,5.28,3.98,1.71,1.73,2.03,1.73,2.08,1.81,2.1,2016-07-03
nqybMi1S,1468058400,7272,Jeonnam,Jeju,2,1,2.7,3.16,2.48,3.0,3.1,2.45,2.89,3.32,2.64,1.81,1.93,1.8,2.0,1.88,2.02,2016-07-09
4ONPHB9q,1468058400,7272,Seoul,Ulsan,0,0,1.82,3.47,3.99,1.83,3.6,4.0,1.92,3.83,4.14,1.76,1.99,1.73,2.08,1.78,2.14,2016-07-09
8hxfNXoM,1468058400,7272,Gwangju FC,Incheon,2,2,1.88,3.14,4.2,1.83,3.25,4.75,1.89,3.38,4.95,2.46,1.49,2.5,1.5,2.61,1.52,2016-07-09
vsGxF9g2,1468144800,7272,Suwon Bluewings,Suwon City,1,0,1.57,3.83,5.26,1.55,3.8,6.0,1.59,4.28,6.08,1.69,2.09,1.67,2.15,1.73,2.2,2016-07-10
IRRTGVOk,1468144800,7272,Jeonbuk,Pohang,3,0,1.72,3.43,4.65,1.73,3.5,5.0,1.76,3.71,5.31,2.07,1.7,2.15,1.67,2.19,1.74,2016-07-10
0jHYFkvd,1468144800,7272,Seongnam,Sangmu,2,3,2.18,3.27,3.07,2.1,3.4,3.4,2.22,3.57,3.4,1.74,2.02,1.8,2.0,1.78,2.13,2016-07-10
lCcTyX0F,1468663200,7272,Suwon City,Jeonnam,1,2,2.55,3.13,2.66,2.55,3.2,2.75,2.73,3.21,2.89,1.97,1.77,2.0,1.8,2.1,1.81,2016-07-16
Sd9KwgW2,1468663200,7272,Ulsan,Gwangju FC,3,2,2.05,3.12,3.5,2.1,3.1,3.8,2.24,3.3,3.64,2.11,1.67,2.1,1.7,2.22,1.72,2016-07-16
6m8OxDo9,1468663200,7272,Jeju,Jeonbuk,1,2,3.01,3.4,2.15,3.6,3.3,2.05,3.39,3.74,2.16,1.59,2.25,1.6,2.3,1.61,2.42,2016-07-16
ncGWziGL,1468746000,7272,Incheon,Seoul,1,2,4.16,3.32,1.82,4.2,3.4,1.85,4.51,3.45,1.95,2.08,1.69,2.1,1.7,2.2,1.74,2016-07-17
Szt1M6JI,1468749600,7272,Suwon Bluewings,Seongnam,1,2,1.99,3.28,3.58,2.0,3.5,3.6,1.99,3.41,4.33,1.91,1.83,1.9,1.9,2.02,1.88,2016-07-17
tKFzzBVR,1468749600,7272,Pohang,Sangmu,0,2,2.34,3.2,2.86,2.4,3.3,2.88,2.56,3.36,2.97,1.85,1.89,1.85,1.95,1.97,1.93,2016-07-17
YHfFSSN1,1469010600,7272,Seoul,Jeonbuk,2,3,2.49,3.21,2.66,2.6,3.1,2.8,2.61,3.48,2.82,1.79,1.95,1.85,1.95,1.87,2.03,2016-07-20
6Rv5LQYO,1469010600,7272,Suwon City,Pohang,1,0,3.24,3.14,2.16,3.4,3.4,2.1,3.71,3.39,2.17,2.08,1.68,2.15,1.67,2.2,1.74,2016-07-20
nLbJRnw8,1469010600,7272,Seongnam,Jeju,0,0,2.39,3.25,2.75,2.5,3.4,2.7,2.51,3.55,2.9,1.75,2.01,1.8,2.0,1.84,2.06,2016-07-20
rT12VUwq,1469008800,7272,Sangmu,Suwon Bluewings,0,1,2.24,3.26,2.94,2.3,3.5,2.9,2.41,3.56,3.03,1.71,2.04,1.73,2.08,1.77,2.15,2016-07-20
04d7Ulgk,1469008800,7272,Gwangju FC,Jeonnam,0,0,2.16,3.13,3.25,2.2,3.2,3.4,2.3,3.28,3.51,2.15,1.64,2.15,1.67,2.26,1.69,2016-07-20
veeBT88e,1469010600,7272,Ulsan,Incheon,1,3,1.75,3.33,4.64,1.75,3.3,5.25,1.88,3.53,4.75,2.17,1.64,2.2,1.65,2.26,1.69,2016-07-20
jgPazus8,1469268000,7272,Pohang,Incheon,3,1,2.08,3.08,3.5,2.05,3.1,3.8,2.16,3.32,3.83,2.28,1.58,2.35,1.57,2.35,1.64,2016-07-23
UqO3ZbdE,1469268000,7272,Sangmu,Gwangju FC,0,4,2.01,3.25,3.53,1.95,3.6,3.5,2.04,3.37,4.14,1.94,1.8,2.0,1.8,2.05,1.85,2016-07-23
xAN7YIBK,1469268000,7272,Jeonnam,Suwon Bluewings,3,0,2.83,3.11,2.4,3.0,3.2,2.38,2.86,3.32,2.68,2.06,1.7,2.08,1.73,2.15,1.78,2016-07-23
MsavTdZs,1469354400,7272,Jeju,Seoul,3,2,2.47,3.36,2.58,2.38,3.5,2.8,2.67,3.65,2.65,1.64,2.16,1.65,2.2,1.72,2.22,2016-07-24
rqOmpABP,1469354400,7272,Seongnam,Suwon City,1,2,1.83,3.41,3.96,1.85,3.6,4.0,1.93,3.68,4.25,1.91,1.83,2.0,1.8,1.98,1.92,2016-07-24
G0MBXxRQ,1469354400,7272,Jeonbuk,Ulsan,2,1,1.66,3.75,4.53,1.62,4.0,5.25,1.68,4.17,5.28,1.63,2.19,1.62,2.25,1.66,2.32,2016-07-24
U72nRz4f,1469872800,7272,Ulsan,Jeonnam,0,2,2.06,3.3,3.33,2.2,3.4,3.2,2.08,3.67,3.69,1.87,1.87,1.85,1.95,1.92,1.98,2016-07-30
8b1jQfJ0,1469872800,7272,Suwon City,Sangmu,0,2,3.02,3.28,2.19,3.2,3.4,2.2,3.39,3.64,2.2,1.67,2.11,1.65,2.2,1.7,2.24,2016-07-30
zo3rSGll,1469872800,7272,Jeonbuk,Gwangju FC,3,0,1.56,3.94,5.2,1.57,4.33,5.0,1.61,4.13,6.24,1.71,2.06,1.7,2.1,1.76,2.16,2016-07-30
QZeePEY6,1469955600,7272,Incheon,Seongnam,2,2,2.61,2.93,2.76,2.7,2.88,2.88,2.7,3.09,3.02,2.38,1.52,2.4,1.53,2.61,1.52,2016-07-31
4QfaOYmD,1469959200,7272,Seoul,Pohang,2,0,1.82,3.38,4.18,1.75,3.75,4.33,1.87,3.56,4.75,1.98,1.77,2.05,1.75,2.05,1.85,2016-07-31
phAFuUJt,1469959200,7272,Suwon Bluewings,Jeju,5,3,2.08,3.35,3.23,2.1,3.4,3.4,2.21,3.57,3.42,1.69,2.09,1.67,2.15,1.73,2.21,2016-07-31
YwnEyqOT,1470218400,7272,Jeonbuk,Ulsan,1,1,1.56,3.97,5.11,1.6,4.2,5.0,1.61,4.18,6.03,1.6,2.23,1.7,2.1,1.74,2.19,2016-08-03
rkg1vovB,1470220200,7272,Seongnam,Seoul,1,2,3.15,3.3,2.12,3.3,3.3,2.15,3.33,3.54,2.26,1.82,1.91,1.8,2.0,1.88,2.02,2016-08-03
A10FU9An,1470823200,7272,Jeonbuk,Suwon City,2,1,1.3,5.17,8.37,1.3,5.25,9.5,1.34,5.76,9.58,1.47,2.54,1.48,2.6,1.48,2.72,2016-08-10
vF9JvlZn,1470825000,7272,Suwon Bluewings,Ulsan,0,0,2.22,3.25,3.05,2.25,3.3,3.2,2.32,3.44,3.29,1.93,1.81,2.0,1.8,2.02,1.88,2016-08-10
lhaJTTPh,1470825000,7272,Seongnam,Jeonnam,2,0,2.43,3.11,2.82,2.45,3.2,2.9,2.57,3.29,3.0,2.13,1.66,2.2,1.65,2.24,1.71,2016-08-10
SxBAVket,1470823200,7272,Gwangju FC,Incheon,1,1,1.99,3.08,3.81,1.91,3.4,4.0,2.06,3.21,4.41,2.43,1.5,2.6,1.48,2.67,1.5,2016-08-10
IR3NSmua,1470826800,7272,Jeju,Pohang,3,0,1.91,3.35,3.75,1.85,3.6,4.0,1.96,3.71,4.07,1.93,1.78,1.95,1.85,1.98,1.92,2016-08-10
ITrsmIQD,1470823200,7272,Sangmu,Seoul,1,2,3.23,3.43,2.03,3.4,3.75,2.0,3.57,3.68,2.11,1.64,2.16,1.7,2.1,1.73,2.21,2016-08-10
hpdzQoPH,1471082400,7272,Seoul,Suwon Bluewings,1,0,1.75,3.51,4.34,1.75,3.6,4.5,1.83,3.74,4.75,1.84,1.89,1.9,1.9,1.94,1.96,2016-08-13
vshWQR9B,1471082400,7272,Sangmu,Seongnam,2,2,2.0,3.26,3.55,2.0,3.3,3.8,2.16,3.35,3.79,1.86,1.88,1.95,1.85,1.98,1.92,2016-08-13
dI2RR7f5,1471082400,7272,Jeonnam,Incheon,2,1,2.12,3.12,3.4,2.1,3.25,3.6,2.18,3.35,3.73,2.22,1.6,2.25,1.62,2.32,1.66,2016-08-13
n7evP5vO,1471168800,7272,Jeju,Gwangju FC,1,2,1.5,3.97,6.23,1.4,4.5,8.0,1.48,4.41,8.18,1.83,1.91,1.73,2.08,1.97,1.93,2016-08-14
jkDNw8lg,1471168800,7272,Suwon City,Ulsan,1,2,3.08,3.24,2.2,3.5,3.25,2.1,3.33,3.53,2.28,1.94,1.8,1.95,1.85,2.0,1.9,2016-08-14
QcfrOPgU,1471168800,7272,Pohang,Jeonbuk,0,0,3.71,3.3,1.94,4.0,3.4,1.91,4.0,3.55,2.01,1.93,1.81,1.95,1.85,2.0,1.9,2016-08-14
YD2SxS3a,1471429800,7272,Suwon Bluewings,Pohang,1,1,2.05,3.15,3.53,2.05,3.25,3.75,2.12,3.34,3.93,2.17,1.63,2.2,1.65,2.33,1.65,2016-08-17
E91prTvn,1471429800,7272,Ulsan,Sangmu,2,3,2.2,3.28,3.04,2.1,3.6,3.2,2.24,3.57,3.34,1.78,1.97,1.8,2.0,1.8,2.11,2016-08-17
4bfcuRO4,1471431600,7272,Incheon,Jeonbuk,1,3,4.35,3.46,1.76,4.5,3.4,1.83,4.56,3.7,1.87,1.94,1.81,1.95,1.85,1.96,1.94,2016-08-17
zJ2tq9Pu,1471428000,7272,Jeonnam,Seoul,1,4,3.07,3.32,2.16,3.2,3.4,2.2,3.32,3.47,2.3,1.83,1.91,1.95,1.85,1.95,1.95,2016-08-17
MZ4ht79b,1471429800,7272,Seongnam,Gwangju FC,0,1,2.33,3.1,2.99,2.45,3.2,2.9,2.58,3.22,3.07,2.13,1.66,2.15,1.67,2.27,1.68,2016-08-17
8W0lsmfh,1471429800,7272,Suwon City,Jeju,5,3,3.42,3.4,1.99,3.6,3.5,2.0,3.67,3.76,2.06,1.61,2.21,1.53,2.4,1.62,2.39,2016-08-17
jFd9xP8N,1471687200,7272,Pohang,Sangmu,1,0,2.43,3.18,2.76,2.45,3.3,2.8,2.55,3.41,2.94,1.91,1.82,1.95,1.85,2.02,1.88,2016-08-20
COc5w5gH,1471687200,7272,Suwon Bluewings,Jeonnam,1,1,2.19,3.14,3.16,2.3,3.4,3.0,2.43,3.19,3.28,1.98,1.77,2.08,1.73,2.15,1.77,2016-08-20
8WxtX2Wp,1471770000,7272,Incheon,Jeju,0,1,2.98,3.27,2.24,3.1,3.4,2.25,3.14,3.32,2.47,1.86,1.87,1.95,1.85,2.04,1.86,2016-08-21
C41WynJ5,1471773600,7272,Gwangju FC,Suwon City,0,0,1.91,3.33,3.77,1.95,3.6,3.6,2.07,3.59,3.88,1.95,1.79,1.9,1.9,1.98,1.92,2016-08-21
0QPRf6Oi,1472292000,7272,Ulsan,Gwangju FC,1,1,2.22,3.2,3.07,2.3,3.4,3.0,2.48,3.32,3.12,2.05,1.71,2.1,1.7,2.17,1.75,2016-08-27
I1KWgQwb,1472292000,7272,Suwon City,Incheon,2,0,2.22,3.16,3.1,2.2,3.4,3.2,2.46,3.34,3.14,2.06,1.7,2.1,1.7,2.14,1.78,2016-08-27
MZQNen9o,1472292000,7272,Jeju,Seongnam,1,0,1.95,3.43,3.54,1.85,3.4,4.33,1.95,3.71,4.12,1.67,2.1,1.67,2.15,1.7,2.25,2016-08-27
jFIvh48A,1472378400,7272,Seoul,Jeonbuk,1,3,2.49,3.18,2.68,2.55,3.25,2.75,2.67,3.28,2.89,1.88,1.86,1.95,1.85,1.99,1.91,2016-08-28
tv6zy6YB,1472378400,7272,Sangmu,Suwon Bluewings,1,1,2.5,3.29,2.6,2.63,3.4,2.55,2.75,3.46,2.69,1.75,2.0,1.75,2.05,1.78,2.14,2016-08-28
dhJzgpg4,1472378400,7272,Jeonnam,Pohang,2,1,2.52,3.06,2.74,2.5,3.2,2.88,2.65,3.24,2.96,2.29,1.57,2.35,1.57,2.43,1.6,2016-08-28
657eJt79,1472896800,7272,Seoul,Ulsan,2,2,1.72,3.51,4.53,1.75,3.6,4.5,1.81,3.73,4.9,1.87,1.87,1.85,1.95,1.95,1.95,2016-09-03
4IMriONG,1473498000,7272,Incheon,Seoul,1,0,3.67,3.26,1.97,3.8,3.5,1.95,4.16,3.41,2.04,2.04,1.72,2.1,1.7,2.17,1.75,2016-09-10
nsCmjrwN,1473487200,7272,Jeonbuk,Jeonnam,2,2,1.58,3.79,5.23,1.65,3.8,5.25,1.65,4.1,5.65,1.68,2.1,1.7,2.1,1.74,2.2,2016-09-10
QXAik2hT,1473501600,7272,Pohang,Suwon City,2,3,2.04,3.22,3.5,2.0,3.3,3.75,2.17,3.49,3.6,2.06,1.71,2.05,1.75,2.11,1.81,2016-09-10
KU4vzQmI,1473498000,7272,Seongnam,Suwon Bluewings,1,2,2.88,3.11,2.39,3.0,3.2,2.38,3.29,3.26,2.41,2.02,1.73,2.05,1.75,2.13,1.79,2016-09-10
z7dNqtGj,1473584400,7272,Gwangju FC,Sangmu,1,0,2.25,3.13,3.12,2.2,3.3,3.25,2.28,3.3,3.52,2.2,1.62,2.25,1.62,2.34,1.65,2016-09-11
dGcJpM0p,1473584400,7272,Jeju,Ulsan,1,1,2.09,3.35,3.23,2.2,3.4,3.1,2.34,3.53,3.19,1.76,1.99,1.8,2.0,1.83,2.07,2016-09-11
jFvA7q8c,1474102800,7272,Seongnam,Suwon City,2,1,2.18,3.29,3.08,2.1,3.6,3.2,2.19,3.56,3.47,1.91,1.83,1.9,1.9,1.99,1.91,2016-09-17
pxvE63N3,1474106400,7272,Jeonnam,Gwangju FC,2,0,2.35,3.05,2.96,2.5,3.2,2.88,2.59,3.16,3.1,2.31,1.56,2.4,1.53,2.53,1.56,2016-09-17
t4XM4shG,1474182000,7272,Seoul,Jeju,0,0,1.93,3.49,3.52,1.95,3.6,3.6,2.05,3.72,3.72,1.63,2.2,1.65,2.2,1.69,2.26,2016-09-18
xCz68Phi,1474189200,7272,Incheon,Sangmu,0,0,2.53,3.07,2.72,,,,2.76,3.18,2.89,2.13,1.63,,,2.36,1.64,2016-09-18
OSxI5NxA,1474189200,7272,Ulsan,Pohang,1,0,2.22,3.08,3.16,2.3,3.1,3.3,2.37,3.27,3.35,2.18,1.62,2.2,1.65,2.28,1.68,2016-09-18
2gfqZq3O,1474189200,7272,Jeonbuk,Suwon Bluewings,1,1,1.75,3.52,4.37,1.7,3.8,4.75,1.72,3.74,5.7,1.87,1.86,1.95,1.85,1.99,1.91,2016-09-18
dzQ4dJad,1474455600,7272,Jeju,Jeonbuk,2,2,2.42,3.31,2.71,2.3,3.6,2.8,2.43,3.46,3.04,1.79,1.97,1.8,2.0,1.84,2.06,2016-09-21
KfWQ317M,1474452000,7272,Jeonnam,Sangmu,1,0,2.23,3.22,3.05,2.15,3.4,3.25,2.33,3.48,3.26,2.02,1.74,2.1,1.7,2.14,1.78,2016-09-21
zLydbuVq,1474453800,7272,Ulsan,Seongnam,2,1,2.01,3.25,3.58,1.95,3.5,3.8,2.07,3.46,3.96,2.06,1.71,2.08,1.73,2.13,1.79,2016-09-21
EHVU2LMS,1474452000,7272,Gwangju FC,Suwon Bluewings,1,1,2.54,3.08,2.72,2.4,3.2,3.0,2.53,3.23,3.12,2.17,1.64,2.2,1.65,2.27,1.68,2016-09-21
IqR0capj,1474453800,7272,Pohang,Incheon,0,1,2.03,3.03,3.78,2.05,3.2,3.8,2.14,3.16,4.06,2.65,1.43,2.7,1.44,,,2016-09-21
GdbmY3IU,1474453800,7272,Suwon City,Seoul,0,1,3.62,3.47,1.91,4.0,3.4,1.91,3.93,3.86,1.97,1.63,2.18,1.65,2.2,1.63,2.38,2016-09-21
OtIjKMi3,1474707600,7272,Jeonbuk,Seongnam,1,0,1.52,4.0,5.56,1.57,4.0,5.5,1.57,4.2,6.7,1.68,2.07,1.7,2.1,1.73,2.21,2016-09-24
pjJnL2xc,1474711200,7272,Pohang,Gwangju FC,1,0,2.54,3.01,2.79,2.55,3.0,3.0,2.55,3.19,3.13,2.4,1.52,2.5,1.5,2.63,1.52,2016-09-24
K8BaI0MF,1474696800,7272,Incheon,Suwon Bluewings,2,2,3.29,3.06,2.2,3.5,3.1,2.2,3.63,3.17,2.3,2.28,1.58,2.3,1.6,2.33,1.65,2016-09-24
C4ZS0Yjr,1474786800,7272,Sangmu,Jeju,1,5,2.83,3.18,2.38,2.8,3.3,2.45,3.0,3.23,2.62,1.94,1.8,2.0,1.8,2.03,1.87,2016-09-25
hIZhgmlt,1474786800,7272,Suwon City,Jeonnam,0,0,2.74,3.16,2.46,2.9,3.2,2.45,3.0,3.39,2.52,1.96,1.79,2.0,1.8,2.0,1.9,2016-09-25
4Kmxcjj7,1475384400,7272,Seongnam,Pohang,1,4,2.28,3.09,3.09,2.25,3.2,3.2,2.4,3.28,3.3,2.24,1.59,2.3,1.6,2.36,1.64,2016-10-02
INitdA5D,1475384400,7272,Gwangju FC,Seoul,1,2,3.05,3.07,2.28,3.2,3.25,2.25,3.47,3.3,2.25,2.21,1.62,2.25,1.62,2.18,1.75,2016-10-02
W6kUbCLf,1475384400,7272,Sangmu,Jeonbuk,1,1,4.72,3.75,1.64,5.5,4.0,1.57,5.82,4.16,1.63,1.64,2.16,1.75,2.05,1.84,2.06,2016-10-02
jeYWah6l,1475384400,7272,Suwon Bluewings,Suwon City,4,5,1.83,3.42,4.02,1.85,3.5,4.2,1.91,3.69,4.26,1.9,1.83,1.95,1.85,1.97,1.93,2016-10-02
AclYcWz1,1475384400,7272,Ulsan,Incheon,2,3,1.84,3.24,4.21,1.91,3.5,4.0,1.93,3.45,4.61,2.22,1.61,2.2,1.65,2.29,1.67,2016-10-02
KSVOKgrE,1475384400,7272,Jeonnam,Jeju,0,2,2.68,3.17,2.48,2.8,3.4,2.4,3.23,3.4,2.35,1.83,1.91,1.85,1.95,1.94,1.96,2016-10-02
p61YfqJ0,1476511200,7272,Seoul,Ulsan,2,0,1.86,3.52,3.85,2.0,3.5,3.6,2.03,3.63,3.9,1.77,1.98,1.8,2.0,1.82,2.09,2016-10-15
YVcUeP3f,1476511200,7272,Jeonbuk,Jeju,2,3,1.74,3.63,4.36,1.75,3.6,4.75,1.87,3.82,4.44,1.66,2.1,1.67,2.15,1.72,2.22,2016-10-15
WMsTCHvn,1476511200,7272,Pohang,Suwon Bluewings,2,2,2.63,2.99,2.67,2.7,3.1,2.7,2.86,3.01,2.87,2.21,1.61,2.25,1.62,2.27,1.68,2016-10-15
SUjwf3Y6,1476597600,7272,Sangmu,Jeonnam,0,1,2.66,3.16,2.55,2.63,3.1,2.75,2.78,3.26,2.79,1.97,1.78,2.0,1.8,2.07,1.83,2016-10-16
MPFEOEwb,1476597600,7272,Suwon City,Gwangju FC,1,2,2.56,3.06,2.68,2.6,3.2,2.75,2.74,3.15,2.91,2.03,1.72,2.08,1.73,2.14,1.78,2016-10-16
0dnXByfh,1476597600,7272,Seongnam,Incheon,0,0,2.29,3.06,3.09,2.4,3.2,3.0,2.54,3.13,3.21,2.29,1.57,2.4,1.53,2.46,1.58,2016-10-16
vmoyBe9b,1477116000,7272,Suwon Bluewings,Seongnam,2,0,1.84,3.4,3.94,1.8,3.5,4.5,1.84,3.67,4.79,1.86,1.87,1.9,1.9,1.93,1.97,2016-10-22
6LksgNmD,1477117200,7272,Seoul,Sangmu,2,2,1.42,4.2,6.58,1.44,4.0,8.5,1.44,4.79,8.35,1.59,2.25,1.6,2.3,1.64,2.36,2016-10-22
fyqPH6QD,1477116000,7272,Ulsan,Jeonbuk,0,0,3.12,3.24,2.17,3.2,3.4,2.2,3.38,3.41,2.29,1.81,1.93,1.8,2.0,1.91,1.99,2016-10-22
MBztAFO4,1477202400,7272,Incheon,Gwangju FC,2,0,2.71,2.94,2.64,2.88,3.2,2.5,3.24,2.93,2.66,2.48,1.49,2.5,1.5,2.66,1.5,2016-10-23
0GEINYh4,1477202400,7272,Pohang,Suwon City,0,1,2.22,3.17,3.1,2.25,3.25,3.2,2.34,3.44,3.26,1.99,1.75,2.05,1.75,2.05,1.85,2016-10-23
YRsTGQuK,1477202400,7272,Jeju,Jeonnam,5,3,1.84,3.43,3.98,1.83,3.6,4.2,1.91,3.62,4.43,1.85,1.89,1.95,1.85,1.99,1.91,2016-10-23
EJhm8ggH,1477720800,7272,Gwangju FC,Seongnam,0,0,2.11,3.07,3.44,2.1,3.2,3.6,2.18,3.05,4.21,2.28,1.57,2.3,1.6,2.41,1.61,2016-10-29
GjXXFpeQ,1477720800,7272,Jeonnam,Jeonbuk,0,5,5.51,3.65,1.58,6.0,4.0,1.53,7.08,3.88,1.6,1.77,1.97,1.8,2.0,1.87,2.03,2016-10-29
Kdgq9ZwB,1477720800,7272,Incheon,Pohang,3,2,2.61,2.98,2.71,2.7,3.1,2.7,2.91,3.07,2.81,2.34,1.54,2.4,1.53,2.47,1.58,2016-10-29
hCOaB43s,1477807200,7272,Sangmu,Ulsan,1,2,3.1,3.28,2.18,3.3,3.4,2.15,3.46,3.49,2.23,1.87,1.87,1.95,1.85,1.95,1.95,2016-10-30
hAii7D8N,1477810800,7272,Suwon City,Suwon Bluewings,2,3,2.85,3.3,2.3,3.1,3.25,2.3,3.08,3.56,2.39,1.75,2.02,1.75,2.05,1.8,2.11,2016-10-30
nZN3AOIm,1477807200,7272,Jeju,Seoul,0,2,2.64,3.29,2.45,2.75,3.3,2.5,2.87,3.53,2.55,1.68,2.08,1.73,2.08,1.76,2.16,2016-10-30
CfYN1iWp,1478082600,7272,Suwon Bluewings,Incheon,3,2,1.79,3.45,4.22,1.75,3.75,4.33,1.83,3.77,4.72,1.88,1.85,1.9,1.9,1.93,1.97,2016-11-02
QPM79rYg,1478082600,7272,Seoul,Jeonnam,2,1,1.37,4.57,7.43,1.36,4.5,9.0,1.41,5.03,8.39,1.53,2.35,1.53,2.4,1.57,2.48,2016-11-02
pSx97M26,1478080800,7272,Jeonbuk,Sangmu,4,1,1.22,5.61,11.13,1.22,6.5,11.0,1.28,6.42,11.71,1.39,2.76,1.4,2.88,,,2016-11-02
6yv582m0,1478082600,7272,Ulsan,Jeju,0,0,2.39,3.19,2.8,2.5,3.3,2.75,2.55,3.37,2.98,1.82,1.92,1.85,1.95,1.91,1.99,2016-11-02
Aond6XNT,1478080800,7272,Gwangju FC,Pohang,1,1,2.39,2.99,2.95,2.4,3.1,3.1,2.54,3.13,3.21,2.27,1.57,2.35,1.57,2.34,1.65,2016-11-02
8tEMMh8A,1478082600,7272,Seongnam,Suwon City,1,2,2.31,3.17,2.86,2.5,3.3,2.8,2.44,3.47,3.07,1.87,1.86,1.85,1.95,1.93,1.97,2016-11-02
SUEtxSwI,1478080800,7272,Gangwon,Busan,1,0,2.27,3.18,3.05,,,,,,,2.02,1.82,,,,,2016-11-02
v1Q9PfOi,1478325600,7272,Pohang,Seongnam,1,0,1.83,3.36,3.95,1.8,3.6,4.33,1.86,3.78,4.59,2.02,1.74,2.0,1.8,2.09,1.82,2016-11-05
b1wigP3O,1478322000,7272,Bucheon,Gangwon,1,2,2.22,3.14,3.07,,,,,,,2.19,1.63,,,,,2016-11-05
nXCQLCNG,1478325600,7272,Suwon Bluewings,Gwangju FC,1,1,2.0,3.36,3.43,2.05,3.3,3.6,2.13,3.68,3.52,1.75,2.01,1.75,2.05,1.75,2.18,2016-11-05
QcM5Qz9o,1478325600,7272,Incheon,Suwon City,1,0,2.77,3.27,2.36,2.9,3.3,2.4,3.11,3.55,2.37,1.71,2.07,1.73,2.08,1.77,2.15,2016-11-05
vkxD6tIC,1478412000,7272,Jeonbuk,Seoul,0,1,1.97,3.41,3.5,2.0,3.5,3.6,2.06,3.65,3.78,1.73,2.03,1.8,2.0,1.77,2.16,2016-11-06
hhtH50XI,1478412000,7272,Jeonnam,Ulsan,1,1,2.67,3.22,2.5,2.75,3.2,2.6,2.8,3.47,2.63,1.84,1.9,1.85,1.95,1.92,1.98,2016-11-06
hWrPDcPu,1478412000,7272,Jeju,Sangmu,3,0,1.62,3.97,4.7,1.67,3.8,5.0,1.67,4.35,5.07,1.47,2.53,1.44,2.7,1.46,2.77,2016-11-06
SxisA5o2,1479376800,7272,Gangwon,Seongnam,0,0,2.47,2.97,2.9,2.3,3.0,3.4,2.58,3.07,3.21,2.35,1.55,2.35,1.57,2.54,1.55,2016-11-17
ttuPYlO2,1479621600,7272,Seongnam,Gangwon,1,1,2.35,3.02,3.0,2.38,3.1,3.1,2.47,3.23,3.22,2.34,1.52,2.5,1.5,2.61,1.52,2016-11-20
84pxlqZg,1488607200,7250,Gwangju FC,Daegu,1,0,2.36,2.97,2.98,2.38,3.1,3.1,2.46,3.13,3.34,2.55,1.47,2.6,1.48,2.7,1.49,2017-03-04
UDoYlPJm,1488607200,7250,Ulsan,Pohang,2,1,2.08,3.07,3.54,2.05,3.3,3.6,2.22,3.13,3.93,2.38,1.53,2.35,1.57,2.48,1.58,2017-03-04
jTZtm3l0,1488607200,7250,Sangmu,Gangwon,1,2,2.44,3.06,2.84,2.45,3.25,2.9,2.61,3.36,2.91,2.23,1.59,2.25,1.62,,,2017-03-04
23wonN36,1488693600,7250,Jeonbuk,Jeonnam,2,1,1.59,3.67,5.34,1.62,3.75,5.5,1.64,3.93,6.26,1.87,1.88,1.85,1.95,1.92,1.98,2017-03-05
dQxkosJC,1488693600,7250,Seoul,Suwon Bluewings,1,1,2.27,3.16,3.03,2.38,3.2,3.0,2.42,3.43,3.13,2.09,1.69,2.08,1.73,2.1,1.81,2017-03-05
zHygp1YI,1488693600,7250,Incheon,Jeju,0,1,3.59,3.07,2.07,3.8,3.2,2.05,4.12,3.3,2.08,2.36,1.54,2.35,1.57,2.41,1.61,2017-03-05
CYKy9pBJ,1489208400,7250,Daegu,Incheon,2,2,2.17,3.0,3.44,2.1,3.1,3.8,2.21,3.2,3.85,2.52,1.49,2.6,1.48,2.66,1.5,2017-03-11
M7AB2rlm,1489212000,7250,Gangwon,Seoul,0,1,2.85,3.12,2.43,2.8,3.1,2.63,2.98,3.35,2.56,2.08,1.71,2.1,1.7,2.17,1.75,2017-03-11
jPJu84QP,1489212000,7250,Suwon Bluewings,Jeonbuk,0,2,2.68,3.18,2.52,2.75,3.1,2.63,2.78,3.47,2.65,1.8,1.95,1.8,2.0,1.86,2.04,2017-03-11
84673OYt,1489212000,7250,Jeju,Ulsan,3,0,2.15,3.24,3.21,2.2,3.1,3.5,2.18,3.63,3.43,1.89,1.85,1.9,1.9,1.92,1.98,2017-03-11
rNbK0MIa,1489298400,7250,Pohang,Gwangju FC,2,0,2.15,3.0,3.47,2.15,3.2,3.5,2.32,3.06,3.73,2.47,1.5,2.5,1.5,2.63,1.51,2017-03-12
4WaG123g,1489298400,7250,Jeonnam,Sangmu,1,3,2.16,3.14,3.32,2.2,3.2,3.4,2.3,3.24,3.56,2.11,1.68,2.1,1.7,2.18,1.75,2017-03-12
v9vJLNfP,1489816800,7250,Incheon,Jeonbuk,0,0,4.64,3.39,1.74,4.75,3.5,1.75,5.52,3.52,1.79,2.18,1.64,2.2,1.65,2.29,1.67,2017-03-18
jmbOatY5,1489816800,7250,Gangwon,Pohang,2,2,2.35,3.08,2.98,2.3,3.25,2.88,2.45,3.19,3.3,2.28,1.58,2.35,1.57,2.43,1.6,2017-03-18
tIQpHs3t,1489910400,7250,Jeju,Jeonnam,2,0,1.68,3.68,4.62,1.62,3.75,5.5,1.67,4.11,5.52,1.73,2.04,1.8,2.0,1.79,2.12,2017-03-19
UwcSb0mC,1489903200,7250,Ulsan,Sangmu,0,1,1.83,3.45,4.03,1.75,3.75,4.5,1.81,3.76,4.86,1.87,1.86,1.95,1.85,1.98,1.92,2017-03-19
Q5jycvIO,1489906800,7250,Seoul,Gwangju FC,2,1,1.92,3.24,3.87,2.0,3.4,3.75,2.07,3.43,3.98,2.17,1.64,2.3,1.6,2.31,1.66,2017-03-19
C2nXcK2I,1489903200,7250,Suwon Bluewings,Daegu,1,1,1.81,3.37,4.28,1.83,3.5,4.2,1.88,3.56,4.67,2.14,1.67,2.2,1.65,2.25,1.69,2017-03-19
W6JcEuma,1491026400,7250,Jeonnam,Pohang,1,3,2.53,3.06,2.77,2.5,3.1,2.9,2.68,3.31,2.86,2.15,1.66,2.15,1.67,2.2,1.75,2017-04-01
bgLkG1In,1491026400,7250,Sangmu,Daegu,1,1,2.29,3.1,3.06,2.38,3.2,3.0,2.5,3.32,3.03,2.12,1.67,2.1,1.7,2.18,1.75,2017-04-01
xpKgFLXh,1491026400,7250,Incheon,Suwon Bluewings,3,3,3.43,3.09,2.13,3.5,3.3,2.1,3.81,3.26,2.19,2.32,1.56,2.35,1.57,2.37,1.63,2017-04-01
CGR5CJHB,1491112800,7250,Ulsan,Gangwon,2,1,1.93,3.27,3.89,1.91,3.3,4.2,1.95,3.53,4.45,2.19,1.63,2.2,1.65,2.28,1.68,2017-04-02
Uix1Da25,1491112800,7250,Jeonbuk,Seoul,1,0,2.01,3.32,3.53,2.0,3.4,3.75,2.22,3.38,3.59,1.94,1.81,2.0,1.8,2.0,1.9,2017-04-02
j7Q9BwXH,1491112800,7250,Jeju,Gwangju FC,1,1,1.64,3.62,5.07,1.67,3.5,5.5,1.72,3.84,5.47,1.95,1.8,2.0,1.8,2.07,1.83,2017-04-02
bXTH9H1U,1491631200,7250,Seoul,Jeju,0,0,2.41,3.15,2.85,2.4,3.2,3.0,2.54,3.29,3.01,2.03,1.74,2.0,1.8,2.02,1.88,2017-04-08
KtVDAcnO,1491631200,7250,Gwangju FC,Ulsan,1,1,3.03,3.01,2.37,3.1,3.1,2.38,3.33,3.18,2.44,2.45,1.51,2.4,1.53,2.57,1.54,2017-04-08
OfeOU0Xu,1491631200,7250,Suwon Bluewings,Sangmu,0,0,1.94,3.39,3.66,1.95,3.5,3.75,1.99,3.56,4.05,1.9,1.84,1.95,1.85,1.92,1.98,2017-04-08
xbaSTKnn,1491638400,7250,Gangwon,Jeonbuk,1,1,3.96,3.39,1.87,4.2,3.5,1.85,4.32,3.59,1.94,2.03,1.73,2.0,1.8,2.11,1.81,2017-04-08
ABczSbHb,1491717600,7250,Daegu,Jeonnam,2,1,2.34,3.09,3.01,2.4,3.1,3.1,2.42,3.29,3.25,2.17,1.64,2.15,1.67,2.19,1.74,2017-04-09
WKbWSv2h,1491717600,7250,Pohang,Incheon,2,0,1.84,3.27,4.29,1.91,3.5,4.0,1.99,3.37,4.42,2.27,1.59,2.3,1.6,2.37,1.63,2017-04-09
jNEXQIW4,1492236000,7250,Incheon,Jeonnam,1,3,2.45,3.06,2.85,2.5,3.0,3.0,2.56,3.24,3.06,2.26,1.59,2.3,1.6,2.33,1.65,2017-04-15
UDDyQxnB,1492236000,7250,Pohang,Daegu,2,1,2.01,3.25,3.58,2.05,3.3,3.6,2.05,3.44,4.06,2.07,1.7,2.1,1.7,2.18,1.73,2017-04-15
zDu97UVq,1492322400,7250,Jeju,Gangwon,1,2,1.67,3.58,4.92,1.62,3.6,6.0,1.69,3.85,5.74,1.89,1.86,2.0,1.8,2.01,1.89,2017-04-16
OzDuPd1H,1492322400,7250,Jeonbuk,Sangmu,4,1,1.61,3.72,5.13,1.67,3.75,5.0,1.65,4.14,5.61,1.75,2.02,1.7,2.1,1.75,2.17,2017-04-16
dSTH580d,1492322400,7250,Ulsan,Seoul,1,1,3.09,3.08,2.28,3.6,3.0,2.2,3.29,3.4,2.34,2.13,1.66,2.15,1.67,2.23,1.72,2017-04-16
IyVD6loj,1492322400,7250,Suwon Bluewings,Gwangju FC,0,0,1.93,3.13,4.04,1.91,3.2,4.33,1.97,3.3,4.78,2.21,1.62,2.25,1.62,2.33,1.65,2017-04-16
CfEGQ9xM,1492840800,7250,Jeonnam,Ulsan,5,0,2.64,3.11,2.58,2.63,3.3,2.6,2.87,3.36,2.64,2.01,1.74,2.05,1.75,2.06,1.84,2017-04-22
prNaUiwc,1492840800,7250,Jeju,Daegu,4,2,1.69,3.53,4.82,1.67,3.6,5.25,1.74,3.78,5.38,1.92,1.83,1.95,1.85,1.98,1.92,2017-04-22
IXECRkNF,1492848000,7250,Seoul,Incheon,3,0,1.57,3.65,5.94,1.55,3.7,6.5,1.62,3.81,6.84,2.09,1.69,2.1,1.7,2.2,1.74,2017-04-22
OYL3TBh3,1492840800,7250,Gangwon,Suwon Bluewings,1,2,2.93,3.07,2.4,3.2,3.0,2.38,3.02,3.37,2.52,2.19,1.63,2.15,1.67,2.22,1.72,2017-04-22
joDKPTiS,1492927200,7250,Sangmu,Gwangju FC,1,0,2.22,3.07,3.27,2.2,3.1,3.5,2.26,3.3,3.58,2.18,1.64,2.25,1.62,2.26,1.69,2017-04-23
6cB8SV79,1492927200,7250,Jeonbuk,Pohang,2,0,1.69,3.48,4.97,1.73,3.4,5.25,1.71,3.75,5.76,1.93,1.82,1.95,1.85,2.0,1.9,2017-04-23
WvemLm0q,1493445600,7250,Jeonnam,Gangwon,2,1,2.2,3.16,3.16,2.15,3.2,3.5,2.21,3.58,3.36,1.96,1.8,1.95,1.85,1.96,1.94,2017-04-29
AVgiK7Fk,1493445600,7250,Pohang,Sangmu,1,2,2.2,3.25,3.08,2.3,3.3,3.1,2.32,3.55,3.21,1.93,1.81,2.0,1.8,2.02,1.88,2017-04-29
4hgeJRUe,1493532000,7250,Gwangju FC,Jeonbuk,1,0,4.68,3.27,1.75,5.0,3.5,1.73,5.03,3.48,1.85,2.3,1.57,2.35,1.57,2.44,1.59,2017-04-30
K0yrsVM2,1493532000,7250,Daegu,Seoul,2,1,3.38,3.18,2.09,3.75,3.1,2.1,3.88,3.42,2.11,2.12,1.67,2.15,1.67,2.23,1.71,2017-04-30
bizntkx9,1493539200,7250,Incheon,Ulsan,1,2,3.29,3.05,2.19,3.5,3.2,2.15,3.58,3.33,2.25,2.25,1.59,2.25,1.62,2.33,1.65,2017-04-30
IecaIop2,1493532000,7250,Jeju,Suwon Bluewings,1,2,2.06,3.25,3.34,2.1,3.3,3.5,2.16,3.58,3.54,1.87,1.87,1.85,1.95,1.9,2.0,2017-04-30
j3UPY6Ur,1493791200,7250,Suwon Bluewings,Pohang,1,0,1.83,3.31,4.17,1.85,3.5,4.2,1.87,3.46,4.98,2.0,1.75,2.0,1.8,2.13,1.79,2017-05-03
pQTTXQqk,1493791200,7250,Jeonbuk,Jeju,0,4,1.95,3.43,3.55,2.0,3.6,3.5,2.1,3.64,3.65,1.78,1.96,1.8,2.0,1.8,2.11,2017-05-03
OGSXWpae,1493791200,7250,Seoul,Jeonnam,1,0,1.72,3.57,4.58,1.73,3.5,5.0,1.77,3.73,5.2,1.81,1.94,1.8,2.0,1.9,2.0,2017-05-03
hSlku9iF,1493791200,7250,Sangmu,Incheon,0,1,1.81,3.35,4.26,1.8,3.5,4.5,1.77,3.64,5.39,2.09,1.69,2.1,1.7,2.2,1.74,2017-05-03
WImgvT6L,1493791200,7250,Gwangju FC,Gangwon,1,1,2.42,2.91,3.02,2.38,3.0,3.2,2.49,3.08,3.34,2.47,1.5,2.5,1.5,2.7,1.49,2017-05-03
EswbwmMR,1493791200,7250,Ulsan,Daegu,1,0,1.95,3.24,3.74,2.0,3.3,3.8,2.07,3.4,4.06,2.08,1.69,2.1,1.7,2.19,1.74,2017-05-03
YoAOg868,1494050400,7250,Jeju,Sangmu,4,1,1.7,3.69,4.43,1.73,4.0,4.2,1.77,4.0,4.78,1.67,2.12,1.67,2.15,1.72,2.22,2017-05-06
KrMtVOT7,1494046800,7250,Suwon Bluewings,Ulsan,1,2,2.23,3.17,3.08,2.3,3.3,3.1,2.37,3.32,3.31,1.97,1.77,2.05,1.75,2.05,1.85,2017-05-06
thNxW4E1,1494050400,7250,Pohang,Seoul,3,2,3.1,3.12,2.26,3.25,3.1,2.3,3.34,3.31,2.36,2.12,1.67,2.15,1.67,2.23,1.72,2017-05-06
pMDShSLE,1494057600,7250,Daegu,Jeonbuk,0,2,4.6,3.45,1.73,4.75,3.6,1.75,5.53,3.63,1.76,2.01,1.74,2.05,1.75,2.12,1.78,2017-05-06
Sp3XinyL,1494136800,7250,Gangwon,Incheon,2,1,1.98,3.13,3.82,1.95,3.3,4.0,2.09,3.29,4.04,2.32,1.56,2.35,1.57,2.53,1.56,2017-05-07
6y2yi6jR,1494136800,7250,Jeonnam,Gwangju FC,5,0,2.25,3.12,3.11,2.3,3.4,3.0,2.39,3.27,3.27,2.18,1.63,2.25,1.62,2.31,1.66,2017-05-07
xKh7opEl,1494655200,7250,Gangwon,Daegu,2,1,2.2,3.0,3.35,2.25,3.0,3.5,2.29,3.24,3.57,2.42,1.51,2.5,1.5,2.59,1.53,2017-05-13
bTg3nQbr,1494655200,7250,Gwangju FC,Incheon,0,0,2.17,2.93,3.51,2.15,3.1,3.6,2.33,2.99,3.82,2.7,1.43,2.7,1.44,2.98,1.4,2017-05-13
S8oKrrb7,1494741600,7250,Pohang,Jeju,2,1,3.14,3.19,2.19,3.3,3.25,2.2,3.51,3.32,2.28,1.84,1.89,1.8,2.0,1.86,2.04,2017-05-14
6apOs2DD,1494748800,7250,Jeonnam,Suwon Bluewings,1,3,2.78,3.19,2.39,3.0,3.1,2.45,2.83,3.57,2.56,1.8,1.96,1.8,2.0,1.84,2.06,2017-05-14
KrrCp4Tf,1494741600,7250,Sangmu,Seoul,2,2,3.81,3.26,1.92,3.8,3.5,1.95,4.0,3.51,2.04,1.94,1.8,2.0,1.8,2.03,1.87,2017-05-14
YonGqOr1,1494741600,7250,Ulsan,Jeonbuk,0,0,3.27,3.2,2.13,3.8,3.1,2.1,3.48,3.53,2.2,1.92,1.82,1.95,1.85,1.97,1.93,2017-05-14
bkVwa3rl,1495270800,7250,Ulsan,Jeonnam,1,0,1.94,3.37,3.68,1.91,3.5,4.0,1.99,3.68,3.98,1.76,2.0,1.8,2.0,1.78,2.13,2017-05-20
prk3555K,1495274400,7250,Seoul,Gangwon,2,3,1.84,3.39,4.04,1.83,3.5,4.33,1.93,3.61,4.36,1.98,1.78,2.0,1.8,2.07,1.83,2017-05-20
GQuZaqTs,1495274400,7250,Daegu,Jeju,1,2,3.51,3.36,1.97,3.6,3.6,1.95,3.96,3.6,2.02,1.9,1.85,1.95,1.85,2.01,1.89,2017-05-20
v5l74PKQ,1495274400,7250,Sangmu,Suwon Bluewings,1,3,3.21,3.16,2.19,3.6,3.25,2.1,3.31,3.34,2.36,1.86,1.89,1.85,1.95,1.9,2.0,2017-05-20
6ija6ojE,1495350000,7250,Jeonbuk,Incheon,1,1,1.39,4.33,7.63,1.4,4.5,7.5,1.4,4.77,9.68,1.87,1.87,1.9,1.9,1.95,1.95,2017-05-21
xtUsbNcf,1495360800,7250,Gwangju FC,Pohang,1,2,2.97,2.96,2.42,3.0,3.1,2.4,3.12,3.16,2.58,2.36,1.54,2.4,1.53,2.51,1.56,2017-05-21
6FYocsD0,1495868400,7250,Jeonbuk,Suwon Bluewings,2,0,1.84,3.43,3.94,1.85,3.6,4.0,1.9,3.6,4.48,1.77,1.98,1.8,2.0,1.83,2.07,2017-05-27
SUMfeLsD,1495879200,7250,Seoul,Ulsan,0,0,2.14,3.31,3.18,2.1,3.4,3.4,2.25,3.6,3.3,1.87,1.87,1.85,1.95,1.91,1.99,2017-05-27
p6Xkd1S6,1495875600,7250,Pohang,Gangwon,1,2,2.15,3.22,3.24,2.1,3.2,3.5,2.26,3.52,3.42,1.89,1.85,1.85,1.95,1.95,1.95,2017-05-27
xhh52xkt,1495965600,7250,Daegu,Sangmu,2,0,3.04,3.15,2.25,3.1,3.4,2.25,3.39,3.39,2.3,2.03,1.73,2.1,1.7,2.12,1.79,2017-05-28
Gri91d4n,1495965600,7250,Jeonnam,Incheon,3,2,2.14,3.15,3.34,2.15,3.3,3.4,2.2,3.25,3.96,2.02,1.75,2.05,1.75,2.2,1.73,2017-05-28
CApIazZb,1497693600,7250,Jeonnam,Jeonbuk,0,3,4.12,3.55,1.78,4.33,3.75,1.8,4.46,3.85,1.85,1.67,2.09,1.67,2.15,1.72,2.21,2017-06-17
6XqMbfl5,1497693600,7250,Daegu,Gwangju FC,2,2,2.42,2.89,3.05,2.5,3.0,3.0,2.56,3.08,3.23,2.44,1.5,2.4,1.53,2.48,1.58,2017-06-17
YJoE0GJh,1497690000,7250,Pohang,Ulsan,1,2,2.55,3.07,2.71,2.6,3.2,2.75,2.66,3.26,2.93,2.02,1.74,2.08,1.73,2.15,1.78,2017-06-17
tjxZehYN,1497780000,7250,Incheon,Sangmu,1,1,2.84,3.09,2.45,2.9,3.2,2.45,3.08,3.24,2.56,2.11,1.67,2.15,1.67,2.23,1.71,2017-06-18
2awVdYIH,1497780000,7250,Gangwon,Jeju,2,1,3.23,3.23,2.13,3.4,3.4,2.1,3.51,3.36,2.26,1.94,1.8,2.0,1.8,2.05,1.85,2017-06-18
KzlQcE3B,1497776400,7250,Suwon Bluewings,Seoul,1,2,2.3,3.12,3.02,2.4,3.25,2.9,2.43,3.33,3.19,2.06,1.71,2.1,1.7,2.18,1.75,2017-06-18
jPN4jWeo,1498039200,7250,Gwangju FC,Suwon Bluewings,0,3,3.39,3.18,2.09,3.6,3.3,2.05,3.81,3.43,2.12,2.13,1.66,2.1,1.7,2.23,1.71,2017-06-21
l0acifdo,1498039200,7250,Jeonbuk,Gangwon,4,1,1.61,3.74,5.18,1.6,4.0,5.25,1.7,3.93,5.51,1.88,1.85,1.95,1.85,1.97,1.93,2017-06-21
2331jEBi,1498041000,7250,Ulsan,Jeju,1,0,2.49,3.1,2.74,2.6,3.2,2.75,2.6,3.43,2.87,1.93,1.79,1.9,1.9,1.87,2.03,2017-06-21
dQ25kYQc,1498041000,7250,Seoul,Daegu,0,0,1.75,3.42,4.47,1.8,3.5,4.5,1.81,3.64,5.1,2.04,1.71,2.1,1.7,2.16,1.76,2017-06-21
lGyweCmU,1498039200,7250,Sangmu,Jeonnam,1,1,2.21,3.26,3.04,2.2,3.4,3.2,2.31,3.58,3.2,1.73,2.02,1.8,2.0,1.79,2.13,2017-06-21
zH19lht4,1498041000,7250,Incheon,Pohang,0,3,3.13,3.13,2.24,3.3,3.2,2.25,3.35,3.38,2.31,2.11,1.67,2.1,1.7,2.17,1.75,2017-06-21
WreInWAG,1498298400,7250,Gwangju FC,Jeonnam,1,2,2.54,3.06,2.72,2.6,3.2,2.75,2.75,3.21,2.86,2.09,1.69,2.15,1.67,2.21,1.73,2017-06-24
hhdEmCeA,1498294800,7250,Jeju,Pohang,3,0,1.59,3.83,4.93,1.53,4.2,5.75,1.58,4.17,6.54,1.62,2.19,1.6,2.3,1.66,2.32,2017-06-24
Q5fMojQM,1498298400,7250,Ulsan,Incheon,1,2,1.74,3.44,4.49,1.8,3.5,4.5,1.85,3.61,4.77,1.97,1.77,1.95,1.85,2.04,1.86,2017-06-24
MDZdul3j,1498384800,7250,Jeonbuk,Daegu,2,2,1.42,4.17,6.69,1.44,4.33,7.0,1.46,4.55,8.2,1.75,2.0,1.8,2.0,1.83,2.08,2017-06-25
rNzgtUmp,1498384800,7250,Seoul,Sangmu,1,2,1.89,3.46,3.73,1.91,3.8,3.6,1.95,3.77,4.03,1.81,1.93,1.85,1.95,1.89,2.01,2017-06-25
xtbQpAuT,1498381200,7250,Suwon Bluewings,Gangwon,3,3,1.88,3.42,3.83,1.91,3.5,4.0,1.91,3.79,4.21,1.86,1.88,1.85,1.95,1.9,2.0,2017-06-25
GQRoMoKP,1498645800,7250,Gangwon,Gwangju FC,2,2,1.97,3.17,3.77,2.0,3.2,4.0,2.09,3.35,4.03,2.23,1.6,2.35,1.57,2.37,1.63,2017-06-28
S4oi04c6,1498644000,7250,Jeonnam,Seoul,2,2,3.23,3.36,2.08,3.4,3.5,2.05,3.47,3.65,2.16,1.73,2.02,1.75,2.05,1.84,2.06,2017-06-28
OWv0brSI,1498645800,7250,Pohang,Jeonbuk,1,3,3.48,3.3,2.02,3.4,3.4,2.1,3.78,3.54,2.09,1.89,1.85,1.95,1.85,1.95,1.95,2017-06-28
ATzdaOCC,1498644000,7250,Sangmu,Ulsan,0,0,2.79,3.16,2.41,2.9,3.25,2.4,2.92,3.43,2.56,1.95,1.8,2.0,1.8,2.05,1.85,2017-06-28
ATSv4Xui,1498647600,7250,Jeju,Incheon,1,1,1.59,3.76,5.39,1.57,3.8,6.0,1.65,3.87,6.22,1.9,1.85,1.95,1.85,2.02,1.88,2017-06-28
xzTsNR4J,1498645800,7250,Daegu,Suwon Bluewings,0,3,3.36,3.1,2.15,3.4,3.25,2.15,3.74,3.18,2.25,2.19,1.62,2.35,1.57,2.42,1.61,2017-06-28
pnLi1VP9,1498903200,7250,Incheon,Gwangju FC,1,0,2.38,2.98,3.04,2.4,3.0,3.2,2.52,3.21,3.16,2.44,1.51,2.5,1.5,2.5,1.57,2017-07-01
lKRr3iec,1498903200,7250,Daegu,Gangwon,1,2,2.86,3.02,2.46,2.9,3.1,2.5,2.95,3.33,2.6,2.19,1.6,2.15,1.67,2.24,1.7,2017-07-01
WrHm2BA3,1498903200,7250,Ulsan,Suwon Bluewings,2,1,2.49,3.14,2.72,2.55,3.3,2.7,2.64,3.33,2.93,1.97,1.78,2.0,1.8,2.08,1.83,2017-07-01
IaJaa9fM,1498989600,7250,Seoul,Jeonbuk,2,1,3.23,3.27,2.1,3.4,3.4,2.1,3.53,3.58,2.16,1.84,1.91,1.85,1.95,1.9,2.0,2017-07-02
v9Ke0kuG,1498989600,7250,Jeonnam,Jeju,2,2,3.16,3.46,2.07,3.4,3.7,2.0,3.56,3.81,2.08,1.58,2.26,1.53,2.4,1.56,2.52,2017-07-02
pMkdbT9S,1498989600,7250,Sangmu,Pohang,0,1,2.61,3.27,2.51,2.7,3.4,2.5,2.97,3.64,2.42,1.81,1.93,1.85,1.95,1.82,2.09,2017-07-02
nVyOgmIq,1499508000,7250,Pohang,Jeonnam,1,1,2.06,3.39,3.26,2.05,3.4,3.5,2.06,3.66,3.74,1.62,2.19,1.65,2.2,1.69,2.27,2017-07-08
feuWiRnd,1499508000,7250,Incheon,Daegu,0,0,2.7,2.95,2.65,2.75,3.0,2.75,2.84,3.14,2.84,2.51,1.47,2.5,1.5,2.67,1.5,2017-07-08
thySh7Xk,1499508000,7250,Jeonbuk,Ulsan,4,0,1.7,3.62,4.53,1.7,3.75,5.25,1.73,3.97,5.11,1.72,2.04,1.7,2.1,1.79,2.13,2017-07-08
ziIIFUv3,1499594400,7250,Gwangju FC,Seoul,3,2,3.76,3.25,1.96,3.75,3.4,2.0,3.96,3.51,2.05,2.13,1.65,2.2,1.65,2.24,1.71,2017-07-09
d0JEGAPd,1499590800,7250,Suwon Bluewings,Jeju,1,0,2.19,3.33,3.03,2.2,3.4,3.2,2.21,3.62,3.38,1.73,2.04,1.73,2.08,1.84,2.06,2017-07-09
4QMMElf9,1499594400,7250,Gangwon,Sangmu,2,0,1.82,3.41,4.01,1.83,3.6,3.9,1.93,3.68,4.24,1.9,1.84,1.95,1.85,1.99,1.91,2017-07-09
jNfA5pHe,1499857200,7250,Jeju,Jeonbuk,2,1,2.98,3.37,2.21,3.25,3.4,2.15,3.2,3.74,2.25,1.65,2.15,1.65,2.2,1.67,2.31,2017-07-12
QuBVCSOL,1499855400,7250,Suwon Bluewings,Incheon,3,0,1.66,3.59,4.88,1.73,3.6,4.75,1.69,3.85,5.75,1.91,1.83,2.05,1.75,2.06,1.84,2017-07-12
Yo056Q1k,1499855400,7250,Daegu,Ulsan,1,3,2.65,3.11,2.57,2.8,3.1,2.6,2.85,3.19,2.78,2.1,1.68,2.25,1.62,2.29,1.68,2017-07-12
xGEZBnvS,1499855400,7250,Gangwon,Jeonnam,2,2,1.55,4.0,5.31,1.57,4.0,5.75,1.57,4.33,6.27,1.66,2.14,1.7,2.1,1.72,2.22,2017-07-12
rHLQD89F,1499853600,7250,Gwangju FC,Sangmu,1,2,2.25,3.05,3.16,2.3,3.0,3.4,2.36,3.2,3.47,2.13,1.66,2.15,1.67,2.2,1.74,2017-07-12
fe1176nq,1499855400,7250,Seoul,Pohang,1,0,2.04,3.37,3.34,1.95,3.5,3.8,2.1,3.65,3.66,1.78,1.96,1.8,2.0,1.84,2.06,2017-07-12
rHsdTm92,1500112800,7250,Pohang,Suwon Bluewings,2,3,2.99,3.25,2.25,3.1,3.4,2.25,3.26,3.56,2.29,1.81,1.94,1.8,2.0,1.84,2.06,2017-07-15
dKo0S7O8,1500112800,7250,Ulsan,Gwangju FC,1,0,1.82,3.3,4.18,1.83,3.3,4.33,1.95,3.46,4.47,2.05,1.72,2.05,1.75,2.1,1.81,2017-07-15
UDgE44W1,1500112800,7250,Jeonnam,Daegu,4,3,2.4,3.23,2.79,2.4,3.3,2.88,2.49,3.59,2.91,1.88,1.85,1.95,1.85,1.97,1.93,2017-07-15
OYcx9JNm,1500199200,7250,Sangmu,Jeonbuk,1,3,5.46,3.79,1.57,6.5,3.6,1.57,6.04,4.23,1.61,1.72,2.05,1.7,2.1,1.75,2.17,2017-07-16
vqy5RRwF,1500199200,7250,Incheon,Gangwon,1,1,3.05,3.14,2.29,3.1,3.2,2.35,3.27,3.22,2.44,2.2,1.62,2.35,1.57,2.39,1.62,2017-07-16
G8bY9a8s,1500199200,7250,Jeju,Seoul,1,2,2.03,3.35,3.38,1.95,3.6,3.6,2.11,3.52,3.75,1.71,2.04,1.73,2.08,1.81,2.1,2017-07-16
2Pdt8wwf,1500458400,7250,Sangmu,Jeju,0,3,3.35,3.35,2.04,3.75,3.6,1.95,3.72,3.6,2.11,1.7,2.07,1.73,2.08,1.78,2.14,2017-07-19
bijk6H76,1500460200,7250,Gangwon,Ulsan,0,1,2.52,3.18,2.67,2.5,3.25,2.8,2.65,3.35,2.86,1.91,1.83,1.95,1.85,2.02,1.88,2017-07-19
hEkg5yNC,1500460200,7250,Daegu,Pohang,3,0,2.82,3.21,2.39,3.0,3.3,2.38,2.96,3.53,2.48,1.86,1.88,1.85,1.95,1.89,2.01,2017-07-19
W4lc4exJ,1500460200,7250,Incheon,Seoul,1,5,3.66,3.22,1.99,3.75,3.3,2.0,4.2,3.42,2.02,2.1,1.68,2.15,1.67,2.23,1.71,2017-07-19
8MXuTvFJ,1500460200,7250,Suwon Bluewings,Jeonnam,4,1,1.37,4.63,7.22,1.33,4.75,10.0,1.36,5.54,9.05,1.5,2.47,1.5,2.5,1.51,2.63,2017-07-19
plno7ch0,1500458400,7250,Jeonbuk,Gwangju FC,3,1,1.38,4.53,7.38,1.4,4.5,7.5,1.42,4.96,8.46,1.64,2.17,1.65,2.2,1.68,2.28,2017-07-19
2wxFMxhm,1500717600,7250,Jeju,Pohang,3,2,1.71,3.72,4.31,1.7,3.8,4.75,1.76,4.0,4.86,1.58,2.27,1.57,2.35,1.62,2.39,2017-07-22
nDWqSbUP,1500717600,7250,Gwangju FC,Jeonnam,2,1,2.24,3.23,3.0,2.2,3.3,3.3,2.32,3.43,3.25,1.83,1.9,1.85,1.95,1.93,1.97,2017-07-22
4hJBNIxs,1500717600,7250,Ulsan,Incheon,1,1,1.67,3.54,4.9,1.65,3.8,5.0,1.7,3.76,5.84,2.02,1.74,2.08,1.73,2.13,1.79,2017-07-22
hSURJzx6,1500804000,7250,Seoul,Jeonbuk,1,2,2.78,3.32,2.36,2.8,3.4,2.4,2.87,3.58,2.51,1.66,2.11,1.7,2.1,1.72,2.22,2017-07-23
OhQNKGMa,1500804000,7250,Gangwon,Daegu,0,1,2.0,3.25,3.62,2.0,3.4,3.75,2.08,3.37,4.05,2.02,1.74,2.05,1.75,2.15,1.77,2017-07-23
p2RJLd7g,1500800400,7250,Suwon Bluewings,Sangmu,3,0,1.52,3.95,5.69,1.53,4.0,6.0,1.52,4.36,7.19,1.68,2.1,1.7,2.1,1.79,2.13,2017-07-23
tlBMuIbP,1501669800,7250,Ulsan,Suwon Bluewings,1,1,2.83,3.18,2.38,3.1,3.25,2.3,3.06,3.41,2.47,1.89,1.85,1.9,1.9,1.96,1.94,2017-08-02
EsJzIE6I,1501669800,7250,Seoul,Gangwon,3,1,1.94,3.42,3.62,1.95,3.5,3.75,2.02,3.57,3.97,1.81,1.93,1.85,1.95,1.9,2.0,2017-08-02
O8EozdMn,1501671600,7250,Jeju,Daegu,2,0,1.68,3.71,4.48,1.7,3.8,4.75,1.7,4.08,5.2,1.65,2.15,1.67,2.15,1.78,2.14,2017-08-02
rcclyx7t,1501669800,7250,Incheon,Jeonbuk,1,3,5.36,3.69,1.6,6.0,3.6,1.6,6.02,3.83,1.67,1.83,1.91,1.8,2.0,1.94,1.96,2017-08-02
WITVIfiC,1501668000,7250,Jeonnam,Sangmu,2,0,2.25,3.35,2.89,2.3,3.3,3.1,2.35,3.74,3.02,1.62,2.2,1.65,2.2,1.68,2.28,2017-08-02
SpNvHYLO,1501669800,7250,Pohang,Gwangju FC,3,2,1.99,3.29,3.49,1.95,3.5,3.8,2.1,3.44,3.87,1.96,1.77,2.0,1.8,2.06,1.84,2017-08-02
dMCgYZja,1501927200,7250,Incheon,Jeju,0,0,3.76,3.35,1.91,3.75,3.4,2.0,4.16,3.58,1.98,1.9,1.84,1.95,1.85,2.02,1.88,2017-08-05
2aDkZFyg,1501927200,7250,Daegu,Seoul,2,2,3.53,3.35,1.99,3.75,3.3,2.0,3.9,3.62,2.03,1.85,1.89,1.95,1.85,2.02,1.88,2017-08-05
APGcXg65,1501927200,7250,Gwangju FC,Suwon Bluewings,0,1,3.73,3.35,1.91,4.0,3.3,1.95,4.05,3.59,2.0,1.88,1.86,1.9,1.9,1.97,1.93,2017-08-05
0E9AUijO,1502013600,7250,Sangmu,Gangwon,1,2,3.05,3.12,2.27,3.25,3.2,2.25,3.47,3.33,2.29,2.05,1.71,2.1,1.7,2.18,1.75,2017-08-06
hl62WDLB,1502013600,7250,Pohang,Jeonnam,1,1,1.9,3.6,3.59,1.91,3.6,3.8,1.96,3.94,3.83,1.54,2.35,1.53,2.4,1.55,2.54,2017-08-06
Wv56VXzI,1502013600,7250,Jeonbuk,Ulsan,0,1,1.53,4.0,5.58,1.5,4.33,6.0,1.51,4.54,7.12,1.65,2.13,1.67,2.15,1.72,2.22,2017-08-06
4SZKleyt,1502532000,7250,Jeonnam,Jeonbuk,1,1,6.67,4.56,1.39,8.0,4.5,1.4,7.41,5.02,1.45,1.48,2.47,1.5,2.5,1.52,2.62,2017-08-12
G2wPmFjn,1502532000,7250,Suwon Bluewings,Seoul,0,1,2.19,3.29,3.09,2.15,3.4,3.3,2.19,3.59,3.46,1.75,2.0,1.8,2.0,1.81,2.1,2017-08-12
v58ETB5U,1502532000,7250,Sangmu,Incheon,1,2,2.5,3.07,2.77,2.6,3.2,2.75,2.73,3.19,2.9,2.21,1.62,2.3,1.6,2.39,1.62,2017-08-12
lGyXogLb,1502618400,7250,Ulsan,Pohang,1,1,1.98,3.35,3.54,2.0,3.5,3.6,2.02,3.65,3.89,1.89,1.85,1.95,1.85,1.98,1.92,2017-08-13
6iWyoDz5,1502618400,7250,Gangwon,Jeju,0,2,2.5,3.25,2.64,2.4,3.3,2.9,2.53,3.43,2.96,1.82,1.93,1.9,1.9,1.94,1.96,2017-08-13
APxTnZ5h,1502618400,7250,Gwangju FC,Daegu,0,1,2.31,3.09,3.01,2.3,3.25,3.1,2.43,3.31,3.21,2.12,1.67,2.15,1.67,2.24,1.71,2017-08-13
h8YmrBKN,1503136800,7250,Seoul,Ulsan,1,1,2.2,3.25,3.08,2.2,3.4,3.2,2.28,3.54,3.29,1.83,1.9,1.8,2.0,1.83,2.08,2017-08-19
zXNhsVZT,1503136800,7250,Jeonbuk,Gwangju FC,3,1,1.35,4.58,7.84,1.36,4.75,8.0,1.37,5.18,9.74,1.63,2.17,1.67,2.15,1.7,2.25,2017-08-19
prVupXkB,1503136800,7250,Jeju,Jeonnam,3,1,1.57,3.93,5.16,1.57,3.6,6.5,1.6,4.37,5.84,1.49,2.47,1.5,2.5,1.55,2.55,2017-08-19
v5Uqqi5H,1503136800,7250,Suwon Bluewings,Gangwon,2,3,1.84,3.43,4.03,1.85,3.6,4.2,1.89,3.62,4.54,1.88,1.85,1.95,1.85,2.0,1.9,2017-08-19
xtAKxkro,1503223200,7250,Incheon,Pohang,2,0,2.9,3.12,2.38,3.2,3.1,2.3,3.28,3.39,2.35,2.12,1.66,2.15,1.67,2.26,1.69,2017-08-20
jcD11YKo,1503223200,7250,Daegu,Sangmu,2,2,1.96,3.3,3.55,1.95,3.4,3.9,2.11,3.39,3.92,1.91,1.82,1.95,1.85,1.98,1.92,2017-08-20
QFubfucJ,1504346400,7250,Gwangju FC,Jeju,0,1,3.51,3.23,1.99,3.8,3.3,2.0,3.95,3.49,2.06,1.98,1.77,2.05,1.75,2.07,1.83,2017-09-02
hULfv2Jk,1504951200,7250,Ulsan,Sangmu,4,2,1.55,3.82,5.51,1.57,4.0,5.25,1.56,4.2,6.86,1.92,1.82,2.0,1.8,2.06,1.84,2017-09-09
0W2o1PQ2,1504951200,7250,Seoul,Jeju,0,0,2.23,3.24,3.07,2.25,3.3,3.2,2.35,3.42,3.26,1.87,1.87,1.95,1.85,1.99,1.91,2017-09-09
8d6ga3eF,1505037600,7250,Daegu,Pohang,2,1,2.39,3.19,2.85,2.38,3.3,2.9,2.44,3.36,3.16,1.97,1.76,2.0,1.8,2.05,1.85,2017-09-10
vN1k0qt9,1505034000,7250,Incheon,Gwangju FC,0,0,2.41,3.0,2.96,2.38,3.1,3.1,2.57,3.14,3.16,2.43,1.5,2.5,1.5,2.65,1.51,2017-09-10
niLbwMYe,1505023200,7250,Suwon Bluewings,Jeonnam,3,0,1.63,3.87,4.68,1.67,4.0,4.75,1.67,4.14,5.45,1.58,2.27,1.62,2.25,1.67,2.3,2017-09-10
bRO2xtl2,1505030400,7250,Jeonbuk,Gangwon,4,3,1.49,4.14,5.87,1.5,4.33,6.0,1.56,4.39,6.47,1.63,2.18,1.67,2.15,1.67,2.3,2017-09-10
Kd1ZkaI1,1505556000,7250,Daegu,Suwon Bluewings,0,0,3.32,3.23,2.12,3.1,3.5,2.2,3.7,3.35,2.19,2.04,1.72,2.15,1.67,2.26,1.69,2017-09-16
nm5cbNAL,1505541600,7250,Gangwon,Jeonnam,3,3,1.84,3.59,3.84,1.91,3.75,3.6,1.92,3.89,4.04,1.66,2.12,1.67,2.15,1.69,2.26,2017-09-16
UBf2csQR,1505556000,7250,Sangmu,Gwangju FC,3,2,2.82,3.1,2.44,3.0,3.2,2.4,3.08,3.32,2.51,2.25,1.59,2.4,1.53,2.51,1.56,2017-09-16
6XoUh1Yr,1505638800,7250,Jeju,Ulsan,2,1,2.24,3.21,3.08,2.3,3.4,3.0,2.4,3.31,3.26,1.95,1.8,2.0,1.8,2.04,1.86,2017-09-17
vopxiu3e,1505628000,7250,Incheon,Seoul,1,0,4.57,3.51,1.71,4.75,3.8,1.7,5.45,3.78,1.74,1.99,1.77,2.0,1.8,2.03,1.87,2017-09-17
0foYiLmk,1505638800,7250,Pohang,Jeonbuk,0,4,4.46,3.81,1.67,5.0,3.8,1.67,5.02,4.25,1.69,1.61,2.22,1.6,2.3,1.61,2.41,2017-09-17
QghPCMPE,1505901600,7250,Gwangju FC,Seoul,1,4,3.4,3.36,2.02,3.4,3.5,2.05,3.53,3.59,2.16,1.93,1.81,1.95,1.85,2.0,1.9,2017-09-20
8IsUBtuL,1505903400,7250,Pohang,Gangwon,5,2,2.34,3.31,2.8,2.2,3.4,3.2,2.32,3.64,3.13,1.66,2.12,1.65,2.2,1.71,2.23,2017-09-20
bm0wkJX7,1505901600,7250,Jeonbuk,Sangmu,1,2,1.24,5.75,10.14,1.22,6.5,11.0,1.27,6.27,12.49,1.39,2.78,1.4,2.88,,,2017-09-20
CjlLD2A8,1505901600,7250,Jeonnam,Incheon,0,0,2.23,3.26,3.02,2.2,3.4,3.2,2.25,3.5,3.39,1.85,1.88,1.85,1.95,1.94,1.96,2017-09-20
n9tYA0fR,1505903400,7250,Ulsan,Daegu,3,2,1.81,3.36,4.25,1.83,3.4,4.5,1.91,3.57,4.51,2.09,1.69,2.1,1.7,2.21,1.73,2017-09-20
v1Ya6K2r,1505903400,7250,Suwon Bluewings,Jeju,2,3,2.12,3.28,3.26,2.15,3.4,3.3,2.17,3.5,3.59,1.89,1.86,1.95,1.85,1.97,1.93,2017-09-20
WEwK1dHD,1506157200,7250,Ulsan,Jeonnam,1,0,1.51,4.08,5.7,1.5,4.33,6.0,1.5,4.54,7.23,1.63,2.17,1.65,2.2,1.75,2.18,2017-09-23
0GM84bXf,1506157200,7250,Incheon,Suwon Bluewings,1,1,3.53,3.22,2.03,3.5,3.4,2.05,3.8,3.35,2.16,2.1,1.68,2.15,1.67,2.23,1.71,2017-09-23
hOvG2x27,1506160800,7250,Sangmu,Jeju,2,2,3.61,3.48,1.92,3.8,3.6,1.91,4.06,3.78,1.94,1.76,1.99,1.8,2.0,1.79,2.12,2017-09-23
b1uC3In1,1506233400,7250,Seoul,Pohang,1,1,1.85,3.52,3.79,1.95,3.8,3.5,1.97,3.73,4.01,1.67,2.11,1.67,2.15,1.73,2.21,2017-09-24
Aa90AlLD,1506247200,7250,Gwangju FC,Gangwon,1,1,2.78,3.2,2.42,2.88,3.4,2.38,2.98,3.31,2.58,2.01,1.74,2.08,1.73,2.17,1.75,2017-09-24
IiX35vIl,1506243600,7250,Jeonbuk,Daegu,1,1,1.49,4.18,5.76,1.55,4.2,5.5,1.57,4.38,6.23,1.59,2.24,1.62,2.25,1.68,2.27,2017-09-24
KYbz4nbs,1506751200,7250,Jeonnam,Seoul,0,1,3.7,3.62,1.85,4.0,3.6,1.85,3.94,3.98,1.93,1.59,2.26,1.6,2.3,1.63,2.38,2017-09-30
rD788SkQ,1506751200,7250,Pohang,Sangmu,2,2,1.95,3.37,3.62,1.91,3.4,4.0,2.05,3.51,3.96,1.82,1.92,1.95,1.85,1.98,1.92,2017-09-30
2clu36Dm,1506751200,7250,Daegu,Incheon,1,1,2.31,3.03,3.09,2.38,3.1,3.1,2.41,3.24,3.33,2.24,1.59,2.3,1.6,2.42,1.6,2017-09-30
lEnm1pr0,1506837600,7250,Jeju,Gwangju FC,1,1,1.48,4.08,6.22,1.44,4.2,7.5,1.51,4.38,7.46,1.66,2.12,1.73,2.08,1.76,2.16,2017-10-01
lj8498zK,1506837600,7250,Suwon Bluewings,Jeonbuk,1,1,3.18,3.35,2.12,3.3,3.4,2.15,3.4,3.68,2.18,1.84,1.89,1.9,1.9,1.97,1.93,2017-10-01
tlmq2QSg,1506837600,7250,Gangwon,Ulsan,1,1,2.71,3.23,2.46,2.9,3.3,2.4,2.84,3.33,2.58,1.85,1.89,1.9,1.9,1.97,1.93,2017-10-01
QF5EbW44,1507442400,7250,Pohang,Suwon Bluewings,1,1,2.94,3.31,2.25,3.1,3.4,2.25,3.12,3.56,2.36,1.73,2.01,1.75,2.05,1.75,2.18,2017-10-08
bT3MdAZG,1507442400,7250,Jeju,Jeonbuk,0,1,2.63,3.32,2.44,2.45,3.5,2.7,2.71,3.54,2.68,1.63,2.15,1.62,2.25,1.68,2.27,2017-10-08
EwNjur4q,1507442400,7250,Sangmu,Seoul,0,1,3.81,3.52,1.86,4.2,3.75,1.8,4.2,3.77,1.92,1.7,2.07,1.73,2.08,1.78,2.13,2017-10-08
Kx5IcjKA,1507442400,7250,Gwangju FC,Ulsan,1,1,3.69,3.27,1.96,3.75,3.3,2.0,4.1,3.53,2.01,2.08,1.69,2.1,1.7,2.2,1.74,2017-10-08
UmC50hzh,1507442400,7250,Gangwon,Incheon,2,0,2.23,3.14,3.14,2.38,3.2,3.0,2.49,3.32,3.1,2.09,1.69,2.1,1.7,2.11,1.81,2017-10-08
CC1AaCkb,1507442400,7250,Jeonnam,Daegu,1,4,2.67,3.26,2.46,2.8,3.3,2.5,2.96,3.52,2.48,1.81,1.92,1.85,1.95,1.9,2.0,2017-10-08
AiVVx2HM,1507960800,7250,Sangmu,Daegu,2,2,2.67,3.21,2.51,2.8,3.3,2.5,2.88,3.39,2.62,1.84,1.85,1.95,1.85,1.95,1.95,2017-10-14
pUuhR4IA,1507960800,7250,Jeju,Gangwon,1,0,1.74,3.65,4.24,1.73,3.6,4.75,1.83,3.9,4.46,1.73,1.96,1.8,2.0,1.85,2.05,2017-10-14
dlRRwr2G,1507960800,7250,Pohang,Incheon,5,0,2.07,3.24,3.39,2.05,3.4,3.6,2.2,3.41,3.6,1.99,1.71,2.08,1.73,2.13,1.78,2017-10-14
hfq0PrmN,1508047200,7250,Suwon Bluewings,Ulsan,2,0,1.91,3.36,3.75,1.91,3.4,4.0,1.98,3.63,4.09,1.89,1.8,1.95,1.85,1.98,1.92,2017-10-15
OKvdQOXG,1508047200,7250,Jeonbuk,Seoul,0,0,1.93,3.45,3.64,1.95,3.5,3.75,2.02,3.62,3.95,1.7,2.04,1.7,2.1,1.7,2.25,2017-10-15
hGKzxMWS,1508047200,7250,Jeonnam,Gwangju FC,2,4,2.62,3.28,2.51,2.9,3.25,2.45,2.79,3.5,2.62,1.72,1.97,1.73,2.08,1.78,2.13,2017-10-15
fP62Xuup,1508565600,7250,Jeonnam,Pohang,1,3,2.53,3.32,2.53,2.5,3.29,2.75,2.45,3.75,2.86,1.66,2.13,1.7,2.1,1.74,2.2,2017-10-21
ObB6Wafj,1508565600,7250,Daegu,Incheon,0,0,2.25,3.06,3.19,2.25,3.1,3.39,2.28,3.26,3.59,2.16,1.64,2.25,1.61,2.31,1.66,2017-10-21
Wpr4O22T,1508565600,7250,Seoul,Suwon Bluewings,2,2,2.73,3.2,2.46,2.87,3.29,2.39,2.98,3.44,2.51,1.88,1.86,1.95,1.85,2.0,1.9,2017-10-21
jVOzJtQj,1508652000,7250,Ulsan,Jeju,0,1,2.63,3.06,2.6,2.75,3.2,2.6,2.87,3.21,2.74,2.03,1.72,2.1,1.7,2.19,1.74,2017-10-22
2kAAVJ9d,1508652000,7250,Gwangju FC,Sangmu,1,0,2.15,3.18,3.25,2.2,3.25,3.29,2.22,3.39,3.57,1.97,1.78,2.04,1.75,2.07,1.83,2017-10-22
xSKWJMAp,1508652000,7250,Gangwon,Jeonbuk,0,4,5.07,3.8,1.6,5.5,3.79,1.61,5.97,4.12,1.61,1.68,2.1,1.66,2.14,1.72,2.21,2017-10-22
4flgf3nc,1509170400,7250,Sangmu,Jeonnam,0,0,2.38,3.29,2.76,2.5,3.5,2.62,2.53,3.61,2.84,1.85,1.88,1.8,2.0,1.86,2.04,2017-10-28
GUicgN13,1509170400,7250,Pohang,Daegu,1,2,2.19,3.45,2.93,2.2,3.39,3.2,2.29,3.79,3.08,1.67,2.11,1.66,2.14,1.72,2.22,2017-10-28
4YCIsQ2i,1509170400,7250,Seoul,Ulsan,3,0,2.16,3.24,3.2,2.1,3.25,3.6,2.25,3.49,3.39,1.93,1.79,1.95,1.85,2.0,1.9,2017-10-28
Aii1hsH9,1509256800,7250,Incheon,Gwangju FC,0,0,2.95,2.93,2.43,3.2,3.0,2.39,3.28,3.13,2.5,2.32,1.55,2.39,1.53,2.46,1.58,2017-10-29
OzTJu4X3,1509256800,7250,Suwon Bluewings,Gangwon,2,1,1.51,4.15,5.57,1.5,4.0,7.0,1.55,4.69,5.98,1.58,2.26,1.53,2.39,1.58,2.48,2017-10-29
rPBMtpIc,1509256800,7250,Jeonbuk,Jeju,3,0,1.88,3.39,3.91,1.9,3.5,4.0,1.95,3.55,4.33,1.81,1.92,1.8,2.0,1.91,1.99,2017-10-29
INVRRC8m,1509775200,7250,Gangwon,Seoul,4,0,4.85,3.92,1.61,5.25,4.0,1.64,5.04,4.39,1.67,1.68,2.1,1.7,2.1,1.74,2.2,2017-11-04
MLBiM8xP,1509775200,7250,Sangmu,Pohang,3,4,2.38,3.29,2.76,2.39,3.29,2.89,2.44,3.61,2.95,1.82,1.92,1.85,1.95,1.89,2.01,2017-11-04
zPaZphFP,1509775200,7250,Daegu,Gwangju FC,2,0,2.95,3.19,2.31,2.89,3.29,2.39,3.13,3.47,2.4,1.98,1.76,2.0,1.8,2.03,1.87,2017-11-04
vwKzQjw0,1509861600,7250,Jeju,Suwon Bluewings,0,0,2.76,3.19,2.45,3.0,3.25,2.37,2.89,3.43,2.58,1.97,1.77,2.04,1.75,2.09,1.82,2017-11-05
0nLWQWNg,1509861600,7250,Ulsan,Jeonbuk,1,2,2.72,3.27,2.4,2.75,3.29,2.5,2.96,3.57,2.46,1.74,2.02,1.75,2.04,1.77,2.15,2017-11-05
xYo1tCNt,1509861600,7250,Jeonnam,Incheon,2,2,2.31,3.0,3.12,2.35,3.1,3.2,2.59,2.8,3.57,2.26,1.55,2.39,1.53,2.5,1.57,2017-11-05
C6b0hXeg,1510740000,7250,Asan,Seongnam,1,0,2.28,2.89,3.25,2.25,2.75,3.5,2.34,3.0,3.59,2.73,1.41,2.87,1.39,,,2017-11-15
YauAvjhg,1510984800,7250,Incheon,Sangmu,2,0,2.6,3.09,2.65,2.62,3.25,2.62,2.71,3.31,2.83,2.08,1.69,2.14,1.66,2.22,1.72,2017-11-18
CSikwr6I,1510984800,7250,Busan,Asan,3,0,2.01,3.25,3.54,,,,,,,2.3,1.55,,,,,2017-11-18
f9t6uWxm,1510984800,7250,Daegu,Jeonnam,1,0,2.72,3.05,2.56,2.79,3.1,2.6,3.09,2.87,2.84,1.91,1.82,2.0,1.8,2.03,1.87,2017-11-18
SMvEwA7a,1510984800,7250,Gwangju FC,Pohang,0,4,2.36,3.31,2.75,2.29,3.29,3.1,2.33,3.67,3.1,1.79,1.95,1.85,1.95,1.85,2.05,2017-11-18
n3JvPAh6,1511071200,7250,Seoul,Jeju,3,2,2.06,3.34,3.35,2.1,3.5,3.29,2.15,3.66,3.49,1.79,1.94,1.8,2.0,1.83,2.07,2017-11-19
QgIrOU7C,1511071200,7250,Jeonbuk,Suwon Bluewings,2,3,2.08,3.22,3.42,2.1,3.39,3.39,2.2,3.4,3.61,1.92,1.81,2.0,1.8,2.01,1.89,2017-11-19
8I7mNlNI,1511071200,7250,Gangwon,Ulsan,1,2,3.03,3.32,2.21,3.1,3.29,2.29,3.17,3.59,2.32,1.82,1.91,1.89,1.89,1.92,1.98,2017-11-19
fTj1SXLo,1511344800,7250,Busan,Sangmu,0,1,2.04,2.99,3.73,2.04,3.1,3.79,2.06,3.16,4.25,2.61,1.44,2.7,1.44,2.64,1.45,2017-11-22
fwrIevj4,1519887600,7254,Jeju,Seoul,0,0,2.15,3.2,3.3,2.14,3.29,3.39,2.25,3.31,3.52,2.09,1.69,2.14,1.66,2.22,1.7,2018-03-01
MPqAc0Li,1519880400,7254,Jeonbuk,Ulsan,2,0,1.75,3.54,4.46,1.75,3.6,4.75,1.83,3.66,4.76,1.92,1.82,2.0,1.8,2.01,1.88,2018-03-01
GnqEdKzb,1519880400,7254,Suwon Bluewings,Jeonnam,1,2,1.48,4.06,6.34,1.44,4.2,7.5,1.48,4.51,7.54,1.8,1.96,1.8,2.0,1.8,2.09,2018-03-01
CExNfb5A,1520053200,7254,Pohang,Daegu,3,0,2.15,3.23,3.3,2.14,3.29,3.39,2.24,3.4,3.46,2.11,1.68,2.1,1.7,2.14,1.75,2018-03-03
j5yRgIKG,1520060400,7254,Gangwon,Incheon,2,1,2.09,3.22,3.45,2.04,3.2,3.79,2.14,3.44,3.66,2.09,1.7,2.1,1.7,2.19,1.72,2018-03-03
pSzVhxzN,1520139600,7254,Gyeongnam,Sangmu,3,1,2.06,3.18,3.52,2.04,3.1,4.0,2.07,3.45,3.83,2.09,1.69,2.14,1.66,2.15,1.75,2018-03-04
GKhWVeLd,1520665200,7254,Ulsan,Sangmu,0,2,2.11,3.14,3.44,2.1,3.25,3.5,2.21,3.35,3.6,2.13,1.67,2.14,1.66,2.25,1.68,2018-03-10
YeToOq2j,1520658000,7254,Gyeongnam,Jeju,2,0,3.19,3.19,2.2,3.5,3.2,2.14,3.33,3.34,2.32,2.06,1.71,2.07,1.72,2.19,1.72,2018-03-10
QVTsPPnp,1520658000,7254,Daegu,Suwon Bluewings,0,2,2.94,3.09,2.4,3.0,3.2,2.37,3.05,3.28,2.52,2.18,1.65,2.25,1.61,2.25,1.68,2018-03-10
CnSkN3Hd,1520658000,7254,Incheon,Jeonbuk,3,2,6.71,4.06,1.46,8.0,4.0,1.44,7.49,4.44,1.49,1.89,1.87,1.89,1.89,1.96,1.92,2018-03-10
OpdvUZk9,1520744400,7254,Jeonnam,Pohang,2,3,2.61,3.24,2.57,2.62,3.25,2.62,2.82,3.46,2.59,1.85,1.9,1.85,1.95,1.87,2.01,2018-03-11
UNdzVFz3,1520751600,7254,Seoul,Gangwon,1,2,2.03,3.27,3.48,2.04,3.1,3.89,2.08,3.59,3.7,1.91,1.85,1.95,1.85,1.96,1.92,2018-03-11
KCkmSDKL,1521262800,7254,Incheon,Daegu,0,0,2.53,3.0,2.82,2.62,3.1,2.75,2.71,3.15,2.92,2.34,1.56,2.35,1.57,2.41,1.59,2018-03-17
2yerTg5F,1521262800,7254,Gangwon,Sangmu,2,1,1.93,3.32,3.83,1.9,3.29,4.2,1.98,3.5,4.18,1.94,1.82,1.95,1.85,2.0,1.88,2018-03-17
b3liRXZR,1521270000,7254,Jeonnam,Gyeongnam,1,3,2.87,3.28,2.35,3.1,3.1,2.37,2.97,3.55,2.43,1.81,1.95,1.8,2.0,1.83,2.06,2018-03-17
GryJMirq,1521349200,7254,Jeonbuk,Seoul,2,1,1.63,3.73,5.12,1.64,3.6,5.5,1.68,3.99,5.42,1.8,1.97,1.8,2.0,1.83,2.06,2018-03-18
dhqRKVCe,1521349200,7254,Ulsan,Jeju,0,1,2.29,3.09,3.11,2.25,3.1,3.39,2.35,3.36,3.26,2.25,1.6,2.35,1.57,2.3,1.65,2018-03-18
ETgMLBck,1521356400,7254,Suwon Bluewings,Pohang,1,1,2.0,3.3,3.63,2.0,3.29,3.79,2.05,3.51,3.88,1.95,1.81,2.0,1.8,2.0,1.88,2018-03-18
pEPLtDZE,1522472400,7254,Pohang,Ulsan,2,1,2.36,3.13,2.94,2.5,3.2,2.79,2.51,3.34,3.0,2.1,1.69,2.1,1.7,2.18,1.73,2018-03-31
ObyDrZ42,1522472400,7254,Jeju,Suwon Bluewings,0,1,2.63,3.09,2.65,2.62,3.0,2.87,2.77,3.25,2.77,2.16,1.65,2.14,1.66,2.23,1.69,2018-03-31
zqrVJkS1,1522479600,7254,Daegu,Jeonnam,1,1,2.28,3.18,3.09,2.29,3.2,3.2,2.39,3.39,3.15,2.05,1.72,2.07,1.72,2.08,1.81,2018-03-31
2kzHsgK8,1522479600,7254,Jeonbuk,Sangmu,1,0,1.44,4.43,6.3,1.44,4.33,7.0,1.46,4.85,7.27,1.57,2.31,1.61,2.25,1.61,2.37,2018-03-31
hvTTvi4R,1522566000,7254,Gangwon,Gyeongnam,1,3,2.36,3.19,2.89,2.39,3.1,3.1,2.51,3.37,2.99,1.97,1.79,2.0,1.8,2.03,1.85,2018-04-01
bHTPuXlL,1522558800,7254,Seoul,Incheon,1,1,1.82,3.29,4.36,1.75,3.29,4.5,1.88,3.44,4.86,2.15,1.68,2.1,1.7,2.23,1.69,2018-04-01
fmFezBCr,1523084400,7254,Gyeongnam,Daegu,1,1,2.13,3.25,3.27,2.2,3.39,3.2,2.23,3.41,3.46,2.0,1.76,2.04,1.75,2.03,1.85,2018-04-07
zaWhZURl,1523077200,7254,Incheon,Jeonnam,2,2,2.39,3.16,2.88,2.39,3.2,3.0,2.52,3.3,3.03,2.04,1.73,2.04,1.75,2.11,1.78,2018-04-07
8CU0X8d1,1523163600,7254,Pohang,Jeonbuk,0,2,3.86,3.57,1.86,4.33,3.39,1.85,4.35,3.9,1.84,1.67,2.13,1.64,2.2,1.7,2.21,2018-04-08
MFY4WSB7,1523163600,7254,Suwon Bluewings,Seoul,0,0,2.21,3.1,3.31,2.25,3.2,3.29,2.36,3.29,3.31,2.25,1.6,2.25,1.61,2.32,1.64,2018-04-08
EkVdYlse,1523170800,7254,Jeju,Sangmu,0,0,2.04,3.25,3.53,2.0,3.29,3.79,2.08,3.48,3.83,2.0,1.76,2.0,1.8,2.09,1.8,2018-04-08
OKCmeCl8,1523170800,7254,Ulsan,Gangwon,3,1,2.35,3.17,2.94,2.37,3.25,3.0,2.46,3.32,3.11,1.96,1.79,1.95,1.85,2.05,1.83,2018-04-08
jZSTzr3g,1523442600,7254,Gyeongnam,Jeonbuk,0,4,4.27,3.63,1.75,4.75,3.5,1.75,4.55,3.9,1.81,1.73,2.04,1.75,2.04,1.8,2.08,2018-04-11
29WXZ1Ia,1523442600,7254,Incheon,Sangmu,0,1,2.46,3.03,2.9,2.5,3.1,2.89,2.64,3.15,3.0,2.35,1.56,2.39,1.53,2.56,1.52,2018-04-11
8AwPyOmm,1523444400,7254,Gangwon,Suwon Bluewings,2,3,2.89,3.24,2.34,3.1,3.25,2.29,3.02,3.42,2.46,1.89,1.85,1.89,1.89,1.98,1.9,2018-04-11
dWVyZLX5,1523442600,7254,Jeonnam,Jeju,0,3,2.82,3.21,2.42,2.75,3.2,2.54,2.89,3.37,2.58,1.98,1.79,2.0,1.8,2.04,1.84,2018-04-11
2BBifW3E,1523442600,7254,Daegu,Ulsan,0,2,2.52,3.02,2.83,2.45,3.2,2.87,2.7,3.16,2.91,2.25,1.6,2.29,1.6,2.32,1.64,2018-04-11
UJvLx4Yt,1523442600,7254,Seoul,Pohang,2,1,2.26,3.21,3.08,2.25,3.2,3.2,2.34,3.45,3.2,2.0,1.76,1.95,1.85,1.97,1.91,2018-04-11
zNUuYumC,1523689200,7254,Jeju,Incheon,4,2,1.89,3.23,4.08,1.85,3.2,4.75,1.92,3.47,4.55,2.17,1.64,2.2,1.64,2.27,1.67,2018-04-14
hbPpXa2I,1523689200,7254,Jeonbuk,Jeonnam,3,0,1.29,5.19,9.01,1.28,5.25,10.0,1.32,5.54,10.61,1.47,2.53,1.47,2.6,1.48,2.67,2018-04-14
phCWf3fP,1523682000,7254,Ulsan,Seoul,1,0,2.57,3.11,2.68,2.62,3.2,2.62,2.67,3.34,2.85,2.05,1.72,2.0,1.8,2.09,1.79,2018-04-14
WlOlWJHO,1523682000,7254,Suwon Bluewings,Sangmu,2,1,1.79,3.32,4.48,1.83,3.5,4.33,1.83,3.56,4.9,2.23,1.61,2.25,1.61,2.25,1.68,2018-04-14
MD3bjN2t,1523768400,7254,Daegu,Gangwon,2,1,2.82,3.13,2.46,2.89,3.29,2.37,2.98,3.31,2.55,2.04,1.73,2.07,1.72,2.18,1.73,2018-04-15
4xg3ksIn,1523775600,7254,Pohang,Gyeongnam,2,1,2.11,3.4,3.2,2.1,3.5,3.29,2.17,3.62,3.41,1.82,1.93,1.85,1.95,1.88,2.0,2018-04-15
Gf5Enu25,1524294000,7254,Pohang,Sangmu,0,2,2.35,3.25,2.88,2.5,3.2,2.79,2.46,3.44,3.0,1.9,1.86,1.95,1.85,1.98,1.9,2018-04-21
x46AmLna,1524286800,7254,Jeonnam,Gangwon,1,4,3.08,3.47,2.12,3.29,3.5,2.1,3.33,3.74,2.16,1.57,2.26,1.57,2.35,1.61,2.38,2018-04-21
rTi7l1Xh,1524286800,7254,Seoul,Daegu,3,0,1.89,3.29,4.03,1.9,3.2,4.33,1.95,3.44,4.32,2.09,1.69,2.14,1.66,2.18,1.72,2018-04-21
bJfJoaHB,1524380400,7254,Gyeongnam,Ulsan,0,0,2.58,3.11,2.67,2.6,3.1,2.79,2.7,3.28,2.82,2.0,1.77,2.0,1.8,2.01,1.87,2018-04-22
CMbNpJWH,1524380400,7254,Incheon,Suwon Bluewings,2,3,3.5,3.13,2.11,3.6,3.1,2.14,3.79,3.21,2.2,2.11,1.68,2.1,1.7,2.19,1.72,2018-04-22
6qbRqwnO,1524373200,7254,Jeju,Jeonbuk,0,1,4.47,3.6,1.73,4.75,3.6,1.72,4.83,3.96,1.76,1.82,1.93,1.8,2.0,1.85,2.03,2018-04-22
CMKh0bW4,1524652200,7254,Ulsan,Incheon,2,1,2.11,3.15,3.37,2.14,3.2,3.5,2.17,3.35,3.68,2.1,1.69,2.1,1.7,2.16,1.74,2018-04-25
pzcVrc1U,1524652200,7254,Daegu,Sangmu,1,2,2.73,3.0,2.61,2.79,3.1,2.6,2.84,3.19,2.74,2.33,1.56,2.35,1.57,2.42,1.58,2018-04-25
O0Su30nn,1524652200,7254,Jeonnam,Seoul,2,1,3.92,3.52,1.84,4.2,3.6,1.83,4.27,3.79,1.88,1.81,1.94,1.8,2.0,1.88,2.0,2018-04-25
pATy4tXu,1524654000,7254,Gangwon,Jeonbuk,0,2,4.92,3.9,1.61,5.5,3.79,1.6,5.18,4.12,1.68,1.63,2.19,1.7,2.1,1.7,2.21,2018-04-25
UcVm1vHb,1524652200,7254,Suwon Bluewings,Gyeongnam,3,1,1.74,3.58,4.43,1.72,3.75,4.5,1.83,3.64,4.82,1.81,1.95,1.8,2.0,1.85,2.03,2018-04-25
INRq2K1h,1524652200,7254,Pohang,Jeju,0,1,2.36,3.2,2.88,2.39,3.2,3.0,2.45,3.4,3.05,1.93,1.82,1.95,1.85,2.01,1.87,2018-04-25
bwN4cdGN,1524898800,7254,Ulsan,Jeonnam,1,1,1.78,3.58,4.15,1.75,3.6,4.0,1.91,3.74,4.2,1.76,2.0,1.72,2.07,1.8,2.09,2018-04-28
jDJdaIoB,1524891600,7254,Daegu,Jeju,1,4,3.54,3.13,2.1,3.6,3.25,2.1,3.85,3.29,2.14,2.3,1.58,2.29,1.6,2.35,1.62,2018-04-28
KnO0bx1H,1524898800,7254,Seoul,Sangmu,0,0,2.08,3.18,3.47,2.1,3.1,3.79,2.2,3.39,3.58,2.09,1.7,2.07,1.72,2.16,1.75,2018-04-28
t2C9dGVT,1524985200,7254,Gangwon,Pohang,0,0,2.68,3.39,2.39,2.79,3.39,2.39,2.92,3.64,2.43,1.66,2.15,1.7,2.1,1.74,2.17,2018-04-29
IN3yhzvo,1524985200,7254,Incheon,Gyeongnam,2,3,2.47,3.18,2.73,2.5,3.2,2.87,2.69,3.36,2.82,1.97,1.79,2.04,1.75,2.03,1.85,2018-04-29
WQiJGJGo,1524978000,7254,Jeonbuk,Suwon Bluewings,2,0,1.63,3.7,4.96,1.61,4.0,5.0,1.68,3.89,5.59,1.81,1.96,1.95,1.85,1.96,1.92,2018-04-29
AHjNFwWi,1525257000,7254,Gyeongnam,Seoul,0,0,3.19,3.2,2.18,3.5,3.1,2.2,3.45,3.37,2.25,2.0,1.76,2.04,1.75,2.09,1.8,2018-05-02
UJ6ODH04,1525255200,7254,Jeonbuk,Daegu,2,1,1.26,5.27,10.52,1.28,5.0,11.0,1.26,6.01,14.0,1.59,2.27,1.6,2.29,1.66,2.28,2018-05-02
xpAWBeVG,1525257000,7254,Sangmu,Jeonnam,1,1,2.28,3.31,2.95,2.29,3.5,2.89,2.37,3.47,3.12,1.87,1.89,1.89,1.89,1.94,1.94,2018-05-02
K8ayBFpN,1525257000,7254,Suwon Bluewings,Ulsan,0,0,1.97,3.33,3.68,1.95,3.39,4.0,2.0,3.53,3.99,1.96,1.8,2.0,1.8,2.0,1.88,2018-05-02
Ot6SCyGA,1525257000,7254,Pohang,Incheon,0,0,1.84,3.48,4.02,1.8,3.5,4.5,1.87,3.81,4.41,1.86,1.9,1.85,1.95,1.9,1.98,2018-05-02
jT7KEcob,1525257000,7254,Jeju,Gangwon,3,5,1.91,3.5,3.71,1.95,3.5,3.79,1.98,3.75,3.92,1.77,1.99,1.75,2.04,1.82,2.07,2018-05-02
UXocSGFc,1525503600,7254,Sangmu,Gangwon,3,0,2.73,3.34,2.39,3.0,3.39,2.29,2.93,3.57,2.45,1.8,1.96,1.8,2.0,1.83,2.05,2018-05-05
Ofo1RzV3,1525496400,7254,Ulsan,Pohang,2,1,2.3,3.16,3.01,2.29,3.2,3.2,2.43,3.32,3.15,2.16,1.65,2.25,1.61,2.23,1.69,2018-05-05
UskB4DNj,1525496400,7254,Incheon,Jeju,1,2,3.1,3.28,2.21,3.2,3.2,2.25,3.25,3.54,2.27,1.89,1.87,1.85,1.95,1.92,1.96,2018-05-05
jij75g8p,1525503600,7254,Seoul,Suwon Bluewings,2,1,2.57,3.08,2.7,2.62,3.2,2.7,2.75,3.12,2.89,2.24,1.6,2.35,1.57,2.44,1.57,2018-05-05
babuAZaT,1525496400,7254,Daegu,Gyeongnam,0,2,2.22,3.22,3.12,2.2,3.29,3.29,2.25,3.41,3.42,2.03,1.74,2.1,1.7,2.08,1.81,2018-05-05
WnTgTd0i,1525496400,7254,Jeonnam,Jeonbuk,0,0,3.21,3.51,2.08,2.89,3.5,2.29,3.45,3.72,2.12,1.61,2.23,1.61,2.25,1.67,2.27,2018-05-05
dn2w8nUr,1526101200,7254,Jeonbuk,Pohang,0,3,1.63,3.75,4.84,1.61,4.0,5.25,1.63,4.14,5.68,1.75,2.02,1.75,2.04,1.81,2.08,2018-05-12
KMvAPEaG,1526108400,7254,Jeju,Jeonnam,1,0,1.78,3.64,4.07,1.8,3.6,4.33,1.83,4.0,4.32,1.65,2.18,1.64,2.2,1.67,2.26,2018-05-12
2op5QfpA,1526101200,7254,Gangwon,Seoul,1,1,3.06,3.36,2.19,3.2,3.39,2.2,3.32,3.61,2.21,1.77,1.99,1.75,2.04,1.84,2.04,2018-05-12
4C5o6Qbe,1526194800,7254,Suwon Bluewings,Daegu,2,0,1.85,3.35,4.11,1.85,3.39,4.33,1.97,3.43,4.36,2.04,1.73,2.07,1.72,2.2,1.71,2018-05-13
nyej5pE1,1526194800,7254,Ulsan,Gyeongnam,1,1,2.29,3.25,2.96,2.29,3.2,3.1,2.38,3.52,3.07,1.89,1.87,1.89,1.89,1.9,1.98,2018-05-13
j91s76qk,1526187600,7254,Sangmu,Incheon,3,2,2.34,3.16,2.95,2.39,3.2,3.0,2.46,3.36,3.06,2.08,1.7,2.07,1.72,2.17,1.73,2018-05-13
hYsxTm68,1526713200,7254,Jeonnam,Daegu,1,1,2.34,3.29,2.83,2.37,3.3,2.9,2.55,3.41,2.89,1.85,1.9,1.85,1.95,1.92,1.96,2018-05-19
QRgf44T7,1526706000,7254,Gyeongnam,Gangwon,0,1,2.26,3.39,2.88,2.3,3.3,3.1,2.34,3.81,2.92,1.69,2.11,1.7,2.1,1.71,2.2,2018-05-19
SjzkQojR,1526799600,7254,Pohang,Suwon Bluewings,1,1,2.91,3.17,2.37,3.0,3.2,2.4,3.07,3.39,2.42,2.15,1.67,2.25,1.61,2.25,1.68,2018-05-20
pWMGL5br,1526792400,7254,Sangmu,Jeju,0,0,2.95,3.3,2.28,3.25,3.2,2.25,3.12,3.65,2.28,1.93,1.83,2.0,1.8,1.99,1.89,2018-05-20
EmWpRRzL,1526792400,7254,Incheon,Ulsan,1,1,2.81,3.33,2.36,2.87,3.5,2.3,2.86,3.6,2.45,2.02,1.76,2.04,1.75,2.07,1.82,2018-05-20
WOttS7LE,1526799600,7254,Seoul,Jeonbuk,0,4,3.47,3.38,1.99,4.0,3.4,1.9,3.59,3.75,2.06,1.88,1.88,1.8,2.0,1.88,2.0,2018-05-20
KlFTI3r1,1530957600,7254,Suwon Bluewings,Jeju,2,3,2.2,3.25,3.14,2.14,3.4,3.25,2.29,3.41,3.29,2.03,1.75,2.04,1.75,2.09,1.8,2018-07-07
tbGPJqTf,1530957600,7254,Jeonbuk,Incheon,3,3,1.39,4.56,7.27,1.44,4.33,7.0,1.4,4.79,9.0,1.54,2.39,1.53,2.4,1.53,2.54,2018-07-07
OMLKKPDl,1530957600,7254,Gyeongnam,Pohang,2,0,2.58,3.23,2.6,2.62,3.4,2.54,2.69,3.43,2.71,2.02,1.76,2.07,1.72,2.08,1.81,2018-07-07
SjdKuRkE,1531045800,7254,Sangmu,Ulsan,2,3,2.81,3.12,2.49,3.0,3.1,2.45,2.95,3.29,2.56,2.14,1.67,2.14,1.66,2.21,1.7,2018-07-08
QoIyHsDD,1531040400,7254,Gangwon,Jeonnam,1,1,2.13,3.53,3.07,2.1,3.6,3.2,2.2,3.77,3.19,1.63,2.22,1.64,2.2,1.66,2.28,2018-07-08
EBEXHNc7,1531044000,7254,Daegu,Seoul,2,2,3.06,3.22,2.26,3.2,3.25,2.25,3.22,3.47,2.3,2.04,1.73,2.07,1.72,2.12,1.78,2018-07-08
6seOvo5K,1531305000,7254,Incheon,Gangwon,3,3,2.8,3.38,2.35,3.1,3.2,2.3,2.89,3.69,2.4,1.69,2.11,1.7,2.1,1.74,2.16,2018-07-11
SEv7WMC0,1531305000,7254,Ulsan,Jeonbuk,0,2,4.6,3.76,1.68,5.25,3.7,1.64,4.79,4.28,1.69,1.8,1.96,1.8,2.0,1.83,2.06,2018-07-11
zHaSw5KQ,1531305000,7254,Jeju,Gyeongnam,0,0,1.95,3.46,3.65,1.85,3.5,4.2,1.93,3.79,3.96,1.81,1.95,1.8,2.0,1.86,2.02,2018-07-11
KlyaYrrl,1531305000,7254,Pohang,Seoul,0,3,2.74,3.15,2.51,3.0,3.1,2.45,2.89,3.34,2.58,2.01,1.76,2.04,1.75,2.08,1.81,2018-07-11
xQofZOSs,1531305000,7254,Jeonnam,Suwon Bluewings,0,2,2.87,3.27,2.33,2.87,3.3,2.4,3.02,3.47,2.42,1.8,1.96,1.8,2.0,1.87,2.01,2018-07-11
Yiu3X2cf,1531305000,7254,Sangmu,Daegu,0,1,2.39,3.14,2.88,2.45,3.1,3.0,2.51,3.38,2.95,2.07,1.72,2.1,1.7,2.14,1.76,2018-07-11
YR97U0sD,1531562400,7254,Jeonnam,Sangmu,2,0,2.45,3.18,2.79,2.5,3.1,2.9,2.57,3.36,2.89,1.81,1.94,1.8,2.0,1.84,2.04,2018-07-14
CI8BTKdJ,1531562400,7254,Suwon Bluewings,Jeonbuk,0,3,3.75,3.47,1.92,4.0,3.3,1.95,4.12,3.92,1.87,1.78,1.99,1.75,2.04,1.82,2.06,2018-07-14
65wBVtS6,1531562400,7254,Gyeongnam,Incheon,3,0,2.22,3.25,3.11,2.25,3.3,3.2,2.29,3.36,3.34,1.81,1.95,1.8,2.0,1.9,1.98,2018-07-14
vP0ciOlQ,1531648800,7254,Jeju,Daegu,1,2,2.01,3.24,3.65,2.04,3.4,3.6,2.09,3.39,3.87,2.08,1.7,2.1,1.7,2.1,1.79,2018-07-15
QLdgh4ZJ,1531648800,7254,Seoul,Ulsan,1,1,2.21,3.19,3.23,2.14,3.3,3.4,2.2,3.36,3.55,2.03,1.75,2.04,1.75,2.09,1.79,2018-07-15
p6wQnrcs,1531648800,7254,Pohang,Gangwon,0,0,2.37,3.33,2.8,2.3,3.25,2.9,2.47,3.49,2.93,1.69,2.11,1.66,2.14,1.71,2.2,2018-07-15
EoVtq0d6,1531908000,7254,Jeonbuk,Jeju,1,0,1.56,4.02,5.5,1.53,3.8,6.5,1.58,4.37,5.87,1.69,2.11,1.7,2.1,1.72,2.18,2018-07-18
WMuxpts0,1531911600,7254,Gangwon,Ulsan,3,3,2.55,3.22,2.68,2.6,3.2,2.75,2.6,3.38,2.84,1.97,1.79,2.0,1.8,2.03,1.85,2018-07-18
OdxUo2Cm,1531909800,7254,Daegu,Pohang,0,1,2.26,3.19,3.15,2.2,3.2,3.4,2.49,3.2,3.13,2.04,1.74,2.04,1.75,2.14,1.76,2018-07-18
QLYprKBC,1531909800,7254,Sangmu,Gyeongnam,0,1,2.73,3.18,2.52,2.87,3.2,2.45,2.88,3.28,2.63,2.07,1.71,2.07,1.72,2.2,1.71,2018-07-18
hWtYpMRg,1531909800,7254,Seoul,Jeonnam,2,1,1.94,3.46,3.69,1.9,3.5,4.0,2.0,3.58,3.95,1.74,2.04,1.72,2.07,1.78,2.11,2018-07-18
KrYlsvRI,1531909800,7254,Suwon Bluewings,Incheon,5,2,1.69,3.62,4.81,1.66,3.75,5.0,1.76,3.62,5.33,1.79,1.96,1.8,2.0,1.86,2.02,2018-07-18
bZWhtbtP,1532170800,7254,Gangwon,Jeju,3,1,2.92,3.45,2.25,3.1,3.4,2.25,3.05,3.64,2.32,1.78,2.0,1.8,2.0,1.85,2.03,2018-07-21
xK2ZljpP,1532167200,7254,Gyeongnam,Suwon Bluewings,2,2,3.07,3.27,2.25,3.2,3.4,2.2,3.22,3.41,2.33,1.93,1.83,2.0,1.8,1.97,1.91,2018-07-21
vTl1pAht,1532167200,7254,Pohang,Jeonnam,3,1,2.18,3.34,3.11,2.14,3.4,3.25,2.23,3.55,3.31,1.76,2.0,1.75,2.04,1.79,2.1,2018-07-21
Ykl5qU7n,1532250000,7254,Incheon,Seoul,2,1,3.48,3.48,1.98,3.6,3.6,1.95,3.74,3.64,2.04,1.68,2.11,1.66,2.14,1.7,2.21,2018-07-22
UHsEs8xa,1532253600,7254,Ulsan,Daegu,2,0,2.0,3.29,3.68,1.95,3.4,3.9,2.08,3.38,3.89,2.13,1.67,2.1,1.7,2.23,1.69,2018-07-22
ngh9rlNh,1532255400,7254,Sangmu,Jeonbuk,0,2,6.37,4.28,1.46,7.5,4.2,1.44,6.81,4.53,1.5,1.7,2.1,1.7,2.1,1.76,2.14,2018-07-22
88tItSi5,1532772000,7254,Seoul,Gyeongnam,2,3,2.11,3.22,3.39,2.1,3.4,3.4,2.21,3.27,3.64,1.96,1.81,2.0,1.8,2.02,1.85,2018-07-28
fPvQv6MH,1532773800,7254,Sangmu,Pohang,2,1,2.64,3.15,2.61,2.62,3.3,2.62,2.71,3.37,2.72,1.99,1.78,2.04,1.75,2.03,1.85,2018-07-28
GYuMun7B,1532772000,7254,Jeonnam,Incheon,1,3,2.39,3.48,2.68,2.37,3.6,2.7,2.46,3.74,2.79,1.63,2.22,1.64,2.2,1.68,2.25,2018-07-28
2Tptosqi,1532858400,7254,Suwon Bluewings,Gangwon,2,0,1.86,3.65,3.74,1.8,3.8,4.0,1.93,3.85,3.89,1.67,2.14,1.7,2.1,1.75,2.15,2018-07-29
lQdbMc6j,1532858400,7254,Jeju,Ulsan,1,1,2.37,3.12,2.97,2.4,3.1,3.1,2.54,3.1,3.15,1.97,1.79,2.0,1.8,2.04,1.85,2018-07-29
zNhfNwip,1532858400,7254,Daegu,Jeonbuk,1,3,6.31,4.29,1.45,6.5,4.33,1.44,7.29,4.77,1.46,1.68,2.13,1.7,2.1,1.68,2.25,2018-07-29
xnwgruT9,1533380400,7254,Sangmu,Suwon Bluewings,1,1,3.84,3.29,1.93,4.2,3.4,1.85,4.15,3.53,1.97,2.07,1.73,2.1,1.7,2.14,1.76,2018-08-04
tKqpp1bc,1533380400,7254,Seoul,Jeju,3,0,2.18,3.31,3.18,2.2,3.25,3.25,2.23,3.55,3.3,1.85,1.92,1.8,2.0,1.91,1.97,2018-08-04
bevkqLD3,1533380400,7254,Incheon,Pohang,1,2,2.41,3.33,2.78,2.4,3.3,2.9,2.44,3.57,2.92,1.77,2.01,1.8,2.0,1.81,2.07,2018-08-04
Uge0tJcM,1533466800,7254,Jeonbuk,Gyeongnam,0,1,1.43,4.35,6.65,1.44,4.2,7.5,1.47,4.72,7.08,1.58,2.32,1.57,2.35,1.6,2.4,2018-08-05
W8xcsarG,1533466800,7254,Gangwon,Daegu,1,3,2.01,3.48,3.41,2.0,3.5,3.6,2.03,3.81,3.6,1.75,2.04,1.75,2.04,1.77,2.12,2018-08-05
CIp5uwDS,1533466800,7254,Jeonnam,Ulsan,1,2,3.18,3.35,2.18,3.4,3.3,2.14,3.45,3.67,2.13,1.85,1.91,1.85,1.95,1.9,1.98,2018-08-05
ERWWzcLq,1533981600,7254,Daegu,Incheon,2,1,2.13,3.33,3.29,2.04,3.6,3.4,2.22,3.42,3.44,1.79,1.97,1.8,2.0,1.87,2.01,2018-08-11
r1yyzHzj,1533981600,7254,Jeju,Pohang,0,0,2.14,3.3,3.25,2.14,3.4,3.3,2.29,3.37,3.34,1.88,1.88,1.9,1.9,1.96,1.93,2018-08-11
MizuZzjd,1533981600,7254,Jeonbuk,Gangwon,3,1,1.38,4.76,7.13,1.36,4.75,8.5,1.4,5.13,8.08,1.45,2.63,1.44,2.7,,,2018-08-11
OdENcKSd,1534068000,7254,Gyeongnam,Jeonnam,3,0,2.02,3.39,3.45,2.1,3.3,3.5,2.2,3.43,3.48,1.72,2.07,1.7,2.1,1.72,2.19,2018-08-12
WMHVebc9,1534068000,7254,Ulsan,Suwon Bluewings,1,0,2.63,3.17,2.64,2.7,3.2,2.7,2.76,3.28,2.73,1.92,1.85,1.95,1.85,1.98,1.9,2018-08-12
x0IRdvr3,1534069800,7254,Sangmu,Seoul,1,2,3.11,3.14,2.29,3.0,3.4,2.3,3.34,3.05,2.46,2.01,1.77,2.04,1.75,2.09,1.79,2018-08-12
rNCBnfKe,1534327200,7254,Suwon Bluewings,Seoul,1,2,2.08,3.39,3.34,2.04,3.4,3.6,2.19,3.52,3.43,1.85,1.92,1.85,1.95,1.93,1.96,2018-08-15
neJ2lGkq,1534327200,7254,Jeonnam,Gangwon,0,1,2.59,3.57,2.44,2.7,3.4,2.5,2.72,3.83,2.48,1.5,2.5,1.5,2.5,1.51,2.58,2018-08-15
0bN6mz5k,1534327200,7254,Pohang,Jeonbuk,5,2,6.14,4.15,1.48,8.0,4.0,1.44,6.33,4.54,1.52,1.62,2.24,1.6,2.3,1.63,2.34,2018-08-15
UFWzgdsS,1534327200,7254,Jeju,Daegu,2,3,2.2,3.19,3.22,2.14,3.3,3.4,2.21,3.36,3.52,1.97,1.79,2.0,1.8,2.04,1.85,2018-08-15
jPXWgxSL,1534329000,7254,Incheon,Sangmu,0,0,2.65,3.17,2.58,2.7,3.25,2.6,2.78,3.25,2.72,1.85,1.91,1.9,1.9,1.88,2.01,2018-08-15
ADGZfICF,1534329000,7254,Gyeongnam,Ulsan,3,3,2.92,3.16,2.38,3.0,3.25,2.3,3.0,3.32,2.51,2.0,1.78,1.95,1.85,2.03,1.85,2018-08-15
lK319HR8,1534588200,7254,Sangmu,Jeju,1,1,2.77,3.07,2.55,2.9,3.0,2.6,2.92,3.22,2.63,2.16,1.66,2.2,1.64,2.21,1.7,2018-08-18
MDBFoEZ1,1534586400,7254,Daegu,Ulsan,0,2,3.23,3.29,2.14,3.5,3.2,2.14,3.44,3.56,2.18,1.96,1.81,1.95,1.85,1.99,1.89,2018-08-18
AT4cAcC2,1534586400,7254,Pohang,Gyeongnam,0,3,2.49,3.27,2.69,2.54,3.2,2.8,2.62,3.43,2.76,1.75,2.02,1.7,2.1,1.78,2.11,2018-08-18
xtdE6FBR,1534672800,7254,Jeonnam,Suwon Bluewings,6,4,3.85,3.49,1.89,4.0,3.5,1.9,3.85,3.47,2.06,1.74,2.04,1.72,2.07,1.81,2.08,2018-08-19
Wrg68ysF,1534672800,7254,Seoul,Jeonbuk,0,2,4.33,3.76,1.73,4.5,4.0,1.7,4.77,3.93,1.76,1.57,2.32,1.57,2.35,1.61,2.37,2018-08-19
rJdA7edL,1534672800,7254,Gangwon,Incheon,7,0,1.9,3.64,3.67,1.85,3.6,4.0,1.89,3.94,4.01,1.57,2.32,1.6,2.3,1.61,2.37,2018-08-19
pnJuNzd8,1534933800,7254,Ulsan,Sangmu,4,1,1.72,3.49,4.79,1.75,3.6,4.5,1.76,3.62,5.3,2.04,1.74,2.04,1.75,2.11,1.78,2018-08-22
vkrt2ZJr,1534933800,7254,Seoul,Pohang,0,1,2.07,3.42,3.34,2.0,3.3,3.75,2.14,3.71,3.39,1.79,1.97,1.8,2.0,1.83,2.05,2018-08-22
rsucbiJ7,1534932000,7254,Jeonbuk,Daegu,2,1,1.42,4.44,6.79,1.44,4.33,6.5,1.5,4.39,7.22,1.51,2.45,1.53,2.4,1.53,2.53,2018-08-22
zHyk0Dle,1534933800,7254,Incheon,Jeonnam,3,1,2.7,3.4,2.42,3.0,3.4,2.3,2.84,3.66,2.47,1.59,2.28,1.6,2.3,1.61,2.38,2018-08-22
dQxo1gZl,1534933800,7254,Gyeongnam,Gangwon,2,1,2.21,3.5,2.96,2.25,3.6,3.0,2.32,3.59,3.1,1.61,2.26,1.64,2.2,1.67,2.27,2018-08-22
d4VjKYuR,1535191200,7254,Suwon Bluewings,Gyeongnam,1,0,1.98,3.44,3.6,1.9,3.5,4.0,2.0,3.6,3.9,1.76,2.02,1.8,2.0,1.78,2.11,2018-08-25
2o8JFhlr,1535191200,7254,Ulsan,Seoul,4,1,2.04,3.3,3.48,2.04,3.3,3.6,2.1,3.58,3.59,2.0,1.78,2.0,1.8,2.03,1.85,2018-08-25
OxIqMfBE,1535191200,7254,Jeju,Incheon,0,0,1.73,3.83,4.26,1.72,3.8,4.5,1.76,4.16,4.45,1.67,2.14,1.64,2.2,1.7,2.22,2018-08-25
IDWnLEQK,1535193000,7254,Sangmu,Jeonbuk,2,2,7.3,4.36,1.42,9.0,4.33,1.4,8.31,4.63,1.43,1.66,2.16,1.64,2.2,1.7,2.22,2018-08-25
GlCNEC3l,1535277600,7254,Daegu,Gangwon,2,0,2.43,3.44,2.7,2.45,3.4,2.75,2.55,3.67,2.72,1.65,2.16,1.64,2.2,1.68,2.24,2018-08-26
ABBRDWIf,1535277600,7254,Jeonnam,Pohang,3,2,2.8,3.36,2.36,3.0,3.2,2.37,2.93,3.7,2.37,1.69,2.1,1.7,2.1,1.73,2.17,2018-08-26
l2AVCjY0,1535799600,7254,Gangwon,Seoul,0,0,2.6,3.36,2.53,2.7,3.5,2.5,2.68,3.66,2.59,1.7,2.11,1.7,2.1,1.7,2.22,2018-09-01
6w5zCAm7,1535797800,7254,Sangmu,Jeonnam,1,2,2.45,3.24,2.78,2.37,3.3,3.0,2.46,3.42,2.99,1.91,1.85,1.95,1.85,1.99,1.88,2018-09-01
bXiMZDuE,1535878800,7254,Incheon,Ulsan,3,2,4.26,3.7,1.75,5.0,3.8,1.7,4.74,4.15,1.72,1.7,2.1,1.7,2.1,1.71,2.2,2018-09-02
8tKkIoAt,1535878800,7254,Pohang,Jeju,2,2,2.7,3.22,2.53,2.75,3.3,2.5,2.81,3.4,2.61,2.03,1.75,2.04,1.75,2.11,1.78,2018-09-02
pU3vBU2D,1535882400,7254,Gyeongnam,Jeonbuk,0,3,4.31,3.8,1.74,4.33,3.8,1.75,4.55,4.0,1.78,1.66,2.15,1.64,2.2,1.67,2.26,2018-09-02
CxLtpeaj,1535882400,7254,Daegu,Suwon Bluewings,4,2,3.02,3.36,2.23,3.0,3.4,2.3,2.83,3.52,2.53,1.87,1.89,1.9,1.9,1.94,1.93,2018-09-02
UwygaX31,1536390000,7254,Jeju,Suwon Bluewings,0,0,2.74,3.23,2.47,2.8,3.25,2.5,2.88,3.4,2.55,1.92,1.83,1.95,1.85,1.99,1.89,2018-09-08
j59fH5Pn,1536994800,7254,Incheon,Suwon Bluewings,0,0,3.39,3.57,2.0,3.5,3.8,1.95,3.35,3.66,2.15,1.7,2.09,1.7,2.1,1.74,2.16,2018-09-15
Ue8bGPvg,1536987600,7254,Jeonbuk,Jeju,4,0,1.56,4.03,5.41,1.57,4.2,5.25,1.62,4.04,5.8,1.68,2.13,1.7,2.1,1.72,2.19,2018-09-15
bVC2Fqfa,1536987600,7254,Ulsan,Pohang,2,0,1.91,3.36,3.85,1.9,3.3,4.2,1.96,3.6,4.04,1.87,1.88,1.85,1.95,1.93,1.96,2018-09-15
Ym5FCsvI,1537074000,7254,Jeonnam,Gyeongnam,3,3,2.68,3.41,2.46,2.7,3.4,2.5,2.72,3.63,2.54,1.73,2.06,1.72,2.07,1.76,2.13,2018-09-16
xMB6E395,1537081200,7254,Seoul,Daegu,0,2,2.3,3.32,2.97,2.3,3.4,3.0,2.39,3.45,3.04,1.91,1.86,1.9,1.9,1.98,1.9,2018-09-16
Kp1BDNOB,1537081200,7254,Gangwon,Sangmu,2,3,1.79,3.66,4.14,1.75,3.75,4.5,1.81,3.86,4.43,1.79,1.97,1.8,2.0,1.85,2.03,2018-09-16
UBdMV4vt,1537599600,7254,Sangmu,Daegu,2,5,3.03,3.12,2.35,3.1,3.25,2.3,3.22,3.24,2.4,2.24,1.62,2.35,1.57,2.31,1.64,2018-09-22
613NAL8U,1537592400,7254,Pohang,Incheon,1,0,2.05,3.46,3.35,2.0,3.5,3.6,2.11,3.69,3.44,1.75,2.02,1.72,2.07,1.79,2.1,2018-09-22
SA4JB1gO,1537592400,7254,Gyeongnam,Seoul,2,1,2.59,3.22,2.6,2.62,3.3,2.6,2.74,3.38,2.66,1.86,1.9,1.85,1.95,1.91,1.97,2018-09-22
GSbYS2Ob,1537686000,7254,Suwon Bluewings,Jeonbuk,0,0,4.34,3.72,1.73,4.5,4.0,1.7,4.82,3.85,1.76,1.71,2.08,1.72,2.07,1.83,2.05,2018-09-23
2PfUTr9h,1537686000,7254,Jeonnam,Ulsan,1,0,3.29,3.51,2.06,3.6,3.4,2.04,3.35,3.58,2.18,1.62,2.24,1.6,2.3,1.62,2.35,2018-09-23
82eQUOgn,1537678800,7254,Jeju,Gangwon,2,2,2.23,3.41,3.01,2.2,3.4,3.2,2.34,3.51,3.08,1.71,2.09,1.72,2.07,1.78,2.11,2018-09-23
p8jkPKNN,1537945200,7254,Jeonbuk,Jeonnam,1,0,1.3,5.39,8.17,1.28,6.0,9.0,1.34,5.48,8.62,1.45,2.58,1.47,2.6,,,2018-09-26
xrmsRtgB,1537945200,7254,Seoul,Incheon,1,1,2.03,3.41,3.46,2.04,3.5,3.4,2.11,3.53,3.63,1.81,1.95,1.8,2.0,1.87,2.01,2018-09-26
SWufOvwU,1537938000,7254,Sangmu,Pohang,1,2,3.2,3.22,2.2,3.4,3.2,2.2,3.34,3.48,2.25,2.03,1.75,2.04,1.75,2.1,1.79,2018-09-26
6HioQ08H,1537938000,7254,Gangwon,Suwon Bluewings,1,0,2.93,3.49,2.22,3.0,3.6,2.2,3.03,3.63,2.35,1.67,2.14,1.64,2.2,1.72,2.19,2018-09-26
lznLJboo,1537941600,7254,Ulsan,Jeju,3,2,1.96,3.37,3.71,1.95,3.3,4.0,2.04,3.45,3.91,1.91,1.86,1.9,1.9,1.99,1.89,2018-09-26
bilwSMw5,1537938000,7254,Daegu,Gyeongnam,2,2,2.21,3.3,3.13,2.14,3.3,3.4,2.24,3.52,3.33,1.76,2.01,1.75,2.04,1.79,2.09,2018-09-26
tUY6s2wh,1538204400,7254,Jeonbuk,Gangwon,3,2,1.41,4.64,6.61,1.44,4.5,6.5,1.42,4.85,7.56,1.5,2.48,1.53,2.4,1.52,2.57,2018-09-29
2wz3rrOo,1538204400,7254,Jeju,Jeonnam,1,0,2.05,3.42,3.37,2.0,3.6,3.5,2.14,3.49,3.59,1.77,2.0,1.8,2.0,1.8,2.09,2018-09-29
b5TBtMhb,1538197200,7254,Suwon Bluewings,Ulsan,2,2,2.91,3.28,2.34,2.9,3.4,2.37,3.07,3.36,2.46,1.87,1.89,1.9,1.9,1.93,1.95,2018-09-29
pMVNwKxH,1538290800,7254,Pohang,Daegu,2,1,2.83,3.27,2.39,2.8,3.4,2.4,3.04,3.42,2.44,1.79,1.98,1.8,2.0,1.84,2.04,2018-09-30
xdSFut84,1538283600,7254,Seoul,Sangmu,2,2,1.8,3.42,4.44,1.75,3.6,4.5,1.81,3.61,4.91,2.03,1.76,2.04,1.75,2.08,1.81,2018-09-30
WIRJv0NA,1538290800,7254,Incheon,Gyeongnam,2,2,3.2,3.27,2.2,3.1,3.4,2.25,3.49,3.33,2.25,1.77,1.99,1.8,2.0,1.82,2.07,2018-09-30
6yKWyb7T,1538802000,7254,Gangwon,Pohang,1,1,2.42,3.29,2.77,2.4,3.25,2.9,2.57,3.39,2.89,1.69,2.12,1.7,2.1,1.74,2.16,2018-10-06
SpLSxvhN,1538802000,7254,Daegu,Incheon,1,2,1.77,3.72,4.17,1.75,3.75,4.33,1.81,3.91,4.41,1.64,2.19,1.64,2.2,1.66,2.29,2018-10-06
xK6bXHFp,1538809200,7254,Jeonnam,Seoul,1,0,2.56,3.39,2.56,2.5,3.6,2.54,2.67,3.56,2.66,1.74,2.04,1.72,2.07,1.79,2.1,2018-10-06
IFqoeL7i,1538888400,7254,Sangmu,Suwon Bluewings,1,2,3.49,3.23,2.09,3.4,3.4,2.1,3.81,3.19,2.19,1.9,1.87,1.95,1.85,2.0,1.88,2018-10-07
GA52WyVj,1538888400,7254,Gyeongnam,Jeju,0,1,2.64,3.25,2.55,2.7,3.25,2.6,2.85,3.34,2.63,1.78,1.99,1.8,2.0,1.83,2.05,2018-10-07
WImkfuNc,1538895600,7254,Ulsan,Jeonbuk,2,2,3.75,3.58,1.88,3.75,3.6,1.9,3.9,3.8,1.94,1.65,2.18,1.66,2.14,1.68,2.24,2018-10-07
M7t2iw7G,1540011600,7254,Jeju,Seoul,1,0,2.41,2.96,2.99,2.45,3.2,2.9,2.69,3.02,3.05,2.2,1.64,2.1,1.7,2.18,1.73,2018-10-20
UDVyoypp,1540011600,7254,Ulsan,Gangwon,2,0,1.86,3.73,3.65,1.8,3.75,4.2,1.92,4.21,3.64,1.58,2.31,1.57,2.35,1.6,2.39,2018-10-20
fLvAkHyT,1540011600,7254,Suwon Bluewings,Pohang,2,0,2.45,3.17,2.8,2.4,3.5,2.75,2.59,3.25,2.97,1.91,1.85,1.95,1.85,1.92,1.96,2018-10-20
Qumggax4,1540011600,7254,Daegu,Jeonnam,2,1,2.04,3.48,3.37,2.04,3.6,3.4,2.1,3.64,3.55,1.72,2.07,1.72,2.07,1.74,2.17,2018-10-20
0bu6jcMM,1540011600,7254,Jeonbuk,Incheon,3,2,1.41,4.8,6.34,1.4,5.0,6.5,1.43,5.15,6.78,1.43,2.67,1.44,2.7,,,2018-10-20
4WochJiA,1540011600,7254,Gyeongnam,Sangmu,2,1,1.93,3.53,3.58,1.95,3.75,3.5,2.01,3.71,3.77,1.77,2.01,1.8,2.0,1.83,2.05,2018-10-20
h8pUKb7F,1540623600,7254,Seoul,Gangwon,1,1,2.22,3.35,3.03,2.14,3.4,3.3,2.29,3.56,3.18,1.82,1.94,1.85,1.95,1.88,2.0,2018-10-27
Ag8DC6vF,1540616400,7254,Pohang,Jeju,1,2,2.45,3.22,2.76,2.4,3.4,2.8,2.6,3.36,2.87,1.99,1.77,2.04,1.75,2.06,1.82,2018-10-27
b7C12jil,1540702800,7254,Incheon,Daegu,0,1,2.32,3.37,2.84,2.3,3.4,3.0,2.42,3.52,3.01,1.78,1.99,1.8,2.0,1.84,2.04,2018-10-28
p48c3Wyr,1540702800,7254,Jeonnam,Sangmu,0,1,2.17,3.32,3.16,2.2,3.4,3.2,2.25,3.51,3.32,1.94,1.83,2.0,1.8,2.0,1.88,2018-10-28
r76LAp9R,1540710000,7254,Ulsan,Gyeongnam,1,0,1.85,3.61,3.85,1.8,3.75,4.2,1.91,3.85,3.98,1.77,2.0,1.8,2.0,1.79,2.1,2018-10-28
lp7HBQgL,1540710000,7254,Jeonbuk,Suwon Bluewings,2,0,1.52,4.14,5.61,1.5,4.2,6.5,1.54,4.55,5.92,1.66,2.15,1.7,2.1,1.68,2.25,2018-10-28
2imh5OWl,1541221200,7254,Jeju,Gyeongnam,0,1,2.23,3.14,3.19,2.25,3.2,3.3,2.32,3.3,3.36,2.1,1.71,2.1,1.7,2.15,1.75,2018-11-03
KM0A0UL0,1541228400,7254,Incheon,Sangmu,2,1,2.5,3.18,2.75,2.45,3.1,3.0,2.63,3.39,2.82,1.98,1.8,2.0,1.8,2.01,1.87,2018-11-03
Sn0Ealy7,1541307600,7254,Daegu,Seoul,1,1,2.48,3.21,2.75,2.45,3.2,2.9,2.61,3.39,2.84,1.91,1.86,1.95,1.85,1.96,1.93,2018-11-04
KScm64Hr,1541307600,7254,Jeonbuk,Ulsan,3,1,1.68,3.7,4.65,1.64,3.7,5.25,1.71,3.96,5.02,1.76,2.02,1.8,2.0,1.79,2.1,2018-11-04
trnd4rne,1541314800,7254,Suwon Bluewings,Pohang,1,3,2.18,3.28,3.17,2.2,3.4,3.2,2.35,3.43,3.18,1.92,1.85,1.95,1.85,1.99,1.88,2018-11-04
tW161A6f,1541314800,7254,Gangwon,Jeonnam,1,0,2.1,3.36,3.28,2.1,3.5,3.3,2.19,3.52,3.44,1.83,1.94,1.85,1.95,1.87,2.01,2018-11-04
GEwnR5g8,1541833200,7254,Jeju,Jeonbuk,0,0,4.22,3.65,1.77,4.5,3.8,1.72,4.56,3.89,1.79,1.72,2.06,1.7,2.1,1.75,2.15,2018-11-10
E9a32MG7,1541833200,7254,Gyeongnam,Pohang,1,2,2.69,3.41,2.43,3.0,3.5,2.25,2.86,3.58,2.48,1.73,2.05,1.72,2.07,1.75,2.15,2018-11-10
6waIb8jD,1541826000,7254,Gangwon,Incheon,2,3,2.37,3.45,2.75,2.3,3.5,2.9,2.49,3.66,2.8,1.62,2.24,1.64,2.2,1.63,2.34,2018-11-10
zJ0a3211,1541826000,7254,Suwon Bluewings,Ulsan,3,3,2.78,3.37,2.39,2.9,3.5,2.3,2.89,3.59,2.46,1.73,2.05,1.72,2.07,1.76,2.13,2018-11-10
Mos5MBrK,1541912400,7254,Daegu,Sangmu,0,0,2.24,3.29,3.06,2.2,3.5,3.1,2.41,3.35,3.15,1.83,1.93,1.85,1.95,1.9,1.98,2018-11-11
8rw1NiTD,1541912400,7254,Seoul,Jeonnam,3,2,1.83,3.61,3.91,1.85,3.6,4.0,1.97,3.71,3.92,1.88,1.88,1.9,1.9,1.93,1.96,2018-11-11
G8t9LVcQ,1543042800,7254,Sangmu,Gangwon,0,1,2.29,3.31,2.96,2.3,3.5,2.9,2.39,3.38,3.1,1.78,1.98,1.8,2.0,1.79,2.08,2018-11-24
IHSzHk6s,1543035600,7254,Seoul,Incheon,0,1,1.95,3.45,3.58,1.85,3.5,4.2,2.05,3.56,3.7,1.75,2.03,1.75,2.04,1.78,2.09,2018-11-24
zgNuG9Lm,1543042800,7254,Jeonnam,Daegu,1,2,2.66,3.39,2.43,2.87,3.2,2.5,2.8,3.67,2.46,1.78,1.98,1.8,2.0,1.84,2.02,2018-11-24
MD5J8cws,1543122000,7254,Ulsan,Jeju,0,1,1.68,3.62,4.81,1.66,3.6,5.5,1.7,3.9,5.03,1.96,1.81,2.0,1.8,1.95,1.91,2018-11-25
044N7Hhm,1543129200,7254,Pohang,Jeonbuk,1,1,3.73,3.65,1.87,3.75,3.6,1.9,3.93,3.93,1.88,1.67,2.14,1.7,2.1,1.69,2.2,2018-11-25
UHsjQP8E,1543122000,7254,Gyeongnam,Suwon Bluewings,2,1,3.02,3.28,2.25,3.2,3.4,2.2,3.21,3.39,2.32,1.76,2.02,1.8,2.0,1.79,2.08,2018-11-25
CvbBxKxe,1543399200,7254,Daejeon,Gwangju FC,1,0,2.28,3.11,2.97,2.37,3.25,3.0,2.31,3.33,3.17,2.16,1.64,2.14,1.66,2.14,1.7,2018-11-28
86LmEmj0,1543640400,7254,Sangmu,Seoul,1,0,2.9,3.15,2.38,3.0,3.4,2.3,3.12,3.28,2.43,2.08,1.72,2.14,1.66,2.22,1.68,2018-12-01
r19xtyx7,1543647600,7254,Busan,Daejeon,3,0,2.1,3.08,3.38,2.04,3.25,3.5,2.25,2.99,3.68,2.02,1.73,2.07,1.72,2.03,1.79,2018-12-01
6iviD756,1543640400,7254,Incheon,Jeonnam,3,1,1.76,3.55,4.38,1.75,3.6,4.75,1.83,3.53,4.74,1.67,2.14,1.7,2.1,1.71,2.18,2018-12-01
EqMqFTzf,1543640400,7254,Gangwon,Daegu,0,1,1.95,3.55,3.49,1.95,3.75,3.5,2.03,3.67,3.65,1.66,2.14,1.66,2.14,1.7,2.19,2018-12-01
IuaS6y8g,1543726800,7254,Jeonbuk,Gyeongnam,1,1,1.43,4.47,6.36,1.44,4.33,7.0,1.44,4.74,6.9,1.52,2.42,1.53,2.4,1.52,2.52,2018-12-02
jgcz5Fx6,1543726800,7254,Pohang,Ulsan,1,3,2.53,3.27,2.62,2.5,3.4,2.7,2.69,3.38,2.71,1.7,2.09,1.7,2.1,1.72,2.15,2018-12-02
dWcW5eNa,1543726800,7254,Suwon Bluewings,Jeju,0,2,2.2,3.26,3.15,2.2,3.3,3.25,2.27,3.35,3.35,1.82,1.94,1.8,2.0,1.88,1.98,2018-12-02
YPAZBmPl,1544090400,7254,Busan,Seoul,1,3,2.73,2.96,2.61,2.75,3.2,2.62,2.79,3.05,2.76,2.59,1.47,2.6,1.47,2.72,1.4,2018-12-06
CG9wB7ve,1544332200,7254,Seoul,Busan,1,1,2.07,3.25,3.36,2.1,3.4,3.4,2.13,3.35,3.54,1.97,1.8,2.0,1.8,1.99,1.83,2018-12-09
0vN5r50n,1551423600,7280,Gyeongnam,Seongnam,2,1,2.26,3.02,3.24,2.2,3.1,3.5,2.34,3.24,3.33,2.51,1.48,2.6,1.47,2.55,1.51,2019-03-01
f1M9sPFh,1551423600,7280,Ulsan,Suwon Bluewings,2,1,2.07,3.33,3.37,2.1,3.3,3.5,2.09,3.67,3.47,2.05,1.72,2.05,1.75,2.05,1.81,2019-03-01
nyJ1qoot,1551416400,7280,Jeonbuk,Daegu,1,1,1.56,3.83,5.59,1.61,4.0,5.0,1.61,3.69,6.61,1.75,2.02,1.8,2.0,1.83,2.03,2019-03-01
YiLDtqVb,1551502800,7280,Incheon,Jeju,1,1,3.07,3.26,2.23,3.3,3.2,2.25,3.09,3.54,2.32,2.02,1.75,2.05,1.75,1.99,1.87,2019-03-02
jTFIu3p5,1551510000,7280,Sangmu,Gangwon,2,0,2.75,3.08,2.56,2.87,3.1,2.55,2.84,3.24,2.66,2.16,1.66,2.2,1.65,2.18,1.7,2019-03-02
UJEMvNaB,1551589200,7280,Seoul,Pohang,2,0,2.38,3.05,3.01,2.37,3.1,3.1,2.49,3.23,3.07,2.22,1.61,2.15,1.66,2.25,1.66,2019-03-03
Iu7ZyLqU,1552114800,7280,Suwon Bluewings,Jeonbuk,0,4,3.81,3.56,1.86,4.2,3.6,1.83,3.92,3.8,1.92,1.79,1.98,1.8,2.0,1.81,2.06,2019-03-09
zHHUx1UN,1552107600,7280,Incheon,Gyeongnam,2,1,2.65,3.17,2.57,2.62,3.3,2.6,2.74,3.35,2.68,2.01,1.76,2.05,1.75,1.99,1.87,2019-03-09
OtEQwsFH,1552107600,7280,Daegu,Jeju,2,0,2.5,3.14,2.77,2.5,3.2,2.75,2.56,3.31,2.9,2.14,1.66,2.15,1.66,2.21,1.68,2019-03-09
neomerph,1552201200,7280,Seongnam,Seoul,0,1,3.4,3.11,2.16,3.6,3.1,2.15,3.6,3.3,2.19,2.26,1.6,2.25,1.61,2.29,1.63,2019-03-10
84nqdOUo,1552194000,7280,Gangwon,Ulsan,0,0,3.35,3.42,2.05,3.3,3.4,2.15,3.59,3.63,2.06,1.88,1.88,1.85,1.95,1.92,1.95,2019-03-10
Klg1Xvho,1552194000,7280,Pohang,Sangmu,1,2,2.32,3.09,3.08,2.25,3.2,3.2,2.44,3.2,3.18,2.26,1.6,2.25,1.61,2.34,1.61,2019-03-10
UJzhf2ab,1552712400,7280,Sangmu,Incheon,2,0,2.13,3.24,3.3,2.1,3.3,3.5,2.24,3.32,3.45,1.96,1.8,2.0,1.8,2.0,1.85,2019-03-16
xpv0htUA,1552719600,7280,Seongnam,Suwon Bluewings,2,1,3.14,3.11,2.27,3.3,3.25,2.2,3.33,3.2,2.35,2.2,1.63,2.15,1.66,2.23,1.67,2019-03-16
rNvdgME4,1552719600,7280,Seoul,Jeju,0,0,2.31,3.11,3.07,2.3,3.2,3.1,2.44,3.24,3.13,2.21,1.62,2.2,1.65,2.26,1.65,2019-03-16
Mm84kvET,1552806000,7280,Pohang,Gyeongnam,4,1,2.59,3.22,2.62,2.6,3.3,2.62,2.72,3.36,2.69,1.86,1.9,1.85,1.95,1.86,2.0,2019-03-17
Gzw4i0qH,1552798800,7280,Jeonbuk,Gangwon,0,1,1.32,4.94,8.32,1.3,5.25,9.5,1.3,5.57,9.42,1.54,2.38,1.53,2.4,1.51,2.54,2019-03-17
rc90jKbN,1552798800,7280,Daegu,Ulsan,1,1,2.79,3.18,2.47,2.9,3.2,2.45,2.87,3.31,2.59,2.05,1.73,2.05,1.75,2.1,1.77,2019-03-17
vTfWpbMp,1553855400,7280,Ulsan,Jeju,2,1,1.97,3.23,3.85,2.0,3.3,3.75,2.06,3.29,4.02,2.08,1.71,2.1,1.7,2.16,1.72,2019-03-29
d4PGhAui,1553922000,7280,Seoul,Sangmu,2,0,2.22,3.08,3.27,2.2,3.4,3.2,2.33,3.17,3.41,2.27,1.59,2.25,1.61,2.38,1.58,2019-03-30
zeOKiUfc,1553929200,7280,Gyeongnam,Daegu,2,1,2.93,3.15,2.38,3.0,3.2,2.4,3.15,3.34,2.38,2.04,1.74,2.05,1.75,2.04,1.82,2019-03-30
hWbzpIyi,1553922000,7280,Jeonbuk,Pohang,2,0,1.44,4.47,6.13,1.44,4.5,5.5,1.45,4.81,6.58,1.61,2.23,1.6,2.3,1.64,2.28,2019-03-30
4USOjlA3,1554008400,7280,Gangwon,Seongnam,2,1,2.26,3.09,3.21,2.25,3.2,3.2,2.38,3.13,3.36,2.17,1.65,2.25,1.61,2.24,1.67,2019-03-31
rLRSk8P9,1554015600,7280,Suwon Bluewings,Incheon,3,1,2.18,3.25,3.17,2.2,3.3,3.25,2.27,3.34,3.36,1.8,1.95,1.85,1.95,1.84,2.02,2019-03-31
xKKylnfM,1554201000,7280,Ulsan,Seoul,2,1,2.11,3.19,3.44,2.1,3.2,3.6,2.25,3.31,3.42,2.11,1.68,2.15,1.66,2.2,1.69,2019-04-02
QqHXlSvG,1554201000,7280,Gyeongnam,Jeonbuk,3,3,5.27,4.24,1.53,5.5,4.33,1.53,5.47,4.48,1.56,1.66,2.14,1.65,2.2,1.7,2.19,2019-04-02
WtKum69S,1554287400,7280,Pohang,Gangwon,1,0,2.9,3.22,2.35,3.5,3.1,2.2,2.97,3.38,2.47,1.85,1.91,1.8,2.0,1.92,1.94,2019-04-03
jR0CspXk,1554287400,7280,Incheon,Daegu,0,3,3.7,3.34,1.96,3.8,3.3,1.9,3.94,3.5,2.0,1.95,1.81,2.0,1.8,2.04,1.82,2019-04-03
Yk67rQHq,1554287400,7280,Suwon Bluewings,Sangmu,0,0,2.57,3.14,2.67,2.7,3.25,2.6,2.8,3.2,2.73,1.99,1.77,2.05,1.75,2.07,1.79,2019-04-03
UHaGt4nd,1554287400,7280,Seongnam,Jeju,1,1,2.88,3.02,2.48,3.0,3.2,2.37,3.05,3.07,2.61,2.31,1.58,2.4,1.53,2.46,1.54,2019-04-03
dOi247v3,1554526800,7280,Seoul,Gyeongnam,2,1,1.75,3.68,4.26,1.75,3.75,4.33,1.76,4.01,4.48,1.93,1.83,1.95,1.85,1.97,1.89,2019-04-06
IwtB2o9F,1554534000,7280,Sangmu,Ulsan,0,1,3.05,3.06,2.34,3.1,3.1,2.37,3.04,3.24,2.51,2.23,1.61,2.2,1.65,2.21,1.68,2019-04-06
vms73Rg9,1554534000,7280,Jeonbuk,Incheon,2,0,1.37,4.82,7.18,1.36,5.0,7.5,1.38,4.92,8.26,1.46,2.59,1.47,2.6,,,2019-04-06
rLmb5mPd,1554526800,7280,Daegu,Seongnam,1,1,1.97,3.13,3.96,2.05,3.4,3.5,2.04,3.19,4.26,2.34,1.56,2.4,1.53,2.39,1.58,2019-04-06
4fvJ0PwS,1554613200,7280,Gangwon,Suwon Bluewings,0,2,2.52,3.13,2.74,2.62,3.2,2.7,2.59,3.2,2.96,1.96,1.8,1.95,1.85,2.03,1.83,2019-04-07
Q3uF15OL,1554613200,7280,Pohang,Jeju,1,1,2.8,3.09,2.51,3.2,3.0,2.37,2.94,3.19,2.61,1.95,1.8,1.95,1.85,1.98,1.88,2019-04-07
OvLke31k,1555138800,7280,Gyeongnam,Sangmu,1,1,2.34,3.25,2.91,2.3,3.2,3.2,2.39,3.43,3.06,1.94,1.81,1.95,1.85,1.98,1.88,2019-04-13
AyHodqnq,1555131600,7280,Jeju,Jeonbuk,0,1,3.4,3.35,2.06,3.25,3.5,2.1,3.61,3.46,2.12,1.79,1.97,1.8,2.0,1.83,2.03,2019-04-13
I1KgfNGe,1555138800,7280,Seongnam,Pohang,2,0,2.48,3.09,2.82,2.55,3.2,2.8,2.53,3.27,2.98,2.15,1.65,2.1,1.7,2.21,1.68,2019-04-13
dhJcgsW1,1555218000,7280,Suwon Bluewings,Daegu,0,0,2.8,3.14,2.46,3.0,3.1,2.45,2.94,3.3,2.54,2.01,1.76,2.0,1.8,2.05,1.81,2019-04-14
Y92tIQ82,1555225200,7280,Gangwon,Seoul,1,2,3.03,3.11,2.34,3.3,3.1,2.3,3.15,3.19,2.46,2.07,1.71,2.07,1.72,2.14,1.74,2019-04-14
C01pHpO8,1555225200,7280,Incheon,Ulsan,0,3,4.35,3.4,1.8,4.75,3.4,1.8,4.6,3.54,1.85,1.88,1.87,1.9,1.9,1.95,1.91,2019-04-14
6N0lG4wF,1555736400,7280,Daegu,Pohang,3,0,1.85,3.32,4.26,1.8,3.75,4.2,1.88,3.37,4.69,2.14,1.66,2.1,1.7,2.2,1.69,2019-04-20
2srHbx8s,1555743600,7280,Sangmu,Jeonbuk,0,3,4.02,3.37,1.88,3.75,3.6,1.83,4.32,3.39,1.95,1.93,1.82,1.95,1.85,2.02,1.84,2019-04-20
p6XLcdNm,1555743600,7280,Gyeongnam,Suwon Bluewings,3,3,2.63,3.24,2.53,2.6,3.2,2.55,2.74,3.4,2.65,1.89,1.87,1.85,1.95,1.93,1.94,2019-04-20
OdWPdGxf,1555750800,7280,Ulsan,Seongnam,0,1,1.81,3.35,4.42,1.8,3.5,4.75,1.87,3.35,4.8,2.1,1.69,2.1,1.7,2.2,1.69,2019-04-20
WMZXff76,1555830000,7280,Seoul,Incheon,0,0,1.6,3.77,5.35,1.57,4.0,5.5,1.63,3.85,5.83,1.91,1.85,1.9,1.9,2.0,1.86,2019-04-21
hWzUezh0,1555822800,7280,Jeju,Gangwon,2,4,2.1,3.24,3.35,2.1,3.25,3.25,2.15,3.41,3.58,2.03,1.75,2.05,1.75,2.09,1.78,2019-04-21
EoPxfEMC,1556274600,7280,Pohang,Suwon Bluewings,1,0,3.09,3.24,2.24,3.2,3.3,2.25,3.32,3.26,2.33,1.91,1.84,1.95,1.85,1.99,1.87,2019-04-26
SlTtgYyJ,1556341200,7280,Jeju,Sangmu,2,3,2.3,3.05,3.12,2.3,3.1,3.3,2.42,3.17,3.24,2.28,1.59,2.3,1.6,2.33,1.61,2019-04-27
thHOHHEJ,1556348400,7280,Gangwon,Daegu,0,2,2.97,3.17,2.35,2.9,3.3,2.37,3.21,3.36,2.34,2.03,1.74,2.1,1.7,2.03,1.83,2019-04-27
KrGSGyUP,1556355600,7280,Incheon,Seongnam,0,0,3.37,3.1,2.17,3.6,3.25,2.15,3.53,3.25,2.24,2.25,1.6,2.3,1.6,2.31,1.62,2019-04-27
23JiBFim,1556434800,7280,Ulsan,Gyeongnam,2,0,1.76,3.65,4.22,1.75,3.75,4.33,1.79,3.81,4.5,1.72,2.06,1.7,2.1,1.72,2.16,2019-04-28
OCKmCexs,1556427600,7280,Jeonbuk,Seoul,2,1,1.62,3.8,5.12,1.61,3.8,5.5,1.65,3.97,5.4,1.86,1.9,1.9,1.9,1.91,1.95,2019-04-28
dQIeAZ6g,1556879400,7280,Daegu,Sangmu,1,0,2.26,3.06,3.23,2.37,3.25,3.0,2.35,3.11,3.46,2.32,1.57,2.35,1.57,2.39,1.58,2019-05-03
WrB87XjC,1556953200,7280,Seongnam,Jeonbuk,0,0,4.63,3.58,1.72,4.75,3.75,1.7,5.02,3.7,1.75,2.01,1.75,2.05,1.75,2.07,1.8,2019-05-04
ATMa9gMa,1556946000,7280,Pohang,Ulsan,2,1,3.78,3.31,1.94,4.0,3.5,1.9,4.12,3.51,1.95,2.01,1.76,2.05,1.75,2.05,1.81,2019-05-04
hhC48Dy6,1556946000,7280,Jeju,Gyeongnam,2,0,2.12,3.36,3.23,2.1,3.5,3.25,2.15,3.57,3.42,1.8,1.96,1.8,2.0,1.79,2.07,2019-05-04
0IFC6i6I,1557039600,7280,Suwon Bluewings,Seoul,1,1,2.59,3.18,2.62,2.55,3.3,2.7,2.71,3.37,2.69,2.07,1.71,2.07,1.72,2.16,1.72,2019-05-05
v9EG5BLO,1557039600,7280,Gangwon,Incheon,1,0,1.89,3.4,3.91,1.9,3.6,3.8,1.93,3.52,4.17,1.94,1.82,1.95,1.85,2.06,1.8,2019-05-05
tEhaUfbP,1557482400,7280,Sangmu,Seongnam,1,0,2.45,2.76,3.24,2.5,2.9,3.1,2.54,2.81,3.48,2.79,1.39,2.87,1.4,,,2019-05-10
ATrVOYLn,1557568800,7280,Seoul,Daegu,2,1,2.64,2.96,2.74,2.75,3.0,2.75,2.77,3.11,2.83,2.31,1.57,2.3,1.6,2.35,1.6,2019-05-11
G6qRPE6t,1557561600,7280,Incheon,Pohang,0,1,2.83,3.09,2.48,3.0,3.2,2.4,2.98,3.15,2.61,2.11,1.68,2.15,1.66,2.18,1.71,2019-05-11
lKsZNhyg,1557648000,7280,Gyeongnam,Gangwon,0,2,2.24,3.31,3.01,2.25,3.5,3.0,2.31,3.43,3.19,1.8,1.95,1.8,2.0,1.86,2.0,2019-05-12
6exvNCja,1557637200,7280,Jeju,Suwon Bluewings,1,3,2.27,3.23,3.02,2.3,3.2,3.1,2.34,3.45,3.13,1.9,1.85,1.85,1.95,1.93,1.93,2019-05-12
pnyrMW55,1557655200,7280,Ulsan,Jeonbuk,2,1,3.32,3.28,2.12,3.4,3.4,2.15,3.6,3.46,2.12,1.86,1.89,1.85,1.95,1.88,1.97,2019-05-12
hCvjKAzI,1558173600,7280,Jeonbuk,Jeju,3,1,1.51,4.11,5.76,1.5,4.5,5.75,1.52,4.22,6.6,1.67,2.11,1.7,2.1,1.79,2.08,2019-05-18
v9znLjLB,1558166400,7280,Suwon Bluewings,Ulsan,1,3,2.66,3.15,2.58,2.7,3.2,2.62,2.73,3.22,2.78,1.92,1.83,1.9,1.9,1.99,1.88,2019-05-18
zyUfJUkO,1558245600,7280,Gyeongnam,Pohang,1,2,2.33,3.29,2.86,2.4,3.4,2.8,2.39,3.48,3.01,1.87,1.88,1.85,1.95,1.92,1.94,2019-05-19
UiI7xhjn,1558260000,7280,Sangmu,Seoul,1,3,2.84,2.96,2.56,2.9,3.0,2.55,3.03,3.01,2.67,2.35,1.55,2.35,1.57,2.51,1.52,2019-05-19
ERSbIl5U,1558252800,7280,Seongnam,Gangwon,1,2,2.51,3.02,2.85,2.55,3.1,2.9,2.62,3.09,3.01,2.32,1.56,2.35,1.57,2.39,1.58,2019-05-19
j1J3wYzt,1558242000,7280,Daegu,Incheon,2,1,1.62,3.67,5.21,1.61,3.8,5.5,1.65,3.82,5.62,2.0,1.76,2.05,1.75,2.06,1.8,2019-05-19
CG7CyC5h,1558695600,7280,Incheon,Sangmu,1,2,3.44,3.04,2.17,3.3,3.2,2.2,3.67,3.16,2.23,2.45,1.51,2.4,1.53,2.52,1.52,2019-05-24
QJBGzWKb,1558771200,7280,Pohang,Seoul,0,0,2.94,3.17,2.34,2.9,3.25,2.45,2.99,3.31,2.5,2.02,1.74,2.0,1.8,2.08,1.79,2019-05-25
bX9OY9kB,1558778400,7280,Seongnam,Ulsan,1,4,3.87,3.22,1.95,4.2,3.25,1.9,4.14,3.41,1.98,2.21,1.62,2.3,1.6,2.24,1.67,2019-05-25
KtBKZkz5,1558778400,7280,Gangwon,Jeju,0,1,2.25,3.32,3.0,2.3,3.3,3.1,2.31,3.49,3.15,1.76,2.0,1.8,2.0,1.79,2.07,2019-05-25
G84TXT4H,1558857600,7280,Daegu,Suwon Bluewings,0,0,2.21,3.23,3.15,2.25,3.25,3.1,2.32,3.29,3.31,1.97,1.79,2.05,1.75,2.05,1.81,2019-05-26
fa3XWmKN,1558864800,7280,Jeonbuk,Gyeongnam,4,1,1.45,4.35,6.11,1.44,4.33,7.0,1.48,4.51,6.72,1.57,2.31,1.6,2.3,1.58,2.38,2019-05-26
OEg3RRso,1559039400,7280,Seoul,Seongnam,3,1,1.83,3.26,4.45,1.83,3.3,4.6,1.89,3.36,4.67,2.33,1.56,2.35,1.57,2.41,1.57,2019-05-28
lM2yW7ZT,1559039400,7280,Jeju,Incheon,1,2,1.63,3.68,5.05,1.61,3.75,5.5,1.65,3.93,5.47,1.88,1.87,1.9,1.9,1.9,1.96,2019-05-28
4AWkkVZi,1559124000,7280,Sangmu,Gyeongnam,1,1,2.25,3.14,3.15,2.25,3.1,3.4,2.37,3.22,3.29,2.1,1.69,2.15,1.66,2.19,1.7,2019-05-29
QJXojBKo,1559124000,7280,Gangwon,Jeonbuk,2,3,3.66,3.44,1.94,3.6,3.5,2.0,3.97,3.5,1.99,1.78,1.98,1.8,2.0,1.83,2.03,2019-05-29
Yqyflkkb,1559125800,7280,Ulsan,Daegu,0,0,1.99,3.25,3.69,2.0,3.25,3.9,2.08,3.35,3.86,2.04,1.74,2.07,1.72,2.08,1.79,2019-05-29
Czzbm944,1559125800,7280,Suwon Bluewings,Pohang,3,0,2.29,3.12,3.1,2.3,3.1,3.3,2.37,3.24,3.26,2.09,1.69,2.1,1.7,2.12,1.75,2019-05-29
82T6omZG,1559383200,7280,Seongnam,Incheon,0,0,2.2,3.11,3.29,2.2,3.2,3.4,2.32,3.15,3.46,2.26,1.6,2.3,1.6,2.33,1.61,2019-06-01
faP2nTJA,1559372400,7280,Jeju,Ulsan,1,3,3.05,3.27,2.24,3.2,3.25,2.25,3.11,3.43,2.35,1.92,1.83,1.95,1.85,1.96,1.9,2019-06-01
bi6uRIm2,1559469600,7280,Suwon Bluewings,Gangwon,1,1,2.19,3.31,3.1,2.2,3.4,3.3,2.26,3.4,3.32,1.81,1.94,1.8,2.0,1.85,2.01,2019-06-02
0bizUK3q,1559462400,7280,Jeonbuk,Sangmu,2,0,1.56,3.98,5.43,1.53,4.0,6.0,1.58,4.12,5.91,1.71,2.06,1.72,2.07,1.75,2.13,2019-06-02
K07ySbYe,1559469600,7280,Pohang,Daegu,0,2,3.18,3.18,2.23,3.1,3.4,2.25,3.32,3.24,2.34,2.18,1.64,2.15,1.66,2.24,1.67,2019-06-02
vkjvTvJk,1559462400,7280,Gyeongnam,Seoul,1,2,3.25,3.26,2.14,3.4,3.3,2.1,3.3,3.46,2.25,1.97,1.78,2.05,1.75,2.02,1.84,2019-06-02
8MmWmteF,1560592800,7280,Seongnam,Gyeongnam,1,1,2.89,3.02,2.47,3.0,3.2,2.4,3.1,3.06,2.56,2.18,1.64,2.2,1.65,2.22,1.69,2019-06-15
QcbRlMu9,1560592800,7280,Incheon,Jeonbuk,0,1,6.25,4.27,1.45,6.5,4.33,1.45,6.59,4.46,1.49,1.65,2.16,1.7,2.1,1.69,2.21,2019-06-15
CffNk2Q2,1560592800,7280,Ulsan,Pohang,1,0,1.68,3.68,4.61,1.66,3.75,4.33,1.71,3.78,5.1,1.83,1.91,1.85,1.95,1.86,2.0,2019-06-15
nDnzm0AL,1560594600,7280,Daegu,Gangwon,2,2,1.99,3.32,3.63,2.0,3.4,3.8,2.06,3.38,3.86,1.82,1.93,1.8,2.0,1.85,2.01,2019-06-15
GnivnKPR,1560679200,7280,Sangmu,Jeju,4,2,2.18,3.09,3.34,2.2,3.1,3.6,2.25,3.15,3.58,2.12,1.67,2.15,1.66,2.19,1.71,2019-06-16
Iew6svYr,1560679200,7280,Seoul,Suwon Bluewings,4,2,2.26,3.21,3.05,2.25,3.6,2.9,2.39,3.29,3.15,2.02,1.75,2.05,1.75,2.05,1.81,2019-06-16
0KSAtbmk,1561113000,7280,Jeju,Seongnam,1,2,2.21,3.07,3.34,2.2,3.1,3.5,2.29,3.08,3.59,2.16,1.65,2.2,1.65,2.24,1.68,2019-06-21
b5oEuI2e,1561197600,7280,Gyeongnam,Incheon,1,1,2.0,3.36,3.54,2.05,3.5,3.5,2.06,3.42,3.8,1.91,1.84,1.95,1.85,1.98,1.88,2019-06-22
WIqMwdX7,1561199400,7280,Daegu,Seoul,1,2,2.35,3.14,2.98,2.4,3.2,3.0,2.4,3.25,3.17,2.1,1.69,2.1,1.7,2.14,1.74,2019-06-22
nRR81aPE,1561284000,7280,Gangwon,Pohang,5,4,2.24,3.29,3.06,2.2,3.3,3.25,2.34,3.39,3.15,1.83,1.92,1.8,2.0,1.85,2.01,2019-06-23
8zT42uA8,1561284000,7280,Jeonbuk,Suwon Bluewings,1,1,1.79,3.64,4.09,1.75,3.75,4.0,1.82,3.74,4.43,1.68,2.1,1.72,2.07,1.72,2.17,2019-06-23
tlRC0JvL,1561717800,7280,Seongnam,Sangmu,1,0,3.43,2.96,2.23,3.5,3.0,2.25,3.72,3.03,2.26,2.46,1.51,2.4,1.53,2.55,1.53,2019-06-28
fiVGawfR,1561802400,7280,Jeju,Daegu,1,1,3.36,3.3,2.09,3.6,3.4,2.05,3.51,3.42,2.16,1.95,1.8,2.0,1.8,2.02,1.85,2019-06-29
0Y7qec2r,1561802400,7280,Suwon Bluewings,Gyeongnam,0,0,1.9,3.53,3.7,1.9,3.6,3.8,1.99,3.72,3.75,1.79,1.96,1.8,2.0,1.85,2.01,2019-06-29
nk6igyXf,1561888800,7280,Incheon,Gangwon,1,2,3.19,3.4,2.11,3.3,3.5,2.1,3.36,3.54,2.17,1.73,2.04,1.7,2.1,1.75,2.14,2019-06-30
Qu5ehen1,1561888800,7280,Seoul,Ulsan,2,2,2.93,3.17,2.36,2.87,3.3,2.4,3.07,3.27,2.45,1.95,1.81,2.0,1.8,2.0,1.87,2019-06-30
vP6mfHHl,1561888800,7280,Pohang,Jeonbuk,1,1,4.69,3.93,1.64,4.75,4.2,1.61,4.92,4.12,1.67,1.66,2.16,1.65,2.2,1.67,2.26,2019-06-30
84f0iF17,1562407200,7280,Ulsan,Incheon,1,0,1.3,4.96,9.37,1.28,5.0,12.0,1.31,5.35,10.19,1.71,2.07,1.7,2.1,1.72,2.17,2019-07-06
zBnnFIgE,1562407200,7280,Seoul,Gangwon,2,2,2.16,3.4,3.09,2.25,3.4,3.1,2.3,3.46,3.15,1.69,2.1,1.7,2.1,1.71,2.19,2019-07-06
E1ojEx9K,1562409000,7280,Daegu,Gyeongnam,1,1,1.97,3.39,3.58,2.0,3.4,3.75,2.09,3.42,3.7,1.85,1.9,1.85,1.95,1.93,1.94,2019-07-06
M7b4jZGD,1562407200,7280,Sangmu,Pohang,1,1,2.34,3.16,2.97,2.4,3.2,3.0,2.53,3.26,2.97,2.12,1.68,2.15,1.66,2.2,1.71,2019-07-06
WxteDdOQ,1562493600,7280,Jeonbuk,Seongnam,3,1,1.47,4.02,6.56,1.5,3.8,7.5,1.5,4.03,7.66,1.74,2.03,1.7,2.1,1.77,2.1,2019-07-07
YoSM8GWs,1562493600,7280,Suwon Bluewings,Jeju,2,0,2.21,3.29,3.08,2.15,3.4,3.3,2.35,3.37,3.15,1.77,1.98,1.8,2.0,1.82,2.04,2019-07-07
vqVU6f1f,1562668200,7280,Gyeongnam,Ulsan,1,3,4.2,3.69,1.75,4.5,3.6,1.75,4.4,3.8,1.81,1.73,2.04,1.72,2.07,1.75,2.14,2019-07-09
S8RQ7znl,1562666400,7280,Gangwon,Sangmu,4,0,2.2,3.32,3.1,2.2,3.3,3.3,2.28,3.38,3.28,1.83,1.92,1.85,1.95,1.88,1.99,2019-07-09
0bJw5YV6,1562754600,7280,Jeju,Seoul,4,2,2.94,3.43,2.24,3.25,3.4,2.15,2.99,3.64,2.32,1.75,2.02,1.85,1.95,1.79,2.08,2019-07-10
8OMo3C0J,1562754600,7280,Incheon,Suwon Bluewings,2,3,3.74,3.26,1.98,3.8,3.3,2.05,4.12,3.48,1.96,2.02,1.75,2.0,1.8,2.07,1.8,2019-07-10
M7KZ5EG0,1562754600,7280,Pohang,Seongnam,1,0,2.12,3.12,3.49,2.1,3.25,3.6,2.2,3.22,3.65,2.28,1.59,2.25,1.61,2.35,1.62,2019-07-10
UXNs4hoD,1562754600,7280,Daegu,Jeonbuk,1,4,4.07,3.47,1.84,4.5,3.4,1.8,4.35,3.71,1.85,1.87,1.88,1.9,1.9,1.89,1.97,2019-07-10
6abv4z1J,1562925600,7280,Gangwon,Gyeongnam,2,1,1.91,3.57,3.68,1.9,3.4,4.0,1.95,3.78,3.82,1.61,2.22,1.61,2.25,1.64,2.31,2019-07-12
K22r3fGP,1563012000,7280,Jeju,Pohang,1,1,2.75,3.17,2.5,2.8,3.25,2.5,2.91,3.2,2.61,1.87,1.89,1.85,1.95,1.9,1.96,2019-07-13
xrkAbEOt,1563012000,7280,Incheon,Seoul,0,2,3.97,3.47,1.85,4.33,3.5,1.83,4.21,3.61,1.91,1.89,1.87,1.85,1.95,1.89,1.97,2019-07-13
GYmEcYwm,1563098400,7280,Jeonbuk,Ulsan,1,1,1.95,3.59,3.48,1.9,3.8,3.6,2.0,3.82,3.6,1.64,2.19,1.65,2.2,1.65,2.3,2019-07-14
reKAdhgg,1563098400,7280,Sangmu,Suwon Bluewings,0,2,2.81,3.11,2.48,2.8,3.4,2.45,2.91,3.24,2.58,2.22,1.62,2.25,1.61,2.29,1.65,2019-07-14
MoJEeC8a,1563098400,7280,Seongnam,Daegu,0,1,3.65,3.07,2.09,3.75,3.4,2.0,3.79,3.21,2.15,2.61,1.46,2.6,1.47,2.71,1.48,2019-07-14
G8IIfWN5,1563616800,7280,Gyeongnam,Jeju,2,2,2.33,3.31,2.86,2.3,3.4,2.7,2.43,3.4,3.0,1.82,1.94,1.8,2.0,1.86,2.0,2019-07-20
CzCRhAhI,1563616800,7280,Pohang,Incheon,1,2,1.7,3.58,4.74,1.7,3.6,4.5,1.73,3.71,5.11,1.96,1.81,1.95,1.85,2.01,1.85,2019-07-20
l0ZfyrNp,1563616800,7280,Seoul,Jeonbuk,2,4,4.0,3.64,1.8,4.5,3.4,1.75,4.22,3.9,1.83,1.68,2.13,1.65,2.2,1.68,2.24,2019-07-20
UBMMgjwC,1563703200,7280,Ulsan,Gangwon,2,1,1.88,3.65,3.67,1.85,3.6,3.6,1.94,3.71,3.93,1.57,2.31,1.57,2.35,1.58,2.43,2019-07-21
xGSx0Rao,1563703200,7280,Suwon Bluewings,Seongnam,1,2,1.87,3.21,4.29,1.8,3.4,4.33,1.93,3.34,4.55,2.46,1.51,2.5,1.5,2.63,1.51,2019-07-21
G6RtaoFi,1563703200,7280,Sangmu,Daegu,2,0,2.93,3.09,2.42,2.8,3.2,2.37,3.11,3.2,2.47,2.17,1.65,2.15,1.66,2.22,1.69,2019-07-21
hSpIvxI1,1563964200,7280,Ulsan,Sangmu,2,2,1.85,3.36,4.19,1.85,3.25,4.33,1.93,3.47,4.27,1.97,1.79,2.0,1.8,2.04,1.82,2019-07-24
bVGob5Uc,1564482600,7280,Ulsan,Seoul,3,1,1.75,3.73,4.2,1.72,3.8,4.5,1.76,3.93,4.53,1.62,2.22,1.6,2.3,1.63,2.33,2019-07-30
4SJgdqaA,1564482600,7280,Incheon,Gyeongnam,1,1,2.96,3.3,2.28,3.0,3.4,2.3,3.13,3.43,2.33,1.81,1.95,1.75,2.05,1.83,2.03,2019-07-30
A5KkcPq4,1564482600,7280,Daegu,Suwon Bluewings,0,2,2.24,3.21,3.13,2.25,3.4,3.1,2.3,3.33,3.28,2.06,1.73,2.05,1.75,2.14,1.75,2019-07-30
rJIce3EG,1564482600,7280,Seongnam,Sangmu,1,0,2.97,2.92,2.5,3.1,3.0,2.45,3.16,3.02,2.55,2.61,1.46,2.7,1.44,2.7,1.48,2019-07-30
voC6gsqT,1564570800,7280,Gangwon,Pohang,2,1,2.36,3.44,2.75,2.37,3.5,2.8,2.53,3.52,2.78,1.65,2.17,1.66,2.15,1.68,2.25,2019-07-31
0fD2fNTM,1564567200,7280,Jeonbuk,Jeju,2,2,1.44,4.51,6.24,1.45,4.5,5.75,1.49,4.56,6.48,1.51,2.46,1.5,2.5,1.54,2.55,2019-07-31
dQbYl1ip,1564743600,7280,Seoul,Daegu,2,1,2.48,3.29,2.67,2.5,3.3,2.75,2.63,3.43,2.71,1.9,1.85,1.95,1.85,1.95,1.92,2019-08-02
CYtLC4qi,1564830000,7280,Sangmu,Gyeongnam,2,1,2.2,3.29,3.15,2.25,3.2,3.3,2.32,3.39,3.19,1.91,1.85,1.95,1.85,1.96,1.9,2019-08-03
AT2xlL6j,1564828200,7280,Jeju,Ulsan,0,5,3.61,3.43,1.95,4.0,3.25,2.0,3.76,3.61,2.01,1.67,2.13,1.66,2.15,1.7,2.21,2019-08-03
bkuTArE3,1564916400,7280,Gangwon,Jeonbuk,3,3,3.89,3.83,1.79,4.0,3.9,1.8,4.08,4.05,1.82,1.52,2.44,1.5,2.5,1.56,2.49,2019-08-04
xtvX92T9,1564916400,7280,Incheon,Seongnam,0,1,2.79,2.91,2.66,2.75,3.2,2.7,2.92,2.91,2.83,2.62,1.46,2.7,1.44,2.75,1.47,2019-08-04
jPuPBObc,1564916400,7280,Suwon Bluewings,Pohang,0,2,2.09,3.23,3.43,2.05,3.2,3.6,2.17,3.36,3.54,2.01,1.76,2.0,1.8,2.05,1.82,2019-08-04
Y7Xu8tbM,1565433000,7280,Gyeongnam,Seongnam,2,0,2.25,3.17,3.13,2.25,3.3,2.9,2.3,3.27,3.33,2.12,1.68,2.1,1.7,2.13,1.75,2019-08-10
SUWq70DS,1565434800,7280,Suwon Bluewings,Incheon,0,1,1.99,3.33,3.58,2.0,3.4,3.8,2.04,3.45,3.84,1.92,1.84,1.95,1.85,1.95,1.91,2019-08-10
K4Ty9MrG,1565433000,7280,Jeju,Sangmu,1,4,2.86,3.19,2.38,2.8,3.4,2.25,2.92,3.21,2.59,2.04,1.73,2.07,1.72,2.13,1.75,2019-08-10
UwJB2KLq,1565519400,7280,Ulsan,Daegu,1,1,1.96,3.4,3.62,2.0,3.5,3.6,2.03,3.47,3.87,1.77,2.0,1.75,2.05,1.82,2.05,2019-08-11
Q5CK0bjd,1565521200,7280,Seoul,Gangwon,0,0,2.56,3.52,2.47,2.55,3.6,2.5,2.6,3.59,2.66,1.56,2.33,1.6,2.3,1.65,2.29,2019-08-11
nFDG1vyj,1565521200,7280,Pohang,Jeonbuk,1,2,3.57,3.57,1.92,3.5,3.6,1.9,3.86,3.68,1.97,1.63,2.21,1.61,2.25,1.69,2.22,2019-08-11
v902PsTd,1565949600,7280,Jeonbuk,Ulsan,3,0,2.03,3.55,3.31,2.0,3.5,3.6,2.09,3.76,3.39,1.63,2.21,1.6,2.3,1.64,2.31,2019-08-16
KI8ANLc9,1566036000,7280,Seongnam,Seoul,1,0,3.49,3.05,2.15,3.6,3.2,2.1,3.7,3.1,2.24,2.3,1.58,2.35,1.57,2.41,1.6,2019-08-17
xfJ5O1r3,1566036000,7280,Gangwon,Suwon Bluewings,1,3,2.11,3.42,3.22,2.1,3.4,3.4,2.12,3.54,3.5,1.69,2.1,1.7,2.1,1.72,2.17,2019-08-17
b97EMuDF,1566037800,7280,Daegu,Gyeongnam,1,0,1.87,3.56,3.87,1.85,3.5,4.2,1.89,3.79,4.05,1.79,1.97,1.8,2.0,1.81,2.05,2019-08-17
SrCILaSL,1566122400,7280,Incheon,Jeju,0,0,2.55,3.3,2.6,2.55,3.25,2.75,2.63,3.47,2.69,1.84,1.91,1.85,1.95,1.9,1.97,2019-08-18
6ZAMKJsS,1566126000,7280,Sangmu,Pohang,2,1,2.38,3.19,2.91,2.4,3.2,3.0,2.45,3.38,2.99,2.04,1.74,2.05,1.75,2.1,1.78,2019-08-18
CGmkGwjq,1566556200,7280,Gyeongnam,Suwon Bluewings,2,0,2.82,3.36,2.34,2.8,3.5,2.37,2.95,3.51,2.4,1.73,2.04,1.72,2.07,1.74,2.14,2019-08-23
QJigFc5k,1566640800,7280,Jeonbuk,Seongnam,1,1,1.43,4.19,7.13,1.44,4.0,8.0,1.44,4.41,7.74,1.84,1.92,1.85,1.95,1.93,1.93,2019-08-24
KticEHKe,1566640800,7280,Ulsan,Sangmu,5,1,1.83,3.49,4.1,1.8,3.6,4.2,1.87,3.51,4.55,1.9,1.85,1.95,1.85,1.97,1.89,2019-08-24
bXk1Dyz2,1566642600,7280,Daegu,Gangwon,3,1,2.08,3.41,3.28,2.05,3.6,3.4,2.13,3.53,3.49,1.77,2.0,1.75,2.05,1.82,2.04,2019-08-24
bPexxLC2,1566727200,7280,Pohang,Incheon,5,3,1.8,3.48,4.31,1.83,3.6,4.2,1.85,3.59,4.49,1.96,1.8,2.0,1.8,2.02,1.84,2019-08-25
xGftyuS8,1566727200,7280,Jeju,Seoul,1,1,2.82,3.43,2.31,2.87,3.6,2.3,2.8,3.62,2.46,1.7,2.09,1.66,2.15,1.74,2.15,2019-08-25
WxfpzasF,1567162800,7280,Suwon Bluewings,Jeju,1,0,2.0,3.4,3.53,2.0,3.4,3.25,2.06,3.49,3.72,1.81,1.94,1.8,2.0,1.89,1.97,2019-08-30
ptblZIdL,1567245600,7280,Pohang,Seongnam,1,0,2.05,3.15,3.63,2.0,3.2,3.6,2.1,3.29,3.82,2.28,1.59,2.3,1.6,2.38,1.61,2019-08-31
bmvPSGZl,1567332000,7280,Sangmu,Daegu,1,1,3.35,3.24,2.11,3.3,3.1,2.1,3.58,3.38,2.15,2.04,1.73,2.05,1.75,2.12,1.76,2019-09-01
UDZKTdKr,1567332000,7280,Incheon,Ulsan,3,3,4.24,3.73,1.74,4.33,3.75,1.66,4.71,3.85,1.75,1.69,2.1,1.7,2.1,1.7,2.2,2019-09-01
xvwTRzke,1567332000,7280,Seoul,Jeonbuk,0,2,4.53,4.03,1.65,4.75,4.1,1.65,4.76,4.39,1.65,1.59,2.27,1.57,2.35,1.59,2.41,2019-09-01
S4mgYxCR,1567332000,7280,Gangwon,Gyeongnam,2,0,2.03,3.58,3.25,2.0,3.5,3.3,2.13,3.75,3.3,1.6,2.26,1.57,2.35,1.62,2.35,2019-09-01
WxWyQEJ7,1568455200,7280,Jeonbuk,Sangmu,2,1,1.39,4.57,7.41,1.4,4.2,8.0,1.36,5.18,8.31,1.58,2.29,1.53,2.4,1.56,2.47,2019-09-14
ptKJlbd8,1568455200,7280,Daegu,Pohang,0,0,2.3,3.25,2.96,2.4,3.1,2.87,2.33,3.33,3.22,1.85,1.9,1.85,1.95,1.88,1.99,2019-09-14
K2SXQf41,1568448000,7280,Gyeongnam,Ulsan,3,3,3.7,3.8,1.84,4.0,3.75,1.83,3.78,3.96,1.92,1.55,2.38,1.53,2.4,1.54,2.55,2019-09-14
vsxhWkts,1568534400,7280,Seoul,Incheon,3,1,1.86,3.55,3.88,1.85,3.5,4.0,1.97,3.61,3.91,1.76,2.0,1.75,2.05,1.79,2.08,2019-09-15
IXzdV9em,1568541600,7280,Seongnam,Suwon Bluewings,0,0,3.79,3.06,2.04,3.7,3.1,2.05,4.32,3.05,2.08,2.42,1.52,2.4,1.53,2.59,1.52,2019-09-15
OWINmIBE,1568534400,7280,Gangwon,Jeju,2,0,1.93,3.57,3.55,1.95,3.5,3.75,2.01,3.64,3.74,1.61,2.23,1.61,2.25,1.66,2.28,2019-09-15
Qcv4TmQa,1569052800,7280,Jeju,Seongnam,3,0,2.33,3.09,3.07,2.37,3.0,3.25,2.4,3.29,3.13,2.18,1.64,2.1,1.7,2.17,1.72,2019-09-21
Cfz0UTAg,1569052800,7280,Pohang,Seoul,2,1,2.15,3.35,3.19,2.15,3.4,3.4,2.11,3.6,3.46,1.87,1.88,1.85,1.95,1.88,1.98,2019-09-21
8MT8S7u6,1569060000,7280,Suwon Bluewings,Sangmu,1,1,1.92,3.34,3.87,1.95,3.3,4.0,1.94,3.51,4.2,2.06,1.72,2.1,1.7,2.13,1.75,2019-09-21
tlsGQoAI,1569139200,7280,Incheon,Daegu,1,1,4.07,3.4,1.85,4.33,3.6,1.8,4.35,3.51,1.91,2.0,1.77,2.05,1.75,2.08,1.79,2019-09-22
MqK2lk2P,1569321000,7280,Pohang,Jeju,2,1,1.99,3.4,3.56,2.0,3.4,3.4,2.03,3.56,3.75,1.85,1.9,1.85,1.95,1.91,1.95,2019-09-24
hSAYrTPn,1569405600,7280,Sangmu,Incheon,2,3,2.05,3.27,3.51,2.0,3.4,3.75,2.1,3.41,3.7,2.03,1.74,2.05,1.75,2.08,1.79,2019-09-25
lf4ss7fa,1569407400,7280,Seoul,Gyeongnam,1,1,1.94,3.56,3.57,1.95,3.4,4.0,1.96,3.86,3.71,1.68,2.13,1.65,2.2,1.67,2.25,2019-09-25
WI9xrmug,1569407400,7280,Suwon Bluewings,Ulsan,0,2,3.54,3.53,1.94,3.6,3.6,1.95,3.72,3.76,1.98,1.74,2.03,1.72,2.07,1.76,2.12,2019-09-25
Sp3otR95,1569407400,7280,Seongnam,Gangwon,1,0,3.09,3.11,2.31,3.1,3.2,2.3,3.24,3.19,2.4,2.17,1.64,2.25,1.61,2.25,1.68,2019-09-25
b5BUq9At,1569405600,7280,Jeonbuk,Daegu,0,2,1.63,3.74,5.11,1.61,3.6,6.0,1.64,3.96,5.53,1.81,1.96,1.8,2.0,1.85,2.02,2019-09-25
M72kuoPB,1569646800,7280,Ulsan,Seongnam,1,0,1.46,4.09,6.48,1.4,4.0,7.0,1.51,4.23,6.7,1.84,1.91,1.85,1.95,1.94,1.93,2019-09-28
G6ebwPgO,1569654000,7280,Jeonbuk,Suwon Bluewings,2,0,1.61,3.96,4.85,1.57,3.75,5.25,1.66,4.15,4.99,1.63,2.21,1.65,2.2,1.66,2.27,2019-09-28
Ys6gv5vI,1569646800,7280,Daegu,Jeju,2,2,1.78,3.54,4.25,1.72,3.5,4.2,1.83,3.7,4.47,1.87,1.89,1.85,1.95,1.85,2.02,2019-09-28
6Vz8cSvt,1569740400,7280,Gyeongnam,Pohang,0,1,3.22,3.5,2.06,3.25,3.5,2.0,3.38,3.78,2.08,1.72,2.07,1.72,2.07,1.74,2.15,2019-09-29
pMZBdnfn,1569736800,7280,Seoul,Sangmu,1,2,1.87,3.57,3.8,1.85,3.4,3.8,1.98,3.76,3.72,1.8,1.96,1.8,2.0,1.85,2.02,2019-09-29
fcf2xq9U,1569733200,7280,Gangwon,Incheon,2,2,1.8,3.67,3.99,1.75,3.6,4.0,1.86,3.78,4.17,1.66,2.15,1.66,2.15,1.71,2.19,2019-09-29
nDSCRRfC,1570012200,7280,Ulsan,Gangwon,2,0,1.68,3.87,4.48,1.66,4.0,4.75,1.71,4.02,4.76,1.65,2.14,1.7,2.1,1.72,2.18,2019-10-02
KvtKP5PO,1570086000,7280,Gyeongnam,Jeonbuk,1,1,6.3,4.71,1.4,6.0,4.75,1.4,6.67,5.13,1.42,1.52,2.4,1.53,2.4,1.55,2.51,2019-10-03
zBSOgpv5,1570338000,7280,Suwon Bluewings,Seoul,1,2,2.46,3.24,2.76,2.4,3.5,2.75,2.51,3.3,2.95,1.86,1.89,1.85,1.95,1.91,1.95,2019-10-06
tlTKfQOb,1570338000,7280,Jeju,Gyeongnam,1,2,2.12,3.48,3.13,2.2,3.4,3.2,2.15,3.72,3.27,1.69,2.1,1.7,2.1,1.73,2.16,2019-10-06
fDrQiO8H,1570338000,7280,Sangmu,Gangwon,2,1,2.59,3.37,2.54,2.5,3.5,2.6,2.66,3.46,2.67,1.72,2.06,1.72,2.07,1.76,2.12,2019-10-06
Y3sUjrON,1570338000,7280,Seongnam,Daegu,1,2,3.49,3.0,2.19,3.5,3.2,2.15,3.82,3.01,2.24,2.45,1.52,2.5,1.5,2.61,1.51,2019-10-06
E1RSh4gB,1570338000,7280,Incheon,Jeonbuk,0,0,5.24,4.19,1.54,4.75,4.5,1.57,5.61,4.12,1.6,1.59,2.27,1.6,2.3,1.65,2.3,2019-10-06
SpPGe69h,1570338000,7280,Pohang,Ulsan,2,1,2.64,3.38,2.48,2.45,3.5,2.7,2.54,3.37,2.86,1.62,2.23,1.6,2.3,1.63,2.34,2019-10-06
ni7rLRWs,1571468400,7280,Seongnam,Incheon,0,1,2.33,2.99,3.13,2.3,3.1,3.25,2.43,3.1,3.26,2.46,1.51,2.5,1.5,2.6,1.52,2019-10-19
prLGP7OQ,1571461200,7280,Suwon Bluewings,Gyeongnam,2,1,2.07,3.33,3.37,2.05,3.4,3.6,2.13,3.49,3.5,1.91,1.84,1.95,1.85,2.0,1.87,2019-10-19
tE6nKonl,1571475600,7280,Sangmu,Jeju,2,1,2.59,3.17,2.64,2.55,3.3,2.7,2.72,3.35,2.67,2.05,1.72,2.07,1.72,2.09,1.78,2019-10-19
GU7WdIlN,1571562000,7280,Daegu,Ulsan,1,2,2.74,3.26,2.43,2.8,3.4,2.4,2.85,3.42,2.52,1.85,1.9,1.8,2.0,1.89,1.97,2019-10-20
M78ScbZG,1571554800,7280,Jeonbuk,Pohang,3,0,1.81,3.6,4.01,1.8,3.6,4.33,1.83,3.81,4.32,1.7,2.09,1.72,2.07,1.72,2.17,2019-10-20
844ObvKA,1571547600,7280,Gangwon,Seoul,3,2,2.78,3.34,2.38,2.9,3.4,2.37,2.89,3.61,2.4,1.81,1.94,1.85,1.95,1.78,2.09,2019-10-20
fL6zdx4T,1572066000,7280,Pohang,Daegu,0,0,2.31,3.2,2.99,2.3,3.2,3.2,2.39,3.35,3.09,2.12,1.69,2.2,1.65,2.26,1.67,2019-10-26
bkBeidCp,1572073200,7280,Jeonbuk,Seoul,1,1,1.51,4.15,5.57,1.53,4.2,5.75,1.54,4.32,6.1,1.66,2.16,1.66,2.15,1.67,2.26,2019-10-26
xtAajGRj,1572080400,7280,Ulsan,Gangwon,2,1,1.8,3.68,4.02,1.85,4.0,3.8,1.89,3.61,4.25,1.64,2.19,1.65,2.2,1.68,2.24,2019-10-26
E3baHqW6,1572159600,7280,Incheon,Suwon Bluewings,1,1,3.22,3.34,2.13,3.5,3.4,2.05,3.45,3.59,2.12,1.94,1.82,2.05,1.75,2.06,1.8,2019-10-27
zDaeIPG0,1572156000,7280,Gyeongnam,Jeju,2,2,2.45,3.37,2.66,2.55,3.4,2.62,2.59,3.51,2.71,1.76,2.01,1.8,2.0,1.78,2.1,2019-10-27
hlAjJ51f,1572152400,7280,Sangmu,Seongnam,0,1,2.32,2.99,3.17,2.25,3.2,3.2,2.48,3.02,3.28,2.44,1.51,2.5,1.5,2.59,1.52,2019-10-27
MT17FN0J,1572678000,7280,Jeju,Incheon,2,0,2.04,3.48,3.28,1.9,3.75,3.6,2.09,3.63,3.5,1.73,2.05,1.72,2.07,1.78,2.1,2019-11-02
rw33G3oD,1572670800,7280,Suwon Bluewings,Seongnam,0,0,2.36,2.93,3.15,2.37,3.1,3.1,2.47,2.99,3.33,2.49,1.5,2.6,1.47,2.66,1.5,2019-11-02
K4w0Go1J,1572685200,7280,Gyeongnam,Sangmu,0,1,2.16,3.25,3.2,2.15,3.3,3.25,2.25,3.42,3.31,1.93,1.83,2.0,1.8,1.99,1.88,2019-11-02
jqbsFa4i,1572757200,7280,Pohang,Gangwon,2,2,2.03,3.47,3.36,2.0,3.75,3.4,2.07,3.56,3.63,1.7,2.08,1.72,2.07,1.74,2.15,2019-11-03
nBijDwZ3,1572771600,7280,Daegu,Jeonbuk,0,2,3.21,3.27,2.16,3.4,3.4,2.1,3.34,3.37,2.25,1.97,1.79,2.0,1.8,2.03,1.83,2019-11-03
4n2oEJJc,1572760800,7280,Seoul,Ulsan,0,1,3.0,3.37,2.22,3.2,3.4,2.2,3.16,3.48,2.29,1.78,1.98,1.85,1.95,1.9,1.97,2019-11-03
YRg2AyJM,1574488800,7280,Ulsan,Jeonbuk,1,1,2.98,3.42,2.21,3.2,3.6,2.1,3.25,3.77,2.14,1.78,1.98,1.8,2.0,1.85,2.01,2019-11-23
tQf104M7,1574488800,7280,Anyang,Bucheon,1,1,2.05,3.37,3.19,2.15,3.6,2.9,,,,1.83,1.89,1.8,2.0,,,2019-11-23
fyebBH3G,1574485200,7280,Gangwon,Daegu,2,4,3.01,3.35,2.23,3.1,3.4,2.25,3.24,3.7,2.17,1.82,1.93,1.8,2.0,1.86,2.0,2019-11-23
Q1jfCclA,1574485200,7280,Seoul,Pohang,0,3,2.26,3.26,3.03,2.3,3.3,3.1,2.33,3.32,3.22,1.93,1.83,2.0,1.8,2.03,1.84,2019-11-23
jmUVAPOt,1574571600,7280,Incheon,Sangmu,2,0,2.06,3.45,3.31,2.1,3.5,3.4,2.01,3.83,3.57,1.86,1.9,1.85,1.95,1.92,1.95,2019-11-24
Y7s4F5GP,1574571600,7280,Seongnam,Gyeongnam,1,2,2.67,3.04,2.64,2.62,3.25,2.62,2.79,3.18,2.72,2.27,1.59,2.25,1.61,2.29,1.65,2019-11-24
UwTZ9qvm,1574578800,7280,Jeju,Suwon Bluewings,2,4,2.17,3.39,3.08,2.1,3.4,3.4,2.25,3.55,3.19,1.81,1.94,1.85,1.95,1.92,1.95,2019-11-24
lAxEtCo5,1575090000,7280,Busan,Anyang,1,0,1.97,3.45,3.31,1.9,3.4,3.4,,,,1.67,2.08,1.66,2.15,,,2019-11-30
r3ru7sO5,1575093600,7280,Gyeongnam,Incheon,0,0,2.37,3.26,2.82,2.37,3.25,2.75,2.54,3.38,2.86,1.89,1.86,1.95,1.85,1.98,1.88,2019-11-30
AkpX83gg,1575093600,7280,Sangmu,Suwon Bluewings,4,1,2.29,3.31,2.91,2.25,3.3,3.2,2.41,3.5,2.95,1.84,1.91,1.8,2.0,1.85,2.02,2019-11-30
ltqy8N8a,1575093600,7280,Seongnam,Jeju,3,1,2.25,3.21,3.12,2.15,3.3,3.4,2.25,3.26,3.47,2.0,1.77,2.0,1.8,2.02,1.84,2019-11-30
Gjq79eYS,1575180000,7280,Ulsan,Pohang,1,4,2.06,3.35,3.35,2.05,3.5,3.4,2.18,3.39,3.47,1.86,1.9,1.85,1.95,2.0,1.87,2019-12-01
p6Zx4Zej,1575180000,7280,Daegu,Seoul,0,0,1.74,3.58,4.41,1.72,3.6,5.0,1.76,3.86,4.63,1.88,1.87,1.9,1.9,1.88,1.98,2019-12-01
jqzZ4Ftp,1575180000,7280,Jeonbuk,Gangwon,1,0,1.31,5.1,7.89,1.28,5.25,10.0,1.32,5.54,8.97,1.48,2.52,1.47,2.6,1.46,2.78,2019-12-01
WE7LA4IO,1575540000,7280,Busan,Gyeongnam,0,0,2.34,3.18,2.9,2.3,3.3,3.0,2.38,3.32,3.14,2.09,1.69,2.1,1.7,2.12,1.76,2019-12-05
W6DdZmeP,1575781200,7280,Gyeongnam,Busan,0,2,2.77,3.05,2.52,2.8,3.1,2.4,2.91,3.21,2.6,2.29,1.57,2.35,1.57,2.43,1.58,2019-12-08
WYgX6RvP,1588932000,7261,Jeonbuk,Suwon Bluewings,1,0,1.74,3.64,4.6,1.75,3.6,4.5,1.79,3.63,4.67,2.01,1.77,2.05,1.75,2.07,1.8,2020-05-08
QBgWJYZA,1589000400,7261,Ulsan,Sangmu,4,0,1.6,3.96,5.32,1.61,4.0,5.0,1.6,4.07,5.62,1.85,1.94,1.85,1.95,1.89,1.97,2020-05-09
IojOLf5b,1589009400,7261,Incheon,Daegu,0,0,4.27,3.29,1.9,4.0,3.4,1.9,4.78,3.23,1.9,2.17,1.66,2.15,1.66,2.21,1.7,2020-05-09
UPXyAc6n,1589018400,7261,Gwangju FC,Seongnam,0,2,2.31,3.13,3.2,2.3,3.2,3.1,2.33,3.15,3.35,2.38,1.57,2.4,1.53,2.47,1.57,2020-05-09
vHOTOKH7,1589095800,7261,Gangwon,Seoul,3,1,2.69,3.33,2.54,2.6,3.4,2.6,2.67,3.32,2.7,1.84,1.93,1.85,1.95,1.91,1.95,2020-05-10
QiRp8yya,1589086800,7261,Pohang,Busan,2,0,1.98,3.31,3.85,1.95,3.3,4.0,2.04,3.24,4.06,2.0,1.78,2.05,1.75,2.04,1.82,2020-05-10
t0ZhWHsO,1589623200,7261,Busan,Jeonbuk,1,2,5.54,3.92,1.59,6.0,4.0,1.57,5.8,3.98,1.6,1.77,2.02,1.72,2.07,1.77,2.1,2020-05-16
t2drHWJT,1589614200,7261,Daegu,Pohang,1,1,2.51,3.06,2.91,2.5,3.1,2.9,2.59,3.09,2.97,2.32,1.58,2.35,1.57,2.45,1.57,2020-05-16
AuJhXrAR,1589605200,7261,Sangmu,Gangwon,2,0,3.26,3.5,2.1,3.25,3.6,2.1,3.36,3.48,2.17,1.77,2.02,1.75,2.05,1.84,2.02,2020-05-16
t49tiw10,1589709600,7261,Seongnam,Incheon,0,0,2.15,3.05,3.68,2.05,3.0,3.6,2.15,3.07,3.9,2.6,1.47,2.7,1.44,2.79,1.46,2020-05-17
2B332R5T,1589709600,7261,Seoul,Gwangju FC,1,0,2.11,3.29,3.48,2.1,3.4,3.4,2.15,3.28,3.63,2.0,1.78,2.05,1.75,2.08,1.79,2020-05-17
8C8H9rDd,1589700600,7261,Suwon Bluewings,Ulsan,2,3,3.89,3.44,1.92,4.0,3.4,1.9,3.86,3.4,2.03,1.99,1.79,2.05,1.75,2.08,1.79,2020-05-17
MJdFNGzn,1590143400,7261,Pohang,Seoul,1,2,1.96,3.32,3.91,1.9,3.4,4.0,1.98,3.25,4.29,2.11,1.7,2.1,1.7,2.13,1.75,2020-05-22
x6BrUXF8,1590219000,7261,Suwon Bluewings,Incheon,1,0,1.78,3.48,4.53,1.72,3.6,4.75,1.83,3.59,4.77,2.17,1.66,2.15,1.66,2.25,1.67,2020-05-23
lUClkHVC,1590228000,7261,Sangmu,Gwangju FC,1,0,2.39,3.18,2.99,2.37,3.3,3.0,2.56,3.27,2.97,2.14,1.69,2.1,1.7,2.17,1.72,2020-05-23
Sjpca1gK,1590219000,7261,Gangwon,Seongnam,1,1,2.12,3.18,3.55,2.1,3.25,3.6,2.25,3.24,3.57,2.28,1.6,2.25,1.61,2.32,1.63,2020-05-23
tOyS2z0C,1590305400,7261,Jeonbuk,Daegu,2,0,1.75,3.57,4.59,1.72,3.6,4.75,1.81,3.56,4.91,1.98,1.81,2.05,1.75,2.02,1.84,2020-05-24
6uGnTiVE,1590314400,7261,Ulsan,Busan,1,1,1.58,3.97,5.4,1.6,4.0,5.5,1.65,3.9,5.57,1.66,2.16,1.65,2.2,1.68,2.24,2020-05-24
nZyMK8Lc,1590748200,7261,Daegu,Sangmu,1,1,1.91,3.29,4.14,1.85,3.4,4.33,1.9,3.4,4.59,2.27,1.61,2.3,1.6,2.36,1.63,2020-05-29
2ZTjOsSk,1590823800,7261,Gangwon,Jeonbuk,1,0,5.02,3.88,1.64,5.75,3.8,1.57,5.28,4.04,1.66,1.68,2.14,1.7,2.1,1.71,2.21,2020-05-30
t0RyyRA2,1590832800,7261,Busan,Suwon Bluewings,0,0,2.75,3.15,2.58,2.7,3.25,2.6,2.77,3.18,2.78,2.11,1.71,2.1,1.7,2.19,1.72,2020-05-30
Cl5KS2Ir,1590832800,7261,Gwangju FC,Ulsan,1,1,4.82,3.58,1.72,5.0,3.5,1.75,4.84,3.61,1.8,1.93,1.85,2.0,1.8,2.05,1.83,2020-05-30
dUvQx2bt,1590910200,7261,Seoul,Seongnam,0,1,2.49,2.99,3.0,2.5,3.2,2.87,2.66,2.99,3.07,2.64,1.46,2.7,1.44,2.83,1.46,2020-05-31
lSsr9BMo,1590919200,7261,Incheon,Pohang,1,4,3.88,3.27,1.97,4.0,3.2,1.9,4.06,3.31,2.05,2.26,1.62,2.25,1.61,2.34,1.64,2020-05-31
AZcEsip8,1591353000,7261,Incheon,Gangwon,1,2,3.93,3.29,1.95,4.2,3.2,1.95,4.13,3.41,1.99,2.07,1.73,2.1,1.7,2.18,1.73,2020-06-05
KlLXhaWm,1591428600,7261,Seoul,Jeonbuk,1,4,4.73,3.47,1.75,5.0,3.4,1.75,5.15,3.58,1.77,2.01,1.77,2.05,1.75,2.07,1.81,2020-06-06
Mgg7xvn7,1591437600,7261,Busan,Sangmu,1,1,2.18,3.29,3.29,2.1,3.3,3.5,2.21,3.45,3.41,1.93,1.86,1.9,1.9,1.87,1.99,2020-06-06
Ox2ItBaE,1591437600,7261,Pohang,Ulsan,0,4,2.56,3.35,2.65,2.5,3.5,2.62,2.55,3.47,2.82,1.83,1.96,1.85,1.95,1.86,2.0,2020-06-06
4zGnPrUt,1591524000,7261,Seongnam,Daegu,1,2,2.78,2.81,2.82,2.75,2.87,2.8,2.94,2.89,2.87,2.79,1.41,2.87,1.4,2.93,1.44,2020-06-07
WWO4YXl4,1591524000,7261,Suwon Bluewings,Gwangju FC,0,1,1.81,3.33,4.59,1.8,3.3,4.75,1.86,3.48,4.66,2.31,1.58,2.3,1.6,2.34,1.64,2020-06-07
W40fut2l,1592042400,7261,Sangmu,Pohang,2,4,3.7,3.49,1.94,4.33,3.5,1.85,4.01,3.76,1.92,1.93,1.85,1.95,1.85,1.93,1.93,2020-06-13
zPg0pSqo,1592033400,7261,Ulsan,Seongnam,1,0,1.79,3.34,4.74,1.9,3.25,4.5,1.91,3.19,5.0,2.15,1.68,2.2,1.65,2.24,1.69,2020-06-13
zaYHLl6i,1592042400,7261,Jeonbuk,Incheon,1,0,1.31,5.17,8.84,1.33,5.0,8.5,1.32,5.24,10.62,1.59,2.3,1.6,2.3,1.62,2.39,2020-06-13
ln6KorPK,1592042400,7261,Suwon Bluewings,Gangwon,2,2,2.35,3.2,3.01,2.3,3.2,3.2,2.37,3.28,3.23,2.03,1.76,2.05,1.75,2.1,1.78,2020-06-13
f7ZF5xGg,1592128800,7261,Daegu,Seoul,6,0,1.84,3.31,4.43,1.83,3.4,4.5,1.83,3.41,4.83,2.18,1.66,2.15,1.66,2.2,1.7,2020-06-14
rREjO2qm,1592128800,7261,Gwangju FC,Busan,3,1,2.93,3.02,2.5,2.9,3.1,2.5,3.0,3.02,2.63,2.14,1.68,2.1,1.7,2.14,1.75,2020-06-14
67M53DkU,1592301600,7261,Gangwon,Ulsan,0,3,3.21,3.37,2.17,,,,3.27,3.48,2.25,1.85,1.93,,,1.88,1.97,2020-06-16
ddTfN1sd,1592303400,7261,Seongnam,Suwon Bluewings,0,2,2.8,2.86,2.76,,,,2.96,2.91,2.83,2.58,1.48,,,2.7,1.5,2020-06-16
0phByb1D,1592303400,7261,Pohang,Jeonbuk,1,2,3.65,3.53,1.96,,,,3.8,3.66,2.0,1.71,2.11,,,1.74,2.18,2020-06-16
GETxHQKM,1592391600,7261,Busan,Daegu,2,2,4.3,3.52,1.8,,,,4.49,3.7,1.83,2.0,1.78,,,2.03,1.84,2020-06-17
ShBj5TLA,1592384400,7261,Gwangju FC,Incheon,2,1,2.16,3.04,3.6,,,,2.23,3.11,3.75,2.46,1.53,,,2.55,1.55,2020-06-17
OnRW1fFI,1592388000,7261,Sangmu,Seoul,1,0,2.47,3.26,2.78,,,,2.5,3.4,2.92,1.97,1.81,,,2.01,1.86,2020-06-17
WOE2jLSu,1592647200,7261,Seoul,Ulsan,0,2,4.82,3.62,1.7,5.0,3.6,1.7,5.14,3.72,1.74,1.86,1.92,1.85,1.95,1.89,1.97,2020-06-20
rTguCvwQ,1592647200,7261,Seongnam,Sangmu,0,1,2.43,2.95,3.1,2.5,3.1,3.0,2.53,3.01,3.23,2.51,1.5,2.6,1.47,2.65,1.52,2020-06-20
fLhbsrjP,1592647200,7261,Pohang,Gangwon,2,0,2.13,3.44,3.23,2.05,3.4,3.5,2.18,3.56,3.37,1.77,2.02,1.75,2.05,1.8,2.08,2020-06-20
Sx5Op2vR,1592730000,7261,Jeonbuk,Gwangju FC,1,0,1.42,4.46,7.15,1.44,4.5,6.5,1.44,4.46,8.19,1.72,2.1,1.7,2.1,1.76,2.13,2020-06-21
I39FIbDO,1592737200,7261,Daegu,Suwon Bluewings,3,1,2.12,3.18,3.48,2.1,3.2,3.6,2.17,3.26,3.71,2.23,1.63,2.25,1.61,2.25,1.69,2020-06-21
SKBhlyoJ,1592730000,7261,Incheon,Busan,0,1,3.21,3.1,2.29,3.2,3.1,2.3,3.35,3.21,2.35,2.23,1.63,2.2,1.65,2.23,1.7,2020-06-21
fsnbMLd2,1593165600,7261,Gwangju FC,Pohang,0,2,3.59,3.41,2.0,3.75,3.4,2.0,3.8,3.49,2.05,1.87,1.9,1.85,1.95,1.93,1.93,2020-06-26
Ygn6FJrP,1593255600,7261,Daegu,Gangwon,2,1,1.8,3.58,4.22,1.85,3.5,4.2,1.81,3.7,4.6,1.82,1.95,2.07,1.72,1.88,1.98,2020-06-27
WUqoE33k,1593252000,7261,Busan,Seongnam,1,1,2.51,2.89,3.06,2.5,3.2,2.9,2.58,2.89,3.3,2.57,1.48,2.6,1.47,2.69,1.51,2020-06-27
fXI14gzO,1593252000,7261,Seoul,Incheon,1,0,1.99,3.1,4.05,2.0,3.25,4.0,2.04,3.16,4.32,2.46,1.52,2.5,1.5,2.62,1.53,2020-06-27
tM2Cm4f8,1593338400,7261,Suwon Bluewings,Sangmu,0,1,2.33,2.99,3.24,2.25,3.0,3.3,2.38,3.01,3.52,2.3,1.59,2.35,1.57,2.39,1.62,2020-06-28
UL9DAOcj,1593334800,7261,Ulsan,Jeonbuk,0,2,2.84,3.2,2.45,2.8,3.25,2.5,2.96,3.24,2.57,2.0,1.78,2.05,1.75,2.08,1.8,2020-06-28
KC1GnO9E,1593853200,7261,Ulsan,Incheon,4,1,1.37,4.59,8.23,1.36,4.75,8.5,1.37,4.76,9.1,1.73,2.07,1.7,2.1,1.74,2.14,2020-07-04
YF73L0T5,1593860400,7261,Suwon Bluewings,Seoul,3,3,2.35,3.04,3.16,2.4,3.0,3.2,2.38,3.13,3.27,2.29,1.6,2.3,1.6,2.35,1.62,2020-07-04
rBrACjSp,1593856800,7261,Gangwon,Busan,2,4,2.27,3.36,3.0,2.3,3.3,3.1,2.32,3.5,3.05,1.76,2.03,1.72,2.07,1.76,2.12,2020-07-04
nRsuIC4N,1593943200,7261,Sangmu,Jeonbuk,1,0,5.39,3.72,1.63,6.0,3.75,1.57,5.63,3.76,1.65,1.94,1.84,1.95,1.85,1.99,1.88,2020-07-05
QDKPP021,1593943200,7261,Seongnam,Pohang,0,4,4.74,3.34,1.78,5.0,3.5,1.72,4.96,3.23,1.88,2.27,1.61,2.25,1.61,2.34,1.63,2020-07-05
2FFpZ4uF,1593943200,7261,Gwangju FC,Daegu,2,4,3.86,3.35,1.95,4.0,3.4,1.9,3.97,3.3,2.04,2.0,1.78,2.0,1.8,2.07,1.79,2020-07-05
xUgVKTxe,1594377000,7261,Busan,Seoul,2,0,2.25,3.34,3.02,2.25,3.3,3.1,2.25,3.42,3.24,1.76,2.02,1.72,2.07,1.77,2.1,2020-07-10
ncK8B4rp,1594461600,7261,Pohang,Suwon Bluewings,1,1,1.86,3.46,4.09,1.85,3.4,4.33,1.87,3.58,4.35,1.86,1.91,1.8,2.0,1.85,2.01,2020-07-11
rTyt9HLh,1594461600,7261,Incheon,Sangmu,1,1,3.98,3.11,2.01,4.0,3.1,2.05,4.22,3.12,2.05,2.31,1.59,2.35,1.57,2.46,1.57,2020-07-11
pWEjSBpL,1594461600,7261,Jeonbuk,Seongnam,2,2,1.44,4.1,7.4,1.44,4.33,7.0,1.46,4.18,7.87,2.2,1.65,2.2,1.65,2.3,1.65,2020-07-11
vDABJvbI,1594548000,7261,Daegu,Ulsan,1,3,3.09,3.39,2.2,3.2,3.4,2.2,3.21,3.61,2.19,1.77,2.01,1.8,2.0,1.78,2.09,2020-07-12
zJdaYRkc,1594548000,7261,Gangwon,Gwangju FC,4,1,2.05,3.38,3.45,2.05,3.3,3.6,2.09,3.48,3.58,1.82,1.96,1.8,2.0,1.83,2.04,2020-07-12
YHUh6F5B,1595062800,7261,Busan,Gwangju FC,0,0,1.98,3.42,3.67,1.95,3.3,4.0,2.11,3.38,3.63,1.86,1.92,1.85,1.95,1.93,1.94,2020-07-18
tdFf4myH,1595070000,7261,Seoul,Pohang,1,3,3.82,3.4,1.94,4.0,3.4,1.95,4.17,3.37,1.97,1.9,1.87,1.9,1.9,1.93,1.93,2020-07-18
4rQl7ej5,1595066400,7261,Sangmu,Daegu,2,0,3.31,3.11,2.22,3.3,3.0,2.2,3.48,3.19,2.25,2.15,1.67,2.15,1.66,2.19,1.71,2020-07-18
WjLLQtme,1595152800,7261,Incheon,Jeonbuk,1,1,9.41,4.77,1.33,10.0,4.75,1.33,9.78,4.71,1.36,1.77,2.03,1.72,2.07,1.78,2.09,2020-07-19
8zqyJhkH,1595152800,7261,Suwon Bluewings,Seongnam,0,1,2.06,2.97,3.93,2.05,2.9,4.2,2.08,3.04,4.22,2.54,1.49,2.6,1.47,2.62,1.51,2020-07-19
YgfZd5Tj,1595152800,7261,Ulsan,Gangwon,1,0,1.68,3.99,4.44,1.66,4.0,4.75,1.79,3.93,4.27,1.51,2.48,1.5,2.5,1.52,2.59,2020-07-19
2XxO3Gp6,1595674800,7261,Gwangju FC,Suwon Bluewings,0,1,2.77,3.07,2.6,2.75,3.1,2.62,2.79,3.1,2.74,2.21,1.65,2.25,1.61,2.26,1.67,2020-07-25
KnzUInjA,1595671200,7261,Seongnam,Gangwon,0,0,3.49,3.16,2.14,3.6,3.25,2.1,3.63,3.1,2.23,2.15,1.68,2.15,1.66,2.22,1.69,2020-07-25
YVBn6964,1595671200,7261,Sangmu,Ulsan,1,5,4.13,3.49,1.85,4.2,3.6,1.83,4.38,3.54,1.88,1.86,1.91,1.85,1.95,1.91,1.95,2020-07-25
h0MHRMXl,1595757600,7261,Daegu,Busan,3,0,2.18,3.4,3.15,2.2,3.5,3.1,2.26,3.5,3.13,1.85,1.93,1.85,1.95,1.88,1.98,2020-07-26
E9e3Xo53,1595757600,7261,Jeonbuk,Seoul,3,0,1.28,5.29,9.97,1.28,5.25,10.0,1.28,5.73,10.75,1.62,2.25,1.6,2.3,1.65,2.3,2020-07-26
KjQuzoQ8,1595757600,7261,Pohang,Incheon,1,1,1.41,4.48,7.1,1.4,4.5,7.5,1.43,4.6,7.36,1.78,2.01,1.75,2.05,1.81,2.06,2020-07-26
GIJlYOfL,1596276000,7261,Seongnam,Seoul,1,2,2.08,3.09,3.79,2.0,3.0,4.33,2.11,3.15,3.94,2.38,1.56,2.4,1.53,2.43,1.58,2020-08-01
jiIbMtEa,1596276000,7261,Jeonbuk,Pohang,2,1,1.79,3.75,4.16,1.75,3.75,4.5,1.81,3.85,4.27,1.58,2.33,1.57,2.35,1.63,2.34,2020-08-01
bJQdzfKi,1596279600,7261,Incheon,Gwangju FC,1,3,2.79,3.05,2.6,3.0,3.0,2.5,2.88,3.1,2.66,2.25,1.62,2.25,1.61,2.31,1.65,2020-08-01
C0JfNMbg,1596362400,7261,Gangwon,Sangmu,2,2,2.27,3.3,3.07,2.25,3.3,3.2,2.28,3.35,3.24,1.79,1.99,1.8,2.0,1.83,2.03,2020-08-02
f7DpjcG6,1596362400,7261,Busan,Ulsan,1,2,5.16,3.91,1.62,5.75,4.0,1.55,5.44,3.95,1.64,1.67,2.16,1.66,2.15,1.68,2.24,2020-08-02
COLTguHs,1596362400,7261,Suwon Bluewings,Daegu,0,1,3.26,3.22,2.21,3.5,3.2,2.15,3.36,3.3,2.24,2.14,1.68,2.1,1.7,2.2,1.7,2020-08-02
4GeNMk8r,1596798000,7261,Seoul,Gangwon,2,0,3.15,3.51,2.14,3.2,3.6,2.1,3.25,3.63,2.16,1.72,2.09,1.7,2.1,1.75,2.13,2020-08-07
SbIDWBJG,1596884400,7261,Daegu,Jeonbuk,0,2,4.52,3.88,1.7,5.0,3.75,1.66,4.65,4.1,1.7,1.7,2.12,1.7,2.1,1.73,2.16,2020-08-08
08t77bos,1596880800,7261,Pohang,Gwangju FC,1,1,1.74,3.74,4.42,1.7,3.6,5.0,1.74,3.85,4.71,1.63,2.23,1.6,2.3,1.63,2.33,2020-08-08
CrpB6I0m,1596880800,7261,Ulsan,Suwon Bluewings,0,0,1.74,3.6,4.55,1.72,3.75,4.33,1.78,3.62,4.82,1.86,1.92,1.85,1.95,1.91,1.96,2020-08-08
rkmKT34S,1596967200,7261,Sangmu,Busan,2,0,2.32,3.33,2.95,2.3,3.5,2.87,2.4,3.42,2.96,1.98,1.8,2.0,1.8,1.97,1.89,2020-08-09
pjB7KKrC,1596967200,7261,Incheon,Seongnam,0,2,3.6,3.07,2.15,3.4,3.3,2.1,3.86,3.12,2.15,2.56,1.49,2.5,1.5,2.63,1.51,2020-08-09
SItn8Vyh,1597401000,7261,Seongnam,Busan,1,1,2.44,2.96,3.11,2.37,3.0,3.2,2.48,3.05,3.18,2.61,1.47,2.6,1.47,2.65,1.5,2020-08-14
KftsFqlq,1597485600,7261,Seoul,Sangmu,2,1,3.13,3.22,2.27,3.25,3.3,2.25,3.26,3.28,2.3,2.07,1.74,2.07,1.72,2.13,1.75,2020-08-15
OK4a37jN,1597485600,7261,Suwon Bluewings,Jeonbuk,1,3,5.55,3.83,1.59,5.75,3.6,1.57,5.77,4.03,1.6,1.87,1.91,1.85,1.95,1.91,1.96,2020-08-15
l8J9Xi4A,1597485600,7261,Ulsan,Pohang,2,0,2.13,3.5,3.19,2.1,3.4,3.3,2.23,3.57,3.14,1.66,2.18,1.65,2.2,1.68,2.24,2020-08-15
4blGUqkM,1597572000,7261,Daegu,Incheon,0,1,1.56,3.91,5.81,1.55,4.0,5.75,1.57,3.95,6.32,1.86,1.92,1.85,1.95,1.87,1.99,2020-08-16
veiKMzjh,1597572000,7261,Gwangju FC,Gangwon,2,2,2.53,3.35,2.65,2.5,3.5,2.7,2.63,3.36,2.72,1.87,1.91,1.9,1.9,1.93,1.93,2020-08-16
AykCVPZF,1598090400,7261,Busan,Pohang,2,1,4.0,3.79,1.8,4.0,3.75,1.8,4.1,3.98,1.81,1.68,2.16,1.65,2.2,1.67,2.26,2020-08-22
fuDr7kib,1598094000,7261,Gangwon,Daegu,0,0,3.29,3.46,2.09,3.4,3.4,2.05,3.45,3.6,2.09,1.69,2.13,1.7,2.1,1.69,2.21,2020-08-22
4Ib2wKW0,1598085000,7261,Incheon,Suwon Bluewings,1,0,3.77,3.14,2.05,3.75,3.3,2.0,3.9,3.15,2.12,2.36,1.56,2.4,1.53,2.45,1.58,2020-08-22
AFZ1bL8Q,1598090400,7261,Gwangju FC,Seoul,0,0,2.33,3.26,3.01,2.3,3.3,3.0,2.3,3.32,3.22,1.98,1.81,2.05,1.75,2.02,1.84,2020-08-22
htQ0ZDZc,1598180400,7261,Seongnam,Ulsan,1,2,5.04,3.5,1.71,5.5,3.6,1.65,5.17,3.55,1.75,2.19,1.66,2.2,1.65,2.25,1.67,2020-08-23
nJXxz0ra,1598173200,7261,Jeonbuk,Sangmu,2,1,1.4,4.48,7.77,1.4,4.0,9.5,1.4,4.79,7.8,1.71,2.1,1.7,2.1,1.72,2.17,2020-08-23
f3wcVycU,1598691600,7261,Sangmu,Incheon,3,1,1.98,3.33,3.8,1.95,3.4,3.8,2.04,3.44,3.71,2.22,1.64,2.3,1.6,2.28,1.67,2020-08-29
f3eVcoEp,1598698800,7261,Suwon Bluewings,Busan,3,1,2.43,3.11,2.98,2.5,3.2,2.87,2.47,3.14,3.04,2.22,1.64,2.25,1.61,2.3,1.65,2020-08-29
tdyQJSz4,1598781600,7261,Pohang,Seongnam,2,1,1.86,3.38,4.23,1.85,3.6,4.0,1.91,3.27,4.53,2.13,1.7,2.15,1.66,2.21,1.7,2020-08-30
4xeyDKNJ,1598781600,7261,Jeonbuk,Gangwon,1,2,1.49,4.52,5.72,1.5,4.33,6.0,1.5,4.69,5.85,1.49,2.55,1.47,2.6,1.49,2.72,2020-08-30
z3YXAwit,1598776200,7261,Ulsan,Seoul,3,0,1.44,4.58,6.51,1.45,4.33,7.0,1.45,4.66,6.73,1.58,2.34,1.6,2.3,1.61,2.4,2020-08-30
bweRL9Nl,1598785200,7261,Daegu,Gwangju FC,4,6,2.04,3.24,3.71,2.0,3.3,3.8,2.08,3.2,3.88,1.97,1.81,1.98,1.83,2.02,1.85,2020-08-30
dW9WI777,1599213600,7261,Sangmu,Suwon Bluewings,1,0,2.61,3.06,2.79,2.7,3.1,2.7,2.72,3.2,2.8,2.42,1.53,2.4,1.53,2.49,1.57,2020-09-04
QRabv0Hf,1599300000,7261,Seoul,Busan,1,1,2.7,3.22,2.57,2.75,3.25,2.55,2.62,3.42,2.74,1.97,1.81,2.0,1.8,1.98,1.88,2020-09-05
KpopYwDB,1599303600,7261,Pohang,Daegu,3,2,2.4,3.39,2.78,2.4,3.5,2.7,2.5,3.36,2.93,1.7,2.1,1.72,2.07,1.76,2.12,2020-09-05
C8Td5ZKH,1599294600,7261,Seongnam,Jeonbuk,2,0,5.37,3.6,1.66,5.5,3.75,1.65,5.72,3.7,1.67,2.07,1.73,2.15,1.66,2.16,1.74,2020-09-05
EgZkDNIe,1599381000,7261,Gangwon,Incheon,2,3,1.82,3.58,4.18,1.83,3.6,4.2,1.83,3.7,4.39,1.85,1.93,1.85,1.95,1.87,1.99,2020-09-06
jivUyMDn,1599386400,7261,Ulsan,Gwangju FC,1,1,1.56,4.12,5.33,1.57,4.2,5.25,1.6,4.22,5.4,1.64,2.21,1.65,2.2,1.65,2.29,2020-09-06
dYp8W5K9,1599904800,7261,Sangmu,Seongnam,0,0,3.05,2.9,2.51,3.1,2.9,2.4,3.39,3.1,2.38,2.76,1.42,2.87,1.4,2.73,1.49,2020-09-12
Emtg0svE,1599904800,7261,Ulsan,Daegu,1,1,1.78,3.76,4.11,1.8,3.8,4.33,1.87,3.77,4.14,1.65,2.17,1.65,2.2,1.69,2.23,2020-09-12
IuBSJmh1,1599894000,7261,Gwangju FC,Jeonbuk,3,3,4.91,3.82,1.65,5.0,4.0,1.61,5.45,3.88,1.66,1.73,2.07,1.72,2.07,1.76,2.12,2020-09-12
4frYztTh,1599991200,7261,Busan,Incheon,0,0,2.27,3.24,3.1,2.25,3.25,3.2,2.33,3.42,3.21,2.07,1.73,2.05,1.75,2.08,1.79,2020-09-13
buKyhJof,1599991200,7261,Gangwon,Pohang,0,3,3.21,3.69,2.05,3.4,3.75,2.0,3.28,3.94,2.1,1.6,2.29,1.6,2.3,1.59,2.45,2020-09-13
pGMhyz5o,1599985800,7261,Seoul,Suwon Bluewings,2,1,2.96,3.13,2.4,3.1,3.2,2.37,3.14,3.31,2.42,2.2,1.64,2.25,1.61,2.23,1.69,2020-09-13
hpYgCsY1,1600164000,7261,Jeonbuk,Ulsan,2,1,2.31,3.44,2.89,2.3,3.5,2.9,2.38,3.53,3.04,1.71,2.09,1.7,2.1,1.74,2.16,2020-09-15
xOUYH65G,1600167600,7261,Gwangju FC,Sangmu,0,1,2.12,3.29,3.45,2.1,3.2,3.6,2.15,3.46,3.58,1.91,1.86,1.9,1.9,1.89,1.97,2020-09-15
rTcBOdLu,1600250400,7261,Suwon Bluewings,Pohang,0,0,3.61,3.4,2.01,3.5,3.4,2.0,3.85,3.57,2.02,1.96,1.81,2.0,1.8,2.02,1.85,2020-09-16
AyTtGpzT,1600250400,7261,Incheon,Seoul,1,0,2.87,3.02,2.56,2.9,3.1,2.5,2.93,3.04,2.75,2.26,1.61,2.25,1.61,2.35,1.63,2020-09-16
YJsitMnr,1600254000,7261,Daegu,Seongnam,3,2,2.11,3.11,3.65,2.05,3.3,3.6,2.16,3.15,3.94,2.22,1.63,2.25,1.61,2.34,1.64,2020-09-16
YcYJ4dVa,1600246800,7261,Busan,Gangwon,1,2,2.74,3.38,2.44,2.8,3.5,2.37,2.86,3.52,2.47,1.77,2.01,1.8,2.0,1.79,2.09,2020-09-16
bFCvVD02,1600581600,7261,Seoul,Daegu,0,0,3.66,3.42,1.98,4.0,3.3,2.0,3.85,3.47,2.01,1.83,1.93,1.8,2.0,1.83,2.04,2020-09-20
Sf4eRVaR,1600581600,7261,Pohang,Sangmu,4,3,1.88,3.58,3.85,1.9,3.4,3.6,1.93,3.66,3.93,1.79,1.98,1.75,2.05,1.82,2.05,2020-09-20
Q9WtZJc5,1600581600,7261,Gangwon,Suwon Bluewings,1,2,2.44,3.3,2.79,2.5,3.5,2.62,2.5,3.37,2.87,1.99,1.78,2.05,1.75,2.04,1.82,2020-09-20
OrVnPNCq,1600581600,7261,Incheon,Ulsan,0,1,6.0,4.05,1.52,5.75,4.33,1.5,6.5,3.9,1.56,1.7,2.1,1.7,2.1,1.71,2.19,2020-09-20
byplXcSH,1600581600,7261,Seongnam,Gwangju FC,0,2,2.64,2.97,2.81,2.6,3.1,2.8,2.79,2.99,2.83,2.24,1.61,2.25,1.61,2.31,1.64,2020-09-20
C8kSKEK4,1600581600,7261,Jeonbuk,Busan,2,0,1.38,4.83,7.23,1.4,4.75,7.0,1.38,4.99,7.91,1.52,2.43,1.53,2.4,1.53,2.56,2020-09-20
0E3m2hfU,1601096400,7261,Suwon Bluewings,Seoul,3,1,1.98,3.23,3.92,2.0,3.3,3.8,2.01,3.31,4.26,2.24,1.62,2.25,1.61,2.3,1.65,2020-09-26
8zqgZs3T,1601191800,7261,Sangmu,Jeonbuk,0,1,5.16,3.85,1.62,5.5,4.0,1.57,5.63,4.12,1.62,1.74,2.04,1.72,2.07,1.74,2.17,2020-09-27
lQAkMeun,1601182800,7261,Busan,Gangwon,0,2,2.94,3.4,2.28,3.0,3.4,2.3,2.93,3.56,2.43,1.76,2.02,1.72,2.07,1.74,2.15,2020-09-27
AZBoNyQu,1601182800,7261,Seongnam,Incheon,0,6,2.16,3.1,3.5,2.1,3.2,3.8,2.23,3.2,3.67,2.53,1.5,2.6,1.47,2.5,1.56,2020-09-27
SKPPTLQj,1601200800,7261,Pohang,Gwangju FC,5,3,1.9,3.73,3.6,1.85,3.8,3.6,1.93,4.0,3.74,1.57,2.33,1.53,2.4,1.56,2.51,2020-09-27
EHLLU1Bp,1601191800,7261,Daegu,Ulsan,2,2,3.7,3.61,1.9,3.8,3.75,1.85,3.78,3.8,1.97,1.72,2.07,1.72,2.07,1.72,2.19,2020-09-27
tOD7h53i,1601625600,7261,Ulsan,Sangmu,4,1,1.46,4.36,6.26,1.44,4.5,6.5,1.49,4.53,6.94,1.65,2.19,1.65,2.2,1.68,2.26,2020-10-02
Gt6Kk3mA,1601719200,7261,Jeonbuk,Pohang,0,1,1.81,3.84,3.89,1.8,4.0,3.8,1.85,3.9,4.17,1.53,2.42,1.53,2.4,1.59,2.45,2020-10-03
KECBiPIc,1601710200,7261,Gwangju FC,Daegu,0,1,3.58,3.49,1.99,3.5,3.6,2.0,3.82,3.57,2.03,1.71,2.1,1.7,2.1,1.73,2.17,2020-10-03
rmAgLFfh,1601787600,7261,Gangwon,Seongnam,2,1,2.28,3.22,3.11,2.3,3.2,3.1,2.38,3.34,3.19,2.08,1.72,2.07,1.72,2.13,1.76,2020-10-04
djEcKZ9b,1601796600,7261,Seoul,Busan,1,2,2.4,3.22,2.91,2.37,3.2,3.1,2.5,3.38,2.96,2.07,1.72,2.1,1.7,2.16,1.74,2020-10-04
vF32JgP4,1601805600,7261,Incheon,Suwon Bluewings,0,1,4.0,3.19,1.97,4.0,3.1,1.95,4.14,3.36,2.02,2.26,1.61,2.25,1.61,2.29,1.66,2020-10-04
I526IDvB,1602842400,7261,Gangwon,Incheon,3,1,2.19,3.35,3.16,2.2,3.4,3.2,2.3,3.47,3.22,1.84,1.93,1.85,1.95,1.88,1.98,2020-10-16
hITyYhvb,1602919800,7261,Seongnam,Seoul,0,1,2.94,2.97,2.53,3.2,3.0,2.45,3.18,2.96,2.63,2.51,1.5,2.7,1.44,2.68,1.5,2020-10-17
A35OlN2G,1602910800,7261,Sangmu,Daegu,2,1,3.43,3.22,2.12,3.6,3.2,2.1,3.63,3.39,2.16,2.06,1.73,2.07,1.72,2.1,1.78,2020-10-17
OS6YFa1F,1603015200,7261,Pohang,Ulsan,4,0,2.9,3.49,2.25,3.0,3.2,2.15,3.08,3.75,2.26,1.57,2.33,1.53,2.4,1.55,2.53,2020-10-18
t4HTGun9,1603006200,7261,Jeonbuk,Gwangju FC,4,1,1.42,4.54,6.73,1.4,4.2,7.0,1.44,4.8,7.44,1.56,2.35,1.53,2.4,1.56,2.52,2020-10-18
W8SuXCg4,1602997200,7261,Busan,Suwon Bluewings,0,0,3.82,3.34,1.96,4.0,3.4,1.9,3.97,3.5,2.01,2.12,1.69,2.15,1.66,2.24,1.69,2020-10-18
QVRqWW8A,1603447200,7261,Suwon Bluewings,Seongnam,1,2,2.18,2.93,3.67,2.15,3.0,3.75,2.3,3.01,3.74,2.82,1.4,2.87,1.4,2.93,1.42,2020-10-23
vZVmVjOG,1603515600,7261,Seoul,Gangwon,1,1,2.81,3.33,2.41,2.8,3.3,2.45,3.0,3.5,2.41,1.79,1.98,1.72,2.07,1.78,2.1,2020-10-24
nu7AHXgH,1603524600,7261,Incheon,Busan,2,1,2.37,3.23,2.95,2.4,3.2,3.0,2.39,3.4,3.11,1.99,1.79,2.0,1.8,1.99,1.88,2020-10-24
42bXn1XS,1603602000,7261,Gwangju FC,Sangmu,0,1,2.6,3.41,2.54,2.62,3.3,2.62,2.61,3.68,2.64,1.76,2.02,1.75,2.05,1.79,2.08,2020-10-25
MDPyFJGL,1603611000,7261,Ulsan,Jeonbuk,0,1,2.93,3.45,2.28,3.0,3.3,2.37,2.99,3.65,2.35,1.71,2.08,1.7,2.1,1.79,2.08,2020-10-25
Mw9SmsIM,1603602000,7261,Daegu,Pohang,3,2,3.0,3.64,2.17,3.25,3.3,2.2,3.21,3.87,2.16,1.53,2.45,1.5,2.5,1.51,2.65,2020-10-25
QV5EGi9N,1604124000,7261,Seongnam,Busan,2,1,2.25,3.02,3.37,2.2,3.2,3.4,2.33,3.15,3.5,2.33,1.57,2.4,1.53,2.43,1.59,2020-10-31
McLhUAwN,1604124000,7261,Seoul,Incheon,0,1,2.98,3.25,2.33,3.0,3.4,2.3,3.15,3.39,2.38,2.12,1.69,2.15,1.66,2.19,1.72,2020-10-31
0lKdTUhT,1604124000,7261,Gangwon,Suwon Bluewings,1,2,2.91,3.3,2.36,3.1,3.3,2.3,3.01,3.4,2.46,1.85,1.92,1.85,1.95,1.88,2.0,2020-10-31
UqWg4223,1604210400,7261,Pohang,Sangmu,3,1,1.82,3.89,3.77,1.8,4.0,3.8,1.9,4.04,3.84,1.51,2.48,1.5,2.5,1.54,2.56,2020-11-01
GzPuEwWR,1604210400,7261,Ulsan,Gwangju FC,3,0,1.33,5.12,8.04,1.33,5.0,8.5,1.36,5.38,8.67,1.45,2.67,1.44,2.7,1.46,2.81,2020-11-01
IqB79cvq,1604210400,7261,Jeonbuk,Daegu,2,0,1.57,4.09,5.23,1.57,4.0,5.5,1.58,4.35,5.64,1.64,2.2,1.65,2.2,1.65,2.31,2020-11-01
G4MqyvDg,1614402000,7268,Jeonbuk,Seoul,2,0,1.58,3.77,5.76,1.5,3.8,7.5,1.67,3.71,5.91,1.8,1.97,1.8,2.0,1.88,1.99,2021-02-27
U7QmzbSa,1614411000,7268,Daegu,Suwon City,1,1,1.93,3.21,4.07,1.83,3.0,4.5,1.97,3.33,4.4,2.02,1.75,2.05,1.75,2.08,1.79,2021-02-27
jNEdYycC,1614497400,7268,Suwon Bluewings,Gwangju FC,1,0,1.94,3.31,3.93,1.9,3.6,3.5,1.93,3.43,4.4,2.26,1.61,2.35,1.57,2.41,1.6,2021-02-28
CWFhZHs6,1614488400,7268,Pohang,Incheon,2,1,1.75,3.42,4.76,1.8,3.75,4.33,1.8,3.42,5.31,1.99,1.79,2.05,1.75,2.09,1.79,2021-02-28
bmI4WFRO,1614583800,7268,Seongnam,Jeju,0,0,3.06,2.96,2.45,3.1,3.0,2.4,3.4,3.13,2.38,2.65,1.45,2.7,1.44,2.86,1.44,2021-03-01
KdJ0XeCI,1614574800,7268,Ulsan,Gangwon,5,0,1.75,3.52,4.56,1.8,3.6,4.33,1.75,3.79,5.02,1.9,1.85,1.95,1.85,1.98,1.88,2021-03-01
xdSgjJyM,1615006800,7268,Jeju,Jeonbuk,1,1,3.2,3.27,2.19,3.3,3.25,2.2,3.46,3.41,2.25,1.95,1.81,2.0,1.8,2.08,1.83,2021-03-06
Y37UqHEk,1615024800,7268,Gangwon,Pohang,1,3,3.15,3.28,2.2,3.2,3.4,2.2,3.27,3.53,2.28,1.81,1.95,1.8,2.0,1.85,2.05,2021-03-06
GnRckwiS,1615015800,7268,Gwangju FC,Ulsan,0,1,5.08,3.67,1.65,5.25,3.8,1.61,5.26,3.67,1.76,1.94,1.83,2.0,1.8,2.05,1.85,2021-03-06
MT3Qpcaq,1615015800,7268,Incheon,Daegu,2,1,3.44,3.05,2.21,3.2,3.1,2.3,3.43,2.91,2.55,2.4,1.55,2.6,1.47,2.79,1.48,2021-03-06
SQ6YryUe,1615093200,7268,Suwon Bluewings,Seongnam,1,0,1.93,3.04,4.38,1.9,3.25,4.33,1.97,3.17,4.86,2.76,1.42,2.87,1.4,2.9,1.44,2021-03-07
6H5xreq2,1615102200,7268,Seoul,Suwon City,3,0,1.97,3.42,3.59,1.95,3.4,4.0,2.03,3.71,3.75,1.82,1.93,1.8,2.0,1.85,2.05,2021-03-07
rZlL6vM2,1615284000,7268,Jeonbuk,Gangwon,2,1,1.53,3.93,6.0,1.55,4.0,6.0,1.56,4.01,7.1,1.77,2.0,1.8,2.0,1.85,2.05,2021-03-09
GnmT4IjF,1615285800,7268,Jeju,Pohang,1,0,3.02,3.37,2.22,3.2,3.3,2.2,3.19,3.55,2.31,1.73,2.05,1.72,2.07,1.78,2.11,2021-03-09
MPmP5by9,1615284000,7268,Ulsan,Incheon,3,1,1.44,4.09,7.4,1.4,4.33,7.0,1.47,4.17,9.06,1.92,1.84,2.0,1.8,2.04,1.85,2021-03-09
CEtx3dLR,1615370400,7268,Seongnam,Seoul,1,0,3.32,3.0,2.26,3.4,3.0,2.25,3.44,3.14,2.39,2.39,1.54,2.4,1.53,2.5,1.58,2021-03-10
ENS3bGTr,1615372200,7268,Suwon City,Suwon Bluewings,0,0,3.97,3.26,1.97,4.5,3.3,1.85,4.37,3.51,1.94,2.26,1.6,2.3,1.6,2.38,1.63,2021-03-10
UkiX3x6L,1615370400,7268,Daegu,Gwangju FC,1,4,1.98,3.27,3.81,1.95,3.5,3.6,2.09,3.28,4.08,2.21,1.63,2.3,1.6,2.38,1.63,2021-03-10
r3GGeED1,1615620600,7268,Pohang,Ulsan,1,1,2.99,3.28,2.3,3.0,3.4,2.3,3.14,3.34,2.44,1.85,1.92,1.85,1.95,1.93,1.96,2021-03-13
d6KKfYS7,1615629600,7268,Incheon,Seoul,0,1,3.41,3.12,2.17,3.5,3.25,2.1,3.7,3.2,2.25,2.28,1.6,2.3,1.6,2.37,1.63,2021-03-13
0vRBdfbe,1615611600,7268,Gwangju FC,Jeonbuk,0,2,5.28,3.68,1.63,5.75,3.8,1.6,5.73,3.75,1.69,1.9,1.86,1.95,1.85,1.95,1.93,2021-03-13
MmS7czqk,1615611600,7268,Daegu,Jeju,1,1,2.74,3.06,2.61,2.8,3.1,2.55,2.95,3.17,2.68,2.18,1.65,2.2,1.65,2.29,1.67,2021-03-13
l076IyLE,1615707000,7268,Suwon Bluewings,Gangwon,1,1,2.24,3.04,3.32,2.3,3.25,3.1,2.38,3.08,3.53,2.38,1.55,2.4,1.53,2.53,1.56,2021-03-14
A982JH58,1615698000,7268,Suwon City,Seongnam,1,2,2.37,3.01,3.11,2.25,3.3,3.1,2.54,3.04,3.28,2.48,1.5,2.5,1.5,2.67,1.52,2021-03-14
6y2BHezL,1615888800,7268,Jeonbuk,Daegu,3,2,1.68,3.67,4.81,1.65,3.8,5.0,1.75,3.79,5.11,1.94,1.82,2.0,1.8,2.03,1.87,2021-03-16
pS0FGFkR,1615890600,7268,Ulsan,Jeju,0,0,1.8,3.44,4.36,1.75,3.6,4.5,1.86,3.58,4.7,2.06,1.72,2.07,1.72,2.15,1.76,2021-03-16
rHekADSf,1615977000,7268,Seoul,Gwangju FC,2,1,2.04,3.37,3.49,2.05,3.4,3.5,2.1,3.58,3.67,1.93,1.84,1.9,1.9,1.96,1.93,2021-03-17
0h6pBgDl,1615975200,7268,Gangwon,Seongnam,0,0,2.12,3.06,3.61,2.1,3.3,3.5,2.15,3.22,3.98,2.48,1.51,2.5,1.5,2.63,1.53,2021-03-17
M7fg9Xs1,1615977000,7268,Incheon,Suwon City,4,1,2.53,3.06,2.82,2.45,3.3,2.8,2.6,3.15,3.07,2.32,1.57,2.35,1.57,2.5,1.57,2021-03-17
27msCZcr,1615975200,7268,Pohang,Suwon Bluewings,0,3,2.01,3.25,3.68,2.0,3.5,3.5,2.07,3.37,4.04,2.16,1.66,2.2,1.65,2.26,1.69,2021-03-17
UXc17BCD,1616225400,7268,Jeonbuk,Suwon City,1,1,1.38,4.7,7.32,1.4,4.5,7.5,1.39,5.13,8.34,1.6,2.26,1.6,2.3,1.6,2.45,2021-03-20
jsac8ic7,1616216400,7268,Jeju,Gwangju FC,1,1,1.79,3.49,4.35,1.8,3.75,4.0,1.81,3.71,4.82,2.13,1.68,2.15,1.66,2.21,1.72,2021-03-20
GS2LC6lg,1616320800,7268,Daegu,Ulsan,2,1,4.29,3.54,1.79,4.33,3.75,1.75,4.57,3.85,1.81,1.97,1.8,2.0,1.8,2.0,1.88,2021-03-21
xx4HDnZn,1616311800,7268,Suwon Bluewings,Seoul,1,2,2.29,3.0,3.29,2.2,3.2,3.3,2.42,3.04,3.5,2.47,1.52,2.5,1.5,2.62,1.53,2021-03-21
WxxpWfkE,1616302800,7268,Gangwon,Incheon,2,0,2.04,3.21,3.65,2.0,3.4,3.6,2.12,3.31,3.93,2.21,1.63,2.25,1.61,2.35,1.65,2021-03-21
rF4DESJt,1616302800,7268,Seongnam,Pohang,2,1,3.65,3.21,2.04,4.0,3.3,1.95,3.81,3.38,2.13,2.26,1.6,2.25,1.61,2.32,1.66,2021-03-21
dvKIBQ3a,1617359400,7268,Pohang,Daegu,0,0,2.13,3.31,3.3,2.1,3.4,3.4,2.2,3.52,3.46,1.85,1.91,1.85,1.95,1.91,1.98,2021-04-02
UiIQ94YB,1617435000,7268,Seongnam,Ulsan,0,1,3.91,3.01,2.06,4.2,3.2,1.9,4.22,3.09,2.14,2.51,1.5,2.6,1.47,2.62,1.53,2021-04-03
reMU8OmI,1617444000,7268,Seoul,Gangwon,0,1,2.25,3.24,3.11,2.25,3.4,3.1,2.39,3.31,3.25,2.02,1.75,2.07,1.72,2.13,1.77,2021-04-03
zVIMApJ5,1617426000,7268,Suwon Bluewings,Jeonbuk,1,3,3.1,2.97,2.41,3.0,3.25,2.37,3.29,2.99,2.57,2.24,1.61,2.3,1.6,2.37,1.63,2021-04-03
QJBZ7r3O,1617512400,7268,Suwon City,Jeju,2,1,3.14,3.02,2.34,3.0,3.25,2.4,3.36,3.1,2.45,2.33,1.56,2.35,1.57,2.52,1.57,2021-04-04
4AAw72IU,1617521400,7268,Gwangju FC,Incheon,2,1,2.39,3.11,2.98,2.4,3.1,3.1,2.58,3.14,3.12,2.25,1.61,2.35,1.57,2.41,1.62,2021-04-04
GriqSolt,1617703200,7268,Pohang,Jeonbuk,1,3,2.64,3.18,2.61,2.7,3.25,2.6,2.76,3.32,2.75,2.02,1.75,2.1,1.7,2.18,1.74,2021-04-06
fZkmR53n,1617705000,7268,Daegu,Seongnam,0,0,2.06,3.03,3.85,2.0,3.0,4.2,2.12,3.2,4.08,2.49,1.5,2.5,1.5,2.64,1.53,2021-04-06
lYrdPqYb,1617791400,7268,Gwangju FC,Suwon City,2,0,2.77,3.14,2.51,3.0,3.2,2.37,2.98,3.36,2.53,2.02,1.75,1.95,1.85,1.98,1.9,2021-04-07
rer0O3m5,1617791400,7268,Incheon,Suwon Bluewings,0,0,3.85,2.94,2.11,4.0,3.0,2.05,4.12,2.99,2.21,2.67,1.44,2.7,1.44,2.99,1.42,2021-04-07
Mos4NN2B,1617791400,7268,Jeju,Gangwon,1,1,2.16,3.12,3.42,2.15,3.2,3.4,2.18,3.33,3.71,2.21,1.63,2.2,1.65,2.23,1.7,2021-04-07
xbuhQPIh,1617789600,7268,Ulsan,Seoul,3,2,1.67,3.55,5.05,1.66,3.6,5.25,1.7,3.84,5.44,2.0,1.77,2.0,1.8,2.03,1.86,2021-04-07
vNy9MsIH,1618030800,7268,Gangwon,Daegu,3,0,2.46,3.04,2.94,2.3,3.1,3.2,2.58,3.14,3.11,2.23,1.63,2.3,1.6,2.38,1.63,2021-04-10
IDzDL1XN,1618039800,7268,Seoul,Pohang,1,2,3.16,3.27,2.22,3.3,3.25,2.2,3.43,3.4,2.26,1.9,1.86,1.85,1.95,1.93,1.95,2021-04-10
CzzHKLnU,1618048800,7268,Seongnam,Gwangju FC,2,0,2.21,3.01,3.46,2.15,3.1,3.6,2.28,3.12,3.72,2.5,1.5,2.5,1.5,2.59,1.54,2021-04-10
ldRrGueo,1618124400,7268,Jeju,Suwon Bluewings,2,1,2.36,2.88,3.3,2.25,3.1,3.3,2.4,2.95,3.68,2.76,1.42,2.87,1.4,2.87,1.46,2021-04-11
hUiPOXbo,1618126200,7268,Suwon City,Ulsan,0,1,4.04,3.45,1.86,4.2,3.4,1.85,4.28,3.61,1.93,1.87,1.88,1.85,1.95,1.9,1.99,2021-04-11
WKjTNiEi,1618135200,7268,Jeonbuk,Incheon,5,0,1.44,4.34,6.81,1.44,4.2,7.5,1.46,4.54,7.84,1.75,2.03,1.8,2.0,1.83,2.06,2021-04-11
Qe5WMBTc,1618644600,7268,Incheon,Jeju,0,3,3.85,3.24,1.97,3.8,3.4,1.95,4.24,3.39,2.01,2.27,1.6,2.25,1.61,2.34,1.65,2021-04-17
0EcqK9DG,1618635600,7268,Suwon City,Gangwon,2,1,2.83,3.08,2.49,2.9,3.2,2.4,2.95,3.18,2.67,2.23,1.61,2.3,1.6,2.44,1.6,2021-04-17
nBguLkbA,1618653600,7268,Gwangju FC,Pohang,0,1,3.52,3.29,2.04,3.4,3.25,1.95,3.6,3.55,2.13,2.06,1.73,2.05,1.75,2.07,1.83,2021-04-17
4n4zMVr4,1618644600,7268,Seoul,Daegu,0,1,3.12,3.18,2.28,3.3,3.1,2.25,3.21,3.36,2.39,2.05,1.74,2.05,1.75,2.09,1.8,2021-04-17
fycmJTSM,1618731000,7268,Jeonbuk,Seongnam,1,0,1.81,3.26,4.63,1.75,3.4,4.75,1.87,3.37,5.07,2.32,1.58,2.35,1.57,2.43,1.61,2021-04-18
YReiImrT,1618722000,7268,Suwon Bluewings,Ulsan,3,0,3.61,3.11,2.1,3.2,3.25,2.0,4.01,3.11,2.19,2.33,1.58,2.4,1.53,2.52,1.57,2021-04-18
hCxOCR5j,1618914600,7268,Pohang,Suwon City,1,0,1.83,3.58,3.95,1.8,3.5,4.5,1.88,3.79,4.25,1.8,1.96,1.8,2.0,1.85,2.05,2021-04-20
ELwKD7jp,1618912800,7268,Gangwon,Gwangju FC,0,1,2.15,3.17,3.44,2.15,3.0,3.6,2.18,3.35,3.7,2.16,1.67,2.15,1.66,2.18,1.74,2021-04-20
6FQ5yBri,1618999200,7268,Ulsan,Jeonbuk,0,0,2.76,3.17,2.53,2.75,3.3,2.5,2.9,3.28,2.64,2.1,1.71,2.07,1.72,2.16,1.75,2021-04-21
v5IIY8S9,1619001000,7268,Jeju,Seoul,2,1,1.46,4.08,7.11,1.4,4.2,7.5,1.48,4.35,7.9,2.04,1.75,2.05,1.75,2.07,1.83,2021-04-21
IkU9zVcc,1619001000,7268,Seongnam,Incheon,1,3,1.91,3.11,4.42,1.9,3.3,4.2,1.97,3.22,4.71,2.81,1.41,2.87,1.4,2.97,1.42,2021-04-21
0EJEZlD3,1619001000,7268,Daegu,Suwon Bluewings,1,0,2.66,3.0,2.76,2.62,3.2,2.75,2.83,3.01,2.92,2.44,1.53,2.5,1.5,2.55,1.56,2021-04-21
UgBVV6CS,1619258400,7268,Gangwon,Jeonbuk,1,1,4.4,3.48,1.8,4.75,3.5,1.75,4.74,3.75,1.81,2.04,1.75,2.05,1.75,2.09,1.8,2021-04-24
8vNMXSsG,1619240400,7268,Pohang,Jeju,0,0,2.76,3.03,2.63,2.9,3.0,2.4,2.95,3.19,2.67,2.18,1.66,2.15,1.66,2.22,1.71,2021-04-24
nVLQWncM,1619249400,7268,Gwangju FC,Daegu,0,1,3.0,3.05,2.43,2.75,3.2,2.45,3.15,3.04,2.62,2.28,1.6,2.35,1.57,2.47,1.59,2021-04-24
6F2cRQKq,1619326800,7268,Incheon,Ulsan,0,0,5.98,3.84,1.55,5.5,3.6,1.57,7.07,4.09,1.55,1.91,1.86,1.93,1.88,1.96,1.93,2021-04-25
vT05P4kd,1619344800,7268,Seongnam,Suwon Bluewings,0,1,3.14,2.72,2.59,3.1,2.87,2.5,3.22,2.79,2.79,3.17,1.34,3.4,1.33,3.22,1.37,2021-04-25
0x21Qpzj,1619335800,7268,Suwon City,Seoul,1,1,2.29,3.18,3.1,2.25,3.25,3.0,2.47,3.31,3.11,2.0,1.77,2.0,1.8,2.06,1.84,2021-04-25
vL6tllSd,1619778600,7268,Seoul,Seongnam,2,2,2.71,2.85,2.83,2.75,2.9,2.87,2.81,2.9,3.06,2.63,1.46,2.7,1.44,2.81,1.48,2021-04-30
CY4lnSd9,1619863200,7268,Ulsan,Gwangju FC,2,0,1.56,3.85,5.69,1.55,3.75,5.5,1.56,4.16,6.66,2.0,1.78,2.0,1.8,2.06,1.84,2021-05-01
IB5pm8s3,1619854200,7268,Suwon Bluewings,Pohang,1,1,2.81,2.98,2.62,2.8,3.2,2.55,2.96,3.04,2.77,2.43,1.53,2.4,1.53,2.55,1.56,2021-05-01
Qy9honCF,1619845200,7268,Suwon City,Daegu,2,4,2.72,3.07,2.64,2.7,3.3,2.55,2.87,3.12,2.79,2.24,1.63,2.25,1.61,2.36,1.64,2021-05-01
6ZMMTJtr,1619931600,7268,Jeonbuk,Jeju,1,1,2.03,3.18,3.77,2.0,3.5,3.5,2.16,3.19,3.97,2.35,1.57,2.35,1.57,2.5,1.58,2021-05-02
pQLQSwdl,1619940600,7268,Incheon,Gangwon,1,0,3.33,3.16,2.19,3.4,3.25,2.15,3.44,3.28,2.31,2.25,1.62,2.25,1.61,2.33,1.65,2021-05-02
EaQURcBf,1620459000,7268,Pohang,Gangwon,1,1,1.96,3.38,3.77,1.9,3.4,4.0,1.97,3.59,4.13,1.99,1.79,1.95,1.85,1.99,1.89,2021-05-08
hjPYQHQ0,1620450000,7268,Daegu,Incheon,3,0,1.66,3.63,5.18,1.66,3.6,5.5,1.68,3.91,5.6,2.06,1.74,2.05,1.75,2.08,1.81,2021-05-08
YaXtPeeD,1620450000,7268,Jeju,Suwon City,1,3,1.8,3.35,4.63,1.8,3.25,5.0,1.87,3.44,4.87,2.14,1.68,2.1,1.7,2.2,1.72,2021-05-08
QgKSnamK,1620545400,7268,Jeonbuk,Suwon Bluewings,1,3,2.02,3.03,4.04,2.0,3.0,4.2,2.08,3.12,4.41,2.49,1.51,2.5,1.5,2.63,1.53,2021-05-09
pv1aswBs,1620729000,7268,Incheon,Pohang,1,1,4.53,3.53,1.76,4.75,3.6,1.72,5.04,3.75,1.77,2.01,1.77,2.05,1.75,2.08,1.81,2021-05-11
rVEXoJ2Q,1620729000,7268,Suwon City,Gwangju FC,2,1,2.27,3.29,3.03,2.3,3.4,3.0,2.34,3.44,3.23,2.01,1.77,2.05,1.75,2.07,1.83,2021-05-11
zTgCvye0,1620815400,7268,Gangwon,Ulsan,2,2,4.1,3.54,1.83,4.5,3.75,1.75,4.24,3.71,1.91,1.88,1.89,1.85,1.95,1.88,2.01,2021-05-12
v103tcQm,1620813600,7268,Suwon Bluewings,Jeju,3,2,2.55,2.9,2.96,2.5,2.9,3.1,2.73,3.07,2.98,2.73,1.43,2.7,1.44,2.74,1.5,2021-05-12
0ziOyZvJ,1621063800,7268,Gangwon,Suwon City,0,0,2.41,3.2,2.91,2.37,3.2,3.0,2.56,3.23,2.97,1.97,1.81,2.0,1.8,2.02,1.87,2021-05-15
2uV60IHJ,1621072800,7268,Incheon,Gwangju FC,2,1,2.96,3.15,2.41,2.87,3.3,2.4,3.13,3.2,2.47,2.19,1.66,2.15,1.66,2.25,1.7,2021-05-15
CEKtfGfm,1621141200,7268,Jeju,Daegu,1,2,2.65,3.06,2.72,2.8,3.25,2.55,2.7,3.13,2.89,2.23,1.63,2.25,1.61,2.29,1.68,2021-05-16
YNLxedus,1621150200,7268,Ulsan,Suwon Bluewings,1,1,2.05,3.09,3.84,2.0,3.0,4.0,2.11,3.17,4.04,2.34,1.58,2.35,1.57,2.42,1.61,2021-05-16
8tEkhfPa,1621333800,7268,Suwon City,Pohang,3,4,3.11,3.13,2.32,3.1,3.2,2.3,3.22,3.16,2.44,2.2,1.65,2.15,1.66,2.26,1.69,2021-05-18
23DgiEv6,1621418400,7268,Jeonbuk,Ulsan,2,4,2.62,3.02,2.77,2.6,3.0,2.9,2.76,3.15,2.8,2.05,1.74,2.07,1.72,2.07,1.83,2021-05-19
EwHcjYgC,1621418400,7268,Suwon Bluewings,Daegu,1,1,2.57,2.97,2.89,2.45,3.0,3.1,2.58,3.05,3.11,2.4,1.55,2.4,1.53,2.48,1.58,2021-05-19
zg56lCOO,1621409400,7268,Gwangju FC,Jeju,0,0,3.54,3.1,2.14,3.5,3.2,2.05,3.78,3.19,2.18,2.4,1.55,2.4,1.53,2.47,1.59,2021-05-19
8tzL7ZOn,1621593000,7268,Suwon City,Incheon,2,2,1.98,3.37,3.68,2.0,3.4,3.75,2.01,3.5,3.95,1.96,1.82,2.0,1.8,2.04,1.85,2021-05-21
MqvP6gvg,1621659600,7268,Jeju,Seongnam,2,2,2.2,2.92,3.65,2.1,3.1,3.8,2.18,3.05,4.01,2.6,1.47,2.6,1.47,2.69,1.51,2021-05-22
G6wT5Dga,1621662000,7268,Ulsan,Pohang,1,0,1.85,3.52,4.04,1.85,3.6,4.0,1.88,3.67,4.28,1.89,1.89,1.85,1.95,1.92,1.97,2021-05-22
0A7X2BwI,1621764000,7268,Daegu,Jeonbuk,1,0,2.61,3.14,2.69,2.5,3.25,2.7,2.71,3.24,2.85,2.06,1.74,2.1,1.7,2.12,1.78,2021-05-23
MJ8T3iOB,1621755000,7268,Gwangju FC,Suwon Bluewings,3,4,3.66,2.95,2.18,3.6,3.1,2.15,3.96,3.0,2.26,2.6,1.47,2.7,1.44,2.73,1.5,2021-05-23
fcxX4X85,1621764000,7268,Gangwon,Seoul,0,0,2.46,3.11,2.9,2.4,3.2,2.87,2.6,3.2,3.03,2.15,1.68,2.2,1.65,2.24,1.7,2021-05-23
ClyjLhgn,1622282400,7268,Seoul,Suwon Bluewings,0,3,3.5,3.03,2.2,3.6,3.2,2.05,3.8,3.07,2.27,2.44,1.53,2.4,1.53,2.54,1.56,2021-05-29
YcxnMYwt,1622273400,7268,Jeju,Ulsan,1,2,3.33,3.18,2.2,3.5,3.2,2.1,3.54,3.27,2.27,2.17,1.67,2.15,1.66,2.26,1.69,2021-05-29
8zBu1k8U,1622264400,7268,Incheon,Jeonbuk,1,1,4.87,3.64,1.69,4.75,3.6,1.72,5.47,3.7,1.73,1.91,1.87,1.95,1.85,1.97,1.92,2021-05-29
fX6y2VhO,1622282400,7268,Seongnam,Suwon City,2,3,2.74,2.97,2.71,2.75,3.1,2.62,2.88,3.11,2.79,2.48,1.52,2.5,1.5,2.57,1.55,2021-05-29
tOufKC8h,1622359800,7268,Daegu,Gangwon,1,0,1.84,3.4,4.24,1.8,3.4,4.5,1.91,3.51,4.54,2.02,1.76,2.05,1.75,2.07,1.83,2021-05-30
KEvbJWNb,1622368800,7268,Pohang,Gwangju FC,1,0,1.65,3.7,5.12,1.61,3.6,5.5,1.69,3.92,5.43,1.94,1.84,1.95,1.85,1.96,1.93,2021-05-30
EJhGweA6,1622964600,7268,Daegu,Seoul,1,1,1.69,3.6,4.95,1.66,3.5,5.5,1.74,3.76,5.31,1.98,1.8,2.0,1.8,2.05,1.85,2021-06-06
h447uHuf,1622962800,7268,Seongnam,Jeonbuk,1,5,4.45,3.29,1.84,4.75,3.2,1.75,4.62,3.39,1.93,2.34,1.57,2.4,1.53,2.47,1.59,2021-06-06
zFEwQyt7,1624087800,7268,Gwangju FC,Seoul,1,1,2.73,3.16,2.57,2.75,3.2,2.5,2.84,3.3,2.69,2.12,1.7,2.15,1.66,2.22,1.71,2021-06-19
n3LOmuYD,1624172400,7268,Ulsan,Seongnam,2,2,1.57,3.68,6.31,1.57,3.6,6.5,1.62,3.7,7.05,2.17,1.67,2.15,1.66,2.21,1.72,2021-06-20
d262kh9I,1624690800,7268,Seongnam,Gangwon,1,2,2.45,2.93,3.11,2.37,3.0,3.0,2.54,2.98,3.36,2.55,1.49,2.5,1.5,2.68,1.51,2021-06-26
UkFogzAg,1626258600,7268,Seoul,Incheon,0,1,2.06,3.22,3.63,2.0,3.4,3.8,2.14,3.34,3.84,2.14,1.68,2.1,1.7,2.19,1.74,2021-07-14
2wU2Ijw5,1626777000,7268,Suwon Bluewings,Suwon City,1,2,2.05,3.13,3.94,2.0,3.2,4.0,2.1,3.22,4.15,2.17,1.67,2.1,1.7,2.19,1.74,2021-07-20
tSmmct7d,1626865200,7268,Gwangju FC,Gangwon,3,1,2.91,3.04,2.5,2.9,3.1,2.5,3.03,3.14,2.64,2.33,1.58,2.3,1.6,2.44,1.61,2021-07-21
fVyVLPqc,1627036200,7268,Suwon Bluewings,Incheon,1,2,1.84,3.2,4.66,1.83,3.25,4.75,1.86,3.4,5.03,2.64,1.46,2.6,1.47,2.7,1.51,2021-07-23
jcVwK3E9,1627120800,7268,Pohang,Seoul,0,1,1.86,3.49,4.09,1.83,3.6,4.2,1.93,3.61,4.29,1.94,1.84,1.95,1.85,2.01,1.88,2021-07-24
xEToIsqM,1627207200,7268,Ulsan,Suwon City,2,5,1.61,3.95,5.12,1.55,4.0,5.75,1.61,4.28,5.69,1.79,2.0,1.72,2.07,1.78,2.12,2021-07-25
G4SkH1bS,1627210800,7268,Gangwon,Jeju,2,2,3.48,3.05,2.19,3.8,3.0,2.1,3.67,3.21,2.25,2.31,1.59,2.25,1.61,2.32,1.66,2021-07-25
zk9MBuMk,1627729200,7268,Seoul,Ulsan,0,0,4.04,3.51,1.86,4.2,3.6,1.83,4.27,3.64,1.93,1.81,1.97,1.8,2.0,1.87,2.02,2021-07-31
UB8QAayd,1627729200,7268,Jeju,Incheon,1,4,1.72,3.5,4.85,1.72,3.6,5.0,1.74,3.7,5.36,2.1,1.71,2.07,1.72,2.14,1.77,2021-07-31
Mo5ICL6q,1627815600,7268,Gwangju FC,Seongnam,0,0,2.9,2.91,2.6,3.0,3.0,2.55,3.06,3.0,2.72,2.47,1.51,2.4,1.53,2.55,1.56,2021-08-01
pKjDY2T2,1627815600,7268,Daegu,Pohang,1,1,2.27,3.2,3.12,2.25,3.2,3.3,2.34,3.33,3.33,2.07,1.73,2.1,1.7,2.16,1.75,2021-08-01
OAkHXMr9,1627815600,7268,Gangwon,Suwon Bluewings,3,0,2.68,3.02,2.72,2.75,3.1,2.75,2.77,3.25,2.78,2.29,1.6,2.25,1.61,2.29,1.68,2021-08-01
MqhKxFPC,1628073000,7268,Pohang,Seongnam,1,0,2.25,2.96,3.46,2.25,3.1,3.5,2.37,3.03,3.63,2.73,1.44,2.7,1.44,2.84,1.47,2021-08-04
2ykqbMij,1628071200,7268,Ulsan,Daegu,2,1,2.09,3.2,3.56,2.05,3.3,3.6,2.18,3.26,3.8,2.02,1.77,2.0,1.8,2.04,1.85,2021-08-04
827U9Jj2,1628073000,7268,Suwon City,Jeonbuk,1,0,3.21,3.53,2.1,3.5,3.6,2.0,3.39,3.58,2.21,1.62,2.26,1.6,2.3,1.66,2.32,2021-08-04
IXlLWtbF,1628330400,7268,Jeonbuk,Daegu,2,1,2.2,3.3,3.2,2.2,3.3,3.25,2.25,3.5,3.36,1.86,1.92,1.85,1.95,1.89,1.99,2021-08-07
GI7OV0DL,1628334000,7268,Ulsan,Gangwon,2,1,1.56,3.92,5.84,1.5,3.75,6.5,1.59,4.11,6.24,1.91,1.87,1.9,1.9,1.94,1.94,2021-08-07
0jqeQvyq,1628334000,7268,Seongnam,Pohang,1,0,3.24,2.96,2.36,3.2,3.2,2.37,3.38,3.05,2.48,2.7,1.45,2.7,1.44,2.8,1.48,2021-08-07
bscTUKSR,1628334000,7268,Suwon Bluewings,Jeju,0,0,2.81,3.03,2.61,2.8,3.3,2.5,2.93,3.02,2.82,2.38,1.57,2.5,1.5,2.56,1.56,2021-08-07
UPmaPbjk,1628420400,7268,Seoul,Gwangju FC,1,0,2.09,3.13,3.68,2.05,3.25,3.8,2.11,3.27,4.01,2.33,1.59,2.35,1.57,2.39,1.63,2021-08-08
8Gn3OI5e,1628420400,7268,Incheon,Suwon City,0,0,3.33,3.49,2.08,3.75,3.4,2.0,3.58,3.72,2.08,1.76,2.04,1.72,2.07,1.78,2.12,2021-08-08
8YuZKqa3,1628676000,7268,Jeonbuk,Gwangju FC,3,0,1.48,4.11,6.55,1.5,4.0,7.0,1.51,4.39,7.18,1.89,1.89,1.85,1.95,1.93,1.96,2021-08-11
UoPZyxze,1628938800,7268,Suwon Bluewings,Seongnam,1,2,2.26,2.87,3.58,2.2,3.1,3.6,2.35,2.98,3.74,2.89,1.39,3.1,1.36,2.93,1.43,2021-08-14
nNZUxIKl,1628931600,7268,Gangwon,Daegu,2,0,2.81,3.28,2.43,2.87,3.3,2.37,2.84,3.49,2.57,1.9,1.88,1.85,1.95,1.93,1.96,2021-08-14
YJVQwb5r,1628937000,7268,Jeju,Ulsan,2,2,3.26,3.16,2.23,3.5,3.1,2.2,3.52,3.26,2.29,2.02,1.77,2.05,1.75,2.07,1.83,2021-08-14
8xOwydk1,1629018000,7268,Jeonbuk,Seoul,3,2,1.65,3.73,5.08,1.61,3.8,5.0,1.72,3.81,5.35,1.87,1.91,1.88,1.93,1.93,1.96,2021-08-15
xCSszG47,1629021600,7268,Pohang,Suwon City,3,1,2.23,3.29,3.13,2.15,3.4,3.3,2.31,3.39,3.33,1.91,1.86,1.95,1.85,1.97,1.92,2021-08-15
G2RoZZJD,1629025200,7268,Gwangju FC,Incheon,1,0,2.56,2.98,2.88,2.45,3.2,3.0,2.66,3.03,3.11,2.31,1.59,2.3,1.6,2.4,1.62,2021-08-15
EDX6HAhB,1629282600,7268,Seoul,Jeju,0,1,2.95,3.07,2.45,3.1,3.2,2.3,3.1,3.21,2.55,2.21,1.65,2.15,1.66,2.24,1.7,2021-08-18
8zXAGU7H,1629280800,7268,Incheon,Seongnam,1,0,3.37,3.04,2.25,3.5,3.1,2.15,3.58,3.28,2.25,2.61,1.47,2.6,1.47,2.7,1.51,2021-08-18
KzhSsSND,1629455400,7268,Daegu,Gwangju FC,1,2,1.67,3.65,4.97,1.61,3.6,5.25,1.7,3.94,5.29,1.9,1.88,1.85,1.95,1.89,2.0,2021-08-20
Sts2yQ0s,1629543600,7268,Suwon City,Jeju,1,0,2.41,3.11,2.97,2.3,3.2,3.0,2.48,3.29,3.12,2.01,1.77,2.0,1.8,2.06,1.84,2021-08-21
QXfzt6hQ,1629540000,7268,Seongnam,Jeonbuk,0,0,5.08,3.52,1.7,5.0,3.75,1.66,5.45,3.55,1.77,2.13,1.69,2.1,1.7,2.2,1.73,2021-08-21
pIy7zpGm,1629622800,7268,Seoul,Pohang,2,2,3.02,3.07,2.41,2.9,3.2,2.45,3.2,3.22,2.47,2.29,1.6,2.35,1.57,2.39,1.63,2021-08-22
O8zBZ3Vg,1629628200,7268,Ulsan,Suwon Bluewings,3,1,1.79,3.42,4.54,1.75,3.5,4.5,1.83,3.53,4.95,2.16,1.67,2.15,1.66,2.21,1.72,2021-08-22
IVZEYNp0,1629799200,7268,Gwangju FC,Seongnam,2,0,2.93,2.86,2.61,2.87,3.0,2.5,2.98,2.98,2.81,2.77,1.42,2.87,1.4,2.8,1.48,2021-08-24
EcTNW1FC,1629885600,7268,Jeonbuk,Pohang,2,0,1.8,3.49,4.4,1.75,3.6,4.75,1.88,3.61,4.53,1.96,1.81,2.0,1.8,2.03,1.86,2021-08-25
hlSRVLUI,1629887400,7268,Seoul,Ulsan,1,2,4.63,3.52,1.75,4.75,3.4,1.72,5.0,3.7,1.79,1.95,1.82,1.95,1.85,2.01,1.88,2021-08-25
4vfYwJMu,1629887400,7268,Incheon,Daegu,2,0,3.63,3.31,2.02,3.6,3.5,2.0,3.95,3.53,2.03,2.05,1.73,2.07,1.72,2.11,1.79,2021-08-25
rVhxwwxn,1629889200,7268,Suwon Bluewings,Suwon City,0,3,2.7,3.07,2.66,2.75,3.2,2.6,2.79,3.24,2.78,2.17,1.66,2.15,1.66,2.23,1.71,2021-08-25
vcnoyH6b,1630141200,7268,Pohang,Suwon Bluewings,0,0,2.16,2.98,3.66,2.05,3.0,3.75,2.15,3.26,3.92,2.62,1.46,2.6,1.47,2.68,1.52,2021-08-28
CApgZfyB,1630144800,7268,Daegu,Seongnam,3,1,1.89,3.32,4.13,1.83,3.4,3.8,1.88,3.56,4.61,2.29,1.6,2.25,1.61,2.31,1.67,2021-08-28
YJokzyM4,1630144800,7268,Jeonbuk,Suwon City,2,2,1.84,3.67,3.92,1.85,3.6,3.75,1.94,3.79,3.99,1.68,2.14,1.7,2.1,1.78,2.12,2021-08-28
UoubYEjH,1630227600,7268,Ulsan,Incheon,3,2,1.53,4.04,5.87,1.53,4.0,5.5,1.57,4.14,6.44,1.7,2.1,1.7,2.1,1.73,2.19,2021-08-29
8xv2XY5N,1630231200,7268,Jeju,Seoul,1,0,2.13,3.19,3.47,2.1,3.25,3.4,2.24,3.28,3.63,2.18,1.66,2.15,1.66,2.25,1.7,2021-08-29
p0fva2xp,1630490400,7268,Jeonbuk,Pohang,0,1,1.75,3.68,4.39,1.72,3.75,4.0,1.8,3.77,4.77,1.81,1.97,1.8,2.0,1.85,2.04,2021-09-01
UmUsJNTF,1630749600,7268,Seongnam,Daegu,0,0,3.37,3.02,2.24,3.1,3.2,2.1,3.59,3.09,2.35,2.55,1.49,2.5,1.5,2.72,1.5,2021-09-04
GrZAaxXP,1630836000,7268,Seoul,Jeonbuk,3,4,4.75,3.67,1.7,5.0,3.75,1.7,4.88,3.85,1.77,1.9,1.87,1.87,1.92,1.95,1.93,2021-09-05
2aw6WhLT,1631269800,7268,Ulsan,Jeonbuk,0,0,2.23,3.31,3.1,2.25,3.3,3.1,2.26,3.54,3.31,1.9,1.87,1.95,1.85,1.97,1.92,2021-09-10
Im7KkGLi,1631269800,7268,Pohang,Daegu,1,2,2.54,3.02,2.88,2.5,3.2,2.87,2.64,3.14,3.03,2.21,1.64,2.15,1.67,2.25,1.69,2021-09-10
xhUXRCTp,1631345400,7268,Incheon,Jeju,1,2,3.74,3.05,2.09,3.8,3.0,2.0,4.18,3.22,2.09,2.42,1.53,2.42,1.52,2.54,1.56,2021-09-11
vc8Gjd6o,1631354400,7268,Suwon Bluewings,Gwangju FC,2,2,2.25,3.0,3.37,2.1,3.0,3.5,2.41,3.01,3.56,2.43,1.53,2.42,1.52,2.59,1.54,2021-09-11
nNBOlzyb,1631431800,7268,Seongnam,Seoul,1,1,2.81,2.77,2.8,2.8,2.8,2.8,2.94,2.88,2.94,2.82,1.4,3.0,1.37,2.83,1.46,2021-09-12
QDASmfj4,1631440800,7268,Suwon City,Gangwon,1,0,2.24,3.37,3.05,2.2,3.5,2.8,2.37,3.52,3.11,1.87,1.9,1.85,1.95,1.91,1.98,2021-09-12
G23uohzN,1631959200,7268,Daegu,Ulsan,2,1,2.93,3.39,2.28,2.9,3.3,2.2,3.03,3.63,2.37,1.87,1.9,1.9,1.9,1.89,2.0,2021-09-18
8x0XnE5A,1631942400,7268,Jeonbuk,Suwon Bluewings,1,0,1.78,3.46,4.48,1.75,3.5,4.33,1.79,3.66,5.01,2.14,1.67,2.1,1.7,2.29,1.67,2021-09-18
xE58vjDj,1632036600,7268,Seoul,Suwon City,2,1,2.81,3.37,2.38,2.75,3.3,2.3,3.01,3.58,2.41,1.81,1.96,1.85,1.95,1.88,2.02,2021-09-19
bN64uWcp,1632027600,7268,Incheon,Seongnam,0,1,2.75,2.86,2.76,2.55,3.0,2.6,2.89,3.0,2.87,2.68,1.44,2.7,1.44,2.75,1.49,2021-09-19
jHgj3Zki,1632200400,7268,Suwon Bluewings,Gangwon,3,2,2.52,2.87,3.05,2.5,2.7,3.0,2.7,2.99,3.11,2.58,1.48,2.7,1.44,2.7,1.51,2021-09-21
4Kcf2g5c,1632209400,7268,Gwangju FC,Jeonbuk,1,2,4.76,3.59,1.71,4.33,3.6,1.7,5.21,3.67,1.77,2.02,1.76,2.0,1.8,2.09,1.8,2021-09-21
nqma1DK3,1632218400,7268,Pohang,Ulsan,1,2,2.89,3.09,2.48,2.7,3.25,2.45,3.07,3.18,2.59,2.28,1.6,2.25,1.61,2.33,1.65,2021-09-21
f9j7aikG,1632295800,7268,Suwon City,Seongnam,3,1,2.12,3.18,3.47,2.1,3.25,3.3,2.15,3.34,3.79,2.29,1.6,2.35,1.57,2.43,1.61,2021-09-22
QZo30XZ9,1632286800,7268,Jeju,Daegu,0,1,2.53,3.1,2.82,2.45,3.1,2.87,2.62,3.22,2.99,2.23,1.62,2.25,1.61,2.32,1.66,2021-09-22
YakBbB4M,1632304800,7268,Seoul,Incheon,0,0,2.18,3.1,3.41,2.15,3.1,3.25,2.28,3.15,3.67,2.24,1.62,2.25,1.61,2.33,1.66,2021-09-22
GOvGcVJS,1632546000,7268,Pohang,Jeju,2,4,2.44,2.98,3.09,2.3,3.0,3.1,2.39,3.11,3.47,2.51,1.51,2.4,1.53,2.43,1.61,2021-09-25
Wlpoh9sj,1632564000,7268,Jeonbuk,Incheon,2,0,1.46,4.19,6.86,1.44,4.2,6.5,1.47,4.4,7.92,1.89,1.88,1.95,1.85,1.92,1.97,2021-09-25
xSpsgkSq,1632555000,7268,Ulsan,Gwangju FC,1,0,1.57,3.85,5.69,1.6,3.6,5.0,1.61,4.06,6.16,1.97,1.8,2.0,1.8,2.03,1.87,2021-09-25
AuqkiTdd,1632564000,7268,Daegu,Suwon City,0,0,2.14,3.36,3.25,2.1,3.3,3.2,2.22,3.42,3.5,1.84,1.93,1.85,1.95,1.9,1.99,2021-09-25
QmRyFWl3,1632641400,7268,Seongnam,Gangwon,2,0,3.12,2.86,2.48,3.1,2.8,2.4,3.23,2.99,2.6,2.79,1.42,2.87,1.4,2.92,1.44,2021-09-26
ncSXFCZd,1632636000,7268,Suwon Bluewings,Seoul,0,2,2.55,2.92,2.96,2.6,2.8,2.87,2.68,3.0,3.12,2.55,1.49,2.5,1.5,2.7,1.51,2021-09-26
fg2qpCkT,1632909600,7268,Gangwon,Pohang,1,0,3.1,3.16,2.31,2.9,3.4,2.2,3.25,3.34,2.38,2.15,1.67,2.15,1.66,2.19,1.74,2021-09-29
YDUqDAJF,1633150800,7268,Gangwon,Jeonbuk,0,1,3.89,3.37,1.93,3.75,3.3,1.9,4.29,3.49,1.96,2.02,1.77,1.95,1.85,2.08,1.83,2021-10-02
fTIhBllS,1633168800,7268,Incheon,Suwon Bluewings,0,1,3.28,2.91,2.35,3.25,2.9,2.25,3.61,3.09,2.34,2.75,1.43,2.87,1.4,2.77,1.49,2021-10-02
424O5SBk,1633159800,7268,Suwon City,Ulsan,0,3,3.31,3.31,2.14,3.2,3.3,2.1,3.55,3.38,2.22,1.93,1.84,1.95,1.85,2.0,1.89,2021-10-02
KAQuEj49,1633246200,7268,Gwangju FC,Pohang,2,3,3.14,3.15,2.29,2.9,3.25,2.25,3.34,3.25,2.38,2.17,1.67,2.2,1.65,2.21,1.72,2021-10-03
GxKlCUYL,1633255200,7268,Seoul,Daegu,1,1,2.51,3.11,2.84,2.6,3.0,2.87,2.55,3.35,2.97,2.14,1.68,2.2,1.65,2.1,1.79,2021-10-03
QB5K68dq,1633237200,7268,Jeju,Seongnam,2,1,2.06,2.99,3.98,2.05,3.0,3.6,2.13,2.99,4.44,2.6,1.47,2.7,1.44,2.72,1.5,2021-10-03
WAeWtnwK,1633514400,7268,Incheon,Gangwon,0,1,3.58,3.21,2.08,3.5,3.3,1.95,3.83,3.41,2.11,2.24,1.62,2.2,1.65,2.27,1.69,2021-10-06
WYwJXs06,1633842000,7268,Gangwon,Jeju,2,2,2.68,3.06,2.69,2.62,3.25,2.6,2.82,3.12,2.84,2.18,1.66,2.1,1.7,2.26,1.69,2021-10-10
Qgrsxcih,1634446800,7268,Gangwon,Gwangju FC,2,1,2.11,3.31,3.39,2.05,3.3,3.3,2.16,3.55,3.53,2.09,1.72,2.15,1.66,2.09,1.8,2021-10-17
xlpeqKsL,1635055200,7268,Suwon City,Gwangju FC,1,3,1.68,3.77,4.75,1.61,3.75,4.5,1.69,4.2,4.98,1.86,1.91,1.8,2.0,1.85,2.04,2021-10-24
jux8NxL1,1635055200,7268,Jeju,Jeonbuk,2,2,2.95,3.24,2.35,2.87,3.25,2.25,3.15,3.41,2.4,1.96,1.82,1.95,1.85,1.98,1.91,2021-10-24
dxTcp0SE,1635055200,7268,Gangwon,Seoul,1,4,2.59,3.15,2.71,2.55,3.2,2.6,2.71,3.27,2.84,2.13,1.69,2.1,1.7,2.19,1.74,2021-10-24
4rtCMdz8,1635055200,7268,Seongnam,Ulsan,2,1,4.83,3.26,1.79,4.75,3.2,1.75,5.11,3.41,1.85,2.42,1.54,2.5,1.5,2.52,1.57,2021-10-24
GvqarvcR,1635055200,7268,Pohang,Incheon,0,1,1.52,3.95,6.1,1.45,3.75,6.0,1.52,4.36,6.91,1.96,1.81,1.95,1.85,1.99,1.89,2021-10-24
IoUgotD8,1635055200,7268,Daegu,Suwon Bluewings,0,2,2.36,3.13,3.03,2.3,3.0,3.0,2.46,3.29,3.15,2.14,1.68,2.1,1.7,2.2,1.72,2021-10-24
8OEYBqC8,1635588000,7268,Seongnam,Pohang,1,0,2.97,2.85,2.57,2.87,3.0,2.5,3.17,2.87,2.75,2.63,1.45,2.7,1.44,2.79,1.48,2021-10-30
E1TProrM,1635579000,7268,Suwon Bluewings,Jeonbuk,0,4,4.14,3.35,1.87,4.0,3.25,1.85,4.63,3.53,1.88,2.08,1.72,2.07,1.72,2.13,1.77,2021-10-30
fLQjm0Z7,1635570000,7268,Incheon,Seoul,2,0,3.69,3.18,2.04,3.5,3.2,2.05,4.06,3.28,2.1,2.26,1.61,2.25,1.61,2.36,1.64,2021-10-30
bZ4dwP5q,1635665400,7268,Ulsan,Suwon City,3,2,1.57,4.14,5.22,,,,1.58,4.54,5.64,1.68,2.14,,,1.7,2.24,2021-10-31
hhSTs5cS,1635656400,7268,Daegu,Jeju,0,5,2.33,3.27,2.95,,,,2.46,3.38,3.07,1.9,1.87,,,1.91,1.98,2021-10-31
nFDxB3RE,1635674400,7268,Gwangju FC,Gangwon,2,2,2.84,3.08,2.5,,,,3.03,3.22,2.59,2.14,1.67,,,2.2,1.72,2021-10-31
Qagagyds,1635933600,7268,Pohang,Gangwon,4,0,2.31,3.22,3.04,,,,2.47,3.25,3.17,2.02,1.76,,,2.12,1.78,2021-11-03
OSCNEsDL,1635933600,7268,Daejeon,Jeonnam,0,0,2.36,3.01,3.04,,,,2.39,3.08,3.31,2.21,1.62,,,2.26,1.65,2021-11-03
bDi7iFQg,1635935400,7268,Seongnam,Incheon,1,1,2.58,2.78,3.08,,,,2.72,2.88,3.2,3.0,1.36,,,3.1,1.4,2021-11-03
4jh3heBm,1635933600,7268,Gwangju FC,Seoul,3,4,3.16,3.29,2.2,,,,3.36,3.4,2.29,2.0,1.78,,,2.05,1.85,2021-11-03
pj78zNk2,1636192800,7268,Jeonbuk,Ulsan,3,2,2.25,3.32,3.04,,,,2.33,3.43,3.26,1.87,1.9,,,1.93,1.96,2021-11-06
Cx90xqLk,1636174800,7268,Jeju,Suwon Bluewings,2,0,1.94,3.32,3.9,,,,1.98,3.53,4.17,2.17,1.67,,,2.23,1.71,2021-11-06
6a84y3zd,1636183800,7268,Suwon City,Daegu,1,2,2.44,3.39,2.72,,,,2.55,3.52,2.84,1.8,1.98,,,1.81,2.07,2021-11-06
jmhpl4eG,1636261200,7268,Anyang,Daejeon,1,3,2.91,3.16,2.35,,,,2.88,3.27,2.4,1.98,1.76,,,2.0,1.75,2021-11-07
fuoGkge6,1636270200,7268,Gangwon,Incheon,1,1,1.87,3.34,4.18,,,,1.93,3.51,4.38,2.19,1.65,,,2.29,1.67,2021-11-07
CGeBjZu0,1636261200,7268,Pohang,Gwangju FC,1,2,1.99,3.39,3.64,,,,2.08,3.51,3.82,1.91,1.86,,,1.94,1.94,2021-11-07
YVqKlDAC,1636279200,7268,Seoul,Seongnam,3,0,2.18,2.97,3.58,,,,2.27,3.06,3.86,2.63,1.46,,,2.73,1.5,2021-11-07
M7jia6S2,1637470800,7268,Suwon City,Jeonbuk,3,2,3.65,3.58,1.93,3.4,3.5,1.9,3.94,3.74,1.97,1.72,2.09,1.66,2.1,1.72,2.21,2021-11-21
fLlacpcF,1637479800,7268,Daegu,Suwon Bluewings,2,1,2.26,3.14,3.21,2.2,3.2,3.1,2.39,3.23,3.34,2.24,1.62,2.2,1.61,2.33,1.65,2021-11-21
0bkebQs9,1637479800,7268,Ulsan,Jeju,3,1,1.86,3.67,3.83,1.8,3.75,3.75,1.86,3.93,4.21,1.71,2.09,1.66,2.1,1.72,2.21,2021-11-21
6eh3d4CL,1637989200,7268,Jeju,Suwon City,1,0,2.09,3.45,3.34,2.05,3.6,3.4,2.15,3.53,3.57,1.78,2.01,1.72,2.0,1.82,2.07,2021-11-27
25lOmXPI,1637998200,7268,Seongnam,Gwangju FC,1,0,2.5,2.95,3.0,2.4,3.0,2.87,2.61,3.04,3.16,2.49,1.51,2.5,1.5,2.61,1.54,2021-11-27
jTTZjrzq,1638078000,7268,Suwon Bluewings,Ulsan,0,0,4.77,3.48,1.75,5.0,3.4,1.72,5.1,3.53,1.81,2.1,1.71,2.1,1.66,2.19,1.73,2021-11-28
pUD8eqqP,1638084600,7268,Seoul,Gangwon,0,0,2.22,3.47,3.0,2.25,3.4,2.87,2.32,3.65,3.1,1.71,2.09,1.66,2.1,1.76,2.15,2021-11-28
lKs8eORR,1638075600,7268,Daegu,Jeonbuk,0,2,3.82,3.68,1.86,3.75,3.5,1.83,4.04,3.85,1.92,1.81,1.98,1.85,2.0,1.96,1.93,2021-11-28
tdmSniuP,1638084600,7268,Incheon,Pohang,0,0,2.58,3.04,2.82,2.5,3.0,2.8,2.65,3.12,3.04,2.22,1.63,2.2,1.61,2.3,1.67,2021-11-28
0fJwjN6n,1638597600,7268,Gangwon,Seongnam,2,1,2.19,3.09,3.42,2.2,3.1,3.4,2.28,3.2,3.61,2.4,1.55,2.37,1.53,2.52,1.57,2021-12-04
6XJZj3it,1638597600,7268,Pohang,Seoul,1,2,2.34,3.18,3.03,2.3,3.2,3.0,2.48,3.27,3.14,2.08,1.72,2.1,1.66,2.15,1.76,2021-12-04
voIsksMh,1638597600,7268,Gwangju FC,Incheon,1,1,1.77,3.51,4.53,1.75,3.3,4.75,1.76,3.91,4.84,2.12,1.69,2.1,1.66,2.15,1.76,2021-12-04
K2Ywj2kk,1638684000,7268,Jeonbuk,Jeju,2,0,2.33,3.23,3.03,2.25,3.3,3.1,2.45,3.21,3.24,1.93,1.84,1.98,1.88,2.02,1.87,2021-12-05
tIMnltK1,1638684000,7268,Suwon City,Suwon Bluewings,2,0,2.79,3.16,2.53,2.75,3.2,2.55,3.03,3.23,2.58,2.08,1.73,2.1,1.66,2.19,1.74,2021-12-05
bgXskM4e,1638684000,7268,Ulsan,Daegu,2,0,1.63,3.97,4.85,1.66,4.0,4.5,1.65,4.34,5.18,1.75,2.04,1.72,2.0,1.76,2.15,2021-12-05
COmU4DEN,1638957600,7268,Daejeon,Gangwon,1,0,2.43,3.04,2.93,2.3,3.2,2.75,2.53,3.16,3.11,2.29,1.58,2.25,1.61,2.4,1.61,2021-12-08
fmwZ3XTT,1639285200,7268,Gangwon,Daejeon,4,1,2.42,3.01,2.97,2.45,2.9,2.9,2.52,3.15,3.14,2.27,1.58,2.35,1.57,2.39,1.61,2021-12-12
