Date,Home,Away,HG,AG,1,X,2,Season,Result,HTR,Week,HW,AW,HL,AL,HGF,AGF,HAGF,HGA,AGA,HAGA,HGD,AGD,HAGD,HWGD,AWGD,HAWGD,HLGD,ALGD,HALGD,HW%,HL%,AW%,AL%
2026-08-16,Bucheon,Jeonbuk,3,2,4.2,3.3,1.72,2026,H,H,135,0.0,1.0,0.0,0.0,0.0,2.0,-2.0,0.0,0.0,0.0,0.0,2.0,-2.0,0.0,1.0,-1.0,0.0,0.0,0.0,9.1,45.5,36.4,18.2
2026-08-16,Incheon,Sangmu,1,1,2.0,3.1,3.3,2026,D,D,136,0.0,1.0,0.0,0.0,1.0,1.0,0.0,1.0,0.0,1.0,0.0,1.0,-1.0,0.0,0.0,0.0,0.0,0.0,0.0,36.4,54.5,27.3,27.3
2026-08-16,Ulsan,Gangwon,2,3,2.5,3.1,2.5,2026,A,A,137,1.0,0.0,0.0,1.0,3.0,1.0,2.0,1.0,2.0,-1.0,2.0,-1.0,3.0,1.0,0.0,1.0,0.0,0.0,0.0,45.5,45.5,36.4,27.3
2026-08-15,Gwangju FC,Pohang,1,2,3.6,3.0,1.97,2026,A,A,132,0.0,0.0,1.0,1.0,1.0,1.0,0.0,2.0,3.0,-1.0,-1.0,-2.0,1.0,0.0,0.0,0.0,0.0,1.0,-1.0,9.1,54.5,45.5,36.4
2026-08-15,Jeju,Anyang,2,0,2.2,3.05,2.95,2026,H,H,133,0.0,0.0,0.0,1.0,3.0,1.0,2.0,3.0,3.0,0.0,0.0,-2.0,2.0,0.0,0.0,0.0,0.0,1.0,-1.0,25.0,33.3,45.5,18.2
2026-08-15,Seoul,Daejeon,4,2,1.95,3.2,3.5,2026,H,A,134,0.0,1.0,1.0,0.0,1.0,2.0,-1.0,3.0,1.0,2.0,-2.0,1.0,-3.0,0.0,0.0,0.0,1.0,0.0,1.0,50.0,30.0,45.5,27.3
2026-08-08,Anyang,Daejeon,1,2,2.65,3.1,2.35,2026,A,A,127,1.0,0.0,0.0,1.0,2.0,2.0,0.0,1.0,3.0,-2.0,1.0,-1.0,2.0,0.0,0.0,0.0,0.0,0.0,0.0,20.0,30.0,40.0,30.0
2026-08-08,Bucheon,Gwangju FC,0,0,1.92,3.05,3.7,2026,D,D,128,0.0,0.0,1.0,1.0,2.0,0.0,2.0,3.0,2.0,1.0,-1.0,-2.0,1.0,0.0,0.0,0.0,0.0,1.0,-1.0,10.0,50.0,0.0,70.0
2026-08-08,Jeonbuk,Jeju,1,3,1.7,3.3,4.3,2026,A,A,129,0.0,1.0,0.0,0.0,0.0,2.0,-2.0,0.0,1.0,-1.0,0.0,1.0,-1.0,0.0,0.0,0.0,0.0,0.0,0.0,50.0,30.0,44.4,33.3
2026-08-08,Pohang,Ulsan,0,2,2.55,3.1,2.45,2026,A,D,130,0.0,1.0,1.0,0.0,0.0,3.0,-3.0,1.0,1.0,0.0,-1.0,2.0,-3.0,0.0,1.0,-1.0,0.0,0.0,0.0,30.0,50.0,50.0,20.0
2026-08-08,Sangmu,Seoul,0,0,3.5,3.3,1.87,2026,D,D,131,1.0,0.0,0.0,0.0,3.0,0.0,3.0,2.0,0.0,2.0,1.0,0.0,1.0,0.0,0.0,0.0,0.0,0.0,0.0,10.0,30.0,72.7,9.1
2026-08-02,Daejeon,Gwangju FC,2,0,1.45,3.9,6.0,2026,H,D,124,0.0,0.0,0.0,0.0,2.0,1.0,1.0,2.0,1.0,1.0,0.0,0.0,0.0,0.0,0.0,0.0,0.0,0.0,0.0,0.0,50.0,0.0,66.7
2026-08-02,Jeju,Incheon,3,3,2.8,2.9,2.4,2026,D,D,125,0.0,1.0,0.0,0.0,1.0,2.0,-1.0,1.0,1.0,0.0,0.0,1.0,-1.0,0.0,0.0,0.0,0.0,0.0,0.0,27.3,36.4,44.4,22.2
2026-08-02,Ulsan,Anyang,3,1,1.9,3.3,3.5,2026,H,D,126,0.0,1.0,1.0,0.0,1.0,3.0,-2.0,2.0,2.0,0.0,-1.0,1.0,-2.0,0.0,0.0,0.0,0.0,0.0,0.0,40.0,50.0,50.0,10.0
2026-08-01,Gangwon,Bucheon,0,3,1.48,3.5,6.5,2026,A,A,121,1.0,0.0,0.0,0.0,2.0,1.0,1.0,0.0,1.0,-1.0,2.0,0.0,2.0,1.0,0.0,1.0,0.0,0.0,0.0,44.4,11.1,30.0,30.0
2026-08-01,Jeonbuk,Seoul,0,0,2.5,2.95,2.6,2026,D,D,122,0.0,1.0,0.0,0.0,0.0,3.0,-3.0,0.0,1.0,-1.0,0.0,2.0,-2.0,0.0,1.0,-1.0,0.0,0.0,0.0,55.6,33.3,80.0,10.0
2026-08-01,Pohang,Sangmu,0,1,2.0,3.1,3.3,2026,A,D,123,0.0,0.0,1.0,0.0,0.0,1.0,-1.0,2.0,1.0,1.0,-2.0,0.0,-2.0,0.0,0.0,0.0,1.0,0.0,1.0,33.3,44.4,20.0,30.0
2026-07-26,Anyang,Gangwon,2,1,3.7,3.05,1.9,2026,H,H,117,0.0,0.0,0.0,0.0,1.0,1.0,0.0,1.0,1.0,0.0,0.0,0.0,0.0,0.0,0.0,0.0,0.0,0.0,0.0,11.1,33.3,40.0,20.0
2026-07-26,Gwangju FC,Jeju,1,2,3.7,3.05,1.95,2026,A,D,118,0.0,0.0,0.0,0.0,1.0,1.0,0.0,1.0,1.0,0.0,0.0,0.0,0.0,0.0,0.0,0.0,0.0,0.0,0.0,10.0,50.0,37.5,37.5
2026-07-26,Incheon,Bucheon,1,1,1.67,3.2,4.7,2026,D,A,119,1.0,0.0,0.0,0.0,1.0,1.0,0.0,0.0,1.0,-1.0,1.0,0.0,1.0,0.0,0.0,0.0,0.0,0.0,0.0,40.0,60.0,33.3,33.3
2026-07-26,Seoul,Ulsan,1,3,1.85,3.3,3.6,2026,A,A,120,1.0,0.0,0.0,0.0,3.0,2.0,1.0,1.0,2.0,-1.0,2.0,0.0,2.0,1.0,0.0,1.0,0.0,0.0,0.0,55.6,22.2,44.4,22.2
2026-07-25,Pohang,Jeonbuk,0,2,3.0,3.0,2.15,2026,A,A,115,1.0,0.0,0.0,1.0,1.0,0.0,1.0,0.0,1.0,-1.0,1.0,-1.0,2.0,0.0,0.0,0.0,0.0,0.0,0.0,37.5,37.5,30.0,20.0
2026-07-25,Sangmu,Daejeon,3,2,2.8,3.1,2.25,2026,H,H,116,0.0,0.0,0.0,0.0,1.0,0.0,1.0,1.0,0.0,1.0,0.0,0.0,0.0,0.0,0.0,0.0,0.0,0.0,0.0,0.0,33.3,44.4,22.2
2026-07-22,Bucheon,Anyang,2,3,2.75,2.85,2.45,2026,A,D,112,0.0,1.0,1.0,0.0,1.0,1.0,0.0,3.0,0.0,3.0,-2.0,1.0,-3.0,0.0,0.0,0.0,1.0,0.0,1.0,11.1,44.4,44.4,11.1
2026-07-22,Gwangju FC,Sangmu,1,1,4.1,3.3,1.77,2026,D,D,113,0.0,0.0,1.0,1.0,0.0,0.0,0.0,3.0,2.0,1.0,-3.0,-2.0,-1.0,0.0,0.0,0.0,1.0,1.0,0.0,11.1,55.6,22.2,33.3
2026-07-22,Seoul,Pohang,3,1,1.77,3.2,4.1,2026,H,H,114,0.0,0.0,0.0,1.0,0.0,1.0,-1.0,0.0,2.0,-2.0,0.0,-1.0,1.0,0.0,0.0,0.0,0.0,0.0,0.0,50.0,25.0,50.0,30.0
2026-07-21,Jeju,Gangwon,1,1,3.2,3.0,2.1,2026,D,D,109,1.0,0.0,0.0,0.0,2.0,0.0,2.0,1.0,0.0,1.0,1.0,0.0,1.0,0.0,0.0,0.0,0.0,0.0,0.0,30.0,40.0,44.4,22.2
2026-07-21,Jeonbuk,Daejeon,0,0,1.85,3.3,3.8,2026,D,D,110,0.0,0.0,1.0,0.0,1.0,0.0,1.0,2.0,0.0,2.0,-1.0,0.0,-1.0,0.0,0.0,0.0,0.0,0.0,0.0,62.5,37.5,50.0,25.0
2026-07-21,Ulsan,Incheon,1,2,2.15,3.05,3.05,2026,A,D,111,0.0,0.0,1.0,1.0,1.0,0.0,1.0,3.0,1.0,2.0,-2.0,-1.0,-1.0,0.0,0.0,0.0,1.0,0.0,1.0,44.4,44.4,37.5,25.0
2026-07-19,Anyang,Gwangju FC,1,1,1.58,3.4,5.2,2026,D,D,107,0.0,0.0,1.0,1.0,2.0,0.0,2.0,3.0,4.0,-1.0,-1.0,-4.0,3.0,0.0,0.0,0.0,0.0,1.0,-1.0,12.5,37.5,0.0,75.0
2026-07-19,Bucheon,Seoul,1,3,4.5,3.2,1.7,2026,A,A,108,1.0,1.0,0.0,0.0,2.0,2.0,0.0,0.0,1.0,-1.0,2.0,1.0,1.0,1.0,0.0,1.0,0.0,0.0,0.0,12.5,37.5,77.8,11.1
2026-07-18,Daejeon,Ulsan,2,2,2.25,3.1,2.8,2026,D,H,103,0.0,0.0,0.0,0.0,2.0,1.0,1.0,2.0,1.0,1.0,0.0,0.0,0.0,0.0,0.0,0.0,0.0,0.0,0.0,0.0,55.6,50.0,25.0
2026-07-18,Gangwon,Sangmu,2,0,1.82,3.2,3.8,2026,H,H,104,1.0,0.0,0.0,1.0,2.0,0.0,2.0,0.0,1.0,-1.0,2.0,-1.0,3.0,1.0,0.0,1.0,0.0,0.0,0.0,37.5,12.5,25.0,25.0
2026-07-18,Incheon,Jeonbuk,1,0,2.9,3.05,2.2,2026,H,H,105,0.0,1.0,1.0,0.0,0.0,3.0,-3.0,1.0,1.0,0.0,-1.0,2.0,-3.0,0.0,1.0,-1.0,0.0,0.0,0.0,33.3,66.7,33.3,11.1
2026-07-18,Jeju,Pohang,2,1,2.85,2.9,2.35,2026,H,A,106,0.0,1.0,0.0,0.0,0.0,3.0,-3.0,0.0,0.0,0.0,0.0,3.0,-3.0,0.0,1.0,-1.0,0.0,0.0,0.0,22.2,44.4,55.6,22.2
2026-07-12,Incheon,Anyang,0,1,1.97,3.2,3.3,2026,A,A,100,1.0,1.0,0.0,0.0,4.0,2.0,2.0,0.0,1.0,-1.0,4.0,1.0,3.0,1.0,0.0,1.0,0.0,0.0,0.0,37.5,62.5,37.5,12.5
2026-07-12,Jeju,Daejeon,0,0,2.6,3.1,2.4,2026,D,D,101,0.0,0.0,1.0,1.0,1.0,0.0,1.0,2.0,2.0,0.0,-1.0,-2.0,1.0,0.0,0.0,0.0,0.0,1.0,-1.0,25.0,50.0,57.1,28.6
2026-07-12,Seoul,Gangwon,0,0,2.35,2.85,2.9,2026,D,D,102,1.0,1.0,0.0,0.0,1.0,2.0,-1.0,0.0,1.0,-1.0,1.0,1.0,0.0,0.0,0.0,0.0,0.0,0.0,0.0,57.1,28.6,50.0,25.0
2026-07-11,Gwangju FC,Pohang,0,3,5.2,3.4,1.58,2026,A,A,97,0.0,1.0,0.0,0.0,1.0,3.0,-2.0,1.0,2.0,-1.0,0.0,1.0,-1.0,0.0,0.0,0.0,0.0,0.0,0.0,12.5,50.0,50.0,25.0
2026-07-11,Sangmu,Bucheon,1,1,1.97,3.1,3.4,2026,D,D,98,0.0,0.0,0.0,0.0,1.0,2.0,-1.0,1.0,2.0,-1.0,0.0,0.0,0.0,0.0,0.0,0.0,0.0,0.0,0.0,0.0,37.5,37.5,37.5
2026-07-11,Ulsan,Jeonbuk,1,3,2.55,3.1,2.4,2026,A,A,99,1.0,0.0,0.0,0.0,2.0,0.0,2.0,1.0,0.0,1.0,1.0,0.0,1.0,0.0,0.0,0.0,0.0,0.0,0.0,50.0,37.5,25.0,12.5
2026-07-05,Gwangju FC,Ulsan,1,1,6.0,3.7,1.45,2026,D,D,94,0.0,0.0,1.0,1.0,0.0,0.0,0.0,1.0,2.0,-1.0,-1.0,-2.0,1.0,0.0,0.0,0.0,0.0,1.0,-1.0,14.3,57.1,57.1,28.6
2026-07-05,Sangmu,Jeju,1,1,2.2,3.1,2.8,2026,D,D,95,0.0,0.0,1.0,1.0,0.0,1.0,-1.0,3.0,2.0,1.0,-3.0,-1.0,-2.0,0.0,0.0,0.0,1.0,0.0,1.0,0.0,42.9,42.9,42.9
2026-07-05,Seoul,Incheon,1,0,1.82,3.2,3.8,2026,H,D,96,0.0,1.0,0.0,0.0,0.0,3.0,-3.0,0.0,0.0,0.0,0.0,3.0,-3.0,0.0,1.0,-1.0,0.0,0.0,0.0,50.0,33.3,42.9,14.3
2026-07-04,Anyang,Pohang,2,3,2.75,2.85,2.4,2026,A,D,91,0.0,0.0,0.0,1.0,2.0,0.0,2.0,2.0,2.0,0.0,0.0,-2.0,2.0,0.0,0.0,0.0,0.0,1.0,-1.0,14.3,28.6,42.9,28.6
2026-07-04,Daejeon,Bucheon,2,2,1.7,3.2,4.4,2026,D,D,92,0.0,0.0,1.0,1.0,1.0,0.0,1.0,2.0,1.0,1.0,-1.0,-1.0,0.0,0.0,0.0,0.0,0.0,0.0,0.0,0.0,62.5,42.9,42.9
2026-07-04,Jeonbuk,Gangwon,1,2,2.1,2.95,3.1,2026,A,A,93,1.0,0.0,0.0,0.0,1.0,0.0,1.0,0.0,0.0,0.0,1.0,0.0,1.0,0.0,0.0,0.0,0.0,0.0,0.0,71.4,28.6,42.9,28.6
2026-05-17,Bucheon,Pohang,2,0,3.2,2.95,2.1,2026,H,D,87,0.0,1.0,0.0,0.0,0.0,1.0,-1.0,0.0,0.0,0.0,0.0,1.0,-1.0,0.0,0.0,0.0,0.0,0.0,0.0,0.0,42.9,50.0,16.7
2026-05-17,Gangwon,Ulsan,2,0,2.2,3.05,2.95,2026,H,H,88,1.0,1.0,0.0,0.0,2.0,2.0,0.0,0.0,1.0,-1.0,2.0,1.0,1.0,1.0,0.0,1.0,0.0,0.0,0.0,28.6,14.3,66.7,16.7
2026-05-17,Jeju,Anyang,1,2,2.3,3.0,2.75,2026,A,A,89,1.0,0.0,0.0,0.0,2.0,0.0,2.0,1.0,0.0,1.0,1.0,0.0,1.0,0.0,0.0,0.0,0.0,0.0,0.0,28.6,42.9,28.6,14.3
2026-05-17,Jeonbuk,Sangmu,1,0,1.67,3.4,4.3,2026,H,D,90,1.0,0.0,0.0,0.0,4.0,2.0,2.0,0.0,2.0,-2.0,4.0,0.0,4.0,1.0,0.0,1.0,0.0,0.0,0.0,66.7,33.3,28.6,14.3
2026-05-16,Daejeon,Seoul,1,2,2.65,2.95,2.45,2026,A,A,85,0.0,1.0,1.0,0.0,0.0,1.0,-1.0,2.0,0.0,2.0,-2.0,1.0,-3.0,0.0,0.0,0.0,1.0,0.0,1.0,0.0,57.1,75.0,12.5
2026-05-16,Incheon,Gwangju FC,4,0,1.48,3.6,6.5,2026,H,H,86,0.0,0.0,1.0,1.0,0.0,0.0,0.0,1.0,4.0,-3.0,-1.0,-4.0,3.0,0.0,0.0,0.0,0.0,1.0,-1.0,28.6,71.4,0.0,71.4
2026-05-13,Anyang,Sangmu,2,2,2.35,3.05,2.7,2026,D,H,82,0.0,1.0,0.0,0.0,1.0,3.0,-2.0,1.0,2.0,-1.0,0.0,1.0,-1.0,0.0,0.0,0.0,0.0,0.0,0.0,16.7,33.3,33.3,16.7
2026-05-13,Bucheon,Jeonbuk,0,0,4.2,3.2,1.77,2026,D,D,83,0.0,0.0,1.0,0.0,0.0,1.0,-1.0,1.0,1.0,0.0,-1.0,0.0,-1.0,0.0,0.0,0.0,0.0,0.0,0.0,0.0,50.0,28.6,14.3
2026-05-13,Ulsan,Jeju,2,1,1.85,3.3,3.7,2026,H,H,84,1.0,1.0,0.0,0.0,1.0,1.0,0.0,0.0,0.0,0.0,1.0,1.0,0.0,0.0,0.0,0.0,0.0,0.0,0.0,42.9,42.9,50.0,33.3
2026-05-12,Gangwon,Daejeon,2,0,2.05,3.0,3.3,2026,H,D,79,0.0,1.0,0.0,0.0,1.0,5.0,-4.0,1.0,0.0,1.0,0.0,5.0,-5.0,0.0,1.0,-1.0,0.0,0.0,0.0,16.7,16.7,66.7,16.7
2026-05-12,Gwangju FC,Seoul,0,1,7.0,4.1,1.35,2026,A,D,80,0.0,0.0,0.0,1.0,0.0,1.0,-1.0,0.0,2.0,-2.0,0.0,-1.0,1.0,0.0,0.0,0.0,0.0,0.0,0.0,16.7,50.0,71.4,14.3
2026-05-12,Incheon,Pohang,0,1,2.4,2.9,2.75,2026,A,A,81,0.0,1.0,1.0,0.0,0.0,2.0,-2.0,1.0,0.0,1.0,-1.0,2.0,-3.0,0.0,1.0,-1.0,0.0,0.0,0.0,33.3,66.7,40.0,20.0
2026-05-10,Anyang,Jeonbuk,1,1,3.2,3.1,2.05,2026,D,D,77,0.0,1.0,1.0,0.0,0.0,2.0,-2.0,1.0,0.0,1.0,-1.0,2.0,-3.0,0.0,1.0,-1.0,0.0,0.0,0.0,20.0,40.0,33.3,16.7
2026-05-10,Ulsan,Bucheon,1,0,1.65,3.4,4.5,2026,H,H,78,0.0,1.0,1.0,0.0,0.0,1.0,-1.0,1.0,0.0,1.0,-1.0,1.0,-2.0,0.0,0.0,0.0,0.0,0.0,0.0,33.3,50.0,50.0,33.3
2026-05-09,Daejeon,Pohang,0,2,2.15,3.05,3.05,2026,A,D,73,0.0,0.0,0.0,0.0,0.0,1.0,-1.0,0.0,1.0,-1.0,0.0,0.0,0.0,0.0,0.0,0.0,0.0,0.0,0.0,0.0,50.0,25.0,25.0
2026-05-09,Gwangju FC,Gangwon,0,0,8.5,4.0,1.35,2026,D,D,74,0.0,1.0,1.0,0.0,0.0,1.0,-1.0,5.0,0.0,5.0,-5.0,1.0,-6.0,0.0,0.0,0.0,1.0,0.0,1.0,20.0,60.0,50.0,33.3
2026-05-09,Jeju,Seoul,2,1,3.4,3.1,1.97,2026,H,H,75,0.0,1.0,1.0,0.0,0.0,2.0,-2.0,2.0,1.0,1.0,-2.0,1.0,-3.0,0.0,0.0,0.0,1.0,0.0,1.0,16.7,50.0,83.3,0.0
2026-05-09,Sangmu,Incheon,0,3,2.3,3.0,2.8,2026,A,A,76,0.0,0.0,1.0,0.0,1.0,0.0,1.0,2.0,0.0,2.0,-1.0,0.0,-1.0,0.0,0.0,0.0,0.0,0.0,0.0,0.0,33.3,33.3,16.7
2026-05-05,Bucheon,Jeju,0,1,2.4,3.0,2.7,2026,A,D,67,0.0,0.0,1.0,1.0,0.0,0.0,0.0,2.0,1.0,1.0,-2.0,-1.0,-1.0,0.0,0.0,0.0,1.0,0.0,1.0,0.0,40.0,40.0,40.0
2026-05-05,Daejeon,Incheon,0,0,2.1,3.1,3.1,2026,D,D,68,0.0,1.0,1.0,0.0,0.0,2.0,-2.0,1.0,1.0,0.0,-1.0,1.0,-2.0,0.0,0.0,0.0,0.0,0.0,0.0,0.0,60.0,40.0,20.0
2026-05-05,Gangwon,Pohang,1,1,2.05,2.9,3.4,2026,D,D,69,0.0,1.0,1.0,0.0,1.0,1.0,0.0,2.0,0.0,2.0,-1.0,1.0,-2.0,0.0,0.0,0.0,0.0,0.0,0.0,20.0,20.0,33.3,33.3
2026-05-05,Jeonbuk,Gwangju FC,4,0,1.3,4.5,8.5,2026,H,H,70,1.0,0.0,0.0,1.0,3.0,0.0,3.0,2.0,1.0,1.0,1.0,-1.0,2.0,0.0,0.0,0.0,0.0,0.0,0.0,60.0,40.0,0.0,66.7
2026-05-05,Sangmu,Ulsan,1,2,2.45,3.1,2.55,2026,A,A,71,0.0,0.0,1.0,0.0,0.0,1.0,-1.0,3.0,1.0,2.0,-3.0,0.0,-3.0,0.0,0.0,0.0,1.0,0.0,1.0,0.0,20.0,60.0,20.0
2026-05-05,Seoul,Anyang,0,0,1.67,3.3,4.4,2026,D,D,72,0.0,1.0,1.0,0.0,2.0,5.0,-3.0,3.0,2.0,1.0,-1.0,3.0,-4.0,0.0,1.0,-1.0,0.0,0.0,0.0,60.0,40.0,33.3,16.7
2026-05-02,Anyang,Bucheon,0,1,1.9,3.05,3.8,2026,A,D,61,0.0,0.0,0.0,1.0,1.0,0.0,1.0,1.0,3.0,-2.0,0.0,-3.0,3.0,0.0,0.0,0.0,0.0,1.0,-1.0,25.0,25.0,40.0,40.0
2026-05-02,Gwangju FC,Daejeon,0,5,4.2,3.3,1.72,2026,A,A,62,0.0,1.0,1.0,0.0,2.0,4.0,-2.0,5.0,1.0,4.0,-3.0,3.0,-6.0,0.0,1.0,-1.0,1.0,0.0,1.0,25.0,50.0,60.0,20.0
2026-05-02,Incheon,Gangwon,0,1,2.8,2.85,2.4,2026,A,A,63,1.0,1.0,0.0,0.0,1.0,3.0,-2.0,0.0,0.0,0.0,1.0,3.0,-2.0,0.0,1.0,-1.0,0.0,0.0,0.0,40.0,60.0,40.0,40.0
2026-05-02,Jeju,Jeonbuk,0,2,4.1,3.2,1.77,2026,A,A,64,0.0,0.0,0.0,0.0,1.0,1.0,0.0,1.0,1.0,0.0,0.0,0.0,0.0,0.0,0.0,0.0,0.0,0.0,0.0,20.0,40.0,20.0,20.0
2026-05-02,Seoul,Sangmu,2,3,1.7,3.3,4.2,2026,A,D,65,1.0,1.0,0.0,0.0,3.0,2.0,1.0,0.0,0.0,0.0,3.0,2.0,1.0,1.0,1.0,0.0,0.0,0.0,0.0,75.0,25.0,20.0,20.0
2026-05-02,Ulsan,Pohang,0,1,2.1,3.1,3.05,2026,A,D,66,0.0,0.0,1.0,1.0,1.0,2.0,-1.0,4.0,3.0,1.0,-3.0,-1.0,-2.0,0.0,0.0,0.0,1.0,0.0,1.0,40.0,40.0,0.0,50.0
2026-04-26,Gwangju FC,Anyang,2,5,3.4,2.95,2.05,2026,A,A,58,0.0,1.0,1.0,0.0,0.0,1.0,-1.0,1.0,0.0,1.0,-1.0,1.0,-2.0,0.0,0.0,0.0,0.0,0.0,0.0,33.3,33.3,20.0,20.0
2026-04-26,Jeonbuk,Pohang,3,2,2.0,3.05,3.3,2026,H,H,59,0.0,0.0,1.0,0.0,1.0,1.0,0.0,2.0,1.0,1.0,-1.0,0.0,-1.0,0.0,0.0,0.0,0.0,0.0,0.0,50.0,50.0,0.0,0.0
2026-04-26,Ulsan,Daejeon,1,4,2.0,3.3,3.1,2026,A,A,60,1.0,1.0,0.0,0.0,5.0,1.0,4.0,1.0,0.0,1.0,4.0,1.0,3.0,1.0,0.0,1.0,0.0,0.0,0.0,50.0,25.0,50.0,25.0
2026-04-25,Bucheon,Sangmu,0,2,2.95,3.05,2.2,2026,A,A,55,0.0,0.0,0.0,0.0,2.0,1.0,1.0,2.0,1.0,1.0,0.0,0.0,0.0,0.0,0.0,0.0,0.0,0.0,0.0,0.0,25.0,0.0,25.0
2026-04-25,Gangwon,Seoul,1,2,2.45,2.85,2.75,2026,A,A,56,0.0,1.0,0.0,0.0,1.0,4.0,-3.0,1.0,1.0,0.0,0.0,3.0,-3.0,0.0,1.0,-1.0,0.0,0.0,0.0,25.0,0.0,80.0,0.0
2026-04-25,Incheon,Jeju,1,0,1.9,3.3,3.4,2026,H,D,57,0.0,1.0,1.0,0.0,1.0,1.0,0.0,2.0,0.0,2.0,-1.0,1.0,-2.0,0.0,0.0,0.0,0.0,0.0,0.0,25.0,75.0,50.0,25.0
2026-04-22,Anyang,Ulsan,1,1,2.95,3.05,2.2,2026,D,H,52,0.0,1.0,0.0,0.0,1.0,2.0,-1.0,1.0,1.0,0.0,0.0,1.0,-1.0,0.0,0.0,0.0,0.0,0.0,0.0,33.3,33.3,75.0,25.0
2026-04-22,Daejeon,Jeju,0,1,1.7,3.3,4.4,2026,A,A,53,0.0,1.0,1.0,0.0,0.0,2.0,-2.0,2.0,0.0,2.0,-2.0,2.0,-4.0,0.0,1.0,-1.0,1.0,0.0,1.0,0.0,50.0,33.3,33.3
2026-04-22,Pohang,Gwangju FC,1,0,1.58,3.4,5.2,2026,H,H,54,0.0,0.0,1.0,1.0,0.0,1.0,-1.0,1.0,5.0,-4.0,-1.0,-4.0,3.0,0.0,0.0,0.0,0.0,1.0,-1.0,28.6,42.9,0.0,60.0
2026-04-21,Jeonbuk,Incheon,1,2,1.9,3.2,3.6,2026,A,D,49,1.0,0.0,0.0,0.0,2.0,2.0,0.0,0.0,2.0,-2.0,2.0,0.0,2.0,1.0,0.0,1.0,0.0,0.0,0.0,66.7,33.3,25.0,25.0
2026-04-21,Sangmu,Gangwon,0,3,2.75,3.05,2.3,2026,A,A,50,0.0,1.0,0.0,0.0,1.0,2.0,-1.0,1.0,0.0,1.0,0.0,2.0,-2.0,0.0,1.0,-1.0,0.0,0.0,0.0,0.0,0.0,25.0,50.0
2026-04-21,Seoul,Bucheon,3,0,1.65,3.4,4.5,2026,H,H,51,0.0,1.0,1.0,0.0,0.0,1.0,-1.0,1.0,0.0,1.0,-1.0,1.0,-2.0,0.0,0.0,0.0,0.0,0.0,0.0,66.7,33.3,50.0,25.0
2026-04-19,Pohang,Anyang,0,1,2.03,2.95,3.4,2026,A,D,47,0.0,0.0,1.0,0.0,0.0,1.0,-1.0,2.0,1.0,1.0,-2.0,0.0,-2.0,0.0,0.0,0.0,1.0,0.0,1.0,33.3,33.3,0.0,25.0
2026-04-19,Ulsan,Gwangju FC,5,1,1.48,3.7,5.5,2026,H,H,48,0.0,0.0,1.0,1.0,1.0,0.0,1.0,4.0,3.0,1.0,-3.0,-3.0,0.0,0.0,0.0,0.0,1.0,1.0,0.0,33.3,33.3,0.0,50.0
2026-04-18,Bucheon,Incheon,2,2,3.1,2.9,2.2,2026,D,A,43,0.0,1.0,0.0,0.0,0.0,1.0,-1.0,0.0,0.0,0.0,0.0,1.0,-1.0,0.0,0.0,0.0,0.0,0.0,0.0,0.0,33.3,33.3,33.3
2026-04-18,Gangwon,Jeonbuk,1,1,2.4,2.8,2.85,2026,D,A,44,1.0,0.0,0.0,1.0,3.0,0.0,3.0,0.0,1.0,-1.0,3.0,-1.0,4.0,1.0,0.0,1.0,0.0,0.0,0.0,33.3,0.0,25.0,25.0
2026-04-18,Jeju,Sangmu,1,1,2.75,3.0,2.35,2026,D,A,45,1.0,0.0,0.0,1.0,1.0,1.0,0.0,0.0,2.0,-2.0,1.0,-1.0,2.0,0.0,0.0,0.0,0.0,0.0,0.0,25.0,50.0,0.0,33.3
2026-04-18,Seoul,Daejeon,0,1,1.87,3.3,3.5,2026,A,A,46,1.0,0.0,0.0,1.0,1.0,0.0,1.0,0.0,1.0,-1.0,1.0,-1.0,2.0,0.0,0.0,0.0,0.0,0.0,0.0,100.0,0.0,33.3,33.3
2026-04-15,Ulsan,Seoul,1,4,2.6,3.05,2.4,2026,A,A,42,0.0,0.0,0.0,0.0,0.0,1.0,-1.0,0.0,1.0,-1.0,0.0,0.0,0.0,0.0,0.0,0.0,0.0,0.0,0.0,50.0,0.0,75.0,0.0
2026-04-12,Daejeon,Gangwon,0,2,2.35,3.0,2.75,2026,A,A,40,0.0,0.0,1.0,1.0,0.0,0.0,0.0,1.0,1.0,0.0,-1.0,-1.0,0.0,0.0,0.0,0.0,0.0,0.0,0.0,0.0,33.3,0.0,66.7
2026-04-12,Sangmu,Anyang,1,1,2.15,3.05,3.05,2026,D,D,41,0.0,0.0,0.0,1.0,1.0,1.0,0.0,1.0,2.0,-1.0,0.0,-1.0,1.0,0.0,0.0,0.0,0.0,0.0,0.0,0.0,0.0,0.0,33.3
2026-04-11,Gwangju FC,Bucheon,0,1,2.65,2.75,2.6,2026,A,D,36,0.0,0.0,0.0,1.0,0.0,0.0,0.0,0.0,1.0,-1.0,0.0,-1.0,1.0,0.0,0.0,0.0,0.0,0.0,0.0,50.0,0.0,33.3,33.3
2026-04-11,Incheon,Ulsan,1,2,2.45,2.95,2.65,2026,A,A,37,1.0,0.0,0.0,1.0,2.0,0.0,2.0,1.0,2.0,-1.0,1.0,-2.0,3.0,0.0,0.0,0.0,0.0,1.0,-1.0,33.3,66.7,66.7,33.3
2026-04-11,Pohang,Jeju,0,2,1.85,3.1,4.0,2026,A,A,38,1.0,0.0,0.0,0.0,1.0,1.0,0.0,0.0,1.0,-1.0,1.0,0.0,1.0,0.0,0.0,0.0,0.0,0.0,0.0,40.0,20.0,0.0,50.0
2026-04-11,Seoul,Jeonbuk,1,0,2.2,3.05,2.95,2026,H,D,39,1.0,1.0,0.0,0.0,5.0,1.0,4.0,0.0,0.0,0.0,5.0,1.0,4.0,1.0,0.0,1.0,0.0,0.0,0.0,100.0,0.0,33.3,0.0
2026-04-05,Anyang,Seoul,1,1,3.1,3.1,2.1,2026,D,A,34,0.0,1.0,1.0,0.0,0.0,1.0,-1.0,1.0,0.0,1.0,-1.0,1.0,-2.0,0.0,0.0,0.0,0.0,0.0,0.0,50.0,50.0,100.0,0.0
2026-04-05,Incheon,Sangmu,2,1,2.2,3.1,2.85,2026,H,H,35,0.0,0.0,1.0,0.0,1.0,0.0,1.0,3.0,0.0,3.0,-2.0,0.0,-2.0,0.0,0.0,0.0,1.0,0.0,1.0,0.0,100.0,0.0,0.0
2026-04-04,Gangwon,Gwangju FC,3,0,1.6,3.4,5.0,2026,H,H,30,0.0,0.0,0.0,1.0,1.0,0.0,1.0,1.0,5.0,-4.0,0.0,-5.0,5.0,0.0,0.0,0.0,0.0,1.0,-1.0,0.0,0.0,0.0,33.3
2026-04-04,Jeju,Bucheon,1,0,2.15,3.1,3.0,2026,H,H,31,0.0,0.0,1.0,0.0,0.0,0.0,0.0,2.0,0.0,2.0,-2.0,0.0,-2.0,0.0,0.0,0.0,1.0,0.0,1.0,0.0,66.7,50.0,0.0
2026-04-04,Jeonbuk,Ulsan,2,0,2.0,3.2,3.2,2026,H,H,32,1.0,1.0,0.0,0.0,2.0,2.0,0.0,1.0,0.0,1.0,1.0,2.0,-1.0,0.0,1.0,-1.0,0.0,0.0,0.0,50.0,50.0,100.0,0.0
2026-04-04,Pohang,Daejeon,1,0,2.7,3.05,2.35,2026,H,H,33,1.0,1.0,0.0,0.0,1.0,3.0,-2.0,0.0,1.0,-1.0,1.0,2.0,-1.0,0.0,1.0,-1.0,0.0,0.0,0.0,25.0,25.0,50.0,0.0
2026-03-28,Pohang,Gangwon,1,0,2.8,2.8,2.45,2026,H,D,29,0.0,0.0,0.0,0.0,0.0,0.0,0.0,0.0,0.0,0.0,0.0,0.0,0.0,0.0,0.0,0.0,0.0,0.0,0.0,0.0,33.3,0.0,50.0
2026-03-22,Anyang,Incheon,0,1,2.6,3.1,2.4,2026,A,D,24,1.0,0.0,0.0,0.0,2.0,1.0,1.0,1.0,1.0,0.0,1.0,0.0,1.0,0.0,0.0,0.0,0.0,0.0,0.0,100.0,0.0,0.0,50.0
2026-03-22,Gangwon,Jeju,1,1,1.8,3.2,4.1,2026,D,A,25,0.0,0.0,0.0,1.0,1.0,1.0,0.0,1.0,2.0,-1.0,0.0,-1.0,1.0,0.0,0.0,0.0,0.0,0.0,0.0,0.0,0.0,0.0,100.0
2026-03-22,Pohang,Bucheon,0,0,1.87,3.3,3.6,2026,D,D,26,0.0,1.0,1.0,0.0,0.0,3.0,-3.0,1.0,2.0,-1.0,-1.0,1.0,-2.0,0.0,0.0,0.0,0.0,0.0,0.0,0.0,50.0,100.0,0.0
2026-03-22,Seoul,Gwangju FC,5,0,1.58,3.5,5.0,2026,H,H,27,,0.0,,0.0,,1.0,,,1.0,,,0.0,,,0.0,,,0.0,,,,0.0,0.0
2026-03-22,Ulsan,Sangmu,0,0,2.05,3.1,3.2,2026,D,D,28,1.0,0.0,0.0,0.0,3.0,1.0,2.0,1.0,1.0,0.0,2.0,0.0,2.0,1.0,0.0,1.0,0.0,0.0,0.0,100.0,0.0,0.0,0.0
2026-03-21,Daejeon,Jeonbuk,0,1,2.6,3.2,2.35,2026,A,A,23,0.0,0.0,0.0,0.0,1.0,0.0,1.0,1.0,0.0,1.0,0.0,0.0,0.0,0.0,0.0,0.0,0.0,0.0,0.0,0.0,0.0,0.0,0.0
2026-03-18,Bucheon,Gangwon,0,0,3.05,3.1,2.1,2026,D,D,18,0.0,0.0,1.0,1.0,1.0,1.0,0.0,2.0,3.0,-1.0,-1.0,-2.0,1.0,0.0,0.0,0.0,0.0,1.0,-1.0,0.0,50.0,0.0,100.0
2026-03-18,Incheon,Daejeon,1,3,2.4,2.9,2.8,2026,A,D,19,0.0,0.0,1.0,0.0,1.0,1.0,0.0,2.0,1.0,1.0,-1.0,0.0,-1.0,0.0,0.0,0.0,0.0,0.0,0.0,0.0,100.0,0.0,0.0
2026-03-18,Jeju,Ulsan,0,2,2.8,2.9,2.35,2026,A,D,20,0.0,1.0,1.0,0.0,1.0,2.0,-1.0,2.0,1.0,1.0,-1.0,1.0,-2.0,0.0,0.0,0.0,0.0,0.0,0.0,0.0,50.0,100.0,0.0
2026-03-18,Jeonbuk,Anyang,2,1,1.85,3.2,3.7,2026,H,D,21,0.0,0.0,1.0,0.0,2.0,1.0,1.0,3.0,1.0,2.0,-1.0,0.0,-1.0,0.0,0.0,0.0,0.0,0.0,0.0,0.0,100.0,0.0,0.0
2026-03-18,Pohang,Seoul,0,1,2.8,3.0,2.3,2026,A,A,22,0.0,1.0,0.0,0.0,1.0,2.0,-1.0,1.0,1.0,0.0,0.0,1.0,-1.0,0.0,0.0,0.0,0.0,0.0,0.0,0.0,0.0,100.0,0.0
2026-03-17,Sangmu,Gwangju FC,1,1,1.82,3.1,4.0,2026,D,D,17,0.0,0.0,0.0,0.0,1.0,0.0,1.0,1.0,0.0,1.0,0.0,0.0,0.0,0.0,0.0,0.0,0.0,0.0,0.0,0.0,0.0,0.0,0.0
2026-03-15,Bucheon,Ulsan,1,2,3.5,3.3,1.9,2026,A,D,13,0.0,,0.0,,1.0,,,1.0,,,0.0,,,0.0,,,0.0,,,0.0,0.0,,
2026-03-15,Gangwon,Anyang,1,1,2.03,3.05,3.4,2026,D,D,14,,0.0,,0.0,,1.0,,,1.0,,,0.0,,,0.0,,,0.0,,,,0.0,0.0
2026-03-15,Jeju,Seoul,1,2,3.2,3.05,2.05,2026,A,D,15,0.0,1.0,0.0,0.0,0.0,2.0,-2.0,0.0,1.0,-1.0,0.0,1.0,-1.0,0.0,0.0,0.0,0.0,0.0,0.0,0.0,0.0,100.0,0.0
2026-03-15,Pohang,Incheon,1,1,2.1,3.2,3.0,2026,D,A,16,,0.0,,1.0,,2.0,,,3.0,,,-1.0,,,0.0,,,0.0,,,,0.0,100.0
2026-03-14,Daejeon,Sangmu,1,1,2.0,3.2,3.2,2026,D,A,11,0.0,,0.0,,1.0,,,1.0,,,0.0,,,0.0,,,0.0,,,0.0,0.0,,
2026-03-14,Gwangju FC,Jeonbuk,0,0,3.2,3.0,2.1,2026,D,D,12,1.0,0.0,0.0,0.0,3.0,1.0,2.0,2.0,1.0,1.0,1.0,0.0,1.0,0.0,0.0,0.0,0.0,0.0,0.0,100.0,0.0,0.0,0.0
2026-03-08,Anyang,Jeju,2,1,2.2,3.1,2.85,2026,H,D,9,,,,,,,,,,,,,,,,,,,,,,,
2026-03-08,Sangmu,Jeonbuk,1,1,2.65,3.2,2.3,2026,D,D,10,0.0,,0.0,,1.0,,,1.0,,,0.0,,,0.0,,,0.0,,,0.0,0.0,,
2026-03-07,Bucheon,Daejeon,1,1,3.2,3.2,2.0,2026,D,D,7,,,,,,,,,,,,,,,,,,,,,,,
2026-03-07,Gwangju FC,Incheon,3,2,2.4,2.8,2.85,2026,H,D,8,,,,,,,,,,,,,,,,,,,,,,,
2026-03-02,Daejeon,Anyang,1,1,1.77,3.4,3.8,2026,D,D,6,,,,,,,,,,,,,,,,,,,,,,,
2026-03-01,Jeju,Gwangju FC,0,0,2.35,3.0,2.75,2026,D,D,4,,,,,,,,,,,,,,,,,,,,,,,
2026-03-01,Jeonbuk,Bucheon,2,3,1.37,4.1,7.0,2026,A,D,5,,,,,,,,,,,,,,,,,,,,,,,
2026-02-28,Incheon,Seoul,1,2,3.1,3.2,2.05,2026,A,D,1,,,,,,,,,,,,,,,,,,,,,,,
2026-02-28,Sangmu,Pohang,1,1,2.55,3.05,2.5,2026,D,H,2,,,,,,,,,,,,,,,,,,,,,,,
2026-02-28,Ulsan,Gangwon,3,1,2.2,3.05,2.95,2026,H,H,3,,,,,,,,,,,,,,,,,,,,,,,
2025-11-30,Daegu,Anyang,2,2,2.35,3.05,2.7,2025,D,A,31,1.0,1.0,0.0,0.0,1.0,2.0,-1.0,0.0,1.0,-1.0,1.0,1.0,0.0,0.0,0.0,0.0,0.0,0.0,0.0,50.0,0.0,50.0,50.0
2025-11-30,Gangwon,Pohang,1,0,2.1,3.1,3.05,2025,H,D,32,0.0,1.0,0.0,0.0,0.0,1.0,-1.0,0.0,0.0,0.0,0.0,1.0,-1.0,0.0,0.0,0.0,0.0,0.0,0.0,0.0,0.0,66.7,33.3
2025-11-30,Jeonbuk,Seoul,2,1,2.35,3.2,2.6,2025,H,D,33,1.0,0.0,0.0,0.0,3.0,0.0,3.0,1.0,0.0,1.0,2.0,0.0,2.0,1.0,0.0,1.0,0.0,0.0,0.0,66.7,33.3,0.0,50.0
2025-11-30,Sangmu,Daejeon,0,3,2.5,3.2,2.45,2025,A,A,34,0.0,0.0,1.0,1.0,0.0,1.0,-1.0,1.0,3.0,-2.0,-1.0,-2.0,1.0,0.0,0.0,0.0,0.0,1.0,-1.0,0.0,100.0,0.0,100.0
2025-11-30,Suwon City,Gwangju FC,0,1,2.0,3.2,3.3,2025,A,D,35,0.0,0.0,0.0,1.0,1.0,0.0,1.0,1.0,1.0,0.0,0.0,-1.0,1.0,0.0,0.0,0.0,0.0,0.0,0.0,0.0,50.0,0.0,100.0
2025-11-30,Ulsan,Jeju,0,1,1.75,3.5,3.8,2025,A,D,36,1.0,0.0,0.0,1.0,1.0,0.0,1.0,0.0,2.0,-2.0,1.0,-2.0,3.0,0.0,0.0,0.0,0.0,1.0,-1.0,66.7,0.0,33.3,66.7
2025-11-23,Jeju,Daegu,1,1,2.2,3.3,2.7,2025,D,H,30,0.0,0.0,1.0,0.0,1.0,1.0,0.0,2.0,1.0,1.0,-1.0,0.0,-1.0,0.0,0.0,0.0,0.0,0.0,0.0,0.0,100.0,0.0,0.0
2025-11-22,Anyang,Suwon City,0,1,2.3,3.2,2.65,2025,A,A,25,1.0,0.0,0.0,1.0,3.0,0.0,3.0,1.0,1.0,0.0,2.0,-1.0,3.0,1.0,0.0,1.0,0.0,0.0,0.0,100.0,0.0,0.0,100.0
2025-11-22,Daejeon,Gangwon,1,1,2.05,3.1,3.2,2025,D,H,26,1.0,1.0,0.0,0.0,3.0,1.0,2.0,1.0,0.0,1.0,2.0,1.0,1.0,1.0,0.0,1.0,0.0,0.0,0.0,100.0,0.0,33.3,33.3
2025-11-22,Gwangju FC,Ulsan,2,0,2.5,3.05,2.55,2025,H,H,27,1.0,0.0,0.0,1.0,2.0,1.0,1.0,0.0,3.0,-3.0,2.0,-2.0,4.0,1.0,0.0,1.0,0.0,1.0,-1.0,100.0,0.0,0.0,100.0
2025-11-22,Pohang,Jeonbuk,0,0,2.35,3.1,2.65,2025,D,D,28,0.0,0.0,0.0,0.0,0.0,0.0,0.0,0.0,0.0,0.0,0.0,0.0,0.0,0.0,0.0,0.0,0.0,0.0,0.0,0.0,0.0,0.0,0.0
2025-11-22,Seoul,Sangmu,1,3,1.9,3.5,3.3,2025,A,D,29,1.0,1.0,0.0,0.0,4.0,3.0,1.0,2.0,2.0,0.0,2.0,1.0,1.0,1.0,0.0,1.0,0.0,0.0,0.0,50.0,50.0,50.0,50.0
2025-11-09,Pohang,Seoul,0,0,2.4,3.05,2.65,2025,D,D,23,,0.0,,1.0,,1.0,,,3.0,,,-2.0,,,0.0,,,1.0,,,,0.0,100.0
2025-11-09,Ulsan,Suwon City,1,0,2.0,3.5,3.1,2025,H,D,24,0.0,0.0,0.0,1.0,1.0,0.0,1.0,1.0,2.0,-1.0,0.0,-2.0,2.0,0.0,0.0,0.0,0.0,1.0,-1.0,50.0,0.0,0.0,100.0
2025-11-08,Daegu,Gwangju FC,1,0,2.5,3.2,2.45,2025,H,D,19,0.0,0.0,0.0,1.0,2.0,0.0,2.0,2.0,2.0,0.0,0.0,-2.0,2.0,0.0,0.0,0.0,0.0,1.0,-1.0,0.0,0.0,0.0,100.0
2025-11-08,Jeju,Anyang,1,2,2.35,3.1,2.65,2025,A,A,20,,0.0,,1.0,,0.0,,,1.0,,,-1.0,,,0.0,,,0.0,,,,0.0,100.0
2025-11-08,Jeonbuk,Daejeon,3,1,2.05,3.4,2.95,2025,H,D,21,0.0,,1.0,,2.0,,,3.0,,,-1.0,,,0.0,,,0.0,,,50.0,50.0,,
2025-11-08,Sangmu,Gangwon,0,1,2.15,3.2,2.9,2025,A,A,22,0.0,0.0,1.0,1.0,0.0,2.0,-2.0,1.0,4.0,-3.0,-1.0,-2.0,1.0,0.0,0.0,0.0,0.0,1.0,-1.0,0.0,100.0,0.0,50.0
2025-11-02,Gwangju FC,Jeju,2,0,1.97,3.05,3.4,2025,H,D,17,1.0,1.0,0.0,0.0,1.0,2.0,-1.0,0.0,1.0,-1.0,1.0,1.0,0.0,0.0,0.0,0.0,0.0,0.0,0.0,100.0,0.0,50.0,50.0
2025-11-02,Suwon City,Daegu,1,1,1.9,3.7,3.1,2025,D,D,18,0.0,0.0,1.0,0.0,1.0,1.0,0.0,2.0,1.0,1.0,-1.0,0.0,-1.0,0.0,0.0,0.0,0.0,0.0,0.0,0.0,100.0,0.0,0.0
2025-11-01,Anyang,Ulsan,3,1,2.9,3.2,2.15,2025,H,D,13,1.0,,0.0,,4.0,,,1.0,,,3.0,,,1.0,,,0.0,,,100.0,0.0,,
2025-11-01,Daejeon,Seoul,3,1,2.5,3.2,2.45,2025,H,D,14,1.0,,0.0,,2.0,,,0.0,,,2.0,,,1.0,,,0.0,,,100.0,0.0,,
2025-11-01,Gangwon,Jeonbuk,0,0,2.6,3.1,2.4,2025,D,D,15,,,,,,,,,,,,,,,,,,,,,,,
2025-11-01,Sangmu,Pohang,0,1,2.3,3.2,2.65,2025,A,D,16,,0.0,,1.0,,0.0,,,2.0,,,-2.0,,,0.0,,,1.0,,,,50.0,50.0
2025-10-26,Daejeon,Pohang,2,0,2.35,3.2,2.6,2025,H,H,10,1.0,1.0,0.0,0.0,3.0,2.0,1.0,1.0,1.0,0.0,2.0,1.0,1.0,1.0,0.0,1.0,0.0,0.0,0.0,100.0,0.0,100.0,0.0
2025-10-26,Seoul,Gangwon,4,2,2.0,3.1,3.4,2025,H,A,11,0.0,0.0,1.0,0.0,1.0,2.0,-1.0,2.0,2.0,0.0,-1.0,0.0,-1.0,0.0,0.0,0.0,0.0,0.0,0.0,0.0,100.0,0.0,0.0
2025-10-26,Ulsan,Daegu,1,1,1.67,3.7,3.9,2025,D,A,12,1.0,,0.0,,2.0,,,0.0,,,2.0,,,1.0,,,0.0,,,100.0,0.0,,
2025-10-25,Gwangju FC,Anyang,1,0,2.03,3.05,3.4,2025,H,H,7,,,,,,,,,,,,,,,,,,,,,,,
2025-10-25,Jeonbuk,Sangmu,2,3,2.15,3.3,2.8,2025,A,H,8,1.0,0.0,0.0,1.0,2.0,1.0,1.0,0.0,4.0,-4.0,2.0,-3.0,5.0,1.0,0.0,1.0,0.0,1.0,-1.0,100.0,0.0,0.0,100.0
2025-10-25,Suwon City,Jeju,1,2,1.82,3.7,3.4,2025,A,D,9,,0.0,,1.0,,1.0,,,3.0,,,-2.0,,,0.0,,,1.0,,,,0.0,100.0
2025-10-18,Anyang,Sangmu,4,1,2.95,3.4,2.05,2025,H,H,1,,,,,,,,,,,,,,,,,,,,,,,
2025-10-18,Daegu,Gangwon,2,2,2.85,3.2,2.15,2025,D,A,2,,,,,,,,,,,,,,,,,,,,,,,
2025-10-18,Daejeon,Jeju,3,1,1.8,3.5,3.6,2025,H,H,3,,,,,,,,,,,,,,,,,,,,,,,
2025-10-18,Jeonbuk,Suwon City,2,0,1.65,3.8,3.9,2025,H,H,4,,,,,,,,,,,,,,,,,,,,,,,
2025-10-18,Seoul,Pohang,1,2,2.05,3.2,3.1,2025,A,A,5,,,,,,,,,,,,,,,,,,,,,,,
2025-10-18,Ulsan,Gwangju FC,2,0,1.92,3.2,3.4,2025,H,H,6,,,,,,,,,,,,,,,,,,,,,,,
2021-12-12,Gangwon,Daejeon,4,1,2.42,3.01,2.97,2021,H,,231,1.0,1.0,0.0,0.0,2.0,3.0,-1.0,1.0,1.0,0.0,1.0,2.0,-1.0,0.0,1.0,-1.0,0.0,0.0,0.0,36.8,21.1,100.0,0.0
2021-12-08,Daejeon,Gangwon,1,0,2.43,3.04,2.93,2021,H,,230,0.0,0.0,0.0,0.0,0.0,0.0,0.0,0.0,0.0,0.0,0.0,0.0,0.0,0.0,0.0,0.0,0.0,0.0,0.0,0.0,0.0,15.8,57.9
2021-12-05,Jeonbuk,Jeju,2,0,2.33,3.23,3.03,2021,H,,227,1.0,0.0,0.0,1.0,3.0,1.0,2.0,2.0,3.0,-1.0,1.0,-2.0,3.0,0.0,0.0,0.0,0.0,1.0,-1.0,66.7,16.7,27.8,22.2
2021-12-05,Suwon City,Suwon Bluewings,2,0,2.79,3.16,2.53,2021,H,,228,1.0,0.0,0.0,1.0,3.0,1.0,2.0,2.0,2.0,0.0,1.0,-1.0,2.0,0.0,0.0,0.0,0.0,0.0,0.0,44.4,38.9,38.9,38.9
2021-12-05,Ulsan,Daegu,2,0,1.63,3.97,4.85,2021,H,,229,1.0,1.0,0.0,0.0,3.0,2.0,1.0,1.0,1.0,0.0,2.0,1.0,1.0,1.0,0.0,1.0,0.0,0.0,0.0,66.7,5.6,38.9,38.9
2021-12-04,Gangwon,Seongnam,2,1,2.19,3.09,3.42,2021,H,,224,0.0,0.0,0.0,1.0,1.0,0.0,1.0,1.0,3.0,-2.0,0.0,-3.0,3.0,0.0,0.0,0.0,0.0,1.0,-1.0,33.3,22.2,16.7,50.0
2021-12-04,Gwangju FC,Incheon,1,1,1.77,3.51,4.53,2021,D,,226,0.0,0.0,1.0,0.0,3.0,1.0,2.0,4.0,1.0,3.0,-1.0,0.0,-1.0,0.0,0.0,0.0,0.0,0.0,0.0,29.4,47.1,27.8,50.0
2021-12-04,Pohang,Seoul,1,2,2.34,3.18,3.03,2021,A,,225,0.0,1.0,1.0,0.0,1.0,4.0,-3.0,2.0,3.0,-1.0,-1.0,1.0,-2.0,0.0,0.0,0.0,0.0,0.0,0.0,31.6,42.1,33.3,38.9
2021-11-28,Daegu,Jeonbuk,0,2,3.82,3.68,1.86,2021,A,,222,1.0,0.0,0.0,1.0,2.0,2.0,0.0,1.0,3.0,-2.0,1.0,-1.0,2.0,0.0,0.0,0.0,0.0,0.0,0.0,44.4,22.2,44.4,16.7
2021-11-28,Incheon,Pohang,0,0,2.58,3.04,2.82,2021,D,,223,1.0,0.0,0.0,1.0,2.0,0.0,2.0,0.0,1.0,-1.0,2.0,-1.0,3.0,1.0,0.0,1.0,0.0,0.0,0.0,38.9,33.3,35.3,41.2
2021-11-28,Seoul,Gangwon,0,0,2.22,3.47,3.0,2021,D,,221,1.0,0.0,0.0,1.0,3.0,0.0,3.0,0.0,4.0,-4.0,3.0,-4.0,7.0,1.0,0.0,1.0,0.0,1.0,-1.0,27.8,44.4,16.7,61.1
2021-11-28,Suwon Bluewings,Ulsan,0,0,4.77,3.48,1.75,2021,D,,220,0.0,0.0,1.0,1.0,0.0,2.0,-2.0,4.0,3.0,1.0,-4.0,-1.0,-3.0,0.0,0.0,0.0,1.0,0.0,1.0,27.8,44.4,44.4,27.8
2021-11-27,Jeju,Suwon City,1,0,2.09,3.45,3.34,2021,H,,218,1.0,0.0,0.0,1.0,2.0,2.0,0.0,0.0,3.0,-3.0,2.0,-1.0,3.0,1.0,0.0,1.0,0.0,0.0,0.0,35.3,29.4,27.8,38.9
2021-11-27,Seongnam,Gwangju FC,1,0,2.5,2.95,3.0,2021,H,,219,0.0,1.0,0.0,0.0,1.0,2.0,-1.0,1.0,1.0,0.0,0.0,1.0,-1.0,0.0,0.0,0.0,0.0,0.0,0.0,38.9,33.3,27.8,61.1
2021-11-21,Daegu,Suwon Bluewings,2,1,2.26,3.14,3.21,2021,H,,216,0.0,0.0,1.0,1.0,0.0,0.0,0.0,5.0,2.0,3.0,-5.0,-2.0,-3.0,0.0,0.0,0.0,1.0,1.0,0.0,41.2,23.5,41.2,35.3
2021-11-21,Suwon City,Jeonbuk,3,2,3.65,3.58,1.93,2021,H,,217,0.0,1.0,1.0,0.0,1.0,4.0,-3.0,2.0,0.0,2.0,-1.0,4.0,-5.0,0.0,1.0,-1.0,0.0,0.0,0.0,41.2,41.2,47.1,11.8
2021-11-21,Ulsan,Jeju,3,1,1.86,3.67,3.83,2021,H,,215,1.0,1.0,0.0,0.0,3.0,5.0,-2.0,2.0,0.0,2.0,1.0,5.0,-4.0,0.0,1.0,-1.0,0.0,0.0,0.0,64.7,5.9,29.4,17.6
2021-11-07,Anyang,Daejeon,1,3,2.91,3.16,2.35,2021,A,,211,,,,,,,,,,,,,,,,,,,,,,,
2021-11-07,Gangwon,Incheon,1,1,1.87,3.34,4.18,2021,D,,212,0.0,0.0,1.0,0.0,1.0,1.0,0.0,4.0,1.0,3.0,-3.0,0.0,-3.0,0.0,0.0,0.0,1.0,0.0,1.0,35.3,23.5,29.4,52.9
2021-11-07,Pohang,Gwangju FC,1,2,1.99,3.39,3.64,2021,A,,213,1.0,1.0,0.0,0.0,4.0,3.0,1.0,0.0,1.0,-1.0,4.0,2.0,2.0,1.0,1.0,0.0,0.0,0.0,0.0,33.3,38.9,23.5,64.7
2021-11-07,Seoul,Seongnam,3,0,2.18,2.97,3.58,2021,H,,214,0.0,0.0,0.0,1.0,1.0,1.0,0.0,1.0,2.0,-1.0,0.0,-1.0,1.0,0.0,0.0,0.0,0.0,0.0,0.0,23.5,47.1,17.6,47.1
2021-11-06,Jeju,Suwon Bluewings,2,0,1.94,3.32,3.9,2021,H,,209,0.0,1.0,0.0,0.0,2.0,2.0,0.0,2.0,0.0,2.0,0.0,2.0,-2.0,0.0,1.0,-1.0,0.0,0.0,0.0,31.2,31.2,43.8,31.2
2021-11-06,Jeonbuk,Ulsan,3,2,2.25,3.32,3.04,2021,H,,208,1.0,0.0,0.0,1.0,2.0,1.0,1.0,0.0,2.0,-2.0,2.0,-1.0,3.0,1.0,0.0,1.0,0.0,0.0,0.0,64.7,17.6,47.1,23.5
2021-11-06,Suwon City,Daegu,1,2,2.44,3.39,2.72,2021,A,,210,0.0,0.0,1.0,0.0,1.0,1.0,0.0,3.0,1.0,2.0,-2.0,0.0,-2.0,0.0,0.0,0.0,1.0,0.0,1.0,43.8,37.5,35.3,41.2
2021-11-03,Daejeon,Jeonnam,0,0,2.36,3.01,3.04,2021,D,,205,,,,,,,,,,,,,,,,,,,,,,,
2021-11-03,Gwangju FC,Seoul,3,4,3.16,3.29,2.2,2021,A,,207,0.0,0.0,0.0,1.0,2.0,0.0,2.0,2.0,2.0,0.0,0.0,-2.0,2.0,0.0,0.0,0.0,0.0,1.0,-1.0,31.2,43.8,29.4,41.2
2021-11-03,Pohang,Gangwon,4,0,2.31,3.22,3.04,2021,H,,204,0.0,0.0,1.0,0.0,0.0,2.0,-2.0,1.0,2.0,-1.0,-1.0,0.0,-1.0,0.0,0.0,0.0,0.0,0.0,0.0,29.4,41.2,17.6,58.8
2021-11-03,Seongnam,Incheon,1,1,2.58,2.78,3.08,2021,D,,206,1.0,1.0,0.0,0.0,1.0,1.0,0.0,0.0,0.0,0.0,1.0,1.0,0.0,0.0,0.0,0.0,0.0,0.0,0.0,41.2,35.3,31.2,56.2
2021-10-31,Daegu,Jeju,0,5,2.33,3.27,2.95,2021,A,,202,0.0,0.0,1.0,0.0,0.0,2.0,-2.0,2.0,2.0,0.0,-2.0,0.0,-2.0,0.0,0.0,0.0,1.0,0.0,1.0,43.8,18.8,25.0,18.8
2021-10-31,Gwangju FC,Gangwon,2,2,2.84,3.08,2.5,2021,D,,201,0.0,1.0,1.0,0.0,2.0,1.0,1.0,3.0,0.0,3.0,-1.0,1.0,-2.0,0.0,0.0,0.0,0.0,0.0,0.0,33.3,46.7,18.8,62.5
2021-10-31,Ulsan,Suwon City,3,2,1.57,4.14,5.22,2021,H,,203,1.0,0.0,0.0,0.0,1.0,0.0,1.0,0.0,0.0,0.0,1.0,0.0,1.0,0.0,0.0,0.0,0.0,0.0,0.0,62.5,6.2,29.4,35.3
2021-10-30,Incheon,Seoul,2,0,3.69,3.18,2.04,2021,H,,198,0.0,1.0,1.0,0.0,0.0,4.0,-4.0,1.0,1.0,0.0,-1.0,3.0,-4.0,0.0,1.0,-1.0,0.0,0.0,0.0,35.3,35.3,31.2,37.5
2021-10-30,Seongnam,Pohang,1,0,2.97,2.85,2.57,2021,H,,199,1.0,1.0,0.0,0.0,2.0,3.0,-1.0,1.0,2.0,-1.0,1.0,1.0,0.0,0.0,0.0,0.0,0.0,0.0,0.0,37.5,37.5,37.5,37.5
2021-10-30,Suwon Bluewings,Jeonbuk,0,4,4.14,3.35,1.87,2021,A,,200,0.0,0.0,1.0,0.0,0.0,2.0,-2.0,2.0,2.0,0.0,-2.0,0.0,-2.0,0.0,0.0,0.0,1.0,0.0,1.0,29.4,41.2,43.8,12.5
2021-10-24,Daegu,Suwon Bluewings,0,2,2.36,3.13,3.03,2021,A,,197,0.0,1.0,0.0,0.0,0.0,1.0,-1.0,0.0,0.0,0.0,0.0,1.0,-1.0,0.0,0.0,0.0,0.0,0.0,0.0,46.7,13.3,40.0,33.3
2021-10-24,Gangwon,Seoul,1,4,2.59,3.15,2.71,2021,A,,194,1.0,1.0,0.0,0.0,2.0,2.0,0.0,1.0,0.0,1.0,1.0,2.0,-1.0,0.0,1.0,-1.0,0.0,0.0,0.0,37.5,18.8,26.7,40.0
2021-10-24,Jeju,Jeonbuk,2,2,2.95,3.24,2.35,2021,D,,193,1.0,1.0,0.0,0.0,2.0,1.0,1.0,1.0,0.0,1.0,1.0,1.0,0.0,0.0,0.0,0.0,0.0,0.0,0.0,33.3,33.3,46.7,13.3
2021-10-24,Pohang,Incheon,0,1,1.52,3.95,6.1,2021,A,,196,0.0,0.0,1.0,1.0,2.0,0.0,2.0,4.0,2.0,2.0,-2.0,-2.0,0.0,0.0,0.0,0.0,1.0,1.0,0.0,31.2,37.5,26.7,60.0
2021-10-24,Seongnam,Ulsan,2,1,4.83,3.26,1.79,2021,H,,195,1.0,1.0,0.0,0.0,2.0,3.0,-1.0,0.0,0.0,0.0,2.0,3.0,-1.0,1.0,1.0,0.0,0.0,0.0,0.0,33.3,40.0,50.0,18.8
2021-10-24,Suwon City,Gwangju FC,1,3,1.68,3.77,4.75,2021,A,,192,0.0,0.0,1.0,1.0,0.0,1.0,-1.0,3.0,2.0,1.0,-3.0,-1.0,-2.0,0.0,0.0,0.0,1.0,0.0,1.0,46.7,33.3,18.8,68.8
2021-10-17,Gangwon,Gwangju FC,2,1,2.11,3.31,3.39,2021,H,,191,0.0,0.0,0.0,1.0,2.0,0.0,2.0,2.0,1.0,1.0,0.0,-1.0,1.0,0.0,0.0,0.0,0.0,0.0,0.0,33.3,20.0,20.0,66.7
2021-10-10,Gangwon,Jeju,2,2,2.68,3.06,2.69,2021,D,,190,0.0,1.0,1.0,0.0,0.0,4.0,-4.0,1.0,2.0,-1.0,-1.0,2.0,-3.0,0.0,1.0,-1.0,0.0,0.0,0.0,35.7,21.4,26.7,20.0
2021-10-06,Incheon,Gangwon,0,1,3.58,3.21,2.08,2021,A,,189,0.0,0.0,1.0,1.0,0.0,0.0,0.0,1.0,2.0,-1.0,-1.0,-2.0,1.0,0.0,0.0,0.0,0.0,1.0,-1.0,37.5,31.2,13.3,66.7
2021-10-03,Gwangju FC,Pohang,2,3,3.14,3.15,2.29,2021,A,,188,0.0,0.0,1.0,1.0,1.0,0.0,1.0,2.0,1.0,1.0,-1.0,-1.0,0.0,0.0,0.0,0.0,0.0,0.0,0.0,35.7,42.9,33.3,40.0
2021-10-03,Jeju,Seongnam,2,1,2.06,2.99,3.98,2021,H,,187,0.0,0.0,1.0,1.0,0.0,1.0,-1.0,1.0,3.0,-2.0,-1.0,-2.0,1.0,0.0,0.0,0.0,0.0,1.0,-1.0,28.6,35.7,18.8,43.8
2021-10-03,Seoul,Daegu,1,1,2.51,3.11,2.84,2021,D,,186,0.0,1.0,0.0,0.0,0.0,1.0,-1.0,0.0,0.0,0.0,0.0,1.0,-1.0,0.0,0.0,0.0,0.0,0.0,0.0,25.0,50.0,37.5,43.8
2021-10-02,Gangwon,Jeonbuk,0,1,3.89,3.37,1.93,2021,A,,183,1.0,1.0,0.0,0.0,1.0,2.0,-1.0,0.0,1.0,-1.0,1.0,1.0,0.0,0.0,0.0,0.0,0.0,0.0,0.0,38.5,15.4,42.9,14.3
2021-10-02,Incheon,Suwon Bluewings,0,1,3.28,2.91,2.35,2021,A,,184,0.0,0.0,1.0,1.0,0.0,0.0,0.0,1.0,1.0,0.0,-1.0,-1.0,0.0,0.0,0.0,0.0,0.0,0.0,0.0,40.0,26.7,35.7,35.7
2021-10-02,Suwon City,Ulsan,0,3,3.31,3.31,2.14,2021,A,,185,1.0,1.0,0.0,0.0,3.0,2.0,1.0,1.0,1.0,0.0,2.0,1.0,1.0,1.0,0.0,1.0,0.0,0.0,0.0,50.0,28.6,46.7,20.0
2021-09-29,Gangwon,Pohang,1,0,3.1,3.16,2.31,2021,H,,182,1.0,1.0,0.0,0.0,2.0,1.0,1.0,0.0,0.0,0.0,2.0,1.0,1.0,1.0,0.0,1.0,0.0,0.0,0.0,33.3,16.7,35.7,35.7
2021-09-26,Seongnam,Gangwon,2,0,3.12,2.86,2.48,2021,H,,180,0.0,0.0,0.0,1.0,1.0,2.0,-1.0,1.0,3.0,-2.0,0.0,-1.0,1.0,0.0,0.0,0.0,0.0,0.0,0.0,28.6,42.9,14.3,64.3
2021-09-26,Suwon Bluewings,Seoul,0,2,2.55,2.92,2.96,2021,A,,181,1.0,0.0,0.0,0.0,3.0,1.0,2.0,2.0,1.0,1.0,1.0,0.0,1.0,0.0,0.0,0.0,0.0,0.0,0.0,31.2,37.5,21.4,42.9
2021-09-25,Daegu,Suwon City,0,0,2.14,3.36,3.25,2021,D,,179,1.0,0.0,0.0,1.0,2.0,1.0,1.0,1.0,2.0,-1.0,1.0,-1.0,2.0,0.0,0.0,0.0,0.0,0.0,0.0,50.0,14.3,31.2,37.5
2021-09-25,Jeonbuk,Incheon,2,0,1.46,4.19,6.86,2021,H,,177,1.0,0.0,0.0,0.0,1.0,0.0,1.0,0.0,0.0,0.0,1.0,0.0,1.0,0.0,0.0,0.0,0.0,0.0,0.0,62.5,18.8,28.6,57.1
2021-09-25,Pohang,Jeju,2,4,2.44,2.98,3.09,2021,A,,176,0.0,1.0,1.0,0.0,1.0,2.0,-1.0,2.0,1.0,1.0,-1.0,1.0,-2.0,0.0,0.0,0.0,0.0,0.0,0.0,33.3,33.3,21.4,21.4
2021-09-25,Ulsan,Gwangju FC,1,0,1.57,3.85,5.69,2021,H,,178,0.0,0.0,0.0,0.0,0.0,2.0,-2.0,0.0,2.0,-2.0,0.0,0.0,0.0,0.0,0.0,0.0,0.0,0.0,0.0,60.0,6.7,21.4,64.3
2021-09-22,Jeju,Daegu,0,1,2.53,3.1,2.82,2021,A,,174,1.0,1.0,0.0,0.0,1.0,2.0,-1.0,0.0,1.0,-1.0,1.0,1.0,0.0,0.0,0.0,0.0,0.0,0.0,0.0,30.8,30.8,33.3,46.7
2021-09-22,Seoul,Incheon,0,0,2.18,3.1,3.41,2021,D,,173,1.0,0.0,0.0,1.0,2.0,2.0,0.0,1.0,3.0,-2.0,1.0,-1.0,2.0,0.0,0.0,0.0,0.0,0.0,0.0,26.7,53.3,30.8,61.5
2021-09-22,Suwon City,Seongnam,3,1,2.12,3.18,3.47,2021,H,,175,1.0,1.0,0.0,0.0,1.0,1.0,0.0,0.0,0.0,0.0,1.0,1.0,0.0,0.0,0.0,0.0,0.0,0.0,0.0,46.2,30.8,20.0,40.0
2021-09-21,Gwangju FC,Jeonbuk,1,2,4.76,3.59,1.71,2021,A,,170,1.0,0.0,0.0,0.0,2.0,0.0,2.0,0.0,0.0,0.0,2.0,0.0,2.0,1.0,0.0,1.0,0.0,0.0,0.0,38.5,38.5,38.5,15.4
2021-09-21,Pohang,Ulsan,1,2,2.89,3.09,2.48,2021,A,,171,0.0,0.0,1.0,1.0,1.0,1.0,0.0,2.0,2.0,0.0,-1.0,-1.0,0.0,0.0,0.0,0.0,0.0,0.0,0.0,35.7,28.6,42.9,21.4
2021-09-21,Suwon Bluewings,Gangwon,3,2,2.52,2.87,3.05,2021,H,,172,0.0,0.0,0.0,1.0,2.0,0.0,2.0,2.0,1.0,1.0,0.0,-1.0,1.0,0.0,0.0,0.0,0.0,0.0,0.0,26.7,40.0,15.4,61.5
2021-09-19,Incheon,Seongnam,0,1,2.75,2.86,2.76,2021,A,,169,0.0,0.0,1.0,1.0,1.0,1.0,0.0,2.0,3.0,-1.0,-1.0,-2.0,1.0,0.0,0.0,0.0,0.0,1.0,-1.0,42.9,21.4,14.3,42.9
2021-09-19,Seoul,Suwon City,2,1,2.81,3.37,2.38,2021,H,,168,0.0,0.0,1.0,0.0,3.0,2.0,1.0,4.0,2.0,2.0,-1.0,0.0,-1.0,0.0,0.0,0.0,0.0,0.0,0.0,21.4,57.1,33.3,33.3
2021-09-18,Daegu,Ulsan,2,1,2.93,3.39,2.28,2021,H,,166,1.0,1.0,0.0,0.0,3.0,2.0,1.0,1.0,1.0,0.0,2.0,1.0,1.0,1.0,0.0,1.0,0.0,0.0,0.0,46.2,15.4,46.2,15.4
2021-09-18,Jeonbuk,Suwon Bluewings,1,0,1.78,3.46,4.48,2021,H,,167,0.0,0.0,1.0,0.0,0.0,0.0,0.0,1.0,0.0,1.0,-1.0,0.0,-1.0,0.0,0.0,0.0,0.0,0.0,0.0,60.0,20.0,38.5,30.8
2021-09-12,Seongnam,Seoul,1,1,2.81,2.77,2.8,2021,D,,164,0.0,0.0,0.0,1.0,0.0,0.0,0.0,0.0,1.0,-1.0,0.0,-1.0,1.0,0.0,0.0,0.0,0.0,0.0,0.0,30.8,46.2,23.1,46.2
2021-09-12,Suwon City,Gangwon,1,0,2.24,3.37,3.05,2021,H,,165,1.0,0.0,0.0,1.0,1.0,1.0,0.0,0.0,2.0,-2.0,1.0,-1.0,2.0,0.0,0.0,0.0,0.0,0.0,0.0,41.7,33.3,16.7,58.3
2021-09-11,Incheon,Jeju,1,2,3.74,3.05,2.09,2021,A,,162,1.0,0.0,0.0,1.0,2.0,0.0,2.0,0.0,1.0,-1.0,2.0,-1.0,3.0,1.0,0.0,1.0,0.0,0.0,0.0,46.2,15.4,15.4,23.1
2021-09-11,Suwon Bluewings,Gwangju FC,2,2,2.25,3.0,3.37,2021,D,,163,0.0,1.0,1.0,0.0,0.0,2.0,-2.0,3.0,1.0,2.0,-3.0,1.0,-4.0,0.0,0.0,0.0,1.0,0.0,1.0,28.6,42.9,23.1,69.2
2021-09-10,Pohang,Daegu,1,2,2.54,3.02,2.88,2021,A,,161,0.0,0.0,0.0,0.0,0.0,0.0,0.0,0.0,0.0,0.0,0.0,0.0,0.0,0.0,0.0,0.0,0.0,0.0,0.0,38.5,23.1,28.6,50.0
2021-09-10,Ulsan,Jeonbuk,0,0,2.23,3.31,3.1,2021,D,,160,1.0,1.0,0.0,0.0,3.0,4.0,-1.0,2.0,3.0,-1.0,1.0,1.0,0.0,0.0,0.0,0.0,0.0,0.0,0.0,64.3,7.1,41.7,16.7
2021-09-05,Seoul,Jeonbuk,3,4,4.75,3.67,1.7,2021,A,,159,0.0,0.0,1.0,0.0,1.0,0.0,1.0,2.0,0.0,2.0,-1.0,0.0,-1.0,0.0,0.0,0.0,0.0,0.0,0.0,23.1,53.8,36.4,18.2
2021-09-04,Seongnam,Daegu,0,0,3.37,3.02,2.24,2021,D,,158,0.0,0.0,0.0,1.0,0.0,0.0,0.0,0.0,2.0,-2.0,0.0,-2.0,2.0,0.0,0.0,0.0,0.0,1.0,-1.0,33.3,50.0,30.8,53.8
2021-09-01,Jeonbuk,Pohang,0,1,1.75,3.68,4.39,2021,A,,157,0.0,0.0,0.0,1.0,2.0,0.0,2.0,2.0,2.0,0.0,0.0,-2.0,2.0,0.0,0.0,0.0,0.0,1.0,-1.0,64.3,14.3,30.8,38.5
2021-08-29,Jeju,Seoul,1,0,2.13,3.19,3.47,2021,H,,156,0.0,0.0,0.0,1.0,2.0,2.0,0.0,2.0,3.0,-1.0,0.0,-1.0,1.0,0.0,0.0,0.0,0.0,0.0,0.0,25.0,33.3,25.0,41.7
2021-08-29,Ulsan,Incheon,3,2,1.53,4.04,5.87,2021,H,,155,1.0,0.0,0.0,1.0,3.0,0.0,3.0,1.0,1.0,0.0,2.0,-1.0,3.0,1.0,0.0,1.0,0.0,0.0,0.0,61.5,7.7,33.3,58.3
2021-08-28,Daegu,Seongnam,3,1,1.89,3.32,4.13,2021,H,,153,0.0,0.0,1.0,1.0,1.0,0.0,1.0,2.0,2.0,0.0,-1.0,-2.0,1.0,0.0,0.0,0.0,0.0,1.0,-1.0,41.7,16.7,15.4,38.5
2021-08-28,Jeonbuk,Suwon City,2,2,1.84,3.67,3.92,2021,D,,154,1.0,1.0,0.0,0.0,2.0,3.0,-1.0,0.0,0.0,0.0,2.0,3.0,-1.0,1.0,1.0,0.0,0.0,0.0,0.0,69.2,15.4,35.7,35.7
2021-08-28,Pohang,Suwon Bluewings,0,0,2.16,2.98,3.66,2021,D,,152,1.0,0.0,0.0,1.0,3.0,1.0,2.0,1.0,3.0,-2.0,2.0,-2.0,4.0,1.0,0.0,1.0,0.0,1.0,-1.0,41.7,25.0,41.7,33.3
2021-08-25,Incheon,Daegu,2,0,3.63,3.31,2.02,2021,H,,150,1.0,0.0,0.0,1.0,1.0,0.0,1.0,0.0,2.0,-2.0,1.0,-2.0,3.0,0.0,0.0,0.0,0.0,1.0,-1.0,41.7,16.7,33.3,50.0
2021-08-25,Jeonbuk,Pohang,2,0,1.8,3.49,4.4,2021,H,,148,1.0,0.0,0.0,0.0,3.0,2.0,1.0,2.0,2.0,0.0,1.0,0.0,1.0,0.0,0.0,0.0,0.0,0.0,0.0,66.7,16.7,33.3,33.3
2021-08-25,Seoul,Ulsan,1,2,4.63,3.52,1.75,2021,A,,149,0.0,0.0,0.0,0.0,2.0,2.0,0.0,2.0,2.0,0.0,0.0,0.0,0.0,0.0,0.0,0.0,0.0,0.0,0.0,25.0,50.0,41.7,16.7
2021-08-25,Suwon Bluewings,Suwon City,0,3,2.7,3.07,2.66,2021,A,,151,0.0,0.0,1.0,1.0,1.0,1.0,0.0,2.0,3.0,-1.0,-1.0,-2.0,1.0,0.0,0.0,0.0,0.0,1.0,-1.0,30.8,38.5,30.8,38.5
2021-08-24,Gwangju FC,Seongnam,2,0,2.93,2.86,2.61,2021,H,,147,1.0,0.0,0.0,1.0,1.0,0.0,1.0,0.0,1.0,-1.0,1.0,-1.0,2.0,0.0,0.0,0.0,0.0,0.0,0.0,33.3,41.7,16.7,33.3
2021-08-22,Seoul,Pohang,2,2,3.02,3.07,2.41,2021,D,,146,0.0,0.0,1.0,1.0,0.0,0.0,0.0,1.0,1.0,0.0,-1.0,-1.0,0.0,0.0,0.0,0.0,0.0,0.0,0.0,27.3,54.5,36.4,36.4
2021-08-22,Ulsan,Suwon Bluewings,3,1,1.79,3.42,4.54,2021,H,,145,1.0,0.0,0.0,1.0,2.0,0.0,2.0,1.0,3.0,-2.0,1.0,-3.0,4.0,0.0,0.0,0.0,0.0,1.0,-1.0,58.3,8.3,45.5,27.3
2021-08-21,Seongnam,Jeonbuk,0,0,5.08,3.52,1.7,2021,D,,144,1.0,0.0,0.0,1.0,1.0,0.0,1.0,0.0,1.0,-1.0,1.0,-1.0,2.0,0.0,0.0,0.0,0.0,0.0,0.0,36.4,54.5,40.0,20.0
2021-08-21,Suwon City,Jeju,1,0,2.41,3.11,2.97,2021,H,,143,1.0,1.0,0.0,0.0,1.0,1.0,0.0,0.0,0.0,0.0,1.0,1.0,0.0,0.0,0.0,0.0,0.0,0.0,0.0,36.4,36.4,16.7,16.7
2021-08-20,Daegu,Gwangju FC,1,2,1.67,3.65,4.97,2021,A,,142,0.0,0.0,0.0,1.0,1.0,0.0,1.0,1.0,3.0,-2.0,0.0,-3.0,3.0,0.0,0.0,0.0,0.0,1.0,-1.0,45.5,9.1,16.7,75.0
2021-08-18,Incheon,Seongnam,1,0,3.37,3.04,2.25,2021,H,,141,0.0,1.0,0.0,0.0,0.0,2.0,-2.0,0.0,1.0,-1.0,0.0,1.0,-1.0,0.0,0.0,0.0,0.0,0.0,0.0,36.4,18.2,18.2,27.3
2021-08-18,Seoul,Jeju,0,1,2.95,3.07,2.45,2021,A,,140,1.0,0.0,0.0,0.0,1.0,0.0,1.0,0.0,0.0,0.0,1.0,0.0,1.0,0.0,0.0,0.0,0.0,0.0,0.0,30.0,50.0,9.1,18.2
2021-08-15,Gwangju FC,Incheon,1,0,2.56,2.98,2.88,2021,H,,139,0.0,1.0,0.0,0.0,0.0,4.0,-4.0,0.0,1.0,-1.0,0.0,3.0,-3.0,0.0,1.0,-1.0,0.0,0.0,0.0,27.3,45.5,36.4,54.5
2021-08-15,Jeonbuk,Seoul,3,2,1.65,3.73,5.08,2021,H,,137,1.0,1.0,0.0,0.0,3.0,1.0,2.0,0.0,0.0,0.0,3.0,1.0,2.0,1.0,0.0,1.0,0.0,0.0,0.0,63.6,18.2,27.3,36.4
2021-08-15,Pohang,Suwon City,3,1,2.23,3.29,3.13,2021,H,,138,1.0,0.0,0.0,0.0,1.0,0.0,1.0,0.0,0.0,0.0,1.0,0.0,1.0,0.0,0.0,0.0,0.0,0.0,0.0,36.4,27.3,33.3,33.3
2021-08-14,Gangwon,Daegu,2,0,2.81,3.28,2.43,2021,H,,135,1.0,0.0,0.0,1.0,3.0,1.0,2.0,0.0,2.0,-2.0,3.0,-1.0,4.0,1.0,0.0,1.0,0.0,0.0,0.0,27.3,18.2,36.4,45.5
2021-08-14,Jeju,Ulsan,2,2,3.26,3.16,2.23,2021,D,,136,0.0,0.0,1.0,0.0,1.0,0.0,1.0,4.0,0.0,4.0,-3.0,0.0,-3.0,0.0,0.0,0.0,1.0,0.0,1.0,27.3,36.4,45.5,18.2
2021-08-14,Suwon Bluewings,Seongnam,1,2,2.26,2.87,3.58,2021,A,,134,0.0,0.0,0.0,1.0,0.0,0.0,0.0,0.0,1.0,-1.0,0.0,-1.0,1.0,0.0,0.0,0.0,0.0,0.0,0.0,33.3,33.3,10.0,30.0
2021-08-11,Jeonbuk,Gwangju FC,3,0,1.48,4.11,6.55,2021,H,,133,1.0,0.0,0.0,1.0,2.0,0.0,2.0,1.0,1.0,0.0,1.0,-1.0,2.0,0.0,0.0,0.0,0.0,0.0,0.0,60.0,20.0,18.2,72.7
2021-08-08,Incheon,Suwon City,0,0,3.33,3.49,2.08,2021,D,,131,0.0,1.0,0.0,0.0,1.0,5.0,-4.0,1.0,2.0,-1.0,0.0,3.0,-3.0,0.0,1.0,-1.0,0.0,0.0,0.0,40.0,20.0,36.4,36.4
2021-08-08,Seoul,Gwangju FC,1,0,2.09,3.13,3.68,2021,H,,132,0.0,0.0,0.0,1.0,0.0,0.0,0.0,0.0,1.0,-1.0,0.0,-1.0,1.0,0.0,0.0,0.0,0.0,0.0,0.0,22.2,55.6,20.0,70.0
2021-08-07,Jeonbuk,Daegu,2,1,2.2,3.3,3.2,2021,H,,127,0.0,0.0,1.0,1.0,2.0,1.0,1.0,4.0,2.0,2.0,-2.0,-1.0,-1.0,0.0,0.0,0.0,1.0,0.0,1.0,55.6,22.2,40.0,40.0
2021-08-07,Seongnam,Pohang,1,0,3.24,2.96,2.36,2021,H,,129,0.0,0.0,1.0,0.0,1.0,1.0,0.0,2.0,1.0,1.0,-1.0,0.0,-1.0,0.0,0.0,0.0,0.0,0.0,0.0,30.0,60.0,40.0,30.0
2021-08-07,Suwon Bluewings,Jeju,0,0,2.81,3.03,2.61,2021,D,,130,0.0,0.0,1.0,0.0,1.0,2.0,-1.0,2.0,2.0,0.0,-1.0,0.0,-1.0,0.0,0.0,0.0,0.0,0.0,0.0,36.4,36.4,10.0,20.0
2021-08-07,Ulsan,Gangwon,2,1,1.56,3.92,5.84,2021,H,,128,1.0,0.0,0.0,1.0,2.0,1.0,1.0,1.0,3.0,-2.0,1.0,-2.0,3.0,0.0,0.0,0.0,0.0,1.0,-1.0,54.5,9.1,18.2,54.5
2021-08-04,Pohang,Seongnam,1,0,2.25,2.96,3.46,2021,H,,124,0.0,0.0,1.0,0.0,0.0,0.0,0.0,1.0,0.0,1.0,-1.0,0.0,-1.0,0.0,0.0,0.0,0.0,0.0,0.0,30.0,30.0,11.1,22.2
2021-08-04,Suwon City,Jeonbuk,1,0,3.21,3.53,2.1,2021,H,,126,0.0,1.0,0.0,0.0,2.0,5.0,-3.0,2.0,1.0,1.0,0.0,4.0,-4.0,0.0,1.0,-1.0,0.0,0.0,0.0,30.0,40.0,44.4,11.1
2021-08-04,Ulsan,Daegu,2,1,2.09,3.2,3.56,2021,H,,125,0.0,0.0,1.0,0.0,2.0,1.0,1.0,5.0,1.0,4.0,-3.0,0.0,-3.0,0.0,0.0,0.0,1.0,0.0,1.0,50.0,10.0,44.4,33.3
2021-08-01,Daegu,Pohang,1,1,2.27,3.2,3.12,2021,D,,122,0.0,0.0,0.0,1.0,1.0,0.0,1.0,1.0,1.0,0.0,0.0,-1.0,1.0,0.0,0.0,0.0,0.0,0.0,0.0,50.0,10.0,44.4,33.3
2021-08-01,Gangwon,Suwon Bluewings,3,0,2.68,3.02,2.72,2021,H,,123,0.0,1.0,0.0,0.0,2.0,3.0,-1.0,2.0,0.0,2.0,0.0,3.0,-3.0,0.0,1.0,-1.0,0.0,0.0,0.0,20.0,20.0,50.0,20.0
2021-08-01,Gwangju FC,Seongnam,0,0,2.9,2.91,2.6,2021,D,,121,1.0,0.0,0.0,0.0,3.0,2.0,1.0,1.0,2.0,-1.0,2.0,0.0,2.0,1.0,0.0,1.0,0.0,0.0,0.0,30.0,50.0,12.5,25.0
2021-07-31,Jeju,Incheon,1,4,1.72,3.5,4.85,2021,A,,119,0.0,1.0,1.0,0.0,1.0,2.0,-1.0,2.0,1.0,1.0,-1.0,1.0,-2.0,0.0,0.0,0.0,0.0,0.0,0.0,30.0,30.0,30.0,60.0
2021-07-31,Seoul,Ulsan,0,0,4.04,3.51,1.86,2021,D,,120,0.0,1.0,1.0,0.0,0.0,2.0,-2.0,1.0,1.0,0.0,-1.0,1.0,-2.0,0.0,0.0,0.0,0.0,0.0,0.0,25.0,62.5,50.0,20.0
2021-07-25,Gangwon,Jeju,2,2,3.48,3.05,2.19,2021,D,,118,0.0,0.0,0.0,0.0,0.0,0.0,0.0,0.0,0.0,0.0,0.0,0.0,0.0,0.0,0.0,0.0,0.0,0.0,0.0,22.2,22.2,11.1,22.2
2021-07-25,Ulsan,Suwon City,2,5,1.61,3.95,5.12,2021,A,,117,0.0,1.0,0.0,0.0,2.0,2.0,0.0,2.0,1.0,1.0,0.0,1.0,-1.0,0.0,0.0,0.0,0.0,0.0,0.0,55.6,0.0,30.0,40.0
2021-07-24,Pohang,Seoul,0,1,1.86,3.49,4.09,2021,A,,116,1.0,0.0,0.0,0.0,1.0,1.0,0.0,0.0,1.0,-1.0,1.0,0.0,1.0,0.0,0.0,0.0,0.0,0.0,0.0,33.3,22.2,20.0,40.0
2021-07-23,Suwon Bluewings,Incheon,1,2,1.84,3.2,4.66,2021,A,,115,0.0,1.0,1.0,0.0,1.0,1.0,0.0,2.0,0.0,2.0,-1.0,1.0,-2.0,0.0,0.0,0.0,0.0,0.0,0.0,40.0,30.0,22.2,66.7
2021-07-21,Gwangju FC,Gangwon,3,1,2.91,3.04,2.5,2021,H,,114,0.0,1.0,0.0,0.0,1.0,2.0,-1.0,1.0,1.0,0.0,0.0,1.0,-1.0,0.0,0.0,0.0,0.0,0.0,0.0,22.2,55.6,20.0,50.0
2021-07-20,Suwon Bluewings,Suwon City,1,2,2.05,3.13,3.94,2021,A,,113,0.0,1.0,0.0,0.0,1.0,3.0,-2.0,1.0,2.0,-1.0,0.0,1.0,-1.0,0.0,0.0,0.0,0.0,0.0,0.0,44.4,22.2,22.2,44.4
2021-07-14,Seoul,Incheon,0,1,2.06,3.22,3.63,2021,A,,112,0.0,0.0,1.0,0.0,0.0,2.0,-2.0,3.0,2.0,1.0,-3.0,0.0,-3.0,0.0,0.0,0.0,1.0,0.0,1.0,28.6,57.1,12.5,75.0
2021-06-26,Seongnam,Gangwon,1,2,2.45,2.93,3.11,2021,A,,111,0.0,0.0,1.0,1.0,1.0,0.0,1.0,5.0,1.0,4.0,-4.0,-1.0,-3.0,0.0,0.0,0.0,1.0,0.0,1.0,33.3,55.6,11.1,55.6
2021-06-20,Ulsan,Seongnam,2,2,1.57,3.68,6.31,2021,D,,110,1.0,0.0,0.0,0.0,1.0,2.0,-1.0,0.0,2.0,-2.0,1.0,0.0,1.0,0.0,0.0,0.0,0.0,0.0,0.0,62.5,0.0,14.3,28.6
2021-06-19,Gwangju FC,Seoul,1,1,2.73,3.16,2.57,2021,D,,109,0.0,0.0,1.0,0.0,3.0,1.0,2.0,4.0,1.0,3.0,-1.0,0.0,-1.0,0.0,0.0,0.0,0.0,0.0,0.0,25.0,62.5,22.2,44.4
2021-06-06,Daegu,Seoul,1,1,1.69,3.6,4.95,2021,D,,107,1.0,0.0,0.0,0.0,1.0,0.0,1.0,0.0,0.0,0.0,1.0,0.0,1.0,0.0,0.0,0.0,0.0,0.0,0.0,55.6,11.1,25.0,50.0
2021-06-06,Seongnam,Jeonbuk,1,5,4.45,3.29,1.84,2021,A,,108,0.0,0.0,1.0,0.0,2.0,1.0,1.0,3.0,1.0,2.0,-1.0,0.0,-1.0,0.0,0.0,0.0,0.0,0.0,0.0,37.5,50.0,37.5,12.5
2021-05-30,Daegu,Gangwon,1,0,1.84,3.4,4.24,2021,H,,106,1.0,0.0,0.0,0.0,1.0,1.0,0.0,0.0,1.0,-1.0,1.0,0.0,1.0,0.0,0.0,0.0,0.0,0.0,0.0,50.0,12.5,12.5,50.0
2021-05-30,Pohang,Gwangju FC,1,0,1.65,3.7,5.12,2021,H,,105,0.0,0.0,0.0,1.0,1.0,1.0,0.0,1.0,2.0,-1.0,0.0,-1.0,1.0,0.0,0.0,0.0,0.0,0.0,0.0,25.0,25.0,22.2,66.7
2021-05-29,Incheon,Jeonbuk,1,1,4.87,3.64,1.69,2021,D,,103,1.0,0.0,0.0,1.0,2.0,0.0,2.0,1.0,1.0,0.0,1.0,-1.0,2.0,0.0,0.0,0.0,0.0,0.0,0.0,44.4,22.2,42.9,14.3
2021-05-29,Jeju,Ulsan,1,2,3.33,3.18,2.2,2021,A,,102,0.0,1.0,0.0,0.0,2.0,4.0,-2.0,2.0,2.0,0.0,0.0,2.0,-2.0,0.0,1.0,-1.0,0.0,0.0,0.0,33.3,22.2,44.4,22.2
2021-05-29,Seongnam,Suwon City,2,3,2.74,2.97,2.71,2021,A,,104,0.0,0.0,1.0,0.0,0.0,0.0,0.0,1.0,0.0,1.0,-1.0,0.0,-1.0,0.0,0.0,0.0,0.0,0.0,0.0,42.9,42.9,12.5,50.0
2021-05-29,Seoul,Suwon Bluewings,0,3,3.5,3.03,2.2,2021,A,,101,0.0,1.0,0.0,0.0,2.0,4.0,-2.0,2.0,3.0,-1.0,0.0,1.0,-1.0,0.0,0.0,0.0,0.0,0.0,0.0,33.3,50.0,44.4,22.2
2021-05-23,Daegu,Jeonbuk,1,0,2.61,3.14,2.69,2021,H,,98,1.0,0.0,0.0,0.0,3.0,1.0,2.0,0.0,1.0,-1.0,3.0,0.0,3.0,1.0,0.0,1.0,0.0,0.0,0.0,42.9,14.3,50.0,0.0
2021-05-23,Gangwon,Seoul,0,0,2.46,3.11,2.9,2021,D,,100,0.0,0.0,0.0,0.0,0.0,1.0,-1.0,0.0,1.0,-1.0,0.0,0.0,0.0,0.0,0.0,0.0,0.0,0.0,0.0,25.0,25.0,28.6,57.1
2021-05-23,Gwangju FC,Suwon Bluewings,3,4,3.66,2.95,2.18,2021,A,,99,0.0,0.0,0.0,0.0,0.0,1.0,-1.0,0.0,1.0,-1.0,0.0,0.0,0.0,0.0,0.0,0.0,0.0,0.0,0.0,28.6,57.1,37.5,25.0
2021-05-22,Jeju,Seongnam,2,2,2.2,2.92,3.65,2021,D,,96,0.0,0.0,1.0,0.0,1.0,2.0,-1.0,2.0,2.0,0.0,-1.0,0.0,-1.0,0.0,0.0,0.0,0.0,0.0,0.0,37.5,25.0,16.7,33.3
2021-05-22,Ulsan,Pohang,1,0,1.85,3.52,4.04,2021,H,,97,0.0,1.0,0.0,0.0,1.0,4.0,-3.0,1.0,3.0,-2.0,0.0,1.0,-1.0,0.0,0.0,0.0,0.0,0.0,0.0,57.1,0.0,50.0,25.0
2021-05-21,Suwon City,Incheon,2,2,1.98,3.37,3.68,2021,D,,95,0.0,0.0,1.0,1.0,3.0,0.0,3.0,4.0,3.0,1.0,-1.0,-3.0,2.0,0.0,0.0,0.0,0.0,1.0,-1.0,33.3,44.4,14.3,85.7
2021-05-19,Gwangju FC,Jeju,0,0,3.54,3.1,2.14,2021,D,,92,0.0,0.0,1.0,1.0,0.0,2.0,-2.0,1.0,3.0,-2.0,-1.0,-1.0,0.0,0.0,0.0,0.0,0.0,0.0,0.0,33.3,66.7,12.5,25.0
2021-05-19,Jeonbuk,Ulsan,2,4,2.62,3.02,2.77,2021,A,,93,0.0,0.0,1.0,0.0,1.0,2.0,-1.0,3.0,2.0,1.0,-2.0,0.0,-2.0,0.0,0.0,0.0,1.0,0.0,1.0,62.5,12.5,37.5,25.0
2021-05-19,Suwon Bluewings,Daegu,1,1,2.57,2.97,2.89,2021,D,,94,1.0,1.0,0.0,0.0,3.0,2.0,1.0,2.0,1.0,1.0,1.0,1.0,0.0,0.0,0.0,0.0,0.0,0.0,0.0,50.0,25.0,50.0,37.5
2021-05-18,Suwon City,Pohang,3,4,3.11,3.13,2.32,2021,A,,91,1.0,0.0,0.0,0.0,2.0,1.0,1.0,1.0,1.0,0.0,1.0,0.0,1.0,0.0,0.0,0.0,0.0,0.0,0.0,37.5,37.5,42.9,28.6
2021-05-16,Jeju,Daegu,1,2,2.65,3.06,2.72,2021,A,,89,0.0,1.0,1.0,0.0,1.0,4.0,-3.0,3.0,2.0,1.0,-2.0,2.0,-4.0,0.0,1.0,-1.0,1.0,0.0,1.0,42.9,14.3,42.9,42.9
2021-05-16,Ulsan,Suwon Bluewings,1,1,2.05,3.09,3.84,2021,D,,90,1.0,1.0,0.0,0.0,2.0,3.0,-1.0,0.0,1.0,-1.0,2.0,2.0,0.0,1.0,1.0,0.0,0.0,0.0,0.0,66.7,0.0,42.9,28.6
2021-05-15,Gangwon,Suwon City,0,0,2.41,3.2,2.91,2021,D,,87,0.0,1.0,0.0,0.0,2.0,3.0,-1.0,2.0,1.0,1.0,0.0,2.0,-2.0,0.0,1.0,-1.0,0.0,0.0,0.0,28.6,28.6,14.3,57.1
2021-05-15,Incheon,Gwangju FC,2,1,2.96,3.15,2.41,2021,H,,88,0.0,0.0,0.0,1.0,1.0,1.0,0.0,1.0,2.0,-1.0,0.0,-1.0,1.0,0.0,0.0,0.0,0.0,0.0,0.0,37.5,25.0,25.0,62.5
2021-05-12,Gangwon,Ulsan,2,2,4.1,3.54,1.83,2021,D,,85,0.0,0.0,0.0,0.0,1.0,0.0,1.0,1.0,0.0,1.0,0.0,0.0,0.0,0.0,0.0,0.0,0.0,0.0,0.0,33.3,33.3,42.9,28.6
2021-05-12,Suwon Bluewings,Jeju,3,2,2.55,2.9,2.96,2021,H,,86,0.0,0.0,0.0,0.0,1.0,1.0,0.0,1.0,1.0,0.0,0.0,0.0,0.0,0.0,0.0,0.0,0.0,0.0,0.0,42.9,28.6,14.3,14.3
2021-05-11,Incheon,Pohang,1,1,4.53,3.53,1.76,2021,D,,83,1.0,0.0,0.0,0.0,1.0,1.0,0.0,0.0,1.0,-1.0,1.0,0.0,1.0,0.0,0.0,0.0,0.0,0.0,0.0,42.9,28.6,50.0,33.3
2021-05-11,Suwon City,Gwangju FC,2,1,2.27,3.29,3.03,2021,H,,84,0.0,0.0,1.0,1.0,2.0,0.0,2.0,4.0,2.0,2.0,-2.0,-2.0,0.0,0.0,0.0,0.0,1.0,1.0,0.0,28.6,42.9,28.6,57.1
2021-05-09,Jeonbuk,Suwon Bluewings,1,3,2.02,3.03,4.04,2021,A,,82,0.0,1.0,0.0,0.0,1.0,1.0,0.0,1.0,0.0,1.0,0.0,1.0,-1.0,0.0,0.0,0.0,0.0,0.0,0.0,71.4,0.0,33.3,33.3
2021-05-08,Daegu,Incheon,3,0,1.66,3.63,5.18,2021,H,,81,1.0,1.0,0.0,0.0,1.0,3.0,-2.0,0.0,1.0,-1.0,1.0,2.0,-1.0,0.0,1.0,-1.0,0.0,0.0,0.0,33.3,16.7,16.7,83.3
2021-05-08,Jeju,Suwon City,1,3,1.8,3.35,4.63,2021,A,,79,1.0,0.0,0.0,1.0,2.0,0.0,2.0,1.0,1.0,0.0,1.0,-1.0,2.0,0.0,0.0,0.0,0.0,0.0,0.0,50.0,0.0,0.0,66.7
2021-05-08,Pohang,Gangwon,1,1,1.96,3.38,3.77,2021,D,,80,0.0,0.0,0.0,1.0,0.0,0.0,0.0,0.0,1.0,-1.0,0.0,-1.0,1.0,0.0,0.0,0.0,0.0,0.0,0.0,28.6,28.6,14.3,57.1
2021-05-02,Incheon,Gangwon,1,0,3.33,3.16,2.19,2021,H,,78,0.0,0.0,0.0,1.0,0.0,1.0,-1.0,0.0,2.0,-2.0,0.0,-1.0,1.0,0.0,0.0,0.0,0.0,0.0,0.0,33.3,33.3,16.7,50.0
2021-05-02,Jeonbuk,Jeju,1,1,2.03,3.18,3.77,2021,D,,77,1.0,0.0,0.0,0.0,1.0,0.0,1.0,0.0,0.0,0.0,1.0,0.0,1.0,0.0,0.0,0.0,0.0,0.0,0.0,83.3,0.0,16.7,16.7
2021-05-01,Suwon Bluewings,Pohang,1,1,2.81,2.98,2.62,2021,D,,75,1.0,1.0,0.0,0.0,3.0,1.0,2.0,0.0,0.0,0.0,3.0,1.0,2.0,1.0,0.0,1.0,0.0,0.0,0.0,50.0,33.3,60.0,40.0
2021-05-01,Suwon City,Daegu,2,4,2.72,3.07,2.64,2021,A,,76,0.0,1.0,0.0,0.0,1.0,1.0,0.0,1.0,0.0,1.0,0.0,1.0,-1.0,0.0,0.0,0.0,0.0,0.0,0.0,33.3,33.3,33.3,50.0
2021-05-01,Ulsan,Gwangju FC,2,0,1.56,3.85,5.69,2021,H,,74,0.0,1.0,0.0,0.0,0.0,1.0,-1.0,0.0,0.0,0.0,0.0,1.0,-1.0,0.0,0.0,0.0,0.0,0.0,0.0,60.0,0.0,33.3,50.0
2021-04-30,Seoul,Seongnam,2,2,2.71,2.85,2.83,2021,D,,73,0.0,0.0,1.0,1.0,0.0,0.0,0.0,1.0,1.0,0.0,-1.0,-1.0,0.0,0.0,0.0,0.0,0.0,0.0,0.0,40.0,60.0,20.0,40.0
2021-04-25,Incheon,Ulsan,0,0,5.98,3.84,1.55,2021,D,,70,0.0,0.0,1.0,1.0,0.0,0.0,0.0,3.0,3.0,0.0,-3.0,-3.0,0.0,0.0,0.0,0.0,1.0,1.0,0.0,40.0,40.0,50.0,33.3
2021-04-25,Seongnam,Suwon Bluewings,0,1,3.14,2.72,2.59,2021,A,,71,0.0,0.0,1.0,1.0,1.0,0.0,1.0,3.0,1.0,2.0,-2.0,-1.0,-1.0,0.0,0.0,0.0,1.0,0.0,1.0,50.0,33.3,20.0,40.0
2021-04-25,Suwon City,Seoul,1,1,2.29,3.18,3.1,2021,D,,72,1.0,0.0,0.0,1.0,2.0,1.0,1.0,1.0,2.0,-1.0,1.0,-1.0,2.0,0.0,0.0,0.0,0.0,0.0,0.0,40.0,40.0,33.3,66.7
2021-04-24,Gangwon,Jeonbuk,1,1,4.4,3.48,1.8,2021,D,,67,0.0,0.0,1.0,0.0,0.0,0.0,0.0,1.0,0.0,1.0,-1.0,0.0,-1.0,0.0,0.0,0.0,0.0,0.0,0.0,40.0,40.0,60.0,0.0
2021-04-24,Gwangju FC,Daegu,0,1,3.0,3.05,2.43,2021,A,,69,0.0,1.0,1.0,0.0,0.0,1.0,-1.0,1.0,0.0,1.0,-1.0,1.0,-2.0,0.0,0.0,0.0,0.0,0.0,0.0,40.0,60.0,20.0,60.0
2021-04-24,Pohang,Jeju,0,0,2.76,3.03,2.63,2021,D,,68,1.0,1.0,0.0,0.0,1.0,3.0,-2.0,0.0,0.0,0.0,1.0,3.0,-2.0,0.0,1.0,-1.0,0.0,0.0,0.0,33.3,33.3,20.0,20.0
2021-04-21,Daegu,Suwon Bluewings,1,0,2.66,3.0,2.76,2021,H,,63,0.0,0.0,0.0,1.0,0.0,1.0,-1.0,0.0,2.0,-2.0,0.0,-1.0,1.0,0.0,0.0,0.0,0.0,0.0,0.0,20.0,20.0,25.0,25.0
2021-04-21,Jeju,Seoul,2,1,1.46,4.08,7.11,2021,H,,65,1.0,0.0,0.0,1.0,2.0,2.0,0.0,1.0,3.0,-2.0,1.0,-1.0,2.0,0.0,0.0,0.0,0.0,0.0,0.0,40.0,0.0,40.0,60.0
2021-04-21,Seongnam,Incheon,1,3,1.91,3.11,4.42,2021,A,,64,1.0,0.0,0.0,1.0,2.0,0.0,2.0,0.0,5.0,-5.0,2.0,-5.0,7.0,1.0,0.0,1.0,0.0,1.0,-1.0,60.0,20.0,0.0,100.0
2021-04-21,Ulsan,Jeonbuk,0,0,2.76,3.17,2.53,2021,D,,66,1.0,1.0,0.0,0.0,3.0,3.0,0.0,2.0,1.0,1.0,1.0,2.0,-1.0,0.0,1.0,-1.0,0.0,0.0,0.0,75.0,0.0,75.0,0.0
2021-04-20,Gangwon,Gwangju FC,0,1,2.15,3.17,3.44,2021,A,,62,1.0,0.0,0.0,1.0,3.0,0.0,3.0,0.0,2.0,-2.0,3.0,-2.0,5.0,1.0,0.0,1.0,0.0,1.0,-1.0,50.0,25.0,20.0,60.0
2021-04-20,Pohang,Suwon City,1,0,1.83,3.58,3.95,2021,H,,61,0.0,0.0,1.0,1.0,1.0,0.0,1.0,3.0,2.0,1.0,-2.0,-2.0,0.0,0.0,0.0,0.0,1.0,1.0,0.0,20.0,40.0,0.0,60.0
2021-04-18,Jeonbuk,Seongnam,1,0,1.81,3.26,4.63,2021,H,,59,1.0,0.0,0.0,0.0,5.0,0.0,5.0,0.0,0.0,0.0,5.0,0.0,5.0,1.0,0.0,1.0,0.0,0.0,0.0,80.0,0.0,25.0,25.0
2021-04-18,Suwon Bluewings,Ulsan,3,0,3.61,3.11,2.1,2021,H,,60,0.0,1.0,1.0,0.0,1.0,1.0,0.0,3.0,0.0,3.0,-2.0,1.0,-3.0,0.0,0.0,0.0,1.0,0.0,1.0,40.0,40.0,60.0,20.0
2021-04-17,Gwangju FC,Pohang,0,1,3.52,3.29,2.04,2021,A,,57,1.0,1.0,0.0,0.0,2.0,2.0,0.0,0.0,1.0,-1.0,2.0,1.0,1.0,1.0,0.0,1.0,0.0,0.0,0.0,50.0,50.0,50.0,50.0
2021-04-17,Incheon,Jeju,0,3,3.85,3.24,1.97,2021,A,,55,0.0,0.0,0.0,1.0,0.0,1.0,-1.0,0.0,2.0,-2.0,0.0,-1.0,1.0,0.0,0.0,0.0,0.0,0.0,0.0,50.0,25.0,0.0,25.0
2021-04-17,Seoul,Daegu,0,1,3.12,3.18,2.28,2021,A,,58,0.0,0.0,1.0,1.0,1.0,0.0,1.0,2.0,3.0,-1.0,-1.0,-3.0,2.0,0.0,0.0,0.0,0.0,1.0,-1.0,50.0,50.0,0.0,75.0
2021-04-17,Suwon City,Gangwon,2,1,2.83,3.08,2.49,2021,H,,56,0.0,0.0,1.0,0.0,0.0,1.0,-1.0,1.0,1.0,0.0,-1.0,0.0,-1.0,0.0,0.0,0.0,0.0,0.0,0.0,25.0,50.0,20.0,40.0
2021-04-11,Jeju,Suwon Bluewings,2,1,2.36,2.88,3.3,2021,H,,52,0.0,0.0,0.0,0.0,1.0,0.0,1.0,1.0,0.0,1.0,0.0,0.0,0.0,0.0,0.0,0.0,0.0,0.0,0.0,25.0,0.0,33.3,0.0
2021-04-11,Jeonbuk,Incheon,5,0,1.44,4.34,6.81,2021,H,,54,0.0,0.0,0.0,1.0,1.0,1.0,0.0,1.0,2.0,-1.0,0.0,-1.0,1.0,0.0,0.0,0.0,0.0,0.0,0.0,75.0,0.0,0.0,100.0
2021-04-11,Suwon City,Ulsan,0,1,4.04,3.45,1.86,2021,A,,53,1.0,1.0,0.0,0.0,2.0,1.0,1.0,1.0,0.0,1.0,1.0,1.0,0.0,0.0,0.0,0.0,0.0,0.0,0.0,33.3,33.3,50.0,25.0
2021-04-10,Gangwon,Daegu,3,0,2.46,3.04,2.94,2021,H,,51,1.0,0.0,0.0,0.0,2.0,0.0,2.0,0.0,0.0,0.0,2.0,0.0,2.0,1.0,0.0,1.0,0.0,0.0,0.0,33.3,33.3,0.0,66.7
2021-04-10,Seongnam,Gwangju FC,2,0,2.21,3.01,3.46,2021,H,,50,0.0,0.0,1.0,0.0,0.0,1.0,-1.0,1.0,1.0,0.0,-1.0,0.0,-1.0,0.0,0.0,0.0,0.0,0.0,0.0,50.0,25.0,25.0,50.0
2021-04-10,Seoul,Pohang,1,2,3.16,3.27,2.22,2021,A,,49,0.0,0.0,1.0,1.0,0.0,1.0,-1.0,1.0,2.0,-1.0,-1.0,-1.0,0.0,0.0,0.0,0.0,0.0,0.0,0.0,66.7,33.3,33.3,66.7
2021-04-07,Gwangju FC,Suwon City,2,0,2.77,3.14,2.51,2021,H,,45,1.0,0.0,0.0,0.0,2.0,1.0,1.0,1.0,1.0,0.0,1.0,0.0,1.0,0.0,0.0,0.0,0.0,0.0,0.0,33.3,66.7,0.0,50.0
2021-04-07,Incheon,Suwon Bluewings,0,0,3.85,2.94,2.11,2021,D,,46,1.0,1.0,0.0,0.0,4.0,3.0,1.0,1.0,0.0,1.0,3.0,3.0,0.0,1.0,1.0,0.0,0.0,0.0,0.0,66.7,33.3,50.0,0.0
2021-04-07,Jeju,Gangwon,1,1,2.16,3.12,3.42,2021,D,,47,0.0,1.0,0.0,0.0,1.0,1.0,0.0,1.0,0.0,1.0,0.0,1.0,-1.0,0.0,0.0,0.0,0.0,0.0,0.0,33.3,0.0,25.0,50.0
2021-04-07,Ulsan,Seoul,3,2,1.67,3.55,5.05,2021,H,,48,0.0,1.0,0.0,0.0,0.0,2.0,-2.0,0.0,1.0,-1.0,0.0,1.0,-1.0,0.0,0.0,0.0,0.0,0.0,0.0,66.7,0.0,50.0,50.0
2021-04-06,Daegu,Seongnam,0,0,2.06,3.03,3.85,2021,D,,44,1.0,0.0,0.0,0.0,2.0,0.0,2.0,1.0,0.0,1.0,1.0,0.0,1.0,0.0,0.0,0.0,0.0,0.0,0.0,25.0,25.0,33.3,33.3
2021-04-06,Pohang,Jeonbuk,1,3,2.64,3.18,2.61,2021,A,,43,0.0,1.0,0.0,0.0,0.0,3.0,-3.0,0.0,1.0,-1.0,0.0,2.0,-2.0,0.0,1.0,-1.0,0.0,0.0,0.0,25.0,25.0,66.7,0.0
2021-04-04,Gwangju FC,Incheon,2,1,2.39,3.11,2.98,2021,H,,42,0.0,0.0,1.0,1.0,0.0,0.0,0.0,2.0,2.0,0.0,-2.0,-2.0,0.0,0.0,0.0,0.0,1.0,1.0,0.0,0.0,100.0,0.0,100.0
2021-04-04,Suwon City,Jeju,2,1,3.14,3.02,2.34,2021,H,,41,0.0,0.0,1.0,0.0,1.0,0.0,1.0,2.0,0.0,2.0,-1.0,0.0,-1.0,0.0,0.0,0.0,0.0,0.0,0.0,0.0,50.0,0.0,0.0
2021-04-03,Seongnam,Ulsan,0,1,3.91,3.01,2.06,2021,A,,38,1.0,0.0,0.0,1.0,2.0,1.0,1.0,1.0,2.0,-1.0,1.0,-1.0,2.0,0.0,0.0,0.0,0.0,0.0,0.0,66.7,0.0,33.3,33.3
2021-04-03,Seoul,Gangwon,0,1,2.25,3.24,3.11,2021,A,,39,1.0,0.0,0.0,0.0,2.0,1.0,1.0,1.0,1.0,0.0,1.0,0.0,1.0,0.0,0.0,0.0,0.0,0.0,0.0,100.0,0.0,0.0,66.7
2021-04-03,Suwon Bluewings,Jeonbuk,1,3,3.1,2.97,2.41,2021,A,,40,0.0,1.0,1.0,0.0,1.0,2.0,-1.0,2.0,0.0,2.0,-1.0,2.0,-3.0,0.0,1.0,-1.0,0.0,0.0,0.0,50.0,25.0,50.0,0.0
2021-04-02,Pohang,Daegu,0,0,2.13,3.31,3.3,2021,D,,37,0.0,0.0,1.0,1.0,0.0,2.0,-2.0,3.0,3.0,0.0,-3.0,-1.0,-2.0,0.0,0.0,0.0,1.0,0.0,1.0,33.3,33.3,0.0,100.0
2021-03-21,Daegu,Ulsan,2,1,4.29,3.54,1.79,2021,H,,33,0.0,0.0,0.0,0.0,1.0,1.0,0.0,1.0,1.0,0.0,0.0,0.0,0.0,0.0,0.0,0.0,0.0,0.0,0.0,0.0,33.3,50.0,0.0
2021-03-21,Gangwon,Incheon,2,0,2.04,3.21,3.65,2021,H,,35,0.0,0.0,0.0,1.0,0.0,1.0,-1.0,0.0,3.0,-3.0,0.0,-2.0,2.0,0.0,0.0,0.0,0.0,1.0,-1.0,0.0,50.0,0.0,100.0
2021-03-21,Seongnam,Pohang,2,1,3.65,3.21,2.04,2021,H,,36,1.0,0.0,0.0,1.0,1.0,0.0,1.0,0.0,1.0,-1.0,1.0,-1.0,2.0,0.0,0.0,0.0,0.0,0.0,0.0,50.0,0.0,50.0,50.0
2021-03-21,Suwon Bluewings,Seoul,1,2,2.29,3.0,3.29,2021,A,,34,0.0,1.0,0.0,0.0,1.0,1.0,0.0,1.0,0.0,1.0,0.0,1.0,-1.0,0.0,0.0,0.0,0.0,0.0,0.0,66.7,0.0,33.3,66.7
2021-03-20,Jeju,Gwangju FC,1,1,1.79,3.49,4.35,2021,D,,32,1.0,0.0,0.0,1.0,1.0,1.0,0.0,0.0,2.0,-2.0,1.0,-1.0,2.0,0.0,0.0,0.0,0.0,0.0,0.0,50.0,0.0,33.3,66.7
2021-03-20,Jeonbuk,Suwon City,1,1,1.38,4.7,7.32,2021,D,,31,1.0,0.0,0.0,1.0,3.0,1.0,2.0,2.0,4.0,-2.0,1.0,-3.0,4.0,0.0,0.0,0.0,0.0,1.0,-1.0,100.0,0.0,0.0,66.7
2021-03-17,Gangwon,Seongnam,0,0,2.12,3.06,3.61,2021,D,,28,0.0,1.0,1.0,0.0,1.0,2.0,-1.0,3.0,1.0,2.0,-2.0,1.0,-3.0,0.0,0.0,0.0,1.0,0.0,1.0,0.0,100.0,50.0,50.0
2021-03-17,Incheon,Suwon City,4,1,2.53,3.06,2.82,2021,H,,29,0.0,0.0,1.0,1.0,0.0,0.0,0.0,1.0,3.0,-2.0,-1.0,-3.0,2.0,0.0,0.0,0.0,0.0,1.0,-1.0,50.0,50.0,0.0,50.0
2021-03-17,Pohang,Suwon Bluewings,0,3,2.01,3.25,3.68,2021,A,,30,0.0,0.0,0.0,0.0,1.0,0.0,1.0,1.0,0.0,1.0,0.0,0.0,0.0,0.0,0.0,0.0,0.0,0.0,0.0,50.0,0.0,0.0,0.0
2021-03-17,Seoul,Gwangju FC,2,1,2.04,3.37,3.49,2021,H,,27,1.0,1.0,0.0,0.0,3.0,4.0,-1.0,0.0,1.0,-1.0,3.0,3.0,0.0,1.0,1.0,0.0,0.0,0.0,0.0,100.0,0.0,50.0,50.0
2021-03-16,Jeonbuk,Daegu,3,2,1.68,3.67,4.81,2021,H,,25,1.0,0.0,0.0,1.0,2.0,1.0,1.0,1.0,2.0,-1.0,1.0,-1.0,2.0,0.0,0.0,0.0,0.0,0.0,0.0,100.0,0.0,0.0,100.0
2021-03-16,Ulsan,Jeju,0,0,1.8,3.44,4.36,2021,D,,26,1.0,0.0,0.0,0.0,3.0,1.0,2.0,1.0,1.0,0.0,2.0,0.0,2.0,1.0,0.0,1.0,0.0,0.0,0.0,100.0,0.0,0.0,0.0
2021-03-14,Suwon Bluewings,Gangwon,1,1,2.24,3.04,3.32,2021,D,,24,1.0,0.0,0.0,1.0,1.0,1.0,0.0,0.0,2.0,-2.0,1.0,-1.0,2.0,0.0,0.0,0.0,0.0,0.0,0.0,100.0,0.0,0.0,100.0
2021-03-14,Suwon City,Seongnam,1,2,2.37,3.01,3.11,2021,A,,23,0.0,0.0,0.0,1.0,0.0,0.0,0.0,0.0,1.0,-1.0,0.0,-1.0,1.0,0.0,0.0,0.0,0.0,0.0,0.0,0.0,0.0,0.0,100.0
2021-03-13,Daegu,Jeju,1,1,2.74,3.06,2.61,2021,D,,22,0.0,0.0,1.0,0.0,1.0,0.0,1.0,4.0,0.0,4.0,-3.0,0.0,-3.0,0.0,0.0,0.0,1.0,0.0,1.0,0.0,50.0,0.0,0.0
2021-03-13,Gwangju FC,Jeonbuk,0,2,5.28,3.68,1.63,2021,A,,21,0.0,0.0,1.0,0.0,0.0,1.0,-1.0,1.0,1.0,0.0,-1.0,0.0,-1.0,0.0,0.0,0.0,0.0,0.0,0.0,0.0,100.0,0.0,0.0
2021-03-13,Incheon,Seoul,0,1,3.41,3.12,2.17,2021,A,,20,1.0,0.0,0.0,1.0,2.0,0.0,2.0,1.0,1.0,0.0,1.0,-1.0,2.0,0.0,0.0,0.0,0.0,0.0,0.0,100.0,0.0,0.0,100.0
2021-03-13,Pohang,Ulsan,1,1,2.99,3.28,2.3,2021,D,,19,1.0,1.0,0.0,0.0,2.0,1.0,1.0,1.0,0.0,1.0,1.0,1.0,0.0,0.0,0.0,0.0,0.0,0.0,0.0,100.0,0.0,100.0,0.0
2021-03-10,Daegu,Gwangju FC,1,4,1.98,3.27,3.81,2021,A,,18,0.0,0.0,0.0,1.0,1.0,0.0,1.0,1.0,1.0,0.0,0.0,-1.0,1.0,0.0,0.0,0.0,0.0,0.0,0.0,0.0,0.0,0.0,100.0
2021-03-10,Seongnam,Seoul,1,0,3.32,3.0,2.26,2021,H,,16,0.0,0.0,0.0,1.0,0.0,0.0,0.0,0.0,2.0,-2.0,0.0,-2.0,2.0,0.0,0.0,0.0,0.0,1.0,-1.0,0.0,0.0,0.0,100.0
2021-03-10,Suwon City,Suwon Bluewings,0,0,3.97,3.26,1.97,2021,D,,17,,,,,,,,,,,,,,,,,,,,,,,
2021-03-09,Jeju,Pohang,1,0,3.02,3.37,2.22,2021,H,,14,0.0,1.0,0.0,0.0,1.0,3.0,-2.0,1.0,1.0,0.0,0.0,2.0,-2.0,0.0,1.0,-1.0,0.0,0.0,0.0,0.0,0.0,100.0,0.0
2021-03-09,Jeonbuk,Gangwon,2,1,1.53,3.93,6.0,2021,H,,13,1.0,0.0,0.0,1.0,2.0,0.0,2.0,0.0,5.0,-5.0,2.0,-5.0,7.0,1.0,0.0,1.0,0.0,1.0,-1.0,100.0,0.0,0.0,100.0
2021-03-09,Ulsan,Incheon,3,1,1.44,4.09,7.4,2021,H,,15,1.0,0.0,0.0,1.0,5.0,1.0,4.0,0.0,2.0,-2.0,5.0,-1.0,6.0,1.0,0.0,1.0,0.0,0.0,0.0,100.0,0.0,0.0,100.0
2021-03-07,Seoul,Suwon City,3,0,1.97,3.42,3.59,2021,H,,12,,0.0,,0.0,,1.0,,,1.0,,,0.0,,,0.0,,,0.0,,,,0.0,0.0
2021-03-07,Suwon Bluewings,Seongnam,1,0,1.93,3.04,4.38,2021,H,,11,1.0,,0.0,,1.0,,,0.0,,,1.0,,,0.0,,,0.0,,,100.0,0.0,,
2021-03-06,Gangwon,Pohang,1,3,3.15,3.28,2.2,2021,A,,9,,,,,,,,,,,,,,,,,,,,,,,
2021-03-06,Gwangju FC,Ulsan,0,1,5.08,3.67,1.65,2021,A,,8,,,,,,,,,,,,,,,,,,,,,,,
2021-03-06,Incheon,Daegu,2,1,3.44,3.05,2.21,2021,H,,7,,,,,,,,,,,,,,,,,,,,,,,
2021-03-06,Jeju,Jeonbuk,1,1,3.2,3.27,2.19,2021,D,,10,,,,,,,,,,,,,,,,,,,,,,,
2021-03-01,Seongnam,Jeju,0,0,3.06,2.96,2.45,2021,D,,5,,,,,,,,,,,,,,,,,,,,,,,
2021-03-01,Ulsan,Gangwon,5,0,1.75,3.52,4.56,2021,H,,6,,,,,,,,,,,,,,,,,,,,,,,
2021-02-28,Pohang,Incheon,2,1,1.75,3.42,4.76,2021,H,,4,,,,,,,,,,,,,,,,,,,,,,,
2021-02-28,Suwon Bluewings,Gwangju FC,1,0,1.94,3.31,3.93,2021,H,,3,,,,,,,,,,,,,,,,,,,,,,,
2021-02-27,Daegu,Suwon City,1,1,1.93,3.21,4.07,2021,D,,2,,,,,,,,,,,,,,,,,,,,,,,
2021-02-27,Jeonbuk,Seoul,2,0,1.58,3.77,5.76,2021,H,,1,,,,,,,,,,,,,,,,,,,,,,,
2020-11-01,Jeonbuk,Daegu,2,0,1.57,4.09,5.23,2020,H,,162,1.0,0.0,0.0,1.0,4.0,1.0,3.0,1.0,2.0,-1.0,3.0,-1.0,4.0,1.0,0.0,1.0,0.0,0.0,0.0,76.9,15.4,30.8,30.8
2020-11-01,Pohang,Sangmu,3,1,1.82,3.89,3.77,2020,H,,160,1.0,1.0,0.0,0.0,4.0,1.0,3.0,0.0,0.0,0.0,4.0,1.0,3.0,1.0,0.0,1.0,0.0,0.0,0.0,53.8,23.1,30.8,38.5
2020-11-01,Ulsan,Gwangju FC,3,0,1.33,5.12,8.04,2020,H,,161,0.0,0.0,1.0,1.0,0.0,1.0,-1.0,1.0,4.0,-3.0,-1.0,-3.0,2.0,0.0,0.0,0.0,0.0,1.0,-1.0,53.8,15.4,30.8,46.2
2020-10-31,Gangwon,Suwon Bluewings,1,2,2.91,3.3,2.36,2020,A,,159,1.0,0.0,0.0,0.0,3.0,0.0,3.0,1.0,0.0,1.0,2.0,0.0,2.0,1.0,0.0,1.0,0.0,0.0,0.0,38.5,38.5,30.8,38.5
2020-10-31,Seongnam,Busan,2,1,2.25,3.02,3.37,2020,H,,157,0.0,0.0,1.0,1.0,0.0,1.0,-1.0,1.0,2.0,-1.0,-1.0,-1.0,0.0,0.0,0.0,0.0,0.0,0.0,0.0,7.7,69.2,23.1,53.8
2020-10-31,Seoul,Incheon,0,1,2.98,3.25,2.33,2020,A,,158,0.0,0.0,0.0,1.0,1.0,1.0,0.0,1.0,3.0,-2.0,0.0,-2.0,2.0,0.0,0.0,0.0,0.0,1.0,-1.0,38.5,38.5,23.1,53.8
2020-10-25,Daegu,Pohang,3,2,3.0,3.64,2.17,2020,H,,155,0.0,1.0,0.0,0.0,2.0,1.0,1.0,2.0,0.0,2.0,0.0,1.0,-1.0,0.0,0.0,0.0,0.0,0.0,0.0,41.7,33.3,58.3,25.0
2020-10-25,Gwangju FC,Sangmu,0,1,2.6,3.41,2.54,2020,A,,156,0.0,0.0,1.0,1.0,0.0,1.0,-1.0,1.0,4.0,-3.0,-1.0,-3.0,2.0,0.0,0.0,0.0,0.0,1.0,-1.0,16.7,50.0,25.0,41.7
2020-10-25,Ulsan,Jeonbuk,0,1,2.93,3.45,2.28,2020,A,,154,1.0,1.0,0.0,0.0,4.0,1.0,3.0,1.0,0.0,1.0,3.0,1.0,2.0,1.0,0.0,1.0,0.0,0.0,0.0,58.3,8.3,58.3,25.0
2020-10-24,Incheon,Busan,2,1,2.37,3.23,2.95,2020,H,,153,0.0,1.0,1.0,0.0,0.0,2.0,-2.0,1.0,1.0,0.0,-1.0,1.0,-2.0,0.0,0.0,0.0,0.0,0.0,0.0,16.7,58.3,25.0,50.0
2020-10-24,Seoul,Gangwon,1,1,2.81,3.33,2.41,2020,D,,152,0.0,1.0,1.0,0.0,1.0,2.0,-1.0,2.0,0.0,2.0,-1.0,2.0,-3.0,0.0,1.0,-1.0,0.0,0.0,0.0,41.7,41.7,33.3,41.7
2020-10-23,Suwon Bluewings,Seongnam,1,2,2.18,2.93,3.67,2020,A,,151,1.0,0.0,0.0,1.0,3.0,1.0,2.0,1.0,2.0,-1.0,2.0,-1.0,3.0,1.0,0.0,1.0,0.0,0.0,0.0,25.0,50.0,33.3,33.3
2020-10-18,Busan,Suwon Bluewings,0,0,3.82,3.34,1.96,2020,D,,150,0.0,1.0,1.0,0.0,0.0,1.0,-1.0,2.0,0.0,2.0,-2.0,1.0,-3.0,0.0,0.0,0.0,1.0,0.0,1.0,16.7,33.3,33.3,41.7
2020-10-18,Jeonbuk,Gwangju FC,4,1,1.42,4.54,6.73,2020,H,,149,0.0,0.0,1.0,1.0,0.0,3.0,-3.0,1.0,5.0,-4.0,-1.0,-2.0,1.0,0.0,0.0,0.0,0.0,1.0,-1.0,75.0,16.7,33.3,41.7
2020-10-18,Pohang,Ulsan,4,0,2.9,3.49,2.25,2020,H,,148,1.0,0.0,0.0,0.0,5.0,2.0,3.0,3.0,2.0,1.0,2.0,0.0,2.0,1.0,0.0,1.0,0.0,0.0,0.0,50.0,25.0,75.0,8.3
2020-10-17,Sangmu,Daegu,2,1,3.43,3.22,2.12,2020,H,,147,0.0,1.0,1.0,0.0,0.0,1.0,-1.0,1.0,0.0,1.0,-1.0,1.0,-2.0,0.0,0.0,0.0,0.0,0.0,0.0,66.7,25.0,33.3,25.0
2020-10-17,Seongnam,Seoul,0,1,2.94,2.97,2.53,2020,A,,146,0.0,0.0,1.0,1.0,0.0,1.0,-1.0,6.0,3.0,3.0,-6.0,-2.0,-4.0,0.0,0.0,0.0,1.0,1.0,0.0,8.3,66.7,16.7,66.7
2020-10-16,Gangwon,Incheon,3,1,2.19,3.35,3.16,2020,H,,145,1.0,1.0,0.0,0.0,2.0,6.0,-4.0,1.0,0.0,1.0,1.0,6.0,-5.0,0.0,1.0,-1.0,0.0,0.0,0.0,33.3,41.7,25.0,50.0
2020-10-04,Gangwon,Seongnam,2,1,2.28,3.22,3.11,2020,H,,144,0.0,0.0,1.0,1.0,1.0,2.0,-1.0,2.0,3.0,-1.0,-1.0,-1.0,0.0,0.0,0.0,0.0,0.0,0.0,0.0,27.3,45.5,36.4,27.3
2020-10-04,Incheon,Suwon Bluewings,0,1,4.0,3.19,1.97,2020,A,,142,0.0,1.0,1.0,0.0,0.0,2.0,-2.0,1.0,1.0,0.0,-1.0,1.0,-2.0,0.0,0.0,0.0,0.0,0.0,0.0,18.2,54.5,27.3,45.5
2020-10-04,Seoul,Busan,1,2,2.4,3.22,2.91,2020,A,,143,0.0,0.0,0.0,1.0,0.0,0.0,0.0,0.0,2.0,-2.0,0.0,-2.0,2.0,0.0,0.0,0.0,0.0,1.0,-1.0,45.5,36.4,18.2,54.5
2020-10-03,Gwangju FC,Daegu,0,1,3.58,3.49,1.99,2020,A,,141,0.0,0.0,1.0,0.0,0.0,0.0,0.0,1.0,0.0,1.0,-1.0,0.0,-1.0,0.0,0.0,0.0,0.0,0.0,0.0,18.2,45.5,27.3,27.3
2020-10-03,Jeonbuk,Pohang,0,1,1.81,3.84,3.89,2020,A,,140,1.0,0.0,0.0,0.0,2.0,0.0,2.0,0.0,0.0,0.0,2.0,0.0,2.0,1.0,0.0,1.0,0.0,0.0,0.0,81.8,9.1,54.5,27.3
2020-10-02,Ulsan,Sangmu,4,1,1.46,4.36,6.26,2020,H,,139,0.0,0.0,0.0,1.0,1.0,3.0,-2.0,1.0,4.0,-3.0,0.0,-1.0,1.0,0.0,0.0,0.0,0.0,0.0,0.0,54.5,9.1,27.3,36.4
2020-09-27,Busan,Gangwon,0,2,2.94,3.4,2.28,2020,A,,135,0.0,1.0,1.0,0.0,1.0,2.0,-1.0,2.0,1.0,1.0,-1.0,1.0,-2.0,0.0,0.0,0.0,0.0,0.0,0.0,18.2,27.3,27.3,45.5
2020-09-27,Daegu,Ulsan,2,2,3.7,3.61,1.9,2020,D,,138,1.0,1.0,0.0,0.0,3.0,1.0,2.0,2.0,0.0,2.0,1.0,1.0,0.0,0.0,0.0,0.0,0.0,0.0,0.0,45.5,36.4,81.8,9.1
2020-09-27,Pohang,Gwangju FC,5,3,1.9,3.73,3.6,2020,H,,137,1.0,1.0,0.0,0.0,4.0,2.0,2.0,3.0,0.0,3.0,1.0,2.0,-1.0,0.0,1.0,-1.0,0.0,0.0,0.0,45.5,27.3,36.4,36.4
2020-09-27,Sangmu,Jeonbuk,0,1,5.16,3.85,1.62,2020,A,,134,0.0,0.0,0.0,0.0,0.0,3.0,-3.0,0.0,3.0,-3.0,0.0,0.0,0.0,0.0,0.0,0.0,0.0,0.0,0.0,72.7,18.2,54.5,27.3
2020-09-27,Seongnam,Incheon,0,6,2.16,3.1,3.5,2020,A,,136,0.0,0.0,1.0,0.0,0.0,0.0,0.0,2.0,0.0,2.0,-2.0,0.0,-2.0,0.0,0.0,0.0,1.0,0.0,1.0,9.1,63.6,18.2,54.5
2020-09-26,Suwon Bluewings,Seoul,3,1,1.98,3.23,3.92,2020,H,,133,0.0,0.0,0.0,1.0,0.0,0.0,0.0,0.0,1.0,-1.0,0.0,-1.0,1.0,0.0,0.0,0.0,0.0,0.0,0.0,18.2,54.5,18.2,63.6
2020-09-20,Gangwon,Suwon Bluewings,1,2,2.44,3.3,2.79,2020,A,,132,0.0,0.0,1.0,1.0,0.0,1.0,-1.0,3.0,2.0,1.0,-3.0,-1.0,-2.0,0.0,0.0,0.0,1.0,0.0,1.0,30.0,40.0,20.0,50.0
2020-09-20,Incheon,Ulsan,0,1,6.0,4.05,1.52,2020,A,,129,1.0,0.0,0.0,1.0,1.0,1.0,0.0,0.0,2.0,-2.0,1.0,-1.0,2.0,0.0,0.0,0.0,0.0,0.0,0.0,20.0,50.0,80.0,10.0
2020-09-20,Jeonbuk,Busan,2,0,1.38,4.83,7.23,2020,H,,127,1.0,0.0,0.0,0.0,2.0,1.0,1.0,1.0,1.0,0.0,1.0,0.0,1.0,0.0,0.0,0.0,0.0,0.0,0.0,80.0,10.0,20.0,50.0
2020-09-20,Pohang,Sangmu,4,3,1.88,3.58,3.85,2020,H,,130,1.0,1.0,0.0,0.0,3.0,1.0,2.0,2.0,0.0,2.0,1.0,1.0,0.0,0.0,0.0,0.0,0.0,0.0,0.0,40.0,30.0,30.0,30.0
2020-09-20,Seongnam,Gwangju FC,0,2,2.64,2.97,2.81,2020,A,,128,1.0,0.0,0.0,0.0,2.0,1.0,1.0,0.0,1.0,-1.0,2.0,0.0,2.0,1.0,0.0,1.0,0.0,0.0,0.0,10.0,60.0,30.0,40.0
2020-09-20,Seoul,Daegu,0,0,3.66,3.42,1.98,2020,D,,131,1.0,0.0,0.0,0.0,2.0,1.0,1.0,1.0,1.0,0.0,1.0,0.0,1.0,0.0,0.0,0.0,0.0,0.0,0.0,50.0,40.0,30.0,30.0
2020-09-16,Busan,Gangwon,1,2,2.74,3.38,2.44,2020,A,,126,0.0,1.0,0.0,0.0,0.0,2.0,-2.0,0.0,1.0,-1.0,0.0,1.0,-1.0,0.0,0.0,0.0,0.0,0.0,0.0,20.0,20.0,20.0,50.0
2020-09-16,Daegu,Seongnam,3,2,2.11,3.11,3.65,2020,H,,125,0.0,0.0,1.0,0.0,4.0,0.0,4.0,6.0,0.0,6.0,-2.0,0.0,-2.0,0.0,0.0,0.0,1.0,0.0,1.0,40.0,40.0,40.0,20.0
2020-09-16,Incheon,Seoul,1,0,2.87,3.02,2.56,2020,H,,124,1.0,0.0,0.0,1.0,1.0,0.0,1.0,0.0,3.0,-3.0,1.0,-3.0,4.0,0.0,0.0,0.0,0.0,1.0,-1.0,11.1,55.6,20.0,60.0
2020-09-16,Suwon Bluewings,Pohang,0,0,3.61,3.4,2.01,2020,D,,123,1.0,1.0,0.0,0.0,3.0,3.0,0.0,1.0,0.0,1.0,2.0,3.0,-1.0,1.0,1.0,0.0,0.0,0.0,0.0,20.0,60.0,60.0,30.0
2020-09-15,Gwangju FC,Sangmu,0,1,2.12,3.29,3.45,2020,A,,122,0.0,0.0,0.0,1.0,3.0,1.0,2.0,3.0,2.0,1.0,0.0,-1.0,1.0,0.0,0.0,0.0,0.0,0.0,0.0,20.0,40.0,22.2,33.3
2020-09-15,Jeonbuk,Ulsan,2,1,2.31,3.44,2.89,2020,H,,121,0.0,1.0,1.0,0.0,1.0,2.0,-1.0,2.0,1.0,1.0,-1.0,1.0,-2.0,0.0,0.0,0.0,0.0,0.0,0.0,77.8,11.1,88.9,0.0
2020-09-13,Busan,Incheon,0,0,2.27,3.24,3.1,2020,D,,118,1.0,1.0,0.0,0.0,2.0,3.0,-1.0,1.0,2.0,-1.0,1.0,1.0,0.0,0.0,0.0,0.0,0.0,0.0,0.0,22.2,22.2,20.0,60.0
2020-09-13,Gangwon,Pohang,0,3,3.21,3.69,2.05,2020,A,,119,0.0,0.0,1.0,1.0,2.0,1.0,1.0,3.0,2.0,1.0,-1.0,-1.0,0.0,0.0,0.0,0.0,0.0,0.0,0.0,33.3,33.3,55.6,33.3
2020-09-13,Seoul,Suwon Bluewings,2,1,2.96,3.13,2.4,2020,H,,120,0.0,0.0,0.0,1.0,1.0,0.0,1.0,1.0,1.0,0.0,0.0,-1.0,1.0,0.0,0.0,0.0,0.0,0.0,0.0,44.4,44.4,22.2,44.4
2020-09-12,Gwangju FC,Jeonbuk,3,3,4.91,3.82,1.65,2020,D,,115,0.0,0.0,0.0,1.0,0.0,0.0,0.0,0.0,2.0,-2.0,0.0,-2.0,2.0,0.0,0.0,0.0,0.0,1.0,-1.0,22.2,44.4,60.0,30.0
2020-09-12,Sangmu,Seongnam,0,0,3.05,2.9,2.51,2020,D,,116,1.0,0.0,0.0,1.0,1.0,1.0,0.0,0.0,2.0,-2.0,1.0,-1.0,2.0,0.0,0.0,0.0,0.0,0.0,0.0,80.0,20.0,44.4,22.2
2020-09-12,Ulsan,Daegu,1,1,1.78,3.76,4.11,2020,D,,117,0.0,0.0,0.0,1.0,1.0,2.0,-1.0,1.0,3.0,-2.0,0.0,-1.0,1.0,0.0,0.0,0.0,0.0,0.0,0.0,60.0,10.0,33.3,33.3
2020-09-06,Gangwon,Incheon,2,3,1.82,3.58,4.18,2020,A,,113,0.0,0.0,0.0,1.0,0.0,1.0,-1.0,0.0,3.0,-3.0,0.0,-2.0,2.0,0.0,0.0,0.0,0.0,1.0,-1.0,37.5,25.0,11.1,66.7
2020-09-06,Ulsan,Gwangju FC,1,1,1.56,4.12,5.33,2020,D,,114,1.0,1.0,0.0,0.0,3.0,6.0,-3.0,0.0,4.0,-4.0,3.0,2.0,1.0,1.0,1.0,0.0,0.0,0.0,0.0,66.7,11.1,33.3,44.4
2020-09-05,Pohang,Daegu,3,2,2.4,3.39,2.78,2020,H,,111,1.0,0.0,0.0,0.0,2.0,0.0,2.0,1.0,0.0,1.0,1.0,0.0,1.0,0.0,0.0,0.0,0.0,0.0,0.0,33.3,33.3,37.5,25.0
2020-09-05,Seongnam,Jeonbuk,2,0,5.37,3.6,1.66,2020,H,,112,0.0,1.0,1.0,0.0,1.0,3.0,-2.0,2.0,1.0,1.0,-1.0,2.0,-3.0,0.0,1.0,-1.0,0.0,0.0,0.0,0.0,66.7,66.7,22.2
2020-09-05,Seoul,Busan,1,1,2.7,3.22,2.57,2020,D,,110,1.0,0.0,0.0,1.0,2.0,1.0,1.0,1.0,3.0,-2.0,1.0,-2.0,3.0,0.0,0.0,0.0,0.0,1.0,-1.0,50.0,50.0,22.2,55.6
2020-09-04,Sangmu,Suwon Bluewings,1,0,2.61,3.06,2.79,2020,H,,109,1.0,0.0,0.0,1.0,3.0,0.0,3.0,1.0,1.0,0.0,2.0,-1.0,3.0,1.0,0.0,1.0,0.0,0.0,0.0,77.8,22.2,25.0,37.5
2020-08-30,Daegu,Gwangju FC,4,6,2.04,3.24,3.71,2020,A,,108,0.0,0.0,1.0,0.0,0.0,1.0,-1.0,1.0,1.0,0.0,-1.0,0.0,-1.0,0.0,0.0,0.0,0.0,0.0,0.0,44.4,33.3,25.0,50.0
2020-08-30,Jeonbuk,Gangwon,1,2,1.49,4.52,5.72,2020,A,,106,1.0,0.0,0.0,0.0,2.0,2.0,0.0,1.0,2.0,-1.0,1.0,0.0,1.0,0.0,0.0,0.0,0.0,0.0,0.0,87.5,0.0,11.1,55.6
2020-08-30,Pohang,Seongnam,2,1,1.86,3.38,4.23,2020,H,,105,0.0,1.0,0.0,0.0,1.0,2.0,-1.0,1.0,0.0,1.0,0.0,2.0,-2.0,0.0,1.0,-1.0,0.0,0.0,0.0,25.0,37.5,50.0,12.5
2020-08-30,Ulsan,Seoul,3,0,1.44,4.58,6.51,2020,H,,107,1.0,0.0,0.0,0.0,2.0,0.0,2.0,0.0,0.0,0.0,2.0,0.0,2.0,1.0,0.0,1.0,0.0,0.0,0.0,62.5,12.5,22.2,55.6
2020-08-29,Sangmu,Incheon,3,1,1.98,3.33,3.8,2020,H,,103,1.0,1.0,0.0,0.0,2.0,1.0,1.0,0.0,0.0,0.0,2.0,1.0,1.0,1.0,0.0,1.0,0.0,0.0,0.0,75.0,25.0,12.5,62.5
2020-08-29,Suwon Bluewings,Busan,3,1,2.43,3.11,2.98,2020,H,,104,0.0,0.0,1.0,0.0,1.0,1.0,0.0,3.0,1.0,2.0,-2.0,0.0,-2.0,0.0,0.0,0.0,1.0,0.0,1.0,11.1,66.7,25.0,50.0
2020-08-23,Jeonbuk,Sangmu,2,1,1.4,4.48,7.77,2020,H,,101,1.0,0.0,0.0,1.0,2.0,1.0,1.0,1.0,2.0,-1.0,1.0,-1.0,2.0,0.0,0.0,0.0,0.0,0.0,0.0,85.7,0.0,25.0,25.0
2020-08-23,Seongnam,Ulsan,1,2,5.04,3.5,1.71,2020,A,,102,0.0,1.0,0.0,0.0,1.0,2.0,-1.0,1.0,1.0,0.0,0.0,1.0,-1.0,0.0,0.0,0.0,0.0,0.0,0.0,0.0,62.5,87.5,0.0
2020-08-22,Busan,Pohang,2,1,4.0,3.79,1.8,2020,H,,97,0.0,0.0,1.0,1.0,1.0,0.0,1.0,2.0,2.0,0.0,-1.0,-2.0,1.0,0.0,0.0,0.0,0.0,1.0,-1.0,12.5,25.0,62.5,25.0
2020-08-22,Gangwon,Daegu,0,0,3.29,3.46,2.09,2020,D,,98,0.0,1.0,0.0,0.0,2.0,1.0,1.0,2.0,0.0,2.0,0.0,1.0,-1.0,0.0,0.0,0.0,0.0,0.0,0.0,42.9,28.6,42.9,28.6
2020-08-22,Gwangju FC,Seoul,0,0,2.33,3.26,3.01,2020,D,,100,0.0,1.0,0.0,0.0,2.0,2.0,0.0,2.0,1.0,1.0,0.0,1.0,-1.0,0.0,0.0,0.0,0.0,0.0,0.0,25.0,50.0,25.0,62.5
2020-08-22,Incheon,Suwon Bluewings,1,0,3.77,3.14,2.05,2020,H,,99,0.0,0.0,1.0,0.0,0.0,0.0,0.0,2.0,0.0,2.0,-2.0,0.0,-2.0,0.0,0.0,0.0,1.0,0.0,1.0,0.0,62.5,28.6,28.6
2020-08-16,Daegu,Incheon,0,1,1.56,3.91,5.81,2020,A,,95,0.0,0.0,1.0,0.0,0.0,1.0,-1.0,2.0,1.0,1.0,-2.0,0.0,-2.0,0.0,0.0,0.0,1.0,0.0,1.0,50.0,25.0,0.0,71.4
2020-08-16,Gwangju FC,Gangwon,2,2,2.53,3.35,2.65,2020,D,,96,0.0,0.0,1.0,1.0,0.0,0.0,0.0,1.0,2.0,-1.0,-1.0,-2.0,1.0,0.0,0.0,0.0,0.0,1.0,-1.0,28.6,57.1,12.5,62.5
2020-08-15,Seoul,Sangmu,2,1,3.13,3.22,2.27,2020,H,,92,1.0,0.0,0.0,0.0,2.0,2.0,0.0,0.0,2.0,-2.0,2.0,0.0,2.0,1.0,0.0,1.0,0.0,0.0,0.0,42.9,57.1,28.6,14.3
2020-08-15,Suwon Bluewings,Jeonbuk,1,3,5.55,3.83,1.59,2020,A,,93,0.0,1.0,1.0,0.0,0.0,2.0,-2.0,1.0,0.0,1.0,-1.0,2.0,-3.0,0.0,1.0,-1.0,0.0,0.0,0.0,12.5,62.5,62.5,25.0
2020-08-15,Ulsan,Pohang,2,0,2.13,3.5,3.19,2020,H,,94,0.0,0.0,0.0,1.0,0.0,1.0,-1.0,0.0,2.0,-2.0,0.0,-1.0,1.0,0.0,0.0,0.0,0.0,0.0,0.0,57.1,14.3,71.4,14.3
2020-08-14,Seongnam,Busan,1,1,2.44,2.96,3.11,2020,D,,91,0.0,0.0,1.0,1.0,1.0,0.0,1.0,2.0,2.0,0.0,-1.0,-2.0,1.0,0.0,0.0,0.0,0.0,1.0,-1.0,0.0,71.4,28.6,57.1
2020-08-09,Incheon,Seongnam,0,2,3.6,3.07,2.15,2020,A,,90,0.0,1.0,1.0,0.0,1.0,1.0,0.0,3.0,0.0,3.0,-2.0,1.0,-3.0,0.0,0.0,0.0,1.0,0.0,1.0,0.0,57.1,42.9,14.3
2020-08-09,Sangmu,Busan,2,0,2.32,3.33,2.95,2020,H,,89,0.0,0.0,1.0,1.0,1.0,0.0,1.0,5.0,3.0,2.0,-4.0,-3.0,-1.0,0.0,0.0,0.0,1.0,1.0,0.0,71.4,28.6,33.3,50.0
2020-08-08,Daegu,Jeonbuk,0,2,4.52,3.88,1.7,2020,A,,88,1.0,0.0,0.0,0.0,3.0,1.0,2.0,0.0,1.0,-1.0,3.0,0.0,3.0,1.0,0.0,1.0,0.0,0.0,0.0,57.1,14.3,57.1,28.6
2020-08-08,Pohang,Gwangju FC,1,1,1.74,3.74,4.42,2020,D,,87,0.0,1.0,0.0,0.0,1.0,3.0,-2.0,1.0,1.0,0.0,0.0,2.0,-2.0,0.0,1.0,-1.0,0.0,0.0,0.0,28.6,42.9,28.6,57.1
2020-08-08,Ulsan,Suwon Bluewings,0,0,1.74,3.6,4.55,2020,D,,86,1.0,1.0,0.0,0.0,1.0,1.0,0.0,0.0,0.0,0.0,1.0,1.0,0.0,0.0,0.0,0.0,0.0,0.0,0.0,66.7,16.7,33.3,33.3
2020-08-07,Seoul,Gangwon,2,0,3.15,3.51,2.14,2020,H,,85,0.0,0.0,1.0,0.0,1.0,0.0,1.0,3.0,0.0,3.0,-2.0,0.0,-2.0,0.0,0.0,0.0,1.0,0.0,1.0,33.3,66.7,14.3,57.1
2020-08-02,Busan,Ulsan,1,2,5.16,3.91,1.62,2020,A,,83,0.0,1.0,0.0,0.0,0.0,5.0,-5.0,0.0,1.0,-1.0,0.0,4.0,-4.0,0.0,1.0,-1.0,0.0,0.0,0.0,14.3,14.3,85.7,0.0
2020-08-02,Gangwon,Sangmu,2,2,2.27,3.3,3.07,2020,D,,82,1.0,0.0,0.0,0.0,4.0,1.0,3.0,1.0,1.0,0.0,3.0,0.0,3.0,1.0,0.0,1.0,0.0,0.0,0.0,50.0,33.3,33.3,16.7
2020-08-02,Suwon Bluewings,Daegu,0,1,3.26,3.22,2.21,2020,A,,84,0.0,0.0,1.0,1.0,0.0,0.0,0.0,1.0,2.0,-1.0,-1.0,-2.0,1.0,0.0,0.0,0.0,0.0,1.0,-1.0,14.3,57.1,33.3,33.3
2020-08-01,Incheon,Gwangju FC,1,3,2.79,3.05,2.6,2020,A,,81,0.0,0.0,0.0,0.0,1.0,0.0,1.0,1.0,0.0,1.0,0.0,0.0,0.0,0.0,0.0,0.0,0.0,0.0,0.0,0.0,50.0,16.7,66.7
2020-08-01,Jeonbuk,Pohang,2,1,1.79,3.75,4.16,2020,H,,80,1.0,1.0,0.0,0.0,3.0,3.0,0.0,0.0,1.0,-1.0,3.0,2.0,1.0,1.0,1.0,0.0,0.0,0.0,0.0,83.3,0.0,83.3,0.0
2020-08-01,Seongnam,Seoul,1,2,2.08,3.09,3.79,2020,A,,79,0.0,0.0,0.0,1.0,0.0,0.0,0.0,0.0,3.0,-3.0,0.0,-3.0,3.0,0.0,0.0,0.0,0.0,1.0,-1.0,0.0,66.7,14.3,71.4
2020-07-26,Daegu,Busan,3,0,2.18,3.4,3.15,2020,H,,76,0.0,1.0,1.0,0.0,1.0,4.0,-3.0,3.0,2.0,1.0,-2.0,2.0,-4.0,0.0,1.0,-1.0,1.0,0.0,1.0,50.0,16.7,40.0,40.0
2020-07-26,Jeonbuk,Seoul,3,0,1.28,5.29,9.97,2020,H,,77,0.0,0.0,0.0,1.0,2.0,0.0,2.0,2.0,2.0,0.0,0.0,-2.0,2.0,0.0,0.0,0.0,0.0,1.0,-1.0,80.0,0.0,16.7,66.7
2020-07-26,Pohang,Incheon,1,1,1.41,4.48,7.1,2020,D,,78,0.0,0.0,0.0,1.0,1.0,1.0,0.0,1.0,4.0,-3.0,0.0,-3.0,3.0,0.0,0.0,0.0,0.0,1.0,-1.0,33.3,50.0,0.0,83.3
2020-07-25,Gwangju FC,Suwon Bluewings,0,1,2.77,3.07,2.6,2020,A,,74,0.0,0.0,1.0,0.0,2.0,1.0,1.0,4.0,1.0,3.0,-2.0,0.0,-2.0,0.0,0.0,0.0,1.0,0.0,1.0,33.3,50.0,20.0,40.0
2020-07-25,Sangmu,Ulsan,1,5,4.13,3.49,1.85,2020,A,,73,1.0,1.0,0.0,0.0,2.0,3.0,-1.0,0.0,1.0,-1.0,2.0,2.0,0.0,1.0,1.0,0.0,0.0,0.0,0.0,83.3,16.7,83.3,0.0
2020-07-25,Seongnam,Gangwon,0,0,3.49,3.16,2.14,2020,D,,75,0.0,0.0,1.0,1.0,0.0,0.0,0.0,4.0,1.0,3.0,-4.0,-1.0,-3.0,0.0,0.0,0.0,1.0,0.0,1.0,0.0,80.0,16.7,66.7
2020-07-19,Incheon,Jeonbuk,1,1,9.41,4.77,1.33,2020,D,,70,0.0,0.0,0.0,1.0,1.0,0.0,1.0,1.0,1.0,0.0,0.0,-1.0,1.0,0.0,0.0,0.0,0.0,0.0,0.0,0.0,60.0,66.7,33.3
2020-07-19,Suwon Bluewings,Seongnam,0,1,2.06,2.97,3.93,2020,A,,71,0.0,0.0,0.0,0.0,3.0,2.0,1.0,3.0,2.0,1.0,0.0,0.0,0.0,0.0,0.0,0.0,0.0,0.0,0.0,16.7,50.0,33.3,16.7
2020-07-19,Ulsan,Gangwon,1,0,1.68,3.99,4.44,2020,H,,72,1.0,0.0,0.0,1.0,4.0,1.0,3.0,1.0,2.0,-1.0,3.0,-1.0,4.0,1.0,0.0,1.0,0.0,0.0,0.0,60.0,20.0,20.0,60.0
2020-07-18,Busan,Gwangju FC,0,0,1.98,3.42,3.67,2020,D,,67,1.0,0.0,0.0,1.0,2.0,1.0,1.0,0.0,4.0,-4.0,2.0,-3.0,5.0,1.0,0.0,1.0,0.0,1.0,-1.0,16.7,16.7,20.0,80.0
2020-07-18,Sangmu,Daegu,2,0,3.31,3.11,2.22,2020,H,,69,1.0,1.0,0.0,0.0,1.0,4.0,-3.0,0.0,2.0,-2.0,1.0,2.0,-1.0,0.0,1.0,-1.0,0.0,0.0,0.0,80.0,20.0,40.0,20.0
2020-07-18,Seoul,Pohang,1,3,3.82,3.4,1.94,2020,A,,68,1.0,1.0,0.0,0.0,1.0,4.0,-3.0,0.0,0.0,0.0,1.0,4.0,-3.0,0.0,1.0,-1.0,0.0,0.0,0.0,40.0,60.0,80.0,0.0
2020-07-12,Daegu,Ulsan,1,3,3.09,3.39,2.2,2020,A,,65,1.0,1.0,0.0,0.0,2.0,2.0,0.0,1.0,0.0,1.0,1.0,2.0,-1.0,0.0,1.0,-1.0,0.0,0.0,0.0,60.0,0.0,80.0,0.0
2020-07-12,Gangwon,Gwangju FC,4,1,2.05,3.38,3.45,2020,H,,66,0.0,0.0,1.0,1.0,2.0,0.0,2.0,4.0,1.0,3.0,-2.0,-1.0,-1.0,0.0,0.0,0.0,1.0,0.0,1.0,40.0,40.0,25.0,75.0
2020-07-11,Incheon,Sangmu,1,1,3.98,3.11,2.01,2020,D,,63,0.0,1.0,1.0,0.0,0.0,1.0,-1.0,1.0,0.0,1.0,-1.0,1.0,-2.0,0.0,0.0,0.0,0.0,0.0,0.0,0.0,75.0,40.0,20.0
2020-07-11,Jeonbuk,Seongnam,2,2,1.44,4.1,7.4,2020,D,,64,1.0,0.0,0.0,0.0,1.0,1.0,0.0,0.0,1.0,-1.0,1.0,0.0,1.0,0.0,0.0,0.0,0.0,0.0,0.0,100.0,0.0,40.0,20.0
2020-07-11,Pohang,Suwon Bluewings,1,1,1.86,3.46,4.09,2020,D,,62,1.0,0.0,0.0,1.0,2.0,1.0,1.0,0.0,3.0,-3.0,2.0,-2.0,4.0,1.0,0.0,1.0,0.0,1.0,-1.0,40.0,60.0,25.0,50.0
2020-07-10,Busan,Seoul,2,0,2.25,3.34,3.02,2020,H,,61,0.0,0.0,0.0,0.0,1.0,3.0,-2.0,1.0,3.0,-2.0,0.0,0.0,0.0,0.0,0.0,0.0,0.0,0.0,0.0,0.0,20.0,20.0,60.0
2020-07-05,Gwangju FC,Daegu,2,4,3.86,3.35,1.95,2020,A,,58,0.0,0.0,1.0,0.0,0.0,2.0,-2.0,2.0,2.0,0.0,-2.0,0.0,-2.0,0.0,0.0,0.0,1.0,0.0,1.0,40.0,40.0,25.0,25.0
2020-07-05,Sangmu,Jeonbuk,1,0,5.39,3.72,1.63,2020,H,,60,1.0,1.0,0.0,0.0,1.0,2.0,-1.0,0.0,0.0,0.0,1.0,2.0,-1.0,0.0,1.0,-1.0,0.0,0.0,0.0,75.0,25.0,80.0,20.0
2020-07-05,Seongnam,Pohang,0,4,4.74,3.34,1.78,2020,A,,59,0.0,1.0,1.0,0.0,0.0,2.0,-2.0,1.0,0.0,1.0,-1.0,2.0,-3.0,0.0,1.0,-1.0,0.0,0.0,0.0,0.0,75.0,75.0,0.0
2020-07-04,Gangwon,Busan,2,4,2.27,3.36,3.0,2020,A,,56,0.0,1.0,1.0,0.0,0.0,1.0,-1.0,3.0,0.0,3.0,-3.0,1.0,-4.0,0.0,0.0,0.0,1.0,0.0,1.0,50.0,25.0,25.0,50.0
2020-07-04,Suwon Bluewings,Seoul,3,3,2.35,3.04,3.16,2020,D,,55,0.0,0.0,1.0,1.0,0.0,0.0,0.0,1.0,1.0,0.0,-1.0,-1.0,0.0,0.0,0.0,0.0,0.0,0.0,0.0,20.0,60.0,25.0,75.0
2020-07-04,Ulsan,Incheon,4,1,1.37,4.59,8.23,2020,H,,57,0.0,0.0,1.0,1.0,0.0,0.0,0.0,2.0,1.0,1.0,-2.0,-1.0,-1.0,0.0,0.0,0.0,1.0,0.0,1.0,50.0,25.0,0.0,80.0
2020-06-28,Suwon Bluewings,Sangmu,0,1,2.33,2.99,3.24,2020,A,,54,0.0,1.0,0.0,0.0,2.0,1.0,1.0,2.0,0.0,2.0,0.0,1.0,-1.0,0.0,0.0,0.0,0.0,0.0,0.0,25.0,50.0,25.0,25.0
2020-06-28,Ulsan,Jeonbuk,0,2,2.84,3.2,2.45,2020,A,,53,1.0,1.0,0.0,0.0,1.0,2.0,-1.0,0.0,1.0,-1.0,1.0,1.0,0.0,0.0,0.0,0.0,0.0,0.0,0.0,66.7,0.0,75.0,25.0
2020-06-27,Busan,Seongnam,1,1,2.51,2.89,3.06,2020,D,,51,0.0,0.0,0.0,1.0,2.0,0.0,2.0,2.0,1.0,1.0,0.0,-1.0,1.0,0.0,0.0,0.0,0.0,0.0,0.0,0.0,25.0,50.0,25.0
2020-06-27,Daegu,Gangwon,2,1,1.8,3.58,4.22,2020,H,,50,1.0,0.0,0.0,1.0,3.0,0.0,3.0,1.0,2.0,-1.0,2.0,-2.0,4.0,1.0,0.0,1.0,0.0,1.0,-1.0,50.0,0.0,25.0,50.0
2020-06-27,Seoul,Incheon,1,0,1.99,3.1,4.05,2020,H,,52,0.0,0.0,1.0,1.0,0.0,1.0,-1.0,2.0,2.0,0.0,-2.0,-1.0,-1.0,0.0,0.0,0.0,1.0,0.0,1.0,25.0,75.0,0.0,75.0
2020-06-26,Gwangju FC,Pohang,0,2,3.59,3.41,2.0,2020,A,,49,1.0,1.0,0.0,0.0,2.0,4.0,-2.0,1.0,2.0,-1.0,1.0,2.0,-1.0,0.0,1.0,-1.0,0.0,0.0,0.0,50.0,25.0,66.7,0.0
2020-06-21,Daegu,Suwon Bluewings,3,1,2.12,3.18,3.48,2020,H,,48,1.0,1.0,0.0,0.0,6.0,2.0,4.0,0.0,0.0,0.0,6.0,2.0,4.0,1.0,1.0,0.0,0.0,0.0,0.0,33.3,0.0,33.3,33.3
2020-06-21,Incheon,Busan,0,1,3.21,3.1,2.29,2020,A,,46,0.0,0.0,1.0,1.0,1.0,1.0,0.0,2.0,3.0,-1.0,-1.0,-2.0,1.0,0.0,0.0,0.0,0.0,1.0,-1.0,0.0,66.7,0.0,66.7
2020-06-21,Jeonbuk,Gwangju FC,1,0,1.42,4.46,7.15,2020,H,,47,1.0,1.0,0.0,0.0,1.0,1.0,0.0,0.0,0.0,0.0,1.0,1.0,0.0,0.0,0.0,0.0,0.0,0.0,0.0,100.0,0.0,33.3,66.7
2020-06-20,Pohang,Gangwon,2,0,2.13,3.44,3.23,2020,H,,45,0.0,0.0,1.0,0.0,1.0,2.0,-1.0,2.0,2.0,0.0,-1.0,0.0,-1.0,0.0,0.0,0.0,0.0,0.0,0.0,25.0,75.0,33.3,33.3
2020-06-20,Seongnam,Sangmu,0,1,2.43,2.95,3.1,2020,A,,43,0.0,0.0,1.0,0.0,0.0,1.0,-1.0,2.0,1.0,1.0,-2.0,0.0,-2.0,0.0,0.0,0.0,1.0,0.0,1.0,0.0,66.7,0.0,33.3
2020-06-20,Seoul,Ulsan,0,2,4.82,3.62,1.7,2020,A,,44,0.0,1.0,1.0,0.0,1.0,3.0,-2.0,4.0,0.0,4.0,-3.0,3.0,-6.0,0.0,1.0,-1.0,1.0,0.0,1.0,33.3,66.7,75.0,0.0
2020-06-17,Busan,Daegu,2,2,4.3,3.52,1.8,2020,D,,40,0.0,1.0,0.0,0.0,1.0,2.0,-1.0,1.0,1.0,0.0,0.0,1.0,-1.0,0.0,0.0,0.0,0.0,0.0,0.0,0.0,33.3,33.3,33.3
2020-06-17,Gwangju FC,Incheon,2,1,2.16,3.04,3.6,2020,H,,41,1.0,0.0,0.0,1.0,3.0,0.0,3.0,1.0,1.0,0.0,2.0,-1.0,3.0,1.0,0.0,1.0,0.0,0.0,0.0,33.3,33.3,0.0,66.7
2020-06-17,Sangmu,Seoul,1,0,2.47,3.26,2.78,2020,H,,42,0.0,0.0,1.0,1.0,2.0,0.0,2.0,4.0,6.0,-2.0,-2.0,-6.0,4.0,0.0,0.0,0.0,1.0,1.0,0.0,66.7,33.3,33.3,66.7
2020-06-16,Gangwon,Ulsan,0,3,3.21,3.37,2.17,2020,A,,37,1.0,1.0,0.0,0.0,1.0,4.0,-3.0,0.0,0.0,0.0,1.0,4.0,-3.0,0.0,1.0,-1.0,0.0,0.0,0.0,66.7,0.0,66.7,0.0
2020-06-16,Pohang,Jeonbuk,1,2,3.65,3.53,1.96,2020,A,,39,0.0,1.0,1.0,0.0,0.0,4.0,-4.0,4.0,1.0,3.0,-4.0,3.0,-7.0,0.0,1.0,-1.0,1.0,0.0,1.0,33.3,66.7,66.7,33.3
2020-06-16,Seongnam,Suwon Bluewings,0,2,2.8,2.86,2.76,2020,A,,38,0.0,0.0,1.0,0.0,1.0,0.0,1.0,2.0,0.0,2.0,-1.0,0.0,-1.0,0.0,0.0,0.0,0.0,0.0,0.0,0.0,50.0,0.0,50.0
2020-06-14,Daegu,Seoul,6,0,1.84,3.31,4.43,2020,H,,35,0.0,1.0,0.0,0.0,1.0,2.0,-1.0,1.0,1.0,0.0,0.0,1.0,-1.0,0.0,0.0,0.0,0.0,0.0,0.0,0.0,0.0,50.0,50.0
2020-06-14,Gwangju FC,Busan,3,1,2.93,3.02,2.5,2020,H,,36,0.0,0.0,0.0,0.0,1.0,1.0,0.0,1.0,1.0,0.0,0.0,0.0,0.0,0.0,0.0,0.0,0.0,0.0,0.0,0.0,50.0,0.0,50.0
2020-06-13,Jeonbuk,Incheon,1,0,1.31,5.17,8.84,2020,H,,32,1.0,0.0,0.0,1.0,2.0,0.0,2.0,0.0,1.0,-1.0,2.0,-1.0,3.0,1.0,0.0,1.0,0.0,0.0,0.0,100.0,0.0,0.0,50.0
2020-06-13,Sangmu,Pohang,2,4,3.7,3.49,1.94,2020,A,,33,1.0,1.0,0.0,0.0,1.0,4.0,-3.0,0.0,1.0,-1.0,1.0,3.0,-2.0,0.0,1.0,-1.0,0.0,0.0,0.0,100.0,0.0,50.0,0.0
2020-06-13,Suwon Bluewings,Gangwon,2,2,2.35,3.2,3.01,2020,D,,31,0.0,1.0,1.0,0.0,0.0,2.0,-2.0,1.0,1.0,0.0,-1.0,1.0,-2.0,0.0,0.0,0.0,0.0,0.0,0.0,33.3,66.7,50.0,50.0
2020-06-13,Ulsan,Seongnam,1,0,1.79,3.34,4.74,2020,H,,34,0.0,1.0,0.0,0.0,1.0,1.0,0.0,1.0,0.0,1.0,0.0,1.0,-1.0,0.0,0.0,0.0,0.0,0.0,0.0,50.0,0.0,66.7,0.0
2020-06-07,Seongnam,Daegu,1,2,2.78,2.81,2.82,2020,A,,29,0.0,0.0,0.0,1.0,0.0,0.0,0.0,0.0,2.0,-2.0,0.0,-2.0,2.0,0.0,0.0,0.0,0.0,1.0,-1.0,0.0,0.0,0.0,50.0
2020-06-07,Suwon Bluewings,Gwangju FC,0,1,1.81,3.33,4.59,2020,A,,30,1.0,0.0,0.0,1.0,1.0,0.0,1.0,0.0,1.0,-1.0,1.0,-1.0,2.0,0.0,0.0,0.0,0.0,0.0,0.0,50.0,50.0,0.0,100.0
2020-06-06,Busan,Sangmu,1,1,2.18,3.29,3.29,2020,D,,27,0.0,0.0,0.0,0.0,0.0,1.0,-1.0,0.0,1.0,-1.0,0.0,0.0,0.0,0.0,0.0,0.0,0.0,0.0,0.0,0.0,50.0,0.0,50.0
2020-06-06,Pohang,Ulsan,0,4,2.56,3.35,2.65,2020,A,,28,0.0,0.0,1.0,0.0,1.0,1.0,0.0,2.0,1.0,1.0,-1.0,0.0,-1.0,0.0,0.0,0.0,0.0,0.0,0.0,50.0,50.0,50.0,0.0
2020-06-06,Seoul,Jeonbuk,1,4,4.73,3.47,1.75,2020,A,,26,0.0,0.0,1.0,1.0,0.0,0.0,0.0,1.0,1.0,0.0,-1.0,-1.0,0.0,0.0,0.0,0.0,0.0,0.0,0.0,50.0,50.0,50.0,50.0
2020-06-05,Incheon,Gangwon,1,2,3.93,3.29,1.95,2020,A,,25,0.0,0.0,1.0,1.0,1.0,0.0,1.0,4.0,2.0,2.0,-3.0,-2.0,-1.0,0.0,0.0,0.0,1.0,1.0,0.0,0.0,50.0,0.0,100.0
2020-05-31,Incheon,Pohang,1,4,3.88,3.27,1.97,2020,A,,24,0.0,0.0,0.0,0.0,0.0,1.0,-1.0,0.0,1.0,-1.0,0.0,0.0,0.0,0.0,0.0,0.0,0.0,0.0,0.0,0.0,0.0,0.0,0.0
2020-05-31,Seoul,Seongnam,0,1,2.49,2.99,3.0,2020,A,,23,1.0,0.0,0.0,0.0,1.0,1.0,0.0,0.0,1.0,-1.0,1.0,0.0,1.0,0.0,0.0,0.0,0.0,0.0,0.0,100.0,0.0,50.0,0.0
2020-05-30,Busan,Suwon Bluewings,0,0,2.75,3.15,2.58,2020,D,,21,0.0,0.0,1.0,1.0,1.0,0.0,1.0,2.0,1.0,1.0,-1.0,-1.0,0.0,0.0,0.0,0.0,0.0,0.0,0.0,0.0,100.0,0.0,100.0
2020-05-30,Gangwon,Jeonbuk,1,0,5.02,3.88,1.64,2020,H,,20,0.0,1.0,0.0,0.0,1.0,2.0,-1.0,1.0,1.0,0.0,0.0,1.0,-1.0,0.0,0.0,0.0,0.0,0.0,0.0,50.0,0.0,100.0,0.0
2020-05-30,Gwangju FC,Ulsan,1,1,4.82,3.58,1.72,2020,D,,22,0.0,1.0,1.0,0.0,0.0,3.0,-3.0,2.0,2.0,0.0,-2.0,1.0,-3.0,0.0,0.0,0.0,1.0,0.0,1.0,0.0,100.0,100.0,0.0
2020-05-29,Daegu,Sangmu,1,1,1.91,3.29,4.14,2020,D,,19,0.0,0.0,0.0,1.0,1.0,0.0,1.0,1.0,4.0,-3.0,0.0,-4.0,4.0,0.0,0.0,0.0,0.0,1.0,-1.0,0.0,0.0,0.0,100.0
2020-05-24,Jeonbuk,Daegu,2,0,1.75,3.57,4.59,2020,H,,18,1.0,0.0,0.0,0.0,1.0,0.0,1.0,0.0,0.0,0.0,1.0,0.0,1.0,0.0,0.0,0.0,0.0,0.0,0.0,100.0,0.0,0.0,0.0
2020-05-24,Ulsan,Busan,1,1,1.58,3.97,5.4,2020,D,,17,1.0,0.0,0.0,1.0,4.0,0.0,4.0,0.0,2.0,-2.0,4.0,-2.0,6.0,1.0,0.0,1.0,0.0,1.0,-1.0,100.0,0.0,0.0,100.0
2020-05-23,Gangwon,Seongnam,1,1,2.12,3.18,3.55,2020,D,,16,1.0,1.0,0.0,0.0,3.0,2.0,1.0,1.0,0.0,1.0,2.0,2.0,0.0,1.0,1.0,0.0,0.0,0.0,0.0,100.0,0.0,100.0,0.0
2020-05-23,Sangmu,Gwangju FC,1,0,2.39,3.18,2.99,2020,H,,15,1.0,0.0,0.0,1.0,2.0,0.0,2.0,0.0,1.0,-1.0,2.0,-1.0,3.0,1.0,0.0,1.0,0.0,0.0,0.0,100.0,0.0,0.0,100.0
2020-05-23,Suwon Bluewings,Incheon,1,0,1.78,3.48,4.53,2020,H,,14,0.0,0.0,1.0,0.0,2.0,0.0,2.0,3.0,0.0,3.0,-1.0,0.0,-1.0,0.0,0.0,0.0,0.0,0.0,0.0,0.0,100.0,0.0,0.0
2020-05-22,Pohang,Seoul,1,2,1.96,3.32,3.91,2020,A,,13,1.0,0.0,0.0,1.0,2.0,1.0,1.0,0.0,3.0,-3.0,2.0,-2.0,4.0,1.0,0.0,1.0,0.0,1.0,-1.0,100.0,0.0,0.0,100.0
2020-05-17,Seongnam,Incheon,0,0,2.15,3.05,3.68,2020,D,,10,,,,,,,,,,,,,,,,,,,,,,,
2020-05-17,Seoul,Gwangju FC,1,0,2.11,3.29,3.48,2020,H,,11,,,,,,,,,,,,,,,,,,,,,,,
2020-05-17,Suwon Bluewings,Ulsan,2,3,3.89,3.44,1.92,2020,A,,12,,,,,,,,,,,,,,,,,,,,,,,
2020-05-16,Busan,Jeonbuk,1,2,5.54,3.92,1.59,2020,A,,7,,,,,,,,,,,,,,,,,,,,,,,
2020-05-16,Daegu,Pohang,1,1,2.51,3.06,2.91,2020,D,,8,,,,,,,,,,,,,,,,,,,,,,,
2020-05-16,Sangmu,Gangwon,2,0,3.26,3.5,2.1,2020,H,,9,,,,,,,,,,,,,,,,,,,,,,,
2020-05-10,Gangwon,Seoul,3,1,2.69,3.33,2.54,2020,H,,5,,,,,,,,,,,,,,,,,,,,,,,
2020-05-10,Pohang,Busan,2,0,1.98,3.31,3.85,2020,H,,6,,,,,,,,,,,,,,,,,,,,,,,
2020-05-09,Gwangju FC,Seongnam,0,2,2.31,3.13,3.2,2020,A,,2,,,,,,,,,,,,,,,,,,,,,,,
2020-05-09,Incheon,Daegu,0,0,4.27,3.29,1.9,2020,D,,3,,,,,,,,,,,,,,,,,,,,,,,
2020-05-09,Ulsan,Sangmu,4,0,1.6,3.96,5.32,2020,H,,4,,,,,,,,,,,,,,,,,,,,,,,
2020-05-08,Jeonbuk,Suwon Bluewings,1,0,1.74,3.64,4.6,2020,H,,1,,,,,,,,,,,,,,,,,,,,,,,
2019-12-08,Gyeongnam,Busan,0,2,2.77,3.05,2.52,2019,A,,232,0.0,,0.0,,0.0,,,0.0,,,0.0,,,0.0,,,0.0,,,21.1,31.6,,
2019-12-05,Busan,Gyeongnam,0,0,2.34,3.18,2.9,2019,D,,231,1.0,1.0,0.0,0.0,1.0,2.0,-1.0,0.0,1.0,-1.0,1.0,1.0,0.0,0.0,0.0,0.0,0.0,0.0,0.0,100.0,0.0,10.5,57.9
2019-12-01,Daegu,Seoul,0,0,1.74,3.58,4.41,2019,D,,229,0.0,0.0,1.0,0.0,0.0,1.0,-1.0,2.0,1.0,1.0,-2.0,0.0,-2.0,0.0,0.0,0.0,1.0,0.0,1.0,33.3,27.8,38.9,38.9
2019-12-01,Jeonbuk,Gangwon,1,0,1.31,5.1,7.89,2019,H,,230,0.0,0.0,0.0,0.0,1.0,2.0,-1.0,1.0,2.0,-1.0,0.0,0.0,0.0,0.0,0.0,0.0,0.0,0.0,0.0,57.9,10.5,27.8,44.4
2019-12-01,Ulsan,Pohang,1,4,2.06,3.35,3.35,2019,A,,228,0.0,1.0,0.0,0.0,1.0,3.0,-2.0,1.0,0.0,1.0,0.0,3.0,-3.0,0.0,1.0,-1.0,0.0,0.0,0.0,72.2,5.6,27.8,55.6
2019-11-30,Busan,Anyang,1,0,1.97,3.45,3.31,2019,H,,224,,,,,,,,,,,,,,,,,,,,,,,
2019-11-30,Gyeongnam,Incheon,0,0,2.37,3.26,2.82,2019,D,,225,0.0,0.0,1.0,1.0,0.0,0.0,0.0,1.0,2.0,-1.0,-1.0,-2.0,1.0,0.0,0.0,0.0,0.0,1.0,-1.0,22.2,33.3,27.8,50.0
2019-11-30,Sangmu,Suwon Bluewings,4,1,2.29,3.31,2.91,2019,H,,226,0.0,1.0,1.0,0.0,0.0,4.0,-4.0,1.0,2.0,-1.0,-1.0,2.0,-3.0,0.0,1.0,-1.0,0.0,0.0,0.0,50.0,33.3,38.9,33.3
2019-11-30,Seongnam,Jeju,3,1,2.25,3.21,3.12,2019,H,,227,0.0,0.0,1.0,0.0,1.0,2.0,-1.0,2.0,2.0,0.0,-1.0,0.0,-1.0,0.0,0.0,0.0,0.0,0.0,0.0,33.3,38.9,5.3,47.4
2019-11-24,Incheon,Sangmu,2,0,2.06,3.45,3.31,2019,H,,221,0.0,1.0,0.0,0.0,1.0,1.0,0.0,1.0,0.0,1.0,0.0,1.0,-1.0,0.0,0.0,0.0,0.0,0.0,0.0,5.6,50.0,33.3,44.4
2019-11-24,Jeju,Suwon Bluewings,2,4,2.17,3.39,3.08,2019,A,,223,1.0,0.0,0.0,0.0,2.0,1.0,1.0,0.0,1.0,-1.0,2.0,0.0,2.0,1.0,0.0,1.0,0.0,0.0,0.0,23.5,58.8,35.3,35.3
2019-11-24,Seongnam,Gyeongnam,1,2,2.67,3.04,2.64,2019,A,,222,0.0,0.0,1.0,1.0,0.0,1.0,-1.0,1.0,2.0,-1.0,-1.0,-1.0,0.0,0.0,0.0,0.0,0.0,0.0,0.0,35.3,35.3,5.6,61.1
2019-11-23,Anyang,Bucheon,1,1,2.05,3.37,3.19,2019,D,,220,,,,,,,,,,,,,,,,,,,,,,,
2019-11-23,Gangwon,Daegu,2,4,3.01,3.35,2.23,2019,A,,218,1.0,0.0,0.0,0.0,3.0,0.0,3.0,2.0,0.0,2.0,1.0,0.0,1.0,0.0,0.0,0.0,0.0,0.0,0.0,50.0,33.3,33.3,22.2
2019-11-23,Seoul,Pohang,0,3,2.26,3.26,3.03,2019,A,,217,0.0,0.0,1.0,1.0,0.0,0.0,0.0,1.0,3.0,-2.0,-1.0,-3.0,2.0,0.0,0.0,0.0,0.0,1.0,-1.0,44.4,22.2,23.5,58.8
2019-11-23,Ulsan,Jeonbuk,1,1,2.98,3.42,2.21,2019,D,,219,1.0,1.0,0.0,0.0,2.0,2.0,0.0,1.0,0.0,1.0,1.0,2.0,-1.0,0.0,1.0,-1.0,0.0,0.0,0.0,76.5,5.9,58.8,5.9
2019-11-03,Daegu,Jeonbuk,0,2,3.21,3.27,2.16,2019,A,,215,0.0,0.0,1.0,0.0,1.0,0.0,1.0,2.0,0.0,2.0,-1.0,0.0,-1.0,0.0,0.0,0.0,0.0,0.0,0.0,35.3,23.5,56.2,6.2
2019-11-03,Pohang,Gangwon,2,2,2.03,3.47,3.36,2019,D,,214,0.0,0.0,0.0,1.0,0.0,1.0,-1.0,0.0,2.0,-2.0,0.0,-1.0,1.0,0.0,0.0,0.0,0.0,0.0,0.0,55.6,22.2,29.4,47.1
2019-11-03,Seoul,Ulsan,0,1,3.0,3.37,2.22,2019,A,,216,0.0,1.0,1.0,0.0,1.0,2.0,-1.0,2.0,1.0,1.0,-1.0,1.0,-2.0,0.0,0.0,0.0,0.0,0.0,0.0,47.1,17.6,50.0,16.7
2019-11-02,Gyeongnam,Sangmu,0,1,2.16,3.25,3.2,2019,A,,213,0.0,1.0,0.0,0.0,2.0,2.0,0.0,2.0,1.0,1.0,0.0,1.0,-1.0,0.0,0.0,0.0,0.0,0.0,0.0,23.5,29.4,29.4,47.1
2019-11-02,Jeju,Incheon,2,0,2.04,3.48,3.28,2019,H,,211,0.0,1.0,1.0,0.0,1.0,1.0,0.0,2.0,0.0,2.0,-1.0,1.0,-2.0,0.0,0.0,0.0,0.0,0.0,0.0,18.8,62.5,29.4,47.1
2019-11-02,Suwon Bluewings,Seongnam,0,0,2.36,2.93,3.15,2019,D,,212,1.0,1.0,0.0,0.0,2.0,1.0,1.0,1.0,0.0,1.0,1.0,1.0,0.0,0.0,0.0,0.0,0.0,0.0,0.0,27.8,38.9,27.8,55.6
2019-10-27,Gyeongnam,Jeju,2,2,2.45,3.37,2.66,2019,D,,209,0.0,0.0,0.0,1.0,1.0,1.0,0.0,1.0,2.0,-1.0,0.0,-1.0,1.0,0.0,0.0,0.0,0.0,0.0,0.0,25.0,31.2,5.6,50.0
2019-10-27,Incheon,Suwon Bluewings,1,1,3.22,3.34,2.13,2019,D,,208,0.0,0.0,0.0,1.0,0.0,0.0,0.0,0.0,2.0,-2.0,0.0,-2.0,2.0,0.0,0.0,0.0,0.0,1.0,-1.0,5.9,52.9,37.5,37.5
2019-10-27,Sangmu,Seongnam,0,1,2.32,2.99,3.17,2019,A,,210,1.0,0.0,0.0,1.0,2.0,0.0,2.0,1.0,1.0,0.0,1.0,-1.0,2.0,0.0,0.0,0.0,0.0,0.0,0.0,52.9,29.4,23.5,58.8
2019-10-26,Jeonbuk,Seoul,1,1,1.51,4.15,5.57,2019,D,,205,1.0,0.0,0.0,1.0,3.0,2.0,1.0,0.0,3.0,-3.0,3.0,-1.0,4.0,1.0,0.0,1.0,0.0,0.0,0.0,61.1,11.1,41.2,41.2
2019-10-26,Pohang,Daegu,0,0,2.31,3.2,2.99,2019,D,,207,1.0,1.0,0.0,0.0,2.0,2.0,0.0,1.0,1.0,0.0,1.0,1.0,0.0,0.0,0.0,0.0,0.0,0.0,0.0,58.8,23.5,35.3,23.5
2019-10-26,Ulsan,Gangwon,2,1,1.8,3.68,4.02,2019,H,,206,1.0,0.0,0.0,1.0,2.0,1.0,1.0,0.0,2.0,-2.0,2.0,-1.0,3.0,1.0,0.0,1.0,0.0,0.0,0.0,75.0,6.2,31.2,43.8
2019-10-20,Daegu,Ulsan,1,2,2.74,3.26,2.43,2019,A,,202,0.0,0.0,0.0,1.0,2.0,1.0,1.0,2.0,2.0,0.0,0.0,-1.0,1.0,0.0,0.0,0.0,0.0,0.0,0.0,37.5,18.8,47.1,17.6
2019-10-20,Gangwon,Seoul,3,2,2.78,3.34,2.38,2019,H,,204,0.0,1.0,0.0,0.0,2.0,2.0,0.0,2.0,1.0,1.0,0.0,1.0,-1.0,0.0,0.0,0.0,0.0,0.0,0.0,47.1,35.3,43.8,37.5
2019-10-20,Jeonbuk,Pohang,3,0,1.81,3.6,4.01,2019,H,,203,1.0,1.0,0.0,0.0,2.0,1.0,1.0,0.0,0.0,0.0,2.0,1.0,1.0,1.0,0.0,1.0,0.0,0.0,0.0,58.8,11.8,25.0,56.2
2019-10-19,Sangmu,Jeju,2,1,2.59,3.17,2.64,2019,H,,201,1.0,0.0,0.0,0.0,2.0,2.0,0.0,1.0,2.0,-1.0,1.0,0.0,1.0,0.0,0.0,0.0,0.0,0.0,0.0,50.0,31.2,5.9,47.1
2019-10-19,Seongnam,Incheon,0,1,2.33,2.99,3.13,2019,A,,199,0.0,0.0,1.0,0.0,1.0,2.0,-1.0,2.0,2.0,0.0,-1.0,0.0,-1.0,0.0,0.0,0.0,0.0,0.0,0.0,37.5,31.2,25.0,50.0
2019-10-19,Suwon Bluewings,Gyeongnam,2,1,2.07,3.33,3.37,2019,H,,200,0.0,1.0,1.0,0.0,1.0,2.0,-1.0,2.0,1.0,1.0,-1.0,1.0,-2.0,0.0,0.0,0.0,0.0,0.0,0.0,23.5,41.2,5.9,58.8
2019-10-06,Incheon,Jeonbuk,0,0,5.24,4.19,1.54,2019,D,,197,0.0,0.0,0.0,0.0,1.0,1.0,0.0,1.0,1.0,0.0,0.0,0.0,0.0,0.0,0.0,0.0,0.0,0.0,0.0,6.2,56.2,60.0,6.7
2019-10-06,Jeju,Gyeongnam,1,2,2.12,3.48,3.13,2019,A,,194,1.0,0.0,0.0,0.0,3.0,1.0,2.0,0.0,1.0,-1.0,3.0,0.0,3.0,1.0,0.0,1.0,0.0,0.0,0.0,20.0,60.0,0.0,62.5
2019-10-06,Pohang,Ulsan,2,1,2.64,3.38,2.48,2019,H,,198,1.0,1.0,0.0,0.0,2.0,2.0,0.0,1.0,0.0,1.0,1.0,2.0,-1.0,0.0,1.0,-1.0,0.0,0.0,0.0,56.2,25.0,50.0,12.5
2019-10-06,Sangmu,Gangwon,2,1,2.59,3.37,2.54,2019,H,,195,0.0,0.0,1.0,1.0,2.0,0.0,2.0,3.0,2.0,1.0,-1.0,-2.0,1.0,0.0,0.0,0.0,0.0,1.0,-1.0,46.7,33.3,33.3,40.0
2019-10-06,Seongnam,Daegu,1,2,3.49,3.0,2.19,2019,A,,196,1.0,1.0,0.0,0.0,1.0,2.0,-1.0,0.0,0.0,0.0,1.0,2.0,-1.0,0.0,1.0,-1.0,0.0,0.0,0.0,40.0,26.7,31.2,25.0
2019-10-06,Suwon Bluewings,Seoul,1,2,2.46,3.24,2.76,2019,A,,193,0.0,0.0,1.0,1.0,0.0,1.0,-1.0,2.0,2.0,0.0,-2.0,-1.0,-1.0,0.0,0.0,0.0,1.0,0.0,1.0,25.0,37.5,40.0,40.0
2019-10-03,Gyeongnam,Jeonbuk,1,1,6.3,4.71,1.4,2019,D,,192,0.0,1.0,1.0,0.0,0.0,2.0,-2.0,1.0,0.0,1.0,-1.0,2.0,-3.0,0.0,1.0,-1.0,0.0,0.0,0.0,26.7,33.3,64.3,7.1
2019-10-02,Ulsan,Gangwon,2,0,1.68,3.87,4.48,2019,H,,191,1.0,0.0,0.0,1.0,1.0,0.0,1.0,0.0,1.0,-1.0,1.0,-1.0,2.0,0.0,0.0,0.0,0.0,0.0,0.0,73.3,6.7,35.7,35.7
2019-09-29,Gangwon,Incheon,2,2,1.8,3.67,3.99,2019,D,,190,1.0,1.0,0.0,0.0,2.0,3.0,-1.0,0.0,2.0,-2.0,2.0,1.0,1.0,1.0,0.0,1.0,0.0,0.0,0.0,50.0,37.5,26.7,53.3
2019-09-29,Gyeongnam,Pohang,0,1,3.22,3.5,2.06,2019,A,,188,0.0,0.0,0.0,0.0,3.0,0.0,3.0,3.0,0.0,3.0,0.0,0.0,0.0,0.0,0.0,0.0,0.0,0.0,0.0,28.6,28.6,20.0,60.0
2019-09-29,Seoul,Sangmu,1,2,1.87,3.57,3.8,2019,A,,189,0.0,0.0,0.0,0.0,1.0,1.0,0.0,1.0,1.0,0.0,0.0,0.0,0.0,0.0,0.0,0.0,0.0,0.0,0.0,50.0,12.5,25.0,50.0
2019-09-28,Daegu,Jeju,2,2,1.78,3.54,4.25,2019,D,,187,0.0,0.0,0.0,1.0,0.0,1.0,-1.0,0.0,2.0,-2.0,0.0,-1.0,1.0,0.0,0.0,0.0,0.0,0.0,0.0,40.0,20.0,6.2,50.0
2019-09-28,Jeonbuk,Suwon Bluewings,2,0,1.61,3.96,4.85,2019,H,,186,0.0,0.0,1.0,0.0,0.0,0.0,0.0,2.0,0.0,2.0,-2.0,0.0,-2.0,0.0,0.0,0.0,1.0,0.0,1.0,56.2,12.5,40.0,33.3
2019-09-28,Ulsan,Seongnam,1,0,1.46,4.09,6.48,2019,H,,185,1.0,0.0,0.0,1.0,5.0,0.0,5.0,1.0,3.0,-2.0,4.0,-3.0,7.0,1.0,0.0,1.0,0.0,1.0,-1.0,71.4,7.1,25.0,56.2
2019-09-25,Jeonbuk,Daegu,0,2,1.63,3.74,5.11,2019,A,,184,1.0,0.0,0.0,0.0,2.0,1.0,1.0,1.0,1.0,0.0,1.0,0.0,1.0,0.0,0.0,0.0,0.0,0.0,0.0,60.0,6.7,26.7,26.7
2019-09-25,Sangmu,Incheon,2,3,2.05,3.27,3.51,2019,A,,180,0.0,0.0,0.0,1.0,1.0,1.0,0.0,1.0,3.0,-2.0,0.0,-2.0,2.0,0.0,0.0,0.0,0.0,1.0,-1.0,50.0,28.6,21.4,57.1
2019-09-25,Seongnam,Gangwon,1,0,3.09,3.11,2.31,2019,H,,183,0.0,0.0,0.0,1.0,0.0,1.0,-1.0,0.0,3.0,-3.0,0.0,-2.0,2.0,0.0,0.0,0.0,0.0,1.0,-1.0,35.7,28.6,38.5,30.8
2019-09-25,Seoul,Gyeongnam,1,1,1.94,3.56,3.57,2019,D,,181,1.0,0.0,0.0,1.0,3.0,0.0,3.0,1.0,2.0,-1.0,2.0,-2.0,4.0,1.0,0.0,1.0,0.0,1.0,-1.0,53.3,13.3,0.0,66.7
2019-09-25,Suwon Bluewings,Ulsan,0,2,3.54,3.53,1.94,2019,A,,182,0.0,0.0,0.0,0.0,1.0,3.0,-2.0,1.0,3.0,-2.0,0.0,0.0,0.0,0.0,0.0,0.0,0.0,0.0,0.0,26.7,33.3,46.7,13.3
2019-09-24,Pohang,Jeju,2,1,1.99,3.4,3.56,2019,H,,179,1.0,0.0,0.0,1.0,2.0,0.0,2.0,1.0,2.0,-1.0,1.0,-2.0,3.0,0.0,0.0,0.0,0.0,1.0,-1.0,53.3,26.7,6.7,46.7
2019-09-22,Incheon,Daegu,1,1,4.07,3.4,1.85,2019,D,,178,0.0,0.0,0.0,0.0,3.0,1.0,2.0,3.0,1.0,2.0,0.0,0.0,0.0,0.0,0.0,0.0,0.0,0.0,0.0,6.7,60.0,28.6,28.6
2019-09-21,Jeju,Seongnam,3,0,2.33,3.09,3.07,2019,H,,177,0.0,0.0,0.0,1.0,1.0,0.0,1.0,1.0,1.0,0.0,0.0,-1.0,1.0,0.0,0.0,0.0,0.0,0.0,0.0,14.3,64.3,26.7,53.3
2019-09-21,Pohang,Seoul,2,1,2.15,3.35,3.19,2019,H,,175,1.0,0.0,0.0,0.0,1.0,1.0,0.0,0.0,1.0,-1.0,1.0,0.0,1.0,0.0,0.0,0.0,0.0,0.0,0.0,50.0,28.6,42.9,35.7
2019-09-21,Suwon Bluewings,Sangmu,1,1,1.92,3.34,3.87,2019,D,,176,1.0,0.0,0.0,1.0,1.0,1.0,0.0,0.0,2.0,-2.0,1.0,-1.0,2.0,0.0,0.0,0.0,0.0,0.0,0.0,28.6,35.7,26.7,53.3
2019-09-15,Gangwon,Jeju,2,0,1.93,3.57,3.55,2019,H,,173,1.0,0.0,0.0,1.0,2.0,0.0,2.0,0.0,1.0,-1.0,2.0,-1.0,3.0,1.0,0.0,1.0,0.0,0.0,0.0,46.7,40.0,7.1,42.9
2019-09-15,Seongnam,Suwon Bluewings,0,0,3.79,3.06,2.04,2019,D,,172,1.0,0.0,0.0,1.0,1.0,0.0,1.0,0.0,2.0,-2.0,1.0,-2.0,3.0,0.0,0.0,0.0,0.0,1.0,-1.0,38.5,30.8,42.9,35.7
2019-09-15,Seoul,Incheon,3,1,1.86,3.55,3.88,2019,H,,174,0.0,0.0,1.0,1.0,0.0,3.0,-3.0,2.0,5.0,-3.0,-2.0,-2.0,0.0,0.0,0.0,0.0,1.0,1.0,0.0,50.0,14.3,23.1,53.8
2019-09-14,Daegu,Pohang,0,0,2.3,3.25,2.96,2019,D,,169,1.0,0.0,0.0,1.0,3.0,1.0,2.0,1.0,2.0,-1.0,2.0,-1.0,3.0,1.0,0.0,1.0,0.0,0.0,0.0,42.9,21.4,21.4,64.3
2019-09-14,Gyeongnam,Ulsan,3,3,3.7,3.8,1.84,2019,D,,170,1.0,0.0,0.0,0.0,2.0,3.0,-1.0,0.0,3.0,-3.0,2.0,0.0,2.0,1.0,0.0,1.0,0.0,0.0,0.0,30.8,30.8,50.0,14.3
2019-09-14,Jeonbuk,Sangmu,2,1,1.39,4.57,7.41,2019,H,,171,0.0,0.0,0.0,1.0,1.0,1.0,0.0,1.0,5.0,-4.0,0.0,-4.0,4.0,0.0,0.0,0.0,0.0,1.0,-1.0,57.1,7.1,28.6,50.0
2019-09-01,Gangwon,Gyeongnam,2,0,2.03,3.58,3.25,2019,H,,168,0.0,0.0,1.0,1.0,1.0,0.0,1.0,3.0,1.0,2.0,-2.0,-1.0,-1.0,0.0,0.0,0.0,1.0,0.0,1.0,42.9,42.9,0.0,64.3
2019-09-01,Incheon,Ulsan,3,3,4.24,3.73,1.74,2019,D,,166,0.0,0.0,0.0,1.0,0.0,0.0,0.0,0.0,3.0,-3.0,0.0,-3.0,3.0,0.0,0.0,0.0,0.0,1.0,-1.0,7.1,64.3,53.8,15.4
2019-09-01,Sangmu,Daegu,1,1,3.35,3.24,2.11,2019,D,,165,1.0,0.0,0.0,0.0,2.0,1.0,1.0,1.0,1.0,0.0,1.0,0.0,1.0,0.0,0.0,0.0,0.0,0.0,0.0,53.8,30.8,30.8,30.8
2019-09-01,Seoul,Jeonbuk,0,2,4.53,4.03,1.65,2019,A,,167,0.0,1.0,0.0,0.0,0.0,2.0,-2.0,0.0,1.0,-1.0,0.0,1.0,-1.0,0.0,0.0,0.0,0.0,0.0,0.0,53.8,7.7,61.5,7.7
2019-08-31,Pohang,Seongnam,1,0,2.05,3.15,3.63,2019,H,,164,1.0,0.0,0.0,0.0,5.0,1.0,4.0,3.0,1.0,2.0,2.0,0.0,2.0,1.0,0.0,1.0,0.0,0.0,0.0,46.2,30.8,28.6,50.0
2019-08-30,Suwon Bluewings,Jeju,1,0,2.0,3.4,3.53,2019,H,,163,0.0,0.0,1.0,0.0,0.0,0.0,0.0,1.0,0.0,1.0,-1.0,0.0,-1.0,0.0,0.0,0.0,0.0,0.0,0.0,23.1,38.5,7.7,38.5
2019-08-25,Jeju,Seoul,1,1,2.82,3.43,2.31,2019,D,,161,0.0,0.0,1.0,1.0,1.0,0.0,1.0,4.0,1.0,3.0,-3.0,-1.0,-2.0,0.0,0.0,0.0,1.0,0.0,1.0,15.4,69.2,46.2,38.5
2019-08-25,Pohang,Incheon,5,3,1.8,3.48,4.31,2019,H,,162,0.0,1.0,1.0,0.0,1.0,1.0,0.0,2.0,0.0,2.0,-1.0,1.0,-2.0,0.0,0.0,0.0,0.0,0.0,0.0,41.7,33.3,25.0,50.0
2019-08-24,Daegu,Gangwon,3,1,2.08,3.41,3.28,2019,H,,160,1.0,0.0,0.0,0.0,1.0,0.0,1.0,0.0,0.0,0.0,1.0,0.0,1.0,0.0,0.0,0.0,0.0,0.0,0.0,38.5,23.1,41.7,25.0
2019-08-24,Jeonbuk,Seongnam,1,1,1.43,4.19,7.13,2019,D,,159,1.0,0.0,0.0,1.0,3.0,0.0,3.0,0.0,2.0,-2.0,3.0,-2.0,5.0,1.0,0.0,1.0,0.0,1.0,-1.0,61.5,7.7,30.8,53.8
2019-08-24,Ulsan,Sangmu,5,1,1.83,3.49,4.1,2019,H,,158,0.0,1.0,0.0,0.0,1.0,4.0,-3.0,1.0,1.0,0.0,0.0,3.0,-3.0,0.0,1.0,-1.0,0.0,0.0,0.0,69.2,7.7,30.8,46.2
2019-08-23,Gyeongnam,Suwon Bluewings,2,0,2.82,3.36,2.34,2019,H,,157,1.0,1.0,0.0,0.0,2.0,3.0,-1.0,0.0,1.0,-1.0,2.0,2.0,0.0,1.0,1.0,0.0,0.0,0.0,0.0,25.0,33.3,46.2,30.8
2019-08-18,Incheon,Jeju,0,0,2.55,3.3,2.6,2019,D,,155,0.0,0.0,1.0,0.0,0.0,2.0,-2.0,1.0,2.0,-1.0,-1.0,0.0,-1.0,0.0,0.0,0.0,0.0,0.0,0.0,7.7,69.2,8.3,41.7
2019-08-18,Sangmu,Pohang,2,1,2.38,3.19,2.91,2019,H,,156,1.0,1.0,0.0,0.0,2.0,2.0,0.0,1.0,0.0,1.0,1.0,2.0,-1.0,0.0,1.0,-1.0,0.0,0.0,0.0,50.0,33.3,23.1,61.5
2019-08-17,Daegu,Gyeongnam,1,0,1.87,3.56,3.87,2019,H,,154,0.0,0.0,1.0,1.0,0.0,1.0,-1.0,2.0,2.0,0.0,-2.0,-1.0,-1.0,0.0,0.0,0.0,1.0,0.0,1.0,33.3,25.0,0.0,61.5
2019-08-17,Gangwon,Suwon Bluewings,1,3,2.11,3.42,3.22,2019,A,,153,0.0,1.0,0.0,0.0,3.0,2.0,1.0,3.0,0.0,3.0,0.0,2.0,-2.0,0.0,1.0,-1.0,0.0,0.0,0.0,46.2,38.5,41.7,33.3
2019-08-17,Seongnam,Seoul,1,0,3.49,3.05,2.15,2019,H,,152,1.0,0.0,0.0,1.0,1.0,1.0,0.0,0.0,3.0,-3.0,1.0,-2.0,3.0,0.0,0.0,0.0,0.0,1.0,-1.0,33.3,33.3,50.0,33.3
2019-08-16,Jeonbuk,Ulsan,3,0,2.03,3.55,3.31,2019,H,,151,0.0,1.0,0.0,0.0,2.0,5.0,-3.0,2.0,0.0,2.0,0.0,5.0,-5.0,0.0,1.0,-1.0,0.0,0.0,0.0,58.3,8.3,58.3,8.3
2019-08-11,Pohang,Jeonbuk,1,2,3.57,3.57,1.92,2019,A,,148,0.0,0.0,1.0,0.0,1.0,3.0,-2.0,2.0,3.0,-1.0,-1.0,0.0,-1.0,0.0,0.0,0.0,0.0,0.0,0.0,45.5,27.3,58.3,8.3
2019-08-11,Seoul,Gangwon,0,0,2.56,3.52,2.47,2019,D,,150,1.0,0.0,0.0,1.0,2.0,1.0,1.0,1.0,2.0,-1.0,1.0,-1.0,2.0,0.0,0.0,0.0,0.0,0.0,0.0,58.3,8.3,45.5,27.3
2019-08-11,Ulsan,Daegu,1,1,1.96,3.4,3.62,2019,D,,149,1.0,0.0,0.0,1.0,3.0,1.0,2.0,1.0,2.0,-1.0,2.0,-1.0,3.0,1.0,0.0,1.0,0.0,0.0,0.0,75.0,8.3,33.3,33.3
2019-08-10,Gyeongnam,Seongnam,2,0,2.25,3.17,3.13,2019,H,,145,0.0,1.0,0.0,0.0,2.0,1.0,1.0,2.0,0.0,2.0,0.0,1.0,-1.0,0.0,0.0,0.0,0.0,0.0,0.0,18.2,36.4,33.3,50.0
2019-08-10,Jeju,Sangmu,1,4,2.86,3.19,2.38,2019,A,,147,0.0,0.0,1.0,1.0,0.0,0.0,0.0,5.0,1.0,4.0,-5.0,-1.0,-4.0,0.0,0.0,0.0,1.0,0.0,1.0,16.7,66.7,25.0,50.0
2019-08-10,Suwon Bluewings,Incheon,0,1,1.99,3.33,3.58,2019,A,,146,0.0,1.0,1.0,0.0,0.0,2.0,-2.0,2.0,1.0,1.0,-2.0,1.0,-3.0,0.0,0.0,0.0,1.0,0.0,1.0,25.0,33.3,18.2,54.5
2019-08-04,Gangwon,Jeonbuk,3,3,3.89,3.83,1.79,2019,D,,142,1.0,1.0,0.0,0.0,2.0,4.0,-2.0,1.0,2.0,-1.0,1.0,2.0,-1.0,0.0,1.0,-1.0,0.0,0.0,0.0,50.0,41.7,63.6,9.1
2019-08-04,Incheon,Seongnam,0,1,2.79,2.91,2.66,2019,A,,143,0.0,1.0,0.0,0.0,1.0,2.0,-1.0,1.0,1.0,0.0,0.0,1.0,-1.0,0.0,0.0,0.0,0.0,0.0,0.0,8.3,66.7,27.3,54.5
2019-08-04,Suwon Bluewings,Pohang,0,2,2.09,3.23,3.43,2019,A,,144,0.0,0.0,1.0,1.0,1.0,1.0,0.0,2.0,2.0,0.0,-1.0,-1.0,0.0,0.0,0.0,0.0,0.0,0.0,0.0,27.3,27.3,16.7,66.7
2019-08-03,Jeju,Ulsan,0,5,3.61,3.43,1.95,2019,A,,141,0.0,0.0,0.0,0.0,1.0,1.0,0.0,1.0,1.0,0.0,0.0,0.0,0.0,0.0,0.0,0.0,0.0,0.0,0.0,18.2,63.6,54.5,9.1
2019-08-03,Sangmu,Gyeongnam,2,1,2.2,3.29,3.15,2019,H,,140,1.0,0.0,0.0,0.0,2.0,1.0,1.0,0.0,1.0,-1.0,2.0,0.0,2.0,1.0,0.0,1.0,0.0,0.0,0.0,45.5,36.4,0.0,58.3
2019-08-02,Seoul,Daegu,2,1,2.48,3.29,2.67,2019,H,,139,0.0,0.0,1.0,1.0,2.0,0.0,2.0,4.0,2.0,2.0,-2.0,-2.0,0.0,0.0,0.0,0.0,1.0,1.0,0.0,54.5,9.1,36.4,27.3
2019-07-31,Gangwon,Pohang,2,1,2.36,3.44,2.75,2019,H,,137,1.0,0.0,0.0,0.0,2.0,1.0,1.0,1.0,1.0,0.0,1.0,0.0,1.0,0.0,0.0,0.0,0.0,0.0,0.0,45.5,45.5,18.2,63.6
2019-07-31,Jeonbuk,Jeju,2,2,1.44,4.51,6.24,2019,D,,138,0.0,0.0,0.0,0.0,1.0,2.0,-1.0,1.0,2.0,-1.0,0.0,0.0,0.0,0.0,0.0,0.0,0.0,0.0,0.0,63.6,9.1,9.1,45.5
2019-07-30,Daegu,Suwon Bluewings,0,2,2.24,3.21,3.13,2019,A,,134,0.0,1.0,1.0,0.0,1.0,2.0,-1.0,4.0,0.0,4.0,-3.0,2.0,-5.0,0.0,1.0,-1.0,1.0,0.0,1.0,36.4,18.2,36.4,36.4
2019-07-30,Incheon,Gyeongnam,1,1,2.96,3.3,2.28,2019,D,,136,0.0,0.0,1.0,1.0,0.0,1.0,-1.0,2.0,2.0,0.0,-2.0,-1.0,-1.0,0.0,0.0,0.0,1.0,0.0,1.0,9.1,72.7,0.0,63.6
2019-07-30,Seongnam,Sangmu,1,0,2.97,2.92,2.5,2019,H,,133,0.0,0.0,1.0,0.0,0.0,2.0,-2.0,1.0,2.0,-1.0,-1.0,0.0,-1.0,0.0,0.0,0.0,0.0,0.0,0.0,27.3,36.4,27.3,45.5
2019-07-30,Ulsan,Seoul,3,1,1.75,3.73,4.2,2019,H,,135,0.0,1.0,0.0,0.0,2.0,2.0,0.0,2.0,0.0,2.0,0.0,2.0,-2.0,0.0,1.0,-1.0,0.0,0.0,0.0,72.7,9.1,54.5,27.3
2019-07-24,Ulsan,Sangmu,2,2,1.85,3.36,4.19,2019,D,,132,1.0,0.0,0.0,1.0,2.0,0.0,2.0,1.0,4.0,-3.0,1.0,-4.0,5.0,0.0,0.0,0.0,0.0,1.0,-1.0,80.0,10.0,30.0,50.0
2019-07-21,Sangmu,Daegu,2,0,2.93,3.09,2.42,2019,H,,131,0.0,1.0,1.0,0.0,0.0,1.0,-1.0,2.0,0.0,2.0,-2.0,1.0,-3.0,0.0,0.0,0.0,1.0,0.0,1.0,40.0,40.0,40.0,20.0
2019-07-21,Suwon Bluewings,Seongnam,1,2,1.87,3.21,4.29,2019,A,,130,1.0,0.0,0.0,1.0,2.0,0.0,2.0,0.0,1.0,-1.0,2.0,-1.0,3.0,1.0,0.0,1.0,0.0,0.0,0.0,30.0,20.0,20.0,60.0
2019-07-21,Ulsan,Gangwon,2,1,1.88,3.65,3.67,2019,H,,129,1.0,0.0,0.0,0.0,1.0,2.0,-1.0,0.0,2.0,-2.0,1.0,0.0,1.0,0.0,0.0,0.0,0.0,0.0,0.0,77.8,11.1,50.0,20.0
2019-07-20,Gyeongnam,Jeju,2,2,2.33,3.31,2.86,2019,D,,126,0.0,0.0,1.0,1.0,1.0,0.0,1.0,3.0,2.0,1.0,-2.0,-2.0,0.0,0.0,0.0,0.0,1.0,1.0,0.0,20.0,40.0,10.0,50.0
2019-07-20,Pohang,Incheon,1,2,1.7,3.58,4.74,2019,A,,127,1.0,0.0,0.0,1.0,1.0,0.0,1.0,0.0,1.0,-1.0,1.0,-1.0,2.0,0.0,0.0,0.0,0.0,0.0,0.0,50.0,20.0,10.0,60.0
2019-07-20,Seoul,Jeonbuk,2,4,4.0,3.64,1.8,2019,A,,128,0.0,1.0,0.0,0.0,2.0,4.0,-2.0,2.0,1.0,1.0,0.0,3.0,-3.0,0.0,1.0,-1.0,0.0,0.0,0.0,60.0,0.0,60.0,10.0
2019-07-14,Jeonbuk,Ulsan,1,1,1.95,3.59,3.48,2019,D,,123,1.0,1.0,0.0,0.0,3.0,3.0,0.0,1.0,1.0,0.0,2.0,2.0,0.0,1.0,1.0,0.0,0.0,0.0,0.0,70.0,10.0,60.0,10.0
2019-07-14,Sangmu,Suwon Bluewings,0,2,2.81,3.11,2.48,2019,A,,124,0.0,1.0,0.0,0.0,1.0,3.0,-2.0,1.0,2.0,-1.0,0.0,1.0,-1.0,0.0,0.0,0.0,0.0,0.0,0.0,44.4,33.3,30.0,40.0
2019-07-14,Seongnam,Daegu,0,1,3.65,3.07,2.09,2019,A,,125,1.0,0.0,0.0,0.0,1.0,1.0,0.0,0.0,1.0,-1.0,1.0,0.0,1.0,0.0,0.0,0.0,0.0,0.0,0.0,30.0,30.0,33.3,22.2
2019-07-13,Incheon,Seoul,0,2,3.97,3.47,1.85,2019,A,,121,0.0,0.0,1.0,1.0,2.0,2.0,0.0,3.0,4.0,-1.0,-1.0,-2.0,1.0,0.0,0.0,0.0,0.0,1.0,-1.0,10.0,70.0,50.0,30.0
2019-07-13,Jeju,Pohang,1,1,2.75,3.17,2.5,2019,D,,122,1.0,0.0,0.0,0.0,4.0,1.0,3.0,2.0,1.0,1.0,2.0,0.0,2.0,1.0,0.0,1.0,0.0,0.0,0.0,20.0,70.0,20.0,70.0
2019-07-12,Gangwon,Gyeongnam,2,1,1.91,3.57,3.68,2019,H,,120,1.0,0.0,0.0,0.0,4.0,1.0,3.0,0.0,1.0,-1.0,4.0,0.0,4.0,1.0,0.0,1.0,0.0,0.0,0.0,40.0,50.0,0.0,60.0
2019-07-10,Daegu,Jeonbuk,1,4,4.07,3.47,1.84,2019,A,,116,0.0,0.0,0.0,0.0,1.0,1.0,0.0,1.0,1.0,0.0,0.0,0.0,0.0,0.0,0.0,0.0,0.0,0.0,0.0,40.0,10.0,55.6,11.1
2019-07-10,Incheon,Suwon Bluewings,2,3,3.74,3.26,1.98,2019,A,,118,0.0,0.0,1.0,0.0,1.0,1.0,0.0,2.0,1.0,1.0,-1.0,0.0,-1.0,0.0,0.0,0.0,0.0,0.0,0.0,11.1,66.7,22.2,44.4
2019-07-10,Jeju,Seoul,4,2,2.94,3.43,2.24,2019,H,,117,0.0,1.0,0.0,0.0,1.0,2.0,-1.0,1.0,1.0,0.0,0.0,1.0,-1.0,0.0,0.0,0.0,0.0,0.0,0.0,11.1,77.8,55.6,22.2
2019-07-10,Pohang,Seongnam,1,0,2.12,3.12,3.49,2019,H,,119,0.0,0.0,0.0,1.0,1.0,1.0,0.0,1.0,3.0,-2.0,0.0,-2.0,2.0,0.0,0.0,0.0,0.0,1.0,-1.0,44.4,22.2,22.2,55.6
2019-07-09,Gangwon,Sangmu,4,0,2.2,3.32,3.1,2019,H,,115,1.0,0.0,0.0,1.0,5.0,0.0,5.0,4.0,1.0,3.0,1.0,-1.0,2.0,0.0,0.0,0.0,0.0,0.0,0.0,33.3,55.6,33.3,44.4
2019-07-09,Gyeongnam,Ulsan,1,3,4.2,3.69,1.75,2019,A,,114,0.0,0.0,0.0,0.0,1.0,2.0,-1.0,1.0,2.0,-1.0,0.0,0.0,0.0,0.0,0.0,0.0,0.0,0.0,0.0,22.2,33.3,55.6,11.1
2019-07-07,Jeonbuk,Seongnam,3,1,1.47,4.02,6.56,2019,H,,112,0.0,1.0,0.0,0.0,1.0,2.0,-1.0,1.0,1.0,0.0,0.0,1.0,-1.0,0.0,0.0,0.0,0.0,0.0,0.0,66.7,11.1,25.0,50.0
2019-07-07,Suwon Bluewings,Jeju,2,0,2.21,3.29,3.08,2019,H,,113,0.0,0.0,0.0,1.0,0.0,2.0,-2.0,0.0,4.0,-4.0,0.0,-2.0,2.0,0.0,0.0,0.0,0.0,1.0,-1.0,22.2,22.2,11.1,44.4
2019-07-06,Daegu,Gyeongnam,1,1,1.97,3.39,3.58,2019,D,,110,0.0,0.0,1.0,0.0,1.0,0.0,1.0,2.0,0.0,2.0,-1.0,0.0,-1.0,0.0,0.0,0.0,0.0,0.0,0.0,44.4,11.1,0.0,66.7
2019-07-06,Sangmu,Pohang,1,1,2.34,3.16,2.97,2019,D,,111,1.0,0.0,0.0,1.0,4.0,4.0,0.0,2.0,5.0,-3.0,2.0,-1.0,3.0,1.0,0.0,1.0,0.0,0.0,0.0,50.0,37.5,22.2,77.8
2019-07-06,Seoul,Gangwon,2,2,2.16,3.4,3.09,2019,D,,109,0.0,1.0,0.0,0.0,2.0,2.0,0.0,2.0,1.0,1.0,0.0,1.0,-1.0,0.0,0.0,0.0,0.0,0.0,0.0,66.7,0.0,55.6,22.2
2019-07-06,Ulsan,Incheon,1,0,1.3,4.96,9.37,2019,H,,108,1.0,0.0,0.0,0.0,1.0,1.0,0.0,0.0,1.0,-1.0,1.0,0.0,1.0,0.0,0.0,0.0,0.0,0.0,0.0,75.0,12.5,11.1,55.6
2019-06-30,Incheon,Gangwon,1,2,3.19,3.4,2.11,2019,A,,107,0.0,0.0,1.0,0.0,0.0,2.0,-2.0,1.0,2.0,-1.0,-1.0,0.0,-1.0,0.0,0.0,0.0,0.0,0.0,0.0,12.5,62.5,50.0,25.0
2019-06-30,Pohang,Jeonbuk,1,1,4.69,3.93,1.64,2019,D,,105,0.0,1.0,1.0,0.0,0.0,1.0,-1.0,2.0,0.0,2.0,-2.0,1.0,-3.0,0.0,0.0,0.0,1.0,0.0,1.0,50.0,25.0,62.5,12.5
2019-06-30,Seoul,Ulsan,2,2,2.93,3.17,2.36,2019,D,,106,1.0,1.0,0.0,0.0,4.0,3.0,1.0,2.0,1.0,1.0,2.0,2.0,0.0,1.0,1.0,0.0,0.0,0.0,0.0,75.0,0.0,62.5,12.5
2019-06-29,Jeju,Daegu,1,1,3.36,3.3,2.09,2019,D,,103,0.0,1.0,1.0,0.0,1.0,2.0,-1.0,2.0,0.0,2.0,-1.0,2.0,-3.0,0.0,1.0,-1.0,0.0,0.0,0.0,12.5,87.5,37.5,25.0
2019-06-29,Suwon Bluewings,Gyeongnam,0,0,1.9,3.53,3.7,2019,D,,104,0.0,0.0,0.0,0.0,1.0,1.0,0.0,1.0,1.0,0.0,0.0,0.0,0.0,0.0,0.0,0.0,0.0,0.0,0.0,25.0,25.0,0.0,75.0
2019-06-28,Seongnam,Sangmu,1,0,3.43,2.96,2.23,2019,H,,102,0.0,0.0,0.0,1.0,1.0,0.0,1.0,1.0,2.0,-1.0,0.0,-2.0,2.0,0.0,0.0,0.0,0.0,1.0,-1.0,22.2,33.3,37.5,37.5
2019-06-23,Gangwon,Pohang,5,4,2.24,3.29,3.06,2019,H,,100,0.0,0.0,1.0,1.0,2.0,0.0,2.0,3.0,1.0,2.0,-1.0,-1.0,0.0,0.0,0.0,0.0,0.0,0.0,0.0,25.0,62.5,25.0,75.0
2019-06-23,Jeonbuk,Suwon Bluewings,1,1,1.79,3.64,4.09,2019,D,,101,1.0,0.0,0.0,1.0,2.0,2.0,0.0,0.0,4.0,-4.0,2.0,-2.0,4.0,1.0,0.0,1.0,0.0,1.0,-1.0,75.0,12.5,25.0,50.0
2019-06-22,Daegu,Seoul,1,2,2.35,3.14,2.98,2019,A,,99,0.0,1.0,0.0,0.0,2.0,2.0,0.0,2.0,1.0,1.0,0.0,1.0,-1.0,0.0,0.0,0.0,0.0,0.0,0.0,50.0,0.0,50.0,25.0
2019-06-22,Gyeongnam,Incheon,1,1,2.0,3.36,3.54,2019,D,,98,0.0,0.0,1.0,0.0,1.0,0.0,1.0,2.0,0.0,2.0,-1.0,0.0,-1.0,0.0,0.0,0.0,0.0,0.0,0.0,25.0,37.5,12.5,62.5
2019-06-21,Jeju,Seongnam,1,2,2.21,3.07,3.34,2019,A,,97,0.0,0.0,1.0,1.0,1.0,1.0,0.0,3.0,3.0,0.0,-2.0,-2.0,0.0,0.0,0.0,0.0,1.0,1.0,0.0,14.3,85.7,14.3,57.1
2019-06-16,Sangmu,Jeju,4,2,2.18,3.09,3.34,2019,H,,95,0.0,1.0,0.0,0.0,1.0,1.0,0.0,1.0,0.0,1.0,0.0,1.0,-1.0,0.0,0.0,0.0,0.0,0.0,0.0,42.9,42.9,12.5,37.5
2019-06-16,Seoul,Suwon Bluewings,4,2,2.26,3.21,3.05,2019,H,,96,1.0,0.0,0.0,0.0,3.0,0.0,3.0,1.0,0.0,1.0,2.0,0.0,2.0,1.0,0.0,1.0,0.0,0.0,0.0,71.4,0.0,28.6,42.9
2019-06-15,Daegu,Gangwon,2,2,1.99,3.32,3.63,2019,D,,92,0.0,0.0,0.0,0.0,0.0,1.0,-1.0,0.0,1.0,-1.0,0.0,0.0,0.0,0.0,0.0,0.0,0.0,0.0,0.0,57.1,0.0,57.1,28.6
2019-06-15,Incheon,Jeonbuk,0,1,6.25,4.27,1.45,2019,A,,94,0.0,1.0,1.0,0.0,1.0,3.0,-2.0,2.0,2.0,0.0,-1.0,1.0,-2.0,0.0,0.0,0.0,0.0,0.0,0.0,14.3,57.1,57.1,14.3
2019-06-15,Seongnam,Gyeongnam,1,1,2.89,3.02,2.47,2019,D,,93,0.0,0.0,0.0,0.0,0.0,1.0,-1.0,0.0,1.0,-1.0,0.0,0.0,0.0,0.0,0.0,0.0,0.0,0.0,0.0,25.0,37.5,0.0,85.7
2019-06-15,Ulsan,Pohang,1,0,1.68,3.68,4.61,2019,H,,91,0.0,0.0,0.0,1.0,0.0,0.0,0.0,0.0,3.0,-3.0,0.0,-3.0,3.0,0.0,0.0,0.0,0.0,1.0,-1.0,71.4,14.3,28.6,71.4
2019-06-02,Gyeongnam,Seoul,1,2,3.25,3.26,2.14,2019,A,,87,0.0,0.0,1.0,0.0,1.0,0.0,1.0,2.0,0.0,2.0,-1.0,0.0,-1.0,0.0,0.0,0.0,0.0,0.0,0.0,28.6,28.6,42.9,28.6
2019-06-02,Jeonbuk,Sangmu,2,0,1.56,3.98,5.43,2019,H,,89,1.0,1.0,0.0,0.0,4.0,2.0,2.0,1.0,1.0,0.0,3.0,1.0,2.0,1.0,0.0,1.0,0.0,0.0,0.0,71.4,14.3,42.9,28.6
2019-06-02,Pohang,Daegu,0,2,3.18,3.18,2.23,2019,A,,90,0.0,0.0,0.0,0.0,0.0,0.0,0.0,0.0,0.0,0.0,0.0,0.0,0.0,0.0,0.0,0.0,0.0,0.0,0.0,57.1,14.3,28.6,28.6
2019-06-02,Suwon Bluewings,Gangwon,1,1,2.19,3.31,3.1,2019,D,,88,1.0,1.0,0.0,0.0,3.0,2.0,1.0,0.0,1.0,-1.0,3.0,1.0,2.0,1.0,0.0,1.0,0.0,0.0,0.0,28.6,28.6,66.7,33.3
2019-06-01,Jeju,Ulsan,1,3,3.05,3.27,2.24,2019,A,,86,0.0,1.0,1.0,0.0,1.0,4.0,-3.0,2.0,1.0,1.0,-1.0,3.0,-4.0,0.0,1.0,-1.0,0.0,0.0,0.0,16.7,83.3,57.1,14.3
2019-06-01,Seongnam,Incheon,0,0,2.2,3.11,3.29,2019,D,,85,0.0,1.0,1.0,0.0,1.0,2.0,-1.0,4.0,1.0,3.0,-3.0,1.0,-4.0,0.0,0.0,0.0,1.0,0.0,1.0,28.6,42.9,14.3,71.4
2019-05-29,Gangwon,Jeonbuk,2,3,3.66,3.44,1.94,2019,A,,82,0.0,0.0,1.0,1.0,0.0,1.0,-1.0,1.0,2.0,-1.0,-1.0,-1.0,0.0,0.0,0.0,0.0,0.0,0.0,0.0,28.6,57.1,50.0,16.7
2019-05-29,Sangmu,Gyeongnam,1,1,2.25,3.14,3.15,2019,D,,81,0.0,0.0,1.0,1.0,1.0,1.0,0.0,3.0,4.0,-1.0,-2.0,-3.0,1.0,0.0,0.0,0.0,1.0,1.0,0.0,50.0,50.0,0.0,100.0
2019-05-29,Suwon Bluewings,Pohang,3,0,2.29,3.12,3.1,2019,H,,84,0.0,1.0,1.0,0.0,1.0,2.0,-1.0,3.0,1.0,2.0,-2.0,1.0,-3.0,0.0,0.0,0.0,1.0,0.0,1.0,16.7,33.3,33.3,66.7
2019-05-29,Ulsan,Daegu,0,0,1.99,3.25,3.69,2019,D,,83,1.0,0.0,0.0,1.0,2.0,1.0,1.0,1.0,2.0,-1.0,1.0,-1.0,2.0,0.0,0.0,0.0,0.0,0.0,0.0,83.3,16.7,33.3,33.3
2019-05-28,Jeju,Incheon,1,2,1.63,3.68,5.05,2019,A,,79,0.0,0.0,1.0,1.0,1.0,1.0,0.0,3.0,2.0,1.0,-2.0,-1.0,-1.0,0.0,0.0,0.0,1.0,0.0,1.0,20.0,80.0,0.0,83.3
2019-05-28,Seoul,Seongnam,3,1,1.83,3.26,4.45,2019,H,,80,1.0,0.0,0.0,1.0,2.0,0.0,2.0,1.0,1.0,0.0,1.0,-1.0,2.0,0.0,0.0,0.0,0.0,0.0,0.0,66.7,0.0,16.7,50.0
2019-05-26,Daegu,Suwon Bluewings,0,0,2.21,3.23,3.15,2019,D,,77,1.0,1.0,0.0,0.0,2.0,3.0,-1.0,1.0,1.0,0.0,1.0,2.0,-1.0,0.0,1.0,-1.0,0.0,0.0,0.0,66.7,0.0,33.3,50.0
2019-05-26,Jeonbuk,Gyeongnam,4,1,1.45,4.35,6.11,2019,H,,78,1.0,0.0,0.0,1.0,3.0,0.0,3.0,1.0,2.0,-1.0,2.0,-2.0,4.0,1.0,0.0,1.0,0.0,1.0,-1.0,66.7,16.7,0.0,100.0
2019-05-25,Gangwon,Jeju,0,1,2.25,3.32,3.0,2019,A,,76,1.0,0.0,0.0,1.0,1.0,1.0,0.0,0.0,3.0,-3.0,1.0,-2.0,3.0,0.0,0.0,0.0,0.0,1.0,-1.0,33.3,50.0,0.0,42.9
2019-05-25,Pohang,Seoul,0,0,2.94,3.17,2.34,2019,D,,74,1.0,1.0,0.0,0.0,2.0,3.0,-1.0,1.0,1.0,0.0,1.0,2.0,-1.0,0.0,1.0,-1.0,0.0,0.0,0.0,66.7,16.7,50.0,33.3
2019-05-25,Seongnam,Ulsan,1,4,3.87,3.22,1.95,2019,A,,75,0.0,1.0,1.0,0.0,1.0,3.0,-2.0,2.0,1.0,1.0,-1.0,2.0,-3.0,0.0,1.0,-1.0,0.0,0.0,0.0,33.3,33.3,50.0,16.7
2019-05-24,Incheon,Sangmu,1,2,3.44,3.04,2.17,2019,A,,73,0.0,0.0,1.0,1.0,0.0,0.0,0.0,1.0,1.0,0.0,-1.0,-1.0,0.0,0.0,0.0,0.0,0.0,0.0,0.0,16.7,50.0,33.3,33.3
2019-05-19,Daegu,Incheon,2,1,1.62,3.67,5.21,2019,H,,72,1.0,0.0,0.0,1.0,1.0,0.0,1.0,0.0,1.0,-1.0,1.0,-1.0,2.0,0.0,0.0,0.0,0.0,0.0,0.0,60.0,0.0,0.0,80.0
2019-05-19,Gyeongnam,Pohang,1,2,2.33,3.29,2.86,2019,A,,69,0.0,1.0,1.0,0.0,0.0,1.0,-1.0,2.0,0.0,2.0,-2.0,1.0,-3.0,0.0,0.0,0.0,1.0,0.0,1.0,33.3,16.7,20.0,80.0
2019-05-19,Sangmu,Seoul,1,3,2.84,2.96,2.56,2019,A,,70,1.0,0.0,0.0,0.0,1.0,1.0,0.0,0.0,1.0,-1.0,1.0,0.0,1.0,0.0,0.0,0.0,0.0,0.0,0.0,60.0,40.0,40.0,40.0
2019-05-19,Seongnam,Gangwon,1,2,2.51,3.02,2.85,2019,A,,71,0.0,1.0,0.0,0.0,0.0,2.0,-2.0,0.0,0.0,0.0,0.0,2.0,-2.0,0.0,1.0,-1.0,0.0,0.0,0.0,40.0,20.0,60.0,40.0
2019-05-18,Jeonbuk,Jeju,3,1,1.51,4.11,5.76,2019,H,,68,1.0,0.0,0.0,0.0,2.0,1.0,1.0,1.0,1.0,0.0,1.0,0.0,1.0,0.0,0.0,0.0,0.0,0.0,0.0,60.0,20.0,0.0,33.3
2019-05-18,Suwon Bluewings,Ulsan,1,3,2.66,3.15,2.58,2019,A,,67,0.0,0.0,0.0,1.0,1.0,1.0,0.0,1.0,2.0,-1.0,0.0,-1.0,1.0,0.0,0.0,0.0,0.0,0.0,0.0,20.0,20.0,40.0,20.0
2019-05-12,Gyeongnam,Gangwon,0,2,2.24,3.31,3.01,2019,A,,66,0.0,1.0,0.0,0.0,3.0,4.0,-1.0,3.0,2.0,1.0,0.0,2.0,-2.0,0.0,1.0,-1.0,0.0,0.0,0.0,40.0,0.0,50.0,50.0
2019-05-12,Jeju,Suwon Bluewings,1,3,2.27,3.23,3.02,2019,A,,64,1.0,0.0,0.0,1.0,2.0,0.0,2.0,0.0,1.0,-1.0,2.0,-1.0,3.0,1.0,0.0,1.0,0.0,0.0,0.0,25.0,75.0,20.0,60.0
2019-05-12,Ulsan,Jeonbuk,2,1,3.32,3.28,2.12,2019,H,,65,1.0,0.0,0.0,0.0,2.0,0.0,2.0,0.0,0.0,0.0,2.0,0.0,2.0,1.0,0.0,1.0,0.0,0.0,0.0,80.0,20.0,60.0,0.0
2019-05-11,Incheon,Pohang,0,1,2.83,3.09,2.48,2019,A,,63,0.0,0.0,0.0,1.0,0.0,0.0,0.0,0.0,3.0,-3.0,0.0,-3.0,3.0,0.0,0.0,0.0,0.0,1.0,-1.0,20.0,40.0,0.0,100.0
2019-05-11,Seoul,Daegu,2,1,2.64,2.96,2.74,2019,H,,62,0.0,1.0,0.0,0.0,0.0,2.0,-2.0,0.0,0.0,0.0,0.0,2.0,-2.0,0.0,1.0,-1.0,0.0,0.0,0.0,60.0,0.0,40.0,20.0
2019-05-10,Sangmu,Seongnam,1,0,2.45,2.76,3.24,2019,H,,61,0.0,0.0,1.0,0.0,0.0,0.0,0.0,3.0,0.0,3.0,-3.0,0.0,-3.0,0.0,0.0,0.0,1.0,0.0,1.0,50.0,50.0,20.0,40.0
2019-05-05,Gangwon,Incheon,1,0,1.89,3.4,3.91,2019,H,,60,0.0,0.0,1.0,0.0,0.0,0.0,0.0,2.0,0.0,2.0,-2.0,0.0,-2.0,0.0,0.0,0.0,1.0,0.0,1.0,20.0,60.0,0.0,75.0
2019-05-05,Suwon Bluewings,Seoul,1,1,2.59,3.18,2.62,2019,D,,59,0.0,0.0,0.0,1.0,0.0,1.0,-1.0,0.0,2.0,-2.0,0.0,-1.0,1.0,0.0,0.0,0.0,0.0,0.0,0.0,25.0,25.0,50.0,50.0
2019-05-04,Jeju,Gyeongnam,2,0,2.12,3.36,3.23,2019,H,,58,0.0,0.0,1.0,1.0,2.0,0.0,2.0,3.0,2.0,1.0,-1.0,-2.0,1.0,0.0,0.0,0.0,0.0,1.0,-1.0,0.0,100.0,0.0,100.0
2019-05-04,Pohang,Ulsan,2,1,3.78,3.31,1.94,2019,H,,57,1.0,1.0,0.0,0.0,1.0,3.0,-2.0,0.0,0.0,0.0,1.0,3.0,-2.0,0.0,1.0,-1.0,0.0,0.0,0.0,60.0,20.0,50.0,0.0
2019-05-04,Seongnam,Jeonbuk,0,0,4.63,3.58,1.72,2019,D,,56,1.0,1.0,0.0,0.0,2.0,3.0,-1.0,0.0,0.0,0.0,2.0,3.0,-1.0,1.0,1.0,0.0,0.0,0.0,0.0,50.0,25.0,75.0,0.0
2019-05-03,Daegu,Sangmu,1,0,2.26,3.06,3.23,2019,H,,55,1.0,1.0,0.0,0.0,3.0,3.0,0.0,0.0,2.0,-2.0,3.0,1.0,2.0,1.0,0.0,1.0,0.0,0.0,0.0,50.0,0.0,40.0,20.0
2019-04-28,Jeonbuk,Seoul,2,1,1.62,3.8,5.12,2019,H,,54,1.0,1.0,0.0,0.0,2.0,2.0,0.0,0.0,1.0,-1.0,2.0,1.0,1.0,1.0,0.0,1.0,0.0,0.0,0.0,50.0,25.0,66.7,33.3
2019-04-28,Ulsan,Gyeongnam,2,0,1.76,3.65,4.22,2019,H,,53,0.0,0.0,1.0,1.0,0.0,1.0,-1.0,1.0,2.0,-1.0,-1.0,-1.0,0.0,0.0,0.0,0.0,0.0,0.0,0.0,75.0,25.0,0.0,100.0
2019-04-27,Gangwon,Daegu,0,2,2.97,3.17,2.35,2019,A,,51,0.0,0.0,1.0,0.0,1.0,0.0,1.0,2.0,0.0,2.0,-1.0,0.0,-1.0,0.0,0.0,0.0,0.0,0.0,0.0,25.0,50.0,25.0,25.0
2019-04-27,Incheon,Seongnam,0,0,3.37,3.1,2.17,2019,D,,50,0.0,1.0,1.0,0.0,0.0,1.0,-1.0,3.0,0.0,3.0,-3.0,1.0,-4.0,0.0,0.0,0.0,1.0,0.0,1.0,25.0,50.0,25.0,50.0
2019-04-27,Jeju,Sangmu,2,3,2.3,3.05,3.12,2019,A,,52,0.0,0.0,1.0,0.0,2.0,1.0,1.0,4.0,1.0,3.0,-2.0,0.0,-2.0,0.0,0.0,0.0,1.0,0.0,1.0,0.0,100.0,25.0,25.0
2019-04-26,Pohang,Suwon Bluewings,1,0,3.09,3.24,2.24,2019,H,,49,0.0,0.0,0.0,0.0,1.0,3.0,-2.0,1.0,3.0,-2.0,0.0,0.0,0.0,0.0,0.0,0.0,0.0,0.0,0.0,50.0,25.0,25.0,50.0
2019-04-21,Jeju,Gangwon,2,4,2.1,3.24,3.35,2019,A,,48,0.0,0.0,1.0,1.0,0.0,0.0,0.0,1.0,1.0,0.0,-1.0,-1.0,0.0,0.0,0.0,0.0,0.0,0.0,0.0,0.0,100.0,33.3,66.7
2019-04-21,Seoul,Incheon,0,0,1.6,3.77,5.35,2019,D,,47,1.0,0.0,0.0,1.0,2.0,0.0,2.0,1.0,2.0,-1.0,1.0,-2.0,3.0,0.0,0.0,0.0,0.0,1.0,-1.0,75.0,0.0,0.0,100.0
2019-04-20,Daegu,Pohang,3,0,1.85,3.32,4.26,2019,H,,43,0.0,0.0,0.0,1.0,1.0,0.0,1.0,1.0,2.0,-1.0,0.0,-2.0,2.0,0.0,0.0,0.0,0.0,1.0,-1.0,33.3,0.0,0.0,100.0
2019-04-20,Gyeongnam,Suwon Bluewings,3,3,2.63,3.24,2.53,2019,D,,45,0.0,1.0,0.0,0.0,1.0,2.0,-1.0,1.0,0.0,1.0,0.0,2.0,-2.0,0.0,1.0,-1.0,0.0,0.0,0.0,50.0,0.0,33.3,66.7
2019-04-20,Sangmu,Jeonbuk,0,3,4.02,3.37,1.88,2019,A,,44,0.0,1.0,1.0,0.0,0.0,1.0,-1.0,1.0,0.0,1.0,-1.0,1.0,-2.0,0.0,0.0,0.0,0.0,0.0,0.0,66.7,33.3,66.7,0.0
2019-04-20,Ulsan,Seongnam,0,1,1.81,3.35,4.42,2019,A,,46,1.0,0.0,0.0,0.0,2.0,1.0,1.0,1.0,1.0,0.0,1.0,0.0,1.0,0.0,0.0,0.0,0.0,0.0,0.0,100.0,0.0,0.0,66.7
2019-04-14,Gangwon,Seoul,1,2,3.03,3.11,2.34,2019,A,,41,0.0,0.0,1.0,1.0,0.0,1.0,-1.0,2.0,2.0,0.0,-2.0,-1.0,-1.0,0.0,0.0,0.0,1.0,0.0,1.0,33.3,33.3,50.0,50.0
2019-04-14,Incheon,Ulsan,0,3,4.35,3.4,1.8,2019,A,,42,0.0,1.0,1.0,0.0,0.0,1.0,-1.0,3.0,0.0,3.0,-3.0,1.0,-4.0,0.0,0.0,0.0,1.0,0.0,1.0,33.3,33.3,33.3,0.0
2019-04-14,Suwon Bluewings,Daegu,0,0,2.8,3.14,2.46,2019,D,,40,0.0,1.0,0.0,0.0,0.0,3.0,-3.0,0.0,0.0,0.0,0.0,3.0,-3.0,0.0,1.0,-1.0,0.0,0.0,0.0,33.3,33.3,33.3,33.3
2019-04-13,Gyeongnam,Sangmu,1,1,2.34,3.25,2.91,2019,D,,39,0.0,0.0,0.0,0.0,3.0,0.0,3.0,3.0,0.0,3.0,0.0,0.0,0.0,0.0,0.0,0.0,0.0,0.0,0.0,66.7,0.0,33.3,33.3
2019-04-13,Jeju,Jeonbuk,0,1,3.4,3.35,2.06,2019,A,,38,,0.0,,0.0,,3.0,,,3.0,,,0.0,,,0.0,,,0.0,,,,50.0,0.0
2019-04-13,Seongnam,Pohang,2,0,2.48,3.09,2.82,2019,H,,37,0.0,0.0,0.0,1.0,1.0,0.0,1.0,1.0,2.0,-1.0,0.0,-2.0,2.0,0.0,0.0,0.0,0.0,1.0,-1.0,33.3,33.3,0.0,100.0
2019-04-07,Gangwon,Suwon Bluewings,0,2,2.52,3.13,2.74,2019,A,,36,1.0,0.0,0.0,1.0,2.0,1.0,1.0,1.0,2.0,-1.0,1.0,-1.0,2.0,0.0,0.0,0.0,0.0,0.0,0.0,50.0,0.0,0.0,100.0
2019-04-07,Pohang,Jeju,1,1,2.8,3.09,2.51,2019,D,,35,1.0,0.0,0.0,0.0,1.0,1.0,0.0,0.0,1.0,-1.0,1.0,0.0,1.0,0.0,0.0,0.0,0.0,0.0,0.0,66.7,33.3,0.0,40.0
2019-04-06,Daegu,Seongnam,1,1,1.97,3.13,3.96,2019,D,,34,0.0,0.0,0.0,1.0,1.0,1.0,0.0,1.0,2.0,-1.0,0.0,-1.0,1.0,0.0,0.0,0.0,0.0,0.0,0.0,50.0,0.0,0.0,100.0
2019-04-06,Jeonbuk,Incheon,2,0,1.37,4.82,7.18,2019,H,,33,1.0,0.0,0.0,1.0,2.0,1.0,1.0,0.0,3.0,-3.0,2.0,-2.0,4.0,1.0,0.0,1.0,0.0,1.0,-1.0,33.3,33.3,0.0,100.0
2019-04-06,Sangmu,Ulsan,0,1,3.05,3.06,2.34,2019,A,,32,1.0,0.0,0.0,0.0,2.0,1.0,1.0,0.0,1.0,-1.0,2.0,0.0,2.0,1.0,0.0,1.0,0.0,0.0,0.0,100.0,0.0,0.0,0.0
2019-04-06,Seoul,Gyeongnam,2,1,1.75,3.68,4.26,2019,H,,31,1.0,0.0,0.0,1.0,2.0,1.0,1.0,0.0,4.0,-4.0,2.0,-3.0,5.0,1.0,0.0,1.0,0.0,1.0,-1.0,66.7,0.0,0.0,100.0
2019-04-03,Incheon,Daegu,0,3,3.7,3.34,1.96,2019,A,,28,1.0,0.0,0.0,1.0,2.0,1.0,1.0,1.0,2.0,-1.0,1.0,-1.0,2.0,0.0,0.0,0.0,0.0,0.0,0.0,50.0,0.0,0.0,50.0
2019-04-03,Pohang,Gangwon,1,0,2.9,3.22,2.35,2019,H,,27,1.0,1.0,0.0,0.0,4.0,1.0,3.0,1.0,0.0,1.0,3.0,1.0,2.0,1.0,0.0,1.0,0.0,0.0,0.0,50.0,50.0,50.0,50.0
2019-04-03,Seongnam,Jeju,1,1,2.88,3.02,2.48,2019,D,,30,1.0,0.0,0.0,1.0,2.0,1.0,1.0,1.0,2.0,-1.0,1.0,-1.0,2.0,0.0,0.0,0.0,0.0,0.0,0.0,50.0,50.0,0.0,50.0
2019-04-03,Suwon Bluewings,Sangmu,0,0,2.57,3.14,2.67,2019,D,,29,1.0,0.0,0.0,1.0,3.0,0.0,3.0,1.0,2.0,-1.0,2.0,-2.0,4.0,1.0,0.0,1.0,0.0,1.0,-1.0,50.0,50.0,50.0,50.0
2019-04-02,Gyeongnam,Jeonbuk,3,3,5.27,4.24,1.53,2019,D,,26,1.0,1.0,0.0,0.0,2.0,4.0,-2.0,1.0,0.0,1.0,1.0,4.0,-3.0,0.0,1.0,-1.0,0.0,0.0,0.0,100.0,0.0,100.0,0.0
2019-04-02,Ulsan,Seoul,2,1,2.11,3.19,3.44,2019,H,,25,1.0,1.0,0.0,0.0,2.0,1.0,1.0,1.0,0.0,1.0,1.0,1.0,0.0,0.0,0.0,0.0,0.0,0.0,0.0,100.0,0.0,100.0,0.0
2019-03-31,Gangwon,Seongnam,2,1,2.26,3.09,3.21,2019,H,,24,0.0,0.0,0.0,1.0,0.0,1.0,-1.0,0.0,2.0,-2.0,0.0,-1.0,1.0,0.0,0.0,0.0,0.0,0.0,0.0,0.0,0.0,0.0,100.0
2019-03-31,Suwon Bluewings,Incheon,3,1,2.18,3.25,3.17,2019,H,,23,0.0,0.0,1.0,1.0,0.0,0.0,0.0,4.0,2.0,2.0,-4.0,-2.0,-2.0,0.0,0.0,0.0,1.0,1.0,0.0,0.0,100.0,0.0,100.0
2019-03-30,Gyeongnam,Daegu,2,1,2.93,3.15,2.38,2019,H,,21,1.0,0.0,0.0,0.0,2.0,1.0,1.0,1.0,1.0,0.0,1.0,0.0,1.0,0.0,0.0,0.0,0.0,0.0,0.0,100.0,0.0,0.0,0.0
2019-03-30,Jeonbuk,Pohang,2,0,1.44,4.47,6.13,2019,H,,22,0.0,0.0,1.0,1.0,0.0,0.0,0.0,1.0,2.0,-1.0,-1.0,-2.0,1.0,0.0,0.0,0.0,0.0,1.0,-1.0,0.0,50.0,0.0,100.0
2019-03-30,Seoul,Sangmu,2,0,2.22,3.08,3.27,2019,H,,20,0.0,1.0,0.0,0.0,0.0,2.0,-2.0,0.0,1.0,-1.0,0.0,1.0,-1.0,0.0,0.0,0.0,0.0,0.0,0.0,50.0,0.0,100.0,0.0
2019-03-29,Ulsan,Jeju,2,1,1.97,3.23,3.85,2019,H,,19,1.0,0.0,0.0,0.0,2.0,0.0,2.0,1.0,0.0,1.0,1.0,0.0,1.0,0.0,0.0,0.0,0.0,0.0,0.0,100.0,0.0,0.0,33.3
2019-03-17,Daegu,Ulsan,1,1,2.79,3.18,2.47,2019,D,,18,1.0,0.0,0.0,0.0,2.0,0.0,2.0,0.0,0.0,0.0,2.0,0.0,2.0,1.0,0.0,1.0,0.0,0.0,0.0,100.0,0.0,0.0,0.0
2019-03-17,Jeonbuk,Gangwon,0,1,1.32,4.94,8.32,2019,A,,17,0.0,0.0,0.0,1.0,1.0,0.0,1.0,1.0,2.0,-1.0,0.0,-2.0,2.0,0.0,0.0,0.0,0.0,1.0,-1.0,0.0,0.0,0.0,100.0
2019-03-17,Pohang,Gyeongnam,4,1,2.59,3.22,2.62,2019,H,,16,0.0,0.0,1.0,1.0,1.0,1.0,0.0,2.0,2.0,0.0,-1.0,-1.0,0.0,0.0,0.0,0.0,0.0,0.0,0.0,0.0,100.0,0.0,100.0
2019-03-16,Sangmu,Incheon,2,0,2.13,3.24,3.3,2019,H,,13,1.0,,0.0,,2.0,,,0.0,,,2.0,,,1.0,,,0.0,,,100.0,0.0,,
2019-03-16,Seongnam,Suwon Bluewings,2,1,3.14,3.11,2.27,2019,H,,14,0.0,0.0,1.0,1.0,0.0,1.0,-1.0,1.0,2.0,-1.0,-1.0,-1.0,0.0,0.0,0.0,0.0,0.0,0.0,0.0,0.0,100.0,0.0,100.0
2019-03-16,Seoul,Jeju,0,0,2.31,3.11,3.07,2019,D,,15,1.0,0.0,0.0,1.0,2.0,0.0,2.0,0.0,2.0,-2.0,2.0,-2.0,4.0,1.0,0.0,1.0,0.0,1.0,-1.0,100.0,0.0,0.0,50.0
2019-03-10,Gangwon,Ulsan,0,0,3.35,3.42,2.05,2019,D,,10,,,,,,,,,,,,,,,,,,,,,,,
2019-03-10,Pohang,Sangmu,1,2,2.32,3.09,3.08,2019,A,,11,,,,,,,,,,,,,,,,,,,,,,,
2019-03-10,Seongnam,Seoul,0,1,3.4,3.11,2.16,2019,A,,12,,,,,,,,,,,,,,,,,,,,,,,
2019-03-09,Daegu,Jeju,2,0,2.5,3.14,2.77,2019,H,,9,,0.0,,0.0,,1.0,,,1.0,,,0.0,,,0.0,,,0.0,,,,0.0,0.0
2019-03-09,Incheon,Gyeongnam,2,1,2.65,3.17,2.57,2019,H,,8,0.0,,0.0,,1.0,,,1.0,,,0.0,,,0.0,,,0.0,,,0.0,0.0,,
2019-03-09,Suwon Bluewings,Jeonbuk,0,4,3.81,3.56,1.86,2019,A,,7,,,,,,,,,,,,,,,,,,,,,,,
2019-03-03,Seoul,Pohang,2,0,2.38,3.05,3.01,2019,H,,6,,,,,,,,,,,,,,,,,,,,,,,
2019-03-02,Incheon,Jeju,1,1,3.07,3.26,2.23,2019,D,,4,,,,,,,,,,,,,,,,,,,,,,,
2019-03-02,Sangmu,Gangwon,2,0,2.75,3.08,2.56,2019,H,,5,,,,,,,,,,,,,,,,,,,,,,,
2019-03-01,Gyeongnam,Seongnam,2,1,2.26,3.02,3.24,2019,H,,1,,,,,,,,,,,,,,,,,,,,,,,
2019-03-01,Jeonbuk,Daegu,1,1,1.56,3.83,5.59,2019,D,,3,,,,,,,,,,,,,,,,,,,,,,,
2019-03-01,Ulsan,Suwon Bluewings,2,1,2.07,3.33,3.37,2019,H,,2,,,,,,,,,,,,,,,,,,,,,,,
2018-12-09,Seoul,Busan,1,1,2.07,3.25,3.36,2018,D,,232,0.0,,1.0,,0.0,,,1.0,,,-1.0,,,0.0,,,0.0,,,31.6,36.8,,
2018-12-06,Busan,Seoul,1,3,2.73,2.96,2.61,2018,A,,231,1.0,0.0,0.0,1.0,3.0,0.0,3.0,0.0,1.0,-1.0,3.0,-1.0,4.0,1.0,0.0,1.0,0.0,0.0,0.0,100.0,0.0,15.8,47.4
2018-12-02,Jeonbuk,Gyeongnam,1,1,1.43,4.47,6.36,2018,D,,230,1.0,1.0,0.0,0.0,3.0,1.0,2.0,1.0,0.0,1.0,2.0,1.0,1.0,1.0,0.0,1.0,0.0,0.0,0.0,83.3,11.1,50.0,22.2
2018-12-02,Pohang,Ulsan,1,3,2.53,3.27,2.62,2018,A,,229,0.0,0.0,0.0,0.0,1.0,3.0,-2.0,1.0,3.0,-2.0,0.0,0.0,0.0,0.0,0.0,0.0,0.0,0.0,0.0,38.9,33.3,22.2,27.8
2018-12-02,Suwon Bluewings,Jeju,0,2,2.2,3.26,3.15,2018,A,,228,0.0,1.0,0.0,0.0,3.0,1.0,2.0,3.0,0.0,3.0,0.0,1.0,-1.0,0.0,0.0,0.0,0.0,0.0,0.0,38.9,27.8,50.0,33.3
2018-12-01,Busan,Daejeon,3,0,2.1,3.08,3.38,2018,H,,225,,,,,,,,,,,,,,,,,,,,,,,
2018-12-01,Gangwon,Daegu,0,1,1.95,3.55,3.49,2018,A,,227,0.0,1.0,1.0,0.0,2.0,2.0,0.0,3.0,1.0,2.0,-1.0,1.0,-2.0,0.0,0.0,0.0,0.0,0.0,0.0,33.3,33.3,44.4,38.9
2018-12-01,Incheon,Jeonnam,3,1,1.76,3.55,4.38,2018,H,,226,1.0,0.0,0.0,1.0,2.0,2.0,0.0,1.0,3.0,-2.0,1.0,-1.0,2.0,0.0,0.0,0.0,0.0,0.0,0.0,27.8,33.3,11.1,61.1
2018-12-01,Sangmu,Seoul,1,0,2.9,3.15,2.38,2018,H,,224,0.0,0.0,1.0,0.0,0.0,1.0,-1.0,1.0,1.0,0.0,-1.0,0.0,-1.0,0.0,0.0,0.0,0.0,0.0,0.0,16.7,55.6,16.7,44.4
2018-11-28,Daejeon,Gwangju FC,1,0,2.28,3.11,2.97,2018,H,,223,,,,,,,,,,,,,,,,,,,,,,,
2018-11-25,Gyeongnam,Suwon Bluewings,2,1,3.02,3.28,2.25,2018,H,,222,0.0,0.0,1.0,1.0,1.0,0.0,1.0,2.0,2.0,0.0,-1.0,-2.0,1.0,0.0,0.0,0.0,0.0,1.0,-1.0,44.4,27.8,33.3,38.9
2018-11-25,Pohang,Jeonbuk,1,1,3.73,3.65,1.87,2018,D,,221,0.0,0.0,1.0,0.0,1.0,0.0,1.0,2.0,0.0,2.0,-1.0,0.0,-1.0,0.0,0.0,0.0,0.0,0.0,0.0,41.2,35.3,61.1,11.1
2018-11-25,Ulsan,Jeju,0,1,1.68,3.62,4.81,2018,A,,220,1.0,1.0,0.0,0.0,1.0,2.0,-1.0,0.0,1.0,-1.0,1.0,1.0,0.0,0.0,0.0,0.0,0.0,0.0,0.0,66.7,16.7,47.1,35.3
2018-11-24,Jeonnam,Daegu,1,2,2.66,3.39,2.43,2018,A,,219,0.0,1.0,1.0,0.0,0.0,1.0,-1.0,1.0,0.0,1.0,-1.0,1.0,-2.0,0.0,0.0,0.0,0.0,0.0,0.0,33.3,50.0,41.2,41.2
2018-11-24,Sangmu,Gangwon,0,1,2.29,3.31,2.96,2018,A,,217,0.0,0.0,1.0,0.0,1.0,1.0,0.0,2.0,1.0,1.0,-1.0,0.0,-1.0,0.0,0.0,0.0,0.0,0.0,0.0,17.6,52.9,27.8,50.0
2018-11-24,Seoul,Incheon,0,1,1.95,3.45,3.58,2018,A,,218,1.0,1.0,0.0,0.0,3.0,3.0,0.0,2.0,2.0,0.0,1.0,1.0,0.0,0.0,0.0,0.0,0.0,0.0,0.0,33.3,33.3,16.7,55.6
2018-11-11,Daegu,Sangmu,0,0,2.24,3.29,3.06,2018,D,,216,0.0,0.0,0.0,1.0,1.0,1.0,0.0,1.0,2.0,-1.0,0.0,-1.0,1.0,0.0,0.0,0.0,0.0,0.0,0.0,27.8,50.0,33.3,44.4
2018-11-11,Seoul,Jeonnam,3,2,1.83,3.61,3.91,2018,H,,215,0.0,0.0,0.0,1.0,1.0,0.0,1.0,1.0,1.0,0.0,0.0,-1.0,1.0,0.0,0.0,0.0,0.0,0.0,0.0,29.4,35.3,11.8,58.8
2018-11-10,Gangwon,Incheon,2,3,2.37,3.45,2.75,2018,A,,213,1.0,0.0,0.0,1.0,1.0,2.0,-1.0,0.0,3.0,-3.0,1.0,-1.0,2.0,0.0,0.0,0.0,0.0,0.0,0.0,35.3,29.4,11.8,58.8
2018-11-10,Gyeongnam,Pohang,1,2,2.69,3.41,2.43,2018,A,,212,1.0,1.0,0.0,0.0,2.0,3.0,-1.0,1.0,1.0,0.0,1.0,2.0,-1.0,0.0,1.0,-1.0,0.0,0.0,0.0,47.1,23.5,38.9,38.9
2018-11-10,Jeju,Jeonbuk,0,0,4.22,3.65,1.77,2018,D,,211,0.0,0.0,1.0,0.0,0.0,2.0,-2.0,1.0,2.0,-1.0,-1.0,0.0,-1.0,0.0,0.0,0.0,0.0,0.0,0.0,22.2,33.3,64.7,11.8
2018-11-10,Suwon Bluewings,Ulsan,3,3,2.78,3.37,2.39,2018,D,,214,0.0,0.0,1.0,1.0,1.0,1.0,0.0,3.0,3.0,0.0,-2.0,-2.0,0.0,0.0,0.0,0.0,1.0,1.0,0.0,41.2,29.4,23.5,29.4
2018-11-04,Daegu,Seoul,1,1,2.48,3.21,2.75,2018,D,,207,1.0,0.0,0.0,1.0,2.0,0.0,2.0,1.0,1.0,0.0,1.0,-1.0,2.0,0.0,0.0,0.0,0.0,0.0,0.0,29.4,52.9,17.6,47.1
2018-11-04,Gangwon,Jeonnam,1,0,2.1,3.36,3.28,2018,H,,210,0.0,0.0,0.0,1.0,1.0,1.0,0.0,1.0,2.0,-1.0,0.0,-1.0,1.0,0.0,0.0,0.0,0.0,0.0,0.0,31.2,31.2,12.5,56.2
2018-11-04,Jeonbuk,Ulsan,3,1,1.68,3.7,4.65,2018,H,,208,1.0,0.0,0.0,0.0,2.0,2.0,0.0,0.0,2.0,-2.0,2.0,0.0,2.0,1.0,0.0,1.0,0.0,0.0,0.0,82.4,11.8,25.0,25.0
2018-11-04,Suwon Bluewings,Pohang,1,3,2.18,3.28,3.17,2018,A,,209,1.0,0.0,0.0,1.0,2.0,0.0,2.0,0.0,2.0,-2.0,2.0,-2.0,4.0,1.0,0.0,1.0,0.0,1.0,-1.0,43.8,25.0,35.3,41.2
2018-11-03,Incheon,Sangmu,2,1,2.5,3.18,2.75,2018,H,,206,0.0,1.0,1.0,0.0,0.0,1.0,-1.0,1.0,0.0,1.0,-1.0,1.0,-2.0,0.0,0.0,0.0,0.0,0.0,0.0,23.5,35.3,35.3,41.2
2018-11-03,Jeju,Gyeongnam,0,1,2.23,3.14,3.19,2018,A,,205,1.0,0.0,0.0,1.0,1.0,0.0,1.0,0.0,1.0,-1.0,1.0,-1.0,2.0,0.0,0.0,0.0,0.0,0.0,0.0,23.5,29.4,47.1,23.5
2018-10-28,Incheon,Daegu,0,1,2.32,3.37,2.84,2018,A,,204,0.0,0.0,0.0,1.0,2.0,1.0,1.0,2.0,2.0,0.0,0.0,-1.0,1.0,0.0,0.0,0.0,0.0,0.0,0.0,25.0,31.2,37.5,43.8
2018-10-28,Jeonbuk,Suwon Bluewings,2,0,1.52,4.14,5.61,2018,H,,201,1.0,1.0,0.0,0.0,3.0,2.0,1.0,2.0,1.0,1.0,1.0,1.0,0.0,0.0,0.0,0.0,0.0,0.0,0.0,81.2,12.5,35.3,35.3
2018-10-28,Jeonnam,Sangmu,0,1,2.17,3.32,3.16,2018,A,,203,1.0,0.0,0.0,1.0,1.0,1.0,0.0,0.0,2.0,-2.0,1.0,-1.0,2.0,0.0,0.0,0.0,0.0,0.0,0.0,35.3,47.1,31.2,43.8
2018-10-28,Ulsan,Gyeongnam,1,0,1.85,3.61,3.85,2018,H,,202,1.0,0.0,0.0,0.0,2.0,2.0,0.0,0.0,2.0,-2.0,2.0,0.0,2.0,1.0,0.0,1.0,0.0,0.0,0.0,64.7,17.6,50.0,18.8
2018-10-27,Pohang,Jeju,1,2,2.45,3.22,2.76,2018,A,,200,1.0,1.0,0.0,0.0,2.0,1.0,1.0,1.0,0.0,1.0,1.0,1.0,0.0,0.0,0.0,0.0,0.0,0.0,0.0,43.8,31.2,43.8,37.5
2018-10-27,Seoul,Gangwon,1,1,2.22,3.35,3.03,2018,D,,199,0.0,0.0,0.0,1.0,2.0,0.0,2.0,2.0,2.0,0.0,0.0,-2.0,2.0,0.0,0.0,0.0,0.0,1.0,-1.0,31.2,37.5,29.4,52.9
2018-10-20,Daegu,Jeonnam,2,1,2.04,3.48,3.37,2018,H,,196,0.0,0.0,1.0,1.0,1.0,0.0,1.0,2.0,1.0,1.0,-1.0,-1.0,0.0,0.0,0.0,0.0,0.0,0.0,0.0,25.0,56.2,13.3,53.3
2018-10-20,Gyeongnam,Sangmu,2,1,1.93,3.53,3.58,2018,H,,198,0.0,0.0,1.0,0.0,0.0,2.0,-2.0,1.0,2.0,-1.0,-1.0,0.0,-1.0,0.0,0.0,0.0,0.0,0.0,0.0,43.8,25.0,33.3,40.0
2018-10-20,Jeju,Seoul,1,0,2.41,2.96,2.99,2018,H,,193,1.0,0.0,0.0,1.0,1.0,0.0,1.0,0.0,1.0,-1.0,1.0,-1.0,2.0,0.0,0.0,0.0,0.0,0.0,0.0,18.8,31.2,18.8,43.8
2018-10-20,Jeonbuk,Incheon,3,2,1.41,4.8,6.34,2018,H,,197,1.0,1.0,0.0,0.0,3.0,2.0,1.0,2.0,1.0,1.0,1.0,1.0,0.0,0.0,0.0,0.0,0.0,0.0,0.0,80.0,13.3,12.5,56.2
2018-10-20,Suwon Bluewings,Pohang,2,0,2.45,3.17,2.8,2018,H,,195,0.0,0.0,0.0,0.0,2.0,1.0,1.0,2.0,1.0,1.0,0.0,0.0,0.0,0.0,0.0,0.0,0.0,0.0,0.0,40.0,26.7,37.5,37.5
2018-10-20,Ulsan,Gangwon,2,0,1.86,3.73,3.65,2018,H,,194,0.0,0.0,0.0,1.0,2.0,2.0,0.0,2.0,3.0,-1.0,0.0,-1.0,1.0,0.0,0.0,0.0,0.0,0.0,0.0,62.5,18.8,31.2,50.0
2018-10-07,Gyeongnam,Jeju,0,1,2.64,3.25,2.55,2018,A,,191,1.0,0.0,0.0,1.0,2.0,2.0,0.0,1.0,3.0,-2.0,1.0,-1.0,2.0,0.0,0.0,0.0,0.0,0.0,0.0,46.7,20.0,40.0,40.0
2018-10-07,Sangmu,Suwon Bluewings,1,2,3.49,3.23,2.09,2018,A,,190,0.0,0.0,1.0,1.0,1.0,0.0,1.0,2.0,1.0,1.0,-1.0,-1.0,0.0,0.0,0.0,0.0,0.0,0.0,0.0,18.8,50.0,31.2,37.5
2018-10-07,Ulsan,Jeonbuk,2,2,3.75,3.58,1.88,2018,D,,192,1.0,0.0,0.0,0.0,3.0,0.0,3.0,2.0,0.0,2.0,1.0,0.0,1.0,0.0,0.0,0.0,0.0,0.0,0.0,66.7,20.0,68.8,12.5
2018-10-06,Daegu,Incheon,1,2,1.77,3.72,4.17,2018,A,,189,0.0,0.0,0.0,0.0,2.0,1.0,1.0,2.0,1.0,1.0,0.0,0.0,0.0,0.0,0.0,0.0,0.0,0.0,0.0,26.7,53.3,6.7,60.0
2018-10-06,Gangwon,Pohang,1,1,2.42,3.29,2.77,2018,D,,188,1.0,1.0,0.0,0.0,1.0,2.0,-1.0,0.0,1.0,-1.0,1.0,1.0,0.0,0.0,0.0,0.0,0.0,0.0,0.0,33.3,33.3,40.0,40.0
2018-10-06,Jeonnam,Seoul,1,0,2.56,3.39,2.56,2018,H,,187,1.0,0.0,0.0,1.0,1.0,1.0,0.0,0.0,2.0,-2.0,1.0,-1.0,2.0,0.0,0.0,0.0,0.0,0.0,0.0,31.2,50.0,20.0,40.0
2018-09-30,Incheon,Gyeongnam,2,2,3.2,3.27,2.2,2018,D,,185,0.0,0.0,0.0,0.0,0.0,2.0,-2.0,0.0,2.0,-2.0,0.0,0.0,0.0,0.0,0.0,0.0,0.0,0.0,0.0,26.7,33.3,53.3,20.0
2018-09-30,Pohang,Daegu,2,1,2.83,3.27,2.39,2018,H,,186,1.0,1.0,0.0,0.0,1.0,5.0,-4.0,0.0,2.0,-2.0,1.0,3.0,-2.0,0.0,1.0,-1.0,0.0,0.0,0.0,40.0,33.3,40.0,40.0
2018-09-30,Seoul,Sangmu,2,2,1.8,3.42,4.44,2018,D,,184,0.0,1.0,0.0,0.0,1.0,3.0,-2.0,1.0,2.0,-1.0,0.0,1.0,-1.0,0.0,0.0,0.0,0.0,0.0,0.0,33.3,40.0,35.7,42.9
2018-09-29,Jeju,Jeonnam,1,0,2.05,3.42,3.37,2018,H,,181,0.0,0.0,0.0,1.0,2.0,0.0,2.0,2.0,1.0,1.0,0.0,-1.0,1.0,0.0,0.0,0.0,0.0,0.0,0.0,13.3,33.3,14.3,50.0
2018-09-29,Jeonbuk,Gangwon,3,2,1.41,4.64,6.61,2018,H,,183,1.0,0.0,0.0,0.0,1.0,2.0,-1.0,0.0,2.0,-2.0,1.0,0.0,1.0,0.0,0.0,0.0,0.0,0.0,0.0,78.6,14.3,33.3,46.7
2018-09-29,Suwon Bluewings,Ulsan,2,2,2.91,3.28,2.34,2018,D,,182,0.0,0.0,0.0,1.0,0.0,0.0,0.0,0.0,1.0,-1.0,0.0,-1.0,1.0,0.0,0.0,0.0,0.0,0.0,0.0,42.9,28.6,26.7,26.7
2018-09-26,Daegu,Gyeongnam,2,2,2.21,3.3,3.13,2018,D,,175,1.0,0.0,0.0,0.0,4.0,3.0,1.0,2.0,3.0,-1.0,2.0,0.0,2.0,1.0,0.0,1.0,0.0,0.0,0.0,28.6,57.1,57.1,21.4
2018-09-26,Gangwon,Suwon Bluewings,1,0,2.93,3.49,2.22,2018,H,,179,0.0,0.0,1.0,0.0,2.0,0.0,2.0,3.0,0.0,3.0,-1.0,0.0,-1.0,0.0,0.0,0.0,0.0,0.0,0.0,28.6,35.7,33.3,33.3
2018-09-26,Jeonbuk,Jeonnam,1,0,1.3,5.39,8.17,2018,H,,176,1.0,1.0,0.0,0.0,4.0,2.0,2.0,0.0,1.0,-1.0,4.0,1.0,3.0,1.0,0.0,1.0,0.0,0.0,0.0,76.9,15.4,15.4,46.2
2018-09-26,Sangmu,Pohang,1,2,3.2,3.22,2.2,2018,A,,178,0.0,0.0,1.0,1.0,2.0,0.0,2.0,5.0,2.0,3.0,-3.0,-2.0,-1.0,0.0,0.0,0.0,1.0,1.0,0.0,20.0,46.7,35.7,42.9
2018-09-26,Seoul,Incheon,1,1,2.03,3.41,3.46,2018,D,,177,0.0,0.0,1.0,1.0,0.0,0.0,0.0,2.0,1.0,1.0,-2.0,-1.0,-1.0,0.0,0.0,0.0,1.0,0.0,1.0,35.7,42.9,7.1,64.3
2018-09-26,Ulsan,Jeju,3,2,1.96,3.37,3.71,2018,H,,180,1.0,0.0,0.0,1.0,2.0,0.0,2.0,0.0,4.0,-4.0,2.0,-4.0,6.0,1.0,0.0,1.0,0.0,1.0,-1.0,64.3,21.4,42.9,35.7
2018-09-23,Jeju,Gangwon,2,2,2.23,3.41,3.01,2018,D,,172,0.0,0.0,0.0,1.0,0.0,0.0,0.0,0.0,2.0,-2.0,0.0,-2.0,2.0,0.0,0.0,0.0,0.0,1.0,-1.0,14.3,35.7,35.7,50.0
2018-09-23,Jeonnam,Ulsan,1,0,3.29,3.51,2.06,2018,H,,174,0.0,0.0,0.0,1.0,3.0,2.0,1.0,3.0,3.0,0.0,0.0,-1.0,1.0,0.0,0.0,0.0,0.0,0.0,0.0,26.7,53.3,28.6,21.4
2018-09-23,Suwon Bluewings,Jeonbuk,0,0,4.34,3.72,1.73,2018,D,,173,1.0,1.0,0.0,0.0,1.0,3.0,-2.0,0.0,0.0,0.0,1.0,3.0,-2.0,0.0,1.0,-1.0,0.0,0.0,0.0,46.2,30.8,73.3,13.3
2018-09-22,Gyeongnam,Seoul,2,1,2.59,3.22,2.6,2018,H,,169,0.0,0.0,1.0,0.0,0.0,0.0,0.0,3.0,0.0,3.0,-3.0,0.0,-3.0,0.0,0.0,0.0,1.0,0.0,1.0,42.9,21.4,21.4,35.7
2018-09-22,Pohang,Incheon,1,0,2.05,3.46,3.35,2018,H,,171,0.0,0.0,0.0,0.0,2.0,0.0,2.0,2.0,0.0,2.0,0.0,0.0,0.0,0.0,0.0,0.0,0.0,0.0,0.0,35.7,35.7,7.7,61.5
2018-09-22,Sangmu,Daegu,2,5,3.03,3.12,2.35,2018,A,,170,0.0,1.0,1.0,0.0,1.0,2.0,-1.0,2.0,0.0,2.0,-1.0,2.0,-3.0,0.0,1.0,-1.0,0.0,0.0,0.0,21.4,42.9,35.7,42.9
2018-09-16,Gangwon,Sangmu,2,3,1.79,3.66,4.14,2018,A,,168,0.0,0.0,0.0,1.0,0.0,1.0,-1.0,0.0,4.0,-4.0,0.0,-3.0,3.0,0.0,0.0,0.0,0.0,1.0,-1.0,30.8,30.8,30.8,46.2
2018-09-16,Jeonnam,Gyeongnam,3,3,2.68,3.41,2.46,2018,D,,166,1.0,0.0,0.0,1.0,3.0,0.0,3.0,2.0,1.0,1.0,1.0,-1.0,2.0,0.0,0.0,0.0,0.0,0.0,0.0,28.6,57.1,61.5,23.1
2018-09-16,Seoul,Daegu,0,2,2.3,3.32,2.97,2018,A,,167,0.0,0.0,1.0,1.0,0.0,1.0,-1.0,1.0,2.0,-1.0,-1.0,-1.0,0.0,0.0,0.0,0.0,0.0,0.0,0.0,38.5,38.5,30.8,46.2
2018-09-15,Incheon,Suwon Bluewings,0,0,3.39,3.57,2.0,2018,D,,163,1.0,0.0,0.0,0.0,3.0,0.0,3.0,2.0,0.0,2.0,1.0,0.0,1.0,0.0,0.0,0.0,0.0,0.0,0.0,28.6,35.7,35.7,35.7
2018-09-15,Jeonbuk,Jeju,4,0,1.56,4.03,5.41,2018,H,,164,1.0,0.0,0.0,0.0,2.0,2.0,0.0,1.0,2.0,-1.0,1.0,0.0,1.0,0.0,0.0,0.0,0.0,0.0,0.0,75.0,16.7,46.2,30.8
2018-09-15,Ulsan,Pohang,2,0,1.91,3.36,3.85,2018,H,,165,1.0,0.0,0.0,1.0,4.0,2.0,2.0,1.0,3.0,-2.0,3.0,-1.0,4.0,1.0,0.0,1.0,0.0,0.0,0.0,61.5,23.1,38.5,38.5
2018-09-08,Jeju,Suwon Bluewings,0,0,2.74,3.23,2.47,2018,D,,162,0.0,0.0,0.0,1.0,0.0,2.0,-2.0,0.0,4.0,-4.0,0.0,-2.0,2.0,0.0,0.0,0.0,0.0,1.0,-1.0,15.4,38.5,38.5,38.5
2018-09-02,Daegu,Suwon Bluewings,4,2,3.02,3.36,2.23,2018,H,,158,1.0,0.0,0.0,1.0,2.0,4.0,-2.0,0.0,6.0,-6.0,2.0,-2.0,4.0,1.0,0.0,1.0,0.0,1.0,-1.0,23.1,61.5,41.7,33.3
2018-09-02,Gyeongnam,Jeonbuk,0,3,4.31,3.8,1.74,2018,A,,159,1.0,0.0,0.0,0.0,2.0,2.0,0.0,1.0,2.0,-1.0,1.0,0.0,1.0,0.0,0.0,0.0,0.0,0.0,0.0,46.2,15.4,71.4,14.3
2018-09-02,Incheon,Ulsan,3,2,4.26,3.7,1.75,2018,H,,160,1.0,1.0,0.0,0.0,3.0,2.0,1.0,1.0,0.0,1.0,2.0,2.0,0.0,1.0,1.0,0.0,0.0,0.0,0.0,23.1,38.5,30.8,15.4
2018-09-02,Pohang,Jeju,2,2,2.7,3.22,2.53,2018,D,,161,0.0,0.0,1.0,0.0,0.0,1.0,-1.0,3.0,1.0,2.0,-3.0,0.0,-3.0,0.0,0.0,0.0,1.0,0.0,1.0,38.5,38.5,50.0,33.3
2018-09-01,Gangwon,Seoul,0,0,2.6,3.36,2.53,2018,D,,156,1.0,0.0,0.0,1.0,7.0,1.0,6.0,0.0,4.0,-4.0,7.0,-3.0,10.0,1.0,0.0,1.0,0.0,1.0,-1.0,33.3,33.3,23.1,38.5
2018-09-01,Sangmu,Jeonnam,1,2,2.45,3.24,2.78,2018,A,,157,0.0,0.0,0.0,1.0,2.0,1.0,1.0,2.0,3.0,-1.0,0.0,-2.0,2.0,0.0,0.0,0.0,0.0,1.0,-1.0,23.1,38.5,8.3,50.0
2018-08-26,Daegu,Gangwon,2,0,2.43,3.44,2.7,2018,H,,154,0.0,0.0,1.0,1.0,0.0,1.0,-1.0,2.0,2.0,0.0,-2.0,-1.0,-1.0,0.0,0.0,0.0,1.0,0.0,1.0,16.7,66.7,38.5,46.2
2018-08-26,Jeonnam,Pohang,3,2,2.8,3.36,2.36,2018,H,,155,1.0,1.0,0.0,0.0,6.0,1.0,5.0,4.0,0.0,4.0,2.0,1.0,1.0,1.0,0.0,1.0,0.0,0.0,0.0,23.1,61.5,41.7,33.3
2018-08-25,Jeju,Incheon,0,0,1.73,3.83,4.26,2018,D,,152,0.0,0.0,1.0,1.0,2.0,0.0,2.0,3.0,7.0,-4.0,-1.0,-7.0,6.0,0.0,0.0,0.0,0.0,1.0,-1.0,16.7,41.7,8.3,66.7
2018-08-25,Sangmu,Jeonbuk,2,2,7.3,4.36,1.42,2018,D,,153,0.0,1.0,0.0,0.0,1.0,2.0,-1.0,1.0,0.0,1.0,0.0,2.0,-2.0,0.0,1.0,-1.0,0.0,0.0,0.0,25.0,41.7,76.9,15.4
2018-08-25,Suwon Bluewings,Gyeongnam,1,0,1.98,3.44,3.6,2018,H,,150,0.0,1.0,1.0,0.0,1.0,3.0,-2.0,2.0,0.0,2.0,-1.0,3.0,-4.0,0.0,1.0,-1.0,0.0,0.0,0.0,41.7,33.3,66.7,16.7
2018-08-25,Ulsan,Seoul,4,1,2.04,3.3,3.48,2018,H,,151,1.0,1.0,0.0,0.0,4.0,2.0,2.0,1.0,1.0,0.0,3.0,1.0,2.0,1.0,0.0,1.0,0.0,0.0,0.0,58.3,25.0,25.0,33.3
2018-08-22,Gyeongnam,Gangwon,2,1,2.21,3.5,2.96,2018,H,,145,0.0,1.0,0.0,0.0,3.0,1.0,2.0,3.0,0.0,3.0,0.0,1.0,-1.0,0.0,0.0,0.0,0.0,0.0,0.0,41.7,16.7,41.7,41.7
2018-08-22,Incheon,Jeonnam,3,1,2.7,3.4,2.42,2018,H,,146,0.0,0.0,0.0,1.0,0.0,0.0,0.0,0.0,3.0,-3.0,0.0,-3.0,3.0,0.0,0.0,0.0,0.0,1.0,-1.0,16.7,41.7,9.1,45.5
2018-08-22,Jeonbuk,Daegu,2,1,1.42,4.44,6.79,2018,H,,149,1.0,1.0,0.0,0.0,3.0,3.0,0.0,1.0,2.0,-1.0,2.0,1.0,1.0,1.0,0.0,1.0,0.0,0.0,0.0,72.7,18.2,33.3,41.7
2018-08-22,Seoul,Pohang,0,1,2.07,3.42,3.34,2018,A,,148,0.0,0.0,1.0,0.0,0.0,0.0,0.0,2.0,0.0,2.0,-2.0,0.0,-2.0,0.0,0.0,0.0,1.0,0.0,1.0,41.7,33.3,36.4,36.4
2018-08-22,Ulsan,Sangmu,4,1,1.72,3.49,4.79,2018,H,,147,1.0,0.0,0.0,0.0,1.0,0.0,1.0,0.0,0.0,0.0,1.0,0.0,1.0,0.0,0.0,0.0,0.0,0.0,0.0,54.5,27.3,33.3,41.7
2018-08-19,Gangwon,Incheon,7,0,1.9,3.64,3.67,2018,H,,144,0.0,0.0,1.0,1.0,1.0,1.0,0.0,3.0,2.0,1.0,-2.0,-1.0,-1.0,0.0,0.0,0.0,1.0,0.0,1.0,27.3,36.4,9.1,63.6
2018-08-19,Jeonnam,Suwon Bluewings,6,4,3.85,3.49,1.89,2018,H,,142,0.0,0.0,1.0,1.0,0.0,0.0,0.0,1.0,1.0,0.0,-1.0,-1.0,0.0,0.0,0.0,0.0,0.0,0.0,0.0,16.7,66.7,45.5,27.3
2018-08-19,Seoul,Jeonbuk,0,2,4.33,3.76,1.73,2018,A,,143,1.0,0.0,0.0,1.0,3.0,2.0,1.0,0.0,5.0,-5.0,3.0,-3.0,6.0,1.0,0.0,1.0,0.0,1.0,-1.0,45.5,27.3,75.0,16.7
2018-08-18,Daegu,Ulsan,0,2,3.23,3.29,2.14,2018,A,,140,1.0,0.0,0.0,0.0,2.0,3.0,-1.0,1.0,3.0,-2.0,1.0,0.0,1.0,0.0,0.0,0.0,0.0,0.0,0.0,18.2,63.6,25.0,16.7
2018-08-18,Pohang,Gyeongnam,0,3,2.49,3.27,2.69,2018,A,,141,1.0,1.0,0.0,0.0,5.0,1.0,4.0,2.0,0.0,2.0,3.0,1.0,2.0,1.0,0.0,1.0,0.0,0.0,0.0,41.7,33.3,63.6,18.2
2018-08-18,Sangmu,Jeju,1,1,2.77,3.07,2.55,2018,D,,139,0.0,0.0,1.0,1.0,1.0,0.0,1.0,2.0,3.0,-1.0,-1.0,-3.0,2.0,0.0,0.0,0.0,0.0,1.0,-1.0,27.3,45.5,54.5,36.4
2018-08-15,Gyeongnam,Ulsan,3,3,2.92,3.16,2.38,2018,D,,138,1.0,1.0,0.0,0.0,3.0,2.0,1.0,0.0,1.0,-1.0,3.0,1.0,2.0,1.0,0.0,1.0,0.0,0.0,0.0,45.5,18.2,27.3,18.2
2018-08-15,Incheon,Sangmu,0,0,2.65,3.17,2.58,2018,D,,137,0.0,0.0,1.0,1.0,1.0,0.0,1.0,2.0,2.0,0.0,-1.0,-2.0,1.0,0.0,0.0,0.0,0.0,1.0,-1.0,18.2,45.5,36.4,45.5
2018-08-15,Jeju,Daegu,2,3,2.2,3.19,3.22,2018,A,,136,0.0,1.0,0.0,0.0,0.0,3.0,-3.0,0.0,1.0,-1.0,0.0,2.0,-2.0,0.0,1.0,-1.0,0.0,0.0,0.0,18.2,36.4,27.3,45.5
2018-08-15,Jeonnam,Gangwon,0,1,2.59,3.57,2.44,2018,A,,134,0.0,0.0,1.0,1.0,1.0,1.0,0.0,2.0,3.0,-1.0,-1.0,-2.0,1.0,0.0,0.0,0.0,0.0,1.0,-1.0,18.2,63.6,36.4,45.5
2018-08-15,Pohang,Jeonbuk,5,2,6.14,4.15,1.48,2018,H,,135,1.0,1.0,0.0,0.0,3.0,3.0,0.0,1.0,1.0,0.0,2.0,2.0,0.0,1.0,1.0,0.0,0.0,0.0,0.0,36.4,36.4,81.8,9.1
2018-08-15,Suwon Bluewings,Seoul,1,2,2.08,3.39,3.34,2018,A,,133,1.0,1.0,0.0,0.0,2.0,2.0,0.0,0.0,1.0,-1.0,2.0,1.0,1.0,1.0,0.0,1.0,0.0,0.0,0.0,45.5,27.3,18.2,36.4
2018-08-12,Gyeongnam,Jeonnam,3,0,2.02,3.39,3.45,2018,H,,132,0.0,0.0,0.0,1.0,2.0,1.0,1.0,2.0,3.0,-1.0,0.0,-2.0,2.0,0.0,0.0,0.0,0.0,1.0,-1.0,40.0,20.0,10.0,40.0
2018-08-12,Sangmu,Seoul,1,2,3.11,3.14,2.29,2018,A,,130,0.0,0.0,0.0,1.0,1.0,1.0,0.0,1.0,2.0,-1.0,0.0,-1.0,1.0,0.0,0.0,0.0,0.0,0.0,0.0,30.0,40.0,10.0,40.0
2018-08-12,Ulsan,Suwon Bluewings,1,0,2.63,3.17,2.64,2018,H,,131,1.0,0.0,0.0,0.0,2.0,1.0,1.0,0.0,1.0,-1.0,2.0,0.0,2.0,1.0,0.0,1.0,0.0,0.0,0.0,50.0,30.0,50.0,20.0
2018-08-11,Daegu,Incheon,2,1,2.13,3.33,3.29,2018,H,,129,0.0,1.0,1.0,0.0,1.0,3.0,-2.0,3.0,1.0,2.0,-2.0,2.0,-4.0,0.0,1.0,-1.0,1.0,0.0,1.0,10.0,70.0,10.0,60.0
2018-08-11,Jeju,Pohang,0,0,2.14,3.3,3.25,2018,D,,127,0.0,1.0,0.0,0.0,1.0,2.0,-1.0,1.0,1.0,0.0,0.0,1.0,-1.0,0.0,0.0,0.0,0.0,0.0,0.0,20.0,40.0,40.0,40.0
2018-08-11,Jeonbuk,Gangwon,3,1,1.38,4.76,7.13,2018,H,,128,0.0,0.0,1.0,1.0,0.0,0.0,0.0,1.0,2.0,-1.0,-1.0,-2.0,1.0,0.0,0.0,0.0,0.0,1.0,-1.0,70.0,20.0,40.0,40.0
2018-08-05,Gangwon,Daegu,1,3,2.01,3.48,3.41,2018,A,,126,1.0,0.0,0.0,1.0,3.0,0.0,3.0,1.0,2.0,-1.0,2.0,-2.0,4.0,1.0,0.0,1.0,0.0,1.0,-1.0,30.0,30.0,20.0,50.0
2018-08-05,Jeonbuk,Gyeongnam,0,1,1.43,4.35,6.65,2018,A,,125,1.0,1.0,0.0,0.0,1.0,3.0,-2.0,0.0,2.0,-2.0,1.0,1.0,0.0,0.0,0.0,0.0,0.0,0.0,0.0,77.8,11.1,60.0,20.0
2018-08-05,Jeonnam,Ulsan,1,2,3.18,3.35,2.18,2018,A,,124,0.0,0.0,1.0,0.0,1.0,1.0,0.0,3.0,1.0,2.0,-2.0,0.0,-2.0,0.0,0.0,0.0,1.0,0.0,1.0,20.0,60.0,20.0,20.0
2018-08-04,Incheon,Pohang,1,2,2.41,3.33,2.78,2018,A,,123,1.0,0.0,0.0,1.0,2.0,1.0,1.0,1.0,2.0,-1.0,1.0,-1.0,2.0,0.0,0.0,0.0,0.0,0.0,0.0,20.0,40.0,33.3,44.4
2018-08-04,Sangmu,Suwon Bluewings,1,1,3.84,3.29,1.93,2018,D,,121,1.0,0.0,0.0,0.0,2.0,2.0,0.0,1.0,2.0,-1.0,1.0,0.0,1.0,0.0,0.0,0.0,0.0,0.0,0.0,33.3,44.4,55.6,22.2
2018-08-04,Seoul,Jeju,3,0,2.18,3.31,3.18,2018,H,,122,0.0,0.0,1.0,1.0,2.0,1.0,1.0,3.0,3.0,0.0,-1.0,-2.0,1.0,0.0,0.0,0.0,0.0,1.0,-1.0,40.0,30.0,60.0,30.0
2018-07-29,Daegu,Jeonbuk,1,3,6.31,4.29,1.45,2018,A,,118,0.0,1.0,1.0,0.0,0.0,2.0,-2.0,1.0,0.0,1.0,-1.0,2.0,-3.0,0.0,1.0,-1.0,0.0,0.0,0.0,11.1,66.7,80.0,10.0
2018-07-29,Jeju,Ulsan,1,1,2.37,3.12,2.97,2018,D,,120,0.0,0.0,1.0,0.0,1.0,3.0,-2.0,2.0,3.0,-1.0,-1.0,0.0,-1.0,0.0,0.0,0.0,0.0,0.0,0.0,22.2,44.4,22.2,22.2
2018-07-29,Suwon Bluewings,Gangwon,2,0,1.86,3.65,3.74,2018,H,,119,1.0,0.0,0.0,0.0,5.0,0.0,5.0,2.0,0.0,2.0,3.0,0.0,3.0,1.0,0.0,1.0,0.0,0.0,0.0,40.0,30.0,44.4,33.3
2018-07-28,Jeonnam,Incheon,1,3,2.39,3.48,2.68,2018,A,,115,1.0,0.0,0.0,1.0,2.0,2.0,0.0,0.0,5.0,-5.0,2.0,-3.0,5.0,1.0,0.0,1.0,0.0,1.0,-1.0,22.2,55.6,0.0,66.7
2018-07-28,Sangmu,Pohang,2,1,2.64,3.15,2.61,2018,H,,117,0.0,1.0,1.0,0.0,0.0,1.0,-1.0,2.0,0.0,2.0,-2.0,1.0,-3.0,0.0,0.0,0.0,1.0,0.0,1.0,25.0,50.0,37.5,37.5
2018-07-28,Seoul,Gyeongnam,2,3,2.11,3.22,3.39,2018,A,,116,1.0,1.0,0.0,0.0,2.0,1.0,1.0,1.0,0.0,1.0,1.0,1.0,0.0,0.0,0.0,0.0,0.0,0.0,0.0,44.4,22.2,55.6,22.2
2018-07-22,Incheon,Seoul,2,1,3.48,3.48,1.98,2018,H,,112,0.0,1.0,0.0,0.0,3.0,3.0,0.0,3.0,0.0,3.0,0.0,3.0,-3.0,0.0,1.0,-1.0,0.0,0.0,0.0,11.1,44.4,11.1,33.3
2018-07-22,Sangmu,Jeonbuk,0,2,6.37,4.28,1.46,2018,A,,114,0.0,1.0,1.0,0.0,0.0,3.0,-3.0,1.0,0.0,1.0,-1.0,3.0,-4.0,0.0,1.0,-1.0,0.0,0.0,0.0,28.6,42.9,77.8,11.1
2018-07-22,Ulsan,Daegu,2,0,2.0,3.29,3.68,2018,H,,113,0.0,1.0,1.0,0.0,0.0,2.0,-2.0,2.0,1.0,1.0,-2.0,1.0,-3.0,0.0,0.0,0.0,1.0,0.0,1.0,44.4,33.3,22.2,44.4
2018-07-21,Gangwon,Jeju,3,1,2.92,3.45,2.25,2018,H,,109,0.0,0.0,0.0,1.0,3.0,0.0,3.0,3.0,1.0,2.0,0.0,-1.0,1.0,0.0,0.0,0.0,0.0,0.0,0.0,22.2,33.3,66.7,22.2
2018-07-21,Gyeongnam,Suwon Bluewings,2,2,3.07,3.27,2.25,2018,D,,110,1.0,1.0,0.0,0.0,3.0,2.0,1.0,0.0,0.0,0.0,3.0,2.0,1.0,1.0,1.0,0.0,0.0,0.0,0.0,44.4,22.2,62.5,25.0
2018-07-21,Pohang,Jeonnam,3,1,2.18,3.34,3.11,2018,H,,111,0.0,0.0,0.0,1.0,0.0,1.0,-1.0,0.0,2.0,-2.0,0.0,-1.0,1.0,0.0,0.0,0.0,0.0,0.0,0.0,30.0,40.0,11.1,33.3
2018-07-18,Daegu,Pohang,0,1,2.26,3.19,3.15,2018,A,,108,0.0,0.0,0.0,1.0,2.0,0.0,2.0,2.0,2.0,0.0,0.0,-2.0,2.0,0.0,0.0,0.0,0.0,1.0,-1.0,12.5,62.5,28.6,42.9
2018-07-18,Gangwon,Ulsan,3,3,2.55,3.22,2.68,2018,D,,106,0.0,0.0,0.0,0.0,1.0,1.0,0.0,1.0,1.0,0.0,0.0,0.0,0.0,0.0,0.0,0.0,0.0,0.0,0.0,25.0,37.5,25.0,25.0
2018-07-18,Jeonbuk,Jeju,1,0,1.56,4.02,5.5,2018,H,,107,0.0,1.0,0.0,0.0,3.0,3.0,0.0,3.0,2.0,1.0,0.0,1.0,-1.0,0.0,0.0,0.0,0.0,0.0,0.0,75.0,12.5,75.0,12.5
2018-07-18,Sangmu,Gyeongnam,0,1,2.73,3.18,2.52,2018,A,,105,0.0,0.0,1.0,0.0,0.0,0.0,0.0,1.0,0.0,1.0,-1.0,0.0,-1.0,0.0,0.0,0.0,0.0,0.0,0.0,33.3,33.3,50.0,25.0
2018-07-18,Seoul,Jeonnam,2,1,1.94,3.46,3.69,2018,H,,103,0.0,0.0,0.0,0.0,1.0,1.0,0.0,1.0,1.0,0.0,0.0,0.0,0.0,0.0,0.0,0.0,0.0,0.0,0.0,37.5,25.0,12.5,25.0
2018-07-18,Suwon Bluewings,Incheon,5,2,1.69,3.62,4.81,2018,H,,104,0.0,0.0,1.0,1.0,0.0,0.0,0.0,3.0,3.0,0.0,-3.0,-3.0,0.0,0.0,0.0,0.0,1.0,1.0,0.0,33.3,33.3,0.0,62.5
2018-07-15,Jeju,Daegu,1,2,2.01,3.24,3.65,2018,A,,100,0.0,1.0,0.0,0.0,0.0,1.0,-1.0,0.0,0.0,0.0,0.0,1.0,-1.0,0.0,0.0,0.0,0.0,0.0,0.0,25.0,37.5,12.5,50.0
2018-07-15,Pohang,Gangwon,0,0,2.37,3.33,2.8,2018,D,,102,0.0,0.0,1.0,0.0,0.0,3.0,-3.0,3.0,3.0,0.0,-3.0,0.0,-3.0,0.0,0.0,0.0,1.0,0.0,1.0,33.3,44.4,50.0,37.5
2018-07-15,Seoul,Ulsan,1,1,2.21,3.19,3.23,2018,D,,101,0.0,1.0,1.0,0.0,0.0,3.0,-3.0,4.0,2.0,2.0,-4.0,1.0,-5.0,0.0,0.0,0.0,1.0,0.0,1.0,42.9,28.6,28.6,28.6
2018-07-14,Gyeongnam,Incheon,3,0,2.22,3.25,3.11,2018,H,,99,1.0,0.0,0.0,0.0,2.0,3.0,-1.0,0.0,3.0,-3.0,2.0,0.0,2.0,1.0,0.0,1.0,0.0,0.0,0.0,37.5,25.0,0.0,57.1
2018-07-14,Jeonnam,Sangmu,2,0,2.45,3.18,2.79,2018,H,,97,0.0,0.0,1.0,0.0,0.0,0.0,0.0,2.0,0.0,2.0,-2.0,0.0,-2.0,0.0,0.0,0.0,1.0,0.0,1.0,12.5,62.5,40.0,40.0
2018-07-14,Suwon Bluewings,Jeonbuk,0,3,3.75,3.47,1.92,2018,A,,98,0.0,1.0,1.0,0.0,2.0,2.0,0.0,3.0,0.0,3.0,-1.0,2.0,-3.0,0.0,1.0,-1.0,0.0,0.0,0.0,37.5,25.0,75.0,12.5
2018-07-11,Incheon,Gangwon,3,3,2.8,3.38,2.35,2018,D,,94,0.0,1.0,0.0,0.0,1.0,1.0,0.0,1.0,0.0,1.0,0.0,1.0,-1.0,0.0,0.0,0.0,0.0,0.0,0.0,12.5,50.0,57.1,42.9
2018-07-11,Jeju,Gyeongnam,0,0,1.95,3.46,3.65,2018,D,,96,1.0,0.0,0.0,0.0,1.0,1.0,0.0,0.0,1.0,-1.0,1.0,0.0,1.0,0.0,0.0,0.0,0.0,0.0,0.0,28.6,42.9,57.1,28.6
2018-07-11,Jeonnam,Suwon Bluewings,0,2,2.87,3.27,2.33,2018,A,,92,0.0,0.0,0.0,0.0,1.0,1.0,0.0,1.0,1.0,0.0,0.0,0.0,0.0,0.0,0.0,0.0,0.0,0.0,0.0,14.3,57.1,57.1,28.6
2018-07-11,Pohang,Seoul,0,3,2.74,3.15,2.51,2018,A,,93,0.0,0.0,0.0,0.0,1.0,2.0,-1.0,1.0,2.0,-1.0,0.0,0.0,0.0,0.0,0.0,0.0,0.0,0.0,0.0,37.5,37.5,0.0,37.5
2018-07-11,Sangmu,Daegu,0,1,2.39,3.14,2.88,2018,A,,91,0.0,0.0,1.0,0.0,2.0,1.0,1.0,3.0,1.0,2.0,-1.0,0.0,-1.0,0.0,0.0,0.0,0.0,0.0,0.0,40.0,20.0,0.0,57.1
2018-07-11,Ulsan,Jeonbuk,0,2,4.6,3.76,1.68,2018,A,,95,0.0,1.0,0.0,0.0,1.0,4.0,-3.0,1.0,0.0,1.0,0.0,4.0,-4.0,0.0,1.0,-1.0,0.0,0.0,0.0,50.0,25.0,71.4,14.3
2018-07-08,Daegu,Seoul,2,2,3.06,3.22,2.26,2018,D,,90,0.0,0.0,1.0,0.0,0.0,1.0,-1.0,2.0,1.0,1.0,-2.0,0.0,-2.0,0.0,0.0,0.0,1.0,0.0,1.0,14.3,71.4,0.0,42.9
2018-07-08,Gangwon,Jeonnam,1,1,2.13,3.53,3.07,2018,D,,89,0.0,0.0,0.0,1.0,1.0,0.0,1.0,1.0,1.0,0.0,0.0,-1.0,1.0,0.0,0.0,0.0,0.0,0.0,0.0,28.6,42.9,14.3,28.6
2018-07-08,Sangmu,Ulsan,2,3,2.81,3.12,2.49,2018,A,,88,0.0,0.0,0.0,0.0,0.0,1.0,-1.0,0.0,1.0,-1.0,0.0,0.0,0.0,0.0,0.0,0.0,0.0,0.0,0.0,50.0,0.0,16.7,33.3
2018-07-07,Gyeongnam,Pohang,2,0,2.58,3.23,2.6,2018,H,,87,0.0,1.0,1.0,0.0,0.0,3.0,-3.0,1.0,0.0,1.0,-1.0,3.0,-4.0,0.0,1.0,-1.0,0.0,0.0,0.0,28.6,28.6,33.3,33.3
2018-07-07,Jeonbuk,Incheon,3,3,1.39,4.56,7.27,2018,D,,86,0.0,0.0,1.0,1.0,0.0,2.0,-2.0,3.0,3.0,0.0,-3.0,-1.0,-2.0,0.0,0.0,0.0,1.0,0.0,1.0,85.7,14.3,0.0,66.7
2018-07-07,Suwon Bluewings,Jeju,2,3,2.2,3.25,3.14,2018,A,,85,1.0,0.0,0.0,0.0,2.0,0.0,2.0,0.0,0.0,0.0,2.0,0.0,2.0,1.0,0.0,1.0,0.0,0.0,0.0,42.9,14.3,71.4,14.3
2018-05-20,Incheon,Ulsan,1,1,2.81,3.33,2.36,2018,D,,83,0.0,0.0,1.0,0.0,1.0,0.0,1.0,2.0,0.0,2.0,-1.0,0.0,-1.0,0.0,0.0,0.0,0.0,0.0,0.0,14.3,57.1,20.0,40.0
2018-05-20,Pohang,Suwon Bluewings,1,1,2.91,3.17,2.37,2018,D,,81,0.0,0.0,0.0,1.0,0.0,1.0,-1.0,0.0,2.0,-2.0,0.0,-1.0,1.0,0.0,0.0,0.0,0.0,0.0,0.0,42.9,42.9,66.7,33.3
2018-05-20,Sangmu,Jeju,0,0,2.95,3.3,2.28,2018,D,,82,1.0,1.0,0.0,0.0,3.0,2.0,1.0,2.0,1.0,1.0,1.0,1.0,0.0,0.0,0.0,0.0,0.0,0.0,0.0,66.7,0.0,83.3,16.7
2018-05-20,Seoul,Jeonbuk,0,4,3.47,3.38,1.99,2018,A,,84,1.0,0.0,0.0,0.0,2.0,0.0,2.0,1.0,0.0,1.0,1.0,0.0,1.0,0.0,0.0,0.0,0.0,0.0,0.0,50.0,16.7,66.7,16.7
2018-05-19,Gyeongnam,Gangwon,0,1,2.26,3.39,2.88,2018,A,,80,0.0,0.0,0.0,1.0,0.0,0.0,0.0,0.0,3.0,-3.0,0.0,-3.0,3.0,0.0,0.0,0.0,0.0,1.0,-1.0,33.3,16.7,50.0,50.0
2018-05-19,Jeonnam,Daegu,1,1,2.34,3.29,2.83,2018,D,,79,0.0,0.0,0.0,1.0,0.0,0.0,0.0,0.0,2.0,-2.0,0.0,-2.0,2.0,0.0,0.0,0.0,0.0,1.0,-1.0,16.7,66.7,0.0,66.7
2018-05-13,Sangmu,Incheon,3,2,2.34,3.16,2.95,2018,H,,76,1.0,0.0,0.0,0.0,3.0,0.0,3.0,0.0,0.0,0.0,3.0,0.0,3.0,1.0,0.0,1.0,0.0,0.0,0.0,50.0,0.0,0.0,60.0
2018-05-13,Suwon Bluewings,Daegu,2,0,1.85,3.35,4.11,2018,H,,77,0.0,0.0,0.0,1.0,0.0,1.0,-1.0,0.0,2.0,-2.0,0.0,-1.0,1.0,0.0,0.0,0.0,0.0,0.0,0.0,33.3,16.7,0.0,60.0
2018-05-13,Ulsan,Gyeongnam,1,1,2.29,3.25,2.96,2018,D,,78,1.0,1.0,0.0,0.0,2.0,2.0,0.0,1.0,0.0,1.0,1.0,2.0,-1.0,0.0,1.0,-1.0,0.0,0.0,0.0,57.1,28.6,66.7,33.3
2018-05-12,Gangwon,Seoul,1,1,3.06,3.36,2.19,2018,D,,73,0.0,0.0,0.0,0.0,0.0,0.0,0.0,0.0,0.0,0.0,0.0,0.0,0.0,0.0,0.0,0.0,0.0,0.0,0.0,33.3,50.0,0.0,50.0
2018-05-12,Jeju,Jeonnam,1,0,1.78,3.64,4.07,2018,H,,75,0.0,0.0,1.0,0.0,3.0,1.0,2.0,5.0,1.0,4.0,-2.0,0.0,-2.0,0.0,0.0,0.0,1.0,0.0,1.0,16.7,50.0,16.7,16.7
2018-05-12,Jeonbuk,Pohang,0,3,1.63,3.75,4.84,2018,A,,74,1.0,0.0,0.0,1.0,2.0,1.0,1.0,1.0,2.0,-1.0,1.0,-1.0,2.0,0.0,0.0,0.0,0.0,0.0,0.0,100.0,0.0,20.0,40.0
2018-05-05,Daegu,Gyeongnam,0,2,2.22,3.22,3.12,2018,A,,71,0.0,1.0,1.0,0.0,1.0,3.0,-2.0,4.0,2.0,2.0,-3.0,1.0,-4.0,0.0,0.0,0.0,1.0,0.0,1.0,16.7,66.7,60.0,40.0
2018-05-05,Incheon,Jeju,1,2,3.1,3.28,2.21,2018,A,,69,0.0,1.0,1.0,0.0,2.0,4.0,-2.0,3.0,1.0,2.0,-1.0,3.0,-4.0,0.0,1.0,-1.0,0.0,0.0,0.0,16.7,50.0,80.0,20.0
2018-05-05,Jeonnam,Jeonbuk,0,0,3.21,3.51,2.08,2018,D,,72,1.0,1.0,0.0,0.0,2.0,2.0,0.0,1.0,0.0,1.0,1.0,2.0,-1.0,0.0,1.0,-1.0,0.0,0.0,0.0,20.0,80.0,80.0,20.0
2018-05-05,Sangmu,Gangwon,3,0,2.73,3.34,2.39,2018,H,,67,0.0,1.0,0.0,0.0,1.0,5.0,-4.0,1.0,3.0,-2.0,0.0,2.0,-2.0,0.0,1.0,-1.0,0.0,0.0,0.0,0.0,0.0,60.0,40.0
2018-05-05,Seoul,Suwon Bluewings,2,1,2.57,3.08,2.7,2018,H,,70,0.0,0.0,0.0,1.0,0.0,0.0,0.0,0.0,2.0,-2.0,0.0,-2.0,2.0,0.0,0.0,0.0,0.0,1.0,-1.0,40.0,20.0,80.0,20.0
2018-05-05,Ulsan,Pohang,2,1,2.3,3.16,3.01,2018,H,,68,0.0,0.0,0.0,0.0,1.0,0.0,1.0,1.0,0.0,1.0,0.0,0.0,0.0,0.0,0.0,0.0,0.0,0.0,0.0,50.0,33.3,25.0,25.0
2018-05-02,Gyeongnam,Seoul,0,0,3.19,3.2,2.18,2018,D,,65,0.0,0.0,0.0,1.0,0.0,1.0,-1.0,0.0,2.0,-2.0,0.0,-1.0,1.0,0.0,0.0,0.0,0.0,0.0,0.0,40.0,20.0,0.0,60.0
2018-05-02,Jeju,Gangwon,3,5,1.91,3.5,3.71,2018,A,,61,0.0,1.0,1.0,0.0,0.0,4.0,-4.0,1.0,1.0,0.0,-1.0,3.0,-4.0,0.0,1.0,-1.0,0.0,0.0,0.0,20.0,40.0,50.0,50.0
2018-05-02,Jeonbuk,Daegu,2,1,1.26,5.27,10.52,2018,H,,64,1.0,0.0,0.0,1.0,2.0,0.0,2.0,0.0,3.0,-3.0,2.0,-3.0,5.0,1.0,0.0,1.0,0.0,1.0,-1.0,100.0,0.0,0.0,50.0
2018-05-02,Pohang,Incheon,0,0,1.84,3.48,4.02,2018,D,,62,0.0,0.0,1.0,1.0,0.0,1.0,-1.0,1.0,2.0,-1.0,-1.0,-1.0,0.0,0.0,0.0,0.0,0.0,0.0,0.0,50.0,50.0,0.0,75.0
2018-05-02,Sangmu,Jeonnam,1,1,2.28,3.31,2.95,2018,D,,66,,0.0,,0.0,,1.0,,,1.0,,,0.0,,,0.0,,,0.0,,,,20.0,20.0
2018-05-02,Suwon Bluewings,Ulsan,0,0,1.97,3.33,3.68,2018,D,,63,1.0,0.0,0.0,0.0,3.0,0.0,3.0,1.0,0.0,1.0,2.0,0.0,2.0,1.0,0.0,1.0,0.0,0.0,0.0,40.0,20.0,25.0,50.0
2018-04-29,Gangwon,Pohang,0,0,2.68,3.39,2.39,2018,D,,58,0.0,0.0,1.0,1.0,0.0,1.0,-1.0,2.0,2.0,0.0,-2.0,-1.0,-1.0,0.0,0.0,0.0,1.0,0.0,1.0,40.0,60.0,33.3,33.3
2018-04-29,Incheon,Gyeongnam,2,3,2.47,3.18,2.73,2018,A,,59,0.0,0.0,1.0,1.0,2.0,1.0,1.0,3.0,3.0,0.0,-1.0,-2.0,1.0,0.0,0.0,0.0,0.0,1.0,-1.0,20.0,40.0,50.0,50.0
2018-04-29,Jeonbuk,Suwon Bluewings,2,0,1.63,3.7,4.96,2018,H,,60,1.0,1.0,0.0,0.0,3.0,3.0,0.0,0.0,2.0,-2.0,3.0,1.0,2.0,1.0,0.0,1.0,0.0,0.0,0.0,100.0,0.0,100.0,0.0
2018-04-28,Daegu,Jeju,1,4,3.54,3.13,2.1,2018,A,,56,0.0,1.0,1.0,0.0,1.0,1.0,0.0,2.0,0.0,2.0,-1.0,1.0,-2.0,0.0,0.0,0.0,0.0,0.0,0.0,20.0,60.0,75.0,25.0
2018-04-28,Seoul,Sangmu,0,0,2.08,3.18,3.47,2018,D,,57,1.0,1.0,0.0,0.0,3.0,2.0,1.0,0.0,1.0,-1.0,3.0,1.0,2.0,1.0,0.0,1.0,0.0,0.0,0.0,50.0,25.0,44.4,44.4
2018-04-28,Ulsan,Jeonnam,1,1,1.78,3.58,4.15,2018,D,,55,1.0,0.0,0.0,1.0,2.0,0.0,2.0,1.0,3.0,-2.0,1.0,-3.0,4.0,0.0,0.0,0.0,0.0,1.0,-1.0,60.0,40.0,25.0,25.0
2018-04-25,Daegu,Sangmu,1,2,2.73,3.0,2.61,2018,A,,53,1.0,1.0,0.0,0.0,2.0,2.0,0.0,1.0,0.0,1.0,1.0,2.0,-1.0,0.0,1.0,-1.0,0.0,0.0,0.0,25.0,50.0,37.5,50.0
2018-04-25,Gangwon,Jeonbuk,0,2,4.92,3.9,1.61,2018,A,,51,0.0,1.0,1.0,0.0,2.0,1.0,1.0,3.0,0.0,3.0,-1.0,1.0,-2.0,0.0,0.0,0.0,0.0,0.0,0.0,50.0,50.0,75.0,25.0
2018-04-25,Jeonnam,Seoul,2,1,3.92,3.52,1.84,2018,H,,54,0.0,0.0,1.0,1.0,1.0,0.0,1.0,4.0,1.0,3.0,-3.0,-1.0,-2.0,0.0,0.0,0.0,1.0,0.0,1.0,0.0,100.0,0.0,50.0
2018-04-25,Pohang,Jeju,0,1,2.36,3.2,2.88,2018,A,,50,0.0,1.0,1.0,0.0,0.0,3.0,-3.0,2.0,0.0,2.0,-2.0,3.0,-5.0,0.0,1.0,-1.0,1.0,0.0,1.0,60.0,40.0,66.7,33.3
2018-04-25,Suwon Bluewings,Gyeongnam,3,1,1.74,3.58,4.43,2018,H,,49,1.0,0.0,0.0,1.0,2.0,1.0,1.0,1.0,2.0,-1.0,1.0,-1.0,2.0,0.0,0.0,0.0,0.0,0.0,0.0,25.0,25.0,66.7,33.3
2018-04-25,Ulsan,Incheon,2,1,2.11,3.15,3.37,2018,H,,52,1.0,0.0,0.0,1.0,1.0,2.0,-1.0,0.0,4.0,-4.0,1.0,-2.0,3.0,0.0,0.0,0.0,0.0,1.0,-1.0,50.0,50.0,0.0,66.7
2018-04-22,Gyeongnam,Ulsan,0,0,2.58,3.11,2.67,2018,D,,46,0.0,1.0,1.0,0.0,0.0,2.0,-2.0,4.0,0.0,4.0,-4.0,2.0,-6.0,0.0,1.0,-1.0,1.0,0.0,1.0,50.0,25.0,33.3,66.7
2018-04-22,Incheon,Suwon Bluewings,2,3,3.5,3.13,2.11,2018,A,,47,0.0,1.0,1.0,0.0,0.0,3.0,-3.0,1.0,2.0,-1.0,-1.0,1.0,-2.0,0.0,0.0,0.0,0.0,0.0,0.0,25.0,25.0,100.0,0.0
2018-04-22,Jeju,Jeonbuk,0,1,4.47,3.6,1.73,2018,A,,48,1.0,1.0,0.0,0.0,4.0,4.0,0.0,2.0,0.0,2.0,2.0,4.0,-2.0,1.0,1.0,0.0,0.0,0.0,0.0,25.0,25.0,66.7,33.3
2018-04-21,Jeonnam,Gangwon,1,4,3.08,3.47,2.12,2018,A,,44,0.0,0.0,1.0,1.0,0.0,1.0,-1.0,3.0,2.0,1.0,-3.0,-1.0,-2.0,0.0,0.0,0.0,1.0,0.0,1.0,0.0,100.0,33.3,66.7
2018-04-21,Pohang,Sangmu,0,2,2.35,3.25,2.88,2018,A,,43,1.0,0.0,0.0,1.0,2.0,1.0,1.0,1.0,2.0,-1.0,1.0,-1.0,2.0,0.0,0.0,0.0,0.0,0.0,0.0,75.0,25.0,28.6,57.1
2018-04-21,Seoul,Daegu,3,0,1.89,3.29,4.03,2018,H,,45,1.0,0.0,0.0,0.0,2.0,1.0,1.0,1.0,1.0,0.0,1.0,0.0,1.0,0.0,0.0,0.0,0.0,0.0,0.0,33.3,33.3,0.0,33.3
2018-04-15,Daegu,Gangwon,2,1,2.82,3.13,2.46,2018,H,,42,0.0,0.0,1.0,1.0,0.0,1.0,-1.0,2.0,3.0,-1.0,-2.0,-2.0,0.0,0.0,0.0,0.0,1.0,1.0,0.0,0.0,66.7,50.0,50.0
2018-04-15,Pohang,Gyeongnam,2,1,2.11,3.4,3.2,2018,H,,41,0.0,1.0,1.0,0.0,0.0,3.0,-3.0,2.0,1.0,1.0,-2.0,2.0,-4.0,0.0,1.0,-1.0,1.0,0.0,1.0,66.7,33.3,100.0,0.0
2018-04-14,Jeju,Incheon,4,2,1.89,3.23,4.08,2018,H,,37,0.0,0.0,0.0,0.0,0.0,1.0,-1.0,0.0,1.0,-1.0,0.0,0.0,0.0,0.0,0.0,0.0,0.0,0.0,0.0,0.0,33.3,0.0,50.0
2018-04-14,Jeonbuk,Jeonnam,3,0,1.29,5.19,9.01,2018,H,,38,1.0,0.0,0.0,0.0,1.0,2.0,-1.0,0.0,2.0,-2.0,1.0,0.0,1.0,0.0,0.0,0.0,0.0,0.0,0.0,100.0,0.0,33.3,0.0
2018-04-14,Suwon Bluewings,Sangmu,2,1,1.79,3.32,4.48,2018,H,,40,0.0,1.0,0.0,0.0,0.0,1.0,-1.0,0.0,0.0,0.0,0.0,1.0,-1.0,0.0,0.0,0.0,0.0,0.0,0.0,0.0,33.3,33.3,50.0
2018-04-14,Ulsan,Seoul,1,0,2.57,3.11,2.68,2018,H,,39,1.0,0.0,0.0,0.0,3.0,0.0,3.0,1.0,0.0,1.0,2.0,0.0,2.0,1.0,0.0,1.0,0.0,0.0,0.0,33.3,66.7,0.0,33.3
2018-04-11,Daegu,Ulsan,0,2,2.52,3.02,2.83,2018,A,,31,0.0,0.0,0.0,1.0,1.0,1.0,0.0,1.0,2.0,-1.0,0.0,-1.0,1.0,0.0,0.0,0.0,0.0,0.0,0.0,0.0,50.0,0.0,100.0
2018-04-11,Gangwon,Suwon Bluewings,2,3,2.89,3.24,2.34,2018,A,,36,0.0,1.0,1.0,0.0,1.0,1.0,0.0,3.0,0.0,3.0,-2.0,1.0,-3.0,0.0,0.0,0.0,1.0,0.0,1.0,66.7,33.3,100.0,0.0
2018-04-11,Gyeongnam,Jeonbuk,0,4,4.27,3.63,1.75,2018,A,,35,0.0,1.0,0.0,0.0,1.0,2.0,-1.0,1.0,0.0,1.0,0.0,2.0,-2.0,0.0,1.0,-1.0,0.0,0.0,0.0,66.7,0.0,50.0,50.0
2018-04-11,Incheon,Sangmu,0,1,2.46,3.03,2.9,2018,A,,34,0.0,0.0,0.0,0.0,2.0,0.0,2.0,2.0,0.0,2.0,0.0,0.0,0.0,0.0,0.0,0.0,0.0,0.0,0.0,33.3,0.0,20.0,60.0
2018-04-11,Jeonnam,Jeju,0,3,2.82,3.21,2.42,2018,A,,32,0.0,1.0,1.0,0.0,1.0,1.0,0.0,3.0,0.0,3.0,-2.0,1.0,-3.0,0.0,0.0,0.0,1.0,0.0,1.0,0.0,100.0,50.0,50.0
2018-04-11,Seoul,Pohang,2,1,2.26,3.21,3.08,2018,H,,33,0.0,0.0,0.0,0.0,1.0,1.0,0.0,1.0,1.0,0.0,0.0,0.0,0.0,0.0,0.0,0.0,0.0,0.0,0.0,0.0,50.0,50.0,0.0
2018-04-08,Jeju,Sangmu,0,0,2.04,3.25,3.53,2018,D,,29,0.0,0.0,1.0,1.0,0.0,0.0,0.0,1.0,1.0,0.0,-1.0,-1.0,0.0,0.0,0.0,0.0,0.0,0.0,0.0,0.0,50.0,25.0,75.0
2018-04-08,Pohang,Jeonbuk,0,2,3.86,3.57,1.86,2018,A,,27,1.0,0.0,0.0,1.0,2.0,2.0,0.0,1.0,3.0,-2.0,1.0,-1.0,2.0,0.0,0.0,0.0,0.0,0.0,0.0,100.0,0.0,0.0,100.0
2018-04-08,Suwon Bluewings,Seoul,0,0,2.21,3.1,3.31,2018,D,,28,0.0,0.0,0.0,1.0,1.0,1.0,0.0,1.0,2.0,-1.0,0.0,-1.0,1.0,0.0,0.0,0.0,0.0,0.0,0.0,0.0,50.0,0.0,50.0
2018-04-08,Ulsan,Gangwon,3,1,2.35,3.17,2.94,2018,H,,30,0.0,1.0,1.0,0.0,0.0,2.0,-2.0,1.0,1.0,0.0,-1.0,1.0,-2.0,0.0,0.0,0.0,0.0,0.0,0.0,0.0,100.0,100.0,0.0
2018-04-07,Gyeongnam,Daegu,1,1,2.13,3.25,3.27,2018,D,,25,1.0,0.0,0.0,0.0,2.0,0.0,2.0,0.0,0.0,0.0,2.0,0.0,2.0,1.0,0.0,1.0,0.0,0.0,0.0,100.0,0.0,0.0,50.0
2018-04-07,Incheon,Jeonnam,2,2,2.39,3.16,2.88,2018,D,,26,0.0,0.0,0.0,0.0,0.0,1.0,-1.0,0.0,1.0,-1.0,0.0,0.0,0.0,0.0,0.0,0.0,0.0,0.0,0.0,50.0,0.0,50.0,0.0
2018-04-01,Gangwon,Gyeongnam,1,3,2.36,3.19,2.89,2018,A,,23,1.0,1.0,0.0,0.0,2.0,3.0,-1.0,1.0,1.0,0.0,1.0,2.0,-1.0,0.0,1.0,-1.0,0.0,0.0,0.0,100.0,0.0,100.0,0.0
2018-04-01,Seoul,Incheon,1,1,1.82,3.29,4.36,2018,D,,24,0.0,0.0,1.0,1.0,1.0,1.0,0.0,2.0,2.0,0.0,-1.0,-1.0,0.0,0.0,0.0,0.0,0.0,0.0,0.0,0.0,100.0,0.0,100.0
2018-03-31,Daegu,Jeonnam,1,1,2.28,3.18,3.09,2018,D,,20,0.0,1.0,1.0,0.0,0.0,2.0,-2.0,2.0,1.0,1.0,-2.0,1.0,-3.0,0.0,0.0,0.0,1.0,0.0,1.0,0.0,100.0,100.0,0.0
2018-03-31,Jeju,Suwon Bluewings,0,1,2.63,3.09,2.65,2018,A,,21,0.0,1.0,0.0,0.0,0.0,2.0,-2.0,0.0,0.0,0.0,0.0,2.0,-2.0,0.0,1.0,-1.0,0.0,0.0,0.0,0.0,0.0,100.0,0.0
2018-03-31,Jeonbuk,Sangmu,1,0,1.44,4.43,6.3,2018,H,,19,1.0,0.0,0.0,1.0,2.0,1.0,1.0,1.0,2.0,-1.0,1.0,-1.0,2.0,0.0,0.0,0.0,0.0,0.0,0.0,100.0,0.0,33.3,66.7
2018-03-31,Pohang,Ulsan,2,1,2.36,3.13,2.94,2018,H,,22,1.0,0.0,0.0,1.0,3.0,0.0,3.0,0.0,2.0,-2.0,3.0,-2.0,5.0,1.0,0.0,1.0,0.0,1.0,-1.0,100.0,0.0,0.0,100.0
2018-03-18,Jeonbuk,Seoul,2,1,1.63,3.73,5.12,2018,H,,16,1.0,0.0,0.0,0.0,2.0,0.0,2.0,0.0,0.0,0.0,2.0,0.0,2.0,1.0,0.0,1.0,0.0,0.0,0.0,100.0,0.0,0.0,0.0
2018-03-18,Suwon Bluewings,Pohang,1,1,2.0,3.3,3.63,2018,D,,18,0.0,1.0,1.0,0.0,1.0,3.0,-2.0,2.0,2.0,0.0,-1.0,1.0,-2.0,0.0,0.0,0.0,0.0,0.0,0.0,0.0,100.0,100.0,0.0
2018-03-18,Ulsan,Jeju,0,1,2.29,3.09,3.11,2018,A,,17,0.0,0.0,1.0,1.0,0.0,0.0,0.0,2.0,2.0,0.0,-2.0,-2.0,0.0,0.0,0.0,0.0,1.0,1.0,0.0,0.0,100.0,0.0,100.0
2018-03-17,Gangwon,Sangmu,2,1,1.93,3.32,3.83,2018,H,,14,1.0,1.0,0.0,0.0,2.0,2.0,0.0,1.0,0.0,1.0,1.0,2.0,-1.0,0.0,1.0,-1.0,0.0,0.0,0.0,100.0,0.0,50.0,50.0
2018-03-17,Incheon,Daegu,0,0,2.53,3.0,2.82,2018,D,,13,1.0,0.0,0.0,1.0,3.0,0.0,3.0,2.0,3.0,-1.0,1.0,-3.0,4.0,0.0,0.0,0.0,0.0,1.0,-1.0,100.0,0.0,0.0,100.0
2018-03-17,Jeonnam,Gyeongnam,1,3,2.87,3.28,2.35,2018,A,,15,0.0,,1.0,,2.0,,,3.0,,,-1.0,,,0.0,,,0.0,,,0.0,100.0,,
2018-03-11,Jeonnam,Pohang,2,3,2.61,3.24,2.57,2018,A,,11,,,,,,,,,,,,,,,,,,,,,,,
2018-03-11,Seoul,Gangwon,1,2,2.03,3.27,3.48,2018,A,,12,,,,,,,,,,,,,,,,,,,,,,,
2018-03-10,Daegu,Suwon Bluewings,0,2,2.94,3.09,2.4,2018,A,,9,,,,,,,,,,,,,,,,,,,,,,,
2018-03-10,Gyeongnam,Jeju,2,0,3.19,3.19,2.2,2018,H,,8,1.0,,0.0,,3.0,,,1.0,,,2.0,,,1.0,,,0.0,,,100.0,0.0,,
2018-03-10,Incheon,Jeonbuk,3,2,6.71,4.06,1.46,2018,H,,10,,,,,,,,,,,,,,,,,,,,,,,
2018-03-10,Ulsan,Sangmu,0,2,2.11,3.14,3.44,2018,A,,7,,0.0,,1.0,,1.0,,,3.0,,,-2.0,,,0.0,,,1.0,,,,0.0,100.0
2018-03-04,Gyeongnam,Sangmu,3,1,2.06,3.18,3.52,2018,H,,6,,,,,,,,,,,,,,,,,,,,,,,
2018-03-03,Gangwon,Incheon,2,1,2.09,3.22,3.45,2018,H,,5,,,,,,,,,,,,,,,,,,,,,,,
2018-03-03,Pohang,Daegu,3,0,2.15,3.23,3.3,2018,H,,4,,,,,,,,,,,,,,,,,,,,,,,
2018-03-01,Jeju,Seoul,0,0,2.15,3.2,3.3,2018,D,,1,,,,,,,,,,,,,,,,,,,,,,,
2018-03-01,Jeonbuk,Ulsan,2,0,1.75,3.54,4.46,2018,H,,2,,,,,,,,,,,,,,,,,,,,,,,
2018-03-01,Suwon Bluewings,Jeonnam,1,2,1.48,4.06,6.34,2018,A,,3,,,,,,,,,,,,,,,,,,,,,,,
2017-11-22,Busan,Sangmu,0,1,2.04,2.99,3.73,2017,A,,231,1.0,0.0,0.0,1.0,3.0,0.0,3.0,0.0,2.0,-2.0,3.0,-2.0,5.0,1.0,0.0,1.0,0.0,1.0,-1.0,100.0,0.0,31.6,47.4
2017-11-19,Gangwon,Ulsan,1,2,3.03,3.32,2.21,2017,A,,230,1.0,0.0,0.0,1.0,4.0,0.0,4.0,0.0,3.0,-3.0,4.0,-3.0,7.0,1.0,0.0,1.0,0.0,1.0,-1.0,33.3,33.3,33.3,33.3
2017-11-19,Jeonbuk,Suwon Bluewings,2,3,2.08,3.22,3.42,2017,A,,229,1.0,0.0,0.0,0.0,3.0,0.0,3.0,0.0,0.0,0.0,3.0,0.0,3.0,1.0,0.0,1.0,0.0,0.0,0.0,61.1,16.7,44.4,11.1
2017-11-19,Seoul,Jeju,3,2,2.06,3.34,3.35,2017,H,,228,1.0,0.0,0.0,1.0,3.0,0.0,3.0,0.0,3.0,-3.0,3.0,-3.0,6.0,1.0,0.0,1.0,0.0,1.0,-1.0,38.9,16.7,44.4,27.8
2017-11-18,Busan,Asan,3,0,2.01,3.25,3.54,2017,H,,225,,,,,,,,,,,,,,,,,,,,,,,
2017-11-18,Daegu,Jeonnam,1,0,2.72,3.05,2.56,2017,H,,226,1.0,0.0,0.0,0.0,2.0,0.0,2.0,0.0,0.0,0.0,2.0,0.0,2.0,1.0,0.0,1.0,0.0,0.0,0.0,33.3,27.8,11.1,55.6
2017-11-18,Gwangju FC,Pohang,0,4,2.36,3.31,2.75,2017,A,,227,1.0,1.0,0.0,0.0,1.0,4.0,-3.0,0.0,3.0,-3.0,1.0,1.0,0.0,0.0,0.0,0.0,0.0,0.0,0.0,27.8,44.4,33.3,50.0
2017-11-18,Incheon,Sangmu,2,0,2.6,3.09,2.65,2017,H,,224,0.0,0.0,0.0,1.0,0.0,0.0,0.0,0.0,1.0,-1.0,0.0,-1.0,1.0,0.0,0.0,0.0,0.0,0.0,0.0,16.7,33.3,33.3,44.4
2017-11-15,Asan,Seongnam,1,0,2.28,2.89,3.25,2017,H,,223,,,,,,,,,,,,,,,,,,,,,,,
2017-11-05,Jeju,Suwon Bluewings,0,0,2.76,3.19,2.45,2017,D,,220,1.0,0.0,0.0,0.0,1.0,2.0,-1.0,0.0,2.0,-2.0,1.0,0.0,1.0,0.0,0.0,0.0,0.0,0.0,0.0,61.1,22.2,47.1,11.8
2017-11-05,Jeonnam,Incheon,2,2,2.31,3.0,3.12,2017,D,,222,0.0,0.0,1.0,0.0,1.0,0.0,1.0,3.0,0.0,3.0,-2.0,0.0,-2.0,0.0,0.0,0.0,1.0,0.0,1.0,33.3,44.4,16.7,38.9
2017-11-05,Ulsan,Jeonbuk,1,2,2.72,3.27,2.4,2017,A,,221,0.0,1.0,1.0,0.0,0.0,4.0,-4.0,1.0,0.0,1.0,-1.0,4.0,-5.0,0.0,1.0,-1.0,0.0,0.0,0.0,55.6,16.7,55.6,16.7
2017-11-04,Daegu,Gwangju FC,2,0,2.95,3.19,2.31,2017,H,,219,0.0,0.0,0.0,0.0,0.0,0.0,0.0,0.0,0.0,0.0,0.0,0.0,0.0,0.0,0.0,0.0,0.0,0.0,0.0,29.4,29.4,5.6,55.6
2017-11-04,Gangwon,Seoul,4,0,4.85,3.92,1.61,2017,H,,217,0.0,0.0,1.0,0.0,0.0,0.0,0.0,4.0,0.0,4.0,-4.0,0.0,-4.0,0.0,0.0,0.0,1.0,0.0,1.0,29.4,35.3,44.4,27.8
2017-11-04,Sangmu,Pohang,3,4,2.38,3.29,2.76,2017,A,,218,0.0,1.0,0.0,0.0,0.0,3.0,-3.0,0.0,1.0,-1.0,0.0,2.0,-2.0,0.0,1.0,-1.0,0.0,0.0,0.0,11.1,50.0,29.4,52.9
2017-10-29,Incheon,Gwangju FC,0,0,2.95,2.93,2.43,2017,D,,214,0.0,1.0,0.0,0.0,1.0,4.0,-3.0,1.0,2.0,-1.0,0.0,2.0,-2.0,0.0,1.0,-1.0,0.0,0.0,0.0,17.6,35.3,5.9,58.8
2017-10-29,Jeonbuk,Jeju,3,0,1.88,3.39,3.91,2017,H,,216,0.0,1.0,0.0,0.0,0.0,1.0,-1.0,0.0,0.0,0.0,0.0,1.0,-1.0,0.0,0.0,0.0,0.0,0.0,0.0,58.8,17.6,47.1,23.5
2017-10-29,Suwon Bluewings,Gangwon,2,1,1.51,4.15,5.57,2017,H,,215,1.0,0.0,0.0,1.0,2.0,0.0,2.0,0.0,1.0,-1.0,2.0,-1.0,3.0,1.0,0.0,1.0,0.0,0.0,0.0,38.9,33.3,38.9,38.9
2017-10-28,Pohang,Daegu,1,2,2.19,3.45,2.93,2017,A,,212,1.0,0.0,0.0,0.0,5.0,2.0,3.0,0.0,2.0,-2.0,5.0,0.0,5.0,1.0,0.0,1.0,0.0,0.0,0.0,44.4,33.3,16.7,44.4
2017-10-28,Sangmu,Jeonnam,0,0,2.38,3.29,2.76,2017,D,,211,0.0,0.0,0.0,1.0,2.0,0.0,2.0,2.0,1.0,1.0,0.0,-1.0,1.0,0.0,0.0,0.0,0.0,0.0,0.0,11.8,52.9,11.8,58.8
2017-10-28,Seoul,Ulsan,3,0,2.16,3.24,3.2,2017,H,,213,0.0,0.0,0.0,1.0,2.0,0.0,2.0,2.0,2.0,0.0,0.0,-2.0,2.0,0.0,0.0,0.0,0.0,1.0,-1.0,35.3,17.6,35.3,29.4
2017-10-22,Gangwon,Jeonbuk,0,4,5.07,3.8,1.6,2017,A,,208,1.0,1.0,0.0,0.0,2.0,1.0,1.0,0.0,0.0,0.0,2.0,1.0,1.0,1.0,0.0,1.0,0.0,0.0,0.0,31.2,31.2,52.9,17.6
2017-10-22,Gwangju FC,Sangmu,1,0,2.15,3.18,3.25,2017,H,,209,0.0,0.0,0.0,0.0,1.0,2.0,-1.0,1.0,2.0,-1.0,0.0,0.0,0.0,0.0,0.0,0.0,0.0,0.0,0.0,23.5,47.1,35.3,41.2
2017-10-22,Ulsan,Jeju,0,1,2.63,3.06,2.6,2017,A,,210,1.0,0.0,0.0,0.0,1.0,2.0,-1.0,0.0,2.0,-2.0,1.0,0.0,1.0,0.0,0.0,0.0,0.0,0.0,0.0,58.8,11.8,43.8,25.0
2017-10-21,Daegu,Incheon,0,0,2.25,3.06,3.19,2017,D,,206,0.0,0.0,0.0,1.0,1.0,0.0,1.0,1.0,5.0,-4.0,0.0,-5.0,5.0,0.0,0.0,0.0,0.0,1.0,-1.0,31.2,31.2,17.6,41.2
2017-10-21,Jeonnam,Pohang,1,3,2.53,3.32,2.53,2017,A,,205,0.0,0.0,1.0,0.0,2.0,1.0,1.0,4.0,1.0,3.0,-2.0,0.0,-2.0,0.0,0.0,0.0,1.0,0.0,1.0,35.3,41.2,25.0,56.2
2017-10-21,Seoul,Suwon Bluewings,2,2,2.73,3.2,2.46,2017,D,,207,0.0,0.0,0.0,0.0,1.0,1.0,0.0,1.0,1.0,0.0,0.0,0.0,0.0,0.0,0.0,0.0,0.0,0.0,0.0,37.5,18.8,50.0,12.5
2017-10-15,Jeonbuk,Seoul,0,0,1.93,3.45,3.64,2017,D,,203,0.0,1.0,0.0,0.0,1.0,1.0,0.0,1.0,0.0,1.0,0.0,1.0,-1.0,0.0,0.0,0.0,0.0,0.0,0.0,62.5,18.8,47.1,29.4
2017-10-15,Jeonnam,Gwangju FC,2,4,2.62,3.28,2.51,2017,A,,204,0.0,0.0,1.0,0.0,1.0,1.0,0.0,4.0,1.0,3.0,-3.0,0.0,-3.0,0.0,0.0,0.0,1.0,0.0,1.0,37.5,37.5,0.0,62.5
2017-10-15,Suwon Bluewings,Ulsan,2,0,1.91,3.36,3.75,2017,H,,202,0.0,0.0,0.0,0.0,1.0,1.0,0.0,1.0,1.0,0.0,0.0,0.0,0.0,0.0,0.0,0.0,0.0,0.0,0.0,35.3,35.3,37.5,25.0
2017-10-14,Jeju,Gangwon,1,0,1.74,3.65,4.24,2017,H,,200,0.0,0.0,1.0,0.0,0.0,1.0,-1.0,1.0,1.0,0.0,-1.0,0.0,-1.0,0.0,0.0,0.0,0.0,0.0,0.0,58.8,23.5,41.2,35.3
2017-10-14,Pohang,Incheon,5,0,2.07,3.24,3.39,2017,H,,201,0.0,0.0,0.0,1.0,1.0,0.0,1.0,1.0,2.0,-1.0,0.0,-2.0,2.0,0.0,0.0,0.0,0.0,1.0,-1.0,41.2,35.3,18.8,37.5
2017-10-14,Sangmu,Daegu,2,2,2.67,3.21,2.51,2017,D,,199,0.0,1.0,1.0,0.0,0.0,4.0,-4.0,1.0,1.0,0.0,-1.0,3.0,-4.0,0.0,1.0,-1.0,0.0,0.0,0.0,12.5,56.2,17.6,47.1
2017-10-08,Gangwon,Incheon,2,0,2.23,3.14,3.14,2017,H,,195,0.0,0.0,0.0,0.0,1.0,1.0,0.0,1.0,1.0,0.0,0.0,0.0,0.0,0.0,0.0,0.0,0.0,0.0,0.0,26.7,33.3,20.0,33.3
2017-10-08,Gwangju FC,Ulsan,1,1,3.69,3.27,1.96,2017,D,,194,0.0,0.0,0.0,0.0,1.0,1.0,0.0,1.0,1.0,0.0,0.0,0.0,0.0,0.0,0.0,0.0,0.0,0.0,0.0,25.0,50.0,40.0,26.7
2017-10-08,Jeju,Jeonbuk,0,1,2.63,3.32,2.44,2017,A,,196,0.0,0.0,0.0,0.0,1.0,1.0,0.0,1.0,1.0,0.0,0.0,0.0,0.0,0.0,0.0,0.0,0.0,0.0,0.0,62.5,18.8,50.0,18.8
2017-10-08,Jeonnam,Daegu,1,4,2.67,3.26,2.46,2017,A,,193,0.0,0.0,1.0,0.0,0.0,1.0,-1.0,1.0,1.0,0.0,-1.0,0.0,-1.0,0.0,0.0,0.0,0.0,0.0,0.0,40.0,33.3,12.5,50.0
2017-10-08,Pohang,Suwon Bluewings,1,1,2.94,3.31,2.25,2017,D,,198,0.0,0.0,0.0,0.0,2.0,1.0,1.0,2.0,1.0,1.0,0.0,0.0,0.0,0.0,0.0,0.0,0.0,0.0,0.0,43.8,37.5,53.3,13.3
2017-10-08,Sangmu,Seoul,0,1,3.81,3.52,1.86,2017,A,,197,0.0,1.0,0.0,0.0,2.0,1.0,1.0,2.0,0.0,2.0,0.0,1.0,-1.0,0.0,0.0,0.0,0.0,0.0,0.0,13.3,53.3,43.8,31.2
2017-10-01,Gangwon,Ulsan,1,1,2.71,3.23,2.46,2017,D,,192,0.0,0.0,0.0,1.0,3.0,1.0,2.0,3.0,2.0,1.0,0.0,-1.0,1.0,0.0,0.0,0.0,0.0,0.0,0.0,28.6,35.7,42.9,28.6
2017-10-01,Jeju,Gwangju FC,1,1,1.48,4.08,6.22,2017,D,,191,1.0,0.0,0.0,1.0,2.0,2.0,0.0,1.0,3.0,-2.0,1.0,-1.0,2.0,0.0,0.0,0.0,0.0,0.0,0.0,66.7,20.0,0.0,66.7
2017-10-01,Suwon Bluewings,Jeonbuk,1,1,3.18,3.35,2.12,2017,D,,190,0.0,1.0,1.0,0.0,2.0,4.0,-2.0,3.0,0.0,3.0,-1.0,4.0,-5.0,0.0,1.0,-1.0,0.0,0.0,0.0,37.5,37.5,53.3,20.0
2017-09-30,Daegu,Incheon,1,1,2.31,3.03,3.09,2017,D,,189,0.0,0.0,0.0,0.0,0.0,0.0,0.0,0.0,0.0,0.0,0.0,0.0,0.0,0.0,0.0,0.0,0.0,0.0,0.0,33.3,33.3,21.4,35.7
2017-09-30,Jeonnam,Seoul,0,1,3.7,3.62,1.85,2017,A,,187,0.0,1.0,0.0,0.0,0.0,4.0,-4.0,0.0,1.0,-1.0,0.0,3.0,-3.0,0.0,1.0,-1.0,0.0,0.0,0.0,42.9,28.6,40.0,33.3
2017-09-30,Pohang,Sangmu,2,2,1.95,3.37,3.62,2017,D,,188,1.0,1.0,0.0,0.0,5.0,2.0,3.0,2.0,1.0,1.0,3.0,1.0,2.0,1.0,0.0,1.0,0.0,0.0,0.0,46.7,40.0,37.5,43.8
2017-09-24,Gwangju FC,Gangwon,1,1,2.78,3.2,2.42,2017,D,,185,0.0,0.0,1.0,1.0,1.0,2.0,-1.0,4.0,5.0,-1.0,-3.0,-3.0,0.0,0.0,0.0,0.0,1.0,1.0,0.0,26.7,53.3,43.8,37.5
2017-09-24,Jeonbuk,Daegu,1,1,1.49,4.18,5.76,2017,D,,186,0.0,0.0,1.0,1.0,1.0,2.0,-1.0,2.0,3.0,-1.0,-1.0,-1.0,0.0,0.0,0.0,0.0,0.0,0.0,0.0,66.7,20.0,13.3,53.3
2017-09-24,Seoul,Pohang,1,1,1.85,3.52,3.79,2017,D,,184,0.0,0.0,0.0,1.0,0.0,1.0,-1.0,0.0,2.0,-2.0,0.0,-1.0,1.0,0.0,0.0,0.0,0.0,0.0,0.0,40.0,20.0,26.7,60.0
2017-09-23,Incheon,Suwon Bluewings,1,1,3.53,3.22,2.03,2017,D,,182,1.0,0.0,0.0,0.0,1.0,0.0,1.0,0.0,0.0,0.0,1.0,0.0,1.0,0.0,0.0,0.0,0.0,0.0,0.0,18.8,37.5,57.1,14.3
2017-09-23,Sangmu,Jeju,2,2,3.61,3.48,1.92,2017,D,,183,1.0,1.0,0.0,0.0,3.0,3.0,0.0,2.0,2.0,0.0,1.0,1.0,0.0,0.0,0.0,0.0,0.0,0.0,0.0,14.3,57.1,46.7,26.7
2017-09-23,Ulsan,Jeonnam,1,0,1.51,4.08,5.7,2017,H,,181,1.0,0.0,0.0,0.0,3.0,3.0,0.0,2.0,3.0,-1.0,1.0,0.0,1.0,0.0,0.0,0.0,0.0,0.0,0.0,56.2,12.5,12.5,56.2
2017-09-20,Gwangju FC,Seoul,1,4,3.4,3.36,2.02,2017,A,,180,0.0,0.0,1.0,1.0,0.0,0.0,0.0,1.0,1.0,0.0,-1.0,-1.0,0.0,0.0,0.0,0.0,0.0,0.0,0.0,28.6,50.0,35.7,35.7
2017-09-20,Jeonbuk,Sangmu,1,2,1.24,5.75,10.14,2017,A,,178,1.0,0.0,0.0,1.0,4.0,2.0,2.0,3.0,4.0,-1.0,1.0,-2.0,3.0,0.0,0.0,0.0,0.0,1.0,-1.0,71.4,14.3,33.3,46.7
2017-09-20,Jeonnam,Incheon,0,0,2.23,3.26,3.02,2017,D,,177,0.0,1.0,0.0,0.0,1.0,2.0,-1.0,1.0,1.0,0.0,0.0,1.0,-1.0,0.0,0.0,0.0,0.0,0.0,0.0,46.2,30.8,23.1,38.5
2017-09-20,Pohang,Gangwon,5,2,2.34,3.31,2.8,2017,H,,179,0.0,0.0,1.0,1.0,0.0,3.0,-3.0,4.0,4.0,0.0,-4.0,-1.0,-3.0,0.0,0.0,0.0,1.0,0.0,1.0,42.9,42.9,46.7,33.3
2017-09-20,Suwon Bluewings,Jeju,2,3,2.12,3.28,3.26,2017,A,,175,1.0,0.0,0.0,0.0,3.0,0.0,3.0,0.0,0.0,0.0,3.0,0.0,3.0,1.0,0.0,1.0,0.0,0.0,0.0,40.0,33.3,42.9,28.6
2017-09-20,Ulsan,Daegu,3,2,1.81,3.36,4.25,2017,H,,176,1.0,1.0,0.0,0.0,4.0,1.0,3.0,2.0,0.0,2.0,2.0,1.0,1.0,1.0,0.0,1.0,0.0,0.0,0.0,53.3,13.3,14.3,50.0
2017-09-17,Incheon,Seoul,1,0,4.57,3.51,1.71,2017,H,,173,0.0,1.0,0.0,0.0,0.0,1.0,-1.0,0.0,0.0,0.0,0.0,1.0,-1.0,0.0,0.0,0.0,0.0,0.0,0.0,13.3,40.0,38.5,30.8
2017-09-17,Jeju,Ulsan,2,1,2.24,3.21,3.08,2017,H,,172,1.0,0.0,0.0,0.0,3.0,1.0,2.0,1.0,1.0,0.0,2.0,0.0,2.0,1.0,0.0,1.0,0.0,0.0,0.0,64.3,21.4,46.2,23.1
2017-09-17,Pohang,Jeonbuk,0,4,4.46,3.81,1.67,2017,A,,174,0.0,0.0,0.0,0.0,1.0,1.0,0.0,1.0,1.0,0.0,0.0,0.0,0.0,0.0,0.0,0.0,0.0,0.0,0.0,46.2,38.5,50.0,21.4
2017-09-16,Daegu,Suwon Bluewings,0,0,3.32,3.23,2.12,2017,D,,169,1.0,1.0,0.0,0.0,2.0,1.0,1.0,1.0,0.0,1.0,1.0,1.0,0.0,0.0,0.0,0.0,0.0,0.0,0.0,35.7,35.7,61.5,15.4
2017-09-16,Gangwon,Jeonnam,3,3,1.84,3.59,3.84,2017,D,,170,0.0,0.0,1.0,1.0,0.0,0.0,0.0,2.0,3.0,-1.0,-2.0,-3.0,1.0,0.0,0.0,0.0,1.0,1.0,0.0,30.8,38.5,13.3,60.0
2017-09-16,Sangmu,Gwangju FC,3,2,2.82,3.1,2.44,2017,H,,171,0.0,0.0,1.0,0.0,1.0,0.0,1.0,2.0,0.0,2.0,-1.0,0.0,-1.0,0.0,0.0,0.0,0.0,0.0,0.0,7.7,61.5,0.0,64.3
2017-09-10,Daegu,Pohang,2,1,2.39,3.19,2.85,2017,H,,165,0.0,0.0,0.0,1.0,2.0,0.0,2.0,2.0,2.0,0.0,0.0,-2.0,2.0,0.0,0.0,0.0,0.0,1.0,-1.0,30.8,38.5,28.6,57.1
2017-09-10,Incheon,Gwangju FC,0,0,2.41,3.0,2.96,2017,D,,166,1.0,0.0,0.0,1.0,2.0,1.0,1.0,0.0,3.0,-3.0,2.0,-2.0,4.0,1.0,0.0,1.0,0.0,1.0,-1.0,14.3,42.9,0.0,69.2
2017-09-10,Jeonbuk,Gangwon,4,3,1.49,4.14,5.87,2017,H,,168,1.0,1.0,0.0,0.0,3.0,3.0,0.0,1.0,2.0,-1.0,2.0,1.0,1.0,1.0,0.0,1.0,0.0,0.0,0.0,69.2,15.4,50.0,28.6
2017-09-10,Suwon Bluewings,Jeonnam,3,0,1.63,3.87,4.68,2017,H,,167,0.0,0.0,1.0,1.0,2.0,1.0,1.0,3.0,3.0,0.0,-1.0,-2.0,1.0,0.0,0.0,0.0,0.0,1.0,-1.0,35.7,35.7,14.3,57.1
2017-09-09,Seoul,Jeju,0,0,2.23,3.24,3.07,2017,D,,163,0.0,1.0,0.0,0.0,1.0,1.0,0.0,1.0,0.0,1.0,0.0,1.0,-1.0,0.0,0.0,0.0,0.0,0.0,0.0,42.9,21.4,46.2,30.8
2017-09-09,Ulsan,Sangmu,4,2,1.55,3.82,5.51,2017,H,,164,0.0,0.0,0.0,0.0,1.0,2.0,-1.0,1.0,2.0,-1.0,0.0,0.0,0.0,0.0,0.0,0.0,0.0,0.0,0.0,50.0,14.3,35.7,42.9
2017-09-02,Gwangju FC,Jeju,0,1,3.51,3.23,1.99,2017,A,,162,0.0,1.0,1.0,0.0,0.0,2.0,-2.0,1.0,0.0,1.0,-1.0,2.0,-3.0,0.0,1.0,-1.0,0.0,0.0,0.0,30.8,46.2,41.7,33.3
2017-08-20,Daegu,Sangmu,2,2,1.96,3.3,3.55,2017,D,,161,0.0,0.0,0.0,1.0,2.0,0.0,2.0,2.0,2.0,0.0,0.0,-2.0,2.0,0.0,0.0,0.0,0.0,1.0,-1.0,33.3,41.7,38.5,46.2
2017-08-20,Incheon,Pohang,2,0,2.9,3.12,2.38,2017,H,,160,0.0,0.0,0.0,0.0,0.0,1.0,-1.0,0.0,1.0,-1.0,0.0,0.0,0.0,0.0,0.0,0.0,0.0,0.0,0.0,7.7,46.2,30.8,53.8
2017-08-19,Jeju,Jeonnam,3,1,1.57,3.93,5.16,2017,H,,158,1.0,0.0,0.0,0.0,2.0,1.0,1.0,0.0,1.0,-1.0,2.0,0.0,2.0,1.0,0.0,1.0,0.0,0.0,0.0,61.5,23.1,15.4,53.8
2017-08-19,Jeonbuk,Gwangju FC,3,1,1.35,4.58,7.84,2017,H,,157,0.0,0.0,1.0,1.0,0.0,2.0,-2.0,1.0,3.0,-2.0,-1.0,-1.0,0.0,0.0,0.0,0.0,0.0,0.0,0.0,66.7,16.7,0.0,66.7
2017-08-19,Seoul,Ulsan,1,1,2.2,3.25,3.08,2017,D,,156,1.0,1.0,0.0,0.0,3.0,1.0,2.0,1.0,0.0,1.0,2.0,1.0,1.0,1.0,0.0,1.0,0.0,0.0,0.0,46.2,23.1,50.0,25.0
2017-08-19,Suwon Bluewings,Gangwon,2,3,1.84,3.43,4.03,2017,A,,159,0.0,1.0,1.0,0.0,0.0,2.0,-2.0,1.0,1.0,0.0,-1.0,1.0,-2.0,0.0,0.0,0.0,0.0,0.0,0.0,38.5,30.8,46.2,30.8
2017-08-13,Gangwon,Jeju,0,2,2.5,3.25,2.64,2017,A,,154,0.0,0.0,1.0,0.0,0.0,0.0,0.0,1.0,0.0,1.0,-1.0,0.0,-1.0,0.0,0.0,0.0,0.0,0.0,0.0,33.3,33.3,36.4,36.4
2017-08-13,Gwangju FC,Daegu,0,1,2.31,3.09,3.01,2017,A,,155,0.0,0.0,1.0,1.0,0.0,0.0,0.0,1.0,2.0,-1.0,-1.0,-2.0,1.0,0.0,0.0,0.0,0.0,1.0,-1.0,33.3,41.7,7.7,53.8
2017-08-13,Ulsan,Pohang,1,1,1.98,3.35,3.54,2017,D,,153,0.0,0.0,0.0,1.0,1.0,2.0,-1.0,1.0,3.0,-2.0,0.0,-1.0,1.0,0.0,0.0,0.0,0.0,0.0,0.0,53.8,15.4,33.3,58.3
2017-08-12,Jeonnam,Jeonbuk,1,1,6.67,4.56,1.39,2017,D,,151,1.0,1.0,0.0,0.0,2.0,3.0,-1.0,0.0,1.0,-1.0,2.0,2.0,0.0,1.0,1.0,0.0,0.0,0.0,0.0,50.0,33.3,53.8,23.1
2017-08-12,Sangmu,Incheon,1,2,2.5,3.07,2.77,2017,A,,150,0.0,0.0,1.0,0.0,1.0,1.0,0.0,2.0,1.0,1.0,-1.0,0.0,-1.0,0.0,0.0,0.0,0.0,0.0,0.0,8.3,58.3,16.7,41.7
2017-08-12,Suwon Bluewings,Seoul,0,1,2.19,3.29,3.09,2017,A,,152,1.0,0.0,0.0,0.0,3.0,2.0,1.0,0.0,2.0,-2.0,3.0,0.0,3.0,1.0,0.0,1.0,0.0,0.0,0.0,41.7,25.0,33.3,33.3
2017-08-06,Jeonbuk,Ulsan,0,1,1.53,4.0,5.58,2017,A,,149,1.0,1.0,0.0,0.0,3.0,1.0,2.0,1.0,0.0,1.0,2.0,1.0,1.0,1.0,0.0,1.0,0.0,0.0,0.0,72.7,9.1,45.5,27.3
2017-08-06,Pohang,Jeonnam,1,1,1.9,3.6,3.59,2017,D,,148,1.0,0.0,0.0,1.0,3.0,1.0,2.0,2.0,2.0,0.0,1.0,-1.0,2.0,0.0,0.0,0.0,0.0,0.0,0.0,50.0,41.7,16.7,58.3
2017-08-06,Sangmu,Gangwon,1,2,3.05,3.12,2.27,2017,A,,147,0.0,0.0,1.0,1.0,0.0,1.0,-1.0,3.0,3.0,0.0,-3.0,-2.0,-1.0,0.0,0.0,0.0,1.0,1.0,0.0,9.1,54.5,41.7,33.3
2017-08-05,Daegu,Seoul,2,2,3.53,3.35,1.99,2017,D,,145,1.0,1.0,0.0,0.0,3.0,5.0,-2.0,0.0,1.0,-1.0,3.0,4.0,-1.0,1.0,1.0,0.0,0.0,0.0,0.0,36.4,45.5,36.4,36.4
2017-08-05,Gwangju FC,Suwon Bluewings,0,1,3.73,3.35,1.91,2017,A,,146,1.0,0.0,0.0,0.0,2.0,1.0,1.0,1.0,1.0,0.0,1.0,0.0,1.0,0.0,0.0,0.0,0.0,0.0,0.0,36.4,36.4,58.3,16.7
2017-08-05,Incheon,Jeju,0,0,3.76,3.35,1.91,2017,D,,144,0.0,1.0,1.0,0.0,1.0,3.0,-2.0,3.0,0.0,3.0,-2.0,3.0,-5.0,0.0,1.0,-1.0,1.0,0.0,1.0,8.3,50.0,40.0,40.0
2017-08-02,Incheon,Jeonbuk,1,3,5.36,3.69,1.6,2017,A,,141,0.0,1.0,1.0,0.0,1.0,2.0,-1.0,5.0,1.0,4.0,-4.0,1.0,-5.0,0.0,0.0,0.0,1.0,0.0,1.0,9.1,45.5,50.0,25.0
2017-08-02,Jeju,Daegu,2,0,1.68,3.71,4.48,2017,H,,140,1.0,1.0,0.0,0.0,3.0,1.0,2.0,2.0,0.0,2.0,1.0,1.0,0.0,0.0,0.0,0.0,0.0,0.0,0.0,58.3,25.0,8.3,50.0
2017-08-02,Jeonnam,Sangmu,2,0,2.25,3.35,2.89,2017,H,,142,1.0,0.0,0.0,1.0,4.0,0.0,4.0,3.0,3.0,0.0,1.0,-3.0,4.0,0.0,0.0,0.0,0.0,1.0,-1.0,45.5,36.4,41.7,41.7
2017-08-02,Pohang,Gwangju FC,3,2,1.99,3.29,3.49,2017,H,,143,0.0,0.0,1.0,1.0,2.0,1.0,1.0,3.0,3.0,0.0,-1.0,-2.0,1.0,0.0,0.0,0.0,0.0,1.0,-1.0,45.5,45.5,0.0,63.6
2017-08-02,Seoul,Gangwon,3,1,1.94,3.42,3.62,2017,H,,139,0.0,0.0,1.0,0.0,1.0,1.0,0.0,2.0,1.0,1.0,-1.0,0.0,-1.0,0.0,0.0,0.0,0.0,0.0,0.0,41.7,25.0,45.5,27.3
2017-08-02,Ulsan,Suwon Bluewings,1,1,2.83,3.18,2.38,2017,D,,138,0.0,1.0,0.0,0.0,1.0,3.0,-2.0,1.0,2.0,-1.0,0.0,1.0,-1.0,0.0,0.0,0.0,0.0,0.0,0.0,58.3,16.7,63.6,18.2
2017-07-23,Gangwon,Daegu,0,1,2.0,3.25,3.62,2017,A,,136,0.0,0.0,1.0,1.0,0.0,3.0,-3.0,1.0,4.0,-3.0,-1.0,-1.0,0.0,0.0,0.0,0.0,0.0,0.0,0.0,36.4,27.3,0.0,54.5
2017-07-23,Seoul,Jeonbuk,1,2,2.78,3.32,2.36,2017,A,,137,1.0,1.0,0.0,0.0,1.0,3.0,-2.0,0.0,1.0,-1.0,1.0,2.0,-1.0,0.0,1.0,-1.0,0.0,0.0,0.0,45.5,18.2,45.5,27.3
2017-07-23,Suwon Bluewings,Sangmu,3,0,1.52,3.95,5.69,2017,H,,135,1.0,1.0,0.0,0.0,4.0,2.0,2.0,1.0,1.0,0.0,3.0,1.0,2.0,1.0,0.0,1.0,0.0,0.0,0.0,36.4,27.3,45.5,36.4
2017-07-22,Gwangju FC,Jeonnam,2,1,2.24,3.23,3.0,2017,H,,134,0.0,0.0,1.0,1.0,1.0,1.0,0.0,2.0,4.0,-2.0,-1.0,-3.0,2.0,0.0,0.0,0.0,0.0,1.0,-1.0,30.0,40.0,18.2,54.5
2017-07-22,Jeju,Pohang,3,2,1.71,3.72,4.31,2017,H,,133,0.0,0.0,1.0,1.0,1.0,0.0,1.0,2.0,3.0,-1.0,-1.0,-3.0,2.0,0.0,0.0,0.0,0.0,1.0,-1.0,54.5,27.3,36.4,54.5
2017-07-22,Ulsan,Incheon,1,1,1.67,3.54,4.9,2017,D,,132,1.0,0.0,0.0,1.0,1.0,0.0,1.0,0.0,3.0,-3.0,1.0,-3.0,4.0,0.0,0.0,0.0,0.0,1.0,-1.0,63.6,18.2,18.2,45.5
2017-07-19,Daegu,Pohang,3,0,2.82,3.21,2.39,2017,H,,128,0.0,0.0,1.0,1.0,1.0,0.0,1.0,3.0,1.0,2.0,-2.0,-1.0,-1.0,0.0,0.0,0.0,1.0,0.0,1.0,30.0,50.0,40.0,50.0
2017-07-19,Gangwon,Ulsan,0,1,2.52,3.18,2.67,2017,A,,127,0.0,1.0,0.0,0.0,2.0,3.0,-1.0,2.0,1.0,1.0,0.0,2.0,-2.0,0.0,1.0,-1.0,0.0,0.0,0.0,40.0,20.0,40.0,30.0
2017-07-19,Incheon,Seoul,1,5,3.66,3.22,1.99,2017,A,,129,0.0,1.0,0.0,0.0,1.0,2.0,-1.0,1.0,1.0,0.0,0.0,1.0,-1.0,0.0,0.0,0.0,0.0,0.0,0.0,10.0,40.0,30.0,40.0
2017-07-19,Jeonbuk,Gwangju FC,3,1,1.38,4.53,7.38,2017,H,,131,1.0,0.0,0.0,1.0,4.0,0.0,4.0,0.0,1.0,-1.0,4.0,-1.0,5.0,1.0,0.0,1.0,0.0,0.0,0.0,70.0,10.0,0.0,60.0
2017-07-19,Sangmu,Jeju,0,3,3.35,3.35,2.04,2017,A,,126,0.0,0.0,1.0,1.0,1.0,0.0,1.0,3.0,1.0,2.0,-2.0,-1.0,-1.0,0.0,0.0,0.0,1.0,0.0,1.0,10.0,50.0,33.3,44.4
2017-07-19,Suwon Bluewings,Jeonnam,4,1,1.37,4.63,7.22,2017,H,,130,1.0,0.0,0.0,0.0,3.0,2.0,1.0,0.0,2.0,-2.0,3.0,0.0,3.0,1.0,0.0,1.0,0.0,0.0,0.0,30.0,30.0,20.0,50.0
2017-07-16,Incheon,Gangwon,1,1,3.05,3.14,2.29,2017,D,,124,0.0,1.0,0.0,0.0,0.0,2.0,-2.0,0.0,1.0,-1.0,0.0,1.0,-1.0,0.0,0.0,0.0,0.0,0.0,0.0,11.1,44.4,50.0,30.0
2017-07-16,Jeju,Seoul,1,2,2.03,3.35,3.38,2017,A,,125,1.0,0.0,0.0,1.0,2.0,2.0,0.0,1.0,3.0,-2.0,1.0,-1.0,2.0,0.0,0.0,0.0,0.0,0.0,0.0,60.0,20.0,22.2,44.4
2017-07-16,Sangmu,Jeonbuk,1,3,5.46,3.79,1.57,2017,A,,123,0.0,0.0,1.0,1.0,0.0,1.0,-1.0,1.0,2.0,-1.0,-1.0,-1.0,0.0,0.0,0.0,0.0,0.0,0.0,0.0,11.1,44.4,40.0,30.0
2017-07-15,Jeonnam,Daegu,4,3,2.4,3.23,2.79,2017,H,,121,0.0,0.0,0.0,0.0,2.0,0.0,2.0,2.0,0.0,2.0,0.0,0.0,0.0,0.0,0.0,0.0,0.0,0.0,0.0,40.0,40.0,0.0,50.0
2017-07-15,Pohang,Suwon Bluewings,2,3,2.99,3.25,2.25,2017,A,,122,0.0,0.0,0.0,1.0,1.0,1.0,0.0,1.0,2.0,-1.0,0.0,-1.0,1.0,0.0,0.0,0.0,0.0,0.0,0.0,50.0,40.0,60.0,20.0
2017-07-15,Ulsan,Gwangju FC,1,0,1.82,3.3,4.18,2017,H,,120,1.0,0.0,0.0,1.0,2.0,0.0,2.0,1.0,1.0,0.0,1.0,-1.0,2.0,0.0,0.0,0.0,0.0,0.0,0.0,60.0,20.0,0.0,55.6
2017-07-12,Daegu,Ulsan,1,3,2.65,3.11,2.57,2017,A,,116,0.0,0.0,1.0,1.0,1.0,0.0,1.0,2.0,4.0,-2.0,-1.0,-4.0,3.0,0.0,0.0,0.0,0.0,1.0,-1.0,33.3,44.4,33.3,33.3
2017-07-12,Gangwon,Jeonnam,2,2,1.55,4.0,5.31,2017,D,,117,1.0,0.0,0.0,0.0,2.0,1.0,1.0,0.0,1.0,-1.0,2.0,0.0,2.0,1.0,0.0,1.0,0.0,0.0,0.0,44.4,22.2,22.2,55.6
2017-07-12,Gwangju FC,Sangmu,1,2,2.25,3.05,3.16,2017,A,,118,1.0,0.0,0.0,1.0,3.0,0.0,3.0,2.0,2.0,0.0,1.0,-2.0,3.0,0.0,0.0,0.0,0.0,1.0,-1.0,33.3,33.3,40.0,40.0
2017-07-12,Jeju,Jeonbuk,2,1,2.98,3.37,2.21,2017,H,,114,0.0,0.0,0.0,1.0,1.0,1.0,0.0,1.0,2.0,-1.0,0.0,-1.0,1.0,0.0,0.0,0.0,0.0,0.0,0.0,55.6,22.2,44.4,22.2
2017-07-12,Seoul,Pohang,1,0,2.04,3.37,3.34,2017,H,,119,1.0,1.0,0.0,0.0,2.0,1.0,1.0,1.0,0.0,1.0,1.0,1.0,0.0,0.0,0.0,0.0,0.0,0.0,0.0,40.0,20.0,44.4,44.4
2017-07-12,Suwon Bluewings,Incheon,3,0,1.66,3.59,4.88,2017,H,,115,1.0,0.0,0.0,0.0,1.0,1.0,0.0,0.0,1.0,-1.0,1.0,0.0,1.0,0.0,0.0,0.0,0.0,0.0,0.0,22.2,33.3,20.0,40.0
2017-07-09,Gangwon,Sangmu,2,0,1.82,3.41,4.01,2017,H,,113,0.0,1.0,0.0,0.0,2.0,2.0,0.0,2.0,1.0,1.0,0.0,1.0,-1.0,0.0,0.0,0.0,0.0,0.0,0.0,37.5,25.0,44.4,33.3
2017-07-09,Gwangju FC,Seoul,3,2,3.76,3.25,1.96,2017,H,,111,0.0,0.0,1.0,0.0,1.0,2.0,-1.0,2.0,2.0,0.0,-1.0,0.0,-1.0,0.0,0.0,0.0,0.0,0.0,0.0,25.0,37.5,25.0,37.5
2017-07-09,Suwon Bluewings,Jeju,1,0,2.19,3.33,3.03,2017,H,,112,0.0,0.0,0.0,0.0,3.0,2.0,1.0,3.0,2.0,1.0,0.0,0.0,0.0,0.0,0.0,0.0,0.0,0.0,0.0,12.5,37.5,37.5,37.5
2017-07-08,Incheon,Daegu,0,0,2.7,2.95,2.65,2017,D,,109,1.0,0.0,0.0,0.0,1.0,2.0,-1.0,0.0,2.0,-2.0,1.0,0.0,1.0,0.0,0.0,0.0,0.0,0.0,0.0,12.5,50.0,0.0,55.6
2017-07-08,Jeonbuk,Ulsan,4,0,1.7,3.62,4.53,2017,H,,108,0.0,0.0,0.0,0.0,2.0,0.0,2.0,2.0,0.0,2.0,0.0,0.0,0.0,0.0,0.0,0.0,0.0,0.0,0.0,66.7,11.1,37.5,25.0
2017-07-08,Pohang,Jeonnam,1,1,2.06,3.39,3.26,2017,D,,110,0.0,1.0,1.0,0.0,1.0,2.0,-1.0,3.0,1.0,2.0,-2.0,1.0,-3.0,0.0,0.0,0.0,1.0,0.0,1.0,55.6,44.4,25.0,62.5
2017-07-02,Jeonnam,Jeju,2,2,3.16,3.46,2.07,2017,D,,107,0.0,0.0,0.0,1.0,2.0,0.0,2.0,2.0,1.0,1.0,0.0,-1.0,1.0,0.0,0.0,0.0,0.0,0.0,0.0,44.4,44.4,42.9,42.9
2017-07-02,Sangmu,Pohang,0,1,2.61,3.27,2.51,2017,A,,105,0.0,0.0,0.0,1.0,0.0,0.0,0.0,0.0,3.0,-3.0,0.0,-3.0,3.0,0.0,0.0,0.0,0.0,1.0,-1.0,12.5,37.5,37.5,50.0
2017-07-02,Seoul,Jeonbuk,2,1,3.23,3.27,2.1,2017,H,,106,0.0,1.0,1.0,0.0,1.0,3.0,-2.0,2.0,1.0,1.0,-1.0,2.0,-3.0,0.0,1.0,-1.0,0.0,0.0,0.0,33.3,22.2,50.0,12.5
2017-07-01,Daegu,Gangwon,1,2,2.86,3.02,2.46,2017,A,,103,0.0,0.0,1.0,0.0,0.0,3.0,-3.0,3.0,3.0,0.0,-3.0,0.0,-3.0,0.0,0.0,0.0,1.0,0.0,1.0,37.5,37.5,44.4,33.3
2017-07-01,Incheon,Gwangju FC,1,0,2.38,2.98,3.04,2017,H,,102,0.0,0.0,1.0,0.0,0.0,2.0,-2.0,3.0,2.0,1.0,-3.0,0.0,-3.0,0.0,0.0,0.0,1.0,0.0,1.0,0.0,57.1,0.0,50.0
2017-07-01,Ulsan,Suwon Bluewings,2,1,2.49,3.14,2.72,2017,H,,104,0.0,1.0,1.0,0.0,1.0,3.0,-2.0,2.0,0.0,2.0,-1.0,3.0,-4.0,0.0,1.0,-1.0,0.0,0.0,0.0,55.6,22.2,66.7,11.1
2017-06-28,Daegu,Suwon Bluewings,0,3,3.36,3.1,2.15,2017,A,,101,0.0,1.0,0.0,0.0,2.0,3.0,-1.0,2.0,0.0,2.0,0.0,3.0,-3.0,0.0,1.0,-1.0,0.0,0.0,0.0,42.9,28.6,62.5,12.5
2017-06-28,Gangwon,Gwangju FC,2,2,1.97,3.17,3.77,2017,D,,96,1.0,0.0,0.0,0.0,2.0,2.0,0.0,1.0,2.0,-1.0,1.0,0.0,1.0,0.0,0.0,0.0,0.0,0.0,0.0,42.9,28.6,0.0,57.1
2017-06-28,Jeju,Incheon,1,1,1.59,3.76,5.39,2017,D,,100,1.0,1.0,0.0,0.0,3.0,2.0,1.0,0.0,1.0,-1.0,3.0,1.0,2.0,1.0,0.0,1.0,0.0,0.0,0.0,62.5,25.0,22.2,44.4
2017-06-28,Jeonnam,Seoul,2,2,3.23,3.36,2.08,2017,D,,97,0.0,1.0,1.0,0.0,0.0,2.0,-2.0,3.0,1.0,2.0,-3.0,1.0,-4.0,0.0,0.0,0.0,1.0,0.0,1.0,50.0,50.0,28.6,42.9
2017-06-28,Pohang,Jeonbuk,1,3,3.48,3.3,2.02,2017,A,,98,0.0,1.0,1.0,0.0,1.0,3.0,-2.0,2.0,0.0,2.0,-1.0,3.0,-4.0,0.0,1.0,-1.0,0.0,0.0,0.0,62.5,37.5,42.9,14.3
2017-06-28,Sangmu,Ulsan,0,0,2.79,3.16,2.41,2017,D,,99,0.0,1.0,0.0,0.0,1.0,2.0,-1.0,1.0,1.0,0.0,0.0,1.0,-1.0,0.0,0.0,0.0,0.0,0.0,0.0,14.3,42.9,42.9,28.6
2017-06-25,Jeonbuk,Daegu,2,2,1.42,4.17,6.69,2017,D,,95,1.0,0.0,0.0,0.0,4.0,0.0,4.0,1.0,0.0,1.0,3.0,0.0,3.0,1.0,0.0,1.0,0.0,0.0,0.0,75.0,12.5,0.0,62.5
2017-06-25,Seoul,Sangmu,1,2,1.89,3.46,3.73,2017,A,,93,0.0,0.0,0.0,0.0,0.0,1.0,-1.0,0.0,1.0,-1.0,0.0,0.0,0.0,0.0,0.0,0.0,0.0,0.0,0.0,37.5,12.5,37.5,37.5
2017-06-25,Suwon Bluewings,Gangwon,3,3,1.88,3.42,3.83,2017,D,,94,0.0,0.0,1.0,1.0,1.0,1.0,0.0,2.0,4.0,-2.0,-1.0,-3.0,2.0,0.0,0.0,0.0,0.0,1.0,-1.0,14.3,42.9,50.0,37.5
2017-06-24,Gwangju FC,Jeonnam,1,2,2.54,3.06,2.72,2017,A,,90,0.0,0.0,1.0,0.0,0.0,1.0,-1.0,3.0,1.0,2.0,-3.0,0.0,-3.0,0.0,0.0,0.0,1.0,0.0,1.0,28.6,28.6,14.3,71.4
2017-06-24,Jeju,Pohang,3,0,1.59,3.83,4.93,2017,H,,91,1.0,1.0,0.0,0.0,4.0,3.0,1.0,1.0,0.0,1.0,3.0,3.0,0.0,1.0,1.0,0.0,0.0,0.0,0.0,57.1,28.6,42.9,42.9
2017-06-24,Ulsan,Incheon,1,2,1.74,3.44,4.49,2017,A,,92,1.0,0.0,0.0,1.0,1.0,2.0,-1.0,0.0,3.0,-3.0,1.0,-1.0,2.0,0.0,0.0,0.0,0.0,0.0,0.0,62.5,12.5,12.5,50.0
2017-06-21,Gwangju FC,Suwon Bluewings,0,3,3.39,3.18,2.09,2017,A,,84,0.0,0.0,1.0,1.0,1.0,0.0,1.0,2.0,2.0,0.0,-1.0,-2.0,1.0,0.0,0.0,0.0,0.0,1.0,-1.0,33.3,16.7,57.1,14.3
2017-06-21,Incheon,Pohang,0,3,3.13,3.13,2.24,2017,A,,89,0.0,1.0,0.0,0.0,1.0,2.0,-1.0,1.0,1.0,0.0,0.0,1.0,-1.0,0.0,0.0,0.0,0.0,0.0,0.0,0.0,50.0,33.3,50.0
2017-06-21,Jeonbuk,Gangwon,4,1,1.61,3.74,5.18,2017,H,,85,1.0,1.0,0.0,0.0,2.0,2.0,0.0,0.0,1.0,-1.0,2.0,1.0,1.0,1.0,0.0,1.0,0.0,0.0,0.0,71.4,14.3,57.1,28.6
2017-06-21,Sangmu,Jeonnam,1,1,2.21,3.26,3.04,2017,D,,88,0.0,0.0,1.0,1.0,1.0,0.0,1.0,3.0,1.0,2.0,-2.0,-1.0,-1.0,0.0,0.0,0.0,1.0,0.0,1.0,16.7,50.0,16.7,83.3
2017-06-21,Seoul,Daegu,0,0,1.75,3.42,4.47,2017,D,,87,0.0,0.0,0.0,1.0,0.0,1.0,-1.0,0.0,2.0,-2.0,0.0,-1.0,1.0,0.0,0.0,0.0,0.0,0.0,0.0,42.9,14.3,0.0,71.4
2017-06-21,Ulsan,Jeju,1,0,2.49,3.1,2.74,2017,H,,86,1.0,0.0,0.0,1.0,1.0,1.0,0.0,0.0,2.0,-2.0,1.0,-1.0,2.0,0.0,0.0,0.0,0.0,0.0,0.0,57.1,14.3,50.0,33.3
2017-06-18,Gangwon,Jeju,2,1,3.23,3.23,2.13,2017,H,,82,1.0,1.0,0.0,0.0,2.0,2.0,0.0,1.0,1.0,0.0,1.0,1.0,0.0,0.0,0.0,0.0,0.0,0.0,0.0,33.3,33.3,60.0,20.0
2017-06-18,Incheon,Sangmu,1,1,2.84,3.09,2.45,2017,D,,83,0.0,0.0,1.0,1.0,1.0,0.0,1.0,2.0,2.0,0.0,-1.0,-2.0,1.0,0.0,0.0,0.0,0.0,1.0,-1.0,0.0,60.0,42.9,42.9
2017-06-18,Suwon Bluewings,Seoul,1,2,2.3,3.12,3.02,2017,A,,81,0.0,0.0,1.0,0.0,1.0,2.0,-1.0,2.0,2.0,0.0,-1.0,0.0,-1.0,0.0,0.0,0.0,0.0,0.0,0.0,16.7,33.3,16.7,50.0
2017-06-17,Daegu,Gwangju FC,2,2,2.42,2.89,3.05,2017,D,,80,1.0,0.0,0.0,1.0,2.0,0.0,2.0,0.0,5.0,-5.0,2.0,-5.0,7.0,1.0,0.0,1.0,0.0,1.0,-1.0,50.0,33.3,0.0,66.7
2017-06-17,Jeonnam,Jeonbuk,0,3,4.12,3.55,1.78,2017,A,,79,1.0,0.0,0.0,0.0,3.0,0.0,3.0,2.0,0.0,2.0,1.0,0.0,1.0,0.0,0.0,0.0,0.0,0.0,0.0,57.1,42.9,33.3,16.7
2017-06-17,Pohang,Ulsan,1,2,2.55,3.07,2.71,2017,A,,78,0.0,0.0,1.0,0.0,1.0,0.0,1.0,2.0,0.0,2.0,-1.0,0.0,-1.0,0.0,0.0,0.0,0.0,0.0,0.0,71.4,28.6,33.3,33.3
2017-05-28,Daegu,Sangmu,2,0,3.04,3.15,2.25,2017,H,,76,0.0,0.0,1.0,1.0,1.0,1.0,0.0,2.0,4.0,-2.0,-1.0,-3.0,2.0,0.0,0.0,0.0,0.0,1.0,-1.0,40.0,40.0,50.0,33.3
2017-05-28,Jeonnam,Incheon,3,2,2.14,3.15,3.34,2017,H,,77,0.0,0.0,1.0,0.0,1.0,1.0,0.0,3.0,1.0,2.0,-2.0,0.0,-2.0,0.0,0.0,0.0,1.0,0.0,1.0,50.0,50.0,14.3,42.9
2017-05-27,Jeonbuk,Suwon Bluewings,2,0,1.84,3.43,3.94,2017,H,,74,0.0,1.0,0.0,0.0,1.0,3.0,-2.0,1.0,1.0,0.0,0.0,2.0,-2.0,0.0,1.0,-1.0,0.0,0.0,0.0,66.7,16.7,66.7,0.0
2017-05-27,Pohang,Gangwon,1,2,2.15,3.22,3.24,2017,A,,73,1.0,1.0,0.0,0.0,2.0,3.0,-1.0,1.0,2.0,-1.0,1.0,1.0,0.0,0.0,0.0,0.0,0.0,0.0,0.0,83.3,16.7,50.0,33.3
2017-05-27,Seoul,Ulsan,0,0,2.14,3.31,3.18,2017,D,,75,0.0,1.0,1.0,0.0,2.0,2.0,0.0,3.0,1.0,2.0,-1.0,1.0,-2.0,0.0,0.0,0.0,0.0,0.0,0.0,50.0,16.7,40.0,40.0
2017-05-21,Gwangju FC,Pohang,1,2,2.97,2.96,2.42,2017,A,,72,0.0,0.0,0.0,1.0,0.0,0.0,0.0,0.0,1.0,-1.0,0.0,-1.0,1.0,0.0,0.0,0.0,0.0,0.0,0.0,40.0,0.0,20.0,60.0
2017-05-21,Jeonbuk,Incheon,1,1,1.39,4.33,7.63,2017,D,,71,0.0,0.0,1.0,0.0,0.0,0.0,0.0,4.0,0.0,4.0,-4.0,0.0,-4.0,0.0,0.0,0.0,1.0,0.0,1.0,80.0,20.0,16.7,50.0
2017-05-20,Daegu,Jeju,1,2,3.51,3.36,1.97,2017,A,,69,0.0,0.0,1.0,1.0,0.0,1.0,-1.0,2.0,2.0,0.0,-2.0,-1.0,-1.0,0.0,0.0,0.0,1.0,0.0,1.0,50.0,25.0,50.0,25.0
2017-05-20,Sangmu,Suwon Bluewings,1,3,3.21,3.16,2.19,2017,A,,70,0.0,1.0,0.0,0.0,2.0,3.0,-1.0,2.0,1.0,1.0,0.0,2.0,-2.0,0.0,1.0,-1.0,0.0,0.0,0.0,20.0,40.0,60.0,0.0
2017-05-20,Seoul,Gangwon,2,3,1.84,3.39,4.04,2017,A,,68,1.0,0.0,0.0,0.0,1.0,1.0,0.0,0.0,1.0,-1.0,1.0,0.0,1.0,0.0,0.0,0.0,0.0,0.0,0.0,60.0,0.0,40.0,40.0
2017-05-20,Ulsan,Jeonnam,1,0,1.94,3.37,3.68,2017,H,,67,0.0,0.0,0.0,1.0,0.0,0.0,0.0,0.0,1.0,-1.0,0.0,-1.0,1.0,0.0,0.0,0.0,0.0,0.0,0.0,50.0,16.7,20.0,80.0
2017-05-14,Jeonnam,Suwon Bluewings,1,3,2.78,3.19,2.39,2017,A,,66,1.0,1.0,0.0,0.0,5.0,2.0,3.0,0.0,1.0,-1.0,5.0,1.0,4.0,1.0,0.0,1.0,0.0,0.0,0.0,60.0,40.0,50.0,0.0
2017-05-14,Pohang,Jeju,2,1,3.14,3.19,2.19,2017,H,,65,1.0,1.0,0.0,0.0,3.0,4.0,-1.0,2.0,0.0,2.0,1.0,4.0,-3.0,0.0,1.0,-1.0,0.0,0.0,0.0,80.0,20.0,66.7,0.0
2017-05-14,Sangmu,Seoul,2,2,3.81,3.26,1.92,2017,D,,63,0.0,0.0,1.0,1.0,0.0,2.0,-2.0,1.0,3.0,-2.0,-1.0,-1.0,0.0,0.0,0.0,0.0,0.0,0.0,0.0,25.0,50.0,20.0,60.0
2017-05-14,Ulsan,Jeonbuk,0,0,3.27,3.2,2.13,2017,D,,64,1.0,1.0,0.0,0.0,1.0,2.0,-1.0,0.0,0.0,0.0,1.0,2.0,-1.0,0.0,1.0,-1.0,0.0,0.0,0.0,60.0,20.0,40.0,20.0
2017-05-13,Gangwon,Daegu,2,1,2.2,3.0,3.35,2017,H,,61,1.0,0.0,0.0,1.0,2.0,0.0,2.0,1.0,1.0,0.0,1.0,-1.0,2.0,0.0,0.0,0.0,0.0,0.0,0.0,20.0,40.0,0.0,66.7
2017-05-13,Gwangju FC,Incheon,0,0,2.17,2.93,3.51,2017,D,,62,0.0,0.0,0.0,1.0,1.0,1.0,0.0,1.0,2.0,-1.0,0.0,-1.0,1.0,0.0,0.0,0.0,0.0,0.0,0.0,50.0,0.0,20.0,60.0
2017-05-07,Gangwon,Incheon,2,1,1.98,3.13,3.82,2017,H,,59,0.0,1.0,1.0,0.0,1.0,1.0,0.0,2.0,0.0,2.0,-1.0,1.0,-2.0,0.0,0.0,0.0,0.0,0.0,0.0,0.0,50.0,25.0,50.0
2017-05-07,Jeonnam,Gwangju FC,5,0,2.25,3.12,3.11,2017,H,,60,1.0,0.0,0.0,1.0,2.0,0.0,2.0,1.0,1.0,0.0,1.0,-1.0,2.0,0.0,0.0,0.0,0.0,0.0,0.0,50.0,50.0,0.0,60.0
2017-05-06,Daegu,Jeonbuk,0,2,4.6,3.45,1.73,2017,A,,58,1.0,0.0,0.0,1.0,2.0,0.0,2.0,1.0,1.0,0.0,1.0,-1.0,2.0,0.0,0.0,0.0,0.0,0.0,0.0,66.7,0.0,25.0,25.0
2017-05-06,Jeju,Sangmu,4,1,1.7,3.69,4.43,2017,H,,55,0.0,1.0,1.0,0.0,1.0,2.0,-1.0,2.0,1.0,1.0,-1.0,1.0,-2.0,0.0,0.0,0.0,0.0,0.0,0.0,50.0,33.3,60.0,20.0
2017-05-06,Pohang,Seoul,3,2,3.1,3.12,2.26,2017,H,,57,0.0,0.0,1.0,1.0,1.0,1.0,0.0,2.0,2.0,0.0,-1.0,-1.0,0.0,0.0,0.0,0.0,0.0,0.0,0.0,75.0,25.0,25.0,50.0
2017-05-06,Suwon Bluewings,Ulsan,1,2,2.23,3.17,3.08,2017,A,,56,1.0,1.0,0.0,0.0,1.0,2.0,-1.0,0.0,1.0,-1.0,1.0,1.0,0.0,0.0,0.0,0.0,0.0,0.0,0.0,20.0,20.0,25.0,50.0
2017-05-03,Gwangju FC,Gangwon,1,1,2.42,2.91,3.02,2017,D,,49,1.0,0.0,0.0,1.0,1.0,1.0,0.0,0.0,2.0,-2.0,1.0,-1.0,2.0,0.0,0.0,0.0,0.0,0.0,0.0,66.7,0.0,50.0,50.0
2017-05-03,Jeonbuk,Jeju,0,4,1.95,3.43,3.55,2017,A,,52,1.0,0.0,0.0,0.0,2.0,0.0,2.0,0.0,0.0,0.0,2.0,0.0,2.0,1.0,0.0,1.0,0.0,0.0,0.0,100.0,0.0,50.0,0.0
2017-05-03,Sangmu,Incheon,0,1,1.81,3.35,4.26,2017,A,,50,1.0,0.0,0.0,1.0,1.0,0.0,1.0,0.0,3.0,-3.0,1.0,-3.0,4.0,0.0,0.0,0.0,0.0,1.0,-1.0,33.3,33.3,0.0,66.7
2017-05-03,Seoul,Jeonnam,1,0,1.72,3.57,4.58,2017,H,,54,1.0,1.0,0.0,0.0,3.0,3.0,0.0,0.0,1.0,-1.0,3.0,2.0,1.0,1.0,1.0,0.0,0.0,0.0,0.0,50.0,0.0,25.0,75.0
2017-05-03,Suwon Bluewings,Pohang,1,0,1.83,3.31,4.17,2017,H,,53,0.0,0.0,0.0,1.0,0.0,0.0,0.0,0.0,2.0,-2.0,0.0,-2.0,2.0,0.0,0.0,0.0,0.0,1.0,-1.0,0.0,25.0,25.0,50.0
2017-05-03,Ulsan,Daegu,1,0,1.95,3.24,3.74,2017,H,,51,0.0,0.0,0.0,1.0,1.0,2.0,-1.0,1.0,4.0,-3.0,0.0,-2.0,2.0,0.0,0.0,0.0,0.0,1.0,-1.0,50.0,25.0,0.0,60.0
2017-04-30,Daegu,Seoul,2,1,3.38,3.18,2.09,2017,H,,46,1.0,0.0,0.0,0.0,2.0,1.0,1.0,1.0,1.0,0.0,1.0,0.0,1.0,0.0,0.0,0.0,0.0,0.0,0.0,50.0,0.0,33.3,33.3
2017-04-30,Gwangju FC,Jeonbuk,1,0,4.68,3.27,1.75,2017,H,,45,0.0,0.0,0.0,0.0,1.0,1.0,0.0,1.0,1.0,0.0,0.0,0.0,0.0,0.0,0.0,0.0,0.0,0.0,0.0,50.0,0.0,33.3,0.0
2017-04-30,Incheon,Ulsan,1,2,3.29,3.05,2.19,2017,A,,47,0.0,0.0,1.0,1.0,1.0,0.0,1.0,3.0,5.0,-2.0,-2.0,-5.0,3.0,0.0,0.0,0.0,1.0,1.0,0.0,0.0,50.0,0.0,66.7
2017-04-30,Jeju,Suwon Bluewings,1,2,2.06,3.25,3.34,2017,A,,48,1.0,1.0,0.0,0.0,4.0,2.0,2.0,2.0,1.0,1.0,2.0,1.0,1.0,1.0,0.0,1.0,0.0,0.0,0.0,60.0,20.0,33.3,0.0
2017-04-29,Jeonnam,Gangwon,2,1,2.2,3.16,3.16,2017,H,,43,1.0,1.0,0.0,0.0,5.0,2.0,3.0,0.0,1.0,-1.0,5.0,1.0,4.0,1.0,0.0,1.0,0.0,0.0,0.0,33.3,66.7,66.7,33.3
2017-04-29,Pohang,Sangmu,1,2,2.2,3.25,3.08,2017,A,,44,1.0,0.0,0.0,1.0,2.0,1.0,1.0,1.0,4.0,-3.0,1.0,-3.0,4.0,0.0,0.0,0.0,0.0,1.0,-1.0,100.0,0.0,50.0,25.0
2017-04-23,Jeonbuk,Pohang,2,0,1.69,3.48,4.97,2017,H,,42,1.0,1.0,0.0,0.0,4.0,3.0,1.0,1.0,1.0,0.0,3.0,2.0,1.0,1.0,1.0,0.0,0.0,0.0,0.0,100.0,0.0,33.3,33.3
2017-04-23,Sangmu,Gwangju FC,1,0,2.22,3.07,3.27,2017,H,,41,0.0,0.0,0.0,0.0,1.0,0.0,1.0,1.0,0.0,1.0,0.0,0.0,0.0,0.0,0.0,0.0,0.0,0.0,0.0,0.0,50.0,0.0,50.0
2017-04-22,Gangwon,Suwon Bluewings,1,2,2.93,3.07,2.4,2017,A,,37,0.0,0.0,0.0,0.0,1.0,3.0,-2.0,1.0,3.0,-2.0,0.0,0.0,0.0,0.0,0.0,0.0,0.0,0.0,0.0,0.0,33.3,0.0,0.0
2017-04-22,Jeju,Daegu,4,2,1.69,3.53,4.82,2017,H,,39,0.0,0.0,1.0,1.0,1.0,1.0,0.0,2.0,2.0,0.0,-1.0,-1.0,0.0,0.0,0.0,0.0,0.0,0.0,0.0,50.0,25.0,0.0,50.0
2017-04-22,Jeonnam,Ulsan,5,0,2.64,3.11,2.58,2017,H,,40,0.0,0.0,1.0,0.0,1.0,1.0,0.0,3.0,1.0,2.0,-2.0,0.0,-2.0,0.0,0.0,0.0,1.0,0.0,1.0,0.0,100.0,0.0,50.0
2017-04-22,Seoul,Incheon,3,0,1.57,3.65,5.94,2017,H,,38,0.0,0.0,0.0,1.0,0.0,0.0,0.0,0.0,2.0,-2.0,0.0,-2.0,2.0,0.0,0.0,0.0,0.0,1.0,-1.0,33.3,0.0,0.0,50.0
2017-04-16,Jeju,Gangwon,1,2,1.67,3.58,4.92,2017,A,,33,0.0,0.0,0.0,1.0,1.0,1.0,0.0,1.0,2.0,-1.0,0.0,-1.0,1.0,0.0,0.0,0.0,0.0,0.0,0.0,66.7,0.0,50.0,50.0
2017-04-16,Jeonbuk,Sangmu,4,1,1.61,3.72,5.13,2017,H,,34,1.0,0.0,0.0,0.0,1.0,0.0,1.0,0.0,0.0,0.0,1.0,0.0,1.0,0.0,0.0,0.0,0.0,0.0,0.0,100.0,0.0,66.7,0.0
2017-04-16,Suwon Bluewings,Gwangju FC,0,0,1.93,3.13,4.04,2017,D,,36,0.0,0.0,0.0,0.0,0.0,1.0,-1.0,0.0,1.0,-1.0,0.0,0.0,0.0,0.0,0.0,0.0,0.0,0.0,0.0,0.0,33.3,0.0,66.7
2017-04-16,Ulsan,Seoul,1,1,3.09,3.08,2.28,2017,D,,35,1.0,0.0,0.0,1.0,2.0,0.0,2.0,1.0,1.0,0.0,1.0,-1.0,2.0,0.0,0.0,0.0,0.0,0.0,0.0,66.7,33.3,50.0,50.0
2017-04-15,Incheon,Jeonnam,1,3,2.45,3.06,2.85,2017,A,,31,0.0,0.0,0.0,1.0,3.0,1.0,2.0,3.0,2.0,1.0,0.0,-1.0,1.0,0.0,0.0,0.0,0.0,0.0,0.0,0.0,33.3,0.0,100.0
2017-04-15,Pohang,Daegu,2,1,2.01,3.25,3.58,2017,H,,32,1.0,0.0,0.0,0.0,2.0,1.0,1.0,0.0,1.0,-1.0,2.0,0.0,2.0,1.0,0.0,1.0,0.0,0.0,0.0,100.0,0.0,0.0,33.3
2017-04-09,Daegu,Jeonnam,2,1,2.34,3.09,3.01,2017,H,,29,0.0,0.0,0.0,1.0,2.0,0.0,2.0,2.0,2.0,0.0,0.0,-2.0,2.0,0.0,0.0,0.0,0.0,1.0,-1.0,0.0,0.0,0.0,100.0
2017-04-09,Pohang,Incheon,2,0,1.84,3.27,4.29,2017,H,,30,1.0,0.0,0.0,0.0,2.0,2.0,0.0,0.0,2.0,-2.0,2.0,0.0,2.0,1.0,0.0,1.0,0.0,0.0,0.0,100.0,0.0,0.0,0.0
2017-04-08,Gangwon,Jeonbuk,1,1,3.96,3.39,1.87,2017,D,,26,0.0,0.0,0.0,0.0,2.0,0.0,2.0,2.0,0.0,2.0,0.0,0.0,0.0,0.0,0.0,0.0,0.0,0.0,0.0,0.0,50.0,50.0,0.0
2017-04-08,Gwangju FC,Ulsan,1,1,3.03,3.01,2.37,2017,D,,28,1.0,0.0,0.0,1.0,1.0,0.0,1.0,0.0,3.0,-3.0,1.0,-3.0,4.0,0.0,0.0,0.0,0.0,1.0,-1.0,100.0,0.0,0.0,100.0
2017-04-08,Seoul,Jeju,0,0,2.41,3.15,2.85,2017,D,,27,1.0,1.0,0.0,0.0,2.0,1.0,1.0,1.0,0.0,1.0,1.0,1.0,0.0,0.0,0.0,0.0,0.0,0.0,0.0,50.0,0.0,100.0,0.0
2017-04-08,Suwon Bluewings,Sangmu,0,0,1.94,3.39,3.66,2017,D,,25,0.0,1.0,0.0,0.0,1.0,1.0,0.0,1.0,0.0,1.0,0.0,1.0,-1.0,0.0,0.0,0.0,0.0,0.0,0.0,0.0,50.0,100.0,0.0
2017-04-02,Jeju,Gwangju FC,1,1,1.64,3.62,5.07,2017,D,,24,1.0,0.0,0.0,1.0,2.0,1.0,1.0,0.0,2.0,-2.0,2.0,-1.0,3.0,1.0,0.0,1.0,0.0,0.0,0.0,100.0,0.0,0.0,100.0
2017-04-02,Jeonbuk,Seoul,1,0,2.01,3.32,3.53,2017,H,,23,1.0,1.0,0.0,0.0,2.0,1.0,1.0,1.0,0.0,1.0,1.0,1.0,0.0,0.0,0.0,0.0,0.0,0.0,0.0,100.0,0.0,100.0,0.0
2017-04-02,Ulsan,Gangwon,2,1,1.93,3.27,3.89,2017,H,,22,0.0,1.0,1.0,0.0,0.0,2.0,-2.0,1.0,1.0,0.0,-1.0,1.0,-2.0,0.0,0.0,0.0,0.0,0.0,0.0,50.0,50.0,100.0,0.0
2017-04-01,Incheon,Suwon Bluewings,3,3,3.43,3.09,2.13,2017,D,,21,0.0,0.0,0.0,0.0,0.0,1.0,-1.0,0.0,1.0,-1.0,0.0,0.0,0.0,0.0,0.0,0.0,0.0,0.0,0.0,0.0,50.0,0.0,0.0
2017-04-01,Jeonnam,Pohang,1,3,2.53,3.06,2.77,2017,A,,19,0.0,0.0,1.0,0.0,1.0,2.0,-1.0,3.0,2.0,1.0,-2.0,0.0,-2.0,0.0,0.0,0.0,1.0,0.0,1.0,0.0,100.0,0.0,50.0
2017-04-01,Sangmu,Daegu,1,1,2.29,3.1,3.06,2017,D,,20,0.0,0.0,1.0,0.0,1.0,1.0,0.0,2.0,1.0,1.0,-1.0,0.0,-1.0,0.0,0.0,0.0,0.0,0.0,0.0,0.0,100.0,0.0,50.0
2017-03-19,Jeju,Jeonnam,2,0,1.68,3.68,4.62,2017,H,,15,1.0,0.0,0.0,1.0,3.0,1.0,2.0,0.0,2.0,-2.0,3.0,-1.0,4.0,1.0,0.0,1.0,0.0,0.0,0.0,100.0,0.0,0.0,100.0
2017-03-19,Seoul,Gwangju FC,2,1,1.92,3.24,3.87,2017,H,,17,0.0,0.0,0.0,1.0,1.0,0.0,1.0,1.0,2.0,-1.0,0.0,-2.0,2.0,0.0,0.0,0.0,0.0,1.0,-1.0,0.0,0.0,0.0,100.0
2017-03-19,Suwon Bluewings,Daegu,1,1,1.81,3.37,4.28,2017,D,,18,0.0,0.0,1.0,1.0,0.0,0.0,0.0,2.0,1.0,1.0,-2.0,-1.0,-1.0,0.0,0.0,0.0,1.0,0.0,1.0,0.0,100.0,0.0,100.0
2017-03-19,Ulsan,Sangmu,0,1,1.83,3.45,4.03,2017,A,,16,1.0,1.0,0.0,0.0,2.0,3.0,-1.0,1.0,1.0,0.0,1.0,2.0,-1.0,0.0,1.0,-1.0,0.0,0.0,0.0,100.0,0.0,100.0,0.0
2017-03-18,Gangwon,Pohang,2,2,2.35,3.08,2.98,2017,D,,13,0.0,0.0,1.0,1.0,0.0,1.0,-1.0,1.0,2.0,-1.0,-1.0,-1.0,0.0,0.0,0.0,0.0,0.0,0.0,0.0,0.0,100.0,0.0,100.0
2017-03-18,Incheon,Jeonbuk,0,0,4.64,3.39,1.74,2017,D,,14,0.0,1.0,1.0,0.0,0.0,2.0,-2.0,1.0,0.0,1.0,-1.0,2.0,-3.0,0.0,1.0,-1.0,0.0,0.0,0.0,0.0,100.0,100.0,0.0
2017-03-12,Jeonnam,Sangmu,1,3,2.16,3.14,3.32,2017,A,,12,,,,,,,,,,,,,,,,,,,,,,,
2017-03-12,Pohang,Gwangju FC,2,0,2.15,3.0,3.47,2017,H,,11,,,,,,,,,,,,,,,,,,,,,,,
2017-03-11,Daegu,Incheon,2,2,2.17,3.0,3.44,2017,D,,7,,,,,,,,,,,,,,,,,,,,,,,
2017-03-11,Gangwon,Seoul,0,1,2.85,3.12,2.43,2017,A,,8,,,,,,,,,,,,,,,,,,,,,,,
2017-03-11,Jeju,Ulsan,3,0,2.15,3.24,3.21,2017,H,,10,,,,,,,,,,,,,,,,,,,,,,,
2017-03-11,Suwon Bluewings,Jeonbuk,0,2,2.68,3.18,2.52,2017,A,,9,,,,,,,,,,,,,,,,,,,,,,,
2017-03-05,Incheon,Jeju,0,1,3.59,3.07,2.07,2017,A,,6,,,,,,,,,,,,,,,,,,,,,,,
2017-03-05,Jeonbuk,Jeonnam,2,1,1.59,3.67,5.34,2017,H,,4,,,,,,,,,,,,,,,,,,,,,,,
2017-03-05,Seoul,Suwon Bluewings,1,1,2.27,3.16,3.03,2017,D,,5,,,,,,,,,,,,,,,,,,,,,,,
2017-03-04,Gwangju FC,Daegu,1,0,2.36,2.97,2.98,2017,H,,1,,,,,,,,,,,,,,,,,,,,,,,
2017-03-04,Sangmu,Gangwon,1,2,2.44,3.06,2.84,2017,A,,3,,,,,,,,,,,,,,,,,,,,,,,
2017-03-04,Ulsan,Pohang,2,1,2.08,3.07,3.54,2017,H,,2,,,,,,,,,,,,,,,,,,,,,,,
2016-11-20,Seongnam,Gangwon,1,1,2.35,3.02,3.0,2016,D,,232,0.0,1.0,1.0,0.0,1.0,2.0,-1.0,2.0,1.0,1.0,-1.0,1.0,-2.0,0.0,0.0,0.0,0.0,0.0,0.0,26.3,52.6,100.0,0.0
2016-11-17,Gangwon,Seongnam,0,0,2.47,2.97,2.9,2016,D,,231,1.0,0.0,0.0,1.0,1.0,0.0,1.0,0.0,1.0,-1.0,1.0,-1.0,2.0,0.0,0.0,0.0,0.0,0.0,0.0,100.0,0.0,31.6,36.8
2016-11-06,Jeju,Sangmu,3,0,1.62,3.97,4.7,2016,H,,228,0.0,0.0,1.0,1.0,0.0,1.0,-1.0,2.0,4.0,-2.0,-2.0,-3.0,1.0,0.0,0.0,0.0,1.0,1.0,0.0,50.0,22.2,31.6,57.9
2016-11-06,Jeonbuk,Seoul,0,1,1.97,3.41,3.5,2016,A,,229,1.0,1.0,0.0,0.0,4.0,2.0,2.0,1.0,0.0,1.0,3.0,2.0,1.0,1.0,1.0,0.0,0.0,0.0,0.0,72.2,5.6,66.7,27.8
2016-11-06,Jeonnam,Ulsan,1,1,2.67,3.22,2.5,2016,D,,230,0.0,1.0,1.0,0.0,0.0,2.0,-2.0,5.0,1.0,4.0,-5.0,1.0,-6.0,0.0,0.0,0.0,1.0,0.0,1.0,44.4,44.4,38.9,27.8
2016-11-05,Bucheon,Gangwon,1,2,2.22,3.14,3.07,2016,A,,225,,,,,,,,,,,,,,,,,,,,,,,
2016-11-05,Incheon,Suwon City,1,0,2.77,3.27,2.36,2016,H,,227,1.0,1.0,0.0,0.0,3.0,2.0,1.0,2.0,1.0,1.0,1.0,1.0,0.0,0.0,0.0,0.0,0.0,0.0,0.0,31.6,36.8,33.3,44.4
2016-11-05,Pohang,Seongnam,1,0,1.83,3.36,3.95,2016,H,,224,0.0,0.0,1.0,0.0,0.0,0.0,0.0,1.0,0.0,1.0,-1.0,0.0,-1.0,0.0,0.0,0.0,0.0,0.0,0.0,38.9,33.3,33.3,33.3
2016-11-05,Suwon Bluewings,Gwangju FC,1,1,2.0,3.36,3.43,2016,D,,226,1.0,0.0,0.0,1.0,3.0,0.0,3.0,2.0,2.0,0.0,1.0,-2.0,3.0,0.0,0.0,0.0,0.0,1.0,-1.0,33.3,27.8,38.9,50.0
2016-11-02,Gangwon,Busan,1,0,2.27,3.18,3.05,2016,H,,217,,,,,,,,,,,,,,,,,,,,,,,
2016-11-02,Gwangju FC,Pohang,1,1,2.39,2.99,2.95,2016,D,,219,0.0,0.0,0.0,1.0,0.0,2.0,-2.0,0.0,3.0,-3.0,0.0,-1.0,1.0,0.0,0.0,0.0,0.0,0.0,0.0,22.2,22.2,22.2,55.6
2016-11-02,Jeonbuk,Sangmu,4,1,1.22,5.61,11.13,2016,H,,220,0.0,0.0,1.0,0.0,2.0,2.0,0.0,3.0,2.0,1.0,-1.0,0.0,-1.0,0.0,0.0,0.0,0.0,0.0,0.0,70.6,5.9,33.3,55.6
2016-11-02,Seongnam,Suwon City,1,2,2.31,3.17,2.86,2016,A,,218,0.0,1.0,0.0,0.0,0.0,1.0,-1.0,0.0,0.0,0.0,0.0,1.0,-1.0,0.0,0.0,0.0,0.0,0.0,0.0,27.8,50.0,29.4,47.1
2016-11-02,Seoul,Jeonnam,2,1,1.37,4.57,7.43,2016,H,,221,0.0,0.0,0.0,1.0,2.0,3.0,-1.0,2.0,5.0,-3.0,0.0,-2.0,2.0,0.0,0.0,0.0,0.0,1.0,-1.0,38.9,27.8,22.2,33.3
2016-11-02,Suwon Bluewings,Incheon,3,2,1.79,3.45,4.22,2016,H,,222,1.0,0.0,0.0,0.0,2.0,0.0,2.0,0.0,0.0,0.0,2.0,0.0,2.0,1.0,0.0,1.0,0.0,0.0,0.0,29.4,29.4,23.5,41.2
2016-11-02,Ulsan,Jeju,0,0,2.39,3.19,2.8,2016,D,,223,0.0,1.0,0.0,0.0,0.0,3.0,-3.0,0.0,2.0,-2.0,0.0,1.0,-1.0,0.0,0.0,0.0,0.0,0.0,0.0,38.9,38.9,38.9,50.0
2016-10-30,Jeju,Seoul,0,2,2.64,3.29,2.45,2016,A,,216,1.0,1.0,0.0,0.0,5.0,2.0,3.0,3.0,1.0,2.0,2.0,1.0,1.0,1.0,0.0,1.0,0.0,0.0,0.0,52.9,17.6,64.7,29.4
2016-10-30,Sangmu,Ulsan,1,2,3.1,3.28,2.18,2016,A,,214,0.0,0.0,1.0,1.0,0.0,0.0,0.0,1.0,2.0,-1.0,-1.0,-2.0,1.0,0.0,0.0,0.0,0.0,1.0,-1.0,35.3,35.3,35.3,29.4
2016-10-30,Suwon City,Suwon Bluewings,2,3,2.85,3.3,2.3,2016,A,,215,0.0,0.0,1.0,0.0,1.0,2.0,-1.0,2.0,2.0,0.0,-1.0,0.0,-1.0,0.0,0.0,0.0,0.0,0.0,0.0,22.2,50.0,16.7,27.8
2016-10-29,Gwangju FC,Seongnam,0,0,2.11,3.07,3.44,2016,D,,211,0.0,0.0,1.0,1.0,1.0,0.0,1.0,2.0,2.0,0.0,-1.0,-2.0,1.0,0.0,0.0,0.0,0.0,1.0,-1.0,23.5,23.5,35.3,35.3
2016-10-29,Incheon,Pohang,3,2,2.61,2.98,2.71,2016,H,,213,1.0,1.0,0.0,0.0,2.0,4.0,-2.0,0.0,1.0,-1.0,2.0,3.0,-1.0,1.0,1.0,0.0,0.0,0.0,0.0,27.8,38.9,23.5,52.9
2016-10-29,Jeonnam,Jeonbuk,0,5,5.51,3.65,1.58,2016,A,,212,0.0,0.0,1.0,0.0,0.0,0.0,0.0,2.0,0.0,2.0,-2.0,0.0,-2.0,0.0,0.0,0.0,1.0,0.0,1.0,47.1,41.2,33.3,0.0
2016-10-23,Incheon,Gwangju FC,2,0,2.71,2.94,2.64,2016,H,,208,0.0,1.0,0.0,0.0,2.0,2.0,0.0,2.0,1.0,1.0,0.0,1.0,-1.0,0.0,0.0,0.0,0.0,0.0,0.0,23.5,41.2,41.2,47.1
2016-10-23,Jeju,Jeonnam,5,3,1.84,3.43,3.98,2016,H,,210,0.0,1.0,0.0,0.0,2.0,1.0,1.0,2.0,0.0,2.0,0.0,1.0,-1.0,0.0,0.0,0.0,0.0,0.0,0.0,50.0,18.8,23.5,29.4
2016-10-23,Pohang,Suwon City,0,1,2.22,3.17,3.1,2016,A,,209,0.0,1.0,0.0,0.0,2.0,5.0,-3.0,2.0,4.0,-2.0,0.0,1.0,-1.0,0.0,0.0,0.0,0.0,0.0,0.0,41.2,29.4,25.0,50.0
2016-10-22,Seoul,Sangmu,2,2,1.42,4.2,6.58,2016,D,,207,1.0,0.0,0.0,1.0,2.0,0.0,2.0,0.0,1.0,-1.0,2.0,-1.0,3.0,1.0,0.0,1.0,0.0,0.0,0.0,41.2,29.4,35.3,58.8
2016-10-22,Suwon Bluewings,Seongnam,2,0,1.84,3.4,3.94,2016,H,,206,0.0,0.0,1.0,1.0,4.0,0.0,4.0,5.0,1.0,4.0,-1.0,-1.0,0.0,0.0,0.0,0.0,0.0,0.0,0.0,25.0,31.2,37.5,31.2
2016-10-22,Ulsan,Jeonbuk,0,0,3.12,3.24,2.17,2016,D,,205,0.0,0.0,1.0,0.0,2.0,1.0,1.0,3.0,1.0,2.0,-1.0,0.0,-1.0,0.0,0.0,0.0,0.0,0.0,0.0,41.2,41.2,35.3,0.0
2016-10-16,Sangmu,Jeonnam,0,1,2.66,3.16,2.55,2016,A,,204,0.0,0.0,0.0,0.0,1.0,0.0,1.0,1.0,0.0,1.0,0.0,0.0,0.0,0.0,0.0,0.0,0.0,0.0,0.0,37.5,31.2,18.8,31.2
2016-10-16,Seongnam,Incheon,0,0,2.29,3.06,3.09,2016,D,,203,0.0,1.0,1.0,0.0,1.0,3.0,-2.0,4.0,2.0,2.0,-3.0,1.0,-4.0,0.0,0.0,0.0,1.0,0.0,1.0,29.4,52.9,25.0,43.8
2016-10-16,Suwon City,Gwangju FC,1,2,2.56,3.06,2.68,2016,A,,202,0.0,0.0,0.0,1.0,0.0,0.0,0.0,0.0,1.0,-1.0,0.0,-1.0,1.0,0.0,0.0,0.0,0.0,0.0,0.0,23.5,47.1,37.5,50.0
2016-10-15,Jeonbuk,Jeju,2,3,1.74,3.63,4.36,2016,A,,199,1.0,1.0,0.0,0.0,1.0,2.0,-1.0,0.0,0.0,0.0,1.0,2.0,-1.0,0.0,1.0,-1.0,0.0,0.0,0.0,75.0,0.0,35.3,52.9
2016-10-15,Pohang,Suwon Bluewings,2,2,2.63,2.99,2.67,2016,D,,200,1.0,0.0,0.0,0.0,1.0,2.0,-1.0,0.0,2.0,-2.0,1.0,0.0,1.0,0.0,0.0,0.0,0.0,0.0,0.0,43.8,31.2,17.6,29.4
2016-10-15,Seoul,Ulsan,2,0,1.86,3.52,3.85,2016,H,,201,0.0,0.0,0.0,0.0,0.0,1.0,-1.0,0.0,1.0,-1.0,0.0,0.0,0.0,0.0,0.0,0.0,0.0,0.0,0.0,37.5,31.2,37.5,25.0
2016-10-02,Gwangju FC,Seoul,1,2,3.05,3.07,2.28,2016,A,,196,0.0,1.0,0.0,0.0,1.0,1.0,0.0,1.0,0.0,1.0,0.0,1.0,-1.0,0.0,0.0,0.0,0.0,0.0,0.0,25.0,18.8,62.5,31.2
2016-10-02,Jeonnam,Jeju,0,2,2.68,3.17,2.48,2016,A,,195,1.0,1.0,0.0,0.0,1.0,5.0,-4.0,0.0,1.0,-1.0,1.0,4.0,-3.0,0.0,1.0,-1.0,0.0,0.0,0.0,50.0,37.5,31.2,56.2
2016-10-02,Sangmu,Jeonbuk,1,1,4.72,3.75,1.64,2016,D,,198,0.0,0.0,1.0,0.0,1.0,2.0,-1.0,5.0,2.0,3.0,-4.0,0.0,-4.0,0.0,0.0,0.0,1.0,0.0,1.0,40.0,33.3,37.5,0.0
2016-10-02,Seongnam,Pohang,1,4,2.28,3.09,3.09,2016,A,,197,1.0,0.0,0.0,1.0,2.0,0.0,2.0,1.0,1.0,0.0,1.0,-1.0,2.0,0.0,0.0,0.0,0.0,0.0,0.0,31.2,50.0,18.8,56.2
2016-10-02,Suwon Bluewings,Suwon City,4,5,1.83,3.42,4.02,2016,A,,194,0.0,0.0,0.0,1.0,1.0,1.0,0.0,1.0,2.0,-1.0,0.0,-1.0,1.0,0.0,0.0,0.0,0.0,0.0,0.0,26.7,26.7,20.0,53.3
2016-10-02,Ulsan,Incheon,2,3,1.84,3.24,4.21,2016,A,,193,1.0,1.0,0.0,0.0,2.0,1.0,1.0,1.0,0.0,1.0,1.0,1.0,0.0,0.0,0.0,0.0,0.0,0.0,0.0,43.8,37.5,20.0,46.7
2016-09-25,Sangmu,Jeju,1,5,2.83,3.18,2.38,2016,A,,191,0.0,0.0,0.0,0.0,1.0,0.0,1.0,1.0,0.0,1.0,0.0,0.0,0.0,0.0,0.0,0.0,0.0,0.0,0.0,42.9,28.6,26.7,60.0
2016-09-25,Suwon City,Jeonnam,0,0,2.74,3.16,2.46,2016,D,,192,0.0,0.0,1.0,0.0,0.0,2.0,-2.0,1.0,2.0,-1.0,-1.0,0.0,-1.0,0.0,0.0,0.0,0.0,0.0,0.0,25.0,50.0,20.0,33.3
2016-09-24,Incheon,Suwon Bluewings,2,2,3.29,3.06,2.2,2016,D,,188,0.0,0.0,0.0,0.0,0.0,1.0,-1.0,0.0,1.0,-1.0,0.0,0.0,0.0,0.0,0.0,0.0,0.0,0.0,0.0,25.0,43.8,18.8,31.2
2016-09-24,Jeonbuk,Seongnam,1,0,1.52,4.0,5.56,2016,H,,189,0.0,0.0,0.0,1.0,1.0,1.0,0.0,1.0,2.0,-1.0,0.0,-1.0,1.0,0.0,0.0,0.0,0.0,0.0,0.0,73.3,0.0,40.0,26.7
2016-09-24,Pohang,Gwangju FC,1,0,2.54,3.01,2.79,2016,H,,190,0.0,0.0,1.0,1.0,0.0,0.0,0.0,1.0,2.0,-1.0,-1.0,-2.0,1.0,0.0,0.0,0.0,0.0,1.0,-1.0,40.0,33.3,40.0,46.7
2016-09-21,Gwangju FC,Suwon Bluewings,1,1,2.54,3.08,2.72,2016,D,,182,1.0,0.0,0.0,0.0,1.0,1.0,0.0,0.0,1.0,-1.0,1.0,0.0,1.0,0.0,0.0,0.0,0.0,0.0,0.0,26.7,20.0,20.0,33.3
2016-09-21,Jeju,Jeonbuk,2,2,2.42,3.31,2.71,2016,D,,183,0.0,1.0,0.0,0.0,1.0,3.0,-2.0,1.0,1.0,0.0,0.0,2.0,-2.0,0.0,1.0,-1.0,0.0,0.0,0.0,53.3,20.0,40.0,0.0
2016-09-21,Jeonnam,Sangmu,1,0,2.23,3.22,3.05,2016,H,,184,1.0,0.0,0.0,0.0,2.0,0.0,2.0,0.0,0.0,0.0,2.0,0.0,2.0,1.0,0.0,1.0,0.0,0.0,0.0,46.7,40.0,37.5,56.2
2016-09-21,Pohang,Incheon,0,1,2.03,3.03,3.78,2016,A,,186,0.0,0.0,1.0,1.0,2.0,0.0,2.0,3.0,2.0,1.0,-1.0,-2.0,1.0,0.0,0.0,0.0,0.0,1.0,-1.0,42.9,28.6,14.3,50.0
2016-09-21,Suwon City,Seoul,0,1,3.62,3.47,1.91,2016,A,,187,1.0,0.0,0.0,1.0,2.0,0.0,2.0,0.0,1.0,-1.0,2.0,-1.0,3.0,1.0,0.0,1.0,0.0,0.0,0.0,26.7,46.7,60.0,33.3
2016-09-21,Ulsan,Seongnam,2,1,2.01,3.25,3.58,2016,H,,185,1.0,0.0,0.0,1.0,1.0,0.0,1.0,0.0,1.0,-1.0,1.0,-1.0,2.0,0.0,0.0,0.0,0.0,0.0,0.0,40.0,40.0,42.9,21.4
2016-09-18,Incheon,Sangmu,0,0,2.53,3.07,2.72,2016,D,,179,1.0,0.0,0.0,1.0,1.0,0.0,1.0,0.0,1.0,-1.0,1.0,-1.0,2.0,0.0,0.0,0.0,0.0,0.0,0.0,26.7,46.7,40.0,60.0
2016-09-18,Jeonbuk,Suwon Bluewings,1,1,1.75,3.52,4.37,2016,D,,181,0.0,1.0,0.0,0.0,2.0,2.0,0.0,2.0,1.0,1.0,0.0,1.0,-1.0,0.0,0.0,0.0,0.0,0.0,0.0,78.6,0.0,21.4,35.7
2016-09-18,Seoul,Jeju,0,0,1.93,3.49,3.52,2016,D,,178,0.0,1.0,0.0,0.0,2.0,1.0,1.0,2.0,0.0,2.0,0.0,1.0,-1.0,0.0,0.0,0.0,0.0,0.0,0.0,40.0,33.3,28.6,64.3
2016-09-18,Ulsan,Pohang,1,0,2.22,3.08,3.16,2016,H,,180,0.0,0.0,0.0,1.0,1.0,1.0,0.0,1.0,2.0,-1.0,0.0,-1.0,1.0,0.0,0.0,0.0,0.0,0.0,0.0,35.7,42.9,20.0,53.3
2016-09-17,Jeonnam,Gwangju FC,2,0,2.35,3.05,2.96,2016,H,,176,1.0,0.0,0.0,0.0,2.0,1.0,1.0,1.0,1.0,0.0,1.0,0.0,1.0,0.0,0.0,0.0,0.0,0.0,0.0,42.9,42.9,42.9,42.9
2016-09-17,Seongnam,Suwon City,2,1,2.18,3.29,3.08,2016,H,,177,0.0,1.0,1.0,0.0,1.0,3.0,-2.0,2.0,2.0,0.0,-1.0,1.0,-2.0,0.0,0.0,0.0,0.0,0.0,0.0,26.7,53.3,21.4,50.0
2016-09-11,Gwangju FC,Sangmu,1,0,2.25,3.13,3.12,2016,H,,174,0.0,0.0,0.0,1.0,0.0,0.0,0.0,0.0,1.0,-1.0,0.0,-1.0,1.0,0.0,0.0,0.0,0.0,0.0,0.0,21.4,21.4,42.9,57.1
2016-09-11,Jeju,Ulsan,1,1,2.09,3.35,3.23,2016,D,,175,1.0,0.0,0.0,0.0,1.0,2.0,-1.0,0.0,2.0,-2.0,1.0,0.0,1.0,0.0,0.0,0.0,0.0,0.0,0.0,57.1,21.4,40.0,26.7
2016-09-10,Incheon,Seoul,1,0,3.67,3.26,1.97,2016,H,,170,0.0,1.0,1.0,0.0,0.0,4.0,-4.0,1.0,1.0,0.0,-1.0,3.0,-4.0,0.0,1.0,-1.0,0.0,0.0,0.0,21.4,50.0,64.3,28.6
2016-09-10,Jeonbuk,Jeonnam,2,2,1.58,3.79,5.23,2016,D,,171,1.0,0.0,0.0,0.0,2.0,1.0,1.0,1.0,1.0,0.0,1.0,0.0,1.0,0.0,0.0,0.0,0.0,0.0,0.0,84.6,0.0,21.4,35.7
2016-09-10,Pohang,Suwon City,2,3,2.04,3.22,3.5,2016,A,,172,1.0,0.0,0.0,0.0,1.0,0.0,1.0,0.0,0.0,0.0,1.0,0.0,1.0,0.0,0.0,0.0,0.0,0.0,0.0,46.2,23.1,15.4,53.8
2016-09-10,Seongnam,Suwon Bluewings,1,2,2.88,3.11,2.39,2016,A,,173,0.0,0.0,1.0,0.0,0.0,1.0,-1.0,1.0,1.0,0.0,-1.0,0.0,-1.0,0.0,0.0,0.0,0.0,0.0,0.0,28.6,50.0,15.4,38.5
2016-09-03,Seoul,Ulsan,2,2,1.72,3.51,4.53,2016,D,,169,0.0,1.0,1.0,0.0,1.0,2.0,-1.0,3.0,1.0,2.0,-2.0,1.0,-3.0,0.0,0.0,0.0,1.0,0.0,1.0,42.9,35.7,42.9,28.6
2016-08-28,Jeonnam,Pohang,2,1,2.52,3.06,2.74,2016,H,,168,0.0,0.0,1.0,0.0,1.0,1.0,0.0,4.0,1.0,3.0,-3.0,0.0,-3.0,0.0,0.0,0.0,1.0,0.0,1.0,38.5,46.2,21.4,50.0
2016-08-28,Sangmu,Suwon Bluewings,1,1,2.5,3.29,2.6,2016,D,,167,0.0,0.0,0.0,1.0,2.0,0.0,2.0,2.0,1.0,1.0,0.0,-1.0,1.0,0.0,0.0,0.0,0.0,0.0,0.0,46.2,30.8,16.7,41.7
2016-08-28,Seoul,Jeonbuk,1,3,2.49,3.18,2.68,2016,A,,166,1.0,1.0,0.0,0.0,1.0,3.0,-2.0,0.0,1.0,-1.0,1.0,2.0,-1.0,0.0,1.0,-1.0,0.0,0.0,0.0,46.2,30.8,35.7,0.0
2016-08-27,Jeju,Seongnam,1,0,1.95,3.43,3.54,2016,H,,163,0.0,0.0,1.0,0.0,1.0,2.0,-1.0,2.0,2.0,0.0,-1.0,0.0,-1.0,0.0,0.0,0.0,0.0,0.0,0.0,53.8,23.1,46.2,15.4
2016-08-27,Suwon City,Incheon,2,0,2.22,3.16,3.1,2016,H,,165,1.0,0.0,0.0,1.0,5.0,1.0,4.0,3.0,2.0,1.0,2.0,-1.0,3.0,1.0,0.0,1.0,0.0,0.0,0.0,21.4,50.0,15.4,46.2
2016-08-27,Ulsan,Gwangju FC,1,1,2.22,3.2,3.07,2016,D,,164,0.0,1.0,1.0,0.0,2.0,1.0,1.0,3.0,0.0,3.0,-1.0,1.0,-2.0,0.0,0.0,0.0,0.0,0.0,0.0,38.5,46.2,46.2,46.2
2016-08-21,Gwangju FC,Suwon City,0,0,1.91,3.33,3.77,2016,D,,162,0.0,0.0,0.0,1.0,1.0,1.0,0.0,1.0,2.0,-1.0,0.0,-1.0,1.0,0.0,0.0,0.0,0.0,0.0,0.0,23.1,23.1,16.7,58.3
2016-08-21,Incheon,Jeju,0,1,2.98,3.27,2.24,2016,A,,161,0.0,0.0,1.0,1.0,1.0,3.0,-2.0,3.0,5.0,-2.0,-2.0,-2.0,0.0,0.0,0.0,0.0,1.0,1.0,0.0,23.1,46.2,23.1,69.2
2016-08-20,Pohang,Sangmu,1,0,2.43,3.18,2.76,2016,H,,159,0.0,1.0,0.0,0.0,0.0,3.0,-3.0,0.0,2.0,-2.0,0.0,1.0,-1.0,0.0,0.0,0.0,0.0,0.0,0.0,41.7,25.0,46.2,53.8
2016-08-20,Suwon Bluewings,Jeonnam,1,1,2.19,3.14,3.16,2016,D,,160,0.0,0.0,0.0,1.0,1.0,0.0,1.0,1.0,2.0,-1.0,0.0,-2.0,2.0,0.0,0.0,0.0,0.0,1.0,-1.0,28.6,28.6,23.1,38.5
2016-08-17,Incheon,Jeonbuk,1,3,4.35,3.46,1.76,2016,A,,155,0.0,0.0,0.0,0.0,2.0,0.0,2.0,2.0,0.0,2.0,0.0,0.0,0.0,0.0,0.0,0.0,0.0,0.0,0.0,25.0,41.7,30.8,0.0
2016-08-17,Jeonnam,Seoul,1,4,3.07,3.32,2.16,2016,A,,156,1.0,1.0,0.0,0.0,2.0,2.0,0.0,1.0,1.0,0.0,1.0,1.0,0.0,0.0,0.0,0.0,0.0,0.0,0.0,41.7,41.7,61.5,30.8
2016-08-17,Seongnam,Gwangju FC,0,1,2.33,3.1,2.99,2016,A,,157,1.0,1.0,0.0,0.0,2.0,2.0,0.0,0.0,1.0,-1.0,2.0,1.0,1.0,1.0,0.0,1.0,0.0,0.0,0.0,30.8,46.2,41.7,50.0
2016-08-17,Suwon Bluewings,Pohang,1,1,2.05,3.15,3.53,2016,D,,153,0.0,0.0,0.0,1.0,0.0,0.0,0.0,0.0,3.0,-3.0,0.0,-3.0,3.0,0.0,0.0,0.0,0.0,1.0,-1.0,30.8,30.8,23.1,53.8
2016-08-17,Suwon City,Jeju,5,3,3.42,3.4,1.99,2016,H,,158,0.0,0.0,1.0,1.0,1.0,3.0,-2.0,2.0,5.0,-3.0,-1.0,-2.0,1.0,0.0,0.0,0.0,0.0,1.0,-1.0,15.4,53.8,25.0,66.7
2016-08-17,Ulsan,Sangmu,2,3,2.2,3.28,3.04,2016,A,,154,0.0,1.0,1.0,0.0,0.0,2.0,-2.0,2.0,0.0,2.0,-2.0,2.0,-4.0,0.0,1.0,-1.0,1.0,0.0,1.0,41.7,41.7,41.7,58.3
2016-08-14,Jeju,Gwangju FC,1,2,1.5,3.97,6.23,2016,A,,151,1.0,0.0,0.0,1.0,3.0,0.0,3.0,0.0,3.0,-3.0,3.0,-3.0,6.0,1.0,0.0,1.0,0.0,1.0,-1.0,58.3,16.7,36.4,54.5
2016-08-14,Pohang,Jeonbuk,0,0,3.71,3.3,1.94,2016,D,,150,1.0,1.0,0.0,0.0,3.0,3.0,0.0,1.0,2.0,-1.0,2.0,1.0,1.0,1.0,0.0,1.0,0.0,0.0,0.0,45.5,27.3,33.3,0.0
2016-08-14,Suwon City,Ulsan,1,2,3.08,3.24,2.2,2016,A,,152,0.0,0.0,1.0,0.0,0.0,0.0,0.0,2.0,0.0,2.0,-2.0,0.0,-2.0,0.0,0.0,0.0,1.0,0.0,1.0,16.7,50.0,38.5,30.8
2016-08-13,Jeonnam,Incheon,2,1,2.12,3.12,3.4,2016,H,,149,1.0,0.0,0.0,0.0,3.0,1.0,2.0,0.0,1.0,-1.0,3.0,0.0,3.0,1.0,0.0,1.0,0.0,0.0,0.0,36.4,45.5,16.7,41.7
2016-08-13,Sangmu,Seongnam,2,2,2.0,3.26,3.55,2016,D,,148,0.0,0.0,1.0,0.0,1.0,2.0,-1.0,2.0,2.0,0.0,-1.0,0.0,-1.0,0.0,0.0,0.0,0.0,0.0,0.0,50.0,33.3,50.0,16.7
2016-08-13,Seoul,Suwon Bluewings,1,0,1.75,3.51,4.34,2016,H,,147,1.0,0.0,0.0,1.0,2.0,0.0,2.0,0.0,3.0,-3.0,2.0,-3.0,5.0,1.0,0.0,1.0,0.0,1.0,-1.0,41.7,33.3,18.2,36.4
2016-08-10,Gwangju FC,Incheon,1,1,1.99,3.08,3.81,2016,D,,144,0.0,0.0,0.0,1.0,0.0,1.0,-1.0,0.0,3.0,-3.0,0.0,-2.0,2.0,0.0,0.0,0.0,0.0,1.0,-1.0,25.0,25.0,18.2,45.5
2016-08-10,Jeju,Pohang,3,0,1.91,3.35,3.75,2016,H,,145,1.0,0.0,0.0,1.0,3.0,0.0,3.0,2.0,2.0,0.0,1.0,-2.0,3.0,0.0,0.0,0.0,0.0,1.0,-1.0,54.5,18.2,25.0,50.0
2016-08-10,Jeonbuk,Suwon City,2,1,1.3,5.17,8.37,2016,H,,141,0.0,1.0,0.0,0.0,1.0,2.0,-1.0,1.0,1.0,0.0,0.0,1.0,-1.0,0.0,0.0,0.0,0.0,0.0,0.0,83.3,0.0,18.2,54.5
2016-08-10,Sangmu,Seoul,1,2,3.23,3.43,2.03,2016,A,,146,0.0,1.0,1.0,0.0,0.0,2.0,-2.0,4.0,1.0,3.0,-4.0,1.0,-5.0,0.0,0.0,0.0,1.0,0.0,1.0,54.5,27.3,58.3,33.3
2016-08-10,Seongnam,Jeonnam,2,0,2.43,3.11,2.82,2016,H,,143,0.0,1.0,1.0,0.0,1.0,2.0,-1.0,2.0,0.0,2.0,-1.0,2.0,-3.0,0.0,1.0,-1.0,0.0,0.0,0.0,25.0,50.0,25.0,33.3
2016-08-10,Suwon Bluewings,Ulsan,0,0,2.22,3.25,3.05,2016,D,,142,1.0,0.0,0.0,0.0,5.0,1.0,4.0,3.0,1.0,2.0,2.0,0.0,2.0,1.0,0.0,1.0,0.0,0.0,0.0,33.3,33.3,41.7,33.3
2016-08-03,Jeonbuk,Ulsan,1,1,1.56,3.97,5.11,2016,D,,139,1.0,0.0,0.0,1.0,3.0,1.0,2.0,0.0,2.0,-2.0,3.0,-1.0,4.0,1.0,0.0,1.0,0.0,0.0,0.0,90.9,0.0,45.5,36.4
2016-08-03,Seongnam,Seoul,1,2,3.15,3.3,2.12,2016,A,,140,0.0,0.0,1.0,1.0,1.0,2.0,-1.0,2.0,3.0,-1.0,-1.0,-1.0,0.0,0.0,0.0,0.0,0.0,0.0,0.0,27.3,45.5,54.5,36.4
2016-07-31,Incheon,Seongnam,2,2,2.61,2.93,2.76,2016,D,,138,0.0,1.0,1.0,0.0,1.0,2.0,-1.0,2.0,1.0,1.0,-1.0,1.0,-2.0,0.0,0.0,0.0,0.0,0.0,0.0,27.3,45.5,54.5,18.2
2016-07-31,Seoul,Pohang,2,0,1.82,3.38,4.18,2016,H,,137,0.0,0.0,1.0,1.0,2.0,0.0,2.0,3.0,1.0,2.0,-1.0,-1.0,0.0,0.0,0.0,0.0,0.0,0.0,0.0,36.4,36.4,27.3,45.5
2016-07-31,Suwon Bluewings,Jeju,5,3,2.08,3.35,3.23,2016,H,,136,0.0,0.0,1.0,0.0,1.0,0.0,1.0,2.0,0.0,2.0,-1.0,0.0,-1.0,0.0,0.0,0.0,0.0,0.0,0.0,27.3,36.4,27.3,63.6
2016-07-30,Jeonbuk,Gwangju FC,3,0,1.56,3.94,5.2,2016,H,,135,1.0,1.0,0.0,0.0,2.0,4.0,-2.0,1.0,0.0,1.0,1.0,4.0,-3.0,0.0,1.0,-1.0,0.0,0.0,0.0,90.0,0.0,40.0,50.0
2016-07-30,Suwon City,Sangmu,0,2,3.02,3.28,2.19,2016,A,,134,1.0,1.0,0.0,0.0,1.0,2.0,-1.0,0.0,0.0,0.0,1.0,2.0,-1.0,0.0,1.0,-1.0,0.0,0.0,0.0,18.2,45.5,36.4,63.6
2016-07-30,Ulsan,Jeonnam,0,2,2.06,3.3,3.33,2016,A,,133,0.0,0.0,1.0,0.0,1.0,0.0,1.0,3.0,0.0,3.0,-2.0,0.0,-2.0,0.0,0.0,0.0,1.0,0.0,1.0,45.5,36.4,18.2,36.4
2016-07-24,Jeju,Seoul,3,2,2.47,3.36,2.58,2016,H,,130,0.0,1.0,1.0,0.0,1.0,2.0,-1.0,2.0,1.0,1.0,-1.0,1.0,-2.0,0.0,0.0,0.0,0.0,0.0,0.0,50.0,20.0,60.0,30.0
2016-07-24,Jeonbuk,Ulsan,2,1,1.66,3.75,4.53,2016,H,,132,1.0,0.0,0.0,0.0,3.0,0.0,3.0,0.0,0.0,0.0,3.0,0.0,3.0,1.0,0.0,1.0,0.0,0.0,0.0,88.9,0.0,50.0,30.0
2016-07-24,Seongnam,Suwon City,1,2,1.83,3.41,3.96,2016,A,,131,0.0,0.0,0.0,1.0,0.0,0.0,0.0,0.0,1.0,-1.0,0.0,-1.0,1.0,0.0,0.0,0.0,0.0,0.0,0.0,30.0,40.0,10.0,60.0
2016-07-23,Jeonnam,Suwon Bluewings,3,0,2.83,3.11,2.4,2016,H,,129,1.0,1.0,0.0,0.0,2.0,1.0,1.0,1.0,0.0,1.0,1.0,1.0,0.0,0.0,0.0,0.0,0.0,0.0,0.0,30.0,50.0,20.0,30.0
2016-07-23,Pohang,Incheon,3,1,2.08,3.08,3.5,2016,H,,127,0.0,1.0,1.0,0.0,0.0,3.0,-3.0,2.0,1.0,1.0,-2.0,2.0,-4.0,0.0,1.0,-1.0,1.0,0.0,1.0,40.0,30.0,20.0,40.0
2016-07-23,Sangmu,Gwangju FC,0,4,2.01,3.25,3.53,2016,A,,128,0.0,0.0,1.0,1.0,0.0,2.0,-2.0,1.0,3.0,-2.0,-1.0,-1.0,0.0,0.0,0.0,0.0,0.0,0.0,0.0,60.0,20.0,33.3,55.6
2016-07-20,Gwangju FC,Jeonnam,0,0,2.16,3.13,3.25,2016,D,,121,0.0,1.0,0.0,0.0,2.0,2.0,0.0,2.0,1.0,1.0,0.0,1.0,-1.0,0.0,0.0,0.0,0.0,0.0,0.0,27.3,27.3,20.0,40.0
2016-07-20,Sangmu,Suwon Bluewings,0,1,2.24,3.26,2.94,2016,A,,123,1.0,0.0,0.0,1.0,2.0,1.0,1.0,1.0,2.0,-1.0,1.0,-1.0,2.0,0.0,0.0,0.0,0.0,0.0,0.0,66.7,11.1,11.1,33.3
2016-07-20,Seongnam,Jeju,0,0,2.39,3.25,2.75,2016,D,,124,0.0,0.0,1.0,1.0,2.0,1.0,1.0,3.0,2.0,1.0,-1.0,-1.0,0.0,0.0,0.0,0.0,0.0,0.0,0.0,33.3,44.4,30.0,70.0
2016-07-20,Seoul,Jeonbuk,2,3,2.49,3.21,2.66,2016,A,,126,0.0,1.0,0.0,0.0,0.0,2.0,-2.0,0.0,1.0,-1.0,0.0,1.0,-1.0,0.0,0.0,0.0,0.0,0.0,0.0,40.0,30.0,27.3,0.0
2016-07-20,Suwon City,Pohang,1,0,3.24,3.14,2.16,2016,H,,125,0.0,0.0,1.0,1.0,1.0,0.0,1.0,2.0,3.0,-1.0,-1.0,-3.0,2.0,0.0,0.0,0.0,0.0,1.0,-1.0,10.0,50.0,30.0,40.0
2016-07-20,Ulsan,Incheon,1,3,1.75,3.33,4.64,2016,A,,122,1.0,0.0,0.0,0.0,3.0,2.0,1.0,2.0,2.0,0.0,1.0,0.0,1.0,0.0,0.0,0.0,0.0,0.0,0.0,50.0,30.0,11.1,44.4
2016-07-17,Incheon,Seoul,1,2,4.16,3.32,1.82,2016,A,,118,1.0,0.0,0.0,1.0,2.0,1.0,1.0,1.0,2.0,-1.0,1.0,-1.0,2.0,0.0,0.0,0.0,0.0,0.0,0.0,30.0,40.0,55.6,33.3
2016-07-17,Pohang,Sangmu,0,2,2.34,3.2,2.86,2016,A,,120,1.0,1.0,0.0,0.0,4.0,3.0,1.0,0.0,2.0,-2.0,4.0,1.0,3.0,1.0,0.0,1.0,0.0,0.0,0.0,44.4,22.2,30.0,70.0
2016-07-17,Suwon Bluewings,Seongnam,1,2,1.99,3.28,3.58,2016,A,,119,1.0,1.0,0.0,0.0,1.0,1.0,0.0,0.0,0.0,0.0,1.0,1.0,0.0,0.0,0.0,0.0,0.0,0.0,0.0,30.0,30.0,50.0,20.0
2016-07-16,Jeju,Jeonbuk,1,2,3.01,3.4,2.15,2016,A,,117,0.0,0.0,0.0,0.0,0.0,2.0,-2.0,0.0,2.0,-2.0,0.0,0.0,0.0,0.0,0.0,0.0,0.0,0.0,0.0,55.6,11.1,20.0,0.0
2016-07-16,Suwon City,Jeonnam,1,2,2.55,3.13,2.66,2016,A,,115,0.0,0.0,0.0,1.0,2.0,1.0,1.0,2.0,2.0,0.0,0.0,-1.0,1.0,0.0,0.0,0.0,0.0,0.0,0.0,11.1,44.4,11.1,44.4
2016-07-16,Ulsan,Gwangju FC,3,2,2.05,3.12,3.5,2016,H,,116,1.0,1.0,0.0,0.0,2.0,2.0,0.0,1.0,0.0,1.0,1.0,2.0,-1.0,0.0,1.0,-1.0,0.0,0.0,0.0,44.4,33.3,37.5,50.0
2016-07-10,Jeonbuk,Pohang,3,0,1.72,3.43,4.65,2016,H,,113,1.0,1.0,0.0,0.0,2.0,1.0,1.0,1.0,0.0,1.0,1.0,1.0,0.0,0.0,0.0,0.0,0.0,0.0,0.0,87.5,0.0,33.3,33.3
2016-07-10,Seongnam,Sangmu,2,3,2.18,3.27,3.07,2016,A,,114,0.0,0.0,1.0,1.0,0.0,0.0,0.0,1.0,1.0,0.0,-1.0,-1.0,0.0,0.0,0.0,0.0,0.0,0.0,0.0,37.5,37.5,22.2,77.8
2016-07-10,Suwon Bluewings,Suwon City,1,0,1.57,3.83,5.26,2016,H,,112,0.0,0.0,1.0,0.0,0.0,0.0,0.0,2.0,0.0,2.0,-2.0,0.0,-2.0,0.0,0.0,0.0,1.0,0.0,1.0,22.2,33.3,11.1,55.6
2016-07-09,Gwangju FC,Incheon,2,2,1.88,3.14,4.2,2016,D,,109,0.0,0.0,1.0,1.0,0.0,0.0,0.0,1.0,1.0,0.0,-1.0,-1.0,0.0,0.0,0.0,0.0,0.0,0.0,0.0,30.0,30.0,12.5,50.0
2016-07-09,Jeonnam,Jeju,2,1,2.7,3.16,2.48,2016,H,,110,0.0,0.0,1.0,1.0,0.0,1.0,-1.0,1.0,2.0,-1.0,-1.0,-1.0,0.0,0.0,0.0,0.0,0.0,0.0,0.0,22.2,55.6,33.3,66.7
2016-07-09,Seoul,Ulsan,0,0,1.82,3.47,3.99,2016,D,,111,0.0,0.0,1.0,1.0,1.0,0.0,1.0,3.0,4.0,-1.0,-2.0,-4.0,2.0,0.0,0.0,0.0,1.0,1.0,0.0,44.4,33.3,55.6,33.3
2016-07-03,Gwangju FC,Pohang,0,1,2.8,2.97,2.51,2016,A,,106,0.0,0.0,0.0,1.0,1.0,1.0,0.0,1.0,3.0,-2.0,0.0,-2.0,2.0,0.0,0.0,0.0,0.0,1.0,-1.0,33.3,22.2,25.0,37.5
2016-07-03,Incheon,Jeju,2,1,2.71,3.13,2.51,2016,H,,107,1.0,0.0,0.0,1.0,1.0,0.0,1.0,0.0,1.0,-1.0,1.0,-1.0,2.0,0.0,0.0,0.0,0.0,0.0,0.0,22.2,44.4,37.5,62.5
2016-07-03,Suwon City,Jeonbuk,2,2,4.81,3.73,1.64,2016,D,,108,0.0,0.0,1.0,0.0,0.0,1.0,-1.0,3.0,1.0,2.0,-3.0,0.0,-3.0,0.0,0.0,0.0,1.0,0.0,1.0,12.5,50.0,22.2,0.0
2016-07-02,Jeonnam,Seongnam,0,1,2.79,3.04,2.48,2016,A,,104,1.0,1.0,0.0,0.0,1.0,3.0,-2.0,0.0,1.0,-1.0,1.0,2.0,-1.0,0.0,1.0,-1.0,0.0,0.0,0.0,25.0,50.0,44.4,22.2
2016-07-02,Sangmu,Seoul,2,1,3.06,3.4,2.13,2016,H,,105,1.0,0.0,0.0,1.0,3.0,1.0,2.0,2.0,2.0,0.0,1.0,-1.0,2.0,0.0,0.0,0.0,0.0,0.0,0.0,62.5,12.5,62.5,25.0
2016-07-02,Ulsan,Suwon Bluewings,2,1,2.2,3.09,3.19,2016,H,,103,1.0,0.0,0.0,0.0,1.0,1.0,0.0,0.0,1.0,-1.0,1.0,0.0,1.0,0.0,0.0,0.0,0.0,0.0,0.0,37.5,37.5,12.5,25.0
2016-06-29,Incheon,Sangmu,1,0,3.05,3.14,2.28,2016,H,,100,0.0,1.0,0.0,0.0,0.0,3.0,-3.0,0.0,0.0,0.0,0.0,3.0,-3.0,0.0,1.0,-1.0,0.0,0.0,0.0,12.5,50.0,25.0,75.0
2016-06-29,Jeju,Suwon City,0,0,1.48,4.24,5.6,2016,D,,102,1.0,0.0,0.0,1.0,3.0,0.0,3.0,1.0,1.0,0.0,2.0,-1.0,3.0,1.0,0.0,1.0,0.0,0.0,0.0,62.5,12.5,12.5,62.5
2016-06-29,Jeonbuk,Jeonnam,2,1,1.52,3.87,5.74,2016,H,,98,1.0,0.0,0.0,1.0,2.0,2.0,0.0,1.0,3.0,-2.0,1.0,-1.0,2.0,0.0,0.0,0.0,0.0,0.0,0.0,85.7,0.0,12.5,37.5
2016-06-29,Pohang,Ulsan,4,0,2.3,3.01,3.13,2016,H,,97,1.0,1.0,0.0,0.0,2.0,1.0,1.0,1.0,0.0,1.0,1.0,1.0,0.0,0.0,0.0,0.0,0.0,0.0,0.0,37.5,25.0,62.5,25.0
2016-06-29,Seoul,Seongnam,1,3,1.51,3.91,5.79,2016,A,,99,0.0,0.0,0.0,0.0,1.0,1.0,0.0,1.0,1.0,0.0,0.0,0.0,0.0,0.0,0.0,0.0,0.0,0.0,0.0,50.0,25.0,37.5,25.0
2016-06-29,Suwon Bluewings,Gwangju FC,0,2,1.83,3.38,4.02,2016,A,,101,1.0,0.0,0.0,1.0,1.0,2.0,-1.0,0.0,3.0,-3.0,1.0,-1.0,2.0,0.0,0.0,0.0,0.0,0.0,0.0,25.0,25.0,28.6,57.1
2016-06-26,Gwangju FC,Jeonbuk,1,1,3.65,3.31,1.95,2016,D,,94,0.0,0.0,0.0,0.0,1.0,0.0,1.0,1.0,0.0,1.0,0.0,0.0,0.0,0.0,0.0,0.0,0.0,0.0,0.0,37.5,25.0,25.0,0.0
2016-06-26,Seongnam,Ulsan,0,1,2.37,3.1,2.93,2016,A,,95,0.0,0.0,0.0,1.0,2.0,1.0,1.0,2.0,3.0,-1.0,0.0,-2.0,2.0,0.0,0.0,0.0,0.0,1.0,-1.0,42.9,28.6,57.1,28.6
2016-06-26,Suwon City,Sangmu,0,3,2.8,3.33,2.32,2016,A,,96,0.0,0.0,1.0,1.0,0.0,0.0,0.0,3.0,1.0,2.0,-3.0,-1.0,-2.0,0.0,0.0,0.0,1.0,0.0,1.0,14.3,42.9,14.3,85.7
2016-06-25,Jeonnam,Incheon,1,0,2.05,3.12,3.55,2016,H,,92,1.0,0.0,0.0,0.0,3.0,2.0,1.0,1.0,2.0,-1.0,2.0,0.0,2.0,1.0,0.0,1.0,0.0,0.0,0.0,14.3,57.1,14.3,42.9
2016-06-25,Pohang,Seoul,2,1,3.41,3.22,2.05,2016,H,,91,1.0,1.0,0.0,0.0,3.0,3.0,0.0,1.0,0.0,1.0,2.0,3.0,-1.0,1.0,1.0,0.0,0.0,0.0,0.0,28.6,28.6,71.4,14.3
2016-06-25,Suwon Bluewings,Jeju,1,0,2.12,3.3,3.2,2016,H,,93,0.0,0.0,0.0,1.0,2.0,0.0,2.0,2.0,4.0,-2.0,0.0,-4.0,4.0,0.0,0.0,0.0,0.0,1.0,-1.0,14.3,28.6,42.9,57.1
2016-06-19,Gwangju FC,Seongnam,1,1,2.57,3.04,2.68,2016,D,,88,0.0,0.0,0.0,1.0,1.0,1.0,0.0,1.0,3.0,-2.0,0.0,-2.0,2.0,0.0,0.0,0.0,0.0,1.0,-1.0,42.9,28.6,42.9,28.6
2016-06-19,Sangmu,Jeonnam,3,2,2.22,3.27,3.01,2016,H,,89,1.0,0.0,0.0,0.0,4.0,1.0,3.0,0.0,1.0,-1.0,4.0,0.0,4.0,1.0,0.0,1.0,0.0,0.0,0.0,57.1,14.3,14.3,28.6
2016-06-19,Ulsan,Suwon City,1,0,1.63,3.69,4.97,2016,H,,90,1.0,0.0,0.0,1.0,1.0,0.0,1.0,0.0,2.0,-2.0,1.0,-2.0,3.0,0.0,0.0,0.0,0.0,1.0,-1.0,28.6,42.9,14.3,57.1
2016-06-18,Incheon,Jeonbuk,0,0,4.71,3.43,1.72,2016,D,,86,1.0,0.0,0.0,0.0,2.0,2.0,0.0,0.0,2.0,-2.0,2.0,0.0,2.0,1.0,0.0,1.0,0.0,0.0,0.0,14.3,57.1,28.6,0.0
2016-06-18,Jeju,Pohang,3,1,2.17,3.21,3.18,2016,H,,87,1.0,0.0,0.0,0.0,3.0,0.0,3.0,2.0,0.0,2.0,1.0,0.0,1.0,0.0,0.0,0.0,0.0,0.0,0.0,57.1,14.3,28.6,28.6
2016-06-18,Seoul,Suwon Bluewings,1,1,1.66,3.69,4.71,2016,D,,85,1.0,0.0,0.0,1.0,3.0,1.0,2.0,2.0,2.0,0.0,1.0,-1.0,2.0,0.0,0.0,0.0,0.0,0.0,0.0,57.1,28.6,14.3,28.6
2016-06-15,Incheon,Suwon City,2,0,2.65,2.92,2.68,2016,H,,81,0.0,0.0,1.0,1.0,0.0,0.0,0.0,1.0,1.0,0.0,-1.0,-1.0,0.0,0.0,0.0,0.0,0.0,0.0,0.0,0.0,66.7,16.7,50.0
2016-06-15,Jeonbuk,Suwon Bluewings,2,1,1.63,3.82,4.87,2016,H,,83,1.0,0.0,0.0,0.0,3.0,2.0,1.0,2.0,2.0,0.0,1.0,0.0,1.0,0.0,0.0,0.0,0.0,0.0,0.0,83.3,0.0,16.7,16.7
2016-06-15,Jeonnam,Ulsan,3,1,2.82,3.1,2.42,2016,H,,79,0.0,1.0,0.0,0.0,0.0,2.0,-2.0,0.0,1.0,-1.0,0.0,1.0,-1.0,0.0,0.0,0.0,0.0,0.0,0.0,0.0,66.7,66.7,16.7
2016-06-15,Pohang,Seongnam,3,1,2.43,3.06,2.86,2016,H,,84,0.0,1.0,0.0,0.0,2.0,3.0,-1.0,2.0,2.0,0.0,0.0,1.0,-1.0,0.0,0.0,0.0,0.0,0.0,0.0,16.7,33.3,50.0,16.7
2016-06-15,Sangmu,Jeju,4,0,2.68,3.45,2.35,2016,H,,80,0.0,1.0,1.0,0.0,2.0,4.0,-2.0,3.0,3.0,0.0,-1.0,1.0,-2.0,0.0,0.0,0.0,0.0,0.0,0.0,50.0,16.7,50.0,50.0
2016-06-15,Seoul,Gwangju FC,3,2,1.48,4.02,6.29,2016,H,,82,0.0,0.0,1.0,1.0,3.0,2.0,1.0,4.0,3.0,1.0,-1.0,-1.0,0.0,0.0,0.0,0.0,0.0,0.0,0.0,50.0,33.3,33.3,50.0
2016-06-12,Jeonnam,Pohang,0,0,2.58,3.02,2.72,2016,D,,78,0.0,0.0,1.0,0.0,1.0,0.0,1.0,2.0,0.0,2.0,-1.0,0.0,-1.0,0.0,0.0,0.0,0.0,0.0,0.0,0.0,80.0,33.3,33.3
2016-06-12,Seongnam,Jeonbuk,2,2,3.12,3.09,2.25,2016,D,,76,0.0,0.0,1.0,0.0,0.0,1.0,-1.0,1.0,1.0,0.0,-1.0,0.0,-1.0,0.0,0.0,0.0,0.0,0.0,0.0,50.0,33.3,33.3,0.0
2016-06-12,Suwon City,Seoul,0,3,5.72,3.83,1.53,2016,A,,77,0.0,1.0,1.0,0.0,1.0,3.0,-2.0,2.0,2.0,0.0,-1.0,1.0,-2.0,0.0,0.0,0.0,0.0,0.0,0.0,16.7,33.3,66.7,16.7
2016-06-11,Jeju,Gwangju FC,3,2,1.84,3.39,3.99,2016,H,,74,0.0,1.0,1.0,0.0,1.0,1.0,0.0,2.0,0.0,2.0,-1.0,1.0,-2.0,0.0,0.0,0.0,0.0,0.0,0.0,50.0,16.7,40.0,40.0
2016-06-11,Suwon Bluewings,Incheon,2,2,1.6,3.6,5.48,2016,D,,75,0.0,1.0,1.0,0.0,2.0,1.0,1.0,4.0,0.0,4.0,-2.0,1.0,-3.0,0.0,0.0,0.0,1.0,0.0,1.0,16.7,33.3,16.7,50.0
2016-06-11,Ulsan,Sangmu,1,0,1.76,3.51,4.24,2016,H,,73,0.0,0.0,0.0,1.0,0.0,2.0,-2.0,0.0,3.0,-3.0,0.0,-1.0,1.0,0.0,0.0,0.0,0.0,0.0,0.0,16.7,50.0,16.7,83.3
2016-06-06,Seoul,Jeju,3,4,1.57,3.85,5.33,2016,A,,72,0.0,1.0,0.0,0.0,1.0,5.0,-4.0,1.0,2.0,-1.0,0.0,3.0,-3.0,0.0,1.0,-1.0,0.0,0.0,0.0,60.0,20.0,40.0,60.0
2016-06-04,Gwangju FC,Jeonbuk,1,1,3.48,3.3,2.01,2016,D,,71,1.0,1.0,0.0,0.0,1.0,2.0,-1.0,0.0,1.0,-1.0,1.0,1.0,0.0,0.0,0.0,0.0,0.0,0.0,0.0,50.0,33.3,40.0,0.0
2016-05-29,Jeonbuk,Sangmu,3,2,1.58,3.91,5.05,2016,H,,69,1.0,0.0,0.0,1.0,3.0,0.0,3.0,1.0,1.0,0.0,2.0,-1.0,3.0,1.0,0.0,1.0,0.0,0.0,0.0,80.0,0.0,20.0,80.0
2016-05-29,Pohang,Suwon Bluewings,2,2,2.96,3.02,2.38,2016,D,,70,0.0,1.0,1.0,0.0,0.0,2.0,-2.0,1.0,1.0,0.0,-1.0,1.0,-2.0,0.0,0.0,0.0,0.0,0.0,0.0,20.0,40.0,20.0,20.0
2016-05-29,Seoul,Jeonnam,1,1,1.57,3.72,5.4,2016,D,,68,0.0,0.0,1.0,1.0,1.0,0.0,1.0,3.0,3.0,0.0,-2.0,-3.0,1.0,0.0,0.0,0.0,1.0,1.0,0.0,75.0,25.0,16.7,33.3
2016-05-28,Gwangju FC,Suwon City,1,0,2.17,3.15,3.18,2016,H,,66,1.0,1.0,0.0,0.0,1.0,1.0,0.0,0.0,0.0,0.0,1.0,1.0,0.0,0.0,0.0,0.0,0.0,0.0,0.0,40.0,40.0,20.0,40.0
2016-05-28,Jeju,Ulsan,1,2,2.14,3.19,3.27,2016,A,,67,1.0,1.0,0.0,0.0,3.0,4.0,-1.0,0.0,2.0,-2.0,3.0,2.0,1.0,1.0,1.0,0.0,0.0,0.0,0.0,60.0,0.0,60.0,20.0
2016-05-28,Seongnam,Incheon,0,1,1.69,3.43,4.89,2016,A,,65,0.0,0.0,1.0,1.0,2.0,2.0,0.0,3.0,4.0,-1.0,-1.0,-2.0,1.0,0.0,0.0,0.0,0.0,1.0,-1.0,60.0,20.0,0.0,60.0
2016-05-22,Incheon,Gwangju FC,0,1,2.87,2.9,2.53,2016,A,,63,0.0,0.0,0.0,1.0,0.0,0.0,0.0,0.0,2.0,-2.0,0.0,-2.0,2.0,0.0,0.0,0.0,0.0,1.0,-1.0,0.0,60.0,25.0,50.0
2016-05-22,Pohang,Suwon City,0,1,1.74,3.51,4.43,2016,A,,64,1.0,0.0,0.0,1.0,1.0,1.0,0.0,0.0,3.0,-3.0,1.0,-2.0,3.0,0.0,0.0,0.0,0.0,1.0,-1.0,25.0,25.0,0.0,50.0
2016-05-21,Jeonnam,Jeonbuk,1,2,3.15,3.2,2.18,2016,A,,61,0.0,1.0,1.0,0.0,3.0,3.0,0.0,4.0,2.0,2.0,-1.0,1.0,-2.0,0.0,0.0,0.0,0.0,0.0,0.0,0.0,75.0,25.0,0.0
2016-05-21,Sangmu,Seongnam,2,3,2.63,3.08,2.6,2016,A,,62,1.0,1.0,0.0,0.0,4.0,3.0,1.0,2.0,0.0,2.0,2.0,3.0,-1.0,1.0,1.0,0.0,0.0,0.0,0.0,60.0,0.0,40.0,20.0
2016-05-21,Suwon Bluewings,Ulsan,2,4,1.86,3.2,4.24,2016,A,,60,0.0,1.0,1.0,0.0,2.0,1.0,1.0,3.0,0.0,3.0,-1.0,1.0,-2.0,0.0,0.0,0.0,0.0,0.0,0.0,20.0,20.0,50.0,25.0
2016-05-15,Jeju,Jeonnam,3,0,1.92,3.39,3.73,2016,H,,59,0.0,0.0,0.0,0.0,2.0,0.0,2.0,2.0,0.0,2.0,0.0,0.0,0.0,0.0,0.0,0.0,0.0,0.0,0.0,50.0,0.0,20.0,20.0
2016-05-15,Sangmu,Incheon,4,2,1.88,3.23,4.01,2016,H,,58,0.0,0.0,0.0,0.0,2.0,0.0,2.0,2.0,0.0,2.0,0.0,0.0,0.0,0.0,0.0,0.0,0.0,0.0,0.0,50.0,0.0,0.0,50.0
2016-05-14,Seongnam,Seoul,2,3,3.4,3.09,2.15,2016,A,,57,1.0,0.0,0.0,0.0,2.0,1.0,1.0,0.0,1.0,-1.0,2.0,0.0,2.0,1.0,0.0,1.0,0.0,0.0,0.0,75.0,0.0,60.0,20.0
2016-05-14,Suwon City,Suwon Bluewings,1,2,3.52,3.38,1.97,2016,A,,55,0.0,0.0,1.0,0.0,2.0,1.0,1.0,5.0,1.0,4.0,-3.0,0.0,-3.0,0.0,0.0,0.0,1.0,0.0,1.0,20.0,20.0,0.0,25.0
2016-05-14,Ulsan,Pohang,0,0,2.44,2.99,2.9,2016,D,,56,0.0,1.0,1.0,0.0,0.0,3.0,-3.0,3.0,1.0,2.0,-3.0,2.0,-5.0,0.0,1.0,-1.0,1.0,0.0,1.0,20.0,60.0,40.0,40.0
2016-05-08,Seoul,Pohang,1,3,1.63,3.45,5.44,2016,A,,54,1.0,0.0,0.0,1.0,3.0,0.0,3.0,0.0,2.0,-2.0,3.0,-2.0,5.0,1.0,0.0,1.0,0.0,1.0,-1.0,100.0,0.0,25.0,50.0
2016-05-08,Suwon Bluewings,Jeonbuk,2,3,2.74,3.1,2.47,2016,A,,53,0.0,0.0,0.0,0.0,1.0,2.0,-1.0,1.0,2.0,-1.0,0.0,0.0,0.0,0.0,0.0,0.0,0.0,0.0,0.0,25.0,0.0,0.0,0.0
2016-05-07,Suwon City,Jeju,2,5,2.85,3.15,2.36,2016,A,,52,0.0,0.0,0.0,1.0,0.0,0.0,0.0,0.0,1.0,-1.0,0.0,-1.0,1.0,0.0,0.0,0.0,0.0,0.0,0.0,25.0,0.0,25.0,75.0
2016-05-05,Gwangju FC,Sangmu,1,0,2.62,3.15,2.57,2016,H,,50,0.0,1.0,0.0,0.0,1.0,4.0,-3.0,1.0,3.0,-2.0,0.0,1.0,-1.0,0.0,0.0,0.0,0.0,0.0,0.0,25.0,50.0,25.0,75.0
2016-05-05,Incheon,Jeonnam,0,0,2.88,2.95,2.49,2016,D,,51,0.0,1.0,1.0,0.0,0.0,1.0,-1.0,1.0,0.0,1.0,-1.0,1.0,-2.0,0.0,0.0,0.0,0.0,0.0,0.0,0.0,75.0,25.0,25.0
2016-05-05,Ulsan,Seongnam,0,3,2.41,2.97,2.95,2016,A,,49,0.0,0.0,1.0,0.0,1.0,2.0,-1.0,2.0,2.0,0.0,-1.0,0.0,-1.0,0.0,0.0,0.0,0.0,0.0,0.0,25.0,50.0,25.0,25.0
2016-05-01,Incheon,Ulsan,0,1,3.61,3.03,2.08,2016,A,,47,0.0,0.0,0.0,0.0,1.0,1.0,0.0,1.0,1.0,0.0,0.0,0.0,0.0,0.0,0.0,0.0,0.0,0.0,0.0,0.0,66.7,33.3,33.3
2016-05-01,Jeonnam,Sangmu,3,4,2.18,3.17,3.18,2016,A,,46,0.0,0.0,1.0,1.0,1.0,2.0,-1.0,2.0,4.0,-2.0,-1.0,-2.0,1.0,0.0,0.0,0.0,0.0,1.0,-1.0,0.0,66.7,0.0,100.0
2016-05-01,Seongnam,Gwangju FC,2,0,1.99,3.16,3.73,2016,H,,48,0.0,1.0,0.0,0.0,0.0,2.0,-2.0,0.0,1.0,-1.0,0.0,1.0,-1.0,0.0,0.0,0.0,0.0,0.0,0.0,66.7,0.0,33.3,33.3
2016-04-30,Jeonbuk,Suwon City,3,1,1.52,4.0,5.54,2016,H,,44,1.0,0.0,0.0,1.0,3.0,0.0,3.0,2.0,3.0,-1.0,1.0,-3.0,4.0,0.0,0.0,0.0,0.0,1.0,-1.0,75.0,0.0,0.0,33.3
2016-04-30,Pohang,Jeju,1,0,2.48,3.05,2.81,2016,H,,45,0.0,1.0,1.0,0.0,0.0,1.0,-1.0,1.0,0.0,1.0,-1.0,1.0,-2.0,0.0,0.0,0.0,0.0,0.0,0.0,0.0,33.3,33.3,66.7
2016-04-30,Suwon Bluewings,Seoul,1,1,3.21,3.16,2.18,2016,D,,43,0.0,1.0,0.0,0.0,1.0,2.0,-1.0,1.0,1.0,0.0,0.0,1.0,-1.0,0.0,0.0,0.0,0.0,0.0,0.0,33.3,0.0,75.0,25.0
2016-04-24,Gwangju FC,Suwon Bluewings,1,1,3.7,3.21,1.97,2016,D,,42,0.0,0.0,1.0,0.0,1.0,1.0,0.0,2.0,1.0,1.0,-1.0,0.0,-1.0,0.0,0.0,0.0,0.0,0.0,0.0,33.3,66.7,0.0,33.3
2016-04-24,Pohang,Jeonnam,0,1,1.82,3.28,4.28,2016,A,,40,0.0,0.0,0.0,0.0,1.0,0.0,1.0,1.0,0.0,1.0,0.0,0.0,0.0,0.0,0.0,0.0,0.0,0.0,0.0,0.0,0.0,0.0,33.3
2016-04-24,Sangmu,Jeonbuk,2,2,3.71,3.34,1.92,2016,D,,41,1.0,0.0,0.0,0.0,2.0,1.0,1.0,0.0,1.0,-1.0,2.0,0.0,2.0,1.0,0.0,1.0,0.0,0.0,0.0,66.7,0.0,0.0,0.0
2016-04-24,Ulsan,Seoul,1,2,3.12,3.07,2.26,2016,A,,39,0.0,1.0,1.0,0.0,0.0,2.0,-2.0,1.0,1.0,0.0,-1.0,1.0,-2.0,0.0,0.0,0.0,0.0,0.0,0.0,33.3,33.3,66.7,33.3
2016-04-23,Jeju,Seongnam,2,2,2.27,3.14,3.04,2016,D,,37,1.0,0.0,0.0,1.0,4.0,2.0,2.0,2.0,3.0,-1.0,2.0,-1.0,3.0,1.0,0.0,1.0,0.0,0.0,0.0,66.7,0.0,33.3,33.3
2016-04-23,Suwon City,Incheon,0,0,2.1,3.15,3.4,2016,D,,38,0.0,0.0,0.0,0.0,1.0,1.0,0.0,1.0,1.0,0.0,0.0,0.0,0.0,0.0,0.0,0.0,0.0,0.0,0.0,33.3,0.0,0.0,66.7
2016-04-17,Jeonnam,Gwangju FC,1,2,2.4,3.02,2.92,2016,A,,36,0.0,0.0,1.0,1.0,1.0,1.0,0.0,2.0,2.0,0.0,-1.0,-1.0,0.0,0.0,0.0,0.0,0.0,0.0,0.0,0.0,50.0,0.0,50.0
2016-04-17,Ulsan,Jeju,0,1,2.1,3.17,3.35,2016,A,,35,1.0,0.0,0.0,1.0,2.0,1.0,1.0,1.0,2.0,-1.0,1.0,-1.0,2.0,0.0,0.0,0.0,0.0,0.0,0.0,50.0,0.0,0.0,100.0
2016-04-16,Incheon,Suwon Bluewings,1,1,3.61,3.14,2.03,2016,D,,33,0.0,0.0,1.0,0.0,2.0,2.0,0.0,3.0,2.0,1.0,-1.0,0.0,-1.0,0.0,0.0,0.0,0.0,0.0,0.0,0.0,100.0,0.0,50.0
2016-04-16,Jeonbuk,Seongnam,3,2,1.86,3.27,4.03,2016,H,,32,0.0,1.0,0.0,0.0,1.0,3.0,-2.0,1.0,2.0,-1.0,0.0,1.0,-1.0,0.0,0.0,0.0,0.0,0.0,0.0,66.7,0.0,50.0,0.0
2016-04-16,Sangmu,Pohang,2,0,3.03,3.14,2.28,2016,H,,31,0.0,0.0,0.0,0.0,1.0,1.0,0.0,1.0,1.0,0.0,0.0,0.0,0.0,0.0,0.0,0.0,0.0,0.0,0.0,50.0,0.0,33.3,33.3
2016-04-16,Seoul,Suwon City,3,0,1.48,3.98,6.32,2016,H,,34,1.0,0.0,0.0,0.0,3.0,1.0,2.0,1.0,1.0,0.0,2.0,0.0,2.0,1.0,0.0,1.0,0.0,0.0,0.0,100.0,0.0,0.0,0.0
2016-04-13,Gwangju FC,Seoul,1,2,4.19,3.22,1.85,2016,A,,26,0.0,1.0,1.0,0.0,0.0,2.0,-2.0,2.0,1.0,1.0,-2.0,1.0,-3.0,0.0,0.0,0.0,1.0,0.0,1.0,50.0,50.0,50.0,50.0
2016-04-13,Jeju,Sangmu,4,2,1.97,3.36,3.45,2016,H,,25,0.0,0.0,0.0,1.0,2.0,1.0,1.0,2.0,2.0,0.0,0.0,-1.0,1.0,0.0,0.0,0.0,0.0,0.0,0.0,50.0,0.0,0.0,100.0
2016-04-13,Jeonbuk,Incheon,1,1,1.41,4.18,7.53,2016,D,,29,1.0,0.0,0.0,1.0,2.0,1.0,1.0,1.0,3.0,-2.0,1.0,-2.0,3.0,0.0,0.0,0.0,0.0,1.0,-1.0,100.0,0.0,0.0,100.0
2016-04-13,Seongnam,Jeonnam,0,0,1.96,3.19,3.78,2016,D,,30,1.0,0.0,0.0,1.0,1.0,1.0,0.0,0.0,2.0,-2.0,1.0,-1.0,2.0,0.0,0.0,0.0,0.0,0.0,0.0,100.0,0.0,0.0,50.0
2016-04-13,Suwon Bluewings,Pohang,1,1,2.46,3.0,2.88,2016,D,,28,1.0,0.0,0.0,1.0,2.0,0.0,2.0,1.0,1.0,0.0,1.0,-1.0,2.0,0.0,0.0,0.0,0.0,0.0,0.0,50.0,0.0,50.0,50.0
2016-04-13,Suwon City,Ulsan,1,1,3.06,3.07,2.28,2016,D,,27,1.0,1.0,0.0,0.0,2.0,2.0,0.0,1.0,0.0,1.0,1.0,2.0,-1.0,0.0,1.0,-1.0,0.0,0.0,0.0,50.0,0.0,50.0,50.0
2016-04-10,Jeju,Suwon Bluewings,2,2,2.71,3.02,2.57,2016,D,,23,1.0,0.0,0.0,1.0,3.0,0.0,3.0,1.0,2.0,-1.0,2.0,-2.0,4.0,1.0,0.0,1.0,0.0,1.0,-1.0,100.0,0.0,0.0,100.0
2016-04-10,Jeonnam,Seoul,1,2,4.55,3.24,1.8,2016,A,,24,0.0,0.0,0.0,1.0,0.0,0.0,0.0,0.0,1.0,-1.0,0.0,-1.0,1.0,0.0,0.0,0.0,0.0,0.0,0.0,0.0,0.0,0.0,100.0
2016-04-10,Pohang,Jeonbuk,1,1,2.58,2.97,2.74,2016,D,,22,0.0,0.0,0.0,0.0,3.0,0.0,3.0,3.0,0.0,3.0,0.0,0.0,0.0,0.0,0.0,0.0,0.0,0.0,0.0,0.0,0.0,0.0,0.0
2016-04-09,Gwangju FC,Ulsan,0,2,3.12,2.96,2.3,2016,A,,21,1.0,0.0,0.0,1.0,1.0,0.0,1.0,0.0,2.0,-2.0,1.0,-2.0,3.0,0.0,0.0,0.0,0.0,1.0,-1.0,100.0,0.0,0.0,100.0
2016-04-09,Incheon,Seongnam,2,3,3.12,2.98,2.32,2016,A,,19,0.0,0.0,1.0,0.0,0.0,1.0,-1.0,2.0,1.0,1.0,-2.0,0.0,-2.0,0.0,0.0,0.0,1.0,0.0,1.0,0.0,100.0,0.0,0.0
2016-04-09,Sangmu,Suwon City,1,1,2.49,3.14,2.69,2016,D,,20,1.0,0.0,0.0,0.0,2.0,0.0,2.0,0.0,0.0,0.0,2.0,0.0,2.0,1.0,0.0,1.0,0.0,0.0,0.0,100.0,0.0,0.0,0.0
2016-04-03,Suwon City,Gwangju FC,2,1,2.51,2.98,2.84,2016,H,,18,0.0,0.0,0.0,0.0,1.0,3.0,-2.0,1.0,3.0,-2.0,0.0,0.0,0.0,0.0,0.0,0.0,0.0,0.0,0.0,0.0,0.0,0.0,0.0
2016-04-03,Ulsan,Jeonnam,2,1,1.9,3.2,4.0,2016,H,,17,0.0,0.0,0.0,0.0,0.0,2.0,-2.0,0.0,2.0,-2.0,0.0,0.0,0.0,0.0,0.0,0.0,0.0,0.0,0.0,0.0,0.0,0.0,0.0
2016-04-02,Jeonbuk,Jeju,2,1,1.59,3.58,5.6,2016,H,,15,1.0,0.0,0.0,1.0,1.0,0.0,1.0,0.0,1.0,-1.0,1.0,-1.0,2.0,0.0,0.0,0.0,0.0,0.0,0.0,100.0,0.0,0.0,100.0
2016-04-02,Seongnam,Pohang,1,0,2.65,2.92,2.72,2016,H,,14,1.0,1.0,0.0,0.0,2.0,2.0,0.0,0.0,0.0,0.0,2.0,2.0,0.0,1.0,1.0,0.0,0.0,0.0,0.0,100.0,0.0,100.0,0.0
2016-04-02,Seoul,Incheon,3,1,1.47,3.84,6.89,2016,H,,16,1.0,0.0,0.0,1.0,4.0,1.0,3.0,0.0,3.0,-3.0,4.0,-2.0,6.0,1.0,0.0,1.0,0.0,1.0,-1.0,100.0,0.0,0.0,100.0
2016-04-02,Suwon Bluewings,Sangmu,2,1,1.72,3.4,4.77,2016,H,,13,0.0,0.0,0.0,1.0,2.0,0.0,2.0,2.0,4.0,-2.0,0.0,-4.0,4.0,0.0,0.0,0.0,0.0,1.0,-1.0,0.0,0.0,0.0,100.0
2016-03-20,Incheon,Pohang,0,2,3.54,2.93,2.15,2016,A,,10,,,,,,,,,,,,,,,,,,,,,,,
2016-03-20,Seoul,Sangmu,4,0,1.56,3.67,6.01,2016,H,,11,,,,,,,,,,,,,,,,,,,,,,,
2016-03-20,Suwon Bluewings,Jeonnam,2,2,1.76,3.35,4.59,2016,D,,9,,,,,,,,,,,,,,,,,,,,,,,
2016-03-20,Ulsan,Jeonbuk,0,0,3.35,3.06,2.18,2016,D,,12,,,,,,,,,,,,,,,,,,,,,,,
2016-03-19,Gwangju FC,Jeju,1,0,2.78,2.99,2.55,2016,H,,7,,,,,,,,,,,,,,,,,,,,,,,
2016-03-19,Suwon City,Seongnam,1,1,2.9,2.99,2.43,2016,D,,8,,,,,,,,,,,,,,,,,,,,,,,
2016-03-13,Jeju,Incheon,3,1,2.07,3.06,3.57,2016,H,,6,,,,,,,,,,,,,,,,,,,,,,,
2016-03-13,Jeonnam,Suwon City,0,0,2.01,3.23,3.59,2016,D,,5,,,,,,,,,,,,,,,,,,,,,,,
2016-03-13,Sangmu,Ulsan,2,0,3.22,3.13,2.18,2016,H,,4,,,,,,,,,,,,,,,,,,,,,,,
2016-03-12,Jeonbuk,Seoul,1,0,2.24,3.14,3.07,2016,H,,2,,,,,,,,,,,,,,,,,,,,,,,
2016-03-12,Pohang,Gwangju FC,3,3,1.71,3.3,4.95,2016,D,,3,,,,,,,,,,,,,,,,,,,,,,,
2016-03-12,Seongnam,Suwon Bluewings,2,0,2.81,3.02,2.49,2016,H,,1,,,,,,,,,,,,,,,,,,,,,,,
2015-12-05,Busan,Suwon City,0,2,2.41,3.09,2.74,2015,A,,232,0.0,1.0,0.0,0.0,1.0,2.0,-1.0,1.0,1.0,0.0,0.0,1.0,-1.0,0.0,0.0,0.0,0.0,0.0,0.0,15.8,57.9,100.0,0.0
2015-12-02,Suwon City,Busan,1,0,2.23,3.15,3.01,2015,H,,231,0.0,0.0,0.0,1.0,3.0,1.0,2.0,3.0,2.0,1.0,0.0,-1.0,1.0,0.0,0.0,0.0,0.0,0.0,0.0,0.0,0.0,10.5,57.9
2015-11-29,Pohang,Seoul,2,1,2.15,3.1,3.26,2015,H,,230,0.0,0.0,0.0,0.0,0.0,1.0,-1.0,0.0,1.0,-1.0,0.0,0.0,0.0,0.0,0.0,0.0,0.0,0.0,0.0,44.4,27.8,44.4,33.3
2015-11-29,Seongnam,Jeju,2,1,1.94,3.23,3.79,2015,H,,228,0.0,0.0,0.0,1.0,0.0,1.0,-1.0,0.0,2.0,-2.0,0.0,-1.0,1.0,0.0,0.0,0.0,0.0,0.0,0.0,38.9,22.2,31.6,47.4
2015-11-29,Suwon Bluewings,Jeonbuk,2,1,2.33,3.14,2.91,2015,H,,229,1.0,1.0,0.0,0.0,2.0,1.0,1.0,1.0,0.0,1.0,1.0,1.0,0.0,0.0,0.0,0.0,0.0,0.0,0.0,55.6,33.3,50.0,27.8
2015-11-28,Daegu,Suwon City,1,2,2.28,3.42,2.69,2015,A,,226,,,,,,,,,,,,,,,,,,,,,,,
2015-11-28,Gwangju FC,Daejeon,2,1,1.82,3.31,4.13,2015,H,,224,0.0,0.0,1.0,1.0,0.0,1.0,-1.0,1.0,2.0,-1.0,-1.0,-1.0,0.0,0.0,0.0,0.0,0.0,0.0,0.0,16.7,50.0,11.1,77.8
2015-11-28,Incheon,Jeonnam,0,1,2.42,2.98,2.89,2015,A,,225,0.0,0.0,0.0,0.0,0.0,1.0,-1.0,0.0,1.0,-1.0,0.0,0.0,0.0,0.0,0.0,0.0,0.0,0.0,0.0,36.8,21.1,16.7,50.0
2015-11-28,Ulsan,Busan,2,1,1.67,3.45,4.9,2015,H,,227,1.0,0.0,0.0,0.0,2.0,0.0,2.0,1.0,0.0,1.0,1.0,0.0,1.0,0.0,0.0,0.0,0.0,0.0,0.0,38.9,22.2,11.1,55.6
2015-11-25,Suwon City,Seoul E.,3,3,1.99,3.48,3.25,2015,D,,223,,,,,,,,,,,,,,,,,,,,,,,
2015-11-22,Busan,Jeonnam,1,1,2.49,3.05,2.75,2015,D,,220,0.0,0.0,1.0,1.0,0.0,0.0,0.0,1.0,1.0,0.0,-1.0,-1.0,0.0,0.0,0.0,0.0,0.0,0.0,0.0,16.7,61.1,17.6,52.9
2015-11-22,Gwangju FC,Ulsan,0,1,2.98,3.07,2.32,2015,A,,222,0.0,1.0,0.0,0.0,0.0,5.0,-5.0,0.0,2.0,-2.0,0.0,3.0,-3.0,0.0,1.0,-1.0,0.0,0.0,0.0,17.6,47.1,22.2,38.9
2015-11-22,Suwon Bluewings,Pohang,2,1,2.37,3.01,2.95,2015,H,,221,0.0,1.0,1.0,0.0,0.0,1.0,-1.0,1.0,0.0,1.0,-1.0,1.0,-2.0,0.0,0.0,0.0,0.0,0.0,0.0,52.9,35.3,50.0,11.1
2015-11-21,Daejeon,Incheon,0,2,2.96,3.02,2.37,2015,A,,217,1.0,0.0,0.0,0.0,2.0,0.0,2.0,1.0,0.0,1.0,1.0,0.0,1.0,0.0,0.0,0.0,0.0,0.0,0.0,11.1,61.1,29.4,47.1
2015-11-21,Jeju,Seoul,1,1,3.2,3.21,2.12,2015,D,,219,0.0,1.0,1.0,0.0,0.0,2.0,-2.0,1.0,1.0,0.0,-1.0,1.0,-2.0,0.0,0.0,0.0,0.0,0.0,0.0,47.1,35.3,47.1,35.3
2015-11-21,Jeonbuk,Seongnam,1,1,1.87,3.3,3.93,2015,D,,218,0.0,0.0,1.0,0.0,0.0,0.0,0.0,1.0,0.0,1.0,-1.0,0.0,-1.0,0.0,0.0,0.0,0.0,0.0,0.0,72.2,16.7,38.9,22.2
2015-11-08,Incheon,Busan,0,0,2.65,2.98,2.62,2015,D,,215,0.0,0.0,0.0,1.0,2.0,1.0,1.0,2.0,2.0,0.0,0.0,-1.0,1.0,0.0,0.0,0.0,0.0,0.0,0.0,38.9,22.2,11.8,58.8
2015-11-08,Jeju,Jeonbuk,0,1,3.19,3.21,2.13,2015,A,,216,1.0,0.0,0.0,0.0,3.0,0.0,3.0,2.0,0.0,2.0,1.0,0.0,1.0,0.0,0.0,0.0,0.0,0.0,0.0,50.0,31.2,47.1,29.4
2015-11-08,Pohang,Seongnam,0,0,1.84,3.21,4.22,2015,D,,214,1.0,1.0,0.0,0.0,2.0,1.0,1.0,1.0,0.0,1.0,1.0,1.0,0.0,0.0,0.0,0.0,0.0,0.0,0.0,47.1,29.4,41.2,23.5
2015-11-07,Jeonnam,Gwangju FC,2,1,2.15,3.11,3.26,2015,H,,213,0.0,1.0,1.0,0.0,2.0,1.0,1.0,5.0,0.0,5.0,-3.0,1.0,-4.0,0.0,0.0,0.0,1.0,0.0,1.0,38.9,22.2,33.3,33.3
2015-11-07,Seoul,Suwon Bluewings,4,3,2.54,2.98,2.76,2015,H,,211,0.0,0.0,0.0,0.0,0.0,0.0,0.0,0.0,0.0,0.0,0.0,0.0,0.0,0.0,0.0,0.0,0.0,0.0,0.0,44.4,16.7,44.4,11.1
2015-11-07,Ulsan,Daejeon,2,1,1.56,3.83,5.4,2015,H,,212,1.0,0.0,0.0,1.0,3.0,1.0,2.0,2.0,3.0,-1.0,1.0,-2.0,3.0,0.0,0.0,0.0,0.0,1.0,-1.0,35.3,23.5,11.8,76.5
2015-10-25,Gwangju FC,Incheon,0,0,2.31,2.92,3.18,2015,D,,208,0.0,0.0,1.0,1.0,2.0,0.0,2.0,4.0,1.0,3.0,-2.0,-1.0,-1.0,0.0,0.0,0.0,1.0,0.0,1.0,18.8,50.0,31.2,50.0
2015-10-25,Jeonnam,Ulsan,2,5,2.72,3.05,2.54,2015,A,,209,0.0,0.0,1.0,0.0,0.0,2.0,-2.0,2.0,2.0,0.0,-2.0,0.0,-2.0,0.0,0.0,0.0,1.0,0.0,1.0,41.2,17.6,17.6,41.2
2015-10-25,Seoul,Jeonbuk,0,0,2.59,3.1,2.64,2015,D,,210,1.0,0.0,0.0,1.0,3.0,2.0,1.0,2.0,3.0,-1.0,1.0,-1.0,2.0,0.0,0.0,0.0,0.0,0.0,0.0,47.1,17.6,50.0,31.2
2015-10-24,Daejeon,Busan,2,1,2.96,3.06,2.36,2015,H,,207,1.0,0.0,0.0,1.0,1.0,0.0,1.0,0.0,2.0,-2.0,1.0,-2.0,3.0,0.0,0.0,0.0,0.0,1.0,-1.0,5.9,64.7,12.5,56.2
2015-10-24,Pohang,Jeju,2,1,1.69,3.5,4.69,2015,H,,205,1.0,1.0,0.0,0.0,2.0,1.0,1.0,0.0,0.0,0.0,2.0,1.0,1.0,1.0,0.0,1.0,0.0,0.0,0.0,43.8,31.2,33.3,44.4
2015-10-24,Seongnam,Suwon Bluewings,0,0,2.82,2.95,2.51,2015,D,,206,0.0,1.0,1.0,0.0,1.0,4.0,-3.0,2.0,2.0,0.0,-1.0,2.0,-3.0,0.0,1.0,-1.0,0.0,0.0,0.0,41.2,23.5,47.1,11.8
2015-10-18,Daejeon,Jeonnam,1,0,3.58,3.34,1.95,2015,H,,204,0.0,0.0,0.0,1.0,0.0,2.0,-2.0,0.0,3.0,-3.0,0.0,-1.0,1.0,0.0,0.0,0.0,0.0,0.0,0.0,0.0,68.8,18.8,50.0
2015-10-18,Seongnam,Seoul,1,2,2.7,2.94,2.62,2015,A,,202,1.0,1.0,0.0,0.0,1.0,3.0,-2.0,0.0,0.0,0.0,1.0,3.0,-2.0,0.0,1.0,-1.0,0.0,0.0,0.0,43.8,18.8,43.8,37.5
2015-10-18,Suwon Bluewings,Jeju,0,1,1.92,3.34,3.68,2015,A,,203,0.0,1.0,1.0,0.0,0.0,2.0,-2.0,3.0,0.0,3.0,-3.0,2.0,-5.0,0.0,1.0,-1.0,1.0,0.0,1.0,56.2,31.2,29.4,47.1
2015-10-17,Busan,Gwangju FC,0,1,2.43,3.01,2.87,2015,A,,199,0.0,0.0,1.0,1.0,0.0,1.0,-1.0,2.0,3.0,-1.0,-2.0,-2.0,0.0,0.0,0.0,0.0,1.0,1.0,0.0,17.6,58.8,29.4,35.3
2015-10-17,Incheon,Ulsan,2,2,2.92,2.93,2.43,2015,D,,201,0.0,0.0,1.0,0.0,1.0,0.0,1.0,2.0,0.0,2.0,-1.0,0.0,-1.0,0.0,0.0,0.0,0.0,0.0,0.0,41.2,23.5,18.8,43.8
2015-10-17,Jeonbuk,Pohang,0,1,2.33,3.08,2.95,2015,A,,200,1.0,1.0,0.0,0.0,3.0,1.0,2.0,1.0,0.0,1.0,2.0,1.0,1.0,1.0,0.0,1.0,0.0,0.0,0.0,76.5,11.8,47.1,11.8
2015-10-04,Daejeon,Ulsan,0,0,5.3,3.7,1.58,2015,D,,195,0.0,1.0,1.0,0.0,0.0,2.0,-2.0,1.0,1.0,0.0,-1.0,1.0,-2.0,0.0,0.0,0.0,0.0,0.0,0.0,0.0,73.3,20.0,46.7
2015-10-04,Gwangju FC,Suwon Bluewings,2,4,3.43,3.12,2.09,2015,A,,196,0.0,1.0,1.0,0.0,1.0,2.0,-1.0,2.0,0.0,2.0,-1.0,2.0,-3.0,0.0,1.0,-1.0,0.0,0.0,0.0,20.0,46.7,43.8,12.5
2015-10-04,Jeju,Jeonbuk,3,2,3.1,3.23,2.17,2015,H,,194,0.0,1.0,1.0,0.0,0.0,2.0,-2.0,1.0,1.0,0.0,-1.0,1.0,-2.0,0.0,0.0,0.0,0.0,0.0,0.0,46.7,33.3,53.3,26.7
2015-10-04,Pohang,Busan,2,0,1.6,3.54,5.29,2015,H,,198,1.0,0.0,0.0,1.0,2.0,1.0,1.0,1.0,2.0,-1.0,1.0,-1.0,2.0,0.0,0.0,0.0,0.0,0.0,0.0,40.0,33.3,13.3,53.3
2015-10-04,Seongnam,Incheon,1,0,2.23,2.95,3.25,2015,H,,197,1.0,0.0,0.0,1.0,2.0,0.0,2.0,1.0,1.0,0.0,1.0,-1.0,2.0,0.0,0.0,0.0,0.0,0.0,0.0,40.0,20.0,33.3,46.7
2015-10-04,Seoul,Jeonnam,3,2,1.72,3.39,4.62,2015,H,,193,1.0,0.0,0.0,1.0,3.0,2.0,1.0,1.0,3.0,-2.0,2.0,-1.0,3.0,1.0,0.0,1.0,0.0,0.0,0.0,43.8,18.8,20.0,46.7
2015-09-28,Seoul,Gwangju FC,3,1,1.77,3.3,4.54,2015,H,,192,0.0,0.0,1.0,1.0,0.0,1.0,-1.0,1.0,2.0,-1.0,-1.0,-1.0,0.0,0.0,0.0,0.0,0.0,0.0,0.0,40.0,20.0,31.2,31.2
2015-09-23,Busan,Jeju,0,2,2.56,3.11,2.62,2015,A,,190,0.0,1.0,0.0,0.0,2.0,4.0,-2.0,2.0,2.0,0.0,0.0,2.0,-2.0,0.0,1.0,-1.0,0.0,0.0,0.0,18.8,56.2,25.0,50.0
2015-09-23,Daejeon,Pohang,0,1,6.48,3.94,1.47,2015,A,,191,0.0,1.0,1.0,0.0,2.0,1.0,1.0,4.0,0.0,4.0,-2.0,1.0,-3.0,0.0,0.0,0.0,1.0,0.0,1.0,0.0,71.4,43.8,12.5
2015-09-23,Gwangju FC,Jeonbuk,1,2,3.7,3.21,1.96,2015,A,,188,0.0,0.0,0.0,1.0,0.0,0.0,0.0,0.0,2.0,-2.0,0.0,-2.0,2.0,0.0,0.0,0.0,0.0,1.0,-1.0,21.4,42.9,50.0,28.6
2015-09-23,Incheon,Ulsan,1,2,3.01,2.94,2.39,2015,A,,187,1.0,0.0,0.0,0.0,2.0,2.0,0.0,1.0,2.0,-1.0,1.0,0.0,1.0,0.0,0.0,0.0,0.0,0.0,0.0,43.8,18.8,14.3,50.0
2015-09-23,Jeonnam,Suwon Bluewings,0,2,2.73,3.02,2.53,2015,A,,186,0.0,0.0,0.0,0.0,1.0,2.0,-1.0,1.0,2.0,-1.0,0.0,0.0,0.0,0.0,0.0,0.0,0.0,0.0,0.0,43.8,12.5,40.0,13.3
2015-09-23,Seoul,Seongnam,0,1,2.04,3.07,3.6,2015,A,,189,0.0,0.0,0.0,1.0,0.0,1.0,-1.0,0.0,2.0,-2.0,0.0,-1.0,1.0,0.0,0.0,0.0,0.0,0.0,0.0,42.9,14.3,37.5,25.0
2015-09-20,Jeonbuk,Daejeon,3,1,1.24,5.45,10.52,2015,H,,185,1.0,0.0,0.0,0.0,3.0,1.0,2.0,0.0,1.0,-1.0,3.0,0.0,3.0,1.0,0.0,1.0,0.0,0.0,0.0,75.0,12.5,12.5,75.0
2015-09-19,Incheon,Busan,2,1,2.36,2.98,3.0,2015,H,,182,1.0,0.0,0.0,0.0,2.0,0.0,2.0,1.0,0.0,1.0,1.0,0.0,1.0,0.0,0.0,0.0,0.0,0.0,0.0,40.0,20.0,14.3,50.0
2015-09-19,Jeju,Pohang,0,1,2.95,3.08,2.33,2015,A,,183,0.0,0.0,0.0,0.0,2.0,0.0,2.0,2.0,0.0,2.0,0.0,0.0,0.0,0.0,0.0,0.0,0.0,0.0,0.0,50.0,28.6,40.0,13.3
2015-09-19,Seongnam,Gwangju FC,2,1,2.11,3.02,3.47,2015,H,,180,0.0,0.0,1.0,0.0,0.0,0.0,0.0,1.0,0.0,1.0,-1.0,0.0,-1.0,0.0,0.0,0.0,0.0,0.0,0.0,35.7,21.4,33.3,26.7
2015-09-19,Suwon Bluewings,Seoul,0,3,2.33,3.0,3.05,2015,A,,184,1.0,0.0,0.0,1.0,1.0,0.0,1.0,0.0,3.0,-3.0,1.0,-3.0,4.0,0.0,0.0,0.0,0.0,1.0,-1.0,60.0,26.7,40.0,40.0
2015-09-19,Ulsan,Jeonnam,3,2,2.24,3.09,3.09,2015,H,,181,1.0,0.0,0.0,0.0,2.0,1.0,1.0,0.0,1.0,-1.0,2.0,0.0,2.0,1.0,0.0,1.0,0.0,0.0,0.0,31.2,25.0,21.4,42.9
2015-09-13,Gwangju FC,Busan,0,0,2.37,3.02,2.95,2015,D,,179,1.0,0.0,0.0,1.0,1.0,0.0,1.0,0.0,1.0,-1.0,1.0,-1.0,2.0,0.0,0.0,0.0,0.0,0.0,0.0,23.1,46.2,15.4,53.8
2015-09-13,Jeju,Ulsan,2,2,2.27,3.15,3.02,2015,D,,177,1.0,1.0,0.0,0.0,2.0,2.0,0.0,1.0,1.0,0.0,1.0,1.0,0.0,0.0,0.0,0.0,0.0,0.0,0.0,53.8,30.8,15.4,53.8
2015-09-13,Jeonnam,Daejeon,1,1,1.49,3.92,6.05,2015,D,,178,0.0,0.0,0.0,1.0,1.0,1.0,0.0,1.0,2.0,-1.0,0.0,-1.0,1.0,0.0,0.0,0.0,0.0,0.0,0.0,46.7,13.3,13.3,80.0
2015-09-12,Jeonbuk,Seoul,3,0,2.24,3.08,3.13,2015,H,,175,0.0,0.0,1.0,1.0,0.0,1.0,-1.0,1.0,2.0,-1.0,-1.0,-1.0,0.0,0.0,0.0,0.0,0.0,0.0,0.0,73.3,13.3,42.9,35.7
2015-09-12,Pohang,Seongnam,2,1,2.04,3.09,3.57,2015,H,,176,0.0,0.0,0.0,0.0,0.0,1.0,-1.0,0.0,1.0,-1.0,0.0,0.0,0.0,0.0,0.0,0.0,0.0,0.0,0.0,35.7,35.7,40.0,20.0
2015-09-12,Suwon Bluewings,Incheon,1,0,1.75,3.29,4.58,2015,H,,174,1.0,0.0,0.0,1.0,3.0,0.0,3.0,1.0,1.0,0.0,2.0,-1.0,3.0,1.0,0.0,1.0,0.0,0.0,0.0,57.1,28.6,35.7,42.9
2015-09-09,Busan,Suwon Bluewings,2,2,3.6,3.2,2.0,2015,D,,172,0.0,0.0,0.0,0.0,1.0,0.0,1.0,1.0,0.0,1.0,0.0,0.0,0.0,0.0,0.0,0.0,0.0,0.0,0.0,20.0,60.0,42.9,14.3
2015-09-09,Daejeon,Jeju,2,4,4.03,3.43,1.81,2015,A,,173,0.0,1.0,1.0,0.0,0.0,1.0,-1.0,2.0,0.0,2.0,-2.0,1.0,-3.0,0.0,0.0,0.0,1.0,0.0,1.0,0.0,69.2,20.0,53.3
2015-09-09,Gwangju FC,Incheon,1,0,2.36,2.93,3.09,2015,H,,169,0.0,1.0,1.0,0.0,1.0,1.0,0.0,2.0,0.0,2.0,-1.0,1.0,-2.0,0.0,0.0,0.0,0.0,0.0,0.0,16.7,50.0,38.5,38.5
2015-09-09,Jeonnam,Seongnam,1,1,2.52,2.99,2.77,2015,D,,170,0.0,1.0,0.0,0.0,0.0,1.0,-1.0,0.0,0.0,0.0,0.0,1.0,-1.0,0.0,0.0,0.0,0.0,0.0,0.0,50.0,14.3,42.9,21.4
2015-09-09,Seoul,Pohang,0,0,2.47,2.97,2.85,2015,D,,171,1.0,0.0,0.0,0.0,2.0,0.0,2.0,0.0,0.0,0.0,2.0,0.0,2.0,1.0,0.0,1.0,0.0,0.0,0.0,46.2,15.4,42.9,14.3
2015-09-09,Ulsan,Jeonbuk,2,0,3.11,3.19,2.19,2015,H,,168,0.0,1.0,0.0,0.0,1.0,1.0,0.0,1.0,0.0,1.0,0.0,1.0,-1.0,0.0,0.0,0.0,0.0,0.0,0.0,26.7,26.7,53.8,23.1
2015-08-30,Pohang,Suwon Bluewings,0,0,2.34,3.07,2.94,2015,D,,167,1.0,1.0,0.0,0.0,3.0,4.0,-1.0,0.0,2.0,-2.0,3.0,2.0,1.0,1.0,1.0,0.0,0.0,0.0,0.0,38.5,38.5,46.2,15.4
2015-08-30,Seongnam,Jeonbuk,0,1,3.02,3.03,2.3,2015,A,,166,1.0,0.0,0.0,1.0,1.0,0.0,1.0,0.0,3.0,-3.0,1.0,-3.0,4.0,0.0,0.0,0.0,0.0,1.0,-1.0,38.5,15.4,50.0,25.0
2015-08-29,Busan,Jeonnam,1,1,2.75,3.07,2.48,2015,D,,165,0.0,0.0,1.0,1.0,2.0,1.0,1.0,4.0,2.0,2.0,-2.0,-1.0,-1.0,0.0,0.0,0.0,1.0,0.0,1.0,21.4,64.3,23.1,46.2
2015-08-29,Gwangju FC,Ulsan,1,2,2.58,2.97,2.71,2015,A,,164,0.0,0.0,1.0,1.0,0.0,1.0,-1.0,1.0,3.0,-2.0,-1.0,-2.0,1.0,0.0,0.0,0.0,0.0,1.0,-1.0,18.2,45.5,8.3,58.3
2015-08-29,Incheon,Daejeon,2,1,1.67,3.37,5.13,2015,H,,162,1.0,0.0,0.0,1.0,1.0,0.0,1.0,0.0,2.0,-2.0,1.0,-2.0,3.0,0.0,0.0,0.0,0.0,1.0,-1.0,35.7,21.4,14.3,78.6
2015-08-29,Jeju,Seoul,2,1,3.38,3.23,2.06,2015,H,,163,0.0,1.0,1.0,0.0,2.0,4.0,-2.0,4.0,2.0,2.0,-2.0,2.0,-4.0,0.0,1.0,-1.0,1.0,0.0,1.0,50.0,33.3,46.2,30.8
2015-08-23,Gwangju FC,Jeju,0,1,2.17,3.08,3.24,2015,A,,160,0.0,0.0,1.0,1.0,1.0,0.0,1.0,2.0,1.0,1.0,-1.0,-1.0,0.0,0.0,0.0,0.0,0.0,0.0,0.0,20.0,40.0,14.3,57.1
2015-08-23,Jeonnam,Pohang,0,0,2.83,3.07,2.42,2015,D,,161,0.0,0.0,1.0,0.0,0.0,1.0,-1.0,2.0,1.0,1.0,-2.0,0.0,-2.0,0.0,0.0,0.0,1.0,0.0,1.0,53.8,15.4,46.2,15.4
2015-08-22,Jeonbuk,Incheon,0,1,1.7,3.4,4.75,2015,A,,158,1.0,1.0,0.0,0.0,2.0,2.0,0.0,1.0,0.0,1.0,1.0,2.0,-1.0,0.0,1.0,-1.0,0.0,0.0,0.0,78.6,7.1,33.3,41.7
2015-08-22,Seongnam,Busan,1,0,1.84,3.23,4.2,2015,H,,156,0.0,0.0,0.0,1.0,1.0,0.0,1.0,1.0,2.0,-1.0,0.0,-2.0,2.0,0.0,0.0,0.0,0.0,1.0,-1.0,33.3,16.7,16.7,50.0
2015-08-22,Seoul,Daejeon,2,0,1.34,4.44,8.34,2015,H,,159,1.0,1.0,0.0,0.0,2.0,2.0,0.0,0.0,1.0,-1.0,2.0,1.0,1.0,1.0,0.0,1.0,0.0,0.0,0.0,41.7,16.7,15.4,76.9
2015-08-22,Suwon Bluewings,Ulsan,3,1,2.17,3.17,3.17,2015,H,,157,0.0,0.0,1.0,0.0,0.0,2.0,-2.0,1.0,2.0,-1.0,-1.0,0.0,-1.0,0.0,0.0,0.0,0.0,0.0,0.0,53.8,30.8,9.1,54.5
2015-08-19,Busan,Seoul,2,4,3.78,3.19,1.95,2015,A,,152,0.0,1.0,0.0,0.0,2.0,2.0,0.0,2.0,1.0,1.0,0.0,1.0,-1.0,0.0,0.0,0.0,0.0,0.0,0.0,23.1,61.5,41.7,33.3
2015-08-19,Gwangju FC,Daejeon,1,2,1.6,3.56,5.44,2015,A,,153,0.0,0.0,0.0,1.0,0.0,1.0,-1.0,0.0,2.0,-2.0,0.0,-1.0,1.0,0.0,0.0,0.0,0.0,0.0,0.0,22.2,33.3,8.3,83.3
2015-08-19,Incheon,Jeju,1,0,2.45,3.01,2.83,2015,H,,150,0.0,0.0,1.0,0.0,0.0,1.0,-1.0,2.0,1.0,1.0,-2.0,0.0,-2.0,0.0,0.0,0.0,1.0,0.0,1.0,30.8,23.1,15.4,53.8
2015-08-19,Jeonbuk,Jeonnam,2,1,1.76,3.51,4.19,2015,H,,154,1.0,0.0,0.0,0.0,2.0,0.0,2.0,0.0,0.0,0.0,2.0,0.0,2.0,1.0,0.0,1.0,0.0,0.0,0.0,76.9,7.7,25.0,41.7
2015-08-19,Suwon Bluewings,Seongnam,0,1,2.06,3.17,3.46,2015,A,,155,1.0,1.0,0.0,0.0,2.0,2.0,0.0,1.0,0.0,1.0,1.0,2.0,-1.0,0.0,1.0,-1.0,0.0,0.0,0.0,58.3,25.0,38.5,23.1
2015-08-19,Ulsan,Pohang,1,1,2.97,3.08,2.32,2015,D,,151,0.0,1.0,1.0,0.0,1.0,2.0,-1.0,2.0,0.0,2.0,-1.0,2.0,-3.0,0.0,1.0,-1.0,0.0,0.0,0.0,28.6,28.6,50.0,16.7
2015-08-16,Busan,Ulsan,2,2,2.97,2.99,2.38,2015,D,,149,1.0,0.0,0.0,1.0,2.0,1.0,1.0,1.0,2.0,-1.0,1.0,-1.0,2.0,0.0,0.0,0.0,0.0,0.0,0.0,25.0,66.7,10.0,60.0
2015-08-16,Jeju,Suwon Bluewings,2,4,3.0,3.15,2.27,2015,A,,148,0.0,0.0,1.0,1.0,0.0,1.0,-1.0,3.0,2.0,1.0,-3.0,-1.0,-2.0,0.0,0.0,0.0,1.0,0.0,1.0,54.5,27.3,41.7,16.7
2015-08-15,Daejeon,Seongnam,0,2,4.52,3.51,1.72,2015,A,,147,0.0,0.0,1.0,0.0,2.0,0.0,2.0,3.0,0.0,3.0,-1.0,0.0,-1.0,0.0,0.0,0.0,0.0,0.0,0.0,0.0,66.7,33.3,25.0
2015-08-15,Jeonnam,Incheon,0,2,1.72,3.28,4.83,2015,A,,146,1.0,0.0,0.0,1.0,3.0,0.0,3.0,1.0,2.0,-1.0,2.0,-2.0,4.0,1.0,0.0,1.0,0.0,1.0,-1.0,58.3,8.3,27.3,45.5
2015-08-15,Pohang,Jeonbuk,3,0,2.53,3.09,2.69,2015,H,,145,0.0,1.0,0.0,0.0,0.0,3.0,-3.0,0.0,0.0,0.0,0.0,3.0,-3.0,0.0,1.0,-1.0,0.0,0.0,0.0,33.3,41.7,54.5,18.2
2015-08-12,Gwangju FC,Jeonnam,0,0,2.3,3.06,3.02,2015,D,,139,1.0,1.0,0.0,0.0,1.0,3.0,-2.0,0.0,2.0,-2.0,1.0,1.0,0.0,0.0,0.0,0.0,0.0,0.0,0.0,25.0,37.5,27.3,45.5
2015-08-12,Incheon,Pohang,0,2,3.04,2.93,2.38,2015,A,,141,0.0,1.0,1.0,0.0,0.0,3.0,-3.0,1.0,1.0,0.0,-1.0,2.0,-3.0,0.0,1.0,-1.0,0.0,0.0,0.0,33.3,16.7,45.5,18.2
2015-08-12,Jeonbuk,Busan,2,0,1.59,3.75,5.16,2015,H,,143,1.0,0.0,0.0,1.0,2.0,1.0,1.0,1.0,3.0,-2.0,1.0,-2.0,3.0,0.0,0.0,0.0,0.0,1.0,-1.0,75.0,8.3,18.2,45.5
2015-08-12,Seongnam,Jeju,1,1,1.91,3.31,3.78,2015,D,,140,0.0,0.0,0.0,1.0,1.0,1.0,0.0,1.0,3.0,-2.0,0.0,-2.0,2.0,0.0,0.0,0.0,0.0,1.0,-1.0,36.4,18.2,16.7,58.3
2015-08-12,Suwon Bluewings,Daejeon,2,1,1.32,4.67,8.42,2015,H,,144,1.0,0.0,0.0,1.0,1.0,1.0,0.0,0.0,2.0,-2.0,1.0,-1.0,2.0,0.0,0.0,0.0,0.0,0.0,0.0,54.5,27.3,9.1,81.8
2015-08-12,Ulsan,Seoul,1,2,2.88,3.02,2.42,2015,A,,142,0.0,0.0,0.0,0.0,0.0,1.0,-1.0,0.0,1.0,-1.0,0.0,0.0,0.0,0.0,0.0,0.0,0.0,0.0,0.0,30.8,23.1,36.4,36.4
2015-07-26,Busan,Daejeon,2,1,1.66,3.56,4.88,2015,H,,136,0.0,0.0,0.0,1.0,1.0,1.0,0.0,1.0,4.0,-3.0,0.0,-3.0,3.0,0.0,0.0,0.0,0.0,1.0,-1.0,18.2,72.7,10.0,80.0
2015-07-26,Jeonbuk,Suwon Bluewings,2,1,2.11,3.19,3.29,2015,H,,137,0.0,0.0,0.0,0.0,1.0,1.0,0.0,1.0,1.0,0.0,0.0,0.0,0.0,0.0,0.0,0.0,0.0,0.0,0.0,72.7,9.1,45.5,9.1
2015-07-26,Jeonnam,Jeju,3,1,1.89,3.32,3.78,2015,H,,138,1.0,1.0,0.0,0.0,2.0,4.0,-2.0,1.0,3.0,-2.0,1.0,1.0,0.0,0.0,0.0,0.0,0.0,0.0,0.0,54.5,9.1,18.2,54.5
2015-07-25,Pohang,Gwangju FC,0,0,1.89,3.23,3.99,2015,D,,135,0.0,1.0,1.0,0.0,3.0,1.0,2.0,4.0,0.0,4.0,-1.0,1.0,-2.0,0.0,0.0,0.0,0.0,0.0,0.0,36.4,45.5,35.7,28.6
2015-07-25,Seoul,Incheon,2,0,1.98,3.11,3.74,2015,H,,133,0.0,0.0,1.0,0.0,1.0,0.0,1.0,3.0,0.0,3.0,-2.0,0.0,-2.0,0.0,0.0,0.0,1.0,0.0,1.0,36.4,18.2,30.0,40.0
2015-07-25,Ulsan,Seongnam,0,0,2.48,3.01,2.81,2015,D,,134,0.0,1.0,1.0,0.0,0.0,1.0,-1.0,1.0,0.0,1.0,-1.0,1.0,-2.0,0.0,0.0,0.0,0.0,0.0,0.0,33.3,25.0,36.4,27.3
2015-07-12,Busan,Suwon Bluewings,1,1,3.69,3.24,1.96,2015,D,,132,0.0,1.0,1.0,0.0,0.0,1.0,-1.0,1.0,0.0,1.0,-1.0,1.0,-2.0,0.0,0.0,0.0,0.0,0.0,0.0,20.0,80.0,50.0,10.0
2015-07-12,Daejeon,Jeonnam,2,3,4.83,3.61,1.65,2015,A,,130,0.0,0.0,1.0,1.0,3.0,0.0,3.0,4.0,1.0,3.0,-1.0,-1.0,0.0,0.0,0.0,0.0,0.0,0.0,0.0,0.0,63.6,20.0,50.0
2015-07-12,Incheon,Seongnam,0,1,2.59,2.94,2.75,2015,A,,131,1.0,1.0,0.0,0.0,3.0,1.0,2.0,1.0,0.0,1.0,2.0,1.0,1.0,1.0,0.0,1.0,0.0,0.0,0.0,36.4,9.1,30.0,30.0
2015-07-11,Jeju,Jeonbuk,0,3,3.37,3.26,2.06,2015,A,,127,0.0,1.0,0.0,0.0,0.0,4.0,-4.0,0.0,3.0,-3.0,0.0,1.0,-1.0,0.0,0.0,0.0,0.0,0.0,0.0,60.0,20.0,50.0,20.0
2015-07-11,Seoul,Pohang,1,3,2.26,3.04,3.14,2015,A,,128,0.0,0.0,0.0,0.0,1.0,0.0,1.0,1.0,0.0,1.0,0.0,0.0,0.0,0.0,0.0,0.0,0.0,0.0,0.0,40.0,10.0,40.0,20.0
2015-07-11,Ulsan,Gwangju FC,0,1,2.18,3.15,3.19,2015,A,,129,1.0,0.0,0.0,0.0,4.0,1.0,3.0,1.0,1.0,0.0,3.0,0.0,3.0,1.0,0.0,1.0,0.0,0.0,0.0,36.4,18.2,30.8,30.8
2015-07-08,Incheon,Busan,3,1,2.1,3.02,3.54,2015,H,,122,1.0,0.0,0.0,1.0,1.0,1.0,0.0,0.0,2.0,-2.0,1.0,-1.0,2.0,0.0,0.0,0.0,0.0,0.0,0.0,30.0,10.0,20.0,40.0
2015-07-08,Jeonbuk,Gwangju FC,1,1,1.59,3.7,5.14,2015,D,,124,1.0,0.0,0.0,0.0,2.0,1.0,1.0,1.0,1.0,0.0,1.0,0.0,1.0,0.0,0.0,0.0,0.0,0.0,0.0,80.0,10.0,33.3,33.3
2015-07-08,Pohang,Jeju,3,4,1.71,3.49,4.53,2015,A,,121,0.0,1.0,1.0,0.0,0.0,3.0,-3.0,1.0,1.0,0.0,-1.0,2.0,-3.0,0.0,1.0,-1.0,0.0,0.0,0.0,40.0,40.0,10.0,60.0
2015-07-08,Seongnam,Seoul,1,1,2.61,2.93,2.71,2015,D,,126,1.0,1.0,0.0,0.0,3.0,4.0,-1.0,1.0,2.0,-1.0,2.0,2.0,0.0,1.0,1.0,0.0,0.0,0.0,0.0,40.0,20.0,40.0,40.0
2015-07-08,Suwon Bluewings,Jeonnam,1,0,1.79,3.41,4.16,2015,H,,123,1.0,0.0,0.0,0.0,3.0,2.0,1.0,1.0,2.0,-1.0,2.0,0.0,2.0,1.0,0.0,1.0,0.0,0.0,0.0,50.0,30.0,22.2,44.4
2015-07-08,Ulsan,Daejeon,4,1,1.44,4.12,6.62,2015,H,,125,0.0,0.0,1.0,1.0,0.0,1.0,-1.0,1.0,3.0,-2.0,-1.0,-2.0,1.0,0.0,0.0,0.0,0.0,1.0,-1.0,30.0,20.0,11.1,77.8
2015-07-05,Daejeon,Jeonbuk,3,4,7.36,4.49,1.37,2015,A,,118,0.0,0.0,0.0,0.0,2.0,2.0,0.0,2.0,2.0,0.0,0.0,0.0,0.0,0.0,0.0,0.0,0.0,0.0,0.0,0.0,60.0,44.4,22.2
2015-07-05,Jeonnam,Ulsan,2,1,2.29,3.07,3.03,2015,H,,119,0.0,0.0,0.0,1.0,0.0,1.0,-1.0,0.0,3.0,-3.0,0.0,-2.0,2.0,0.0,0.0,0.0,0.0,1.0,-1.0,50.0,10.0,11.1,55.6
2015-07-05,Seoul,Gwangju FC,1,1,1.77,3.32,4.5,2015,D,,120,0.0,0.0,0.0,1.0,0.0,0.0,0.0,0.0,1.0,-1.0,0.0,-1.0,1.0,0.0,0.0,0.0,0.0,0.0,0.0,44.4,11.1,36.4,36.4
2015-07-04,Busan,Seongnam,0,1,3.03,3.02,2.34,2015,A,,117,0.0,1.0,1.0,0.0,1.0,1.0,0.0,3.0,0.0,3.0,-2.0,1.0,-3.0,0.0,0.0,0.0,1.0,0.0,1.0,22.2,77.8,22.2,33.3
2015-07-04,Jeju,Incheon,0,0,2.37,3.12,2.88,2015,D,,115,0.0,0.0,1.0,0.0,2.0,1.0,1.0,4.0,1.0,3.0,-2.0,0.0,-2.0,0.0,0.0,0.0,1.0,0.0,1.0,66.7,22.2,33.3,44.4
2015-07-04,Pohang,Suwon Bluewings,0,1,2.28,3.07,3.07,2015,A,,116,1.0,0.0,0.0,0.0,2.0,0.0,2.0,1.0,0.0,1.0,1.0,0.0,1.0,0.0,0.0,0.0,0.0,0.0,0.0,44.4,33.3,44.4,11.1
2015-07-01,Incheon,Gwangju FC,1,0,2.48,2.96,2.87,2015,H,,110,1.0,0.0,0.0,1.0,2.0,1.0,1.0,0.0,2.0,-2.0,2.0,-1.0,3.0,1.0,0.0,1.0,0.0,0.0,0.0,22.2,11.1,40.0,30.0
2015-07-01,Jeju,Seoul,2,4,2.69,3.07,2.55,2015,A,,114,0.0,0.0,1.0,1.0,3.0,0.0,3.0,4.0,2.0,2.0,-1.0,-2.0,1.0,0.0,0.0,0.0,0.0,1.0,-1.0,75.0,12.5,33.3,44.4
2015-07-01,Jeonbuk,Busan,2,1,1.52,3.78,6.1,2015,H,,109,0.0,0.0,0.0,0.0,2.0,0.0,2.0,2.0,0.0,2.0,0.0,0.0,0.0,0.0,0.0,0.0,0.0,0.0,0.0,77.8,11.1,22.2,33.3
2015-07-01,Jeonnam,Pohang,0,0,2.77,3.12,2.44,2015,D,,112,1.0,1.0,0.0,0.0,2.0,2.0,0.0,0.0,1.0,-1.0,2.0,1.0,1.0,1.0,0.0,1.0,0.0,0.0,0.0,55.6,11.1,44.4,22.2
2015-07-01,Seongnam,Daejeon,3,1,1.34,4.53,8.69,2015,H,,111,0.0,0.0,0.0,1.0,1.0,0.0,1.0,1.0,2.0,-1.0,0.0,-2.0,2.0,0.0,0.0,0.0,0.0,1.0,-1.0,33.3,22.2,12.5,75.0
2015-07-01,Suwon Bluewings,Ulsan,3,1,1.96,3.24,3.7,2015,H,,113,0.0,0.0,0.0,1.0,2.0,1.0,1.0,2.0,2.0,0.0,0.0,-1.0,1.0,0.0,0.0,0.0,0.0,0.0,0.0,44.4,33.3,12.5,50.0
2015-06-28,Incheon,Daejeon,2,0,1.62,3.54,5.25,2015,H,,107,0.0,0.0,1.0,1.0,1.0,1.0,0.0,2.0,2.0,0.0,-1.0,-1.0,0.0,0.0,0.0,0.0,0.0,0.0,0.0,12.5,12.5,14.3,71.4
2015-06-28,Jeonbuk,Jeonnam,2,2,1.65,3.55,4.98,2015,D,,108,1.0,1.0,0.0,0.0,2.0,2.0,0.0,1.0,1.0,0.0,1.0,1.0,0.0,0.0,0.0,0.0,0.0,0.0,0.0,87.5,12.5,25.0,50.0
2015-06-27,Busan,Jeju,1,3,2.37,3.08,2.9,2015,A,,104,0.0,0.0,1.0,0.0,1.0,2.0,-1.0,2.0,2.0,0.0,-1.0,0.0,-1.0,0.0,0.0,0.0,0.0,0.0,0.0,25.0,75.0,0.0,66.7
2015-06-27,Pohang,Gwangju FC,2,1,1.7,3.43,4.8,2015,H,,103,0.0,0.0,1.0,0.0,0.0,1.0,-1.0,2.0,1.0,1.0,-2.0,0.0,-2.0,0.0,0.0,0.0,1.0,0.0,1.0,37.5,37.5,44.4,22.2
2015-06-27,Seoul,Suwon Bluewings,0,0,2.4,3.05,2.87,2015,D,,105,0.0,1.0,0.0,0.0,0.0,4.0,-4.0,0.0,3.0,-3.0,0.0,1.0,-1.0,0.0,0.0,0.0,0.0,0.0,0.0,50.0,12.5,50.0,12.5
2015-06-27,Ulsan,Seongnam,0,1,2.22,3.07,3.18,2015,A,,106,0.0,0.0,0.0,1.0,1.0,1.0,0.0,1.0,2.0,-1.0,0.0,-1.0,1.0,0.0,0.0,0.0,0.0,0.0,0.0,33.3,11.1,12.5,37.5
2015-06-21,Daejeon,Jeju,2,2,3.86,3.24,1.91,2015,D,,102,0.0,0.0,0.0,1.0,0.0,0.0,0.0,0.0,2.0,-2.0,0.0,-2.0,2.0,0.0,0.0,0.0,0.0,1.0,-1.0,0.0,66.7,0.0,75.0
2015-06-21,Suwon Bluewings,Jeonbuk,2,2,2.69,3.08,2.53,2015,D,,100,0.0,0.0,0.0,0.0,1.0,0.0,1.0,1.0,0.0,1.0,0.0,0.0,0.0,0.0,0.0,0.0,0.0,0.0,0.0,50.0,37.5,50.0,25.0
2015-06-21,Ulsan,Incheon,1,1,1.94,3.12,3.9,2015,D,,101,1.0,1.0,0.0,0.0,2.0,2.0,0.0,0.0,0.0,0.0,2.0,2.0,0.0,1.0,1.0,0.0,0.0,0.0,0.0,37.5,12.5,37.5,50.0
2015-06-20,Busan,Pohang,1,2,3.46,3.12,2.09,2015,A,,98,1.0,1.0,0.0,0.0,1.0,2.0,-1.0,0.0,0.0,0.0,1.0,2.0,-1.0,0.0,1.0,-1.0,0.0,0.0,0.0,28.6,71.4,37.5,25.0
2015-06-20,Jeonnam,Seoul,2,0,2.74,3.03,2.54,2015,H,,97,1.0,1.0,0.0,0.0,2.0,2.0,0.0,1.0,1.0,0.0,1.0,1.0,0.0,0.0,0.0,0.0,0.0,0.0,0.0,50.0,12.5,37.5,37.5
2015-06-20,Seongnam,Gwangju FC,1,1,2.07,3.14,3.48,2015,D,,99,0.0,0.0,1.0,0.0,0.0,0.0,0.0,2.0,0.0,2.0,-2.0,0.0,-2.0,0.0,0.0,0.0,1.0,0.0,1.0,37.5,25.0,50.0,25.0
2015-06-17,Daejeon,Gwangju FC,0,0,4.1,3.25,1.86,2015,D,,95,0.0,1.0,1.0,0.0,1.0,1.0,0.0,2.0,0.0,2.0,-1.0,1.0,-2.0,0.0,0.0,0.0,0.0,0.0,0.0,0.0,75.0,57.1,28.6
2015-06-17,Jeju,Suwon Bluewings,3,4,2.33,2.97,3.08,2015,A,,93,1.0,1.0,0.0,0.0,4.0,2.0,2.0,3.0,1.0,2.0,1.0,1.0,0.0,0.0,0.0,0.0,0.0,0.0,0.0,85.7,0.0,42.9,14.3
2015-06-17,Jeonbuk,Ulsan,2,1,1.8,3.33,4.29,2015,H,,96,0.0,0.0,1.0,1.0,1.0,0.0,1.0,2.0,1.0,1.0,-1.0,-1.0,0.0,0.0,0.0,0.0,0.0,0.0,0.0,85.7,14.3,14.3,42.9
2015-06-17,Jeonnam,Seongnam,2,1,2.53,3.06,2.69,2015,H,,92,0.0,0.0,1.0,0.0,1.0,1.0,0.0,2.0,1.0,1.0,-1.0,0.0,-1.0,0.0,0.0,0.0,0.0,0.0,0.0,42.9,14.3,14.3,28.6
2015-06-17,Pohang,Incheon,0,2,1.63,3.54,5.2,2015,A,,91,0.0,0.0,0.0,1.0,0.0,0.0,0.0,0.0,1.0,-1.0,0.0,-1.0,1.0,0.0,0.0,0.0,0.0,0.0,0.0,42.9,28.6,28.6,57.1
2015-06-17,Seoul,Busan,0,0,1.66,3.48,5.01,2015,D,,94,1.0,0.0,0.0,0.0,1.0,0.0,1.0,0.0,0.0,0.0,1.0,0.0,1.0,0.0,0.0,0.0,0.0,0.0,0.0,57.1,14.3,25.0,37.5
2015-06-13,Suwon Bluewings,Seongnam,1,1,2.11,3.16,3.32,2015,D,,90,0.0,0.0,1.0,1.0,0.0,3.0,-3.0,1.0,4.0,-3.0,-1.0,-1.0,0.0,0.0,0.0,0.0,0.0,0.0,0.0,57.1,42.9,16.7,33.3
2015-06-10,Daejeon,Seoul,1,2,6.3,3.83,1.49,2015,A,,89,0.0,1.0,0.0,0.0,0.0,2.0,-2.0,0.0,1.0,-1.0,0.0,1.0,-1.0,0.0,0.0,0.0,0.0,0.0,0.0,0.0,71.4,28.6,42.9
2015-06-07,Seongnam,Pohang,0,2,2.64,2.96,2.67,2015,A,,86,1.0,0.0,0.0,0.0,2.0,2.0,0.0,1.0,2.0,-1.0,1.0,0.0,1.0,0.0,0.0,0.0,0.0,0.0,0.0,42.9,14.3,28.6,28.6
2015-06-07,Suwon Bluewings,Gwangju FC,0,1,1.69,3.48,4.74,2015,A,,87,1.0,1.0,0.0,0.0,1.0,2.0,-1.0,0.0,1.0,-1.0,1.0,1.0,0.0,0.0,0.0,0.0,0.0,0.0,0.0,66.7,33.3,50.0,33.3
2015-06-07,Ulsan,Jeju,2,0,2.19,3.11,3.21,2015,H,,88,0.0,0.0,0.0,1.0,2.0,0.0,2.0,2.0,1.0,1.0,0.0,-1.0,1.0,0.0,0.0,0.0,0.0,0.0,0.0,28.6,14.3,0.0,71.4
2015-06-06,Daejeon,Busan,0,0,3.79,3.22,1.95,2015,D,,85,0.0,0.0,1.0,1.0,1.0,1.0,0.0,2.0,3.0,-1.0,-1.0,-2.0,1.0,0.0,0.0,0.0,0.0,1.0,-1.0,0.0,83.3,28.6,42.9
2015-06-06,Incheon,Jeonnam,1,2,2.36,3.05,2.95,2015,A,,83,0.0,0.0,0.0,1.0,1.0,2.0,-1.0,1.0,3.0,-2.0,0.0,-1.0,1.0,0.0,0.0,0.0,0.0,0.0,0.0,14.3,0.0,14.3,57.1
2015-06-06,Jeonbuk,Seoul,1,2,1.84,3.28,4.18,2015,A,,84,1.0,1.0,0.0,0.0,1.0,1.0,0.0,0.0,0.0,0.0,1.0,1.0,0.0,0.0,0.0,0.0,0.0,0.0,0.0,100.0,0.0,16.7,50.0
2015-06-03,Busan,Ulsan,1,0,3.08,3.08,2.27,2015,H,,78,0.0,0.0,1.0,0.0,1.0,0.0,1.0,2.0,0.0,2.0,-1.0,0.0,-1.0,0.0,0.0,0.0,0.0,0.0,0.0,16.7,83.3,16.7,33.3
2015-06-03,Daejeon,Suwon Bluewings,1,2,6.83,3.97,1.45,2015,A,,82,0.0,0.0,1.0,0.0,1.0,1.0,0.0,2.0,1.0,1.0,-1.0,0.0,-1.0,0.0,0.0,0.0,0.0,0.0,0.0,0.0,80.0,33.3,16.7
2015-06-03,Jeju,Seongnam,4,3,2.43,3.04,2.87,2015,H,,81,1.0,0.0,0.0,0.0,3.0,2.0,1.0,2.0,2.0,0.0,1.0,0.0,1.0,0.0,0.0,0.0,0.0,0.0,0.0,83.3,0.0,20.0,20.0
2015-06-03,Jeonnam,Gwangju FC,1,2,2.06,3.21,3.44,2015,A,,80,1.0,0.0,0.0,1.0,3.0,1.0,2.0,1.0,2.0,-1.0,2.0,-1.0,3.0,1.0,0.0,1.0,0.0,0.0,0.0,50.0,0.0,40.0,40.0
2015-06-03,Pohang,Jeonbuk,0,0,2.66,3.02,2.6,2015,D,,77,1.0,0.0,0.0,1.0,2.0,1.0,1.0,1.0,2.0,-1.0,1.0,-1.0,2.0,0.0,0.0,0.0,0.0,0.0,0.0,50.0,33.3,57.1,28.6
2015-06-03,Seoul,Incheon,1,0,1.83,3.3,4.17,2015,H,,79,0.0,0.0,0.0,1.0,0.0,0.0,0.0,0.0,1.0,-1.0,0.0,-1.0,1.0,0.0,0.0,0.0,0.0,0.0,0.0,50.0,16.7,33.3,50.0
2015-05-31,Incheon,Suwon Bluewings,1,1,2.91,3.0,2.4,2015,D,,75,1.0,1.0,0.0,0.0,1.0,2.0,-1.0,0.0,0.0,0.0,1.0,2.0,-1.0,0.0,1.0,-1.0,0.0,0.0,0.0,16.7,0.0,40.0,20.0
2015-05-31,Seongnam,Jeonbuk,2,1,3.57,3.07,2.07,2015,H,,76,1.0,1.0,0.0,0.0,1.0,2.0,-1.0,0.0,1.0,-1.0,1.0,1.0,0.0,0.0,0.0,0.0,0.0,0.0,0.0,33.3,16.7,66.7,16.7
2015-05-31,Seoul,Ulsan,0,0,2.31,3.04,3.04,2015,D,,74,1.0,0.0,0.0,1.0,3.0,0.0,3.0,0.0,1.0,-1.0,3.0,-1.0,4.0,1.0,0.0,1.0,0.0,0.0,0.0,60.0,20.0,20.0,40.0
2015-05-30,Gwangju FC,Jeju,1,0,2.59,3.01,2.7,2015,H,,72,0.0,0.0,1.0,1.0,0.0,0.0,0.0,1.0,1.0,0.0,-1.0,-1.0,0.0,0.0,0.0,0.0,0.0,0.0,0.0,14.3,42.9,0.0,66.7
2015-05-30,Jeonnam,Busan,3,1,2.05,3.1,3.57,2015,H,,71,0.0,1.0,0.0,0.0,0.0,1.0,-1.0,0.0,0.0,0.0,0.0,1.0,-1.0,0.0,0.0,0.0,0.0,0.0,0.0,40.0,0.0,33.3,33.3
2015-05-30,Pohang,Daejeon,2,1,1.28,5.06,9.54,2015,H,,73,0.0,0.0,0.0,1.0,2.0,1.0,1.0,2.0,2.0,0.0,0.0,-1.0,1.0,0.0,0.0,0.0,0.0,0.0,0.0,40.0,40.0,16.7,66.7
2015-05-25,Ulsan,Pohang,2,2,2.5,3.01,2.81,2015,D,,70,0.0,0.0,1.0,0.0,1.0,0.0,1.0,2.0,0.0,2.0,-1.0,0.0,-1.0,0.0,0.0,0.0,0.0,0.0,0.0,33.3,16.7,33.3,33.3
2015-05-24,Gwangju FC,Busan,0,1,2.11,3.13,3.4,2015,A,,69,0.0,1.0,0.0,0.0,0.0,2.0,-2.0,0.0,1.0,-1.0,0.0,1.0,-1.0,0.0,0.0,0.0,0.0,0.0,0.0,16.7,33.3,20.0,40.0
2015-05-23,Jeju,Jeonnam,3,2,2.0,3.19,3.63,2015,H,,67,1.0,0.0,0.0,1.0,2.0,0.0,2.0,1.0,3.0,-2.0,1.0,-3.0,4.0,0.0,0.0,0.0,0.0,1.0,-1.0,80.0,0.0,16.7,50.0
2015-05-23,Jeonbuk,Incheon,1,0,1.57,3.61,5.76,2015,H,,68,1.0,1.0,0.0,0.0,2.0,2.0,0.0,1.0,1.0,0.0,1.0,1.0,0.0,0.0,0.0,0.0,0.0,0.0,0.0,100.0,0.0,40.0,40.0
2015-05-17,Busan,Incheon,1,2,2.52,2.92,2.87,2015,A,,66,0.0,1.0,1.0,0.0,0.0,2.0,-2.0,1.0,1.0,0.0,-1.0,1.0,-2.0,0.0,0.0,0.0,0.0,0.0,0.0,20.0,80.0,25.0,50.0
2015-05-17,Gwangju FC,Pohang,0,0,2.91,3.05,2.41,2015,D,,65,0.0,0.0,1.0,0.0,0.0,1.0,-1.0,2.0,1.0,1.0,-2.0,0.0,-2.0,0.0,0.0,0.0,1.0,0.0,1.0,20.0,40.0,40.0,40.0
2015-05-16,Jeonbuk,Daejeon,2,1,1.19,6.16,12.25,2015,H,,61,1.0,0.0,0.0,0.0,2.0,0.0,2.0,0.0,0.0,0.0,2.0,0.0,2.0,1.0,0.0,1.0,0.0,0.0,0.0,100.0,0.0,20.0,60.0
2015-05-16,Seongnam,Ulsan,1,0,2.67,2.93,2.68,2015,H,,63,0.0,0.0,0.0,1.0,1.0,1.0,0.0,1.0,2.0,-1.0,0.0,-1.0,1.0,0.0,0.0,0.0,0.0,0.0,0.0,20.0,20.0,25.0,25.0
2015-05-16,Seoul,Jeonnam,3,0,2.01,3.16,3.7,2015,H,,64,0.0,0.0,0.0,1.0,1.0,2.0,-1.0,1.0,3.0,-2.0,0.0,-1.0,1.0,0.0,0.0,0.0,0.0,0.0,0.0,50.0,25.0,20.0,40.0
2015-05-16,Suwon Bluewings,Jeju,1,0,2.08,3.11,3.54,2015,H,,62,0.0,0.0,1.0,1.0,1.0,0.0,1.0,2.0,1.0,1.0,-1.0,-1.0,0.0,0.0,0.0,0.0,0.0,0.0,0.0,60.0,40.0,0.0,60.0
2015-05-10,Busan,Seoul,0,1,3.08,3.03,2.29,2015,A,,59,0.0,0.0,1.0,0.0,0.0,1.0,-1.0,2.0,1.0,1.0,-2.0,0.0,-2.0,0.0,0.0,0.0,1.0,0.0,1.0,25.0,75.0,0.0,60.0
2015-05-10,Pohang,Seongnam,2,2,1.81,3.25,4.37,2015,D,,60,0.0,0.0,1.0,0.0,1.0,1.0,0.0,2.0,1.0,1.0,-1.0,0.0,-1.0,0.0,0.0,0.0,0.0,0.0,0.0,50.0,50.0,25.0,25.0
2015-05-10,Ulsan,Jeonbuk,1,2,3.09,3.06,2.28,2015,A,,58,0.0,0.0,0.0,1.0,1.0,1.0,0.0,1.0,2.0,-1.0,0.0,-1.0,1.0,0.0,0.0,0.0,0.0,0.0,0.0,40.0,0.0,60.0,20.0
2015-05-09,Gwangju FC,Suwon Bluewings,0,2,3.11,3.13,2.23,2015,A,,55,1.0,0.0,0.0,1.0,3.0,0.0,3.0,2.0,2.0,0.0,1.0,-2.0,3.0,0.0,0.0,0.0,0.0,1.0,-1.0,25.0,25.0,25.0,25.0
2015-05-09,Incheon,Jeju,1,0,2.71,2.93,2.62,2015,H,,56,0.0,0.0,0.0,0.0,1.0,1.0,0.0,1.0,1.0,0.0,0.0,0.0,0.0,0.0,0.0,0.0,0.0,0.0,0.0,0.0,0.0,0.0,50.0
2015-05-09,Jeonnam,Daejeon,0,0,1.5,3.8,6.19,2015,D,,57,1.0,1.0,0.0,0.0,2.0,2.0,0.0,1.0,1.0,0.0,1.0,1.0,0.0,0.0,0.0,0.0,0.0,0.0,0.0,50.0,0.0,25.0,75.0
2015-05-05,Jeju,Ulsan,2,1,2.42,2.97,2.97,2015,H,,53,1.0,0.0,0.0,0.0,2.0,1.0,1.0,1.0,1.0,0.0,1.0,0.0,1.0,0.0,0.0,0.0,0.0,0.0,0.0,75.0,0.0,33.3,0.0
2015-05-05,Pohang,Busan,1,2,1.53,3.66,6.14,2015,A,,54,1.0,0.0,0.0,0.0,4.0,1.0,3.0,1.0,1.0,0.0,3.0,0.0,3.0,1.0,0.0,1.0,0.0,0.0,0.0,66.7,33.3,0.0,50.0
2015-05-03,Daejeon,Incheon,1,2,3.6,3.15,2.03,2015,A,,52,0.0,0.0,1.0,0.0,0.0,0.0,0.0,2.0,0.0,2.0,-2.0,0.0,-2.0,0.0,0.0,0.0,1.0,0.0,1.0,0.0,75.0,0.0,66.7
2015-05-03,Gwangju FC,Jeonnam,3,2,2.68,2.98,2.65,2015,H,,51,0.0,1.0,0.0,0.0,1.0,2.0,-1.0,1.0,0.0,1.0,0.0,2.0,-2.0,0.0,1.0,-1.0,0.0,0.0,0.0,0.0,33.3,25.0,25.0
2015-05-02,Jeonbuk,Suwon Bluewings,2,0,1.87,3.28,4.05,2015,H,,49,1.0,0.0,0.0,0.0,1.0,1.0,0.0,0.0,1.0,-1.0,1.0,0.0,1.0,0.0,0.0,0.0,0.0,0.0,0.0,100.0,0.0,33.3,0.0
2015-05-02,Seoul,Seongnam,1,1,2.01,3.1,3.74,2015,D,,50,1.0,0.0,0.0,0.0,1.0,0.0,1.0,0.0,0.0,0.0,1.0,0.0,1.0,0.0,0.0,0.0,0.0,0.0,0.0,66.7,33.3,33.3,33.3
2015-04-26,Gwangju FC,Seoul,1,1,3.28,3.11,2.18,2015,D,,46,0.0,0.0,0.0,1.0,0.0,1.0,-1.0,0.0,5.0,-5.0,0.0,-4.0,4.0,0.0,0.0,0.0,0.0,1.0,-1.0,0.0,50.0,0.0,75.0
2015-04-26,Jeonnam,Jeonbuk,2,1,4.47,3.3,1.79,2015,H,,45,0.0,1.0,0.0,0.0,1.0,2.0,-1.0,1.0,1.0,0.0,0.0,1.0,-1.0,0.0,0.0,0.0,0.0,0.0,0.0,33.3,0.0,75.0,0.0
2015-04-26,Seongnam,Jeju,1,1,2.56,2.94,2.81,2015,D,,48,0.0,0.0,0.0,1.0,0.0,0.0,0.0,0.0,1.0,-1.0,0.0,-1.0,1.0,0.0,0.0,0.0,0.0,0.0,0.0,25.0,25.0,0.0,66.7
2015-04-26,Suwon Bluewings,Daejeon,1,2,1.21,5.68,12.53,2015,A,,47,1.0,0.0,0.0,1.0,5.0,0.0,5.0,1.0,1.0,0.0,4.0,-1.0,5.0,1.0,0.0,1.0,0.0,0.0,0.0,75.0,25.0,0.0,100.0
2015-04-25,Incheon,Pohang,1,1,3.1,2.99,2.32,2015,D,,43,0.0,1.0,0.0,0.0,1.0,2.0,-1.0,1.0,0.0,1.0,0.0,2.0,-2.0,0.0,1.0,-1.0,0.0,0.0,0.0,0.0,0.0,50.0,50.0
2015-04-25,Ulsan,Busan,1,1,1.61,3.61,5.29,2015,D,,44,0.0,0.0,0.0,1.0,1.0,0.0,1.0,1.0,1.0,0.0,0.0,-1.0,1.0,0.0,0.0,0.0,0.0,0.0,0.0,50.0,0.0,0.0,66.7
2015-04-19,Busan,Jeonnam,0,2,2.4,3.01,2.94,2015,A,,40,0.0,0.0,1.0,1.0,1.0,1.0,0.0,2.0,4.0,-2.0,-1.0,-3.0,2.0,0.0,0.0,0.0,0.0,1.0,-1.0,33.3,66.7,0.0,33.3
2015-04-19,Daejeon,Pohang,0,2,7.35,4.05,1.42,2015,A,,42,0.0,0.0,0.0,1.0,1.0,0.0,1.0,1.0,1.0,0.0,0.0,-1.0,1.0,0.0,0.0,0.0,0.0,0.0,0.0,0.0,66.7,33.3,66.7
2015-04-19,Incheon,Ulsan,1,1,3.46,3.03,2.14,2015,D,,41,0.0,0.0,0.0,0.0,1.0,1.0,0.0,1.0,1.0,0.0,0.0,0.0,0.0,0.0,0.0,0.0,0.0,0.0,0.0,0.0,0.0,50.0,0.0
2015-04-18,Gwangju FC,Seongnam,0,0,2.89,3.12,2.37,2015,D,,39,0.0,1.0,1.0,0.0,2.0,4.0,-2.0,3.0,1.0,2.0,-1.0,3.0,-4.0,0.0,1.0,-1.0,0.0,0.0,0.0,0.0,100.0,50.0,50.0
2015-04-18,Jeonbuk,Jeju,1,0,1.58,3.61,5.7,2015,H,,38,1.0,0.0,0.0,1.0,1.0,0.0,1.0,0.0,1.0,-1.0,1.0,-1.0,2.0,0.0,0.0,0.0,0.0,0.0,0.0,100.0,0.0,0.0,50.0
2015-04-18,Suwon Bluewings,Seoul,5,1,2.12,3.1,3.41,2015,H,,37,1.0,0.0,0.0,0.0,2.0,1.0,1.0,1.0,1.0,0.0,1.0,0.0,1.0,0.0,0.0,0.0,0.0,0.0,0.0,66.7,33.3,0.0,66.7
2015-04-15,Busan,Jeonbuk,1,2,5.58,3.58,1.59,2015,A,,35,0.0,1.0,1.0,0.0,2.0,3.0,-1.0,3.0,2.0,1.0,-1.0,1.0,-2.0,0.0,0.0,0.0,0.0,0.0,0.0,50.0,50.0,66.7,0.0
2015-04-15,Jeju,Gwangju FC,2,1,1.95,3.28,3.69,2015,H,,34,1.0,0.0,0.0,1.0,1.0,0.0,1.0,0.0,2.0,-2.0,1.0,-2.0,3.0,0.0,0.0,0.0,0.0,1.0,-1.0,66.7,0.0,50.0,25.0
2015-04-15,Pohang,Jeonnam,4,1,1.64,3.5,5.18,2015,H,,31,1.0,0.0,0.0,0.0,2.0,0.0,2.0,1.0,0.0,1.0,1.0,0.0,1.0,0.0,0.0,0.0,0.0,0.0,0.0,50.0,50.0,0.0,0.0
2015-04-15,Seongnam,Incheon,0,0,2.01,3.12,3.71,2015,D,,32,1.0,0.0,0.0,1.0,1.0,0.0,1.0,0.0,1.0,-1.0,1.0,-1.0,2.0,0.0,0.0,0.0,0.0,0.0,0.0,33.3,33.3,0.0,100.0
2015-04-15,Seoul,Daejeon,1,0,1.24,5.21,11.14,2015,H,,36,1.0,0.0,0.0,1.0,1.0,0.0,1.0,0.0,5.0,-5.0,1.0,-5.0,6.0,0.0,0.0,0.0,0.0,1.0,-1.0,50.0,50.0,0.0,100.0
2015-04-15,Ulsan,Suwon Bluewings,1,1,2.45,3.1,2.8,2015,D,,33,1.0,0.0,0.0,0.0,2.0,1.0,1.0,0.0,1.0,-1.0,2.0,0.0,2.0,1.0,0.0,1.0,0.0,0.0,0.0,66.7,0.0,50.0,0.0
2015-04-12,Gwangju FC,Jeonbuk,2,3,5.32,3.57,1.62,2015,A,,28,,0.0,,0.0,,0.0,,,0.0,,,0.0,,,0.0,,,0.0,,,,50.0,0.0
2015-04-12,Incheon,Seoul,1,1,3.27,3.11,2.16,2015,D,,30,0.0,0.0,0.0,1.0,0.0,1.0,-1.0,0.0,2.0,-2.0,0.0,-1.0,1.0,0.0,0.0,0.0,0.0,0.0,0.0,0.0,0.0,0.0,100.0
2015-04-12,Jeonnam,Suwon Bluewings,1,1,2.86,3.07,2.41,2015,D,,29,1.0,1.0,0.0,0.0,1.0,3.0,-2.0,0.0,1.0,-1.0,1.0,2.0,-1.0,0.0,1.0,-1.0,0.0,0.0,0.0,50.0,0.0,100.0,0.0
2015-04-11,Daejeon,Ulsan,1,1,7.91,4.23,1.38,2015,D,,26,0.0,1.0,1.0,0.0,1.0,4.0,-3.0,4.0,2.0,2.0,-3.0,2.0,-5.0,0.0,1.0,-1.0,1.0,0.0,1.0,0.0,100.0,100.0,0.0
2015-04-11,Jeju,Pohang,1,0,2.57,3.01,2.71,2015,H,,25,1.0,0.0,0.0,1.0,5.0,0.0,5.0,0.0,1.0,-1.0,5.0,-1.0,6.0,1.0,0.0,1.0,0.0,0.0,0.0,50.0,0.0,50.0,50.0
2015-04-11,Seongnam,Busan,1,0,2.05,3.13,3.57,2015,H,,27,0.0,0.0,1.0,1.0,1.0,1.0,0.0,3.0,2.0,1.0,-2.0,-1.0,-1.0,0.0,0.0,0.0,1.0,0.0,1.0,0.0,50.0,0.0,50.0
2015-04-05,Jeonnam,Incheon,1,0,2.04,3.1,3.6,2015,H,,23,0.0,0.0,0.0,1.0,1.0,1.0,0.0,1.0,2.0,-1.0,0.0,-1.0,1.0,0.0,0.0,0.0,0.0,0.0,0.0,0.0,0.0,0.0,100.0
2015-04-05,Ulsan,Gwangju FC,2,0,1.88,3.23,4.12,2015,H,,24,0.0,1.0,0.0,0.0,0.0,3.0,-3.0,0.0,2.0,-2.0,0.0,1.0,-1.0,0.0,0.0,0.0,0.0,0.0,0.0,50.0,0.0,66.7,0.0
2015-04-04,Daejeon,Seongnam,1,4,4.02,3.2,1.89,2015,A,,21,0.0,0.0,1.0,1.0,0.0,0.0,0.0,2.0,2.0,0.0,-2.0,-2.0,0.0,0.0,0.0,0.0,1.0,1.0,0.0,0.0,100.0,0.0,100.0
2015-04-04,Jeonbuk,Pohang,1,0,1.84,3.32,4.08,2015,H,,22,1.0,1.0,0.0,0.0,2.0,1.0,1.0,0.0,0.0,0.0,2.0,1.0,1.0,1.0,0.0,1.0,0.0,0.0,0.0,100.0,0.0,100.0,0.0
2015-04-04,Seoul,Jeju,1,0,2.02,3.12,3.65,2015,H,,20,0.0,0.0,1.0,0.0,1.0,1.0,0.0,2.0,1.0,1.0,-1.0,0.0,-1.0,0.0,0.0,0.0,0.0,0.0,0.0,0.0,100.0,0.0,0.0
2015-04-04,Suwon Bluewings,Busan,2,1,1.72,3.43,4.44,2015,H,,19,1.0,0.0,0.0,0.0,2.0,0.0,2.0,1.0,0.0,1.0,1.0,0.0,1.0,0.0,0.0,0.0,0.0,0.0,0.0,50.0,50.0,0.0,0.0
2015-03-22,Incheon,Jeonbuk,0,0,4.68,3.4,1.72,2015,D,,18,0.0,1.0,0.0,0.0,2.0,2.0,0.0,2.0,1.0,1.0,0.0,1.0,-1.0,0.0,0.0,0.0,0.0,0.0,0.0,0.0,0.0,100.0,0.0
2015-03-22,Pohang,Seoul,2,1,2.26,2.99,3.21,2015,H,,17,0.0,0.0,1.0,1.0,2.0,0.0,2.0,4.0,2.0,2.0,-2.0,-2.0,0.0,0.0,0.0,0.0,1.0,1.0,0.0,0.0,100.0,0.0,100.0
2015-03-22,Seongnam,Suwon Bluewings,1,3,2.66,3.02,2.61,2015,A,,16,0.0,,0.0,,0.0,,,0.0,,,0.0,,,0.0,,,0.0,,,0.0,0.0,,
2015-03-21,Busan,Gwangju FC,2,3,2.38,3.03,2.94,2015,A,,14,1.0,1.0,0.0,0.0,1.0,2.0,-1.0,0.0,0.0,0.0,1.0,2.0,-1.0,0.0,1.0,-1.0,0.0,0.0,0.0,100.0,0.0,50.0,0.0
2015-03-21,Jeju,Daejeon,5,0,1.69,3.48,4.81,2015,H,,13,0.0,0.0,0.0,1.0,0.0,0.0,0.0,0.0,1.0,-1.0,0.0,-1.0,1.0,0.0,0.0,0.0,0.0,0.0,0.0,0.0,0.0,0.0,100.0
2015-03-21,Ulsan,Jeonnam,0,0,1.72,3.39,4.73,2015,D,,15,1.0,0.0,0.0,0.0,2.0,0.0,2.0,0.0,0.0,0.0,2.0,0.0,2.0,1.0,0.0,1.0,0.0,0.0,0.0,100.0,0.0,0.0,0.0
2015-03-15,Daejeon,Gwangju FC,0,2,2.61,3.04,2.65,2015,A,,11,,0.0,,0.0,,2.0,,,2.0,,,0.0,,,0.0,,,0.0,,,,0.0,0.0
2015-03-15,Jeju,Busan,0,0,2.2,3.11,3.19,2015,D,,10,,,,,,,,,,,,,,,,,,,,,,,
2015-03-15,Pohang,Ulsan,2,4,2.2,3.09,3.23,2015,A,,12,,,,,,,,,,,,,,,,,,,,,,,
2015-03-14,Seongnam,Jeonnam,0,0,2.28,3.03,3.13,2015,D,,8,,,,,,,,,,,,,,,,,,,,,,,
2015-03-14,Seoul,Jeonbuk,1,2,3.12,3.01,2.3,2015,A,,9,,,,,,,,,,,,,,,,,,,,,,,
2015-03-14,Suwon Bluewings,Incheon,2,1,1.67,3.45,5.03,2015,H,,7,0.0,,1.0,,0.0,,,1.0,,,-1.0,,,0.0,,,0.0,,,0.0,100.0,,
2015-03-08,Jeonnam,Jeju,1,1,2.35,3.08,2.95,2015,D,,5,,,,,,,,,,,,,,,,,,,,,,,
2015-03-08,Suwon Bluewings,Pohang,0,1,2.27,3.12,3.05,2015,A,,6,,,,,,,,,,,,,,,,,,,,,,,
2015-03-08,Ulsan,Seoul,2,0,2.61,2.98,2.69,2015,H,,4,,,,,,,,,,,,,,,,,,,,,,,
2015-03-07,Busan,Daejeon,1,0,2.04,3.21,3.47,2015,H,,3,,,,,,,,,,,,,,,,,,,,,,,
2015-03-07,Incheon,Gwangju FC,2,2,2.33,3.11,2.97,2015,D,,2,,,,,,,,,,,,,,,,,,,,,,,
2015-03-07,Jeonbuk,Seongnam,2,0,1.62,3.48,5.48,2015,H,,1,,,,,,,,,,,,,,,,,,,,,,,
2014-12-06,Gyeongnam,Gwangju FC,1,1,2.23,3.19,3.01,2014,D,,230,0.0,,1.0,,0.0,,,1.0,,,-1.0,,,0.0,,,0.0,,,31.6,31.6,,
2014-12-03,Gwangju FC,Gyeongnam,3,1,2.55,3.0,2.74,2014,H,,229,,0.0,,1.0,,1.0,,,3.0,,,-2.0,,,0.0,,,1.0,,,,5.3,52.6
2014-11-30,Jeju,Seoul,1,2,3.37,3.1,2.15,2014,A,,228,0.0,1.0,1.0,0.0,0.0,1.0,-1.0,1.0,0.0,1.0,-1.0,1.0,-2.0,0.0,0.0,0.0,0.0,0.0,0.0,50.0,27.8,44.4,22.2
2014-11-30,Jeonbuk,Ulsan,1,1,1.59,3.63,5.42,2014,D,,226,1.0,0.0,0.0,0.0,1.0,2.0,-1.0,0.0,2.0,-2.0,1.0,0.0,1.0,0.0,0.0,0.0,0.0,0.0,0.0,72.2,11.1,26.3,42.1
2014-11-30,Pohang,Suwon Bluewings,1,2,2.05,3.23,3.45,2014,A,,227,0.0,1.0,0.0,0.0,2.0,1.0,1.0,2.0,0.0,2.0,0.0,1.0,-1.0,0.0,0.0,0.0,0.0,0.0,0.0,52.6,21.1,44.4,33.3
2014-11-29,Jeonnam,Incheon,0,0,2.25,3.11,3.06,2014,D,,224,1.0,0.0,0.0,1.0,3.0,0.0,3.0,1.0,1.0,0.0,2.0,-1.0,3.0,1.0,0.0,1.0,0.0,0.0,0.0,47.4,26.3,15.8,47.4
2014-11-29,Sangmu,Gyeongnam,3,1,3.66,3.27,1.96,2014,H,,225,0.0,0.0,0.0,0.0,1.0,1.0,0.0,1.0,1.0,0.0,0.0,0.0,0.0,0.0,0.0,0.0,0.0,0.0,0.0,22.2,38.9,5.6,50.0
2014-11-29,Seongnam,Busan,1,0,1.73,3.36,4.66,2014,H,,223,0.0,1.0,0.0,0.0,1.0,1.0,0.0,1.0,0.0,1.0,0.0,1.0,-1.0,0.0,0.0,0.0,0.0,0.0,0.0,27.8,38.9,22.2,50.0
2014-11-26,Incheon,Seongnam,0,1,2.5,3.02,2.76,2014,A,,221,0.0,0.0,0.0,0.0,1.0,1.0,0.0,1.0,1.0,0.0,0.0,0.0,0.0,0.0,0.0,0.0,0.0,0.0,0.0,29.4,23.5,11.1,50.0
2014-11-26,Seoul,Pohang,0,0,2.32,3.04,3.04,2014,D,,222,0.0,0.0,0.0,1.0,2.0,0.0,2.0,2.0,1.0,1.0,0.0,-1.0,1.0,0.0,0.0,0.0,0.0,0.0,0.0,33.3,33.3,35.3,41.2
2014-11-22,Gyeongnam,Busan,0,1,2.27,3.11,3.02,2014,A,,217,1.0,1.0,0.0,0.0,3.0,3.0,0.0,1.0,2.0,-1.0,2.0,1.0,1.0,1.0,0.0,1.0,0.0,0.0,0.0,33.3,27.8,17.6,52.9
2014-11-22,Jeonnam,Sangmu,3,1,2.12,3.18,3.25,2014,H,,219,0.0,0.0,0.0,0.0,1.0,1.0,0.0,1.0,1.0,0.0,0.0,0.0,0.0,0.0,0.0,0.0,0.0,0.0,0.0,44.4,27.8,11.1,55.6
2014-11-22,Suwon Bluewings,Jeonbuk,1,2,2.7,3.06,2.54,2014,A,,220,0.0,1.0,1.0,0.0,0.0,3.0,-3.0,1.0,0.0,1.0,-1.0,3.0,-4.0,0.0,1.0,-1.0,0.0,0.0,0.0,55.6,11.1,55.6,16.7
2014-11-22,Ulsan,Jeju,0,1,2.14,3.2,3.23,2014,A,,218,0.0,0.0,1.0,0.0,0.0,1.0,-1.0,3.0,1.0,2.0,-3.0,0.0,-3.0,0.0,0.0,0.0,1.0,0.0,1.0,47.1,29.4,22.2,33.3
2014-11-16,Jeju,Suwon Bluewings,0,1,2.84,3.05,2.44,2014,A,,215,0.0,1.0,1.0,0.0,0.0,3.0,-3.0,3.0,0.0,3.0,-3.0,3.0,-6.0,0.0,1.0,-1.0,1.0,0.0,1.0,52.9,23.5,41.2,35.3
2014-11-16,Seongnam,Gyeongnam,1,1,2.09,3.13,3.45,2014,D,,216,0.0,0.0,1.0,0.0,3.0,1.0,2.0,4.0,1.0,3.0,-1.0,0.0,-1.0,0.0,0.0,0.0,0.0,0.0,0.0,29.4,41.2,5.9,52.9
2014-11-16,Seoul,Ulsan,2,2,1.9,3.22,3.97,2014,D,,214,0.0,0.0,1.0,0.0,0.0,2.0,-2.0,1.0,2.0,-1.0,-1.0,0.0,-1.0,0.0,0.0,0.0,0.0,0.0,0.0,35.3,35.3,27.8,44.4
2014-11-15,Busan,Jeonnam,1,1,2.21,3.13,3.15,2014,D,,213,1.0,0.0,0.0,1.0,1.0,1.0,0.0,0.0,3.0,-3.0,1.0,-2.0,3.0,0.0,0.0,0.0,0.0,1.0,-1.0,33.3,27.8,29.4,58.8
2014-11-15,Incheon,Sangmu,1,1,1.98,3.19,3.66,2014,D,,212,0.0,0.0,0.0,1.0,1.0,0.0,1.0,1.0,3.0,-2.0,0.0,-3.0,3.0,0.0,0.0,0.0,0.0,1.0,-1.0,31.2,25.0,11.8,58.8
2014-11-15,Jeonbuk,Pohang,1,0,2.32,3.11,2.97,2014,H,,211,1.0,0.0,0.0,1.0,1.0,0.0,1.0,0.0,3.0,-3.0,1.0,-3.0,4.0,0.0,0.0,0.0,0.0,1.0,-1.0,70.6,11.8,37.5,37.5
2014-11-09,Gyeongnam,Jeonnam,3,1,2.28,3.09,3.04,2014,H,,209,1.0,0.0,0.0,0.0,1.0,3.0,-2.0,0.0,3.0,-3.0,1.0,0.0,1.0,0.0,0.0,0.0,0.0,0.0,0.0,29.4,29.4,31.2,56.2
2014-11-09,Pohang,Ulsan,2,2,1.92,3.3,3.81,2014,D,,208,0.0,1.0,0.0,0.0,1.0,4.0,-3.0,1.0,3.0,-2.0,0.0,1.0,-1.0,0.0,0.0,0.0,0.0,0.0,0.0,55.6,22.2,29.4,47.1
2014-11-09,Suwon Bluewings,Seoul,0,1,2.33,3.06,3.01,2014,A,,210,0.0,1.0,0.0,0.0,2.0,2.0,0.0,2.0,1.0,1.0,0.0,1.0,-1.0,0.0,0.0,0.0,0.0,0.0,0.0,58.8,5.9,41.2,23.5
2014-11-08,Busan,Incheon,1,0,2.3,3.07,3.04,2014,H,,207,1.0,1.0,0.0,0.0,4.0,2.0,2.0,0.0,1.0,-1.0,4.0,1.0,3.0,1.0,0.0,1.0,0.0,0.0,0.0,29.4,29.4,16.7,44.4
2014-11-08,Jeju,Jeonbuk,0,3,3.05,3.09,2.29,2014,A,,205,1.0,1.0,0.0,0.0,3.0,1.0,2.0,0.0,0.0,0.0,3.0,1.0,2.0,1.0,0.0,1.0,0.0,0.0,0.0,56.2,18.8,52.9,17.6
2014-11-08,Sangmu,Seongnam,1,1,2.97,3.06,2.34,2014,D,,206,0.0,0.0,1.0,0.0,2.0,1.0,1.0,3.0,1.0,2.0,-1.0,0.0,-1.0,0.0,0.0,0.0,0.0,0.0,0.0,23.5,41.2,11.8,52.9
2014-11-02,Incheon,Gyeongnam,1,1,2.19,3.06,3.28,2014,D,,203,0.0,0.0,0.0,1.0,3.0,0.0,3.0,3.0,4.0,-1.0,0.0,-4.0,4.0,0.0,0.0,0.0,0.0,1.0,-1.0,33.3,26.7,6.2,56.2
2014-11-02,Sangmu,Busan,2,3,2.64,3.06,2.61,2014,A,,202,1.0,0.0,0.0,0.0,1.0,1.0,0.0,0.0,1.0,-1.0,1.0,0.0,1.0,0.0,0.0,0.0,0.0,0.0,0.0,25.0,37.5,12.5,56.2
2014-11-02,Seoul,Jeonbuk,0,1,2.74,3.01,2.55,2014,A,,204,0.0,1.0,0.0,0.0,1.0,2.0,-1.0,1.0,0.0,1.0,0.0,2.0,-2.0,0.0,1.0,-1.0,0.0,0.0,0.0,37.5,31.2,50.0,18.8
2014-11-01,Jeonnam,Seongnam,1,1,2.74,3.06,2.54,2014,D,,201,0.0,0.0,1.0,0.0,1.0,2.0,-1.0,2.0,2.0,0.0,-1.0,0.0,-1.0,0.0,0.0,0.0,0.0,0.0,0.0,47.1,29.4,12.5,56.2
2014-11-01,Pohang,Jeju,1,1,1.93,3.28,3.78,2014,D,,199,1.0,0.0,0.0,1.0,3.0,0.0,3.0,0.0,1.0,-1.0,3.0,-1.0,4.0,1.0,0.0,1.0,0.0,0.0,0.0,58.8,23.5,23.5,35.3
2014-11-01,Ulsan,Suwon Bluewings,0,3,2.53,3.04,2.74,2014,A,,200,1.0,0.0,0.0,1.0,2.0,0.0,2.0,1.0,1.0,0.0,1.0,-1.0,2.0,0.0,0.0,0.0,0.0,0.0,0.0,50.0,25.0,37.5,37.5
2014-10-26,Gyeongnam,Jeju,1,0,2.81,3.07,2.45,2014,H,,194,0.0,0.0,1.0,1.0,0.0,1.0,-1.0,2.0,2.0,0.0,-2.0,-1.0,-1.0,0.0,0.0,0.0,1.0,0.0,1.0,25.0,31.2,25.0,31.2
2014-10-26,Incheon,Jeonnam,3,3,2.58,3.05,2.69,2014,D,,197,0.0,0.0,1.0,1.0,0.0,1.0,-1.0,2.0,2.0,0.0,-2.0,-1.0,-1.0,0.0,0.0,0.0,1.0,0.0,1.0,35.7,28.6,33.3,60.0
2014-10-26,Jeonbuk,Suwon Bluewings,1,0,1.97,3.25,3.67,2014,H,,195,1.0,1.0,0.0,0.0,1.0,1.0,0.0,0.0,0.0,0.0,1.0,1.0,0.0,0.0,0.0,0.0,0.0,0.0,0.0,68.8,12.5,40.0,33.3
2014-10-26,Pohang,Sangmu,3,0,1.49,3.86,6.35,2014,H,,193,0.0,0.0,1.0,1.0,1.0,1.0,0.0,2.0,2.0,0.0,-1.0,-1.0,0.0,0.0,0.0,0.0,0.0,0.0,0.0,56.2,25.0,12.5,56.2
2014-10-26,Seongnam,Ulsan,3,4,2.54,3.11,2.68,2014,A,,196,0.0,0.0,1.0,1.0,0.0,0.0,0.0,1.0,1.0,0.0,-1.0,-1.0,0.0,0.0,0.0,0.0,0.0,0.0,0.0,31.2,37.5,25.0,50.0
2014-10-26,Seoul,Busan,1,1,1.71,3.48,4.69,2014,D,,198,0.0,0.0,1.0,0.0,0.0,0.0,0.0,1.0,0.0,1.0,-1.0,0.0,-1.0,0.0,0.0,0.0,0.0,0.0,0.0,40.0,33.3,13.3,60.0
2014-10-19,Busan,Gyeongnam,4,0,2.16,3.08,3.34,2014,H,,192,1.0,0.0,0.0,0.0,2.0,0.0,2.0,1.0,0.0,1.0,1.0,0.0,1.0,0.0,0.0,0.0,0.0,0.0,0.0,25.0,31.2,6.7,53.3
2014-10-19,Suwon Bluewings,Seongnam,2,2,1.6,3.56,5.46,2014,D,,190,1.0,1.0,0.0,0.0,2.0,2.0,0.0,1.0,0.0,1.0,1.0,2.0,-1.0,0.0,1.0,-1.0,0.0,0.0,0.0,62.5,6.2,13.3,60.0
2014-10-19,Ulsan,Sangmu,2,1,1.65,3.55,5.01,2014,H,,191,0.0,0.0,1.0,1.0,0.0,0.0,0.0,3.0,1.0,2.0,-3.0,-1.0,-2.0,0.0,0.0,0.0,1.0,0.0,1.0,46.7,26.7,13.3,53.3
2014-10-18,Incheon,Jeonbuk,0,2,3.33,3.08,2.17,2014,A,,187,1.0,1.0,0.0,0.0,1.0,1.0,0.0,0.0,0.0,0.0,1.0,1.0,0.0,0.0,0.0,0.0,0.0,0.0,0.0,38.5,23.1,46.7,20.0
2014-10-18,Jeju,Pohang,3,0,2.79,2.99,2.52,2014,H,,189,1.0,0.0,0.0,1.0,1.0,1.0,0.0,0.0,2.0,-2.0,1.0,-1.0,2.0,0.0,0.0,0.0,0.0,0.0,0.0,53.3,20.0,40.0,33.3
2014-10-18,Jeonnam,Seoul,1,2,2.99,3.06,2.34,2014,A,,188,0.0,0.0,0.0,1.0,0.0,0.0,0.0,0.0,1.0,-1.0,0.0,-1.0,1.0,0.0,0.0,0.0,0.0,0.0,0.0,50.0,25.0,37.5,25.0
2014-10-12,Busan,Jeju,2,1,2.9,2.97,2.45,2014,H,,185,0.0,0.0,0.0,1.0,1.0,0.0,1.0,1.0,2.0,-1.0,0.0,-2.0,2.0,0.0,0.0,0.0,0.0,1.0,-1.0,20.0,33.3,26.7,26.7
2014-10-12,Jeonbuk,Ulsan,1,0,1.68,3.48,4.94,2014,H,,186,1.0,0.0,0.0,1.0,2.0,0.0,2.0,0.0,1.0,-1.0,2.0,-1.0,3.0,1.0,0.0,1.0,0.0,0.0,0.0,66.7,13.3,26.7,46.7
2014-10-12,Sangmu,Seoul,1,0,4.11,3.32,1.84,2014,H,,184,0.0,1.0,1.0,0.0,0.0,3.0,-3.0,1.0,0.0,1.0,-1.0,3.0,-4.0,0.0,1.0,-1.0,0.0,0.0,0.0,20.0,40.0,40.0,20.0
2014-10-11,Gyeongnam,Seongnam,0,2,2.55,2.93,2.81,2014,A,,183,1.0,0.0,0.0,1.0,2.0,0.0,2.0,1.0,1.0,0.0,1.0,-1.0,2.0,0.0,0.0,0.0,0.0,0.0,0.0,26.7,26.7,7.1,64.3
2014-10-11,Pohang,Incheon,1,2,2.33,3.0,3.08,2014,A,,182,0.0,0.0,0.0,0.0,0.0,1.0,-1.0,0.0,1.0,-1.0,0.0,0.0,0.0,0.0,0.0,0.0,0.0,0.0,0.0,60.0,20.0,11.8,47.1
2014-10-11,Suwon Bluewings,Jeonnam,2,1,1.66,3.42,5.14,2014,H,,181,0.0,0.0,0.0,1.0,1.0,0.0,1.0,1.0,1.0,0.0,0.0,-1.0,1.0,0.0,0.0,0.0,0.0,0.0,0.0,60.0,6.7,35.7,57.1
2014-10-09,Ulsan,Seoul,0,3,2.22,3.04,3.22,2014,A,,180,0.0,0.0,0.0,0.0,1.0,0.0,1.0,1.0,0.0,1.0,0.0,0.0,0.0,0.0,0.0,0.0,0.0,0.0,0.0,50.0,21.4,35.7,21.4
2014-10-05,Incheon,Sangmu,1,0,1.84,3.33,4.08,2014,H,,179,1.0,0.0,0.0,0.0,3.0,1.0,2.0,0.0,1.0,-1.0,3.0,0.0,3.0,1.0,0.0,1.0,0.0,0.0,0.0,33.3,25.0,14.3,50.0
2014-10-05,Pohang,Busan,0,0,1.64,3.61,4.97,2014,D,,178,0.0,0.0,0.0,1.0,2.0,1.0,1.0,2.0,2.0,0.0,0.0,-1.0,1.0,0.0,0.0,0.0,0.0,0.0,0.0,64.3,21.4,14.3,64.3
2014-10-05,Seoul,Suwon Bluewings,0,1,2.21,3.09,3.19,2014,A,,177,0.0,1.0,0.0,0.0,1.0,1.0,0.0,1.0,0.0,1.0,0.0,1.0,-1.0,0.0,0.0,0.0,0.0,0.0,0.0,42.9,28.6,35.7,35.7
2014-10-04,Jeju,Ulsan,1,0,2.37,3.06,2.93,2014,H,,174,0.0,0.0,1.0,0.0,0.0,1.0,-1.0,2.0,1.0,1.0,-2.0,0.0,-2.0,0.0,0.0,0.0,1.0,0.0,1.0,50.0,21.4,28.6,42.9
2014-10-04,Jeonnam,Gyeongnam,0,0,2.08,3.16,3.44,2014,D,,175,0.0,0.0,0.0,0.0,1.0,1.0,0.0,1.0,1.0,0.0,0.0,0.0,0.0,0.0,0.0,0.0,0.0,0.0,0.0,53.3,26.7,7.1,57.1
2014-10-04,Seongnam,Jeonbuk,0,1,4.08,3.29,1.85,2014,A,,176,1.0,0.0,0.0,0.0,1.0,2.0,-1.0,0.0,2.0,-2.0,1.0,0.0,1.0,0.0,0.0,0.0,0.0,0.0,0.0,33.3,33.3,42.9,21.4
2014-10-01,Busan,Sangmu,1,1,1.99,3.29,3.55,2014,D,,169,1.0,0.0,0.0,1.0,1.0,0.0,1.0,0.0,1.0,-1.0,1.0,-1.0,2.0,0.0,0.0,0.0,0.0,0.0,0.0,21.4,35.7,15.4,53.8
2014-10-01,Gyeongnam,Pohang,2,1,3.78,3.2,1.98,2014,H,,170,1.0,0.0,0.0,1.0,1.0,1.0,0.0,0.0,2.0,-2.0,1.0,-1.0,2.0,0.0,0.0,0.0,0.0,0.0,0.0,21.4,28.6,42.9,28.6
2014-10-01,Jeonbuk,Jeju,2,0,1.59,3.65,5.45,2014,H,,173,0.0,0.0,0.0,0.0,0.0,1.0,-1.0,0.0,1.0,-1.0,0.0,0.0,0.0,0.0,0.0,0.0,0.0,0.0,0.0,64.3,14.3,28.6,21.4
2014-10-01,Seongnam,Jeonnam,1,0,2.3,3.07,3.03,2014,H,,172,0.0,0.0,0.0,1.0,1.0,0.0,1.0,1.0,1.0,0.0,0.0,-1.0,1.0,0.0,0.0,0.0,0.0,0.0,0.0,28.6,35.7,38.5,53.8
2014-10-01,Suwon Bluewings,Incheon,1,1,1.57,3.65,5.67,2014,D,,171,1.0,1.0,0.0,0.0,2.0,2.0,0.0,1.0,0.0,1.0,1.0,2.0,-1.0,0.0,1.0,-1.0,0.0,0.0,0.0,64.3,7.1,12.5,50.0
2014-09-28,Jeonnam,Ulsan,1,1,2.74,2.98,2.55,2014,D,,168,1.0,1.0,0.0,0.0,2.0,3.0,-1.0,1.0,1.0,0.0,1.0,2.0,-1.0,0.0,1.0,-1.0,0.0,0.0,0.0,57.1,28.6,30.8,46.2
2014-09-28,Pohang,Jeonbuk,2,2,2.41,3.04,2.88,2014,D,,167,1.0,0.0,0.0,0.0,1.0,1.0,0.0,0.0,1.0,-1.0,1.0,0.0,1.0,0.0,0.0,0.0,0.0,0.0,0.0,69.2,23.1,46.2,23.1
2014-09-27,Busan,Seongnam,1,0,2.32,3.05,3.02,2014,H,,164,0.0,0.0,1.0,1.0,1.0,0.0,1.0,3.0,1.0,2.0,-2.0,-1.0,-1.0,0.0,0.0,0.0,1.0,0.0,1.0,15.4,38.5,7.7,61.5
2014-09-27,Jeju,Incheon,0,2,1.92,3.24,3.85,2014,A,,165,0.0,0.0,0.0,0.0,0.0,1.0,-1.0,0.0,1.0,-1.0,0.0,0.0,0.0,0.0,0.0,0.0,0.0,0.0,0.0,53.8,15.4,6.7,53.3
2014-09-27,Sangmu,Suwon Bluewings,0,1,4.08,3.31,1.84,2014,A,,166,1.0,0.0,0.0,0.0,1.0,0.0,1.0,0.0,0.0,0.0,1.0,0.0,1.0,0.0,0.0,0.0,0.0,0.0,0.0,21.4,35.7,30.8,38.5
2014-09-24,Seoul,Gyeongnam,1,1,1.57,3.7,5.51,2014,D,,163,1.0,0.0,0.0,1.0,3.0,0.0,3.0,1.0,1.0,0.0,2.0,-1.0,3.0,1.0,0.0,1.0,0.0,0.0,0.0,46.2,30.8,7.7,61.5
2014-09-21,Jeonnam,Busan,2,1,2.04,3.22,3.49,2014,H,,161,0.0,0.0,1.0,0.0,0.0,1.0,-1.0,1.0,1.0,0.0,-1.0,0.0,-1.0,0.0,0.0,0.0,0.0,0.0,0.0,53.8,30.8,15.4,61.5
2014-09-21,Seongnam,Jeju,1,1,3.0,3.03,2.35,2014,D,,162,0.0,1.0,1.0,0.0,1.0,2.0,-1.0,2.0,1.0,1.0,-1.0,1.0,-2.0,0.0,0.0,0.0,0.0,0.0,0.0,30.8,38.5,30.8,23.1
2014-09-20,Gyeongnam,Sangmu,1,0,2.2,3.1,3.2,2014,H,,159,0.0,0.0,0.0,1.0,0.0,0.0,0.0,0.0,2.0,-2.0,0.0,-2.0,2.0,0.0,0.0,0.0,0.0,1.0,-1.0,15.4,30.8,16.7,50.0
2014-09-20,Jeonbuk,Seoul,0,0,1.91,3.35,3.8,2014,D,,157,1.0,1.0,0.0,0.0,1.0,2.0,-1.0,0.0,1.0,-1.0,1.0,1.0,0.0,0.0,0.0,0.0,0.0,0.0,0.0,69.2,15.4,38.5,23.1
2014-09-20,Suwon Bluewings,Pohang,2,1,2.48,3.06,2.76,2014,H,,158,1.0,1.0,0.0,0.0,2.0,1.0,1.0,0.0,0.0,0.0,2.0,1.0,1.0,1.0,0.0,1.0,0.0,0.0,0.0,61.5,7.7,46.2,23.1
2014-09-20,Ulsan,Incheon,1,1,1.84,3.36,4.05,2014,D,,160,1.0,0.0,0.0,1.0,2.0,1.0,1.0,1.0,3.0,-2.0,1.0,-2.0,3.0,0.0,0.0,0.0,0.0,1.0,-1.0,53.8,23.1,7.1,57.1
2014-09-14,Jeju,Suwon Bluewings,0,0,2.34,3.12,2.9,2014,D,,154,1.0,1.0,0.0,0.0,6.0,1.0,5.0,2.0,0.0,2.0,4.0,1.0,3.0,1.0,0.0,1.0,0.0,0.0,0.0,58.3,16.7,33.3,41.7
2014-09-14,Jeonbuk,Gyeongnam,1,0,1.29,5.11,8.6,2014,H,,156,1.0,0.0,0.0,1.0,2.0,1.0,1.0,0.0,2.0,-2.0,2.0,-1.0,3.0,1.0,0.0,1.0,0.0,0.0,0.0,66.7,16.7,8.3,58.3
2014-09-14,Sangmu,Jeonnam,1,0,3.25,3.21,2.12,2014,H,,155,0.0,0.0,1.0,1.0,1.0,2.0,-1.0,2.0,6.0,-4.0,-1.0,-4.0,3.0,0.0,0.0,0.0,0.0,1.0,-1.0,15.4,38.5,41.7,50.0
2014-09-13,Busan,Ulsan,1,3,2.76,3.04,2.49,2014,A,,153,0.0,0.0,0.0,1.0,1.0,0.0,1.0,1.0,2.0,-1.0,0.0,-2.0,2.0,0.0,0.0,0.0,0.0,1.0,-1.0,16.7,33.3,25.0,50.0
2014-09-13,Pohang,Seongnam,1,0,1.61,3.64,5.22,2014,H,,152,0.0,0.0,1.0,0.0,0.0,1.0,-1.0,1.0,1.0,0.0,-1.0,0.0,-1.0,0.0,0.0,0.0,0.0,0.0,0.0,66.7,25.0,8.3,58.3
2014-09-13,Seoul,Incheon,3,1,1.97,3.23,3.68,2014,H,,151,0.0,0.0,0.0,0.0,0.0,0.0,0.0,0.0,0.0,0.0,0.0,0.0,0.0,0.0,0.0,0.0,0.0,0.0,0.0,41.7,33.3,7.7,53.8
2014-09-10,Busan,Jeonbuk,1,1,5.41,3.77,1.57,2014,D,,150,0.0,0.0,1.0,1.0,0.0,1.0,-1.0,1.0,2.0,-1.0,-1.0,-1.0,0.0,0.0,0.0,0.0,0.0,0.0,0.0,18.2,36.4,50.0,25.0
2014-09-10,Gyeongnam,Incheon,0,0,2.56,3.05,2.68,2014,D,,145,0.0,0.0,1.0,1.0,0.0,0.0,0.0,1.0,2.0,-1.0,-1.0,-2.0,1.0,0.0,0.0,0.0,0.0,1.0,-1.0,16.7,33.3,8.3,58.3
2014-09-10,Jeonnam,Pohang,0,1,3.68,3.36,1.97,2014,A,,147,1.0,1.0,0.0,0.0,2.0,2.0,0.0,1.0,1.0,0.0,1.0,1.0,0.0,0.0,0.0,0.0,0.0,0.0,0.0,58.3,25.0,41.7,25.0
2014-09-10,Sangmu,Jeju,1,2,3.36,3.25,2.06,2014,A,,146,0.0,0.0,0.0,0.0,1.0,0.0,1.0,1.0,0.0,1.0,0.0,0.0,0.0,0.0,0.0,0.0,0.0,0.0,0.0,16.7,33.3,25.0,25.0
2014-09-10,Seongnam,Seoul,1,2,3.2,3.04,2.23,2014,A,,149,1.0,1.0,0.0,0.0,2.0,1.0,1.0,0.0,0.0,0.0,2.0,1.0,1.0,1.0,0.0,1.0,0.0,0.0,0.0,33.3,33.3,33.3,25.0
2014-09-10,Suwon Bluewings,Ulsan,2,0,2.06,3.2,3.42,2014,H,,148,0.0,0.0,0.0,1.0,1.0,0.0,1.0,1.0,1.0,0.0,0.0,-1.0,1.0,0.0,0.0,0.0,0.0,0.0,0.0,58.3,8.3,27.3,45.5
2014-09-07,Pohang,Seoul,0,1,2.15,3.13,3.26,2014,A,,144,0.0,1.0,1.0,0.0,0.0,2.0,-2.0,2.0,1.0,1.0,-2.0,1.0,-3.0,0.0,0.0,0.0,1.0,0.0,1.0,72.7,18.2,27.3,27.3
2014-09-07,Ulsan,Gyeongnam,2,1,1.57,3.66,5.56,2014,H,,143,0.0,1.0,1.0,0.0,1.0,3.0,-2.0,2.0,1.0,1.0,-1.0,2.0,-3.0,0.0,1.0,-1.0,0.0,0.0,0.0,50.0,25.0,9.1,54.5
2014-09-06,Jeju,Jeonnam,6,2,2.05,3.16,3.48,2014,H,,141,1.0,1.0,0.0,0.0,1.0,1.0,0.0,0.0,0.0,0.0,1.0,1.0,0.0,0.0,0.0,0.0,0.0,0.0,0.0,54.5,18.2,45.5,45.5
2014-09-06,Jeonbuk,Sangmu,2,0,1.31,4.84,8.45,2014,H,,140,0.0,0.0,1.0,1.0,1.0,0.0,1.0,2.0,3.0,-1.0,-1.0,-3.0,2.0,0.0,0.0,0.0,0.0,1.0,-1.0,63.6,18.2,18.2,45.5
2014-09-06,Seongnam,Incheon,2,0,2.63,3.09,2.58,2014,H,,142,0.0,0.0,1.0,1.0,2.0,1.0,1.0,4.0,5.0,-1.0,-2.0,-4.0,2.0,0.0,0.0,0.0,1.0,1.0,0.0,27.3,36.4,9.1,54.5
2014-09-03,Suwon Bluewings,Busan,1,1,1.56,3.69,5.7,2014,D,,139,0.0,0.0,0.0,1.0,1.0,0.0,1.0,1.0,3.0,-2.0,0.0,-3.0,3.0,0.0,0.0,0.0,0.0,1.0,-1.0,63.6,9.1,16.7,66.7
2014-08-31,Jeonnam,Jeonbuk,2,1,3.72,3.39,1.89,2014,H,,137,1.0,1.0,0.0,0.0,3.0,2.0,1.0,1.0,0.0,1.0,2.0,2.0,0.0,1.0,1.0,0.0,0.0,0.0,0.0,54.5,27.3,54.5,18.2
2014-08-31,Seoul,Jeju,0,0,1.97,3.2,3.69,2014,D,,136,1.0,0.0,0.0,0.0,5.0,0.0,5.0,1.0,0.0,1.0,4.0,0.0,4.0,1.0,0.0,1.0,0.0,0.0,0.0,45.5,36.4,27.3,27.3
2014-08-31,Ulsan,Pohang,1,2,2.54,3.01,2.69,2014,A,,138,1.0,0.0,0.0,0.0,3.0,0.0,3.0,0.0,0.0,0.0,3.0,0.0,3.0,1.0,0.0,1.0,0.0,0.0,0.0,54.5,18.2,36.4,27.3
2014-08-30,Gyeongnam,Suwon Bluewings,0,1,3.03,3.17,2.22,2014,A,,133,0.0,0.0,0.0,1.0,0.0,1.0,-1.0,0.0,3.0,-3.0,0.0,-2.0,2.0,0.0,0.0,0.0,0.0,1.0,-1.0,18.2,27.3,27.3,45.5
2014-08-30,Incheon,Busan,3,0,2.2,3.1,3.14,2014,H,,134,0.0,1.0,0.0,0.0,0.0,4.0,-4.0,0.0,2.0,-2.0,0.0,2.0,-2.0,0.0,1.0,-1.0,0.0,0.0,0.0,27.3,27.3,18.2,63.6
2014-08-30,Sangmu,Seongnam,1,1,2.83,3.09,2.39,2014,D,,135,0.0,0.0,1.0,0.0,1.0,1.0,0.0,3.0,1.0,2.0,-2.0,0.0,-2.0,0.0,0.0,0.0,1.0,0.0,1.0,18.2,36.4,9.1,63.6
2014-08-24,Busan,Jeonnam,0,1,2.5,3.14,2.67,2014,A,,132,0.0,0.0,1.0,1.0,0.0,0.0,0.0,2.0,1.0,1.0,-2.0,-1.0,-1.0,0.0,0.0,0.0,1.0,0.0,1.0,20.0,30.0,40.0,50.0
2014-08-24,Incheon,Jeju,0,0,2.38,3.09,2.86,2014,D,,130,1.0,0.0,0.0,1.0,2.0,0.0,2.0,0.0,1.0,-1.0,2.0,-1.0,3.0,1.0,0.0,1.0,0.0,0.0,0.0,30.0,30.0,30.0,30.0
2014-08-24,Suwon Bluewings,Seongnam,1,1,1.72,3.42,4.65,2014,D,,131,1.0,0.0,0.0,1.0,1.0,0.0,1.0,0.0,1.0,-1.0,1.0,-1.0,2.0,0.0,0.0,0.0,0.0,0.0,0.0,70.0,10.0,10.0,70.0
2014-08-23,Gyeongnam,Pohang,0,0,3.39,3.2,2.1,2014,D,,127,0.0,1.0,0.0,0.0,1.0,2.0,-1.0,1.0,0.0,1.0,0.0,2.0,-2.0,0.0,1.0,-1.0,0.0,0.0,0.0,20.0,30.0,40.0,30.0
2014-08-23,Jeonbuk,Seoul,1,2,1.59,3.65,5.38,2014,A,,129,1.0,1.0,0.0,0.0,3.0,2.0,1.0,2.0,0.0,2.0,1.0,2.0,-1.0,0.0,1.0,-1.0,0.0,0.0,0.0,70.0,10.0,20.0,30.0
2014-08-23,Ulsan,Sangmu,3,0,1.57,3.76,5.38,2014,H,,128,1.0,1.0,0.0,0.0,1.0,3.0,-2.0,0.0,2.0,-2.0,1.0,1.0,0.0,0.0,0.0,0.0,0.0,0.0,0.0,50.0,20.0,20.0,40.0
2014-08-17,Jeonnam,Suwon Bluewings,3,1,3.25,3.22,2.12,2014,H,,125,0.0,0.0,1.0,1.0,1.0,2.0,-1.0,2.0,3.0,-1.0,-1.0,-1.0,0.0,0.0,0.0,0.0,0.0,0.0,0.0,50.0,30.0,30.0,40.0
2014-08-17,Sangmu,Gyeongnam,1,3,2.21,3.22,3.04,2014,A,,126,0.0,0.0,1.0,1.0,0.0,0.0,0.0,2.0,2.0,0.0,-2.0,-2.0,0.0,0.0,0.0,0.0,1.0,1.0,0.0,20.0,30.0,0.0,60.0
2014-08-17,Seongnam,Busan,2,4,1.93,3.24,3.81,2014,A,,124,0.0,0.0,1.0,0.0,0.0,1.0,-1.0,3.0,1.0,2.0,-3.0,0.0,-3.0,0.0,0.0,0.0,1.0,0.0,1.0,30.0,30.0,10.0,70.0
2014-08-16,Jeju,Ulsan,1,0,2.62,3.07,2.59,2014,H,,121,0.0,1.0,1.0,0.0,2.0,1.0,1.0,3.0,0.0,3.0,-1.0,1.0,-2.0,0.0,0.0,0.0,0.0,0.0,0.0,50.0,20.0,30.0,40.0
2014-08-16,Pohang,Jeonbuk,0,2,2.53,3.15,2.61,2014,A,,123,1.0,1.0,0.0,0.0,1.0,3.0,-2.0,0.0,0.0,0.0,1.0,3.0,-2.0,0.0,1.0,-1.0,0.0,0.0,0.0,80.0,10.0,50.0,20.0
2014-08-16,Seoul,Incheon,5,1,1.94,3.2,3.8,2014,H,,122,0.0,1.0,1.0,0.0,0.0,2.0,-2.0,1.0,1.0,0.0,-1.0,1.0,-2.0,0.0,0.0,0.0,0.0,0.0,0.0,40.0,40.0,10.0,50.0
2014-08-10,Busan,Seoul,0,2,3.5,3.14,2.04,2014,A,,120,0.0,0.0,0.0,0.0,1.0,1.0,0.0,1.0,1.0,0.0,0.0,0.0,0.0,0.0,0.0,0.0,0.0,0.0,0.0,22.2,22.2,11.1,33.3
2014-08-10,Incheon,Gyeongnam,2,0,2.01,3.19,3.55,2014,H,,119,1.0,0.0,0.0,1.0,2.0,0.0,2.0,0.0,1.0,-1.0,2.0,-1.0,3.0,1.0,0.0,1.0,0.0,0.0,0.0,22.2,33.3,0.0,55.6
2014-08-10,Suwon Bluewings,Jeju,1,0,1.89,3.3,3.81,2014,H,,118,1.0,0.0,0.0,0.0,4.0,1.0,3.0,1.0,1.0,0.0,3.0,0.0,3.0,1.0,0.0,1.0,0.0,0.0,0.0,66.7,11.1,33.3,22.2
2014-08-09,Sangmu,Pohang,0,2,4.17,3.41,1.78,2014,A,,117,0.0,0.0,0.0,1.0,1.0,1.0,0.0,1.0,4.0,-3.0,0.0,-3.0,3.0,0.0,0.0,0.0,0.0,1.0,-1.0,22.2,22.2,33.3,33.3
2014-08-09,Seongnam,Jeonbuk,0,3,4.15,3.35,1.81,2014,A,,116,1.0,0.0,0.0,0.0,1.0,0.0,1.0,0.0,0.0,0.0,1.0,0.0,1.0,0.0,0.0,0.0,0.0,0.0,0.0,33.3,22.2,44.4,22.2
2014-08-09,Ulsan,Jeonnam,1,0,1.71,3.42,4.61,2014,H,,115,0.0,0.0,0.0,1.0,0.0,0.0,0.0,0.0,2.0,-2.0,0.0,-2.0,2.0,0.0,0.0,0.0,0.0,1.0,-1.0,44.4,22.2,44.4,44.4
2014-08-06,Gyeongnam,Busan,1,1,2.27,3.12,3.03,2014,D,,109,0.0,0.0,0.0,1.0,1.0,0.0,1.0,1.0,2.0,-1.0,0.0,-2.0,2.0,0.0,0.0,0.0,0.0,1.0,-1.0,22.2,33.3,11.1,77.8
2014-08-06,Jeju,Sangmu,2,3,1.64,3.67,4.8,2014,A,,113,1.0,0.0,0.0,1.0,2.0,1.0,1.0,0.0,2.0,-2.0,2.0,-1.0,3.0,1.0,0.0,1.0,0.0,0.0,0.0,55.6,11.1,11.1,44.4
2014-08-06,Jeonbuk,Suwon Bluewings,3,2,1.88,3.35,3.8,2014,H,,112,1.0,1.0,0.0,0.0,2.0,2.0,0.0,0.0,0.0,0.0,2.0,2.0,0.0,1.0,1.0,0.0,0.0,0.0,0.0,66.7,11.1,33.3,33.3
2014-08-06,Jeonnam,Incheon,1,2,2.36,3.05,2.91,2014,A,,114,1.0,0.0,0.0,1.0,2.0,2.0,0.0,0.0,3.0,-3.0,2.0,-1.0,3.0,1.0,0.0,1.0,0.0,0.0,0.0,55.6,22.2,0.0,55.6
2014-08-06,Pohang,Seongnam,1,0,1.55,3.74,5.6,2014,H,,111,1.0,0.0,0.0,0.0,2.0,1.0,1.0,0.0,1.0,-1.0,2.0,0.0,2.0,1.0,0.0,1.0,0.0,0.0,0.0,77.8,11.1,11.1,66.7
2014-08-06,Seoul,Ulsan,0,1,2.03,3.2,3.48,2014,A,,110,1.0,0.0,0.0,1.0,2.0,0.0,2.0,1.0,2.0,-1.0,1.0,-2.0,3.0,0.0,0.0,0.0,0.0,1.0,-1.0,44.4,33.3,22.2,44.4
2014-08-03,Gyeongnam,Seoul,1,1,4.01,3.31,1.85,2014,D,,107,0.0,0.0,1.0,0.0,0.0,1.0,-1.0,1.0,1.0,0.0,-1.0,0.0,-1.0,0.0,0.0,0.0,0.0,0.0,0.0,25.0,37.5,12.5,37.5
2014-08-03,Jeonbuk,Jeonnam,2,0,1.63,3.64,4.92,2014,H,,108,1.0,0.0,0.0,1.0,6.0,0.0,6.0,0.0,2.0,-2.0,6.0,-2.0,8.0,1.0,0.0,1.0,0.0,1.0,-1.0,62.5,12.5,50.0,37.5
2014-08-03,Suwon Bluewings,Pohang,4,1,2.91,3.12,2.33,2014,H,,106,1.0,0.0,0.0,0.0,3.0,0.0,3.0,2.0,0.0,2.0,1.0,0.0,1.0,0.0,0.0,0.0,0.0,0.0,0.0,62.5,12.5,37.5,25.0
2014-08-02,Busan,Jeju,1,1,3.08,3.11,2.23,2014,D,,104,0.0,1.0,1.0,0.0,0.0,2.0,-2.0,2.0,1.0,1.0,-2.0,1.0,-3.0,0.0,0.0,0.0,1.0,0.0,1.0,25.0,25.0,37.5,25.0
2014-08-02,Incheon,Ulsan,2,0,3.28,3.11,2.14,2014,H,,103,0.0,1.0,0.0,0.0,0.0,1.0,-1.0,0.0,0.0,0.0,0.0,1.0,-1.0,0.0,0.0,0.0,0.0,0.0,0.0,12.5,37.5,25.0,37.5
2014-08-02,Sangmu,Seongnam,1,1,2.61,3.03,2.61,2014,D,,105,0.0,0.0,1.0,1.0,1.0,0.0,1.0,2.0,2.0,0.0,-1.0,-2.0,1.0,0.0,0.0,0.0,0.0,1.0,-1.0,25.0,25.0,12.5,75.0
2014-07-23,Busan,Suwon Bluewings,0,2,2.92,3.14,2.31,2014,A,,98,0.0,0.0,0.0,1.0,2.0,0.0,2.0,2.0,2.0,0.0,0.0,-2.0,2.0,0.0,0.0,0.0,0.0,1.0,-1.0,28.6,14.3,25.0,37.5
2014-07-23,Incheon,Pohang,0,0,4.57,3.54,1.7,2014,D,,99,0.0,1.0,0.0,0.0,1.0,2.0,-1.0,1.0,0.0,1.0,0.0,2.0,-2.0,0.0,1.0,-1.0,0.0,0.0,0.0,14.3,42.9,42.9,28.6
2014-07-23,Jeju,Jeonnam,2,0,2.33,3.13,2.87,2014,H,,97,0.0,1.0,0.0,0.0,1.0,2.0,-1.0,1.0,1.0,0.0,0.0,1.0,-1.0,0.0,0.0,0.0,0.0,0.0,0.0,50.0,12.5,57.1,28.6
2014-07-23,Seongnam,Gyeongnam,1,0,1.93,3.28,3.71,2014,H,,102,0.0,0.0,1.0,1.0,1.0,1.0,0.0,2.0,3.0,-1.0,-1.0,-2.0,1.0,0.0,0.0,0.0,0.0,1.0,-1.0,25.0,25.0,0.0,50.0
2014-07-23,Seoul,Sangmu,2,1,1.53,3.81,5.75,2014,H,,101,1.0,0.0,0.0,1.0,2.0,0.0,2.0,0.0,6.0,-6.0,2.0,-6.0,8.0,1.0,0.0,1.0,0.0,1.0,-1.0,37.5,37.5,12.5,37.5
2014-07-23,Ulsan,Jeonbuk,0,0,3.44,3.3,2.0,2014,D,,100,0.0,1.0,1.0,0.0,0.0,4.0,-4.0,2.0,1.0,1.0,-2.0,3.0,-5.0,0.0,1.0,-1.0,1.0,0.0,1.0,50.0,25.0,50.0,25.0
2014-07-20,Jeonbuk,Sangmu,6,0,1.49,4.02,5.99,2014,H,,95,0.0,1.0,0.0,0.0,1.0,2.0,-1.0,1.0,1.0,0.0,0.0,1.0,-1.0,0.0,0.0,0.0,0.0,0.0,0.0,57.1,14.3,14.3,28.6
2014-07-20,Pohang,Busan,2,0,1.51,3.83,6.07,2014,H,,96,0.0,0.0,0.0,1.0,0.0,0.0,0.0,0.0,2.0,-2.0,0.0,-2.0,2.0,0.0,0.0,0.0,0.0,1.0,-1.0,75.0,12.5,12.5,75.0
2014-07-19,Gyeongnam,Ulsan,0,1,3.43,3.27,2.03,2014,A,,93,0.0,0.0,1.0,1.0,1.0,2.0,-1.0,4.0,3.0,1.0,-3.0,-1.0,-2.0,0.0,0.0,0.0,1.0,0.0,1.0,28.6,28.6,14.3,42.9
2014-07-19,Jeju,Seoul,1,1,2.85,3.11,2.37,2014,D,,91,0.0,0.0,0.0,0.0,0.0,0.0,0.0,0.0,0.0,0.0,0.0,0.0,0.0,0.0,0.0,0.0,0.0,0.0,0.0,57.1,14.3,14.3,42.9
2014-07-19,Jeonnam,Seongnam,2,0,2.26,3.15,2.99,2014,H,,92,1.0,0.0,0.0,0.0,3.0,1.0,2.0,1.0,1.0,0.0,2.0,0.0,2.0,1.0,0.0,1.0,0.0,0.0,0.0,50.0,25.0,14.3,71.4
2014-07-19,Suwon Bluewings,Incheon,3,2,1.73,3.43,4.5,2014,H,,94,1.0,0.0,0.0,0.0,3.0,2.0,1.0,2.0,2.0,0.0,1.0,0.0,1.0,0.0,0.0,0.0,0.0,0.0,0.0,57.1,14.3,0.0,50.0
2014-07-13,Busan,Incheon,2,2,2.27,3.1,3.02,2014,D,,88,0.0,0.0,1.0,0.0,0.0,1.0,-1.0,2.0,1.0,1.0,-2.0,0.0,-2.0,0.0,0.0,0.0,1.0,0.0,1.0,33.3,16.7,0.0,57.1
2014-07-13,Gyeongnam,Jeonbuk,1,4,4.05,3.4,1.82,2014,A,,90,0.0,1.0,0.0,0.0,1.0,2.0,-1.0,1.0,0.0,1.0,0.0,2.0,-2.0,0.0,1.0,-1.0,0.0,0.0,0.0,33.3,16.7,42.9,28.6
2014-07-13,Seongnam,Jeju,1,2,2.42,3.0,2.88,2014,A,,89,0.0,0.0,0.0,0.0,1.0,1.0,0.0,1.0,1.0,0.0,0.0,0.0,0.0,0.0,0.0,0.0,0.0,0.0,0.0,28.6,14.3,28.6,28.6
2014-07-12,Sangmu,Jeonnam,1,2,2.82,3.14,2.38,2014,A,,86,1.0,0.0,0.0,1.0,2.0,1.0,1.0,0.0,3.0,-3.0,2.0,-2.0,4.0,1.0,0.0,1.0,0.0,1.0,-1.0,28.6,14.3,50.0,33.3
2014-07-12,Seoul,Suwon Bluewings,2,0,2.36,3.08,2.91,2014,H,,87,1.0,0.0,0.0,0.0,1.0,1.0,0.0,0.0,1.0,-1.0,1.0,0.0,1.0,0.0,0.0,0.0,0.0,0.0,0.0,28.6,42.9,28.6,28.6
2014-07-12,Ulsan,Pohang,0,2,2.7,3.13,2.49,2014,A,,85,1.0,0.0,0.0,0.0,3.0,0.0,3.0,0.0,0.0,0.0,3.0,0.0,3.0,1.0,0.0,1.0,0.0,0.0,0.0,57.1,14.3,33.3,33.3
2014-07-09,Incheon,Seongnam,1,1,2.7,2.92,2.63,2014,D,,84,0.0,0.0,1.0,1.0,1.0,0.0,1.0,2.0,1.0,1.0,-1.0,-1.0,0.0,0.0,0.0,0.0,0.0,0.0,0.0,16.7,50.0,16.7,83.3
2014-07-09,Jeonbuk,Jeju,1,1,1.78,3.42,4.23,2014,D,,80,0.0,0.0,0.0,0.0,1.0,1.0,0.0,1.0,1.0,0.0,0.0,0.0,0.0,0.0,0.0,0.0,0.0,0.0,0.0,66.7,16.7,33.3,33.3
2014-07-09,Jeonnam,Gyeongnam,3,1,1.68,3.59,4.56,2014,H,,82,0.0,0.0,0.0,0.0,2.0,0.0,2.0,2.0,0.0,2.0,0.0,0.0,0.0,0.0,0.0,0.0,0.0,0.0,0.0,42.9,28.6,0.0,42.9
2014-07-09,Pohang,Seoul,0,0,1.71,3.54,4.5,2014,D,,81,1.0,0.0,0.0,0.0,3.0,2.0,1.0,1.0,2.0,-1.0,2.0,0.0,2.0,1.0,0.0,1.0,0.0,0.0,0.0,85.7,14.3,16.7,50.0
2014-07-09,Sangmu,Busan,2,0,2.46,3.09,2.73,2014,H,,83,0.0,0.0,0.0,1.0,1.0,0.0,1.0,1.0,3.0,-2.0,0.0,-3.0,3.0,0.0,0.0,0.0,0.0,1.0,-1.0,16.7,16.7,14.3,71.4
2014-07-09,Suwon Bluewings,Ulsan,3,2,2.45,3.06,2.79,2014,H,,79,0.0,0.0,0.0,0.0,0.0,1.0,-1.0,0.0,1.0,-1.0,0.0,0.0,0.0,0.0,0.0,0.0,0.0,0.0,0.0,50.0,16.7,16.7,33.3
2014-07-06,Incheon,Sangmu,1,2,2.23,3.1,3.11,2014,A,,78,1.0,0.0,0.0,1.0,1.0,3.0,-2.0,0.0,4.0,-4.0,1.0,-1.0,2.0,0.0,0.0,0.0,0.0,0.0,0.0,20.0,40.0,0.0,33.3
2014-07-06,Seongnam,Ulsan,1,1,3.03,2.97,2.34,2014,D,,77,1.0,0.0,0.0,0.0,3.0,1.0,2.0,1.0,1.0,0.0,2.0,0.0,2.0,1.0,0.0,1.0,0.0,0.0,0.0,33.3,16.7,20.0,40.0
2014-07-05,Busan,Jeonbuk,0,2,3.0,3.22,2.23,2014,A,,74,0.0,0.0,0.0,1.0,2.0,0.0,2.0,2.0,1.0,1.0,0.0,-1.0,1.0,0.0,0.0,0.0,0.0,0.0,0.0,40.0,0.0,33.3,33.3
2014-07-05,Jeju,Pohang,0,0,3.14,3.23,2.15,2014,D,,73,1.0,0.0,0.0,1.0,2.0,1.0,1.0,1.0,3.0,-2.0,1.0,-2.0,3.0,0.0,0.0,0.0,0.0,1.0,-1.0,66.7,16.7,40.0,40.0
2014-07-05,Jeonnam,Seoul,2,2,2.74,3.09,2.44,2014,D,,75,1.0,0.0,0.0,1.0,4.0,0.0,4.0,3.0,1.0,2.0,1.0,-1.0,2.0,0.0,0.0,0.0,0.0,0.0,0.0,50.0,33.3,20.0,60.0
2014-07-05,Suwon Bluewings,Gyeongnam,0,0,1.72,3.47,4.5,2014,D,,76,1.0,0.0,0.0,0.0,1.0,2.0,-1.0,0.0,2.0,-2.0,1.0,0.0,1.0,0.0,0.0,0.0,0.0,0.0,0.0,60.0,20.0,0.0,50.0
2014-05-18,Seoul,Seongnam,1,0,2.01,3.18,3.59,2014,H,,72,0.0,0.0,1.0,1.0,0.0,0.0,0.0,1.0,1.0,0.0,-1.0,-1.0,0.0,0.0,0.0,0.0,0.0,0.0,0.0,16.7,50.0,20.0,80.0
2014-05-11,Ulsan,Busan,3,0,1.92,3.21,3.86,2014,H,,71,0.0,0.0,0.0,1.0,1.0,1.0,0.0,1.0,2.0,-1.0,0.0,-1.0,1.0,0.0,0.0,0.0,0.0,0.0,0.0,50.0,16.7,16.7,66.7
2014-05-10,Gyeongnam,Jeju,1,1,2.95,3.05,2.34,2014,D,,69,0.0,0.0,0.0,0.0,0.0,1.0,-1.0,0.0,1.0,-1.0,0.0,0.0,0.0,0.0,0.0,0.0,0.0,0.0,0.0,40.0,20.0,40.0,40.0
2014-05-10,Jeonbuk,Incheon,1,1,1.58,3.58,5.64,2014,D,,67,1.0,0.0,0.0,1.0,4.0,0.0,4.0,1.0,3.0,-2.0,3.0,-3.0,6.0,1.0,0.0,1.0,0.0,1.0,-1.0,80.0,20.0,0.0,66.7
2014-05-10,Pohang,Jeonnam,3,1,1.66,3.56,4.8,2014,H,,68,1.0,1.0,0.0,0.0,3.0,1.0,2.0,0.0,0.0,0.0,3.0,1.0,2.0,1.0,0.0,1.0,0.0,0.0,0.0,83.3,16.7,60.0,20.0
2014-05-10,Sangmu,Suwon Bluewings,1,1,3.6,3.22,1.98,2014,D,,70,0.0,0.0,0.0,0.0,1.0,2.0,-1.0,1.0,2.0,-1.0,0.0,0.0,0.0,0.0,0.0,0.0,0.0,0.0,0.0,20.0,20.0,33.3,33.3
2014-05-04,Busan,Gyeongnam,2,2,1.83,3.24,4.26,2014,D,,66,1.0,0.0,0.0,1.0,1.0,1.0,0.0,0.0,4.0,-4.0,1.0,-3.0,4.0,0.0,0.0,0.0,0.0,1.0,-1.0,50.0,0.0,0.0,60.0
2014-05-04,Jeonnam,Sangmu,4,3,2.09,3.11,3.45,2014,H,,65,0.0,0.0,1.0,0.0,0.0,0.0,0.0,2.0,0.0,2.0,-2.0,0.0,-2.0,0.0,0.0,0.0,1.0,0.0,1.0,40.0,40.0,0.0,20.0
2014-05-03,Incheon,Seoul,1,0,3.11,3.07,2.26,2014,H,,62,0.0,1.0,1.0,0.0,0.0,1.0,-1.0,3.0,0.0,3.0,-3.0,1.0,-4.0,0.0,0.0,0.0,1.0,0.0,1.0,0.0,50.0,25.0,50.0
2014-05-03,Seongnam,Pohang,3,1,3.55,3.13,2.04,2014,H,,63,0.0,1.0,1.0,0.0,0.0,1.0,-1.0,1.0,0.0,1.0,-1.0,1.0,-2.0,0.0,0.0,0.0,0.0,0.0,0.0,20.0,20.0,50.0,25.0
2014-05-03,Suwon Bluewings,Jeonbuk,1,0,2.81,3.08,2.43,2014,H,,61,0.0,1.0,1.0,0.0,0.0,2.0,-2.0,1.0,0.0,1.0,-1.0,2.0,-3.0,0.0,1.0,-1.0,0.0,0.0,0.0,50.0,25.0,40.0,20.0
2014-05-03,Ulsan,Jeju,1,1,1.93,3.19,3.84,2014,D,,64,0.0,0.0,0.0,1.0,2.0,0.0,2.0,2.0,3.0,-1.0,0.0,-3.0,3.0,0.0,0.0,0.0,0.0,1.0,-1.0,60.0,20.0,50.0,50.0
2014-04-27,Pohang,Incheon,3,0,1.42,4.18,6.78,2014,H,,60,1.0,0.0,0.0,1.0,3.0,0.0,3.0,0.0,1.0,-1.0,3.0,-1.0,4.0,1.0,0.0,1.0,0.0,0.0,0.0,80.0,20.0,0.0,60.0
2014-04-27,Sangmu,Ulsan,1,1,4.34,3.41,1.78,2014,D,,58,1.0,0.0,0.0,1.0,2.0,0.0,2.0,1.0,1.0,0.0,1.0,-1.0,2.0,0.0,0.0,0.0,0.0,0.0,0.0,25.0,25.0,25.0,50.0
2014-04-27,Suwon Bluewings,Seoul,0,1,2.12,3.12,3.38,2014,A,,59,1.0,0.0,0.0,1.0,1.0,1.0,0.0,0.0,2.0,-2.0,1.0,-1.0,2.0,0.0,0.0,0.0,0.0,0.0,0.0,66.7,0.0,0.0,66.7
2014-04-26,Jeju,Busan,2,1,2.09,3.13,3.41,2014,H,,57,1.0,0.0,0.0,1.0,1.0,1.0,0.0,0.0,2.0,-2.0,1.0,-1.0,2.0,0.0,0.0,0.0,0.0,0.0,0.0,60.0,20.0,20.0,60.0
2014-04-26,Jeonbuk,Gyeongnam,4,1,1.52,3.82,5.9,2014,H,,56,1.0,0.0,0.0,0.0,1.0,0.0,1.0,0.0,0.0,0.0,1.0,0.0,1.0,0.0,0.0,0.0,0.0,0.0,0.0,75.0,25.0,0.0,50.0
2014-04-26,Seongnam,Jeonnam,0,1,2.15,3.08,3.29,2014,A,,55,0.0,0.0,0.0,1.0,0.0,0.0,0.0,0.0,1.0,-1.0,0.0,-1.0,1.0,0.0,0.0,0.0,0.0,0.0,0.0,25.0,0.0,50.0,25.0
2014-04-20,Gyeongnam,Sangmu,0,0,2.46,3.09,2.74,2014,D,,53,0.0,0.0,0.0,0.0,2.0,0.0,2.0,2.0,0.0,2.0,0.0,0.0,0.0,0.0,0.0,0.0,0.0,0.0,0.0,50.0,25.0,0.0,25.0
2014-04-20,Jeju,Incheon,1,0,1.93,3.14,3.88,2014,H,,52,1.0,0.0,0.0,0.0,2.0,0.0,2.0,0.0,0.0,0.0,2.0,0.0,2.0,1.0,0.0,1.0,0.0,0.0,0.0,50.0,25.0,0.0,50.0
2014-04-20,Seoul,Pohang,0,1,2.8,3.12,2.41,2014,A,,54,0.0,0.0,0.0,0.0,0.0,2.0,-2.0,0.0,2.0,-2.0,0.0,0.0,0.0,0.0,0.0,0.0,0.0,0.0,0.0,20.0,40.0,33.3,33.3
2014-04-19,Busan,Seongnam,1,0,2.19,3.03,3.26,2014,H,,51,0.0,1.0,0.0,0.0,0.0,1.0,-1.0,0.0,0.0,0.0,0.0,1.0,-1.0,0.0,0.0,0.0,0.0,0.0,0.0,33.3,0.0,25.0,75.0
2014-04-19,Jeonnam,Jeonbuk,0,2,2.98,3.04,2.31,2014,A,,50,1.0,0.0,0.0,1.0,2.0,0.0,2.0,1.0,2.0,-1.0,1.0,-2.0,3.0,0.0,0.0,0.0,0.0,1.0,-1.0,50.0,25.0,25.0,25.0
2014-04-19,Ulsan,Suwon Bluewings,2,2,2.3,3.12,2.97,2014,D,,49,0.0,1.0,1.0,0.0,0.0,3.0,-3.0,1.0,0.0,1.0,-1.0,3.0,-4.0,0.0,1.0,-1.0,0.0,0.0,0.0,75.0,25.0,40.0,40.0
2014-04-13,Incheon,Suwon Bluewings,0,3,2.64,2.99,2.61,2014,A,,46,0.0,0.0,0.0,0.0,0.0,2.0,-2.0,0.0,2.0,-2.0,0.0,0.0,0.0,0.0,0.0,0.0,0.0,0.0,0.0,0.0,33.3,25.0,50.0
2014-04-13,Jeonnam,Busan,2,1,2.62,3.03,2.65,2014,H,,47,0.0,0.0,0.0,0.0,2.0,0.0,2.0,2.0,0.0,2.0,0.0,0.0,0.0,0.0,0.0,0.0,0.0,0.0,0.0,33.3,33.3,25.0,50.0
2014-04-13,Seongnam,Sangmu,0,0,1.95,3.2,3.77,2014,D,,48,0.0,0.0,0.0,1.0,0.0,2.0,-2.0,0.0,4.0,-4.0,0.0,-2.0,2.0,0.0,0.0,0.0,0.0,1.0,-1.0,33.3,0.0,0.0,33.3
2014-04-12,Jeonbuk,Ulsan,1,0,2.42,3.07,2.82,2014,H,,43,1.0,0.0,0.0,0.0,1.0,0.0,1.0,0.0,0.0,0.0,1.0,0.0,1.0,0.0,0.0,0.0,0.0,0.0,0.0,66.7,33.3,33.3,33.3
2014-04-12,Pohang,Jeju,3,0,1.91,3.3,3.73,2014,H,,45,1.0,1.0,0.0,0.0,3.0,1.0,2.0,0.0,0.0,0.0,3.0,1.0,2.0,1.0,0.0,1.0,0.0,0.0,0.0,75.0,25.0,66.7,33.3
2014-04-12,Seoul,Gyeongnam,0,0,1.65,3.47,5.08,2014,D,,44,0.0,0.0,0.0,1.0,1.0,0.0,1.0,1.0,3.0,-2.0,0.0,-3.0,3.0,0.0,0.0,0.0,0.0,1.0,-1.0,25.0,50.0,0.0,66.7
2014-04-09,Incheon,Busan,0,0,2.64,2.96,2.63,2014,D,,41,0.0,0.0,0.0,1.0,0.0,0.0,0.0,0.0,1.0,-1.0,0.0,-1.0,1.0,0.0,0.0,0.0,0.0,0.0,0.0,0.0,50.0,33.3,66.7
2014-04-09,Jeju,Jeonbuk,2,0,3.24,3.05,2.19,2014,H,,37,0.0,0.0,0.0,0.0,1.0,1.0,0.0,1.0,1.0,0.0,0.0,0.0,0.0,0.0,0.0,0.0,0.0,0.0,0.0,33.3,33.3,33.3,0.0
2014-04-09,Pohang,Gyeongnam,3,0,1.52,3.88,5.65,2014,H,,42,1.0,0.0,0.0,0.0,4.0,1.0,3.0,2.0,1.0,1.0,2.0,0.0,2.0,1.0,0.0,1.0,0.0,0.0,0.0,66.7,33.3,0.0,50.0
2014-04-09,Sangmu,Seoul,2,1,4.16,3.32,1.81,2014,H,,38,0.0,0.0,1.0,1.0,0.0,1.0,-1.0,1.0,2.0,-1.0,-1.0,-1.0,0.0,0.0,0.0,0.0,0.0,0.0,0.0,0.0,33.3,0.0,50.0
2014-04-09,Suwon Bluewings,Jeonnam,1,0,2.1,3.17,3.34,2014,H,,40,1.0,0.0,0.0,0.0,1.0,0.0,1.0,0.0,0.0,0.0,1.0,0.0,1.0,0.0,0.0,0.0,0.0,0.0,0.0,50.0,0.0,66.7,0.0
2014-04-09,Ulsan,Seongnam,0,1,1.59,3.61,5.39,2014,A,,39,1.0,0.0,0.0,1.0,2.0,0.0,2.0,1.0,1.0,0.0,1.0,-1.0,2.0,0.0,0.0,0.0,0.0,0.0,0.0,100.0,0.0,0.0,100.0
2014-04-06,Busan,Ulsan,0,0,3.24,3.01,2.13,2014,D,,35,0.0,0.0,0.0,1.0,1.0,0.0,1.0,1.0,1.0,0.0,0.0,-1.0,1.0,0.0,0.0,0.0,0.0,0.0,0.0,50.0,0.0,50.0,50.0
2014-04-06,Jeonnam,Pohang,2,2,3.32,3.24,2.08,2014,D,,36,1.0,1.0,0.0,0.0,1.0,3.0,-2.0,0.0,1.0,-1.0,1.0,2.0,-1.0,0.0,1.0,-1.0,0.0,0.0,0.0,50.0,50.0,50.0,50.0
2014-04-06,Seoul,Jeonbuk,1,1,2.41,3.11,2.78,2014,D,,34,1.0,0.0,0.0,0.0,2.0,0.0,2.0,0.0,0.0,0.0,2.0,0.0,2.0,1.0,0.0,1.0,0.0,0.0,0.0,33.3,66.7,50.0,0.0
2014-04-05,Gyeongnam,Suwon Bluewings,2,2,3.04,3.1,2.26,2014,D,,33,1.0,0.0,0.0,1.0,1.0,0.0,1.0,0.0,2.0,-2.0,1.0,-2.0,3.0,0.0,0.0,0.0,0.0,1.0,-1.0,66.7,33.3,33.3,66.7
2014-04-05,Sangmu,Jeju,0,1,2.62,3.12,2.55,2014,A,,32,0.0,0.0,0.0,1.0,0.0,0.0,0.0,0.0,2.0,-2.0,0.0,-2.0,2.0,0.0,0.0,0.0,0.0,1.0,-1.0,0.0,0.0,50.0,50.0
2014-04-05,Seongnam,Incheon,0,0,2.26,3.08,3.05,2014,D,,31,1.0,0.0,0.0,1.0,2.0,0.0,2.0,0.0,1.0,-1.0,2.0,-1.0,3.0,1.0,0.0,1.0,0.0,0.0,0.0,50.0,0.0,0.0,66.7
2014-03-30,Incheon,Jeonnam,0,0,2.36,2.97,3.0,2014,D,,29,0.0,1.0,1.0,0.0,0.0,3.0,-3.0,1.0,2.0,-1.0,-1.0,1.0,-2.0,0.0,0.0,0.0,0.0,0.0,0.0,0.0,100.0,100.0,0.0
2014-03-30,Jeju,Gyeongnam,1,1,1.9,3.27,3.8,2014,D,,30,1.0,0.0,0.0,1.0,1.0,0.0,1.0,0.0,3.0,-3.0,1.0,-3.0,4.0,0.0,0.0,0.0,0.0,1.0,-1.0,50.0,50.0,0.0,100.0
2014-03-30,Suwon Bluewings,Busan,1,0,2.16,3.14,3.2,2014,H,,28,0.0,1.0,0.0,0.0,2.0,1.0,1.0,2.0,0.0,2.0,0.0,1.0,-1.0,0.0,0.0,0.0,0.0,0.0,0.0,0.0,0.0,50.0,50.0
2014-03-29,Jeonbuk,Seongnam,1,0,1.86,3.35,3.9,2014,H,,25,0.0,0.0,1.0,1.0,1.0,0.0,1.0,3.0,1.0,2.0,-2.0,-1.0,-1.0,0.0,0.0,0.0,1.0,0.0,1.0,50.0,50.0,0.0,100.0
2014-03-29,Pohang,Sangmu,4,2,1.64,3.63,4.81,2014,H,,27,1.0,0.0,0.0,0.0,2.0,1.0,1.0,1.0,1.0,0.0,1.0,0.0,1.0,0.0,0.0,0.0,0.0,0.0,0.0,50.0,50.0,0.0,0.0
2014-03-29,Ulsan,Seoul,2,1,1.98,3.24,3.57,2014,H,,26,1.0,0.0,0.0,0.0,3.0,0.0,3.0,0.0,0.0,0.0,3.0,0.0,3.0,1.0,0.0,1.0,0.0,0.0,0.0,100.0,0.0,0.0,0.0
2014-03-26,Busan,Sangmu,1,1,1.88,3.34,3.88,2014,D,,22,1.0,0.0,0.0,0.0,3.0,2.0,1.0,1.0,2.0,-1.0,2.0,0.0,2.0,1.0,0.0,1.0,0.0,0.0,0.0,100.0,0.0,0.0,0.0
2014-03-26,Gyeongnam,Incheon,1,0,2.42,3.11,2.8,2014,H,,23,0.0,0.0,1.0,1.0,2.0,0.0,2.0,3.0,3.0,0.0,-1.0,-3.0,2.0,0.0,0.0,0.0,0.0,1.0,-1.0,50.0,50.0,0.0,50.0
2014-03-26,Jeonbuk,Pohang,1,3,2.03,3.26,3.43,2014,A,,20,1.0,0.0,0.0,1.0,3.0,1.0,2.0,0.0,3.0,-3.0,3.0,-2.0,5.0,1.0,0.0,1.0,0.0,1.0,-1.0,100.0,0.0,0.0,100.0
2014-03-26,Jeonnam,Ulsan,1,0,3.74,3.36,1.9,2014,H,,24,0.0,1.0,1.0,0.0,1.0,1.0,0.0,2.0,0.0,2.0,-1.0,1.0,-2.0,0.0,0.0,0.0,0.0,0.0,0.0,0.0,100.0,100.0,0.0
2014-03-26,Seongnam,Suwon Bluewings,2,0,2.61,3.04,2.61,2014,H,,21,0.0,0.0,0.0,1.0,0.0,1.0,-1.0,0.0,2.0,-2.0,0.0,-1.0,1.0,0.0,0.0,0.0,0.0,0.0,0.0,0.0,0.0,50.0,50.0
2014-03-26,Seoul,Jeju,2,0,1.9,3.29,3.86,2014,H,,19,0.0,1.0,1.0,0.0,0.0,2.0,-2.0,1.0,1.0,0.0,-1.0,1.0,-2.0,0.0,0.0,0.0,0.0,0.0,0.0,0.0,100.0,100.0,0.0
2014-03-23,Sangmu,Jeonbuk,0,0,4.68,3.6,1.67,2014,D,,16,0.0,1.0,0.0,0.0,2.0,1.0,1.0,2.0,0.0,2.0,0.0,1.0,-1.0,0.0,0.0,0.0,0.0,0.0,0.0,0.0,0.0,100.0,0.0
2014-03-23,Seoul,Busan,0,1,1.78,3.4,4.23,2014,A,,17,0.0,0.0,1.0,1.0,0.0,0.0,0.0,1.0,3.0,-2.0,-1.0,-3.0,2.0,0.0,0.0,0.0,0.0,1.0,-1.0,0.0,100.0,0.0,100.0
2014-03-23,Ulsan,Incheon,3,0,1.71,3.46,4.62,2014,H,,18,1.0,0.0,0.0,0.0,3.0,2.0,1.0,0.0,2.0,-2.0,3.0,0.0,3.0,1.0,0.0,1.0,0.0,0.0,0.0,100.0,0.0,0.0,0.0
2014-03-22,Gyeongnam,Jeonnam,2,3,2.56,2.98,2.72,2014,A,,14,1.0,1.0,0.0,0.0,1.0,1.0,0.0,0.0,0.0,0.0,1.0,1.0,0.0,0.0,0.0,0.0,0.0,0.0,0.0,100.0,0.0,100.0,0.0
2014-03-22,Jeju,Seongnam,1,0,2.32,3.09,2.93,2014,H,,15,0.0,0.0,1.0,1.0,0.0,0.0,0.0,1.0,1.0,0.0,-1.0,-1.0,0.0,0.0,0.0,0.0,0.0,0.0,0.0,0.0,100.0,0.0,100.0
2014-03-22,Pohang,Suwon Bluewings,2,1,2.18,3.16,3.15,2014,H,,13,0.0,1.0,1.0,0.0,0.0,1.0,-1.0,1.0,0.0,1.0,-1.0,1.0,-2.0,0.0,0.0,0.0,0.0,0.0,0.0,0.0,100.0,100.0,0.0
2014-03-16,Jeonnam,Jeju,1,2,2.41,3.07,2.86,2014,A,,10,,,,,,,,,,,,,,,,,,,,,,,
2014-03-16,Suwon Bluewings,Sangmu,2,2,1.7,3.5,4.55,2014,D,,11,,,,,,,,,,,,,,,,,,,,,,,
2014-03-16,Ulsan,Gyeongnam,3,0,1.64,3.59,5.0,2014,H,,12,,,,,,,,,,,,,,,,,,,,,,,
2014-03-15,Busan,Pohang,3,1,2.7,3.1,2.48,2014,H,,9,,,,,,,,,,,,,,,,,,,,,,,
2014-03-15,Incheon,Jeonbuk,0,1,2.73,3.15,2.44,2014,A,,7,,,,,,,,,,,,,,,,,,,,,,,
2014-03-15,Seongnam,Seoul,0,0,2.45,3.05,2.81,2014,D,,8,,,,,,,,,,,,,,,,,,,,,,,
2014-03-09,Gyeongnam,Seongnam,1,0,2.85,3.14,2.36,2014,H,,5,,,,,,,,,,,,,,,,,,,,,,,
2014-03-09,Jeju,Suwon Bluewings,0,1,2.39,3.14,2.81,2014,A,,6,,,,,,,,,,,,,,,,,,,,,,,
2014-03-09,Sangmu,Incheon,2,2,2.71,3.16,2.45,2014,D,,4,,,,,,,,,,,,,,,,,,,,,,,
2014-03-08,Jeonbuk,Busan,3,0,1.57,3.74,5.26,2014,H,,2,,,,,,,,,,,,,,,,,,,,,,,
2014-03-08,Pohang,Ulsan,0,1,2.22,3.16,3.04,2014,A,,1,,,,,,,,,,,,,,,,,,,,,,,
2014-03-08,Seoul,Jeonnam,0,1,1.54,3.81,5.62,2014,A,,3,,,,,,,,,,,,,,,,,,,,,,,
