Date,Season,Home,Away,HG,AG,Result,Result-U/O,1,X,2,Week,HW,AW,HL,AL,HGF,AGF,HAGF,HGA,AGA,HAGA,HGD,AGD,HAGD,HWGD,AWGD,HAWGD,HLGD,ALGD,HALGD,HW%,HL%,AW%,AL%,HTR
2026-08-17,2026,Hacken,Halmstad,1,0,H,U,1.31,5.34,7.38,9,1.0,0.0,1.0,3.0,6.0,3.0,3.0,7.0,11.0,-4.0,-1.0,-8.0,7.0,0.0,0.0,0.0,1.0,3.0,-2.0,37.5,12.5,0.0,71.4,
2026-08-16,2026,Kalmar,Hammarby,0,4,A,O,5.1,4.09,1.56,9,3.0,1.0,0.0,2.0,9.0,5.0,4.0,4.0,7.0,-3.0,5.0,-2.0,7.0,1.0,0.0,1.0,0.0,1.0,-1.0,62.5,12.5,28.6,42.9,
2026-08-16,2026,GAIS,Malmo FF,0,1,A,U,2.21,3.53,2.89,9,3.0,2.0,0.0,1.0,7.0,6.0,1.0,1.0,7.0,-6.0,6.0,-1.0,7.0,2.0,0.0,2.0,0.0,1.0,-1.0,50.0,12.5,50.0,25.0,
2026-08-16,2026,Djurgarden,AIK,1,3,A,O,1.37,4.97,6.6,9,2.0,3.0,2.0,0.0,12.0,8.0,4.0,5.0,5.0,0.0,7.0,3.0,4.0,2.0,0.0,2.0,0.0,0.0,0.0,50.0,37.5,44.4,11.1,
2026-08-16,2026,Degerfors,Goteborg,3,0,H,O,3.25,3.26,2.13,9,0.0,2.0,3.0,2.0,3.0,9.0,-6.0,8.0,14.0,-6.0,-5.0,-5.0,0.0,0.0,0.0,0.0,1.0,2.0,-1.0,12.5,62.5,25.0,50.0,
2026-08-16,2026,Brommapojkarna,Orgryte,3,1,H,O,1.75,3.9,3.92,8,0.0,1.0,2.0,3.0,4.0,3.0,1.0,6.0,7.0,-1.0,-2.0,-4.0,2.0,0.0,1.0,-1.0,0.0,3.0,-3.0,14.3,42.9,25.0,75.0,
2026-08-15,2026,Mjallby,Sirius,4,3,H,O,2.92,3.52,2.19,8,0.0,4.0,3.0,0.0,1.0,10.0,-9.0,4.0,2.0,2.0,-3.0,8.0,-11.0,0.0,3.0,-3.0,0.0,0.0,0.0,28.6,57.1,87.5,0.0,
2026-08-14,2026,Elfsborg,Vasteras SK,3,0,H,O,1.57,4.02,5.07,9,0.0,2.0,2.0,1.0,4.0,6.0,-2.0,7.0,9.0,-2.0,-3.0,-3.0,0.0,0.0,1.0,-1.0,1.0,1.0,0.0,37.5,25.0,50.0,37.5,
2026-08-10,2026,Vasteras SK,Djurgarden,1,0,H,U,5.09,4.19,1.54,8,2.0,3.0,1.0,0.0,9.0,9.0,0.0,6.0,4.0,2.0,3.0,5.0,-2.0,2.0,2.0,0.0,0.0,0.0,0.0,28.6,28.6,66.7,16.7,
2026-08-10,2026,Sirius,Brommapojkarna,2,2,D,O,1.41,4.57,6.41,8,3.0,1.0,0.0,2.0,12.0,5.0,7.0,6.0,7.0,-1.0,6.0,-2.0,8.0,2.0,0.0,2.0,0.0,1.0,-1.0,85.7,0.0,37.5,37.5,
2026-08-09,2026,Malmo FF,Degerfors,1,2,A,O,1.43,4.3,6.44,8,2.0,0.0,2.0,4.0,12.0,1.0,11.0,7.0,10.0,-3.0,5.0,-9.0,14.0,2.0,0.0,2.0,0.0,3.0,-3.0,42.9,57.1,14.3,57.1,
2026-08-09,2026,Hammarby,Hacken,3,0,H,O,1.5,4.54,5.02,9,3.0,2.0,1.0,1.0,11.0,7.0,4.0,3.0,5.0,-2.0,8.0,2.0,6.0,3.0,1.0,2.0,0.0,0.0,0.0,75.0,12.5,42.9,14.3,
2026-08-09,2026,Halmstad,GAIS,0,2,A,U,4.78,3.95,1.6,9,1.0,1.0,3.0,2.0,3.0,3.0,0.0,7.0,5.0,2.0,-4.0,-2.0,-2.0,1.0,0.0,1.0,3.0,1.0,2.0,12.5,62.5,14.3,57.1,
2026-08-09,2026,Goteborg,Kalmar,3,2,H,O,2.38,3.32,2.72,8,2.0,0.0,1.0,3.0,6.0,1.0,5.0,4.0,7.0,-3.0,2.0,-6.0,8.0,1.0,0.0,1.0,0.0,2.0,-2.0,28.6,42.9,0.0,85.7,
2026-08-08,2026,Orgryte,AIK,3,4,A,O,2.55,3.45,2.48,8,1.0,3.0,1.0,0.0,8.0,6.0,2.0,8.0,3.0,5.0,0.0,3.0,-3.0,0.0,0.0,0.0,0.0,0.0,0.0,14.3,28.6,37.5,12.5,
2026-08-08,2026,Mjallby,Elfsborg,0,1,A,U,2.75,3.13,2.48,7,1.0,1.0,2.0,1.0,3.0,5.0,-2.0,3.0,5.0,-2.0,0.0,0.0,0.0,1.0,0.0,1.0,0.0,0.0,0.0,33.3,50.0,28.6,28.6,
2026-08-03,2026,Halmstad,Sirius,0,2,A,U,6.88,4.75,1.35,8,1.0,4.0,2.0,0.0,4.0,11.0,-7.0,6.0,4.0,2.0,-2.0,7.0,-9.0,1.0,2.0,-1.0,2.0,0.0,2.0,14.3,57.1,85.7,0.0,
2026-08-03,2026,Djurgarden,Vasteras SK,6,0,H,O,1.5,4.35,4.93,8,2.0,2.0,2.0,1.0,12.0,6.0,6.0,5.0,6.0,-1.0,7.0,0.0,7.0,2.0,1.0,1.0,0.0,1.0,-1.0,42.9,42.9,57.1,28.6,
2026-08-02,2026,Goteborg,Degerfors,2,0,H,U,1.74,3.53,4.19,7,1.0,0.0,2.0,3.0,4.0,2.0,2.0,5.0,9.0,-4.0,-1.0,-7.0,6.0,0.0,0.0,0.0,0.0,2.0,-2.0,16.7,50.0,16.7,50.0,H
2026-08-02,2026,Brommapojkarna,Malmo FF,1,2,A,O,3.06,3.56,2.04,7,1.0,1.0,1.0,2.0,4.0,6.0,-2.0,4.0,9.0,-5.0,0.0,-3.0,3.0,0.0,0.0,0.0,0.0,1.0,-1.0,16.7,33.3,42.9,28.6,D
2026-08-02,2026,AIK,Orgryte,0,3,A,O,1.51,4.11,5.26,7,1.0,0.0,3.0,4.0,4.0,0.0,4.0,8.0,9.0,-1.0,-4.0,-9.0,5.0,1.0,0.0,1.0,2.0,4.0,-2.0,50.0,50.0,14.3,85.7,A
2026-08-01,2026,Hacken,Kalmar,1,1,D,U,1.7,3.89,3.99,8,2.0,0.0,1.0,4.0,8.0,2.0,6.0,8.0,9.0,-1.0,0.0,-7.0,7.0,0.0,0.0,0.0,1.0,2.0,-1.0,42.9,14.3,0.0,100.0,D
2026-07-27,2026,Hacken,AIK,0,0,D,U,1.86,3.87,3.29,7,2.0,3.0,1.0,0.0,10.0,7.0,3.0,10.0,4.0,6.0,0.0,3.0,-3.0,0.0,0.0,0.0,1.0,0.0,1.0,50.0,16.7,42.9,14.3,
2026-07-26,2026,Sirius,Goteborg,4,1,H,O,1.45,4.5,5.44,7,3.0,2.0,0.0,2.0,11.0,8.0,3.0,7.0,16.0,-9.0,4.0,-8.0,12.0,1.0,0.0,1.0,0.0,2.0,-2.0,83.3,0.0,28.6,42.9,H
2026-07-26,2026,Malmo FF,Elfsborg,1,2,A,O,1.96,3.49,3.32,7,2.0,0.0,2.0,2.0,13.0,4.0,9.0,8.0,6.0,2.0,5.0,-2.0,7.0,2.0,0.0,2.0,0.0,0.0,0.0,50.0,50.0,16.7,33.3,A
2026-07-26,2026,GAIS,Halmstad,1,1,D,U,1.49,4.11,5.45,8,3.0,0.0,0.0,4.0,7.0,2.0,5.0,1.0,12.0,-11.0,6.0,-10.0,16.0,2.0,0.0,2.0,0.0,4.0,-4.0,57.1,14.3,0.0,83.3,D
2026-07-26,2026,Brommapojkarna,Hammarby,1,1,D,U,6.74,4.71,1.36,6,1.0,2.0,2.0,2.0,4.0,5.0,-1.0,5.0,6.0,-1.0,-1.0,-1.0,0.0,0.0,0.0,0.0,0.0,1.0,-1.0,20.0,40.0,33.3,50.0,D
2026-07-25,2026,Kalmar,Mjallby,2,1,H,O,2.51,3.33,2.49,8,3.0,1.0,0.0,0.0,9.0,10.0,-1.0,3.0,7.0,-4.0,6.0,3.0,3.0,2.0,1.0,1.0,0.0,0.0,0.0,57.1,14.3,28.6,14.3,D
2026-07-25,2026,Degerfors,Djurgarden,0,1,A,U,4.66,3.8,1.61,8,0.0,2.0,2.0,1.0,4.0,9.0,-5.0,8.0,6.0,2.0,-4.0,3.0,-7.0,0.0,2.0,-2.0,1.0,0.0,1.0,14.3,57.1,60.0,20.0,A
2026-07-24,2026,Vasteras SK,Orgryte,2,0,H,U,1.53,4.1,4.91,7,1.0,0.0,2.0,4.0,7.0,0.0,7.0,7.0,11.0,-4.0,0.0,-11.0,11.0,1.0,0.0,1.0,0.0,4.0,-4.0,16.7,33.3,16.7,83.3,
2026-07-20,2026,Orgryte,Djurgarden,0,0,D,U,7.17,5.21,1.32,7,1.0,3.0,1.0,1.0,9.0,10.0,-1.0,9.0,6.0,3.0,0.0,4.0,-4.0,0.0,2.0,-2.0,0.0,0.0,0.0,16.7,33.3,75.0,25.0,
2026-07-20,2026,Kalmar,Malmo FF,2,2,D,O,2.36,3.4,2.64,7,4.0,2.0,0.0,2.0,9.0,5.0,4.0,2.0,7.0,-5.0,7.0,-2.0,9.0,2.0,0.0,2.0,0.0,1.0,-1.0,66.7,16.7,50.0,33.3,
2026-07-19,2026,Hammarby,Degerfors,4,0,H,O,1.19,6.21,11.38,8,3.0,0.0,1.0,2.0,10.0,3.0,7.0,3.0,6.0,-3.0,7.0,-3.0,10.0,3.0,0.0,3.0,0.0,1.0,-1.0,71.4,14.3,20.0,40.0,H
2026-07-19,2026,Halmstad,Hacken,0,2,A,U,4.82,4.25,1.52,7,1.0,1.0,2.0,1.0,5.0,6.0,-1.0,7.0,6.0,1.0,-2.0,0.0,-2.0,1.0,0.0,1.0,2.0,0.0,2.0,16.7,50.0,33.3,16.7,D
2026-07-19,2026,Elfsborg,Sirius,1,3,A,O,3.34,3.5,1.95,8,1.0,3.0,1.0,0.0,5.0,10.0,-5.0,4.0,5.0,-1.0,1.0,5.0,-4.0,1.0,1.0,0.0,0.0,0.0,0.0,42.9,14.3,83.3,0.0,D
2026-07-18,2026,AIK,GAIS,2,0,H,U,2.82,3.35,2.25,6,1.0,1.0,3.0,1.0,3.0,5.0,-2.0,8.0,5.0,3.0,-5.0,0.0,-5.0,0.0,0.0,0.0,2.0,0.0,2.0,40.0,60.0,16.7,50.0,D
2026-07-17,2026,Mjallby,Vasteras SK,0,0,D,U,1.71,3.74,4.11,6,2.0,3.0,2.0,1.0,6.0,8.0,-2.0,3.0,7.0,-4.0,3.0,1.0,2.0,2.0,1.0,1.0,0.0,1.0,-1.0,40.0,60.0,66.7,33.3,
2026-07-17,2026,Goteborg,Brommapojkarna,2,1,H,O,1.82,3.65,3.62,6,0.0,2.0,2.0,1.0,4.0,7.0,-3.0,6.0,6.0,0.0,-2.0,1.0,-3.0,0.0,1.0,-1.0,0.0,1.0,-1.0,0.0,60.0,42.9,28.6,
2026-07-13,2026,Djurgarden,Halmstad,3,0,H,O,1.19,6.39,10.63,7,1.0,0.0,2.0,3.0,10.0,3.0,7.0,6.0,10.0,-4.0,4.0,-7.0,11.0,1.0,0.0,1.0,0.0,3.0,-3.0,33.3,50.0,0.0,80.0,
2026-07-12,2026,Vasteras SK,Degerfors,2,0,H,U,2.04,3.29,3.29,6,0.0,1.0,2.0,1.0,8.0,6.0,2.0,10.0,4.0,6.0,-2.0,2.0,-4.0,0.0,1.0,-1.0,0.0,0.0,0.0,0.0,40.0,25.0,25.0,H
2026-07-12,2026,Malmo FF,Goteborg,4,0,H,O,1.87,3.69,3.42,6,1.0,2.0,3.0,1.0,11.0,9.0,2.0,11.0,13.0,-2.0,0.0,-4.0,4.0,1.0,0.0,1.0,0.0,1.0,-1.0,40.0,60.0,33.3,33.3,H
2026-07-12,2026,Hammarby,Kalmar,2,0,H,U,1.36,4.74,6.63,7,2.0,0.0,1.0,4.0,9.0,2.0,7.0,4.0,8.0,-4.0,5.0,-6.0,11.0,2.0,0.0,2.0,0.0,1.0,-1.0,66.7,16.7,0.0,100.0,H
2026-07-12,2026,GAIS,Elfsborg,1,0,H,U,1.73,3.55,4.2,7,3.0,1.0,0.0,1.0,10.0,5.0,5.0,1.0,5.0,-4.0,9.0,0.0,9.0,3.0,0.0,3.0,0.0,0.0,0.0,50.0,16.7,20.0,20.0,D
2026-07-12,2026,Brommapojkarna,Sirius,1,2,A,O,4.53,4.05,1.59,5,1.0,3.0,1.0,0.0,5.0,11.0,-6.0,5.0,6.0,-1.0,0.0,5.0,-5.0,0.0,1.0,-1.0,0.0,0.0,0.0,25.0,25.0,80.0,0.0,A
2026-07-11,2026,Orgryte,Hacken,4,3,H,O,5.44,4.54,1.44,6,0.0,1.0,2.0,0.0,6.0,6.0,0.0,8.0,5.0,3.0,-2.0,1.0,-3.0,0.0,0.0,0.0,0.0,0.0,0.0,0.0,40.0,40.0,0.0,A
2026-07-11,2026,Mjallby,AIK,1,2,A,O,2.16,3.43,2.88,5,2.0,2.0,2.0,0.0,5.0,6.0,-1.0,3.0,4.0,-1.0,2.0,2.0,0.0,2.0,0.0,2.0,1.0,0.0,1.0,50.0,50.0,33.3,16.7,D
2026-07-06,2026,Hacken,Djurgarden,2,4,A,O,2.35,3.63,2.5,6,3.0,,0.0,,10.0,,,7.0,,,3.0,,,0.0,,,0.0,,,60.0,0.0,66.7,33.3,
2026-07-06,2026,Brommapojkarna,GAIS,1,1,D,U,2.82,3.32,2.25,4,,1.0,,2.0,,5.0,,,6.0,,,-1.0,,,0.0,,,0.0,,33.3,33.3,20.0,60.0,
2026-07-05,2026,Kalmar,Orgryte,3,0,H,O,1.37,4.63,6.68,6,3.0,0.0,0.0,4.0,7.0,1.0,6.0,3.0,16.0,-13.0,4.0,-15.0,19.0,1.0,0.0,1.0,0.0,4.0,-4.0,60.0,20.0,20.0,80.0,H
2026-07-05,2026,Goteborg,AIK,1,2,A,O,1.96,3.44,3.4,5,0.0,1.0,2.0,1.0,3.0,5.0,-2.0,6.0,5.0,1.0,-3.0,0.0,-3.0,0.0,0.0,0.0,1.0,0.0,1.0,0.0,50.0,20.0,20.0,D
2026-07-05,2026,Elfsborg,Hammarby,1,2,A,O,3.83,3.64,1.77,7,1.0,1.0,0.0,2.0,5.0,4.0,1.0,3.0,6.0,-3.0,2.0,-2.0,4.0,1.0,0.0,1.0,0.0,1.0,-1.0,50.0,0.0,20.0,60.0,D
2026-07-04,2026,Halmstad,Vasteras SK,1,3,A,O,2.77,3.21,2.35,6,1.0,2.0,1.0,2.0,5.0,6.0,-1.0,5.0,10.0,-5.0,0.0,-4.0,4.0,1.0,0.0,1.0,1.0,2.0,-1.0,20.0,40.0,60.0,40.0,A
2026-07-04,2026,Degerfors,Malmo FF,0,1,A,U,2.91,3.2,2.26,7,1.0,2.0,1.0,2.0,6.0,5.0,1.0,8.0,7.0,1.0,-2.0,-2.0,0.0,0.0,0.0,0.0,1.0,1.0,0.0,16.7,50.0,40.0,40.0,D
2026-07-03,2026,Sirius,Mjallby,4,4,D,O,1.61,3.93,4.5,6,4.0,2.0,0.0,0.0,11.0,9.0,2.0,4.0,5.0,-1.0,7.0,4.0,3.0,2.0,1.0,1.0,0.0,0.0,0.0,100.0,0.0,33.3,16.7,
2026-05-31,2026,Vasteras SK,Goteborg,4,5,A,O,2.51,3.28,2.54,5,0.0,1.0,1.0,1.0,6.0,5.0,1.0,7.0,10.0,-3.0,-1.0,-5.0,4.0,0.0,0.0,0.0,0.0,1.0,-1.0,0.0,25.0,20.0,40.0,A
2026-05-31,2026,Hacken,Hammarby,3,2,H,O,2.86,3.59,2.14,5,2.0,1.0,0.0,2.0,9.0,2.0,7.0,7.0,5.0,2.0,2.0,-3.0,5.0,0.0,0.0,0.0,0.0,2.0,-2.0,50.0,0.0,25.0,50.0,A
2026-05-31,2026,Degerfors,Brommapojkarna,2,2,D,O,2.15,3.21,3.12,6,1.0,3.0,2.0,1.0,4.0,7.0,-3.0,7.0,5.0,2.0,-3.0,2.0,-5.0,0.0,1.0,-1.0,1.0,1.0,0.0,20.0,60.0,50.0,33.3,A
2026-05-30,2026,Malmo FF,Halmstad,5,2,H,O,1.48,4.13,5.7,5,1.0,0.0,3.0,3.0,9.0,2.0,7.0,10.0,7.0,3.0,-1.0,-5.0,4.0,1.0,0.0,1.0,0.0,2.0,-2.0,25.0,75.0,0.0,75.0,D
2026-05-30,2026,GAIS,Kalmar,3,0,H,O,2.03,3.33,3.28,6,2.0,0.0,0.0,4.0,7.0,4.0,3.0,1.0,8.0,-7.0,6.0,-4.0,10.0,2.0,0.0,2.0,0.0,0.0,0.0,40.0,20.0,0.0,100.0,H
2026-05-30,2026,AIK,Sirius,0,3,A,O,3.24,3.6,1.96,5,2.0,3.0,2.0,0.0,5.0,11.0,-6.0,6.0,6.0,0.0,-1.0,5.0,-6.0,0.0,1.0,-1.0,1.0,0.0,1.0,50.0,50.0,75.0,0.0,A
2026-05-29,2026,Orgryte,Elfsborg,2,2,D,O,4.29,3.68,1.7,5,0.0,1.0,2.0,1.0,5.0,5.0,0.0,7.0,5.0,2.0,-2.0,0.0,-2.0,0.0,0.0,0.0,0.0,0.0,0.0,0.0,50.0,25.0,25.0,
2026-05-25,2026,Goteborg,Mjallby,1,1,D,U,2.41,3.19,2.75,4,,2.0,,0.0,,8.0,,,4.0,,,4.0,,,1.0,,,0.0,,0.0,66.7,40.0,20.0,
2026-05-25,2026,Elfsborg,Hacken,1,1,D,U,2.67,3.36,2.37,6,2.0,2.0,0.0,0.0,6.0,7.0,-1.0,3.0,4.0,-1.0,3.0,3.0,0.0,1.0,1.0,0.0,0.0,0.0,0.0,60.0,0.0,50.0,0.0,
2026-05-24,2026,Sirius,GAIS,2,1,H,O,1.68,3.75,4.31,5,4.0,1.0,0.0,2.0,11.0,5.0,6.0,3.0,7.0,-4.0,8.0,-2.0,10.0,3.0,0.0,3.0,0.0,1.0,-1.0,100.0,0.0,25.0,50.0,H
2026-05-24,2026,Malmo FF,Vasteras SK,2,3,A,O,1.7,3.66,4.31,4,,2.0,,2.0,,4.0,,,8.0,,,-4.0,,,0.0,,,2.0,,33.3,66.7,50.0,50.0,A
2026-05-24,2026,Hammarby,AIK,1,2,A,O,1.43,4.36,6.05,6,3.0,0.0,0.0,1.0,16.0,5.0,11.0,3.0,6.0,-3.0,13.0,-1.0,14.0,3.0,0.0,3.0,0.0,0.0,0.0,80.0,0.0,0.0,25.0,D
2026-05-23,2026,Kalmar,Degerfors,2,1,H,O,1.85,3.31,4.01,5,2.0,,1.0,,5.0,,,3.0,,,2.0,,,1.0,,,0.0,,,50.0,25.0,33.3,0.0,H
2026-05-23,2026,Halmstad,Orgryte,2,0,H,U,1.98,3.42,3.37,5,0.0,1.0,2.0,3.0,3.0,3.0,0.0,8.0,14.0,-6.0,-5.0,-11.0,6.0,0.0,1.0,-1.0,2.0,3.0,-1.0,0.0,50.0,25.0,75.0,H
2026-05-22,2026,Djurgarden,Brommapojkarna,1,2,A,O,1.43,4.43,6.0,6,1.0,2.0,2.0,2.0,9.0,5.0,4.0,5.0,7.0,-2.0,4.0,-2.0,6.0,1.0,1.0,0.0,0.0,2.0,-2.0,40.0,40.0,40.0,40.0,
2026-05-21,2026,Elfsborg,Mjallby,1,1,D,U,2.12,3.16,3.25,5,3.0,2.0,0.0,1.0,7.0,7.0,0.0,2.0,6.0,-4.0,5.0,1.0,4.0,2.0,1.0,1.0,0.0,1.0,-1.0,75.0,0.0,50.0,25.0,
2026-05-20,2026,GAIS,Hammarby,2,0,H,U,3.05,3.27,2.17,5,1.0,,1.0,,5.0,,,2.0,,,3.0,,,1.0,,,0.0,,,25.0,25.0,33.3,33.3,
2026-05-19,2026,Orgryte,Goteborg,2,3,A,O,3.93,3.64,1.76,4,,0.0,,2.0,,2.0,,,10.0,,,-8.0,,,0.0,,,2.0,,0.0,33.3,0.0,50.0,A
2026-05-18,2026,Djurgarden,Sirius,2,3,A,O,2.1,3.62,2.92,5,2.0,,1.0,,10.0,,,4.0,,,6.0,,,1.0,,,0.0,,,50.0,25.0,66.7,0.0,
2026-05-17,2026,Vasteras SK,AIK,1,1,D,U,3.19,3.28,2.09,4,,,,,,,,,,,,,,,,,,,,0.0,33.3,0.0,33.3,D
2026-05-17,2026,Mjallby,Hacken,0,1,A,U,2.27,3.34,2.79,4,,,,,,,,,,,,,,,,,,,,66.7,33.3,33.3,0.0,D
2026-05-17,2026,Hammarby,Malmo FF,4,1,H,O,1.4,4.64,6.19,5,3.0,2.0,0.0,1.0,15.0,5.0,10.0,2.0,4.0,-2.0,13.0,1.0,12.0,3.0,0.0,3.0,0.0,0.0,0.0,75.0,0.0,50.0,25.0,H
2026-05-17,2026,Brommapojkarna,Kalmar,1,0,H,U,2.62,3.31,2.42,3,,,,,,,,,,,,,,,,,,,,0.0,50.0,0.0,100.0,H
2026-05-16,2026,Halmstad,Elfsborg,1,1,D,U,3.6,3.27,1.95,4,,,,,,,,,,,,,,,,,,,,0.0,66.7,33.3,33.3,H
2026-05-16,2026,GAIS,Degerfors,1,1,D,U,1.65,3.48,4.99,4,,,,,,,,,,,,,,,,,,,,33.3,33.3,50.0,0.0,H
2026-05-11,2026,Sirius,Orgryte,2,0,H,U,1.17,6.76,11.47,4,,,,,,,,,,,,,,,,,,,,100.0,0.0,33.3,66.7,
2026-05-10,2026,Kalmar,Halmstad,2,0,H,U,1.63,3.6,5.06,4,,,,,,,,,,,,,,,,,,,,33.3,33.3,0.0,66.7,D
2026-05-10,2026,Hacken,Malmo FF,3,2,H,O,2.05,3.5,3.13,4,,,,,,,,,,,,,,,,,,,,33.3,0.0,66.7,0.0,H
2026-05-10,2026,AIK,Djurgarden,2,4,A,O,2.63,3.31,2.45,4,,,,,,,,,,,,,,,,,,,,66.7,33.3,50.0,50.0,A
2026-05-09,2026,Vasteras SK,GAIS,0,1,A,U,3.04,3.33,2.17,3,,,,,,,,,,,,,,,,,,,,0.0,0.0,0.0,66.7,D
2026-05-09,2026,Goteborg,Hammarby,0,1,A,U,5.23,4.06,1.54,3,,,,,,,,,,,,,,,,,,,,0.0,50.0,0.0,50.0,D
2026-05-09,2026,Degerfors,Mjallby,1,4,A,O,3.45,3.19,2.06,5,1.0,,2.0,,3.0,,,6.0,,,-3.0,,,0.0,,,1.0,,,25.0,50.0,33.3,33.3,A
2026-05-08,2026,Elfsborg,Brommapojkarna,2,0,H,U,1.79,3.48,4.07,4,,2.0,,1.0,,7.0,,,7.0,,,0.0,,,1.0,,,1.0,,66.7,0.0,50.0,25.0,
2026-05-04,2026,Halmstad,Brommapojkarna,1,3,A,O,2.85,3.17,2.37,3,,,,,,,,,,,,,,,,,,,,0.0,50.0,33.3,33.3,
2026-05-04,2026,Djurgarden,Goteborg,6,0,H,O,1.6,3.86,4.82,4,,,,,,,,,,,,,,,,,,,,33.3,33.3,0.0,33.3,
2026-05-03,2026,Malmo FF,Mjallby,2,3,A,O,2.53,3.25,2.59,3,,,,,,,,,,,,,,,,,,,,50.0,50.0,0.0,50.0,A
2026-05-03,2026,Hammarby,Vasteras SK,3,0,H,O,1.31,5.03,7.75,4,,,,,,,,,,,,,,,,,,,,66.7,0.0,66.7,33.3,D
2026-05-03,2026,GAIS,Orgryte,4,0,H,O,1.46,4.3,5.78,3,,,,,,,,,,,,,,,,,,,,0.0,50.0,50.0,50.0,H
2026-05-03,2026,Elfsborg,AIK,1,1,D,U,2.66,3.16,2.51,3,,,,,,,,,,,,,,,,,,,,100.0,0.0,0.0,50.0,D
2026-05-02,2026,Sirius,Kalmar,3,2,H,O,1.43,4.36,6.17,3,,,,,,,,,,,,,,,,,,,,100.0,0.0,0.0,100.0,A
2026-05-02,2026,Degerfors,Hacken,1,1,D,U,3.0,3.24,2.24,4,,,,,,,,,,,,,,,,,,,,33.3,66.7,50.0,0.0,A
2026-04-27,2026,Orgryte,Degerfors,1,1,D,U,3.3,3.32,2.05,3,,,,,,,,,,,,,,,,,,,,0.0,50.0,100.0,0.0,
2026-04-27,2026,Mjallby,Halmstad,2,0,H,U,1.35,4.52,7.75,3,,,,,,,,,,,,,,,,,,,,50.0,50.0,0.0,50.0,
2026-04-27,2026,Kalmar,Elfsborg,2,1,H,O,2.42,3.13,2.79,3,,,,,,,,,,,,,,,,,,,,0.0,50.0,50.0,0.0,
2026-04-27,2026,Hacken,Sirius,2,2,D,O,2.96,3.58,2.1,3,,,,,,,,,,,,,,,,,,,,50.0,0.0,100.0,0.0,
2026-04-27,2026,AIK,Malmo FF,0,1,A,U,2.11,3.28,3.19,3,,,,,,,,,,,,,,,,,,,,100.0,0.0,50.0,0.0,
2026-04-26,2026,Goteborg,GAIS,2,2,D,O,2.58,3.29,2.51,2,,,,,,,,,,,,,,,,,,,,0.0,100.0,0.0,100.0,H
2026-04-26,2026,Djurgarden,Hammarby,1,1,D,U,3.05,3.33,2.16,3,,,,,,,,,,,,,,,,,,,,50.0,50.0,0.0,100.0,H
2026-04-26,2026,Brommapojkarna,Vasteras SK,1,2,A,O,2.16,3.32,3.08,2,,,,,,,,,,,,,,,,,,,,0.0,0.0,50.0,50.0,D
2026-04-23,2026,Malmo FF,Sirius,2,3,A,O,2.38,3.44,2.67,2,,,,,,,,,,,,,,,,,,,,100.0,0.0,100.0,0.0,
2026-04-23,2026,Kalmar,Goteborg,1,1,D,U,2.29,3.3,2.88,2,,,,,,,,,,,,,,,,,,,,0.0,100.0,0.0,50.0,
2026-04-23,2026,GAIS,Mjallby,0,0,D,U,2.56,3.17,2.66,2,,,,,,,,,,,,,,,,,,,,0.0,100.0,0.0,100.0,
2026-04-23,2026,Degerfors,AIK,2,1,H,O,2.83,3.15,2.4,3,,,,,,,,,,,,,,,,,,,,0.0,100.0,0.0,0.0,
2026-04-22,2026,Vasteras SK,Hacken,3,3,D,O,2.93,3.46,2.2,2,,,,,,,,,,,,,,,,,,,,0.0,0.0,100.0,0.0,
2026-04-22,2026,Orgryte,Brommapojkarna,1,2,A,O,3.13,3.51,2.08,2,,,,,,,,,,,,,,,,,,,,0.0,0.0,0.0,50.0,
2026-04-22,2026,Hammarby,Halmstad,1,1,D,U,1.2,6.07,11.57,3,,,,,,,,,,,,,,,,,,,,100.0,0.0,0.0,100.0,
2026-04-22,2026,Elfsborg,Djurgarden,2,1,H,O,2.89,3.24,2.33,2,,,,,,,,,,,,,,,,,,,,100.0,0.0,100.0,0.0,
2026-04-19,2026,Hacken,GAIS,2,1,H,O,1.99,3.56,3.28,2,,,,,,,,,,,,,,,,,,,,0.0,0.0,0.0,100.0,D
2026-04-19,2026,AIK,Kalmar,1,0,H,U,1.66,3.65,4.78,2,,,,,,,,,,,,,,,,,,,,100.0,0.0,0.0,100.0,H
2026-04-18,2026,Sirius,Vasteras SK,4,1,H,O,1.51,4.01,5.64,2,,,,,,,,,,,,,,,,,,,,100.0,0.0,100.0,0.0,H
2026-04-18,2026,Mjallby,Brommapojkarna,3,0,H,O,1.49,4.1,5.89,2,,,,,,,,,,,,,,,,,,,,0.0,100.0,0.0,0.0,H
2026-04-18,2026,Hammarby,Orgryte,8,1,H,O,1.17,6.95,11.75,2,,,,,,,,,,,,,,,,,,,,100.0,0.0,100.0,0.0,H
2026-04-18,2026,Halmstad,Goteborg,1,1,D,U,3.7,3.38,1.92,2,,,,,,,,,,,,,,,,,,,,0.0,100.0,0.0,100.0,D
2026-04-17,2026,Djurgarden,Malmo FF,0,1,A,U,2.31,3.41,2.76,2,,,,,,,,,,,,,,,,,,,,100.0,0.0,0.0,0.0,
2026-04-17,2026,Degerfors,Elfsborg,0,1,A,U,2.52,3.08,2.72,2,,,,,,,,,,,,,,,,,,,,0.0,100.0,0.0,0.0,
2026-04-13,2026,Sirius,Hammarby,2,0,H,U,2.58,3.38,2.5,1,,,,,,,,,,,,,,,,,,,,,,,,
2026-04-13,2026,Brommapojkarna,AIK,2,2,D,O,3.72,3.62,1.86,1,,,,,,,,,,,,,,,,,,,,,,,,
2026-04-12,2026,Malmo FF,GAIS,3,1,H,O,1.73,3.74,4.18,1,,,,,,,,,,,,,,,,,,,,,,,,H
2026-04-12,2026,Halmstad,Degerfors,0,3,A,O,2.84,3.07,2.46,1,,,,,,,,,,,,,,,,,,,,,,,,A
2026-04-12,2026,Djurgarden,Kalmar,3,2,H,O,1.67,3.66,4.68,1,,,,,,,,,,,,,,,,,,,,,,,,D
2026-04-11,2026,Vasteras SK,Elfsborg,2,2,D,O,2.91,3.12,2.38,1,,,,,,,,,,,,,,,,,,,,,,,,D
2026-04-11,2026,Mjallby,Orgryte,0,2,A,U,1.31,4.93,8.29,1,,,,,,,,,,,,,,,,,,,,,,,,A
2026-04-11,2026,Goteborg,Hacken,0,2,A,U,2.82,3.23,2.39,1,,,,,,,,,,,,,,,,,,,,,,,,A
2026-04-06,2026,Hacken,Brommapojkarna,2,2,D,O,1.64,3.94,4.44,1,,,,,,,,,,,,,,,,,,,,,,,,A
2026-04-06,2026,GAIS,Djurgarden,0,1,A,U,2.15,3.18,3.23,1,,,,,,,,,,,,,,,,,,,,,,,,D
2026-04-06,2026,Elfsborg,Goteborg,2,0,H,U,2.18,3.18,3.16,1,,,,,,,,,,,,,,,,,,,,,,,,D
2026-04-05,2026,Orgryte,Malmo FF,1,1,D,U,5.31,3.99,1.54,1,,,,,,,,,,,,,,,,,,,,,,,,D
2026-04-05,2026,Kalmar,Vasteras SK,0,1,A,U,2.15,3.11,3.32,1,,,,,,,,,,,,,,,,,,,,,,,,A
2026-04-05,2026,AIK,Halmstad,2,1,H,O,1.44,4.21,6.42,1,,,,,,,,,,,,,,,,,,,,,,,,H
2026-04-04,2026,Hammarby,Mjallby,3,0,H,O,1.94,3.42,3.57,1,,,,,,,,,,,,,,,,,,,,,,,,H
2026-04-04,2026,Degerfors,Sirius,0,3,A,O,3.37,3.36,2.02,1,,,,,,,,,,,,,,,,,,,,,,,,D
2025-11-09,2025,Sirius,Varnamo,3,1,H,O,1.22,6.51,9.02,15,3.0,1.0,1.0,3.0,13.0,10.0,3.0,4.0,15.0,-11.0,9.0,-5.0,14.0,3.0,0.0,3.0,1.0,1.0,0.0,42.9,42.9,7.1,78.6,H
2025-11-09,2025,Oster,Djurgarden,1,3,A,O,3.41,3.85,1.9,15,2.0,2.0,2.0,1.0,8.0,8.0,0.0,7.0,4.0,3.0,1.0,4.0,-3.0,1.0,1.0,0.0,1.0,0.0,1.0,21.4,57.1,42.9,35.7,H
2025-11-09,2025,Mjallby,Hacken,1,0,H,U,1.53,4.18,5.12,15,3.0,1.0,0.0,2.0,6.0,6.0,0.0,2.0,9.0,-7.0,4.0,-3.0,7.0,1.0,1.0,0.0,0.0,1.0,-1.0,71.4,0.0,35.7,35.7,D
2025-11-09,2025,Malmo FF,GAIS,2,1,H,O,1.91,3.68,3.46,15,1.0,2.0,2.0,1.0,5.0,5.0,0.0,7.0,5.0,2.0,-2.0,0.0,-2.0,0.0,1.0,-1.0,1.0,1.0,0.0,42.9,28.6,42.9,14.3,A
2025-11-09,2025,Hammarby,Elfsborg,3,0,H,O,1.49,4.63,5.08,15,3.0,0.0,1.0,4.0,11.0,0.0,11.0,3.0,11.0,-8.0,8.0,-11.0,19.0,2.0,0.0,2.0,0.0,4.0,-4.0,78.6,14.3,35.7,57.1,H
2025-11-09,2025,Goteborg,Norrkoping,2,0,H,U,1.68,4.01,4.2,15,1.0,0.0,3.0,3.0,2.0,3.0,-1.0,5.0,7.0,-2.0,-3.0,-4.0,1.0,0.0,0.0,0.0,1.0,1.0,0.0,42.9,50.0,21.4,50.0,D
2025-11-09,2025,Brommapojkarna,Degerfors,1,3,A,O,3.44,3.73,1.91,15,1.0,3.0,3.0,0.0,4.0,8.0,-4.0,6.0,4.0,2.0,-2.0,4.0,-6.0,1.0,1.0,0.0,2.0,0.0,2.0,28.6,71.4,42.9,50.0,A
2025-11-09,2025,AIK,Halmstad,0,2,A,U,1.33,4.68,8.19,15,1.0,2.0,1.0,2.0,7.0,3.0,4.0,7.0,5.0,2.0,0.0,-2.0,2.0,0.0,0.0,0.0,0.0,1.0,-1.0,50.0,7.1,28.6,57.1,A
2025-11-03,2025,Varnamo,Mjallby,0,5,A,O,5.46,4.32,1.49,15,1.0,4.0,2.0,0.0,6.0,6.0,0.0,10.0,0.0,10.0,-4.0,6.0,-10.0,0.0,2.0,-2.0,1.0,0.0,1.0,14.3,50.0,78.6,7.1,
2025-11-03,2025,Degerfors,Hammarby,1,1,D,U,3.22,3.56,2.03,15,0.0,2.0,3.0,1.0,1.0,8.0,-7.0,4.0,6.0,-2.0,-3.0,2.0,-5.0,0.0,1.0,-1.0,0.0,0.0,0.0,7.1,64.3,50.0,28.6,
2025-11-02,2025,Halmstad,Brommapojkarna,0,0,D,U,2.79,3.21,2.4,15,1.0,1.0,2.0,2.0,2.0,3.0,-1.0,8.0,4.0,4.0,-6.0,-1.0,-5.0,0.0,0.0,0.0,2.0,0.0,2.0,35.7,50.0,35.7,42.9,D
2025-11-02,2025,GAIS,Oster,1,1,D,U,1.39,4.59,6.78,15,4.0,1.0,0.0,2.0,9.0,4.0,5.0,4.0,10.0,-6.0,5.0,-6.0,11.0,1.0,1.0,0.0,0.0,2.0,-2.0,57.1,21.4,21.4,50.0,D
2025-11-02,2025,Elfsborg,AIK,0,3,A,O,2.28,3.55,2.73,15,1.0,1.0,2.0,3.0,9.0,4.0,5.0,7.0,7.0,0.0,2.0,-3.0,5.0,1.0,0.0,1.0,0.0,1.0,-1.0,50.0,28.6,35.7,42.9,A
2025-11-02,2025,Djurgarden,Goteborg,0,0,D,U,1.69,3.95,4.14,15,3.0,3.0,0.0,0.0,18.0,7.0,11.0,7.0,1.0,6.0,11.0,6.0,5.0,2.0,2.0,0.0,0.0,0.0,0.0,42.9,14.3,64.3,28.6,D
2025-11-01,2025,Norrkoping,Sirius,1,2,A,O,2.66,3.83,2.22,15,2.0,1.0,2.0,2.0,5.0,8.0,-3.0,8.0,13.0,-5.0,-3.0,-5.0,2.0,1.0,1.0,0.0,2.0,1.0,1.0,35.7,57.1,21.4,50.0,
2025-11-01,2025,Hacken,Malmo FF,1,1,D,U,2.3,3.74,2.61,15,1.0,2.0,2.0,1.0,4.0,9.0,-5.0,5.0,7.0,-2.0,-1.0,2.0,-3.0,1.0,2.0,-1.0,1.0,1.0,0.0,28.6,50.0,42.9,21.4,A
2025-10-27,2025,Malmo FF,Hammarby,1,3,A,O,2.12,3.35,3.16,14,1.0,1.0,1.0,2.0,4.0,6.0,-2.0,4.0,8.0,-4.0,0.0,-2.0,2.0,0.0,0.0,0.0,0.0,1.0,-1.0,46.2,23.1,46.2,30.8,
2025-10-27,2025,Brommapojkarna,GAIS,0,2,A,U,3.11,3.49,2.1,14,1.0,1.0,3.0,1.0,6.0,5.0,1.0,8.0,7.0,1.0,-2.0,-2.0,0.0,1.0,0.0,1.0,2.0,1.0,1.0,30.8,69.2,38.5,15.4,
2025-10-26,2025,Sirius,Elfsborg,4,0,H,O,1.72,4.05,3.87,14,3.0,0.0,1.0,4.0,12.0,1.0,11.0,5.0,9.0,-4.0,7.0,-8.0,15.0,3.0,0.0,3.0,1.0,3.0,-2.0,38.5,46.2,38.5,53.8,H
2025-10-26,2025,Mjallby,Norrkoping,2,1,H,O,1.78,3.72,3.95,14,2.0,1.0,0.0,2.0,5.0,4.0,1.0,2.0,6.0,-4.0,3.0,-2.0,5.0,1.0,0.0,1.0,0.0,1.0,-1.0,69.2,0.0,23.1,46.2,A
2025-10-26,2025,Halmstad,Goteborg,0,3,A,O,3.54,3.49,1.94,14,1.0,3.0,2.0,0.0,2.0,5.0,-3.0,6.0,1.0,5.0,-4.0,4.0,-8.0,0.0,1.0,-1.0,1.0,0.0,1.0,38.5,46.2,61.5,30.8,A
2025-10-26,2025,AIK,Hacken,2,2,D,O,1.94,3.44,3.55,14,2.0,2.0,1.0,2.0,7.0,9.0,-2.0,6.0,8.0,-2.0,1.0,1.0,0.0,0.0,2.0,-2.0,0.0,1.0,-1.0,53.8,7.7,38.5,38.5,H
2025-10-25,2025,Oster,Degerfors,1,2,A,O,2.87,3.34,2.29,14,2.0,2.0,2.0,1.0,8.0,8.0,0.0,7.0,6.0,1.0,1.0,2.0,-1.0,1.0,1.0,0.0,1.0,0.0,1.0,23.1,53.8,38.5,53.8,D
2025-10-25,2025,Djurgarden,Varnamo,6,2,H,O,1.22,6.27,9.38,14,2.0,1.0,0.0,3.0,13.0,8.0,5.0,6.0,10.0,-4.0,7.0,-2.0,9.0,1.0,0.0,1.0,0.0,0.0,0.0,38.5,15.4,7.7,76.9,H
2025-10-20,2025,Goteborg,Mjallby,0,2,A,U,2.81,3.31,2.34,14,2.0,4.0,2.0,0.0,4.0,7.0,-3.0,4.0,1.0,3.0,0.0,6.0,-6.0,0.0,2.0,-2.0,0.0,0.0,0.0,46.2,46.2,76.9,7.7,
2025-10-20,2025,Degerfors,Halmstad,0,1,A,U,1.95,3.25,3.75,14,0.0,2.0,2.0,2.0,1.0,4.0,-3.0,3.0,6.0,-3.0,-2.0,-2.0,0.0,0.0,0.0,0.0,0.0,1.0,-1.0,7.7,61.5,23.1,61.5,
2025-10-19,2025,Varnamo,Brommapojkarna,1,1,D,U,2.68,3.62,2.3,14,1.0,1.0,2.0,2.0,7.0,3.0,4.0,11.0,4.0,7.0,-4.0,-1.0,-3.0,0.0,0.0,0.0,1.0,0.0,1.0,15.4,53.8,38.5,46.2,D
2025-10-19,2025,Hammarby,AIK,2,1,H,O,1.67,3.66,4.69,14,3.0,1.0,1.0,3.0,12.0,3.0,9.0,4.0,7.0,-3.0,8.0,-4.0,12.0,2.0,0.0,2.0,0.0,2.0,-2.0,76.9,15.4,38.5,38.5,H
2025-10-19,2025,GAIS,Djurgarden,3,2,H,O,2.47,3.23,2.7,14,3.0,2.0,1.0,0.0,6.0,7.0,-1.0,4.0,2.0,2.0,2.0,5.0,-3.0,1.0,1.0,0.0,1.0,0.0,1.0,53.8,23.1,46.2,30.8,H
2025-10-19,2025,Elfsborg,Oster,5,1,H,O,1.74,3.87,3.95,14,0.0,1.0,2.0,1.0,6.0,4.0,2.0,8.0,6.0,2.0,-2.0,-2.0,0.0,0.0,1.0,-1.0,0.0,1.0,-1.0,46.2,30.8,23.1,46.2,H
2025-10-18,2025,Norrkoping,Malmo FF,0,2,A,U,4.59,3.91,1.63,14,2.0,2.0,2.0,1.0,5.0,10.0,-5.0,8.0,9.0,-1.0,-3.0,1.0,-4.0,1.0,1.0,0.0,2.0,1.0,1.0,38.5,53.8,38.5,23.1,A
2025-10-18,2025,Hacken,Sirius,1,1,D,U,1.96,3.88,3.15,14,1.0,2.0,3.0,2.0,4.0,8.0,-4.0,6.0,12.0,-6.0,-2.0,-4.0,2.0,1.0,1.0,0.0,1.0,1.0,0.0,30.8,53.8,23.1,53.8,D
2025-10-05,2025,Sirius,Malmo FF,5,1,H,O,2.6,3.44,2.42,13,2.0,3.0,1.0,0.0,8.0,11.0,-3.0,5.0,4.0,1.0,3.0,7.0,-4.0,2.0,2.0,0.0,1.0,0.0,1.0,33.3,50.0,41.7,16.7,H
2025-10-05,2025,Goteborg,Hammarby,1,2,A,O,2.66,3.44,2.38,13,3.0,1.0,1.0,2.0,6.0,6.0,0.0,2.0,7.0,-5.0,4.0,-1.0,5.0,1.0,1.0,0.0,0.0,1.0,-1.0,50.0,41.7,41.7,33.3,A
2025-10-05,2025,Brommapojkarna,Hacken,1,3,A,O,2.91,3.62,2.14,13,2.0,1.0,2.0,2.0,11.0,6.0,5.0,9.0,7.0,2.0,2.0,-1.0,3.0,2.0,1.0,1.0,1.0,1.0,0.0,33.3,66.7,33.3,41.7,D
2025-10-05,2025,AIK,Varnamo,2,3,A,O,1.43,4.38,6.36,13,2.0,0.0,0.0,3.0,5.0,7.0,-2.0,3.0,10.0,-7.0,2.0,-3.0,5.0,0.0,0.0,0.0,0.0,0.0,0.0,58.3,0.0,0.0,83.3,A
2025-10-04,2025,Oster,Halmstad,3,0,H,O,2.22,3.22,3.1,13,1.0,2.0,2.0,1.0,6.0,5.0,1.0,8.0,4.0,4.0,-2.0,1.0,-3.0,0.0,0.0,0.0,1.0,0.0,1.0,16.7,58.3,25.0,58.3,H
2025-10-04,2025,Mjallby,Elfsborg,2,0,H,U,1.72,3.66,4.38,13,2.0,1.0,0.0,3.0,5.0,3.0,2.0,3.0,8.0,-5.0,2.0,-5.0,7.0,0.0,0.0,0.0,0.0,2.0,-2.0,66.7,0.0,41.7,50.0,H
2025-10-04,2025,GAIS,Norrkoping,2,1,H,O,1.35,4.65,7.55,13,2.0,1.0,2.0,2.0,4.0,7.0,-3.0,4.0,10.0,-6.0,0.0,-3.0,3.0,1.0,0.0,1.0,1.0,2.0,-1.0,50.0,25.0,25.0,41.7,H
2025-10-04,2025,Degerfors,Djurgarden,1,1,D,U,3.48,3.59,1.93,13,0.0,2.0,2.0,0.0,0.0,6.0,-6.0,2.0,1.0,1.0,-2.0,5.0,-7.0,0.0,1.0,-1.0,0.0,0.0,0.0,8.3,66.7,50.0,33.3,D
2025-09-29,2025,Oster,Goteborg,0,2,A,U,3.3,3.52,2.0,12,1.0,2.0,2.0,1.0,6.0,6.0,0.0,8.0,5.0,3.0,-2.0,1.0,-3.0,0.0,0.0,0.0,1.0,0.0,1.0,18.2,54.5,58.3,33.3,
2025-09-29,2025,Djurgarden,Sirius,8,2,H,O,1.94,3.68,3.34,13,2.0,2.0,0.0,2.0,6.0,7.0,-1.0,4.0,6.0,-2.0,2.0,1.0,1.0,0.0,1.0,-1.0,0.0,0.0,0.0,33.3,16.7,25.0,50.0,
2025-09-28,2025,Malmo FF,Varnamo,3,2,H,O,1.18,6.57,11.57,13,0.0,0.0,2.0,3.0,2.0,6.0,-4.0,5.0,10.0,-5.0,-3.0,-4.0,1.0,0.0,0.0,0.0,1.0,1.0,0.0,41.7,25.0,0.0,81.8,D
2025-09-28,2025,Halmstad,Hammarby,1,0,H,U,4.46,3.81,1.67,13,0.0,2.0,2.0,1.0,1.0,9.0,-8.0,6.0,8.0,-2.0,-5.0,1.0,-6.0,0.0,1.0,-1.0,1.0,1.0,0.0,33.3,50.0,45.5,27.3,D
2025-09-28,2025,Brommapojkarna,Mjallby,0,1,A,U,3.31,3.5,2.01,12,2.0,4.0,2.0,0.0,13.0,8.0,5.0,11.0,2.0,9.0,2.0,6.0,-4.0,2.0,2.0,0.0,1.0,0.0,1.0,36.4,63.6,75.0,8.3,D
2025-09-28,2025,AIK,GAIS,1,1,D,U,2.23,3.13,3.12,12,2.0,2.0,0.0,1.0,4.0,7.0,-3.0,2.0,6.0,-4.0,2.0,1.0,1.0,0.0,1.0,-1.0,0.0,1.0,-1.0,63.6,0.0,41.7,16.7,A
2025-09-27,2025,Hacken,Norrkoping,2,0,H,U,1.61,4.19,4.43,13,0.0,1.0,4.0,1.0,3.0,7.0,-4.0,12.0,8.0,4.0,-9.0,-1.0,-8.0,0.0,0.0,0.0,2.0,1.0,1.0,25.0,58.3,27.3,36.4,D
2025-09-27,2025,Elfsborg,Degerfors,1,2,A,O,1.94,3.57,3.44,13,1.0,1.0,1.0,2.0,9.0,6.0,3.0,9.0,8.0,1.0,0.0,-2.0,2.0,0.0,1.0,-1.0,0.0,1.0,-1.0,50.0,25.0,33.3,58.3,A
2025-09-22,2025,Varnamo,Halmstad,1,2,A,O,2.21,3.45,2.88,13,1.0,1.0,2.0,2.0,8.0,3.0,5.0,12.0,6.0,6.0,-4.0,-3.0,-1.0,0.0,0.0,0.0,1.0,1.0,0.0,16.7,50.0,18.2,63.6,
2025-09-22,2025,Norrkoping,AIK,3,1,H,O,3.49,3.29,2.02,13,2.0,1.0,2.0,3.0,5.0,2.0,3.0,8.0,6.0,2.0,-3.0,-4.0,1.0,1.0,0.0,1.0,2.0,2.0,0.0,33.3,58.3,41.7,33.3,
2025-09-21,2025,Sirius,Degerfors,1,3,A,O,1.49,4.39,5.3,12,2.0,0.0,1.0,3.0,7.0,3.0,4.0,3.0,10.0,-7.0,4.0,-7.0,11.0,2.0,0.0,2.0,0.0,2.0,-2.0,36.4,45.5,27.3,63.6,H
2025-09-21,2025,Hammarby,Hacken,4,0,H,O,1.6,4.21,4.46,13,3.0,1.0,1.0,1.0,9.0,6.0,3.0,4.0,3.0,1.0,5.0,3.0,2.0,1.0,1.0,0.0,0.0,0.0,0.0,75.0,16.7,36.4,36.4,D
2025-09-21,2025,Goteborg,Brommapojkarna,0,1,A,U,1.68,3.93,4.26,12,3.0,0.0,1.0,3.0,7.0,4.0,3.0,3.0,7.0,-4.0,4.0,-3.0,7.0,1.0,0.0,1.0,0.0,0.0,0.0,54.5,36.4,33.3,50.0,D
2025-09-20,2025,Mjallby,Oster,1,1,D,U,1.46,4.23,6.16,12,3.0,1.0,0.0,1.0,6.0,3.0,3.0,2.0,5.0,-3.0,4.0,-2.0,6.0,1.0,1.0,0.0,0.0,1.0,-1.0,72.7,0.0,25.0,50.0,H
2025-09-20,2025,Malmo FF,Djurgarden,0,1,A,U,1.74,3.63,4.24,12,1.0,2.0,1.0,0.0,5.0,11.0,-6.0,5.0,2.0,3.0,0.0,9.0,-9.0,1.0,2.0,-1.0,1.0,0.0,1.0,45.5,18.2,45.5,36.4,D
2025-09-20,2025,GAIS,Elfsborg,2,0,H,U,2.09,3.39,3.2,12,2.0,1.0,2.0,3.0,5.0,3.0,2.0,4.0,7.0,-3.0,1.0,-4.0,5.0,1.0,0.0,1.0,1.0,1.0,0.0,45.5,27.3,45.5,45.5,H
2025-09-15,2025,Hacken,Goteborg,1,2,A,O,2.22,3.75,2.71,12,1.0,2.0,3.0,1.0,6.0,5.0,1.0,11.0,4.0,7.0,-5.0,1.0,-6.0,1.0,0.0,1.0,2.0,0.0,2.0,27.3,54.5,54.5,36.4,
2025-09-15,2025,AIK,Brommapojkarna,2,1,H,O,1.7,3.6,4.56,11,2.0,1.0,0.0,2.0,5.0,4.0,1.0,1.0,5.0,-4.0,4.0,-1.0,5.0,1.0,0.0,1.0,0.0,0.0,0.0,60.0,0.0,36.4,45.5,
2025-09-14,2025,Sirius,GAIS,3,0,H,O,2.7,3.49,2.32,11,1.0,3.0,2.0,0.0,5.0,10.0,-5.0,5.0,4.0,1.0,0.0,6.0,-6.0,1.0,2.0,-1.0,0.0,0.0,0.0,30.0,50.0,45.5,9.1,H
2025-09-14,2025,Oster,Varnamo,4,3,H,O,2.12,3.44,3.05,11,0.0,0.0,3.0,3.0,2.0,3.0,-1.0,6.0,7.0,-1.0,-4.0,-4.0,0.0,0.0,0.0,0.0,1.0,1.0,0.0,10.0,60.0,0.0,80.0,D
2025-09-14,2025,Elfsborg,Malmo FF,2,2,D,O,3.53,3.53,1.94,12,1.0,3.0,2.0,0.0,7.0,9.0,-2.0,9.0,2.0,7.0,-2.0,7.0,-9.0,0.0,2.0,-2.0,1.0,0.0,1.0,54.5,27.3,45.5,18.2,A
2025-09-14,2025,Djurgarden,Hammarby,3,3,D,O,2.76,3.31,2.36,12,3.0,2.0,0.0,2.0,8.0,8.0,0.0,2.0,8.0,-6.0,6.0,0.0,6.0,1.0,1.0,0.0,0.0,1.0,-1.0,36.4,18.2,50.0,30.0,A
2025-09-13,2025,Halmstad,Norrkoping,1,1,D,U,2.67,3.21,2.5,12,1.0,1.0,2.0,2.0,2.0,7.0,-5.0,5.0,10.0,-5.0,-3.0,-3.0,0.0,1.0,0.0,1.0,1.0,2.0,-1.0,36.4,54.5,30.0,40.0,H
2025-09-13,2025,Degerfors,Mjallby,0,1,A,U,4.43,3.71,1.7,12,0.0,4.0,2.0,0.0,0.0,8.0,-8.0,4.0,2.0,2.0,-4.0,6.0,-10.0,0.0,2.0,-2.0,1.0,0.0,1.0,9.1,63.6,72.7,9.1,A
2025-08-31,2025,Norrkoping,Djurgarden,0,4,A,O,3.97,3.91,1.73,12,2.0,1.0,2.0,1.0,5.0,7.0,-2.0,5.0,3.0,2.0,0.0,4.0,-4.0,1.0,1.0,0.0,1.0,0.0,1.0,36.4,54.5,40.0,40.0,A
2025-08-31,2025,Malmo FF,Degerfors,1,1,D,U,1.27,5.38,9.2,11,2.0,0.0,1.0,4.0,7.0,3.0,4.0,4.0,14.0,-10.0,3.0,-11.0,14.0,2.0,0.0,2.0,1.0,3.0,-2.0,50.0,20.0,30.0,70.0,D
2025-08-31,2025,Hammarby,Oster,4,0,H,O,1.35,4.86,7.4,12,3.0,1.0,1.0,1.0,7.0,3.0,4.0,4.0,3.0,1.0,3.0,0.0,3.0,1.0,1.0,0.0,0.0,1.0,-1.0,72.7,18.2,27.3,45.5,H
2025-08-31,2025,GAIS,Hacken,2,1,H,O,1.88,3.69,3.56,11,2.0,2.0,2.0,0.0,6.0,7.0,-1.0,5.0,1.0,4.0,1.0,6.0,-5.0,1.0,2.0,-1.0,1.0,0.0,1.0,40.0,30.0,40.0,30.0,H
2025-08-31,2025,AIK,Sirius,2,1,H,O,1.77,3.62,4.09,10,2.0,2.0,0.0,2.0,6.0,7.0,-1.0,0.0,7.0,-7.0,6.0,0.0,6.0,2.0,1.0,1.0,0.0,1.0,-1.0,55.6,0.0,27.3,45.5,A
2025-08-30,2025,Mjallby,Halmstad,1,0,H,U,1.39,4.56,6.83,11,2.0,1.0,0.0,2.0,6.0,4.0,2.0,3.0,9.0,-6.0,3.0,-5.0,8.0,1.0,0.0,1.0,0.0,2.0,-2.0,70.0,0.0,20.0,60.0,D
2025-08-30,2025,Goteborg,Varnamo,1,0,H,U,1.41,4.87,5.9,11,3.0,0.0,1.0,3.0,9.0,3.0,6.0,4.0,8.0,-4.0,5.0,-5.0,10.0,2.0,0.0,2.0,0.0,2.0,-2.0,50.0,40.0,0.0,77.8,H
2025-08-30,2025,Brommapojkarna,Elfsborg,3,0,H,O,2.29,3.61,2.68,11,2.0,2.0,2.0,2.0,12.0,5.0,7.0,11.0,5.0,6.0,1.0,0.0,1.0,2.0,0.0,2.0,1.0,0.0,1.0,30.0,70.0,50.0,40.0,D
2025-08-25,2025,Oster,Norrkoping,1,2,A,O,2.24,3.43,2.87,10,0.0,0.0,2.0,2.0,3.0,6.0,-3.0,6.0,10.0,-4.0,-3.0,-4.0,1.0,0.0,0.0,0.0,1.0,2.0,-1.0,11.1,55.6,22.2,44.4,
2025-08-25,2025,GAIS,Mjallby,0,2,A,U,2.32,3.36,2.82,10,2.0,3.0,1.0,0.0,6.0,7.0,-1.0,3.0,3.0,0.0,3.0,4.0,-1.0,1.0,1.0,0.0,0.0,0.0,0.0,44.4,22.2,70.0,10.0,
2025-08-24,2025,Varnamo,Hacken,1,5,A,O,2.73,3.68,2.24,12,2.0,1.0,1.0,1.0,8.0,2.0,6.0,7.0,3.0,4.0,1.0,-1.0,2.0,0.0,1.0,-1.0,0.0,1.0,-1.0,18.2,45.5,33.3,33.3,A
2025-08-24,2025,Sirius,Hammarby,3,1,H,O,3.83,3.82,1.79,10,1.0,3.0,2.0,1.0,5.0,9.0,-4.0,5.0,5.0,0.0,0.0,4.0,-4.0,1.0,2.0,-1.0,0.0,0.0,0.0,22.2,55.6,55.6,22.2,H
2025-08-24,2025,Malmo FF,Goteborg,0,0,D,U,1.68,3.73,4.5,10,2.0,2.0,1.0,2.0,7.0,5.0,2.0,4.0,7.0,-3.0,3.0,-2.0,5.0,2.0,0.0,2.0,1.0,1.0,0.0,55.6,22.2,60.0,40.0,D
2025-08-24,2025,Elfsborg,Halmstad,1,2,A,O,1.49,4.33,5.62,11,1.0,0.0,2.0,3.0,6.0,2.0,4.0,9.0,10.0,-1.0,-3.0,-8.0,5.0,0.0,0.0,0.0,2.0,3.0,-1.0,60.0,20.0,11.1,66.7,A
2025-08-24,2025,Djurgarden,Brommapojkarna,1,0,H,U,1.56,4.3,4.73,11,2.0,2.0,0.0,1.0,8.0,7.0,1.0,3.0,4.0,-1.0,5.0,3.0,2.0,1.0,1.0,0.0,0.0,0.0,0.0,30.0,20.0,40.0,40.0,H
2025-08-24,2025,Degerfors,AIK,0,1,A,U,3.9,3.28,1.92,11,0.0,0.0,2.0,4.0,0.0,2.0,-2.0,6.0,9.0,-3.0,-6.0,-7.0,1.0,0.0,0.0,0.0,2.0,3.0,-1.0,10.0,60.0,36.4,36.4,A
2025-08-18,2025,Varnamo,Degerfors,3,2,H,O,2.36,3.52,2.69,11,1.0,0.0,1.0,4.0,5.0,1.0,4.0,5.0,12.0,-7.0,0.0,-11.0,11.0,0.0,0.0,0.0,0.0,3.0,-3.0,10.0,50.0,33.3,66.7,
2025-08-17,2025,Mjallby,Djurgarden,1,1,D,U,2.09,3.41,3.2,10,3.0,1.0,0.0,2.0,7.0,6.0,1.0,2.0,3.0,-1.0,5.0,3.0,2.0,2.0,1.0,1.0,0.0,0.0,0.0,77.8,0.0,44.4,44.4,A
2025-08-17,2025,Hammarby,GAIS,1,2,A,O,1.84,3.68,3.72,11,4.0,3.0,0.0,0.0,7.0,11.0,-4.0,2.0,3.0,-1.0,5.0,8.0,-3.0,1.0,3.0,-2.0,0.0,0.0,0.0,80.0,10.0,40.0,10.0,D
2025-08-17,2025,Hacken,Oster,0,2,A,U,1.58,4.14,4.83,11,1.0,1.0,3.0,1.0,7.0,3.0,4.0,12.0,4.0,8.0,-5.0,-1.0,-4.0,1.0,0.0,1.0,2.0,1.0,1.0,30.0,50.0,20.0,50.0,A
2025-08-17,2025,Goteborg,AIK,2,1,H,O,2.31,3.1,3.06,10,3.0,1.0,1.0,3.0,8.0,2.0,6.0,3.0,7.0,-4.0,5.0,-5.0,10.0,2.0,0.0,2.0,0.0,3.0,-3.0,44.4,44.4,40.0,30.0,H
2025-08-17,2025,Brommapojkarna,Sirius,2,4,A,O,2.05,3.83,3.01,10,2.0,1.0,2.0,2.0,11.0,5.0,6.0,10.0,7.0,3.0,1.0,-2.0,3.0,2.0,0.0,2.0,1.0,1.0,0.0,33.3,66.7,20.0,50.0,D
2025-08-16,2025,Norrkoping,Elfsborg,2,1,H,O,3.19,3.73,2.0,11,1.0,2.0,3.0,1.0,3.0,4.0,-1.0,7.0,3.0,4.0,-4.0,1.0,-5.0,1.0,0.0,1.0,2.0,0.0,2.0,30.0,60.0,55.6,33.3,H
2025-08-16,2025,Halmstad,Malmo FF,0,4,A,O,4.76,3.77,1.65,11,2.0,2.0,1.0,0.0,3.0,6.0,-3.0,1.0,3.0,-2.0,2.0,3.0,-1.0,1.0,1.0,0.0,0.0,0.0,0.0,40.0,50.0,40.0,20.0,A
2025-08-11,2025,GAIS,Goteborg,0,1,A,U,2.05,3.43,3.28,9,3.0,2.0,0.0,2.0,8.0,7.0,1.0,3.0,8.0,-5.0,5.0,-1.0,6.0,1.0,1.0,0.0,0.0,1.0,-1.0,50.0,12.5,55.6,44.4,
2025-08-11,2025,Elfsborg,Varnamo,2,2,D,O,1.41,4.84,5.99,10,2.0,0.0,2.0,4.0,8.0,1.0,7.0,7.0,8.0,-1.0,1.0,-7.0,8.0,1.0,0.0,1.0,2.0,3.0,-1.0,66.7,22.2,0.0,87.5,
2025-08-10,2025,Oster,Brommapojkarna,1,1,D,U,2.69,3.53,2.34,9,0.0,2.0,2.0,2.0,3.0,6.0,-3.0,6.0,4.0,2.0,-3.0,2.0,-5.0,0.0,1.0,-1.0,1.0,0.0,1.0,12.5,62.5,44.4,44.4,H
2025-08-10,2025,Norrkoping,Hammarby,0,2,A,U,4.83,4.22,1.56,10,1.0,2.0,2.0,1.0,4.0,7.0,-3.0,6.0,5.0,1.0,-2.0,2.0,-4.0,1.0,1.0,0.0,1.0,0.0,1.0,33.3,55.6,50.0,25.0,D
2025-08-10,2025,Degerfors,Hacken,0,0,D,U,3.05,3.45,2.15,10,0.0,1.0,3.0,1.0,1.0,3.0,-2.0,8.0,4.0,4.0,-7.0,-1.0,-6.0,0.0,1.0,-1.0,2.0,1.0,1.0,11.1,66.7,37.5,37.5,D
2025-08-10,2025,AIK,Djurgarden,0,0,D,U,2.41,3.04,2.94,9,2.0,2.0,0.0,2.0,6.0,7.0,-1.0,0.0,3.0,-3.0,6.0,4.0,2.0,2.0,1.0,1.0,0.0,0.0,0.0,62.5,0.0,50.0,50.0,D
2025-08-09,2025,Malmo FF,Mjallby,1,3,A,O,1.89,3.43,3.82,9,3.0,3.0,0.0,0.0,9.0,6.0,3.0,1.0,3.0,-2.0,8.0,3.0,5.0,3.0,0.0,3.0,0.0,0.0,0.0,62.5,12.5,66.7,11.1,D
2025-08-09,2025,Halmstad,Sirius,0,1,A,U,3.19,3.4,2.11,10,2.0,0.0,1.0,3.0,4.0,5.0,-1.0,4.0,9.0,-5.0,0.0,-4.0,4.0,1.0,0.0,1.0,1.0,1.0,0.0,44.4,44.4,11.1,55.6,D
2025-08-04,2025,Goteborg,Degerfors,3,0,H,O,1.64,3.89,4.68,9,2.0,1.0,2.0,3.0,5.0,3.0,2.0,4.0,10.0,-6.0,1.0,-7.0,8.0,1.0,0.0,1.0,0.0,2.0,-2.0,37.5,50.0,37.5,62.5,
2025-08-03,2025,Sirius,Oster,1,1,D,U,1.66,3.99,4.41,9,1.0,1.0,3.0,1.0,5.0,3.0,2.0,6.0,4.0,2.0,-1.0,-1.0,0.0,1.0,0.0,1.0,0.0,1.0,-1.0,25.0,62.5,22.2,55.6,D
2025-08-03,2025,Hacken,Elfsborg,1,2,A,O,3.07,3.81,2.03,10,2.0,2.0,2.0,1.0,8.0,6.0,2.0,10.0,3.0,7.0,-2.0,3.0,-5.0,2.0,1.0,1.0,2.0,0.0,2.0,33.3,44.4,50.0,37.5,D
2025-08-03,2025,Djurgarden,Halmstad,1,1,D,U,1.22,5.98,10.29,10,2.0,0.0,0.0,4.0,8.0,1.0,7.0,3.0,12.0,-9.0,5.0,-11.0,16.0,1.0,0.0,1.0,0.0,4.0,-4.0,33.3,22.2,12.5,75.0,D
2025-08-02,2025,Varnamo,GAIS,2,2,D,O,4.62,3.88,1.64,10,1.0,3.0,1.0,0.0,4.0,10.0,-6.0,4.0,2.0,2.0,0.0,8.0,-8.0,0.0,3.0,-3.0,0.0,0.0,0.0,11.1,55.6,44.4,11.1,D
2025-08-02,2025,Brommapojkarna,Norrkoping,6,4,H,O,1.66,4.22,4.16,9,1.0,1.0,3.0,1.0,5.0,4.0,1.0,7.0,5.0,2.0,-2.0,-1.0,-1.0,1.0,0.0,1.0,1.0,1.0,0.0,25.0,75.0,25.0,37.5,
2025-07-28,2025,Elfsborg,Goteborg,4,3,H,O,2.32,3.47,2.78,9,2.0,3.0,2.0,1.0,8.0,7.0,1.0,7.0,5.0,2.0,1.0,2.0,-1.0,1.0,2.0,-1.0,2.0,1.0,1.0,62.5,25.0,62.5,37.5,
2025-07-27,2025,Varnamo,Hammarby,2,3,A,O,5.17,4.08,1.56,9,1.0,2.0,0.0,1.0,4.0,7.0,-3.0,3.0,3.0,0.0,1.0,4.0,-3.0,0.0,2.0,-2.0,0.0,0.0,0.0,12.5,50.0,42.9,28.6,H
2025-07-27,2025,Mjallby,Sirius,2,1,H,O,1.5,4.29,5.59,9,3.0,0.0,0.0,3.0,6.0,6.0,0.0,1.0,10.0,-9.0,5.0,-4.0,9.0,2.0,0.0,2.0,0.0,1.0,-1.0,75.0,0.0,12.5,50.0,A
2025-07-27,2025,Hacken,Djurgarden,1,6,A,O,3.07,3.5,2.13,9,2.0,1.0,1.0,3.0,10.0,1.0,9.0,7.0,6.0,1.0,3.0,-5.0,8.0,2.0,0.0,2.0,1.0,1.0,0.0,37.5,37.5,42.9,57.1,A
2025-07-27,2025,AIK,Oster,0,0,D,U,1.54,3.81,6.04,8,3.0,2.0,0.0,1.0,8.0,4.0,4.0,1.0,4.0,-3.0,7.0,0.0,7.0,2.0,0.0,2.0,0.0,1.0,-1.0,71.4,0.0,25.0,62.5,D
2025-07-26,2025,GAIS,Halmstad,3,0,H,O,1.3,5.11,8.83,8,2.0,1.0,0.0,3.0,6.0,2.0,4.0,4.0,9.0,-5.0,2.0,-7.0,9.0,0.0,0.0,0.0,0.0,3.0,-3.0,42.9,14.3,14.3,71.4,H
2025-07-26,2025,Degerfors,Norrkoping,0,0,D,U,2.18,3.57,2.92,9,0.0,1.0,4.0,1.0,2.0,5.0,-3.0,11.0,6.0,5.0,-9.0,-1.0,-8.0,0.0,0.0,0.0,3.0,1.0,2.0,12.5,75.0,28.6,42.9,D
2025-07-26,2025,Brommapojkarna,Malmo FF,2,3,A,O,3.56,3.62,1.91,8,1.0,1.0,3.0,1.0,3.0,3.0,0.0,5.0,2.0,3.0,-2.0,1.0,-3.0,1.0,1.0,0.0,1.0,0.0,1.0,28.6,71.4,33.3,22.2,D
2025-07-21,2025,Norrkoping,Varnamo,3,1,H,O,2.23,3.53,2.87,9,0.0,0.0,3.0,3.0,2.0,1.0,1.0,7.0,6.0,1.0,-5.0,-5.0,0.0,0.0,0.0,0.0,1.0,2.0,-1.0,25.0,62.5,0.0,85.7,
2025-07-20,2025,Sirius,Goteborg,0,1,A,U,2.64,3.5,2.41,8,2.0,2.0,2.0,2.0,7.0,6.0,1.0,5.0,6.0,-1.0,2.0,0.0,2.0,2.0,2.0,0.0,0.0,1.0,-1.0,28.6,57.1,57.1,42.9,D
2025-07-20,2025,Mjallby,AIK,2,0,H,U,2.24,3.1,3.18,8,3.0,1.0,0.0,2.0,5.0,2.0,3.0,1.0,5.0,-4.0,4.0,-3.0,7.0,1.0,0.0,1.0,0.0,2.0,-2.0,71.4,0.0,44.4,22.2,D
2025-07-20,2025,Hammarby,Brommapojkarna,3,2,H,O,1.68,4.05,4.23,10,3.0,2.0,1.0,2.0,5.0,7.0,-2.0,2.0,5.0,-3.0,3.0,2.0,1.0,1.0,1.0,0.0,0.0,0.0,0.0,77.8,11.1,50.0,37.5,A
2025-07-20,2025,Halmstad,Hacken,0,0,D,U,3.07,3.41,2.16,9,2.0,1.0,2.0,2.0,5.0,3.0,2.0,7.0,6.0,1.0,-2.0,-3.0,1.0,1.0,1.0,0.0,2.0,2.0,0.0,50.0,50.0,42.9,42.9,D
2025-07-19,2025,Oster,Malmo FF,0,2,A,U,5.85,4.17,1.5,8,0.0,0.0,2.0,1.0,3.0,3.0,0.0,5.0,4.0,1.0,-2.0,-1.0,-1.0,0.0,0.0,0.0,0.0,0.0,0.0,14.3,57.1,25.0,25.0,A
2025-07-19,2025,Djurgarden,Elfsborg,1,0,H,U,1.72,3.79,4.26,9,1.0,3.0,1.0,0.0,8.0,7.0,1.0,6.0,2.0,4.0,2.0,5.0,-3.0,1.0,1.0,0.0,1.0,0.0,1.0,25.0,25.0,57.1,28.6,H
2025-07-19,2025,Degerfors,GAIS,0,3,A,O,3.7,3.53,1.9,8,0.0,3.0,4.0,0.0,3.0,10.0,-7.0,12.0,3.0,9.0,-9.0,7.0,-16.0,0.0,3.0,-3.0,3.0,0.0,3.0,14.3,71.4,37.5,12.5,A
2025-07-14,2025,Sirius,Mjallby,1,2,A,O,2.6,3.42,2.48,7,2.0,3.0,1.0,0.0,7.0,7.0,0.0,4.0,3.0,1.0,3.0,4.0,-1.0,2.0,1.0,1.0,0.0,0.0,0.0,33.3,50.0,62.5,12.5,
2025-07-13,2025,Varnamo,Djurgarden,1,0,H,U,4.42,3.73,1.71,8,0.0,2.0,1.0,2.0,4.0,3.0,1.0,6.0,6.0,0.0,-2.0,-3.0,1.0,0.0,0.0,0.0,1.0,1.0,0.0,0.0,57.1,50.0,50.0,D
2025-07-13,2025,Hacken,Halmstad,4,1,H,O,1.65,3.96,4.49,8,1.0,1.0,1.0,2.0,7.0,2.0,5.0,7.0,6.0,1.0,0.0,-4.0,4.0,1.0,0.0,1.0,1.0,2.0,-1.0,28.6,42.9,16.7,66.7,
2025-07-13,2025,GAIS,Hammarby,3,2,H,O,2.47,3.21,2.75,7,1.0,2.0,0.0,0.0,4.0,6.0,-2.0,3.0,1.0,2.0,1.0,5.0,-4.0,0.0,2.0,-2.0,0.0,0.0,0.0,33.3,16.7,50.0,16.7,H
2025-07-13,2025,Brommapojkarna,Oster,2,0,H,U,1.48,4.35,5.72,7,0.0,2.0,4.0,1.0,1.0,4.0,-3.0,6.0,4.0,2.0,-5.0,0.0,-5.0,0.0,0.0,0.0,1.0,1.0,0.0,16.7,83.3,28.6,57.1,D
2025-07-13,2025,AIK,Degerfors,3,0,H,O,1.64,3.66,5.01,7,3.0,1.0,0.0,3.0,7.0,4.0,3.0,1.0,11.0,-10.0,6.0,-7.0,13.0,2.0,0.0,2.0,0.0,2.0,-2.0,66.7,0.0,42.9,57.1,H
2025-07-12,2025,Malmo FF,Norrkoping,3,1,H,O,1.24,5.78,9.95,8,2.0,2.0,1.0,0.0,7.0,7.0,0.0,2.0,4.0,-2.0,5.0,3.0,2.0,2.0,1.0,1.0,0.0,0.0,0.0,57.1,14.3,33.3,33.3,H
2025-07-12,2025,Goteborg,Elfsborg,1,2,A,O,2.4,3.35,2.73,8,2.0,2.0,2.0,1.0,5.0,5.0,0.0,4.0,3.0,1.0,1.0,2.0,-1.0,1.0,1.0,0.0,0.0,1.0,-1.0,42.9,42.9,50.0,33.3,A
2025-07-07,2025,Norrkoping,Brommapojkarna,0,1,A,U,2.51,3.78,2.41,8,0.0,2.0,3.0,2.0,2.0,8.0,-6.0,8.0,6.0,2.0,-6.0,2.0,-8.0,0.0,1.0,-1.0,2.0,0.0,2.0,28.6,57.1,42.9,42.9,
2025-07-06,2025,Halmstad,AIK,2,0,H,U,4.75,3.45,1.73,8,2.0,1.0,2.0,1.0,7.0,5.0,2.0,9.0,6.0,3.0,-2.0,-1.0,-1.0,1.0,0.0,1.0,2.0,1.0,1.0,42.9,57.1,50.0,12.5,H
2025-07-06,2025,Goteborg,Sirius,3,1,H,O,1.72,3.84,4.18,7,1.0,0.0,2.0,2.0,3.0,6.0,-3.0,4.0,8.0,-4.0,-1.0,-2.0,1.0,0.0,0.0,0.0,0.0,0.0,0.0,33.3,50.0,14.3,42.9,D
2025-07-06,2025,Elfsborg,Hacken,0,2,A,U,1.69,3.95,4.19,8,3.0,1.0,1.0,2.0,10.0,3.0,7.0,5.0,6.0,-1.0,5.0,-3.0,8.0,2.0,1.0,1.0,1.0,2.0,-1.0,71.4,14.3,33.3,50.0,A
2025-07-06,2025,Djurgarden,Degerfors,5,1,H,O,1.62,3.91,4.88,8,0.0,2.0,1.0,2.0,4.0,7.0,-3.0,6.0,9.0,-3.0,-2.0,-2.0,0.0,0.0,0.0,0.0,1.0,1.0,0.0,14.3,28.6,50.0,50.0,H
2025-07-05,2025,Oster,Mjallby,0,1,A,U,5.14,4.03,1.57,7,0.0,2.0,2.0,1.0,3.0,7.0,-4.0,7.0,5.0,2.0,-4.0,2.0,-6.0,0.0,1.0,-1.0,1.0,0.0,1.0,16.7,50.0,57.1,14.3,D
2025-07-05,2025,Hammarby,Varnamo,1,0,H,U,1.3,5.32,8.21,9,3.0,0.0,1.0,3.0,7.0,3.0,4.0,4.0,9.0,-5.0,3.0,-6.0,9.0,1.0,0.0,1.0,0.0,3.0,-3.0,75.0,12.5,0.0,83.3,D
2025-07-05,2025,GAIS,Malmo FF,0,0,D,U,2.87,3.39,2.29,6,2.0,1.0,0.0,1.0,6.0,7.0,-1.0,3.0,5.0,-2.0,3.0,2.0,1.0,1.0,1.0,0.0,0.0,0.0,0.0,40.0,20.0,28.6,28.6,D
2025-06-30,2025,Mjallby,Malmo FF,1,1,D,U,2.27,3.25,2.99,7,4.0,1.0,0.0,2.0,8.0,6.0,2.0,1.0,6.0,-5.0,7.0,0.0,7.0,2.0,1.0,1.0,0.0,1.0,-1.0,83.3,0.0,33.3,33.3,
2025-06-30,2025,Djurgarden,Norrkoping,1,1,D,U,1.62,4.09,4.58,7,1.0,2.0,1.0,1.0,4.0,6.0,-2.0,5.0,5.0,0.0,-1.0,1.0,-2.0,0.0,1.0,-1.0,1.0,1.0,0.0,16.7,33.3,40.0,40.0,
2025-06-29,2025,Varnamo,Elfsborg,0,0,D,U,3.72,3.61,1.87,7,0.0,3.0,2.0,1.0,5.0,6.0,-1.0,8.0,3.0,5.0,-3.0,3.0,-6.0,0.0,1.0,-1.0,1.0,1.0,0.0,0.0,66.7,60.0,40.0,D
2025-06-29,2025,Hacken,GAIS,1,3,A,O,2.76,3.44,2.34,7,1.0,2.0,1.0,1.0,9.0,7.0,2.0,8.0,4.0,4.0,1.0,3.0,-2.0,1.0,2.0,-1.0,0.0,1.0,-1.0,33.3,33.3,28.6,14.3,A
2025-06-29,2025,Degerfors,Brommapojkarna,0,3,A,O,2.2,3.46,2.97,7,0.0,1.0,3.0,2.0,4.0,6.0,-2.0,10.0,7.0,3.0,-6.0,-1.0,-5.0,0.0,0.0,0.0,2.0,0.0,2.0,16.7,66.7,33.3,50.0,A
2025-06-29,2025,AIK,Goteborg,3,0,H,O,2.1,3.14,3.49,6,2.0,3.0,0.0,1.0,4.0,9.0,-5.0,1.0,5.0,-4.0,3.0,4.0,-1.0,1.0,2.0,-1.0,0.0,0.0,0.0,60.0,0.0,66.7,33.3,
2025-06-28,2025,Oster,Sirius,2,2,D,O,2.62,3.35,2.49,6,0.0,0.0,3.0,3.0,1.0,7.0,-6.0,6.0,10.0,-4.0,-5.0,-3.0,-2.0,0.0,0.0,0.0,1.0,0.0,1.0,20.0,60.0,16.7,50.0,D
2025-06-28,2025,Hammarby,Halmstad,2,0,H,U,1.25,5.61,10.11,8,2.0,1.0,1.0,2.0,6.0,2.0,4.0,5.0,7.0,-2.0,1.0,-5.0,6.0,0.0,0.0,0.0,0.0,2.0,-2.0,71.4,14.3,20.0,60.0,H
2025-06-01,2025,Sirius,AIK,3,1,H,O,3.56,3.28,2.12,6,1.0,1.0,2.0,0.0,4.0,5.0,-1.0,6.0,4.0,2.0,-2.0,1.0,-3.0,1.0,0.0,1.0,1.0,0.0,1.0,20.0,60.0,57.1,0.0,H
2025-06-01,2025,Mjallby,Varnamo,2,0,H,U,1.4,4.89,7.37,6,4.0,0.0,0.0,3.0,9.0,5.0,4.0,2.0,10.0,-8.0,7.0,-5.0,12.0,2.0,0.0,2.0,0.0,2.0,-2.0,80.0,0.0,0.0,80.0,D
2025-06-01,2025,Malmo FF,Hacken,3,0,H,O,1.69,3.97,4.7,7,2.0,2.0,1.0,1.0,6.0,6.0,0.0,2.0,5.0,-3.0,4.0,1.0,3.0,2.0,1.0,1.0,0.0,1.0,-1.0,50.0,16.7,40.0,40.0,H
2025-06-01,2025,Halmstad,Djurgarden,1,0,H,U,4.11,3.41,1.92,7,1.0,2.0,3.0,2.0,7.0,3.0,4.0,12.0,7.0,5.0,-5.0,-4.0,-1.0,1.0,0.0,1.0,3.0,2.0,1.0,33.3,66.7,60.0,40.0,D
2025-06-01,2025,Brommapojkarna,Goteborg,1,3,A,O,2.63,3.52,2.54,6,1.0,3.0,3.0,1.0,3.0,7.0,-4.0,5.0,4.0,1.0,-2.0,3.0,-5.0,0.0,1.0,-1.0,0.0,0.0,0.0,20.0,80.0,60.0,40.0,A
2025-05-31,2025,Norrkoping,GAIS,0,3,A,O,3.19,3.63,2.14,7,0.0,1.0,3.0,1.0,4.0,5.0,-1.0,8.0,5.0,3.0,-4.0,0.0,-4.0,0.0,1.0,-1.0,1.0,1.0,0.0,33.3,50.0,16.7,16.7,A
2025-05-31,2025,Elfsborg,Hammarby,0,2,A,U,2.39,3.49,2.83,7,4.0,1.0,0.0,1.0,14.0,5.0,9.0,6.0,4.0,2.0,8.0,1.0,7.0,2.0,1.0,1.0,0.0,1.0,-1.0,83.3,0.0,40.0,20.0,D
2025-05-31,2025,Degerfors,Oster,1,2,A,O,1.76,3.69,4.55,6,0.0,1.0,3.0,2.0,3.0,2.0,1.0,9.0,4.0,5.0,-6.0,-2.0,-4.0,0.0,0.0,0.0,2.0,1.0,1.0,20.0,60.0,16.7,66.7,A
2025-05-29,2025,Brommapojkarna,Djurgarden,0,1,A,U,2.29,3.62,2.9,5,1.0,2.0,3.0,2.0,3.0,3.0,0.0,6.0,7.0,-1.0,-3.0,-4.0,1.0,0.0,0.0,0.0,1.0,2.0,-1.0,25.0,75.0,50.0,50.0,
2025-05-26,2025,Norrkoping,Mjallby,1,1,D,U,3.86,3.88,1.84,6,1.0,3.0,3.0,1.0,6.0,9.0,-3.0,7.0,5.0,2.0,-1.0,4.0,-5.0,1.0,2.0,-1.0,1.0,0.0,1.0,40.0,60.0,66.7,16.7,
2025-05-26,2025,Hammarby,Degerfors,1,0,H,U,1.38,5.01,7.47,7,2.0,2.0,1.0,2.0,7.0,7.0,0.0,5.0,10.0,-5.0,2.0,-3.0,5.0,1.0,0.0,1.0,0.0,2.0,-2.0,66.7,16.7,60.0,40.0,
2025-05-25,2025,Halmstad,Elfsborg,1,4,A,O,4.73,3.73,1.73,6,2.0,2.0,2.0,2.0,7.0,3.0,4.0,8.0,4.0,4.0,-1.0,-1.0,0.0,1.0,0.0,1.0,2.0,1.0,1.0,40.0,60.0,50.0,50.0,A
2025-05-25,2025,Goteborg,Malmo FF,1,0,H,U,2.8,3.47,2.43,6,0.0,1.0,3.0,1.0,4.0,6.0,-2.0,7.0,5.0,2.0,-3.0,1.0,-4.0,0.0,1.0,-1.0,0.0,1.0,-1.0,20.0,60.0,40.0,20.0,D
2025-05-25,2025,Djurgarden,Hacken,1,1,D,U,2.17,3.55,3.19,6,1.0,2.0,1.0,2.0,3.0,5.0,-2.0,4.0,6.0,-2.0,-1.0,-1.0,0.0,0.0,1.0,-1.0,1.0,2.0,-1.0,20.0,40.0,50.0,50.0,D
2025-05-25,2025,Brommapojkarna,AIK,0,1,A,U,3.25,3.49,2.16,4,,1.0,,0.0,,6.0,,,5.0,,,1.0,,,0.0,,,0.0,,33.3,66.7,50.0,0.0,A
2025-05-24,2025,Varnamo,Oster,1,1,D,U,2.03,3.37,3.75,6,0.0,1.0,3.0,3.0,4.0,1.0,3.0,8.0,4.0,4.0,-4.0,-3.0,-1.0,0.0,0.0,0.0,1.0,1.0,0.0,0.0,80.0,20.0,80.0,H
2025-05-24,2025,GAIS,Sirius,2,1,H,O,2.0,3.64,3.54,5,1.0,0.0,1.0,2.0,4.0,7.0,-3.0,3.0,9.0,-6.0,1.0,-2.0,3.0,1.0,0.0,1.0,0.0,0.0,0.0,25.0,25.0,20.0,40.0,D
2025-05-22,2025,Malmo FF,AIK,0,0,D,U,1.72,3.66,4.91,6,2.0,2.0,1.0,0.0,7.0,7.0,0.0,3.0,5.0,-2.0,4.0,2.0,2.0,2.0,0.0,2.0,0.0,0.0,0.0,60.0,20.0,60.0,0.0,
2025-05-22,2025,Hammarby,Mjallby,1,2,A,O,1.68,4.04,4.61,6,3.0,3.0,0.0,1.0,8.0,10.0,-2.0,3.0,4.0,-1.0,5.0,6.0,-1.0,2.0,3.0,-1.0,0.0,0.0,0.0,80.0,0.0,60.0,20.0,
2025-05-19,2025,Sirius,Norrkoping,1,2,A,O,2.04,3.82,3.28,5,1.0,1.0,2.0,2.0,3.0,7.0,-4.0,5.0,8.0,-3.0,-2.0,-1.0,-1.0,1.0,1.0,0.0,1.0,1.0,0.0,25.0,50.0,25.0,50.0,
2025-05-19,2025,Mjallby,Brommapojkarna,1,0,H,U,1.7,3.94,4.64,5,3.0,2.0,0.0,1.0,9.0,9.0,0.0,3.0,6.0,-3.0,6.0,3.0,3.0,2.0,1.0,1.0,0.0,0.0,0.0,75.0,0.0,40.0,40.0,
2025-05-19,2025,Elfsborg,Djurgarden,4,0,H,O,2.17,3.5,3.23,6,4.0,,0.0,,12.0,,,6.0,,,6.0,,,2.0,,,0.0,,,80.0,0.0,66.7,33.3,
2025-05-19,2025,Degerfors,Goteborg,1,3,A,O,2.87,3.4,2.41,5,1.0,2.0,2.0,2.0,3.0,4.0,-1.0,6.0,7.0,-1.0,-3.0,-3.0,0.0,0.0,0.0,0.0,1.0,1.0,0.0,25.0,50.0,50.0,50.0,
2025-05-18,2025,Oster,GAIS,1,1,D,U,4.05,3.47,1.92,5,1.0,1.0,3.0,1.0,2.0,4.0,-2.0,5.0,4.0,1.0,-3.0,0.0,-3.0,1.0,1.0,0.0,1.0,1.0,0.0,25.0,75.0,20.0,20.0,D
2025-05-18,2025,Malmo FF,Halmstad,3,0,H,O,1.21,6.55,12.45,5,2.0,1.0,1.0,2.0,6.0,2.0,4.0,4.0,5.0,-1.0,2.0,-3.0,5.0,1.0,0.0,1.0,0.0,1.0,-1.0,50.0,25.0,25.0,50.0,H
2025-05-18,2025,Hacken,Varnamo,2,0,H,U,1.94,3.84,3.57,6,0.0,0.0,2.0,3.0,7.0,5.0,2.0,11.0,9.0,2.0,-4.0,-4.0,0.0,0.0,0.0,0.0,1.0,1.0,0.0,20.0,40.0,0.0,75.0,H
2025-05-18,2025,AIK,Hammarby,0,0,D,U,3.28,3.09,2.34,5,3.0,2.0,0.0,1.0,8.0,7.0,1.0,4.0,4.0,0.0,4.0,3.0,1.0,1.0,2.0,-1.0,0.0,1.0,-1.0,75.0,0.0,50.0,25.0,D
2025-05-15,2025,Varnamo,Malmo FF,2,2,D,O,4.56,3.79,1.75,5,0.0,2.0,4.0,1.0,3.0,5.0,-2.0,8.0,3.0,5.0,-5.0,2.0,-7.0,0.0,1.0,-1.0,1.0,1.0,0.0,0.0,100.0,50.0,25.0,
2025-05-15,2025,Norrkoping,Degerfors,1,2,A,O,2.05,3.64,3.41,5,2.0,2.0,2.0,2.0,9.0,10.0,-1.0,8.0,9.0,-1.0,1.0,1.0,0.0,1.0,1.0,0.0,1.0,2.0,-1.0,50.0,50.0,50.0,50.0,
2025-05-15,2025,Goteborg,Oster,0,1,A,U,1.46,4.58,6.58,5,1.0,0.0,2.0,4.0,5.0,3.0,2.0,6.0,8.0,-2.0,-1.0,-5.0,4.0,0.0,0.0,0.0,0.0,1.0,-1.0,25.0,50.0,0.0,100.0,
2025-05-15,2025,Elfsborg,Brommapojkarna,4,3,H,O,1.92,3.91,3.61,5,3.0,2.0,0.0,1.0,10.0,6.0,4.0,5.0,4.0,1.0,5.0,2.0,3.0,2.0,1.0,1.0,0.0,1.0,-1.0,75.0,0.0,50.0,25.0,
2025-05-15,2025,Djurgarden,Mjallby,1,3,A,O,2.36,3.44,2.93,5,1.0,2.0,1.0,1.0,2.0,9.0,-7.0,2.0,5.0,-3.0,0.0,4.0,-4.0,0.0,2.0,-2.0,0.0,0.0,0.0,25.0,25.0,50.0,25.0,
2025-05-14,2025,Hammarby,Sirius,3,2,H,O,1.7,4.06,4.49,5,3.0,1.0,0.0,1.0,9.0,7.0,2.0,1.0,7.0,-6.0,8.0,0.0,8.0,3.0,0.0,3.0,0.0,0.0,0.0,75.0,0.0,25.0,25.0,
2025-05-14,2025,Halmstad,GAIS,1,3,A,O,3.74,3.25,2.08,5,2.0,0.0,2.0,1.0,6.0,2.0,4.0,10.0,4.0,6.0,-4.0,-2.0,-2.0,1.0,0.0,1.0,2.0,1.0,1.0,50.0,50.0,0.0,25.0,
2025-05-14,2025,Hacken,AIK,3,3,D,O,2.8,3.44,2.45,5,1.0,3.0,2.0,0.0,6.0,5.0,1.0,8.0,2.0,6.0,-2.0,3.0,-5.0,1.0,0.0,1.0,1.0,0.0,1.0,25.0,50.0,75.0,0.0,
2025-05-12,2025,Goteborg,Djurgarden,1,2,A,O,2.4,3.38,2.87,4,,,,,,,,,,,,,,,,,,,,33.3,33.3,50.0,50.0,
2025-05-11,2025,Oster,Elfsborg,0,1,A,U,3.35,3.6,2.05,4,,,,,,,,,,,,,,,,,,,,33.3,66.7,33.3,66.7,D
2025-05-11,2025,Hammarby,Norrkoping,1,1,D,U,1.45,4.63,6.38,4,,,,,,,,,,,,,,,,,,,,100.0,0.0,33.3,66.7,D
2025-05-11,2025,Degerfors,Malmo FF,1,4,A,O,5.03,4.02,1.63,4,,,,,,,,,,,,,,,,,,,,33.3,33.3,33.3,33.3,A
2025-05-11,2025,AIK,Mjallby,2,1,H,O,2.37,2.96,3.31,4,,,,,,,,,,,,,,,,,,,,66.7,0.0,66.7,0.0,D
2025-05-10,2025,Sirius,Hacken,2,0,H,U,2.58,3.67,2.49,4,,,,,,,,,,,,,,,,,,,,0.0,66.7,66.7,33.3,H
2025-05-10,2025,GAIS,Varnamo,1,1,D,U,1.86,3.51,4.19,4,,,,,,,,,,,,,,,,,,,,33.3,33.3,0.0,100.0,H
2025-05-10,2025,Brommapojkarna,Halmstad,0,1,A,U,1.53,4.37,5.69,3,,,,,,,,,,,,,,,,,,,,50.0,50.0,0.0,66.7,D
2025-05-05,2025,Malmo FF,Brommapojkarna,1,2,A,O,1.38,4.97,7.51,4,,,,,,,,,,,,,,,,,,,,66.7,0.0,33.3,33.3,
2025-05-05,2025,Elfsborg,GAIS,2,0,H,U,2.31,3.49,2.94,4,,,,,,,,,,,,,,,,,,,,66.7,0.0,0.0,0.0,
2025-05-04,2025,Oster,Hammarby,0,3,A,O,6.22,4.33,1.49,3,,,,,,,,,,,,,,,,,,,,50.0,50.0,33.3,33.3,A
2025-05-04,2025,Norrkoping,Hacken,0,2,A,U,2.55,3.9,2.42,4,,,,,,,,,,,,,,,,,,,,66.7,33.3,50.0,50.0,A
2025-05-04,2025,Mjallby,Goteborg,1,0,H,U,1.87,3.58,4.08,4,,,,,,,,,,,,,,,,,,,,66.7,0.0,66.7,33.3,H
2025-05-04,2025,Djurgarden,AIK,1,1,D,U,2.67,2.98,2.85,4,,,,,,,,,,,,,,,,,,,,33.3,33.3,100.0,0.0,H
2025-05-03,2025,Halmstad,Varnamo,4,2,H,O,3.33,3.16,2.26,4,,,,,,,,,,,,,,,,,,,,33.3,66.7,0.0,100.0,H
2025-05-03,2025,Degerfors,Sirius,1,1,D,U,2.43,3.43,2.79,3,,,,,,,,,,,,,,,,,,,,50.0,50.0,33.3,33.3,D
2025-04-29,2025,Malmo FF,Oster,2,0,H,U,1.22,6.1,12.67,3,,,,,,,,,,,,,,,,,,,,50.0,0.0,0.0,100.0,
2025-04-28,2025,Goteborg,GAIS,1,1,D,U,2.47,3.26,2.87,3,,,,,,,,,,,,,,,,,,,,50.0,50.0,0.0,0.0,
2025-04-27,2025,Varnamo,Norrkoping,1,3,A,O,2.34,3.42,2.93,4,,,,,,,,,,,,,,,,,,,,0.0,100.0,0.0,100.0,A
2025-04-27,2025,Sirius,Halmstad,1,1,D,U,1.59,4.06,5.35,3,,,,,,,,,,,,,,,,,,,,0.0,100.0,0.0,100.0,D
2025-04-27,2025,Mjallby,Degerfors,4,1,H,O,1.58,3.96,5.68,3,,,,,,,,,,,,,,,,,,,,50.0,0.0,66.7,33.3,H
2025-04-27,2025,Hacken,Hammarby,1,1,D,U,2.86,3.56,2.34,4,,,,,,,,,,,,,,,,,,,,33.3,66.7,50.0,50.0,D
2025-04-27,2025,AIK,Elfsborg,2,0,H,U,2.14,3.2,3.55,3,,,,,,,,,,,,,,,,,,,,50.0,0.0,50.0,50.0,H
2025-04-24,2025,Varnamo,AIK,1,2,A,O,2.95,3.03,2.56,3,,,,,,,,,,,,,,,,,,,,0.0,100.0,100.0,0.0,
2025-04-24,2025,Norrkoping,Goteborg,2,3,A,O,2.4,3.39,2.86,3,,,,,,,,,,,,,,,,,,,,100.0,0.0,50.0,50.0,
2025-04-24,2025,GAIS,Brommapojkarna,1,1,D,U,2.06,3.55,3.42,3,,,,,,,,,,,,,,,,,,,,50.0,50.0,50.0,50.0,
2025-04-24,2025,Djurgarden,Oster,1,0,H,U,1.4,4.79,7.36,3,,,,,,,,,,,,,,,,,,,,0.0,50.0,0.0,100.0,
2025-04-23,2025,Hammarby,Malmo FF,2,0,H,U,2.24,3.34,3.18,3,,,,,,,,,,,,,,,,,,,,100.0,0.0,50.0,0.0,
2025-04-23,2025,Halmstad,Mjallby,1,3,A,O,5.03,3.65,1.71,3,,,,,,,,,,,,,,,,,,,,50.0,50.0,50.0,0.0,
2025-04-23,2025,Hacken,Degerfors,3,4,A,O,1.76,3.79,4.43,3,,,,,,,,,,,,,,,,,,,,50.0,50.0,50.0,50.0,
2025-04-23,2025,Elfsborg,Sirius,4,3,H,O,1.69,3.95,4.7,3,,,,,,,,,,,,,,,,,,,,50.0,0.0,50.0,0.0,
2025-04-21,2025,Djurgarden,GAIS,0,0,D,U,2.14,3.26,3.51,2,,,,,,,,,,,,,,,,,,,,0.0,100.0,0.0,0.0,D
2025-04-20,2025,Oster,AIK,0,1,A,U,3.66,3.39,2.03,2,,,,,,,,,,,,,,,,,,,,100.0,0.0,100.0,0.0,D
2025-04-20,2025,Goteborg,Hacken,2,3,A,O,2.23,3.45,3.1,2,,,,,,,,,,,,,,,,,,,,100.0,0.0,0.0,100.0,D
2025-04-20,2025,Brommapojkarna,Varnamo,3,2,H,O,1.91,3.56,3.91,2,,,,,,,,,,,,,,,,,,,,0.0,100.0,0.0,100.0,H
2025-04-19,2025,Norrkoping,Halmstad,3,0,H,O,1.64,3.85,5.23,2,,,,,,,,,,,,,,,,,,,,100.0,0.0,0.0,100.0,D
2025-04-19,2025,Degerfors,Elfsborg,0,1,A,U,3.81,3.46,1.97,2,,,,,,,,,,,,,,,,,,,,100.0,0.0,0.0,100.0,D
2025-04-18,2025,Mjallby,Hammarby,3,1,H,O,2.62,3.22,2.71,2,,,,,,,,,,,,,,,,,,,,0.0,0.0,100.0,0.0,H
2025-04-18,2025,Malmo FF,Sirius,1,1,D,U,1.39,4.77,7.66,2,,,,,,,,,,,,,,,,,,,,100.0,0.0,100.0,0.0,A
2025-04-14,2025,Halmstad,Oster,1,0,H,U,2.97,3.18,2.44,2,,,,,,,,,,,,,,,,,,,,0.0,100.0,0.0,100.0,
2025-04-14,2025,AIK,Malmo FF,0,0,D,U,4.16,3.29,1.95,2,,,,,,,,,,,,,,,,,,,,100.0,0.0,100.0,0.0,
2025-04-13,2025,Varnamo,Goteborg,0,1,A,U,2.76,3.33,2.52,2,,,,,,,,,,,,,,,,,,,,0.0,100.0,0.0,100.0,A
2025-04-13,2025,Sirius,Brommapojkarna,0,3,A,O,2.22,3.47,3.12,2,,,,,,,,,,,,,,,,,,,,0.0,100.0,0.0,100.0,D
2025-04-13,2025,Hammarby,Djurgarden,2,0,H,U,2.25,3.25,3.26,2,,,,,,,,,,,,,,,,,,,,100.0,0.0,100.0,0.0,H
2025-04-13,2025,GAIS,Degerfors,2,0,H,U,1.82,3.56,4.39,2,,,,,,,,,,,,,,,,,,,,0.0,100.0,100.0,0.0,H
2025-04-12,2025,Hacken,Mjallby,0,3,A,O,2.31,3.47,2.96,2,,,,,,,,,,,,,,,,,,,,100.0,0.0,0.0,0.0,A
2025-04-12,2025,Elfsborg,Norrkoping,2,0,H,U,1.66,4.01,4.8,2,,,,,,,,,,,,,,,,,,,,0.0,0.0,0.0,100.0,H
2025-04-07,2025,Malmo FF,Elfsborg,2,1,H,O,1.74,3.75,4.57,1,,,,,,,,,,,,,,,,,,,,,,,,
2025-04-06,2025,Mjallby,GAIS,1,1,D,U,2.0,3.32,3.94,1,,,,,,,,,,,,,,,,,,,,,,,,D
2025-04-06,2025,Degerfors,Varnamo,1,0,H,U,2.23,3.19,3.38,1,,,,,,,,,,,,,,,,,,,,,,,,H
2025-04-06,2025,Brommapojkarna,Hammarby,0,2,A,U,3.66,3.45,2.02,1,,,,,,,,,,,,,,,,,,,,,,,,D
2025-04-06,2025,AIK,Norrkoping,4,3,H,O,1.77,3.52,4.82,1,,,,,,,,,,,,,,,,,,,,,,,,A
2025-04-05,2025,Sirius,Djurgarden,0,1,A,U,3.3,3.45,2.17,1,,,,,,,,,,,,,,,,,,,,,,,,D
2025-04-05,2025,Oster,Hacken,2,0,H,U,3.59,3.67,1.98,1,,,,,,,,,,,,,,,,,,,,,,,,H
2025-04-05,2025,Goteborg,Halmstad,1,0,H,U,1.46,4.28,7.28,1,,,,,,,,,,,,,,,,,,,,,,,,D
2025-03-31,2025,Varnamo,Sirius,1,2,A,O,2.21,3.41,3.22,1,,,,,,,,,,,,,,,,,,,,,,,,
2025-03-31,2025,GAIS,AIK,0,1,A,U,2.66,2.98,2.89,1,,,,,,,,,,,,,,,,,,,,,,,,
2025-03-30,2025,Norrkoping,Oster,4,3,H,O,1.98,3.58,3.68,1,,,,,,,,,,,,,,,,,,,,,,,,H
2025-03-30,2025,Hammarby,Goteborg,4,0,H,O,1.94,3.5,3.89,1,,,,,,,,,,,,,,,,,,,,,,,,H
2025-03-30,2025,Halmstad,Degerfors,0,5,A,O,2.29,3.06,3.39,1,,,,,,,,,,,,,,,,,,,,,,,,A
2025-03-30,2025,Elfsborg,Mjallby,2,2,D,O,2.21,3.21,3.37,1,,,,,,,,,,,,,,,,,,,,,,,,A
2025-03-29,2025,Hacken,Brommapojkarna,2,0,H,U,1.6,4.23,5.1,1,,,,,,,,,,,,,,,,,,,,,,,,
2025-03-29,2025,Djurgarden,Malmo FF,0,1,A,U,2.73,3.26,2.61,1,,,,,,,,,,,,,,,,,,,,,,,,A
2024-11-24,2024,Varnamo,Landskrona,1,0,H,U,1.58,3.82,6.06,16,1.0,,1.0,,4.0,,,3.0,,,1.0,,,1.0,,,0.0,,,13.3,60.0,,,
2024-11-21,2024,Landskrona,Varnamo,2,2,D,O,4.31,3.15,1.95,1,,1.0,,0.0,,3.0,,,2.0,,,1.0,,,0.0,,,0.0,,,,33.3,26.7,
2024-11-10,2024,Vasteras SK,Hammarby,1,0,H,U,2.82,3.73,2.29,15,0.0,2.0,2.0,1.0,5.0,4.0,1.0,7.0,1.0,6.0,-2.0,3.0,-5.0,0.0,1.0,-1.0,0.0,0.0,0.0,21.4,57.1,50.0,35.7,D
2024-11-10,2024,Varnamo,Elfsborg,0,0,D,U,1.87,3.69,3.95,15,1.0,2.0,2.0,2.0,4.0,6.0,-2.0,4.0,7.0,-3.0,0.0,-1.0,1.0,1.0,1.0,0.0,0.0,1.0,-1.0,14.3,64.3,28.6,57.1,D
2024-11-10,2024,Mjallby,Goteborg,1,0,H,U,2.35,3.53,2.87,15,2.0,1.0,0.0,1.0,7.0,7.0,0.0,4.0,6.0,-2.0,3.0,1.0,2.0,1.0,1.0,0.0,0.0,0.0,0.0,57.1,7.1,28.6,42.9,H
2024-11-10,2024,Malmo FF,Brommapojkarna,2,1,H,O,1.25,6.31,9.85,15,3.0,0.0,0.0,3.0,9.0,5.0,4.0,2.0,8.0,-6.0,7.0,-3.0,10.0,2.0,0.0,2.0,0.0,0.0,0.0,85.7,7.1,28.6,35.7,H
2024-11-10,2024,Kalmar,Hacken,1,0,H,U,2.77,4.03,2.22,15,1.0,2.0,3.0,2.0,4.0,5.0,-1.0,8.0,7.0,1.0,-4.0,-2.0,-2.0,1.0,2.0,-1.0,2.0,2.0,0.0,21.4,64.3,42.9,35.7,
2024-11-10,2024,GAIS,Sirius,2,1,H,O,2.01,3.87,3.3,15,1.0,2.0,0.0,2.0,4.0,5.0,-1.0,1.0,6.0,-5.0,3.0,-1.0,4.0,1.0,1.0,0.0,0.0,2.0,-2.0,57.1,14.3,42.9,42.9,H
2024-11-10,2024,Djurgarden,Norrkoping,3,1,H,O,1.26,5.73,10.72,15,2.0,1.0,0.0,0.0,6.0,5.0,1.0,4.0,4.0,0.0,2.0,1.0,1.0,0.0,0.0,0.0,0.0,0.0,0.0,50.0,21.4,21.4,42.9,H
2024-11-10,2024,AIK,Halmstad,5,1,H,O,1.44,4.27,7.81,15,2.0,1.0,1.0,2.0,3.0,3.0,0.0,3.0,5.0,-2.0,0.0,-2.0,2.0,0.0,0.0,0.0,1.0,1.0,0.0,64.3,28.6,21.4,71.4,
2024-11-04,2024,Norrkoping,AIK,1,0,H,U,3.12,3.19,2.35,15,0.0,4.0,2.0,0.0,4.0,5.0,-1.0,8.0,1.0,7.0,-4.0,4.0,-8.0,0.0,0.0,0.0,2.0,0.0,2.0,35.7,50.0,50.0,35.7,
2024-11-03,2024,Sirius,Mjallby,1,1,D,U,2.77,3.65,2.35,15,2.0,1.0,2.0,1.0,7.0,4.0,3.0,7.0,3.0,4.0,0.0,1.0,-1.0,1.0,1.0,0.0,1.0,1.0,0.0,42.9,42.9,35.7,50.0,D
2024-11-03,2024,Halmstad,Djurgarden,1,0,H,U,4.12,3.53,1.88,15,1.0,1.0,1.0,2.0,5.0,3.0,2.0,4.0,7.0,-3.0,1.0,-4.0,5.0,1.0,0.0,1.0,0.0,2.0,-2.0,42.9,42.9,57.1,35.7,D
2024-11-03,2024,Hacken,GAIS,1,2,A,O,1.86,4.2,3.53,15,1.0,1.0,2.0,2.0,6.0,4.0,2.0,6.0,7.0,-1.0,0.0,-3.0,3.0,1.0,0.0,1.0,0.0,2.0,-2.0,42.9,35.7,28.6,57.1,D
2024-11-03,2024,Brommapojkarna,Varnamo,0,1,A,U,3.03,3.6,2.21,15,2.0,0.0,1.0,1.0,5.0,3.0,2.0,3.0,5.0,-2.0,2.0,-2.0,4.0,1.0,0.0,1.0,0.0,1.0,-1.0,28.6,35.7,28.6,28.6,A
2024-11-02,2024,Hammarby,Malmo FF,2,2,D,O,1.66,4.04,4.74,15,3.0,0.0,0.0,0.0,6.0,3.0,3.0,1.0,3.0,-2.0,5.0,0.0,5.0,2.0,0.0,2.0,0.0,0.0,0.0,64.3,14.3,42.9,14.3,H
2024-11-02,2024,Goteborg,Kalmar,1,1,D,U,1.94,3.45,3.95,15,1.0,1.0,2.0,0.0,4.0,6.0,-2.0,4.0,5.0,-1.0,0.0,1.0,-1.0,1.0,0.0,1.0,0.0,0.0,0.0,21.4,42.9,28.6,50.0,
2024-11-02,2024,Elfsborg,Vasteras SK,1,0,H,U,1.53,4.54,5.37,15,1.0,0.0,1.0,4.0,6.0,3.0,3.0,6.0,8.0,-2.0,0.0,-5.0,5.0,1.0,0.0,1.0,1.0,1.0,0.0,57.1,21.4,14.3,71.4,H
2024-10-28,2024,Malmo FF,Goteborg,2,1,H,O,1.43,4.58,7.04,14,3.0,1.0,0.0,1.0,11.0,7.0,4.0,1.0,7.0,-6.0,10.0,0.0,10.0,3.0,1.0,2.0,0.0,1.0,-1.0,84.6,7.7,30.8,38.5,
2024-10-28,2024,Djurgarden,Vasteras SK,2,1,H,O,1.56,4.3,5.41,14,1.0,1.0,1.0,3.0,4.0,3.0,1.0,5.0,6.0,-1.0,-1.0,-3.0,2.0,0.0,0.0,0.0,1.0,1.0,0.0,46.2,23.1,15.4,69.2,
2024-10-27,2024,Varnamo,Norrkoping,1,2,A,O,2.01,3.24,4.0,14,1.0,0.0,2.0,1.0,3.0,4.0,-1.0,5.0,5.0,0.0,-2.0,-1.0,-1.0,1.0,0.0,1.0,1.0,0.0,1.0,15.4,61.5,15.4,46.2,A
2024-10-27,2024,Hacken,Halmstad,0,1,A,U,1.44,4.97,6.06,14,1.0,0.0,1.0,3.0,7.0,3.0,4.0,6.0,8.0,-2.0,1.0,-5.0,6.0,1.0,0.0,1.0,0.0,2.0,-2.0,46.2,30.8,15.4,76.9,D
2024-10-27,2024,AIK,Elfsborg,2,1,H,O,2.09,3.33,3.59,14,2.0,2.0,1.0,1.0,3.0,8.0,-5.0,3.0,8.0,-5.0,0.0,0.0,0.0,0.0,1.0,-1.0,1.0,1.0,0.0,61.5,30.8,30.8,53.8,H
2024-10-26,2024,Sirius,Hammarby,0,3,A,O,3.04,3.55,2.23,14,2.0,2.0,2.0,1.0,7.0,4.0,3.0,5.0,1.0,4.0,2.0,3.0,-1.0,1.0,1.0,0.0,0.0,0.0,0.0,46.2,38.5,46.2,38.5,A
2024-10-26,2024,Mjallby,GAIS,1,1,D,U,1.63,3.97,5.22,14,2.0,1.0,0.0,2.0,7.0,3.0,4.0,4.0,6.0,-2.0,3.0,-3.0,6.0,1.0,0.0,1.0,0.0,2.0,-2.0,61.5,7.7,30.8,61.5,D
2024-10-26,2024,Brommapojkarna,Kalmar,1,2,A,O,2.12,3.62,3.21,14,2.0,0.0,0.0,1.0,7.0,5.0,2.0,4.0,6.0,-2.0,3.0,-1.0,4.0,1.0,0.0,1.0,0.0,0.0,0.0,30.8,30.8,23.1,53.8,D
2024-10-21,2024,Norrkoping,Brommapojkarna,1,1,D,U,2.18,3.5,3.2,14,0.0,0.0,3.0,3.0,4.0,7.0,-3.0,9.0,10.0,-1.0,-5.0,-3.0,-2.0,0.0,0.0,0.0,2.0,0.0,2.0,38.5,53.8,30.8,38.5,
2024-10-21,2024,Hammarby,Djurgarden,2,0,H,U,2.35,3.17,3.16,14,2.0,1.0,0.0,2.0,4.0,3.0,1.0,1.0,9.0,-8.0,3.0,-6.0,9.0,1.0,0.0,1.0,0.0,2.0,-2.0,61.5,15.4,61.5,30.8,H
2024-10-21,2024,Goteborg,AIK,1,2,A,O,2.9,3.11,2.54,14,1.0,4.0,1.0,0.0,4.0,5.0,-1.0,3.0,0.0,3.0,1.0,5.0,-4.0,1.0,1.0,0.0,0.0,0.0,0.0,23.1,38.5,46.2,38.5,
2024-10-20,2024,Kalmar,Mjallby,0,3,A,O,2.95,3.36,2.36,14,1.0,1.0,2.0,1.0,6.0,3.0,3.0,7.0,4.0,3.0,-1.0,-1.0,0.0,1.0,0.0,1.0,1.0,1.0,0.0,23.1,61.5,30.8,53.8,A
2024-10-20,2024,GAIS,Varnamo,0,0,D,U,2.23,3.42,3.13,14,2.0,0.0,0.0,1.0,7.0,4.0,3.0,2.0,6.0,-4.0,5.0,-2.0,7.0,2.0,0.0,2.0,0.0,1.0,-1.0,61.5,15.4,30.8,30.8,D
2024-10-19,2024,Vasteras SK,Malmo FF,1,1,D,U,4.72,4.2,1.65,14,1.0,1.0,2.0,0.0,6.0,3.0,3.0,7.0,2.0,5.0,-1.0,1.0,-2.0,0.0,0.0,0.0,0.0,0.0,0.0,23.1,61.5,46.2,15.4,A
2024-10-19,2024,Halmstad,Sirius,3,1,H,O,3.72,3.74,1.92,14,0.0,2.0,2.0,1.0,2.0,5.0,-3.0,4.0,4.0,0.0,-2.0,1.0,-3.0,0.0,1.0,-1.0,0.0,1.0,-1.0,38.5,46.2,46.2,38.5,H
2024-10-19,2024,Elfsborg,Hacken,1,3,A,O,1.78,4.17,3.89,14,2.0,1.0,0.0,2.0,7.0,5.0,2.0,4.0,9.0,-5.0,3.0,-4.0,7.0,1.0,1.0,0.0,0.0,2.0,-2.0,61.5,15.4,38.5,38.5,A
2024-10-06,2024,Sirius,Elfsborg,4,1,H,O,2.83,3.67,2.31,13,2.0,2.0,2.0,0.0,6.0,8.0,-2.0,5.0,5.0,0.0,1.0,3.0,-2.0,1.0,1.0,0.0,0.0,0.0,0.0,41.7,41.7,33.3,50.0,D
2024-10-06,2024,Norrkoping,Goteborg,0,2,A,U,2.21,3.38,3.2,13,1.0,0.0,2.0,1.0,6.0,6.0,0.0,8.0,8.0,0.0,-2.0,-2.0,0.0,0.0,0.0,0.0,1.0,1.0,0.0,41.7,50.0,25.0,41.7,A
2024-10-06,2024,Malmo FF,Varnamo,1,1,D,U,1.39,4.88,7.48,13,4.0,0.0,0.0,1.0,12.0,3.0,9.0,1.0,5.0,-4.0,11.0,-2.0,13.0,3.0,0.0,3.0,0.0,1.0,-1.0,91.7,8.3,33.3,33.3,D
2024-10-06,2024,Djurgarden,Kalmar,1,1,D,U,1.48,4.43,6.33,13,1.0,0.0,1.0,2.0,4.0,5.0,-1.0,5.0,8.0,-3.0,-1.0,-3.0,2.0,0.0,0.0,0.0,1.0,1.0,0.0,50.0,25.0,25.0,58.3,A
2024-10-06,2024,AIK,Hacken,0,2,A,U,1.96,3.55,3.73,13,3.0,1.0,0.0,2.0,4.0,6.0,-2.0,1.0,10.0,-9.0,3.0,-4.0,7.0,0.0,1.0,-1.0,0.0,2.0,-2.0,66.7,25.0,33.3,41.7,D
2024-10-05,2024,Mjallby,Vasteras SK,2,1,H,O,1.9,3.73,3.77,13,2.0,1.0,0.0,3.0,7.0,3.0,4.0,4.0,6.0,-2.0,3.0,-3.0,6.0,1.0,0.0,1.0,0.0,1.0,-1.0,58.3,8.3,16.7,66.7,D
2024-10-05,2024,Hammarby,Halmstad,1,0,H,U,1.34,5.12,8.55,13,1.0,0.0,0.0,3.0,6.0,4.0,2.0,4.0,11.0,-7.0,2.0,-7.0,9.0,1.0,0.0,1.0,0.0,3.0,-3.0,58.3,16.7,16.7,75.0,D
2024-10-05,2024,Brommapojkarna,GAIS,2,0,H,U,2.14,3.75,3.08,13,1.0,1.0,1.0,2.0,6.0,4.0,2.0,7.0,6.0,1.0,-1.0,-2.0,1.0,0.0,0.0,0.0,1.0,1.0,0.0,25.0,33.3,33.3,58.3,D
2024-10-03,2024,Norrkoping,Sirius,0,2,A,U,2.76,3.52,2.43,12,2.0,2.0,1.0,1.0,8.0,7.0,1.0,6.0,6.0,0.0,2.0,1.0,1.0,1.0,1.0,0.0,0.0,1.0,-1.0,45.5,45.5,41.7,41.7,
2024-09-30,2024,Goteborg,GAIS,2,0,H,U,2.77,3.52,2.42,13,0.0,2.0,1.0,1.0,2.0,5.0,-3.0,3.0,4.0,-1.0,-1.0,1.0,-2.0,0.0,0.0,0.0,0.0,0.0,0.0,16.7,41.7,36.4,54.5,
2024-09-30,2024,Brommapojkarna,Vasteras SK,2,1,H,O,2.24,3.82,2.87,12,1.0,1.0,1.0,3.0,8.0,2.0,6.0,7.0,8.0,-1.0,1.0,-6.0,7.0,1.0,0.0,1.0,1.0,2.0,-1.0,18.2,36.4,18.2,63.6,
2024-09-29,2024,Varnamo,Djurgarden,1,1,D,U,3.18,3.32,2.25,13,1.0,2.0,3.0,2.0,4.0,3.0,1.0,8.0,8.0,0.0,-4.0,-5.0,1.0,1.0,0.0,1.0,2.0,2.0,0.0,16.7,66.7,66.7,33.3,D
2024-09-29,2024,Malmo FF,Mjallby,2,0,H,U,1.56,4.21,5.49,12,3.0,1.0,1.0,1.0,10.0,3.0,7.0,2.0,3.0,-1.0,8.0,0.0,8.0,2.0,0.0,2.0,0.0,0.0,0.0,90.9,9.1,33.3,50.0,H
2024-09-29,2024,Kalmar,Elfsborg,1,3,A,O,4.03,3.72,1.84,13,1.0,2.0,2.0,0.0,6.0,10.0,-4.0,8.0,7.0,1.0,-2.0,3.0,-5.0,1.0,1.0,0.0,1.0,0.0,1.0,25.0,58.3,27.3,54.5,A
2024-09-29,2024,Halmstad,Norrkoping,0,0,D,U,2.85,3.18,2.53,13,0.0,1.0,3.0,1.0,2.0,5.0,-3.0,5.0,5.0,0.0,-3.0,0.0,-3.0,0.0,0.0,0.0,0.0,0.0,0.0,41.7,50.0,16.7,50.0,D
2024-09-29,2024,Hacken,Sirius,2,0,H,U,1.78,4.14,3.94,13,1.0,3.0,1.0,0.0,9.0,8.0,1.0,6.0,4.0,2.0,3.0,4.0,-1.0,1.0,1.0,0.0,0.0,0.0,0.0,41.7,33.3,45.5,36.4,D
2024-09-29,2024,AIK,Hammarby,1,0,H,U,2.12,3.14,3.71,12,2.0,3.0,1.0,0.0,3.0,8.0,-5.0,2.0,1.0,1.0,1.0,7.0,-6.0,0.0,2.0,-2.0,0.0,0.0,0.0,63.6,27.3,50.0,33.3,D
2024-09-26,2024,Vasteras SK,Goteborg,1,1,D,U,1.98,3.68,3.56,13,1.0,1.0,3.0,1.0,6.0,6.0,0.0,8.0,7.0,1.0,-2.0,-1.0,-1.0,0.0,0.0,0.0,0.0,1.0,-1.0,25.0,66.7,27.3,45.5,
2024-09-26,2024,Hammarby,Hacken,2,0,H,U,2.13,3.89,3.0,12,1.0,1.0,0.0,1.0,7.0,8.0,-1.0,4.0,10.0,-6.0,3.0,-2.0,5.0,1.0,1.0,0.0,0.0,1.0,-1.0,54.5,18.2,36.4,36.4,
2024-09-26,2024,Halmstad,Kalmar,2,2,D,O,2.99,3.14,2.47,12,1.0,0.0,3.0,3.0,1.0,3.0,-2.0,3.0,8.0,-5.0,-2.0,-5.0,3.0,0.0,0.0,0.0,0.0,2.0,-2.0,45.5,54.5,27.3,63.6,
2024-09-25,2024,Sirius,AIK,0,1,A,U,2.56,3.23,2.78,12,2.0,4.0,2.0,0.0,9.0,6.0,3.0,8.0,1.0,7.0,1.0,5.0,-4.0,1.0,1.0,0.0,0.0,0.0,0.0,45.5,36.4,41.7,41.7,
2024-09-25,2024,Mjallby,Varnamo,1,1,D,U,2.11,3.33,3.51,12,3.0,0.0,0.0,2.0,9.0,2.0,7.0,5.0,5.0,0.0,4.0,-3.0,7.0,1.0,0.0,1.0,0.0,1.0,-1.0,63.6,9.1,36.4,36.4,
2024-09-25,2024,Djurgarden,Brommapojkarna,2,1,H,O,1.77,3.9,4.21,12,1.0,1.0,1.0,2.0,3.0,10.0,-7.0,4.0,11.0,-7.0,-1.0,-1.0,0.0,0.0,0.0,0.0,1.0,0.0,1.0,45.5,27.3,33.3,33.3,
2024-09-23,2024,Goteborg,Halmstad,1,1,D,U,1.52,4.2,6.12,12,0.0,0.0,2.0,4.0,4.0,3.0,1.0,6.0,11.0,-5.0,-2.0,-8.0,6.0,0.0,0.0,0.0,0.0,3.0,-3.0,18.2,45.5,18.2,81.8,
2024-09-22,2024,Varnamo,Vasteras SK,2,0,H,U,2.32,3.44,2.95,12,0.0,1.0,3.0,2.0,4.0,3.0,1.0,10.0,7.0,3.0,-6.0,-4.0,-2.0,0.0,0.0,0.0,2.0,1.0,1.0,9.1,72.7,20.0,60.0,H
2024-09-22,2024,Malmo FF,Hacken,4,0,H,O,1.47,4.86,5.83,11,3.0,2.0,1.0,0.0,11.0,10.0,1.0,3.0,7.0,-4.0,8.0,3.0,5.0,2.0,1.0,1.0,0.0,0.0,0.0,90.0,10.0,40.0,30.0,H
2024-09-22,2024,GAIS,Djurgarden,3,0,H,O,2.85,3.29,2.47,13,1.0,3.0,1.0,1.0,4.0,5.0,-1.0,3.0,6.0,-3.0,1.0,-1.0,2.0,1.0,0.0,1.0,0.0,1.0,-1.0,58.3,16.7,72.7,27.3,H
2024-09-22,2024,Elfsborg,Hammarby,0,0,D,U,1.74,4.13,4.13,13,2.0,4.0,1.0,0.0,8.0,10.0,-2.0,6.0,1.0,5.0,2.0,9.0,-7.0,1.0,3.0,-2.0,0.0,0.0,0.0,66.7,16.7,54.5,36.4,D
2024-09-21,2024,Kalmar,AIK,0,1,A,U,4.15,3.46,1.89,12,2.0,3.0,1.0,1.0,8.0,5.0,3.0,8.0,3.0,5.0,0.0,2.0,-2.0,1.0,1.0,0.0,1.0,1.0,0.0,27.3,54.5,36.4,45.5,D
2024-09-21,2024,Brommapojkarna,Mjallby,0,0,D,U,2.39,3.63,2.75,11,1.0,1.0,2.0,2.0,8.0,3.0,5.0,9.0,6.0,3.0,-1.0,-3.0,2.0,1.0,0.0,1.0,2.0,1.0,1.0,20.0,40.0,36.4,54.5,D
2024-09-19,2024,Hacken,Djurgarden,1,2,A,O,2.16,3.74,3.06,12,1.0,2.0,1.0,2.0,11.0,4.0,7.0,9.0,7.0,2.0,2.0,-3.0,5.0,1.0,0.0,1.0,1.0,1.0,0.0,45.5,27.3,70.0,30.0,
2024-09-19,2024,Elfsborg,Norrkoping,2,2,D,O,1.26,6.05,9.83,12,3.0,1.0,1.0,2.0,9.0,4.0,5.0,5.0,5.0,0.0,4.0,-1.0,5.0,2.0,0.0,2.0,0.0,0.0,0.0,72.7,18.2,18.2,54.5,
2024-09-18,2024,GAIS,Malmo FF,0,0,D,U,4.54,3.94,1.71,12,2.0,2.0,1.0,0.0,6.0,7.0,-1.0,3.0,5.0,-2.0,3.0,2.0,1.0,2.0,0.0,2.0,0.0,0.0,0.0,63.6,18.2,50.0,16.7,
2024-09-16,2024,Hammarby,Norrkoping,1,1,D,U,1.5,4.49,5.93,11,1.0,1.0,1.0,3.0,6.0,4.0,2.0,4.0,9.0,-5.0,2.0,-5.0,7.0,1.0,0.0,1.0,0.0,1.0,-1.0,60.0,20.0,20.0,60.0,
2024-09-15,2024,Sirius,Brommapojkarna,3,2,H,O,1.93,3.95,3.47,11,2.0,2.0,2.0,1.0,9.0,9.0,0.0,7.0,8.0,-1.0,2.0,1.0,1.0,2.0,0.0,2.0,0.0,0.0,0.0,40.0,40.0,36.4,27.3,D
2024-09-15,2024,Kalmar,Varnamo,3,1,H,O,2.65,3.3,2.65,11,1.0,0.0,2.0,2.0,5.0,1.0,4.0,8.0,3.0,5.0,-3.0,-2.0,-1.0,0.0,0.0,0.0,1.0,0.0,1.0,20.0,60.0,40.0,30.0,H
2024-09-15,2024,Halmstad,Elfsborg,0,1,A,U,9.1,5.25,1.32,11,1.0,1.0,3.0,1.0,2.0,9.0,-7.0,4.0,8.0,-4.0,-2.0,1.0,-3.0,0.0,1.0,-1.0,0.0,0.0,0.0,50.0,50.0,20.0,60.0,A
2024-09-15,2024,Hacken,Goteborg,3,3,D,O,1.68,4.26,4.42,11,2.0,1.0,1.0,2.0,12.0,3.0,9.0,7.0,6.0,1.0,5.0,-3.0,8.0,2.0,0.0,2.0,1.0,2.0,-1.0,50.0,30.0,30.0,50.0,A
2024-09-15,2024,Djurgarden,Mjallby,1,1,D,U,1.72,3.72,4.79,11,1.0,1.0,2.0,3.0,2.0,3.0,-1.0,6.0,8.0,-2.0,-4.0,-5.0,1.0,0.0,0.0,0.0,2.0,2.0,0.0,50.0,30.0,40.0,60.0,D
2024-09-15,2024,AIK,Malmo FF,0,0,D,U,3.04,3.4,2.29,11,2.0,2.0,2.0,1.0,4.0,8.0,-4.0,4.0,7.0,-3.0,0.0,1.0,-1.0,0.0,0.0,0.0,0.0,0.0,0.0,70.0,30.0,54.5,18.2,D
2024-09-14,2024,Vasteras SK,GAIS,2,3,A,O,2.15,3.56,3.2,12,2.0,1.0,2.0,2.0,6.0,3.0,3.0,6.0,5.0,1.0,0.0,-2.0,2.0,0.0,0.0,0.0,0.0,1.0,-1.0,27.3,63.6,30.0,60.0,A
2024-09-01,2024,Norrkoping,Hacken,3,3,D,O,3.04,3.94,2.1,11,3.0,2.0,1.0,1.0,6.0,8.0,-2.0,3.0,6.0,-3.0,3.0,2.0,1.0,1.0,1.0,0.0,0.0,0.0,0.0,50.0,50.0,44.4,33.3,H
2024-09-01,2024,Malmo FF,Djurgarden,4,0,H,O,1.55,4.14,5.75,10,3.0,3.0,1.0,1.0,9.0,7.0,2.0,4.0,4.0,0.0,5.0,3.0,2.0,1.0,1.0,0.0,0.0,0.0,0.0,88.9,11.1,77.8,22.2,H
2024-09-01,2024,Goteborg,Hammarby,0,1,A,U,2.55,3.53,2.59,11,0.0,3.0,1.0,0.0,5.0,9.0,-4.0,6.0,1.0,5.0,-1.0,8.0,-9.0,0.0,3.0,-3.0,0.0,0.0,0.0,20.0,40.0,50.0,40.0,D
2024-09-01,2024,Brommapojkarna,Elfsborg,3,3,D,O,2.85,3.69,2.29,10,1.0,1.0,2.0,2.0,7.0,7.0,0.0,8.0,7.0,1.0,-1.0,0.0,-1.0,1.0,1.0,0.0,2.0,0.0,2.0,22.2,44.4,22.2,66.7,H
2024-08-31,2024,Vasteras SK,Sirius,1,2,A,O,2.35,3.62,2.81,11,2.0,2.0,2.0,1.0,6.0,8.0,-2.0,6.0,6.0,0.0,0.0,2.0,-2.0,0.0,1.0,-1.0,0.0,0.0,0.0,30.0,60.0,40.0,40.0,D
2024-08-31,2024,Varnamo,AIK,0,1,A,U,3.8,3.37,2.01,11,1.0,3.0,2.0,1.0,6.0,6.0,0.0,9.0,4.0,5.0,-3.0,2.0,-5.0,1.0,1.0,0.0,2.0,1.0,1.0,10.0,70.0,30.0,50.0,A
2024-08-31,2024,Mjallby,Halmstad,3,1,H,O,1.51,4.19,6.25,11,3.0,0.0,0.0,4.0,8.0,3.0,5.0,5.0,13.0,-8.0,3.0,-10.0,13.0,0.0,0.0,0.0,0.0,3.0,-3.0,60.0,10.0,20.0,80.0,H
2024-08-31,2024,GAIS,Kalmar,1,1,D,U,1.79,3.72,4.3,11,2.0,1.0,1.0,3.0,5.0,4.0,1.0,2.0,8.0,-6.0,3.0,-4.0,7.0,2.0,0.0,2.0,0.0,2.0,-2.0,70.0,20.0,30.0,70.0,D
2024-08-26,2024,Norrkoping,Mjallby,1,2,A,O,2.53,3.43,2.71,10,3.0,1.0,1.0,3.0,6.0,3.0,3.0,4.0,8.0,-4.0,2.0,-5.0,7.0,1.0,0.0,1.0,1.0,2.0,-1.0,55.6,44.4,33.3,66.7,
2024-08-26,2024,Hammarby,GAIS,0,0,D,U,1.77,3.96,4.15,10,2.0,1.0,1.0,3.0,9.0,3.0,6.0,4.0,9.0,-5.0,5.0,-6.0,11.0,2.0,0.0,2.0,0.0,2.0,-2.0,66.7,22.2,33.3,66.7,
2024-08-26,2024,Halmstad,Vasteras SK,0,1,A,U,3.47,3.43,2.11,10,2.0,1.0,2.0,2.0,6.0,6.0,0.0,3.0,7.0,-4.0,3.0,-1.0,4.0,1.0,1.0,0.0,0.0,1.0,-1.0,55.6,44.4,11.1,66.7,
2024-08-25,2024,Sirius,Djurgarden,0,1,A,U,2.31,3.44,3.0,10,3.0,3.0,1.0,1.0,14.0,9.0,5.0,7.0,5.0,2.0,7.0,4.0,3.0,3.0,2.0,1.0,0.0,0.0,0.0,44.4,33.3,75.0,25.0,D
2024-08-25,2024,Hacken,Varnamo,1,1,D,U,1.72,4.12,4.3,10,2.0,1.0,1.0,2.0,13.0,4.0,9.0,8.0,2.0,6.0,5.0,2.0,3.0,2.0,1.0,1.0,1.0,0.0,1.0,55.6,33.3,44.4,33.3,H
2024-08-25,2024,Elfsborg,Goteborg,3,1,H,O,1.77,3.91,4.23,11,3.0,1.0,1.0,2.0,9.0,4.0,5.0,4.0,8.0,-4.0,5.0,-4.0,9.0,2.0,0.0,2.0,0.0,2.0,-2.0,70.0,20.0,33.3,44.4,H
2024-08-25,2024,AIK,Brommapojkarna,2,1,H,O,1.75,3.94,4.29,10,2.0,2.0,2.0,1.0,7.0,8.0,-1.0,5.0,9.0,-4.0,2.0,-1.0,3.0,1.0,0.0,1.0,0.0,1.0,-1.0,66.7,33.3,40.0,20.0,H
2024-08-24,2024,Kalmar,Malmo FF,2,2,D,O,5.68,4.33,1.53,10,1.0,2.0,3.0,1.0,3.0,8.0,-5.0,10.0,7.0,3.0,-7.0,1.0,-8.0,0.0,0.0,0.0,2.0,0.0,2.0,22.2,66.7,60.0,20.0,A
2024-08-18,2024,Mjallby,Elfsborg,1,1,D,U,2.81,3.33,2.48,10,3.0,1.0,1.0,3.0,8.0,7.0,1.0,7.0,8.0,-1.0,1.0,-1.0,2.0,0.0,1.0,-1.0,1.0,0.0,1.0,66.7,11.1,25.0,75.0,D
2024-08-18,2024,GAIS,Halmstad,3,1,H,O,1.47,4.36,6.69,10,2.0,0.0,1.0,4.0,5.0,2.0,3.0,1.0,12.0,-11.0,4.0,-10.0,14.0,2.0,0.0,2.0,0.0,3.0,-3.0,66.7,22.2,22.2,77.8,H
2024-08-18,2024,Djurgarden,AIK,0,2,A,U,2.2,3.27,3.36,10,2.0,2.0,1.0,2.0,4.0,5.0,-1.0,4.0,8.0,-4.0,0.0,-3.0,3.0,1.0,0.0,1.0,1.0,2.0,-1.0,55.6,22.2,22.2,55.6,A
2024-08-18,2024,Brommapojkarna,Hacken,1,3,A,O,2.83,3.93,2.22,9,2.0,1.0,1.0,2.0,8.0,5.0,3.0,6.0,8.0,-2.0,2.0,-3.0,5.0,1.0,0.0,1.0,1.0,1.0,0.0,25.0,37.5,37.5,37.5,A
2024-08-17,2024,Vasteras SK,Kalmar,2,1,H,O,1.74,3.86,4.48,10,1.0,1.0,2.0,3.0,5.0,3.0,2.0,6.0,11.0,-5.0,-1.0,-8.0,7.0,0.0,0.0,0.0,0.0,3.0,-3.0,22.2,66.7,33.3,66.7,A
2024-08-17,2024,Varnamo,Hammarby,0,3,A,O,2.76,3.37,2.49,10,1.0,3.0,2.0,0.0,7.0,9.0,-2.0,8.0,1.0,7.0,-1.0,8.0,-9.0,1.0,3.0,-2.0,1.0,0.0,1.0,11.1,66.7,44.4,44.4,A
2024-08-17,2024,Malmo FF,Norrkoping,2,1,H,O,1.37,5.19,7.17,9,3.0,1.0,1.0,3.0,12.0,4.0,8.0,3.0,9.0,-6.0,9.0,-5.0,14.0,2.0,0.0,2.0,0.0,1.0,-1.0,87.5,12.5,22.2,55.6,D
2024-08-17,2024,Goteborg,Sirius,1,1,D,U,2.26,3.61,2.95,10,1.0,2.0,1.0,2.0,5.0,7.0,-2.0,5.0,8.0,-3.0,0.0,-1.0,1.0,0.0,1.0,-1.0,0.0,1.0,-1.0,22.2,44.4,44.4,44.4,D
2024-08-12,2024,Hammarby,Brommapojkarna,3,3,D,O,1.92,3.97,3.48,9,3.0,2.0,1.0,1.0,8.0,6.0,2.0,2.0,7.0,-5.0,6.0,-1.0,7.0,2.0,0.0,2.0,0.0,1.0,-1.0,75.0,25.0,44.4,22.2,
2024-08-11,2024,Sirius,Kalmar,3,1,H,O,1.68,4.03,4.63,9,2.0,2.0,1.0,2.0,11.0,4.0,7.0,6.0,8.0,-2.0,5.0,-4.0,9.0,2.0,1.0,1.0,0.0,2.0,-2.0,37.5,37.5,37.5,62.5,D
2024-08-11,2024,Elfsborg,GAIS,2,1,H,O,1.64,4.2,4.73,10,3.0,1.0,1.0,3.0,9.0,2.0,7.0,3.0,8.0,-5.0,6.0,-6.0,12.0,3.0,0.0,3.0,0.0,2.0,-2.0,66.7,22.2,37.5,62.5,H
2024-08-11,2024,AIK,Mjallby,1,0,H,U,1.69,3.83,4.84,9,1.0,1.0,3.0,3.0,7.0,3.0,4.0,8.0,8.0,0.0,-1.0,-5.0,4.0,1.0,0.0,1.0,1.0,2.0,-1.0,62.5,37.5,37.5,62.5,D
2024-08-10,2024,Norrkoping,Vasteras SK,2,1,H,O,2.64,3.5,2.53,9,2.0,1.0,2.0,1.0,4.0,5.0,-1.0,7.0,5.0,2.0,-3.0,0.0,-3.0,1.0,1.0,0.0,2.0,1.0,1.0,50.0,50.0,12.5,62.5,D
2024-08-10,2024,Halmstad,Malmo FF,0,1,A,U,8.58,5.2,1.33,9,3.0,1.0,1.0,1.0,9.0,9.0,0.0,2.0,9.0,-7.0,7.0,0.0,7.0,2.0,0.0,2.0,0.0,0.0,0.0,62.5,37.5,55.6,22.2,A
2024-08-10,2024,Goteborg,Varnamo,0,0,D,U,2.01,3.54,3.57,9,2.0,2.0,1.0,2.0,6.0,6.0,0.0,5.0,2.0,3.0,1.0,4.0,-3.0,0.0,2.0,-2.0,0.0,0.0,0.0,25.0,50.0,50.0,37.5,D
2024-08-04,2024,Varnamo,Sirius,2,4,A,O,2.34,3.48,2.89,9,1.0,2.0,2.0,2.0,5.0,6.0,-1.0,6.0,7.0,-1.0,-1.0,-1.0,0.0,1.0,1.0,0.0,1.0,1.0,0.0,12.5,62.5,37.5,50.0,A
2024-08-04,2024,Kalmar,Hammarby,1,4,A,O,3.24,3.53,2.14,9,1.0,2.0,2.0,1.0,3.0,5.0,-2.0,7.0,3.0,4.0,-4.0,2.0,-6.0,0.0,2.0,-2.0,1.0,1.0,0.0,25.0,62.5,37.5,50.0,A
2024-08-04,2024,Djurgarden,Goteborg,1,1,D,U,1.64,3.98,5.02,9,3.0,1.0,1.0,2.0,5.0,5.0,0.0,3.0,9.0,-6.0,2.0,-4.0,6.0,2.0,0.0,2.0,1.0,2.0,-1.0,62.5,25.0,37.5,50.0,D
2024-08-03,2024,Vasteras SK,AIK,1,2,A,O,2.85,3.46,2.37,9,1.0,1.0,2.0,3.0,4.0,4.0,0.0,6.0,9.0,-3.0,-2.0,-5.0,3.0,0.0,0.0,0.0,1.0,2.0,-1.0,25.0,62.5,12.5,62.5,A
2024-08-03,2024,GAIS,Norrkoping,0,1,A,U,1.75,3.81,4.41,9,3.0,0.0,0.0,3.0,7.0,4.0,3.0,1.0,10.0,-9.0,6.0,-6.0,12.0,2.0,0.0,2.0,0.0,1.0,-1.0,75.0,12.5,12.5,62.5,D
2024-08-03,2024,Brommapojkarna,Halmstad,4,1,H,O,1.53,4.26,5.86,8,1.0,0.0,2.0,4.0,4.0,1.0,3.0,10.0,10.0,0.0,-6.0,-9.0,3.0,0.0,0.0,0.0,2.0,3.0,-1.0,14.3,42.9,25.0,75.0,H
2024-07-29,2024,AIK,GAIS,0,1,A,U,1.91,3.76,3.69,8,2.0,0.0,2.0,4.0,13.0,1.0,12.0,9.0,9.0,0.0,4.0,-8.0,12.0,2.0,0.0,2.0,1.0,2.0,-1.0,71.4,28.6,28.6,71.4,
2024-07-28,2024,Hammarby,Mjallby,3,0,H,O,2.1,3.66,3.22,8,2.0,2.0,2.0,2.0,6.0,6.0,0.0,4.0,6.0,-2.0,2.0,0.0,2.0,1.0,1.0,0.0,0.0,1.0,-1.0,71.4,28.6,42.9,57.1,D
2024-07-28,2024,Hacken,Vasteras SK,4,0,H,O,1.53,4.79,4.99,9,2.0,1.0,1.0,1.0,12.0,5.0,7.0,9.0,3.0,6.0,3.0,2.0,1.0,2.0,1.0,1.0,1.0,1.0,0.0,50.0,37.5,14.3,57.1,H
2024-07-28,2024,Elfsborg,Djurgarden,1,2,A,O,2.12,3.53,3.27,9,4.0,3.0,0.0,1.0,14.0,12.0,2.0,2.0,4.0,-2.0,12.0,8.0,4.0,4.0,3.0,1.0,0.0,0.0,0.0,75.0,12.5,71.4,28.6,D
2024-07-27,2024,Norrkoping,Kalmar,2,0,H,U,2.33,3.55,2.86,8,1.0,2.0,3.0,2.0,3.0,5.0,-2.0,9.0,9.0,0.0,-6.0,-4.0,-2.0,0.0,1.0,-1.0,2.0,2.0,0.0,42.9,57.1,42.9,57.1,H
2024-07-27,2024,Malmo FF,Sirius,0,1,A,U,1.27,6.03,9.1,8,4.0,1.0,0.0,3.0,13.0,5.0,8.0,2.0,9.0,-7.0,11.0,-4.0,15.0,2.0,1.0,1.0,0.0,2.0,-2.0,100.0,0.0,28.6,57.1,D
2024-07-27,2024,Halmstad,Varnamo,1,0,H,U,3.34,3.2,2.23,8,2.0,3.0,2.0,1.0,9.0,8.0,1.0,5.0,2.0,3.0,4.0,6.0,-2.0,2.0,2.0,0.0,1.0,0.0,1.0,57.1,42.9,57.1,28.6,
2024-07-27,2024,Goteborg,Brommapojkarna,3,4,A,O,1.99,3.64,3.52,8,2.0,1.0,1.0,1.0,3.0,3.0,0.0,4.0,5.0,-1.0,-1.0,-2.0,1.0,0.0,0.0,0.0,1.0,1.0,0.0,28.6,42.9,37.5,25.0,D
2024-07-22,2024,GAIS,AIK,2,0,H,U,2.7,3.56,2.44,8,3.0,1.0,0.0,3.0,7.0,5.0,2.0,1.0,13.0,-12.0,6.0,-8.0,14.0,2.0,0.0,2.0,0.0,2.0,-2.0,71.4,14.3,14.3,57.1,
2024-07-21,2024,Norrkoping,Halmstad,1,0,H,U,1.86,3.84,3.84,7,1.0,0.0,3.0,4.0,6.0,3.0,3.0,11.0,14.0,-3.0,-5.0,-11.0,6.0,1.0,0.0,1.0,2.0,4.0,-2.0,33.3,66.7,28.6,71.4,H
2024-07-21,2024,Goteborg,Vasteras SK,1,1,D,U,2.04,3.64,3.39,7,2.0,1.0,2.0,2.0,2.0,5.0,-3.0,4.0,4.0,0.0,-2.0,1.0,-3.0,0.0,1.0,-1.0,1.0,1.0,0.0,33.3,50.0,16.7,66.7,D
2024-07-21,2024,Elfsborg,Mjallby,3,1,H,O,1.83,3.74,4.07,8,4.0,2.0,0.0,2.0,14.0,6.0,8.0,2.0,5.0,-3.0,12.0,1.0,11.0,4.0,1.0,3.0,0.0,0.0,0.0,71.4,14.3,50.0,50.0,H
2024-07-20,2024,Varnamo,Hacken,2,2,D,O,2.82,3.76,2.28,8,1.0,1.0,2.0,3.0,4.0,3.0,1.0,5.0,9.0,-4.0,-1.0,-6.0,5.0,1.0,0.0,1.0,1.0,2.0,-1.0,14.3,71.4,42.9,42.9,A
2024-07-20,2024,Kalmar,Djurgarden,2,1,H,O,4.19,3.69,1.82,8,1.0,4.0,2.0,0.0,6.0,13.0,-7.0,8.0,2.0,6.0,-2.0,11.0,-13.0,1.0,4.0,-3.0,1.0,0.0,1.0,14.3,71.4,83.3,16.7,D
2024-07-20,2024,Brommapojkarna,Hammarby,0,2,A,U,2.12,3.79,3.08,7,1.0,2.0,2.0,1.0,4.0,5.0,-1.0,11.0,4.0,7.0,-7.0,1.0,-8.0,0.0,1.0,-1.0,2.0,1.0,1.0,16.7,33.3,28.6,57.1,D
2024-07-19,2024,Sirius,Malmo FF,3,4,A,O,5.76,4.63,1.49,8,2.0,1.0,0.0,1.0,10.0,8.0,2.0,4.0,6.0,-2.0,6.0,2.0,4.0,2.0,1.0,1.0,0.0,0.0,0.0,42.9,28.6,50.0,25.0,
2024-07-15,2024,Hammarby,Goteborg,0,1,A,U,1.99,3.73,3.46,7,3.0,0.0,1.0,3.0,8.0,5.0,3.0,4.0,11.0,-7.0,4.0,-6.0,10.0,1.0,0.0,1.0,0.0,2.0,-2.0,83.3,16.7,28.6,57.1,
2024-07-15,2024,Halmstad,AIK,1,2,A,O,3.8,3.85,1.86,7,3.0,0.0,1.0,4.0,10.0,3.0,7.0,4.0,17.0,-13.0,6.0,-14.0,20.0,2.0,0.0,2.0,1.0,3.0,-2.0,66.7,33.3,0.0,66.7,
2024-07-14,2024,Vasteras SK,Norrkoping,2,1,H,O,1.66,4.12,4.62,8,0.0,0.0,3.0,3.0,2.0,5.0,-3.0,7.0,14.0,-7.0,-5.0,-9.0,4.0,0.0,0.0,0.0,2.0,2.0,0.0,14.3,71.4,14.3,57.1,D
2024-07-14,2024,Kalmar,Brommapojkarna,0,1,A,U,2.53,3.57,2.6,7,1.0,0.0,2.0,1.0,8.0,3.0,5.0,10.0,6.0,4.0,-2.0,-3.0,1.0,1.0,0.0,1.0,1.0,1.0,0.0,16.7,66.7,28.6,28.6,D
2024-07-14,2024,Hacken,Elfsborg,3,5,A,O,1.91,3.92,3.53,8,2.0,0.0,1.0,4.0,10.0,2.0,8.0,6.0,7.0,-1.0,4.0,-5.0,9.0,2.0,0.0,2.0,0.0,1.0,-1.0,57.1,28.6,14.3,85.7,H
2024-07-14,2024,Djurgarden,Varnamo,1,0,H,U,1.49,4.42,6.03,8,3.0,3.0,1.0,1.0,5.0,8.0,-3.0,3.0,3.0,0.0,2.0,5.0,-3.0,2.0,2.0,0.0,1.0,1.0,0.0,57.1,28.6,66.7,16.7,H
2024-07-13,2024,Sirius,GAIS,3,1,H,O,2.1,3.62,3.24,7,1.0,1.0,1.0,3.0,7.0,3.0,4.0,6.0,8.0,-2.0,1.0,-5.0,6.0,1.0,0.0,1.0,1.0,1.0,0.0,33.3,33.3,33.3,66.7,H
2024-07-13,2024,Mjallby,Malmo FF,2,1,H,O,4.78,4.07,1.65,9,3.0,1.0,1.0,1.0,9.0,8.0,1.0,6.0,7.0,-1.0,3.0,1.0,2.0,1.0,1.0,0.0,1.0,1.0,0.0,62.5,12.5,57.1,14.3,H
2024-07-08,2024,Vasteras SK,Hacken,1,2,A,O,3.0,3.79,2.15,7,1.0,1.0,2.0,3.0,3.0,4.0,-1.0,6.0,8.0,-2.0,-3.0,-4.0,1.0,0.0,1.0,-1.0,2.0,2.0,0.0,16.7,66.7,33.3,50.0,
2024-07-08,2024,Norrkoping,Djurgarden,1,3,A,O,4.48,3.87,1.72,6,2.0,3.0,2.0,1.0,6.0,10.0,-4.0,8.0,3.0,5.0,-2.0,7.0,-9.0,1.0,3.0,-2.0,1.0,1.0,0.0,40.0,60.0,80.0,20.0,
2024-07-07,2024,Varnamo,Goteborg,2,0,H,U,2.5,3.45,2.67,7,0.0,1.0,3.0,2.0,3.0,8.0,-5.0,8.0,9.0,-1.0,-5.0,-1.0,-4.0,0.0,1.0,-1.0,2.0,1.0,1.0,0.0,83.3,33.3,50.0,D
2024-07-07,2024,Malmo FF,Halmstad,5,1,H,O,1.15,8.11,14.93,7,4.0,1.0,0.0,3.0,13.0,5.0,8.0,1.0,10.0,-9.0,12.0,-5.0,17.0,2.0,1.0,1.0,0.0,3.0,-3.0,100.0,0.0,33.3,66.7,H
2024-07-07,2024,GAIS,Hammarby,0,0,D,U,2.15,3.53,3.18,7,4.0,2.0,0.0,2.0,9.0,6.0,3.0,2.0,6.0,-4.0,7.0,0.0,7.0,2.0,1.0,1.0,0.0,1.0,-1.0,83.3,16.7,33.3,66.7,D
2024-07-07,2024,AIK,Kalmar,1,2,A,O,1.44,4.53,6.69,7,3.0,1.0,1.0,3.0,14.0,5.0,9.0,7.0,11.0,-4.0,7.0,-6.0,13.0,3.0,1.0,2.0,1.0,2.0,-1.0,83.3,16.7,33.3,66.7,A
2024-07-06,2024,Mjallby,Sirius,3,2,H,O,1.95,3.51,3.75,8,2.0,1.0,1.0,2.0,7.0,4.0,3.0,5.0,7.0,-2.0,2.0,-3.0,5.0,1.0,1.0,0.0,1.0,2.0,-1.0,57.1,14.3,33.3,50.0,
2024-07-06,2024,Elfsborg,Brommapojkarna,3,0,H,O,1.74,4.07,4.16,7,4.0,1.0,0.0,0.0,13.0,5.0,8.0,2.0,3.0,-1.0,11.0,2.0,9.0,4.0,1.0,3.0,0.0,0.0,0.0,66.7,16.7,33.3,16.7,H
2024-06-02,2024,Varnamo,Mjallby,1,2,A,O,2.65,3.16,2.71,6,0.0,1.0,3.0,3.0,2.0,5.0,-3.0,10.0,6.0,4.0,-8.0,-1.0,-7.0,0.0,1.0,-1.0,3.0,0.0,3.0,0.0,80.0,40.0,60.0,A
2024-06-02,2024,Kalmar,Vasteras SK,0,4,A,O,2.7,3.36,2.54,6,1.0,0.0,2.0,3.0,8.0,1.0,7.0,7.0,5.0,2.0,1.0,-4.0,5.0,1.0,0.0,1.0,0.0,1.0,-1.0,20.0,60.0,0.0,80.0,A
2024-06-02,2024,Hacken,AIK,4,1,H,O,1.9,3.92,3.53,7,2.0,0.0,1.0,3.0,8.0,3.0,5.0,6.0,14.0,-8.0,2.0,-11.0,13.0,1.0,0.0,1.0,0.0,2.0,-2.0,50.0,33.3,0.0,60.0,H
2024-06-02,2024,Djurgarden,Hammarby,0,3,A,O,1.74,3.9,4.31,7,3.0,1.0,1.0,3.0,5.0,4.0,1.0,1.0,8.0,-7.0,4.0,-4.0,8.0,2.0,0.0,2.0,0.0,1.0,-1.0,66.7,16.7,20.0,80.0,A
2024-06-01,2024,Sirius,Norrkoping,5,1,H,O,1.79,3.92,4.02,6,0.0,1.0,2.0,2.0,2.0,6.0,-4.0,6.0,10.0,-4.0,-4.0,-4.0,0.0,0.0,0.0,0.0,1.0,1.0,0.0,20.0,40.0,16.7,50.0,H
2024-06-01,2024,Halmstad,GAIS,4,0,H,O,3.76,3.44,1.98,6,2.0,1.0,2.0,3.0,6.0,3.0,3.0,6.0,5.0,1.0,0.0,-2.0,2.0,1.0,0.0,1.0,2.0,0.0,2.0,60.0,40.0,40.0,60.0,H
2024-06-01,2024,Goteborg,Elfsborg,1,0,H,U,2.72,3.5,2.44,6,1.0,0.0,2.0,4.0,2.0,4.0,-2.0,5.0,10.0,-5.0,-3.0,-6.0,3.0,0.0,0.0,0.0,1.0,2.0,-1.0,20.0,60.0,16.7,83.3,H
2024-06-01,2024,Brommapojkarna,Malmo FF,2,2,D,O,5.18,4.39,1.56,6,1.0,2.0,2.0,1.0,3.0,7.0,-4.0,10.0,5.0,5.0,-7.0,2.0,-9.0,0.0,1.0,-1.0,2.0,1.0,1.0,20.0,40.0,66.7,16.7,D
2024-05-29,2024,Mjallby,Hacken,2,1,H,O,2.42,3.46,2.76,7,2.0,2.0,1.0,2.0,8.0,4.0,4.0,6.0,6.0,0.0,2.0,-2.0,4.0,1.0,1.0,0.0,1.0,2.0,-1.0,50.0,16.7,40.0,40.0,
2024-05-28,2024,Malmo FF,Elfsborg,2,1,H,O,1.42,4.71,6.9,6,4.0,0.0,0.0,4.0,12.0,3.0,9.0,0.0,11.0,-11.0,12.0,-8.0,20.0,2.0,0.0,2.0,0.0,3.0,-3.0,100.0,0.0,20.0,80.0,
2024-05-27,2024,Norrkoping,Varnamo,0,4,A,O,2.03,3.6,3.4,5,2.0,3.0,2.0,1.0,7.0,5.0,2.0,9.0,3.0,6.0,-2.0,2.0,-4.0,1.0,1.0,0.0,1.0,1.0,0.0,50.0,50.0,60.0,20.0,
2024-05-27,2024,AIK,Goteborg,5,2,H,O,1.99,3.5,3.64,6,3.0,2.0,1.0,1.0,11.0,7.0,4.0,5.0,4.0,1.0,6.0,3.0,3.0,3.0,1.0,2.0,1.0,0.0,1.0,80.0,20.0,40.0,40.0,
2024-05-26,2024,Vasteras SK,Brommapojkarna,1,1,D,U,2.09,3.62,3.25,6,1.0,1.0,3.0,1.0,2.0,7.0,-5.0,6.0,6.0,0.0,-4.0,1.0,-5.0,0.0,1.0,-1.0,2.0,0.0,2.0,20.0,80.0,40.0,20.0,D
2024-05-26,2024,Hammarby,Sirius,3,0,H,O,2.15,3.58,3.16,6,3.0,1.0,1.0,2.0,8.0,4.0,4.0,4.0,6.0,-2.0,4.0,-2.0,6.0,1.0,1.0,0.0,0.0,2.0,-2.0,80.0,20.0,40.0,40.0,H
2024-05-25,2024,Mjallby,Djurgarden,1,3,A,O,3.0,3.24,2.39,6,2.0,3.0,0.0,1.0,8.0,11.0,-3.0,4.0,3.0,1.0,4.0,8.0,-4.0,1.0,3.0,-2.0,0.0,1.0,-1.0,60.0,0.0,75.0,25.0,A
2024-05-25,2024,GAIS,Hacken,3,0,H,O,2.97,3.73,2.18,6,4.0,2.0,0.0,1.0,8.0,7.0,1.0,3.0,6.0,-3.0,5.0,1.0,4.0,1.0,1.0,0.0,0.0,1.0,-1.0,80.0,20.0,50.0,25.0,H
2024-05-24,2024,Malmo FF,Kalmar,5,0,H,O,1.2,6.68,13.56,5,4.0,2.0,0.0,2.0,9.0,7.0,2.0,0.0,7.0,-7.0,9.0,0.0,9.0,2.0,1.0,1.0,0.0,1.0,-1.0,100.0,0.0,40.0,60.0,
2024-05-24,2024,Elfsborg,Halmstad,2,0,H,U,1.33,5.34,7.99,6,3.0,2.0,1.0,2.0,12.0,6.0,6.0,4.0,8.0,-4.0,8.0,-2.0,10.0,3.0,1.0,2.0,0.0,2.0,-2.0,60.0,20.0,40.0,60.0,
2024-05-21,2024,Goteborg,Mjallby,1,0,H,U,2.29,3.33,3.06,5,0.0,2.0,3.0,2.0,2.0,6.0,-4.0,9.0,5.0,4.0,-7.0,1.0,-8.0,0.0,1.0,-1.0,2.0,0.0,2.0,0.0,75.0,50.0,50.0,
2024-05-20,2024,Sirius,Vasteras SK,0,0,D,U,2.33,3.58,2.83,5,1.0,0.0,2.0,4.0,5.0,1.0,4.0,6.0,6.0,0.0,-1.0,-5.0,4.0,1.0,0.0,1.0,1.0,1.0,0.0,25.0,50.0,0.0,100.0,
2024-05-20,2024,Hacken,Malmo FF,2,2,D,O,3.65,3.97,1.86,6,3.0,3.0,1.0,1.0,10.0,9.0,1.0,7.0,3.0,4.0,3.0,6.0,-3.0,1.0,2.0,-1.0,0.0,1.0,-1.0,60.0,40.0,80.0,20.0,
2024-05-20,2024,Djurgarden,Halmstad,2,0,H,U,1.32,5.12,9.17,6,3.0,2.0,1.0,2.0,5.0,6.0,-1.0,1.0,9.0,-8.0,4.0,-3.0,7.0,2.0,1.0,1.0,0.0,2.0,-2.0,60.0,20.0,50.0,50.0,
2024-05-19,2024,Varnamo,Kalmar,0,2,A,U,2.14,3.37,3.36,5,0.0,1.0,3.0,3.0,3.0,6.0,-3.0,10.0,10.0,0.0,-7.0,-4.0,-3.0,0.0,0.0,0.0,2.0,2.0,0.0,0.0,75.0,25.0,75.0,A
2024-05-19,2024,Hammarby,AIK,2,1,H,O,2.74,3.38,2.48,5,3.0,0.0,1.0,2.0,9.0,4.0,5.0,4.0,14.0,-10.0,5.0,-10.0,15.0,2.0,0.0,2.0,0.0,2.0,-2.0,75.0,25.0,0.0,50.0,D
2024-05-19,2024,GAIS,Elfsborg,2,1,H,O,3.12,3.52,2.19,5,3.0,1.0,1.0,3.0,6.0,3.0,3.0,6.0,9.0,-3.0,0.0,-6.0,6.0,1.0,0.0,1.0,1.0,3.0,-2.0,75.0,25.0,25.0,75.0,H
2024-05-19,2024,Brommapojkarna,Norrkoping,2,1,H,O,1.89,3.81,3.69,5,0.0,1.0,2.0,1.0,3.0,6.0,-3.0,11.0,9.0,2.0,-8.0,-3.0,-5.0,0.0,0.0,0.0,2.0,1.0,1.0,0.0,50.0,20.0,40.0,H
2024-05-16,2024,Sirius,Goteborg,2,2,D,O,2.32,3.46,2.92,4,,2.0,,2.0,,5.0,,,3.0,,,2.0,,,1.0,,,0.0,,33.3,66.7,50.0,50.0,
2024-05-16,2024,Malmo FF,GAIS,1,0,H,U,1.31,5.32,8.97,4,,2.0,,2.0,,5.0,,,5.0,,,0.0,,,0.0,,,0.0,,100.0,0.0,50.0,50.0,
2024-05-16,2024,Kalmar,Norrkoping,1,1,D,U,2.23,3.51,3.04,5,1.0,1.0,3.0,2.0,8.0,5.0,3.0,8.0,11.0,-3.0,0.0,-6.0,6.0,1.0,0.0,1.0,0.0,2.0,-2.0,25.0,75.0,25.0,50.0,
2024-05-16,2024,Brommapojkarna,Djurgarden,0,5,A,O,3.28,3.5,2.12,4,,,,,,,,,,,,,,,,,,,,0.0,33.3,66.7,33.3,
2024-05-15,2024,Vasteras SK,Varnamo,0,2,A,U,1.96,3.69,3.61,5,1.0,2.0,3.0,1.0,2.0,5.0,-3.0,5.0,5.0,0.0,-3.0,0.0,-3.0,0.0,0.0,0.0,1.0,1.0,0.0,25.0,75.0,50.0,25.0,
2024-05-15,2024,Mjallby,Hammarby,3,0,H,O,2.1,3.33,3.51,5,2.0,1.0,0.0,3.0,8.0,4.0,4.0,4.0,7.0,-3.0,4.0,-3.0,7.0,1.0,0.0,1.0,0.0,1.0,-1.0,50.0,0.0,25.0,75.0,
2024-05-15,2024,Halmstad,Hacken,3,0,H,O,4.17,3.93,1.77,5,2.0,,2.0,,4.0,,,6.0,,,-2.0,,,0.0,,,2.0,,,50.0,50.0,66.7,0.0,
2024-05-15,2024,Elfsborg,AIK,6,1,H,O,2.24,3.45,3.09,5,2.0,,1.0,,8.0,,,5.0,,,3.0,,,2.0,,,0.0,,,50.0,25.0,0.0,33.3,
2024-05-13,2024,Goteborg,Malmo FF,0,3,A,O,4.09,3.57,1.87,4,,3.0,,1.0,,11.0,,,4.0,,,7.0,,,2.0,,,1.0,,0.0,66.7,75.0,25.0,
2024-05-12,2024,Varnamo,Brommapojkarna,1,1,D,U,3.16,3.45,2.2,4,,2.0,,1.0,,10.0,,,5.0,,,5.0,,,2.0,,,0.0,,0.0,100.0,50.0,25.0,H
2024-05-12,2024,Norrkoping,Hammarby,1,2,A,O,2.51,3.51,2.66,4,,,,,,,,,,,,,,,,,,,,66.7,33.3,0.0,100.0,D
2024-05-12,2024,Hacken,Kalmar,3,1,H,O,1.38,5.17,6.96,5,2.0,,2.0,,7.0,,,7.0,,,0.0,,,0.0,,,0.0,,,50.0,50.0,33.3,66.7,D
2024-05-12,2024,Djurgarden,Elfsborg,2,0,H,U,2.06,3.42,3.56,5,2.0,,1.0,,6.0,,,4.0,,,2.0,,,1.0,,,0.0,,,50.0,25.0,33.3,66.7,D
2024-05-11,2024,Halmstad,Mjallby,1,3,A,O,3.6,3.27,2.11,4,,,,,,,,,,,,,,,,,,,,66.7,33.3,33.3,66.7,A
2024-05-11,2024,GAIS,Vasteras SK,2,0,H,U,2.32,3.46,2.95,4,,,,,,,,,,,,,,,,,,,,66.7,33.3,0.0,100.0,H
2024-05-11,2024,AIK,Sirius,1,3,A,O,1.72,3.79,4.66,5,4.0,1.0,0.0,2.0,11.0,3.0,8.0,2.0,6.0,-4.0,9.0,-3.0,12.0,3.0,0.0,3.0,0.0,2.0,-2.0,100.0,0.0,25.0,50.0,A
2024-05-06,2024,GAIS,Goteborg,2,1,H,O,2.83,3.22,2.52,3,,,,,,,,,,,,,,,,,,,,50.0,50.0,66.7,33.3,
2024-05-05,2024,Vasteras SK,Djurgarden,0,2,A,U,3.64,3.35,2.06,4,,,,,,,,,,,,,,,,,,,,33.3,66.7,50.0,50.0,A
2024-05-05,2024,Hammarby,Varnamo,1,2,A,O,1.48,4.31,6.56,4,,,,,,,,,,,,,,,,,,,,100.0,0.0,33.3,33.3,D
2024-05-05,2024,Elfsborg,Malmo FF,3,1,H,O,3.75,3.73,1.9,4,,,,,,,,,,,,,,,,,,,,33.3,33.3,100.0,0.0,H
2024-05-05,2024,AIK,Norrkoping,6,2,H,O,1.71,3.7,4.82,4,,,,,,,,,,,,,,,,,,,,100.0,0.0,33.3,33.3,H
2024-05-04,2024,Sirius,Hacken,0,3,A,O,2.43,3.72,2.62,3,,,,,,,,,,,,,,,,,,,,50.0,50.0,50.0,0.0,A
2024-05-04,2024,Mjallby,Brommapojkarna,1,1,D,U,2.34,3.39,2.95,4,,,,,,,,,,,,,,,,,,,,66.7,0.0,66.7,33.3,H
2024-05-04,2024,Kalmar,Halmstad,5,2,H,O,2.07,3.29,3.64,4,,,,,,,,,,,,,,,,,,,,0.0,100.0,66.7,33.3,A
2024-04-29,2024,Mjallby,Kalmar,3,2,H,O,1.98,3.35,3.87,3,,,,,,,,,,,,,,,,,,,,50.0,0.0,50.0,50.0,
2024-04-29,2024,Hammarby,Vasteras SK,2,1,H,O,1.99,3.61,3.55,3,,,,,,,,,,,,,,,,,,,,100.0,0.0,0.0,100.0,
2024-04-29,2024,Elfsborg,Sirius,2,0,H,U,1.94,3.56,3.77,3,,,,,,,,,,,,,,,,,,,,0.0,50.0,33.3,33.3,
2024-04-29,2024,Brommapojkarna,Goteborg,0,3,A,O,2.34,3.36,2.98,3,,,,,,,,,,,,,,,,,,,,0.0,0.0,50.0,50.0,
2024-04-28,2024,Varnamo,Halmstad,1,3,A,O,2.21,3.22,3.35,3,,,,,,,,,,,,,,,,,,,,0.0,100.0,50.0,50.0,A
2024-04-28,2024,Malmo FF,AIK,5,0,H,O,1.55,4.08,5.87,3,,,,,,,,,,,,,,,,,,,,100.0,0.0,0.0,0.0,H
2024-04-28,2024,Hacken,Norrkoping,1,2,A,O,1.54,4.65,5.1,4,,,,,,,,,,,,,,,,,,,,66.7,33.3,0.0,50.0,A
2024-04-28,2024,Djurgarden,GAIS,1,0,H,U,1.64,3.93,5.04,4,,,,,,,,,,,,,,,,,,,,33.3,33.3,66.7,33.3,D
2024-04-25,2024,Vasteras SK,Mjallby,2,1,H,O,1.97,3.43,3.87,3,,,,,,,,,,,,,,,,,,,,0.0,100.0,50.0,50.0,
2024-04-25,2024,Norrkoping,Elfsborg,4,2,H,O,3.13,3.57,2.17,3,,,,,,,,,,,,,,,,,,,,50.0,50.0,50.0,50.0,
2024-04-25,2024,Kalmar,GAIS,2,3,A,O,2.23,3.27,3.28,3,,,,,,,,,,,,,,,,,,,,0.0,100.0,50.0,50.0,
2024-04-25,2024,Halmstad,Hammarby,2,1,H,O,3.9,3.56,1.91,3,,,,,,,,,,,,,,,,,,,,50.0,50.0,0.0,100.0,
2024-04-25,2024,Djurgarden,Malmo FF,0,1,A,U,2.91,3.41,2.38,3,,,,,,,,,,,,,,,,,,,,50.0,0.0,100.0,0.0,
2024-04-24,2024,Goteborg,Hacken,0,1,A,U,2.45,3.59,2.67,3,,,,,,,,,,,,,,,,,,,,0.0,50.0,0.0,0.0,
2024-04-24,2024,Brommapojkarna,Sirius,1,1,D,U,2.26,3.65,2.91,2,,,,,,,,,,,,,,,,,,,,0.0,0.0,50.0,50.0,
2024-04-24,2024,AIK,Varnamo,2,0,H,U,1.54,4.0,6.31,3,,,,,,,,,,,,,,,,,,,,100.0,0.0,50.0,0.0,
2024-04-22,2024,Elfsborg,Kalmar,1,2,A,O,1.63,3.85,5.41,2,,,,,,,,,,,,,,,,,,,,0.0,0.0,0.0,100.0,
2024-04-21,2024,Halmstad,Brommapojkarna,0,2,A,U,3.63,3.62,1.97,2,,,,,,,,,,,,,,,,,,,,100.0,0.0,50.0,50.0,A
2024-04-21,2024,Hacken,Hammarby,2,1,H,O,1.86,3.89,3.77,3,,,,,,,,,,,,,,,,,,,,50.0,50.0,0.0,100.0,A
2024-04-21,2024,GAIS,Mjallby,2,1,H,O,3.07,3.19,2.38,2,,,,,,,,,,,,,,,,,,,,0.0,100.0,100.0,0.0,D
2024-04-21,2024,AIK,Djurgarden,2,0,H,U,2.82,3.07,2.63,2,,,,,,,,,,,,,,,,,,,,100.0,0.0,100.0,0.0,D
2024-04-20,2024,Sirius,Varnamo,0,1,A,U,1.58,4.18,5.28,2,,,,,,,,,,,,,,,,,,,,100.0,0.0,0.0,0.0,A
2024-04-20,2024,Malmo FF,Vasteras SK,1,0,H,U,1.24,6.2,11.15,2,,,,,,,,,,,,,,,,,,,,100.0,0.0,0.0,100.0,D
2024-04-20,2024,Goteborg,Norrkoping,1,1,D,U,1.61,4.01,5.28,2,,,,,,,,,,,,,,,,,,,,0.0,100.0,0.0,100.0,D
2024-04-15,2024,Varnamo,Malmo FF,0,4,A,O,9.26,5.34,1.31,2,,,,,,,,,,,,,,,,,,,,0.0,100.0,100.0,0.0,
2024-04-15,2024,Hammarby,Elfsborg,3,0,H,O,2.49,3.4,2.75,2,,,,,,,,,,,,,,,,,,,,100.0,0.0,100.0,0.0,
2024-04-15,2024,Hacken,Brommapojkarna,4,3,H,O,1.7,4.25,4.29,2,,,,,,,,,,,,,,,,,,,,0.0,100.0,100.0,0.0,
2024-04-14,2024,Norrkoping,GAIS,1,0,H,U,2.21,3.6,3.04,2,,,,,,,,,,,,,,,,,,,,0.0,100.0,100.0,0.0,D
2024-04-14,2024,Kalmar,Goteborg,0,1,A,U,2.53,3.22,2.83,2,,,,,,,,,,,,,,,,,,,,0.0,100.0,0.0,100.0,D
2024-04-14,2024,Djurgarden,Sirius,2,0,H,U,1.74,3.94,4.37,2,,,,,,,,,,,,,,,,,,,,0.0,0.0,100.0,0.0,H
2024-04-13,2024,Vasteras SK,Halmstad,0,1,A,U,1.7,3.78,4.85,2,,,,,,,,,,,,,,,,,,,,0.0,100.0,0.0,100.0,A
2024-04-13,2024,Mjallby,AIK,1,1,D,U,2.55,3.11,2.89,2,,,,,,,,,,,,,,,,,,,,100.0,0.0,0.0,0.0,D
2024-04-08,2024,Varnamo,GAIS,1,2,A,O,2.59,3.41,2.61,1,,,,,,,,,,,,,,,,,,,,,,,,
2024-04-08,2024,Kalmar,Sirius,1,2,A,O,2.44,3.33,2.85,1,,,,,,,,,,,,,,,,,,,,,,,,
2024-04-08,2024,Djurgarden,Hacken,3,3,D,O,1.8,3.89,4.03,1,,,,,,,,,,,,,,,,,,,,,,,,
2024-04-07,2024,Vasteras SK,Elfsborg,0,1,A,U,3.07,3.53,2.22,1,,,,,,,,,,,,,,,,,,,,,,,,D
2024-04-07,2024,Malmo FF,Hammarby,2,0,H,U,1.39,4.81,7.68,1,,,,,,,,,,,,,,,,,,,,,,,,H
2024-04-07,2024,Halmstad,Goteborg,1,0,H,U,2.75,3.25,2.56,1,,,,,,,,,,,,,,,,,,,,,,,,H
2024-04-06,2024,Mjallby,Norrkoping,3,0,H,O,2.15,3.3,3.43,1,,,,,,,,,,,,,,,,,,,,,,,,H
2024-04-06,2024,Brommapojkarna,AIK,2,2,D,O,3.36,3.47,2.11,1,,,,,,,,,,,,,,,,,,,,,,,,H
2024-04-01,2024,Sirius,Halmstad,3,0,H,O,1.7,3.93,4.6,1,,,,,,,,,,,,,,,,,,,,,,,,H
2024-04-01,2024,Goteborg,Djurgarden,1,4,A,O,3.3,3.23,2.24,1,,,,,,,,,,,,,,,,,,,,,,,,A
2024-04-01,2024,Elfsborg,Varnamo,2,2,D,O,1.49,4.42,6.24,1,,,,,,,,,,,,,,,,,,,,,,,,H
2024-04-01,2024,AIK,Vasteras SK,1,0,H,U,1.55,4.05,5.92,1,,,,,,,,,,,,,,,,,,,,,,,,D
2024-03-31,2024,Hammarby,Kalmar,3,1,H,O,1.89,3.54,4.03,1,,,,,,,,,,,,,,,,,,,,,,,,H
2024-03-31,2024,Hacken,Mjallby,0,1,A,U,1.79,3.73,4.28,1,,,,,,,,,,,,,,,,,,,,,,,,D
2024-03-31,2024,GAIS,Brommapojkarna,0,4,A,O,2.48,3.46,2.71,1,,,,,,,,,,,,,,,,,,,,,,,,A
2024-03-30,2024,Norrkoping,Malmo FF,1,5,A,O,5.7,4.36,1.54,1,,,,,,,,,,,,,,,,,,,,,,,,A
2023-11-12,2023,Varberg,Goteborg,1,2,A,O,7.2,4.95,1.39,15,1.0,1.0,2.0,1.0,5.0,5.0,0.0,6.0,6.0,0.0,-1.0,-1.0,0.0,0.0,0.0,0.0,0.0,1.0,-1.0,7.1,64.3,14.3,42.9,D
2023-11-12,2023,Sirius,Norrkoping,2,0,H,U,1.63,4.51,4.52,15,3.0,0.0,1.0,3.0,14.0,6.0,8.0,7.0,11.0,-4.0,7.0,-5.0,12.0,1.0,0.0,1.0,1.0,1.0,0.0,42.9,50.0,35.7,42.9,D
2023-11-12,2023,Malmo FF,Elfsborg,1,0,H,U,1.71,3.99,4.54,15,2.0,3.0,0.0,1.0,9.0,6.0,3.0,3.0,2.0,1.0,6.0,4.0,2.0,1.0,1.0,0.0,0.0,0.0,0.0,71.4,7.1,71.4,21.4,D
2023-11-12,2023,Kalmar,Djurgarden,2,1,H,O,3.25,3.57,2.12,15,2.0,3.0,2.0,1.0,3.0,5.0,-2.0,5.0,3.0,2.0,-2.0,2.0,-4.0,0.0,1.0,-1.0,2.0,1.0,1.0,50.0,28.6,35.7,42.9,D
2023-11-12,2023,Hammarby,Halmstad,2,2,D,O,1.5,4.5,5.88,15,0.0,0.0,1.0,2.0,6.0,3.0,3.0,8.0,5.0,3.0,-2.0,-2.0,0.0,0.0,0.0,0.0,1.0,0.0,1.0,57.1,14.3,28.6,50.0,D
2023-11-12,2023,Degerfors,Mjallby,1,2,A,O,3.14,3.52,2.2,15,1.0,2.0,3.0,1.0,4.0,5.0,-1.0,7.0,2.0,5.0,-3.0,3.0,-6.0,0.0,2.0,-2.0,1.0,0.0,1.0,35.7,50.0,50.0,35.7,D
2023-11-12,2023,Brommapojkarna,Hacken,2,1,H,O,2.2,4.23,2.73,15,0.0,0.0,3.0,3.0,5.0,3.0,2.0,10.0,6.0,4.0,-5.0,-3.0,-2.0,0.0,0.0,0.0,1.0,0.0,1.0,28.6,57.1,28.6,50.0,A
2023-11-12,2023,AIK,Varnamo,3,1,H,O,1.72,3.98,4.53,15,3.0,4.0,0.0,0.0,6.0,11.0,-5.0,1.0,4.0,-3.0,5.0,7.0,-2.0,2.0,2.0,0.0,0.0,0.0,0.0,35.7,21.4,57.1,35.7,H
2023-11-06,2023,Norrkoping,Varberg,4,3,H,O,1.42,4.95,6.53,15,1.0,0.0,3.0,4.0,1.0,1.0,0.0,5.0,17.0,-12.0,-4.0,-16.0,12.0,0.0,0.0,0.0,2.0,3.0,-1.0,42.9,42.9,14.3,71.4,
2023-11-06,2023,Goteborg,AIK,1,1,D,U,2.33,3.07,3.28,15,2.0,0.0,2.0,4.0,6.0,3.0,3.0,5.0,12.0,-7.0,1.0,-9.0,10.0,1.0,0.0,1.0,0.0,4.0,-4.0,35.7,42.9,21.4,64.3,
2023-11-05,2023,Mjallby,Brommapojkarna,1,2,A,O,2.49,3.51,2.69,15,1.0,0.0,3.0,4.0,4.0,6.0,-2.0,8.0,10.0,-2.0,-4.0,-4.0,0.0,0.0,0.0,0.0,1.0,0.0,1.0,28.6,50.0,28.6,64.3,
2023-11-05,2023,Halmstad,Kalmar,3,0,H,O,2.42,3.27,2.96,15,1.0,3.0,1.0,1.0,3.0,9.0,-6.0,3.0,4.0,-1.0,0.0,5.0,-5.0,0.0,2.0,-2.0,0.0,0.0,0.0,28.6,35.7,35.7,42.9,H
2023-11-05,2023,Hacken,Malmo FF,4,2,H,O,3.24,3.94,2.01,15,4.0,3.0,0.0,1.0,12.0,6.0,6.0,5.0,3.0,2.0,7.0,3.0,4.0,2.0,1.0,1.0,0.0,0.0,0.0,92.9,7.1,64.3,28.6,D
2023-11-05,2023,Elfsborg,Degerfors,2,2,D,O,1.26,6.06,9.9,15,3.0,0.0,1.0,2.0,8.0,3.0,5.0,6.0,6.0,0.0,2.0,-3.0,5.0,1.0,0.0,1.0,1.0,1.0,0.0,71.4,14.3,14.3,71.4,
2023-11-04,2023,Varnamo,Hammarby,0,0,D,U,2.3,3.56,2.91,15,3.0,2.0,1.0,0.0,6.0,4.0,2.0,3.0,0.0,3.0,3.0,4.0,-1.0,1.0,1.0,0.0,0.0,0.0,0.0,42.9,50.0,21.4,42.9,D
2023-11-04,2023,Djurgarden,Sirius,2,4,A,O,1.56,4.49,5.22,15,2.0,2.0,1.0,1.0,6.0,5.0,1.0,3.0,4.0,-1.0,3.0,1.0,2.0,1.0,0.0,1.0,0.0,0.0,0.0,71.4,14.3,28.6,35.7,
2023-10-30,2023,Hammarby,Sirius,2,2,D,O,2.01,3.8,3.39,14,1.0,2.0,1.0,2.0,8.0,5.0,3.0,8.0,5.0,3.0,0.0,0.0,0.0,1.0,0.0,1.0,1.0,0.0,1.0,61.5,15.4,30.8,38.5,
2023-10-30,2023,Goteborg,Elfsborg,1,2,A,O,3.11,3.33,2.3,14,3.0,2.0,1.0,2.0,7.0,4.0,3.0,4.0,2.0,2.0,3.0,2.0,1.0,1.0,1.0,0.0,0.0,0.0,0.0,38.5,38.5,69.2,23.1,
2023-10-29,2023,Norrkoping,Malmo FF,0,1,A,U,6.32,4.69,1.46,14,2.0,3.0,2.0,1.0,4.0,8.0,-4.0,5.0,4.0,1.0,-1.0,4.0,-5.0,1.0,2.0,-1.0,2.0,0.0,2.0,46.2,38.5,61.5,30.8,D
2023-10-29,2023,Mjallby,Hacken,2,1,H,O,4.24,3.97,1.76,14,1.0,0.0,3.0,3.0,3.0,4.0,-1.0,7.0,8.0,-1.0,-4.0,-4.0,0.0,0.0,0.0,0.0,1.0,1.0,0.0,23.1,53.8,30.8,46.2,D
2023-10-29,2023,Kalmar,Varnamo,1,3,A,O,2.15,3.46,3.29,14,2.0,4.0,1.0,0.0,2.0,10.0,-8.0,2.0,3.0,-1.0,0.0,7.0,-7.0,0.0,2.0,-2.0,1.0,0.0,1.0,53.8,23.1,53.8,38.5,A
2023-10-29,2023,AIK,Halmstad,1,1,D,U,1.68,3.68,5.31,14,4.0,0.0,0.0,3.0,8.0,3.0,5.0,0.0,7.0,-7.0,8.0,-4.0,12.0,3.0,0.0,3.0,0.0,1.0,-1.0,38.5,23.1,30.8,53.8,
2023-10-28,2023,Varberg,Degerfors,1,1,D,U,3.37,3.69,2.05,14,1.0,0.0,3.0,3.0,4.0,3.0,1.0,8.0,9.0,-1.0,-4.0,-6.0,2.0,0.0,0.0,0.0,1.0,2.0,-1.0,7.7,69.2,15.4,76.9,D
2023-10-28,2023,Brommapojkarna,Djurgarden,1,2,A,O,3.25,3.6,2.12,14,1.0,2.0,2.0,1.0,7.0,3.0,4.0,9.0,2.0,7.0,-2.0,1.0,-3.0,1.0,1.0,0.0,1.0,1.0,0.0,30.8,53.8,30.8,46.2,A
2023-10-23,2023,Varnamo,Goteborg,3,1,H,O,3.15,3.31,2.3,14,2.0,2.0,1.0,0.0,3.0,6.0,-3.0,2.0,4.0,-2.0,1.0,2.0,-1.0,0.0,0.0,0.0,0.0,0.0,0.0,38.5,53.8,15.4,38.5,
2023-10-23,2023,Elfsborg,AIK,3,0,H,O,1.83,3.63,4.28,14,3.0,0.0,1.0,3.0,7.0,4.0,3.0,6.0,10.0,-4.0,1.0,-6.0,7.0,1.0,0.0,1.0,1.0,3.0,-2.0,69.2,15.4,23.1,61.5,
2023-10-22,2023,Malmo FF,Varberg,5,0,H,O,1.08,11.38,24.18,14,2.0,0.0,0.0,4.0,7.0,1.0,6.0,3.0,14.0,-11.0,4.0,-13.0,17.0,1.0,0.0,1.0,0.0,3.0,-3.0,69.2,7.7,15.4,69.2,H
2023-10-22,2023,Halmstad,Mjallby,1,1,D,U,2.31,3.15,3.28,14,1.0,2.0,2.0,2.0,3.0,4.0,-1.0,5.0,3.0,2.0,-2.0,1.0,-3.0,0.0,2.0,-2.0,1.0,1.0,0.0,30.8,38.5,53.8,38.5,H
2023-10-22,2023,Hacken,Norrkoping,4,1,H,O,1.37,5.43,7.19,14,4.0,1.0,0.0,2.0,10.0,8.0,2.0,4.0,8.0,-4.0,6.0,0.0,6.0,2.0,1.0,1.0,0.0,0.0,0.0,92.3,7.7,38.5,38.5,H
2023-10-22,2023,Djurgarden,Hammarby,0,0,D,U,2.17,3.38,3.36,14,2.0,2.0,2.0,1.0,6.0,4.0,2.0,7.0,1.0,6.0,-1.0,3.0,-4.0,1.0,1.0,0.0,1.0,0.0,1.0,76.9,15.4,23.1,46.2,D
2023-10-21,2023,Sirius,Brommapojkarna,3,2,H,O,2.18,3.72,3.06,14,3.0,0.0,1.0,3.0,14.0,6.0,8.0,5.0,9.0,-4.0,9.0,-3.0,12.0,2.0,0.0,2.0,1.0,0.0,1.0,38.5,53.8,30.8,61.5,D
2023-10-21,2023,Degerfors,Kalmar,1,3,A,O,2.85,3.29,2.48,14,2.0,2.0,2.0,2.0,5.0,6.0,-1.0,4.0,6.0,-2.0,1.0,0.0,1.0,1.0,1.0,0.0,0.0,1.0,-1.0,38.5,46.2,30.8,46.2,A
2023-10-08,2023,Varnamo,Norrkoping,2,1,H,O,2.01,3.55,3.59,13,1.0,1.0,2.0,2.0,1.0,8.0,-7.0,2.0,8.0,-6.0,-1.0,0.0,-1.0,0.0,1.0,-1.0,0.0,0.0,0.0,33.3,58.3,41.7,33.3,A
2023-10-08,2023,Varberg,Djurgarden,0,1,A,U,6.59,4.41,1.47,13,1.0,1.0,3.0,2.0,4.0,3.0,1.0,10.0,4.0,6.0,-6.0,-1.0,-5.0,0.0,1.0,-1.0,2.0,1.0,1.0,8.3,66.7,25.0,50.0,D
2023-10-08,2023,Kalmar,Malmo FF,1,0,H,U,4.49,3.76,1.76,13,1.0,3.0,1.0,1.0,2.0,8.0,-6.0,3.0,4.0,-1.0,-1.0,4.0,-5.0,0.0,2.0,-2.0,1.0,0.0,1.0,50.0,25.0,66.7,25.0,D
2023-10-08,2023,Hammarby,Hacken,2,2,D,O,2.54,3.65,2.55,13,2.0,0.0,1.0,4.0,7.0,2.0,5.0,6.0,7.0,-1.0,1.0,-5.0,6.0,1.0,0.0,1.0,1.0,1.0,0.0,66.7,16.7,33.3,50.0,H
2023-10-08,2023,Brommapojkarna,Elfsborg,0,3,A,O,3.37,3.81,2.01,13,1.0,1.0,2.0,3.0,7.0,2.0,5.0,8.0,5.0,3.0,-1.0,-3.0,2.0,1.0,0.0,1.0,1.0,1.0,0.0,33.3,50.0,66.7,25.0,D
2023-10-07,2023,Halmstad,Degerfors,0,0,D,U,1.92,3.5,4.0,13,1.0,1.0,3.0,3.0,3.0,4.0,-1.0,10.0,9.0,1.0,-7.0,-5.0,-2.0,0.0,0.0,0.0,2.0,2.0,0.0,33.3,41.7,16.7,83.3,D
2023-10-07,2023,Goteborg,Sirius,0,1,A,U,2.0,3.5,3.7,13,4.0,1.0,0.0,3.0,9.0,4.0,5.0,3.0,6.0,-3.0,6.0,-2.0,8.0,2.0,0.0,2.0,0.0,0.0,0.0,41.7,33.3,25.0,41.7,D
2023-10-07,2023,AIK,Mjallby,1,0,H,U,1.76,3.56,4.78,13,3.0,3.0,0.0,1.0,9.0,7.0,2.0,2.0,2.0,0.0,7.0,5.0,2.0,3.0,3.0,0.0,0.0,1.0,-1.0,33.3,25.0,58.3,33.3,H
2023-10-02,2023,Malmo FF,Brommapojkarna,2,1,H,O,1.33,5.61,7.95,13,2.0,0.0,0.0,3.0,8.0,5.0,3.0,3.0,9.0,-6.0,5.0,-4.0,9.0,2.0,0.0,2.0,0.0,1.0,-1.0,66.7,8.3,33.3,58.3,
2023-10-02,2023,Elfsborg,Varberg,2,1,H,O,1.19,7.31,12.68,13,3.0,1.0,1.0,3.0,6.0,5.0,1.0,5.0,12.0,-7.0,1.0,-7.0,8.0,1.0,1.0,0.0,1.0,3.0,-2.0,66.7,16.7,16.7,66.7,
2023-10-01,2023,Sirius,Degerfors,3,2,H,O,1.6,4.21,5.17,13,2.0,1.0,2.0,3.0,11.0,2.0,9.0,4.0,7.0,-3.0,7.0,-5.0,12.0,2.0,0.0,2.0,1.0,2.0,-1.0,33.3,58.3,18.2,81.8,A
2023-10-01,2023,Mjallby,Varnamo,2,3,A,O,2.46,3.16,2.99,13,1.0,3.0,3.0,1.0,1.0,8.0,-7.0,5.0,4.0,1.0,-4.0,4.0,-8.0,0.0,2.0,-2.0,1.0,1.0,0.0,25.0,50.0,50.0,41.7,H
2023-10-01,2023,Hammarby,Goteborg,1,1,D,U,1.88,3.56,4.1,12,3.0,2.0,1.0,1.0,8.0,5.0,3.0,6.0,6.0,0.0,2.0,-1.0,3.0,1.0,0.0,1.0,1.0,1.0,0.0,72.7,18.2,16.7,41.7,D
2023-10-01,2023,Hacken,AIK,2,0,H,U,1.89,3.87,3.7,13,4.0,1.0,0.0,2.0,11.0,5.0,6.0,5.0,8.0,-3.0,6.0,-3.0,9.0,2.0,0.0,2.0,0.0,2.0,-2.0,91.7,8.3,25.0,58.3,D
2023-09-30,2023,Norrkoping,Kalmar,1,0,H,U,2.07,3.48,3.52,13,2.0,2.0,2.0,2.0,6.0,6.0,0.0,5.0,7.0,-2.0,1.0,-1.0,2.0,2.0,1.0,1.0,2.0,2.0,0.0,41.7,41.7,33.3,41.7,H
2023-09-30,2023,Djurgarden,Halmstad,1,0,H,U,1.49,4.34,6.5,13,2.0,0.0,2.0,3.0,7.0,3.0,4.0,7.0,9.0,-2.0,0.0,-6.0,6.0,2.0,0.0,2.0,1.0,2.0,-1.0,75.0,16.7,33.3,50.0,D
2023-09-25,2023,Varnamo,Sirius,0,1,A,U,2.46,3.6,2.69,12,2.0,1.0,1.0,3.0,2.0,6.0,-4.0,1.0,6.0,-5.0,1.0,0.0,1.0,0.0,1.0,-1.0,0.0,0.0,0.0,36.4,54.5,18.2,45.5,
2023-09-25,2023,Halmstad,Elfsborg,0,1,A,U,4.23,3.79,1.81,12,1.0,1.0,2.0,3.0,5.0,5.0,0.0,11.0,5.0,6.0,-6.0,0.0,-6.0,0.0,1.0,-1.0,2.0,1.0,1.0,36.4,36.4,63.6,27.3,
2023-09-24,2023,Varberg,Hammarby,0,1,A,U,6.61,4.6,1.45,12,1.0,2.0,3.0,1.0,5.0,5.0,0.0,11.0,2.0,9.0,-6.0,3.0,-9.0,0.0,1.0,-1.0,2.0,0.0,2.0,9.1,63.6,16.7,50.0,D
2023-09-24,2023,Mjallby,Goteborg,0,1,A,U,2.81,3.14,2.61,12,1.0,1.0,3.0,1.0,2.0,5.0,-3.0,6.0,7.0,-1.0,-4.0,-2.0,-2.0,0.0,0.0,0.0,1.0,1.0,0.0,27.3,45.5,9.1,45.5,D
2023-09-24,2023,Kalmar,Hacken,1,0,H,U,3.55,3.81,1.95,12,1.0,1.0,1.0,3.0,2.0,4.0,-2.0,3.0,7.0,-4.0,-1.0,-3.0,2.0,0.0,0.0,0.0,1.0,1.0,0.0,45.5,27.3,36.4,45.5,H
2023-09-24,2023,AIK,Djurgarden,2,0,H,U,2.53,3.31,2.78,12,2.0,2.0,0.0,1.0,7.0,4.0,3.0,2.0,2.0,0.0,5.0,2.0,3.0,2.0,1.0,1.0,0.0,0.0,0.0,27.3,27.3,27.3,45.5,D
2023-09-23,2023,Degerfors,Malmo FF,1,2,A,O,7.66,5.12,1.37,13,2.0,2.0,2.0,1.0,4.0,6.0,-2.0,5.0,3.0,2.0,-1.0,3.0,-4.0,1.0,2.0,-1.0,1.0,0.0,1.0,41.7,41.7,63.6,27.3,A
2023-09-23,2023,Brommapojkarna,Norrkoping,2,2,D,O,2.01,3.68,3.47,12,2.0,2.0,2.0,2.0,6.0,8.0,-2.0,6.0,7.0,-1.0,0.0,1.0,-1.0,1.0,1.0,0.0,1.0,0.0,1.0,36.4,54.5,45.5,36.4,A
2023-09-18,2023,Norrkoping,Mjallby,0,2,A,U,1.97,3.48,3.84,12,3.0,3.0,1.0,1.0,7.0,8.0,-1.0,3.0,4.0,-1.0,4.0,4.0,0.0,2.0,2.0,0.0,1.0,1.0,0.0,45.5,36.4,54.5,36.4,
2023-09-18,2023,AIK,Degerfors,2,0,H,U,1.5,4.53,5.94,11,1.0,2.0,1.0,2.0,6.0,4.0,2.0,4.0,6.0,-2.0,2.0,-2.0,4.0,1.0,0.0,1.0,0.0,1.0,-1.0,20.0,30.0,20.0,80.0,
2023-09-17,2023,Hammarby,Malmo FF,1,3,A,O,2.88,3.4,2.41,11,4.0,1.0,0.0,2.0,10.0,3.0,7.0,4.0,4.0,0.0,6.0,-1.0,7.0,2.0,1.0,1.0,0.0,1.0,-1.0,80.0,10.0,60.0,30.0,A
2023-09-17,2023,Hacken,Halmstad,3,2,H,O,1.33,5.65,8.1,12,4.0,0.0,0.0,2.0,12.0,1.0,11.0,5.0,6.0,-1.0,7.0,-5.0,12.0,3.0,0.0,3.0,0.0,2.0,-2.0,90.9,9.1,36.4,45.5,H
2023-09-17,2023,Elfsborg,Kalmar,0,3,A,O,1.47,4.52,6.5,12,3.0,1.0,0.0,3.0,7.0,4.0,3.0,3.0,10.0,-7.0,4.0,-6.0,10.0,1.0,0.0,1.0,0.0,3.0,-3.0,72.7,9.1,27.3,45.5,A
2023-09-16,2023,Sirius,Varberg,7,0,H,O,1.36,5.28,7.48,12,1.0,1.0,3.0,3.0,6.0,5.0,1.0,7.0,6.0,1.0,-1.0,-1.0,0.0,1.0,1.0,0.0,1.0,2.0,-1.0,27.3,63.6,18.2,63.6,H
2023-09-16,2023,Goteborg,Brommapojkarna,1,0,H,U,1.83,3.79,4.1,12,3.0,0.0,0.0,3.0,8.0,7.0,1.0,3.0,12.0,-9.0,5.0,-5.0,10.0,2.0,0.0,2.0,0.0,2.0,-2.0,36.4,36.4,36.4,54.5,D
2023-09-16,2023,Djurgarden,Varnamo,1,2,A,O,1.66,3.91,5.11,12,3.0,2.0,1.0,1.0,8.0,8.0,0.0,5.0,5.0,0.0,3.0,3.0,0.0,3.0,2.0,1.0,1.0,1.0,0.0,81.8,9.1,45.5,45.5,A
2023-09-03,2023,Varberg,Brommapojkarna,4,3,H,O,3.67,3.65,1.96,11,0.0,0.0,4.0,3.0,2.0,5.0,-3.0,10.0,10.0,0.0,-8.0,-5.0,-3.0,0.0,0.0,0.0,2.0,2.0,0.0,0.0,70.0,40.0,50.0,H
2023-09-03,2023,Norrkoping,Djurgarden,0,2,A,U,2.9,3.3,2.44,11,3.0,2.0,1.0,1.0,8.0,4.0,4.0,3.0,3.0,0.0,5.0,1.0,4.0,2.0,0.0,2.0,0.0,0.0,0.0,50.0,30.0,20.0,50.0,D
2023-09-03,2023,Malmo FF,Goteborg,2,2,D,O,1.38,4.99,7.5,12,2.0,1.0,1.0,1.0,7.0,3.0,4.0,3.0,5.0,-2.0,4.0,-2.0,6.0,2.0,0.0,2.0,0.0,1.0,-1.0,72.7,9.1,10.0,50.0,A
2023-09-03,2023,Kalmar,Mjallby,0,2,A,U,2.39,3.09,3.18,11,1.0,3.0,1.0,1.0,2.0,8.0,-6.0,5.0,5.0,0.0,-3.0,3.0,-6.0,0.0,1.0,-1.0,1.0,1.0,0.0,50.0,20.0,50.0,40.0,A
2023-09-03,2023,Hammarby,AIK,4,2,H,O,2.3,3.37,3.09,10,4.0,2.0,0.0,1.0,8.0,5.0,3.0,3.0,5.0,-2.0,5.0,0.0,5.0,1.0,0.0,1.0,0.0,1.0,-1.0,77.8,11.1,27.3,54.5,D
2023-09-03,2023,Degerfors,Hacken,1,0,H,U,3.81,4.1,1.82,12,1.0,1.0,3.0,2.0,3.0,6.0,-3.0,7.0,8.0,-1.0,-4.0,-2.0,-2.0,1.0,0.0,1.0,2.0,1.0,1.0,36.4,45.5,40.0,40.0,D
2023-09-02,2023,Varnamo,Elfsborg,1,0,H,U,3.25,3.52,2.15,11,1.0,2.0,2.0,2.0,2.0,9.0,-7.0,3.0,4.0,-1.0,-1.0,5.0,-6.0,0.0,2.0,-2.0,0.0,1.0,-1.0,30.0,60.0,70.0,20.0,H
2023-09-02,2023,Halmstad,Sirius,2,1,H,O,3.01,3.42,2.31,11,0.0,1.0,2.0,3.0,3.0,5.0,-2.0,10.0,7.0,3.0,-7.0,-2.0,-5.0,0.0,1.0,-1.0,2.0,1.0,1.0,30.0,40.0,20.0,40.0,H
2023-08-28,2023,Sirius,Malmo FF,1,3,A,O,4.74,4.17,1.65,11,1.0,1.0,3.0,2.0,6.0,3.0,3.0,6.0,4.0,2.0,0.0,-1.0,1.0,1.0,1.0,0.0,0.0,1.0,-1.0,30.0,60.0,55.6,33.3,
2023-08-28,2023,Elfsborg,Norrkoping,3,2,H,O,1.55,4.32,5.61,11,3.0,2.0,0.0,1.0,6.0,8.0,-2.0,1.0,6.0,-5.0,5.0,2.0,3.0,2.0,1.0,1.0,0.0,0.0,0.0,70.0,10.0,50.0,30.0,
2023-08-28,2023,AIK,Varberg,3,0,H,O,1.34,5.13,9.06,10,0.0,2.0,2.0,2.0,4.0,7.0,-3.0,6.0,4.0,2.0,-2.0,3.0,-5.0,0.0,1.0,-1.0,0.0,1.0,-1.0,11.1,33.3,20.0,60.0,
2023-08-27,2023,Varnamo,Halmstad,0,0,D,U,1.91,3.53,4.02,10,1.0,1.0,3.0,2.0,3.0,3.0,0.0,6.0,7.0,-1.0,-3.0,-4.0,1.0,0.0,0.0,0.0,1.0,2.0,-1.0,33.3,66.7,40.0,50.0,D
2023-08-27,2023,Mjallby,Hammarby,0,3,A,O,2.96,3.02,2.58,11,1.0,1.0,2.0,2.0,3.0,2.0,1.0,4.0,4.0,0.0,-1.0,-2.0,1.0,0.0,0.0,0.0,0.0,1.0,-1.0,30.0,40.0,9.1,54.5,D
2023-08-27,2023,Goteborg,Hacken,4,2,H,O,3.38,3.72,2.04,11,2.0,2.0,1.0,1.0,5.0,6.0,-1.0,3.0,4.0,-1.0,2.0,2.0,0.0,1.0,1.0,0.0,0.0,0.0,0.0,30.0,40.0,44.4,33.3,H
2023-08-27,2023,Djurgarden,Degerfors,4,1,H,O,1.31,5.47,9.37,11,2.0,2.0,1.0,2.0,6.0,4.0,2.0,6.0,4.0,2.0,0.0,0.0,0.0,2.0,0.0,2.0,1.0,0.0,1.0,80.0,10.0,22.2,77.8,H
2023-08-27,2023,Brommapojkarna,Kalmar,2,3,A,O,2.13,3.43,3.4,11,2.0,0.0,2.0,3.0,5.0,2.0,3.0,5.0,9.0,-4.0,0.0,-7.0,7.0,1.0,0.0,1.0,1.0,3.0,-2.0,40.0,50.0,20.0,50.0,A
2023-08-21,2023,Norrkoping,AIK,3,1,H,O,2.47,3.37,2.8,10,2.0,3.0,1.0,0.0,7.0,6.0,1.0,4.0,2.0,2.0,3.0,4.0,-1.0,1.0,1.0,0.0,0.0,0.0,0.0,44.4,33.3,30.0,50.0,
2023-08-20,2023,Malmo FF,Djurgarden,0,0,D,U,1.56,4.12,5.68,11,3.0,2.0,1.0,1.0,10.0,5.0,5.0,3.0,4.0,-1.0,7.0,1.0,6.0,3.0,0.0,3.0,0.0,0.0,0.0,80.0,10.0,22.2,55.6,D
2023-08-20,2023,Kalmar,Hammarby,0,0,D,U,2.8,3.22,2.56,10,2.0,1.0,1.0,2.0,4.0,2.0,2.0,6.0,4.0,2.0,-2.0,-2.0,0.0,0.0,0.0,0.0,1.0,1.0,0.0,55.6,22.2,10.0,60.0,D
2023-08-20,2023,Hacken,Sirius,3,2,H,O,1.5,4.87,5.38,11,4.0,2.0,0.0,2.0,12.0,5.0,7.0,3.0,5.0,-2.0,9.0,0.0,9.0,4.0,1.0,3.0,0.0,1.0,-1.0,90.0,10.0,22.2,33.3,D
2023-08-20,2023,Elfsborg,Mjallby,2,0,H,U,1.48,4.32,6.68,10,2.0,3.0,0.0,1.0,5.0,8.0,-3.0,2.0,6.0,-4.0,3.0,2.0,1.0,1.0,1.0,0.0,0.0,1.0,-1.0,66.7,11.1,55.6,33.3,H
2023-08-19,2023,Varberg,Varnamo,0,3,A,O,3.03,3.27,2.36,10,0.0,2.0,4.0,1.0,2.0,7.0,-5.0,9.0,5.0,4.0,-7.0,2.0,-9.0,0.0,2.0,-2.0,2.0,1.0,1.0,0.0,66.7,40.0,50.0,A
2023-08-19,2023,Degerfors,Goteborg,1,2,A,O,2.91,3.41,2.36,11,1.0,0.0,2.0,2.0,3.0,1.0,2.0,6.0,6.0,0.0,-3.0,-5.0,2.0,1.0,0.0,1.0,2.0,2.0,0.0,40.0,40.0,0.0,55.6,D
2023-08-19,2023,Brommapojkarna,Halmstad,3,1,H,O,1.97,3.56,3.71,10,1.0,2.0,3.0,1.0,2.0,4.0,-2.0,6.0,5.0,1.0,-4.0,-1.0,-3.0,0.0,0.0,0.0,2.0,1.0,1.0,33.3,55.6,44.4,44.4,H
2023-08-14,2023,Varnamo,Degerfors,0,1,A,U,1.77,3.83,4.29,9,1.0,1.0,3.0,3.0,3.0,3.0,0.0,6.0,9.0,-3.0,-3.0,-6.0,3.0,0.0,0.0,0.0,1.0,1.0,0.0,37.5,62.5,12.5,87.5,
2023-08-14,2023,Mjallby,Malmo FF,1,0,H,U,4.47,3.59,1.79,10,0.0,1.0,3.0,2.0,2.0,3.0,-1.0,6.0,6.0,0.0,-4.0,-3.0,-1.0,0.0,1.0,-1.0,1.0,2.0,-1.0,22.2,44.4,62.5,25.0,
2023-08-13,2023,Sirius,Kalmar,3,0,H,O,2.05,3.53,3.45,10,1.0,0.0,3.0,2.0,5.0,3.0,2.0,6.0,7.0,-1.0,-1.0,-4.0,3.0,1.0,0.0,1.0,0.0,2.0,-2.0,22.2,66.7,22.2,44.4,H
2023-08-13,2023,Hammarby,Elfsborg,1,0,H,U,3.15,3.44,2.22,9,3.0,3.0,1.0,1.0,7.0,11.0,-4.0,5.0,4.0,1.0,2.0,7.0,-5.0,1.0,2.0,-1.0,1.0,1.0,0.0,75.0,12.5,77.8,11.1,H
2023-08-13,2023,Halmstad,Norrkoping,1,3,A,O,2.46,3.24,2.89,10,0.0,1.0,1.0,2.0,2.0,6.0,-4.0,7.0,7.0,0.0,-5.0,-1.0,-4.0,0.0,0.0,0.0,1.0,0.0,1.0,33.3,33.3,44.4,33.3,A
2023-08-13,2023,Hacken,Varberg,2,0,H,U,1.31,5.85,8.0,10,4.0,2.0,0.0,2.0,14.0,7.0,7.0,4.0,4.0,0.0,10.0,3.0,7.0,4.0,1.0,3.0,0.0,1.0,-1.0,88.9,11.1,22.2,55.6,H
2023-08-13,2023,Goteborg,Djurgarden,2,1,H,O,3.49,3.23,2.16,10,1.0,2.0,2.0,1.0,3.0,7.0,-4.0,3.0,6.0,-3.0,0.0,1.0,-1.0,1.0,0.0,1.0,0.0,0.0,0.0,22.2,44.4,25.0,50.0,A
2023-08-12,2023,AIK,Brommapojkarna,2,2,D,O,1.68,3.94,4.76,9,0.0,1.0,2.0,3.0,3.0,5.0,-2.0,5.0,8.0,-3.0,-2.0,-3.0,1.0,0.0,1.0,-1.0,0.0,2.0,-2.0,12.5,37.5,44.4,55.6,D
2023-08-07,2023,Varberg,Mjallby,0,3,A,O,2.88,3.08,2.58,9,0.0,3.0,4.0,1.0,3.0,6.0,-3.0,9.0,6.0,3.0,-6.0,0.0,-6.0,0.0,0.0,0.0,2.0,1.0,1.0,0.0,62.5,50.0,37.5,
2023-08-07,2023,Norrkoping,Goteborg,3,0,H,O,2.22,3.31,3.26,9,1.0,0.0,2.0,2.0,4.0,2.0,2.0,6.0,7.0,-1.0,-2.0,-5.0,3.0,0.0,0.0,0.0,1.0,2.0,-1.0,37.5,37.5,0.0,50.0,
2023-08-07,2023,Malmo FF,Halmstad,3,0,H,O,1.31,5.38,9.26,10,3.0,3.0,1.0,0.0,12.0,6.0,6.0,3.0,2.0,1.0,9.0,4.0,5.0,3.0,1.0,2.0,0.0,0.0,0.0,77.8,11.1,50.0,37.5,
2023-08-06,2023,Kalmar,AIK,1,1,D,U,3.18,3.11,2.35,9,3.0,3.0,1.0,1.0,5.0,5.0,0.0,6.0,2.0,4.0,-1.0,3.0,-4.0,0.0,1.0,-1.0,1.0,0.0,1.0,62.5,25.0,33.3,55.6,H
2023-08-06,2023,Elfsborg,Sirius,1,0,H,U,1.32,5.54,8.39,9,2.0,2.0,0.0,2.0,7.0,5.0,2.0,2.0,7.0,-5.0,5.0,-2.0,7.0,2.0,1.0,1.0,0.0,2.0,-2.0,62.5,12.5,25.0,25.0,D
2023-08-05,2023,Brommapojkarna,Varnamo,0,2,A,U,2.21,3.49,3.12,9,1.0,1.0,3.0,2.0,3.0,5.0,-2.0,6.0,7.0,-1.0,-3.0,-2.0,-1.0,0.0,1.0,-1.0,1.0,2.0,-1.0,37.5,50.0,33.3,55.6,A
2023-07-31,2023,Sirius,AIK,0,1,A,U,3.23,3.48,2.16,9,2.0,2.0,2.0,2.0,7.0,5.0,2.0,5.0,4.0,1.0,2.0,1.0,1.0,2.0,1.0,1.0,0.0,0.0,0.0,25.0,62.5,25.0,62.5,
2023-07-31,2023,Malmo FF,Varnamo,3,1,H,O,1.31,5.32,9.28,9,2.0,2.0,1.0,1.0,11.0,6.0,5.0,4.0,4.0,0.0,7.0,2.0,5.0,2.0,2.0,0.0,0.0,1.0,-1.0,75.0,12.5,37.5,50.0,
2023-07-30,2023,Mjallby,Djurgarden,0,1,A,U,3.31,3.17,2.26,9,1.0,1.0,2.0,2.0,5.0,7.0,-2.0,5.0,10.0,-5.0,0.0,-3.0,3.0,1.0,0.0,1.0,1.0,1.0,0.0,25.0,37.5,14.3,57.1,A
2023-07-30,2023,Hammarby,Norrkoping,2,1,H,O,1.99,3.56,3.61,8,3.0,2.0,1.0,1.0,9.0,8.0,1.0,7.0,6.0,1.0,2.0,2.0,0.0,1.0,1.0,0.0,1.0,0.0,1.0,71.4,14.3,50.0,25.0,D
2023-07-30,2023,Goteborg,Kalmar,2,0,H,U,2.22,3.19,3.36,9,0.0,1.0,2.0,1.0,2.0,4.0,-2.0,4.0,5.0,-1.0,-2.0,-1.0,-1.0,0.0,0.0,0.0,0.0,1.0,-1.0,12.5,50.0,25.0,37.5,H
2023-07-29,2023,Halmstad,Varberg,0,5,A,O,2.02,3.34,3.75,9,0.0,1.0,1.0,2.0,2.0,3.0,-1.0,3.0,5.0,-2.0,-1.0,-2.0,1.0,0.0,0.0,0.0,0.0,1.0,-1.0,37.5,25.0,12.5,62.5,
2023-07-29,2023,Hacken,Elfsborg,3,1,H,O,2.27,3.84,2.78,9,4.0,4.0,0.0,0.0,17.0,12.0,5.0,4.0,2.0,2.0,13.0,10.0,3.0,4.0,2.0,2.0,0.0,0.0,0.0,87.5,12.5,87.5,0.0,D
2023-07-29,2023,Degerfors,Brommapojkarna,2,0,H,U,2.87,3.59,2.31,10,0.0,2.0,2.0,2.0,3.0,8.0,-5.0,8.0,7.0,1.0,-5.0,1.0,-6.0,0.0,2.0,-2.0,2.0,1.0,1.0,33.3,44.4,50.0,50.0,D
2023-07-24,2023,Sirius,Mjallby,2,3,A,O,2.25,3.3,3.21,8,2.0,2.0,2.0,2.0,6.0,3.0,3.0,4.0,6.0,-2.0,2.0,-3.0,5.0,2.0,0.0,2.0,0.0,2.0,-2.0,28.6,57.1,42.9,42.9,
2023-07-23,2023,Norrkoping,Degerfors,1,0,H,U,1.7,4.06,4.5,8,0.0,1.0,3.0,3.0,4.0,4.0,0.0,8.0,14.0,-6.0,-4.0,-10.0,6.0,0.0,0.0,0.0,1.0,2.0,-1.0,28.6,42.9,14.3,85.7,D
2023-07-23,2023,Kalmar,Varberg,1,0,H,U,1.86,3.46,4.33,8,2.0,1.0,2.0,2.0,5.0,4.0,1.0,9.0,6.0,3.0,-4.0,-2.0,-2.0,0.0,0.0,0.0,2.0,1.0,1.0,57.1,28.6,14.3,57.1,D
2023-07-23,2023,Goteborg,Halmstad,0,0,D,U,2.06,3.34,3.68,8,1.0,4.0,2.0,0.0,8.0,8.0,0.0,4.0,3.0,1.0,4.0,5.0,-1.0,1.0,1.0,0.0,0.0,0.0,0.0,14.3,57.1,57.1,42.9,D
2023-07-23,2023,AIK,Malmo FF,0,0,D,U,3.05,3.25,2.36,8,0.0,2.0,2.0,2.0,5.0,4.0,1.0,7.0,6.0,1.0,-2.0,-2.0,0.0,0.0,1.0,-1.0,0.0,2.0,-2.0,14.3,42.9,71.4,28.6,D
2023-07-22,2023,Varnamo,Hacken,1,0,H,U,4.47,4.19,1.68,8,1.0,2.0,3.0,1.0,5.0,6.0,-1.0,7.0,4.0,3.0,-2.0,2.0,-4.0,1.0,1.0,0.0,1.0,0.0,1.0,28.6,71.4,50.0,25.0,D
2023-07-22,2023,Djurgarden,Elfsborg,0,4,A,O,2.23,3.46,3.12,10,3.0,4.0,0.0,0.0,7.0,12.0,-5.0,2.0,5.0,-3.0,5.0,7.0,-2.0,2.0,1.0,1.0,0.0,0.0,0.0,88.9,0.0,85.7,0.0,A
2023-07-21,2023,Brommapojkarna,Hammarby,1,0,H,U,2.96,3.52,2.29,8,1.0,1.0,3.0,1.0,4.0,4.0,0.0,7.0,5.0,2.0,-3.0,-1.0,-2.0,0.0,0.0,0.0,1.0,1.0,0.0,28.6,57.1,11.1,55.6,
2023-07-17,2023,Varberg,AIK,1,2,A,O,3.95,3.37,1.98,8,0.0,1.0,4.0,3.0,2.0,4.0,-2.0,13.0,6.0,7.0,-11.0,-2.0,-9.0,0.0,1.0,-1.0,3.0,1.0,2.0,0.0,57.1,14.3,71.4,
2023-07-17,2023,Djurgarden,Malmo FF,2,0,H,U,2.48,3.35,2.78,9,3.0,3.0,0.0,1.0,6.0,10.0,-4.0,2.0,4.0,-2.0,4.0,6.0,-2.0,1.0,2.0,-1.0,0.0,1.0,-1.0,87.5,0.0,83.3,16.7,
2023-07-16,2023,Mjallby,Norrkoping,1,2,A,O,2.18,3.22,3.45,8,1.0,2.0,1.0,1.0,4.0,8.0,-4.0,3.0,5.0,-2.0,1.0,3.0,-2.0,1.0,2.0,-1.0,1.0,0.0,1.0,28.6,28.6,42.9,28.6,A
2023-07-16,2023,Hammarby,Kalmar,3,1,H,O,1.67,3.91,4.89,7,2.0,1.0,1.0,1.0,6.0,4.0,2.0,6.0,5.0,1.0,0.0,-1.0,1.0,0.0,0.0,0.0,1.0,1.0,0.0,66.7,16.7,28.6,28.6,H
2023-07-16,2023,Elfsborg,Goteborg,1,1,D,U,1.35,5.11,8.09,8,3.0,0.0,0.0,2.0,8.0,3.0,5.0,1.0,8.0,-7.0,7.0,-5.0,12.0,3.0,0.0,3.0,0.0,2.0,-2.0,71.4,14.3,0.0,57.1,A
2023-07-15,2023,Halmstad,Varnamo,2,2,D,O,2.54,3.12,2.89,8,1.0,2.0,1.0,2.0,1.0,4.0,-3.0,1.0,4.0,-3.0,0.0,0.0,0.0,0.0,2.0,-2.0,0.0,2.0,-2.0,42.9,28.6,42.9,57.1,A
2023-07-15,2023,Hacken,Brommapojkarna,4,2,H,O,1.33,5.57,7.76,8,4.0,3.0,0.0,1.0,17.0,7.0,10.0,3.0,3.0,0.0,14.0,4.0,10.0,4.0,2.0,2.0,0.0,0.0,0.0,85.7,14.3,57.1,42.9,H
2023-07-15,2023,Degerfors,Sirius,0,3,A,O,2.65,3.52,2.52,9,1.0,1.0,1.0,2.0,5.0,4.0,1.0,6.0,9.0,-3.0,-1.0,-5.0,4.0,0.0,0.0,0.0,1.0,2.0,-1.0,37.5,37.5,14.3,28.6,A
2023-07-10,2023,Norrkoping,Halmstad,1,2,A,O,2.04,3.42,3.63,7,1.0,3.0,2.0,1.0,5.0,7.0,-2.0,6.0,8.0,-2.0,-1.0,-1.0,0.0,1.0,1.0,0.0,1.0,1.0,0.0,33.3,33.3,50.0,50.0,
2023-07-10,2023,Goteborg,Varberg,1,2,A,O,1.68,3.73,5.12,7,1.0,0.0,1.0,3.0,8.0,3.0,5.0,3.0,8.0,-5.0,5.0,-5.0,10.0,1.0,0.0,1.0,0.0,2.0,-2.0,16.7,50.0,0.0,66.7,
2023-07-09,2023,Sirius,Hammarby,1,2,A,O,2.86,3.48,2.38,7,2.0,0.0,2.0,1.0,8.0,3.0,5.0,6.0,5.0,1.0,2.0,-2.0,4.0,2.0,0.0,2.0,0.0,1.0,-1.0,33.3,50.0,0.0,62.5,D
2023-07-09,2023,Malmo FF,Mjallby,1,2,A,O,1.33,5.0,9.32,8,3.0,1.0,0.0,2.0,13.0,1.0,12.0,3.0,5.0,-2.0,10.0,-4.0,14.0,3.0,0.0,3.0,0.0,2.0,-2.0,85.7,0.0,33.3,50.0,A
2023-07-09,2023,Kalmar,Elfsborg,0,4,A,O,3.53,3.5,2.04,7,2.0,4.0,1.0,0.0,7.0,9.0,-2.0,7.0,5.0,2.0,0.0,4.0,-4.0,0.0,0.0,0.0,1.0,0.0,1.0,66.7,16.7,83.3,0.0,A
2023-07-08,2023,Varnamo,Djurgarden,1,2,A,O,3.33,3.32,2.19,7,1.0,0.0,3.0,3.0,4.0,6.0,-2.0,6.0,11.0,-5.0,-2.0,-5.0,3.0,1.0,0.0,1.0,1.0,1.0,0.0,33.3,66.7,0.0,66.7,H
2023-07-08,2023,Brommapojkarna,Degerfors,1,2,A,O,1.65,4.09,4.78,7,1.0,0.0,2.0,4.0,3.0,2.0,1.0,5.0,19.0,-14.0,-2.0,-17.0,15.0,0.0,0.0,0.0,1.0,3.0,-2.0,33.3,50.0,0.0,100.0,H
2023-07-08,2023,AIK,Hacken,1,2,A,O,3.03,3.49,2.26,7,0.0,1.0,1.0,1.0,4.0,6.0,-2.0,5.0,5.0,0.0,-1.0,1.0,-2.0,0.0,1.0,-1.0,0.0,0.0,0.0,16.7,33.3,42.9,28.6,H
2023-07-03,2023,Mjallby,Kalmar,1,1,D,U,2.73,2.93,2.83,7,1.0,1.0,2.0,1.0,3.0,3.0,0.0,3.0,4.0,-1.0,0.0,-1.0,1.0,1.0,0.0,1.0,1.0,1.0,0.0,33.3,33.3,33.3,33.3,
2023-07-03,2023,Elfsborg,Hammarby,2,0,H,U,1.54,4.31,5.63,7,3.0,0.0,0.0,1.0,12.0,3.0,9.0,2.0,5.0,-3.0,10.0,-2.0,12.0,3.0,0.0,3.0,0.0,1.0,-1.0,66.7,16.7,0.0,57.1,
2023-07-02,2023,Norrkoping,Hacken,2,2,D,O,4.82,4.4,1.6,6,2.0,1.0,2.0,2.0,5.0,4.0,1.0,5.0,4.0,1.0,0.0,0.0,0.0,1.0,1.0,0.0,1.0,0.0,1.0,40.0,40.0,50.0,33.3,D
2023-07-02,2023,Halmstad,Goteborg,0,0,D,U,2.33,3.23,3.14,7,1.0,0.0,2.0,2.0,1.0,3.0,-2.0,3.0,8.0,-5.0,-2.0,-5.0,3.0,0.0,0.0,0.0,1.0,2.0,-1.0,50.0,33.3,0.0,66.7,D
2023-07-02,2023,Djurgarden,Varberg,2,0,H,U,1.23,6.18,12.67,8,3.0,0.0,0.0,3.0,6.0,3.0,3.0,2.0,8.0,-6.0,4.0,-5.0,9.0,1.0,0.0,1.0,0.0,2.0,-2.0,85.7,0.0,0.0,60.0,H
2023-07-01,2023,Malmo FF,Sirius,3,0,H,O,1.3,5.63,9.04,7,3.0,1.0,0.0,1.0,14.0,4.0,10.0,5.0,6.0,-1.0,9.0,-2.0,11.0,3.0,0.0,3.0,0.0,1.0,-1.0,83.3,0.0,16.7,16.7,H
2023-07-01,2023,Degerfors,Varnamo,0,2,A,U,2.54,3.36,2.71,8,1.0,1.0,1.0,3.0,5.0,3.0,2.0,6.0,7.0,-1.0,-1.0,-4.0,3.0,0.0,1.0,-1.0,1.0,3.0,-2.0,42.9,28.6,33.3,66.7,A
2023-07-01,2023,Brommapojkarna,AIK,0,2,A,U,3.17,3.36,2.24,6,2.0,0.0,1.0,3.0,5.0,2.0,3.0,3.0,6.0,-3.0,2.0,-4.0,6.0,1.0,0.0,1.0,0.0,1.0,-1.0,40.0,40.0,0.0,83.3,A
2023-06-11,2023,Sirius,Goteborg,2,0,H,U,2.11,3.57,3.28,6,1.0,0.0,3.0,2.0,7.0,3.0,4.0,10.0,7.0,3.0,-3.0,-4.0,1.0,1.0,0.0,1.0,1.0,1.0,0.0,20.0,60.0,0.0,60.0,H
2023-06-11,2023,Hacken,Mjallby,3,0,H,O,1.39,4.96,7.15,7,4.0,1.0,0.0,2.0,17.0,1.0,16.0,4.0,4.0,0.0,13.0,-3.0,16.0,4.0,0.0,4.0,0.0,2.0,-2.0,83.3,16.7,40.0,40.0,H
2023-06-11,2023,Djurgarden,Norrkoping,2,2,D,O,1.52,4.2,6.2,7,4.0,2.0,0.0,1.0,7.0,7.0,0.0,1.0,4.0,-3.0,6.0,3.0,3.0,2.0,2.0,0.0,0.0,0.0,0.0,100.0,0.0,50.0,33.3,A
2023-06-11,2023,AIK,Elfsborg,1,2,A,O,3.88,3.53,1.93,6,1.0,4.0,0.0,0.0,5.0,9.0,-4.0,3.0,5.0,-2.0,2.0,4.0,-2.0,1.0,0.0,1.0,0.0,0.0,0.0,20.0,20.0,80.0,0.0,A
2023-06-10,2023,Varnamo,Malmo FF,1,3,A,O,5.28,3.88,1.64,6,2.0,3.0,2.0,1.0,4.0,8.0,-4.0,3.0,3.0,0.0,1.0,5.0,-4.0,1.0,1.0,0.0,0.0,1.0,-1.0,40.0,60.0,80.0,20.0,D
2023-06-10,2023,Varberg,Halmstad,1,2,A,O,2.76,3.04,2.71,7,0.0,2.0,3.0,2.0,1.0,5.0,-4.0,11.0,9.0,2.0,-10.0,-4.0,-6.0,0.0,1.0,-1.0,3.0,2.0,1.0,0.0,50.0,40.0,60.0,D
2023-06-10,2023,Kalmar,Degerfors,2,1,H,O,1.65,3.91,5.09,6,2.0,0.0,1.0,4.0,7.0,1.0,6.0,6.0,19.0,-13.0,1.0,-18.0,19.0,1.0,0.0,1.0,1.0,4.0,-3.0,60.0,20.0,0.0,100.0,H
2023-06-09,2023,Hammarby,Brommapojkarna,2,1,H,O,1.6,4.08,5.29,6,2.0,4.0,1.0,0.0,6.0,8.0,-2.0,5.0,1.0,4.0,1.0,7.0,-6.0,1.0,3.0,-2.0,1.0,0.0,1.0,60.0,20.0,66.7,33.3,
2023-06-05,2023,Varberg,Hacken,0,2,A,U,6.44,4.79,1.44,6,0.0,1.0,2.0,2.0,2.0,6.0,-4.0,10.0,5.0,5.0,-8.0,1.0,-9.0,0.0,1.0,-1.0,2.0,0.0,2.0,0.0,40.0,40.0,40.0,
2023-06-05,2023,Malmo FF,Degerfors,5,0,H,O,1.24,6.39,10.94,6,3.0,0.0,0.0,4.0,12.0,2.0,10.0,5.0,17.0,-12.0,7.0,-15.0,22.0,3.0,0.0,3.0,0.0,4.0,-4.0,80.0,0.0,0.0,100.0,
2023-06-04,2023,Sirius,Varnamo,2,0,H,U,1.91,3.64,3.83,5,0.0,1.0,3.0,3.0,5.0,4.0,1.0,10.0,7.0,3.0,-5.0,-3.0,-2.0,0.0,1.0,-1.0,1.0,2.0,-1.0,0.0,75.0,40.0,60.0,H
2023-06-04,2023,Halmstad,Hammarby,0,0,D,U,3.08,3.28,2.33,6,2.0,0.0,2.0,2.0,3.0,5.0,-2.0,3.0,9.0,-6.0,0.0,-4.0,4.0,1.0,0.0,1.0,1.0,2.0,-1.0,60.0,40.0,0.0,66.7,D
2023-06-04,2023,Elfsborg,Djurgarden,1,1,D,U,1.88,3.64,3.96,6,4.0,0.0,0.0,4.0,16.0,5.0,11.0,1.0,12.0,-11.0,15.0,-7.0,22.0,4.0,0.0,4.0,0.0,2.0,-2.0,80.0,20.0,0.0,80.0,D
2023-06-04,2023,AIK,Kalmar,1,1,D,U,2.18,3.06,3.65,5,1.0,2.0,1.0,1.0,4.0,5.0,-1.0,5.0,4.0,1.0,-1.0,1.0,-2.0,1.0,1.0,0.0,1.0,1.0,0.0,25.0,25.0,40.0,40.0,D
2023-06-03,2023,Norrkoping,Brommapojkarna,0,2,A,U,1.93,3.69,3.73,5,2.0,3.0,1.0,1.0,6.0,6.0,0.0,4.0,6.0,-2.0,2.0,0.0,2.0,1.0,2.0,-1.0,0.0,1.0,-1.0,50.0,25.0,60.0,40.0,D
2023-06-03,2023,Goteborg,Mjallby,0,1,A,U,2.0,3.34,3.88,6,1.0,1.0,1.0,2.0,8.0,1.0,7.0,3.0,4.0,-1.0,5.0,-3.0,8.0,1.0,0.0,1.0,0.0,2.0,-2.0,20.0,40.0,25.0,50.0,D
2023-05-29,2023,Hammarby,Varnamo,0,2,A,U,1.68,3.92,4.77,5,3.0,1.0,0.0,3.0,9.0,3.0,6.0,4.0,7.0,-3.0,5.0,-4.0,9.0,2.0,0.0,2.0,0.0,2.0,-2.0,75.0,0.0,25.0,75.0,
2023-05-29,2023,Hacken,Goteborg,4,1,H,O,1.41,4.97,6.65,6,3.0,0.0,1.0,2.0,14.0,2.0,12.0,6.0,5.0,1.0,8.0,-3.0,11.0,3.0,0.0,3.0,1.0,1.0,0.0,80.0,20.0,0.0,50.0,
2023-05-29,2023,Degerfors,Varberg,1,1,D,U,1.64,4.09,4.98,7,2.0,0.0,1.0,3.0,6.0,4.0,2.0,6.0,9.0,-3.0,0.0,-5.0,5.0,0.0,0.0,0.0,1.0,2.0,-1.0,50.0,33.3,0.0,75.0,
2023-05-28,2023,Kalmar,Norrkoping,2,1,H,O,2.22,3.22,3.35,5,2.0,2.0,1.0,1.0,7.0,6.0,1.0,5.0,5.0,0.0,2.0,1.0,1.0,2.0,2.0,0.0,1.0,1.0,0.0,50.0,25.0,60.0,20.0,D
2023-05-28,2023,Elfsborg,Malmo FF,3,0,H,O,2.61,3.54,2.54,5,3.0,4.0,1.0,0.0,13.0,10.0,3.0,3.0,1.0,2.0,10.0,9.0,1.0,3.0,1.0,2.0,1.0,0.0,1.0,75.0,25.0,100.0,0.0,H
2023-05-28,2023,Djurgarden,AIK,1,0,H,U,1.83,3.5,4.4,6,4.0,0.0,0.0,3.0,7.0,2.0,5.0,1.0,6.0,-5.0,6.0,-4.0,10.0,2.0,0.0,2.0,0.0,1.0,-1.0,100.0,0.0,0.0,80.0,D
2023-05-27,2023,Mjallby,Halmstad,0,2,A,U,1.96,3.29,4.09,6,2.0,1.0,1.0,3.0,5.0,4.0,1.0,1.0,12.0,-11.0,4.0,-8.0,12.0,2.0,0.0,2.0,0.0,3.0,-3.0,40.0,20.0,25.0,75.0,D
2023-05-27,2023,Brommapojkarna,Sirius,1,2,A,O,2.49,3.45,2.71,5,2.0,0.0,1.0,1.0,5.0,3.0,2.0,3.0,6.0,-3.0,2.0,-3.0,5.0,1.0,0.0,1.0,0.0,1.0,-1.0,50.0,25.0,0.0,20.0,D
2023-05-25,2023,Degerfors,Hammarby,2,2,D,O,3.16,3.42,2.23,6,2.0,0.0,2.0,3.0,5.0,3.0,2.0,6.0,9.0,-3.0,-1.0,-6.0,5.0,0.0,0.0,0.0,1.0,3.0,-2.0,60.0,40.0,0.0,80.0,
2023-05-24,2023,Djurgarden,Hacken,1,0,H,U,2.59,3.61,2.52,5,4.0,2.0,0.0,1.0,9.0,8.0,1.0,2.0,4.0,-2.0,7.0,4.0,3.0,3.0,2.0,1.0,0.0,0.0,0.0,100.0,0.0,50.0,25.0,
2023-05-22,2023,Varnamo,Kalmar,0,1,A,U,2.74,3.09,2.69,5,2.0,1.0,2.0,2.0,4.0,4.0,0.0,3.0,5.0,-2.0,1.0,-1.0,2.0,1.0,1.0,0.0,0.0,1.0,-1.0,50.0,50.0,25.0,50.0,
2023-05-22,2023,Norrkoping,Elfsborg,1,2,A,O,3.07,3.55,2.2,4,,3.0,,0.0,,7.0,,,4.0,,,3.0,,,0.0,,,0.0,,66.7,0.0,75.0,0.0,
2023-05-21,2023,Sirius,Halmstad,1,2,A,O,1.87,3.61,4.02,4,,,,,,,,,,,,,,,,,,,,0.0,66.7,0.0,100.0,D
2023-05-21,2023,Malmo FF,Hacken,2,2,D,O,1.72,4.08,4.3,5,4.0,,0.0,,11.0,,,3.0,,,8.0,,,3.0,,,0.0,,,100.0,0.0,66.7,33.3,D
2023-05-21,2023,Goteborg,Hammarby,1,1,D,U,2.91,3.3,2.42,5,1.0,0.0,2.0,4.0,7.0,3.0,4.0,3.0,11.0,-8.0,4.0,-8.0,12.0,1.0,0.0,1.0,0.0,4.0,-4.0,25.0,50.0,0.0,100.0,A
2023-05-21,2023,Djurgarden,Mjallby,2,0,H,U,1.56,3.93,6.09,4,,,,,,,,,,,,,,,,,,,,100.0,0.0,33.3,33.3,D
2023-05-21,2023,Brommapojkarna,Varberg,2,1,H,O,1.95,3.49,3.85,4,,,,,,,,,,,,,,,,,,,,33.3,33.3,0.0,66.7,H
2023-05-20,2023,Degerfors,AIK,2,1,H,O,3.6,3.49,2.03,5,2.0,0.0,2.0,3.0,6.0,2.0,4.0,6.0,6.0,0.0,0.0,-4.0,4.0,1.0,0.0,1.0,1.0,1.0,0.0,50.0,50.0,0.0,75.0,D
2023-05-15,2023,AIK,Goteborg,2,2,D,O,1.72,3.57,5.16,4,,,,,,,,,,,,,,,,,,,,33.3,33.3,0.0,66.7,
2023-05-14,2023,Mjallby,Sirius,3,0,H,O,2.49,3.09,3.0,5,1.0,0.0,1.0,0.0,4.0,4.0,0.0,3.0,4.0,-1.0,1.0,0.0,1.0,1.0,0.0,1.0,0.0,0.0,0.0,25.0,25.0,0.0,0.0,H
2023-05-14,2023,Kalmar,Brommapojkarna,1,3,A,O,1.72,3.62,4.95,4,,2.0,,2.0,,4.0,,,8.0,,,-4.0,,,1.0,,,2.0,,66.7,0.0,50.0,50.0,D
2023-05-14,2023,Hammarby,Djurgarden,4,3,H,O,2.43,3.35,2.86,4,,0.0,,3.0,,2.0,,,8.0,,,-6.0,,,0.0,,,2.0,,66.7,0.0,0.0,75.0,H
2023-05-14,2023,Halmstad,Malmo FF,0,1,A,U,7.03,4.41,1.45,5,3.0,,1.0,,5.0,,,3.0,,,2.0,,,1.0,,,1.0,,,75.0,25.0,100.0,0.0,D
2023-05-14,2023,Elfsborg,Varnamo,2,0,H,U,1.5,4.43,5.98,4,,,,,,,,,,,,,,,,,,,,66.7,33.3,33.3,66.7,D
2023-05-13,2023,Varberg,Norrkoping,1,3,A,O,3.08,3.19,2.37,5,0.0,2.0,1.0,1.0,1.0,6.0,-5.0,7.0,4.0,3.0,-6.0,2.0,-8.0,0.0,2.0,-2.0,1.0,1.0,0.0,0.0,25.0,50.0,25.0,H
2023-05-13,2023,Hacken,Degerfors,6,1,H,O,1.2,7.22,11.45,5,3.0,,1.0,,11.0,,,6.0,,,5.0,,,3.0,,,1.0,,,75.0,25.0,0.0,100.0,H
2023-05-09,2023,Varnamo,Varberg,3,1,H,O,1.76,3.41,5.06,4,,,,,,,,,,,,,,,,,,,,33.3,66.7,0.0,50.0,
2023-05-09,2023,Hammarby,Mjallby,0,0,D,U,1.67,3.74,5.26,3,,,,,,,,,,,,,,,,,,,,100.0,0.0,50.0,50.0,
2023-05-08,2023,Sirius,Elfsborg,3,4,A,O,3.21,3.6,2.14,3,,,,,,,,,,,,,,,,,,,,0.0,50.0,66.7,0.0,
2023-05-08,2023,Djurgarden,Kalmar,3,1,H,O,1.76,3.6,4.83,3,,,,,,,,,,,,,,,,,,,,100.0,0.0,33.3,33.3,
2023-05-08,2023,Degerfors,Norrkoping,0,2,A,U,2.74,3.39,2.5,4,,,,,,,,,,,,,,,,,,,,66.7,33.3,33.3,33.3,
2023-05-08,2023,Brommapojkarna,Goteborg,0,0,D,U,2.8,3.46,2.42,3,,,,,,,,,,,,,,,,,,,,50.0,50.0,0.0,100.0,
2023-05-07,2023,Malmo FF,AIK,3,1,H,O,1.5,4.15,6.55,4,,,,,,,,,,,,,,,,,,,,100.0,0.0,0.0,66.7,H
2023-05-07,2023,Halmstad,Hacken,1,0,H,U,6.1,4.52,1.49,4,,,,,,,,,,,,,,,,,,,,66.7,33.3,100.0,0.0,H
2023-05-04,2023,Varnamo,Brommapojkarna,0,1,A,U,1.97,3.43,3.87,3,,,,,,,,,,,,,,,,,,,,50.0,50.0,33.3,66.7,
2023-05-04,2023,Varberg,Malmo FF,0,6,A,O,7.29,4.39,1.44,4,,,,,,,,,,,,,,,,,,,,0.0,0.0,100.0,0.0,
2023-05-04,2023,Norrkoping,Hammarby,2,0,H,U,3.14,3.3,2.29,3,,,,,,,,,,,,,,,,,,,,50.0,0.0,0.0,100.0,
2023-05-04,2023,Goteborg,Degerfors,6,0,H,O,1.76,3.82,4.39,4,,,,,,,,,,,,,,,,,,,,0.0,66.7,0.0,100.0,
2023-05-03,2023,Mjallby,AIK,0,0,D,U,2.76,2.99,2.77,4,,,,,,,,,,,,,,,,,,,,33.3,33.3,0.0,100.0,
2023-05-03,2023,Kalmar,Sirius,2,2,D,O,1.95,3.35,4.03,3,,,,,,,,,,,,,,,,,,,,100.0,0.0,0.0,0.0,
2023-05-03,2023,Hacken,Djurgarden,4,1,H,O,1.84,3.81,3.99,4,,,,,,,,,,,,,,,,,,,,66.7,33.3,0.0,66.7,
2023-05-03,2023,Elfsborg,Halmstad,6,1,H,O,1.44,4.48,7.16,3,,,,,,,,,,,,,,,,,,,,50.0,50.0,0.0,100.0,
2023-05-01,2023,Goteborg,Norrkoping,1,1,D,U,2.31,3.32,3.07,3,,,,,,,,,,,,,,,,,,,,0.0,100.0,50.0,50.0,D
2023-04-30,2023,Varberg,Kalmar,0,0,D,U,3.66,3.2,2.12,3,,,,,,,,,,,,,,,,,,,,0.0,0.0,50.0,50.0,D
2023-04-30,2023,Malmo FF,Hammarby,4,2,H,O,1.74,3.69,4.72,3,,,,,,,,,,,,,,,,,,,,100.0,0.0,0.0,100.0,H
2023-04-30,2023,Degerfors,Djurgarden,2,1,H,O,3.82,3.62,1.93,3,,,,,,,,,,,,,,,,,,,,50.0,50.0,0.0,50.0,D
2023-04-29,2023,Mjallby,Elfsborg,0,1,A,U,3.25,3.3,2.22,3,,,,,,,,,,,,,,,,,,,,50.0,0.0,50.0,0.0,D
2023-04-29,2023,Halmstad,Brommapojkarna,0,2,A,U,2.03,3.46,3.63,3,,,,,,,,,,,,,,,,,,,,100.0,0.0,0.0,100.0,A
2023-04-29,2023,Hacken,Varnamo,3,1,H,O,1.28,5.68,9.85,3,,,,,,,,,,,,,,,,,,,,50.0,50.0,50.0,50.0,H
2023-04-29,2023,AIK,Sirius,0,0,D,U,1.91,3.54,3.99,3,,,,,,,,,,,,,,,,,,,,50.0,50.0,0.0,0.0,D
2023-04-24,2023,Varnamo,AIK,1,0,H,U,4.09,3.3,1.96,2,,,,,,,,,,,,,,,,,,,,0.0,100.0,0.0,100.0,
2023-04-24,2023,Malmo FF,Norrkoping,3,0,H,O,1.45,4.49,6.83,2,,,,,,,,,,,,,,,,,,,,100.0,0.0,100.0,0.0,
2023-04-24,2023,Brommapojkarna,Mjallby,2,0,H,U,3.03,3.24,2.38,2,,,,,,,,,,,,,,,,,,,,0.0,100.0,100.0,0.0,
2023-04-23,2023,Sirius,Hacken,1,4,A,O,3.46,3.67,2.01,2,,,,,,,,,,,,,,,,,,,,0.0,0.0,100.0,0.0,A
2023-04-23,2023,Kalmar,Halmstad,2,0,H,U,1.75,3.48,4.98,2,,,,,,,,,,,,,,,,,,,,100.0,0.0,0.0,100.0,H
2023-04-23,2023,Djurgarden,Goteborg,1,0,H,U,1.5,4.3,6.41,2,,,,,,,,,,,,,,,,,,,,100.0,0.0,0.0,100.0,H
2023-04-22,2023,Hammarby,Varberg,2,0,H,U,1.28,5.5,10.44,2,,,,,,,,,,,,,,,,,,,,100.0,0.0,0.0,0.0,H
2023-04-22,2023,Degerfors,Elfsborg,1,2,A,O,3.51,3.67,2.0,2,,,,,,,,,,,,,,,,,,,,100.0,0.0,0.0,0.0,D
2023-04-17,2023,Varberg,Sirius,1,1,D,U,3.53,3.23,2.14,2,,,,,,,,,,,,,,,,,,,,0.0,0.0,0.0,0.0,
2023-04-17,2023,Goteborg,Malmo FF,0,1,A,U,4.61,3.74,1.74,2,,,,,,,,,,,,,,,,,,,,0.0,100.0,100.0,0.0,
2023-04-16,2023,Norrkoping,Varnamo,2,1,H,O,1.7,3.82,4.8,2,,,,,,,,,,,,,,,,,,,,0.0,0.0,100.0,0.0,D
2023-04-16,2023,Mjallby,Degerfors,2,0,H,U,1.82,3.57,4.31,2,,,,,,,,,,,,,,,,,,,,0.0,0.0,0.0,100.0,H
2023-04-16,2023,Halmstad,Djurgarden,2,0,H,U,3.6,3.37,2.07,2,,,,,,,,,,,,,,,,,,,,100.0,0.0,0.0,0.0,H
2023-04-16,2023,AIK,Hammarby,2,0,H,U,2.85,3.12,2.58,2,,,,,,,,,,,,,,,,,,,,0.0,100.0,0.0,100.0,H
2023-04-15,2023,Hacken,Kalmar,1,3,A,O,1.64,4.05,4.98,2,,,,,,,,,,,,,,,,,,,,100.0,0.0,0.0,100.0,A
2023-04-15,2023,Elfsborg,Brommapojkarna,5,0,H,O,1.35,5.37,7.77,2,,,,,,,,,,,,,,,,,,,,0.0,100.0,0.0,100.0,H
2023-04-10,2023,Varnamo,Mjallby,0,1,A,U,2.83,3.18,2.54,1,,,,,,,,,,,,,,,,,,,,,,,,A
2023-04-10,2023,Varberg,Elfsborg,0,0,D,U,4.76,3.82,1.7,1,,,,,,,,,,,,,,,,,,,,,,,,D
2023-04-10,2023,AIK,Norrkoping,0,3,A,O,1.7,3.76,4.9,1,,,,,,,,,,,,,,,,,,,,,,,,A
2023-04-09,2023,Sirius,Djurgarden,0,0,D,U,3.66,3.5,2.0,1,,,,,,,,,,,,,,,,,,,,,,,,D
2023-04-09,2023,Kalmar,Goteborg,2,0,H,U,1.99,3.32,3.93,1,,,,,,,,,,,,,,,,,,,,,,,,H
2023-04-09,2023,Hacken,Hammarby,3,1,H,O,2.0,3.67,3.5,1,,,,,,,,,,,,,,,,,,,,,,,,H
2023-04-08,2023,Degerfors,Halmstad,3,1,H,O,2.44,3.34,2.85,1,,,,,,,,,,,,,,,,,,,,,,,,D
2023-04-08,2023,Brommapojkarna,Malmo FF,1,2,A,O,6.75,4.63,1.44,1,,,,,,,,,,,,,,,,,,,,,,,,H
2023-04-03,2023,Mjallby,Varberg,2,2,D,O,1.69,3.51,5.46,1,,,,,,,,,,,,,,,,,,,,,,,,
2023-04-03,2023,Elfsborg,Hacken,0,2,A,U,2.39,3.66,2.72,1,,,,,,,,,,,,,,,,,,,,,,,,
2023-04-02,2023,Norrkoping,Sirius,1,1,D,U,1.88,3.65,3.94,1,,,,,,,,,,,,,,,,,,,,,,,,A
2023-04-02,2023,Hammarby,Degerfors,3,1,H,O,1.29,5.66,9.75,1,,,,,,,,,,,,,,,,,,,,,,,,D
2023-04-02,2023,Halmstad,AIK,2,1,H,O,3.27,3.16,2.29,1,,,,,,,,,,,,,,,,,,,,,,,,H
2023-04-02,2023,Goteborg,Varnamo,0,1,A,U,1.98,3.53,3.7,1,,,,,,,,,,,,,,,,,,,,,,,,D
2023-04-01,2023,Malmo FF,Kalmar,1,0,H,U,1.62,3.97,5.28,1,,,,,,,,,,,,,,,,,,,,,,,,D
2023-04-01,2023,Djurgarden,Brommapojkarna,3,1,H,O,1.28,5.7,9.78,1,,,,,,,,,,,,,,,,,,,,,,,,H
2022-11-13,2022,Varberg,Oster,2,1,H,O,2.25,3.32,3.13,16,1.0,,2.0,,5.0,,,9.0,,,-4.0,,,1.0,,,2.0,,,26.7,40.0,,,
2022-11-10,2022,Oster,Varberg,1,2,A,O,2.39,2.94,3.25,1,,2.0,,2.0,,8.0,,,12.0,,,-4.0,,,1.0,,,2.0,,,,26.7,60.0,
2022-11-06,2022,Varnamo,Goteborg,1,4,A,O,2.91,3.71,2.24,15,2.0,1.0,1.0,3.0,5.0,7.0,-2.0,5.0,10.0,-5.0,0.0,-3.0,3.0,0.0,1.0,-1.0,1.0,2.0,-1.0,35.7,21.4,42.9,57.1,A
2022-11-06,2022,Sirius,Varberg,2,3,A,O,2.52,3.75,2.52,15,1.0,1.0,1.0,3.0,5.0,5.0,0.0,4.0,11.0,-7.0,1.0,-6.0,7.0,1.0,1.0,0.0,0.0,2.0,-2.0,42.9,42.9,21.4,64.3,A
2022-11-06,2022,Malmo FF,Degerfors,2,2,D,O,1.64,4.32,4.59,15,1.0,1.0,1.0,0.0,4.0,6.0,-2.0,4.0,5.0,-1.0,0.0,1.0,-1.0,0.0,0.0,0.0,0.0,0.0,0.0,57.1,21.4,14.3,64.3,D
2022-11-06,2022,Kalmar,Sundsvall,4,0,H,O,1.1,9.63,23.81,15,2.0,0.0,1.0,3.0,5.0,2.0,3.0,3.0,13.0,-10.0,2.0,-11.0,13.0,1.0,0.0,1.0,0.0,3.0,-3.0,64.3,21.4,0.0,85.7,H
2022-11-06,2022,Helsingborg,Hammarby,0,2,A,U,6.33,4.79,1.45,15,0.0,1.0,4.0,1.0,3.0,5.0,-2.0,8.0,3.0,5.0,-5.0,2.0,-7.0,0.0,1.0,-1.0,1.0,0.0,1.0,14.3,64.3,42.9,35.7,D
2022-11-06,2022,Hacken,Norrkoping,3,3,D,O,1.64,4.44,4.51,15,2.0,1.0,0.0,2.0,9.0,5.0,4.0,5.0,6.0,-1.0,4.0,-1.0,5.0,1.0,1.0,0.0,0.0,1.0,-1.0,64.3,14.3,21.4,42.9,D
2022-11-06,2022,Djurgarden,Mjallby,0,1,A,U,1.55,4.37,5.4,15,2.0,1.0,2.0,1.0,8.0,5.0,3.0,3.0,5.0,-2.0,5.0,0.0,5.0,2.0,0.0,2.0,0.0,0.0,0.0,78.6,14.3,35.7,35.7,A
2022-11-06,2022,AIK,Elfsborg,0,1,A,U,1.89,3.75,3.78,15,2.0,3.0,1.0,1.0,8.0,9.0,-1.0,3.0,3.0,0.0,5.0,6.0,-1.0,2.0,3.0,-1.0,0.0,0.0,0.0,57.1,14.3,28.6,35.7,D
2022-10-31,2022,Norrkoping,Djurgarden,0,1,A,U,3.38,3.56,2.08,15,2.0,2.0,0.0,1.0,10.0,4.0,6.0,5.0,5.0,0.0,5.0,-1.0,6.0,2.0,0.0,2.0,0.0,1.0,-1.0,35.7,35.7,35.7,28.6,
2022-10-31,2022,Elfsborg,Helsingborg,3,0,H,O,1.33,5.55,8.1,15,2.0,1.0,1.0,3.0,6.0,3.0,3.0,4.0,7.0,-3.0,2.0,-4.0,6.0,1.0,1.0,0.0,1.0,3.0,-2.0,50.0,14.3,14.3,71.4,
2022-10-30,2022,Varberg,Malmo FF,2,5,A,O,2.61,3.44,2.6,15,1.0,1.0,1.0,3.0,4.0,6.0,-2.0,5.0,8.0,-3.0,-1.0,-2.0,1.0,1.0,0.0,1.0,1.0,0.0,1.0,28.6,35.7,28.6,50.0,
2022-10-30,2022,Sundsvall,Sirius,2,3,A,O,3.83,3.86,1.87,15,1.0,0.0,3.0,2.0,5.0,1.0,4.0,9.0,6.0,3.0,-4.0,-5.0,1.0,0.0,0.0,0.0,2.0,2.0,0.0,28.6,71.4,14.3,42.9,D
2022-10-30,2022,Mjallby,AIK,1,2,A,O,3.37,3.41,2.14,15,1.0,1.0,2.0,2.0,6.0,3.0,3.0,9.0,5.0,4.0,-3.0,-2.0,-1.0,1.0,0.0,1.0,2.0,1.0,1.0,35.7,21.4,35.7,35.7,A
2022-10-30,2022,Hammarby,Kalmar,4,2,H,O,1.65,3.92,5.15,15,2.0,2.0,0.0,0.0,11.0,7.0,4.0,3.0,3.0,0.0,8.0,4.0,4.0,2.0,2.0,0.0,0.0,0.0,0.0,57.1,7.1,35.7,35.7,
2022-10-30,2022,Goteborg,Hacken,0,4,A,O,3.94,3.73,1.87,15,2.0,2.0,2.0,0.0,5.0,5.0,0.0,7.0,3.0,4.0,-2.0,2.0,-4.0,0.0,0.0,0.0,2.0,0.0,2.0,50.0,28.6,57.1,0.0,A
2022-10-29,2022,Degerfors,Varnamo,0,0,D,U,1.72,3.95,4.49,15,2.0,2.0,0.0,1.0,6.0,6.0,0.0,1.0,7.0,-6.0,5.0,-1.0,6.0,2.0,0.0,2.0,0.0,1.0,-1.0,35.7,28.6,28.6,50.0,D
2022-10-24,2022,Varnamo,Norrkoping,1,1,D,U,3.08,3.62,2.19,14,3.0,1.0,1.0,2.0,7.0,5.0,2.0,6.0,6.0,0.0,1.0,-1.0,2.0,0.0,1.0,-1.0,1.0,1.0,0.0,38.5,23.1,23.1,46.2,
2022-10-24,2022,Sirius,Kalmar,0,0,D,U,3.42,3.42,2.12,14,1.0,3.0,2.0,0.0,5.0,8.0,-3.0,5.0,3.0,2.0,0.0,5.0,-5.0,1.0,2.0,-1.0,0.0,0.0,0.0,46.2,46.2,38.5,38.5,
2022-10-24,2022,Mjallby,Varberg,4,1,H,O,2.27,3.41,3.09,14,0.0,1.0,2.0,3.0,3.0,4.0,-1.0,9.0,8.0,1.0,-6.0,-4.0,-2.0,0.0,1.0,-1.0,2.0,1.0,1.0,30.8,23.1,23.1,61.5,
2022-10-24,2022,Goteborg,AIK,1,0,H,U,2.89,3.47,2.36,14,2.0,2.0,2.0,1.0,6.0,7.0,-1.0,7.0,6.0,1.0,-1.0,1.0,-2.0,1.0,1.0,0.0,2.0,1.0,1.0,46.2,30.8,38.5,30.8,
2022-10-24,2022,Djurgarden,Sundsvall,4,0,H,O,1.12,9.31,19.36,14,2.0,0.0,2.0,3.0,6.0,3.0,3.0,4.0,12.0,-8.0,2.0,-9.0,11.0,1.0,0.0,1.0,0.0,3.0,-3.0,76.9,15.4,0.0,84.6,
2022-10-23,2022,Helsingborg,Degerfors,1,2,A,O,2.83,3.57,2.36,14,0.0,0.0,3.0,1.0,2.0,5.0,-3.0,6.0,9.0,-3.0,-4.0,-4.0,0.0,0.0,0.0,0.0,1.0,1.0,0.0,15.4,61.5,7.7,69.2,A
2022-10-23,2022,Hacken,Malmo FF,2,1,H,O,1.78,4.09,4.0,14,2.0,1.0,0.0,2.0,11.0,6.0,5.0,5.0,7.0,-2.0,6.0,-1.0,7.0,2.0,0.0,2.0,0.0,0.0,0.0,61.5,15.4,30.8,46.2,H
2022-10-23,2022,Elfsborg,Hammarby,2,1,H,O,3.42,3.83,1.99,14,2.0,1.0,1.0,1.0,7.0,5.0,2.0,5.0,5.0,0.0,2.0,0.0,2.0,1.0,1.0,0.0,1.0,1.0,0.0,46.2,15.4,46.2,30.8,H
2022-10-20,2022,Malmo FF,Djurgarden,2,3,A,O,1.95,3.53,3.83,14,1.0,1.0,1.0,1.0,2.0,3.0,-1.0,2.0,5.0,-3.0,0.0,-2.0,2.0,0.0,0.0,0.0,0.0,1.0,-1.0,61.5,15.4,30.8,30.8,
2022-10-20,2022,Kalmar,Mjallby,1,2,A,O,1.68,3.63,5.34,14,3.0,1.0,0.0,1.0,5.0,4.0,1.0,1.0,4.0,-3.0,4.0,0.0,4.0,1.0,0.0,1.0,0.0,0.0,0.0,69.2,15.4,30.8,38.5,
2022-10-20,2022,Hammarby,Sirius,1,1,D,U,1.2,6.68,13.23,14,3.0,0.0,0.0,2.0,13.0,0.0,13.0,2.0,5.0,-3.0,11.0,-5.0,16.0,3.0,0.0,3.0,0.0,2.0,-2.0,61.5,7.7,15.4,46.2,
2022-10-20,2022,Degerfors,Goteborg,3,1,H,O,2.22,3.61,3.02,14,2.0,1.0,0.0,3.0,6.0,6.0,0.0,1.0,8.0,-7.0,5.0,-2.0,7.0,2.0,1.0,1.0,0.0,1.0,-1.0,30.8,30.8,46.2,53.8,
2022-10-19,2022,Varberg,Elfsborg,0,3,A,O,3.45,3.65,2.03,14,1.0,2.0,0.0,1.0,6.0,7.0,-1.0,4.0,4.0,0.0,2.0,3.0,-1.0,1.0,2.0,-1.0,0.0,0.0,0.0,30.8,30.8,23.1,38.5,
2022-10-19,2022,Sundsvall,Varnamo,1,2,A,O,2.89,3.71,2.26,14,1.0,1.0,3.0,1.0,5.0,6.0,-1.0,9.0,8.0,1.0,-4.0,-2.0,-2.0,0.0,0.0,0.0,2.0,1.0,1.0,30.8,69.2,23.1,53.8,
2022-10-19,2022,Norrkoping,Helsingborg,2,0,H,U,1.74,3.92,4.46,14,1.0,1.0,1.0,3.0,10.0,5.0,5.0,9.0,8.0,1.0,1.0,-3.0,4.0,1.0,1.0,0.0,1.0,2.0,-1.0,30.8,38.5,15.4,69.2,
2022-10-19,2022,AIK,Hacken,1,2,A,O,2.45,3.62,2.67,14,2.0,2.0,0.0,0.0,9.0,4.0,5.0,3.0,2.0,1.0,6.0,2.0,4.0,2.0,0.0,2.0,0.0,0.0,0.0,61.5,7.7,53.8,0.0,
2022-10-17,2022,Goteborg,Malmo FF,2,1,H,O,4.21,3.85,1.79,13,1.0,1.0,3.0,2.0,4.0,6.0,-2.0,7.0,7.0,0.0,-3.0,-1.0,-2.0,1.0,0.0,1.0,2.0,0.0,2.0,41.7,33.3,33.3,41.7,
2022-10-16,2022,Mjallby,Hammarby,0,3,A,O,4.26,3.68,1.82,13,0.0,0.0,1.0,1.0,4.0,4.0,0.0,7.0,7.0,0.0,-3.0,-3.0,0.0,0.0,0.0,0.0,1.0,1.0,0.0,33.3,16.7,41.7,33.3,A
2022-10-16,2022,Djurgarden,AIK,1,2,A,O,2.29,3.42,3.05,13,3.0,1.0,1.0,2.0,8.0,5.0,3.0,4.0,6.0,-2.0,4.0,-1.0,5.0,1.0,1.0,0.0,0.0,1.0,-1.0,83.3,8.3,33.3,33.3,A
2022-10-15,2022,Varnamo,Kalmar,1,3,A,O,3.5,3.53,2.05,13,3.0,2.0,0.0,1.0,7.0,7.0,0.0,4.0,5.0,-1.0,3.0,2.0,1.0,0.0,1.0,-1.0,0.0,0.0,0.0,41.7,16.7,33.3,41.7,D
2022-10-15,2022,Sirius,Norrkoping,2,0,H,U,2.14,3.41,3.38,13,0.0,1.0,3.0,1.0,3.0,6.0,-3.0,6.0,5.0,1.0,-3.0,1.0,-4.0,0.0,1.0,-1.0,0.0,0.0,0.0,41.7,50.0,25.0,41.7,H
2022-10-15,2022,Helsingborg,Varberg,1,3,A,O,2.22,3.4,3.18,13,1.0,0.0,2.0,3.0,2.0,2.0,0.0,3.0,8.0,-5.0,-1.0,-6.0,5.0,0.0,0.0,0.0,0.0,1.0,-1.0,16.7,58.3,16.7,66.7,A
2022-10-15,2022,Hacken,Sundsvall,4,1,H,O,1.12,9.39,17.54,13,2.0,0.0,0.0,3.0,8.0,3.0,5.0,4.0,11.0,-7.0,4.0,-8.0,12.0,1.0,0.0,1.0,0.0,3.0,-3.0,58.3,16.7,0.0,83.3,D
2022-10-14,2022,Elfsborg,Degerfors,1,1,D,U,1.45,4.87,6.1,13,2.0,0.0,1.0,2.0,7.0,4.0,3.0,5.0,10.0,-5.0,2.0,-6.0,8.0,1.0,0.0,1.0,1.0,2.0,-1.0,50.0,16.7,8.3,75.0,
2022-10-10,2022,Norrkoping,Mjallby,2,2,D,O,2.05,3.33,3.73,13,2.0,1.0,1.0,2.0,10.0,2.0,8.0,7.0,3.0,4.0,3.0,-1.0,4.0,2.0,0.0,2.0,1.0,0.0,1.0,33.3,41.7,33.3,41.7,
2022-10-10,2022,Hammarby,Varberg,5,1,H,O,1.24,6.12,11.46,13,2.0,1.0,1.0,2.0,9.0,4.0,5.0,3.0,4.0,-1.0,6.0,0.0,6.0,2.0,1.0,1.0,0.0,0.0,0.0,58.3,8.3,18.2,63.6,
2022-10-09,2022,Sundsvall,Goteborg,3,2,H,O,4.18,3.87,1.79,13,0.0,2.0,4.0,2.0,3.0,8.0,-5.0,10.0,5.0,5.0,-7.0,3.0,-10.0,0.0,2.0,-2.0,3.0,1.0,2.0,25.0,75.0,50.0,50.0,H
2022-10-09,2022,Malmo FF,Varnamo,0,0,D,U,1.26,6.11,9.82,13,2.0,2.0,1.0,1.0,5.0,8.0,-3.0,3.0,9.0,-6.0,2.0,-1.0,3.0,1.0,0.0,1.0,0.0,1.0,-1.0,66.7,16.7,25.0,58.3,D
2022-10-09,2022,Elfsborg,Kalmar,0,2,A,U,1.8,3.77,4.22,12,2.0,1.0,0.0,2.0,11.0,6.0,5.0,7.0,7.0,0.0,4.0,-1.0,5.0,1.0,0.0,1.0,0.0,0.0,0.0,54.5,9.1,27.3,45.5,A
2022-10-09,2022,Djurgarden,Hacken,0,1,A,U,1.98,3.73,3.54,12,4.0,1.0,0.0,0.0,13.0,7.0,6.0,3.0,6.0,-3.0,10.0,1.0,9.0,2.0,0.0,2.0,0.0,0.0,0.0,90.9,0.0,50.0,0.0,A
2022-10-09,2022,AIK,Helsingborg,2,0,H,U,1.48,4.44,6.32,13,1.0,2.0,0.0,2.0,9.0,7.0,2.0,5.0,7.0,-2.0,4.0,0.0,4.0,1.0,1.0,0.0,0.0,1.0,-1.0,58.3,8.3,16.7,66.7,D
2022-10-08,2022,Degerfors,Sirius,0,0,D,U,2.4,3.64,2.73,13,2.0,0.0,0.0,3.0,7.0,1.0,6.0,2.0,8.0,-6.0,5.0,-7.0,12.0,2.0,0.0,2.0,0.0,3.0,-3.0,33.3,33.3,16.7,50.0,D
2022-10-03,2022,Varnamo,Mjallby,2,1,H,O,2.83,3.22,2.54,12,2.0,2.0,0.0,1.0,5.0,2.0,3.0,3.0,1.0,2.0,2.0,1.0,1.0,0.0,0.0,0.0,0.0,0.0,0.0,36.4,18.2,36.4,36.4,
2022-10-03,2022,Goteborg,Elfsborg,1,3,A,O,3.01,3.56,2.25,12,2.0,1.0,2.0,1.0,5.0,5.0,0.0,4.0,4.0,0.0,1.0,1.0,0.0,2.0,1.0,1.0,1.0,0.0,1.0,45.5,27.3,16.7,41.7,
2022-10-02,2022,Varberg,Hacken,1,1,D,U,4.13,3.82,1.81,13,1.0,2.0,1.0,0.0,5.0,11.0,-6.0,7.0,6.0,1.0,-2.0,5.0,-7.0,1.0,1.0,0.0,1.0,0.0,1.0,33.3,33.3,54.5,0.0,H
2022-10-02,2022,Sundsvall,Norrkoping,1,3,A,O,5.24,4.11,1.61,12,0.0,0.0,4.0,2.0,3.0,3.0,0.0,12.0,6.0,6.0,-9.0,-3.0,-6.0,0.0,0.0,0.0,3.0,1.0,2.0,27.3,72.7,18.2,45.5,A
2022-10-02,2022,Sirius,AIK,1,1,D,U,3.15,3.53,2.2,12,1.0,2.0,3.0,2.0,4.0,7.0,-3.0,6.0,7.0,-1.0,-2.0,0.0,-2.0,0.0,1.0,-1.0,0.0,1.0,-1.0,45.5,54.5,36.4,36.4,D
2022-10-02,2022,Kalmar,Helsingborg,2,0,H,U,1.56,4.04,5.92,13,3.0,2.0,0.0,2.0,4.0,7.0,-3.0,1.0,10.0,-9.0,3.0,-3.0,6.0,0.0,1.0,-1.0,0.0,1.0,-1.0,66.7,16.7,18.2,63.6,H
2022-10-01,2022,Malmo FF,Hammarby,0,0,D,U,2.1,3.53,3.36,12,3.0,1.0,1.0,1.0,8.0,5.0,3.0,4.0,7.0,-3.0,4.0,-2.0,6.0,2.0,0.0,2.0,0.0,1.0,-1.0,72.7,18.2,45.5,36.4,D
2022-10-01,2022,Degerfors,Djurgarden,3,0,H,O,4.86,4.05,1.65,12,2.0,1.0,0.0,0.0,6.0,3.0,3.0,3.0,2.0,1.0,3.0,1.0,2.0,1.0,0.0,1.0,0.0,0.0,0.0,27.3,36.4,33.3,25.0,H
2022-09-18,2022,Mjallby,Sundsvall,1,1,D,U,1.38,4.73,8.14,12,1.0,0.0,1.0,4.0,5.0,2.0,3.0,7.0,13.0,-6.0,-2.0,-11.0,9.0,0.0,0.0,0.0,1.0,4.0,-3.0,36.4,18.2,0.0,90.9,D
2022-09-18,2022,Helsingborg,Malmo FF,1,2,A,O,5.47,4.07,1.59,12,1.0,1.0,2.0,2.0,1.0,6.0,-5.0,3.0,6.0,-3.0,-2.0,0.0,-2.0,0.0,1.0,-1.0,1.0,0.0,1.0,18.2,54.5,27.3,45.5,D
2022-09-18,2022,Elfsborg,Sirius,3,0,H,O,1.47,4.7,6.06,11,1.0,0.0,0.0,2.0,10.0,2.0,8.0,9.0,6.0,3.0,1.0,-4.0,5.0,0.0,0.0,0.0,0.0,2.0,-2.0,50.0,10.0,18.2,45.5,H
2022-09-18,2022,Djurgarden,Goteborg,3,0,H,O,1.44,4.46,7.09,11,4.0,3.0,0.0,1.0,11.0,10.0,1.0,3.0,2.0,1.0,8.0,8.0,0.0,1.0,3.0,-2.0,0.0,0.0,0.0,90.0,0.0,54.5,45.5,H
2022-09-18,2022,AIK,Degerfors,1,1,D,U,1.41,4.85,7.15,12,2.0,0.0,0.0,3.0,9.0,4.0,5.0,4.0,11.0,-7.0,5.0,-7.0,12.0,1.0,0.0,1.0,0.0,2.0,-2.0,63.6,9.1,9.1,81.8,H
2022-09-17,2022,Varnamo,Varberg,1,0,H,U,2.32,3.39,3.01,11,1.0,1.0,1.0,2.0,6.0,4.0,2.0,6.0,6.0,0.0,0.0,-2.0,2.0,0.0,1.0,-1.0,0.0,1.0,-1.0,30.0,20.0,20.0,60.0,D
2022-09-17,2022,Norrkoping,Kalmar,2,2,D,O,2.94,3.32,2.39,12,2.0,1.0,2.0,3.0,8.0,4.0,4.0,7.0,6.0,1.0,1.0,-2.0,3.0,2.0,0.0,2.0,2.0,0.0,2.0,36.4,45.5,30.0,50.0,H
2022-09-17,2022,Hacken,Hammarby,1,1,D,U,2.31,3.65,2.82,12,3.0,2.0,0.0,1.0,12.0,7.0,5.0,3.0,6.0,-3.0,9.0,1.0,8.0,2.0,1.0,1.0,0.0,1.0,-1.0,63.6,18.2,50.0,40.0,A
2022-09-12,2022,Kalmar,Hacken,1,1,D,U,2.65,3.53,2.51,12,4.0,3.0,0.0,0.0,4.0,12.0,-8.0,0.0,6.0,-6.0,4.0,6.0,-2.0,0.0,1.0,-1.0,0.0,0.0,0.0,72.7,18.2,60.0,0.0,
2022-09-12,2022,Goteborg,Helsingborg,1,3,A,O,1.69,3.71,5.07,11,2.0,1.0,1.0,2.0,5.0,4.0,1.0,2.0,9.0,-7.0,3.0,-5.0,8.0,2.0,0.0,2.0,0.0,1.0,-1.0,50.0,20.0,10.0,70.0,
2022-09-11,2022,Varberg,AIK,2,0,H,U,4.43,3.65,1.79,12,0.0,2.0,2.0,1.0,3.0,9.0,-6.0,10.0,7.0,3.0,-7.0,2.0,-9.0,0.0,1.0,-1.0,2.0,0.0,2.0,27.3,36.4,40.0,30.0,D
2022-09-11,2022,Sundsvall,Elfsborg,0,2,A,U,6.07,4.97,1.45,11,1.0,0.0,3.0,2.0,5.0,3.0,2.0,11.0,5.0,6.0,-6.0,-2.0,-4.0,0.0,0.0,0.0,2.0,0.0,2.0,30.0,70.0,9.1,45.5,A
2022-09-11,2022,Malmo FF,Norrkoping,2,1,H,O,1.54,4.32,5.67,11,3.0,0.0,1.0,1.0,9.0,3.0,6.0,3.0,5.0,-2.0,6.0,-2.0,8.0,3.0,0.0,3.0,0.0,1.0,-1.0,70.0,20.0,20.0,40.0,A
2022-09-11,2022,Hammarby,Djurgarden,0,0,D,U,2.18,3.35,3.32,12,3.0,2.0,1.0,0.0,12.0,5.0,7.0,3.0,3.0,0.0,9.0,2.0,7.0,3.0,0.0,3.0,0.0,0.0,0.0,63.6,9.1,36.4,27.3,D
2022-09-10,2022,Sirius,Varnamo,2,3,A,O,2.1,3.42,3.43,11,1.0,1.0,3.0,2.0,2.0,5.0,-3.0,4.0,12.0,-8.0,-2.0,-7.0,5.0,0.0,0.0,0.0,0.0,2.0,-2.0,50.0,50.0,18.2,63.6,A
2022-09-10,2022,Degerfors,Mjallby,0,0,D,U,2.82,3.37,2.44,11,2.0,2.0,0.0,1.0,7.0,3.0,4.0,4.0,2.0,2.0,3.0,1.0,2.0,1.0,0.0,1.0,0.0,0.0,0.0,30.0,40.0,40.0,40.0,D
2022-09-05,2022,Varnamo,Helsingborg,3,2,H,O,2.12,3.33,3.49,10,0.0,1.0,1.0,2.0,4.0,3.0,1.0,5.0,8.0,-3.0,-1.0,-5.0,4.0,0.0,0.0,0.0,0.0,1.0,-1.0,22.2,22.2,11.1,66.7,
2022-09-05,2022,Norrkoping,Hammarby,4,1,H,O,4.2,3.8,1.8,11,1.0,2.0,3.0,1.0,4.0,6.0,-2.0,8.0,3.0,5.0,-4.0,3.0,-7.0,1.0,1.0,0.0,3.0,0.0,3.0,30.0,50.0,55.6,33.3,
2022-09-05,2022,Mjallby,Goteborg,1,4,A,O,2.35,3.11,3.21,11,1.0,2.0,1.0,2.0,5.0,6.0,-1.0,5.0,4.0,1.0,0.0,2.0,-2.0,0.0,2.0,-2.0,0.0,1.0,-1.0,40.0,10.0,50.0,50.0,
2022-09-05,2022,Kalmar,Varberg,1,0,H,U,1.57,3.88,6.1,11,3.0,1.0,0.0,2.0,4.0,5.0,-1.0,1.0,9.0,-8.0,3.0,-4.0,7.0,0.0,1.0,-1.0,0.0,2.0,-2.0,70.0,20.0,22.2,55.6,
2022-09-04,2022,Sirius,Djurgarden,0,1,A,U,5.37,4.01,1.61,10,2.0,2.0,2.0,0.0,4.0,6.0,-2.0,3.0,3.0,0.0,1.0,3.0,-2.0,1.0,1.0,0.0,0.0,0.0,0.0,55.6,44.4,30.0,30.0,A
2022-09-04,2022,Hacken,Degerfors,2,2,D,O,1.25,6.61,9.35,11,3.0,0.0,1.0,4.0,11.0,2.0,9.0,3.0,11.0,-8.0,8.0,-9.0,17.0,2.0,0.0,2.0,0.0,3.0,-3.0,70.0,20.0,10.0,90.0,H
2022-09-04,2022,Elfsborg,Malmo FF,3,2,H,O,2.71,3.66,2.39,10,1.0,1.0,0.0,2.0,11.0,5.0,6.0,8.0,5.0,3.0,3.0,0.0,3.0,1.0,1.0,0.0,0.0,0.0,0.0,44.4,11.1,30.0,40.0,D
2022-09-04,2022,AIK,Sundsvall,4,0,H,O,1.23,6.14,11.88,11,1.0,0.0,1.0,4.0,5.0,2.0,3.0,5.0,10.0,-5.0,0.0,-8.0,8.0,0.0,0.0,0.0,0.0,3.0,-3.0,60.0,10.0,0.0,90.0,H
2022-08-29,2022,Djurgarden,Elfsborg,2,1,H,O,1.64,4.15,4.82,10,4.0,0.0,0.0,2.0,13.0,2.0,11.0,2.0,6.0,-4.0,11.0,-4.0,15.0,2.0,0.0,2.0,0.0,1.0,-1.0,88.9,0.0,10.0,40.0,
2022-08-28,2022,Varberg,Norrkoping,1,1,D,U,3.37,3.41,2.13,11,0.0,0.0,2.0,1.0,2.0,3.0,-1.0,9.0,5.0,4.0,-7.0,-2.0,-5.0,0.0,0.0,0.0,2.0,1.0,1.0,30.0,40.0,22.2,44.4,A
2022-08-28,2022,Malmo FF,Kalmar,0,1,A,U,1.62,3.92,5.42,10,4.0,0.0,0.0,3.0,11.0,4.0,7.0,3.0,7.0,-4.0,8.0,-3.0,11.0,3.0,0.0,3.0,0.0,0.0,0.0,77.8,11.1,22.2,55.6,D
2022-08-28,2022,Helsingborg,Mjallby,0,1,A,U,3.03,3.14,2.43,11,1.0,2.0,1.0,1.0,2.0,3.0,-1.0,3.0,2.0,1.0,-1.0,1.0,-2.0,0.0,0.0,0.0,1.0,0.0,1.0,20.0,50.0,33.3,44.4,D
2022-08-28,2022,Goteborg,Sirius,2,0,H,U,1.88,3.56,4.07,10,2.0,1.0,1.0,1.0,5.0,3.0,2.0,2.0,4.0,-2.0,3.0,-1.0,4.0,2.0,0.0,2.0,0.0,1.0,-1.0,44.4,22.2,20.0,40.0,H
2022-08-28,2022,AIK,Hammarby,2,2,D,O,2.92,3.48,2.34,10,1.0,2.0,1.0,2.0,5.0,4.0,1.0,5.0,2.0,3.0,0.0,2.0,-2.0,0.0,1.0,-1.0,0.0,0.0,0.0,66.7,11.1,62.5,37.5,D
2022-08-27,2022,Hacken,Varnamo,4,1,H,O,1.33,5.56,7.78,10,2.0,1.0,1.0,2.0,8.0,4.0,4.0,3.0,11.0,-8.0,5.0,-7.0,12.0,1.0,0.0,1.0,0.0,2.0,-2.0,66.7,22.2,20.0,60.0,H
2022-08-27,2022,Degerfors,Sundsvall,3,1,H,O,1.48,4.63,6.1,10,1.0,0.0,0.0,3.0,5.0,2.0,3.0,4.0,8.0,-4.0,1.0,-6.0,7.0,0.0,0.0,0.0,0.0,2.0,-2.0,22.2,44.4,0.0,88.9,D
2022-08-22,2022,Sirius,Hacken,0,1,A,U,3.98,4.2,1.76,9,2.0,2.0,2.0,0.0,5.0,13.0,-8.0,4.0,8.0,-4.0,1.0,5.0,-4.0,1.0,1.0,0.0,0.0,0.0,0.0,62.5,37.5,55.6,0.0,
2022-08-22,2022,Kalmar,Goteborg,1,0,H,U,2.1,3.36,3.53,10,3.0,3.0,0.0,1.0,4.0,8.0,-4.0,1.0,4.0,-3.0,3.0,4.0,-1.0,0.0,2.0,-2.0,0.0,1.0,-1.0,66.7,22.2,55.6,44.4,
2022-08-22,2022,Hammarby,Degerfors,5,1,H,O,1.18,7.56,13.9,11,3.0,0.0,1.0,4.0,10.0,1.0,9.0,2.0,8.0,-6.0,8.0,-7.0,15.0,3.0,0.0,3.0,0.0,3.0,-3.0,60.0,10.0,11.1,88.9,
2022-08-21,2022,Varnamo,Elfsborg,1,1,D,U,3.45,3.73,2.0,9,1.0,0.0,1.0,2.0,4.0,2.0,2.0,4.0,6.0,-2.0,0.0,-4.0,4.0,0.0,0.0,0.0,0.0,1.0,-1.0,25.0,25.0,11.1,44.4,H
2022-08-21,2022,Sundsvall,Helsingborg,1,2,A,O,2.78,3.46,2.44,10,1.0,0.0,3.0,3.0,6.0,2.0,4.0,14.0,9.0,5.0,-8.0,-7.0,-1.0,0.0,0.0,0.0,3.0,1.0,2.0,33.3,66.7,0.0,75.0,A
2022-08-21,2022,Norrkoping,AIK,2,4,A,O,2.43,3.32,2.88,10,1.0,1.0,3.0,1.0,2.0,6.0,-4.0,5.0,6.0,-1.0,-3.0,0.0,-3.0,1.0,0.0,1.0,2.0,0.0,2.0,33.3,44.4,33.3,33.3,A
2022-08-21,2022,Mjallby,Malmo FF,1,1,D,U,5.18,3.71,1.68,10,1.0,2.0,1.0,2.0,5.0,6.0,-1.0,5.0,4.0,1.0,0.0,2.0,-2.0,0.0,2.0,-2.0,0.0,0.0,0.0,44.4,11.1,33.3,44.4,D
2022-08-20,2022,Varberg,Djurgarden,2,2,D,O,5.15,3.64,1.7,10,1.0,3.0,2.0,0.0,3.0,9.0,-6.0,7.0,3.0,4.0,-4.0,6.0,-10.0,1.0,2.0,-1.0,2.0,0.0,2.0,33.3,44.4,33.3,33.3,H
2022-08-15,2022,Hacken,Mjallby,1,0,H,U,1.54,4.25,5.76,9,2.0,2.0,1.0,1.0,11.0,3.0,8.0,6.0,3.0,3.0,5.0,0.0,5.0,1.0,0.0,1.0,0.0,1.0,-1.0,62.5,25.0,37.5,37.5,
2022-08-15,2022,Goteborg,Hammarby,0,1,A,U,3.99,3.73,1.85,9,3.0,1.0,0.0,3.0,7.0,3.0,4.0,1.0,4.0,-3.0,6.0,-1.0,7.0,3.0,1.0,2.0,0.0,1.0,-1.0,50.0,12.5,57.1,42.9,
2022-08-14,2022,Malmo FF,Sundsvall,3,1,H,O,1.1,9.8,21.43,9,3.0,0.0,1.0,3.0,9.0,1.0,8.0,4.0,7.0,-3.0,5.0,-6.0,11.0,2.0,0.0,2.0,0.0,2.0,-2.0,75.0,12.5,0.0,87.5,H
2022-08-14,2022,Elfsborg,Norrkoping,1,1,D,U,1.8,3.86,4.1,9,2.0,0.0,0.0,2.0,13.0,2.0,11.0,8.0,7.0,1.0,5.0,-5.0,10.0,2.0,0.0,2.0,0.0,2.0,-2.0,50.0,12.5,25.0,50.0,H
2022-08-14,2022,Djurgarden,Kalmar,3,2,H,O,1.74,3.69,4.74,9,4.0,0.0,0.0,2.0,14.0,3.0,11.0,0.0,5.0,-5.0,14.0,-2.0,16.0,3.0,0.0,3.0,0.0,0.0,0.0,87.5,0.0,25.0,50.0,H
2022-08-14,2022,Degerfors,Varberg,1,1,D,U,1.93,3.68,3.73,9,1.0,1.0,1.0,3.0,4.0,4.0,0.0,5.0,12.0,-7.0,-1.0,-8.0,7.0,0.0,1.0,-1.0,1.0,3.0,-2.0,25.0,50.0,25.0,62.5,D
2022-08-14,2022,AIK,Varnamo,2,2,D,O,1.74,3.74,4.62,9,2.0,1.0,1.0,3.0,5.0,2.0,3.0,3.0,10.0,-7.0,2.0,-8.0,10.0,1.0,0.0,1.0,0.0,2.0,-2.0,75.0,12.5,22.2,66.7,D
2022-08-13,2022,Helsingborg,Sirius,0,0,D,U,2.45,3.37,2.83,10,1.0,1.0,2.0,2.0,3.0,6.0,-3.0,5.0,8.0,-3.0,-2.0,-2.0,0.0,0.0,0.0,0.0,1.0,1.0,0.0,22.2,55.6,22.2,44.4,D
2022-08-08,2022,Varberg,Goteborg,0,4,A,O,3.13,3.34,2.26,9,2.0,2.0,1.0,2.0,5.0,5.0,0.0,4.0,7.0,-3.0,1.0,-2.0,3.0,1.0,1.0,0.0,1.0,2.0,-1.0,37.5,37.5,50.0,50.0,
2022-08-08,2022,Hacken,Helsingborg,5,0,H,O,1.31,5.6,8.41,8,2.0,0.0,1.0,2.0,9.0,4.0,5.0,7.0,6.0,1.0,2.0,-2.0,4.0,1.0,0.0,1.0,0.0,0.0,0.0,57.1,28.6,0.0,71.4,
2022-08-07,2022,Varnamo,Djurgarden,0,0,D,U,4.86,3.98,1.66,8,1.0,3.0,2.0,1.0,5.0,9.0,-4.0,6.0,4.0,2.0,-1.0,5.0,-6.0,0.0,2.0,-2.0,0.0,0.0,0.0,28.6,28.6,37.5,37.5,D
2022-08-07,2022,Sirius,Malmo FF,2,1,H,O,5.65,4.27,1.54,8,2.0,2.0,2.0,2.0,5.0,5.0,0.0,3.0,6.0,-3.0,2.0,-1.0,3.0,2.0,2.0,0.0,0.0,1.0,-1.0,57.1,42.9,37.5,37.5,D
2022-08-07,2022,Mjallby,Elfsborg,1,1,D,U,2.77,3.36,2.48,9,1.0,0.0,1.0,2.0,5.0,3.0,2.0,5.0,7.0,-2.0,0.0,-4.0,4.0,0.0,0.0,0.0,0.0,1.0,-1.0,50.0,12.5,12.5,50.0,H
2022-08-07,2022,Kalmar,AIK,1,0,H,U,2.55,3.19,2.82,9,3.0,2.0,0.0,0.0,4.0,8.0,-4.0,1.0,6.0,-5.0,3.0,2.0,1.0,0.0,0.0,0.0,0.0,0.0,0.0,62.5,25.0,37.5,25.0,D
2022-08-07,2022,Hammarby,Sundsvall,3,0,H,O,1.13,8.65,16.57,10,2.0,0.0,1.0,3.0,9.0,2.0,7.0,4.0,9.0,-5.0,5.0,-7.0,12.0,2.0,0.0,2.0,0.0,2.0,-2.0,55.6,11.1,0.0,85.7,H
2022-08-06,2022,Norrkoping,Degerfors,2,0,H,U,1.48,4.65,5.94,9,0.0,0.0,3.0,4.0,2.0,2.0,0.0,7.0,8.0,-1.0,-5.0,-6.0,1.0,0.0,0.0,0.0,2.0,2.0,0.0,25.0,50.0,12.5,87.5,H
2022-08-01,2022,Goteborg,Norrkoping,2,0,H,U,2.6,3.28,2.68,8,2.0,1.0,0.0,1.0,6.0,3.0,3.0,2.0,5.0,-3.0,4.0,-2.0,6.0,2.0,0.0,2.0,0.0,1.0,-1.0,42.9,14.3,28.6,42.9,
2022-07-31,2022,Sirius,Mjallby,0,1,A,U,2.29,3.21,3.2,7,2.0,1.0,2.0,2.0,5.0,2.0,3.0,5.0,5.0,0.0,0.0,-3.0,3.0,2.0,0.0,2.0,1.0,2.0,-1.0,66.7,33.3,28.6,42.9,D
2022-07-31,2022,Hammarby,Varnamo,1,2,A,O,1.3,5.57,9.15,9,3.0,1.0,0.0,3.0,11.0,4.0,7.0,2.0,10.0,-8.0,9.0,-6.0,15.0,3.0,1.0,2.0,0.0,2.0,-2.0,62.5,0.0,12.5,75.0,D
2022-07-31,2022,Elfsborg,Hacken,4,4,D,O,2.04,4.04,3.11,8,2.0,3.0,0.0,0.0,9.0,11.0,-2.0,4.0,5.0,-1.0,5.0,6.0,-1.0,2.0,1.0,1.0,0.0,0.0,0.0,57.1,14.3,62.5,0.0,H
2022-07-30,2022,Sundsvall,Varberg,1,3,A,O,2.49,3.47,2.69,9,2.0,0.0,2.0,3.0,7.0,2.0,5.0,11.0,12.0,-1.0,-4.0,-10.0,6.0,1.0,0.0,1.0,2.0,3.0,-1.0,37.5,62.5,14.3,71.4,A
2022-07-30,2022,Degerfors,Kalmar,2,1,H,O,3.69,3.57,1.97,8,1.0,0.0,1.0,2.0,4.0,3.0,1.0,5.0,6.0,-1.0,-1.0,-3.0,2.0,0.0,0.0,0.0,1.0,1.0,0.0,14.3,57.1,28.6,42.9,D
2022-07-25,2022,Varberg,Hammarby,0,3,A,O,6.87,4.42,1.45,8,2.0,1.0,1.0,3.0,5.0,3.0,2.0,3.0,4.0,-1.0,2.0,-1.0,3.0,1.0,1.0,0.0,1.0,1.0,0.0,42.9,28.6,50.0,50.0,
2022-07-25,2022,Norrkoping,Goteborg,0,2,A,U,1.7,3.89,4.59,8,1.0,1.0,2.0,3.0,7.0,3.0,4.0,6.0,8.0,-2.0,1.0,-5.0,6.0,1.0,0.0,1.0,1.0,2.0,-1.0,28.6,42.9,42.9,57.1,
2022-07-24,2022,Varnamo,AIK,2,3,A,O,3.32,3.3,2.19,7,2.0,1.0,1.0,0.0,5.0,8.0,-3.0,3.0,7.0,-4.0,2.0,1.0,1.0,1.0,0.0,1.0,0.0,0.0,0.0,33.3,16.7,28.6,28.6,A
2022-07-24,2022,Kalmar,Elfsborg,1,0,H,U,2.23,3.48,3.07,8,3.0,0.0,0.0,2.0,5.0,3.0,2.0,1.0,8.0,-7.0,4.0,-5.0,9.0,1.0,0.0,1.0,0.0,2.0,-2.0,57.1,28.6,14.3,42.9,D
2022-07-24,2022,Helsingborg,Sundsvall,1,0,H,U,1.83,3.63,4.16,9,0.0,0.0,3.0,3.0,3.0,3.0,0.0,9.0,11.0,-2.0,-6.0,-8.0,2.0,0.0,0.0,0.0,2.0,3.0,-1.0,12.5,62.5,0.0,83.3,H
2022-07-24,2022,Hacken,Djurgarden,1,2,A,O,2.23,3.65,2.95,7,3.0,2.0,0.0,1.0,11.0,7.0,4.0,6.0,3.0,3.0,5.0,4.0,1.0,2.0,2.0,0.0,0.0,0.0,0.0,66.7,16.7,28.6,42.9,H
2022-07-23,2022,Mjallby,Degerfors,2,1,H,O,1.63,3.86,5.27,8,0.0,1.0,1.0,3.0,4.0,4.0,0.0,5.0,8.0,-3.0,-1.0,-4.0,3.0,0.0,0.0,0.0,0.0,2.0,-2.0,42.9,14.3,14.3,85.7,D
2022-07-23,2022,Malmo FF,Sirius,3,1,H,O,1.41,4.87,6.92,8,3.0,1.0,1.0,1.0,8.0,7.0,1.0,3.0,7.0,-4.0,5.0,0.0,5.0,2.0,0.0,2.0,0.0,0.0,0.0,71.4,14.3,25.0,37.5,H
2022-07-18,2022,Varberg,Helsingborg,0,0,D,U,2.31,3.23,3.12,7,2.0,0.0,1.0,3.0,5.0,5.0,0.0,3.0,8.0,-5.0,2.0,-3.0,5.0,1.0,0.0,1.0,1.0,0.0,1.0,50.0,33.3,0.0,83.3,
2022-07-18,2022,Sundsvall,Hacken,1,5,A,O,5.3,4.68,1.52,8,2.0,3.0,2.0,0.0,8.0,8.0,0.0,9.0,5.0,4.0,-1.0,3.0,-4.0,1.0,0.0,1.0,1.0,0.0,1.0,42.9,57.1,57.1,0.0,
2022-07-17,2022,Sirius,Degerfors,2,0,H,U,1.74,4.05,4.17,6,2.0,1.0,2.0,3.0,4.0,4.0,0.0,5.0,8.0,-3.0,-1.0,-4.0,3.0,1.0,0.0,1.0,1.0,2.0,-1.0,60.0,40.0,16.7,83.3,H
2022-07-17,2022,Hammarby,Elfsborg,3,0,H,O,1.93,3.82,3.57,8,2.0,1.0,0.0,1.0,11.0,9.0,2.0,5.0,5.0,0.0,6.0,4.0,2.0,2.0,1.0,1.0,0.0,1.0,-1.0,57.1,0.0,16.7,33.3,H
2022-07-17,2022,Goteborg,Mjallby,1,1,D,U,2.13,3.18,3.63,7,2.0,1.0,1.0,2.0,6.0,1.0,5.0,3.0,4.0,-1.0,3.0,-3.0,6.0,2.0,0.0,2.0,0.0,2.0,-2.0,50.0,16.7,33.3,50.0,H
2022-07-17,2022,AIK,Kalmar,1,0,H,U,1.79,3.43,4.72,8,2.0,1.0,1.0,1.0,5.0,5.0,0.0,3.0,6.0,-3.0,2.0,-1.0,3.0,1.0,0.0,1.0,0.0,1.0,-1.0,71.4,14.3,33.3,33.3,H
2022-07-16,2022,Norrkoping,Malmo FF,0,2,A,U,3.61,3.55,2.0,7,2.0,1.0,1.0,3.0,9.0,3.0,6.0,4.0,8.0,-4.0,5.0,-5.0,10.0,2.0,1.0,1.0,0.0,2.0,-2.0,33.3,33.3,28.6,42.9,A
2022-07-16,2022,Djurgarden,Varnamo,5,0,H,O,1.39,4.93,7.24,8,3.0,1.0,0.0,2.0,11.0,5.0,6.0,2.0,6.0,-4.0,9.0,-1.0,10.0,2.0,1.0,1.0,0.0,1.0,-1.0,85.7,0.0,14.3,71.4,H
2022-07-11,2022,Varnamo,Sundsvall,1,1,D,U,1.52,4.32,5.89,6,2.0,0.0,1.0,4.0,4.0,2.0,2.0,2.0,12.0,-10.0,2.0,-10.0,12.0,1.0,0.0,1.0,0.0,4.0,-4.0,40.0,20.0,0.0,100.0,
2022-07-11,2022,Helsingborg,Djurgarden,0,2,A,U,5.3,4.02,1.6,8,0.0,1.0,3.0,2.0,3.0,5.0,-2.0,8.0,4.0,4.0,-5.0,1.0,-6.0,0.0,1.0,-1.0,1.0,0.0,1.0,14.3,57.1,16.7,50.0,
2022-07-11,2022,Hammarby,Goteborg,3,0,H,O,1.53,4.29,5.82,7,1.0,1.0,0.0,3.0,8.0,3.0,5.0,5.0,6.0,-1.0,3.0,-3.0,6.0,1.0,0.0,1.0,0.0,1.0,-1.0,50.0,0.0,50.0,50.0,
2022-07-10,2022,Mjallby,Hacken,1,2,A,O,3.62,3.5,2.0,7,1.0,2.0,0.0,0.0,5.0,7.0,-2.0,4.0,5.0,-1.0,1.0,2.0,-1.0,0.0,0.0,0.0,0.0,0.0,0.0,50.0,0.0,50.0,0.0,H
2022-07-10,2022,Kalmar,Sirius,1,1,D,U,1.68,3.78,5.02,7,3.0,2.0,1.0,1.0,5.0,8.0,-3.0,2.0,6.0,-4.0,3.0,2.0,1.0,1.0,1.0,0.0,0.0,0.0,0.0,66.7,33.3,28.6,42.9,D
2022-07-10,2022,Elfsborg,AIK,2,2,D,O,2.13,3.57,3.22,7,3.0,2.0,0.0,0.0,10.0,8.0,2.0,3.0,5.0,-2.0,7.0,3.0,4.0,3.0,1.0,2.0,0.0,0.0,0.0,66.7,16.7,33.3,33.3,D
2022-07-09,2022,Malmo FF,Varberg,3,0,H,O,1.26,5.92,10.41,7,3.0,0.0,1.0,3.0,6.0,3.0,3.0,3.0,12.0,-9.0,3.0,-9.0,12.0,1.0,0.0,1.0,0.0,3.0,-3.0,66.7,16.7,16.7,66.7,H
2022-07-09,2022,Degerfors,Norrkoping,1,1,D,U,3.38,3.7,2.02,7,1.0,2.0,2.0,1.0,3.0,4.0,-1.0,10.0,5.0,5.0,-7.0,-1.0,-6.0,0.0,0.0,0.0,2.0,1.0,1.0,16.7,66.7,33.3,50.0,A
2022-07-04,2022,Goteborg,Degerfors,2,0,H,U,1.67,4.1,4.58,6,1.0,1.0,1.0,3.0,5.0,4.0,1.0,4.0,8.0,-4.0,1.0,-4.0,5.0,1.0,0.0,1.0,0.0,2.0,-2.0,40.0,20.0,20.0,80.0,
2022-07-03,2022,Varberg,Varnamo,3,0,H,O,2.9,3.21,2.46,6,2.0,1.0,1.0,2.0,4.0,5.0,-1.0,3.0,5.0,-2.0,1.0,0.0,1.0,1.0,1.0,0.0,1.0,1.0,0.0,40.0,40.0,16.7,66.7,H
2022-07-03,2022,Norrkoping,Sirius,0,1,A,U,1.57,4.41,5.04,6,2.0,1.0,0.0,2.0,10.0,7.0,3.0,4.0,10.0,-6.0,6.0,-3.0,9.0,2.0,1.0,1.0,0.0,1.0,-1.0,40.0,20.0,16.7,50.0,D
2022-07-03,2022,Hacken,Elfsborg,1,1,D,U,2.36,3.73,2.7,6,3.0,1.0,1.0,2.0,10.0,8.0,2.0,7.0,5.0,2.0,3.0,3.0,0.0,2.0,1.0,1.0,1.0,1.0,0.0,80.0,20.0,20.0,40.0,D
2022-07-03,2022,Djurgarden,Hammarby,1,0,H,U,2.3,3.38,3.02,7,3.0,2.0,0.0,2.0,14.0,4.0,10.0,2.0,3.0,-1.0,12.0,1.0,11.0,3.0,1.0,2.0,0.0,1.0,-1.0,83.3,0.0,60.0,40.0,D
2022-07-02,2022,Helsingborg,Kalmar,1,1,D,U,3.86,3.46,1.94,7,0.0,1.0,3.0,2.0,3.0,4.0,-1.0,8.0,6.0,2.0,-5.0,-2.0,-3.0,0.0,0.0,0.0,1.0,1.0,0.0,16.7,66.7,40.0,40.0,A
2022-07-02,2022,AIK,Mjallby,0,1,A,U,1.45,4.17,7.64,7,3.0,0.0,0.0,3.0,6.0,0.0,6.0,2.0,6.0,-4.0,4.0,-6.0,10.0,1.0,0.0,1.0,0.0,3.0,-3.0,83.3,0.0,20.0,60.0,A
2022-07-01,2022,Sundsvall,Malmo FF,2,1,H,O,7.23,4.95,1.39,7,1.0,1.0,3.0,2.0,6.0,2.0,4.0,10.0,6.0,4.0,-4.0,-4.0,0.0,1.0,1.0,0.0,2.0,2.0,0.0,33.3,66.7,33.3,33.3,
2022-06-27,2022,Sirius,Goteborg,1,2,A,O,2.51,3.35,2.76,5,3.0,1.0,1.0,3.0,5.0,3.0,2.0,4.0,5.0,-1.0,1.0,-2.0,3.0,1.0,1.0,0.0,1.0,1.0,0.0,75.0,25.0,40.0,60.0,
2022-06-27,2022,Malmo FF,Helsingborg,2,1,H,O,1.25,5.89,10.93,6,3.0,0.0,1.0,3.0,7.0,4.0,3.0,2.0,7.0,-5.0,5.0,-3.0,8.0,2.0,0.0,2.0,0.0,0.0,0.0,60.0,20.0,0.0,80.0,
2022-06-27,2022,Kalmar,Varnamo,1,0,H,U,1.87,3.39,4.36,6,3.0,1.0,1.0,2.0,6.0,6.0,0.0,2.0,8.0,-6.0,4.0,-2.0,6.0,2.0,1.0,1.0,0.0,2.0,-2.0,60.0,40.0,20.0,60.0,
2022-06-27,2022,Elfsborg,Varberg,4,1,H,O,1.35,5.06,8.11,6,3.0,0.0,0.0,3.0,10.0,2.0,8.0,3.0,9.0,-6.0,7.0,-7.0,14.0,3.0,0.0,3.0,0.0,2.0,-2.0,60.0,20.0,20.0,60.0,
2022-06-26,2022,Sundsvall,Djurgarden,2,5,A,O,7.39,4.82,1.39,6,2.0,0.0,2.0,2.0,5.0,1.0,4.0,5.0,3.0,2.0,0.0,-2.0,2.0,1.0,0.0,1.0,1.0,0.0,1.0,40.0,60.0,0.0,60.0,A
2022-06-26,2022,Mjallby,Norrkoping,1,1,D,U,3.47,3.28,2.14,6,2.0,2.0,0.0,2.0,7.0,4.0,3.0,3.0,6.0,-3.0,4.0,-2.0,6.0,1.0,0.0,1.0,0.0,1.0,-1.0,60.0,0.0,40.0,60.0,D
2022-06-26,2022,Hammarby,Hacken,2,2,D,O,1.85,3.82,3.89,6,2.0,2.0,0.0,0.0,8.0,6.0,2.0,3.0,4.0,-1.0,5.0,2.0,3.0,2.0,0.0,2.0,0.0,0.0,0.0,60.0,0.0,60.0,0.0,
2022-06-26,2022,Degerfors,AIK,1,1,D,U,4.34,3.92,1.75,6,1.0,2.0,3.0,1.0,2.0,7.0,-5.0,10.0,7.0,3.0,-8.0,0.0,-8.0,0.0,1.0,-1.0,2.0,1.0,1.0,20.0,80.0,40.0,40.0,D
2022-05-29,2022,Varnamo,Hammarby,1,0,H,U,3.68,3.29,2.06,5,1.0,3.0,1.0,1.0,3.0,9.0,-6.0,2.0,3.0,-1.0,1.0,6.0,-5.0,1.0,2.0,-1.0,0.0,1.0,-1.0,25.0,25.0,75.0,25.0,D
2022-05-29,2022,Norrkoping,Elfsborg,2,2,D,O,2.58,3.48,2.59,5,2.0,1.0,1.0,2.0,8.0,7.0,1.0,3.0,4.0,-1.0,5.0,3.0,2.0,2.0,1.0,1.0,0.0,1.0,-1.0,50.0,25.0,25.0,50.0,A
2022-05-29,2022,Helsingborg,AIK,1,2,A,O,6.52,3.8,1.56,6,1.0,1.0,2.0,2.0,3.0,7.0,-4.0,6.0,10.0,-4.0,-3.0,-3.0,0.0,0.0,1.0,-1.0,1.0,2.0,-1.0,20.0,60.0,25.0,50.0,H
2022-05-29,2022,Djurgarden,Varberg,4,0,H,O,1.37,4.74,8.6,6,3.0,1.0,0.0,2.0,12.0,3.0,9.0,3.0,5.0,-2.0,9.0,-2.0,11.0,2.0,0.0,2.0,0.0,1.0,-1.0,80.0,0.0,25.0,50.0,H
2022-05-29,2022,Degerfors,Malmo FF,0,2,A,U,5.94,4.54,1.49,5,1.0,0.0,3.0,2.0,3.0,0.0,3.0,10.0,6.0,4.0,-7.0,-6.0,-1.0,0.0,0.0,0.0,1.0,2.0,-1.0,25.0,75.0,20.0,40.0,A
2022-05-28,2022,Mjallby,Kalmar,1,1,D,U,3.46,3.03,2.26,5,3.0,2.0,0.0,2.0,7.0,6.0,1.0,2.0,5.0,-3.0,5.0,1.0,4.0,1.0,1.0,0.0,0.0,1.0,-1.0,75.0,0.0,50.0,50.0,H
2022-05-28,2022,Hacken,Sirius,4,3,H,O,1.43,4.79,6.57,5,3.0,1.0,1.0,2.0,10.0,4.0,6.0,6.0,9.0,-3.0,4.0,-5.0,9.0,3.0,1.0,2.0,1.0,2.0,-1.0,75.0,25.0,20.0,40.0,H
2022-05-28,2022,Goteborg,Sundsvall,2,0,H,U,1.34,5.29,8.18,5,1.0,0.0,1.0,4.0,5.0,3.0,2.0,5.0,12.0,-7.0,0.0,-9.0,9.0,0.0,0.0,0.0,0.0,3.0,-3.0,25.0,25.0,0.0,100.0,D
2022-05-23,2022,Sundsvall,Mjallby,2,0,H,U,3.6,3.25,2.12,5,1.0,1.0,3.0,2.0,4.0,2.0,2.0,10.0,4.0,6.0,-6.0,-2.0,-4.0,0.0,1.0,-1.0,2.0,2.0,0.0,25.0,75.0,25.0,50.0,
2022-05-22,2022,Varberg,Degerfors,2,1,H,O,1.94,3.52,3.84,5,1.0,1.0,2.0,3.0,2.0,4.0,-2.0,5.0,9.0,-4.0,-3.0,-5.0,2.0,1.0,0.0,1.0,2.0,3.0,-1.0,25.0,50.0,25.0,75.0,H
2022-05-22,2022,Malmo FF,Hacken,1,2,A,O,1.78,3.82,4.24,5,3.0,2.0,0.0,0.0,7.0,6.0,1.0,1.0,4.0,-3.0,6.0,2.0,4.0,2.0,0.0,2.0,0.0,0.0,0.0,75.0,0.0,50.0,0.0,D
2022-05-22,2022,Kalmar,Djurgarden,1,0,H,U,3.05,3.09,2.44,5,2.0,0.0,2.0,2.0,5.0,1.0,4.0,3.0,3.0,0.0,2.0,-2.0,4.0,2.0,0.0,2.0,0.0,0.0,0.0,50.0,50.0,0.0,50.0,D
2022-05-22,2022,Hammarby,Norrkoping,3,0,H,O,1.91,3.56,3.93,5,2.0,2.0,0.0,2.0,7.0,4.0,3.0,4.0,4.0,0.0,3.0,0.0,3.0,1.0,0.0,1.0,0.0,0.0,0.0,50.0,0.0,50.0,50.0,H
2022-05-22,2022,Elfsborg,Goteborg,3,1,H,O,1.49,4.4,6.24,5,2.0,2.0,1.0,2.0,7.0,3.0,4.0,4.0,2.0,2.0,3.0,1.0,2.0,2.0,1.0,1.0,1.0,0.0,1.0,50.0,25.0,50.0,50.0,H
2022-05-21,2022,Helsingborg,Varnamo,1,4,A,O,3.16,3.13,2.37,5,1.0,0.0,2.0,3.0,2.0,3.0,-1.0,3.0,9.0,-6.0,-1.0,-6.0,5.0,0.0,0.0,0.0,0.0,2.0,-2.0,25.0,50.0,0.0,75.0,H
2022-05-21,2022,AIK,Sirius,2,2,D,O,1.41,4.64,7.5,6,4.0,1.0,0.0,2.0,5.0,2.0,3.0,0.0,7.0,-7.0,5.0,-5.0,10.0,1.0,1.0,0.0,0.0,2.0,-2.0,100.0,0.0,25.0,50.0,D
2022-05-16,2022,Djurgarden,Malmo FF,4,0,H,O,1.8,3.64,4.35,5,3.0,1.0,0.0,1.0,11.0,1.0,10.0,4.0,2.0,2.0,7.0,-1.0,8.0,2.0,0.0,2.0,0.0,1.0,-1.0,75.0,0.0,25.0,25.0,
2022-05-15,2022,Norrkoping,Sundsvall,5,1,H,O,1.26,6.07,10.03,4,,,,,,,,,,,,,,,,,,,,33.3,33.3,0.0,100.0,H
2022-05-15,2022,Hammarby,AIK,3,3,D,O,2.24,3.25,3.26,4,,,,,,,,,,,,,,,,,,,,66.7,0.0,33.3,66.7,H
2022-05-15,2022,Hacken,Kalmar,3,1,H,O,1.71,3.84,4.7,4,,,,,,,,,,,,,,,,,,,,66.7,33.3,66.7,33.3,D
2022-05-15,2022,Goteborg,Varberg,1,1,D,U,2.0,3.24,4.0,4,,,,,,,,,,,,,,,,,,,,33.3,33.3,33.3,66.7,H
2022-05-15,2022,Degerfors,Helsingborg,2,1,H,O,2.41,3.36,2.88,4,,0.0,,3.0,,4.0,,,7.0,,,-3.0,,,0.0,,,0.0,,0.0,100.0,0.0,75.0,H
2022-05-14,2022,Sirius,Elfsborg,2,0,H,U,4.26,3.87,1.77,4,,,,,,,,,,,,,,,,,,,,66.7,33.3,33.3,33.3,D
2022-05-14,2022,Mjallby,Varnamo,1,1,D,U,2.72,2.97,2.81,4,,,,,,,,,,,,,,,,,,,,100.0,0.0,0.0,100.0,A
2022-05-11,2022,AIK,Malmo FF,2,0,H,U,2.36,3.08,3.21,5,4.0,,0.0,,4.0,,,0.0,,,4.0,,,0.0,,,0.0,,,100.0,0.0,33.3,0.0,
2022-05-09,2022,Varnamo,Hacken,1,2,A,O,3.69,3.53,1.98,4,,,,,,,,,,,,,,,,,,,,33.3,0.0,33.3,0.0,
2022-05-09,2022,Sundsvall,Degerfors,2,3,A,O,2.41,3.61,2.71,4,,,,,,,,,,,,,,,,,,,,33.3,66.7,0.0,100.0,
2022-05-09,2022,Helsingborg,Norrkoping,0,1,A,U,3.78,3.61,1.93,4,,,,,,,,,,,,,,,,,,,,33.3,33.3,33.3,66.7,
2022-05-09,2022,Elfsborg,Djurgarden,0,0,D,U,2.03,3.64,3.42,4,,,,,,,,,,,,,,,,,,,,66.7,33.3,0.0,66.7,
2022-05-08,2022,Varberg,Sirius,0,2,A,U,2.01,3.21,4.0,4,,,,,,,,,,,,,,,,,,,,33.3,33.3,0.0,66.7,D
2022-05-08,2022,Kalmar,Hammarby,2,0,H,U,3.46,3.23,2.17,4,,,,,,,,,,,,,,,,,,,,33.3,66.7,100.0,0.0,H
2022-05-07,2022,Malmo FF,Mjallby,2,0,H,U,1.54,3.83,6.74,4,,,,,,,,,,,,,,,,,,,,66.7,0.0,33.3,33.3,H
2022-05-07,2022,AIK,Goteborg,1,0,H,U,1.68,3.61,5.32,4,,,,,,,,,,,,,,,,,,,,100.0,0.0,66.7,33.3,D
2022-05-05,2022,Djurgarden,Helsingborg,2,2,D,O,1.33,5.07,8.95,4,,,,,,,,,,,,,,,,,,,,100.0,0.0,0.0,100.0,
2022-05-02,2022,Norrkoping,Varnamo,2,0,H,U,1.66,3.82,5.11,3,,,,,,,,,,,,,,,,,,,,0.0,50.0,0.0,100.0,
2022-05-02,2022,Hammarby,Malmo FF,0,0,D,U,2.23,3.39,3.15,3,,,,,,,,,,,,,,,,,,,,100.0,0.0,50.0,0.0,
2022-05-02,2022,Goteborg,Kalmar,1,2,A,O,2.26,3.18,3.28,3,,,,,,,,,,,,,,,,,,,,50.0,0.0,50.0,50.0,
2022-05-01,2022,Sundsvall,AIK,0,2,A,U,5.54,4.04,1.59,3,,,,,,,,,,,,,,,,,,,,50.0,50.0,0.0,100.0,D
2022-05-01,2022,Mjallby,Helsingborg,2,1,H,O,2.18,3.05,3.65,3,,,,,,,,,,,,,,,,,,,,100.0,0.0,0.0,100.0,D
2022-05-01,2022,Hacken,Varberg,3,1,H,O,1.52,4.11,6.33,3,,,,,,,,,,,,,,,,,,,,50.0,50.0,50.0,50.0,H
2022-05-01,2022,Degerfors,Elfsborg,0,6,A,O,4.49,4.19,1.67,3,,,,,,,,,,,,,,,,,,,,0.0,100.0,0.0,50.0,A
2022-04-30,2022,Djurgarden,Sirius,4,0,H,O,1.45,4.48,6.68,3,,,,,,,,,,,,,,,,,,,,100.0,0.0,0.0,50.0,H
2022-04-26,2022,Kalmar,Norrkoping,1,2,A,O,2.43,3.15,3.0,3,,,,,,,,,,,,,,,,,,,,50.0,50.0,0.0,100.0,
2022-04-25,2022,Varnamo,Degerfors,2,0,H,U,2.08,3.36,3.55,3,,,,,,,,,,,,,,,,,,,,0.0,0.0,0.0,100.0,
2022-04-25,2022,Sirius,Hammarby,0,3,A,O,4.89,4.09,1.64,3,,,,,,,,,,,,,,,,,,,,100.0,0.0,100.0,0.0,
2022-04-25,2022,Malmo FF,Goteborg,1,0,H,U,1.58,3.83,6.15,3,,,,,,,,,,,,,,,,,,,,50.0,0.0,100.0,0.0,
2022-04-25,2022,Elfsborg,Sundsvall,3,1,H,O,1.34,5.28,8.04,3,,,,,,,,,,,,,,,,,,,,50.0,50.0,0.0,100.0,
2022-04-24,2022,Varberg,Mjallby,0,0,D,U,2.49,2.86,3.24,3,,,,,,,,,,,,,,,,,,,,50.0,50.0,50.0,50.0,D
2022-04-24,2022,Helsingborg,Hacken,1,1,D,U,3.95,3.51,1.92,3,,,,,,,,,,,,,,,,,,,,50.0,50.0,50.0,0.0,D
2022-04-24,2022,AIK,Djurgarden,1,0,H,U,2.05,3.16,3.94,3,,,,,,,,,,,,,,,,,,,,100.0,0.0,0.0,50.0,H
2022-04-21,2022,Varnamo,Malmo FF,0,0,D,U,5.53,3.91,1.61,2,,,,,,,,,,,,,,,,,,,,0.0,0.0,100.0,0.0,
2022-04-21,2022,Helsingborg,Elfsborg,1,0,H,U,4.8,3.84,1.7,2,,,,,,,,,,,,,,,,,,,,0.0,100.0,0.0,0.0,
2022-04-21,2022,Degerfors,Hammarby,0,1,A,U,4.85,4.21,1.63,2,,,,,,,,,,,,,,,,,,,,0.0,100.0,100.0,0.0,
2022-04-20,2022,Sundsvall,Kalmar,1,0,H,U,3.43,3.34,2.13,2,,,,,,,,,,,,,,,,,,,,0.0,100.0,100.0,0.0,
2022-04-20,2022,Norrkoping,Hacken,1,1,D,U,2.03,3.64,3.4,2,,,,,,,,,,,,,,,,,,,,0.0,100.0,100.0,0.0,
2022-04-20,2022,Mjallby,Sirius,3,0,H,O,1.76,3.51,4.84,2,,,,,,,,,,,,,,,,,,,,100.0,0.0,0.0,0.0,
2022-04-20,2022,Goteborg,Djurgarden,1,1,D,U,2.88,3.08,2.56,2,,,,,,,,,,,,,,,,,,,,100.0,0.0,0.0,100.0,
2022-04-20,2022,AIK,Varberg,1,0,H,U,1.53,3.82,6.94,2,,,,,,,,,,,,,,,,,,,,100.0,0.0,100.0,0.0,
2022-04-17,2022,Sirius,Helsingborg,1,0,H,U,2.24,3.42,3.13,2,,,,,,,,,,,,,,,,,,,,100.0,0.0,0.0,100.0,H
2022-04-17,2022,Malmo FF,AIK,3,0,H,O,1.72,3.5,5.24,2,,,,,,,,,,,,,,,,,,,,0.0,0.0,0.0,100.0,H
2022-04-17,2022,Kalmar,Degerfors,2,0,H,U,1.79,3.7,4.39,2,,,,,,,,,,,,,,,,,,,,0.0,100.0,0.0,100.0,H
2022-04-17,2022,Hacken,Goteborg,0,2,A,U,1.96,3.52,3.77,2,,,,,,,,,,,,,,,,,,,,100.0,0.0,100.0,0.0,A
2022-04-17,2022,Elfsborg,Varnamo,4,1,H,O,1.54,4.23,5.75,2,,,,,,,,,,,,,,,,,,,,0.0,100.0,0.0,100.0,H
2022-04-16,2022,Varberg,Sundsvall,2,0,H,U,1.91,3.42,4.13,2,,,,,,,,,,,,,,,,,,,,0.0,100.0,0.0,100.0,H
2022-04-16,2022,Djurgarden,Norrkoping,2,1,H,O,2.04,3.53,3.52,2,,,,,,,,,,,,,,,,,,,,100.0,0.0,0.0,100.0,A
2022-04-15,2022,Hammarby,Mjallby,2,0,H,U,1.57,4.07,5.63,2,,,,,,,,,,,,,,,,,,,,100.0,0.0,100.0,0.0,D
2022-04-11,2022,Varnamo,Sirius,0,0,D,U,2.22,3.38,3.18,1,,,,,,,,,,,,,,,,,,,,,,,,
2022-04-11,2022,Malmo FF,Elfsborg,1,1,D,U,1.57,4.12,5.52,1,,,,,,,,,,,,,,,,,,,,,,,,
2022-04-10,2022,Varberg,Kalmar,0,3,A,O,2.76,2.92,2.8,1,,,,,,,,,,,,,,,,,,,,,,,,A
2022-04-10,2022,Mjallby,Djurgarden,1,0,H,U,3.33,3.15,2.25,1,,,,,,,,,,,,,,,,,,,,,,,,D
2022-04-10,2022,Helsingborg,Goteborg,0,1,A,U,2.97,3.14,2.45,1,,,,,,,,,,,,,,,,,,,,,,,,A
2022-04-10,2022,AIK,Norrkoping,1,0,H,U,1.97,3.34,3.94,1,,,,,,,,,,,,,,,,,,,,,,,,H
2022-04-09,2022,Sundsvall,Hammarby,1,5,A,O,5.03,4.1,1.62,1,,,,,,,,,,,,,,,,,,,,,,,,A
2022-04-09,2022,Degerfors,Hacken,1,2,A,O,2.71,3.47,2.49,1,,,,,,,,,,,,,,,,,,,,,,,,A
2022-04-04,2022,Elfsborg,Mjallby,0,2,A,U,1.58,4.09,5.47,1,,,,,,,,,,,,,,,,,,,,,,,,
2022-04-04,2022,Djurgarden,Degerfors,3,1,H,O,1.38,4.96,7.46,1,,,,,,,,,,,,,,,,,,,,,,,,
2022-04-03,2022,Sirius,Sundsvall,2,1,H,O,1.69,3.91,4.78,1,,,,,,,,,,,,,,,,,,,,,,,,A
2022-04-03,2022,Norrkoping,Varberg,0,1,A,U,1.84,3.48,4.39,1,,,,,,,,,,,,,,,,,,,,,,,,D
2022-04-03,2022,Kalmar,Malmo FF,0,1,A,U,4.28,3.47,1.86,1,,,,,,,,,,,,,,,,,,,,,,,,D
2022-04-03,2022,Goteborg,Varnamo,2,1,H,O,1.76,3.51,4.89,1,,,,,,,,,,,,,,,,,,,,,,,,H
2022-04-02,2022,Hammarby,Helsingborg,2,1,H,O,1.4,4.89,7.17,1,,,,,,,,,,,,,,,,,,,,,,,,H
2022-04-02,2022,Hacken,AIK,4,2,H,O,2.5,3.13,2.94,1,,,,,,,,,,,,,,,,,,,,,,,,H
2021-12-14,2021,Halmstad,Helsingborg,1,3,A,O,1.71,3.59,5.08,16,1.0,,1.0,,2.0,,,2.0,,,0.0,,,0.0,,,0.0,,,20.0,13.3,,,
2021-12-11,2021,Helsingborg,Halmstad,0,1,A,U,3.67,3.18,2.08,1,,1.0,,2.0,,4.0,,,5.0,,,-1.0,,,0.0,,,0.0,,,,20.0,53.3,
2021-12-04,2021,Varberg,Mjallby,0,3,A,O,3.67,3.32,2.06,15,1.0,2.0,1.0,0.0,4.0,5.0,-1.0,2.0,2.0,0.0,2.0,3.0,-1.0,1.0,1.0,0.0,0.0,0.0,0.0,35.7,28.6,21.4,35.7,A
2021-12-04,2021,Ostersunds,Degerfors,0,1,A,U,7.75,5.29,1.35,15,0.0,1.0,3.0,2.0,1.0,4.0,-3.0,9.0,6.0,3.0,-8.0,-2.0,-6.0,0.0,0.0,0.0,3.0,1.0,2.0,21.4,64.3,14.3,64.3,D
2021-12-04,2021,Orebro,Elfsborg,2,3,A,O,5.63,4.71,1.5,15,0.0,3.0,4.0,1.0,3.0,8.0,-5.0,7.0,4.0,3.0,-4.0,4.0,-8.0,0.0,1.0,-1.0,0.0,0.0,0.0,14.3,57.1,57.1,35.7,H
2021-12-04,2021,Norrkoping,Goteborg,1,2,A,O,1.91,3.82,3.69,15,2.0,2.0,0.0,1.0,9.0,7.0,2.0,6.0,5.0,1.0,3.0,2.0,1.0,1.0,1.0,0.0,0.0,0.0,0.0,57.1,14.3,28.6,35.7,D
2021-12-04,2021,Malmo FF,Halmstad,0,0,D,U,1.49,4.34,6.38,15,2.0,1.0,1.0,2.0,8.0,4.0,4.0,4.0,5.0,-1.0,4.0,-1.0,5.0,1.0,0.0,1.0,0.0,0.0,0.0,57.1,14.3,21.4,57.1,D
2021-12-04,2021,Hammarby,Kalmar,5,3,H,O,1.64,4.38,4.64,15,4.0,2.0,0.0,2.0,11.0,8.0,3.0,5.0,9.0,-4.0,6.0,-1.0,7.0,1.0,1.0,0.0,0.0,1.0,-1.0,71.4,7.1,50.0,28.6,H
2021-12-04,2021,Hacken,Djurgarden,0,1,A,U,3.59,3.87,1.92,15,2.0,1.0,2.0,2.0,10.0,2.0,8.0,7.0,5.0,2.0,3.0,-3.0,6.0,2.0,0.0,2.0,1.0,1.0,0.0,42.9,35.7,42.9,28.6,A
2021-12-04,2021,AIK,Sirius,4,2,H,O,1.31,5.36,9.61,15,4.0,1.0,0.0,2.0,8.0,5.0,3.0,1.0,9.0,-8.0,7.0,-4.0,11.0,2.0,0.0,2.0,0.0,2.0,-2.0,85.7,0.0,21.4,42.9,D
2021-11-29,2021,Sirius,Hacken,3,0,H,O,2.49,3.47,2.7,15,1.0,1.0,2.0,0.0,7.0,6.0,1.0,8.0,5.0,3.0,-1.0,1.0,-2.0,0.0,0.0,0.0,0.0,0.0,0.0,42.9,42.9,21.4,35.7,
2021-11-29,2021,Mjallby,Orebro,0,0,D,U,1.52,4.24,6.12,15,2.0,0.0,2.0,3.0,9.0,4.0,5.0,6.0,11.0,-5.0,3.0,-7.0,10.0,2.0,0.0,2.0,1.0,2.0,-1.0,35.7,35.7,14.3,78.6,
2021-11-29,2021,Elfsborg,AIK,2,4,A,O,2.39,3.25,2.99,15,2.0,1.0,1.0,3.0,4.0,1.0,3.0,1.0,3.0,-2.0,3.0,-2.0,5.0,1.0,0.0,1.0,0.0,0.0,0.0,57.1,21.4,28.6,50.0,
2021-11-28,2021,Kalmar,Malmo FF,0,1,A,U,5.02,3.85,1.66,15,2.0,3.0,0.0,0.0,7.0,9.0,-2.0,4.0,3.0,1.0,3.0,6.0,-3.0,1.0,2.0,-1.0,0.0,0.0,0.0,42.9,21.4,57.1,21.4,
2021-11-28,2021,Halmstad,Hammarby,0,0,D,U,2.55,3.46,2.63,15,1.0,2.0,1.0,2.0,3.0,6.0,-3.0,3.0,6.0,-3.0,0.0,0.0,0.0,0.0,1.0,-1.0,0.0,2.0,-2.0,21.4,14.3,28.6,42.9,
2021-11-28,2021,Goteborg,Ostersunds,4,0,H,O,1.21,6.36,13.43,15,2.0,0.0,2.0,3.0,5.0,4.0,1.0,4.0,11.0,-7.0,1.0,-7.0,8.0,2.0,0.0,2.0,2.0,2.0,0.0,35.7,42.9,0.0,78.6,H
2021-11-28,2021,Djurgarden,Varberg,2,3,A,O,1.38,4.84,8.01,15,3.0,0.0,1.0,2.0,7.0,4.0,3.0,7.0,6.0,1.0,0.0,-2.0,2.0,0.0,0.0,0.0,1.0,0.0,1.0,71.4,14.3,21.4,42.9,A
2021-11-28,2021,Degerfors,Norrkoping,4,1,H,O,2.26,3.73,2.86,15,1.0,1.0,3.0,3.0,4.0,4.0,0.0,8.0,9.0,-1.0,-4.0,-5.0,1.0,0.0,1.0,-1.0,1.0,1.0,0.0,42.9,50.0,35.7,57.1,H
2021-11-22,2021,Ostersunds,Mjallby,0,2,A,U,7.05,4.67,1.42,14,1.0,2.0,2.0,0.0,4.0,5.0,-1.0,8.0,2.0,6.0,-4.0,3.0,-7.0,1.0,1.0,0.0,2.0,0.0,2.0,23.1,61.5,15.4,38.5,
2021-11-22,2021,Orebro,Kalmar,1,2,A,O,4.56,4.07,1.68,14,1.0,2.0,3.0,2.0,4.0,8.0,-4.0,5.0,8.0,-3.0,-1.0,0.0,-1.0,1.0,2.0,-1.0,0.0,1.0,-1.0,15.4,53.8,46.2,30.8,
2021-11-22,2021,Norrkoping,Djurgarden,1,1,D,U,2.75,3.6,2.39,14,3.0,2.0,0.0,2.0,10.0,4.0,6.0,6.0,4.0,2.0,4.0,0.0,4.0,1.0,1.0,0.0,0.0,1.0,-1.0,61.5,15.4,46.2,30.8,
2021-11-21,2021,Varberg,AIK,0,1,A,U,3.67,2.98,2.22,14,1.0,0.0,0.0,4.0,5.0,1.0,4.0,2.0,5.0,-3.0,3.0,-4.0,7.0,1.0,0.0,1.0,0.0,0.0,0.0,38.5,23.1,23.1,53.8,
2021-11-21,2021,Sirius,Goteborg,3,3,D,O,2.65,3.2,2.7,14,1.0,2.0,3.0,2.0,6.0,4.0,2.0,9.0,5.0,4.0,-3.0,-1.0,-2.0,0.0,1.0,-1.0,1.0,1.0,0.0,46.2,46.2,30.8,38.5,
2021-11-21,2021,Halmstad,Elfsborg,0,1,A,U,2.55,3.21,2.79,14,1.0,2.0,0.0,2.0,4.0,7.0,-3.0,3.0,8.0,-5.0,1.0,-1.0,2.0,0.0,1.0,-1.0,0.0,1.0,-1.0,23.1,7.7,53.8,38.5,D
2021-11-21,2021,Degerfors,Hammarby,1,4,A,O,3.2,3.85,2.05,14,2.0,1.0,2.0,2.0,5.0,3.0,2.0,5.0,6.0,-1.0,0.0,-3.0,3.0,0.0,0.0,0.0,0.0,2.0,-2.0,46.2,46.2,23.1,46.2,A
2021-11-20,2021,Malmo FF,Hacken,2,2,D,O,1.39,4.84,7.54,14,2.0,1.0,1.0,1.0,7.0,6.0,1.0,3.0,7.0,-4.0,4.0,-1.0,5.0,1.0,0.0,1.0,0.0,1.0,-1.0,61.5,15.4,23.1,38.5,H
2021-11-07,2021,Kalmar,Norrkoping,1,0,H,U,2.31,3.5,2.94,14,2.0,1.0,0.0,2.0,10.0,5.0,5.0,5.0,9.0,-4.0,5.0,-4.0,9.0,2.0,1.0,1.0,0.0,1.0,-1.0,38.5,23.1,38.5,53.8,
2021-11-07,2021,Hammarby,Orebro,3,2,H,O,1.25,6.4,9.93,14,4.0,0.0,0.0,3.0,9.0,2.0,7.0,3.0,11.0,-8.0,6.0,-9.0,15.0,1.0,0.0,1.0,0.0,3.0,-3.0,69.2,7.7,15.4,76.9,A
2021-11-07,2021,Hacken,Degerfors,2,0,H,U,1.65,4.14,4.71,14,1.0,1.0,2.0,2.0,9.0,5.0,4.0,8.0,8.0,0.0,1.0,-3.0,4.0,1.0,0.0,1.0,1.0,1.0,0.0,38.5,38.5,15.4,61.5,D
2021-11-07,2021,Goteborg,Malmo FF,0,2,A,U,3.97,3.52,1.91,14,3.0,3.0,1.0,0.0,7.0,8.0,-1.0,2.0,3.0,-1.0,5.0,5.0,0.0,3.0,1.0,2.0,1.0,0.0,1.0,38.5,38.5,53.8,23.1,
2021-11-07,2021,AIK,Ostersunds,3,0,H,O,1.15,7.47,18.49,14,4.0,0.0,0.0,3.0,7.0,4.0,3.0,1.0,10.0,-9.0,6.0,-6.0,12.0,2.0,0.0,2.0,0.0,2.0,-2.0,84.6,0.0,0.0,76.9,H
2021-11-06,2021,Mjallby,Sirius,2,3,A,O,1.59,4.02,5.46,14,3.0,1.0,1.0,2.0,11.0,4.0,7.0,3.0,8.0,-5.0,8.0,-4.0,12.0,3.0,0.0,3.0,1.0,2.0,-1.0,38.5,30.8,15.4,46.2,
2021-11-06,2021,Elfsborg,Varberg,0,0,D,U,1.85,3.64,4.08,14,3.0,0.0,1.0,3.0,8.0,4.0,4.0,3.0,7.0,-4.0,5.0,-3.0,8.0,2.0,0.0,2.0,0.0,0.0,0.0,61.5,23.1,23.1,46.2,D
2021-11-06,2021,Djurgarden,Halmstad,1,0,H,U,1.7,3.74,4.9,14,3.0,1.0,1.0,2.0,10.0,4.0,6.0,8.0,6.0,2.0,2.0,-2.0,4.0,1.0,0.0,1.0,1.0,1.0,0.0,69.2,15.4,23.1,53.8,
2021-11-01,2021,Mjallby,Hammarby,2,0,H,U,2.73,3.38,2.51,13,2.0,1.0,1.0,2.0,9.0,4.0,5.0,3.0,8.0,-5.0,6.0,-4.0,10.0,2.0,0.0,2.0,1.0,2.0,-1.0,33.3,33.3,25.0,41.7,
2021-11-01,2021,Halmstad,AIK,1,0,H,U,3.12,3.03,2.44,13,0.0,0.0,1.0,3.0,3.0,2.0,1.0,4.0,5.0,-1.0,-1.0,-3.0,2.0,0.0,0.0,0.0,0.0,0.0,0.0,16.7,8.3,25.0,50.0,
2021-11-01,2021,Degerfors,Goteborg,0,1,A,U,2.52,3.42,2.68,13,2.0,1.0,2.0,3.0,6.0,4.0,2.0,6.0,8.0,-2.0,0.0,-4.0,4.0,0.0,1.0,-1.0,0.0,2.0,-2.0,50.0,41.7,25.0,41.7,
2021-10-31,2021,Orebro,Djurgarden,0,1,A,U,6.23,4.51,1.48,13,1.0,1.0,3.0,2.0,4.0,4.0,0.0,7.0,5.0,2.0,-3.0,-1.0,-2.0,1.0,1.0,0.0,1.0,1.0,0.0,16.7,50.0,41.7,33.3,
2021-10-31,2021,Norrkoping,Elfsborg,3,2,H,O,2.53,3.62,2.56,13,3.0,2.0,0.0,2.0,10.0,6.0,4.0,4.0,8.0,-4.0,6.0,-2.0,8.0,2.0,1.0,1.0,0.0,2.0,-2.0,58.3,16.7,58.3,33.3,A
2021-10-30,2021,Varberg,Ostersunds,3,0,H,O,1.35,4.87,8.71,13,1.0,0.0,0.0,3.0,3.0,4.0,-1.0,2.0,8.0,-6.0,1.0,-4.0,5.0,0.0,0.0,0.0,0.0,1.0,-1.0,33.3,25.0,0.0,75.0,H
2021-10-30,2021,Sirius,Malmo FF,2,3,A,O,6.06,4.45,1.49,13,2.0,2.0,2.0,1.0,5.0,6.0,-1.0,6.0,3.0,3.0,-1.0,3.0,-4.0,0.0,1.0,-1.0,1.0,0.0,1.0,50.0,41.7,50.0,25.0,D
2021-10-30,2021,Hacken,Kalmar,1,4,A,O,2.11,3.46,3.35,13,1.0,2.0,1.0,2.0,8.0,5.0,3.0,4.0,7.0,-3.0,4.0,-2.0,6.0,1.0,1.0,0.0,0.0,1.0,-1.0,41.7,33.3,41.7,33.3,A
2021-10-28,2021,Norrkoping,Mjallby,2,2,D,O,1.87,3.58,4.01,12,4.0,2.0,0.0,0.0,11.0,3.0,8.0,2.0,0.0,2.0,9.0,3.0,6.0,3.0,1.0,2.0,0.0,0.0,0.0,63.6,18.2,16.7,41.7,
2021-10-28,2021,Halmstad,Orebro,1,1,D,U,1.38,4.9,7.47,12,1.0,0.0,1.0,4.0,4.0,1.0,3.0,4.0,12.0,-8.0,0.0,-11.0,11.0,0.0,0.0,0.0,0.0,4.0,-4.0,18.2,9.1,16.7,83.3,
2021-10-28,2021,Goteborg,Djurgarden,3,0,H,O,2.88,3.26,2.45,13,2.0,1.0,2.0,2.0,5.0,4.0,1.0,4.0,3.0,1.0,1.0,1.0,0.0,2.0,1.0,1.0,1.0,0.0,1.0,33.3,41.7,45.5,27.3,
2021-10-28,2021,Degerfors,Elfsborg,1,2,A,O,4.17,4.14,1.73,12,2.0,2.0,2.0,2.0,5.0,7.0,-2.0,6.0,7.0,-1.0,-1.0,0.0,-1.0,0.0,2.0,-2.0,1.0,2.0,-1.0,54.5,36.4,54.5,36.4,
2021-10-27,2021,Sirius,Hammarby,0,1,A,U,4.22,4.11,1.71,12,3.0,0.0,1.0,2.0,6.0,5.0,1.0,5.0,10.0,-5.0,1.0,-5.0,6.0,0.0,0.0,0.0,1.0,2.0,-1.0,54.5,36.4,18.2,45.5,
2021-10-27,2021,Ostersunds,Hacken,1,1,D,U,5.62,4.41,1.52,13,1.0,1.0,3.0,2.0,3.0,6.0,-3.0,8.0,8.0,0.0,-5.0,-2.0,-3.0,1.0,0.0,1.0,2.0,1.0,1.0,25.0,66.7,25.0,41.7,
2021-10-27,2021,Malmo FF,AIK,1,0,H,U,1.62,3.82,5.57,13,1.0,0.0,1.0,2.0,7.0,2.0,5.0,4.0,4.0,0.0,3.0,-2.0,5.0,1.0,0.0,1.0,0.0,0.0,0.0,58.3,16.7,27.3,45.5,
2021-10-27,2021,Kalmar,Varberg,2,2,D,O,1.99,3.21,4.03,13,2.0,1.0,1.0,3.0,8.0,5.0,3.0,6.0,5.0,1.0,2.0,0.0,2.0,2.0,1.0,1.0,1.0,0.0,1.0,41.7,25.0,25.0,50.0,
2021-10-25,2021,Orebro,Degerfors,1,2,A,O,2.95,3.66,2.22,12,1.0,0.0,2.0,3.0,4.0,3.0,1.0,6.0,10.0,-4.0,-2.0,-7.0,5.0,1.0,0.0,1.0,1.0,2.0,-1.0,18.2,45.5,8.3,66.7,
2021-10-24,2021,Varberg,Malmo FF,1,1,D,U,6.01,3.91,1.56,12,2.0,2.0,0.0,1.0,3.0,5.0,-2.0,1.0,2.0,-1.0,2.0,3.0,-1.0,0.0,1.0,-1.0,0.0,0.0,0.0,36.4,27.3,54.5,27.3,D
2021-10-24,2021,Mjallby,Goteborg,1,3,A,O,2.14,3.09,3.71,12,2.0,0.0,0.0,4.0,8.0,3.0,5.0,0.0,10.0,-10.0,8.0,-7.0,15.0,2.0,0.0,2.0,0.0,2.0,-2.0,36.4,27.3,18.2,45.5,A
2021-10-24,2021,Hammarby,Ostersunds,4,3,H,O,1.15,7.75,15.45,13,4.0,0.0,0.0,3.0,7.0,1.0,6.0,1.0,7.0,-6.0,6.0,-6.0,12.0,1.0,0.0,1.0,0.0,2.0,-2.0,66.7,8.3,0.0,72.7,A
2021-10-24,2021,Elfsborg,Sirius,3,0,H,O,1.38,5.01,7.37,13,2.0,1.0,1.0,1.0,7.0,5.0,2.0,5.0,6.0,-1.0,2.0,-1.0,3.0,1.0,0.0,1.0,0.0,1.0,-1.0,58.3,25.0,16.7,41.7,H
2021-10-24,2021,AIK,Norrkoping,1,0,H,U,1.81,3.64,4.29,13,4.0,1.0,0.0,2.0,8.0,6.0,2.0,2.0,10.0,-8.0,6.0,-4.0,10.0,2.0,1.0,1.0,0.0,1.0,-1.0,83.3,0.0,41.7,50.0,H
2021-10-23,2021,Hacken,Halmstad,2,3,A,O,2.08,3.35,3.55,12,2.0,0.0,0.0,3.0,9.0,1.0,8.0,3.0,5.0,-2.0,6.0,-4.0,10.0,1.0,0.0,1.0,0.0,1.0,-1.0,45.5,27.3,16.7,58.3,H
2021-10-23,2021,Djurgarden,Kalmar,3,2,H,O,1.69,3.8,4.81,13,2.0,3.0,1.0,1.0,7.0,4.0,3.0,6.0,4.0,2.0,1.0,0.0,1.0,1.0,1.0,0.0,1.0,1.0,0.0,66.7,16.7,45.5,27.3,H
2021-10-18,2021,Hacken,Norrkoping,5,0,H,O,2.34,3.44,2.89,11,2.0,2.0,0.0,1.0,9.0,8.0,1.0,3.0,6.0,-3.0,6.0,2.0,4.0,1.0,1.0,0.0,0.0,0.0,0.0,40.0,30.0,45.5,45.5,
2021-10-18,2021,Djurgarden,Elfsborg,0,3,A,O,1.99,3.67,3.48,12,2.0,2.0,1.0,2.0,8.0,6.0,2.0,7.0,7.0,0.0,1.0,-1.0,2.0,1.0,2.0,-1.0,1.0,2.0,-1.0,72.7,9.1,50.0,40.0,
2021-10-17,2021,Mjallby,Kalmar,4,0,H,O,2.32,3.11,3.23,11,1.0,4.0,1.0,0.0,4.0,6.0,-2.0,1.0,1.0,0.0,3.0,5.0,-2.0,1.0,1.0,0.0,0.0,0.0,0.0,30.0,30.0,50.0,20.0,H
2021-10-17,2021,Hammarby,AIK,1,0,H,U,2.59,3.28,2.69,12,3.0,1.0,1.0,1.0,6.0,3.0,3.0,3.0,3.0,0.0,3.0,0.0,3.0,1.0,0.0,1.0,1.0,0.0,1.0,63.6,9.1,30.0,40.0,D
2021-10-17,2021,Goteborg,Orebro,2,0,H,U,1.69,3.7,5.03,12,1.0,0.0,2.0,4.0,3.0,1.0,2.0,4.0,11.0,-7.0,-1.0,-10.0,9.0,1.0,0.0,1.0,1.0,3.0,-2.0,27.3,45.5,18.2,81.8,H
2021-10-16,2021,Sirius,Varberg,2,1,H,O,2.71,3.07,2.73,11,2.0,2.0,2.0,2.0,4.0,6.0,-2.0,5.0,4.0,1.0,-1.0,2.0,-3.0,0.0,1.0,-1.0,1.0,0.0,1.0,50.0,40.0,27.3,45.5,H
2021-10-16,2021,Ostersunds,Malmo FF,0,3,A,O,9.24,5.54,1.3,12,1.0,2.0,3.0,1.0,4.0,4.0,0.0,7.0,2.0,5.0,-3.0,2.0,-5.0,1.0,1.0,0.0,1.0,0.0,1.0,27.3,63.6,50.0,30.0,A
2021-10-16,2021,Degerfors,Halmstad,2,1,H,O,2.96,3.29,2.38,11,2.0,0.0,2.0,2.0,6.0,1.0,5.0,5.0,4.0,1.0,1.0,-3.0,4.0,1.0,0.0,1.0,1.0,1.0,0.0,50.0,40.0,18.2,54.5,H
2021-10-03,2021,Orebro,Hacken,1,2,A,O,3.72,3.66,1.93,11,1.0,0.0,1.0,3.0,5.0,4.0,1.0,6.0,10.0,-4.0,-1.0,-6.0,5.0,1.0,0.0,1.0,1.0,2.0,-1.0,20.0,40.0,18.2,45.5,A
2021-10-03,2021,Norrkoping,Hammarby,3,1,H,O,2.56,3.55,2.58,11,3.0,0.0,1.0,1.0,9.0,4.0,5.0,3.0,7.0,-4.0,6.0,-3.0,9.0,2.0,0.0,2.0,0.0,1.0,-1.0,60.0,20.0,20.0,40.0,H
2021-10-03,2021,Malmo FF,Mjallby,0,1,A,U,1.37,4.68,8.51,12,2.0,1.0,0.0,0.0,10.0,4.0,6.0,3.0,2.0,1.0,7.0,2.0,5.0,2.0,1.0,1.0,0.0,0.0,0.0,63.6,9.1,9.1,45.5,A
2021-10-03,2021,Kalmar,Sirius,3,1,H,O,1.67,3.82,5.07,12,1.0,1.0,1.0,0.0,6.0,4.0,2.0,6.0,3.0,3.0,0.0,1.0,-1.0,1.0,0.0,1.0,1.0,0.0,1.0,36.4,27.3,18.2,36.4,A
2021-10-03,2021,AIK,Djurgarden,1,0,H,U,2.45,3.13,3.01,12,4.0,2.0,0.0,1.0,8.0,5.0,3.0,2.0,2.0,0.0,6.0,3.0,3.0,2.0,1.0,1.0,0.0,0.0,0.0,81.8,0.0,50.0,20.0,H
2021-10-02,2021,Varberg,Degerfors,0,0,D,U,1.99,3.51,3.67,11,2.0,0.0,0.0,4.0,3.0,3.0,0.0,1.0,13.0,-12.0,2.0,-10.0,12.0,0.0,0.0,0.0,0.0,3.0,-3.0,40.0,30.0,9.1,72.7,D
2021-10-02,2021,Halmstad,Ostersunds,1,1,D,U,1.54,3.9,6.57,11,1.0,0.0,1.0,4.0,3.0,0.0,3.0,3.0,11.0,-8.0,0.0,-11.0,11.0,0.0,0.0,0.0,0.0,3.0,-3.0,20.0,10.0,0.0,80.0,D
2021-10-01,2021,Elfsborg,Goteborg,1,0,H,U,1.57,4.11,5.54,12,2.0,1.0,1.0,3.0,9.0,6.0,3.0,5.0,11.0,-6.0,4.0,-5.0,9.0,2.0,0.0,2.0,0.0,2.0,-2.0,54.5,27.3,20.0,40.0,
2021-09-27,2021,Halmstad,Sirius,1,1,D,U,1.86,3.51,4.19,10,1.0,1.0,1.0,1.0,3.0,4.0,-1.0,3.0,7.0,-4.0,0.0,-3.0,3.0,0.0,0.0,0.0,0.0,1.0,-1.0,22.2,11.1,20.0,40.0,
2021-09-27,2021,Goteborg,Kalmar,0,2,A,U,2.84,3.15,2.56,11,1.0,3.0,2.0,1.0,4.0,4.0,0.0,4.0,3.0,1.0,0.0,1.0,-1.0,1.0,0.0,1.0,0.0,1.0,-1.0,30.0,40.0,44.4,22.2,
2021-09-27,2021,Degerfors,AIK,2,1,H,O,3.55,3.42,2.06,10,1.0,2.0,2.0,0.0,5.0,6.0,-1.0,5.0,2.0,3.0,0.0,4.0,-4.0,1.0,1.0,0.0,1.0,0.0,1.0,44.4,44.4,33.3,33.3,
2021-09-26,2021,Ostersunds,Djurgarden,0,3,A,O,6.71,4.31,1.47,11,1.0,2.0,2.0,1.0,5.0,3.0,2.0,5.0,2.0,3.0,0.0,1.0,-1.0,1.0,0.0,1.0,0.0,0.0,0.0,30.0,60.0,44.4,22.2,A
2021-09-26,2021,Norrkoping,Varberg,2,1,H,O,1.4,4.71,7.7,10,2.0,2.0,2.0,1.0,7.0,6.0,1.0,3.0,3.0,0.0,4.0,3.0,1.0,2.0,1.0,1.0,0.0,0.0,0.0,55.6,22.2,30.0,40.0,D
2021-09-26,2021,Mjallby,Elfsborg,4,0,H,O,3.22,3.1,2.34,10,0.0,2.0,2.0,1.0,0.0,7.0,-7.0,3.0,4.0,-1.0,-3.0,3.0,-6.0,0.0,2.0,-2.0,1.0,1.0,0.0,22.2,33.3,55.6,33.3,H
2021-09-26,2021,Hacken,Hammarby,1,1,D,U,2.76,3.46,2.45,10,2.0,0.0,0.0,1.0,9.0,4.0,5.0,3.0,7.0,-4.0,6.0,-3.0,9.0,1.0,0.0,1.0,0.0,1.0,-1.0,44.4,33.3,22.2,44.4,D
2021-09-25,2021,Malmo FF,Orebro,5,1,H,O,1.17,7.63,14.24,11,1.0,1.0,1.0,3.0,7.0,2.0,5.0,5.0,7.0,-2.0,2.0,-5.0,7.0,1.0,0.0,1.0,0.0,2.0,-2.0,60.0,10.0,20.0,80.0,H
2021-09-23,2021,Varberg,Hacken,1,1,D,U,2.93,3.07,2.55,10,3.0,0.0,0.0,4.0,4.0,4.0,0.0,0.0,11.0,-11.0,4.0,-7.0,11.0,1.0,0.0,1.0,0.0,2.0,-2.0,44.4,33.3,20.0,50.0,
2021-09-23,2021,Mjallby,Halmstad,0,0,D,U,2.48,2.92,3.16,9,0.0,0.0,3.0,3.0,0.0,1.0,-1.0,4.0,5.0,-1.0,-4.0,-4.0,0.0,0.0,0.0,0.0,1.0,1.0,0.0,25.0,37.5,20.0,60.0,
2021-09-23,2021,Kalmar,AIK,1,1,D,U,3.17,3.13,2.35,11,2.0,2.0,1.0,0.0,6.0,6.0,0.0,5.0,2.0,3.0,1.0,4.0,-3.0,1.0,1.0,0.0,1.0,0.0,1.0,40.0,30.0,37.5,37.5,
2021-09-23,2021,Hammarby,Goteborg,3,0,H,O,1.65,4.22,4.64,11,3.0,1.0,1.0,3.0,5.0,6.0,-1.0,4.0,10.0,-6.0,1.0,-4.0,5.0,0.0,0.0,0.0,1.0,2.0,-1.0,60.0,10.0,22.2,33.3,
2021-09-22,2021,Sirius,Norrkoping,2,4,A,O,3.17,3.6,2.14,10,2.0,2.0,2.0,1.0,3.0,6.0,-3.0,3.0,5.0,-2.0,0.0,1.0,-1.0,0.0,0.0,0.0,0.0,0.0,0.0,55.6,33.3,40.0,50.0,
2021-09-22,2021,Orebro,Ostersunds,2,0,H,U,2.09,3.43,3.45,10,0.0,0.0,1.0,4.0,4.0,0.0,4.0,7.0,12.0,-5.0,-3.0,-12.0,9.0,0.0,0.0,0.0,1.0,3.0,-2.0,11.1,44.4,0.0,77.8,
2021-09-22,2021,Elfsborg,Malmo FF,0,1,A,U,3.0,3.47,2.28,11,3.0,2.0,0.0,1.0,12.0,8.0,4.0,4.0,2.0,2.0,8.0,6.0,2.0,3.0,2.0,1.0,0.0,0.0,0.0,60.0,20.0,44.4,33.3,
2021-09-22,2021,Djurgarden,Degerfors,3,2,H,O,1.37,5.04,7.7,11,2.0,0.0,1.0,4.0,7.0,1.0,6.0,6.0,12.0,-6.0,1.0,-11.0,12.0,1.0,0.0,1.0,1.0,4.0,-3.0,70.0,10.0,10.0,70.0,
2021-09-20,2021,Hammarby,Varberg,1,0,H,U,1.61,4.24,4.98,10,3.0,2.0,1.0,0.0,9.0,7.0,2.0,5.0,3.0,2.0,4.0,4.0,0.0,1.0,1.0,0.0,1.0,0.0,1.0,55.6,11.1,33.3,33.3,
2021-09-20,2021,AIK,Goteborg,3,1,H,O,1.89,3.24,4.47,11,4.0,2.0,0.0,2.0,7.0,8.0,-1.0,1.0,9.0,-8.0,6.0,-1.0,7.0,2.0,0.0,2.0,0.0,1.0,-1.0,80.0,0.0,25.0,25.0,
2021-09-19,2021,Ostersunds,Elfsborg,3,1,H,O,5.22,4.04,1.61,10,0.0,3.0,3.0,0.0,2.0,7.0,-5.0,5.0,1.0,4.0,-3.0,6.0,-9.0,0.0,2.0,-2.0,0.0,0.0,0.0,22.2,66.7,62.5,25.0,H
2021-09-19,2021,Norrkoping,Orebro,3,0,H,O,1.39,4.89,7.24,9,2.0,1.0,2.0,3.0,7.0,3.0,4.0,5.0,6.0,-1.0,2.0,-3.0,5.0,1.0,0.0,1.0,0.0,1.0,-1.0,50.0,25.0,22.2,77.8,H
2021-09-19,2021,Halmstad,Kalmar,0,1,A,U,2.28,3.05,3.39,9,1.0,2.0,0.0,1.0,3.0,4.0,-1.0,2.0,4.0,-2.0,1.0,0.0,1.0,0.0,0.0,0.0,0.0,1.0,-1.0,25.0,0.0,37.5,25.0,A
2021-09-18,2021,Malmo FF,Djurgarden,1,1,D,U,1.71,3.87,4.6,10,2.0,2.0,1.0,1.0,10.0,2.0,8.0,4.0,1.0,3.0,6.0,1.0,5.0,2.0,0.0,2.0,0.0,0.0,0.0,66.7,11.1,50.0,25.0,H
2021-09-18,2021,Hacken,Mjallby,0,0,D,U,2.01,3.37,3.8,9,3.0,1.0,0.0,1.0,11.0,4.0,7.0,4.0,3.0,1.0,7.0,1.0,6.0,1.0,1.0,0.0,0.0,0.0,0.0,50.0,37.5,10.0,50.0,D
2021-09-18,2021,Degerfors,Sirius,1,2,A,O,2.29,3.62,2.89,9,1.0,0.0,2.0,2.0,4.0,2.0,2.0,8.0,10.0,-2.0,-4.0,-8.0,4.0,1.0,0.0,1.0,2.0,2.0,0.0,50.0,37.5,11.1,44.4,A
2021-09-13,2021,Orebro,Varberg,0,3,A,O,2.8,3.3,2.49,9,0.0,1.0,1.0,1.0,4.0,5.0,-1.0,6.0,5.0,1.0,-2.0,0.0,-2.0,0.0,0.0,0.0,1.0,0.0,1.0,12.5,37.5,25.0,37.5,
2021-09-13,2021,Mjallby,AIK,0,0,D,U,3.51,3.09,2.2,8,0.0,2.0,3.0,1.0,1.0,7.0,-6.0,5.0,4.0,1.0,-4.0,3.0,-7.0,0.0,1.0,-1.0,1.0,0.0,1.0,28.6,42.9,42.9,42.9,
2021-09-13,2021,Elfsborg,Hacken,4,2,H,O,1.88,3.7,3.89,10,3.0,1.0,0.0,3.0,10.0,3.0,7.0,3.0,7.0,-4.0,7.0,-4.0,11.0,2.0,0.0,2.0,0.0,1.0,-1.0,55.6,22.2,22.2,44.4,
2021-09-12,2021,Kalmar,Degerfors,4,1,H,O,1.73,3.82,4.54,10,1.0,0.0,2.0,4.0,2.0,1.0,1.0,5.0,13.0,-8.0,-3.0,-12.0,9.0,0.0,0.0,0.0,1.0,4.0,-3.0,33.3,33.3,11.1,66.7,H
2021-09-12,2021,Goteborg,Halmstad,2,0,H,U,2.29,3.03,3.4,10,1.0,1.0,2.0,2.0,5.0,2.0,3.0,6.0,3.0,3.0,-1.0,-1.0,0.0,0.0,0.0,0.0,0.0,0.0,0.0,22.2,44.4,22.2,55.6,H
2021-09-12,2021,Djurgarden,Hammarby,4,1,H,O,2.1,3.55,3.3,10,2.0,1.0,1.0,0.0,8.0,5.0,3.0,6.0,3.0,3.0,2.0,2.0,0.0,1.0,1.0,0.0,1.0,0.0,1.0,66.7,11.1,25.0,37.5,H
2021-09-11,2021,Sirius,Ostersunds,1,0,H,U,1.64,4.01,4.98,9,2.0,0.0,2.0,4.0,4.0,1.0,3.0,3.0,14.0,-11.0,1.0,-13.0,14.0,1.0,0.0,1.0,0.0,4.0,-4.0,50.0,37.5,0.0,75.0,H
2021-09-11,2021,Malmo FF,Norrkoping,1,1,D,U,1.57,4.21,5.37,9,3.0,2.0,1.0,2.0,11.0,6.0,5.0,4.0,6.0,-2.0,7.0,0.0,7.0,2.0,0.0,2.0,0.0,0.0,0.0,75.0,12.5,44.4,55.6,D
2021-08-29,2021,Sirius,Djurgarden,1,0,H,U,4.25,3.68,1.8,8,2.0,2.0,2.0,0.0,5.0,4.0,1.0,4.0,2.0,2.0,1.0,2.0,-1.0,1.0,0.0,1.0,0.0,0.0,0.0,42.9,42.9,57.1,14.3,D
2021-08-29,2021,Norrkoping,Ostersunds,3,0,H,O,1.26,6.03,9.9,8,1.0,0.0,2.0,4.0,5.0,1.0,4.0,6.0,13.0,-7.0,-1.0,-12.0,11.0,0.0,0.0,0.0,0.0,4.0,-4.0,42.9,28.6,0.0,71.4,H
2021-08-29,2021,Kalmar,Elfsborg,0,3,A,O,2.99,3.29,2.37,9,1.0,2.0,2.0,1.0,4.0,5.0,-1.0,5.0,3.0,2.0,-1.0,2.0,-3.0,0.0,1.0,-1.0,0.0,0.0,0.0,37.5,25.0,57.1,28.6,A
2021-08-29,2021,Hammarby,Malmo FF,2,1,H,O,3.49,3.87,1.94,9,2.0,2.0,1.0,1.0,8.0,9.0,-1.0,5.0,3.0,2.0,3.0,6.0,-3.0,1.0,2.0,-1.0,1.0,0.0,1.0,50.0,12.5,50.0,25.0,D
2021-08-29,2021,Hacken,Goteborg,3,2,H,O,2.04,3.44,3.58,8,3.0,2.0,0.0,1.0,11.0,6.0,5.0,3.0,6.0,-3.0,8.0,0.0,8.0,2.0,0.0,2.0,0.0,1.0,-1.0,42.9,42.9,28.6,14.3,H
2021-08-28,2021,Varberg,Halmstad,1,0,H,U,2.68,2.98,2.84,9,2.0,1.0,0.0,1.0,4.0,3.0,1.0,1.0,3.0,-2.0,3.0,0.0,3.0,1.0,0.0,1.0,0.0,0.0,0.0,37.5,37.5,25.0,50.0,D
2021-08-28,2021,Degerfors,Mjallby,0,2,A,U,2.19,3.57,3.09,8,2.0,0.0,1.0,2.0,7.0,4.0,3.0,7.0,6.0,1.0,0.0,-2.0,2.0,2.0,0.0,2.0,1.0,0.0,1.0,57.1,28.6,0.0,55.6,A
2021-08-28,2021,AIK,Orebro,2,0,H,U,1.36,4.88,8.34,10,4.0,1.0,0.0,3.0,7.0,3.0,4.0,2.0,7.0,-5.0,5.0,-4.0,9.0,1.0,0.0,1.0,0.0,1.0,-1.0,77.8,0.0,25.0,75.0,H
2021-08-23,2021,Ostersunds,Kalmar,0,1,A,U,3.42,3.29,2.16,9,0.0,1.0,3.0,2.0,4.0,4.0,0.0,7.0,7.0,0.0,-3.0,-3.0,0.0,0.0,0.0,0.0,0.0,2.0,-2.0,25.0,62.5,28.6,28.6,
2021-08-23,2021,Goteborg,Varberg,1,2,A,O,2.05,3.2,3.87,9,1.0,0.0,2.0,2.0,4.0,4.0,0.0,5.0,7.0,-2.0,-1.0,-3.0,2.0,0.0,0.0,0.0,0.0,1.0,-1.0,25.0,37.5,14.3,42.9,
2021-08-23,2021,Djurgarden,Mjallby,0,0,D,U,1.34,4.94,8.85,9,3.0,0.0,1.0,3.0,11.0,5.0,6.0,6.0,8.0,-2.0,5.0,-3.0,8.0,2.0,0.0,2.0,1.0,0.0,1.0,75.0,12.5,0.0,62.5,
2021-08-22,2021,Orebro,Sirius,1,1,D,U,2.54,3.44,2.67,8,0.0,0.0,2.0,3.0,4.0,1.0,3.0,7.0,12.0,-5.0,-3.0,-11.0,8.0,0.0,0.0,0.0,1.0,3.0,-2.0,14.3,42.9,12.5,50.0,H
2021-08-22,2021,Halmstad,Norrkoping,2,1,H,O,2.62,3.16,2.75,8,0.0,3.0,0.0,1.0,1.0,6.0,-5.0,1.0,4.0,-3.0,0.0,2.0,-2.0,0.0,0.0,0.0,0.0,0.0,0.0,14.3,0.0,50.0,50.0,H
2021-08-22,2021,Elfsborg,Hammarby,2,2,D,O,2.28,3.53,2.95,9,4.0,1.0,0.0,1.0,9.0,4.0,5.0,1.0,3.0,-2.0,8.0,1.0,7.0,2.0,1.0,1.0,0.0,0.0,0.0,62.5,25.0,28.6,42.9,H
2021-08-22,2021,AIK,Hacken,2,1,H,O,1.78,3.53,4.6,9,3.0,2.0,0.0,2.0,7.0,5.0,2.0,3.0,7.0,-4.0,4.0,-2.0,6.0,1.0,0.0,1.0,0.0,1.0,-1.0,75.0,0.0,25.0,37.5,H
2021-08-21,2021,Malmo FF,Degerfors,3,0,H,O,1.26,6.15,9.71,8,3.0,0.0,1.0,3.0,11.0,1.0,10.0,5.0,10.0,-5.0,6.0,-9.0,15.0,2.0,0.0,2.0,0.0,3.0,-3.0,71.4,14.3,12.5,62.5,H
2021-08-16,2021,Varberg,Orebro,1,0,H,U,1.8,3.61,4.37,8,2.0,1.0,0.0,3.0,5.0,3.0,2.0,2.0,9.0,-7.0,3.0,-6.0,9.0,1.0,0.0,1.0,0.0,2.0,-2.0,28.6,42.9,28.6,71.4,
2021-08-16,2021,Sirius,AIK,0,1,A,U,3.65,3.54,1.97,7,2.0,2.0,2.0,1.0,5.0,8.0,-3.0,5.0,5.0,0.0,0.0,3.0,-3.0,1.0,1.0,0.0,1.0,0.0,1.0,50.0,33.3,33.3,50.0,
2021-08-15,2021,Ostersunds,Norrkoping,1,2,A,O,4.48,3.78,1.74,8,1.0,2.0,2.0,2.0,6.0,4.0,2.0,5.0,4.0,1.0,1.0,0.0,1.0,1.0,0.0,1.0,0.0,0.0,0.0,28.6,57.1,42.9,57.1,A
2021-08-15,2021,Mjallby,Djurgarden,0,1,A,U,4.43,3.87,1.73,7,1.0,1.0,2.0,1.0,2.0,3.0,-1.0,4.0,4.0,0.0,-2.0,-1.0,-1.0,0.0,0.0,0.0,1.0,1.0,0.0,33.3,33.3,50.0,16.7,A
2021-08-15,2021,Hammarby,Elfsborg,0,2,A,U,2.05,3.6,3.37,8,2.0,2.0,0.0,1.0,10.0,5.0,5.0,5.0,3.0,2.0,5.0,2.0,3.0,1.0,1.0,0.0,0.0,0.0,0.0,57.1,0.0,50.0,33.3,A
2021-08-15,2021,Degerfors,Hacken,3,0,H,O,3.78,3.83,1.87,7,2.0,2.0,1.0,1.0,7.0,6.0,1.0,7.0,5.0,2.0,0.0,1.0,-1.0,2.0,0.0,2.0,1.0,0.0,1.0,50.0,33.3,28.6,28.6,H
2021-08-14,2021,Malmo FF,Goteborg,2,3,A,O,1.48,4.14,6.83,7,4.0,1.0,0.0,1.0,12.0,3.0,9.0,4.0,4.0,0.0,8.0,-1.0,9.0,2.0,0.0,2.0,0.0,1.0,-1.0,83.3,0.0,16.7,16.7,D
2021-08-14,2021,Kalmar,Halmstad,1,1,D,U,2.24,3.01,3.52,8,2.0,2.0,2.0,1.0,5.0,5.0,0.0,5.0,4.0,1.0,0.0,1.0,-1.0,0.0,0.0,0.0,0.0,0.0,0.0,42.9,28.6,28.6,57.1,D
2021-08-09,2021,Varberg,Sirius,0,0,D,U,1.93,3.54,3.84,7,2.0,0.0,1.0,3.0,6.0,3.0,3.0,5.0,14.0,-9.0,1.0,-11.0,12.0,1.0,0.0,1.0,1.0,3.0,-2.0,33.3,50.0,14.3,57.1,
2021-08-09,2021,Norrkoping,Kalmar,1,2,A,O,1.93,3.53,3.85,7,2.0,0.0,1.0,2.0,6.0,4.0,2.0,4.0,8.0,-4.0,2.0,-4.0,6.0,1.0,0.0,1.0,0.0,2.0,-2.0,50.0,16.7,16.7,33.3,
2021-08-08,2021,Hacken,Ostersunds,5,0,H,O,1.3,5.53,9.48,7,2.0,0.0,1.0,4.0,8.0,1.0,7.0,6.0,9.0,-3.0,2.0,-8.0,10.0,1.0,0.0,1.0,0.0,3.0,-3.0,33.3,50.0,0.0,66.7,H
2021-08-08,2021,Goteborg,Hammarby,0,0,D,U,2.33,3.49,2.92,8,1.0,2.0,2.0,1.0,6.0,7.0,-1.0,7.0,4.0,3.0,-1.0,3.0,-4.0,0.0,2.0,-2.0,0.0,0.0,0.0,28.6,42.9,33.3,50.0,D
2021-08-08,2021,Elfsborg,Degerfors,3,0,H,O,1.48,4.64,6.02,8,3.0,0.0,1.0,2.0,8.0,2.0,6.0,4.0,8.0,-4.0,4.0,-6.0,10.0,1.0,0.0,1.0,0.0,2.0,-2.0,57.1,28.6,14.3,57.1,H
2021-08-08,2021,Djurgarden,AIK,1,4,A,O,2.02,3.18,4.0,8,3.0,1.0,0.0,2.0,10.0,4.0,6.0,2.0,6.0,-4.0,8.0,-2.0,10.0,2.0,0.0,2.0,0.0,1.0,-1.0,85.7,0.0,20.0,60.0,D
2021-08-07,2021,Orebro,Mjallby,2,2,D,O,2.85,3.3,2.46,7,1.0,0.0,2.0,3.0,3.0,5.0,-2.0,5.0,8.0,-3.0,-2.0,-3.0,1.0,0.0,0.0,0.0,1.0,0.0,1.0,16.7,50.0,0.0,71.4,D
2021-08-07,2021,Halmstad,Malmo FF,0,0,D,U,3.78,3.33,2.02,7,0.0,3.0,0.0,1.0,2.0,11.0,-9.0,2.0,4.0,-2.0,0.0,7.0,-7.0,0.0,2.0,-2.0,0.0,0.0,0.0,16.7,0.0,57.1,28.6,D
2021-08-02,2021,Sirius,Orebro,1,2,A,O,1.79,3.89,4.11,6,2.0,1.0,1.0,3.0,5.0,4.0,1.0,4.0,10.0,-6.0,1.0,-6.0,7.0,1.0,0.0,1.0,1.0,2.0,-1.0,60.0,20.0,16.7,83.3,
2021-08-02,2021,Goteborg,Norrkoping,1,2,A,O,2.22,3.43,3.15,7,1.0,1.0,1.0,3.0,6.0,3.0,3.0,6.0,5.0,1.0,0.0,-2.0,2.0,0.0,0.0,0.0,0.0,0.0,0.0,33.3,33.3,33.3,66.7,
2021-08-02,2021,AIK,Halmstad,1,0,H,U,1.82,3.33,4.78,8,2.0,2.0,0.0,1.0,7.0,5.0,2.0,4.0,4.0,0.0,3.0,1.0,2.0,1.0,0.0,1.0,0.0,0.0,0.0,71.4,0.0,33.3,50.0,
2021-08-01,2021,Ostersunds,Hammarby,1,1,D,U,4.22,3.86,1.77,7,1.0,2.0,3.0,2.0,6.0,6.0,0.0,6.0,5.0,1.0,0.0,1.0,-1.0,1.0,2.0,-1.0,0.0,1.0,-1.0,33.3,66.7,40.0,60.0,H
2021-08-01,2021,Kalmar,Mjallby,1,0,H,U,1.88,3.39,4.31,7,1.0,0.0,2.0,2.0,4.0,6.0,-2.0,5.0,8.0,-3.0,-1.0,-2.0,1.0,0.0,0.0,0.0,0.0,0.0,0.0,33.3,33.3,0.0,66.7,D
2021-08-01,2021,Djurgarden,Hacken,2,1,H,O,1.6,4.07,5.25,7,3.0,2.0,0.0,0.0,10.0,6.0,4.0,1.0,4.0,-3.0,9.0,2.0,7.0,3.0,0.0,3.0,0.0,0.0,0.0,83.3,0.0,33.3,16.7,D
2021-07-31,2021,Degerfors,Varberg,1,1,D,U,2.45,3.38,2.8,6,3.0,0.0,1.0,3.0,8.0,5.0,3.0,6.0,9.0,-3.0,2.0,-4.0,6.0,3.0,0.0,3.0,1.0,1.0,0.0,60.0,40.0,16.7,50.0,D
2021-07-26,2021,Varberg,Goteborg,2,0,H,U,3.5,3.43,2.08,6,1.0,1.0,2.0,0.0,5.0,4.0,1.0,8.0,3.0,5.0,-3.0,1.0,-4.0,0.0,0.0,0.0,2.0,0.0,2.0,20.0,60.0,20.0,0.0,
2021-07-26,2021,Ostersunds,Halmstad,0,1,A,U,3.38,3.35,2.15,6,1.0,1.0,3.0,2.0,7.0,5.0,2.0,7.0,6.0,1.0,0.0,-1.0,1.0,1.0,0.0,1.0,0.0,0.0,0.0,40.0,60.0,20.0,60.0,
2021-07-26,2021,Orebro,AIK,1,1,D,U,5.42,3.82,1.63,6,1.0,1.0,3.0,3.0,2.0,3.0,-1.0,7.0,7.0,0.0,-5.0,-4.0,-1.0,0.0,0.0,0.0,2.0,2.0,0.0,20.0,60.0,25.0,75.0,
2021-07-25,2021,Kalmar,Djurgarden,0,1,A,U,3.48,3.27,2.15,6,2.0,1.0,1.0,1.0,5.0,5.0,0.0,4.0,5.0,-1.0,1.0,0.0,1.0,0.0,1.0,-1.0,0.0,1.0,-1.0,40.0,20.0,40.0,20.0,D
2021-07-25,2021,Hammarby,Norrkoping,2,1,H,O,1.84,3.71,4.07,7,2.0,2.0,0.0,2.0,11.0,5.0,6.0,6.0,3.0,3.0,5.0,2.0,3.0,1.0,1.0,0.0,0.0,0.0,0.0,50.0,0.0,40.0,60.0,D
2021-07-25,2021,Hacken,Elfsborg,1,1,D,U,2.6,3.42,2.62,6,2.0,2.0,2.0,2.0,8.0,4.0,4.0,7.0,3.0,4.0,1.0,1.0,0.0,1.0,1.0,0.0,0.0,0.0,0.0,40.0,60.0,60.0,40.0,D
2021-07-24,2021,Sirius,Degerfors,2,0,H,U,2.03,3.72,3.38,5,2.0,0.0,1.0,2.0,4.0,2.0,2.0,4.0,7.0,-3.0,0.0,-5.0,5.0,0.0,0.0,0.0,1.0,1.0,0.0,50.0,25.0,16.7,50.0,H
2021-07-24,2021,Mjallby,Malmo FF,0,2,A,U,4.21,3.52,1.86,6,2.0,2.0,1.0,1.0,3.0,10.0,-7.0,2.0,5.0,-3.0,1.0,5.0,-4.0,0.0,1.0,-1.0,0.0,0.0,0.0,40.0,20.0,50.0,33.3,D
2021-07-19,2021,Halmstad,Varberg,1,1,D,U,2.08,3.22,3.75,6,0.0,1.0,0.0,3.0,2.0,6.0,-4.0,2.0,9.0,-7.0,0.0,-3.0,3.0,0.0,0.0,0.0,0.0,1.0,-1.0,20.0,0.0,20.0,60.0,
2021-07-19,2021,Djurgarden,Sirius,5,1,H,O,1.35,5.16,7.95,6,3.0,0.0,0.0,3.0,8.0,4.0,4.0,1.0,12.0,-11.0,7.0,-8.0,15.0,3.0,0.0,3.0,0.0,2.0,-2.0,80.0,0.0,16.7,50.0,
2021-07-18,2021,Orebro,Hammarby,0,2,A,U,5.19,4.25,1.59,5,1.0,1.0,2.0,3.0,2.0,6.0,-4.0,5.0,8.0,-3.0,-3.0,-2.0,-1.0,0.0,1.0,-1.0,1.0,1.0,0.0,25.0,50.0,25.0,75.0,A
2021-07-18,2021,Norrkoping,Hacken,0,1,A,U,2.27,3.52,2.99,6,3.0,1.0,0.0,0.0,8.0,6.0,2.0,4.0,5.0,-1.0,4.0,1.0,3.0,1.0,0.0,1.0,0.0,0.0,0.0,60.0,0.0,20.0,20.0,D
2021-07-18,2021,Goteborg,Mjallby,3,2,H,O,1.7,3.73,4.95,6,0.0,0.0,2.0,2.0,5.0,4.0,1.0,7.0,6.0,1.0,-2.0,-2.0,0.0,0.0,0.0,0.0,0.0,0.0,0.0,20.0,40.0,0.0,60.0,
2021-07-18,2021,AIK,Kalmar,2,0,H,U,1.8,3.45,4.67,7,2.0,0.0,0.0,1.0,6.0,5.0,1.0,4.0,7.0,-3.0,2.0,-2.0,4.0,0.0,0.0,0.0,0.0,1.0,-1.0,66.7,0.0,20.0,20.0,D
2021-07-17,2021,Elfsborg,Ostersunds,3,0,H,O,1.48,4.5,6.29,7,2.0,0.0,1.0,3.0,7.0,2.0,5.0,6.0,7.0,-1.0,1.0,-5.0,6.0,0.0,0.0,0.0,0.0,2.0,-2.0,50.0,33.3,0.0,60.0,H
2021-07-17,2021,Degerfors,Malmo FF,0,5,A,O,5.86,4.54,1.5,5,3.0,1.0,1.0,2.0,8.0,6.0,2.0,2.0,8.0,-6.0,6.0,-2.0,8.0,3.0,0.0,3.0,0.0,1.0,-1.0,75.0,25.0,40.0,40.0,A
2021-07-12,2021,Kalmar,Hacken,2,3,A,O,2.78,3.16,2.61,5,2.0,0.0,0.0,1.0,3.0,3.0,0.0,1.0,4.0,-3.0,2.0,-1.0,3.0,0.0,0.0,0.0,0.0,0.0,0.0,50.0,0.0,0.0,25.0,
2021-07-12,2021,Halmstad,Djurgarden,0,0,D,U,3.57,3.34,2.08,5,1.0,2.0,0.0,1.0,3.0,7.0,-4.0,2.0,5.0,-3.0,1.0,2.0,-1.0,0.0,2.0,-2.0,0.0,1.0,-1.0,25.0,0.0,50.0,25.0,
2021-07-11,2021,Ostersunds,Goteborg,2,3,A,O,3.16,3.3,2.28,5,2.0,0.0,2.0,0.0,10.0,1.0,9.0,4.0,1.0,3.0,6.0,0.0,6.0,2.0,0.0,2.0,0.0,0.0,0.0,50.0,50.0,0.0,0.0,A
2021-07-11,2021,Mjallby,Norrkoping,0,1,A,U,2.5,3.28,2.82,5,2.0,1.0,0.0,3.0,3.0,4.0,-1.0,1.0,4.0,-3.0,2.0,0.0,2.0,0.0,1.0,-1.0,0.0,0.0,0.0,50.0,0.0,25.0,75.0,A
2021-07-11,2021,Hammarby,Degerfors,5,1,H,O,1.57,4.31,5.29,6,1.0,1.0,0.0,1.0,7.0,4.0,3.0,6.0,4.0,2.0,1.0,0.0,1.0,0.0,0.0,0.0,0.0,0.0,0.0,40.0,0.0,20.0,40.0,D
2021-07-11,2021,Elfsborg,Orebro,2,1,H,O,1.38,4.85,7.71,6,2.0,1.0,1.0,3.0,6.0,3.0,3.0,5.0,9.0,-4.0,1.0,-6.0,7.0,0.0,0.0,0.0,0.0,2.0,-2.0,40.0,40.0,20.0,80.0,D
2021-07-10,2021,Malmo FF,Sirius,4,0,H,O,1.31,5.44,8.86,6,3.0,1.0,0.0,2.0,9.0,6.0,3.0,5.0,9.0,-4.0,4.0,-3.0,7.0,1.0,0.0,1.0,0.0,1.0,-1.0,80.0,0.0,20.0,40.0,H
2021-07-10,2021,AIK,Varberg,2,1,H,O,1.55,3.98,6.18,6,2.0,1.0,0.0,2.0,6.0,5.0,1.0,3.0,7.0,-4.0,3.0,-2.0,5.0,1.0,0.0,1.0,0.0,1.0,-1.0,60.0,0.0,25.0,50.0,D
2021-07-05,2021,Goteborg,Elfsborg,0,1,A,U,2.59,3.22,2.77,5,1.0,2.0,1.0,2.0,7.0,6.0,1.0,6.0,4.0,2.0,1.0,2.0,-1.0,1.0,2.0,-1.0,0.0,0.0,0.0,25.0,25.0,50.0,50.0,
2021-07-05,2021,Djurgarden,Orebro,3,0,H,O,1.25,6.0,11.07,5,3.0,1.0,0.0,3.0,6.0,3.0,3.0,1.0,11.0,-10.0,5.0,-8.0,13.0,2.0,0.0,2.0,0.0,2.0,-2.0,75.0,0.0,25.0,75.0,
2021-07-04,2021,Varberg,Kalmar,1,1,D,U,2.92,3.07,2.56,5,1.0,1.0,3.0,1.0,5.0,5.0,0.0,10.0,6.0,4.0,-5.0,-1.0,-4.0,0.0,0.0,0.0,3.0,1.0,2.0,25.0,75.0,25.0,25.0,D
2021-07-04,2021,Sirius,Mjallby,2,1,H,O,2.51,3.35,2.76,4,,0.0,,2.0,,3.0,,,6.0,,,-3.0,,,0.0,,,1.0,,33.3,33.3,0.0,50.0,D
2021-07-04,2021,Hammarby,Halmstad,1,1,D,U,1.81,3.77,4.13,5,2.0,1.0,0.0,3.0,8.0,4.0,4.0,5.0,6.0,-1.0,3.0,-2.0,5.0,1.0,0.0,1.0,0.0,0.0,0.0,50.0,0.0,25.0,75.0,D
2021-07-04,2021,Hacken,AIK,2,1,H,O,2.14,3.32,3.45,5,1.0,,3.0,,7.0,,,8.0,,,-1.0,,,1.0,,,0.0,,,25.0,75.0,33.3,66.7,D
2021-07-03,2021,Norrkoping,Malmo FF,3,2,H,O,3.73,3.45,1.99,5,2.0,2.0,0.0,1.0,6.0,6.0,0.0,3.0,6.0,-3.0,3.0,0.0,3.0,1.0,0.0,1.0,0.0,1.0,-1.0,50.0,0.0,50.0,25.0,D
2021-07-03,2021,Degerfors,Ostersunds,3,1,H,O,1.79,3.67,4.39,4,,0.0,,2.0,,1.0,,,4.0,,,-3.0,,,0.0,,,1.0,,66.7,33.3,0.0,50.0,A
2021-05-24,2021,Orebro,Malmo FF,1,2,A,O,7.68,4.77,1.39,4,,,,,,,,,,,,,,,,,,,,33.3,33.3,33.3,33.3,
2021-05-24,2021,Elfsborg,Norrkoping,1,0,H,U,2.17,3.55,3.18,5,1.0,,2.0,,5.0,,,7.0,,,-2.0,,,0.0,,,1.0,,,25.0,50.0,33.3,66.7,
2021-05-23,2021,Kalmar,Hammarby,2,1,H,O,2.91,3.31,2.43,4,,,,,,,,,,,,,,,,,,,,33.3,0.0,33.3,66.7,D
2021-05-23,2021,Halmstad,Degerfors,0,0,D,U,1.99,3.43,3.77,4,,1.0,,2.0,,4.0,,,6.0,,,-2.0,,,0.0,,,1.0,,33.3,0.0,25.0,50.0,D
2021-05-23,2021,Hacken,Varberg,3,1,H,O,1.8,3.62,4.44,4,,,,,,,,,,,,,,,,,,,,0.0,100.0,33.3,33.3,H
2021-05-23,2021,Djurgarden,Goteborg,0,0,D,U,1.63,3.88,5.36,4,,,,,,,,,,,,,,,,,,,,100.0,0.0,0.0,0.0,D
2021-05-22,2021,Ostersunds,Sirius,3,0,H,O,2.73,3.33,2.55,4,,1.0,,1.0,,7.0,,,7.0,,,0.0,,,0.0,,,0.0,,33.3,66.7,25.0,25.0,H
2021-05-22,2021,AIK,Mjallby,2,2,D,O,1.82,3.38,4.74,5,3.0,,0.0,,6.0,,,1.0,,,5.0,,,2.0,,,0.0,,,75.0,0.0,0.0,66.7,H
2021-05-20,2021,Malmo FF,Elfsborg,2,1,H,O,1.59,4.13,5.36,5,3.0,,0.0,,10.0,,,6.0,,,4.0,,,1.0,,,0.0,,,75.0,0.0,66.7,33.3,
2021-05-18,2021,Degerfors,Orebro,3,0,H,O,1.96,3.52,3.81,3,,,,,,,,,,,,,,,,,,,,50.0,50.0,33.3,66.7,
2021-05-17,2021,Varberg,Norrkoping,2,1,H,O,3.26,3.39,2.19,4,,,,,,,,,,,,,,,,,,,,0.0,100.0,50.0,50.0,
2021-05-17,2021,Ostersunds,AIK,1,2,A,O,4.77,3.58,1.76,3,,,,,,,,,,,,,,,,,,,,50.0,50.0,0.0,100.0,
2021-05-17,2021,Mjallby,Hacken,1,1,D,U,3.17,3.26,2.29,4,,,,,,,,,,,,,,,,,,,,66.7,0.0,0.0,33.3,
2021-05-17,2021,Malmo FF,Kalmar,3,1,H,O,1.62,3.94,5.48,4,,,,,,,,,,,,,,,,,,,,66.7,0.0,33.3,0.0,
2021-05-17,2021,Goteborg,Sirius,2,2,D,O,1.77,3.71,4.52,4,,,,,,,,,,,,,,,,,,,,33.3,33.3,33.3,33.3,
2021-05-17,2021,Elfsborg,Halmstad,2,3,A,O,1.84,3.57,4.29,4,,,,,,,,,,,,,,,,,,,,33.3,33.3,0.0,100.0,
2021-05-16,2021,Hammarby,Djurgarden,2,2,D,O,3.08,3.76,2.15,4,,,,,,,,,,,,,,,,,,,,66.7,0.0,66.7,33.3,A
2021-05-13,2021,Norrkoping,Degerfors,1,1,D,U,1.5,4.5,6.02,4,,,,,,,,,,,,,,,,,,,,66.7,0.0,33.3,66.7,
2021-05-13,2021,Halmstad,Mjallby,1,1,D,U,2.2,3.16,3.49,3,,,,,,,,,,,,,,,,,,,,50.0,0.0,0.0,100.0,H
2021-05-13,2021,AIK,Malmo FF,1,1,D,U,3.19,3.3,2.27,4,,,,,,,,,,,,,,,,,,,,100.0,0.0,50.0,50.0,
2021-05-12,2021,Varberg,Hammarby,1,3,A,O,3.41,3.53,2.07,3,,,,,,,,,,,,,,,,,,,,0.0,100.0,0.0,100.0,
2021-05-12,2021,Sirius,Elfsborg,0,2,A,U,2.98,3.3,2.38,3,,,,,,,,,,,,,,,,,,,,50.0,0.0,50.0,50.0,
2021-05-12,2021,Kalmar,Goteborg,0,0,D,U,2.76,2.96,2.78,3,,,,,,,,,,,,,,,,,,,,50.0,0.0,0.0,0.0,
2021-05-12,2021,Hacken,Orebro,2,3,A,O,1.43,4.39,7.58,3,,,,,,,,,,,,,,,,,,,,0.0,100.0,0.0,100.0,
2021-05-12,2021,Djurgarden,Ostersunds,2,0,H,U,1.24,5.87,12.13,3,,,,,,,,,,,,,,,,,,,,100.0,0.0,0.0,33.3,
2021-05-10,2021,Norrkoping,AIK,2,0,H,U,2.16,3.33,3.42,3,,,,,,,,,,,,,,,,,,,,50.0,0.0,0.0,100.0,
2021-05-09,2021,Mjallby,Ostersunds,1,0,H,U,1.74,3.64,4.84,3,,,,,,,,,,,,,,,,,,,,50.0,0.0,0.0,0.0,H
2021-05-09,2021,Malmo FF,Varberg,3,2,H,O,1.3,5.54,9.2,3,,,,,,,,,,,,,,,,,,,,50.0,0.0,50.0,0.0,D
2021-05-09,2021,Degerfors,Djurgarden,2,0,H,U,5.7,4.23,1.55,2,,,,,,,,,,,,,,,,,,,,0.0,100.0,100.0,0.0,D
2021-05-08,2021,Orebro,Halmstad,1,0,H,U,3.43,3.37,2.14,3,,,,,,,,,,,,,,,,,,,,0.0,50.0,0.0,100.0,D
2021-05-08,2021,Hammarby,Sirius,3,2,H,O,1.59,4.1,5.45,3,,,,,,,,,,,,,,,,,,,,50.0,0.0,50.0,0.0,H
2021-05-08,2021,Goteborg,Hacken,1,1,D,U,2.74,3.21,2.61,3,,,,,,,,,,,,,,,,,,,,50.0,50.0,0.0,50.0,D
2021-05-08,2021,Elfsborg,Kalmar,2,2,D,O,1.99,3.28,4.04,3,,,,,,,,,,,,,,,,,,,,50.0,50.0,50.0,0.0,H
2021-05-03,2021,Mjallby,Degerfors,1,0,H,U,2.22,3.4,3.19,2,,,,,,,,,,,,,,,,,,,,0.0,0.0,50.0,50.0,
2021-05-03,2021,Djurgarden,Malmo FF,3,1,H,O,2.81,3.41,2.45,2,,,,,,,,,,,,,,,,,,,,100.0,0.0,100.0,0.0,
2021-05-02,2021,Ostersunds,Varberg,1,2,A,O,2.33,3.34,3.05,2,,,,,,,,,,,,,,,,,,,,100.0,0.0,0.0,0.0,D
2021-05-02,2021,Orebro,Norrkoping,0,3,A,O,4.06,3.78,1.83,2,,,,,,,,,,,,,,,,,,,,0.0,0.0,0.0,100.0,A
2021-05-02,2021,Halmstad,Goteborg,1,1,D,U,2.99,3.21,2.43,2,,,,,,,,,,,,,,,,,,,,100.0,0.0,0.0,0.0,H
2021-05-02,2021,AIK,Elfsborg,1,0,H,U,2.32,3.28,3.11,3,,,,,,,,,,,,,,,,,,,,100.0,0.0,100.0,0.0,D
2021-05-01,2021,Sirius,Kalmar,1,1,D,U,2.6,3.04,2.91,2,,,,,,,,,,,,,,,,,,,,100.0,0.0,100.0,0.0,D
2021-05-01,2021,Hammarby,Hacken,1,1,D,U,2.26,3.39,3.15,2,,,,,,,,,,,,,,,,,,,,100.0,0.0,0.0,100.0,A
2021-04-26,2021,Goteborg,Degerfors,2,3,A,O,1.72,3.77,4.68,2,,,,,,,,,,,,,,,,,,,,100.0,0.0,0.0,100.0,
2021-04-26,2021,Elfsborg,Mjallby,1,0,H,U,1.66,3.72,5.35,2,,,,,,,,,,,,,,,,,,,,0.0,100.0,0.0,100.0,
2021-04-25,2021,Varberg,Djurgarden,1,3,A,O,5.05,3.52,1.74,2,,,,,,,,,,,,,,,,,,,,0.0,100.0,100.0,0.0,A
2021-04-25,2021,Norrkoping,Halmstad,2,1,H,O,1.84,3.59,4.19,2,,,,,,,,,,,,,,,,,,,,0.0,0.0,0.0,100.0,A
2021-04-25,2021,Malmo FF,Ostersunds,1,1,D,U,1.18,6.93,15.32,2,,,,,,,,,,,,,,,,,,,,100.0,0.0,0.0,0.0,D
2021-04-25,2021,Kalmar,Orebro,1,0,H,U,2.01,3.23,3.98,2,,,,,,,,,,,,,,,,,,,,0.0,0.0,0.0,100.0,D
2021-04-25,2021,AIK,Hammarby,2,0,H,U,2.37,3.31,3.01,2,,,,,,,,,,,,,,,,,,,,100.0,0.0,0.0,100.0,H
2021-04-24,2021,Hacken,Sirius,1,2,A,O,1.66,3.68,5.52,2,,,,,,,,,,,,,,,,,,,,0.0,100.0,0.0,0.0,A
2021-04-19,2021,Varberg,Elfsborg,1,3,A,O,3.59,3.42,2.04,1,,,,,,,,,,,,,,,,,,,,,,,,
2021-04-19,2021,Goteborg,AIK,2,0,H,U,2.99,3.03,2.51,1,,,,,,,,,,,,,,,,,,,,,,,,
2021-04-18,2021,Sirius,Halmstad,1,0,H,U,2.58,3.17,2.8,1,,,,,,,,,,,,,,,,,,,,,,,,D
2021-04-18,2021,Ostersunds,Orebro,5,0,H,O,2.61,3.2,2.74,1,,,,,,,,,,,,,,,,,,,,,,,,H
2021-04-18,2021,Hacken,Malmo FF,1,2,A,O,3.53,3.5,2.04,1,,,,,,,,,,,,,,,,,,,,,,,,A
2021-04-18,2021,Djurgarden,Norrkoping,1,0,H,U,2.02,3.54,3.55,1,,,,,,,,,,,,,,,,,,,,,,,,D
2021-04-18,2021,Degerfors,Kalmar,0,1,A,U,2.19,3.39,3.25,1,,,,,,,,,,,,,,,,,,,,,,,,A
2021-04-17,2021,Hammarby,Mjallby,2,0,H,U,1.63,3.92,5.31,1,,,,,,,,,,,,,,,,,,,,,,,,H
2021-04-12,2021,Kalmar,Ostersunds,0,0,D,U,2.1,3.24,3.65,1,,,,,,,,,,,,,,,,,,,,,,,,
2021-04-12,2021,AIK,Degerfors,2,0,H,U,1.9,3.61,3.96,1,,,,,,,,,,,,,,,,,,,,,,,,
2021-04-11,2021,Norrkoping,Sirius,1,1,D,U,1.65,3.91,5.12,1,,,,,,,,,,,,,,,,,,,,,,,,H
2021-04-11,2021,Mjallby,Varberg,0,0,D,U,2.21,3.24,3.38,1,,,,,,,,,,,,,,,,,,,,,,,,D
2021-04-11,2021,Halmstad,Hacken,1,0,H,U,3.28,3.19,2.28,1,,,,,,,,,,,,,,,,,,,,,,,,D
2021-04-11,2021,Elfsborg,Djurgarden,0,2,A,U,2.92,3.3,2.43,1,,,,,,,,,,,,,,,,,,,,,,,,A
2021-04-10,2021,Orebro,Goteborg,0,0,D,U,3.29,3.31,2.21,1,,,,,,,,,,,,,,,,,,,,,,,,D
2021-04-10,2021,Malmo FF,Hammarby,3,2,H,O,1.6,4.1,5.23,1,,,,,,,,,,,,,,,,,,,,,,,,D
2020-12-13,2020,Kalmar,Jonkopings,1,0,H,U,2.23,3.29,3.18,16,0.0,,2.0,,0.0,,,7.0,,,-7.0,,,0.0,,,2.0,,,6.7,53.3,,,
2020-12-09,2020,Jonkopings,Kalmar,1,3,A,O,2.65,2.98,2.85,1,,2.0,,1.0,,5.0,,,5.0,,,0.0,,,0.0,,,1.0,,,,33.3,40.0,
2020-12-06,2020,Orebro,Hammarby,2,1,H,O,4.3,4.49,1.65,15,3.0,2.0,1.0,2.0,8.0,8.0,0.0,6.0,10.0,-4.0,2.0,-2.0,4.0,0.0,2.0,-2.0,0.0,2.0,-2.0,50.0,28.6,42.9,42.9,H
2020-12-06,2020,Norrkoping,Helsingborg,3,4,A,O,1.22,6.77,10.54,15,1.0,1.0,1.0,3.0,8.0,8.0,0.0,6.0,9.0,-3.0,2.0,-1.0,3.0,1.0,1.0,0.0,0.0,0.0,0.0,42.9,21.4,7.1,57.1,A
2020-12-06,2020,Malmo FF,Ostersunds,4,0,H,O,1.12,9.15,18.61,15,3.0,2.0,0.0,2.0,10.0,5.0,5.0,1.0,7.0,-6.0,9.0,-2.0,11.0,3.0,0.0,3.0,0.0,1.0,-1.0,71.4,0.0,42.9,21.4,H
2020-12-06,2020,Kalmar,Hacken,0,0,D,U,4.73,3.52,1.77,15,0.0,0.0,2.0,1.0,1.0,2.0,-1.0,8.0,5.0,3.0,-7.0,-3.0,-4.0,0.0,0.0,0.0,2.0,1.0,1.0,7.1,57.1,21.4,21.4,D
2020-12-06,2020,Goteborg,Sirius,2,0,H,U,1.7,4.08,4.41,15,1.0,1.0,2.0,3.0,3.0,3.0,0.0,4.0,11.0,-7.0,-1.0,-8.0,7.0,0.0,0.0,0.0,0.0,2.0,-2.0,14.3,50.0,28.6,35.7,H
2020-12-06,2020,Falkenbergs,Mjallby,2,3,A,O,2.04,3.96,3.13,15,2.0,1.0,2.0,2.0,7.0,5.0,2.0,9.0,7.0,2.0,-2.0,-2.0,0.0,0.0,0.0,0.0,2.0,1.0,1.0,21.4,50.0,28.6,42.9,D
2020-12-06,2020,Elfsborg,AIK,2,2,D,O,1.81,3.74,4.11,15,3.0,2.0,0.0,0.0,7.0,5.0,2.0,3.0,3.0,0.0,4.0,2.0,2.0,1.0,0.0,1.0,0.0,0.0,0.0,42.9,7.1,28.6,28.6,H
2020-12-06,2020,Djurgarden,Varberg,1,0,H,U,1.37,4.92,7.82,15,2.0,1.0,2.0,2.0,8.0,5.0,3.0,5.0,3.0,2.0,3.0,2.0,1.0,1.0,1.0,0.0,0.0,0.0,0.0,42.9,28.6,21.4,50.0,D
2020-11-30,2020,Hammarby,Norrkoping,0,1,A,U,2.67,3.72,2.39,15,1.0,2.0,0.0,2.0,8.0,6.0,2.0,6.0,6.0,0.0,2.0,0.0,2.0,1.0,1.0,0.0,0.0,1.0,-1.0,28.6,7.1,42.9,42.9,
2020-11-30,2020,AIK,Kalmar,0,1,A,U,2.16,3.1,3.63,15,3.0,2.0,1.0,1.0,4.0,6.0,-2.0,2.0,6.0,-4.0,2.0,0.0,2.0,1.0,0.0,1.0,1.0,1.0,0.0,42.9,42.9,28.6,42.9,
2020-11-29,2020,Varberg,Malmo FF,3,2,H,O,5.52,4.5,1.52,15,1.0,2.0,2.0,1.0,7.0,9.0,-2.0,8.0,5.0,3.0,-1.0,4.0,-5.0,1.0,1.0,0.0,2.0,0.0,2.0,42.9,35.7,42.9,21.4,H
2020-11-29,2020,Sirius,Elfsborg,1,1,D,U,4.58,4.21,1.66,15,0.0,1.0,2.0,1.0,4.0,6.0,-2.0,6.0,5.0,1.0,-2.0,1.0,-3.0,0.0,1.0,-1.0,0.0,0.0,0.0,35.7,28.6,42.9,14.3,
2020-11-29,2020,Ostersunds,Goteborg,0,4,A,O,5.07,3.71,1.69,15,0.0,1.0,3.0,2.0,3.0,2.0,1.0,10.0,5.0,5.0,-7.0,-3.0,-4.0,0.0,0.0,0.0,2.0,2.0,0.0,14.3,57.1,21.4,21.4,A
2020-11-29,2020,Mjallby,Djurgarden,2,1,H,O,4.28,3.68,1.8,15,4.0,2.0,0.0,1.0,9.0,8.0,1.0,2.0,4.0,-2.0,7.0,4.0,3.0,2.0,2.0,0.0,0.0,0.0,0.0,50.0,21.4,50.0,35.7,
2020-11-29,2020,Helsingborg,Falkenbergs,0,0,D,U,2.03,3.67,3.38,15,0.0,0.0,3.0,3.0,0.0,2.0,-2.0,3.0,9.0,-6.0,-3.0,-7.0,4.0,0.0,0.0,0.0,0.0,2.0,-2.0,21.4,42.9,14.3,57.1,D
2020-11-29,2020,Hacken,Orebro,3,0,H,O,1.33,5.34,8.41,15,2.0,2.0,1.0,2.0,7.0,4.0,3.0,5.0,3.0,2.0,2.0,1.0,1.0,1.0,1.0,0.0,1.0,0.0,1.0,57.1,14.3,28.6,50.0,
2020-11-23,2020,Sirius,Mjallby,0,1,A,U,2.35,3.56,2.82,14,1.0,0.0,1.0,2.0,6.0,6.0,0.0,6.0,9.0,-3.0,0.0,-3.0,3.0,0.0,0.0,0.0,0.0,1.0,-1.0,38.5,23.1,23.1,46.2,
2020-11-23,2020,Norrkoping,Falkenbergs,4,1,H,O,1.45,5.03,5.79,14,0.0,0.0,1.0,3.0,6.0,2.0,4.0,7.0,7.0,0.0,-1.0,-5.0,4.0,0.0,0.0,0.0,0.0,1.0,-1.0,38.5,23.1,15.4,53.8,
2020-11-23,2020,Goteborg,Hacken,1,1,D,U,3.5,3.15,2.17,14,1.0,0.0,3.0,1.0,2.0,2.0,0.0,7.0,5.0,2.0,-5.0,-3.0,-2.0,0.0,0.0,0.0,1.0,1.0,0.0,15.4,53.8,23.1,23.1,
2020-11-22,2020,Ostersunds,Varberg,0,4,A,O,3.2,3.23,2.27,14,0.0,0.0,2.0,3.0,3.0,1.0,2.0,6.0,5.0,1.0,-3.0,-4.0,1.0,0.0,0.0,0.0,1.0,1.0,0.0,15.4,53.8,15.4,53.8,
2020-11-22,2020,Kalmar,Djurgarden,0,3,A,O,4.36,3.61,1.8,14,0.0,1.0,2.0,1.0,1.0,6.0,-5.0,7.0,5.0,2.0,-6.0,1.0,-7.0,0.0,1.0,-1.0,2.0,0.0,2.0,7.7,53.8,46.2,38.5,A
2020-11-22,2020,Hammarby,Malmo FF,2,2,D,O,2.19,3.69,3.01,14,1.0,2.0,0.0,1.0,8.0,8.0,0.0,6.0,4.0,2.0,2.0,4.0,-2.0,1.0,1.0,0.0,0.0,0.0,0.0,30.8,7.7,46.2,23.1,
2020-11-22,2020,Elfsborg,Helsingborg,2,1,H,O,1.56,4.34,5.3,14,2.0,1.0,0.0,2.0,6.0,9.0,-3.0,3.0,9.0,-6.0,3.0,0.0,3.0,1.0,1.0,0.0,0.0,0.0,0.0,38.5,7.7,7.7,53.8,D
2020-11-22,2020,AIK,Orebro,0,2,A,U,1.49,4.18,6.59,14,4.0,1.0,0.0,2.0,7.0,2.0,5.0,0.0,3.0,-3.0,7.0,-1.0,8.0,2.0,0.0,2.0,0.0,0.0,0.0,46.2,38.5,23.1,53.8,A
2020-11-08,2020,Varberg,Hammarby,5,2,H,O,3.46,3.65,2.01,14,1.0,3.0,2.0,1.0,4.0,10.0,-6.0,6.0,5.0,1.0,-2.0,5.0,-7.0,1.0,3.0,-2.0,2.0,1.0,1.0,38.5,38.5,46.2,38.5,H
2020-11-08,2020,Orebro,Kalmar,0,1,A,U,2.51,3.4,2.71,14,4.0,1.0,0.0,1.0,11.0,6.0,5.0,7.0,7.0,0.0,4.0,-1.0,5.0,0.0,0.0,0.0,0.0,1.0,-1.0,53.8,23.1,23.1,46.2,A
2020-11-08,2020,Malmo FF,Sirius,4,0,H,O,1.26,6.02,10.07,14,2.0,1.0,0.0,2.0,7.0,4.0,3.0,2.0,8.0,-6.0,5.0,-4.0,9.0,2.0,0.0,2.0,0.0,1.0,-1.0,69.2,0.0,30.8,30.8,
2020-11-08,2020,Helsingborg,Goteborg,0,1,A,U,2.82,3.1,2.61,14,0.0,1.0,2.0,2.0,1.0,4.0,-3.0,3.0,5.0,-2.0,-2.0,-1.0,-1.0,0.0,1.0,-1.0,0.0,2.0,-2.0,23.1,38.5,15.4,23.1,
2020-11-08,2020,Djurgarden,AIK,0,1,A,U,2.05,3.27,3.78,14,2.0,1.0,1.0,0.0,9.0,4.0,5.0,5.0,3.0,2.0,4.0,1.0,3.0,1.0,0.0,1.0,0.0,0.0,0.0,46.2,23.1,23.1,30.8,D
2020-11-07,2020,Mjallby,Norrkoping,2,0,H,U,4.06,3.9,1.79,14,3.0,3.0,1.0,1.0,9.0,8.0,1.0,5.0,4.0,1.0,4.0,4.0,0.0,1.0,2.0,-1.0,0.0,0.0,0.0,46.2,23.1,46.2,38.5,H
2020-11-07,2020,Hacken,Ostersunds,2,1,H,O,1.23,6.21,11.65,14,1.0,2.0,1.0,1.0,6.0,6.0,0.0,5.0,7.0,-2.0,1.0,-1.0,2.0,1.0,0.0,1.0,1.0,1.0,0.0,53.8,15.4,46.2,15.4,H
2020-11-07,2020,Falkenbergs,Elfsborg,1,3,A,O,4.27,3.9,1.76,14,3.0,0.0,1.0,1.0,8.0,4.0,4.0,6.0,5.0,1.0,2.0,-1.0,3.0,1.0,0.0,1.0,1.0,0.0,1.0,23.1,46.2,38.5,15.4,A
2020-11-02,2020,Helsingborg,Malmo FF,0,1,A,U,7.82,4.96,1.38,13,1.0,1.0,1.0,2.0,4.0,9.0,-5.0,3.0,7.0,-4.0,1.0,2.0,-1.0,1.0,1.0,0.0,0.0,0.0,0.0,25.0,33.3,41.7,25.0,
2020-11-02,2020,AIK,Varberg,1,0,H,U,1.84,3.46,4.42,13,3.0,1.0,1.0,2.0,6.0,4.0,2.0,1.0,6.0,-5.0,5.0,-2.0,7.0,2.0,0.0,2.0,0.0,1.0,-1.0,41.7,41.7,16.7,50.0,
2020-11-01,2020,Sirius,Kalmar,2,2,D,O,1.8,3.8,4.19,13,2.0,1.0,1.0,1.0,7.0,7.0,0.0,5.0,8.0,-3.0,2.0,-1.0,3.0,1.0,0.0,1.0,0.0,1.0,-1.0,41.7,25.0,25.0,50.0,H
2020-11-01,2020,Mjallby,Ostersunds,3,0,H,O,1.84,3.67,4.09,13,2.0,3.0,1.0,0.0,7.0,7.0,0.0,6.0,4.0,2.0,1.0,3.0,-2.0,0.0,0.0,0.0,0.0,0.0,0.0,41.7,25.0,50.0,8.3,H
2020-11-01,2020,Hammarby,Hacken,1,1,D,U,2.07,3.62,3.32,13,1.0,1.0,0.0,1.0,10.0,2.0,8.0,8.0,4.0,4.0,2.0,-2.0,4.0,1.0,0.0,1.0,0.0,1.0,-1.0,33.3,8.3,25.0,25.0,
2020-11-01,2020,Goteborg,Orebro,0,1,A,U,1.59,4.17,5.22,13,1.0,0.0,3.0,3.0,3.0,2.0,1.0,9.0,5.0,4.0,-6.0,-3.0,-3.0,0.0,0.0,0.0,2.0,0.0,2.0,16.7,50.0,16.7,58.3,
2020-11-01,2020,Falkenbergs,Djurgarden,3,2,H,O,4.76,3.93,1.68,13,2.0,1.0,2.0,1.0,5.0,5.0,0.0,7.0,5.0,2.0,-2.0,0.0,-2.0,1.0,1.0,0.0,2.0,1.0,1.0,16.7,50.0,50.0,33.3,
2020-11-01,2020,Elfsborg,Norrkoping,2,1,H,O,2.48,3.46,2.71,13,1.0,3.0,0.0,1.0,6.0,10.0,-4.0,4.0,6.0,-2.0,2.0,4.0,-2.0,1.0,2.0,-1.0,0.0,0.0,0.0,33.3,8.3,50.0,33.3,D
2020-10-29,2020,Sirius,AIK,0,0,D,U,2.86,3.32,2.45,12,3.0,1.0,1.0,0.0,10.0,5.0,5.0,6.0,4.0,2.0,4.0,1.0,3.0,2.0,0.0,2.0,0.0,0.0,0.0,45.5,27.3,25.0,33.3,
2020-10-28,2020,Hacken,Djurgarden,0,2,A,U,2.44,3.31,2.89,13,2.0,1.0,0.0,1.0,8.0,6.0,2.0,4.0,5.0,-1.0,4.0,1.0,3.0,1.0,1.0,0.0,0.0,1.0,-1.0,58.3,8.3,45.5,36.4,
2020-10-26,2020,Varberg,Elfsborg,0,0,D,U,3.75,3.61,1.94,13,2.0,0.0,2.0,1.0,6.0,6.0,0.0,7.0,7.0,0.0,-1.0,-1.0,0.0,1.0,0.0,1.0,2.0,0.0,2.0,41.7,41.7,41.7,16.7,
2020-10-26,2020,Norrkoping,AIK,2,2,D,O,1.99,3.43,3.77,13,0.0,1.0,2.0,1.0,4.0,4.0,0.0,6.0,5.0,1.0,-2.0,-1.0,-1.0,0.0,0.0,0.0,0.0,1.0,-1.0,41.7,25.0,27.3,36.4,
2020-10-25,2020,Ostersunds,Hammarby,1,3,A,O,4.99,4.19,1.61,13,1.0,2.0,1.0,2.0,4.0,8.0,-4.0,4.0,7.0,-3.0,0.0,1.0,-1.0,0.0,2.0,-2.0,0.0,2.0,-2.0,16.7,50.0,41.7,41.7,D
2020-10-25,2020,Orebro,Helsingborg,3,2,H,O,2.53,3.59,2.59,13,4.0,1.0,0.0,2.0,12.0,7.0,5.0,8.0,8.0,0.0,4.0,-1.0,5.0,0.0,1.0,-1.0,0.0,1.0,-1.0,50.0,25.0,8.3,50.0,
2020-10-25,2020,Malmo FF,Goteborg,3,1,H,O,1.41,4.8,7.27,13,2.0,1.0,0.0,1.0,6.0,4.0,2.0,2.0,3.0,-1.0,4.0,1.0,3.0,1.0,1.0,0.0,0.0,1.0,-1.0,66.7,0.0,16.7,16.7,
2020-10-25,2020,Kalmar,Falkenbergs,0,0,D,U,2.42,3.25,2.93,13,0.0,0.0,3.0,4.0,2.0,3.0,-1.0,11.0,9.0,2.0,-9.0,-6.0,-3.0,0.0,0.0,0.0,3.0,1.0,2.0,8.3,58.3,16.7,58.3,D
2020-10-24,2020,Hacken,Mjallby,2,2,D,O,1.44,4.71,6.54,12,2.0,1.0,1.0,2.0,6.0,8.0,-2.0,4.0,8.0,-4.0,2.0,0.0,2.0,1.0,1.0,0.0,1.0,1.0,0.0,63.6,9.1,25.0,50.0,A
2020-10-24,2020,Djurgarden,Sirius,4,0,H,O,2.02,3.54,3.57,13,1.0,1.0,1.0,2.0,7.0,4.0,3.0,7.0,6.0,1.0,0.0,-2.0,2.0,0.0,0.0,0.0,0.0,1.0,-1.0,41.7,25.0,33.3,25.0,D
2020-10-19,2020,Helsingborg,Hacken,0,0,D,U,4.08,3.7,1.84,12,1.0,2.0,2.0,1.0,5.0,3.0,2.0,5.0,4.0,1.0,0.0,-1.0,1.0,1.0,0.0,1.0,0.0,1.0,-1.0,27.3,36.4,27.3,27.3,
2020-10-19,2020,Djurgarden,Malmo FF,3,2,H,O,3.46,3.46,2.09,12,1.0,1.0,1.0,1.0,6.0,9.0,-3.0,6.0,6.0,0.0,0.0,3.0,-3.0,0.0,1.0,-1.0,0.0,0.0,0.0,36.4,27.3,45.5,18.2,
2020-10-18,2020,Varberg,Norrkoping,1,3,A,O,3.71,3.85,1.88,12,2.0,3.0,2.0,1.0,6.0,10.0,-4.0,7.0,6.0,1.0,-1.0,4.0,-5.0,1.0,2.0,-1.0,2.0,0.0,2.0,45.5,36.4,45.5,36.4,A
2020-10-18,2020,Sirius,Ostersunds,2,3,A,O,1.59,4.09,5.37,11,3.0,3.0,0.0,0.0,11.0,5.0,6.0,6.0,2.0,4.0,5.0,3.0,2.0,2.0,0.0,2.0,0.0,0.0,0.0,50.0,20.0,45.5,9.1,A
2020-10-18,2020,Hammarby,Mjallby,4,2,H,O,1.62,4.15,4.95,12,0.0,1.0,0.0,2.0,8.0,7.0,1.0,8.0,6.0,2.0,0.0,1.0,-1.0,0.0,1.0,-1.0,0.0,0.0,0.0,27.3,9.1,27.3,45.5,H
2020-10-18,2020,Elfsborg,Kalmar,3,1,H,O,1.65,4.05,4.86,12,0.0,1.0,1.0,1.0,3.0,6.0,-3.0,4.0,7.0,-3.0,-1.0,-1.0,0.0,0.0,0.0,0.0,0.0,1.0,-1.0,27.3,9.1,27.3,45.5,H
2020-10-18,2020,AIK,Goteborg,2,0,H,U,2.24,3.1,3.43,12,3.0,1.0,1.0,0.0,6.0,6.0,0.0,1.0,3.0,-2.0,5.0,3.0,2.0,2.0,1.0,1.0,0.0,0.0,0.0,36.4,45.5,18.2,9.1,H
2020-10-17,2020,Falkenbergs,Orebro,2,1,H,O,2.4,3.54,2.76,12,1.0,0.0,2.0,3.0,4.0,2.0,2.0,7.0,5.0,2.0,-3.0,-3.0,0.0,1.0,0.0,1.0,2.0,0.0,2.0,9.1,54.5,18.2,54.5,
2020-10-04,2020,Ostersunds,AIK,1,2,A,O,4.24,3.18,1.95,12,2.0,0.0,0.0,1.0,5.0,2.0,3.0,2.0,4.0,-2.0,3.0,-2.0,5.0,1.0,0.0,1.0,0.0,1.0,-1.0,18.2,45.5,20.0,40.0,A
2020-10-04,2020,Norrkoping,Sirius,1,2,A,O,1.75,4.06,4.13,12,0.0,1.0,2.0,2.0,4.0,4.0,0.0,6.0,6.0,0.0,-2.0,-2.0,0.0,0.0,0.0,0.0,0.0,1.0,-1.0,45.5,18.2,27.3,27.3,D
2020-10-04,2020,Mjallby,Helsingborg,3,2,H,O,2.41,3.33,2.9,12,1.0,1.0,1.0,2.0,6.0,6.0,0.0,6.0,8.0,-2.0,0.0,-2.0,2.0,0.0,1.0,-1.0,0.0,2.0,-2.0,36.4,27.3,9.1,45.5,D
2020-10-04,2020,Kalmar,Malmo FF,0,4,A,O,7.79,4.64,1.4,12,0.0,1.0,2.0,1.0,3.0,6.0,-3.0,8.0,6.0,2.0,-5.0,0.0,-5.0,0.0,0.0,0.0,2.0,0.0,2.0,9.1,54.5,40.0,20.0,A
2020-10-04,2020,Hammarby,Djurgarden,1,1,D,U,2.33,3.38,2.97,11,0.0,2.0,0.0,1.0,8.0,7.0,1.0,8.0,5.0,3.0,0.0,2.0,-2.0,0.0,1.0,-1.0,0.0,1.0,-1.0,30.0,10.0,50.0,40.0,H
2020-10-04,2020,Goteborg,Varberg,1,0,H,U,1.94,3.58,3.78,12,0.0,1.0,3.0,2.0,4.0,5.0,-1.0,11.0,7.0,4.0,-7.0,-2.0,-5.0,0.0,0.0,0.0,2.0,1.0,1.0,9.1,54.5,18.2,45.5,H
2020-10-03,2020,Orebro,Elfsborg,3,2,H,O,3.41,3.6,2.04,12,3.0,1.0,1.0,0.0,9.0,5.0,4.0,9.0,4.0,5.0,0.0,1.0,-1.0,0.0,0.0,0.0,1.0,0.0,1.0,45.5,27.3,45.5,9.1,D
2020-10-03,2020,Hacken,Falkenbergs,3,0,H,O,1.5,4.38,6.02,11,2.0,0.0,1.0,4.0,5.0,5.0,0.0,5.0,10.0,-5.0,0.0,-5.0,5.0,0.0,0.0,0.0,1.0,1.0,0.0,60.0,10.0,18.2,54.5,H
2020-09-28,2020,Kalmar,Varberg,1,1,D,U,2.36,3.33,2.97,11,0.0,1.0,3.0,2.0,2.0,7.0,-5.0,10.0,9.0,1.0,-8.0,-2.0,-6.0,0.0,0.0,0.0,3.0,1.0,2.0,10.0,60.0,20.0,50.0,
2020-09-28,2020,AIK,Mjallby,1,0,H,U,1.79,3.46,4.67,11,2.0,1.0,2.0,1.0,5.0,8.0,-3.0,2.0,6.0,-4.0,3.0,2.0,1.0,2.0,1.0,1.0,0.0,0.0,0.0,30.0,50.0,30.0,40.0,
2020-09-27,2020,Malmo FF,Hacken,3,0,H,O,1.85,3.58,4.14,12,2.0,3.0,0.0,0.0,5.0,6.0,-1.0,3.0,2.0,1.0,2.0,4.0,-2.0,0.0,1.0,-1.0,0.0,0.0,0.0,63.6,0.0,30.0,20.0,H
2020-09-27,2020,Helsingborg,Ostersunds,0,1,A,U,2.11,3.37,3.44,11,2.0,2.0,1.0,0.0,8.0,6.0,2.0,6.0,4.0,2.0,2.0,2.0,0.0,1.0,0.0,1.0,0.0,0.0,0.0,30.0,30.0,40.0,10.0,D
2020-09-27,2020,Falkenbergs,Hammarby,1,3,A,O,4.57,4.06,1.68,11,1.0,2.0,2.0,2.0,3.0,7.0,-4.0,5.0,7.0,-2.0,-2.0,0.0,-2.0,1.0,1.0,0.0,1.0,2.0,-1.0,10.0,50.0,36.4,45.5,H
2020-09-27,2020,Elfsborg,Goteborg,0,0,D,U,2.07,3.54,3.4,11,1.0,1.0,1.0,0.0,7.0,7.0,0.0,6.0,4.0,2.0,1.0,3.0,-2.0,1.0,1.0,0.0,0.0,0.0,0.0,30.0,10.0,20.0,10.0,D
2020-09-27,2020,Djurgarden,Norrkoping,1,2,A,O,2.5,3.3,2.79,11,1.0,2.0,1.0,2.0,6.0,10.0,-4.0,6.0,8.0,-2.0,0.0,2.0,-2.0,0.0,2.0,-2.0,0.0,0.0,0.0,40.0,20.0,40.0,40.0,A
2020-09-26,2020,Orebro,Sirius,2,1,H,O,3.36,3.59,2.06,11,2.0,1.0,1.0,1.0,8.0,4.0,4.0,9.0,5.0,4.0,-1.0,-1.0,0.0,0.0,0.0,0.0,1.0,1.0,0.0,40.0,30.0,30.0,20.0,H
2020-09-21,2020,Varberg,Helsingborg,1,3,A,O,2.12,3.57,3.26,11,2.0,0.0,2.0,3.0,6.0,4.0,2.0,6.0,11.0,-5.0,0.0,-7.0,7.0,1.0,0.0,1.0,1.0,3.0,-2.0,50.0,30.0,0.0,50.0,
2020-09-21,2020,Sirius,Falkenbergs,2,1,H,O,1.72,3.99,4.37,10,2.0,0.0,1.0,3.0,11.0,5.0,6.0,10.0,9.0,1.0,1.0,-4.0,5.0,2.0,0.0,2.0,1.0,1.0,0.0,44.4,22.2,20.0,50.0,
2020-09-21,2020,Mjallby,Orebro,1,0,H,U,2.02,3.44,3.66,11,1.0,1.0,1.0,2.0,8.0,5.0,3.0,7.0,4.0,3.0,1.0,1.0,0.0,1.0,1.0,0.0,0.0,0.0,0.0,30.0,30.0,20.0,50.0,
2020-09-21,2020,Elfsborg,Hacken,1,1,D,U,2.79,3.44,2.44,10,1.0,3.0,1.0,1.0,9.0,6.0,3.0,8.0,4.0,4.0,1.0,2.0,-1.0,1.0,1.0,0.0,0.0,1.0,-1.0,33.3,11.1,33.3,22.2,
2020-09-20,2020,Ostersunds,Djurgarden,1,1,D,U,4.46,3.72,1.76,11,2.0,3.0,1.0,1.0,4.0,7.0,-3.0,2.0,4.0,-2.0,2.0,3.0,-1.0,1.0,1.0,0.0,0.0,1.0,-1.0,20.0,50.0,55.6,44.4,D
2020-09-20,2020,Norrkoping,Malmo FF,1,1,D,U,3.02,3.63,2.21,11,0.0,2.0,2.0,1.0,4.0,8.0,-4.0,6.0,5.0,1.0,-2.0,3.0,-5.0,0.0,1.0,-1.0,0.0,0.0,0.0,50.0,20.0,44.4,22.2,D
2020-09-20,2020,Goteborg,Kalmar,1,2,A,O,1.91,3.56,3.93,11,0.0,1.0,3.0,1.0,3.0,6.0,-3.0,12.0,6.0,6.0,-9.0,0.0,-9.0,0.0,1.0,-1.0,3.0,1.0,2.0,10.0,50.0,20.0,50.0,A
2020-09-20,2020,AIK,Hammarby,3,0,H,O,2.94,3.23,2.44,10,1.0,3.0,3.0,1.0,3.0,9.0,-6.0,4.0,5.0,-1.0,-1.0,4.0,-5.0,1.0,1.0,0.0,0.0,1.0,-1.0,22.2,55.6,40.0,40.0,H
2020-09-17,2020,Falkenbergs,Varberg,2,0,H,U,2.8,3.48,2.4,10,0.0,1.0,2.0,1.0,4.0,10.0,-6.0,8.0,10.0,-2.0,-4.0,0.0,-4.0,0.0,0.0,0.0,1.0,0.0,1.0,0.0,55.6,22.2,44.4,
2020-09-17,2020,Elfsborg,Mjallby,2,2,D,O,1.78,3.84,4.24,9,1.0,1.0,1.0,2.0,10.0,7.0,3.0,9.0,7.0,2.0,1.0,0.0,1.0,1.0,1.0,0.0,0.0,1.0,-1.0,37.5,12.5,33.3,44.4,
2020-09-14,2020,Ostersunds,Orebro,0,0,D,U,2.33,3.32,3.04,10,2.0,1.0,1.0,3.0,4.0,5.0,-1.0,2.0,7.0,-5.0,2.0,-2.0,4.0,1.0,1.0,0.0,0.0,1.0,-1.0,22.2,55.6,22.2,55.6,
2020-09-14,2020,Kalmar,Norrkoping,0,2,A,U,3.53,3.68,1.99,10,0.0,1.0,2.0,3.0,2.0,9.0,-7.0,8.0,10.0,-2.0,-6.0,-1.0,-5.0,0.0,1.0,-1.0,2.0,0.0,2.0,11.1,55.6,33.3,44.4,
2020-09-14,2020,Hacken,Sirius,1,1,D,U,1.64,4.11,4.81,10,2.0,1.0,1.0,1.0,4.0,6.0,-2.0,4.0,7.0,-3.0,0.0,-1.0,1.0,0.0,0.0,0.0,1.0,1.0,0.0,66.7,11.1,33.3,22.2,
2020-09-13,2020,Mjallby,Varberg,2,3,A,O,2.29,3.28,3.15,10,1.0,0.0,0.0,2.0,7.0,7.0,0.0,5.0,10.0,-5.0,2.0,-3.0,5.0,1.0,0.0,1.0,0.0,1.0,-1.0,33.3,22.2,12.5,50.0,A
2020-09-13,2020,Malmo FF,AIK,0,0,D,U,1.68,3.74,5.13,11,3.0,0.0,0.0,2.0,9.0,2.0,7.0,4.0,8.0,-4.0,5.0,-6.0,11.0,1.0,0.0,1.0,0.0,2.0,-2.0,70.0,0.0,22.2,44.4,D
2020-09-13,2020,Hammarby,Helsingborg,2,2,D,O,1.4,4.95,7.07,10,1.0,0.0,0.0,3.0,9.0,2.0,7.0,6.0,9.0,-3.0,3.0,-7.0,10.0,1.0,0.0,1.0,0.0,3.0,-3.0,33.3,11.1,0.0,55.6,H
2020-09-13,2020,Falkenbergs,Goteborg,0,3,A,O,3.5,3.39,2.09,9,0.0,0.0,1.0,0.0,6.0,5.0,1.0,7.0,5.0,2.0,-1.0,0.0,-1.0,0.0,0.0,0.0,0.0,0.0,0.0,0.0,50.0,11.1,11.1,A
2020-09-12,2020,Djurgarden,Elfsborg,1,1,D,U,1.98,3.63,3.58,10,2.0,2.0,1.0,0.0,8.0,6.0,2.0,6.0,4.0,2.0,2.0,2.0,0.0,1.0,0.0,1.0,0.0,0.0,0.0,44.4,22.2,50.0,10.0,A
2020-09-10,2020,Orebro,Malmo FF,3,2,H,O,8.25,5.14,1.34,10,1.0,3.0,2.0,0.0,6.0,11.0,-5.0,9.0,4.0,5.0,-3.0,7.0,-10.0,0.0,2.0,-2.0,1.0,0.0,1.0,33.3,33.3,50.0,12.5,
2020-09-10,2020,Norrkoping,Ostersunds,2,2,D,O,1.43,4.74,6.62,10,1.0,2.0,2.0,0.0,4.0,5.0,-1.0,4.0,3.0,1.0,0.0,2.0,-2.0,1.0,0.0,1.0,0.0,0.0,0.0,55.6,22.2,44.4,11.1,
2020-09-10,2020,Goteborg,Hammarby,0,4,A,O,2.82,3.43,2.43,10,0.0,2.0,2.0,1.0,5.0,6.0,-1.0,10.0,6.0,4.0,-5.0,0.0,-5.0,0.0,0.0,0.0,2.0,1.0,1.0,11.1,44.4,33.3,44.4,
2020-09-09,2020,Helsingborg,Kalmar,1,1,D,U,2.45,3.35,2.84,10,2.0,1.0,1.0,1.0,8.0,7.0,1.0,6.0,7.0,-1.0,2.0,0.0,2.0,1.0,1.0,0.0,0.0,1.0,-1.0,33.3,33.3,22.2,55.6,
2020-08-30,2020,Orebro,Norrkoping,4,3,H,O,6.53,4.63,1.45,9,1.0,1.0,2.0,2.0,5.0,9.0,-4.0,7.0,9.0,-2.0,-2.0,0.0,-2.0,1.0,1.0,0.0,1.0,0.0,1.0,25.0,37.5,37.5,37.5,D
2020-08-30,2020,Mjallby,Goteborg,1,1,D,U,3.0,3.24,2.4,9,1.0,0.0,0.0,0.0,8.0,4.0,4.0,6.0,4.0,2.0,2.0,0.0,2.0,1.0,0.0,1.0,0.0,0.0,0.0,37.5,25.0,12.5,12.5,A
2020-08-30,2020,Malmo FF,Elfsborg,1,1,D,U,1.59,4.29,5.16,10,4.0,3.0,0.0,0.0,11.0,10.0,1.0,3.0,3.0,0.0,8.0,7.0,1.0,2.0,1.0,1.0,0.0,0.0,0.0,77.8,0.0,55.6,11.1,D
2020-08-30,2020,Helsingborg,Djurgarden,3,1,H,O,5.69,3.92,1.6,9,1.0,3.0,1.0,1.0,6.0,6.0,0.0,6.0,2.0,4.0,0.0,4.0,-4.0,0.0,1.0,-1.0,0.0,0.0,0.0,25.0,37.5,62.5,37.5,D
2020-08-30,2020,Hammarby,Kalmar,3,3,D,O,1.55,4.23,5.73,9,1.0,1.0,0.0,2.0,7.0,5.0,2.0,4.0,6.0,-2.0,3.0,-1.0,4.0,1.0,1.0,0.0,0.0,1.0,-1.0,37.5,12.5,25.0,62.5,A
2020-08-30,2020,AIK,Hacken,0,1,A,U,2.96,3.18,2.46,9,1.0,2.0,3.0,1.0,3.0,7.0,-4.0,4.0,6.0,-2.0,-1.0,1.0,-2.0,1.0,1.0,0.0,0.0,1.0,-1.0,25.0,50.0,25.0,25.0,D
2020-08-29,2020,Varberg,Sirius,2,0,H,U,2.85,3.5,2.37,10,1.0,1.0,2.0,0.0,5.0,7.0,-2.0,7.0,6.0,1.0,-2.0,1.0,-3.0,0.0,0.0,0.0,1.0,0.0,1.0,44.4,33.3,37.5,12.5,D
2020-08-29,2020,Ostersunds,Falkenbergs,2,1,H,O,2.76,3.33,2.52,9,1.0,1.0,1.0,2.0,4.0,6.0,-2.0,3.0,8.0,-5.0,1.0,-2.0,3.0,1.0,0.0,1.0,0.0,1.0,-1.0,12.5,62.5,22.2,44.4,H
2020-08-24,2020,Norrkoping,Hacken,0,1,A,U,2.17,3.65,3.12,9,2.0,1.0,1.0,2.0,6.0,7.0,-1.0,3.0,9.0,-6.0,3.0,-2.0,5.0,2.0,1.0,1.0,0.0,2.0,-2.0,62.5,12.5,14.3,28.6,
2020-08-24,2020,Kalmar,Mjallby,1,4,A,O,2.73,3.26,2.59,9,0.0,0.0,1.0,3.0,2.0,3.0,-1.0,5.0,7.0,-2.0,-3.0,-4.0,1.0,0.0,0.0,0.0,1.0,1.0,0.0,12.5,50.0,25.0,50.0,
2020-08-23,2020,Varberg,Orebro,2,1,H,O,2.16,3.38,3.32,9,0.0,1.0,2.0,2.0,5.0,5.0,0.0,8.0,6.0,2.0,-3.0,-1.0,-2.0,0.0,1.0,-1.0,1.0,1.0,0.0,37.5,37.5,25.0,50.0,A
2020-08-23,2020,Malmo FF,Falkenbergs,2,1,H,O,1.29,5.67,9.23,9,4.0,1.0,0.0,1.0,11.0,7.0,4.0,3.0,8.0,-5.0,8.0,-1.0,9.0,2.0,0.0,2.0,0.0,1.0,-1.0,75.0,0.0,25.0,37.5,H
2020-08-23,2020,Elfsborg,Ostersunds,0,1,A,U,1.43,4.76,6.68,8,2.0,1.0,0.0,0.0,11.0,4.0,7.0,8.0,3.0,5.0,3.0,1.0,2.0,1.0,0.0,1.0,0.0,0.0,0.0,42.9,0.0,37.5,12.5,D
2020-08-23,2020,AIK,Helsingborg,2,0,H,U,1.73,3.61,4.93,8,1.0,0.0,3.0,2.0,2.0,4.0,-2.0,4.0,9.0,-5.0,-2.0,-5.0,3.0,0.0,0.0,0.0,0.0,2.0,-2.0,14.3,57.1,0.0,50.0,H
2020-08-22,2020,Sirius,Hammarby,3,1,H,O,3.06,3.49,2.25,9,2.0,2.0,1.0,1.0,12.0,5.0,7.0,11.0,6.0,5.0,1.0,-1.0,2.0,2.0,0.0,2.0,1.0,1.0,0.0,37.5,25.0,37.5,37.5,A
2020-08-22,2020,Djurgarden,Goteborg,2,2,D,O,1.97,3.49,3.82,9,2.0,0.0,1.0,0.0,6.0,3.0,3.0,4.0,3.0,1.0,2.0,0.0,2.0,1.0,0.0,1.0,0.0,0.0,0.0,50.0,25.0,14.3,14.3,A
2020-08-17,2020,Ostersunds,Kalmar,2,0,H,U,3.08,3.28,2.32,8,0.0,1.0,2.0,2.0,3.0,5.0,-2.0,5.0,5.0,0.0,-2.0,0.0,-2.0,0.0,1.0,-1.0,0.0,0.0,0.0,0.0,71.4,28.6,57.1,
2020-08-17,2020,Helsingborg,Sirius,1,2,A,O,3.1,3.51,2.21,8,2.0,0.0,0.0,1.0,7.0,5.0,2.0,4.0,6.0,-2.0,3.0,-1.0,4.0,1.0,0.0,1.0,0.0,0.0,0.0,28.6,28.6,28.6,14.3,
2020-08-17,2020,Hacken,Varberg,2,1,H,O,1.51,4.4,5.85,9,2.0,0.0,1.0,2.0,6.0,6.0,0.0,3.0,9.0,-6.0,3.0,-3.0,6.0,1.0,0.0,1.0,1.0,1.0,0.0,62.5,12.5,14.3,42.9,
2020-08-17,2020,Goteborg,Norrkoping,1,3,A,O,2.68,3.47,2.49,9,0.0,0.0,1.0,3.0,5.0,8.0,-3.0,8.0,12.0,-4.0,-3.0,-4.0,1.0,0.0,0.0,0.0,1.0,1.0,0.0,12.5,37.5,28.6,42.9,
2020-08-16,2020,Mjallby,Malmo FF,2,2,D,O,4.97,3.75,1.69,8,1.0,4.0,1.0,0.0,6.0,11.0,-5.0,9.0,3.0,6.0,-3.0,8.0,-11.0,1.0,2.0,-1.0,1.0,0.0,1.0,42.9,28.6,57.1,14.3,H
2020-08-16,2020,Hammarby,Elfsborg,2,2,D,O,2.16,3.61,3.12,8,1.0,3.0,0.0,1.0,5.0,8.0,-3.0,2.0,7.0,-5.0,3.0,1.0,2.0,1.0,1.0,0.0,0.0,1.0,-1.0,42.9,14.3,62.5,12.5,D
2020-08-16,2020,Falkenbergs,AIK,1,1,D,U,3.29,3.19,2.25,8,0.0,0.0,2.0,2.0,5.0,3.0,2.0,7.0,9.0,-2.0,-2.0,-6.0,4.0,0.0,0.0,0.0,0.0,2.0,-2.0,0.0,57.1,25.0,50.0,D
2020-08-15,2020,Orebro,Djurgarden,0,3,A,O,4.42,3.77,1.76,8,2.0,3.0,1.0,1.0,6.0,5.0,1.0,4.0,3.0,1.0,2.0,2.0,0.0,1.0,0.0,1.0,0.0,0.0,0.0,28.6,28.6,57.1,42.9,A
2020-08-13,2020,Varberg,Hacken,1,3,A,O,4.45,3.6,1.8,8,1.0,0.0,1.0,2.0,5.0,4.0,1.0,5.0,8.0,-3.0,0.0,-4.0,4.0,0.0,0.0,0.0,0.0,2.0,-2.0,42.9,28.6,0.0,33.3,
2020-08-13,2020,Sirius,Helsingborg,3,1,H,O,1.59,4.27,5.13,8,2.0,0.0,1.0,1.0,11.0,4.0,7.0,11.0,7.0,4.0,0.0,-3.0,3.0,1.0,0.0,1.0,1.0,1.0,0.0,28.6,28.6,0.0,42.9,
2020-08-13,2020,Norrkoping,Hammarby,1,2,A,O,2.13,3.55,3.25,8,3.0,2.0,0.0,1.0,8.0,5.0,3.0,2.0,6.0,-4.0,6.0,-1.0,7.0,3.0,0.0,3.0,0.0,1.0,-1.0,71.4,0.0,28.6,42.9,
2020-08-13,2020,Kalmar,Goteborg,1,1,D,U,2.8,3.11,2.63,8,0.0,0.0,2.0,1.0,2.0,3.0,-1.0,6.0,5.0,1.0,-4.0,-2.0,-2.0,0.0,0.0,0.0,1.0,1.0,0.0,14.3,57.1,16.7,16.7,
2020-08-13,2020,Elfsborg,Falkenbergs,4,2,H,O,1.58,4.32,5.1,7,2.0,1.0,0.0,1.0,8.0,5.0,3.0,6.0,5.0,1.0,2.0,0.0,2.0,0.0,0.0,0.0,0.0,0.0,0.0,33.3,0.0,28.6,28.6,
2020-08-13,2020,AIK,Ostersunds,0,1,A,U,1.68,3.51,5.54,7,1.0,1.0,2.0,0.0,3.0,4.0,-1.0,4.0,3.0,1.0,-1.0,1.0,-2.0,0.0,0.0,0.0,0.0,0.0,0.0,16.7,50.0,28.6,14.3,
2020-08-12,2020,Malmo FF,Orebro,2,1,H,O,1.31,5.3,9.49,8,3.0,1.0,0.0,2.0,10.0,4.0,6.0,3.0,6.0,-3.0,7.0,-2.0,9.0,2.0,1.0,1.0,0.0,2.0,-2.0,71.4,0.0,28.6,42.9,
2020-08-12,2020,Djurgarden,Mjallby,2,1,H,O,1.54,4.02,6.18,8,2.0,1.0,1.0,2.0,5.0,3.0,2.0,3.0,5.0,-2.0,2.0,-2.0,4.0,1.0,0.0,1.0,0.0,1.0,-1.0,42.9,28.6,28.6,42.9,
2020-08-10,2020,Sirius,Varberg,3,3,D,O,1.92,3.6,3.82,7,2.0,0.0,1.0,3.0,10.0,3.0,7.0,10.0,7.0,3.0,0.0,-4.0,4.0,1.0,0.0,1.0,1.0,1.0,0.0,33.3,33.3,16.7,50.0,
2020-08-10,2020,Helsingborg,Norrkoping,3,2,H,O,5.02,3.96,1.65,7,1.0,0.0,1.0,2.0,4.0,7.0,-3.0,3.0,10.0,-7.0,1.0,-3.0,4.0,1.0,0.0,1.0,0.0,1.0,-1.0,16.7,33.3,33.3,33.3,
2020-08-09,2020,Ostersunds,Elfsborg,0,1,A,U,4.29,3.7,1.8,7,0.0,3.0,2.0,1.0,3.0,9.0,-6.0,5.0,8.0,-3.0,-2.0,1.0,-3.0,0.0,1.0,-1.0,0.0,1.0,-1.0,0.0,66.7,57.1,14.3,D
2020-08-09,2020,Orebro,Goteborg,1,1,D,U,3.57,3.45,2.04,7,2.0,0.0,1.0,1.0,5.0,4.0,1.0,3.0,6.0,-3.0,2.0,-2.0,4.0,1.0,0.0,1.0,0.0,1.0,-1.0,33.3,33.3,20.0,20.0,D
2020-08-09,2020,Mjallby,AIK,3,1,H,O,2.83,3.04,2.64,7,1.0,0.0,1.0,2.0,6.0,2.0,4.0,9.0,8.0,1.0,-3.0,-6.0,3.0,1.0,0.0,1.0,1.0,2.0,-1.0,33.3,33.3,28.6,42.9,H
2020-08-09,2020,Hacken,Kalmar,0,2,A,U,1.66,3.85,5.07,8,3.0,0.0,0.0,3.0,12.0,3.0,9.0,1.0,10.0,-9.0,11.0,-7.0,18.0,2.0,0.0,2.0,0.0,1.0,-1.0,71.4,0.0,16.7,66.7,A
2020-08-09,2020,Falkenbergs,Malmo FF,0,1,A,U,8.07,4.89,1.37,7,0.0,3.0,2.0,1.0,6.0,10.0,-4.0,8.0,4.0,4.0,-2.0,6.0,-8.0,0.0,2.0,-2.0,0.0,0.0,0.0,0.0,50.0,50.0,16.7,A
2020-08-09,2020,Djurgarden,Hammarby,1,2,A,O,2.07,3.52,3.44,7,2.0,1.0,0.0,2.0,6.0,3.0,3.0,3.0,8.0,-5.0,3.0,-5.0,8.0,1.0,0.0,1.0,0.0,2.0,-2.0,50.0,16.7,16.7,50.0,A
2020-08-06,2020,Mjallby,Sirius,1,1,D,U,2.55,3.37,2.69,6,2.0,0.0,1.0,1.0,7.0,4.0,3.0,9.0,5.0,4.0,-2.0,-1.0,-1.0,1.0,0.0,1.0,1.0,0.0,1.0,40.0,40.0,33.3,16.7,
2020-08-06,2020,Kalmar,Orebro,0,3,A,O,1.85,3.55,4.23,7,0.0,0.0,2.0,3.0,3.0,2.0,1.0,5.0,8.0,-3.0,-2.0,-6.0,4.0,0.0,0.0,0.0,0.0,2.0,-2.0,16.7,50.0,16.7,50.0,
2020-08-06,2020,Hacken,Norrkoping,2,1,H,O,2.34,3.47,2.91,7,3.0,1.0,0.0,1.0,13.0,10.0,3.0,0.0,10.0,-10.0,13.0,0.0,13.0,3.0,1.0,2.0,0.0,1.0,-1.0,66.7,0.0,40.0,20.0,
2020-08-06,2020,Goteborg,Ostersunds,2,2,D,O,1.47,4.2,7.17,8,0.0,2.0,2.0,0.0,4.0,4.0,0.0,8.0,2.0,6.0,-4.0,2.0,-6.0,0.0,0.0,0.0,1.0,0.0,1.0,14.3,42.9,33.3,16.7,
2020-08-06,2020,AIK,Elfsborg,1,2,A,O,2.39,3.28,2.98,6,1.0,2.0,1.0,1.0,4.0,8.0,-4.0,4.0,8.0,-4.0,0.0,0.0,0.0,0.0,1.0,-1.0,0.0,1.0,-1.0,20.0,40.0,50.0,16.7,
2020-08-05,2020,Varberg,Djurgarden,1,2,A,O,3.87,3.34,2.0,7,2.0,2.0,0.0,2.0,5.0,3.0,2.0,3.0,3.0,0.0,2.0,0.0,2.0,0.0,0.0,0.0,0.0,0.0,0.0,50.0,16.7,50.0,50.0,
2020-08-05,2020,Malmo FF,Helsingborg,4,1,H,O,1.3,5.5,9.43,7,3.0,0.0,0.0,0.0,7.0,5.0,2.0,2.0,5.0,-3.0,5.0,0.0,5.0,1.0,0.0,1.0,0.0,0.0,0.0,66.7,0.0,0.0,33.3,
2020-08-05,2020,Hammarby,Falkenbergs,1,1,D,U,1.5,4.55,5.85,7,2.0,1.0,0.0,1.0,5.0,5.0,0.0,1.0,5.0,-4.0,4.0,0.0,4.0,1.0,0.0,1.0,0.0,0.0,0.0,50.0,16.7,33.3,33.3,
2020-08-03,2020,Norrkoping,Mjallby,1,1,D,U,1.39,5.05,7.07,7,3.0,2.0,0.0,2.0,8.0,3.0,5.0,2.0,4.0,-2.0,6.0,-1.0,7.0,3.0,0.0,3.0,0.0,1.0,-1.0,83.3,0.0,33.3,50.0,
2020-08-03,2020,Elfsborg,Sirius,3,3,D,O,1.95,3.61,3.72,6,2.0,1.0,0.0,1.0,6.0,3.0,3.0,4.0,3.0,1.0,2.0,0.0,2.0,0.0,0.0,0.0,0.0,0.0,0.0,40.0,0.0,40.0,20.0,
2020-08-02,2020,Varberg,Ostersunds,1,1,D,U,1.89,3.46,4.19,6,3.0,2.0,0.0,0.0,7.0,3.0,4.0,3.0,1.0,2.0,4.0,2.0,2.0,1.0,0.0,1.0,0.0,0.0,0.0,60.0,20.0,40.0,20.0,D
2020-08-02,2020,Kalmar,AIK,0,0,D,U,3.08,3.11,2.43,6,0.0,0.0,3.0,3.0,4.0,2.0,2.0,7.0,9.0,-2.0,-3.0,-7.0,4.0,0.0,0.0,0.0,0.0,2.0,-2.0,20.0,60.0,33.3,50.0,
2020-08-02,2020,Helsingborg,Hammarby,1,1,D,U,3.84,3.8,1.87,6,1.0,1.0,1.0,3.0,3.0,3.0,0.0,2.0,9.0,-7.0,1.0,-6.0,7.0,1.0,0.0,1.0,0.0,2.0,-2.0,20.0,40.0,20.0,60.0,H
2020-08-02,2020,Goteborg,Malmo FF,0,3,A,O,4.06,3.52,1.89,7,1.0,2.0,1.0,1.0,5.0,9.0,-4.0,5.0,6.0,-1.0,0.0,3.0,-3.0,0.0,1.0,-1.0,0.0,0.0,0.0,16.7,33.3,40.0,20.0,A
2020-08-01,2020,Orebro,Falkenbergs,1,2,A,O,2.18,3.49,3.18,6,2.0,0.0,0.0,2.0,4.0,4.0,0.0,1.0,7.0,-6.0,3.0,-3.0,6.0,1.0,0.0,1.0,0.0,1.0,-1.0,40.0,20.0,20.0,40.0,D
2020-08-01,2020,Djurgarden,Hacken,3,1,H,O,2.24,3.22,3.33,6,2.0,0.0,0.0,1.0,8.0,5.0,3.0,2.0,7.0,-5.0,6.0,-2.0,8.0,1.0,0.0,1.0,0.0,1.0,-1.0,40.0,20.0,0.0,20.0,H
2020-07-27,2020,Ostersunds,Helsingborg,0,0,D,U,2.78,3.18,2.59,6,0.0,0.0,3.0,1.0,5.0,5.0,0.0,9.0,6.0,3.0,-4.0,-1.0,-3.0,0.0,0.0,0.0,1.0,0.0,1.0,0.0,80.0,0.0,40.0,
2020-07-27,2020,Mjallby,Kalmar,2,2,D,O,2.33,3.21,3.15,5,2.0,1.0,2.0,3.0,5.0,3.0,2.0,8.0,8.0,0.0,-3.0,-5.0,2.0,1.0,1.0,0.0,1.0,1.0,0.0,50.0,50.0,20.0,80.0,
2020-07-27,2020,Hammarby,Orebro,3,0,H,O,1.57,4.28,5.47,6,1.0,0.0,1.0,2.0,2.0,3.0,-1.0,3.0,6.0,-3.0,-1.0,-3.0,2.0,0.0,0.0,0.0,1.0,1.0,0.0,40.0,20.0,20.0,40.0,
2020-07-26,2020,Sirius,Malmo FF,2,5,A,O,5.69,3.98,1.58,6,2.0,1.0,0.0,1.0,10.0,5.0,5.0,7.0,5.0,2.0,3.0,0.0,3.0,1.0,0.0,1.0,0.0,0.0,0.0,40.0,20.0,25.0,25.0,H
2020-07-26,2020,Hacken,Goteborg,0,0,D,U,2.16,3.49,3.21,6,4.0,1.0,0.0,1.0,14.0,6.0,8.0,0.0,7.0,-7.0,14.0,-1.0,15.0,3.0,0.0,3.0,0.0,1.0,-1.0,80.0,0.0,25.0,25.0,D
2020-07-26,2020,Falkenbergs,Norrkoping,3,3,D,O,5.32,4.2,1.58,6,0.0,2.0,3.0,1.0,3.0,11.0,-8.0,7.0,8.0,-1.0,-4.0,3.0,-7.0,0.0,2.0,-2.0,1.0,1.0,0.0,0.0,60.0,50.0,25.0,H
2020-07-26,2020,Elfsborg,Varberg,3,3,D,O,1.77,3.62,4.56,5,2.0,0.0,0.0,3.0,5.0,2.0,3.0,3.0,6.0,-3.0,2.0,-4.0,6.0,0.0,0.0,0.0,0.0,1.0,-1.0,50.0,0.0,20.0,60.0,D
2020-07-26,2020,AIK,Djurgarden,0,1,A,U,2.94,3.04,2.56,5,1.0,1.0,1.0,3.0,5.0,2.0,3.0,7.0,6.0,1.0,-2.0,-4.0,2.0,0.0,0.0,0.0,1.0,1.0,0.0,25.0,25.0,40.0,60.0,D
2020-07-23,2020,Mjallby,Elfsborg,0,5,A,O,2.87,3.1,2.58,4,,1.0,,1.0,,3.0,,,8.0,,,-5.0,,,0.0,,,1.0,,66.7,33.3,40.0,20.0,
2020-07-23,2020,Malmo FF,Hammarby,3,0,H,O,1.62,4.11,5.07,6,2.0,1.0,0.0,2.0,6.0,5.0,1.0,4.0,8.0,-4.0,2.0,-3.0,5.0,0.0,0.0,0.0,0.0,1.0,-1.0,60.0,0.0,25.0,50.0,
2020-07-23,2020,Kalmar,Sirius,1,1,D,U,2.92,3.25,2.44,5,1.0,2.0,3.0,1.0,7.0,4.0,3.0,6.0,2.0,4.0,1.0,2.0,-1.0,1.0,1.0,0.0,0.0,0.0,0.0,25.0,75.0,50.0,25.0,
2020-07-23,2020,Helsingborg,Orebro,1,1,D,U,2.44,3.3,2.89,5,1.0,1.0,2.0,2.0,2.0,4.0,-2.0,4.0,6.0,-2.0,-2.0,-2.0,0.0,1.0,0.0,1.0,1.0,1.0,0.0,25.0,50.0,25.0,50.0,
2020-07-23,2020,Goteborg,Falkenbergs,2,2,D,O,1.57,3.96,5.89,6,1.0,1.0,1.0,2.0,5.0,3.0,2.0,5.0,5.0,0.0,0.0,-2.0,2.0,0.0,0.0,0.0,0.0,1.0,-1.0,20.0,40.0,25.0,50.0,
2020-07-22,2020,Norrkoping,Varberg,2,0,H,U,1.37,4.83,7.94,6,3.0,1.0,0.0,2.0,9.0,5.0,4.0,2.0,4.0,-2.0,7.0,1.0,6.0,3.0,1.0,2.0,0.0,0.0,0.0,80.0,0.0,25.0,50.0,
2020-07-22,2020,Hacken,AIK,4,0,H,O,1.98,3.32,3.91,5,3.0,1.0,0.0,2.0,11.0,4.0,7.0,1.0,5.0,-4.0,10.0,-1.0,11.0,2.0,1.0,1.0,0.0,1.0,-1.0,75.0,0.0,40.0,40.0,
2020-07-22,2020,Djurgarden,Ostersunds,0,0,D,U,1.43,4.51,7.02,5,2.0,2.0,1.0,1.0,9.0,3.0,6.0,4.0,3.0,1.0,5.0,0.0,5.0,1.0,0.0,1.0,0.0,1.0,-1.0,50.0,25.0,50.0,25.0,
2020-07-20,2020,Orebro,Mjallby,3,1,H,O,3.4,3.24,2.18,5,1.0,2.0,1.0,1.0,1.0,4.0,-3.0,2.0,3.0,-1.0,-1.0,1.0,-2.0,0.0,0.0,0.0,1.0,0.0,1.0,25.0,25.0,40.0,40.0,
2020-07-20,2020,Hammarby,Goteborg,1,1,D,U,1.82,3.7,4.15,5,2.0,,1.0,,3.0,,,2.0,,,1.0,,,1.0,,,1.0,,,50.0,25.0,33.3,33.3,
2020-07-19,2020,Varberg,AIK,2,2,D,O,3.39,3.21,2.2,5,3.0,2.0,1.0,2.0,6.0,4.0,2.0,3.0,3.0,0.0,3.0,1.0,2.0,1.0,2.0,-1.0,0.0,1.0,-1.0,75.0,25.0,50.0,50.0,D
2020-07-19,2020,Sirius,Norrkoping,4,2,H,O,4.66,3.83,1.71,5,1.0,,1.0,,6.0,,,7.0,,,-1.0,,,0.0,,,1.0,,,25.0,25.0,66.7,0.0,D
2020-07-19,2020,Ostersunds,Hacken,2,2,D,O,4.95,3.67,1.7,5,0.0,0.0,4.0,1.0,3.0,4.0,-1.0,9.0,6.0,3.0,-6.0,-2.0,-4.0,0.0,0.0,0.0,2.0,1.0,1.0,0.0,100.0,0.0,25.0,D
2020-07-19,2020,Malmo FF,Kalmar,2,1,H,O,1.29,5.22,10.38,5,2.0,1.0,0.0,3.0,6.0,3.0,3.0,3.0,8.0,-5.0,3.0,-5.0,8.0,1.0,1.0,0.0,0.0,1.0,-1.0,50.0,0.0,25.0,75.0,A
2020-07-19,2020,Falkenbergs,Helsingborg,2,2,D,O,2.44,3.17,2.96,5,0.0,0.0,3.0,2.0,2.0,3.0,-1.0,6.0,8.0,-2.0,-4.0,-5.0,1.0,0.0,0.0,0.0,1.0,1.0,0.0,0.0,75.0,0.0,50.0,H
2020-07-19,2020,Elfsborg,Djurgarden,1,0,H,U,2.84,3.23,2.49,4,,2.0,,2.0,,4.0,,,5.0,,,-1.0,,,1.0,,,1.0,,33.3,0.0,50.0,50.0,D
2020-07-16,2020,Varberg,Mjallby,1,0,H,U,2.97,3.15,2.45,4,,2.0,,1.0,,4.0,,,4.0,,,0.0,,,0.0,,,1.0,,66.7,33.3,50.0,25.0,
2020-07-16,2020,Ostersunds,Malmo FF,1,2,A,O,8.98,4.78,1.35,4,,,,,,,,,,,,,,,,,,,,0.0,100.0,0.0,33.3,
2020-07-16,2020,Norrkoping,Orebro,2,0,H,U,1.26,5.89,10.11,5,3.0,,0.0,,9.0,,,3.0,,,6.0,,,2.0,,,0.0,,,75.0,0.0,33.3,33.3,
2020-07-16,2020,Kalmar,Hammarby,1,2,A,O,3.35,3.51,2.09,4,,,,,,,,,,,,,,,,,,,,33.3,66.7,0.0,66.7,
2020-07-16,2020,Hacken,Elfsborg,6,0,H,O,2.3,3.21,3.2,4,,2.0,,0.0,,4.0,,,2.0,,,2.0,,,0.0,,,0.0,,66.7,0.0,50.0,0.0,
2020-07-15,2020,Goteborg,Helsingborg,1,1,D,U,1.85,3.45,4.33,5,1.0,,2.0,,4.0,,,5.0,,,-1.0,,,0.0,,,0.0,,,25.0,50.0,0.0,66.7,
2020-07-15,2020,Djurgarden,Falkenbergs,1,0,H,U,1.38,4.58,8.41,4,,,,,,,,,,,,,,,,,,,,33.3,33.3,33.3,33.3,
2020-07-15,2020,AIK,Sirius,1,0,H,U,2.18,3.16,3.5,4,,,,,,,,,,,,,,,,,,,,0.0,33.3,66.7,0.0,
2020-07-13,2020,Malmo FF,Norrkoping,1,1,D,U,1.94,3.51,3.84,4,,,,,,,,,,,,,,,,,,,,66.7,0.0,100.0,0.0,
2020-07-13,2020,Kalmar,Elfsborg,1,2,A,O,3.1,3.18,2.36,3,,,,,,,,,,,,,,,,,,,,50.0,50.0,33.3,0.0,
2020-07-12,2020,Orebro,Varberg,1,0,H,U,2.75,3.3,2.53,4,,,,,,,,,,,,,,,,,,,,0.0,33.3,33.3,33.3,D
2020-07-12,2020,Mjallby,Hacken,3,1,H,O,3.06,3.08,2.43,3,,,,,,,,,,,,,,,,,,,,50.0,50.0,0.0,0.0,H
2020-07-12,2020,Helsingborg,AIK,2,0,H,U,3.76,3.22,2.07,4,,,,,,,,,,,,,,,,,,,,0.0,66.7,66.7,33.3,D
2020-07-12,2020,Goteborg,Djurgarden,1,2,A,O,3.09,3.27,2.34,4,,,,,,,,,,,,,,,,,,,,33.3,33.3,33.3,66.7,A
2020-07-11,2020,Hammarby,Sirius,0,0,D,U,1.54,4.31,5.63,4,,,,,,,,,,,,,,,,,,,,66.7,33.3,100.0,0.0,D
2020-07-11,2020,Falkenbergs,Ostersunds,0,1,A,U,1.84,3.52,4.29,4,,,,,,,,,,,,,,,,,,,,0.0,66.7,33.3,33.3,D
2020-07-06,2020,Varberg,Kalmar,1,0,H,U,2.46,3.19,2.93,3,,,,,,,,,,,,,,,,,,,,50.0,50.0,33.3,66.7,
2020-07-06,2020,Ostersunds,Mjallby,0,1,A,U,2.92,3.28,2.42,3,,,,,,,,,,,,,,,,,,,,0.0,100.0,33.3,33.3,
2020-07-06,2020,Norrkoping,Goteborg,3,1,H,O,1.56,4.23,5.54,4,,,,,,,,,,,,,,,,,,,,66.7,0.0,50.0,0.0,
2020-07-06,2020,Djurgarden,Helsingborg,2,2,D,O,1.32,5.13,9.5,3,,,,,,,,,,,,,,,,,,,,50.0,50.0,0.0,100.0,
2020-07-05,2020,Sirius,Orebro,2,1,H,O,2.05,3.51,3.5,4,,,,,,,,,,,,,,,,,,,,0.0,33.3,50.0,0.0,A
2020-07-05,2020,Hacken,Hammarby,3,0,H,O,2.58,3.35,2.68,3,,,,,,,,,,,,,,,,,,,,50.0,0.0,0.0,50.0,H
2020-07-05,2020,Elfsborg,Malmo FF,1,0,H,U,3.64,3.3,2.08,3,,,,,,,,,,,,,,,,,,,,0.0,0.0,0.0,0.0,H
2020-07-05,2020,AIK,Falkenbergs,1,1,D,U,1.64,3.82,5.31,3,,,,,,,,,,,,,,,,,,,,0.0,50.0,50.0,50.0,D
2020-07-02,2020,Orebro,Hacken,0,0,D,U,3.7,3.48,2.0,3,,,,,,,,,,,,,,,,,,,,0.0,50.0,0.0,0.0,
2020-07-02,2020,Helsingborg,Mjallby,0,1,A,U,3.13,3.3,2.29,3,,,,,,,,,,,,,,,,,,,,0.0,50.0,0.0,50.0,
2020-07-02,2020,Hammarby,Varberg,1,0,H,U,1.44,4.7,6.53,3,,,,,,,,,,,,,,,,,,,,50.0,50.0,50.0,0.0,
2020-07-02,2020,Goteborg,AIK,1,0,H,U,2.43,3.15,3.02,3,,,,,,,,,,,,,,,,,,,,0.0,50.0,100.0,0.0,
2020-07-02,2020,Falkenbergs,Sirius,1,2,A,O,2.88,3.24,2.48,3,,,,,,,,,,,,,,,,,,,,0.0,50.0,100.0,0.0,
2020-07-01,2020,Norrkoping,Elfsborg,1,1,D,U,1.87,3.69,3.93,3,,,,,,,,,,,,,,,,,,,,100.0,0.0,50.0,0.0,
2020-07-01,2020,Malmo FF,Djurgarden,1,0,H,U,1.85,3.59,4.22,3,,,,,,,,,,,,,,,,,,,,50.0,0.0,50.0,50.0,
2020-07-01,2020,Kalmar,Ostersunds,1,2,A,O,1.81,3.64,4.3,2,,,,,,,,,,,,,,,,,,,,100.0,0.0,0.0,50.0,
2020-06-29,2020,Varberg,Falkenbergs,3,1,H,O,2.3,3.33,3.08,2,,,,,,,,,,,,,,,,,,,,0.0,100.0,100.0,0.0,
2020-06-29,2020,Hacken,Helsingborg,1,0,H,U,1.46,4.5,6.67,2,,,,,,,,,,,,,,,,,,,,0.0,0.0,0.0,100.0,
2020-06-28,2020,Sirius,Goteborg,2,2,D,O,2.52,3.16,2.88,3,,,,,,,,,,,,,,,,,,,,0.0,50.0,100.0,0.0,D
2020-06-28,2020,Mjallby,Hammarby,2,1,H,O,4.53,3.74,1.75,2,,,,,,,,,,,,,,,,,,,,0.0,100.0,0.0,0.0,A
2020-06-28,2020,Elfsborg,Orebro,1,1,D,U,1.94,3.55,3.84,2,,,,,,,,,,,,,,,,,,,,0.0,0.0,100.0,0.0,A
2020-06-28,2020,Djurgarden,Kalmar,5,0,H,O,1.89,3.44,4.21,2,,,,,,,,,,,,,,,,,,,,0.0,100.0,50.0,50.0,H
2020-06-28,2020,AIK,Malmo FF,2,2,D,O,3.59,3.24,2.12,2,,,,,,,,,,,,,,,,,,,,0.0,100.0,0.0,0.0,H
2020-06-27,2020,Ostersunds,Norrkoping,2,4,A,O,4.92,3.81,1.69,2,,,,,,,,,,,,,,,,,,,,0.0,100.0,100.0,0.0,D
2020-06-22,2020,Sirius,Hacken,2,2,D,O,3.6,3.33,2.08,2,,,,,,,,,,,,,,,,,,,,0.0,100.0,0.0,0.0,
2020-06-22,2020,Helsingborg,Elfsborg,0,0,D,U,5.17,3.94,1.64,2,,,,,,,,,,,,,,,,,,,,0.0,100.0,100.0,0.0,
2020-06-22,2020,Goteborg,Mjallby,2,2,D,O,2.2,3.13,3.52,2,,,,,,,,,,,,,,,,,,,,0.0,100.0,0.0,100.0,
2020-06-21,2020,Orebro,Ostersunds,0,0,D,U,2.03,3.48,3.61,2,,,,,,,,,,,,,,,,,,,,0.0,100.0,0.0,100.0,D
2020-06-21,2020,Norrkoping,Djurgarden,3,0,H,O,2.24,3.28,3.25,2,,,,,,,,,,,,,,,,,,,,100.0,0.0,100.0,0.0,H
2020-06-21,2020,Malmo FF,Varberg,2,2,D,O,1.28,5.47,10.84,2,,,,,,,,,,,,,,,,,,,,100.0,0.0,100.0,0.0,D
2020-06-21,2020,Hammarby,AIK,0,2,A,U,1.86,3.6,4.09,2,,,,,,,,,,,,,,,,,,,,100.0,0.0,100.0,0.0,D
2020-06-21,2020,Falkenbergs,Kalmar,0,2,A,U,3.44,3.28,2.16,2,,,,,,,,,,,,,,,,,,,,0.0,0.0,0.0,100.0,D
2020-06-18,2020,Varberg,Goteborg,1,2,A,O,3.14,3.15,2.36,1,,,,,,,,,,,,,,,,,,,,,,,,
2020-06-18,2020,Ostersunds,Sirius,0,2,A,U,2.47,3.25,2.88,1,,,,,,,,,,,,,,,,,,,,,,,,
2020-06-18,2020,Mjallby,Falkenbergs,0,1,A,U,2.15,3.4,3.33,1,,,,,,,,,,,,,,,,,,,,,,,,
2020-06-18,2020,Kalmar,Helsingborg,4,0,H,O,1.76,3.54,4.78,1,,,,,,,,,,,,,,,,,,,,,,,,
2020-06-18,2020,Hacken,Malmo FF,1,1,D,U,2.98,3.13,2.48,1,,,,,,,,,,,,,,,,,,,,,,,,
2020-06-17,2020,Elfsborg,Hammarby,2,2,D,O,3.4,3.59,2.06,1,,,,,,,,,,,,,,,,,,,,,,,,
2020-06-17,2020,Djurgarden,Orebro,1,2,A,O,1.53,4.13,6.21,1,,,,,,,,,,,,,,,,,,,,,,,,
2020-06-17,2020,AIK,Norrkoping,1,4,A,O,2.8,3.04,2.68,1,,,,,,,,,,,,,,,,,,,,,,,,
2020-06-15,2020,Malmo FF,Mjallby,2,0,H,U,1.38,4.7,8.21,1,,,,,,,,,,,,,,,,,,,,,,,,
2020-06-15,2020,Helsingborg,Varberg,0,3,A,O,2.6,3.34,2.64,1,,,,,,,,,,,,,,,,,,,,,,,,
2020-06-15,2020,Falkenbergs,Hacken,1,1,D,U,5.08,3.76,1.68,1,,,,,,,,,,,,,,,,,,,,,,,,
2020-06-14,2020,Sirius,Djurgarden,0,2,A,U,6.27,3.82,1.57,1,,,,,,,,,,,,,,,,,,,,,,,,A
2020-06-14,2020,Orebro,AIK,0,2,A,U,4.02,3.33,1.97,1,,,,,,,,,,,,,,,,,,,,,,,,D
2020-06-14,2020,Norrkoping,Kalmar,2,1,H,O,1.86,3.47,4.31,1,,,,,,,,,,,,,,,,,,,,,,,,D
2020-06-14,2020,Hammarby,Ostersunds,2,0,H,U,1.31,5.46,8.68,1,,,,,,,,,,,,,,,,,,,,,,,,H
2020-06-14,2020,Goteborg,Elfsborg,0,1,A,U,2.05,3.31,3.71,1,,,,,,,,,,,,,,,,,,,,,,,,A
2019-11-10,2019,Kalmar,Brage,2,2,D,O,1.72,3.49,5.14,16,0.0,,2.0,,3.0,,,6.0,,,-3.0,,,0.0,,,1.0,,,6.7,40.0,,,D
2019-11-06,2019,Brage,Kalmar,0,2,A,U,2.97,3.13,2.43,1,,1.0,,3.0,,2.0,,,7.0,,,-5.0,,,0.0,,,2.0,,,,20.0,60.0,
2019-11-02,2019,Sirius,Kalmar,3,0,H,O,4.98,3.83,1.66,15,2.0,1.0,2.0,3.0,8.0,2.0,6.0,8.0,8.0,0.0,0.0,-6.0,6.0,1.0,0.0,1.0,1.0,2.0,-1.0,28.6,64.3,21.4,57.1,D
2019-11-02,2019,Orebro,Malmo FF,0,5,A,O,13.83,6.96,1.18,15,2.0,3.0,0.0,1.0,7.0,9.0,-2.0,3.0,2.0,1.0,4.0,7.0,-3.0,2.0,2.0,0.0,0.0,1.0,-1.0,28.6,42.9,42.9,14.3,A
2019-11-02,2019,Norrkoping,Djurgarden,2,2,D,O,3.17,3.07,2.39,15,4.0,3.0,0.0,1.0,10.0,7.0,3.0,0.0,3.0,-3.0,10.0,4.0,6.0,3.0,1.0,2.0,0.0,0.0,0.0,71.4,14.3,71.4,14.3,H
2019-11-02,2019,Helsingborg,Elfsborg,1,2,A,O,2.6,3.52,2.55,15,3.0,2.0,1.0,0.0,6.0,8.0,-2.0,3.0,6.0,-3.0,3.0,2.0,1.0,2.0,0.0,2.0,1.0,0.0,1.0,42.9,35.7,21.4,50.0,A
2019-11-02,2019,Hammarby,Hacken,4,1,H,O,1.37,5.18,7.17,15,4.0,2.0,0.0,0.0,15.0,5.0,10.0,4.0,1.0,3.0,11.0,4.0,7.0,3.0,2.0,1.0,0.0,0.0,0.0,85.7,0.0,42.9,21.4,H
2019-11-02,2019,Goteborg,Ostersunds,7,1,H,O,1.56,4.07,5.77,15,2.0,0.0,1.0,3.0,6.0,1.0,5.0,2.0,6.0,-4.0,4.0,-5.0,9.0,1.0,0.0,1.0,0.0,2.0,-2.0,50.0,14.3,7.1,57.1,H
2019-11-02,2019,Falkenbergs,AFC Eskilstuna,1,0,H,U,1.6,4.18,5.09,15,1.0,0.0,3.0,3.0,2.0,2.0,0.0,9.0,9.0,0.0,-7.0,-7.0,0.0,0.0,0.0,0.0,3.0,2.0,1.0,28.6,42.9,7.1,78.6,D
2019-11-02,2019,AIK,Sundsvall,2,1,H,O,1.74,3.81,4.49,15,3.0,1.0,1.0,2.0,5.0,2.0,3.0,2.0,4.0,-2.0,3.0,-2.0,5.0,1.0,1.0,0.0,0.0,1.0,-1.0,71.4,14.3,7.1,64.3,D
2019-10-28,2019,Malmo FF,AIK,2,0,H,U,1.67,3.64,5.4,15,3.0,2.0,1.0,1.0,5.0,9.0,-4.0,1.0,5.0,-4.0,4.0,4.0,0.0,1.0,1.0,0.0,0.0,0.0,0.0,78.6,7.1,57.1,21.4,
2019-10-28,2019,Elfsborg,Goteborg,2,0,H,U,2.55,3.51,2.61,15,1.0,1.0,1.0,3.0,6.0,4.0,2.0,5.0,8.0,-3.0,1.0,-4.0,5.0,1.0,1.0,0.0,1.0,1.0,0.0,42.9,14.3,35.7,35.7,
2019-10-28,2019,Djurgarden,Orebro,3,0,H,O,1.13,8.39,19.21,15,3.0,1.0,1.0,3.0,7.0,5.0,2.0,2.0,13.0,-11.0,5.0,-8.0,13.0,2.0,0.0,2.0,0.0,3.0,-3.0,64.3,14.3,35.7,50.0,
2019-10-27,2019,Ostersunds,Hammarby,1,2,A,O,7.67,5.16,1.36,15,1.0,3.0,3.0,1.0,5.0,7.0,-2.0,7.0,4.0,3.0,-2.0,3.0,-5.0,1.0,2.0,-1.0,1.0,1.0,0.0,28.6,35.7,42.9,35.7,
2019-10-27,2019,Hacken,Norrkoping,0,1,A,U,2.6,3.51,2.57,15,1.0,2.0,2.0,1.0,7.0,8.0,-1.0,6.0,5.0,1.0,1.0,3.0,-2.0,1.0,2.0,-1.0,0.0,0.0,0.0,57.1,28.6,35.7,21.4,D
2019-10-27,2019,AFC Eskilstuna,Sirius,0,0,D,U,2.76,3.33,2.52,15,1.0,0.0,2.0,3.0,3.0,3.0,0.0,5.0,7.0,-2.0,-2.0,-4.0,2.0,0.0,0.0,0.0,1.0,1.0,0.0,21.4,42.9,21.4,57.1,D
2019-10-26,2019,Sundsvall,Helsingborg,1,2,A,O,1.52,4.15,6.22,15,1.0,0.0,2.0,4.0,7.0,1.0,6.0,11.0,12.0,-1.0,-4.0,-11.0,7.0,0.0,0.0,0.0,2.0,3.0,-1.0,21.4,50.0,7.1,71.4,D
2019-10-26,2019,Kalmar,Falkenbergs,2,3,A,O,1.69,3.7,5.11,15,0.0,0.0,2.0,4.0,1.0,1.0,0.0,8.0,11.0,-3.0,-7.0,-10.0,3.0,0.0,0.0,0.0,2.0,3.0,-1.0,7.1,35.7,0.0,78.6,D
2019-10-21,2019,Orebro,Elfsborg,2,2,D,O,3.25,3.57,2.12,14,2.0,2.0,1.0,1.0,6.0,6.0,0.0,3.0,6.0,-3.0,3.0,0.0,3.0,2.0,0.0,2.0,0.0,1.0,-1.0,30.8,46.2,23.1,53.8,
2019-10-21,2019,Goteborg,Djurgarden,0,1,A,U,4.58,3.67,1.76,14,2.0,3.0,0.0,1.0,7.0,7.0,0.0,2.0,3.0,-1.0,5.0,4.0,1.0,1.0,1.0,0.0,0.0,0.0,0.0,53.8,7.7,69.2,15.4,
2019-10-20,2019,Norrkoping,Kalmar,1,0,H,U,1.57,4.04,5.67,14,4.0,2.0,0.0,2.0,14.0,4.0,10.0,0.0,8.0,-8.0,14.0,-4.0,18.0,4.0,0.0,4.0,0.0,2.0,-2.0,69.2,15.4,23.1,53.8,D
2019-10-20,2019,Hammarby,Malmo FF,2,0,H,U,2.94,3.58,2.28,14,4.0,3.0,0.0,0.0,16.0,10.0,6.0,4.0,1.0,3.0,12.0,9.0,3.0,3.0,2.0,1.0,0.0,0.0,0.0,84.6,0.0,46.2,7.7,H
2019-10-20,2019,Falkenbergs,AIK,1,5,A,O,4.74,3.51,1.78,14,1.0,2.0,2.0,1.0,2.0,7.0,-5.0,5.0,5.0,0.0,-3.0,2.0,-5.0,0.0,1.0,-1.0,2.0,0.0,2.0,30.8,38.5,53.8,23.1,A
2019-10-19,2019,Ostersunds,Sirius,2,0,H,U,2.03,3.39,3.68,14,0.0,0.0,4.0,3.0,4.0,3.0,1.0,9.0,9.0,0.0,-5.0,-6.0,1.0,0.0,0.0,0.0,1.0,1.0,0.0,23.1,38.5,23.1,53.8,D
2019-10-19,2019,Helsingborg,Hacken,0,2,A,U,3.12,3.45,2.22,14,3.0,2.0,1.0,0.0,7.0,5.0,2.0,3.0,2.0,1.0,4.0,3.0,1.0,2.0,1.0,1.0,0.0,0.0,0.0,46.2,30.8,38.5,23.1,A
2019-10-18,2019,AFC Eskilstuna,Sundsvall,1,0,H,U,3.74,3.48,1.98,14,0.0,1.0,3.0,2.0,4.0,2.0,2.0,9.0,5.0,4.0,-5.0,-3.0,-2.0,0.0,1.0,-1.0,2.0,2.0,0.0,15.4,46.2,7.7,61.5,
2019-10-06,2019,Malmo FF,Goteborg,1,0,H,U,1.5,4.28,6.27,14,3.0,2.0,1.0,2.0,9.0,6.0,3.0,1.0,8.0,-7.0,8.0,-2.0,10.0,2.0,1.0,1.0,0.0,1.0,-1.0,76.9,7.7,38.5,30.8,D
2019-10-06,2019,Kalmar,AFC Eskilstuna,0,0,D,U,1.37,4.63,8.9,14,0.0,0.0,2.0,4.0,2.0,2.0,0.0,9.0,12.0,-3.0,-7.0,-10.0,3.0,0.0,0.0,0.0,2.0,3.0,-1.0,7.7,38.5,7.7,84.6,D
2019-10-06,2019,Hacken,Ostersunds,1,1,D,U,1.48,4.45,6.26,14,1.0,0.0,2.0,4.0,7.0,1.0,6.0,6.0,9.0,-3.0,1.0,-8.0,9.0,1.0,0.0,1.0,0.0,3.0,-3.0,61.5,30.8,7.7,61.5,H
2019-10-06,2019,Elfsborg,Falkenbergs,4,0,H,O,2.05,3.64,3.36,14,1.0,0.0,1.0,4.0,6.0,1.0,5.0,6.0,12.0,-6.0,0.0,-11.0,11.0,1.0,0.0,1.0,1.0,3.0,-2.0,38.5,15.4,0.0,76.9,H
2019-10-06,2019,Djurgarden,Hammarby,1,2,A,O,2.16,3.6,3.13,14,4.0,2.0,0.0,1.0,10.0,7.0,3.0,0.0,5.0,-5.0,10.0,2.0,8.0,3.0,2.0,1.0,0.0,1.0,-1.0,69.2,7.7,38.5,38.5,D
2019-10-05,2019,Sundsvall,Norrkoping,4,4,D,O,4.87,3.89,1.68,14,1.0,2.0,3.0,1.0,4.0,4.0,0.0,9.0,1.0,8.0,-5.0,3.0,-8.0,0.0,2.0,-2.0,2.0,0.0,2.0,23.1,53.8,38.5,23.1,H
2019-10-05,2019,Sirius,Helsingborg,2,1,H,O,2.25,3.27,3.23,14,1.0,0.0,3.0,4.0,6.0,1.0,5.0,9.0,12.0,-3.0,-3.0,-11.0,8.0,1.0,0.0,1.0,2.0,3.0,-1.0,23.1,69.2,7.7,69.2,H
2019-10-05,2019,AIK,Orebro,2,0,H,U,1.3,5.13,10.42,14,3.0,1.0,1.0,2.0,5.0,6.0,-1.0,2.0,12.0,-10.0,3.0,-6.0,9.0,1.0,0.0,1.0,0.0,2.0,-2.0,69.2,15.4,38.5,46.2,D
2019-09-30,2019,Ostersunds,Djurgarden,1,2,A,O,5.76,4.09,1.55,13,0.0,3.0,3.0,1.0,3.0,6.0,-3.0,7.0,2.0,5.0,-4.0,4.0,-8.0,0.0,1.0,-1.0,1.0,0.0,1.0,25.0,33.3,66.7,16.7,
2019-09-30,2019,Helsingborg,Kalmar,2,0,H,U,2.43,3.09,3.07,13,2.0,2.0,2.0,2.0,6.0,5.0,1.0,7.0,8.0,-1.0,-1.0,-3.0,2.0,1.0,0.0,1.0,1.0,1.0,0.0,41.7,33.3,25.0,50.0,
2019-09-30,2019,Hammarby,Orebro,5,1,H,O,1.19,7.09,12.47,13,4.0,2.0,0.0,1.0,13.0,9.0,4.0,4.0,8.0,-4.0,9.0,1.0,8.0,2.0,1.0,1.0,0.0,1.0,-1.0,83.3,0.0,41.7,41.7,
2019-09-29,2019,Sundsvall,Sirius,2,1,H,O,2.07,3.3,3.66,13,0.0,0.0,3.0,3.0,3.0,3.0,0.0,9.0,11.0,-2.0,-6.0,-8.0,2.0,0.0,0.0,0.0,2.0,2.0,0.0,16.7,58.3,25.0,50.0,D
2019-09-29,2019,Goteborg,Hacken,0,0,D,U,3.35,3.38,2.16,13,2.0,2.0,0.0,1.0,7.0,5.0,2.0,2.0,4.0,-2.0,5.0,1.0,4.0,1.0,1.0,0.0,0.0,1.0,-1.0,58.3,8.3,41.7,25.0,D
2019-09-29,2019,Falkenbergs,Norrkoping,0,2,A,U,4.43,4.06,1.7,13,2.0,1.0,1.0,2.0,4.0,3.0,1.0,3.0,3.0,0.0,1.0,0.0,1.0,1.0,1.0,0.0,1.0,0.0,1.0,33.3,33.3,33.3,25.0,A
2019-09-29,2019,Elfsborg,AIK,1,1,D,U,3.99,3.42,1.94,13,1.0,3.0,2.0,1.0,5.0,10.0,-5.0,6.0,6.0,0.0,-1.0,4.0,-5.0,1.0,2.0,-1.0,1.0,0.0,1.0,41.7,16.7,58.3,25.0,D
2019-09-29,2019,AFC Eskilstuna,Malmo FF,0,1,A,U,13.0,6.42,1.21,13,0.0,2.0,3.0,0.0,5.0,9.0,-4.0,14.0,1.0,13.0,-9.0,8.0,-17.0,0.0,2.0,-2.0,3.0,0.0,3.0,16.7,41.7,41.7,8.3,D
2019-09-26,2019,Norrkoping,AFC Eskilstuna,4,0,H,O,1.19,6.77,14.06,13,4.0,1.0,0.0,3.0,12.0,4.0,8.0,0.0,9.0,-9.0,12.0,-5.0,17.0,4.0,0.0,4.0,0.0,2.0,-2.0,66.7,16.7,8.3,83.3,
2019-09-26,2019,Malmo FF,Helsingborg,3,0,H,O,1.26,5.66,11.43,13,2.0,0.0,1.0,3.0,7.0,2.0,5.0,2.0,10.0,-8.0,5.0,-8.0,13.0,1.0,0.0,1.0,0.0,2.0,-2.0,75.0,8.3,8.3,66.7,
2019-09-25,2019,Sirius,Hammarby,1,3,A,O,4.94,4.5,1.57,13,1.0,2.0,3.0,1.0,5.0,10.0,-5.0,8.0,5.0,3.0,-3.0,5.0,-8.0,1.0,2.0,-1.0,2.0,1.0,1.0,25.0,66.7,33.3,41.7,
2019-09-25,2019,Orebro,Ostersunds,2,0,H,U,2.21,3.38,3.23,13,1.0,0.0,1.0,3.0,6.0,2.0,4.0,5.0,8.0,-3.0,1.0,-6.0,7.0,1.0,0.0,1.0,0.0,2.0,-2.0,25.0,50.0,8.3,58.3,
2019-09-25,2019,Hacken,Elfsborg,1,2,A,O,1.44,4.65,6.61,13,2.0,1.0,1.0,2.0,10.0,6.0,4.0,5.0,10.0,-5.0,5.0,-4.0,9.0,2.0,0.0,2.0,0.0,2.0,-2.0,66.7,25.0,16.7,58.3,
2019-09-25,2019,AIK,Goteborg,1,0,H,U,1.86,3.34,4.49,13,3.0,2.0,1.0,1.0,7.0,8.0,-1.0,2.0,9.0,-7.0,5.0,-1.0,6.0,2.0,1.0,1.0,0.0,1.0,-1.0,66.7,16.7,41.7,25.0,
2019-09-24,2019,Kalmar,Sundsvall,0,2,A,U,2.01,3.36,3.78,13,0.0,0.0,1.0,3.0,4.0,1.0,3.0,9.0,7.0,2.0,-5.0,-6.0,1.0,0.0,0.0,0.0,1.0,2.0,-1.0,8.3,33.3,0.0,66.7,
2019-09-24,2019,Djurgarden,Falkenbergs,1,0,H,U,1.22,6.6,11.82,13,4.0,0.0,0.0,3.0,11.0,2.0,9.0,0.0,12.0,-12.0,11.0,-10.0,21.0,4.0,0.0,4.0,0.0,3.0,-3.0,66.7,8.3,0.0,75.0,
2019-09-22,2019,Helsingborg,AFC Eskilstuna,2,1,H,O,1.52,4.15,6.25,12,2.0,1.0,2.0,3.0,5.0,3.0,2.0,6.0,8.0,-2.0,-1.0,-5.0,4.0,1.0,0.0,1.0,1.0,2.0,-1.0,36.4,36.4,9.1,81.8,H
2019-09-22,2019,Hammarby,AIK,2,1,H,O,2.21,3.29,3.3,12,4.0,4.0,0.0,0.0,16.0,11.0,5.0,5.0,4.0,1.0,11.0,7.0,4.0,3.0,3.0,0.0,0.0,0.0,0.0,81.8,0.0,63.6,18.2,H
2019-09-22,2019,Elfsborg,Malmo FF,0,3,A,O,5.26,4.1,1.6,12,2.0,1.0,1.0,0.0,7.0,7.0,0.0,4.0,2.0,2.0,3.0,5.0,-2.0,1.0,1.0,0.0,0.0,0.0,0.0,45.5,9.1,36.4,9.1,D
2019-09-21,2019,Norrkoping,Orebro,3,0,H,O,1.45,4.55,6.72,12,4.0,2.0,0.0,1.0,12.0,9.0,3.0,0.0,8.0,-8.0,12.0,1.0,11.0,4.0,1.0,3.0,0.0,1.0,-1.0,63.6,18.2,45.5,36.4,H
2019-09-21,2019,Kalmar,Hacken,1,1,D,U,3.75,3.31,2.04,12,0.0,3.0,2.0,1.0,3.0,5.0,-2.0,9.0,3.0,6.0,-6.0,2.0,-8.0,0.0,1.0,-1.0,1.0,1.0,0.0,9.1,36.4,45.5,27.3,H
2019-09-21,2019,Goteborg,Sirius,2,1,H,O,1.66,3.93,4.96,12,2.0,0.0,0.0,2.0,6.0,3.0,3.0,1.0,10.0,-9.0,5.0,-7.0,12.0,1.0,0.0,1.0,0.0,2.0,-2.0,54.5,9.1,27.3,45.5,
2019-09-21,2019,Falkenbergs,Ostersunds,1,0,H,U,1.93,3.62,3.78,12,1.0,0.0,1.0,3.0,4.0,2.0,2.0,4.0,10.0,-6.0,0.0,-8.0,8.0,1.0,0.0,1.0,1.0,3.0,-2.0,27.3,36.4,9.1,54.5,H
2019-09-20,2019,Sundsvall,Djurgarden,1,4,A,O,5.45,3.69,1.65,12,0.0,3.0,3.0,1.0,2.0,3.0,-1.0,6.0,1.0,5.0,-4.0,2.0,-6.0,0.0,0.0,0.0,1.0,0.0,1.0,18.2,54.5,63.6,18.2,
2019-09-16,2019,Djurgarden,Helsingborg,2,0,H,U,1.31,5.25,9.5,12,3.0,0.0,0.0,3.0,10.0,2.0,8.0,1.0,10.0,-9.0,9.0,-8.0,17.0,3.0,0.0,3.0,0.0,2.0,-2.0,63.6,9.1,9.1,63.6,
2019-09-16,2019,AFC Eskilstuna,Elfsborg,2,2,D,O,3.35,3.49,2.11,12,1.0,1.0,3.0,3.0,6.0,4.0,2.0,13.0,11.0,2.0,-7.0,-7.0,0.0,1.0,0.0,1.0,3.0,3.0,0.0,18.2,45.5,18.2,63.6,
2019-09-15,2019,Malmo FF,Norrkoping,1,0,H,U,1.53,4.22,5.83,12,2.0,2.0,1.0,1.0,8.0,5.0,3.0,3.0,2.0,1.0,5.0,3.0,2.0,1.0,2.0,-1.0,0.0,0.0,0.0,72.7,9.1,36.4,18.2,D
2019-09-15,2019,Hammarby,Goteborg,6,2,H,O,1.84,3.76,4.01,11,4.0,2.0,0.0,0.0,16.0,7.0,9.0,5.0,4.0,1.0,11.0,3.0,8.0,3.0,1.0,2.0,0.0,0.0,0.0,80.0,0.0,45.5,18.2,H
2019-09-15,2019,Hacken,AIK,1,2,A,O,2.3,3.09,3.33,12,3.0,4.0,0.0,0.0,12.0,10.0,2.0,3.0,3.0,0.0,9.0,7.0,2.0,3.0,3.0,0.0,0.0,0.0,0.0,72.7,18.2,60.0,20.0,A
2019-09-14,2019,Ostersunds,Kalmar,1,2,A,O,2.4,3.25,2.98,12,1.0,1.0,2.0,3.0,4.0,4.0,0.0,6.0,10.0,-4.0,-2.0,-6.0,4.0,0.0,0.0,0.0,1.0,2.0,-1.0,27.3,27.3,18.2,54.5,H
2019-09-14,2019,Orebro,Sundsvall,0,0,D,U,2.24,3.29,3.24,12,2.0,0.0,1.0,3.0,10.0,2.0,8.0,5.0,8.0,-3.0,5.0,-6.0,11.0,2.0,0.0,2.0,0.0,2.0,-2.0,27.3,54.5,0.0,72.7,D
2019-09-13,2019,Sirius,Falkenbergs,2,0,H,U,2.03,3.56,3.5,12,0.0,0.0,3.0,3.0,4.0,2.0,2.0,9.0,14.0,-5.0,-5.0,-12.0,7.0,0.0,0.0,0.0,2.0,3.0,-1.0,18.2,72.7,0.0,72.7,
2019-09-01,2019,Sundsvall,Goteborg,0,2,A,U,3.66,3.46,2.01,11,0.0,1.0,3.0,0.0,4.0,5.0,-1.0,7.0,4.0,3.0,-3.0,1.0,-4.0,0.0,0.0,0.0,0.0,0.0,0.0,20.0,50.0,40.0,20.0,A
2019-09-01,2019,Norrkoping,Hammarby,2,0,H,U,2.3,3.57,2.91,11,4.0,3.0,0.0,0.0,12.0,13.0,-1.0,1.0,5.0,-4.0,11.0,8.0,3.0,3.0,2.0,1.0,0.0,0.0,0.0,60.0,20.0,36.4,36.4,H
2019-09-01,2019,Kalmar,Malmo FF,0,5,A,O,4.46,3.42,1.84,11,0.0,0.0,2.0,0.0,3.0,2.0,1.0,5.0,2.0,3.0,-2.0,0.0,-2.0,0.0,0.0,0.0,0.0,0.0,0.0,10.0,30.0,30.0,10.0,A
2019-09-01,2019,Hacken,Falkenbergs,4,1,H,O,1.35,5.28,7.66,11,3.0,0.0,0.0,3.0,10.0,3.0,7.0,2.0,16.0,-14.0,8.0,-13.0,21.0,3.0,0.0,3.0,0.0,3.0,-3.0,70.0,20.0,0.0,70.0,H
2019-09-01,2019,AIK,Djurgarden,1,0,H,U,2.79,2.94,2.77,12,2.0,3.0,1.0,0.0,6.0,4.0,2.0,2.0,1.0,1.0,4.0,3.0,1.0,2.0,0.0,2.0,0.0,0.0,0.0,63.6,18.2,70.0,10.0,H
2019-08-31,2019,Orebro,AFC Eskilstuna,3,1,H,O,1.64,3.81,5.32,11,1.0,1.0,2.0,2.0,7.0,2.0,5.0,5.0,5.0,0.0,2.0,-3.0,5.0,1.0,0.0,1.0,0.0,1.0,-1.0,20.0,60.0,10.0,80.0,H
2019-08-31,2019,Elfsborg,Sirius,1,1,D,U,2.0,3.54,3.61,11,2.0,0.0,1.0,3.0,7.0,2.0,5.0,4.0,10.0,-6.0,3.0,-8.0,11.0,1.0,0.0,1.0,0.0,2.0,-2.0,50.0,10.0,30.0,50.0,H
2019-08-30,2019,Helsingborg,Ostersunds,2,0,H,U,2.14,3.23,3.54,11,1.0,0.0,3.0,2.0,3.0,3.0,0.0,7.0,9.0,-2.0,-4.0,-6.0,2.0,0.0,0.0,0.0,1.0,2.0,-1.0,30.0,40.0,10.0,50.0,
2019-08-26,2019,Sundsvall,Elfsborg,1,2,A,O,2.47,3.26,2.89,10,0.0,0.0,2.0,4.0,3.0,3.0,0.0,5.0,12.0,-7.0,-2.0,-9.0,7.0,0.0,0.0,0.0,0.0,3.0,-3.0,22.2,44.4,10.0,70.0,
2019-08-26,2019,Goteborg,Kalmar,4,0,H,O,1.99,3.34,3.91,11,2.0,1.0,0.0,3.0,4.0,4.0,0.0,2.0,8.0,-6.0,2.0,-4.0,6.0,0.0,0.0,0.0,0.0,2.0,-2.0,50.0,10.0,20.0,50.0,
2019-08-26,2019,Falkenbergs,Hammarby,0,2,A,U,5.6,4.68,1.5,11,2.0,2.0,0.0,1.0,6.0,11.0,-5.0,3.0,7.0,-4.0,3.0,4.0,-1.0,1.0,1.0,0.0,0.0,1.0,-1.0,30.0,30.0,30.0,40.0,
2019-08-25,2019,Ostersunds,AIK,1,3,A,O,4.4,3.4,1.87,11,1.0,3.0,1.0,0.0,3.0,8.0,-5.0,3.0,3.0,0.0,0.0,5.0,-5.0,0.0,2.0,-2.0,0.0,0.0,0.0,30.0,20.0,55.6,22.2,D
2019-08-25,2019,Norrkoping,Helsingborg,5,0,H,O,1.42,4.62,7.44,10,3.0,0.0,1.0,2.0,7.0,3.0,4.0,2.0,6.0,-4.0,5.0,-3.0,8.0,2.0,0.0,2.0,0.0,1.0,-1.0,55.6,22.2,10.0,60.0,H
2019-08-25,2019,Malmo FF,Djurgarden,0,1,A,U,1.91,3.4,4.17,11,3.0,3.0,0.0,0.0,10.0,5.0,5.0,3.0,1.0,2.0,7.0,4.0,3.0,1.0,1.0,0.0,0.0,0.0,0.0,80.0,0.0,66.7,11.1,D
2019-08-25,2019,AFC Eskilstuna,Hacken,0,2,A,U,8.6,4.9,1.36,11,1.0,2.0,2.0,2.0,7.0,4.0,3.0,12.0,5.0,7.0,-5.0,-1.0,-4.0,1.0,0.0,1.0,2.0,1.0,1.0,20.0,40.0,40.0,30.0,D
2019-08-24,2019,Sirius,Orebro,3,4,A,O,2.43,3.4,2.83,11,0.0,1.0,3.0,2.0,1.0,6.0,-5.0,7.0,7.0,0.0,-6.0,-1.0,-5.0,0.0,1.0,-1.0,3.0,1.0,2.0,20.0,70.0,40.0,40.0,A
2019-08-19,2019,Helsingborg,Goteborg,1,2,A,O,2.89,3.09,2.55,10,1.0,1.0,2.0,0.0,3.0,5.0,-2.0,6.0,4.0,2.0,-3.0,1.0,-4.0,0.0,0.0,0.0,1.0,0.0,1.0,33.3,33.3,33.3,22.2,
2019-08-19,2019,Elfsborg,Ostersunds,4,1,H,O,1.91,3.51,3.98,10,1.0,0.0,1.0,2.0,3.0,3.0,0.0,3.0,8.0,-5.0,0.0,-5.0,5.0,0.0,0.0,0.0,0.0,2.0,-2.0,44.4,11.1,11.1,44.4,
2019-08-19,2019,Djurgarden,AFC Eskilstuna,3,0,H,O,1.15,7.47,18.06,11,3.0,1.0,0.0,2.0,9.0,2.0,7.0,1.0,7.0,-6.0,8.0,-5.0,13.0,3.0,0.0,3.0,0.0,1.0,-1.0,60.0,10.0,11.1,77.8,
2019-08-18,2019,Sirius,Norrkoping,0,2,A,U,3.98,3.68,1.87,10,0.0,2.0,3.0,1.0,4.0,5.0,-1.0,9.0,2.0,7.0,-5.0,3.0,-8.0,0.0,2.0,-2.0,2.0,0.0,2.0,22.2,66.7,30.0,20.0,D
2019-08-18,2019,Orebro,Hacken,1,2,A,O,3.75,3.56,1.95,10,1.0,1.0,2.0,2.0,6.0,2.0,4.0,5.0,4.0,1.0,1.0,-2.0,3.0,1.0,0.0,1.0,1.0,1.0,0.0,22.2,55.6,33.3,33.3,A
2019-08-18,2019,Malmo FF,Falkenbergs,5,0,H,O,1.25,5.94,11.16,10,3.0,0.0,0.0,2.0,10.0,4.0,6.0,3.0,12.0,-9.0,7.0,-8.0,15.0,1.0,0.0,1.0,0.0,2.0,-2.0,77.8,0.0,0.0,66.7,H
2019-08-18,2019,AIK,Kalmar,1,2,A,O,1.72,3.37,5.54,11,2.0,0.0,1.0,3.0,5.0,2.0,3.0,2.0,7.0,-5.0,3.0,-5.0,8.0,2.0,0.0,2.0,1.0,2.0,-1.0,70.0,10.0,11.1,55.6,A
2019-08-17,2019,Hammarby,Sundsvall,3,0,H,O,1.31,5.31,9.24,10,3.0,0.0,0.0,3.0,15.0,3.0,12.0,7.0,7.0,0.0,8.0,-4.0,12.0,2.0,0.0,2.0,0.0,1.0,-1.0,77.8,0.0,0.0,70.0,H
2019-08-12,2019,Kalmar,Orebro,1,1,D,U,2.13,3.29,3.5,10,0.0,2.0,2.0,2.0,3.0,6.0,-3.0,5.0,6.0,-1.0,-2.0,0.0,-2.0,0.0,1.0,-1.0,0.0,1.0,-1.0,11.1,33.3,44.4,44.4,
2019-08-12,2019,Goteborg,Falkenbergs,1,1,D,U,1.76,3.73,4.46,10,2.0,0.0,1.0,3.0,3.0,3.0,0.0,2.0,13.0,-11.0,1.0,-10.0,11.0,0.0,0.0,0.0,0.0,3.0,-3.0,55.6,11.1,0.0,75.0,
2019-08-11,2019,Norrkoping,Elfsborg,2,0,H,U,1.62,3.95,5.23,9,3.0,0.0,1.0,3.0,7.0,4.0,3.0,2.0,11.0,-9.0,5.0,-7.0,12.0,2.0,0.0,2.0,0.0,2.0,-2.0,50.0,25.0,11.1,66.7,H
2019-08-11,2019,Hammarby,Helsingborg,2,1,H,O,1.46,4.59,6.26,9,3.0,1.0,0.0,1.0,17.0,3.0,14.0,6.0,4.0,2.0,11.0,-1.0,12.0,3.0,0.0,3.0,0.0,1.0,-1.0,75.0,0.0,11.1,55.6,H
2019-08-11,2019,Hacken,Malmo FF,1,1,D,U,2.76,3.23,2.57,10,3.0,1.0,1.0,0.0,10.0,2.0,8.0,3.0,1.0,2.0,7.0,1.0,6.0,3.0,0.0,3.0,0.0,0.0,0.0,77.8,22.2,33.3,11.1,D
2019-08-11,2019,AFC Eskilstuna,AIK,2,4,A,O,7.14,3.75,1.53,10,1.0,3.0,2.0,0.0,5.0,7.0,-2.0,10.0,2.0,8.0,-5.0,5.0,-10.0,1.0,2.0,-1.0,2.0,0.0,2.0,22.2,33.3,50.0,25.0,D
2019-08-10,2019,Sundsvall,Ostersunds,1,1,D,U,2.42,3.16,3.02,9,0.0,0.0,2.0,3.0,3.0,2.0,1.0,5.0,11.0,-6.0,-2.0,-9.0,7.0,0.0,0.0,0.0,0.0,3.0,-3.0,25.0,50.0,12.5,50.0,
2019-08-10,2019,Djurgarden,Sirius,4,0,H,O,1.38,4.75,8.03,10,3.0,1.0,0.0,2.0,8.0,3.0,5.0,2.0,6.0,-4.0,6.0,-3.0,9.0,3.0,0.0,3.0,0.0,1.0,-1.0,55.6,11.1,33.3,44.4,H
2019-08-05,2019,Orebro,Goteborg,2,2,D,O,3.03,3.21,2.39,9,1.0,2.0,3.0,0.0,5.0,5.0,0.0,5.0,3.0,2.0,0.0,2.0,-2.0,1.0,0.0,1.0,1.0,0.0,1.0,25.0,62.5,37.5,25.0,
2019-08-05,2019,Elfsborg,Djurgarden,0,1,A,U,4.8,3.89,1.68,9,2.0,3.0,0.0,0.0,4.0,7.0,-3.0,2.0,1.0,1.0,2.0,6.0,-4.0,0.0,2.0,-2.0,0.0,0.0,0.0,50.0,0.0,62.5,12.5,
2019-08-04,2019,Kalmar,Hammarby,2,2,D,O,3.89,3.72,1.87,9,1.0,2.0,2.0,2.0,2.0,9.0,-7.0,3.0,7.0,-4.0,-1.0,2.0,-3.0,0.0,1.0,-1.0,0.0,2.0,-2.0,12.5,37.5,33.3,44.4,A
2019-08-04,2019,Hacken,Sirius,4,1,H,O,1.47,4.38,6.5,9,3.0,2.0,1.0,1.0,7.0,4.0,3.0,2.0,2.0,0.0,5.0,2.0,3.0,2.0,1.0,1.0,0.0,0.0,0.0,75.0,25.0,37.5,37.5,H
2019-08-03,2019,Ostersunds,AFC Eskilstuna,1,2,A,O,1.64,3.85,5.21,10,1.0,0.0,0.0,3.0,3.0,0.0,3.0,2.0,7.0,-5.0,1.0,-7.0,8.0,0.0,0.0,0.0,0.0,1.0,-1.0,33.3,11.1,0.0,87.5,D
2019-08-03,2019,Falkenbergs,Helsingborg,1,1,D,U,2.67,3.25,2.64,10,2.0,1.0,0.0,1.0,5.0,3.0,2.0,2.0,4.0,-2.0,3.0,-1.0,4.0,1.0,0.0,1.0,0.0,1.0,-1.0,33.3,33.3,12.5,62.5,
2019-07-29,2019,Helsingborg,Orebro,1,4,A,O,2.05,3.39,3.63,9,1.0,2.0,2.0,2.0,3.0,5.0,-2.0,5.0,6.0,-1.0,-2.0,-1.0,-1.0,0.0,1.0,-1.0,1.0,1.0,0.0,37.5,25.0,37.5,50.0,
2019-07-29,2019,Elfsborg,Kalmar,2,1,H,O,2.28,3.3,3.14,8,1.0,0.0,0.0,3.0,2.0,1.0,1.0,1.0,6.0,-5.0,1.0,-5.0,6.0,0.0,0.0,0.0,0.0,2.0,-2.0,42.9,0.0,12.5,50.0,
2019-07-28,2019,Ostersunds,Malmo FF,0,0,D,U,3.8,3.37,2.0,9,1.0,1.0,1.0,0.0,4.0,2.0,2.0,5.0,1.0,4.0,-1.0,1.0,-2.0,0.0,0.0,0.0,1.0,0.0,1.0,37.5,12.5,37.5,12.5,D
2019-07-28,2019,Goteborg,Norrkoping,0,0,D,U,2.31,3.29,3.09,9,2.0,2.0,1.0,1.0,3.0,7.0,-4.0,2.0,4.0,-2.0,1.0,3.0,-2.0,0.0,2.0,-2.0,0.0,0.0,0.0,62.5,12.5,33.3,22.2,D
2019-07-28,2019,Djurgarden,Hacken,2,0,H,U,2.1,3.37,3.49,9,3.0,2.0,0.0,1.0,8.0,6.0,2.0,2.0,5.0,-3.0,6.0,1.0,5.0,3.0,0.0,3.0,0.0,0.0,0.0,50.0,12.5,37.5,25.0,D
2019-07-27,2019,Sirius,AIK,0,2,A,U,3.78,3.12,2.1,9,1.0,3.0,2.0,0.0,5.0,7.0,-2.0,7.0,2.0,5.0,-2.0,5.0,-7.0,0.0,2.0,-2.0,1.0,0.0,1.0,25.0,62.5,42.9,28.6,D
2019-07-27,2019,Falkenbergs,Sundsvall,2,0,H,U,2.18,3.35,3.3,9,1.0,0.0,1.0,3.0,3.0,3.0,0.0,5.0,7.0,-2.0,-2.0,-4.0,2.0,0.0,0.0,0.0,1.0,1.0,0.0,25.0,37.5,0.0,66.7,H
2019-07-27,2019,AFC Eskilstuna,Hammarby,1,6,A,O,6.64,4.45,1.46,9,1.0,1.0,1.0,2.0,5.0,3.0,2.0,5.0,6.0,-1.0,0.0,-3.0,3.0,1.0,0.0,1.0,1.0,2.0,-1.0,25.0,25.0,25.0,50.0,
2019-07-22,2019,Kalmar,Djurgarden,0,1,A,U,3.52,3.19,2.16,8,1.0,2.0,1.0,0.0,3.0,7.0,-4.0,3.0,2.0,1.0,0.0,5.0,-5.0,0.0,2.0,-2.0,0.0,0.0,0.0,14.3,28.6,57.1,14.3,
2019-07-22,2019,Hammarby,Elfsborg,5,2,H,O,1.48,4.49,6.18,8,3.0,0.0,0.0,3.0,14.0,2.0,12.0,4.0,8.0,-4.0,10.0,-6.0,16.0,3.0,0.0,3.0,0.0,2.0,-2.0,71.4,0.0,12.5,62.5,
2019-07-21,2019,Norrkoping,Ostersunds,3,0,H,O,1.57,4.22,5.42,8,2.0,0.0,2.0,2.0,5.0,3.0,2.0,4.0,9.0,-5.0,1.0,-6.0,7.0,1.0,0.0,1.0,0.0,2.0,-2.0,42.9,28.6,14.3,42.9,H
2019-07-21,2019,Malmo FF,Sirius,1,1,D,U,1.3,5.13,10.65,9,4.0,2.0,0.0,2.0,10.0,3.0,7.0,2.0,3.0,-1.0,8.0,0.0,8.0,1.0,1.0,0.0,0.0,1.0,-1.0,87.5,0.0,42.9,42.9,D
2019-07-21,2019,Goteborg,AFC Eskilstuna,1,0,H,U,1.45,4.19,7.55,8,1.0,0.0,1.0,3.0,2.0,1.0,1.0,2.0,8.0,-6.0,0.0,-7.0,7.0,0.0,0.0,0.0,0.0,1.0,-1.0,57.1,14.3,0.0,85.7,H
2019-07-20,2019,Sundsvall,Hacken,0,1,A,U,5.5,3.82,1.63,8,0.0,1.0,2.0,1.0,4.0,6.0,-2.0,6.0,6.0,0.0,-2.0,0.0,-2.0,0.0,0.0,0.0,0.0,0.0,0.0,28.6,42.9,28.6,28.6,
2019-07-20,2019,Orebro,Falkenbergs,4,0,H,O,2.36,3.45,2.89,8,0.0,0.0,4.0,2.0,3.0,3.0,0.0,8.0,9.0,-1.0,-5.0,-6.0,1.0,0.0,0.0,0.0,1.0,2.0,-1.0,14.3,71.4,0.0,71.4,H
2019-07-20,2019,AIK,Helsingborg,2,0,H,U,1.75,3.4,5.16,10,2.0,1.0,1.0,1.0,5.0,3.0,2.0,2.0,3.0,-1.0,3.0,0.0,3.0,2.0,0.0,2.0,1.0,0.0,1.0,66.7,11.1,14.3,57.1,H
2019-07-15,2019,Sundsvall,Hammarby,2,3,A,O,5.46,4.07,1.58,7,1.0,1.0,1.0,2.0,5.0,3.0,2.0,4.0,6.0,-2.0,1.0,-3.0,4.0,1.0,0.0,1.0,0.0,2.0,-2.0,33.3,33.3,14.3,57.1,
2019-07-15,2019,Helsingborg,Sirius,1,0,H,U,1.94,3.4,4.0,8,0.0,2.0,2.0,1.0,3.0,3.0,0.0,6.0,2.0,4.0,-3.0,1.0,-4.0,0.0,1.0,-1.0,1.0,1.0,0.0,28.6,28.6,50.0,33.3,
2019-07-14,2019,Ostersunds,Norrkoping,2,1,H,O,3.59,3.5,2.02,8,0.0,3.0,1.0,0.0,3.0,8.0,-5.0,5.0,3.0,2.0,-2.0,5.0,-7.0,0.0,2.0,-2.0,1.0,0.0,1.0,28.6,14.3,37.5,12.5,D
2019-07-14,2019,Hacken,Orebro,3,0,H,O,1.37,4.86,7.91,8,3.0,3.0,1.0,1.0,5.0,7.0,-2.0,2.0,4.0,-2.0,3.0,3.0,0.0,1.0,1.0,0.0,0.0,0.0,0.0,71.4,28.6,42.9,42.9,D
2019-07-14,2019,Djurgarden,Malmo FF,1,1,D,U,2.9,3.13,2.52,8,3.0,2.0,1.0,0.0,7.0,3.0,4.0,3.0,1.0,2.0,4.0,2.0,2.0,3.0,0.0,3.0,1.0,0.0,1.0,57.1,14.3,42.9,14.3,D
2019-07-13,2019,Falkenbergs,Goteborg,1,1,D,U,3.79,3.54,1.95,8,1.0,3.0,2.0,0.0,3.0,8.0,-5.0,6.0,4.0,2.0,-3.0,4.0,-7.0,0.0,1.0,-1.0,1.0,0.0,1.0,28.6,42.9,42.9,28.6,D
2019-07-13,2019,AIK,Elfsborg,3,0,H,O,1.77,3.35,5.08,9,2.0,0.0,1.0,3.0,4.0,3.0,1.0,2.0,9.0,-7.0,2.0,-6.0,8.0,2.0,0.0,2.0,1.0,2.0,-1.0,62.5,12.5,14.3,57.1,H
2019-07-13,2019,AFC Eskilstuna,Kalmar,3,1,H,O,3.69,3.07,2.16,8,0.0,0.0,1.0,3.0,2.0,0.0,2.0,4.0,4.0,0.0,-2.0,-4.0,2.0,0.0,0.0,0.0,1.0,1.0,0.0,14.3,28.6,14.3,42.9,
2019-07-08,2019,Elfsborg,Helsingborg,1,1,D,U,2.06,3.34,3.6,7,2.0,1.0,0.0,2.0,5.0,2.0,3.0,2.0,5.0,-3.0,3.0,-3.0,6.0,1.0,0.0,1.0,0.0,1.0,-1.0,50.0,0.0,16.7,66.7,
2019-07-08,2019,AFC Eskilstuna,Djurgarden,1,1,D,U,6.39,3.75,1.56,7,0.0,2.0,2.0,1.0,1.0,7.0,-6.0,4.0,3.0,1.0,-3.0,4.0,-7.0,0.0,2.0,-2.0,1.0,0.0,1.0,16.7,33.3,66.7,16.7,
2019-07-07,2019,Norrkoping,Hacken,2,1,H,O,2.49,3.36,2.76,7,1.0,1.0,2.0,1.0,4.0,5.0,-1.0,4.0,5.0,-1.0,0.0,0.0,0.0,1.0,0.0,1.0,0.0,0.0,0.0,33.3,33.3,33.3,16.7,H
2019-07-07,2019,Hammarby,Falkenbergs,6,2,H,O,1.37,5.13,7.21,7,3.0,0.0,0.0,2.0,10.0,2.0,8.0,3.0,6.0,-3.0,7.0,-4.0,11.0,2.0,0.0,2.0,0.0,2.0,-2.0,66.7,0.0,0.0,66.7,H
2019-07-06,2019,Sirius,Ostersunds,1,1,D,U,2.24,3.3,3.2,8,1.0,1.0,3.0,2.0,6.0,3.0,3.0,10.0,8.0,2.0,-4.0,-5.0,1.0,0.0,0.0,0.0,2.0,2.0,0.0,28.6,71.4,16.7,50.0,D
2019-07-06,2019,Malmo FF,Orebro,2,1,H,O,1.21,6.31,13.11,8,4.0,3.0,0.0,1.0,12.0,8.0,4.0,2.0,6.0,-4.0,10.0,2.0,8.0,2.0,1.0,1.0,0.0,1.0,-1.0,85.7,0.0,50.0,33.3,
2019-07-06,2019,Kalmar,AIK,0,1,A,U,2.79,2.78,2.91,7,1.0,2.0,0.0,1.0,4.0,6.0,-2.0,3.0,5.0,-2.0,1.0,1.0,0.0,0.0,2.0,-2.0,0.0,1.0,-1.0,16.7,16.7,33.3,33.3,D
2019-07-06,2019,Goteborg,Sundsvall,2,1,H,O,1.66,3.53,5.6,7,1.0,0.0,1.0,3.0,3.0,2.0,1.0,1.0,6.0,-5.0,2.0,-4.0,6.0,1.0,0.0,1.0,0.0,1.0,-1.0,50.0,16.7,0.0,62.5,H
2019-07-01,2019,Hacken,Hammarby,2,0,H,U,2.0,3.63,3.5,7,3.0,1.0,1.0,2.0,6.0,4.0,2.0,2.0,8.0,-6.0,4.0,-4.0,8.0,1.0,0.0,1.0,0.0,2.0,-2.0,66.7,33.3,16.7,50.0,
2019-07-01,2019,Djurgarden,Kalmar,2,0,H,U,1.99,3.21,4.04,7,2.0,0.0,1.0,2.0,6.0,1.0,5.0,4.0,3.0,1.0,2.0,-2.0,4.0,2.0,0.0,2.0,1.0,0.0,1.0,50.0,16.7,16.7,33.3,
2019-06-30,2019,Norrkoping,Sirius,0,1,A,U,1.44,4.58,6.76,6,2.0,1.0,1.0,2.0,8.0,3.0,5.0,6.0,4.0,2.0,2.0,-1.0,3.0,1.0,1.0,0.0,0.0,1.0,-1.0,40.0,20.0,40.0,40.0,D
2019-06-30,2019,AIK,Malmo FF,0,0,D,U,3.47,2.97,2.29,8,3.0,2.0,1.0,0.0,6.0,4.0,2.0,3.0,2.0,1.0,3.0,2.0,1.0,2.0,0.0,2.0,1.0,0.0,1.0,71.4,14.3,50.0,16.7,D
2019-06-29,2019,Sundsvall,AFC Eskilstuna,0,0,D,U,2.11,3.0,3.96,6,1.0,0.0,2.0,4.0,6.0,1.0,5.0,6.0,11.0,-5.0,0.0,-10.0,10.0,1.0,0.0,1.0,0.0,2.0,-2.0,40.0,40.0,0.0,100.0,
2019-06-29,2019,Ostersunds,Goteborg,0,0,D,U,3.51,3.29,2.12,7,1.0,3.0,1.0,0.0,6.0,9.0,-3.0,5.0,5.0,0.0,1.0,4.0,-3.0,1.0,1.0,0.0,1.0,0.0,1.0,33.3,16.7,50.0,33.3,D
2019-06-29,2019,Falkenbergs,Elfsborg,2,1,H,O,2.73,3.2,2.6,7,0.0,1.0,2.0,2.0,1.0,6.0,-5.0,5.0,9.0,-4.0,-4.0,-3.0,-1.0,0.0,1.0,-1.0,1.0,2.0,-1.0,16.7,50.0,16.7,50.0,
2019-06-28,2019,Orebro,Helsingborg,0,1,A,U,2.68,3.28,2.59,7,0.0,0.0,3.0,3.0,4.0,2.0,2.0,8.0,8.0,0.0,-4.0,-6.0,2.0,0.0,0.0,0.0,1.0,2.0,-1.0,16.7,66.7,0.0,80.0,
2019-06-25,2019,AIK,Norrkoping,0,2,A,U,1.95,3.32,4.07,7,4.0,2.0,0.0,0.0,7.0,6.0,1.0,1.0,3.0,-2.0,6.0,3.0,3.0,2.0,1.0,1.0,0.0,0.0,0.0,83.3,0.0,28.6,14.3,
2019-06-02,2019,Helsingborg,Malmo FF,0,1,A,U,5.38,3.87,1.62,7,0.0,2.0,1.0,0.0,4.0,4.0,0.0,6.0,2.0,4.0,-2.0,2.0,-4.0,0.0,0.0,0.0,1.0,0.0,1.0,33.3,16.7,40.0,20.0,A
2019-06-02,2019,Elfsborg,Hacken,0,0,D,U,2.9,3.27,2.43,6,3.0,2.0,0.0,1.0,8.0,8.0,0.0,3.0,5.0,-2.0,5.0,3.0,2.0,2.0,1.0,1.0,0.0,0.0,0.0,60.0,0.0,40.0,20.0,D
2019-06-02,2019,AIK,Hammarby,2,0,H,U,2.43,3.04,3.1,6,4.0,1.0,0.0,2.0,7.0,5.0,2.0,2.0,8.0,-6.0,5.0,-3.0,8.0,1.0,0.0,1.0,0.0,1.0,-1.0,80.0,0.0,20.0,40.0,H
2019-06-02,2019,AFC Eskilstuna,Norrkoping,0,2,A,U,5.55,3.89,1.6,6,0.0,1.0,1.0,0.0,2.0,5.0,-3.0,3.0,4.0,-1.0,-1.0,1.0,-2.0,0.0,0.0,0.0,0.0,0.0,0.0,20.0,20.0,16.7,16.7,A
2019-06-01,2019,Sirius,Djurgarden,0,2,A,U,4.14,3.56,1.86,7,1.0,2.0,3.0,1.0,8.0,6.0,2.0,12.0,3.0,9.0,-4.0,3.0,-7.0,0.0,1.0,-1.0,2.0,0.0,2.0,33.3,66.7,60.0,20.0,A
2019-06-01,2019,Ostersunds,Sundsvall,1,1,D,U,2.04,3.48,3.52,6,1.0,0.0,1.0,4.0,6.0,1.0,5.0,5.0,6.0,-1.0,1.0,-5.0,6.0,1.0,0.0,1.0,1.0,1.0,0.0,40.0,20.0,0.0,71.4,
2019-06-01,2019,Goteborg,Orebro,0,1,A,U,1.5,4.28,6.1,6,2.0,2.0,0.0,1.0,6.0,8.0,-2.0,1.0,7.0,-6.0,5.0,1.0,4.0,2.0,1.0,1.0,0.0,1.0,-1.0,60.0,0.0,40.0,40.0,A
2019-06-01,2019,Falkenbergs,Kalmar,0,0,D,U,3.05,3.18,2.38,6,0.0,1.0,3.0,2.0,1.0,3.0,-2.0,8.0,4.0,4.0,-7.0,-1.0,-6.0,0.0,0.0,0.0,2.0,0.0,2.0,20.0,60.0,20.0,40.0,
2019-05-28,2019,Malmo FF,Sundsvall,2,1,H,O,1.33,5.09,9.01,7,4.0,0.0,0.0,3.0,14.0,1.0,13.0,2.0,5.0,-3.0,12.0,-4.0,16.0,3.0,0.0,3.0,0.0,1.0,-1.0,83.3,0.0,0.0,66.7,
2019-05-27,2019,Orebro,Sirius,0,2,A,U,2.24,3.4,3.11,6,1.0,1.0,2.0,2.0,6.0,3.0,3.0,7.0,4.0,3.0,-1.0,-1.0,0.0,0.0,1.0,-1.0,0.0,1.0,-1.0,20.0,60.0,25.0,50.0,
2019-05-27,2019,Hammarby,Norrkoping,2,2,D,O,2.08,3.5,3.37,6,4.0,1.0,0.0,0.0,11.0,5.0,6.0,2.0,4.0,-2.0,9.0,1.0,8.0,3.0,0.0,3.0,0.0,0.0,0.0,80.0,0.0,20.0,20.0,
2019-05-26,2019,Kalmar,Elfsborg,1,1,D,U,2.07,3.24,3.69,6,1.0,1.0,0.0,2.0,5.0,6.0,-1.0,4.0,9.0,-5.0,1.0,-3.0,4.0,0.0,1.0,-1.0,0.0,2.0,-2.0,20.0,20.0,20.0,60.0,D
2019-05-26,2019,Djurgarden,Ostersunds,3,1,H,O,1.57,4.02,5.75,6,2.0,1.0,1.0,2.0,5.0,2.0,3.0,4.0,7.0,-3.0,1.0,-5.0,6.0,1.0,0.0,1.0,1.0,2.0,-1.0,40.0,20.0,20.0,40.0,H
2019-05-25,2019,Malmo FF,AFC Eskilstuna,5,0,H,O,1.33,5.01,9.2,6,4.0,0.0,0.0,4.0,11.0,2.0,9.0,2.0,9.0,-7.0,9.0,-7.0,16.0,3.0,0.0,3.0,0.0,2.0,-2.0,80.0,0.0,0.0,100.0,H
2019-05-25,2019,Helsingborg,Falkenbergs,1,1,D,U,1.92,3.51,3.91,6,1.0,0.0,1.0,3.0,5.0,4.0,1.0,6.0,9.0,-3.0,-1.0,-5.0,4.0,0.0,0.0,0.0,1.0,2.0,-1.0,40.0,20.0,0.0,80.0,
2019-05-25,2019,Hacken,Goteborg,1,2,A,O,2.17,3.33,3.32,6,3.0,2.0,1.0,1.0,5.0,8.0,-3.0,1.0,6.0,-5.0,4.0,2.0,2.0,1.0,1.0,0.0,0.0,0.0,0.0,80.0,20.0,40.0,40.0,A
2019-05-24,2019,Sundsvall,AIK,1,1,D,U,3.77,3.15,2.08,5,2.0,2.0,2.0,2.0,8.0,6.0,2.0,6.0,6.0,0.0,2.0,0.0,2.0,2.0,2.0,0.0,0.0,1.0,-1.0,50.0,50.0,40.0,40.0,
2019-05-20,2019,Ostersunds,Orebro,1,3,A,O,1.88,3.7,3.88,5,2.0,1.0,0.0,2.0,8.0,5.0,3.0,4.0,7.0,-3.0,4.0,-2.0,6.0,1.0,0.0,1.0,0.0,1.0,-1.0,50.0,0.0,25.0,50.0,
2019-05-20,2019,Norrkoping,Sundsvall,2,0,H,U,1.54,4.1,5.88,5,1.0,0.0,1.0,3.0,6.0,2.0,4.0,6.0,6.0,0.0,0.0,-4.0,4.0,0.0,0.0,0.0,0.0,1.0,-1.0,25.0,25.0,0.0,60.0,
2019-05-20,2019,Goteborg,Hammarby,0,0,D,U,2.48,3.3,2.82,5,3.0,1.0,0.0,2.0,9.0,6.0,3.0,1.0,9.0,-8.0,8.0,-3.0,11.0,3.0,0.0,3.0,0.0,1.0,-1.0,75.0,0.0,25.0,50.0,
2019-05-20,2019,AIK,Falkenbergs,2,0,H,U,1.42,4.21,8.39,5,3.0,0.0,0.0,3.0,5.0,6.0,-1.0,2.0,10.0,-8.0,3.0,-4.0,7.0,0.0,0.0,0.0,0.0,1.0,-1.0,75.0,0.0,0.0,75.0,
2019-05-19,2019,Sirius,Hacken,3,4,A,O,4.57,3.71,1.75,6,1.0,1.0,3.0,1.0,5.0,5.0,0.0,9.0,3.0,6.0,-4.0,2.0,-6.0,0.0,1.0,-1.0,2.0,0.0,2.0,40.0,60.0,25.0,25.0,A
2019-05-19,2019,Malmo FF,Kalmar,1,0,H,U,1.59,3.86,5.83,5,3.0,1.0,0.0,1.0,11.0,4.0,7.0,3.0,4.0,-1.0,8.0,0.0,8.0,3.0,0.0,3.0,0.0,0.0,0.0,75.0,0.0,25.0,25.0,D
2019-05-19,2019,Djurgarden,Elfsborg,2,0,H,U,1.77,3.55,4.69,5,1.0,1.0,1.0,2.0,5.0,6.0,-1.0,6.0,10.0,-4.0,-1.0,-4.0,3.0,0.0,1.0,-1.0,1.0,2.0,-1.0,25.0,25.0,25.0,50.0,H
2019-05-18,2019,AFC Eskilstuna,Helsingborg,1,1,D,U,2.94,3.1,2.5,5,1.0,0.0,1.0,4.0,4.0,2.0,2.0,3.0,9.0,-6.0,1.0,-7.0,8.0,1.0,0.0,1.0,0.0,2.0,-2.0,25.0,25.0,0.0,100.0,D
2019-05-16,2019,Orebro,Norrkoping,1,2,A,O,3.75,3.62,1.93,5,1.0,0.0,2.0,1.0,5.0,4.0,1.0,8.0,6.0,2.0,-3.0,-2.0,-1.0,0.0,0.0,0.0,1.0,1.0,0.0,25.0,50.0,0.0,25.0,
2019-05-16,2019,Goteborg,Malmo FF,0,0,D,U,3.17,3.22,2.29,4,,2.0,,1.0,,5.0,,,5.0,,,0.0,,,0.0,,,1.0,,100.0,0.0,50.0,25.0,
2019-05-15,2019,Sirius,Sundsvall,1,0,H,U,2.57,3.23,2.74,5,1.0,0.0,3.0,2.0,7.0,4.0,3.0,11.0,7.0,4.0,-4.0,-3.0,-1.0,0.0,0.0,0.0,2.0,1.0,1.0,25.0,75.0,0.0,50.0,
2019-05-15,2019,Helsingborg,AIK,1,3,A,O,3.05,3.04,2.47,5,2.0,1.0,0.0,2.0,7.0,3.0,4.0,4.0,5.0,-1.0,3.0,-2.0,5.0,1.0,1.0,0.0,0.0,1.0,-1.0,50.0,0.0,25.0,50.0,
2019-05-15,2019,Hacken,Kalmar,1,0,H,U,1.84,3.42,4.41,5,3.0,,1.0,,6.0,,,2.0,,,4.0,,,1.0,,,0.0,,,75.0,25.0,33.3,0.0,
2019-05-15,2019,Falkenbergs,Djurgarden,0,3,A,O,3.99,3.49,1.9,5,1.0,2.0,2.0,1.0,2.0,6.0,-4.0,5.0,3.0,2.0,-3.0,3.0,-6.0,0.0,1.0,-1.0,1.0,0.0,1.0,25.0,50.0,50.0,25.0,
2019-05-15,2019,Elfsborg,AFC Eskilstuna,1,0,H,U,1.54,3.97,6.11,5,2.0,0.0,0.0,4.0,8.0,4.0,4.0,4.0,11.0,-7.0,4.0,-7.0,11.0,2.0,0.0,2.0,0.0,2.0,-2.0,50.0,0.0,0.0,100.0,
2019-05-14,2019,Hammarby,Ostersunds,4,0,H,O,1.49,4.37,6.2,5,3.0,1.0,0.0,1.0,8.0,2.0,6.0,3.0,3.0,0.0,5.0,-1.0,6.0,2.0,0.0,2.0,0.0,1.0,-1.0,75.0,0.0,25.0,25.0,
2019-05-13,2019,Norrkoping,Goteborg,1,2,A,O,2.28,3.33,3.09,4,,1.0,,2.0,,7.0,,,8.0,,,-1.0,,,1.0,,,1.0,,33.3,0.0,25.0,50.0,
2019-05-12,2019,Malmo FF,Elfsborg,4,1,H,O,1.45,4.38,6.82,4,,,,,,,,,,,,,,,,,,,,66.7,0.0,33.3,33.3,H
2019-05-12,2019,Djurgarden,AIK,0,2,A,U,2.66,2.92,2.91,4,,,,,,,,,,,,,,,,,,,,33.3,0.0,0.0,66.7,D
2019-05-11,2019,Sundsvall,Orebro,1,2,A,O,1.75,3.69,4.55,4,,,,,,,,,,,,,,,,,,,,66.7,33.3,0.0,66.7,
2019-05-11,2019,Ostersunds,Hacken,1,1,D,U,3.35,3.38,2.14,4,,,,,,,,,,,,,,,,,,,,66.7,0.0,33.3,33.3,D
2019-05-11,2019,Kalmar,Helsingborg,1,0,H,U,1.84,3.49,4.33,5,0.0,,1.0,,4.0,,,6.0,,,-2.0,,,0.0,,,1.0,,,0.0,25.0,0.0,100.0,D
2019-05-11,2019,AFC Eskilstuna,Falkenbergs,0,0,D,U,2.25,3.22,3.27,4,,,,,,,,,,,,,,,,,,,,33.3,33.3,0.0,100.0,D
2019-05-10,2019,Hammarby,Sirius,2,0,H,U,1.34,5.08,8.37,4,,,,,,,,,,,,,,,,,,,,66.7,0.0,33.3,33.3,
2019-05-06,2019,Helsingborg,Djurgarden,1,1,D,U,3.47,3.34,2.11,4,,,,,,,,,,,,,,,,,,,,66.7,0.0,66.7,33.3,
2019-05-06,2019,Elfsborg,Norrkoping,0,0,D,U,2.53,3.31,2.74,4,,,,,,,,,,,,,,,,,,,,66.7,0.0,0.0,33.3,
2019-05-05,2019,Orebro,Hammarby,2,3,A,O,4.21,3.8,1.78,4,,,,,,,,,,,,,,,,,,,,33.3,33.3,0.0,66.7,A
2019-05-05,2019,Kalmar,Ostersunds,1,1,D,U,2.11,3.27,3.53,4,,,,,,,,,,,,,,,,,,,,0.0,33.3,33.3,33.3,A
2019-05-05,2019,Hacken,Sundsvall,1,0,H,U,1.46,4.36,6.65,4,,,,,,,,,,,,,,,,,,,,66.7,33.3,0.0,33.3,D
2019-05-05,2019,Falkenbergs,Malmo FF,1,2,A,O,8.36,4.86,1.36,4,,,,,,,,,,,,,,,,,,,,33.3,33.3,33.3,33.3,A
2019-05-04,2019,Sirius,Goteborg,2,4,A,O,3.04,3.22,2.37,4,,,,,,,,,,,,,,,,,,,,33.3,66.7,0.0,66.7,H
2019-05-04,2019,AIK,AFC Eskilstuna,2,1,H,O,1.52,3.76,7.22,4,,,,,,,,,,,,,,,,,,,,66.7,0.0,0.0,100.0,H
2019-04-29,2019,Sundsvall,Falkenbergs,3,1,H,O,1.64,3.96,5.05,3,,,,,,,,,,,,,,,,,,,,50.0,50.0,0.0,100.0,
2019-04-29,2019,Ostersunds,Helsingborg,3,0,H,O,1.99,3.35,3.82,3,,,,,,,,,,,,,,,,,,,,50.0,0.0,0.0,100.0,
2019-04-29,2019,Orebro,Kalmar,1,1,D,U,2.83,3.16,2.55,3,,,,,,,,,,,,,,,,,,,,50.0,50.0,50.0,0.0,
2019-04-29,2019,Goteborg,AIK,3,0,H,O,3.05,3.04,2.46,3,,,,,,,,,,,,,,,,,,,,100.0,0.0,0.0,50.0,
2019-04-28,2019,Norrkoping,Malmo FF,1,1,D,U,3.43,3.35,2.12,3,,,,,,,,,,,,,,,,,,,,50.0,0.0,50.0,50.0,D
2019-04-28,2019,Hammarby,Djurgarden,2,1,H,O,2.81,3.2,2.53,3,,,,,,,,,,,,,,,,,,,,50.0,0.0,100.0,0.0,H
2019-04-28,2019,Hacken,AFC Eskilstuna,3,0,H,O,1.31,5.11,10.13,3,,,,,,,,,,,,,,,,,,,,50.0,50.0,0.0,100.0,D
2019-04-27,2019,Sirius,Elfsborg,2,4,A,O,3.01,3.34,2.32,3,,,,,,,,,,,,,,,,,,,,50.0,50.0,0.0,50.0,A
2019-04-25,2019,Kalmar,Goteborg,1,1,D,U,2.3,3.18,3.19,3,,,,,,,,,,,,,,,,,,,,0.0,50.0,0.0,100.0,
2019-04-25,2019,Helsingborg,Sundsvall,1,1,D,U,2.01,3.42,3.68,3,,,,,,,,,,,,,,,,,,,,100.0,0.0,0.0,50.0,
2019-04-25,2019,Djurgarden,Norrkoping,1,1,D,U,1.97,3.42,3.8,3,,,,,,,,,,,,,,,,,,,,50.0,0.0,0.0,50.0,
2019-04-24,2019,Malmo FF,Hammarby,4,1,H,O,1.6,3.9,5.5,3,,,,,,,,,,,,,,,,,,,,50.0,0.0,0.0,50.0,
2019-04-24,2019,Falkenbergs,Sirius,0,0,D,U,2.55,3.42,2.64,3,,,,,,,,,,,,,,,,,,,,50.0,50.0,50.0,50.0,
2019-04-24,2019,Elfsborg,Orebro,4,2,H,O,1.71,3.75,4.72,3,,,,,,,,,,,,,,,,,,,,50.0,0.0,0.0,50.0,
2019-04-24,2019,AIK,Hacken,1,0,H,U,2.19,3.15,3.49,3,,,,,,,,,,,,,,,,,,,,50.0,0.0,50.0,0.0,
2019-04-24,2019,AFC Eskilstuna,Ostersunds,0,1,A,U,2.93,3.2,2.45,3,,,,,,,,,,,,,,,,,,,,50.0,0.0,0.0,50.0,
2019-04-22,2019,Goteborg,Helsingborg,3,1,H,O,2.41,3.28,2.92,2,,,,,,,,,,,,,,,,,,,,100.0,0.0,0.0,100.0,H
2019-04-21,2019,Hammarby,AFC Eskilstuna,3,1,H,O,1.38,4.68,8.18,2,,,,,,,,,,,,,,,,,,,,0.0,0.0,0.0,100.0,H
2019-04-21,2019,Hacken,Djurgarden,0,1,A,U,1.83,3.58,4.24,2,,,,,,,,,,,,,,,,,,,,100.0,0.0,100.0,0.0,D
2019-04-20,2019,Sundsvall,Kalmar,1,2,A,O,2.31,3.2,3.14,2,,,,,,,,,,,,,,,,,,,,100.0,0.0,0.0,0.0,A
2019-04-20,2019,Sirius,Malmo FF,0,1,A,U,5.4,4.07,1.58,2,,,,,,,,,,,,,,,,,,,,100.0,0.0,0.0,100.0,D
2019-04-19,2019,Ostersunds,Elfsborg,1,1,D,U,2.23,3.24,3.28,2,,,,,,,,,,,,,,,,,,,,100.0,0.0,0.0,100.0,A
2019-04-19,2019,Orebro,AIK,2,1,H,O,4.52,3.16,1.91,2,,,,,,,,,,,,,,,,,,,,0.0,100.0,0.0,0.0,D
2019-04-19,2019,Norrkoping,Falkenbergs,4,3,H,O,1.3,5.33,9.42,2,,,,,,,,,,,,,,,,,,,,0.0,0.0,0.0,100.0,H
2019-04-15,2019,Helsingborg,Hammarby,2,1,H,O,2.68,3.32,2.58,2,,,,,,,,,,,,,,,,,,,,100.0,0.0,0.0,0.0,
2019-04-15,2019,Djurgarden,Goteborg,2,1,H,O,1.6,3.87,5.61,2,,,,,,,,,,,,,,,,,,,,0.0,0.0,0.0,100.0,
2019-04-14,2019,Malmo FF,Ostersunds,2,0,H,U,1.47,4.28,6.83,2,,,,,,,,,,,,,,,,,,,,0.0,0.0,0.0,0.0,H
2019-04-14,2019,Elfsborg,Sundsvall,3,1,H,O,2.32,3.32,3.03,2,,,,,,,,,,,,,,,,,,,,0.0,0.0,0.0,0.0,D
2019-04-14,2019,AIK,Sirius,2,1,H,O,1.38,4.52,8.7,2,,,,,,,,,,,,,,,,,,,,0.0,0.0,100.0,0.0,A
2019-04-13,2019,Kalmar,Norrkoping,2,2,D,O,2.94,3.14,2.47,2,,,,,,,,,,,,,,,,,,,,0.0,100.0,0.0,100.0,D
2019-04-13,2019,Falkenbergs,Hacken,0,3,A,O,6.27,4.47,1.47,2,,,,,,,,,,,,,,,,,,,,100.0,0.0,0.0,0.0,D
2019-04-12,2019,AFC Eskilstuna,Orebro,1,1,D,U,2.35,3.2,3.08,2,,,,,,,,,,,,,,,,,,,,100.0,0.0,0.0,100.0,
2019-04-08,2019,Sirius,AFC Eskilstuna,3,2,H,O,2.22,3.17,3.38,1,,,,,,,,,,,,,,,,,,,,,,,,
2019-04-08,2019,Orebro,Djurgarden,0,3,A,O,3.75,3.34,2.02,1,,,,,,,,,,,,,,,,,,,,,,,,
2019-04-08,2019,Norrkoping,AIK,0,0,D,U,2.84,3.05,2.61,1,,,,,,,,,,,,,,,,,,,,,,,,
2019-04-07,2019,Ostersunds,Falkenbergs,3,2,H,O,1.49,4.1,6.73,1,,,,,,,,,,,,,,,,,,,,,,,,D
2019-04-07,2019,Hammarby,Kalmar,1,1,D,U,1.75,3.53,4.84,1,,,,,,,,,,,,,,,,,,,,,,,,A
2019-04-07,2019,Goteborg,Elfsborg,3,0,H,O,2.5,3.19,2.86,1,,,,,,,,,,,,,,,,,,,,,,,,H
2019-04-06,2019,Sundsvall,Malmo FF,3,1,H,O,4.39,3.41,1.85,1,,,,,,,,,,,,,,,,,,,,,,,,D
2019-04-06,2019,Hacken,Helsingborg,2,1,H,O,1.57,4.01,5.71,1,,,,,,,,,,,,,,,,,,,,,,,,H
2019-04-01,2019,Malmo FF,Hacken,1,1,D,U,1.94,3.19,4.3,1,,,,,,,,,,,,,,,,,,,,,,,,
2019-04-01,2019,Elfsborg,Hammarby,1,1,D,U,3.03,3.3,2.33,1,,,,,,,,,,,,,,,,,,,,,,,,
2019-04-01,2019,Djurgarden,Sundsvall,2,2,D,O,1.85,3.35,4.52,1,,,,,,,,,,,,,,,,,,,,,,,,
2019-03-31,2019,Kalmar,Sirius,0,2,A,U,1.75,3.52,4.87,1,,,,,,,,,,,,,,,,,,,,,,,,A
2019-03-31,2019,Helsingborg,Norrkoping,3,1,H,O,2.79,3.22,2.54,1,,,,,,,,,,,,,,,,,,,,,,,,H
2019-03-31,2019,Falkenbergs,Orebro,1,0,H,U,2.71,3.26,2.59,1,,,,,,,,,,,,,,,,,,,,,,,,D
2019-03-31,2019,AIK,Ostersunds,0,0,D,U,1.76,3.21,5.54,1,,,,,,,,,,,,,,,,,,,,,,,,D
2019-03-31,2019,AFC Eskilstuna,Goteborg,3,1,H,O,2.56,3.04,2.92,1,,,,,,,,,,,,,,,,,,,,,,,,H
2018-11-25,2018,Brommapojkarna,AFC Eskilstuna,1,2,A,O,2.38,3.01,3.18,16,1.0,,3.0,,5.0,,,7.0,,,-2.0,,,1.0,,,2.0,,,33.3,60.0,,,H
2018-11-22,2018,AFC Eskilstuna,Brommapojkarna,0,1,A,U,2.31,3.0,3.34,1,,1.0,,2.0,,6.0,,,9.0,,,-3.0,,,0.0,,,2.0,,,,20.0,73.3,
2018-11-11,2018,Sundsvall,Dalkurd,0,1,A,U,1.85,3.83,3.88,15,2.0,1.0,1.0,1.0,9.0,1.0,8.0,4.0,3.0,1.0,5.0,-2.0,7.0,2.0,0.0,2.0,0.0,1.0,-1.0,42.9,28.6,14.3,64.3,A
2018-11-11,2018,Ostersunds,Hammarby,3,3,D,O,4.16,3.94,1.77,15,2.0,2.0,2.0,2.0,9.0,8.0,1.0,6.0,7.0,-1.0,3.0,1.0,2.0,2.0,1.0,1.0,0.0,0.0,0.0,57.1,42.9,50.0,14.3,H
2018-11-11,2018,Orebro,Goteborg,1,3,A,O,2.01,3.66,3.45,15,2.0,1.0,0.0,3.0,7.0,3.0,4.0,2.0,9.0,-7.0,5.0,-6.0,11.0,1.0,1.0,0.0,0.0,3.0,-3.0,35.7,35.7,21.4,64.3,A
2018-11-11,2018,Malmo FF,Elfsborg,2,0,H,U,1.17,7.29,14.39,15,3.0,1.0,0.0,1.0,10.0,7.0,3.0,1.0,8.0,-7.0,9.0,-1.0,10.0,2.0,0.0,2.0,0.0,1.0,-1.0,64.3,7.1,28.6,50.0,D
2018-11-11,2018,Kalmar,AIK,0,1,A,U,5.04,3.22,1.82,15,1.0,3.0,2.0,0.0,5.0,8.0,-3.0,6.0,1.0,5.0,-1.0,7.0,-8.0,0.0,2.0,-2.0,0.0,0.0,0.0,35.7,35.7,57.1,7.1,A
2018-11-11,2018,Hacken,Norrkoping,0,1,A,U,2.57,3.64,2.53,15,3.0,3.0,0.0,0.0,9.0,6.0,3.0,3.0,2.0,1.0,6.0,4.0,2.0,2.0,1.0,1.0,0.0,0.0,0.0,71.4,0.0,42.9,14.3,A
2018-11-11,2018,Djurgarden,Sirius,1,0,H,U,1.43,4.73,6.72,15,1.0,1.0,2.0,2.0,2.0,3.0,-1.0,3.0,7.0,-4.0,-1.0,-4.0,3.0,1.0,0.0,1.0,1.0,1.0,0.0,35.7,28.6,35.7,57.1,H
2018-11-11,2018,Brommapojkarna,Trelleborgs,3,0,H,O,1.39,5.05,7.01,15,0.0,0.0,4.0,3.0,3.0,4.0,-1.0,10.0,10.0,0.0,-7.0,-6.0,-1.0,0.0,0.0,0.0,3.0,1.0,2.0,28.6,64.3,7.1,64.3,H
2018-11-05,2018,Trelleborgs,Ostersunds,0,1,A,U,3.99,3.96,1.8,15,0.0,2.0,3.0,2.0,3.0,5.0,-2.0,8.0,6.0,2.0,-5.0,-1.0,-4.0,0.0,1.0,-1.0,1.0,2.0,-1.0,14.3,71.4,42.9,35.7,
2018-11-05,2018,Sirius,Kalmar,1,1,D,U,2.48,3.48,2.71,15,2.0,0.0,1.0,2.0,9.0,1.0,8.0,6.0,7.0,-1.0,3.0,-6.0,9.0,2.0,0.0,2.0,0.0,2.0,-2.0,21.4,50.0,28.6,57.1,
2018-11-05,2018,Elfsborg,Brommapojkarna,1,2,A,O,1.71,4.12,4.36,15,2.0,1.0,1.0,2.0,3.0,5.0,-2.0,3.0,8.0,-5.0,0.0,-3.0,3.0,1.0,0.0,1.0,1.0,2.0,-1.0,21.4,35.7,14.3,78.6,
2018-11-05,2018,Dalkurd,Djurgarden,1,2,A,O,3.61,3.62,1.98,15,1.0,1.0,3.0,0.0,1.0,6.0,-5.0,11.0,3.0,8.0,-10.0,3.0,-13.0,0.0,1.0,-1.0,3.0,0.0,3.0,21.4,57.1,42.9,28.6,
2018-11-04,2018,Norrkoping,Orebro,3,2,H,O,1.33,5.18,8.8,15,3.0,0.0,0.0,3.0,10.0,1.0,9.0,4.0,7.0,-3.0,6.0,-6.0,12.0,3.0,0.0,3.0,0.0,1.0,-1.0,78.6,7.1,28.6,42.9,A
2018-11-04,2018,Hammarby,Hacken,1,0,H,U,2.55,3.48,2.64,15,1.0,3.0,2.0,1.0,4.0,10.0,-6.0,4.0,4.0,0.0,0.0,6.0,-6.0,1.0,2.0,-1.0,1.0,1.0,0.0,64.3,28.6,42.9,50.0,
2018-11-04,2018,Goteborg,Malmo FF,0,3,A,O,6.56,4.68,1.44,15,0.0,1.0,2.0,1.0,5.0,6.0,-1.0,8.0,7.0,1.0,-3.0,-1.0,-2.0,0.0,0.0,0.0,1.0,1.0,0.0,35.7,50.0,42.9,35.7,D
2018-11-04,2018,AIK,Sundsvall,0,0,D,U,1.33,4.96,9.09,15,2.0,2.0,0.0,1.0,6.0,5.0,1.0,2.0,4.0,-2.0,4.0,1.0,3.0,1.0,1.0,0.0,0.0,1.0,-1.0,71.4,0.0,42.9,35.7,
2018-11-01,2018,Ostersunds,AIK,1,2,A,O,4.77,3.63,1.74,14,2.0,2.0,2.0,1.0,9.0,6.0,3.0,6.0,2.0,4.0,3.0,4.0,-1.0,2.0,2.0,0.0,0.0,1.0,-1.0,61.5,38.5,53.8,7.7,
2018-11-01,2018,Malmo FF,Orebro,4,0,H,O,1.31,5.33,9.52,14,3.0,1.0,0.0,2.0,11.0,2.0,9.0,1.0,3.0,-2.0,10.0,-1.0,11.0,2.0,0.0,2.0,0.0,0.0,0.0,61.5,7.7,30.8,38.5,
2018-10-31,2018,Sundsvall,Hammarby,2,3,A,O,3.2,3.71,2.1,14,2.0,1.0,1.0,2.0,7.0,6.0,1.0,3.0,6.0,-3.0,4.0,0.0,4.0,2.0,1.0,1.0,1.0,0.0,1.0,46.2,23.1,46.2,15.4,
2018-10-31,2018,Kalmar,Trelleborgs,2,1,H,O,1.44,4.64,6.58,14,0.0,0.0,2.0,3.0,3.0,3.0,0.0,5.0,10.0,-5.0,-2.0,-7.0,5.0,0.0,0.0,0.0,0.0,2.0,-2.0,30.8,38.5,7.7,61.5,
2018-10-31,2018,Hacken,Sirius,2,1,H,O,1.27,5.85,10.24,14,3.0,1.0,0.0,2.0,9.0,2.0,7.0,3.0,10.0,-7.0,6.0,-8.0,14.0,2.0,0.0,2.0,0.0,2.0,-2.0,69.2,0.0,38.5,53.8,
2018-10-31,2018,Djurgarden,Goteborg,2,0,H,U,1.56,4.05,5.91,14,0.0,1.0,2.0,2.0,2.0,4.0,-2.0,5.0,8.0,-3.0,-3.0,-4.0,1.0,0.0,1.0,-1.0,1.0,2.0,-1.0,30.8,30.8,23.1,61.5,
2018-10-31,2018,Brommapojkarna,Norrkoping,0,1,A,U,7.5,5.12,1.37,14,0.0,2.0,4.0,0.0,3.0,6.0,-3.0,12.0,3.0,9.0,-9.0,3.0,-12.0,0.0,1.0,-1.0,4.0,0.0,4.0,30.8,61.5,38.5,15.4,
2018-10-30,2018,Elfsborg,Dalkurd,0,0,D,U,1.56,4.09,5.75,14,2.0,2.0,1.0,1.0,4.0,4.0,0.0,4.0,5.0,-1.0,0.0,-1.0,1.0,1.0,0.0,1.0,1.0,1.0,0.0,23.1,38.5,15.4,69.2,
2018-10-29,2018,AIK,Malmo FF,1,1,D,U,2.29,3.11,3.32,14,3.0,2.0,0.0,1.0,7.0,8.0,-1.0,1.0,6.0,-5.0,6.0,2.0,4.0,2.0,1.0,1.0,0.0,1.0,-1.0,76.9,0.0,46.2,38.5,
2018-10-28,2018,Sirius,Brommapojkarna,4,2,H,O,1.82,3.72,4.23,14,1.0,1.0,1.0,2.0,6.0,3.0,3.0,5.0,10.0,-5.0,1.0,-7.0,8.0,1.0,0.0,1.0,0.0,2.0,-2.0,15.4,53.8,15.4,76.9,
2018-10-28,2018,Orebro,Djurgarden,1,1,D,U,3.18,3.47,2.19,14,3.0,2.0,0.0,0.0,8.0,8.0,0.0,2.0,3.0,-1.0,6.0,5.0,1.0,1.0,2.0,-1.0,0.0,0.0,0.0,38.5,38.5,46.2,30.8,A
2018-10-28,2018,Norrkoping,Ostersunds,4,2,H,O,1.62,3.93,5.46,14,3.0,2.0,0.0,2.0,8.0,4.0,4.0,3.0,4.0,-1.0,5.0,0.0,5.0,2.0,1.0,1.0,0.0,1.0,-1.0,76.9,7.7,46.2,30.8,
2018-10-28,2018,Hammarby,Kalmar,0,0,D,U,1.36,4.95,8.41,14,2.0,1.0,2.0,2.0,6.0,3.0,3.0,4.0,7.0,-3.0,2.0,-4.0,6.0,2.0,1.0,1.0,1.0,2.0,-1.0,69.2,30.8,30.8,61.5,D
2018-10-27,2018,Dalkurd,Hacken,0,5,A,O,5.22,3.97,1.63,14,1.0,3.0,2.0,1.0,2.0,7.0,-5.0,7.0,4.0,3.0,-5.0,3.0,-8.0,0.0,2.0,-2.0,2.0,1.0,1.0,23.1,53.8,38.5,53.8,A
2018-10-26,2018,Trelleborgs,Elfsborg,2,2,D,O,4.81,4.18,1.64,14,0.0,1.0,3.0,1.0,2.0,7.0,-5.0,7.0,8.0,-1.0,-5.0,-1.0,-4.0,0.0,0.0,0.0,1.0,1.0,0.0,15.4,76.9,30.8,53.8,
2018-10-26,2018,Goteborg,Sundsvall,1,2,A,O,2.22,3.51,3.11,14,1.0,1.0,1.0,2.0,6.0,4.0,2.0,7.0,5.0,2.0,-1.0,-1.0,0.0,0.0,1.0,-1.0,1.0,1.0,0.0,38.5,46.2,38.5,38.5,
2018-10-22,2018,Brommapojkarna,Goteborg,0,2,A,U,3.18,3.34,2.25,13,0.0,0.0,4.0,3.0,3.0,3.0,0.0,12.0,10.0,2.0,-9.0,-7.0,-2.0,0.0,0.0,0.0,4.0,2.0,2.0,33.3,58.3,16.7,66.7,
2018-10-21,2018,Trelleborgs,Sirius,1,2,A,O,3.12,3.4,2.26,13,0.0,1.0,3.0,2.0,2.0,3.0,-1.0,11.0,11.0,0.0,-9.0,-8.0,-1.0,0.0,0.0,0.0,2.0,2.0,0.0,16.7,75.0,33.3,58.3,D
2018-10-21,2018,Kalmar,Norrkoping,1,2,A,O,3.69,3.4,2.04,13,0.0,2.0,2.0,0.0,2.0,5.0,-3.0,4.0,2.0,2.0,-2.0,3.0,-5.0,0.0,1.0,-1.0,0.0,0.0,0.0,33.3,33.3,33.3,16.7,D
2018-10-21,2018,Hacken,Ostersunds,2,0,H,U,1.69,3.95,4.68,13,3.0,2.0,0.0,2.0,13.0,5.0,8.0,3.0,4.0,-1.0,10.0,1.0,9.0,2.0,1.0,1.0,0.0,0.0,0.0,66.7,0.0,50.0,25.0,H
2018-10-21,2018,Elfsborg,Sundsvall,2,0,H,U,2.4,3.4,2.87,13,1.0,2.0,2.0,1.0,2.0,6.0,-4.0,5.0,4.0,1.0,-3.0,2.0,-5.0,0.0,1.0,-1.0,1.0,0.0,1.0,16.7,41.7,41.7,33.3,D
2018-10-21,2018,Djurgarden,AIK,0,0,D,U,3.68,3.16,2.14,13,0.0,3.0,3.0,1.0,2.0,8.0,-6.0,7.0,2.0,5.0,-5.0,6.0,-11.0,0.0,3.0,-3.0,2.0,1.0,1.0,33.3,33.3,58.3,8.3,D
2018-10-20,2018,Malmo FF,Hammarby,2,1,H,O,1.75,3.91,4.36,13,3.0,2.0,0.0,1.0,12.0,8.0,4.0,0.0,6.0,-6.0,12.0,2.0,10.0,3.0,1.0,2.0,0.0,0.0,0.0,58.3,8.3,50.0,8.3,A
2018-10-20,2018,Dalkurd,Orebro,1,0,H,U,3.09,3.38,2.28,13,0.0,1.0,3.0,2.0,3.0,2.0,1.0,10.0,4.0,6.0,-7.0,-2.0,-5.0,0.0,0.0,0.0,2.0,1.0,1.0,16.7,58.3,33.3,33.3,D
2018-10-08,2018,Sundsvall,Kalmar,2,0,H,U,2.09,3.35,3.56,13,1.0,1.0,1.0,2.0,6.0,3.0,3.0,4.0,7.0,-3.0,2.0,-4.0,6.0,1.0,1.0,0.0,1.0,2.0,-1.0,41.7,25.0,33.3,58.3,
2018-10-07,2018,Norrkoping,Djurgarden,1,1,D,U,1.95,3.45,3.94,13,3.0,2.0,0.0,1.0,7.0,7.0,0.0,2.0,7.0,-5.0,5.0,0.0,5.0,2.0,2.0,0.0,0.0,1.0,-1.0,83.3,8.3,50.0,33.3,H
2018-10-07,2018,Hacken,Malmo FF,1,1,D,U,2.59,3.36,2.66,12,4.0,3.0,0.0,1.0,17.0,8.0,9.0,2.0,5.0,-3.0,15.0,3.0,12.0,3.0,1.0,2.0,0.0,1.0,-1.0,72.7,0.0,50.0,41.7,D
2018-10-07,2018,Brommapojkarna,Hammarby,2,4,A,O,7.86,4.95,1.37,12,1.0,1.0,3.0,1.0,3.0,4.0,-1.0,9.0,4.0,5.0,-6.0,0.0,-6.0,0.0,0.0,0.0,3.0,0.0,3.0,36.4,54.5,45.5,9.1,D
2018-10-07,2018,AIK,Orebro,1,1,D,U,1.26,5.35,13.06,13,4.0,1.0,0.0,2.0,7.0,2.0,5.0,0.0,4.0,-4.0,7.0,-2.0,9.0,2.0,0.0,2.0,0.0,1.0,-1.0,83.3,0.0,36.4,36.4,H
2018-10-06,2018,Sirius,Elfsborg,4,2,H,O,3.12,3.3,2.29,13,0.0,1.0,2.0,1.0,4.0,5.0,-1.0,6.0,5.0,1.0,-2.0,0.0,-2.0,0.0,0.0,0.0,0.0,0.0,0.0,8.3,58.3,33.3,50.0,D
2018-10-06,2018,Goteborg,Trelleborgs,2,2,D,O,1.4,4.62,7.84,13,1.0,0.0,2.0,4.0,6.0,1.0,5.0,8.0,11.0,-3.0,-2.0,-10.0,8.0,0.0,0.0,0.0,1.0,3.0,-2.0,41.7,50.0,8.3,66.7,D
2018-10-05,2018,Ostersunds,Dalkurd,3,0,H,O,1.41,4.65,7.55,13,2.0,2.0,2.0,1.0,8.0,5.0,3.0,6.0,4.0,2.0,2.0,1.0,1.0,2.0,0.0,2.0,0.0,0.0,0.0,58.3,41.7,16.7,66.7,
2018-10-01,2018,Orebro,Trelleborgs,4,0,H,O,1.5,4.35,6.18,13,2.0,0.0,1.0,4.0,4.0,1.0,3.0,3.0,8.0,-5.0,1.0,-7.0,8.0,0.0,0.0,0.0,0.0,2.0,-2.0,33.3,41.7,9.1,63.6,
2018-10-01,2018,Hammarby,Goteborg,3,0,H,O,1.41,4.67,7.37,13,2.0,0.0,2.0,3.0,4.0,4.0,0.0,4.0,9.0,-5.0,0.0,-5.0,5.0,1.0,0.0,1.0,1.0,1.0,0.0,66.7,33.3,18.2,63.6,
2018-10-01,2018,Elfsborg,Hacken,0,3,A,O,2.86,3.49,2.37,12,1.0,3.0,2.0,1.0,2.0,6.0,-4.0,4.0,5.0,-1.0,-2.0,1.0,-3.0,0.0,1.0,-1.0,1.0,1.0,0.0,18.2,36.4,33.3,58.3,
2018-09-30,2018,Malmo FF,Sundsvall,0,0,D,U,1.32,5.18,9.43,12,4.0,3.0,0.0,1.0,14.0,12.0,2.0,1.0,5.0,-4.0,13.0,7.0,6.0,3.0,2.0,1.0,0.0,0.0,0.0,63.6,9.1,45.5,36.4,D
2018-09-30,2018,Kalmar,Brommapojkarna,1,1,D,U,1.6,3.92,5.59,12,1.0,2.0,2.0,2.0,3.0,3.0,0.0,4.0,9.0,-5.0,-1.0,-6.0,5.0,0.0,0.0,0.0,0.0,2.0,-2.0,36.4,36.4,16.7,83.3,D
2018-09-30,2018,Djurgarden,Ostersunds,0,2,A,U,1.89,3.57,4.07,12,0.0,2.0,2.0,2.0,3.0,5.0,-2.0,6.0,4.0,2.0,-3.0,1.0,-4.0,0.0,1.0,-1.0,1.0,0.0,1.0,36.4,27.3,45.5,27.3,A
2018-09-30,2018,Dalkurd,AIK,0,4,A,O,10.87,4.75,1.33,12,0.0,3.0,3.0,1.0,3.0,5.0,-2.0,7.0,2.0,5.0,-4.0,3.0,-7.0,0.0,2.0,-2.0,1.0,1.0,0.0,18.2,54.5,54.5,9.1,A
2018-09-29,2018,Sirius,Norrkoping,1,1,D,U,4.93,3.91,1.67,12,1.0,2.0,2.0,0.0,6.0,5.0,1.0,7.0,2.0,5.0,-1.0,3.0,-4.0,0.0,1.0,-1.0,0.0,0.0,0.0,9.1,63.6,36.4,18.2,A
2018-09-27,2018,Kalmar,Hacken,1,2,A,O,3.2,3.33,2.24,11,1.0,2.0,2.0,2.0,2.0,5.0,-3.0,4.0,6.0,-2.0,-2.0,-1.0,-1.0,0.0,1.0,-1.0,1.0,1.0,0.0,40.0,30.0,27.3,63.6,
2018-09-27,2018,Goteborg,AIK,0,2,A,U,5.06,3.44,1.76,12,2.0,3.0,1.0,1.0,9.0,7.0,2.0,6.0,3.0,3.0,3.0,4.0,-1.0,1.0,2.0,-1.0,0.0,1.0,-1.0,45.5,45.5,50.0,10.0,
2018-09-26,2018,Trelleborgs,Dalkurd,0,1,A,U,2.58,3.34,2.69,12,0.0,1.0,3.0,2.0,3.0,5.0,-2.0,13.0,8.0,5.0,-10.0,-3.0,-7.0,0.0,0.0,0.0,3.0,1.0,2.0,18.2,72.7,9.1,72.7,
2018-09-26,2018,Sundsvall,Djurgarden,1,1,D,U,2.97,3.33,2.38,12,1.0,3.0,2.0,1.0,5.0,7.0,-2.0,4.0,6.0,-2.0,1.0,1.0,0.0,1.0,2.0,-1.0,1.0,1.0,0.0,45.5,27.3,54.5,36.4,
2018-09-26,2018,Ostersunds,Brommapojkarna,3,1,H,O,1.47,4.42,6.47,12,2.0,2.0,2.0,2.0,6.0,2.0,4.0,5.0,9.0,-4.0,1.0,-7.0,8.0,1.0,0.0,1.0,0.0,2.0,-2.0,54.5,45.5,18.2,81.8,
2018-09-26,2018,Norrkoping,Malmo FF,3,1,H,O,2.92,3.25,2.46,12,3.0,4.0,0.0,0.0,5.0,9.0,-4.0,1.0,3.0,-2.0,4.0,6.0,-2.0,1.0,1.0,0.0,0.0,0.0,0.0,81.8,9.1,54.5,36.4,
2018-09-26,2018,Hammarby,Elfsborg,0,1,A,U,1.73,3.86,4.5,12,3.0,0.0,1.0,2.0,8.0,4.0,4.0,4.0,6.0,-2.0,4.0,-2.0,6.0,2.0,0.0,2.0,1.0,0.0,1.0,72.7,27.3,27.3,54.5,
2018-09-25,2018,Orebro,Sirius,0,0,D,U,1.89,3.56,4.01,12,2.0,2.0,2.0,2.0,5.0,6.0,-1.0,5.0,12.0,-7.0,0.0,-6.0,6.0,0.0,1.0,-1.0,0.0,2.0,-2.0,36.4,45.5,36.4,63.6,
2018-09-24,2018,Hacken,Goteborg,4,1,H,O,1.71,3.82,4.77,11,3.0,0.0,0.0,3.0,14.0,5.0,9.0,2.0,8.0,-6.0,12.0,-3.0,15.0,2.0,0.0,2.0,0.0,0.0,0.0,70.0,0.0,20.0,60.0,
2018-09-23,2018,Malmo FF,Kalmar,4,0,H,O,1.42,4.55,7.61,11,3.0,1.0,0.0,2.0,11.0,3.0,8.0,2.0,4.0,-2.0,9.0,-1.0,10.0,2.0,1.0,1.0,0.0,1.0,-1.0,60.0,10.0,36.4,54.5,H
2018-09-23,2018,AIK,Hammarby,1,0,H,U,1.99,3.38,3.88,12,4.0,2.0,0.0,0.0,7.0,7.0,0.0,0.0,4.0,-4.0,7.0,3.0,4.0,2.0,1.0,1.0,0.0,0.0,0.0,81.8,0.0,50.0,0.0,D
2018-09-22,2018,Trelleborgs,Djurgarden,0,3,A,O,5.98,4.35,1.52,11,0.0,3.0,3.0,1.0,4.0,9.0,-5.0,14.0,7.0,7.0,-10.0,2.0,-12.0,0.0,2.0,-2.0,3.0,1.0,2.0,20.0,70.0,50.0,40.0,A
2018-09-22,2018,Sirius,Ostersunds,0,1,A,U,3.09,3.51,2.23,11,1.0,1.0,2.0,2.0,6.0,5.0,1.0,10.0,5.0,5.0,-4.0,0.0,-4.0,0.0,1.0,-1.0,1.0,0.0,1.0,10.0,60.0,40.0,30.0,D
2018-09-22,2018,Elfsborg,Orebro,1,0,H,U,1.67,3.88,4.97,11,0.0,1.0,2.0,2.0,1.0,2.0,-1.0,4.0,5.0,-1.0,-3.0,-3.0,0.0,0.0,0.0,0.0,1.0,2.0,-1.0,10.0,40.0,40.0,30.0,H
2018-09-22,2018,Dalkurd,Norrkoping,0,2,A,U,5.21,4.09,1.62,11,0.0,1.0,3.0,1.0,4.0,4.0,0.0,8.0,4.0,4.0,-4.0,0.0,-4.0,0.0,0.0,0.0,1.0,0.0,1.0,20.0,50.0,30.0,20.0,
2018-09-21,2018,Brommapojkarna,Sundsvall,1,3,A,O,3.2,3.54,2.17,11,1.0,2.0,3.0,1.0,2.0,10.0,-8.0,7.0,5.0,2.0,-5.0,5.0,-10.0,0.0,1.0,-1.0,2.0,0.0,2.0,40.0,50.0,40.0,40.0,
2018-09-17,2018,Sirius,Hammarby,1,1,D,U,5.21,4.29,1.58,10,1.0,2.0,3.0,0.0,6.0,6.0,0.0,12.0,3.0,9.0,-6.0,3.0,-9.0,0.0,1.0,-1.0,2.0,0.0,2.0,11.1,66.7,55.6,0.0,
2018-09-17,2018,Kalmar,Dalkurd,0,0,D,U,1.5,4.23,6.5,10,1.0,1.0,3.0,2.0,2.0,6.0,-4.0,5.0,9.0,-4.0,-3.0,-3.0,0.0,0.0,0.0,0.0,1.0,1.0,0.0,44.4,33.3,10.0,80.0,
2018-09-17,2018,Hacken,Trelleborgs,2,1,H,O,1.21,6.48,13.41,10,3.0,0.0,0.0,4.0,15.0,1.0,14.0,1.0,10.0,-9.0,14.0,-9.0,23.0,3.0,0.0,3.0,0.0,3.0,-3.0,66.7,0.0,10.0,60.0,
2018-09-16,2018,Norrkoping,AIK,2,0,H,U,3.13,3.2,2.36,11,3.0,3.0,0.0,0.0,5.0,8.0,-3.0,2.0,2.0,0.0,3.0,6.0,-3.0,0.0,2.0,-2.0,0.0,0.0,0.0,80.0,10.0,55.6,0.0,D
2018-09-16,2018,Goteborg,Elfsborg,2,2,D,O,2.33,3.39,3.02,11,3.0,0.0,1.0,3.0,9.0,2.0,7.0,4.0,5.0,-1.0,5.0,-3.0,8.0,2.0,0.0,2.0,0.0,0.0,0.0,50.0,50.0,30.0,60.0,A
2018-09-16,2018,Djurgarden,Brommapojkarna,0,1,A,U,1.31,5.39,9.97,11,1.0,1.0,1.0,3.0,5.0,2.0,3.0,6.0,14.0,-8.0,-1.0,-12.0,11.0,0.0,0.0,0.0,1.0,3.0,-2.0,40.0,20.0,10.0,90.0,D
2018-09-15,2018,Ostersunds,Malmo FF,2,3,A,O,3.96,3.53,1.92,11,3.0,4.0,1.0,0.0,8.0,10.0,-2.0,3.0,1.0,2.0,5.0,9.0,-4.0,2.0,2.0,0.0,0.0,0.0,0.0,60.0,40.0,50.0,40.0,
2018-09-15,2018,Orebro,Sundsvall,2,1,H,O,2.37,3.37,2.96,11,1.0,3.0,3.0,0.0,4.0,11.0,-7.0,6.0,3.0,3.0,-2.0,8.0,-10.0,0.0,2.0,-2.0,0.0,0.0,0.0,30.0,50.0,44.4,33.3,A
2018-09-02,2018,Sundsvall,Sirius,4,0,H,O,1.82,3.76,4.23,11,1.0,3.0,2.0,1.0,3.0,7.0,-4.0,4.0,8.0,-4.0,-1.0,-1.0,0.0,1.0,1.0,0.0,1.0,1.0,0.0,40.0,30.0,40.0,60.0,D
2018-09-02,2018,Hammarby,Djurgarden,1,3,A,O,2.14,3.44,3.36,11,3.0,3.0,1.0,1.0,8.0,9.0,-1.0,3.0,7.0,-4.0,5.0,2.0,3.0,2.0,2.0,0.0,0.0,1.0,-1.0,80.0,20.0,44.4,44.4,A
2018-09-02,2018,Elfsborg,Kalmar,1,1,D,U,2.28,3.26,3.2,10,1.0,2.0,2.0,2.0,2.0,5.0,-3.0,4.0,4.0,0.0,-2.0,1.0,-3.0,0.0,2.0,-2.0,1.0,1.0,0.0,11.1,44.4,40.0,60.0,D
2018-09-02,2018,Dalkurd,Goteborg,1,1,D,U,3.35,3.45,2.14,10,0.0,0.0,3.0,4.0,5.0,4.0,1.0,9.0,9.0,0.0,-4.0,-5.0,1.0,0.0,0.0,0.0,1.0,1.0,0.0,22.2,55.6,22.2,66.7,H
2018-09-02,2018,Brommapojkarna,Malmo FF,0,3,A,O,11.63,5.52,1.27,10,1.0,3.0,2.0,1.0,2.0,9.0,-7.0,4.0,4.0,0.0,-2.0,5.0,-7.0,0.0,1.0,-1.0,1.0,0.0,1.0,44.4,44.4,44.4,44.4,A
2018-09-01,2018,Orebro,Ostersunds,2,1,H,O,2.93,3.3,2.43,10,0.0,2.0,4.0,1.0,3.0,6.0,-3.0,7.0,4.0,3.0,-4.0,2.0,-6.0,0.0,1.0,-1.0,0.0,0.0,0.0,22.2,55.6,44.4,22.2,
2018-09-01,2018,AIK,Hacken,3,0,H,O,1.78,3.44,4.94,11,4.0,2.0,0.0,2.0,9.0,6.0,3.0,1.0,5.0,-4.0,8.0,1.0,7.0,2.0,1.0,1.0,0.0,0.0,0.0,80.0,0.0,30.0,60.0,H
2018-08-31,2018,Trelleborgs,Norrkoping,1,1,D,U,7.93,4.75,1.39,10,1.0,1.0,3.0,1.0,5.0,4.0,1.0,14.0,4.0,10.0,-9.0,0.0,-9.0,0.0,0.0,0.0,3.0,0.0,3.0,22.2,77.8,33.3,22.2,
2018-08-27,2018,Norrkoping,Goteborg,2,1,H,O,1.53,4.21,6.04,10,3.0,0.0,0.0,3.0,4.0,4.0,0.0,1.0,8.0,-7.0,3.0,-4.0,7.0,0.0,0.0,0.0,0.0,1.0,-1.0,77.8,11.1,25.0,62.5,
2018-08-27,2018,Kalmar,Orebro,0,1,A,U,1.72,3.77,4.79,9,1.0,0.0,2.0,2.0,3.0,1.0,2.0,5.0,5.0,0.0,-2.0,-4.0,2.0,0.0,0.0,0.0,1.0,2.0,-1.0,50.0,25.0,33.3,33.3,
2018-08-27,2018,Dalkurd,Hammarby,2,3,A,O,5.84,4.17,1.55,9,1.0,1.0,2.0,0.0,6.0,4.0,2.0,6.0,2.0,4.0,0.0,2.0,-2.0,1.0,1.0,0.0,1.0,0.0,1.0,25.0,50.0,50.0,0.0,
2018-08-26,2018,Ostersunds,Sundsvall,1,2,A,O,1.68,3.97,4.85,10,4.0,2.0,0.0,1.0,9.0,9.0,0.0,1.0,5.0,-4.0,8.0,4.0,4.0,3.0,2.0,1.0,0.0,1.0,-1.0,66.7,33.3,37.5,37.5,H
2018-08-26,2018,Malmo FF,Sirius,5,0,H,O,1.33,5.36,8.53,10,2.0,3.0,0.0,1.0,7.0,9.0,-2.0,3.0,8.0,-5.0,4.0,1.0,3.0,1.0,1.0,0.0,0.0,1.0,-1.0,55.6,11.1,44.4,55.6,D
2018-08-26,2018,Hacken,Brommapojkarna,6,0,H,O,1.21,6.61,13.05,9,2.0,1.0,0.0,3.0,10.0,2.0,8.0,2.0,11.0,-9.0,8.0,-9.0,17.0,2.0,0.0,2.0,0.0,3.0,-3.0,62.5,0.0,11.1,88.9,H
2018-08-26,2018,Djurgarden,Elfsborg,2,2,D,O,1.84,3.48,4.43,10,1.0,1.0,1.0,3.0,4.0,2.0,2.0,5.0,4.0,1.0,-1.0,-2.0,1.0,0.0,0.0,0.0,1.0,0.0,1.0,44.4,22.2,33.3,66.7,D
2018-08-26,2018,AIK,Trelleborgs,2,0,H,U,1.18,6.76,17.31,10,3.0,0.0,0.0,3.0,10.0,3.0,7.0,4.0,10.0,-6.0,6.0,-7.0,13.0,1.0,0.0,1.0,0.0,2.0,-2.0,77.8,0.0,11.1,55.6,H
2018-08-20,2018,Hammarby,Orebro,2,0,H,U,1.38,5.02,7.4,10,2.0,0.0,2.0,2.0,6.0,1.0,5.0,4.0,5.0,-1.0,2.0,-4.0,6.0,1.0,0.0,1.0,0.0,2.0,-2.0,77.8,22.2,37.5,25.0,
2018-08-20,2018,Goteborg,Ostersunds,2,1,H,O,2.65,3.27,2.67,10,2.0,3.0,2.0,0.0,8.0,8.0,0.0,6.0,4.0,2.0,2.0,4.0,-2.0,2.0,1.0,1.0,1.0,0.0,1.0,44.4,55.6,50.0,12.5,
2018-08-19,2018,Sundsvall,Hacken,0,2,A,U,3.49,3.59,2.04,10,1.0,1.0,2.0,3.0,5.0,4.0,1.0,5.0,7.0,-2.0,0.0,-3.0,3.0,1.0,0.0,1.0,0.0,1.0,-1.0,44.4,22.2,22.2,66.7,A
2018-08-19,2018,Elfsborg,Norrkoping,0,1,A,U,3.16,3.39,2.24,9,1.0,0.0,1.0,1.0,3.0,6.0,-3.0,4.0,7.0,-3.0,-1.0,-1.0,0.0,0.0,0.0,0.0,1.0,0.0,1.0,12.5,37.5,25.0,25.0,D
2018-08-19,2018,Djurgarden,Kalmar,0,2,A,U,1.57,3.88,6.12,9,2.0,1.0,0.0,3.0,6.0,4.0,2.0,3.0,6.0,-3.0,3.0,-2.0,5.0,1.0,1.0,0.0,0.0,1.0,-1.0,50.0,12.5,33.3,66.7,A
2018-08-19,2018,Brommapojkarna,AIK,0,2,A,U,8.86,4.82,1.36,9,2.0,3.0,1.0,0.0,4.0,7.0,-3.0,3.0,2.0,1.0,1.0,5.0,-4.0,0.0,1.0,-1.0,0.0,0.0,0.0,50.0,37.5,50.0,0.0,A
2018-08-18,2018,Malmo FF,Trelleborgs,3,0,H,O,1.2,6.65,13.82,9,2.0,0.0,0.0,3.0,6.0,4.0,2.0,3.0,9.0,-6.0,3.0,-5.0,8.0,1.0,0.0,1.0,0.0,1.0,-1.0,50.0,12.5,12.5,50.0,H
2018-08-17,2018,Sirius,Dalkurd,2,3,A,O,1.89,3.67,3.91,9,1.0,0.0,3.0,3.0,5.0,5.0,0.0,14.0,11.0,3.0,-9.0,-6.0,-3.0,0.0,0.0,0.0,3.0,2.0,1.0,12.5,62.5,0.0,88.9,
2018-08-13,2018,Trelleborgs,Sundsvall,1,6,A,O,2.97,3.38,2.36,9,2.0,2.0,2.0,1.0,5.0,6.0,-1.0,8.0,5.0,3.0,-3.0,1.0,-4.0,0.0,2.0,-2.0,2.0,1.0,1.0,25.0,75.0,28.6,42.9,
2018-08-13,2018,Norrkoping,Hammarby,0,0,D,U,2.41,3.56,2.79,9,4.0,2.0,0.0,0.0,8.0,6.0,2.0,3.0,3.0,0.0,5.0,3.0,2.0,1.0,1.0,0.0,0.0,0.0,0.0,87.5,12.5,57.1,0.0,
2018-08-12,2018,Ostersunds,Kalmar,2,0,H,U,1.85,3.55,4.31,9,4.0,1.0,0.0,3.0,12.0,5.0,7.0,3.0,6.0,-3.0,9.0,-1.0,10.0,3.0,1.0,2.0,0.0,0.0,0.0,62.5,37.5,37.5,62.5,D
2018-08-12,2018,Hacken,Djurgarden,5,0,H,O,2.6,3.25,2.77,8,2.0,3.0,0.0,1.0,10.0,9.0,1.0,2.0,3.0,-1.0,8.0,6.0,2.0,2.0,2.0,0.0,0.0,0.0,0.0,57.1,0.0,50.0,37.5,H
2018-08-12,2018,AIK,Elfsborg,1,0,H,U,1.51,4.05,6.98,9,2.0,2.0,0.0,2.0,10.0,6.0,4.0,5.0,4.0,1.0,5.0,2.0,3.0,1.0,1.0,0.0,0.0,0.0,0.0,75.0,0.0,37.5,62.5,D
2018-08-11,2018,Orebro,Brommapojkarna,0,1,A,U,1.76,3.73,4.55,9,1.0,0.0,3.0,4.0,5.0,2.0,3.0,7.0,13.0,-6.0,-2.0,-11.0,9.0,0.0,0.0,0.0,0.0,3.0,-3.0,25.0,50.0,0.0,100.0,
2018-08-10,2018,Goteborg,Sirius,2,3,A,O,1.89,3.55,4.08,9,2.0,2.0,2.0,2.0,7.0,6.0,1.0,6.0,7.0,-1.0,1.0,-1.0,2.0,2.0,1.0,1.0,2.0,1.0,1.0,50.0,50.0,37.5,62.5,
2018-08-10,2018,Dalkurd,Malmo FF,0,1,A,U,6.41,4.3,1.5,8,1.0,2.0,2.0,2.0,7.0,8.0,-1.0,9.0,5.0,4.0,-2.0,3.0,-5.0,1.0,1.0,0.0,2.0,0.0,2.0,28.6,42.9,37.5,50.0,
2018-08-06,2018,Sundsvall,Norrkoping,1,1,D,U,4.23,3.69,1.81,9,2.0,1.0,2.0,1.0,7.0,7.0,0.0,4.0,6.0,-2.0,3.0,1.0,2.0,2.0,1.0,1.0,0.0,0.0,0.0,50.0,25.0,28.6,28.6,
2018-08-06,2018,Elfsborg,Ostersunds,0,2,A,U,2.63,3.46,2.57,8,1.0,2.0,0.0,0.0,3.0,7.0,-4.0,2.0,5.0,-3.0,1.0,2.0,-1.0,0.0,0.0,0.0,0.0,0.0,0.0,14.3,28.6,42.9,14.3,
2018-08-05,2018,Orebro,Hacken,1,2,A,O,3.14,3.5,2.2,8,1.0,0.0,3.0,4.0,5.0,2.0,3.0,7.0,8.0,-1.0,-2.0,-6.0,4.0,0.0,0.0,0.0,0.0,2.0,-2.0,28.6,42.9,12.5,75.0,D
2018-08-05,2018,Hammarby,Trelleborgs,1,0,H,U,1.23,6.41,11.75,9,2.0,0.0,2.0,2.0,8.0,5.0,3.0,6.0,9.0,-3.0,2.0,-4.0,6.0,1.0,0.0,1.0,0.0,1.0,-1.0,75.0,25.0,14.3,42.9,D
2018-08-04,2018,Kalmar,Goteborg,2,1,H,O,2.03,3.31,3.78,8,1.0,1.0,2.0,2.0,2.0,5.0,-3.0,4.0,7.0,-3.0,-2.0,-2.0,0.0,0.0,0.0,0.0,1.0,1.0,0.0,42.9,28.6,28.6,57.1,D
2018-08-04,2018,Brommapojkarna,Dalkurd,2,1,H,O,2.32,3.43,2.98,8,2.0,0.0,1.0,3.0,3.0,4.0,-1.0,2.0,10.0,-8.0,1.0,-6.0,7.0,0.0,0.0,0.0,0.0,2.0,-2.0,42.9,42.9,0.0,87.5,A
2018-07-30,2018,Trelleborgs,Hammarby,1,3,A,O,5.78,4.33,1.53,8,2.0,2.0,2.0,0.0,4.0,5.0,-1.0,8.0,3.0,5.0,-4.0,2.0,-6.0,0.0,0.0,0.0,2.0,0.0,2.0,28.6,71.4,50.0,0.0,
2018-07-29,2018,Hacken,Orebro,1,1,D,U,1.61,4.06,5.27,7,2.0,1.0,0.0,2.0,11.0,4.0,7.0,3.0,6.0,-3.0,8.0,-2.0,10.0,2.0,1.0,1.0,0.0,2.0,-2.0,66.7,0.0,42.9,28.6,D
2018-07-29,2018,Djurgarden,Sundsvall,1,1,D,U,1.41,4.57,7.67,8,3.0,2.0,0.0,2.0,6.0,5.0,1.0,2.0,5.0,-3.0,4.0,0.0,4.0,1.0,2.0,-1.0,0.0,1.0,-1.0,57.1,14.3,33.3,50.0,D
2018-07-29,2018,AIK,Kalmar,1,0,H,U,1.52,3.91,6.92,8,2.0,2.0,0.0,2.0,11.0,7.0,4.0,5.0,6.0,-1.0,6.0,1.0,5.0,2.0,1.0,1.0,0.0,0.0,0.0,71.4,0.0,42.9,57.1,D
2018-07-28,2018,Ostersunds,Elfsborg,1,0,H,U,1.82,3.7,4.26,8,3.0,2.0,1.0,2.0,11.0,6.0,5.0,5.0,8.0,-3.0,6.0,-2.0,8.0,3.0,1.0,2.0,1.0,1.0,0.0,57.1,42.9,42.9,57.1,H
2018-07-28,2018,Malmo FF,Norrkoping,2,1,H,O,1.58,4.18,5.39,8,1.0,2.0,1.0,0.0,5.0,8.0,-3.0,4.0,4.0,0.0,1.0,4.0,-3.0,1.0,2.0,-1.0,0.0,0.0,0.0,42.9,14.3,33.3,16.7,
2018-07-28,2018,Goteborg,Brommapojkarna,3,0,H,O,1.57,4.11,5.62,8,1.0,0.0,3.0,4.0,4.0,2.0,2.0,8.0,13.0,-5.0,-4.0,-11.0,7.0,1.0,0.0,1.0,3.0,3.0,0.0,42.9,57.1,0.0,100.0,H
2018-07-28,2018,Dalkurd,Sirius,1,3,A,O,2.0,3.61,3.59,7,1.0,1.0,2.0,3.0,7.0,3.0,4.0,8.0,8.0,0.0,-1.0,-5.0,4.0,1.0,0.0,1.0,1.0,2.0,-1.0,33.3,33.3,28.6,71.4,
2018-07-23,2018,Norrkoping,Elfsborg,1,0,H,U,1.8,3.83,4.19,8,3.0,2.0,1.0,2.0,8.0,7.0,1.0,5.0,9.0,-4.0,3.0,-2.0,5.0,1.0,1.0,0.0,0.0,1.0,-1.0,85.7,14.3,50.0,50.0,
2018-07-23,2018,Hammarby,Dalkurd,4,1,H,O,1.53,4.3,5.84,8,2.0,0.0,2.0,3.0,8.0,5.0,3.0,8.0,9.0,-1.0,0.0,-4.0,4.0,0.0,0.0,0.0,0.0,1.0,-1.0,71.4,28.6,0.0,85.7,
2018-07-22,2018,Sirius,Goteborg,3,2,H,O,2.78,3.47,2.44,8,0.0,1.0,3.0,2.0,3.0,3.0,0.0,13.0,6.0,7.0,-10.0,-3.0,-7.0,0.0,0.0,0.0,3.0,2.0,1.0,0.0,71.4,33.3,50.0,A
2018-07-22,2018,Djurgarden,Hacken,2,1,H,O,1.95,3.38,4.04,7,2.0,1.0,1.0,3.0,5.0,4.0,1.0,3.0,6.0,-3.0,2.0,-2.0,4.0,1.0,1.0,0.0,0.0,2.0,-2.0,50.0,16.7,14.3,71.4,D
2018-07-22,2018,AIK,Brommapojkarna,5,1,H,O,1.22,6.02,15.21,7,2.0,0.0,0.0,4.0,8.0,2.0,6.0,4.0,11.0,-7.0,4.0,-9.0,13.0,2.0,0.0,2.0,0.0,3.0,-3.0,66.7,0.0,0.0,100.0,D
2018-07-21,2018,Ostersunds,Trelleborgs,4,1,H,O,1.31,5.22,10.07,7,2.0,1.0,2.0,1.0,7.0,6.0,1.0,6.0,6.0,0.0,1.0,0.0,1.0,2.0,0.0,2.0,2.0,0.0,2.0,50.0,50.0,16.7,33.3,H
2018-07-21,2018,Orebro,Malmo FF,1,2,A,O,4.84,4.03,1.66,7,2.0,1.0,2.0,3.0,7.0,6.0,1.0,7.0,7.0,0.0,0.0,-1.0,1.0,0.0,1.0,-1.0,0.0,1.0,-1.0,33.3,33.3,28.6,57.1,D
2018-07-21,2018,Kalmar,Sundsvall,0,2,A,U,1.84,3.53,4.37,7,2.0,1.0,1.0,3.0,5.0,6.0,-1.0,2.0,9.0,-7.0,3.0,-3.0,6.0,1.0,1.0,0.0,0.0,1.0,-1.0,50.0,16.7,20.0,60.0,
2018-07-16,2018,Elfsborg,Hammarby,0,0,D,U,2.24,3.61,3.01,7,1.0,2.0,0.0,0.0,5.0,7.0,-2.0,4.0,5.0,-1.0,1.0,2.0,-1.0,0.0,0.0,0.0,0.0,0.0,0.0,16.7,33.3,60.0,0.0,
2018-07-15,2018,Sundsvall,AIK,0,1,A,U,4.61,3.4,1.84,8,3.0,2.0,1.0,0.0,9.0,6.0,3.0,4.0,2.0,2.0,5.0,4.0,1.0,2.0,1.0,1.0,0.0,0.0,0.0,57.1,14.3,42.9,0.0,D
2018-07-15,2018,Norrkoping,Hacken,2,1,H,O,2.25,3.44,3.13,7,3.0,1.0,1.0,3.0,7.0,4.0,3.0,4.0,6.0,-2.0,3.0,-2.0,5.0,1.0,1.0,0.0,0.0,2.0,-2.0,83.3,16.7,16.7,66.7,D
2018-07-15,2018,Kalmar,Djurgarden,0,1,A,U,2.94,3.12,2.53,6,2.0,2.0,0.0,2.0,6.0,8.0,-2.0,2.0,4.0,-2.0,4.0,4.0,0.0,1.0,2.0,-1.0,0.0,0.0,0.0,60.0,0.0,42.9,42.9,A
2018-07-14,2018,Malmo FF,Ostersunds,1,1,D,U,1.66,3.94,5.05,7,2.0,3.0,1.0,0.0,5.0,10.0,-5.0,3.0,4.0,-1.0,2.0,6.0,-4.0,1.0,1.0,0.0,0.0,0.0,0.0,50.0,16.7,50.0,16.7,
2018-07-14,2018,Goteborg,Orebro,2,0,H,U,2.2,3.37,3.28,7,1.0,2.0,3.0,1.0,4.0,6.0,-2.0,9.0,4.0,5.0,-5.0,2.0,-7.0,0.0,2.0,-2.0,3.0,1.0,2.0,33.3,66.7,50.0,16.7,
2018-07-14,2018,Dalkurd,Trelleborgs,2,2,D,O,1.62,3.9,5.52,6,1.0,1.0,2.0,2.0,7.0,4.0,3.0,8.0,5.0,3.0,-1.0,-1.0,0.0,1.0,0.0,1.0,1.0,0.0,1.0,40.0,40.0,20.0,40.0,
2018-07-14,2018,Brommapojkarna,Sirius,0,1,A,U,2.18,3.55,3.17,7,2.0,0.0,1.0,4.0,3.0,2.0,1.0,5.0,9.0,-4.0,-2.0,-7.0,5.0,0.0,0.0,0.0,1.0,2.0,-1.0,50.0,33.3,16.7,83.3,
2018-07-09,2018,Hammarby,Ostersunds,1,2,A,O,2.04,3.59,3.51,7,3.0,2.0,1.0,0.0,9.0,9.0,0.0,7.0,4.0,3.0,2.0,5.0,-3.0,0.0,1.0,-1.0,0.0,0.0,0.0,83.3,16.7,40.0,20.0,
2018-07-08,2018,Orebro,Elfsborg,1,2,A,O,2.31,3.5,2.97,6,2.0,2.0,1.0,2.0,7.0,7.0,0.0,6.0,8.0,-2.0,1.0,-1.0,2.0,0.0,2.0,-2.0,0.0,1.0,-1.0,40.0,20.0,40.0,60.0,D
2018-07-08,2018,Goteborg,Kalmar,1,3,A,O,2.27,3.17,3.32,6,2.0,2.0,2.0,2.0,4.0,5.0,-1.0,6.0,5.0,1.0,-2.0,0.0,-2.0,0.0,0.0,0.0,2.0,0.0,2.0,40.0,60.0,33.3,66.7,A
2018-07-08,2018,Djurgarden,Norrkoping,1,1,D,U,2.04,3.46,3.59,6,3.0,2.0,1.0,1.0,7.0,8.0,-1.0,2.0,5.0,-3.0,5.0,3.0,2.0,2.0,2.0,0.0,0.0,0.0,0.0,60.0,20.0,40.0,20.0,H
2018-07-07,2018,Trelleborgs,AIK,1,4,A,O,6.42,3.75,1.57,7,2.0,2.0,2.0,0.0,3.0,5.0,-2.0,5.0,3.0,2.0,-2.0,2.0,-4.0,0.0,0.0,0.0,1.0,0.0,1.0,33.3,66.7,33.3,0.0,
2018-07-07,2018,Sirius,Malmo FF,0,4,A,O,7.18,4.48,1.44,7,0.0,0.0,3.0,4.0,5.0,2.0,3.0,13.0,10.0,3.0,-8.0,-8.0,0.0,0.0,0.0,0.0,3.0,2.0,1.0,0.0,66.7,16.7,66.7,A
2018-07-07,2018,Hacken,Sundsvall,3,0,H,O,1.48,4.45,6.41,6,2.0,1.0,0.0,2.0,11.0,8.0,3.0,3.0,8.0,-5.0,8.0,0.0,8.0,2.0,1.0,1.0,0.0,0.0,0.0,60.0,0.0,25.0,50.0,
2018-07-07,2018,Dalkurd,Brommapojkarna,3,0,H,O,1.66,3.84,5.12,5,1.0,0.0,2.0,4.0,7.0,2.0,5.0,8.0,12.0,-4.0,-1.0,-10.0,9.0,1.0,0.0,1.0,1.0,3.0,-2.0,25.0,50.0,0.0,100.0,
2018-07-03,2018,Sirius,Sundsvall,1,3,A,O,2.42,3.57,2.75,6,0.0,,3.0,,6.0,,,13.0,,,-7.0,,,0.0,,,2.0,,,0.0,60.0,0.0,66.7,
2018-05-27,2018,Sundsvall,Goteborg,2,0,H,U,2.79,3.38,2.49,7,3.0,1.0,1.0,2.0,8.0,4.0,4.0,4.0,6.0,-2.0,4.0,-2.0,6.0,1.0,0.0,1.0,0.0,1.0,-1.0,50.0,16.7,40.0,40.0,H
2018-05-27,2018,Sirius,Djurgarden,1,5,A,O,4.77,3.77,1.72,5,0.0,1.0,2.0,2.0,5.0,5.0,0.0,8.0,5.0,3.0,-3.0,0.0,-3.0,0.0,1.0,-1.0,1.0,0.0,1.0,0.0,50.0,33.3,50.0,A
2018-05-27,2018,Malmo FF,Dalkurd,1,1,D,U,1.35,5.16,8.24,6,3.0,0.0,1.0,4.0,7.0,4.0,3.0,3.0,9.0,-6.0,4.0,-5.0,9.0,2.0,0.0,2.0,0.0,1.0,-1.0,60.0,20.0,0.0,100.0,A
2018-05-27,2018,Kalmar,Hammarby,1,1,D,U,3.11,3.34,2.3,5,3.0,3.0,0.0,0.0,6.0,8.0,-2.0,1.0,5.0,-4.0,5.0,3.0,2.0,1.0,0.0,1.0,0.0,0.0,0.0,75.0,0.0,75.0,0.0,D
2018-05-27,2018,Elfsborg,Trelleborgs,2,1,H,O,1.45,4.34,7.28,6,0.0,1.0,1.0,1.0,3.0,4.0,-1.0,4.0,4.0,0.0,-1.0,0.0,-1.0,0.0,0.0,0.0,0.0,0.0,0.0,0.0,40.0,25.0,25.0,H
2018-05-27,2018,Brommapojkarna,Orebro,0,0,D,U,3.29,3.49,2.14,6,2.0,3.0,2.0,1.0,3.0,8.0,-5.0,7.0,5.0,2.0,-4.0,3.0,-7.0,0.0,2.0,-2.0,2.0,1.0,1.0,60.0,40.0,60.0,20.0,D
2018-05-26,2018,Ostersunds,Hacken,2,0,H,U,1.95,3.46,3.92,6,2.0,1.0,2.0,2.0,7.0,4.0,3.0,7.0,4.0,3.0,0.0,0.0,0.0,1.0,1.0,0.0,2.0,1.0,1.0,40.0,60.0,20.0,60.0,
2018-05-26,2018,AIK,Norrkoping,3,3,D,O,1.65,3.72,5.57,6,3.0,2.0,0.0,1.0,7.0,6.0,1.0,1.0,3.0,-2.0,6.0,3.0,3.0,3.0,2.0,1.0,0.0,0.0,0.0,80.0,0.0,50.0,25.0,H
2018-05-24,2018,Trelleborgs,Brommapojkarna,2,1,H,O,2.17,3.4,3.31,6,1.0,0.0,3.0,4.0,2.0,2.0,0.0,6.0,12.0,-6.0,-4.0,-10.0,6.0,0.0,0.0,0.0,1.0,3.0,-2.0,20.0,80.0,0.0,100.0,
2018-05-24,2018,Goteborg,Djurgarden,1,3,A,O,2.95,3.2,2.47,5,2.0,0.0,2.0,3.0,4.0,2.0,2.0,5.0,6.0,-1.0,-1.0,-4.0,3.0,0.0,0.0,0.0,1.0,1.0,0.0,50.0,50.0,20.0,60.0,
2018-05-24,2018,Dalkurd,Elfsborg,1,4,A,O,2.46,3.41,2.79,4,,1.0,,3.0,,3.0,,,8.0,,,-5.0,,,1.0,,,1.0,,33.3,33.3,25.0,75.0,
2018-05-23,2018,Ostersunds,Sirius,5,2,H,O,1.42,4.65,7.19,5,1.0,1.0,3.0,3.0,2.0,1.0,1.0,6.0,4.0,2.0,-4.0,-3.0,-1.0,0.0,0.0,0.0,2.0,1.0,1.0,25.0,75.0,20.0,80.0,
2018-05-23,2018,Norrkoping,Sundsvall,1,0,H,U,1.47,4.58,6.35,6,3.0,,1.0,,9.0,,,5.0,,,4.0,,,2.0,,,0.0,,,80.0,20.0,0.0,50.0,
2018-05-23,2018,Hacken,AIK,1,1,D,U,2.47,3.15,2.99,5,3.0,2.0,0.0,0.0,11.0,5.0,6.0,2.0,3.0,-1.0,9.0,2.0,7.0,2.0,0.0,2.0,0.0,0.0,0.0,75.0,0.0,40.0,0.0,
2018-05-22,2018,Orebro,Kalmar,2,1,H,O,2.25,3.37,3.16,5,1.0,2.0,1.0,2.0,6.0,5.0,1.0,6.0,6.0,0.0,0.0,-1.0,1.0,0.0,0.0,0.0,0.0,1.0,-1.0,25.0,25.0,40.0,60.0,
2018-05-21,2018,Elfsborg,Goteborg,1,1,D,U,2.27,3.37,3.13,5,0.0,2.0,2.0,2.0,3.0,6.0,-3.0,5.0,6.0,-1.0,-2.0,0.0,-2.0,0.0,1.0,-1.0,0.0,1.0,-1.0,0.0,50.0,50.0,50.0,
2018-05-20,2018,Malmo FF,Hacken,2,0,H,U,2.58,3.26,2.75,5,2.0,1.0,1.0,2.0,6.0,4.0,2.0,4.0,4.0,0.0,2.0,0.0,2.0,1.0,1.0,0.0,0.0,1.0,-1.0,50.0,25.0,25.0,50.0,D
2018-05-20,2018,Hammarby,AIK,0,1,A,U,2.88,3.29,2.45,6,4.0,1.0,0.0,0.0,13.0,5.0,8.0,6.0,4.0,2.0,7.0,1.0,6.0,1.0,0.0,1.0,0.0,0.0,0.0,100.0,0.0,25.0,0.0,D
2018-05-19,2018,Sundsvall,Ostersunds,2,3,A,O,3.6,3.5,2.03,6,3.0,1.0,0.0,1.0,8.0,6.0,2.0,3.0,5.0,-2.0,5.0,1.0,4.0,1.0,1.0,0.0,0.0,1.0,-1.0,60.0,0.0,25.0,25.0,A
2018-05-19,2018,Sirius,Trelleborgs,1,1,D,U,2.03,3.46,3.65,4,,,,,,,,,,,,,,,,,,,,0.0,66.7,33.3,33.3,D
2018-05-19,2018,Norrkoping,Dalkurd,4,2,H,O,1.75,3.68,4.7,5,3.0,0.0,1.0,4.0,7.0,2.0,5.0,4.0,8.0,-4.0,3.0,-6.0,9.0,1.0,0.0,1.0,0.0,1.0,-1.0,75.0,25.0,0.0,100.0,
2018-05-18,2018,Brommapojkarna,Kalmar,2,1,H,O,3.21,3.3,2.26,5,2.0,2.0,2.0,2.0,3.0,4.0,-1.0,6.0,5.0,1.0,-3.0,-1.0,-2.0,1.0,0.0,1.0,2.0,1.0,1.0,50.0,50.0,50.0,50.0,
2018-05-17,2018,Djurgarden,Orebro,2,0,H,U,1.48,4.26,6.92,5,2.0,3.0,1.0,0.0,6.0,8.0,-2.0,3.0,3.0,0.0,3.0,5.0,-2.0,1.0,2.0,-1.0,0.0,0.0,0.0,50.0,25.0,75.0,0.0,
2018-05-16,2018,Hammarby,Malmo FF,3,2,H,O,2.25,3.7,2.92,5,4.0,0.0,0.0,3.0,13.0,2.0,11.0,5.0,9.0,-4.0,8.0,-7.0,15.0,2.0,0.0,2.0,0.0,2.0,-2.0,100.0,0.0,20.0,60.0,
2018-05-14,2018,Kalmar,Sirius,1,0,H,U,1.72,3.59,5.07,4,,1.0,,3.0,,2.0,,,6.0,,,-4.0,,,0.0,,,2.0,,66.7,0.0,25.0,75.0,
2018-05-14,2018,Hacken,Elfsborg,5,0,H,O,1.6,3.92,5.71,4,,,,,,,,,,,,,,,,,,,,66.7,0.0,33.3,66.7,
2018-05-14,2018,AIK,Ostersunds,1,1,D,U,1.96,3.19,4.28,5,4.0,,0.0,,8.0,,,0.0,,,8.0,,,4.0,,,0.0,,,100.0,0.0,33.3,33.3,
2018-05-13,2018,Trelleborgs,Malmo FF,1,0,H,U,7.42,4.5,1.43,5,0.0,1.0,4.0,2.0,2.0,4.0,-2.0,9.0,9.0,0.0,-7.0,-5.0,-2.0,0.0,0.0,0.0,2.0,2.0,0.0,0.0,100.0,25.0,50.0,D
2018-05-13,2018,Orebro,Hammarby,1,2,A,O,2.87,3.49,2.36,4,,,,,,,,,,,,,,,,,,,,33.3,0.0,66.7,0.0,H
2018-05-13,2018,Goteborg,Norrkoping,0,2,A,U,2.45,3.39,2.8,4,,,,,,,,,,,,,,,,,,,,66.7,33.3,33.3,33.3,D
2018-05-13,2018,Djurgarden,Dalkurd,1,0,H,U,1.58,3.93,5.88,4,,0.0,,4.0,,2.0,,,9.0,,,-7.0,,,0.0,,,2.0,,33.3,33.3,0.0,100.0,D
2018-05-12,2018,Sundsvall,Brommapojkarna,3,0,H,O,1.99,3.43,3.75,5,2.0,,0.0,,5.0,,,3.0,,,2.0,,,0.0,,,0.0,,,50.0,0.0,0.0,100.0,H
2018-05-07,2018,Sirius,Orebro,2,4,A,O,2.67,3.31,2.62,3,,,,,,,,,,,,,,,,,,,,0.0,50.0,66.7,0.0,
2018-05-07,2018,Malmo FF,Goteborg,1,2,A,O,1.48,4.17,6.89,4,,,,,,,,,,,,,,,,,,,,66.7,0.0,33.3,66.7,
2018-05-06,2018,Trelleborgs,Hacken,0,3,A,O,4.98,3.73,1.69,4,,,,,,,,,,,,,,,,,,,,0.0,100.0,0.0,66.7,A
2018-05-06,2018,Elfsborg,AIK,0,0,D,U,3.52,3.33,2.11,4,,,,,,,,,,,,,,,,,,,,0.0,66.7,33.3,0.0,D
2018-05-06,2018,Dalkurd,Kalmar,1,2,A,O,2.21,3.23,3.38,3,,,,,,,,,,,,,,,,,,,,50.0,0.0,33.3,66.7,D
2018-05-06,2018,Brommapojkarna,Djurgarden,1,0,H,U,6.04,4.18,1.52,4,,1.0,,2.0,,3.0,,,5.0,,,-2.0,,,0.0,,,1.0,,33.3,66.7,25.0,50.0,H
2018-05-05,2018,Ostersunds,Norrkoping,0,2,A,U,1.7,4.02,4.54,4,,,,,,,,,,,,,,,,,,,,33.3,66.7,0.0,50.0,A
2018-05-05,2018,Hammarby,Sundsvall,4,3,H,O,1.52,4.29,6.07,4,,,,,,,,,,,,,,,,,,,,100.0,0.0,0.0,0.0,H
2018-05-03,2018,Malmo FF,Djurgarden,1,0,H,U,1.74,3.64,4.78,3,,,,,,,,,,,,,,,,,,,,50.0,0.0,33.3,33.3,
2018-05-02,2018,Sirius,AIK,2,3,A,O,5.28,3.67,1.68,2,,,,,,,,,,,,,,,,,,,,0.0,0.0,0.0,0.0,
2018-04-30,2018,Orebro,Dalkurd,3,2,H,O,2.19,3.33,3.32,3,,,,,,,,,,,,,,,,,,,,0.0,0.0,0.0,100.0,
2018-04-30,2018,Brommapojkarna,Ostersunds,0,4,A,O,5.01,3.87,1.67,3,,,,,,,,,,,,,,,,,,,,50.0,50.0,0.0,50.0,A
2018-04-29,2018,Sundsvall,Elfsborg,2,1,H,O,2.48,3.3,2.84,4,,,,,,,,,,,,,,,,,,,,33.3,0.0,50.0,50.0,H
2018-04-29,2018,Norrkoping,Trelleborgs,1,2,A,O,1.32,5.29,8.84,4,,,,,,,,,,,,,,,,,,,,100.0,0.0,0.0,50.0,D
2018-04-29,2018,Kalmar,Malmo FF,3,0,H,O,4.27,3.44,1.88,3,,,,,,,,,,,,,,,,,,,,50.0,0.0,33.3,33.3,H
2018-04-29,2018,Djurgarden,Hammarby,1,2,A,O,2.14,3.44,3.34,3,,,,,,,,,,,,,,,,,,,,50.0,0.0,50.0,0.0,A
2018-04-28,2018,Goteborg,Hacken,2,1,H,O,3.29,3.24,2.23,3,,,,,,,,,,,,,,,,,,,,50.0,50.0,0.0,50.0,H
2018-04-27,2018,AIK,Sirius,2,0,H,U,1.39,4.54,8.44,4,,,,,,,,,,,,,,,,,,,,100.0,0.0,33.3,66.7,
2018-04-23,2018,Norrkoping,Sirius,1,0,H,U,1.45,4.64,6.5,3,,,,,,,,,,,,,,,,,,,,100.0,0.0,50.0,50.0,
2018-04-23,2018,Malmo FF,Brommapojkarna,3,1,H,O,1.21,6.45,13.31,2,,,,,,,,,,,,,,,,,,,,0.0,0.0,0.0,100.0,
2018-04-23,2018,Elfsborg,Djurgarden,2,2,D,O,2.84,3.3,2.47,3,,,,,,,,,,,,,,,,,,,,0.0,100.0,50.0,50.0,
2018-04-22,2018,Trelleborgs,Kalmar,0,1,A,U,3.4,3.26,2.19,3,,,,,,,,,,,,,,,,,,,,0.0,100.0,0.0,100.0,D
2018-04-22,2018,Hacken,Hammarby,2,2,D,O,1.78,3.77,4.33,3,,,,,,,,,,,,,,,,,,,,100.0,0.0,100.0,0.0,A
2018-04-22,2018,Dalkurd,Sundsvall,2,2,D,O,1.99,3.41,3.83,2,,,,,,,,,,,,,,,,,,,,100.0,0.0,,,H
2018-04-22,2018,AIK,Goteborg,2,0,H,U,1.64,3.62,5.74,3,,,,,,,,,,,,,,,,,,,,100.0,0.0,50.0,50.0,H
2018-04-21,2018,Ostersunds,Orebro,0,2,A,U,1.55,4.09,5.95,3,,,,,,,,,,,,,,,,,,,,50.0,50.0,50.0,0.0,A
2018-04-19,2018,Hammarby,Norrkoping,2,1,H,O,2.19,3.65,3.04,3,,,,,,,,,,,,,,,,,,,,100.0,0.0,0.0,0.0,
2018-04-19,2018,Goteborg,Dalkurd,1,0,H,U,1.94,3.43,3.98,2,,,,,,,,,,,,,,,,,,,,0.0,100.0,0.0,100.0,
2018-04-19,2018,Brommapojkarna,Elfsborg,0,2,A,U,3.12,3.44,2.24,2,,,,,,,,,,,,,,,,,,,,100.0,0.0,0.0,100.0,
2018-04-18,2018,Sirius,Hacken,0,0,D,U,3.9,3.6,1.91,1,,,,,,,,,,,,,,,,,,,,,,0.0,100.0,
2018-04-18,2018,Orebro,AIK,1,1,D,U,3.61,3.19,2.13,2,,,,,,,,,,,,,,,,,,,,0.0,0.0,0.0,0.0,
2018-04-18,2018,Kalmar,Ostersunds,1,1,D,U,3.59,3.3,2.1,2,,,,,,,,,,,,,,,,,,,,100.0,0.0,0.0,100.0,
2018-04-18,2018,Djurgarden,Malmo FF,3,0,H,O,2.66,3.24,2.68,2,,,,,,,,,,,,,,,,,,,,0.0,0.0,50.0,0.0,
2018-04-17,2018,Sundsvall,Trelleborgs,1,0,H,U,1.64,3.75,5.42,3,,,,,,,,,,,,,,,,,,,,0.0,0.0,0.0,0.0,
2018-04-16,2018,Hammarby,Brommapojkarna,4,0,H,O,1.63,4.03,5.18,2,,,,,,,,,,,,,,,,,,,,100.0,0.0,0.0,100.0,
2018-04-15,2018,Ostersunds,Goteborg,2,1,H,O,1.59,3.92,5.67,2,,,,,,,,,,,,,,,,,,,,0.0,100.0,100.0,0.0,D
2018-04-15,2018,Norrkoping,Kalmar,3,1,H,O,1.49,4.24,6.54,2,,,,,,,,,,,,,,,,,,,,100.0,0.0,0.0,100.0,D
2018-04-15,2018,AIK,Djurgarden,2,0,H,U,2.12,2.97,3.98,2,,,,,,,,,,,,,,,,,,,,100.0,0.0,100.0,0.0,H
2018-04-14,2018,Hacken,Dalkurd,3,0,H,O,1.7,3.73,4.96,2,,,,,,,,,,,,,,,,,,,,100.0,0.0,0.0,100.0,H
2018-04-14,2018,Elfsborg,Sirius,0,1,A,U,1.75,3.93,4.33,2,,,,,,,,,,,,,,,,,,,,0.0,100.0,0.0,100.0,D
2018-04-13,2018,Trelleborgs,Orebro,1,2,A,O,2.95,3.22,2.44,2,,,,,,,,,,,,,,,,,,,,0.0,100.0,0.0,0.0,
2018-04-13,2018,Sundsvall,Malmo FF,2,2,D,O,6.28,4.01,1.54,2,,,,,,,,,,,,,,,,,,,,0.0,0.0,100.0,0.0,
2018-04-10,2018,Goteborg,Hammarby,1,2,A,O,2.07,3.41,3.57,1,,,,,,,,,,,,,,,,,,,,,,,,
2018-04-09,2018,Malmo FF,AIK,1,1,D,U,1.87,3.37,4.45,1,,,,,,,,,,,,,,,,,,,,,,,,
2018-04-09,2018,Brommapojkarna,Hacken,2,0,H,U,4.19,3.66,1.83,1,,,,,,,,,,,,,,,,,,,,,,,,
2018-04-08,2018,Kalmar,Elfsborg,1,0,H,U,2.47,3.2,2.93,1,,,,,,,,,,,,,,,,,,,,,,,,H
2018-04-08,2018,Djurgarden,Trelleborgs,1,1,D,U,1.26,5.71,11.13,1,,,,,,,,,,,,,,,,,,,,,,,,H
2018-04-08,2018,Dalkurd,Ostersunds,3,0,H,O,3.84,3.45,1.97,1,,,,,,,,,,,,,,,,,,,,,,,,H
2018-04-07,2018,Orebro,Norrkoping,1,1,D,U,3.35,3.52,2.1,1,,,,,,,,,,,,,,,,,,,,,,,,D
2018-04-02,2018,Sundsvall,Orebro,0,0,D,U,2.37,3.22,3.04,1,,,,,,,,,,,,,,,,,,,,,,,,D
2018-04-02,2018,Norrkoping,Brommapojkarna,2,1,H,O,1.56,3.99,5.94,1,,,,,,,,,,,,,,,,,,,,,,,,H
2018-04-02,2018,Elfsborg,Malmo FF,1,2,A,O,3.54,3.55,2.02,1,,,,,,,,,,,,,,,,,,,,,,,,A
2018-04-02,2018,AIK,Dalkurd,2,0,H,U,1.5,3.86,7.56,1,,,,,,,,,,,,,,,,,,,,,,,,H
2018-04-01,2018,Trelleborgs,Goteborg,1,3,A,O,3.41,3.25,2.17,1,,,,,,,,,,,,,,,,,,,,,,,,D
2018-04-01,2018,Ostersunds,Djurgarden,0,1,A,U,1.81,3.48,4.5,1,,,,,,,,,,,,,,,,,,,,,,,,A
2018-04-01,2018,Hammarby,Sirius,3,1,H,O,1.93,3.58,3.8,1,,,,,,,,,,,,,,,,,,,,,,,,H
2018-04-01,2018,Hacken,Kalmar,1,0,H,U,1.55,4.02,5.95,1,,,,,,,,,,,,,,,,,,,,,,,,D
2017-11-19,2017,Jonkopings,Trelleborgs,1,1,D,U,1.83,3.5,4.26,16,2.0,,0.0,,7.0,,,3.0,,,4.0,,,2.0,,,0.0,,,33.3,33.3,,,D
2017-11-15,2017,Trelleborgs,Jonkopings,2,0,H,U,2.64,2.95,2.88,1,,0.0,,1.0,,2.0,,,4.0,,,-2.0,,,0.0,,,1.0,,,,6.7,46.7,
2017-11-05,2017,Orebro,AIK,1,2,A,O,4.43,4.1,1.7,15,2.0,1.0,2.0,0.0,5.0,7.0,-2.0,5.0,2.0,3.0,0.0,5.0,-5.0,0.0,1.0,-1.0,0.0,0.0,0.0,50.0,35.7,57.1,14.3,A
2017-11-05,2017,Malmo FF,Hacken,1,2,A,O,1.82,3.93,3.9,15,3.0,1.0,0.0,1.0,12.0,5.0,7.0,0.0,5.0,-5.0,12.0,0.0,12.0,3.0,1.0,2.0,0.0,1.0,-1.0,71.4,7.1,35.7,14.3,A
2017-11-05,2017,Kalmar,Djurgarden,0,2,A,U,4.99,4.05,1.63,15,3.0,2.0,0.0,1.0,9.0,10.0,-1.0,4.0,5.0,-1.0,5.0,5.0,0.0,2.0,2.0,0.0,0.0,1.0,-1.0,50.0,35.7,42.9,28.6,A
2017-11-05,2017,Jonkopings,Ostersunds,0,0,D,U,3.42,3.62,2.04,15,2.0,3.0,1.0,1.0,8.0,9.0,-1.0,5.0,2.0,3.0,3.0,7.0,-4.0,2.0,2.0,0.0,0.0,0.0,0.0,35.7,35.7,35.7,35.7,D
2017-11-05,2017,Hammarby,Halmstad,1,3,A,O,1.45,4.67,6.48,15,1.0,1.0,1.0,3.0,6.0,2.0,4.0,7.0,7.0,0.0,-1.0,-5.0,4.0,0.0,0.0,0.0,1.0,2.0,-1.0,35.7,14.3,7.1,64.3,D
2017-11-05,2017,Goteborg,Sundsvall,0,3,A,O,2.19,3.58,3.08,15,1.0,2.0,2.0,1.0,6.0,6.0,0.0,5.0,5.0,0.0,1.0,1.0,0.0,1.0,0.0,1.0,1.0,0.0,1.0,28.6,14.3,21.4,42.9,A
2017-11-05,2017,Elfsborg,Norrkoping,3,3,D,O,2.61,3.73,2.44,15,2.0,1.0,0.0,1.0,7.0,6.0,1.0,5.0,5.0,0.0,2.0,1.0,1.0,0.0,1.0,-1.0,0.0,0.0,0.0,50.0,28.6,42.9,35.7,D
2017-11-05,2017,AFC Eskilstuna,Sirius,1,3,A,O,2.67,3.64,2.44,15,1.0,0.0,2.0,3.0,5.0,6.0,-1.0,6.0,14.0,-8.0,-1.0,-8.0,7.0,0.0,0.0,0.0,0.0,3.0,-3.0,21.4,42.9,35.7,35.7,D
2017-10-30,2017,Norrkoping,Orebro,2,0,H,U,1.64,4.31,4.61,15,1.0,1.0,3.0,3.0,5.0,6.0,-1.0,7.0,12.0,-5.0,-2.0,-6.0,4.0,1.0,0.0,1.0,2.0,2.0,0.0,50.0,35.7,21.4,50.0,
2017-10-30,2017,AIK,Goteborg,2,1,H,O,1.38,4.9,7.45,15,3.0,1.0,0.0,2.0,12.0,5.0,7.0,4.0,6.0,-2.0,8.0,-1.0,9.0,3.0,0.0,3.0,0.0,0.0,0.0,42.9,21.4,35.7,50.0,
2017-10-29,2017,Sundsvall,Hammarby,1,4,A,O,1.97,3.61,3.6,15,1.0,0.0,1.0,2.0,4.0,1.0,3.0,8.0,7.0,1.0,-4.0,-6.0,2.0,0.0,0.0,0.0,1.0,2.0,-1.0,21.4,42.9,21.4,50.0,D
2017-10-29,2017,Sirius,Malmo FF,0,4,A,O,4.26,4.07,1.73,15,1.0,1.0,3.0,2.0,5.0,7.0,-2.0,10.0,8.0,2.0,-5.0,-1.0,-4.0,1.0,1.0,0.0,1.0,1.0,0.0,35.7,42.9,57.1,14.3,A
2017-10-29,2017,Hacken,Kalmar,2,0,H,U,1.56,4.14,5.65,15,3.0,0.0,1.0,2.0,10.0,3.0,7.0,7.0,6.0,1.0,3.0,-3.0,6.0,3.0,0.0,3.0,1.0,1.0,0.0,50.0,28.6,14.3,64.3,
2017-10-29,2017,Djurgarden,Jonkopings,0,0,D,U,1.43,4.53,6.95,15,2.0,0.0,0.0,2.0,8.0,3.0,5.0,4.0,7.0,-3.0,4.0,-4.0,8.0,1.0,0.0,1.0,0.0,2.0,-2.0,57.1,21.4,7.1,50.0,
2017-10-28,2017,Ostersunds,Elfsborg,4,1,H,O,1.44,4.77,6.34,15,2.0,1.0,0.0,3.0,8.0,5.0,3.0,2.0,16.0,-14.0,6.0,-11.0,17.0,2.0,0.0,2.0,0.0,3.0,-3.0,50.0,7.1,21.4,42.9,H
2017-10-28,2017,Halmstad,AFC Eskilstuna,1,1,D,U,1.9,3.69,3.77,15,1.0,1.0,2.0,2.0,4.0,4.0,0.0,7.0,9.0,-2.0,-3.0,-5.0,2.0,0.0,0.0,0.0,1.0,2.0,-1.0,21.4,50.0,7.1,78.6,D
2017-10-23,2017,Malmo FF,AIK,0,0,D,U,2.14,3.43,3.31,14,3.0,2.0,0.0,0.0,14.0,10.0,4.0,2.0,2.0,0.0,12.0,8.0,4.0,3.0,2.0,1.0,0.0,0.0,0.0,76.9,7.7,61.5,15.4,
2017-10-23,2017,Jonkopings,Kalmar,2,0,H,U,2.58,3.18,2.78,14,1.0,1.0,1.0,1.0,8.0,6.0,2.0,7.0,5.0,2.0,1.0,1.0,0.0,1.0,1.0,0.0,0.0,0.0,0.0,30.8,38.5,15.4,61.5,
2017-10-23,2017,Hammarby,Sirius,3,3,D,O,1.81,3.91,4.0,14,1.0,1.0,1.0,3.0,5.0,6.0,-1.0,6.0,11.0,-5.0,-1.0,-5.0,4.0,0.0,1.0,-1.0,1.0,3.0,-2.0,38.5,15.4,38.5,38.5,
2017-10-22,2017,Sundsvall,Norrkoping,2,2,D,O,2.71,3.43,2.5,14,1.0,2.0,2.0,1.0,3.0,6.0,-3.0,9.0,4.0,5.0,-6.0,2.0,-8.0,0.0,1.0,-1.0,2.0,0.0,2.0,23.1,46.2,46.2,38.5,H
2017-10-22,2017,Goteborg,Ostersunds,0,1,A,U,2.55,3.42,2.65,14,1.0,2.0,1.0,1.0,7.0,10.0,-3.0,5.0,4.0,1.0,2.0,6.0,-4.0,1.0,2.0,-1.0,1.0,0.0,1.0,30.8,7.7,30.8,38.5,A
2017-10-22,2017,Djurgarden,Hacken,1,1,D,U,1.72,3.97,4.41,14,2.0,1.0,1.0,1.0,7.0,5.0,2.0,4.0,5.0,-1.0,3.0,0.0,3.0,1.0,1.0,0.0,0.0,1.0,-1.0,61.5,23.1,38.5,15.4,D
2017-10-21,2017,AFC Eskilstuna,Elfsborg,2,3,A,O,2.93,3.68,2.24,14,1.0,0.0,1.0,3.0,3.0,4.0,-1.0,3.0,16.0,-13.0,0.0,-12.0,12.0,0.0,0.0,0.0,0.0,3.0,-3.0,23.1,38.5,15.4,46.2,D
2017-10-20,2017,Orebro,Halmstad,0,1,A,U,1.74,4.01,4.21,14,2.0,0.0,2.0,4.0,5.0,2.0,3.0,7.0,9.0,-2.0,-2.0,-7.0,5.0,0.0,0.0,0.0,1.0,2.0,-1.0,53.8,30.8,0.0,69.2,
2017-10-16,2017,Norrkoping,Malmo FF,1,3,A,O,3.72,3.81,1.89,14,2.0,1.0,2.0,2.0,5.0,5.0,0.0,4.0,7.0,-3.0,1.0,-2.0,3.0,1.0,0.0,1.0,1.0,1.0,0.0,53.8,30.8,53.8,15.4,
2017-10-16,2017,Kalmar,Hammarby,2,0,H,U,1.91,3.55,3.91,14,3.0,1.0,0.0,1.0,8.0,4.0,4.0,4.0,5.0,-1.0,4.0,-1.0,5.0,1.0,1.0,0.0,0.0,1.0,-1.0,46.2,38.5,23.1,46.2,
2017-10-15,2017,Sirius,Djurgarden,2,0,H,U,5.46,4.39,1.54,14,0.0,2.0,4.0,0.0,3.0,11.0,-8.0,11.0,4.0,7.0,-8.0,7.0,-15.0,0.0,2.0,-2.0,1.0,0.0,1.0,30.8,46.2,46.2,23.1,H
2017-10-15,2017,Elfsborg,Sundsvall,2,1,H,O,1.79,3.87,4.13,14,1.0,2.0,1.0,1.0,6.0,5.0,1.0,6.0,5.0,1.0,0.0,0.0,0.0,0.0,0.0,0.0,0.0,1.0,-1.0,46.2,30.8,23.1,38.5,A
2017-10-15,2017,AIK,Jonkopings,2,0,H,U,1.3,5.24,10.09,14,2.0,0.0,0.0,2.0,11.0,4.0,7.0,5.0,11.0,-6.0,6.0,-7.0,13.0,2.0,0.0,2.0,0.0,2.0,-2.0,38.5,23.1,7.7,46.2,D
2017-10-14,2017,Ostersunds,Orebro,3,0,H,O,1.53,4.44,5.53,14,1.0,2.0,1.0,2.0,5.0,8.0,-3.0,5.0,10.0,-5.0,0.0,-2.0,2.0,1.0,0.0,1.0,1.0,1.0,0.0,46.2,7.7,23.1,46.2,H
2017-10-14,2017,Halmstad,Goteborg,1,2,A,O,3.44,3.54,2.03,14,1.0,1.0,2.0,2.0,3.0,5.0,-2.0,8.0,6.0,2.0,-5.0,-1.0,-4.0,0.0,0.0,0.0,2.0,0.0,2.0,23.1,46.2,30.8,53.8,H
2017-10-14,2017,Hacken,AFC Eskilstuna,3,0,H,O,1.41,4.82,7.02,14,3.0,1.0,1.0,2.0,9.0,4.0,5.0,7.0,7.0,0.0,2.0,-3.0,5.0,3.0,0.0,3.0,1.0,1.0,0.0,46.2,30.8,7.7,76.9,H
2017-10-01,2017,Sundsvall,Djurgarden,0,5,A,O,4.66,3.76,1.74,13,1.0,2.0,1.0,0.0,4.0,7.0,-3.0,5.0,4.0,1.0,-1.0,3.0,-4.0,0.0,1.0,-1.0,1.0,0.0,1.0,25.0,41.7,41.7,25.0,A
2017-10-01,2017,Ostersunds,Hacken,0,0,D,U,1.84,3.69,4.14,13,1.0,2.0,1.0,1.0,5.0,7.0,-2.0,5.0,6.0,-1.0,0.0,1.0,-1.0,1.0,1.0,0.0,1.0,1.0,0.0,50.0,8.3,41.7,16.7,D
2017-10-01,2017,Orebro,Kalmar,1,0,H,U,2.37,3.41,2.92,13,1.0,1.0,2.0,1.0,6.0,6.0,0.0,9.0,10.0,-1.0,-3.0,-4.0,1.0,0.0,1.0,-1.0,1.0,1.0,0.0,50.0,33.3,16.7,58.3,H
2017-10-01,2017,Malmo FF,Halmstad,2,0,H,U,1.15,7.83,16.7,13,3.0,0.0,0.0,3.0,18.0,2.0,16.0,2.0,7.0,-5.0,16.0,-5.0,21.0,3.0,0.0,3.0,0.0,1.0,-1.0,75.0,8.3,0.0,66.7,D
2017-10-01,2017,Hammarby,Norrkoping,0,2,A,U,2.4,3.47,2.84,13,1.0,2.0,1.0,1.0,6.0,5.0,1.0,6.0,4.0,2.0,0.0,1.0,-1.0,0.0,0.0,0.0,0.0,0.0,0.0,41.7,8.3,41.7,41.7,A
2017-10-01,2017,AIK,Elfsborg,5,2,H,O,1.34,5.09,8.84,13,1.0,0.0,1.0,2.0,6.0,4.0,2.0,4.0,13.0,-9.0,2.0,-9.0,11.0,1.0,0.0,1.0,0.0,2.0,-2.0,33.3,25.0,16.7,41.7,H
2017-09-30,2017,AFC Eskilstuna,Jonkopings,1,1,D,U,2.28,3.31,3.15,13,2.0,0.0,1.0,3.0,5.0,3.0,2.0,3.0,12.0,-9.0,2.0,-9.0,11.0,1.0,0.0,1.0,0.0,3.0,-3.0,25.0,41.7,8.3,50.0,H
2017-09-29,2017,Goteborg,Sirius,4,0,H,O,1.72,3.9,4.54,13,1.0,2.0,1.0,2.0,5.0,8.0,-3.0,6.0,7.0,-1.0,-1.0,1.0,-2.0,0.0,2.0,-2.0,1.0,2.0,-1.0,25.0,8.3,41.7,33.3,
2017-09-25,2017,Sirius,Orebro,3,4,A,O,2.11,3.73,3.14,13,0.0,1.0,4.0,2.0,1.0,5.0,-4.0,11.0,8.0,3.0,-10.0,-3.0,-7.0,0.0,0.0,0.0,2.0,1.0,1.0,33.3,41.7,16.7,50.0,
2017-09-25,2017,Malmo FF,Elfsborg,6,0,H,O,1.32,5.39,8.51,12,3.0,0.0,0.0,2.0,14.0,5.0,9.0,2.0,9.0,-7.0,12.0,-4.0,16.0,3.0,0.0,3.0,0.0,1.0,-1.0,72.7,9.1,18.2,36.4,
2017-09-25,2017,AFC Eskilstuna,Goteborg,1,0,H,U,3.3,3.63,2.08,12,1.0,1.0,2.0,2.0,5.0,5.0,0.0,5.0,6.0,-1.0,0.0,-1.0,1.0,1.0,0.0,1.0,0.0,0.0,0.0,18.2,45.5,33.3,50.0,
2017-09-24,2017,Kalmar,Ostersunds,2,1,H,O,2.64,3.28,2.66,13,3.0,2.0,0.0,0.0,8.0,10.0,-2.0,3.0,3.0,0.0,5.0,7.0,-2.0,2.0,2.0,0.0,0.0,0.0,0.0,41.7,41.7,33.3,33.3,D
2017-09-24,2017,Jonkopings,Sundsvall,2,2,D,O,2.12,3.25,3.55,13,1.0,2.0,2.0,1.0,7.0,5.0,2.0,7.0,5.0,2.0,0.0,0.0,0.0,1.0,0.0,1.0,0.0,1.0,-1.0,33.3,41.7,25.0,41.7,D
2017-09-24,2017,Hacken,AIK,1,6,A,O,2.62,3.22,2.71,13,3.0,1.0,0.0,1.0,9.0,5.0,4.0,2.0,3.0,-1.0,7.0,2.0,5.0,3.0,1.0,2.0,0.0,0.0,0.0,50.0,25.0,58.3,16.7,A
2017-09-24,2017,Djurgarden,Hammarby,1,1,D,U,1.61,3.99,5.27,13,3.0,1.0,1.0,2.0,9.0,3.0,6.0,3.0,5.0,-2.0,6.0,-2.0,8.0,2.0,1.0,1.0,0.0,1.0,-1.0,66.7,25.0,25.0,50.0,A
2017-09-23,2017,Halmstad,Norrkoping,2,1,H,O,4.24,3.74,1.79,13,1.0,2.0,2.0,1.0,7.0,5.0,2.0,8.0,6.0,2.0,-1.0,-1.0,0.0,1.0,0.0,1.0,2.0,1.0,1.0,16.7,50.0,45.5,36.4,H
2017-09-21,2017,Sundsvall,AIK,0,0,D,U,5.82,3.95,1.57,12,1.0,2.0,2.0,1.0,4.0,9.0,-5.0,6.0,4.0,2.0,-2.0,5.0,-7.0,0.0,2.0,-2.0,1.0,0.0,1.0,27.3,45.5,63.6,18.2,
2017-09-21,2017,Orebro,AFC Eskilstuna,2,3,A,O,1.54,4.4,5.42,12,2.0,0.0,1.0,3.0,8.0,1.0,7.0,8.0,7.0,1.0,0.0,-6.0,6.0,1.0,0.0,1.0,1.0,2.0,-1.0,54.5,27.3,0.0,83.3,
2017-09-20,2017,Ostersunds,Malmo FF,2,2,D,O,2.5,3.36,2.74,12,2.0,2.0,1.0,2.0,5.0,4.0,1.0,4.0,5.0,-1.0,1.0,-1.0,2.0,1.0,0.0,1.0,1.0,1.0,0.0,54.5,9.1,58.3,16.7,
2017-09-20,2017,Jonkopings,Sirius,3,1,H,O,2.18,3.25,3.41,12,1.0,2.0,2.0,1.0,5.0,10.0,-5.0,6.0,7.0,-1.0,-1.0,3.0,-4.0,0.0,2.0,-2.0,0.0,1.0,-1.0,27.3,45.5,45.5,27.3,
2017-09-20,2017,Hammarby,Goteborg,2,1,H,O,2.22,3.37,3.2,12,1.0,1.0,1.0,2.0,6.0,6.0,0.0,6.0,8.0,-2.0,0.0,-2.0,2.0,0.0,0.0,0.0,0.0,1.0,-1.0,36.4,9.1,36.4,45.5,
2017-09-20,2017,Halmstad,Kalmar,1,1,D,U,3.23,3.33,2.22,12,1.0,2.0,2.0,1.0,8.0,6.0,2.0,9.0,9.0,0.0,-1.0,-3.0,2.0,1.0,1.0,0.0,2.0,1.0,1.0,18.2,54.5,18.2,63.6,
2017-09-19,2017,Norrkoping,Hacken,4,1,H,O,2.3,3.48,2.95,13,1.0,2.0,3.0,0.0,2.0,8.0,-6.0,6.0,4.0,2.0,-4.0,4.0,-8.0,0.0,1.0,-1.0,2.0,0.0,2.0,50.0,33.3,45.5,9.1,
2017-09-19,2017,Elfsborg,Djurgarden,2,2,D,O,3.73,3.82,1.89,13,1.0,3.0,2.0,0.0,4.0,7.0,-3.0,6.0,3.0,3.0,-2.0,4.0,-6.0,0.0,1.0,-1.0,1.0,0.0,1.0,50.0,33.3,45.5,27.3,
2017-09-18,2017,AFC Eskilstuna,Sundsvall,1,2,A,O,2.71,3.23,2.59,11,2.0,1.0,1.0,2.0,6.0,4.0,2.0,4.0,6.0,-2.0,2.0,-2.0,4.0,1.0,0.0,1.0,0.0,1.0,-1.0,20.0,40.0,18.2,45.5,
2017-09-17,2017,Sirius,Ostersunds,0,5,A,O,3.08,3.24,2.37,12,0.0,1.0,3.0,1.0,3.0,5.0,-2.0,8.0,6.0,2.0,-5.0,-1.0,-4.0,0.0,1.0,-1.0,1.0,1.0,0.0,36.4,36.4,27.3,36.4,
2017-09-17,2017,Malmo FF,Hammarby,4,0,H,O,1.42,4.59,7.51,11,2.0,1.0,0.0,2.0,13.0,3.0,10.0,5.0,4.0,1.0,8.0,-1.0,9.0,2.0,1.0,1.0,0.0,1.0,-1.0,70.0,10.0,27.3,45.5,H
2017-09-17,2017,AIK,Halmstad,4,1,H,O,1.29,5.1,11.51,12,1.0,0.0,1.0,3.0,3.0,1.0,2.0,3.0,4.0,-1.0,0.0,-3.0,3.0,0.0,0.0,0.0,0.0,0.0,0.0,27.3,27.3,0.0,63.6,H
2017-09-16,2017,Hacken,Elfsborg,3,0,H,O,1.83,3.72,4.07,12,2.0,1.0,1.0,1.0,6.0,8.0,-2.0,3.0,7.0,-4.0,3.0,1.0,2.0,2.0,1.0,1.0,0.0,0.0,0.0,45.5,27.3,20.0,30.0,
2017-09-16,2017,Goteborg,Jonkopings,1,1,D,U,1.64,3.83,5.37,12,2.0,0.0,1.0,3.0,8.0,3.0,5.0,6.0,12.0,-6.0,2.0,-9.0,11.0,1.0,0.0,1.0,1.0,3.0,-2.0,27.3,9.1,9.1,54.5,A
2017-09-16,2017,Djurgarden,Orebro,4,1,H,O,1.37,5.07,7.69,12,3.0,1.0,1.0,1.0,7.0,6.0,1.0,3.0,6.0,-3.0,4.0,0.0,4.0,1.0,0.0,1.0,0.0,0.0,0.0,63.6,27.3,18.2,45.5,H
2017-09-15,2017,Kalmar,Norrkoping,1,1,D,U,2.28,3.4,3.07,12,3.0,2.0,1.0,2.0,7.0,4.0,3.0,3.0,6.0,-3.0,4.0,-2.0,6.0,2.0,0.0,2.0,0.0,1.0,-1.0,45.5,45.5,50.0,40.0,
2017-09-11,2017,Goteborg,Djurgarden,1,3,A,O,2.86,3.3,2.45,11,2.0,2.0,0.0,1.0,9.0,5.0,4.0,5.0,4.0,1.0,4.0,1.0,3.0,1.0,0.0,1.0,0.0,0.0,0.0,30.0,0.0,40.0,30.0,
2017-09-10,2017,Sirius,Sundsvall,0,1,A,U,1.77,3.63,4.57,11,1.0,0.0,2.0,3.0,4.0,4.0,0.0,7.0,9.0,-2.0,-3.0,-5.0,2.0,0.0,0.0,0.0,1.0,2.0,-1.0,40.0,30.0,10.0,50.0,D
2017-09-10,2017,Orebro,Malmo FF,2,1,H,O,4.64,3.99,1.69,11,2.0,3.0,1.0,1.0,10.0,4.0,6.0,9.0,3.0,6.0,1.0,1.0,0.0,2.0,0.0,2.0,1.0,1.0,0.0,50.0,30.0,63.6,9.1,D
2017-09-10,2017,Jonkopings,Norrkoping,1,2,A,O,2.7,3.31,2.58,11,1.0,1.0,2.0,3.0,4.0,4.0,0.0,5.0,9.0,-4.0,-1.0,-5.0,4.0,0.0,0.0,0.0,0.0,2.0,-2.0,30.0,40.0,44.4,44.4,D
2017-09-10,2017,Hammarby,AIK,1,1,D,U,2.9,3.18,2.49,11,2.0,3.0,1.0,1.0,8.0,9.0,-1.0,6.0,3.0,3.0,2.0,6.0,-4.0,1.0,2.0,-1.0,0.0,0.0,0.0,40.0,10.0,70.0,20.0,D
2017-09-10,2017,Halmstad,Hacken,0,3,A,O,4.07,3.48,1.91,11,1.0,2.0,1.0,0.0,9.0,6.0,3.0,7.0,4.0,3.0,2.0,2.0,0.0,1.0,0.0,1.0,1.0,0.0,1.0,20.0,50.0,40.0,10.0,A
2017-09-10,2017,Elfsborg,Kalmar,2,2,D,O,1.77,3.8,4.31,12,2.0,2.0,2.0,2.0,5.0,5.0,0.0,4.0,9.0,-5.0,1.0,-4.0,5.0,1.0,1.0,0.0,1.0,1.0,0.0,54.5,36.4,20.0,70.0,H
2017-09-09,2017,Ostersunds,AFC Eskilstuna,3,0,H,O,1.37,4.76,8.21,11,1.0,0.0,1.0,3.0,3.0,1.0,2.0,5.0,5.0,0.0,-2.0,-4.0,2.0,0.0,0.0,0.0,1.0,1.0,0.0,50.0,10.0,0.0,81.8,
2017-08-27,2017,Sundsvall,Orebro,2,1,H,O,2.45,3.37,2.8,11,1.0,1.0,2.0,1.0,3.0,6.0,-3.0,5.0,7.0,-2.0,-2.0,-1.0,-1.0,0.0,0.0,0.0,1.0,1.0,0.0,20.0,50.0,20.0,40.0,D
2017-08-27,2017,Norrkoping,Ostersunds,0,2,A,U,2.24,3.37,3.13,12,2.0,0.0,2.0,1.0,4.0,5.0,-1.0,4.0,8.0,-4.0,0.0,-3.0,3.0,1.0,0.0,1.0,1.0,1.0,0.0,54.5,27.3,20.0,40.0,D
2017-08-27,2017,Malmo FF,Goteborg,2,2,D,O,1.43,4.51,7.24,10,3.0,2.0,0.0,2.0,14.0,6.0,8.0,5.0,6.0,-1.0,9.0,0.0,9.0,2.0,1.0,1.0,0.0,1.0,-1.0,77.8,11.1,40.0,50.0,A
2017-08-27,2017,Kalmar,Sirius,4,2,H,O,2.15,3.28,3.43,11,2.0,3.0,2.0,0.0,3.0,10.0,-7.0,2.0,4.0,-2.0,1.0,6.0,-5.0,1.0,2.0,-1.0,0.0,0.0,0.0,40.0,50.0,50.0,20.0,H
2017-08-27,2017,Hacken,Jonkopings,3,1,H,O,1.59,3.91,5.72,11,2.0,0.0,1.0,2.0,5.0,4.0,1.0,2.0,11.0,-9.0,3.0,-7.0,10.0,2.0,0.0,2.0,0.0,2.0,-2.0,40.0,30.0,10.0,50.0,H
2017-08-27,2017,Elfsborg,Halmstad,1,0,H,U,1.56,4.17,5.6,11,2.0,0.0,2.0,2.0,6.0,2.0,4.0,4.0,4.0,0.0,2.0,-2.0,4.0,2.0,0.0,2.0,1.0,0.0,1.0,50.0,40.0,0.0,60.0,D
2017-08-27,2017,AIK,Djurgarden,1,1,D,U,2.21,3.3,3.28,11,1.0,2.0,1.0,2.0,4.0,5.0,-1.0,4.0,6.0,-2.0,0.0,-1.0,1.0,0.0,0.0,0.0,0.0,1.0,-1.0,30.0,30.0,44.4,33.3,H
2017-08-26,2017,AFC Eskilstuna,Hammarby,0,0,D,U,4.33,3.71,1.78,10,2.0,1.0,2.0,3.0,7.0,3.0,4.0,7.0,6.0,1.0,0.0,-3.0,3.0,1.0,1.0,0.0,1.0,2.0,-1.0,22.2,44.4,30.0,50.0,D
2017-08-21,2017,Sundsvall,Kalmar,1,3,A,O,2.34,3.2,3.11,10,1.0,1.0,2.0,3.0,3.0,3.0,0.0,4.0,12.0,-8.0,-1.0,-9.0,8.0,0.0,0.0,0.0,0.0,2.0,-2.0,22.2,44.4,11.1,77.8,
2017-08-21,2017,Orebro,Hammarby,0,3,A,O,2.43,3.48,2.76,10,3.0,0.0,0.0,3.0,12.0,1.0,11.0,7.0,7.0,0.0,5.0,-6.0,11.0,2.0,0.0,2.0,0.0,2.0,-2.0,55.6,22.2,22.2,55.6,
2017-08-20,2017,Sirius,Norrkoping,0,1,A,U,2.27,3.49,2.97,10,2.0,1.0,1.0,3.0,6.0,5.0,1.0,7.0,10.0,-3.0,-1.0,-5.0,4.0,0.0,0.0,0.0,1.0,2.0,-1.0,44.4,22.2,37.5,50.0,A
2017-08-20,2017,Ostersunds,AIK,0,3,A,O,3.05,3.25,2.33,10,2.0,3.0,0.0,1.0,6.0,9.0,-3.0,3.0,4.0,-1.0,3.0,5.0,-2.0,1.0,2.0,-1.0,0.0,0.0,0.0,55.6,0.0,66.7,22.2,A
2017-08-20,2017,Goteborg,Hacken,1,1,D,U,2.35,3.36,2.95,10,2.0,2.0,0.0,1.0,9.0,5.0,4.0,5.0,5.0,0.0,4.0,0.0,4.0,1.0,0.0,1.0,0.0,1.0,-1.0,33.3,0.0,44.4,11.1,D
2017-08-20,2017,Djurgarden,Halmstad,2,1,H,O,1.39,4.72,7.6,11,3.0,0.0,1.0,2.0,9.0,2.0,7.0,3.0,4.0,-1.0,6.0,-2.0,8.0,2.0,0.0,2.0,0.0,0.0,0.0,60.0,30.0,0.0,55.6,D
2017-08-19,2017,AFC Eskilstuna,Malmo FF,3,1,H,O,7.97,4.74,1.38,9,1.0,4.0,2.0,0.0,4.0,5.0,-1.0,6.0,1.0,5.0,-2.0,4.0,-6.0,0.0,0.0,0.0,1.0,0.0,1.0,12.5,50.0,70.0,0.0,H
2017-08-18,2017,Jonkopings,Elfsborg,2,2,D,O,3.32,3.39,2.15,10,1.0,1.0,3.0,1.0,2.0,7.0,-5.0,5.0,6.0,-1.0,-3.0,1.0,-4.0,0.0,1.0,-1.0,1.0,0.0,1.0,33.3,44.4,22.2,33.3,
2017-08-14,2017,Hacken,Sundsvall,2,0,H,U,1.54,4.06,6.03,10,1.0,0.0,2.0,3.0,3.0,4.0,-1.0,3.0,10.0,-7.0,0.0,-6.0,6.0,1.0,0.0,1.0,0.0,2.0,-2.0,33.3,33.3,11.1,44.4,
2017-08-14,2017,Elfsborg,Goteborg,1,2,A,O,2.02,3.59,3.45,10,3.0,1.0,1.0,3.0,8.0,4.0,4.0,2.0,7.0,-5.0,6.0,-3.0,9.0,3.0,1.0,2.0,1.0,2.0,-1.0,55.6,33.3,33.3,55.6,
2017-08-13,2017,Norrkoping,Djurgarden,0,1,A,U,2.65,3.39,2.57,11,2.0,1.0,1.0,2.0,4.0,5.0,-1.0,3.0,7.0,-4.0,1.0,-2.0,3.0,1.0,0.0,1.0,1.0,1.0,0.0,60.0,20.0,37.5,37.5,D
2017-08-13,2017,Jonkopings,Orebro,1,2,A,O,2.41,3.28,2.91,9,1.0,1.0,3.0,1.0,2.0,5.0,-3.0,5.0,6.0,-1.0,-3.0,-1.0,-2.0,0.0,0.0,0.0,1.0,1.0,0.0,37.5,37.5,11.1,44.4,D
2017-08-13,2017,Hammarby,Ostersunds,2,2,D,O,2.75,3.15,2.61,10,3.0,1.0,1.0,1.0,9.0,4.0,5.0,5.0,6.0,-1.0,4.0,-2.0,6.0,2.0,0.0,2.0,0.0,1.0,-1.0,44.4,11.1,22.2,44.4,D
2017-08-13,2017,AIK,AFC Eskilstuna,1,1,D,U,1.25,5.64,12.02,10,1.0,0.0,2.0,4.0,3.0,2.0,1.0,4.0,7.0,-3.0,-1.0,-5.0,4.0,0.0,0.0,0.0,0.0,1.0,-1.0,33.3,33.3,0.0,90.0,A
2017-08-12,2017,Halmstad,Sirius,0,3,A,O,2.37,3.29,2.97,10,1.0,2.0,0.0,1.0,9.0,8.0,1.0,4.0,6.0,-2.0,5.0,2.0,3.0,1.0,1.0,0.0,0.0,0.0,0.0,22.2,44.4,44.4,22.2,A
2017-08-11,2017,Malmo FF,Kalmar,6,0,H,O,1.36,4.77,8.55,9,2.0,1.0,1.0,3.0,9.0,4.0,5.0,7.0,8.0,-1.0,2.0,-4.0,6.0,1.0,0.0,1.0,0.0,1.0,-1.0,75.0,12.5,12.5,75.0,
2017-08-10,2017,Goteborg,AIK,2,1,H,O,2.75,3.21,2.58,9,1.0,3.0,0.0,0.0,8.0,8.0,0.0,5.0,2.0,3.0,3.0,6.0,-3.0,1.0,2.0,-1.0,0.0,0.0,0.0,25.0,0.0,75.0,12.5,
2017-08-07,2017,Norrkoping,AFC Eskilstuna,1,0,H,U,1.28,5.71,9.44,10,2.0,0.0,1.0,4.0,6.0,3.0,3.0,5.0,10.0,-5.0,1.0,-7.0,8.0,1.0,0.0,1.0,1.0,2.0,-1.0,55.6,22.2,0.0,88.9,
2017-08-07,2017,Djurgarden,Malmo FF,0,1,A,U,3.08,3.4,2.25,10,4.0,4.0,0.0,0.0,13.0,5.0,8.0,3.0,1.0,2.0,10.0,4.0,6.0,3.0,0.0,3.0,0.0,0.0,0.0,66.7,22.2,66.7,0.0,
2017-08-06,2017,Sundsvall,Ostersunds,1,1,D,U,3.84,3.51,1.93,9,1.0,1.0,3.0,2.0,2.0,4.0,-2.0,7.0,7.0,0.0,-5.0,-3.0,-2.0,0.0,0.0,0.0,1.0,1.0,0.0,25.0,50.0,25.0,50.0,D
2017-08-06,2017,Sirius,AIK,1,4,A,O,3.34,3.12,2.26,9,2.0,3.0,0.0,0.0,6.0,5.0,1.0,4.0,1.0,3.0,2.0,4.0,-2.0,0.0,1.0,-1.0,0.0,0.0,0.0,50.0,12.5,71.4,14.3,A
2017-08-06,2017,Kalmar,Goteborg,1,0,H,U,2.74,3.25,2.56,10,2.0,2.0,2.0,2.0,5.0,8.0,-3.0,2.0,6.0,-4.0,3.0,2.0,1.0,2.0,2.0,0.0,0.0,2.0,-2.0,33.3,55.6,37.5,50.0,D
2017-08-06,2017,Hammarby,Hacken,1,2,A,O,2.4,3.25,2.94,9,3.0,1.0,0.0,1.0,10.0,3.0,7.0,5.0,4.0,1.0,5.0,-1.0,6.0,2.0,0.0,2.0,0.0,1.0,-1.0,50.0,0.0,37.5,12.5,D
2017-08-05,2017,Orebro,Elfsborg,2,2,D,O,2.57,3.52,2.56,9,3.0,1.0,1.0,1.0,10.0,6.0,4.0,7.0,5.0,2.0,3.0,1.0,2.0,2.0,1.0,1.0,1.0,0.0,1.0,62.5,25.0,25.0,37.5,
2017-08-05,2017,Halmstad,Jonkopings,6,1,H,O,2.32,3.12,3.21,9,0.0,0.0,1.0,2.0,4.0,3.0,1.0,5.0,8.0,-3.0,-1.0,-5.0,4.0,0.0,0.0,0.0,0.0,2.0,-2.0,12.5,50.0,11.1,44.4,H
2017-07-31,2017,Hacken,Orebro,1,1,D,U,1.68,3.91,4.72,9,2.0,1.0,2.0,1.0,4.0,4.0,0.0,3.0,5.0,-2.0,1.0,-1.0,2.0,1.0,0.0,1.0,0.0,1.0,-1.0,37.5,37.5,12.5,50.0,
2017-07-31,2017,AFC Eskilstuna,Djurgarden,1,2,A,O,6.98,4.51,1.43,8,1.0,1.0,2.0,2.0,4.0,7.0,-3.0,6.0,6.0,0.0,-2.0,1.0,-3.0,0.0,1.0,-1.0,1.0,1.0,0.0,14.3,42.9,28.6,42.9,
2017-07-30,2017,Ostersunds,Halmstad,0,0,D,U,1.47,4.29,6.64,9,3.0,0.0,0.0,3.0,8.0,4.0,4.0,4.0,7.0,-3.0,4.0,-3.0,7.0,1.0,0.0,1.0,0.0,0.0,0.0,62.5,0.0,0.0,62.5,D
2017-07-30,2017,Goteborg,Norrkoping,4,1,H,O,2.26,3.42,3.02,8,1.0,2.0,0.0,2.0,7.0,6.0,1.0,4.0,7.0,-3.0,3.0,-1.0,4.0,1.0,0.0,1.0,0.0,1.0,-1.0,14.3,0.0,42.9,42.9,H
2017-07-30,2017,AIK,Kalmar,0,1,A,U,1.52,3.94,6.6,9,2.0,0.0,1.0,4.0,4.0,3.0,1.0,3.0,10.0,-7.0,1.0,-7.0,8.0,0.0,0.0,0.0,0.0,2.0,-2.0,37.5,25.0,0.0,85.7,D
2017-07-29,2017,Sundsvall,Malmo FF,0,1,A,U,6.93,4.36,1.45,8,1.0,3.0,2.0,0.0,2.0,5.0,-3.0,6.0,2.0,4.0,-4.0,3.0,-7.0,0.0,0.0,0.0,1.0,0.0,1.0,28.6,42.9,62.5,0.0,
2017-07-29,2017,Jonkopings,Hammarby,1,0,H,U,2.85,3.15,2.53,8,0.0,1.0,3.0,2.0,2.0,3.0,-1.0,6.0,7.0,-1.0,-4.0,-4.0,0.0,0.0,0.0,0.0,1.0,2.0,-1.0,28.6,42.9,25.0,50.0,H
2017-07-29,2017,Elfsborg,Sirius,0,2,A,U,1.6,4.16,5.09,9,4.0,1.0,0.0,1.0,10.0,6.0,4.0,1.0,6.0,-5.0,9.0,0.0,9.0,3.0,0.0,3.0,0.0,0.0,0.0,62.5,25.0,37.5,25.0,D
2017-07-24,2017,Hammarby,Elfsborg,2,1,H,O,2.37,3.5,2.8,8,2.0,1.0,0.0,1.0,9.0,6.0,3.0,5.0,7.0,-2.0,4.0,-1.0,5.0,2.0,1.0,1.0,0.0,1.0,-1.0,42.9,0.0,28.6,28.6,
2017-07-23,2017,Kalmar,AFC Eskilstuna,2,0,H,U,1.75,3.6,4.65,9,1.0,0.0,3.0,4.0,3.0,4.0,-1.0,3.0,10.0,-7.0,0.0,-6.0,6.0,1.0,0.0,1.0,0.0,1.0,-1.0,25.0,62.5,0.0,87.5,H
2017-07-23,2017,Goteborg,Orebro,2,2,D,O,1.65,3.96,4.86,7,1.0,1.0,0.0,2.0,6.0,2.0,4.0,3.0,4.0,-1.0,3.0,-2.0,5.0,1.0,0.0,1.0,0.0,1.0,-1.0,16.7,0.0,14.3,57.1,D
2017-07-23,2017,Djurgarden,Ostersunds,3,0,H,O,1.85,3.53,4.19,9,3.0,1.0,1.0,1.0,10.0,8.0,2.0,4.0,8.0,-4.0,6.0,0.0,6.0,2.0,0.0,2.0,0.0,0.0,0.0,62.5,25.0,28.6,42.9,H
2017-07-22,2017,Sirius,Hacken,2,2,D,O,2.71,3.29,2.54,8,3.0,2.0,0.0,1.0,8.0,2.0,6.0,3.0,2.0,1.0,5.0,0.0,5.0,1.0,0.0,1.0,0.0,1.0,-1.0,57.1,14.3,42.9,14.3,
2017-07-22,2017,Malmo FF,Jonkopings,2,0,H,U,1.33,4.94,9.19,8,2.0,0.0,1.0,1.0,9.0,3.0,6.0,8.0,6.0,2.0,1.0,-3.0,4.0,0.0,0.0,0.0,0.0,1.0,-1.0,71.4,14.3,12.5,37.5,D
2017-07-22,2017,Halmstad,Sundsvall,2,2,D,O,1.98,3.33,3.87,8,0.0,1.0,2.0,3.0,2.0,4.0,-2.0,4.0,8.0,-4.0,-2.0,-4.0,2.0,0.0,1.0,-1.0,0.0,2.0,-2.0,14.3,57.1,12.5,50.0,D
2017-07-17,2017,Jonkopings,Hacken,0,1,A,U,3.14,3.22,2.3,7,1.0,1.0,2.0,1.0,3.0,1.0,2.0,5.0,2.0,3.0,-2.0,-1.0,-1.0,0.0,0.0,0.0,1.0,1.0,0.0,33.3,33.3,33.3,16.7,
2017-07-17,2017,Elfsborg,Hammarby,3,0,H,O,1.89,3.75,3.74,8,3.0,1.0,1.0,2.0,8.0,4.0,4.0,3.0,6.0,-3.0,5.0,-2.0,7.0,2.0,0.0,2.0,0.0,1.0,-1.0,57.1,28.6,28.6,42.9,
2017-07-16,2017,Ostersunds,Djurgarden,2,1,H,O,2.66,3.33,2.58,8,2.0,2.0,0.0,1.0,6.0,7.0,-1.0,3.0,4.0,-1.0,3.0,3.0,0.0,1.0,1.0,0.0,0.0,1.0,-1.0,57.1,0.0,33.3,33.3,
2017-07-16,2017,Orebro,Goteborg,4,2,H,O,3.25,3.48,2.13,8,2.0,2.0,2.0,2.0,6.0,6.0,0.0,9.0,3.0,6.0,-3.0,3.0,-6.0,1.0,2.0,-1.0,2.0,1.0,1.0,57.1,28.6,42.9,42.9,H
2017-07-16,2017,AIK,Norrkoping,1,0,H,U,1.96,3.45,3.77,8,1.0,2.0,1.0,1.0,3.0,9.0,-6.0,3.0,9.0,-6.0,0.0,0.0,0.0,0.0,0.0,0.0,0.0,1.0,-1.0,28.6,28.6,50.0,33.3,D
2017-07-15,2017,Sundsvall,Halmstad,1,0,H,U,2.32,3.23,3.09,7,0.0,0.0,2.0,3.0,2.0,5.0,-3.0,7.0,8.0,-1.0,-5.0,-3.0,-2.0,0.0,0.0,0.0,1.0,0.0,1.0,16.7,50.0,0.0,57.1,D
2017-07-15,2017,Malmo FF,Sirius,3,3,D,O,1.47,4.35,6.62,7,3.0,1.0,1.0,1.0,8.0,5.0,3.0,6.0,5.0,1.0,2.0,0.0,2.0,0.0,0.0,0.0,0.0,0.0,0.0,83.3,16.7,42.9,28.6,H
2017-07-15,2017,AFC Eskilstuna,Kalmar,2,1,H,O,2.68,3.21,2.62,7,0.0,0.0,3.0,4.0,3.0,2.0,1.0,8.0,11.0,-3.0,-5.0,-9.0,4.0,0.0,0.0,0.0,2.0,3.0,-1.0,0.0,50.0,0.0,83.3,A
2017-07-10,2017,Goteborg,Halmstad,1,1,D,U,1.49,4.2,6.52,6,1.0,0.0,0.0,4.0,6.0,4.0,2.0,3.0,9.0,-6.0,3.0,-5.0,8.0,1.0,0.0,1.0,0.0,1.0,-1.0,20.0,0.0,0.0,66.7,
2017-07-10,2017,Djurgarden,Sundsvall,2,1,H,O,1.32,5.16,9.25,8,3.0,1.0,1.0,2.0,9.0,3.0,6.0,3.0,6.0,-3.0,6.0,-3.0,9.0,2.0,1.0,1.0,0.0,2.0,-2.0,57.1,28.6,14.3,42.9,
2017-07-09,2017,Ostersunds,Jonkopings,1,1,D,U,1.46,4.15,7.13,7,3.0,0.0,0.0,1.0,7.0,3.0,4.0,3.0,6.0,-3.0,4.0,-3.0,7.0,1.0,0.0,1.0,0.0,1.0,-1.0,66.7,0.0,14.3,42.9,D
2017-07-09,2017,Norrkoping,Elfsborg,1,3,A,O,1.77,3.88,4.17,9,3.0,0.0,0.0,1.0,7.0,4.0,3.0,2.0,7.0,-5.0,5.0,-3.0,8.0,2.0,0.0,2.0,0.0,1.0,-1.0,62.5,12.5,16.7,33.3,A
2017-07-09,2017,Kalmar,AIK,0,1,A,U,4.34,3.46,1.83,8,2.0,3.0,2.0,0.0,5.0,5.0,0.0,2.0,1.0,1.0,3.0,4.0,-1.0,2.0,1.0,1.0,0.0,0.0,0.0,28.6,57.1,66.7,16.7,D
2017-07-08,2017,Sirius,AFC Eskilstuna,1,0,H,U,1.47,4.34,6.58,7,2.0,0.0,0.0,4.0,8.0,4.0,4.0,4.0,10.0,-6.0,4.0,-6.0,10.0,1.0,0.0,1.0,0.0,1.0,-1.0,50.0,16.7,0.0,85.7,D
2017-07-08,2017,Hammarby,Orebro,3,1,H,O,1.66,3.87,4.94,7,2.0,1.0,0.0,2.0,10.0,2.0,8.0,4.0,3.0,1.0,6.0,-1.0,7.0,2.0,0.0,2.0,0.0,0.0,0.0,33.3,0.0,16.7,50.0,H
2017-07-08,2017,Hacken,Malmo FF,0,1,A,U,2.84,3.28,2.45,8,2.0,3.0,1.0,0.0,6.0,6.0,0.0,4.0,3.0,1.0,2.0,3.0,-1.0,1.0,0.0,1.0,0.0,0.0,0.0,42.9,28.6,57.1,0.0,
2017-07-03,2017,Hacken,Hammarby,2,0,H,U,1.8,3.66,4.28,7,2.0,1.0,1.0,1.0,8.0,5.0,3.0,4.0,5.0,-1.0,4.0,0.0,4.0,1.0,0.0,1.0,0.0,0.0,0.0,33.3,33.3,33.3,33.3,
2017-07-03,2017,Djurgarden,Kalmar,4,1,H,O,1.37,4.61,8.49,7,2.0,0.0,1.0,4.0,8.0,1.0,7.0,5.0,10.0,-5.0,3.0,-9.0,12.0,1.0,0.0,1.0,0.0,3.0,-3.0,50.0,33.3,0.0,80.0,
2017-07-02,2017,Orebro,Norrkoping,4,2,H,O,3.66,3.67,1.93,7,1.0,3.0,2.0,0.0,2.0,9.0,-7.0,7.0,6.0,1.0,-5.0,3.0,-8.0,0.0,0.0,0.0,2.0,0.0,2.0,50.0,33.3,60.0,20.0,D
2017-07-02,2017,Jonkopings,Goteborg,0,2,A,U,3.21,3.2,2.27,6,2.0,1.0,1.0,3.0,5.0,4.0,1.0,4.0,7.0,-3.0,1.0,-3.0,4.0,0.0,1.0,-1.0,0.0,2.0,-2.0,40.0,20.0,33.3,50.0,A
2017-07-02,2017,AIK,Ostersunds,2,2,D,O,2.21,3.19,3.35,7,2.0,2.0,1.0,1.0,2.0,9.0,-7.0,1.0,7.0,-6.0,1.0,2.0,-1.0,0.0,1.0,-1.0,0.0,0.0,0.0,33.3,33.3,33.3,50.0,D
2017-07-01,2017,Sundsvall,Sirius,1,2,A,O,2.86,3.17,2.5,6,0.0,0.0,2.0,2.0,2.0,3.0,-1.0,7.0,5.0,2.0,-5.0,-2.0,-3.0,0.0,0.0,0.0,1.0,0.0,1.0,20.0,40.0,33.3,33.3,H
2017-07-01,2017,Malmo FF,AFC Eskilstuna,3,2,H,O,1.13,8.38,18.72,6,3.0,0.0,1.0,4.0,8.0,2.0,6.0,6.0,11.0,-5.0,2.0,-9.0,11.0,0.0,0.0,0.0,0.0,2.0,-2.0,80.0,20.0,0.0,83.3,A
2017-07-01,2017,Halmstad,Elfsborg,1,1,D,U,3.12,3.45,2.21,7,0.0,0.0,3.0,2.0,1.0,3.0,-2.0,4.0,9.0,-5.0,-3.0,-6.0,3.0,0.0,0.0,0.0,0.0,2.0,-2.0,16.7,66.7,20.0,40.0,
2017-06-04,2017,Sirius,Halmstad,2,1,H,O,1.71,3.7,4.75,6,2.0,0.0,0.0,3.0,9.0,3.0,6.0,3.0,7.0,-4.0,6.0,-4.0,10.0,2.0,0.0,2.0,0.0,1.0,-1.0,40.0,20.0,0.0,60.0,A
2017-06-04,2017,Norrkoping,Goteborg,2,0,H,U,2.12,3.45,3.29,8,2.0,1.0,0.0,2.0,5.0,5.0,0.0,2.0,6.0,-4.0,3.0,-1.0,4.0,1.0,1.0,0.0,0.0,1.0,-1.0,57.1,14.3,40.0,40.0,H
2017-06-04,2017,Hammarby,Djurgarden,3,1,H,O,3.49,3.34,2.09,6,1.0,2.0,0.0,1.0,7.0,8.0,-1.0,3.0,4.0,-1.0,4.0,4.0,0.0,1.0,1.0,0.0,0.0,0.0,0.0,20.0,0.0,40.0,20.0,A
2017-06-04,2017,AFC Eskilstuna,AIK,1,3,A,O,5.99,3.69,1.6,6,0.0,2.0,2.0,1.0,2.0,3.0,-1.0,5.0,2.0,3.0,-3.0,1.0,-4.0,0.0,0.0,0.0,1.0,0.0,1.0,0.0,40.0,60.0,20.0,D
2017-06-03,2017,Ostersunds,Sundsvall,3,1,H,O,1.28,5.41,10.43,6,2.0,1.0,0.0,1.0,5.0,2.0,3.0,3.0,3.0,0.0,2.0,-1.0,3.0,0.0,1.0,-1.0,0.0,1.0,-1.0,60.0,0.0,16.7,33.3,H
2017-06-03,2017,Kalmar,Orebro,0,1,A,U,1.95,3.51,3.73,7,2.0,0.0,1.0,3.0,5.0,1.0,4.0,1.0,6.0,-5.0,4.0,-5.0,9.0,2.0,0.0,2.0,0.0,1.0,-1.0,33.3,50.0,0.0,60.0,D
2017-06-03,2017,Jonkopings,Malmo FF,1,2,A,O,5.03,3.67,1.68,5,2.0,2.0,0.0,0.0,6.0,4.0,2.0,4.0,2.0,2.0,2.0,2.0,0.0,0.0,0.0,0.0,0.0,0.0,0.0,50.0,0.0,50.0,0.0,
2017-06-02,2017,Elfsborg,Hacken,2,0,H,U,2.26,3.52,2.95,7,2.0,2.0,1.0,0.0,10.0,3.0,7.0,7.0,1.0,6.0,3.0,2.0,1.0,1.0,0.0,1.0,0.0,0.0,0.0,50.0,33.3,40.0,0.0,
2017-06-01,2017,Norrkoping,AIK,0,0,D,U,1.93,3.49,3.85,7,3.0,3.0,0.0,1.0,8.0,5.0,3.0,2.0,3.0,-1.0,6.0,2.0,4.0,2.0,0.0,2.0,0.0,0.0,0.0,66.7,16.7,75.0,25.0,
2017-05-29,2017,Orebro,Sirius,2,1,H,O,2.54,3.23,2.77,6,1.0,1.0,2.0,1.0,2.0,4.0,-2.0,7.0,3.0,4.0,-5.0,1.0,-6.0,0.0,1.0,-1.0,2.0,0.0,2.0,40.0,40.0,40.0,20.0,
2017-05-29,2017,Hacken,Ostersunds,0,1,A,U,2.36,3.37,2.89,6,2.0,1.0,1.0,2.0,9.0,9.0,0.0,5.0,9.0,-4.0,4.0,0.0,4.0,1.0,1.0,0.0,0.0,0.0,0.0,40.0,20.0,20.0,60.0,
2017-05-29,2017,AIK,Malmo FF,0,1,A,U,2.89,3.12,2.5,6,2.0,2.0,1.0,0.0,3.0,6.0,-3.0,2.0,2.0,0.0,1.0,4.0,-3.0,0.0,1.0,-1.0,0.0,0.0,0.0,40.0,20.0,40.0,0.0,
2017-05-28,2017,Hammarby,Jonkopings,2,2,D,O,1.86,3.35,4.38,5,1.0,0.0,0.0,2.0,6.0,1.0,5.0,2.0,7.0,-5.0,4.0,-6.0,10.0,1.0,0.0,1.0,0.0,2.0,-2.0,25.0,0.0,16.7,50.0,H
2017-05-28,2017,Goteborg,Elfsborg,1,1,D,U,1.77,3.86,4.13,5,1.0,1.0,0.0,2.0,6.0,7.0,-1.0,3.0,9.0,-6.0,3.0,-2.0,5.0,1.0,1.0,0.0,0.0,2.0,-2.0,25.0,0.0,25.0,50.0,D
2017-05-27,2017,Norrkoping,Halmstad,3,2,H,O,1.34,5.08,8.22,6,2.0,0.0,1.0,2.0,5.0,3.0,2.0,2.0,6.0,-4.0,3.0,-3.0,6.0,2.0,0.0,2.0,1.0,1.0,0.0,60.0,20.0,0.0,50.0,
2017-05-27,2017,Kalmar,Sundsvall,3,0,H,O,1.93,3.38,3.99,6,1.0,1.0,2.0,0.0,3.0,2.0,1.0,4.0,0.0,4.0,-1.0,2.0,-3.0,1.0,1.0,0.0,1.0,0.0,1.0,20.0,60.0,20.0,20.0,
2017-05-27,2017,Djurgarden,AFC Eskilstuna,4,1,H,O,1.27,5.73,9.99,6,2.0,0.0,1.0,3.0,7.0,2.0,5.0,4.0,8.0,-4.0,3.0,-6.0,9.0,1.0,0.0,1.0,0.0,1.0,-1.0,40.0,40.0,0.0,80.0,H
2017-05-22,2017,Sundsvall,Goteborg,0,4,A,O,4.44,3.63,1.77,5,1.0,1.0,1.0,2.0,5.0,3.0,2.0,4.0,6.0,-2.0,1.0,-3.0,4.0,1.0,1.0,0.0,0.0,1.0,-1.0,25.0,25.0,25.0,50.0,
2017-05-22,2017,Elfsborg,Jonkopings,3,0,H,O,1.87,3.64,3.93,6,2.0,1.0,1.0,1.0,10.0,4.0,6.0,7.0,5.0,2.0,3.0,-1.0,4.0,1.0,1.0,0.0,0.0,1.0,-1.0,40.0,40.0,20.0,40.0,
2017-05-22,2017,Djurgarden,AIK,0,1,A,U,2.02,3.32,3.7,5,2.0,,1.0,,7.0,,,5.0,,,2.0,,,1.0,,,1.0,,,50.0,25.0,66.7,33.3,
2017-05-21,2017,Sirius,Hammarby,1,1,D,U,2.09,3.35,3.45,5,2.0,2.0,1.0,1.0,8.0,6.0,2.0,4.0,5.0,-1.0,4.0,1.0,3.0,2.0,0.0,2.0,1.0,0.0,1.0,50.0,25.0,40.0,40.0,D
2017-05-21,2017,Malmo FF,Norrkoping,1,2,A,O,1.68,3.93,4.69,5,4.0,2.0,0.0,1.0,9.0,7.0,2.0,4.0,6.0,-2.0,5.0,1.0,4.0,1.0,0.0,1.0,0.0,0.0,0.0,100.0,0.0,50.0,25.0,D
2017-05-21,2017,AFC Eskilstuna,Hacken,0,0,D,U,5.68,4.15,1.54,5,0.0,2.0,2.0,0.0,4.0,3.0,1.0,7.0,1.0,6.0,-3.0,2.0,-5.0,0.0,0.0,0.0,1.0,0.0,1.0,0.0,50.0,50.0,0.0,D
2017-05-20,2017,Ostersunds,Kalmar,2,1,H,O,1.35,4.94,8.39,5,2.0,0.0,0.0,3.0,4.0,1.0,3.0,2.0,9.0,-7.0,2.0,-8.0,10.0,0.0,0.0,0.0,0.0,3.0,-3.0,50.0,0.0,0.0,75.0,H
2017-05-20,2017,Halmstad,Orebro,0,0,D,U,2.24,3.33,3.14,6,0.0,0.0,4.0,3.0,1.0,3.0,-2.0,7.0,8.0,-1.0,-6.0,-5.0,-1.0,0.0,0.0,0.0,1.0,1.0,0.0,20.0,80.0,0.0,75.0,
2017-05-18,2017,Jonkopings,Djurgarden,1,1,D,U,3.22,3.12,2.3,4,,2.0,,1.0,,7.0,,,3.0,,,4.0,,,1.0,,,0.0,,66.7,0.0,50.0,25.0,
2017-05-18,2017,Elfsborg,AFC Eskilstuna,2,1,H,O,1.35,5.22,7.6,5,1.0,0.0,2.0,3.0,9.0,2.0,7.0,8.0,9.0,-1.0,1.0,-7.0,8.0,1.0,0.0,1.0,0.0,2.0,-2.0,25.0,50.0,0.0,75.0,
2017-05-17,2017,Ostersunds,Sirius,0,0,D,U,1.75,3.75,4.38,4,,2.0,,1.0,,6.0,,,3.0,,,3.0,,,2.0,,,0.0,,66.7,0.0,50.0,25.0,
2017-05-17,2017,Orebro,Sundsvall,0,2,A,U,1.83,3.57,4.2,5,2.0,0.0,1.0,1.0,4.0,0.0,4.0,6.0,2.0,4.0,-2.0,-2.0,0.0,0.0,0.0,0.0,1.0,1.0,0.0,50.0,25.0,0.0,25.0,
2017-05-17,2017,Hammarby,Malmo FF,1,1,D,U,3.42,3.44,2.07,4,,2.0,,0.0,,6.0,,,2.0,,,4.0,,,1.0,,,0.0,,33.3,0.0,50.0,0.0,
2017-05-17,2017,Hacken,Halmstad,2,1,H,O,1.35,5.02,7.99,5,1.0,,1.0,,7.0,,,4.0,,,3.0,,,1.0,,,0.0,,,25.0,25.0,0.0,33.3,
2017-05-16,2017,Norrkoping,Kalmar,2,0,H,U,1.35,5.07,7.84,5,2.0,,1.0,,5.0,,,3.0,,,2.0,,,1.0,,,1.0,,,50.0,25.0,0.0,66.7,
2017-05-15,2017,Djurgarden,Goteborg,1,0,H,U,2.03,3.44,3.51,4,,,,,,,,,,,,,,,,,,,,33.3,33.3,33.3,33.3,
2017-05-14,2017,Sundsvall,Jonkopings,0,0,D,U,2.98,3.17,2.4,4,,1.0,,2.0,,5.0,,,7.0,,,-2.0,,,1.0,,,1.0,,33.3,33.3,25.0,50.0,D
2017-05-14,2017,Sirius,Elfsborg,4,1,H,O,2.19,3.48,3.1,4,,,,,,,,,,,,,,,,,,,,33.3,33.3,33.3,33.3,D
2017-05-14,2017,Malmo FF,Ostersunds,2,1,H,O,1.7,3.67,4.97,4,,1.0,,2.0,,8.0,,,8.0,,,0.0,,,1.0,,,0.0,,100.0,0.0,25.0,50.0,D
2017-05-14,2017,Halmstad,Hammarby,1,2,A,O,2.86,3.23,2.45,5,1.0,1.0,3.0,2.0,1.0,5.0,-4.0,5.0,6.0,-1.0,-4.0,-1.0,-3.0,0.0,0.0,0.0,1.0,0.0,1.0,25.0,75.0,25.0,50.0,A
2017-05-13,2017,Kalmar,Hacken,0,1,A,U,3.36,3.4,2.11,5,1.0,,2.0,,4.0,,,8.0,,,-4.0,,,1.0,,,2.0,,,25.0,50.0,33.3,0.0,D
2017-05-13,2017,AIK,Orebro,1,0,H,U,1.47,4.1,7.13,5,1.0,,1.0,,2.0,,,2.0,,,0.0,,,0.0,,,0.0,,,25.0,25.0,0.0,66.7,H
2017-05-12,2017,AFC Eskilstuna,Norrkoping,1,2,A,O,5.36,4.24,1.56,4,,,,,,,,,,,,,,,,,,,,0.0,33.3,33.3,33.3,
2017-05-08,2017,Norrkoping,Sundsvall,0,0,D,U,1.33,5.2,8.53,4,,,,,,,,,,,,,,,,,,,,66.7,33.3,0.0,33.3,
2017-05-08,2017,Elfsborg,Malmo FF,1,2,A,O,3.35,3.55,2.06,4,,,,,,,,,,,,,,,,,,,,33.3,33.3,33.3,0.0,
2017-05-07,2017,Ostersunds,Hammarby,2,1,H,O,1.75,3.67,4.53,3,,,,,,,,,,,,,,,,,,,,50.0,0.0,33.3,33.3,D
2017-05-07,2017,Orebro,Djurgarden,0,4,A,O,3.21,3.46,2.15,4,,,,,,,,,,,,,,,,,,,,66.7,0.0,33.3,33.3,A
2017-05-07,2017,Jonkopings,AFC Eskilstuna,1,0,H,U,1.67,3.62,5.33,3,,,,,,,,,,,,,,,,,,,,50.0,0.0,0.0,66.7,D
2017-05-07,2017,Goteborg,Kalmar,3,0,H,O,1.54,3.93,6.28,4,,,,,,,,,,,,,,,,,,,,0.0,0.0,0.0,50.0,H
2017-05-06,2017,Halmstad,AIK,0,1,A,U,4.72,3.38,1.8,4,,,,,,,,,,,,,,,,,,,,33.3,66.7,50.0,50.0,A
2017-05-05,2017,Hacken,Sirius,2,2,D,O,1.78,3.73,4.3,4,,,,,,,,,,,,,,,,,,,,33.3,33.3,66.7,33.3,
2017-05-02,2017,Hacken,Goteborg,4,0,H,O,2.23,3.34,3.15,3,,,,,,,,,,,,,,,,,,,,0.0,50.0,50.0,0.0,
2017-05-02,2017,Elfsborg,Ostersunds,4,4,D,O,2.41,3.38,2.81,3,,,,,,,,,,,,,,,,,,,,50.0,50.0,33.3,66.7,
2017-05-01,2017,Sirius,Jonkopings,1,1,D,U,1.99,3.39,3.76,3,,,,,,,,,,,,,,,,,,,,50.0,50.0,33.3,66.7,D
2017-05-01,2017,Malmo FF,Orebro,2,1,H,O,1.3,5.38,9.51,3,,,,,,,,,,,,,,,,,,,,100.0,0.0,0.0,50.0,D
2017-05-01,2017,Kalmar,Halmstad,2,0,H,U,1.93,3.35,4.03,4,,,,,,,,,,,,,,,,,,,,0.0,66.7,0.0,0.0,H
2017-05-01,2017,Djurgarden,Norrkoping,3,3,D,O,2.14,3.54,3.16,3,,,,,,,,,,,,,,,,,,,,50.0,50.0,50.0,50.0,A
2017-04-30,2017,AIK,Sundsvall,0,0,D,U,1.32,4.99,9.69,4,,,,,,,,,,,,,,,,,,,,33.3,33.3,0.0,50.0,D
2017-04-29,2017,Hammarby,AFC Eskilstuna,4,0,H,O,1.52,4.12,6.09,3,,,,,,,,,,,,,,,,,,,,0.0,0.0,0.0,50.0,D
2017-04-27,2017,Norrkoping,Jonkopings,3,0,H,O,1.58,3.95,5.67,3,,,,,,,,,,,,,,,,,,,,50.0,50.0,50.0,50.0,
2017-04-27,2017,Kalmar,Malmo FF,0,0,D,U,5.67,3.8,1.6,3,,,,,,,,,,,,,,,,,,,,0.0,100.0,50.0,0.0,
2017-04-27,2017,Halmstad,Djurgarden,0,1,A,U,4.91,3.69,1.7,3,,,,,,,,,,,,,,,,,,,,50.0,50.0,0.0,50.0,
2017-04-27,2017,AIK,Sirius,1,0,H,U,1.8,3.51,4.46,3,,,,,,,,,,,,,,,,,,,,0.0,50.0,100.0,0.0,
2017-04-26,2017,Sundsvall,Elfsborg,1,1,D,U,3.83,3.67,1.88,3,,,,,,,,,,,,,,,,,,,,50.0,50.0,50.0,50.0,
2017-04-26,2017,Orebro,Hacken,0,0,D,U,2.85,3.39,2.38,3,,,,,,,,,,,,,,,,,,,,100.0,0.0,50.0,0.0,
2017-04-26,2017,Goteborg,Hammarby,1,1,D,U,1.65,3.76,5.23,3,,,,,,,,,,,,,,,,,,,,0.0,0.0,50.0,50.0,
2017-04-26,2017,AFC Eskilstuna,Ostersunds,1,3,A,O,4.42,3.66,1.77,3,,,,,,,,,,,,,,,,,,,,0.0,0.0,0.0,100.0,
2017-04-24,2017,Sirius,Kalmar,3,0,H,O,2.29,3.29,3.08,2,,,,,,,,,,,,,,,,,,,,0.0,100.0,0.0,0.0,
2017-04-24,2017,Malmo FF,Djurgarden,3,2,H,O,1.73,3.62,4.79,2,,,,,,,,,,,,,,,,,,,,100.0,0.0,0.0,0.0,
2017-04-23,2017,Ostersunds,Goteborg,1,1,D,U,2.04,3.44,3.51,2,,,,,,,,,,,,,,,,,,,,100.0,0.0,100.0,0.0,D
2017-04-23,2017,Hammarby,Sundsvall,0,0,D,U,1.58,4.09,5.38,2,,,,,,,,,,,,,,,,,,,,0.0,0.0,0.0,100.0,D
2017-04-23,2017,Hacken,Norrkoping,1,2,A,O,1.96,3.66,3.53,2,,,,,,,,,,,,,,,,,,,,0.0,0.0,0.0,100.0,H
2017-04-23,2017,AFC Eskilstuna,Halmstad,0,0,D,U,2.08,3.4,3.45,2,,,,,,,,,,,,,,,,,,,,0.0,0.0,0.0,0.0,D
2017-04-22,2017,Jonkopings,AIK,2,1,H,O,3.47,3.08,2.2,2,,,,,,,,,,,,,,,,,,,,0.0,0.0,100.0,0.0,D
2017-04-20,2017,Elfsborg,Orebro,3,0,H,O,1.69,3.99,4.51,2,,,,,,,,,,,,,,,,,,,,0.0,100.0,0.0,0.0,
2017-04-17,2017,Norrkoping,Sirius,0,2,A,U,1.58,4.08,5.39,2,,,,,,,,,,,,,,,,,,,,100.0,0.0,100.0,0.0,D
2017-04-17,2017,Kalmar,Jonkopings,1,3,A,O,1.92,3.35,4.07,2,,,,,,,,,,,,,,,,,,,,0.0,100.0,0.0,100.0,A
2017-04-17,2017,Goteborg,AFC Eskilstuna,1,1,D,U,1.27,5.59,10.48,2,,,,,,,,,,,,,,,,,,,,0.0,0.0,0.0,100.0,D
2017-04-17,2017,AIK,Hammarby,1,2,A,O,1.76,3.51,4.71,2,,,,,,,,,,,,,,,,,,,,0.0,0.0,0.0,100.0,D
2017-04-16,2017,Sundsvall,Hacken,1,2,A,O,4.16,3.47,1.86,2,,,,,,,,,,,,,,,,,,,,100.0,0.0,0.0,0.0,A
2017-04-16,2017,Orebro,Ostersunds,2,1,H,O,3.25,3.4,2.16,2,,,,,,,,,,,,,,,,,,,,100.0,0.0,0.0,100.0,H
2017-04-16,2017,Halmstad,Malmo FF,0,3,A,O,6.86,4.3,1.45,2,,,,,,,,,,,,,,,,,,,,100.0,0.0,0.0,0.0,A
2017-04-16,2017,Djurgarden,Elfsborg,3,0,H,O,1.96,3.51,3.74,2,,,,,,,,,,,,,,,,,,,,0.0,100.0,100.0,0.0,H
2017-04-11,2017,Malmo FF,Sundsvall,2,0,H,U,1.22,6.1,11.74,1,,,,,,,,,,,,,,,,,,,,,,,,
2017-04-10,2017,Elfsborg,AIK,1,2,A,O,2.4,3.25,2.93,1,,,,,,,,,,,,,,,,,,,,,,,,
2017-04-09,2017,Sirius,Goteborg,0,2,A,U,2.86,3.14,2.52,1,,,,,,,,,,,,,,,,,,,,,,,,D
2017-04-09,2017,Ostersunds,Norrkoping,1,0,H,U,2.28,3.32,3.07,1,,,,,,,,,,,,,,,,,,,,,,,,H
2017-04-09,2017,Jonkopings,Halmstad,2,2,D,O,1.81,3.41,4.58,1,,,,,,,,,,,,,,,,,,,,,,,,H
2017-04-09,2017,Hammarby,Kalmar,1,1,D,U,2.11,3.38,3.38,1,,,,,,,,,,,,,,,,,,,,,,,,A
2017-04-09,2017,Hacken,Djurgarden,0,0,D,U,2.08,3.4,3.46,1,,,,,,,,,,,,,,,,,,,,,,,,D
2017-04-08,2017,AFC Eskilstuna,Orebro,2,2,D,O,2.81,3.31,2.46,1,,,,,,,,,,,,,,,,,,,,,,,,D
2017-04-03,2017,Orebro,Jonkopings,2,1,H,O,1.94,3.46,3.83,1,,,,,,,,,,,,,,,,,,,,,,,,
2017-04-03,2017,Kalmar,Elfsborg,1,5,A,O,2.44,3.18,2.93,1,,,,,,,,,,,,,,,,,,,,,,,,
2017-04-03,2017,Djurgarden,Sirius,0,2,A,U,1.77,3.54,4.58,1,,,,,,,,,,,,,,,,,,,,,,,,
2017-04-02,2017,Sundsvall,AFC Eskilstuna,3,1,H,O,2.28,3.32,3.09,1,,,,,,,,,,,,,,,,,,,,,,,,H
2017-04-02,2017,Norrkoping,Hammarby,2,1,H,O,1.61,3.99,5.12,1,,,,,,,,,,,,,,,,,,,,,,,,H
2017-04-02,2017,AIK,Hacken,0,0,D,U,1.95,3.33,3.97,1,,,,,,,,,,,,,,,,,,,,,,,,D
2017-04-01,2017,Halmstad,Ostersunds,1,0,H,U,3.89,3.53,1.9,1,,,,,,,,,,,,,,,,,,,,,,,,H
2017-04-01,2017,Goteborg,Malmo FF,1,1,D,U,2.93,3.23,2.41,1,,,,,,,,,,,,,,,,,,,,,,,,D
2016-11-20,2016,Helsingborg,Halmstad,1,2,A,O,1.66,3.7,5.12,16,2.0,,2.0,,5.0,,,4.0,,,1.0,,,1.0,,,0.0,,,33.3,60.0,,,D
2016-11-17,2016,Halmstad,Helsingborg,1,1,D,U,2.97,3.22,2.36,1,,1.0,,2.0,,4.0,,,4.0,,,0.0,,,1.0,,,1.0,,,,20.0,53.3,
2016-11-06,2016,Sundsvall,Djurgarden,2,5,A,O,3.32,3.6,2.04,15,1.0,3.0,2.0,1.0,5.0,9.0,-4.0,7.0,7.0,0.0,-2.0,2.0,-4.0,1.0,1.0,0.0,2.0,1.0,1.0,28.6,50.0,35.7,64.3,A
2016-11-06,2016,Ostersunds,Gefle,2,4,A,O,1.65,4.03,4.65,15,3.0,1.0,1.0,1.0,10.0,6.0,4.0,3.0,6.0,-3.0,7.0,0.0,7.0,3.0,0.0,3.0,1.0,0.0,1.0,64.3,28.6,21.4,57.1,A
2016-11-06,2016,Norrkoping,Goteborg,3,1,H,O,1.72,3.99,4.27,15,2.0,1.0,2.0,2.0,9.0,8.0,1.0,7.0,10.0,-3.0,2.0,-2.0,4.0,1.0,1.0,0.0,1.0,2.0,-1.0,71.4,14.3,28.6,42.9,D
2016-11-06,2016,Malmo FF,Hammarby,3,0,H,O,1.48,4.4,6.07,15,3.0,3.0,1.0,1.0,6.0,4.0,2.0,4.0,2.0,2.0,2.0,2.0,0.0,2.0,1.0,1.0,1.0,1.0,0.0,78.6,14.3,35.7,42.9,H
2016-11-06,2016,Helsingborg,Jonkopings,2,0,H,U,1.57,4.03,5.42,15,1.0,2.0,3.0,2.0,4.0,5.0,-1.0,6.0,8.0,-2.0,-2.0,-3.0,1.0,0.0,1.0,-1.0,0.0,2.0,-2.0,28.6,64.3,28.6,50.0,H
2016-11-06,2016,Hacken,Falkenbergs,7,0,H,O,1.18,7.18,12.8,15,1.0,0.0,2.0,4.0,9.0,2.0,7.0,10.0,16.0,-6.0,-1.0,-14.0,13.0,1.0,0.0,1.0,1.0,3.0,-2.0,42.9,42.9,7.1,78.6,
2016-11-06,2016,Elfsborg,Orebro,2,1,H,O,1.5,4.57,5.52,15,3.0,0.0,0.0,2.0,10.0,6.0,4.0,3.0,8.0,-5.0,7.0,-2.0,9.0,1.0,0.0,1.0,0.0,0.0,0.0,57.1,14.3,35.7,42.9,D
2016-11-06,2016,AIK,Kalmar,3,1,H,O,1.53,4.19,5.7,15,4.0,2.0,0.0,1.0,11.0,6.0,5.0,1.0,5.0,-4.0,10.0,1.0,9.0,2.0,0.0,2.0,0.0,0.0,0.0,57.1,0.0,35.7,35.7,D
2016-10-31,2016,Orebro,Ostersunds,1,5,A,O,2.69,3.41,2.49,15,1.0,1.0,0.0,3.0,7.0,3.0,4.0,6.0,6.0,0.0,1.0,-3.0,4.0,0.0,1.0,-1.0,0.0,3.0,-3.0,42.9,21.4,14.3,50.0,
2016-10-31,2016,Jonkopings,AIK,0,0,D,U,5.67,3.93,1.58,15,0.0,2.0,2.0,1.0,2.0,8.0,-6.0,4.0,4.0,0.0,-2.0,4.0,-6.0,0.0,2.0,-2.0,0.0,0.0,0.0,28.6,21.4,57.1,28.6,
2016-10-31,2016,Goteborg,Elfsborg,2,2,D,O,2.09,3.54,3.28,15,3.0,1.0,0.0,2.0,9.0,6.0,3.0,5.0,6.0,-1.0,4.0,0.0,4.0,1.0,1.0,0.0,0.0,0.0,0.0,71.4,7.1,28.6,42.9,
2016-10-31,2016,Djurgarden,Hacken,1,0,H,U,2.6,3.42,2.57,15,2.0,1.0,2.0,1.0,6.0,5.0,1.0,8.0,5.0,3.0,-2.0,0.0,-2.0,1.0,0.0,1.0,2.0,0.0,2.0,50.0,42.9,28.6,35.7,
2016-10-30,2016,Kalmar,Sundsvall,2,0,H,U,1.5,4.34,5.95,15,3.0,0.0,1.0,1.0,9.0,6.0,3.0,3.0,7.0,-4.0,6.0,-1.0,7.0,3.0,0.0,3.0,0.0,0.0,0.0,42.9,28.6,21.4,35.7,H
2016-10-30,2016,Hammarby,Norrkoping,1,1,D,U,2.72,3.48,2.43,15,1.0,2.0,2.0,2.0,9.0,5.0,4.0,10.0,9.0,1.0,-1.0,-4.0,3.0,1.0,1.0,0.0,1.0,1.0,0.0,35.7,28.6,50.0,28.6,H
2016-10-30,2016,Gefle,Malmo FF,1,0,H,U,2.95,3.65,2.21,15,0.0,3.0,1.0,1.0,5.0,10.0,-5.0,6.0,6.0,0.0,-1.0,4.0,-5.0,0.0,2.0,-2.0,0.0,1.0,-1.0,7.1,50.0,64.3,21.4,
2016-10-30,2016,Falkenbergs,Helsingborg,1,4,A,O,6.02,4.45,1.48,15,0.0,0.0,3.0,3.0,2.0,0.0,2.0,8.0,5.0,3.0,-6.0,-5.0,-1.0,0.0,0.0,0.0,2.0,2.0,0.0,7.1,78.6,14.3,57.1,
2016-10-27,2016,Sundsvall,Goteborg,1,3,A,O,4.16,3.85,1.77,14,1.0,0.0,2.0,3.0,4.0,5.0,-1.0,5.0,11.0,-6.0,-1.0,-6.0,5.0,1.0,0.0,1.0,1.0,3.0,-2.0,30.8,46.2,23.1,46.2,
2016-10-27,2016,Jonkopings,Orebro,1,1,D,U,2.4,3.43,2.78,14,1.0,1.0,2.0,2.0,2.0,6.0,-4.0,3.0,7.0,-4.0,-1.0,-1.0,0.0,0.0,0.0,0.0,0.0,0.0,0.0,30.8,23.1,38.5,46.2,
2016-10-27,2016,Helsingborg,Djurgarden,1,2,A,O,2.16,3.48,3.16,14,1.0,2.0,3.0,2.0,3.0,7.0,-4.0,5.0,7.0,-2.0,-2.0,0.0,-2.0,0.0,1.0,-1.0,0.0,1.0,-1.0,30.8,61.5,30.8,69.2,
2016-10-27,2016,AIK,Hacken,2,1,H,O,1.61,4.07,5.06,14,3.0,1.0,0.0,0.0,9.0,6.0,3.0,0.0,5.0,-5.0,9.0,1.0,8.0,2.0,0.0,2.0,0.0,0.0,0.0,53.8,0.0,30.8,30.8,
2016-10-26,2016,Ostersunds,Hammarby,2,0,H,U,1.93,3.61,3.68,14,3.0,3.0,1.0,0.0,9.0,4.0,5.0,3.0,0.0,3.0,6.0,4.0,2.0,2.0,1.0,1.0,1.0,0.0,1.0,61.5,30.8,38.5,38.5,
2016-10-26,2016,Kalmar,Gefle,0,1,A,U,1.6,4.11,5.1,14,3.0,0.0,1.0,2.0,9.0,6.0,3.0,3.0,8.0,-5.0,6.0,-2.0,8.0,3.0,0.0,3.0,0.0,0.0,0.0,46.2,23.1,15.4,61.5,
2016-10-26,2016,Falkenbergs,Malmo FF,0,3,A,O,10.53,6.01,1.25,14,0.0,3.0,2.0,1.0,3.0,8.0,-5.0,6.0,6.0,0.0,-3.0,2.0,-5.0,0.0,1.0,-1.0,1.0,1.0,0.0,7.7,76.9,61.5,23.1,
2016-10-26,2016,Elfsborg,Norrkoping,2,1,H,O,2.25,3.53,2.95,14,2.0,3.0,0.0,1.0,9.0,5.0,4.0,3.0,7.0,-4.0,6.0,-2.0,8.0,1.0,1.0,0.0,0.0,1.0,-1.0,53.8,15.4,53.8,23.1,
2016-10-24,2016,Goteborg,AIK,1,0,H,U,2.65,3.3,2.58,14,3.0,3.0,0.0,0.0,10.0,10.0,0.0,5.0,3.0,2.0,5.0,7.0,-2.0,2.0,3.0,-1.0,0.0,0.0,0.0,69.2,7.7,61.5,23.1,
2016-10-24,2016,Djurgarden,Jonkopings,0,2,A,U,1.71,3.84,4.53,14,3.0,1.0,1.0,3.0,8.0,4.0,4.0,7.0,12.0,-5.0,1.0,-8.0,9.0,1.0,0.0,1.0,1.0,3.0,-2.0,53.8,38.5,23.1,53.8,
2016-10-23,2016,Orebro,Helsingborg,0,0,D,U,1.94,3.68,3.58,14,2.0,0.0,0.0,4.0,10.0,0.0,10.0,8.0,7.0,1.0,2.0,-7.0,9.0,0.0,0.0,0.0,0.0,3.0,-3.0,46.2,23.1,15.4,61.5,D
2016-10-23,2016,Norrkoping,Falkenbergs,2,1,H,O,1.15,7.57,15.28,14,2.0,0.0,2.0,4.0,10.0,3.0,7.0,7.0,17.0,-10.0,3.0,-14.0,17.0,2.0,0.0,2.0,1.0,3.0,-2.0,69.2,15.4,7.7,76.9,D
2016-10-23,2016,Hammarby,Elfsborg,2,4,A,O,2.41,3.45,2.77,14,2.0,0.0,1.0,2.0,9.0,4.0,5.0,6.0,6.0,0.0,3.0,-2.0,5.0,2.0,0.0,2.0,0.0,0.0,0.0,38.5,23.1,23.1,46.2,A
2016-10-23,2016,Hacken,Kalmar,2,3,A,O,1.77,3.84,4.16,14,1.0,2.0,2.0,1.0,7.0,4.0,3.0,8.0,3.0,5.0,-1.0,1.0,-2.0,1.0,0.0,1.0,1.0,0.0,1.0,46.2,38.5,30.8,38.5,H
2016-10-22,2016,Malmo FF,Ostersunds,0,3,A,O,1.36,4.87,7.86,14,4.0,0.0,0.0,4.0,10.0,1.0,9.0,2.0,9.0,-7.0,8.0,-8.0,16.0,3.0,0.0,3.0,0.0,4.0,-4.0,84.6,7.7,7.7,53.8,A
2016-10-21,2016,Gefle,Sundsvall,1,1,D,U,1.97,3.57,3.61,14,0.0,0.0,1.0,2.0,4.0,5.0,-1.0,5.0,10.0,-5.0,-1.0,-5.0,4.0,0.0,0.0,0.0,0.0,1.0,-1.0,7.7,53.8,23.1,38.5,
2016-10-17,2016,Hammarby,Djurgarden,4,2,H,O,2.83,3.37,2.4,13,2.0,2.0,1.0,2.0,7.0,6.0,1.0,5.0,5.0,0.0,2.0,1.0,1.0,1.0,1.0,0.0,0.0,0.0,0.0,33.3,25.0,33.3,66.7,
2016-10-17,2016,Goteborg,Gefle,3,3,D,O,1.3,5.54,8.98,13,4.0,0.0,0.0,2.0,9.0,4.0,5.0,2.0,6.0,-4.0,7.0,-2.0,9.0,3.0,0.0,3.0,0.0,0.0,0.0,75.0,8.3,16.7,66.7,
2016-10-16,2016,Orebro,Kalmar,2,1,H,O,2.39,3.47,2.78,13,1.0,2.0,1.0,1.0,8.0,4.0,4.0,9.0,3.0,6.0,-1.0,1.0,-2.0,0.0,0.0,0.0,1.0,0.0,1.0,41.7,25.0,33.3,33.3,A
2016-10-16,2016,Norrkoping,Malmo FF,1,2,A,O,2.59,3.39,2.61,13,3.0,2.0,1.0,1.0,12.0,7.0,5.0,6.0,6.0,0.0,6.0,1.0,5.0,3.0,1.0,2.0,1.0,1.0,0.0,75.0,8.3,58.3,25.0,A
2016-10-16,2016,Jonkopings,Hacken,1,1,D,U,3.57,3.57,1.98,13,1.0,1.0,2.0,1.0,2.0,6.0,-4.0,3.0,7.0,-4.0,-1.0,-1.0,0.0,0.0,0.0,0.0,0.0,1.0,-1.0,33.3,25.0,33.3,33.3,H
2016-10-16,2016,Elfsborg,Helsingborg,1,0,H,U,1.56,4.2,5.41,13,2.0,0.0,0.0,4.0,12.0,1.0,11.0,3.0,8.0,-5.0,9.0,-7.0,16.0,2.0,0.0,2.0,0.0,3.0,-3.0,50.0,16.7,16.7,58.3,H
2016-10-16,2016,AIK,Ostersunds,2,0,H,U,1.39,4.54,7.76,13,3.0,0.0,0.0,3.0,9.0,2.0,7.0,1.0,8.0,-7.0,8.0,-6.0,14.0,1.0,0.0,1.0,0.0,3.0,-3.0,50.0,0.0,8.3,50.0,H
2016-10-15,2016,Falkenbergs,Sundsvall,1,1,D,U,3.36,3.61,2.03,13,0.0,0.0,3.0,3.0,2.0,4.0,-2.0,10.0,13.0,-3.0,-8.0,-9.0,1.0,0.0,0.0,0.0,2.0,2.0,0.0,8.3,83.3,25.0,41.7,H
2016-10-02,2016,Kalmar,Goteborg,4,2,H,O,2.65,3.22,2.63,13,2.0,0.0,1.0,3.0,6.0,4.0,2.0,2.0,10.0,-8.0,4.0,-6.0,10.0,2.0,0.0,2.0,0.0,3.0,-3.0,41.7,25.0,25.0,41.7,H
2016-10-02,2016,Gefle,Elfsborg,2,2,D,O,4.13,3.78,1.78,13,0.0,0.0,2.0,2.0,2.0,2.0,0.0,5.0,4.0,1.0,-3.0,-2.0,-1.0,0.0,0.0,0.0,1.0,0.0,1.0,8.3,58.3,25.0,50.0,A
2016-10-02,2016,Djurgarden,Orebro,3,2,H,O,1.56,4.22,5.3,13,2.0,1.0,1.0,2.0,7.0,5.0,2.0,7.0,7.0,0.0,0.0,-2.0,2.0,1.0,0.0,1.0,1.0,1.0,0.0,50.0,41.7,41.7,41.7,H
2016-10-02,2016,AIK,Norrkoping,6,0,H,O,1.83,3.6,4.12,12,3.0,3.0,0.0,0.0,5.0,5.0,0.0,1.0,1.0,0.0,4.0,4.0,0.0,1.0,1.0,0.0,0.0,0.0,0.0,45.5,0.0,58.3,16.7,H
2016-10-01,2016,Sundsvall,Jonkopings,3,1,H,O,2.42,3.2,2.93,13,0.0,2.0,2.0,2.0,1.0,8.0,-7.0,4.0,9.0,-5.0,-3.0,-1.0,-2.0,0.0,1.0,-1.0,1.0,2.0,-1.0,25.0,50.0,25.0,50.0,H
2016-10-01,2016,Ostersunds,Falkenbergs,6,1,H,O,1.29,5.39,9.47,13,3.0,0.0,1.0,4.0,7.0,2.0,5.0,2.0,13.0,-11.0,5.0,-11.0,16.0,2.0,0.0,2.0,1.0,3.0,-2.0,58.3,33.3,8.3,75.0,H
2016-10-01,2016,Hacken,Malmo FF,2,4,A,O,2.41,3.37,2.83,13,1.0,2.0,1.0,1.0,6.0,6.0,0.0,5.0,4.0,1.0,1.0,2.0,-1.0,1.0,1.0,0.0,0.0,1.0,-1.0,50.0,33.3,54.5,27.3,D
2016-09-30,2016,Helsingborg,Hammarby,0,1,A,U,2.52,3.27,2.75,13,1.0,2.0,3.0,0.0,5.0,3.0,2.0,7.0,0.0,7.0,-2.0,3.0,-5.0,0.0,1.0,-1.0,0.0,0.0,0.0,33.3,58.3,33.3,41.7,
2016-09-26,2016,Sundsvall,Hacken,0,0,D,U,4.34,4.0,1.71,12,0.0,2.0,3.0,1.0,2.0,10.0,-8.0,6.0,9.0,-3.0,-4.0,1.0,-5.0,0.0,1.0,-1.0,1.0,1.0,0.0,27.3,54.5,36.4,36.4,
2016-09-26,2016,Orebro,Gefle,2,2,D,O,1.52,4.32,5.61,12,1.0,1.0,2.0,2.0,6.0,5.0,1.0,10.0,6.0,4.0,-4.0,-1.0,-3.0,0.0,0.0,0.0,2.0,0.0,2.0,45.5,27.3,18.2,72.7,
2016-09-26,2016,Norrkoping,Djurgarden,1,3,A,O,1.6,3.87,5.42,12,4.0,1.0,0.0,3.0,13.0,3.0,10.0,3.0,5.0,-2.0,10.0,-2.0,12.0,4.0,0.0,4.0,0.0,0.0,0.0,81.8,0.0,27.3,72.7,
2016-09-26,2016,Goteborg,Ostersunds,2,0,H,U,1.71,3.68,4.73,12,4.0,0.0,0.0,3.0,9.0,3.0,6.0,3.0,9.0,-6.0,6.0,-6.0,12.0,2.0,0.0,2.0,0.0,3.0,-3.0,72.7,9.1,9.1,45.5,
2016-09-26,2016,Falkenbergs,Hammarby,0,2,A,U,4.61,4.01,1.67,12,0.0,2.0,3.0,0.0,3.0,3.0,0.0,11.0,0.0,11.0,-8.0,3.0,-11.0,0.0,1.0,-1.0,2.0,0.0,2.0,9.1,81.8,27.3,45.5,
2016-09-25,2016,Malmo FF,Helsingborg,2,0,H,U,1.31,5.25,8.84,13,4.0,0.0,0.0,3.0,10.0,2.0,8.0,2.0,7.0,-5.0,8.0,-5.0,13.0,3.0,0.0,3.0,0.0,2.0,-2.0,83.3,8.3,18.2,54.5,H
2016-09-25,2016,Elfsborg,AIK,2,2,D,O,2.44,3.36,2.79,12,2.0,3.0,1.0,1.0,12.0,8.0,4.0,5.0,3.0,2.0,7.0,5.0,2.0,2.0,3.0,-1.0,1.0,1.0,0.0,54.5,18.2,66.7,25.0,A
2016-09-24,2016,Jonkopings,Kalmar,0,1,A,U,2.7,3.28,2.54,12,1.0,1.0,1.0,1.0,3.0,4.0,-1.0,3.0,4.0,-1.0,0.0,0.0,0.0,0.0,0.0,0.0,0.0,0.0,0.0,36.4,18.2,27.3,36.4,A
2016-09-22,2016,Malmo FF,Elfsborg,1,0,H,U,1.56,4.09,5.52,12,3.0,1.0,0.0,1.0,10.0,6.0,4.0,3.0,5.0,-2.0,7.0,1.0,6.0,3.0,1.0,2.0,0.0,0.0,0.0,81.8,9.1,27.3,45.5,
2016-09-22,2016,Hammarby,Hacken,2,3,A,O,2.32,3.47,2.88,12,2.0,2.0,1.0,1.0,5.0,9.0,-4.0,5.0,7.0,-2.0,0.0,2.0,-2.0,1.0,2.0,-1.0,1.0,1.0,0.0,36.4,18.2,30.0,40.0,
2016-09-22,2016,Goteborg,Orebro,3,2,H,O,1.64,3.96,4.9,11,4.0,2.0,0.0,1.0,10.0,6.0,4.0,2.0,5.0,-3.0,8.0,1.0,7.0,3.0,1.0,2.0,0.0,1.0,-1.0,70.0,10.0,45.5,36.4,
2016-09-21,2016,Ostersunds,Norrkoping,0,2,A,U,2.4,3.3,2.88,12,3.0,3.0,0.0,0.0,7.0,5.0,2.0,0.0,2.0,-2.0,7.0,3.0,4.0,2.0,0.0,2.0,0.0,0.0,0.0,63.6,27.3,54.5,18.2,
2016-09-21,2016,Kalmar,Falkenbergs,3,0,H,O,1.38,4.81,7.47,12,2.0,0.0,1.0,4.0,5.0,2.0,3.0,3.0,12.0,-9.0,2.0,-10.0,12.0,1.0,0.0,1.0,0.0,3.0,-3.0,36.4,27.3,9.1,72.7,
2016-09-21,2016,Helsingborg,Sundsvall,2,1,H,O,1.79,3.67,4.26,12,0.0,1.0,4.0,2.0,3.0,6.0,-3.0,8.0,12.0,-4.0,-5.0,-6.0,1.0,0.0,1.0,-1.0,1.0,2.0,-1.0,27.3,63.6,27.3,36.4,
2016-09-21,2016,Gefle,Jonkopings,0,1,A,U,2.45,3.27,2.84,12,1.0,1.0,1.0,3.0,6.0,8.0,-2.0,6.0,11.0,-5.0,0.0,-3.0,3.0,1.0,1.0,0.0,1.0,2.0,-1.0,9.1,54.5,18.2,54.5,
2016-09-21,2016,Djurgarden,AIK,0,3,A,O,2.44,3.22,2.9,12,3.0,3.0,0.0,1.0,10.0,8.0,2.0,5.0,3.0,2.0,5.0,5.0,0.0,2.0,3.0,-1.0,0.0,1.0,-1.0,54.5,36.4,63.6,27.3,
2016-09-19,2016,Hacken,Goteborg,2,2,D,O,2.29,3.49,2.92,12,2.0,0.0,1.0,3.0,8.0,3.0,5.0,5.0,9.0,-4.0,3.0,-6.0,9.0,2.0,0.0,2.0,0.0,3.0,-3.0,54.5,36.4,27.3,45.5,
2016-09-18,2016,Helsingborg,Norrkoping,1,2,A,O,3.6,3.59,1.96,11,0.0,3.0,4.0,0.0,4.0,4.0,0.0,10.0,1.0,9.0,-6.0,3.0,-9.0,0.0,0.0,0.0,2.0,0.0,2.0,30.0,60.0,50.0,20.0,A
2016-09-18,2016,Elfsborg,Falkenbergs,5,0,H,O,1.28,5.76,9.47,11,2.0,0.0,1.0,3.0,10.0,5.0,5.0,6.0,10.0,-4.0,4.0,-5.0,9.0,2.0,0.0,2.0,1.0,2.0,-1.0,50.0,20.0,10.0,70.0,H
2016-09-18,2016,Djurgarden,Malmo FF,3,1,H,O,2.89,3.34,2.37,11,2.0,2.0,1.0,0.0,8.0,6.0,2.0,7.0,2.0,5.0,1.0,4.0,-3.0,1.0,1.0,0.0,1.0,0.0,1.0,50.0,40.0,60.0,20.0,H
2016-09-18,2016,AIK,Gefle,1,0,H,U,1.31,5.19,9.05,11,2.0,1.0,0.0,2.0,5.0,5.0,0.0,2.0,7.0,-5.0,3.0,-2.0,5.0,1.0,0.0,1.0,0.0,1.0,-1.0,40.0,0.0,20.0,70.0,
2016-09-17,2016,Kalmar,Ostersunds,2,0,H,U,2.24,3.28,3.18,11,1.0,0.0,1.0,2.0,4.0,6.0,-2.0,4.0,10.0,-6.0,0.0,-4.0,4.0,0.0,0.0,0.0,0.0,2.0,-2.0,30.0,30.0,10.0,40.0,H
2016-09-16,2016,Orebro,Sundsvall,3,3,D,O,1.6,4.05,5.17,11,1.0,1.0,2.0,3.0,3.0,4.0,-1.0,7.0,13.0,-6.0,-4.0,-9.0,5.0,0.0,1.0,-1.0,2.0,3.0,-1.0,50.0,30.0,30.0,40.0,
2016-09-16,2016,Jonkopings,Hammarby,0,1,A,U,2.89,3.3,2.4,11,2.0,1.0,0.0,1.0,4.0,4.0,0.0,2.0,4.0,-2.0,2.0,0.0,2.0,0.0,1.0,-1.0,0.0,1.0,-1.0,40.0,10.0,20.0,50.0,
2016-09-12,2016,Malmo FF,Goteborg,3,1,H,O,1.81,3.48,4.42,11,3.0,0.0,0.0,2.0,8.0,3.0,5.0,2.0,7.0,-5.0,6.0,-4.0,10.0,2.0,0.0,2.0,0.0,2.0,-2.0,80.0,10.0,30.0,40.0,
2016-09-12,2016,Hammarby,Orebro,1,1,D,U,1.85,3.69,3.94,11,2.0,2.0,1.0,2.0,7.0,5.0,2.0,7.0,5.0,2.0,0.0,0.0,0.0,1.0,1.0,0.0,1.0,1.0,0.0,40.0,20.0,50.0,40.0,
2016-09-12,2016,Gefle,Hacken,2,2,D,O,4.32,3.82,1.75,11,1.0,2.0,2.0,1.0,5.0,7.0,-2.0,6.0,5.0,1.0,-1.0,2.0,-3.0,1.0,2.0,-1.0,1.0,1.0,0.0,10.0,60.0,33.3,44.4,
2016-09-11,2016,Sundsvall,AIK,1,3,A,O,4.64,3.68,1.73,11,0.0,2.0,3.0,1.0,1.0,6.0,-5.0,5.0,3.0,2.0,-4.0,3.0,-7.0,0.0,2.0,-2.0,1.0,1.0,0.0,30.0,50.0,60.0,30.0,A
2016-09-11,2016,Ostersunds,Helsingborg,2,0,H,U,1.63,3.85,5.24,11,3.0,1.0,0.0,2.0,6.0,4.0,2.0,0.0,5.0,-5.0,6.0,-1.0,7.0,1.0,1.0,0.0,0.0,1.0,-1.0,60.0,30.0,20.0,50.0,H
2016-09-11,2016,Norrkoping,Jonkopings,5,1,H,O,1.49,4.36,6.2,11,3.0,1.0,0.0,3.0,11.0,7.0,4.0,5.0,7.0,-2.0,6.0,0.0,6.0,3.0,1.0,2.0,0.0,1.0,-1.0,80.0,0.0,20.0,50.0,H
2016-09-11,2016,Falkenbergs,Djurgarden,1,2,A,O,4.01,3.74,1.82,11,0.0,0.0,3.0,4.0,3.0,2.0,1.0,11.0,7.0,4.0,-8.0,-5.0,-3.0,0.0,0.0,0.0,2.0,1.0,1.0,10.0,80.0,20.0,80.0,D
2016-09-10,2016,Elfsborg,Kalmar,1,1,D,U,1.78,3.73,4.26,10,2.0,1.0,1.0,2.0,10.0,5.0,5.0,6.0,7.0,-1.0,4.0,-2.0,6.0,2.0,0.0,2.0,1.0,1.0,0.0,55.6,22.2,30.0,40.0,A
2016-08-28,2016,Sundsvall,Malmo FF,0,1,A,U,6.48,4.49,1.45,10,1.0,2.0,2.0,0.0,6.0,9.0,-3.0,4.0,3.0,1.0,2.0,6.0,-4.0,1.0,2.0,-1.0,1.0,0.0,1.0,33.3,44.4,55.6,22.2,D
2016-08-28,2016,Orebro,Falkenbergs,3,2,H,O,1.43,4.61,6.66,10,0.0,1.0,2.0,2.0,2.0,5.0,-3.0,7.0,8.0,-1.0,-5.0,-3.0,-2.0,0.0,0.0,0.0,2.0,2.0,0.0,44.4,33.3,11.1,66.7,D
2016-08-28,2016,Jonkopings,Elfsborg,1,0,H,U,3.34,3.54,2.07,10,1.0,1.0,0.0,0.0,4.0,6.0,-2.0,3.0,4.0,-1.0,1.0,2.0,-1.0,0.0,1.0,-1.0,0.0,0.0,0.0,33.3,11.1,30.0,40.0,D
2016-08-28,2016,Hacken,Ostersunds,3,1,H,O,1.99,3.51,3.6,11,2.0,0.0,1.0,2.0,8.0,5.0,3.0,5.0,12.0,-7.0,3.0,-7.0,10.0,2.0,0.0,2.0,0.0,2.0,-2.0,50.0,40.0,11.1,33.3,
2016-08-28,2016,Goteborg,Helsingborg,2,0,H,U,1.57,4.05,5.51,10,4.0,1.0,0.0,2.0,10.0,4.0,6.0,3.0,6.0,-3.0,7.0,-2.0,9.0,2.0,1.0,1.0,0.0,1.0,-1.0,66.7,11.1,22.2,44.4,H
2016-08-28,2016,AIK,Hammarby,0,0,D,U,1.91,3.54,3.85,10,2.0,1.0,0.0,2.0,5.0,5.0,0.0,2.0,6.0,-4.0,3.0,-1.0,4.0,1.0,1.0,0.0,0.0,1.0,-1.0,44.4,0.0,22.2,55.6,D
2016-08-27,2016,Kalmar,Norrkoping,0,1,A,U,2.72,3.36,2.51,10,1.0,2.0,0.0,0.0,5.0,5.0,0.0,4.0,3.0,1.0,1.0,2.0,-1.0,0.0,0.0,0.0,0.0,0.0,0.0,33.3,22.2,44.4,22.2,D
2016-08-27,2016,Djurgarden,Gefle,2,1,H,O,1.4,4.69,7.29,10,1.0,1.0,2.0,2.0,6.0,5.0,1.0,7.0,7.0,0.0,-1.0,-2.0,1.0,1.0,0.0,1.0,1.0,1.0,0.0,44.4,44.4,22.2,66.7,H
2016-08-22,2016,Malmo FF,Jonkopings,4,1,H,O,1.27,5.54,10.23,10,3.0,1.0,0.0,2.0,6.0,9.0,-3.0,1.0,6.0,-5.0,5.0,3.0,2.0,2.0,1.0,1.0,0.0,0.0,0.0,77.8,11.1,22.2,44.4,
2016-08-22,2016,Elfsborg,Sundsvall,4,0,H,O,1.36,5.06,7.96,9,1.0,1.0,1.0,2.0,9.0,5.0,4.0,9.0,10.0,-1.0,0.0,-5.0,5.0,1.0,1.0,0.0,1.0,2.0,-1.0,50.0,25.0,33.3,33.3,
2016-08-21,2016,Orebro,AIK,0,2,A,U,2.87,3.4,2.37,9,1.0,2.0,1.0,1.0,3.0,5.0,-2.0,5.0,3.0,2.0,-2.0,2.0,-4.0,0.0,1.0,-1.0,1.0,1.0,0.0,50.0,25.0,55.6,33.3,A
2016-08-21,2016,Hammarby,Goteborg,2,0,H,U,2.53,3.35,2.7,10,2.0,1.0,1.0,1.0,7.0,6.0,1.0,8.0,6.0,2.0,-1.0,0.0,-1.0,0.0,1.0,-1.0,1.0,1.0,0.0,33.3,22.2,33.3,33.3,H
2016-08-21,2016,Falkenbergs,Gefle,1,1,D,U,2.31,3.41,2.96,10,0.0,1.0,4.0,3.0,4.0,4.0,0.0,13.0,9.0,4.0,-9.0,-5.0,-4.0,0.0,0.0,0.0,2.0,2.0,0.0,11.1,88.9,25.0,75.0,D
2016-08-20,2016,Ostersunds,Djurgarden,1,0,H,U,2.18,3.35,3.26,10,2.0,0.0,1.0,4.0,6.0,2.0,4.0,4.0,8.0,-4.0,2.0,-6.0,8.0,1.0,0.0,1.0,1.0,2.0,-1.0,55.6,33.3,22.2,77.8,H
2016-08-20,2016,Helsingborg,Kalmar,0,1,A,U,2.43,3.4,2.79,10,0.0,1.0,4.0,2.0,5.0,6.0,-1.0,12.0,8.0,4.0,-7.0,-2.0,-5.0,0.0,0.0,0.0,3.0,1.0,2.0,33.3,55.6,22.2,44.4,D
2016-08-15,2016,Sundsvall,Hammarby,0,0,D,U,2.93,3.45,2.31,9,1.0,1.0,3.0,2.0,7.0,6.0,1.0,7.0,7.0,0.0,0.0,-1.0,1.0,1.0,1.0,0.0,2.0,1.0,1.0,37.5,50.0,25.0,62.5,
2016-08-15,2016,Jonkopings,Ostersunds,1,1,D,U,2.66,3.24,2.64,9,1.0,0.0,0.0,2.0,4.0,5.0,-1.0,3.0,12.0,-9.0,1.0,-7.0,8.0,0.0,0.0,0.0,0.0,2.0,-2.0,37.5,12.5,12.5,37.5,
2016-08-14,2016,Kalmar,Malmo FF,1,1,D,U,3.61,3.56,1.97,9,1.0,3.0,0.0,0.0,5.0,11.0,-6.0,4.0,4.0,0.0,1.0,7.0,-6.0,0.0,2.0,-2.0,0.0,0.0,0.0,37.5,25.0,62.5,25.0,D
2016-08-14,2016,Hacken,Orebro,0,1,A,U,1.62,4.13,4.94,10,3.0,1.0,0.0,2.0,11.0,4.0,7.0,5.0,5.0,0.0,6.0,-1.0,7.0,3.0,1.0,2.0,0.0,1.0,-1.0,55.6,33.3,44.4,44.4,A
2016-08-14,2016,Djurgarden,Elfsborg,2,2,D,O,2.04,3.56,3.41,9,2.0,2.0,2.0,0.0,7.0,7.0,0.0,5.0,3.0,2.0,2.0,4.0,-2.0,2.0,2.0,0.0,1.0,0.0,1.0,50.0,50.0,33.3,44.4,D
2016-08-13,2016,Gefle,Norrkoping,0,0,D,U,4.86,3.97,1.65,10,1.0,2.0,3.0,0.0,5.0,6.0,-1.0,7.0,4.0,3.0,-2.0,2.0,-4.0,1.0,0.0,1.0,1.0,0.0,1.0,11.1,66.7,50.0,25.0,D
2016-08-13,2016,AIK,Helsingborg,2,1,H,O,1.46,4.46,6.48,9,2.0,1.0,0.0,1.0,5.0,4.0,1.0,1.0,5.0,-4.0,4.0,-1.0,5.0,2.0,1.0,1.0,0.0,1.0,-1.0,37.5,0.0,25.0,37.5,D
2016-08-12,2016,Goteborg,Falkenbergs,2,0,H,U,1.21,6.62,12.05,9,3.0,1.0,0.0,2.0,9.0,5.0,4.0,4.0,8.0,-4.0,5.0,-3.0,8.0,1.0,0.0,1.0,0.0,2.0,-2.0,62.5,12.5,12.5,62.5,
2016-08-10,2016,Norrkoping,Hacken,3,1,H,O,1.86,3.75,3.83,10,2.0,2.0,0.0,0.0,8.0,7.0,1.0,4.0,3.0,1.0,4.0,4.0,0.0,2.0,2.0,0.0,0.0,0.0,0.0,77.8,0.0,37.5,37.5,
2016-08-08,2016,Djurgarden,Goteborg,3,1,H,O,2.83,3.29,2.45,8,1.0,1.0,3.0,1.0,4.0,5.0,-1.0,7.0,5.0,2.0,-3.0,0.0,-3.0,1.0,1.0,0.0,2.0,1.0,1.0,42.9,57.1,37.5,25.0,
2016-08-07,2016,Norrkoping,Orebro,3,1,H,O,1.51,4.35,5.82,9,2.0,2.0,0.0,1.0,8.0,7.0,1.0,4.0,2.0,2.0,4.0,5.0,-1.0,2.0,2.0,0.0,0.0,0.0,0.0,75.0,0.0,50.0,37.5,
2016-08-07,2016,Malmo FF,AIK,2,0,H,U,1.66,3.72,5.22,9,3.0,3.0,0.0,0.0,7.0,8.0,-1.0,1.0,3.0,-2.0,6.0,5.0,1.0,2.0,1.0,1.0,0.0,0.0,0.0,75.0,12.5,62.5,25.0,
2016-08-07,2016,Hammarby,Kalmar,2,1,H,O,1.95,3.51,3.75,9,1.0,2.0,2.0,1.0,7.0,8.0,-1.0,10.0,6.0,4.0,-3.0,2.0,-5.0,0.0,1.0,-1.0,1.0,1.0,0.0,25.0,25.0,25.0,37.5,H
2016-08-07,2016,Elfsborg,Hacken,2,4,A,O,2.12,3.52,3.24,8,2.0,2.0,0.0,0.0,9.0,7.0,2.0,5.0,2.0,3.0,4.0,5.0,-1.0,2.0,2.0,0.0,0.0,0.0,0.0,57.1,14.3,28.6,42.9,A
2016-08-06,2016,Ostersunds,Sundsvall,4,0,H,O,1.82,3.66,4.12,9,2.0,1.0,1.0,2.0,4.0,6.0,-2.0,4.0,9.0,-5.0,0.0,-3.0,3.0,1.0,1.0,0.0,1.0,2.0,-1.0,50.0,37.5,37.5,25.0,D
2016-08-06,2016,Falkenbergs,Jonkopings,0,5,A,O,2.79,3.35,2.45,9,0.0,0.0,4.0,3.0,5.0,5.0,0.0,12.0,9.0,3.0,-7.0,-4.0,-3.0,0.0,0.0,0.0,2.0,1.0,1.0,12.5,87.5,12.5,50.0,A
2016-08-05,2016,Helsingborg,Gefle,2,3,A,O,1.69,3.87,4.68,9,0.0,0.0,3.0,4.0,4.0,1.0,3.0,10.0,9.0,1.0,-6.0,-8.0,2.0,0.0,0.0,0.0,3.0,3.0,0.0,37.5,50.0,14.3,85.7,
2016-08-01,2016,Orebro,Malmo FF,0,3,A,O,3.81,3.63,1.9,8,2.0,2.0,0.0,1.0,6.0,9.0,-3.0,4.0,6.0,-2.0,2.0,3.0,-1.0,0.0,1.0,-1.0,0.0,0.0,0.0,57.1,14.3,57.1,28.6,
2016-08-01,2016,Kalmar,Djurgarden,2,1,H,O,2.2,3.29,3.25,8,1.0,0.0,0.0,4.0,6.0,2.0,4.0,5.0,8.0,-3.0,1.0,-6.0,7.0,0.0,0.0,0.0,0.0,2.0,-2.0,28.6,28.6,25.0,75.0,
2016-07-31,2016,Jonkopings,Goteborg,1,1,D,U,4.16,3.64,1.83,8,1.0,2.0,1.0,1.0,3.0,10.0,-7.0,4.0,6.0,-2.0,-1.0,4.0,-5.0,0.0,2.0,-2.0,1.0,1.0,0.0,42.9,14.3,42.9,28.6,D
2016-07-31,2016,Hacken,Helsingborg,1,1,D,U,1.51,4.33,5.89,9,3.0,1.0,1.0,2.0,12.0,3.0,9.0,7.0,7.0,0.0,5.0,-4.0,9.0,3.0,1.0,2.0,0.0,2.0,-2.0,62.5,37.5,28.6,42.9,D
2016-07-31,2016,AIK,Falkenbergs,2,0,H,U,1.34,4.98,8.53,8,1.0,1.0,0.0,2.0,3.0,6.0,-3.0,1.0,8.0,-7.0,2.0,-2.0,4.0,1.0,0.0,1.0,0.0,1.0,-1.0,28.6,0.0,14.3,57.1,H
2016-07-30,2016,Sundsvall,Norrkoping,1,2,A,O,3.09,3.55,2.18,8,2.0,2.0,2.0,0.0,8.0,6.0,2.0,6.0,3.0,3.0,2.0,3.0,-1.0,1.0,1.0,0.0,2.0,0.0,2.0,42.9,42.9,42.9,28.6,D
2016-07-30,2016,Ostersunds,Elfsborg,0,0,D,U,2.54,3.44,2.64,8,3.0,2.0,1.0,1.0,5.0,7.0,-2.0,4.0,4.0,0.0,1.0,3.0,-2.0,1.0,2.0,-1.0,1.0,0.0,1.0,57.1,42.9,37.5,50.0,D
2016-07-30,2016,Gefle,Hammarby,0,2,A,U,3.39,3.55,2.06,9,1.0,0.0,3.0,3.0,5.0,6.0,-1.0,9.0,10.0,-1.0,-4.0,-4.0,0.0,1.0,0.0,1.0,1.0,1.0,0.0,12.5,62.5,14.3,71.4,A
2016-07-25,2016,Elfsborg,Ostersunds,3,1,H,O,1.74,3.84,4.35,7,2.0,0.0,0.0,2.0,9.0,4.0,5.0,4.0,12.0,-8.0,5.0,-8.0,13.0,2.0,0.0,2.0,0.0,2.0,-2.0,50.0,16.7,14.3,28.6,
2016-07-25,2016,Djurgarden,Sundsvall,1,3,A,O,1.59,4.04,5.27,7,2.0,0.0,2.0,2.0,6.0,4.0,2.0,4.0,9.0,-5.0,2.0,-5.0,7.0,2.0,0.0,2.0,1.0,2.0,-1.0,50.0,50.0,28.6,28.6,
2016-07-24,2016,Helsingborg,Hacken,0,2,A,U,2.85,3.5,2.34,8,1.0,1.0,2.0,1.0,6.0,5.0,1.0,9.0,5.0,4.0,-3.0,0.0,-3.0,0.0,1.0,-1.0,2.0,1.0,1.0,42.9,42.9,16.7,50.0,A
2016-07-24,2016,Hammarby,AIK,0,3,A,O,2.62,3.36,2.59,8,1.0,3.0,1.0,0.0,8.0,8.0,0.0,8.0,5.0,3.0,0.0,3.0,-3.0,0.0,0.0,0.0,0.0,0.0,0.0,28.6,14.3,57.1,28.6,A
2016-07-24,2016,Goteborg,Jonkopings,2,1,H,O,1.35,4.93,8.38,8,3.0,0.0,0.0,2.0,9.0,4.0,5.0,4.0,7.0,-3.0,5.0,-3.0,8.0,1.0,0.0,1.0,0.0,1.0,-1.0,57.1,14.3,14.3,42.9,H
2016-07-23,2016,Norrkoping,Gefle,2,0,H,U,1.31,5.47,8.59,8,2.0,0.0,0.0,4.0,9.0,2.0,7.0,4.0,13.0,-9.0,5.0,-11.0,16.0,2.0,0.0,2.0,0.0,3.0,-3.0,71.4,0.0,16.7,83.3,H
2016-07-23,2016,Malmo FF,Kalmar,1,1,D,U,1.44,4.42,6.93,8,4.0,2.0,0.0,2.0,9.0,7.0,2.0,0.0,6.0,-6.0,9.0,1.0,8.0,3.0,1.0,2.0,0.0,1.0,-1.0,85.7,14.3,28.6,42.9,A
2016-07-23,2016,Falkenbergs,Orebro,1,3,A,O,3.28,3.63,2.07,8,0.0,1.0,4.0,2.0,5.0,6.0,-1.0,11.0,4.0,7.0,-6.0,2.0,-8.0,0.0,1.0,-1.0,1.0,0.0,1.0,14.3,85.7,42.9,42.9,A
2016-07-18,2016,Jonkopings,Djurgarden,1,0,H,U,2.88,3.24,2.45,7,0.0,0.0,1.0,4.0,3.0,2.0,1.0,5.0,10.0,-5.0,-2.0,-8.0,6.0,0.0,0.0,0.0,1.0,3.0,-2.0,33.3,16.7,28.6,71.4,
2016-07-18,2016,Gefle,Kalmar,4,2,H,O,3.53,3.39,2.05,8,0.0,2.0,4.0,1.0,3.0,6.0,-3.0,13.0,3.0,10.0,-10.0,3.0,-13.0,0.0,1.0,-1.0,2.0,0.0,2.0,0.0,71.4,33.3,33.3,
2016-07-17,2016,Orebro,Hacken,0,0,D,U,2.34,3.49,2.85,7,3.0,1.0,0.0,2.0,9.0,6.0,3.0,6.0,7.0,-1.0,3.0,-1.0,4.0,0.0,1.0,-1.0,0.0,1.0,-1.0,66.7,16.7,20.0,60.0,D
2016-07-17,2016,Hammarby,Falkenbergs,3,3,D,O,1.37,4.94,7.62,7,1.0,1.0,1.0,2.0,6.0,4.0,2.0,6.0,6.0,0.0,0.0,-2.0,2.0,0.0,0.0,0.0,0.0,1.0,-1.0,33.3,16.7,16.7,66.7,A
2016-07-17,2016,Elfsborg,Goteborg,1,1,D,U,2.47,3.33,2.79,6,2.0,2.0,1.0,2.0,8.0,11.0,-3.0,4.0,8.0,-4.0,4.0,3.0,1.0,2.0,2.0,0.0,0.0,1.0,-1.0,60.0,20.0,50.0,33.3,A
2016-07-17,2016,AIK,Malmo FF,1,1,D,U,2.82,3.19,2.52,7,2.0,3.0,0.0,1.0,4.0,11.0,-7.0,1.0,5.0,-4.0,3.0,6.0,-3.0,1.0,2.0,-1.0,0.0,0.0,0.0,33.3,0.0,66.7,33.3,D
2016-07-16,2016,Sundsvall,Helsingborg,0,2,A,U,1.93,3.6,3.71,7,2.0,1.0,1.0,2.0,9.0,4.0,5.0,5.0,9.0,-4.0,4.0,-5.0,9.0,1.0,0.0,1.0,1.0,2.0,-1.0,50.0,33.3,16.7,50.0,A
2016-07-16,2016,Norrkoping,Ostersunds,3,3,D,O,1.72,3.78,4.59,7,3.0,0.0,0.0,2.0,9.0,1.0,8.0,2.0,9.0,-7.0,7.0,-8.0,15.0,3.0,0.0,3.0,0.0,2.0,-2.0,83.3,0.0,16.7,33.3,H
2016-07-11,2016,Malmo FF,Orebro,1,0,H,U,1.4,4.84,7.0,7,4.0,2.0,0.0,1.0,9.0,10.0,-1.0,0.0,5.0,-5.0,9.0,5.0,4.0,3.0,2.0,1.0,0.0,0.0,0.0,83.3,16.7,50.0,33.3,
2016-07-10,2016,Ostersunds,Jonkopings,1,0,H,U,1.83,3.51,4.25,7,2.0,0.0,2.0,1.0,6.0,5.0,1.0,8.0,7.0,1.0,-2.0,-2.0,0.0,1.0,0.0,1.0,2.0,1.0,1.0,50.0,50.0,16.7,33.3,D
2016-07-10,2016,Kalmar,AIK,1,1,D,U,2.71,3.32,2.52,7,1.0,3.0,1.0,1.0,7.0,8.0,-1.0,7.0,6.0,1.0,0.0,2.0,-2.0,0.0,0.0,0.0,0.0,0.0,0.0,33.3,33.3,66.7,33.3,D
2016-07-10,2016,Helsingborg,Elfsborg,2,4,A,O,2.89,3.49,2.3,7,2.0,2.0,1.0,1.0,6.0,5.0,1.0,6.0,3.0,3.0,0.0,2.0,-2.0,0.0,1.0,-1.0,1.0,0.0,1.0,50.0,33.3,28.6,57.1,A
2016-07-10,2016,Goteborg,Sundsvall,4,1,H,O,1.36,4.85,8.13,7,2.0,1.0,1.0,1.0,5.0,4.0,1.0,6.0,5.0,1.0,-1.0,-1.0,0.0,0.0,0.0,0.0,1.0,1.0,0.0,50.0,16.7,33.3,16.7,H
2016-07-09,2016,Hacken,Hammarby,4,2,H,O,1.8,3.83,4.03,8,3.0,0.0,1.0,3.0,14.0,5.0,9.0,6.0,9.0,-3.0,8.0,-4.0,12.0,3.0,0.0,3.0,0.0,1.0,-1.0,57.1,42.9,16.7,66.7,H
2016-07-09,2016,Gefle,Falkenbergs,1,2,A,O,1.93,3.52,3.8,7,0.0,0.0,3.0,3.0,2.0,3.0,-1.0,11.0,8.0,3.0,-9.0,-5.0,-4.0,0.0,0.0,0.0,2.0,2.0,0.0,0.0,66.7,0.0,80.0,H
2016-07-09,2016,Djurgarden,Norrkoping,0,1,A,U,2.42,3.34,2.85,6,2.0,1.0,2.0,1.0,7.0,6.0,1.0,6.0,5.0,1.0,1.0,1.0,0.0,2.0,1.0,1.0,2.0,0.0,2.0,60.0,40.0,33.3,33.3,D
2016-05-29,2016,Norrkoping,Elfsborg,0,0,D,U,1.71,3.9,4.44,6,4.0,2.0,0.0,2.0,13.0,6.0,7.0,3.0,5.0,-2.0,10.0,1.0,9.0,4.0,1.0,3.0,0.0,0.0,0.0,100.0,0.0,33.3,66.7,D
2016-05-29,2016,Helsingborg,Goteborg,1,3,A,O,3.6,3.56,1.97,6,3.0,1.0,0.0,2.0,8.0,11.0,-3.0,4.0,10.0,-6.0,4.0,1.0,3.0,1.0,1.0,0.0,0.0,1.0,-1.0,60.0,20.0,40.0,40.0,A
2016-05-29,2016,Hammarby,Gefle,2,1,H,O,1.37,4.83,7.88,6,1.0,0.0,1.0,4.0,9.0,1.0,8.0,6.0,12.0,-6.0,3.0,-11.0,14.0,1.0,0.0,1.0,0.0,3.0,-3.0,20.0,20.0,20.0,80.0,H
2016-05-29,2016,Hacken,Djurgarden,3,1,H,O,2.16,3.42,3.2,7,2.0,0.0,2.0,4.0,11.0,1.0,10.0,6.0,8.0,-2.0,5.0,-7.0,12.0,2.0,0.0,2.0,0.0,2.0,-2.0,50.0,50.0,33.3,66.7,H
2016-05-29,2016,Falkenbergs,Kalmar,1,2,A,O,3.71,3.52,1.95,7,1.0,1.0,3.0,1.0,6.0,5.0,1.0,10.0,3.0,7.0,-4.0,2.0,-6.0,0.0,1.0,-1.0,1.0,0.0,1.0,16.7,83.3,20.0,40.0,D
2016-05-28,2016,Ostersunds,Malmo FF,1,4,A,O,3.23,3.35,2.18,6,3.0,3.0,1.0,1.0,7.0,8.0,-1.0,5.0,4.0,1.0,2.0,4.0,-2.0,1.0,1.0,0.0,1.0,0.0,1.0,60.0,40.0,60.0,40.0,
2016-05-28,2016,Jonkopings,Sundsvall,1,1,D,U,2.27,3.31,3.07,6,1.0,2.0,1.0,1.0,3.0,5.0,-2.0,4.0,5.0,-1.0,-1.0,0.0,-1.0,0.0,0.0,0.0,1.0,1.0,0.0,40.0,20.0,40.0,20.0,A
2016-05-28,2016,AIK,Orebro,0,0,D,U,1.94,3.63,3.6,6,2.0,2.0,0.0,2.0,7.0,11.0,-4.0,4.0,8.0,-4.0,3.0,3.0,0.0,1.0,2.0,-1.0,0.0,1.0,-1.0,40.0,0.0,60.0,40.0,D
2016-05-23,2016,Malmo FF,Falkenbergs,2,0,H,U,1.18,6.85,14.26,6,3.0,0.0,1.0,3.0,8.0,3.0,5.0,2.0,11.0,-9.0,6.0,-8.0,14.0,2.0,0.0,2.0,0.0,2.0,-2.0,80.0,20.0,0.0,75.0,
2016-05-23,2016,Goteborg,Hammarby,2,1,H,O,1.64,3.93,4.89,6,1.0,1.0,1.0,2.0,4.0,7.0,-3.0,6.0,8.0,-2.0,-2.0,-1.0,-1.0,0.0,1.0,-1.0,1.0,1.0,0.0,40.0,20.0,20.0,60.0,
2016-05-23,2016,Gefle,AIK,0,1,A,U,4.92,3.8,1.67,6,0.0,2.0,3.0,2.0,3.0,8.0,-5.0,12.0,10.0,2.0,-9.0,-2.0,-7.0,0.0,0.0,0.0,2.0,1.0,1.0,0.0,60.0,60.0,40.0,
2016-05-22,2016,Orebro,Norrkoping,2,2,D,O,2.47,3.44,2.71,6,4.0,2.0,0.0,1.0,9.0,6.0,3.0,5.0,4.0,1.0,4.0,2.0,2.0,0.0,1.0,-1.0,0.0,0.0,0.0,80.0,20.0,40.0,40.0,A
2016-05-22,2016,Kalmar,Hacken,1,1,D,U,2.42,3.37,2.81,6,2.0,1.0,1.0,3.0,9.0,5.0,4.0,8.0,7.0,1.0,1.0,-2.0,3.0,0.0,1.0,-1.0,0.0,1.0,-1.0,40.0,40.0,25.0,75.0,D
2016-05-22,2016,Elfsborg,Jonkopings,3,3,D,O,1.42,4.61,7.08,5,3.0,0.0,1.0,2.0,9.0,3.0,6.0,2.0,6.0,-4.0,7.0,-3.0,10.0,3.0,0.0,3.0,0.0,1.0,-1.0,75.0,25.0,20.0,40.0,H
2016-05-22,2016,Djurgarden,Helsingborg,3,0,H,O,1.55,4.15,5.59,5,2.0,1.0,2.0,2.0,9.0,5.0,4.0,6.0,11.0,-5.0,3.0,-6.0,9.0,2.0,0.0,2.0,2.0,2.0,0.0,50.0,50.0,20.0,40.0,H
2016-05-21,2016,Sundsvall,Ostersunds,5,0,H,O,2.58,3.28,2.66,6,2.0,1.0,1.0,1.0,7.0,3.0,4.0,6.0,5.0,1.0,1.0,-2.0,3.0,1.0,0.0,1.0,1.0,1.0,0.0,40.0,40.0,20.0,20.0,
2016-05-20,2016,Falkenbergs,AIK,2,3,A,O,5.32,3.97,1.59,6,1.0,2.0,3.0,2.0,5.0,7.0,-2.0,9.0,8.0,1.0,-4.0,-1.0,-3.0,0.0,1.0,-1.0,1.0,1.0,0.0,20.0,80.0,50.0,50.0,
2016-05-19,2016,Goteborg,Norrkoping,1,1,D,U,2.15,3.41,3.23,5,2.0,2.0,1.0,2.0,4.0,6.0,-2.0,5.0,6.0,-1.0,-1.0,0.0,-1.0,0.0,1.0,-1.0,1.0,1.0,0.0,50.0,25.0,50.0,50.0,
2016-05-19,2016,Gefle,Orebro,0,4,A,O,3.45,3.57,2.01,5,0.0,2.0,2.0,2.0,4.0,10.0,-6.0,9.0,9.0,0.0,-5.0,1.0,-6.0,0.0,2.0,-2.0,1.0,1.0,0.0,0.0,50.0,50.0,50.0,
2016-05-19,2016,Djurgarden,Kalmar,0,3,A,O,1.86,3.51,4.09,4,,0.0,,2.0,,3.0,,,7.0,,,-4.0,,,0.0,,,1.0,,66.7,33.3,0.0,50.0,
2016-05-18,2016,Sundsvall,Elfsborg,1,3,A,O,2.69,3.4,2.5,5,2.0,1.0,1.0,3.0,7.0,5.0,2.0,5.0,7.0,-2.0,2.0,-2.0,4.0,1.0,0.0,1.0,0.0,0.0,0.0,50.0,25.0,20.0,80.0,
2016-05-18,2016,Helsingborg,Ostersunds,1,1,D,U,2.45,3.28,2.82,5,3.0,1.0,1.0,1.0,8.0,3.0,5.0,6.0,5.0,1.0,2.0,-2.0,4.0,1.0,0.0,1.0,1.0,1.0,0.0,75.0,25.0,25.0,25.0,
2016-05-18,2016,Hammarby,Malmo FF,2,3,A,O,2.94,3.48,2.29,5,1.0,2.0,0.0,2.0,8.0,7.0,1.0,4.0,5.0,-1.0,4.0,2.0,2.0,1.0,1.0,0.0,0.0,0.0,0.0,25.0,0.0,50.0,50.0,
2016-05-18,2016,Hacken,Jonkopings,3,1,H,O,1.57,4.1,5.42,6,1.0,1.0,3.0,1.0,9.0,3.0,6.0,7.0,3.0,4.0,2.0,0.0,2.0,1.0,0.0,1.0,0.0,0.0,0.0,40.0,60.0,25.0,25.0,
2016-05-16,2016,AIK,Djurgarden,2,0,H,U,2.16,3.33,3.29,5,1.0,1.0,0.0,3.0,6.0,3.0,3.0,5.0,7.0,-2.0,1.0,-4.0,5.0,0.0,0.0,0.0,0.0,1.0,-1.0,25.0,0.0,40.0,60.0,
2016-05-15,2016,Ostersunds,Goteborg,2,0,H,U,3.54,3.46,2.03,5,2.0,2.0,2.0,1.0,5.0,13.0,-8.0,7.0,8.0,-1.0,-2.0,5.0,-7.0,0.0,2.0,-2.0,2.0,0.0,2.0,50.0,50.0,50.0,25.0,
2016-05-15,2016,Orebro,Elfsborg,1,0,H,U,2.94,3.51,2.27,5,3.0,1.0,1.0,3.0,8.0,6.0,2.0,7.0,8.0,-1.0,1.0,-2.0,3.0,0.0,0.0,0.0,1.0,0.0,1.0,75.0,25.0,25.0,75.0,D
2016-05-15,2016,Norrkoping,Sundsvall,3,1,H,O,1.41,4.68,6.96,5,4.0,2.0,0.0,0.0,14.0,5.0,9.0,3.0,3.0,0.0,11.0,2.0,9.0,4.0,0.0,4.0,0.0,0.0,0.0,100.0,0.0,50.0,0.0,H
2016-05-15,2016,Falkenbergs,Hacken,1,4,A,O,4.38,3.68,1.77,5,1.0,,3.0,,4.0,,,7.0,,,-3.0,,,0.0,,,1.0,,,25.0,75.0,0.0,100.0,A
2016-05-14,2016,Malmo FF,Gefle,3,0,H,O,1.2,6.4,13.54,5,3.0,1.0,1.0,3.0,8.0,3.0,5.0,3.0,10.0,-7.0,5.0,-7.0,12.0,2.0,0.0,2.0,0.0,2.0,-2.0,75.0,25.0,25.0,75.0,D
2016-05-14,2016,Kalmar,Hammarby,1,1,D,U,2.38,3.36,2.86,5,2.0,1.0,2.0,3.0,8.0,7.0,1.0,8.0,11.0,-3.0,0.0,-4.0,4.0,0.0,1.0,-1.0,0.0,2.0,-2.0,50.0,50.0,25.0,75.0,H
2016-05-13,2016,Jonkopings,Helsingborg,1,1,D,U,2.13,3.42,3.29,5,2.0,1.0,1.0,2.0,5.0,5.0,0.0,5.0,11.0,-6.0,0.0,-6.0,6.0,0.0,0.0,0.0,1.0,2.0,-1.0,50.0,25.0,25.0,50.0,
2016-05-09,2016,Sundsvall,Falkenbergs,2,1,H,O,1.59,3.99,5.42,4,,,,,,,,,,,,,,,,,,,,33.3,33.3,0.0,66.7,
2016-05-09,2016,Orebro,Hammarby,3,2,H,O,2.38,3.38,2.86,4,,,,,,,,,,,,,,,,,,,,66.7,33.3,33.3,66.7,
2016-05-09,2016,Goteborg,Djurgarden,2,1,H,O,1.81,3.53,4.37,4,,2.0,,2.0,,4.0,,,5.0,,,-1.0,,,1.0,,,1.0,,33.3,33.3,50.0,50.0,
2016-05-08,2016,Jonkopings,Norrkoping,0,2,A,U,4.0,3.57,1.86,4,,,,,,,,,,,,,,,,,,,,66.7,0.0,33.3,66.7,A
2016-05-08,2016,Helsingborg,Malmo FF,2,1,H,O,4.49,3.66,1.76,4,,,,,,,,,,,,,,,,,,,,66.7,33.3,66.7,33.3,H
2016-05-08,2016,Hacken,AIK,2,3,A,O,2.15,3.44,3.22,5,2.0,,2.0,,9.0,,,5.0,,,4.0,,,1.0,,,0.0,,,50.0,50.0,33.3,66.7,A
2016-05-07,2016,Ostersunds,Kalmar,1,0,H,U,1.86,3.55,4.05,4,,,,,,,,,,,,,,,,,,,,33.3,66.7,0.0,33.3,
2016-05-07,2016,Elfsborg,Gefle,2,0,H,U,1.26,5.7,10.39,4,,,,,,,,,,,,,,,,,,,,66.7,33.3,33.3,66.7,H
2016-05-02,2016,Norrkoping,Helsingborg,3,0,H,O,1.38,4.9,7.28,4,,,,,,,,,,,,,,,,,,,,100.0,0.0,33.3,33.3,
2016-05-02,2016,Kalmar,Orebro,3,2,H,O,2.18,3.37,3.21,4,,,,,,,,,,,,,,,,,,,,33.3,66.7,66.7,33.3,
2016-05-02,2016,Gefle,Goteborg,2,6,A,O,5.13,3.74,1.66,4,,,,,,,,,,,,,,,,,,,,0.0,33.3,33.3,33.3,
2016-05-02,2016,Djurgarden,Ostersunds,3,0,H,O,1.74,3.68,4.57,3,,,,,,,,,,,,,,,,,,,,50.0,50.0,33.3,0.0,
2016-05-02,2016,AIK,Jonkopings,0,0,D,U,1.57,3.99,5.61,4,,,,,,,,,,,,,,,,,,,,33.3,0.0,33.3,33.3,
2016-05-01,2016,Malmo FF,Hacken,3,0,H,O,1.5,4.22,6.1,4,,,,,,,,,,,,,,,,,,,,66.7,33.3,0.0,100.0,H
2016-05-01,2016,Hammarby,Sundsvall,1,1,D,U,1.66,3.84,4.92,4,,,,,,,,,,,,,,,,,,,,33.3,0.0,66.7,0.0,D
2016-05-01,2016,Falkenbergs,Elfsborg,1,2,A,O,4.35,3.69,1.76,4,,,,,,,,,,,,,,,,,,,,33.3,66.7,0.0,100.0,D
2016-04-28,2016,Sundsvall,Kalmar,1,1,D,U,2.24,3.34,3.12,3,,,,,,,,,,,,,,,,,,,,50.0,50.0,0.0,50.0,
2016-04-28,2016,Helsingborg,AIK,2,1,H,O,2.88,3.43,2.33,3,,,,,,,,,,,,,,,,,,,,50.0,50.0,50.0,50.0,
2016-04-28,2016,Hacken,Gefle,6,1,H,O,1.48,4.3,6.27,4,,,,,,,,,,,,,,,,,,,,33.3,66.7,50.0,50.0,
2016-04-28,2016,Elfsborg,Djurgarden,3,0,H,O,2.18,3.4,3.19,3,,,,,,,,,,,,,,,,,,,,50.0,50.0,66.7,33.3,
2016-04-27,2016,Ostersunds,Orebro,2,4,A,O,1.99,3.47,3.62,3,,,,,,,,,,,,,,,,,,,,50.0,50.0,50.0,50.0,
2016-04-27,2016,Jonkopings,Falkenbergs,1,1,D,U,1.73,3.74,4.58,3,,,,,,,,,,,,,,,,,,,,100.0,0.0,0.0,100.0,
2016-04-27,2016,Goteborg,Malmo FF,0,3,A,O,2.19,3.32,3.25,3,,,,,,,,,,,,,,,,,,,,50.0,0.0,50.0,50.0,
2016-04-26,2016,Norrkoping,Hammarby,3,1,H,O,1.97,3.5,3.69,3,,,,,,,,,,,,,,,,,,,,100.0,0.0,50.0,50.0,
2016-04-25,2016,Kalmar,Helsingborg,2,3,A,O,1.86,3.52,4.07,3,,,,,,,,,,,,,,,,,,,,50.0,50.0,0.0,50.0,
2016-04-25,2016,AIK,Elfsborg,2,1,H,O,2.08,3.54,3.3,3,,,,,,,,,,,,,,,,,,,,0.0,0.0,0.0,100.0,
2016-04-24,2016,Orebro,Goteborg,3,2,H,O,3.16,3.39,2.19,3,,,,,,,,,,,,,,,,,,,,50.0,50.0,50.0,0.0,D
2016-04-24,2016,Malmo FF,Djurgarden,1,0,H,U,1.7,3.75,4.76,3,,,,,,,,,,,,,,,,,,,,50.0,50.0,100.0,0.0,D
2016-04-24,2016,Hacken,Sundsvall,0,1,A,U,1.61,4.01,5.11,3,,,,,,,,,,,,,,,,,,,,50.0,50.0,50.0,0.0,A
2016-04-23,2016,Hammarby,Jonkopings,1,1,D,U,1.63,3.84,5.25,3,,,,,,,,,,,,,,,,,,,,50.0,0.0,50.0,50.0,D
2016-04-23,2016,Gefle,Ostersunds,0,0,D,U,3.33,3.39,2.13,3,,,,,,,,,,,,,,,,,,,,0.0,50.0,50.0,0.0,
2016-04-22,2016,Falkenbergs,Norrkoping,2,1,H,O,4.99,3.89,1.64,3,,,,,,,,,,,,,,,,,,,,0.0,100.0,50.0,50.0,
2016-04-19,2016,Djurgarden,Hammarby,1,3,A,O,2.11,3.43,3.32,2,,,,,,,,,,,,,,,,,,,,100.0,0.0,0.0,100.0,
2016-04-18,2016,Sundsvall,Orebro,3,1,H,O,2.4,3.34,2.86,2,,,,,,,,,,,,,,,,,,,,0.0,100.0,100.0,0.0,
2016-04-18,2016,Elfsborg,Malmo FF,0,1,A,U,2.87,3.37,2.38,2,,,,,,,,,,,,,,,,,,,,100.0,0.0,0.0,100.0,
2016-04-17,2016,Norrkoping,AIK,4,1,H,O,2.29,3.36,3.02,2,,,,,,,,,,,,,,,,,,,,100.0,0.0,100.0,0.0,H
2016-04-17,2016,Jonkopings,Gefle,1,0,H,U,1.8,3.54,4.39,2,,,,,,,,,,,,,,,,,,,,100.0,0.0,100.0,0.0,D
2016-04-17,2016,Goteborg,Kalmar,1,1,D,U,1.49,4.1,6.59,2,,,,,,,,,,,,,,,,,,,,100.0,0.0,0.0,100.0,A
2016-04-16,2016,Helsingborg,Falkenbergs,3,1,H,O,1.65,3.87,5.02,2,,,,,,,,,,,,,,,,,,,,0.0,100.0,0.0,100.0,A
2016-04-15,2016,Ostersunds,Hacken,2,1,H,O,2.23,3.35,3.13,2,,,,,,,,,,,,,,,,,,,,0.0,100.0,0.0,100.0,
2016-04-11,2016,Orebro,Jonkopings,2,1,H,O,1.89,3.49,4.01,2,,,,,,,,,,,,,,,,,,,,0.0,100.0,100.0,0.0,
2016-04-11,2016,Malmo FF,Sundsvall,1,2,A,O,1.26,5.6,10.94,2,,,,,,,,,,,,,,,,,,,,100.0,0.0,0.0,0.0,
2016-04-11,2016,AIK,Goteborg,3,3,D,O,2.62,3.13,2.74,2,,,,,,,,,,,,,,,,,,,,0.0,0.0,100.0,0.0,
2016-04-10,2016,Kalmar,Elfsborg,3,2,H,O,3.03,3.23,2.35,2,,,,,,,,,,,,,,,,,,,,0.0,100.0,0.0,100.0,H
2016-04-10,2016,Hammarby,Helsingborg,5,1,H,O,1.75,3.71,4.45,2,,,,,,,,,,,,,,,,,,,,0.0,0.0,0.0,0.0,H
2016-04-10,2016,Gefle,Djurgarden,1,2,A,O,4.08,3.51,1.87,2,,,,,,,,,,,,,,,,,,,,0.0,0.0,100.0,0.0,D
2016-04-10,2016,Falkenbergs,Ostersunds,1,2,A,O,3.12,3.27,2.27,2,,,,,,,,,,,,,,,,,,,,0.0,100.0,0.0,0.0,
2016-04-09,2016,Hacken,Norrkoping,1,2,A,O,2.31,3.4,2.93,2,,,,,,,,,,,,,,,,,,,,100.0,0.0,0.0,100.0,H
2016-04-07,2016,Sundsvall,Gefle,1,2,A,O,1.78,3.63,4.37,1,,,,,,,,,,,,,,,,,,,,,,,,
2016-04-07,2016,Ostersunds,AIK,0,2,A,U,2.58,3.16,2.75,1,,,,,,,,,,,,,,,,,,,,,,,,
2016-04-07,2016,Helsingborg,Orebro,1,3,A,O,2.17,3.36,3.22,1,,,,,,,,,,,,,,,,,,,,,,,,
2016-04-07,2016,Elfsborg,Hammarby,4,1,H,O,1.65,3.84,5.04,1,,,,,,,,,,,,,,,,,,,,,,,,
2016-04-07,2016,Djurgarden,Falkenbergs,5,0,H,O,1.32,5.03,9.06,1,,,,,,,,,,,,,,,,,,,,,,,,
2016-04-06,2016,Norrkoping,Kalmar,4,1,H,O,1.54,3.98,6.01,1,,,,,,,,,,,,,,,,,,,,,,,,
2016-04-06,2016,Jonkopings,Malmo FF,3,2,H,O,4.95,3.7,1.69,1,,,,,,,,,,,,,,,,,,,,,,,,
2016-04-06,2016,Goteborg,Hacken,1,0,H,U,1.72,3.72,4.69,1,,,,,,,,,,,,,,,,,,,,,,,,
2016-04-04,2016,Hammarby,Ostersunds,1,1,D,U,1.81,3.53,4.37,1,,,,,,,,,,,,,,,,,,,,,,,,
2016-04-03,2016,Orebro,Djurgarden,0,2,A,U,2.7,3.22,2.59,1,,,,,,,,,,,,,,,,,,,,,,,,A
2016-04-03,2016,Hacken,Elfsborg,2,1,H,O,2.11,3.45,3.31,1,,,,,,,,,,,,,,,,,,,,,,,,H
2016-04-03,2016,Gefle,Helsingborg,1,1,D,U,2.55,3.2,2.75,1,,,,,,,,,,,,,,,,,,,,,,,,A
2016-04-03,2016,Falkenbergs,Goteborg,0,2,A,U,5.28,3.76,1.64,1,,,,,,,,,,,,,,,,,,,,,,,,A
2016-04-03,2016,AIK,Sundsvall,1,1,D,U,1.49,4.21,6.39,1,,,,,,,,,,,,,,,,,,,,,,,,D
2016-04-02,2016,Malmo FF,Norrkoping,3,1,H,O,1.67,3.75,4.97,1,,,,,,,,,,,,,,,,,,,,,,,,D
2016-04-02,2016,Kalmar,Jonkopings,0,1,A,U,1.93,3.31,4.04,1,,,,,,,,,,,,,,,,,,,,,,,,A
2015-11-08,2015,Falkenbergs,Sirius,1,1,D,U,2.5,3.29,2.72,16,1.0,,3.0,,9.0,,,8.0,,,1.0,,,1.0,,,2.0,,,26.7,53.3,,,
2015-11-05,2015,Sirius,Falkenbergs,2,2,D,O,1.81,3.56,4.19,1,,1.0,,3.0,,7.0,,,10.0,,,-3.0,,,0.0,,,1.0,,,,20.0,73.3,
2015-10-31,2015,Orebro,AIK,1,1,D,U,3.13,3.55,2.14,15,4.0,3.0,0.0,1.0,10.0,7.0,3.0,4.0,3.0,1.0,6.0,4.0,2.0,2.0,2.0,0.0,0.0,0.0,0.0,42.9,28.6,35.7,28.6,
2015-10-31,2015,Malmo FF,Norrkoping,0,2,A,U,2.24,3.58,2.96,15,3.0,3.0,0.0,1.0,10.0,7.0,3.0,4.0,5.0,-1.0,6.0,2.0,4.0,2.0,0.0,2.0,0.0,0.0,0.0,64.3,7.1,57.1,14.3,
2015-10-31,2015,Helsingborg,Hacken,1,2,A,O,2.75,3.55,2.37,15,1.0,1.0,3.0,3.0,3.0,4.0,-1.0,8.0,8.0,0.0,-5.0,-4.0,-1.0,0.0,0.0,0.0,2.0,2.0,0.0,50.0,42.9,28.6,57.1,
2015-10-31,2015,Halmstad,Hammarby,2,1,H,O,3.52,3.53,2.01,15,0.0,2.0,2.0,1.0,2.0,6.0,-4.0,4.0,3.0,1.0,-2.0,3.0,-5.0,0.0,1.0,-1.0,0.0,0.0,0.0,21.4,57.1,14.3,42.9,
2015-10-31,2015,Goteborg,Kalmar,2,2,D,O,1.18,6.84,14.24,15,3.0,0.0,0.0,2.0,8.0,2.0,6.0,3.0,6.0,-3.0,5.0,-4.0,9.0,1.0,0.0,1.0,0.0,1.0,-1.0,71.4,7.1,14.3,64.3,
2015-10-31,2015,Gefle,Atvidabergs,2,1,H,O,1.75,3.81,4.31,15,2.0,1.0,1.0,3.0,7.0,2.0,5.0,6.0,12.0,-6.0,1.0,-10.0,11.0,0.0,0.0,0.0,0.0,3.0,-3.0,42.9,28.6,7.1,78.6,
2015-10-31,2015,Elfsborg,Falkenbergs,4,2,H,O,1.21,6.52,12.17,15,2.0,2.0,1.0,2.0,8.0,6.0,2.0,6.0,6.0,0.0,2.0,0.0,2.0,1.0,0.0,1.0,0.0,0.0,0.0,64.3,7.1,21.4,71.4,
2015-10-31,2015,Djurgarden,Sundsvall,4,2,H,O,1.4,4.79,7.04,15,1.0,1.0,1.0,3.0,8.0,6.0,2.0,8.0,12.0,-4.0,0.0,-6.0,6.0,1.0,0.0,1.0,1.0,2.0,-1.0,42.9,14.3,35.7,57.1,
2015-10-26,2015,Kalmar,Gefle,3,1,H,O,1.54,4.03,5.97,15,1.0,0.0,3.0,4.0,2.0,1.0,1.0,8.0,10.0,-2.0,-6.0,-9.0,3.0,0.0,0.0,0.0,2.0,3.0,-1.0,35.7,42.9,21.4,64.3,
2015-10-26,2015,Atvidabergs,Orebro,2,3,A,O,3.37,3.58,2.04,15,0.0,2.0,2.0,0.0,2.0,8.0,-6.0,6.0,5.0,1.0,-4.0,3.0,-7.0,0.0,1.0,-1.0,1.0,0.0,1.0,7.1,42.9,14.3,50.0,
2015-10-26,2015,AIK,Goteborg,1,2,A,O,2.42,3.3,2.87,15,4.0,2.0,0.0,0.0,7.0,6.0,1.0,3.0,4.0,-1.0,4.0,2.0,2.0,0.0,0.0,0.0,0.0,0.0,0.0,92.9,0.0,50.0,14.3,
2015-10-25,2015,Sundsvall,Helsingborg,2,1,H,O,2.13,3.63,3.11,15,1.0,1.0,3.0,2.0,2.0,9.0,-7.0,5.0,8.0,-3.0,-3.0,1.0,-4.0,0.0,1.0,-1.0,1.0,0.0,1.0,21.4,50.0,28.6,50.0,H
2015-10-25,2015,Norrkoping,Halmstad,3,1,H,O,1.13,8.21,17.69,15,4.0,0.0,0.0,3.0,15.0,4.0,11.0,6.0,10.0,-4.0,9.0,-6.0,15.0,3.0,0.0,3.0,0.0,2.0,-2.0,71.4,14.3,0.0,57.1,
2015-10-25,2015,Hammarby,Malmo FF,0,1,A,U,3.17,3.46,2.18,15,2.0,2.0,2.0,1.0,6.0,6.0,0.0,6.0,2.0,4.0,0.0,4.0,-4.0,1.0,2.0,-1.0,1.0,0.0,1.0,42.9,35.7,35.7,28.6,D
2015-10-25,2015,Hacken,Elfsborg,5,2,H,O,2.6,3.48,2.54,15,4.0,1.0,0.0,2.0,11.0,7.0,4.0,2.0,7.0,-5.0,9.0,0.0,9.0,3.0,1.0,2.0,0.0,1.0,-1.0,50.0,21.4,42.9,35.7,
2015-10-24,2015,Falkenbergs,Djurgarden,0,2,A,U,2.91,3.52,2.28,15,1.0,1.0,3.0,3.0,9.0,6.0,3.0,7.0,8.0,-1.0,2.0,-2.0,4.0,1.0,1.0,0.0,1.0,2.0,-1.0,28.6,50.0,42.9,35.7,D
2015-10-19,2015,Hacken,Sundsvall,3,1,H,O,1.71,3.86,4.48,14,3.0,2.0,0.0,2.0,9.0,7.0,2.0,2.0,9.0,-7.0,7.0,-2.0,9.0,2.0,1.0,1.0,0.0,1.0,-1.0,46.2,23.1,38.5,53.8,
2015-10-19,2015,Gefle,Orebro,2,2,D,O,2.81,3.36,2.43,14,2.0,2.0,2.0,1.0,6.0,6.0,0.0,6.0,4.0,2.0,0.0,2.0,-2.0,0.0,1.0,-1.0,0.0,0.0,0.0,46.2,30.8,15.4,53.8,
2015-10-19,2015,Elfsborg,Norrkoping,3,2,H,O,2.35,3.51,2.82,14,2.0,3.0,1.0,0.0,7.0,6.0,1.0,4.0,3.0,1.0,3.0,3.0,0.0,2.0,0.0,2.0,0.0,0.0,0.0,61.5,7.7,61.5,7.7,
2015-10-19,2015,Djurgarden,Goteborg,2,2,D,O,3.15,3.33,2.24,14,1.0,2.0,1.0,1.0,8.0,5.0,3.0,8.0,4.0,4.0,0.0,1.0,-1.0,1.0,0.0,1.0,1.0,0.0,1.0,46.2,15.4,53.8,15.4,
2015-10-18,2015,Hammarby,Helsingborg,1,4,A,O,1.58,4.11,5.32,14,2.0,1.0,1.0,2.0,5.0,8.0,-3.0,2.0,9.0,-7.0,3.0,-1.0,4.0,1.0,0.0,1.0,0.0,0.0,0.0,46.2,30.8,23.1,53.8,A
2015-10-18,2015,Halmstad,AIK,0,1,A,U,4.64,3.78,1.71,14,0.0,3.0,1.0,1.0,2.0,8.0,-6.0,3.0,4.0,-1.0,-1.0,4.0,-5.0,0.0,2.0,-2.0,0.0,0.0,0.0,23.1,53.8,30.8,30.8,D
2015-10-18,2015,Falkenbergs,Atvidabergs,6,0,H,O,1.9,3.61,3.8,14,0.0,1.0,4.0,3.0,3.0,2.0,1.0,8.0,7.0,1.0,-5.0,-5.0,0.0,0.0,0.0,0.0,1.0,2.0,-1.0,23.1,53.8,7.7,76.9,H
2015-10-17,2015,Malmo FF,Kalmar,3,0,H,O,1.37,4.77,7.76,14,3.0,0.0,0.0,2.0,9.0,3.0,6.0,5.0,5.0,0.0,4.0,-2.0,6.0,1.0,0.0,1.0,0.0,0.0,0.0,61.5,7.7,15.4,61.5,D
2015-10-04,2015,Norrkoping,Hacken,3,1,H,O,1.5,4.28,5.99,14,3.0,1.0,1.0,3.0,13.0,3.0,10.0,7.0,9.0,-2.0,6.0,-6.0,12.0,2.0,0.0,2.0,0.0,2.0,-2.0,69.2,15.4,30.8,53.8,D
2015-10-04,2015,Kalmar,Djurgarden,0,3,A,O,2.96,3.19,2.4,14,1.0,0.0,3.0,4.0,2.0,3.0,-1.0,7.0,9.0,-2.0,-5.0,-6.0,1.0,0.0,0.0,0.0,2.0,2.0,0.0,38.5,38.5,38.5,38.5,A
2015-10-04,2015,Helsingborg,Elfsborg,2,1,H,O,3.57,3.62,1.95,14,1.0,2.0,3.0,1.0,3.0,9.0,-6.0,7.0,7.0,0.0,-4.0,2.0,-6.0,1.0,1.0,0.0,2.0,1.0,1.0,46.2,46.2,46.2,30.8,H
2015-10-04,2015,Goteborg,Halmstad,1,1,D,U,1.19,6.46,14.29,14,4.0,0.0,0.0,4.0,11.0,3.0,8.0,2.0,11.0,-9.0,9.0,-8.0,17.0,2.0,0.0,2.0,0.0,3.0,-3.0,76.9,7.7,0.0,61.5,A
2015-10-04,2015,AIK,Malmo FF,2,1,H,O,2.61,3.32,2.61,14,4.0,2.0,0.0,1.0,6.0,5.0,1.0,2.0,1.0,1.0,4.0,4.0,0.0,0.0,2.0,-2.0,0.0,0.0,0.0,92.3,0.0,38.5,23.1,D
2015-10-03,2015,Sundsvall,Gefle,2,1,H,O,1.77,3.64,4.42,14,1.0,0.0,3.0,3.0,1.0,1.0,0.0,4.0,9.0,-5.0,-3.0,-8.0,5.0,0.0,0.0,0.0,1.0,3.0,-2.0,15.4,53.8,23.1,61.5,H
2015-10-03,2015,Orebro,Falkenbergs,2,1,H,O,1.63,3.84,5.17,14,3.0,2.0,1.0,2.0,9.0,5.0,4.0,6.0,5.0,1.0,3.0,0.0,3.0,2.0,0.0,2.0,1.0,0.0,1.0,38.5,30.8,23.1,69.2,D
2015-10-02,2015,Atvidabergs,Hammarby,0,3,A,O,3.18,3.36,2.19,14,0.0,1.0,1.0,2.0,4.0,3.0,1.0,5.0,6.0,-1.0,-1.0,-3.0,2.0,0.0,0.0,0.0,0.0,1.0,-1.0,7.7,38.5,7.7,46.2,
2015-09-28,2015,Orebro,Kalmar,2,1,H,O,1.91,3.49,3.89,13,2.0,1.0,2.0,1.0,7.0,4.0,3.0,6.0,4.0,2.0,1.0,0.0,1.0,2.0,0.0,2.0,1.0,0.0,1.0,33.3,33.3,16.7,58.3,
2015-09-28,2015,Goteborg,Sundsvall,3,2,H,O,1.26,5.57,10.74,13,4.0,2.0,0.0,2.0,14.0,5.0,9.0,0.0,9.0,-9.0,14.0,-4.0,18.0,3.0,1.0,2.0,0.0,2.0,-2.0,75.0,8.3,41.7,50.0,
2015-09-28,2015,Elfsborg,Atvidabergs,3,1,H,O,1.3,5.28,9.25,13,2.0,1.0,1.0,2.0,6.0,1.0,5.0,3.0,4.0,-1.0,3.0,-3.0,6.0,2.0,0.0,2.0,0.0,1.0,-1.0,58.3,8.3,8.3,75.0,
2015-09-28,2015,Djurgarden,Helsingborg,2,2,D,O,1.45,4.49,6.53,13,2.0,2.0,1.0,2.0,8.0,8.0,0.0,7.0,8.0,-1.0,1.0,0.0,1.0,1.0,0.0,1.0,1.0,0.0,1.0,50.0,16.7,25.0,58.3,
2015-09-27,2015,Hammarby,AIK,1,0,H,U,2.66,3.34,2.56,13,1.0,4.0,1.0,0.0,4.0,10.0,-6.0,2.0,4.0,-2.0,2.0,6.0,-4.0,1.0,2.0,-1.0,0.0,0.0,0.0,41.7,33.3,33.3,25.0,D
2015-09-27,2015,Gefle,Norrkoping,1,2,A,O,5.71,3.96,1.57,13,2.0,3.0,2.0,0.0,7.0,7.0,0.0,7.0,3.0,4.0,0.0,4.0,-4.0,0.0,1.0,-1.0,0.0,0.0,0.0,50.0,25.0,58.3,8.3,D
2015-09-27,2015,Falkenbergs,Hacken,1,2,A,O,3.41,3.49,2.05,13,0.0,0.0,4.0,4.0,4.0,2.0,2.0,9.0,10.0,-1.0,-5.0,-8.0,3.0,0.0,0.0,0.0,1.0,2.0,-1.0,25.0,50.0,25.0,58.3,A
2015-09-26,2015,Halmstad,Malmo FF,0,0,D,U,7.07,4.54,1.42,13,0.0,2.0,2.0,1.0,2.0,7.0,-5.0,4.0,3.0,1.0,-2.0,4.0,-6.0,0.0,2.0,-2.0,0.0,0.0,0.0,25.0,58.3,41.7,25.0,D
2015-09-24,2015,Helsingborg,Orebro,0,2,A,U,2.12,3.56,3.17,13,1.0,1.0,3.0,2.0,4.0,4.0,0.0,7.0,10.0,-3.0,-3.0,-6.0,3.0,1.0,0.0,1.0,1.0,1.0,0.0,50.0,41.7,8.3,58.3,
2015-09-24,2015,Hacken,Atvidabergs,3,0,H,O,1.43,4.43,7.09,13,3.0,1.0,0.0,1.0,9.0,1.0,8.0,2.0,1.0,1.0,7.0,0.0,7.0,2.0,0.0,2.0,0.0,0.0,0.0,41.7,25.0,9.1,72.7,
2015-09-24,2015,Elfsborg,Goteborg,1,1,D,U,2.52,3.26,2.73,12,3.0,2.0,1.0,2.0,6.0,4.0,2.0,2.0,4.0,-2.0,4.0,0.0,4.0,2.0,0.0,2.0,0.0,0.0,0.0,63.6,9.1,58.3,16.7,
2015-09-23,2015,Sundsvall,AIK,0,2,A,U,3.12,3.37,2.22,13,2.0,3.0,2.0,1.0,4.0,9.0,-5.0,2.0,7.0,-5.0,2.0,2.0,0.0,1.0,1.0,0.0,0.0,1.0,-1.0,16.7,50.0,27.3,27.3,
2015-09-23,2015,Norrkoping,Djurgarden,4,2,H,O,1.89,3.55,3.91,13,2.0,1.0,1.0,3.0,11.0,2.0,9.0,7.0,5.0,2.0,4.0,-3.0,7.0,1.0,0.0,1.0,0.0,1.0,-1.0,66.7,16.7,41.7,33.3,
2015-09-23,2015,Malmo FF,Falkenbergs,4,3,H,O,1.17,7.03,14.29,13,3.0,2.0,0.0,2.0,8.0,2.0,6.0,2.0,5.0,-3.0,6.0,-3.0,9.0,2.0,0.0,2.0,0.0,1.0,-1.0,58.3,8.3,25.0,66.7,
2015-09-23,2015,Kalmar,Halmstad,1,0,H,U,1.97,3.41,3.77,13,1.0,0.0,3.0,4.0,5.0,3.0,2.0,7.0,12.0,-5.0,-2.0,-9.0,7.0,1.0,0.0,1.0,2.0,4.0,-2.0,33.3,41.7,0.0,58.3,
2015-09-23,2015,Hammarby,Gefle,3,0,H,O,1.56,3.99,5.77,12,0.0,1.0,2.0,2.0,1.0,2.0,-1.0,3.0,6.0,-3.0,-2.0,-4.0,2.0,0.0,0.0,0.0,0.0,2.0,-2.0,36.4,36.4,25.0,58.3,
2015-09-21,2015,Orebro,Elfsborg,4,2,H,O,3.13,3.42,2.18,12,1.0,2.0,2.0,0.0,4.0,7.0,-3.0,5.0,3.0,2.0,-1.0,4.0,-5.0,1.0,1.0,0.0,1.0,0.0,1.0,27.3,36.4,50.0,25.0,
2015-09-20,2015,Norrkoping,Sundsvall,5,1,H,O,1.39,4.75,7.39,12,2.0,2.0,1.0,2.0,9.0,5.0,4.0,7.0,8.0,-1.0,2.0,-3.0,5.0,1.0,1.0,0.0,0.0,2.0,-2.0,63.6,18.2,45.5,45.5,H
2015-09-20,2015,Goteborg,Hammarby,1,0,H,U,1.49,4.12,6.42,12,3.0,1.0,0.0,1.0,13.0,6.0,7.0,0.0,8.0,-8.0,13.0,-2.0,15.0,3.0,0.0,3.0,0.0,1.0,-1.0,72.7,9.1,8.3,41.7,D
2015-09-20,2015,Gefle,Helsingborg,2,1,H,O,2.18,3.38,3.19,12,2.0,2.0,2.0,2.0,6.0,9.0,-3.0,6.0,9.0,-3.0,0.0,0.0,0.0,0.0,0.0,0.0,0.0,0.0,0.0,45.5,27.3,27.3,54.5,H
2015-09-20,2015,Djurgarden,Malmo FF,0,2,A,U,2.86,3.38,2.36,12,2.0,1.0,0.0,1.0,8.0,6.0,2.0,5.0,4.0,1.0,3.0,2.0,1.0,1.0,1.0,0.0,0.0,0.0,0.0,54.5,9.1,36.4,27.3,D
2015-09-20,2015,Atvidabergs,Kalmar,1,1,D,U,2.57,3.19,2.73,13,0.0,1.0,2.0,2.0,4.0,3.0,1.0,6.0,6.0,0.0,-2.0,-3.0,1.0,0.0,0.0,0.0,0.0,1.0,-1.0,8.3,41.7,18.2,63.6,A
2015-09-19,2015,AIK,Hacken,2,1,H,O,1.79,3.78,4.08,13,4.0,0.0,0.0,4.0,8.0,1.0,7.0,3.0,9.0,-6.0,5.0,-8.0,13.0,1.0,0.0,1.0,0.0,2.0,-2.0,91.7,0.0,27.3,54.5,H
2015-09-18,2015,Halmstad,Falkenbergs,0,1,A,U,2.22,3.35,3.13,12,1.0,1.0,1.0,3.0,3.0,1.0,2.0,3.0,8.0,-5.0,0.0,-7.0,7.0,0.0,0.0,0.0,0.0,2.0,-2.0,27.3,54.5,18.2,72.7,
2015-09-14,2015,Sundsvall,Atvidabergs,0,1,A,U,1.86,3.48,4.11,12,2.0,0.0,1.0,2.0,4.0,0.0,4.0,1.0,4.0,-3.0,3.0,-4.0,7.0,1.0,0.0,1.0,0.0,1.0,-1.0,18.2,45.5,0.0,80.0,
2015-09-14,2015,Hacken,Halmstad,4,1,H,O,1.43,4.5,6.98,12,2.0,0.0,0.0,3.0,8.0,2.0,6.0,4.0,8.0,-4.0,4.0,-6.0,10.0,1.0,0.0,1.0,0.0,3.0,-3.0,36.4,27.3,0.0,54.5,
2015-09-14,2015,Gefle,Djurgarden,2,1,H,O,4.21,3.52,1.83,11,1.0,2.0,2.0,2.0,5.0,2.0,3.0,6.0,3.0,3.0,-1.0,-1.0,0.0,0.0,0.0,0.0,0.0,1.0,-1.0,40.0,30.0,45.5,27.3,
2015-09-13,2015,Helsingborg,Goteborg,1,2,A,O,4.03,3.57,1.85,12,2.0,1.0,2.0,2.0,6.0,4.0,2.0,6.0,5.0,1.0,0.0,-1.0,1.0,2.0,0.0,2.0,1.0,0.0,1.0,54.5,36.4,54.5,18.2,H
2015-09-13,2015,Hammarby,Orebro,1,2,A,O,1.74,3.66,4.56,11,1.0,0.0,1.0,2.0,3.0,4.0,-1.0,1.0,11.0,-10.0,2.0,-7.0,9.0,1.0,0.0,1.0,0.0,1.0,-1.0,40.0,30.0,0.0,63.6,A
2015-09-12,2015,Malmo FF,Elfsborg,1,1,D,U,1.77,3.69,4.32,12,3.0,2.0,0.0,1.0,9.0,8.0,1.0,3.0,6.0,-3.0,6.0,2.0,4.0,2.0,1.0,1.0,0.0,1.0,-1.0,63.6,9.1,54.5,27.3,A
2015-09-12,2015,Falkenbergs,AIK,2,4,A,O,4.83,3.86,1.66,12,1.0,2.0,3.0,1.0,3.0,5.0,-2.0,5.0,5.0,0.0,-2.0,0.0,-2.0,0.0,0.0,0.0,0.0,1.0,-1.0,27.3,45.5,20.0,30.0,A
2015-09-11,2015,Kalmar,Norrkoping,1,2,A,O,3.03,3.3,2.29,12,1.0,3.0,2.0,0.0,4.0,6.0,-2.0,5.0,2.0,3.0,-1.0,4.0,-5.0,1.0,1.0,0.0,2.0,0.0,2.0,36.4,36.4,54.5,9.1,
2015-08-30,2015,Helsingborg,Malmo FF,0,3,A,O,4.49,3.89,1.71,11,2.0,0.0,2.0,2.0,6.0,4.0,2.0,4.0,7.0,-3.0,2.0,-3.0,5.0,2.0,0.0,2.0,0.0,1.0,-1.0,60.0,30.0,30.0,30.0,A
2015-08-30,2015,Goteborg,Gefle,3,0,H,O,1.22,5.9,12.47,11,3.0,1.0,0.0,1.0,11.0,3.0,8.0,0.0,4.0,-4.0,11.0,-1.0,12.0,2.0,0.0,2.0,0.0,1.0,-1.0,70.0,10.0,27.3,54.5,H
2015-08-30,2015,Elfsborg,Sundsvall,1,2,A,O,1.29,5.45,9.33,11,4.0,1.0,0.0,3.0,10.0,3.0,7.0,1.0,8.0,-7.0,9.0,-5.0,14.0,3.0,1.0,2.0,0.0,2.0,-2.0,70.0,0.0,40.0,50.0,A
2015-08-30,2015,AIK,Atvidabergs,1,0,H,U,1.26,5.65,10.79,12,4.0,0.0,0.0,2.0,11.0,0.0,11.0,4.0,6.0,-2.0,7.0,-6.0,13.0,2.0,0.0,2.0,0.0,2.0,-2.0,90.9,0.0,0.0,77.8,H
2015-08-29,2015,Orebro,Hacken,2,0,H,U,2.74,3.35,2.46,11,0.0,0.0,2.0,3.0,3.0,2.0,1.0,6.0,8.0,-2.0,-3.0,-6.0,3.0,0.0,0.0,0.0,1.0,1.0,0.0,20.0,40.0,30.0,50.0,H
2015-08-29,2015,Falkenbergs,Norrkoping,0,1,A,U,4.32,3.72,1.76,11,1.0,2.0,2.0,0.0,5.0,5.0,0.0,6.0,2.0,4.0,-1.0,3.0,-4.0,0.0,1.0,-1.0,0.0,0.0,0.0,30.0,40.0,50.0,10.0,D
2015-08-29,2015,Djurgarden,Halmstad,4,2,H,O,1.35,4.76,8.78,11,2.0,0.0,0.0,2.0,6.0,0.0,6.0,3.0,4.0,-1.0,3.0,-4.0,7.0,1.0,0.0,1.0,0.0,2.0,-2.0,50.0,10.0,0.0,50.0,D
2015-08-28,2015,Hammarby,Kalmar,0,0,D,U,1.87,3.49,4.06,10,1.0,1.0,2.0,3.0,3.0,3.0,0.0,2.0,7.0,-5.0,1.0,-4.0,5.0,1.0,0.0,1.0,0.0,1.0,-1.0,44.4,33.3,20.0,70.0,
2015-08-24,2015,Sundsvall,Falkenbergs,0,1,A,U,1.75,3.65,4.43,11,2.0,0.0,0.0,4.0,6.0,0.0,6.0,2.0,10.0,-8.0,4.0,-10.0,14.0,1.0,0.0,1.0,0.0,3.0,-3.0,20.0,40.0,10.0,80.0,
2015-08-24,2015,Norrkoping,Helsingborg,3,2,H,O,1.54,4.18,5.46,11,2.0,2.0,1.0,1.0,8.0,7.0,1.0,5.0,6.0,-1.0,3.0,1.0,2.0,2.0,0.0,2.0,0.0,0.0,0.0,60.0,20.0,30.0,50.0,
2015-08-24,2015,Djurgarden,Hammarby,2,2,D,O,2.0,3.43,3.61,10,2.0,1.0,0.0,1.0,5.0,5.0,0.0,2.0,7.0,-5.0,3.0,-2.0,5.0,1.0,0.0,1.0,0.0,1.0,-1.0,55.6,11.1,9.1,45.5,
2015-08-23,2015,Kalmar,Elfsborg,0,3,A,O,3.19,3.27,2.22,11,1.0,1.0,1.0,1.0,6.0,7.0,-1.0,4.0,8.0,-4.0,2.0,-1.0,3.0,1.0,0.0,1.0,1.0,1.0,0.0,40.0,30.0,50.0,30.0,D
2015-08-23,2015,Halmstad,Orebro,2,2,D,O,2.62,3.19,2.67,11,2.0,0.0,1.0,3.0,2.0,2.0,0.0,1.0,11.0,-10.0,1.0,-9.0,10.0,0.0,0.0,0.0,0.0,2.0,-2.0,30.0,60.0,0.0,70.0,A
2015-08-23,2015,Gefle,AIK,1,2,A,O,4.67,3.7,1.71,10,1.0,1.0,2.0,1.0,5.0,3.0,2.0,6.0,4.0,2.0,-1.0,-1.0,0.0,0.0,0.0,0.0,0.0,1.0,-1.0,44.4,22.2,11.1,33.3,A
2015-08-23,2015,Atvidabergs,Goteborg,0,1,A,U,6.08,4.03,1.53,12,0.0,0.0,1.0,2.0,5.0,5.0,0.0,6.0,7.0,-1.0,-1.0,-2.0,1.0,0.0,0.0,0.0,0.0,0.0,0.0,9.1,36.4,50.0,20.0,D
2015-08-22,2015,Hacken,Malmo FF,1,0,H,U,2.95,3.44,2.28,11,2.0,1.0,0.0,1.0,10.0,6.0,4.0,6.0,7.0,-1.0,4.0,-1.0,5.0,1.0,0.0,1.0,0.0,1.0,-1.0,30.0,30.0,33.3,22.2,D
2015-08-17,2015,Helsingborg,Halmstad,2,0,H,U,1.77,3.71,4.28,10,2.0,0.0,2.0,1.0,7.0,1.0,6.0,4.0,3.0,1.0,3.0,-2.0,5.0,2.0,0.0,2.0,0.0,1.0,-1.0,55.6,33.3,0.0,44.4,
2015-08-17,2015,Falkenbergs,Hammarby,0,1,A,U,3.2,3.47,2.13,10,1.0,0.0,1.0,1.0,6.0,6.0,0.0,6.0,9.0,-3.0,0.0,-3.0,3.0,0.0,0.0,0.0,0.0,1.0,-1.0,33.3,33.3,0.0,50.0,
2015-08-17,2015,Atvidabergs,Norrkoping,1,1,D,U,4.7,3.86,1.68,11,0.0,2.0,1.0,0.0,4.0,5.0,-1.0,5.0,2.0,3.0,-1.0,3.0,-4.0,0.0,1.0,-1.0,0.0,0.0,0.0,10.0,40.0,55.6,11.1,
2015-08-16,2015,Goteborg,Hacken,4,0,H,O,1.71,3.67,4.7,10,2.0,0.0,0.0,3.0,7.0,2.0,5.0,0.0,6.0,-6.0,7.0,-4.0,11.0,1.0,0.0,1.0,0.0,1.0,-1.0,66.7,11.1,33.3,44.4,H
2015-08-16,2015,Elfsborg,Djurgarden,2,0,H,U,1.79,3.69,4.21,10,3.0,2.0,0.0,1.0,10.0,3.0,7.0,3.0,2.0,1.0,7.0,1.0,6.0,2.0,0.0,2.0,0.0,0.0,0.0,66.7,0.0,50.0,20.0,H
2015-08-16,2015,AIK,Kalmar,2,1,H,O,1.6,3.92,5.33,11,4.0,1.0,0.0,2.0,13.0,3.0,10.0,6.0,6.0,0.0,7.0,-3.0,10.0,2.0,0.0,2.0,0.0,1.0,-1.0,90.0,0.0,22.2,66.7,H
2015-08-15,2015,Sundsvall,Orebro,1,0,H,U,2.03,3.47,3.45,10,1.0,0.0,0.0,2.0,6.0,4.0,2.0,3.0,12.0,-9.0,3.0,-8.0,11.0,1.0,0.0,1.0,0.0,2.0,-2.0,11.1,44.4,0.0,66.7,
2015-08-15,2015,Malmo FF,Gefle,2,0,H,U,1.21,6.3,12.16,11,2.0,1.0,0.0,1.0,8.0,4.0,4.0,4.0,7.0,-3.0,4.0,-3.0,7.0,1.0,0.0,1.0,0.0,1.0,-1.0,60.0,10.0,30.0,50.0,H
2015-08-12,2015,Gefle,Elfsborg,2,3,A,O,4.35,3.6,1.79,9,2.0,0.0,1.0,2.0,5.0,4.0,1.0,3.0,7.0,-4.0,2.0,-3.0,5.0,1.0,0.0,1.0,0.0,1.0,-1.0,50.0,12.5,44.4,33.3,
2015-08-10,2015,Kalmar,Sundsvall,0,2,A,U,1.68,3.7,4.93,10,2.0,0.0,0.0,3.0,8.0,2.0,6.0,3.0,9.0,-6.0,5.0,-7.0,12.0,1.0,0.0,1.0,0.0,2.0,-2.0,44.4,22.2,33.3,55.6,
2015-08-10,2015,AIK,Djurgarden,1,0,H,U,2.18,3.34,3.22,10,4.0,2.0,0.0,0.0,15.0,3.0,12.0,7.0,1.0,6.0,8.0,2.0,6.0,3.0,0.0,3.0,0.0,0.0,0.0,88.9,0.0,55.6,11.1,
2015-08-09,2015,Orebro,Norrkoping,1,3,A,O,3.36,3.52,2.05,10,0.0,2.0,1.0,0.0,2.0,3.0,-1.0,3.0,1.0,2.0,-1.0,2.0,-3.0,0.0,0.0,0.0,0.0,0.0,0.0,22.2,33.3,50.0,12.5,A
2015-08-09,2015,Malmo FF,Goteborg,2,1,H,O,1.97,3.46,3.68,10,2.0,1.0,0.0,1.0,9.0,5.0,4.0,3.0,5.0,-2.0,6.0,0.0,6.0,2.0,0.0,2.0,0.0,0.0,0.0,55.6,11.1,55.6,11.1,H
2015-08-09,2015,Hammarby,Elfsborg,0,0,D,U,2.8,3.41,2.39,9,1.0,1.0,2.0,2.0,5.0,6.0,-1.0,4.0,8.0,-4.0,1.0,-2.0,3.0,1.0,0.0,1.0,0.0,1.0,-1.0,50.0,37.5,50.0,37.5,D
2015-08-09,2015,Halmstad,Atvidabergs,0,0,D,U,1.92,3.43,3.91,10,2.0,0.0,2.0,3.0,3.0,1.0,2.0,3.0,8.0,-5.0,0.0,-7.0,7.0,0.0,0.0,0.0,0.0,2.0,-2.0,33.3,66.7,0.0,87.5,D
2015-08-08,2015,Hacken,Gefle,1,1,D,U,1.46,4.29,6.81,10,2.0,1.0,0.0,2.0,9.0,3.0,6.0,5.0,7.0,-2.0,4.0,-4.0,8.0,1.0,0.0,1.0,0.0,1.0,-1.0,33.3,33.3,33.3,55.6,A
2015-08-08,2015,Falkenbergs,Helsingborg,2,3,A,O,2.75,3.34,2.46,9,1.0,1.0,1.0,2.0,5.0,5.0,0.0,6.0,7.0,-1.0,-1.0,-2.0,1.0,0.0,0.0,0.0,1.0,1.0,0.0,37.5,25.0,22.2,55.6,A
2015-08-03,2015,Sundsvall,Hammarby,3,0,H,O,2.69,3.32,2.54,9,0.0,0.0,1.0,1.0,3.0,6.0,-3.0,4.0,7.0,-3.0,-1.0,-1.0,0.0,0.0,0.0,0.0,0.0,0.0,0.0,0.0,50.0,0.0,44.4,
2015-08-02,2015,Norrkoping,AIK,1,2,A,O,2.08,3.55,3.27,10,3.0,0.0,0.0,1.0,9.0,3.0,6.0,4.0,5.0,-1.0,5.0,-2.0,7.0,2.0,0.0,2.0,0.0,1.0,-1.0,66.7,11.1,0.0,37.5,A
2015-08-02,2015,Goteborg,Orebro,6,0,H,O,1.38,4.55,8.2,9,2.0,0.0,0.0,2.0,4.0,4.0,0.0,0.0,8.0,-8.0,4.0,-4.0,8.0,1.0,0.0,1.0,0.0,2.0,-2.0,62.5,12.5,0.0,62.5,H
2015-08-02,2015,Elfsborg,Halmstad,2,0,H,U,1.29,5.2,10.13,9,3.0,0.0,0.0,0.0,10.0,3.0,7.0,4.0,3.0,1.0,6.0,0.0,6.0,1.0,0.0,1.0,0.0,0.0,0.0,62.5,0.0,0.0,37.5,H
2015-08-01,2015,Gefle,Falkenbergs,1,0,H,U,2.02,3.31,3.68,8,2.0,0.0,1.0,4.0,7.0,3.0,4.0,4.0,13.0,-9.0,3.0,-10.0,13.0,2.0,0.0,2.0,0.0,3.0,-3.0,42.9,14.3,11.1,77.8,H
2015-08-01,2015,Djurgarden,Hacken,2,1,H,O,1.66,3.85,4.84,9,1.0,1.0,0.0,2.0,5.0,4.0,1.0,3.0,4.0,-1.0,2.0,0.0,2.0,1.0,1.0,0.0,0.0,1.0,-1.0,50.0,12.5,37.5,37.5,H
2015-08-01,2015,Atvidabergs,Malmo FF,2,2,D,O,5.37,4.06,1.58,10,0.0,1.0,1.0,2.0,3.0,5.0,-2.0,4.0,7.0,-3.0,-1.0,-2.0,1.0,0.0,0.0,0.0,0.0,1.0,-1.0,11.1,44.4,37.5,25.0,H
2015-07-31,2015,Helsingborg,Kalmar,1,2,A,O,2.15,3.36,3.27,9,3.0,0.0,1.0,3.0,7.0,2.0,5.0,2.0,7.0,-5.0,5.0,-5.0,10.0,2.0,0.0,2.0,0.0,1.0,-1.0,62.5,25.0,12.5,75.0,
2015-07-27,2015,Orebro,Djurgarden,0,1,A,U,3.38,3.32,2.12,9,1.0,2.0,0.0,0.0,3.0,5.0,-2.0,2.0,3.0,-1.0,1.0,2.0,-1.0,0.0,0.0,0.0,0.0,0.0,0.0,25.0,25.0,50.0,12.5,
2015-07-27,2015,Hammarby,Norrkoping,0,1,A,U,2.29,3.38,2.96,8,1.0,1.0,2.0,0.0,6.0,4.0,2.0,5.0,3.0,2.0,1.0,1.0,0.0,1.0,0.0,1.0,0.0,0.0,0.0,57.1,28.6,42.9,14.3,
2015-07-27,2015,Halmstad,Gefle,0,1,A,U,1.95,3.36,3.92,9,2.0,1.0,2.0,2.0,5.0,4.0,1.0,5.0,8.0,-3.0,0.0,-4.0,4.0,0.0,0.0,0.0,0.0,1.0,-1.0,37.5,62.5,25.0,62.5,
2015-07-26,2015,Falkenbergs,Goteborg,1,0,H,U,5.63,3.96,1.57,8,1.0,2.0,1.0,0.0,5.0,7.0,-2.0,6.0,5.0,1.0,-1.0,2.0,-3.0,0.0,0.0,0.0,1.0,0.0,1.0,28.6,28.6,62.5,0.0,H
2015-07-26,2015,AIK,Elfsborg,4,2,H,O,2.31,3.31,3.03,9,3.0,2.0,0.0,1.0,13.0,5.0,8.0,7.0,4.0,3.0,6.0,1.0,5.0,2.0,0.0,2.0,0.0,0.0,0.0,87.5,0.0,57.1,28.6,H
2015-07-25,2015,Malmo FF,Sundsvall,3,0,H,O,1.3,5.44,9.07,9,1.0,0.0,1.0,3.0,6.0,3.0,3.0,6.0,9.0,-3.0,0.0,-6.0,6.0,1.0,0.0,1.0,1.0,2.0,-1.0,50.0,12.5,37.5,50.0,H
2015-07-25,2015,Hacken,Kalmar,3,0,H,O,1.87,3.54,4.0,9,1.0,1.0,1.0,2.0,6.0,5.0,1.0,7.0,5.0,2.0,-1.0,0.0,-1.0,0.0,1.0,-1.0,1.0,0.0,1.0,25.0,37.5,14.3,71.4,D
2015-07-25,2015,Atvidabergs,Helsingborg,1,2,A,O,2.5,3.32,2.73,9,0.0,0.0,1.0,3.0,3.0,4.0,-1.0,4.0,8.0,-4.0,-1.0,-4.0,3.0,0.0,0.0,0.0,0.0,1.0,-1.0,12.5,37.5,12.5,62.5,A
2015-07-20,2015,Hacken,Hammarby,3,3,D,O,2.0,3.45,3.59,8,2.0,0.0,1.0,2.0,5.0,3.0,2.0,4.0,5.0,-1.0,1.0,-2.0,3.0,1.0,0.0,1.0,1.0,0.0,1.0,28.6,42.9,0.0,50.0,
2015-07-20,2015,Djurgarden,Atvidabergs,0,0,D,U,1.25,5.65,10.85,8,2.0,0.0,0.0,4.0,10.0,2.0,8.0,4.0,10.0,-6.0,6.0,-8.0,14.0,2.0,0.0,2.0,0.0,2.0,-2.0,57.1,14.3,0.0,100.0,
2015-07-19,2015,Norrkoping,Goteborg,2,2,D,O,2.75,3.17,2.58,9,4.0,3.0,0.0,0.0,8.0,7.0,1.0,2.0,3.0,-1.0,6.0,4.0,2.0,2.0,1.0,1.0,0.0,0.0,0.0,75.0,12.5,71.4,0.0,D
2015-07-19,2015,Helsingborg,AIK,3,1,H,O,3.35,3.39,2.12,8,2.0,0.0,2.0,1.0,5.0,2.0,3.0,3.0,5.0,-2.0,2.0,-3.0,5.0,1.0,0.0,1.0,0.0,1.0,-1.0,57.1,28.6,0.0,28.6,H
2015-07-18,2015,Sundsvall,Halmstad,0,0,D,U,1.95,3.51,3.71,8,0.0,0.0,2.0,1.0,3.0,3.0,0.0,5.0,4.0,1.0,-2.0,-1.0,-1.0,0.0,0.0,0.0,0.0,0.0,0.0,0.0,57.1,0.0,42.9,D
2015-07-18,2015,Orebro,Malmo FF,1,1,D,U,3.11,3.44,2.2,8,2.0,1.0,0.0,2.0,4.0,6.0,-2.0,2.0,8.0,-6.0,2.0,-2.0,4.0,0.0,0.0,0.0,0.0,1.0,-1.0,28.6,28.6,42.9,28.6,D
2015-07-18,2015,Kalmar,Falkenbergs,4,0,H,O,1.58,3.88,5.55,9,1.0,1.0,1.0,3.0,4.0,5.0,-1.0,5.0,9.0,-4.0,-1.0,-4.0,3.0,0.0,1.0,-1.0,1.0,2.0,-1.0,37.5,25.0,12.5,75.0,H
2015-07-13,2015,Helsingborg,Djurgarden,0,1,A,U,3.0,3.28,2.33,7,3.0,2.0,1.0,0.0,7.0,7.0,0.0,2.0,5.0,-3.0,5.0,2.0,3.0,2.0,0.0,2.0,0.0,0.0,0.0,66.7,16.7,42.9,14.3,
2015-07-13,2015,Hammarby,Falkenbergs,3,0,H,O,1.54,4.14,5.64,7,1.0,1.0,2.0,3.0,5.0,6.0,-1.0,6.0,8.0,-2.0,-1.0,-2.0,1.0,0.0,1.0,-1.0,0.0,1.0,-1.0,50.0,33.3,14.3,71.4,
2015-07-12,2015,Goteborg,Norrkoping,0,0,D,U,1.68,3.7,4.9,8,3.0,2.0,0.0,0.0,6.0,6.0,0.0,1.0,3.0,-2.0,5.0,3.0,2.0,1.0,1.0,0.0,0.0,0.0,0.0,71.4,14.3,50.0,16.7,D
2015-07-12,2015,Elfsborg,Hacken,1,0,H,U,1.66,3.85,4.93,8,2.0,2.0,0.0,1.0,11.0,6.0,5.0,6.0,3.0,3.0,5.0,3.0,2.0,1.0,2.0,-1.0,0.0,1.0,-1.0,57.1,0.0,42.9,28.6,H
2015-07-12,2015,AIK,Sundsvall,4,1,H,O,1.52,4.18,5.92,8,3.0,1.0,0.0,2.0,11.0,4.0,7.0,6.0,6.0,0.0,5.0,-2.0,7.0,2.0,0.0,2.0,0.0,1.0,-1.0,85.7,0.0,42.9,42.9,H
2015-07-11,2015,Malmo FF,Orebro,2,2,D,O,1.32,5.19,8.42,8,2.0,0.0,1.0,3.0,7.0,2.0,5.0,5.0,9.0,-4.0,2.0,-7.0,9.0,2.0,0.0,2.0,1.0,3.0,-2.0,57.1,14.3,0.0,71.4,A
2015-07-11,2015,Halmstad,Kalmar,1,0,H,U,2.46,3.23,2.84,8,1.0,1.0,3.0,2.0,4.0,6.0,-2.0,7.0,6.0,1.0,-3.0,0.0,-3.0,0.0,1.0,-1.0,1.0,0.0,1.0,28.6,71.4,16.7,66.7,D
2015-07-11,2015,Atvidabergs,Gefle,1,1,D,U,2.24,3.28,3.16,8,0.0,1.0,2.0,3.0,4.0,4.0,0.0,6.0,12.0,-6.0,-2.0,-8.0,6.0,0.0,0.0,0.0,0.0,2.0,-2.0,14.3,42.9,28.6,71.4,H
2015-07-06,2015,Gefle,Hammarby,1,1,D,U,2.89,3.25,2.42,7,2.0,0.0,1.0,3.0,6.0,2.0,4.0,3.0,6.0,-3.0,3.0,-4.0,7.0,2.0,0.0,2.0,0.0,1.0,-1.0,50.0,16.7,0.0,57.1,
2015-07-05,2015,Sundsvall,Goteborg,2,2,D,O,4.38,3.51,1.81,7,0.0,3.0,3.0,0.0,1.0,5.0,-4.0,5.0,1.0,4.0,-4.0,4.0,-8.0,0.0,1.0,-1.0,1.0,0.0,1.0,0.0,66.7,83.3,0.0,A
2015-07-05,2015,Kalmar,AIK,0,0,D,U,2.8,3.29,2.46,8,2.0,0.0,1.0,1.0,7.0,3.0,4.0,5.0,6.0,-1.0,2.0,-3.0,5.0,1.0,0.0,1.0,1.0,1.0,0.0,42.9,28.6,0.0,33.3,D
2015-07-05,2015,Hacken,Helsingborg,3,2,H,O,1.81,3.62,4.19,7,1.0,0.0,2.0,3.0,2.0,3.0,-1.0,4.0,8.0,-4.0,-2.0,-5.0,3.0,1.0,0.0,1.0,2.0,2.0,0.0,16.7,50.0,14.3,57.1,D
2015-07-05,2015,Falkenbergs,Elfsborg,2,2,D,O,6.47,4.22,1.48,7,1.0,2.0,1.0,2.0,6.0,3.0,3.0,7.0,3.0,4.0,-1.0,0.0,-1.0,0.0,0.0,0.0,1.0,0.0,1.0,33.3,33.3,66.7,33.3,A
2015-07-04,2015,Norrkoping,Malmo FF,3,1,H,O,2.76,3.39,2.44,8,4.0,1.0,0.0,1.0,7.0,8.0,-1.0,2.0,8.0,-6.0,5.0,0.0,5.0,1.0,0.0,1.0,0.0,0.0,0.0,71.4,14.3,50.0,16.7,
2015-07-04,2015,Djurgarden,Orebro,2,0,H,U,1.53,4.08,6.04,7,2.0,0.0,0.0,3.0,11.0,2.0,9.0,5.0,10.0,-5.0,6.0,-8.0,14.0,2.0,0.0,2.0,0.0,3.0,-3.0,50.0,16.7,0.0,66.7,H
2015-07-04,2015,Atvidabergs,Halmstad,0,0,D,U,2.21,3.32,3.18,7,0.0,0.0,2.0,2.0,5.0,4.0,1.0,7.0,7.0,0.0,-2.0,-3.0,1.0,0.0,0.0,0.0,0.0,1.0,-1.0,16.7,50.0,0.0,50.0,D
2015-06-07,2015,Sundsvall,Kalmar,1,1,D,U,2.2,3.32,3.21,6,0.0,1.0,3.0,3.0,1.0,5.0,-4.0,5.0,6.0,-1.0,-4.0,-1.0,-3.0,0.0,1.0,-1.0,1.0,0.0,1.0,0.0,80.0,20.0,80.0,D
2015-06-07,2015,Norrkoping,Falkenbergs,2,0,H,U,1.47,4.35,6.35,7,4.0,1.0,0.0,3.0,9.0,7.0,2.0,3.0,9.0,-6.0,6.0,-2.0,8.0,1.0,1.0,0.0,0.0,1.0,-1.0,66.7,16.7,16.7,66.7,H
2015-06-07,2015,Malmo FF,Djurgarden,1,1,D,U,1.58,4.03,5.42,7,3.0,3.0,1.0,0.0,9.0,8.0,1.0,5.0,4.0,1.0,4.0,4.0,0.0,3.0,1.0,2.0,1.0,0.0,1.0,66.7,16.7,50.0,16.7,A
2015-06-07,2015,Hammarby,Goteborg,0,1,A,U,3.23,3.39,2.16,6,2.0,3.0,1.0,0.0,7.0,6.0,1.0,6.0,2.0,4.0,1.0,4.0,-3.0,0.0,1.0,-1.0,0.0,0.0,0.0,60.0,20.0,80.0,0.0,D
2015-06-07,2015,Elfsborg,Gefle,5,1,H,O,1.28,5.38,10.27,7,2.0,1.0,0.0,3.0,8.0,4.0,4.0,6.0,11.0,-5.0,2.0,-7.0,9.0,0.0,0.0,0.0,0.0,2.0,-2.0,50.0,0.0,33.3,66.7,D
2015-06-06,2015,Orebro,Halmstad,1,1,D,U,1.65,3.86,4.97,7,2.0,0.0,0.0,2.0,5.0,3.0,2.0,3.0,6.0,-3.0,2.0,-3.0,5.0,0.0,0.0,0.0,0.0,1.0,-1.0,33.3,33.3,0.0,60.0,D
2015-06-06,2015,Helsingborg,Atvidabergs,3,0,H,O,1.72,3.68,4.76,6,3.0,0.0,1.0,4.0,7.0,3.0,4.0,3.0,9.0,-6.0,4.0,-6.0,10.0,2.0,0.0,2.0,0.0,1.0,-1.0,60.0,20.0,0.0,100.0,H
2015-06-06,2015,Hacken,AIK,0,0,D,U,2.4,3.41,2.8,6,1.0,0.0,3.0,2.0,3.0,5.0,-2.0,6.0,9.0,-3.0,-3.0,-4.0,1.0,1.0,0.0,1.0,2.0,1.0,1.0,20.0,60.0,0.0,40.0,D
2015-06-04,2015,Kalmar,Hammarby,2,2,D,O,2.43,3.29,2.83,7,2.0,0.0,2.0,3.0,5.0,2.0,3.0,4.0,6.0,-2.0,1.0,-4.0,5.0,1.0,0.0,1.0,1.0,1.0,0.0,50.0,33.3,0.0,66.7,
2015-06-04,2015,Goteborg,Elfsborg,1,0,H,U,2.05,3.27,3.63,7,3.0,3.0,0.0,1.0,8.0,7.0,1.0,2.0,2.0,0.0,6.0,5.0,1.0,2.0,1.0,1.0,0.0,0.0,0.0,66.7,16.7,80.0,20.0,
2015-06-04,2015,Djurgarden,Norrkoping,1,1,D,U,1.92,3.55,3.79,6,3.0,2.0,0.0,1.0,11.0,6.0,5.0,4.0,5.0,-1.0,7.0,1.0,6.0,2.0,1.0,1.0,0.0,1.0,-1.0,60.0,20.0,60.0,20.0,
2015-06-03,2015,Orebro,Helsingborg,0,0,D,U,1.84,3.56,4.13,6,2.0,0.0,1.0,4.0,6.0,4.0,2.0,6.0,11.0,-5.0,0.0,-7.0,7.0,0.0,0.0,0.0,1.0,3.0,-2.0,40.0,40.0,16.7,66.7,
2015-06-03,2015,Halmstad,Sundsvall,1,0,H,U,2.29,3.34,3.0,7,1.0,1.0,3.0,2.0,4.0,4.0,0.0,7.0,7.0,0.0,-3.0,-3.0,0.0,0.0,0.0,0.0,1.0,2.0,-1.0,16.7,83.3,50.0,33.3,
2015-06-03,2015,Gefle,Malmo FF,1,2,A,O,5.82,3.98,1.55,6,2.0,1.0,0.0,1.0,5.0,7.0,-2.0,1.0,7.0,-6.0,4.0,0.0,4.0,2.0,0.0,2.0,0.0,0.0,0.0,60.0,0.0,40.0,20.0,
2015-06-03,2015,Atvidabergs,Hacken,1,1,D,U,3.32,3.37,2.12,6,1.0,3.0,2.0,1.0,7.0,6.0,1.0,7.0,2.0,5.0,0.0,4.0,-4.0,1.0,2.0,-1.0,0.0,1.0,-1.0,20.0,60.0,50.0,33.3,
2015-06-03,2015,AIK,Falkenbergs,4,3,H,O,1.29,5.38,9.66,7,3.0,1.0,0.0,3.0,10.0,5.0,5.0,3.0,8.0,-5.0,7.0,-3.0,10.0,3.0,1.0,2.0,0.0,2.0,-2.0,83.3,0.0,20.0,60.0,
2015-06-01,2015,Goteborg,Djurgarden,0,0,D,U,1.66,3.85,4.88,6,3.0,3.0,1.0,1.0,8.0,9.0,-1.0,3.0,6.0,-3.0,5.0,3.0,2.0,2.0,1.0,1.0,0.0,0.0,0.0,80.0,20.0,60.0,20.0,
2015-05-31,2015,Malmo FF,Atvidabergs,3,0,H,O,1.2,6.54,13.18,6,3.0,0.0,1.0,4.0,9.0,4.0,5.0,6.0,8.0,-2.0,3.0,-4.0,7.0,3.0,0.0,3.0,1.0,0.0,1.0,60.0,20.0,0.0,100.0,H
2015-05-31,2015,Elfsborg,Orebro,2,2,D,O,1.44,4.39,6.99,6,3.0,0.0,0.0,4.0,9.0,0.0,9.0,6.0,10.0,-4.0,3.0,-10.0,13.0,0.0,0.0,0.0,0.0,4.0,-4.0,60.0,0.0,0.0,80.0,A
2015-05-31,2015,AIK,Helsingborg,3,1,H,O,1.57,3.97,5.67,6,3.0,1.0,0.0,3.0,10.0,5.0,5.0,3.0,9.0,-6.0,7.0,-4.0,11.0,3.0,0.0,3.0,0.0,2.0,-2.0,80.0,0.0,20.0,60.0,D
2015-05-30,2015,Norrkoping,Kalmar,2,1,H,O,1.8,3.59,4.35,6,3.0,1.0,1.0,3.0,7.0,4.0,3.0,6.0,6.0,0.0,1.0,-2.0,3.0,1.0,1.0,0.0,1.0,1.0,0.0,60.0,20.0,25.0,75.0,H
2015-05-30,2015,Hammarby,Halmstad,2,2,D,O,1.55,4.08,5.72,5,3.0,0.0,1.0,3.0,7.0,2.0,5.0,4.0,6.0,-2.0,3.0,-4.0,7.0,1.0,0.0,1.0,0.0,1.0,-1.0,75.0,25.0,0.0,75.0,H
2015-05-30,2015,Falkenbergs,Sundsvall,1,1,D,U,2.51,3.29,2.73,6,2.0,2.0,1.0,2.0,7.0,6.0,1.0,6.0,7.0,-1.0,1.0,-1.0,2.0,1.0,1.0,0.0,1.0,2.0,-1.0,40.0,40.0,60.0,40.0,D
2015-05-29,2015,Gefle,Hacken,2,0,H,U,3.49,3.33,2.07,5,2.0,3.0,0.0,0.0,5.0,7.0,-2.0,1.0,1.0,0.0,4.0,6.0,-2.0,2.0,2.0,0.0,0.0,0.0,0.0,50.0,0.0,60.0,20.0,
2015-05-25,2015,Sundsvall,Norrkoping,0,1,A,U,2.23,3.45,3.03,5,0.0,2.0,3.0,1.0,2.0,8.0,-6.0,8.0,5.0,3.0,-6.0,3.0,-9.0,0.0,2.0,-2.0,2.0,1.0,1.0,0.0,75.0,50.0,25.0,
2015-05-25,2015,Helsingborg,Hammarby,1,0,H,U,2.39,3.22,2.96,5,2.0,0.0,1.0,3.0,6.0,3.0,3.0,3.0,8.0,-5.0,3.0,-5.0,8.0,2.0,0.0,2.0,0.0,2.0,-2.0,50.0,25.0,0.0,60.0,
2015-05-25,2015,Hacken,Falkenbergs,0,2,A,U,1.39,4.69,7.36,5,1.0,0.0,2.0,3.0,4.0,3.0,1.0,5.0,8.0,-3.0,-1.0,-5.0,4.0,1.0,0.0,1.0,1.0,2.0,-1.0,25.0,50.0,0.0,75.0,
2015-05-25,2015,Djurgarden,AIK,2,2,D,O,2.26,3.35,3.06,5,3.0,0.0,1.0,2.0,10.0,3.0,7.0,4.0,7.0,-3.0,6.0,-4.0,10.0,2.0,0.0,2.0,0.0,1.0,-1.0,75.0,25.0,0.0,50.0,
2015-05-24,2015,Orebro,Gefle,1,0,H,U,1.76,3.62,4.44,5,1.0,1.0,2.0,3.0,5.0,5.0,0.0,8.0,13.0,-5.0,-3.0,-8.0,5.0,0.0,0.0,0.0,2.0,3.0,-1.0,25.0,50.0,40.0,60.0,H
2015-05-24,2015,Kalmar,Malmo FF,2,1,H,O,4.57,3.59,1.75,6,2.0,2.0,2.0,0.0,5.0,10.0,-5.0,4.0,6.0,-2.0,1.0,4.0,-3.0,1.0,1.0,0.0,1.0,0.0,1.0,40.0,40.0,50.0,0.0,A
2015-05-24,2015,Halmstad,Goteborg,1,2,A,O,5.57,3.86,1.59,6,1.0,3.0,3.0,0.0,4.0,6.0,-2.0,7.0,1.0,6.0,-3.0,5.0,-8.0,0.0,2.0,-2.0,1.0,0.0,1.0,20.0,80.0,75.0,0.0,A
2015-05-24,2015,Atvidabergs,Elfsborg,1,2,A,O,5.38,3.78,1.62,5,1.0,3.0,2.0,1.0,8.0,7.0,1.0,8.0,2.0,6.0,0.0,5.0,-5.0,1.0,1.0,0.0,0.0,0.0,0.0,25.0,50.0,75.0,25.0,A
2015-05-21,2015,Malmo FF,Hacken,0,3,A,O,1.43,4.47,6.88,5,3.0,2.0,0.0,1.0,9.0,4.0,5.0,3.0,3.0,0.0,6.0,1.0,5.0,3.0,1.0,2.0,0.0,1.0,-1.0,75.0,0.0,50.0,25.0,
2015-05-21,2015,Goteborg,AIK,3,0,H,O,1.84,3.52,4.17,5,3.0,,1.0,,6.0,,,3.0,,,3.0,,,1.0,,,0.0,,,75.0,25.0,0.0,33.3,
2015-05-20,2015,Orebro,Atvidabergs,2,1,H,O,1.73,3.72,4.54,4,,0.0,,4.0,,3.0,,,7.0,,,-4.0,,,0.0,,,0.0,,0.0,66.7,0.0,100.0,
2015-05-20,2015,Norrkoping,Hammarby,1,0,H,U,1.96,3.5,3.69,5,2.0,0.0,1.0,2.0,7.0,4.0,3.0,7.0,8.0,-1.0,0.0,-4.0,4.0,1.0,0.0,1.0,1.0,2.0,-1.0,50.0,25.0,0.0,50.0,
2015-05-20,2015,Gefle,Sundsvall,3,1,H,O,2.41,3.27,2.9,4,,3.0,,1.0,,8.0,,,6.0,,,2.0,,,1.0,,,1.0,,33.3,0.0,75.0,25.0,
2015-05-20,2015,Elfsborg,Helsingborg,2,1,H,O,1.52,4.05,6.15,5,2.0,1.0,0.0,2.0,8.0,4.0,4.0,6.0,7.0,-1.0,2.0,-3.0,5.0,0.0,0.0,0.0,0.0,2.0,-2.0,50.0,0.0,25.0,50.0,
2015-05-19,2015,Falkenbergs,Kalmar,1,3,A,O,2.8,3.17,2.53,5,2.0,,1.0,,6.0,,,5.0,,,1.0,,,1.0,,,1.0,,,50.0,25.0,0.0,100.0,
2015-05-18,2015,Halmstad,Djurgarden,2,3,A,O,3.4,3.4,2.09,5,1.0,2.0,3.0,1.0,2.0,7.0,-5.0,7.0,5.0,2.0,-5.0,2.0,-7.0,0.0,1.0,-1.0,2.0,0.0,2.0,25.0,75.0,50.0,25.0,
2015-05-11,2015,Hammarby,Sundsvall,1,2,A,O,1.6,3.94,5.24,4,,,,,,,,,,,,,,,,,,,,100.0,0.0,66.7,33.3,
2015-05-11,2015,Elfsborg,Malmo FF,2,2,D,O,2.6,3.26,2.65,4,,,,,,,,,,,,,,,,,,,,66.7,0.0,66.7,0.0,
2015-05-11,2015,Atvidabergs,Djurgarden,2,3,A,O,3.49,3.38,2.05,4,,,,,,,,,,,,,,,,,,,,33.3,33.3,33.3,33.3,
2015-05-10,2015,Hacken,Orebro,2,0,H,U,1.62,3.86,5.25,4,,0.0,,3.0,,1.0,,,9.0,,,-8.0,,,0.0,,,3.0,,0.0,66.7,0.0,75.0,H
2015-05-10,2015,Falkenbergs,Halmstad,1,0,H,U,2.26,3.27,3.12,4,,,,,,,,,,,,,,,,,,,,33.3,33.3,0.0,66.7,H
2015-05-10,2015,AIK,Norrkoping,2,2,D,O,1.64,3.81,5.08,5,4.0,,0.0,,10.0,,,2.0,,,8.0,,,3.0,,,0.0,,,100.0,0.0,66.7,33.3,H
2015-05-09,2015,Helsingborg,Gefle,1,2,A,O,1.64,3.68,5.35,4,,1.0,,3.0,,5.0,,,12.0,,,-7.0,,,1.0,,,3.0,,66.7,0.0,25.0,75.0,
2015-05-08,2015,Kalmar,Goteborg,0,2,A,U,3.65,3.24,2.05,5,2.0,,1.0,,5.0,,,2.0,,,3.0,,,1.0,,,0.0,,,50.0,25.0,66.7,0.0,
2015-05-04,2015,Kalmar,Orebro,3,0,H,O,2.07,3.29,3.55,4,,,,,,,,,,,,,,,,,,,,33.3,33.3,0.0,66.7,
2015-05-04,2015,Halmstad,Hacken,0,2,A,U,3.1,3.33,2.24,4,,,,,,,,,,,,,,,,,,,,33.3,66.7,33.3,33.3,
2015-05-04,2015,Goteborg,Falkenbergs,2,1,H,O,1.26,5.57,10.73,4,,,,,,,,,,,,,,,,,,,,66.7,33.3,0.0,66.7,
2015-05-04,2015,AIK,Hammarby,2,0,H,U,1.69,3.74,4.77,4,,,,,,,,,,,,,,,,,,,,100.0,0.0,0.0,33.3,
2015-05-03,2015,Sundsvall,Elfsborg,0,1,A,U,4.95,3.75,1.67,4,,,,,,,,,,,,,,,,,,,,0.0,66.7,66.7,33.3,D
2015-05-03,2015,Norrkoping,Atvidabergs,2,1,H,O,1.67,3.76,4.93,4,,,,,,,,,,,,,,,,,,,,33.3,33.3,0.0,100.0,D
2015-05-03,2015,Malmo FF,Helsingborg,3,1,H,O,1.37,4.68,8.22,4,,,,,,,,,,,,,,,,,,,,66.7,0.0,33.3,33.3,H
2015-05-03,2015,Djurgarden,Gefle,5,1,H,O,1.47,4.18,6.84,4,,,,,,,,,,,,,,,,,,,,66.7,33.3,33.3,66.7,H
2015-04-30,2015,Orebro,Hammarby,2,2,D,O,2.39,3.36,2.85,3,,,,,,,,,,,,,,,,,,,,0.0,100.0,0.0,50.0,
2015-04-30,2015,Helsingborg,Sundsvall,2,0,H,U,1.61,3.89,5.3,3,,,,,,,,,,,,,,,,,,,,50.0,0.0,100.0,0.0,
2015-04-30,2015,Hacken,Norrkoping,0,2,A,U,1.7,3.77,4.64,3,,,,,,,,,,,,,,,,,,,,0.0,50.0,50.0,50.0,A
2015-04-30,2015,Gefle,Goteborg,0,0,D,U,4.79,3.55,1.73,3,,,,,,,,,,,,,,,,,,,,50.0,0.0,100.0,0.0,
2015-04-29,2015,Malmo FF,Halmstad,3,1,H,O,1.22,6.07,12.58,3,,,,,,,,,,,,,,,,,,,,50.0,0.0,0.0,50.0,
2015-04-29,2015,Elfsborg,Kalmar,2,1,H,O,1.49,4.03,6.77,3,,,,,,,,,,,,,,,,,,,,50.0,0.0,0.0,100.0,
2015-04-29,2015,Djurgarden,Falkenbergs,3,1,H,O,1.42,4.38,7.47,3,,,,,,,,,,,,,,,,,,,,50.0,50.0,0.0,50.0,
2015-04-29,2015,Atvidabergs,AIK,1,1,D,U,4.1,3.57,1.84,3,,,,,,,,,,,,,,,,,,,,50.0,50.0,0.0,50.0,
2015-04-27,2015,Norrkoping,Gefle,4,1,H,O,1.69,3.66,4.94,3,,,,,,,,,,,,,,,,,,,,0.0,50.0,50.0,50.0,
2015-04-27,2015,Goteborg,Helsingborg,3,1,H,O,1.5,4.05,6.59,3,,,,,,,,,,,,,,,,,,,,50.0,50.0,50.0,0.0,
2015-04-26,2015,Sundsvall,Djurgarden,0,2,A,U,2.96,3.26,2.36,3,,,,,,,,,,,,,,,,,,,,0.0,50.0,0.0,50.0,D
2015-04-26,2015,Kalmar,Hacken,0,1,A,U,2.52,3.21,2.77,3,,,,,,,,,,,,,,,,,,,,50.0,0.0,0.0,50.0,D
2015-04-26,2015,Halmstad,Elfsborg,1,0,H,U,4.57,3.7,1.73,3,,,,,,,,,,,,,,,,,,,,0.0,100.0,100.0,0.0,D
2015-04-26,2015,AIK,Orebro,3,0,H,O,1.62,3.86,5.27,3,,,,,,,,,,,,,,,,,,,,100.0,0.0,0.0,50.0,H
2015-04-25,2015,Hammarby,Atvidabergs,2,1,H,O,1.58,3.9,5.64,3,,,,,,,,,,,,,,,,,,,,100.0,0.0,0.0,100.0,H
2015-04-24,2015,Falkenbergs,Malmo FF,3,3,D,O,6.69,4.26,1.46,3,,,,,,,,,,,,,,,,,,,,50.0,50.0,100.0,0.0,
2015-04-21,2015,Elfsborg,AIK,3,2,H,O,1.9,3.47,3.97,2,,,,,,,,,,,,,,,,,,,,0.0,0.0,0.0,0.0,
2015-04-20,2015,Orebro,Sundsvall,1,3,A,O,1.58,3.91,5.58,2,,,,,,,,,,,,,,,,,,,,0.0,100.0,100.0,0.0,
2015-04-20,2015,Malmo FF,Hammarby,3,1,H,O,1.39,4.49,7.81,2,,,,,,,,,,,,,,,,,,,,0.0,0.0,0.0,0.0,
2015-04-20,2015,Helsingborg,Norrkoping,3,1,H,O,2.05,3.32,3.58,2,,,,,,,,,,,,,,,,,,,,0.0,0.0,100.0,0.0,
2015-04-19,2015,Hacken,Goteborg,1,2,A,O,3.33,3.33,2.15,2,,,,,,,,,,,,,,,,,,,,0.0,0.0,100.0,0.0,D
2015-04-19,2015,Atvidabergs,Falkenbergs,3,1,H,O,1.98,3.34,3.82,2,,,,,,,,,,,,,,,,,,,,0.0,100.0,0.0,0.0,H
2015-04-18,2015,Gefle,Halmstad,0,0,D,U,2.18,3.23,3.33,2,,,,,,,,,,,,,,,,,,,,100.0,0.0,0.0,100.0,D
2015-04-17,2015,Djurgarden,Kalmar,1,0,H,U,1.94,3.35,3.92,2,,,,,,,,,,,,,,,,,,,,0.0,100.0,0.0,100.0,
2015-04-13,2015,Sundsvall,Hacken,1,1,D,U,3.24,3.38,2.15,2,,,,,,,,,,,,,,,,,,,,0.0,100.0,0.0,100.0,
2015-04-13,2015,Norrkoping,Elfsborg,0,4,A,O,3.0,3.32,2.3,2,,,,,,,,,,,,,,,,,,,,0.0,0.0,100.0,0.0,
2015-04-13,2015,Kalmar,Atvidabergs,2,1,H,O,1.87,3.36,4.26,2,,,,,,,,,,,,,,,,,,,,0.0,0.0,0.0,100.0,
2015-04-13,2015,Hammarby,Djurgarden,2,1,H,O,2.58,3.2,2.71,2,,,,,,,,,,,,,,,,,,,,100.0,0.0,0.0,0.0,
2015-04-12,2015,Halmstad,Helsingborg,1,2,A,O,2.67,3.19,2.61,2,,,,,,,,,,,,,,,,,,,,0.0,100.0,0.0,0.0,A
2015-04-12,2015,Goteborg,Malmo FF,0,1,A,U,2.39,3.21,2.95,2,,,,,,,,,,,,,,,,,,,,100.0,0.0,100.0,0.0,A
2015-04-12,2015,Falkenbergs,Orebro,2,0,H,U,2.83,3.24,2.44,2,,,,,,,,,,,,,,,,,,,,0.0,100.0,0.0,0.0,H
2015-04-12,2015,AIK,Gefle,3,1,H,O,1.42,4.36,7.36,2,,,,,,,,,,,,,,,,,,,,100.0,0.0,100.0,0.0,H
2015-04-09,2015,Malmo FF,AIK,0,0,D,U,1.64,3.84,5.09,1,,,,,,,,,,,,,,,,,,,,,,,,
2015-04-09,2015,Halmstad,Norrkoping,0,3,A,O,2.43,3.25,2.84,1,,,,,,,,,,,,,,,,,,,,,,,,
2015-04-09,2015,Hacken,Djurgarden,1,1,D,U,1.91,3.48,3.91,1,,,,,,,,,,,,,,,,,,,,,,,,
2015-04-09,2015,Atvidabergs,Sundsvall,2,3,A,O,1.84,3.48,4.23,1,,,,,,,,,,,,,,,,,,,,,,,,
2015-04-08,2015,Orebro,Goteborg,0,2,A,U,3.28,3.28,2.19,1,,,,,,,,,,,,,,,,,,,,,,,,
2015-04-08,2015,Helsingborg,Falkenbergs,0,0,D,U,1.65,3.77,5.17,1,,,,,,,,,,,,,,,,,,,,,,,,
2015-04-08,2015,Gefle,Kalmar,2,0,H,U,2.84,3.15,2.5,1,,,,,,,,,,,,,,,,,,,,,,,,
2015-04-08,2015,Elfsborg,Hammarby,1,1,D,U,1.56,3.96,5.72,1,,,,,,,,,,,,,,,,,,,,,,,,
2015-04-06,2015,Sundsvall,Malmo FF,1,4,A,O,5.66,3.84,1.59,1,,,,,,,,,,,,,,,,,,,,,,,,A
2015-04-06,2015,AIK,Halmstad,2,1,H,O,1.52,4.03,6.13,1,,,,,,,,,,,,,,,,,,,,,,,,D
2015-04-05,2015,Norrkoping,Orebro,1,1,D,U,2.28,3.31,3.06,1,,,,,,,,,,,,,,,,,,,,,,,,H
2015-04-05,2015,Goteborg,Atvidabergs,1,0,H,U,1.35,4.73,8.74,1,,,,,,,,,,,,,,,,,,,,,,,,D
2015-04-05,2015,Falkenbergs,Gefle,0,2,A,U,2.07,3.3,3.54,1,,,,,,,,,,,,,,,,,,,,,,,,A
2015-04-05,2015,Djurgarden,Elfsborg,1,2,A,O,2.71,3.14,2.64,1,,,,,,,,,,,,,,,,,,,,,,,,A
2015-04-04,2015,Kalmar,Helsingborg,0,0,D,U,2.07,3.34,3.52,1,,,,,,,,,,,,,,,,,,,,,,,,D
2015-04-04,2015,Hammarby,Hacken,2,0,H,U,2.42,3.33,2.82,1,,,,,,,,,,,,,,,,,,,,,,,,H
2014-11-09,2014,Gefle,Ljungskile,1,0,H,U,2.23,3.36,3.09,16,2.0,,2.0,,7.0,,,6.0,,,1.0,,,1.0,,,0.0,,,40.0,40.0,,,
2014-11-06,2014,Ljungskile,Gefle,1,3,A,O,2.03,3.29,3.6,1,,1.0,,3.0,,3.0,,,9.0,,,-6.0,,,0.0,,,2.0,,,,13.3,53.3,
2014-11-01,2014,Orebro,Hacken,5,2,H,O,2.38,3.51,2.76,15,3.0,2.0,1.0,2.0,13.0,10.0,3.0,6.0,7.0,-1.0,7.0,3.0,4.0,3.0,1.0,2.0,0.0,0.0,0.0,42.9,28.6,42.9,42.9,H
2014-11-01,2014,Kalmar,AIK,1,1,D,U,5.18,3.88,1.62,15,1.0,1.0,3.0,2.0,5.0,6.0,-1.0,11.0,5.0,6.0,-6.0,1.0,-7.0,0.0,1.0,-1.0,2.0,1.0,1.0,42.9,21.4,42.9,28.6,A
2014-11-01,2014,Goteborg,Halmstad,5,1,H,O,1.31,5.32,8.62,15,4.0,4.0,0.0,0.0,11.0,11.0,0.0,3.0,2.0,1.0,8.0,9.0,-1.0,2.0,3.0,-1.0,0.0,0.0,0.0,71.4,14.3,42.9,50.0,H
2014-11-01,2014,Gefle,Helsingborg,2,1,H,O,1.99,3.55,3.55,15,1.0,2.0,3.0,1.0,5.0,5.0,0.0,6.0,5.0,1.0,-1.0,0.0,-1.0,1.0,0.0,1.0,0.0,1.0,-1.0,35.7,42.9,21.4,50.0,D
2014-11-01,2014,Falkenbergs,Mjallby,1,1,D,U,2.02,3.53,3.47,15,2.0,1.0,2.0,2.0,8.0,5.0,3.0,7.0,8.0,-1.0,1.0,-3.0,4.0,2.0,0.0,2.0,1.0,1.0,0.0,42.9,35.7,14.3,71.4,H
2014-11-01,2014,Djurgarden,Norrkoping,1,1,D,U,1.74,3.83,4.35,15,1.0,1.0,3.0,2.0,2.0,6.0,-4.0,6.0,10.0,-4.0,-4.0,-4.0,0.0,0.0,0.0,0.0,1.0,2.0,-1.0,35.7,35.7,14.3,50.0,A
2014-11-01,2014,Brommapojkarna,Elfsborg,0,1,A,U,11.58,6.3,1.22,15,0.0,1.0,4.0,2.0,1.0,4.0,-3.0,16.0,8.0,8.0,-15.0,-4.0,-11.0,0.0,0.0,0.0,4.0,1.0,3.0,7.1,64.3,28.6,42.9,D
2014-11-01,2014,Atvidabergs,Malmo FF,2,1,H,O,3.16,3.49,2.15,15,1.0,2.0,2.0,1.0,6.0,7.0,-1.0,7.0,7.0,0.0,-1.0,0.0,-1.0,0.0,0.0,0.0,0.0,1.0,-1.0,50.0,21.4,64.3,7.1,D
2014-10-27,2014,Mjallby,Kalmar,0,2,A,U,1.77,3.58,4.49,15,2.0,0.0,2.0,3.0,3.0,1.0,2.0,3.0,8.0,-5.0,0.0,-7.0,7.0,0.0,0.0,0.0,0.0,3.0,-3.0,42.9,42.9,21.4,57.1,
2014-10-27,2014,Malmo FF,Brommapojkarna,2,0,H,U,1.12,8.7,17.1,15,2.0,1.0,1.0,3.0,9.0,4.0,5.0,4.0,9.0,-5.0,5.0,-5.0,10.0,2.0,0.0,2.0,0.0,3.0,-3.0,57.1,14.3,7.1,78.6,
2014-10-27,2014,Helsingborg,Goteborg,0,3,A,O,3.48,3.54,2.0,15,3.0,2.0,1.0,1.0,11.0,6.0,5.0,7.0,7.0,0.0,4.0,-1.0,5.0,3.0,0.0,3.0,1.0,1.0,0.0,50.0,14.3,21.4,14.3,
2014-10-26,2014,Norrkoping,Orebro,2,0,H,U,1.98,3.59,3.51,15,2.0,4.0,1.0,0.0,8.0,10.0,-2.0,5.0,3.0,2.0,3.0,7.0,-4.0,2.0,2.0,0.0,1.0,0.0,1.0,42.9,35.7,42.9,35.7,H
2014-10-26,2014,Halmstad,Falkenbergs,4,0,H,O,2.24,3.35,3.1,15,0.0,1.0,3.0,3.0,3.0,3.0,0.0,7.0,6.0,1.0,-4.0,-3.0,-1.0,0.0,0.0,0.0,1.0,1.0,0.0,28.6,35.7,21.4,64.3,
2014-10-26,2014,Elfsborg,Djurgarden,0,1,A,U,1.52,4.17,5.87,15,2.0,2.0,0.0,1.0,3.0,10.0,-7.0,1.0,3.0,-2.0,2.0,7.0,-5.0,0.0,2.0,-2.0,0.0,0.0,0.0,71.4,7.1,35.7,28.6,
2014-10-26,2014,AIK,Atvidabergs,4,1,H,O,1.38,4.72,7.54,15,1.0,4.0,2.0,0.0,4.0,7.0,-3.0,5.0,1.0,4.0,-1.0,6.0,-7.0,0.0,2.0,-2.0,0.0,0.0,0.0,57.1,28.6,28.6,50.0,H
2014-10-25,2014,Hacken,Gefle,3,1,H,O,1.45,4.56,6.42,15,0.0,1.0,2.0,3.0,5.0,3.0,2.0,8.0,8.0,0.0,-3.0,-5.0,2.0,0.0,0.0,0.0,1.0,1.0,0.0,42.9,21.4,14.3,50.0,H
2014-10-20,2014,Falkenbergs,Helsingborg,2,0,H,U,2.33,3.37,2.93,14,2.0,2.0,2.0,0.0,9.0,6.0,3.0,7.0,4.0,3.0,2.0,2.0,0.0,2.0,0.0,2.0,1.0,0.0,1.0,38.5,38.5,23.1,46.2,
2014-10-20,2014,Djurgarden,Orebro,0,3,A,O,1.84,3.72,3.93,14,2.0,3.0,2.0,1.0,4.0,9.0,-5.0,3.0,6.0,-3.0,1.0,3.0,-2.0,1.0,1.0,0.0,0.0,0.0,0.0,38.5,30.8,38.5,38.5,
2014-10-19,2014,Goteborg,Hacken,3,2,H,O,1.98,3.47,3.65,14,4.0,3.0,0.0,1.0,11.0,12.0,-1.0,1.0,5.0,-4.0,10.0,7.0,3.0,3.0,2.0,1.0,0.0,0.0,0.0,69.2,15.4,46.2,38.5,A
2014-10-19,2014,Gefle,Norrkoping,1,2,A,O,3.15,3.28,2.24,14,1.0,0.0,2.0,3.0,4.0,5.0,-1.0,4.0,12.0,-8.0,0.0,-7.0,7.0,1.0,0.0,1.0,0.0,3.0,-3.0,38.5,38.5,7.7,53.8,A
2014-10-19,2014,Brommapojkarna,AIK,0,4,A,O,11.25,6.11,1.22,14,0.0,1.0,4.0,2.0,2.0,6.0,-4.0,14.0,7.0,7.0,-12.0,-1.0,-11.0,0.0,1.0,-1.0,3.0,1.0,2.0,7.7,61.5,38.5,30.8,A
2014-10-18,2014,Malmo FF,Elfsborg,1,2,A,O,2.06,3.42,3.44,14,3.0,0.0,0.0,3.0,11.0,3.0,8.0,4.0,11.0,-7.0,7.0,-8.0,15.0,2.0,0.0,2.0,0.0,2.0,-2.0,61.5,7.7,23.1,46.2,H
2014-10-18,2014,Kalmar,Halmstad,1,3,A,O,2.23,3.29,3.17,14,2.0,4.0,2.0,0.0,7.0,10.0,-3.0,9.0,2.0,7.0,-2.0,8.0,-10.0,1.0,2.0,-1.0,1.0,0.0,1.0,46.2,15.4,38.5,53.8,A
2014-10-18,2014,Atvidabergs,Mjallby,2,1,H,O,1.98,3.42,3.7,14,0.0,1.0,2.0,2.0,5.0,4.0,1.0,7.0,10.0,-3.0,-2.0,-6.0,4.0,0.0,0.0,0.0,0.0,2.0,-2.0,46.2,23.1,15.4,69.2,H
2014-10-05,2014,Orebro,Elfsborg,5,1,H,O,3.34,3.38,2.11,14,3.0,1.0,1.0,2.0,12.0,4.0,8.0,7.0,6.0,1.0,5.0,-2.0,7.0,3.0,1.0,2.0,0.0,1.0,-1.0,38.5,30.8,25.0,41.7,H
2014-10-05,2014,Norrkoping,Goteborg,3,0,H,O,3.33,3.46,2.08,14,1.0,2.0,2.0,0.0,6.0,7.0,-1.0,7.0,5.0,2.0,-1.0,2.0,-3.0,1.0,0.0,1.0,1.0,0.0,1.0,38.5,38.5,23.1,7.7,H
2014-10-05,2014,Halmstad,Atvidabergs,1,3,A,O,1.89,3.42,4.02,14,0.0,3.0,3.0,1.0,3.0,4.0,-1.0,8.0,3.0,5.0,-5.0,1.0,-6.0,0.0,1.0,-1.0,1.0,1.0,0.0,30.8,30.8,23.1,53.8,
2014-10-05,2014,Hacken,Falkenbergs,1,2,A,O,1.43,4.55,6.65,14,0.0,0.0,1.0,4.0,5.0,2.0,3.0,7.0,8.0,-1.0,-2.0,-6.0,4.0,0.0,0.0,0.0,1.0,2.0,-1.0,46.2,15.4,15.4,69.2,A
2014-10-05,2014,AIK,Malmo FF,2,3,A,O,2.5,3.27,2.77,14,2.0,1.0,1.0,1.0,5.0,4.0,1.0,3.0,5.0,-2.0,2.0,-1.0,3.0,1.0,0.0,1.0,0.0,1.0,-1.0,61.5,23.1,61.5,7.7,A
2014-10-04,2014,Mjallby,Brommapojkarna,0,1,A,U,1.37,4.87,7.89,14,3.0,0.0,1.0,4.0,6.0,3.0,3.0,3.0,12.0,-9.0,3.0,-9.0,12.0,1.0,0.0,1.0,0.0,4.0,-4.0,46.2,38.5,0.0,84.6,D
2014-10-04,2014,Djurgarden,Gefle,1,2,A,O,1.41,4.51,7.23,13,3.0,1.0,1.0,3.0,7.0,3.0,4.0,1.0,8.0,-7.0,6.0,-5.0,11.0,2.0,0.0,2.0,0.0,1.0,-1.0,41.7,25.0,7.7,53.8,A
2014-10-03,2014,Helsingborg,Kalmar,4,1,H,O,1.68,3.77,4.84,14,3.0,0.0,1.0,3.0,11.0,0.0,11.0,7.0,6.0,1.0,4.0,-6.0,10.0,3.0,0.0,3.0,1.0,3.0,-2.0,46.2,15.4,23.1,53.8,
2014-09-29,2014,Goteborg,Djurgarden,2,1,H,O,1.73,3.65,4.58,13,3.0,2.0,1.0,1.0,9.0,10.0,-1.0,2.0,3.0,-1.0,7.0,7.0,0.0,3.0,2.0,1.0,1.0,0.0,1.0,66.7,16.7,38.5,23.1,
2014-09-29,2014,Gefle,Orebro,1,2,A,O,2.53,3.23,2.74,13,2.0,3.0,1.0,1.0,4.0,8.0,-4.0,2.0,5.0,-3.0,2.0,3.0,-1.0,1.0,1.0,0.0,0.0,0.0,0.0,41.7,33.3,33.3,41.7,
2014-09-29,2014,Brommapojkarna,Halmstad,0,3,A,O,4.11,3.73,1.79,13,0.0,4.0,4.0,0.0,4.0,9.0,-5.0,14.0,3.0,11.0,-10.0,6.0,-16.0,0.0,1.0,-1.0,2.0,0.0,2.0,8.3,58.3,33.3,58.3,
2014-09-29,2014,Atvidabergs,Helsingborg,1,2,A,O,2.67,3.29,2.57,13,1.0,1.0,1.0,0.0,7.0,6.0,1.0,6.0,5.0,1.0,1.0,1.0,0.0,1.0,0.0,1.0,0.0,0.0,0.0,50.0,16.7,16.7,50.0,
2014-09-28,2014,Kalmar,Hacken,2,3,A,O,3.12,3.36,2.22,13,2.0,2.0,1.0,1.0,6.0,9.0,-3.0,7.0,3.0,4.0,-1.0,6.0,-7.0,1.0,2.0,-1.0,1.0,0.0,1.0,50.0,8.3,41.7,41.7,A
2014-09-28,2014,Falkenbergs,Norrkoping,4,2,H,O,2.74,3.28,2.51,13,1.0,0.0,3.0,2.0,7.0,3.0,4.0,10.0,8.0,2.0,-3.0,-5.0,2.0,1.0,0.0,1.0,2.0,2.0,0.0,33.3,41.7,8.3,50.0,H
2014-09-28,2014,Elfsborg,AIK,1,1,D,U,1.93,3.48,3.79,14,3.0,1.0,0.0,3.0,4.0,7.0,-3.0,0.0,10.0,-10.0,4.0,-3.0,7.0,1.0,1.0,0.0,0.0,2.0,-2.0,76.9,7.7,41.7,33.3,D
2014-09-27,2014,Malmo FF,Mjallby,4,1,H,O,1.38,4.75,7.62,13,2.0,1.0,0.0,2.0,9.0,3.0,6.0,5.0,7.0,-2.0,4.0,-4.0,8.0,1.0,0.0,1.0,0.0,1.0,-1.0,58.3,8.3,16.7,66.7,D
2014-09-25,2014,Norrkoping,Kalmar,0,0,D,U,1.79,3.66,4.24,13,1.0,0.0,2.0,4.0,6.0,1.0,5.0,7.0,9.0,-2.0,-1.0,-8.0,7.0,1.0,0.0,1.0,1.0,4.0,-3.0,41.7,41.7,25.0,58.3,
2014-09-25,2014,Hacken,Atvidabergs,0,2,A,U,1.39,4.68,7.44,13,0.0,2.0,1.0,2.0,5.0,2.0,3.0,7.0,4.0,3.0,-2.0,-2.0,0.0,0.0,0.0,0.0,1.0,1.0,0.0,50.0,8.3,16.7,58.3,
2014-09-24,2014,Orebro,Goteborg,3,4,A,O,3.37,3.28,2.14,13,3.0,1.0,1.0,0.0,10.0,5.0,5.0,5.0,4.0,1.0,5.0,1.0,4.0,3.0,0.0,3.0,0.0,0.0,0.0,41.7,25.0,16.7,8.3,
2014-09-24,2014,Mjallby,AIK,1,0,H,U,3.81,3.5,1.92,13,2.0,2.0,2.0,2.0,5.0,9.0,-4.0,4.0,9.0,-5.0,1.0,0.0,1.0,1.0,2.0,-1.0,0.0,2.0,-2.0,41.7,41.7,45.5,27.3,
2014-09-24,2014,Helsingborg,Brommapojkarna,3,1,H,O,1.2,6.72,12.0,13,2.0,0.0,1.0,3.0,8.0,3.0,5.0,6.0,10.0,-4.0,2.0,-7.0,9.0,2.0,0.0,2.0,1.0,3.0,-2.0,41.7,16.7,0.0,83.3,
2014-09-24,2014,Halmstad,Malmo FF,0,1,A,U,3.74,3.46,1.95,13,1.0,1.0,2.0,1.0,5.0,8.0,-3.0,8.0,7.0,1.0,-3.0,1.0,-4.0,0.0,1.0,-1.0,1.0,1.0,0.0,33.3,25.0,58.3,8.3,
2014-09-24,2014,Elfsborg,Gefle,1,0,H,U,1.31,5.08,9.56,13,3.0,1.0,0.0,3.0,4.0,4.0,0.0,0.0,10.0,-10.0,4.0,-6.0,10.0,1.0,0.0,1.0,0.0,2.0,-2.0,75.0,8.3,8.3,50.0,
2014-09-24,2014,Djurgarden,Falkenbergs,1,0,H,U,1.4,4.62,7.41,12,2.0,1.0,1.0,3.0,8.0,5.0,3.0,3.0,9.0,-6.0,5.0,-4.0,9.0,2.0,0.0,2.0,0.0,2.0,-2.0,36.4,27.3,16.7,66.7,
2014-09-22,2014,Atvidabergs,Norrkoping,2,2,D,O,2.56,3.31,2.65,12,2.0,0.0,1.0,3.0,8.0,1.0,7.0,6.0,9.0,-3.0,2.0,-8.0,10.0,1.0,0.0,1.0,0.0,3.0,-3.0,54.5,18.2,9.1,54.5,
2014-09-21,2014,Mjallby,Elfsborg,1,0,H,U,4.46,3.61,1.76,12,2.0,1.0,2.0,2.0,7.0,6.0,1.0,4.0,9.0,-5.0,3.0,-3.0,6.0,2.0,1.0,1.0,0.0,2.0,-2.0,36.4,45.5,27.3,36.4,H
2014-09-21,2014,Malmo FF,Helsingborg,1,1,D,U,1.56,3.93,5.81,12,3.0,1.0,0.0,0.0,11.0,6.0,5.0,5.0,5.0,0.0,6.0,1.0,5.0,2.0,0.0,2.0,0.0,0.0,0.0,63.6,9.1,18.2,54.5,D
2014-09-21,2014,Kalmar,Djurgarden,0,4,A,O,2.63,3.26,2.61,12,2.0,1.0,0.0,2.0,7.0,7.0,0.0,4.0,5.0,-1.0,3.0,2.0,1.0,1.0,1.0,0.0,0.0,0.0,0.0,54.5,0.0,33.3,25.0,A
2014-09-21,2014,AIK,Halmstad,0,1,A,U,1.46,4.53,6.18,13,3.0,3.0,0.0,1.0,8.0,8.0,0.0,2.0,5.0,-3.0,6.0,3.0,3.0,2.0,1.0,1.0,0.0,1.0,-1.0,66.7,16.7,27.3,63.6,A
2014-09-20,2014,Falkenbergs,Orebro,1,3,A,O,2.44,3.32,2.79,12,2.0,2.0,2.0,1.0,10.0,6.0,4.0,8.0,5.0,3.0,2.0,1.0,1.0,2.0,0.0,2.0,1.0,0.0,1.0,36.4,36.4,27.3,45.5,A
2014-09-20,2014,Brommapojkarna,Hacken,1,5,A,O,6.71,4.53,1.43,12,0.0,2.0,3.0,1.0,5.0,6.0,-1.0,11.0,3.0,8.0,-6.0,3.0,-9.0,0.0,1.0,-1.0,1.0,0.0,1.0,9.1,54.5,36.4,45.5,D
2014-09-19,2014,Goteborg,Gefle,4,0,H,O,1.26,5.57,10.43,12,3.0,1.0,1.0,3.0,8.0,6.0,2.0,3.0,9.0,-6.0,5.0,-3.0,8.0,3.0,0.0,3.0,1.0,1.0,0.0,63.6,18.2,9.1,45.5,
2014-09-15,2014,Orebro,Kalmar,2,0,H,U,2.04,3.42,3.5,12,2.0,0.0,1.0,4.0,9.0,2.0,7.0,6.0,10.0,-4.0,3.0,-8.0,11.0,2.0,0.0,2.0,0.0,4.0,-4.0,36.4,27.3,27.3,54.5,
2014-09-15,2014,Norrkoping,Brommapojkarna,3,1,H,O,1.36,4.9,7.92,12,1.0,0.0,2.0,3.0,7.0,4.0,3.0,8.0,10.0,-2.0,-1.0,-6.0,5.0,1.0,0.0,1.0,1.0,2.0,-1.0,36.4,45.5,0.0,81.8,
2014-09-15,2014,Helsingborg,AIK,3,1,H,O,2.71,3.34,2.51,12,1.0,2.0,1.0,2.0,6.0,9.0,-3.0,6.0,10.0,-4.0,0.0,-1.0,1.0,1.0,2.0,-1.0,1.0,2.0,-1.0,36.4,18.2,50.0,20.0,
2014-09-14,2014,Halmstad,Mjallby,1,2,A,O,1.69,3.74,4.81,12,2.0,0.0,1.0,3.0,7.0,2.0,5.0,8.0,9.0,-1.0,-1.0,-7.0,6.0,0.0,0.0,0.0,1.0,2.0,-1.0,36.4,18.2,9.1,72.7,A
2014-09-14,2014,Gefle,Falkenbergs,3,1,H,O,2.33,3.21,3.03,12,2.0,1.0,1.0,3.0,3.0,4.0,-1.0,1.0,9.0,-8.0,2.0,-5.0,7.0,1.0,0.0,1.0,0.0,2.0,-2.0,36.4,36.4,18.2,63.6,A
2014-09-14,2014,Elfsborg,Goteborg,0,0,D,U,2.06,3.33,3.55,12,4.0,1.0,0.0,1.0,7.0,5.0,2.0,0.0,7.0,-7.0,7.0,-2.0,9.0,2.0,0.0,2.0,0.0,1.0,-1.0,81.8,9.1,18.2,9.1,D
2014-09-14,2014,Djurgarden,Atvidabergs,0,1,A,U,1.47,4.25,6.63,11,2.0,1.0,1.0,2.0,9.0,3.0,6.0,4.0,6.0,-2.0,5.0,-3.0,8.0,2.0,0.0,2.0,0.0,1.0,-1.0,40.0,20.0,9.1,63.6,A
2014-09-13,2014,Hacken,Malmo FF,3,3,D,O,2.52,3.3,2.71,12,1.0,1.0,1.0,1.0,4.0,6.0,-2.0,5.0,5.0,0.0,-1.0,1.0,-2.0,0.0,1.0,-1.0,1.0,1.0,0.0,54.5,9.1,63.6,9.1,H
2014-08-31,2014,Norrkoping,AIK,2,4,A,O,2.77,3.35,2.45,11,1.0,2.0,2.0,2.0,8.0,8.0,0.0,9.0,8.0,1.0,-1.0,0.0,-1.0,1.0,2.0,-1.0,1.0,2.0,-1.0,40.0,40.0,44.4,22.2,A
2014-08-31,2014,Goteborg,Kalmar,2,0,H,U,1.57,3.84,5.77,11,3.0,0.0,1.0,4.0,12.0,2.0,10.0,5.0,11.0,-6.0,7.0,-9.0,16.0,3.0,0.0,3.0,1.0,4.0,-3.0,60.0,20.0,30.0,50.0,H
2014-08-31,2014,Elfsborg,Falkenbergs,1,0,H,U,1.31,5.16,8.97,11,3.0,1.0,0.0,2.0,8.0,5.0,3.0,2.0,9.0,-7.0,6.0,-4.0,10.0,2.0,0.0,2.0,0.0,2.0,-2.0,80.0,10.0,20.0,60.0,D
2014-08-31,2014,Djurgarden,Malmo FF,2,0,H,U,2.65,3.28,2.58,10,1.0,1.0,1.0,0.0,8.0,7.0,1.0,5.0,4.0,1.0,3.0,3.0,0.0,1.0,1.0,0.0,0.0,0.0,0.0,33.3,22.2,70.0,0.0,H
2014-08-30,2014,Hacken,Mjallby,1,1,D,U,1.33,5.09,8.46,11,2.0,0.0,1.0,4.0,7.0,2.0,5.0,5.0,10.0,-5.0,2.0,-8.0,10.0,1.0,0.0,1.0,1.0,2.0,-1.0,60.0,10.0,10.0,80.0,A
2014-08-30,2014,Gefle,Atvidabergs,0,1,A,U,2.26,3.25,3.14,11,3.0,0.0,0.0,3.0,4.0,2.0,2.0,0.0,9.0,-9.0,4.0,-7.0,11.0,1.0,0.0,1.0,0.0,2.0,-2.0,40.0,30.0,0.0,70.0,D
2014-08-29,2014,Orebro,Brommapojkarna,3,1,H,O,1.38,4.64,7.55,11,1.0,0.0,1.0,2.0,8.0,5.0,3.0,7.0,9.0,-2.0,1.0,-4.0,5.0,1.0,0.0,1.0,0.0,1.0,-1.0,30.0,30.0,0.0,80.0,
2014-08-29,2014,Helsingborg,Halmstad,1,4,A,O,1.68,3.8,4.72,11,1.0,2.0,0.0,1.0,6.0,5.0,1.0,3.0,5.0,-2.0,3.0,0.0,3.0,1.0,0.0,1.0,0.0,1.0,-1.0,40.0,10.0,20.0,70.0,
2014-08-25,2014,Kalmar,Gefle,2,1,H,O,1.76,3.49,4.65,11,2.0,1.0,0.0,2.0,7.0,6.0,1.0,4.0,8.0,-4.0,3.0,-2.0,5.0,1.0,0.0,1.0,0.0,1.0,-1.0,50.0,0.0,10.0,40.0,
2014-08-25,2014,Brommapojkarna,Djurgarden,0,4,A,O,8.94,4.97,1.33,11,0.0,1.0,2.0,2.0,6.0,8.0,-2.0,8.0,8.0,0.0,-2.0,0.0,-2.0,0.0,1.0,-1.0,0.0,0.0,0.0,10.0,50.0,27.3,27.3,
2014-08-25,2014,Atvidabergs,Orebro,1,2,A,O,2.4,3.3,2.86,11,2.0,1.0,1.0,2.0,7.0,5.0,2.0,7.0,8.0,-1.0,0.0,-3.0,3.0,1.0,0.0,1.0,1.0,1.0,0.0,60.0,10.0,20.0,50.0,
2014-08-24,2014,Halmstad,Elfsborg,1,1,D,U,3.6,3.43,1.99,11,2.0,1.0,1.0,2.0,8.0,6.0,2.0,9.0,9.0,0.0,-1.0,-3.0,2.0,0.0,1.0,-1.0,1.0,2.0,-1.0,40.0,20.0,30.0,40.0,A
2014-08-24,2014,Falkenbergs,Goteborg,1,2,A,O,3.83,3.4,1.94,11,2.0,0.0,1.0,1.0,10.0,5.0,5.0,7.0,8.0,-1.0,3.0,-3.0,6.0,2.0,0.0,2.0,1.0,1.0,0.0,40.0,30.0,10.0,10.0,A
2014-08-24,2014,AIK,Hacken,1,0,H,U,1.84,3.59,4.04,12,3.0,2.0,0.0,1.0,10.0,6.0,4.0,2.0,3.0,-1.0,8.0,3.0,5.0,3.0,1.0,2.0,0.0,0.0,0.0,63.6,18.2,40.0,40.0,H
2014-08-23,2014,Malmo FF,Norrkoping,3,0,H,O,1.46,4.28,6.64,11,3.0,0.0,0.0,2.0,11.0,3.0,8.0,5.0,8.0,-3.0,6.0,-5.0,11.0,2.0,0.0,2.0,0.0,2.0,-2.0,60.0,10.0,10.0,50.0,D
2014-08-22,2014,Mjallby,Helsingborg,1,2,A,O,3.23,3.4,2.15,11,2.0,0.0,1.0,1.0,7.0,6.0,1.0,3.0,10.0,-7.0,4.0,-4.0,8.0,2.0,0.0,2.0,0.0,1.0,-1.0,40.0,40.0,10.0,60.0,
2014-08-18,2014,Norrkoping,Halmstad,1,2,A,O,1.85,3.53,4.09,10,2.0,1.0,1.0,2.0,8.0,3.0,5.0,7.0,5.0,2.0,1.0,-2.0,3.0,1.0,0.0,1.0,1.0,1.0,0.0,44.4,33.3,11.1,77.8,
2014-08-18,2014,Hacken,Helsingborg,1,1,D,U,1.96,3.53,3.63,10,2.0,0.0,1.0,2.0,7.0,5.0,2.0,5.0,11.0,-6.0,2.0,-6.0,8.0,1.0,0.0,1.0,1.0,2.0,-1.0,66.7,11.1,11.1,66.7,
2014-08-18,2014,Djurgarden,Mjallby,4,0,H,O,1.4,4.63,7.35,9,0.0,1.0,1.0,3.0,4.0,3.0,1.0,5.0,6.0,-1.0,-1.0,-3.0,2.0,0.0,0.0,0.0,0.0,1.0,-1.0,25.0,25.0,11.1,77.8,
2014-08-17,2014,Orebro,AIK,4,2,H,O,3.35,3.38,2.1,10,0.0,2.0,2.0,1.0,4.0,8.0,-4.0,6.0,6.0,0.0,-2.0,2.0,-4.0,0.0,2.0,-2.0,0.0,1.0,-1.0,22.2,33.3,50.0,12.5,H
2014-08-17,2014,Goteborg,Brommapojkarna,3,0,H,O,1.25,5.62,11.07,10,2.0,0.0,1.0,2.0,11.0,7.0,4.0,7.0,10.0,-3.0,4.0,-3.0,7.0,2.0,0.0,2.0,1.0,1.0,0.0,55.6,22.2,0.0,77.8,H
2014-08-17,2014,Falkenbergs,Atvidabergs,3,0,H,O,2.17,3.38,3.2,10,1.0,0.0,1.0,3.0,8.0,2.0,6.0,8.0,7.0,1.0,0.0,-5.0,5.0,1.0,0.0,1.0,1.0,1.0,0.0,33.3,33.3,0.0,66.7,H
2014-08-17,2014,Elfsborg,Kalmar,2,0,H,U,1.53,4.07,5.94,10,2.0,0.0,1.0,3.0,6.0,3.0,3.0,3.0,10.0,-7.0,3.0,-7.0,10.0,1.0,0.0,1.0,0.0,3.0,-3.0,77.8,11.1,33.3,44.4,H
2014-08-16,2014,Gefle,Malmo FF,0,0,D,U,3.7,3.32,2.02,10,3.0,2.0,0.0,0.0,5.0,8.0,-3.0,1.0,4.0,-3.0,4.0,4.0,0.0,1.0,1.0,0.0,0.0,0.0,0.0,44.4,33.3,77.8,0.0,D
2014-08-14,2014,Mjallby,Norrkoping,3,1,H,O,2.93,3.3,2.35,10,2.0,0.0,1.0,1.0,5.0,4.0,1.0,2.0,7.0,-5.0,3.0,-3.0,6.0,1.0,0.0,1.0,0.0,1.0,-1.0,33.3,44.4,11.1,44.4,
2014-08-14,2014,Kalmar,Falkenbergs,3,1,H,O,1.64,3.73,5.26,10,2.0,1.0,0.0,2.0,6.0,4.0,2.0,3.0,7.0,-4.0,3.0,-3.0,6.0,1.0,0.0,1.0,0.0,1.0,-1.0,44.4,0.0,22.2,55.6,
2014-08-14,2014,Helsingborg,Elfsborg,4,1,H,O,3.0,3.3,2.32,10,1.0,1.0,0.0,2.0,3.0,6.0,-3.0,2.0,7.0,-5.0,1.0,-1.0,2.0,0.0,1.0,-1.0,0.0,1.0,-1.0,33.3,11.1,33.3,33.3,
2014-08-14,2014,Halmstad,Hacken,1,4,A,O,2.98,3.38,2.29,10,2.0,1.0,0.0,1.0,8.0,3.0,5.0,6.0,3.0,3.0,2.0,0.0,2.0,0.0,0.0,0.0,0.0,0.0,0.0,44.4,11.1,33.3,44.4,
2014-08-13,2014,Malmo FF,Orebro,3,2,H,O,1.37,4.89,7.54,10,2.0,1.0,0.0,2.0,10.0,3.0,7.0,5.0,6.0,-1.0,5.0,-3.0,8.0,2.0,0.0,2.0,0.0,1.0,-1.0,55.6,11.1,22.2,44.4,
2014-08-13,2014,Brommapojkarna,Gefle,1,2,A,O,2.34,3.27,2.98,10,0.0,0.0,2.0,3.0,5.0,4.0,1.0,7.0,8.0,-1.0,-2.0,-4.0,2.0,0.0,0.0,0.0,0.0,1.0,-1.0,11.1,44.4,0.0,44.4,
2014-08-13,2014,Atvidabergs,Goteborg,1,1,D,U,3.44,3.36,2.08,10,3.0,0.0,1.0,1.0,7.0,5.0,2.0,6.0,8.0,-2.0,1.0,-3.0,4.0,1.0,0.0,1.0,1.0,1.0,0.0,66.7,11.1,11.1,11.1,
2014-08-13,2014,AIK,Djurgarden,1,1,D,U,1.79,3.56,4.38,11,4.0,2.0,0.0,2.0,13.0,8.0,5.0,3.0,7.0,-4.0,10.0,1.0,9.0,4.0,1.0,3.0,0.0,0.0,0.0,70.0,20.0,30.0,30.0,
2014-08-11,2014,Hacken,Elfsborg,0,2,A,U,2.47,3.27,2.81,9,3.0,1.0,0.0,2.0,11.0,5.0,6.0,4.0,7.0,-3.0,7.0,-2.0,9.0,2.0,0.0,2.0,0.0,1.0,-1.0,75.0,0.0,25.0,37.5,
2014-08-10,2014,Malmo FF,Goteborg,2,2,D,O,1.88,3.44,4.1,9,3.0,0.0,0.0,1.0,11.0,3.0,8.0,4.0,6.0,-2.0,7.0,-3.0,10.0,3.0,0.0,3.0,0.0,1.0,-1.0,62.5,12.5,12.5,12.5,H
2014-08-10,2014,Helsingborg,Norrkoping,0,0,D,U,1.85,3.51,4.11,9,1.0,0.0,0.0,2.0,3.0,4.0,-1.0,2.0,9.0,-7.0,1.0,-5.0,6.0,0.0,0.0,0.0,0.0,2.0,-2.0,37.5,12.5,12.5,50.0,D
2014-08-10,2014,Halmstad,Djurgarden,2,1,H,O,2.82,3.29,2.44,9,2.0,2.0,0.0,1.0,9.0,8.0,1.0,5.0,6.0,-1.0,4.0,2.0,2.0,1.0,1.0,0.0,0.0,0.0,0.0,37.5,12.5,33.3,22.2,H
2014-08-10,2014,Brommapojkarna,Falkenbergs,2,3,A,O,2.29,3.28,3.08,9,0.0,1.0,2.0,2.0,3.0,4.0,-1.0,5.0,5.0,0.0,-2.0,-1.0,-1.0,0.0,1.0,-1.0,0.0,1.0,-1.0,12.5,37.5,12.5,62.5,D
2014-08-10,2014,AIK,Gefle,3,1,H,O,1.4,4.55,7.7,10,4.0,0.0,0.0,2.0,12.0,5.0,7.0,3.0,7.0,-4.0,9.0,-2.0,11.0,3.0,0.0,3.0,0.0,0.0,0.0,66.7,22.2,0.0,37.5,D
2014-08-09,2014,Mjallby,Orebro,0,1,A,U,2.35,3.24,3.01,9,2.0,0.0,1.0,3.0,5.0,3.0,2.0,2.0,8.0,-6.0,3.0,-5.0,8.0,1.0,0.0,1.0,0.0,1.0,-1.0,37.5,37.5,12.5,50.0,D
2014-08-09,2014,Atvidabergs,Kalmar,3,1,H,O,2.71,3.21,2.58,9,3.0,0.0,1.0,3.0,5.0,3.0,2.0,5.0,11.0,-6.0,0.0,-8.0,8.0,0.0,0.0,0.0,1.0,3.0,-2.0,62.5,12.5,37.5,37.5,H
2014-08-04,2014,Goteborg,AIK,0,2,A,U,1.94,3.49,3.76,9,3.0,1.0,0.0,1.0,13.0,8.0,5.0,6.0,8.0,-2.0,7.0,0.0,7.0,2.0,1.0,1.0,0.0,1.0,-1.0,62.5,12.5,42.9,14.3,
2014-08-04,2014,Gefle,Mjallby,1,0,H,U,1.96,3.36,3.84,9,2.0,1.0,1.0,3.0,4.0,4.0,0.0,2.0,7.0,-5.0,2.0,-3.0,5.0,1.0,0.0,1.0,0.0,1.0,-1.0,37.5,37.5,12.5,75.0,
2014-08-04,2014,Djurgarden,Helsingborg,2,2,D,O,1.96,3.43,3.75,8,0.0,1.0,1.0,2.0,2.0,4.0,-2.0,3.0,9.0,-6.0,-1.0,-5.0,4.0,0.0,0.0,0.0,0.0,2.0,-2.0,28.6,28.6,12.5,75.0,
2014-08-03,2014,Kalmar,Brommapojkarna,1,1,D,U,1.46,4.26,6.72,9,3.0,0.0,0.0,3.0,7.0,6.0,1.0,2.0,12.0,-10.0,5.0,-6.0,11.0,2.0,0.0,2.0,0.0,2.0,-2.0,50.0,0.0,0.0,87.5,H
2014-08-03,2014,Elfsborg,Atvidabergs,1,0,H,U,1.34,4.96,8.56,9,2.0,0.0,1.0,2.0,6.0,2.0,4.0,3.0,6.0,-3.0,3.0,-4.0,7.0,1.0,0.0,1.0,0.0,1.0,-1.0,75.0,12.5,0.0,62.5,H
2014-08-02,2014,Orebro,Halmstad,1,2,A,O,1.96,3.44,3.74,9,0.0,0.0,1.0,3.0,5.0,2.0,3.0,6.0,7.0,-1.0,-1.0,-5.0,4.0,0.0,0.0,0.0,0.0,2.0,-2.0,25.0,25.0,0.0,87.5,H
2014-08-02,2014,Norrkoping,Hacken,0,0,D,U,2.66,3.41,2.51,9,2.0,1.0,2.0,2.0,8.0,3.0,5.0,10.0,4.0,6.0,-2.0,-1.0,-1.0,1.0,0.0,1.0,2.0,0.0,2.0,50.0,37.5,37.5,50.0,D
2014-08-02,2014,Falkenbergs,Malmo FF,2,5,A,O,4.21,3.45,1.85,9,2.0,2.0,0.0,0.0,7.0,4.0,3.0,3.0,2.0,1.0,4.0,2.0,2.0,1.0,0.0,1.0,0.0,0.0,0.0,37.5,25.0,75.0,0.0,A
2014-07-28,2014,Hacken,Djurgarden,2,1,H,O,1.65,3.93,4.8,8,3.0,2.0,0.0,1.0,12.0,7.0,5.0,4.0,5.0,-1.0,8.0,2.0,6.0,3.0,1.0,2.0,0.0,0.0,0.0,71.4,0.0,37.5,12.5,
2014-07-28,2014,AIK,Falkenbergs,3,0,H,O,1.45,4.47,6.47,9,4.0,1.0,0.0,1.0,11.0,4.0,7.0,4.0,2.0,2.0,7.0,2.0,5.0,2.0,1.0,1.0,0.0,0.0,0.0,62.5,25.0,14.3,57.1,
2014-07-27,2014,Mjallby,Goteborg,3,0,H,O,4.97,3.76,1.66,8,2.0,0.0,1.0,0.0,4.0,4.0,0.0,3.0,4.0,-1.0,1.0,0.0,1.0,0.0,0.0,0.0,0.0,0.0,0.0,28.6,42.9,14.3,0.0,H
2014-07-27,2014,Helsingborg,Orebro,1,1,D,U,1.6,3.95,5.24,8,1.0,0.0,1.0,4.0,2.0,2.0,0.0,2.0,9.0,-7.0,0.0,-7.0,7.0,0.0,0.0,0.0,0.0,2.0,-2.0,42.9,14.3,14.3,57.1,H
2014-07-27,2014,Elfsborg,Norrkoping,3,0,H,O,1.49,4.32,6.06,8,2.0,0.0,1.0,2.0,6.0,4.0,2.0,4.0,9.0,-5.0,2.0,-5.0,7.0,1.0,0.0,1.0,0.0,2.0,-2.0,71.4,14.3,14.3,42.9,H
2014-07-27,2014,Brommapojkarna,Atvidabergs,2,2,D,O,2.43,3.27,2.84,8,1.0,0.0,2.0,3.0,4.0,1.0,3.0,3.0,6.0,-3.0,1.0,-5.0,6.0,1.0,0.0,1.0,0.0,1.0,-1.0,14.3,42.9,0.0,71.4,H
2014-07-26,2014,Malmo FF,Kalmar,3,1,H,O,1.53,3.96,6.3,8,2.0,0.0,1.0,2.0,9.0,2.0,7.0,5.0,8.0,-3.0,4.0,-6.0,10.0,2.0,0.0,2.0,0.0,2.0,-2.0,57.1,14.3,42.9,28.6,A
2014-07-26,2014,Halmstad,Gefle,3,2,H,O,1.98,3.38,3.77,8,1.0,0.0,0.0,1.0,8.0,4.0,4.0,5.0,5.0,0.0,3.0,-1.0,4.0,1.0,0.0,1.0,0.0,0.0,0.0,28.6,14.3,0.0,28.6,
2014-07-21,2014,Djurgarden,Hacken,1,2,A,O,2.38,3.35,2.87,7,1.0,1.0,0.0,2.0,4.0,3.0,1.0,3.0,4.0,-1.0,1.0,-1.0,2.0,0.0,0.0,0.0,0.0,0.0,0.0,33.3,16.7,28.6,57.1,
2014-07-20,2014,Orebro,Helsingborg,1,1,D,U,2.76,3.23,2.51,8,0.0,1.0,1.0,3.0,4.0,4.0,0.0,5.0,10.0,-5.0,-1.0,-6.0,5.0,0.0,0.0,0.0,0.0,2.0,-2.0,28.6,28.6,14.3,85.7,A
2014-07-20,2014,Norrkoping,Elfsborg,4,2,H,O,3.15,3.4,2.18,8,2.0,1.0,2.0,1.0,6.0,3.0,3.0,9.0,3.0,6.0,-3.0,0.0,-3.0,0.0,0.0,0.0,2.0,0.0,2.0,42.9,42.9,28.6,28.6,H
2014-07-20,2014,Goteborg,Mjallby,3,1,H,O,1.3,5.09,10.1,8,2.0,1.0,0.0,3.0,10.0,4.0,6.0,5.0,7.0,-2.0,5.0,-3.0,8.0,1.0,0.0,1.0,0.0,1.0,-1.0,57.1,14.3,14.3,71.4,H
2014-07-20,2014,Falkenbergs,AIK,4,1,H,O,3.33,3.31,2.15,8,1.0,1.0,0.0,0.0,4.0,9.0,-5.0,3.0,6.0,-3.0,1.0,3.0,-2.0,0.0,1.0,-1.0,0.0,0.0,0.0,28.6,28.6,50.0,0.0,H
2014-07-20,2014,Atvidabergs,Brommapojkarna,3,2,H,O,1.97,3.41,3.73,8,2.0,0.0,1.0,3.0,3.0,5.0,-2.0,4.0,12.0,-8.0,-1.0,-7.0,6.0,0.0,0.0,0.0,1.0,3.0,-2.0,57.1,14.3,0.0,85.7,H
2014-07-19,2014,Kalmar,Malmo FF,1,1,D,U,2.81,3.18,2.53,8,4.0,3.0,0.0,0.0,8.0,4.0,4.0,1.0,1.0,0.0,7.0,3.0,4.0,3.0,0.0,3.0,0.0,0.0,0.0,57.1,0.0,85.7,0.0,D
2014-07-19,2014,Gefle,Halmstad,2,0,H,U,2.27,3.25,3.13,8,1.0,0.0,1.0,3.0,3.0,3.0,0.0,3.0,7.0,-4.0,0.0,-4.0,4.0,0.0,0.0,0.0,0.0,1.0,-1.0,28.6,42.9,0.0,85.7,H
2014-07-14,2014,Norrkoping,Djurgarden,3,5,A,O,2.6,3.21,2.68,7,2.0,1.0,2.0,1.0,4.0,3.0,1.0,6.0,3.0,3.0,-2.0,0.0,-2.0,0.0,0.0,0.0,1.0,0.0,1.0,50.0,33.3,28.6,14.3,
2014-07-13,2014,Helsingborg,Gefle,1,1,D,U,1.53,4.06,6.04,7,2.0,0.0,1.0,1.0,4.0,5.0,-1.0,2.0,6.0,-4.0,2.0,-1.0,3.0,1.0,0.0,1.0,0.0,0.0,0.0,50.0,16.7,0.0,33.3,D
2014-07-13,2014,Halmstad,Goteborg,2,2,D,O,3.68,3.46,1.98,7,2.0,0.0,0.0,0.0,8.0,3.0,5.0,4.0,3.0,1.0,4.0,0.0,4.0,1.0,0.0,1.0,0.0,0.0,0.0,33.3,16.7,16.7,0.0,D
2014-07-13,2014,Hacken,Orebro,4,1,H,O,1.59,3.87,5.56,7,2.0,0.0,0.0,3.0,10.0,3.0,7.0,5.0,7.0,-2.0,5.0,-4.0,9.0,2.0,0.0,2.0,0.0,1.0,-1.0,66.7,0.0,16.7,50.0,
2014-07-13,2014,Elfsborg,Brommapojkarna,2,2,D,O,1.21,6.15,13.14,7,3.0,0.0,1.0,4.0,8.0,5.0,3.0,3.0,13.0,-10.0,5.0,-8.0,13.0,2.0,0.0,2.0,0.0,3.0,-3.0,83.3,16.7,0.0,100.0,D
2014-07-12,2014,Mjallby,Falkenbergs,1,1,D,U,2.06,3.24,3.64,7,2.0,1.0,2.0,2.0,4.0,3.0,1.0,6.0,2.0,4.0,-2.0,1.0,-3.0,0.0,1.0,-1.0,1.0,0.0,1.0,33.3,50.0,16.7,66.7,H
2014-07-12,2014,Malmo FF,Atvidabergs,3,0,H,O,1.36,4.64,8.96,7,1.0,0.0,1.0,3.0,8.0,3.0,5.0,7.0,6.0,1.0,1.0,-3.0,4.0,1.0,0.0,1.0,0.0,0.0,0.0,50.0,16.7,0.0,66.7,H
2014-07-12,2014,AIK,Kalmar,3,0,H,O,1.74,3.63,4.61,8,4.0,1.0,0.0,1.0,10.0,4.0,6.0,5.0,5.0,0.0,5.0,-1.0,6.0,1.0,1.0,0.0,0.0,1.0,-1.0,57.1,28.6,50.0,16.7,H
2014-07-07,2014,Djurgarden,Elfsborg,1,1,D,U,3.02,3.21,2.36,6,1.0,2.0,1.0,1.0,5.0,5.0,0.0,5.0,4.0,1.0,0.0,1.0,-1.0,0.0,0.0,0.0,0.0,0.0,0.0,40.0,20.0,33.3,33.3,
2014-07-07,2014,Atvidabergs,AIK,0,3,A,O,2.91,3.3,2.38,7,2.0,1.0,0.0,0.0,5.0,9.0,-4.0,3.0,8.0,-5.0,2.0,1.0,1.0,0.0,0.0,0.0,0.0,0.0,0.0,66.7,0.0,40.0,0.0,
2014-07-06,2014,Orebro,Norrkoping,2,2,D,O,2.58,3.25,2.67,7,1.0,1.0,1.0,2.0,5.0,4.0,1.0,5.0,8.0,-3.0,0.0,-4.0,4.0,0.0,0.0,0.0,0.0,2.0,-2.0,33.3,33.3,16.7,50.0,H
2014-07-06,2014,Goteborg,Helsingborg,6,2,H,O,1.69,3.64,4.95,7,2.0,1.0,0.0,3.0,5.0,3.0,2.0,3.0,6.0,-3.0,2.0,-3.0,5.0,0.0,0.0,0.0,0.0,1.0,-1.0,50.0,16.7,16.7,83.3,H
2014-07-06,2014,Brommapojkarna,Malmo FF,1,1,D,U,5.23,3.87,1.61,7,1.0,4.0,2.0,0.0,5.0,5.0,0.0,4.0,1.0,3.0,1.0,4.0,-3.0,1.0,0.0,1.0,0.0,0.0,0.0,16.7,50.0,100.0,0.0,D
2014-07-05,2014,Kalmar,Mjallby,2,1,H,O,1.67,3.6,5.26,7,3.0,1.0,0.0,3.0,7.0,4.0,3.0,1.0,8.0,-7.0,6.0,-4.0,10.0,3.0,0.0,3.0,0.0,2.0,-2.0,50.0,0.0,16.7,66.7,D
2014-07-05,2014,Gefle,Hacken,1,0,H,U,3.62,3.37,2.03,7,0.0,2.0,2.0,1.0,2.0,7.0,-5.0,5.0,4.0,1.0,-3.0,3.0,-6.0,0.0,1.0,-1.0,1.0,0.0,1.0,16.7,50.0,33.3,50.0,D
2014-07-05,2014,Falkenbergs,Halmstad,1,1,D,U,2.42,3.23,2.91,7,1.0,0.0,1.0,4.0,5.0,3.0,2.0,5.0,10.0,-5.0,0.0,-7.0,7.0,0.0,0.0,0.0,0.0,2.0,-2.0,33.3,33.3,0.0,100.0,D
2014-06-02,2014,Norrkoping,Gefle,1,0,H,U,1.83,3.54,4.23,6,1.0,0.0,2.0,1.0,4.0,5.0,-1.0,7.0,6.0,1.0,-3.0,-1.0,-2.0,0.0,0.0,0.0,1.0,0.0,1.0,40.0,40.0,0.0,20.0,
2014-06-02,2014,Hacken,Goteborg,1,1,D,U,2.65,3.25,2.61,6,3.0,0.0,0.0,0.0,12.0,3.0,9.0,4.0,3.0,1.0,8.0,0.0,8.0,3.0,0.0,3.0,0.0,0.0,0.0,80.0,0.0,20.0,0.0,
2014-06-02,2014,AIK,Brommapojkarna,4,2,H,O,1.39,4.68,7.56,7,3.0,0.0,1.0,4.0,7.0,3.0,4.0,5.0,12.0,-7.0,2.0,-9.0,11.0,0.0,0.0,0.0,0.0,3.0,-3.0,50.0,33.3,0.0,100.0,
2014-06-01,2014,Helsingborg,Falkenbergs,1,0,H,U,1.59,3.87,5.54,6,2.0,1.0,1.0,2.0,7.0,3.0,4.0,4.0,3.0,1.0,3.0,0.0,3.0,2.0,1.0,1.0,0.0,1.0,-1.0,40.0,20.0,20.0,60.0,H
2014-06-01,2014,Elfsborg,Malmo FF,0,1,A,U,2.11,3.31,3.4,6,4.0,4.0,0.0,0.0,9.0,6.0,3.0,2.0,2.0,0.0,7.0,4.0,3.0,2.0,0.0,2.0,0.0,0.0,0.0,100.0,0.0,100.0,0.0,A
2014-05-31,2014,Mjallby,Atvidabergs,1,0,H,U,2.52,3.18,2.8,6,1.0,0.0,3.0,3.0,3.0,3.0,0.0,8.0,10.0,-2.0,-5.0,-7.0,2.0,0.0,0.0,0.0,2.0,1.0,1.0,20.0,60.0,0.0,60.0,D
2014-05-31,2014,Halmstad,Kalmar,1,1,D,U,2.31,3.28,3.04,6,2.0,2.0,0.0,1.0,7.0,6.0,1.0,3.0,5.0,-2.0,4.0,1.0,3.0,1.0,2.0,-1.0,0.0,1.0,-1.0,40.0,20.0,60.0,20.0,D
2014-05-30,2014,Orebro,Djurgarden,0,1,A,U,3.25,3.26,2.2,6,1.0,0.0,1.0,1.0,6.0,4.0,2.0,6.0,5.0,1.0,0.0,-1.0,1.0,0.0,0.0,0.0,0.0,0.0,0.0,40.0,20.0,16.7,16.7,
2014-05-26,2014,Malmo FF,AIK,2,2,D,O,1.72,3.66,4.69,6,2.0,2.0,1.0,0.0,7.0,9.0,-2.0,5.0,7.0,-2.0,2.0,2.0,0.0,1.0,0.0,1.0,0.0,0.0,0.0,60.0,20.0,50.0,0.0,
2014-05-26,2014,Gefle,Djurgarden,1,1,D,U,2.94,3.24,2.4,6,1.0,1.0,2.0,1.0,4.0,5.0,-1.0,4.0,4.0,0.0,0.0,1.0,-1.0,1.0,1.0,0.0,1.0,0.0,1.0,20.0,60.0,20.0,20.0,
2014-05-25,2014,Kalmar,Helsingborg,2,0,H,U,2.31,3.2,3.13,6,2.0,1.0,0.0,3.0,5.0,3.0,2.0,1.0,5.0,-4.0,4.0,-2.0,6.0,2.0,0.0,2.0,0.0,0.0,0.0,40.0,0.0,20.0,80.0,H
2014-05-25,2014,Goteborg,Norrkoping,2,2,D,O,1.44,4.22,7.4,6,3.0,1.0,0.0,2.0,8.0,2.0,6.0,1.0,6.0,-5.0,7.0,-4.0,11.0,1.0,0.0,1.0,0.0,2.0,-2.0,60.0,20.0,20.0,60.0,H
2014-05-24,2014,Falkenbergs,Hacken,1,1,D,U,3.14,3.25,2.27,6,1.0,2.0,2.0,2.0,5.0,8.0,-3.0,7.0,7.0,0.0,-2.0,1.0,-3.0,0.0,1.0,-1.0,1.0,1.0,0.0,40.0,40.0,40.0,60.0,A
2014-05-24,2014,Elfsborg,Orebro,1,0,H,U,1.36,4.75,8.35,5,4.0,0.0,0.0,2.0,11.0,4.0,7.0,3.0,7.0,-4.0,8.0,-3.0,11.0,3.0,0.0,3.0,0.0,1.0,-1.0,100.0,0.0,20.0,40.0,H
2014-05-24,2014,Atvidabergs,Halmstad,1,0,H,U,1.92,3.44,3.89,6,2.0,0.0,0.0,4.0,6.0,3.0,3.0,3.0,12.0,-9.0,3.0,-9.0,12.0,1.0,0.0,1.0,0.0,3.0,-3.0,60.0,0.0,0.0,100.0,H
2014-05-22,2014,Mjallby,Malmo FF,0,1,A,U,5.27,3.82,1.63,5,1.0,4.0,2.0,0.0,5.0,8.0,-3.0,9.0,2.0,7.0,-4.0,6.0,-10.0,0.0,1.0,-1.0,2.0,0.0,2.0,25.0,50.0,100.0,0.0,
2014-05-21,2014,Helsingborg,Atvidabergs,0,0,D,U,1.85,3.54,4.09,5,2.0,0.0,1.0,3.0,8.0,5.0,3.0,5.0,12.0,-7.0,3.0,-7.0,10.0,2.0,0.0,2.0,0.0,1.0,-1.0,50.0,25.0,0.0,75.0,
2014-05-21,2014,Djurgarden,Goteborg,0,0,D,U,2.37,3.16,3.05,5,2.0,1.0,1.0,0.0,8.0,5.0,3.0,5.0,3.0,2.0,3.0,2.0,1.0,1.0,1.0,0.0,0.0,0.0,0.0,50.0,25.0,25.0,0.0,
2014-05-20,2014,Hacken,Kalmar,4,1,H,O,1.82,3.6,4.21,5,3.0,3.0,0.0,0.0,10.0,7.0,3.0,3.0,2.0,1.0,7.0,5.0,2.0,3.0,2.0,1.0,0.0,0.0,0.0,75.0,0.0,75.0,0.0,
2014-05-19,2014,Orebro,Gefle,2,2,D,O,2.21,3.28,3.25,5,2.0,0.0,1.0,1.0,5.0,5.0,0.0,4.0,6.0,-2.0,1.0,-1.0,2.0,0.0,0.0,0.0,0.0,0.0,0.0,50.0,25.0,0.0,25.0,
2014-05-19,2014,Halmstad,Brommapojkarna,3,0,H,O,1.86,3.45,4.17,5,1.0,0.0,1.0,4.0,5.0,3.0,2.0,5.0,10.0,-5.0,0.0,-7.0,7.0,0.0,0.0,0.0,0.0,2.0,-2.0,25.0,25.0,0.0,100.0,
2014-05-15,2014,Norrkoping,Falkenbergs,0,3,A,O,1.66,3.64,5.26,5,2.0,0.0,1.0,3.0,6.0,0.0,6.0,4.0,6.0,-2.0,2.0,-6.0,8.0,1.0,0.0,1.0,0.0,2.0,-2.0,50.0,25.0,0.0,75.0,
2014-05-15,2014,Brommapojkarna,Mjallby,0,1,A,U,2.02,3.39,3.57,6,1.0,0.0,1.0,3.0,6.0,4.0,2.0,4.0,9.0,-5.0,2.0,-5.0,7.0,1.0,0.0,1.0,0.0,2.0,-2.0,20.0,40.0,0.0,80.0,
2014-05-15,2014,AIK,Elfsborg,2,1,H,O,2.19,3.3,3.24,6,2.0,2.0,1.0,0.0,6.0,4.0,2.0,5.0,2.0,3.0,1.0,2.0,-1.0,0.0,0.0,0.0,0.0,0.0,0.0,40.0,40.0,40.0,20.0,
2014-05-12,2014,Malmo FF,Halmstad,3,1,H,O,1.26,5.65,10.61,5,2.0,0.0,1.0,4.0,7.0,2.0,5.0,4.0,12.0,-8.0,3.0,-10.0,13.0,1.0,0.0,1.0,0.0,3.0,-3.0,50.0,25.0,0.0,100.0,
2014-05-12,2014,Falkenbergs,Djurgarden,1,0,H,U,3.71,3.41,1.98,5,1.0,1.0,2.0,0.0,5.0,6.0,-1.0,7.0,4.0,3.0,-2.0,2.0,-4.0,0.0,1.0,-1.0,1.0,0.0,1.0,25.0,50.0,25.0,0.0,
2014-05-12,2014,Brommapojkarna,Helsingborg,0,1,A,U,3.15,3.39,2.19,5,1.0,0.0,1.0,4.0,7.0,2.0,5.0,5.0,7.0,-2.0,2.0,-5.0,7.0,1.0,0.0,1.0,0.0,1.0,-1.0,25.0,25.0,0.0,100.0,
2014-05-12,2014,Atvidabergs,Hacken,1,0,H,U,2.99,3.42,2.27,5,2.0,2.0,0.0,2.0,7.0,9.0,-2.0,4.0,9.0,-5.0,3.0,0.0,3.0,1.0,1.0,0.0,0.0,2.0,-2.0,50.0,0.0,50.0,50.0,
2014-05-11,2014,Goteborg,Orebro,2,1,H,O,1.43,4.42,7.02,5,2.0,1.0,1.0,1.0,6.0,5.0,1.0,3.0,6.0,-3.0,3.0,-1.0,4.0,1.0,0.0,1.0,1.0,1.0,0.0,50.0,25.0,25.0,25.0,D
2014-05-11,2014,Gefle,Elfsborg,0,1,A,U,4.19,3.51,1.83,5,1.0,1.0,2.0,1.0,5.0,4.0,1.0,5.0,4.0,1.0,0.0,0.0,0.0,1.0,0.0,1.0,1.0,0.0,1.0,25.0,50.0,25.0,25.0,D
2014-05-11,2014,AIK,Mjallby,2,1,H,O,1.36,4.77,8.18,5,1.0,0.0,2.0,3.0,4.0,3.0,1.0,6.0,8.0,-2.0,-2.0,-5.0,3.0,0.0,0.0,0.0,1.0,2.0,-1.0,25.0,50.0,0.0,75.0,D
2014-05-10,2014,Kalmar,Norrkoping,2,0,H,U,2.05,3.34,3.54,5,1.0,1.0,0.0,2.0,5.0,2.0,3.0,3.0,6.0,-3.0,2.0,-4.0,6.0,1.0,0.0,1.0,0.0,2.0,-2.0,25.0,0.0,25.0,50.0,D
2014-05-08,2014,Orebro,Falkenbergs,0,0,D,U,1.59,3.74,5.76,4,,,,,,,,,,,,,,,,,,,,66.7,33.3,0.0,100.0,
2014-05-08,2014,Helsingborg,Malmo FF,0,1,A,U,3.48,3.37,2.06,4,,,,,,,,,,,,,,,,,,,,66.7,0.0,100.0,0.0,
2014-05-08,2014,Halmstad,AIK,2,2,D,O,3.82,3.42,1.94,4,,,,,,,,,,,,,,,,,,,,33.3,33.3,66.7,0.0,
2014-05-08,2014,Gefle,Goteborg,1,1,D,U,3.6,3.28,2.05,4,,,,,,,,,,,,,,,,,,,,33.3,66.7,33.3,0.0,
2014-05-07,2014,Norrkoping,Atvidabergs,2,1,H,O,1.85,3.61,4.01,4,,,,,,,,,,,,,,,,,,,,33.3,33.3,0.0,66.7,
2014-05-07,2014,Hacken,Brommapojkarna,3,1,H,O,1.49,4.3,6.15,4,,,,,,,,,,,,,,,,,,,,66.7,0.0,0.0,100.0,
2014-05-07,2014,Elfsborg,Mjallby,3,1,H,O,1.27,5.43,10.75,4,,,,,,,,,,,,,,,,,,,,100.0,0.0,0.0,66.7,
2014-05-07,2014,Djurgarden,Kalmar,0,0,D,U,1.79,3.6,4.35,4,,,,,,,,,,,,,,,,,,,,66.7,33.3,100.0,0.0,
2014-05-05,2014,Falkenbergs,Gefle,1,1,D,U,2.37,3.24,2.95,4,,,,,,,,,,,,,,,,,,,,33.3,66.7,0.0,33.3,
2014-05-05,2014,AIK,Helsingborg,2,1,H,O,1.89,3.48,3.94,4,,,,,,,,,,,,,,,,,,,,0.0,66.7,0.0,100.0,
2014-05-04,2014,Malmo FF,Hacken,1,2,A,O,1.74,3.59,4.64,4,,,,,,,,,,,,,,,,,,,,66.7,0.0,33.3,66.7,A
2014-05-04,2014,Kalmar,Orebro,2,0,H,U,1.88,3.44,4.08,4,,,,,,,,,,,,,,,,,,,,0.0,0.0,33.3,0.0,H
2014-05-04,2014,Goteborg,Elfsborg,0,0,D,U,2.39,3.28,2.91,4,,,,,,,,,,,,,,,,,,,,66.7,33.3,33.3,33.3,D
2014-05-04,2014,Atvidabergs,Djurgarden,1,1,D,U,3.02,3.29,2.31,4,,,,,,,,,,,,,,,,,,,,66.7,0.0,33.3,0.0,D
2014-05-03,2014,Mjallby,Halmstad,2,1,H,O,2.2,3.28,3.24,4,,,,,,,,,,,,,,,,,,,,0.0,66.7,0.0,100.0,H
2014-05-03,2014,Brommapojkarna,Norrkoping,3,0,H,O,3.0,3.26,2.33,4,,,,,,,,,,,,,,,,,,,,0.0,33.3,33.3,33.3,H
2014-04-28,2014,Norrkoping,Malmo FF,1,2,A,O,4.02,3.41,1.9,3,,,,,,,,,,,,,,,,,,,,50.0,0.0,100.0,0.0,
2014-04-28,2014,Gefle,Kalmar,0,2,A,U,2.79,3.13,2.56,3,,,,,,,,,,,,,,,,,,,,50.0,50.0,100.0,0.0,
2014-04-28,2014,Elfsborg,Halmstad,4,1,H,O,1.33,4.9,9.18,3,,,,,,,,,,,,,,,,,,,,100.0,0.0,0.0,100.0,
2014-04-27,2014,Helsingborg,Mjallby,3,1,H,O,1.47,4.26,6.59,3,,,,,,,,,,,,,,,,,,,,50.0,0.0,0.0,50.0,D
2014-04-27,2014,Hacken,AIK,2,2,D,O,2.24,3.29,3.14,3,,,,,,,,,,,,,,,,,,,,100.0,0.0,100.0,0.0,A
2014-04-27,2014,Djurgarden,Brommapojkarna,3,2,H,O,1.51,4.07,6.33,3,,,,,,,,,,,,,,,,,,,,50.0,50.0,0.0,100.0,H
2014-04-25,2014,Orebro,Atvidabergs,3,2,H,O,2.13,3.25,3.44,3,,,,,,,,,,,,,,,,,,,,50.0,50.0,0.0,50.0,
2014-04-25,2014,Goteborg,Falkenbergs,1,0,H,U,1.28,5.26,10.39,3,,,,,,,,,,,,,,,,,,,,50.0,50.0,0.0,100.0,
2014-04-21,2014,Malmo FF,Djurgarden,2,2,D,O,1.5,3.98,6.65,3,,,,,,,,,,,,,,,,,,,,100.0,0.0,50.0,0.0,D
2014-04-21,2014,Falkenbergs,Elfsborg,2,3,A,O,5.09,3.7,1.66,3,,,,,,,,,,,,,,,,,,,,50.0,50.0,0.0,50.0,H
2014-04-21,2014,Brommapojkarna,Orebro,2,2,D,O,2.62,3.16,2.7,3,,,,,,,,,,,,,,,,,,,,0.0,50.0,50.0,0.0,A
2014-04-21,2014,Atvidabergs,Gefle,2,2,D,O,1.91,3.34,4.09,3,,,,,,,,,,,,,,,,,,,,100.0,0.0,0.0,50.0,D
2014-04-20,2014,Mjallby,Hacken,1,4,A,O,3.73,3.41,1.97,3,,,,,,,,,,,,,,,,,,,,0.0,50.0,0.0,100.0,A
2014-04-20,2014,Kalmar,Goteborg,1,1,D,U,3.07,3.23,2.31,3,,,,,,,,,,,,,,,,,,,,0.0,0.0,50.0,0.0,D
2014-04-20,2014,Halmstad,Helsingborg,2,1,H,O,3.32,3.32,2.15,3,,,,,,,,,,,,,,,,,,,,0.0,50.0,0.0,100.0,D
2014-04-20,2014,AIK,Norrkoping,1,2,A,O,1.61,3.71,5.69,3,,,,,,,,,,,,,,,,,,,,0.0,50.0,0.0,50.0,A
2014-04-17,2014,Goteborg,Atvidabergs,5,0,H,O,1.62,3.74,5.37,2,,,,,,,,,,,,,,,,,,,,0.0,100.0,0.0,0.0,
2014-04-17,2014,Gefle,Brommapojkarna,3,0,H,O,1.96,3.35,3.85,2,,,,,,,,,,,,,,,,,,,,0.0,100.0,0.0,100.0,
2014-04-17,2014,Falkenbergs,Kalmar,1,3,A,O,3.09,3.2,2.3,2,,,,,,,,,,,,,,,,,,,,100.0,0.0,100.0,0.0,
2014-04-17,2014,Elfsborg,Helsingborg,1,0,H,U,1.86,3.48,4.08,2,,,,,,,,,,,,,,,,,,,,100.0,0.0,0.0,100.0,
2014-04-16,2014,Orebro,Malmo FF,1,2,A,O,4.8,3.55,1.72,2,,,,,,,,,,,,,,,,,,,,100.0,0.0,100.0,0.0,
2014-04-16,2014,Norrkoping,Mjallby,1,1,D,U,1.62,3.72,5.47,2,,,,,,,,,,,,,,,,,,,,100.0,0.0,0.0,100.0,
2014-04-16,2014,Hacken,Halmstad,3,0,H,O,1.55,4.0,5.75,2,,,,,,,,,,,,,,,,,,,,100.0,0.0,0.0,100.0,
2014-04-16,2014,Djurgarden,AIK,2,3,A,O,2.38,3.27,2.92,2,,,,,,,,,,,,,,,,,,,,100.0,0.0,100.0,0.0,
2014-04-14,2014,Kalmar,Elfsborg,0,0,D,U,2.96,3.23,2.37,2,,,,,,,,,,,,,,,,,,,,0.0,0.0,0.0,100.0,
2014-04-14,2014,Brommapojkarna,Goteborg,1,1,D,U,3.8,3.39,1.96,2,,,,,,,,,,,,,,,,,,,,0.0,100.0,100.0,0.0,
2014-04-13,2014,Helsingborg,Hacken,4,2,H,O,2.08,3.38,3.41,2,,,,,,,,,,,,,,,,,,,,0.0,0.0,0.0,100.0,A
2014-04-13,2014,Halmstad,Norrkoping,0,0,D,U,2.9,3.23,2.42,2,,,,,,,,,,,,,,,,,,,,0.0,100.0,0.0,100.0,D
2014-04-13,2014,AIK,Orebro,1,1,D,U,1.56,3.77,6.28,2,,,,,,,,,,,,,,,,,,,,0.0,100.0,100.0,0.0,H
2014-04-12,2014,Malmo FF,Gefle,1,0,H,U,1.27,5.27,11.22,2,,,,,,,,,,,,,,,,,,,,100.0,0.0,0.0,0.0,D
2014-04-12,2014,Atvidabergs,Falkenbergs,2,0,H,U,1.64,3.7,5.32,2,,,,,,,,,,,,,,,,,,,,100.0,0.0,0.0,100.0,D
2014-04-11,2014,Mjallby,Djurgarden,0,2,A,U,3.45,3.27,2.11,2,,,,,,,,,,,,,,,,,,,,0.0,0.0,0.0,0.0,
2014-04-08,2014,Orebro,Mjallby,1,0,H,U,2.19,3.23,3.31,1,,,,,,,,,,,,,,,,,,,,,,,,
2014-04-07,2014,Kalmar,Atvidabergs,2,2,D,O,2.0,3.31,3.75,1,,,,,,,,,,,,,,,,,,,,,,,,
2014-04-07,2014,Goteborg,Malmo FF,0,3,A,O,2.71,3.1,2.66,1,,,,,,,,,,,,,,,,,,,,,,,,
2014-04-06,2014,Norrkoping,Helsingborg,2,0,H,U,2.66,3.22,2.62,1,,,,,,,,,,,,,,,,,,,,,,,,D
2014-04-06,2014,Gefle,AIK,1,2,A,O,3.4,3.27,2.14,1,,,,,,,,,,,,,,,,,,,,,,,,D
2014-04-06,2014,Djurgarden,Halmstad,3,0,H,O,1.51,3.94,6.54,1,,,,,,,,,,,,,,,,,,,,,,,,H
2014-04-05,2014,Falkenbergs,Brommapojkarna,1,0,H,U,2.17,3.3,3.29,1,,,,,,,,,,,,,,,,,,,,,,,,H
2014-04-04,2014,Elfsborg,Hacken,3,1,H,O,2.04,3.3,3.66,1,,,,,,,,,,,,,,,,,,,,,,,,
2014-03-31,2014,Hacken,Norrkoping,2,0,H,U,1.72,3.59,4.85,1,,,,,,,,,,,,,,,,,,,,,,,,
2014-03-31,2014,Atvidabergs,Elfsborg,2,1,H,O,3.2,3.18,2.27,1,,,,,,,,,,,,,,,,,,,,,,,,
2014-03-31,2014,AIK,Goteborg,0,2,A,U,2.02,3.28,3.68,1,,,,,,,,,,,,,,,,,,,,,,,,
2014-03-30,2014,Mjallby,Gefle,2,2,D,O,1.95,3.32,3.92,1,,,,,,,,,,,,,,,,,,,,,,,,
2014-03-30,2014,Malmo FF,Falkenbergs,3,0,H,O,1.26,5.41,11.61,1,,,,,,,,,,,,,,,,,,,,,,,,
2014-03-30,2014,Helsingborg,Djurgarden,1,1,D,U,1.84,3.44,4.28,1,,,,,,,,,,,,,,,,,,,,,,,,
2014-03-30,2014,Halmstad,Orebro,1,2,A,O,2.41,3.16,2.95,1,,,,,,,,,,,,,,,,,,,,,,,,
2014-03-30,2014,Brommapojkarna,Kalmar,1,2,A,O,2.57,3.11,2.8,1,,,,,,,,,,,,,,,,,,,,,,,,
2013-11-10,2013,Halmstad,Sundsvall,2,1,H,O,1.62,3.76,5.26,16,1.0,,2.0,,4.0,,,7.0,,,-3.0,,,0.0,,,1.0,,,20.0,40.0,,,
2013-11-06,2013,Sundsvall,Halmstad,1,1,D,U,2.39,3.23,2.89,1,,2.0,,2.0,,8.0,,,8.0,,,0.0,,,1.0,,,1.0,,,,26.7,46.7,
2013-11-03,2013,Osters,Djurgarden,1,1,D,U,2.5,3.34,2.69,15,0.0,4.0,3.0,0.0,3.0,11.0,-8.0,8.0,3.0,5.0,-5.0,8.0,-13.0,0.0,3.0,-3.0,1.0,0.0,1.0,21.4,50.0,35.7,42.9,
2013-11-03,2013,Malmo FF,Syrianska,3,1,H,O,1.19,6.81,13.32,15,3.0,0.0,1.0,3.0,6.0,3.0,3.0,4.0,14.0,-10.0,2.0,-11.0,13.0,1.0,0.0,1.0,1.0,3.0,-2.0,64.3,14.3,7.1,64.3,
2013-11-03,2013,Kalmar,Mjallby,2,1,H,O,1.51,4.03,6.27,15,2.0,1.0,1.0,3.0,4.0,2.0,2.0,3.0,5.0,-2.0,1.0,-3.0,4.0,0.0,0.0,0.0,0.0,1.0,-1.0,35.7,14.3,21.4,64.3,
2013-11-03,2013,Halmstad,Brommapojkarna,2,2,D,O,1.9,3.33,4.09,15,2.0,1.0,2.0,3.0,3.0,5.0,-2.0,5.0,8.0,-3.0,-2.0,-3.0,1.0,0.0,0.0,0.0,1.0,1.0,0.0,21.4,42.9,7.1,71.4,
2013-11-03,2013,Goteborg,Norrkoping,2,0,H,U,1.37,4.62,8.06,15,3.0,1.0,0.0,3.0,9.0,4.0,5.0,2.0,7.0,-5.0,7.0,-3.0,10.0,3.0,1.0,2.0,0.0,1.0,-1.0,71.4,7.1,28.6,35.7,
2013-11-03,2013,Gefle,Elfsborg,0,2,A,U,2.38,3.29,2.88,15,2.0,2.0,1.0,1.0,4.0,7.0,-3.0,2.0,5.0,-3.0,2.0,2.0,0.0,1.0,1.0,0.0,0.0,0.0,0.0,42.9,14.3,35.7,35.7,
2013-11-03,2013,Atvidabergs,Hacken,2,2,D,O,2.66,3.25,2.58,15,2.0,0.0,1.0,1.0,8.0,1.0,7.0,3.0,2.0,1.0,5.0,-1.0,6.0,2.0,0.0,2.0,1.0,0.0,1.0,50.0,28.6,21.4,42.9,
2013-11-03,2013,AIK,Helsingborg,2,1,H,O,1.91,3.55,3.8,15,3.0,1.0,0.0,2.0,6.0,5.0,1.0,1.0,8.0,-7.0,5.0,-3.0,8.0,1.0,0.0,1.0,0.0,1.0,-1.0,57.1,7.1,42.9,28.6,
2013-10-28,2013,Norrkoping,Osters,1,1,D,U,1.88,3.67,3.79,15,2.0,1.0,2.0,2.0,9.0,5.0,4.0,6.0,8.0,-2.0,3.0,-3.0,6.0,1.0,1.0,0.0,1.0,1.0,0.0,50.0,50.0,21.4,50.0,
2013-10-28,2013,Elfsborg,Malmo FF,0,2,A,U,3.29,3.33,2.15,15,1.0,2.0,1.0,1.0,7.0,6.0,1.0,6.0,3.0,3.0,1.0,3.0,-2.0,1.0,2.0,-1.0,1.0,1.0,0.0,42.9,14.3,57.1,21.4,
2013-10-27,2013,Syrianska,Atvidabergs,4,1,H,O,4.27,3.55,1.81,15,0.0,1.0,4.0,2.0,4.0,1.0,3.0,10.0,5.0,5.0,-6.0,-4.0,-2.0,0.0,0.0,0.0,2.0,2.0,0.0,7.1,85.7,28.6,50.0,
2013-10-27,2013,Mjallby,Goteborg,2,1,H,O,4.45,3.57,1.77,15,0.0,1.0,2.0,3.0,5.0,4.0,1.0,7.0,7.0,0.0,-2.0,-3.0,1.0,0.0,0.0,0.0,0.0,1.0,-1.0,42.9,28.6,35.7,42.9,H
2013-10-27,2013,Helsingborg,Kalmar,2,3,A,O,1.56,4.0,5.73,15,2.0,2.0,1.0,0.0,10.0,3.0,7.0,9.0,1.0,8.0,1.0,2.0,-1.0,2.0,0.0,2.0,1.0,0.0,1.0,57.1,21.4,50.0,28.6,
2013-10-27,2013,Djurgarden,Gefle,1,1,D,U,1.53,3.93,6.26,15,2.0,1.0,1.0,2.0,7.0,5.0,2.0,5.0,7.0,-2.0,2.0,-2.0,4.0,1.0,1.0,0.0,0.0,2.0,-2.0,50.0,28.6,7.1,50.0,D
2013-10-26,2013,Brommapojkarna,AIK,0,6,A,O,5.02,3.89,1.64,15,3.0,1.0,0.0,2.0,4.0,6.0,-2.0,0.0,8.0,-8.0,4.0,-2.0,6.0,1.0,0.0,1.0,0.0,1.0,-1.0,50.0,21.4,50.0,35.7,A
2013-10-25,2013,Hacken,Halmstad,1,3,A,O,1.8,3.64,4.2,15,4.0,1.0,0.0,3.0,10.0,5.0,5.0,2.0,8.0,-6.0,8.0,-3.0,11.0,2.0,0.0,2.0,0.0,1.0,-1.0,50.0,42.9,21.4,50.0,
2013-10-21,2013,Kalmar,Djurgarden,1,2,A,O,2.41,3.24,2.91,14,2.0,4.0,1.0,0.0,4.0,12.0,-8.0,5.0,4.0,1.0,-1.0,8.0,-9.0,0.0,3.0,-3.0,1.0,0.0,1.0,38.5,7.7,30.8,46.2,
2013-10-21,2013,Halmstad,Mjallby,1,0,H,U,1.91,3.52,3.84,14,1.0,1.0,2.0,3.0,4.0,3.0,1.0,7.0,6.0,1.0,-3.0,-3.0,0.0,0.0,0.0,0.0,1.0,1.0,0.0,15.4,46.2,23.1,61.5,
2013-10-21,2013,AIK,Norrkoping,1,0,H,U,1.5,4.32,5.88,14,3.0,1.0,0.0,2.0,8.0,4.0,4.0,3.0,6.0,-3.0,5.0,-2.0,7.0,1.0,1.0,0.0,0.0,1.0,-1.0,53.8,7.7,30.8,30.8,
2013-10-20,2013,Malmo FF,Brommapojkarna,2,1,H,O,1.26,5.67,10.81,14,3.0,1.0,1.0,3.0,5.0,5.0,0.0,3.0,8.0,-5.0,2.0,-3.0,5.0,1.0,0.0,1.0,1.0,1.0,0.0,61.5,15.4,7.7,69.2,H
2013-10-20,2013,Goteborg,Osters,0,0,D,U,1.44,4.38,7.03,14,4.0,2.0,0.0,2.0,12.0,7.0,5.0,3.0,8.0,-5.0,9.0,-1.0,10.0,4.0,2.0,2.0,0.0,1.0,-1.0,76.9,7.7,23.1,53.8,D
2013-10-20,2013,Elfsborg,Hacken,0,0,D,U,1.81,3.57,4.26,14,2.0,0.0,1.0,1.0,8.0,2.0,6.0,6.0,3.0,3.0,2.0,-1.0,3.0,1.0,0.0,1.0,1.0,0.0,1.0,46.2,15.4,23.1,46.2,D
2013-10-20,2013,Atvidabergs,Helsingborg,3,0,H,O,3.59,3.53,1.97,14,1.0,1.0,2.0,2.0,5.0,8.0,-3.0,4.0,9.0,-5.0,1.0,-1.0,2.0,1.0,0.0,1.0,1.0,0.0,1.0,46.2,30.8,46.2,23.1,H
2013-10-19,2013,Gefle,Syrianska,2,0,H,U,1.33,4.81,9.2,14,2.0,0.0,1.0,3.0,4.0,3.0,1.0,3.0,13.0,-10.0,1.0,-10.0,11.0,0.0,0.0,0.0,0.0,2.0,-2.0,38.5,15.4,7.7,61.5,H
2013-10-06,2013,Syrianska,Elfsborg,1,3,A,O,7.7,4.6,1.39,14,0.0,1.0,4.0,2.0,3.0,5.0,-2.0,9.0,7.0,2.0,-6.0,-2.0,-4.0,0.0,0.0,0.0,2.0,1.0,1.0,7.7,84.6,30.8,38.5,D
2013-10-06,2013,Osters,Gefle,1,4,A,O,2.29,3.23,3.1,14,1.0,0.0,2.0,2.0,3.0,3.0,0.0,4.0,8.0,-4.0,-1.0,-5.0,4.0,0.0,0.0,0.0,0.0,2.0,-2.0,23.1,46.2,0.0,53.8,A
2013-10-06,2013,Helsingborg,Halmstad,4,2,H,O,1.4,4.66,7.17,14,1.0,2.0,1.0,2.0,6.0,4.0,2.0,7.0,4.0,3.0,-1.0,0.0,-1.0,1.0,0.0,1.0,1.0,0.0,1.0,53.8,23.1,23.1,46.2,H
2013-10-06,2013,Hacken,Malmo FF,2,0,H,U,3.46,3.47,2.03,14,3.0,3.0,1.0,0.0,8.0,10.0,-2.0,4.0,2.0,2.0,4.0,8.0,-4.0,1.0,3.0,-2.0,1.0,0.0,1.0,46.2,46.2,61.5,15.4,H
2013-10-06,2013,Djurgarden,Goteborg,2,1,H,O,2.74,3.3,2.48,14,1.0,2.0,1.0,2.0,6.0,5.0,1.0,5.0,5.0,0.0,1.0,0.0,1.0,1.0,1.0,0.0,0.0,1.0,-1.0,46.2,30.8,38.5,38.5,A
2013-10-05,2013,Norrkoping,Kalmar,0,1,A,U,1.9,3.49,3.87,14,2.0,1.0,2.0,1.0,11.0,2.0,9.0,8.0,2.0,6.0,3.0,0.0,3.0,1.0,0.0,1.0,1.0,0.0,1.0,53.8,46.2,46.2,30.8,A
2013-10-05,2013,Brommapojkarna,Atvidabergs,0,0,D,U,2.05,3.34,3.55,14,4.0,1.0,0.0,3.0,7.0,3.0,4.0,0.0,8.0,-8.0,7.0,-5.0,12.0,2.0,0.0,2.0,0.0,2.0,-2.0,53.8,23.1,30.8,53.8,D
2013-10-04,2013,Mjallby,AIK,2,3,A,O,3.86,3.48,1.91,14,1.0,0.0,1.0,3.0,7.0,3.0,4.0,7.0,7.0,0.0,0.0,-4.0,4.0,0.0,0.0,0.0,0.0,1.0,-1.0,46.2,23.1,46.2,38.5,
2013-09-30,2013,Malmo FF,Mjallby,1,0,H,U,1.24,5.78,11.52,13,3.0,1.0,1.0,3.0,8.0,5.0,3.0,3.0,8.0,-5.0,5.0,-3.0,8.0,2.0,0.0,2.0,1.0,1.0,0.0,58.3,16.7,25.0,58.3,
2013-09-30,2013,Gefle,Hacken,0,0,D,U,2.69,3.25,2.56,13,3.0,0.0,1.0,2.0,6.0,3.0,3.0,3.0,6.0,-3.0,3.0,-3.0,6.0,1.0,0.0,1.0,0.0,1.0,-1.0,41.7,16.7,25.0,50.0,
2013-09-30,2013,Atvidabergs,Norrkoping,1,3,A,O,2.38,3.3,2.91,13,1.0,1.0,1.0,2.0,5.0,3.0,2.0,2.0,6.0,-4.0,3.0,-3.0,6.0,1.0,0.0,1.0,0.0,1.0,-1.0,50.0,25.0,25.0,33.3,
2013-09-30,2013,AIK,Osters,2,1,H,O,1.38,4.55,7.96,13,3.0,2.0,0.0,2.0,8.0,6.0,2.0,3.0,9.0,-6.0,5.0,-3.0,8.0,1.0,2.0,-1.0,0.0,2.0,-2.0,50.0,8.3,25.0,50.0,
2013-09-29,2013,Kalmar,Goteborg,2,1,H,O,3.37,3.38,2.09,13,2.0,2.0,1.0,2.0,3.0,5.0,-2.0,4.0,5.0,-1.0,-1.0,0.0,-1.0,0.0,1.0,-1.0,1.0,1.0,0.0,33.3,8.3,41.7,33.3,D
2013-09-29,2013,Halmstad,Djurgarden,1,4,A,O,3.07,3.28,2.29,13,1.0,3.0,2.0,1.0,4.0,8.0,-4.0,6.0,6.0,0.0,-2.0,2.0,-4.0,0.0,2.0,-2.0,1.0,1.0,0.0,16.7,41.7,25.0,50.0,A
2013-09-29,2013,Elfsborg,Helsingborg,1,1,D,U,1.84,3.57,4.06,13,2.0,1.0,1.0,3.0,9.0,8.0,1.0,7.0,10.0,-3.0,2.0,-2.0,4.0,1.0,0.0,1.0,1.0,0.0,1.0,50.0,16.7,50.0,25.0,H
2013-09-28,2013,Syrianska,Brommapojkarna,1,2,A,O,3.86,3.45,1.92,13,0.0,0.0,4.0,3.0,3.0,3.0,0.0,9.0,7.0,2.0,-6.0,-4.0,-2.0,0.0,0.0,0.0,2.0,1.0,1.0,8.3,83.3,0.0,75.0,A
2013-09-26,2013,Norrkoping,Halmstad,3,2,H,O,1.68,3.74,4.82,13,2.0,2.0,2.0,1.0,10.0,4.0,6.0,7.0,3.0,4.0,3.0,1.0,2.0,1.0,0.0,1.0,1.0,0.0,1.0,50.0,50.0,25.0,41.7,
2013-09-26,2013,Mjallby,Atvidabergs,0,1,A,U,2.35,3.23,3.02,13,2.0,0.0,0.0,4.0,9.0,2.0,7.0,6.0,12.0,-6.0,3.0,-10.0,13.0,1.0,0.0,1.0,0.0,3.0,-3.0,50.0,16.7,25.0,58.3,
2013-09-26,2013,Goteborg,Gefle,3,1,H,O,1.42,4.36,7.47,13,4.0,0.0,0.0,1.0,12.0,3.0,9.0,3.0,6.0,-3.0,9.0,-3.0,12.0,4.0,0.0,4.0,0.0,1.0,-1.0,75.0,8.3,0.0,50.0,
2013-09-26,2013,Djurgarden,AIK,2,2,D,O,2.8,3.17,2.52,13,2.0,1.0,1.0,3.0,6.0,4.0,2.0,4.0,7.0,-3.0,2.0,-3.0,5.0,1.0,0.0,1.0,0.0,1.0,-1.0,50.0,33.3,50.0,41.7,
2013-09-25,2013,Helsingborg,Malmo FF,0,3,A,O,2.56,3.29,2.67,13,2.0,3.0,0.0,0.0,9.0,10.0,-1.0,4.0,3.0,1.0,5.0,7.0,-2.0,2.0,3.0,-1.0,0.0,0.0,0.0,58.3,16.7,58.3,16.7,
2013-09-25,2013,Hacken,Syrianska,4,0,H,O,1.27,5.58,10.39,13,2.0,0.0,2.0,3.0,6.0,3.0,3.0,7.0,10.0,-3.0,-1.0,-7.0,6.0,0.0,0.0,0.0,1.0,1.0,0.0,41.7,50.0,8.3,58.3,
2013-09-25,2013,Brommapojkarna,Elfsborg,1,0,H,U,3.54,3.44,2.01,13,4.0,1.0,0.0,2.0,8.0,6.0,2.0,1.0,8.0,-7.0,7.0,-2.0,9.0,2.0,0.0,2.0,0.0,1.0,-1.0,50.0,25.0,33.3,33.3,
2013-09-24,2013,Osters,Kalmar,1,2,A,O,2.41,3.19,2.98,13,1.0,1.0,1.0,1.0,2.0,1.0,1.0,2.0,1.0,1.0,0.0,0.0,0.0,0.0,0.0,0.0,0.0,0.0,0.0,25.0,41.7,41.7,33.3,
2013-09-23,2013,Goteborg,AIK,3,1,H,O,2.17,3.31,3.27,12,3.0,2.0,1.0,2.0,11.0,5.0,6.0,6.0,5.0,1.0,5.0,0.0,5.0,3.0,0.0,3.0,1.0,0.0,1.0,72.7,9.1,54.5,36.4,
2013-09-22,2013,Norrkoping,Malmo FF,0,2,A,U,3.64,3.45,1.98,12,3.0,2.0,1.0,1.0,13.0,8.0,5.0,7.0,5.0,2.0,6.0,3.0,3.0,1.0,2.0,-1.0,0.0,1.0,-1.0,54.5,45.5,54.5,18.2,A
2013-09-22,2013,Mjallby,Elfsborg,2,2,D,O,3.11,3.33,2.24,12,2.0,1.0,0.0,2.0,8.0,5.0,3.0,5.0,7.0,-2.0,3.0,-2.0,5.0,1.0,0.0,1.0,0.0,1.0,-1.0,54.5,18.2,36.4,36.4,A
2013-09-22,2013,Helsingborg,Syrianska,2,2,D,O,1.15,7.68,16.03,12,2.0,0.0,0.0,3.0,8.0,2.0,6.0,3.0,9.0,-6.0,5.0,-7.0,12.0,2.0,0.0,2.0,0.0,1.0,-1.0,63.6,18.2,9.1,63.6,D
2013-09-22,2013,Djurgarden,Atvidabergs,2,0,H,U,1.73,3.57,4.72,12,1.0,1.0,2.0,3.0,5.0,3.0,2.0,6.0,10.0,-4.0,-1.0,-7.0,6.0,0.0,0.0,0.0,0.0,2.0,-2.0,45.5,36.4,27.3,54.5,H
2013-09-22,2013,Brommapojkarna,Hacken,1,0,H,U,3.3,3.42,2.12,12,3.0,0.0,1.0,2.0,7.0,3.0,4.0,2.0,7.0,-5.0,5.0,-4.0,9.0,2.0,0.0,2.0,0.0,2.0,-2.0,45.5,27.3,27.3,45.5,D
2013-09-21,2013,Kalmar,Gefle,0,0,D,U,2.15,3.24,3.41,12,2.0,0.0,1.0,2.0,5.0,4.0,1.0,6.0,9.0,-3.0,-1.0,-5.0,4.0,0.0,0.0,0.0,1.0,2.0,-1.0,36.4,9.1,0.0,54.5,D
2013-09-20,2013,Osters,Halmstad,0,1,A,U,1.92,3.42,3.93,12,1.0,2.0,0.0,1.0,3.0,5.0,-2.0,2.0,4.0,-2.0,1.0,1.0,0.0,0.0,0.0,0.0,0.0,0.0,0.0,27.3,36.4,18.2,45.5,
2013-09-16,2013,Malmo FF,Djurgarden,0,2,A,U,1.47,4.26,6.55,12,4.0,2.0,0.0,2.0,11.0,6.0,5.0,2.0,8.0,-6.0,9.0,-2.0,11.0,3.0,1.0,2.0,0.0,2.0,-2.0,63.6,9.1,18.2,54.5,
2013-09-15,2013,Syrianska,Mjallby,1,2,A,O,3.48,3.57,2.0,12,0.0,0.0,4.0,3.0,3.0,4.0,-1.0,9.0,8.0,1.0,-6.0,-4.0,-2.0,0.0,0.0,0.0,2.0,1.0,1.0,9.1,81.8,18.2,63.6,A
2013-09-15,2013,Halmstad,Goteborg,0,1,A,U,3.91,3.39,1.93,12,1.0,1.0,1.0,2.0,5.0,5.0,0.0,6.0,6.0,0.0,-1.0,-1.0,0.0,0.0,1.0,-1.0,1.0,1.0,0.0,18.2,36.4,36.4,36.4,D
2013-09-15,2013,Hacken,Helsingborg,3,2,H,O,2.45,3.33,2.78,12,1.0,2.0,3.0,2.0,3.0,10.0,-7.0,6.0,9.0,-3.0,-3.0,1.0,-4.0,0.0,1.0,-1.0,1.0,0.0,1.0,36.4,54.5,54.5,18.2,H
2013-09-15,2013,Elfsborg,Norrkoping,4,1,H,O,1.69,3.63,4.89,12,1.0,1.0,2.0,1.0,5.0,4.0,1.0,7.0,4.0,3.0,-2.0,0.0,-2.0,0.0,0.0,0.0,1.0,0.0,1.0,45.5,18.2,27.3,27.3,H
2013-09-15,2013,AIK,Kalmar,0,0,D,U,1.42,4.3,7.78,12,4.0,2.0,0.0,1.0,10.0,2.0,8.0,3.0,1.0,2.0,7.0,1.0,6.0,2.0,0.0,2.0,0.0,0.0,0.0,54.5,9.1,45.5,36.4,D
2013-09-14,2013,Gefle,Brommapojkarna,1,0,H,U,1.91,3.39,4.01,12,2.0,0.0,1.0,2.0,7.0,5.0,2.0,5.0,8.0,-3.0,2.0,-3.0,5.0,1.0,0.0,1.0,0.0,1.0,-1.0,36.4,18.2,0.0,72.7,H
2013-09-14,2013,Atvidabergs,Osters,4,0,H,O,2.02,3.29,3.73,12,0.0,2.0,1.0,1.0,2.0,7.0,-5.0,3.0,6.0,-3.0,-1.0,1.0,-2.0,0.0,2.0,-2.0,0.0,1.0,-1.0,45.5,27.3,27.3,45.5,H
2013-09-01,2013,Osters,Malmo FF,1,1,D,U,4.2,3.48,1.85,11,1.0,3.0,1.0,1.0,2.0,10.0,-8.0,3.0,6.0,-3.0,-1.0,4.0,-5.0,0.0,2.0,-2.0,1.0,1.0,0.0,30.0,40.0,60.0,20.0,D
2013-09-01,2013,Norrkoping,Syrianska,6,1,H,O,1.46,4.32,6.63,11,2.0,0.0,2.0,3.0,8.0,2.0,6.0,8.0,8.0,0.0,0.0,-6.0,6.0,0.0,0.0,0.0,0.0,1.0,-1.0,50.0,50.0,10.0,60.0,A
2013-09-01,2013,Mjallby,Hacken,1,1,D,U,4.32,3.57,1.8,11,2.0,1.0,1.0,2.0,7.0,5.0,2.0,6.0,7.0,-1.0,1.0,-2.0,3.0,1.0,1.0,0.0,1.0,2.0,-1.0,60.0,20.0,30.0,50.0,D
2013-09-01,2013,Kalmar,Halmstad,1,0,H,U,1.82,3.47,4.34,11,1.0,2.0,1.0,0.0,5.0,6.0,-1.0,7.0,4.0,3.0,-2.0,2.0,-4.0,0.0,0.0,0.0,1.0,0.0,1.0,30.0,10.0,20.0,40.0,D
2013-09-01,2013,Goteborg,Atvidabergs,3,0,H,O,1.54,4.01,5.91,11,3.0,2.0,1.0,2.0,12.0,5.0,7.0,8.0,7.0,1.0,4.0,-2.0,6.0,3.0,1.0,2.0,1.0,1.0,0.0,70.0,10.0,30.0,50.0,H
2013-09-01,2013,Djurgarden,Elfsborg,1,2,A,O,2.48,3.22,2.82,11,2.0,0.0,1.0,3.0,6.0,4.0,2.0,4.0,8.0,-4.0,2.0,-4.0,6.0,1.0,0.0,1.0,0.0,1.0,-1.0,50.0,30.0,30.0,40.0,A
2013-08-31,2013,AIK,Gefle,3,0,H,O,1.54,4.03,5.94,11,3.0,0.0,0.0,1.0,7.0,4.0,3.0,3.0,6.0,-3.0,4.0,-2.0,6.0,1.0,0.0,1.0,0.0,1.0,-1.0,50.0,10.0,0.0,50.0,H
2013-08-30,2013,Helsingborg,Brommapojkarna,4,2,H,O,1.35,4.99,8.08,11,1.0,0.0,1.0,2.0,5.0,4.0,1.0,3.0,8.0,-5.0,2.0,-4.0,6.0,1.0,0.0,1.0,0.0,1.0,-1.0,60.0,20.0,0.0,70.0,
2013-08-26,2013,Syrianska,Djurgarden,1,3,A,O,3.84,3.38,1.95,11,0.0,1.0,4.0,2.0,4.0,4.0,0.0,9.0,8.0,1.0,-5.0,-4.0,-1.0,0.0,0.0,0.0,1.0,2.0,-1.0,10.0,80.0,10.0,60.0,
2013-08-26,2013,Hacken,Norrkoping,1,0,H,U,1.88,3.51,3.95,11,0.0,2.0,4.0,0.0,2.0,6.0,-4.0,8.0,3.0,5.0,-6.0,3.0,-9.0,0.0,1.0,-1.0,2.0,0.0,2.0,30.0,60.0,30.0,20.0,
2013-08-26,2013,Brommapojkarna,Mjallby,2,0,H,U,1.98,3.4,3.68,11,2.0,0.0,1.0,2.0,6.0,4.0,2.0,3.0,6.0,-3.0,3.0,-2.0,5.0,1.0,0.0,1.0,0.0,0.0,0.0,40.0,30.0,20.0,60.0,
2013-08-26,2013,Atvidabergs,Kalmar,0,0,D,U,2.01,3.29,3.76,11,1.0,3.0,1.0,1.0,6.0,4.0,2.0,4.0,1.0,3.0,2.0,3.0,-1.0,1.0,1.0,0.0,0.0,0.0,0.0,50.0,30.0,50.0,40.0,
2013-08-25,2013,Malmo FF,Goteborg,3,1,H,O,1.64,3.68,5.29,11,3.0,2.0,1.0,1.0,9.0,6.0,3.0,4.0,4.0,0.0,5.0,2.0,3.0,2.0,1.0,1.0,1.0,0.0,1.0,60.0,10.0,40.0,30.0,H
2013-08-25,2013,Halmstad,AIK,1,0,H,U,4.69,3.61,1.73,11,0.0,3.0,2.0,1.0,4.0,7.0,-3.0,7.0,5.0,2.0,-3.0,2.0,-5.0,0.0,0.0,0.0,1.0,0.0,1.0,10.0,40.0,60.0,30.0,H
2013-08-25,2013,Gefle,Helsingborg,1,2,A,O,3.21,3.28,2.22,11,2.0,2.0,0.0,2.0,7.0,9.0,-2.0,4.0,8.0,-4.0,3.0,1.0,2.0,1.0,1.0,0.0,0.0,0.0,0.0,40.0,10.0,50.0,20.0,D
2013-08-25,2013,Elfsborg,Osters,2,4,A,O,1.41,4.48,7.4,11,2.0,1.0,1.0,2.0,8.0,3.0,5.0,4.0,6.0,-2.0,4.0,-3.0,7.0,1.0,1.0,0.0,0.0,2.0,-2.0,50.0,10.0,20.0,50.0,D
2013-08-22,2013,Norrkoping,Djurgarden,2,3,A,O,2.1,3.31,3.47,10,2.0,0.0,2.0,2.0,6.0,1.0,5.0,6.0,6.0,0.0,0.0,-5.0,5.0,0.0,0.0,0.0,0.0,2.0,-2.0,55.6,44.4,0.0,66.7,
2013-08-19,2013,Mjallby,Helsingborg,4,3,H,O,4.85,3.73,1.68,10,2.0,2.0,1.0,1.0,8.0,7.0,1.0,4.0,5.0,-1.0,4.0,2.0,2.0,2.0,1.0,1.0,1.0,0.0,1.0,55.6,22.2,55.6,11.1,
2013-08-19,2013,AIK,Atvidabergs,3,2,H,O,1.47,4.15,6.9,10,3.0,2.0,0.0,2.0,8.0,3.0,5.0,1.0,7.0,-6.0,7.0,-4.0,11.0,2.0,1.0,1.0,0.0,2.0,-2.0,44.4,11.1,33.3,44.4,
2013-08-18,2013,Kalmar,Malmo FF,1,4,A,O,3.87,3.41,1.93,10,1.0,3.0,0.0,1.0,6.0,9.0,-3.0,5.0,6.0,-1.0,1.0,3.0,-2.0,0.0,2.0,-2.0,0.0,1.0,-1.0,33.3,0.0,55.6,22.2,A
2013-08-18,2013,Halmstad,Gefle,2,2,D,O,2.42,3.19,2.91,10,0.0,0.0,3.0,1.0,2.0,4.0,-2.0,7.0,6.0,1.0,-5.0,-2.0,-3.0,0.0,0.0,0.0,2.0,1.0,1.0,11.1,44.4,0.0,55.6,D
2013-08-18,2013,Djurgarden,Hacken,1,1,D,U,2.34,3.23,3.0,10,3.0,2.0,1.0,2.0,6.0,6.0,0.0,3.0,6.0,-3.0,3.0,0.0,3.0,1.0,2.0,-1.0,0.0,2.0,-2.0,55.6,33.3,33.3,55.6,H
2013-08-17,2013,Norrkoping,Brommapojkarna,2,1,H,O,1.53,4.02,6.09,9,2.0,0.0,2.0,2.0,6.0,3.0,3.0,6.0,10.0,-4.0,0.0,-7.0,7.0,0.0,0.0,0.0,0.0,2.0,-2.0,50.0,50.0,0.0,66.7,D
2013-08-17,2013,Goteborg,Elfsborg,3,1,H,O,2.29,3.31,3.02,10,2.0,1.0,1.0,2.0,9.0,4.0,5.0,7.0,5.0,2.0,2.0,-1.0,3.0,2.0,0.0,2.0,1.0,0.0,1.0,66.7,11.1,33.3,33.3,D
2013-08-16,2013,Osters,Syrianska,1,0,H,U,1.84,3.47,4.32,10,1.0,0.0,1.0,3.0,3.0,2.0,1.0,3.0,8.0,-5.0,0.0,-6.0,6.0,1.0,0.0,1.0,1.0,1.0,0.0,22.2,44.4,11.1,55.6,
2013-08-11,2013,Syrianska,Goteborg,0,2,A,U,3.98,3.46,1.89,10,0.0,1.0,3.0,2.0,6.0,4.0,2.0,9.0,6.0,3.0,-3.0,-2.0,-1.0,0.0,0.0,0.0,0.0,1.0,-1.0,11.1,77.8,33.3,33.3,A
2013-08-11,2013,Malmo FF,AIK,1,0,H,U,1.89,3.4,3.98,10,3.0,4.0,1.0,0.0,10.0,8.0,2.0,5.0,4.0,1.0,5.0,4.0,1.0,2.0,0.0,2.0,1.0,0.0,1.0,55.6,11.1,66.7,22.2,H
2013-08-11,2013,Helsingborg,Norrkoping,0,0,D,U,1.53,4.06,5.92,10,2.0,2.0,1.0,0.0,8.0,8.0,0.0,3.0,5.0,-2.0,5.0,3.0,2.0,2.0,1.0,1.0,0.0,0.0,0.0,66.7,22.2,33.3,22.2,D
2013-08-11,2013,Hacken,Osters,0,2,A,U,1.49,4.01,6.75,10,0.0,0.0,4.0,2.0,2.0,1.0,1.0,7.0,6.0,1.0,-5.0,-5.0,0.0,0.0,0.0,0.0,1.0,2.0,-1.0,33.3,55.6,11.1,55.6,A
2013-08-11,2013,Gefle,Mjallby,2,1,H,O,1.92,3.36,3.98,10,1.0,0.0,0.0,2.0,5.0,5.0,0.0,3.0,8.0,-5.0,2.0,-3.0,5.0,1.0,0.0,1.0,0.0,1.0,-1.0,33.3,11.1,22.2,55.6,D
2013-08-10,2013,Elfsborg,Kalmar,1,0,H,U,1.51,4.04,6.47,10,1.0,3.0,1.0,1.0,7.0,4.0,3.0,4.0,1.0,3.0,3.0,3.0,0.0,1.0,1.0,0.0,0.0,0.0,0.0,44.4,11.1,55.6,33.3,D
2013-08-10,2013,Brommapojkarna,Djurgarden,3,0,H,O,5.48,3.8,1.61,10,1.0,0.0,2.0,1.0,4.0,2.0,2.0,6.0,4.0,2.0,-2.0,-2.0,0.0,0.0,0.0,0.0,1.0,1.0,0.0,33.3,33.3,0.0,62.5,H
2013-08-10,2013,Atvidabergs,Halmstad,0,1,A,U,1.53,4.0,6.12,10,2.0,1.0,0.0,1.0,7.0,6.0,1.0,3.0,9.0,-6.0,4.0,-3.0,7.0,1.0,0.0,1.0,0.0,1.0,-1.0,55.6,22.2,11.1,44.4,D
2013-08-05,2013,Norrkoping,Mjallby,3,2,H,O,1.7,3.66,4.87,8,1.0,0.0,3.0,2.0,4.0,3.0,1.0,6.0,8.0,-2.0,-2.0,-5.0,3.0,0.0,0.0,0.0,0.0,2.0,-2.0,42.9,57.1,25.0,50.0,
2013-08-05,2013,Djurgarden,Helsingborg,2,1,H,O,3.89,3.41,1.93,9,3.0,2.0,1.0,0.0,5.0,7.0,-2.0,2.0,4.0,-2.0,3.0,3.0,0.0,1.0,1.0,0.0,0.0,0.0,0.0,50.0,37.5,62.5,0.0,
2013-08-04,2013,Halmstad,Malmo FF,1,3,A,O,5.72,3.88,1.57,9,0.0,2.0,2.0,1.0,2.0,8.0,-6.0,5.0,7.0,-2.0,-3.0,1.0,-4.0,0.0,1.0,-1.0,1.0,1.0,0.0,12.5,37.5,50.0,25.0,A
2013-08-04,2013,Goteborg,Hacken,3,1,H,O,2.13,3.33,3.35,9,2.0,3.0,1.0,1.0,8.0,8.0,0.0,6.0,3.0,3.0,2.0,5.0,-3.0,2.0,3.0,-1.0,1.0,1.0,0.0,62.5,12.5,37.5,50.0,H
2013-08-04,2013,Atvidabergs,Gefle,1,1,D,U,1.81,3.41,4.56,9,3.0,0.0,0.0,1.0,9.0,5.0,4.0,2.0,7.0,-5.0,7.0,-2.0,9.0,2.0,0.0,2.0,0.0,1.0,-1.0,62.5,25.0,0.0,62.5,D
2013-08-03,2013,Osters,Brommapojkarna,0,0,D,U,1.79,3.61,4.37,9,1.0,0.0,2.0,3.0,5.0,3.0,2.0,6.0,16.0,-10.0,-1.0,-13.0,12.0,1.0,0.0,1.0,1.0,3.0,-2.0,25.0,50.0,0.0,75.0,D
2013-08-03,2013,Kalmar,Syrianska,1,0,H,U,1.6,3.84,5.58,9,1.0,0.0,0.0,2.0,8.0,3.0,5.0,6.0,8.0,-2.0,2.0,-5.0,7.0,1.0,0.0,1.0,0.0,1.0,-1.0,25.0,0.0,12.5,50.0,D
2013-08-03,2013,AIK,Elfsborg,2,1,H,O,1.99,3.4,3.68,9,2.0,1.0,0.0,2.0,7.0,4.0,3.0,1.0,5.0,-4.0,6.0,-1.0,7.0,2.0,0.0,2.0,0.0,0.0,0.0,37.5,12.5,37.5,25.0,H
2013-07-29,2013,Halmstad,Syrianska,1,1,D,U,1.9,3.5,3.89,8,1.0,0.0,2.0,3.0,2.0,3.0,-1.0,4.0,11.0,-7.0,-2.0,-8.0,6.0,0.0,0.0,0.0,1.0,2.0,-1.0,14.3,42.9,14.3,57.1,
2013-07-28,2013,Goteborg,Helsingborg,2,4,A,O,2.67,3.18,2.63,8,3.0,2.0,0.0,0.0,7.0,4.0,3.0,2.0,2.0,0.0,5.0,2.0,3.0,2.0,0.0,2.0,0.0,0.0,0.0,71.4,0.0,57.1,0.0,
2013-07-28,2013,Gefle,Malmo FF,2,0,H,U,4.59,3.6,1.75,9,0.0,2.0,0.0,1.0,4.0,10.0,-6.0,4.0,8.0,-4.0,0.0,2.0,-2.0,0.0,1.0,-1.0,0.0,0.0,0.0,25.0,12.5,57.1,14.3,
2013-07-27,2013,Osters,Mjallby,1,1,D,U,2.24,3.25,3.17,8,1.0,0.0,3.0,3.0,4.0,3.0,1.0,6.0,9.0,-3.0,-2.0,-6.0,4.0,1.0,0.0,1.0,1.0,2.0,-1.0,28.6,57.1,28.6,57.1,D
2013-07-27,2013,Kalmar,Brommapojkarna,2,2,D,O,1.59,3.85,5.59,8,2.0,0.0,0.0,4.0,8.0,1.0,7.0,5.0,15.0,-10.0,3.0,-14.0,17.0,1.0,0.0,1.0,0.0,3.0,-3.0,28.6,0.0,0.0,85.7,D
2013-07-27,2013,Atvidabergs,Elfsborg,1,1,D,U,3.4,3.31,2.12,8,4.0,2.0,0.0,2.0,13.0,5.0,8.0,2.0,5.0,-3.0,11.0,0.0,11.0,3.0,0.0,3.0,0.0,0.0,0.0,71.4,28.6,42.9,28.6,H
2013-07-24,2013,Halmstad,Helsingborg,0,1,A,U,5.42,3.87,1.6,7,1.0,2.0,2.0,0.0,3.0,5.0,-2.0,5.0,2.0,3.0,-2.0,3.0,-5.0,0.0,1.0,-1.0,1.0,0.0,1.0,16.7,33.3,50.0,0.0,
2013-07-22,2013,Hacken,AIK,2,3,A,O,2.3,3.3,3.02,9,0.0,4.0,3.0,0.0,2.0,8.0,-6.0,6.0,4.0,2.0,-4.0,4.0,-8.0,0.0,0.0,0.0,1.0,0.0,1.0,37.5,50.0,62.5,25.0,
2013-07-21,2013,Djurgarden,Norrkoping,1,2,A,O,2.24,3.28,3.13,8,4.0,1.0,0.0,0.0,7.0,7.0,0.0,2.0,5.0,-3.0,5.0,2.0,3.0,1.0,1.0,0.0,0.0,0.0,0.0,57.1,28.6,25.0,25.0,D
2013-07-15,2013,Helsingborg,Osters,3,0,H,O,1.37,4.75,7.91,9,2.0,0.0,1.0,2.0,7.0,2.0,5.0,4.0,6.0,-2.0,3.0,-4.0,7.0,1.0,0.0,1.0,0.0,2.0,-2.0,62.5,25.0,12.5,50.0,
2013-07-14,2013,Syrianska,AIK,1,2,A,O,5.41,3.71,1.63,9,0.0,3.0,3.0,1.0,5.0,7.0,-2.0,10.0,5.0,5.0,-5.0,2.0,-7.0,0.0,0.0,0.0,1.0,0.0,1.0,12.5,75.0,57.1,28.6,A
2013-07-14,2013,Mjallby,Djurgarden,2,0,H,U,2.56,3.18,2.75,9,1.0,0.0,1.0,1.0,8.0,3.0,5.0,6.0,7.0,-1.0,2.0,-4.0,6.0,1.0,0.0,1.0,1.0,1.0,0.0,50.0,25.0,0.0,57.1,H
2013-07-14,2013,Malmo FF,Atvidabergs,4,0,H,O,1.5,3.98,6.74,9,2.0,2.0,1.0,2.0,7.0,4.0,3.0,6.0,5.0,1.0,1.0,-1.0,2.0,1.0,1.0,0.0,1.0,1.0,0.0,50.0,12.5,37.5,37.5,H
2013-07-14,2013,Gefle,Norrkoping,2,2,D,O,2.89,3.23,2.43,8,0.0,1.0,0.0,0.0,3.0,6.0,-3.0,3.0,4.0,-1.0,0.0,2.0,-2.0,0.0,1.0,-1.0,0.0,0.0,0.0,28.6,14.3,28.6,28.6,D
2013-07-13,2013,Hacken,Kalmar,0,1,A,U,1.65,3.76,5.08,8,1.0,2.0,2.0,2.0,3.0,3.0,0.0,5.0,3.0,2.0,-2.0,0.0,-2.0,0.0,1.0,-1.0,1.0,1.0,0.0,42.9,42.9,50.0,37.5,D
2013-07-13,2013,Elfsborg,Halmstad,2,2,D,O,1.25,5.73,11.2,9,2.0,1.0,1.0,2.0,11.0,4.0,7.0,2.0,8.0,-6.0,9.0,-4.0,13.0,2.0,0.0,2.0,0.0,1.0,-1.0,50.0,12.5,12.5,50.0,A
2013-07-13,2013,Brommapojkarna,Goteborg,2,1,H,O,4.37,3.56,1.79,9,0.0,1.0,2.0,1.0,3.0,4.0,-1.0,6.0,5.0,1.0,-3.0,-1.0,-2.0,0.0,0.0,0.0,1.0,1.0,0.0,25.0,37.5,37.5,25.0,H
2013-07-08,2013,Helsingborg,Goteborg,1,1,D,U,1.74,3.66,4.59,8,3.0,1.0,1.0,2.0,11.0,4.0,7.0,3.0,7.0,-4.0,8.0,-3.0,11.0,2.0,0.0,2.0,0.0,2.0,-2.0,71.4,28.6,42.9,28.6,
2013-07-07,2013,Syrianska,Halmstad,1,2,A,O,2.15,3.29,3.3,8,0.0,0.0,3.0,3.0,4.0,2.0,2.0,9.0,8.0,1.0,-5.0,-6.0,1.0,0.0,0.0,0.0,1.0,1.0,0.0,14.3,71.4,0.0,57.1,D
2013-07-07,2013,Malmo FF,Gefle,3,1,H,O,1.36,4.59,8.96,8,1.0,0.0,1.0,1.0,5.0,5.0,0.0,6.0,8.0,-2.0,-1.0,-3.0,2.0,0.0,0.0,0.0,1.0,1.0,0.0,42.9,14.3,0.0,57.1,D
2013-07-07,2013,AIK,Hacken,2,0,H,U,1.96,3.41,3.8,8,2.0,3.0,0.0,1.0,8.0,8.0,0.0,2.0,6.0,-4.0,6.0,2.0,4.0,2.0,3.0,-1.0,0.0,1.0,-1.0,28.6,14.3,42.9,42.9,D
2013-07-06,2013,Mjallby,Osters,1,1,D,U,1.94,3.43,3.81,8,2.0,0.0,1.0,3.0,11.0,1.0,10.0,6.0,6.0,0.0,5.0,-5.0,10.0,2.0,0.0,2.0,1.0,2.0,-1.0,57.1,28.6,14.3,57.1,A
2013-07-06,2013,Elfsborg,Atvidabergs,0,1,A,U,1.47,4.2,6.74,8,3.0,2.0,0.0,2.0,13.0,4.0,9.0,2.0,5.0,-3.0,11.0,-1.0,12.0,2.0,1.0,1.0,0.0,1.0,-1.0,57.1,0.0,28.6,42.9,A
2013-07-06,2013,Brommapojkarna,Kalmar,0,1,A,U,3.07,3.3,2.28,8,1.0,1.0,1.0,2.0,7.0,3.0,4.0,6.0,4.0,2.0,1.0,-1.0,2.0,1.0,1.0,0.0,1.0,1.0,0.0,28.6,28.6,42.9,42.9,A
2013-07-01,2013,Atvidabergs,Brommapojkarna,4,1,H,O,1.53,4.04,6.0,7,3.0,0.0,1.0,4.0,10.0,2.0,8.0,3.0,15.0,-12.0,7.0,-13.0,20.0,2.0,0.0,2.0,0.0,3.0,-3.0,66.7,33.3,0.0,83.3,
2013-07-01,2013,AIK,Mjallby,0,0,D,U,1.4,4.48,7.81,7,2.0,0.0,0.0,4.0,11.0,3.0,8.0,5.0,11.0,-6.0,6.0,-8.0,14.0,2.0,0.0,2.0,0.0,3.0,-3.0,33.3,16.7,33.3,66.7,
2013-06-30,2013,Elfsborg,Syrianska,5,1,H,O,1.24,5.65,12.3,7,3.0,1.0,0.0,2.0,10.0,3.0,7.0,1.0,6.0,-5.0,9.0,-3.0,12.0,2.0,0.0,2.0,0.0,1.0,-1.0,50.0,0.0,16.7,50.0,D
2013-06-30,2013,Djurgarden,Osters,2,0,H,U,1.7,3.54,5.03,7,3.0,0.0,1.0,3.0,5.0,1.0,4.0,3.0,6.0,-3.0,2.0,-5.0,7.0,0.0,0.0,0.0,0.0,2.0,-2.0,50.0,33.3,16.7,50.0,H
2013-06-27,2013,Malmo FF,Hacken,1,3,A,O,1.69,3.7,4.79,7,2.0,2.0,0.0,2.0,6.0,7.0,-1.0,3.0,9.0,-6.0,3.0,-2.0,5.0,1.0,2.0,-1.0,0.0,2.0,-2.0,50.0,0.0,33.3,50.0,
2013-06-27,2013,Helsingborg,AIK,1,2,A,O,1.79,3.63,4.25,7,4.0,3.0,0.0,1.0,15.0,7.0,8.0,2.0,5.0,-3.0,13.0,2.0,11.0,3.0,0.0,3.0,0.0,0.0,0.0,83.3,16.7,50.0,33.3,
2013-06-24,2013,Osters,Norrkoping,0,2,A,U,2.77,3.24,2.5,7,1.0,0.0,3.0,1.0,5.0,5.0,0.0,7.0,7.0,0.0,-2.0,-2.0,0.0,1.0,0.0,1.0,1.0,1.0,0.0,33.3,50.0,16.7,33.3,
2013-06-24,2013,Malmo FF,Elfsborg,2,1,H,O,2.01,3.38,3.64,6,2.0,3.0,0.0,1.0,5.0,7.0,-2.0,2.0,4.0,-2.0,3.0,3.0,0.0,1.0,1.0,0.0,0.0,0.0,0.0,40.0,0.0,50.0,16.7,
2013-06-24,2013,Goteborg,Mjallby,4,2,H,O,1.63,3.71,5.39,7,2.0,1.0,0.0,3.0,4.0,3.0,1.0,1.0,8.0,-7.0,3.0,-5.0,8.0,1.0,0.0,1.0,0.0,2.0,-2.0,66.7,0.0,40.0,60.0,
2013-06-24,2013,Gefle,Djurgarden,1,1,D,U,2.56,3.16,2.74,7,0.0,0.0,1.0,2.0,3.0,2.0,1.0,4.0,8.0,-4.0,-1.0,-6.0,5.0,0.0,0.0,0.0,0.0,2.0,-2.0,33.3,16.7,0.0,66.7,
2013-06-24,2013,AIK,Brommapojkarna,4,0,H,O,1.31,5.1,9.39,6,1.0,0.0,1.0,3.0,7.0,3.0,4.0,6.0,12.0,-6.0,1.0,-9.0,10.0,1.0,0.0,1.0,0.0,2.0,-2.0,20.0,20.0,0.0,80.0,
2013-06-23,2013,Kalmar,Helsingborg,1,1,D,U,4.19,3.53,1.83,7,2.0,3.0,0.0,0.0,7.0,8.0,-1.0,4.0,2.0,2.0,3.0,6.0,-3.0,1.0,2.0,-1.0,0.0,0.0,0.0,33.3,0.0,60.0,0.0,H
2013-06-23,2013,Halmstad,Hacken,0,2,A,U,3.64,3.4,2.0,6,1.0,1.0,1.0,3.0,3.0,5.0,-2.0,3.0,11.0,-8.0,0.0,-6.0,6.0,0.0,1.0,-1.0,0.0,3.0,-3.0,20.0,20.0,20.0,60.0,A
2013-06-23,2013,Atvidabergs,Syrianska,1,0,H,U,1.72,3.63,4.72,6,3.0,1.0,1.0,2.0,10.0,3.0,7.0,3.0,7.0,-4.0,7.0,-4.0,11.0,2.0,0.0,2.0,0.0,2.0,-2.0,60.0,40.0,20.0,40.0,D
2013-06-20,2013,Syrianska,Malmo FF,2,3,A,O,4.82,3.59,1.72,7,1.0,1.0,2.0,1.0,5.0,8.0,-3.0,7.0,7.0,0.0,-2.0,1.0,-3.0,1.0,1.0,0.0,1.0,0.0,1.0,16.7,66.7,50.0,16.7,
2013-06-20,2013,Norrkoping,Goteborg,1,2,A,O,2.39,3.24,2.92,7,2.0,1.0,2.0,2.0,7.0,4.0,3.0,6.0,7.0,-1.0,1.0,-3.0,4.0,1.0,0.0,1.0,0.0,2.0,-2.0,50.0,50.0,33.3,33.3,
2013-06-20,2013,Mjallby,Kalmar,0,2,A,U,2.11,3.35,3.4,7,3.0,1.0,0.0,2.0,15.0,3.0,12.0,6.0,5.0,1.0,9.0,-2.0,11.0,3.0,0.0,3.0,0.0,1.0,-1.0,66.7,16.7,33.3,50.0,
2013-06-19,2013,Hacken,Atvidabergs,0,2,A,U,1.7,3.7,4.74,7,2.0,1.0,1.0,2.0,5.0,2.0,3.0,3.0,5.0,-2.0,2.0,-3.0,5.0,1.0,0.0,1.0,0.0,1.0,-1.0,50.0,33.3,16.7,50.0,
2013-06-19,2013,Elfsborg,Gefle,0,0,D,U,1.39,4.44,8.08,6,3.0,0.0,0.0,2.0,10.0,6.0,4.0,1.0,13.0,-12.0,9.0,-7.0,16.0,2.0,0.0,2.0,0.0,2.0,-2.0,60.0,0.0,0.0,66.7,
2013-06-19,2013,Brommapojkarna,Halmstad,1,1,D,U,2.38,3.26,2.92,7,1.0,0.0,2.0,3.0,6.0,4.0,2.0,7.0,10.0,-3.0,-1.0,-6.0,5.0,1.0,0.0,1.0,2.0,1.0,1.0,33.3,33.3,0.0,66.7,
2013-06-17,2013,Kalmar,Norrkoping,2,2,D,O,2.01,3.36,3.68,6,2.0,0.0,0.0,2.0,6.0,3.0,3.0,3.0,6.0,-3.0,3.0,-3.0,6.0,1.0,0.0,1.0,0.0,1.0,-1.0,40.0,0.0,20.0,40.0,
2013-06-17,2013,Goteborg,Djurgarden,0,0,D,U,1.69,3.61,5.08,6,3.0,0.0,0.0,3.0,6.0,2.0,4.0,1.0,12.0,-11.0,5.0,-10.0,15.0,2.0,0.0,2.0,0.0,3.0,-3.0,80.0,0.0,0.0,80.0,
2013-06-15,2013,Gefle,Osters,0,0,D,U,1.95,3.33,3.92,6,1.0,1.0,1.0,3.0,5.0,2.0,3.0,4.0,6.0,-2.0,1.0,-4.0,5.0,1.0,0.0,1.0,0.0,2.0,-2.0,40.0,20.0,20.0,60.0,D
2013-06-01,2013,Mjallby,Halmstad,5,1,H,O,1.93,3.38,3.93,6,3.0,0.0,0.0,3.0,11.0,3.0,8.0,5.0,7.0,-2.0,6.0,-4.0,10.0,2.0,0.0,2.0,0.0,1.0,-1.0,60.0,20.0,0.0,60.0,D
2013-06-01,2013,Helsingborg,Atvidabergs,3,0,H,O,1.48,4.18,6.58,6,3.0,1.0,1.0,1.0,13.0,2.0,11.0,4.0,2.0,2.0,9.0,0.0,9.0,2.0,0.0,2.0,0.0,0.0,0.0,80.0,20.0,20.0,40.0,H
2013-06-01,2013,Hacken,Elfsborg,0,1,A,U,2.58,3.3,2.64,6,3.0,2.0,0.0,1.0,9.0,7.0,2.0,2.0,5.0,-3.0,7.0,2.0,5.0,2.0,1.0,1.0,0.0,0.0,0.0,60.0,20.0,40.0,20.0,A
2013-06-01,2013,Brommapojkarna,Malmo FF,1,3,A,O,5.37,3.77,1.62,6,2.0,1.0,1.0,1.0,6.0,6.0,0.0,4.0,6.0,-2.0,2.0,0.0,2.0,1.0,0.0,1.0,1.0,0.0,1.0,40.0,20.0,40.0,20.0,A
2013-05-31,2013,Osters,Goteborg,2,0,H,U,4.05,3.31,1.92,6,1.0,1.0,3.0,1.0,5.0,4.0,1.0,7.0,5.0,2.0,-2.0,-1.0,-1.0,1.0,0.0,1.0,1.0,1.0,0.0,20.0,60.0,40.0,20.0,
2013-05-30,2013,Norrkoping,AIK,0,1,A,U,2.83,3.3,2.42,6,2.0,2.0,2.0,2.0,8.0,6.0,2.0,9.0,6.0,3.0,-1.0,0.0,-1.0,1.0,0.0,1.0,1.0,0.0,1.0,60.0,40.0,40.0,40.0,
2013-05-30,2013,Djurgarden,Kalmar,1,0,H,U,2.33,3.21,3.04,6,2.0,1.0,1.0,2.0,5.0,3.0,2.0,4.0,5.0,-1.0,1.0,-2.0,3.0,0.0,0.0,0.0,0.0,1.0,-1.0,40.0,40.0,40.0,40.0,
2013-05-29,2013,Malmo FF,Helsingborg,1,1,D,U,2.23,3.28,3.17,5,2.0,3.0,0.0,0.0,5.0,8.0,-3.0,2.0,2.0,0.0,3.0,6.0,-3.0,1.0,2.0,-1.0,0.0,0.0,0.0,50.0,0.0,75.0,0.0,
2013-05-28,2013,Syrianska,Gefle,2,2,D,O,2.55,3.09,2.84,6,1.0,0.0,3.0,3.0,3.0,4.0,-1.0,6.0,12.0,-6.0,-3.0,-8.0,5.0,1.0,0.0,1.0,1.0,2.0,-1.0,20.0,80.0,0.0,80.0,
2013-05-23,2013,Syrianska,Hacken,0,3,A,O,3.49,3.36,2.06,5,1.0,0.0,3.0,3.0,3.0,2.0,1.0,6.0,11.0,-5.0,-3.0,-9.0,6.0,1.0,0.0,1.0,1.0,3.0,-2.0,25.0,75.0,0.0,75.0,
2013-05-23,2013,Kalmar,Osters,3,1,H,O,1.82,3.44,4.41,5,1.0,1.0,0.0,2.0,3.0,3.0,0.0,2.0,5.0,-3.0,1.0,-2.0,3.0,0.0,0.0,0.0,0.0,1.0,-1.0,25.0,0.0,25.0,50.0,
2013-05-23,2013,Halmstad,Norrkoping,1,1,D,U,2.51,3.24,2.76,5,1.0,1.0,1.0,2.0,3.0,4.0,-1.0,3.0,6.0,-3.0,0.0,-2.0,2.0,0.0,0.0,0.0,0.0,1.0,-1.0,25.0,25.0,25.0,50.0,
2013-05-23,2013,Elfsborg,Brommapojkarna,6,0,H,O,1.29,5.18,9.9,5,2.0,0.0,0.0,3.0,6.0,3.0,3.0,3.0,8.0,-5.0,3.0,-5.0,8.0,1.0,0.0,1.0,0.0,2.0,-2.0,50.0,0.0,0.0,75.0,
2013-05-23,2013,Atvidabergs,Mjallby,3,0,H,O,1.99,3.38,3.7,5,2.0,2.0,2.0,2.0,8.0,6.0,2.0,6.0,5.0,1.0,2.0,1.0,1.0,1.0,1.0,0.0,1.0,1.0,0.0,50.0,50.0,50.0,50.0,
2013-05-22,2013,Gefle,Goteborg,1,1,D,U,3.3,3.21,2.2,5,2.0,2.0,1.0,1.0,5.0,6.0,-1.0,3.0,4.0,-1.0,2.0,2.0,0.0,1.0,1.0,0.0,0.0,1.0,-1.0,50.0,25.0,50.0,25.0,
2013-05-22,2013,AIK,Djurgarden,1,1,D,U,1.72,3.59,4.78,5,1.0,0.0,1.0,4.0,6.0,1.0,5.0,5.0,14.0,-9.0,1.0,-13.0,14.0,1.0,0.0,1.0,0.0,4.0,-4.0,25.0,25.0,0.0,100.0,
2013-05-20,2013,Helsingborg,Elfsborg,2,1,H,O,2.02,3.32,3.64,5,3.0,2.0,1.0,0.0,14.0,7.0,7.0,3.0,4.0,-1.0,11.0,3.0,8.0,3.0,1.0,2.0,0.0,0.0,0.0,75.0,25.0,50.0,0.0,
2013-05-19,2013,Osters,AIK,2,3,A,O,3.59,3.32,2.05,5,1.0,1.0,2.0,2.0,4.0,5.0,-1.0,5.0,6.0,-1.0,-1.0,-1.0,0.0,1.0,0.0,1.0,1.0,0.0,1.0,25.0,50.0,25.0,50.0,A
2013-05-19,2013,Norrkoping,Atvidabergs,2,1,H,O,2.14,3.27,3.37,5,2.0,1.0,2.0,1.0,8.0,1.0,7.0,9.0,1.0,8.0,-1.0,0.0,-1.0,1.0,0.0,1.0,1.0,0.0,1.0,50.0,50.0,25.0,25.0,D
2013-05-19,2013,Hacken,Gefle,2,2,D,O,1.48,4.0,6.96,5,3.0,0.0,1.0,4.0,7.0,3.0,4.0,3.0,12.0,-9.0,4.0,-9.0,13.0,2.0,0.0,2.0,1.0,2.0,-1.0,75.0,25.0,0.0,100.0,D
2013-05-19,2013,Goteborg,Kalmar,2,0,H,U,1.68,3.53,5.2,5,3.0,2.0,0.0,1.0,6.0,6.0,0.0,1.0,3.0,-2.0,5.0,3.0,2.0,2.0,1.0,1.0,0.0,0.0,0.0,75.0,0.0,50.0,25.0,H
2013-05-19,2013,Djurgarden,Halmstad,1,0,H,U,1.86,3.44,4.14,5,1.0,0.0,2.0,2.0,4.0,4.0,0.0,7.0,7.0,0.0,-3.0,-3.0,0.0,0.0,0.0,0.0,1.0,1.0,0.0,25.0,50.0,0.0,50.0,D
2013-05-18,2013,Brommapojkarna,Syrianska,1,1,D,U,2.28,3.24,3.07,5,2.0,1.0,1.0,2.0,7.0,2.0,5.0,5.0,6.0,-1.0,2.0,-4.0,6.0,1.0,0.0,1.0,1.0,2.0,-1.0,50.0,25.0,25.0,50.0,A
2013-05-17,2013,Mjallby,Malmo FF,2,2,D,O,4.02,3.4,1.9,5,3.0,2.0,1.0,1.0,10.0,7.0,3.0,5.0,5.0,0.0,5.0,2.0,3.0,2.0,1.0,1.0,0.0,0.0,0.0,75.0,25.0,50.0,25.0,
2013-05-13,2013,Osters,Atvidabergs,0,1,A,U,2.25,3.23,3.17,4,,,,,,,,,,,,,,,,,,,,33.3,33.3,0.0,33.3,
2013-05-13,2013,Helsingborg,Hacken,5,0,H,O,1.77,3.59,4.41,4,,,,,,,,,,,,,,,,,,,,66.7,33.3,0.0,66.7,
2013-05-13,2013,Brommapojkarna,Gefle,4,1,H,O,2.52,3.16,2.81,4,,,,,,,,,,,,,,,,,,,,33.3,33.3,0.0,100.0,
2013-05-12,2013,Mjallby,Syrianska,4,1,H,O,2.0,3.3,3.77,4,,,,,,,,,,,,,,,,,,,,66.7,33.3,33.3,33.3,H
2013-05-12,2013,Kalmar,AIK,2,1,H,O,2.93,3.19,2.4,4,,,,,,,,,,,,,,,,,,,,0.0,0.0,33.3,33.3,H
2013-05-12,2013,Djurgarden,Malmo FF,3,2,H,O,4.79,3.53,1.73,4,,,,,,,,,,,,,,,,,,,,0.0,66.7,66.7,0.0,A
2013-05-11,2013,Goteborg,Halmstad,1,0,H,U,1.49,4.09,6.57,4,,,,,,,,,,,,,,,,,,,,66.7,0.0,0.0,33.3,H
2013-05-10,2013,Norrkoping,Elfsborg,1,2,A,O,3.16,3.29,2.23,4,,,,,,,,,,,,,,,,,,,,66.7,33.3,33.3,0.0,
2013-05-06,2013,Hacken,Brommapojkarna,1,0,H,U,1.39,4.52,7.98,4,,,,,,,,,,,,,,,,,,,,66.7,33.3,0.0,66.7,
2013-05-06,2013,Gefle,Kalmar,1,1,D,U,2.41,3.14,2.97,4,,,,,,,,,,,,,,,,,,,,66.7,33.3,66.7,33.3,
2013-05-06,2013,AIK,Goteborg,3,1,H,O,2.34,3.23,3.02,4,,,,,,,,,,,,,,,,,,,,0.0,33.3,66.7,0.0,
2013-05-05,2013,Syrianska,Helsingborg,0,1,A,U,4.77,3.59,1.72,4,,,,,,,,,,,,,,,,,,,,33.3,66.7,66.7,0.0,D
2013-05-05,2013,Halmstad,Osters,1,0,H,U,2.21,3.27,3.21,4,,,,,,,,,,,,,,,,,,,,0.0,33.3,33.3,33.3,D
2013-05-05,2013,Elfsborg,Mjallby,2,1,H,O,1.41,4.34,7.82,4,,,,,,,,,,,,,,,,,,,,33.3,0.0,66.7,33.3,D
2013-05-04,2013,Atvidabergs,Djurgarden,5,1,H,O,2.16,3.16,3.44,4,,,,,,,,,,,,,,,,,,,,33.3,66.7,0.0,100.0,H
2013-05-03,2013,Malmo FF,Norrkoping,1,1,D,U,1.44,4.34,6.99,4,,,,,,,,,,,,,,,,,,,,66.7,0.0,33.3,66.7,
2013-04-28,2013,Osters,Elfsborg,1,3,A,O,3.27,3.19,2.21,3,,,,,,,,,,,,,,,,,,,,50.0,0.0,0.0,0.0,D
2013-04-28,2013,Mjallby,Brommapojkarna,4,2,H,O,1.75,3.47,4.82,3,,,,,,,,,,,,,,,,,,,,50.0,50.0,0.0,50.0,D
2013-04-28,2013,AIK,Halmstad,3,3,D,O,1.41,4.31,8.04,3,,,,,,,,,,,,,,,,,,,,0.0,50.0,0.0,50.0,H
2013-04-27,2013,Kalmar,Atvidabergs,0,0,D,U,1.88,3.36,4.16,3,,,,,,,,,,,,,,,,,,,,0.0,0.0,0.0,50.0,D
2013-04-27,2013,Helsingborg,Gefle,5,1,H,O,1.37,4.57,8.29,3,,,,,,,,,,,,,,,,,,,,50.0,50.0,0.0,100.0,H
2013-04-27,2013,Djurgarden,Syrianska,0,1,A,U,1.87,3.35,4.23,3,,,,,,,,,,,,,,,,,,,,0.0,50.0,0.0,50.0,D
2013-04-26,2013,Norrkoping,Hacken,4,2,H,O,2.86,3.25,2.42,3,,,,,,,,,,,,,,,,,,,,50.0,50.0,0.0,50.0,
2013-04-25,2013,Goteborg,Malmo FF,1,1,D,U,2.33,3.15,3.09,3,,,,,,,,,,,,,,,,,,,,100.0,0.0,100.0,0.0,
2013-04-22,2013,Syrianska,Norrkoping,3,1,H,O,2.71,3.19,2.58,3,,,,,,,,,,,,,,,,,,,,0.0,100.0,50.0,50.0,
2013-04-22,2013,Malmo FF,Osters,2,0,H,U,1.63,3.7,5.44,3,,,,,,,,,,,,,,,,,,,,50.0,0.0,50.0,0.0,
2013-04-22,2013,Gefle,AIK,1,2,A,O,3.35,3.17,2.19,3,,,,,,,,,,,,,,,,,,,,100.0,0.0,0.0,50.0,
2013-04-22,2013,Elfsborg,Djurgarden,2,0,H,U,1.55,3.81,6.17,3,,,,,,,,,,,,,,,,,,,,0.0,0.0,0.0,100.0,
2013-04-21,2013,Halmstad,Kalmar,1,2,A,O,2.35,3.18,3.04,3,,,,,,,,,,,,,,,,,,,,0.0,0.0,50.0,50.0,H
2013-04-21,2013,Hacken,Mjallby,2,0,H,U,1.62,3.66,5.64,3,,,,,,,,,,,,,,,,,,,,50.0,50.0,100.0,0.0,D
2013-04-21,2013,Brommapojkarna,Helsingborg,0,2,A,U,4.53,3.53,1.78,3,,,,,,,,,,,,,,,,,,,,50.0,0.0,50.0,0.0,A
2013-04-21,2013,Atvidabergs,Goteborg,1,2,A,O,3.48,3.26,2.11,3,,,,,,,,,,,,,,,,,,,,50.0,50.0,50.0,0.0,D
2013-04-18,2013,Norrkoping,Helsingborg,1,4,A,O,2.88,3.27,2.39,2,,,,,,,,,,,,,,,,,,,,100.0,0.0,0.0,0.0,
2013-04-18,2013,Mjallby,Gefle,1,0,H,U,2.17,3.16,3.43,2,,,,,,,,,,,,,,,,,,,,0.0,100.0,0.0,100.0,
2013-04-18,2013,Kalmar,Elfsborg,1,1,D,U,2.98,3.2,2.37,2,,,,,,,,,,,,,,,,,,,,0.0,0.0,0.0,0.0,
2013-04-18,2013,Goteborg,Syrianska,2,0,H,U,1.34,4.64,9.37,2,,,,,,,,,,,,,,,,,,,,100.0,0.0,0.0,0.0,
2013-04-18,2013,Djurgarden,Brommapojkarna,1,1,D,U,1.78,3.51,4.51,2,,,,,,,,,,,,,,,,,,,,0.0,100.0,0.0,100.0,
2013-04-17,2013,Osters,Hacken,2,0,H,U,2.98,3.23,2.36,2,,,,,,,,,,,,,,,,,,,,0.0,0.0,0.0,0.0,
2013-04-17,2013,Halmstad,Atvidabergs,0,0,D,U,2.03,3.36,3.59,2,,,,,,,,,,,,,,,,,,,,0.0,0.0,0.0,100.0,
2013-04-17,2013,AIK,Malmo FF,0,1,A,U,2.31,3.23,3.04,2,,,,,,,,,,,,,,,,,,,,0.0,0.0,100.0,0.0,
2013-04-15,2013,Helsingborg,Mjallby,1,2,A,O,1.43,4.28,7.18,2,,,,,,,,,,,,,,,,,,,,100.0,0.0,100.0,0.0,
2013-04-15,2013,Elfsborg,Goteborg,0,0,D,U,2.08,3.33,3.44,2,,,,,,,,,,,,,,,,,,,,0.0,0.0,100.0,0.0,
2013-04-14,2013,Malmo FF,Kalmar,1,0,H,U,1.58,3.8,5.72,2,,,,,,,,,,,,,,,,,,,,0.0,0.0,100.0,0.0,
2013-04-14,2013,Hacken,Djurgarden,4,0,H,O,1.69,3.6,4.92,2,,,,,,,,,,,,,,,,,,,,0.0,100.0,0.0,100.0,
2013-04-14,2013,Gefle,Halmstad,2,0,H,U,2.16,3.23,3.35,2,,,,,,,,,,,,,,,,,,,,100.0,0.0,0.0,0.0,
2013-04-14,2013,Atvidabergs,AIK,1,0,H,U,3.22,3.22,2.22,2,,,,,,,,,,,,,,,,,,,,0.0,100.0,0.0,0.0,
2013-04-13,2013,Syrianska,Osters,0,1,A,U,2.58,3.13,2.74,2,,,,,,,,,,,,,,,,,,,,0.0,100.0,0.0,0.0,D
2013-04-12,2013,Brommapojkarna,Norrkoping,1,0,H,U,2.99,3.26,2.33,2,,,,,,,,,,,,,,,,,,,,0.0,0.0,100.0,0.0,
2013-04-08,2013,Osters,Helsingborg,1,1,D,U,3.02,3.16,2.36,1,,,,,,,,,,,,,,,,,,,,,,,,
2013-04-08,2013,Norrkoping,Gefle,2,1,H,O,1.95,3.33,3.9,1,,,,,,,,,,,,,,,,,,,,,,,,
2013-04-08,2013,Djurgarden,Mjallby,0,3,A,O,1.83,3.36,4.42,1,,,,,,,,,,,,,,,,,,,,,,,,
2013-04-07,2013,Kalmar,Hacken,0,0,D,U,3.05,3.23,2.3,1,,,,,,,,,,,,,,,,,,,,,,,,D
2013-04-07,2013,Halmstad,Elfsborg,1,1,D,U,3.74,3.35,1.99,1,,,,,,,,,,,,,,,,,,,,,,,,
2013-04-07,2013,Goteborg,Brommapojkarna,2,0,H,U,1.39,4.41,8.06,1,,,,,,,,,,,,,,,,,,,,,,,,
2013-04-07,2013,AIK,Syrianska,0,0,D,U,1.42,4.23,7.7,1,,,,,,,,,,,,,,,,,,,,,,,,D
2013-04-05,2013,Atvidabergs,Malmo FF,1,3,A,O,3.2,3.23,2.24,1,,,,,,,,,,,,,,,,,,,,,,,,
2013-04-01,2013,Mjallby,Norrkoping,1,2,A,O,2.45,3.14,2.9,1,,,,,,,,,,,,,,,,,,,,,,,,
2013-04-01,2013,Malmo FF,Halmstad,1,1,D,U,1.42,4.29,7.53,1,,,,,,,,,,,,,,,,,,,,,,,,
2013-04-01,2013,Gefle,Atvidabergs,1,0,H,U,2.5,3.15,2.83,1,,,,,,,,,,,,,,,,,,,,,,,,
2013-04-01,2013,Elfsborg,AIK,2,2,D,O,2.04,3.26,3.65,1,,,,,,,,,,,,,,,,,,,,,,,,
2013-04-01,2013,Brommapojkarna,Osters,2,2,D,O,2.46,3.17,2.86,1,,,,,,,,,,,,,,,,,,,,,,,,
2013-03-31,2013,Syrianska,Kalmar,0,3,A,O,2.71,3.12,2.63,1,,,,,,,,,,,,,,,,,,,,,,,,
2013-03-31,2013,Helsingborg,Djurgarden,3,0,H,O,1.78,3.52,4.5,1,,,,,,,,,,,,,,,,,,,,,,,,H
2013-03-31,2013,Hacken,Goteborg,0,3,A,O,2.42,3.19,2.92,1,,,,,,,,,,,,,,,,,,,,,,,,
2012-11-17,2012,Sundsvall,Halmstad,4,3,H,O,1.93,3.52,3.62,16,0.0,,4.0,,3.0,,,10.0,,,-7.0,,,0.0,,,1.0,,,26.7,53.3,,,H
2012-11-10,2012,Halmstad,Sundsvall,3,0,H,O,2.1,3.33,3.29,1,,0.0,,0.0,,5.0,,,5.0,,,0.0,,,0.0,,,0.0,,,,13.3,33.3,D
2012-11-04,2012,Syrianska,Kalmar,3,0,H,O,1.89,3.41,3.97,15,0.0,2.0,2.0,1.0,4.0,4.0,0.0,7.0,3.0,4.0,-3.0,1.0,-4.0,0.0,0.0,0.0,1.0,0.0,1.0,28.6,42.9,35.7,42.9,D
2012-11-04,2012,Sundsvall,Hacken,1,2,A,O,4.06,3.69,1.79,15,0.0,3.0,3.0,0.0,5.0,8.0,-3.0,11.0,2.0,9.0,-6.0,6.0,-12.0,0.0,2.0,-2.0,1.0,0.0,1.0,28.6,50.0,50.0,28.6,D
2012-11-04,2012,Orebro,GAIS,4,0,H,O,1.53,4.08,5.64,15,1.0,0.0,2.0,3.0,5.0,2.0,3.0,6.0,14.0,-8.0,-1.0,-12.0,11.0,0.0,0.0,0.0,0.0,3.0,-3.0,14.3,64.3,0.0,71.4,H
2012-11-04,2012,Norrkoping,Mjallby,2,1,H,O,1.72,3.61,4.6,15,2.0,1.0,1.0,1.0,11.0,2.0,9.0,6.0,2.0,4.0,5.0,0.0,5.0,1.0,0.0,1.0,0.0,0.0,0.0,42.9,21.4,21.4,35.7,H
2012-11-04,2012,Goteborg,Djurgarden,1,0,H,U,1.99,3.39,3.55,15,1.0,1.0,1.0,2.0,3.0,7.0,-4.0,3.0,9.0,-6.0,0.0,-2.0,2.0,0.0,0.0,0.0,0.0,1.0,-1.0,35.7,14.3,21.4,28.6,H
2012-11-04,2012,Gefle,Helsingborg,2,2,D,O,3.48,3.36,2.04,15,1.0,2.0,2.0,1.0,2.0,8.0,-6.0,4.0,5.0,-1.0,-2.0,3.0,-5.0,0.0,2.0,-2.0,1.0,0.0,1.0,21.4,50.0,35.7,35.7,A
2012-11-04,2012,Elfsborg,Atvidabergs,1,1,D,U,1.23,5.89,10.79,15,3.0,1.0,0.0,3.0,4.0,4.0,0.0,0.0,11.0,-11.0,4.0,-7.0,11.0,1.0,0.0,1.0,0.0,3.0,-3.0,85.7,0.0,14.3,50.0,H
2012-11-04,2012,AIK,Malmo FF,2,0,H,U,2.34,3.3,2.9,15,1.0,3.0,1.0,0.0,4.0,6.0,-2.0,4.0,2.0,2.0,0.0,4.0,-4.0,0.0,1.0,-1.0,0.0,0.0,0.0,42.9,14.3,42.9,28.6,H
2012-11-01,2012,Mjallby,Elfsborg,2,3,A,O,4.15,3.54,1.81,15,2.0,1.0,2.0,2.0,6.0,5.0,1.0,4.0,6.0,-2.0,2.0,-1.0,3.0,1.0,0.0,1.0,1.0,0.0,1.0,35.7,35.7,35.7,50.0,
2012-11-01,2012,Malmo FF,Orebro,1,1,D,U,1.16,7.25,13.7,15,2.0,1.0,1.0,1.0,7.0,5.0,2.0,4.0,5.0,-1.0,3.0,0.0,3.0,2.0,0.0,2.0,0.0,0.0,0.0,71.4,7.1,14.3,50.0,
2012-11-01,2012,Hacken,AIK,1,1,D,U,2.01,3.46,3.45,15,2.0,3.0,1.0,0.0,13.0,9.0,4.0,7.0,4.0,3.0,6.0,5.0,1.0,2.0,1.0,1.0,0.0,0.0,0.0,64.3,21.4,57.1,21.4,
2012-11-01,2012,GAIS,Gefle,2,3,A,O,3.82,3.28,1.97,15,0.0,3.0,4.0,1.0,4.0,3.0,1.0,11.0,2.0,9.0,-7.0,1.0,-8.0,0.0,0.0,0.0,2.0,1.0,1.0,7.1,57.1,35.7,35.7,
2012-11-01,2012,Atvidabergs,Sundsvall,2,2,D,O,2.25,3.39,2.99,15,1.0,0.0,2.0,1.0,3.0,3.0,0.0,4.0,7.0,-3.0,-1.0,-4.0,3.0,0.0,0.0,0.0,0.0,1.0,-1.0,50.0,28.6,14.3,35.7,
2012-10-31,2012,Kalmar,Norrkoping,0,2,A,U,2.17,3.4,3.14,15,1.0,3.0,2.0,1.0,6.0,7.0,-1.0,6.0,3.0,3.0,0.0,4.0,-4.0,1.0,1.0,0.0,0.0,1.0,-1.0,35.7,35.7,50.0,35.7,
2012-10-31,2012,Helsingborg,Goteborg,2,0,H,U,1.71,3.71,4.55,15,2.0,2.0,0.0,1.0,9.0,7.0,2.0,2.0,6.0,-4.0,7.0,1.0,6.0,2.0,0.0,2.0,0.0,0.0,0.0,50.0,7.1,21.4,42.9,
2012-10-31,2012,Djurgarden,Syrianska,1,1,D,U,2.11,3.39,3.27,15,1.0,1.0,3.0,2.0,3.0,6.0,-3.0,7.0,8.0,-1.0,-4.0,-2.0,-2.0,1.0,1.0,0.0,2.0,1.0,1.0,35.7,28.6,28.6,57.1,
2012-10-29,2012,Elfsborg,Gefle,2,0,H,U,1.33,4.88,8.58,14,3.0,4.0,0.0,0.0,4.0,5.0,-1.0,1.0,1.0,0.0,3.0,4.0,-1.0,0.0,0.0,0.0,0.0,0.0,0.0,84.6,0.0,38.5,30.8,
2012-10-28,2012,Sundsvall,Norrkoping,0,4,A,O,2.1,3.43,3.26,14,1.0,2.0,2.0,1.0,7.0,4.0,3.0,7.0,4.0,3.0,0.0,0.0,0.0,1.0,0.0,1.0,0.0,1.0,-1.0,30.8,46.2,46.2,38.5,A
2012-10-28,2012,Orebro,Goteborg,1,0,H,U,3.38,3.36,2.08,14,0.0,2.0,3.0,1.0,5.0,7.0,-2.0,8.0,8.0,0.0,-3.0,-1.0,-2.0,0.0,0.0,0.0,0.0,1.0,-1.0,7.7,69.2,23.1,38.5,H
2012-10-28,2012,GAIS,Helsingborg,1,3,A,O,6.65,4.17,1.47,14,0.0,1.0,4.0,2.0,3.0,6.0,-3.0,9.0,7.0,2.0,-6.0,-1.0,-5.0,0.0,1.0,-1.0,1.0,1.0,0.0,7.7,53.8,30.8,38.5,D
2012-10-28,2012,Atvidabergs,Mjallby,0,0,D,U,2.13,3.32,3.3,14,1.0,1.0,2.0,2.0,4.0,4.0,0.0,5.0,6.0,-1.0,-1.0,-2.0,1.0,0.0,0.0,0.0,0.0,1.0,-1.0,53.8,30.8,23.1,38.5,
2012-10-28,2012,AIK,Syrianska,1,1,D,U,1.31,4.86,9.4,14,2.0,2.0,1.0,2.0,6.0,7.0,-1.0,3.0,7.0,-4.0,3.0,0.0,3.0,1.0,2.0,-1.0,0.0,1.0,-1.0,46.2,15.4,30.8,61.5,A
2012-10-27,2012,Hacken,Kalmar,1,2,A,O,1.33,4.94,8.52,14,3.0,1.0,0.0,2.0,16.0,4.0,12.0,7.0,9.0,-2.0,9.0,-5.0,14.0,3.0,0.0,3.0,0.0,1.0,-1.0,69.2,15.4,30.8,46.2,H
2012-10-26,2012,Malmo FF,Djurgarden,3,1,H,O,1.36,4.67,8.16,14,2.0,2.0,1.0,1.0,6.0,7.0,-1.0,3.0,6.0,-3.0,3.0,1.0,2.0,2.0,0.0,2.0,0.0,0.0,0.0,69.2,7.7,23.1,23.1,
2012-10-22,2012,Syrianska,Sundsvall,1,1,D,U,2.56,3.24,2.67,14,0.0,0.0,2.0,2.0,5.0,2.0,3.0,8.0,8.0,0.0,-3.0,-6.0,3.0,0.0,0.0,0.0,1.0,2.0,-1.0,30.8,46.2,15.4,38.5,
2012-10-22,2012,Djurgarden,GAIS,3,0,H,O,1.35,4.67,8.58,14,1.0,0.0,3.0,3.0,3.0,2.0,1.0,8.0,13.0,-5.0,-5.0,-11.0,6.0,1.0,0.0,1.0,2.0,3.0,-1.0,30.8,30.8,0.0,69.2,
2012-10-21,2012,Norrkoping,Elfsborg,2,1,H,O,3.61,3.48,1.97,14,1.0,1.0,2.0,2.0,10.0,6.0,4.0,7.0,8.0,-1.0,3.0,-2.0,5.0,1.0,0.0,1.0,0.0,1.0,-1.0,38.5,23.1,38.5,46.2,H
2012-10-21,2012,Kalmar,Malmo FF,1,2,A,O,3.77,3.43,1.93,14,2.0,2.0,1.0,1.0,8.0,5.0,3.0,4.0,5.0,-1.0,4.0,0.0,4.0,2.0,1.0,1.0,0.0,1.0,-1.0,38.5,30.8,38.5,30.8,A
2012-10-21,2012,Helsingborg,Orebro,1,1,D,U,1.3,5.13,9.55,14,3.0,1.0,0.0,2.0,15.0,4.0,11.0,3.0,7.0,-4.0,12.0,-3.0,15.0,3.0,0.0,3.0,0.0,1.0,-1.0,53.8,7.7,15.4,53.8,H
2012-10-21,2012,Goteborg,AIK,0,1,A,U,2.58,3.23,2.65,14,2.0,3.0,0.0,0.0,7.0,9.0,-2.0,4.0,4.0,0.0,3.0,5.0,-2.0,1.0,1.0,0.0,0.0,0.0,0.0,38.5,7.7,53.8,23.1,A
2012-10-20,2012,Mjallby,Hacken,1,2,A,O,4.8,3.64,1.7,14,2.0,3.0,2.0,0.0,5.0,8.0,-3.0,4.0,2.0,2.0,1.0,6.0,-5.0,1.0,2.0,-1.0,2.0,0.0,2.0,38.5,30.8,46.2,30.8,A
2012-10-20,2012,Gefle,Atvidabergs,1,2,A,O,2.32,3.22,3.0,14,1.0,0.0,2.0,3.0,1.0,4.0,-3.0,3.0,12.0,-9.0,-2.0,-8.0,6.0,0.0,0.0,0.0,1.0,3.0,-2.0,23.1,46.2,7.7,53.8,A
2012-10-07,2012,Orebro,Sundsvall,2,2,D,O,2.32,3.28,2.98,13,0.0,0.0,4.0,2.0,3.0,1.0,2.0,7.0,7.0,0.0,-4.0,-6.0,2.0,0.0,0.0,0.0,0.0,2.0,-2.0,8.3,75.0,16.7,41.7,A
2012-10-07,2012,Mjallby,Helsingborg,0,2,A,U,2.52,3.25,2.71,13,2.0,0.0,2.0,3.0,5.0,5.0,0.0,3.0,9.0,-6.0,2.0,-4.0,6.0,1.0,0.0,1.0,1.0,1.0,0.0,41.7,25.0,25.0,41.7,D
2012-10-07,2012,Kalmar,Djurgarden,2,2,D,O,2.29,3.2,3.1,13,2.0,3.0,1.0,1.0,7.0,6.0,1.0,3.0,4.0,-1.0,4.0,2.0,2.0,2.0,0.0,2.0,0.0,0.0,0.0,41.7,33.3,25.0,25.0,H
2012-10-07,2012,GAIS,Elfsborg,1,2,A,O,8.78,4.9,1.32,13,0.0,0.0,3.0,2.0,4.0,4.0,0.0,9.0,7.0,2.0,-5.0,-3.0,-2.0,0.0,0.0,0.0,1.0,1.0,0.0,8.3,50.0,33.3,50.0,A
2012-10-07,2012,AIK,Gefle,0,1,A,U,1.36,4.55,8.49,13,2.0,3.0,1.0,1.0,7.0,4.0,3.0,4.0,2.0,2.0,3.0,2.0,1.0,1.0,0.0,1.0,0.0,0.0,0.0,50.0,8.3,33.3,33.3,D
2012-10-06,2012,Hacken,Syrianska,5,1,H,O,1.26,5.67,10.19,13,3.0,2.0,0.0,2.0,14.0,6.0,8.0,7.0,3.0,4.0,7.0,3.0,4.0,3.0,2.0,1.0,0.0,0.0,0.0,66.7,16.7,33.3,58.3,H
2012-10-06,2012,Atvidabergs,Goteborg,1,2,A,O,2.46,3.27,2.78,13,1.0,1.0,1.0,1.0,4.0,5.0,-1.0,4.0,7.0,-3.0,0.0,-2.0,2.0,0.0,0.0,0.0,0.0,1.0,-1.0,58.3,25.0,16.7,41.7,D
2012-10-05,2012,Malmo FF,Norrkoping,2,0,H,U,1.43,4.52,6.72,13,1.0,3.0,1.0,0.0,4.0,6.0,-2.0,3.0,3.0,0.0,1.0,3.0,-2.0,1.0,0.0,1.0,0.0,0.0,0.0,66.7,8.3,50.0,33.3,
2012-10-01,2012,Syrianska,Malmo FF,0,2,A,U,3.95,3.4,1.91,13,1.0,2.0,1.0,1.0,6.0,5.0,1.0,6.0,5.0,1.0,0.0,0.0,0.0,0.0,1.0,-1.0,0.0,1.0,-1.0,33.3,41.7,33.3,33.3,
2012-10-01,2012,Norrkoping,GAIS,7,2,H,O,1.4,4.46,7.56,13,0.0,0.0,2.0,3.0,3.0,1.0,2.0,5.0,9.0,-4.0,-2.0,-8.0,6.0,0.0,0.0,0.0,0.0,3.0,-3.0,33.3,25.0,0.0,66.7,
2012-10-01,2012,Goteborg,Hacken,1,1,D,U,2.76,3.37,2.41,13,3.0,3.0,0.0,0.0,7.0,7.0,0.0,3.0,1.0,2.0,4.0,6.0,-2.0,1.0,2.0,-1.0,0.0,0.0,0.0,41.7,8.3,50.0,33.3,
2012-10-01,2012,Djurgarden,Mjallby,0,1,A,U,1.95,3.34,3.85,13,1.0,1.0,2.0,2.0,3.0,4.0,-1.0,7.0,6.0,1.0,-4.0,-2.0,-2.0,1.0,0.0,1.0,2.0,1.0,1.0,33.3,25.0,16.7,41.7,
2012-09-30,2012,Sundsvall,AIK,2,3,A,O,3.9,3.37,1.93,13,1.0,3.0,2.0,0.0,5.0,7.0,-2.0,5.0,2.0,3.0,0.0,5.0,-5.0,1.0,1.0,0.0,0.0,0.0,0.0,33.3,41.7,50.0,25.0,D
2012-09-30,2012,Helsingborg,Atvidabergs,3,0,H,O,1.58,3.86,5.55,13,2.0,0.0,1.0,2.0,13.0,6.0,7.0,5.0,11.0,-6.0,8.0,-5.0,13.0,2.0,0.0,2.0,0.0,2.0,-2.0,50.0,8.3,8.3,50.0,H
2012-09-30,2012,Gefle,Kalmar,0,0,D,U,2.42,3.17,2.9,13,1.0,2.0,3.0,2.0,1.0,6.0,-5.0,5.0,10.0,-5.0,-4.0,-4.0,0.0,0.0,0.0,0.0,2.0,1.0,1.0,25.0,50.0,33.3,50.0,D
2012-09-30,2012,Elfsborg,Orebro,1,0,H,U,1.32,5.07,8.53,13,3.0,1.0,0.0,1.0,7.0,5.0,2.0,2.0,7.0,-5.0,5.0,-2.0,7.0,1.0,0.0,1.0,0.0,1.0,-1.0,83.3,0.0,16.7,50.0,D
2012-09-28,2012,GAIS,Syrianska,1,4,A,O,2.43,3.24,2.85,12,0.0,1.0,3.0,3.0,5.0,2.0,3.0,8.0,3.0,5.0,-3.0,-1.0,-2.0,0.0,1.0,-1.0,0.0,0.0,0.0,9.1,45.5,27.3,63.6,
2012-09-27,2012,Malmo FF,Goteborg,1,2,A,O,1.67,3.75,4.83,12,2.0,0.0,0.0,2.0,5.0,3.0,2.0,1.0,11.0,-10.0,4.0,-8.0,12.0,2.0,0.0,2.0,0.0,2.0,-2.0,72.7,0.0,9.1,45.5,
2012-09-27,2012,Hacken,Helsingborg,2,2,D,O,1.63,3.95,4.91,12,4.0,1.0,0.0,3.0,14.0,6.0,8.0,6.0,8.0,-2.0,8.0,-2.0,10.0,3.0,1.0,2.0,0.0,1.0,-1.0,72.7,18.2,27.3,45.5,
2012-09-26,2012,Sundsvall,Gefle,0,1,A,U,2.01,3.31,3.62,12,2.0,2.0,1.0,1.0,8.0,4.0,4.0,5.0,3.0,2.0,3.0,1.0,2.0,2.0,0.0,2.0,0.0,0.0,0.0,36.4,36.4,27.3,36.4,
2012-09-26,2012,Orebro,Norrkoping,0,1,A,U,2.19,3.31,3.18,12,0.0,2.0,4.0,0.0,4.0,6.0,-2.0,8.0,4.0,4.0,-4.0,2.0,-6.0,0.0,0.0,0.0,0.0,0.0,0.0,9.1,72.7,45.5,36.4,
2012-09-26,2012,Mjallby,Kalmar,1,0,H,U,2.21,3.25,3.18,12,2.0,2.0,2.0,2.0,5.0,6.0,-1.0,3.0,12.0,-9.0,2.0,-6.0,8.0,1.0,0.0,1.0,1.0,2.0,-1.0,36.4,27.3,36.4,45.5,
2012-09-26,2012,Atvidabergs,Djurgarden,2,1,H,O,2.34,3.26,2.9,12,1.0,3.0,1.0,0.0,4.0,6.0,-2.0,3.0,3.0,0.0,1.0,3.0,-2.0,1.0,0.0,1.0,0.0,0.0,0.0,54.5,27.3,27.3,18.2,
2012-09-26,2012,AIK,Elfsborg,1,1,D,U,1.88,3.45,3.95,12,3.0,0.0,1.0,3.0,7.0,4.0,3.0,3.0,8.0,-5.0,4.0,-4.0,8.0,1.0,0.0,1.0,0.0,1.0,-1.0,54.5,9.1,36.4,54.5,
2012-09-24,2012,Helsingborg,Malmo FF,1,1,D,U,2.43,3.33,2.77,12,3.0,3.0,1.0,1.0,13.0,7.0,6.0,4.0,6.0,-2.0,9.0,1.0,8.0,2.0,1.0,1.0,0.0,1.0,-1.0,54.5,9.1,36.4,36.4,
2012-09-24,2012,Goteborg,GAIS,0,0,D,U,1.44,4.28,7.01,12,3.0,0.0,0.0,4.0,8.0,1.0,7.0,4.0,11.0,-7.0,4.0,-10.0,14.0,1.0,0.0,1.0,0.0,4.0,-4.0,45.5,9.1,0.0,72.7,
2012-09-23,2012,Norrkoping,AIK,2,2,D,O,3.67,3.35,1.99,12,0.0,3.0,2.0,1.0,2.0,5.0,-3.0,4.0,2.0,2.0,-2.0,3.0,-5.0,0.0,1.0,-1.0,0.0,1.0,-1.0,36.4,27.3,54.5,27.3,A
2012-09-23,2012,Kalmar,Atvidabergs,2,0,H,U,1.96,3.41,3.7,12,2.0,0.0,1.0,2.0,7.0,6.0,1.0,4.0,10.0,-6.0,3.0,-4.0,7.0,1.0,0.0,1.0,0.0,1.0,-1.0,36.4,36.4,9.1,45.5,H
2012-09-23,2012,Gefle,Mjallby,1,0,H,U,2.62,3.19,2.64,12,1.0,1.0,3.0,2.0,5.0,5.0,0.0,5.0,8.0,-3.0,0.0,-3.0,3.0,1.0,0.0,1.0,2.0,2.0,0.0,18.2,54.5,18.2,36.4,H
2012-09-23,2012,Elfsborg,Sundsvall,0,0,D,U,1.33,4.83,9.0,12,4.0,0.0,0.0,3.0,10.0,1.0,9.0,2.0,8.0,-6.0,8.0,-7.0,15.0,2.0,0.0,2.0,0.0,2.0,-2.0,90.9,0.0,18.2,45.5,D
2012-09-22,2012,Syrianska,Orebro,2,2,D,O,2.25,3.22,3.14,12,1.0,1.0,2.0,2.0,5.0,4.0,1.0,7.0,7.0,0.0,-2.0,-3.0,1.0,0.0,0.0,0.0,1.0,1.0,0.0,36.4,45.5,18.2,54.5,A
2012-09-21,2012,Djurgarden,Hacken,0,3,A,O,2.76,3.28,2.44,12,1.0,3.0,1.0,0.0,4.0,6.0,-2.0,5.0,2.0,3.0,-1.0,4.0,-5.0,1.0,1.0,0.0,1.0,0.0,1.0,36.4,18.2,45.5,36.4,
2012-09-17,2012,Kalmar,Orebro,1,2,A,O,1.56,3.93,5.48,11,3.0,1.0,0.0,2.0,9.0,3.0,6.0,2.0,6.0,-4.0,7.0,-3.0,10.0,2.0,0.0,2.0,0.0,1.0,-1.0,40.0,30.0,10.0,60.0,
2012-09-17,2012,Gefle,Hacken,0,2,A,U,4.24,3.57,1.79,11,1.0,2.0,2.0,1.0,5.0,5.0,0.0,3.0,5.0,-2.0,2.0,0.0,2.0,1.0,0.0,1.0,1.0,1.0,0.0,20.0,50.0,40.0,40.0,
2012-09-17,2012,Atvidabergs,Malmo FF,0,1,A,U,3.27,3.39,2.12,11,2.0,2.0,0.0,2.0,9.0,7.0,2.0,3.0,8.0,-5.0,6.0,-1.0,7.0,2.0,1.0,1.0,0.0,1.0,-1.0,60.0,20.0,30.0,40.0,
2012-09-16,2012,Goteborg,Elfsborg,2,1,H,O,2.49,3.29,2.71,11,2.0,0.0,0.0,3.0,7.0,4.0,3.0,4.0,11.0,-7.0,3.0,-7.0,10.0,1.0,0.0,1.0,0.0,2.0,-2.0,40.0,10.0,40.0,50.0,D
2012-09-16,2012,Djurgarden,AIK,0,3,A,O,3.16,3.18,2.26,11,2.0,2.0,0.0,2.0,7.0,2.0,5.0,4.0,6.0,-2.0,3.0,-4.0,7.0,1.0,0.0,1.0,0.0,2.0,-2.0,40.0,10.0,50.0,30.0,D
2012-09-15,2012,Mjallby,GAIS,4,0,H,O,1.65,3.65,5.23,11,1.0,0.0,3.0,3.0,1.0,1.0,0.0,5.0,7.0,-2.0,-4.0,-6.0,2.0,0.0,0.0,0.0,2.0,3.0,-1.0,30.0,30.0,0.0,70.0,H
2012-09-15,2012,Helsingborg,Sundsvall,4,0,H,O,1.57,3.95,5.55,11,3.0,1.0,1.0,2.0,13.0,3.0,10.0,5.0,5.0,0.0,8.0,-2.0,10.0,2.0,0.0,2.0,0.0,1.0,-1.0,50.0,10.0,20.0,40.0,D
2012-09-14,2012,Syrianska,Norrkoping,1,2,A,O,2.53,3.23,2.71,11,1.0,2.0,1.0,0.0,5.0,6.0,-1.0,6.0,3.0,3.0,-1.0,3.0,-4.0,0.0,1.0,-1.0,1.0,0.0,1.0,40.0,40.0,40.0,40.0,
2012-09-02,2012,Sundsvall,Goteborg,3,3,D,O,2.48,3.2,2.77,11,2.0,0.0,1.0,3.0,8.0,2.0,6.0,5.0,11.0,-6.0,3.0,-9.0,12.0,2.0,0.0,2.0,0.0,2.0,-2.0,40.0,40.0,10.0,50.0,H
2012-09-02,2012,Norrkoping,Gefle,0,1,A,U,1.89,3.4,3.99,11,1.0,1.0,1.0,2.0,4.0,4.0,0.0,4.0,7.0,-3.0,0.0,-3.0,3.0,0.0,0.0,0.0,0.0,1.0,-1.0,40.0,20.0,20.0,40.0,D
2012-09-02,2012,GAIS,Kalmar,1,2,A,O,2.67,3.21,2.58,11,0.0,1.0,3.0,3.0,4.0,5.0,-1.0,7.0,13.0,-6.0,-3.0,-8.0,5.0,0.0,0.0,0.0,0.0,2.0,-2.0,10.0,40.0,30.0,50.0,A
2012-09-02,2012,Elfsborg,Syrianska,1,0,H,U,1.27,5.41,10.18,11,3.0,1.0,0.0,3.0,9.0,2.0,7.0,2.0,5.0,-3.0,7.0,-3.0,10.0,2.0,1.0,1.0,0.0,1.0,-1.0,90.0,0.0,30.0,60.0,H
2012-09-02,2012,AIK,Helsingborg,2,1,H,O,1.77,3.51,4.52,11,3.0,1.0,1.0,2.0,8.0,6.0,2.0,3.0,7.0,-4.0,5.0,-1.0,6.0,2.0,1.0,1.0,0.0,1.0,-1.0,50.0,10.0,30.0,40.0,A
2012-09-01,2012,Malmo FF,Mjallby,1,1,D,U,1.42,4.26,7.43,11,3.0,1.0,0.0,2.0,8.0,4.0,4.0,0.0,7.0,-7.0,8.0,-3.0,11.0,3.0,0.0,3.0,0.0,2.0,-2.0,80.0,0.0,20.0,40.0,H
2012-08-31,2012,Orebro,Djurgarden,2,3,A,O,3.33,3.31,2.13,11,1.0,2.0,3.0,0.0,4.0,4.0,0.0,6.0,2.0,4.0,-2.0,2.0,-4.0,0.0,0.0,0.0,0.0,0.0,0.0,10.0,70.0,20.0,20.0,
2012-08-31,2012,Hacken,Atvidabergs,5,2,H,O,1.47,4.16,6.62,11,3.0,0.0,1.0,1.0,10.0,7.0,3.0,6.0,8.0,-2.0,4.0,-1.0,5.0,2.0,0.0,2.0,0.0,0.0,0.0,70.0,20.0,10.0,40.0,
2012-08-27,2012,Mjallby,Syrianska,0,2,A,U,1.61,3.72,5.44,10,1.0,1.0,2.0,3.0,1.0,1.0,0.0,3.0,5.0,-2.0,-2.0,-4.0,2.0,0.0,0.0,0.0,1.0,1.0,0.0,33.3,22.2,22.2,66.7,
2012-08-27,2012,Malmo FF,Sundsvall,2,0,H,U,1.35,4.73,8.56,10,3.0,2.0,0.0,1.0,7.0,5.0,2.0,0.0,4.0,-4.0,7.0,1.0,6.0,2.0,0.0,2.0,0.0,0.0,0.0,77.8,0.0,22.2,33.3,
2012-08-27,2012,Atvidabergs,Norrkoping,1,1,D,U,1.83,3.6,4.0,10,3.0,2.0,0.0,1.0,11.0,7.0,4.0,2.0,7.0,-5.0,9.0,0.0,9.0,3.0,1.0,2.0,0.0,1.0,-1.0,66.7,22.2,44.4,44.4,
2012-08-26,2012,Kalmar,Goteborg,3,0,H,O,2.63,3.25,2.6,10,2.0,0.0,0.0,2.0,7.0,3.0,4.0,3.0,9.0,-6.0,4.0,-6.0,10.0,1.0,0.0,1.0,0.0,1.0,-1.0,33.3,33.3,11.1,44.4,H
2012-08-26,2012,Hacken,Elfsborg,4,2,H,O,2.16,3.34,3.22,10,2.0,1.0,1.0,2.0,7.0,5.0,2.0,5.0,7.0,-2.0,2.0,-2.0,4.0,1.0,1.0,0.0,0.0,1.0,-1.0,66.7,22.2,44.4,44.4,A
2012-08-26,2012,GAIS,AIK,0,1,A,U,3.31,3.21,2.18,10,0.0,1.0,2.0,2.0,5.0,3.0,2.0,7.0,8.0,-1.0,-2.0,-5.0,3.0,0.0,0.0,0.0,0.0,2.0,-2.0,11.1,33.3,44.4,33.3,D
2012-08-25,2012,Djurgarden,Helsingborg,3,1,H,O,2.27,3.25,3.1,10,1.0,1.0,0.0,1.0,5.0,6.0,-1.0,4.0,5.0,-1.0,1.0,1.0,0.0,0.0,1.0,-1.0,0.0,0.0,0.0,33.3,11.1,33.3,33.3,H
2012-08-24,2012,Orebro,Gefle,1,2,A,O,2.09,3.26,3.45,10,1.0,0.0,3.0,2.0,3.0,2.0,1.0,5.0,6.0,-1.0,-2.0,-4.0,2.0,0.0,0.0,0.0,0.0,1.0,-1.0,11.1,66.7,11.1,44.4,
2012-08-18,2012,Elfsborg,Helsingborg,2,1,H,O,1.64,3.75,5.11,10,3.0,1.0,0.0,1.0,9.0,5.0,4.0,1.0,6.0,-5.0,8.0,-1.0,9.0,3.0,1.0,2.0,0.0,1.0,-1.0,88.9,0.0,37.5,25.0,A
2012-08-12,2012,Norrkoping,Hacken,1,2,A,O,3.09,3.34,2.22,10,1.0,1.0,0.0,2.0,5.0,3.0,2.0,4.0,6.0,-2.0,1.0,-3.0,4.0,0.0,0.0,0.0,0.0,2.0,-2.0,44.4,11.1,33.3,44.4,A
2012-08-12,2012,Helsingborg,Kalmar,7,2,H,O,1.69,3.59,4.9,10,2.0,1.0,1.0,2.0,7.0,4.0,3.0,4.0,7.0,-3.0,3.0,-3.0,6.0,1.0,0.0,1.0,0.0,1.0,-1.0,44.4,11.1,33.3,44.4,H
2012-08-12,2012,Goteborg,Mjallby,4,2,H,O,1.65,3.64,5.2,10,1.0,1.0,0.0,2.0,4.0,3.0,1.0,3.0,5.0,-2.0,1.0,-2.0,3.0,0.0,0.0,0.0,0.0,1.0,-1.0,33.3,11.1,22.2,33.3,D
2012-08-12,2012,Elfsborg,Malmo FF,4,1,H,O,2.31,3.28,2.97,9,3.0,2.0,0.0,1.0,6.0,7.0,-1.0,0.0,5.0,-5.0,6.0,2.0,4.0,2.0,1.0,1.0,0.0,0.0,0.0,87.5,0.0,33.3,33.3,H
2012-08-12,2012,AIK,Orebro,3,0,H,O,1.55,3.71,6.26,10,3.0,1.0,1.0,2.0,6.0,4.0,2.0,3.0,5.0,-2.0,3.0,-1.0,4.0,1.0,0.0,1.0,0.0,0.0,0.0,44.4,11.1,11.1,55.6,H
2012-08-11,2012,Syrianska,Atvidabergs,2,2,D,O,2.81,3.26,2.43,10,2.0,0.0,1.0,1.0,5.0,7.0,-2.0,5.0,8.0,-3.0,0.0,-1.0,1.0,0.0,0.0,0.0,1.0,0.0,1.0,44.4,44.4,11.1,44.4,
2012-08-11,2012,Sundsvall,GAIS,2,0,H,U,1.89,3.4,3.97,10,1.0,0.0,1.0,3.0,7.0,1.0,6.0,6.0,6.0,0.0,1.0,-5.0,6.0,1.0,0.0,1.0,0.0,2.0,-2.0,33.3,44.4,0.0,66.7,H
2012-08-10,2012,Gefle,Djurgarden,0,1,A,U,3.02,3.18,2.34,10,2.0,1.0,1.0,0.0,7.0,4.0,3.0,3.0,3.0,0.0,4.0,1.0,3.0,1.0,0.0,1.0,1.0,0.0,1.0,22.2,44.4,11.1,22.2,
2012-08-06,2012,Sundsvall,Djurgarden,0,1,A,U,2.55,3.18,2.72,9,1.0,0.0,1.0,0.0,7.0,4.0,3.0,8.0,4.0,4.0,-1.0,0.0,-1.0,1.0,0.0,1.0,1.0,0.0,1.0,37.5,37.5,0.0,25.0,
2012-08-06,2012,Orebro,Mjallby,0,1,A,U,2.43,3.15,2.88,9,1.0,1.0,2.0,2.0,5.0,4.0,1.0,6.0,6.0,0.0,-1.0,-2.0,1.0,0.0,0.0,0.0,0.0,1.0,-1.0,12.5,62.5,12.5,37.5,
2012-08-06,2012,Norrkoping,Goteborg,0,0,D,U,2.77,3.28,2.45,9,2.0,0.0,0.0,2.0,8.0,4.0,4.0,4.0,10.0,-6.0,4.0,-6.0,10.0,1.0,0.0,1.0,0.0,1.0,-1.0,50.0,12.5,12.5,50.0,
2012-08-05,2012,Malmo FF,Hacken,0,0,D,U,1.64,3.72,5.11,9,4.0,1.0,0.0,3.0,10.0,5.0,5.0,0.0,9.0,-9.0,10.0,-4.0,14.0,3.0,0.0,3.0,0.0,2.0,-2.0,87.5,0.0,37.5,50.0,D
2012-08-05,2012,AIK,Kalmar,1,2,A,O,1.66,3.64,5.11,9,4.0,0.0,0.0,3.0,10.0,2.0,8.0,3.0,9.0,-6.0,7.0,-7.0,14.0,2.0,0.0,2.0,0.0,2.0,-2.0,50.0,0.0,25.0,50.0,
2012-08-04,2012,Syrianska,Gefle,1,0,H,U,2.29,3.21,3.07,9,2.0,0.0,1.0,1.0,6.0,3.0,3.0,5.0,6.0,-1.0,1.0,-3.0,4.0,1.0,0.0,1.0,1.0,1.0,0.0,37.5,50.0,12.5,37.5,H
2012-08-04,2012,GAIS,Atvidabergs,2,2,D,O,2.53,3.18,2.72,9,0.0,0.0,3.0,1.0,4.0,6.0,-2.0,7.0,7.0,0.0,-3.0,-1.0,-2.0,0.0,0.0,0.0,0.0,0.0,0.0,12.5,37.5,12.5,50.0,A
2012-07-31,2012,Goteborg,Syrianska,1,0,H,U,1.41,4.39,7.47,9,0.0,1.0,0.0,3.0,5.0,1.0,4.0,5.0,5.0,0.0,0.0,-4.0,4.0,0.0,0.0,0.0,0.0,1.0,-1.0,25.0,12.5,25.0,62.5,
2012-07-30,2012,Hacken,GAIS,3,1,H,O,1.57,3.84,5.72,9,2.0,0.0,1.0,3.0,10.0,0.0,10.0,4.0,5.0,-1.0,6.0,-5.0,11.0,1.0,0.0,1.0,0.0,2.0,-2.0,62.5,25.0,0.0,62.5,
2012-07-29,2012,Mjallby,AIK,0,1,A,U,2.42,3.11,2.95,9,1.0,0.0,1.0,3.0,2.0,2.0,0.0,3.0,9.0,-6.0,-1.0,-7.0,6.0,0.0,0.0,0.0,1.0,2.0,-1.0,37.5,12.5,37.5,37.5,D
2012-07-29,2012,Kalmar,Sundsvall,1,1,D,U,1.95,3.36,3.82,9,2.0,2.0,1.0,1.0,7.0,4.0,3.0,4.0,3.0,1.0,3.0,1.0,2.0,1.0,0.0,1.0,0.0,0.0,0.0,37.5,37.5,25.0,37.5,
2012-07-29,2012,Djurgarden,Elfsborg,0,0,D,U,2.62,3.22,2.62,9,1.0,1.0,0.0,3.0,6.0,5.0,1.0,5.0,8.0,-3.0,1.0,-3.0,4.0,0.0,1.0,-1.0,0.0,1.0,-1.0,37.5,12.5,50.0,50.0,
2012-07-28,2012,Helsingborg,Norrkoping,1,2,A,O,1.55,3.92,5.79,9,3.0,1.0,0.0,2.0,9.0,5.0,4.0,4.0,12.0,-8.0,5.0,-7.0,12.0,1.0,1.0,0.0,0.0,2.0,-2.0,50.0,0.0,37.5,50.0,A
2012-07-28,2012,Gefle,Malmo FF,0,2,A,U,4.54,3.6,1.74,9,2.0,1.0,0.0,1.0,7.0,7.0,0.0,1.0,7.0,-6.0,6.0,0.0,6.0,1.0,0.0,1.0,0.0,0.0,0.0,25.0,37.5,25.0,37.5,A
2012-07-27,2012,Atvidabergs,Orebro,1,1,D,U,1.69,3.62,4.83,9,4.0,1.0,0.0,3.0,11.0,3.0,8.0,1.0,7.0,-6.0,10.0,-4.0,14.0,3.0,0.0,3.0,0.0,1.0,-1.0,75.0,25.0,12.5,62.5,
2012-07-23,2012,Norrkoping,Djurgarden,1,1,D,U,2.44,3.2,2.84,8,2.0,0.0,1.0,0.0,8.0,4.0,4.0,7.0,4.0,3.0,1.0,0.0,1.0,1.0,0.0,1.0,1.0,0.0,1.0,57.1,14.3,0.0,28.6,
2012-07-23,2012,GAIS,Malmo FF,2,3,A,O,4.34,3.58,1.78,8,0.0,0.0,2.0,1.0,4.0,6.0,-2.0,6.0,7.0,-1.0,-2.0,-1.0,-1.0,0.0,0.0,0.0,0.0,0.0,0.0,14.3,28.6,14.3,42.9,
2012-07-22,2012,Elfsborg,Kalmar,3,0,H,O,1.62,3.77,5.26,8,3.0,1.0,0.0,2.0,4.0,3.0,1.0,0.0,6.0,-6.0,4.0,-3.0,7.0,1.0,0.0,1.0,0.0,1.0,-1.0,85.7,0.0,28.6,42.9,H
2012-07-22,2012,AIK,Atvidabergs,1,0,H,U,1.67,3.73,4.9,8,3.0,0.0,0.0,1.0,10.0,7.0,3.0,4.0,8.0,-4.0,6.0,-1.0,7.0,2.0,0.0,2.0,0.0,0.0,0.0,42.9,0.0,14.3,42.9,
2012-07-21,2012,Syrianska,Helsingborg,1,3,A,O,3.27,3.25,2.18,8,2.0,1.0,1.0,1.0,6.0,3.0,3.0,6.0,5.0,1.0,0.0,-2.0,2.0,1.0,0.0,1.0,1.0,1.0,0.0,42.9,42.9,28.6,28.6,A
2012-07-21,2012,Sundsvall,Mjallby,3,1,H,O,2.26,3.19,3.16,8,0.0,1.0,2.0,1.0,4.0,5.0,-1.0,8.0,5.0,3.0,-4.0,0.0,-4.0,0.0,0.0,0.0,1.0,0.0,1.0,28.6,42.9,14.3,28.6,H
2012-07-21,2012,Gefle,Goteborg,5,0,H,O,3.71,3.38,1.96,8,1.0,0.0,1.0,2.0,2.0,4.0,-2.0,3.0,6.0,-3.0,-1.0,-2.0,1.0,0.0,0.0,0.0,1.0,0.0,1.0,14.3,42.9,14.3,42.9,H
2012-07-19,2012,Hacken,Orebro,2,1,H,O,1.43,4.31,7.05,8,2.0,1.0,1.0,3.0,11.0,3.0,8.0,3.0,7.0,-4.0,8.0,-4.0,12.0,2.0,0.0,2.0,0.0,1.0,-1.0,57.1,28.6,14.3,57.1,
2012-07-16,2012,Malmo FF,GAIS,2,0,H,U,1.43,4.19,7.45,8,4.0,0.0,0.0,2.0,10.0,2.0,8.0,1.0,5.0,-4.0,9.0,-3.0,12.0,2.0,0.0,2.0,0.0,1.0,-1.0,85.7,0.0,0.0,57.1,
2012-07-16,2012,Djurgarden,Norrkoping,1,1,D,U,1.71,3.65,4.69,8,2.0,2.0,0.0,2.0,7.0,6.0,1.0,5.0,11.0,-6.0,2.0,-5.0,7.0,0.0,2.0,-2.0,0.0,2.0,-2.0,42.9,14.3,42.9,57.1,
2012-07-15,2012,Orebro,Hacken,1,2,A,O,3.58,3.37,2.01,8,1.0,1.0,2.0,3.0,4.0,6.0,-2.0,5.0,8.0,-3.0,-1.0,-2.0,1.0,0.0,1.0,-1.0,0.0,2.0,-2.0,14.3,57.1,28.6,57.1,D
2012-07-15,2012,Kalmar,Elfsborg,2,1,H,O,3.39,3.31,2.1,8,1.0,2.0,1.0,2.0,7.0,8.0,-1.0,5.0,7.0,-2.0,2.0,1.0,1.0,1.0,2.0,-1.0,0.0,1.0,-1.0,28.6,42.9,57.1,42.9,
2012-07-14,2012,Mjallby,Sundsvall,1,0,H,U,1.88,3.38,4.0,8,0.0,2.0,1.0,1.0,3.0,4.0,-1.0,5.0,4.0,1.0,-2.0,0.0,-2.0,0.0,0.0,0.0,1.0,1.0,0.0,28.6,14.3,28.6,28.6,D
2012-07-14,2012,Helsingborg,Syrianska,1,0,H,U,1.32,4.93,9.35,8,2.0,2.0,0.0,2.0,8.0,5.0,3.0,4.0,5.0,-1.0,4.0,0.0,4.0,1.0,1.0,0.0,0.0,1.0,-1.0,42.9,0.0,28.6,57.1,D
2012-07-14,2012,Goteborg,Gefle,1,1,D,U,1.34,4.77,8.91,8,1.0,0.0,0.0,2.0,6.0,2.0,4.0,4.0,8.0,-4.0,2.0,-6.0,8.0,1.0,0.0,1.0,0.0,2.0,-2.0,28.6,14.3,14.3,42.9,H
2012-07-14,2012,Atvidabergs,AIK,2,0,H,U,2.75,3.27,2.47,8,3.0,0.0,1.0,2.0,9.0,2.0,7.0,4.0,7.0,-3.0,5.0,-5.0,10.0,2.0,0.0,2.0,1.0,1.0,0.0,71.4,28.6,42.9,28.6,D
2012-07-09,2012,Orebro,Malmo FF,2,1,H,O,5.2,3.76,1.63,7,0.0,0.0,3.0,1.0,2.0,7.0,-5.0,6.0,8.0,-2.0,-4.0,-1.0,-3.0,0.0,0.0,0.0,1.0,0.0,1.0,0.0,66.7,16.7,33.3,A
2012-07-09,2012,Goteborg,Helsingborg,1,1,D,U,1.99,3.46,3.54,7,2.0,2.0,0.0,1.0,7.0,4.0,3.0,4.0,5.0,-1.0,3.0,-1.0,4.0,1.0,0.0,1.0,0.0,1.0,-1.0,33.3,16.7,33.3,33.3,
2012-07-08,2012,Norrkoping,Kalmar,2,1,H,O,2.24,3.28,3.11,7,2.0,1.0,1.0,1.0,9.0,3.0,6.0,8.0,5.0,3.0,1.0,-2.0,3.0,1.0,0.0,1.0,1.0,1.0,0.0,50.0,16.7,33.3,33.3,
2012-07-08,2012,Gefle,GAIS,0,0,D,U,2.55,3.18,2.73,7,1.0,0.0,2.0,3.0,2.0,3.0,-1.0,4.0,7.0,-3.0,-2.0,-4.0,2.0,0.0,0.0,0.0,1.0,1.0,0.0,16.7,50.0,0.0,66.7,D
2012-07-08,2012,Elfsborg,Mjallby,0,0,D,U,1.54,3.88,5.91,7,4.0,1.0,0.0,1.0,6.0,6.0,0.0,1.0,6.0,-5.0,5.0,0.0,5.0,1.0,0.0,1.0,0.0,0.0,0.0,100.0,0.0,16.7,33.3,
2012-07-08,2012,AIK,Hacken,3,1,H,O,2.11,3.28,3.39,7,2.0,2.0,0.0,2.0,8.0,7.0,1.0,4.0,6.0,-2.0,4.0,1.0,3.0,1.0,1.0,0.0,0.0,1.0,-1.0,33.3,0.0,33.3,50.0,H
2012-07-07,2012,Syrianska,Djurgarden,1,1,D,U,3.26,3.28,2.18,7,2.0,0.0,2.0,1.0,6.0,6.0,0.0,7.0,7.0,0.0,-1.0,-1.0,0.0,1.0,0.0,1.0,1.0,0.0,1.0,50.0,50.0,0.0,33.3,H
2012-07-07,2012,Sundsvall,Atvidabergs,3,3,D,O,1.98,3.44,3.58,7,1.0,0.0,2.0,2.0,4.0,5.0,-1.0,6.0,7.0,-1.0,-2.0,-2.0,0.0,1.0,0.0,1.0,1.0,0.0,1.0,33.3,50.0,16.7,50.0,D
2012-07-05,2012,GAIS,Orebro,0,1,A,U,1.68,3.63,4.96,7,1.0,0.0,1.0,4.0,6.0,3.0,3.0,5.0,10.0,-5.0,1.0,-7.0,8.0,1.0,0.0,1.0,0.0,2.0,-2.0,16.7,16.7,0.0,66.7,
2012-07-03,2012,Djurgarden,Goteborg,3,2,H,O,2.76,3.2,2.5,7,1.0,1.0,0.0,1.0,5.0,4.0,1.0,4.0,4.0,0.0,1.0,0.0,1.0,0.0,0.0,0.0,0.0,0.0,0.0,33.3,16.7,16.7,33.3,
2012-07-02,2012,Malmo FF,AIK,4,0,H,O,1.77,3.5,4.53,7,4.0,1.0,0.0,1.0,8.0,3.0,5.0,1.0,3.0,-2.0,7.0,0.0,7.0,2.0,0.0,2.0,0.0,0.0,0.0,83.3,0.0,50.0,16.7,
2012-07-02,2012,Helsingborg,Gefle,4,1,H,O,1.43,4.17,7.6,7,1.0,1.0,0.0,1.0,5.0,2.0,3.0,4.0,4.0,0.0,1.0,-2.0,3.0,0.0,0.0,0.0,0.0,1.0,-1.0,33.3,0.0,16.7,33.3,
2012-06-30,2012,Mjallby,Norrkoping,0,2,A,U,1.72,3.61,4.63,7,1.0,1.0,0.0,3.0,7.0,4.0,3.0,6.0,13.0,-7.0,1.0,-9.0,10.0,0.0,1.0,-1.0,0.0,3.0,-3.0,33.3,0.0,33.3,66.7,A
2012-06-30,2012,Kalmar,Syrianska,3,0,H,O,1.66,3.68,5.09,7,0.0,2.0,2.0,2.0,4.0,5.0,-1.0,6.0,4.0,2.0,-2.0,1.0,-3.0,0.0,1.0,-1.0,0.0,1.0,-1.0,16.7,50.0,33.3,50.0,H
2012-06-30,2012,Hacken,Sundsvall,1,2,A,O,1.49,4.03,6.57,7,2.0,1.0,1.0,1.0,11.0,3.0,8.0,3.0,4.0,-1.0,8.0,-1.0,9.0,2.0,0.0,2.0,0.0,1.0,-1.0,66.7,16.7,16.7,33.3,A
2012-06-30,2012,Atvidabergs,Elfsborg,5,1,H,O,4.25,3.55,1.79,7,2.0,3.0,2.0,1.0,5.0,9.0,-4.0,5.0,2.0,3.0,0.0,7.0,-7.0,1.0,3.0,-2.0,1.0,0.0,1.0,66.7,33.3,66.7,33.3,H
2012-05-24,2012,Sundsvall,Malmo FF,1,1,D,U,3.93,3.42,1.9,6,2.0,1.0,2.0,1.0,7.0,9.0,-2.0,5.0,9.0,-4.0,2.0,0.0,2.0,2.0,0.0,2.0,1.0,0.0,1.0,40.0,60.0,20.0,40.0,
2012-05-24,2012,Goteborg,Kalmar,1,1,D,U,1.55,3.83,5.96,6,2.0,1.0,0.0,2.0,8.0,2.0,6.0,5.0,6.0,-1.0,3.0,-4.0,7.0,1.0,0.0,1.0,0.0,2.0,-2.0,40.0,20.0,40.0,40.0,
2012-05-24,2012,Elfsborg,Hacken,2,0,H,U,1.78,3.55,4.39,6,4.0,2.0,0.0,2.0,6.0,8.0,-2.0,1.0,7.0,-6.0,5.0,1.0,4.0,1.0,1.0,0.0,0.0,1.0,-1.0,100.0,0.0,40.0,40.0,
2012-05-24,2012,AIK,GAIS,1,0,H,U,1.61,3.7,5.53,6,1.0,0.0,0.0,2.0,8.0,4.0,4.0,5.0,7.0,-2.0,3.0,-3.0,6.0,1.0,0.0,1.0,0.0,1.0,-1.0,20.0,0.0,0.0,60.0,
2012-05-23,2012,Syrianska,Mjallby,2,1,H,O,2.86,3.27,2.38,6,1.0,1.0,3.0,1.0,4.0,7.0,-3.0,7.0,8.0,-1.0,-3.0,-1.0,-2.0,1.0,0.0,1.0,1.0,1.0,0.0,40.0,60.0,20.0,20.0,
2012-05-23,2012,Norrkoping,Atvidabergs,2,2,D,O,2.13,3.37,3.22,6,2.0,0.0,1.0,3.0,9.0,3.0,6.0,8.0,7.0,1.0,1.0,-4.0,5.0,1.0,0.0,1.0,1.0,1.0,0.0,60.0,20.0,20.0,60.0,
2012-05-23,2012,Helsingborg,Djurgarden,1,1,D,U,1.77,3.53,4.41,6,1.0,0.0,0.0,1.0,5.0,5.0,0.0,4.0,6.0,-2.0,1.0,-1.0,2.0,0.0,0.0,0.0,0.0,0.0,0.0,40.0,0.0,0.0,40.0,
2012-05-23,2012,Gefle,Orebro,2,1,H,O,2.17,3.22,3.29,6,0.0,0.0,3.0,3.0,1.0,4.0,-3.0,5.0,10.0,-5.0,-4.0,-6.0,2.0,0.0,0.0,0.0,1.0,2.0,-1.0,0.0,60.0,0.0,60.0,
2012-05-21,2012,Sundsvall,Elfsborg,0,3,A,O,3.48,3.28,2.07,5,2.0,3.0,2.0,1.0,7.0,8.0,-1.0,3.0,3.0,0.0,4.0,5.0,-1.0,2.0,2.0,0.0,0.0,0.0,0.0,50.0,50.0,60.0,40.0,
2012-05-21,2012,GAIS,Goteborg,1,1,D,U,3.72,3.33,1.97,6,1.0,1.0,1.0,1.0,5.0,4.0,1.0,4.0,4.0,0.0,1.0,0.0,1.0,1.0,0.0,1.0,0.0,0.0,0.0,20.0,20.0,20.0,40.0,
2012-05-20,2012,Orebro,Syrianska,0,1,A,U,1.92,3.41,3.81,6,0.0,1.0,2.0,3.0,2.0,4.0,-2.0,5.0,8.0,-3.0,-3.0,-4.0,1.0,0.0,1.0,-1.0,1.0,2.0,-1.0,0.0,60.0,20.0,60.0,D
2012-05-20,2012,Mjallby,Gefle,0,0,D,U,1.56,3.75,5.93,6,2.0,1.0,0.0,2.0,9.0,3.0,6.0,6.0,10.0,-4.0,3.0,-7.0,10.0,1.0,0.0,1.0,0.0,2.0,-2.0,40.0,0.0,20.0,40.0,D
2012-05-20,2012,Hacken,Djurgarden,1,1,D,U,1.54,4.02,5.7,6,3.0,0.0,1.0,2.0,14.0,5.0,9.0,4.0,7.0,-3.0,10.0,-2.0,12.0,3.0,0.0,3.0,0.0,0.0,0.0,80.0,20.0,0.0,50.0,D
2012-05-20,2012,Atvidabergs,Kalmar,3,0,H,O,2.42,3.22,2.79,6,2.0,2.0,2.0,1.0,8.0,3.0,5.0,6.0,3.0,3.0,2.0,0.0,2.0,1.0,0.0,1.0,1.0,1.0,0.0,60.0,40.0,50.0,25.0,H
2012-05-20,2012,AIK,Norrkoping,5,2,H,O,1.63,3.66,5.28,5,0.0,1.0,0.0,3.0,3.0,2.0,1.0,3.0,10.0,-7.0,0.0,-8.0,8.0,0.0,1.0,-1.0,0.0,3.0,-3.0,0.0,0.0,40.0,60.0,H
2012-05-17,2012,Mjallby,Goteborg,1,1,D,U,2.7,3.18,2.55,5,2.0,1.0,0.0,2.0,8.0,4.0,4.0,5.0,5.0,0.0,3.0,-1.0,4.0,1.0,0.0,1.0,0.0,0.0,0.0,50.0,0.0,25.0,50.0,H
2012-05-17,2012,Malmo FF,Elfsborg,1,0,H,U,1.88,3.45,3.94,6,4.0,3.0,0.0,1.0,9.0,9.0,0.0,1.0,4.0,-3.0,8.0,5.0,3.0,3.0,2.0,1.0,0.0,0.0,0.0,80.0,0.0,75.0,25.0,D
2012-05-17,2012,GAIS,Sundsvall,1,2,A,O,1.8,3.44,4.39,5,1.0,0.0,0.0,1.0,4.0,3.0,1.0,2.0,5.0,-3.0,2.0,-2.0,4.0,1.0,0.0,1.0,0.0,1.0,-1.0,25.0,0.0,0.0,40.0,A
2012-05-17,2012,Djurgarden,Gefle,1,1,D,U,1.53,3.84,6.27,6,1.0,1.0,1.0,2.0,6.0,2.0,4.0,6.0,9.0,-3.0,0.0,-7.0,7.0,0.0,0.0,0.0,0.0,2.0,-2.0,40.0,20.0,25.0,50.0,D
2012-05-16,2012,Orebro,AIK,2,2,D,O,3.39,3.31,2.09,5,0.0,2.0,3.0,1.0,3.0,2.0,1.0,7.0,1.0,6.0,-4.0,1.0,-5.0,0.0,0.0,0.0,1.0,0.0,1.0,0.0,75.0,60.0,20.0,
2012-05-16,2012,Kalmar,Helsingborg,1,1,D,U,2.54,3.2,2.71,6,1.0,2.0,2.0,1.0,6.0,3.0,3.0,6.0,4.0,2.0,0.0,-1.0,1.0,1.0,0.0,1.0,0.0,1.0,-1.0,20.0,60.0,40.0,40.0,
2012-05-16,2012,Hacken,Norrkoping,6,0,H,O,1.5,4.02,6.33,5,3.0,2.0,1.0,2.0,13.0,4.0,9.0,4.0,5.0,-1.0,9.0,-1.0,10.0,3.0,1.0,2.0,0.0,2.0,-2.0,75.0,25.0,50.0,50.0,
2012-05-16,2012,Atvidabergs,Syrianska,1,0,H,U,1.79,3.52,4.19,5,2.0,1.0,2.0,2.0,9.0,5.0,4.0,7.0,8.0,-1.0,2.0,-3.0,5.0,1.0,1.0,0.0,1.0,2.0,-1.0,50.0,50.0,25.0,50.0,
2012-05-14,2012,Goteborg,Malmo FF,2,2,D,O,2.45,3.23,2.82,5,2.0,1.0,1.0,2.0,7.0,7.0,0.0,5.0,12.0,-7.0,2.0,-5.0,7.0,1.0,0.0,1.0,0.0,1.0,-1.0,50.0,25.0,25.0,50.0,
2012-05-14,2012,Gefle,Sundsvall,0,0,D,U,2.87,3.2,2.41,5,0.0,0.0,3.0,2.0,2.0,3.0,-1.0,6.0,6.0,0.0,-4.0,-3.0,-1.0,0.0,0.0,0.0,1.0,1.0,0.0,0.0,75.0,0.0,50.0,
2012-05-13,2012,Norrkoping,Orebro,3,0,H,O,1.9,3.41,3.91,5,2.0,0.0,1.0,2.0,7.0,4.0,3.0,8.0,7.0,1.0,-1.0,-3.0,2.0,0.0,0.0,0.0,1.0,1.0,0.0,50.0,25.0,0.0,50.0,H
2012-05-13,2012,Helsingborg,Hacken,3,2,H,O,2.44,3.17,2.88,5,1.0,2.0,0.0,1.0,4.0,6.0,-2.0,3.0,4.0,-1.0,1.0,2.0,-1.0,0.0,1.0,-1.0,0.0,1.0,-1.0,25.0,0.0,50.0,25.0,H
2012-05-13,2012,Elfsborg,AIK,1,0,H,U,1.69,3.49,5.09,5,4.0,3.0,0.0,0.0,7.0,4.0,3.0,2.0,1.0,1.0,5.0,3.0,2.0,1.0,0.0,1.0,0.0,0.0,0.0,100.0,0.0,75.0,0.0,D
2012-05-12,2012,Kalmar,Mjallby,1,2,A,O,2.35,3.2,2.94,5,1.0,0.0,2.0,1.0,6.0,5.0,1.0,6.0,7.0,-1.0,0.0,-2.0,2.0,1.0,0.0,1.0,0.0,1.0,-1.0,25.0,50.0,0.0,25.0,A
2012-05-12,2012,Djurgarden,Atvidabergs,1,1,D,U,1.65,3.75,4.93,5,2.0,1.0,1.0,3.0,6.0,6.0,0.0,5.0,9.0,-4.0,1.0,-3.0,4.0,0.0,0.0,0.0,0.0,1.0,-1.0,50.0,25.0,25.0,75.0,D
2012-05-11,2012,Syrianska,GAIS,2,0,H,U,3.56,3.34,2.02,5,1.0,0.0,3.0,2.0,4.0,5.0,-1.0,8.0,7.0,1.0,-4.0,-2.0,-2.0,0.0,0.0,0.0,1.0,0.0,1.0,25.0,75.0,0.0,50.0,
2012-05-10,2012,Malmo FF,Helsingborg,3,0,H,O,1.81,3.44,4.29,5,3.0,2.0,0.0,1.0,6.0,3.0,3.0,1.0,2.0,-1.0,5.0,1.0,4.0,2.0,0.0,2.0,0.0,0.0,0.0,75.0,0.0,50.0,25.0,
2012-05-10,2012,Hacken,Gefle,3,0,H,O,1.39,4.5,7.59,4,,,,,,,,,,,,,,,,,,,,66.7,33.3,33.3,33.3,
2012-05-08,2012,AIK,Djurgarden,1,1,D,U,2.09,3.22,3.5,4,,,,,,,,,,,,,,,,,,,,0.0,0.0,0.0,66.7,
2012-05-07,2012,Orebro,Kalmar,0,1,A,U,2.48,3.22,2.76,4,,,,,,,,,,,,,,,,,,,,0.0,66.7,33.3,33.3,
2012-05-07,2012,GAIS,Mjallby,2,2,D,O,1.93,3.38,3.77,4,,,,,,,,,,,,,,,,,,,,33.3,0.0,0.0,33.3,
2012-05-07,2012,Elfsborg,Goteborg,1,0,H,U,1.94,3.45,3.72,4,,,,,,,,,,,,,,,,,,,,100.0,0.0,33.3,33.3,
2012-05-06,2012,Norrkoping,Syrianska,1,4,A,O,1.55,3.88,5.8,4,,,,,,,,,,,,,,,,,,,,66.7,0.0,0.0,66.7,A
2012-05-06,2012,Malmo FF,Atvidabergs,2,1,H,O,1.33,4.77,8.39,4,,,,,,,,,,,,,,,,,,,,66.7,0.0,33.3,66.7,D
2012-05-05,2012,Sundsvall,Helsingborg,0,1,A,U,2.86,3.21,2.43,4,,,,,,,,,,,,,,,,,,,,66.7,33.3,33.3,33.3,D
2012-05-04,2012,Kalmar,GAIS,2,2,D,O,2.43,3.17,2.87,4,,,,,,,,,,,,,,,,,,,,33.3,66.7,0.0,66.7,
2012-05-03,2012,Mjallby,Malmo FF,2,2,D,O,3.08,3.26,2.24,4,,,,,,,,,,,,,,,,,,,,66.7,0.0,33.3,66.7,
2012-05-03,2012,Gefle,Norrkoping,0,2,A,U,2.24,3.24,3.13,4,,,,,,,,,,,,,,,,,,,,0.0,66.7,33.3,66.7,
2012-05-03,2012,Djurgarden,Orebro,2,1,H,O,1.66,3.66,4.98,4,,,,,,,,,,,,,,,,,,,,33.3,33.3,0.0,33.3,
2012-05-02,2012,Syrianska,Elfsborg,1,4,A,O,5.7,3.93,1.55,4,,,,,,,,,,,,,,,,,,,,33.3,66.7,66.7,33.3,
2012-05-02,2012,Helsingborg,AIK,0,0,D,U,1.85,3.44,4.15,4,,,,,,,,,,,,,,,,,,,,33.3,0.0,100.0,0.0,
2012-05-02,2012,Goteborg,Sundsvall,2,0,H,U,1.49,4.07,6.37,4,,,,,,,,,,,,,,,,,,,,33.3,33.3,0.0,33.3,
2012-05-02,2012,Atvidabergs,Hacken,0,3,A,O,2.92,3.29,2.32,4,,,,,,,,,,,,,,,,,,,,66.7,33.3,33.3,33.3,
2012-04-29,2012,Sundsvall,Orebro,3,1,H,O,1.95,3.35,3.79,3,,,,,,,,,,,,,,,,,,,,50.0,50.0,0.0,0.0,D
2012-04-29,2012,Norrkoping,Malmo FF,3,2,H,O,3.61,3.32,2.01,3,,,,,,,,,,,,,,,,,,,,50.0,0.0,50.0,50.0,H
2012-04-29,2012,Djurgarden,Kalmar,1,1,D,U,1.86,3.41,4.07,3,,,,,,,,,,,,,,,,,,,,50.0,50.0,50.0,50.0,D
2012-04-28,2012,Syrianska,Hacken,1,2,A,O,4.25,3.55,1.79,3,,,,,,,,,,,,,,,,,,,,50.0,50.0,0.0,50.0,A
2012-04-28,2012,Goteborg,Atvidabergs,2,1,H,O,1.44,4.19,7.08,3,,,,,,,,,,,,,,,,,,,,0.0,50.0,50.0,50.0,H
2012-04-27,2012,Helsingborg,Mjallby,1,1,D,U,1.68,3.58,5.02,3,,,,,,,,,,,,,,,,,,,,50.0,0.0,0.0,50.0,
2012-04-26,2012,Gefle,AIK,0,1,A,U,3.25,3.19,2.21,3,,,,,,,,,,,,,,,,,,,,0.0,50.0,100.0,0.0,
2012-04-26,2012,Elfsborg,GAIS,2,1,H,O,1.64,3.68,5.18,3,,,,,,,,,,,,,,,,,,,,100.0,0.0,0.0,50.0,
2012-04-23,2012,Orebro,Elfsborg,0,2,A,U,3.49,3.34,2.04,3,,,,,,,,,,,,,,,,,,,,0.0,50.0,50.0,50.0,
2012-04-23,2012,Malmo FF,Syrianska,2,0,H,U,1.23,5.7,12.24,3,,,,,,,,,,,,,,,,,,,,50.0,0.0,0.0,50.0,
2012-04-23,2012,Hacken,Goteborg,1,2,A,O,2.37,3.27,2.86,3,,,,,,,,,,,,,,,,,,,,100.0,0.0,0.0,50.0,
2012-04-22,2012,GAIS,Norrkoping,2,0,H,U,1.72,3.54,4.74,3,,,,,,,,,,,,,,,,,,,,0.0,0.0,50.0,50.0,
2012-04-22,2012,AIK,Sundsvall,1,1,D,U,1.53,3.85,6.16,3,,,,,,,,,,,,,,,,,,,,0.0,0.0,0.0,50.0,H
2012-04-21,2012,Kalmar,Gefle,0,1,A,U,1.71,3.54,4.83,3,,,,,,,,,,,,,,,,,,,,50.0,50.0,0.0,50.0,D
2012-04-21,2012,Atvidabergs,Helsingborg,1,2,A,O,3.07,3.26,2.26,3,,,,,,,,,,,,,,,,,,,,100.0,0.0,0.0,50.0,D
2012-04-20,2012,Mjallby,Djurgarden,4,3,H,O,2.09,3.19,3.54,3,,,,,,,,,,,,,,,,,,,,50.0,0.0,0.0,50.0,
2012-04-16,2012,Norrkoping,Sundsvall,2,2,D,O,2.03,3.23,3.67,2,,,,,,,,,,,,,,,,,,,,100.0,0.0,0.0,100.0,
2012-04-16,2012,Kalmar,Hacken,3,1,H,O,2.92,3.22,2.36,2,,,,,,,,,,,,,,,,,,,,0.0,100.0,0.0,0.0,
2012-04-16,2012,Helsingborg,GAIS,1,1,D,U,1.72,3.43,4.94,2,,,,,,,,,,,,,,,,,,,,100.0,0.0,0.0,100.0,
2012-04-16,2012,Gefle,Elfsborg,1,2,A,O,3.76,3.34,1.95,2,,,,,,,,,,,,,,,,,,,,0.0,0.0,0.0,100.0,
2012-04-16,2012,Djurgarden,Malmo FF,2,3,A,O,2.52,3.18,2.75,2,,,,,,,,,,,,,,,,,,,,100.0,0.0,0.0,100.0,
2012-04-15,2012,Syrianska,AIK,0,1,A,U,4.26,3.37,1.84,2,,,,,,,,,,,,,,,,,,,,100.0,0.0,100.0,0.0,D
2012-04-15,2012,Mjallby,Atvidabergs,2,0,H,U,2.03,3.3,3.49,2,,,,,,,,,,,,,,,,,,,,0.0,0.0,100.0,0.0,D
2012-04-15,2012,Goteborg,Orebro,2,2,D,O,1.44,4.09,7.17,2,,,,,,,,,,,,,,,,,,,,0.0,100.0,0.0,0.0,H
2012-04-13,2012,Malmo FF,Kalmar,2,0,H,U,1.64,3.68,5.24,2,,,,,,,,,,,,,,,,,,,,0.0,0.0,100.0,0.0,
2012-04-12,2012,Sundsvall,Syrianska,4,0,H,O,1.77,3.46,4.59,2,,,,,,,,,,,,,,,,,,,,0.0,100.0,0.0,0.0,
2012-04-12,2012,Hacken,Mjallby,4,2,H,O,1.72,3.42,4.88,2,,,,,,,,,,,,,,,,,,,,100.0,0.0,0.0,0.0,
2012-04-12,2012,Elfsborg,Norrkoping,2,0,H,U,1.5,4.06,6.11,2,,,,,,,,,,,,,,,,,,,,100.0,0.0,100.0,0.0,
2012-04-12,2012,AIK,Goteborg,1,1,D,U,2.27,3.18,3.1,2,,,,,,,,,,,,,,,,,,,,0.0,0.0,0.0,100.0,
2012-04-11,2012,Orebro,Helsingborg,0,0,D,U,3.22,3.26,2.19,2,,,,,,,,,,,,,,,,,,,,0.0,100.0,0.0,100.0,
2012-04-11,2012,GAIS,Djurgarden,0,0,D,U,2.05,3.26,3.55,2,,,,,,,,,,,,,,,,,,,,0.0,0.0,0.0,100.0,
2012-04-10,2012,Atvidabergs,Gefle,6,1,H,O,2.01,3.24,3.63,2,,,,,,,,,,,,,,,,,,,,100.0,0.0,0.0,0.0,
2012-04-09,2012,Kalmar,AIK,1,2,A,O,2.4,3.15,2.95,1,,,,,,,,,,,,,,,,,,,,,,,,
2012-04-09,2012,Goteborg,Norrkoping,1,2,A,O,1.46,4.13,6.83,1,,,,,,,,,,,,,,,,,,,,,,,,D
2012-04-08,2012,Helsingborg,Elfsborg,2,1,H,O,1.97,3.34,3.73,1,,,,,,,,,,,,,,,,,,,,,,,,D
2012-04-08,2012,Djurgarden,Sundsvall,1,0,H,U,1.63,3.64,5.32,1,,,,,,,,,,,,,,,,,,,,,,,,H
2012-04-07,2012,Mjallby,Orebro,0,0,D,U,1.95,3.27,3.85,1,,,,,,,,,,,,,,,,,,,,,,,,D
2012-04-07,2012,Hacken,Malmo FF,5,0,H,O,2.58,3.16,2.69,1,,,,,,,,,,,,,,,,,,,,,,,,H
2012-04-06,2012,Gefle,Syrianska,1,1,D,U,2.02,3.27,3.64,1,,,,,,,,,,,,,,,,,,,,,,,,H
2012-04-06,2012,Atvidabergs,GAIS,2,1,H,O,2.68,3.21,2.54,1,,,,,,,,,,,,,,,,,,,,,,,,D
2012-04-02,2012,Orebro,Atvidabergs,3,4,A,O,2.1,3.2,3.51,1,,,,,,,,,,,,,,,,,,,,,,,,
2012-04-02,2012,Norrkoping,Helsingborg,1,0,H,U,3.63,3.34,2.0,1,,,,,,,,,,,,,,,,,,,,,,,,
2012-04-02,2012,Malmo FF,Gefle,0,0,D,U,1.39,4.33,8.15,1,,,,,,,,,,,,,,,,,,,,,,,,
2012-04-01,2012,Syrianska,Goteborg,2,1,H,O,4.63,3.41,1.77,1,,,,,,,,,,,,,,,,,,,,,,,,A
2012-04-01,2012,AIK,Mjallby,0,0,D,U,1.71,3.43,4.99,1,,,,,,,,,,,,,,,,,,,,,,,,D
2012-03-31,2012,Sundsvall,Kalmar,0,1,A,U,2.64,3.14,2.62,1,,,,,,,,,,,,,,,,,,,,,,,,D
2012-03-31,2012,GAIS,Hacken,0,0,D,U,2.25,3.24,3.11,1,,,,,,,,,,,,,,,,,,,,,,,,D
2012-03-31,2012,Elfsborg,Djurgarden,2,1,H,O,1.66,3.68,5.0,1,,,,,,,,,,,,,,,,,,,,,,,,H
