Date,Home,Away,SourceHome,SourceAway,HG,AG,HTHG,HTAG,MatchScore
2025-12-06,Urawa Reds,Kawasaki Frontale,Urawa Red Diamonds,Kawasaki Frontale,4,0,1,0,0.86
2025-12-06,Shimizu S-Pulse,Okayama,Shimizu S-Pulse,Fagiano Okayama,1,2,0,0,0.8333333333333333
2025-12-06,Sanfrecce Hiroshima,Shonan Bellmare,Sanfrecce Hiroshima,Shonan Bellmare,2,1,0,0,1.0
2025-12-06,Nagoya Grampus,Avispa Fukuoka,Nagoya Grampus,Avispa Fukuoka,1,0,0,0,1.0
2025-12-06,Kyoto,Vissel Kobe,Kyoto Sanga,Vissel Kobe,2,0,1,0,0.8333333333333333
2025-12-06,Kashiwa Reysol,Machida,Kashiwa Reysol,Machida Zelvia,1,0,0,0,0.85
2025-12-06,Kashima Antlers,Yokohama F. Marinos,Kashima Antlers,Yokohama F. Marinos,2,1,1,0,1.0
2025-12-06,Gamba Osaka,Verdy,Gamba Osaka,Tokyo Verdy 1969,4,1,2,0,0.763157894736842
2025-12-06,FC Tokyo,Albirex Niigata,FC Tokyo,Albirex Niigata,1,1,1,1,1.0
2025-12-06,Cerezo Osaka,Yokohama FC,Cerezo Osaka,Yokohama FC,1,3,1,2,1.0
2025-11-30,Yokohama FC,Kyoto,Yokohama FC,Kyoto Sanga,0,1,0,1,0.8333333333333333
2025-11-30,Yokohama F. Marinos,Cerezo Osaka,Yokohama F. Marinos,Cerezo Osaka,3,1,1,1,1.0
2025-11-30,Vissel Kobe,FC Tokyo,Vissel Kobe,FC Tokyo,0,0,0,0,1.0
2025-11-30,Verdy,Kashima Antlers,Tokyo Verdy 1969,Kashima Antlers,0,1,0,0,0.763157894736842
2025-11-30,Shonan Bellmare,Shimizu S-Pulse,Shonan Bellmare,Shimizu S-Pulse,1,0,1,0,1.0
2025-11-30,Okayama,Urawa Reds,Fagiano Okayama,Urawa Red Diamonds,0,1,0,0,0.6933333333333334
2025-11-30,Machida,Nagoya Grampus,Machida Zelvia,Nagoya Grampus,3,1,1,0,0.85
2025-11-30,Kawasaki Frontale,Sanfrecce Hiroshima,Kawasaki Frontale,Sanfrecce Hiroshima,1,2,1,1,1.0
2025-11-30,Avispa Fukuoka,Gamba Osaka,Avispa Fukuoka,Gamba Osaka,1,0,0,0,1.0
2025-11-30,Albirex Niigata,Kashiwa Reysol,Albirex Niigata,Kashiwa Reysol,1,3,0,2,1.0
2025-11-09,Shimizu S-Pulse,Cerezo Osaka,Shimizu S-Pulse,Cerezo Osaka,1,4,0,3,1.0
2025-11-09,Sanfrecce Hiroshima,Urawa Reds,Sanfrecce Hiroshima,Urawa Red Diamonds,3,0,1,0,0.86
2025-11-09,Machida,FC Tokyo,Machida Zelvia,FC Tokyo,0,1,0,0,0.85
2025-11-09,Kyoto,Yokohama F. Marinos,Kyoto Sanga,Yokohama F. Marinos,0,3,0,1,0.8333333333333333
2025-11-09,Gamba Osaka,Vissel Kobe,Gamba Osaka,Vissel Kobe,1,1,0,0,1.0
2025-11-08,Verdy,Avispa Fukuoka,Tokyo Verdy 1969,Avispa Fukuoka,0,0,0,0,0.763157894736842
2025-11-08,Shonan Bellmare,Albirex Niigata,Shonan Bellmare,Albirex Niigata,5,2,2,0,1.0
2025-11-08,Kawasaki Frontale,Okayama,Kawasaki Frontale,Fagiano Okayama,1,1,0,0,0.8333333333333333
2025-11-08,Kashiwa Reysol,Nagoya Grampus,Kashiwa Reysol,Nagoya Grampus,1,0,0,0,1.0
2025-11-08,Kashima Antlers,Yokohama FC,Kashima Antlers,Yokohama FC,2,1,0,0,1.0
2025-10-26,Avispa Fukuoka,Shonan Bellmare,Avispa Fukuoka,Shonan Bellmare,1,0,0,0,1.0
2025-10-26,Albirex Niigata,Vissel Kobe,Albirex Niigata,Vissel Kobe,2,2,0,1,1.0
2025-10-25,Yokohama F. Marinos,Sanfrecce Hiroshima,Yokohama F. Marinos,Sanfrecce Hiroshima,3,0,1,0,1.0
2025-10-25,Urawa Reds,Machida,Urawa Red Diamonds,Machida Zelvia,0,0,0,0,0.71
2025-10-25,Shimizu S-Pulse,Verdy,Shimizu S-Pulse,Tokyo Verdy 1969,1,0,1,0,0.763157894736842
2025-10-25,Nagoya Grampus,Gamba Osaka,Nagoya Grampus,Gamba Osaka,0,2,0,0,1.0
2025-10-25,Kyoto,Kashima Antlers,Kyoto Sanga,Kashima Antlers,1,1,1,0,0.8333333333333333
2025-10-25,Kashiwa Reysol,Yokohama FC,Kashiwa Reysol,Yokohama FC,2,0,0,0,1.0
2025-10-25,FC Tokyo,Okayama,FC Tokyo,Fagiano Okayama,3,1,0,0,0.8333333333333333
2025-10-25,Cerezo Osaka,Kawasaki Frontale,Cerezo Osaka,Kawasaki Frontale,2,0,2,0,1.0
2025-10-19,Shonan Bellmare,Kyoto,Shonan Bellmare,Kyoto Sanga,1,1,1,0,0.8333333333333333
2025-10-18,Yokohama FC,Nagoya Grampus,Yokohama FC,Nagoya Grampus,2,2,1,0,1.0
2025-10-18,Yokohama F. Marinos,Urawa Reds,Yokohama F. Marinos,Urawa Red Diamonds,4,0,4,0,0.86
2025-10-18,Verdy,Albirex Niigata,Tokyo Verdy 1969,Albirex Niigata,1,0,1,0,0.763157894736842
2025-10-18,Okayama,Cerezo Osaka,Fagiano Okayama,Cerezo Osaka,1,2,1,1,0.8333333333333333
2025-10-18,Machida,Avispa Fukuoka,Machida Zelvia,Avispa Fukuoka,0,0,0,0,0.85
2025-10-18,Kawasaki Frontale,Shimizu S-Pulse,Kawasaki Frontale,Shimizu S-Pulse,5,3,4,1,1.0
2025-10-18,Gamba Osaka,Kashiwa Reysol,Gamba Osaka,Kashiwa Reysol,0,5,0,3,1.0
2025-10-17,Vissel Kobe,Kashima Antlers,Vissel Kobe,Kashima Antlers,0,0,0,0,1.0
2025-10-17,Sanfrecce Hiroshima,FC Tokyo,Sanfrecce Hiroshima,FC Tokyo,0,0,0,0,1.0
2025-10-05,Kashima Antlers,Gamba Osaka,Kashima Antlers,Gamba Osaka,0,0,0,0,1.0
2025-10-04,Urawa Reds,Vissel Kobe,Urawa Red Diamonds,Vissel Kobe,1,0,0,0,0.86
2025-10-04,Shimizu S-Pulse,FC Tokyo,Shimizu S-Pulse,FC Tokyo,1,1,1,0,1.0
2025-10-04,Sanfrecce Hiroshima,Machida,Sanfrecce Hiroshima,Machida Zelvia,2,1,0,0,0.85
2025-10-04,Nagoya Grampus,Cerezo Osaka,Nagoya Grampus,Cerezo Osaka,2,1,2,0,1.0
2025-10-04,Kyoto,Kawasaki Frontale,Kyoto Sanga,Kawasaki Frontale,1,1,1,1,0.8333333333333333
2025-10-04,Kashiwa Reysol,Yokohama F. Marinos,Kashiwa Reysol,Yokohama F. Marinos,1,0,1,0,1.0
2025-10-04,Avispa Fukuoka,Yokohama FC,Avispa Fukuoka,Yokohama FC,1,0,0,0,1.0
2025-10-04,Albirex Niigata,Okayama,Albirex Niigata,Fagiano Okayama,1,1,0,1,0.8333333333333333
2025-10-03,Shonan Bellmare,Verdy,Shonan Bellmare,Tokyo Verdy 1969,0,1,0,0,0.763157894736842
2025-09-28,Yokohama FC,Shonan Bellmare,Yokohama FC,Shonan Bellmare,1,0,1,0,1.0
2025-09-28,Kawasaki Frontale,Kashiwa Reysol,Kawasaki Frontale,Kashiwa Reysol,4,4,2,2,1.0
2025-09-28,FC Tokyo,Yokohama F. Marinos,FC Tokyo,Yokohama F. Marinos,2,3,0,0,1.0
2025-09-28,Cerezo Osaka,Kyoto,Cerezo Osaka,Kyoto Sanga,1,2,0,1,0.8333333333333333
2025-09-27,Vissel Kobe,Shimizu S-Pulse,Vissel Kobe,Shimizu S-Pulse,2,1,0,1,1.0
2025-09-27,Verdy,Urawa Reds,Tokyo Verdy 1969,Urawa Red Diamonds,0,0,0,0,0.6231578947368421
2025-09-27,Nagoya Grampus,Kashima Antlers,Nagoya Grampus,Kashima Antlers,0,4,0,2,1.0
2025-09-27,Machida,Okayama,Machida Zelvia,Fagiano Okayama,1,0,0,0,0.6833333333333333
2025-09-27,Gamba Osaka,Albirex Niigata,Gamba Osaka,Albirex Niigata,4,2,1,1,1.0
2025-09-27,Avispa Fukuoka,Sanfrecce Hiroshima,Avispa Fukuoka,Sanfrecce Hiroshima,1,2,0,1,1.0
2025-09-23,Vissel Kobe,Verdy,Vissel Kobe,Tokyo Verdy 1969,4,0,2,0,0.763157894736842
2025-09-23,Shonan Bellmare,Kawasaki Frontale,Shonan Bellmare,Kawasaki Frontale,1,2,0,1,1.0
2025-09-23,Shimizu S-Pulse,Urawa Reds,Shimizu S-Pulse,Urawa Red Diamonds,0,0,0,0,0.86
2025-09-23,Okayama,Yokohama FC,Fagiano Okayama,Yokohama FC,0,0,0,0,0.8333333333333333
2025-09-23,Kyoto,Machida,Kyoto Sanga,Machida Zelvia,1,1,0,1,0.6833333333333333
2025-09-23,Kashiwa Reysol,Sanfrecce Hiroshima,Kashiwa Reysol,Sanfrecce Hiroshima,0,0,0,0,1.0
2025-09-23,Kashima Antlers,Cerezo Osaka,Kashima Antlers,Cerezo Osaka,3,1,1,1,1.0
2025-09-23,Gamba Osaka,Yokohama F. Marinos,Gamba Osaka,Yokohama F. Marinos,3,1,0,0,1.0
2025-09-23,FC Tokyo,Avispa Fukuoka,FC Tokyo,Avispa Fukuoka,1,0,1,0,1.0
2025-09-23,Albirex Niigata,Nagoya Grampus,Albirex Niigata,Nagoya Grampus,0,0,0,0,1.0
2025-09-20,Yokohama FC,Albirex Niigata,Yokohama FC,Albirex Niigata,1,0,0,0,1.0
2025-09-20,Yokohama F. Marinos,Avispa Fukuoka,Yokohama F. Marinos,Avispa Fukuoka,2,0,2,0,1.0
2025-09-20,Verdy,Okayama,Tokyo Verdy 1969,Fagiano Okayama,4,2,2,2,0.5964912280701754
2025-09-20,Urawa Reds,Kashima Antlers,Urawa Red Diamonds,Kashima Antlers,0,1,0,1,0.86
2025-09-20,Nagoya Grampus,Shonan Bellmare,Nagoya Grampus,Shonan Bellmare,3,1,3,0,1.0
2025-09-20,Kyoto,Shimizu S-Pulse,Kyoto Sanga,Shimizu S-Pulse,0,1,0,0,0.8333333333333333
2025-09-20,Kawasaki Frontale,FC Tokyo,Kawasaki Frontale,FC Tokyo,0,1,0,1,1.0
2025-09-20,Cerezo Osaka,Kashiwa Reysol,Cerezo Osaka,Kashiwa Reysol,1,1,1,1,1.0
2025-09-15,FC Tokyo,Verdy,FC Tokyo,Tokyo Verdy 1969,1,0,0,0,0.763157894736842
2025-09-13,Yokohama F. Marinos,Kawasaki Frontale,Yokohama F. Marinos,Kawasaki Frontale,0,3,0,1,1.0
2025-09-13,Okayama,Nagoya Grampus,Fagiano Okayama,Nagoya Grampus,0,1,0,0,0.8333333333333333
2025-09-13,Kashima Antlers,Shonan Bellmare,Kashima Antlers,Shonan Bellmare,3,0,0,0,1.0
2025-09-13,Gamba Osaka,Urawa Reds,Gamba Osaka,Urawa Red Diamonds,1,0,0,0,0.86
2025-09-13,Avispa Fukuoka,Cerezo Osaka,Avispa Fukuoka,Cerezo Osaka,2,4,1,0,1.0
2025-09-13,Albirex Niigata,Shimizu S-Pulse,Albirex Niigata,Shimizu S-Pulse,0,1,0,1,1.0
2025-09-12,Vissel Kobe,Kashiwa Reysol,Vissel Kobe,Kashiwa Reysol,0,0,0,0,1.0
2025-09-12,Sanfrecce Hiroshima,Kyoto,Sanfrecce Hiroshima,Kyoto Sanga,1,1,0,0,0.8333333333333333
2025-09-12,Machida,Yokohama FC,Machida Zelvia,Yokohama FC,1,1,0,0,0.85
2025-08-31,Urawa Reds,Albirex Niigata,Urawa Red Diamonds,Albirex Niigata,1,0,1,0,0.86
2025-08-31,Shonan Bellmare,Gamba Osaka,Shonan Bellmare,Gamba Osaka,4,5,3,1,1.0
2025-08-31,Shimizu S-Pulse,Kashima Antlers,Shimizu S-Pulse,Kashima Antlers,1,1,1,0,1.0
2025-08-31,Nagoya Grampus,FC Tokyo,Nagoya Grampus,FC Tokyo,1,1,0,0,1.0
2025-08-31,Kawasaki Frontale,Machida,Kawasaki Frontale,Machida Zelvia,5,3,2,2,0.85
2025-08-31,Kashiwa Reysol,Avispa Fukuoka,Kashiwa Reysol,Avispa Fukuoka,2,1,1,1,1.0
2025-08-31,Cerezo Osaka,Sanfrecce Hiroshima,Cerezo Osaka,Sanfrecce Hiroshima,1,1,1,0,1.0
2025-08-30,Yokohama FC,Verdy,Yokohama FC,Tokyo Verdy 1969,0,0,0,0,0.763157894736842
2025-08-30,Vissel Kobe,Yokohama F. Marinos,Vissel Kobe,Yokohama F. Marinos,1,0,1,0,1.0
2025-08-30,Kyoto,Okayama,Kyoto Sanga,Fagiano Okayama,5,0,3,0,0.6666666666666666
2025-08-24,FC Tokyo,Kyoto,FC Tokyo,Kyoto Sanga,0,4,0,3,0.8333333333333333
2025-08-23,Yokohama F. Marinos,Machida,Yokohama F. Marinos,Machida Zelvia,0,0,0,0,0.85
2025-08-23,Verdy,Sanfrecce Hiroshima,Tokyo Verdy 1969,Sanfrecce Hiroshima,0,3,0,1,0.763157894736842
2025-08-23,Okayama,Shonan Bellmare,Fagiano Okayama,Shonan Bellmare,1,0,0,0,0.8333333333333333
2025-08-23,Nagoya Grampus,Kawasaki Frontale,Nagoya Grampus,Kawasaki Frontale,3,4,2,2,1.0
2025-08-23,Gamba Osaka,Yokohama FC,Gamba Osaka,Yokohama FC,3,2,1,1,1.0
2025-08-23,Cerezo Osaka,Vissel Kobe,Cerezo Osaka,Vissel Kobe,1,1,1,0,1.0
2025-08-23,Avispa Fukuoka,Shimizu S-Pulse,Avispa Fukuoka,Shimizu S-Pulse,0,0,0,0,1.0
2025-08-23,Albirex Niigata,Kashima Antlers,Albirex Niigata,Kashima Antlers,1,2,1,1,1.0
2025-08-22,Kashiwa Reysol,Urawa Reds,Kashiwa Reysol,Urawa Red Diamonds,4,2,0,2,0.86
2025-08-20,Sanfrecce Hiroshima,Vissel Kobe,Sanfrecce Hiroshima,Vissel Kobe,0,1,0,0,1.0
2025-08-20,Machida,Gamba Osaka,Machida Zelvia,Gamba Osaka,3,1,1,0,0.85
2025-08-17,Okayama,Kashiwa Reysol,Fagiano Okayama,Kashiwa Reysol,2,1,1,0,0.8333333333333333
2025-08-16,Vissel Kobe,Yokohama FC,Vissel Kobe,Yokohama FC,0,1,0,0,1.0
2025-08-16,Urawa Reds,Nagoya Grampus,Urawa Red Diamonds,Nagoya Grampus,2,1,2,0,0.86
2025-08-16,Shonan Bellmare,FC Tokyo,Shonan Bellmare,FC Tokyo,2,2,0,1,1.0
2025-08-16,Shimizu S-Pulse,Yokohama F. Marinos,Shimizu S-Pulse,Yokohama F. Marinos,1,3,0,2,1.0
2025-08-16,Sanfrecce Hiroshima,Gamba Osaka,Sanfrecce Hiroshima,Gamba Osaka,1,0,1,0,1.0
2025-08-16,Machida,Cerezo Osaka,Machida Zelvia,Cerezo Osaka,3,0,2,0,0.85
2025-08-16,Kyoto,Verdy,Kyoto Sanga,Tokyo Verdy 1969,1,0,0,0,0.5964912280701754
2025-08-16,Kashima Antlers,Avispa Fukuoka,Kashima Antlers,Avispa Fukuoka,1,1,0,0,1.0
2025-08-16,Albirex Niigata,Kawasaki Frontale,Albirex Niigata,Kawasaki Frontale,1,1,1,1,1.0
2025-08-11,Cerezo Osaka,Albirex Niigata,Cerezo Osaka,Albirex Niigata,3,1,1,1,1.0
2025-08-10,Sanfrecce Hiroshima,Shimizu S-Pulse,Sanfrecce Hiroshima,Shimizu S-Pulse,0,0,0,0,1.0
2025-08-10,Nagoya Grampus,Kyoto,Nagoya Grampus,Kyoto Sanga,1,2,0,0,0.8333333333333333
2025-08-10,Machida,Vissel Kobe,Machida Zelvia,Vissel Kobe,2,0,2,0,0.85
2025-08-10,Kashiwa Reysol,Shonan Bellmare,Kashiwa Reysol,Shonan Bellmare,2,0,1,0,1.0
2025-08-10,Gamba Osaka,Okayama,Gamba Osaka,Fagiano Okayama,0,3,0,2,0.8333333333333333
2025-08-10,FC Tokyo,Kashima Antlers,FC Tokyo,Kashima Antlers,0,1,0,0,1.0
2025-08-09,Yokohama FC,Urawa Reds,Yokohama FC,Urawa Red Diamonds,1,2,0,1,0.86
2025-08-09,Verdy,Yokohama F. Marinos,Tokyo Verdy 1969,Yokohama F. Marinos,1,0,0,0,0.763157894736842
2025-08-09,Kawasaki Frontale,Avispa Fukuoka,Kawasaki Frontale,Avispa Fukuoka,2,5,2,2,1.0
2025-07-27,Urawa Reds,Avispa Fukuoka,Urawa Red Diamonds,Avispa Fukuoka,0,0,0,0,0.86
2025-07-23,Urawa Reds,Shonan Bellmare,Urawa Red Diamonds,Shonan Bellmare,4,1,2,0,0.86
2025-07-21,Avispa Fukuoka,Kyoto,Avispa Fukuoka,Kyoto Sanga,2,2,0,0,0.8333333333333333
2025-07-20,Yokohama F. Marinos,Nagoya Grampus,Yokohama F. Marinos,Nagoya Grampus,3,0,2,0,1.0
2025-07-20,Verdy,Machida,Tokyo Verdy 1969,Machida Zelvia,0,1,0,0,0.6131578947368421
2025-07-20,Shimizu S-Pulse,Yokohama FC,Shimizu S-Pulse,Yokohama FC,2,0,0,0,1.0
2025-07-20,Okayama,Vissel Kobe,Fagiano Okayama,Vissel Kobe,1,2,0,1,0.8333333333333333
2025-07-20,Kashima Antlers,Kashiwa Reysol,Kashima Antlers,Kashiwa Reysol,3,2,2,1,1.0
2025-07-20,Gamba Osaka,Kawasaki Frontale,Gamba Osaka,Kawasaki Frontale,2,1,1,1,1.0
2025-07-20,Albirex Niigata,Sanfrecce Hiroshima,Albirex Niigata,Sanfrecce Hiroshima,0,2,0,1,1.0
2025-07-19,Shonan Bellmare,Cerezo Osaka,Shonan Bellmare,Cerezo Osaka,3,3,2,1,1.0
2025-07-19,FC Tokyo,Urawa Reds,FC Tokyo,Urawa Red Diamonds,3,2,1,2,0.86
2025-07-05,Yokohama FC,Yokohama F. Marinos,Yokohama FC,Yokohama F. Marinos,0,1,0,0,1.0
2025-07-05,Vissel Kobe,Shonan Bellmare,Vissel Kobe,Shonan Bellmare,4,0,1,0,1.0
2025-07-05,Okayama,Sanfrecce Hiroshima,Fagiano Okayama,Sanfrecce Hiroshima,0,1,0,0,0.8333333333333333
2025-07-05,Nagoya Grampus,Verdy,Nagoya Grampus,Tokyo Verdy 1969,0,0,0,0,0.763157894736842
2025-07-05,Machida,Shimizu S-Pulse,Machida Zelvia,Shimizu S-Pulse,3,0,1,0,0.85
2025-07-05,Kyoto,Albirex Niigata,Kyoto Sanga,Albirex Niigata,2,1,2,1,0.8333333333333333
2025-07-05,Kawasaki Frontale,Kashima Antlers,Kawasaki Frontale,Kashima Antlers,2,1,1,1,1.0
2025-07-05,Kashiwa Reysol,FC Tokyo,Kashiwa Reysol,FC Tokyo,1,0,0,0,1.0
2025-07-05,Cerezo Osaka,Gamba Osaka,Cerezo Osaka,Gamba Osaka,0,1,0,0,1.0
2025-07-02,Vissel Kobe,Sanfrecce Hiroshima,Vissel Kobe,Sanfrecce Hiroshima,1,0,0,0,1.0
2025-06-29,Verdy,Kawasaki Frontale,Tokyo Verdy 1969,Kawasaki Frontale,1,0,1,0,0.763157894736842
2025-06-29,Albirex Niigata,Machida,Albirex Niigata,Machida Zelvia,0,4,0,1,0.85
2025-06-28,Shonan Bellmare,Yokohama F. Marinos,Shonan Bellmare,Yokohama F. Marinos,1,1,1,0,1.0
2025-06-28,Shimizu S-Pulse,Kashiwa Reysol,Shimizu S-Pulse,Kashiwa Reysol,0,2,0,2,1.0
2025-06-28,Sanfrecce Hiroshima,Nagoya Grampus,Sanfrecce Hiroshima,Nagoya Grampus,1,2,0,2,1.0
2025-06-28,Kyoto,Gamba Osaka,Kyoto Sanga,Gamba Osaka,3,1,2,0,0.8333333333333333
2025-06-28,Kashima Antlers,Okayama,Kashima Antlers,Fagiano Okayama,1,2,1,0,0.8333333333333333
2025-06-28,FC Tokyo,Yokohama FC,FC Tokyo,Yokohama FC,2,1,0,1,1.0
2025-06-28,Avispa Fukuoka,Vissel Kobe,Avispa Fukuoka,Vissel Kobe,0,0,0,0,1.0
2025-06-25,Yokohama F. Marinos,FC Tokyo,Yokohama F. Marinos,FC Tokyo,0,3,0,0,1.0
2025-06-25,Kawasaki Frontale,Albirex Niigata,Kawasaki Frontale,Albirex Niigata,3,1,2,0,1.0
2025-06-22,Yokohama FC,Sanfrecce Hiroshima,Yokohama FC,Sanfrecce Hiroshima,0,4,0,3,1.0
2025-06-22,Gamba Osaka,FC Tokyo,Gamba Osaka,FC Tokyo,2,0,1,0,1.0
2025-06-21,Yokohama F. Marinos,Okayama,Yokohama F. Marinos,Fagiano Okayama,0,1,0,1,0.8333333333333333
2025-06-21,Nagoya Grampus,Shimizu S-Pulse,Nagoya Grampus,Shimizu S-Pulse,1,1,0,0,1.0
2025-06-21,Machida,Kashima Antlers,Machida Zelvia,Kashima Antlers,2,1,2,0,0.85
2025-06-21,Kawasaki Frontale,Vissel Kobe,Kawasaki Frontale,Vissel Kobe,1,2,1,1,1.0
2025-06-21,Kashiwa Reysol,Kyoto,Kashiwa Reysol,Kyoto Sanga,3,3,2,1,0.8333333333333333
2025-06-21,Cerezo Osaka,Verdy,Cerezo Osaka,Tokyo Verdy 1969,2,1,1,1,0.763157894736842
2025-06-21,Avispa Fukuoka,Albirex Niigata,Avispa Fukuoka,Albirex Niigata,3,2,3,2,1.0
2025-06-15,Vissel Kobe,Nagoya Grampus,Vissel Kobe,Nagoya Grampus,2,1,2,0,1.0
2025-06-15,Verdy,Kashiwa Reysol,Tokyo Verdy 1969,Kashiwa Reysol,0,3,0,2,0.763157894736842
2025-06-15,Shimizu S-Pulse,Gamba Osaka,Shimizu S-Pulse,Gamba Osaka,0,0,0,0,1.0
2025-06-15,Okayama,Avispa Fukuoka,Fagiano Okayama,Avispa Fukuoka,0,1,0,0,0.8333333333333333
2025-06-15,Albirex Niigata,Yokohama F. Marinos,Albirex Niigata,Yokohama F. Marinos,1,0,0,0,1.0
2025-06-14,Yokohama FC,Kawasaki Frontale,Yokohama FC,Kawasaki Frontale,0,1,0,0,1.0
2025-06-14,Shonan Bellmare,Machida,Shonan Bellmare,Machida Zelvia,1,2,0,1,0.85
2025-06-14,Kashima Antlers,Sanfrecce Hiroshima,Kashima Antlers,Sanfrecce Hiroshima,1,1,0,1,1.0
2025-06-14,FC Tokyo,Cerezo Osaka,FC Tokyo,Cerezo Osaka,2,2,1,1,1.0
2025-06-01,Urawa Reds,Yokohama FC,Urawa Red Diamonds,Yokohama FC,2,1,0,1,0.86
2025-06-01,Shonan Bellmare,Okayama,Shonan Bellmare,Fagiano Okayama,1,1,0,1,0.8333333333333333
2025-06-01,Cerezo Osaka,Shimizu S-Pulse,Cerezo Osaka,Shimizu S-Pulse,4,2,2,1,1.0
2025-05-31,Sanfrecce Hiroshima,Kawasaki Frontale,Sanfrecce Hiroshima,Kawasaki Frontale,1,2,0,0,1.0
2025-05-31,Nagoya Grampus,Albirex Niigata,Nagoya Grampus,Albirex Niigata,3,0,0,0,1.0
2025-05-31,Machida,Yokohama F. Marinos,Machida Zelvia,Yokohama F. Marinos,0,3,0,2,0.85
2025-05-31,Kyoto,FC Tokyo,Kyoto Sanga,FC Tokyo,3,0,1,0,0.8333333333333333
2025-05-31,Kashiwa Reysol,Vissel Kobe,Kashiwa Reysol,Vissel Kobe,1,3,1,2,1.0
2025-05-31,Gamba Osaka,Kashima Antlers,Gamba Osaka,Kashima Antlers,0,1,0,1,1.0
2025-05-31,Avispa Fukuoka,Verdy,Avispa Fukuoka,Tokyo Verdy 1969,0,0,0,0,0.763157894736842
2025-05-28,Urawa Reds,Cerezo Osaka,Urawa Red Diamonds,Cerezo Osaka,0,0,0,0,0.86
2025-05-25,Yokohama FC,Kashiwa Reysol,Yokohama FC,Kashiwa Reysol,1,1,1,1,1.0
2025-05-25,Yokohama F. Marinos,Kashima Antlers,Yokohama F. Marinos,Kashima Antlers,3,1,3,1,1.0
2025-05-25,Verdy,Kyoto,Tokyo Verdy 1969,Kyoto Sanga,1,0,0,0,0.5964912280701754
2025-05-25,Shimizu S-Pulse,Vissel Kobe,Shimizu S-Pulse,Vissel Kobe,3,2,2,0,1.0
2025-05-25,Okayama,Machida,Fagiano Okayama,Machida Zelvia,2,2,1,0,0.6833333333333333
2025-05-25,Kawasaki Frontale,Gamba Osaka,Kawasaki Frontale,Gamba Osaka,2,2,1,0,1.0
2025-05-25,FC Tokyo,Sanfrecce Hiroshima,FC Tokyo,Sanfrecce Hiroshima,0,3,0,0,1.0
2025-05-25,Albirex Niigata,Shonan Bellmare,Albirex Niigata,Shonan Bellmare,2,1,1,1,1.0
2025-05-24,Nagoya Grampus,Urawa Reds,Nagoya Grampus,Urawa Red Diamonds,2,1,0,0,0.86
2025-05-24,Cerezo Osaka,Avispa Fukuoka,Cerezo Osaka,Avispa Fukuoka,2,0,0,0,1.0
2025-05-21,Yokohama F. Marinos,Vissel Kobe,Yokohama F. Marinos,Vissel Kobe,1,2,1,1,1.0
2025-05-21,Kawasaki Frontale,Urawa Reds,Kawasaki Frontale,Urawa Red Diamonds,2,2,1,1,0.86
2025-05-18,Okayama,Albirex Niigata,Fagiano Okayama,Albirex Niigata,2,1,1,1,0.8333333333333333
2025-05-18,Kawasaki Frontale,Cerezo Osaka,Kawasaki Frontale,Cerezo Osaka,2,0,0,0,1.0
2025-05-17,Yokohama F. Marinos,Kyoto,Yokohama F. Marinos,Kyoto Sanga,0,3,0,1,0.8333333333333333
2025-05-17,Vissel Kobe,Gamba Osaka,Vissel Kobe,Gamba Osaka,3,2,0,0,1.0
2025-05-17,Urawa Reds,FC Tokyo,Urawa Red Diamonds,FC Tokyo,3,2,1,1,0.86
2025-05-17,Shonan Bellmare,Yokohama FC,Shonan Bellmare,Yokohama FC,0,1,0,1,1.0
2025-05-17,Sanfrecce Hiroshima,Verdy,Sanfrecce Hiroshima,Tokyo Verdy 1969,2,1,0,0,0.763157894736842
2025-05-17,Machida,Kashiwa Reysol,Machida Zelvia,Kashiwa Reysol,3,0,3,0,0.85
2025-05-17,Kashima Antlers,Shimizu S-Pulse,Kashima Antlers,Shimizu S-Pulse,1,0,1,0,1.0
2025-05-17,Avispa Fukuoka,Nagoya Grampus,Avispa Fukuoka,Nagoya Grampus,1,1,0,0,1.0
2025-05-14,Yokohama F. Marinos,Kashiwa Reysol,Yokohama F. Marinos,Kashiwa Reysol,0,2,0,0,1.0
2025-05-14,Kawasaki Frontale,Yokohama FC,Kawasaki Frontale,Yokohama FC,2,1,1,1,1.0
2025-05-11,Verdy,Shonan Bellmare,Tokyo Verdy 1969,Shonan Bellmare,0,2,0,0,0.763157894736842
2025-05-11,Shimizu S-Pulse,Machida,Shimizu S-Pulse,Machida Zelvia,2,2,0,1,0.85
2025-05-11,Kyoto,Nagoya Grampus,Kyoto Sanga,Nagoya Grampus,1,1,0,0,0.8333333333333333
2025-05-11,Kashima Antlers,Kawasaki Frontale,Kashima Antlers,Kawasaki Frontale,2,1,1,1,1.0
2025-05-11,Gamba Osaka,Sanfrecce Hiroshima,Gamba Osaka,Sanfrecce Hiroshima,0,1,0,1,1.0
2025-05-11,Cerezo Osaka,Yokohama F. Marinos,Cerezo Osaka,Yokohama F. Marinos,1,0,1,0,1.0
2025-05-11,Albirex Niigata,Urawa Reds,Albirex Niigata,Urawa Red Diamonds,1,1,0,0,0.86
2025-05-10,Yokohama FC,Avispa Fukuoka,Yokohama FC,Avispa Fukuoka,1,0,0,0,1.0
2025-05-10,Kashiwa Reysol,Okayama,Kashiwa Reysol,Fagiano Okayama,2,0,0,0,0.8333333333333333
2025-05-10,FC Tokyo,Vissel Kobe,FC Tokyo,Vissel Kobe,1,0,0,0,1.0
2025-05-07,Shonan Bellmare,Sanfrecce Hiroshima,Shonan Bellmare,Sanfrecce Hiroshima,0,1,0,1,1.0
2025-05-07,Machida,Kyoto,Machida Zelvia,Kyoto Sanga,1,2,1,0,0.6833333333333333
2025-05-06,Vissel Kobe,Cerezo Osaka,Vissel Kobe,Cerezo Osaka,1,3,1,1,1.0
2025-05-06,Verdy,Yokohama FC,Tokyo Verdy 1969,Yokohama FC,2,0,1,0,0.763157894736842
2025-05-06,Urawa Reds,Gamba Osaka,Urawa Red Diamonds,Gamba Osaka,0,1,0,0,0.86
2025-05-06,Nagoya Grampus,Okayama,Nagoya Grampus,Fagiano Okayama,0,0,0,0,0.8333333333333333
2025-05-06,Kashiwa Reysol,Shimizu S-Pulse,Kashiwa Reysol,Shimizu S-Pulse,1,0,0,0,1.0
2025-05-06,Avispa Fukuoka,Kashima Antlers,Avispa Fukuoka,Kashima Antlers,0,1,0,1,1.0
2025-05-03,Vissel Kobe,Okayama,Vissel Kobe,Fagiano Okayama,2,0,0,0,0.8333333333333333
2025-05-03,Urawa Reds,Verdy,Urawa Red Diamonds,Tokyo Verdy 1969,2,0,2,0,0.6231578947368421
2025-05-03,Shimizu S-Pulse,Nagoya Grampus,Shimizu S-Pulse,Nagoya Grampus,0,3,0,1,1.0
2025-05-03,Sanfrecce Hiroshima,Avispa Fukuoka,Sanfrecce Hiroshima,Avispa Fukuoka,2,1,0,0,1.0
2025-05-03,Kyoto,Cerezo Osaka,Kyoto Sanga,Cerezo Osaka,2,3,2,2,0.8333333333333333
2025-05-03,Kashima Antlers,Machida,Kashima Antlers,Machida Zelvia,1,0,1,0,0.85
2025-05-03,Gamba Osaka,Shonan Bellmare,Gamba Osaka,Shonan Bellmare,4,0,4,0,1.0
2025-05-03,Albirex Niigata,FC Tokyo,Albirex Niigata,FC Tokyo,2,3,0,1,1.0
2025-04-29,Yokohama FC,Kashima Antlers,Yokohama FC,Kashima Antlers,0,3,0,0,1.0
2025-04-29,Shonan Bellmare,Avispa Fukuoka,Shonan Bellmare,Avispa Fukuoka,0,0,0,0,1.0
2025-04-29,Sanfrecce Hiroshima,Albirex Niigata,Sanfrecce Hiroshima,Albirex Niigata,0,1,0,0,1.0
2025-04-29,Okayama,Verdy,Fagiano Okayama,Tokyo Verdy 1969,0,1,0,0,0.5964912280701754
2025-04-29,Nagoya Grampus,Kashiwa Reysol,Nagoya Grampus,Kashiwa Reysol,1,2,1,1,1.0
2025-04-29,Gamba Osaka,Kyoto,Gamba Osaka,Kyoto Sanga,2,1,2,1,0.8333333333333333
2025-04-29,FC Tokyo,Shimizu S-Pulse,FC Tokyo,Shimizu S-Pulse,0,2,0,1,1.0
2025-04-29,Cerezo Osaka,Machida,Cerezo Osaka,Machida Zelvia,1,2,0,0,0.85
2025-04-26,Kashiwa Reysol,Albirex Niigata,Kashiwa Reysol,Albirex Niigata,1,1,1,1,1.0
2025-04-25,Verdy,Cerezo Osaka,Tokyo Verdy 1969,Cerezo Osaka,1,0,1,0,0.763157894736842
2025-04-25,Urawa Reds,Sanfrecce Hiroshima,Urawa Red Diamonds,Sanfrecce Hiroshima,1,0,0,0,0.86
2025-04-25,Machida,Shonan Bellmare,Machida Zelvia,Shonan Bellmare,0,1,0,0,0.85
2025-04-25,Kyoto,Yokohama FC,Kyoto Sanga,Yokohama FC,2,1,1,0,0.8333333333333333
2025-04-25,Kashima Antlers,Nagoya Grampus,Kashima Antlers,Nagoya Grampus,1,0,0,0,1.0
2025-04-25,FC Tokyo,Gamba Osaka,FC Tokyo,Gamba Osaka,3,0,0,0,1.0
2025-04-25,Avispa Fukuoka,Okayama,Avispa Fukuoka,Fagiano Okayama,1,1,1,0,0.8333333333333333
2025-04-20,Yokohama FC,Gamba Osaka,Yokohama FC,Gamba Osaka,1,1,1,1,1.0
2025-04-20,Vissel Kobe,Machida,Vissel Kobe,Machida Zelvia,1,0,0,0,0.85
2025-04-20,Urawa Reds,Yokohama F. Marinos,Urawa Red Diamonds,Yokohama F. Marinos,3,1,1,0,0.86
2025-04-20,Shonan Bellmare,Kashiwa Reysol,Shonan Bellmare,Kashiwa Reysol,0,1,0,0,1.0
2025-04-20,Shimizu S-Pulse,Avispa Fukuoka,Shimizu S-Pulse,Avispa Fukuoka,3,1,3,1,1.0
2025-04-20,Okayama,Kashima Antlers,Fagiano Okayama,Kashima Antlers,1,2,1,0,0.8333333333333333
2025-04-20,Nagoya Grampus,Sanfrecce Hiroshima,Nagoya Grampus,Sanfrecce Hiroshima,2,1,1,0,1.0
2025-04-20,Kawasaki Frontale,Verdy,Kawasaki Frontale,Tokyo Verdy 1969,0,0,0,0,0.763157894736842
2025-04-20,Cerezo Osaka,FC Tokyo,Cerezo Osaka,FC Tokyo,1,1,1,1,1.0
2025-04-19,Albirex Niigata,Kyoto,Albirex Niigata,Kyoto Sanga,1,2,1,0,0.8333333333333333
2025-04-16,Yokohama F. Marinos,Shimizu S-Pulse,Yokohama F. Marinos,Shimizu S-Pulse,2,3,1,0,1.0
2025-04-16,Vissel Kobe,Kawasaki Frontale,Vissel Kobe,Kawasaki Frontale,2,1,2,1,1.0
2025-04-16,Urawa Reds,Kyoto,Urawa Red Diamonds,Kyoto Sanga,2,1,1,0,0.6933333333333334
2025-04-13,Machida,Urawa Reds,Machida Zelvia,Urawa Red Diamonds,0,2,0,2,0.71
2025-04-13,Albirex Niigata,Yokohama FC,Albirex Niigata,Yokohama FC,0,0,0,0,1.0
2025-04-12,Verdy,Vissel Kobe,Tokyo Verdy 1969,Vissel Kobe,0,1,0,0,0.763157894736842
2025-04-12,Shimizu S-Pulse,Kawasaki Frontale,Shimizu S-Pulse,Kawasaki Frontale,1,1,0,0,1.0
2025-04-12,Sanfrecce Hiroshima,Okayama,Sanfrecce Hiroshima,Fagiano Okayama,0,1,0,0,0.8333333333333333
2025-04-12,Kyoto,Shonan Bellmare,Kyoto Sanga,Shonan Bellmare,2,0,1,0,0.8333333333333333
2025-04-12,Gamba Osaka,Nagoya Grampus,Gamba Osaka,Nagoya Grampus,2,0,0,0,1.0
2025-04-12,Cerezo Osaka,Kashima Antlers,Cerezo Osaka,Kashima Antlers,1,0,0,0,1.0
2025-04-12,Avispa Fukuoka,Yokohama F. Marinos,Avispa Fukuoka,Yokohama F. Marinos,2,1,1,1,1.0
2025-04-11,FC Tokyo,Kashiwa Reysol,FC Tokyo,Kashiwa Reysol,1,1,1,0,1.0
2025-04-09,Kawasaki Frontale,Yokohama F. Marinos,Kawasaki Frontale,Yokohama F. Marinos,3,3,1,1,1.0
2025-04-06,Yokohama FC,Shimizu S-Pulse,Yokohama FC,Shimizu S-Pulse,2,0,0,0,1.0
2025-04-06,Vissel Kobe,Albirex Niigata,Vissel Kobe,Albirex Niigata,0,1,0,1,1.0
2025-04-06,Shonan Bellmare,Nagoya Grampus,Shonan Bellmare,Nagoya Grampus,2,1,2,1,1.0
2025-04-06,Sanfrecce Hiroshima,Cerezo Osaka,Sanfrecce Hiroshima,Cerezo Osaka,2,1,1,1,1.0
2025-04-06,Okayama,FC Tokyo,Fagiano Okayama,FC Tokyo,1,0,0,0,0.8333333333333333
2025-04-06,Machida,Kawasaki Frontale,Machida Zelvia,Kawasaki Frontale,2,2,1,1,0.85
2025-04-06,Kashiwa Reysol,Gamba Osaka,Kashiwa Reysol,Gamba Osaka,1,0,0,0,1.0
2025-04-06,Kashima Antlers,Kyoto,Kashima Antlers,Kyoto Sanga,3,4,2,0,0.8333333333333333
2025-04-06,Avispa Fukuoka,Urawa Reds,Avispa Fukuoka,Urawa Red Diamonds,1,0,0,0,0.86
2025-04-05,Yokohama F. Marinos,Verdy,Yokohama F. Marinos,Tokyo Verdy 1969,0,0,0,0,0.763157894736842
2025-04-02,Yokohama FC,Vissel Kobe,Yokohama FC,Vissel Kobe,0,1,0,0,1.0
2025-04-02,Verdy,FC Tokyo,Tokyo Verdy 1969,FC Tokyo,2,2,1,1,0.763157894736842
2025-04-02,Urawa Reds,Shimizu S-Pulse,Urawa Red Diamonds,Shimizu S-Pulse,2,1,1,0,0.86
2025-04-02,Sanfrecce Hiroshima,Kashima Antlers,Sanfrecce Hiroshima,Kashima Antlers,1,0,1,0,1.0
2025-04-02,Nagoya Grampus,Yokohama F. Marinos,Nagoya Grampus,Yokohama F. Marinos,2,0,0,0,1.0
2025-04-02,Kyoto,Kashiwa Reysol,Kyoto Sanga,Kashiwa Reysol,1,1,0,1,0.8333333333333333
2025-04-02,Kawasaki Frontale,Shonan Bellmare,Kawasaki Frontale,Shonan Bellmare,2,0,0,0,1.0
2025-04-02,Gamba Osaka,Machida,Gamba Osaka,Machida Zelvia,0,1,0,1,0.85
2025-04-02,Cerezo Osaka,Okayama,Cerezo Osaka,Fagiano Okayama,2,1,2,1,0.8333333333333333
2025-04-02,Albirex Niigata,Avispa Fukuoka,Albirex Niigata,Avispa Fukuoka,0,1,0,0,1.0
2025-03-29,Shimizu S-Pulse,Shonan Bellmare,Shimizu S-Pulse,Shonan Bellmare,3,0,2,0,1.0
2025-03-29,Okayama,Yokohama F. Marinos,Fagiano Okayama,Yokohama F. Marinos,1,0,0,0,0.8333333333333333
2025-03-29,Nagoya Grampus,Yokohama FC,Nagoya Grampus,Yokohama FC,2,1,1,0,1.0
2025-03-29,Kyoto,Sanfrecce Hiroshima,Kyoto Sanga,Sanfrecce Hiroshima,1,0,0,0,0.8333333333333333
2025-03-29,Kashiwa Reysol,Verdy,Kashiwa Reysol,Tokyo Verdy 1969,0,0,0,0,0.763157894736842
2025-03-29,Kashima Antlers,Vissel Kobe,Kashima Antlers,Vissel Kobe,1,0,1,0,1.0
2025-03-29,FC Tokyo,Kawasaki Frontale,FC Tokyo,Kawasaki Frontale,0,3,0,0,1.0
2025-03-29,Avispa Fukuoka,Machida,Avispa Fukuoka,Machida Zelvia,2,2,1,1,0.85
2025-03-29,Albirex Niigata,Gamba Osaka,Albirex Niigata,Gamba Osaka,3,3,1,1,1.0
2025-03-28,Cerezo Osaka,Urawa Reds,Cerezo Osaka,Urawa Red Diamonds,1,1,1,0,0.86
2025-03-16,Yokohama F. Marinos,Gamba Osaka,Yokohama F. Marinos,Gamba Osaka,2,0,1,0,1.0
2025-03-16,Shonan Bellmare,Vissel Kobe,Shonan Bellmare,Vissel Kobe,1,2,0,2,1.0
2025-03-16,Shimizu S-Pulse,Kyoto,Shimizu S-Pulse,Kyoto Sanga,1,2,0,1,0.8333333333333333
2025-03-16,Sanfrecce Hiroshima,Kashiwa Reysol,Sanfrecce Hiroshima,Kashiwa Reysol,1,1,0,0,1.0
2025-03-16,Okayama,Kawasaki Frontale,Fagiano Okayama,Kawasaki Frontale,0,0,0,0,0.8333333333333333
2025-03-16,Kashima Antlers,Urawa Reds,Kashima Antlers,Urawa Red Diamonds,1,1,0,1,0.86
2025-03-15,Yokohama FC,Cerezo Osaka,Yokohama FC,Cerezo Osaka,2,0,1,0,1.0
2025-03-15,Verdy,Nagoya Grampus,Tokyo Verdy 1969,Nagoya Grampus,2,1,0,1,0.763157894736842
2025-03-15,Machida,Albirex Niigata,Machida Zelvia,Albirex Niigata,1,0,1,0,0.85
2025-03-15,Avispa Fukuoka,FC Tokyo,Avispa Fukuoka,FC Tokyo,1,0,0,0,1.0
2025-03-09,Kyoto,Avispa Fukuoka,Kyoto Sanga,Avispa Fukuoka,0,1,0,0,0.8333333333333333
2025-03-08,Yokohama FC,Machida,Yokohama FC,Machida Zelvia,0,2,0,0,0.85
2025-03-08,Urawa Reds,Okayama,Urawa Red Diamonds,Fagiano Okayama,1,0,0,0,0.6933333333333334
2025-03-08,Kashiwa Reysol,Kashima Antlers,Kashiwa Reysol,Kashima Antlers,1,3,0,1,1.0
2025-03-08,Gamba Osaka,Shimizu S-Pulse,Gamba Osaka,Shimizu S-Pulse,1,0,1,0,1.0
2025-03-08,FC Tokyo,Shonan Bellmare,FC Tokyo,Shonan Bellmare,0,0,0,0,1.0
2025-03-08,Cerezo Osaka,Nagoya Grampus,Cerezo Osaka,Nagoya Grampus,1,1,1,0,1.0
2025-03-08,Albirex Niigata,Verdy,Albirex Niigata,Tokyo Verdy 1969,2,2,1,1,0.763157894736842
2025-03-02,Verdy,Gamba Osaka,Tokyo Verdy 1969,Gamba Osaka,0,1,0,0,0.763157894736842
2025-03-02,Urawa Reds,Kashiwa Reysol,Urawa Red Diamonds,Kashiwa Reysol,0,2,0,2,0.86
2025-03-02,Sanfrecce Hiroshima,Yokohama FC,Sanfrecce Hiroshima,Yokohama FC,1,0,0,0,1.0
2025-03-02,Okayama,Shimizu S-Pulse,Fagiano Okayama,Shimizu S-Pulse,1,1,0,0,0.8333333333333333
2025-03-02,Nagoya Grampus,Machida,Nagoya Grampus,Machida Zelvia,1,2,1,1,0.85
2025-03-02,Albirex Niigata,Cerezo Osaka,Albirex Niigata,Cerezo Osaka,2,2,1,1,1.0
2025-03-01,Yokohama F. Marinos,Shonan Bellmare,Yokohama F. Marinos,Shonan Bellmare,1,1,1,0,1.0
2025-03-01,Vissel Kobe,Avispa Fukuoka,Vissel Kobe,Avispa Fukuoka,0,1,0,1,1.0
2025-03-01,Kawasaki Frontale,Kyoto,Kawasaki Frontale,Kyoto Sanga,0,1,0,0,0.8333333333333333
2025-03-01,Kashima Antlers,FC Tokyo,Kashima Antlers,FC Tokyo,2,0,0,0,1.0
2025-02-26,Yokohama F. Marinos,Yokohama FC,Yokohama F. Marinos,Yokohama FC,0,0,0,0,1.0
2025-02-26,Vissel Kobe,Kyoto,Vissel Kobe,Kyoto Sanga,1,1,0,1,0.8333333333333333
2025-02-26,Shonan Bellmare,Urawa Reds,Shonan Bellmare,Urawa Red Diamonds,2,1,1,0,0.86
2025-02-26,Shimizu S-Pulse,Sanfrecce Hiroshima,Shimizu S-Pulse,Sanfrecce Hiroshima,1,1,1,0,1.0
2025-02-26,Okayama,Gamba Osaka,Fagiano Okayama,Gamba Osaka,2,0,1,0,0.8333333333333333
2025-02-26,Machida,Verdy,Machida Zelvia,Tokyo Verdy 1969,0,1,0,1,0.6131578947368421
2025-02-26,Kashiwa Reysol,Cerezo Osaka,Kashiwa Reysol,Cerezo Osaka,2,1,0,1,1.0
2025-02-26,Kashima Antlers,Albirex Niigata,Kashima Antlers,Albirex Niigata,2,1,1,1,1.0
2025-02-26,FC Tokyo,Nagoya Grampus,FC Tokyo,Nagoya Grampus,3,1,1,0,1.0
2025-02-26,Avispa Fukuoka,Kawasaki Frontale,Avispa Fukuoka,Kawasaki Frontale,1,2,1,1,1.0
2025-02-23,Sanfrecce Hiroshima,Yokohama F. Marinos,Sanfrecce Hiroshima,Yokohama F. Marinos,1,0,0,0,1.0
2025-02-22,Yokohama FC,Okayama,Yokohama FC,Fagiano Okayama,1,0,0,0,0.8333333333333333
2025-02-22,Shimizu S-Pulse,Albirex Niigata,Shimizu S-Pulse,Albirex Niigata,2,0,1,0,1.0
2025-02-22,Nagoya Grampus,Vissel Kobe,Nagoya Grampus,Vissel Kobe,2,2,0,0,1.0
2025-02-22,Kyoto,Urawa Reds,Kyoto Sanga,Urawa Red Diamonds,1,1,0,0,0.6933333333333334
2025-02-22,Kashiwa Reysol,Kawasaki Frontale,Kashiwa Reysol,Kawasaki Frontale,1,1,0,0,1.0
2025-02-22,Kashima Antlers,Verdy,Kashima Antlers,Tokyo Verdy 1969,4,0,3,0,0.763157894736842
2025-02-22,Gamba Osaka,Avispa Fukuoka,Gamba Osaka,Avispa Fukuoka,2,1,1,0,1.0
2025-02-22,FC Tokyo,Machida,FC Tokyo,Machida Zelvia,0,1,0,0,0.85
2025-02-22,Cerezo Osaka,Shonan Bellmare,Cerezo Osaka,Shonan Bellmare,1,2,0,1,1.0
2025-02-16,Verdy,Shimizu S-Pulse,Tokyo Verdy 1969,Shimizu S-Pulse,0,1,0,1,0.763157894736842
2025-02-16,Machida,Sanfrecce Hiroshima,Machida Zelvia,Sanfrecce Hiroshima,1,2,1,0,0.85
2025-02-15,Yokohama FC,FC Tokyo,Yokohama FC,FC Tokyo,0,1,0,0,1.0
2025-02-15,Yokohama F. Marinos,Albirex Niigata,Yokohama F. Marinos,Albirex Niigata,1,1,0,1,1.0
2025-02-15,Vissel Kobe,Urawa Reds,Vissel Kobe,Urawa Red Diamonds,0,0,0,0,0.86
2025-02-15,Shonan Bellmare,Kashima Antlers,Shonan Bellmare,Kashima Antlers,1,0,0,0,1.0
2025-02-15,Okayama,Kyoto,Fagiano Okayama,Kyoto Sanga,2,0,2,0,0.6666666666666666
2025-02-15,Kawasaki Frontale,Nagoya Grampus,Kawasaki Frontale,Nagoya Grampus,4,0,0,0,1.0
2025-02-15,Avispa Fukuoka,Kashiwa Reysol,Avispa Fukuoka,Kashiwa Reysol,0,1,0,0,1.0
2025-02-14,Gamba Osaka,Cerezo Osaka,Gamba Osaka,Cerezo Osaka,2,5,1,1,1.0
2024-12-08,Yokohama F. Marinos,Nagoya Grampus,Yokohama F. Marinos,Nagoya Grampus,0,2,0,1,1.0
2024-12-08,Vissel Kobe,Shonan Bellmare,Vissel Kobe,Shonan Bellmare,3,0,2,0,1.0
2024-12-08,Urawa Reds,Albirex Niigata,Urawa Red Diamonds,Albirex Niigata,0,0,0,0,0.86
2024-12-08,Sagan Tosu,Iwata,Sagan Tosu,Jubilo Iwata,3,0,2,0,0.8125
2024-12-08,Kyoto,Verdy,Kyoto Sanga,Tokyo Verdy 1969,0,0,0,0,0.5964912280701754
2024-12-08,Kawasaki Frontale,Avispa Fukuoka,Kawasaki Frontale,Avispa Fukuoka,3,1,2,0,1.0
2024-12-08,Kashima Antlers,Machida,Kashima Antlers,Machida Zelvia,3,1,3,1,0.85
2024-12-08,Hokkaido Consadole Sapporo,Kashiwa Reysol,Consadole Sapporo,Kashiwa Reysol,1,0,1,0,0.9
2024-12-08,Gamba Osaka,Sanfrecce Hiroshima,Gamba Osaka,Sanfrecce Hiroshima,3,1,1,0,1.0
2024-12-08,FC Tokyo,Cerezo Osaka,FC Tokyo,Cerezo Osaka,3,0,2,0,1.0
2024-12-01,Sanfrecce Hiroshima,Hokkaido Consadole Sapporo,Sanfrecce Hiroshima,Consadole Sapporo,5,1,2,1,0.9
2024-11-30,Verdy,Kawasaki Frontale,Tokyo Verdy 1969,Kawasaki Frontale,4,5,1,2,0.763157894736842
2024-11-30,Shonan Bellmare,Yokohama F. Marinos,Shonan Bellmare,Yokohama F. Marinos,2,3,1,0,1.0
2024-11-30,Nagoya Grampus,Sagan Tosu,Nagoya Grampus,Sagan Tosu,0,3,0,2,1.0
2024-11-30,Machida,Kyoto,Machida Zelvia,Kyoto Sanga,1,0,0,0,0.6833333333333333
2024-11-30,Kashiwa Reysol,Vissel Kobe,Kashiwa Reysol,Vissel Kobe,1,1,1,0,1.0
2024-11-30,Iwata,FC Tokyo,Jubilo Iwata,FC Tokyo,2,1,0,0,0.8125
2024-11-30,Cerezo Osaka,Kashima Antlers,Cerezo Osaka,Kashima Antlers,0,2,0,2,1.0
2024-11-30,Avispa Fukuoka,Urawa Reds,Avispa Fukuoka,Urawa Red Diamonds,1,0,1,0,0.86
2024-11-30,Albirex Niigata,Gamba Osaka,Albirex Niigata,Gamba Osaka,0,1,0,1,1.0
2024-11-22,Urawa Reds,Kawasaki Frontale,Urawa Red Diamonds,Kawasaki Frontale,1,1,1,0,0.86
2024-11-17,Kyoto,Kashima Antlers,Kyoto Sanga,Kashima Antlers,0,0,0,0,0.8333333333333333
2024-11-16,Iwata,Yokohama F. Marinos,Jubilo Iwata,Yokohama F. Marinos,3,4,1,1,0.8125
2024-11-10,Verdy,Vissel Kobe,Tokyo Verdy 1969,Vissel Kobe,1,1,0,1,0.763157894736842
2024-11-10,Urawa Reds,Sanfrecce Hiroshima,Urawa Red Diamonds,Sanfrecce Hiroshima,3,0,1,0,0.86
2024-11-09,Shonan Bellmare,Hokkaido Consadole Sapporo,Shonan Bellmare,Consadole Sapporo,1,1,0,0,0.9
2024-11-09,Sagan Tosu,Yokohama F. Marinos,Sagan Tosu,Yokohama F. Marinos,1,2,1,1,1.0
2024-11-09,Machida,FC Tokyo,Machida Zelvia,FC Tokyo,3,0,1,0,0.85
2024-11-09,Kyoto,Kawasaki Frontale,Kyoto Sanga,Kawasaki Frontale,1,1,0,0,0.8333333333333333
2024-11-09,Kashiwa Reysol,Albirex Niigata,Kashiwa Reysol,Albirex Niigata,1,1,0,0,1.0
2024-11-09,Kashima Antlers,Nagoya Grampus,Kashima Antlers,Nagoya Grampus,0,0,0,0,1.0
2024-11-09,Cerezo Osaka,Avispa Fukuoka,Cerezo Osaka,Avispa Fukuoka,1,0,0,0,1.0
2024-11-03,Sanfrecce Hiroshima,Kyoto,Sanfrecce Hiroshima,Kyoto Sanga,0,1,0,0,0.8333333333333333
2024-11-03,Sagan Tosu,Machida,Sagan Tosu,Machida Zelvia,2,1,1,0,0.85
2024-11-03,Hokkaido Consadole Sapporo,Cerezo Osaka,Consadole Sapporo,Cerezo Osaka,1,1,1,0,0.9
2024-11-03,FC Tokyo,Shonan Bellmare,FC Tokyo,Shonan Bellmare,0,2,0,1,1.0
2024-11-03,Avispa Fukuoka,Kashiwa Reysol,Avispa Fukuoka,Kashiwa Reysol,2,1,1,0,1.0
2024-11-01,Vissel Kobe,Iwata,Vissel Kobe,Jubilo Iwata,2,0,0,0,0.8125
2024-11-01,Kawasaki Frontale,Kashima Antlers,Kawasaki Frontale,Kashima Antlers,1,3,0,3,1.0
2024-10-30,Yokohama F. Marinos,Urawa Reds,Yokohama F. Marinos,Urawa Red Diamonds,0,0,0,0,0.86
2024-10-23,Urawa Reds,Kashiwa Reysol,Urawa Red Diamonds,Kashiwa Reysol,1,0,0,0,0.86
2024-10-23,Gamba Osaka,Nagoya Grampus,Gamba Osaka,Nagoya Grampus,3,2,2,1,1.0
2024-10-23,Albirex Niigata,Verdy,Albirex Niigata,Tokyo Verdy 1969,0,2,0,0,0.763157894736842
2024-10-19,Verdy,Urawa Reds,Tokyo Verdy 1969,Urawa Red Diamonds,2,1,0,1,0.6231578947368421
2024-10-19,Shonan Bellmare,Sanfrecce Hiroshima,Shonan Bellmare,Sanfrecce Hiroshima,2,1,0,1,1.0
2024-10-19,Nagoya Grampus,Hokkaido Consadole Sapporo,Nagoya Grampus,Consadole Sapporo,0,2,0,1,0.9
2024-10-19,Kyoto,Sagan Tosu,Kyoto Sanga,Sagan Tosu,2,0,0,0,0.8333333333333333
2024-10-19,Kashiwa Reysol,Machida,Kashiwa Reysol,Machida Zelvia,1,1,0,0,0.85
2024-10-19,Kashima Antlers,Avispa Fukuoka,Kashima Antlers,Avispa Fukuoka,0,0,0,0,1.0
2024-10-19,Cerezo Osaka,Iwata,Cerezo Osaka,Jubilo Iwata,1,2,0,1,0.8125
2024-10-18,Yokohama F. Marinos,Albirex Niigata,Yokohama F. Marinos,Albirex Niigata,0,0,0,0,1.0
2024-10-18,Vissel Kobe,FC Tokyo,Vissel Kobe,FC Tokyo,0,2,0,1,1.0
2024-10-18,Kawasaki Frontale,Gamba Osaka,Kawasaki Frontale,Gamba Osaka,1,1,0,1,1.0
2024-10-06,Verdy,Shonan Bellmare,Tokyo Verdy 1969,Shonan Bellmare,0,2,0,1,0.763157894736842
2024-10-06,Kyoto,Vissel Kobe,Kyoto Sanga,Vissel Kobe,2,3,0,2,0.8333333333333333
2024-10-06,Iwata,Sanfrecce Hiroshima,Jubilo Iwata,Sanfrecce Hiroshima,1,2,0,1,0.8125
2024-10-05,Urawa Reds,Cerezo Osaka,Urawa Red Diamonds,Cerezo Osaka,0,1,0,1,0.86
2024-10-05,Machida,Kawasaki Frontale,Machida Zelvia,Kawasaki Frontale,1,4,1,2,0.85
2024-10-05,Kashiwa Reysol,Yokohama F. Marinos,Kashiwa Reysol,Yokohama F. Marinos,1,0,1,0,1.0
2024-10-05,Gamba Osaka,Hokkaido Consadole Sapporo,Gamba Osaka,Consadole Sapporo,2,1,0,1,0.9
2024-10-05,FC Tokyo,Sagan Tosu,FC Tokyo,Sagan Tosu,1,1,0,0,1.0
2024-10-05,Albirex Niigata,Kashima Antlers,Albirex Niigata,Kashima Antlers,0,4,0,3,1.0
2024-10-04,Avispa Fukuoka,Nagoya Grampus,Avispa Fukuoka,Nagoya Grampus,1,0,0,0,1.0
2024-10-02,Cerezo Osaka,Gamba Osaka,Cerezo Osaka,Gamba Osaka,1,0,1,0,1.0
2024-09-28,Yokohama F. Marinos,FC Tokyo,Yokohama F. Marinos,FC Tokyo,1,3,1,1,1.0
2024-09-28,Vissel Kobe,Urawa Reds,Vissel Kobe,Urawa Red Diamonds,1,0,1,0,0.86
2024-09-28,Shonan Bellmare,Kashima Antlers,Shonan Bellmare,Kashima Antlers,3,2,1,2,1.0
2024-09-28,Sanfrecce Hiroshima,Machida,Sanfrecce Hiroshima,Machida Zelvia,2,0,2,0,0.85
2024-09-28,Sagan Tosu,Avispa Fukuoka,Sagan Tosu,Avispa Fukuoka,0,0,0,0,1.0
2024-09-28,Nagoya Grampus,Iwata,Nagoya Grampus,Jubilo Iwata,2,0,0,0,0.8125
2024-09-28,Hokkaido Consadole Sapporo,Kyoto,Consadole Sapporo,Kyoto Sanga,2,0,1,0,0.7333333333333334
2024-09-28,Gamba Osaka,Verdy,Gamba Osaka,Tokyo Verdy 1969,1,1,0,0,0.763157894736842
2024-09-28,Cerezo Osaka,Kashiwa Reysol,Cerezo Osaka,Kashiwa Reysol,0,0,0,0,1.0
2024-09-27,Kawasaki Frontale,Albirex Niigata,Kawasaki Frontale,Albirex Niigata,5,1,2,0,1.0
2024-09-22,Verdy,Sagan Tosu,Tokyo Verdy 1969,Sagan Tosu,2,0,1,0,0.763157894736842
2024-09-22,Shonan Bellmare,Cerezo Osaka,Shonan Bellmare,Cerezo Osaka,1,2,1,2,1.0
2024-09-22,Sanfrecce Hiroshima,Yokohama F. Marinos,Sanfrecce Hiroshima,Yokohama F. Marinos,6,2,3,2,1.0
2024-09-22,Nagoya Grampus,Kawasaki Frontale,Nagoya Grampus,Kawasaki Frontale,2,0,1,0,1.0
2024-09-22,Kyoto,Gamba Osaka,Kyoto Sanga,Gamba Osaka,2,2,1,1,0.8333333333333333
2024-09-22,Albirex Niigata,Vissel Kobe,Albirex Niigata,Vissel Kobe,2,3,2,1,1.0
2024-09-21,Urawa Reds,FC Tokyo,Urawa Red Diamonds,FC Tokyo,0,2,0,2,0.86
2024-09-21,Machida,Hokkaido Consadole Sapporo,Machida Zelvia,Consadole Sapporo,0,0,0,0,0.75
2024-09-21,Kashima Antlers,Kashiwa Reysol,Kashima Antlers,Kashiwa Reysol,0,0,0,0,1.0
2024-09-21,Iwata,Avispa Fukuoka,Jubilo Iwata,Avispa Fukuoka,0,0,0,0,0.8125
2024-09-18,Nagoya Grampus,Albirex Niigata,Nagoya Grampus,Albirex Niigata,3,0,2,0,1.0
2024-09-14,Kashiwa Reysol,Iwata,Kashiwa Reysol,Jubilo Iwata,0,2,0,2,0.8125
2024-09-14,Kashima Antlers,Sanfrecce Hiroshima,Kashima Antlers,Sanfrecce Hiroshima,2,2,1,2,1.0
2024-09-14,Hokkaido Consadole Sapporo,Verdy,Consadole Sapporo,Tokyo Verdy 1969,0,2,0,0,0.6631578947368422
2024-09-14,Gamba Osaka,Urawa Reds,Gamba Osaka,Urawa Red Diamonds,0,1,0,0,0.86
2024-09-14,FC Tokyo,Nagoya Grampus,FC Tokyo,Nagoya Grampus,4,1,2,0,1.0
2024-09-14,Avispa Fukuoka,Machida,Avispa Fukuoka,Machida Zelvia,0,3,0,0,0.85
2024-09-14,Albirex Niigata,Shonan Bellmare,Albirex Niigata,Shonan Bellmare,3,1,2,0,1.0
2024-09-13,Yokohama F. Marinos,Kyoto,Yokohama F. Marinos,Kyoto Sanga,1,2,1,1,0.8333333333333333
2024-09-13,Vissel Kobe,Cerezo Osaka,Vissel Kobe,Cerezo Osaka,2,1,2,0,1.0
2024-09-13,Kawasaki Frontale,Sagan Tosu,Kawasaki Frontale,Sagan Tosu,3,2,1,0,1.0
2024-09-01,Hokkaido Consadole Sapporo,Kawasaki Frontale,Consadole Sapporo,Kawasaki Frontale,2,0,0,0,0.9
2024-09-01,Avispa Fukuoka,Vissel Kobe,Avispa Fukuoka,Vissel Kobe,0,2,0,1,1.0
2024-08-31,Sanfrecce Hiroshima,FC Tokyo,Sanfrecce Hiroshima,FC Tokyo,3,2,2,0,1.0
2024-08-31,Sagan Tosu,Shonan Bellmare,Sagan Tosu,Shonan Bellmare,1,2,0,1,1.0
2024-08-31,Machida,Urawa Reds,Machida Zelvia,Urawa Red Diamonds,2,2,0,1,0.71
2024-08-31,Kashiwa Reysol,Verdy,Kashiwa Reysol,Tokyo Verdy 1969,2,3,2,2,0.763157894736842
2024-08-25,Vissel Kobe,Sagan Tosu,Vissel Kobe,Sagan Tosu,2,0,1,0,1.0
2024-08-25,Verdy,Kashima Antlers,Tokyo Verdy 1969,Kashima Antlers,2,1,0,0,0.763157894736842
2024-08-25,Sanfrecce Hiroshima,Kashiwa Reysol,Sanfrecce Hiroshima,Kashiwa Reysol,2,0,1,0,1.0
2024-08-25,Iwata,Hokkaido Consadole Sapporo,Jubilo Iwata,Consadole Sapporo,0,2,0,1,0.7125
2024-08-25,Albirex Niigata,Machida,Albirex Niigata,Machida Zelvia,0,0,0,0,0.85
2024-08-24,Yokohama F. Marinos,Cerezo Osaka,Yokohama F. Marinos,Cerezo Osaka,4,0,0,0,1.0
2024-08-24,Shonan Bellmare,Nagoya Grampus,Shonan Bellmare,Nagoya Grampus,0,1,0,1,1.0
2024-08-24,Kyoto,FC Tokyo,Kyoto Sanga,FC Tokyo,3,0,2,0,0.8333333333333333
2024-08-24,Gamba Osaka,Avispa Fukuoka,Gamba Osaka,Avispa Fukuoka,2,2,1,2,1.0
2024-08-17,Vissel Kobe,Gamba Osaka,Vissel Kobe,Gamba Osaka,2,2,1,0,1.0
2024-08-17,Shonan Bellmare,Kashiwa Reysol,Shonan Bellmare,Kashiwa Reysol,1,2,0,0,1.0
2024-08-17,Nagoya Grampus,Sanfrecce Hiroshima,Nagoya Grampus,Sanfrecce Hiroshima,1,2,0,0,1.0
2024-08-17,Machida,Iwata,Machida Zelvia,Jubilo Iwata,4,0,3,0,0.6625
2024-08-17,Kawasaki Frontale,Yokohama F. Marinos,Kawasaki Frontale,Yokohama F. Marinos,1,3,0,0,1.0
2024-08-17,Kashima Antlers,Urawa Reds,Kashima Antlers,Urawa Red Diamonds,0,0,0,0,0.86
2024-08-17,FC Tokyo,Verdy,FC Tokyo,Tokyo Verdy 1969,0,0,0,0,0.763157894736842
2024-08-17,Cerezo Osaka,Kyoto,Cerezo Osaka,Kyoto Sanga,3,5,1,3,0.8333333333333333
2024-08-17,Avispa Fukuoka,Albirex Niigata,Avispa Fukuoka,Albirex Niigata,0,1,0,0,1.0
2024-08-16,Hokkaido Consadole Sapporo,Sagan Tosu,Consadole Sapporo,Sagan Tosu,5,3,3,0,0.9
2024-08-12,Albirex Niigata,Kyoto,Albirex Niigata,Kyoto Sanga,2,0,1,0,0.8333333333333333
2024-08-11,Yokohama F. Marinos,Vissel Kobe,Yokohama F. Marinos,Vissel Kobe,1,2,1,1,1.0
2024-08-11,Sanfrecce Hiroshima,Cerezo Osaka,Sanfrecce Hiroshima,Cerezo Osaka,2,0,0,0,1.0
2024-08-11,Sagan Tosu,Urawa Reds,Sagan Tosu,Urawa Red Diamonds,1,1,0,0,0.86
2024-08-11,Nagoya Grampus,Verdy,Nagoya Grampus,Tokyo Verdy 1969,1,0,1,0,0.763157894736842
2024-08-11,Machida,Shonan Bellmare,Machida Zelvia,Shonan Bellmare,0,1,0,0,0.85
2024-08-11,Kashiwa Reysol,Gamba Osaka,Kashiwa Reysol,Gamba Osaka,0,0,0,0,1.0
2024-08-11,Iwata,Kashima Antlers,Jubilo Iwata,Kashima Antlers,2,1,0,1,0.8125
2024-08-11,FC Tokyo,Kawasaki Frontale,FC Tokyo,Kawasaki Frontale,0,3,0,2,1.0
2024-08-10,Hokkaido Consadole Sapporo,Avispa Fukuoka,Consadole Sapporo,Avispa Fukuoka,2,2,0,1,0.9
2024-08-07,Yokohama F. Marinos,Hokkaido Consadole Sapporo,Yokohama F. Marinos,Consadole Sapporo,3,2,2,1,0.9
2024-08-07,Verdy,Sanfrecce Hiroshima,Tokyo Verdy 1969,Sanfrecce Hiroshima,0,1,0,0,0.763157894736842
2024-08-07,Shonan Bellmare,Avispa Fukuoka,Shonan Bellmare,Avispa Fukuoka,1,1,0,0,1.0
2024-08-07,Kyoto,Nagoya Grampus,Kyoto Sanga,Nagoya Grampus,3,2,0,2,0.8333333333333333
2024-08-07,Kawasaki Frontale,Vissel Kobe,Kawasaki Frontale,Vissel Kobe,3,0,0,0,1.0
2024-08-07,Kashima Antlers,Sagan Tosu,Kashima Antlers,Sagan Tosu,3,0,1,0,1.0
2024-08-07,Gamba Osaka,FC Tokyo,Gamba Osaka,FC Tokyo,0,0,0,0,1.0
2024-08-07,Cerezo Osaka,Machida,Cerezo Osaka,Machida Zelvia,0,0,0,0,0.85
2024-08-07,Albirex Niigata,Iwata,Albirex Niigata,Jubilo Iwata,2,2,2,0,0.8125
2024-07-21,Sagan Tosu,Sanfrecce Hiroshima,Sagan Tosu,Sanfrecce Hiroshima,1,4,0,1,1.0
2024-07-20,Vissel Kobe,Nagoya Grampus,Vissel Kobe,Nagoya Grampus,3,3,1,1,1.0
2024-07-20,Urawa Reds,Hokkaido Consadole Sapporo,Urawa Red Diamonds,Consadole Sapporo,3,4,0,2,0.76
2024-07-20,Machida,Yokohama F. Marinos,Machida Zelvia,Yokohama F. Marinos,1,2,0,2,0.85
2024-07-20,Kashiwa Reysol,Kawasaki Frontale,Kashiwa Reysol,Kawasaki Frontale,2,3,1,2,1.0
2024-07-20,Kashima Antlers,FC Tokyo,Kashima Antlers,FC Tokyo,2,1,1,1,1.0
2024-07-20,Iwata,Kyoto,Jubilo Iwata,Kyoto Sanga,1,2,1,0,0.6458333333333333
2024-07-20,Gamba Osaka,Shonan Bellmare,Gamba Osaka,Shonan Bellmare,0,1,0,0,1.0
2024-07-20,Cerezo Osaka,Albirex Niigata,Cerezo Osaka,Albirex Niigata,1,2,0,1,1.0
2024-07-20,Avispa Fukuoka,Verdy,Avispa Fukuoka,Tokyo Verdy 1969,0,1,0,1,0.763157894736842
2024-07-14,Yokohama F. Marinos,Kashima Antlers,Yokohama F. Marinos,Kashima Antlers,4,1,1,1,1.0
2024-07-14,Verdy,Machida,Tokyo Verdy 1969,Machida Zelvia,0,1,0,1,0.6131578947368421
2024-07-14,Shonan Bellmare,Iwata,Shonan Bellmare,Jubilo Iwata,5,0,3,0,0.8125
2024-07-14,Sanfrecce Hiroshima,Avispa Fukuoka,Sanfrecce Hiroshima,Avispa Fukuoka,1,0,0,0,1.0
2024-07-14,Sagan Tosu,Gamba Osaka,Sagan Tosu,Gamba Osaka,0,2,0,1,1.0
2024-07-14,Nagoya Grampus,Kashiwa Reysol,Nagoya Grampus,Kashiwa Reysol,2,1,0,1,1.0
2024-07-14,Kyoto,Urawa Reds,Kyoto Sanga,Urawa Red Diamonds,0,0,0,0,0.6933333333333334
2024-07-14,Kawasaki Frontale,Cerezo Osaka,Kawasaki Frontale,Cerezo Osaka,1,1,1,0,1.0
2024-07-13,Hokkaido Consadole Sapporo,Vissel Kobe,Consadole Sapporo,Vissel Kobe,1,1,1,0,0.9
2024-07-13,FC Tokyo,Albirex Niigata,FC Tokyo,Albirex Niigata,2,0,1,0,1.0
2024-07-07,Avispa Fukuoka,Kyoto,Avispa Fukuoka,Kyoto Sanga,1,2,0,0,0.8333333333333333
2024-07-06,Verdy,Cerezo Osaka,Tokyo Verdy 1969,Cerezo Osaka,1,1,0,0,0.763157894736842
2024-07-06,Urawa Reds,Shonan Bellmare,Urawa Red Diamonds,Shonan Bellmare,2,3,0,1,0.86
2024-07-06,Machida,Nagoya Grampus,Machida Zelvia,Nagoya Grampus,1,0,1,0,0.85
2024-07-06,Kashiwa Reysol,FC Tokyo,Kashiwa Reysol,FC Tokyo,3,2,2,1,1.0
2024-07-06,Kashima Antlers,Hokkaido Consadole Sapporo,Kashima Antlers,Consadole Sapporo,2,0,0,0,0.9
2024-07-06,Iwata,Kawasaki Frontale,Jubilo Iwata,Kawasaki Frontale,2,2,1,0,0.8125
2024-07-06,Gamba Osaka,Yokohama F. Marinos,Gamba Osaka,Yokohama F. Marinos,4,0,2,0,1.0
2024-07-06,Albirex Niigata,Sagan Tosu,Albirex Niigata,Sagan Tosu,3,4,1,2,1.0
2024-07-05,Sanfrecce Hiroshima,Vissel Kobe,Sanfrecce Hiroshima,Vissel Kobe,1,3,1,1,1.0
2024-07-03,Yokohama F. Marinos,Sagan Tosu,Yokohama F. Marinos,Sagan Tosu,0,1,0,0,1.0
2024-06-30,Vissel Kobe,Kashima Antlers,Vissel Kobe,Kashima Antlers,3,1,2,1,1.0
2024-06-30,Urawa Reds,Iwata,Urawa Red Diamonds,Jubilo Iwata,3,0,1,0,0.6725
2024-06-30,Shonan Bellmare,Kyoto,Shonan Bellmare,Kyoto Sanga,0,1,0,1,0.8333333333333333
2024-06-30,Sagan Tosu,Kashiwa Reysol,Sagan Tosu,Kashiwa Reysol,1,4,1,0,1.0
2024-06-30,Gamba Osaka,Machida,Gamba Osaka,Machida Zelvia,1,3,1,1,0.85
2024-06-30,FC Tokyo,Avispa Fukuoka,FC Tokyo,Avispa Fukuoka,0,1,0,0,1.0
2024-06-30,Cerezo Osaka,Nagoya Grampus,Cerezo Osaka,Nagoya Grampus,2,1,1,0,1.0
2024-06-29,Yokohama F. Marinos,Verdy,Yokohama F. Marinos,Tokyo Verdy 1969,1,2,1,2,0.763157894736842
2024-06-29,Kawasaki Frontale,Sanfrecce Hiroshima,Kawasaki Frontale,Sanfrecce Hiroshima,1,1,1,0,1.0
2024-06-29,Hokkaido Consadole Sapporo,Albirex Niigata,Consadole Sapporo,Albirex Niigata,0,1,0,0,0.9
2024-06-26,Vissel Kobe,Machida,Vissel Kobe,Machida Zelvia,0,0,0,0,0.85
2024-06-26,Sanfrecce Hiroshima,Albirex Niigata,Sanfrecce Hiroshima,Albirex Niigata,1,1,1,1,1.0
2024-06-26,Nagoya Grampus,Urawa Reds,Nagoya Grampus,Urawa Red Diamonds,0,1,0,1,0.86
2024-06-26,Kyoto,Kashiwa Reysol,Kyoto Sanga,Kashiwa Reysol,2,2,1,1,0.8333333333333333
2024-06-26,Kawasaki Frontale,Shonan Bellmare,Kawasaki Frontale,Shonan Bellmare,1,1,0,0,1.0
2024-06-26,Kashima Antlers,Gamba Osaka,Kashima Antlers,Gamba Osaka,0,0,0,0,1.0
2024-06-26,Iwata,Verdy,Jubilo Iwata,Tokyo Verdy 1969,3,0,0,0,0.575657894736842
2024-06-26,FC Tokyo,Hokkaido Consadole Sapporo,FC Tokyo,Consadole Sapporo,1,0,0,0,0.9
2024-06-26,Cerezo Osaka,Sagan Tosu,Cerezo Osaka,Sagan Tosu,1,0,1,0,1.0
2024-06-26,Avispa Fukuoka,Yokohama F. Marinos,Avispa Fukuoka,Yokohama F. Marinos,2,1,1,0,1.0
2024-06-23,Hokkaido Consadole Sapporo,Yokohama F. Marinos,Consadole Sapporo,Yokohama F. Marinos,0,1,0,0,0.9
2024-06-22,Verdy,Nagoya Grampus,Tokyo Verdy 1969,Nagoya Grampus,1,0,0,0,0.763157894736842
2024-06-22,Urawa Reds,Kashima Antlers,Urawa Red Diamonds,Kashima Antlers,2,2,0,2,0.86
2024-06-22,Shonan Bellmare,FC Tokyo,Shonan Bellmare,FC Tokyo,0,1,0,0,1.0
2024-06-22,Sagan Tosu,Kyoto,Sagan Tosu,Kyoto Sanga,3,0,0,0,0.8333333333333333
2024-06-22,Machida,Avispa Fukuoka,Machida Zelvia,Avispa Fukuoka,0,0,0,0,0.85
2024-06-22,Kashiwa Reysol,Sanfrecce Hiroshima,Kashiwa Reysol,Sanfrecce Hiroshima,0,1,0,1,1.0
2024-06-22,Iwata,Cerezo Osaka,Jubilo Iwata,Cerezo Osaka,1,1,0,0,0.8125
2024-06-22,Gamba Osaka,Vissel Kobe,Gamba Osaka,Vissel Kobe,2,1,0,0,1.0
2024-06-22,Albirex Niigata,Kawasaki Frontale,Albirex Niigata,Kawasaki Frontale,2,2,0,1,1.0
2024-06-19,Yokohama F. Marinos,Sanfrecce Hiroshima,Yokohama F. Marinos,Sanfrecce Hiroshima,3,2,1,1,1.0
2024-06-16,Vissel Kobe,Kawasaki Frontale,Vissel Kobe,Kawasaki Frontale,1,0,1,0,1.0
2024-06-16,Nagoya Grampus,Shonan Bellmare,Nagoya Grampus,Shonan Bellmare,1,1,1,0,1.0
2024-06-16,Kashima Antlers,Albirex Niigata,Kashima Antlers,Albirex Niigata,1,1,0,1,1.0
2024-06-16,Gamba Osaka,Kashiwa Reysol,Gamba Osaka,Kashiwa Reysol,2,1,2,0,1.0
2024-06-16,FC Tokyo,Iwata,FC Tokyo,Jubilo Iwata,1,1,0,1,0.8125
2024-06-16,Avispa Fukuoka,Sagan Tosu,Avispa Fukuoka,Sagan Tosu,2,0,1,0,1.0
2024-06-15,Yokohama F. Marinos,Machida,Yokohama F. Marinos,Machida Zelvia,1,3,1,1,0.85
2024-06-15,Sanfrecce Hiroshima,Verdy,Sanfrecce Hiroshima,Tokyo Verdy 1969,4,1,1,0,0.763157894736842
2024-06-15,Kyoto,Hokkaido Consadole Sapporo,Kyoto Sanga,Consadole Sapporo,2,0,2,0,0.7333333333333334
2024-06-15,Cerezo Osaka,Urawa Reds,Cerezo Osaka,Urawa Red Diamonds,2,1,1,0,0.86
2024-06-02,Verdy,Hokkaido Consadole Sapporo,Tokyo Verdy 1969,Consadole Sapporo,5,3,3,1,0.6631578947368422
2024-06-02,Kawasaki Frontale,Nagoya Grampus,Kawasaki Frontale,Nagoya Grampus,2,1,2,0,1.0
2024-06-02,Kashiwa Reysol,Avispa Fukuoka,Kashiwa Reysol,Avispa Fukuoka,0,2,0,2,1.0
2024-06-01,Urawa Reds,Vissel Kobe,Urawa Red Diamonds,Vissel Kobe,1,1,0,1,0.86
2024-06-01,Shonan Bellmare,Gamba Osaka,Shonan Bellmare,Gamba Osaka,1,2,0,1,1.0
2024-06-01,Sanfrecce Hiroshima,Iwata,Sanfrecce Hiroshima,Jubilo Iwata,2,0,1,0,0.8125
2024-06-01,Machida,Albirex Niigata,Machida Zelvia,Albirex Niigata,1,3,1,2,0.85
2024-06-01,Kyoto,Cerezo Osaka,Kyoto Sanga,Cerezo Osaka,1,1,0,1,0.8333333333333333
2024-06-01,Kashima Antlers,Yokohama F. Marinos,Kashima Antlers,Yokohama F. Marinos,3,2,0,1,1.0
2024-05-31,Sagan Tosu,FC Tokyo,Sagan Tosu,FC Tokyo,0,1,0,1,1.0
2024-05-29,Yokohama F. Marinos,Kashiwa Reysol,Yokohama F. Marinos,Kashiwa Reysol,4,0,2,0,1.0
2024-05-26,Vissel Kobe,Verdy,Vissel Kobe,Tokyo Verdy 1969,0,1,0,0,0.763157894736842
2024-05-26,Urawa Reds,Machida,Urawa Red Diamonds,Machida Zelvia,1,2,0,0,0.71
2024-05-26,Nagoya Grampus,Kyoto,Nagoya Grampus,Kyoto Sanga,1,1,0,1,0.8333333333333333
2024-05-26,FC Tokyo,Gamba Osaka,FC Tokyo,Gamba Osaka,0,1,0,0,1.0
2024-05-26,Cerezo Osaka,Sanfrecce Hiroshima,Cerezo Osaka,Sanfrecce Hiroshima,1,1,0,0,1.0
2024-05-25,Kawasaki Frontale,Kashiwa Reysol,Kawasaki Frontale,Kashiwa Reysol,1,1,1,0,1.0
2024-05-25,Iwata,Shonan Bellmare,Jubilo Iwata,Shonan Bellmare,3,2,1,2,0.8125
2024-05-25,Hokkaido Consadole Sapporo,Kashima Antlers,Consadole Sapporo,Kashima Antlers,0,3,0,1,0.9
2024-05-25,Albirex Niigata,Avispa Fukuoka,Albirex Niigata,Avispa Fukuoka,1,2,0,1,1.0
2024-05-19,Shonan Bellmare,Albirex Niigata,Shonan Bellmare,Albirex Niigata,2,1,1,1,1.0
2024-05-19,Machida,Verdy,Machida Zelvia,Tokyo Verdy 1969,5,0,2,0,0.6131578947368421
2024-05-19,Kyoto,Sanfrecce Hiroshima,Kyoto Sanga,Sanfrecce Hiroshima,0,5,0,3,0.8333333333333333
2024-05-19,Kashiwa Reysol,Hokkaido Consadole Sapporo,Kashiwa Reysol,Consadole Sapporo,2,1,1,0,0.9
2024-05-19,Kashima Antlers,Vissel Kobe,Kashima Antlers,Vissel Kobe,1,0,0,0,1.0
2024-05-19,Iwata,Urawa Reds,Jubilo Iwata,Urawa Red Diamonds,1,1,0,0,0.6725
2024-05-19,Gamba Osaka,Kawasaki Frontale,Gamba Osaka,Kawasaki Frontale,3,1,1,1,1.0
2024-05-19,FC Tokyo,Yokohama F. Marinos,FC Tokyo,Yokohama F. Marinos,1,1,0,1,1.0
2024-05-18,Sagan Tosu,Nagoya Grampus,Sagan Tosu,Nagoya Grampus,0,2,0,1,1.0
2024-05-18,Avispa Fukuoka,Cerezo Osaka,Avispa Fukuoka,Cerezo Osaka,0,3,0,2,1.0
2024-05-15,Vissel Kobe,Avispa Fukuoka,Vissel Kobe,Avispa Fukuoka,1,0,0,0,1.0
2024-05-15,Verdy,Gamba Osaka,Tokyo Verdy 1969,Gamba Osaka,0,0,0,0,0.763157894736842
2024-05-15,Urawa Reds,Kyoto,Urawa Red Diamonds,Kyoto Sanga,3,0,1,0,0.6933333333333334
2024-05-15,Sanfrecce Hiroshima,Kashima Antlers,Sanfrecce Hiroshima,Kashima Antlers,1,3,0,2,1.0
2024-05-15,Sagan Tosu,Kawasaki Frontale,Sagan Tosu,Kawasaki Frontale,5,2,3,2,1.0
2024-05-15,Nagoya Grampus,FC Tokyo,Nagoya Grampus,FC Tokyo,3,1,1,0,1.0
2024-05-15,Machida,Cerezo Osaka,Machida Zelvia,Cerezo Osaka,2,1,0,0,0.85
2024-05-15,Kashiwa Reysol,Shonan Bellmare,Kashiwa Reysol,Shonan Bellmare,2,1,0,0,1.0
2024-05-15,Hokkaido Consadole Sapporo,Iwata,Consadole Sapporo,Jubilo Iwata,1,0,1,0,0.7125
2024-05-15,Albirex Niigata,Yokohama F. Marinos,Albirex Niigata,Yokohama F. Marinos,3,1,0,1,1.0
2024-05-12,Kashima Antlers,Verdy,Kashima Antlers,Tokyo Verdy 1969,3,3,2,0,0.763157894736842
2024-05-11,Shonan Bellmare,Machida,Shonan Bellmare,Machida Zelvia,0,0,0,0,0.85
2024-05-11,Nagoya Grampus,Gamba Osaka,Nagoya Grampus,Gamba Osaka,0,1,0,0,1.0
2024-05-11,Kyoto,Avispa Fukuoka,Kyoto Sanga,Avispa Fukuoka,2,3,1,1,0.8333333333333333
2024-05-11,Kawasaki Frontale,Hokkaido Consadole Sapporo,Kawasaki Frontale,Consadole Sapporo,3,0,3,0,0.9
2024-05-11,Iwata,Sagan Tosu,Jubilo Iwata,Sagan Tosu,0,3,0,1,0.8125
2024-05-11,FC Tokyo,Kashiwa Reysol,FC Tokyo,Kashiwa Reysol,3,3,3,1,1.0
2024-05-11,Cerezo Osaka,Vissel Kobe,Cerezo Osaka,Vissel Kobe,1,4,0,2,1.0
2024-05-11,Albirex Niigata,Urawa Reds,Albirex Niigata,Urawa Red Diamonds,2,4,0,1,0.86
2024-05-06,Vissel Kobe,Albirex Niigata,Vissel Kobe,Albirex Niigata,3,2,2,0,1.0
2024-05-06,Verdy,Iwata,Tokyo Verdy 1969,Jubilo Iwata,3,2,2,0,0.575657894736842
2024-05-06,Urawa Reds,Yokohama F. Marinos,Urawa Red Diamonds,Yokohama F. Marinos,2,1,1,0,0.86
2024-05-06,Shonan Bellmare,Sagan Tosu,Shonan Bellmare,Sagan Tosu,2,1,1,1,1.0
2024-05-06,Sanfrecce Hiroshima,Nagoya Grampus,Sanfrecce Hiroshima,Nagoya Grampus,2,3,1,2,1.0
2024-05-06,Kyoto,Machida,Kyoto Sanga,Machida Zelvia,0,3,0,1,0.6833333333333333
2024-05-06,Kashiwa Reysol,Kashima Antlers,Kashiwa Reysol,Kashima Antlers,1,2,0,1,1.0
2024-05-06,Hokkaido Consadole Sapporo,FC Tokyo,Consadole Sapporo,FC Tokyo,1,2,1,1,0.9
2024-05-06,Gamba Osaka,Cerezo Osaka,Gamba Osaka,Cerezo Osaka,1,0,1,0,1.0
2024-05-06,Avispa Fukuoka,Kawasaki Frontale,Avispa Fukuoka,Kawasaki Frontale,1,1,0,0,1.0
2024-05-03,Yokohama F. Marinos,Iwata,Yokohama F. Marinos,Jubilo Iwata,1,1,0,0,0.8125
2024-05-03,Sagan Tosu,Verdy,Sagan Tosu,Tokyo Verdy 1969,0,2,0,1,0.763157894736842
2024-05-03,Nagoya Grampus,Vissel Kobe,Nagoya Grampus,Vissel Kobe,0,2,0,1,1.0
2024-05-03,Machida,Kashiwa Reysol,Machida Zelvia,Kashiwa Reysol,2,0,1,0,0.85
2024-05-03,Kawasaki Frontale,Urawa Reds,Kawasaki Frontale,Urawa Red Diamonds,3,1,1,1,0.86
2024-05-03,Kashima Antlers,Shonan Bellmare,Kashima Antlers,Shonan Bellmare,3,1,0,0,1.0
2024-05-03,FC Tokyo,Kyoto,FC Tokyo,Kyoto Sanga,2,1,2,0,0.8333333333333333
2024-05-03,Cerezo Osaka,Hokkaido Consadole Sapporo,Cerezo Osaka,Consadole Sapporo,1,1,0,1,0.9
2024-05-03,Avispa Fukuoka,Gamba Osaka,Avispa Fukuoka,Gamba Osaka,1,0,1,0,1.0
2024-05-03,Albirex Niigata,Sanfrecce Hiroshima,Albirex Niigata,Sanfrecce Hiroshima,1,1,0,0,1.0
2024-04-28,Verdy,Avispa Fukuoka,Tokyo Verdy 1969,Avispa Fukuoka,0,0,0,0,0.763157894736842
2024-04-28,Urawa Reds,Nagoya Grampus,Urawa Red Diamonds,Nagoya Grampus,2,1,1,0,0.86
2024-04-28,Sanfrecce Hiroshima,Kawasaki Frontale,Sanfrecce Hiroshima,Kawasaki Frontale,2,2,1,0,1.0
2024-04-28,Kashiwa Reysol,Sagan Tosu,Kashiwa Reysol,Sagan Tosu,1,1,1,1,1.0
2024-04-28,Gamba Osaka,Kashima Antlers,Gamba Osaka,Kashima Antlers,1,2,1,1,1.0
2024-04-27,Vissel Kobe,Kyoto,Vissel Kobe,Kyoto Sanga,0,1,0,0,0.8333333333333333
2024-04-27,Iwata,Machida,Jubilo Iwata,Machida Zelvia,2,0,0,0,0.6625
2024-04-27,Hokkaido Consadole Sapporo,Shonan Bellmare,Consadole Sapporo,Shonan Bellmare,3,3,2,0,0.9
2024-04-27,Cerezo Osaka,Yokohama F. Marinos,Cerezo Osaka,Yokohama F. Marinos,2,2,1,1,1.0
2024-04-27,Albirex Niigata,FC Tokyo,Albirex Niigata,FC Tokyo,1,3,0,1,1.0
2024-04-21,Nagoya Grampus,Cerezo Osaka,Nagoya Grampus,Cerezo Osaka,2,1,0,0,1.0
2024-04-21,FC Tokyo,Machida,FC Tokyo,Machida Zelvia,1,2,1,2,0.85
2024-04-20,Urawa Reds,Gamba Osaka,Urawa Red Diamonds,Gamba Osaka,0,1,0,0,0.86
2024-04-20,Shonan Bellmare,Vissel Kobe,Shonan Bellmare,Vissel Kobe,0,1,0,0,1.0
2024-04-20,Sagan Tosu,Kashima Antlers,Sagan Tosu,Kashima Antlers,4,2,2,1,1.0
2024-04-20,Kyoto,Albirex Niigata,Kyoto Sanga,Albirex Niigata,0,1,0,0,0.8333333333333333
2024-04-20,Kawasaki Frontale,Verdy,Kawasaki Frontale,Tokyo Verdy 1969,0,0,0,0,0.763157894736842
2024-04-20,Hokkaido Consadole Sapporo,Sanfrecce Hiroshima,Consadole Sapporo,Sanfrecce Hiroshima,1,1,1,0,0.9
2024-04-20,Avispa Fukuoka,Iwata,Avispa Fukuoka,Jubilo Iwata,2,2,0,1,0.8125
2024-04-14,Gamba Osaka,Sagan Tosu,Gamba Osaka,Sagan Tosu,2,1,1,1,1.0
2024-04-13,Yokohama F. Marinos,Shonan Bellmare,Yokohama F. Marinos,Shonan Bellmare,2,2,1,1,1.0
2024-04-13,Verdy,FC Tokyo,Tokyo Verdy 1969,FC Tokyo,2,2,2,0,0.763157894736842
2024-04-13,Machida,Vissel Kobe,Machida Zelvia,Vissel Kobe,1,2,0,1,0.85
2024-04-13,Kashima Antlers,Kyoto,Kashima Antlers,Kyoto Sanga,1,0,0,0,0.8333333333333333
2024-04-13,Iwata,Nagoya Grampus,Jubilo Iwata,Nagoya Grampus,0,1,0,1,0.8125
2024-04-13,Cerezo Osaka,Kawasaki Frontale,Cerezo Osaka,Kawasaki Frontale,1,0,0,0,1.0
2024-04-13,Avispa Fukuoka,Sanfrecce Hiroshima,Avispa Fukuoka,Sanfrecce Hiroshima,1,1,1,1,1.0
2024-04-13,Albirex Niigata,Hokkaido Consadole Sapporo,Albirex Niigata,Consadole Sapporo,1,1,0,1,0.9
2024-04-12,Kashiwa Reysol,Urawa Reds,Kashiwa Reysol,Urawa Red Diamonds,1,0,0,0,0.86
2024-04-10,Yokohama F. Marinos,Gamba Osaka,Yokohama F. Marinos,Gamba Osaka,2,0,0,0,1.0
2024-04-07,Vissel Kobe,Yokohama F. Marinos,Vissel Kobe,Yokohama F. Marinos,1,2,0,0,1.0
2024-04-07,Verdy,Kashiwa Reysol,Tokyo Verdy 1969,Kashiwa Reysol,1,1,1,0,0.763157894736842
2024-04-07,Urawa Reds,Sagan Tosu,Urawa Red Diamonds,Sagan Tosu,3,0,1,0,0.86
2024-04-07,Sanfrecce Hiroshima,Shonan Bellmare,Sanfrecce Hiroshima,Shonan Bellmare,2,0,0,0,1.0
2024-04-07,Nagoya Grampus,Avispa Fukuoka,Nagoya Grampus,Avispa Fukuoka,0,0,0,0,1.0
2024-04-07,Kyoto,Iwata,Kyoto Sanga,Jubilo Iwata,0,3,0,0,0.6458333333333333
2024-04-07,Kawasaki Frontale,Machida,Kawasaki Frontale,Machida Zelvia,0,1,0,1,0.85
2024-04-07,FC Tokyo,Kashima Antlers,FC Tokyo,Kashima Antlers,2,0,0,0,1.0
2024-04-07,Albirex Niigata,Cerezo Osaka,Albirex Niigata,Cerezo Osaka,0,1,0,0,1.0
2024-04-06,Hokkaido Consadole Sapporo,Gamba Osaka,Consadole Sapporo,Gamba Osaka,1,0,0,0,0.9
2024-04-03,Yokohama F. Marinos,Kawasaki Frontale,Yokohama F. Marinos,Kawasaki Frontale,0,0,0,0,1.0
2024-04-03,Shonan Bellmare,Verdy,Shonan Bellmare,Tokyo Verdy 1969,1,2,1,0,0.763157894736842
2024-04-03,Sagan Tosu,Vissel Kobe,Sagan Tosu,Vissel Kobe,0,0,0,0,1.0
2024-04-03,Machida,Sanfrecce Hiroshima,Machida Zelvia,Sanfrecce Hiroshima,1,2,0,1,0.85
2024-04-03,Kashiwa Reysol,Cerezo Osaka,Kashiwa Reysol,Cerezo Osaka,1,1,1,1,1.0
2024-04-03,Iwata,Albirex Niigata,Jubilo Iwata,Albirex Niigata,2,0,0,0,0.8125
2024-04-03,Hokkaido Consadole Sapporo,Nagoya Grampus,Consadole Sapporo,Nagoya Grampus,1,2,1,0,0.9
2024-04-03,Gamba Osaka,Kyoto,Gamba Osaka,Kyoto Sanga,0,0,0,0,0.8333333333333333
2024-04-03,FC Tokyo,Urawa Reds,FC Tokyo,Urawa Red Diamonds,2,1,0,1,0.86
2024-04-03,Avispa Fukuoka,Kashima Antlers,Avispa Fukuoka,Kashima Antlers,1,0,0,0,1.0
2024-03-30,Vissel Kobe,Hokkaido Consadole Sapporo,Vissel Kobe,Consadole Sapporo,6,1,3,0,0.9
2024-03-30,Urawa Reds,Avispa Fukuoka,Urawa Red Diamonds,Avispa Fukuoka,2,1,0,1,0.86
2024-03-30,Sanfrecce Hiroshima,Gamba Osaka,Sanfrecce Hiroshima,Gamba Osaka,1,1,0,0,1.0
2024-03-30,Nagoya Grampus,Yokohama F. Marinos,Nagoya Grampus,Yokohama F. Marinos,2,1,0,0,1.0
2024-03-30,Machida,Sagan Tosu,Machida Zelvia,Sagan Tosu,3,1,1,1,0.85
2024-03-30,Kawasaki Frontale,FC Tokyo,Kawasaki Frontale,FC Tokyo,3,0,1,0,1.0
2024-03-30,Kashima Antlers,Iwata,Kashima Antlers,Jubilo Iwata,1,0,1,0,0.8125
2024-03-30,Cerezo Osaka,Shonan Bellmare,Cerezo Osaka,Shonan Bellmare,2,0,0,0,1.0
2024-03-30,Albirex Niigata,Kashiwa Reysol,Albirex Niigata,Kashiwa Reysol,1,1,0,1,1.0
2024-03-29,Verdy,Kyoto,Tokyo Verdy 1969,Kyoto Sanga,2,2,0,2,0.5964912280701754
2024-03-17,Shonan Bellmare,Urawa Reds,Shonan Bellmare,Urawa Red Diamonds,4,4,2,1,0.86
2024-03-17,Kyoto,Yokohama F. Marinos,Kyoto Sanga,Yokohama F. Marinos,2,3,2,2,0.8333333333333333
2024-03-17,Kashima Antlers,Kawasaki Frontale,Kashima Antlers,Kawasaki Frontale,2,1,0,1,1.0
2024-03-16,Vissel Kobe,Sanfrecce Hiroshima,Vissel Kobe,Sanfrecce Hiroshima,0,0,0,0,1.0
2024-03-16,Verdy,Albirex Niigata,Tokyo Verdy 1969,Albirex Niigata,2,2,1,1,0.763157894736842
2024-03-16,Sagan Tosu,Cerezo Osaka,Sagan Tosu,Cerezo Osaka,0,2,0,0,1.0
2024-03-16,Kashiwa Reysol,Nagoya Grampus,Kashiwa Reysol,Nagoya Grampus,0,2,0,1,1.0
2024-03-16,Hokkaido Consadole Sapporo,Machida,Consadole Sapporo,Machida Zelvia,1,2,0,0,0.75
2024-03-16,Gamba Osaka,Iwata,Gamba Osaka,Jubilo Iwata,2,1,1,0,0.8125
2024-03-16,Avispa Fukuoka,FC Tokyo,Avispa Fukuoka,FC Tokyo,1,3,0,2,1.0
2024-03-10,Hokkaido Consadole Sapporo,Urawa Reds,Consadole Sapporo,Urawa Red Diamonds,0,1,0,1,0.76
2024-03-09,Sanfrecce Hiroshima,Sagan Tosu,Sanfrecce Hiroshima,Sagan Tosu,4,0,2,0,1.0
2024-03-09,Machida,Kashima Antlers,Machida Zelvia,Kashima Antlers,1,0,1,0,0.85
2024-03-09,Kawasaki Frontale,Kyoto,Kawasaki Frontale,Kyoto Sanga,0,1,0,0,0.8333333333333333
2024-03-09,Iwata,Kashiwa Reysol,Jubilo Iwata,Kashiwa Reysol,0,1,0,1,0.8125
2024-03-09,FC Tokyo,Vissel Kobe,FC Tokyo,Vissel Kobe,1,2,0,0,1.0
2024-03-09,Cerezo Osaka,Verdy,Cerezo Osaka,Tokyo Verdy 1969,2,1,1,0,0.763157894736842
2024-03-09,Avispa Fukuoka,Shonan Bellmare,Avispa Fukuoka,Shonan Bellmare,1,1,1,1,1.0
2024-03-09,Albirex Niigata,Nagoya Grampus,Albirex Niigata,Nagoya Grampus,1,0,0,0,1.0
2024-03-03,Urawa Reds,Verdy,Urawa Red Diamonds,Tokyo Verdy 1969,1,1,0,1,0.6231578947368421
2024-03-02,Vissel Kobe,Kashiwa Reysol,Vissel Kobe,Kashiwa Reysol,0,1,0,0,1.0
2024-03-02,Sagan Tosu,Hokkaido Consadole Sapporo,Sagan Tosu,Consadole Sapporo,4,0,1,0,0.9
2024-03-02,Nagoya Grampus,Machida,Nagoya Grampus,Machida Zelvia,0,1,0,1,0.85
2024-03-02,Kyoto,Shonan Bellmare,Kyoto Sanga,Shonan Bellmare,1,2,1,1,0.8333333333333333
2024-03-02,Kashima Antlers,Cerezo Osaka,Kashima Antlers,Cerezo Osaka,1,1,0,0,1.0
2024-03-02,Gamba Osaka,Albirex Niigata,Gamba Osaka,Albirex Niigata,1,0,0,0,1.0
2024-03-02,FC Tokyo,Sanfrecce Hiroshima,FC Tokyo,Sanfrecce Hiroshima,1,1,0,0,1.0
2024-03-01,Yokohama F. Marinos,Avispa Fukuoka,Yokohama F. Marinos,Avispa Fukuoka,0,1,0,0,1.0
2024-03-01,Kawasaki Frontale,Iwata,Kawasaki Frontale,Jubilo Iwata,4,5,1,3,0.8125
2024-02-25,Verdy,Yokohama F. Marinos,Tokyo Verdy 1969,Yokohama F. Marinos,1,2,1,0,0.763157894736842
2024-02-25,Kashiwa Reysol,Kyoto,Kashiwa Reysol,Kyoto Sanga,1,1,0,0,0.8333333333333333
2024-02-24,Shonan Bellmare,Kawasaki Frontale,Shonan Bellmare,Kawasaki Frontale,1,2,1,1,1.0
2024-02-24,Machida,Gamba Osaka,Machida Zelvia,Gamba Osaka,1,1,1,0,0.85
2024-02-24,Iwata,Vissel Kobe,Jubilo Iwata,Vissel Kobe,0,2,0,1,0.8125
2024-02-24,Cerezo Osaka,FC Tokyo,Cerezo Osaka,FC Tokyo,2,2,1,1,1.0
2024-02-24,Avispa Fukuoka,Hokkaido Consadole Sapporo,Avispa Fukuoka,Consadole Sapporo,0,0,0,0,0.9
2024-02-23,Sanfrecce Hiroshima,Urawa Reds,Sanfrecce Hiroshima,Urawa Red Diamonds,2,0,1,0,0.86
2024-02-23,Nagoya Grampus,Kashima Antlers,Nagoya Grampus,Kashima Antlers,0,3,0,1,1.0
2023-12-03,Shonan Bellmare,FC Tokyo,Shonan Bellmare,FC Tokyo,0,1,0,0,1.0
2023-12-03,Sagan Tosu,Kawasaki Frontale,Sagan Tosu,Kawasaki Frontale,0,1,0,0,1.0
2023-12-03,Nagoya Grampus,Kashiwa Reysol,Nagoya Grampus,Kashiwa Reysol,1,1,0,0,1.0
2023-12-03,Kyoto,Yokohama F. Marinos,Kyoto Sanga,Yokohama F. Marinos,3,1,1,1,0.8333333333333333
2023-12-03,Kashima Antlers,Yokohama FC,Kashima Antlers,Yokohama FC,2,1,2,0,1.0
2023-12-03,Hokkaido Consadole Sapporo,Urawa Reds,Consadole Sapporo,Urawa Red Diamonds,0,2,0,0,0.76
2023-12-03,Gamba Osaka,Vissel Kobe,Gamba Osaka,Vissel Kobe,0,1,0,0,1.0
2023-12-03,Avispa Fukuoka,Sanfrecce Hiroshima,Avispa Fukuoka,Sanfrecce Hiroshima,0,1,0,0,1.0
2023-12-03,Albirex Niigata,Cerezo Osaka,Albirex Niigata,Cerezo Osaka,1,0,0,0,1.0
2023-11-25,Yokohama FC,Shonan Bellmare,Yokohama FC,Shonan Bellmare,0,1,0,0,1.0
2023-11-25,Vissel Kobe,Nagoya Grampus,Vissel Kobe,Nagoya Grampus,2,1,2,1,1.0
2023-11-25,Urawa Reds,Avispa Fukuoka,Urawa Red Diamonds,Avispa Fukuoka,2,3,1,1,0.86
2023-11-25,Sanfrecce Hiroshima,Gamba Osaka,Sanfrecce Hiroshima,Gamba Osaka,3,0,2,0,1.0
2023-11-25,Kashiwa Reysol,Sagan Tosu,Kashiwa Reysol,Sagan Tosu,2,2,2,1,1.0
2023-11-25,FC Tokyo,Hokkaido Consadole Sapporo,FC Tokyo,Consadole Sapporo,1,3,1,0,0.9
2023-11-25,Cerezo Osaka,Kyoto,Cerezo Osaka,Kyoto Sanga,0,1,0,1,0.8333333333333333
2023-11-24,Yokohama F. Marinos,Albirex Niigata,Yokohama F. Marinos,Albirex Niigata,0,0,0,0,1.0
2023-11-24,Kawasaki Frontale,Kashima Antlers,Kawasaki Frontale,Kashima Antlers,3,0,1,0,1.0
2023-11-12,Yokohama F. Marinos,Cerezo Osaka,Yokohama F. Marinos,Cerezo Osaka,2,0,2,0,1.0
2023-11-12,Urawa Reds,Vissel Kobe,Urawa Red Diamonds,Vissel Kobe,1,2,0,0,0.86
2023-11-12,Kawasaki Frontale,Kyoto,Kawasaki Frontale,Kyoto Sanga,3,3,2,3,0.8333333333333333
2023-11-11,Shonan Bellmare,Nagoya Grampus,Shonan Bellmare,Nagoya Grampus,2,1,2,0,1.0
2023-11-11,Sagan Tosu,Yokohama FC,Sagan Tosu,Yokohama FC,1,3,1,2,1.0
2023-11-11,Kashima Antlers,Kashiwa Reysol,Kashima Antlers,Kashiwa Reysol,1,1,0,0,1.0
2023-11-11,Hokkaido Consadole Sapporo,Sanfrecce Hiroshima,Consadole Sapporo,Sanfrecce Hiroshima,0,0,0,0,0.9
2023-11-11,Gamba Osaka,Avispa Fukuoka,Gamba Osaka,Avispa Fukuoka,1,2,1,0,1.0
2023-11-11,Albirex Niigata,FC Tokyo,Albirex Niigata,FC Tokyo,0,0,0,0,1.0
2023-10-29,Kashiwa Reysol,Kawasaki Frontale,Kashiwa Reysol,Kawasaki Frontale,1,1,1,0,1.0
2023-10-28,Shonan Bellmare,Vissel Kobe,Shonan Bellmare,Vissel Kobe,1,1,1,0,1.0
2023-10-28,Kyoto,Albirex Niigata,Kyoto Sanga,Albirex Niigata,0,1,0,1,0.8333333333333333
2023-10-28,Kashima Antlers,Urawa Reds,Kashima Antlers,Urawa Red Diamonds,0,0,0,0,0.86
2023-10-28,Hokkaido Consadole Sapporo,Yokohama FC,Consadole Sapporo,Yokohama FC,2,1,2,0,0.9
2023-10-28,FC Tokyo,Sanfrecce Hiroshima,FC Tokyo,Sanfrecce Hiroshima,1,2,0,0,1.0
2023-10-28,Cerezo Osaka,Gamba Osaka,Cerezo Osaka,Gamba Osaka,1,0,1,0,1.0
2023-10-28,Avispa Fukuoka,Yokohama F. Marinos,Avispa Fukuoka,Yokohama F. Marinos,0,4,0,2,1.0
2023-10-27,Nagoya Grampus,Sagan Tosu,Nagoya Grampus,Sagan Tosu,1,1,0,0,1.0
2023-10-21,Yokohama FC,FC Tokyo,Yokohama FC,FC Tokyo,1,0,1,0,1.0
2023-10-21,Yokohama F. Marinos,Hokkaido Consadole Sapporo,Yokohama F. Marinos,Consadole Sapporo,4,1,1,0,0.9
2023-10-21,Vissel Kobe,Kashima Antlers,Vissel Kobe,Kashima Antlers,3,1,2,0,1.0
2023-10-21,Sanfrecce Hiroshima,Cerezo Osaka,Sanfrecce Hiroshima,Cerezo Osaka,0,0,0,0,1.0
2023-10-21,Kyoto,Shonan Bellmare,Kyoto Sanga,Shonan Bellmare,0,1,0,1,0.8333333333333333
2023-10-21,Gamba Osaka,Nagoya Grampus,Gamba Osaka,Nagoya Grampus,0,1,0,1,1.0
2023-10-21,Albirex Niigata,Sagan Tosu,Albirex Niigata,Sagan Tosu,1,1,1,1,1.0
2023-10-20,Urawa Reds,Kashiwa Reysol,Urawa Red Diamonds,Kashiwa Reysol,2,0,0,0,0.86
2023-10-20,Kawasaki Frontale,Avispa Fukuoka,Kawasaki Frontale,Avispa Fukuoka,4,2,1,1,1.0
2023-10-01,FC Tokyo,Gamba Osaka,FC Tokyo,Gamba Osaka,3,0,2,0,1.0
2023-09-30,Sanfrecce Hiroshima,Nagoya Grampus,Sanfrecce Hiroshima,Nagoya Grampus,3,1,0,0,1.0
2023-09-30,Sagan Tosu,Kyoto,Sagan Tosu,Kyoto Sanga,3,2,1,1,0.8333333333333333
2023-09-30,Hokkaido Consadole Sapporo,Kashiwa Reysol,Consadole Sapporo,Kashiwa Reysol,1,2,0,2,0.9
2023-09-30,Cerezo Osaka,Shonan Bellmare,Cerezo Osaka,Shonan Bellmare,0,2,0,0,1.0
2023-09-30,Avispa Fukuoka,Kashima Antlers,Avispa Fukuoka,Kashima Antlers,0,0,0,0,1.0
2023-09-29,Yokohama F. Marinos,Vissel Kobe,Yokohama F. Marinos,Vissel Kobe,0,2,0,2,1.0
2023-09-29,Urawa Reds,Yokohama FC,Urawa Red Diamonds,Yokohama FC,1,1,0,1,0.86
2023-09-29,Kawasaki Frontale,Albirex Niigata,Kawasaki Frontale,Albirex Niigata,2,3,1,1,1.0
2023-09-24,Shonan Bellmare,Kawasaki Frontale,Shonan Bellmare,Kawasaki Frontale,0,2,0,2,1.0
2023-09-24,Kashima Antlers,Yokohama F. Marinos,Kashima Antlers,Yokohama F. Marinos,1,2,1,1,1.0
2023-09-24,Gamba Osaka,Urawa Reds,Gamba Osaka,Urawa Red Diamonds,1,3,1,1,0.86
2023-09-23,Vissel Kobe,Cerezo Osaka,Vissel Kobe,Cerezo Osaka,1,0,0,0,1.0
2023-09-23,Nagoya Grampus,Hokkaido Consadole Sapporo,Nagoya Grampus,Consadole Sapporo,1,1,0,0,0.9
2023-09-23,Kyoto,Sanfrecce Hiroshima,Kyoto Sanga,Sanfrecce Hiroshima,1,0,0,0,0.8333333333333333
2023-09-23,Kashiwa Reysol,Avispa Fukuoka,Kashiwa Reysol,Avispa Fukuoka,1,3,1,0,1.0
2023-09-23,FC Tokyo,Sagan Tosu,FC Tokyo,Sagan Tosu,3,2,0,2,1.0
2023-09-23,Albirex Niigata,Yokohama FC,Albirex Niigata,Yokohama FC,3,1,1,1,1.0
2023-09-17,Yokohama FC,Kashiwa Reysol,Yokohama FC,Kashiwa Reysol,1,2,0,2,1.0
2023-09-17,Gamba Osaka,Albirex Niigata,Gamba Osaka,Albirex Niigata,1,1,0,0,1.0
2023-09-16,Sanfrecce Hiroshima,Vissel Kobe,Sanfrecce Hiroshima,Vissel Kobe,2,0,2,0,1.0
2023-09-16,Kashima Antlers,Cerezo Osaka,Kashima Antlers,Cerezo Osaka,1,0,1,0,1.0
2023-09-16,Hokkaido Consadole Sapporo,Shonan Bellmare,Consadole Sapporo,Shonan Bellmare,0,1,0,1,0.9
2023-09-16,Avispa Fukuoka,Nagoya Grampus,Avispa Fukuoka,Nagoya Grampus,1,0,0,0,1.0
2023-09-15,Yokohama F. Marinos,Sagan Tosu,Yokohama F. Marinos,Sagan Tosu,1,1,0,0,1.0
2023-09-15,Urawa Reds,Kyoto,Urawa Red Diamonds,Kyoto Sanga,0,0,0,0,0.6933333333333334
2023-09-15,Kawasaki Frontale,FC Tokyo,Kawasaki Frontale,FC Tokyo,1,0,0,0,1.0
2023-09-03,Vissel Kobe,Kyoto,Vissel Kobe,Kyoto Sanga,2,1,1,1,0.8333333333333333
2023-09-03,FC Tokyo,Avispa Fukuoka,FC Tokyo,Avispa Fukuoka,1,2,0,2,1.0
2023-09-02,Shonan Bellmare,Kashima Antlers,Shonan Bellmare,Kashima Antlers,2,2,2,1,1.0
2023-09-02,Sagan Tosu,Sanfrecce Hiroshima,Sagan Tosu,Sanfrecce Hiroshima,0,2,0,1,1.0
2023-09-02,Nagoya Grampus,Yokohama FC,Nagoya Grampus,Yokohama FC,1,1,1,0,1.0
2023-09-02,Kashiwa Reysol,Yokohama F. Marinos,Kashiwa Reysol,Yokohama F. Marinos,2,0,0,0,1.0
2023-09-02,Hokkaido Consadole Sapporo,Gamba Osaka,Consadole Sapporo,Gamba Osaka,4,0,1,0,0.9
2023-09-02,Cerezo Osaka,Kawasaki Frontale,Cerezo Osaka,Kawasaki Frontale,3,0,0,0,1.0
2023-09-02,Albirex Niigata,Urawa Reds,Albirex Niigata,Urawa Red Diamonds,1,1,0,1,0.86
2023-08-26,Yokohama FC,Yokohama F. Marinos,Yokohama FC,Yokohama F. Marinos,4,1,1,1,1.0
2023-08-26,Sagan Tosu,Gamba Osaka,Sagan Tosu,Gamba Osaka,1,1,0,0,1.0
2023-08-26,Kyoto,Avispa Fukuoka,Kyoto Sanga,Avispa Fukuoka,2,0,2,0,0.8333333333333333
2023-08-26,Kawasaki Frontale,Hokkaido Consadole Sapporo,Kawasaki Frontale,Consadole Sapporo,2,2,0,2,0.9
2023-08-26,Kashiwa Reysol,Sanfrecce Hiroshima,Kashiwa Reysol,Sanfrecce Hiroshima,0,0,0,0,1.0
2023-08-26,Kashima Antlers,Albirex Niigata,Kashima Antlers,Albirex Niigata,2,0,2,0,1.0
2023-08-26,FC Tokyo,Vissel Kobe,FC Tokyo,Vissel Kobe,2,2,1,0,1.0
2023-08-26,Cerezo Osaka,Nagoya Grampus,Cerezo Osaka,Nagoya Grampus,3,1,1,1,1.0
2023-08-25,Shonan Bellmare,Urawa Reds,Shonan Bellmare,Urawa Red Diamonds,0,1,0,0,0.86
2023-08-20,Yokohama FC,Cerezo Osaka,Yokohama FC,Cerezo Osaka,0,1,0,0,1.0
2023-08-19,Yokohama F. Marinos,FC Tokyo,Yokohama F. Marinos,FC Tokyo,2,1,1,1,1.0
2023-08-19,Vissel Kobe,Kashiwa Reysol,Vissel Kobe,Kashiwa Reysol,1,1,0,1,1.0
2023-08-19,Sanfrecce Hiroshima,Kawasaki Frontale,Sanfrecce Hiroshima,Kawasaki Frontale,3,2,1,1,1.0
2023-08-19,Kyoto,Hokkaido Consadole Sapporo,Kyoto Sanga,Consadole Sapporo,3,0,1,0,0.7333333333333334
2023-08-19,Kashima Antlers,Sagan Tosu,Kashima Antlers,Sagan Tosu,2,1,1,0,1.0
2023-08-19,Gamba Osaka,Shonan Bellmare,Gamba Osaka,Shonan Bellmare,2,1,1,0,1.0
2023-08-18,Urawa Reds,Nagoya Grampus,Urawa Red Diamonds,Nagoya Grampus,1,0,1,0,0.86
2023-08-18,Avispa Fukuoka,Albirex Niigata,Avispa Fukuoka,Albirex Niigata,0,1,0,1,1.0
2023-08-13,Sanfrecce Hiroshima,Urawa Reds,Sanfrecce Hiroshima,Urawa Red Diamonds,2,1,0,1,0.86
2023-08-13,Nagoya Grampus,Kashima Antlers,Nagoya Grampus,Kashima Antlers,1,0,1,0,1.0
2023-08-12,Yokohama F. Marinos,Gamba Osaka,Yokohama F. Marinos,Gamba Osaka,2,1,1,1,1.0
2023-08-12,Kawasaki Frontale,Vissel Kobe,Kawasaki Frontale,Vissel Kobe,0,1,0,1,1.0
2023-08-12,Kashiwa Reysol,Cerezo Osaka,Kashiwa Reysol,Cerezo Osaka,1,1,1,0,1.0
2023-08-12,Hokkaido Consadole Sapporo,Sagan Tosu,Consadole Sapporo,Sagan Tosu,1,1,0,0,0.9
2023-08-12,FC Tokyo,Kyoto,FC Tokyo,Kyoto Sanga,2,0,1,0,0.8333333333333333
2023-08-12,Avispa Fukuoka,Yokohama FC,Avispa Fukuoka,Yokohama FC,2,0,1,0,1.0
2023-08-12,Albirex Niigata,Shonan Bellmare,Albirex Niigata,Shonan Bellmare,2,2,0,2,1.0
2023-08-06,Yokohama FC,Vissel Kobe,Yokohama FC,Vissel Kobe,2,0,1,0,1.0
2023-08-06,Urawa Reds,Yokohama F. Marinos,Urawa Red Diamonds,Yokohama F. Marinos,0,0,0,0,0.86
2023-08-06,Sagan Tosu,Avispa Fukuoka,Sagan Tosu,Avispa Fukuoka,0,1,0,1,1.0
2023-08-06,Kyoto,Kashiwa Reysol,Kyoto Sanga,Kashiwa Reysol,0,1,0,1,0.8333333333333333
2023-08-06,Kawasaki Frontale,Gamba Osaka,Kawasaki Frontale,Gamba Osaka,3,4,1,3,1.0
2023-08-06,Kashima Antlers,Hokkaido Consadole Sapporo,Kashima Antlers,Consadole Sapporo,3,0,2,0,0.9
2023-08-06,Cerezo Osaka,FC Tokyo,Cerezo Osaka,FC Tokyo,0,1,0,1,1.0
2023-08-05,Shonan Bellmare,Sanfrecce Hiroshima,Shonan Bellmare,Sanfrecce Hiroshima,1,0,0,0,1.0
2023-08-05,Nagoya Grampus,Albirex Niigata,Nagoya Grampus,Albirex Niigata,1,0,1,0,1.0
2023-07-22,Vissel Kobe,Kawasaki Frontale,Vissel Kobe,Kawasaki Frontale,2,2,0,2,1.0
2023-07-16,Vissel Kobe,Sagan Tosu,Vissel Kobe,Sagan Tosu,2,1,0,0,1.0
2023-07-16,Shonan Bellmare,Avispa Fukuoka,Shonan Bellmare,Avispa Fukuoka,0,1,0,0,1.0
2023-07-16,Sanfrecce Hiroshima,Yokohama FC,Sanfrecce Hiroshima,Yokohama FC,1,1,0,0,1.0
2023-07-16,Kyoto,Nagoya Grampus,Kyoto Sanga,Nagoya Grampus,2,1,1,0,0.8333333333333333
2023-07-16,Gamba Osaka,Kashiwa Reysol,Gamba Osaka,Kashiwa Reysol,3,1,1,1,1.0
2023-07-16,FC Tokyo,Kashima Antlers,FC Tokyo,Kashima Antlers,1,3,1,2,1.0
2023-07-16,Cerezo Osaka,Urawa Reds,Cerezo Osaka,Urawa Red Diamonds,2,0,2,0,0.86
2023-07-15,Yokohama F. Marinos,Kawasaki Frontale,Yokohama F. Marinos,Kawasaki Frontale,0,1,0,0,1.0
2023-07-15,Hokkaido Consadole Sapporo,Albirex Niigata,Consadole Sapporo,Albirex Niigata,0,1,0,0,0.9
2023-07-08,Urawa Reds,FC Tokyo,Urawa Red Diamonds,FC Tokyo,0,0,0,0,0.86
2023-07-08,Sanfrecce Hiroshima,Kashima Antlers,Sanfrecce Hiroshima,Kashima Antlers,1,1,0,1,1.0
2023-07-08,Sagan Tosu,Cerezo Osaka,Sagan Tosu,Cerezo Osaka,2,1,0,1,1.0
2023-07-08,Nagoya Grampus,Yokohama F. Marinos,Nagoya Grampus,Yokohama F. Marinos,2,2,1,2,1.0
2023-07-08,Kawasaki Frontale,Yokohama FC,Kawasaki Frontale,Yokohama FC,3,0,2,0,1.0
2023-07-08,Kashiwa Reysol,Shonan Bellmare,Kashiwa Reysol,Shonan Bellmare,1,1,1,0,1.0
2023-07-08,Gamba Osaka,Kyoto,Gamba Osaka,Kyoto Sanga,1,0,0,0,0.8333333333333333
2023-07-08,Avispa Fukuoka,Hokkaido Consadole Sapporo,Avispa Fukuoka,Consadole Sapporo,2,1,0,1,0.9
2023-07-07,Albirex Niigata,Vissel Kobe,Albirex Niigata,Vissel Kobe,0,1,0,1,1.0
2023-07-02,Yokohama F. Marinos,Shonan Bellmare,Yokohama F. Marinos,Shonan Bellmare,4,1,2,0,1.0
2023-07-01,Yokohama FC,Gamba Osaka,Yokohama FC,Gamba Osaka,0,0,0,0,1.0
2023-07-01,Vissel Kobe,Hokkaido Consadole Sapporo,Vissel Kobe,Consadole Sapporo,1,1,0,1,0.9
2023-07-01,Sagan Tosu,Urawa Reds,Sagan Tosu,Urawa Red Diamonds,1,2,1,2,0.86
2023-07-01,Nagoya Grampus,Kawasaki Frontale,Nagoya Grampus,Kawasaki Frontale,2,0,1,0,1.0
2023-07-01,Kashima Antlers,Kyoto,Kashima Antlers,Kyoto Sanga,0,0,0,0,0.8333333333333333
2023-07-01,FC Tokyo,Kashiwa Reysol,FC Tokyo,Kashiwa Reysol,1,0,1,0,1.0
2023-07-01,Albirex Niigata,Sanfrecce Hiroshima,Albirex Niigata,Sanfrecce Hiroshima,2,0,2,0,1.0
2023-06-30,Cerezo Osaka,Avispa Fukuoka,Cerezo Osaka,Avispa Fukuoka,0,1,0,1,1.0
2023-06-28,Urawa Reds,Shonan Bellmare,Urawa Red Diamonds,Shonan Bellmare,4,1,1,0,0.86
2023-06-25,Avispa Fukuoka,Vissel Kobe,Avispa Fukuoka,Vissel Kobe,0,3,0,1,1.0
2023-06-24,Urawa Reds,Kawasaki Frontale,Urawa Red Diamonds,Kawasaki Frontale,1,1,0,0,0.86
2023-06-24,Shonan Bellmare,Sagan Tosu,Shonan Bellmare,Sagan Tosu,0,6,0,2,1.0
2023-06-24,Sanfrecce Hiroshima,Yokohama F. Marinos,Sanfrecce Hiroshima,Yokohama F. Marinos,0,1,0,1,1.0
2023-06-24,Kyoto,Yokohama FC,Kyoto Sanga,Yokohama FC,2,1,0,0,0.8333333333333333
2023-06-24,Kashiwa Reysol,Albirex Niigata,Kashiwa Reysol,Albirex Niigata,0,0,0,0,1.0
2023-06-24,Hokkaido Consadole Sapporo,Cerezo Osaka,Consadole Sapporo,Cerezo Osaka,1,4,1,3,0.9
2023-06-24,Gamba Osaka,Kashima Antlers,Gamba Osaka,Kashima Antlers,2,1,2,0,1.0
2023-06-24,FC Tokyo,Nagoya Grampus,FC Tokyo,Nagoya Grampus,2,0,1,0,1.0
2023-06-11,Yokohama FC,Urawa Reds,Yokohama FC,Urawa Red Diamonds,0,0,0,0,0.86
2023-06-11,Nagoya Grampus,Avispa Fukuoka,Nagoya Grampus,Avispa Fukuoka,2,1,1,0,1.0
2023-06-11,Kawasaki Frontale,Sanfrecce Hiroshima,Kawasaki Frontale,Sanfrecce Hiroshima,1,0,0,0,1.0
2023-06-11,Kashima Antlers,Shonan Bellmare,Kashima Antlers,Shonan Bellmare,1,0,1,0,1.0
2023-06-11,Gamba Osaka,FC Tokyo,Gamba Osaka,FC Tokyo,3,1,2,0,1.0
2023-06-11,Albirex Niigata,Kyoto,Albirex Niigata,Kyoto Sanga,1,3,0,1,0.8333333333333333
2023-06-10,Yokohama F. Marinos,Kashiwa Reysol,Yokohama F. Marinos,Kashiwa Reysol,4,3,2,1,1.0
2023-06-10,Sagan Tosu,Hokkaido Consadole Sapporo,Sagan Tosu,Consadole Sapporo,1,1,0,1,0.9
2023-06-10,Cerezo Osaka,Vissel Kobe,Cerezo Osaka,Vissel Kobe,2,1,0,0,1.0
2023-06-04,Urawa Reds,Kashima Antlers,Urawa Red Diamonds,Kashima Antlers,0,0,0,0,0.86
2023-06-04,Sanfrecce Hiroshima,Kyoto,Sanfrecce Hiroshima,Kyoto Sanga,3,1,0,0,0.8333333333333333
2023-06-03,Yokohama FC,Sagan Tosu,Yokohama FC,Sagan Tosu,1,2,0,0,1.0
2023-06-03,Shonan Bellmare,Albirex Niigata,Shonan Bellmare,Albirex Niigata,2,2,1,1,1.0
2023-06-03,Nagoya Grampus,Cerezo Osaka,Nagoya Grampus,Cerezo Osaka,3,1,3,1,1.0
2023-06-03,Kashiwa Reysol,Hokkaido Consadole Sapporo,Kashiwa Reysol,Consadole Sapporo,4,5,2,3,0.9
2023-06-03,FC Tokyo,Yokohama F. Marinos,FC Tokyo,Yokohama F. Marinos,2,3,2,1,1.0
2023-06-03,Avispa Fukuoka,Gamba Osaka,Avispa Fukuoka,Gamba Osaka,1,2,1,2,1.0
2023-05-31,Urawa Reds,Sanfrecce Hiroshima,Urawa Red Diamonds,Sanfrecce Hiroshima,2,1,0,0,0.86
2023-05-28,Yokohama F. Marinos,Avispa Fukuoka,Yokohama F. Marinos,Avispa Fukuoka,2,0,2,0,1.0
2023-05-28,Kawasaki Frontale,Kashiwa Reysol,Kawasaki Frontale,Kashiwa Reysol,2,0,2,0,1.0
2023-05-28,Cerezo Osaka,Yokohama FC,Cerezo Osaka,Yokohama FC,2,0,1,0,1.0
2023-05-28,Albirex Niigata,Gamba Osaka,Albirex Niigata,Gamba Osaka,1,3,0,2,1.0
2023-05-27,Vissel Kobe,FC Tokyo,Vissel Kobe,FC Tokyo,3,2,3,0,1.0
2023-05-27,Sanfrecce Hiroshima,Shonan Bellmare,Sanfrecce Hiroshima,Shonan Bellmare,1,0,0,0,1.0
2023-05-27,Sagan Tosu,Kashima Antlers,Sagan Tosu,Kashima Antlers,2,2,1,1,1.0
2023-05-27,Kyoto,Urawa Reds,Kyoto Sanga,Urawa Red Diamonds,0,2,0,0,0.6933333333333334
2023-05-27,Hokkaido Consadole Sapporo,Nagoya Grampus,Consadole Sapporo,Nagoya Grampus,1,2,0,1,0.9
2023-05-20,Yokohama FC,Kawasaki Frontale,Yokohama FC,Kawasaki Frontale,2,1,1,0,1.0
2023-05-20,Shonan Bellmare,Cerezo Osaka,Shonan Bellmare,Cerezo Osaka,0,2,0,0,1.0
2023-05-20,Sagan Tosu,Albirex Niigata,Sagan Tosu,Albirex Niigata,2,0,1,0,1.0
2023-05-20,Nagoya Grampus,Sanfrecce Hiroshima,Nagoya Grampus,Sanfrecce Hiroshima,2,1,1,1,1.0
2023-05-20,Kashiwa Reysol,Vissel Kobe,Kashiwa Reysol,Vissel Kobe,1,1,0,1,1.0
2023-05-20,Kashima Antlers,FC Tokyo,Kashima Antlers,FC Tokyo,1,1,1,1,1.0
2023-05-20,Gamba Osaka,Yokohama F. Marinos,Gamba Osaka,Yokohama F. Marinos,0,2,0,1,1.0
2023-05-20,Avispa Fukuoka,Urawa Reds,Avispa Fukuoka,Urawa Red Diamonds,0,0,0,0,0.86
2023-05-19,Hokkaido Consadole Sapporo,Kyoto,Consadole Sapporo,Kyoto Sanga,2,1,1,1,0.7333333333333334
2023-05-14,Urawa Reds,Gamba Osaka,Urawa Red Diamonds,Gamba Osaka,3,1,1,1,0.86
2023-05-14,Kyoto,Cerezo Osaka,Kyoto Sanga,Cerezo Osaka,0,1,0,1,0.8333333333333333
2023-05-14,Kashima Antlers,Nagoya Grampus,Kashima Antlers,Nagoya Grampus,2,0,1,0,1.0
2023-05-14,Avispa Fukuoka,Sagan Tosu,Avispa Fukuoka,Sagan Tosu,0,0,0,0,1.0
2023-05-14,Albirex Niigata,Yokohama F. Marinos,Albirex Niigata,Yokohama F. Marinos,2,1,0,1,1.0
2023-05-13,Vissel Kobe,Sanfrecce Hiroshima,Vissel Kobe,Sanfrecce Hiroshima,2,0,0,0,1.0
2023-05-13,Shonan Bellmare,Hokkaido Consadole Sapporo,Shonan Bellmare,Consadole Sapporo,2,4,0,1,0.9
2023-05-13,Kashiwa Reysol,Yokohama FC,Kashiwa Reysol,Yokohama FC,0,1,0,0,1.0
2023-05-12,FC Tokyo,Kawasaki Frontale,FC Tokyo,Kawasaki Frontale,2,1,2,1,1.0
2023-05-10,Urawa Reds,Sagan Tosu,Urawa Red Diamonds,Sagan Tosu,0,2,0,0,0.86
2023-05-07,Yokohama F. Marinos,Kyoto,Yokohama F. Marinos,Kyoto Sanga,4,1,1,1,0.8333333333333333
2023-05-07,Vissel Kobe,Yokohama FC,Vissel Kobe,Yokohama FC,3,0,1,0,1.0
2023-05-07,Sanfrecce Hiroshima,Avispa Fukuoka,Sanfrecce Hiroshima,Avispa Fukuoka,3,1,0,1,1.0
2023-05-07,Kawasaki Frontale,Sagan Tosu,Kawasaki Frontale,Sagan Tosu,1,0,0,0,1.0
2023-05-07,Cerezo Osaka,Kashima Antlers,Cerezo Osaka,Kashima Antlers,0,1,0,0,1.0
2023-05-07,Albirex Niigata,Kashiwa Reysol,Albirex Niigata,Kashiwa Reysol,0,0,0,0,1.0
2023-05-06,Nagoya Grampus,Gamba Osaka,Nagoya Grampus,Gamba Osaka,1,0,0,0,1.0
2023-05-06,Hokkaido Consadole Sapporo,FC Tokyo,Consadole Sapporo,FC Tokyo,5,1,3,0,0.9
2023-05-03,Yokohama FC,Albirex Niigata,Yokohama FC,Albirex Niigata,1,0,0,0,1.0
2023-05-03,Shonan Bellmare,Kashiwa Reysol,Shonan Bellmare,Kashiwa Reysol,1,2,1,1,1.0
2023-05-03,Sagan Tosu,Yokohama F. Marinos,Sagan Tosu,Yokohama F. Marinos,1,3,1,2,1.0
2023-05-03,Nagoya Grampus,Vissel Kobe,Nagoya Grampus,Vissel Kobe,2,2,0,1,1.0
2023-05-03,Kyoto,Kawasaki Frontale,Kyoto Sanga,Kawasaki Frontale,0,1,0,0,0.8333333333333333
2023-05-03,Hokkaido Consadole Sapporo,Kashima Antlers,Consadole Sapporo,Kashima Antlers,0,1,0,1,0.9
2023-05-03,Gamba Osaka,Cerezo Osaka,Gamba Osaka,Cerezo Osaka,1,2,0,1,1.0
2023-05-03,Avispa Fukuoka,FC Tokyo,Avispa Fukuoka,FC Tokyo,1,0,0,0,1.0
2023-04-29,Yokohama FC,Hokkaido Consadole Sapporo,Yokohama FC,Consadole Sapporo,1,4,1,2,0.9
2023-04-29,Yokohama F. Marinos,Nagoya Grampus,Yokohama F. Marinos,Nagoya Grampus,1,1,0,1,1.0
2023-04-29,Vissel Kobe,Shonan Bellmare,Vissel Kobe,Shonan Bellmare,2,0,1,0,1.0
2023-04-29,Kashiwa Reysol,Kyoto,Kashiwa Reysol,Kyoto Sanga,1,1,0,1,0.8333333333333333
2023-04-29,Kashima Antlers,Gamba Osaka,Kashima Antlers,Gamba Osaka,4,0,0,0,1.0
2023-04-29,FC Tokyo,Albirex Niigata,FC Tokyo,Albirex Niigata,2,1,2,1,1.0
2023-04-29,Cerezo Osaka,Sanfrecce Hiroshima,Cerezo Osaka,Sanfrecce Hiroshima,0,1,0,0,1.0
2023-04-29,Avispa Fukuoka,Kawasaki Frontale,Avispa Fukuoka,Kawasaki Frontale,1,3,0,1,1.0
2023-04-23,Nagoya Grampus,Shonan Bellmare,Nagoya Grampus,Shonan Bellmare,2,2,1,0,1.0
2023-04-23,Kyoto,Sagan Tosu,Kyoto Sanga,Sagan Tosu,2,3,1,3,0.8333333333333333
2023-04-23,Kawasaki Frontale,Urawa Reds,Kawasaki Frontale,Urawa Red Diamonds,1,1,0,0,0.86
2023-04-23,Hokkaido Consadole Sapporo,Avispa Fukuoka,Consadole Sapporo,Avispa Fukuoka,2,2,2,0,0.9
2023-04-23,Gamba Osaka,Yokohama FC,Gamba Osaka,Yokohama FC,1,1,1,1,1.0
2023-04-23,Cerezo Osaka,Kashiwa Reysol,Cerezo Osaka,Kashiwa Reysol,1,0,1,0,1.0
2023-04-23,Albirex Niigata,Kashima Antlers,Albirex Niigata,Kashima Antlers,0,2,0,2,1.0
2023-04-22,Vissel Kobe,Yokohama F. Marinos,Vissel Kobe,Yokohama F. Marinos,2,3,2,2,1.0
2023-04-22,Sanfrecce Hiroshima,FC Tokyo,Sanfrecce Hiroshima,FC Tokyo,1,2,1,2,1.0
2023-04-15,Yokohama FC,Sanfrecce Hiroshima,Yokohama FC,Sanfrecce Hiroshima,0,3,0,0,1.0
2023-04-15,Urawa Reds,Hokkaido Consadole Sapporo,Urawa Red Diamonds,Consadole Sapporo,4,1,0,0,0.76
2023-04-15,Shonan Bellmare,Yokohama F. Marinos,Shonan Bellmare,Yokohama F. Marinos,1,1,0,0,1.0
2023-04-15,Sagan Tosu,Kashiwa Reysol,Sagan Tosu,Kashiwa Reysol,1,1,0,0,1.0
2023-04-15,Kyoto,Gamba Osaka,Kyoto Sanga,Gamba Osaka,2,1,1,1,0.8333333333333333
2023-04-15,Kawasaki Frontale,Nagoya Grampus,Kawasaki Frontale,Nagoya Grampus,1,2,0,2,1.0
2023-04-15,Kashima Antlers,Vissel Kobe,Kashima Antlers,Vissel Kobe,1,5,0,2,1.0
2023-04-15,FC Tokyo,Cerezo Osaka,FC Tokyo,Cerezo Osaka,1,2,0,0,1.0
2023-04-15,Albirex Niigata,Avispa Fukuoka,Albirex Niigata,Avispa Fukuoka,3,2,0,2,1.0
2023-04-09,Vissel Kobe,Albirex Niigata,Vissel Kobe,Albirex Niigata,0,0,0,0,1.0
2023-04-09,Sanfrecce Hiroshima,Sagan Tosu,Sanfrecce Hiroshima,Sagan Tosu,1,0,0,0,1.0
2023-04-09,Nagoya Grampus,Urawa Reds,Nagoya Grampus,Urawa Red Diamonds,0,0,0,0,0.86
2023-04-09,Kashiwa Reysol,Kashima Antlers,Kashiwa Reysol,Kashima Antlers,1,0,1,0,1.0
2023-04-09,Gamba Osaka,Kawasaki Frontale,Gamba Osaka,Kawasaki Frontale,2,0,1,0,1.0
2023-04-09,FC Tokyo,Shonan Bellmare,FC Tokyo,Shonan Bellmare,2,2,1,0,1.0
2023-04-09,Cerezo Osaka,Hokkaido Consadole Sapporo,Cerezo Osaka,Consadole Sapporo,2,3,1,2,0.9
2023-04-09,Avispa Fukuoka,Kyoto,Avispa Fukuoka,Kyoto Sanga,2,1,0,0,0.8333333333333333
2023-04-08,Yokohama F. Marinos,Yokohama FC,Yokohama F. Marinos,Yokohama FC,5,0,0,0,1.0
2023-04-01,Yokohama FC,Avispa Fukuoka,Yokohama FC,Avispa Fukuoka,1,1,1,1,1.0
2023-04-01,Shonan Bellmare,Gamba Osaka,Shonan Bellmare,Gamba Osaka,4,1,4,0,1.0
2023-04-01,Sagan Tosu,FC Tokyo,Sagan Tosu,FC Tokyo,1,0,0,0,1.0
2023-04-01,Kyoto,Vissel Kobe,Kyoto Sanga,Vissel Kobe,0,3,0,0,0.8333333333333333
2023-04-01,Kashima Antlers,Sanfrecce Hiroshima,Kashima Antlers,Sanfrecce Hiroshima,1,2,0,0,1.0
2023-04-01,Hokkaido Consadole Sapporo,Kawasaki Frontale,Consadole Sapporo,Kawasaki Frontale,3,4,2,3,0.9
2023-04-01,Cerezo Osaka,Yokohama F. Marinos,Cerezo Osaka,Yokohama F. Marinos,2,1,2,0,1.0
2023-04-01,Albirex Niigata,Nagoya Grampus,Albirex Niigata,Nagoya Grampus,1,3,1,0,1.0
2023-03-31,Kashiwa Reysol,Urawa Reds,Kashiwa Reysol,Urawa Red Diamonds,0,3,0,1,0.86
2023-03-19,Sanfrecce Hiroshima,Kashiwa Reysol,Sanfrecce Hiroshima,Kashiwa Reysol,1,0,0,0,1.0
2023-03-19,Avispa Fukuoka,Shonan Bellmare,Avispa Fukuoka,Shonan Bellmare,2,1,0,0,1.0
2023-03-18,Yokohama FC,Kyoto,Yokohama FC,Kyoto Sanga,1,4,1,1,0.8333333333333333
2023-03-18,Yokohama F. Marinos,Kashima Antlers,Yokohama F. Marinos,Kashima Antlers,2,1,0,0,1.0
2023-03-18,Urawa Reds,Albirex Niigata,Urawa Red Diamonds,Albirex Niigata,2,1,2,1,0.86
2023-03-18,Sagan Tosu,Vissel Kobe,Sagan Tosu,Vissel Kobe,0,1,0,1,1.0
2023-03-18,Nagoya Grampus,FC Tokyo,Nagoya Grampus,FC Tokyo,0,0,0,0,1.0
2023-03-18,Kawasaki Frontale,Cerezo Osaka,Kawasaki Frontale,Cerezo Osaka,0,0,0,0,1.0
2023-03-18,Gamba Osaka,Hokkaido Consadole Sapporo,Gamba Osaka,Consadole Sapporo,2,2,0,2,0.9
2023-03-12,Shonan Bellmare,Kyoto,Shonan Bellmare,Kyoto Sanga,0,2,0,0,0.8333333333333333
2023-03-12,Kashiwa Reysol,Nagoya Grampus,Kashiwa Reysol,Nagoya Grampus,0,3,0,1,1.0
2023-03-12,Kashima Antlers,Avispa Fukuoka,Kashima Antlers,Avispa Fukuoka,0,0,0,0,1.0
2023-03-12,Hokkaido Consadole Sapporo,Yokohama F. Marinos,Consadole Sapporo,Yokohama F. Marinos,2,0,1,0,0.9
2023-03-12,Gamba Osaka,Sanfrecce Hiroshima,Gamba Osaka,Sanfrecce Hiroshima,1,2,0,1,1.0
2023-03-12,FC Tokyo,Yokohama FC,FC Tokyo,Yokohama FC,3,1,2,1,1.0
2023-03-12,Cerezo Osaka,Sagan Tosu,Cerezo Osaka,Sagan Tosu,2,1,1,0,1.0
2023-03-11,Vissel Kobe,Urawa Reds,Vissel Kobe,Urawa Red Diamonds,0,1,0,1,0.86
2023-03-11,Albirex Niigata,Kawasaki Frontale,Albirex Niigata,Kawasaki Frontale,1,0,1,0,1.0
2023-03-04,Yokohama FC,Kashima Antlers,Yokohama FC,Kashima Antlers,1,3,1,2,1.0
2023-03-04,Vissel Kobe,Gamba Osaka,Vissel Kobe,Gamba Osaka,4,0,1,0,1.0
2023-03-04,Urawa Reds,Cerezo Osaka,Urawa Red Diamonds,Cerezo Osaka,2,1,0,1,0.86
2023-03-04,Sagan Tosu,Nagoya Grampus,Sagan Tosu,Nagoya Grampus,1,0,0,0,1.0
2023-03-04,Kyoto,FC Tokyo,Kyoto Sanga,FC Tokyo,2,0,0,0,0.8333333333333333
2023-03-04,Kawasaki Frontale,Shonan Bellmare,Kawasaki Frontale,Shonan Bellmare,1,1,0,0,1.0
2023-03-04,Avispa Fukuoka,Kashiwa Reysol,Avispa Fukuoka,Kashiwa Reysol,1,0,0,0,1.0
2023-03-04,Albirex Niigata,Hokkaido Consadole Sapporo,Albirex Niigata,Consadole Sapporo,2,2,2,1,0.9
2023-03-03,Yokohama F. Marinos,Sanfrecce Hiroshima,Yokohama F. Marinos,Sanfrecce Hiroshima,1,1,1,1,1.0
2023-02-26,Sanfrecce Hiroshima,Albirex Niigata,Sanfrecce Hiroshima,Albirex Niigata,1,2,0,2,1.0
2023-02-26,Kashiwa Reysol,FC Tokyo,Kashiwa Reysol,FC Tokyo,1,1,1,1,1.0
2023-02-25,Yokohama F. Marinos,Urawa Reds,Yokohama F. Marinos,Urawa Red Diamonds,2,0,1,0,0.86
2023-02-25,Nagoya Grampus,Kyoto,Nagoya Grampus,Kyoto Sanga,1,0,0,0,0.8333333333333333
2023-02-25,Kashima Antlers,Kawasaki Frontale,Kashima Antlers,Kawasaki Frontale,1,2,1,0,1.0
2023-02-25,Hokkaido Consadole Sapporo,Vissel Kobe,Consadole Sapporo,Vissel Kobe,1,3,0,1,0.9
2023-02-25,Gamba Osaka,Sagan Tosu,Gamba Osaka,Sagan Tosu,1,1,0,0,1.0
2023-02-25,Avispa Fukuoka,Cerezo Osaka,Avispa Fukuoka,Cerezo Osaka,2,1,0,0,1.0
2023-02-24,Shonan Bellmare,Yokohama FC,Shonan Bellmare,Yokohama FC,2,2,2,1,1.0
2023-02-18,Yokohama FC,Nagoya Grampus,Yokohama FC,Nagoya Grampus,0,1,0,1,1.0
2023-02-18,Vissel Kobe,Avispa Fukuoka,Vissel Kobe,Avispa Fukuoka,1,0,0,0,1.0
2023-02-18,Sanfrecce Hiroshima,Hokkaido Consadole Sapporo,Sanfrecce Hiroshima,Consadole Sapporo,0,0,0,0,0.9
2023-02-18,Sagan Tosu,Shonan Bellmare,Sagan Tosu,Shonan Bellmare,1,5,1,3,1.0
2023-02-18,Kyoto,Kashima Antlers,Kyoto Sanga,Kashima Antlers,0,2,0,2,0.8333333333333333
2023-02-18,Kashiwa Reysol,Gamba Osaka,Kashiwa Reysol,Gamba Osaka,2,2,1,0,1.0
2023-02-18,FC Tokyo,Urawa Reds,FC Tokyo,Urawa Red Diamonds,2,0,0,0,0.86
2023-02-18,Cerezo Osaka,Albirex Niigata,Cerezo Osaka,Albirex Niigata,2,2,1,1,1.0
2023-02-17,Kawasaki Frontale,Yokohama F. Marinos,Kawasaki Frontale,Yokohama F. Marinos,1,2,0,2,1.0
2022-11-05,Vissel Kobe,Yokohama F. Marinos,Vissel Kobe,Yokohama F. Marinos,1,3,1,1,1.0
2022-11-05,Urawa Reds,Avispa Fukuoka,Urawa Red Diamonds,Avispa Fukuoka,1,1,0,0,0.86
2022-11-05,Sagan Tosu,Sanfrecce Hiroshima,Sagan Tosu,Sanfrecce Hiroshima,2,2,0,2,1.0
2022-11-05,Kashiwa Reysol,Shonan Bellmare,Kashiwa Reysol,Shonan Bellmare,1,2,0,1,1.0
2022-11-05,Kashima Antlers,Gamba Osaka,Kashima Antlers,Gamba Osaka,0,0,0,0,1.0
2022-11-05,Iwata,Kyoto,Jubilo Iwata,Kyoto Sanga,0,0,0,0,0.6458333333333333
2022-11-05,Hokkaido Consadole Sapporo,Shimizu S-Pulse,Consadole Sapporo,Shimizu S-Pulse,4,3,1,0,0.9
2022-11-05,FC Tokyo,Kawasaki Frontale,FC Tokyo,Kawasaki Frontale,2,3,0,1,1.0
2022-11-05,Cerezo Osaka,Nagoya Grampus,Cerezo Osaka,Nagoya Grampus,0,1,0,0,1.0
2022-10-29,Yokohama F. Marinos,Urawa Reds,Yokohama F. Marinos,Urawa Red Diamonds,4,1,2,0,0.86
2022-10-29,Shonan Bellmare,Sagan Tosu,Shonan Bellmare,Sagan Tosu,3,0,2,0,1.0
2022-10-29,Shimizu S-Pulse,Kashima Antlers,Shimizu S-Pulse,Kashima Antlers,0,1,0,0,1.0
2022-10-29,Sanfrecce Hiroshima,Hokkaido Consadole Sapporo,Sanfrecce Hiroshima,Consadole Sapporo,1,2,1,1,0.9
2022-10-29,Nagoya Grampus,FC Tokyo,Nagoya Grampus,FC Tokyo,2,1,1,0,1.0
2022-10-29,Kyoto,Cerezo Osaka,Kyoto Sanga,Cerezo Osaka,0,0,0,0,0.8333333333333333
2022-10-29,Kawasaki Frontale,Vissel Kobe,Kawasaki Frontale,Vissel Kobe,2,1,1,0,1.0
2022-10-29,Gamba Osaka,Iwata,Gamba Osaka,Jubilo Iwata,2,0,0,0,0.8125
2022-10-29,Avispa Fukuoka,Kashiwa Reysol,Avispa Fukuoka,Kashiwa Reysol,2,1,2,0,1.0
2022-10-22,Shimizu S-Pulse,Iwata,Shimizu S-Pulse,Jubilo Iwata,1,1,1,0,0.8125
2022-10-12,Yokohama F. Marinos,Iwata,Yokohama F. Marinos,Jubilo Iwata,0,1,0,0,0.8125
2022-10-12,Vissel Kobe,Shonan Bellmare,Vissel Kobe,Shonan Bellmare,1,0,0,0,1.0
2022-10-12,Urawa Reds,Hokkaido Consadole Sapporo,Urawa Red Diamonds,Consadole Sapporo,1,1,0,0,0.76
2022-10-12,Kawasaki Frontale,Kyoto,Kawasaki Frontale,Kyoto Sanga,3,1,2,0,0.8333333333333333
2022-10-12,FC Tokyo,Cerezo Osaka,FC Tokyo,Cerezo Osaka,4,0,0,0,1.0
2022-10-08,Yokohama F. Marinos,Gamba Osaka,Yokohama F. Marinos,Gamba Osaka,0,2,0,1,1.0
2022-10-08,Vissel Kobe,Sanfrecce Hiroshima,Vissel Kobe,Sanfrecce Hiroshima,4,0,1,0,1.0
2022-10-08,Urawa Reds,Sagan Tosu,Urawa Red Diamonds,Sagan Tosu,2,1,1,0,0.86
2022-10-08,Kyoto,Nagoya Grampus,Kyoto Sanga,Nagoya Grampus,1,1,0,1,0.8333333333333333
2022-10-08,Kawasaki Frontale,Shimizu S-Pulse,Kawasaki Frontale,Shimizu S-Pulse,3,2,1,0,1.0
2022-10-08,Kashiwa Reysol,Cerezo Osaka,Kashiwa Reysol,Cerezo Osaka,0,0,0,0,1.0
2022-10-08,Iwata,Kashima Antlers,Jubilo Iwata,Kashima Antlers,3,3,3,1,0.8125
2022-10-08,Hokkaido Consadole Sapporo,Avispa Fukuoka,Consadole Sapporo,Avispa Fukuoka,1,2,1,0,0.9
2022-10-08,FC Tokyo,Shonan Bellmare,FC Tokyo,Shonan Bellmare,0,2,0,0,1.0
2022-10-01,Sanfrecce Hiroshima,Urawa Reds,Sanfrecce Hiroshima,Urawa Red Diamonds,4,1,1,0,0.86
2022-10-01,Sagan Tosu,Kyoto,Sagan Tosu,Kyoto Sanga,0,1,0,1,0.8333333333333333
2022-10-01,Nagoya Grampus,Yokohama F. Marinos,Nagoya Grampus,Yokohama F. Marinos,0,4,0,1,1.0
2022-10-01,Kashima Antlers,FC Tokyo,Kashima Antlers,FC Tokyo,0,1,0,0,1.0
2022-10-01,Hokkaido Consadole Sapporo,Kawasaki Frontale,Consadole Sapporo,Kawasaki Frontale,4,3,2,1,0.9
2022-10-01,Gamba Osaka,Kashiwa Reysol,Gamba Osaka,Kashiwa Reysol,0,0,0,0,1.0
2022-10-01,Cerezo Osaka,Shonan Bellmare,Cerezo Osaka,Shonan Bellmare,1,1,0,0,1.0
2022-10-01,Avispa Fukuoka,Vissel Kobe,Avispa Fukuoka,Vissel Kobe,0,1,0,1,1.0
2022-09-18,Yokohama F. Marinos,Hokkaido Consadole Sapporo,Yokohama F. Marinos,Consadole Sapporo,0,0,0,0,0.9
2022-09-18,Vissel Kobe,Gamba Osaka,Vissel Kobe,Gamba Osaka,2,1,0,0,1.0
2022-09-18,FC Tokyo,Kyoto,FC Tokyo,Kyoto Sanga,2,0,1,0,0.8333333333333333
2022-09-17,Shonan Bellmare,Urawa Reds,Shonan Bellmare,Urawa Red Diamonds,0,0,0,0,0.86
2022-09-17,Nagoya Grampus,Sanfrecce Hiroshima,Nagoya Grampus,Sanfrecce Hiroshima,0,0,0,0,1.0
2022-09-17,Kashiwa Reysol,Kawasaki Frontale,Kashiwa Reysol,Kawasaki Frontale,1,1,0,1,1.0
2022-09-17,Iwata,Cerezo Osaka,Jubilo Iwata,Cerezo Osaka,2,2,0,1,0.8125
2022-09-17,Avispa Fukuoka,Shimizu S-Pulse,Avispa Fukuoka,Shimizu S-Pulse,3,2,2,1,1.0
2022-09-16,Sagan Tosu,Kashima Antlers,Sagan Tosu,Kashima Antlers,1,1,1,0,1.0
2022-09-14,Vissel Kobe,FC Tokyo,Vissel Kobe,FC Tokyo,2,1,2,0,1.0
2022-09-14,Urawa Reds,Cerezo Osaka,Urawa Red Diamonds,Cerezo Osaka,0,1,0,1,0.86
2022-09-14,Nagoya Grampus,Kawasaki Frontale,Nagoya Grampus,Kawasaki Frontale,1,1,0,0,1.0
2022-09-14,Kyoto,Yokohama F. Marinos,Kyoto Sanga,Yokohama F. Marinos,1,2,0,1,0.8333333333333333
2022-09-11,Hokkaido Consadole Sapporo,Iwata,Consadole Sapporo,Jubilo Iwata,4,0,2,0,0.7125
2022-09-10,Yokohama F. Marinos,Avispa Fukuoka,Yokohama F. Marinos,Avispa Fukuoka,1,0,1,0,1.0
2022-09-10,Vissel Kobe,Nagoya Grampus,Vissel Kobe,Nagoya Grampus,0,0,0,0,1.0
2022-09-10,Urawa Reds,Kashiwa Reysol,Urawa Red Diamonds,Kashiwa Reysol,4,1,2,0,0.86
2022-09-10,Shimizu S-Pulse,Shonan Bellmare,Shimizu S-Pulse,Shonan Bellmare,1,1,1,0,1.0
2022-09-10,Kyoto,Kashima Antlers,Kyoto Sanga,Kashima Antlers,1,1,1,0,0.8333333333333333
2022-09-10,Kawasaki Frontale,Sanfrecce Hiroshima,Kawasaki Frontale,Sanfrecce Hiroshima,4,0,1,0,1.0
2022-09-10,Gamba Osaka,FC Tokyo,Gamba Osaka,FC Tokyo,0,0,0,0,1.0
2022-09-10,Cerezo Osaka,Sagan Tosu,Cerezo Osaka,Sagan Tosu,2,1,0,0,1.0
2022-09-07,Yokohama F. Marinos,Shonan Bellmare,Yokohama F. Marinos,Shonan Bellmare,3,0,0,0,1.0
2022-09-03,Shonan Bellmare,Kawasaki Frontale,Shonan Bellmare,Kawasaki Frontale,2,1,0,1,1.0
2022-09-03,Sanfrecce Hiroshima,Shimizu S-Pulse,Sanfrecce Hiroshima,Shimizu S-Pulse,2,0,0,0,1.0
2022-09-03,Kyoto,Vissel Kobe,Kyoto Sanga,Vissel Kobe,2,0,2,0,0.8333333333333333
2022-09-03,Kashima Antlers,Urawa Reds,Kashima Antlers,Urawa Red Diamonds,2,2,2,1,0.86
2022-09-03,Iwata,Kashiwa Reysol,Jubilo Iwata,Kashiwa Reysol,2,2,0,2,0.8125
2022-09-03,Gamba Osaka,Sagan Tosu,Gamba Osaka,Sagan Tosu,0,3,0,1,1.0
2022-09-03,FC Tokyo,Yokohama F. Marinos,FC Tokyo,Yokohama F. Marinos,2,2,0,2,1.0
2022-09-03,Avispa Fukuoka,Nagoya Grampus,Avispa Fukuoka,Nagoya Grampus,2,3,1,3,1.0
2022-09-02,Hokkaido Consadole Sapporo,Cerezo Osaka,Consadole Sapporo,Cerezo Osaka,2,1,0,0,0.9
2022-08-31,Kawasaki Frontale,Sagan Tosu,Kawasaki Frontale,Sagan Tosu,4,0,1,0,1.0
2022-08-31,Avispa Fukuoka,Gamba Osaka,Avispa Fukuoka,Gamba Osaka,0,1,0,0,1.0
2022-08-27,Shimizu S-Pulse,Kyoto,Shimizu S-Pulse,Kyoto Sanga,1,0,0,0,0.8333333333333333
2022-08-27,Nagoya Grampus,Gamba Osaka,Nagoya Grampus,Gamba Osaka,0,2,0,1,1.0
2022-08-27,Kawasaki Frontale,Kashima Antlers,Kawasaki Frontale,Kashima Antlers,2,1,2,0,1.0
2022-08-27,Kashiwa Reysol,FC Tokyo,Kashiwa Reysol,FC Tokyo,3,6,0,2,1.0
2022-08-27,Cerezo Osaka,Sanfrecce Hiroshima,Cerezo Osaka,Sanfrecce Hiroshima,0,3,0,1,1.0
2022-08-26,Sagan Tosu,Avispa Fukuoka,Sagan Tosu,Avispa Fukuoka,1,1,1,1,1.0
2022-08-21,Shonan Bellmare,Kashima Antlers,Shonan Bellmare,Kashima Antlers,1,1,0,0,1.0
2022-08-20,Shimizu S-Pulse,Kashiwa Reysol,Shimizu S-Pulse,Kashiwa Reysol,1,1,1,0,1.0
2022-08-20,Sanfrecce Hiroshima,Gamba Osaka,Sanfrecce Hiroshima,Gamba Osaka,5,2,1,2,1.0
2022-08-20,Hokkaido Consadole Sapporo,Sagan Tosu,Consadole Sapporo,Sagan Tosu,1,2,1,0,0.9
2022-08-20,Avispa Fukuoka,Kawasaki Frontale,Avispa Fukuoka,Kawasaki Frontale,1,4,1,2,1.0
2022-08-19,Nagoya Grampus,Iwata,Nagoya Grampus,Jubilo Iwata,1,0,1,0,0.8125
2022-08-14,Sagan Tosu,Nagoya Grampus,Sagan Tosu,Nagoya Grampus,0,0,0,0,1.0
2022-08-14,Kashiwa Reysol,Sanfrecce Hiroshima,Kashiwa Reysol,Sanfrecce Hiroshima,2,3,1,1,1.0
2022-08-14,Kashima Antlers,Avispa Fukuoka,Kashima Antlers,Avispa Fukuoka,2,0,1,0,1.0
2022-08-14,Gamba Osaka,Shimizu S-Pulse,Gamba Osaka,Shimizu S-Pulse,0,2,0,0,1.0
2022-08-13,Iwata,Urawa Reds,Jubilo Iwata,Urawa Red Diamonds,0,6,0,3,0.6725
2022-08-13,Hokkaido Consadole Sapporo,Vissel Kobe,Consadole Sapporo,Vissel Kobe,0,2,0,2,0.9
2022-08-07,Shonan Bellmare,Hokkaido Consadole Sapporo,Shonan Bellmare,Consadole Sapporo,1,5,0,3,0.9
2022-08-07,Sagan Tosu,Iwata,Sagan Tosu,Jubilo Iwata,2,0,1,0,0.8125
2022-08-07,Kawasaki Frontale,Yokohama F. Marinos,Kawasaki Frontale,Yokohama F. Marinos,2,1,1,1,1.0
2022-08-07,FC Tokyo,Shimizu S-Pulse,FC Tokyo,Shimizu S-Pulse,0,2,0,0,1.0
2022-08-06,Nagoya Grampus,Urawa Reds,Nagoya Grampus,Urawa Red Diamonds,3,0,2,0,0.86
2022-08-06,Kyoto,Kashiwa Reysol,Kyoto Sanga,Kashiwa Reysol,1,2,1,1,0.8333333333333333
2022-08-06,Kashima Antlers,Sanfrecce Hiroshima,Kashima Antlers,Sanfrecce Hiroshima,0,2,0,0,1.0
2022-08-06,Cerezo Osaka,Vissel Kobe,Cerezo Osaka,Vissel Kobe,3,0,2,0,1.0
2022-07-31,Shimizu S-Pulse,Sagan Tosu,Shimizu S-Pulse,Sagan Tosu,3,3,0,2,1.0
2022-07-30,Yokohama F. Marinos,Kashima Antlers,Yokohama F. Marinos,Kashima Antlers,2,0,1,0,1.0
2022-07-30,Vissel Kobe,Kashiwa Reysol,Vissel Kobe,Kashiwa Reysol,0,1,0,1,1.0
2022-07-30,Urawa Reds,Kawasaki Frontale,Urawa Red Diamonds,Kawasaki Frontale,3,1,2,0,0.86
2022-07-30,Sanfrecce Hiroshima,FC Tokyo,Sanfrecce Hiroshima,FC Tokyo,1,2,1,0,1.0
2022-07-30,Iwata,Shonan Bellmare,Jubilo Iwata,Shonan Bellmare,1,0,0,0,0.8125
2022-07-30,Hokkaido Consadole Sapporo,Nagoya Grampus,Consadole Sapporo,Nagoya Grampus,2,2,1,0,0.9
2022-07-30,Gamba Osaka,Kyoto,Gamba Osaka,Kyoto Sanga,1,1,0,0,0.8333333333333333
2022-07-30,Cerezo Osaka,Avispa Fukuoka,Cerezo Osaka,Avispa Fukuoka,2,0,1,0,1.0
2022-07-17,Kyoto,Sanfrecce Hiroshima,Kyoto Sanga,Sanfrecce Hiroshima,1,1,0,0,0.8333333333333333
2022-07-17,FC Tokyo,Iwata,FC Tokyo,Jubilo Iwata,2,0,2,0,0.8125
2022-07-16,Shonan Bellmare,Avispa Fukuoka,Shonan Bellmare,Avispa Fukuoka,0,0,0,0,1.0
2022-07-16,Shimizu S-Pulse,Urawa Reds,Shimizu S-Pulse,Urawa Red Diamonds,1,2,0,1,0.86
2022-07-16,Sagan Tosu,Yokohama F. Marinos,Sagan Tosu,Yokohama F. Marinos,2,2,1,1,1.0
2022-07-16,Kashiwa Reysol,Hokkaido Consadole Sapporo,Kashiwa Reysol,Consadole Sapporo,1,0,1,0,0.9
2022-07-16,Kashima Antlers,Vissel Kobe,Kashima Antlers,Vissel Kobe,1,1,0,0,1.0
2022-07-16,Gamba Osaka,Cerezo Osaka,Gamba Osaka,Cerezo Osaka,1,2,1,0,1.0
2022-07-10,Urawa Reds,FC Tokyo,Urawa Red Diamonds,FC Tokyo,3,0,1,0,0.86
2022-07-10,Sanfrecce Hiroshima,Shonan Bellmare,Sanfrecce Hiroshima,Shonan Bellmare,1,1,0,0,1.0
2022-07-10,Sagan Tosu,Kashiwa Reysol,Sagan Tosu,Kashiwa Reysol,0,1,0,1,1.0
2022-07-10,Nagoya Grampus,Shimizu S-Pulse,Nagoya Grampus,Shimizu S-Pulse,0,2,0,1,1.0
2022-07-10,Hokkaido Consadole Sapporo,Kashima Antlers,Consadole Sapporo,Kashima Antlers,0,0,0,0,0.9
2022-07-10,Cerezo Osaka,Yokohama F. Marinos,Cerezo Osaka,Yokohama F. Marinos,2,2,1,0,1.0
2022-07-10,Avispa Fukuoka,Kyoto,Avispa Fukuoka,Kyoto Sanga,1,0,1,0,0.8333333333333333
2022-07-09,Kawasaki Frontale,Gamba Osaka,Kawasaki Frontale,Gamba Osaka,4,0,4,0,1.0
2022-07-09,Iwata,Vissel Kobe,Jubilo Iwata,Vissel Kobe,0,1,0,0,0.8125
2022-07-06,Yokohama F. Marinos,Sanfrecce Hiroshima,Yokohama F. Marinos,Sanfrecce Hiroshima,3,0,1,0,1.0
2022-07-06,Vissel Kobe,Shimizu S-Pulse,Vissel Kobe,Shimizu S-Pulse,2,1,1,0,1.0
2022-07-06,Urawa Reds,Kyoto,Urawa Red Diamonds,Kyoto Sanga,2,2,1,0,0.6933333333333334
2022-07-06,Shonan Bellmare,Gamba Osaka,Shonan Bellmare,Gamba Osaka,1,0,1,0,1.0
2022-07-06,Kashiwa Reysol,Nagoya Grampus,Kashiwa Reysol,Nagoya Grampus,0,1,0,1,1.0
2022-07-06,Kashima Antlers,Cerezo Osaka,Kashima Antlers,Cerezo Osaka,3,3,1,1,1.0
2022-07-06,Iwata,Avispa Fukuoka,Jubilo Iwata,Avispa Fukuoka,0,1,0,0,0.8125
2022-07-06,FC Tokyo,Hokkaido Consadole Sapporo,FC Tokyo,Consadole Sapporo,3,0,2,0,0.9
2022-07-02,Shonan Bellmare,Nagoya Grampus,Shonan Bellmare,Nagoya Grampus,0,0,0,0,1.0
2022-07-02,Shimizu S-Pulse,Yokohama F. Marinos,Shimizu S-Pulse,Yokohama F. Marinos,3,5,1,2,1.0
2022-07-02,Sanfrecce Hiroshima,Iwata,Sanfrecce Hiroshima,Jubilo Iwata,3,0,1,0,0.8125
2022-07-02,Sagan Tosu,Vissel Kobe,Sagan Tosu,Vissel Kobe,0,2,0,0,1.0
2022-07-02,Kyoto,Hokkaido Consadole Sapporo,Kyoto Sanga,Consadole Sapporo,2,1,1,0,0.7333333333333334
2022-07-02,Kashiwa Reysol,Kashima Antlers,Kashiwa Reysol,Kashima Antlers,1,2,0,1,1.0
2022-07-02,Gamba Osaka,Urawa Reds,Gamba Osaka,Urawa Red Diamonds,1,1,1,0,0.86
2022-07-02,FC Tokyo,Avispa Fukuoka,FC Tokyo,Avispa Fukuoka,2,2,0,1,1.0
2022-07-02,Cerezo Osaka,Kawasaki Frontale,Cerezo Osaka,Kawasaki Frontale,2,1,0,1,1.0
2022-06-29,Gamba Osaka,Sanfrecce Hiroshima,Gamba Osaka,Sanfrecce Hiroshima,2,0,2,0,1.0
2022-06-26,Vissel Kobe,Urawa Reds,Vissel Kobe,Urawa Red Diamonds,0,1,0,0,0.86
2022-06-26,Sagan Tosu,FC Tokyo,Sagan Tosu,FC Tokyo,5,0,1,0,1.0
2022-06-26,Nagoya Grampus,Kashima Antlers,Nagoya Grampus,Kashima Antlers,1,1,0,1,1.0
2022-06-26,Kyoto,Shonan Bellmare,Kyoto Sanga,Shonan Bellmare,0,1,0,0,0.8333333333333333
2022-06-26,Hokkaido Consadole Sapporo,Gamba Osaka,Consadole Sapporo,Gamba Osaka,1,0,0,0,0.9
2022-06-26,Cerezo Osaka,Shimizu S-Pulse,Cerezo Osaka,Shimizu S-Pulse,1,1,0,1,1.0
2022-06-25,Yokohama F. Marinos,Kashiwa Reysol,Yokohama F. Marinos,Kashiwa Reysol,4,0,3,0,1.0
2022-06-25,Kawasaki Frontale,Iwata,Kawasaki Frontale,Jubilo Iwata,1,1,1,0,0.8125
2022-06-25,Avispa Fukuoka,Sanfrecce Hiroshima,Avispa Fukuoka,Sanfrecce Hiroshima,1,3,1,1,1.0
2022-06-18,Urawa Reds,Nagoya Grampus,Urawa Red Diamonds,Nagoya Grampus,3,0,3,0,0.86
2022-06-18,Shonan Bellmare,FC Tokyo,Shonan Bellmare,FC Tokyo,2,0,1,0,1.0
2022-06-18,Shimizu S-Pulse,Avispa Fukuoka,Shimizu S-Pulse,Avispa Fukuoka,3,1,2,0,1.0
2022-06-18,Sanfrecce Hiroshima,Cerezo Osaka,Sanfrecce Hiroshima,Cerezo Osaka,2,1,0,0,1.0
2022-06-18,Kawasaki Frontale,Hokkaido Consadole Sapporo,Kawasaki Frontale,Consadole Sapporo,5,2,1,1,0.9
2022-06-18,Kashiwa Reysol,Vissel Kobe,Kashiwa Reysol,Vissel Kobe,3,1,2,1,1.0
2022-06-18,Kashima Antlers,Kyoto,Kashima Antlers,Kyoto Sanga,1,0,0,0,0.8333333333333333
2022-06-18,Iwata,Sagan Tosu,Jubilo Iwata,Sagan Tosu,3,1,3,0,0.8125
2022-06-18,Gamba Osaka,Yokohama F. Marinos,Gamba Osaka,Yokohama F. Marinos,1,2,1,0,1.0
2022-05-29,Vissel Kobe,Hokkaido Consadole Sapporo,Vissel Kobe,Consadole Sapporo,4,1,1,0,0.9
2022-05-29,Shonan Bellmare,Cerezo Osaka,Shonan Bellmare,Cerezo Osaka,0,2,0,1,1.0
2022-05-29,Sagan Tosu,Gamba Osaka,Sagan Tosu,Gamba Osaka,2,1,1,0,1.0
2022-05-29,Kyoto,Kawasaki Frontale,Kyoto Sanga,Kawasaki Frontale,1,0,0,0,0.8333333333333333
2022-05-29,Kashiwa Reysol,Shimizu S-Pulse,Kashiwa Reysol,Shimizu S-Pulse,3,1,2,0,1.0
2022-05-29,Iwata,Yokohama F. Marinos,Jubilo Iwata,Yokohama F. Marinos,0,2,0,0,0.8125
2022-05-29,FC Tokyo,Kashima Antlers,FC Tokyo,Kashima Antlers,3,1,2,0,1.0
2022-05-28,Sanfrecce Hiroshima,Nagoya Grampus,Sanfrecce Hiroshima,Nagoya Grampus,1,0,0,0,1.0
2022-05-28,Avispa Fukuoka,Urawa Reds,Avispa Fukuoka,Urawa Red Diamonds,0,0,0,0,0.86
2022-05-25,Yokohama F. Marinos,Kyoto,Yokohama F. Marinos,Kyoto Sanga,2,0,1,0,0.8333333333333333
2022-05-25,Vissel Kobe,Iwata,Vissel Kobe,Jubilo Iwata,0,0,0,0,0.8125
2022-05-25,Shimizu S-Pulse,FC Tokyo,Shimizu S-Pulse,FC Tokyo,0,3,0,1,1.0
2022-05-25,Nagoya Grampus,Avispa Fukuoka,Nagoya Grampus,Avispa Fukuoka,1,0,1,0,1.0
2022-05-25,Kawasaki Frontale,Shonan Bellmare,Kawasaki Frontale,Shonan Bellmare,0,4,0,0,1.0
2022-05-25,Kashima Antlers,Sagan Tosu,Kashima Antlers,Sagan Tosu,4,4,0,2,1.0
2022-05-25,Hokkaido Consadole Sapporo,Kashiwa Reysol,Consadole Sapporo,Kashiwa Reysol,1,6,0,2,0.9
2022-05-25,Cerezo Osaka,Urawa Reds,Cerezo Osaka,Urawa Red Diamonds,2,0,0,0,0.86
2022-05-22,Iwata,Hokkaido Consadole Sapporo,Jubilo Iwata,Consadole Sapporo,1,2,1,1,0.7125
2022-05-21,Urawa Reds,Kashima Antlers,Urawa Red Diamonds,Kashima Antlers,1,1,1,1,0.86
2022-05-21,Shonan Bellmare,Vissel Kobe,Shonan Bellmare,Vissel Kobe,2,1,1,0,1.0
2022-05-21,Shimizu S-Pulse,Nagoya Grampus,Shimizu S-Pulse,Nagoya Grampus,1,2,0,1,1.0
2022-05-21,Sanfrecce Hiroshima,Kyoto,Sanfrecce Hiroshima,Kyoto Sanga,3,1,2,1,0.8333333333333333
2022-05-21,Sagan Tosu,Kawasaki Frontale,Sagan Tosu,Kawasaki Frontale,0,0,0,0,1.0
2022-05-21,FC Tokyo,Kashiwa Reysol,FC Tokyo,Kashiwa Reysol,0,0,0,0,1.0
2022-05-21,Cerezo Osaka,Gamba Osaka,Cerezo Osaka,Gamba Osaka,3,1,0,1,1.0
2022-05-21,Avispa Fukuoka,Yokohama F. Marinos,Avispa Fukuoka,Yokohama F. Marinos,1,0,0,0,1.0
2022-05-18,Vissel Kobe,Kawasaki Frontale,Vissel Kobe,Kawasaki Frontale,0,1,0,0,1.0
2022-05-18,Urawa Reds,Yokohama F. Marinos,Urawa Red Diamonds,Yokohama F. Marinos,3,3,0,3,0.86
2022-05-14,Vissel Kobe,Sagan Tosu,Vissel Kobe,Sagan Tosu,4,0,2,0,1.0
2022-05-14,Shonan Bellmare,Yokohama F. Marinos,Shonan Bellmare,Yokohama F. Marinos,1,4,0,2,1.0
2022-05-14,Nagoya Grampus,Cerezo Osaka,Nagoya Grampus,Cerezo Osaka,1,0,1,0,1.0
2022-05-14,Kyoto,Shimizu S-Pulse,Kyoto Sanga,Shimizu S-Pulse,0,0,0,0,0.8333333333333333
2022-05-14,Kawasaki Frontale,Avispa Fukuoka,Kawasaki Frontale,Avispa Fukuoka,2,0,0,0,1.0
2022-05-14,Kashiwa Reysol,Gamba Osaka,Kashiwa Reysol,Gamba Osaka,0,1,0,0,1.0
2022-05-14,Kashima Antlers,Hokkaido Consadole Sapporo,Kashima Antlers,Consadole Sapporo,4,1,3,0,0.9
2022-05-14,Iwata,FC Tokyo,Jubilo Iwata,FC Tokyo,2,1,1,0,0.8125
2022-05-13,Urawa Reds,Sanfrecce Hiroshima,Urawa Red Diamonds,Sanfrecce Hiroshima,0,0,0,0,0.86
2022-05-08,Kashiwa Reysol,Urawa Reds,Kashiwa Reysol,Urawa Red Diamonds,0,0,0,0,0.86
2022-05-08,Gamba Osaka,Vissel Kobe,Gamba Osaka,Vissel Kobe,2,0,0,0,1.0
2022-05-08,FC Tokyo,Sagan Tosu,FC Tokyo,Sagan Tosu,0,1,0,0,1.0
2022-05-07,Yokohama F. Marinos,Nagoya Grampus,Yokohama F. Marinos,Nagoya Grampus,2,1,1,1,1.0
2022-05-07,Shimizu S-Pulse,Kawasaki Frontale,Shimizu S-Pulse,Kawasaki Frontale,0,2,0,2,1.0
2022-05-07,Sanfrecce Hiroshima,Kashima Antlers,Sanfrecce Hiroshima,Kashima Antlers,3,0,1,0,1.0
2022-05-07,Hokkaido Consadole Sapporo,Kyoto,Consadole Sapporo,Kyoto Sanga,1,0,0,0,0.7333333333333334
2022-05-07,Avispa Fukuoka,Shonan Bellmare,Avispa Fukuoka,Shonan Bellmare,0,0,0,0,1.0
2022-05-06,Cerezo Osaka,Iwata,Cerezo Osaka,Jubilo Iwata,2,1,2,0,0.8125
2022-05-04,Gamba Osaka,Hokkaido Consadole Sapporo,Gamba Osaka,Consadole Sapporo,0,0,0,0,0.9
2022-05-03,Shonan Bellmare,Shimizu S-Pulse,Shonan Bellmare,Shimizu S-Pulse,1,4,0,3,1.0
2022-05-03,Sanfrecce Hiroshima,Kashiwa Reysol,Sanfrecce Hiroshima,Kashiwa Reysol,1,2,1,0,1.0
2022-05-03,Sagan Tosu,Cerezo Osaka,Sagan Tosu,Cerezo Osaka,1,1,0,0,1.0
2022-05-03,Nagoya Grampus,Kyoto,Nagoya Grampus,Kyoto Sanga,1,1,1,1,0.8333333333333333
2022-05-03,Kashima Antlers,Iwata,Kashima Antlers,Jubilo Iwata,3,1,2,0,0.8125
2022-05-03,Avispa Fukuoka,FC Tokyo,Avispa Fukuoka,FC Tokyo,5,1,2,1,1.0
2022-04-29,Shimizu S-Pulse,Sanfrecce Hiroshima,Shimizu S-Pulse,Sanfrecce Hiroshima,2,2,1,0,1.0
2022-04-29,Kyoto,Avispa Fukuoka,Kyoto Sanga,Avispa Fukuoka,0,1,0,1,0.8333333333333333
2022-04-29,Kashiwa Reysol,Sagan Tosu,Kashiwa Reysol,Sagan Tosu,1,4,0,2,1.0
2022-04-29,Hokkaido Consadole Sapporo,Shonan Bellmare,Consadole Sapporo,Shonan Bellmare,1,0,0,0,0.9
2022-04-29,FC Tokyo,Gamba Osaka,FC Tokyo,Gamba Osaka,2,0,1,0,1.0
2022-04-29,Cerezo Osaka,Kashima Antlers,Cerezo Osaka,Kashima Antlers,0,3,0,2,1.0
2022-04-28,Iwata,Nagoya Grampus,Jubilo Iwata,Nagoya Grampus,2,1,0,1,0.8125
2022-04-20,FC Tokyo,Nagoya Grampus,FC Tokyo,Nagoya Grampus,0,0,0,0,1.0
2022-04-17,Sagan Tosu,Shimizu S-Pulse,Sagan Tosu,Shimizu S-Pulse,0,0,0,0,1.0
2022-04-17,Kashiwa Reysol,Kyoto,Kashiwa Reysol,Kyoto Sanga,0,2,0,1,0.8333333333333333
2022-04-17,Kashima Antlers,Nagoya Grampus,Kashima Antlers,Nagoya Grampus,0,0,0,0,1.0
2022-04-17,Iwata,Sanfrecce Hiroshima,Jubilo Iwata,Sanfrecce Hiroshima,2,2,1,0,0.8125
2022-04-17,Gamba Osaka,Shonan Bellmare,Gamba Osaka,Shonan Bellmare,0,1,0,0,1.0
2022-04-17,Avispa Fukuoka,Cerezo Osaka,Avispa Fukuoka,Cerezo Osaka,0,0,0,0,1.0
2022-04-16,Hokkaido Consadole Sapporo,FC Tokyo,Consadole Sapporo,FC Tokyo,0,0,0,0,0.9
2022-04-10,Vissel Kobe,Cerezo Osaka,Vissel Kobe,Cerezo Osaka,0,1,0,1,1.0
2022-04-10,Shonan Bellmare,Iwata,Shonan Bellmare,Jubilo Iwata,0,0,0,0,0.8125
2022-04-10,Shimizu S-Pulse,Gamba Osaka,Shimizu S-Pulse,Gamba Osaka,1,1,0,0,1.0
2022-04-10,Sanfrecce Hiroshima,Avispa Fukuoka,Sanfrecce Hiroshima,Avispa Fukuoka,1,0,0,0,1.0
2022-04-10,Nagoya Grampus,Hokkaido Consadole Sapporo,Nagoya Grampus,Consadole Sapporo,0,2,0,0,0.9
2022-04-10,Kyoto,Sagan Tosu,Kyoto Sanga,Sagan Tosu,3,1,2,0,0.8333333333333333
2022-04-10,Kashima Antlers,Yokohama F. Marinos,Kashima Antlers,Yokohama F. Marinos,0,3,0,0,1.0
2022-04-10,FC Tokyo,Urawa Reds,FC Tokyo,Urawa Red Diamonds,0,0,0,0,0.86
2022-04-09,Kawasaki Frontale,Kashiwa Reysol,Kawasaki Frontale,Kashiwa Reysol,1,0,1,0,1.0
2022-04-06,Urawa Reds,Shimizu S-Pulse,Urawa Red Diamonds,Shimizu S-Pulse,1,1,1,0,0.86
2022-04-06,Sanfrecce Hiroshima,Yokohama F. Marinos,Sanfrecce Hiroshima,Yokohama F. Marinos,2,0,1,0,1.0
2022-04-06,Sagan Tosu,Hokkaido Consadole Sapporo,Sagan Tosu,Consadole Sapporo,5,0,1,0,0.9
2022-04-06,Nagoya Grampus,Shonan Bellmare,Nagoya Grampus,Shonan Bellmare,2,1,0,1,1.0
2022-04-06,Kyoto,Gamba Osaka,Kyoto Sanga,Gamba Osaka,1,1,1,0,0.8333333333333333
2022-04-06,Iwata,Kawasaki Frontale,Jubilo Iwata,Kawasaki Frontale,1,1,0,0,0.8125
2022-04-06,FC Tokyo,Vissel Kobe,FC Tokyo,Vissel Kobe,3,1,0,1,1.0
2022-04-06,Avispa Fukuoka,Kashima Antlers,Avispa Fukuoka,Kashima Antlers,0,1,0,0,1.0
2022-04-05,Cerezo Osaka,Kashiwa Reysol,Cerezo Osaka,Kashiwa Reysol,0,1,0,1,1.0
2022-04-02,Yokohama F. Marinos,FC Tokyo,Yokohama F. Marinos,FC Tokyo,2,1,1,1,1.0
2022-04-02,Vissel Kobe,Kyoto,Vissel Kobe,Kyoto Sanga,1,3,0,0,0.8333333333333333
2022-04-02,Shonan Bellmare,Sanfrecce Hiroshima,Shonan Bellmare,Sanfrecce Hiroshima,0,1,0,0,1.0
2022-04-02,Kawasaki Frontale,Cerezo Osaka,Kawasaki Frontale,Cerezo Osaka,1,4,0,3,1.0
2022-04-02,Kashiwa Reysol,Iwata,Kashiwa Reysol,Jubilo Iwata,2,0,1,0,0.8125
2022-04-02,Kashima Antlers,Shimizu S-Pulse,Kashima Antlers,Shimizu S-Pulse,2,1,0,0,1.0
2022-04-02,Hokkaido Consadole Sapporo,Urawa Reds,Consadole Sapporo,Urawa Red Diamonds,1,1,0,1,0.76
2022-04-02,Gamba Osaka,Nagoya Grampus,Gamba Osaka,Nagoya Grampus,3,1,1,0,1.0
2022-04-01,Avispa Fukuoka,Sagan Tosu,Avispa Fukuoka,Sagan Tosu,0,0,0,0,1.0
2022-03-20,Nagoya Grampus,Kashiwa Reysol,Nagoya Grampus,Kashiwa Reysol,1,1,1,1,1.0
2022-03-19,Urawa Reds,Iwata,Urawa Red Diamonds,Jubilo Iwata,4,1,3,1,0.6725
2022-03-19,Shimizu S-Pulse,Vissel Kobe,Shimizu S-Pulse,Vissel Kobe,0,0,0,0,1.0
2022-03-19,Sanfrecce Hiroshima,Kawasaki Frontale,Sanfrecce Hiroshima,Kawasaki Frontale,0,2,0,0,1.0
2022-03-19,Kyoto,FC Tokyo,Kyoto Sanga,FC Tokyo,0,1,0,0,0.8333333333333333
2022-03-19,Kashima Antlers,Shonan Bellmare,Kashima Antlers,Shonan Bellmare,2,1,0,1,1.0
2022-03-19,Gamba Osaka,Avispa Fukuoka,Gamba Osaka,Avispa Fukuoka,2,3,0,1,1.0
2022-03-19,Cerezo Osaka,Hokkaido Consadole Sapporo,Cerezo Osaka,Consadole Sapporo,2,2,1,1,0.9
2022-03-18,Yokohama F. Marinos,Sagan Tosu,Yokohama F. Marinos,Sagan Tosu,0,0,0,0,1.0
2022-03-13,Sagan Tosu,Urawa Reds,Sagan Tosu,Urawa Red Diamonds,1,0,0,0,0.86
2022-03-12,Shonan Bellmare,Kyoto,Shonan Bellmare,Kyoto Sanga,1,1,0,0,0.8333333333333333
2022-03-12,Shimizu S-Pulse,Cerezo Osaka,Shimizu S-Pulse,Cerezo Osaka,1,3,0,1,1.0
2022-03-12,Kawasaki Frontale,Nagoya Grampus,Kawasaki Frontale,Nagoya Grampus,1,0,1,0,1.0
2022-03-12,Kashiwa Reysol,Avispa Fukuoka,Kashiwa Reysol,Avispa Fukuoka,1,0,1,0,1.0
2022-03-12,Iwata,Gamba Osaka,Jubilo Iwata,Gamba Osaka,1,1,1,0,0.8125
2022-03-12,Hokkaido Consadole Sapporo,Yokohama F. Marinos,Consadole Sapporo,Yokohama F. Marinos,1,1,0,0,0.9
2022-03-12,FC Tokyo,Sanfrecce Hiroshima,FC Tokyo,Sanfrecce Hiroshima,2,1,0,0,1.0
2022-03-11,Vissel Kobe,Kashima Antlers,Vissel Kobe,Kashima Antlers,0,2,0,1,1.0
2022-03-06,Yokohama F. Marinos,Shimizu S-Pulse,Yokohama F. Marinos,Shimizu S-Pulse,2,0,2,0,1.0
2022-03-06,Urawa Reds,Shonan Bellmare,Urawa Red Diamonds,Shonan Bellmare,2,0,1,0,0.86
2022-03-06,Sanfrecce Hiroshima,Vissel Kobe,Sanfrecce Hiroshima,Vissel Kobe,1,1,0,1,1.0
2022-03-06,Nagoya Grampus,Sagan Tosu,Nagoya Grampus,Sagan Tosu,1,1,1,1,1.0
2022-03-06,Kashima Antlers,Kashiwa Reysol,Kashima Antlers,Kashiwa Reysol,1,0,0,0,1.0
2022-03-06,Gamba Osaka,Kawasaki Frontale,Gamba Osaka,Kawasaki Frontale,2,2,1,0,1.0
2022-03-06,Cerezo Osaka,FC Tokyo,Cerezo Osaka,FC Tokyo,0,1,0,1,1.0
2022-03-06,Avispa Fukuoka,Hokkaido Consadole Sapporo,Avispa Fukuoka,Consadole Sapporo,0,0,0,0,0.9
2022-03-05,Kyoto,Iwata,Kyoto Sanga,Jubilo Iwata,1,4,0,1,0.6458333333333333
2022-03-02,Yokohama F. Marinos,Vissel Kobe,Yokohama F. Marinos,Vissel Kobe,2,0,1,0,1.0
2022-03-02,Kawasaki Frontale,Urawa Reds,Kawasaki Frontale,Urawa Red Diamonds,2,1,0,1,0.86
2022-02-27,Kashiwa Reysol,Yokohama F. Marinos,Kashiwa Reysol,Yokohama F. Marinos,3,1,1,1,1.0
2022-02-26,Vissel Kobe,Avispa Fukuoka,Vissel Kobe,Avispa Fukuoka,0,0,0,0,1.0
2022-02-26,Urawa Reds,Gamba Osaka,Urawa Red Diamonds,Gamba Osaka,0,1,0,0,0.86
2022-02-26,Sagan Tosu,Shonan Bellmare,Sagan Tosu,Shonan Bellmare,1,1,1,0,1.0
2022-02-26,Kashima Antlers,Kawasaki Frontale,Kashima Antlers,Kawasaki Frontale,0,2,0,2,1.0
2022-02-26,Iwata,Shimizu S-Pulse,Jubilo Iwata,Shimizu S-Pulse,1,2,1,1,0.8125
2022-02-26,Hokkaido Consadole Sapporo,Sanfrecce Hiroshima,Consadole Sapporo,Sanfrecce Hiroshima,1,1,1,0,0.9
2022-02-26,Cerezo Osaka,Kyoto,Cerezo Osaka,Kyoto Sanga,1,1,0,1,0.8333333333333333
2022-02-23,Yokohama F. Marinos,Kawasaki Frontale,Yokohama F. Marinos,Kawasaki Frontale,4,2,0,1,1.0
2022-02-23,Urawa Reds,Vissel Kobe,Urawa Red Diamonds,Vissel Kobe,2,2,2,1,0.86
2022-02-19,Yokohama F. Marinos,Cerezo Osaka,Yokohama F. Marinos,Cerezo Osaka,2,2,0,1,1.0
2022-02-19,Shonan Bellmare,Kashiwa Reysol,Shonan Bellmare,Kashiwa Reysol,0,2,0,0,1.0
2022-02-19,Shimizu S-Pulse,Hokkaido Consadole Sapporo,Shimizu S-Pulse,Consadole Sapporo,1,1,0,1,0.9
2022-02-19,Sanfrecce Hiroshima,Sagan Tosu,Sanfrecce Hiroshima,Sagan Tosu,0,0,0,0,1.0
2022-02-19,Nagoya Grampus,Vissel Kobe,Nagoya Grampus,Vissel Kobe,2,0,1,0,1.0
2022-02-19,Kyoto,Urawa Reds,Kyoto Sanga,Urawa Red Diamonds,1,0,0,0,0.6933333333333334
2022-02-19,Gamba Osaka,Kashima Antlers,Gamba Osaka,Kashima Antlers,1,3,1,2,1.0
2022-02-19,Avispa Fukuoka,Iwata,Avispa Fukuoka,Jubilo Iwata,1,1,0,0,0.8125
2022-02-18,Kawasaki Frontale,FC Tokyo,Kawasaki Frontale,FC Tokyo,1,0,0,0,1.0
2021-12-04,Yokohama FC,Hokkaido Consadole Sapporo,Yokohama FC,Consadole Sapporo,0,1,0,1,0.9
2021-12-04,Yokohama F. Marinos,Kawasaki Frontale,Yokohama F. Marinos,Kawasaki Frontale,1,1,0,0,1.0
2021-12-04,Vegalta Sendai,Kashima Antlers,Vegalta Sendai,Kashima Antlers,0,1,0,0,1.0
2021-12-04,Tokushima,Sanfrecce Hiroshima,Tokushima Vortis,Sanfrecce Hiroshima,2,4,0,3,0.875
2021-12-04,Shimizu S-Pulse,Cerezo Osaka,Shimizu S-Pulse,Cerezo Osaka,2,1,1,1,1.0
2021-12-04,Sagan Tosu,Vissel Kobe,Sagan Tosu,Vissel Kobe,0,2,0,0,1.0
2021-12-04,Nagoya Grampus,Urawa Reds,Nagoya Grampus,Urawa Red Diamonds,0,0,0,0,0.86
2021-12-04,Kashiwa Reysol,Oita Trinita,Kashiwa Reysol,Oita Trinita,2,3,0,2,1.0
2021-12-04,Gamba Osaka,Shonan Bellmare,Gamba Osaka,Shonan Bellmare,0,0,0,0,1.0
2021-12-04,FC Tokyo,Avispa Fukuoka,FC Tokyo,Avispa Fukuoka,0,0,0,0,1.0
2021-11-27,Vissel Kobe,Yokohama F. Marinos,Vissel Kobe,Yokohama F. Marinos,0,2,0,1,1.0
2021-11-27,Urawa Reds,Shimizu S-Pulse,Urawa Red Diamonds,Shimizu S-Pulse,0,1,0,0,0.86
2021-11-27,Shonan Bellmare,Tokushima,Shonan Bellmare,Tokushima Vortis,0,1,0,0,0.875
2021-11-27,Sanfrecce Hiroshima,FC Tokyo,Sanfrecce Hiroshima,FC Tokyo,1,2,1,0,1.0
2021-11-27,Oita Trinita,Yokohama FC,Oita Trinita,Yokohama FC,2,0,2,0,1.0
2021-11-27,Kawasaki Frontale,Gamba Osaka,Kawasaki Frontale,Gamba Osaka,4,1,2,1,1.0
2021-11-27,Kashima Antlers,Sagan Tosu,Kashima Antlers,Sagan Tosu,1,0,1,0,1.0
2021-11-27,Hokkaido Consadole Sapporo,Kashiwa Reysol,Consadole Sapporo,Kashiwa Reysol,3,1,2,1,0.9
2021-11-27,Cerezo Osaka,Nagoya Grampus,Cerezo Osaka,Nagoya Grampus,2,1,0,0,1.0
2021-11-27,Avispa Fukuoka,Vegalta Sendai,Avispa Fukuoka,Vegalta Sendai,2,2,1,0,1.0
2021-11-20,Yokohama FC,Vissel Kobe,Yokohama FC,Vissel Kobe,0,2,0,2,1.0
2021-11-20,Vegalta Sendai,Shonan Bellmare,Vegalta Sendai,Shonan Bellmare,0,2,0,1,1.0
2021-11-20,Urawa Reds,Yokohama F. Marinos,Urawa Red Diamonds,Yokohama F. Marinos,2,1,1,0,0.86
2021-11-20,Shimizu S-Pulse,Sanfrecce Hiroshima,Shimizu S-Pulse,Sanfrecce Hiroshima,1,0,1,0,1.0
2021-11-20,Sagan Tosu,Hokkaido Consadole Sapporo,Sagan Tosu,Consadole Sapporo,1,0,1,0,0.9
2021-11-20,Kashiwa Reysol,Avispa Fukuoka,Kashiwa Reysol,Avispa Fukuoka,0,0,0,0,1.0
2021-11-20,Kashima Antlers,Oita Trinita,Kashima Antlers,Oita Trinita,0,0,0,0,1.0
2021-11-20,Gamba Osaka,Nagoya Grampus,Gamba Osaka,Nagoya Grampus,1,3,0,3,1.0
2021-11-20,FC Tokyo,Tokushima,FC Tokyo,Tokushima Vortis,0,2,0,1,0.875
2021-11-20,Cerezo Osaka,Kawasaki Frontale,Cerezo Osaka,Kawasaki Frontale,1,4,0,2,1.0
2021-11-07,Vegalta Sendai,Nagoya Grampus,Vegalta Sendai,Nagoya Grampus,1,1,0,1,1.0
2021-11-07,Shonan Bellmare,Sanfrecce Hiroshima,Shonan Bellmare,Sanfrecce Hiroshima,0,0,0,0,1.0
2021-11-07,Sagan Tosu,Kawasaki Frontale,Sagan Tosu,Kawasaki Frontale,3,1,3,0,1.0
2021-11-07,Oita Trinita,Gamba Osaka,Oita Trinita,Gamba Osaka,2,3,2,1,1.0
2021-11-07,Kashiwa Reysol,Cerezo Osaka,Kashiwa Reysol,Cerezo Osaka,1,0,0,0,1.0
2021-11-07,Kashima Antlers,Urawa Reds,Kashima Antlers,Urawa Red Diamonds,1,0,1,0,0.86
2021-11-07,Avispa Fukuoka,Yokohama FC,Avispa Fukuoka,Yokohama FC,1,1,0,0,1.0
2021-11-06,Yokohama F. Marinos,FC Tokyo,Yokohama F. Marinos,FC Tokyo,8,0,4,0,1.0
2021-11-06,Vissel Kobe,Tokushima,Vissel Kobe,Tokushima Vortis,1,0,0,0,0.875
2021-11-06,Shimizu S-Pulse,Hokkaido Consadole Sapporo,Shimizu S-Pulse,Consadole Sapporo,2,2,1,1,0.9
2021-11-03,Yokohama FC,Sagan Tosu,Yokohama FC,Sagan Tosu,0,0,0,0,1.0
2021-11-03,Yokohama F. Marinos,Gamba Osaka,Yokohama F. Marinos,Gamba Osaka,0,1,0,0,1.0
2021-11-03,Vissel Kobe,Vegalta Sendai,Vissel Kobe,Vegalta Sendai,4,2,2,1,1.0
2021-11-03,Tokushima,Cerezo Osaka,Tokushima Vortis,Cerezo Osaka,0,1,0,1,0.875
2021-11-03,Sanfrecce Hiroshima,Kashima Antlers,Sanfrecce Hiroshima,Kashima Antlers,1,4,1,2,1.0
2021-11-03,Nagoya Grampus,Kashiwa Reysol,Nagoya Grampus,Kashiwa Reysol,2,0,1,0,1.0
2021-11-03,Kawasaki Frontale,Urawa Reds,Kawasaki Frontale,Urawa Red Diamonds,1,1,1,0,0.86
2021-11-03,Hokkaido Consadole Sapporo,Shonan Bellmare,Consadole Sapporo,Shonan Bellmare,1,1,1,0,0.9
2021-11-03,FC Tokyo,Shimizu S-Pulse,FC Tokyo,Shimizu S-Pulse,4,0,3,0,1.0
2021-11-03,Avispa Fukuoka,Oita Trinita,Avispa Fukuoka,Oita Trinita,1,0,1,0,1.0
2021-10-24,Nagoya Grampus,Vissel Kobe,Nagoya Grampus,Vissel Kobe,2,2,2,0,1.0
2021-10-24,Kawasaki Frontale,Shimizu S-Pulse,Kawasaki Frontale,Shimizu S-Pulse,1,0,0,0,1.0
2021-10-24,Hokkaido Consadole Sapporo,Avispa Fukuoka,Consadole Sapporo,Avispa Fukuoka,0,0,0,0,0.9
2021-10-24,Cerezo Osaka,Yokohama F. Marinos,Cerezo Osaka,Yokohama F. Marinos,2,1,2,1,1.0
2021-10-23,Vegalta Sendai,Sanfrecce Hiroshima,Vegalta Sendai,Sanfrecce Hiroshima,2,0,1,0,1.0
2021-10-23,Tokushima,Oita Trinita,Tokushima Vortis,Oita Trinita,1,1,0,0,0.875
2021-10-23,Shonan Bellmare,Yokohama FC,Shonan Bellmare,Yokohama FC,2,1,0,0,1.0
2021-10-23,Gamba Osaka,Sagan Tosu,Gamba Osaka,Sagan Tosu,1,0,1,0,1.0
2021-10-23,FC Tokyo,Kashima Antlers,FC Tokyo,Kashima Antlers,1,2,0,1,1.0
2021-10-22,Urawa Reds,Kashiwa Reysol,Urawa Red Diamonds,Kashiwa Reysol,5,1,4,1,0.86
2021-10-17,Oita Trinita,Vegalta Sendai,Oita Trinita,Vegalta Sendai,2,0,0,0,1.0
2021-10-16,Yokohama FC,Tokushima,Yokohama FC,Tokushima Vortis,5,3,3,1,0.875
2021-10-16,Yokohama F. Marinos,Hokkaido Consadole Sapporo,Yokohama F. Marinos,Consadole Sapporo,2,1,0,1,0.9
2021-10-16,Vissel Kobe,Avispa Fukuoka,Vissel Kobe,Avispa Fukuoka,1,0,0,0,1.0
2021-10-16,Urawa Reds,Gamba Osaka,Urawa Red Diamonds,Gamba Osaka,1,1,0,0,0.86
2021-10-16,Shimizu S-Pulse,Kashiwa Reysol,Shimizu S-Pulse,Kashiwa Reysol,0,1,0,0,1.0
2021-10-16,Sagan Tosu,Shonan Bellmare,Sagan Tosu,Shonan Bellmare,1,1,0,1,1.0
2021-10-03,Tokushima,Sagan Tosu,Tokushima Vortis,Sagan Tosu,3,0,2,0,0.875
2021-10-03,Sanfrecce Hiroshima,Nagoya Grampus,Sanfrecce Hiroshima,Nagoya Grampus,1,0,1,0,1.0
2021-10-03,Oita Trinita,Cerezo Osaka,Oita Trinita,Cerezo Osaka,1,0,1,0,1.0
2021-10-02,Vissel Kobe,Urawa Reds,Vissel Kobe,Urawa Red Diamonds,5,1,3,0,0.86
2021-10-02,Kawasaki Frontale,FC Tokyo,Kawasaki Frontale,FC Tokyo,1,0,1,0,1.0
2021-10-02,Kashiwa Reysol,Vegalta Sendai,Kashiwa Reysol,Vegalta Sendai,1,1,0,1,1.0
2021-10-02,Kashima Antlers,Yokohama FC,Kashima Antlers,Yokohama FC,1,2,0,2,1.0
2021-10-02,Gamba Osaka,Hokkaido Consadole Sapporo,Gamba Osaka,Consadole Sapporo,1,5,0,3,0.9
2021-10-02,Avispa Fukuoka,Shimizu S-Pulse,Avispa Fukuoka,Shimizu S-Pulse,1,2,0,1,1.0
2021-10-01,Shonan Bellmare,Yokohama F. Marinos,Shonan Bellmare,Yokohama F. Marinos,0,1,0,0,1.0
2021-09-29,Kawasaki Frontale,Vissel Kobe,Kawasaki Frontale,Vissel Kobe,3,1,0,1,1.0
2021-09-26,Nagoya Grampus,Oita Trinita,Nagoya Grampus,Oita Trinita,1,0,1,0,1.0
2021-09-26,Kawasaki Frontale,Shonan Bellmare,Kawasaki Frontale,Shonan Bellmare,2,1,0,1,1.0
2021-09-26,Hokkaido Consadole Sapporo,Sanfrecce Hiroshima,Consadole Sapporo,Sanfrecce Hiroshima,0,2,0,1,0.9
2021-09-26,Gamba Osaka,Kashiwa Reysol,Gamba Osaka,Kashiwa Reysol,2,1,2,0,1.0
2021-09-26,Cerezo Osaka,Kashima Antlers,Cerezo Osaka,Kashima Antlers,1,2,0,0,1.0
2021-09-25,Yokohama FC,Yokohama F. Marinos,Yokohama FC,Yokohama F. Marinos,2,2,1,0,1.0
2021-09-25,Vegalta Sendai,Tokushima,Vegalta Sendai,Tokushima Vortis,0,1,0,0,0.875
2021-09-25,FC Tokyo,Urawa Reds,FC Tokyo,Urawa Red Diamonds,1,2,1,1,0.86
2021-09-25,Avispa Fukuoka,Sagan Tosu,Avispa Fukuoka,Sagan Tosu,3,0,1,0,1.0
2021-09-24,Shimizu S-Pulse,Vissel Kobe,Shimizu S-Pulse,Vissel Kobe,0,2,0,1,1.0
2021-09-22,Sanfrecce Hiroshima,Cerezo Osaka,Sanfrecce Hiroshima,Cerezo Osaka,0,1,0,0,1.0
2021-09-22,Kashima Antlers,Kawasaki Frontale,Kashima Antlers,Kawasaki Frontale,1,2,0,0,1.0
2021-09-22,FC Tokyo,Nagoya Grampus,FC Tokyo,Nagoya Grampus,1,1,1,1,1.0
2021-09-18,Vissel Kobe,Hokkaido Consadole Sapporo,Vissel Kobe,Consadole Sapporo,1,0,1,0,0.9
2021-09-18,Urawa Reds,Cerezo Osaka,Urawa Red Diamonds,Cerezo Osaka,2,0,1,0,0.86
2021-09-18,Tokushima,Kawasaki Frontale,Tokushima Vortis,Kawasaki Frontale,1,3,1,2,0.875
2021-09-18,Shonan Bellmare,Avispa Fukuoka,Shonan Bellmare,Avispa Fukuoka,1,1,0,1,1.0
2021-09-18,Shimizu S-Pulse,Vegalta Sendai,Shimizu S-Pulse,Vegalta Sendai,2,1,1,0,1.0
2021-09-18,Sagan Tosu,Oita Trinita,Sagan Tosu,Oita Trinita,0,0,0,0,1.0
2021-09-18,Nagoya Grampus,Yokohama F. Marinos,Nagoya Grampus,Yokohama F. Marinos,2,1,1,0,1.0
2021-09-18,Kashiwa Reysol,Sanfrecce Hiroshima,Kashiwa Reysol,Sanfrecce Hiroshima,0,3,0,1,1.0
2021-09-18,Kashima Antlers,Gamba Osaka,Kashima Antlers,Gamba Osaka,3,1,0,0,1.0
2021-09-18,FC Tokyo,Yokohama FC,FC Tokyo,Yokohama FC,4,0,3,0,1.0
2021-09-12,Gamba Osaka,Vegalta Sendai,Gamba Osaka,Vegalta Sendai,2,3,1,2,1.0
2021-09-12,FC Tokyo,Kashiwa Reysol,FC Tokyo,Kashiwa Reysol,0,1,0,1,1.0
2021-09-11,Yokohama FC,Urawa Reds,Yokohama FC,Urawa Red Diamonds,0,2,0,1,0.86
2021-09-11,Sanfrecce Hiroshima,Yokohama F. Marinos,Sanfrecce Hiroshima,Yokohama F. Marinos,1,3,1,2,1.0
2021-09-11,Sagan Tosu,Shimizu S-Pulse,Sagan Tosu,Shimizu S-Pulse,2,1,0,0,1.0
2021-09-11,Oita Trinita,Shonan Bellmare,Oita Trinita,Shonan Bellmare,2,0,1,0,1.0
2021-09-11,Kashima Antlers,Avispa Fukuoka,Kashima Antlers,Avispa Fukuoka,0,3,0,2,1.0
2021-09-11,Cerezo Osaka,Hokkaido Consadole Sapporo,Cerezo Osaka,Consadole Sapporo,0,2,0,0,0.9
2021-09-10,Nagoya Grampus,Tokushima,Nagoya Grampus,Tokushima Vortis,3,0,0,0,0.875
2021-09-08,Hokkaido Consadole Sapporo,Cerezo Osaka,Consadole Sapporo,Cerezo Osaka,0,3,0,1,0.9
2021-09-05,Sanfrecce Hiroshima,Vissel Kobe,Sanfrecce Hiroshima,Vissel Kobe,1,1,0,0,1.0
2021-08-29,Vegalta Sendai,Sagan Tosu,Vegalta Sendai,Sagan Tosu,0,1,0,0,1.0
2021-08-29,Shonan Bellmare,Urawa Reds,Shonan Bellmare,Urawa Red Diamonds,0,0,0,0,0.86
2021-08-29,Nagoya Grampus,Shimizu S-Pulse,Nagoya Grampus,Shimizu S-Pulse,1,1,0,0,1.0
2021-08-29,Kashiwa Reysol,Yokohama FC,Kashiwa Reysol,Yokohama FC,2,1,1,1,1.0
2021-08-29,Avispa Fukuoka,Tokushima,Avispa Fukuoka,Tokushima Vortis,3,0,0,0,0.875
2021-08-28,Yokohama F. Marinos,Kashima Antlers,Yokohama F. Marinos,Kashima Antlers,0,2,0,2,1.0
2021-08-28,Vissel Kobe,FC Tokyo,Vissel Kobe,FC Tokyo,0,1,0,0,1.0
2021-08-28,Sanfrecce Hiroshima,Oita Trinita,Sanfrecce Hiroshima,Oita Trinita,4,1,1,1,1.0
2021-08-28,Hokkaido Consadole Sapporo,Kawasaki Frontale,Consadole Sapporo,Kawasaki Frontale,0,2,0,2,0.9
2021-08-28,Gamba Osaka,Cerezo Osaka,Gamba Osaka,Cerezo Osaka,0,1,0,0,1.0
2021-08-25,Yokohama FC,Gamba Osaka,Yokohama FC,Gamba Osaka,3,1,1,0,1.0
2021-08-25,Vegalta Sendai,FC Tokyo,Vegalta Sendai,FC Tokyo,1,2,0,1,1.0
2021-08-25,Urawa Reds,Sanfrecce Hiroshima,Urawa Red Diamonds,Sanfrecce Hiroshima,1,0,1,0,0.86
2021-08-25,Tokushima,Kashiwa Reysol,Tokushima Vortis,Kashiwa Reysol,0,1,0,1,0.875
2021-08-25,Shimizu S-Pulse,Kashima Antlers,Shimizu S-Pulse,Kashima Antlers,0,4,0,2,1.0
2021-08-25,Sagan Tosu,Yokohama F. Marinos,Sagan Tosu,Yokohama F. Marinos,0,4,0,1,1.0
2021-08-25,Oita Trinita,Vissel Kobe,Oita Trinita,Vissel Kobe,1,3,1,2,1.0
2021-08-25,Hokkaido Consadole Sapporo,Nagoya Grampus,Consadole Sapporo,Nagoya Grampus,0,2,0,2,0.9
2021-08-25,Cerezo Osaka,Shonan Bellmare,Cerezo Osaka,Shonan Bellmare,1,5,0,3,1.0
2021-08-25,Avispa Fukuoka,Kawasaki Frontale,Avispa Fukuoka,Kawasaki Frontale,1,0,0,0,1.0
2021-08-22,Nagoya Grampus,Avispa Fukuoka,Nagoya Grampus,Avispa Fukuoka,1,0,0,0,1.0
2021-08-21,Yokohama F. Marinos,Vegalta Sendai,Yokohama F. Marinos,Vegalta Sendai,5,0,1,0,1.0
2021-08-21,Vissel Kobe,Kashima Antlers,Vissel Kobe,Kashima Antlers,1,0,0,0,1.0
2021-08-21,Tokushima,Urawa Reds,Tokushima Vortis,Urawa Red Diamonds,0,1,0,0,0.735
2021-08-21,Shonan Bellmare,Shimizu S-Pulse,Shonan Bellmare,Shimizu S-Pulse,1,1,1,1,1.0
2021-08-21,Sanfrecce Hiroshima,Kawasaki Frontale,Sanfrecce Hiroshima,Kawasaki Frontale,1,1,1,0,1.0
2021-08-21,Oita Trinita,Hokkaido Consadole Sapporo,Oita Trinita,Consadole Sapporo,1,1,1,0,0.9
2021-08-21,Kashiwa Reysol,Sagan Tosu,Kashiwa Reysol,Sagan Tosu,1,3,1,2,1.0
2021-08-21,Gamba Osaka,FC Tokyo,Gamba Osaka,FC Tokyo,0,0,0,0,1.0
2021-08-21,Cerezo Osaka,Yokohama FC,Cerezo Osaka,Yokohama FC,3,1,2,1,1.0
2021-08-15,Yokohama F. Marinos,Oita Trinita,Yokohama F. Marinos,Oita Trinita,5,1,2,1,1.0
2021-08-15,Nagoya Grampus,Shonan Bellmare,Nagoya Grampus,Shonan Bellmare,1,0,0,0,1.0
2021-08-15,Kashima Antlers,Tokushima,Kashima Antlers,Tokushima Vortis,3,0,1,0,0.875
2021-08-15,Avispa Fukuoka,Cerezo Osaka,Avispa Fukuoka,Cerezo Osaka,2,1,1,1,1.0
2021-08-14,Vegalta Sendai,Yokohama FC,Vegalta Sendai,Yokohama FC,0,0,0,0,1.0
2021-08-14,Urawa Reds,Sagan Tosu,Urawa Red Diamonds,Sagan Tosu,2,1,1,1,0.86
2021-08-14,Kashiwa Reysol,Kawasaki Frontale,Kashiwa Reysol,Kawasaki Frontale,0,0,0,0,1.0
2021-08-14,Hokkaido Consadole Sapporo,FC Tokyo,Consadole Sapporo,FC Tokyo,3,2,1,2,0.9
2021-08-13,Shimizu S-Pulse,Gamba Osaka,Shimizu S-Pulse,Gamba Osaka,0,1,0,0,1.0
2021-08-12,Yokohama F. Marinos,Nagoya Grampus,Yokohama F. Marinos,Nagoya Grampus,2,0,2,0,1.0
2021-08-09,Yokohama FC,Nagoya Grampus,Yokohama FC,Nagoya Grampus,2,0,2,0,1.0
2021-08-09,Vissel Kobe,Kashiwa Reysol,Vissel Kobe,Kashiwa Reysol,1,2,0,0,1.0
2021-08-09,Tokushima,Gamba Osaka,Tokushima Vortis,Gamba Osaka,2,1,2,0,0.875
2021-08-09,Shonan Bellmare,Kashima Antlers,Shonan Bellmare,Kashima Antlers,1,2,1,1,1.0
2021-08-09,Shimizu S-Pulse,Yokohama F. Marinos,Shimizu S-Pulse,Yokohama F. Marinos,2,2,1,1,1.0
2021-08-09,Sagan Tosu,FC Tokyo,Sagan Tosu,FC Tokyo,1,0,1,0,1.0
2021-08-09,Oita Trinita,Kawasaki Frontale,Oita Trinita,Kawasaki Frontale,0,2,0,1,1.0
2021-08-09,Hokkaido Consadole Sapporo,Urawa Reds,Consadole Sapporo,Urawa Red Diamonds,2,1,1,0,0.76
2021-08-09,Cerezo Osaka,Vegalta Sendai,Cerezo Osaka,Vegalta Sendai,0,0,0,0,1.0
2021-08-09,Avispa Fukuoka,Sanfrecce Hiroshima,Avispa Fukuoka,Sanfrecce Hiroshima,1,1,0,0,1.0
2021-08-06,Gamba Osaka,Yokohama F. Marinos,Gamba Osaka,Yokohama F. Marinos,2,3,0,1,1.0
2021-08-03,Vegalta Sendai,Gamba Osaka,Vegalta Sendai,Gamba Osaka,0,1,0,1,1.0
2021-07-30,Hokkaido Consadole Sapporo,Gamba Osaka,Consadole Sapporo,Gamba Osaka,0,2,0,1,0.9
2021-07-27,Gamba Osaka,Oita Trinita,Gamba Osaka,Oita Trinita,2,1,0,0,1.0
2021-07-24,Sagan Tosu,Cerezo Osaka,Sagan Tosu,Cerezo Osaka,3,3,3,1,1.0
2021-07-24,Gamba Osaka,Kashima Antlers,Gamba Osaka,Kashima Antlers,0,1,0,0,1.0
2021-07-21,Gamba Osaka,Vissel Kobe,Gamba Osaka,Vissel Kobe,1,2,1,2,1.0
2021-07-21,Cerezo Osaka,FC Tokyo,Cerezo Osaka,FC Tokyo,3,3,0,2,1.0
2021-07-17,Shimizu S-Pulse,Kawasaki Frontale,Shimizu S-Pulse,Kawasaki Frontale,0,2,0,1,1.0
2021-07-17,Sagan Tosu,Nagoya Grampus,Sagan Tosu,Nagoya Grampus,3,1,0,1,1.0
2021-07-17,Cerezo Osaka,Vissel Kobe,Cerezo Osaka,Vissel Kobe,1,1,0,1,1.0
2021-07-17,Avispa Fukuoka,Gamba Osaka,Avispa Fukuoka,Gamba Osaka,0,1,0,0,1.0
2021-07-11,Tokushima,Shimizu S-Pulse,Tokushima Vortis,Shimizu S-Pulse,2,2,1,2,0.875
2021-07-11,Shonan Bellmare,FC Tokyo,Shonan Bellmare,FC Tokyo,0,1,0,0,1.0
2021-07-11,Sanfrecce Hiroshima,Yokohama FC,Sanfrecce Hiroshima,Yokohama FC,0,1,0,1,1.0
2021-07-11,Kashiwa Reysol,Kashima Antlers,Kashiwa Reysol,Kashima Antlers,2,1,0,0,1.0
2021-07-10,Yokohama F. Marinos,Avispa Fukuoka,Yokohama F. Marinos,Avispa Fukuoka,2,0,2,0,1.0
2021-07-10,Vegalta Sendai,Hokkaido Consadole Sapporo,Vegalta Sendai,Consadole Sapporo,1,1,1,1,0.9
2021-07-10,Oita Trinita,Urawa Reds,Oita Trinita,Urawa Red Diamonds,1,0,1,0,0.86
2021-07-04,Shimizu S-Pulse,Oita Trinita,Shimizu S-Pulse,Oita Trinita,1,0,0,0,1.0
2021-07-04,Hokkaido Consadole Sapporo,Tokushima,Consadole Sapporo,Tokushima Vortis,1,0,0,0,0.775
2021-07-03,Vissel Kobe,Shonan Bellmare,Vissel Kobe,Shonan Bellmare,3,1,2,1,1.0
2021-07-03,Vegalta Sendai,Urawa Reds,Vegalta Sendai,Urawa Red Diamonds,0,0,0,0,0.86
2021-07-03,Sanfrecce Hiroshima,Sagan Tosu,Sanfrecce Hiroshima,Sagan Tosu,1,1,0,0,1.0
2021-07-03,Kashiwa Reysol,Yokohama F. Marinos,Kashiwa Reysol,Yokohama F. Marinos,1,2,0,0,1.0
2021-06-27,Yokohama FC,Shimizu S-Pulse,Yokohama FC,Shimizu S-Pulse,1,1,1,0,1.0
2021-06-27,Urawa Reds,Avispa Fukuoka,Urawa Red Diamonds,Avispa Fukuoka,2,0,1,0,0.86
2021-06-27,Tokushima,Yokohama F. Marinos,Tokushima Vortis,Yokohama F. Marinos,0,1,0,1,0.875
2021-06-27,Shonan Bellmare,Kashiwa Reysol,Shonan Bellmare,Kashiwa Reysol,2,4,1,0,1.0
2021-06-27,Kashima Antlers,Hokkaido Consadole Sapporo,Kashima Antlers,Consadole Sapporo,4,0,1,0,0.9
2021-06-27,FC Tokyo,Oita Trinita,FC Tokyo,Oita Trinita,3,0,2,0,1.0
2021-06-23,Yokohama F. Marinos,Sagan Tosu,Yokohama F. Marinos,Sagan Tosu,2,0,0,0,1.0
2021-06-23,Vissel Kobe,Yokohama FC,Vissel Kobe,Yokohama FC,5,0,3,0,1.0
2021-06-23,Vegalta Sendai,Shimizu S-Pulse,Vegalta Sendai,Shimizu S-Pulse,2,3,1,1,1.0
2021-06-23,Tokushima,FC Tokyo,Tokushima Vortis,FC Tokyo,0,1,0,1,0.875
2021-06-23,Oita Trinita,Kashima Antlers,Oita Trinita,Kashima Antlers,0,0,0,0,1.0
2021-06-23,Kashiwa Reysol,Urawa Reds,Kashiwa Reysol,Urawa Red Diamonds,0,2,0,0,0.86
2021-06-20,Kashima Antlers,Vegalta Sendai,Kashima Antlers,Vegalta Sendai,1,1,0,0,1.0
2021-06-19,Yokohama FC,FC Tokyo,Yokohama FC,FC Tokyo,0,1,0,1,1.0
2021-06-19,Sanfrecce Hiroshima,Kashiwa Reysol,Sanfrecce Hiroshima,Kashiwa Reysol,1,0,0,0,1.0
2021-06-19,Hokkaido Consadole Sapporo,Oita Trinita,Consadole Sapporo,Oita Trinita,2,0,2,0,0.9
2021-06-19,Avispa Fukuoka,Vissel Kobe,Avispa Fukuoka,Vissel Kobe,1,2,1,1,1.0
2021-06-02,Yokohama FC,Kawasaki Frontale,Yokohama FC,Kawasaki Frontale,0,2,0,1,1.0
2021-06-02,Shonan Bellmare,Gamba Osaka,Shonan Bellmare,Gamba Osaka,0,0,0,0,1.0
2021-05-30,Vissel Kobe,Sagan Tosu,Vissel Kobe,Sagan Tosu,1,1,1,1,1.0
2021-05-30,Vegalta Sendai,Cerezo Osaka,Vegalta Sendai,Cerezo Osaka,1,1,0,0,1.0
2021-05-30,Urawa Reds,Nagoya Grampus,Urawa Red Diamonds,Nagoya Grampus,0,0,0,0,0.86
2021-05-30,Tokushima,Shonan Bellmare,Tokushima Vortis,Shonan Bellmare,1,1,1,1,0.875
2021-05-30,Oita Trinita,Avispa Fukuoka,Oita Trinita,Avispa Fukuoka,2,1,1,0,1.0
2021-05-30,Kawasaki Frontale,Kashima Antlers,Kawasaki Frontale,Kashima Antlers,2,1,1,0,1.0
2021-05-30,Gamba Osaka,Yokohama FC,Gamba Osaka,Yokohama FC,2,0,1,0,1.0
2021-05-30,FC Tokyo,Sanfrecce Hiroshima,FC Tokyo,Sanfrecce Hiroshima,0,0,0,0,1.0
2021-05-29,Kashiwa Reysol,Hokkaido Consadole Sapporo,Kashiwa Reysol,Consadole Sapporo,1,2,1,2,0.9
2021-05-27,Gamba Osaka,Tokushima,Gamba Osaka,Tokushima Vortis,2,1,1,0,0.875
2021-05-26,Yokohama FC,Avispa Fukuoka,Yokohama FC,Avispa Fukuoka,1,1,1,0,1.0
2021-05-26,Shonan Bellmare,Kawasaki Frontale,Shonan Bellmare,Kawasaki Frontale,1,1,0,0,1.0
2021-05-26,Shimizu S-Pulse,FC Tokyo,Shimizu S-Pulse,FC Tokyo,3,0,2,0,1.0
2021-05-26,Sanfrecce Hiroshima,Urawa Reds,Sanfrecce Hiroshima,Urawa Red Diamonds,2,2,1,1,0.86
2021-05-26,Oita Trinita,Yokohama F. Marinos,Oita Trinita,Yokohama F. Marinos,0,1,0,0,1.0
2021-05-26,Nagoya Grampus,Vegalta Sendai,Nagoya Grampus,Vegalta Sendai,0,1,0,1,1.0
2021-05-26,Kashiwa Reysol,Vissel Kobe,Kashiwa Reysol,Vissel Kobe,1,2,0,0,1.0
2021-05-26,Kashima Antlers,Cerezo Osaka,Kashima Antlers,Cerezo Osaka,1,0,0,0,1.0
2021-05-26,Hokkaido Consadole Sapporo,Sagan Tosu,Consadole Sapporo,Sagan Tosu,0,0,0,0,0.9
2021-05-23,Cerezo Osaka,Sanfrecce Hiroshima,Cerezo Osaka,Sanfrecce Hiroshima,1,2,0,0,1.0
2021-05-22,Yokohama F. Marinos,Kashiwa Reysol,Yokohama F. Marinos,Kashiwa Reysol,1,1,0,0,1.0
2021-05-22,Vegalta Sendai,Oita Trinita,Vegalta Sendai,Oita Trinita,2,1,1,1,1.0
2021-05-22,Urawa Reds,Vissel Kobe,Urawa Red Diamonds,Vissel Kobe,2,0,0,0,0.86
2021-05-22,Tokushima,Nagoya Grampus,Tokushima Vortis,Nagoya Grampus,0,0,0,0,0.875
2021-05-22,Sagan Tosu,Kashima Antlers,Sagan Tosu,Kashima Antlers,2,1,0,1,1.0
2021-05-22,Kawasaki Frontale,Yokohama FC,Kawasaki Frontale,Yokohama FC,3,1,2,0,1.0
2021-05-22,Hokkaido Consadole Sapporo,Shimizu S-Pulse,Consadole Sapporo,Shimizu S-Pulse,2,0,0,0,0.9
2021-05-22,FC Tokyo,Gamba Osaka,FC Tokyo,Gamba Osaka,1,0,1,0,1.0
2021-05-22,Avispa Fukuoka,Shonan Bellmare,Avispa Fukuoka,Shonan Bellmare,2,1,0,1,1.0
2021-05-16,Kawasaki Frontale,Hokkaido Consadole Sapporo,Kawasaki Frontale,Consadole Sapporo,2,0,0,0,0.9
2021-05-16,Gamba Osaka,Urawa Reds,Gamba Osaka,Urawa Red Diamonds,0,3,0,3,0.86
2021-05-15,Yokohama FC,Shonan Bellmare,Yokohama FC,Shonan Bellmare,2,0,1,0,1.0
2021-05-15,Vissel Kobe,Cerezo Osaka,Vissel Kobe,Cerezo Osaka,1,1,0,0,1.0
2021-05-15,Vegalta Sendai,Avispa Fukuoka,Vegalta Sendai,Avispa Fukuoka,0,1,0,0,1.0
2021-05-15,Shimizu S-Pulse,Nagoya Grampus,Shimizu S-Pulse,Nagoya Grampus,0,3,0,1,1.0
2021-05-15,Sanfrecce Hiroshima,Tokushima,Sanfrecce Hiroshima,Tokushima Vortis,0,1,0,0,0.875
2021-05-15,Oita Trinita,Sagan Tosu,Oita Trinita,Sagan Tosu,1,1,0,1,1.0
2021-05-15,Kashiwa Reysol,FC Tokyo,Kashiwa Reysol,FC Tokyo,0,4,0,3,1.0
2021-05-15,Kashima Antlers,Yokohama F. Marinos,Kashima Antlers,Yokohama F. Marinos,5,3,1,1,1.0
2021-05-12,Nagoya Grampus,Kashima Antlers,Nagoya Grampus,Kashima Antlers,0,2,0,1,1.0
2021-05-12,Kawasaki Frontale,Vegalta Sendai,Kawasaki Frontale,Vegalta Sendai,2,2,1,0,1.0
2021-05-12,Gamba Osaka,Sanfrecce Hiroshima,Gamba Osaka,Sanfrecce Hiroshima,1,2,1,1,1.0
2021-05-09,Yokohama F. Marinos,Vissel Kobe,Yokohama F. Marinos,Vissel Kobe,2,0,1,0,1.0
2021-05-09,Urawa Reds,Vegalta Sendai,Urawa Red Diamonds,Vegalta Sendai,2,0,0,0,0.86
2021-05-09,Tokushima,Hokkaido Consadole Sapporo,Tokushima Vortis,Consadole Sapporo,1,2,1,0,0.775
2021-05-09,Shonan Bellmare,Oita Trinita,Shonan Bellmare,Oita Trinita,2,0,1,0,1.0
2021-05-09,Shimizu S-Pulse,Yokohama FC,Shimizu S-Pulse,Yokohama FC,1,1,0,0,1.0
2021-05-09,Kashima Antlers,FC Tokyo,Kashima Antlers,FC Tokyo,3,0,2,0,1.0
2021-05-09,Avispa Fukuoka,Kashiwa Reysol,Avispa Fukuoka,Kashiwa Reysol,1,0,0,0,1.0
2021-05-08,Sagan Tosu,Sanfrecce Hiroshima,Sagan Tosu,Sanfrecce Hiroshima,0,0,0,0,1.0
2021-05-08,Nagoya Grampus,Cerezo Osaka,Nagoya Grampus,Cerezo Osaka,1,0,0,0,1.0
2021-05-08,Gamba Osaka,Kawasaki Frontale,Gamba Osaka,Kawasaki Frontale,0,2,0,1,1.0
2021-05-04,Kawasaki Frontale,Nagoya Grampus,Kawasaki Frontale,Nagoya Grampus,3,2,1,0,1.0
2021-05-02,Shonan Bellmare,Hokkaido Consadole Sapporo,Shonan Bellmare,Consadole Sapporo,0,0,0,0,0.9
2021-05-02,Oita Trinita,Shimizu S-Pulse,Oita Trinita,Shimizu S-Pulse,1,0,1,0,1.0
2021-05-02,Cerezo Osaka,Gamba Osaka,Cerezo Osaka,Gamba Osaka,1,1,0,0,1.0
2021-05-01,Yokohama FC,Kashima Antlers,Yokohama FC,Kashima Antlers,0,3,0,2,1.0
2021-05-01,Vissel Kobe,Sanfrecce Hiroshima,Vissel Kobe,Sanfrecce Hiroshima,3,0,3,0,1.0
2021-05-01,Vegalta Sendai,Kashiwa Reysol,Vegalta Sendai,Kashiwa Reysol,1,0,0,0,1.0
2021-05-01,Sagan Tosu,Tokushima,Sagan Tosu,Tokushima Vortis,2,0,0,0,0.875
2021-05-01,FC Tokyo,Yokohama F. Marinos,FC Tokyo,Yokohama F. Marinos,0,3,0,1,1.0
2021-05-01,Avispa Fukuoka,Urawa Reds,Avispa Fukuoka,Urawa Red Diamonds,2,0,1,0,0.86
2021-04-29,Nagoya Grampus,Kawasaki Frontale,Nagoya Grampus,Kawasaki Frontale,0,4,0,3,1.0
2021-04-25,Urawa Reds,Oita Trinita,Urawa Red Diamonds,Oita Trinita,3,2,1,2,0.86
2021-04-25,Shimizu S-Pulse,Shonan Bellmare,Shimizu S-Pulse,Shonan Bellmare,1,1,0,0,1.0
2021-04-24,Yokohama F. Marinos,Yokohama FC,Yokohama F. Marinos,Yokohama FC,5,0,2,0,1.0
2021-04-24,Sanfrecce Hiroshima,Avispa Fukuoka,Sanfrecce Hiroshima,Avispa Fukuoka,1,2,1,1,1.0
2021-04-24,Kashiwa Reysol,Tokushima,Kashiwa Reysol,Tokushima Vortis,5,1,3,0,0.875
2021-04-24,Kashima Antlers,Vissel Kobe,Kashima Antlers,Vissel Kobe,1,1,0,1,1.0
2021-04-24,Hokkaido Consadole Sapporo,Vegalta Sendai,Consadole Sapporo,Vegalta Sendai,2,1,0,1,0.9
2021-04-24,FC Tokyo,Sagan Tosu,FC Tokyo,Sagan Tosu,1,2,0,2,1.0
2021-04-22,Nagoya Grampus,Gamba Osaka,Nagoya Grampus,Gamba Osaka,2,0,1,0,1.0
2021-04-18,Nagoya Grampus,Sagan Tosu,Nagoya Grampus,Sagan Tosu,1,2,0,2,1.0
2021-04-18,Kawasaki Frontale,Sanfrecce Hiroshima,Kawasaki Frontale,Sanfrecce Hiroshima,1,1,1,0,1.0
2021-04-18,Gamba Osaka,Shimizu S-Pulse,Gamba Osaka,Shimizu S-Pulse,0,0,0,0,1.0
2021-04-18,Cerezo Osaka,Urawa Reds,Cerezo Osaka,Urawa Red Diamonds,1,0,0,0,0.86
2021-04-17,Yokohama FC,Vegalta Sendai,Yokohama FC,Vegalta Sendai,2,2,1,0,1.0
2021-04-17,Tokushima,Kashima Antlers,Tokushima Vortis,Kashima Antlers,0,1,0,1,0.875
2021-04-17,Shonan Bellmare,Vissel Kobe,Shonan Bellmare,Vissel Kobe,0,0,0,0,1.0
2021-04-17,Oita Trinita,Kashiwa Reysol,Oita Trinita,Kashiwa Reysol,0,1,0,0,1.0
2021-04-17,Avispa Fukuoka,FC Tokyo,Avispa Fukuoka,FC Tokyo,1,0,0,0,1.0
2021-04-16,Hokkaido Consadole Sapporo,Yokohama F. Marinos,Consadole Sapporo,Yokohama F. Marinos,1,3,0,0,0.9
2021-04-14,Sagan Tosu,Gamba Osaka,Sagan Tosu,Gamba Osaka,0,1,0,0,1.0
2021-04-14,Nagoya Grampus,Sanfrecce Hiroshima,Nagoya Grampus,Sanfrecce Hiroshima,1,0,1,0,1.0
2021-04-14,Kawasaki Frontale,Avispa Fukuoka,Kawasaki Frontale,Avispa Fukuoka,3,1,1,1,1.0
2021-04-14,Cerezo Osaka,Tokushima,Cerezo Osaka,Tokushima Vortis,1,2,1,1,0.875
2021-04-11,Vissel Kobe,Shimizu S-Pulse,Vissel Kobe,Shimizu S-Pulse,1,1,0,0,1.0
2021-04-11,Vegalta Sendai,Yokohama F. Marinos,Vegalta Sendai,Yokohama F. Marinos,0,0,0,0,1.0
2021-04-11,Urawa Reds,Tokushima,Urawa Red Diamonds,Tokushima Vortis,1,0,0,0,0.735
2021-04-11,Sagan Tosu,Yokohama FC,Sagan Tosu,Yokohama FC,3,0,1,0,1.0
2021-04-11,Oita Trinita,Nagoya Grampus,Oita Trinita,Nagoya Grampus,0,3,0,2,1.0
2021-04-11,Kashiwa Reysol,Gamba Osaka,Kashiwa Reysol,Gamba Osaka,1,0,0,0,1.0
2021-04-11,Hokkaido Consadole Sapporo,Kashima Antlers,Consadole Sapporo,Kashima Antlers,2,2,1,2,0.9
2021-04-11,FC Tokyo,Kawasaki Frontale,FC Tokyo,Kawasaki Frontale,2,4,0,2,1.0
2021-04-10,Sanfrecce Hiroshima,Shonan Bellmare,Sanfrecce Hiroshima,Shonan Bellmare,0,1,0,0,1.0
2021-04-10,Cerezo Osaka,Avispa Fukuoka,Cerezo Osaka,Avispa Fukuoka,2,2,0,0,1.0
2021-04-07,Yokohama FC,Sanfrecce Hiroshima,Yokohama FC,Sanfrecce Hiroshima,0,3,0,3,1.0
2021-04-07,Vissel Kobe,Oita Trinita,Vissel Kobe,Oita Trinita,1,0,1,0,1.0
2021-04-07,Tokushima,Vegalta Sendai,Tokushima Vortis,Vegalta Sendai,1,0,1,0,0.875
2021-04-07,Shonan Bellmare,Nagoya Grampus,Shonan Bellmare,Nagoya Grampus,0,0,0,0,1.0
2021-04-07,Shimizu S-Pulse,Urawa Reds,Shimizu S-Pulse,Urawa Red Diamonds,0,2,0,1,0.86
2021-04-07,Kawasaki Frontale,Sagan Tosu,Kawasaki Frontale,Sagan Tosu,1,0,0,0,1.0
2021-04-07,Kashima Antlers,Kashiwa Reysol,Kashima Antlers,Kashiwa Reysol,2,1,0,0,1.0
2021-04-07,Gamba Osaka,Avispa Fukuoka,Gamba Osaka,Avispa Fukuoka,0,0,0,0,1.0
2021-04-07,FC Tokyo,Hokkaido Consadole Sapporo,FC Tokyo,Consadole Sapporo,2,1,0,0,0.9
2021-04-06,Yokohama F. Marinos,Cerezo Osaka,Yokohama F. Marinos,Cerezo Osaka,1,0,0,0,1.0
2021-04-04,Shimizu S-Pulse,Tokushima,Shimizu S-Pulse,Tokushima Vortis,0,3,0,1,0.875
2021-04-03,Yokohama FC,Kashiwa Reysol,Yokohama FC,Kashiwa Reysol,1,1,1,0,1.0
2021-04-03,Yokohama F. Marinos,Shonan Bellmare,Yokohama F. Marinos,Shonan Bellmare,1,1,0,0,1.0
2021-04-03,Vegalta Sendai,Vissel Kobe,Vegalta Sendai,Vissel Kobe,0,2,0,2,1.0
2021-04-03,Urawa Reds,Kashima Antlers,Urawa Red Diamonds,Kashima Antlers,2,1,1,1,0.86
2021-04-03,Sanfrecce Hiroshima,Gamba Osaka,Sanfrecce Hiroshima,Gamba Osaka,0,0,0,0,1.0
2021-04-03,Nagoya Grampus,FC Tokyo,Nagoya Grampus,FC Tokyo,0,0,0,0,1.0
2021-04-03,Kawasaki Frontale,Oita Trinita,Kawasaki Frontale,Oita Trinita,2,0,1,0,1.0
2021-04-03,Avispa Fukuoka,Hokkaido Consadole Sapporo,Avispa Fukuoka,Consadole Sapporo,1,2,0,1,0.9
2021-04-02,Cerezo Osaka,Sagan Tosu,Cerezo Osaka,Sagan Tosu,1,0,0,0,1.0
2021-03-21,Urawa Reds,Kawasaki Frontale,Urawa Red Diamonds,Kawasaki Frontale,0,5,0,1,0.86
2021-03-21,Tokushima,Yokohama FC,Tokushima Vortis,Yokohama FC,2,1,1,0,0.875
2021-03-21,Shonan Bellmare,Cerezo Osaka,Shonan Bellmare,Cerezo Osaka,0,0,0,0,1.0
2021-03-21,Sagan Tosu,Avispa Fukuoka,Sagan Tosu,Avispa Fukuoka,0,0,0,0,1.0
2021-03-21,Oita Trinita,Sanfrecce Hiroshima,Oita Trinita,Sanfrecce Hiroshima,1,3,0,0,1.0
2021-03-21,Kashiwa Reysol,Shimizu S-Pulse,Kashiwa Reysol,Shimizu S-Pulse,1,2,0,2,1.0
2021-03-21,Kashima Antlers,Nagoya Grampus,Kashima Antlers,Nagoya Grampus,0,1,0,0,1.0
2021-03-21,FC Tokyo,Vegalta Sendai,FC Tokyo,Vegalta Sendai,2,1,2,1,1.0
2021-03-20,Hokkaido Consadole Sapporo,Vissel Kobe,Consadole Sapporo,Vissel Kobe,3,4,2,0,0.9
2021-03-17,Yokohama F. Marinos,Tokushima,Yokohama F. Marinos,Tokushima Vortis,1,0,1,0,0.875
2021-03-17,Vissel Kobe,Kawasaki Frontale,Vissel Kobe,Kawasaki Frontale,1,1,0,0,1.0
2021-03-17,Urawa Reds,Hokkaido Consadole Sapporo,Urawa Red Diamonds,Consadole Sapporo,0,0,0,0,0.76
2021-03-17,Sanfrecce Hiroshima,Shimizu S-Pulse,Sanfrecce Hiroshima,Shimizu S-Pulse,1,0,0,0,1.0
2021-03-17,Sagan Tosu,Kashiwa Reysol,Sagan Tosu,Kashiwa Reysol,2,0,1,0,1.0
2021-03-17,Nagoya Grampus,Yokohama FC,Nagoya Grampus,Yokohama FC,3,0,0,0,1.0
2021-03-17,FC Tokyo,Shonan Bellmare,FC Tokyo,Shonan Bellmare,3,2,2,1,1.0
2021-03-17,Cerezo Osaka,Oita Trinita,Cerezo Osaka,Oita Trinita,1,0,0,0,1.0
2021-03-17,Avispa Fukuoka,Kashima Antlers,Avispa Fukuoka,Kashima Antlers,1,0,0,0,1.0
2021-03-14,Yokohama F. Marinos,Urawa Reds,Yokohama F. Marinos,Urawa Red Diamonds,3,0,2,0,0.86
2021-03-14,Shimizu S-Pulse,Sagan Tosu,Shimizu S-Pulse,Sagan Tosu,0,0,0,0,1.0
2021-03-14,Oita Trinita,FC Tokyo,Oita Trinita,FC Tokyo,1,1,0,1,1.0
2021-03-13,Yokohama FC,Cerezo Osaka,Yokohama FC,Cerezo Osaka,1,4,0,1,1.0
2021-03-13,Vissel Kobe,Nagoya Grampus,Vissel Kobe,Nagoya Grampus,0,1,0,1,1.0
2021-03-13,Tokushima,Avispa Fukuoka,Tokushima Vortis,Avispa Fukuoka,1,2,1,0,0.875
2021-03-13,Shonan Bellmare,Vegalta Sendai,Shonan Bellmare,Vegalta Sendai,3,1,1,0,1.0
2021-03-13,Kawasaki Frontale,Kashiwa Reysol,Kawasaki Frontale,Kashiwa Reysol,1,0,0,0,1.0
2021-03-13,Kashima Antlers,Sanfrecce Hiroshima,Kashima Antlers,Sanfrecce Hiroshima,1,1,0,1,1.0
2021-03-10,Urawa Reds,Yokohama FC,Urawa Red Diamonds,Yokohama FC,2,0,2,0,0.86
2021-03-10,Sanfrecce Hiroshima,Hokkaido Consadole Sapporo,Sanfrecce Hiroshima,Consadole Sapporo,2,1,2,1,0.9
2021-03-10,Sagan Tosu,Vegalta Sendai,Sagan Tosu,Vegalta Sendai,5,0,3,0,1.0
2021-03-10,Kawasaki Frontale,Tokushima,Kawasaki Frontale,Tokushima Vortis,2,0,2,0,0.875
2021-03-10,Kashiwa Reysol,Nagoya Grampus,Kashiwa Reysol,Nagoya Grampus,0,1,0,0,1.0
2021-03-10,Kashima Antlers,Shonan Bellmare,Kashima Antlers,Shonan Bellmare,3,1,1,0,1.0
2021-03-10,FC Tokyo,Vissel Kobe,FC Tokyo,Vissel Kobe,2,3,0,1,1.0
2021-03-10,Cerezo Osaka,Shimizu S-Pulse,Cerezo Osaka,Shimizu S-Pulse,2,1,1,1,1.0
2021-03-10,Avispa Fukuoka,Yokohama F. Marinos,Avispa Fukuoka,Yokohama F. Marinos,1,3,0,1,1.0
2021-03-07,Yokohama F. Marinos,Sanfrecce Hiroshima,Yokohama F. Marinos,Sanfrecce Hiroshima,3,3,1,3,1.0
2021-03-06,Yokohama FC,Oita Trinita,Yokohama FC,Oita Trinita,1,2,1,2,1.0
2021-03-06,Vegalta Sendai,Kawasaki Frontale,Vegalta Sendai,Kawasaki Frontale,1,5,0,4,1.0
2021-03-06,Tokushima,Vissel Kobe,Tokushima Vortis,Vissel Kobe,1,1,0,0,0.875
2021-03-06,Shimizu S-Pulse,Avispa Fukuoka,Shimizu S-Pulse,Avispa Fukuoka,2,2,1,0,1.0
2021-03-06,Sagan Tosu,Urawa Reds,Sagan Tosu,Urawa Red Diamonds,2,0,0,0,0.86
2021-03-06,Kashiwa Reysol,Shonan Bellmare,Kashiwa Reysol,Shonan Bellmare,2,1,1,1,1.0
2021-03-06,FC Tokyo,Cerezo Osaka,FC Tokyo,Cerezo Osaka,3,2,0,1,1.0
2021-03-03,Kawasaki Frontale,Cerezo Osaka,Kawasaki Frontale,Cerezo Osaka,3,2,1,2,1.0
2021-02-28,Avispa Fukuoka,Nagoya Grampus,Avispa Fukuoka,Nagoya Grampus,1,2,0,1,1.0
2021-02-27,Vissel Kobe,Gamba Osaka,Vissel Kobe,Gamba Osaka,1,0,0,0,1.0
2021-02-27,Urawa Reds,FC Tokyo,Urawa Red Diamonds,FC Tokyo,1,1,0,0,0.86
2021-02-27,Shonan Bellmare,Sagan Tosu,Shonan Bellmare,Sagan Tosu,0,1,0,0,1.0
2021-02-27,Sanfrecce Hiroshima,Vegalta Sendai,Sanfrecce Hiroshima,Vegalta Sendai,1,1,1,0,1.0
2021-02-27,Oita Trinita,Tokushima,Oita Trinita,Tokushima Vortis,1,1,0,1,0.875
2021-02-27,Kashima Antlers,Shimizu S-Pulse,Kashima Antlers,Shimizu S-Pulse,1,3,0,0,1.0
2021-02-27,Hokkaido Consadole Sapporo,Yokohama FC,Consadole Sapporo,Yokohama FC,5,1,4,1,0.9
2021-02-27,Cerezo Osaka,Kashiwa Reysol,Cerezo Osaka,Kashiwa Reysol,2,0,1,0,1.0
2021-02-26,Kawasaki Frontale,Yokohama F. Marinos,Kawasaki Frontale,Yokohama F. Marinos,2,0,2,0,1.0
2020-12-19,Yokohama FC,Yokohama F. Marinos,Yokohama FC,Yokohama F. Marinos,3,1,2,1,1.0
2020-12-19,Vegalta Sendai,Shonan Bellmare,Vegalta Sendai,Shonan Bellmare,0,0,0,0,1.0
2020-12-19,Urawa Reds,Hokkaido Consadole Sapporo,Urawa Red Diamonds,Consadole Sapporo,0,2,0,0,0.76
2020-12-19,Sagan Tosu,Oita Trinita,Sagan Tosu,Oita Trinita,2,2,0,1,1.0
2020-12-19,Nagoya Grampus,Sanfrecce Hiroshima,Nagoya Grampus,Sanfrecce Hiroshima,1,0,0,0,1.0
2020-12-19,Kashiwa Reysol,Kawasaki Frontale,Kashiwa Reysol,Kawasaki Frontale,2,3,1,0,1.0
2020-12-19,Kashima Antlers,Cerezo Osaka,Kashima Antlers,Cerezo Osaka,1,1,0,0,1.0
2020-12-19,Gamba Osaka,Shimizu S-Pulse,Gamba Osaka,Shimizu S-Pulse,0,2,0,0,1.0
2020-12-19,FC Tokyo,Vissel Kobe,FC Tokyo,Vissel Kobe,1,0,0,0,1.0
2020-12-16,Yokohama FC,Gamba Osaka,Yokohama FC,Gamba Osaka,0,2,0,1,1.0
2020-12-16,Shonan Bellmare,Oita Trinita,Shonan Bellmare,Oita Trinita,1,2,1,1,1.0
2020-12-16,Shimizu S-Pulse,Vegalta Sendai,Shimizu S-Pulse,Vegalta Sendai,2,3,1,2,1.0
2020-12-16,Sanfrecce Hiroshima,Kashiwa Reysol,Sanfrecce Hiroshima,Kashiwa Reysol,0,1,0,1,1.0
2020-12-16,Kawasaki Frontale,Urawa Reds,Kawasaki Frontale,Urawa Red Diamonds,3,1,0,1,0.86
2020-12-16,Cerezo Osaka,Sagan Tosu,Cerezo Osaka,Sagan Tosu,1,2,1,1,1.0
2020-12-12,Urawa Reds,Shonan Bellmare,Urawa Red Diamonds,Shonan Bellmare,0,0,0,0,0.86
2020-12-12,Sagan Tosu,Kawasaki Frontale,Sagan Tosu,Kawasaki Frontale,1,1,0,0,1.0
2020-12-12,Oita Trinita,Hokkaido Consadole Sapporo,Oita Trinita,Consadole Sapporo,1,1,1,0,0.9
2020-12-12,Nagoya Grampus,Yokohama FC,Nagoya Grampus,Yokohama FC,0,0,0,0,1.0
2020-12-12,Kashima Antlers,Shimizu S-Pulse,Kashima Antlers,Shimizu S-Pulse,2,0,2,0,1.0
2020-12-12,FC Tokyo,Sanfrecce Hiroshima,FC Tokyo,Sanfrecce Hiroshima,1,0,0,0,1.0
2020-12-12,Cerezo Osaka,Kashiwa Reysol,Cerezo Osaka,Kashiwa Reysol,0,0,0,0,1.0
2020-12-09,Kashiwa Reysol,Oita Trinita,Kashiwa Reysol,Oita Trinita,1,1,0,0,1.0
2020-12-06,Shonan Bellmare,Gamba Osaka,Shonan Bellmare,Gamba Osaka,1,2,1,1,1.0
2020-12-06,Oita Trinita,Vegalta Sendai,Oita Trinita,Vegalta Sendai,0,2,0,1,1.0
2020-12-05,Yokohama FC,Sagan Tosu,Yokohama FC,Sagan Tosu,1,1,1,0,1.0
2020-12-05,Shimizu S-Pulse,Kawasaki Frontale,Shimizu S-Pulse,Kawasaki Frontale,2,2,2,1,1.0
2020-12-05,Kashiwa Reysol,Nagoya Grampus,Kashiwa Reysol,Nagoya Grampus,0,1,0,0,1.0
2020-12-05,Hokkaido Consadole Sapporo,Cerezo Osaka,Consadole Sapporo,Cerezo Osaka,1,3,0,1,0.9
2020-12-01,Vegalta Sendai,Kashiwa Reysol,Vegalta Sendai,Kashiwa Reysol,0,2,0,1,1.0
2020-11-29,Shimizu S-Pulse,Shonan Bellmare,Shimizu S-Pulse,Shonan Bellmare,1,1,0,0,1.0
2020-11-29,Kashima Antlers,Urawa Reds,Kashima Antlers,Urawa Red Diamonds,4,0,1,0,0.86
2020-11-29,Gamba Osaka,Sagan Tosu,Gamba Osaka,Sagan Tosu,1,1,0,1,1.0
2020-11-29,Cerezo Osaka,Yokohama FC,Cerezo Osaka,Yokohama FC,1,0,0,0,1.0
2020-11-28,Sanfrecce Hiroshima,Hokkaido Consadole Sapporo,Sanfrecce Hiroshima,Consadole Sapporo,2,2,0,1,0.9
2020-11-28,Nagoya Grampus,Oita Trinita,Nagoya Grampus,Oita Trinita,0,0,0,0,1.0
2020-11-25,Yokohama FC,Shimizu S-Pulse,Yokohama FC,Shimizu S-Pulse,1,3,0,3,1.0
2020-11-25,Shonan Bellmare,Sanfrecce Hiroshima,Shonan Bellmare,Sanfrecce Hiroshima,1,1,1,0,1.0
2020-11-25,Sagan Tosu,Vegalta Sendai,Sagan Tosu,Vegalta Sendai,0,1,0,0,1.0
2020-11-25,Oita Trinita,Cerezo Osaka,Oita Trinita,Cerezo Osaka,0,1,0,1,1.0
2020-11-25,Kawasaki Frontale,Gamba Osaka,Kawasaki Frontale,Gamba Osaka,5,0,2,0,1.0
2020-11-25,Kashima Antlers,Kashiwa Reysol,Kashima Antlers,Kashiwa Reysol,1,4,0,1,1.0
2020-11-22,Urawa Reds,Gamba Osaka,Urawa Red Diamonds,Gamba Osaka,1,2,0,0,0.86
2020-11-21,Vegalta Sendai,Kashima Antlers,Vegalta Sendai,Kashima Antlers,1,3,0,0,1.0
2020-11-21,Oita Trinita,Kawasaki Frontale,Oita Trinita,Kawasaki Frontale,1,0,1,0,1.0
2020-11-21,Nagoya Grampus,Shonan Bellmare,Nagoya Grampus,Shonan Bellmare,3,1,1,1,1.0
2020-11-21,Kashiwa Reysol,Sagan Tosu,Kashiwa Reysol,Sagan Tosu,1,2,0,0,1.0
2020-11-21,Hokkaido Consadole Sapporo,Shimizu S-Pulse,Consadole Sapporo,Shimizu S-Pulse,5,1,3,1,0.9
2020-11-21,Cerezo Osaka,Sanfrecce Hiroshima,Cerezo Osaka,Sanfrecce Hiroshima,0,1,0,1,1.0
2020-11-18,Vissel Kobe,Urawa Reds,Vissel Kobe,Urawa Red Diamonds,0,1,0,0,0.86
2020-11-18,Vegalta Sendai,FC Tokyo,Vegalta Sendai,FC Tokyo,2,2,0,1,1.0
2020-11-18,Kawasaki Frontale,Yokohama F. Marinos,Kawasaki Frontale,Yokohama F. Marinos,3,1,0,0,1.0
2020-11-15,Vissel Kobe,Shonan Bellmare,Vissel Kobe,Shonan Bellmare,0,2,0,0,1.0
2020-11-15,Nagoya Grampus,FC Tokyo,Nagoya Grampus,FC Tokyo,1,0,0,0,1.0
2020-11-14,Yokohama F. Marinos,Urawa Reds,Yokohama F. Marinos,Urawa Red Diamonds,6,2,4,1,0.86
2020-11-14,Shimizu S-Pulse,Cerezo Osaka,Shimizu S-Pulse,Cerezo Osaka,3,1,0,0,1.0
2020-11-14,Sanfrecce Hiroshima,Yokohama FC,Sanfrecce Hiroshima,Yokohama FC,1,1,1,1,1.0
2020-11-14,Kashima Antlers,Kawasaki Frontale,Kashima Antlers,Kawasaki Frontale,1,1,0,1,1.0
2020-11-14,Hokkaido Consadole Sapporo,Sagan Tosu,Consadole Sapporo,Sagan Tosu,1,1,0,0,0.9
2020-11-14,Gamba Osaka,Vegalta Sendai,Gamba Osaka,Vegalta Sendai,0,4,0,2,1.0
2020-11-11,Shonan Bellmare,Yokohama F. Marinos,Shonan Bellmare,Yokohama F. Marinos,1,0,0,0,1.0
2020-11-11,Sanfrecce Hiroshima,Nagoya Grampus,Sanfrecce Hiroshima,Nagoya Grampus,2,0,1,0,1.0
2020-11-11,Gamba Osaka,Vissel Kobe,Gamba Osaka,Vissel Kobe,1,0,1,0,1.0
2020-11-11,FC Tokyo,Hokkaido Consadole Sapporo,FC Tokyo,Consadole Sapporo,1,0,1,0,0.9
2020-11-08,Yokohama FC,Vissel Kobe,Yokohama FC,Vissel Kobe,2,1,1,1,1.0
2020-11-08,Vegalta Sendai,Sagan Tosu,Vegalta Sendai,Sagan Tosu,0,3,0,1,1.0
2020-11-03,Yokohama FC,Oita Trinita,Yokohama FC,Oita Trinita,2,3,2,1,1.0
2020-11-03,Yokohama F. Marinos,Kashima Antlers,Yokohama F. Marinos,Kashima Antlers,2,3,2,1,1.0
2020-11-03,Shimizu S-Pulse,Vissel Kobe,Shimizu S-Pulse,Vissel Kobe,3,1,0,1,1.0
2020-11-03,Sanfrecce Hiroshima,Urawa Reds,Sanfrecce Hiroshima,Urawa Red Diamonds,1,1,0,1,0.86
2020-11-03,Sagan Tosu,Nagoya Grampus,Sagan Tosu,Nagoya Grampus,0,0,0,0,1.0
2020-11-03,Kawasaki Frontale,Hokkaido Consadole Sapporo,Kawasaki Frontale,Consadole Sapporo,0,2,0,0,0.9
2020-11-03,Cerezo Osaka,Gamba Osaka,Cerezo Osaka,Gamba Osaka,1,1,1,1,1.0
2020-10-31,Vegalta Sendai,Sanfrecce Hiroshima,Vegalta Sendai,Sanfrecce Hiroshima,0,0,0,0,1.0
2020-10-31,Shonan Bellmare,Yokohama FC,Shonan Bellmare,Yokohama FC,1,0,0,0,1.0
2020-10-31,Oita Trinita,Urawa Reds,Oita Trinita,Urawa Red Diamonds,0,0,0,0,0.86
2020-10-31,Kawasaki Frontale,FC Tokyo,Kawasaki Frontale,FC Tokyo,2,1,1,0,1.0
2020-10-31,Kashiwa Reysol,Shimizu S-Pulse,Kashiwa Reysol,Shimizu S-Pulse,0,0,0,0,1.0
2020-10-31,Kashima Antlers,Nagoya Grampus,Kashima Antlers,Nagoya Grampus,0,2,0,1,1.0
2020-10-31,Gamba Osaka,Hokkaido Consadole Sapporo,Gamba Osaka,Consadole Sapporo,2,1,1,1,0.9
2020-10-28,Vegalta Sendai,Vissel Kobe,Vegalta Sendai,Vissel Kobe,2,3,0,0,1.0
2020-10-28,Sanfrecce Hiroshima,Yokohama F. Marinos,Sanfrecce Hiroshima,Yokohama F. Marinos,3,1,1,0,1.0
2020-10-28,FC Tokyo,Kashiwa Reysol,FC Tokyo,Kashiwa Reysol,1,3,0,1,1.0
2020-10-25,Sagan Tosu,Shonan Bellmare,Sagan Tosu,Shonan Bellmare,2,2,1,2,1.0
2020-10-24,Urawa Reds,Cerezo Osaka,Urawa Red Diamonds,Cerezo Osaka,3,1,2,1,0.86
2020-10-24,Nagoya Grampus,Vegalta Sendai,Nagoya Grampus,Vegalta Sendai,1,0,0,0,1.0
2020-10-24,Kashima Antlers,Sanfrecce Hiroshima,Kashima Antlers,Sanfrecce Hiroshima,1,0,0,0,1.0
2020-10-24,Hokkaido Consadole Sapporo,Yokohama FC,Consadole Sapporo,Yokohama FC,3,0,1,0,0.9
2020-10-24,Gamba Osaka,Kashiwa Reysol,Gamba Osaka,Kashiwa Reysol,2,1,0,0,1.0
2020-10-24,FC Tokyo,Yokohama F. Marinos,FC Tokyo,Yokohama F. Marinos,0,4,0,0,1.0
2020-10-21,Yokohama F. Marinos,Nagoya Grampus,Yokohama F. Marinos,Nagoya Grampus,2,1,1,0,1.0
2020-10-21,Vissel Kobe,Kashima Antlers,Vissel Kobe,Kashima Antlers,1,3,0,2,1.0
2020-10-21,Shonan Bellmare,Sagan Tosu,Shonan Bellmare,Sagan Tosu,0,0,0,0,1.0
2020-10-18,Yokohama FC,FC Tokyo,Yokohama FC,FC Tokyo,1,0,0,0,1.0
2020-10-18,Urawa Reds,Vegalta Sendai,Urawa Red Diamonds,Vegalta Sendai,6,0,3,0,0.86
2020-10-18,Shonan Bellmare,Kashiwa Reysol,Shonan Bellmare,Kashiwa Reysol,3,2,1,1,1.0
2020-10-18,Shimizu S-Pulse,Sagan Tosu,Shimizu S-Pulse,Sagan Tosu,1,1,0,0,1.0
2020-10-18,Sanfrecce Hiroshima,Vissel Kobe,Sanfrecce Hiroshima,Vissel Kobe,2,1,2,0,1.0
2020-10-18,Oita Trinita,Gamba Osaka,Oita Trinita,Gamba Osaka,0,1,0,0,1.0
2020-10-18,Kawasaki Frontale,Nagoya Grampus,Kawasaki Frontale,Nagoya Grampus,3,0,1,0,1.0
2020-10-18,Hokkaido Consadole Sapporo,Kashima Antlers,Consadole Sapporo,Kashima Antlers,1,0,1,0,0.9
2020-10-17,Cerezo Osaka,Yokohama F. Marinos,Cerezo Osaka,Yokohama F. Marinos,4,1,1,0,1.0
2020-10-14,Vissel Kobe,Oita Trinita,Vissel Kobe,Oita Trinita,1,1,1,0,1.0
2020-10-14,Vegalta Sendai,Yokohama FC,Vegalta Sendai,Yokohama FC,0,0,0,0,1.0
2020-10-14,Sanfrecce Hiroshima,Kawasaki Frontale,Sanfrecce Hiroshima,Kawasaki Frontale,0,2,0,0,1.0
2020-10-14,Sagan Tosu,Kashima Antlers,Sagan Tosu,Kashima Antlers,0,2,0,1,1.0
2020-10-14,Nagoya Grampus,Hokkaido Consadole Sapporo,Nagoya Grampus,Consadole Sapporo,3,0,2,0,0.9
2020-10-14,Kashiwa Reysol,Urawa Reds,Kashiwa Reysol,Urawa Red Diamonds,1,1,1,0,0.86
2020-10-14,Gamba Osaka,Yokohama F. Marinos,Gamba Osaka,Yokohama F. Marinos,1,1,1,1,1.0
2020-10-14,FC Tokyo,Shimizu S-Pulse,FC Tokyo,Shimizu S-Pulse,3,1,1,0,1.0
2020-10-14,Cerezo Osaka,Shonan Bellmare,Cerezo Osaka,Shonan Bellmare,1,0,0,0,1.0
2020-10-10,Yokohama F. Marinos,Oita Trinita,Yokohama F. Marinos,Oita Trinita,4,0,0,0,1.0
2020-10-10,Shimizu S-Pulse,Sanfrecce Hiroshima,Shimizu S-Pulse,Sanfrecce Hiroshima,2,3,0,1,1.0
2020-10-10,Sagan Tosu,Urawa Reds,Sagan Tosu,Urawa Red Diamonds,0,1,0,0,0.86
2020-10-10,Nagoya Grampus,Cerezo Osaka,Nagoya Grampus,Cerezo Osaka,1,0,0,0,1.0
2020-10-10,Kawasaki Frontale,Vegalta Sendai,Kawasaki Frontale,Vegalta Sendai,1,0,1,0,1.0
2020-10-10,Kashiwa Reysol,Vissel Kobe,Kashiwa Reysol,Vissel Kobe,4,3,3,0,1.0
2020-10-10,Kashima Antlers,Yokohama FC,Kashima Antlers,Yokohama FC,3,2,0,2,1.0
2020-10-10,Hokkaido Consadole Sapporo,Shonan Bellmare,Consadole Sapporo,Shonan Bellmare,2,1,1,1,0.9
2020-10-10,FC Tokyo,Gamba Osaka,FC Tokyo,Gamba Osaka,0,1,0,1,1.0
2020-10-07,Sagan Tosu,Gamba Osaka,Sagan Tosu,Gamba Osaka,1,2,0,2,1.0
2020-10-04,Yokohama F. Marinos,Vissel Kobe,Yokohama F. Marinos,Vissel Kobe,2,3,1,2,1.0
2020-10-04,Urawa Reds,Nagoya Grampus,Urawa Red Diamonds,Nagoya Grampus,0,1,0,0,0.86
2020-10-04,Shonan Bellmare,FC Tokyo,Shonan Bellmare,FC Tokyo,0,1,0,0,1.0
2020-10-03,Yokohama FC,Kashiwa Reysol,Yokohama FC,Kashiwa Reysol,0,3,0,1,1.0
2020-10-03,Sanfrecce Hiroshima,Sagan Tosu,Sanfrecce Hiroshima,Sagan Tosu,3,0,2,0,1.0
2020-10-03,Oita Trinita,Shimizu S-Pulse,Oita Trinita,Shimizu S-Pulse,2,1,1,1,1.0
2020-10-03,Hokkaido Consadole Sapporo,Vegalta Sendai,Consadole Sapporo,Vegalta Sendai,3,3,1,0,0.9
2020-10-03,Gamba Osaka,Kashima Antlers,Gamba Osaka,Kashima Antlers,2,0,0,0,1.0
2020-10-03,Cerezo Osaka,Kawasaki Frontale,Cerezo Osaka,Kawasaki Frontale,1,3,0,1,1.0
2020-09-30,Yokohama F. Marinos,Sagan Tosu,Yokohama F. Marinos,Sagan Tosu,1,1,0,0,1.0
2020-09-30,Vissel Kobe,Nagoya Grampus,Vissel Kobe,Nagoya Grampus,1,0,0,0,1.0
2020-09-30,Urawa Reds,FC Tokyo,Urawa Red Diamonds,FC Tokyo,0,1,0,1,0.86
2020-09-27,Vegalta Sendai,Cerezo Osaka,Vegalta Sendai,Cerezo Osaka,2,3,0,1,1.0
2020-09-27,Shonan Bellmare,Kawasaki Frontale,Shonan Bellmare,Kawasaki Frontale,0,1,0,1,1.0
2020-09-27,Sanfrecce Hiroshima,Gamba Osaka,Sanfrecce Hiroshima,Gamba Osaka,1,2,0,2,1.0
2020-09-27,Sagan Tosu,FC Tokyo,Sagan Tosu,FC Tokyo,3,0,1,0,1.0
2020-09-27,Kashiwa Reysol,Yokohama F. Marinos,Kashiwa Reysol,Yokohama F. Marinos,1,3,1,0,1.0
2020-09-27,Kashima Antlers,Oita Trinita,Kashima Antlers,Oita Trinita,0,2,0,0,1.0
2020-09-26,Vissel Kobe,Hokkaido Consadole Sapporo,Vissel Kobe,Consadole Sapporo,4,0,2,0,0.9
2020-09-26,Urawa Reds,Yokohama FC,Urawa Red Diamonds,Yokohama FC,0,2,0,2,0.86
2020-09-26,Nagoya Grampus,Shimizu S-Pulse,Nagoya Grampus,Shimizu S-Pulse,3,1,2,0,1.0
2020-09-23,Yokohama F. Marinos,Vegalta Sendai,Yokohama F. Marinos,Vegalta Sendai,3,1,1,1,1.0
2020-09-23,Vissel Kobe,Sagan Tosu,Vissel Kobe,Sagan Tosu,4,3,2,1,1.0
2020-09-23,Shimizu S-Pulse,Urawa Reds,Shimizu S-Pulse,Urawa Red Diamonds,1,2,0,1,0.86
2020-09-23,Oita Trinita,Sanfrecce Hiroshima,Oita Trinita,Sanfrecce Hiroshima,0,2,0,0,1.0
2020-09-23,Kawasaki Frontale,Yokohama FC,Kawasaki Frontale,Yokohama FC,3,2,1,0,1.0
2020-09-23,Kashima Antlers,Shonan Bellmare,Kashima Antlers,Shonan Bellmare,1,0,0,0,1.0
2020-09-23,Hokkaido Consadole Sapporo,Kashiwa Reysol,Consadole Sapporo,Kashiwa Reysol,0,1,0,0,0.9
2020-09-23,Gamba Osaka,Nagoya Grampus,Gamba Osaka,Nagoya Grampus,2,1,0,1,1.0
2020-09-23,FC Tokyo,Cerezo Osaka,FC Tokyo,Cerezo Osaka,2,0,0,0,1.0
2020-09-20,Urawa Reds,Kawasaki Frontale,Urawa Red Diamonds,Kawasaki Frontale,0,3,0,1,0.86
2020-09-20,Oita Trinita,Yokohama FC,Oita Trinita,Yokohama FC,1,0,1,0,1.0
2020-09-20,FC Tokyo,Vegalta Sendai,FC Tokyo,Vegalta Sendai,1,0,1,0,1.0
2020-09-19,Shonan Bellmare,Shimizu S-Pulse,Shonan Bellmare,Shimizu S-Pulse,0,3,0,0,1.0
2020-09-19,Sagan Tosu,Yokohama F. Marinos,Sagan Tosu,Yokohama F. Marinos,1,3,1,3,1.0
2020-09-19,Nagoya Grampus,Vissel Kobe,Nagoya Grampus,Vissel Kobe,2,1,1,1,1.0
2020-09-19,Kashiwa Reysol,Sanfrecce Hiroshima,Kashiwa Reysol,Sanfrecce Hiroshima,1,1,1,1,1.0
2020-09-19,Hokkaido Consadole Sapporo,Gamba Osaka,Consadole Sapporo,Gamba Osaka,0,1,0,0,0.9
2020-09-19,Cerezo Osaka,Kashima Antlers,Cerezo Osaka,Kashima Antlers,1,2,1,1,1.0
2020-09-16,Yokohama F. Marinos,Shimizu S-Pulse,Yokohama F. Marinos,Shimizu S-Pulse,3,0,3,0,1.0
2020-09-16,Vissel Kobe,Cerezo Osaka,Vissel Kobe,Cerezo Osaka,0,1,0,0,1.0
2020-09-16,Sagan Tosu,Hokkaido Consadole Sapporo,Sagan Tosu,Consadole Sapporo,0,2,0,0,0.9
2020-09-16,FC Tokyo,Oita Trinita,FC Tokyo,Oita Trinita,2,3,0,0,1.0
2020-09-13,Yokohama FC,Nagoya Grampus,Yokohama FC,Nagoya Grampus,3,2,2,1,1.0
2020-09-13,Yokohama F. Marinos,Cerezo Osaka,Yokohama F. Marinos,Cerezo Osaka,1,2,0,0,1.0
2020-09-13,Vegalta Sendai,Oita Trinita,Vegalta Sendai,Oita Trinita,0,3,0,1,1.0
2020-09-13,Sagan Tosu,Kashiwa Reysol,Sagan Tosu,Kashiwa Reysol,2,1,1,1,1.0
2020-09-13,Kawasaki Frontale,Sanfrecce Hiroshima,Kawasaki Frontale,Sanfrecce Hiroshima,5,1,1,0,1.0
2020-09-13,Hokkaido Consadole Sapporo,Urawa Reds,Consadole Sapporo,Urawa Red Diamonds,3,4,2,2,0.76
2020-09-13,Gamba Osaka,Shonan Bellmare,Gamba Osaka,Shonan Bellmare,0,1,0,0,1.0
2020-09-12,Vissel Kobe,FC Tokyo,Vissel Kobe,FC Tokyo,2,2,1,0,1.0
2020-09-12,Shimizu S-Pulse,Kashima Antlers,Shimizu S-Pulse,Kashima Antlers,1,2,0,2,1.0
2020-09-09,Urawa Reds,Sagan Tosu,Urawa Red Diamonds,Sagan Tosu,2,2,0,1,0.86
2020-09-09,Sanfrecce Hiroshima,Shimizu S-Pulse,Sanfrecce Hiroshima,Shimizu S-Pulse,4,1,1,0,1.0
2020-09-09,Oita Trinita,Shonan Bellmare,Oita Trinita,Shonan Bellmare,2,2,0,2,1.0
2020-09-09,Nagoya Grampus,Yokohama F. Marinos,Nagoya Grampus,Yokohama F. Marinos,2,1,1,1,1.0
2020-09-09,Kawasaki Frontale,Vissel Kobe,Kawasaki Frontale,Vissel Kobe,3,2,1,1,1.0
2020-09-09,Kashiwa Reysol,Gamba Osaka,Kashiwa Reysol,Gamba Osaka,3,0,2,0,1.0
2020-09-09,Kashima Antlers,Vegalta Sendai,Kashima Antlers,Vegalta Sendai,2,1,1,0,1.0
2020-09-09,FC Tokyo,Yokohama FC,FC Tokyo,Yokohama FC,2,1,1,1,1.0
2020-09-09,Cerezo Osaka,Hokkaido Consadole Sapporo,Cerezo Osaka,Consadole Sapporo,2,0,1,0,0.9
2020-09-05,Yokohama F. Marinos,Kawasaki Frontale,Yokohama F. Marinos,Kawasaki Frontale,1,3,1,1,1.0
2020-09-05,Vegalta Sendai,Gamba Osaka,Vegalta Sendai,Gamba Osaka,1,4,1,2,1.0
2020-09-05,Shonan Bellmare,Vissel Kobe,Shonan Bellmare,Vissel Kobe,1,1,0,0,1.0
2020-09-05,Shimizu S-Pulse,Kashiwa Reysol,Shimizu S-Pulse,Kashiwa Reysol,1,2,0,2,1.0
2020-09-05,Sagan Tosu,Yokohama FC,Sagan Tosu,Yokohama FC,3,0,1,0,1.0
2020-09-05,Oita Trinita,FC Tokyo,Oita Trinita,FC Tokyo,0,1,0,1,1.0
2020-09-05,Nagoya Grampus,Kashima Antlers,Nagoya Grampus,Kashima Antlers,1,3,0,2,1.0
2020-09-05,Hokkaido Consadole Sapporo,Sanfrecce Hiroshima,Consadole Sapporo,Sanfrecce Hiroshima,0,2,0,0,0.9
2020-09-05,Cerezo Osaka,Urawa Reds,Cerezo Osaka,Urawa Red Diamonds,3,0,0,0,0.86
2020-08-30,Yokohama FC,Cerezo Osaka,Yokohama FC,Cerezo Osaka,1,2,0,1,1.0
2020-08-29,Vissel Kobe,Yokohama F. Marinos,Vissel Kobe,Yokohama F. Marinos,3,3,1,2,1.0
2020-08-29,Urawa Reds,Oita Trinita,Urawa Red Diamonds,Oita Trinita,2,1,2,1,0.86
2020-08-29,Sanfrecce Hiroshima,Vegalta Sendai,Sanfrecce Hiroshima,Vegalta Sendai,1,1,1,0,1.0
2020-08-29,Kawasaki Frontale,Shimizu S-Pulse,Kawasaki Frontale,Shimizu S-Pulse,5,0,1,0,1.0
2020-08-29,Kashiwa Reysol,Kashima Antlers,Kashiwa Reysol,Kashima Antlers,2,3,0,0,1.0
2020-08-29,Hokkaido Consadole Sapporo,Nagoya Grampus,Consadole Sapporo,Nagoya Grampus,0,0,0,0,0.9
2020-08-29,Gamba Osaka,FC Tokyo,Gamba Osaka,FC Tokyo,1,3,1,1,1.0
2020-08-26,Yokohama F. Marinos,Hokkaido Consadole Sapporo,Yokohama F. Marinos,Consadole Sapporo,4,1,2,0,0.9
2020-08-26,Vissel Kobe,Kawasaki Frontale,Vissel Kobe,Kawasaki Frontale,2,2,2,1,1.0
2020-08-26,FC Tokyo,Kashima Antlers,FC Tokyo,Kashima Antlers,1,2,1,0,1.0
2020-08-23,Yokohama F. Marinos,Sanfrecce Hiroshima,Yokohama F. Marinos,Sanfrecce Hiroshima,3,1,1,0,1.0
2020-08-23,Urawa Reds,Vissel Kobe,Urawa Red Diamonds,Vissel Kobe,1,2,1,1,0.86
2020-08-23,Oita Trinita,Kashiwa Reysol,Oita Trinita,Kashiwa Reysol,0,0,0,0,1.0
2020-08-23,Nagoya Grampus,Kawasaki Frontale,Nagoya Grampus,Kawasaki Frontale,1,0,1,0,1.0
2020-08-23,Kashima Antlers,Gamba Osaka,Kashima Antlers,Gamba Osaka,1,1,0,1,1.0
2020-08-23,FC Tokyo,Shonan Bellmare,FC Tokyo,Shonan Bellmare,3,0,1,0,1.0
2020-08-23,Cerezo Osaka,Vegalta Sendai,Cerezo Osaka,Vegalta Sendai,2,1,1,1,1.0
2020-08-22,Shimizu S-Pulse,Yokohama FC,Shimizu S-Pulse,Yokohama FC,2,3,1,2,1.0
2020-08-19,Yokohama FC,Kashima Antlers,Yokohama FC,Kashima Antlers,1,0,1,0,1.0
2020-08-19,Vissel Kobe,Kashiwa Reysol,Vissel Kobe,Kashiwa Reysol,2,3,1,0,1.0
2020-08-19,Shonan Bellmare,Nagoya Grampus,Shonan Bellmare,Nagoya Grampus,0,1,0,0,1.0
2020-08-19,Shimizu S-Pulse,Yokohama F. Marinos,Shimizu S-Pulse,Yokohama F. Marinos,3,4,2,2,1.0
2020-08-19,Sanfrecce Hiroshima,FC Tokyo,Sanfrecce Hiroshima,FC Tokyo,3,3,2,3,1.0
2020-08-19,Kawasaki Frontale,Cerezo Osaka,Kawasaki Frontale,Cerezo Osaka,5,2,2,1,1.0
2020-08-19,Hokkaido Consadole Sapporo,Oita Trinita,Consadole Sapporo,Oita Trinita,1,1,0,1,0.9
2020-08-19,Gamba Osaka,Urawa Reds,Gamba Osaka,Urawa Red Diamonds,1,3,0,2,0.86
2020-08-16,Kashima Antlers,Vissel Kobe,Kashima Antlers,Vissel Kobe,2,2,1,1,1.0
2020-08-15,Yokohama FC,Shonan Bellmare,Yokohama FC,Shonan Bellmare,4,2,4,0,1.0
2020-08-15,Vegalta Sendai,Shimizu S-Pulse,Vegalta Sendai,Shimizu S-Pulse,0,0,0,0,1.0
2020-08-15,Urawa Reds,Sanfrecce Hiroshima,Urawa Red Diamonds,Sanfrecce Hiroshima,1,0,1,0,0.86
2020-08-15,Oita Trinita,Yokohama F. Marinos,Oita Trinita,Yokohama F. Marinos,1,0,0,0,1.0
2020-08-15,Kashiwa Reysol,Cerezo Osaka,Kashiwa Reysol,Cerezo Osaka,1,3,0,1,1.0
2020-08-15,Hokkaido Consadole Sapporo,Kawasaki Frontale,Consadole Sapporo,Kawasaki Frontale,1,6,0,1,0.9
2020-08-15,FC Tokyo,Nagoya Grampus,FC Tokyo,Nagoya Grampus,1,0,1,0,1.0
2020-08-09,Sanfrecce Hiroshima,Shonan Bellmare,Sanfrecce Hiroshima,Shonan Bellmare,1,0,1,0,1.0
2020-08-09,Cerezo Osaka,FC Tokyo,Cerezo Osaka,FC Tokyo,0,0,0,0,1.0
2020-08-08,Yokohama F. Marinos,Kashiwa Reysol,Yokohama F. Marinos,Kashiwa Reysol,1,1,0,0,1.0
2020-08-08,Vissel Kobe,Vegalta Sendai,Vissel Kobe,Vegalta Sendai,1,2,0,1,1.0
2020-08-08,Shimizu S-Pulse,Hokkaido Consadole Sapporo,Shimizu S-Pulse,Consadole Sapporo,3,1,1,0,0.9
2020-08-08,Nagoya Grampus,Urawa Reds,Nagoya Grampus,Urawa Red Diamonds,6,2,5,0,0.86
2020-08-08,Kawasaki Frontale,Oita Trinita,Kawasaki Frontale,Oita Trinita,2,0,2,0,1.0
2020-08-08,Kashima Antlers,Sagan Tosu,Kashima Antlers,Sagan Tosu,2,0,0,0,1.0
2020-08-08,Gamba Osaka,Yokohama FC,Gamba Osaka,Yokohama FC,2,1,1,0,1.0
2020-08-02,Hokkaido Consadole Sapporo,Vissel Kobe,Consadole Sapporo,Vissel Kobe,2,3,1,2,0.9
2020-08-01,Yokohama FC,Sanfrecce Hiroshima,Yokohama FC,Sanfrecce Hiroshima,0,2,0,2,1.0
2020-08-01,Vegalta Sendai,Yokohama F. Marinos,Vegalta Sendai,Yokohama F. Marinos,0,1,0,0,1.0
2020-08-01,Urawa Reds,Shimizu S-Pulse,Urawa Red Diamonds,Shimizu S-Pulse,1,1,0,0,0.86
2020-08-01,Shonan Bellmare,Cerezo Osaka,Shonan Bellmare,Cerezo Osaka,0,1,0,0,1.0
2020-08-01,Oita Trinita,Kashima Antlers,Oita Trinita,Kashima Antlers,1,4,1,2,1.0
2020-08-01,Nagoya Grampus,Kashiwa Reysol,Nagoya Grampus,Kashiwa Reysol,0,1,0,0,1.0
2020-08-01,Gamba Osaka,Kawasaki Frontale,Gamba Osaka,Kawasaki Frontale,0,1,0,0,1.0
2020-08-01,FC Tokyo,Sagan Tosu,FC Tokyo,Sagan Tosu,2,3,1,2,1.0
2020-07-26,Yokohama FC,Urawa Reds,Yokohama FC,Urawa Red Diamonds,0,2,0,0,0.86
2020-07-26,Vissel Kobe,Gamba Osaka,Vissel Kobe,Gamba Osaka,0,2,0,0,1.0
2020-07-26,Shimizu S-Pulse,Oita Trinita,Shimizu S-Pulse,Oita Trinita,4,2,1,0,1.0
2020-07-26,Sagan Tosu,Cerezo Osaka,Sagan Tosu,Cerezo Osaka,1,1,0,0,1.0
2020-07-26,Kawasaki Frontale,Shonan Bellmare,Kawasaki Frontale,Shonan Bellmare,3,1,0,0,1.0
2020-07-26,Kashiwa Reysol,Vegalta Sendai,Kashiwa Reysol,Vegalta Sendai,5,1,2,0,1.0
2020-07-26,Kashima Antlers,FC Tokyo,Kashima Antlers,FC Tokyo,2,2,1,2,1.0
2020-07-26,Hokkaido Consadole Sapporo,Yokohama F. Marinos,Consadole Sapporo,Yokohama F. Marinos,3,1,2,1,0.9
2020-07-22,Yokohama F. Marinos,Yokohama FC,Yokohama F. Marinos,Yokohama FC,4,0,1,0,1.0
2020-07-22,Vegalta Sendai,Kawasaki Frontale,Vegalta Sendai,Kawasaki Frontale,2,3,2,0,1.0
2020-07-22,Urawa Reds,Kashiwa Reysol,Urawa Red Diamonds,Kashiwa Reysol,0,4,0,1,0.86
2020-07-22,Shonan Bellmare,Kashima Antlers,Shonan Bellmare,Kashima Antlers,1,0,0,0,1.0
2020-07-22,Sagan Tosu,Shimizu S-Pulse,Sagan Tosu,Shimizu S-Pulse,1,1,1,1,1.0
2020-07-22,Oita Trinita,Nagoya Grampus,Oita Trinita,Nagoya Grampus,0,3,0,1,1.0
2020-07-22,Hokkaido Consadole Sapporo,FC Tokyo,Consadole Sapporo,FC Tokyo,1,1,1,0,0.9
2020-07-22,Gamba Osaka,Sanfrecce Hiroshima,Gamba Osaka,Sanfrecce Hiroshima,1,0,1,0,1.0
2020-07-22,Cerezo Osaka,Vissel Kobe,Cerezo Osaka,Vissel Kobe,0,0,0,0,1.0
2020-07-18,Yokohama FC,Kawasaki Frontale,Yokohama FC,Kawasaki Frontale,1,5,0,1,1.0
2020-07-18,Vissel Kobe,Shimizu S-Pulse,Vissel Kobe,Shimizu S-Pulse,3,1,1,0,1.0
2020-07-18,Vegalta Sendai,Hokkaido Consadole Sapporo,Vegalta Sendai,Consadole Sapporo,2,2,1,0,0.9
2020-07-18,Sanfrecce Hiroshima,Cerezo Osaka,Sanfrecce Hiroshima,Cerezo Osaka,1,2,0,1,1.0
2020-07-18,Nagoya Grampus,Sagan Tosu,Nagoya Grampus,Sagan Tosu,1,0,0,0,1.0
2020-07-18,Kashiwa Reysol,Shonan Bellmare,Kashiwa Reysol,Shonan Bellmare,3,2,2,0,1.0
2020-07-18,Kashima Antlers,Yokohama F. Marinos,Kashima Antlers,Yokohama F. Marinos,4,2,1,1,1.0
2020-07-18,Gamba Osaka,Oita Trinita,Gamba Osaka,Oita Trinita,2,1,1,1,1.0
2020-07-18,FC Tokyo,Urawa Reds,FC Tokyo,Urawa Red Diamonds,2,0,1,0,0.86
2020-07-12,Yokohama FC,Vegalta Sendai,Yokohama FC,Vegalta Sendai,1,1,1,0,1.0
2020-07-12,Yokohama F. Marinos,FC Tokyo,Yokohama F. Marinos,FC Tokyo,1,3,1,2,1.0
2020-07-12,Urawa Reds,Kashima Antlers,Urawa Red Diamonds,Kashima Antlers,1,0,0,0,0.86
2020-07-12,Shonan Bellmare,Hokkaido Consadole Sapporo,Shonan Bellmare,Consadole Sapporo,0,0,0,0,0.9
2020-07-12,Shimizu S-Pulse,Gamba Osaka,Shimizu S-Pulse,Gamba Osaka,1,2,0,1,1.0
2020-07-12,Sagan Tosu,Sanfrecce Hiroshima,Sagan Tosu,Sanfrecce Hiroshima,0,0,0,0,1.0
2020-07-12,Cerezo Osaka,Nagoya Grampus,Cerezo Osaka,Nagoya Grampus,0,2,0,1,1.0
2020-07-11,Oita Trinita,Vissel Kobe,Oita Trinita,Vissel Kobe,1,1,1,1,1.0
2020-07-11,Kawasaki Frontale,Kashiwa Reysol,Kawasaki Frontale,Kashiwa Reysol,3,1,2,0,1.0
2020-07-08,Yokohama F. Marinos,Shonan Bellmare,Yokohama F. Marinos,Shonan Bellmare,3,2,0,0,1.0
2020-07-08,Vegalta Sendai,Urawa Reds,Vegalta Sendai,Urawa Red Diamonds,1,2,0,1,0.86
2020-07-08,Sanfrecce Hiroshima,Oita Trinita,Sanfrecce Hiroshima,Oita Trinita,1,2,1,0,1.0
2020-07-08,Sagan Tosu,Vissel Kobe,Sagan Tosu,Vissel Kobe,0,1,0,0,1.0
2020-07-08,Nagoya Grampus,Gamba Osaka,Nagoya Grampus,Gamba Osaka,2,2,2,1,1.0
2020-07-08,Kashiwa Reysol,Yokohama FC,Kashiwa Reysol,Yokohama FC,1,3,1,1,1.0
2020-07-08,Kashima Antlers,Hokkaido Consadole Sapporo,Kashima Antlers,Consadole Sapporo,0,2,0,1,0.9
2020-07-08,FC Tokyo,Kawasaki Frontale,FC Tokyo,Kawasaki Frontale,0,4,0,4,1.0
2020-07-08,Cerezo Osaka,Shimizu S-Pulse,Cerezo Osaka,Shimizu S-Pulse,2,0,0,0,1.0
2020-07-04,Yokohama FC,Hokkaido Consadole Sapporo,Yokohama FC,Consadole Sapporo,1,2,1,1,0.9
2020-07-04,Vissel Kobe,Sanfrecce Hiroshima,Vissel Kobe,Sanfrecce Hiroshima,0,3,0,1,1.0
2020-07-04,Urawa Reds,Yokohama F. Marinos,Urawa Red Diamonds,Yokohama F. Marinos,0,0,0,0,0.86
2020-07-04,Shonan Bellmare,Vegalta Sendai,Shonan Bellmare,Vegalta Sendai,0,1,0,1,1.0
2020-07-04,Shimizu S-Pulse,Nagoya Grampus,Shimizu S-Pulse,Nagoya Grampus,1,2,1,2,1.0
2020-07-04,Oita Trinita,Sagan Tosu,Oita Trinita,Sagan Tosu,2,0,0,0,1.0
2020-07-04,Kawasaki Frontale,Kashima Antlers,Kawasaki Frontale,Kashima Antlers,2,1,2,1,1.0
2020-07-04,Kashiwa Reysol,FC Tokyo,Kashiwa Reysol,FC Tokyo,0,1,0,0,1.0
2020-07-04,Gamba Osaka,Cerezo Osaka,Gamba Osaka,Cerezo Osaka,1,2,0,1,1.0
2020-02-23,Yokohama F. Marinos,Gamba Osaka,Yokohama F. Marinos,Gamba Osaka,1,2,0,2,1.0
2020-02-23,Vissel Kobe,Yokohama FC,Vissel Kobe,Yokohama FC,1,1,0,1,1.0
2020-02-23,Shimizu S-Pulse,FC Tokyo,Shimizu S-Pulse,FC Tokyo,1,3,0,0,1.0
2020-02-23,Sanfrecce Hiroshima,Kashima Antlers,Sanfrecce Hiroshima,Kashima Antlers,3,0,2,0,1.0
2020-02-22,Vegalta Sendai,Nagoya Grampus,Vegalta Sendai,Nagoya Grampus,1,1,1,1,1.0
2020-02-22,Kawasaki Frontale,Sagan Tosu,Kawasaki Frontale,Sagan Tosu,0,0,0,0,1.0
2020-02-22,Kashiwa Reysol,Hokkaido Consadole Sapporo,Kashiwa Reysol,Consadole Sapporo,4,2,2,0,0.9
2020-02-22,Cerezo Osaka,Oita Trinita,Cerezo Osaka,Oita Trinita,1,0,1,0,1.0
2020-02-21,Shonan Bellmare,Urawa Reds,Shonan Bellmare,Urawa Red Diamonds,2,3,1,2,0.86
2019-12-14,Shonan Bellmare,Tokushima,Shonan Bellmare,Tokushima Vortis,1,1,0,1,0.875
2019-12-07,Yokohama F. Marinos,FC Tokyo,Yokohama F. Marinos,FC Tokyo,3,0,2,0,1.0
2019-12-07,Yamaga,Shonan Bellmare,Matsumoto Yamaga FC,Shonan Bellmare,1,1,0,0,0.7608695652173914
2019-12-07,Vissel Kobe,Iwata,Vissel Kobe,Jubilo Iwata,4,1,1,0,0.8125
2019-12-07,Urawa Reds,Gamba Osaka,Urawa Red Diamonds,Gamba Osaka,2,3,0,1,0.86
2019-12-07,Shimizu S-Pulse,Sagan Tosu,Shimizu S-Pulse,Sagan Tosu,1,0,0,0,1.0
2019-12-07,Sanfrecce Hiroshima,Vegalta Sendai,Sanfrecce Hiroshima,Vegalta Sendai,1,0,0,0,1.0
2019-12-07,Oita Trinita,Cerezo Osaka,Oita Trinita,Cerezo Osaka,0,2,0,1,1.0
2019-12-07,Nagoya Grampus,Kashima Antlers,Nagoya Grampus,Kashima Antlers,0,1,0,1,1.0
2019-12-07,Hokkaido Consadole Sapporo,Kawasaki Frontale,Consadole Sapporo,Kawasaki Frontale,1,2,1,2,0.9
2019-11-30,Vegalta Sendai,Oita Trinita,Vegalta Sendai,Oita Trinita,2,0,1,0,1.0
2019-11-30,Shonan Bellmare,Sanfrecce Hiroshima,Shonan Bellmare,Sanfrecce Hiroshima,1,0,1,0,1.0
2019-11-30,Sagan Tosu,Hokkaido Consadole Sapporo,Sagan Tosu,Consadole Sapporo,0,2,0,1,0.9
2019-11-30,Kawasaki Frontale,Yokohama F. Marinos,Kawasaki Frontale,Yokohama F. Marinos,1,4,0,1,1.0
2019-11-30,Kashima Antlers,Vissel Kobe,Kashima Antlers,Vissel Kobe,1,3,1,2,1.0
2019-11-30,Iwata,Nagoya Grampus,Jubilo Iwata,Nagoya Grampus,2,1,1,1,0.8125
2019-11-30,Gamba Osaka,Yamaga,Gamba Osaka,Matsumoto Yamaga FC,4,1,3,0,0.7608695652173914
2019-11-30,FC Tokyo,Urawa Reds,FC Tokyo,Urawa Red Diamonds,1,1,0,1,0.86
2019-11-30,Cerezo Osaka,Shimizu S-Pulse,Cerezo Osaka,Shimizu S-Pulse,2,1,0,1,1.0
2019-11-23,Yamaga,Yokohama F. Marinos,Matsumoto Yamaga FC,Yokohama F. Marinos,0,1,0,1,0.7608695652173914
2019-11-23,Vissel Kobe,Cerezo Osaka,Vissel Kobe,Cerezo Osaka,1,0,0,0,1.0
2019-11-23,Shimizu S-Pulse,Oita Trinita,Shimizu S-Pulse,Oita Trinita,1,1,0,1,1.0
2019-11-23,Sanfrecce Hiroshima,Kashima Antlers,Sanfrecce Hiroshima,Kashima Antlers,0,0,0,0,1.0
2019-11-23,Nagoya Grampus,Sagan Tosu,Nagoya Grampus,Sagan Tosu,0,0,0,0,1.0
2019-11-23,Hokkaido Consadole Sapporo,Iwata,Consadole Sapporo,Jubilo Iwata,1,2,0,1,0.7125
2019-11-23,Gamba Osaka,Vegalta Sendai,Gamba Osaka,Vegalta Sendai,2,0,0,0,1.0
2019-11-23,FC Tokyo,Shonan Bellmare,FC Tokyo,Shonan Bellmare,1,1,0,1,1.0
2019-11-10,Vegalta Sendai,Shimizu S-Pulse,Vegalta Sendai,Shimizu S-Pulse,2,0,1,0,1.0
2019-11-10,Sagan Tosu,Yamaga,Sagan Tosu,Matsumoto Yamaga FC,1,0,1,0,0.7608695652173914
2019-11-10,Oita Trinita,Gamba Osaka,Oita Trinita,Gamba Osaka,2,1,1,1,1.0
2019-11-09,Yokohama F. Marinos,Hokkaido Consadole Sapporo,Yokohama F. Marinos,Consadole Sapporo,4,2,3,1,0.9
2019-11-09,Nagoya Grampus,Vissel Kobe,Nagoya Grampus,Vissel Kobe,3,0,2,0,1.0
2019-11-09,Kashima Antlers,Kawasaki Frontale,Kashima Antlers,Kawasaki Frontale,0,2,0,0,1.0
2019-11-09,Iwata,FC Tokyo,Jubilo Iwata,FC Tokyo,0,1,0,0,0.8125
2019-11-09,Cerezo Osaka,Shonan Bellmare,Cerezo Osaka,Shonan Bellmare,1,0,0,0,1.0
2019-11-05,Urawa Reds,Kawasaki Frontale,Urawa Red Diamonds,Kawasaki Frontale,0,2,0,1,0.86
2019-11-03,Shonan Bellmare,Gamba Osaka,Shonan Bellmare,Gamba Osaka,0,3,0,2,1.0
2019-11-02,Vissel Kobe,Vegalta Sendai,Vissel Kobe,Vegalta Sendai,2,0,1,0,1.0
2019-11-02,Shimizu S-Pulse,Iwata,Shimizu S-Pulse,Jubilo Iwata,1,2,0,1,0.8125
2019-11-02,Sagan Tosu,Yokohama F. Marinos,Sagan Tosu,Yokohama F. Marinos,1,2,0,2,1.0
2019-11-02,Oita Trinita,FC Tokyo,Oita Trinita,FC Tokyo,0,2,0,2,1.0
2019-11-02,Kawasaki Frontale,Sanfrecce Hiroshima,Kawasaki Frontale,Sanfrecce Hiroshima,2,1,1,0,1.0
2019-11-02,Hokkaido Consadole Sapporo,Nagoya Grampus,Consadole Sapporo,Nagoya Grampus,3,0,1,0,0.9
2019-11-02,Cerezo Osaka,Yamaga,Cerezo Osaka,Matsumoto Yamaga FC,1,1,1,0,0.7608695652173914
2019-11-01,Kashima Antlers,Urawa Reds,Kashima Antlers,Urawa Red Diamonds,1,0,0,0,0.86
2019-10-29,Sanfrecce Hiroshima,Urawa Reds,Sanfrecce Hiroshima,Urawa Red Diamonds,1,1,0,0,0.86
2019-10-19,Yokohama F. Marinos,Shonan Bellmare,Yokohama F. Marinos,Shonan Bellmare,3,1,1,0,1.0
2019-10-19,Vissel Kobe,FC Tokyo,Vissel Kobe,FC Tokyo,1,3,0,3,1.0
2019-10-19,Shimizu S-Pulse,Sanfrecce Hiroshima,Shimizu S-Pulse,Sanfrecce Hiroshima,1,2,1,0,1.0
2019-10-19,Nagoya Grampus,Vegalta Sendai,Nagoya Grampus,Vegalta Sendai,0,2,0,1,1.0
2019-10-19,Iwata,Sagan Tosu,Jubilo Iwata,Sagan Tosu,2,2,1,1,0.8125
2019-10-19,Gamba Osaka,Kawasaki Frontale,Gamba Osaka,Kawasaki Frontale,2,2,1,0,1.0
2019-10-18,Yamaga,Kashima Antlers,Matsumoto Yamaga FC,Kashima Antlers,1,1,1,0,0.7608695652173914
2019-10-18,Urawa Reds,Oita Trinita,Urawa Red Diamonds,Oita Trinita,0,1,0,0,0.86
2019-10-18,Hokkaido Consadole Sapporo,Cerezo Osaka,Consadole Sapporo,Cerezo Osaka,0,1,0,1,0.9
2019-10-06,Urawa Reds,Shimizu S-Pulse,Urawa Red Diamonds,Shimizu S-Pulse,2,1,1,1,0.86
2019-10-06,Shonan Bellmare,Kawasaki Frontale,Shonan Bellmare,Kawasaki Frontale,0,5,0,4,1.0
2019-10-06,Cerezo Osaka,Kashima Antlers,Cerezo Osaka,Kashima Antlers,0,1,0,1,1.0
2019-10-05,Vegalta Sendai,Yamaga,Vegalta Sendai,Matsumoto Yamaga FC,0,1,0,1,0.7608695652173914
2019-10-05,Sanfrecce Hiroshima,Vissel Kobe,Sanfrecce Hiroshima,Vissel Kobe,6,2,2,1,1.0
2019-10-05,Sagan Tosu,FC Tokyo,Sagan Tosu,FC Tokyo,2,1,0,0,1.0
2019-10-05,Nagoya Grampus,Oita Trinita,Nagoya Grampus,Oita Trinita,1,1,0,0,1.0
2019-10-05,Iwata,Yokohama F. Marinos,Jubilo Iwata,Yokohama F. Marinos,0,2,0,1,0.8125
2019-10-04,Gamba Osaka,Hokkaido Consadole Sapporo,Gamba Osaka,Consadole Sapporo,5,0,0,0,0.9
2019-09-29,Yamaga,FC Tokyo,Matsumoto Yamaga FC,FC Tokyo,0,0,0,0,0.7608695652173914
2019-09-29,Shonan Bellmare,Shimizu S-Pulse,Shonan Bellmare,Shimizu S-Pulse,0,6,0,4,1.0
2019-09-28,Vegalta Sendai,Yokohama F. Marinos,Vegalta Sendai,Yokohama F. Marinos,1,1,0,1,1.0
2019-09-28,Sanfrecce Hiroshima,Nagoya Grampus,Sanfrecce Hiroshima,Nagoya Grampus,1,1,1,1,1.0
2019-09-28,Sagan Tosu,Urawa Reds,Sagan Tosu,Urawa Red Diamonds,3,3,0,2,0.86
2019-09-28,Oita Trinita,Iwata,Oita Trinita,Jubilo Iwata,1,2,0,0,0.8125
2019-09-28,Kawasaki Frontale,Vissel Kobe,Kawasaki Frontale,Vissel Kobe,1,2,0,1,1.0
2019-09-28,Kashima Antlers,Hokkaido Consadole Sapporo,Kashima Antlers,Consadole Sapporo,1,1,0,1,0.9
2019-09-28,Cerezo Osaka,Gamba Osaka,Cerezo Osaka,Gamba Osaka,3,1,2,0,1.0
2019-09-14,Yokohama F. Marinos,Sanfrecce Hiroshima,Yokohama F. Marinos,Sanfrecce Hiroshima,3,0,0,0,1.0
2019-09-14,Vissel Kobe,Yamaga,Vissel Kobe,Matsumoto Yamaga FC,2,1,1,0,0.7608695652173914
2019-09-14,Oita Trinita,Shonan Bellmare,Oita Trinita,Shonan Bellmare,2,1,2,0,1.0
2019-09-14,Kawasaki Frontale,Iwata,Kawasaki Frontale,Jubilo Iwata,2,0,2,0,0.8125
2019-09-14,Kashima Antlers,FC Tokyo,Kashima Antlers,FC Tokyo,2,0,1,0,1.0
2019-09-14,Hokkaido Consadole Sapporo,Vegalta Sendai,Consadole Sapporo,Vegalta Sendai,1,3,0,1,0.9
2019-09-14,Gamba Osaka,Sagan Tosu,Gamba Osaka,Sagan Tosu,1,0,0,0,1.0
2019-09-13,Urawa Reds,Cerezo Osaka,Urawa Red Diamonds,Cerezo Osaka,1,2,0,0,0.86
2019-09-13,Shimizu S-Pulse,Nagoya Grampus,Shimizu S-Pulse,Nagoya Grampus,3,2,1,1,1.0
2019-09-01,Shonan Bellmare,Urawa Reds,Shonan Bellmare,Urawa Red Diamonds,1,1,0,1,0.86
2019-09-01,Shimizu S-Pulse,Kashima Antlers,Shimizu S-Pulse,Kashima Antlers,0,4,0,2,1.0
2019-09-01,Cerezo Osaka,Kawasaki Frontale,Cerezo Osaka,Kawasaki Frontale,2,1,1,1,1.0
2019-08-31,Yokohama F. Marinos,Gamba Osaka,Yokohama F. Marinos,Gamba Osaka,3,1,1,0,1.0
2019-08-31,Yamaga,Oita Trinita,Matsumoto Yamaga FC,Oita Trinita,0,0,0,0,0.7608695652173914
2019-08-31,Vissel Kobe,Hokkaido Consadole Sapporo,Vissel Kobe,Consadole Sapporo,2,3,1,1,0.9
2019-08-31,Sagan Tosu,Vegalta Sendai,Sagan Tosu,Vegalta Sendai,2,1,0,1,1.0
2019-08-31,Iwata,Sanfrecce Hiroshima,Jubilo Iwata,Sanfrecce Hiroshima,0,2,0,0,0.8125
2019-08-30,Nagoya Grampus,FC Tokyo,Nagoya Grampus,FC Tokyo,1,2,0,1,1.0
2019-08-24,Vegalta Sendai,Shonan Bellmare,Vegalta Sendai,Shonan Bellmare,1,1,0,0,1.0
2019-08-24,Sanfrecce Hiroshima,Oita Trinita,Sanfrecce Hiroshima,Oita Trinita,0,0,0,0,1.0
2019-08-24,Nagoya Grampus,Yokohama F. Marinos,Nagoya Grampus,Yokohama F. Marinos,1,5,0,2,1.0
2019-08-24,Kawasaki Frontale,Shimizu S-Pulse,Kawasaki Frontale,Shimizu S-Pulse,2,2,1,1,1.0
2019-08-24,Iwata,Cerezo Osaka,Jubilo Iwata,Cerezo Osaka,0,2,0,2,0.8125
2019-08-24,Hokkaido Consadole Sapporo,FC Tokyo,Consadole Sapporo,FC Tokyo,1,1,0,1,0.9
2019-08-23,Urawa Reds,Yamaga,Urawa Red Diamonds,Matsumoto Yamaga FC,1,2,1,0,0.6208695652173912
2019-08-23,Sagan Tosu,Vissel Kobe,Sagan Tosu,Vissel Kobe,1,6,0,3,1.0
2019-08-23,Kashima Antlers,Gamba Osaka,Kashima Antlers,Gamba Osaka,2,2,1,1,1.0
2019-08-18,Yamaga,Nagoya Grampus,Matsumoto Yamaga FC,Nagoya Grampus,1,1,0,0,0.7608695652173914
2019-08-18,Gamba Osaka,Iwata,Gamba Osaka,Jubilo Iwata,1,1,1,0,0.8125
2019-08-17,Yokohama F. Marinos,Cerezo Osaka,Yokohama F. Marinos,Cerezo Osaka,1,2,0,1,1.0
2019-08-17,Vissel Kobe,Urawa Reds,Vissel Kobe,Urawa Red Diamonds,3,0,1,0,0.86
2019-08-17,Vegalta Sendai,Kawasaki Frontale,Vegalta Sendai,Kawasaki Frontale,2,2,0,1,1.0
2019-08-17,Shonan Bellmare,Sagan Tosu,Shonan Bellmare,Sagan Tosu,2,3,1,2,1.0
2019-08-17,Shimizu S-Pulse,Hokkaido Consadole Sapporo,Shimizu S-Pulse,Consadole Sapporo,0,8,0,2,0.9
2019-08-17,Oita Trinita,Kashima Antlers,Oita Trinita,Kashima Antlers,0,1,0,0,1.0
2019-08-17,FC Tokyo,Sanfrecce Hiroshima,FC Tokyo,Sanfrecce Hiroshima,0,1,0,0,1.0
2019-08-11,Iwata,Shonan Bellmare,Jubilo Iwata,Shonan Bellmare,2,3,1,0,0.8125
2019-08-11,Cerezo Osaka,Sagan Tosu,Cerezo Osaka,Sagan Tosu,1,2,1,0,1.0
2019-08-10,Shimizu S-Pulse,Yamaga,Shimizu S-Pulse,Matsumoto Yamaga FC,1,0,1,0,0.7608695652173914
2019-08-10,Oita Trinita,Vissel Kobe,Oita Trinita,Vissel Kobe,1,1,0,1,1.0
2019-08-10,Nagoya Grampus,Kawasaki Frontale,Nagoya Grampus,Kawasaki Frontale,3,0,2,0,1.0
2019-08-10,Kashima Antlers,Yokohama F. Marinos,Kashima Antlers,Yokohama F. Marinos,2,1,1,0,1.0
2019-08-10,Hokkaido Consadole Sapporo,Urawa Reds,Consadole Sapporo,Urawa Red Diamonds,1,1,0,0,0.76
2019-08-10,Gamba Osaka,Sanfrecce Hiroshima,Gamba Osaka,Sanfrecce Hiroshima,1,1,0,0,1.0
2019-08-10,FC Tokyo,Vegalta Sendai,FC Tokyo,Vegalta Sendai,1,0,0,0,1.0
2019-08-04,Urawa Reds,Nagoya Grampus,Urawa Red Diamonds,Nagoya Grampus,2,2,1,2,0.86
2019-08-04,Sagan Tosu,Oita Trinita,Sagan Tosu,Oita Trinita,2,2,0,0,1.0
2019-08-04,Kawasaki Frontale,Yamaga,Kawasaki Frontale,Matsumoto Yamaga FC,0,0,0,0,0.7608695652173914
2019-08-03,Yokohama F. Marinos,Shimizu S-Pulse,Yokohama F. Marinos,Shimizu S-Pulse,0,1,0,0,1.0
2019-08-03,Vegalta Sendai,Iwata,Vegalta Sendai,Jubilo Iwata,2,1,2,1,0.8125
2019-08-03,Shonan Bellmare,Kashima Antlers,Shonan Bellmare,Kashima Antlers,3,2,0,0,1.0
2019-08-03,Sanfrecce Hiroshima,Hokkaido Consadole Sapporo,Sanfrecce Hiroshima,Consadole Sapporo,1,0,0,0,0.9
2019-08-03,FC Tokyo,Cerezo Osaka,FC Tokyo,Cerezo Osaka,3,0,0,0,1.0
2019-08-02,Vissel Kobe,Gamba Osaka,Vissel Kobe,Gamba Osaka,2,2,0,1,1.0
2019-07-31,Urawa Reds,Kashima Antlers,Urawa Red Diamonds,Kashima Antlers,1,1,0,0,0.86
2019-07-31,Sanfrecce Hiroshima,Kawasaki Frontale,Sanfrecce Hiroshima,Kawasaki Frontale,3,2,2,0,1.0
2019-07-27,Kawasaki Frontale,Oita Trinita,Kawasaki Frontale,Oita Trinita,3,1,0,0,1.0
2019-07-20,Yamaga,Sanfrecce Hiroshima,Matsumoto Yamaga FC,Sanfrecce Hiroshima,2,2,0,0,0.7608695652173914
2019-07-20,Vissel Kobe,Yokohama F. Marinos,Vissel Kobe,Yokohama F. Marinos,0,2,0,1,1.0
2019-07-20,Shimizu S-Pulse,FC Tokyo,Shimizu S-Pulse,FC Tokyo,0,2,0,2,1.0
2019-07-20,Nagoya Grampus,Gamba Osaka,Nagoya Grampus,Gamba Osaka,2,2,2,1,1.0
2019-07-20,Kashima Antlers,Sagan Tosu,Kashima Antlers,Sagan Tosu,2,1,2,1,1.0
2019-07-20,Iwata,Urawa Reds,Jubilo Iwata,Urawa Red Diamonds,1,3,0,3,0.6725
2019-07-20,Hokkaido Consadole Sapporo,Shonan Bellmare,Consadole Sapporo,Shonan Bellmare,5,2,2,1,0.9
2019-07-20,Cerezo Osaka,Vegalta Sendai,Cerezo Osaka,Vegalta Sendai,0,0,0,0,1.0
2019-07-14,Shonan Bellmare,Vissel Kobe,Shonan Bellmare,Vissel Kobe,3,1,0,1,1.0
2019-07-14,FC Tokyo,Kawasaki Frontale,FC Tokyo,Kawasaki Frontale,0,3,0,1,1.0
2019-07-13,Yokohama F. Marinos,Urawa Reds,Yokohama F. Marinos,Urawa Red Diamonds,3,1,1,0,0.86
2019-07-13,Yamaga,Iwata,Matsumoto Yamaga FC,Jubilo Iwata,0,1,0,0,0.5733695652173914
2019-07-13,Vegalta Sendai,Kashima Antlers,Vegalta Sendai,Kashima Antlers,0,4,0,2,1.0
2019-07-13,Sagan Tosu,Sanfrecce Hiroshima,Sagan Tosu,Sanfrecce Hiroshima,0,2,0,0,1.0
2019-07-13,Oita Trinita,Hokkaido Consadole Sapporo,Oita Trinita,Consadole Sapporo,2,1,1,1,0.9
2019-07-13,Gamba Osaka,Shimizu S-Pulse,Gamba Osaka,Shimizu S-Pulse,1,0,0,0,1.0
2019-07-13,Cerezo Osaka,Nagoya Grampus,Cerezo Osaka,Nagoya Grampus,3,0,1,0,1.0
2019-07-07,Nagoya Grampus,Shonan Bellmare,Nagoya Grampus,Shonan Bellmare,0,2,0,1,1.0
2019-07-07,Kawasaki Frontale,Sagan Tosu,Kawasaki Frontale,Sagan Tosu,0,0,0,0,1.0
2019-07-07,Hokkaido Consadole Sapporo,Yamaga,Consadole Sapporo,Matsumoto Yamaga FC,1,1,1,1,0.6608695652173913
2019-07-07,FC Tokyo,Gamba Osaka,FC Tokyo,Gamba Osaka,3,1,2,1,1.0
2019-07-06,Yokohama F. Marinos,Oita Trinita,Yokohama F. Marinos,Oita Trinita,1,0,0,0,1.0
2019-07-06,Urawa Reds,Vegalta Sendai,Urawa Red Diamonds,Vegalta Sendai,1,0,1,0,0.86
2019-07-06,Shimizu S-Pulse,Vissel Kobe,Shimizu S-Pulse,Vissel Kobe,2,1,1,1,1.0
2019-07-06,Sanfrecce Hiroshima,Cerezo Osaka,Sanfrecce Hiroshima,Cerezo Osaka,1,1,0,1,1.0
2019-07-06,Kashima Antlers,Iwata,Kashima Antlers,Jubilo Iwata,2,0,2,0,0.8125
2019-06-30,Vissel Kobe,Nagoya Grampus,Vissel Kobe,Nagoya Grampus,5,3,1,0,1.0
2019-06-30,Vegalta Sendai,Hokkaido Consadole Sapporo,Vegalta Sendai,Consadole Sapporo,2,1,1,1,0.9
2019-06-30,Shonan Bellmare,Cerezo Osaka,Shonan Bellmare,Cerezo Osaka,0,2,0,0,1.0
2019-06-30,Sagan Tosu,Shimizu S-Pulse,Sagan Tosu,Shimizu S-Pulse,4,2,3,2,1.0
2019-06-30,Oita Trinita,Urawa Reds,Oita Trinita,Urawa Red Diamonds,2,0,0,0,0.86
2019-06-30,Kashima Antlers,Sanfrecce Hiroshima,Kashima Antlers,Sanfrecce Hiroshima,2,2,1,1,1.0
2019-06-30,Iwata,Kawasaki Frontale,Jubilo Iwata,Kawasaki Frontale,1,3,0,1,0.8125
2019-06-29,Yamaga,Gamba Osaka,Matsumoto Yamaga FC,Gamba Osaka,1,3,0,1,0.7608695652173914
2019-06-29,FC Tokyo,Yokohama F. Marinos,FC Tokyo,Yokohama F. Marinos,4,2,2,1,1.0
2019-06-23,Vegalta Sendai,FC Tokyo,Vegalta Sendai,FC Tokyo,2,0,0,0,1.0
2019-06-22,Yokohama F. Marinos,Yamaga,Yokohama F. Marinos,Matsumoto Yamaga FC,1,0,0,0,0.7608695652173914
2019-06-22,Vissel Kobe,Oita Trinita,Vissel Kobe,Oita Trinita,2,2,2,1,1.0
2019-06-22,Nagoya Grampus,Shimizu S-Pulse,Nagoya Grampus,Shimizu S-Pulse,1,2,0,0,1.0
2019-06-22,Hokkaido Consadole Sapporo,Sagan Tosu,Consadole Sapporo,Sagan Tosu,3,1,2,0,0.9
2019-06-22,Gamba Osaka,Shonan Bellmare,Gamba Osaka,Shonan Bellmare,1,0,0,0,1.0
2019-06-22,Cerezo Osaka,Iwata,Cerezo Osaka,Jubilo Iwata,2,0,1,0,0.8125
2019-06-15,Yamaga,Vegalta Sendai,Matsumoto Yamaga FC,Vegalta Sendai,0,1,0,1,0.7608695652173914
2019-06-15,Urawa Reds,Sagan Tosu,Urawa Red Diamonds,Sagan Tosu,2,1,1,1,0.86
2019-06-15,Shimizu S-Pulse,Yokohama F. Marinos,Shimizu S-Pulse,Yokohama F. Marinos,3,2,0,1,1.0
2019-06-15,Oita Trinita,Nagoya Grampus,Oita Trinita,Nagoya Grampus,1,1,1,0,1.0
2019-06-15,Iwata,Gamba Osaka,Jubilo Iwata,Gamba Osaka,0,0,0,0,0.8125
2019-06-15,FC Tokyo,Vissel Kobe,FC Tokyo,Vissel Kobe,0,1,0,0,1.0
2019-06-14,Sanfrecce Hiroshima,Shonan Bellmare,Sanfrecce Hiroshima,Shonan Bellmare,2,0,0,0,1.0
2019-06-14,Kawasaki Frontale,Hokkaido Consadole Sapporo,Kawasaki Frontale,Consadole Sapporo,1,1,0,1,0.9
2019-06-14,Kashima Antlers,Cerezo Osaka,Kashima Antlers,Cerezo Osaka,2,0,0,0,1.0
2019-06-01,Yamaga,Shimizu S-Pulse,Matsumoto Yamaga FC,Shimizu S-Pulse,1,1,0,0,0.7608695652173914
2019-06-01,Vegalta Sendai,Nagoya Grampus,Vegalta Sendai,Nagoya Grampus,3,1,1,1,1.0
2019-06-01,Sagan Tosu,Cerezo Osaka,Sagan Tosu,Cerezo Osaka,0,1,0,1,1.0
2019-06-01,Kawasaki Frontale,Urawa Reds,Kawasaki Frontale,Urawa Red Diamonds,1,1,0,0,0.86
2019-06-01,Iwata,Vissel Kobe,Jubilo Iwata,Vissel Kobe,1,1,0,1,0.8125
2019-06-01,Hokkaido Consadole Sapporo,Sanfrecce Hiroshima,Consadole Sapporo,Sanfrecce Hiroshima,1,0,0,0,0.9
2019-06-01,Gamba Osaka,Kashima Antlers,Gamba Osaka,Kashima Antlers,1,1,1,1,1.0
2019-06-01,FC Tokyo,Oita Trinita,FC Tokyo,Oita Trinita,3,1,2,0,1.0
2019-05-31,Shonan Bellmare,Yokohama F. Marinos,Shonan Bellmare,Yokohama F. Marinos,1,2,1,1,1.0
2019-05-26,Yokohama F. Marinos,Iwata,Yokohama F. Marinos,Jubilo Iwata,4,0,1,0,0.8125
2019-05-26,Vissel Kobe,Shonan Bellmare,Vissel Kobe,Shonan Bellmare,4,1,0,0,1.0
2019-05-26,Urawa Reds,Sanfrecce Hiroshima,Urawa Red Diamonds,Sanfrecce Hiroshima,0,4,0,2,0.86
2019-05-26,Sagan Tosu,Kashima Antlers,Sagan Tosu,Kashima Antlers,1,0,0,0,1.0
2019-05-26,Oita Trinita,Kawasaki Frontale,Oita Trinita,Kawasaki Frontale,0,1,0,1,1.0
2019-05-26,Nagoya Grampus,Yamaga,Nagoya Grampus,Matsumoto Yamaga FC,0,1,0,1,0.7608695652173914
2019-05-25,Shimizu S-Pulse,Vegalta Sendai,Shimizu S-Pulse,Vegalta Sendai,4,3,3,2,1.0
2019-05-25,Hokkaido Consadole Sapporo,Gamba Osaka,Consadole Sapporo,Gamba Osaka,0,0,0,0,0.9
2019-05-25,Cerezo Osaka,FC Tokyo,Cerezo Osaka,FC Tokyo,1,0,0,0,1.0
2019-05-18,Yokohama F. Marinos,Vissel Kobe,Yokohama F. Marinos,Vissel Kobe,4,1,1,0,1.0
2019-05-18,Oita Trinita,Shimizu S-Pulse,Oita Trinita,Shimizu S-Pulse,1,1,0,1,1.0
2019-05-18,Kashima Antlers,Yamaga,Kashima Antlers,Matsumoto Yamaga FC,5,0,1,0,0.7608695652173914
2019-05-18,Iwata,Vegalta Sendai,Jubilo Iwata,Vegalta Sendai,2,0,2,0,0.8125
2019-05-18,Gamba Osaka,Cerezo Osaka,Gamba Osaka,Cerezo Osaka,1,0,0,0,1.0
2019-05-18,FC Tokyo,Hokkaido Consadole Sapporo,FC Tokyo,Consadole Sapporo,2,0,0,0,0.9
2019-05-17,Urawa Reds,Shonan Bellmare,Urawa Red Diamonds,Shonan Bellmare,2,3,2,0,0.86
2019-05-17,Sanfrecce Hiroshima,Sagan Tosu,Sanfrecce Hiroshima,Sagan Tosu,0,1,0,0,1.0
2019-05-17,Kawasaki Frontale,Nagoya Grampus,Kawasaki Frontale,Nagoya Grampus,1,1,0,1,1.0
2019-05-12,Yamaga,Hokkaido Consadole Sapporo,Matsumoto Yamaga FC,Consadole Sapporo,0,0,0,0,0.6608695652173913
2019-05-12,Vissel Kobe,Kashima Antlers,Vissel Kobe,Kashima Antlers,0,1,0,1,1.0
2019-05-12,Vegalta Sendai,Sanfrecce Hiroshima,Vegalta Sendai,Sanfrecce Hiroshima,2,1,0,1,1.0
2019-05-12,Shonan Bellmare,Oita Trinita,Shonan Bellmare,Oita Trinita,0,1,0,0,1.0
2019-05-12,Shimizu S-Pulse,Kawasaki Frontale,Shimizu S-Pulse,Kawasaki Frontale,0,4,0,2,1.0
2019-05-12,Nagoya Grampus,Urawa Reds,Nagoya Grampus,Urawa Red Diamonds,2,0,2,0,0.86
2019-05-12,FC Tokyo,Iwata,FC Tokyo,Jubilo Iwata,1,0,0,0,0.8125
2019-05-11,Sagan Tosu,Gamba Osaka,Sagan Tosu,Gamba Osaka,3,1,1,0,1.0
2019-05-11,Cerezo Osaka,Yokohama F. Marinos,Cerezo Osaka,Yokohama F. Marinos,3,0,1,0,1.0
2019-05-04,Yamaga,Cerezo Osaka,Matsumoto Yamaga FC,Cerezo Osaka,0,2,0,1,0.7608695652173914
2019-05-04,Shonan Bellmare,Nagoya Grampus,Shonan Bellmare,Nagoya Grampus,1,1,1,0,1.0
2019-05-04,Oita Trinita,Sagan Tosu,Oita Trinita,Sagan Tosu,2,0,0,0,1.0
2019-05-04,Hokkaido Consadole Sapporo,Vissel Kobe,Consadole Sapporo,Vissel Kobe,2,1,0,0,0.9
2019-05-04,Gamba Osaka,FC Tokyo,Gamba Osaka,FC Tokyo,0,0,0,0,1.0
2019-05-03,Urawa Reds,Iwata,Urawa Red Diamonds,Jubilo Iwata,0,1,0,0,0.6725
2019-05-03,Sanfrecce Hiroshima,Yokohama F. Marinos,Sanfrecce Hiroshima,Yokohama F. Marinos,0,1,0,1,1.0
2019-05-03,Kawasaki Frontale,Vegalta Sendai,Kawasaki Frontale,Vegalta Sendai,3,1,2,0,1.0
2019-05-03,Kashima Antlers,Shimizu S-Pulse,Kashima Antlers,Shimizu S-Pulse,3,0,1,0,1.0
2019-04-28,Yokohama F. Marinos,Kashima Antlers,Yokohama F. Marinos,Kashima Antlers,2,1,0,1,1.0
2019-04-28,Vissel Kobe,Kawasaki Frontale,Vissel Kobe,Kawasaki Frontale,1,2,0,2,1.0
2019-04-28,Vegalta Sendai,Gamba Osaka,Vegalta Sendai,Gamba Osaka,2,1,1,1,1.0
2019-04-28,Shimizu S-Pulse,Urawa Reds,Shimizu S-Pulse,Urawa Red Diamonds,0,2,0,0,0.86
2019-04-28,Sagan Tosu,Shonan Bellmare,Sagan Tosu,Shonan Bellmare,0,2,0,0,1.0
2019-04-28,Nagoya Grampus,Sanfrecce Hiroshima,Nagoya Grampus,Sanfrecce Hiroshima,1,0,1,0,1.0
2019-04-28,Iwata,Hokkaido Consadole Sapporo,Jubilo Iwata,Consadole Sapporo,1,2,0,2,0.7125
2019-04-28,FC Tokyo,Yamaga,FC Tokyo,Matsumoto Yamaga FC,2,0,1,0,0.7608695652173914
2019-04-27,Cerezo Osaka,Oita Trinita,Cerezo Osaka,Oita Trinita,0,0,0,0,1.0
2019-04-20,Yamaga,Sagan Tosu,Matsumoto Yamaga FC,Sagan Tosu,1,0,1,0,0.7608695652173914
2019-04-20,Urawa Reds,Vissel Kobe,Urawa Red Diamonds,Vissel Kobe,1,0,1,0,0.86
2019-04-20,Shimizu S-Pulse,Cerezo Osaka,Shimizu S-Pulse,Cerezo Osaka,1,0,0,0,1.0
2019-04-20,Nagoya Grampus,Iwata,Nagoya Grampus,Jubilo Iwata,1,0,0,0,0.8125
2019-04-20,Kashima Antlers,Vegalta Sendai,Kashima Antlers,Vegalta Sendai,1,0,0,0,1.0
2019-04-20,Hokkaido Consadole Sapporo,Yokohama F. Marinos,Consadole Sapporo,Yokohama F. Marinos,3,0,3,0,0.9
2019-04-20,Gamba Osaka,Oita Trinita,Gamba Osaka,Oita Trinita,1,1,0,1,1.0
2019-04-19,Sanfrecce Hiroshima,FC Tokyo,Sanfrecce Hiroshima,FC Tokyo,0,1,0,0,1.0
2019-04-19,Kawasaki Frontale,Shonan Bellmare,Kawasaki Frontale,Shonan Bellmare,2,0,2,0,1.0
2019-04-14,Vissel Kobe,Sanfrecce Hiroshima,Vissel Kobe,Sanfrecce Hiroshima,2,4,2,1,1.0
2019-04-14,Shonan Bellmare,Yamaga,Shonan Bellmare,Matsumoto Yamaga FC,1,1,0,0,0.7608695652173914
2019-04-14,Sagan Tosu,Kawasaki Frontale,Sagan Tosu,Kawasaki Frontale,0,1,0,0,1.0
2019-04-14,Oita Trinita,Vegalta Sendai,Oita Trinita,Vegalta Sendai,2,0,0,0,1.0
2019-04-14,Iwata,Shimizu S-Pulse,Jubilo Iwata,Shimizu S-Pulse,1,2,0,1,0.8125
2019-04-14,Gamba Osaka,Urawa Reds,Gamba Osaka,Urawa Red Diamonds,0,1,0,0,0.86
2019-04-14,FC Tokyo,Kashima Antlers,FC Tokyo,Kashima Antlers,3,1,3,0,1.0
2019-04-13,Yokohama F. Marinos,Nagoya Grampus,Yokohama F. Marinos,Nagoya Grampus,1,1,1,1,1.0
2019-04-13,Cerezo Osaka,Hokkaido Consadole Sapporo,Cerezo Osaka,Consadole Sapporo,0,1,0,0,0.9
2019-04-06,Yamaga,Vissel Kobe,Matsumoto Yamaga FC,Vissel Kobe,2,1,2,0,0.7608695652173914
2019-04-06,Vegalta Sendai,Sagan Tosu,Vegalta Sendai,Sagan Tosu,3,0,1,0,1.0
2019-04-06,Shonan Bellmare,Iwata,Shonan Bellmare,Jubilo Iwata,0,2,0,0,0.8125
2019-04-06,Sanfrecce Hiroshima,Gamba Osaka,Sanfrecce Hiroshima,Gamba Osaka,3,0,2,0,1.0
2019-04-06,Hokkaido Consadole Sapporo,Oita Trinita,Consadole Sapporo,Oita Trinita,1,2,0,2,0.9
2019-04-06,FC Tokyo,Shimizu S-Pulse,FC Tokyo,Shimizu S-Pulse,2,1,0,0,1.0
2019-04-05,Urawa Reds,Yokohama F. Marinos,Urawa Red Diamonds,Yokohama F. Marinos,0,3,0,1,0.86
2019-04-05,Kawasaki Frontale,Cerezo Osaka,Kawasaki Frontale,Cerezo Osaka,1,1,0,1,1.0
2019-04-05,Kashima Antlers,Nagoya Grampus,Kashima Antlers,Nagoya Grampus,2,1,0,0,1.0
2019-03-31,Yamaga,Kawasaki Frontale,Matsumoto Yamaga FC,Kawasaki Frontale,0,2,0,1,0.7608695652173914
2019-03-31,Shimizu S-Pulse,Shonan Bellmare,Shimizu S-Pulse,Shonan Bellmare,1,3,1,2,1.0
2019-03-30,Vegalta Sendai,Cerezo Osaka,Vegalta Sendai,Cerezo Osaka,0,2,0,1,1.0
2019-03-30,Urawa Reds,FC Tokyo,Urawa Red Diamonds,FC Tokyo,1,1,0,0,0.86
2019-03-30,Oita Trinita,Sanfrecce Hiroshima,Oita Trinita,Sanfrecce Hiroshima,0,1,0,0,1.0
2019-03-30,Nagoya Grampus,Hokkaido Consadole Sapporo,Nagoya Grampus,Consadole Sapporo,4,0,3,0,0.9
2019-03-30,Iwata,Kashima Antlers,Jubilo Iwata,Kashima Antlers,1,1,0,0,0.8125
2019-03-30,Gamba Osaka,Vissel Kobe,Gamba Osaka,Vissel Kobe,3,4,2,1,1.0
2019-03-29,Yokohama F. Marinos,Sagan Tosu,Yokohama F. Marinos,Sagan Tosu,0,0,0,0,1.0
2019-03-17,Vissel Kobe,Shimizu S-Pulse,Vissel Kobe,Shimizu S-Pulse,1,1,0,0,1.0
2019-03-17,Shonan Bellmare,Vegalta Sendai,Shonan Bellmare,Vegalta Sendai,2,1,1,0,1.0
2019-03-17,Sanfrecce Hiroshima,Yamaga,Sanfrecce Hiroshima,Matsumoto Yamaga FC,1,0,0,0,0.7608695652173914
2019-03-17,Sagan Tosu,Iwata,Sagan Tosu,Jubilo Iwata,1,0,0,0,0.8125
2019-03-17,Oita Trinita,Yokohama F. Marinos,Oita Trinita,Yokohama F. Marinos,2,0,0,0,1.0
2019-03-17,Kawasaki Frontale,Gamba Osaka,Kawasaki Frontale,Gamba Osaka,0,1,0,0,1.0
2019-03-17,Hokkaido Consadole Sapporo,Kashima Antlers,Consadole Sapporo,Kashima Antlers,1,3,0,2,0.9
2019-03-17,FC Tokyo,Nagoya Grampus,FC Tokyo,Nagoya Grampus,1,0,0,0,1.0
2019-03-17,Cerezo Osaka,Urawa Reds,Cerezo Osaka,Urawa Red Diamonds,1,2,0,0,0.86
2019-03-10,Yokohama F. Marinos,Kawasaki Frontale,Yokohama F. Marinos,Kawasaki Frontale,2,2,1,1,1.0
2019-03-10,Vegalta Sendai,Vissel Kobe,Vegalta Sendai,Vissel Kobe,1,3,1,1,1.0
2019-03-10,FC Tokyo,Sagan Tosu,FC Tokyo,Sagan Tosu,2,0,0,0,1.0
2019-03-09,Yamaga,Urawa Reds,Matsumoto Yamaga FC,Urawa Red Diamonds,0,1,0,0,0.6208695652173912
2019-03-09,Kashima Antlers,Shonan Bellmare,Kashima Antlers,Shonan Bellmare,1,0,0,0,1.0
2019-03-09,Iwata,Oita Trinita,Jubilo Iwata,Oita Trinita,1,2,1,1,0.8125
2019-03-09,Hokkaido Consadole Sapporo,Shimizu S-Pulse,Consadole Sapporo,Shimizu S-Pulse,5,2,2,1,0.9
2019-03-09,Gamba Osaka,Nagoya Grampus,Gamba Osaka,Nagoya Grampus,2,3,1,2,1.0
2019-03-09,Cerezo Osaka,Sanfrecce Hiroshima,Cerezo Osaka,Sanfrecce Hiroshima,0,1,0,1,1.0
2019-03-02,Yokohama F. Marinos,Vegalta Sendai,Yokohama F. Marinos,Vegalta Sendai,2,1,2,0,1.0
2019-03-02,Vissel Kobe,Sagan Tosu,Vissel Kobe,Sagan Tosu,1,0,0,0,1.0
2019-03-02,Urawa Reds,Hokkaido Consadole Sapporo,Urawa Red Diamonds,Consadole Sapporo,0,2,0,2,0.76
2019-03-02,Shonan Bellmare,FC Tokyo,Shonan Bellmare,FC Tokyo,2,3,1,2,1.0
2019-03-02,Shimizu S-Pulse,Gamba Osaka,Shimizu S-Pulse,Gamba Osaka,2,4,1,1,1.0
2019-03-02,Oita Trinita,Yamaga,Oita Trinita,Matsumoto Yamaga FC,0,1,0,0,0.7608695652173914
2019-03-02,Nagoya Grampus,Cerezo Osaka,Nagoya Grampus,Cerezo Osaka,2,0,0,0,1.0
2019-03-01,Sanfrecce Hiroshima,Iwata,Sanfrecce Hiroshima,Jubilo Iwata,0,0,0,0,0.8125
2019-03-01,Kawasaki Frontale,Kashima Antlers,Kawasaki Frontale,Kashima Antlers,1,1,1,1,1.0
2019-02-23,Vegalta Sendai,Urawa Reds,Vegalta Sendai,Urawa Red Diamonds,0,0,0,0,0.86
2019-02-23,Shonan Bellmare,Hokkaido Consadole Sapporo,Shonan Bellmare,Consadole Sapporo,2,0,0,0,0.9
2019-02-23,Sanfrecce Hiroshima,Shimizu S-Pulse,Sanfrecce Hiroshima,Shimizu S-Pulse,1,1,0,1,1.0
2019-02-23,Sagan Tosu,Nagoya Grampus,Sagan Tosu,Nagoya Grampus,0,4,0,0,1.0
2019-02-23,Kawasaki Frontale,FC Tokyo,Kawasaki Frontale,FC Tokyo,0,0,0,0,1.0
2019-02-23,Kashima Antlers,Oita Trinita,Kashima Antlers,Oita Trinita,1,2,0,1,1.0
2019-02-23,Iwata,Yamaga,Jubilo Iwata,Matsumoto Yamaga FC,1,1,0,1,0.5733695652173914
2019-02-23,Gamba Osaka,Yokohama F. Marinos,Gamba Osaka,Yokohama F. Marinos,2,3,1,3,1.0
2019-02-22,Cerezo Osaka,Vissel Kobe,Cerezo Osaka,Vissel Kobe,1,0,0,0,1.0
2018-12-08,Iwata,Verdy,Jubilo Iwata,Tokyo Verdy 1969,2,0,1,0,0.575657894736842
2018-12-01,Yokohama F. Marinos,Cerezo Osaka,Yokohama F. Marinos,Cerezo Osaka,1,2,0,0,1.0
2018-12-01,Vissel Kobe,Vegalta Sendai,Vissel Kobe,Vegalta Sendai,3,2,1,0,1.0
2018-12-01,V-Varen Nagasaki,Shimizu S-Pulse,V-Varen Nagasaki,Shimizu S-Pulse,4,4,2,1,1.0
2018-12-01,Urawa Reds,FC Tokyo,Urawa Red Diamonds,FC Tokyo,3,2,1,0,0.86
2018-12-01,Nagoya Grampus,Shonan Bellmare,Nagoya Grampus,Shonan Bellmare,2,2,0,2,1.0
2018-12-01,Kawasaki Frontale,Iwata,Kawasaki Frontale,Jubilo Iwata,2,1,0,0,0.8125
2018-12-01,Kashiwa Reysol,Gamba Osaka,Kashiwa Reysol,Gamba Osaka,4,2,2,1,1.0
2018-12-01,Kashima Antlers,Sagan Tosu,Kashima Antlers,Sagan Tosu,0,0,0,0,1.0
2018-12-01,Hokkaido Consadole Sapporo,Sanfrecce Hiroshima,Consadole Sapporo,Sanfrecce Hiroshima,2,2,2,1,0.9
2018-11-24,Vegalta Sendai,Kashima Antlers,Vegalta Sendai,Kashima Antlers,0,3,0,1,1.0
2018-11-24,Shonan Bellmare,Urawa Reds,Shonan Bellmare,Urawa Red Diamonds,2,1,1,0,0.86
2018-11-24,Shimizu S-Pulse,Vissel Kobe,Shimizu S-Pulse,Vissel Kobe,3,3,1,1,1.0
2018-11-24,Sanfrecce Hiroshima,Nagoya Grampus,Sanfrecce Hiroshima,Nagoya Grampus,1,2,1,2,1.0
2018-11-24,Sagan Tosu,Yokohama F. Marinos,Sagan Tosu,Yokohama F. Marinos,2,1,0,1,1.0
2018-11-24,Iwata,Hokkaido Consadole Sapporo,Jubilo Iwata,Consadole Sapporo,0,2,0,1,0.7125
2018-11-24,Gamba Osaka,V-Varen Nagasaki,Gamba Osaka,V-Varen Nagasaki,2,1,1,1,1.0
2018-11-24,FC Tokyo,Kawasaki Frontale,FC Tokyo,Kawasaki Frontale,0,2,0,1,1.0
2018-11-24,Cerezo Osaka,Kashiwa Reysol,Cerezo Osaka,Kashiwa Reysol,0,3,0,0,1.0
2018-11-10,Vissel Kobe,Sagan Tosu,Vissel Kobe,Sagan Tosu,0,0,0,0,1.0
2018-11-10,V-Varen Nagasaki,Yokohama F. Marinos,V-Varen Nagasaki,Yokohama F. Marinos,0,1,0,0,1.0
2018-11-10,Shimizu S-Pulse,Nagoya Grampus,Shimizu S-Pulse,Nagoya Grampus,2,0,0,0,1.0
2018-11-10,Sanfrecce Hiroshima,Vegalta Sendai,Sanfrecce Hiroshima,Vegalta Sendai,0,1,0,0,1.0
2018-11-10,Hokkaido Consadole Sapporo,Urawa Reds,Consadole Sapporo,Urawa Red Diamonds,1,2,1,2,0.76
2018-11-10,Gamba Osaka,Shonan Bellmare,Gamba Osaka,Shonan Bellmare,1,0,0,0,1.0
2018-11-10,FC Tokyo,Iwata,FC Tokyo,Jubilo Iwata,0,0,0,0,0.8125
2018-11-10,Cerezo Osaka,Kawasaki Frontale,Cerezo Osaka,Kawasaki Frontale,2,1,0,0,1.0
2018-11-06,Kashiwa Reysol,Kashima Antlers,Kashiwa Reysol,Kashima Antlers,2,3,2,2,1.0
2018-11-06,Cerezo Osaka,Nagoya Grampus,Cerezo Osaka,Nagoya Grampus,0,1,0,0,1.0
2018-11-04,Sagan Tosu,V-Varen Nagasaki,Sagan Tosu,V-Varen Nagasaki,1,0,0,0,1.0
2018-11-04,Hokkaido Consadole Sapporo,Vegalta Sendai,Consadole Sapporo,Vegalta Sendai,1,0,0,0,0.9
2018-11-03,Yokohama F. Marinos,FC Tokyo,Yokohama F. Marinos,FC Tokyo,0,1,0,1,1.0
2018-11-03,Urawa Reds,Gamba Osaka,Urawa Red Diamonds,Gamba Osaka,1,3,0,1,0.86
2018-11-03,Nagoya Grampus,Vissel Kobe,Nagoya Grampus,Vissel Kobe,1,2,0,1,1.0
2018-11-03,Kawasaki Frontale,Kashiwa Reysol,Kawasaki Frontale,Kashiwa Reysol,3,0,2,0,1.0
2018-11-03,Iwata,Sanfrecce Hiroshima,Jubilo Iwata,Sanfrecce Hiroshima,3,2,0,1,0.8125
2018-11-02,Shonan Bellmare,Shimizu S-Pulse,Shonan Bellmare,Shimizu S-Pulse,0,0,0,0,1.0
2018-10-31,Kashima Antlers,Cerezo Osaka,Kashima Antlers,Cerezo Osaka,1,0,0,0,1.0
2018-10-30,Iwata,Shonan Bellmare,Jubilo Iwata,Shonan Bellmare,1,0,1,0,0.8125
2018-10-28,Nagoya Grampus,Hokkaido Consadole Sapporo,Nagoya Grampus,Consadole Sapporo,1,2,1,2,0.9
2018-10-21,V-Varen Nagasaki,Iwata,V-Varen Nagasaki,Jubilo Iwata,0,0,0,0,0.8125
2018-10-20,Vegalta Sendai,Sagan Tosu,Vegalta Sendai,Sagan Tosu,2,3,1,2,1.0
2018-10-20,Urawa Reds,Kashima Antlers,Urawa Red Diamonds,Kashima Antlers,3,1,0,1,0.86
2018-10-20,Shonan Bellmare,Hokkaido Consadole Sapporo,Shonan Bellmare,Consadole Sapporo,2,2,1,0,0.9
2018-10-20,Shimizu S-Pulse,Sanfrecce Hiroshima,Shimizu S-Pulse,Sanfrecce Hiroshima,2,0,1,0,1.0
2018-10-20,Kawasaki Frontale,Vissel Kobe,Kawasaki Frontale,Vissel Kobe,5,3,2,3,1.0
2018-10-20,Gamba Osaka,Yokohama F. Marinos,Gamba Osaka,Yokohama F. Marinos,2,1,0,1,1.0
2018-10-20,FC Tokyo,Cerezo Osaka,FC Tokyo,Cerezo Osaka,0,1,0,0,1.0
2018-10-19,Kashiwa Reysol,Nagoya Grampus,Kashiwa Reysol,Nagoya Grampus,0,1,0,1,1.0
2018-10-07,Vegalta Sendai,Urawa Reds,Vegalta Sendai,Urawa Red Diamonds,1,1,1,1,0.86
2018-10-07,Shimizu S-Pulse,Iwata,Shimizu S-Pulse,Jubilo Iwata,5,1,2,0,0.8125
2018-10-07,Nagoya Grampus,FC Tokyo,Nagoya Grampus,FC Tokyo,1,2,0,0,1.0
2018-10-07,Kashima Antlers,Kawasaki Frontale,Kashima Antlers,Kawasaki Frontale,0,0,0,0,1.0
2018-10-06,Vissel Kobe,V-Varen Nagasaki,Vissel Kobe,V-Varen Nagasaki,1,1,1,1,1.0
2018-10-06,Sanfrecce Hiroshima,Kashiwa Reysol,Sanfrecce Hiroshima,Kashiwa Reysol,0,3,0,3,1.0
2018-10-06,Sagan Tosu,Shonan Bellmare,Sagan Tosu,Shonan Bellmare,0,1,0,0,1.0
2018-10-06,Cerezo Osaka,Gamba Osaka,Cerezo Osaka,Gamba Osaka,0,1,0,1,1.0
2018-10-05,Yokohama F. Marinos,Hokkaido Consadole Sapporo,Yokohama F. Marinos,Consadole Sapporo,2,1,2,1,0.9
2018-09-30,Urawa Reds,Kashiwa Reysol,Urawa Red Diamonds,Kashiwa Reysol,3,2,2,1,0.86
2018-09-29,Yokohama F. Marinos,Vegalta Sendai,Yokohama F. Marinos,Vegalta Sendai,5,2,2,1,1.0
2018-09-29,Vissel Kobe,Kashima Antlers,Vissel Kobe,Kashima Antlers,0,5,0,2,1.0
2018-09-29,V-Varen Nagasaki,Kawasaki Frontale,V-Varen Nagasaki,Kawasaki Frontale,1,2,0,2,1.0
2018-09-29,Hokkaido Consadole Sapporo,Sagan Tosu,Consadole Sapporo,Sagan Tosu,2,1,0,0,0.9
2018-09-29,Gamba Osaka,Sanfrecce Hiroshima,Gamba Osaka,Sanfrecce Hiroshima,1,0,0,0,1.0
2018-09-29,FC Tokyo,Shimizu S-Pulse,FC Tokyo,Shimizu S-Pulse,0,2,0,0,1.0
2018-09-26,Shonan Bellmare,Kawasaki Frontale,Shonan Bellmare,Kawasaki Frontale,0,0,0,0,1.0
2018-09-23,Urawa Reds,Vissel Kobe,Urawa Red Diamonds,Vissel Kobe,4,0,2,0,0.86
2018-09-23,Hokkaido Consadole Sapporo,Kashima Antlers,Consadole Sapporo,Kashima Antlers,0,2,0,1,0.9
2018-09-22,V-Varen Nagasaki,Vegalta Sendai,V-Varen Nagasaki,Vegalta Sendai,1,0,0,0,1.0
2018-09-22,Shonan Bellmare,Cerezo Osaka,Shonan Bellmare,Cerezo Osaka,1,1,0,0,1.0
2018-09-22,Sanfrecce Hiroshima,FC Tokyo,Sanfrecce Hiroshima,FC Tokyo,1,1,1,0,1.0
2018-09-22,Kawasaki Frontale,Nagoya Grampus,Kawasaki Frontale,Nagoya Grampus,3,1,2,0,1.0
2018-09-22,Kashiwa Reysol,Sagan Tosu,Kashiwa Reysol,Sagan Tosu,1,1,1,0,1.0
2018-09-22,Iwata,Yokohama F. Marinos,Jubilo Iwata,Yokohama F. Marinos,1,2,0,1,0.8125
2018-09-21,Shimizu S-Pulse,Gamba Osaka,Shimizu S-Pulse,Gamba Osaka,1,2,0,2,1.0
2018-09-16,Yokohama F. Marinos,Urawa Reds,Yokohama F. Marinos,Urawa Red Diamonds,1,2,0,1,0.86
2018-09-15,Vissel Kobe,Gamba Osaka,Vissel Kobe,Gamba Osaka,1,2,1,0,1.0
2018-09-15,Vegalta Sendai,FC Tokyo,Vegalta Sendai,FC Tokyo,1,0,0,0,1.0
2018-09-15,Sagan Tosu,Sanfrecce Hiroshima,Sagan Tosu,Sanfrecce Hiroshima,1,0,0,0,1.0
2018-09-15,Nagoya Grampus,V-Varen Nagasaki,Nagoya Grampus,V-Varen Nagasaki,3,4,1,1,1.0
2018-09-15,Kawasaki Frontale,Hokkaido Consadole Sapporo,Kawasaki Frontale,Consadole Sapporo,7,0,3,0,0.9
2018-09-15,Kashiwa Reysol,Shimizu S-Pulse,Kashiwa Reysol,Shimizu S-Pulse,2,3,0,1,1.0
2018-09-14,Kashima Antlers,Shonan Bellmare,Kashima Antlers,Shonan Bellmare,2,1,0,0,1.0
2018-09-14,Cerezo Osaka,Iwata,Cerezo Osaka,Jubilo Iwata,1,1,0,0,0.8125
2018-09-02,FC Tokyo,Sagan Tosu,FC Tokyo,Sagan Tosu,0,0,0,0,1.0
2018-09-01,Yokohama F. Marinos,Kashiwa Reysol,Yokohama F. Marinos,Kashiwa Reysol,3,1,1,0,1.0
2018-09-01,Vegalta Sendai,Shimizu S-Pulse,Vegalta Sendai,Shimizu S-Pulse,2,1,1,0,1.0
2018-09-01,Urawa Reds,Cerezo Osaka,Urawa Red Diamonds,Cerezo Osaka,1,2,1,1,0.86
2018-09-01,Sanfrecce Hiroshima,Kashima Antlers,Sanfrecce Hiroshima,Kashima Antlers,3,1,2,1,1.0
2018-09-01,Iwata,Nagoya Grampus,Jubilo Iwata,Nagoya Grampus,1,6,0,1,0.8125
2018-09-01,Hokkaido Consadole Sapporo,Vissel Kobe,Consadole Sapporo,Vissel Kobe,3,1,1,0,0.9
2018-09-01,Gamba Osaka,Kawasaki Frontale,Gamba Osaka,Kawasaki Frontale,2,0,1,0,1.0
2018-08-31,V-Varen Nagasaki,Shonan Bellmare,V-Varen Nagasaki,Shonan Bellmare,1,3,0,1,1.0
2018-08-29,Yokohama F. Marinos,Shimizu S-Pulse,Yokohama F. Marinos,Shimizu S-Pulse,1,2,1,1,1.0
2018-08-26,Vissel Kobe,Yokohama F. Marinos,Vissel Kobe,Yokohama F. Marinos,0,2,0,0,1.0
2018-08-26,Shonan Bellmare,FC Tokyo,Shonan Bellmare,FC Tokyo,0,0,0,0,1.0
2018-08-26,Sagan Tosu,Gamba Osaka,Sagan Tosu,Gamba Osaka,3,0,0,0,1.0
2018-08-26,Nagoya Grampus,Urawa Reds,Nagoya Grampus,Urawa Red Diamonds,4,1,2,1,0.86
2018-08-25,Shimizu S-Pulse,Hokkaido Consadole Sapporo,Shimizu S-Pulse,Consadole Sapporo,1,2,1,1,0.9
2018-08-25,Kawasaki Frontale,Vegalta Sendai,Kawasaki Frontale,Vegalta Sendai,1,0,0,0,1.0
2018-08-25,Kashiwa Reysol,V-Varen Nagasaki,Kashiwa Reysol,V-Varen Nagasaki,5,1,2,1,1.0
2018-08-25,Cerezo Osaka,Sanfrecce Hiroshima,Cerezo Osaka,Sanfrecce Hiroshima,0,1,0,1,1.0
2018-08-24,Kashima Antlers,Iwata,Kashima Antlers,Jubilo Iwata,1,1,0,0,0.8125
2018-08-19,Vegalta Sendai,Gamba Osaka,Vegalta Sendai,Gamba Osaka,2,1,0,1,1.0
2018-08-19,V-Varen Nagasaki,Cerezo Osaka,V-Varen Nagasaki,Cerezo Osaka,0,2,0,1,1.0
2018-08-19,Shonan Bellmare,Vissel Kobe,Shonan Bellmare,Vissel Kobe,0,2,0,1,1.0
2018-08-19,Shimizu S-Pulse,Urawa Reds,Shimizu S-Pulse,Urawa Red Diamonds,3,3,1,1,0.86
2018-08-19,Sanfrecce Hiroshima,Kawasaki Frontale,Sanfrecce Hiroshima,Kawasaki Frontale,1,2,0,0,1.0
2018-08-19,Nagoya Grampus,Sagan Tosu,Nagoya Grampus,Sagan Tosu,3,0,1,0,1.0
2018-08-19,Kashima Antlers,Yokohama F. Marinos,Kashima Antlers,Yokohama F. Marinos,1,0,0,0,1.0
2018-08-19,Iwata,Kashiwa Reysol,Jubilo Iwata,Kashiwa Reysol,2,0,2,0,0.8125
2018-08-19,Hokkaido Consadole Sapporo,FC Tokyo,Consadole Sapporo,FC Tokyo,3,2,0,2,0.9
2018-08-15,Yokohama F. Marinos,Nagoya Grampus,Yokohama F. Marinos,Nagoya Grampus,1,2,0,1,1.0
2018-08-15,Vissel Kobe,Sanfrecce Hiroshima,Vissel Kobe,Sanfrecce Hiroshima,1,1,1,1,1.0
2018-08-15,Vegalta Sendai,Shonan Bellmare,Vegalta Sendai,Shonan Bellmare,4,1,2,1,1.0
2018-08-15,V-Varen Nagasaki,Kashima Antlers,V-Varen Nagasaki,Kashima Antlers,1,2,1,2,1.0
2018-08-15,Urawa Reds,Iwata,Urawa Red Diamonds,Jubilo Iwata,4,0,0,0,0.6725
2018-08-15,Kawasaki Frontale,Sagan Tosu,Kawasaki Frontale,Sagan Tosu,0,0,0,0,1.0
2018-08-15,Gamba Osaka,Hokkaido Consadole Sapporo,Gamba Osaka,Consadole Sapporo,1,1,1,0,0.9
2018-08-15,FC Tokyo,Kashiwa Reysol,FC Tokyo,Kashiwa Reysol,0,1,0,0,1.0
2018-08-15,Cerezo Osaka,Shimizu S-Pulse,Cerezo Osaka,Shimizu S-Pulse,3,1,1,1,1.0
2018-08-11,Vissel Kobe,Iwata,Vissel Kobe,Jubilo Iwata,2,1,1,0,0.8125
2018-08-11,Shonan Bellmare,Yokohama F. Marinos,Shonan Bellmare,Yokohama F. Marinos,0,1,0,0,1.0
2018-08-11,Shimizu S-Pulse,Kawasaki Frontale,Shimizu S-Pulse,Kawasaki Frontale,1,2,1,1,1.0
2018-08-11,Sanfrecce Hiroshima,V-Varen Nagasaki,Sanfrecce Hiroshima,V-Varen Nagasaki,2,0,1,0,1.0
2018-08-11,Sagan Tosu,Urawa Reds,Sagan Tosu,Urawa Red Diamonds,1,0,0,0,0.86
2018-08-11,Nagoya Grampus,Kashima Antlers,Nagoya Grampus,Kashima Antlers,4,2,1,0,1.0
2018-08-11,Kashiwa Reysol,Vegalta Sendai,Kashiwa Reysol,Vegalta Sendai,0,2,0,0,1.0
2018-08-11,Hokkaido Consadole Sapporo,Cerezo Osaka,Consadole Sapporo,Cerezo Osaka,1,1,1,1,0.9
2018-08-10,Gamba Osaka,FC Tokyo,Gamba Osaka,FC Tokyo,2,1,1,0,1.0
2018-08-05,Urawa Reds,V-Varen Nagasaki,Urawa Red Diamonds,V-Varen Nagasaki,0,0,0,0,0.86
2018-08-05,Sanfrecce Hiroshima,Shonan Bellmare,Sanfrecce Hiroshima,Shonan Bellmare,2,2,1,1,1.0
2018-08-05,Sagan Tosu,Cerezo Osaka,Sagan Tosu,Cerezo Osaka,1,0,1,0,1.0
2018-08-05,Nagoya Grampus,Gamba Osaka,Nagoya Grampus,Gamba Osaka,3,2,0,2,1.0
2018-08-05,Kawasaki Frontale,Yokohama F. Marinos,Kawasaki Frontale,Yokohama F. Marinos,2,0,1,0,1.0
2018-08-05,Kashima Antlers,Shimizu S-Pulse,Kashima Antlers,Shimizu S-Pulse,1,0,0,0,1.0
2018-08-05,Iwata,Vegalta Sendai,Jubilo Iwata,Vegalta Sendai,3,2,1,1,0.8125
2018-08-05,Hokkaido Consadole Sapporo,Kashiwa Reysol,Consadole Sapporo,Kashiwa Reysol,1,2,0,1,0.9
2018-08-05,FC Tokyo,Vissel Kobe,FC Tokyo,Vissel Kobe,1,0,0,0,1.0
2018-08-01,Yokohama F. Marinos,Sanfrecce Hiroshima,Yokohama F. Marinos,Sanfrecce Hiroshima,1,4,0,1,1.0
2018-08-01,Vegalta Sendai,Nagoya Grampus,Vegalta Sendai,Nagoya Grampus,1,2,0,2,1.0
2018-08-01,V-Varen Nagasaki,Hokkaido Consadole Sapporo,V-Varen Nagasaki,Consadole Sapporo,2,3,0,0,0.9
2018-08-01,Urawa Reds,Kawasaki Frontale,Urawa Red Diamonds,Kawasaki Frontale,2,0,1,0,0.86
2018-08-01,Shimizu S-Pulse,Sagan Tosu,Shimizu S-Pulse,Sagan Tosu,1,0,1,0,1.0
2018-08-01,Kashiwa Reysol,Shonan Bellmare,Kashiwa Reysol,Shonan Bellmare,0,2,0,1,1.0
2018-08-01,Kashima Antlers,FC Tokyo,Kashima Antlers,FC Tokyo,1,2,1,1,1.0
2018-08-01,Iwata,Gamba Osaka,Jubilo Iwata,Gamba Osaka,1,1,0,0,0.8125
2018-08-01,Cerezo Osaka,Vissel Kobe,Cerezo Osaka,Vissel Kobe,1,1,1,0,1.0
2018-07-28,Vissel Kobe,Kashiwa Reysol,Vissel Kobe,Kashiwa Reysol,1,0,0,0,1.0
2018-07-28,Vegalta Sendai,Cerezo Osaka,Vegalta Sendai,Cerezo Osaka,2,2,1,1,1.0
2018-07-28,Sanfrecce Hiroshima,Urawa Reds,Sanfrecce Hiroshima,Urawa Red Diamonds,1,4,1,1,0.86
2018-07-28,Sagan Tosu,Iwata,Sagan Tosu,Jubilo Iwata,0,0,0,0,0.8125
2018-07-28,Gamba Osaka,Kashima Antlers,Gamba Osaka,Kashima Antlers,1,1,0,1,1.0
2018-07-27,FC Tokyo,V-Varen Nagasaki,FC Tokyo,V-Varen Nagasaki,0,1,0,0,1.0
2018-07-25,Cerezo Osaka,Kashima Antlers,Cerezo Osaka,Kashima Antlers,0,2,0,0,1.0
2018-07-22,Vissel Kobe,Shonan Bellmare,Vissel Kobe,Shonan Bellmare,0,3,0,1,1.0
2018-07-22,Sagan Tosu,Vegalta Sendai,Sagan Tosu,Vegalta Sendai,0,1,0,0,1.0
2018-07-22,Nagoya Grampus,Sanfrecce Hiroshima,Nagoya Grampus,Sanfrecce Hiroshima,0,0,0,0,1.0
2018-07-22,Kawasaki Frontale,V-Varen Nagasaki,Kawasaki Frontale,V-Varen Nagasaki,1,0,0,0,1.0
2018-07-22,Kashima Antlers,Kashiwa Reysol,Kashima Antlers,Kashiwa Reysol,6,2,3,1,1.0
2018-07-22,Hokkaido Consadole Sapporo,Iwata,Consadole Sapporo,Jubilo Iwata,0,0,0,0,0.7125
2018-07-22,Gamba Osaka,Shimizu S-Pulse,Gamba Osaka,Shimizu S-Pulse,1,2,0,1,1.0
2018-07-22,FC Tokyo,Yokohama F. Marinos,FC Tokyo,Yokohama F. Marinos,5,2,3,0,1.0
2018-07-22,Cerezo Osaka,Urawa Reds,Cerezo Osaka,Urawa Red Diamonds,1,1,1,0,0.86
2018-07-18,Vegalta Sendai,Yokohama F. Marinos,Vegalta Sendai,Yokohama F. Marinos,2,8,0,4,1.0
2018-07-18,V-Varen Nagasaki,Vissel Kobe,V-Varen Nagasaki,Vissel Kobe,0,1,0,1,1.0
2018-07-18,Urawa Reds,Nagoya Grampus,Urawa Red Diamonds,Nagoya Grampus,3,1,1,1,0.86
2018-07-18,Shonan Bellmare,Sagan Tosu,Shonan Bellmare,Sagan Tosu,1,1,0,0,1.0
2018-07-18,Shimizu S-Pulse,Cerezo Osaka,Shimizu S-Pulse,Cerezo Osaka,3,0,2,0,1.0
2018-07-18,Sanfrecce Hiroshima,Gamba Osaka,Sanfrecce Hiroshima,Gamba Osaka,4,0,2,0,1.0
2018-07-18,Kashiwa Reysol,FC Tokyo,Kashiwa Reysol,FC Tokyo,0,1,0,0,1.0
2018-07-18,Iwata,Kashima Antlers,Jubilo Iwata,Kashima Antlers,3,3,1,1,0.8125
2018-07-18,Hokkaido Consadole Sapporo,Kawasaki Frontale,Consadole Sapporo,Kawasaki Frontale,1,2,0,1,0.9
2018-05-20,Vissel Kobe,Hokkaido Consadole Sapporo,Vissel Kobe,Consadole Sapporo,4,0,2,0,0.9
2018-05-20,Sanfrecce Hiroshima,Cerezo Osaka,Sanfrecce Hiroshima,Cerezo Osaka,0,2,0,0,1.0
2018-05-20,Sagan Tosu,FC Tokyo,Sagan Tosu,FC Tokyo,0,0,0,0,1.0
2018-05-20,Nagoya Grampus,Kashiwa Reysol,Nagoya Grampus,Kashiwa Reysol,2,3,1,1,1.0
2018-05-20,Kawasaki Frontale,Shimizu S-Pulse,Kawasaki Frontale,Shimizu S-Pulse,3,0,2,0,1.0
2018-05-20,Kashima Antlers,Vegalta Sendai,Kashima Antlers,Vegalta Sendai,1,2,0,1,1.0
2018-05-19,Yokohama F. Marinos,V-Varen Nagasaki,Yokohama F. Marinos,V-Varen Nagasaki,5,2,1,1,1.0
2018-05-19,Shonan Bellmare,Iwata,Shonan Bellmare,Jubilo Iwata,1,0,0,0,0.8125
2018-05-19,Gamba Osaka,Urawa Reds,Gamba Osaka,Urawa Red Diamonds,0,0,0,0,0.86
2018-05-13,Urawa Reds,Sagan Tosu,Urawa Red Diamonds,Sagan Tosu,0,0,0,0,0.86
2018-05-13,FC Tokyo,Hokkaido Consadole Sapporo,FC Tokyo,Consadole Sapporo,0,0,0,0,0.9
2018-05-12,Yokohama F. Marinos,Gamba Osaka,Yokohama F. Marinos,Gamba Osaka,1,1,0,0,1.0
2018-05-12,Vegalta Sendai,Sanfrecce Hiroshima,Vegalta Sendai,Sanfrecce Hiroshima,1,3,1,1,1.0
2018-05-12,V-Varen Nagasaki,Nagoya Grampus,V-Varen Nagasaki,Nagoya Grampus,3,0,1,0,1.0
2018-05-12,Shimizu S-Pulse,Shonan Bellmare,Shimizu S-Pulse,Shonan Bellmare,4,2,2,0,1.0
2018-05-12,Kashiwa Reysol,Kawasaki Frontale,Kashiwa Reysol,Kawasaki Frontale,1,2,1,0,1.0
2018-05-12,Iwata,Vissel Kobe,Jubilo Iwata,Vissel Kobe,0,2,0,2,0.8125
2018-05-06,Shonan Bellmare,Vegalta Sendai,Shonan Bellmare,Vegalta Sendai,1,3,0,2,1.0
2018-05-06,Sanfrecce Hiroshima,Vissel Kobe,Sanfrecce Hiroshima,Vissel Kobe,2,0,1,0,1.0
2018-05-06,Sagan Tosu,Shimizu S-Pulse,Sagan Tosu,Shimizu S-Pulse,3,1,2,1,1.0
2018-05-05,Nagoya Grampus,Yokohama F. Marinos,Nagoya Grampus,Yokohama F. Marinos,1,1,0,1,1.0
2018-05-05,Kawasaki Frontale,FC Tokyo,Kawasaki Frontale,FC Tokyo,0,2,0,1,1.0
2018-05-05,Kashiwa Reysol,Iwata,Kashiwa Reysol,Jubilo Iwata,1,2,1,1,0.8125
2018-05-05,Kashima Antlers,Urawa Reds,Kashima Antlers,Urawa Red Diamonds,1,0,1,0,0.86
2018-05-05,Hokkaido Consadole Sapporo,Gamba Osaka,Consadole Sapporo,Gamba Osaka,2,0,1,0,0.9
2018-05-05,Cerezo Osaka,V-Varen Nagasaki,Cerezo Osaka,V-Varen Nagasaki,3,1,2,0,1.0
2018-05-02,Yokohama F. Marinos,Iwata,Yokohama F. Marinos,Jubilo Iwata,1,3,0,2,0.8125
2018-05-02,Vissel Kobe,FC Tokyo,Vissel Kobe,FC Tokyo,0,0,0,0,1.0
2018-05-02,Shonan Bellmare,Kashiwa Reysol,Shonan Bellmare,Kashiwa Reysol,1,2,0,2,1.0
2018-05-02,Sanfrecce Hiroshima,Shimizu S-Pulse,Sanfrecce Hiroshima,Shimizu S-Pulse,2,0,1,0,1.0
2018-05-02,Sagan Tosu,Hokkaido Consadole Sapporo,Sagan Tosu,Consadole Sapporo,1,2,0,0,0.9
2018-05-02,Nagoya Grampus,Cerezo Osaka,Nagoya Grampus,Cerezo Osaka,0,0,0,0,1.0
2018-05-02,Kawasaki Frontale,Urawa Reds,Kawasaki Frontale,Urawa Red Diamonds,0,2,0,1,0.86
2018-05-02,Kashima Antlers,V-Varen Nagasaki,Kashima Antlers,V-Varen Nagasaki,2,1,2,1,1.0
2018-05-02,Gamba Osaka,Vegalta Sendai,Gamba Osaka,Vegalta Sendai,1,0,0,0,1.0
2018-04-29,Gamba Osaka,Sagan Tosu,Gamba Osaka,Sagan Tosu,3,0,0,0,1.0
2018-04-28,Yokohama F. Marinos,Kashima Antlers,Yokohama F. Marinos,Kashima Antlers,3,0,2,0,1.0
2018-04-28,Vissel Kobe,Kawasaki Frontale,Vissel Kobe,Kawasaki Frontale,1,2,0,1,1.0
2018-04-28,Vegalta Sendai,Hokkaido Consadole Sapporo,Vegalta Sendai,Consadole Sapporo,2,2,0,1,0.9
2018-04-28,V-Varen Nagasaki,Sanfrecce Hiroshima,V-Varen Nagasaki,Sanfrecce Hiroshima,0,2,0,0,1.0
2018-04-28,Urawa Reds,Shonan Bellmare,Urawa Red Diamonds,Shonan Bellmare,0,1,0,1,0.86
2018-04-28,Shimizu S-Pulse,Kashiwa Reysol,Shimizu S-Pulse,Kashiwa Reysol,2,1,2,1,1.0
2018-04-28,Iwata,Cerezo Osaka,Jubilo Iwata,Cerezo Osaka,1,1,1,0,0.8125
2018-04-28,FC Tokyo,Nagoya Grampus,FC Tokyo,Nagoya Grampus,3,2,2,1,1.0
2018-04-25,Shonan Bellmare,Gamba Osaka,Shonan Bellmare,Gamba Osaka,1,0,1,0,1.0
2018-04-25,Sagan Tosu,Kawasaki Frontale,Sagan Tosu,Kawasaki Frontale,0,2,0,0,1.0
2018-04-25,Nagoya Grampus,Shimizu S-Pulse,Nagoya Grampus,Shimizu S-Pulse,1,3,0,1,1.0
2018-04-25,Kashiwa Reysol,Urawa Reds,Kashiwa Reysol,Urawa Red Diamonds,1,0,0,0,0.86
2018-04-25,Kashima Antlers,Vissel Kobe,Kashima Antlers,Vissel Kobe,1,1,0,1,1.0
2018-04-25,Iwata,V-Varen Nagasaki,Jubilo Iwata,V-Varen Nagasaki,1,2,0,0,0.8125
2018-04-25,Hokkaido Consadole Sapporo,Yokohama F. Marinos,Consadole Sapporo,Yokohama F. Marinos,2,1,0,1,0.9
2018-04-25,FC Tokyo,Sanfrecce Hiroshima,FC Tokyo,Sanfrecce Hiroshima,3,1,2,0,1.0
2018-04-25,Cerezo Osaka,Vegalta Sendai,Cerezo Osaka,Vegalta Sendai,2,1,0,1,1.0
2018-04-22,V-Varen Nagasaki,Kashiwa Reysol,V-Varen Nagasaki,Kashiwa Reysol,1,0,0,0,1.0
2018-04-21,Yokohama F. Marinos,Shonan Bellmare,Yokohama F. Marinos,Shonan Bellmare,4,4,3,4,1.0
2018-04-21,Vissel Kobe,Nagoya Grampus,Vissel Kobe,Nagoya Grampus,3,0,1,0,1.0
2018-04-21,Vegalta Sendai,Iwata,Vegalta Sendai,Jubilo Iwata,0,3,0,0,0.8125
2018-04-21,Urawa Reds,Hokkaido Consadole Sapporo,Urawa Red Diamonds,Consadole Sapporo,0,0,0,0,0.76
2018-04-21,Shimizu S-Pulse,FC Tokyo,Shimizu S-Pulse,FC Tokyo,0,1,0,0,1.0
2018-04-21,Sanfrecce Hiroshima,Sagan Tosu,Sanfrecce Hiroshima,Sagan Tosu,1,0,0,0,1.0
2018-04-21,Kawasaki Frontale,Kashima Antlers,Kawasaki Frontale,Kashima Antlers,4,1,1,0,1.0
2018-04-21,Gamba Osaka,Cerezo Osaka,Gamba Osaka,Cerezo Osaka,1,0,1,0,1.0
2018-04-15,Yokohama F. Marinos,Vissel Kobe,Yokohama F. Marinos,Vissel Kobe,1,2,0,0,1.0
2018-04-15,Urawa Reds,Shimizu S-Pulse,Urawa Red Diamonds,Shimizu S-Pulse,2,1,2,0,0.86
2018-04-15,Shonan Bellmare,Sanfrecce Hiroshima,Shonan Bellmare,Sanfrecce Hiroshima,0,2,0,0,1.0
2018-04-15,Iwata,Sagan Tosu,Jubilo Iwata,Sagan Tosu,1,0,0,0,0.8125
2018-04-14,Vegalta Sendai,Kawasaki Frontale,Vegalta Sendai,Kawasaki Frontale,0,0,0,0,1.0
2018-04-14,V-Varen Nagasaki,Gamba Osaka,V-Varen Nagasaki,Gamba Osaka,3,0,1,0,1.0
2018-04-14,Kashiwa Reysol,Hokkaido Consadole Sapporo,Kashiwa Reysol,Consadole Sapporo,1,2,1,1,0.9
2018-04-14,Kashima Antlers,Nagoya Grampus,Kashima Antlers,Nagoya Grampus,2,0,1,0,1.0
2018-04-14,Cerezo Osaka,FC Tokyo,Cerezo Osaka,FC Tokyo,1,0,0,0,1.0
2018-04-11,Vissel Kobe,Urawa Reds,Vissel Kobe,Urawa Red Diamonds,2,3,0,1,0.86
2018-04-11,Shimizu S-Pulse,V-Varen Nagasaki,Shimizu S-Pulse,V-Varen Nagasaki,0,1,0,1,1.0
2018-04-11,Sanfrecce Hiroshima,Yokohama F. Marinos,Sanfrecce Hiroshima,Yokohama F. Marinos,3,1,0,1,1.0
2018-04-11,Sagan Tosu,Kashiwa Reysol,Sagan Tosu,Kashiwa Reysol,1,2,0,2,1.0
2018-04-11,Kawasaki Frontale,Cerezo Osaka,Kawasaki Frontale,Cerezo Osaka,1,2,1,2,1.0
2018-04-11,Hokkaido Consadole Sapporo,Shonan Bellmare,Consadole Sapporo,Shonan Bellmare,1,0,0,0,0.9
2018-04-11,Gamba Osaka,Iwata,Gamba Osaka,Jubilo Iwata,2,0,1,0,0.8125
2018-04-11,FC Tokyo,Kashima Antlers,FC Tokyo,Kashima Antlers,2,1,1,1,1.0
2018-04-08,Yokohama F. Marinos,Kawasaki Frontale,Yokohama F. Marinos,Kawasaki Frontale,1,1,0,0,1.0
2018-04-08,V-Varen Nagasaki,FC Tokyo,V-Varen Nagasaki,FC Tokyo,2,5,1,3,1.0
2018-04-08,Kashiwa Reysol,Sanfrecce Hiroshima,Kashiwa Reysol,Sanfrecce Hiroshima,0,1,0,1,1.0
2018-04-08,Gamba Osaka,Vissel Kobe,Gamba Osaka,Vissel Kobe,0,1,0,0,1.0
2018-04-07,Urawa Reds,Vegalta Sendai,Urawa Red Diamonds,Vegalta Sendai,1,0,1,0,0.86
2018-04-07,Shonan Bellmare,Kashima Antlers,Shonan Bellmare,Kashima Antlers,2,1,1,1,1.0
2018-04-07,Iwata,Shimizu S-Pulse,Jubilo Iwata,Shimizu S-Pulse,0,0,0,0,0.8125
2018-04-07,Hokkaido Consadole Sapporo,Nagoya Grampus,Consadole Sapporo,Nagoya Grampus,3,0,1,0,0.9
2018-04-01,Iwata,Urawa Reds,Jubilo Iwata,Urawa Red Diamonds,2,1,1,1,0.6725
2018-03-31,Vegalta Sendai,V-Varen Nagasaki,Vegalta Sendai,V-Varen Nagasaki,1,0,1,0,1.0
2018-03-31,Shimizu S-Pulse,Yokohama F. Marinos,Shimizu S-Pulse,Yokohama F. Marinos,0,1,0,1,1.0
2018-03-31,Sagan Tosu,Nagoya Grampus,Sagan Tosu,Nagoya Grampus,3,2,0,1,1.0
2018-03-31,Kawasaki Frontale,Sanfrecce Hiroshima,Kawasaki Frontale,Sanfrecce Hiroshima,0,1,0,0,1.0
2018-03-31,Kashima Antlers,Hokkaido Consadole Sapporo,Kashima Antlers,Consadole Sapporo,0,0,0,0,0.9
2018-03-31,FC Tokyo,Gamba Osaka,FC Tokyo,Gamba Osaka,3,2,2,1,1.0
2018-03-31,Cerezo Osaka,Shonan Bellmare,Cerezo Osaka,Shonan Bellmare,2,1,1,1,1.0
2018-03-30,Kashiwa Reysol,Vissel Kobe,Kashiwa Reysol,Vissel Kobe,2,1,0,0,1.0
2018-03-18,Vissel Kobe,Cerezo Osaka,Vissel Kobe,Cerezo Osaka,2,0,1,0,1.0
2018-03-18,Urawa Reds,Yokohama F. Marinos,Urawa Red Diamonds,Yokohama F. Marinos,0,1,0,0,0.86
2018-03-18,Shimizu S-Pulse,Vegalta Sendai,Shimizu S-Pulse,Vegalta Sendai,1,1,1,0,1.0
2018-03-18,Sanfrecce Hiroshima,Iwata,Sanfrecce Hiroshima,Jubilo Iwata,0,0,0,0,0.8125
2018-03-18,Sagan Tosu,Kashima Antlers,Sagan Tosu,Kashima Antlers,0,1,0,1,1.0
2018-03-18,Nagoya Grampus,Kawasaki Frontale,Nagoya Grampus,Kawasaki Frontale,0,1,0,0,1.0
2018-03-18,Hokkaido Consadole Sapporo,V-Varen Nagasaki,Consadole Sapporo,V-Varen Nagasaki,2,1,0,0,0.9
2018-03-18,Gamba Osaka,Kashiwa Reysol,Gamba Osaka,Kashiwa Reysol,2,2,1,2,1.0
2018-03-18,FC Tokyo,Shonan Bellmare,FC Tokyo,Shonan Bellmare,1,0,0,0,1.0
2018-03-11,Shonan Bellmare,Nagoya Grampus,Shonan Bellmare,Nagoya Grampus,0,0,0,0,1.0
2018-03-10,Yokohama F. Marinos,Sagan Tosu,Yokohama F. Marinos,Sagan Tosu,1,2,0,1,1.0
2018-03-10,Vegalta Sendai,Vissel Kobe,Vegalta Sendai,Vissel Kobe,1,1,0,1,1.0
2018-03-10,V-Varen Nagasaki,Urawa Reds,V-Varen Nagasaki,Urawa Red Diamonds,1,1,1,0,0.86
2018-03-10,Kawasaki Frontale,Gamba Osaka,Kawasaki Frontale,Gamba Osaka,2,0,1,0,1.0
2018-03-10,Kashiwa Reysol,Cerezo Osaka,Kashiwa Reysol,Cerezo Osaka,1,1,1,0,1.0
2018-03-10,Kashima Antlers,Sanfrecce Hiroshima,Kashima Antlers,Sanfrecce Hiroshima,0,1,0,0,1.0
2018-03-10,Iwata,FC Tokyo,Jubilo Iwata,FC Tokyo,2,0,0,0,0.8125
2018-03-10,Hokkaido Consadole Sapporo,Shimizu S-Pulse,Consadole Sapporo,Shimizu S-Pulse,1,3,1,1,0.9
2018-03-04,Urawa Reds,Sanfrecce Hiroshima,Urawa Red Diamonds,Sanfrecce Hiroshima,1,2,1,0,0.86
2018-03-03,Vissel Kobe,Shimizu S-Pulse,Vissel Kobe,Shimizu S-Pulse,2,4,1,2,1.0
2018-03-03,V-Varen Nagasaki,Sagan Tosu,V-Varen Nagasaki,Sagan Tosu,2,2,2,0,1.0
2018-03-03,Nagoya Grampus,Iwata,Nagoya Grampus,Jubilo Iwata,1,0,1,0,0.8125
2018-03-03,Kashima Antlers,Gamba Osaka,Kashima Antlers,Gamba Osaka,1,0,0,0,1.0
2018-03-03,FC Tokyo,Vegalta Sendai,FC Tokyo,Vegalta Sendai,0,1,0,0,1.0
2018-03-02,Kawasaki Frontale,Shonan Bellmare,Kawasaki Frontale,Shonan Bellmare,1,1,0,0,1.0
2018-03-02,Kashiwa Reysol,Yokohama F. Marinos,Kashiwa Reysol,Yokohama F. Marinos,2,0,0,0,1.0
2018-03-02,Cerezo Osaka,Hokkaido Consadole Sapporo,Cerezo Osaka,Consadole Sapporo,3,3,2,0,0.9
2018-02-25,Vegalta Sendai,Kashiwa Reysol,Vegalta Sendai,Kashiwa Reysol,1,0,0,0,1.0
2018-02-25,Shimizu S-Pulse,Kashima Antlers,Shimizu S-Pulse,Kashima Antlers,0,0,0,0,1.0
2018-02-25,Iwata,Kawasaki Frontale,Jubilo Iwata,Kawasaki Frontale,0,3,0,3,0.8125
2018-02-25,Cerezo Osaka,Yokohama F. Marinos,Cerezo Osaka,Yokohama F. Marinos,1,1,0,1,1.0
2018-02-24,Shonan Bellmare,V-Varen Nagasaki,Shonan Bellmare,V-Varen Nagasaki,2,1,1,1,1.0
2018-02-24,Sanfrecce Hiroshima,Hokkaido Consadole Sapporo,Sanfrecce Hiroshima,Consadole Sapporo,1,0,1,0,0.9
2018-02-24,Gamba Osaka,Nagoya Grampus,Gamba Osaka,Nagoya Grampus,2,3,1,1,1.0
2018-02-24,FC Tokyo,Urawa Reds,FC Tokyo,Urawa Red Diamonds,1,1,0,0,0.86
2018-02-23,Sagan Tosu,Vissel Kobe,Sagan Tosu,Vissel Kobe,1,1,1,0,1.0
2017-12-02,Vissel Kobe,Shimizu S-Pulse,Vissel Kobe,Shimizu S-Pulse,1,3,1,2,1.0
2017-12-02,Urawa Reds,Yokohama F. Marinos,Urawa Red Diamonds,Yokohama F. Marinos,0,1,0,0,0.86
2017-12-02,Kofu,Vegalta Sendai,Ventforet Kofu,Vegalta Sendai,1,0,0,0,0.7352941176470589
2017-12-02,Kawasaki Frontale,Omiya Ardija,Kawasaki Frontale,Omiya Ardija,5,0,2,0,1.0
2017-12-02,Kashiwa Reysol,Sanfrecce Hiroshima,Kashiwa Reysol,Sanfrecce Hiroshima,1,0,0,0,1.0
2017-12-02,Iwata,Kashima Antlers,Jubilo Iwata,Kashima Antlers,0,0,0,0,0.8125
2017-12-02,Hokkaido Consadole Sapporo,Sagan Tosu,Consadole Sapporo,Sagan Tosu,3,2,2,1,0.9
2017-12-02,FC Tokyo,Gamba Osaka,FC Tokyo,Gamba Osaka,0,0,0,0,1.0
2017-12-02,Albirex Niigata,Cerezo Osaka,Albirex Niigata,Cerezo Osaka,1,0,0,0,1.0
2017-11-29,Urawa Reds,Kawasaki Frontale,Urawa Red Diamonds,Kawasaki Frontale,0,1,0,1,0.86
2017-11-26,Vegalta Sendai,Yokohama F. Marinos,Vegalta Sendai,Yokohama F. Marinos,2,2,2,1,1.0
2017-11-26,Shimizu S-Pulse,Albirex Niigata,Shimizu S-Pulse,Albirex Niigata,2,3,2,0,1.0
2017-11-26,Sanfrecce Hiroshima,FC Tokyo,Sanfrecce Hiroshima,FC Tokyo,2,1,1,0,1.0
2017-11-26,Sagan Tosu,Iwata,Sagan Tosu,Jubilo Iwata,0,2,0,1,0.8125
2017-11-26,Omiya Ardija,Kofu,Omiya Ardija,Ventforet Kofu,0,0,0,0,0.7352941176470589
2017-11-26,Kashima Antlers,Kashiwa Reysol,Kashima Antlers,Kashiwa Reysol,0,0,0,0,1.0
2017-11-26,Gamba Osaka,Hokkaido Consadole Sapporo,Gamba Osaka,Consadole Sapporo,0,1,0,0,0.9
2017-11-26,Cerezo Osaka,Vissel Kobe,Cerezo Osaka,Vissel Kobe,3,1,1,1,1.0
2017-11-18,Yokohama F. Marinos,Cerezo Osaka,Yokohama F. Marinos,Cerezo Osaka,1,4,1,0,1.0
2017-11-18,Vissel Kobe,Sanfrecce Hiroshima,Vissel Kobe,Sanfrecce Hiroshima,1,2,1,1,1.0
2017-11-18,Vegalta Sendai,Omiya Ardija,Vegalta Sendai,Omiya Ardija,3,0,2,0,1.0
2017-11-18,Shimizu S-Pulse,Hokkaido Consadole Sapporo,Shimizu S-Pulse,Consadole Sapporo,0,2,0,2,0.9
2017-11-18,Sagan Tosu,FC Tokyo,Sagan Tosu,FC Tokyo,2,1,2,0,1.0
2017-11-18,Kawasaki Frontale,Gamba Osaka,Kawasaki Frontale,Gamba Osaka,1,0,0,0,1.0
2017-11-18,Kashiwa Reysol,Iwata,Kashiwa Reysol,Jubilo Iwata,1,0,1,0,0.8125
2017-11-18,Albirex Niigata,Kofu,Albirex Niigata,Ventforet Kofu,1,0,1,0,0.7352941176470589
2017-11-05,Kashima Antlers,Urawa Reds,Kashima Antlers,Urawa Red Diamonds,1,0,0,0,0.86
2017-10-29,Sanfrecce Hiroshima,Urawa Reds,Sanfrecce Hiroshima,Urawa Red Diamonds,0,1,0,0,0.86
2017-10-29,Kofu,Vissel Kobe,Ventforet Kofu,Vissel Kobe,2,3,1,1,0.7352941176470589
2017-10-29,Kashiwa Reysol,Kawasaki Frontale,Kashiwa Reysol,Kawasaki Frontale,2,2,0,0,1.0
2017-10-29,Iwata,Yokohama F. Marinos,Jubilo Iwata,Yokohama F. Marinos,2,1,1,1,0.8125
2017-10-29,Hokkaido Consadole Sapporo,Kashima Antlers,Consadole Sapporo,Kashima Antlers,1,2,0,0,0.9
2017-10-29,Gamba Osaka,Vegalta Sendai,Gamba Osaka,Vegalta Sendai,1,1,1,1,1.0
2017-10-29,FC Tokyo,Shimizu S-Pulse,FC Tokyo,Shimizu S-Pulse,0,0,0,0,1.0
2017-10-29,Cerezo Osaka,Omiya Ardija,Cerezo Osaka,Omiya Ardija,2,1,1,0,1.0
2017-10-29,Albirex Niigata,Sagan Tosu,Albirex Niigata,Sagan Tosu,1,0,0,0,1.0
2017-10-22,Urawa Reds,Gamba Osaka,Urawa Red Diamonds,Gamba Osaka,3,3,0,0,0.86
2017-10-21,Yokohama F. Marinos,Kashima Antlers,Yokohama F. Marinos,Kashima Antlers,3,2,2,1,1.0
2017-10-21,Vissel Kobe,Sagan Tosu,Vissel Kobe,Sagan Tosu,1,2,1,2,1.0
2017-10-21,Vegalta Sendai,Shimizu S-Pulse,Vegalta Sendai,Shimizu S-Pulse,0,0,0,0,1.0
2017-10-21,Sanfrecce Hiroshima,Kawasaki Frontale,Sanfrecce Hiroshima,Kawasaki Frontale,0,3,0,2,1.0
2017-10-21,Omiya Ardija,Kashiwa Reysol,Omiya Ardija,Kashiwa Reysol,1,1,0,1,1.0
2017-10-21,Iwata,Albirex Niigata,Jubilo Iwata,Albirex Niigata,2,2,1,2,0.8125
2017-10-21,FC Tokyo,Hokkaido Consadole Sapporo,FC Tokyo,Consadole Sapporo,1,2,0,0,0.9
2017-10-21,Cerezo Osaka,Kofu,Cerezo Osaka,Ventforet Kofu,2,0,1,0,0.7352941176470589
2017-10-15,Sagan Tosu,Cerezo Osaka,Sagan Tosu,Cerezo Osaka,1,2,1,1,1.0
2017-10-15,Kofu,FC Tokyo,Ventforet Kofu,FC Tokyo,1,1,1,0,0.7352941176470589
2017-10-14,Yokohama F. Marinos,Omiya Ardija,Yokohama F. Marinos,Omiya Ardija,1,1,0,1,1.0
2017-10-14,Urawa Reds,Vissel Kobe,Urawa Red Diamonds,Vissel Kobe,1,1,1,1,0.86
2017-10-14,Shimizu S-Pulse,Iwata,Shimizu S-Pulse,Jubilo Iwata,0,3,0,1,0.8125
2017-10-14,Kawasaki Frontale,Vegalta Sendai,Kawasaki Frontale,Vegalta Sendai,3,2,0,1,1.0
2017-10-14,Kashima Antlers,Sanfrecce Hiroshima,Kashima Antlers,Sanfrecce Hiroshima,2,0,1,0,1.0
2017-10-14,Hokkaido Consadole Sapporo,Kashiwa Reysol,Consadole Sapporo,Kashiwa Reysol,3,0,2,0,0.9
2017-10-14,Gamba Osaka,Albirex Niigata,Gamba Osaka,Albirex Niigata,0,1,0,0,1.0
2017-10-01,Vegalta Sendai,Urawa Reds,Vegalta Sendai,Urawa Red Diamonds,2,3,0,1,0.86
2017-09-30,Sanfrecce Hiroshima,Hokkaido Consadole Sapporo,Sanfrecce Hiroshima,Consadole Sapporo,1,1,0,0,0.9
2017-09-30,Sagan Tosu,Kashima Antlers,Sagan Tosu,Kashima Antlers,1,0,0,0,1.0
2017-09-30,Omiya Ardija,Shimizu S-Pulse,Omiya Ardija,Shimizu S-Pulse,0,0,0,0,1.0
2017-09-30,Kawasaki Frontale,Cerezo Osaka,Kawasaki Frontale,Cerezo Osaka,5,1,2,0,1.0
2017-09-30,Kashiwa Reysol,Kofu,Kashiwa Reysol,Ventforet Kofu,0,1,0,0,0.7352941176470589
2017-09-30,Gamba Osaka,Yokohama F. Marinos,Gamba Osaka,Yokohama F. Marinos,1,2,0,0,1.0
2017-09-30,FC Tokyo,Iwata,FC Tokyo,Jubilo Iwata,0,0,0,0,0.8125
2017-09-30,Albirex Niigata,Vissel Kobe,Albirex Niigata,Vissel Kobe,0,2,0,0,1.0
2017-09-23,Vissel Kobe,Kawasaki Frontale,Vissel Kobe,Kawasaki Frontale,0,0,0,0,1.0
2017-09-23,Urawa Reds,Sagan Tosu,Urawa Red Diamonds,Sagan Tosu,2,2,0,1,0.86
2017-09-23,Shimizu S-Pulse,Sanfrecce Hiroshima,Shimizu S-Pulse,Sanfrecce Hiroshima,1,3,0,1,1.0
2017-09-23,Kofu,Yokohama F. Marinos,Ventforet Kofu,Yokohama F. Marinos,3,2,1,0,0.7352941176470589
2017-09-23,Kashiwa Reysol,FC Tokyo,Kashiwa Reysol,FC Tokyo,4,1,1,0,1.0
2017-09-23,Kashima Antlers,Gamba Osaka,Kashima Antlers,Gamba Osaka,2,1,1,1,1.0
2017-09-23,Iwata,Omiya Ardija,Jubilo Iwata,Omiya Ardija,2,1,2,0,0.8125
2017-09-23,Hokkaido Consadole Sapporo,Albirex Niigata,Consadole Sapporo,Albirex Niigata,2,2,1,0,0.9
2017-09-23,Cerezo Osaka,Vegalta Sendai,Cerezo Osaka,Vegalta Sendai,1,4,0,1,1.0
2017-09-17,Iwata,Urawa Reds,Jubilo Iwata,Urawa Red Diamonds,1,1,1,0,0.6725
2017-09-16,Yokohama F. Marinos,Kashiwa Reysol,Yokohama F. Marinos,Kashiwa Reysol,1,1,1,0,1.0
2017-09-16,Vissel Kobe,Hokkaido Consadole Sapporo,Vissel Kobe,Consadole Sapporo,2,0,2,0,0.9
2017-09-16,Shimizu S-Pulse,Kawasaki Frontale,Shimizu S-Pulse,Kawasaki Frontale,0,3,0,2,1.0
2017-09-16,Sanfrecce Hiroshima,Cerezo Osaka,Sanfrecce Hiroshima,Cerezo Osaka,1,0,0,0,1.0
2017-09-16,Sagan Tosu,Kofu,Sagan Tosu,Ventforet Kofu,2,1,0,1,0.7352941176470589
2017-09-16,Omiya Ardija,Gamba Osaka,Omiya Ardija,Gamba Osaka,2,2,0,1,1.0
2017-09-16,FC Tokyo,Vegalta Sendai,FC Tokyo,Vegalta Sendai,1,0,0,0,1.0
2017-09-16,Albirex Niigata,Kashima Antlers,Albirex Niigata,Kashima Antlers,2,4,2,0,1.0
2017-09-10,Vegalta Sendai,Sagan Tosu,Vegalta Sendai,Sagan Tosu,4,1,2,0,1.0
2017-09-09,Urawa Reds,Kashiwa Reysol,Urawa Red Diamonds,Kashiwa Reysol,1,2,0,0,0.86
2017-09-09,Kofu,Shimizu S-Pulse,Ventforet Kofu,Shimizu S-Pulse,0,1,0,0,0.7352941176470589
2017-09-09,Kawasaki Frontale,Yokohama F. Marinos,Kawasaki Frontale,Yokohama F. Marinos,3,0,1,0,1.0
2017-09-09,Kashima Antlers,Omiya Ardija,Kashima Antlers,Omiya Ardija,1,0,1,0,1.0
2017-09-09,Hokkaido Consadole Sapporo,Iwata,Consadole Sapporo,Jubilo Iwata,2,1,1,1,0.7125
2017-09-09,Gamba Osaka,Vissel Kobe,Gamba Osaka,Vissel Kobe,1,2,0,1,1.0
2017-09-09,FC Tokyo,Cerezo Osaka,FC Tokyo,Cerezo Osaka,1,4,0,2,1.0
2017-09-09,Albirex Niigata,Sanfrecce Hiroshima,Albirex Niigata,Sanfrecce Hiroshima,0,0,0,0,1.0
2017-08-27,Shimizu S-Pulse,Urawa Reds,Shimizu S-Pulse,Urawa Red Diamonds,1,2,1,0,0.86
2017-08-27,Kofu,Kawasaki Frontale,Ventforet Kofu,Kawasaki Frontale,2,2,0,1,0.7352941176470589
2017-08-26,Yokohama F. Marinos,FC Tokyo,Yokohama F. Marinos,FC Tokyo,1,0,0,0,1.0
2017-08-26,Sagan Tosu,Gamba Osaka,Sagan Tosu,Gamba Osaka,1,3,0,0,1.0
2017-08-26,Omiya Ardija,Sanfrecce Hiroshima,Omiya Ardija,Sanfrecce Hiroshima,1,1,0,0,1.0
2017-08-26,Kashiwa Reysol,Albirex Niigata,Kashiwa Reysol,Albirex Niigata,1,1,1,1,1.0
2017-08-26,Iwata,Vissel Kobe,Jubilo Iwata,Vissel Kobe,2,1,0,0,0.8125
2017-08-26,Hokkaido Consadole Sapporo,Vegalta Sendai,Consadole Sapporo,Vegalta Sendai,1,0,0,0,0.9
2017-08-26,Cerezo Osaka,Kashima Antlers,Cerezo Osaka,Kashima Antlers,0,1,0,0,1.0
2017-08-20,Vissel Kobe,Yokohama F. Marinos,Vissel Kobe,Yokohama F. Marinos,0,0,0,0,1.0
2017-08-19,Urawa Reds,FC Tokyo,Urawa Red Diamonds,FC Tokyo,2,1,2,1,0.86
2017-08-19,Sanfrecce Hiroshima,Kofu,Sanfrecce Hiroshima,Ventforet Kofu,1,0,0,0,0.7352941176470589
2017-08-19,Sagan Tosu,Omiya Ardija,Sagan Tosu,Omiya Ardija,3,0,1,0,1.0
2017-08-19,Kashima Antlers,Shimizu S-Pulse,Kashima Antlers,Shimizu S-Pulse,2,0,1,0,1.0
2017-08-19,Iwata,Cerezo Osaka,Jubilo Iwata,Cerezo Osaka,1,1,0,1,0.8125
2017-08-19,Gamba Osaka,Kashiwa Reysol,Gamba Osaka,Kashiwa Reysol,0,1,0,0,1.0
2017-08-19,Albirex Niigata,Vegalta Sendai,Albirex Niigata,Vegalta Sendai,1,2,1,0,1.0
2017-08-13,Yokohama F. Marinos,Sagan Tosu,Yokohama F. Marinos,Sagan Tosu,1,0,1,0,1.0
2017-08-13,Vegalta Sendai,Sanfrecce Hiroshima,Vegalta Sendai,Sanfrecce Hiroshima,1,0,0,0,1.0
2017-08-13,Shimizu S-Pulse,Kashiwa Reysol,Shimizu S-Pulse,Kashiwa Reysol,1,4,0,1,1.0
2017-08-13,Omiya Ardija,Albirex Niigata,Omiya Ardija,Albirex Niigata,1,0,0,0,1.0
2017-08-13,Kawasaki Frontale,Kashima Antlers,Kawasaki Frontale,Kashima Antlers,3,1,1,0,1.0
2017-08-13,Hokkaido Consadole Sapporo,Kofu,Consadole Sapporo,Ventforet Kofu,1,1,1,0,0.6352941176470588
2017-08-13,Gamba Osaka,Iwata,Gamba Osaka,Jubilo Iwata,0,2,0,1,0.8125
2017-08-13,FC Tokyo,Vissel Kobe,FC Tokyo,Vissel Kobe,1,0,0,0,1.0
2017-08-09,Vissel Kobe,Kashima Antlers,Vissel Kobe,Kashima Antlers,1,2,0,0,1.0
2017-08-09,Vegalta Sendai,Iwata,Vegalta Sendai,Jubilo Iwata,0,0,0,0,0.8125
2017-08-09,Shimizu S-Pulse,Cerezo Osaka,Shimizu S-Pulse,Cerezo Osaka,3,2,0,2,1.0
2017-08-09,Sanfrecce Hiroshima,Gamba Osaka,Sanfrecce Hiroshima,Gamba Osaka,2,2,1,0,1.0
2017-08-09,Omiya Ardija,FC Tokyo,Omiya Ardija,FC Tokyo,1,2,0,1,1.0
2017-08-09,Kofu,Urawa Reds,Ventforet Kofu,Urawa Red Diamonds,0,1,0,1,0.5952941176470588
2017-08-09,Kashiwa Reysol,Sagan Tosu,Kashiwa Reysol,Sagan Tosu,0,0,0,0,1.0
2017-08-09,Hokkaido Consadole Sapporo,Yokohama F. Marinos,Consadole Sapporo,Yokohama F. Marinos,0,2,0,0,0.9
2017-08-09,Albirex Niigata,Kawasaki Frontale,Albirex Niigata,Kawasaki Frontale,0,2,0,1,1.0
2017-08-05,Urawa Reds,Omiya Ardija,Urawa Red Diamonds,Omiya Ardija,2,2,1,0,0.86
2017-08-05,Sagan Tosu,Shimizu S-Pulse,Sagan Tosu,Shimizu S-Pulse,2,1,2,0,1.0
2017-08-05,Kofu,Gamba Osaka,Ventforet Kofu,Gamba Osaka,1,0,0,0,0.7352941176470589
2017-08-05,Kawasaki Frontale,FC Tokyo,Kawasaki Frontale,FC Tokyo,1,1,0,0,1.0
2017-08-05,Kashiwa Reysol,Vissel Kobe,Kashiwa Reysol,Vissel Kobe,3,1,0,1,1.0
2017-08-05,Kashima Antlers,Vegalta Sendai,Kashima Antlers,Vegalta Sendai,2,0,1,0,1.0
2017-08-05,Iwata,Sanfrecce Hiroshima,Jubilo Iwata,Sanfrecce Hiroshima,2,3,2,1,0.8125
2017-08-05,Cerezo Osaka,Hokkaido Consadole Sapporo,Cerezo Osaka,Consadole Sapporo,3,1,3,0,0.9
2017-08-05,Albirex Niigata,Yokohama F. Marinos,Albirex Niigata,Yokohama F. Marinos,0,2,0,0,1.0
2017-07-30,Vegalta Sendai,Kashiwa Reysol,Vegalta Sendai,Kashiwa Reysol,1,1,0,0,1.0
2017-07-30,Sanfrecce Hiroshima,Sagan Tosu,Sanfrecce Hiroshima,Sagan Tosu,0,1,0,0,1.0
2017-07-30,FC Tokyo,Albirex Niigata,FC Tokyo,Albirex Niigata,1,1,0,1,1.0
2017-07-29,Yokohama F. Marinos,Shimizu S-Pulse,Yokohama F. Marinos,Shimizu S-Pulse,2,2,2,1,1.0
2017-07-29,Vissel Kobe,Omiya Ardija,Vissel Kobe,Omiya Ardija,3,1,0,0,1.0
2017-07-29,Kawasaki Frontale,Iwata,Kawasaki Frontale,Jubilo Iwata,2,5,1,2,0.8125
2017-07-29,Kashima Antlers,Kofu,Kashima Antlers,Ventforet Kofu,3,0,0,0,0.7352941176470589
2017-07-29,Hokkaido Consadole Sapporo,Urawa Reds,Consadole Sapporo,Urawa Red Diamonds,2,0,1,0,0.76
2017-07-29,Gamba Osaka,Cerezo Osaka,Gamba Osaka,Cerezo Osaka,3,1,0,0,1.0
2017-07-22,Cerezo Osaka,Urawa Reds,Cerezo Osaka,Urawa Red Diamonds,4,2,4,2,0.86
2017-07-09,Urawa Reds,Albirex Niigata,Urawa Red Diamonds,Albirex Niigata,2,1,0,1,0.86
2017-07-08,Yokohama F. Marinos,Sanfrecce Hiroshima,Yokohama F. Marinos,Sanfrecce Hiroshima,1,1,0,0,1.0
2017-07-08,Vissel Kobe,Vegalta Sendai,Vissel Kobe,Vegalta Sendai,3,0,2,0,1.0
2017-07-08,Shimizu S-Pulse,Gamba Osaka,Shimizu S-Pulse,Gamba Osaka,2,0,2,0,1.0
2017-07-08,Sagan Tosu,Kawasaki Frontale,Sagan Tosu,Kawasaki Frontale,2,3,2,0,1.0
2017-07-08,Omiya Ardija,Hokkaido Consadole Sapporo,Omiya Ardija,Consadole Sapporo,2,2,0,0,0.9
2017-07-08,Iwata,Kofu,Jubilo Iwata,Ventforet Kofu,1,0,1,0,0.5477941176470589
2017-07-08,FC Tokyo,Kashima Antlers,FC Tokyo,Kashima Antlers,2,2,1,1,1.0
2017-07-08,Cerezo Osaka,Kashiwa Reysol,Cerezo Osaka,Kashiwa Reysol,2,1,0,1,1.0
2017-07-05,Kawasaki Frontale,Urawa Reds,Kawasaki Frontale,Urawa Red Diamonds,4,1,2,0,0.86
2017-07-05,Gamba Osaka,Kashima Antlers,Gamba Osaka,Kashima Antlers,0,1,0,0,1.0
2017-07-02,Kofu,Sagan Tosu,Ventforet Kofu,Sagan Tosu,0,0,0,0,0.7352941176470589
2017-07-02,Kashiwa Reysol,Kashima Antlers,Kashiwa Reysol,Kashima Antlers,2,3,1,0,1.0
2017-07-02,Cerezo Osaka,FC Tokyo,Cerezo Osaka,FC Tokyo,3,1,0,1,1.0
2017-07-01,Vegalta Sendai,Gamba Osaka,Vegalta Sendai,Gamba Osaka,2,3,0,1,1.0
2017-07-01,Urawa Reds,Sanfrecce Hiroshima,Urawa Red Diamonds,Sanfrecce Hiroshima,4,3,2,0,0.86
2017-07-01,Omiya Ardija,Yokohama F. Marinos,Omiya Ardija,Yokohama F. Marinos,1,2,0,0,1.0
2017-07-01,Kawasaki Frontale,Vissel Kobe,Kawasaki Frontale,Vissel Kobe,5,0,2,0,1.0
2017-07-01,Hokkaido Consadole Sapporo,Shimizu S-Pulse,Consadole Sapporo,Shimizu S-Pulse,1,0,1,0,0.9
2017-07-01,Albirex Niigata,Iwata,Albirex Niigata,Jubilo Iwata,0,2,0,1,0.8125
2017-06-25,Yokohama F. Marinos,Vissel Kobe,Yokohama F. Marinos,Vissel Kobe,2,0,0,0,1.0
2017-06-25,Vegalta Sendai,Cerezo Osaka,Vegalta Sendai,Cerezo Osaka,2,4,1,2,1.0
2017-06-25,Shimizu S-Pulse,Kofu,Shimizu S-Pulse,Ventforet Kofu,1,0,0,0,0.7352941176470589
2017-06-25,Sanfrecce Hiroshima,Omiya Ardija,Sanfrecce Hiroshima,Omiya Ardija,0,3,0,0,1.0
2017-06-25,Sagan Tosu,Urawa Reds,Sagan Tosu,Urawa Red Diamonds,2,1,0,0,0.86
2017-06-25,Kashiwa Reysol,Hokkaido Consadole Sapporo,Kashiwa Reysol,Consadole Sapporo,2,1,1,0,0.9
2017-06-25,Kashima Antlers,Albirex Niigata,Kashima Antlers,Albirex Niigata,2,0,0,0,1.0
2017-06-25,Iwata,FC Tokyo,Jubilo Iwata,FC Tokyo,2,0,1,0,0.8125
2017-06-25,Gamba Osaka,Kawasaki Frontale,Gamba Osaka,Kawasaki Frontale,1,1,0,0,1.0
2017-06-18,Urawa Reds,Iwata,Urawa Red Diamonds,Jubilo Iwata,2,4,1,1,0.6725
2017-06-18,FC Tokyo,Yokohama F. Marinos,FC Tokyo,Yokohama F. Marinos,0,1,0,0,1.0
2017-06-17,Vissel Kobe,Gamba Osaka,Vissel Kobe,Gamba Osaka,0,1,0,0,1.0
2017-06-17,Sagan Tosu,Vegalta Sendai,Sagan Tosu,Vegalta Sendai,1,1,0,0,1.0
2017-06-17,Kofu,Kashiwa Reysol,Ventforet Kofu,Kashiwa Reysol,0,0,0,0,0.7352941176470589
2017-06-17,Kawasaki Frontale,Sanfrecce Hiroshima,Kawasaki Frontale,Sanfrecce Hiroshima,1,0,0,0,1.0
2017-06-17,Kashima Antlers,Hokkaido Consadole Sapporo,Kashima Antlers,Consadole Sapporo,3,0,3,0,0.9
2017-06-17,Cerezo Osaka,Shimizu S-Pulse,Cerezo Osaka,Shimizu S-Pulse,1,1,0,1,1.0
2017-06-17,Albirex Niigata,Omiya Ardija,Albirex Niigata,Omiya Ardija,1,2,0,2,1.0
2017-06-04,Yokohama F. Marinos,Kawasaki Frontale,Yokohama F. Marinos,Kawasaki Frontale,2,0,0,0,1.0
2017-06-04,Vegalta Sendai,Kofu,Vegalta Sendai,Ventforet Kofu,3,0,1,0,0.7352941176470589
2017-06-04,Shimizu S-Pulse,FC Tokyo,Shimizu S-Pulse,FC Tokyo,0,2,0,0,1.0
2017-06-04,Sanfrecce Hiroshima,Kashima Antlers,Sanfrecce Hiroshima,Kashima Antlers,1,3,0,3,1.0
2017-06-04,Omiya Ardija,Sagan Tosu,Omiya Ardija,Sagan Tosu,1,1,0,1,1.0
2017-06-04,Kashiwa Reysol,Urawa Reds,Kashiwa Reysol,Urawa Red Diamonds,1,0,1,0,0.86
2017-06-04,Iwata,Gamba Osaka,Jubilo Iwata,Gamba Osaka,3,0,2,0,0.8125
2017-06-04,Hokkaido Consadole Sapporo,Vissel Kobe,Consadole Sapporo,Vissel Kobe,1,2,1,1,0.9
2017-06-04,Cerezo Osaka,Albirex Niigata,Cerezo Osaka,Albirex Niigata,4,0,0,0,1.0
2017-05-28,Vissel Kobe,Cerezo Osaka,Vissel Kobe,Cerezo Osaka,1,2,1,1,1.0
2017-05-28,Vegalta Sendai,Albirex Niigata,Vegalta Sendai,Albirex Niigata,2,1,0,0,1.0
2017-05-28,FC Tokyo,Kofu,FC Tokyo,Ventforet Kofu,1,1,1,1,0.7352941176470589
2017-05-27,Shimizu S-Pulse,Yokohama F. Marinos,Shimizu S-Pulse,Yokohama F. Marinos,1,3,0,1,1.0
2017-05-27,Sanfrecce Hiroshima,Iwata,Sanfrecce Hiroshima,Jubilo Iwata,0,0,0,0,0.8125
2017-05-27,Sagan Tosu,Hokkaido Consadole Sapporo,Sagan Tosu,Consadole Sapporo,1,0,1,0,0.9
2017-05-27,Kashiwa Reysol,Omiya Ardija,Kashiwa Reysol,Omiya Ardija,4,2,1,1,1.0
2017-05-20,Yokohama F. Marinos,Vegalta Sendai,Yokohama F. Marinos,Vegalta Sendai,1,1,1,0,1.0
2017-05-20,Vissel Kobe,FC Tokyo,Vissel Kobe,FC Tokyo,1,1,0,1,1.0
2017-05-20,Urawa Reds,Shimizu S-Pulse,Urawa Red Diamonds,Shimizu S-Pulse,3,3,1,0,0.86
2017-05-20,Omiya Ardija,Cerezo Osaka,Omiya Ardija,Cerezo Osaka,0,3,0,0,1.0
2017-05-20,Kofu,Sanfrecce Hiroshima,Ventforet Kofu,Sanfrecce Hiroshima,1,2,1,1,0.7352941176470589
2017-05-20,Iwata,Kashiwa Reysol,Jubilo Iwata,Kashiwa Reysol,0,2,0,1,0.8125
2017-05-20,Gamba Osaka,Sagan Tosu,Gamba Osaka,Sagan Tosu,3,0,2,0,1.0
2017-05-20,Albirex Niigata,Hokkaido Consadole Sapporo,Albirex Niigata,Consadole Sapporo,1,0,0,0,0.9
2017-05-19,Kashima Antlers,Kawasaki Frontale,Kashima Antlers,Kawasaki Frontale,0,3,0,2,1.0
2017-05-14,Yokohama F. Marinos,Kofu,Yokohama F. Marinos,Ventforet Kofu,1,0,1,0,0.7352941176470589
2017-05-14,Shimizu S-Pulse,Sagan Tosu,Shimizu S-Pulse,Sagan Tosu,1,1,1,0,1.0
2017-05-14,Omiya Ardija,Vegalta Sendai,Omiya Ardija,Vegalta Sendai,2,1,0,1,1.0
2017-05-14,Kashima Antlers,Vissel Kobe,Kashima Antlers,Vissel Kobe,1,2,0,2,1.0
2017-05-14,Iwata,Kawasaki Frontale,Jubilo Iwata,Kawasaki Frontale,0,2,0,0,0.8125
2017-05-14,Hokkaido Consadole Sapporo,Gamba Osaka,Consadole Sapporo,Gamba Osaka,0,2,0,1,0.9
2017-05-14,FC Tokyo,Kashiwa Reysol,FC Tokyo,Kashiwa Reysol,1,2,0,1,1.0
2017-05-14,Cerezo Osaka,Sanfrecce Hiroshima,Cerezo Osaka,Sanfrecce Hiroshima,5,2,3,1,1.0
2017-05-14,Albirex Niigata,Urawa Reds,Albirex Niigata,Urawa Red Diamonds,1,6,1,5,0.86
2017-05-07,Vegalta Sendai,FC Tokyo,Vegalta Sendai,FC Tokyo,0,2,0,1,1.0
2017-05-07,Sagan Tosu,Yokohama F. Marinos,Sagan Tosu,Yokohama F. Marinos,1,0,1,0,1.0
2017-05-07,Kofu,Iwata,Ventforet Kofu,Jubilo Iwata,0,0,0,0,0.5477941176470589
2017-05-06,Sanfrecce Hiroshima,Vissel Kobe,Sanfrecce Hiroshima,Vissel Kobe,1,1,0,1,1.0
2017-05-06,Kashiwa Reysol,Cerezo Osaka,Kashiwa Reysol,Cerezo Osaka,1,0,0,0,1.0
2017-05-06,Hokkaido Consadole Sapporo,Omiya Ardija,Consadole Sapporo,Omiya Ardija,1,0,0,0,0.9
2017-05-05,Kawasaki Frontale,Albirex Niigata,Kawasaki Frontale,Albirex Niigata,3,0,1,0,1.0
2017-05-05,Gamba Osaka,Shimizu S-Pulse,Gamba Osaka,Shimizu S-Pulse,1,1,0,0,1.0
2017-05-04,Urawa Reds,Kashima Antlers,Urawa Red Diamonds,Kashima Antlers,0,1,0,1,0.86
2017-04-30,Yokohama F. Marinos,Gamba Osaka,Yokohama F. Marinos,Gamba Osaka,0,1,0,0,1.0
2017-04-30,Vissel Kobe,Kofu,Vissel Kobe,Ventforet Kofu,0,1,0,1,0.7352941176470589
2017-04-30,Shimizu S-Pulse,Vegalta Sendai,Shimizu S-Pulse,Vegalta Sendai,0,3,0,0,1.0
2017-04-30,Omiya Ardija,Urawa Reds,Omiya Ardija,Urawa Red Diamonds,1,0,0,0,0.86
2017-04-30,Kashima Antlers,Sagan Tosu,Kashima Antlers,Sagan Tosu,2,1,2,1,1.0
2017-04-30,Iwata,Hokkaido Consadole Sapporo,Jubilo Iwata,Consadole Sapporo,2,2,0,2,0.7125
2017-04-30,FC Tokyo,Sanfrecce Hiroshima,FC Tokyo,Sanfrecce Hiroshima,1,0,0,0,1.0
2017-04-30,Cerezo Osaka,Kawasaki Frontale,Cerezo Osaka,Kawasaki Frontale,2,0,0,0,1.0
2017-04-30,Albirex Niigata,Kashiwa Reysol,Albirex Niigata,Kashiwa Reysol,0,1,0,1,1.0
2017-04-22,Urawa Reds,Hokkaido Consadole Sapporo,Urawa Red Diamonds,Consadole Sapporo,3,2,2,1,0.76
2017-04-22,Sanfrecce Hiroshima,Vegalta Sendai,Sanfrecce Hiroshima,Vegalta Sendai,3,3,0,0,1.0
2017-04-22,Sagan Tosu,Vissel Kobe,Sagan Tosu,Vissel Kobe,1,0,1,0,1.0
2017-04-22,Kofu,Cerezo Osaka,Ventforet Kofu,Cerezo Osaka,1,1,0,0,0.7352941176470589
2017-04-22,Kashiwa Reysol,Yokohama F. Marinos,Kashiwa Reysol,Yokohama F. Marinos,2,0,2,0,1.0
2017-04-22,Kashima Antlers,Iwata,Kashima Antlers,Jubilo Iwata,0,3,0,2,0.8125
2017-04-22,Albirex Niigata,FC Tokyo,Albirex Niigata,FC Tokyo,0,3,0,1,1.0
2017-04-21,Kawasaki Frontale,Shimizu S-Pulse,Kawasaki Frontale,Shimizu S-Pulse,2,2,0,1,1.0
2017-04-21,Gamba Osaka,Omiya Ardija,Gamba Osaka,Omiya Ardija,6,0,2,0,1.0
2017-04-16,Vissel Kobe,Kashiwa Reysol,Vissel Kobe,Kashiwa Reysol,1,2,1,1,1.0
2017-04-16,Vegalta Sendai,Kashima Antlers,Vegalta Sendai,Kashima Antlers,1,4,0,3,1.0
2017-04-16,Shimizu S-Pulse,Omiya Ardija,Shimizu S-Pulse,Omiya Ardija,1,1,0,1,1.0
2017-04-16,Sanfrecce Hiroshima,Yokohama F. Marinos,Sanfrecce Hiroshima,Yokohama F. Marinos,0,1,0,1,1.0
2017-04-16,Kofu,Albirex Niigata,Ventforet Kofu,Albirex Niigata,0,2,0,1,0.7352941176470589
2017-04-16,Iwata,Sagan Tosu,Jubilo Iwata,Sagan Tosu,2,1,0,0,0.8125
2017-04-16,Hokkaido Consadole Sapporo,Kawasaki Frontale,Consadole Sapporo,Kawasaki Frontale,1,1,0,0,0.9
2017-04-16,FC Tokyo,Urawa Reds,FC Tokyo,Urawa Red Diamonds,0,1,0,1,0.86
2017-04-16,Cerezo Osaka,Gamba Osaka,Cerezo Osaka,Gamba Osaka,2,2,0,0,1.0
2017-04-08,Yokohama F. Marinos,Iwata,Yokohama F. Marinos,Jubilo Iwata,2,1,1,1,0.8125
2017-04-08,Sagan Tosu,Albirex Niigata,Sagan Tosu,Albirex Niigata,3,0,1,0,1.0
2017-04-08,Omiya Ardija,Vissel Kobe,Omiya Ardija,Vissel Kobe,0,2,0,1,1.0
2017-04-08,Kawasaki Frontale,Kofu,Kawasaki Frontale,Ventforet Kofu,1,1,0,0,0.7352941176470589
2017-04-08,Kashiwa Reysol,Shimizu S-Pulse,Kashiwa Reysol,Shimizu S-Pulse,0,2,0,0,1.0
2017-04-08,Kashima Antlers,Cerezo Osaka,Kashima Antlers,Cerezo Osaka,0,1,0,0,1.0
2017-04-08,Hokkaido Consadole Sapporo,FC Tokyo,Consadole Sapporo,FC Tokyo,2,1,1,1,0.9
2017-04-07,Urawa Reds,Vegalta Sendai,Urawa Red Diamonds,Vegalta Sendai,7,0,4,0,0.86
2017-04-07,Gamba Osaka,Sanfrecce Hiroshima,Gamba Osaka,Sanfrecce Hiroshima,0,1,0,0,1.0
2017-04-02,Kofu,Hokkaido Consadole Sapporo,Ventforet Kofu,Consadole Sapporo,2,0,1,0,0.6352941176470588
2017-04-01,Vissel Kobe,Urawa Reds,Vissel Kobe,Urawa Red Diamonds,1,3,0,0,0.86
2017-04-01,Vegalta Sendai,Kawasaki Frontale,Vegalta Sendai,Kawasaki Frontale,0,2,0,1,1.0
2017-04-01,Sanfrecce Hiroshima,Kashiwa Reysol,Sanfrecce Hiroshima,Kashiwa Reysol,0,2,0,1,1.0
2017-04-01,Omiya Ardija,Kashima Antlers,Omiya Ardija,Kashima Antlers,0,1,0,0,1.0
2017-04-01,Iwata,Shimizu S-Pulse,Jubilo Iwata,Shimizu S-Pulse,3,1,2,0,0.8125
2017-04-01,FC Tokyo,Sagan Tosu,FC Tokyo,Sagan Tosu,3,3,0,1,1.0
2017-04-01,Cerezo Osaka,Yokohama F. Marinos,Cerezo Osaka,Yokohama F. Marinos,2,0,0,0,1.0
2017-04-01,Albirex Niigata,Gamba Osaka,Albirex Niigata,Gamba Osaka,2,3,1,1,1.0
2017-03-19,Gamba Osaka,Urawa Reds,Gamba Osaka,Urawa Red Diamonds,1,1,0,0,0.86
2017-03-18,Yokohama F. Marinos,Albirex Niigata,Yokohama F. Marinos,Albirex Niigata,1,1,1,1,1.0
2017-03-18,Vissel Kobe,Iwata,Vissel Kobe,Jubilo Iwata,1,0,0,0,0.8125
2017-03-18,Shimizu S-Pulse,Kashima Antlers,Shimizu S-Pulse,Kashima Antlers,2,3,1,0,1.0
2017-03-18,Kofu,Omiya Ardija,Ventforet Kofu,Omiya Ardija,1,0,0,0,0.7352941176470589
2017-03-18,Kashiwa Reysol,Vegalta Sendai,Kashiwa Reysol,Vegalta Sendai,0,1,0,0,1.0
2017-03-18,FC Tokyo,Kawasaki Frontale,FC Tokyo,Kawasaki Frontale,3,0,0,0,1.0
2017-03-18,Cerezo Osaka,Sagan Tosu,Cerezo Osaka,Sagan Tosu,1,0,0,0,1.0
2017-03-11,Vegalta Sendai,Vissel Kobe,Vegalta Sendai,Vissel Kobe,0,2,0,0,1.0
2017-03-11,Sagan Tosu,Sanfrecce Hiroshima,Sagan Tosu,Sanfrecce Hiroshima,1,0,1,0,1.0
2017-03-11,Omiya Ardija,Iwata,Omiya Ardija,Jubilo Iwata,1,2,0,1,0.8125
2017-03-11,Hokkaido Consadole Sapporo,Cerezo Osaka,Consadole Sapporo,Cerezo Osaka,1,1,0,1,0.9
2017-03-11,Gamba Osaka,FC Tokyo,Gamba Osaka,FC Tokyo,3,0,1,0,1.0
2017-03-11,Albirex Niigata,Shimizu S-Pulse,Albirex Niigata,Shimizu S-Pulse,0,2,0,0,1.0
2017-03-10,Urawa Reds,Kofu,Urawa Red Diamonds,Ventforet Kofu,4,1,0,0,0.5952941176470588
2017-03-10,Kawasaki Frontale,Kashiwa Reysol,Kawasaki Frontale,Kashiwa Reysol,2,1,2,0,1.0
2017-03-10,Kashima Antlers,Yokohama F. Marinos,Kashima Antlers,Yokohama F. Marinos,1,0,0,0,1.0
2017-03-05,Kawasaki Frontale,Sagan Tosu,Kawasaki Frontale,Sagan Tosu,1,1,1,1,1.0
2017-03-05,Kashiwa Reysol,Gamba Osaka,Kashiwa Reysol,Gamba Osaka,1,3,0,1,1.0
2017-03-04,Yokohama F. Marinos,Hokkaido Consadole Sapporo,Yokohama F. Marinos,Consadole Sapporo,3,0,0,0,0.9
2017-03-04,Vissel Kobe,Albirex Niigata,Vissel Kobe,Albirex Niigata,2,1,1,0,1.0
2017-03-04,Urawa Reds,Cerezo Osaka,Urawa Red Diamonds,Cerezo Osaka,3,1,2,0,0.86
2017-03-04,Sanfrecce Hiroshima,Shimizu S-Pulse,Sanfrecce Hiroshima,Shimizu S-Pulse,0,1,0,0,1.0
2017-03-04,Kofu,Kashima Antlers,Ventforet Kofu,Kashima Antlers,0,1,0,0,0.7352941176470589
2017-03-04,Iwata,Vegalta Sendai,Jubilo Iwata,Vegalta Sendai,0,1,0,0,0.8125
2017-03-04,FC Tokyo,Omiya Ardija,FC Tokyo,Omiya Ardija,2,0,0,0,1.0
2017-02-26,Gamba Osaka,Kofu,Gamba Osaka,Ventforet Kofu,1,1,0,0,0.7352941176470589
2017-02-25,Yokohama F. Marinos,Urawa Reds,Yokohama F. Marinos,Urawa Red Diamonds,3,2,1,0,0.86
2017-02-25,Vegalta Sendai,Hokkaido Consadole Sapporo,Vegalta Sendai,Consadole Sapporo,1,0,0,0,0.9
2017-02-25,Shimizu S-Pulse,Vissel Kobe,Shimizu S-Pulse,Vissel Kobe,0,1,0,0,1.0
2017-02-25,Sanfrecce Hiroshima,Albirex Niigata,Sanfrecce Hiroshima,Albirex Niigata,1,1,0,0,1.0
2017-02-25,Sagan Tosu,Kashiwa Reysol,Sagan Tosu,Kashiwa Reysol,1,3,1,0,1.0
2017-02-25,Omiya Ardija,Kawasaki Frontale,Omiya Ardija,Kawasaki Frontale,0,2,0,0,1.0
2017-02-25,Kashima Antlers,FC Tokyo,Kashima Antlers,FC Tokyo,0,1,0,0,1.0
2017-02-25,Cerezo Osaka,Iwata,Cerezo Osaka,Jubilo Iwata,0,0,0,0,0.8125
2016-12-03,Urawa Reds,Kashima Antlers,Urawa Red Diamonds,Kashima Antlers,1,2,1,1,0.86
2016-11-29,Kashima Antlers,Urawa Reds,Kashima Antlers,Urawa Red Diamonds,0,1,0,0,0.86
2016-11-23,Kawasaki Frontale,Kashima Antlers,Kawasaki Frontale,Kashima Antlers,0,1,0,0,1.0
2016-11-03,Vegalta Sendai,Iwata,Vegalta Sendai,Jubilo Iwata,0,1,0,1,0.8125
2016-11-03,Urawa Reds,Yokohama F. Marinos,Urawa Red Diamonds,Yokohama F. Marinos,1,1,0,0,0.86
2016-11-03,Omiya Ardija,FC Tokyo,Omiya Ardija,FC Tokyo,0,1,0,1,1.0
2016-11-03,Nagoya Grampus,Shonan Bellmare,Nagoya Grampus,Shonan Bellmare,1,3,0,2,1.0
2016-11-03,Kofu,Sagan Tosu,Ventforet Kofu,Sagan Tosu,0,1,0,0,0.7352941176470589
2016-11-03,Kawasaki Frontale,Gamba Osaka,Kawasaki Frontale,Gamba Osaka,2,3,2,0,1.0
2016-11-03,Kashima Antlers,Vissel Kobe,Kashima Antlers,Vissel Kobe,0,1,0,0,1.0
2016-11-03,Avispa Fukuoka,Kashiwa Reysol,Avispa Fukuoka,Kashiwa Reysol,0,4,0,1,1.0
2016-11-03,Albirex Niigata,Sanfrecce Hiroshima,Albirex Niigata,Sanfrecce Hiroshima,0,1,0,1,1.0
2016-10-29,Vissel Kobe,Nagoya Grampus,Vissel Kobe,Nagoya Grampus,3,0,2,0,1.0
2016-10-29,Shonan Bellmare,Kofu,Shonan Bellmare,Ventforet Kofu,1,0,0,0,0.7352941176470589
2016-10-29,Sanfrecce Hiroshima,Avispa Fukuoka,Sanfrecce Hiroshima,Avispa Fukuoka,4,1,2,0,1.0
2016-10-29,Sagan Tosu,Yokohama F. Marinos,Sagan Tosu,Yokohama F. Marinos,2,2,1,0,1.0
2016-10-29,Kashiwa Reysol,Omiya Ardija,Kashiwa Reysol,Omiya Ardija,1,2,0,2,1.0
2016-10-29,Kashima Antlers,Kawasaki Frontale,Kashima Antlers,Kawasaki Frontale,0,1,0,0,1.0
2016-10-29,Iwata,Urawa Reds,Jubilo Iwata,Urawa Red Diamonds,0,1,0,0,0.6725
2016-10-29,Gamba Osaka,Albirex Niigata,Gamba Osaka,Albirex Niigata,3,1,1,1,1.0
2016-10-29,FC Tokyo,Vegalta Sendai,FC Tokyo,Vegalta Sendai,1,0,1,0,1.0
2016-10-22,Yokohama F. Marinos,Gamba Osaka,Yokohama F. Marinos,Gamba Osaka,2,2,1,1,1.0
2016-10-22,Vegalta Sendai,Vissel Kobe,Vegalta Sendai,Vissel Kobe,3,0,2,0,1.0
2016-10-22,Omiya Ardija,Shonan Bellmare,Omiya Ardija,Shonan Bellmare,3,2,2,0,1.0
2016-10-22,Nagoya Grampus,Iwata,Nagoya Grampus,Jubilo Iwata,1,1,1,0,0.8125
2016-10-22,Kawasaki Frontale,Sanfrecce Hiroshima,Kawasaki Frontale,Sanfrecce Hiroshima,2,0,0,0,1.0
2016-10-22,Kashiwa Reysol,Sagan Tosu,Kashiwa Reysol,Sagan Tosu,2,3,0,2,1.0
2016-10-22,FC Tokyo,Kashima Antlers,FC Tokyo,Kashima Antlers,2,1,1,0,1.0
2016-10-22,Avispa Fukuoka,Kofu,Avispa Fukuoka,Ventforet Kofu,1,2,1,0,0.7352941176470589
2016-10-22,Albirex Niigata,Urawa Reds,Albirex Niigata,Urawa Red Diamonds,1,2,1,1,0.86
2016-10-01,Vissel Kobe,Kawasaki Frontale,Vissel Kobe,Kawasaki Frontale,3,0,1,0,1.0
2016-10-01,Urawa Reds,Gamba Osaka,Urawa Red Diamonds,Gamba Osaka,4,0,1,0,0.86
2016-10-01,Shonan Bellmare,Kashiwa Reysol,Shonan Bellmare,Kashiwa Reysol,0,0,0,0,1.0
2016-10-01,Sanfrecce Hiroshima,FC Tokyo,Sanfrecce Hiroshima,FC Tokyo,0,1,0,0,1.0
2016-10-01,Sagan Tosu,Vegalta Sendai,Sagan Tosu,Vegalta Sendai,2,3,0,1,1.0
2016-10-01,Nagoya Grampus,Avispa Fukuoka,Nagoya Grampus,Avispa Fukuoka,5,0,2,0,1.0
2016-10-01,Kofu,Yokohama F. Marinos,Ventforet Kofu,Yokohama F. Marinos,0,4,0,1,0.7352941176470589
2016-10-01,Kashima Antlers,Omiya Ardija,Kashima Antlers,Omiya Ardija,1,3,0,2,1.0
2016-10-01,Iwata,Albirex Niigata,Jubilo Iwata,Albirex Niigata,1,2,1,1,0.8125
2016-09-25,Vegalta Sendai,Nagoya Grampus,Vegalta Sendai,Nagoya Grampus,1,2,0,1,1.0
2016-09-25,Urawa Reds,Sanfrecce Hiroshima,Urawa Red Diamonds,Sanfrecce Hiroshima,3,0,1,0,0.86
2016-09-25,Omiya Ardija,Sagan Tosu,Omiya Ardija,Sagan Tosu,1,1,0,1,1.0
2016-09-25,Kawasaki Frontale,Yokohama F. Marinos,Kawasaki Frontale,Yokohama F. Marinos,3,2,1,0,1.0
2016-09-25,Kashiwa Reysol,Kofu,Kashiwa Reysol,Ventforet Kofu,1,0,0,0,0.7352941176470589
2016-09-25,Iwata,Shonan Bellmare,Jubilo Iwata,Shonan Bellmare,0,0,0,0,0.8125
2016-09-25,Gamba Osaka,FC Tokyo,Gamba Osaka,FC Tokyo,3,3,2,2,1.0
2016-09-25,Avispa Fukuoka,Vissel Kobe,Avispa Fukuoka,Vissel Kobe,1,4,0,1,1.0
2016-09-25,Albirex Niigata,Kashima Antlers,Albirex Niigata,Kashima Antlers,0,2,0,0,1.0
2016-09-17,Yokohama F. Marinos,Albirex Niigata,Yokohama F. Marinos,Albirex Niigata,3,1,1,0,1.0
2016-09-17,Vissel Kobe,Kashiwa Reysol,Vissel Kobe,Kashiwa Reysol,1,1,0,1,1.0
2016-09-17,Shonan Bellmare,Avispa Fukuoka,Shonan Bellmare,Avispa Fukuoka,0,2,0,2,1.0
2016-09-17,Sagan Tosu,Sanfrecce Hiroshima,Sagan Tosu,Sanfrecce Hiroshima,2,3,0,1,1.0
2016-09-17,Nagoya Grampus,Gamba Osaka,Nagoya Grampus,Gamba Osaka,1,3,1,1,1.0
2016-09-17,Kofu,Vegalta Sendai,Ventforet Kofu,Vegalta Sendai,1,1,1,1,0.7352941176470589
2016-09-17,Kashima Antlers,Iwata,Kashima Antlers,Jubilo Iwata,3,0,1,0,0.8125
2016-09-17,FC Tokyo,Urawa Reds,FC Tokyo,Urawa Red Diamonds,1,3,0,0,0.86
2016-09-10,Vegalta Sendai,Yokohama F. Marinos,Vegalta Sendai,Yokohama F. Marinos,0,1,0,0,1.0
2016-09-10,Urawa Reds,Sagan Tosu,Urawa Red Diamonds,Sagan Tosu,2,0,2,0,0.86
2016-09-10,Sanfrecce Hiroshima,Omiya Ardija,Sanfrecce Hiroshima,Omiya Ardija,0,1,0,0,1.0
2016-09-10,Kawasaki Frontale,Avispa Fukuoka,Kawasaki Frontale,Avispa Fukuoka,3,1,1,0,1.0
2016-09-10,Kashiwa Reysol,Kashima Antlers,Kashiwa Reysol,Kashima Antlers,2,0,0,0,1.0
2016-09-10,Iwata,Vissel Kobe,Jubilo Iwata,Vissel Kobe,3,4,1,1,0.8125
2016-09-10,Gamba Osaka,Kofu,Gamba Osaka,Ventforet Kofu,2,1,1,1,0.7352941176470589
2016-09-10,FC Tokyo,Shonan Bellmare,FC Tokyo,Shonan Bellmare,3,0,1,0,1.0
2016-09-10,Albirex Niigata,Nagoya Grampus,Albirex Niigata,Nagoya Grampus,0,1,0,1,1.0
2016-08-27,Yokohama F. Marinos,Kashima Antlers,Yokohama F. Marinos,Kashima Antlers,2,2,1,1,1.0
2016-08-27,Vegalta Sendai,Sanfrecce Hiroshima,Vegalta Sendai,Sanfrecce Hiroshima,0,2,0,1,1.0
2016-08-27,Shonan Bellmare,Gamba Osaka,Shonan Bellmare,Gamba Osaka,1,2,1,1,1.0
2016-08-27,Sagan Tosu,Albirex Niigata,Sagan Tosu,Albirex Niigata,1,0,0,0,1.0
2016-08-27,Nagoya Grampus,FC Tokyo,Nagoya Grampus,FC Tokyo,1,1,1,0,1.0
2016-08-27,Kofu,Omiya Ardija,Ventforet Kofu,Omiya Ardija,2,2,1,1,0.7352941176470589
2016-08-27,Kawasaki Frontale,Kashiwa Reysol,Kawasaki Frontale,Kashiwa Reysol,2,5,1,4,1.0
2016-08-24,Avispa Fukuoka,Iwata,Avispa Fukuoka,Jubilo Iwata,2,3,1,1,0.8125
2016-08-20,Urawa Reds,Kawasaki Frontale,Urawa Red Diamonds,Kawasaki Frontale,1,2,1,1,0.86
2016-08-20,Sanfrecce Hiroshima,Kofu,Sanfrecce Hiroshima,Ventforet Kofu,0,1,0,0,0.7352941176470589
2016-08-20,Omiya Ardija,Vegalta Sendai,Omiya Ardija,Vegalta Sendai,2,1,1,0,1.0
2016-08-20,Kashiwa Reysol,Nagoya Grampus,Kashiwa Reysol,Nagoya Grampus,3,1,0,0,1.0
2016-08-20,Kashima Antlers,Shonan Bellmare,Kashima Antlers,Shonan Bellmare,1,0,0,0,1.0
2016-08-20,Iwata,Sagan Tosu,Jubilo Iwata,Sagan Tosu,1,1,0,1,0.8125
2016-08-20,Gamba Osaka,Vissel Kobe,Gamba Osaka,Vissel Kobe,0,1,0,1,1.0
2016-08-20,FC Tokyo,Yokohama F. Marinos,FC Tokyo,Yokohama F. Marinos,1,0,1,0,1.0
2016-08-20,Albirex Niigata,Avispa Fukuoka,Albirex Niigata,Avispa Fukuoka,3,0,0,0,1.0
2016-08-14,Avispa Fukuoka,Kashima Antlers,Avispa Fukuoka,Kashima Antlers,1,2,0,1,1.0
2016-08-13,Yokohama F. Marinos,Omiya Ardija,Yokohama F. Marinos,Omiya Ardija,1,1,0,0,1.0
2016-08-13,Vissel Kobe,FC Tokyo,Vissel Kobe,FC Tokyo,4,1,0,1,1.0
2016-08-13,Vegalta Sendai,Kashiwa Reysol,Vegalta Sendai,Kashiwa Reysol,4,2,2,1,1.0
2016-08-13,Shonan Bellmare,Sanfrecce Hiroshima,Shonan Bellmare,Sanfrecce Hiroshima,1,2,1,1,1.0
2016-08-13,Sagan Tosu,Kawasaki Frontale,Sagan Tosu,Kawasaki Frontale,1,0,0,0,1.0
2016-08-13,Nagoya Grampus,Urawa Reds,Nagoya Grampus,Urawa Red Diamonds,0,2,0,1,0.86
2016-08-13,Kofu,Albirex Niigata,Ventforet Kofu,Albirex Niigata,1,0,1,0,0.7352941176470589
2016-08-13,Iwata,Gamba Osaka,Jubilo Iwata,Gamba Osaka,0,2,0,0,0.8125
2016-08-06,Urawa Reds,Shonan Bellmare,Urawa Red Diamonds,Shonan Bellmare,4,1,2,1,0.86
2016-08-06,Sanfrecce Hiroshima,Nagoya Grampus,Sanfrecce Hiroshima,Nagoya Grampus,2,0,2,0,1.0
2016-08-06,Omiya Ardija,Avispa Fukuoka,Omiya Ardija,Avispa Fukuoka,1,0,0,0,1.0
2016-08-06,Kawasaki Frontale,Kofu,Kawasaki Frontale,Ventforet Kofu,4,0,1,0,0.7352941176470589
2016-08-06,Kashiwa Reysol,Yokohama F. Marinos,Kashiwa Reysol,Yokohama F. Marinos,1,2,0,0,1.0
2016-08-06,Kashima Antlers,Vegalta Sendai,Kashima Antlers,Vegalta Sendai,0,1,0,1,1.0
2016-08-06,Gamba Osaka,Sagan Tosu,Gamba Osaka,Sagan Tosu,2,1,0,0,1.0
2016-08-06,FC Tokyo,Iwata,FC Tokyo,Jubilo Iwata,3,2,1,1,0.8125
2016-08-06,Albirex Niigata,Vissel Kobe,Albirex Niigata,Vissel Kobe,1,0,1,0,1.0
2016-07-30,Yokohama F. Marinos,Nagoya Grampus,Yokohama F. Marinos,Nagoya Grampus,0,0,0,0,1.0
2016-07-30,Vissel Kobe,Omiya Ardija,Vissel Kobe,Omiya Ardija,1,0,0,0,1.0
2016-07-30,Shonan Bellmare,Kawasaki Frontale,Shonan Bellmare,Kawasaki Frontale,2,3,0,1,1.0
2016-07-30,Sagan Tosu,Kashima Antlers,Sagan Tosu,Kashima Antlers,1,0,1,0,1.0
2016-07-30,Kofu,Urawa Reds,Ventforet Kofu,Urawa Red Diamonds,0,2,0,2,0.5952941176470588
2016-07-30,Iwata,Kashiwa Reysol,Jubilo Iwata,Kashiwa Reysol,1,2,1,0,0.8125
2016-07-30,Gamba Osaka,Sanfrecce Hiroshima,Gamba Osaka,Sanfrecce Hiroshima,1,0,0,0,1.0
2016-07-30,Avispa Fukuoka,Vegalta Sendai,Avispa Fukuoka,Vegalta Sendai,1,1,0,1,1.0
2016-07-30,Albirex Niigata,FC Tokyo,Albirex Niigata,FC Tokyo,0,1,0,0,1.0
2016-07-23,Yokohama F. Marinos,Iwata,Yokohama F. Marinos,Jubilo Iwata,1,1,1,0,0.8125
2016-07-23,Vegalta Sendai,Shonan Bellmare,Vegalta Sendai,Shonan Bellmare,1,0,0,0,1.0
2016-07-23,Sanfrecce Hiroshima,Vissel Kobe,Sanfrecce Hiroshima,Vissel Kobe,2,0,1,0,1.0
2016-07-23,Omiya Ardija,Albirex Niigata,Omiya Ardija,Albirex Niigata,1,2,1,0,1.0
2016-07-23,Kawasaki Frontale,FC Tokyo,Kawasaki Frontale,FC Tokyo,1,0,0,0,1.0
2016-07-23,Kashiwa Reysol,Gamba Osaka,Kashiwa Reysol,Gamba Osaka,3,2,2,2,1.0
2016-07-23,Kashima Antlers,Urawa Reds,Kashima Antlers,Urawa Red Diamonds,1,2,0,0,0.86
2016-07-23,Avispa Fukuoka,Sagan Tosu,Avispa Fukuoka,Sagan Tosu,2,3,0,0,1.0
2016-07-17,Vissel Kobe,Shonan Bellmare,Vissel Kobe,Shonan Bellmare,2,0,1,0,1.0
2016-07-17,Urawa Reds,Omiya Ardija,Urawa Red Diamonds,Omiya Ardija,2,2,1,1,0.86
2016-07-17,Sanfrecce Hiroshima,Yokohama F. Marinos,Sanfrecce Hiroshima,Yokohama F. Marinos,2,2,0,1,1.0
2016-07-17,Sagan Tosu,Nagoya Grampus,Sagan Tosu,Nagoya Grampus,0,0,0,0,1.0
2016-07-17,Kofu,Kashima Antlers,Ventforet Kofu,Kashima Antlers,3,3,1,2,0.7352941176470589
2016-07-17,Iwata,Kawasaki Frontale,Jubilo Iwata,Kawasaki Frontale,1,1,0,0,0.8125
2016-07-17,Gamba Osaka,Avispa Fukuoka,Gamba Osaka,Avispa Fukuoka,0,0,0,0,1.0
2016-07-17,FC Tokyo,Kashiwa Reysol,FC Tokyo,Kashiwa Reysol,0,1,0,0,1.0
2016-07-17,Albirex Niigata,Vegalta Sendai,Albirex Niigata,Vegalta Sendai,1,2,0,0,1.0
2016-07-13,Yokohama F. Marinos,Vissel Kobe,Yokohama F. Marinos,Vissel Kobe,3,2,0,1,1.0
2016-07-13,Vegalta Sendai,Urawa Reds,Vegalta Sendai,Urawa Red Diamonds,0,1,0,0,0.86
2016-07-13,Shonan Bellmare,Sagan Tosu,Shonan Bellmare,Sagan Tosu,0,2,0,1,1.0
2016-07-13,Omiya Ardija,Gamba Osaka,Omiya Ardija,Gamba Osaka,0,0,0,0,1.0
2016-07-13,Kofu,Iwata,Ventforet Kofu,Jubilo Iwata,0,0,0,0,0.5477941176470589
2016-07-13,Kashiwa Reysol,Sanfrecce Hiroshima,Kashiwa Reysol,Sanfrecce Hiroshima,3,3,1,3,1.0
2016-07-13,Kashima Antlers,Nagoya Grampus,Kashima Antlers,Nagoya Grampus,3,0,2,0,1.0
2016-07-13,Avispa Fukuoka,FC Tokyo,Avispa Fukuoka,FC Tokyo,2,1,0,0,1.0
2016-07-09,Yokohama F. Marinos,Avispa Fukuoka,Yokohama F. Marinos,Avispa Fukuoka,3,0,1,0,1.0
2016-07-09,Vissel Kobe,Sagan Tosu,Vissel Kobe,Sagan Tosu,2,2,1,1,1.0
2016-07-09,Urawa Reds,Kashiwa Reysol,Urawa Red Diamonds,Kashiwa Reysol,2,0,1,0,0.86
2016-07-09,Nagoya Grampus,Kawasaki Frontale,Nagoya Grampus,Kawasaki Frontale,0,3,0,1,1.0
2016-07-09,Iwata,Omiya Ardija,Jubilo Iwata,Omiya Ardija,1,1,0,0,0.8125
2016-07-09,Gamba Osaka,Vegalta Sendai,Gamba Osaka,Vegalta Sendai,3,1,1,0,1.0
2016-07-09,FC Tokyo,Kofu,FC Tokyo,Ventforet Kofu,1,0,1,0,0.7352941176470589
2016-07-09,Albirex Niigata,Shonan Bellmare,Albirex Niigata,Shonan Bellmare,0,1,0,1,1.0
2016-07-02,Vegalta Sendai,Kawasaki Frontale,Vegalta Sendai,Kawasaki Frontale,0,3,0,2,1.0
2016-07-02,Shonan Bellmare,Yokohama F. Marinos,Shonan Bellmare,Yokohama F. Marinos,0,3,0,1,1.0
2016-07-02,Sanfrecce Hiroshima,Iwata,Sanfrecce Hiroshima,Jubilo Iwata,3,0,2,0,0.8125
2016-07-02,Sagan Tosu,FC Tokyo,Sagan Tosu,FC Tokyo,3,2,0,1,1.0
2016-07-02,Omiya Ardija,Nagoya Grampus,Omiya Ardija,Nagoya Grampus,1,0,0,0,1.0
2016-07-02,Kofu,Vissel Kobe,Ventforet Kofu,Vissel Kobe,0,3,0,3,0.7352941176470589
2016-07-02,Kashiwa Reysol,Albirex Niigata,Kashiwa Reysol,Albirex Niigata,1,0,0,0,1.0
2016-07-02,Kashima Antlers,Gamba Osaka,Kashima Antlers,Gamba Osaka,1,3,1,1,1.0
2016-07-02,Avispa Fukuoka,Urawa Reds,Avispa Fukuoka,Urawa Red Diamonds,1,2,1,1,0.86
2016-06-25,Yokohama F. Marinos,FC Tokyo,Yokohama F. Marinos,FC Tokyo,0,1,0,0,1.0
2016-06-25,Urawa Reds,Vissel Kobe,Urawa Red Diamonds,Vissel Kobe,3,1,2,0,0.86
2016-06-25,Kofu,Sanfrecce Hiroshima,Ventforet Kofu,Sanfrecce Hiroshima,0,3,0,1,0.7352941176470589
2016-06-25,Kawasaki Frontale,Omiya Ardija,Kawasaki Frontale,Omiya Ardija,2,0,1,0,1.0
2016-06-25,Kashiwa Reysol,Shonan Bellmare,Kashiwa Reysol,Shonan Bellmare,1,1,0,0,1.0
2016-06-25,Kashima Antlers,Avispa Fukuoka,Kashima Antlers,Avispa Fukuoka,2,0,2,0,1.0
2016-06-25,Iwata,Vegalta Sendai,Jubilo Iwata,Vegalta Sendai,3,0,2,0,0.8125
2016-06-25,Gamba Osaka,Nagoya Grampus,Gamba Osaka,Nagoya Grampus,3,3,1,1,1.0
2016-06-25,Albirex Niigata,Sagan Tosu,Albirex Niigata,Sagan Tosu,1,0,0,0,1.0
2016-06-22,Urawa Reds,FC Tokyo,Urawa Red Diamonds,FC Tokyo,3,2,0,2,0.86
2016-06-18,Vissel Kobe,Kashima Antlers,Vissel Kobe,Kashima Antlers,1,2,1,1,1.0
2016-06-18,Vegalta Sendai,Kofu,Vegalta Sendai,Ventforet Kofu,2,1,0,1,0.7352941176470589
2016-06-18,Shonan Bellmare,Iwata,Shonan Bellmare,Jubilo Iwata,1,0,1,0,0.8125
2016-06-18,Sanfrecce Hiroshima,Urawa Reds,Sanfrecce Hiroshima,Urawa Red Diamonds,4,2,1,2,0.86
2016-06-18,Sagan Tosu,Gamba Osaka,Sagan Tosu,Gamba Osaka,2,1,0,1,1.0
2016-06-18,Omiya Ardija,Yokohama F. Marinos,Omiya Ardija,Yokohama F. Marinos,1,1,0,0,1.0
2016-06-18,Nagoya Grampus,Kashiwa Reysol,Nagoya Grampus,Kashiwa Reysol,1,1,0,0,1.0
2016-06-18,FC Tokyo,Albirex Niigata,FC Tokyo,Albirex Niigata,1,1,0,1,1.0
2016-06-18,Avispa Fukuoka,Kawasaki Frontale,Avispa Fukuoka,Kawasaki Frontale,2,2,2,1,1.0
2016-06-15,Gamba Osaka,Urawa Reds,Gamba Osaka,Urawa Red Diamonds,1,0,1,0,0.86
2016-06-15,FC Tokyo,Sanfrecce Hiroshima,FC Tokyo,Sanfrecce Hiroshima,1,1,0,0,1.0
2016-06-11,Yokohama F. Marinos,Kawasaki Frontale,Yokohama F. Marinos,Kawasaki Frontale,0,2,0,1,1.0
2016-06-11,Vissel Kobe,Sanfrecce Hiroshima,Vissel Kobe,Sanfrecce Hiroshima,1,1,1,1,1.0
2016-06-11,Urawa Reds,Kashima Antlers,Urawa Red Diamonds,Kashima Antlers,0,2,0,0,0.86
2016-06-11,Nagoya Grampus,Sagan Tosu,Nagoya Grampus,Sagan Tosu,0,1,0,1,1.0
2016-06-11,Kofu,Avispa Fukuoka,Ventforet Kofu,Avispa Fukuoka,1,0,1,0,0.7352941176470589
2016-06-11,Kashiwa Reysol,Vegalta Sendai,Kashiwa Reysol,Vegalta Sendai,0,2,0,1,1.0
2016-06-11,Iwata,FC Tokyo,Jubilo Iwata,FC Tokyo,0,0,0,0,0.8125
2016-06-11,Gamba Osaka,Shonan Bellmare,Gamba Osaka,Shonan Bellmare,3,3,1,1,1.0
2016-06-11,Albirex Niigata,Omiya Ardija,Albirex Niigata,Omiya Ardija,1,0,1,0,1.0
2016-06-02,Sagan Tosu,Vissel Kobe,Sagan Tosu,Vissel Kobe,0,0,0,0,1.0
2016-06-02,Avispa Fukuoka,Nagoya Grampus,Avispa Fukuoka,Nagoya Grampus,0,0,0,0,1.0
2016-05-29,Yokohama F. Marinos,Kashiwa Reysol,Yokohama F. Marinos,Kashiwa Reysol,3,0,1,0,1.0
2016-05-29,Vegalta Sendai,Albirex Niigata,Vegalta Sendai,Albirex Niigata,4,2,2,0,1.0
2016-05-29,Shonan Bellmare,Nagoya Grampus,Shonan Bellmare,Nagoya Grampus,2,1,1,0,1.0
2016-05-29,Sagan Tosu,Urawa Reds,Sagan Tosu,Urawa Red Diamonds,0,0,0,0,0.86
2016-05-29,Omiya Ardija,Vissel Kobe,Omiya Ardija,Vissel Kobe,2,2,1,0,1.0
2016-05-29,Kawasaki Frontale,Iwata,Kawasaki Frontale,Jubilo Iwata,1,0,0,0,0.8125
2016-05-29,Kashima Antlers,Kofu,Kashima Antlers,Ventforet Kofu,4,0,1,0,0.7352941176470589
2016-05-29,FC Tokyo,Gamba Osaka,FC Tokyo,Gamba Osaka,1,0,0,0,1.0
2016-05-29,Avispa Fukuoka,Sanfrecce Hiroshima,Avispa Fukuoka,Sanfrecce Hiroshima,0,4,0,3,1.0
2016-05-21,Vissel Kobe,Yokohama F. Marinos,Vissel Kobe,Yokohama F. Marinos,0,1,0,1,1.0
2016-05-21,Shonan Bellmare,Vegalta Sendai,Shonan Bellmare,Vegalta Sendai,0,1,0,0,1.0
2016-05-21,Sanfrecce Hiroshima,Gamba Osaka,Sanfrecce Hiroshima,Gamba Osaka,1,3,0,1,1.0
2016-05-21,Sagan Tosu,Omiya Ardija,Sagan Tosu,Omiya Ardija,0,1,0,0,1.0
2016-05-21,Nagoya Grampus,Kashima Antlers,Nagoya Grampus,Kashima Antlers,2,3,0,0,1.0
2016-05-21,Kashiwa Reysol,Avispa Fukuoka,Kashiwa Reysol,Avispa Fukuoka,3,2,1,0,1.0
2016-05-21,Iwata,Kofu,Jubilo Iwata,Ventforet Kofu,3,1,2,0,0.5477941176470589
2016-05-21,Albirex Niigata,Kawasaki Frontale,Albirex Niigata,Kawasaki Frontale,0,0,0,0,1.0
2016-05-14,Vegalta Sendai,Omiya Ardija,Vegalta Sendai,Omiya Ardija,0,1,0,0,1.0
2016-05-14,Urawa Reds,Albirex Niigata,Urawa Red Diamonds,Albirex Niigata,0,0,0,0,0.86
2016-05-14,Kofu,Nagoya Grampus,Ventforet Kofu,Nagoya Grampus,2,2,0,0,0.7352941176470589
2016-05-14,Kawasaki Frontale,Vissel Kobe,Kawasaki Frontale,Vissel Kobe,3,1,0,1,1.0
2016-05-14,Kashima Antlers,Yokohama F. Marinos,Kashima Antlers,Yokohama F. Marinos,1,0,1,0,1.0
2016-05-14,Avispa Fukuoka,Shonan Bellmare,Avispa Fukuoka,Shonan Bellmare,1,0,0,0,1.0
2016-05-13,Sanfrecce Hiroshima,Kashiwa Reysol,Sanfrecce Hiroshima,Kashiwa Reysol,0,0,0,0,1.0
2016-05-13,Gamba Osaka,Iwata,Gamba Osaka,Jubilo Iwata,2,1,1,1,0.8125
2016-05-13,FC Tokyo,Sagan Tosu,FC Tokyo,Sagan Tosu,0,0,0,0,1.0
2016-05-08,Yokohama F. Marinos,Kofu,Yokohama F. Marinos,Ventforet Kofu,2,2,2,1,0.7352941176470589
2016-05-08,Vegalta Sendai,Avispa Fukuoka,Vegalta Sendai,Avispa Fukuoka,2,0,1,0,1.0
2016-05-08,Shonan Bellmare,FC Tokyo,Shonan Bellmare,FC Tokyo,0,1,0,1,1.0
2016-05-08,Sanfrecce Hiroshima,Sagan Tosu,Sanfrecce Hiroshima,Sagan Tosu,3,0,2,0,1.0
2016-05-08,Omiya Ardija,Urawa Reds,Omiya Ardija,Urawa Red Diamonds,0,1,0,1,0.86
2016-05-08,Nagoya Grampus,Vissel Kobe,Nagoya Grampus,Vissel Kobe,0,1,0,1,1.0
2016-05-08,Kashiwa Reysol,Kawasaki Frontale,Kashiwa Reysol,Kawasaki Frontale,1,3,1,1,1.0
2016-05-08,Iwata,Kashima Antlers,Jubilo Iwata,Kashima Antlers,1,1,0,0,0.8125
2016-05-08,Albirex Niigata,Gamba Osaka,Albirex Niigata,Gamba Osaka,0,0,0,0,1.0
2016-05-04,Sagan Tosu,Shonan Bellmare,Sagan Tosu,Shonan Bellmare,0,1,0,0,1.0
2016-05-04,Nagoya Grampus,Yokohama F. Marinos,Nagoya Grampus,Yokohama F. Marinos,3,1,1,0,1.0
2016-05-04,Kawasaki Frontale,Vegalta Sendai,Kawasaki Frontale,Vegalta Sendai,1,1,0,0,1.0
2016-05-04,Avispa Fukuoka,Omiya Ardija,Avispa Fukuoka,Omiya Ardija,1,2,0,1,1.0
2016-04-30,Vegalta Sendai,Sagan Tosu,Vegalta Sendai,Sagan Tosu,0,2,0,1,1.0
2016-04-30,Omiya Ardija,Kashima Antlers,Omiya Ardija,Kashima Antlers,0,0,0,0,1.0
2016-04-30,Kashiwa Reysol,Vissel Kobe,Kashiwa Reysol,Vissel Kobe,2,0,1,0,1.0
2016-04-30,Albirex Niigata,Kofu,Albirex Niigata,Ventforet Kofu,2,2,1,1,0.7352941176470589
2016-04-29,Urawa Reds,Nagoya Grampus,Urawa Red Diamonds,Nagoya Grampus,4,1,1,1,0.86
2016-04-29,Iwata,Sanfrecce Hiroshima,Jubilo Iwata,Sanfrecce Hiroshima,1,0,0,0,0.8125
2016-04-29,Gamba Osaka,Kawasaki Frontale,Gamba Osaka,Kawasaki Frontale,0,1,0,1,1.0
2016-04-29,FC Tokyo,Avispa Fukuoka,FC Tokyo,Avispa Fukuoka,0,1,0,0,1.0
2016-04-24,Yokohama F. Marinos,Sanfrecce Hiroshima,Yokohama F. Marinos,Sanfrecce Hiroshima,1,2,0,1,1.0
2016-04-24,Vissel Kobe,Vegalta Sendai,Vissel Kobe,Vegalta Sendai,2,2,1,1,1.0
2016-04-24,Shonan Bellmare,Omiya Ardija,Shonan Bellmare,Omiya Ardija,0,1,0,0,1.0
2016-04-24,Sagan Tosu,Iwata,Sagan Tosu,Jubilo Iwata,0,1,0,0,0.8125
2016-04-24,Nagoya Grampus,Albirex Niigata,Nagoya Grampus,Albirex Niigata,2,1,1,0,1.0
2016-04-24,Kofu,FC Tokyo,Ventforet Kofu,FC Tokyo,1,1,1,0,0.7352941176470589
2016-04-24,Kawasaki Frontale,Urawa Reds,Kawasaki Frontale,Urawa Red Diamonds,0,1,0,0,0.86
2016-04-24,Kashima Antlers,Kashiwa Reysol,Kashima Antlers,Kashiwa Reysol,0,2,0,1,1.0
2016-04-24,Avispa Fukuoka,Gamba Osaka,Avispa Fukuoka,Gamba Osaka,0,1,0,0,1.0
2016-04-16,Urawa Reds,Vegalta Sendai,Urawa Red Diamonds,Vegalta Sendai,3,1,0,0,0.86
2016-04-16,Shonan Bellmare,Kashima Antlers,Shonan Bellmare,Kashima Antlers,0,3,0,2,1.0
2016-04-16,Omiya Ardija,Kofu,Omiya Ardija,Ventforet Kofu,1,1,1,0,0.7352941176470589
2016-04-16,Iwata,Yokohama F. Marinos,Jubilo Iwata,Yokohama F. Marinos,1,5,1,4,0.8125
2016-04-16,FC Tokyo,Kawasaki Frontale,FC Tokyo,Kawasaki Frontale,2,4,1,1,1.0
2016-04-15,Sanfrecce Hiroshima,Albirex Niigata,Sanfrecce Hiroshima,Albirex Niigata,1,0,0,0,1.0
2016-04-15,Gamba Osaka,Kashiwa Reysol,Gamba Osaka,Kashiwa Reysol,0,1,0,0,1.0
2016-04-10,Yokohama F. Marinos,Urawa Reds,Yokohama F. Marinos,Urawa Red Diamonds,0,0,0,0,0.86
2016-04-10,Vissel Kobe,Avispa Fukuoka,Vissel Kobe,Avispa Fukuoka,0,0,0,0,1.0
2016-04-10,Vegalta Sendai,Gamba Osaka,Vegalta Sendai,Gamba Osaka,1,3,1,3,1.0
2016-04-10,Nagoya Grampus,Omiya Ardija,Nagoya Grampus,Omiya Ardija,1,2,1,0,1.0
2016-04-10,Kofu,Shonan Bellmare,Ventforet Kofu,Shonan Bellmare,3,1,1,0,0.7352941176470589
2016-04-10,Kawasaki Frontale,Sagan Tosu,Kawasaki Frontale,Sagan Tosu,1,0,0,0,1.0
2016-04-10,Kashiwa Reysol,FC Tokyo,Kashiwa Reysol,FC Tokyo,1,0,0,0,1.0
2016-04-10,Kashima Antlers,Sanfrecce Hiroshima,Kashima Antlers,Sanfrecce Hiroshima,4,1,1,1,1.0
2016-04-10,Albirex Niigata,Iwata,Albirex Niigata,Jubilo Iwata,1,2,0,0,0.8125
2016-04-02,Sagan Tosu,Kashiwa Reysol,Sagan Tosu,Kashiwa Reysol,1,1,1,0,1.0
2016-04-02,Kawasaki Frontale,Kashima Antlers,Kawasaki Frontale,Kashima Antlers,1,1,1,1,1.0
2016-04-02,Avispa Fukuoka,Albirex Niigata,Avispa Fukuoka,Albirex Niigata,0,1,0,1,1.0
2016-04-01,Urawa Reds,Kofu,Urawa Red Diamonds,Ventforet Kofu,2,1,0,0,0.5952941176470588
2016-04-01,Sanfrecce Hiroshima,Vegalta Sendai,Sanfrecce Hiroshima,Vegalta Sendai,3,0,0,0,1.0
2016-03-20,Shonan Bellmare,Urawa Reds,Shonan Bellmare,Urawa Red Diamonds,0,2,0,1,0.86
2016-03-20,Omiya Ardija,Sanfrecce Hiroshima,Omiya Ardija,Sanfrecce Hiroshima,1,5,0,2,1.0
2016-03-19,Yokohama F. Marinos,Sagan Tosu,Yokohama F. Marinos,Sagan Tosu,2,1,1,0,1.0
2016-03-19,Vissel Kobe,Gamba Osaka,Vissel Kobe,Gamba Osaka,2,1,1,0,1.0
2016-03-19,Nagoya Grampus,Vegalta Sendai,Nagoya Grampus,Vegalta Sendai,2,1,1,0,1.0
2016-03-19,Kofu,Kawasaki Frontale,Ventforet Kofu,Kawasaki Frontale,0,4,0,2,0.7352941176470589
2016-03-19,Kashima Antlers,FC Tokyo,Kashima Antlers,FC Tokyo,2,0,0,0,1.0
2016-03-19,Iwata,Avispa Fukuoka,Jubilo Iwata,Avispa Fukuoka,2,2,1,2,0.8125
2016-03-19,Albirex Niigata,Kashiwa Reysol,Albirex Niigata,Kashiwa Reysol,2,2,1,0,1.0
2016-03-12,Kawasaki Frontale,Nagoya Grampus,Kawasaki Frontale,Nagoya Grampus,3,2,1,1,1.0
2016-03-12,Kashiwa Reysol,Iwata,Kashiwa Reysol,Jubilo Iwata,2,2,0,1,0.8125
2016-03-11,Gamba Osaka,Omiya Ardija,Gamba Osaka,Omiya Ardija,2,1,0,0,1.0
2016-03-11,FC Tokyo,Vissel Kobe,FC Tokyo,Vissel Kobe,1,0,0,0,1.0
2016-03-06,Vegalta Sendai,FC Tokyo,Vegalta Sendai,FC Tokyo,1,2,1,1,1.0
2016-03-06,Urawa Reds,Iwata,Urawa Red Diamonds,Jubilo Iwata,1,2,0,1,0.6725
2016-03-06,Nagoya Grampus,Sanfrecce Hiroshima,Nagoya Grampus,Sanfrecce Hiroshima,1,1,1,1,1.0
2016-03-06,Kofu,Gamba Osaka,Ventforet Kofu,Gamba Osaka,0,1,0,1,0.7352941176470589
2016-03-05,Vissel Kobe,Albirex Niigata,Vissel Kobe,Albirex Niigata,6,3,2,1,1.0
2016-03-05,Omiya Ardija,Kashiwa Reysol,Omiya Ardija,Kashiwa Reysol,2,0,2,0,1.0
2016-03-05,Kawasaki Frontale,Shonan Bellmare,Kawasaki Frontale,Shonan Bellmare,4,4,3,3,1.0
2016-03-05,Kashima Antlers,Sagan Tosu,Kashima Antlers,Sagan Tosu,1,0,1,0,1.0
2016-03-05,Avispa Fukuoka,Yokohama F. Marinos,Avispa Fukuoka,Yokohama F. Marinos,1,1,1,0,1.0
2016-02-28,Gamba Osaka,Kashima Antlers,Gamba Osaka,Kashima Antlers,0,1,0,0,1.0
2016-02-27,Yokohama F. Marinos,Vegalta Sendai,Yokohama F. Marinos,Vegalta Sendai,0,1,0,1,1.0
2016-02-27,Vissel Kobe,Kofu,Vissel Kobe,Ventforet Kofu,0,2,0,1,0.7352941176470589
2016-02-27,Shonan Bellmare,Albirex Niigata,Shonan Bellmare,Albirex Niigata,1,2,0,1,1.0
2016-02-27,Sanfrecce Hiroshima,Kawasaki Frontale,Sanfrecce Hiroshima,Kawasaki Frontale,0,1,0,0,1.0
2016-02-27,Sagan Tosu,Avispa Fukuoka,Sagan Tosu,Avispa Fukuoka,2,1,1,0,1.0
2016-02-27,Kashiwa Reysol,Urawa Reds,Kashiwa Reysol,Urawa Red Diamonds,1,2,0,0,0.86
2016-02-27,Iwata,Nagoya Grampus,Jubilo Iwata,Nagoya Grampus,0,1,0,1,0.8125
2016-02-27,FC Tokyo,Omiya Ardija,FC Tokyo,Omiya Ardija,0,1,0,0,1.0
2015-06-27,Yamaga,Shonan Bellmare,Matsumoto Yamaga FC,Shonan Bellmare,2,3,0,0,0.7608695652173914
2015-06-27,Vissel Kobe,Yokohama F. Marinos,Vissel Kobe,Yokohama F. Marinos,1,1,1,1,1.0
2015-06-27,Vegalta Sendai,Nagoya Grampus,Vegalta Sendai,Nagoya Grampus,2,0,1,0,1.0
2015-06-27,Urawa Reds,Albirex Niigata,Urawa Red Diamonds,Albirex Niigata,5,2,2,0,0.86
2015-06-27,Sagan Tosu,Sanfrecce Hiroshima,Sagan Tosu,Sanfrecce Hiroshima,2,2,1,0,1.0
2015-06-27,Montedio Yamagata,Gamba Osaka,Montedio Yamagata,Gamba Osaka,1,3,0,0,1.0
2015-06-27,Kofu,Kashiwa Reysol,Ventforet Kofu,Kashiwa Reysol,1,1,0,0,0.7352941176470589
2015-06-27,Kashima Antlers,Kawasaki Frontale,Kashima Antlers,Kawasaki Frontale,2,3,1,2,1.0
2015-06-27,FC Tokyo,Shimizu S-Pulse,FC Tokyo,Shimizu S-Pulse,3,2,1,0,1.0
2015-06-20,Yokohama F. Marinos,Kashima Antlers,Yokohama F. Marinos,Kashima Antlers,0,3,0,2,1.0
2015-06-20,Vissel Kobe,Urawa Reds,Vissel Kobe,Urawa Red Diamonds,1,1,0,1,0.86
2015-06-20,Shonan Bellmare,Albirex Niigata,Shonan Bellmare,Albirex Niigata,1,3,1,0,1.0
2015-06-20,Sanfrecce Hiroshima,Montedio Yamagata,Sanfrecce Hiroshima,Montedio Yamagata,5,1,4,0,1.0
2015-06-20,Sagan Tosu,FC Tokyo,Sagan Tosu,FC Tokyo,1,2,1,0,1.0
2015-06-20,Nagoya Grampus,Kashiwa Reysol,Nagoya Grampus,Kashiwa Reysol,1,0,0,0,1.0
2015-06-20,Kawasaki Frontale,Yamaga,Kawasaki Frontale,Matsumoto Yamaga FC,2,0,1,0,0.7608695652173914
2015-06-20,Gamba Osaka,Vegalta Sendai,Gamba Osaka,Vegalta Sendai,1,1,1,0,1.0
2015-06-07,Yamaga,FC Tokyo,Matsumoto Yamaga FC,FC Tokyo,1,2,0,2,0.7608695652173914
2015-06-07,Vegalta Sendai,Sagan Tosu,Vegalta Sendai,Sagan Tosu,5,0,0,0,1.0
2015-06-07,Urawa Reds,Shimizu S-Pulse,Urawa Red Diamonds,Shimizu S-Pulse,1,0,0,0,0.86
2015-06-07,Montedio Yamagata,Kashima Antlers,Montedio Yamagata,Kashima Antlers,2,2,1,1,1.0
2015-06-07,Kofu,Yokohama F. Marinos,Ventforet Kofu,Yokohama F. Marinos,1,1,0,1,0.7352941176470589
2015-06-07,Kawasaki Frontale,Shonan Bellmare,Kawasaki Frontale,Shonan Bellmare,2,1,0,1,1.0
2015-06-07,Kashiwa Reysol,Sanfrecce Hiroshima,Kashiwa Reysol,Sanfrecce Hiroshima,2,3,1,1,1.0
2015-06-07,Gamba Osaka,Vissel Kobe,Gamba Osaka,Vissel Kobe,0,0,0,0,1.0
2015-06-07,Albirex Niigata,Nagoya Grampus,Albirex Niigata,Nagoya Grampus,1,1,1,1,1.0
2015-06-03,Kashiwa Reysol,Urawa Reds,Kashiwa Reysol,Urawa Red Diamonds,3,3,2,1,0.86
2015-06-03,Gamba Osaka,Kashima Antlers,Gamba Osaka,Kashima Antlers,2,0,1,0,1.0
2015-05-30,Vissel Kobe,Vegalta Sendai,Vissel Kobe,Vegalta Sendai,0,1,0,1,1.0
2015-05-30,Shonan Bellmare,Sanfrecce Hiroshima,Shonan Bellmare,Sanfrecce Hiroshima,0,0,0,0,1.0
2015-05-30,Nagoya Grampus,Montedio Yamagata,Nagoya Grampus,Montedio Yamagata,0,0,0,0,1.0
2015-05-23,Yamaga,Yokohama F. Marinos,Matsumoto Yamaga FC,Yokohama F. Marinos,0,3,0,2,0.7608695652173914
2015-05-23,Vegalta Sendai,Kofu,Vegalta Sendai,Ventforet Kofu,0,1,0,0,0.7352941176470589
2015-05-23,Urawa Reds,Kashima Antlers,Urawa Red Diamonds,Kashima Antlers,2,1,0,0,0.86
2015-05-23,Sanfrecce Hiroshima,Albirex Niigata,Sanfrecce Hiroshima,Albirex Niigata,4,2,2,1,1.0
2015-05-23,Kawasaki Frontale,Sagan Tosu,Kawasaki Frontale,Sagan Tosu,3,2,1,1,1.0
2015-05-23,FC Tokyo,Nagoya Grampus,FC Tokyo,Nagoya Grampus,0,1,0,0,1.0
2015-05-14,Kashiwa Reysol,Shonan Bellmare,Kashiwa Reysol,Shonan Bellmare,0,0,0,0,1.0
2015-05-02,Kashiwa Reysol,Shimizu S-Pulse,Kashiwa Reysol,Shimizu S-Pulse,0,0,0,0,1.0
2015-04-18,Montedio Yamagata,Yamaga,Montedio Yamagata,Matsumoto Yamaga FC,0,0,0,0,0.7608695652173914
2015-04-16,Kashiwa Reysol,Kashima Antlers,Kashiwa Reysol,Kashima Antlers,1,3,0,1,1.0
2015-04-04,FC Tokyo,Kofu,FC Tokyo,Ventforet Kofu,1,0,1,0,0.7352941176470589
2015-03-22,Shonan Bellmare,Vegalta Sendai,Shonan Bellmare,Vegalta Sendai,0,0,0,0,1.0
2015-03-22,Sanfrecce Hiroshima,Urawa Reds,Sanfrecce Hiroshima,Urawa Red Diamonds,0,0,0,0,0.86
2015-03-14,FC Tokyo,Yokohama F. Marinos,FC Tokyo,Yokohama F. Marinos,0,0,0,0,1.0
2015-03-14,Albirex Niigata,Shimizu S-Pulse,Albirex Niigata,Shimizu S-Pulse,0,0,0,0,1.0
2015-03-13,Kashiwa Reysol,Vegalta Sendai,Kashiwa Reysol,Vegalta Sendai,1,1,0,1,1.0
2014-12-06,Tokushima,Gamba Osaka,Tokushima Vortis,Gamba Osaka,0,0,0,0,0.875
2014-12-06,Shimizu S-Pulse,Kofu,Shimizu S-Pulse,Ventforet Kofu,0,0,0,0,0.7352941176470589
2014-11-29,Kofu,FC Tokyo,Ventforet Kofu,FC Tokyo,0,0,0,0,0.7352941176470589
2014-10-26,Yokohama F. Marinos,Cerezo Osaka,Yokohama F. Marinos,Cerezo Osaka,0,0,0,0,1.0
2014-10-22,Vissel Kobe,Kashima Antlers,Vissel Kobe,Kashima Antlers,0,0,0,0,1.0
2014-10-22,Urawa Reds,Kofu,Urawa Red Diamonds,Ventforet Kofu,0,0,0,0,0.5952941176470588
2014-10-22,Nagoya Grampus,Vegalta Sendai,Nagoya Grampus,Vegalta Sendai,0,0,0,0,1.0
2014-10-18,Albirex Niigata,Kofu,Albirex Niigata,Ventforet Kofu,0,0,0,0,0.7352941176470589
2014-10-05,Kashiwa Reysol,Sanfrecce Hiroshima,Kashiwa Reysol,Sanfrecce Hiroshima,0,0,0,0,1.0
2014-09-27,Yokohama F. Marinos,Kofu,Yokohama F. Marinos,Ventforet Kofu,0,0,0,0,0.7352941176470589
2014-09-20,Kawasaki Frontale,FC Tokyo,Kawasaki Frontale,FC Tokyo,0,0,0,0,1.0
2014-08-23,Sanfrecce Hiroshima,Cerezo Osaka,Sanfrecce Hiroshima,Cerezo Osaka,0,0,0,0,1.0
2014-08-09,Kofu,Vegalta Sendai,Ventforet Kofu,Vegalta Sendai,0,0,0,0,0.7352941176470589
2014-08-09,Cerezo Osaka,FC Tokyo,Cerezo Osaka,FC Tokyo,0,0,0,0,1.0
2014-07-23,Kofu,Cerezo Osaka,Ventforet Kofu,Cerezo Osaka,0,0,0,0,0.7352941176470589
2014-07-19,Kashiwa Reysol,Vegalta Sendai,Kashiwa Reysol,Vegalta Sendai,0,0,0,0,1.0
2014-05-18,Vegalta Sendai,Sanfrecce Hiroshima,Vegalta Sendai,Sanfrecce Hiroshima,1,0,1,0,1.0
2014-05-10,Tokushima,FC Tokyo,Tokushima Vortis,FC Tokyo,0,0,0,0,0.875
2014-05-06,Kofu,Urawa Reds,Ventforet Kofu,Urawa Red Diamonds,0,0,0,0,0.5952941176470588
2014-05-03,Vissel Kobe,Sanfrecce Hiroshima,Vissel Kobe,Sanfrecce Hiroshima,0,0,0,0,1.0
2014-04-29,Vegalta Sendai,Kawasaki Frontale,Vegalta Sendai,Kawasaki Frontale,0,0,0,0,1.0
2014-04-20,Albirex Niigata,Sanfrecce Hiroshima,Albirex Niigata,Sanfrecce Hiroshima,0,0,0,0,1.0
2014-04-19,Kashiwa Reysol,Yokohama F. Marinos,Kashiwa Reysol,Yokohama F. Marinos,0,0,0,0,1.0
2014-04-06,Albirex Niigata,Yokohama F. Marinos,Albirex Niigata,Yokohama F. Marinos,0,0,0,0,1.0
2014-03-29,Cerezo Osaka,Albirex Niigata,Cerezo Osaka,Albirex Niigata,0,0,0,0,1.0
2014-03-15,Vegalta Sendai,Gamba Osaka,Vegalta Sendai,Gamba Osaka,0,0,0,0,1.0
2014-03-08,Vissel Kobe,Kashiwa Reysol,Vissel Kobe,Kashiwa Reysol,1,1,0,1,1.0
2014-03-08,Urawa Reds,Sagan Tosu,Urawa Red Diamonds,Sagan Tosu,0,1,0,1,0.86
2014-03-08,Tokushima,Cerezo Osaka,Tokushima Vortis,Cerezo Osaka,0,2,0,2,0.875
2014-03-08,Shimizu S-Pulse,Yokohama F. Marinos,Shimizu S-Pulse,Yokohama F. Marinos,0,1,0,1,1.0
2014-03-08,Sanfrecce Hiroshima,Kawasaki Frontale,Sanfrecce Hiroshima,Kawasaki Frontale,2,1,0,1,1.0
2014-03-08,Omiya Ardija,Nagoya Grampus,Omiya Ardija,Nagoya Grampus,1,2,0,0,1.0
2014-03-08,Kashima Antlers,Vegalta Sendai,Kashima Antlers,Vegalta Sendai,2,0,1,0,1.0
2014-03-08,FC Tokyo,Kofu,FC Tokyo,Ventforet Kofu,1,1,1,0,0.7352941176470589
2014-03-08,Albirex Niigata,Gamba Osaka,Albirex Niigata,Gamba Osaka,0,2,0,0,1.0
2014-03-02,Yokohama F. Marinos,Omiya Ardija,Yokohama F. Marinos,Omiya Ardija,2,0,1,0,1.0
2014-03-02,Kawasaki Frontale,Vissel Kobe,Kawasaki Frontale,Vissel Kobe,2,2,2,1,1.0
2014-03-01,Vegalta Sendai,Albirex Niigata,Vegalta Sendai,Albirex Niigata,1,2,0,1,1.0
2014-03-01,Nagoya Grampus,Shimizu S-Pulse,Nagoya Grampus,Shimizu S-Pulse,2,3,2,1,1.0
2014-03-01,Kofu,Kashima Antlers,Ventforet Kofu,Kashima Antlers,0,4,0,2,0.7352941176470589
2014-03-01,Kashiwa Reysol,FC Tokyo,Kashiwa Reysol,FC Tokyo,1,1,0,0,1.0
2014-03-01,Gamba Osaka,Urawa Reds,Gamba Osaka,Urawa Red Diamonds,0,1,0,1,0.86
2014-03-01,Cerezo Osaka,Sanfrecce Hiroshima,Cerezo Osaka,Sanfrecce Hiroshima,0,1,0,0,1.0
2013-12-07,Kofu,Sagan Tosu,Ventforet Kofu,Sagan Tosu,0,0,0,0,0.7352941176470589
2013-11-30,Nagoya Grampus,Kofu,Nagoya Grampus,Ventforet Kofu,0,0,0,0,0.7352941176470589
2013-11-23,Kofu,Oita Trinita,Ventforet Kofu,Oita Trinita,0,0,0,0,0.7352941176470589
2013-10-05,Kofu,Yokohama F. Marinos,Ventforet Kofu,Yokohama F. Marinos,0,0,0,0,0.7352941176470589
2013-09-28,Vegalta Sendai,Yokohama F. Marinos,Vegalta Sendai,Yokohama F. Marinos,0,0,0,0,1.0
2013-08-31,Cerezo Osaka,Kawasaki Frontale,Cerezo Osaka,Kawasaki Frontale,0,0,0,0,1.0
2013-08-24,Iwata,FC Tokyo,Jubilo Iwata,FC Tokyo,0,0,0,0,0.8125
2013-08-17,Kashiwa Reysol,Vegalta Sendai,Kashiwa Reysol,Vegalta Sendai,0,0,0,0,1.0
2013-08-10,Oita Trinita,Kashiwa Reysol,Oita Trinita,Kashiwa Reysol,0,0,0,0,1.0
2013-07-31,Shimizu S-Pulse,FC Tokyo,Shimizu S-Pulse,FC Tokyo,0,0,0,0,1.0
2013-07-06,Vegalta Sendai,Shonan Bellmare,Vegalta Sendai,Shonan Bellmare,0,0,0,0,1.0
2013-05-29,Sanfrecce Hiroshima,Kashiwa Reysol,Sanfrecce Hiroshima,Kashiwa Reysol,0,0,0,0,1.0
2013-05-18,Yokohama F. Marinos,Vegalta Sendai,Yokohama F. Marinos,Vegalta Sendai,0,0,0,0,1.0
2013-04-27,Cerezo Osaka,Oita Trinita,Cerezo Osaka,Oita Trinita,0,0,0,0,1.0
2013-04-20,Kashima Antlers,Kofu,Kashima Antlers,Ventforet Kofu,0,0,0,0,0.7352941176470589
2013-03-17,Sanfrecce Hiroshima,Kashima Antlers,Sanfrecce Hiroshima,Kashima Antlers,0,0,0,0,1.0
2013-03-16,Kofu,Nagoya Grampus,Ventforet Kofu,Nagoya Grampus,0,1,0,0,0.7352941176470589
2012-12-01,Shimizu S-Pulse,Omiya Ardija,Shimizu S-Pulse,Omiya Ardija,0,0,0,0,1.0
2012-11-07,Omiya Ardija,Kashima Antlers,Omiya Ardija,Kashima Antlers,0,0,0,0,1.0
2012-10-27,Urawa Reds,Cerezo Osaka,Urawa Red Diamonds,Cerezo Osaka,0,0,0,0,0.86
2012-10-20,Hokkaido Consadole Sapporo,Kashima Antlers,Consadole Sapporo,Kashima Antlers,0,0,0,0,0.9
2012-10-06,Yokohama F. Marinos,Sanfrecce Hiroshima,Yokohama F. Marinos,Sanfrecce Hiroshima,0,0,0,0,1.0
2012-10-06,Albirex Niigata,Vissel Kobe,Albirex Niigata,Vissel Kobe,0,0,0,0,1.0
2012-09-29,Omiya Ardija,Yokohama F. Marinos,Omiya Ardija,Yokohama F. Marinos,0,0,0,0,1.0
2012-09-22,Iwata,Albirex Niigata,Jubilo Iwata,Albirex Niigata,0,0,0,0,0.8125
2012-08-25,Vissel Kobe,Sagan Tosu,Vissel Kobe,Sagan Tosu,0,0,0,0,1.0
2012-08-18,Vegalta Sendai,Kashiwa Reysol,Vegalta Sendai,Kashiwa Reysol,0,0,0,0,1.0
2012-07-14,Sanfrecce Hiroshima,Kawasaki Frontale,Sanfrecce Hiroshima,Kawasaki Frontale,3,0,3,0,1.0
2012-07-14,Sagan Tosu,FC Tokyo,Sagan Tosu,FC Tokyo,1,0,0,0,1.0
2012-07-14,Nagoya Grampus,Vegalta Sendai,Nagoya Grampus,Vegalta Sendai,0,0,0,0,1.0
2012-07-14,Cerezo Osaka,Kashima Antlers,Cerezo Osaka,Kashima Antlers,0,1,0,1,1.0
2012-07-14,Albirex Niigata,Urawa Reds,Albirex Niigata,Urawa Red Diamonds,0,0,0,0,0.86
2012-07-07,Yokohama F. Marinos,Cerezo Osaka,Yokohama F. Marinos,Cerezo Osaka,1,1,1,0,1.0
2012-07-07,Vissel Kobe,Vegalta Sendai,Vissel Kobe,Vegalta Sendai,0,1,0,1,1.0
2012-07-07,Shimizu S-Pulse,Kawasaki Frontale,Shimizu S-Pulse,Kawasaki Frontale,0,0,0,0,1.0
2012-07-07,Sanfrecce Hiroshima,Iwata,Sanfrecce Hiroshima,Jubilo Iwata,2,0,0,0,0.8125
2012-07-07,Kashiwa Reysol,Nagoya Grampus,Kashiwa Reysol,Nagoya Grampus,1,2,1,1,1.0
2012-07-07,Kashima Antlers,Omiya Ardija,Kashima Antlers,Omiya Ardija,1,0,0,0,1.0
2012-07-07,Hokkaido Consadole Sapporo,Albirex Niigata,Consadole Sapporo,Albirex Niigata,0,1,0,1,0.9
2012-06-30,Yokohama F. Marinos,Nagoya Grampus,Yokohama F. Marinos,Nagoya Grampus,1,1,0,0,1.0
2012-06-30,Vegalta Sendai,Sanfrecce Hiroshima,Vegalta Sendai,Sanfrecce Hiroshima,2,2,1,1,1.0
2012-06-30,Sagan Tosu,Hokkaido Consadole Sapporo,Sagan Tosu,Consadole Sapporo,1,0,0,0,0.9
2012-06-30,Omiya Ardija,Shimizu S-Pulse,Omiya Ardija,Shimizu S-Pulse,1,0,0,0,1.0
2012-06-30,Kawasaki Frontale,Vissel Kobe,Kawasaki Frontale,Vissel Kobe,0,1,0,0,1.0
2012-06-30,Albirex Niigata,Kashima Antlers,Albirex Niigata,Kashima Antlers,1,1,1,1,1.0
2012-06-27,Gamba Osaka,Nagoya Grampus,Gamba Osaka,Nagoya Grampus,2,2,1,2,1.0
2012-06-27,FC Tokyo,Kashiwa Reysol,FC Tokyo,Kashiwa Reysol,0,1,0,1,1.0
2012-06-23,Vissel Kobe,Albirex Niigata,Vissel Kobe,Albirex Niigata,1,0,0,0,1.0
2012-06-23,Urawa Reds,Vegalta Sendai,Urawa Red Diamonds,Vegalta Sendai,0,0,0,0,0.86
2012-06-23,Shimizu S-Pulse,Sagan Tosu,Shimizu S-Pulse,Sagan Tosu,1,1,1,0,1.0
2012-06-23,Sanfrecce Hiroshima,Omiya Ardija,Sanfrecce Hiroshima,Omiya Ardija,0,0,0,0,1.0
2012-06-23,Kawasaki Frontale,Yokohama F. Marinos,Kawasaki Frontale,Yokohama F. Marinos,0,0,0,0,1.0
2012-06-23,FC Tokyo,Cerezo Osaka,FC Tokyo,Cerezo Osaka,2,0,0,0,1.0
2012-06-16,Yokohama F. Marinos,FC Tokyo,Yokohama F. Marinos,FC Tokyo,1,0,1,0,1.0
2012-06-16,Sagan Tosu,Kawasaki Frontale,Sagan Tosu,Kawasaki Frontale,0,1,0,0,1.0
2012-06-16,Albirex Niigata,Shimizu S-Pulse,Albirex Niigata,Shimizu S-Pulse,1,0,1,0,1.0
2012-05-26,Shimizu S-Pulse,Yokohama F. Marinos,Shimizu S-Pulse,Yokohama F. Marinos,0,0,0,0,1.0
2012-05-26,FC Tokyo,Urawa Reds,FC Tokyo,Urawa Red Diamonds,1,1,0,0,0.86
2012-05-25,Nagoya Grampus,Cerezo Osaka,Nagoya Grampus,Cerezo Osaka,0,1,0,0,1.0
2012-05-20,FC Tokyo,Sagan Tosu,FC Tokyo,Sagan Tosu,3,2,0,1,1.0
2012-05-19,Yokohama F. Marinos,Gamba Osaka,Yokohama F. Marinos,Gamba Osaka,0,0,0,0,1.0
2012-05-19,Vegalta Sendai,Nagoya Grampus,Vegalta Sendai,Nagoya Grampus,4,0,2,0,1.0
2012-05-19,Urawa Reds,Shimizu S-Pulse,Urawa Red Diamonds,Shimizu S-Pulse,1,0,1,0,0.86
2012-05-19,Sanfrecce Hiroshima,Vissel Kobe,Sanfrecce Hiroshima,Vissel Kobe,3,2,1,0,1.0
2012-05-19,Omiya Ardija,Kawasaki Frontale,Omiya Ardija,Kawasaki Frontale,0,2,0,0,1.0
2012-05-19,Kashima Antlers,Hokkaido Consadole Sapporo,Kashima Antlers,Consadole Sapporo,7,0,3,0,0.9
2012-05-19,Cerezo Osaka,Kashiwa Reysol,Cerezo Osaka,Kashiwa Reysol,1,2,1,0,1.0
2012-05-12,Vissel Kobe,Nagoya Grampus,Vissel Kobe,Nagoya Grampus,0,1,0,1,1.0
2012-05-12,Sagan Tosu,Omiya Ardija,Sagan Tosu,Omiya Ardija,1,1,0,0,1.0
2012-05-12,Kawasaki Frontale,Kashiwa Reysol,Kawasaki Frontale,Kashiwa Reysol,0,2,0,0,1.0
2012-05-12,Iwata,Kashima Antlers,Jubilo Iwata,Kashima Antlers,3,0,1,0,0.8125
2012-05-12,Hokkaido Consadole Sapporo,FC Tokyo,Consadole Sapporo,FC Tokyo,0,1,0,1,0.9
2012-05-12,Gamba Osaka,Vegalta Sendai,Gamba Osaka,Vegalta Sendai,1,1,0,0,1.0
2012-05-06,Yokohama F. Marinos,Hokkaido Consadole Sapporo,Yokohama F. Marinos,Consadole Sapporo,2,1,1,1,0.9
2012-05-06,Vegalta Sendai,Shimizu S-Pulse,Vegalta Sendai,Shimizu S-Pulse,0,1,0,1,1.0
2012-05-06,Nagoya Grampus,Kawasaki Frontale,Nagoya Grampus,Kawasaki Frontale,2,3,1,3,1.0
2012-05-06,Kashima Antlers,Sagan Tosu,Kashima Antlers,Sagan Tosu,0,0,0,0,1.0
2012-05-06,Iwata,Urawa Reds,Jubilo Iwata,Urawa Red Diamonds,2,2,1,0,0.6725
2012-05-06,Cerezo Osaka,Vissel Kobe,Cerezo Osaka,Vissel Kobe,1,2,1,1,1.0
2012-05-03,Vissel Kobe,Omiya Ardija,Vissel Kobe,Omiya Ardija,3,0,1,0,1.0
2012-05-03,Sanfrecce Hiroshima,Albirex Niigata,Sanfrecce Hiroshima,Albirex Niigata,0,1,0,0,1.0
2012-05-03,Sagan Tosu,Vegalta Sendai,Sagan Tosu,Vegalta Sendai,1,1,0,1,1.0
2012-05-03,Kawasaki Frontale,Iwata,Kawasaki Frontale,Jubilo Iwata,4,3,1,0,0.8125
2012-05-03,Hokkaido Consadole Sapporo,Cerezo Osaka,Consadole Sapporo,Cerezo Osaka,1,0,1,0,0.9
2012-04-28,Yokohama F. Marinos,Vissel Kobe,Yokohama F. Marinos,Vissel Kobe,3,1,0,0,1.0
2012-04-28,Omiya Ardija,Hokkaido Consadole Sapporo,Omiya Ardija,Consadole Sapporo,2,1,1,1,0.9
2012-04-28,Kashiwa Reysol,Sagan Tosu,Kashiwa Reysol,Sagan Tosu,1,1,1,0,1.0
2012-04-28,Kashima Antlers,Gamba Osaka,Kashima Antlers,Gamba Osaka,5,0,1,0,1.0
2012-04-28,FC Tokyo,Shimizu S-Pulse,FC Tokyo,Shimizu S-Pulse,0,1,0,0,1.0
2012-04-28,Cerezo Osaka,Iwata,Cerezo Osaka,Jubilo Iwata,3,2,1,0,0.8125
2012-04-28,Albirex Niigata,Vegalta Sendai,Albirex Niigata,Vegalta Sendai,0,1,0,0,1.0
2012-04-21,Sagan Tosu,Albirex Niigata,Sagan Tosu,Albirex Niigata,1,0,0,0,1.0
2012-04-21,Omiya Ardija,Urawa Reds,Omiya Ardija,Urawa Red Diamonds,2,0,2,0,0.86
2012-04-21,Iwata,Yokohama F. Marinos,Jubilo Iwata,Yokohama F. Marinos,1,0,1,0,0.8125
2012-04-21,Hokkaido Consadole Sapporo,Kawasaki Frontale,Consadole Sapporo,Kawasaki Frontale,2,3,2,0,0.9
2012-04-14,Yokohama F. Marinos,Omiya Ardija,Yokohama F. Marinos,Omiya Ardija,1,1,0,0,1.0
2012-04-14,Urawa Reds,Vissel Kobe,Urawa Red Diamonds,Vissel Kobe,2,0,0,0,0.86
2012-04-14,Sagan Tosu,Sanfrecce Hiroshima,Sagan Tosu,Sanfrecce Hiroshima,1,0,1,0,1.0
2012-04-14,Kashiwa Reysol,Vegalta Sendai,Kashiwa Reysol,Vegalta Sendai,2,3,0,1,1.0
2012-04-14,FC Tokyo,Kashima Antlers,FC Tokyo,Kashima Antlers,1,2,0,0,1.0
2012-04-14,Cerezo Osaka,Albirex Niigata,Cerezo Osaka,Albirex Niigata,0,1,0,0,1.0
