prediction_date,match_id,match_date,match_number,league,home,away,odds_home,odds_draw,odds_away,home_goals,away_goals,actual_result,actual_result_label,source_type,imported_at
2025-08-11,2032925,2025-08-11,周日019,葡萄牙超级联赛,法马利康,圣克拉拉,2.05,2.85,3.45,3,0,0,胜,official_result_market_odds,2026-08-11T21:44:29
2025-08-11,2032926,2025-08-11,周日020,挪威超级联赛,桑纳菲尤尔,维京,2.63,3.9,2.03,1,2,2,负,official_result_market_odds,2026-08-11T21:44:29
2025-08-11,2032927,2025-08-11,周日021,葡萄牙超级联赛,布拉加,通德拉,1.25,4.85,8.1,3,0,0,胜,official_result_market_odds,2026-08-11T21:44:29
2025-08-11,2032928,2025-08-11,周日023,美国职业大联盟,纽约红牛,皇家盐湖城,2.0,3.35,3.02,2,1,0,胜,official_result_market_odds,2026-08-11T21:44:29
2025-08-11,2032929,2025-08-11,周一001,日本职业联赛,大阪樱花,新潟天鹅,1.55,3.8,4.55,3,1,0,胜,official_result_market_odds,2026-08-11T21:44:29
2025-08-11,2032937,2025-08-11,周日022,葡萄牙超级联赛,摩雷伦斯,阿尔维卡,1.81,2.95,4.2,2,1,0,胜,official_result_market_odds,2026-08-11T21:44:29
2025-08-12,2032930,2025-08-12,周一002,芬兰超级联赛,赫尔辛基,坦佩雷山猫,2.28,3.6,2.42,5,1,0,胜,official_result_market_odds,2026-08-11T21:44:29
2025-08-12,2032931,2025-08-12,周一003,瑞典超级联赛,埃尔夫斯堡,韦纳穆,1.3,4.85,6.5,2,2,1,平,official_result_market_odds,2026-08-11T21:44:29
2025-08-12,2032932,2025-08-12,周一004,瑞典超级联赛,哥德堡盖斯,IFK哥德堡,1.78,3.38,3.68,0,1,2,负,official_result_market_odds,2026-08-11T21:44:29
2025-08-12,2032933,2025-08-12,周一005,葡萄牙超级联赛,埃斯托里尔,阿马多拉,1.58,3.5,4.75,1,1,1,平,official_result_market_odds,2026-08-11T21:44:29
2025-08-12,2032934,2025-08-12,周一007,葡萄牙超级联赛,波尔图,吉马良斯,1.39,4.08,6.1,3,0,0,胜,official_result_market_odds,2026-08-11T21:44:29
2025-08-12,2032938,2025-08-12,周一006,法国乙级联赛,亚眠,兰斯,5.85,3.86,1.43,2,2,1,平,official_result_market_odds,2026-08-11T21:44:29
2025-08-12,2032971,2025-08-12,周二001,亚洲冠军精英联赛,成都蓉城,曼谷联,1.38,4.45,5.55,3,0,0,胜,official_result_market_odds,2026-08-11T21:44:29
2025-08-13,2032957,2025-08-13,周二002,欧洲冠军联赛,费内巴切,费耶诺德,1.4,4.3,5.5,5,2,0,胜,official_result_market_odds,2026-08-11T21:44:29
2025-08-13,2032958,2025-08-13,周二003,欧洲冠军联赛,哥本哈根,马尔默,1.54,3.5,5.15,5,0,0,胜,official_result_market_odds,2026-08-11T21:44:29
2025-08-13,2032959,2025-08-13,周二004,欧洲冠军联赛,比尔森,格拉斯哥流浪者,1.74,3.83,3.4,2,1,0,胜,official_result_market_odds,2026-08-11T21:44:29
2025-08-13,2032960,2025-08-13,周二005,欧洲冠军联赛,布鲁日,萨尔茨堡,1.61,3.7,4.2,3,2,0,胜,official_result_market_odds,2026-08-11T21:44:29
2025-08-13,2032961,2025-08-13,周二006,欧洲冠军联赛,费伦茨瓦罗斯,卢多戈雷茨,1.36,4.0,6.95,3,0,0,胜,official_result_market_odds,2026-08-11T21:44:29
2025-08-13,2032962,2025-08-13,周二007,欧罗巴联赛,谢尔本,里耶卡,4.6,3.65,1.57,1,3,2,负,official_result_market_odds,2026-08-11T21:44:29
2025-08-13,2032963,2025-08-13,周二009,英格兰联赛杯,西布罗姆维奇,德比郡,1.79,3.2,3.88,1,1,1,平,official_result_market_odds,2026-08-11T21:44:29
2025-08-13,2032964,2025-08-13,周二010,英格兰联赛杯,沃特福德,诺维奇,2.6,3.05,2.4,1,2,2,负,official_result_market_odds,2026-08-11T21:44:29
2025-08-13,2032965,2025-08-13,周二011,欧洲冠军联赛,本菲卡,尼斯,1.39,4.26,5.7,2,0,0,胜,official_result_market_odds,2026-08-11T21:44:29
2025-08-13,2032972,2025-08-13,周二008,英格兰联赛杯,雷克斯汉姆,赫尔城,2.35,2.9,2.79,3,3,1,平,official_result_market_odds,2026-08-11T21:44:29
2025-08-14,2032973,2025-08-14,周三001,欧洲超级杯,巴黎圣日尔曼,托特纳姆热刺,1.34,4.4,6.4,2,2,1,平,official_result_market_odds,2026-08-11T21:44:29
2025-08-14,2032974,2025-08-14,周三002,英格兰联赛杯,伯明翰,谢菲尔德联,1.92,3.12,3.47,2,1,0,胜,official_result_market_odds,2026-08-11T21:44:29
2025-08-15,2032966,2025-08-15,周四001,欧罗巴联赛,中日德兰,腓特烈斯塔,1.37,4.4,5.8,2,0,0,胜,official_result_market_odds,2026-08-11T21:44:29
2025-08-15,2032967,2025-08-15,周四002,欧罗巴联赛,沃尔夫斯贝格,塞萨洛尼基,3.6,2.95,1.95,0,0,1,平,official_result_market_odds,2026-08-11T21:44:29
2025-08-15,2032968,2025-08-15,周四003,欧罗巴联赛,布兰,赫根,1.57,4.05,4.08,0,1,2,负,official_result_market_odds,2026-08-11T21:44:29
2025-08-15,2032969,2025-08-15,周四004,欧罗巴联赛,乌德勒支,塞尔维特,1.3,4.85,6.5,2,1,0,胜,official_result_market_odds,2026-08-11T21:44:29
2025-08-15,2032970,2025-08-15,周四005,欧罗巴联赛,布拉加,克卢日,1.25,4.6,9.0,2,0,0,胜,official_result_market_odds,2026-08-11T21:44:29
2025-08-15,2032988,2025-08-15,周五001,韩国职业联赛,济州SK,江原FC,2.22,2.95,2.95,0,0,1,平,official_result_market_odds,2026-08-11T21:44:29
2025-08-15,2032989,2025-08-15,周五002,韩国职业联赛,安养FC,浦项制铁,3.16,3.15,2.02,0,1,2,负,official_result_market_odds,2026-08-11T21:44:29
2025-08-15,2032990,2025-08-15,周五003,葡萄牙超级联赛,阿维斯SAD,卡萨皮亚,3.02,2.65,2.38,0,2,2,负,official_result_market_odds,2026-08-11T21:44:29
2025-08-16,2032991,2025-08-16,周五004,西班牙甲级联赛,赫罗纳,巴列卡诺,1.84,3.3,3.55,1,3,2,负,official_result_market_odds,2026-08-11T21:44:29
2025-08-16,2032992,2025-08-16,周五005,挪威超级联赛,斯特罗姆加斯特,博德闪耀,7.7,5.8,1.21,0,5,2,负,official_result_market_odds,2026-08-11T21:44:29
2025-08-16,2032993,2025-08-16,周五006,法国乙级联赛,克莱蒙,特鲁瓦,2.61,2.88,2.51,0,0,1,平,official_result_market_odds,2026-08-11T21:44:29
2025-08-16,2032994,2025-08-16,周五007,荷兰甲级联赛,特尔斯达,兹沃勒,2.56,3.4,2.25,0,2,2,负,official_result_market_odds,2026-08-11T21:44:29
2025-08-16,2032995,2025-08-16,周五008,荷兰乙级联赛,坎布尔,奥斯,1.22,5.4,8.0,1,0,0,胜,official_result_market_odds,2026-08-11T21:44:29
2025-08-16,2032996,2025-08-16,周五009,德国杯,比勒费尔德,云达不来梅,3.35,3.3,1.9,1,0,0,胜,official_result_market_odds,2026-08-11T21:44:29
2025-08-16,2032997,2025-08-16,周五010,法国甲级联赛,雷恩,马赛,3.55,3.5,1.78,1,0,0,胜,official_result_market_odds,2026-08-11T21:44:29
2025-08-16,2032998,2025-08-16,周五011,英格兰超级联赛,利物浦,伯恩茅斯,1.18,5.95,8.75,4,2,0,胜,official_result_market_odds,2026-08-11T21:44:29
2025-08-16,2032999,2025-08-16,周五012,西班牙甲级联赛,比利亚雷亚尔,皇家奥维耶多,1.23,4.75,9.4,2,0,0,胜,official_result_market_odds,2026-08-11T21:44:29
2025-08-16,2033004,2025-08-16,周六001,日本职业联赛,鹿岛鹿角,福冈黄蜂,1.82,3.12,3.85,1,1,1,平,official_result_market_odds,2026-08-11T21:44:29
2025-08-16,2033005,2025-08-16,周六002,日本乙级联赛,水户蜀葵,磐田喜悦,1.95,3.25,3.25,1,3,2,负,official_result_market_odds,2026-08-11T21:44:29
2025-08-16,2033006,2025-08-16,周六003,日本职业联赛,神户胜利船,横滨FC,1.25,4.7,8.55,0,1,2,负,official_result_market_odds,2026-08-11T21:44:29
2025-08-16,2033007,2025-08-16,周六004,日本职业联赛,浦和红钻,名古屋鲸八,1.75,3.3,3.92,2,1,0,胜,official_result_market_odds,2026-08-11T21:44:29
2025-08-16,2033008,2025-08-16,周六005,韩国职业联赛,全北现代,大邱FC,1.28,4.85,7.05,3,0,0,胜,official_result_market_odds,2026-08-11T21:44:29
2025-08-16,2033009,2025-08-16,周六006,英格兰超级联赛,阿斯顿维拉,纽卡斯尔联,2.05,3.48,2.82,0,0,1,平,official_result_market_odds,2026-08-11T21:44:29
2025-08-16,2033010,2025-08-16,周六007,英格兰冠军联赛,德比郡,考文垂,3.5,2.95,1.98,3,5,2,负,official_result_market_odds,2026-08-11T21:44:29
2025-08-16,2033011,2025-08-16,周六008,英格兰冠军联赛,朴次茅斯,诺维奇,2.45,3.19,2.45,1,2,2,负,official_result_market_odds,2026-08-11T21:44:29
2025-08-16,2033012,2025-08-16,周六009,瑞典超级联赛,哈尔姆斯塔德,马尔默,5.0,3.74,1.51,0,4,2,负,official_result_market_odds,2026-08-11T21:44:29
2025-08-16,2033013,2025-08-16,周六010,英格兰超级联赛,布赖顿,富勒姆,1.65,3.6,4.1,1,1,1,平,official_result_market_odds,2026-08-11T21:44:29
2025-08-16,2033014,2025-08-16,周六012,英格兰超级联赛,托特纳姆热刺,伯恩利,1.34,4.4,6.4,3,0,0,胜,official_result_market_odds,2026-08-11T21:44:29
2025-08-16,2033015,2025-08-16,周六013,英格兰冠军联赛,米尔沃尔,米德尔斯堡,2.03,3.0,3.3,0,3,2,负,official_result_market_odds,2026-08-11T21:44:29
2025-08-16,2033016,2025-08-16,周六014,芬兰超级联赛,AC奥卢,坦佩雷山猫,4.31,4.1,1.53,0,4,2,负,official_result_market_odds,2026-08-11T21:44:29
2025-08-16,2033017,2025-08-16,周六015,葡萄牙超级联赛,通德拉,法马利康,4.05,3.32,1.72,0,1,2,负,official_result_market_odds,2026-08-11T21:44:29
2025-08-16,2033018,2025-08-16,周六016,瑞典超级联赛,北雪平,埃尔夫斯堡,3.4,3.65,1.78,2,1,0,胜,official_result_market_odds,2026-08-11T21:44:29
2025-08-16,2033071,2025-08-16,周六011,英格兰超级联赛,桑德兰,西汉姆联,3.3,3.16,1.96,3,0,0,胜,official_result_market_odds,2026-08-11T21:44:29
2025-08-17,2033019,2025-08-17,周六017,英格兰超级联赛,狼队,曼彻斯特城,6.25,4.6,1.33,0,4,2,负,official_result_market_odds,2026-08-11T21:44:29
2025-08-17,2033020,2025-08-17,周六018,荷兰甲级联赛,SBV精英,费耶诺德,6.1,4.7,1.33,1,2,2,负,official_result_market_odds,2026-08-11T21:44:29
2025-08-17,2033021,2025-08-17,周六019,法国甲级联赛,摩纳哥,勒阿弗尔,1.12,6.7,11.5,3,1,0,胜,official_result_market_odds,2026-08-11T21:44:29
2025-08-17,2033022,2025-08-17,周六020,葡萄牙超级联赛,吉马良斯,埃斯托里尔,1.55,3.55,4.95,3,2,0,胜,official_result_market_odds,2026-08-11T21:44:29
2025-08-17,2033023,2025-08-17,周六021,西班牙甲级联赛,马洛卡,巴塞罗那,8.25,5.3,1.22,0,3,2,负,official_result_market_odds,2026-08-11T21:44:29
2025-08-17,2033024,2025-08-17,周六022,荷兰甲级联赛,赫拉克勒斯,奈梅亨,2.86,3.3,2.1,1,4,2,负,official_result_market_odds,2026-08-11T21:44:29
2025-08-17,2033025,2025-08-17,周六023,德国超级杯,斯图加特,拜仁慕尼黑,4.95,4.48,1.42,1,2,2,负,official_result_market_odds,2026-08-11T21:44:29
2025-08-17,2033026,2025-08-17,周六024,荷兰甲级联赛,格罗宁根,海伦芬,2.05,3.25,3.0,2,1,0,胜,official_result_market_odds,2026-08-11T21:44:29
2025-08-17,2033027,2025-08-17,周六025,法国甲级联赛,尼斯,图卢兹,1.92,3.1,3.5,0,1,2,负,official_result_market_odds,2026-08-11T21:44:29
2025-08-17,2033028,2025-08-17,周六026,西班牙甲级联赛,阿拉维斯,莱万特,1.8,2.95,4.25,2,1,0,胜,official_result_market_odds,2026-08-11T21:44:29
2025-08-17,2033029,2025-08-17,周六027,西班牙甲级联赛,巴伦西亚,皇家社会,2.35,2.75,2.95,1,1,1,平,official_result_market_odds,2026-08-11T21:44:29
2025-08-17,2033030,2025-08-17,周六028,葡萄牙超级联赛,阿马多拉,本菲卡,13.0,6.25,1.12,0,1,2,负,official_result_market_odds,2026-08-11T21:44:29
2025-08-17,2033031,2025-08-17,周六029,美国职业大联盟,新英格兰革命,洛杉矶FC,3.24,3.65,1.83,0,2,2,负,official_result_market_odds,2026-08-11T21:44:29
2025-08-17,2033032,2025-08-17,周日001,日本职业联赛,冈山绿雉,柏太阳神,4.57,3.45,1.61,2,1,0,胜,official_result_market_odds,2026-08-11T21:44:29
2025-08-17,2033033,2025-08-17,周日002,韩国职业联赛,金泉尚武,首尔FC,3.15,3.07,2.06,6,2,0,胜,official_result_market_odds,2026-08-11T21:44:29
2025-08-17,2033034,2025-08-17,周日003,荷兰甲级联赛,前进之鹰,阿贾克斯,3.9,3.85,1.63,2,2,1,平,official_result_market_odds,2026-08-11T21:44:29
2025-08-17,2033035,2025-08-17,周日004,英格兰冠军联赛,伊普斯维奇,南安普敦,1.81,3.35,3.6,1,1,1,平,official_result_market_odds,2026-08-11T21:44:29
2025-08-17,2033036,2025-08-17,周日005,瑞典超级联赛,IFK哥德堡,AIK索尔纳,2.15,3.05,2.97,2,1,0,胜,official_result_market_odds,2026-08-11T21:44:29
2025-08-17,2033037,2025-08-17,周日006,荷兰甲级联赛,特温特,PSV埃因霍温,5.05,4.6,1.4,0,2,2,负,official_result_market_odds,2026-08-11T21:44:29
2025-08-17,2033038,2025-08-17,周日007,荷兰甲级联赛,鹿特丹斯巴达,乌德勒支,2.34,3.6,2.36,2,1,0,胜,official_result_market_odds,2026-08-11T21:44:29
2025-08-17,2033039,2025-08-17,周日008,挪威超级联赛,特罗姆瑟,布兰,2.18,3.45,2.63,1,2,2,负,official_result_market_odds,2026-08-11T21:44:29
2025-08-17,2033040,2025-08-17,周日009,英格兰超级联赛,诺丁汉森林,布伦特福德,1.72,3.4,3.95,3,1,0,胜,official_result_market_odds,2026-08-11T21:44:29
2025-08-17,2033041,2025-08-17,周日010,英格兰超级联赛,切尔西,水晶宫,1.65,3.65,4.02,0,0,1,平,official_result_market_odds,2026-08-11T21:44:29
2025-08-17,2033042,2025-08-17,周日011,法国甲级联赛,布雷斯特,里尔,2.34,3.12,2.62,3,3,1,平,official_result_market_odds,2026-08-11T21:44:29
2025-08-17,2033043,2025-08-17,周日012,英格兰冠军联赛,赫尔城,牛津联,1.69,3.12,4.6,3,2,0,胜,official_result_market_odds,2026-08-11T21:44:29
2025-08-17,2033044,2025-08-17,周日013,芬兰超级联赛,库奥皮奥,国际图尔库,3.52,3.5,1.79,2,1,0,胜,official_result_market_odds,2026-08-11T21:44:29
2025-08-17,2033045,2025-08-17,周日014,葡萄牙超级联赛,里奥阿维,葡萄牙国民,1.93,3.15,3.4,1,1,1,平,official_result_market_odds,2026-08-11T21:44:29
2025-08-17,2033046,2025-08-17,周日015,瑞典超级联赛,哈马比,哥德堡盖斯,1.7,3.52,3.9,1,2,2,负,official_result_market_odds,2026-08-11T21:44:29
2025-08-17,2033047,2025-08-17,周日016,瑞典超级联赛,米亚尔比,佐加顿斯,1.82,3.45,3.45,1,1,1,平,official_result_market_odds,2026-08-11T21:44:29
2025-08-17,2033048,2025-08-17,周日017,荷兰甲级联赛,福伦丹,阿尔克马尔,6.7,5.2,1.27,2,2,1,平,official_result_market_odds,2026-08-11T21:44:29
2025-08-17,2033049,2025-08-17,周日018,西班牙甲级联赛,维戈塞尔塔,赫塔费,1.5,3.35,6.1,0,2,2,负,official_result_market_odds,2026-08-11T21:44:29
2025-08-17,2033050,2025-08-17,周日019,挪威超级联赛,奥斯陆KFUM,莫尔德,2.59,3.15,2.35,0,0,1,平,official_result_market_odds,2026-08-11T21:44:29
2025-08-17,2033051,2025-08-17,周日020,挪威超级联赛,克里斯蒂安松,桑纳菲尤尔,3.15,3.85,1.81,2,2,1,平,official_result_market_odds,2026-08-11T21:44:29
2025-08-17,2033052,2025-08-17,周日021,法国甲级联赛,昂热,巴黎FC,3.1,3.15,2.05,1,0,0,胜,official_result_market_odds,2026-08-11T21:44:29
2025-08-17,2033053,2025-08-17,周日022,法国甲级联赛,欧塞尔,洛里昂,2.2,2.98,2.95,1,0,0,胜,official_result_market_odds,2026-08-11T21:44:29
2025-08-17,2033054,2025-08-17,周日023,法国甲级联赛,梅斯,斯特拉斯堡,3.7,3.4,1.77,0,1,2,负,official_result_market_odds,2026-08-11T21:44:29
2025-08-17,2033055,2025-08-17,周日024,英格兰超级联赛,曼彻斯特联,阿森纳,3.75,3.45,1.75,0,1,2,负,official_result_market_odds,2026-08-11T21:44:29
2025-08-18,2033056,2025-08-18,周日025,葡萄牙超级联赛,阿尔维卡,布拉加,5.85,3.86,1.43,0,3,2,负,official_result_market_odds,2026-08-11T21:44:29
2025-08-18,2033057,2025-08-18,周日026,葡萄牙超级联赛,圣克拉拉,摩雷伦斯,1.82,2.9,4.25,0,1,2,负,official_result_market_odds,2026-08-11T21:44:29
2025-08-18,2033058,2025-08-18,周日027,挪威超级联赛,瓦勒伦加,萨尔普斯堡,1.66,3.85,3.74,4,0,0,胜,official_result_market_odds,2026-08-11T21:44:29
2025-08-18,2033059,2025-08-18,周日028,西班牙甲级联赛,毕尔巴鄂竞技,塞维利亚,1.52,3.4,5.65,3,2,0,胜,official_result_market_odds,2026-08-11T21:44:29
2025-08-18,2033060,2025-08-18,周日029,荷兰甲级联赛,布雷达,福图纳锡塔德,2.15,3.0,3.02,2,1,0,胜,official_result_market_odds,2026-08-11T21:44:29
2025-08-18,2033061,2025-08-18,周日030,法国甲级联赛,南特,巴黎圣日尔曼,10.25,6.15,1.15,0,1,2,负,official_result_market_odds,2026-08-11T21:44:29
2025-08-18,2033062,2025-08-18,周日031,西班牙甲级联赛,西班牙人,马德里竞技,6.15,3.81,1.42,2,1,0,胜,official_result_market_odds,2026-08-11T21:44:29
2025-08-18,2033064,2025-08-18,周日033,美国职业大联盟,纽约城,纳什维尔,2.2,3.25,2.72,2,1,0,胜,official_result_market_odds,2026-08-11T21:44:29
2025-08-19,2033065,2025-08-19,周一002,德国杯,德累斯顿,美因茨,5.6,4.25,1.4,0,1,2,负,official_result_market_odds,2026-08-11T21:44:29
2025-08-19,2033066,2025-08-19,周一003,芬兰超级联赛,雅罗,塞伊奈约基,3.55,3.72,1.73,0,4,2,负,official_result_market_odds,2026-08-11T21:44:29
2025-08-19,2033067,2025-08-19,周一004,瑞典超级联赛,韦纳穆,代格福什,1.92,3.48,3.12,3,2,0,胜,official_result_market_odds,2026-08-11T21:44:29
2025-08-19,2033068,2025-08-19,周一006,英格兰超级联赛,利兹联,埃弗顿,2.17,2.92,3.08,1,0,0,胜,official_result_market_odds,2026-08-11T21:44:29
2025-08-19,2033069,2025-08-19,周一007,西班牙甲级联赛,埃尔切,皇家贝蒂斯,3.15,3.05,2.07,1,1,1,平,official_result_market_odds,2026-08-11T21:44:29
2025-08-19,2033070,2025-08-19,周一008,葡萄牙超级联赛,吉维森特,波尔图,7.85,4.65,1.27,0,2,2,负,official_result_market_odds,2026-08-11T21:44:29
2025-08-19,2033072,2025-08-19,周一001,德国杯,明斯特普鲁士,柏林赫塔,3.45,3.2,1.9,0,0,1,平,official_result_market_odds,2026-08-11T21:44:29
2025-08-19,2033073,2025-08-19,周一005,法国乙级联赛,勒芒,蒙彼利埃,2.32,3.05,2.7,1,2,2,负,official_result_market_odds,2026-08-11T21:44:29
2025-08-20,2033084,2025-08-20,周二001,欧洲冠军联赛,格拉斯哥流浪者,布鲁日,2.96,3.2,2.09,1,3,2,负,official_result_market_odds,2026-08-11T21:44:29
2025-08-20,2033085,2025-08-20,周二002,欧洲冠军联赛,费伦茨瓦罗斯,卡拉巴赫,1.78,3.03,4.2,1,3,2,负,official_result_market_odds,2026-08-11T21:44:29
2025-08-20,2033086,2025-08-20,周二004,西班牙甲级联赛,皇家马德里,奥萨苏纳,1.12,6.25,13.0,1,0,0,胜,official_result_market_odds,2026-08-11T21:44:29
2025-08-20,2033087,2025-08-20,周三001,日本职业联赛,广岛三箭,神户胜利船,2.21,3.04,2.88,0,1,2,负,official_result_market_odds,2026-08-11T21:44:29
2025-08-20,2033088,2025-08-20,周三002,韩国杯,全北现代,江原FC,1.44,3.85,5.7,1,1,1,平,official_result_market_odds,2026-08-11T21:44:29
2025-08-20,2033098,2025-08-20,周二003,欧洲冠军联赛,贝尔格莱德红星,帕福斯,1.36,4.1,6.65,1,2,2,负,official_result_market_odds,2026-08-11T21:44:29
2025-08-21,2033089,2025-08-21,周三003,欧洲冠军联赛,博德闪耀,格拉茨风暴,1.36,4.55,5.75,5,0,0,胜,official_result_market_odds,2026-08-11T21:44:29
2025-08-21,2033090,2025-08-21,周三004,欧洲冠军联赛,巴塞尔,哥本哈根,2.33,2.98,2.75,1,1,1,平,official_result_market_odds,2026-08-11T21:44:29
2025-08-21,2033091,2025-08-21,周三005,欧洲冠军联赛,费内巴切,本菲卡,2.72,3.4,2.14,0,0,1,平,official_result_market_odds,2026-08-11T21:44:29
2025-08-22,2033093,2025-08-22,周四003,欧罗巴联赛,布兰,AEK拉纳卡,1.48,3.8,5.25,2,1,0,胜,official_result_market_odds,2026-08-11T21:44:29
2025-08-22,2033094,2025-08-22,周四004,欧罗巴联赛,兹林尼斯基,乌德勒支,5.55,4.0,1.43,0,2,2,负,official_result_market_odds,2026-08-11T21:44:29
2025-08-22,2033095,2025-08-22,周四005,欧罗巴联赛,布拉迪斯拉发,年轻人,2.92,3.25,2.09,0,1,2,负,official_result_market_odds,2026-08-11T21:44:29
2025-08-22,2033096,2025-08-22,周四006,欧罗巴联赛,阿伯丁,布加勒斯特星,2.4,2.92,2.7,2,2,1,平,official_result_market_odds,2026-08-11T21:44:29
2025-08-22,2033097,2025-08-22,周四007,欧罗巴联赛,里耶卡,塞萨洛尼基,3.78,2.95,1.9,1,0,0,胜,official_result_market_odds,2026-08-11T21:44:29
2025-08-22,2033099,2025-08-22,周四001,欧洲协会联赛,罗森博格,美因茨,3.82,3.45,1.73,2,1,0,胜,official_result_market_odds,2026-08-11T21:44:29
2025-08-22,2033111,2025-08-22,周五001,日本职业联赛,柏太阳神,浦和红钻,1.87,3.3,3.43,4,2,0,胜,official_result_market_odds,2026-08-11T21:44:29
2025-08-22,2033112,2025-08-22,周五002,芬兰超级联赛,瓦萨,科特卡,1.45,4.25,4.9,3,2,0,胜,official_result_market_odds,2026-08-11T21:44:29
2025-08-23,2033113,2025-08-23,周五003,德国乙级联赛,埃尔沃斯堡,凯泽斯劳滕,1.87,3.35,3.38,2,1,0,胜,official_result_market_odds,2026-08-11T21:44:29
2025-08-23,2033114,2025-08-23,周五004,挪威超级联赛,奥斯陆KFUM,汉坎,1.43,3.85,5.9,2,2,1,平,official_result_market_odds,2026-08-11T21:44:29
2025-08-23,2033115,2025-08-23,周五005,荷兰乙级联赛,海尔蒙特,埃门,1.84,3.34,3.5,2,0,0,胜,official_result_market_odds,2026-08-11T21:44:29
2025-08-23,2033116,2025-08-23,周五006,德国甲级联赛,拜仁慕尼黑,莱比锡红牛,1.15,6.5,9.4,6,0,0,胜,official_result_market_odds,2026-08-11T21:44:29
2025-08-23,2033118,2025-08-23,周五008,英格兰超级联赛,西汉姆联,切尔西,5.2,3.9,1.47,1,5,2,负,official_result_market_odds,2026-08-11T21:44:29
2025-08-23,2033119,2025-08-23,周五009,英格兰冠军联赛,德比郡,布里斯托尔城,3.25,3.0,2.05,1,1,1,平,official_result_market_odds,2026-08-11T21:44:29
2025-08-23,2033120,2025-08-23,周五010,西班牙甲级联赛,皇家贝蒂斯,阿拉维斯,1.72,3.05,4.55,1,0,0,胜,official_result_market_odds,2026-08-11T21:44:29
2025-08-23,2033128,2025-08-23,周六001,日本职业联赛,大阪樱花,神户胜利船,2.98,3.35,2.02,1,1,1,平,official_result_market_odds,2026-08-11T21:44:29
2025-08-23,2033129,2025-08-23,周六002,日本职业联赛,东京绿茵,广岛三箭,3.9,2.87,1.91,0,3,2,负,official_result_market_odds,2026-08-11T21:44:29
2025-08-23,2033130,2025-08-23,周六003,韩国职业联赛,金泉尚武,水原FC,1.62,3.9,3.92,3,2,0,胜,official_result_market_odds,2026-08-11T21:44:29
2025-08-23,2033131,2025-08-23,周六004,韩国职业联赛,大邱FC,济州SK,2.6,3.15,2.35,2,2,1,平,official_result_market_odds,2026-08-11T21:44:29
2025-08-23,2033132,2025-08-23,周六005,日本职业联赛,横滨水手,町田泽维亚,4.05,3.66,1.64,0,0,1,平,official_result_market_odds,2026-08-11T21:44:29
2025-08-23,2033133,2025-08-23,周六006,英格兰超级联赛,曼彻斯特城,托特纳姆热刺,1.44,4.15,5.15,0,2,2,负,official_result_market_odds,2026-08-11T21:44:29
2025-08-23,2033134,2025-08-23,周六007,英格兰冠军联赛,查尔顿,莱切斯特城,2.92,3.0,2.21,0,1,2,负,official_result_market_odds,2026-08-11T21:44:29
2025-08-23,2033135,2025-08-23,周六008,德国甲级联赛,法兰克福,云达不来梅,1.33,4.85,5.85,4,1,0,胜,official_result_market_odds,2026-08-11T21:44:29
2025-08-23,2033136,2025-08-23,周六009,德国甲级联赛,柏林联合,斯图加特,3.8,3.6,1.7,2,1,0,胜,official_result_market_odds,2026-08-11T21:44:29
2025-08-23,2033137,2025-08-23,周六010,德国甲级联赛,弗赖堡,奥格斯堡,1.66,3.43,4.25,1,3,2,负,official_result_market_odds,2026-08-11T21:44:29
2025-08-23,2033138,2025-08-23,周六011,德国甲级联赛,海登海姆,沃尔夫斯堡,2.58,3.35,2.26,1,3,2,负,official_result_market_odds,2026-08-11T21:44:29
2025-08-23,2033139,2025-08-23,周六012,德国甲级联赛,勒沃库森,霍芬海姆,1.47,4.2,4.75,1,2,2,负,official_result_market_odds,2026-08-11T21:44:29
2025-08-23,2033140,2025-08-23,周六013,英格兰超级联赛,伯恩利,桑德兰,2.28,2.9,2.89,2,0,0,胜,official_result_market_odds,2026-08-11T21:44:29
2025-08-23,2033141,2025-08-23,周六014,英格兰超级联赛,布伦特福德,阿斯顿维拉,3.25,3.4,1.9,1,0,0,胜,official_result_market_odds,2026-08-11T21:44:29
2025-08-23,2033142,2025-08-23,周六015,英格兰超级联赛,伯恩茅斯,狼队,1.59,3.6,4.5,1,0,0,胜,official_result_market_odds,2026-08-11T21:44:29
2025-08-23,2033143,2025-08-23,周六016,英格兰冠军联赛,谢菲尔德联,米尔沃尔,1.65,3.45,4.28,0,1,2,负,official_result_market_odds,2026-08-11T21:44:29
2025-08-23,2033144,2025-08-23,周六017,荷兰甲级联赛,前进之鹰,鹿特丹斯巴达,1.72,3.65,3.65,0,3,2,负,official_result_market_odds,2026-08-11T21:44:29
2025-08-23,2033145,2025-08-23,周六018,西班牙甲级联赛,马洛卡,维戈塞尔塔,3.12,2.8,2.22,1,1,1,平,official_result_market_odds,2026-08-11T21:44:29
2025-08-23,2033146,2025-08-23,周六019,法国甲级联赛,马赛,巴黎FC,1.23,5.2,8.05,5,2,0,胜,official_result_market_odds,2026-08-11T21:44:29
2025-08-24,2033147,2025-08-24,周六020,英格兰超级联赛,阿森纳,利兹联,1.19,5.3,10.0,5,0,0,胜,official_result_market_odds,2026-08-11T21:44:29
2025-08-24,2033148,2025-08-24,周六021,德国甲级联赛,圣保利,多特蒙德,4.1,3.55,1.66,3,3,1,平,official_result_market_odds,2026-08-11T21:44:29
2025-08-24,2033149,2025-08-24,周六022,意大利甲级联赛,热那亚,莱切,1.54,3.32,5.6,0,0,1,平,official_result_market_odds,2026-08-11T21:44:29
2025-08-24,2033150,2025-08-24,周六023,意大利甲级联赛,萨索洛,那不勒斯,5.9,3.85,1.43,0,2,2,负,official_result_market_odds,2026-08-11T21:44:29
2025-08-24,2033152,2025-08-24,周六025,法国甲级联赛,尼斯,欧塞尔,1.6,3.6,4.45,3,1,0,胜,official_result_market_odds,2026-08-11T21:44:29
2025-08-24,2033153,2025-08-24,周六026,葡萄牙超级联赛,葡萄牙国民,里斯本竞技,11.5,6.05,1.14,1,4,2,负,official_result_market_odds,2026-08-11T21:44:29
2025-08-24,2033154,2025-08-24,周六027,西班牙甲级联赛,马德里竞技,埃尔切,1.16,5.5,12.0,1,1,1,平,official_result_market_odds,2026-08-11T21:44:29
2025-08-24,2033155,2025-08-24,周六028,意大利甲级联赛,AC米兰,克雷莫纳,1.25,4.85,8.1,1,2,2,负,official_result_market_odds,2026-08-11T21:44:29
2025-08-24,2033156,2025-08-24,周六029,意大利甲级联赛,罗马,博洛尼亚,1.99,2.9,3.55,1,0,0,胜,official_result_market_odds,2026-08-11T21:44:29
2025-08-24,2033157,2025-08-24,周六030,西班牙甲级联赛,莱万特,巴塞罗那,10.2,6.5,1.14,2,3,2,负,official_result_market_odds,2026-08-11T21:44:29
2025-08-24,2033159,2025-08-24,周六032,美国职业大联盟,纳什维尔,奥兰多城,1.69,3.68,3.77,5,1,0,胜,official_result_market_odds,2026-08-11T21:44:29
2025-08-24,2033160,2025-08-24,周日001,日本乙级联赛,长崎航海,山口雷诺法,1.38,4.25,5.9,1,0,0,胜,official_result_market_odds,2026-08-11T21:44:29
2025-08-24,2033161,2025-08-24,周日002,日本职业联赛,东京FC,京都不死鸟,2.38,3.4,2.41,0,4,2,负,official_result_market_odds,2026-08-11T21:44:29
2025-08-24,2033162,2025-08-24,周日003,韩国职业联赛,浦项制铁,全北现代,3.22,3.16,1.99,3,1,0,胜,official_result_market_odds,2026-08-11T21:44:29
2025-08-24,2033163,2025-08-24,周日004,韩国职业联赛,首尔FC,蔚山现代,2.0,3.18,3.17,3,2,0,胜,official_result_market_odds,2026-08-11T21:44:29
2025-08-24,2033164,2025-08-24,周日005,荷兰甲级联赛,海伦芬,特温特,2.5,3.35,2.32,1,2,2,负,official_result_market_odds,2026-08-11T21:44:29
2025-08-24,2033165,2025-08-24,周日006,瑞典超级联赛,天狼星,哈马比,3.95,3.8,1.63,3,1,0,胜,official_result_market_odds,2026-08-11T21:44:29
2025-08-24,2033166,2025-08-24,周日007,荷兰甲级联赛,乌德勒支,SBV精英,1.3,4.8,6.6,4,1,0,胜,official_result_market_odds,2026-08-11T21:44:29
2025-08-24,2033167,2025-08-24,周日008,英格兰超级联赛,埃弗顿,布赖顿,2.9,3.15,2.14,2,0,0,胜,official_result_market_odds,2026-08-11T21:44:29
2025-08-24,2033168,2025-08-24,周日009,英格兰超级联赛,水晶宫,诺丁汉森林,2.35,3.0,2.7,1,1,1,平,official_result_market_odds,2026-08-11T21:44:29
2025-08-24,2033169,2025-08-24,周日010,法国甲级联赛,洛里昂,雷恩,2.7,3.05,2.32,4,0,0,胜,official_result_market_odds,2026-08-11T21:44:29
2025-08-24,2033170,2025-08-24,周日011,德国甲级联赛,美因茨,科隆,1.85,3.25,3.55,0,1,2,负,official_result_market_odds,2026-08-11T21:44:29
2025-08-24,2033171,2025-08-24,周日012,葡萄牙超级联赛,法马利康,吉维森特,1.63,3.18,5.0,0,0,1,平,official_result_market_odds,2026-08-11T21:44:29
2025-08-24,2033172,2025-08-24,周日013,荷兰甲级联赛,阿贾克斯,赫拉克勒斯,1.11,6.9,12.0,2,0,0,胜,official_result_market_odds,2026-08-11T21:44:29
2025-08-24,2033173,2025-08-24,周日014,西班牙甲级联赛,奥萨苏纳,巴伦西亚,2.1,2.85,3.32,1,0,0,胜,official_result_market_odds,2026-08-11T21:44:29
2025-08-24,2033174,2025-08-24,周日015,法国甲级联赛,斯特拉斯堡,南特,1.59,3.55,4.6,1,0,0,胜,official_result_market_odds,2026-08-11T21:44:29
2025-08-24,2033175,2025-08-24,周日016,英格兰超级联赛,富勒姆,曼彻斯特联,3.4,3.45,1.84,1,1,1,平,official_result_market_odds,2026-08-11T21:44:29
2025-08-24,2033176,2025-08-24,周日017,德国甲级联赛,门兴格拉德巴赫,汉堡,1.65,3.8,3.85,0,0,1,平,official_result_market_odds,2026-08-11T21:44:29
2025-08-25,2033177,2025-08-25,周日018,意大利甲级联赛,卡利亚里,佛罗伦萨,3.55,3.2,1.87,1,1,1,平,official_result_market_odds,2026-08-11T21:44:29
2025-08-25,2033178,2025-08-25,周日019,意大利甲级联赛,科莫,拉齐奥,2.35,3.1,2.62,2,0,0,胜,official_result_market_odds,2026-08-11T21:44:29
2025-08-25,2033179,2025-08-25,周日020,葡萄牙超级联赛,波尔图,卡萨皮亚,1.12,6.05,14.0,4,0,0,胜,official_result_market_odds,2026-08-11T21:44:29
2025-08-25,2033180,2025-08-25,周日021,西班牙甲级联赛,比利亚雷亚尔,赫罗纳,1.34,4.5,6.2,5,0,0,胜,official_result_market_odds,2026-08-11T21:44:29
2025-08-25,2033181,2025-08-25,周日022,西班牙甲级联赛,皇家社会,西班牙人,1.56,3.38,5.2,2,2,1,平,official_result_market_odds,2026-08-11T21:44:29
2025-08-25,2033182,2025-08-25,周日023,意大利甲级联赛,尤文图斯,帕尔马,1.27,4.75,7.6,2,0,0,胜,official_result_market_odds,2026-08-11T21:44:29
2025-08-25,2033183,2025-08-25,周日025,法国甲级联赛,里尔,摩纳哥,3.07,3.38,1.97,1,0,0,胜,official_result_market_odds,2026-08-11T21:44:29
2025-08-25,2033184,2025-08-25,周日026,西班牙甲级联赛,皇家奥维耶多,皇家马德里,9.15,5.55,1.19,0,3,2,负,official_result_market_odds,2026-08-11T21:44:29
2025-08-25,2033195,2025-08-25,周日024,意大利甲级联赛,亚特兰大,比萨,1.28,4.85,7.05,1,1,1,平,official_result_market_odds,2026-08-11T21:44:29
2025-08-26,2033185,2025-08-26,周一001,芬兰超级联赛,赫尔辛基火花,AC奥卢,1.68,3.55,3.96,3,2,0,胜,official_result_market_odds,2026-08-11T21:44:29
2025-08-26,2033186,2025-08-26,周一002,意大利甲级联赛,乌迪内斯,维罗纳,1.69,3.2,4.45,1,1,1,平,official_result_market_odds,2026-08-11T21:44:29
2025-08-26,2033187,2025-08-26,周一003,瑞典超级联赛,哥德堡盖斯,米亚尔比,2.33,3.05,2.7,0,2,2,负,official_result_market_odds,2026-08-11T21:44:29
2025-08-26,2033188,2025-08-26,周一004,挪威超级联赛,萨尔普斯堡,克里斯蒂安松,1.44,4.5,4.7,0,1,2,负,official_result_market_odds,2026-08-11T21:44:29
2025-08-26,2033189,2025-08-26,周一005,西班牙甲级联赛,毕尔巴鄂竞技,巴列卡诺,1.45,3.65,6.05,1,0,0,胜,official_result_market_odds,2026-08-11T21:44:29
2025-08-26,2033190,2025-08-26,周一006,意大利甲级联赛,国际米兰,都灵,1.23,4.9,8.9,5,0,0,胜,official_result_market_odds,2026-08-11T21:44:29
2025-08-26,2033191,2025-08-26,周一007,法国乙级联赛,波城FC,兰斯,3.76,3.5,1.73,2,0,0,胜,official_result_market_odds,2026-08-11T21:44:29
2025-08-26,2033192,2025-08-26,周一008,英格兰超级联赛,纽卡斯尔联,利物浦,2.95,3.65,1.94,2,3,2,负,official_result_market_odds,2026-08-11T21:44:29
2025-08-26,2033193,2025-08-26,周一009,葡萄牙超级联赛,阿马多拉,阿尔维卡,2.18,2.9,3.07,2,2,1,平,official_result_market_odds,2026-08-11T21:44:29
2025-08-26,2033194,2025-08-26,周一010,西班牙甲级联赛,塞维利亚,赫塔费,1.9,2.9,3.9,1,2,2,负,official_result_market_odds,2026-08-11T21:44:29
2025-08-27,2033216,2025-08-27,周二001,欧洲冠军联赛,阿拉木图凯拉特,凯尔特人,5.05,3.85,1.49,0,0,1,平,official_result_market_odds,2026-08-11T21:44:29
2025-08-27,2033217,2025-08-27,周二002,英格兰联赛杯,狼队,西汉姆联,2.23,3.05,2.83,3,2,0,胜,official_result_market_odds,2026-08-11T21:44:29
2025-08-27,2033218,2025-08-27,周二003,英格兰联赛杯,伯恩茅斯,布伦特福德,1.65,3.7,3.95,0,2,2,负,official_result_market_odds,2026-08-11T21:44:29
2025-08-27,2033219,2025-08-27,周二004,英格兰联赛杯,伯恩利,德比郡,1.25,4.4,9.75,2,1,0,胜,official_result_market_odds,2026-08-11T21:44:29
2025-08-27,2033220,2025-08-27,周二005,德国杯,不伦瑞克,斯图加特,9.0,5.65,1.19,3,3,1,平,official_result_market_odds,2026-08-11T21:44:29
2025-08-27,2033221,2025-08-27,周二006,欧洲冠军联赛,格拉茨风暴,博德闪耀,2.3,3.6,2.4,2,1,0,胜,official_result_market_odds,2026-08-11T21:44:29
2025-08-27,2033222,2025-08-27,周二007,欧洲冠军联赛,帕福斯,贝尔格莱德红星,3.56,3.45,1.79,1,1,1,平,official_result_market_odds,2026-08-11T21:44:29
2025-08-27,2033223,2025-08-27,周三001,韩国杯,江原FC,全北现代,3.5,3.25,1.87,1,2,2,负,official_result_market_odds,2026-08-11T21:44:29
2025-08-28,2033224,2025-08-28,周三002,欧罗巴联赛,AEK拉纳卡,布兰,2.3,3.1,2.69,0,4,2,负,official_result_market_odds,2026-08-11T21:44:29
2025-08-28,2033225,2025-08-28,周三003,英格兰联赛杯,牛津联,布赖顿,8.8,5.5,1.2,0,6,2,负,official_result_market_odds,2026-08-11T21:44:29
2025-08-28,2033226,2025-08-28,周三004,英格兰联赛杯,富勒姆,布里斯托尔城,1.26,4.75,8.0,2,0,0,胜,official_result_market_odds,2026-08-11T21:44:29
2025-08-28,2033227,2025-08-28,周三005,欧洲冠军联赛,哥本哈根,巴塞尔,1.43,4.05,5.45,2,0,0,胜,official_result_market_odds,2026-08-11T21:44:29
2025-08-28,2033228,2025-08-28,周三006,欧洲冠军联赛,布鲁日,格拉斯哥流浪者,1.45,4.0,5.26,6,0,0,胜,official_result_market_odds,2026-08-11T21:44:29
2025-08-28,2033229,2025-08-28,周三007,欧洲冠军联赛,本菲卡,费内巴切,1.54,3.55,5.05,1,0,0,胜,official_result_market_odds,2026-08-11T21:44:29
2025-08-28,2033230,2025-08-28,周三008,西班牙甲级联赛,维戈塞尔塔,皇家贝蒂斯,1.96,3.1,3.37,1,1,1,平,official_result_market_odds,2026-08-11T21:44:29
2025-08-28,2033231,2025-08-28,周四001,欧罗巴联赛,库奥皮奥,中日德兰,3.75,3.6,1.71,0,2,2,负,official_result_market_odds,2026-08-11T21:44:29
2025-08-29,2033232,2025-08-29,周四002,欧洲协会联赛,腓特烈斯塔,水晶宫,8.1,4.85,1.25,0,0,1,平,official_result_market_odds,2026-08-11T21:44:29
2025-08-29,2033233,2025-08-29,周四003,欧罗巴联赛,塞萨洛尼基,里耶卡,1.37,3.9,7.0,5,0,0,胜,official_result_market_odds,2026-08-11T21:44:29
2025-08-29,2033234,2025-08-29,周四004,欧罗巴联赛,年轻人,布拉迪斯拉发,1.51,3.95,4.7,3,2,0,胜,official_result_market_odds,2026-08-11T21:44:29
2025-08-29,2033235,2025-08-29,周四005,欧罗巴联赛,乌德勒支,兹林尼斯基,1.25,4.65,8.75,0,0,1,平,official_result_market_odds,2026-08-11T21:44:29
2025-08-29,2033236,2025-08-29,周四006,欧罗巴联赛,布加勒斯特星,阿伯丁,1.45,3.85,5.55,3,0,0,胜,official_result_market_odds,2026-08-11T21:44:29
2025-08-29,2033237,2025-08-29,周四007,欧洲协会联赛,美因茨,罗森博格,1.22,5.4,8.0,4,1,0,胜,official_result_market_odds,2026-08-11T21:44:29
2025-08-30,2033261,2025-08-30,周五001,德国乙级联赛,纽伦堡,帕德博恩,3.21,3.4,1.91,0,0,1,平,official_result_market_odds,2026-08-11T21:44:29
2025-08-30,2033262,2025-08-30,周五002,德国乙级联赛,柏林赫塔,埃尔沃斯堡,2.14,3.35,2.75,0,2,2,负,official_result_market_odds,2026-08-11T21:44:29
2025-08-30,2033263,2025-08-30,周五003,意大利甲级联赛,克雷莫纳,萨索洛,2.4,2.94,2.68,3,2,0,胜,official_result_market_odds,2026-08-11T21:44:29
2025-08-30,2033264,2025-08-30,周五004,西班牙甲级联赛,埃尔切,莱万特,2.08,2.82,3.4,2,0,0,胜,official_result_market_odds,2026-08-11T21:44:29
2025-08-30,2033265,2025-08-30,周五005,法国乙级联赛,圣旺红星,阿纳西,1.7,3.25,4.3,1,0,0,胜,official_result_market_odds,2026-08-11T21:44:29
2025-08-30,2033266,2025-08-30,周五006,荷兰甲级联赛,格罗宁根,赫拉克勒斯,1.43,3.95,5.65,4,0,0,胜,official_result_market_odds,2026-08-11T21:44:29
2025-08-30,2033267,2025-08-30,周五007,荷兰乙级联赛,奥斯,多德勒支,3.1,3.4,1.95,0,3,2,负,official_result_market_odds,2026-08-11T21:44:29
2025-08-30,2033268,2025-08-30,周五008,德国甲级联赛,汉堡,圣保利,2.2,3.05,2.88,0,2,2,负,official_result_market_odds,2026-08-11T21:44:29
2025-08-30,2033269,2025-08-30,周五009,意大利甲级联赛,莱切,AC米兰,6.0,3.72,1.44,0,2,2,负,official_result_market_odds,2026-08-11T21:44:29
2025-08-30,2033270,2025-08-30,周五010,法国甲级联赛,朗斯,布雷斯特,1.61,3.6,4.35,3,1,0,胜,official_result_market_odds,2026-08-11T21:44:29
2025-08-30,2033271,2025-08-30,周五011,英格兰冠军联赛,莱切斯特城,伯明翰,2.1,3.1,3.02,2,0,0,胜,official_result_market_odds,2026-08-11T21:44:29
2025-08-30,2033272,2025-08-30,周五012,葡萄牙超级联赛,吉维森特,摩雷伦斯,2.45,2.66,2.9,2,0,0,胜,official_result_market_odds,2026-08-11T21:44:29
2025-08-30,2033273,2025-08-30,周五013,西班牙甲级联赛,巴伦西亚,赫塔费,2.1,2.75,3.45,3,0,0,胜,official_result_market_odds,2026-08-11T21:44:29
2025-08-30,2033281,2025-08-30,周六001,日本职业联赛,京都不死鸟,冈山绿雉,1.82,3.35,3.55,5,0,0,胜,official_result_market_odds,2026-08-11T21:44:29
2025-08-30,2033282,2025-08-30,周六002,日本职业联赛,神户胜利船,横滨水手,1.34,4.4,6.4,1,0,0,胜,official_result_market_odds,2026-08-11T21:44:29
2025-08-30,2033283,2025-08-30,周六003,日本乙级联赛,千叶市原,甲府风林,1.74,3.25,4.05,2,1,0,胜,official_result_market_odds,2026-08-11T21:44:29
2025-08-30,2033284,2025-08-30,周六004,韩国职业联赛,蔚山现代,全北现代,2.2,3.55,2.55,0,2,2,负,official_result_market_odds,2026-08-11T21:44:29
2025-08-30,2033285,2025-08-30,周六005,韩国职业联赛,大邱FC,水原FC,3.25,3.75,1.8,3,1,0,胜,official_result_market_odds,2026-08-11T21:44:29
2025-08-30,2033286,2025-08-30,周六006,英格兰超级联赛,切尔西,富勒姆,1.52,3.85,4.72,2,0,0,胜,official_result_market_odds,2026-08-11T21:44:29
2025-08-30,2033287,2025-08-30,周六007,英格兰冠军联赛,米德尔斯堡,谢菲尔德联,1.91,3.35,3.25,1,0,0,胜,official_result_market_odds,2026-08-11T21:44:29
2025-08-30,2033288,2025-08-30,周六008,英格兰冠军联赛,斯托克城,西布罗姆维奇,2.4,2.95,2.68,0,1,2,负,official_result_market_odds,2026-08-11T21:44:29
2025-08-30,2033289,2025-08-30,周六009,瑞典超级联赛,IFK哥德堡,韦纳穆,1.29,5.0,6.5,1,0,0,胜,official_result_market_odds,2026-08-11T21:44:29
2025-08-30,2033290,2025-08-30,周六010,瑞典超级联赛,布鲁马波卡纳,埃尔夫斯堡,2.2,3.6,2.52,3,0,0,胜,official_result_market_odds,2026-08-11T21:44:29
2025-08-30,2033291,2025-08-30,周六011,德国甲级联赛,云达不来梅,勒沃库森,3.4,3.57,1.8,3,3,1,平,official_result_market_odds,2026-08-11T21:44:29
2025-08-30,2033292,2025-08-30,周六012,德国甲级联赛,莱比锡红牛,海登海姆,1.31,4.7,6.55,2,0,0,胜,official_result_market_odds,2026-08-11T21:44:29
2025-08-30,2033293,2025-08-30,周六013,德国甲级联赛,斯图加特,门兴格拉德巴赫,1.4,4.65,5.0,1,0,0,胜,official_result_market_odds,2026-08-11T21:44:29
2025-08-30,2033294,2025-08-30,周六014,德国甲级联赛,霍芬海姆,法兰克福,2.71,3.6,2.07,1,3,2,负,official_result_market_odds,2026-08-11T21:44:29
2025-08-30,2033295,2025-08-30,周六015,英格兰超级联赛,桑德兰,布伦特福德,3.0,3.2,2.07,2,1,0,胜,official_result_market_odds,2026-08-11T21:44:29
2025-08-30,2033296,2025-08-30,周六016,英格兰超级联赛,曼彻斯特联,伯恩利,1.26,4.6,8.45,3,2,0,胜,official_result_market_odds,2026-08-11T21:44:29
2025-08-30,2033297,2025-08-30,周六017,英格兰超级联赛,托特纳姆热刺,伯恩茅斯,1.62,3.86,3.95,0,1,2,负,official_result_market_odds,2026-08-11T21:44:29
2025-08-30,2033298,2025-08-30,周六018,英格兰超级联赛,狼队,埃弗顿,3.4,3.0,2.0,2,3,2,负,official_result_market_odds,2026-08-11T21:44:29
2025-08-30,2033299,2025-08-30,周六019,英格兰冠军联赛,沃特福德,南安普敦,2.85,2.94,2.28,2,2,1,平,official_result_market_odds,2026-08-11T21:44:29
2025-08-30,2033300,2025-08-30,周六020,英格兰冠军联赛,布里斯托尔城,赫尔城,1.76,3.28,3.9,4,2,0,胜,official_result_market_odds,2026-08-11T21:44:29
2025-08-30,2033301,2025-08-30,周六021,荷兰甲级联赛,福伦丹,阿贾克斯,8.3,5.7,1.2,1,1,1,平,official_result_market_odds,2026-08-11T21:44:29
2025-08-30,2033302,2025-08-30,周六022,葡萄牙超级联赛,卡萨皮亚,葡萄牙国民,1.99,2.9,3.55,0,2,2,负,official_result_market_odds,2026-08-11T21:44:29
2025-08-30,2033303,2025-08-30,周六023,西班牙甲级联赛,阿拉维斯,马德里竞技,5.65,3.3,1.54,1,1,1,平,official_result_market_odds,2026-08-11T21:44:29
2025-08-30,2033304,2025-08-30,周六024,法国甲级联赛,洛里昂,里尔,3.25,3.4,1.9,1,7,2,负,official_result_market_odds,2026-08-11T21:44:29
2025-08-30,2033305,2025-08-30,周六025,瑞典超级联赛,米亚尔比,哈尔姆斯塔德,1.28,4.85,7.05,1,0,0,胜,official_result_market_odds,2026-08-11T21:44:29
2025-08-31,2033306,2025-08-31,周六026,挪威超级联赛,瓦勒伦加,布莱尼,1.53,3.92,4.53,3,2,0,胜,official_result_market_odds,2026-08-11T21:44:29
2025-08-31,2033307,2025-08-31,周六027,英格兰超级联赛,利兹联,纽卡斯尔联,2.95,3.3,2.05,0,0,1,平,official_result_market_odds,2026-08-11T21:44:29
2025-08-31,2033308,2025-08-31,周六028,德国甲级联赛,奥格斯堡,拜仁慕尼黑,9.75,6.35,1.15,2,3,2,负,official_result_market_odds,2026-08-11T21:44:29
2025-08-31,2033309,2025-08-31,周六029,意大利甲级联赛,博洛尼亚,科莫,2.3,2.94,2.82,1,0,0,胜,official_result_market_odds,2026-08-11T21:44:29
2025-08-31,2033310,2025-08-31,周六030,意大利甲级联赛,帕尔马,亚特兰大,4.6,3.7,1.56,1,1,1,平,official_result_market_odds,2026-08-11T21:44:29
2025-08-31,2033311,2025-08-31,周六031,荷兰甲级联赛,海伦芬,前进之鹰,2.04,3.45,2.86,2,2,1,平,official_result_market_odds,2026-08-11T21:44:29
2025-08-31,2033312,2025-08-31,周六032,西班牙甲级联赛,皇家奥维耶多,皇家社会,3.54,2.9,1.99,1,0,0,胜,official_result_market_odds,2026-08-11T21:44:29
2025-08-31,2033313,2025-08-31,周六033,法国甲级联赛,南特,欧塞尔,2.08,3.0,3.17,1,0,0,胜,official_result_market_odds,2026-08-11T21:44:29
2025-08-31,2033314,2025-08-31,周六034,葡萄牙超级联赛,吉马良斯,阿罗卡,1.53,3.65,5.0,1,1,1,平,official_result_market_odds,2026-08-11T21:44:29
2025-08-31,2033315,2025-08-31,周六035,西班牙甲级联赛,赫罗纳,塞维利亚,2.12,3.1,3.0,0,2,2,负,official_result_market_odds,2026-08-11T21:44:29
2025-08-31,2033316,2025-08-31,周六036,意大利甲级联赛,比萨,罗马,5.2,3.7,1.5,0,1,2,负,official_result_market_odds,2026-08-11T21:44:29
2025-08-31,2033317,2025-08-31,周六037,意大利甲级联赛,那不勒斯,卡利亚里,1.27,4.6,8.0,1,0,0,胜,official_result_market_odds,2026-08-11T21:44:29
2025-08-31,2033318,2025-08-31,周六038,荷兰甲级联赛,SBV精英,特温特,3.8,3.7,1.68,1,0,0,胜,official_result_market_odds,2026-08-11T21:44:29
2025-08-31,2033319,2025-08-31,周六039,法国甲级联赛,图卢兹,巴黎圣日尔曼,8.5,5.4,1.21,3,6,2,负,official_result_market_odds,2026-08-11T21:44:29
2025-08-31,2033320,2025-08-31,周六040,西班牙甲级联赛,皇家马德里,马洛卡,1.09,6.9,15.0,2,1,0,胜,official_result_market_odds,2026-08-11T21:44:29
2025-08-31,2033321,2025-08-31,周六041,葡萄牙超级联赛,里斯本竞技,波尔图,1.83,3.24,3.64,1,2,2,负,official_result_market_odds,2026-08-11T21:44:29
2025-08-31,2033322,2025-08-31,周六042,美国职业大联盟,纳什维尔,亚特兰大联,1.33,4.5,6.45,0,1,2,负,official_result_market_odds,2026-08-11T21:44:29
2025-08-31,2033323,2025-08-31,周日001,日本职业联赛,清水鼓动,鹿岛鹿角,3.1,3.4,1.95,1,1,1,平,official_result_market_odds,2026-08-11T21:44:29
2025-08-31,2033324,2025-08-31,周日002,日本职业联赛,大阪樱花,广岛三箭,3.05,3.65,1.9,1,1,1,平,official_result_market_odds,2026-08-11T21:44:29
2025-08-31,2033325,2025-08-31,周日003,日本职业联赛,川崎前锋,町田泽维亚,2.75,3.35,2.14,5,3,0,胜,official_result_market_odds,2026-08-11T21:44:29
2025-08-31,2033326,2025-08-31,周日004,韩国职业联赛,江原FC,浦项制铁,2.58,2.95,2.48,1,0,0,胜,official_result_market_odds,2026-08-11T21:44:29
2025-08-31,2033327,2025-08-31,周日005,韩国职业联赛,首尔FC,安养FC,1.49,3.75,5.25,1,2,2,负,official_result_market_odds,2026-08-11T21:44:29
2025-08-31,2033328,2025-08-31,周日006,瑞典超级联赛,北雪平,佐加顿斯,4.1,3.8,1.61,0,4,2,负,official_result_market_odds,2026-08-11T21:44:29
2025-08-31,2033329,2025-08-31,周日007,瑞典超级联赛,AIK索尔纳,天狼星,1.62,3.52,4.4,2,1,0,胜,official_result_market_odds,2026-08-11T21:44:29
2025-08-31,2033330,2025-08-31,周日008,荷兰甲级联赛,兹沃勒,乌德勒支,3.19,3.42,1.91,0,2,2,负,official_result_market_odds,2026-08-11T21:44:29
2025-08-31,2033331,2025-08-31,周日009,荷兰甲级联赛,鹿特丹斯巴达,费耶诺德,3.8,3.85,1.65,0,4,2,负,official_result_market_odds,2026-08-11T21:44:29
2025-08-31,2033332,2025-08-31,周日010,挪威超级联赛,克里斯蒂安松,布兰,4.3,4.2,1.52,2,2,1,平,official_result_market_odds,2026-08-11T21:44:29
2025-08-31,2033333,2025-08-31,周日011,英格兰超级联赛,布赖顿,曼彻斯特城,3.36,3.66,1.79,2,1,0,胜,official_result_market_odds,2026-08-11T21:44:29
2025-08-31,2033334,2025-08-31,周日012,英格兰超级联赛,诺丁汉森林,西汉姆联,1.45,3.95,5.35,0,3,2,负,official_result_market_odds,2026-08-11T21:44:29
2025-08-31,2033335,2025-08-31,周日013,法国甲级联赛,昂热,雷恩,4.2,3.6,1.63,1,1,1,平,official_result_market_odds,2026-08-11T21:44:29
2025-08-31,2033336,2025-08-31,周日014,德国甲级联赛,沃尔夫斯堡,美因茨,1.8,3.55,3.42,1,1,1,平,official_result_market_odds,2026-08-11T21:44:29
2025-08-31,2033337,2025-08-31,周日015,芬兰超级联赛,塞伊奈约基,库奥皮奥,2.6,3.75,2.1,1,1,1,平,official_result_market_odds,2026-08-11T21:44:29
2025-08-31,2033338,2025-08-31,周日016,芬兰超级联赛,国际图尔库,瓦萨,1.29,4.75,7.0,2,1,0,胜,official_result_market_odds,2026-08-11T21:44:29
2025-08-31,2033339,2025-08-31,周日017,葡萄牙超级联赛,通德拉,埃斯托里尔,2.63,2.95,2.44,2,2,1,平,official_result_market_odds,2026-08-11T21:44:29
2025-08-31,2033340,2025-08-31,周日018,瑞典超级联赛,哥德堡盖斯,赫根,1.69,3.55,3.9,2,1,0,胜,official_result_market_odds,2026-08-11T21:44:29
2025-08-31,2033341,2025-08-31,周日019,荷兰甲级联赛,布雷达,阿尔克马尔,4.65,3.9,1.52,0,1,2,负,official_result_market_odds,2026-08-11T21:44:29
2025-08-31,2033342,2025-08-31,周日020,西班牙甲级联赛,维戈塞尔塔,比利亚雷亚尔,3.0,3.5,1.96,1,1,1,平,official_result_market_odds,2026-08-11T21:44:29
2025-08-31,2033343,2025-08-31,周日021,挪威超级联赛,维京,罗森博格,1.62,4.08,3.75,2,1,0,胜,official_result_market_odds,2026-08-11T21:44:29
2025-08-31,2033344,2025-08-31,周日022,挪威超级联赛,桑纳菲尤尔,博德闪耀,5.4,4.92,1.35,1,2,2,负,official_result_market_odds,2026-08-11T21:44:29
2025-08-31,2033345,2025-08-31,周日023,挪威超级联赛,特罗姆瑟,奥斯陆KFUM,1.8,3.22,3.8,2,0,0,胜,official_result_market_odds,2026-08-11T21:44:29
2025-08-31,2033346,2025-08-31,周日024,法国甲级联赛,勒阿弗尔,尼斯,3.38,3.35,1.87,3,1,0,胜,official_result_market_odds,2026-08-11T21:44:29
2025-08-31,2033347,2025-08-31,周日025,法国甲级联赛,摩纳哥,斯特拉斯堡,1.29,4.85,6.75,3,2,0,胜,official_result_market_odds,2026-08-11T21:44:29
2025-08-31,2033348,2025-08-31,周日026,法国甲级联赛,巴黎FC,梅斯,1.6,3.6,4.42,3,2,0,胜,official_result_market_odds,2026-08-11T21:44:29
2025-08-31,2033349,2025-08-31,周日027,英格兰超级联赛,利物浦,阿森纳,2.15,3.15,2.89,1,0,0,胜,official_result_market_odds,2026-08-11T21:44:29
2025-08-31,2033350,2025-08-31,周日028,德国甲级联赛,多特蒙德,柏林联合,1.28,4.8,7.15,3,0,0,胜,official_result_market_odds,2026-08-11T21:44:29
2025-09-01,2033351,2025-09-01,周日029,意大利甲级联赛,热那亚,尤文图斯,4.88,3.1,1.66,0,1,2,负,official_result_market_odds,2026-08-11T21:44:29
2025-09-01,2033352,2025-09-01,周日030,意大利甲级联赛,都灵,佛罗伦萨,3.05,2.88,2.2,0,0,1,平,official_result_market_odds,2026-08-11T21:44:29
2025-09-01,2033353,2025-09-01,周日031,西班牙甲级联赛,皇家贝蒂斯,毕尔巴鄂竞技,2.85,2.95,2.28,1,2,2,负,official_result_market_odds,2026-08-11T21:44:29
2025-09-01,2033354,2025-09-01,周日032,葡萄牙超级联赛,阿尔维卡,本菲卡,14.5,6.25,1.11,1,2,2,负,official_result_market_odds,2026-08-11T21:44:29
2025-09-01,2033355,2025-09-01,周日033,挪威超级联赛,斯特罗姆加斯特,莫尔德,3.6,3.95,1.67,3,1,0,胜,official_result_market_odds,2026-08-11T21:44:29
2025-09-01,2033356,2025-09-01,周日034,德国甲级联赛,科隆,弗赖堡,2.34,3.15,2.6,4,1,0,胜,official_result_market_odds,2026-08-11T21:44:29
2025-09-01,2033357,2025-09-01,周日035,西班牙甲级联赛,西班牙人,奥萨苏纳,2.12,2.94,3.15,1,0,0,胜,official_result_market_odds,2026-08-11T21:44:29
2025-09-01,2033358,2025-09-01,周日036,英格兰超级联赛,阿斯顿维拉,水晶宫,1.76,3.3,3.9,0,3,2,负,official_result_market_odds,2026-08-11T21:44:29
2025-09-01,2033359,2025-09-01,周日037,意大利甲级联赛,国际米兰,乌迪内斯,1.17,5.6,10.5,1,2,2,负,official_result_market_odds,2026-08-11T21:44:29
2025-09-01,2033360,2025-09-01,周日038,意大利甲级联赛,拉齐奥,维罗纳,1.38,3.95,6.6,4,0,0,胜,official_result_market_odds,2026-08-11T21:44:29
2025-09-01,2033361,2025-09-01,周日039,法国甲级联赛,里昂,马赛,2.6,3.45,2.2,1,0,0,胜,official_result_market_odds,2026-08-11T21:44:29
2025-09-01,2033362,2025-09-01,周日040,西班牙甲级联赛,巴列卡诺,巴塞罗那,6.75,5.15,1.27,1,1,1,平,official_result_market_odds,2026-08-11T21:44:29
2025-09-01,2033363,2025-09-01,周日041,葡萄牙超级联赛,里奥阿维,布拉加,4.35,3.6,1.61,2,2,1,平,official_result_market_odds,2026-08-11T21:44:29
2025-09-03,2033397,2025-09-03,周二001,英格兰锦标赛,博尔顿,罗瑟汉姆,1.35,4.35,6.3,1,0,0,胜,official_result_market_odds,2026-08-11T21:44:29
2025-09-03,2033398,2025-09-03,周二002,英格兰锦标赛,彼得堡联,莱顿东方,2.45,2.97,2.6,1,3,2,负,official_result_market_odds,2026-08-11T21:44:29
2025-09-03,2033399,2025-09-03,周二003,英格兰锦标赛,AFC温布尔登,斯蒂文尼奇,3.02,3.11,2.1,1,5,2,负,official_result_market_odds,2026-08-11T21:44:29
2025-09-04,2033400,2025-09-04,周四001,世界杯预选赛,哈萨克斯坦,威尔士,5.9,3.7,1.45,0,1,2,负,official_result_market_odds,2026-08-11T21:44:29
2025-09-05,2033401,2025-09-05,周四002,世界杯预选赛,格鲁吉亚,土耳其,3.19,3.48,1.89,2,3,2,负,official_result_market_odds,2026-08-11T21:44:29
2025-09-05,2033402,2025-09-05,周四003,世界杯预选赛,卢森堡,北爱尔兰,3.92,2.77,1.95,1,3,2,负,official_result_market_odds,2026-08-11T21:44:29
2025-09-05,2033403,2025-09-05,周四004,世界杯预选赛,斯洛伐克,德国,6.9,4.55,1.31,2,0,0,胜,official_result_market_odds,2026-08-11T21:44:29
2025-09-05,2033405,2025-09-05,周四006,世界杯预选赛,荷兰,波兰,1.23,4.8,9.25,1,1,1,平,official_result_market_odds,2026-08-11T21:44:29
2025-09-05,2033407,2025-09-05,周四008,世界杯预选赛,阿根廷,委内瑞拉,1.15,5.5,13.0,3,0,0,胜,official_result_market_odds,2026-08-11T21:44:29
2025-09-05,2033408,2025-09-05,周四009,世界杯预选赛,乌拉圭,秘鲁,1.29,4.3,8.2,3,0,0,胜,official_result_market_odds,2026-08-11T21:44:29
2025-09-05,2033409,2025-09-05,周四010,世界杯预选赛,巴拉圭,厄瓜多尔,2.1,2.7,3.53,0,0,1,平,official_result_market_odds,2026-08-11T21:44:29
2025-09-05,2033410,2025-09-05,周四011,世界杯预选赛,巴西,智利,1.11,6.2,14.8,3,0,0,胜,official_result_market_odds,2026-08-11T21:44:29
2025-09-06,2033433,2025-09-06,周五001,荷兰乙级联赛,格拉夫夏普,埃门,1.42,4.15,5.45,2,3,2,负,official_result_market_odds,2026-08-11T21:44:29
2025-09-06,2033434,2025-09-06,周五002,世界杯预选赛,斯洛文尼亚,瑞典,3.5,3.08,1.93,2,2,1,平,official_result_market_odds,2026-08-11T21:44:29
2025-09-06,2033435,2025-09-06,周五003,世界杯预选赛,瑞士,科索沃,1.28,4.65,7.5,4,0,0,胜,official_result_market_odds,2026-08-11T21:44:29
2025-09-06,2033436,2025-09-06,周五004,世界杯预选赛,冰岛,阿塞拜疆,1.31,4.2,7.8,5,0,0,胜,official_result_market_odds,2026-08-11T21:44:29
2025-09-06,2033437,2025-09-06,周五005,世界杯预选赛,黑山,捷克,5.8,3.75,1.45,0,2,2,负,official_result_market_odds,2026-08-11T21:44:29
2025-09-06,2033438,2025-09-06,周五006,世界杯预选赛,丹麦,苏格兰,1.36,3.95,7.1,0,0,1,平,official_result_market_odds,2026-08-11T21:44:29
2025-09-06,2033444,2025-09-06,周六001,世界杯预选赛,拉脱维亚,塞尔维亚,12.0,4.85,1.19,0,1,2,负,official_result_market_odds,2026-08-11T21:44:29
2025-09-06,2033445,2025-09-06,周六002,英格兰甲级联赛,维尔港,莱顿东方,2.24,3.2,2.7,2,3,2,负,official_result_market_odds,2026-08-11T21:44:29
2025-09-06,2033446,2025-09-06,周六005,英格兰甲级联赛,罗瑟汉姆,埃克塞特城,2.03,3.18,3.1,1,0,0,胜,official_result_market_odds,2026-08-11T21:44:29
2025-09-06,2033447,2025-09-06,周六006,英格兰甲级联赛,博尔顿,AFC温布尔登,1.32,4.2,7.5,3,0,0,胜,official_result_market_odds,2026-08-11T21:44:29
2025-09-06,2033448,2025-09-06,周六008,英格兰甲级联赛,林肯城,维冈竞技,2.15,2.78,3.28,2,2,1,平,official_result_market_odds,2026-08-11T21:44:29
2025-09-06,2033474,2025-09-06,周六003,英格兰甲级联赛,普利茅斯,斯托克港,3.12,3.32,1.97,4,2,0,胜,official_result_market_odds,2026-08-11T21:44:29
2025-09-06,2033475,2025-09-06,周六004,英格兰甲级联赛,唐卡斯特,布拉德福德,2.21,3.0,2.92,3,1,0,胜,official_result_market_odds,2026-08-11T21:44:29
2025-09-06,2033476,2025-09-06,周六007,英格兰甲级联赛,威科姆,曼斯菲尔德,1.95,3.2,3.3,2,0,0,胜,official_result_market_odds,2026-08-11T21:44:29
2025-09-06,2033477,2025-09-06,周六009,英格兰甲级联赛,哈德斯菲尔德,彼得堡联,1.34,4.35,6.55,3,2,0,胜,official_result_market_odds,2026-08-11T21:44:29
2025-09-07,2033451,2025-09-07,周六012,荷兰乙级联赛,坎布尔,威廉二世,1.54,3.8,4.6,2,2,1,平,official_result_market_odds,2026-08-11T21:44:29
2025-09-07,2033452,2025-09-07,周六013,世界杯预选赛,爱尔兰,匈牙利,2.37,2.75,2.91,2,2,1,平,official_result_market_odds,2026-08-11T21:44:29
2025-09-07,2033455,2025-09-07,周六016,葡萄牙超级联赛,埃斯托里尔,圣克拉拉,2.9,2.72,2.4,0,1,2,负,official_result_market_odds,2026-08-11T21:44:29
2025-09-07,2033456,2025-09-07,周六017,美国职业大联盟,圣路易斯城,达拉斯FC,1.83,3.8,3.13,1,1,1,平,official_result_market_odds,2026-08-11T21:44:29
2025-09-07,2033457,2025-09-07,周六018,美国职业大联盟,芝加哥火焰,新英格兰革命,1.61,3.9,3.97,3,2,0,胜,official_result_market_odds,2026-08-11T21:44:29
2025-09-07,2033458,2025-09-07,周六019,美国职业大联盟,休斯敦迪纳摩,洛杉矶银河,1.67,3.8,3.75,1,1,1,平,official_result_market_odds,2026-08-11T21:44:29
2025-09-07,2033459,2025-09-07,周日001,日本联赛杯,广岛三箭,湘南海洋,1.19,5.45,9.45,4,1,0,胜,official_result_market_odds,2026-08-11T21:44:29
2025-09-07,2033460,2025-09-07,周日002,日本联赛杯,柏太阳神,横滨水手,1.52,4.0,4.55,1,0,0,胜,official_result_market_odds,2026-08-11T21:44:29
2025-09-07,2033461,2025-09-07,周日003,日本联赛杯,川崎前锋,浦和红钻,2.11,3.22,2.9,2,2,1,平,official_result_market_odds,2026-08-11T21:44:29
2025-09-07,2033462,2025-09-07,周日004,日本联赛杯,神户胜利船,横滨FC,1.27,4.55,8.15,1,0,0,胜,official_result_market_odds,2026-08-11T21:44:29
2025-09-07,2033463,2025-09-07,周日005,世界杯预选赛,格鲁吉亚,保加利亚,1.16,5.3,12.75,3,0,0,胜,official_result_market_odds,2026-08-11T21:44:29
2025-09-08,2033464,2025-09-08,周日006,世界杯预选赛,卢森堡,斯洛伐克,5.75,3.36,1.52,0,1,2,负,official_result_market_odds,2026-08-11T21:44:29
2025-09-08,2033466,2025-09-08,周日008,世界杯预选赛,波兰,芬兰,1.31,4.3,7.5,3,1,0,胜,official_result_market_odds,2026-08-11T21:44:29
2025-09-08,2033468,2025-09-08,周日010,世界杯预选赛,土耳其,西班牙,5.7,4.0,1.42,0,6,2,负,official_result_market_odds,2026-08-11T21:44:29
2025-09-08,2033469,2025-09-08,周日011,美国职业大联盟,堪萨斯城竞技,奥斯汀FC,2.25,3.49,2.51,1,2,2,负,official_result_market_odds,2026-08-11T21:44:29
2025-09-09,2033470,2025-09-09,周一001,世界杯预选赛,瑞士,斯洛文尼亚,1.28,4.4,8.25,3,0,0,胜,official_result_market_odds,2026-08-11T21:44:29
2025-09-09,2033471,2025-09-09,周一002,世界杯预选赛,科索沃,瑞典,4.98,4.1,1.46,2,0,0,胜,official_result_market_odds,2026-08-11T21:44:29
2025-09-09,2033472,2025-09-09,周一003,世界杯预选赛,希腊,丹麦,2.34,2.85,2.85,0,3,2,负,official_result_market_odds,2026-08-11T21:44:29
2025-09-09,2033473,2025-09-09,周一004,世界杯预选赛,克罗地亚,黑山,1.1,6.4,15.5,4,0,0,胜,official_result_market_odds,2026-08-11T21:44:29
2025-09-10,2033490,2025-09-10,周二001,世界杯预选赛,亚美尼亚,爱尔兰,4.5,3.5,1.61,2,1,0,胜,official_result_market_odds,2026-08-11T21:44:29
2025-09-10,2033491,2025-09-10,周二002,世界杯预选赛,阿尔巴尼亚,拉脱维亚,1.23,4.55,10.5,1,0,0,胜,official_result_market_odds,2026-08-11T21:44:29
2025-09-10,2033492,2025-09-10,周二003,世界杯预选赛,塞浦路斯,罗马尼亚,5.3,4.0,1.45,2,2,1,平,official_result_market_odds,2026-08-11T21:44:29
2025-09-10,2033493,2025-09-10,周二004,世界杯预选赛,波黑,奥地利,5.5,3.74,1.47,1,2,2,负,official_result_market_odds,2026-08-11T21:44:29
2025-09-10,2033494,2025-09-10,周二005,世界杯预选赛,塞尔维亚,英格兰,4.35,3.15,1.72,0,5,2,负,official_result_market_odds,2026-08-11T21:44:29
2025-09-10,2033496,2025-09-10,周二007,世界杯预选赛,匈牙利,葡萄牙,7.3,4.6,1.29,2,3,2,负,official_result_market_odds,2026-08-11T21:44:29
2025-09-10,2033497,2025-09-10,周二008,世界杯预选赛,厄瓜多尔,阿根廷,3.33,2.6,2.25,1,0,0,胜,official_result_market_odds,2026-08-11T21:44:29
2025-09-10,2033498,2025-09-10,周二009,世界杯预选赛,委内瑞拉,哥伦比亚,2.56,3.0,2.47,3,6,2,负,official_result_market_odds,2026-08-11T21:44:29
2025-09-10,2033499,2025-09-10,周二010,世界杯预选赛,秘鲁,巴拉圭,2.37,2.58,3.13,0,1,2,负,official_result_market_odds,2026-08-11T21:44:29
2025-09-10,2033500,2025-09-10,周二011,世界杯预选赛,智利,乌拉圭,3.85,3.12,1.82,0,0,1,平,official_result_market_odds,2026-08-11T21:44:29
2025-09-10,2033501,2025-09-10,周二012,世界杯预选赛,玻利维亚,巴西,3.18,3.5,1.89,1,0,0,胜,official_result_market_odds,2026-08-11T21:44:29
2025-09-12,2033511,2025-09-12,周五001,日本职业联赛,广岛三箭,京都不死鸟,1.82,3.6,3.31,1,1,1,平,official_result_market_odds,2026-08-11T21:44:29
2025-09-12,2033512,2025-09-12,周五002,日本职业联赛,神户胜利船,柏太阳神,2.25,3.2,2.69,0,0,1,平,official_result_market_odds,2026-08-11T21:44:29
2025-09-13,2033513,2025-09-13,周五003,德国乙级联赛,帕德博恩,波鸿,1.66,3.65,3.95,1,0,0,胜,official_result_market_odds,2026-08-11T21:44:29
2025-09-13,2033514,2025-09-13,周五004,德国乙级联赛,比勒费尔德,马格德堡,1.83,3.8,3.13,2,0,0,胜,official_result_market_odds,2026-08-11T21:44:29
2025-09-13,2033516,2025-09-13,周五006,法国乙级联赛,特鲁瓦,南锡,2.07,2.83,3.41,3,0,0,胜,official_result_market_odds,2026-08-11T21:44:29
2025-09-13,2033517,2025-09-13,周五007,荷兰乙级联赛,马斯特里赫特,坎布尔,5.35,4.4,1.4,0,1,2,负,official_result_market_odds,2026-08-11T21:44:29
2025-09-13,2033518,2025-09-13,周五008,德国甲级联赛,勒沃库森,法兰克福,1.97,3.71,2.84,3,1,0,胜,official_result_market_odds,2026-08-11T21:44:29
2025-09-13,2033519,2025-09-13,周五009,法国甲级联赛,马赛,洛里昂,1.21,5.4,8.5,4,0,0,胜,official_result_market_odds,2026-08-11T21:44:29
2025-09-13,2033520,2025-09-13,周五010,英格兰冠军联赛,伊普斯维奇,谢菲尔德联,1.6,3.51,4.55,5,0,0,胜,official_result_market_odds,2026-08-11T21:44:29
2025-09-13,2033521,2025-09-13,周五011,西班牙甲级联赛,塞维利亚,埃尔切,1.55,3.55,4.95,2,2,1,平,official_result_market_odds,2026-08-11T21:44:29
2025-09-13,2033522,2025-09-13,周五012,葡萄牙超级联赛,本菲卡,圣克拉拉,1.18,5.25,11.0,1,1,1,平,official_result_market_odds,2026-08-11T21:44:29
2025-09-13,2033529,2025-09-13,周六001,日本职业联赛,福冈黄蜂,大阪樱花,3.26,3.15,1.98,2,4,2,负,official_result_market_odds,2026-08-11T21:44:29
2025-09-13,2033530,2025-09-13,周六002,日本乙级联赛,甲府风林,鸟栖沙岩,2.85,2.83,2.35,2,3,2,负,official_result_market_odds,2026-08-11T21:44:29
2025-09-13,2033531,2025-09-13,周六003,日本职业联赛,横滨水手,川崎前锋,3.15,3.55,1.89,0,3,2,负,official_result_market_odds,2026-08-11T21:44:29
2025-09-13,2033532,2025-09-13,周六004,韩国职业联赛,江原FC,首尔FC,2.8,2.75,2.45,3,2,0,胜,official_result_market_odds,2026-08-11T21:44:29
2025-09-13,2033533,2025-09-13,周六005,韩国职业联赛,全北现代,大田市民,1.54,3.95,4.4,1,0,0,胜,official_result_market_odds,2026-08-11T21:44:29
2025-09-13,2033534,2025-09-13,周六006,英格兰超级联赛,阿森纳,诺丁汉森林,1.36,4.2,6.4,3,0,0,胜,official_result_market_odds,2026-08-11T21:44:29
2025-09-13,2033535,2025-09-13,周六007,英格兰冠军联赛,牛津联,莱切斯特城,4.0,3.35,1.72,2,2,1,平,official_result_market_odds,2026-08-11T21:44:29
2025-09-13,2033536,2025-09-13,周六008,西班牙甲级联赛,赫塔费,皇家奥维耶多,1.74,2.82,5.0,2,0,0,胜,official_result_market_odds,2026-08-11T21:44:29
2025-09-13,2033537,2025-09-13,周六009,意大利甲级联赛,卡利亚里,帕尔马,2.04,2.9,3.4,2,0,0,胜,official_result_market_odds,2026-08-11T21:44:29
2025-09-13,2033538,2025-09-13,周六010,瑞典超级联赛,代格福什,米亚尔比,4.75,3.9,1.51,0,1,2,负,official_result_market_odds,2026-08-11T21:44:29
2025-09-13,2033539,2025-09-13,周六011,德国甲级联赛,弗赖堡,斯图加特,2.42,3.55,2.3,3,1,0,胜,official_result_market_odds,2026-08-11T21:44:29
2025-09-13,2033540,2025-09-13,周六012,德国甲级联赛,美因茨,莱比锡红牛,2.25,3.55,2.48,0,1,2,负,official_result_market_odds,2026-08-11T21:44:29
2025-09-13,2033541,2025-09-13,周六013,德国甲级联赛,海登海姆,多特蒙德,5.4,4.35,1.4,0,2,2,负,official_result_market_odds,2026-08-11T21:44:29
2025-09-13,2033542,2025-09-13,周六014,德国甲级联赛,沃尔夫斯堡,科隆,1.79,3.45,3.56,3,3,1,平,official_result_market_odds,2026-08-11T21:44:29
2025-09-13,2033543,2025-09-13,周六015,德国甲级联赛,柏林联合,霍芬海姆,2.5,3.25,2.37,2,4,2,负,official_result_market_odds,2026-08-11T21:44:29
2025-09-13,2033544,2025-09-13,周六016,英格兰超级联赛,伯恩茅斯,布赖顿,2.29,3.4,2.52,2,1,0,胜,official_result_market_odds,2026-08-11T21:44:29
2025-09-13,2033545,2025-09-13,周六017,英格兰超级联赛,水晶宫,桑德兰,1.5,3.7,5.2,0,0,1,平,official_result_market_odds,2026-08-11T21:44:29
2025-09-13,2033546,2025-09-13,周六018,英格兰超级联赛,纽卡斯尔联,狼队,1.24,4.9,8.4,1,0,0,胜,official_result_market_odds,2026-08-11T21:44:29
2025-09-13,2033547,2025-09-13,周六019,英格兰超级联赛,埃弗顿,阿斯顿维拉,2.32,3.05,2.7,0,0,1,平,official_result_market_odds,2026-08-11T21:44:29
2025-09-13,2033548,2025-09-13,周六020,英格兰超级联赛,富勒姆,利兹联,1.8,3.25,3.75,1,0,0,胜,official_result_market_odds,2026-08-11T21:44:29
2025-09-13,2033549,2025-09-13,周六021,英格兰冠军联赛,沃特福德,布莱克本,2.16,3.05,2.95,0,1,2,负,official_result_market_odds,2026-08-11T21:44:29
2025-09-13,2033550,2025-09-13,周六022,英格兰冠军联赛,西布罗姆维奇,德比郡,1.54,3.35,5.5,0,1,2,负,official_result_market_odds,2026-08-11T21:44:29
2025-09-13,2033551,2025-09-13,周六023,挪威超级联赛,莫尔德,腓特烈斯塔,1.56,3.85,4.4,1,2,2,负,official_result_market_odds,2026-08-11T21:44:29
2025-09-13,2033552,2025-09-13,周六024,芬兰超级联赛,赫尔辛基火花,国际图尔库,4.35,4.07,1.53,0,2,2,负,official_result_market_odds,2026-08-11T21:44:29
2025-09-13,2033553,2025-09-13,周六025,西班牙甲级联赛,皇家社会,皇家马德里,5.2,4.05,1.45,1,2,2,负,official_result_market_odds,2026-08-11T21:44:29
2025-09-13,2033554,2025-09-13,周六026,荷兰甲级联赛,阿贾克斯,兹沃勒,1.18,5.6,9.75,3,1,0,胜,official_result_market_odds,2026-08-11T21:44:29
2025-09-13,2033555,2025-09-13,周六027,法国甲级联赛,尼斯,南特,1.42,4.1,5.5,1,0,0,胜,official_result_market_odds,2026-08-11T21:44:29
2025-09-14,2033556,2025-09-14,周六028,意大利甲级联赛,尤文图斯,国际米兰,2.6,2.85,2.54,4,3,0,胜,official_result_market_odds,2026-08-11T21:44:29
2025-09-14,2033557,2025-09-14,周六029,英格兰超级联赛,西汉姆联,托特纳姆热刺,3.3,3.4,1.88,0,3,2,负,official_result_market_odds,2026-08-11T21:44:29
2025-09-14,2033559,2025-09-14,周六031,西班牙甲级联赛,毕尔巴鄂竞技,阿拉维斯,1.41,3.65,6.85,0,1,2,负,official_result_market_odds,2026-08-11T21:44:29
2025-09-14,2033561,2025-09-14,周六033,意大利甲级联赛,佛罗伦萨,那不勒斯,4.05,3.22,1.75,1,3,2,负,official_result_market_odds,2026-08-11T21:44:29
2025-09-14,2033562,2025-09-14,周六034,英格兰超级联赛,布伦特福德,切尔西,4.02,3.7,1.64,2,2,1,平,official_result_market_odds,2026-08-11T21:44:29
2025-09-14,2033563,2025-09-14,周六035,西班牙甲级联赛,马德里竞技,比利亚雷亚尔,1.56,3.8,4.45,2,0,0,胜,official_result_market_odds,2026-08-11T21:44:29
2025-09-14,2033564,2025-09-14,周六036,法国甲级联赛,欧塞尔,摩纳哥,5.05,4.4,1.42,1,2,2,负,official_result_market_odds,2026-08-11T21:44:29
2025-09-14,2033565,2025-09-14,周六037,葡萄牙超级联赛,法马利康,里斯本竞技,7.45,4.55,1.29,1,2,2,负,official_result_market_odds,2026-08-11T21:44:29
2025-09-14,2033566,2025-09-14,周六038,美国职业大联盟,夏洛特FC,迈阿密国际,2.52,3.75,2.15,3,0,0,胜,official_result_market_odds,2026-08-11T21:44:29
2025-09-14,2033567,2025-09-14,周日001,日本乙级联赛,山形山神,富山胜利,1.56,3.5,4.95,3,0,0,胜,official_result_market_odds,2026-08-11T21:44:29
2025-09-14,2033568,2025-09-14,周日002,韩国职业联赛,安养FC,济州SK,2.15,2.97,3.05,2,1,0,胜,official_result_market_odds,2026-08-11T21:44:29
2025-09-14,2033569,2025-09-14,周日003,韩国职业联赛,水原FC,光州FC,2.48,3.05,2.51,2,4,2,负,official_result_market_odds,2026-08-11T21:44:29
2025-09-14,2033570,2025-09-14,周日004,意大利甲级联赛,罗马,都灵,1.33,4.15,7.3,0,1,2,负,official_result_market_odds,2026-08-11T21:44:29
2025-09-14,2033571,2025-09-14,周日005,英格兰冠军联赛,南安普敦,朴次茅斯,1.54,3.77,4.65,0,0,1,平,official_result_market_odds,2026-08-11T21:44:29
2025-09-14,2033572,2025-09-14,周日006,德国乙级联赛,菲尔特,凯泽斯劳滕,2.18,3.4,2.66,0,3,2,负,official_result_market_odds,2026-08-11T21:44:29
2025-09-14,2033573,2025-09-14,周日007,西班牙甲级联赛,维戈塞尔塔,赫罗纳,1.53,3.8,4.7,1,1,1,平,official_result_market_odds,2026-08-11T21:44:29
2025-09-14,2033574,2025-09-14,周日008,瑞典超级联赛,佐加顿斯,哈马比,2.72,3.38,2.15,3,3,1,平,official_result_market_odds,2026-08-11T21:44:29
2025-09-14,2033575,2025-09-14,周日009,荷兰甲级联赛,赫拉克勒斯,阿尔克马尔,5.5,4.2,1.41,1,2,2,负,official_result_market_odds,2026-08-11T21:44:29
2025-09-14,2033576,2025-09-14,周日010,荷兰甲级联赛,乌德勒支,格罗宁根,1.52,3.8,4.8,0,1,2,负,official_result_market_odds,2026-08-11T21:44:29
2025-09-14,2033577,2025-09-14,周日011,英格兰超级联赛,伯恩利,利物浦,10.0,6.0,1.16,0,1,2,负,official_result_market_odds,2026-08-11T21:44:29
2025-09-14,2033578,2025-09-14,周日012,意大利甲级联赛,比萨,乌迪内斯,2.92,2.87,2.28,0,1,2,负,official_result_market_odds,2026-08-11T21:44:29
2025-09-14,2033579,2025-09-14,周日013,意大利甲级联赛,亚特兰大,莱切,1.21,5.0,9.75,4,1,0,胜,official_result_market_odds,2026-08-11T21:44:29
2025-09-14,2033580,2025-09-14,周日014,法国甲级联赛,里尔,图卢兹,1.62,3.62,4.25,2,1,0,胜,official_result_market_odds,2026-08-11T21:44:29
2025-09-14,2033581,2025-09-14,周日015,芬兰超级联赛,库奥皮奥,坦佩雷山猫,2.27,3.7,2.4,2,4,2,负,official_result_market_odds,2026-08-11T21:44:29
2025-09-14,2033582,2025-09-14,周日016,德国甲级联赛,圣保利,奥格斯堡,1.98,3.1,3.32,2,1,0,胜,official_result_market_odds,2026-08-11T21:44:29
2025-09-14,2033583,2025-09-14,周日017,西班牙甲级联赛,莱万特,皇家贝蒂斯,3.7,3.4,1.77,2,2,1,平,official_result_market_odds,2026-08-11T21:44:29
2025-09-14,2033584,2025-09-14,周日018,瑞典超级联赛,埃尔夫斯堡,马尔默,3.55,3.58,1.76,2,2,1,平,official_result_market_odds,2026-08-11T21:44:29
2025-09-14,2033585,2025-09-14,周日019,挪威超级联赛,奥斯陆KFUM,维京,2.86,3.35,2.08,2,2,1,平,official_result_market_odds,2026-08-11T21:44:29
2025-09-14,2033586,2025-09-14,周日020,法国甲级联赛,斯特拉斯堡,勒阿弗尔,1.64,3.66,4.05,1,0,0,胜,official_result_market_odds,2026-08-11T21:44:29
2025-09-14,2033587,2025-09-14,周日021,法国甲级联赛,布雷斯特,巴黎FC,2.41,3.1,2.55,1,2,2,负,official_result_market_odds,2026-08-11T21:44:29
2025-09-14,2033588,2025-09-14,周日022,法国甲级联赛,巴黎圣日尔曼,朗斯,1.22,5.4,8.0,2,0,0,胜,official_result_market_odds,2026-08-11T21:44:29
2025-09-14,2033589,2025-09-14,周日023,英格兰超级联赛,曼彻斯特城,曼彻斯特联,1.62,3.77,4.05,3,0,0,胜,official_result_market_odds,2026-08-11T21:44:29
2025-09-14,2033590,2025-09-14,周日024,德国甲级联赛,门兴格拉德巴赫,云达不来梅,1.79,3.85,3.22,0,4,2,负,official_result_market_odds,2026-08-11T21:44:29
2025-09-15,2033591,2025-09-15,周日025,意大利甲级联赛,萨索洛,拉齐奥,4.0,3.52,1.68,1,0,0,胜,official_result_market_odds,2026-08-11T21:44:29
2025-09-15,2033592,2025-09-15,周日026,西班牙甲级联赛,奥萨苏纳,巴列卡诺,2.45,2.82,2.73,2,0,0,胜,official_result_market_odds,2026-08-11T21:44:29
2025-09-15,2033593,2025-09-15,周日027,意大利甲级联赛,AC米兰,博洛尼亚,1.56,3.58,4.8,1,0,0,胜,official_result_market_odds,2026-08-11T21:44:29
2025-09-15,2033594,2025-09-15,周日028,法国甲级联赛,雷恩,里昂,2.22,3.45,2.57,3,1,0,胜,official_result_market_odds,2026-08-11T21:44:29
2025-09-15,2033595,2025-09-15,周日029,西班牙甲级联赛,巴塞罗那,巴伦西亚,1.16,6.25,9.35,6,0,0,胜,official_result_market_odds,2026-08-11T21:44:29
2025-09-15,2033596,2025-09-15,周日030,葡萄牙超级联赛,布拉加,吉维森特,1.4,3.88,6.35,0,1,2,负,official_result_market_odds,2026-08-11T21:44:29
2025-09-15,2033597,2025-09-15,周一001,日本职业联赛,东京FC,东京绿茵,2.17,2.94,3.04,1,0,0,胜,official_result_market_odds,2026-08-11T21:44:29
2025-09-15,2033598,2025-09-15,周一002,日本乙级联赛,熊本深红,德岛漩涡,2.95,2.92,2.23,2,1,0,胜,official_result_market_odds,2026-08-11T21:44:29
2025-09-16,2033599,2025-09-16,周一003,亚洲冠军精英联赛,阿布扎比联,吉达联合,4.05,3.85,1.61,2,1,0,胜,official_result_market_odds,2026-08-11T21:44:29
2025-09-16,2033600,2025-09-16,周一004,意大利甲级联赛,维罗纳,克雷莫纳,2.54,2.81,2.63,0,0,1,平,official_result_market_odds,2026-08-11T21:44:29
2025-09-16,2033601,2025-09-16,周一005,瑞典超级联赛,AIK索尔纳,布鲁马波卡纳,1.46,3.85,5.4,2,1,0,胜,official_result_market_odds,2026-08-11T21:44:29
2025-09-16,2033602,2025-09-16,周一006,瑞典超级联赛,赫根,IFK哥德堡,2.24,3.55,2.5,1,2,2,负,official_result_market_odds,2026-08-11T21:44:29
2025-09-16,2033603,2025-09-16,周一007,荷兰乙级联赛,阿尔梅勒城,埃因霍温FC,1.33,4.5,6.45,5,0,0,胜,official_result_market_odds,2026-08-11T21:44:29
2025-09-16,2033605,2025-09-16,周一009,意大利甲级联赛,科莫,热那亚,1.44,3.65,6.2,1,1,1,平,official_result_market_odds,2026-08-11T21:44:29
2025-09-16,2033606,2025-09-16,周一010,法国乙级联赛,甘冈,蒙彼利埃,2.72,2.9,2.4,1,0,0,胜,official_result_market_odds,2026-08-11T21:44:29
2025-09-16,2033607,2025-09-16,周一011,西班牙甲级联赛,西班牙人,马洛卡,1.84,3.15,3.72,3,2,0,胜,official_result_market_odds,2026-08-11T21:44:29
2025-09-16,2033614,2025-09-16,周二001,亚洲冠军精英联赛,墨尔本城,广岛三箭,3.67,3.35,1.79,0,2,2,负,official_result_market_odds,2026-08-11T21:44:29
2025-09-16,2033640,2025-09-16,周二002,亚洲冠军精英联赛,町田泽维亚,首尔FC,1.29,4.65,7.25,1,1,1,平,official_result_market_odds,2026-08-11T21:44:29
2025-09-16,2033641,2025-09-16,周二003,亚洲冠军精英联赛,江原FC,上海申花,1.53,3.5,5.25,2,1,0,胜,official_result_market_odds,2026-08-11T21:44:29
2025-09-17,2033615,2025-09-17,周二004,欧洲冠军联赛,PSV埃因霍温,圣吉尔联合,1.58,3.9,4.16,1,3,2,负,official_result_market_odds,2026-08-11T21:44:29
2025-09-17,2033616,2025-09-17,周二006,亚洲冠军精英联赛,利雅得新月,多哈杜海勒,1.12,7.05,10.5,2,1,0,胜,official_result_market_odds,2026-08-11T21:44:29
2025-09-17,2033617,2025-09-17,周二007,欧洲冠军联赛,托特纳姆热刺,比利亚雷亚尔,1.61,3.7,4.2,1,0,0,胜,official_result_market_odds,2026-08-11T21:44:29
2025-09-17,2033618,2025-09-17,周二008,欧洲冠军联赛,本菲卡,卡拉巴赫,1.12,6.5,12.1,2,3,2,负,official_result_market_odds,2026-08-11T21:44:29
2025-09-17,2033619,2025-09-17,周二009,欧洲冠军联赛,尤文图斯,多特蒙德,1.76,3.18,4.05,4,4,1,平,official_result_market_odds,2026-08-11T21:44:29
2025-09-17,2033620,2025-09-17,周二010,欧洲冠军联赛,皇家马德里,马赛,1.2,5.75,8.2,2,1,0,胜,official_result_market_odds,2026-08-11T21:44:29
2025-09-17,2033621,2025-09-17,周二011,英格兰联赛杯,布伦特福德,阿斯顿维拉,2.57,3.12,2.38,1,1,1,平,official_result_market_odds,2026-08-11T21:44:29
2025-09-17,2033622,2025-09-17,周二012,美国职业大联盟,迈阿密国际,西雅图海湾人,1.76,3.9,3.28,3,1,0,胜,official_result_market_odds,2026-08-11T21:44:29
2025-09-17,2033623,2025-09-17,周三001,亚洲冠军精英联赛,蔚山现代,成都蓉城,1.96,3.45,3.04,2,1,0,胜,official_result_market_odds,2026-08-11T21:44:29
2025-09-17,2033624,2025-09-17,周三002,亚洲冠军精英联赛,上海海港,神户胜利船,5.05,4.15,1.45,0,3,2,负,official_result_market_odds,2026-08-11T21:44:29
2025-09-17,2033642,2025-09-17,周二005,欧洲冠军联赛,毕尔巴鄂竞技,阿森纳,5.45,3.7,1.48,0,2,2,负,official_result_market_odds,2026-08-11T21:44:29
2025-09-18,2033625,2025-09-18,周三003,欧洲冠军联赛,布拉格斯拉维亚,博德闪耀,1.81,3.53,3.4,2,2,1,平,official_result_market_odds,2026-08-11T21:44:29
2025-09-18,2033626,2025-09-18,周三004,欧洲冠军联赛,奥林匹亚科斯,帕福斯,1.28,4.6,7.65,0,0,1,平,official_result_market_odds,2026-08-11T21:44:29
2025-09-18,2033627,2025-09-18,周三005,荷兰甲级联赛,费耶诺德,福图纳锡塔德,1.14,6.05,11.5,2,0,0,胜,official_result_market_odds,2026-08-11T21:44:29
2025-09-18,2033628,2025-09-18,周三006,欧洲冠军联赛,利物浦,马德里竞技,1.38,4.25,5.9,3,2,0,胜,official_result_market_odds,2026-08-11T21:44:29
2025-09-18,2033629,2025-09-18,周三007,欧洲冠军联赛,阿贾克斯,国际米兰,5.0,4.1,1.46,0,2,2,负,official_result_market_odds,2026-08-11T21:44:29
2025-09-18,2033630,2025-09-18,周三008,欧洲冠军联赛,拜仁慕尼黑,切尔西,1.6,3.9,4.05,3,1,0,胜,official_result_market_odds,2026-08-11T21:44:29
2025-09-18,2033631,2025-09-18,周三009,欧洲冠军联赛,巴黎圣日尔曼,亚特兰大,1.28,4.86,7.0,4,0,0,胜,official_result_market_odds,2026-08-11T21:44:29
2025-09-18,2033632,2025-09-18,周三010,英格兰联赛杯,斯旺西,诺丁汉森林,5.5,4.4,1.39,3,2,0,胜,official_result_market_odds,2026-08-11T21:44:29
2025-09-18,2033633,2025-09-18,周三011,美国职业大联盟,皇家盐湖城,洛杉矶FC,2.92,3.5,2.0,1,4,2,负,official_result_market_odds,2026-08-11T21:44:29
2025-09-19,2033634,2025-09-19,周四001,欧洲冠军联赛,布鲁日,摩纳哥,2.24,3.38,2.58,4,1,0,胜,official_result_market_odds,2026-08-11T21:44:29
2025-09-19,2033635,2025-09-19,周四002,欧洲冠军联赛,哥本哈根,勒沃库森,3.05,3.3,2.01,2,2,1,平,official_result_market_odds,2026-08-11T21:44:29
2025-09-19,2033636,2025-09-19,周四003,欧洲冠军联赛,法兰克福,加拉塔萨雷,1.96,3.7,2.87,5,1,0,胜,official_result_market_odds,2026-08-11T21:44:29
2025-09-19,2033638,2025-09-19,周四005,欧洲冠军联赛,曼彻斯特城,那不勒斯,1.51,3.86,4.8,2,0,0,胜,official_result_market_odds,2026-08-11T21:44:29
2025-09-19,2033639,2025-09-19,周四006,欧洲冠军联赛,纽卡斯尔联,巴塞罗那,2.38,3.7,2.28,1,2,2,负,official_result_market_odds,2026-08-11T21:44:29
2025-09-19,2033650,2025-09-19,周五001,芬兰超级联赛,哈卡,AC奥卢,2.2,3.35,2.66,0,1,2,负,official_result_market_odds,2026-08-11T21:44:29
2025-09-20,2033651,2025-09-20,周五002,德国乙级联赛,比勒费尔德,菲尔特,1.5,4.3,4.35,1,3,2,负,official_result_market_odds,2026-08-11T21:44:29
2025-09-20,2033652,2025-09-20,周五003,德国乙级联赛,凯泽斯劳滕,明斯特普鲁士,1.89,3.34,3.32,4,1,0,胜,official_result_market_odds,2026-08-11T21:44:29
2025-09-20,2033653,2025-09-20,周五004,法国乙级联赛,罗德兹,克莱蒙,2.3,2.73,3.05,0,1,2,负,official_result_market_odds,2026-08-11T21:44:29
2025-09-20,2033654,2025-09-20,周五005,法国乙级联赛,格勒诺布尔,阿纳西,2.2,2.95,2.98,1,3,2,负,official_result_market_odds,2026-08-11T21:44:29
2025-09-20,2033655,2025-09-20,周五007,荷兰甲级联赛,鹿特丹斯巴达,特温特,2.8,3.35,2.11,1,5,2,负,official_result_market_odds,2026-08-11T21:44:29
2025-09-20,2033656,2025-09-20,周五008,荷兰乙级联赛,罗达JC,瓦尔韦克,1.83,3.57,3.3,1,4,2,负,official_result_market_odds,2026-08-11T21:44:29
2025-09-20,2033657,2025-09-20,周五009,荷兰乙级联赛,海牙,阿尔梅勒城,1.37,4.45,5.75,2,1,0,胜,official_result_market_odds,2026-08-11T21:44:29
2025-09-20,2033658,2025-09-20,周五010,荷兰乙级联赛,埃门,多德勒支,2.34,3.5,2.4,2,0,0,胜,official_result_market_odds,2026-08-11T21:44:29
2025-09-20,2033659,2025-09-20,周五011,德国甲级联赛,斯图加特,圣保利,1.61,3.7,4.2,2,0,0,胜,official_result_market_odds,2026-08-11T21:44:29
2025-09-20,2033660,2025-09-20,周五012,意大利甲级联赛,莱切,卡利亚里,2.87,2.65,2.48,1,2,2,负,official_result_market_odds,2026-08-11T21:44:29
2025-09-20,2033661,2025-09-20,周五013,法国甲级联赛,里昂,昂热,1.31,4.45,7.1,1,0,0,胜,official_result_market_odds,2026-08-11T21:44:29
2025-09-20,2033662,2025-09-20,周五014,英格兰冠军联赛,米德尔斯堡,西布罗姆维奇,1.91,3.1,3.53,2,1,0,胜,official_result_market_odds,2026-08-11T21:44:29
2025-09-20,2033663,2025-09-20,周五015,西班牙甲级联赛,皇家贝蒂斯,皇家社会,1.76,3.4,3.75,3,1,0,胜,official_result_market_odds,2026-08-11T21:44:29
2025-09-20,2033664,2025-09-20,周五016,葡萄牙超级联赛,里奥阿维,波尔图,9.45,5.25,1.2,0,3,2,负,official_result_market_odds,2026-08-11T21:44:29
2025-09-20,2033665,2025-09-20,周五006,法国乙级联赛,布洛涅,波城FC,2.7,3.3,2.2,0,3,2,负,official_result_market_odds,2026-08-11T21:44:29
2025-09-20,2033670,2025-09-20,周六001,韩国职业联赛,全北现代,金泉尚武,1.81,3.6,3.35,1,2,2,负,official_result_market_odds,2026-08-11T21:44:29
2025-09-20,2033671,2025-09-20,周六002,日本职业联赛,名古屋鲸八,湘南海洋,1.66,3.45,4.21,3,1,0,胜,official_result_market_odds,2026-08-11T21:44:29
2025-09-20,2033672,2025-09-20,周六003,日本乙级联赛,长崎航海,富山胜利,1.23,5.15,8.2,1,1,1,平,official_result_market_odds,2026-08-11T21:44:29
2025-09-20,2033673,2025-09-20,周六004,日本职业联赛,大阪樱花,柏太阳神,2.55,3.5,2.22,1,1,1,平,official_result_market_odds,2026-08-11T21:44:29
2025-09-20,2033674,2025-09-20,周六005,日本职业联赛,川崎前锋,东京FC,1.57,4.05,4.07,0,1,2,负,official_result_market_odds,2026-08-11T21:44:29
2025-09-20,2033675,2025-09-20,周六006,日本职业联赛,浦和红钻,鹿岛鹿角,2.54,3.02,2.47,0,1,2,负,official_result_market_odds,2026-08-11T21:44:29
2025-09-20,2033676,2025-09-20,周六007,日本乙级联赛,德岛漩涡,札幌冈萨多,1.92,3.15,3.45,1,2,2,负,official_result_market_odds,2026-08-11T21:44:29
2025-09-20,2033677,2025-09-20,周六008,德国乙级联赛,柏林赫塔,帕德博恩,2.3,3.4,2.5,0,2,2,负,official_result_market_odds,2026-08-11T21:44:29
2025-09-20,2033678,2025-09-20,周六009,英格兰超级联赛,利物浦,埃弗顿,1.38,4.13,6.15,2,1,0,胜,official_result_market_odds,2026-08-11T21:44:29
2025-09-20,2033679,2025-09-20,周六010,英格兰冠军联赛,莱切斯特城,考文垂,2.22,3.25,2.7,0,0,1,平,official_result_market_odds,2026-08-11T21:44:29
2025-09-20,2033680,2025-09-20,周六011,西班牙甲级联赛,赫罗纳,莱万特,1.68,3.65,3.85,0,4,2,负,official_result_market_odds,2026-08-11T21:44:29
2025-09-20,2033681,2025-09-20,周六012,意大利甲级联赛,博洛尼亚,热那亚,1.79,3.02,4.2,2,1,0,胜,official_result_market_odds,2026-08-11T21:44:29
2025-09-20,2033682,2025-09-20,周六013,瑞典超级联赛,马尔默,佐加顿斯,1.6,3.7,4.3,0,1,2,负,official_result_market_odds,2026-08-11T21:44:29
2025-09-20,2033683,2025-09-20,周六014,德国甲级联赛,奥格斯堡,美因茨,2.44,3.3,2.41,1,4,2,负,official_result_market_odds,2026-08-11T21:44:29
2025-09-20,2033684,2025-09-20,周六015,德国甲级联赛,云达不来梅,弗赖堡,2.17,3.5,2.61,0,3,2,负,official_result_market_odds,2026-08-11T21:44:29
2025-09-20,2033685,2025-09-20,周六016,德国甲级联赛,霍芬海姆,拜仁慕尼黑,7.0,5.75,1.23,1,4,2,负,official_result_market_odds,2026-08-11T21:44:29
2025-09-20,2033686,2025-09-20,周六017,德国甲级联赛,汉堡,海登海姆,1.56,3.88,4.35,2,1,0,胜,official_result_market_odds,2026-08-11T21:44:29
2025-09-20,2033687,2025-09-20,周六018,英格兰超级联赛,西汉姆联,水晶宫,3.12,3.26,1.99,1,2,2,负,official_result_market_odds,2026-08-11T21:44:29
2025-09-20,2033688,2025-09-20,周六019,英格兰超级联赛,伯恩利,诺丁汉森林,3.5,3.3,1.85,1,1,1,平,official_result_market_odds,2026-08-11T21:44:29
2025-09-20,2033689,2025-09-20,周六020,英格兰超级联赛,布赖顿,托特纳姆热刺,1.94,3.65,2.95,2,2,1,平,official_result_market_odds,2026-08-11T21:44:29
2025-09-20,2033690,2025-09-20,周六021,英格兰超级联赛,狼队,利兹联,2.58,3.0,2.45,1,3,2,负,official_result_market_odds,2026-08-11T21:44:29
2025-09-20,2033691,2025-09-20,周六022,英格兰冠军联赛,赫尔城,南安普敦,3.02,3.5,1.95,3,1,0,胜,official_result_market_odds,2026-08-11T21:44:29
2025-09-20,2033692,2025-09-20,周六023,挪威超级联赛,桑纳菲尤尔,布兰,3.28,3.9,1.76,0,3,2,负,official_result_market_odds,2026-08-11T21:44:29
2025-09-20,2033694,2025-09-20,周六025,法国甲级联赛,南特,雷恩,3.8,3.4,1.75,2,2,1,平,official_result_market_odds,2026-08-11T21:44:29
2025-09-21,2033695,2025-09-21,周六026,意大利甲级联赛,维罗纳,尤文图斯,7.7,4.05,1.33,1,1,1,平,official_result_market_odds,2026-08-11T21:44:29
2025-09-21,2033696,2025-09-21,周六027,英格兰超级联赛,曼彻斯特联,切尔西,2.48,3.48,2.28,2,1,0,胜,official_result_market_odds,2026-08-11T21:44:29
2025-09-21,2033697,2025-09-21,周六028,德国甲级联赛,莱比锡红牛,科隆,1.66,4.05,3.58,3,1,0,胜,official_result_market_odds,2026-08-11T21:44:29
2025-09-21,2033698,2025-09-21,周六029,西班牙甲级联赛,阿拉维斯,塞维利亚,2.32,2.7,3.05,1,2,2,负,official_result_market_odds,2026-08-11T21:44:29
2025-09-21,2033699,2025-09-21,周六030,西班牙甲级联赛,比利亚雷亚尔,奥萨苏纳,1.45,3.9,5.45,2,1,0,胜,official_result_market_odds,2026-08-11T21:44:29
2025-09-21,2033700,2025-09-21,周六031,荷兰甲级联赛,福图纳锡塔德,乌德勒支,3.7,3.6,1.72,1,0,0,胜,official_result_market_odds,2026-08-11T21:44:29
2025-09-21,2033701,2025-09-21,周六032,美国职业大联盟,费城联合,新英格兰革命,1.33,4.7,6.05,1,0,0,胜,official_result_market_odds,2026-08-11T21:44:29
2025-09-21,2033702,2025-09-21,周六033,意大利甲级联赛,乌迪内斯,AC米兰,4.55,3.22,1.67,0,3,2,负,official_result_market_odds,2026-08-11T21:44:29
2025-09-21,2033703,2025-09-21,周六034,英格兰超级联赛,富勒姆,布伦特福德,1.74,3.4,3.85,3,1,0,胜,official_result_market_odds,2026-08-11T21:44:29
2025-09-21,2033704,2025-09-21,周六035,西班牙甲级联赛,巴伦西亚,毕尔巴鄂竞技,3.25,2.93,2.08,2,0,0,胜,official_result_market_odds,2026-08-11T21:44:29
2025-09-21,2033705,2025-09-21,周六036,葡萄牙超级联赛,吉马良斯,布拉加,3.13,3.1,2.05,1,1,1,平,official_result_market_odds,2026-08-11T21:44:29
2025-09-21,2033706,2025-09-21,周日001,韩国职业联赛,水原FC,江原FC,2.92,3.18,2.12,1,0,0,胜,official_result_market_odds,2026-08-11T21:44:29
2025-09-21,2033707,2025-09-21,周日002,韩国职业联赛,浦项制铁,济州SK,1.54,3.5,5.15,1,0,0,胜,official_result_market_odds,2026-08-11T21:44:29
2025-09-21,2033708,2025-09-21,周日003,韩国职业联赛,首尔FC,光州FC,1.9,3.11,3.55,3,0,0,胜,official_result_market_odds,2026-08-11T21:44:29
2025-09-21,2033709,2025-09-21,周日004,意大利甲级联赛,拉齐奥,罗马,2.68,2.75,2.55,0,1,2,负,official_result_market_odds,2026-08-11T21:44:29
2025-09-21,2033710,2025-09-21,周日005,德国乙级联赛,杜塞尔多夫,达姆施塔特,2.39,3.42,2.39,0,3,2,负,official_result_market_odds,2026-08-11T21:44:29
2025-09-21,2033711,2025-09-21,周日006,西班牙甲级联赛,巴列卡诺,维戈塞尔塔,1.9,3.2,3.45,1,1,1,平,official_result_market_odds,2026-08-11T21:44:29
2025-09-21,2033712,2025-09-21,周日007,瑞典超级联赛,哈马比,赫根,1.45,4.3,4.85,4,0,0,胜,official_result_market_odds,2026-08-11T21:44:29
2025-09-21,2033713,2025-09-21,周日008,荷兰甲级联赛,PSV埃因霍温,阿贾克斯,1.45,4.55,4.55,2,2,1,平,official_result_market_odds,2026-08-11T21:44:29
2025-09-21,2033714,2025-09-21,周日009,挪威超级联赛,罗森博格,博德闪耀,3.35,3.8,1.76,1,1,1,平,official_result_market_odds,2026-08-11T21:44:29
2025-09-21,2033715,2025-09-21,周日010,英格兰超级联赛,伯恩茅斯,纽卡斯尔联,2.23,3.22,2.7,0,0,1,平,official_result_market_odds,2026-08-11T21:44:29
2025-09-21,2033716,2025-09-21,周日011,英格兰超级联赛,桑德兰,阿斯顿维拉,4.0,3.28,1.74,1,1,1,平,official_result_market_odds,2026-08-11T21:44:29
2025-09-21,2033717,2025-09-21,周日012,意大利甲级联赛,都灵,亚特兰大,3.6,3.25,1.84,0,3,2,负,official_result_market_odds,2026-08-11T21:44:29
2025-09-21,2033718,2025-09-21,周日013,意大利甲级联赛,克雷莫纳,帕尔马,2.76,3.05,2.28,0,0,1,平,official_result_market_odds,2026-08-11T21:44:29
2025-09-21,2033719,2025-09-21,周日014,法国甲级联赛,巴黎FC,斯特拉斯堡,2.13,3.25,2.84,2,3,2,负,official_result_market_odds,2026-08-11T21:44:29
2025-09-21,2033720,2025-09-21,周日015,德国甲级联赛,法兰克福,柏林联合,1.42,4.2,5.35,3,4,2,负,official_result_market_odds,2026-08-11T21:44:29
2025-09-21,2033721,2025-09-21,周日016,英格兰冠军联赛,布里斯托尔城,牛津联,1.44,3.85,5.7,1,3,2,负,official_result_market_odds,2026-08-11T21:44:29
2025-09-21,2033722,2025-09-21,周日017,西班牙甲级联赛,马洛卡,马德里竞技,5.25,3.5,1.53,1,1,1,平,official_result_market_odds,2026-08-11T21:44:29
2025-09-21,2033723,2025-09-21,周日018,荷兰甲级联赛,阿尔克马尔,费耶诺德,2.35,3.5,2.39,3,3,1,平,official_result_market_odds,2026-08-11T21:44:29
2025-09-21,2033724,2025-09-21,周日019,法国甲级联赛,摩纳哥,梅斯,1.14,6.35,10.5,5,2,0,胜,official_result_market_odds,2026-08-11T21:44:29
2025-09-21,2033725,2025-09-21,周日020,法国甲级联赛,欧塞尔,图卢兹,3.05,3.15,2.07,1,0,0,胜,official_result_market_odds,2026-08-11T21:44:29
2025-09-21,2033726,2025-09-21,周日021,英格兰超级联赛,阿森纳,曼彻斯特城,1.82,3.4,3.5,1,1,1,平,official_result_market_odds,2026-08-11T21:44:29
2025-09-21,2033727,2025-09-21,周日022,德国甲级联赛,勒沃库森,门兴格拉德巴赫,1.34,4.7,5.9,1,1,1,平,official_result_market_odds,2026-08-11T21:44:29
2025-09-22,2033728,2025-09-22,周日023,意大利甲级联赛,佛罗伦萨,科莫,2.23,3.05,2.83,1,2,2,负,official_result_market_odds,2026-08-11T21:44:29
2025-09-22,2033729,2025-09-22,周日024,西班牙甲级联赛,埃尔切,皇家奥维耶多,1.7,3.05,4.7,1,0,0,胜,official_result_market_odds,2026-08-11T21:44:29
2025-09-22,2033730,2025-09-22,周日025,葡萄牙超级联赛,吉维森特,埃斯托里尔,1.77,3.3,3.82,2,0,0,胜,official_result_market_odds,2026-08-11T21:44:29
2025-09-22,2033731,2025-09-22,周日026,挪威超级联赛,维京,莫尔德,1.48,4.38,4.45,1,0,0,胜,official_result_market_odds,2026-08-11T21:44:29
2025-09-22,2033732,2025-09-22,周日027,德国甲级联赛,多特蒙德,沃尔夫斯堡,1.38,4.5,5.5,1,0,0,胜,official_result_market_odds,2026-08-11T21:44:29
2025-09-22,2033733,2025-09-22,周日028,意大利甲级联赛,国际米兰,萨索洛,1.2,5.4,9.0,2,1,0,胜,official_result_market_odds,2026-08-11T21:44:29
2025-09-22,2033735,2025-09-22,周日030,西班牙甲级联赛,巴塞罗那,赫塔费,1.14,6.05,11.5,3,0,0,胜,official_result_market_odds,2026-08-11T21:44:29
2025-09-23,2033734,2025-09-23,周日029,法国甲级联赛,马赛,巴黎圣日尔曼,4.05,3.88,1.6,1,0,0,胜,official_result_market_odds,2026-08-11T21:44:29
2025-09-23,2033736,2025-09-23,周一001,瑞典超级联赛,韦纳穆,哈尔姆斯塔德,2.34,3.3,2.51,1,2,2,负,official_result_market_odds,2026-08-11T21:44:29
2025-09-23,2033737,2025-09-23,周一002,瑞典超级联赛,北雪平,AIK索尔纳,3.98,3.53,1.68,3,1,0,胜,official_result_market_odds,2026-08-11T21:44:29
2025-09-23,2033738,2025-09-23,周一003,意大利甲级联赛,那不勒斯,比萨,1.17,5.4,11.25,3,2,0,胜,official_result_market_odds,2026-08-11T21:44:29
2025-09-23,2033739,2025-09-23,周一004,英格兰冠军联赛,米尔沃尔,沃特福德,1.85,2.95,4.0,1,0,0,胜,official_result_market_odds,2026-08-11T21:44:29
2025-09-23,2033744,2025-09-23,周二001,日本职业联赛,鹿岛鹿角,大阪樱花,1.66,3.61,4.0,3,1,0,胜,official_result_market_odds,2026-08-11T21:44:29
2025-09-23,2033745,2025-09-23,周二002,日本职业联赛,清水鼓动,浦和红钻,3.02,3.3,2.02,0,0,1,平,official_result_market_odds,2026-08-11T21:44:29
2025-09-23,2033746,2025-09-23,周二003,日本职业联赛,东京FC,福冈黄蜂,2.02,3.15,3.16,1,0,0,胜,official_result_market_odds,2026-08-11T21:44:29
2025-09-23,2033747,2025-09-23,周二004,日本职业联赛,柏太阳神,广岛三箭,2.72,3.25,2.2,0,0,1,平,official_result_market_odds,2026-08-11T21:44:29
2025-09-23,2033748,2025-09-23,周二005,日本职业联赛,大阪钢巴,横滨水手,1.5,4.08,4.6,3,1,0,胜,official_result_market_odds,2026-08-11T21:44:29
2025-09-23,2033749,2025-09-23,周二006,芬兰超级联赛,坦佩雷山猫,赫尔辛基火花,1.27,5.15,6.75,3,2,0,胜,official_result_market_odds,2026-08-11T21:44:29
2025-09-24,2033750,2025-09-24,周二007,西班牙甲级联赛,毕尔巴鄂竞技,赫罗纳,1.27,4.6,8.0,1,1,1,平,official_result_market_odds,2026-08-11T21:44:29
2025-09-24,2033751,2025-09-24,周二008,西班牙甲级联赛,西班牙人,巴伦西亚,2.07,2.9,3.32,2,2,1,平,official_result_market_odds,2026-08-11T21:44:29
2025-09-24,2033752,2025-09-24,周二009,法国乙级联赛,亚眠,圣埃蒂安,5.2,4.2,1.43,0,1,2,负,official_result_market_odds,2026-08-11T21:44:29
2025-09-24,2033753,2025-09-24,周二010,法国乙级联赛,阿纳西,南锡,2.56,2.9,2.54,1,2,2,负,official_result_market_odds,2026-08-11T21:44:29
2025-09-24,2033754,2025-09-24,周二011,法国乙级联赛,兰斯,克莱蒙,1.34,4.4,6.4,4,1,0,胜,official_result_market_odds,2026-08-11T21:44:29
2025-09-24,2033755,2025-09-24,周二012,英格兰联赛杯,狼队,埃弗顿,3.06,3.2,2.04,2,0,0,胜,official_result_market_odds,2026-08-11T21:44:29
2025-09-24,2033757,2025-09-24,周二014,意大利杯,AC米兰,莱切,1.1,6.6,14.5,3,0,0,胜,official_result_market_odds,2026-08-11T21:44:29
2025-09-24,2033759,2025-09-24,周二016,西班牙甲级联赛,莱万特,皇家马德里,8.5,6.1,1.18,1,4,2,负,official_result_market_odds,2026-08-11T21:44:29
2025-09-24,2033760,2025-09-24,周二017,西班牙甲级联赛,塞维利亚,比利亚雷亚尔,2.98,3.0,2.17,1,2,2,负,official_result_market_odds,2026-08-11T21:44:29
2025-09-25,2033761,2025-09-25,周三001,欧罗巴联赛,中日德兰,格拉茨风暴,1.45,4.2,4.95,2,0,0,胜,official_result_market_odds,2026-08-11T21:44:29
2025-09-25,2033762,2025-09-25,周三002,西班牙甲级联赛,赫塔费,阿拉维斯,2.12,2.55,3.8,1,1,1,平,official_result_market_odds,2026-08-11T21:44:29
2025-09-25,2033763,2025-09-25,周三003,荷兰甲级联赛,阿尔克马尔,兹沃勒,1.2,5.55,8.6,2,2,1,平,official_result_market_odds,2026-08-11T21:44:29
2025-09-25,2033764,2025-09-25,周三004,欧罗巴联赛,马尔默,卢多戈雷茨,1.44,3.85,5.7,1,2,2,负,official_result_market_odds,2026-08-11T21:44:29
2025-09-25,2033765,2025-09-25,周三006,欧罗巴联赛,布拉加,费耶诺德,2.08,3.4,2.82,1,0,0,胜,official_result_market_odds,2026-08-11T21:44:29
2025-09-25,2033766,2025-09-25,周三007,欧罗巴联赛,贝尔格莱德红星,凯尔特人,2.66,3.35,2.2,1,1,1,平,official_result_market_odds,2026-08-11T21:44:29
2025-09-25,2033767,2025-09-25,周三008,欧罗巴联赛,弗赖堡,巴塞尔,1.36,4.55,5.75,2,1,0,胜,official_result_market_odds,2026-08-11T21:44:29
2025-09-25,2033768,2025-09-25,周三009,欧罗巴联赛,尼斯,罗马,3.21,3.15,2.0,1,2,2,负,official_result_market_odds,2026-08-11T21:44:29
2025-09-25,2033769,2025-09-25,周三011,西班牙甲级联赛,皇家社会,马洛卡,1.56,3.52,4.9,1,0,0,胜,official_result_market_odds,2026-08-11T21:44:29
2025-09-25,2033770,2025-09-25,周三012,西班牙甲级联赛,马德里竞技,巴列卡诺,1.33,4.35,6.75,3,2,0,胜,official_result_market_odds,2026-08-11T21:44:29
2025-09-25,2033771,2025-09-25,周三013,美国职业大联盟,纽约城,迈阿密国际,2.18,3.75,2.48,0,4,2,负,official_result_market_odds,2026-08-11T21:44:29
2025-09-25,2033772,2025-09-25,周三014,美国职业大联盟,温哥华白帽,波特兰伐木工,1.49,4.1,4.66,1,1,1,平,official_result_market_odds,2026-08-11T21:44:29
2025-09-25,2033781,2025-09-25,周三005,欧罗巴联赛,皇家贝蒂斯,诺丁汉森林,2.06,3.28,2.95,2,2,1,平,official_result_market_odds,2026-08-11T21:44:29
2025-09-25,2033782,2025-09-25,周三010,意大利杯,科莫,萨索洛,1.34,4.25,6.8,3,0,0,胜,official_result_market_odds,2026-08-11T21:44:29
2025-09-26,2033773,2025-09-26,周四001,欧罗巴联赛,里尔,布兰,1.33,4.45,6.55,2,1,0,胜,official_result_market_odds,2026-08-11T21:44:29
2025-09-26,2033774,2025-09-26,周四003,西班牙甲级联赛,奥萨苏纳,埃尔切,1.82,2.95,4.15,1,1,1,平,official_result_market_odds,2026-08-11T21:44:29
2025-09-26,2033775,2025-09-26,周四004,欧罗巴联赛,萨尔茨堡,波尔图,3.9,3.7,1.66,0,1,2,负,official_result_market_odds,2026-08-11T21:44:29
2025-09-26,2033776,2025-09-26,周四006,欧罗巴联赛,乌德勒支,里昂,2.96,3.32,2.04,0,1,2,负,official_result_market_odds,2026-08-11T21:44:29
2025-09-26,2033777,2025-09-26,周四007,欧罗巴联赛,年轻人,帕纳辛纳科斯,1.77,3.8,3.32,1,4,2,负,official_result_market_odds,2026-08-11T21:44:29
2025-09-26,2033778,2025-09-26,周四008,欧罗巴联赛,格拉斯哥流浪者,亨克,2.36,3.3,2.49,0,1,2,负,official_result_market_odds,2026-08-11T21:44:29
2025-09-26,2033779,2025-09-26,周四010,欧罗巴联赛,费伦茨瓦罗斯,比尔森,2.22,3.2,2.74,1,1,1,平,official_result_market_odds,2026-08-11T21:44:29
2025-09-26,2033780,2025-09-26,周四012,西班牙甲级联赛,皇家奥维耶多,巴塞罗那,11.2,6.43,1.13,1,3,2,负,official_result_market_odds,2026-08-11T21:44:29
2025-09-26,2033783,2025-09-26,周四002,欧罗巴联赛,前进之鹰,布加勒斯特星,1.5,4.05,4.65,0,1,2,负,official_result_market_odds,2026-08-11T21:44:29
2025-09-26,2033784,2025-09-26,周四011,意大利杯,都灵,比萨,1.48,3.7,5.45,1,0,0,胜,official_result_market_odds,2026-08-11T21:44:29
2025-09-26,2033785,2025-09-26,周四005,欧罗巴联赛,斯图加特,维戈塞尔塔,1.58,3.9,4.16,2,1,0,胜,official_result_market_odds,2026-08-11T21:44:29
2025-09-26,2033786,2025-09-26,周四009,欧罗巴联赛,阿斯顿维拉,博洛尼亚,1.69,3.44,4.05,1,0,0,胜,official_result_market_odds,2026-08-11T21:44:29
2025-09-26,2033792,2025-09-26,周五001,芬兰超级联赛,瓦萨,哈卡,1.91,3.45,3.16,1,0,0,胜,official_result_market_odds,2026-08-11T21:44:29
2025-09-27,2033793,2025-09-27,周五002,德国乙级联赛,达姆施塔特,德累斯顿,1.46,4.25,4.8,2,0,0,胜,official_result_market_odds,2026-08-11T21:44:29
2025-09-27,2033794,2025-09-27,周五003,德国乙级联赛,沙尔克04,菲尔特,1.68,3.7,3.8,1,0,0,胜,official_result_market_odds,2026-08-11T21:44:29
2025-09-27,2033795,2025-09-27,周五004,法国乙级联赛,特鲁瓦,阿纳西,1.36,3.9,7.25,3,1,0,胜,official_result_market_odds,2026-08-11T21:44:29
2025-09-27,2033796,2025-09-27,周五005,法国乙级联赛,克莱蒙,勒芒,2.65,2.85,2.5,1,1,1,平,official_result_market_odds,2026-08-11T21:44:29
2025-09-27,2033797,2025-09-27,周五006,法国乙级联赛,格勒诺布尔,巴斯蒂亚,2.8,2.9,2.34,0,0,1,平,official_result_market_odds,2026-08-11T21:44:29
2025-09-27,2033798,2025-09-27,周五007,法国乙级联赛,罗德兹,波城FC,2.27,3.15,2.69,1,2,2,负,official_result_market_odds,2026-08-11T21:44:29
2025-09-27,2033799,2025-09-27,周五008,法国乙级联赛,南锡,兰斯,3.58,3.4,1.8,0,1,2,负,official_result_market_odds,2026-08-11T21:44:29
2025-09-27,2033800,2025-09-27,周五009,荷兰甲级联赛,特温特,福图纳锡塔德,1.29,4.75,7.0,3,2,0,胜,official_result_market_odds,2026-08-11T21:44:29
2025-09-27,2033801,2025-09-27,周五010,荷兰乙级联赛,奥斯,罗达JC,3.12,3.5,1.91,1,2,2,负,official_result_market_odds,2026-08-11T21:44:29
2025-09-27,2033802,2025-09-27,周五011,荷兰乙级联赛,多德勒支,格拉夫夏普,2.54,3.48,2.23,1,1,1,平,official_result_market_odds,2026-08-11T21:44:29
2025-09-27,2033803,2025-09-27,周五012,荷兰乙级联赛,马斯特里赫特,埃门,3.4,3.65,1.78,1,0,0,胜,official_result_market_odds,2026-08-11T21:44:29
2025-09-27,2033804,2025-09-27,周五013,荷兰乙级联赛,海尔蒙特,埃因霍温FC,1.66,3.55,4.1,1,0,0,胜,official_result_market_odds,2026-08-11T21:44:29
2025-09-27,2033806,2025-09-27,周五015,法国甲级联赛,斯特拉斯堡,马赛,3.41,3.2,1.91,1,2,2,负,official_result_market_odds,2026-08-11T21:44:29
2025-09-27,2033807,2025-09-27,周五016,英格兰冠军联赛,西布罗姆维奇,莱切斯特城,2.19,3.05,2.9,1,1,1,平,official_result_market_odds,2026-08-11T21:44:29
2025-09-27,2033808,2025-09-27,周五017,西班牙甲级联赛,赫罗纳,西班牙人,2.33,3.2,2.58,0,0,1,平,official_result_market_odds,2026-08-11T21:44:29
2025-09-27,2033809,2025-09-27,周五018,葡萄牙超级联赛,本菲卡,吉维森特,1.17,5.35,11.5,2,1,0,胜,official_result_market_odds,2026-08-11T21:44:29
2025-09-27,2033811,2025-09-27,周六001,日本乙级联赛,札幌冈萨多,仙台七夕,2.87,3.02,2.23,0,3,2,负,official_result_market_odds,2026-08-11T21:44:29
2025-09-27,2033812,2025-09-27,周六002,韩国职业联赛,江原FC,大田市民,2.05,3.1,3.13,0,0,1,平,official_result_market_odds,2026-08-11T21:44:29
2025-09-27,2033813,2025-09-27,周六003,日本职业联赛,町田泽维亚,冈山绿雉,1.5,3.65,5.3,1,0,0,胜,official_result_market_odds,2026-08-11T21:44:29
2025-09-27,2033814,2025-09-27,周六004,韩国职业联赛,金泉尚武,浦项制铁,2.07,3.2,3.0,2,0,0,胜,official_result_market_odds,2026-08-11T21:44:29
2025-09-27,2033815,2025-09-27,周六005,日本职业联赛,名古屋鲸八,鹿岛鹿角,3.0,3.13,2.1,0,4,2,负,official_result_market_odds,2026-08-11T21:44:29
2025-09-27,2033816,2025-09-27,周六006,日本职业联赛,东京绿茵,浦和红钻,3.56,2.98,1.95,0,0,1,平,official_result_market_odds,2026-08-11T21:44:29
2025-09-27,2033817,2025-09-27,周六007,日本职业联赛,福冈黄蜂,广岛三箭,3.6,3.0,1.93,1,2,2,负,official_result_market_odds,2026-08-11T21:44:29
2025-09-27,2033818,2025-09-27,周六008,日本乙级联赛,山形山神,山口雷诺法,1.93,3.25,3.3,2,1,0,胜,official_result_market_odds,2026-08-11T21:44:29
2025-09-27,2033819,2025-09-27,周六009,日本职业联赛,神户胜利船,清水鼓动,1.32,4.35,7.05,2,1,0,胜,official_result_market_odds,2026-08-11T21:44:29
2025-09-27,2033820,2025-09-27,周六010,韩国职业联赛,首尔FC,全北现代,2.13,3.25,2.84,1,1,1,平,official_result_market_odds,2026-08-11T21:44:29
2025-09-27,2033821,2025-09-27,周六011,德国乙级联赛,帕德博恩,凯泽斯劳滕,1.88,3.4,3.3,2,0,0,胜,official_result_market_odds,2026-08-11T21:44:29
2025-09-27,2033822,2025-09-27,周六012,英格兰超级联赛,布伦特福德,曼彻斯特联,3.3,3.55,1.84,3,1,0,胜,official_result_market_odds,2026-08-11T21:44:29
2025-09-27,2033823,2025-09-27,周六013,英格兰冠军联赛,斯旺西,米尔沃尔,1.96,2.93,3.6,1,1,1,平,official_result_market_odds,2026-08-11T21:44:29
2025-09-27,2033824,2025-09-27,周六014,西班牙甲级联赛,赫塔费,莱万特,1.85,3.0,3.92,1,1,1,平,official_result_market_odds,2026-08-11T21:44:29
2025-09-27,2033825,2025-09-27,周六015,法国乙级联赛,敦刻尔克,亚眠,1.63,3.45,4.45,6,2,0,胜,official_result_market_odds,2026-08-11T21:44:29
2025-09-27,2033826,2025-09-27,周六016,意大利甲级联赛,科莫,克雷莫纳,1.34,4.25,6.75,1,1,1,平,official_result_market_odds,2026-08-11T21:44:29
2025-09-27,2033827,2025-09-27,周六017,德国甲级联赛,美因茨,多特蒙德,3.52,3.75,1.73,0,2,2,负,official_result_market_odds,2026-08-11T21:44:29
2025-09-27,2033828,2025-09-27,周六018,德国甲级联赛,海登海姆,奥格斯堡,2.74,3.35,2.15,2,1,0,胜,official_result_market_odds,2026-08-11T21:44:29
2025-09-27,2033829,2025-09-27,周六019,德国甲级联赛,圣保利,勒沃库森,3.08,3.36,1.97,1,2,2,负,official_result_market_odds,2026-08-11T21:44:29
2025-09-27,2033830,2025-09-27,周六020,德国甲级联赛,沃尔夫斯堡,莱比锡红牛,2.45,3.65,2.24,0,1,2,负,official_result_market_odds,2026-08-11T21:44:29
2025-09-27,2033831,2025-09-27,周六021,英格兰超级联赛,切尔西,布赖顿,1.68,3.75,3.75,1,3,2,负,official_result_market_odds,2026-08-11T21:44:29
2025-09-27,2033832,2025-09-27,周六022,英格兰超级联赛,水晶宫,利物浦,4.1,3.8,1.61,2,1,0,胜,official_result_market_odds,2026-08-11T21:44:29
2025-09-27,2033833,2025-09-27,周六023,英格兰超级联赛,利兹联,伯恩茅斯,2.72,3.15,2.25,2,2,1,平,official_result_market_odds,2026-08-11T21:44:29
2025-09-27,2033835,2025-09-27,周六025,英格兰冠军联赛,南安普敦,米德尔斯堡,2.28,3.3,2.58,1,1,1,平,official_result_market_odds,2026-08-11T21:44:29
2025-09-27,2033836,2025-09-27,周六026,西班牙甲级联赛,马德里竞技,皇家马德里,3.05,3.55,1.93,5,2,0,胜,official_result_market_odds,2026-08-11T21:44:29
2025-09-27,2033837,2025-09-27,周六027,荷兰甲级联赛,阿贾克斯,布雷达,1.15,6.1,10.5,2,1,0,胜,official_result_market_odds,2026-08-11T21:44:29
2025-09-27,2033838,2025-09-27,周六028,法国甲级联赛,洛里昂,摩纳哥,4.0,3.9,1.61,3,1,0,胜,official_result_market_odds,2026-08-11T21:44:29
2025-09-28,2033839,2025-09-28,周六029,意大利甲级联赛,尤文图斯,亚特兰大,1.76,3.3,3.87,1,1,1,平,official_result_market_odds,2026-08-11T21:44:29
2025-09-28,2033840,2025-09-28,周六030,英格兰超级联赛,诺丁汉森林,桑德兰,1.5,3.6,5.4,0,1,2,负,official_result_market_odds,2026-08-11T21:44:29
2025-09-28,2033841,2025-09-28,周六031,德国甲级联赛,门兴格拉德巴赫,法兰克福,3.07,3.68,1.88,4,6,2,负,official_result_market_odds,2026-08-11T21:44:29
2025-09-28,2033842,2025-09-28,周六032,西班牙甲级联赛,马洛卡,阿拉维斯,2.15,2.65,3.5,1,0,0,胜,official_result_market_odds,2026-08-11T21:44:29
2025-09-28,2033843,2025-09-28,周六033,意大利甲级联赛,卡利亚里,国际米兰,6.1,4.35,1.36,0,2,2,负,official_result_market_odds,2026-08-11T21:44:29
2025-09-28,2033844,2025-09-28,周六034,英格兰超级联赛,托特纳姆热刺,狼队,1.38,4.25,5.9,1,1,1,平,official_result_market_odds,2026-08-11T21:44:29
2025-09-28,2033845,2025-09-28,周六035,西班牙甲级联赛,比利亚雷亚尔,毕尔巴鄂竞技,1.94,3.05,3.5,1,0,0,胜,official_result_market_odds,2026-08-11T21:44:29
2025-09-28,2033847,2025-09-28,周六037,葡萄牙超级联赛,埃斯托里尔,里斯本竞技,11.0,6.2,1.14,0,1,2,负,official_result_market_odds,2026-08-11T21:44:29
2025-09-28,2033848,2025-09-28,周六039,美国职业大联盟,纽约红牛,纽约城,2.25,3.38,2.57,2,3,2,负,official_result_market_odds,2026-08-11T21:44:29
2025-09-28,2033849,2025-09-28,周日001,日本乙级联赛,秋田蓝色闪电,长崎航海,4.5,3.54,1.6,0,0,1,平,official_result_market_odds,2026-08-11T21:44:29
2025-09-28,2033850,2025-09-28,周日002,日本乙级联赛,水户蜀葵,藤枝MYFC,1.64,3.5,4.27,2,0,0,胜,official_result_market_odds,2026-08-11T21:44:29
2025-09-28,2033851,2025-09-28,周日003,日本乙级联赛,富山胜利,德岛漩涡,4.9,3.42,1.58,1,3,2,负,official_result_market_odds,2026-08-11T21:44:29
2025-09-28,2033852,2025-09-28,周日004,韩国职业联赛,安养FC,光州FC,2.7,3.0,2.35,0,0,1,平,official_result_market_odds,2026-08-11T21:44:29
2025-09-28,2033853,2025-09-28,周日005,韩国职业联赛,济州SK,水原FC,2.52,3.25,2.36,3,4,2,负,official_result_market_odds,2026-08-11T21:44:29
2025-09-28,2033854,2025-09-28,周日006,日本职业联赛,横滨FC,湘南海洋,1.66,3.45,4.22,1,0,0,胜,official_result_market_odds,2026-08-11T21:44:29
2025-09-28,2033855,2025-09-28,周日007,日本职业联赛,东京FC,横滨水手,2.04,3.28,3.0,2,3,2,负,official_result_market_odds,2026-08-11T21:44:29
2025-09-28,2033856,2025-09-28,周日008,日本职业联赛,川崎前锋,柏太阳神,2.18,3.48,2.61,4,4,1,平,official_result_market_odds,2026-08-11T21:44:29
2025-09-28,2033857,2025-09-28,周日009,荷兰甲级联赛,奈梅亨,阿尔克马尔,3.35,3.95,1.73,2,1,0,胜,official_result_market_odds,2026-08-11T21:44:29
2025-09-28,2033858,2025-09-28,周日010,意大利甲级联赛,萨索洛,乌迪内斯,2.3,2.8,2.96,3,1,0,胜,official_result_market_odds,2026-08-11T21:44:29
2025-09-28,2033859,2025-09-28,周日011,德国乙级联赛,纽伦堡,柏林赫塔,2.11,3.3,2.84,0,3,2,负,official_result_market_odds,2026-08-11T21:44:29
2025-09-28,2033860,2025-09-28,周日012,西班牙甲级联赛,巴列卡诺,塞维利亚,1.9,2.95,3.8,0,1,2,负,official_result_market_odds,2026-08-11T21:44:29
2025-09-28,2033861,2025-09-28,周日013,荷兰甲级联赛,格罗宁根,费耶诺德,3.9,3.45,1.72,0,1,2,负,official_result_market_odds,2026-08-11T21:44:29
2025-09-28,2033862,2025-09-28,周日014,挪威超级联赛,布兰,腓特烈斯塔,1.39,4.35,5.55,1,0,0,胜,official_result_market_odds,2026-08-11T21:44:29
2025-09-28,2033863,2025-09-28,周日015,英格兰超级联赛,阿斯顿维拉,富勒姆,2.01,3.18,3.15,3,1,0,胜,official_result_market_odds,2026-08-11T21:44:29
2025-09-28,2033864,2025-09-28,周日016,意大利甲级联赛,罗马,维罗纳,1.28,4.4,8.25,2,0,0,胜,official_result_market_odds,2026-08-11T21:44:29
2025-09-28,2033865,2025-09-28,周日017,意大利甲级联赛,比萨,佛罗伦萨,3.65,3.12,1.87,0,0,1,平,official_result_market_odds,2026-08-11T21:44:29
2025-09-28,2033866,2025-09-28,周日018,法国甲级联赛,尼斯,巴黎FC,1.87,3.45,3.28,1,1,1,平,official_result_market_odds,2026-08-11T21:44:29
2025-09-28,2033867,2025-09-28,周日019,德国甲级联赛,弗赖堡,霍芬海姆,2.15,3.5,2.65,1,1,1,平,official_result_market_odds,2026-08-11T21:44:29
2025-09-28,2033868,2025-09-28,周日020,西班牙甲级联赛,埃尔切,维戈塞尔塔,2.63,2.8,2.55,2,1,0,胜,official_result_market_odds,2026-08-11T21:44:29
2025-09-28,2033869,2025-09-28,周日021,瑞典超级联赛,AIK索尔纳,哥德堡盖斯,2.1,2.98,3.15,1,1,1,平,official_result_market_odds,2026-08-11T21:44:29
2025-09-28,2033870,2025-09-28,周日022,挪威超级联赛,汉坎,罗森博格,3.8,3.85,1.65,4,0,0,胜,official_result_market_odds,2026-08-11T21:44:29
2025-09-28,2033871,2025-09-28,周日023,法国甲级联赛,里尔,里昂,2.07,3.2,3.0,0,1,2,负,official_result_market_odds,2026-08-11T21:44:29
2025-09-28,2033872,2025-09-28,周日024,英格兰超级联赛,纽卡斯尔联,阿森纳,3.21,3.1,2.02,1,2,2,负,official_result_market_odds,2026-08-11T21:44:29
2025-09-28,2033873,2025-09-28,周日025,德国甲级联赛,科隆,斯图加特,2.38,3.55,2.34,1,2,2,负,official_result_market_odds,2026-08-11T21:44:29
2025-09-28,2033900,2025-09-28,周六038,U20世界杯,日本U20,埃及U20,1.52,3.7,4.96,2,0,0,胜,official_result_market_odds,2026-08-11T21:44:29
2025-09-29,2033874,2025-09-29,周日026,意大利甲级联赛,莱切,博洛尼亚,4.6,3.35,1.63,2,2,1,平,official_result_market_odds,2026-08-11T21:44:29
2025-09-29,2033875,2025-09-29,周日027,西班牙甲级联赛,巴塞罗那,皇家社会,1.16,6.05,9.75,2,1,0,胜,official_result_market_odds,2026-08-11T21:44:29
2025-09-29,2033876,2025-09-29,周日028,葡萄牙超级联赛,布拉加,葡萄牙国民,1.24,4.75,8.9,0,1,2,负,official_result_market_odds,2026-08-11T21:44:29
2025-09-29,2033877,2025-09-29,周日029,德国甲级联赛,柏林联合,汉堡,1.72,3.6,3.7,0,0,1,平,official_result_market_odds,2026-08-11T21:44:29
2025-09-29,2033878,2025-09-29,周日030,意大利甲级联赛,AC米兰,那不勒斯,1.97,3.06,3.4,2,1,0,胜,official_result_market_odds,2026-08-11T21:44:29
2025-09-29,2033879,2025-09-29,周日031,法国甲级联赛,雷恩,朗斯,2.35,3.1,2.62,0,0,1,平,official_result_market_odds,2026-08-11T21:44:29
2025-09-29,2033880,2025-09-29,周日032,西班牙甲级联赛,皇家贝蒂斯,奥萨苏纳,1.49,3.75,5.25,2,0,0,胜,official_result_market_odds,2026-08-11T21:44:29
2025-09-29,2033881,2025-09-29,周日035,U20世界杯,巴西U20,墨西哥U20,1.48,3.9,5.1,2,2,1,平,official_result_market_odds,2026-08-11T21:44:29
2025-09-29,2033882,2025-09-29,周日036,美国职业大联盟,辛辛那提FC,奥兰多城,2.16,3.55,2.6,1,1,1,平,official_result_market_odds,2026-08-11T21:44:29
2025-09-29,2033883,2025-09-29,周一001,亚洲冠军精英联赛,纳萨夫,利雅得新月,5.75,4.25,1.39,2,3,2,负,official_result_market_odds,2026-08-11T21:44:29
2025-09-29,2033901,2025-09-29,周日033,U20世界杯,意大利U20,澳大利亚U20,1.42,4.05,5.6,1,0,0,胜,official_result_market_odds,2026-08-11T21:44:29
2025-09-29,2033902,2025-09-29,周日034,U20世界杯,摩洛哥U20,西班牙U20,6.2,4.2,1.37,2,0,0,胜,official_result_market_odds,2026-08-11T21:44:29
2025-09-30,2033884,2025-09-30,周一002,芬兰超级联赛,赫尔辛基,坦佩雷山猫,1.93,3.85,2.85,2,2,1,平,official_result_market_odds,2026-08-11T21:44:29
2025-09-30,2033885,2025-09-30,周一003,意大利甲级联赛,帕尔马,都灵,2.3,2.82,2.95,2,1,0,胜,official_result_market_odds,2026-08-11T21:44:29
2025-09-30,2033886,2025-09-30,周一004,瑞典超级联赛,佐加顿斯,天狼星,1.52,4.1,4.4,8,2,0,胜,official_result_market_odds,2026-08-11T21:44:29
2025-09-30,2033887,2025-09-30,周一005,瑞典超级联赛,厄斯特什,IFK哥德堡,3.75,3.55,1.72,0,2,2,负,official_result_market_odds,2026-08-11T21:44:29
2025-09-30,2033888,2025-09-30,周一006,荷兰乙级联赛,罗达JC,坎布尔,2.93,3.5,1.99,1,1,1,平,official_result_market_odds,2026-08-11T21:44:29
2025-09-30,2033889,2025-09-30,周一007,荷兰乙级联赛,格拉夫夏普,阿尔梅勒城,1.65,4.0,3.66,3,2,0,胜,official_result_market_odds,2026-08-11T21:44:29
2025-09-30,2033891,2025-09-30,周一009,亚洲冠军精英联赛,多哈杜海勒,吉达国民,3.88,3.94,1.62,2,2,1,平,official_result_market_odds,2026-08-11T21:44:29
2025-09-30,2033892,2025-09-30,周一010,意大利甲级联赛,热那亚,拉齐奥,3.05,3.1,2.09,0,3,2,负,official_result_market_odds,2026-08-11T21:44:29
2025-09-30,2033893,2025-09-30,周一011,法国乙级联赛,布洛涅,圣旺红星,3.68,3.15,1.85,1,2,2,负,official_result_market_odds,2026-08-11T21:44:29
2025-09-30,2033894,2025-09-30,周一012,英格兰超级联赛,埃弗顿,西汉姆联,1.57,3.55,4.75,1,1,1,平,official_result_market_odds,2026-08-11T21:44:29
2025-09-30,2033896,2025-09-30,周一014,葡萄牙超级联赛,阿罗卡,波尔图,11.0,5.7,1.16,0,4,2,负,official_result_market_odds,2026-08-11T21:44:29
2025-09-30,2033897,2025-09-30,周一015,U20世界杯,法国U20,南非U20,1.18,5.35,10.5,2,1,0,胜,official_result_market_odds,2026-08-11T21:44:29
2025-09-30,2033898,2025-09-30,周一016,U20世界杯,挪威U20,尼日利亚U20,2.85,3.0,2.25,1,0,0,胜,official_result_market_odds,2026-08-11T21:44:29
2025-09-30,2033899,2025-09-30,周一017,U20世界杯,哥伦比亚U20,沙特阿拉伯U20,1.3,4.5,7.25,1,0,0,胜,official_result_market_odds,2026-08-11T21:44:29
2025-09-30,2033908,2025-09-30,周二001,亚洲冠军精英联赛,首尔FC,布里兰,1.68,3.6,3.9,3,0,0,胜,official_result_market_odds,2026-08-11T21:44:29
2025-09-30,2033909,2025-09-30,周二002,亚洲冠军精英联赛,广岛三箭,上海海港,1.13,6.9,10.0,1,1,1,平,official_result_market_odds,2026-08-11T21:44:29
2025-09-30,2033910,2025-09-30,周二003,亚洲冠军精英联赛,柔佛,町田泽维亚,2.48,3.2,2.42,0,0,1,平,official_result_market_odds,2026-08-11T21:44:29
2025-09-30,2033911,2025-09-30,周二004,亚洲冠军精英联赛,成都蓉城,江原FC,1.43,4.35,5.0,1,0,0,胜,official_result_market_odds,2026-08-11T21:44:29
2025-10-01,2033895,2025-10-01,周一013,西班牙甲级联赛,巴伦西亚,皇家奥维耶多,1.47,3.6,5.85,1,2,2,负,official_result_market_odds,2026-08-11T21:44:29
2025-10-01,2033912,2025-10-01,周二005,欧洲冠军联赛,亚特兰大,布鲁日,1.73,3.72,3.55,2,1,0,胜,official_result_market_odds,2026-08-11T21:44:29
2025-10-01,2033914,2025-10-01,周二007,荷兰乙级联赛,威廉二世,海尔蒙特,1.74,3.6,3.62,1,0,0,胜,official_result_market_odds,2026-08-11T21:44:29
2025-10-01,2033915,2025-10-01,周二008,荷兰乙级联赛,埃因霍温FC,多德勒支,2.65,3.25,2.25,2,2,1,平,official_result_market_odds,2026-08-11T21:44:29
2025-10-01,2033916,2025-10-01,周二009,亚洲冠军精英联赛,吉达联合,迪拜国民青年,1.5,3.95,4.8,0,1,2,负,official_result_market_odds,2026-08-11T21:44:29
2025-10-01,2033917,2025-10-01,周二010,英格兰冠军联赛,米德尔斯堡,斯托克城,1.62,3.5,4.42,0,0,1,平,official_result_market_odds,2026-08-11T21:44:29
2025-10-01,2033918,2025-10-01,周二011,英格兰冠军联赛,谢菲尔德联,南安普敦,2.27,3.12,2.72,1,2,2,负,official_result_market_odds,2026-08-11T21:44:29
2025-10-01,2033919,2025-10-01,周二013,英格兰冠军联赛,布里斯托尔城,伊普斯维奇,2.62,3.2,2.3,1,1,1,平,official_result_market_odds,2026-08-11T21:44:29
2025-10-01,2033920,2025-10-01,周二014,英格兰冠军联赛,布莱克本,斯旺西,2.5,2.8,2.69,1,2,2,负,official_result_market_odds,2026-08-11T21:44:29
2025-10-01,2033921,2025-10-01,周二015,欧洲冠军联赛,加拉塔萨雷,利物浦,4.9,4.97,1.38,1,0,0,胜,official_result_market_odds,2026-08-11T21:44:29
2025-10-01,2033923,2025-10-01,周二017,欧洲冠军联赛,马赛,阿贾克斯,1.27,4.85,7.4,4,0,0,胜,official_result_market_odds,2026-08-11T21:44:29
2025-10-01,2033924,2025-10-01,周二018,欧洲冠军联赛,马德里竞技,法兰克福,1.32,4.7,6.3,5,1,0,胜,official_result_market_odds,2026-08-11T21:44:29
2025-10-01,2033925,2025-10-01,周二019,欧洲冠军联赛,切尔西,本菲卡,1.52,3.85,4.72,1,0,0,胜,official_result_market_odds,2026-08-11T21:44:29
2025-10-01,2033926,2025-10-01,周二020,欧洲冠军联赛,博德闪耀,托特纳姆热刺,3.15,3.72,1.84,2,2,1,平,official_result_market_odds,2026-08-11T21:44:29
2025-10-01,2033927,2025-10-01,周二021,欧洲冠军联赛,国际米兰,布拉格斯拉维亚,1.15,5.85,11.25,3,0,0,胜,official_result_market_odds,2026-08-11T21:44:29
2025-10-01,2033928,2025-10-01,周二022,U20世界杯,埃及U20,新西兰U20,1.65,3.35,4.45,1,2,2,负,official_result_market_odds,2026-08-11T21:44:29
2025-10-01,2033929,2025-10-01,周二025,美国职业大联盟,迈阿密国际,芝加哥火焰,1.42,4.75,4.65,3,5,2,负,official_result_market_odds,2026-08-11T21:44:29
2025-10-01,2033930,2025-10-01,周二012,英格兰冠军联赛,莱切斯特城,雷克斯汉姆,1.48,3.82,5.2,1,1,1,平,official_result_market_odds,2026-08-11T21:44:29
2025-10-01,2033931,2025-10-01,周二023,U20世界杯,智利U20,日本U20,3.35,3.1,1.97,0,2,2,负,official_result_market_odds,2026-08-11T21:44:29
2025-10-01,2033932,2025-10-01,周二024,U20世界杯,韩国U20,巴拉圭U20,2.55,3.05,2.44,0,0,1,平,official_result_market_odds,2026-08-11T21:44:29
2025-10-05,2033945,2025-10-05,周日001,日本乙级联赛,德岛漩涡,今治FC,2.45,2.88,2.67,1,0,0,胜,official_result_market_odds,2026-08-11T21:44:29
2025-10-05,2033946,2025-10-05,周日002,韩国职业联赛,浦项制铁,大田市民,2.22,3.05,2.85,1,3,2,负,official_result_market_odds,2026-08-11T21:44:29
2025-10-05,2033947,2025-10-05,周日003,日本职业联赛,鹿岛鹿角,大阪钢巴,1.79,3.58,3.43,0,0,1,平,official_result_market_odds,2026-08-11T21:44:29
2025-10-05,2033948,2025-10-05,周日004,日本乙级联赛,爱媛FC,水户蜀葵,4.65,3.9,1.52,1,3,2,负,official_result_market_odds,2026-08-11T21:44:29
2025-10-05,2033949,2025-10-05,周日005,韩国职业联赛,江原FC,安养FC,1.63,3.45,4.42,1,1,1,平,official_result_market_odds,2026-08-11T21:44:29
2025-10-05,2033950,2025-10-05,周日006,韩国职业联赛,水原FC,首尔FC,3.15,3.3,1.97,1,1,1,平,official_result_market_odds,2026-08-11T21:44:29
2025-10-05,2033951,2025-10-05,周日007,荷兰甲级联赛,特温特,赫拉克勒斯,1.17,5.75,10.0,2,1,0,胜,official_result_market_odds,2026-08-11T21:44:29
2025-10-05,2033952,2025-10-05,周日008,意大利甲级联赛,乌迪内斯,卡利亚里,1.84,3.0,3.96,1,1,1,平,official_result_market_odds,2026-08-11T21:44:29
2025-10-05,2033953,2025-10-05,周日009,英格兰冠军联赛,伊普斯维奇,诺维奇,1.41,4.12,5.65,3,1,0,胜,official_result_market_odds,2026-08-11T21:44:29
2025-10-05,2033954,2025-10-05,周日010,德国乙级联赛,比勒费尔德,沙尔克04,2.58,3.35,2.26,1,2,2,负,official_result_market_odds,2026-08-11T21:44:29
2025-10-05,2033955,2025-10-05,周日011,西班牙甲级联赛,阿拉维斯,埃尔切,2.04,2.75,3.63,3,1,0,胜,official_result_market_odds,2026-08-11T21:44:29
2025-10-05,2033956,2025-10-05,周日012,荷兰甲级联赛,费耶诺德,乌德勒支,1.3,4.65,6.9,3,2,0,胜,official_result_market_odds,2026-08-11T21:44:29
2025-10-05,2033957,2025-10-05,周日013,英格兰超级联赛,阿斯顿维拉,伯恩利,1.38,4.1,6.2,2,1,0,胜,official_result_market_odds,2026-08-11T21:44:29
2025-10-05,2033958,2025-10-05,周日014,英格兰超级联赛,纽卡斯尔联,诺丁汉森林,1.32,4.5,6.7,2,0,0,胜,official_result_market_odds,2026-08-11T21:44:29
2025-10-05,2033959,2025-10-05,周日015,英格兰超级联赛,埃弗顿,水晶宫,2.5,2.82,2.67,2,1,0,胜,official_result_market_odds,2026-08-11T21:44:29
2025-10-05,2033960,2025-10-05,周日016,英格兰超级联赛,狼队,布赖顿,3.38,3.45,1.84,1,1,1,平,official_result_market_odds,2026-08-11T21:44:29
2025-10-05,2033961,2025-10-05,周日017,意大利甲级联赛,佛罗伦萨,罗马,2.95,3.05,2.16,1,2,2,负,official_result_market_odds,2026-08-11T21:44:29
2025-10-05,2033962,2025-10-05,周日018,意大利甲级联赛,博洛尼亚,比萨,1.47,3.57,5.9,4,0,0,胜,official_result_market_odds,2026-08-11T21:44:29
2025-10-05,2033963,2025-10-05,周日019,法国甲级联赛,里昂,图卢兹,1.72,3.48,3.85,1,2,2,负,official_result_market_odds,2026-08-11T21:44:29
2025-10-05,2033964,2025-10-05,周日020,德国甲级联赛,斯图加特,海登海姆,1.25,5.25,7.2,1,0,0,胜,official_result_market_odds,2026-08-11T21:44:29
2025-10-05,2033965,2025-10-05,周日021,芬兰超级联赛,国际图尔库,库奥皮奥,1.97,3.25,3.18,0,3,2,负,official_result_market_odds,2026-08-11T21:44:29
2025-10-05,2033966,2025-10-05,周日022,西班牙甲级联赛,塞维利亚,巴塞罗那,5.5,4.7,1.36,4,1,0,胜,official_result_market_odds,2026-08-11T21:44:29
2025-10-05,2033967,2025-10-05,周日023,瑞典超级联赛,天狼星,马尔默,2.56,3.4,2.25,5,1,0,胜,official_result_market_odds,2026-08-11T21:44:29
2025-10-05,2033968,2025-10-05,周日024,荷兰甲级联赛,阿尔克马尔,特尔斯达,1.24,5.2,7.65,2,1,0,胜,official_result_market_odds,2026-08-11T21:44:29
2025-10-05,2033969,2025-10-05,周日025,挪威超级联赛,腓特烈斯塔,汉坎,1.79,3.38,3.65,1,1,1,平,official_result_market_odds,2026-08-11T21:44:29
2025-10-05,2033970,2025-10-05,周日026,法国甲级联赛,摩纳哥,尼斯,1.68,3.85,3.65,2,2,1,平,official_result_market_odds,2026-08-11T21:44:29
2025-10-05,2033971,2025-10-05,周日027,英格兰超级联赛,布伦特福德,曼彻斯特城,4.75,4.28,1.46,0,1,2,负,official_result_market_odds,2026-08-11T21:44:29
2025-10-05,2033972,2025-10-05,周日028,德国甲级联赛,汉堡,美因茨,3.02,3.35,2.0,4,0,0,胜,official_result_market_odds,2026-08-11T21:44:29
2025-10-06,2033973,2025-10-06,周日029,意大利甲级联赛,那不勒斯,热那亚,1.31,4.1,8.2,2,1,0,胜,official_result_market_odds,2026-08-11T21:44:29
2025-10-06,2033974,2025-10-06,周日030,西班牙甲级联赛,西班牙人,皇家贝蒂斯,2.6,3.05,2.4,1,2,2,负,official_result_market_odds,2026-08-11T21:44:29
2025-10-06,2033975,2025-10-06,周日031,西班牙甲级联赛,皇家社会,巴列卡诺,2.01,2.95,3.42,0,1,2,负,official_result_market_odds,2026-08-11T21:44:29
2025-10-06,2033976,2025-10-06,周日032,德国甲级联赛,门兴格拉德巴赫,弗赖堡,2.19,3.35,2.67,0,0,1,平,official_result_market_odds,2026-08-11T21:44:29
2025-10-06,2033977,2025-10-06,周日033,葡萄牙超级联赛,里斯本竞技,布拉加,1.36,4.3,6.2,1,1,1,平,official_result_market_odds,2026-08-11T21:44:29
2025-10-06,2033978,2025-10-06,周日034,意大利甲级联赛,尤文图斯,AC米兰,2.5,2.88,2.62,0,0,1,平,official_result_market_odds,2026-08-11T21:44:29
2025-10-06,2033979,2025-10-06,周日035,法国甲级联赛,里尔,巴黎圣日尔曼,4.3,3.85,1.57,1,1,1,平,official_result_market_odds,2026-08-11T21:44:29
2025-10-06,2033980,2025-10-06,周日036,西班牙甲级联赛,维戈塞尔塔,马德里竞技,4.7,3.8,1.53,1,1,1,平,official_result_market_odds,2026-08-11T21:44:29
2025-10-06,2033981,2025-10-06,周日037,U20世界杯,南非U20,美国U20,5.6,3.7,1.47,2,1,0,胜,official_result_market_odds,2026-08-11T21:44:29
2025-10-06,2033982,2025-10-06,周日038,葡萄牙超级联赛,波尔图,本菲卡,1.92,3.06,3.55,0,0,1,平,official_result_market_odds,2026-08-11T21:44:29
2025-10-06,2033983,2025-10-06,周日039,U20世界杯,沙特阿拉伯U20,挪威U20,5.0,3.8,1.5,1,1,1,平,official_result_market_odds,2026-08-11T21:44:29
2025-10-06,2033984,2025-10-06,周日040,U20世界杯,尼日利亚U20,哥伦比亚U20,3.15,2.9,2.14,1,1,1,平,official_result_market_odds,2026-08-11T21:44:29
2025-10-06,2033985,2025-10-06,周日041,美国职业大联盟,洛杉矶FC,亚特兰大联,1.26,5.1,7.2,1,0,0,胜,official_result_market_odds,2026-08-11T21:44:29
2025-10-08,2033986,2025-10-08,周二001,英格兰锦标赛,索尔福德城,斯托克港,3.55,3.5,1.78,3,1,0,胜,official_result_market_odds,2026-08-11T21:44:29
2025-10-08,2033987,2025-10-08,周二002,英格兰锦标赛,格里姆斯比,唐卡斯特,2.63,3.4,2.2,0,3,2,负,official_result_market_odds,2026-08-11T21:44:29
2025-10-08,2033988,2025-10-08,周二004,英格兰锦标赛,雷丁,米尔顿凯恩斯,1.84,3.55,3.29,1,0,0,胜,official_result_market_odds,2026-08-11T21:44:29
2025-10-08,2033989,2025-10-08,周二006,英格兰锦标赛,沃尔索尔,北安普敦,2.12,2.9,3.2,0,1,2,负,official_result_market_odds,2026-08-11T21:44:29
2025-10-08,2033990,2025-10-08,周二007,英格兰锦标赛,莱顿东方,克劳利,1.32,4.75,6.2,2,1,0,胜,official_result_market_odds,2026-08-11T21:44:29
2025-10-08,2033991,2025-10-08,周二009,英格兰锦标赛,斯蒂文尼奇,布罗姆利,1.38,4.3,5.8,2,1,0,胜,official_result_market_odds,2026-08-11T21:44:29
2025-10-08,2033992,2025-10-08,周二011,英格兰锦标赛,阿克宁顿,维尔港,4.9,3.8,1.51,0,2,2,负,official_result_market_odds,2026-08-11T21:44:29
2025-10-08,2033993,2025-10-08,周三001,日本联赛杯,川崎前锋,柏太阳神,1.85,3.45,3.35,3,1,0,胜,official_result_market_odds,2026-08-11T21:44:29
2025-10-08,2033994,2025-10-08,周三002,日本联赛杯,横滨FC,广岛三箭,4.95,3.15,1.64,0,2,2,负,official_result_market_odds,2026-08-11T21:44:29
2025-10-08,2033995,2025-10-08,周三003,世界杯预选赛,阿曼,卡塔尔,4.55,2.8,1.81,0,0,1,平,official_result_market_odds,2026-08-11T21:44:29
2025-10-08,2034003,2025-10-08,周二003,英格兰锦标赛,罗瑟汉姆,奥德汉姆,1.73,3.5,3.76,3,2,0,胜,official_result_market_odds,2026-08-11T21:44:29
2025-10-08,2034004,2025-10-08,周二005,英格兰锦标赛,切斯特菲尔德,伯顿,2.17,3.4,2.67,1,0,0,胜,official_result_market_odds,2026-08-11T21:44:29
2025-10-08,2034005,2025-10-08,周二008,英格兰锦标赛,剑桥联,卢顿,3.94,3.76,1.64,3,1,0,胜,official_result_market_odds,2026-08-11T21:44:29
2025-10-08,2034006,2025-10-08,周二010,英格兰锦标赛,加的夫城,纽波特郡,1.11,6.75,12.5,0,1,2,负,official_result_market_odds,2026-08-11T21:44:29
2025-10-08,2034007,2025-10-08,周二012,U20世界杯,智利U20,墨西哥U20,3.2,3.05,2.05,1,4,2,负,official_result_market_odds,2026-08-11T21:44:29
2025-10-09,2033996,2025-10-09,周三004,世界杯预选赛,印度尼西亚,沙特阿拉伯,7.25,3.75,1.38,2,3,2,负,official_result_market_odds,2026-08-11T21:44:29
2025-10-09,2033997,2025-10-09,周三005,美国职业大联盟,洛杉矶FC,多伦多FC,1.35,4.3,6.4,2,0,0,胜,official_result_market_odds,2026-08-11T21:44:29
2025-10-09,2034008,2025-10-09,周三006,U20世界杯,阿根廷U20,尼日利亚U20,1.43,3.85,5.9,4,0,0,胜,official_result_market_odds,2026-08-11T21:44:29
2025-10-09,2034009,2025-10-09,周三007,U20世界杯,哥伦比亚U20,南非U20,1.4,3.95,6.2,3,1,0,胜,official_result_market_odds,2026-08-11T21:44:29
2025-10-09,2034010,2025-10-09,周三008,U20世界杯,日本U20,法国U20,2.54,3.08,2.44,0,0,1,平,official_result_market_odds,2026-08-11T21:44:29
2025-10-09,2034011,2025-10-09,周三009,U20世界杯,巴拉圭U20,挪威U20,2.3,2.84,2.92,0,0,1,平,official_result_market_odds,2026-08-11T21:44:29
2025-10-10,2033998,2025-10-10,周四001,国际赛,英格兰,威尔士,1.14,5.7,13.0,3,0,0,胜,official_result_market_odds,2026-08-11T21:44:29
2025-10-10,2033999,2025-10-10,周四002,世界杯预选赛,苏格兰,希腊,2.9,2.9,2.28,3,1,0,胜,official_result_market_odds,2026-08-11T21:44:29
2025-10-10,2034000,2025-10-10,周四003,世界杯预选赛,塞浦路斯,波黑,4.35,3.5,1.63,2,2,1,平,official_result_market_odds,2026-08-11T21:44:29
2025-10-10,2034001,2025-10-10,周四004,世界杯预选赛,法罗群岛,黑山,3.5,2.95,1.98,4,0,0,胜,official_result_market_odds,2026-08-11T21:44:29
2025-10-10,2034002,2025-10-10,周四005,世界杯预选赛,捷克,克罗地亚,3.2,3.16,2.0,0,0,1,平,official_result_market_odds,2026-08-11T21:44:29
2025-10-10,2034012,2025-10-10,周四006,U20世界杯,美国U20,意大利U20,1.92,3.1,3.5,3,0,0,胜,official_result_market_odds,2026-08-11T21:44:29
2025-10-10,2034013,2025-10-10,周四007,U20世界杯,摩洛哥U20,韩国U20,1.47,3.55,6.0,2,1,0,胜,official_result_market_odds,2026-08-11T21:44:29
2025-10-11,2034023,2025-10-11,周五002,世界杯预选赛,科索沃,斯洛文尼亚,2.28,2.82,2.98,0,0,1,平,official_result_market_odds,2026-08-11T21:44:29
2025-10-11,2034024,2025-10-11,周五003,世界杯预选赛,瑞典,瑞士,2.2,3.07,2.86,0,2,2,负,official_result_market_odds,2026-08-11T21:44:29
2025-10-11,2034025,2025-10-11,周五004,世界杯预选赛,北爱尔兰,斯洛伐克,2.45,2.7,2.85,2,0,0,胜,official_result_market_odds,2026-08-11T21:44:29
2025-10-11,2034034,2025-10-11,周六001,世界杯预选赛,拉脱维亚,安道尔,1.42,3.35,8.0,2,2,1,平,official_result_market_odds,2026-08-11T21:44:29
2025-10-11,2034035,2025-10-11,周六002,英格兰甲级联赛,北安普敦,罗瑟汉姆,1.98,3.05,3.38,1,2,2,负,official_result_market_odds,2026-08-11T21:44:29
2025-10-11,2034036,2025-10-11,周六003,英格兰甲级联赛,斯托克港,布莱克浦,1.45,3.92,5.4,1,0,0,胜,official_result_market_odds,2026-08-11T21:44:29
2025-10-11,2034037,2025-10-11,周六004,英格兰甲级联赛,埃克塞特城,雷丁,2.98,3.4,2.0,1,1,1,平,official_result_market_odds,2026-08-11T21:44:29
2025-10-11,2034038,2025-10-11,周六005,英格兰甲级联赛,AFC温布尔登,维尔港,2.54,2.85,2.6,1,1,1,平,official_result_market_odds,2026-08-11T21:44:29
2025-10-11,2034039,2025-10-11,周六006,英格兰甲级联赛,莱顿东方,唐卡斯特,2.09,3.3,2.87,4,0,0,胜,official_result_market_odds,2026-08-11T21:44:29
2025-10-11,2034040,2025-10-11,周六007,英格兰甲级联赛,伯顿,博尔顿,4.7,3.95,1.51,3,0,0,胜,official_result_market_odds,2026-08-11T21:44:29
2025-10-11,2034041,2025-10-11,周六008,英格兰甲级联赛,维冈竞技,威科姆,2.5,3.05,2.5,0,1,2,负,official_result_market_odds,2026-08-11T21:44:29
2025-10-12,2034042,2025-10-12,周六009,世界杯预选赛,匈牙利,亚美尼亚,1.23,4.85,9.2,2,0,0,胜,official_result_market_odds,2026-08-11T21:44:29
2025-10-12,2034043,2025-10-12,周六010,荷兰乙级联赛,埃门,埃因霍温FC,1.4,4.35,5.4,6,0,0,胜,official_result_market_odds,2026-08-11T21:44:29
2025-10-12,2034044,2025-10-12,周六011,世界杯预选赛,阿联酋,阿曼,1.58,3.05,5.95,2,1,0,胜,official_result_market_odds,2026-08-11T21:44:29
2025-10-12,2034045,2025-10-12,周六012,世界杯预选赛,保加利亚,土耳其,10.5,5.8,1.16,1,6,2,负,official_result_market_odds,2026-08-11T21:44:29
2025-10-12,2034046,2025-10-12,周六013,世界杯预选赛,塞尔维亚,阿尔巴尼亚,1.49,3.35,6.25,0,1,2,负,official_result_market_odds,2026-08-11T21:44:29
2025-10-12,2034050,2025-10-12,周六017,荷兰乙级联赛,坎布尔,格拉夫夏普,1.87,3.85,3.0,2,0,0,胜,official_result_market_odds,2026-08-11T21:44:29
2025-10-12,2034051,2025-10-12,周六018,世界杯预选赛,伊拉克,印度尼西亚,1.68,3.35,4.25,1,0,0,胜,official_result_market_odds,2026-08-11T21:44:29
2025-10-12,2034052,2025-10-12,周六019,美国职业大联盟,迈阿密国际,亚特兰大联,1.22,5.6,7.6,4,0,0,胜,official_result_market_odds,2026-08-11T21:44:29
2025-10-12,2034053,2025-10-12,周六020,美国职业大联盟,奥兰多城,温哥华白帽,2.1,3.55,2.7,1,2,2,负,official_result_market_odds,2026-08-11T21:44:29
2025-10-12,2034054,2025-10-12,周六021,美国职业大联盟,西雅图海湾人,皇家盐湖城,1.58,3.95,4.12,1,0,0,胜,official_result_market_odds,2026-08-11T21:44:29
2025-10-12,2034055,2025-10-12,周六022,美国职业大联盟,洛杉矶银河,达拉斯FC,2.35,3.85,2.25,2,1,0,胜,official_result_market_odds,2026-08-11T21:44:29
2025-10-12,2034056,2025-10-12,周日001,日本联赛杯,广岛三箭,横滨FC,1.54,3.46,5.25,2,1,0,胜,official_result_market_odds,2026-08-11T21:44:29
2025-10-12,2034057,2025-10-12,周日002,日本联赛杯,柏太阳神,川崎前锋,2.03,3.57,2.8,4,1,0,胜,official_result_market_odds,2026-08-11T21:44:29
2025-10-12,2034072,2025-10-12,周六023,U20世界杯,西班牙U20,哥伦比亚U20,1.59,3.28,5.1,2,3,2,负,official_result_market_odds,2026-08-11T21:44:29
2025-10-12,2034073,2025-10-12,周六024,U20世界杯,墨西哥U20,阿根廷U20,4.65,3.33,1.63,0,2,2,负,official_result_market_odds,2026-08-11T21:44:29
2025-10-13,2034059,2025-10-13,周日004,世界杯预选赛,法罗群岛,捷克,7.5,4.55,1.29,2,1,0,胜,official_result_market_odds,2026-08-11T21:44:29
2025-10-13,2034061,2025-10-13,周日006,世界杯预选赛,罗马尼亚,奥地利,4.75,3.65,1.55,1,0,0,胜,official_result_market_odds,2026-08-11T21:44:29
2025-10-13,2034062,2025-10-13,周日007,世界杯预选赛,丹麦,希腊,1.49,3.75,5.21,3,1,0,胜,official_result_market_odds,2026-08-11T21:44:29
2025-10-13,2034064,2025-10-13,周日009,美国职业大联盟,奥斯汀FC,洛杉矶FC,2.88,3.34,2.07,1,0,0,胜,official_result_market_odds,2026-08-11T21:44:29
2025-10-13,2034074,2025-10-13,周日010,U20世界杯,美国U20,摩洛哥U20,1.75,3.1,4.25,1,3,2,负,official_result_market_odds,2026-08-11T21:44:29
2025-10-13,2034075,2025-10-13,周日011,U20世界杯,挪威U20,法国U20,5.6,3.42,1.52,1,2,2,负,official_result_market_odds,2026-08-11T21:44:29
2025-10-14,2034065,2025-10-14,周一001,世界杯预选赛,瑞典,科索沃,1.22,5.25,8.45,0,1,2,负,official_result_market_odds,2026-08-11T21:44:29
2025-10-14,2034066,2025-10-14,周一002,世界杯预选赛,斯洛文尼亚,瑞士,5.15,3.35,1.57,0,0,1,平,official_result_market_odds,2026-08-11T21:44:29
2025-10-14,2034067,2025-10-14,周一003,世界杯预选赛,斯洛伐克,卢森堡,1.21,4.75,10.85,2,0,0,胜,official_result_market_odds,2026-08-11T21:44:29
2025-10-14,2034068,2025-10-14,周一004,世界杯预选赛,北马其顿,哈萨克斯坦,1.23,4.7,9.6,1,1,1,平,official_result_market_odds,2026-08-11T21:44:29
2025-10-14,2034069,2025-10-14,周一005,世界杯预选赛,威尔士,比利时,4.65,3.45,1.6,2,4,2,负,official_result_market_odds,2026-08-11T21:44:29
2025-10-14,2034070,2025-10-14,周一006,世界杯预选赛,北爱尔兰,德国,9.0,5.4,1.2,0,1,2,负,official_result_market_odds,2026-08-11T21:44:29
2025-10-14,2034071,2025-10-14,周一007,世界杯预选赛,冰岛,法国,11.0,5.92,1.15,2,2,1,平,official_result_market_odds,2026-08-11T21:44:29
2025-10-15,2034088,2025-10-15,周二001,世界杯预选赛,爱沙尼亚,摩尔多瓦,1.92,3.05,3.58,1,1,1,平,official_result_market_odds,2026-08-11T21:44:29
2025-10-15,2034089,2025-10-15,周二002,世界杯预选赛,卡塔尔,阿联酋,2.36,2.9,2.77,2,1,0,胜,official_result_market_odds,2026-08-11T21:44:29
2025-10-15,2034090,2025-10-15,周二003,世界杯预选赛,沙特阿拉伯,伊拉克,1.54,3.3,5.65,0,0,1,平,official_result_market_odds,2026-08-11T21:44:29
2025-10-15,2034091,2025-10-15,周二004,世界杯预选赛,土耳其,格鲁吉亚,1.35,4.5,6.0,4,1,0,胜,official_result_market_odds,2026-08-11T21:44:29
2025-10-15,2034092,2025-10-15,周二005,世界杯预选赛,爱尔兰,亚美尼亚,1.36,4.1,6.7,1,0,0,胜,official_result_market_odds,2026-08-11T21:44:29
2025-10-15,2034096,2025-10-15,周二009,世界杯预选赛,葡萄牙,匈牙利,1.12,6.35,12.75,2,2,1,平,official_result_market_odds,2026-08-11T21:44:29
2025-10-16,2034097,2025-10-16,周四001,芬兰超级联赛,坦佩雷山猫,库奥皮奥,1.93,3.65,2.96,1,1,1,平,official_result_market_odds,2026-08-11T21:44:29
2025-10-16,2034099,2025-10-16,周三001,U20世界杯,摩洛哥U20,法国U20,2.48,2.95,2.58,1,1,1,平,official_result_market_odds,2026-08-11T21:44:29
2025-10-16,2034100,2025-10-16,周三002,U20世界杯,阿根廷U20,哥伦比亚U20,1.45,3.65,6.05,1,0,0,胜,official_result_market_odds,2026-08-11T21:44:29
2025-10-17,2034098,2025-10-17,周四002,英格兰甲级联赛,哈德斯菲尔德,博尔顿,2.54,2.95,2.52,1,2,2,负,official_result_market_odds,2026-08-11T21:44:29
2025-10-17,2034112,2025-10-17,周五001,澳大利亚超级联赛,阿德莱德联,悉尼FC,2.38,3.62,2.31,2,1,0,胜,official_result_market_odds,2026-08-11T21:44:29
2025-10-17,2034113,2025-10-17,周五002,日本职业联赛,广岛三箭,东京FC,1.45,3.9,5.45,0,0,1,平,official_result_market_odds,2026-08-11T21:44:29
2025-10-17,2034114,2025-10-17,周五003,日本职业联赛,神户胜利船,鹿岛鹿角,1.98,3.1,3.32,0,0,1,平,official_result_market_odds,2026-08-11T21:44:29
2025-10-17,2034115,2025-10-17,周五004,澳大利亚超级联赛,布里斯班狮吼,麦克阿瑟FC,2.23,3.47,2.55,1,0,0,胜,official_result_market_odds,2026-08-11T21:44:29
2025-10-17,2034116,2025-10-17,周五005,沙特职业联赛,迈季迈阿宽广,吉达联合,4.85,4.05,1.48,1,1,1,平,official_result_market_odds,2026-08-11T21:44:29
2025-10-18,2034117,2025-10-18,周五006,德国乙级联赛,杜塞尔多夫,不伦瑞克,1.55,3.9,4.4,1,2,2,负,official_result_market_odds,2026-08-11T21:44:29
2025-10-18,2034118,2025-10-18,周五007,德国乙级联赛,汉诺威96,沙尔克04,1.85,3.35,3.45,0,3,2,负,official_result_market_odds,2026-08-11T21:44:29
2025-10-18,2034119,2025-10-18,周五008,荷兰乙级联赛,瓦尔韦克,威廉二世,2.15,3.2,2.84,2,3,2,负,official_result_market_odds,2026-08-11T21:44:29
2025-10-18,2034120,2025-10-18,周五009,法国乙级联赛,罗德兹,兰斯,3.55,3.5,1.78,2,2,1,平,official_result_market_odds,2026-08-11T21:44:29
2025-10-18,2034121,2025-10-18,周五010,荷兰乙级联赛,阿尔梅勒城,坎布尔,2.6,3.6,2.14,1,1,1,平,official_result_market_odds,2026-08-11T21:44:29
2025-10-18,2034122,2025-10-18,周五011,德国甲级联赛,柏林联合,门兴格拉德巴赫,2.02,3.22,3.1,3,1,0,胜,official_result_market_odds,2026-08-11T21:44:29
2025-10-18,2034123,2025-10-18,周五012,法国甲级联赛,巴黎圣日尔曼,斯特拉斯堡,1.18,5.8,9.25,3,3,1,平,official_result_market_odds,2026-08-11T21:44:29
2025-10-18,2034124,2025-10-18,周五013,英格兰冠军联赛,米德尔斯堡,伊普斯维奇,2.62,2.9,2.48,2,1,0,胜,official_result_market_odds,2026-08-11T21:44:29
2025-10-18,2034125,2025-10-18,周五014,西班牙甲级联赛,皇家奥维耶多,西班牙人,3.02,3.1,2.1,0,2,2,负,official_result_market_odds,2026-08-11T21:44:29
2025-10-18,2034133,2025-10-18,周六001,日本职业联赛,川崎前锋,清水鼓动,1.48,4.12,4.75,5,3,0,胜,official_result_market_odds,2026-08-11T21:44:29
2025-10-18,2034134,2025-10-18,周六002,日本职业联赛,横滨水手,浦和红钻,2.37,3.25,2.5,4,0,0,胜,official_result_market_odds,2026-08-11T21:44:29
2025-10-18,2034135,2025-10-18,周六003,日本职业联赛,大阪钢巴,柏太阳神,2.7,3.26,2.21,0,5,2,负,official_result_market_odds,2026-08-11T21:44:29
2025-10-18,2034136,2025-10-18,周六004,韩国职业联赛,蔚山现代,光州FC,2.11,3.12,3.0,2,0,0,胜,official_result_market_odds,2026-08-11T21:44:29
2025-10-18,2034137,2025-10-18,周六005,韩国职业联赛,安养FC,金泉尚武,3.62,3.6,1.74,4,1,0,胜,official_result_market_odds,2026-08-11T21:44:29
2025-10-18,2034138,2025-10-18,周六006,澳大利亚超级联赛,西悉尼漫步者,墨尔本城,2.88,3.45,2.03,1,1,1,平,official_result_market_odds,2026-08-11T21:44:29
2025-10-18,2034139,2025-10-18,周六007,日本乙级联赛,磐田喜悦,德岛漩涡,2.88,3.05,2.2,0,4,2,负,official_result_market_odds,2026-08-11T21:44:29
2025-10-18,2034140,2025-10-18,周六008,澳大利亚超级联赛,墨尔本胜利,奥克兰FC,2.6,3.2,2.32,0,0,1,平,official_result_market_odds,2026-08-11T21:44:29
2025-10-18,2034141,2025-10-18,周六009,澳大利亚超级联赛,珀斯光荣,惠灵顿凤凰,1.71,3.65,3.7,2,2,1,平,official_result_market_odds,2026-08-11T21:44:29
2025-10-18,2034142,2025-10-18,周六010,英格兰超级联赛,诺丁汉森林,切尔西,2.95,3.18,2.1,0,3,2,负,official_result_market_odds,2026-08-11T21:44:29
2025-10-18,2034143,2025-10-18,周六011,英格兰冠军联赛,南安普敦,斯旺西,1.74,3.35,3.9,0,0,1,平,official_result_market_odds,2026-08-11T21:44:29
2025-10-18,2034144,2025-10-18,周六012,西班牙甲级联赛,塞维利亚,马洛卡,1.61,3.38,4.7,1,3,2,负,official_result_market_odds,2026-08-11T21:44:29
2025-10-18,2034145,2025-10-18,周六013,意大利甲级联赛,莱切,萨索洛,2.75,2.75,2.5,0,0,1,平,official_result_market_odds,2026-08-11T21:44:29
2025-10-18,2034146,2025-10-18,周六014,意大利甲级联赛,比萨,维罗纳,2.49,2.58,2.94,0,0,1,平,official_result_market_odds,2026-08-11T21:44:29
2025-10-18,2034147,2025-10-18,周六015,德国甲级联赛,莱比锡红牛,汉堡,1.31,5.0,6.1,2,1,0,胜,official_result_market_odds,2026-08-11T21:44:29
2025-10-18,2034148,2025-10-18,周六016,德国甲级联赛,海登海姆,云达不来梅,2.57,3.5,2.2,2,2,1,平,official_result_market_odds,2026-08-11T21:44:29
2025-10-18,2034149,2025-10-18,周六017,德国甲级联赛,科隆,奥格斯堡,1.8,3.52,3.45,1,1,1,平,official_result_market_odds,2026-08-11T21:44:29
2025-10-18,2034150,2025-10-18,周六018,德国甲级联赛,美因茨,勒沃库森,2.41,3.4,2.38,3,4,2,负,official_result_market_odds,2026-08-11T21:44:29
2025-10-18,2034151,2025-10-18,周六019,德国甲级联赛,沃尔夫斯堡,斯图加特,2.75,3.46,2.1,0,3,2,负,official_result_market_odds,2026-08-11T21:44:29
2025-10-18,2034152,2025-10-18,周六020,英格兰超级联赛,伯恩利,利兹联,3.55,2.88,2.0,2,0,0,胜,official_result_market_odds,2026-08-11T21:44:29
2025-10-18,2034153,2025-10-18,周六021,英格兰超级联赛,曼彻斯特城,埃弗顿,1.28,4.6,7.7,2,0,0,胜,official_result_market_odds,2026-08-11T21:44:29
2025-10-18,2034154,2025-10-18,周六022,英格兰超级联赛,水晶宫,伯恩茅斯,1.99,3.1,3.3,3,3,1,平,official_result_market_odds,2026-08-11T21:44:29
2025-10-18,2034155,2025-10-18,周六023,英格兰超级联赛,布赖顿,纽卡斯尔联,2.84,3.04,2.23,2,1,0,胜,official_result_market_odds,2026-08-11T21:44:29
2025-10-18,2034156,2025-10-18,周六024,英格兰超级联赛,桑德兰,狼队,2.5,2.84,2.65,2,0,0,胜,official_result_market_odds,2026-08-11T21:44:29
2025-10-18,2034157,2025-10-18,周六025,英格兰冠军联赛,谢菲尔德联,沃特福德,1.92,3.15,3.44,1,0,0,胜,official_result_market_odds,2026-08-11T21:44:29
2025-10-18,2034159,2025-10-18,周六027,法国甲级联赛,尼斯,里昂,2.3,3.6,2.4,3,2,0,胜,official_result_market_odds,2026-08-11T21:44:29
2025-10-19,2034160,2025-10-19,周六028,意大利甲级联赛,都灵,那不勒斯,5.25,3.5,1.53,1,0,0,胜,official_result_market_odds,2026-08-11T21:44:29
2025-10-19,2034161,2025-10-19,周六029,英格兰超级联赛,富勒姆,阿森纳,7.15,4.2,1.33,0,1,2,负,official_result_market_odds,2026-08-11T21:44:29
2025-10-19,2034162,2025-10-19,周六030,德国甲级联赛,拜仁慕尼黑,多特蒙德,1.28,5.15,6.5,2,1,0,胜,official_result_market_odds,2026-08-11T21:44:29
2025-10-19,2034163,2025-10-19,周六031,西班牙甲级联赛,比利亚雷亚尔,皇家贝蒂斯,1.82,3.35,3.55,2,2,1,平,official_result_market_odds,2026-08-11T21:44:29
2025-10-19,2034164,2025-10-19,周六032,法国甲级联赛,昂热,摩纳哥,5.35,4.2,1.42,1,1,1,平,official_result_market_odds,2026-08-11T21:44:29
2025-10-19,2034165,2025-10-19,周六033,意大利甲级联赛,罗马,国际米兰,3.45,2.88,2.03,0,1,2,负,official_result_market_odds,2026-08-11T21:44:29
2025-10-19,2034166,2025-10-19,周六034,U20世界杯,哥伦比亚U20,法国U20,2.82,2.95,2.3,1,0,0,胜,official_result_market_odds,2026-08-11T21:44:29
2025-10-19,2034167,2025-10-19,周六035,西班牙甲级联赛,马德里竞技,奥萨苏纳,1.21,5.05,9.5,1,0,0,胜,official_result_market_odds,2026-08-11T21:44:29
2025-10-19,2034168,2025-10-19,周六036,荷兰甲级联赛,阿贾克斯,阿尔克马尔,1.95,3.4,3.1,0,2,2,负,official_result_market_odds,2026-08-11T21:44:29
2025-10-19,2034169,2025-10-19,周六037,法国甲级联赛,马赛,勒阿弗尔,1.2,5.38,9.1,6,2,0,胜,official_result_market_odds,2026-08-11T21:44:29
2025-10-19,2034170,2025-10-19,周六038,美国职业大联盟,纽约城,西雅图海湾人,1.71,3.8,3.55,1,2,2,负,official_result_market_odds,2026-08-11T21:44:29
2025-10-19,2034171,2025-10-19,周日001,澳大利亚超级联赛,中央海岸水手,纽卡斯尔喷气机,3.25,3.75,1.8,3,2,0,胜,official_result_market_odds,2026-08-11T21:44:29
2025-10-19,2034172,2025-10-19,周日002,日本乙级联赛,大分三神,仙台七夕,4.5,3.32,1.65,0,0,1,平,official_result_market_odds,2026-08-11T21:44:29
2025-10-19,2034173,2025-10-19,周日003,日本职业联赛,湘南海洋,京都不死鸟,4.05,3.57,1.66,1,1,1,平,official_result_market_odds,2026-08-11T21:44:29
2025-10-19,2034174,2025-10-19,周日004,日本乙级联赛,水户蜀葵,千叶市原,2.53,2.95,2.53,0,1,2,负,official_result_market_odds,2026-08-11T21:44:29
2025-10-19,2034175,2025-10-19,周日005,荷兰甲级联赛,特尔斯达,海伦芬,2.92,3.45,2.01,2,3,2,负,official_result_market_odds,2026-08-11T21:44:29
2025-10-19,2034176,2025-10-19,周日006,意大利甲级联赛,科莫,尤文图斯,2.94,3.15,2.12,2,0,0,胜,official_result_market_odds,2026-08-11T21:44:29
2025-10-19,2034177,2025-10-19,周日007,德国乙级联赛,纽伦堡,基尔,2.39,3.3,2.45,1,1,1,平,official_result_market_odds,2026-08-11T21:44:29
2025-10-19,2034178,2025-10-19,周日008,德国乙级联赛,埃尔沃斯堡,菲尔特,1.33,4.65,6.15,6,0,0,胜,official_result_market_odds,2026-08-11T21:44:29
2025-10-19,2034179,2025-10-19,周日009,西班牙甲级联赛,埃尔切,毕尔巴鄂竞技,4.1,3.2,1.75,0,0,1,平,official_result_market_odds,2026-08-11T21:44:29
2025-10-19,2034180,2025-10-19,周日010,瑞典超级联赛,哥德堡盖斯,佐加顿斯,2.35,2.95,2.74,3,2,0,胜,official_result_market_odds,2026-08-11T21:44:29
2025-10-19,2034181,2025-10-19,周日011,荷兰甲级联赛,格罗宁根,鹿特丹斯巴达,1.6,3.65,4.35,0,2,2,负,official_result_market_odds,2026-08-11T21:44:29
2025-10-19,2034182,2025-10-19,周日012,挪威超级联赛,特罗姆瑟,维京,2.28,3.3,2.58,1,3,2,负,official_result_market_odds,2026-08-11T21:44:29
2025-10-19,2034183,2025-10-19,周日013,英格兰超级联赛,托特纳姆热刺,阿斯顿维拉,1.99,3.23,3.15,1,2,2,负,official_result_market_odds,2026-08-11T21:44:29
2025-10-19,2034184,2025-10-19,周日014,意大利甲级联赛,卡利亚里,博洛尼亚,3.95,2.9,1.88,0,2,2,负,official_result_market_odds,2026-08-11T21:44:29
2025-10-19,2034185,2025-10-19,周日015,意大利甲级联赛,热那亚,帕尔马,2.05,2.71,3.67,0,0,1,平,official_result_market_odds,2026-08-11T21:44:29
2025-10-19,2034186,2025-10-19,周日016,法国甲级联赛,朗斯,巴黎FC,1.58,3.8,4.3,2,1,0,胜,official_result_market_odds,2026-08-11T21:44:29
2025-10-19,2034187,2025-10-19,周日017,芬兰超级联赛,坦佩雷山猫,国际图尔库,1.99,3.5,2.93,1,2,2,负,official_result_market_odds,2026-08-11T21:44:29
2025-10-19,2034188,2025-10-19,周日018,芬兰超级联赛,赫尔辛基火花,塞伊奈约基,3.18,3.95,1.78,3,4,2,负,official_result_market_odds,2026-08-11T21:44:29
2025-10-19,2034189,2025-10-19,周日019,德国甲级联赛,弗赖堡,法兰克福,2.5,3.46,2.27,2,2,1,平,official_result_market_odds,2026-08-11T21:44:29
2025-10-19,2034190,2025-10-19,周日020,西班牙甲级联赛,维戈塞尔塔,皇家社会,1.88,3.1,3.65,1,1,1,平,official_result_market_odds,2026-08-11T21:44:29
2025-10-19,2034191,2025-10-19,周日021,瑞典超级联赛,埃尔夫斯堡,厄斯特什,1.6,3.8,4.15,5,1,0,胜,official_result_market_odds,2026-08-11T21:44:29
2025-10-19,2034192,2025-10-19,周日022,荷兰甲级联赛,赫拉克勒斯,费耶诺德,8.5,5.6,1.2,0,7,2,负,official_result_market_odds,2026-08-11T21:44:29
2025-10-19,2034193,2025-10-19,周日023,挪威超级联赛,莫尔德,桑纳菲尤尔,1.65,3.9,3.75,1,3,2,负,official_result_market_odds,2026-08-11T21:44:29
2025-10-19,2034194,2025-10-19,周日024,挪威超级联赛,奥斯陆KFUM,克里斯蒂安松,1.42,4.0,5.7,1,1,1,平,official_result_market_odds,2026-08-11T21:44:29
2025-10-19,2034195,2025-10-19,周日025,法国甲级联赛,洛里昂,布雷斯特,2.63,2.8,2.55,3,3,1,平,official_result_market_odds,2026-08-11T21:44:29
2025-10-19,2034196,2025-10-19,周日026,法国甲级联赛,雷恩,欧塞尔,1.57,3.65,4.6,2,2,1,平,official_result_market_odds,2026-08-11T21:44:29
2025-10-19,2034197,2025-10-19,周日027,法国甲级联赛,图卢兹,梅斯,1.34,4.2,6.9,4,0,0,胜,official_result_market_odds,2026-08-11T21:44:29
2025-10-19,2034198,2025-10-19,周日028,英格兰超级联赛,利物浦,曼彻斯特联,1.59,4.0,4.0,1,2,2,负,official_result_market_odds,2026-08-11T21:44:29
2025-10-19,2034199,2025-10-19,周日029,德国甲级联赛,圣保利,霍芬海姆,2.41,3.22,2.48,0,3,2,负,official_result_market_odds,2026-08-11T21:44:29
2025-10-20,2034200,2025-10-20,周日030,意大利甲级联赛,亚特兰大,拉齐奥,1.65,3.5,4.2,0,0,1,平,official_result_market_odds,2026-08-11T21:44:29
2025-10-20,2034201,2025-10-20,周日031,西班牙甲级联赛,莱万特,巴列卡诺,2.65,3.08,2.35,0,3,2,负,official_result_market_odds,2026-08-11T21:44:29
2025-10-20,2034202,2025-10-20,周日032,意大利甲级联赛,AC米兰,佛罗伦萨,1.6,3.45,4.65,2,1,0,胜,official_result_market_odds,2026-08-11T21:44:29
2025-10-20,2034203,2025-10-20,周日033,法国甲级联赛,南特,里尔,5.25,3.8,1.48,0,2,2,负,official_result_market_odds,2026-08-11T21:44:29
2025-10-20,2034204,2025-10-20,周日034,西班牙甲级联赛,赫塔费,皇家马德里,7.8,4.55,1.28,0,1,2,负,official_result_market_odds,2026-08-11T21:44:29
2025-10-20,2034205,2025-10-20,周日035,U20世界杯,阿根廷U20,摩洛哥U20,1.61,3.0,5.7,0,2,2,负,official_result_market_odds,2026-08-11T21:44:29
2025-10-20,2034206,2025-10-20,周一001,亚洲冠军精英联赛,阿布扎比联,多哈杜海勒,2.13,3.4,2.74,3,1,0,胜,official_result_market_odds,2026-08-11T21:44:29
2025-10-21,2034207,2025-10-21,周一002,亚洲冠军精英联赛,鲁萨法警察,吉达联合,3.85,3.5,1.72,1,4,2,负,official_result_market_odds,2026-08-11T21:44:29
2025-10-21,2034208,2025-10-21,周一003,瑞典超级联赛,代格福什,哈尔姆斯塔德,1.75,3.3,3.92,0,1,2,负,official_result_market_odds,2026-08-11T21:44:29
2025-10-21,2034209,2025-10-21,周一004,瑞典超级联赛,IFK哥德堡,米亚尔比,2.97,3.28,2.05,0,2,2,负,official_result_market_odds,2026-08-11T21:44:29
2025-10-21,2034210,2025-10-21,周一005,荷兰乙级联赛,多德勒支,瓦尔韦克,2.0,3.6,2.85,1,2,2,负,official_result_market_odds,2026-08-11T21:44:29
2025-10-21,2034211,2025-10-21,周一006,荷兰乙级联赛,罗达JC,阿尔梅勒城,1.99,3.55,2.9,2,0,0,胜,official_result_market_odds,2026-08-11T21:44:29
2025-10-21,2034213,2025-10-21,周一008,意大利甲级联赛,克雷莫纳,乌迪内斯,3.55,2.97,1.96,1,1,1,平,official_result_market_odds,2026-08-11T21:44:29
2025-10-21,2034214,2025-10-21,周一009,法国乙级联赛,南锡,亚眠,1.65,3.32,4.5,0,1,2,负,official_result_market_odds,2026-08-11T21:44:29
2025-10-21,2034215,2025-10-21,周一010,英格兰超级联赛,西汉姆联,布伦特福德,2.28,3.1,2.72,0,2,2,负,official_result_market_odds,2026-08-11T21:44:29
2025-10-21,2034216,2025-10-21,周一011,西班牙甲级联赛,阿拉维斯,巴伦西亚,2.07,2.82,3.45,0,0,1,平,official_result_market_odds,2026-08-11T21:44:29
2025-10-21,2034229,2025-10-21,周二001,亚洲冠军精英联赛,墨尔本城,布里兰,2.58,3.0,2.45,2,1,0,胜,official_result_market_odds,2026-08-11T21:44:29
2025-10-21,2034230,2025-10-21,周二002,亚洲冠军精英联赛,成都蓉城,柔佛,3.98,3.45,1.7,0,2,2,负,official_result_market_odds,2026-08-11T21:44:29
2025-10-21,2034231,2025-10-21,周二003,亚洲冠军精英联赛,蔚山现代,广岛三箭,4.8,3.8,1.52,1,0,0,胜,official_result_market_odds,2026-08-11T21:44:29
2025-10-21,2034232,2025-10-21,周二004,亚洲冠军精英联赛,上海海港,町田泽维亚,4.75,4.2,1.47,0,2,2,负,official_result_market_odds,2026-08-11T21:44:29
2025-10-22,2034233,2025-10-22,周二005,亚洲冠军精英联赛,迪拜国民青年,纳萨夫,1.24,4.95,8.25,4,1,0,胜,official_result_market_odds,2026-08-11T21:44:29
2025-10-22,2034234,2025-10-22,周二006,欧洲冠军联赛,阿拉木图凯拉特,帕福斯,2.9,3.2,2.12,0,0,1,平,official_result_market_odds,2026-08-11T21:44:29
2025-10-22,2034235,2025-10-22,周二007,欧洲冠军联赛,巴塞罗那,奥林匹亚科斯,1.1,7.2,12.2,6,1,0,胜,official_result_market_odds,2026-08-11T21:44:29
2025-10-22,2034236,2025-10-22,周二008,荷兰乙级联赛,登博思,海尔蒙特,2.02,3.5,2.87,1,0,0,胜,official_result_market_odds,2026-08-11T21:44:29
2025-10-22,2034237,2025-10-22,周二009,亚洲冠军精英联赛,利雅得新月,多哈萨德,1.11,6.9,12.0,3,1,0,胜,official_result_market_odds,2026-08-11T21:44:29
2025-10-22,2034238,2025-10-22,周二010,英格兰冠军联赛,布莱克本,谢菲尔德联,2.35,2.8,2.88,1,3,2,负,official_result_market_odds,2026-08-11T21:44:29
2025-10-22,2034239,2025-10-22,周二011,英格兰冠军联赛,赫尔城,莱切斯特城,3.6,3.45,1.78,2,1,0,胜,official_result_market_odds,2026-08-11T21:44:29
2025-10-22,2034240,2025-10-22,周二012,欧洲冠军联赛,勒沃库森,巴黎圣日尔曼,4.55,4.0,1.52,2,7,2,负,official_result_market_odds,2026-08-11T21:44:29
2025-10-22,2034241,2025-10-22,周二013,欧洲冠军联赛,比利亚雷亚尔,曼彻斯特城,4.6,3.95,1.52,0,2,2,负,official_result_market_odds,2026-08-11T21:44:29
2025-10-22,2034242,2025-10-22,周二014,欧洲冠军联赛,哥本哈根,多特蒙德,4.55,3.8,1.55,2,4,2,负,official_result_market_odds,2026-08-11T21:44:29
2025-10-22,2034243,2025-10-22,周二015,欧洲冠军联赛,阿森纳,马德里竞技,1.5,3.7,5.2,4,0,0,胜,official_result_market_odds,2026-08-11T21:44:29
2025-10-22,2034244,2025-10-22,周二016,欧洲冠军联赛,纽卡斯尔联,本菲卡,1.44,4.1,5.3,3,0,0,胜,official_result_market_odds,2026-08-11T21:44:29
2025-10-22,2034245,2025-10-22,周二017,欧洲冠军联赛,PSV埃因霍温,那不勒斯,2.7,3.3,2.2,6,2,0,胜,official_result_market_odds,2026-08-11T21:44:29
2025-10-22,2034246,2025-10-22,周二018,欧洲冠军联赛,圣吉尔联合,国际米兰,4.7,3.8,1.53,0,4,2,负,official_result_market_odds,2026-08-11T21:44:29
2025-10-22,2034247,2025-10-22,周二019,英格兰冠军联赛,布里斯托尔城,南安普敦,2.37,3.0,2.67,3,1,0,胜,official_result_market_odds,2026-08-11T21:44:29
2025-10-22,2034248,2025-10-22,周三001,亚洲冠军精英联赛,江原FC,神户胜利船,2.57,2.85,2.57,4,3,0,胜,official_result_market_odds,2026-08-11T21:44:29
2025-10-22,2034249,2025-10-22,周三002,亚洲冠军精英联赛,上海申花,首尔FC,2.6,3.45,2.2,2,0,0,胜,official_result_market_odds,2026-08-11T21:44:29
2025-10-22,2034250,2025-10-22,周三003,芬兰超级联赛,国际图尔库,赫尔辛基火花,1.2,5.5,8.75,2,1,0,胜,official_result_market_odds,2026-08-11T21:44:29
2025-10-23,2034251,2025-10-23,周三004,欧洲冠军联赛,毕尔巴鄂竞技,卡拉巴赫,1.22,5.3,8.25,3,1,0,胜,official_result_market_odds,2026-08-11T21:44:29
2025-10-23,2034252,2025-10-23,周三005,欧洲冠军联赛,加拉塔萨雷,博德闪耀,1.37,4.8,5.25,3,1,0,胜,official_result_market_odds,2026-08-11T21:44:29
2025-10-23,2034253,2025-10-23,周三006,英格兰冠军联赛,斯旺西,女王公园巡游者,2.02,2.87,3.5,0,1,2,负,official_result_market_odds,2026-08-11T21:44:29
2025-10-23,2034254,2025-10-23,周三007,英格兰冠军联赛,雷克斯汉姆,牛津联,1.81,3.15,3.85,1,0,0,胜,official_result_market_odds,2026-08-11T21:44:29
2025-10-23,2034255,2025-10-23,周三008,英格兰冠军联赛,沃特福德,西布罗姆维奇,3.15,2.88,2.15,2,1,0,胜,official_result_market_odds,2026-08-11T21:44:29
2025-10-23,2034256,2025-10-23,周三009,欧洲冠军联赛,切尔西,阿贾克斯,1.13,6.3,12.0,5,1,0,胜,official_result_market_odds,2026-08-11T21:44:29
2025-10-23,2034257,2025-10-23,周三010,欧洲冠军联赛,皇家马德里,尤文图斯,1.39,4.2,5.8,1,0,0,胜,official_result_market_odds,2026-08-11T21:44:29
2025-10-23,2034258,2025-10-23,周三011,欧洲冠军联赛,摩纳哥,托特纳姆热刺,2.91,3.3,2.07,0,0,1,平,official_result_market_odds,2026-08-11T21:44:29
2025-10-23,2034260,2025-10-23,周三013,欧洲冠军联赛,法兰克福,利物浦,4.87,4.65,1.41,1,5,2,负,official_result_market_odds,2026-08-11T21:44:29
2025-10-23,2034261,2025-10-23,周三014,欧洲冠军联赛,里斯本竞技,马赛,2.1,3.52,2.71,2,1,0,胜,official_result_market_odds,2026-08-11T21:44:29
2025-10-23,2034262,2025-10-23,周三015,欧洲冠军联赛,亚特兰大,布拉格斯拉维亚,1.22,5.35,8.15,0,0,1,平,official_result_market_odds,2026-08-11T21:44:29
2025-10-23,2034263,2025-10-23,周四001,亚洲冠军乙级联赛,淡宾尼士流浪,浦项制铁,4.85,3.9,1.5,1,0,0,胜,official_result_market_odds,2026-08-11T21:44:29
2025-10-23,2034264,2025-10-23,周四002,亚洲冠军乙级联赛,曼谷联,狮城水手,2.01,3.55,2.86,1,0,0,胜,official_result_market_odds,2026-08-11T21:44:29
2025-10-24,2034265,2025-10-24,周四003,欧罗巴联赛,布拉加,贝尔格莱德红星,1.65,3.7,3.95,2,0,0,胜,official_result_market_odds,2026-08-11T21:44:29
2025-10-24,2034266,2025-10-24,周四004,欧罗巴联赛,里昂,巴塞尔,1.34,4.65,5.95,2,0,0,胜,official_result_market_odds,2026-08-11T21:44:29
2025-10-24,2034267,2025-10-24,周四005,欧罗巴联赛,布加勒斯特星,博洛尼亚,5.75,3.9,1.43,1,2,2,负,official_result_market_odds,2026-08-11T21:44:29
2025-10-24,2034268,2025-10-24,周四006,欧罗巴联赛,费耶诺德,帕纳辛纳科斯,1.33,4.55,6.35,3,1,0,胜,official_result_market_odds,2026-08-11T21:44:29
2025-10-24,2034269,2025-10-24,周四007,欧罗巴联赛,亨克,皇家贝蒂斯,3.32,3.6,1.82,0,0,1,平,official_result_market_odds,2026-08-11T21:44:29
2025-10-24,2034270,2025-10-24,周四008,欧罗巴联赛,费内巴切,斯图加特,2.41,3.23,2.47,1,0,0,胜,official_result_market_odds,2026-08-11T21:44:29
2025-10-24,2034271,2025-10-24,周四009,欧罗巴联赛,前进之鹰,阿斯顿维拉,7.5,5.3,1.24,2,1,0,胜,official_result_market_odds,2026-08-11T21:44:29
2025-10-24,2034272,2025-10-24,周四010,欧洲协会联赛,维也纳快速,佛罗伦萨,3.4,3.5,1.82,0,3,2,负,official_result_market_odds,2026-08-11T21:44:29
2025-10-24,2034273,2025-10-24,周四012,沙特职业联赛,欧奈宰纳伊马,吉达国民,12.0,6.25,1.13,0,1,2,负,official_result_market_odds,2026-08-11T21:44:29
2025-10-24,2034274,2025-10-24,周四013,欧罗巴联赛,罗马,比尔森,1.19,5.35,9.75,1,2,2,负,official_result_market_odds,2026-08-11T21:44:29
2025-10-24,2034275,2025-10-24,周四014,欧罗巴联赛,维戈塞尔塔,尼斯,1.6,3.7,4.3,2,1,0,胜,official_result_market_odds,2026-08-11T21:44:29
2025-10-24,2034276,2025-10-24,周四015,欧罗巴联赛,里尔,塞萨洛尼基,1.36,4.3,6.2,3,4,2,负,official_result_market_odds,2026-08-11T21:44:29
2025-10-24,2034277,2025-10-24,周四016,欧罗巴联赛,诺丁汉森林,波尔图,2.58,2.95,2.48,2,0,0,胜,official_result_market_odds,2026-08-11T21:44:29
2025-10-24,2034278,2025-10-24,周四017,欧罗巴联赛,弗赖堡,乌德勒支,1.32,4.55,6.6,2,0,0,胜,official_result_market_odds,2026-08-11T21:44:29
2025-10-24,2034279,2025-10-24,周四018,欧洲协会联赛,水晶宫,AEK拉纳卡,1.11,6.25,14.5,0,1,2,负,official_result_market_odds,2026-08-11T21:44:29
2025-10-24,2034280,2025-10-24,周四011,欧洲协会联赛,赫根,巴列卡诺,4.55,3.66,1.57,2,2,1,平,official_result_market_odds,2026-08-11T21:44:29
2025-10-24,2034301,2025-10-24,周五001,澳大利亚超级联赛,纽卡斯尔喷气机,墨尔本胜利,2.48,3.45,2.3,5,2,0,胜,official_result_market_odds,2026-08-11T21:44:29
2025-10-24,2034302,2025-10-24,周五002,沙特职业联赛,穆拜赖兹征服,达曼协定,1.93,3.52,3.06,2,1,0,胜,official_result_market_odds,2026-08-11T21:44:29
2025-10-25,2034303,2025-10-25,周五003,德国乙级联赛,菲尔特,卡尔斯鲁厄,2.75,3.55,2.07,1,4,2,负,official_result_market_odds,2026-08-11T21:44:29
2025-10-25,2034304,2025-10-25,周五004,德国乙级联赛,沙尔克04,达姆施塔特,1.83,3.6,3.28,1,0,0,胜,official_result_market_odds,2026-08-11T21:44:29
2025-10-25,2034305,2025-10-25,周五005,沙特职业联赛,吉达联合,利雅得新月,4.1,4.1,1.56,0,2,2,负,official_result_market_odds,2026-08-11T21:44:29
2025-10-25,2034306,2025-10-25,周五006,法国乙级联赛,圣旺红星,格勒诺布尔,1.54,3.65,4.85,1,0,0,胜,official_result_market_odds,2026-08-11T21:44:29
2025-10-25,2034307,2025-10-25,周五007,法国乙级联赛,兰斯,特鲁瓦,1.9,3.38,3.25,0,0,1,平,official_result_market_odds,2026-08-11T21:44:29
2025-10-25,2034308,2025-10-25,周五008,荷兰甲级联赛,海伦芬,布雷达,1.49,4.15,4.6,3,3,1,平,official_result_market_odds,2026-08-11T21:44:29
2025-10-25,2034309,2025-10-25,周五009,荷兰乙级联赛,海尔蒙特,多德勒支,1.98,3.5,2.95,1,2,2,负,official_result_market_odds,2026-08-11T21:44:29
2025-10-25,2034310,2025-10-25,周五010,荷兰乙级联赛,瓦尔韦克,坎布尔,2.9,3.7,1.95,4,2,0,胜,official_result_market_odds,2026-08-11T21:44:29
2025-10-25,2034311,2025-10-25,周五011,德国甲级联赛,云达不来梅,柏林联合,2.21,3.1,2.82,1,0,0,胜,official_result_market_odds,2026-08-11T21:44:29
2025-10-25,2034312,2025-10-25,周五012,意大利甲级联赛,AC米兰,比萨,1.18,5.4,10.3,2,2,1,平,official_result_market_odds,2026-08-11T21:44:29
2025-10-25,2034313,2025-10-25,周五013,法国甲级联赛,巴黎FC,南特,1.42,4.1,5.55,1,2,2,负,official_result_market_odds,2026-08-11T21:44:29
2025-10-25,2034314,2025-10-25,周五014,英格兰超级联赛,利兹联,西汉姆联,1.76,3.3,3.9,2,1,0,胜,official_result_market_odds,2026-08-11T21:44:29
2025-10-25,2034315,2025-10-25,周五015,英格兰冠军联赛,普雷斯顿,谢菲尔德联,2.65,2.9,2.46,3,2,0,胜,official_result_market_odds,2026-08-11T21:44:29
2025-10-25,2034316,2025-10-25,周五016,西班牙甲级联赛,皇家社会,塞维利亚,1.88,3.18,3.55,2,1,0,胜,official_result_market_odds,2026-08-11T21:44:29
2025-10-25,2034317,2025-10-25,周五017,葡萄牙超级联赛,阿尔维卡,吉维森特,3.22,2.66,2.26,0,4,2,负,official_result_market_odds,2026-08-11T21:44:29
2025-10-25,2034318,2025-10-25,周五018,美国职业大联盟,迈阿密国际,纳什维尔,1.36,4.8,5.37,3,1,0,胜,official_result_market_odds,2026-08-11T21:44:29
2025-10-25,2034337,2025-10-25,周六001,澳大利亚超级联赛,奥克兰FC,西悉尼漫步者,1.72,3.5,3.82,1,0,0,胜,official_result_market_odds,2026-08-11T21:44:29
2025-10-25,2034338,2025-10-25,周六002,日本职业联赛,京都不死鸟,鹿岛鹿角,2.62,3.2,2.3,1,1,1,平,official_result_market_odds,2026-08-11T21:44:29
2025-10-25,2034339,2025-10-25,周六003,日本职业联赛,柏太阳神,横滨FC,1.42,3.85,6.1,2,0,0,胜,official_result_market_odds,2026-08-11T21:44:29
2025-10-25,2034340,2025-10-25,周六004,日本职业联赛,横滨水手,广岛三箭,2.98,3.15,2.1,3,0,0,胜,official_result_market_odds,2026-08-11T21:44:29
2025-10-25,2034341,2025-10-25,周六005,韩国职业联赛,光州FC,安养FC,1.95,3.02,3.5,1,0,0,胜,official_result_market_odds,2026-08-11T21:44:29
2025-10-25,2034342,2025-10-25,周六006,澳大利亚超级联赛,墨尔本城,珀斯光荣,1.36,4.4,6.0,4,0,0,胜,official_result_market_odds,2026-08-11T21:44:29
2025-10-25,2034343,2025-10-25,周六007,日本职业联赛,大阪樱花,川崎前锋,2.45,3.7,2.22,2,0,0,胜,official_result_market_odds,2026-08-11T21:44:29
2025-10-25,2034344,2025-10-25,周六008,韩国职业联赛,水原FC,济州SK,1.61,3.85,4.05,1,2,2,负,official_result_market_odds,2026-08-11T21:44:29
2025-10-25,2034345,2025-10-25,周六009,日本乙级联赛,长崎航海,今治FC,1.49,4.0,4.8,1,1,1,平,official_result_market_odds,2026-08-11T21:44:29
2025-10-25,2034346,2025-10-25,周六010,澳大利亚超级联赛,悉尼FC,中央海岸水手,1.45,4.1,5.1,2,0,0,胜,official_result_market_odds,2026-08-11T21:44:29
2025-10-25,2034347,2025-10-25,周六011,德国乙级联赛,基尔,波鸿,1.68,3.7,3.8,1,1,1,平,official_result_market_odds,2026-08-11T21:44:29
2025-10-25,2034348,2025-10-25,周六012,英格兰冠军联赛,考文垂,沃特福德,1.36,4.3,6.2,3,1,0,胜,official_result_market_odds,2026-08-11T21:44:29
2025-10-25,2034349,2025-10-25,周六013,西班牙甲级联赛,赫罗纳,皇家奥维耶多,1.64,3.3,4.62,3,3,1,平,official_result_market_odds,2026-08-11T21:44:29
2025-10-25,2034350,2025-10-25,周六014,法国乙级联赛,蒙彼利埃,南锡,1.88,3.28,3.42,4,1,0,胜,official_result_market_odds,2026-08-11T21:44:29
2025-10-25,2034351,2025-10-25,周六015,意大利甲级联赛,乌迪内斯,莱切,1.81,2.93,4.25,3,2,0,胜,official_result_market_odds,2026-08-11T21:44:29
2025-10-25,2034352,2025-10-25,周六016,意大利甲级联赛,帕尔马,科莫,3.98,3.3,1.74,0,0,1,平,official_result_market_odds,2026-08-11T21:44:29
2025-10-25,2034353,2025-10-25,周六017,德国甲级联赛,奥格斯堡,莱比锡红牛,3.22,3.75,1.81,0,6,2,负,official_result_market_odds,2026-08-11T21:44:29
2025-10-25,2034354,2025-10-25,周六018,德国甲级联赛,门兴格拉德巴赫,拜仁慕尼黑,9.5,7.2,1.13,0,3,2,负,official_result_market_odds,2026-08-11T21:44:29
2025-10-25,2034355,2025-10-25,周六019,德国甲级联赛,霍芬海姆,海登海姆,1.41,4.32,5.3,3,1,0,胜,official_result_market_odds,2026-08-11T21:44:29
2025-10-25,2034356,2025-10-25,周六020,德国甲级联赛,法兰克福,圣保利,1.47,4.15,4.8,2,0,0,胜,official_result_market_odds,2026-08-11T21:44:29
2025-10-25,2034357,2025-10-25,周六021,德国甲级联赛,汉堡,沃尔夫斯堡,1.98,3.55,2.92,0,1,2,负,official_result_market_odds,2026-08-11T21:44:29
2025-10-25,2034358,2025-10-25,周六022,英格兰超级联赛,切尔西,桑德兰,1.29,4.45,7.7,1,2,2,负,official_result_market_odds,2026-08-11T21:44:29
2025-10-25,2034359,2025-10-25,周六023,英格兰超级联赛,纽卡斯尔联,富勒姆,1.47,3.85,5.27,2,1,0,胜,official_result_market_odds,2026-08-11T21:44:29
2025-10-25,2034360,2025-10-25,周六024,英格兰冠军联赛,米尔沃尔,莱切斯特城,3.05,2.95,2.16,1,0,0,胜,official_result_market_odds,2026-08-11T21:44:29
2025-10-25,2034361,2025-10-25,周六025,英格兰冠军联赛,布莱克本,南安普敦,2.95,3.03,2.17,2,1,0,胜,official_result_market_odds,2026-08-11T21:44:29
2025-10-25,2034362,2025-10-25,周六026,挪威超级联赛,维京,布莱尼,1.16,6.15,9.5,5,1,0,胜,official_result_market_odds,2026-08-11T21:44:29
2025-10-25,2034363,2025-10-25,周六027,西班牙甲级联赛,西班牙人,埃尔切,1.82,3.0,4.05,1,0,0,胜,official_result_market_odds,2026-08-11T21:44:29
2025-10-25,2034364,2025-10-25,周六028,荷兰甲级联赛,福图纳锡塔德,格罗宁根,2.82,3.08,2.22,1,2,2,负,official_result_market_odds,2026-08-11T21:44:29
2025-10-25,2034365,2025-10-25,周六029,法国甲级联赛,布雷斯特,巴黎圣日尔曼,7.5,5.1,1.25,0,3,2,负,official_result_market_odds,2026-08-11T21:44:29
2025-10-25,2034366,2025-10-25,周六030,瑞典超级联赛,厄斯特什,代格福什,2.8,3.09,2.23,1,2,2,负,official_result_market_odds,2026-08-11T21:44:29
2025-10-26,2034367,2025-10-26,周六031,意大利甲级联赛,那不勒斯,国际米兰,3.1,3.02,2.1,3,1,0,胜,official_result_market_odds,2026-08-11T21:44:29
2025-10-26,2034368,2025-10-26,周六032,英格兰超级联赛,曼彻斯特联,布赖顿,1.83,3.75,3.16,4,2,0,胜,official_result_market_odds,2026-08-11T21:44:29
2025-10-26,2034369,2025-10-26,周六033,德国甲级联赛,多特蒙德,科隆,1.26,5.2,6.95,1,0,0,胜,official_result_market_odds,2026-08-11T21:44:29
2025-10-26,2034370,2025-10-26,周六034,西班牙甲级联赛,毕尔巴鄂竞技,赫塔费,1.45,3.36,7.05,0,1,2,负,official_result_market_odds,2026-08-11T21:44:29
2025-10-26,2034371,2025-10-26,周六035,法国甲级联赛,摩纳哥,图卢兹,1.62,3.7,4.15,1,0,0,胜,official_result_market_odds,2026-08-11T21:44:29
2025-10-26,2034373,2025-10-26,周六037,意大利甲级联赛,克雷莫纳,亚特兰大,5.8,4.2,1.39,1,1,1,平,official_result_market_odds,2026-08-11T21:44:29
2025-10-26,2034374,2025-10-26,周六038,英格兰超级联赛,布伦特福德,利物浦,4.25,3.95,1.56,3,2,0,胜,official_result_market_odds,2026-08-11T21:44:29
2025-10-26,2034375,2025-10-26,周六039,西班牙甲级联赛,巴伦西亚,比利亚雷亚尔,3.45,3.42,1.83,0,2,2,负,official_result_market_odds,2026-08-11T21:44:29
2025-10-26,2034376,2025-10-26,周六040,法国甲级联赛,朗斯,马赛,2.62,3.25,2.27,2,1,0,胜,official_result_market_odds,2026-08-11T21:44:29
2025-10-26,2034378,2025-10-26,周日001,日本乙级联赛,札幌冈萨多,水户蜀葵,2.75,3.35,2.14,0,1,2,负,official_result_market_odds,2026-08-11T21:44:29
2025-10-26,2034379,2025-10-26,周日002,日本乙级联赛,仙台七夕,鸟栖沙岩,2.11,3.1,3.0,3,2,0,胜,official_result_market_odds,2026-08-11T21:44:29
2025-10-26,2034380,2025-10-26,周日003,韩国职业联赛,首尔FC,江原FC,1.87,3.15,3.62,4,2,0,胜,official_result_market_odds,2026-08-11T21:44:29
2025-10-26,2034381,2025-10-26,周日004,韩国职业联赛,蔚山现代,大邱FC,1.51,3.98,4.65,1,1,1,平,official_result_market_odds,2026-08-11T21:44:29
2025-10-26,2034382,2025-10-26,周日005,日本职业联赛,福冈黄蜂,湘南海洋,1.72,3.25,4.16,1,0,0,胜,official_result_market_odds,2026-08-11T21:44:29
2025-10-26,2034383,2025-10-26,周日006,韩国职业联赛,大田市民,浦项制铁,2.16,3.25,2.8,2,0,0,胜,official_result_market_odds,2026-08-11T21:44:29
2025-10-26,2034384,2025-10-26,周日007,荷兰甲级联赛,特温特,阿贾克斯,2.32,3.55,2.4,2,3,2,负,official_result_market_odds,2026-08-11T21:44:29
2025-10-26,2034385,2025-10-26,周日008,意大利甲级联赛,都灵,热那亚,2.27,2.7,3.15,2,1,0,胜,official_result_market_odds,2026-08-11T21:44:29
2025-10-26,2034386,2025-10-26,周日009,德国乙级联赛,不伦瑞克,汉诺威96,3.5,3.48,1.8,0,3,2,负,official_result_market_odds,2026-08-11T21:44:29
2025-10-26,2034387,2025-10-26,周日010,德国乙级联赛,凯泽斯劳滕,纽伦堡,2.04,3.4,2.9,1,1,1,平,official_result_market_odds,2026-08-11T21:44:29
2025-10-26,2034388,2025-10-26,周日011,西班牙甲级联赛,马洛卡,莱万特,1.82,3.25,3.7,1,1,1,平,official_result_market_odds,2026-08-11T21:44:29
2025-10-26,2034389,2025-10-26,周日012,瑞典超级联赛,天狼星,埃尔夫斯堡,1.57,4.12,4.0,4,0,0,胜,official_result_market_odds,2026-08-11T21:44:29
2025-10-26,2034390,2025-10-26,周日013,荷兰甲级联赛,费耶诺德,PSV埃因霍温,2.2,3.65,2.5,2,3,2,负,official_result_market_odds,2026-08-11T21:44:29
2025-10-26,2034391,2025-10-26,周日014,挪威超级联赛,罗森博格,布兰,2.26,3.55,2.47,2,3,2,负,official_result_market_odds,2026-08-11T21:44:29
2025-10-26,2034392,2025-10-26,周日015,英格兰超级联赛,阿斯顿维拉,曼彻斯特城,3.95,3.7,1.65,1,0,0,胜,official_result_market_odds,2026-08-11T21:44:29
2025-10-26,2034393,2025-10-26,周日016,英格兰超级联赛,阿森纳,水晶宫,1.24,4.95,8.3,1,0,0,胜,official_result_market_odds,2026-08-11T21:44:29
2025-10-26,2034394,2025-10-26,周日017,英格兰超级联赛,狼队,伯恩利,1.75,3.15,4.15,2,3,2,负,official_result_market_odds,2026-08-11T21:44:29
2025-10-26,2034395,2025-10-26,周日018,英格兰超级联赛,伯恩茅斯,诺丁汉森林,1.8,3.45,3.52,2,0,0,胜,official_result_market_odds,2026-08-11T21:44:29
2025-10-26,2034396,2025-10-26,周日019,意大利甲级联赛,萨索洛,罗马,4.25,3.35,1.68,0,1,2,负,official_result_market_odds,2026-08-11T21:44:29
2025-10-26,2034397,2025-10-26,周日020,意大利甲级联赛,维罗纳,卡利亚里,1.95,2.75,3.95,2,2,1,平,official_result_market_odds,2026-08-11T21:44:29
2025-10-26,2034398,2025-10-26,周日021,法国甲级联赛,里尔,梅斯,1.13,6.3,11.75,6,1,0,胜,official_result_market_odds,2026-08-11T21:44:29
2025-10-26,2034399,2025-10-26,周日022,德国甲级联赛,勒沃库森,弗赖堡,1.76,3.45,3.7,2,0,0,胜,official_result_market_odds,2026-08-11T21:44:29
2025-10-26,2034400,2025-10-26,周日023,西班牙甲级联赛,皇家马德里,巴塞罗那,1.68,4.3,3.33,2,1,0,胜,official_result_market_odds,2026-08-11T21:44:29
2025-10-26,2034401,2025-10-26,周日024,葡萄牙超级联赛,法马利康,吉马良斯,1.72,3.25,4.16,2,0,0,胜,official_result_market_odds,2026-08-11T21:44:29
2025-10-26,2034402,2025-10-26,周日025,瑞典超级联赛,哈尔姆斯塔德,IFK哥德堡,3.65,3.45,1.77,0,3,2,负,official_result_market_odds,2026-08-11T21:44:29
2025-10-26,2034403,2025-10-26,周日026,荷兰甲级联赛,阿尔克马尔,乌德勒支,1.42,4.3,5.2,4,1,0,胜,official_result_market_odds,2026-08-11T21:44:29
2025-10-27,2034404,2025-10-27,周日027,挪威超级联赛,博德闪耀,莫尔德,1.18,6.1,8.45,4,1,0,胜,official_result_market_odds,2026-08-11T21:44:29
2025-10-27,2034405,2025-10-27,周日028,法国甲级联赛,雷恩,尼斯,1.9,3.45,3.2,1,2,2,负,official_result_market_odds,2026-08-11T21:44:29
2025-10-27,2034406,2025-10-27,周日029,法国甲级联赛,昂热,洛里昂,2.42,2.83,2.76,2,0,0,胜,official_result_market_odds,2026-08-11T21:44:29
2025-10-27,2034407,2025-10-27,周日030,法国甲级联赛,欧塞尔,勒阿弗尔,1.88,3.25,3.45,0,1,2,负,official_result_market_odds,2026-08-11T21:44:29
2025-10-27,2034408,2025-10-27,周日031,英格兰超级联赛,埃弗顿,托特纳姆热刺,2.14,3.05,3.0,0,3,2,负,official_result_market_odds,2026-08-11T21:44:29
2025-10-27,2034409,2025-10-27,周日032,德国甲级联赛,斯图加特,美因茨,1.55,4.0,4.26,2,1,0,胜,official_result_market_odds,2026-08-11T21:44:29
2025-10-27,2034410,2025-10-27,周日033,意大利甲级联赛,佛罗伦萨,博洛尼亚,2.5,2.7,2.8,2,2,1,平,official_result_market_odds,2026-08-11T21:44:29
2025-10-27,2034411,2025-10-27,周日034,西班牙甲级联赛,奥萨苏纳,维戈塞尔塔,2.53,2.65,2.8,2,3,2,负,official_result_market_odds,2026-08-11T21:44:29
2025-10-27,2034412,2025-10-27,周日035,葡萄牙超级联赛,通德拉,里斯本竞技,11.0,5.95,1.15,0,3,2,负,official_result_market_odds,2026-08-11T21:44:29
2025-10-27,2034413,2025-10-27,周日036,意大利甲级联赛,拉齐奥,尤文图斯,3.25,3.05,2.03,1,0,0,胜,official_result_market_odds,2026-08-11T21:44:29
2025-10-27,2034414,2025-10-27,周日037,法国甲级联赛,里昂,斯特拉斯堡,1.75,3.55,3.62,2,1,0,胜,official_result_market_odds,2026-08-11T21:44:29
2025-10-27,2034415,2025-10-27,周日038,西班牙甲级联赛,巴列卡诺,阿拉维斯,1.96,2.8,3.82,1,0,0,胜,official_result_market_odds,2026-08-11T21:44:29
2025-10-27,2034416,2025-10-27,周日039,葡萄牙超级联赛,布拉加,卡萨皮亚,1.31,4.3,7.5,4,0,0,胜,official_result_market_odds,2026-08-11T21:44:29
2025-10-27,2034417,2025-10-27,周日040,美国职业大联盟,温哥华白帽,达拉斯FC,1.32,4.75,6.2,3,0,0,胜,official_result_market_odds,2026-08-11T21:44:29
2025-10-27,2034418,2025-10-27,周一001,澳大利亚超级联赛,麦克阿瑟FC,阿德莱德联,2.48,3.55,2.25,2,1,0,胜,official_result_market_odds,2026-08-11T21:44:29
2025-10-28,2034419,2025-10-28,周一002,芬兰超级联赛,塞伊奈约基,库奥皮奥,2.88,3.4,2.05,0,1,2,负,official_result_market_odds,2026-08-11T21:44:29
2025-10-28,2034420,2025-10-28,周一003,瑞典超级联赛,布鲁马波卡纳,哥德堡盖斯,3.62,3.6,1.74,0,2,2,负,official_result_market_odds,2026-08-11T21:44:29
2025-10-28,2034421,2025-10-28,周一004,瑞典超级联赛,马尔默,哈马比,1.99,3.26,3.12,1,3,2,负,official_result_market_odds,2026-08-11T21:44:29
2025-10-28,2034422,2025-10-28,周一005,西班牙甲级联赛,皇家贝蒂斯,马德里竞技,3.23,3.2,1.97,0,2,2,负,official_result_market_odds,2026-08-11T21:44:29
2025-10-28,2034423,2025-10-28,周一006,葡萄牙超级联赛,摩雷伦斯,波尔图,10.5,5.6,1.17,1,2,2,负,official_result_market_odds,2026-08-11T21:44:29
2025-10-28,2034424,2025-10-28,周一007,美国职业大联盟,辛辛那提FC,哥伦布机员,2.13,3.5,2.68,1,0,0,胜,official_result_market_odds,2026-08-11T21:44:29
2025-10-28,2034425,2025-10-28,周一008,美国职业大联盟,明尼苏达联,西雅图海湾人,2.76,3.32,2.15,0,0,1,平,official_result_market_odds,2026-08-11T21:44:29
2025-10-29,2034468,2025-10-29,周二001,德国杯,海登海姆,汉堡,2.45,3.1,2.51,0,1,2,负,official_result_market_odds,2026-08-11T21:44:29
2025-10-29,2034469,2025-10-29,周二002,德国杯,柏林赫塔,埃尔沃斯堡,2.6,3.35,2.24,3,0,0,胜,official_result_market_odds,2026-08-11T21:44:29
2025-10-29,2034470,2025-10-29,周二003,德国杯,沃尔夫斯堡,基尔,1.42,4.1,5.5,0,1,2,负,official_result_market_odds,2026-08-11T21:44:29
2025-10-29,2034471,2025-10-29,周二004,德国杯,法兰克福,多特蒙德,3.08,3.87,1.83,1,1,1,平,official_result_market_odds,2026-08-11T21:44:29
2025-10-29,2034472,2025-10-29,周二005,意大利甲级联赛,莱切,那不勒斯,6.65,3.7,1.41,0,1,2,负,official_result_market_odds,2026-08-11T21:44:29
2025-10-29,2034473,2025-10-29,周二006,法国乙级联赛,特鲁瓦,亚眠,1.29,4.65,7.2,3,1,0,胜,official_result_market_odds,2026-08-11T21:44:29
2025-10-29,2034474,2025-10-29,周二007,法国乙级联赛,敦刻尔克,圣旺红星,2.47,3.1,2.49,3,0,0,胜,official_result_market_odds,2026-08-11T21:44:29
2025-10-29,2034475,2025-10-29,周二008,法国乙级联赛,克莱蒙,蒙彼利埃,3.46,3.1,1.93,1,1,1,平,official_result_market_odds,2026-08-11T21:44:29
2025-10-29,2034476,2025-10-29,周二009,德国杯,门兴格拉德巴赫,卡尔斯鲁厄,1.38,4.45,5.55,3,1,0,胜,official_result_market_odds,2026-08-11T21:44:29
2025-10-29,2034477,2025-10-29,周二010,德国杯,圣保利,霍芬海姆,2.95,3.23,2.08,1,1,1,平,official_result_market_odds,2026-08-11T21:44:29
2025-10-29,2034478,2025-10-29,周二011,德国杯,奥格斯堡,波鸿,1.39,4.26,5.7,0,1,2,负,official_result_market_odds,2026-08-11T21:44:29
2025-10-29,2034479,2025-10-29,周二012,意大利甲级联赛,亚特兰大,AC米兰,2.47,3.08,2.5,1,1,1,平,official_result_market_odds,2026-08-11T21:44:29
2025-10-29,2034480,2025-10-29,周二013,荷兰杯,芬洛,海伦芬,6.85,4.95,1.28,0,3,2,负,official_result_market_odds,2026-08-11T21:44:29
2025-10-29,2034481,2025-10-29,周二014,美国职业大联盟,夏洛特FC,纽约城,2.41,3.33,2.42,0,1,2,负,official_result_market_odds,2026-08-11T21:44:29
2025-10-30,2034482,2025-10-30,周三001,亚洲冠军乙级联赛,哈马德永恒,多哈国民,2.05,3.3,2.95,1,2,2,负,official_result_market_odds,2026-08-11T21:44:29
2025-10-30,2034483,2025-10-30,周三002,德国杯,菲尔特,凯泽斯劳滕,3.12,3.7,1.86,0,1,2,负,official_result_market_odds,2026-08-11T21:44:29
2025-10-30,2034484,2025-10-30,周三003,德国杯,美因茨,斯图加特,2.88,3.48,2.02,0,2,2,负,official_result_market_odds,2026-08-11T21:44:29
2025-10-30,2034485,2025-10-30,周三004,德国杯,帕德博恩,勒沃库森,4.68,4.2,1.48,1,1,1,平,official_result_market_odds,2026-08-11T21:44:29
2025-10-30,2034486,2025-10-30,周三005,意大利甲级联赛,科莫,维罗纳,1.4,3.8,6.6,3,1,0,胜,official_result_market_odds,2026-08-11T21:44:29
2025-10-30,2034487,2025-10-30,周三006,意大利甲级联赛,尤文图斯,乌迪内斯,1.3,4.4,7.5,3,1,0,胜,official_result_market_odds,2026-08-11T21:44:29
2025-10-30,2034488,2025-10-30,周三007,意大利甲级联赛,罗马,帕尔马,1.31,4.2,7.8,2,1,0,胜,official_result_market_odds,2026-08-11T21:44:29
2025-10-30,2034489,2025-10-30,周三008,法国甲级联赛,勒阿弗尔,布雷斯特,2.46,2.98,2.58,1,0,0,胜,official_result_market_odds,2026-08-11T21:44:29
2025-10-30,2034490,2025-10-30,周三009,法国甲级联赛,尼斯,里尔,3.45,3.6,1.78,2,0,0,胜,official_result_market_odds,2026-08-11T21:44:29
2025-10-30,2034491,2025-10-30,周三010,法国甲级联赛,梅斯,朗斯,7.15,4.95,1.27,2,0,0,胜,official_result_market_odds,2026-08-11T21:44:29
2025-10-30,2034492,2025-10-30,周三011,法国甲级联赛,洛里昂,巴黎圣日尔曼,11.5,6.35,1.13,1,1,1,平,official_result_market_odds,2026-08-11T21:44:29
2025-10-30,2034493,2025-10-30,周三012,挪威超级联赛,布兰,博德闪耀,3.6,3.9,1.68,1,2,2,负,official_result_market_odds,2026-08-11T21:44:29
2025-10-30,2034494,2025-10-30,周三013,亚洲冠军乙级联赛,安曼联,穆哈拉格,2.9,3.25,2.1,2,1,0,胜,official_result_market_odds,2026-08-11T21:44:29
2025-10-30,2034495,2025-10-30,周三014,荷兰杯,布雷达,赫拉克勒斯,1.4,4.25,5.55,1,4,2,负,official_result_market_odds,2026-08-11T21:44:29
2025-10-30,2034497,2025-10-30,周三016,英格兰联赛杯,阿森纳,布赖顿,1.31,4.5,7.0,2,0,0,胜,official_result_market_odds,2026-08-11T21:44:29
2025-10-30,2034498,2025-10-30,周三017,英格兰联赛杯,狼队,切尔西,3.55,3.55,1.77,3,4,2,负,official_result_market_odds,2026-08-11T21:44:29
2025-10-30,2034499,2025-10-30,周三018,英格兰联赛杯,利物浦,水晶宫,1.69,3.68,3.76,0,3,2,负,official_result_market_odds,2026-08-11T21:44:29
2025-10-30,2034500,2025-10-30,周三019,德国杯,柏林联合,比勒费尔德,1.48,3.75,5.35,1,1,1,平,official_result_market_odds,2026-08-11T21:44:29
2025-10-30,2034501,2025-10-30,周三020,德国杯,杜塞尔多夫,弗赖堡,4.35,3.6,1.61,1,3,2,负,official_result_market_odds,2026-08-11T21:44:29
2025-10-30,2034502,2025-10-30,周三021,德国杯,科隆,拜仁慕尼黑,10.5,7.1,1.12,1,4,2,负,official_result_market_odds,2026-08-11T21:44:29
2025-10-30,2034503,2025-10-30,周三022,德国杯,达姆施塔特,沙尔克04,2.21,3.35,2.65,4,0,0,胜,official_result_market_odds,2026-08-11T21:44:29
2025-10-30,2034504,2025-10-30,周三023,意大利甲级联赛,热那亚,克雷莫纳,1.59,3.28,5.1,0,2,2,负,official_result_market_odds,2026-08-11T21:44:29
2025-10-30,2034505,2025-10-30,周三024,意大利甲级联赛,博洛尼亚,都灵,1.59,3.3,5.06,0,0,1,平,official_result_market_odds,2026-08-11T21:44:29
2025-10-30,2034506,2025-10-30,周三025,意大利甲级联赛,国际米兰,佛罗伦萨,1.26,4.67,8.2,3,0,0,胜,official_result_market_odds,2026-08-11T21:44:29
2025-10-30,2034507,2025-10-30,周三026,英格兰联赛杯,纽卡斯尔联,托特纳姆热刺,1.64,3.7,4.05,2,0,0,胜,official_result_market_odds,2026-08-11T21:44:29
2025-10-30,2034508,2025-10-30,周三027,挪威超级联赛,罗森博格,桑纳菲尤尔,1.76,3.75,3.4,1,1,1,平,official_result_market_odds,2026-08-11T21:44:29
2025-10-30,2034509,2025-10-30,周三028,法国甲级联赛,图卢兹,雷恩,1.97,3.35,3.1,2,2,1,平,official_result_market_odds,2026-08-11T21:44:29
2025-10-30,2034510,2025-10-30,周三029,法国甲级联赛,巴黎FC,里昂,2.52,3.45,2.26,3,3,1,平,official_result_market_odds,2026-08-11T21:44:29
2025-10-30,2034512,2025-10-30,周三031,法国甲级联赛,南特,摩纳哥,4.4,3.72,1.58,3,5,2,负,official_result_market_odds,2026-08-11T21:44:29
2025-10-30,2034513,2025-10-30,周三032,法国甲级联赛,斯特拉斯堡,欧塞尔,1.55,3.7,4.7,3,0,0,胜,official_result_market_odds,2026-08-11T21:44:29
2025-10-30,2034514,2025-10-30,周四001,沙特职业联赛,达马克,穆拜赖兹征服,3.32,3.62,1.81,1,1,1,平,official_result_market_odds,2026-08-11T21:44:29
2025-10-31,2034515,2025-10-31,周四002,芬兰超级联赛,库奥皮奥,赫尔辛基火花,1.15,6.15,10.25,1,1,1,平,official_result_market_odds,2026-08-11T21:44:29
2025-10-31,2034516,2025-10-31,周四003,芬兰超级联赛,国际图尔库,塞伊奈约基,1.34,4.8,5.75,2,2,1,平,official_result_market_odds,2026-08-11T21:44:29
2025-10-31,2034517,2025-10-31,周四004,芬兰超级联赛,坦佩雷山猫,赫尔辛基,1.62,4.1,3.75,3,1,0,胜,official_result_market_odds,2026-08-11T21:44:29
2025-10-31,2034518,2025-10-31,周四005,沙特职业联赛,拉斯永恒,新未来SC,3.68,3.58,1.73,2,3,2,负,official_result_market_odds,2026-08-11T21:44:29
2025-10-31,2034519,2025-10-31,周四006,沙特职业联赛,吉达国民,利雅得,1.1,6.7,14.5,1,1,1,平,official_result_market_odds,2026-08-11T21:44:29
2025-10-31,2034520,2025-10-31,周四007,意大利甲级联赛,卡利亚里,萨索洛,2.26,2.7,3.16,1,2,2,负,official_result_market_odds,2026-08-11T21:44:29
2025-10-31,2034521,2025-10-31,周四008,荷兰杯,鹿特丹斯巴达,格罗宁根,2.25,3.25,2.65,5,2,0,胜,official_result_market_odds,2026-08-11T21:44:29
2025-10-31,2034522,2025-10-31,周四010,意大利甲级联赛,比萨,拉齐奥,3.67,3.05,1.89,0,0,1,平,official_result_market_odds,2026-08-11T21:44:29
2025-10-31,2034523,2025-10-31,周四009,荷兰杯,威廉二世,多德勒支,1.87,3.55,3.2,7,0,0,胜,official_result_market_odds,2026-08-11T21:44:29
2025-10-31,2034555,2025-10-31,周五001,澳大利亚超级联赛,布里斯班狮吼,墨尔本城,3.82,3.3,1.77,0,0,1,平,official_result_market_odds,2026-08-11T21:44:29
2025-10-31,2034556,2025-10-31,周五002,澳大利亚超级联赛,珀斯光荣,墨尔本胜利,2.73,3.55,2.08,0,2,2,负,official_result_market_odds,2026-08-11T21:44:29
2025-10-31,2034557,2025-10-31,周五003,沙特职业联赛,奈季兰沟渠,欧奈宰纳伊马,1.96,3.3,3.16,2,1,0,胜,official_result_market_odds,2026-08-11T21:44:29
2025-10-31,2034558,2025-10-31,周五004,沙特职业联赛,利雅得新月,利雅得青年,1.18,5.7,9.35,1,0,0,胜,official_result_market_odds,2026-08-11T21:44:29
2025-11-01,2034559,2025-11-01,周五005,沙特职业联赛,达曼协定,拉斯决心,1.66,3.56,4.06,2,2,1,平,official_result_market_odds,2026-08-11T21:44:29
2025-11-01,2034560,2025-11-01,周五006,德国乙级联赛,明斯特普鲁士,基尔,3.4,3.5,1.82,2,1,0,胜,official_result_market_odds,2026-08-11T21:44:29
2025-11-01,2034561,2025-11-01,周五007,德国乙级联赛,埃尔沃斯堡,汉诺威96,2.1,3.5,2.72,2,2,1,平,official_result_market_odds,2026-08-11T21:44:29
2025-11-01,2034562,2025-11-01,周五008,法国乙级联赛,甘冈,拉瓦勒,1.56,3.55,4.85,2,0,0,胜,official_result_market_odds,2026-08-11T21:44:29
2025-11-01,2034563,2025-11-01,周五009,法国乙级联赛,巴斯蒂亚,克莱蒙,1.61,3.32,4.85,1,0,0,胜,official_result_market_odds,2026-08-11T21:44:29
2025-11-01,2034564,2025-11-01,周五010,法国乙级联赛,勒芒,南锡,1.9,3.02,3.68,1,0,0,胜,official_result_market_odds,2026-08-11T21:44:29
2025-11-01,2034565,2025-11-01,周五011,法国乙级联赛,蒙彼利埃,罗德兹,1.53,3.85,4.62,2,0,0,胜,official_result_market_odds,2026-08-11T21:44:29
2025-11-01,2034566,2025-11-01,周五012,法国乙级联赛,阿纳西,布洛涅,1.8,3.1,3.98,1,1,1,平,official_result_market_odds,2026-08-11T21:44:29
2025-11-01,2034568,2025-11-01,周五014,荷兰乙级联赛,奥斯,海尔蒙特,2.35,3.08,2.64,0,3,2,负,official_result_market_odds,2026-08-11T21:44:29
2025-11-01,2034569,2025-11-01,周五015,荷兰乙级联赛,登博思,格拉夫夏普,2.46,3.78,2.18,1,2,2,负,official_result_market_odds,2026-08-11T21:44:29
2025-11-01,2034570,2025-11-01,周五016,德国甲级联赛,奥格斯堡,多特蒙德,5.0,4.35,1.43,0,1,2,负,official_result_market_odds,2026-08-11T21:44:29
2025-11-01,2034571,2025-11-01,周五017,英格兰冠军联赛,雷克斯汉姆,考文垂,3.95,3.75,1.64,3,2,0,胜,official_result_market_odds,2026-08-11T21:44:29
2025-11-01,2034572,2025-11-01,周五018,西班牙甲级联赛,赫塔费,赫罗纳,1.9,2.88,3.9,2,1,0,胜,official_result_market_odds,2026-08-11T21:44:29
2025-11-01,2034586,2025-11-01,周六001,澳大利亚超级联赛,奥克兰FC,阿德莱德联,1.6,3.68,4.3,2,1,0,胜,official_result_market_odds,2026-08-11T21:44:29
2025-11-01,2034587,2025-11-01,周六002,日本联赛杯,柏太阳神,广岛三箭,2.64,2.92,2.45,1,3,2,负,official_result_market_odds,2026-08-11T21:44:29
2025-11-01,2034588,2025-11-01,周六003,韩国职业联赛,大田市民,首尔FC,2.26,3.42,2.54,3,1,0,胜,official_result_market_odds,2026-08-11T21:44:29
2025-11-01,2034589,2025-11-01,周六004,澳大利亚超级联赛,纽卡斯尔喷气机,悉尼FC,2.7,3.8,2.02,1,4,2,负,official_result_market_odds,2026-08-11T21:44:29
2025-11-01,2034590,2025-11-01,周六005,韩国职业联赛,金泉尚武,浦项制铁,2.85,3.3,2.11,0,1,2,负,official_result_market_odds,2026-08-11T21:44:29
2025-11-01,2034591,2025-11-01,周六006,韩国职业联赛,安养FC,蔚山现代,3.05,3.2,2.05,3,1,0,胜,official_result_market_odds,2026-08-11T21:44:29
2025-11-01,2034592,2025-11-01,周六007,澳大利亚超级联赛,麦克阿瑟FC,西悉尼漫步者,2.42,3.5,2.33,1,1,1,平,official_result_market_odds,2026-08-11T21:44:29
2025-11-01,2034593,2025-11-01,周六008,德国乙级联赛,纽伦堡,不伦瑞克,1.53,3.85,4.65,2,1,0,胜,official_result_market_odds,2026-08-11T21:44:29
2025-11-01,2034594,2025-11-01,周六009,德国乙级联赛,柏林赫塔,德累斯顿,1.53,4.1,4.32,2,0,0,胜,official_result_market_odds,2026-08-11T21:44:29
2025-11-01,2034595,2025-11-01,周六010,德国乙级联赛,卡尔斯鲁厄,沙尔克04,2.72,3.35,2.16,2,1,0,胜,official_result_market_odds,2026-08-11T21:44:29
2025-11-01,2034596,2025-11-01,周六011,英格兰冠军联赛,诺维奇,赫尔城,1.9,3.5,3.15,0,2,2,负,official_result_market_odds,2026-08-11T21:44:29
2025-11-01,2034597,2025-11-01,周六012,英格兰冠军联赛,莱切斯特城,布莱克本,1.54,3.65,4.85,0,2,2,负,official_result_market_odds,2026-08-11T21:44:29
2025-11-01,2034598,2025-11-01,周六013,西班牙甲级联赛,比利亚雷亚尔,巴列卡诺,1.6,3.55,4.5,4,0,0,胜,official_result_market_odds,2026-08-11T21:44:29
2025-11-01,2034599,2025-11-01,周六014,法国乙级联赛,亚眠,格勒诺布尔,2.75,2.9,2.38,2,3,2,负,official_result_market_odds,2026-08-11T21:44:29
2025-11-01,2034600,2025-11-01,周六015,意大利甲级联赛,乌迪内斯,亚特兰大,4.5,3.55,1.6,1,0,0,胜,official_result_market_odds,2026-08-11T21:44:29
2025-11-01,2034601,2025-11-01,周六016,瑞典超级联赛,赫根,马尔默,2.3,3.5,2.45,1,1,1,平,official_result_market_odds,2026-08-11T21:44:29
2025-11-01,2034602,2025-11-01,周六017,德国甲级联赛,柏林联合,弗赖堡,2.62,2.85,2.52,0,0,1,平,official_result_market_odds,2026-08-11T21:44:29
2025-11-01,2034603,2025-11-01,周六018,德国甲级联赛,莱比锡红牛,斯图加特,1.84,3.85,3.08,3,1,0,胜,official_result_market_odds,2026-08-11T21:44:29
2025-11-01,2034604,2025-11-01,周六019,德国甲级联赛,圣保利,门兴格拉德巴赫,2.27,3.3,2.6,0,4,2,负,official_result_market_odds,2026-08-11T21:44:29
2025-11-01,2034605,2025-11-01,周六020,德国甲级联赛,海登海姆,法兰克福,4.2,4.15,1.54,1,1,1,平,official_result_market_odds,2026-08-11T21:44:29
2025-11-01,2034606,2025-11-01,周六021,德国甲级联赛,美因茨,云达不来梅,1.79,3.75,3.3,1,1,1,平,official_result_market_odds,2026-08-11T21:44:29
2025-11-01,2034607,2025-11-01,周六022,沙特职业联赛,赛哈特海湾,吉达联合,3.28,3.8,1.78,4,4,1,平,official_result_market_odds,2026-08-11T21:44:29
2025-11-01,2034608,2025-11-01,周六023,英格兰超级联赛,水晶宫,布伦特福德,1.95,3.15,3.35,2,0,0,胜,official_result_market_odds,2026-08-11T21:44:29
2025-11-01,2034609,2025-11-01,周六024,英格兰超级联赛,布赖顿,利兹联,1.67,3.5,4.08,3,0,0,胜,official_result_market_odds,2026-08-11T21:44:29
2025-11-01,2034610,2025-11-01,周六025,英格兰超级联赛,伯恩利,阿森纳,11.5,5.8,1.15,0,2,2,负,official_result_market_odds,2026-08-11T21:44:29
2025-11-01,2034611,2025-11-01,周六026,英格兰超级联赛,诺丁汉森林,曼彻斯特联,3.05,3.5,1.94,2,2,1,平,official_result_market_odds,2026-08-11T21:44:29
2025-11-01,2034612,2025-11-01,周六027,英格兰超级联赛,富勒姆,狼队,1.57,3.55,4.75,3,0,0,胜,official_result_market_odds,2026-08-11T21:44:29
2025-11-01,2034613,2025-11-01,周六028,英格兰冠军联赛,南安普敦,普雷斯顿,1.57,3.55,4.75,0,2,2,负,official_result_market_odds,2026-08-11T21:44:29
2025-11-01,2034614,2025-11-01,周六029,英格兰冠军联赛,沃特福德,米德尔斯堡,2.58,2.82,2.58,3,0,0,胜,official_result_market_odds,2026-08-11T21:44:29
2025-11-01,2034615,2025-11-01,周六030,英格兰冠军联赛,谢菲尔德联,德比郡,1.64,3.3,4.65,1,3,2,负,official_result_market_odds,2026-08-11T21:44:29
2025-11-01,2034616,2025-11-01,周六031,西班牙甲级联赛,马德里竞技,塞维利亚,1.2,5.24,9.5,3,0,0,胜,official_result_market_odds,2026-08-11T21:44:29
2025-11-01,2034617,2025-11-01,周六032,荷兰甲级联赛,阿贾克斯,海伦芬,1.37,4.7,5.35,1,1,1,平,official_result_market_odds,2026-08-11T21:44:29
2025-11-02,2034618,2025-11-02,周六033,法国甲级联赛,巴黎圣日尔曼,尼斯,1.12,6.7,11.5,1,0,0,胜,official_result_market_odds,2026-08-11T21:44:29
2025-11-02,2034619,2025-11-02,周六034,瑞典超级联赛,北雪平,天狼星,2.15,3.55,2.62,1,2,2,负,official_result_market_odds,2026-08-11T21:44:29
2025-11-02,2034620,2025-11-02,周六035,意大利甲级联赛,那不勒斯,科莫,1.74,3.1,4.3,0,0,1,平,official_result_market_odds,2026-08-11T21:44:29
2025-11-02,2034621,2025-11-02,周六036,挪威超级联赛,莫尔德,罗森博格,1.75,3.8,3.4,4,2,0,胜,official_result_market_odds,2026-08-11T21:44:29
2025-11-02,2034623,2025-11-02,周六038,英格兰超级联赛,托特纳姆热刺,切尔西,2.71,3.3,2.19,0,1,2,负,official_result_market_odds,2026-08-11T21:44:29
2025-11-02,2034624,2025-11-02,周六039,德国甲级联赛,拜仁慕尼黑,勒沃库森,1.11,7.5,10.5,3,0,0,胜,official_result_market_odds,2026-08-11T21:44:29
2025-11-02,2034625,2025-11-02,周六040,西班牙甲级联赛,皇家社会,毕尔巴鄂竞技,2.68,2.61,2.68,3,2,0,胜,official_result_market_odds,2026-08-11T21:44:29
2025-11-02,2034626,2025-11-02,周六041,法国甲级联赛,摩纳哥,巴黎FC,1.43,4.35,5.0,0,1,2,负,official_result_market_odds,2026-08-11T21:44:29
2025-11-02,2034628,2025-11-02,周六043,意大利甲级联赛,克雷莫纳,尤文图斯,6.65,4.2,1.35,1,2,2,负,official_result_market_odds,2026-08-11T21:44:29
2025-11-02,2034629,2025-11-02,周六044,英格兰超级联赛,利物浦,阿斯顿维拉,1.49,4.1,4.68,2,0,0,胜,official_result_market_odds,2026-08-11T21:44:29
2025-11-02,2034631,2025-11-02,周六046,法国甲级联赛,欧塞尔,马赛,5.15,4.0,1.46,0,1,2,负,official_result_market_odds,2026-08-11T21:44:29
2025-11-02,2034632,2025-11-02,周六047,葡萄牙超级联赛,吉马良斯,本菲卡,6.7,4.5,1.32,0,3,2,负,official_result_market_odds,2026-08-11T21:44:29
2025-11-02,2034633,2025-11-02,周六048,美国职业大联盟,波特兰伐木工,圣迭戈FC,2.53,3.55,2.21,2,2,1,平,official_result_market_odds,2026-08-11T21:44:29
2025-11-02,2034634,2025-11-02,周日001,日本乙级联赛,鸟栖沙岩,德岛漩涡,2.43,2.92,2.66,0,0,1,平,official_result_market_odds,2026-08-11T21:44:29
2025-11-02,2034635,2025-11-02,周日002,日本乙级联赛,磐田喜悦,长崎航海,3.7,3.7,1.7,1,0,0,胜,official_result_market_odds,2026-08-11T21:44:29
2025-11-02,2034636,2025-11-02,周日003,韩国职业联赛,光州FC,济州SK,1.78,3.3,3.78,2,0,0,胜,official_result_market_odds,2026-08-11T21:44:29
2025-11-02,2034637,2025-11-02,周日004,日本乙级联赛,大分三神,山形山神,3.05,2.98,2.15,1,2,2,负,official_result_market_odds,2026-08-11T21:44:29
2025-11-02,2034638,2025-11-02,周日005,澳大利亚超级联赛,中央海岸水手,惠灵顿凤凰,2.16,3.35,2.72,1,1,1,平,official_result_market_odds,2026-08-11T21:44:29
2025-11-02,2034639,2025-11-02,周日006,韩国职业联赛,水原FC,大邱FC,1.91,3.75,2.95,1,1,1,平,official_result_market_odds,2026-08-11T21:44:29
2025-11-02,2034640,2025-11-02,周日007,荷兰甲级联赛,赫拉克勒斯,兹沃勒,2.4,3.35,2.42,8,2,0,胜,official_result_market_odds,2026-08-11T21:44:29
2025-11-02,2034641,2025-11-02,周日008,意大利甲级联赛,维罗纳,国际米兰,8.3,5.1,1.23,1,2,2,负,official_result_market_odds,2026-08-11T21:44:29
2025-11-02,2034642,2025-11-02,周日009,德国乙级联赛,帕德博恩,菲尔特,1.23,5.25,7.95,2,1,0,胜,official_result_market_odds,2026-08-11T21:44:29
2025-11-02,2034643,2025-11-02,周日010,德国乙级联赛,波鸿,马格德堡,2.01,3.7,2.78,2,0,0,胜,official_result_market_odds,2026-08-11T21:44:29
2025-11-02,2034644,2025-11-02,周日011,德国乙级联赛,杜塞尔多夫,凯泽斯劳滕,2.5,3.5,2.26,1,1,1,平,official_result_market_odds,2026-08-11T21:44:29
2025-11-02,2034645,2025-11-02,周日012,西班牙甲级联赛,莱万特,维戈塞尔塔,2.96,3.19,2.09,1,2,2,负,official_result_market_odds,2026-08-11T21:44:29
2025-11-02,2034646,2025-11-02,周日013,瑞典超级联赛,哈尔姆斯塔德,布鲁马波卡纳,2.7,3.1,2.29,0,0,1,平,official_result_market_odds,2026-08-11T21:44:29
2025-11-02,2034647,2025-11-02,周日014,瑞典超级联赛,埃尔夫斯堡,AIK索尔纳,2.19,3.25,2.75,0,3,2,负,official_result_market_odds,2026-08-11T21:44:29
2025-11-02,2034648,2025-11-02,周日015,荷兰甲级联赛,鹿特丹斯巴达,阿尔克马尔,4.5,4.1,1.51,0,1,2,负,official_result_market_odds,2026-08-11T21:44:29
2025-11-02,2034649,2025-11-02,周日016,荷兰甲级联赛,格罗宁根,特温特,2.8,3.15,2.2,1,1,1,平,official_result_market_odds,2026-08-11T21:44:29
2025-11-02,2034650,2025-11-02,周日017,荷兰乙级联赛,埃门,瓦尔韦克,2.2,3.5,2.57,2,2,1,平,official_result_market_odds,2026-08-11T21:44:29
2025-11-02,2034651,2025-11-02,周日018,挪威超级联赛,斯特罗姆加斯特,维京,6.6,5.45,1.26,1,2,2,负,official_result_market_odds,2026-08-11T21:44:29
2025-11-02,2034652,2025-11-02,周日019,英格兰超级联赛,西汉姆联,纽卡斯尔联,4.74,3.9,1.51,3,1,0,胜,official_result_market_odds,2026-08-11T21:44:29
2025-11-02,2034653,2025-11-02,周日020,意大利甲级联赛,佛罗伦萨,莱切,1.5,3.5,5.65,0,1,2,负,official_result_market_odds,2026-08-11T21:44:29
2025-11-02,2034654,2025-11-02,周日021,意大利甲级联赛,都灵,比萨,1.6,3.25,5.1,2,2,1,平,official_result_market_odds,2026-08-11T21:44:29
2025-11-02,2034655,2025-11-02,周日022,法国甲级联赛,雷恩,斯特拉斯堡,2.55,3.35,2.28,4,1,0,胜,official_result_market_odds,2026-08-11T21:44:29
2025-11-02,2034656,2025-11-02,周日023,芬兰超级联赛,库奥皮奥,国际图尔库,1.97,3.55,2.95,3,2,0,胜,official_result_market_odds,2026-08-11T21:44:29
2025-11-02,2034657,2025-11-02,周日024,德国甲级联赛,科隆,汉堡,2.25,3.41,2.55,4,1,0,胜,official_result_market_odds,2026-08-11T21:44:29
2025-11-02,2034658,2025-11-02,周日025,西班牙甲级联赛,阿拉维斯,西班牙人,2.32,2.74,3.0,2,1,0,胜,official_result_market_odds,2026-08-11T21:44:29
2025-11-02,2034659,2025-11-02,周日026,葡萄牙超级联赛,阿维斯SAD,通德拉,3.05,2.92,2.18,2,2,1,平,official_result_market_odds,2026-08-11T21:44:29
2025-11-02,2034660,2025-11-02,周日027,瑞典超级联赛,佐加顿斯,IFK哥德堡,1.63,3.85,3.9,0,0,1,平,official_result_market_odds,2026-08-11T21:44:29
2025-11-02,2034661,2025-11-02,周日028,瑞典超级联赛,哥德堡盖斯,厄斯特什,1.28,4.75,7.25,1,1,1,平,official_result_market_odds,2026-08-11T21:44:29
2025-11-02,2034662,2025-11-02,周日029,荷兰甲级联赛,乌德勒支,奈梅亨,2.08,3.48,2.77,1,0,0,胜,official_result_market_odds,2026-08-11T21:44:29
2025-11-03,2034663,2025-11-03,周日030,挪威超级联赛,布莱尼,布兰,4.2,3.7,1.61,2,1,0,胜,official_result_market_odds,2026-08-11T21:44:29
2025-11-03,2034664,2025-11-03,周日031,法国甲级联赛,朗斯,洛里昂,1.34,4.4,6.4,3,0,0,胜,official_result_market_odds,2026-08-11T21:44:29
2025-11-03,2034665,2025-11-03,周日032,法国甲级联赛,南特,梅斯,1.82,3.35,3.55,0,2,2,负,official_result_market_odds,2026-08-11T21:44:29
2025-11-03,2034666,2025-11-03,周日033,法国甲级联赛,图卢兹,勒阿弗尔,1.52,3.65,5.05,0,0,1,平,official_result_market_odds,2026-08-11T21:44:29
2025-11-03,2034667,2025-11-03,周日034,法国甲级联赛,里尔,昂热,1.23,5.0,8.6,1,0,0,胜,official_result_market_odds,2026-08-11T21:44:29
2025-11-03,2034668,2025-11-03,周日035,英格兰超级联赛,曼彻斯特城,伯恩茅斯,1.31,4.76,6.4,3,1,0,胜,official_result_market_odds,2026-08-11T21:44:29
2025-11-03,2034669,2025-11-03,周日036,德国甲级联赛,沃尔夫斯堡,霍芬海姆,2.68,3.85,2.02,2,3,2,负,official_result_market_odds,2026-08-11T21:44:29
2025-11-03,2034670,2025-11-03,周日037,意大利甲级联赛,帕尔马,博洛尼亚,3.85,3.15,1.81,1,3,2,负,official_result_market_odds,2026-08-11T21:44:29
2025-11-03,2034671,2025-11-03,周日038,西班牙甲级联赛,巴塞罗那,埃尔切,1.12,6.55,12.0,3,1,0,胜,official_result_market_odds,2026-08-11T21:44:29
2025-11-03,2034672,2025-11-03,周日039,葡萄牙超级联赛,阿罗卡,摩雷伦斯,2.42,2.95,2.65,0,2,2,负,official_result_market_odds,2026-08-11T21:44:29
2025-11-03,2034673,2025-11-03,周日040,挪威超级联赛,特罗姆瑟,萨尔普斯堡,1.29,5.2,6.2,4,0,0,胜,official_result_market_odds,2026-08-11T21:44:29
2025-11-03,2034674,2025-11-03,周日041,意大利甲级联赛,AC米兰,罗马,1.98,2.95,3.5,1,0,0,胜,official_result_market_odds,2026-08-11T21:44:29
2025-11-03,2034675,2025-11-03,周日042,法国甲级联赛,布雷斯特,里昂,2.88,3.4,2.05,0,0,1,平,official_result_market_odds,2026-08-11T21:44:29
2025-11-03,2034676,2025-11-03,周日043,西班牙甲级联赛,皇家贝蒂斯,马洛卡,1.36,4.25,6.3,3,0,0,胜,official_result_market_odds,2026-08-11T21:44:29
2025-11-03,2034677,2025-11-03,周日044,葡萄牙超级联赛,波尔图,布拉加,1.38,4.1,6.2,2,1,0,胜,official_result_market_odds,2026-08-11T21:44:29
2025-11-03,2034678,2025-11-03,周日045,美国职业大联盟,哥伦布机员,辛辛那提FC,1.73,3.7,3.56,4,0,0,胜,official_result_market_odds,2026-08-11T21:44:29
2025-11-03,2034679,2025-11-03,周日046,美国职业大联盟,奥斯汀FC,洛杉矶FC,3.7,3.56,1.73,1,4,2,负,official_result_market_odds,2026-08-11T21:44:29
2025-11-03,2034680,2025-11-03,周一001,亚洲冠军精英联赛,纳萨夫,阿布扎比联,3.88,3.72,1.66,1,2,2,负,official_result_market_odds,2026-08-11T21:44:29
2025-11-04,2034681,2025-11-04,周一002,亚洲冠军精英联赛,多哈杜海勒,迪拜国民青年,2.83,3.5,2.04,4,1,0,胜,official_result_market_odds,2026-08-11T21:44:29
2025-11-04,2034682,2025-11-04,周一003,芬兰超级联赛,坦佩雷山猫,塞伊奈约基,1.44,4.55,4.65,3,3,1,平,official_result_market_odds,2026-08-11T21:44:29
2025-11-04,2034683,2025-11-04,周一004,芬兰超级联赛,赫尔辛基火花,赫尔辛基,3.75,4.35,1.58,2,2,1,平,official_result_market_odds,2026-08-11T21:44:29
2025-11-04,2034684,2025-11-04,周一005,意大利甲级联赛,萨索洛,热那亚,2.22,2.82,3.08,1,2,2,负,official_result_market_odds,2026-08-11T21:44:29
2025-11-04,2034685,2025-11-04,周一006,瑞典超级联赛,代格福什,哈马比,3.4,3.75,1.76,1,1,1,平,official_result_market_odds,2026-08-11T21:44:29
2025-11-04,2034686,2025-11-04,周一007,亚洲冠军精英联赛,赖扬加拉法,利雅得新月,8.05,5.6,1.21,1,2,2,负,official_result_market_odds,2026-08-11T21:44:29
2025-11-04,2034687,2025-11-04,周一008,荷兰乙级联赛,多德勒支,阿尔梅勒城,2.3,3.6,2.4,0,1,2,负,official_result_market_odds,2026-08-11T21:44:29
2025-11-04,2034688,2025-11-04,周一009,意大利甲级联赛,拉齐奥,卡利亚里,1.44,3.75,5.95,2,0,0,胜,official_result_market_odds,2026-08-11T21:44:29
2025-11-04,2034689,2025-11-04,周一010,法国乙级联赛,波城FC,特鲁瓦,3.11,3.25,2.0,1,1,1,平,official_result_market_odds,2026-08-11T21:44:29
2025-11-04,2034690,2025-11-04,周一011,英格兰超级联赛,桑德兰,埃弗顿,2.62,3.0,2.42,1,1,1,平,official_result_market_odds,2026-08-11T21:44:29
2025-11-04,2034691,2025-11-04,周一012,西班牙甲级联赛,皇家奥维耶多,奥萨苏纳,3.18,2.93,2.11,0,0,1,平,official_result_market_odds,2026-08-11T21:44:29
2025-11-04,2034692,2025-11-04,周一013,葡萄牙超级联赛,吉维森特,圣克拉拉,1.81,3.0,4.1,1,0,0,胜,official_result_market_odds,2026-08-11T21:44:29
2025-11-04,2034735,2025-11-04,周二001,亚洲冠军精英联赛,广岛三箭,江原FC,1.37,4.0,6.7,1,0,0,胜,official_result_market_odds,2026-08-11T21:44:29
2025-11-04,2034736,2025-11-04,周二002,亚洲冠军精英联赛,町田泽维亚,墨尔本城,1.23,4.8,9.25,1,2,2,负,official_result_market_odds,2026-08-11T21:44:29
2025-11-04,2034737,2025-11-04,周二003,亚洲冠军精英联赛,首尔FC,成都蓉城,1.62,3.8,4.05,0,0,1,平,official_result_market_odds,2026-08-11T21:44:29
2025-11-04,2034738,2025-11-04,周二004,亚洲冠军精英联赛,布里兰,上海海港,1.29,5.2,6.2,2,0,0,胜,official_result_market_odds,2026-08-11T21:44:29
2025-11-05,2034739,2025-11-05,周二005,亚洲冠军精英联赛,多哈萨德,吉达国民,4.5,4.15,1.5,1,2,2,负,official_result_market_odds,2026-08-11T21:44:29
2025-11-05,2034740,2025-11-05,周二006,欧洲冠军联赛,布拉格斯拉维亚,阿森纳,12.0,6.55,1.12,0,3,2,负,official_result_market_odds,2026-08-11T21:44:29
2025-11-05,2034741,2025-11-05,周二007,欧洲冠军联赛,那不勒斯,法兰克福,1.52,4.1,4.4,0,0,1,平,official_result_market_odds,2026-08-11T21:44:29
2025-11-05,2034742,2025-11-05,周二008,亚洲冠军精英联赛,吉达联合,沙迦,1.3,4.75,6.7,3,0,0,胜,official_result_market_odds,2026-08-11T21:44:29
2025-11-05,2034743,2025-11-05,周二009,英格兰冠军联赛,布里斯托尔城,布莱克本,1.87,3.12,3.65,0,1,2,负,official_result_market_odds,2026-08-11T21:44:29
2025-11-05,2034744,2025-11-05,周二010,英格兰冠军联赛,查尔顿,西布罗姆维奇,2.49,2.7,2.8,1,0,0,胜,official_result_market_odds,2026-08-11T21:44:29
2025-11-05,2034745,2025-11-05,周二011,英格兰冠军联赛,伊普斯维奇,沃特福德,1.53,3.7,4.86,1,1,1,平,official_result_market_odds,2026-08-11T21:44:29
2025-11-05,2034746,2025-11-05,周二012,英格兰冠军联赛,牛津联,斯托克城,3.25,3.2,1.97,0,3,2,负,official_result_market_odds,2026-08-11T21:44:29
2025-11-05,2034747,2025-11-05,周二013,英格兰冠军联赛,德比郡,赫尔城,2.0,3.05,3.32,2,1,0,胜,official_result_market_odds,2026-08-11T21:44:29
2025-11-05,2034748,2025-11-05,周二014,英格兰冠军联赛,莱切斯特城,米德尔斯堡,1.97,3.15,3.3,1,1,1,平,official_result_market_odds,2026-08-11T21:44:29
2025-11-05,2034749,2025-11-05,周二015,英格兰冠军联赛,伯明翰,米尔沃尔,1.7,3.3,4.2,4,0,0,胜,official_result_market_odds,2026-08-11T21:44:29
2025-11-05,2034750,2025-11-05,周二016,欧洲冠军联赛,巴黎圣日尔曼,拜仁慕尼黑,2.38,3.6,2.32,1,2,2,负,official_result_market_odds,2026-08-11T21:44:29
2025-11-05,2034751,2025-11-05,周二017,欧洲冠军联赛,尤文图斯,里斯本竞技,1.84,3.43,3.4,1,1,1,平,official_result_market_odds,2026-08-11T21:44:29
2025-11-05,2034752,2025-11-05,周二018,欧洲冠军联赛,博德闪耀,摩纳哥,1.9,3.9,2.88,0,1,2,负,official_result_market_odds,2026-08-11T21:44:29
2025-11-05,2034753,2025-11-05,周二019,欧洲冠军联赛,利物浦,皇家马德里,2.25,3.85,2.35,1,0,0,胜,official_result_market_odds,2026-08-11T21:44:29
2025-11-05,2034754,2025-11-05,周二020,欧洲冠军联赛,托特纳姆热刺,哥本哈根,1.26,4.8,7.85,4,0,0,胜,official_result_market_odds,2026-08-11T21:44:29
2025-11-05,2034755,2025-11-05,周二021,欧洲冠军联赛,奥林匹亚科斯,PSV埃因霍温,2.6,3.5,2.18,1,1,1,平,official_result_market_odds,2026-08-11T21:44:29
2025-11-05,2034756,2025-11-05,周二022,欧洲冠军联赛,马德里竞技,圣吉尔联合,1.14,6.5,10.2,3,1,0,胜,official_result_market_odds,2026-08-11T21:44:29
2025-11-05,2034757,2025-11-05,周二023,英格兰冠军联赛,考文垂,谢菲尔德联,1.41,4.1,5.7,3,1,0,胜,official_result_market_odds,2026-08-11T21:44:29
2025-11-05,2034758,2025-11-05,周三001,亚洲冠军精英联赛,神户胜利船,蔚山现代,1.17,5.5,11.0,1,0,0,胜,official_result_market_odds,2026-08-11T21:44:29
2025-11-05,2034759,2025-11-05,周三002,亚洲冠军精英联赛,柔佛,上海申花,1.54,4.15,4.18,3,1,0,胜,official_result_market_odds,2026-08-11T21:44:29
2025-11-05,2034760,2025-11-05,周三003,亚洲冠军乙级联赛,香港东方,叻武里,6.25,4.6,1.33,0,7,2,负,official_result_market_odds,2026-08-11T21:44:29
2025-11-05,2034761,2025-11-05,周三004,亚洲冠军乙级联赛,迪拜连接,穆哈拉格,1.3,4.6,7.0,2,2,1,平,official_result_market_odds,2026-08-11T21:44:29
2025-11-05,2034762,2025-11-05,周三005,亚洲冠军乙级联赛,阿尔卡达格,多哈国民,3.55,3.22,1.86,1,1,1,平,official_result_market_odds,2026-08-11T21:44:29
2025-11-06,2034763,2025-11-06,周三006,亚洲冠军乙级联赛,哈马德永恒,安集延,1.4,3.85,6.45,0,0,1,平,official_result_market_odds,2026-08-11T21:44:29
2025-11-06,2034764,2025-11-06,周三007,亚洲冠军乙级联赛,巴格达扎乌拉,杜尚别独立,1.43,3.85,5.9,2,1,0,胜,official_result_market_odds,2026-08-11T21:44:29
2025-11-06,2034765,2025-11-06,周三008,欧洲冠军联赛,卡拉巴赫,切尔西,8.5,5.6,1.2,2,2,1,平,official_result_market_odds,2026-08-11T21:44:29
2025-11-06,2034766,2025-11-06,周三009,欧洲冠军联赛,帕福斯,比利亚雷亚尔,9.15,5.35,1.2,1,0,0,胜,official_result_market_odds,2026-08-11T21:44:29
2025-11-06,2034768,2025-11-06,周三011,英格兰冠军联赛,女王公园巡游者,南安普敦,2.65,3.1,2.33,1,2,2,负,official_result_market_odds,2026-08-11T21:44:29
2025-11-06,2034769,2025-11-06,周三012,英格兰冠军联赛,普雷斯顿,斯旺西,2.09,2.92,3.25,2,1,0,胜,official_result_market_odds,2026-08-11T21:44:29
2025-11-06,2034770,2025-11-06,周三013,欧洲冠军联赛,纽卡斯尔联,毕尔巴鄂竞技,1.23,4.9,9.0,2,0,0,胜,official_result_market_odds,2026-08-11T21:44:29
2025-11-06,2034771,2025-11-06,周三014,欧洲冠军联赛,本菲卡,勒沃库森,1.75,3.57,3.6,0,1,2,负,official_result_market_odds,2026-08-11T21:44:29
2025-11-06,2034772,2025-11-06,周三015,欧洲冠军联赛,阿贾克斯,加拉塔萨雷,2.95,3.6,1.95,0,3,2,负,official_result_market_odds,2026-08-11T21:44:29
2025-11-06,2034773,2025-11-06,周三016,欧洲冠军联赛,马赛,亚特兰大,2.28,3.12,2.7,0,1,2,负,official_result_market_odds,2026-08-11T21:44:29
2025-11-06,2034774,2025-11-06,周三017,欧洲冠军联赛,布鲁日,巴塞罗那,5.25,5.05,1.35,3,3,1,平,official_result_market_odds,2026-08-11T21:44:29
2025-11-06,2034776,2025-11-06,周三019,欧洲冠军联赛,曼彻斯特城,多特蒙德,1.29,4.85,6.75,4,1,0,胜,official_result_market_odds,2026-08-11T21:44:29
2025-11-06,2034777,2025-11-06,周三020,英格兰冠军联赛,朴次茅斯,雷克斯汉姆,2.47,2.82,2.7,0,0,1,平,official_result_market_odds,2026-08-11T21:44:29
2025-11-06,2034778,2025-11-06,周四001,亚洲冠军乙级联赛,狮城水手,曼谷联,1.93,3.55,3.03,1,2,2,负,official_result_market_odds,2026-08-11T21:44:29
2025-11-06,2034780,2025-11-06,周四003,亚洲冠军乙级联赛,雪兰莪,万隆,3.75,3.65,1.7,2,3,2,负,official_result_market_odds,2026-08-11T21:44:29
2025-11-06,2034782,2025-11-06,周四005,亚洲冠军乙级联赛,北京国安,香港大埔,1.17,6.1,9.0,3,0,0,胜,official_result_market_odds,2026-08-11T21:44:29
2025-11-07,2034783,2025-11-07,周四006,沙特职业联赛,利雅得,达马克,1.91,3.3,3.3,1,1,1,平,official_result_market_odds,2026-08-11T21:44:29
2025-11-07,2034784,2025-11-07,周四007,沙特职业联赛,胡巴尔卡德西亚,拉斯永恒,1.3,4.6,7.0,4,0,0,胜,official_result_market_odds,2026-08-11T21:44:29
2025-11-07,2034785,2025-11-07,周四008,欧罗巴联赛,尼斯,弗赖堡,2.47,3.25,2.4,1,3,2,负,official_result_market_odds,2026-08-11T21:44:29
2025-11-07,2034786,2025-11-07,周四009,欧罗巴联赛,格拉茨风暴,诺丁汉森林,5.45,3.98,1.44,0,0,1,平,official_result_market_odds,2026-08-11T21:44:29
2025-11-07,2034787,2025-11-07,周四010,欧罗巴联赛,马尔默,帕纳辛纳科斯,2.62,3.04,2.39,0,1,2,负,official_result_market_odds,2026-08-11T21:44:29
2025-11-07,2034788,2025-11-07,周四011,欧罗巴联赛,萨尔茨堡,前进之鹰,1.48,4.1,4.8,2,0,0,胜,official_result_market_odds,2026-08-11T21:44:29
2025-11-07,2034789,2025-11-07,周四012,欧罗巴联赛,乌德勒支,波尔图,5.55,4.16,1.41,1,1,1,平,official_result_market_odds,2026-08-11T21:44:29
2025-11-07,2034790,2025-11-07,周四013,欧罗巴联赛,贝尔格莱德红星,里尔,2.97,3.44,1.99,1,0,0,胜,official_result_market_odds,2026-08-11T21:44:29
2025-11-07,2034791,2025-11-07,周四014,欧洲协会联赛,美因茨,佛罗伦萨,2.04,2.97,3.3,2,1,0,胜,official_result_market_odds,2026-08-11T21:44:29
2025-11-07,2034792,2025-11-07,周四015,欧罗巴联赛,博洛尼亚,布兰,1.21,5.0,9.7,0,0,1,平,official_result_market_odds,2026-08-11T21:44:29
2025-11-07,2034793,2025-11-07,周四016,欧罗巴联赛,皇家贝蒂斯,里昂,1.52,3.75,4.9,2,0,0,胜,official_result_market_odds,2026-08-11T21:44:29
2025-11-07,2034794,2025-11-07,周四017,欧罗巴联赛,布拉加,亨克,1.45,4.1,5.1,3,4,2,负,official_result_market_odds,2026-08-11T21:44:29
2025-11-07,2034795,2025-11-07,周四018,欧罗巴联赛,斯图加特,费耶诺德,1.57,3.92,4.22,2,0,0,胜,official_result_market_odds,2026-08-11T21:44:29
2025-11-07,2034796,2025-11-07,周四019,欧罗巴联赛,格拉斯哥流浪者,罗马,5.26,4.0,1.45,0,2,2,负,official_result_market_odds,2026-08-11T21:44:29
2025-11-07,2034797,2025-11-07,周四021,欧洲协会联赛,水晶宫,阿尔克马尔,1.3,4.7,6.8,3,1,0,胜,official_result_market_odds,2026-08-11T21:44:29
2025-11-07,2034798,2025-11-07,周四022,欧洲协会联赛,巴列卡诺,波兹南莱赫,1.39,4.1,6.05,3,2,0,胜,official_result_market_odds,2026-08-11T21:44:29
2025-11-07,2034799,2025-11-07,周四020,欧洲协会联赛,赫根,斯特拉斯堡,3.75,3.75,1.68,1,2,2,负,official_result_market_odds,2026-08-11T21:44:29
2025-11-07,2034823,2025-11-07,周五001,澳大利亚超级联赛,阿德莱德联,西悉尼漫步者,2.02,3.67,2.76,2,0,0,胜,official_result_market_odds,2026-08-11T21:44:29
2025-11-07,2034824,2025-11-07,周五002,澳大利亚超级联赛,珀斯光荣,中央海岸水手,1.95,3.5,3.02,0,1,2,负,official_result_market_odds,2026-08-11T21:44:29
2025-11-07,2034825,2025-11-07,周五003,沙特职业联赛,迈季迈阿宽广,奈季兰沟渠,1.58,3.35,5.05,2,0,0,胜,official_result_market_odds,2026-08-11T21:44:29
2025-11-07,2034826,2025-11-07,周五004,沙特职业联赛,穆拜赖兹征服,布赖代合作,2.4,3.55,2.32,2,5,2,负,official_result_market_odds,2026-08-11T21:44:29
2025-11-08,2034828,2025-11-08,周五006,德国乙级联赛,德累斯顿,纽伦堡,2.47,3.45,2.3,1,2,2,负,official_result_market_odds,2026-08-11T21:44:29
2025-11-08,2034829,2025-11-08,周五007,德国乙级联赛,菲尔特,明斯特普鲁士,2.28,3.45,2.5,1,0,0,胜,official_result_market_odds,2026-08-11T21:44:29
2025-11-08,2034830,2025-11-08,周五008,法国乙级联赛,蒙彼利埃,阿纳西,1.51,3.6,5.3,1,0,0,胜,official_result_market_odds,2026-08-11T21:44:29
2025-11-08,2034831,2025-11-08,周五009,法国乙级联赛,巴斯蒂亚,兰斯,3.34,3.08,1.98,1,3,2,负,official_result_market_odds,2026-08-11T21:44:29
2025-11-08,2034832,2025-11-08,周五010,法国乙级联赛,格勒诺布尔,罗德兹,2.14,3.15,2.9,2,1,0,胜,official_result_market_odds,2026-08-11T21:44:29
2025-11-08,2034833,2025-11-08,周五011,法国乙级联赛,克莱蒙,亚眠,1.83,3.1,3.85,2,1,0,胜,official_result_market_odds,2026-08-11T21:44:29
2025-11-08,2034834,2025-11-08,周五012,法国乙级联赛,南锡,拉瓦勒,1.81,3.08,3.96,0,2,2,负,official_result_market_odds,2026-08-11T21:44:29
2025-11-08,2034835,2025-11-08,周五013,法国乙级联赛,敦刻尔克,布洛涅,1.43,3.8,6.0,1,1,1,平,official_result_market_odds,2026-08-11T21:44:29
2025-11-08,2034836,2025-11-08,周五014,荷兰甲级联赛,特温特,特尔斯达,1.2,5.35,9.2,0,0,1,平,official_result_market_odds,2026-08-11T21:44:29
2025-11-08,2034837,2025-11-08,周五015,荷兰乙级联赛,埃因霍温FC,登博思,2.63,3.45,2.18,1,3,2,负,official_result_market_odds,2026-08-11T21:44:29
2025-11-08,2034838,2025-11-08,周五016,荷兰乙级联赛,阿尔梅勒城,马斯特里赫特,1.32,4.9,6.0,4,0,0,胜,official_result_market_odds,2026-08-11T21:44:29
2025-11-08,2034839,2025-11-08,周五017,荷兰乙级联赛,威廉二世,奥斯,1.44,4.3,4.95,1,1,1,平,official_result_market_odds,2026-08-11T21:44:29
2025-11-08,2034840,2025-11-08,周五018,荷兰乙级联赛,海牙,罗达JC,1.22,5.2,8.5,4,0,0,胜,official_result_market_odds,2026-08-11T21:44:29
2025-11-08,2034841,2025-11-08,周五019,德国甲级联赛,云达不来梅,沃尔夫斯堡,1.97,3.5,2.98,2,1,0,胜,official_result_market_odds,2026-08-11T21:44:29
2025-11-08,2034842,2025-11-08,周五020,意大利甲级联赛,比萨,克雷莫纳,2.1,2.8,3.38,1,0,0,胜,official_result_market_odds,2026-08-11T21:44:29
2025-11-08,2034843,2025-11-08,周五021,法国甲级联赛,巴黎FC,雷恩,2.11,3.22,2.9,0,1,2,负,official_result_market_odds,2026-08-11T21:44:29
2025-11-08,2034844,2025-11-08,周五022,英格兰冠军联赛,沃特福德,布里斯托尔城,1.93,3.15,3.4,1,1,1,平,official_result_market_odds,2026-08-11T21:44:29
2025-11-08,2034845,2025-11-08,周五023,西班牙甲级联赛,埃尔切,皇家社会,2.55,3.0,2.48,1,1,1,平,official_result_market_odds,2026-08-11T21:44:29
2025-11-08,2034846,2025-11-08,周五024,葡萄牙超级联赛,埃斯托里尔,阿罗卡,1.79,3.35,3.68,4,3,0,胜,official_result_market_odds,2026-08-11T21:44:29
2025-11-08,2034847,2025-11-08,周五025,美国职业大联盟,夏洛特FC,纽约城,2.28,3.08,2.73,1,3,2,负,official_result_market_odds,2026-08-11T21:44:29
2025-11-08,2034864,2025-11-08,周六001,日本职业联赛,鹿岛鹿角,横滨FC,1.42,3.87,6.0,2,1,0,胜,official_result_market_odds,2026-08-11T21:44:29
2025-11-08,2034865,2025-11-08,周六002,日本职业联赛,东京绿茵,福冈黄蜂,2.63,2.55,2.8,0,0,1,平,official_result_market_odds,2026-08-11T21:44:29
2025-11-08,2034866,2025-11-08,周六003,韩国职业联赛,济州SK,安养FC,2.42,3.25,2.45,1,2,2,负,official_result_market_odds,2026-08-11T21:44:29
2025-11-08,2034867,2025-11-08,周六004,日本乙级联赛,爱媛FC,长崎航海,7.6,5.25,1.24,0,4,2,负,official_result_market_odds,2026-08-11T21:44:29
2025-11-08,2034868,2025-11-08,周六005,澳大利亚超级联赛,惠灵顿凤凰,奥克兰FC,4.42,3.5,1.62,1,2,2,负,official_result_market_odds,2026-08-11T21:44:29
2025-11-08,2034869,2025-11-08,周六006,日本职业联赛,川崎前锋,冈山绿雉,1.49,4.05,4.75,1,1,1,平,official_result_market_odds,2026-08-11T21:44:29
2025-11-08,2034870,2025-11-08,周六007,日本职业联赛,柏太阳神,名古屋鲸八,1.41,4.06,5.75,1,0,0,胜,official_result_market_odds,2026-08-11T21:44:29
2025-11-08,2034871,2025-11-08,周六008,韩国职业联赛,金泉尚武,江原FC,2.66,3.35,2.2,0,1,2,负,official_result_market_odds,2026-08-11T21:44:29
2025-11-08,2034872,2025-11-08,周六009,澳大利亚超级联赛,墨尔本胜利,墨尔本城,2.7,3.18,2.25,0,2,2,负,official_result_market_odds,2026-08-11T21:44:29
2025-11-08,2034873,2025-11-08,周六010,德国乙级联赛,汉诺威96,达姆施塔特,1.88,3.45,3.25,2,3,2,负,official_result_market_odds,2026-08-11T21:44:29
2025-11-08,2034874,2025-11-08,周六011,德国乙级联赛,沙尔克04,埃尔沃斯堡,2.27,3.2,2.66,1,0,0,胜,official_result_market_odds,2026-08-11T21:44:29
2025-11-08,2034875,2025-11-08,周六012,德国乙级联赛,比勒费尔德,卡尔斯鲁厄,2.01,3.62,2.81,4,0,0,胜,official_result_market_odds,2026-08-11T21:44:29
2025-11-08,2034876,2025-11-08,周六013,英格兰超级联赛,托特纳姆热刺,曼彻斯特联,2.72,3.35,2.16,2,2,1,平,official_result_market_odds,2026-08-11T21:44:29
2025-11-08,2034877,2025-11-08,周六014,英格兰冠军联赛,布莱克本,德比郡,1.94,3.05,3.5,1,2,2,负,official_result_market_odds,2026-08-11T21:44:29
2025-11-08,2034878,2025-11-08,周六015,英格兰冠军联赛,赫尔城,朴次茅斯,1.76,3.4,3.75,3,2,0,胜,official_result_market_odds,2026-08-11T21:44:29
2025-11-08,2034879,2025-11-08,周六016,英格兰冠军联赛,米尔沃尔,普雷斯顿,2.04,2.83,3.5,1,1,1,平,official_result_market_odds,2026-08-11T21:44:29
2025-11-08,2034880,2025-11-08,周六017,西班牙甲级联赛,赫罗纳,阿拉维斯,1.94,3.05,3.5,1,0,0,胜,official_result_market_odds,2026-08-11T21:44:29
2025-11-08,2034881,2025-11-08,周六018,法国乙级联赛,勒芒,圣旺红星,2.23,3.0,2.88,0,0,1,平,official_result_market_odds,2026-08-11T21:44:29
2025-11-08,2034882,2025-11-08,周六019,法国乙级联赛,甘冈,波城FC,1.85,3.48,3.32,2,2,1,平,official_result_market_odds,2026-08-11T21:44:29
2025-11-08,2034883,2025-11-08,周六020,挪威超级联赛,萨尔普斯堡,腓特烈斯塔,2.08,3.45,2.79,0,2,2,负,official_result_market_odds,2026-08-11T21:44:29
2025-11-08,2034884,2025-11-08,周六021,沙特职业联赛,新未来SC,利雅得胜利,7.1,5.7,1.23,1,3,2,负,official_result_market_odds,2026-08-11T21:44:29
2025-11-08,2034885,2025-11-08,周六022,意大利甲级联赛,科莫,卡利亚里,1.39,3.9,6.5,0,0,1,平,official_result_market_odds,2026-08-11T21:44:29
2025-11-08,2034886,2025-11-08,周六023,意大利甲级联赛,莱切,维罗纳,2.65,2.58,2.75,0,0,1,平,official_result_market_odds,2026-08-11T21:44:29
2025-11-08,2034887,2025-11-08,周六024,德国甲级联赛,柏林联合,拜仁慕尼黑,11.0,6.85,1.12,2,2,1,平,official_result_market_odds,2026-08-11T21:44:29
2025-11-08,2034888,2025-11-08,周六025,德国甲级联赛,霍芬海姆,莱比锡红牛,2.64,3.8,2.05,3,1,0,胜,official_result_market_odds,2026-08-11T21:44:29
2025-11-08,2034889,2025-11-08,周六026,德国甲级联赛,勒沃库森,海登海姆,1.27,4.85,7.35,6,0,0,胜,official_result_market_odds,2026-08-11T21:44:29
2025-11-08,2034890,2025-11-08,周六027,德国甲级联赛,汉堡,多特蒙德,3.65,3.85,1.68,1,1,1,平,official_result_market_odds,2026-08-11T21:44:29
2025-11-08,2034891,2025-11-08,周六028,沙特职业联赛,利雅得青年,达曼协定,1.82,3.45,3.45,1,1,1,平,official_result_market_odds,2026-08-11T21:44:29
2025-11-08,2034892,2025-11-08,周六029,英格兰超级联赛,西汉姆联,伯恩利,1.63,3.53,4.3,3,2,0,胜,official_result_market_odds,2026-08-11T21:44:29
2025-11-08,2034893,2025-11-08,周六030,英格兰超级联赛,埃弗顿,富勒姆,2.11,3.0,3.1,2,0,0,胜,official_result_market_odds,2026-08-11T21:44:29
2025-11-08,2034894,2025-11-08,周六031,英格兰冠军联赛,米德尔斯堡,伯明翰,2.27,3.0,2.82,2,1,0,胜,official_result_market_odds,2026-08-11T21:44:29
2025-11-08,2034895,2025-11-08,周六032,英格兰冠军联赛,谢菲尔德联,女王公园巡游者,1.88,3.25,3.45,0,0,1,平,official_result_market_odds,2026-08-11T21:44:29
2025-11-08,2034896,2025-11-08,周六033,英格兰冠军联赛,诺维奇,莱切斯特城,2.97,3.25,2.06,1,2,2,负,official_result_market_odds,2026-08-11T21:44:29
2025-11-08,2034897,2025-11-08,周六034,西班牙甲级联赛,塞维利亚,奥萨苏纳,2.03,2.8,3.58,1,0,0,胜,official_result_market_odds,2026-08-11T21:44:29
2025-11-08,2034898,2025-11-08,周六035,荷兰甲级联赛,SBV精英,赫拉克勒斯,1.71,3.56,3.8,1,2,2,负,official_result_market_odds,2026-08-11T21:44:29
2025-11-09,2034899,2025-11-09,周六036,法国甲级联赛,马赛,布雷斯特,1.3,4.62,6.95,3,0,0,胜,official_result_market_odds,2026-08-11T21:44:29
2025-11-09,2034900,2025-11-09,周六037,意大利甲级联赛,尤文图斯,都灵,1.33,4.15,7.3,0,0,1,平,official_result_market_odds,2026-08-11T21:44:29
2025-11-09,2034901,2025-11-09,周六038,挪威超级联赛,维京,汉坎,1.17,6.0,9.25,3,0,0,胜,official_result_market_odds,2026-08-11T21:44:29
2025-11-09,2034902,2025-11-09,周六039,沙特职业联赛,吉达联合,吉达国民,2.7,3.65,2.06,0,1,2,负,official_result_market_odds,2026-08-11T21:44:29
2025-11-09,2034903,2025-11-09,周六040,英格兰超级联赛,桑德兰,阿森纳,8.25,4.3,1.29,2,2,1,平,official_result_market_odds,2026-08-11T21:44:29
2025-11-09,2034904,2025-11-09,周六041,德国甲级联赛,门兴格拉德巴赫,科隆,1.99,3.5,2.93,3,1,0,胜,official_result_market_odds,2026-08-11T21:44:29
2025-11-09,2034905,2025-11-09,周六042,西班牙甲级联赛,马德里竞技,莱万特,1.1,6.95,13.0,3,1,0,胜,official_result_market_odds,2026-08-11T21:44:29
2025-11-09,2034906,2025-11-09,周六043,法国甲级联赛,勒阿弗尔,南特,1.72,3.22,4.22,1,1,1,平,official_result_market_odds,2026-08-11T21:44:29
2025-11-09,2034907,2025-11-09,周六044,意大利甲级联赛,帕尔马,AC米兰,6.2,3.95,1.4,2,2,1,平,official_result_market_odds,2026-08-11T21:44:29
2025-11-09,2034908,2025-11-09,周六045,英格兰超级联赛,切尔西,狼队,1.25,4.9,8.0,3,0,0,胜,official_result_market_odds,2026-08-11T21:44:29
2025-11-09,2034909,2025-11-09,周六046,西班牙甲级联赛,西班牙人,比利亚雷亚尔,2.87,3.28,2.1,0,2,2,负,official_result_market_odds,2026-08-11T21:44:29
2025-11-09,2034910,2025-11-09,周六047,法国甲级联赛,摩纳哥,朗斯,1.85,3.65,3.18,1,4,2,负,official_result_market_odds,2026-08-11T21:44:29
2025-11-09,2034911,2025-11-09,周六048,葡萄牙超级联赛,圣克拉拉,里斯本竞技,8.25,4.65,1.26,1,2,2,负,official_result_market_odds,2026-08-11T21:44:29
2025-11-09,2034912,2025-11-09,周六049,美国职业大联盟,迈阿密国际,纳什维尔,1.42,4.56,4.85,4,0,0,胜,official_result_market_odds,2026-08-11T21:44:29
2025-11-09,2034913,2025-11-09,周日001,澳大利亚超级联赛,悉尼FC,麦克阿瑟FC,1.54,4.15,4.18,2,0,0,胜,official_result_market_odds,2026-08-11T21:44:29
2025-11-09,2034914,2025-11-09,周日002,日本职业联赛,广岛三箭,浦和红钻,1.53,3.65,4.95,3,0,0,胜,official_result_market_odds,2026-08-11T21:44:29
2025-11-09,2034915,2025-11-09,周日003,日本职业联赛,町田泽维亚,东京FC,1.75,3.28,3.95,0,1,2,负,official_result_market_odds,2026-08-11T21:44:29
2025-11-09,2034916,2025-11-09,周日004,日本职业联赛,京都不死鸟,横滨水手,1.91,3.42,3.2,0,3,2,负,official_result_market_odds,2026-08-11T21:44:29
2025-11-09,2034917,2025-11-09,周日005,日本乙级联赛,山口雷诺法,磐田喜悦,2.14,3.23,2.84,1,2,2,负,official_result_market_odds,2026-08-11T21:44:29
2025-11-09,2034918,2025-11-09,周日006,韩国职业联赛,浦项制铁,首尔FC,2.35,3.16,2.58,0,0,1,平,official_result_market_odds,2026-08-11T21:44:29
2025-11-09,2034919,2025-11-09,周日007,澳大利亚超级联赛,布里斯班狮吼,纽卡斯尔喷气机,2.1,3.68,2.62,3,0,0,胜,official_result_market_odds,2026-08-11T21:44:29
2025-11-09,2034920,2025-11-09,周日008,日本职业联赛,大阪钢巴,神户胜利船,3.32,3.45,1.86,1,1,1,平,official_result_market_odds,2026-08-11T21:44:29
2025-11-09,2034921,2025-11-09,周日009,韩国职业联赛,蔚山现代,水原FC,1.85,3.55,3.26,1,0,0,胜,official_result_market_odds,2026-08-11T21:44:29
2025-11-09,2034922,2025-11-09,周日010,荷兰甲级联赛,乌德勒支,阿贾克斯,2.63,3.6,2.12,2,1,0,胜,official_result_market_odds,2026-08-11T21:44:29
2025-11-09,2034923,2025-11-09,周日011,意大利甲级联赛,亚特兰大,萨索洛,1.32,4.4,6.9,0,3,2,负,official_result_market_odds,2026-08-11T21:44:29
2025-11-09,2034924,2025-11-09,周日012,德国乙级联赛,不伦瑞克,波鸿,2.99,3.45,1.98,0,2,2,负,official_result_market_odds,2026-08-11T21:44:29
2025-11-09,2034925,2025-11-09,周日013,德国乙级联赛,基尔,杜塞尔多夫,1.65,3.7,3.95,1,0,0,胜,official_result_market_odds,2026-08-11T21:44:29
2025-11-09,2034926,2025-11-09,周日014,西班牙甲级联赛,毕尔巴鄂竞技,皇家奥维耶多,1.47,3.45,6.3,1,0,0,胜,official_result_market_odds,2026-08-11T21:44:29
2025-11-09,2034927,2025-11-09,周日015,芬兰超级联赛,塞伊奈约基,赫尔辛基火花,1.33,5.15,5.45,3,0,0,胜,official_result_market_odds,2026-08-11T21:44:29
2025-11-09,2034928,2025-11-09,周日016,芬兰超级联赛,国际图尔库,坦佩雷山猫,1.87,3.68,3.1,2,0,0,胜,official_result_market_odds,2026-08-11T21:44:29
2025-11-09,2034929,2025-11-09,周日017,荷兰甲级联赛,奈梅亨,格罗宁根,1.9,3.5,3.15,2,0,0,胜,official_result_market_odds,2026-08-11T21:44:29
2025-11-09,2034930,2025-11-09,周日018,挪威超级联赛,罗森博格,瓦勒伦加,1.92,3.75,2.93,1,0,0,胜,official_result_market_odds,2026-08-11T21:44:29
2025-11-09,2034931,2025-11-09,周日019,英格兰超级联赛,水晶宫,布赖顿,2.05,3.3,2.95,0,0,1,平,official_result_market_odds,2026-08-11T21:44:29
2025-11-09,2034932,2025-11-09,周日020,英格兰超级联赛,诺丁汉森林,利兹联,1.95,3.15,3.35,3,1,0,胜,official_result_market_odds,2026-08-11T21:44:29
2025-11-09,2034933,2025-11-09,周日021,英格兰超级联赛,布伦特福德,纽卡斯尔联,2.71,3.25,2.21,3,1,0,胜,official_result_market_odds,2026-08-11T21:44:29
2025-11-09,2034934,2025-11-09,周日022,英格兰超级联赛,阿斯顿维拉,伯恩茅斯,2.05,3.25,3.0,4,0,0,胜,official_result_market_odds,2026-08-11T21:44:29
2025-11-09,2034935,2025-11-09,周日023,意大利甲级联赛,博洛尼亚,那不勒斯,2.7,2.82,2.47,2,0,0,胜,official_result_market_odds,2026-08-11T21:44:29
2025-11-09,2034936,2025-11-09,周日024,意大利甲级联赛,热那亚,佛罗伦萨,2.62,2.7,2.65,2,2,1,平,official_result_market_odds,2026-08-11T21:44:29
2025-11-09,2034937,2025-11-09,周日025,法国甲级联赛,洛里昂,图卢兹,2.88,3.0,2.23,1,1,1,平,official_result_market_odds,2026-08-11T21:44:29
2025-11-09,2034938,2025-11-09,周日026,瑞典超级联赛,AIK索尔纳,哈尔姆斯塔德,1.24,4.75,8.9,0,2,2,负,official_result_market_odds,2026-08-11T21:44:29
2025-11-09,2034939,2025-11-09,周日027,瑞典超级联赛,IFK哥德堡,北雪平,1.6,3.95,4.0,2,0,0,胜,official_result_market_odds,2026-08-11T21:44:29
2025-11-09,2034940,2025-11-09,周日028,德国甲级联赛,弗赖堡,圣保利,1.56,3.55,4.85,2,1,0,胜,official_result_market_odds,2026-08-11T21:44:29
2025-11-09,2034941,2025-11-09,周日029,西班牙甲级联赛,巴列卡诺,皇家马德里,5.92,4.55,1.35,0,0,1,平,official_result_market_odds,2026-08-11T21:44:29
2025-11-09,2034942,2025-11-09,周日030,葡萄牙超级联赛,阿维斯SAD,吉维森特,5.96,3.55,1.47,1,1,1,平,official_result_market_odds,2026-08-11T21:44:29
2025-11-09,2034943,2025-11-09,周日031,荷兰甲级联赛,阿尔克马尔,PSV埃因霍温,3.15,4.05,1.77,1,5,2,负,official_result_market_odds,2026-08-11T21:44:29
2025-11-10,2034945,2025-11-10,周日033,法国甲级联赛,梅斯,尼斯,3.1,3.55,1.91,2,1,0,胜,official_result_market_odds,2026-08-11T21:44:29
2025-11-10,2034946,2025-11-10,周日034,法国甲级联赛,斯特拉斯堡,里尔,2.6,3.25,2.29,2,0,0,胜,official_result_market_odds,2026-08-11T21:44:29
2025-11-10,2034947,2025-11-10,周日035,法国甲级联赛,昂热,欧塞尔,2.4,2.75,2.87,2,0,0,胜,official_result_market_odds,2026-08-11T21:44:29
2025-11-10,2034948,2025-11-10,周日036,英格兰超级联赛,曼彻斯特城,利物浦,1.76,3.75,3.4,3,0,0,胜,official_result_market_odds,2026-08-11T21:44:29
2025-11-10,2034949,2025-11-10,周日037,德国甲级联赛,斯图加特,奥格斯堡,1.35,4.5,6.0,3,2,0,胜,official_result_market_odds,2026-08-11T21:44:29
2025-11-10,2034950,2025-11-10,周日038,意大利甲级联赛,罗马,乌迪内斯,1.38,3.95,6.6,2,0,0,胜,official_result_market_odds,2026-08-11T21:44:29
2025-11-10,2034951,2025-11-10,周日039,西班牙甲级联赛,巴伦西亚,皇家贝蒂斯,3.43,3.5,1.81,1,1,1,平,official_result_market_odds,2026-08-11T21:44:29
2025-11-10,2034952,2025-11-10,周日040,西班牙甲级联赛,马洛卡,赫塔费,2.3,2.65,3.15,1,0,0,胜,official_result_market_odds,2026-08-11T21:44:29
2025-11-10,2034953,2025-11-10,周日041,葡萄牙超级联赛,法马利康,波尔图,5.95,4.05,1.4,0,1,2,负,official_result_market_odds,2026-08-11T21:44:29
2025-11-10,2034954,2025-11-10,周日042,德国甲级联赛,法兰克福,美因茨,1.59,3.95,4.05,1,0,0,胜,official_result_market_odds,2026-08-11T21:44:29
2025-11-10,2034955,2025-11-10,周日043,荷兰甲级联赛,前进之鹰,费耶诺德,6.1,4.8,1.32,2,1,0,胜,official_result_market_odds,2026-08-11T21:44:29
2025-11-10,2034956,2025-11-10,周日044,意大利甲级联赛,国际米兰,拉齐奥,1.24,5.0,8.1,2,0,0,胜,official_result_market_odds,2026-08-11T21:44:29
2025-11-10,2034957,2025-11-10,周日045,法国甲级联赛,里昂,巴黎圣日尔曼,4.15,3.7,1.62,2,3,2,负,official_result_market_odds,2026-08-11T21:44:29
2025-11-10,2034958,2025-11-10,周日046,西班牙甲级联赛,维戈塞尔塔,巴塞罗那,3.85,4.1,1.6,2,4,2,负,official_result_market_odds,2026-08-11T21:44:29
2025-11-10,2034960,2025-11-10,周日048,葡萄牙超级联赛,布拉加,摩雷伦斯,1.32,4.35,7.05,2,1,0,胜,official_result_market_odds,2026-08-11T21:44:29
2025-11-10,2034961,2025-11-10,周日049,美国职业大联盟,圣迭戈FC,波特兰伐木工,1.43,4.2,5.2,4,0,0,胜,official_result_market_odds,2026-08-11T21:44:29
2025-11-12,2035004,2025-11-12,周二001,英格兰锦标赛,唐卡斯特,布拉德福德,2.53,3.15,2.4,3,1,0,胜,official_result_market_odds,2026-08-11T21:44:29
2025-11-12,2035005,2025-11-12,周二002,英格兰锦标赛,斯托克港,维冈竞技,1.51,3.8,4.9,1,1,1,平,official_result_market_odds,2026-08-11T21:44:29
2025-11-12,2035006,2025-11-12,周二003,英格兰锦标赛,特兰米尔,布莱克浦,3.07,3.5,1.93,2,1,0,胜,official_result_market_odds,2026-08-11T21:44:29
2025-11-12,2035007,2025-11-12,周二004,英格兰锦标赛,奥德汉姆,博尔顿,7.35,4.85,1.27,2,6,2,负,official_result_market_odds,2026-08-11T21:44:29
2025-11-12,2035008,2025-11-12,周二005,英格兰锦标赛,巴恩斯利,林肯城,2.45,3.27,2.41,0,2,2,负,official_result_market_odds,2026-08-11T21:44:29
2025-11-12,2035009,2025-11-12,周二006,英格兰锦标赛,布里斯托尔流浪,普利茅斯,3.05,3.43,1.96,1,0,0,胜,official_result_market_odds,2026-08-11T21:44:29
2025-11-12,2035010,2025-11-12,周二007,英格兰锦标赛,纽波特郡,埃克塞特城,3.67,3.58,1.73,0,1,2,负,official_result_market_odds,2026-08-11T21:44:29
2025-11-12,2035011,2025-11-12,周二008,英格兰锦标赛,吉灵汉姆,威科姆,4.25,3.66,1.61,0,3,2,负,official_result_market_odds,2026-08-11T21:44:29
2025-11-12,2035012,2025-11-12,周二009,英格兰锦标赛,克劳利,彼得堡联,3.75,4.45,1.57,1,2,2,负,official_result_market_odds,2026-08-11T21:44:29
2025-11-12,2035013,2025-11-12,周二010,英格兰锦标赛,布罗姆利,AFC温布尔登,2.66,3.2,2.27,1,2,2,负,official_result_market_odds,2026-08-11T21:44:29
2025-11-14,2035014,2025-11-14,周四001,世界杯预选赛,阿联酋,伊拉克,2.08,2.6,3.8,1,1,1,平,official_result_market_odds,2026-08-11T21:44:29
2025-11-14,2035015,2025-11-14,周四002,世界杯预选赛,阿塞拜疆,冰岛,6.7,4.1,1.36,0,2,2,负,official_result_market_odds,2026-08-11T21:44:29
2025-11-14,2035016,2025-11-14,周四003,世界杯预选赛,亚美尼亚,匈牙利,7.0,4.6,1.3,0,1,2,负,official_result_market_odds,2026-08-11T21:44:29
2025-11-14,2035018,2025-11-14,周四005,世界杯预选赛,英格兰,塞尔维亚,1.22,4.9,9.5,2,0,0,胜,official_result_market_odds,2026-08-11T21:44:29
2025-11-14,2035019,2025-11-14,周四006,世界杯预选赛,安道尔,阿尔巴尼亚,13.0,5.05,1.17,0,1,2,负,official_result_market_odds,2026-08-11T21:44:29
2025-11-14,2035020,2025-11-14,周四007,世界杯预选赛,爱尔兰,葡萄牙,6.9,4.2,1.34,2,0,0,胜,official_result_market_odds,2026-08-11T21:44:29
2025-11-14,2035054,2025-11-14,周五001,国际赛,日本,加纳,1.34,4.45,6.4,2,0,0,胜,official_result_market_odds,2026-08-11T21:44:29
2025-11-14,2035055,2025-11-14,周五002,国际赛,韩国,玻利维亚,1.23,5.0,8.65,2,0,0,胜,official_result_market_odds,2026-08-11T21:44:29
2025-11-15,2035056,2025-11-15,周五003,世界杯预选赛,斯洛伐克,北爱尔兰,1.87,2.95,3.92,1,0,0,胜,official_result_market_odds,2026-08-11T21:44:29
2025-11-15,2035057,2025-11-15,周五004,世界杯预选赛,直布罗陀,黑山,13.0,5.95,1.13,1,2,2,负,official_result_market_odds,2026-08-11T21:44:29
2025-11-15,2035059,2025-11-15,周五006,世界杯预选赛,波兰,荷兰,4.66,3.65,1.56,1,1,1,平,official_result_market_odds,2026-08-11T21:44:29
2025-11-15,2035061,2025-11-15,周五008,国际赛,委内瑞拉,澳大利亚,3.2,3.18,1.99,1,0,0,胜,official_result_market_odds,2026-08-11T21:44:29
2025-11-15,2035076,2025-11-15,周六003,英格兰甲级联赛,伯顿,布莱克浦,2.17,3.18,2.82,1,0,0,胜,official_result_market_odds,2026-08-11T21:44:29
2025-11-15,2035077,2025-11-15,周六004,英格兰甲级联赛,林肯城,唐卡斯特,1.7,3.35,4.12,2,1,0,胜,official_result_market_odds,2026-08-11T21:44:29
2025-11-15,2035078,2025-11-15,周六005,英格兰甲级联赛,维尔港,威科姆,3.1,3.4,1.95,0,0,1,平,official_result_market_odds,2026-08-11T21:44:29
2025-11-15,2035079,2025-11-15,周六006,英格兰甲级联赛,莱顿东方,埃克塞特城,1.55,3.7,4.7,2,1,0,胜,official_result_market_odds,2026-08-11T21:44:29
2025-11-15,2035103,2025-11-15,周六002,英格兰甲级联赛,卢顿,罗瑟汉姆,1.34,4.15,7.05,0,0,1,平,official_result_market_odds,2026-08-11T21:44:29
2025-11-16,2035080,2025-11-16,周六007,国际赛,巴西,塞内加尔,1.3,4.55,7.1,2,0,0,胜,official_result_market_odds,2026-08-11T21:44:29
2025-11-16,2035082,2025-11-16,周六009,世界杯预选赛,塞浦路斯,奥地利,10.5,5.35,1.18,0,2,2,负,official_result_market_odds,2026-08-11T21:44:29
2025-11-16,2035084,2025-11-16,周六011,世界杯预选赛,格鲁吉亚,西班牙,12.0,5.95,1.14,0,4,2,负,official_result_market_odds,2026-08-11T21:44:29
2025-11-16,2035085,2025-11-16,周六012,荷兰乙级联赛,埃因霍温FC,坎布尔,5.45,4.65,1.37,3,3,1,平,official_result_market_odds,2026-08-11T21:44:29
2025-11-16,2035086,2025-11-16,周六013,世界杯预选赛,瑞士,瑞典,1.37,4.25,6.1,4,1,0,胜,official_result_market_odds,2026-08-11T21:44:29
2025-11-16,2035087,2025-11-16,周六014,世界杯预选赛,斯洛文尼亚,科索沃,2.06,2.88,3.37,0,2,2,负,official_result_market_odds,2026-08-11T21:44:29
2025-11-16,2035088,2025-11-16,周六015,世界杯预选赛,希腊,苏格兰,2.05,3.16,3.08,3,2,0,胜,official_result_market_odds,2026-08-11T21:44:29
2025-11-16,2035089,2025-11-16,周六016,世界杯预选赛,波黑,罗马尼亚,2.5,2.73,2.75,3,1,0,胜,official_result_market_odds,2026-08-11T21:44:29
2025-11-16,2035090,2025-11-16,周六017,荷兰乙级联赛,威廉二世,埃门,1.72,3.8,3.51,1,1,1,平,official_result_market_odds,2026-08-11T21:44:29
2025-11-16,2035091,2025-11-16,周六018,国际赛,美国,巴拉圭,1.96,3.12,3.35,2,1,0,胜,official_result_market_odds,2026-08-11T21:44:29
2025-11-16,2035092,2025-11-16,周六019,国际赛,墨西哥,乌拉圭,2.8,2.92,2.33,0,0,1,平,official_result_market_odds,2026-08-11T21:44:29
2025-11-16,2035093,2025-11-16,周日001,世界杯预选赛,匈牙利,爱尔兰,1.82,3.08,3.92,2,3,2,负,official_result_market_odds,2026-08-11T21:44:29
2025-11-16,2035104,2025-11-16,周日003,法国杯,布洛涅,敦刻尔克,3.55,2.96,1.96,2,2,1,平,official_result_market_odds,2026-08-11T21:44:29
2025-11-17,2035096,2025-11-17,周日005,世界杯预选赛,阿尔巴尼亚,英格兰,9.5,4.75,1.23,0,2,2,负,official_result_market_odds,2026-08-11T21:44:29
2025-11-17,2035098,2025-11-17,周日007,世界杯预选赛,意大利,挪威,2.03,3.35,2.96,1,4,2,负,official_result_market_odds,2026-08-11T21:44:29
2025-11-18,2035099,2025-11-18,周一001,世界杯预选赛,北爱尔兰,卢森堡,1.56,3.3,5.4,1,0,0,胜,official_result_market_odds,2026-08-11T21:44:29
2025-11-18,2035101,2025-11-18,周一003,世界杯预选赛,德国,斯洛伐克,1.15,5.95,11.0,6,0,0,胜,official_result_market_odds,2026-08-11T21:44:29
2025-11-18,2035102,2025-11-18,周一004,世界杯预选赛,黑山,克罗地亚,7.65,4.15,1.32,2,3,2,负,official_result_market_odds,2026-08-11T21:44:29
2025-11-18,2035138,2025-11-18,周二002,国际赛,韩国,加纳,1.55,3.8,4.52,1,0,0,胜,official_result_market_odds,2026-08-11T21:44:29
2025-11-19,2035139,2025-11-19,周二003,世界杯预选赛,伊拉克,阿联酋,2.36,2.6,3.12,2,1,0,胜,official_result_market_odds,2026-08-11T21:44:29
2025-11-19,2035140,2025-11-19,周二004,世界杯预选赛,瑞典,斯洛文尼亚,1.51,3.55,5.4,1,1,1,平,official_result_market_odds,2026-08-11T21:44:29
2025-11-19,2035141,2025-11-19,周二005,世界杯预选赛,科索沃,瑞士,4.2,3.3,1.7,1,1,1,平,official_result_market_odds,2026-08-11T21:44:29
2025-11-19,2035142,2025-11-19,周二006,世界杯预选赛,保加利亚,格鲁吉亚,4.5,3.6,1.59,2,1,0,胜,official_result_market_odds,2026-08-11T21:44:29
2025-11-19,2035143,2025-11-19,周二007,世界杯预选赛,奥地利,波黑,1.23,4.9,9.0,1,1,1,平,official_result_market_odds,2026-08-11T21:44:29
2025-11-19,2035144,2025-11-19,周二008,世界杯预选赛,威尔士,北马其顿,1.48,3.55,5.8,7,1,0,胜,official_result_market_odds,2026-08-11T21:44:29
2025-11-19,2035147,2025-11-19,周二011,世界杯预选赛,苏格兰,丹麦,3.25,3.13,1.99,4,2,0,胜,official_result_market_odds,2026-08-11T21:44:29
2025-11-19,2035148,2025-11-19,周二012,世界杯预选赛,西班牙,土耳其,1.11,6.65,13.0,2,2,1,平,official_result_market_odds,2026-08-11T21:44:29
2025-11-19,2035149,2025-11-19,周二013,国际赛,美国,乌拉圭,3.76,2.7,2.03,5,1,0,胜,official_result_market_odds,2026-08-11T21:44:29
2025-11-19,2035150,2025-11-19,周二014,国际赛,哥伦比亚,澳大利亚,1.24,4.6,9.5,3,0,0,胜,official_result_market_odds,2026-08-11T21:44:29
2025-11-19,2035151,2025-11-19,周二015,国际赛,墨西哥,巴拉圭,1.78,3.16,3.98,1,2,2,负,official_result_market_odds,2026-08-11T21:44:29
2025-11-20,2035152,2025-11-20,周三002,巴西甲级联赛,格雷米奥,瓦斯科达伽马,1.93,3.24,3.3,2,0,0,胜,official_result_market_odds,2026-08-11T21:44:29
2025-11-20,2035153,2025-11-20,周三003,巴西甲级联赛,弗鲁米嫩塞,弗拉门戈,3.8,2.83,1.95,2,1,0,胜,official_result_market_odds,2026-08-11T21:44:29
2025-11-20,2035159,2025-11-20,周三001,巴西甲级联赛,帕尔梅拉斯,维多利亚,1.17,5.45,10.9,0,0,1,平,official_result_market_odds,2026-08-11T21:44:29
2025-11-20,2035160,2025-11-20,周三004,巴西甲级联赛,桑托斯,米拉索尔,1.82,3.35,3.55,1,1,1,平,official_result_market_odds,2026-08-11T21:44:29
2025-11-21,2035154,2025-11-21,周四001,巴西甲级联赛,尤文图德,克鲁塞罗,3.78,3.15,1.83,3,3,1,平,official_result_market_odds,2026-08-11T21:44:29
2025-11-21,2035155,2025-11-21,周四002,英格兰甲级联赛,彼得堡联,斯托克港,2.88,3.24,2.11,3,0,0,胜,official_result_market_odds,2026-08-11T21:44:29
2025-11-21,2035156,2025-11-21,周四003,巴西甲级联赛,巴伊亚,福塔雷萨,1.36,4.2,6.4,2,3,2,负,official_result_market_odds,2026-08-11T21:44:29
2025-11-21,2035157,2025-11-21,周四004,巴西甲级联赛,科林蒂安,圣保罗,2.18,2.82,3.17,3,1,0,胜,official_result_market_odds,2026-08-11T21:44:29
2025-11-21,2035158,2025-11-21,周四005,巴西甲级联赛,塞阿拉,巴西国际,2.01,2.84,3.58,1,2,2,负,official_result_market_odds,2026-08-11T21:44:29
2025-11-21,2035184,2025-11-21,周五001,澳大利亚超级联赛,阿德莱德联,墨尔本城,2.4,3.6,2.3,4,1,0,胜,official_result_market_odds,2026-08-11T21:44:29
2025-11-21,2035185,2025-11-21,周五002,沙特职业联赛,拉斯永恒,拉斯决心,2.19,3.17,2.8,1,2,2,负,official_result_market_odds,2026-08-11T21:44:29
2025-11-21,2035186,2025-11-21,周五003,沙特职业联赛,吉达联合,利雅得,1.14,5.95,12.0,2,1,0,胜,official_result_market_odds,2026-08-11T21:44:29
2025-11-22,2035187,2025-11-22,周五004,沙特职业联赛,吉达国民,胡巴尔卡德西亚,1.9,3.3,3.35,2,1,0,胜,official_result_market_odds,2026-08-11T21:44:29
2025-11-22,2035188,2025-11-22,周五005,德国乙级联赛,柏林赫塔,不伦瑞克,1.41,4.25,5.4,1,0,0,胜,official_result_market_odds,2026-08-11T21:44:29
2025-11-22,2035189,2025-11-22,周五006,德国乙级联赛,波鸿,德累斯顿,1.69,3.65,3.8,1,2,2,负,official_result_market_odds,2026-08-11T21:44:29
2025-11-22,2035190,2025-11-22,周五007,挪威超级联赛,奥斯陆KFUM,博德闪耀,7.0,5.2,1.26,1,2,2,负,official_result_market_odds,2026-08-11T21:44:29
2025-11-22,2035191,2025-11-22,周五008,法国乙级联赛,拉瓦勒,特鲁瓦,3.5,3.05,1.94,0,1,2,负,official_result_market_odds,2026-08-11T21:44:29
2025-11-22,2035192,2025-11-22,周五009,法国乙级联赛,罗德兹,敦刻尔克,2.55,3.1,2.42,1,1,1,平,official_result_market_odds,2026-08-11T21:44:29
2025-11-22,2035193,2025-11-22,周五010,法国乙级联赛,阿纳西,巴斯蒂亚,2.15,2.75,3.34,1,0,0,胜,official_result_market_odds,2026-08-11T21:44:29
2025-11-22,2035194,2025-11-22,周五011,法国乙级联赛,波城FC,勒芒,2.68,2.98,2.38,1,2,2,负,official_result_market_odds,2026-08-11T21:44:29
2025-11-22,2035195,2025-11-22,周五012,法国乙级联赛,布洛涅,格勒诺布尔,2.3,2.8,2.96,3,1,0,胜,official_result_market_odds,2026-08-11T21:44:29
2025-11-22,2035196,2025-11-22,周五013,荷兰乙级联赛,坎布尔,海牙,3.4,3.8,1.75,2,0,0,胜,official_result_market_odds,2026-08-11T21:44:29
2025-11-22,2035197,2025-11-22,周五014,荷兰乙级联赛,格拉夫夏普,海尔蒙特,1.63,4.26,3.55,3,1,0,胜,official_result_market_odds,2026-08-11T21:44:29
2025-11-22,2035198,2025-11-22,周五015,荷兰乙级联赛,奥斯,瓦尔韦克,3.85,3.85,1.64,0,0,1,平,official_result_market_odds,2026-08-11T21:44:29
2025-11-22,2035199,2025-11-22,周五016,荷兰乙级联赛,登博思,阿尔梅勒城,2.25,3.65,2.43,5,2,0,胜,official_result_market_odds,2026-08-11T21:44:29
2025-11-22,2035200,2025-11-22,周五017,荷兰乙级联赛,芬洛,威廉二世,2.59,3.54,2.17,0,2,2,负,official_result_market_odds,2026-08-11T21:44:29
2025-11-22,2035201,2025-11-22,周五018,德国甲级联赛,美因茨,霍芬海姆,2.4,3.52,2.33,1,1,1,平,official_result_market_odds,2026-08-11T21:44:29
2025-11-22,2035202,2025-11-22,周五019,法国甲级联赛,尼斯,马赛,3.5,3.55,1.78,1,5,2,负,official_result_market_odds,2026-08-11T21:44:29
2025-11-22,2035203,2025-11-22,周五020,英格兰冠军联赛,普雷斯顿,布莱克本,2.23,2.9,2.98,1,2,2,负,official_result_market_odds,2026-08-11T21:44:29
2025-11-22,2035204,2025-11-22,周五021,西班牙甲级联赛,巴伦西亚,莱万特,1.84,3.26,3.58,1,0,0,胜,official_result_market_odds,2026-08-11T21:44:29
2025-11-22,2035221,2025-11-22,周六001,澳大利亚超级联赛,惠灵顿凤凰,麦克阿瑟FC,2.32,3.5,2.43,0,1,2,负,official_result_market_odds,2026-08-11T21:44:29
2025-11-22,2035222,2025-11-22,周六002,韩国职业联赛,首尔FC,金泉尚武,1.53,3.85,4.65,1,3,2,负,official_result_market_odds,2026-08-11T21:44:29
2025-11-22,2035223,2025-11-22,周六003,韩国职业联赛,大田市民,江原FC,1.95,3.35,3.15,1,1,1,平,official_result_market_odds,2026-08-11T21:44:29
2025-11-22,2035224,2025-11-22,周六004,澳大利亚超级联赛,西悉尼漫步者,中央海岸水手,1.44,4.3,4.95,3,2,0,胜,official_result_market_odds,2026-08-11T21:44:29
2025-11-22,2035225,2025-11-22,周六005,韩国职业联赛,浦项制铁,全北现代,2.4,3.12,2.55,0,0,1,平,official_result_market_odds,2026-08-11T21:44:29
2025-11-22,2035226,2025-11-22,周六006,韩国职业联赛,光州FC,蔚山现代,2.7,3.0,2.35,2,0,0,胜,official_result_market_odds,2026-08-11T21:44:29
2025-11-22,2035227,2025-11-22,周六007,澳大利亚超级联赛,悉尼FC,墨尔本胜利,1.78,3.55,3.5,3,0,0,胜,official_result_market_odds,2026-08-11T21:44:29
2025-11-22,2035228,2025-11-22,周六008,德国乙级联赛,明斯特普鲁士,沙尔克04,3.0,3.32,2.02,0,0,1,平,official_result_market_odds,2026-08-11T21:44:29
2025-11-22,2035229,2025-11-22,周六009,德国乙级联赛,帕德博恩,汉诺威96,1.83,3.48,3.38,0,2,2,负,official_result_market_odds,2026-08-11T21:44:29
2025-11-22,2035230,2025-11-22,周六010,德国乙级联赛,杜塞尔多夫,马格德堡,1.92,3.55,3.06,2,1,0,胜,official_result_market_odds,2026-08-11T21:44:29
2025-11-22,2035231,2025-11-22,周六011,英格兰超级联赛,伯恩利,切尔西,5.3,3.85,1.47,0,2,2,负,official_result_market_odds,2026-08-11T21:44:29
2025-11-22,2035232,2025-11-22,周六012,英格兰冠军联赛,布里斯托尔城,斯旺西,1.73,3.32,4.0,3,0,0,胜,official_result_market_odds,2026-08-11T21:44:29
2025-11-22,2035233,2025-11-22,周六013,英格兰冠军联赛,考文垂,西布罗姆维奇,1.64,3.55,4.2,3,2,0,胜,official_result_market_odds,2026-08-11T21:44:29
2025-11-22,2035234,2025-11-22,周六014,英格兰冠军联赛,查尔顿,南安普敦,2.8,3.0,2.28,1,5,2,负,official_result_market_odds,2026-08-11T21:44:29
2025-11-22,2035235,2025-11-22,周六015,西班牙甲级联赛,阿拉维斯,维戈塞尔塔,2.42,2.88,2.71,0,1,2,负,official_result_market_odds,2026-08-11T21:44:29
2025-11-22,2035236,2025-11-22,周六016,法国乙级联赛,圣旺红星,克莱蒙,1.54,3.5,5.15,2,2,1,平,official_result_market_odds,2026-08-11T21:44:29
2025-11-22,2035237,2025-11-22,周六017,挪威超级联赛,特罗姆瑟,罗森博格,1.3,4.7,6.8,1,0,0,胜,official_result_market_odds,2026-08-11T21:44:29
2025-11-22,2035238,2025-11-22,周六018,沙特职业联赛,达马克,欧奈宰纳伊马,1.72,3.45,3.88,0,0,1,平,official_result_market_odds,2026-08-11T21:44:29
2025-11-22,2035239,2025-11-22,周六019,意大利甲级联赛,乌迪内斯,博洛尼亚,2.8,2.8,2.41,0,3,2,负,official_result_market_odds,2026-08-11T21:44:29
2025-11-22,2035240,2025-11-22,周六020,意大利甲级联赛,卡利亚里,热那亚,3.0,2.52,2.51,3,3,1,平,official_result_market_odds,2026-08-11T21:44:29
2025-11-22,2035241,2025-11-22,周六022,沙特职业联赛,达曼协定,迈季迈阿宽广,2.46,3.08,2.52,3,2,0,胜,official_result_market_odds,2026-08-11T21:44:29
2025-11-22,2035242,2025-11-22,周六023,德国甲级联赛,奥格斯堡,汉堡,2.23,3.25,2.68,1,0,0,胜,official_result_market_odds,2026-08-11T21:44:29
2025-11-22,2035243,2025-11-22,周六024,德国甲级联赛,沃尔夫斯堡,勒沃库森,3.5,3.67,1.75,1,3,2,负,official_result_market_odds,2026-08-11T21:44:29
2025-11-22,2035244,2025-11-22,周六025,德国甲级联赛,海登海姆,门兴格拉德巴赫,3.22,3.75,1.81,0,3,2,负,official_result_market_odds,2026-08-11T21:44:29
2025-11-22,2035245,2025-11-22,周六026,德国甲级联赛,多特蒙德,斯图加特,1.56,3.95,4.25,3,3,1,平,official_result_market_odds,2026-08-11T21:44:29
2025-11-22,2035248,2025-11-22,周六029,英格兰超级联赛,伯恩茅斯,西汉姆联,1.52,3.85,4.75,2,2,1,平,official_result_market_odds,2026-08-11T21:44:29
2025-11-22,2035249,2025-11-22,周六030,英格兰超级联赛,利物浦,诺丁汉森林,1.28,4.9,6.95,0,3,2,负,official_result_market_odds,2026-08-11T21:44:29
2025-11-22,2035250,2025-11-22,周六031,英格兰超级联赛,富勒姆,桑德兰,1.89,3.25,3.42,1,0,0,胜,official_result_market_odds,2026-08-11T21:44:29
2025-11-22,2035251,2025-11-22,周六032,英格兰超级联赛,布赖顿,布伦特福德,1.91,3.25,3.35,2,1,0,胜,official_result_market_odds,2026-08-11T21:44:29
2025-11-22,2035252,2025-11-22,周六033,英格兰超级联赛,狼队,水晶宫,4.4,3.56,1.61,0,2,2,负,official_result_market_odds,2026-08-11T21:44:29
2025-11-22,2035253,2025-11-22,周六034,英格兰冠军联赛,莱切斯特城,斯托克城,1.92,3.1,3.5,2,1,0,胜,official_result_market_odds,2026-08-11T21:44:29
2025-11-22,2035254,2025-11-22,周六035,西班牙甲级联赛,巴塞罗那,毕尔巴鄂竞技,1.26,5.15,7.05,4,0,0,胜,official_result_market_odds,2026-08-11T21:44:29
2025-11-22,2035255,2025-11-22,周六036,荷兰甲级联赛,布雷达,PSV埃因霍温,9.0,5.85,1.18,0,1,2,负,official_result_market_odds,2026-08-11T21:44:29
2025-11-22,2035322,2025-11-22,周六021,瑞典超级联赛,厄尔格里特,北雪平,2.38,3.32,2.45,3,0,0,胜,official_result_market_odds,2026-08-11T21:44:29
2025-11-23,2035256,2025-11-23,周六037,法国甲级联赛,朗斯,斯特拉斯堡,1.83,3.55,3.32,1,0,0,胜,official_result_market_odds,2026-08-11T21:44:29
2025-11-23,2035257,2025-11-23,周六038,意大利甲级联赛,佛罗伦萨,尤文图斯,3.62,3.2,1.85,1,1,1,平,official_result_market_odds,2026-08-11T21:44:29
2025-11-23,2035258,2025-11-23,周六039,挪威超级联赛,莫尔德,布兰,2.6,3.6,2.15,4,0,0,胜,official_result_market_odds,2026-08-11T21:44:29
2025-11-23,2035259,2025-11-23,周六040,英格兰超级联赛,纽卡斯尔联,曼彻斯特城,3.46,3.6,1.78,2,1,0,胜,official_result_market_odds,2026-08-11T21:44:29
2025-11-23,2035260,2025-11-23,周六041,德国甲级联赛,科隆,法兰克福,2.6,3.55,2.16,3,4,2,负,official_result_market_odds,2026-08-11T21:44:29
2025-11-23,2035261,2025-11-23,周六042,西班牙甲级联赛,奥萨苏纳,皇家社会,2.65,2.76,2.57,1,3,2,负,official_result_market_odds,2026-08-11T21:44:29
2025-11-23,2035262,2025-11-23,周六043,荷兰甲级联赛,阿贾克斯,SBV精英,1.21,5.4,8.5,1,2,2,负,official_result_market_odds,2026-08-11T21:44:29
2025-11-23,2035263,2025-11-23,周六044,荷兰甲级联赛,福伦丹,特温特,4.35,4.0,1.54,1,1,1,平,official_result_market_odds,2026-08-11T21:44:29
2025-11-23,2035264,2025-11-23,周六045,法国甲级联赛,雷恩,摩纳哥,2.42,3.55,2.3,4,1,0,胜,official_result_market_odds,2026-08-11T21:44:29
2025-11-23,2035265,2025-11-23,周六046,意大利甲级联赛,那不勒斯,亚特兰大,2.03,3.05,3.25,3,1,0,胜,official_result_market_odds,2026-08-11T21:44:29
2025-11-23,2035266,2025-11-23,周六047,西班牙甲级联赛,比利亚雷亚尔,马洛卡,1.26,4.85,7.7,2,1,0,胜,official_result_market_odds,2026-08-11T21:44:29
2025-11-23,2035267,2025-11-23,周六048,荷兰甲级联赛,赫拉克勒斯,前进之鹰,2.45,3.5,2.3,4,2,0,胜,official_result_market_odds,2026-08-11T21:44:29
2025-11-23,2035269,2025-11-23,周六050,美国职业大联盟,温哥华白帽,洛杉矶FC,2.02,3.42,2.92,2,2,1,平,official_result_market_odds,2026-08-11T21:44:29
2025-11-23,2035270,2025-11-23,周日001,日本乙级联赛,大分三神,千叶市原,5.2,3.58,1.52,0,1,2,负,official_result_market_odds,2026-08-11T21:44:29
2025-11-23,2035271,2025-11-23,周日002,日本乙级联赛,长崎航海,水户蜀葵,1.83,3.2,3.7,2,1,0,胜,official_result_market_odds,2026-08-11T21:44:29
2025-11-23,2035272,2025-11-23,周日003,日本乙级联赛,秋田蓝色闪电,仙台七夕,4.5,3.75,1.56,0,0,1,平,official_result_market_odds,2026-08-11T21:44:29
2025-11-23,2035273,2025-11-23,周日004,日本乙级联赛,大宫松鼠RB,德岛漩涡,2.3,3.15,2.65,1,2,2,负,official_result_market_odds,2026-08-11T21:44:29
2025-11-23,2035274,2025-11-23,周日005,日本乙级联赛,磐田喜悦,山形山神,1.93,3.45,3.11,2,2,1,平,official_result_market_odds,2026-08-11T21:44:29
2025-11-23,2035275,2025-11-23,周日006,日本乙级联赛,今治FC,札幌冈萨多,1.91,3.45,3.16,1,1,1,平,official_result_market_odds,2026-08-11T21:44:29
2025-11-23,2035276,2025-11-23,周日007,日本乙级联赛,甲府风林,富山胜利,2.43,3.15,2.5,0,1,2,负,official_result_market_odds,2026-08-11T21:44:29
2025-11-23,2035277,2025-11-23,周日008,韩国职业联赛,济州SK,大邱FC,2.24,3.45,2.55,1,1,1,平,official_result_market_odds,2026-08-11T21:44:29
2025-11-23,2035278,2025-11-23,周日009,澳大利亚超级联赛,纽卡斯尔喷气机,珀斯光荣,1.75,3.95,3.28,1,2,2,负,official_result_market_odds,2026-08-11T21:44:29
2025-11-23,2035279,2025-11-23,周日010,日本乙级联赛,爱媛FC,熊本深红,3.85,3.55,1.7,1,1,1,平,official_result_market_odds,2026-08-11T21:44:29
2025-11-23,2035280,2025-11-23,周日011,荷兰甲级联赛,海伦芬,阿尔克马尔,2.54,3.69,2.15,3,1,0,胜,official_result_market_odds,2026-08-11T21:44:29
2025-11-23,2035281,2025-11-23,周日012,意大利甲级联赛,维罗纳,帕尔马,2.0,2.85,3.6,1,2,2,负,official_result_market_odds,2026-08-11T21:44:29
2025-11-23,2035282,2025-11-23,周日013,德国乙级联赛,凯泽斯劳滕,基尔,2.1,3.4,2.8,4,1,0,胜,official_result_market_odds,2026-08-11T21:44:29
2025-11-23,2035283,2025-11-23,周日014,德国乙级联赛,纽伦堡,比勒费尔德,2.05,3.4,2.88,2,0,0,胜,official_result_market_odds,2026-08-11T21:44:29
2025-11-23,2035284,2025-11-23,周日015,德国乙级联赛,卡尔斯鲁厄,埃尔沃斯堡,2.9,3.4,2.04,2,3,2,负,official_result_market_odds,2026-08-11T21:44:29
2025-11-23,2035285,2025-11-23,周日016,西班牙甲级联赛,皇家奥维耶多,巴列卡诺,3.35,3.02,2.0,0,0,1,平,official_result_market_odds,2026-08-11T21:44:29
2025-11-23,2035286,2025-11-23,周日017,荷兰甲级联赛,费耶诺德,奈梅亨,1.29,4.95,6.55,2,4,2,负,official_result_market_odds,2026-08-11T21:44:29
2025-11-23,2035287,2025-11-23,周日018,荷兰甲级联赛,特尔斯达,乌德勒支,3.5,3.45,1.81,1,1,1,平,official_result_market_odds,2026-08-11T21:44:29
2025-11-23,2035288,2025-11-23,周日019,挪威超级联赛,布莱尼,萨尔普斯堡,2.16,3.6,2.57,0,3,2,负,official_result_market_odds,2026-08-11T21:44:29
2025-11-23,2035289,2025-11-23,周日020,挪威超级联赛,汉坎,海于格松,1.23,5.35,7.7,5,0,0,胜,official_result_market_odds,2026-08-11T21:44:29
2025-11-23,2035290,2025-11-23,周日021,英格兰超级联赛,利兹联,阿斯顿维拉,3.08,3.15,2.05,1,2,2,负,official_result_market_odds,2026-08-11T21:44:29
2025-11-23,2035291,2025-11-23,周日022,意大利甲级联赛,克雷莫纳,罗马,5.26,3.55,1.52,1,3,2,负,official_result_market_odds,2026-08-11T21:44:29
2025-11-23,2035292,2025-11-23,周日023,法国甲级联赛,欧塞尔,里昂,3.84,3.48,1.72,0,0,1,平,official_result_market_odds,2026-08-11T21:44:29
2025-11-23,2035293,2025-11-23,周日024,德国甲级联赛,莱比锡红牛,云达不来梅,1.38,4.66,5.25,2,0,0,胜,official_result_market_odds,2026-08-11T21:44:29
2025-11-23,2035294,2025-11-23,周日025,沙特职业联赛,奈季兰沟渠,利雅得青年,3.1,3.3,1.99,1,1,1,平,official_result_market_odds,2026-08-11T21:44:29
2025-11-23,2035295,2025-11-23,周日026,西班牙甲级联赛,皇家贝蒂斯,赫罗纳,1.33,4.6,6.25,1,1,1,平,official_result_market_odds,2026-08-11T21:44:29
2025-11-23,2035296,2025-11-23,周日027,荷兰甲级联赛,格罗宁根,兹沃勒,1.33,4.4,6.7,2,2,1,平,official_result_market_odds,2026-08-11T21:44:29
2025-11-24,2035297,2025-11-24,周日028,法国甲级联赛,布雷斯特,梅斯,1.58,3.72,4.4,3,2,0,胜,official_result_market_odds,2026-08-11T21:44:29
2025-11-24,2035298,2025-11-24,周日029,法国甲级联赛,南特,洛里昂,2.69,3.0,2.36,1,1,1,平,official_result_market_odds,2026-08-11T21:44:29
2025-11-24,2035299,2025-11-24,周日030,法国甲级联赛,图卢兹,昂热,1.49,3.61,5.55,0,1,2,负,official_result_market_odds,2026-08-11T21:44:29
2025-11-24,2035300,2025-11-24,周日031,英格兰超级联赛,阿森纳,托特纳姆热刺,1.35,4.2,6.65,4,1,0,胜,official_result_market_odds,2026-08-11T21:44:29
2025-11-24,2035301,2025-11-24,周日032,德国甲级联赛,圣保利,柏林联合,2.45,3.0,2.58,0,1,2,负,official_result_market_odds,2026-08-11T21:44:29
2025-11-24,2035302,2025-11-24,周日033,意大利甲级联赛,拉齐奥,莱切,1.55,3.36,5.35,2,0,0,胜,official_result_market_odds,2026-08-11T21:44:29
2025-11-24,2035303,2025-11-24,周日034,沙特职业联赛,利雅得胜利,赛哈特海湾,1.09,7.8,12.0,4,1,0,胜,official_result_market_odds,2026-08-11T21:44:29
2025-11-24,2035304,2025-11-24,周日035,沙特职业联赛,布赖代合作,新未来SC,1.94,3.45,3.1,1,1,1,平,official_result_market_odds,2026-08-11T21:44:29
2025-11-24,2035305,2025-11-24,周日036,西班牙甲级联赛,赫塔费,马德里竞技,5.65,3.4,1.52,0,1,2,负,official_result_market_odds,2026-08-11T21:44:29
2025-11-24,2035306,2025-11-24,周日037,挪威超级联赛,腓特烈斯塔,维京,5.0,4.35,1.43,0,1,2,负,official_result_market_odds,2026-08-11T21:44:29
2025-11-24,2035307,2025-11-24,周日038,意大利甲级联赛,国际米兰,AC米兰,1.93,3.08,3.5,0,1,2,负,official_result_market_odds,2026-08-11T21:44:29
2025-11-24,2035308,2025-11-24,周日039,法国甲级联赛,里尔,巴黎FC,1.43,4.2,5.2,4,2,0,胜,official_result_market_odds,2026-08-11T21:44:29
2025-11-24,2035309,2025-11-24,周日040,西班牙甲级联赛,埃尔切,皇家马德里,7.52,5.25,1.24,2,2,1,平,official_result_market_odds,2026-08-11T21:44:29
2025-11-24,2035310,2025-11-24,周日041,美国职业大联盟,辛辛那提FC,迈阿密国际,2.99,3.8,1.88,0,4,2,负,official_result_market_odds,2026-08-11T21:44:29
2025-11-24,2035311,2025-11-24,周日042,美国职业大联盟,费城联合,纽约城,1.68,3.38,4.2,0,1,2,负,official_result_market_odds,2026-08-11T21:44:29
2025-11-25,2035312,2025-11-25,周一001,亚洲冠军精英联赛,多哈杜海勒,吉达联合,3.05,3.75,1.87,4,2,0,胜,official_result_market_odds,2026-08-11T21:44:29
2025-11-25,2035313,2025-11-25,周一002,亚洲冠军精英联赛,迪拜国民青年,赖扬加拉法,1.24,5.15,7.75,2,0,0,胜,official_result_market_odds,2026-08-11T21:44:29
2025-11-25,2035314,2025-11-25,周一003,意大利甲级联赛,都灵,科莫,3.31,2.85,2.1,1,5,2,负,official_result_market_odds,2026-08-11T21:44:29
2025-11-25,2035315,2025-11-25,周一004,亚洲冠军精英联赛,吉达国民,沙迦,1.14,6.05,11.5,0,1,2,负,official_result_market_odds,2026-08-11T21:44:29
2025-11-25,2035316,2025-11-25,周一005,荷兰乙级联赛,阿尔梅勒城,芬洛,1.64,3.9,3.8,3,0,0,胜,official_result_market_odds,2026-08-11T21:44:29
2025-11-25,2035317,2025-11-25,周一006,意大利甲级联赛,萨索洛,比萨,1.78,3.15,4.0,2,2,1,平,official_result_market_odds,2026-08-11T21:44:29
2025-11-25,2035318,2025-11-25,周一007,法国乙级联赛,兰斯,蒙彼利埃,2.09,3.0,3.15,2,0,0,胜,official_result_market_odds,2026-08-11T21:44:29
2025-11-25,2035319,2025-11-25,周一008,英格兰超级联赛,曼彻斯特联,埃弗顿,1.65,3.58,4.1,0,1,2,负,official_result_market_odds,2026-08-11T21:44:29
2025-11-25,2035320,2025-11-25,周一009,西班牙甲级联赛,西班牙人,塞维利亚,1.86,3.1,3.72,2,1,0,胜,official_result_market_odds,2026-08-11T21:44:29
2025-11-25,2035321,2025-11-25,周一010,美国职业大联盟,圣迭戈FC,明尼苏达联,1.46,4.0,5.15,1,0,0,胜,official_result_market_odds,2026-08-11T21:44:29
2025-11-25,2035366,2025-11-25,周二001,亚洲冠军精英联赛,墨尔本城,柔佛,2.65,3.46,2.16,2,0,0,胜,official_result_market_odds,2026-08-11T21:44:29
2025-11-25,2035367,2025-11-25,周二002,亚洲冠军精英联赛,上海海港,首尔FC,4.0,4.0,1.59,1,3,2,负,official_result_market_odds,2026-08-11T21:44:29
2025-11-26,2035368,2025-11-26,周二003,亚洲冠军精英联赛,阿布扎比联,多哈萨德,1.66,3.8,3.8,3,1,0,胜,official_result_market_odds,2026-08-11T21:44:29
2025-11-26,2035369,2025-11-26,周二004,欧洲冠军联赛,加拉塔萨雷,圣吉尔联合,1.53,4.1,4.32,0,1,2,负,official_result_market_odds,2026-08-11T21:44:29
2025-11-26,2035370,2025-11-26,周二005,欧洲冠军联赛,阿贾克斯,本菲卡,3.3,3.5,1.85,0,2,2,负,official_result_market_odds,2026-08-11T21:44:29
2025-11-26,2035372,2025-11-26,周二007,法国乙级联赛,巴斯蒂亚,拉瓦勒,2.09,2.65,3.65,0,2,2,负,official_result_market_odds,2026-08-11T21:44:29
2025-11-26,2035373,2025-11-26,周二008,荷兰乙级联赛,瓦尔韦克,马斯特里赫特,1.16,6.15,9.5,1,0,0,胜,official_result_market_odds,2026-08-11T21:44:29
2025-11-26,2035374,2025-11-26,周二009,荷兰乙级联赛,罗达JC,多德勒支,1.62,3.82,4.0,1,2,2,负,official_result_market_odds,2026-08-11T21:44:29
2025-11-26,2035375,2025-11-26,周二010,荷兰乙级联赛,海牙,格拉夫夏普,1.3,5.15,6.05,3,2,0,胜,official_result_market_odds,2026-08-11T21:44:29
2025-11-26,2035376,2025-11-26,周二011,英格兰冠军联赛,斯旺西,德比郡,2.01,2.96,3.4,1,2,2,负,official_result_market_odds,2026-08-11T21:44:29
2025-11-26,2035377,2025-11-26,周二012,英格兰冠军联赛,诺维奇,牛津联,1.79,3.35,3.68,1,1,1,平,official_result_market_odds,2026-08-11T21:44:29
2025-11-26,2035378,2025-11-26,周二013,英格兰冠军联赛,沃特福德,普雷斯顿,1.65,3.4,4.36,1,1,1,平,official_result_market_odds,2026-08-11T21:44:29
2025-11-26,2035379,2025-11-26,周二014,英格兰冠军联赛,米德尔斯堡,考文垂,2.7,3.2,2.25,2,4,2,负,official_result_market_odds,2026-08-11T21:44:29
2025-11-26,2035380,2025-11-26,周二015,英格兰冠军联赛,赫尔城,伊普斯维奇,4.1,3.55,1.66,0,2,2,负,official_result_market_odds,2026-08-11T21:44:29
2025-11-26,2035381,2025-11-26,周二016,英格兰冠军联赛,斯托克城,查尔顿,1.52,3.72,4.95,3,0,0,胜,official_result_market_odds,2026-08-11T21:44:29
2025-11-26,2035382,2025-11-26,周二017,欧洲冠军联赛,布拉格斯拉维亚,毕尔巴鄂竞技,3.15,3.0,2.09,0,0,1,平,official_result_market_odds,2026-08-11T21:44:29
2025-11-26,2035383,2025-11-26,周二018,欧洲冠军联赛,多特蒙德,比利亚雷亚尔,1.57,3.9,4.25,4,0,0,胜,official_result_market_odds,2026-08-11T21:44:29
2025-11-26,2035384,2025-11-26,周二019,欧洲冠军联赛,那不勒斯,卡拉巴赫,1.14,6.0,11.8,2,0,0,胜,official_result_market_odds,2026-08-11T21:44:29
2025-11-26,2035385,2025-11-26,周二020,欧洲冠军联赛,曼彻斯特城,勒沃库森,1.14,6.8,9.5,0,2,2,负,official_result_market_odds,2026-08-11T21:44:29
2025-11-26,2035386,2025-11-26,周二021,欧洲冠军联赛,马赛,纽卡斯尔联,2.82,3.28,2.13,2,1,0,胜,official_result_market_odds,2026-08-11T21:44:29
2025-11-26,2035387,2025-11-26,周二022,欧洲冠军联赛,切尔西,巴塞罗那,2.03,3.85,2.65,3,0,0,胜,official_result_market_odds,2026-08-11T21:44:29
2025-11-26,2035388,2025-11-26,周二023,欧洲冠军联赛,博德闪耀,尤文图斯,3.12,3.5,1.91,2,3,2,负,official_result_market_odds,2026-08-11T21:44:29
2025-11-26,2035389,2025-11-26,周二024,英格兰冠军联赛,南安普敦,莱切斯特城,1.83,3.4,3.46,3,0,0,胜,official_result_market_odds,2026-08-11T21:44:29
2025-11-26,2035390,2025-11-26,周三001,亚洲冠军精英联赛,蔚山现代,布里兰,2.78,3.35,2.12,0,0,1,平,official_result_market_odds,2026-08-11T21:44:29
2025-11-26,2035391,2025-11-26,周三002,亚洲冠军乙级联赛,曼谷联,雪兰莪,1.13,6.5,11.0,1,1,1,平,official_result_market_odds,2026-08-11T21:44:29
2025-11-26,2035392,2025-11-26,周三003,亚洲冠军乙级联赛,狮城水手,万隆,2.15,3.6,2.6,3,2,0,胜,official_result_market_odds,2026-08-11T21:44:29
2025-11-26,2035393,2025-11-26,周三004,亚洲冠军乙级联赛,安集延,阿尔卡达格,1.9,3.0,3.7,1,1,1,平,official_result_market_odds,2026-08-11T21:44:29
2025-11-27,2035395,2025-11-27,周三006,亚洲冠军乙级联赛,巴格达扎乌拉,果阿FC,1.2,5.3,9.5,2,1,0,胜,official_result_market_odds,2026-08-11T21:44:29
2025-11-27,2035396,2025-11-27,周三007,欧洲冠军联赛,帕福斯,摩纳哥,5.45,4.32,1.4,2,2,1,平,official_result_market_odds,2026-08-11T21:44:29
2025-11-27,2035397,2025-11-27,周三008,欧洲冠军联赛,哥本哈根,阿拉木图凯拉特,1.19,5.4,9.7,3,2,0,胜,official_result_market_odds,2026-08-11T21:44:29
2025-11-27,2035398,2025-11-27,周三009,英格兰冠军联赛,布莱克本,女王公园巡游者,2.19,3.1,2.86,0,1,2,负,official_result_market_odds,2026-08-11T21:44:29
2025-11-27,2035399,2025-11-27,周三010,英格兰冠军联赛,谢菲尔德联,朴次茅斯,1.5,3.75,5.1,3,0,0,胜,official_result_market_odds,2026-08-11T21:44:29
2025-11-27,2035400,2025-11-27,周三011,英格兰冠军联赛,雷克斯汉姆,布里斯托尔城,2.54,3.05,2.45,2,0,0,胜,official_result_market_odds,2026-08-11T21:44:29
2025-11-27,2035401,2025-11-27,周三012,欧洲冠军联赛,阿森纳,拜仁慕尼黑,1.98,3.45,2.99,3,1,0,胜,official_result_market_odds,2026-08-11T21:44:29
2025-11-27,2035402,2025-11-27,周三013,欧洲冠军联赛,利物浦,PSV埃因霍温,1.19,6.0,8.2,1,4,2,负,official_result_market_odds,2026-08-11T21:44:29
2025-11-27,2035403,2025-11-27,周三014,欧洲冠军联赛,马德里竞技,国际米兰,2.15,3.25,2.81,2,1,0,胜,official_result_market_odds,2026-08-11T21:44:29
2025-11-27,2035404,2025-11-27,周三015,欧洲冠军联赛,里斯本竞技,布鲁日,1.35,4.6,5.85,3,0,0,胜,official_result_market_odds,2026-08-11T21:44:29
2025-11-27,2035405,2025-11-27,周三016,欧洲冠军联赛,奥林匹亚科斯,皇家马德里,6.05,4.7,1.33,3,4,2,负,official_result_market_odds,2026-08-11T21:44:29
2025-11-27,2035406,2025-11-27,周三017,欧洲冠军联赛,巴黎圣日尔曼,托特纳姆热刺,1.31,4.58,6.75,5,3,0,胜,official_result_market_odds,2026-08-11T21:44:29
2025-11-27,2035407,2025-11-27,周三018,欧洲冠军联赛,法兰克福,亚特兰大,2.5,3.2,2.4,0,3,2,负,official_result_market_odds,2026-08-11T21:44:29
2025-11-27,2035408,2025-11-27,周三019,英格兰冠军联赛,西布罗姆维奇,伯明翰,2.55,2.9,2.55,1,1,1,平,official_result_market_odds,2026-08-11T21:44:29
2025-11-27,2035409,2025-11-27,周四001,亚洲冠军乙级联赛,麦克阿瑟FC,香港大埔,1.16,6.2,9.5,2,1,0,胜,official_result_market_odds,2026-08-11T21:44:29
2025-11-27,2035410,2025-11-27,周四002,亚洲冠军乙级联赛,浦项制铁,巴吞联,1.15,5.8,11.5,2,0,0,胜,official_result_market_odds,2026-08-11T21:44:29
2025-11-27,2035411,2025-11-27,周四003,亚洲冠军乙级联赛,淡宾尼士流浪,伊洛伊洛卡雅,1.21,5.2,9.0,5,3,0,胜,official_result_market_odds,2026-08-11T21:44:29
2025-11-28,2035412,2025-11-28,周四004,欧罗巴联赛,罗马,中日德兰,1.41,4.1,5.7,2,1,0,胜,official_result_market_odds,2026-08-11T21:44:29
2025-11-28,2035413,2025-11-28,周四005,欧罗巴联赛,塞萨洛尼基,布兰,1.36,4.35,6.1,1,1,1,平,official_result_market_odds,2026-08-11T21:44:29
2025-11-28,2035414,2025-11-28,周四006,欧罗巴联赛,比尔森,弗赖堡,3.27,3.4,1.89,0,0,1,平,official_result_market_odds,2026-08-11T21:44:29
2025-11-28,2035415,2025-11-28,周四007,欧罗巴联赛,费耶诺德,凯尔特人,1.52,4.1,4.4,1,3,2,负,official_result_market_odds,2026-08-11T21:44:29
2025-11-28,2035416,2025-11-28,周四008,欧罗巴联赛,波尔图,尼斯,1.28,4.55,7.8,3,0,0,胜,official_result_market_odds,2026-08-11T21:44:29
2025-11-28,2035418,2025-11-28,周四010,欧罗巴联赛,费内巴切,费伦茨瓦罗斯,1.41,4.16,5.55,1,1,1,平,official_result_market_odds,2026-08-11T21:44:29
2025-11-28,2035419,2025-11-28,周四011,欧罗巴联赛,卢多戈雷茨,维戈塞尔塔,4.86,3.7,1.53,3,2,0,胜,official_result_market_odds,2026-08-11T21:44:29
2025-11-28,2035420,2025-11-28,周四017,欧洲协会联赛,布拉迪斯拉发,巴列卡诺,5.0,3.95,1.48,2,1,0,胜,official_result_market_odds,2026-08-11T21:44:29
2025-11-28,2035421,2025-11-28,周四020,欧罗巴联赛,贝尔格莱德红星,布加勒斯特星,1.28,4.65,7.5,1,0,0,胜,official_result_market_odds,2026-08-11T21:44:29
2025-11-28,2035422,2025-11-28,周四021,欧罗巴联赛,前进之鹰,斯图加特,6.5,5.0,1.29,0,4,2,负,official_result_market_odds,2026-08-11T21:44:29
2025-11-28,2035423,2025-11-28,周四022,欧罗巴联赛,格拉斯哥流浪者,布拉加,3.24,3.4,1.9,1,1,1,平,official_result_market_odds,2026-08-11T21:44:29
2025-11-28,2035424,2025-11-28,周四023,欧罗巴联赛,亨克,巴塞尔,1.73,3.72,3.55,2,1,0,胜,official_result_market_odds,2026-08-11T21:44:29
2025-11-28,2035425,2025-11-28,周四024,欧罗巴联赛,诺丁汉森林,马尔默,1.14,6.2,11.0,3,0,0,胜,official_result_market_odds,2026-08-11T21:44:29
2025-11-28,2035426,2025-11-28,周四025,欧罗巴联赛,帕纳辛纳科斯,格拉茨风暴,1.51,3.8,4.9,2,1,0,胜,official_result_market_odds,2026-08-11T21:44:29
2025-11-28,2035427,2025-11-28,周四026,欧罗巴联赛,皇家贝蒂斯,乌德勒支,1.23,5.1,8.3,2,1,0,胜,official_result_market_odds,2026-08-11T21:44:29
2025-11-28,2035428,2025-11-28,周四027,欧罗巴联赛,博洛尼亚,萨尔茨堡,1.26,4.75,8.0,4,1,0,胜,official_result_market_odds,2026-08-11T21:44:29
2025-11-28,2035429,2025-11-28,周四029,欧洲协会联赛,斯特拉斯堡,水晶宫,4.05,3.45,1.69,2,1,0,胜,official_result_market_odds,2026-08-11T21:44:29
2025-11-28,2035430,2025-11-28,周四012,欧洲协会联赛,琴斯托霍瓦,维也纳快速,1.66,3.45,4.25,4,1,0,胜,official_result_market_odds,2026-08-11T21:44:29
2025-11-28,2035431,2025-11-28,周四013,欧洲协会联赛,克拉约瓦大学,美因茨,4.7,3.6,1.57,1,0,0,胜,official_result_market_odds,2026-08-11T21:44:29
2025-11-28,2035432,2025-11-28,周四014,欧洲协会联赛,波兹南莱赫,洛桑,1.61,4.05,3.82,2,0,0,胜,official_result_market_odds,2026-08-11T21:44:29
2025-11-28,2035433,2025-11-28,周四018,欧洲协会联赛,奥洛穆茨,采列,2.44,3.1,2.52,2,1,0,胜,official_result_market_odds,2026-08-11T21:44:29
2025-11-28,2035435,2025-11-28,周四028,欧洲协会联赛,佛罗伦萨,雅典AEK,1.67,3.5,4.1,0,1,2,负,official_result_market_odds,2026-08-11T21:44:29
2025-11-28,2035436,2025-11-28,周四031,欧洲协会联赛,里耶卡,AEK拉纳卡,2.08,3.05,3.12,0,0,1,平,official_result_market_odds,2026-08-11T21:44:29
2025-11-28,2035438,2025-11-28,周四033,欧洲协会联赛,华沙军团,布拉格斯巴达,2.65,3.06,2.35,0,1,2,负,official_result_market_odds,2026-08-11T21:44:29
2025-11-28,2035439,2025-11-28,周四034,欧洲协会联赛,比亚韦斯托克,库奥皮奥,1.3,4.7,6.8,1,0,0,胜,official_result_market_odds,2026-08-11T21:44:29
2025-11-28,2035440,2025-11-28,周四015,欧洲协会联赛,兹林尼斯基,赫根,2.86,3.3,2.1,2,1,0,胜,official_result_market_odds,2026-08-11T21:44:29
2025-11-28,2035442,2025-11-28,周四030,欧洲协会联赛,贝雷达比历克,萨姆松体育,5.9,4.35,1.37,2,2,1,平,official_result_market_odds,2026-08-11T21:44:29
2025-11-28,2035472,2025-11-28,周五001,澳大利亚超级联赛,布里斯班狮吼,墨尔本胜利,2.17,3.3,2.74,1,0,0,胜,official_result_market_odds,2026-08-11T21:44:29
2025-11-29,2035473,2025-11-29,周五002,德国乙级联赛,沙尔克04,帕德博恩,2.4,3.2,2.5,2,1,0,胜,official_result_market_odds,2026-08-11T21:44:29
2025-11-29,2035474,2025-11-29,周五003,德国乙级联赛,汉诺威96,卡尔斯鲁厄,1.33,4.8,5.9,3,0,0,胜,official_result_market_odds,2026-08-11T21:44:29
2025-11-29,2035475,2025-11-29,周五004,法国杯,阿纳西,格勒诺布尔,1.8,3.1,4.0,1,2,2,负,official_result_market_odds,2026-08-11T21:44:29
2025-11-29,2035476,2025-11-29,周五005,荷兰甲级联赛,兹沃勒,海伦芬,3.98,3.9,1.61,2,1,0,胜,official_result_market_odds,2026-08-11T21:44:29
2025-11-29,2035477,2025-11-29,周五006,荷兰乙级联赛,登博思,威廉二世,2.4,3.6,2.3,2,1,0,胜,official_result_market_odds,2026-08-11T21:44:29
2025-11-29,2035478,2025-11-29,周五007,荷兰乙级联赛,芬洛,海牙,4.95,4.3,1.44,0,3,2,负,official_result_market_odds,2026-08-11T21:44:29
2025-11-29,2035479,2025-11-29,周五008,荷兰乙级联赛,坎布尔,海尔蒙特,1.39,4.4,5.5,0,0,1,平,official_result_market_odds,2026-08-11T21:44:29
2025-11-29,2035480,2025-11-29,周五009,德国甲级联赛,门兴格拉德巴赫,莱比锡红牛,2.8,3.75,1.98,0,0,1,平,official_result_market_odds,2026-08-11T21:44:29
2025-11-29,2035481,2025-11-29,周五010,意大利甲级联赛,科莫,萨索洛,1.57,3.5,4.85,2,0,0,胜,official_result_market_odds,2026-08-11T21:44:29
2025-11-29,2035482,2025-11-29,周五011,法国甲级联赛,梅斯,雷恩,3.61,3.6,1.74,0,1,2,负,official_result_market_odds,2026-08-11T21:44:29
2025-11-29,2035483,2025-11-29,周五012,英格兰冠军联赛,牛津联,伊普斯维奇,5.35,3.75,1.48,2,1,0,胜,official_result_market_odds,2026-08-11T21:44:29
2025-11-29,2035484,2025-11-29,周五013,西班牙甲级联赛,赫塔费,埃尔切,2.01,2.7,3.82,1,0,0,胜,official_result_market_odds,2026-08-11T21:44:29
2025-11-29,2035485,2025-11-29,周五014,葡萄牙超级联赛,吉马良斯,阿维斯SAD,1.55,3.4,5.25,4,0,0,胜,official_result_market_odds,2026-08-11T21:44:29
2025-11-29,2035486,2025-11-29,周五015,巴西甲级联赛,瓦斯科达伽马,巴西国际,2.16,2.98,3.02,5,1,0,胜,official_result_market_odds,2026-08-11T21:44:29
2025-11-29,2035511,2025-11-29,周六001,澳大利亚超级联赛,惠灵顿凤凰,阿德莱德联,3.06,3.65,1.89,2,1,0,胜,official_result_market_odds,2026-08-11T21:44:29
2025-11-29,2035512,2025-11-29,周六002,日本乙级联赛,德岛漩涡,长崎航海,2.7,3.05,2.32,1,1,1,平,official_result_market_odds,2026-08-11T21:44:29
2025-11-29,2035513,2025-11-29,周六003,日本乙级联赛,仙台七夕,磐城FC,1.65,3.45,4.28,0,1,2,负,official_result_market_odds,2026-08-11T21:44:29
2025-11-29,2035514,2025-11-29,周六004,日本乙级联赛,熊本深红,甲府风林,1.66,3.5,4.15,0,0,1,平,official_result_market_odds,2026-08-11T21:44:29
2025-11-29,2035515,2025-11-29,周六005,日本乙级联赛,富山胜利,秋田蓝色闪电,1.78,3.4,3.65,4,1,0,胜,official_result_market_odds,2026-08-11T21:44:29
2025-11-29,2035516,2025-11-29,周六006,日本乙级联赛,水户蜀葵,大分三神,1.41,3.85,6.25,2,0,0,胜,official_result_market_odds,2026-08-11T21:44:29
2025-11-29,2035517,2025-11-29,周六007,澳大利亚超级联赛,中央海岸水手,墨尔本城,4.55,3.73,1.56,0,0,1,平,official_result_market_odds,2026-08-11T21:44:29
2025-11-29,2035518,2025-11-29,周六008,澳大利亚超级联赛,西悉尼漫步者,悉尼FC,2.86,3.75,1.95,1,0,0,胜,official_result_market_odds,2026-08-11T21:44:29
2025-11-29,2035519,2025-11-29,周六009,德国乙级联赛,基尔,柏林赫塔,2.25,3.3,2.62,0,1,2,负,official_result_market_odds,2026-08-11T21:44:29
2025-11-29,2035520,2025-11-29,周六010,德国乙级联赛,不伦瑞克,凯泽斯劳滕,3.09,3.45,1.94,2,0,0,胜,official_result_market_odds,2026-08-11T21:44:29
2025-11-29,2035521,2025-11-29,周六011,德国乙级联赛,菲尔特,波鸿,3.05,3.6,1.91,0,3,2,负,official_result_market_odds,2026-08-11T21:44:29
2025-11-29,2035522,2025-11-29,周六012,英格兰冠军联赛,斯托克城,赫尔城,1.58,3.61,4.55,1,2,2,负,official_result_market_odds,2026-08-11T21:44:29
2025-11-29,2035523,2025-11-29,周六013,英格兰冠军联赛,莱切斯特城,谢菲尔德联,2.18,3.18,2.81,2,3,2,负,official_result_market_odds,2026-08-11T21:44:29
2025-11-29,2035524,2025-11-29,周六014,英格兰冠军联赛,朴次茅斯,布里斯托尔城,2.68,3.12,2.3,0,1,2,负,official_result_market_odds,2026-08-11T21:44:29
2025-11-29,2035525,2025-11-29,周六015,西班牙甲级联赛,马洛卡,奥萨苏纳,2.16,2.92,3.1,2,2,1,平,official_result_market_odds,2026-08-11T21:44:29
2025-11-29,2035526,2025-11-29,周六016,意大利甲级联赛,帕尔马,乌迪内斯,2.55,2.84,2.6,0,2,2,负,official_result_market_odds,2026-08-11T21:44:29
2025-11-29,2035527,2025-11-29,周六017,意大利甲级联赛,热那亚,维罗纳,1.88,2.68,4.45,2,1,0,胜,official_result_market_odds,2026-08-11T21:44:29
2025-11-29,2035528,2025-11-29,周六018,瑞典超级联赛,北雪平,厄尔格里特,1.62,3.95,3.88,0,0,1,平,official_result_market_odds,2026-08-11T21:44:29
2025-11-29,2035530,2025-11-29,周六020,德国甲级联赛,霍芬海姆,奥格斯堡,1.53,3.95,4.5,3,0,0,胜,official_result_market_odds,2026-08-11T21:44:29
2025-11-29,2035531,2025-11-29,周六021,德国甲级联赛,柏林联合,海登海姆,1.42,3.85,6.05,1,2,2,负,official_result_market_odds,2026-08-11T21:44:29
2025-11-29,2035532,2025-11-29,周六022,德国甲级联赛,云达不来梅,科隆,1.98,3.6,2.9,1,1,1,平,official_result_market_odds,2026-08-11T21:44:29
2025-11-29,2035533,2025-11-29,周六023,英格兰超级联赛,布伦特福德,伯恩利,1.33,4.35,6.75,3,1,0,胜,official_result_market_odds,2026-08-11T21:44:29
2025-11-29,2035534,2025-11-29,周六024,英格兰超级联赛,桑德兰,伯恩茅斯,2.94,3.15,2.12,3,2,0,胜,official_result_market_odds,2026-08-11T21:44:29
2025-11-29,2035535,2025-11-29,周六025,英格兰超级联赛,曼彻斯特城,利兹联,1.13,6.25,12.0,3,2,0,胜,official_result_market_odds,2026-08-11T21:44:29
2025-11-29,2035536,2025-11-29,周六026,英格兰冠军联赛,米德尔斯堡,德比郡,1.78,3.1,4.1,2,1,0,胜,official_result_market_odds,2026-08-11T21:44:29
2025-11-29,2035537,2025-11-29,周六027,英格兰冠军联赛,米尔沃尔,南安普敦,2.94,3.22,2.09,3,2,0,胜,official_result_market_odds,2026-08-11T21:44:29
2025-11-29,2035538,2025-11-29,周六028,英格兰冠军联赛,西布罗姆维奇,斯旺西,1.69,3.28,4.3,3,2,0,胜,official_result_market_odds,2026-08-11T21:44:29
2025-11-29,2035539,2025-11-29,周六029,西班牙甲级联赛,巴塞罗那,阿拉维斯,1.15,6.2,10.2,3,1,0,胜,official_result_market_odds,2026-08-11T21:44:29
2025-11-29,2035540,2025-11-29,周六030,荷兰甲级联赛,SBV精英,布雷达,2.2,3.35,2.66,1,0,0,胜,official_result_market_odds,2026-08-11T21:44:29
2025-11-29,2035541,2025-11-29,周六031,葡萄牙超级联赛,摩雷伦斯,法马利康,3.25,2.9,2.1,2,2,1,平,official_result_market_odds,2026-08-11T21:44:29
2025-11-29,2035542,2025-11-29,周六032,葡萄牙超级联赛,卡萨皮亚,阿尔维卡,2.26,2.88,2.95,0,2,2,负,official_result_market_odds,2026-08-11T21:44:29
2025-11-30,2035543,2025-11-30,周六033,法国甲级联赛,摩纳哥,巴黎圣日尔曼,4.5,4.4,1.47,1,0,0,胜,official_result_market_odds,2026-08-11T21:44:29
2025-11-30,2035544,2025-11-30,周六034,意大利甲级联赛,尤文图斯,卡利亚里,1.14,5.95,12.0,2,1,0,胜,official_result_market_odds,2026-08-11T21:44:29
2025-11-30,2035545,2025-11-30,周六035,英格兰超级联赛,埃弗顿,纽卡斯尔联,2.55,3.1,2.42,1,4,2,负,official_result_market_odds,2026-08-11T21:44:29
2025-11-30,2035546,2025-11-30,周六036,德国甲级联赛,勒沃库森,多特蒙德,2.4,3.45,2.37,1,2,2,负,official_result_market_odds,2026-08-11T21:44:29
2025-11-30,2035547,2025-11-30,周六037,西班牙甲级联赛,莱万特,毕尔巴鄂竞技,3.2,3.1,2.03,0,2,2,负,official_result_market_odds,2026-08-11T21:44:29
2025-11-30,2035548,2025-11-30,周六038,荷兰甲级联赛,福图纳锡塔德,赫拉克勒斯,1.85,3.45,3.35,1,1,1,平,official_result_market_odds,2026-08-11T21:44:29
2025-11-30,2035549,2025-11-30,周六039,法国甲级联赛,巴黎FC,欧塞尔,1.68,3.45,4.1,1,1,1,平,official_result_market_odds,2026-08-11T21:44:29
2025-11-30,2035550,2025-11-30,周六040,德国乙级联赛,马格德堡,纽伦堡,2.1,3.6,2.66,3,0,0,胜,official_result_market_odds,2026-08-11T21:44:29
2025-11-30,2035551,2025-11-30,周六041,意大利甲级联赛,AC米兰,拉齐奥,1.48,3.8,5.25,1,0,0,胜,official_result_market_odds,2026-08-11T21:44:29
2025-11-30,2035552,2025-11-30,周六042,英格兰超级联赛,托特纳姆热刺,富勒姆,2.03,3.18,3.1,1,2,2,负,official_result_market_odds,2026-08-11T21:44:29
2025-11-30,2035554,2025-11-30,周六044,法国甲级联赛,马赛,图卢兹,1.46,3.95,5.25,2,2,1,平,official_result_market_odds,2026-08-11T21:44:29
2025-11-30,2035555,2025-11-30,周六045,葡萄牙超级联赛,吉维森特,通德拉,1.46,3.65,5.9,0,1,2,负,official_result_market_odds,2026-08-11T21:44:29
2025-11-30,2035556,2025-11-30,周六046,美国职业大联盟,迈阿密国际,纽约城,1.37,4.55,5.55,5,1,0,胜,official_result_market_odds,2026-08-11T21:44:29
2025-11-30,2035557,2025-11-30,周六047,美国职业大联盟,圣迭戈FC,温哥华白帽,2.17,3.38,2.68,1,3,2,负,official_result_market_odds,2026-08-11T21:44:29
2025-11-30,2035558,2025-11-30,周日001,日本职业联赛,福冈黄蜂,大阪钢巴,2.43,3.08,2.55,1,0,0,胜,official_result_market_odds,2026-08-11T21:44:29
2025-11-30,2035559,2025-11-30,周日002,日本职业联赛,东京绿茵,鹿岛鹿角,5.37,3.45,1.53,0,1,2,负,official_result_market_odds,2026-08-11T21:44:29
2025-11-30,2035560,2025-11-30,周日003,日本职业联赛,新潟天鹅,柏太阳神,6.8,4.6,1.31,1,3,2,负,official_result_market_odds,2026-08-11T21:44:29
2025-11-30,2035561,2025-11-30,周日004,日本职业联赛,横滨水手,大阪樱花,2.36,3.75,2.28,3,1,0,胜,official_result_market_odds,2026-08-11T21:44:29
2025-11-30,2035562,2025-11-30,周日005,日本职业联赛,川崎前锋,广岛三箭,2.65,3.65,2.1,1,2,2,负,official_result_market_odds,2026-08-11T21:44:29
2025-11-30,2035563,2025-11-30,周日006,韩国职业联赛,大邱FC,安养FC,1.9,3.5,3.15,2,2,1,平,official_result_market_odds,2026-08-11T21:44:29
2025-11-30,2035564,2025-11-30,周日007,韩国职业联赛,水原FC,光州FC,1.62,3.6,4.27,0,1,2,负,official_result_market_odds,2026-08-11T21:44:29
2025-11-30,2035565,2025-11-30,周日008,韩国职业联赛,蔚山现代,济州SK,1.75,3.38,3.81,0,1,2,负,official_result_market_odds,2026-08-11T21:44:29
2025-11-30,2035566,2025-11-30,周日009,澳大利亚超级联赛,麦克阿瑟FC,珀斯光荣,1.81,3.6,3.35,0,2,2,负,official_result_market_odds,2026-08-11T21:44:29
2025-11-30,2035567,2025-11-30,周日010,韩国职业联赛,全北现代,首尔FC,2.66,3.3,2.22,2,1,0,胜,official_result_market_odds,2026-08-11T21:44:29
2025-11-30,2035568,2025-11-30,周日011,韩国职业联赛,江原FC,浦项制铁,1.7,3.3,4.2,1,0,0,胜,official_result_market_odds,2026-08-11T21:44:29
2025-11-30,2035569,2025-11-30,周日012,韩国职业联赛,金泉尚武,大田市民,2.57,3.45,2.22,0,3,2,负,official_result_market_odds,2026-08-11T21:44:29
2025-11-30,2035571,2025-11-30,周日014,荷兰乙级联赛,马斯特里赫特,罗达JC,3.85,3.8,1.65,0,0,1,平,official_result_market_odds,2026-08-11T21:44:29
2025-11-30,2035572,2025-11-30,周日015,意大利甲级联赛,莱切,都灵,2.78,2.77,2.45,2,1,0,胜,official_result_market_odds,2026-08-11T21:44:29
2025-11-30,2035573,2025-11-30,周日016,英格兰超级联赛,水晶宫,曼彻斯特联,1.92,3.5,3.1,1,2,2,负,official_result_market_odds,2026-08-11T21:44:29
2025-11-30,2035574,2025-11-30,周日017,德国乙级联赛,比勒费尔德,明斯特普鲁士,1.58,3.8,4.3,1,2,2,负,official_result_market_odds,2026-08-11T21:44:29
2025-11-30,2035575,2025-11-30,周日018,德国乙级联赛,埃尔沃斯堡,达姆施塔特,1.68,3.65,3.85,0,0,1,平,official_result_market_odds,2026-08-11T21:44:29
2025-11-30,2035576,2025-11-30,周日019,德国乙级联赛,德累斯顿,杜塞尔多夫,2.07,3.46,2.8,2,1,0,胜,official_result_market_odds,2026-08-11T21:44:29
2025-11-30,2035577,2025-11-30,周日020,西班牙甲级联赛,皇家社会,比利亚雷亚尔,2.57,3.2,2.34,2,3,2,负,official_result_market_odds,2026-08-11T21:44:29
2025-11-30,2035578,2025-11-30,周日021,荷兰甲级联赛,特尔斯达,费耶诺德,4.95,4.5,1.42,1,2,2,负,official_result_market_odds,2026-08-11T21:44:29
2025-11-30,2035579,2025-11-30,周日022,荷兰甲级联赛,前进之鹰,乌德勒支,2.73,3.35,2.15,2,2,1,平,official_result_market_odds,2026-08-11T21:44:29
2025-11-30,2035580,2025-11-30,周日023,意大利甲级联赛,比萨,国际米兰,11.5,5.55,1.16,0,2,2,负,official_result_market_odds,2026-08-11T21:44:29
2025-11-30,2035581,2025-11-30,周日024,法国甲级联赛,斯特拉斯堡,布雷斯特,1.58,3.75,4.35,1,2,2,负,official_result_market_odds,2026-08-11T21:44:29
2025-11-30,2035582,2025-11-30,周日025,英格兰超级联赛,西汉姆联,利物浦,4.6,4.25,1.48,0,2,2,负,official_result_market_odds,2026-08-11T21:44:29
2025-11-30,2035583,2025-11-30,周日026,英格兰超级联赛,阿斯顿维拉,狼队,1.35,4.35,6.35,1,0,0,胜,official_result_market_odds,2026-08-11T21:44:29
2025-11-30,2035584,2025-11-30,周日027,英格兰超级联赛,诺丁汉森林,布赖顿,2.5,3.2,2.4,0,2,2,负,official_result_market_odds,2026-08-11T21:44:29
2025-11-30,2035585,2025-11-30,周日028,德国甲级联赛,汉堡,斯图加特,2.55,3.42,2.25,2,1,0,胜,official_result_market_odds,2026-08-11T21:44:29
2025-11-30,2035586,2025-11-30,周日029,西班牙甲级联赛,塞维利亚,皇家贝蒂斯,2.73,3.15,2.25,0,2,2,负,official_result_market_odds,2026-08-11T21:44:29
2025-11-30,2035587,2025-11-30,周日030,荷兰甲级联赛,特温特,阿尔克马尔,2.02,3.65,2.78,1,0,0,胜,official_result_market_odds,2026-08-11T21:44:29
2025-12-01,2035588,2025-12-01,周日031,挪威超级联赛,维京,瓦勒伦加,1.11,7.5,10.5,5,1,0,胜,official_result_market_odds,2026-08-11T21:44:29
2025-12-01,2035589,2025-12-01,周日032,挪威超级联赛,萨尔普斯堡,莫尔德,2.45,3.88,2.16,1,0,0,胜,official_result_market_odds,2026-08-11T21:44:29
2025-12-01,2035591,2025-12-01,周日034,法国甲级联赛,洛里昂,尼斯,2.25,3.25,2.65,3,1,0,胜,official_result_market_odds,2026-08-11T21:44:29
2025-12-01,2035592,2025-12-01,周日035,法国甲级联赛,昂热,朗斯,4.7,3.75,1.54,1,2,2,负,official_result_market_odds,2026-08-11T21:44:29
2025-12-01,2035593,2025-12-01,周日036,法国甲级联赛,勒阿弗尔,里尔,4.28,3.6,1.62,0,1,2,负,official_result_market_odds,2026-08-11T21:44:29
2025-12-01,2035594,2025-12-01,周日037,英格兰超级联赛,切尔西,阿森纳,3.05,3.17,2.06,1,1,1,平,official_result_market_odds,2026-08-11T21:44:29
2025-12-01,2035595,2025-12-01,周日038,德国甲级联赛,法兰克福,沃尔夫斯堡,1.82,3.65,3.27,1,1,1,平,official_result_market_odds,2026-08-11T21:44:29
2025-12-01,2035596,2025-12-01,周日039,意大利甲级联赛,亚特兰大,佛罗伦萨,1.45,3.95,5.35,2,0,0,胜,official_result_market_odds,2026-08-11T21:44:29
2025-12-01,2035597,2025-12-01,周日040,西班牙甲级联赛,维戈塞尔塔,西班牙人,1.92,3.2,3.4,0,1,2,负,official_result_market_odds,2026-08-11T21:44:29
2025-12-01,2035599,2025-12-01,周日042,德国甲级联赛,弗赖堡,美因茨,1.67,3.45,4.15,4,0,0,胜,official_result_market_odds,2026-08-11T21:44:29
2025-12-01,2035601,2025-12-01,周日044,巴西甲级联赛,科林蒂安,博塔弗戈,2.2,2.99,2.94,2,2,1,平,official_result_market_odds,2026-08-11T21:44:29
2025-12-01,2035602,2025-12-01,周日045,意大利甲级联赛,罗马,那不勒斯,2.38,2.75,2.9,0,1,2,负,official_result_market_odds,2026-08-11T21:44:29
2025-12-01,2035603,2025-12-01,周日046,法国甲级联赛,里昂,南特,1.31,4.5,7.0,3,0,0,胜,official_result_market_odds,2026-08-11T21:44:29
2025-12-01,2035604,2025-12-01,周日047,西班牙甲级联赛,赫罗纳,皇家马德里,6.4,5.05,1.29,1,1,1,平,official_result_market_odds,2026-08-11T21:44:29
2025-12-02,2035606,2025-12-02,周一001,意大利甲级联赛,博洛尼亚,克雷莫纳,1.33,4.15,7.3,1,3,2,负,official_result_market_odds,2026-08-11T21:44:29
2025-12-02,2035607,2025-12-02,周一002,英格兰冠军联赛,伯明翰,沃特福德,1.63,3.38,4.55,2,1,0,胜,official_result_market_odds,2026-08-11T21:44:29
2025-12-02,2035608,2025-12-02,周一003,西班牙甲级联赛,巴列卡诺,巴伦西亚,1.96,2.87,3.7,1,1,1,平,official_result_market_odds,2026-08-11T21:44:29
2025-12-02,2035609,2025-12-02,周一004,葡萄牙超级联赛,阿罗卡,布拉加,6.2,4.3,1.36,0,4,2,负,official_result_market_odds,2026-08-11T21:44:29
2025-12-03,2035658,2025-12-03,周二001,德国杯,柏林赫塔,凯泽斯劳滕,1.82,3.45,3.45,6,1,0,胜,official_result_market_odds,2026-08-11T21:44:29
2025-12-03,2035659,2025-12-03,周二002,德国杯,门兴格拉德巴赫,圣保利,1.53,3.65,4.95,1,2,2,负,official_result_market_odds,2026-08-11T21:44:29
2025-12-03,2035660,2025-12-03,周二003,英格兰锦标赛,博尔顿,布拉德福德,1.59,3.75,4.3,3,0,0,胜,official_result_market_odds,2026-08-11T21:44:29
2025-12-03,2035661,2025-12-03,周二004,英格兰锦标赛,卢顿,埃克塞特城,1.38,4.25,5.9,4,0,0,胜,official_result_market_odds,2026-08-11T21:44:29
2025-12-03,2035662,2025-12-03,周二005,英格兰锦标赛,维尔港,巴恩斯利,2.4,3.25,2.47,5,0,0,胜,official_result_market_odds,2026-08-11T21:44:29
2025-12-03,2035663,2025-12-03,周二006,英格兰锦标赛,莱顿东方,普利茅斯,1.89,3.45,3.25,0,1,2,负,official_result_market_odds,2026-08-11T21:44:29
2025-12-03,2035664,2025-12-03,周二007,英格兰锦标赛,林肯城,哈德斯菲尔德,2.12,3.2,2.9,0,2,2,负,official_result_market_odds,2026-08-11T21:44:29
2025-12-03,2035665,2025-12-03,周二008,英格兰锦标赛,加的夫城,AFC温布尔登,2.09,3.25,2.92,1,5,2,负,official_result_market_odds,2026-08-11T21:44:29
2025-12-03,2035666,2025-12-03,周二009,英格兰锦标赛,北安普敦,威科姆,3.21,3.15,2.0,2,0,0,胜,official_result_market_odds,2026-08-11T21:44:29
2025-12-03,2035667,2025-12-03,周二010,英格兰超级联赛,富勒姆,曼彻斯特城,4.75,3.98,1.5,4,5,2,负,official_result_market_odds,2026-08-11T21:44:29
2025-12-03,2035668,2025-12-03,周二011,英格兰超级联赛,伯恩茅斯,埃弗顿,1.94,3.28,3.25,0,1,2,负,official_result_market_odds,2026-08-11T21:44:29
2025-12-03,2035669,2025-12-03,周二012,英格兰甲级联赛,维冈竞技,伯顿,1.68,3.3,4.32,1,0,0,胜,official_result_market_odds,2026-08-11T21:44:29
2025-12-03,2035670,2025-12-03,周二013,德国杯,多特蒙德,勒沃库森,1.68,3.75,3.74,0,1,2,负,official_result_market_odds,2026-08-11T21:44:29
2025-12-03,2035671,2025-12-03,周二014,德国杯,莱比锡红牛,马格德堡,1.18,6.2,8.3,3,1,0,胜,official_result_market_odds,2026-08-11T21:44:29
2025-12-03,2035672,2025-12-03,周二015,意大利杯,尤文图斯,乌迪内斯,1.25,4.8,8.25,2,0,0,胜,official_result_market_odds,2026-08-11T21:44:29
2025-12-03,2035673,2025-12-03,周二016,西班牙甲级联赛,巴塞罗那,马德里竞技,1.57,4.17,3.95,3,1,0,胜,official_result_market_odds,2026-08-11T21:44:29
2025-12-03,2035674,2025-12-03,周二017,英格兰超级联赛,纽卡斯尔联,托特纳姆热刺,1.67,3.62,3.93,2,2,1,平,official_result_market_odds,2026-08-11T21:44:29
2025-12-03,2035675,2025-12-03,周二018,巴西甲级联赛,格雷米奥,弗鲁米嫩塞,2.78,2.95,2.32,1,2,2,负,official_result_market_odds,2026-08-11T21:44:29
2025-12-03,2035676,2025-12-03,周三001,意大利杯,亚特兰大,热那亚,1.35,4.05,7.15,4,0,0,胜,official_result_market_odds,2026-08-11T21:44:29
2025-12-03,2035699,2025-12-03,周三015,韩国职业联赛,水原三星,济州SK,2.04,3.07,3.2,0,1,2,负,official_result_market_odds,2026-08-11T21:44:29
2025-12-04,2035677,2025-12-04,周三002,德国杯,波鸿,斯图加特,5.2,4.5,1.4,0,2,2,负,official_result_market_odds,2026-08-11T21:44:29
2025-12-04,2035678,2025-12-04,周三003,德国杯,弗赖堡,达姆施塔特,1.46,3.95,5.25,2,0,0,胜,official_result_market_odds,2026-08-11T21:44:29
2025-12-04,2035679,2025-12-04,周三004,意大利杯,那不勒斯,卡利亚里,1.29,4.38,7.95,1,1,1,平,official_result_market_odds,2026-08-11T21:44:29
2025-12-04,2035680,2025-12-04,周三005,西班牙甲级联赛,毕尔巴鄂竞技,皇家马德里,4.95,3.9,1.49,0,3,2,负,official_result_market_odds,2026-08-11T21:44:29
2025-12-04,2035681,2025-12-04,周三006,荷兰杯,兹沃勒,阿尔克马尔,4.55,4.05,1.51,1,3,2,负,official_result_market_odds,2026-08-11T21:44:29
2025-12-04,2035683,2025-12-04,周三008,英格兰超级联赛,伯恩利,水晶宫,5.0,3.47,1.56,0,1,2,负,official_result_market_odds,2026-08-11T21:44:29
2025-12-04,2035684,2025-12-04,周三009,英格兰超级联赛,狼队,诺丁汉森林,3.1,3.02,2.1,0,1,2,负,official_result_market_odds,2026-08-11T21:44:29
2025-12-04,2035685,2025-12-04,周三010,英格兰超级联赛,阿森纳,布伦特福德,1.27,4.6,8.0,2,0,0,胜,official_result_market_odds,2026-08-11T21:44:29
2025-12-04,2035686,2025-12-04,周三011,德国杯,柏林联合,拜仁慕尼黑,9.75,6.05,1.16,2,3,2,负,official_result_market_odds,2026-08-11T21:44:29
2025-12-04,2035687,2025-12-04,周三012,德国杯,汉堡,基尔,1.59,3.7,4.35,0,0,1,平,official_result_market_odds,2026-08-11T21:44:29
2025-12-04,2035688,2025-12-04,周三013,英格兰超级联赛,利物浦,桑德兰,1.24,5.25,7.55,1,1,1,平,official_result_market_odds,2026-08-11T21:44:29
2025-12-04,2035689,2025-12-04,周三014,英格兰超级联赛,利兹联,切尔西,3.67,3.55,1.74,3,1,0,胜,official_result_market_odds,2026-08-11T21:44:29
2025-12-05,2035690,2025-12-05,周四001,意大利杯,博洛尼亚,帕尔马,1.34,4.05,7.35,2,1,0,胜,official_result_market_odds,2026-08-11T21:44:29
2025-12-05,2035691,2025-12-05,周四002,英格兰超级联赛,曼彻斯特联,西汉姆联,1.28,4.95,6.85,1,1,1,平,official_result_market_odds,2026-08-11T21:44:29
2025-12-05,2035692,2025-12-05,周四003,意大利杯,拉齐奥,AC米兰,3.19,3.0,2.07,1,0,0,胜,official_result_market_odds,2026-08-11T21:44:29
2025-12-05,2035693,2025-12-05,周四004,巴西甲级联赛,克鲁塞罗,博塔弗戈,1.72,3.2,4.25,2,2,1,平,official_result_market_odds,2026-08-11T21:44:29
2025-12-05,2035700,2025-12-05,周四005,韩国职业联赛,富川FC,水原FC,2.94,2.9,2.25,1,0,0,胜,official_result_market_odds,2026-08-11T21:44:29
2025-12-05,2035720,2025-12-05,周五001,澳大利亚超级联赛,麦克阿瑟FC,墨尔本胜利,2.35,3.33,2.48,0,0,1,平,official_result_market_odds,2026-08-11T21:44:29
2025-12-05,2035721,2025-12-05,周五002,澳大利亚超级联赛,珀斯光荣,西悉尼漫步者,2.8,3.5,2.06,1,0,0,胜,official_result_market_odds,2026-08-11T21:44:29
2025-12-06,2035722,2025-12-06,周五003,德国乙级联赛,明斯特普鲁士,汉诺威96,4.3,3.85,1.57,2,2,1,平,official_result_market_odds,2026-08-11T21:44:29
2025-12-06,2035723,2025-12-06,周五004,德国乙级联赛,杜塞尔多夫,沙尔克04,3.16,3.3,1.96,0,2,2,负,official_result_market_odds,2026-08-11T21:44:29
2025-12-06,2035724,2025-12-06,周五005,法国甲级联赛,布雷斯特,摩纳哥,3.27,3.5,1.86,1,0,0,胜,official_result_market_odds,2026-08-11T21:44:29
2025-12-06,2035725,2025-12-06,周五006,法国乙级联赛,勒芒,亚眠,1.28,4.45,8.1,1,0,0,胜,official_result_market_odds,2026-08-11T21:44:29
2025-12-06,2035726,2025-12-06,周五007,法国乙级联赛,甘冈,阿纳西,1.78,3.12,4.05,0,3,2,负,official_result_market_odds,2026-08-11T21:44:29
2025-12-06,2035728,2025-12-06,周五009,法国乙级联赛,格勒诺布尔,南锡,2.5,3.0,2.53,1,0,0,胜,official_result_market_odds,2026-08-11T21:44:29
2025-12-06,2035729,2025-12-06,周五010,法国乙级联赛,克莱蒙,布洛涅,2.14,2.85,3.22,1,1,1,平,official_result_market_odds,2026-08-11T21:44:29
2025-12-06,2035730,2025-12-06,周五011,荷兰甲级联赛,SBV精英,格罗宁根,3.15,3.43,1.92,0,2,2,负,official_result_market_odds,2026-08-11T21:44:29
2025-12-06,2035731,2025-12-06,周五012,荷兰乙级联赛,海尔蒙特,马斯特里赫特,1.48,4.1,4.8,2,4,2,负,official_result_market_odds,2026-08-11T21:44:29
2025-12-06,2035732,2025-12-06,周五013,荷兰乙级联赛,海牙,埃门,1.17,5.9,9.5,2,1,0,胜,official_result_market_odds,2026-08-11T21:44:29
2025-12-06,2035733,2025-12-06,周五014,荷兰乙级联赛,坎布尔,登博思,1.48,4.35,4.48,2,1,0,胜,official_result_market_odds,2026-08-11T21:44:29
2025-12-06,2035734,2025-12-06,周五015,荷兰乙级联赛,瓦尔韦克,芬洛,1.58,3.92,4.15,1,2,2,负,official_result_market_odds,2026-08-11T21:44:29
2025-12-06,2035735,2025-12-06,周五016,德国甲级联赛,美因茨,门兴格拉德巴赫,2.35,3.3,2.5,0,1,2,负,official_result_market_odds,2026-08-11T21:44:29
2025-12-06,2035736,2025-12-06,周五017,英格兰冠军联赛,赫尔城,米德尔斯堡,2.92,3.36,2.05,1,4,2,负,official_result_market_odds,2026-08-11T21:44:29
2025-12-06,2035737,2025-12-06,周五018,西班牙甲级联赛,皇家奥维耶多,马洛卡,2.38,2.8,2.84,0,0,1,平,official_result_market_odds,2026-08-11T21:44:29
2025-12-06,2035738,2025-12-06,周五019,法国甲级联赛,里尔,马赛,2.18,3.38,2.67,1,0,0,胜,official_result_market_odds,2026-08-11T21:44:29
2025-12-06,2035739,2025-12-06,周五020,葡萄牙超级联赛,本菲卡,里斯本竞技,2.58,2.9,2.52,1,1,1,平,official_result_market_odds,2026-08-11T21:44:29
2025-12-06,2035757,2025-12-06,周六001,澳大利亚超级联赛,奥克兰FC,惠灵顿凤凰,1.44,3.96,5.47,3,1,0,胜,official_result_market_odds,2026-08-11T21:44:29
2025-12-06,2035758,2025-12-06,周六002,韩国杯,光州FC,全北现代,3.38,2.9,2.05,1,1,1,平,official_result_market_odds,2026-08-11T21:44:29
2025-12-06,2035759,2025-12-06,周六003,日本职业联赛,鹿岛鹿角,横滨水手,1.33,4.6,6.25,2,1,0,胜,official_result_market_odds,2026-08-11T21:44:29
2025-12-06,2035760,2025-12-06,周六004,日本职业联赛,浦和红钻,川崎前锋,2.4,3.48,2.35,4,0,0,胜,official_result_market_odds,2026-08-11T21:44:29
2025-12-06,2035761,2025-12-06,周六005,日本职业联赛,柏太阳神,町田泽维亚,1.52,3.9,4.7,1,0,0,胜,official_result_market_odds,2026-08-11T21:44:29
2025-12-06,2035762,2025-12-06,周六006,日本职业联赛,京都不死鸟,神户胜利船,2.98,3.35,2.02,2,0,0,胜,official_result_market_odds,2026-08-11T21:44:29
2025-12-06,2035763,2025-12-06,周六007,澳大利亚超级联赛,纽卡斯尔喷气机,墨尔本城,2.83,3.8,1.95,0,1,2,负,official_result_market_odds,2026-08-11T21:44:29
2025-12-06,2035764,2025-12-06,周六008,澳大利亚超级联赛,中央海岸水手,悉尼FC,4.2,3.77,1.6,1,2,2,负,official_result_market_odds,2026-08-11T21:44:29
2025-12-06,2035765,2025-12-06,周六009,德国乙级联赛,帕德博恩,埃尔沃斯堡,2.25,3.25,2.65,1,2,2,负,official_result_market_odds,2026-08-11T21:44:29
2025-12-06,2035766,2025-12-06,周六010,德国乙级联赛,波鸿,比勒费尔德,2.28,3.16,2.67,1,0,0,胜,official_result_market_odds,2026-08-11T21:44:29
2025-12-06,2035767,2025-12-06,周六011,英格兰超级联赛,阿斯顿维拉,阿森纳,3.75,3.2,1.82,2,1,0,胜,official_result_market_odds,2026-08-11T21:44:29
2025-12-06,2035769,2025-12-06,周六013,英格兰冠军联赛,德比郡,莱切斯特城,2.68,2.95,2.4,1,3,2,负,official_result_market_odds,2026-08-11T21:44:29
2025-12-06,2035770,2025-12-06,周六014,英格兰冠军联赛,沃特福德,诺维奇,1.6,3.75,4.2,3,2,0,胜,official_result_market_odds,2026-08-11T21:44:29
2025-12-06,2035771,2025-12-06,周六015,西班牙甲级联赛,比利亚雷亚尔,赫塔费,1.51,3.5,5.5,2,0,0,胜,official_result_market_odds,2026-08-11T21:44:29
2025-12-06,2035772,2025-12-06,周六016,法国乙级联赛,特鲁瓦,罗德兹,1.61,3.56,4.4,1,1,1,平,official_result_market_odds,2026-08-11T21:44:29
2025-12-06,2035773,2025-12-06,周六017,意大利甲级联赛,萨索洛,佛罗伦萨,2.58,3.15,2.36,3,1,0,胜,official_result_market_odds,2026-08-11T21:44:29
2025-12-06,2035774,2025-12-06,周六018,德国甲级联赛,沃尔夫斯堡,柏林联合,1.84,3.35,3.48,3,1,0,胜,official_result_market_odds,2026-08-11T21:44:29
2025-12-06,2035775,2025-12-06,周六019,德国甲级联赛,海登海姆,弗赖堡,4.23,3.48,1.65,2,1,0,胜,official_result_market_odds,2026-08-11T21:44:29
2025-12-06,2035776,2025-12-06,周六020,德国甲级联赛,斯图加特,拜仁慕尼黑,4.75,4.55,1.43,0,5,2,负,official_result_market_odds,2026-08-11T21:44:29
2025-12-06,2035777,2025-12-06,周六021,德国甲级联赛,奥格斯堡,勒沃库森,3.35,3.55,1.82,2,0,0,胜,official_result_market_odds,2026-08-11T21:44:29
2025-12-06,2035778,2025-12-06,周六022,德国甲级联赛,科隆,圣保利,1.71,3.55,3.8,1,1,1,平,official_result_market_odds,2026-08-11T21:44:29
2025-12-06,2035779,2025-12-06,周六023,英格兰超级联赛,纽卡斯尔联,伯恩利,1.19,5.45,9.5,2,1,0,胜,official_result_market_odds,2026-08-11T21:44:29
2025-12-06,2035780,2025-12-06,周六024,英格兰超级联赛,伯恩茅斯,切尔西,3.14,3.55,1.89,0,0,1,平,official_result_market_odds,2026-08-11T21:44:29
2025-12-06,2035781,2025-12-06,周六025,英格兰超级联赛,埃弗顿,诺丁汉森林,1.88,3.15,3.57,3,0,0,胜,official_result_market_odds,2026-08-11T21:44:29
2025-12-06,2035782,2025-12-06,周六026,英格兰超级联赛,曼彻斯特城,桑德兰,1.14,6.0,12.0,3,0,0,胜,official_result_market_odds,2026-08-11T21:44:29
2025-12-06,2035783,2025-12-06,周六027,英格兰超级联赛,托特纳姆热刺,布伦特福德,2.25,3.15,2.72,2,0,0,胜,official_result_market_odds,2026-08-11T21:44:29
2025-12-06,2035784,2025-12-06,周六028,英格兰冠军联赛,伊普斯维奇,考文垂,1.98,3.45,3.0,3,0,0,胜,official_result_market_odds,2026-08-11T21:44:29
2025-12-06,2035785,2025-12-06,周六029,西班牙甲级联赛,阿拉维斯,皇家社会,2.62,2.7,2.65,1,0,0,胜,official_result_market_odds,2026-08-11T21:44:29
2025-12-06,2035786,2025-12-06,周六030,荷兰甲级联赛,海伦芬,PSV埃因霍温,3.65,4.15,1.63,0,2,2,负,official_result_market_odds,2026-08-11T21:44:29
2025-12-06,2035787,2025-12-06,周六031,葡萄牙超级联赛,圣克拉拉,卡萨皮亚,1.78,2.96,4.35,1,0,0,胜,official_result_market_odds,2026-08-11T21:44:29
2025-12-07,2035788,2025-12-07,周六032,法国甲级联赛,南特,朗斯,4.9,3.9,1.5,1,2,2,负,official_result_market_odds,2026-08-11T21:44:29
2025-12-07,2035789,2025-12-07,周六033,意大利甲级联赛,国际米兰,科莫,1.38,4.15,6.1,4,0,0,胜,official_result_market_odds,2026-08-11T21:44:29
2025-12-07,2035790,2025-12-07,周六034,英格兰超级联赛,利兹联,利物浦,4.05,3.62,1.65,3,3,1,平,official_result_market_odds,2026-08-11T21:44:29
2025-12-07,2035791,2025-12-07,周六035,德国甲级联赛,莱比锡红牛,法兰克福,1.63,3.95,3.8,6,0,0,胜,official_result_market_odds,2026-08-11T21:44:29
2025-12-07,2035792,2025-12-07,周六036,西班牙甲级联赛,皇家贝蒂斯,巴塞罗那,3.73,4.3,1.59,3,5,2,负,official_result_market_odds,2026-08-11T21:44:29
2025-12-07,2035793,2025-12-07,周六037,荷兰甲级联赛,福图纳锡塔德,阿贾克斯,3.65,3.65,1.72,1,3,2,负,official_result_market_odds,2026-08-11T21:44:29
2025-12-07,2035794,2025-12-07,周六038,法国甲级联赛,图卢兹,斯特拉斯堡,2.43,3.0,2.6,1,0,0,胜,official_result_market_odds,2026-08-11T21:44:29
2025-12-07,2035795,2025-12-07,周六039,荷兰甲级联赛,赫拉克勒斯,特尔斯达,2.02,3.5,2.87,1,1,1,平,official_result_market_odds,2026-08-11T21:44:29
2025-12-07,2035796,2025-12-07,周六040,美国职业大联盟,迈阿密国际,温哥华白帽,1.73,3.76,3.5,3,1,0,胜,official_result_market_odds,2026-08-11T21:44:29
2025-12-07,2035797,2025-12-07,周六041,意大利甲级联赛,维罗纳,亚特兰大,5.2,3.7,1.5,3,1,0,胜,official_result_market_odds,2026-08-11T21:44:29
2025-12-07,2035798,2025-12-07,周六042,西班牙甲级联赛,毕尔巴鄂竞技,马德里竞技,2.75,3.1,2.26,1,0,0,胜,official_result_market_odds,2026-08-11T21:44:29
2025-12-07,2035800,2025-12-07,周六044,法国甲级联赛,巴黎圣日尔曼,雷恩,1.17,5.85,9.6,5,0,0,胜,official_result_market_odds,2026-08-11T21:44:29
2025-12-07,2035801,2025-12-07,周六045,葡萄牙超级联赛,法马利康,布拉加,3.23,3.2,1.97,1,2,2,负,official_result_market_odds,2026-08-11T21:44:29
2025-12-07,2035802,2025-12-07,周日001,日本乙级联赛,千叶市原,大宫松鼠RB,2.2,3.2,2.76,4,3,0,胜,official_result_market_odds,2026-08-11T21:44:29
2025-12-07,2035803,2025-12-07,周日002,日本乙级联赛,德岛漩涡,磐田喜悦,2.0,3.0,3.4,1,1,1,平,official_result_market_odds,2026-08-11T21:44:29
2025-12-07,2035804,2025-12-07,周日003,韩国职业联赛,济州SK,水原三星,2.94,3.19,2.1,2,0,0,胜,official_result_market_odds,2026-08-11T21:44:29
2025-12-07,2035805,2025-12-07,周日004,澳大利亚超级联赛,阿德莱德联,布里斯班狮吼,1.8,3.54,3.43,0,1,2,负,official_result_market_odds,2026-08-11T21:44:29
2025-12-07,2035806,2025-12-07,周日005,荷兰甲级联赛,乌德勒支,特温特,2.3,3.2,2.62,1,1,1,平,official_result_market_odds,2026-08-11T21:44:29
2025-12-07,2035807,2025-12-07,周日006,意大利甲级联赛,克雷莫纳,莱切,2.15,2.9,3.15,2,0,0,胜,official_result_market_odds,2026-08-11T21:44:29
2025-12-07,2035808,2025-12-07,周日007,德国乙级联赛,柏林赫塔,马格德堡,1.58,3.85,4.25,0,2,2,负,official_result_market_odds,2026-08-11T21:44:29
2025-12-07,2035809,2025-12-07,周日008,德国乙级联赛,不伦瑞克,基尔,2.5,3.2,2.4,1,1,1,平,official_result_market_odds,2026-08-11T21:44:29
2025-12-07,2035810,2025-12-07,周日009,德国乙级联赛,纽伦堡,菲尔特,1.58,3.8,4.3,2,2,1,平,official_result_market_odds,2026-08-11T21:44:29
2025-12-07,2035811,2025-12-07,周日010,西班牙甲级联赛,埃尔切,赫罗纳,1.91,3.25,3.35,3,0,0,胜,official_result_market_odds,2026-08-11T21:44:29
2025-12-07,2035812,2025-12-07,周日011,荷兰甲级联赛,阿尔克马尔,前进之鹰,1.22,5.65,7.55,2,2,1,平,official_result_market_odds,2026-08-11T21:44:29
2025-12-07,2035813,2025-12-07,周日012,荷兰甲级联赛,福伦丹,奈梅亨,4.5,4.15,1.5,2,3,2,负,official_result_market_odds,2026-08-11T21:44:29
2025-12-07,2035814,2025-12-07,周日013,意大利甲级联赛,卡利亚里,罗马,5.5,3.45,1.52,1,0,0,胜,official_result_market_odds,2026-08-11T21:44:29
2025-12-07,2035815,2025-12-07,周日014,法国甲级联赛,尼斯,昂热,1.62,3.55,4.35,0,1,2,负,official_result_market_odds,2026-08-11T21:44:29
2025-12-07,2035816,2025-12-07,周日015,德国甲级联赛,汉堡,云达不来梅,2.17,3.35,2.7,3,2,0,胜,official_result_market_odds,2026-08-11T21:44:29
2025-12-07,2035817,2025-12-07,周日016,西班牙甲级联赛,巴伦西亚,塞维利亚,1.88,3.1,3.65,1,1,1,平,official_result_market_odds,2026-08-11T21:44:29
2025-12-07,2035818,2025-12-07,周日017,葡萄牙超级联赛,埃斯托里尔,摩雷伦斯,2.08,2.98,3.2,3,3,1,平,official_result_market_odds,2026-08-11T21:44:29
2025-12-07,2035819,2025-12-07,周日018,荷兰甲级联赛,鹿特丹斯巴达,布雷达,2.03,3.33,2.98,1,0,0,胜,official_result_market_odds,2026-08-11T21:44:29
2025-12-08,2035820,2025-12-08,周日020,法国甲级联赛,勒阿弗尔,巴黎FC,2.64,2.85,2.5,0,0,1,平,official_result_market_odds,2026-08-11T21:44:29
2025-12-08,2035821,2025-12-08,周日021,法国甲级联赛,欧塞尔,梅斯,1.87,3.2,3.54,3,1,0,胜,official_result_market_odds,2026-08-11T21:44:29
2025-12-08,2035822,2025-12-08,周日022,英格兰超级联赛,富勒姆,水晶宫,2.4,3.05,2.6,1,2,2,负,official_result_market_odds,2026-08-11T21:44:29
2025-12-08,2035823,2025-12-08,周日023,德国甲级联赛,多特蒙德,霍芬海姆,1.47,4.25,4.7,2,0,0,胜,official_result_market_odds,2026-08-11T21:44:29
2025-12-08,2035824,2025-12-08,周日024,意大利甲级联赛,拉齐奥,博洛尼亚,2.3,2.9,2.86,1,1,1,平,official_result_market_odds,2026-08-11T21:44:29
2025-12-08,2035825,2025-12-08,周日025,西班牙甲级联赛,西班牙人,巴列卡诺,2.01,3.05,3.29,1,0,0,胜,official_result_market_odds,2026-08-11T21:44:29
2025-12-08,2035826,2025-12-08,周日026,葡萄牙超级联赛,阿马多拉,阿罗卡,1.84,3.17,3.7,3,1,0,胜,official_result_market_odds,2026-08-11T21:44:29
2025-12-08,2035827,2025-12-08,周日027,葡萄牙超级联赛,阿尔维卡,葡萄牙国民,2.05,3.05,3.19,1,0,0,胜,official_result_market_odds,2026-08-11T21:44:29
2025-12-08,2035828,2025-12-08,周日028,巴西甲级联赛,弗鲁米嫩塞,巴伊亚,1.59,3.5,4.65,2,0,0,胜,official_result_market_odds,2026-08-11T21:44:29
2025-12-08,2035829,2025-12-08,周日029,意大利甲级联赛,那不勒斯,尤文图斯,2.31,2.75,3.0,2,1,0,胜,official_result_market_odds,2026-08-11T21:44:29
2025-12-08,2035830,2025-12-08,周日030,法国甲级联赛,洛里昂,里昂,3.33,3.3,1.9,1,0,0,胜,official_result_market_odds,2026-08-11T21:44:29
2025-12-08,2035831,2025-12-08,周日031,西班牙甲级联赛,皇家马德里,维戈塞尔塔,1.17,5.9,9.5,0,2,2,负,official_result_market_odds,2026-08-11T21:44:29
2025-12-08,2035832,2025-12-08,周日032,葡萄牙超级联赛,通德拉,波尔图,11.5,5.55,1.16,0,2,2,负,official_result_market_odds,2026-08-11T21:44:29
2025-12-08,2035833,2025-12-08,周一001,意大利甲级联赛,比萨,帕尔马,2.36,2.77,2.9,0,1,2,负,official_result_market_odds,2026-08-11T21:44:29
2025-12-08,2035840,2025-12-08,周日019,挪威超级联赛,布莱尼,奥勒松,1.85,3.25,3.55,0,4,2,负,official_result_market_odds,2026-08-11T21:44:29
2025-12-08,2035857,2025-12-08,周一008,韩国职业联赛,水原FC,富川FC,1.7,3.35,4.12,2,3,2,负,official_result_market_odds,2026-08-11T21:44:29
2025-12-09,2035834,2025-12-09,周一002,意大利甲级联赛,乌迪内斯,热那亚,2.16,2.83,3.2,1,2,2,负,official_result_market_odds,2026-08-11T21:44:29
2025-12-09,2035835,2025-12-09,周一003,意大利甲级联赛,都灵,AC米兰,4.75,3.6,1.56,2,3,2,负,official_result_market_odds,2026-08-11T21:44:29
2025-12-09,2035836,2025-12-09,周一004,法国乙级联赛,兰斯,拉瓦勒,1.46,3.63,5.9,4,0,0,胜,official_result_market_odds,2026-08-11T21:44:29
2025-12-09,2035837,2025-12-09,周一005,英格兰超级联赛,狼队,曼彻斯特联,4.66,4.1,1.49,1,4,2,负,official_result_market_odds,2026-08-11T21:44:29
2025-12-09,2035838,2025-12-09,周一006,西班牙甲级联赛,奥萨苏纳,莱万特,1.51,3.65,5.2,2,0,0,胜,official_result_market_odds,2026-08-11T21:44:29
2025-12-09,2035839,2025-12-09,周一007,葡萄牙超级联赛,吉马良斯,吉维森特,2.5,2.8,2.69,0,0,1,平,official_result_market_odds,2026-08-11T21:44:29
2025-12-09,2035879,2025-12-09,周二001,亚洲冠军精英联赛,布里兰,江原FC,2.2,2.9,3.03,2,2,1,平,official_result_market_odds,2026-08-11T21:44:29
2025-12-09,2035880,2025-12-09,周二002,亚洲冠军精英联赛,柔佛,上海海港,1.22,5.75,7.35,0,0,1,平,official_result_market_odds,2026-08-11T21:44:29
2025-12-09,2035881,2025-12-09,周二003,欧洲冠军联赛,阿拉木图凯拉特,奥林匹亚科斯,6.2,4.3,1.36,0,1,2,负,official_result_market_odds,2026-08-11T21:44:29
2025-12-10,2035882,2025-12-10,周二004,欧洲冠军联赛,拜仁慕尼黑,里斯本竞技,1.15,6.35,9.75,3,1,0,胜,official_result_market_odds,2026-08-11T21:44:29
2025-12-10,2035883,2025-12-10,周二005,英格兰冠军联赛,普雷斯顿,考文垂,3.73,3.45,1.75,1,1,1,平,official_result_market_odds,2026-08-11T21:44:29
2025-12-10,2035884,2025-12-10,周二006,英格兰冠军联赛,南安普敦,西布罗姆维奇,1.62,3.8,4.02,3,2,0,胜,official_result_market_odds,2026-08-11T21:44:29
2025-12-10,2035885,2025-12-10,周二007,英格兰冠军联赛,布莱克本,牛津联,1.6,3.4,4.75,1,1,1,平,official_result_market_odds,2026-08-11T21:44:29
2025-12-10,2035886,2025-12-10,周二008,英格兰冠军联赛,斯旺西,朴次茅斯,1.9,3.15,3.5,1,0,0,胜,official_result_market_odds,2026-08-11T21:44:29
2025-12-10,2035887,2025-12-10,周二009,英格兰冠军联赛,查尔顿,米德尔斯堡,3.38,3.2,1.92,1,2,2,负,official_result_market_odds,2026-08-11T21:44:29
2025-12-10,2035888,2025-12-10,周二010,英格兰冠军联赛,谢菲尔德联,诺维奇,1.36,4.4,6.0,1,1,1,平,official_result_market_odds,2026-08-11T21:44:29
2025-12-10,2035890,2025-12-10,周二012,欧洲冠军联赛,亚特兰大,切尔西,3.1,3.45,1.94,2,1,0,胜,official_result_market_odds,2026-08-11T21:44:29
2025-12-10,2035891,2025-12-10,周二013,欧洲冠军联赛,圣吉尔联合,马赛,2.95,3.35,2.04,2,3,2,负,official_result_market_odds,2026-08-11T21:44:29
2025-12-10,2035892,2025-12-10,周二014,欧洲冠军联赛,摩纳哥,加拉塔萨雷,1.78,3.85,3.25,1,0,0,胜,official_result_market_odds,2026-08-11T21:44:29
2025-12-10,2035893,2025-12-10,周二015,欧洲冠军联赛,PSV埃因霍温,马德里竞技,2.75,3.5,2.09,2,3,2,负,official_result_market_odds,2026-08-11T21:44:29
2025-12-10,2035894,2025-12-10,周二016,欧洲冠军联赛,国际米兰,利物浦,1.86,3.7,3.11,0,1,2,负,official_result_market_odds,2026-08-11T21:44:29
2025-12-10,2035895,2025-12-10,周二017,欧洲冠军联赛,托特纳姆热刺,布拉格斯拉维亚,1.31,4.35,7.35,3,0,0,胜,official_result_market_odds,2026-08-11T21:44:29
2025-12-10,2035896,2025-12-10,周二018,英格兰冠军联赛,女王公园巡游者,伯明翰,2.75,3.02,2.3,2,1,0,胜,official_result_market_odds,2026-08-11T21:44:29
2025-12-10,2035897,2025-12-10,周三001,亚洲冠军精英联赛,首尔FC,墨尔本城,1.75,3.55,3.65,1,1,1,平,official_result_market_odds,2026-08-11T21:44:29
2025-12-10,2035898,2025-12-10,周三002,亚洲冠军乙级联赛,万隆,曼谷联,1.61,3.7,4.25,1,0,0,胜,official_result_market_odds,2026-08-11T21:44:29
2025-12-10,2035899,2025-12-10,周三003,亚洲冠军乙级联赛,雪兰莪,狮城水手,2.76,3.85,1.98,0,1,2,负,official_result_market_odds,2026-08-11T21:44:29
2025-12-11,2035900,2025-12-11,周三005,欧洲冠军联赛,卡拉巴赫,阿贾克斯,2.03,3.55,2.85,2,4,2,负,official_result_market_odds,2026-08-11T21:44:29
2025-12-11,2035901,2025-12-11,周三006,欧洲冠军联赛,比利亚雷亚尔,哥本哈根,1.31,4.7,6.65,2,3,2,负,official_result_market_odds,2026-08-11T21:44:29
2025-12-11,2035902,2025-12-11,周三007,英格兰冠军联赛,布里斯托尔城,莱切斯特城,2.12,3.02,3.1,2,2,1,平,official_result_market_odds,2026-08-11T21:44:29
2025-12-11,2035903,2025-12-11,周三008,英格兰冠军联赛,德比郡,米尔沃尔,2.5,2.96,2.57,1,1,1,平,official_result_market_odds,2026-08-11T21:44:29
2025-12-11,2035904,2025-12-11,周三009,英格兰冠军联赛,伊普斯维奇,斯托克城,1.48,3.9,5.15,1,0,0,胜,official_result_market_odds,2026-08-11T21:44:29
2025-12-11,2035905,2025-12-11,周三010,欧洲冠军联赛,勒沃库森,纽卡斯尔联,2.8,3.45,2.09,2,2,1,平,official_result_market_odds,2026-08-11T21:44:29
2025-12-11,2035907,2025-12-11,周三012,欧洲冠军联赛,多特蒙德,博德闪耀,1.22,5.65,7.65,2,2,1,平,official_result_market_odds,2026-08-11T21:44:29
2025-12-11,2035908,2025-12-11,周三013,欧洲冠军联赛,布鲁日,阿森纳,7.8,5.2,1.24,0,3,2,负,official_result_market_odds,2026-08-11T21:44:29
2025-12-11,2035909,2025-12-11,周三014,欧洲冠军联赛,毕尔巴鄂竞技,巴黎圣日尔曼,4.33,3.8,1.58,0,0,1,平,official_result_market_odds,2026-08-11T21:44:29
2025-12-11,2035910,2025-12-11,周三015,欧洲冠军联赛,本菲卡,那不勒斯,2.38,2.95,2.72,2,0,0,胜,official_result_market_odds,2026-08-11T21:44:29
2025-12-11,2035911,2025-12-11,周三016,欧洲冠军联赛,皇家马德里,曼彻斯特城,2.74,3.81,2.0,1,2,2,负,official_result_market_odds,2026-08-11T21:44:29
2025-12-11,2035912,2025-12-11,周三017,英格兰冠军联赛,赫尔城,雷克斯汉姆,2.26,3.1,2.75,2,0,0,胜,official_result_market_odds,2026-08-11T21:44:29
2025-12-11,2035913,2025-12-11,周四001,亚洲冠军乙级联赛,北京国安,麦克阿瑟FC,2.15,3.75,2.54,1,2,2,负,official_result_market_odds,2026-08-11T21:44:29
2025-12-11,2035914,2025-12-11,周四002,亚洲冠军乙级联赛,巴吞联,淡宾尼士流浪,1.6,3.92,4.05,0,2,2,负,official_result_market_odds,2026-08-11T21:44:29
2025-12-11,2035939,2025-12-11,周三004,杯赛,蓝十字,弗拉门戈,5.5,3.77,1.47,1,2,2,负,official_result_market_odds,2026-08-11T21:44:29
2025-12-12,2035916,2025-12-12,周四004,欧罗巴联赛,卢多戈雷茨,塞萨洛尼基,3.45,3.38,1.85,3,3,1,平,official_result_market_odds,2026-08-11T21:44:29
2025-12-12,2035917,2025-12-12,周四005,欧罗巴联赛,尼斯,布拉加,3.15,3.35,1.96,0,1,2,负,official_result_market_odds,2026-08-11T21:44:29
2025-12-12,2035918,2025-12-12,周四006,欧罗巴联赛,乌德勒支,诺丁汉森林,4.25,3.52,1.64,1,2,2,负,official_result_market_odds,2026-08-11T21:44:29
2025-12-12,2035919,2025-12-12,周四007,欧罗巴联赛,费伦茨瓦罗斯,格拉斯哥流浪者,1.59,3.82,4.25,2,1,0,胜,official_result_market_odds,2026-08-11T21:44:29
2025-12-12,2035920,2025-12-12,周四008,欧罗巴联赛,格拉茨风暴,贝尔格莱德红星,2.98,3.45,2.0,0,1,2,负,official_result_market_odds,2026-08-11T21:44:29
2025-12-12,2035921,2025-12-12,周四009,欧罗巴联赛,中日德兰,亨克,1.58,3.88,4.2,1,0,0,胜,official_result_market_odds,2026-08-11T21:44:29
2025-12-12,2035922,2025-12-12,周四010,欧罗巴联赛,年轻人,里尔,4.5,4.05,1.52,1,0,0,胜,official_result_market_odds,2026-08-11T21:44:29
2025-12-12,2035923,2025-12-12,周四011,欧洲协会联赛,比亚韦斯托克,巴列卡诺,3.45,3.22,1.9,1,2,2,负,official_result_market_odds,2026-08-11T21:44:29
2025-12-12,2035924,2025-12-12,周四012,欧洲协会联赛,赫根,AEK拉纳卡,2.0,3.35,3.05,1,1,1,平,official_result_market_odds,2026-08-11T21:44:29
2025-12-12,2035925,2025-12-12,周四013,挪威超级联赛,奥勒松,布莱尼,1.86,3.45,3.35,0,1,2,负,official_result_market_odds,2026-08-11T21:44:29
2025-12-12,2035926,2025-12-12,周四014,欧罗巴联赛,凯尔特人,罗马,3.24,3.2,1.98,0,3,2,负,official_result_market_odds,2026-08-11T21:44:29
2025-12-12,2035927,2025-12-12,周四015,欧罗巴联赛,布兰,费内巴切,3.1,3.35,1.98,0,4,2,负,official_result_market_odds,2026-08-11T21:44:29
2025-12-12,2035928,2025-12-12,周四016,欧罗巴联赛,波尔图,马尔默,1.12,6.25,13.5,2,1,0,胜,official_result_market_odds,2026-08-11T21:44:29
2025-12-12,2035929,2025-12-12,周四017,欧罗巴联赛,布加勒斯特星,费耶诺德,5.0,4.05,1.47,4,3,0,胜,official_result_market_odds,2026-08-11T21:44:29
2025-12-12,2035930,2025-12-12,周四018,欧罗巴联赛,巴塞尔,阿斯顿维拉,4.65,3.95,1.52,1,2,2,负,official_result_market_odds,2026-08-11T21:44:29
2025-12-12,2035931,2025-12-12,周四019,欧罗巴联赛,维戈塞尔塔,博洛尼亚,2.15,3.1,2.95,1,2,2,负,official_result_market_odds,2026-08-11T21:44:29
2025-12-12,2035932,2025-12-12,周四020,欧罗巴联赛,帕纳辛纳科斯,比尔森,1.78,3.35,3.72,0,0,1,平,official_result_market_odds,2026-08-11T21:44:29
2025-12-12,2035933,2025-12-12,周四021,欧罗巴联赛,弗赖堡,萨尔茨堡,1.33,4.55,6.5,1,0,0,胜,official_result_market_odds,2026-08-11T21:44:29
2025-12-12,2035934,2025-12-12,周四022,欧罗巴联赛,里昂,前进之鹰,1.15,6.1,10.5,2,1,0,胜,official_result_market_odds,2026-08-11T21:44:29
2025-12-12,2035935,2025-12-12,周四023,欧洲协会联赛,库奥皮奥,洛桑,3.4,3.5,1.83,0,0,1,平,official_result_market_odds,2026-08-11T21:44:29
2025-12-12,2035936,2025-12-12,周四024,欧洲协会联赛,波兹南莱赫,美因茨,2.8,3.3,2.15,1,1,1,平,official_result_market_odds,2026-08-11T21:44:29
2025-12-12,2035938,2025-12-12,周四026,欧洲协会联赛,阿伯丁,斯特拉斯堡,5.0,4.05,1.47,0,1,2,负,official_result_market_odds,2026-08-11T21:44:29
2025-12-12,2035954,2025-12-12,周五001,澳大利亚超级联赛,中央海岸水手,奥克兰FC,3.7,3.6,1.73,1,2,2,负,official_result_market_odds,2026-08-11T21:44:29
2025-12-13,2035955,2025-12-13,周五002,德国乙级联赛,菲尔特,柏林赫塔,3.8,3.75,1.68,3,3,1,平,official_result_market_odds,2026-08-11T21:44:29
2025-12-13,2035956,2025-12-13,周五003,德国乙级联赛,德累斯顿,不伦瑞克,2.0,3.15,3.25,2,3,2,负,official_result_market_odds,2026-08-11T21:44:29
2025-12-13,2035957,2025-12-13,周五004,法国乙级联赛,罗德兹,甘冈,2.17,3.25,2.8,2,1,0,胜,official_result_market_odds,2026-08-11T21:44:29
2025-12-13,2035958,2025-12-13,周五005,法国乙级联赛,拉瓦勒,敦刻尔克,3.18,2.95,2.11,1,2,2,负,official_result_market_odds,2026-08-11T21:44:29
2025-12-13,2035959,2025-12-13,周五006,法国乙级联赛,南锡,克莱蒙,1.78,3.22,3.95,1,0,0,胜,official_result_market_odds,2026-08-11T21:44:29
2025-12-13,2035960,2025-12-13,周五007,法国乙级联赛,波城FC,亚眠,1.39,4.15,6.0,1,2,2,负,official_result_market_odds,2026-08-11T21:44:29
2025-12-13,2035961,2025-12-13,周五008,法国乙级联赛,阿纳西,勒芒,2.63,2.73,2.63,1,2,2,负,official_result_market_odds,2026-08-11T21:44:29
2025-12-13,2035962,2025-12-13,周五009,荷兰乙级联赛,登博思,芬洛,1.87,3.72,3.1,0,1,2,负,official_result_market_odds,2026-08-11T21:44:29
2025-12-13,2035963,2025-12-13,周五010,荷兰乙级联赛,格拉夫夏普,罗达JC,1.62,4.1,3.76,2,3,2,负,official_result_market_odds,2026-08-11T21:44:29
2025-12-13,2035964,2025-12-13,周五011,荷兰乙级联赛,埃门,海尔蒙特,1.8,3.5,3.5,4,1,0,胜,official_result_market_odds,2026-08-11T21:44:29
2025-12-13,2035965,2025-12-13,周五012,荷兰乙级联赛,威廉二世,坎布尔,2.42,3.4,2.39,0,1,2,负,official_result_market_odds,2026-08-11T21:44:29
2025-12-13,2035966,2025-12-13,周五013,荷兰乙级联赛,多德勒支,埃因霍温FC,1.66,3.65,4.0,3,4,2,负,official_result_market_odds,2026-08-11T21:44:29
2025-12-13,2035967,2025-12-13,周五014,荷兰乙级联赛,奥斯,海牙,7.25,5.3,1.25,3,4,2,负,official_result_market_odds,2026-08-11T21:44:29
2025-12-13,2035968,2025-12-13,周五015,德国甲级联赛,柏林联合,莱比锡红牛,2.95,3.1,2.15,3,1,0,胜,official_result_market_odds,2026-08-11T21:44:29
2025-12-13,2035969,2025-12-13,周五016,意大利甲级联赛,莱切,比萨,2.22,2.75,3.2,1,0,0,胜,official_result_market_odds,2026-08-11T21:44:29
2025-12-13,2035970,2025-12-13,周五017,法国甲级联赛,昂热,南特,1.99,3.02,3.42,4,1,0,胜,official_result_market_odds,2026-08-11T21:44:29
2025-12-13,2035971,2025-12-13,周五018,英格兰冠军联赛,西布罗姆维奇,谢菲尔德联,2.24,3.12,2.78,2,0,0,胜,official_result_market_odds,2026-08-11T21:44:29
2025-12-13,2035972,2025-12-13,周五019,西班牙甲级联赛,皇家社会,赫罗纳,1.6,3.55,4.55,1,2,2,负,official_result_market_odds,2026-08-11T21:44:29
2025-12-13,2035985,2025-12-13,周六001,澳大利亚超级联赛,西悉尼漫步者,布里斯班狮吼,2.05,3.4,2.9,0,0,1,平,official_result_market_odds,2026-08-11T21:44:29
2025-12-13,2035986,2025-12-13,周六002,澳大利亚超级联赛,墨尔本胜利,阿德莱德联,2.12,3.7,2.6,2,1,0,胜,official_result_market_odds,2026-08-11T21:44:29
2025-12-13,2035987,2025-12-13,周六003,澳大利亚超级联赛,珀斯光荣,悉尼FC,2.72,3.4,2.15,0,1,2,负,official_result_market_odds,2026-08-11T21:44:29
2025-12-13,2035988,2025-12-13,周六004,德国乙级联赛,马格德堡,基尔,1.97,3.55,2.96,3,3,1,平,official_result_market_odds,2026-08-11T21:44:29
2025-12-13,2035989,2025-12-13,周六005,德国乙级联赛,卡尔斯鲁厄,帕德博恩,3.15,3.55,1.9,0,4,2,负,official_result_market_odds,2026-08-11T21:44:29
2025-12-13,2035990,2025-12-13,周六006,德国乙级联赛,比勒费尔德,凯泽斯劳滕,1.92,3.6,3.05,0,0,1,平,official_result_market_odds,2026-08-11T21:44:29
2025-12-13,2035991,2025-12-13,周六007,英格兰冠军联赛,斯托克城,斯旺西,1.92,3.1,3.55,2,1,0,胜,official_result_market_odds,2026-08-11T21:44:29
2025-12-13,2035992,2025-12-13,周六008,英格兰冠军联赛,牛津联,普雷斯顿,2.52,3.0,2.52,1,2,2,负,official_result_market_odds,2026-08-11T21:44:29
2025-12-13,2035993,2025-12-13,周六009,英格兰冠军联赛,诺维奇,南安普敦,3.32,3.55,1.84,2,1,0,胜,official_result_market_odds,2026-08-11T21:44:29
2025-12-13,2035994,2025-12-13,周六010,西班牙甲级联赛,马德里竞技,巴伦西亚,1.2,5.35,9.4,2,1,0,胜,official_result_market_odds,2026-08-11T21:44:29
2025-12-13,2035995,2025-12-13,周六011,法国乙级联赛,格勒诺布尔,蒙彼利埃,3.32,3.2,1.95,1,1,1,平,official_result_market_odds,2026-08-11T21:44:29
2025-12-13,2035996,2025-12-13,周六012,法国乙级联赛,圣旺红星,兰斯,3.18,3.2,2.0,0,0,1,平,official_result_market_odds,2026-08-11T21:44:29
2025-12-13,2035997,2025-12-13,周六013,意大利甲级联赛,都灵,克雷莫纳,1.87,3.2,3.58,1,0,0,胜,official_result_market_odds,2026-08-11T21:44:29
2025-12-13,2035998,2025-12-13,周六014,德国甲级联赛,圣保利,海登海姆,1.72,3.2,4.3,2,1,0,胜,official_result_market_odds,2026-08-11T21:44:29
2025-12-13,2035999,2025-12-13,周六015,德国甲级联赛,门兴格拉德巴赫,沃尔夫斯堡,1.83,3.6,3.3,1,3,2,负,official_result_market_odds,2026-08-11T21:44:29
2025-12-13,2036000,2025-12-13,周六016,德国甲级联赛,霍芬海姆,汉堡,1.52,4.1,4.45,4,1,0,胜,official_result_market_odds,2026-08-11T21:44:29
2025-12-13,2036001,2025-12-13,周六017,德国甲级联赛,法兰克福,奥格斯堡,1.66,3.7,3.95,1,0,0,胜,official_result_market_odds,2026-08-11T21:44:29
2025-12-13,2036002,2025-12-13,周六018,英格兰超级联赛,切尔西,埃弗顿,1.59,3.68,4.45,2,0,0,胜,official_result_market_odds,2026-08-11T21:44:29
2025-12-13,2036003,2025-12-13,周六019,英格兰冠军联赛,莱切斯特城,伊普斯维奇,3.18,3.2,2.0,3,1,0,胜,official_result_market_odds,2026-08-11T21:44:29
2025-12-13,2036004,2025-12-13,周六020,英格兰冠军联赛,雷克斯汉姆,沃特福德,2.68,3.05,2.35,2,2,1,平,official_result_market_odds,2026-08-11T21:44:29
2025-12-13,2036005,2025-12-13,周六021,英格兰冠军联赛,考文垂,布里斯托尔城,1.49,4.0,4.85,1,0,0,胜,official_result_market_odds,2026-08-11T21:44:29
2025-12-13,2036006,2025-12-13,周六022,英格兰冠军联赛,米德尔斯堡,女王公园巡游者,1.77,3.43,3.7,3,1,0,胜,official_result_market_odds,2026-08-11T21:44:29
2025-12-13,2036007,2025-12-13,周六023,西班牙甲级联赛,马洛卡,埃尔切,2.35,2.75,2.97,3,1,0,胜,official_result_market_odds,2026-08-11T21:44:29
2025-12-13,2036008,2025-12-13,周六024,荷兰甲级联赛,特尔斯达,奈梅亨,3.02,3.65,1.92,2,2,1,平,official_result_market_odds,2026-08-11T21:44:29
2025-12-13,2036009,2025-12-13,周六025,葡萄牙超级联赛,卡萨皮亚,吉维森特,3.58,2.92,1.98,1,1,1,平,official_result_market_odds,2026-08-11T21:44:29
2025-12-14,2036010,2025-12-14,周六026,法国甲级联赛,雷恩,布雷斯特,1.64,3.78,3.95,3,1,0,胜,official_result_market_odds,2026-08-11T21:44:29
2025-12-14,2036011,2025-12-14,周六027,意大利甲级联赛,帕尔马,拉齐奥,3.67,3.05,1.9,0,1,2,负,official_result_market_odds,2026-08-11T21:44:29
2025-12-14,2036012,2025-12-14,周六028,英格兰超级联赛,伯恩利,富勒姆,3.73,3.07,1.88,2,3,2,负,official_result_market_odds,2026-08-11T21:44:29
2025-12-14,2036013,2025-12-14,周六029,德国甲级联赛,勒沃库森,科隆,1.45,4.15,5.1,2,0,0,胜,official_result_market_odds,2026-08-11T21:44:29
2025-12-14,2036014,2025-12-14,周六030,西班牙甲级联赛,巴塞罗那,奥萨苏纳,1.12,7.0,11.0,2,0,0,胜,official_result_market_odds,2026-08-11T21:44:29
2025-12-14,2036015,2025-12-14,周六031,荷兰甲级联赛,格罗宁根,福伦丹,1.27,4.8,7.7,3,0,0,胜,official_result_market_odds,2026-08-11T21:44:29
2025-12-14,2036016,2025-12-14,周六032,法国甲级联赛,梅斯,巴黎圣日尔曼,9.5,6.0,1.17,2,3,2,负,official_result_market_odds,2026-08-11T21:44:29
2025-12-14,2036017,2025-12-14,周六033,葡萄牙超级联赛,里奥阿维,吉马良斯,2.83,3.04,2.25,0,1,2,负,official_result_market_odds,2026-08-11T21:44:29
2025-12-14,2036018,2025-12-14,周六034,法国乙级联赛,圣埃蒂安,巴斯蒂亚,1.49,3.75,5.3,2,2,1,平,official_result_market_odds,2026-08-11T21:44:29
2025-12-14,2036020,2025-12-14,周六036,德国乙级联赛,汉诺威96,波鸿,1.61,3.8,4.15,0,0,1,平,official_result_market_odds,2026-08-11T21:44:29
2025-12-14,2036021,2025-12-14,周六037,意大利甲级联赛,亚特兰大,卡利亚里,1.22,4.9,9.7,2,1,0,胜,official_result_market_odds,2026-08-11T21:44:29
2025-12-14,2036023,2025-12-14,周六039,西班牙甲级联赛,赫塔费,西班牙人,2.45,2.6,3.0,0,1,2,负,official_result_market_odds,2026-08-11T21:44:29
2025-12-14,2036024,2025-12-14,周六040,荷兰甲级联赛,兹沃勒,福图纳锡塔德,2.33,3.2,2.6,1,0,0,胜,official_result_market_odds,2026-08-11T21:44:29
2025-12-14,2036025,2025-12-14,周六041,法国甲级联赛,巴黎FC,图卢兹,2.49,3.05,2.52,0,3,2,负,official_result_market_odds,2026-08-11T21:44:29
2025-12-14,2036027,2025-12-14,周日001,荷兰甲级联赛,鹿特丹斯巴达,海伦芬,2.6,3.5,2.19,0,3,2,负,official_result_market_odds,2026-08-11T21:44:29
2025-12-14,2036028,2025-12-14,周日002,意大利甲级联赛,AC米兰,萨索洛,1.37,4.1,6.55,2,2,1,平,official_result_market_odds,2026-08-11T21:44:29
2025-12-14,2036029,2025-12-14,周日003,德国乙级联赛,埃尔沃斯堡,杜塞尔多夫,1.45,4.15,5.1,1,0,0,胜,official_result_market_odds,2026-08-11T21:44:29
2025-12-14,2036030,2025-12-14,周日004,德国乙级联赛,达姆施塔特,明斯特普鲁士,1.72,3.5,3.85,1,0,0,胜,official_result_market_odds,2026-08-11T21:44:29
2025-12-14,2036031,2025-12-14,周日005,德国乙级联赛,沙尔克04,纽伦堡,1.76,3.3,3.91,1,0,0,胜,official_result_market_odds,2026-08-11T21:44:29
2025-12-14,2036032,2025-12-14,周日006,西班牙甲级联赛,塞维利亚,皇家奥维耶多,1.92,3.0,3.66,4,0,0,胜,official_result_market_odds,2026-08-11T21:44:29
2025-12-14,2036033,2025-12-14,周日007,荷兰甲级联赛,阿贾克斯,费耶诺德,2.89,3.7,1.96,2,0,0,胜,official_result_market_odds,2026-08-11T21:44:29
2025-12-14,2036034,2025-12-14,周日008,荷兰甲级联赛,特温特,前进之鹰,1.32,4.6,6.6,2,0,0,胜,official_result_market_odds,2026-08-11T21:44:29
2025-12-14,2036035,2025-12-14,周日009,英格兰超级联赛,桑德兰,纽卡斯尔联,3.26,3.15,1.99,1,0,0,胜,official_result_market_odds,2026-08-11T21:44:29
2025-12-14,2036036,2025-12-14,周日010,英格兰超级联赛,水晶宫,曼彻斯特城,3.8,3.55,1.72,0,3,2,负,official_result_market_odds,2026-08-11T21:44:29
2025-12-14,2036037,2025-12-14,周日011,英格兰超级联赛,西汉姆联,阿斯顿维拉,3.2,3.25,1.98,2,3,2,负,official_result_market_odds,2026-08-11T21:44:29
2025-12-14,2036038,2025-12-14,周日012,英格兰超级联赛,诺丁汉森林,托特纳姆热刺,2.48,3.12,2.48,3,0,0,胜,official_result_market_odds,2026-08-11T21:44:29
2025-12-14,2036039,2025-12-14,周日013,意大利甲级联赛,佛罗伦萨,维罗纳,1.78,3.22,3.95,1,2,2,负,official_result_market_odds,2026-08-11T21:44:29
2025-12-14,2036040,2025-12-14,周日014,意大利甲级联赛,乌迪内斯,那不勒斯,4.6,3.3,1.65,1,0,0,胜,official_result_market_odds,2026-08-11T21:44:29
2025-12-14,2036041,2025-12-14,周日015,法国甲级联赛,里昂,勒阿弗尔,1.45,3.82,5.7,1,0,0,胜,official_result_market_odds,2026-08-11T21:44:29
2025-12-14,2036042,2025-12-14,周日016,德国甲级联赛,弗赖堡,多特蒙德,3.5,3.4,1.83,1,1,1,平,official_result_market_odds,2026-08-11T21:44:29
2025-12-14,2036043,2025-12-14,周日017,西班牙甲级联赛,维戈塞尔塔,毕尔巴鄂竞技,2.75,2.95,2.36,2,0,0,胜,official_result_market_odds,2026-08-11T21:44:29
2025-12-14,2036044,2025-12-14,周日018,葡萄牙超级联赛,法马利康,埃斯托里尔,1.53,3.75,4.85,4,0,0,胜,official_result_market_odds,2026-08-11T21:44:29
2025-12-14,2036045,2025-12-14,周日019,荷兰甲级联赛,布雷达,乌德勒支,2.29,3.25,2.62,1,1,1,平,official_result_market_odds,2026-08-11T21:44:29
2025-12-15,2036046,2025-12-15,周日020,法国甲级联赛,欧塞尔,里尔,4.22,3.32,1.7,3,4,2,负,official_result_market_odds,2026-08-11T21:44:29
2025-12-15,2036047,2025-12-15,周日021,法国甲级联赛,斯特拉斯堡,洛里昂,1.51,3.78,5.0,0,0,1,平,official_result_market_odds,2026-08-11T21:44:29
2025-12-15,2036048,2025-12-15,周日022,法国甲级联赛,朗斯,尼斯,1.33,4.75,6.1,2,0,0,胜,official_result_market_odds,2026-08-11T21:44:29
2025-12-15,2036049,2025-12-15,周日023,英格兰超级联赛,布伦特福德,利兹联,1.83,3.2,3.75,1,1,1,平,official_result_market_odds,2026-08-11T21:44:29
2025-12-15,2036051,2025-12-15,周日025,意大利甲级联赛,热那亚,国际米兰,7.15,4.25,1.33,1,2,2,负,official_result_market_odds,2026-08-11T21:44:29
2025-12-15,2036053,2025-12-15,周日027,葡萄牙超级联赛,摩雷伦斯,本菲卡,8.4,4.7,1.26,0,4,2,负,official_result_market_odds,2026-08-11T21:44:29
2025-12-15,2036054,2025-12-15,周日028,德国甲级联赛,云达不来梅,斯图加特,2.71,3.52,2.11,0,4,2,负,official_result_market_odds,2026-08-11T21:44:29
2025-12-15,2036055,2025-12-15,周日029,意大利甲级联赛,博洛尼亚,尤文图斯,3.05,3.03,2.13,0,1,2,负,official_result_market_odds,2026-08-11T21:44:29
2025-12-15,2036056,2025-12-15,周日030,法国甲级联赛,马赛,摩纳哥,1.82,3.65,3.3,1,0,0,胜,official_result_market_odds,2026-08-11T21:44:29
2025-12-15,2036057,2025-12-15,周日031,西班牙甲级联赛,阿拉维斯,皇家马德里,5.3,3.95,1.46,1,2,2,负,official_result_market_odds,2026-08-11T21:44:29
2025-12-15,2036058,2025-12-15,周日032,葡萄牙超级联赛,阿罗卡,阿尔维卡,2.78,3.05,2.28,1,0,0,胜,official_result_market_odds,2026-08-11T21:44:29
2025-12-16,2036059,2025-12-16,周一001,葡萄牙超级联赛,布拉加,圣克拉拉,1.32,4.1,8.0,1,0,0,胜,official_result_market_odds,2026-08-11T21:44:29
2025-12-16,2036060,2025-12-16,周一002,意大利甲级联赛,罗马,科莫,2.02,3.0,3.35,1,0,0,胜,official_result_market_odds,2026-08-11T21:44:29
2025-12-16,2036061,2025-12-16,周一003,法国乙级联赛,布洛涅,特鲁瓦,3.95,3.25,1.77,1,2,2,负,official_result_market_odds,2026-08-11T21:44:29
2025-12-16,2036062,2025-12-16,周一004,英格兰超级联赛,曼彻斯特联,伯恩茅斯,1.65,3.85,3.85,4,4,1,平,official_result_market_odds,2026-08-11T21:44:29
2025-12-16,2036063,2025-12-16,周一005,西班牙甲级联赛,巴列卡诺,皇家贝蒂斯,2.6,3.1,2.38,0,0,1,平,official_result_market_odds,2026-08-11T21:44:29
2025-12-17,2036099,2025-12-17,周二001,英格兰联赛杯,加的夫城,切尔西,6.35,5.0,1.3,1,3,2,负,official_result_market_odds,2026-08-11T21:44:29
2025-12-18,2036100,2025-12-18,周三001,杯赛,巴黎圣日尔曼,弗拉门戈,1.52,3.65,5.15,1,1,1,平,official_result_market_odds,2026-08-11T21:44:29
2025-12-18,2036101,2025-12-18,周三002,荷兰杯,福图纳锡塔德,阿尔梅勒城,1.33,4.55,6.45,2,3,2,负,official_result_market_odds,2026-08-11T21:44:29
2025-12-18,2036102,2025-12-18,周三003,荷兰杯,罗达JC,前进之鹰,4.12,3.8,1.61,1,1,1,平,official_result_market_odds,2026-08-11T21:44:29
2025-12-18,2036103,2025-12-18,周三004,荷兰杯,奥斯,乌德勒支,10.25,5.75,1.17,0,2,2,负,official_result_market_odds,2026-08-11T21:44:29
2025-12-18,2036104,2025-12-18,周三005,英格兰联赛杯,曼彻斯特城,布伦特福德,1.36,4.4,6.1,2,0,0,胜,official_result_market_odds,2026-08-11T21:44:29
2025-12-18,2036105,2025-12-18,周三006,荷兰杯,费耶诺德,海伦芬,1.37,4.55,5.65,2,3,2,负,official_result_market_odds,2026-08-11T21:44:29
2025-12-18,2036106,2025-12-18,周三007,英格兰联赛杯,纽卡斯尔联,富勒姆,1.54,3.92,4.5,2,1,0,胜,official_result_market_odds,2026-08-11T21:44:29
2025-12-19,2036108,2025-12-19,周四002,欧洲协会联赛,奥洛穆茨,波兹南莱赫,2.87,2.77,2.4,1,2,2,负,official_result_market_odds,2026-08-11T21:44:29
2025-12-19,2036110,2025-12-19,周四004,欧洲协会联赛,阿尔克马尔,比亚韦斯托克,1.26,5.05,7.4,0,0,1,平,official_result_market_odds,2026-08-11T21:44:29
2025-12-19,2036111,2025-12-19,周四005,欧洲协会联赛,洛桑,佛罗伦萨,3.73,3.56,1.73,1,0,0,胜,official_result_market_odds,2026-08-11T21:44:29
2025-12-19,2036112,2025-12-19,周四006,欧洲协会联赛,兹林尼斯基,维也纳快速,1.76,3.3,3.92,1,1,1,平,official_result_market_odds,2026-08-11T21:44:29
2025-12-19,2036113,2025-12-19,周四007,欧洲协会联赛,斯特拉斯堡,贝雷达比历克,1.1,7.1,13.0,3,1,0,胜,official_result_market_odds,2026-08-11T21:44:29
2025-12-19,2036114,2025-12-19,周四008,欧洲协会联赛,布拉格斯巴达,阿伯丁,1.12,6.3,13.5,3,0,0,胜,official_result_market_odds,2026-08-11T21:44:29
2025-12-19,2036115,2025-12-19,周四009,欧洲协会联赛,美因茨,萨姆松体育,1.64,3.8,3.95,2,0,0,胜,official_result_market_odds,2026-08-11T21:44:29
2025-12-19,2036116,2025-12-19,周四010,欧洲协会联赛,雅典AEK,克拉约瓦大学,1.28,4.55,8.0,3,2,0,胜,official_result_market_odds,2026-08-11T21:44:29
2025-12-19,2036117,2025-12-19,周四011,英格兰甲级联赛,雷丁,卢顿,2.65,2.93,2.45,3,2,0,胜,official_result_market_odds,2026-08-11T21:44:29
2025-12-19,2036118,2025-12-19,周四012,荷兰杯,威廉二世,鹿特丹斯巴达,3.02,3.55,1.95,1,5,2,负,official_result_market_odds,2026-08-11T21:44:29
2025-12-19,2036119,2025-12-19,周四013,意大利超级杯,那不勒斯,AC米兰,2.66,2.9,2.46,2,0,0,胜,official_result_market_odds,2026-08-11T21:44:29
2025-12-19,2036146,2025-12-19,周五001,澳大利亚超级联赛,麦克阿瑟FC,布里斯班狮吼,2.35,3.22,2.56,2,1,0,胜,official_result_market_odds,2026-08-11T21:44:29
2025-12-19,2036147,2025-12-19,周五002,澳大利亚超级联赛,西悉尼漫步者,奥克兰FC,2.38,3.3,2.48,0,2,2,负,official_result_market_odds,2026-08-11T21:44:29
2025-12-20,2036148,2025-12-20,周五003,德国乙级联赛,柏林赫塔,比勒费尔德,1.74,3.58,3.66,1,1,1,平,official_result_market_odds,2026-08-11T21:44:29
2025-12-20,2036149,2025-12-20,周五004,德国乙级联赛,帕德博恩,达姆施塔特,1.99,3.45,3.0,2,2,1,平,official_result_market_odds,2026-08-11T21:44:29
2025-12-20,2036150,2025-12-20,周五006,荷兰乙级联赛,芬洛,多德勒支,2.18,3.4,2.68,3,1,0,胜,official_result_market_odds,2026-08-11T21:44:29
2025-12-20,2036151,2025-12-20,周五007,荷兰乙级联赛,坎布尔,马斯特里赫特,1.12,7.0,11.0,4,0,0,胜,official_result_market_odds,2026-08-11T21:44:29
2025-12-20,2036152,2025-12-20,周五008,德国甲级联赛,多特蒙德,门兴格拉德巴赫,1.41,4.35,5.35,2,0,0,胜,official_result_market_odds,2026-08-11T21:44:29
2025-12-20,2036153,2025-12-20,周五010,英格兰冠军联赛,斯旺西,雷克斯汉姆,2.12,3.0,3.12,2,1,0,胜,official_result_market_odds,2026-08-11T21:44:29
2025-12-20,2036154,2025-12-20,周五011,西班牙甲级联赛,巴伦西亚,马洛卡,1.87,3.0,3.88,1,1,1,平,official_result_market_odds,2026-08-11T21:44:29
2025-12-20,2036155,2025-12-20,周五012,葡萄牙超级联赛,埃斯托里尔,布拉加,5.65,4.06,1.42,1,0,0,胜,official_result_market_odds,2026-08-11T21:44:29
2025-12-20,2036156,2025-12-20,周五005,意大利超级杯,博洛尼亚,国际米兰,4.6,3.62,1.58,1,1,1,平,official_result_market_odds,2026-08-11T21:44:29
2025-12-20,2036157,2025-12-20,周五009,法国杯,甘冈,拉瓦勒,1.65,3.38,4.45,0,1,2,负,official_result_market_odds,2026-08-11T21:44:29
2025-12-20,2036168,2025-12-20,周六001,澳大利亚超级联赛,纽卡斯尔喷气机,悉尼FC,2.6,3.9,2.06,2,0,0,胜,official_result_market_odds,2026-08-11T21:44:29
2025-12-20,2036169,2025-12-20,周六002,澳大利亚超级联赛,墨尔本城,墨尔本胜利,1.95,3.4,3.12,0,1,2,负,official_result_market_odds,2026-08-11T21:44:29
2025-12-20,2036170,2025-12-20,周六003,澳大利亚超级联赛,珀斯光荣,阿德莱德联,2.53,3.48,2.25,0,1,2,负,official_result_market_odds,2026-08-11T21:44:29
2025-12-20,2036171,2025-12-20,周六004,德国乙级联赛,波鸿,卡尔斯鲁厄,1.47,4.05,5.05,2,2,1,平,official_result_market_odds,2026-08-11T21:44:29
2025-12-20,2036172,2025-12-20,周六005,德国乙级联赛,凯泽斯劳滕,马格德堡,2.2,3.55,2.56,2,3,2,负,official_result_market_odds,2026-08-11T21:44:29
2025-12-20,2036173,2025-12-20,周六006,德国乙级联赛,杜塞尔多夫,菲尔特,1.66,3.7,3.95,2,1,0,胜,official_result_market_odds,2026-08-11T21:44:29
2025-12-20,2036174,2025-12-20,周六007,英格兰超级联赛,纽卡斯尔联,切尔西,2.65,3.5,2.16,2,2,1,平,official_result_market_odds,2026-08-11T21:44:29
2025-12-20,2036175,2025-12-20,周六008,英格兰冠军联赛,普雷斯顿,诺维奇,1.97,3.35,3.12,1,1,1,平,official_result_market_odds,2026-08-11T21:44:29
2025-12-20,2036176,2025-12-20,周六009,英格兰冠军联赛,南安普敦,考文垂,2.21,3.6,2.53,1,1,1,平,official_result_market_odds,2026-08-11T21:44:29
2025-12-20,2036177,2025-12-20,周六010,西班牙甲级联赛,皇家奥维耶多,维戈塞尔塔,3.33,3.05,2.01,0,0,1,平,official_result_market_odds,2026-08-11T21:44:29
2025-12-20,2036178,2025-12-20,周六011,德国甲级联赛,沃尔夫斯堡,弗赖堡,2.2,3.31,2.7,3,4,2,负,official_result_market_odds,2026-08-11T21:44:29
2025-12-20,2036179,2025-12-20,周六012,德国甲级联赛,斯图加特,霍芬海姆,1.85,3.72,3.15,0,0,1,平,official_result_market_odds,2026-08-11T21:44:29
2025-12-20,2036180,2025-12-20,周六013,德国甲级联赛,科隆,柏林联合,2.44,3.02,2.6,0,1,2,负,official_result_market_odds,2026-08-11T21:44:29
2025-12-20,2036181,2025-12-20,周六014,德国甲级联赛,奥格斯堡,云达不来梅,2.12,3.35,2.8,0,0,1,平,official_result_market_odds,2026-08-11T21:44:29
2025-12-20,2036182,2025-12-20,周六015,德国甲级联赛,汉堡,法兰克福,2.36,3.43,2.44,1,1,1,平,official_result_market_odds,2026-08-11T21:44:29
2025-12-20,2036183,2025-12-20,周六016,英格兰超级联赛,狼队,布伦特福德,3.18,3.15,2.02,0,2,2,负,official_result_market_odds,2026-08-11T21:44:29
2025-12-20,2036184,2025-12-20,周六017,英格兰超级联赛,伯恩茅斯,伯恩利,1.34,4.4,6.5,1,1,1,平,official_result_market_odds,2026-08-11T21:44:29
2025-12-20,2036186,2025-12-20,周六019,英格兰冠军联赛,沃特福德,斯托克城,1.97,3.22,3.25,1,0,0,胜,official_result_market_odds,2026-08-11T21:44:29
2025-12-20,2036187,2025-12-20,周六020,英格兰冠军联赛,女王公园巡游者,莱切斯特城,2.25,3.2,2.7,4,1,0,胜,official_result_market_odds,2026-08-11T21:44:29
2025-12-20,2036188,2025-12-20,周六021,英格兰冠军联赛,谢菲尔德联,伯明翰,2.07,3.25,2.98,3,0,0,胜,official_result_market_odds,2026-08-11T21:44:29
2025-12-20,2036189,2025-12-20,周六022,英格兰冠军联赛,赫尔城,西布罗姆维奇,2.64,3.2,2.3,1,0,0,胜,official_result_market_odds,2026-08-11T21:44:29
2025-12-20,2036190,2025-12-20,周六023,英格兰冠军联赛,布里斯托尔城,米德尔斯堡,2.68,3.3,2.22,2,0,0,胜,official_result_market_odds,2026-08-11T21:44:29
2025-12-20,2036191,2025-12-20,周六024,西班牙甲级联赛,莱万特,皇家社会,2.99,3.15,2.11,1,1,1,平,official_result_market_odds,2026-08-11T21:44:29
2025-12-20,2036192,2025-12-20,周六025,荷兰甲级联赛,赫拉克勒斯,海伦芬,3.23,3.75,1.82,0,3,2,负,official_result_market_odds,2026-08-11T21:44:29
2025-12-21,2036193,2025-12-21,周六026,意大利甲级联赛,拉齐奥,克雷莫纳,1.46,3.75,5.7,0,0,1,平,official_result_market_odds,2026-08-11T21:44:29
2025-12-21,2036194,2025-12-21,周六027,法国杯,格勒诺布尔,南锡,2.72,3.0,2.35,1,1,1,平,official_result_market_odds,2026-08-11T21:44:29
2025-12-21,2036195,2025-12-21,周六028,英格兰超级联赛,托特纳姆热刺,利物浦,3.22,3.52,1.88,1,2,2,负,official_result_market_odds,2026-08-11T21:44:29
2025-12-21,2036196,2025-12-21,周六029,德国甲级联赛,莱比锡红牛,勒沃库森,2.06,3.5,2.82,1,3,2,负,official_result_market_odds,2026-08-11T21:44:29
2025-12-21,2036197,2025-12-21,周六030,西班牙甲级联赛,奥萨苏纳,阿拉维斯,2.09,2.75,3.53,3,0,0,胜,official_result_market_odds,2026-08-11T21:44:29
2025-12-21,2036198,2025-12-21,周六031,荷兰甲级联赛,SBV精英,兹沃勒,1.88,3.55,3.2,2,1,0,胜,official_result_market_odds,2026-08-11T21:44:29
2025-12-21,2036199,2025-12-21,周六032,葡萄牙超级联赛,吉维森特,里奥阿维,1.62,3.35,4.75,2,2,1,平,official_result_market_odds,2026-08-11T21:44:29
2025-12-21,2036200,2025-12-21,周六033,荷兰甲级联赛,奈梅亨,阿贾克斯,2.05,3.65,2.75,2,2,1,平,official_result_market_odds,2026-08-11T21:44:29
2025-12-21,2036201,2025-12-21,周六034,意大利甲级联赛,尤文图斯,罗马,1.9,2.98,3.78,2,1,0,胜,official_result_market_odds,2026-08-11T21:44:29
2025-12-21,2036202,2025-12-21,周六035,英格兰超级联赛,埃弗顿,阿森纳,6.25,3.75,1.43,0,1,2,负,official_result_market_odds,2026-08-11T21:44:29
2025-12-21,2036203,2025-12-21,周六036,英格兰超级联赛,利兹联,水晶宫,2.62,3.02,2.42,4,1,0,胜,official_result_market_odds,2026-08-11T21:44:29
2025-12-21,2036205,2025-12-21,周六038,荷兰甲级联赛,布雷达,特尔斯达,1.65,3.65,4.05,0,1,2,负,official_result_market_odds,2026-08-11T21:44:29
2025-12-21,2036206,2025-12-21,周六039,葡萄牙超级联赛,阿马多拉,摩雷伦斯,2.4,2.95,2.69,0,0,1,平,official_result_market_odds,2026-08-11T21:44:29
2025-12-21,2036207,2025-12-21,周日001,荷兰甲级联赛,乌德勒支,PSV埃因霍温,4.0,3.75,1.64,1,2,2,负,official_result_market_odds,2026-08-11T21:44:29
2025-12-21,2036208,2025-12-21,周日002,意大利甲级联赛,卡利亚里,比萨,1.83,2.98,4.1,2,2,1,平,official_result_market_odds,2026-08-11T21:44:29
2025-12-21,2036209,2025-12-21,周日003,德国乙级联赛,明斯特普鲁士,埃尔沃斯堡,3.0,3.15,2.1,1,1,1,平,official_result_market_odds,2026-08-11T21:44:29
2025-12-21,2036210,2025-12-21,周日004,德国乙级联赛,不伦瑞克,沙尔克04,2.86,3.18,2.16,2,1,0,胜,official_result_market_odds,2026-08-11T21:44:29
2025-12-21,2036211,2025-12-21,周日005,德国乙级联赛,纽伦堡,汉诺威96,3.37,3.45,1.85,2,1,0,胜,official_result_market_odds,2026-08-11T21:44:29
2025-12-21,2036212,2025-12-21,周日006,西班牙甲级联赛,赫罗纳,马德里竞技,4.65,3.76,1.55,0,3,2,负,official_result_market_odds,2026-08-11T21:44:29
2025-12-21,2036213,2025-12-21,周日007,荷兰甲级联赛,费耶诺德,特温特,1.74,3.65,3.6,1,1,1,平,official_result_market_odds,2026-08-11T21:44:29
2025-12-21,2036214,2025-12-21,周日008,荷兰甲级联赛,前进之鹰,格罗宁根,3.13,3.4,1.95,1,1,1,平,official_result_market_odds,2026-08-11T21:44:29
2025-12-21,2036215,2025-12-21,周日009,荷兰乙级联赛,海尔蒙特,威廉二世,2.61,3.35,2.25,2,2,1,平,official_result_market_odds,2026-08-11T21:44:29
2025-12-21,2036216,2025-12-21,周日010,法国杯,欧塞尔,摩纳哥,5.9,4.3,1.38,1,2,2,负,official_result_market_odds,2026-08-11T21:44:29
2025-12-21,2036217,2025-12-21,周日011,法国杯,尼斯,圣埃蒂安,1.9,3.38,3.28,2,1,0,胜,official_result_market_odds,2026-08-11T21:44:29
2025-12-21,2036218,2025-12-21,周日012,法国杯,斯特拉斯堡,敦刻尔克,1.33,4.35,6.9,2,1,0,胜,official_result_market_odds,2026-08-11T21:44:29
2025-12-21,2036219,2025-12-21,周日013,意大利甲级联赛,萨索洛,都灵,2.17,2.93,3.08,0,1,2,负,official_result_market_odds,2026-08-11T21:44:29
2025-12-21,2036220,2025-12-21,周日014,德国甲级联赛,美因茨,圣保利,1.81,3.2,3.82,0,0,1,平,official_result_market_odds,2026-08-11T21:44:29
2025-12-21,2036221,2025-12-21,周日015,西班牙甲级联赛,比利亚雷亚尔,巴塞罗那,3.62,4.22,1.63,0,2,2,负,official_result_market_odds,2026-08-11T21:44:29
2025-12-21,2036222,2025-12-21,周日016,葡萄牙超级联赛,阿维斯SAD,葡萄牙国民,2.9,3.05,2.2,2,2,1,平,official_result_market_odds,2026-08-11T21:44:29
2025-12-21,2036223,2025-12-21,周日017,荷兰甲级联赛,福伦丹,鹿特丹斯巴达,2.66,3.5,2.15,0,1,2,负,official_result_market_odds,2026-08-11T21:44:29
2025-12-21,2036224,2025-12-21,周日018,荷兰甲级联赛,福图纳锡塔德,阿尔克马尔,4.52,4.1,1.51,4,3,0,胜,official_result_market_odds,2026-08-11T21:44:29
2025-12-22,2036225,2025-12-22,周日019,英格兰超级联赛,阿斯顿维拉,曼彻斯特联,1.92,3.55,3.08,2,1,0,胜,official_result_market_odds,2026-08-11T21:44:29
2025-12-22,2036227,2025-12-22,周日021,法国杯,勒阿弗尔,亚眠,1.22,5.2,8.75,0,2,2,负,official_result_market_odds,2026-08-11T21:44:29
2025-12-22,2036228,2025-12-22,周日022,意大利甲级联赛,佛罗伦萨,乌迪内斯,1.96,3.14,3.35,5,1,0,胜,official_result_market_odds,2026-08-11T21:44:29
2025-12-22,2036229,2025-12-22,周日023,西班牙甲级联赛,埃尔切,巴列卡诺,2.31,2.78,3.0,4,0,0,胜,official_result_market_odds,2026-08-11T21:44:29
2025-12-22,2036230,2025-12-22,周日024,葡萄牙超级联赛,通德拉,卡萨皮亚,1.95,3.05,3.5,1,2,2,负,official_result_market_odds,2026-08-11T21:44:29
2025-12-22,2036231,2025-12-22,周日026,意大利甲级联赛,热那亚,亚特兰大,3.35,3.05,2.0,0,1,2,负,official_result_market_odds,2026-08-11T21:44:29
2025-12-22,2036232,2025-12-22,周日027,西班牙甲级联赛,皇家贝蒂斯,赫塔费,1.64,3.06,5.25,4,0,0,胜,official_result_market_odds,2026-08-11T21:44:29
2025-12-22,2036233,2025-12-22,周日028,葡萄牙超级联赛,圣克拉拉,阿罗卡,1.67,3.1,4.86,0,0,1,平,official_result_market_odds,2026-08-11T21:44:29
2025-12-22,2036234,2025-12-22,周一001,非洲杯,马里,赞比亚,1.61,3.05,5.65,1,1,1,平,official_result_market_odds,2026-08-11T21:44:29
2025-12-23,2036235,2025-12-23,周一002,亚洲冠军精英联赛,沙迦,利雅得新月,6.75,4.9,1.29,0,1,2,负,official_result_market_odds,2026-08-11T21:44:29
2025-12-23,2036236,2025-12-23,周一003,非洲杯,南非,安哥拉,2.2,2.62,3.45,2,1,0,胜,official_result_market_odds,2026-08-11T21:44:29
2025-12-23,2036237,2025-12-23,周一004,亚洲冠军精英联赛,鲁萨法警察,吉达国民,4.2,3.65,1.63,0,5,2,负,official_result_market_odds,2026-08-11T21:44:29
2025-12-23,2036238,2025-12-23,周一005,亚洲冠军精英联赛,赖扬加拉法,阿布扎比联,3.7,3.75,1.7,1,0,0,胜,official_result_market_odds,2026-08-11T21:44:29
2025-12-23,2036239,2025-12-23,周一006,葡萄牙超级联赛,阿尔维卡,波尔图,9.5,4.95,1.22,0,3,2,负,official_result_market_odds,2026-08-11T21:44:29
2025-12-23,2036240,2025-12-23,周一007,英格兰超级联赛,富勒姆,诺丁汉森林,2.26,3.1,2.76,1,0,0,胜,official_result_market_odds,2026-08-11T21:44:29
2025-12-23,2036241,2025-12-23,周一008,西班牙甲级联赛,毕尔巴鄂竞技,西班牙人,1.73,3.08,4.46,1,2,2,负,official_result_market_odds,2026-08-11T21:44:29
2025-12-23,2036242,2025-12-23,周一009,非洲杯,埃及,津巴布韦,1.23,4.45,11.25,2,1,0,胜,official_result_market_odds,2026-08-11T21:44:29
2025-12-23,2036243,2025-12-23,周一010,葡萄牙超级联赛,本菲卡,法马利康,1.22,5.05,9.25,1,0,0,胜,official_result_market_odds,2026-08-11T21:44:29
2025-12-23,2036279,2025-12-23,周一011,意大利超级杯,那不勒斯,博洛尼亚,1.95,2.98,3.6,2,0,0,胜,official_result_market_odds,2026-08-11T21:44:29
2025-12-23,2036289,2025-12-23,周二001,澳大利亚超级联赛,墨尔本城,麦克阿瑟FC,1.44,4.06,5.4,1,1,1,平,official_result_market_odds,2026-08-11T21:44:29
2025-12-23,2036306,2025-12-23,周二002,非洲杯,塞内加尔,博茨瓦纳,1.05,8.0,20.0,3,0,0,胜,official_result_market_odds,2026-08-11T21:44:29
2025-12-24,2036290,2025-12-24,周二003,亚洲冠军精英联赛,多哈萨德,迪拜国民青年,2.34,3.42,2.46,4,2,0,胜,official_result_market_odds,2026-08-11T21:44:29
2025-12-24,2036291,2025-12-24,周二004,非洲杯,尼日利亚,坦桑尼亚,1.27,4.2,10.0,2,1,0,胜,official_result_market_odds,2026-08-11T21:44:29
2025-12-24,2036292,2025-12-24,周二005,亚洲冠军精英联赛,吉达联合,纳萨夫,1.13,6.35,12.0,1,0,0,胜,official_result_market_odds,2026-08-11T21:44:29
2025-12-24,2036293,2025-12-24,周二006,英格兰联赛杯,阿森纳,水晶宫,1.37,4.05,6.7,1,1,1,平,official_result_market_odds,2026-08-11T21:44:29
2025-12-24,2036294,2025-12-24,周二007,非洲杯,突尼斯,乌干达,1.51,3.35,6.0,3,1,0,胜,official_result_market_odds,2026-08-11T21:44:29
2025-12-24,2036295,2025-12-24,周二008,葡萄牙超级联赛,吉马良斯,里斯本竞技,6.9,4.25,1.34,1,4,2,负,official_result_market_odds,2026-08-11T21:44:29
2025-12-24,2036296,2025-12-24,周三001,非洲杯,布基纳法索,赤道几内亚,1.8,2.98,4.25,2,1,0,胜,official_result_market_odds,2026-08-11T21:44:29
2025-12-24,2036307,2025-12-24,周三002,非洲杯,阿尔及利亚,苏丹,1.15,5.3,14.5,3,0,0,胜,official_result_market_odds,2026-08-11T21:44:29
2025-12-25,2036297,2025-12-25,周三003,亚洲冠军乙级联赛,迪拜连接,安曼联,1.2,5.5,8.9,2,1,0,胜,official_result_market_odds,2026-08-11T21:44:29
2025-12-25,2036298,2025-12-25,周三004,亚洲冠军乙级联赛,多哈国民,安集延,1.46,3.75,5.7,2,0,0,胜,official_result_market_odds,2026-08-11T21:44:29
2025-12-25,2036299,2025-12-25,周三005,亚洲冠军乙级联赛,阿尔卡达格,哈马德永恒,3.0,3.12,2.12,1,0,0,胜,official_result_market_odds,2026-08-11T21:44:29
2025-12-25,2036300,2025-12-25,周三006,亚洲冠军乙级联赛,果阿FC,杜尚别独立,5.35,4.35,1.41,1,2,2,负,official_result_market_odds,2026-08-11T21:44:29
2025-12-25,2036301,2025-12-25,周三007,亚洲冠军乙级联赛,利雅得胜利,巴格达扎乌拉,1.05,8.2,19.0,5,1,0,胜,official_result_market_odds,2026-08-11T21:44:29
2025-12-25,2036302,2025-12-25,周三009,非洲杯,喀麦隆,加蓬,1.97,2.71,4.0,1,0,0,胜,official_result_market_odds,2026-08-11T21:44:29
2025-12-25,2036303,2025-12-25,周四001,沙特职业联赛,迈季迈阿宽广,拉斯决心,1.86,3.25,3.56,0,0,1,平,official_result_market_odds,2026-08-11T21:44:29
2025-12-25,2036308,2025-12-25,周三008,非洲杯,科特迪瓦,莫桑比克,1.19,4.85,12.5,1,0,0,胜,official_result_market_odds,2026-08-11T21:44:29
2025-12-26,2036304,2025-12-26,周四002,沙特职业联赛,新未来SC,欧奈宰纳伊马,1.16,5.9,10.5,2,1,0,胜,official_result_market_odds,2026-08-11T21:44:29
2025-12-26,2036305,2025-12-26,周四003,沙特职业联赛,利雅得,达曼协定,3.08,3.15,2.07,0,2,2,负,official_result_market_odds,2026-08-11T21:44:29
2025-12-26,2036334,2025-12-26,周五001,澳大利亚超级联赛,纽卡斯尔喷气机,麦克阿瑟FC,1.72,4.05,3.35,4,5,2,负,official_result_market_odds,2026-08-11T21:44:29
2025-12-26,2036335,2025-12-26,周五002,英格兰冠军联赛,伯明翰,德比郡,1.8,3.2,3.88,1,1,1,平,official_result_market_odds,2026-08-11T21:44:29
2025-12-26,2036336,2025-12-26,周五003,非洲杯,安哥拉,津巴布韦,1.75,2.92,4.7,1,1,1,平,official_result_market_odds,2026-08-11T21:44:29
2025-12-26,2036337,2025-12-26,周五004,英格兰冠军联赛,米尔沃尔,伊普斯维奇,3.78,3.2,1.82,0,0,1,平,official_result_market_odds,2026-08-11T21:44:29
2025-12-26,2036338,2025-12-26,周五005,沙特职业联赛,穆拜赖兹征服,吉达国民,4.75,4.35,1.46,2,1,0,胜,official_result_market_odds,2026-08-11T21:44:29
2025-12-26,2036339,2025-12-26,周五006,沙特职业联赛,拉斯永恒,布赖代合作,3.48,3.65,1.77,0,2,2,负,official_result_market_odds,2026-08-11T21:44:29
2025-12-26,2036340,2025-12-26,周五007,英格兰冠军联赛,牛津联,南安普敦,3.95,3.63,1.67,2,1,0,胜,official_result_market_odds,2026-08-11T21:44:29
2025-12-26,2036341,2025-12-26,周五008,英格兰冠军联赛,西布罗姆维奇,布里斯托尔城,1.92,3.2,3.4,1,2,2,负,official_result_market_odds,2026-08-11T21:44:29
2025-12-26,2036342,2025-12-26,周五009,英格兰冠军联赛,诺维奇,查尔顿,1.86,3.35,3.45,1,0,0,胜,official_result_market_odds,2026-08-11T21:44:29
2025-12-26,2036343,2025-12-26,周五010,英格兰冠军联赛,米德尔斯堡,布莱克本,1.54,3.72,4.8,0,0,1,平,official_result_market_odds,2026-08-11T21:44:29
2025-12-26,2036344,2025-12-26,周五011,英格兰冠军联赛,莱切斯特城,沃特福德,2.06,3.25,3.0,1,2,2,负,official_result_market_odds,2026-08-11T21:44:29
2025-12-26,2036345,2025-12-26,周五012,英格兰冠军联赛,斯托克城,普雷斯顿,1.95,3.05,3.5,0,0,1,平,official_result_market_odds,2026-08-11T21:44:29
2025-12-26,2036346,2025-12-26,周五013,英格兰冠军联赛,考文垂,斯旺西,1.39,4.2,5.9,1,0,0,胜,official_result_market_odds,2026-08-11T21:44:29
2025-12-26,2036347,2025-12-26,周五014,英格兰冠军联赛,朴次茅斯,女王公园巡游者,2.9,3.15,2.15,1,1,1,平,official_result_market_odds,2026-08-11T21:44:29
2025-12-26,2036348,2025-12-26,周五015,英格兰甲级联赛,哈德斯菲尔德,维尔港,1.58,3.6,4.62,5,0,0,胜,official_result_market_odds,2026-08-11T21:44:29
2025-12-26,2036349,2025-12-26,周五016,英格兰甲级联赛,卢顿,威科姆,1.99,3.05,3.38,4,0,0,胜,official_result_market_odds,2026-08-11T21:44:29
2025-12-26,2036350,2025-12-26,周五017,英格兰甲级联赛,巴恩斯利,曼斯菲尔德,1.89,3.35,3.35,2,3,2,负,official_result_market_odds,2026-08-11T21:44:29
2025-12-26,2036351,2025-12-26,周五019,英格兰甲级联赛,布莱克浦,唐卡斯特,2.12,3.3,2.85,1,0,0,胜,official_result_market_odds,2026-08-11T21:44:29
2025-12-26,2036352,2025-12-26,周五020,英格兰甲级联赛,博尔顿,罗瑟汉姆,1.29,4.6,7.5,2,1,0,胜,official_result_market_odds,2026-08-11T21:44:29
2025-12-26,2036353,2025-12-26,周五021,英格兰甲级联赛,斯托克港,林肯城,2.1,3.1,3.05,1,2,2,负,official_result_market_odds,2026-08-11T21:44:29
2025-12-26,2036354,2025-12-26,周五022,英格兰甲级联赛,普利茅斯,雷丁,2.64,3.1,2.35,1,4,2,负,official_result_market_odds,2026-08-11T21:44:29
2025-12-26,2036355,2025-12-26,周五023,英格兰甲级联赛,彼得堡联,莱顿东方,1.97,3.3,3.16,1,0,0,胜,official_result_market_odds,2026-08-11T21:44:29
2025-12-26,2036356,2025-12-26,周五024,非洲杯,埃及,南非,1.92,2.88,3.88,1,0,0,胜,official_result_market_odds,2026-08-11T21:44:29
2025-12-26,2036362,2025-12-26,周五018,英格兰甲级联赛,加的夫城,埃克塞特城,1.44,4.0,5.5,1,0,0,胜,official_result_market_odds,2026-08-11T21:44:29
2025-12-27,2036357,2025-12-27,周五025,沙特职业联赛,利雅得新月,赛哈特海湾,1.13,6.9,10.5,3,2,0,胜,official_result_market_odds,2026-08-11T21:44:29
2025-12-27,2036358,2025-12-27,周五026,英格兰冠军联赛,雷克斯汉姆,谢菲尔德联,3.18,3.2,2.0,5,3,0,胜,official_result_market_odds,2026-08-11T21:44:29
2025-12-27,2036359,2025-12-27,周五027,非洲杯,赞比亚,科摩罗,2.2,2.65,3.4,0,0,1,平,official_result_market_odds,2026-08-11T21:44:29
2025-12-27,2036360,2025-12-27,周五028,英格兰超级联赛,曼彻斯特联,纽卡斯尔联,2.43,3.45,2.35,1,0,0,胜,official_result_market_odds,2026-08-11T21:44:29
2025-12-27,2036361,2025-12-27,周五029,非洲杯,摩洛哥,马里,1.41,3.65,7.0,1,1,1,平,official_result_market_odds,2026-08-11T21:44:29
2025-12-27,2036378,2025-12-27,周六001,澳大利亚超级联赛,阿德莱德联,西悉尼漫步者,2.44,3.54,2.3,3,2,0,胜,official_result_market_odds,2026-08-11T21:44:29
2025-12-27,2036379,2025-12-27,周六002,意大利甲级联赛,帕尔马,佛罗伦萨,3.35,3.04,2.0,1,0,0,胜,official_result_market_odds,2026-08-11T21:44:29
2025-12-27,2036380,2025-12-27,周六003,英格兰超级联赛,诺丁汉森林,曼彻斯特城,5.05,4.05,1.47,1,2,2,负,official_result_market_odds,2026-08-11T21:44:29
2025-12-27,2036381,2025-12-27,周六004,非洲杯,贝宁,博茨瓦纳,1.7,2.9,5.2,1,0,0,胜,official_result_market_odds,2026-08-11T21:44:29
2025-12-27,2036382,2025-12-27,周六005,沙特职业联赛,胡巴尔卡德西亚,达马克,1.16,5.75,11.0,1,1,1,平,official_result_market_odds,2026-08-11T21:44:29
2025-12-27,2036383,2025-12-27,周六006,意大利甲级联赛,莱切,科莫,4.45,3.1,1.73,0,3,2,负,official_result_market_odds,2026-08-11T21:44:29
2025-12-27,2036384,2025-12-27,周六007,意大利甲级联赛,都灵,卡利亚里,1.68,3.05,4.9,1,2,2,负,official_result_market_odds,2026-08-11T21:44:29
2025-12-27,2036386,2025-12-27,周六009,英格兰超级联赛,利物浦,狼队,1.14,6.3,11.0,2,1,0,胜,official_result_market_odds,2026-08-11T21:44:29
2025-12-27,2036387,2025-12-27,周六010,英格兰超级联赛,西汉姆联,富勒姆,2.68,3.2,2.27,0,1,2,负,official_result_market_odds,2026-08-11T21:44:29
2025-12-27,2036388,2025-12-27,周六011,英格兰超级联赛,布伦特福德,伯恩茅斯,2.06,3.3,2.95,4,1,0,胜,official_result_market_odds,2026-08-11T21:44:29
2025-12-27,2036389,2025-12-27,周六012,英格兰超级联赛,伯恩利,埃弗顿,3.6,3.05,1.92,0,0,1,平,official_result_market_odds,2026-08-11T21:44:29
2025-12-28,2036390,2025-12-28,周六013,意大利甲级联赛,乌迪内斯,拉齐奥,2.9,2.86,2.32,1,1,1,平,official_result_market_odds,2026-08-11T21:44:29
2025-12-28,2036391,2025-12-28,周六014,沙特职业联赛,吉达联合,利雅得青年,1.24,4.9,8.6,2,0,0,胜,official_result_market_odds,2026-08-11T21:44:29
2025-12-28,2036392,2025-12-28,周六015,英格兰超级联赛,切尔西,阿斯顿维拉,1.73,3.55,3.75,1,2,2,负,official_result_market_odds,2026-08-11T21:44:29
2025-12-28,2036393,2025-12-28,周六016,非洲杯,乌干达,坦桑尼亚,2.3,2.65,3.18,1,1,1,平,official_result_market_odds,2026-08-11T21:44:29
2025-12-28,2036394,2025-12-28,周六017,葡萄牙超级联赛,法马利康,阿马多拉,1.39,3.95,6.5,2,3,2,负,official_result_market_odds,2026-08-11T21:44:29
2025-12-28,2036395,2025-12-28,周六018,意大利甲级联赛,比萨,尤文图斯,7.2,4.25,1.33,0,2,2,负,official_result_market_odds,2026-08-11T21:44:29
2025-12-28,2036396,2025-12-28,周六019,非洲杯,尼日利亚,突尼斯,2.13,2.7,3.48,3,2,0,胜,official_result_market_odds,2026-08-11T21:44:29
2025-12-28,2036397,2025-12-28,周六020,葡萄牙超级联赛,埃斯托里尔,阿尔维卡,1.96,3.2,3.3,4,1,0,胜,official_result_market_odds,2026-08-11T21:44:29
2025-12-28,2036398,2025-12-28,周日001,澳大利亚超级联赛,墨尔本城,珀斯光荣,1.54,3.65,4.9,1,3,2,负,official_result_market_odds,2026-08-11T21:44:29
2025-12-28,2036399,2025-12-28,周日002,意大利甲级联赛,AC米兰,维罗纳,1.26,4.7,8.3,3,0,0,胜,official_result_market_odds,2026-08-11T21:44:29
2025-12-28,2036400,2025-12-28,周日003,非洲杯,加蓬,莫桑比克,1.68,3.15,4.7,2,3,2,负,official_result_market_odds,2026-08-11T21:44:29
2025-12-28,2036401,2025-12-28,周日004,英格兰超级联赛,桑德兰,利兹联,2.63,2.95,2.45,1,1,1,平,official_result_market_odds,2026-08-11T21:44:29
2025-12-28,2036402,2025-12-28,周日005,意大利甲级联赛,克雷莫纳,那不勒斯,6.25,3.8,1.42,0,2,2,负,official_result_market_odds,2026-08-11T21:44:29
2025-12-28,2036403,2025-12-28,周日006,非洲杯,赤道几内亚,苏丹,2.05,2.78,3.58,0,1,2,负,official_result_market_odds,2026-08-11T21:44:29
2025-12-28,2036404,2025-12-28,周日007,葡萄牙超级联赛,卡萨皮亚,吉马良斯,2.98,2.8,2.3,0,0,1,平,official_result_market_odds,2026-08-11T21:44:29
2025-12-28,2036405,2025-12-28,周日008,葡萄牙超级联赛,阿罗卡,吉维森特,4.1,3.25,1.74,2,2,1,平,official_result_market_odds,2026-08-11T21:44:29
2025-12-29,2036406,2025-12-29,周日009,英格兰超级联赛,水晶宫,托特纳姆热刺,2.0,3.2,3.18,0,1,2,负,official_result_market_odds,2026-08-11T21:44:29
2025-12-29,2036407,2025-12-29,周日010,意大利甲级联赛,博洛尼亚,萨索洛,1.84,3.2,3.7,1,1,1,平,official_result_market_odds,2026-08-11T21:44:29
2025-12-29,2036408,2025-12-29,周日011,非洲杯,阿尔及利亚,布基纳法索,1.66,3.2,4.75,1,0,0,胜,official_result_market_odds,2026-08-11T21:44:29
2025-12-29,2036409,2025-12-29,周日012,葡萄牙超级联赛,布拉加,本菲卡,3.27,3.16,1.98,2,2,1,平,official_result_market_odds,2026-08-11T21:44:29
2025-12-29,2036410,2025-12-29,周日013,意大利甲级联赛,亚特兰大,国际米兰,3.35,3.45,1.86,0,1,2,负,official_result_market_odds,2026-08-11T21:44:29
2025-12-29,2036411,2025-12-29,周日014,非洲杯,科特迪瓦,喀麦隆,1.91,2.68,4.35,1,1,1,平,official_result_market_odds,2026-08-11T21:44:29
2025-12-29,2036413,2025-12-29,周一001,澳大利亚超级联赛,墨尔本胜利,惠灵顿凤凰,1.36,4.38,6.1,5,1,0,胜,official_result_market_odds,2026-08-11T21:44:29
2025-12-29,2036414,2025-12-29,周一002,沙特职业联赛,赛哈特海湾,穆拜赖兹征服,1.91,3.65,3.05,0,1,2,负,official_result_market_odds,2026-08-11T21:44:29
2025-12-30,2036415,2025-12-30,周一003,非洲杯,安哥拉,埃及,2.9,2.88,2.3,0,0,1,平,official_result_market_odds,2026-08-11T21:44:29
2025-12-30,2036416,2025-12-30,周一004,非洲杯,津巴布韦,南非,5.85,3.4,1.51,2,3,2,负,official_result_market_odds,2026-08-11T21:44:29
2025-12-30,2036417,2025-12-30,周一005,沙特职业联赛,利雅得,拉斯决心,2.65,3.05,2.38,1,2,2,负,official_result_market_odds,2026-08-11T21:44:29
2025-12-30,2036418,2025-12-30,周一006,沙特职业联赛,布赖代合作,欧奈宰纳伊马,1.23,5.0,8.8,1,0,0,胜,official_result_market_odds,2026-08-11T21:44:29
2025-12-30,2036419,2025-12-30,周一007,英格兰冠军联赛,考文垂,伊普斯维奇,2.18,3.25,2.77,0,2,2,负,official_result_market_odds,2026-08-11T21:44:29
2025-12-30,2036420,2025-12-30,周一008,非洲杯,科摩罗,马里,6.9,3.9,1.38,0,0,1,平,official_result_market_odds,2026-08-11T21:44:29
2025-12-30,2036422,2025-12-30,周一010,英格兰冠军联赛,雷克斯汉姆,普雷斯顿,2.15,2.85,3.22,2,1,0,胜,official_result_market_odds,2026-08-11T21:44:29
2025-12-30,2036423,2025-12-30,周一011,英格兰冠军联赛,牛津联,斯旺西,2.6,2.95,2.48,0,1,2,负,official_result_market_odds,2026-08-11T21:44:29
2025-12-30,2036424,2025-12-30,周一012,英格兰冠军联赛,斯托克城,谢菲尔德联,2.68,3.05,2.35,1,2,2,负,official_result_market_odds,2026-08-11T21:44:29
2025-12-30,2036425,2025-12-30,周一013,英格兰冠军联赛,莱切斯特城,德比郡,1.85,3.1,3.8,2,1,0,胜,official_result_market_odds,2026-08-11T21:44:29
2025-12-30,2036426,2025-12-30,周一014,英格兰冠军联赛,米尔沃尔,布里斯托尔城,2.2,3.05,2.9,2,1,0,胜,official_result_market_odds,2026-08-11T21:44:29
2025-12-30,2036427,2025-12-30,周一015,英格兰冠军联赛,西布罗姆维奇,女王公园巡游者,1.94,3.2,3.35,2,1,0,胜,official_result_market_odds,2026-08-11T21:44:29
2025-12-30,2036428,2025-12-30,周一016,英格兰冠军联赛,诺维奇,沃特福德,2.44,3.25,2.44,0,1,2,负,official_result_market_odds,2026-08-11T21:44:29
2025-12-30,2036429,2025-12-30,周一017,英格兰冠军联赛,朴次茅斯,查尔顿,2.22,2.92,3.0,2,1,0,胜,official_result_market_odds,2026-08-11T21:44:29
2025-12-30,2036430,2025-12-30,周一018,英格兰冠军联赛,米德尔斯堡,赫尔城,1.52,3.9,4.7,0,1,2,负,official_result_market_odds,2026-08-11T21:44:29
2025-12-30,2036431,2025-12-30,周一019,英格兰甲级联赛,普利茅斯,威科姆,3.1,3.25,2.02,1,1,1,平,official_result_market_odds,2026-08-11T21:44:29
2025-12-30,2036432,2025-12-30,周一020,英格兰甲级联赛,斯托克港,唐卡斯特,1.66,3.6,4.05,4,2,0,胜,official_result_market_odds,2026-08-11T21:44:29
2025-12-30,2036433,2025-12-30,周一021,英格兰甲级联赛,卢顿,莱顿东方,1.52,3.8,4.85,3,0,0,胜,official_result_market_odds,2026-08-11T21:44:29
2025-12-30,2036434,2025-12-30,周一022,英格兰甲级联赛,博尔顿,曼斯菲尔德,1.35,4.45,6.2,0,1,2,负,official_result_market_odds,2026-08-11T21:44:29
2025-12-30,2036435,2025-12-30,周一023,英格兰甲级联赛,布莱克浦,罗瑟汉姆,1.86,3.12,3.72,4,0,0,胜,official_result_market_odds,2026-08-11T21:44:29
2025-12-30,2036436,2025-12-30,周一024,英格兰甲级联赛,彼得堡联,雷丁,2.25,3.18,2.72,1,1,1,平,official_result_market_odds,2026-08-11T21:44:29
2025-12-30,2036437,2025-12-30,周一025,英格兰甲级联赛,巴恩斯利,林肯城,2.7,3.18,2.26,0,2,2,负,official_result_market_odds,2026-08-11T21:44:29
2025-12-30,2036438,2025-12-30,周一026,英格兰甲级联赛,哈德斯菲尔德,北安普敦,1.46,3.75,5.7,2,0,0,胜,official_result_market_odds,2026-08-11T21:44:29
2025-12-30,2036439,2025-12-30,周一027,英格兰甲级联赛,加的夫城,斯蒂文尼奇,1.6,3.45,4.75,2,1,0,胜,official_result_market_odds,2026-08-11T21:44:29
2025-12-30,2036440,2025-12-30,周一028,意大利甲级联赛,罗马,热那亚,1.48,3.4,6.4,3,1,0,胜,official_result_market_odds,2026-08-11T21:44:29
2025-12-30,2036441,2025-12-30,周一029,英格兰冠军联赛,伯明翰,南安普敦,2.22,3.25,2.72,1,1,1,平,official_result_market_odds,2026-08-11T21:44:29
2025-12-30,2036491,2025-12-30,周二001,沙特职业联赛,吉达国民,迈季迈阿宽广,1.41,4.05,5.9,2,0,0,胜,official_result_market_odds,2026-08-11T21:44:29
2025-12-31,2036492,2025-12-31,周二002,非洲杯,坦桑尼亚,突尼斯,7.05,3.5,1.43,1,1,1,平,official_result_market_odds,2026-08-11T21:44:29
2025-12-31,2036493,2025-12-31,周二003,非洲杯,乌干达,尼日利亚,3.65,3.15,1.87,1,3,2,负,official_result_market_odds,2026-08-11T21:44:29
2025-12-31,2036494,2025-12-31,周二004,沙特职业联赛,达曼协定,利雅得胜利,8.5,5.7,1.2,2,2,1,平,official_result_market_odds,2026-08-11T21:44:29
2025-12-31,2036495,2025-12-31,周二005,沙特职业联赛,奈季兰沟渠,达马克,2.65,2.89,2.48,0,1,2,负,official_result_market_odds,2026-08-11T21:44:29
2025-12-31,2036496,2025-12-31,周二006,非洲杯,贝宁,塞内加尔,12.5,4.85,1.19,0,3,2,负,official_result_market_odds,2026-08-11T21:44:29
2025-12-31,2036497,2025-12-31,周二007,英格兰超级联赛,切尔西,伯恩茅斯,1.39,4.38,5.58,2,2,1,平,official_result_market_odds,2026-08-11T21:44:29
2025-12-31,2036498,2025-12-31,周二008,英格兰超级联赛,诺丁汉森林,埃弗顿,1.98,3.02,3.45,0,2,2,负,official_result_market_odds,2026-08-11T21:44:29
2025-12-31,2036499,2025-12-31,周二009,英格兰超级联赛,伯恩利,纽卡斯尔联,5.55,4.12,1.42,1,3,2,负,official_result_market_odds,2026-08-11T21:44:29
2025-12-31,2036500,2025-12-31,周二010,英格兰超级联赛,曼彻斯特联,狼队,1.25,4.9,8.2,1,1,1,平,official_result_market_odds,2026-08-11T21:44:29
2025-12-31,2036501,2025-12-31,周二011,英格兰超级联赛,阿森纳,阿斯顿维拉,1.33,4.45,6.65,4,1,0,胜,official_result_market_odds,2026-08-11T21:44:29
2025-12-31,2036502,2025-12-31,周三001,澳大利亚超级联赛,中央海岸水手,布里斯班狮吼,3.06,3.25,2.03,1,2,2,负,official_result_market_odds,2026-08-11T21:44:29
2025-12-31,2036503,2025-12-31,周三002,沙特职业联赛,新未来SC,吉达联合,3.75,3.8,1.68,1,3,2,负,official_result_market_odds,2026-08-11T21:44:29
2026-01-01,2036504,2026-01-01,周三003,非洲杯,赤道几内亚,阿尔及利亚,6.6,3.5,1.45,1,3,2,负,official_result_market_odds,2026-08-11T21:44:29
2026-01-01,2036505,2026-01-01,周三004,非洲杯,苏丹,布基纳法索,6.0,2.92,1.62,0,2,2,负,official_result_market_odds,2026-08-11T21:44:29
2026-01-01,2036506,2026-01-01,周三005,沙特职业联赛,拉斯永恒,利雅得新月,10.0,6.7,1.14,1,3,2,负,official_result_market_odds,2026-08-11T21:44:29
2026-01-01,2036507,2026-01-01,周三006,沙特职业联赛,利雅得青年,胡巴尔卡德西亚,5.45,4.1,1.43,2,3,2,负,official_result_market_odds,2026-08-11T21:44:29
2026-01-01,2036508,2026-01-01,周三007,非洲杯,加蓬,科特迪瓦,8.35,4.2,1.3,2,3,2,负,official_result_market_odds,2026-08-11T21:44:29
2026-01-01,2036509,2026-01-01,周三008,非洲杯,莫桑比克,喀麦隆,6.4,3.5,1.46,1,2,2,负,official_result_market_odds,2026-08-11T21:44:29
2026-01-01,2036510,2026-01-01,周四001,澳大利亚超级联赛,奥克兰FC,纽卡斯尔喷气机,1.55,4.08,4.18,1,3,2,负,official_result_market_odds,2026-08-11T21:44:29
2026-01-01,2036511,2026-01-01,周四002,澳大利亚超级联赛,西悉尼漫步者,麦克阿瑟FC,1.67,3.75,3.8,0,1,2,负,official_result_market_odds,2026-08-11T21:44:29
2026-01-01,2036512,2026-01-01,周四003,英格兰冠军联赛,布莱克本,雷克斯汉姆,1.9,3.05,3.65,0,2,2,负,official_result_market_odds,2026-08-11T21:44:29
2026-01-01,2036513,2026-01-01,周四004,英格兰冠军联赛,沃特福德,伯明翰,1.87,3.33,3.4,3,0,0,胜,official_result_market_odds,2026-08-11T21:44:29
2026-01-01,2036514,2026-01-01,周四005,英格兰冠军联赛,德比郡,米德尔斯堡,3.15,3.1,2.05,1,0,0,胜,official_result_market_odds,2026-08-11T21:44:29
2026-01-01,2036515,2026-01-01,周四006,英格兰冠军联赛,女王公园巡游者,诺维奇,1.77,3.5,3.6,1,2,2,负,official_result_market_odds,2026-08-11T21:44:29
2026-01-01,2036516,2026-01-01,周四007,英格兰冠军联赛,查尔顿,考文垂,4.1,3.5,1.67,1,1,1,平,official_result_market_odds,2026-08-11T21:44:29
2026-01-01,2036517,2026-01-01,周四008,英格兰冠军联赛,南安普敦,米尔沃尔,1.63,3.62,4.18,0,0,1,平,official_result_market_odds,2026-08-11T21:44:29
2026-01-01,2036518,2026-01-01,周四009,英格兰冠军联赛,布里斯托尔城,朴次茅斯,1.52,3.65,5.05,5,0,0,胜,official_result_market_odds,2026-08-11T21:44:29
2026-01-01,2036519,2026-01-01,周四010,英格兰冠军联赛,伊普斯维奇,牛津联,1.27,4.6,8.0,2,1,0,胜,official_result_market_odds,2026-08-11T21:44:29
2026-01-01,2036520,2026-01-01,周四011,英格兰冠军联赛,赫尔城,斯托克城,2.18,3.2,2.8,0,1,2,负,official_result_market_odds,2026-08-11T21:44:29
2026-01-01,2036521,2026-01-01,周四012,英格兰冠军联赛,斯旺西,西布罗姆维奇,2.6,2.84,2.55,1,0,0,胜,official_result_market_odds,2026-08-11T21:44:29
2026-01-01,2036522,2026-01-01,周四013,英格兰甲级联赛,雷丁,伯顿,1.65,3.45,4.3,2,0,0,胜,official_result_market_odds,2026-08-11T21:44:29
2026-01-01,2036523,2026-01-01,周四014,英格兰甲级联赛,曼斯菲尔德,布拉德福德,3.08,3.15,2.05,3,0,0,胜,official_result_market_odds,2026-08-11T21:44:29
2026-01-01,2036524,2026-01-01,周四015,英格兰甲级联赛,罗瑟汉姆,彼得堡联,2.7,3.18,2.25,0,2,2,负,official_result_market_odds,2026-08-11T21:44:29
2026-01-01,2036525,2026-01-01,周四016,英格兰甲级联赛,林肯城,哈德斯菲尔德,2.14,2.95,3.1,1,1,1,平,official_result_market_odds,2026-08-11T21:44:29
2026-01-01,2036526,2026-01-01,周四017,英格兰甲级联赛,北安普敦,斯托克港,3.47,3.15,1.91,0,0,1,平,official_result_market_odds,2026-08-11T21:44:29
2026-01-01,2036527,2026-01-01,周四018,英格兰甲级联赛,斯蒂文尼奇,普利茅斯,1.86,3.12,3.7,1,1,1,平,official_result_market_odds,2026-08-11T21:44:29
2026-01-01,2036528,2026-01-01,周四019,英格兰甲级联赛,威科姆,加的夫城,2.7,3.35,2.17,1,1,1,平,official_result_market_odds,2026-08-11T21:44:29
2026-01-01,2036529,2026-01-01,周四020,英格兰甲级联赛,维冈竞技,巴恩斯利,2.02,3.2,3.12,1,1,1,平,official_result_market_odds,2026-08-11T21:44:29
2026-01-01,2036530,2026-01-01,周四021,英格兰甲级联赛,埃克塞特城,卢顿,3.7,3.17,1.84,1,0,0,胜,official_result_market_odds,2026-08-11T21:44:29
2026-01-02,2036531,2026-01-02,周四022,英格兰超级联赛,水晶宫,富勒姆,1.96,3.2,3.3,1,1,1,平,official_result_market_odds,2026-08-11T21:44:29
2026-01-02,2036532,2026-01-02,周四023,英格兰超级联赛,利物浦,利兹联,1.37,4.3,6.0,0,0,1,平,official_result_market_odds,2026-08-11T21:44:29
2026-01-02,2036533,2026-01-02,周四024,英格兰冠军联赛,谢菲尔德联,莱切斯特城,1.71,3.48,3.9,3,1,0,胜,official_result_market_odds,2026-08-11T21:44:29
2026-01-02,2036534,2026-01-02,周四025,英格兰超级联赛,桑德兰,曼彻斯特城,6.9,4.65,1.3,0,0,1,平,official_result_market_odds,2026-08-11T21:44:29
2026-01-02,2036535,2026-01-02,周四026,英格兰超级联赛,布伦特福德,托特纳姆热刺,2.17,3.26,2.77,0,0,1,平,official_result_market_odds,2026-08-11T21:44:29
2026-01-02,2036567,2026-01-02,周五001,澳大利亚超级联赛,墨尔本胜利,珀斯光荣,1.71,3.5,3.86,3,2,0,胜,official_result_market_odds,2026-08-11T21:44:29
2026-01-02,2036568,2026-01-02,周五002,沙特职业联赛,欧奈宰纳伊马,赛哈特海湾,4.82,3.85,1.51,2,2,1,平,official_result_market_odds,2026-08-11T21:44:29
2026-01-02,2036569,2026-01-02,周五003,沙特职业联赛,达曼协定,奈季兰沟渠,1.5,3.75,5.1,2,0,0,胜,official_result_market_odds,2026-08-11T21:44:29
2026-01-03,2036570,2026-01-03,周五004,沙特职业联赛,吉达国民,利雅得胜利,3.8,3.9,1.64,3,2,0,胜,official_result_market_odds,2026-08-11T21:44:29
2026-01-03,2036571,2026-01-03,周五005,葡萄牙超级联赛,吉维森特,里斯本竞技,7.2,4.4,1.31,1,1,1,平,official_result_market_odds,2026-08-11T21:44:29
2026-01-03,2036572,2026-01-03,周五006,意大利甲级联赛,卡利亚里,AC米兰,5.7,3.78,1.45,0,1,2,负,official_result_market_odds,2026-08-11T21:44:29
2026-01-03,2036573,2026-01-03,周五007,法国甲级联赛,图卢兹,朗斯,2.45,3.22,2.44,0,3,2,负,official_result_market_odds,2026-08-11T21:44:29
2026-01-03,2036574,2026-01-03,周五008,西班牙甲级联赛,巴列卡诺,赫塔费,1.91,2.55,4.7,1,1,1,平,official_result_market_odds,2026-08-11T21:44:29
2026-01-03,2036575,2026-01-03,周五009,葡萄牙超级联赛,吉马良斯,葡萄牙国民,1.64,3.35,4.55,2,1,0,胜,official_result_market_odds,2026-08-11T21:44:29
2026-01-03,2036596,2026-01-03,周六001,澳大利亚超级联赛,布里斯班狮吼,惠灵顿凤凰,1.49,4.0,4.8,0,3,2,负,official_result_market_odds,2026-08-11T21:44:29
2026-01-03,2036597,2026-01-03,周六002,澳大利亚超级联赛,墨尔本城,悉尼FC,1.92,3.45,3.14,0,0,1,平,official_result_market_odds,2026-08-11T21:44:29
2026-01-03,2036598,2026-01-03,周六003,意大利甲级联赛,科莫,乌迪内斯,1.63,3.4,4.5,1,0,0,胜,official_result_market_odds,2026-08-11T21:44:29
2026-01-03,2036599,2026-01-03,周六004,英格兰超级联赛,阿斯顿维拉,诺丁汉森林,1.73,3.35,3.95,3,1,0,胜,official_result_market_odds,2026-08-11T21:44:29
2026-01-03,2036600,2026-01-03,周六005,西班牙甲级联赛,维戈塞尔塔,巴伦西亚,1.89,3.1,3.6,4,1,0,胜,official_result_market_odds,2026-08-11T21:44:29
2026-01-03,2036601,2026-01-03,周六006,法国乙级联赛,特鲁瓦,圣旺红星,1.7,3.3,4.2,1,0,0,胜,official_result_market_odds,2026-08-11T21:44:29
2026-01-03,2036602,2026-01-03,周六007,沙特职业联赛,穆拜赖兹征服,利雅得青年,2.3,3.25,2.6,2,0,0,胜,official_result_market_odds,2026-08-11T21:44:29
2026-01-03,2036603,2026-01-03,周六008,意大利甲级联赛,热那亚,比萨,1.79,2.85,4.55,1,1,1,平,official_result_market_odds,2026-08-11T21:44:29
2026-01-03,2036604,2026-01-03,周六009,意大利甲级联赛,萨索洛,帕尔马,1.92,3.0,3.65,1,1,1,平,official_result_market_odds,2026-08-11T21:44:29
2026-01-03,2036605,2026-01-03,周六010,沙特职业联赛,迈季迈阿宽广,拉斯永恒,1.81,3.2,3.8,0,5,2,负,official_result_market_odds,2026-08-11T21:44:29
2026-01-03,2036606,2026-01-03,周六011,英格兰超级联赛,狼队,西汉姆联,2.42,3.1,2.54,3,0,0,胜,official_result_market_odds,2026-08-11T21:44:29
2026-01-03,2036607,2026-01-03,周六012,西班牙甲级联赛,奥萨苏纳,毕尔巴鄂竞技,3.05,2.85,2.23,1,1,1,平,official_result_market_odds,2026-08-11T21:44:29
2026-01-03,2036608,2026-01-03,周六013,葡萄牙超级联赛,通德拉,阿罗卡,2.25,2.9,2.95,3,1,0,胜,official_result_market_odds,2026-08-11T21:44:29
2026-01-04,2036609,2026-01-04,周六014,法国甲级联赛,摩纳哥,里昂,1.9,3.5,3.15,1,3,2,负,official_result_market_odds,2026-08-11T21:44:29
2026-01-04,2036611,2026-01-04,周六016,意大利甲级联赛,尤文图斯,莱切,1.14,5.7,13.0,1,1,1,平,official_result_market_odds,2026-08-11T21:44:29
2026-01-04,2036612,2026-01-04,周六017,沙特职业联赛,吉达联合,布赖代合作,1.48,4.1,4.8,1,0,0,胜,official_result_market_odds,2026-08-11T21:44:29
2026-01-04,2036613,2026-01-04,周六018,英格兰超级联赛,伯恩茅斯,阿森纳,5.8,4.4,1.37,2,3,2,负,official_result_market_odds,2026-08-11T21:44:29
2026-01-04,2036614,2026-01-04,周六019,西班牙甲级联赛,埃尔切,比利亚雷亚尔,3.3,3.3,1.91,1,3,2,负,official_result_market_odds,2026-08-11T21:44:29
2026-01-04,2036615,2026-01-04,周六020,法国甲级联赛,尼斯,斯特拉斯堡,2.95,3.36,2.03,1,1,1,平,official_result_market_odds,2026-08-11T21:44:29
2026-01-04,2036616,2026-01-04,周六021,葡萄牙超级联赛,阿马多拉,布拉加,6.2,3.6,1.45,3,3,1,平,official_result_market_odds,2026-08-11T21:44:29
2026-01-04,2036618,2026-01-04,周六023,法国乙级联赛,亚眠,南锡,3.3,3.25,1.93,1,2,2,负,official_result_market_odds,2026-08-11T21:44:29
2026-01-04,2036619,2026-01-04,周六024,法国乙级联赛,克莱蒙,拉瓦勒,2.55,2.7,2.73,4,1,0,胜,official_result_market_odds,2026-08-11T21:44:29
2026-01-04,2036620,2026-01-04,周六025,法国乙级联赛,勒芒,圣埃蒂安,2.65,3.2,2.28,0,0,1,平,official_result_market_odds,2026-08-11T21:44:29
2026-01-04,2036621,2026-01-04,周六026,法国乙级联赛,兰斯,阿纳西,1.6,3.5,4.6,2,1,0,胜,official_result_market_odds,2026-08-11T21:44:29
2026-01-04,2036622,2026-01-04,周六027,法国乙级联赛,巴斯蒂亚,格勒诺布尔,2.03,2.92,3.4,1,0,0,胜,official_result_market_odds,2026-08-11T21:44:29
2026-01-04,2036623,2026-01-04,周六028,法国乙级联赛,波城FC,罗德兹,2.07,3.4,2.85,3,3,1,平,official_result_market_odds,2026-08-11T21:44:29
2026-01-04,2036624,2026-01-04,周六029,法国乙级联赛,甘冈,布洛涅,1.71,3.35,4.1,3,0,0,胜,official_result_market_odds,2026-08-11T21:44:29
2026-01-04,2036625,2026-01-04,周六030,非洲杯,马里,突尼斯,2.4,2.44,3.3,1,1,1,平,official_result_market_odds,2026-08-11T21:44:29
2026-01-04,2036626,2026-01-04,周六031,意大利甲级联赛,亚特兰大,罗马,2.15,2.95,3.08,1,0,0,胜,official_result_market_odds,2026-08-11T21:44:29
2026-01-04,2036627,2026-01-04,周六032,西班牙甲级联赛,西班牙人,巴塞罗那,5.55,4.8,1.35,0,2,2,负,official_result_market_odds,2026-08-11T21:44:29
2026-01-04,2036628,2026-01-04,周六033,法国甲级联赛,里尔,雷恩,1.57,3.82,4.35,0,2,2,负,official_result_market_odds,2026-08-11T21:44:29
2026-01-04,2036629,2026-01-04,周六034,葡萄牙超级联赛,阿维斯SAD,摩雷伦斯,3.45,3.15,1.92,0,2,2,负,official_result_market_odds,2026-08-11T21:44:29
2026-01-04,2036630,2026-01-04,周日001,澳大利亚超级联赛,阿德莱德联,中央海岸水手,1.77,3.6,3.5,0,4,2,负,official_result_market_odds,2026-08-11T21:44:29
2026-01-04,2036631,2026-01-04,周日002,意大利甲级联赛,拉齐奥,那不勒斯,3.65,2.85,1.98,0,2,2,负,official_result_market_odds,2026-08-11T21:44:29
2026-01-04,2036632,2026-01-04,周日003,英格兰冠军联赛,伯明翰,考文垂,2.55,3.25,2.33,3,2,0,胜,official_result_market_odds,2026-08-11T21:44:29
2026-01-04,2036634,2026-01-04,周日005,英格兰超级联赛,利兹联,曼彻斯特联,2.6,3.25,2.3,1,1,1,平,official_result_market_odds,2026-08-11T21:44:29
2026-01-04,2036635,2026-01-04,周日006,西班牙甲级联赛,塞维利亚,莱万特,1.57,3.6,4.68,0,3,2,负,official_result_market_odds,2026-08-11T21:44:29
2026-01-04,2036636,2026-01-04,周日007,意大利甲级联赛,佛罗伦萨,克雷莫纳,1.6,3.68,4.3,1,0,0,胜,official_result_market_odds,2026-08-11T21:44:29
2026-01-04,2036637,2026-01-04,周日008,法国甲级联赛,马赛,南特,1.13,6.2,12.0,0,2,2,负,official_result_market_odds,2026-08-11T21:44:29
2026-01-04,2036638,2026-01-04,周日009,英格兰超级联赛,纽卡斯尔联,水晶宫,1.52,3.85,4.75,2,0,0,胜,official_result_market_odds,2026-08-11T21:44:29
2026-01-04,2036639,2026-01-04,周日010,英格兰超级联赛,托特纳姆热刺,桑德兰,1.7,3.3,4.2,1,1,1,平,official_result_market_odds,2026-08-11T21:44:29
2026-01-04,2036640,2026-01-04,周日011,英格兰超级联赛,富勒姆,利物浦,3.7,3.4,1.77,2,2,1,平,official_result_market_odds,2026-08-11T21:44:29
2026-01-04,2036641,2026-01-04,周日012,英格兰超级联赛,埃弗顿,布伦特福德,2.23,2.95,2.92,2,4,2,负,official_result_market_odds,2026-08-11T21:44:29
2026-01-04,2036642,2026-01-04,周日013,英格兰冠军联赛,米尔沃尔,斯旺西,1.88,3.06,3.7,2,1,0,胜,official_result_market_odds,2026-08-11T21:44:29
2026-01-04,2036644,2026-01-04,周日015,英格兰冠军联赛,米德尔斯堡,南安普敦,1.92,3.45,3.15,4,0,0,胜,official_result_market_odds,2026-08-11T21:44:29
2026-01-04,2036645,2026-01-04,周日016,英格兰冠军联赛,德比郡,雷克斯汉姆,2.09,2.8,3.4,1,2,2,负,official_result_market_odds,2026-08-11T21:44:29
2026-01-04,2036646,2026-01-04,周日017,英格兰冠军联赛,布里斯托尔城,普雷斯顿,1.69,3.35,4.2,0,2,2,负,official_result_market_odds,2026-08-11T21:44:29
2026-01-04,2036648,2026-01-04,周日019,英格兰冠军联赛,诺维奇,斯托克城,1.8,3.4,3.58,0,2,2,负,official_result_market_odds,2026-08-11T21:44:29
2026-01-04,2036649,2026-01-04,周日020,英格兰冠军联赛,布莱克本,查尔顿,1.95,3.0,3.53,2,2,1,平,official_result_market_odds,2026-08-11T21:44:29
2026-01-04,2036650,2026-01-04,周日021,沙特职业联赛,拉斯决心,新未来SC,3.25,3.25,1.95,1,2,2,负,official_result_market_odds,2026-08-11T21:44:29
2026-01-04,2036651,2026-01-04,周日022,西班牙甲级联赛,皇家马德里,皇家贝蒂斯,1.45,4.3,4.85,5,1,0,胜,official_result_market_odds,2026-08-11T21:44:29
2026-01-04,2036652,2026-01-04,周日023,葡萄牙超级联赛,里奥阿维,卡萨皮亚,2.28,2.7,3.12,3,1,0,胜,official_result_market_odds,2026-08-11T21:44:29
2026-01-05,2036654,2026-01-05,周日025,法国甲级联赛,布雷斯特,欧塞尔,1.65,3.45,4.3,2,0,0,胜,official_result_market_odds,2026-08-11T21:44:29
2026-01-05,2036655,2026-01-05,周日026,法国甲级联赛,勒阿弗尔,昂热,1.99,3.1,3.3,2,1,0,胜,official_result_market_odds,2026-08-11T21:44:29
2026-01-05,2036656,2026-01-05,周日027,法国甲级联赛,洛里昂,梅斯,1.65,3.47,4.25,1,1,1,平,official_result_market_odds,2026-08-11T21:44:29
2026-01-05,2036657,2026-01-05,周日028,意大利甲级联赛,维罗纳,都灵,2.6,2.58,2.8,0,3,2,负,official_result_market_odds,2026-08-11T21:44:29
2026-01-05,2036658,2026-01-05,周日029,沙特职业联赛,达马克,利雅得新月,10.75,6.3,1.14,0,2,2,负,official_result_market_odds,2026-08-11T21:44:29
2026-01-05,2036659,2026-01-05,周日030,沙特职业联赛,胡巴尔卡德西亚,利雅得,1.16,5.85,10.35,4,0,0,胜,official_result_market_odds,2026-08-11T21:44:29
2026-01-05,2036660,2026-01-05,周日031,英格兰超级联赛,曼彻斯特城,切尔西,1.45,4.3,4.85,1,1,1,平,official_result_market_odds,2026-08-11T21:44:29
2026-01-05,2036661,2026-01-05,周日032,西班牙甲级联赛,阿拉维斯,皇家奥维耶多,1.7,2.8,5.45,1,1,1,平,official_result_market_odds,2026-08-11T21:44:29
2026-01-05,2036662,2026-01-05,周日033,西班牙甲级联赛,马洛卡,赫罗纳,1.95,3.05,3.46,1,2,2,负,official_result_market_odds,2026-08-11T21:44:29
2026-01-05,2036663,2026-01-05,周日034,葡萄牙超级联赛,圣克拉拉,波尔图,8.3,4.2,1.3,0,1,2,负,official_result_market_odds,2026-08-11T21:44:29
2026-01-05,2036664,2026-01-05,周日035,非洲杯,南非,喀麦隆,3.15,2.65,2.3,1,2,2,负,official_result_market_odds,2026-08-11T21:44:29
2026-01-05,2036665,2026-01-05,周日036,意大利甲级联赛,国际米兰,博洛尼亚,1.28,4.75,7.3,3,1,0,胜,official_result_market_odds,2026-08-11T21:44:29
2026-01-05,2036667,2026-01-05,周日038,西班牙甲级联赛,皇家社会,马德里竞技,4.15,3.45,1.67,1,1,1,平,official_result_market_odds,2026-08-11T21:44:29
2026-01-05,2036668,2026-01-05,周日039,葡萄牙超级联赛,阿尔维卡,法马利康,3.55,3.17,1.88,1,0,0,胜,official_result_market_odds,2026-08-11T21:44:29
2026-01-05,2036669,2026-01-05,周一001,澳大利亚超级联赛,麦克阿瑟FC,奥克兰FC,3.36,3.62,1.8,1,1,1,平,official_result_market_odds,2026-08-11T21:44:29
2026-01-06,2036670,2026-01-06,周一002,非洲杯,埃及,贝宁,1.32,3.9,8.65,1,1,1,平,official_result_market_odds,2026-08-11T21:44:29
2026-01-06,2036671,2026-01-06,周一003,非洲杯,尼日利亚,莫桑比克,1.19,4.85,12.0,4,0,0,胜,official_result_market_odds,2026-08-11T21:44:29
2026-01-06,2036672,2026-01-06,周一004,法国乙级联赛,蒙彼利埃,敦刻尔克,2.24,2.88,2.98,1,3,2,负,official_result_market_odds,2026-08-11T21:44:29
2026-01-06,2036673,2026-01-06,周一005,英格兰冠军联赛,莱切斯特城,西布罗姆维奇,2.31,3.1,2.68,2,1,0,胜,official_result_market_odds,2026-08-11T21:44:29
2026-01-06,2036717,2026-01-06,周二001,澳大利亚超级联赛,墨尔本城,布里斯班狮吼,1.64,3.75,3.95,1,0,0,胜,official_result_market_odds,2026-08-11T21:44:29
2026-01-06,2036718,2026-01-06,周二002,U23亚洲杯,越南U23,约旦U23,4.45,3.23,1.68,2,0,0,胜,official_result_market_odds,2026-08-11T21:44:29
2026-01-06,2036719,2026-01-06,周二003,意大利甲级联赛,比萨,科莫,4.8,3.3,1.62,0,3,2,负,official_result_market_odds,2026-08-11T21:44:29
2026-01-07,2036720,2026-01-07,周二005,意大利甲级联赛,莱切,罗马,5.7,3.48,1.5,0,2,2,负,official_result_market_odds,2026-08-11T21:44:29
2026-01-07,2036721,2026-01-07,周二006,非洲杯,科特迪瓦,布基纳法索,1.77,2.86,4.65,3,0,0,胜,official_result_market_odds,2026-08-11T21:44:29
2026-01-07,2036722,2026-01-07,周二007,意大利甲级联赛,萨索洛,尤文图斯,5.22,3.75,1.49,0,3,2,负,official_result_market_odds,2026-08-11T21:44:29
2026-01-07,2036723,2026-01-07,周二008,英格兰超级联赛,西汉姆联,诺丁汉森林,3.0,3.15,2.09,1,2,2,负,official_result_market_odds,2026-08-11T21:44:29
2026-01-07,2036724,2026-01-07,周三001,U23亚洲杯,韩国U23,伊朗U23,1.9,3.05,3.63,0,0,1,平,official_result_market_odds,2026-08-11T21:44:29
2026-01-07,2036748,2026-01-07,周二004,U23亚洲杯,沙特阿拉伯U23,吉尔吉斯U23,1.13,5.8,14.0,1,0,0,胜,official_result_market_odds,2026-08-11T21:44:29
2026-01-07,2036749,2026-01-07,周三002,U23亚洲杯,乌兹别克U23,黎巴嫩U23,1.3,4.35,7.7,3,2,0,胜,official_result_market_odds,2026-08-11T21:44:29
2026-01-08,2036725,2026-01-08,周三003,U23亚洲杯,卡塔尔U23,阿联酋U23,1.94,3.02,3.55,0,2,2,负,official_result_market_odds,2026-08-11T21:44:29
2026-01-08,2036726,2026-01-08,周三004,意大利甲级联赛,博洛尼亚,亚特兰大,2.76,3.1,2.25,0,2,2,负,official_result_market_odds,2026-08-11T21:44:29
2026-01-08,2036727,2026-01-08,周三005,意大利甲级联赛,那不勒斯,维罗纳,1.21,4.65,11.5,2,2,1,平,official_result_market_odds,2026-08-11T21:44:29
2026-01-08,2036728,2026-01-08,周三006,西班牙超级杯,巴塞罗那,毕尔巴鄂竞技,1.36,4.45,5.95,5,0,0,胜,official_result_market_odds,2026-08-11T21:44:29
2026-01-08,2036729,2026-01-08,周三007,英格兰超级联赛,水晶宫,阿斯顿维拉,3.02,3.3,2.02,0,0,1,平,official_result_market_odds,2026-08-11T21:44:29
2026-01-08,2036730,2026-01-08,周三008,英格兰超级联赛,布伦特福德,桑德兰,1.65,3.3,4.55,3,0,0,胜,official_result_market_odds,2026-08-11T21:44:29
2026-01-08,2036731,2026-01-08,周三009,英格兰超级联赛,伯恩茅斯,托特纳姆热刺,2.12,3.3,2.82,3,2,0,胜,official_result_market_odds,2026-08-11T21:44:29
2026-01-08,2036732,2026-01-08,周三010,英格兰超级联赛,富勒姆,切尔西,3.45,3.5,1.81,2,1,0,胜,official_result_market_odds,2026-08-11T21:44:29
2026-01-08,2036733,2026-01-08,周三011,英格兰超级联赛,埃弗顿,狼队,1.62,3.4,4.6,1,1,1,平,official_result_market_odds,2026-08-11T21:44:29
2026-01-08,2036734,2026-01-08,周三012,意大利甲级联赛,帕尔马,国际米兰,9.0,5.2,1.21,0,2,2,负,official_result_market_odds,2026-08-11T21:44:29
2026-01-08,2036735,2026-01-08,周三013,意大利甲级联赛,都灵,乌迪内斯,2.09,2.82,3.38,1,2,2,负,official_result_market_odds,2026-08-11T21:44:29
2026-01-08,2036736,2026-01-08,周三014,意大利甲级联赛,拉齐奥,佛罗伦萨,2.55,2.95,2.52,2,2,1,平,official_result_market_odds,2026-08-11T21:44:29
2026-01-08,2036737,2026-01-08,周三015,英格兰超级联赛,纽卡斯尔联,利兹联,1.5,3.8,5.0,4,3,0,胜,official_result_market_odds,2026-08-11T21:44:29
2026-01-08,2036738,2026-01-08,周三016,英格兰超级联赛,伯恩利,曼彻斯特联,5.2,3.9,1.47,2,2,1,平,official_result_market_odds,2026-08-11T21:44:29
2026-01-08,2036739,2026-01-08,周四001,U23亚洲杯,澳大利亚U23,泰国U23,1.14,5.6,13.5,2,1,0,胜,official_result_market_odds,2026-08-11T21:44:29
2026-01-08,2036740,2026-01-08,周四002,U23亚洲杯,伊拉克U23,中国U23,2.5,2.9,2.6,0,0,1,平,official_result_market_odds,2026-08-11T21:44:29
2026-01-09,2036742,2026-01-09,周四004,沙特职业联赛,利雅得胜利,胡巴尔卡德西亚,1.45,4.4,4.7,1,2,2,负,official_result_market_odds,2026-08-11T21:44:29
2026-01-09,2036743,2026-01-09,周四005,沙特职业联赛,欧奈宰纳伊马,达曼协定,4.45,3.62,1.59,3,4,2,负,official_result_market_odds,2026-08-11T21:44:29
2026-01-09,2036744,2026-01-09,周四006,意大利甲级联赛,克雷莫纳,卡利亚里,2.3,2.75,3.02,2,2,1,平,official_result_market_odds,2026-08-11T21:44:29
2026-01-09,2036745,2026-01-09,周四007,西班牙超级杯,马德里竞技,皇家马德里,2.86,3.3,2.1,1,2,2,负,official_result_market_odds,2026-08-11T21:44:29
2026-01-09,2036746,2026-01-09,周四008,意大利甲级联赛,AC米兰,热那亚,1.28,4.45,8.1,1,1,1,平,official_result_market_odds,2026-08-11T21:44:29
2026-01-09,2036747,2026-01-09,周四009,英格兰超级联赛,阿森纳,利物浦,1.5,3.8,5.0,0,0,1,平,official_result_market_odds,2026-08-11T21:44:29
2026-01-09,2036784,2026-01-09,周五001,澳大利亚超级联赛,布里斯班狮吼,奥克兰FC,3.45,3.45,1.82,0,2,2,负,official_result_market_odds,2026-08-11T21:44:29
2026-01-09,2036785,2026-01-09,周五002,沙特职业联赛,赛哈特海湾,达马克,1.48,3.9,5.1,4,0,0,胜,official_result_market_odds,2026-08-11T21:44:29
2026-01-09,2036786,2026-01-09,周五003,U23亚洲杯,吉尔吉斯U23,越南U23,3.28,2.75,2.17,1,2,2,负,official_result_market_odds,2026-08-11T21:44:29
2026-01-09,2036787,2026-01-09,周五004,沙特职业联赛,布赖代合作,利雅得青年,1.76,3.4,3.75,2,0,0,胜,official_result_market_odds,2026-08-11T21:44:29
2026-01-10,2036788,2026-01-10,周五005,非洲杯,马里,塞内加尔,6.55,3.22,1.5,0,1,2,负,official_result_market_odds,2026-08-11T21:44:29
2026-01-10,2036789,2026-01-10,周五006,U23亚洲杯,约旦U23,沙特阿拉伯U23,5.95,3.75,1.44,3,2,0,胜,official_result_market_odds,2026-08-11T21:44:29
2026-01-10,2036790,2026-01-10,周五007,沙特职业联赛,拉斯永恒,吉达联合,7.95,5.25,1.23,0,4,2,负,official_result_market_odds,2026-08-11T21:44:29
2026-01-10,2036794,2026-01-10,周五011,非洲杯,喀麦隆,摩洛哥,7.5,3.7,1.38,0,2,2,负,official_result_market_odds,2026-08-11T21:44:29
2026-01-10,2036795,2026-01-10,周五012,英格兰足总杯,雷克斯汉姆,诺丁汉森林,4.05,3.4,1.7,3,3,1,平,official_result_market_odds,2026-08-11T21:44:29
2026-01-10,2036796,2026-01-10,周五013,德国甲级联赛,法兰克福,多特蒙德,3.3,3.53,1.84,3,3,1,平,official_result_market_odds,2026-08-11T21:44:29
2026-01-10,2036797,2026-01-10,周五014,西班牙甲级联赛,赫塔费,皇家社会,3.35,2.6,2.24,1,2,2,负,official_result_market_odds,2026-08-11T21:44:29
2026-01-10,2036813,2026-01-10,周六001,澳大利亚超级联赛,墨尔本胜利,西悉尼漫步者,1.95,3.75,2.86,0,1,2,负,official_result_market_odds,2026-08-11T21:44:29
2026-01-10,2036814,2026-01-10,周六002,澳大利亚超级联赛,麦克阿瑟FC,悉尼FC,2.66,3.45,2.16,0,3,2,负,official_result_market_odds,2026-08-11T21:44:29
2026-01-10,2036815,2026-01-10,周六003,澳大利亚超级联赛,珀斯光荣,中央海岸水手,1.64,3.65,4.07,3,0,0,胜,official_result_market_odds,2026-08-11T21:44:29
2026-01-10,2036816,2026-01-10,周六004,U23亚洲杯,黎巴嫩U23,韩国U23,10.0,4.61,1.23,2,4,2,负,official_result_market_odds,2026-08-11T21:44:29
2026-01-10,2036817,2026-01-10,周六005,英格兰足总杯,埃弗顿,桑德兰,2.3,2.86,2.9,1,1,1,平,official_result_market_odds,2026-08-11T21:44:29
2026-01-10,2036818,2026-01-10,周六006,西班牙甲级联赛,皇家奥维耶多,皇家贝蒂斯,3.75,3.1,1.85,1,1,1,平,official_result_market_odds,2026-08-11T21:44:29
2026-01-10,2036819,2026-01-10,周六007,U23亚洲杯,伊朗U23,乌兹别克U23,2.3,2.67,3.12,0,0,1,平,official_result_market_odds,2026-08-11T21:44:29
2026-01-10,2036820,2026-01-10,周六008,沙特职业联赛,新未来SC,穆拜赖兹征服,1.6,3.85,4.1,0,1,2,负,official_result_market_odds,2026-08-11T21:44:29
2026-01-10,2036821,2026-01-10,周六009,意大利甲级联赛,科莫,博洛尼亚,1.85,3.0,3.91,1,1,1,平,official_result_market_odds,2026-08-11T21:44:29
2026-01-10,2036822,2026-01-10,周六010,意大利甲级联赛,乌迪内斯,比萨,1.66,3.25,4.6,2,2,1,平,official_result_market_odds,2026-08-11T21:44:29
2026-01-10,2036823,2026-01-10,周六011,德国甲级联赛,柏林联合,美因茨,1.85,3.15,3.7,2,2,1,平,official_result_market_odds,2026-08-11T21:44:29
2026-01-10,2036824,2026-01-10,周六012,德国甲级联赛,弗赖堡,汉堡,1.56,3.6,4.75,2,1,0,胜,official_result_market_odds,2026-08-11T21:44:29
2026-01-10,2036826,2026-01-10,周六014,德国甲级联赛,海登海姆,科隆,2.55,3.32,2.3,2,2,1,平,official_result_market_odds,2026-08-11T21:44:29
2026-01-10,2036828,2026-01-10,周六016,法国杯,昂热,图卢兹,2.83,2.95,2.3,1,1,1,平,official_result_market_odds,2026-08-11T21:44:29
2026-01-10,2036829,2026-01-10,周六017,沙特职业联赛,利雅得,迈季迈阿宽广,3.26,3.1,2.0,1,1,1,平,official_result_market_odds,2026-08-11T21:44:29
2026-01-10,2036830,2026-01-10,周六018,英格兰足总杯,伯恩利,米尔沃尔,1.62,3.35,4.7,5,1,0,胜,official_result_market_odds,2026-08-11T21:44:29
2026-01-10,2036831,2026-01-10,周六019,英格兰足总杯,纽卡斯尔联,伯恩茅斯,1.47,4.25,4.7,2,2,1,平,official_result_market_odds,2026-08-11T21:44:29
2026-01-10,2036832,2026-01-10,周六020,英格兰足总杯,富勒姆,米德尔斯堡,1.74,3.35,3.9,3,1,0,胜,official_result_market_odds,2026-08-11T21:44:29
2026-01-10,2036833,2026-01-10,周六021,西班牙甲级联赛,比利亚雷亚尔,阿拉维斯,1.33,4.2,7.2,3,1,0,胜,official_result_market_odds,2026-08-11T21:44:29
2026-01-11,2036835,2026-01-11,周六023,非洲杯,阿尔及利亚,尼日利亚,3.3,2.72,2.18,0,2,2,负,official_result_market_odds,2026-08-11T21:44:29
2026-01-11,2036836,2026-01-11,周六024,U23亚洲杯,叙利亚U23,卡塔尔U23,3.5,3.0,1.96,1,0,0,胜,official_result_market_odds,2026-08-11T21:44:29
2026-01-11,2036837,2026-01-11,周六025,意大利甲级联赛,罗马,萨索洛,1.5,3.5,5.7,2,0,0,胜,official_result_market_odds,2026-08-11T21:44:29
2026-01-11,2036838,2026-01-11,周六026,沙特职业联赛,奈季兰沟渠,吉达国民,8.75,4.95,1.23,0,1,2,负,official_result_market_odds,2026-08-11T21:44:29
2026-01-11,2036839,2026-01-11,周六027,德国甲级联赛,勒沃库森,斯图加特,1.96,3.65,2.9,1,4,2,负,official_result_market_odds,2026-08-11T21:44:29
2026-01-11,2036840,2026-01-11,周六028,西班牙甲级联赛,赫罗纳,奥萨苏纳,2.29,2.9,2.87,1,0,0,胜,official_result_market_odds,2026-08-11T21:44:29
2026-01-11,2036841,2026-01-11,周六029,英格兰足总杯,托特纳姆热刺,阿斯顿维拉,2.55,3.2,2.36,1,2,2,负,official_result_market_odds,2026-08-11T21:44:29
2026-01-11,2036842,2026-01-11,周六030,荷兰甲级联赛,特温特,兹沃勒,1.2,5.45,9.0,1,1,1,平,official_result_market_odds,2026-08-11T21:44:29
2026-01-11,2036844,2026-01-11,周六032,非洲杯,埃及,科特迪瓦,3.31,2.68,2.2,3,2,0,胜,official_result_market_odds,2026-08-11T21:44:29
2026-01-11,2036845,2026-01-11,周六033,意大利甲级联赛,亚特兰大,都灵,1.44,3.7,6.1,2,0,0,胜,official_result_market_odds,2026-08-11T21:44:29
2026-01-11,2036846,2026-01-11,周六034,英格兰足总杯,查尔顿,切尔西,8.5,5.2,1.22,1,5,2,负,official_result_market_odds,2026-08-11T21:44:29
2026-01-11,2036847,2026-01-11,周六035,西班牙甲级联赛,巴伦西亚,埃尔切,1.98,3.0,3.45,1,1,1,平,official_result_market_odds,2026-08-11T21:44:29
2026-01-11,2036848,2026-01-11,周六036,荷兰甲级联赛,格罗宁根,布雷达,1.51,3.75,5.0,0,0,1,平,official_result_market_odds,2026-08-11T21:44:29
2026-01-11,2036849,2026-01-11,周日001,澳大利亚超级联赛,墨尔本城,纽卡斯尔喷气机,1.65,4.1,3.58,0,1,2,负,official_result_market_odds,2026-08-11T21:44:29
2026-01-11,2036850,2026-01-11,周日002,荷兰甲级联赛,海伦芬,费耶诺德,2.8,3.6,2.03,2,2,1,平,official_result_market_odds,2026-08-11T21:44:29
2026-01-11,2036852,2026-01-11,周日004,U23亚洲杯,中国U23,澳大利亚U23,5.25,3.4,1.55,1,0,0,胜,official_result_market_odds,2026-08-11T21:44:29
2026-01-11,2036853,2026-01-11,周日005,意大利甲级联赛,莱切,帕尔马,2.55,2.62,2.82,1,2,2,负,official_result_market_odds,2026-08-11T21:44:29
2026-01-11,2036854,2026-01-11,周日006,英格兰足总杯,德比郡,利兹联,6.0,3.8,1.43,1,3,2,负,official_result_market_odds,2026-08-11T21:44:29
2026-01-11,2036855,2026-01-11,周日007,西班牙甲级联赛,巴列卡诺,马洛卡,1.79,3.0,4.25,2,1,0,胜,official_result_market_odds,2026-08-11T21:44:29
2026-01-11,2036856,2026-01-11,周日008,荷兰甲级联赛,前进之鹰,福图纳锡塔德,1.7,3.62,3.78,2,2,1,平,official_result_market_odds,2026-08-11T21:44:29
2026-01-11,2036857,2026-01-11,周日009,荷兰甲级联赛,特尔斯达,阿贾克斯,4.1,3.75,1.62,2,3,2,负,official_result_market_odds,2026-08-11T21:44:29
2026-01-11,2036859,2026-01-11,周日011,U23亚洲杯,泰国U23,伊拉克U23,3.9,3.1,1.82,1,1,1,平,official_result_market_odds,2026-08-11T21:44:29
2026-01-11,2036861,2026-01-11,周日013,意大利甲级联赛,佛罗伦萨,AC米兰,3.16,3.15,2.02,1,1,1,平,official_result_market_odds,2026-08-11T21:44:29
2026-01-11,2036862,2026-01-11,周日014,英格兰足总杯,斯旺西,西布罗姆维奇,2.54,2.92,2.54,1,1,1,平,official_result_market_odds,2026-08-11T21:44:29
2026-01-11,2036863,2026-01-11,周日015,德国甲级联赛,门兴格拉德巴赫,奥格斯堡,1.65,3.62,4.05,4,0,0,胜,official_result_market_odds,2026-08-11T21:44:29
2026-01-11,2036864,2026-01-11,周日016,西班牙甲级联赛,莱万特,西班牙人,3.28,3.05,2.02,1,1,1,平,official_result_market_odds,2026-08-11T21:44:29
2026-01-11,2036865,2026-01-11,周日017,荷兰甲级联赛,鹿特丹斯巴达,赫拉克勒斯,1.56,3.9,4.32,2,0,0,胜,official_result_market_odds,2026-08-11T21:44:29
2026-01-12,2036867,2026-01-12,周日019,意大利甲级联赛,维罗纳,拉齐奥,3.43,2.8,2.08,0,1,2,负,official_result_market_odds,2026-08-11T21:44:29
2026-01-12,2036868,2026-01-12,周日020,法国杯,梅斯,蒙彼利埃,2.0,3.25,3.12,0,4,2,负,official_result_market_odds,2026-08-11T21:44:29
2026-01-12,2036869,2026-01-12,周日021,法国杯,南特,尼斯,2.72,3.1,2.28,1,1,1,平,official_result_market_odds,2026-08-11T21:44:29
2026-01-12,2036870,2026-01-12,周日022,葡萄牙超级联赛,摩雷伦斯,通德拉,1.75,3.26,3.98,1,0,0,胜,official_result_market_odds,2026-08-11T21:44:29
2026-01-12,2036871,2026-01-12,周日023,意大利甲级联赛,国际米兰,那不勒斯,1.63,3.28,4.75,2,2,1,平,official_result_market_odds,2026-08-11T21:44:29
2026-01-12,2036872,2026-01-12,周日024,法国杯,里尔,里昂,2.15,3.15,2.88,1,2,2,负,official_result_market_odds,2026-08-11T21:44:29
2026-01-12,2036873,2026-01-12,周一001,沙特职业联赛,拉斯决心,欧奈宰纳伊马,1.73,3.4,3.9,3,2,0,胜,official_result_market_odds,2026-08-11T21:44:29
2026-01-12,2036898,2026-01-12,周日025,西班牙超级杯,巴塞罗那,皇家马德里,1.87,4.05,2.88,3,2,0,胜,official_result_market_odds,2026-08-11T21:44:29
2026-01-13,2036874,2026-01-13,周一002,U23亚洲杯,约旦U23,吉尔吉斯U23,1.44,3.85,5.7,1,0,0,胜,official_result_market_odds,2026-08-11T21:44:29
2026-01-13,2036875,2026-01-13,周一003,U23亚洲杯,沙特阿拉伯U23,越南U23,1.52,3.53,5.3,0,1,2,负,official_result_market_odds,2026-08-11T21:44:29
2026-01-13,2036876,2026-01-13,周一004,沙特职业联赛,利雅得新月,利雅得胜利,1.85,3.95,2.98,3,1,0,胜,official_result_market_odds,2026-08-11T21:44:29
2026-01-13,2036877,2026-01-13,周一005,沙特职业联赛,达曼协定,赛哈特海湾,2.07,3.6,2.71,1,2,2,负,official_result_market_odds,2026-08-11T21:44:29
2026-01-13,2036878,2026-01-13,周一006,意大利甲级联赛,热那亚,卡利亚里,2.02,2.72,3.75,3,0,0,胜,official_result_market_odds,2026-08-11T21:44:29
2026-01-13,2036879,2026-01-13,周一007,意大利甲级联赛,尤文图斯,克雷莫纳,1.14,5.8,12.5,5,0,0,胜,official_result_market_odds,2026-08-11T21:44:29
2026-01-13,2036880,2026-01-13,周一008,西班牙甲级联赛,塞维利亚,维戈塞尔塔,2.46,2.96,2.6,0,1,2,负,official_result_market_odds,2026-08-11T21:44:29
2026-01-13,2036923,2026-01-13,周二001,U23亚洲杯,伊朗U23,黎巴嫩U23,1.13,6.35,11.5,0,1,2,负,official_result_market_odds,2026-08-11T21:44:29
2026-01-13,2036924,2026-01-13,周二002,U23亚洲杯,乌兹别克U23,韩国U23,3.95,2.37,2.2,2,0,0,胜,official_result_market_odds,2026-08-11T21:44:29
2026-01-13,2036925,2026-01-13,周二003,沙特职业联赛,奈季兰沟渠,拉斯永恒,2.87,3.3,2.1,1,0,0,胜,official_result_market_odds,2026-08-11T21:44:29
2026-01-14,2036926,2026-01-14,周二004,U23亚洲杯,阿联酋U23,叙利亚U23,2.3,2.85,2.91,1,1,1,平,official_result_market_odds,2026-08-11T21:44:29
2026-01-14,2036927,2026-01-14,周二005,沙特职业联赛,达马克,吉达联合,11.75,6.3,1.13,1,1,1,平,official_result_market_odds,2026-08-11T21:44:29
2026-01-14,2036928,2026-01-14,周二006,沙特职业联赛,穆拜赖兹征服,利雅得,1.59,3.95,4.05,3,1,0,胜,official_result_market_odds,2026-08-11T21:44:29
2026-01-14,2036929,2026-01-14,周二007,德国甲级联赛,斯图加特,法兰克福,1.59,3.95,4.05,3,2,0,胜,official_result_market_odds,2026-08-11T21:44:29
2026-01-14,2036930,2026-01-14,周二008,德国甲级联赛,多特蒙德,云达不来梅,1.24,5.25,7.55,3,0,0,胜,official_result_market_odds,2026-08-11T21:44:29
2026-01-14,2036931,2026-01-14,周二009,德国甲级联赛,美因茨,海登海姆,1.57,3.6,4.65,2,1,0,胜,official_result_market_odds,2026-08-11T21:44:29
2026-01-14,2036933,2026-01-14,周二011,英格兰联赛杯,纽卡斯尔联,曼彻斯特城,2.6,3.45,2.2,0,2,2,负,official_result_market_odds,2026-08-11T21:44:29
2026-01-14,2036934,2026-01-14,周二012,意大利杯,罗马,都灵,1.45,3.68,6.0,2,3,2,负,official_result_market_odds,2026-08-11T21:44:29
2026-01-14,2036935,2026-01-14,周二013,西班牙国王杯,皇家社会,奥萨苏纳,1.54,3.57,5.0,2,2,1,平,official_result_market_odds,2026-08-11T21:44:29
2026-01-14,2036936,2026-01-14,周二014,荷兰杯,乌德勒支,特温特,2.26,3.12,2.73,1,2,2,负,official_result_market_odds,2026-08-11T21:44:29
2026-01-14,2036937,2026-01-14,周三001,U23亚洲杯,泰国U23,中国U23,3.54,2.88,2.0,0,0,1,平,official_result_market_odds,2026-08-11T21:44:29
2026-01-14,2036938,2026-01-14,周三002,U23亚洲杯,伊拉克U23,澳大利亚U23,4.25,3.2,1.72,1,2,2,负,official_result_market_odds,2026-08-11T21:44:29
2026-01-14,2036939,2026-01-14,周三003,沙特职业联赛,胡巴尔卡德西亚,迈季迈阿宽广,1.34,4.25,6.75,5,0,0,胜,official_result_market_odds,2026-08-11T21:44:29
2026-01-15,2036940,2026-01-15,周三004,非洲杯,塞内加尔,埃及,1.83,2.83,4.35,1,0,0,胜,official_result_market_odds,2026-08-11T21:44:29
2026-01-15,2036941,2026-01-15,周三005,沙特职业联赛,利雅得青年,新未来SC,2.77,3.35,2.13,3,2,0,胜,official_result_market_odds,2026-08-11T21:44:29
2026-01-15,2036942,2026-01-15,周三006,沙特职业联赛,吉达国民,布赖代合作,1.41,4.25,5.4,2,1,0,胜,official_result_market_odds,2026-08-11T21:44:29
2026-01-15,2036943,2026-01-15,周三007,德国甲级联赛,沃尔夫斯堡,圣保利,1.63,3.5,4.35,2,1,0,胜,official_result_market_odds,2026-08-11T21:44:29
2026-01-15,2036944,2026-01-15,周三008,意大利甲级联赛,那不勒斯,帕尔马,1.2,4.9,11.0,0,0,1,平,official_result_market_odds,2026-08-11T21:44:29
2026-01-15,2036946,2026-01-15,周三010,荷兰杯,阿尔梅勒城,特尔斯达,2.8,3.4,2.09,1,3,2,负,official_result_market_odds,2026-08-11T21:44:29
2026-01-15,2036947,2026-01-15,周三011,荷兰杯,前进之鹰,赫拉克勒斯,1.6,3.85,4.08,2,2,1,平,official_result_market_odds,2026-08-11T21:44:29
2026-01-15,2036948,2026-01-15,周三012,德国甲级联赛,霍芬海姆,门兴格拉德巴赫,1.7,3.7,3.7,5,1,0,胜,official_result_market_odds,2026-08-11T21:44:29
2026-01-15,2036949,2026-01-15,周三013,德国甲级联赛,莱比锡红牛,弗赖堡,1.57,3.8,4.36,2,0,0,胜,official_result_market_odds,2026-08-11T21:44:29
2026-01-15,2036950,2026-01-15,周三014,德国甲级联赛,科隆,拜仁慕尼黑,9.8,7.0,1.13,1,3,2,负,official_result_market_odds,2026-08-11T21:44:29
2026-01-15,2036952,2026-01-15,周三016,英格兰联赛杯,切尔西,阿森纳,3.32,3.25,1.92,2,3,2,负,official_result_market_odds,2026-08-11T21:44:29
2026-01-15,2036953,2026-01-15,周三017,西班牙国王杯,皇家贝蒂斯,埃尔切,1.51,3.8,4.9,2,1,0,胜,official_result_market_odds,2026-08-11T21:44:29
2026-01-15,2036954,2026-01-15,周三018,西班牙国王杯,阿拉维斯,巴列卡诺,2.28,2.75,3.06,2,0,0,胜,official_result_market_odds,2026-08-11T21:44:29
2026-01-15,2036955,2026-01-15,周三019,荷兰杯,阿尔克马尔,阿贾克斯,1.76,3.75,3.4,6,0,0,胜,official_result_market_odds,2026-08-11T21:44:29
2026-01-15,2036956,2026-01-15,周三020,非洲杯,尼日利亚,摩洛哥,3.65,2.86,1.98,0,0,1,平,official_result_market_odds,2026-08-11T21:44:29
2026-01-16,2036957,2026-01-16,周四001,意大利甲级联赛,维罗纳,博洛尼亚,3.28,3.05,2.02,2,3,2,负,official_result_market_odds,2026-08-11T21:44:29
2026-01-16,2036958,2026-01-16,周四002,荷兰杯,海伦芬,瓦尔韦克,1.19,5.4,9.6,3,1,0,胜,official_result_market_odds,2026-08-11T21:44:29
2026-01-16,2036959,2026-01-16,周四003,德国甲级联赛,奥格斯堡,柏林联合,2.5,2.9,2.6,1,1,1,平,official_result_market_odds,2026-08-11T21:44:29
2026-01-16,2036960,2026-01-16,周四004,意大利甲级联赛,科莫,AC米兰,3.02,3.1,2.1,1,3,2,负,official_result_market_odds,2026-08-11T21:44:29
2026-01-16,2036961,2026-01-16,周四005,荷兰杯,鹿特丹斯巴达,福伦丹,1.3,4.6,7.0,1,2,2,负,official_result_market_odds,2026-08-11T21:44:29
2026-01-16,2036990,2026-01-16,周五001,澳大利亚超级联赛,墨尔本城,奥克兰FC,2.43,3.08,2.55,2,1,0,胜,official_result_market_odds,2026-08-11T21:44:29
2026-01-16,2036991,2026-01-16,周五002,澳大利亚超级联赛,珀斯光荣,布里斯班狮吼,1.88,3.35,3.35,1,2,2,负,official_result_market_odds,2026-08-11T21:44:29
2026-01-16,2036992,2026-01-16,周五003,沙特职业联赛,欧奈宰纳伊马,穆拜赖兹征服,3.43,3.4,1.84,1,1,1,平,official_result_market_odds,2026-08-11T21:44:29
2026-01-16,2036993,2026-01-16,周五004,U23亚洲杯,越南U23,阿联酋U23,2.15,2.7,3.4,2,2,1,平,official_result_market_odds,2026-08-11T21:44:29
2026-01-17,2036994,2026-01-17,周五005,沙特职业联赛,吉达联合,达曼协定,1.19,5.65,8.9,0,1,2,负,official_result_market_odds,2026-08-11T21:44:29
2026-01-17,2036995,2026-01-17,周五006,德国乙级联赛,不伦瑞克,马格德堡,2.54,3.25,2.34,0,3,2,负,official_result_market_odds,2026-08-11T21:44:29
2026-01-17,2036996,2026-01-17,周五007,法国甲级联赛,摩纳哥,洛里昂,1.47,4.1,4.9,1,3,2,负,official_result_market_odds,2026-08-11T21:44:29
2026-01-17,2036997,2026-01-17,周五008,法国乙级联赛,罗德兹,勒芒,2.53,2.96,2.52,1,1,1,平,official_result_market_odds,2026-08-11T21:44:29
2026-01-17,2036998,2026-01-17,周五009,荷兰乙级联赛,海牙,坎布尔,1.59,3.95,4.05,1,2,2,负,official_result_market_odds,2026-08-11T21:44:29
2026-01-17,2036999,2026-01-17,周五010,德国甲级联赛,云达不来梅,法兰克福,2.57,3.5,2.2,3,3,1,平,official_result_market_odds,2026-08-11T21:44:29
2026-01-17,2037000,2026-01-17,周五011,意大利甲级联赛,比萨,亚特兰大,6.05,4.0,1.4,1,1,1,平,official_result_market_odds,2026-08-11T21:44:29
2026-01-17,2037001,2026-01-17,周五012,英格兰冠军联赛,西布罗姆维奇,米德尔斯堡,2.3,3.08,2.7,2,3,2,负,official_result_market_odds,2026-08-11T21:44:29
2026-01-17,2037002,2026-01-17,周五013,西班牙甲级联赛,西班牙人,赫罗纳,1.67,3.3,4.4,0,2,2,负,official_result_market_odds,2026-08-11T21:44:29
2026-01-17,2037003,2026-01-17,周五014,法国甲级联赛,巴黎圣日尔曼,里尔,1.19,5.6,9.1,3,0,0,胜,official_result_market_odds,2026-08-11T21:44:29
2026-01-17,2037014,2026-01-17,周六001,澳大利亚超级联赛,西悉尼漫步者,纽卡斯尔喷气机,2.1,3.78,2.57,1,2,2,负,official_result_market_odds,2026-08-11T21:44:29
2026-01-17,2037015,2026-01-17,周六002,澳大利亚超级联赛,中央海岸水手,麦克阿瑟FC,3.25,3.29,1.93,1,1,1,平,official_result_market_odds,2026-08-11T21:44:29
2026-01-17,2037016,2026-01-17,周六003,澳大利亚超级联赛,阿德莱德联,墨尔本胜利,2.81,3.5,2.05,2,1,0,胜,official_result_market_odds,2026-08-11T21:44:29
2026-01-17,2037017,2026-01-17,周六004,U23亚洲杯,乌兹别克U23,中国U23,1.7,2.95,4.95,0,0,1,平,official_result_market_odds,2026-08-11T21:44:29
2026-01-17,2037018,2026-01-17,周六005,德国乙级联赛,明斯特普鲁士,卡尔斯鲁厄,1.77,3.5,3.6,0,2,2,负,official_result_market_odds,2026-08-11T21:44:29
2026-01-17,2037019,2026-01-17,周六006,德国乙级联赛,纽伦堡,埃尔沃斯堡,2.46,3.2,2.44,3,2,0,胜,official_result_market_odds,2026-08-11T21:44:29
2026-01-17,2037020,2026-01-17,周六007,英格兰超级联赛,曼彻斯特联,曼彻斯特城,2.8,3.46,2.07,2,0,0,胜,official_result_market_odds,2026-08-11T21:44:29
2026-01-17,2037021,2026-01-17,周六008,英格兰冠军联赛,考文垂,莱切斯特城,1.5,3.9,4.85,2,1,0,胜,official_result_market_odds,2026-08-11T21:44:29
2026-01-17,2037023,2026-01-17,周六010,法国乙级联赛,特鲁瓦,兰斯,2.33,2.9,2.82,2,1,0,胜,official_result_market_odds,2026-08-11T21:44:29
2026-01-17,2037024,2026-01-17,周六011,意大利甲级联赛,乌迪内斯,国际米兰,7.5,4.65,1.28,0,1,2,负,official_result_market_odds,2026-08-11T21:44:29
2026-01-17,2037025,2026-01-17,周六012,德国甲级联赛,沃尔夫斯堡,海登海姆,1.5,3.96,4.75,1,1,1,平,official_result_market_odds,2026-08-11T21:44:29
2026-01-17,2037026,2026-01-17,周六013,德国甲级联赛,多特蒙德,圣保利,1.18,5.5,10.0,3,2,0,胜,official_result_market_odds,2026-08-11T21:44:29
2026-01-17,2037027,2026-01-17,周六014,德国甲级联赛,汉堡,门兴格拉德巴赫,2.23,3.2,2.72,0,0,1,平,official_result_market_odds,2026-08-11T21:44:29
2026-01-17,2037028,2026-01-17,周六015,德国甲级联赛,科隆,美因茨,2.01,3.15,3.18,2,1,0,胜,official_result_market_odds,2026-08-11T21:44:29
2026-01-17,2037029,2026-01-17,周六016,德国甲级联赛,霍芬海姆,勒沃库森,2.18,3.6,2.55,1,0,0,胜,official_result_market_odds,2026-08-11T21:44:29
2026-01-17,2037030,2026-01-17,周六017,英格兰超级联赛,托特纳姆热刺,西汉姆联,1.7,3.45,4.0,1,2,2,负,official_result_market_odds,2026-08-11T21:44:29
2026-01-17,2037031,2026-01-17,周六018,英格兰超级联赛,利兹联,富勒姆,2.15,2.97,3.05,1,0,0,胜,official_result_market_odds,2026-08-11T21:44:29
2026-01-17,2037032,2026-01-17,周六019,英格兰超级联赛,切尔西,布伦特福德,1.7,3.56,3.85,2,0,0,胜,official_result_market_odds,2026-08-11T21:44:29
2026-01-17,2037033,2026-01-17,周六020,英格兰超级联赛,桑德兰,水晶宫,2.25,2.9,2.94,2,1,0,胜,official_result_market_odds,2026-08-11T21:44:29
2026-01-17,2037034,2026-01-17,周六021,英格兰超级联赛,利物浦,伯恩利,1.12,6.55,12.0,1,1,1,平,official_result_market_odds,2026-08-11T21:44:29
2026-01-17,2037035,2026-01-17,周六022,西班牙甲级联赛,马洛卡,毕尔巴鄂竞技,3.6,2.82,2.01,3,2,0,胜,official_result_market_odds,2026-08-11T21:44:29
2026-01-17,2037036,2026-01-17,周六023,U23亚洲杯,澳大利亚U23,韩国U23,3.5,2.76,2.08,1,2,2,负,official_result_market_odds,2026-08-11T21:44:29
2026-01-17,2037037,2026-01-17,周六024,荷兰甲级联赛,阿贾克斯,前进之鹰,1.44,4.25,5.0,2,2,1,平,official_result_market_odds,2026-08-11T21:44:29
2026-01-18,2037038,2026-01-18,周六025,法国甲级联赛,朗斯,欧塞尔,1.3,4.5,7.25,1,0,0,胜,official_result_market_odds,2026-08-11T21:44:29
2026-01-18,2037039,2026-01-18,周六026,非洲杯,埃及,尼日利亚,3.6,3.13,1.88,0,0,1,平,official_result_market_odds,2026-08-11T21:44:29
2026-01-18,2037040,2026-01-18,周六027,意大利甲级联赛,那不勒斯,萨索洛,1.29,4.35,8.05,1,0,0,胜,official_result_market_odds,2026-08-11T21:44:29
2026-01-18,2037041,2026-01-18,周六028,沙特职业联赛,利雅得胜利,利雅得青年,1.19,6.0,8.2,3,2,0,胜,official_result_market_odds,2026-08-11T21:44:29
2026-01-18,2037042,2026-01-18,周六029,英格兰超级联赛,诺丁汉森林,阿森纳,6.2,4.1,1.38,0,0,1,平,official_result_market_odds,2026-08-11T21:44:29
2026-01-18,2037043,2026-01-18,周六030,德国甲级联赛,莱比锡红牛,拜仁慕尼黑,4.4,4.5,1.47,1,5,2,负,official_result_market_odds,2026-08-11T21:44:29
2026-01-18,2037044,2026-01-18,周六031,西班牙甲级联赛,奥萨苏纳,皇家奥维耶多,1.65,3.1,5.0,3,2,0,胜,official_result_market_odds,2026-08-11T21:44:29
2026-01-18,2037045,2026-01-18,周六032,荷兰甲级联赛,福图纳锡塔德,PSV埃因霍温,7.0,5.2,1.26,1,2,2,负,official_result_market_odds,2026-08-11T21:44:29
2026-01-18,2037046,2026-01-18,周六033,意大利甲级联赛,卡利亚里,尤文图斯,6.7,4.0,1.37,1,0,0,胜,official_result_market_odds,2026-08-11T21:44:29
2026-01-18,2037047,2026-01-18,周六034,西班牙甲级联赛,皇家贝蒂斯,比利亚雷亚尔,2.6,3.2,2.32,2,0,0,胜,official_result_market_odds,2026-08-11T21:44:29
2026-01-18,2037048,2026-01-18,周六035,葡萄牙超级联赛,里奥阿维,本菲卡,9.25,5.15,1.21,0,2,2,负,official_result_market_odds,2026-08-11T21:44:29
2026-01-18,2037049,2026-01-18,周日001,澳大利亚超级联赛,悉尼FC,惠灵顿凤凰,1.5,4.2,4.45,0,2,2,负,official_result_market_odds,2026-08-11T21:44:29
2026-01-18,2037050,2026-01-18,周日002,荷兰甲级联赛,海伦芬,格罗宁根,1.76,3.48,3.65,0,2,2,负,official_result_market_odds,2026-08-11T21:44:29
2026-01-18,2037051,2026-01-18,周日003,意大利甲级联赛,帕尔马,热那亚,2.62,2.65,2.7,0,0,1,平,official_result_market_odds,2026-08-11T21:44:29
2026-01-18,2037052,2026-01-18,周日004,德国乙级联赛,凯泽斯劳滕,汉诺威96,2.88,3.32,2.08,3,1,0,胜,official_result_market_odds,2026-08-11T21:44:29
2026-01-18,2037053,2026-01-18,周日005,德国乙级联赛,波鸿,达姆施塔特,2.38,3.3,2.46,3,3,1,平,official_result_market_odds,2026-08-11T21:44:29
2026-01-18,2037054,2026-01-18,周日006,西班牙甲级联赛,赫塔费,巴伦西亚,2.3,2.65,3.15,0,1,2,负,official_result_market_odds,2026-08-11T21:44:29
2026-01-18,2037055,2026-01-18,周日007,荷兰甲级联赛,福伦丹,乌德勒支,4.1,3.53,1.66,2,1,0,胜,official_result_market_odds,2026-08-11T21:44:29
2026-01-18,2037056,2026-01-18,周日008,荷兰甲级联赛,赫拉克勒斯,特温特,5.65,4.3,1.39,0,2,2,负,official_result_market_odds,2026-08-11T21:44:29
2026-01-18,2037057,2026-01-18,周日009,英格兰超级联赛,狼队,纽卡斯尔联,4.1,3.8,1.61,0,0,1,平,official_result_market_odds,2026-08-11T21:44:29
2026-01-18,2037058,2026-01-18,周日010,意大利甲级联赛,博洛尼亚,佛罗伦萨,2.2,3.1,2.84,1,2,2,负,official_result_market_odds,2026-08-11T21:44:29
2026-01-18,2037059,2026-01-18,周日011,法国甲级联赛,斯特拉斯堡,梅斯,1.28,4.65,7.5,2,1,0,胜,official_result_market_odds,2026-08-11T21:44:29
2026-01-18,2037060,2026-01-18,周日012,德国甲级联赛,斯图加特,柏林联合,1.5,3.7,5.2,1,1,1,平,official_result_market_odds,2026-08-11T21:44:29
2026-01-18,2037061,2026-01-18,周日013,西班牙甲级联赛,马德里竞技,阿拉维斯,1.2,4.95,10.75,1,0,0,胜,official_result_market_odds,2026-08-11T21:44:29
2026-01-18,2037062,2026-01-18,周日014,荷兰甲级联赛,费耶诺德,鹿特丹斯巴达,1.32,4.75,6.2,3,4,2,负,official_result_market_odds,2026-08-11T21:44:29
2026-01-19,2037063,2026-01-19,周日015,法国甲级联赛,南特,巴黎FC,2.6,3.05,2.4,1,2,2,负,official_result_market_odds,2026-08-11T21:44:29
2026-01-19,2037064,2026-01-19,周日016,英格兰超级联赛,阿斯顿维拉,埃弗顿,1.45,3.88,5.5,0,1,2,负,official_result_market_odds,2026-08-11T21:44:29
2026-01-19,2037065,2026-01-19,周日017,德国甲级联赛,奥格斯堡,弗赖堡,2.58,3.15,2.36,2,2,1,平,official_result_market_odds,2026-08-11T21:44:29
2026-01-19,2037066,2026-01-19,周日018,意大利甲级联赛,都灵,罗马,4.3,3.25,1.7,0,2,2,负,official_result_market_odds,2026-08-11T21:44:29
2026-01-19,2037067,2026-01-19,周日019,沙特职业联赛,新未来SC,利雅得新月,6.25,4.85,1.31,1,2,2,负,official_result_market_odds,2026-08-11T21:44:29
2026-01-19,2037068,2026-01-19,周日020,西班牙甲级联赛,维戈塞尔塔,巴列卡诺,1.65,3.25,4.65,3,0,0,胜,official_result_market_odds,2026-08-11T21:44:29
2026-01-19,2037069,2026-01-19,周日021,葡萄牙超级联赛,通德拉,布拉加,6.0,4.2,1.38,0,1,2,负,official_result_market_odds,2026-08-11T21:44:29
2026-01-19,2037070,2026-01-19,周日022,非洲杯,塞内加尔,摩洛哥,3.66,2.49,2.2,0,0,1,平,official_result_market_odds,2026-08-11T21:44:29
2026-01-19,2037071,2026-01-19,周日023,意大利甲级联赛,AC米兰,莱切,1.16,5.25,13.0,1,0,0,胜,official_result_market_odds,2026-08-11T21:44:29
2026-01-19,2037072,2026-01-19,周日024,法国甲级联赛,里昂,布雷斯特,1.46,3.95,5.25,2,1,0,胜,official_result_market_odds,2026-08-11T21:44:29
2026-01-19,2037073,2026-01-19,周日025,西班牙甲级联赛,皇家社会,巴塞罗那,4.2,4.36,1.51,2,1,0,胜,official_result_market_odds,2026-08-11T21:44:29
2026-01-19,2037074,2026-01-19,周日026,葡萄牙超级联赛,吉马良斯,波尔图,7.2,4.1,1.34,0,1,2,负,official_result_market_odds,2026-08-11T21:44:29
2026-01-20,2037075,2026-01-20,周一001,意大利甲级联赛,克雷莫纳,维罗纳,2.25,2.72,3.15,0,0,1,平,official_result_market_odds,2026-08-11T21:44:29
2026-01-20,2037076,2026-01-20,周一002,意大利甲级联赛,拉齐奥,科莫,2.8,2.58,2.6,0,3,2,负,official_result_market_odds,2026-08-11T21:44:29
2026-01-20,2037077,2026-01-20,周一003,法国乙级联赛,南锡,甘冈,2.6,2.9,2.5,0,3,2,负,official_result_market_odds,2026-08-11T21:44:29
2026-01-20,2037078,2026-01-20,周一004,西班牙甲级联赛,埃尔切,塞维利亚,2.1,3.05,3.08,2,2,1,平,official_result_market_odds,2026-08-11T21:44:29
2026-01-20,2037079,2026-01-20,周一005,葡萄牙超级联赛,阿马多拉,埃斯托里尔,2.7,3.0,2.35,0,5,2,负,official_result_market_odds,2026-08-11T21:44:29
2026-01-20,2037123,2026-01-20,周二001,U23亚洲杯,日本U23,韩国U23,1.85,2.9,4.1,1,0,0,胜,official_result_market_odds,2026-08-11T21:44:29
2026-01-20,2037124,2026-01-20,周二002,U23亚洲杯,越南U23,中国U23,2.07,2.7,3.62,0,3,2,负,official_result_market_odds,2026-08-11T21:44:29
2026-01-20,2037125,2026-01-20,周二003,欧洲冠军联赛,阿拉木图凯拉特,布鲁日,6.45,4.5,1.33,1,4,2,负,official_result_market_odds,2026-08-11T21:44:29
2026-01-21,2037126,2026-01-21,周二004,沙特职业联赛,吉达国民,赛哈特海湾,1.38,4.4,5.65,4,1,0,胜,official_result_market_odds,2026-08-11T21:44:29
2026-01-21,2037127,2026-01-21,周二005,欧洲冠军联赛,博德闪耀,曼彻斯特城,6.85,5.65,1.24,3,1,0,胜,official_result_market_odds,2026-08-11T21:44:29
2026-01-21,2037128,2026-01-21,周二006,英格兰冠军联赛,考文垂,米尔沃尔,1.64,3.55,4.2,2,1,0,胜,official_result_market_odds,2026-08-11T21:44:29
2026-01-21,2037129,2026-01-21,周二007,欧洲冠军联赛,皇家马德里,摩纳哥,1.2,5.75,8.2,6,1,0,胜,official_result_market_odds,2026-08-11T21:44:29
2026-01-21,2037130,2026-01-21,周二008,欧洲冠军联赛,哥本哈根,那不勒斯,3.8,3.35,1.76,1,1,1,平,official_result_market_odds,2026-08-11T21:44:29
2026-01-21,2037131,2026-01-21,周二009,欧洲冠军联赛,里斯本竞技,巴黎圣日尔曼,3.92,3.95,1.61,2,1,0,胜,official_result_market_odds,2026-08-11T21:44:29
2026-01-21,2037132,2026-01-21,周二010,欧洲冠军联赛,国际米兰,阿森纳,2.55,3.05,2.44,1,3,2,负,official_result_market_odds,2026-08-11T21:44:29
2026-01-21,2037133,2026-01-21,周二011,欧洲冠军联赛,奥林匹亚科斯,勒沃库森,2.28,3.5,2.47,2,0,0,胜,official_result_market_odds,2026-08-11T21:44:29
2026-01-21,2037134,2026-01-21,周二012,欧洲冠军联赛,托特纳姆热刺,多特蒙德,2.63,3.4,2.2,2,0,0,胜,official_result_market_odds,2026-08-11T21:44:29
2026-01-21,2037135,2026-01-21,周二013,欧洲冠军联赛,比利亚雷亚尔,阿贾克斯,1.26,5.4,6.65,1,2,2,负,official_result_market_odds,2026-08-11T21:44:29
2026-01-22,2037137,2026-01-22,周三002,欧洲冠军联赛,卡拉巴赫,法兰克福,3.03,3.7,1.89,3,2,0,胜,official_result_market_odds,2026-08-11T21:44:29
2026-01-22,2037138,2026-01-22,周三003,欧洲冠军联赛,加拉塔萨雷,马德里竞技,3.0,3.64,1.92,1,1,1,平,official_result_market_odds,2026-08-11T21:44:29
2026-01-22,2037139,2026-01-22,周三004,荷兰甲级联赛,阿尔克马尔,SBV精英,1.21,5.55,8.15,1,1,1,平,official_result_market_odds,2026-08-11T21:44:29
2026-01-22,2037141,2026-01-22,周三006,欧洲冠军联赛,亚特兰大,毕尔巴鄂竞技,1.6,3.4,4.75,2,3,2,负,official_result_market_odds,2026-08-11T21:44:29
2026-01-22,2037142,2026-01-22,周三007,欧洲冠军联赛,尤文图斯,本菲卡,1.59,3.6,4.48,2,0,0,胜,official_result_market_odds,2026-08-11T21:44:29
2026-01-22,2037144,2026-01-22,周三009,欧洲冠军联赛,布拉格斯拉维亚,巴塞罗那,8.25,5.95,1.19,2,4,2,负,official_result_market_odds,2026-08-11T21:44:29
2026-01-22,2037145,2026-01-22,周三010,欧洲冠军联赛,马赛,利物浦,3.33,3.65,1.8,0,3,2,负,official_result_market_odds,2026-08-11T21:44:29
2026-01-22,2037146,2026-01-22,周三011,欧洲冠军联赛,纽卡斯尔联,PSV埃因霍温,1.3,5.1,6.1,3,0,0,胜,official_result_market_odds,2026-08-11T21:44:29
2026-01-22,2037147,2026-01-22,周三012,英格兰冠军联赛,斯托克城,米德尔斯堡,3.1,2.93,2.15,1,2,2,负,official_result_market_odds,2026-08-11T21:44:29
2026-01-23,2037148,2026-01-23,周四001,沙特职业联赛,胡巴尔卡德西亚,吉达联合,2.15,3.58,2.6,2,1,0,胜,official_result_market_odds,2026-08-11T21:44:29
2026-01-23,2037150,2026-01-23,周四003,欧罗巴联赛,费耶诺德,格拉茨风暴,1.29,5.05,6.4,3,0,0,胜,official_result_market_odds,2026-08-11T21:44:29
2026-01-23,2037151,2026-01-23,周四004,欧罗巴联赛,博洛尼亚,凯尔特人,1.53,3.8,4.7,2,2,1,平,official_result_market_odds,2026-08-11T21:44:29
2026-01-23,2037152,2026-01-23,周四005,欧罗巴联赛,年轻人,里昂,4.5,3.95,1.53,0,1,2,负,official_result_market_odds,2026-08-11T21:44:29
2026-01-23,2037153,2026-01-23,周四006,欧罗巴联赛,费内巴切,阿斯顿维拉,2.31,3.28,2.55,0,1,2,负,official_result_market_odds,2026-08-11T21:44:29
2026-01-23,2037154,2026-01-23,周四007,欧罗巴联赛,比尔森,波尔图,4.65,3.55,1.58,1,1,1,平,official_result_market_odds,2026-08-11T21:44:29
2026-01-23,2037155,2026-01-23,周四008,欧罗巴联赛,马尔默,贝尔格莱德红星,3.69,3.75,1.69,0,1,2,负,official_result_market_odds,2026-08-11T21:44:29
2026-01-23,2037156,2026-01-23,周四009,欧罗巴联赛,塞萨洛尼基,皇家贝蒂斯,2.2,3.45,2.6,2,0,0,胜,official_result_market_odds,2026-08-11T21:44:29
2026-01-23,2037157,2026-01-23,周四010,欧罗巴联赛,布拉加,诺丁汉森林,2.67,3.12,2.3,1,0,0,胜,official_result_market_odds,2026-08-11T21:44:29
2026-01-23,2037158,2026-01-23,周四011,欧罗巴联赛,尼斯,前进之鹰,1.85,3.7,3.15,3,1,0,胜,official_result_market_odds,2026-08-11T21:44:29
2026-01-23,2037159,2026-01-23,周四012,欧罗巴联赛,乌德勒支,亨克,2.9,3.38,2.05,0,2,2,负,official_result_market_odds,2026-08-11T21:44:29
2026-01-23,2037160,2026-01-23,周四013,欧罗巴联赛,维戈塞尔塔,里尔,2.1,3.18,2.95,2,1,0,胜,official_result_market_odds,2026-08-11T21:44:29
2026-01-23,2037161,2026-01-23,周四014,欧罗巴联赛,罗马,斯图加特,2.0,3.34,3.03,2,0,0,胜,official_result_market_odds,2026-08-11T21:44:29
2026-01-23,2037196,2026-01-23,周五001,澳大利亚超级联赛,纽卡斯尔喷气机,惠灵顿凤凰,1.59,4.35,3.7,4,1,0,胜,official_result_market_odds,2026-08-11T21:44:29
2026-01-23,2037197,2026-01-23,周五002,U23亚洲杯,越南U23,韩国U23,5.3,3.65,1.5,2,2,1,平,official_result_market_odds,2026-08-11T21:44:29
2026-01-24,2037198,2026-01-24,周五003,德国乙级联赛,比勒费尔德,基尔,1.97,3.3,3.14,2,2,1,平,official_result_market_odds,2026-08-11T21:44:29
2026-01-24,2037199,2026-01-24,周五004,德国乙级联赛,达姆施塔特,纽伦堡,1.75,3.55,3.62,2,0,0,胜,official_result_market_odds,2026-08-11T21:44:29
2026-01-24,2037200,2026-01-24,周五005,法国甲级联赛,欧塞尔,巴黎圣日尔曼,10.5,5.8,1.16,0,1,2,负,official_result_market_odds,2026-08-11T21:44:29
2026-01-24,2037201,2026-01-24,周五006,法国乙级联赛,波城FC,格勒诺布尔,1.58,3.58,4.6,2,2,1,平,official_result_market_odds,2026-08-11T21:44:29
2026-01-24,2037202,2026-01-24,周五007,法国乙级联赛,阿纳西,克莱蒙,2.02,2.78,3.65,2,1,0,胜,official_result_market_odds,2026-08-11T21:44:29
2026-01-24,2037203,2026-01-24,周五008,荷兰乙级联赛,罗达JC,奥斯,1.39,4.45,5.4,1,2,2,负,official_result_market_odds,2026-08-11T21:44:29
2026-01-24,2037205,2026-01-24,周五010,德国甲级联赛,圣保利,汉堡,2.66,2.8,2.52,0,0,1,平,official_result_market_odds,2026-08-11T21:44:29
2026-01-24,2037207,2026-01-24,周五012,英格兰冠军联赛,德比郡,西布罗姆维奇,2.27,3.05,2.77,1,1,1,平,official_result_market_odds,2026-08-11T21:44:29
2026-01-24,2037208,2026-01-24,周五013,西班牙甲级联赛,莱万特,埃尔切,2.1,3.1,3.02,3,2,0,胜,official_result_market_odds,2026-08-11T21:44:29
2026-01-24,2037209,2026-01-24,周五014,葡萄牙超级联赛,卡萨皮亚,阿维斯SAD,1.88,2.88,4.0,3,3,1,平,official_result_market_odds,2026-08-11T21:44:29
2026-01-24,2037223,2026-01-24,周六001,澳大利亚超级联赛,奥克兰FC,中央海岸水手,1.23,5.33,7.75,2,2,1,平,official_result_market_odds,2026-08-11T21:44:29
2026-01-24,2037224,2026-01-24,周六002,澳大利亚超级联赛,布里斯班狮吼,阿德莱德联,1.92,3.55,3.08,2,3,2,负,official_result_market_odds,2026-08-11T21:44:29
2026-01-24,2037225,2026-01-24,周六003,澳大利亚超级联赛,麦克阿瑟FC,墨尔本城,2.72,3.3,2.18,6,2,0,胜,official_result_market_odds,2026-08-11T21:44:29
2026-01-24,2037226,2026-01-24,周六004,德国乙级联赛,卡尔斯鲁厄,柏林赫塔,3.32,3.45,1.86,2,2,1,平,official_result_market_odds,2026-08-11T21:44:29
2026-01-24,2037227,2026-01-24,周六005,德国乙级联赛,汉诺威96,杜塞尔多夫,1.61,3.65,4.3,2,1,0,胜,official_result_market_odds,2026-08-11T21:44:29
2026-01-24,2037228,2026-01-24,周六006,英格兰超级联赛,西汉姆联,桑德兰,2.05,3.1,3.13,3,1,0,胜,official_result_market_odds,2026-08-11T21:44:29
2026-01-24,2037229,2026-01-24,周六007,英格兰冠军联赛,米德尔斯堡,普雷斯顿,1.39,4.2,5.8,4,0,0,胜,official_result_market_odds,2026-08-11T21:44:29
2026-01-24,2037230,2026-01-24,周六008,西班牙甲级联赛,巴列卡诺,奥萨苏纳,2.1,2.85,3.32,1,3,2,负,official_result_market_odds,2026-08-11T21:44:29
2026-01-24,2037231,2026-01-24,周六009,法国乙级联赛,圣旺红星,布洛涅,1.74,3.15,4.22,2,2,1,平,official_result_market_odds,2026-08-11T21:44:29
2026-01-24,2037232,2026-01-24,周六010,沙特职业联赛,赛哈特海湾,利雅得青年,2.15,3.6,2.59,0,0,1,平,official_result_market_odds,2026-08-11T21:44:29
2026-01-24,2037233,2026-01-24,周六011,意大利甲级联赛,科莫,都灵,1.45,3.8,5.65,6,0,0,胜,official_result_market_odds,2026-08-11T21:44:29
2026-01-24,2037234,2026-01-24,周六012,德国甲级联赛,法兰克福,霍芬海姆,2.7,3.55,2.1,1,3,2,负,official_result_market_odds,2026-08-11T21:44:29
2026-01-24,2037236,2026-01-24,周六014,德国甲级联赛,美因茨,沃尔夫斯堡,2.25,3.05,2.8,3,1,0,胜,official_result_market_odds,2026-08-11T21:44:29
2026-01-24,2037237,2026-01-24,周六015,德国甲级联赛,海登海姆,莱比锡红牛,5.0,4.25,1.44,0,3,2,负,official_result_market_odds,2026-08-11T21:44:29
2026-01-24,2037238,2026-01-24,周六016,德国甲级联赛,勒沃库森,云达不来梅,1.42,4.3,5.2,1,0,0,胜,official_result_market_odds,2026-08-11T21:44:29
2026-01-24,2037239,2026-01-24,周六017,U23亚洲杯,中国U23,日本U23,3.95,3.98,1.6,0,4,2,负,official_result_market_odds,2026-08-11T21:44:29
2026-01-24,2037240,2026-01-24,周六018,英格兰超级联赛,伯恩利,托特纳姆热刺,3.68,3.25,1.82,2,2,1,平,official_result_market_odds,2026-08-11T21:44:29
2026-01-24,2037241,2026-01-24,周六019,英格兰超级联赛,曼彻斯特城,狼队,1.21,5.2,9.0,2,0,0,胜,official_result_market_odds,2026-08-11T21:44:29
2026-01-24,2037242,2026-01-24,周六020,西班牙甲级联赛,巴伦西亚,西班牙人,2.32,2.82,2.92,3,2,0,胜,official_result_market_odds,2026-08-11T21:44:29
2026-01-24,2037243,2026-01-24,周六021,荷兰甲级联赛,阿贾克斯,福伦丹,1.19,5.65,9.0,2,0,0,胜,official_result_market_odds,2026-08-11T21:44:29
2026-01-25,2037244,2026-01-25,周六022,法国甲级联赛,雷恩,洛里昂,1.57,3.8,4.4,0,2,2,负,official_result_market_odds,2026-08-11T21:44:29
2026-01-25,2037245,2026-01-25,周六023,意大利甲级联赛,佛罗伦萨,卡利亚里,1.61,3.45,4.6,1,2,2,负,official_result_market_odds,2026-08-11T21:44:29
2026-01-25,2037246,2026-01-25,周六024,沙特职业联赛,新未来SC,吉达国民,4.5,3.95,1.53,0,3,2,负,official_result_market_odds,2026-08-11T21:44:29
2026-01-25,2037247,2026-01-25,周六025,英格兰超级联赛,伯恩茅斯,利物浦,3.8,3.75,1.67,3,2,0,胜,official_result_market_odds,2026-08-11T21:44:29
2026-01-25,2037248,2026-01-25,周六026,德国甲级联赛,柏林联合,多特蒙德,3.3,3.15,1.97,0,3,2,负,official_result_market_odds,2026-08-11T21:44:29
2026-01-25,2037249,2026-01-25,周六027,西班牙甲级联赛,塞维利亚,毕尔巴鄂竞技,2.77,2.75,2.47,2,1,0,胜,official_result_market_odds,2026-08-11T21:44:29
2026-01-25,2037250,2026-01-25,周六028,法国甲级联赛,勒阿弗尔,摩纳哥,3.95,3.8,1.63,0,0,1,平,official_result_market_odds,2026-08-11T21:44:29
2026-01-25,2037251,2026-01-25,周六029,葡萄牙超级联赛,阿罗卡,里斯本竞技,11.7,6.0,1.14,1,2,2,负,official_result_market_odds,2026-08-11T21:44:29
2026-01-25,2037252,2026-01-25,周六030,荷兰甲级联赛,PSV埃因霍温,布雷达,1.22,5.5,7.8,2,2,1,平,official_result_market_odds,2026-08-11T21:44:29
2026-01-25,2037253,2026-01-25,周六031,意大利甲级联赛,莱切,拉齐奥,4.15,2.83,1.87,0,0,1,平,official_result_market_odds,2026-08-11T21:44:29
2026-01-25,2037254,2026-01-25,周六032,西班牙甲级联赛,比利亚雷亚尔,皇家马德里,3.56,3.95,1.68,0,2,2,负,official_result_market_odds,2026-08-11T21:44:29
2026-01-25,2037255,2026-01-25,周六033,法国甲级联赛,马赛,朗斯,1.9,3.55,3.12,3,1,0,胜,official_result_market_odds,2026-08-11T21:44:29
2026-01-25,2037256,2026-01-25,周日001,澳大利亚超级联赛,西悉尼漫步者,珀斯光荣,1.82,3.7,3.25,1,0,0,胜,official_result_market_odds,2026-08-11T21:44:29
2026-01-25,2037257,2026-01-25,周日002,荷兰甲级联赛,特尔斯达,阿尔克马尔,3.05,3.55,1.93,0,1,2,负,official_result_market_odds,2026-08-11T21:44:29
2026-01-25,2037258,2026-01-25,周日003,意大利甲级联赛,萨索洛,克雷莫纳,1.94,2.95,3.65,1,0,0,胜,official_result_market_odds,2026-08-11T21:44:29
2026-01-25,2037259,2026-01-25,周日004,英格兰冠军联赛,朴次茅斯,南安普敦,3.32,3.25,1.92,1,1,1,平,official_result_market_odds,2026-08-11T21:44:29
2026-01-25,2037260,2026-01-25,周日005,德国乙级联赛,沙尔克04,凯泽斯劳滕,1.86,3.22,3.55,2,2,1,平,official_result_market_odds,2026-08-11T21:44:29
2026-01-25,2037261,2026-01-25,周日006,德国乙级联赛,埃尔沃斯堡,波鸿,1.84,3.4,3.43,1,1,1,平,official_result_market_odds,2026-08-11T21:44:29
2026-01-25,2037262,2026-01-25,周日007,西班牙甲级联赛,马德里竞技,马洛卡,1.2,5.15,9.8,3,0,0,胜,official_result_market_odds,2026-08-11T21:44:29
2026-01-25,2037263,2026-01-25,周日008,荷兰甲级联赛,格罗宁根,福图纳锡塔德,1.38,4.05,6.35,1,2,2,负,official_result_market_odds,2026-08-11T21:44:29
2026-01-25,2037264,2026-01-25,周日009,英格兰超级联赛,布伦特福德,诺丁汉森林,1.66,3.4,4.3,0,2,2,负,official_result_market_odds,2026-08-11T21:44:29
2026-01-25,2037265,2026-01-25,周日010,英格兰超级联赛,水晶宫,切尔西,3.12,3.35,1.96,1,3,2,负,official_result_market_odds,2026-08-11T21:44:29
2026-01-25,2037266,2026-01-25,周日011,英格兰超级联赛,纽卡斯尔联,阿斯顿维拉,2.0,3.35,3.02,0,2,2,负,official_result_market_odds,2026-08-11T21:44:29
2026-01-25,2037267,2026-01-25,周日012,意大利甲级联赛,热那亚,博洛尼亚,3.15,2.78,2.21,3,2,0,胜,official_result_market_odds,2026-08-11T21:44:29
2026-01-25,2037268,2026-01-25,周日013,意大利甲级联赛,亚特兰大,帕尔马,1.24,4.75,9.0,4,0,0,胜,official_result_market_odds,2026-08-11T21:44:29
2026-01-25,2037269,2026-01-25,周日014,法国甲级联赛,南特,尼斯,2.7,3.2,2.24,1,4,2,负,official_result_market_odds,2026-08-11T21:44:29
2026-01-25,2037270,2026-01-25,周日015,德国甲级联赛,门兴格拉德巴赫,斯图加特,2.6,3.57,2.15,0,3,2,负,official_result_market_odds,2026-08-11T21:44:29
2026-01-25,2037272,2026-01-25,周日017,荷兰甲级联赛,乌德勒支,鹿特丹斯巴达,1.89,3.4,3.27,0,1,2,负,official_result_market_odds,2026-08-11T21:44:29
2026-01-25,2037273,2026-01-25,周日018,荷兰甲级联赛,费耶诺德,赫拉克勒斯,1.14,6.5,10.2,4,2,0,胜,official_result_market_odds,2026-08-11T21:44:29
2026-01-26,2037274,2026-01-26,周日019,法国甲级联赛,布雷斯特,图卢兹,2.59,2.8,2.59,0,2,2,负,official_result_market_odds,2026-08-11T21:44:29
2026-01-26,2037275,2026-01-26,周日020,法国甲级联赛,巴黎FC,昂热,1.68,3.2,4.52,0,0,1,平,official_result_market_odds,2026-08-11T21:44:29
2026-01-26,2037276,2026-01-26,周日021,法国甲级联赛,梅斯,里昂,5.1,3.9,1.48,2,5,2,负,official_result_market_odds,2026-08-11T21:44:29
2026-01-26,2037277,2026-01-26,周日022,英格兰超级联赛,阿森纳,曼彻斯特联,1.46,3.92,5.3,2,3,2,负,official_result_market_odds,2026-08-11T21:44:29
2026-01-26,2037278,2026-01-26,周日023,德国甲级联赛,弗赖堡,科隆,1.76,3.4,3.75,2,1,0,胜,official_result_market_odds,2026-08-11T21:44:29
2026-01-26,2037279,2026-01-26,周日024,意大利甲级联赛,尤文图斯,那不勒斯,1.85,3.0,3.92,3,0,0,胜,official_result_market_odds,2026-08-11T21:44:29
2026-01-26,2037280,2026-01-26,周日025,西班牙甲级联赛,皇家社会,维戈塞尔塔,1.98,2.95,3.5,3,1,0,胜,official_result_market_odds,2026-08-11T21:44:29
2026-01-26,2037282,2026-01-26,周日027,意大利甲级联赛,罗马,AC米兰,2.59,2.85,2.55,1,1,1,平,official_result_market_odds,2026-08-11T21:44:29
2026-01-26,2037283,2026-01-26,周日028,法国甲级联赛,里尔,斯特拉斯堡,2.05,3.3,2.95,1,4,2,负,official_result_market_odds,2026-08-11T21:44:29
2026-01-26,2037284,2026-01-26,周日029,西班牙甲级联赛,阿拉维斯,皇家贝蒂斯,2.6,2.9,2.5,2,1,0,胜,official_result_market_odds,2026-08-11T21:44:29
2026-01-26,2037285,2026-01-26,周日030,葡萄牙超级联赛,布拉加,阿尔维卡,1.31,4.35,7.35,5,0,0,胜,official_result_market_odds,2026-08-11T21:44:29
2026-01-26,2037286,2026-01-26,周一001,澳大利亚超级联赛,墨尔本胜利,悉尼FC,2.08,3.57,2.71,4,0,0,胜,official_result_market_odds,2026-08-11T21:44:29
2026-01-27,2037287,2026-01-27,周一002,沙特职业联赛,利雅得胜利,布赖代合作,1.2,5.8,8.1,1,0,0,胜,official_result_market_odds,2026-08-11T21:44:29
2026-01-27,2037289,2026-01-27,周一004,荷兰乙级联赛,格拉夫夏普,登博思,1.85,3.95,3.0,1,1,1,平,official_result_market_odds,2026-08-11T21:44:29
2026-01-27,2037290,2026-01-27,周一005,意大利甲级联赛,维罗纳,乌迪内斯,2.69,2.8,2.5,1,3,2,负,official_result_market_odds,2026-08-11T21:44:29
2026-01-27,2037291,2026-01-27,周一006,法国乙级联赛,勒芒,敦刻尔克,2.48,2.9,2.62,1,0,0,胜,official_result_market_odds,2026-08-11T21:44:29
2026-01-27,2037292,2026-01-27,周一007,英格兰超级联赛,埃弗顿,利兹联,2.33,2.95,2.77,1,1,1,平,official_result_market_odds,2026-08-11T21:44:29
2026-01-27,2037293,2026-01-27,周一008,英格兰冠军联赛,诺维奇,考文垂,2.95,3.5,1.98,2,1,0,胜,official_result_market_odds,2026-08-11T21:44:29
2026-01-27,2037294,2026-01-27,周一009,西班牙甲级联赛,赫罗纳,赫塔费,2.03,2.75,3.68,1,1,1,平,official_result_market_odds,2026-08-11T21:44:29
2026-01-27,2037295,2026-01-27,周一010,葡萄牙超级联赛,波尔图,吉维森特,1.25,4.55,9.1,3,0,0,胜,official_result_market_odds,2026-08-11T21:44:29
2026-01-28,2037337,2026-01-28,周二002,德国甲级联赛,云达不来梅,霍芬海姆,3.6,3.75,1.71,0,2,2,负,official_result_market_odds,2026-08-11T21:44:29
2026-01-28,2037338,2026-01-28,周二003,德国甲级联赛,圣保利,莱比锡红牛,3.96,3.55,1.68,1,1,1,平,official_result_market_odds,2026-08-11T21:44:29
2026-01-28,2037339,2026-01-28,周二004,意大利杯,佛罗伦萨,科莫,3.6,3.38,1.8,1,3,2,负,official_result_market_odds,2026-08-11T21:44:29
2026-01-29,2037340,2026-01-29,周三001,沙特职业联赛,吉达国民,达曼协定,1.29,4.85,6.75,4,0,0,胜,official_result_market_odds,2026-08-11T21:44:29
2026-01-29,2037341,2026-01-29,周三002,欧洲冠军联赛,PSV埃因霍温,拜仁慕尼黑,5.37,4.8,1.36,1,2,2,负,official_result_market_odds,2026-08-11T21:44:29
2026-01-29,2037342,2026-01-29,周三003,欧洲冠军联赛,多特蒙德,国际米兰,2.8,3.3,2.13,0,2,2,负,official_result_market_odds,2026-08-11T21:44:29
2026-01-29,2037343,2026-01-29,周三004,欧洲冠军联赛,那不勒斯,切尔西,3.38,3.46,1.84,2,3,2,负,official_result_market_odds,2026-08-11T21:44:29
2026-01-29,2037344,2026-01-29,周三005,欧洲冠军联赛,曼彻斯特城,加拉塔萨雷,1.12,6.55,12.0,2,0,0,胜,official_result_market_odds,2026-08-11T21:44:29
2026-01-29,2037345,2026-01-29,周三006,欧洲冠军联赛,本菲卡,皇家马德里,3.65,3.95,1.66,4,2,0,胜,official_result_market_odds,2026-08-11T21:44:29
2026-01-29,2037347,2026-01-29,周三008,欧洲冠军联赛,勒沃库森,比利亚雷亚尔,1.49,4.2,4.55,3,0,0,胜,official_result_market_odds,2026-08-11T21:44:29
2026-01-29,2037348,2026-01-29,周三009,欧洲冠军联赛,法兰克福,托特纳姆热刺,4.0,3.93,1.6,0,2,2,负,official_result_market_odds,2026-08-11T21:44:29
2026-01-29,2037349,2026-01-29,周三010,欧洲冠军联赛,马德里竞技,博德闪耀,1.18,5.95,8.75,1,2,2,负,official_result_market_odds,2026-08-11T21:44:29
2026-01-29,2037350,2026-01-29,周三011,欧洲冠军联赛,摩纳哥,尤文图斯,3.95,3.8,1.63,0,0,1,平,official_result_market_odds,2026-08-11T21:44:29
2026-01-29,2037351,2026-01-29,周三012,欧洲冠军联赛,毕尔巴鄂竞技,里斯本竞技,2.63,3.3,2.24,2,3,2,负,official_result_market_odds,2026-08-11T21:44:29
2026-01-29,2037354,2026-01-29,周三015,欧洲冠军联赛,巴黎圣日尔曼,纽卡斯尔联,1.43,4.4,4.95,1,1,1,平,official_result_market_odds,2026-08-11T21:44:29
2026-01-29,2037355,2026-01-29,周四001,沙特职业联赛,穆拜赖兹征服,吉达联合,5.65,4.72,1.35,2,2,1,平,official_result_market_odds,2026-08-11T21:44:29
2026-01-30,2037356,2026-01-30,周四002,沙特职业联赛,胡巴尔卡德西亚,利雅得新月,2.95,4.0,1.85,2,2,1,平,official_result_market_odds,2026-08-11T21:44:29
2026-01-30,2037357,2026-01-30,周四003,欧罗巴联赛,诺丁汉森林,费伦茨瓦罗斯,1.39,4.1,6.05,4,0,0,胜,official_result_market_odds,2026-08-11T21:44:29
2026-01-30,2037358,2026-01-30,周四004,欧罗巴联赛,皇家贝蒂斯,费耶诺德,1.52,4.2,4.28,2,1,0,胜,official_result_market_odds,2026-08-11T21:44:29
2026-01-30,2037359,2026-01-30,周四005,欧罗巴联赛,里昂,塞萨洛尼基,1.93,3.35,3.2,4,2,0,胜,official_result_market_odds,2026-08-11T21:44:29
2026-01-30,2037360,2026-01-30,周四006,欧罗巴联赛,波尔图,格拉斯哥流浪者,1.16,5.68,11.0,3,1,0,胜,official_result_market_odds,2026-08-11T21:44:29
2026-01-30,2037361,2026-01-30,周四007,欧罗巴联赛,帕纳辛纳科斯,罗马,5.6,3.7,1.47,1,1,1,平,official_result_market_odds,2026-08-11T21:44:29
2026-01-30,2037362,2026-01-30,周四008,欧罗巴联赛,凯尔特人,乌德勒支,1.24,5.05,8.0,4,2,0,胜,official_result_market_odds,2026-08-11T21:44:29
2026-01-30,2037363,2026-01-30,周四009,欧罗巴联赛,斯图加特,年轻人,1.14,6.25,10.8,3,2,0,胜,official_result_market_odds,2026-08-11T21:44:29
2026-01-30,2037364,2026-01-30,周四010,欧罗巴联赛,前进之鹰,布拉加,4.35,3.87,1.56,0,0,1,平,official_result_market_odds,2026-08-11T21:44:29
2026-01-30,2037365,2026-01-30,周四011,欧罗巴联赛,阿斯顿维拉,萨尔茨堡,1.29,4.9,6.65,3,2,0,胜,official_result_market_odds,2026-08-11T21:44:29
2026-01-30,2037366,2026-01-30,周四012,欧罗巴联赛,贝尔格莱德红星,维戈塞尔塔,2.1,3.3,2.86,1,1,1,平,official_result_market_odds,2026-08-11T21:44:29
2026-01-30,2037367,2026-01-30,周四013,欧罗巴联赛,卢多戈雷茨,尼斯,1.65,3.8,3.85,1,0,0,胜,official_result_market_odds,2026-08-11T21:44:29
2026-01-30,2037368,2026-01-30,周四014,欧罗巴联赛,里尔,弗赖堡,1.89,3.25,3.42,1,0,0,胜,official_result_market_odds,2026-08-11T21:44:29
2026-01-30,2037398,2026-01-30,周五001,澳大利亚超级联赛,惠灵顿凤凰,墨尔本城,2.99,3.54,1.95,2,2,1,平,official_result_market_odds,2026-08-11T21:44:29
2026-01-30,2037399,2026-01-30,周五002,澳大利亚超级联赛,阿德莱德联,麦克阿瑟FC,2.48,3.75,2.18,1,1,1,平,official_result_market_odds,2026-08-11T21:44:29
2026-01-30,2037400,2026-01-30,周五003,沙特职业联赛,布赖代合作,奈季兰沟渠,1.49,3.85,5.05,1,0,0,胜,official_result_market_odds,2026-08-11T21:44:29
2026-01-31,2037401,2026-01-31,周五004,沙特职业联赛,拉斯永恒,利雅得胜利,10.5,6.35,1.14,0,3,2,负,official_result_market_odds,2026-08-11T21:44:29
2026-01-31,2037402,2026-01-31,周五005,德国乙级联赛,纽伦堡,明斯特普鲁士,1.74,3.35,3.9,1,1,1,平,official_result_market_odds,2026-08-11T21:44:29
2026-01-31,2037403,2026-01-31,周五006,德国乙级联赛,马格德堡,汉诺威96,2.42,3.4,2.37,1,2,2,负,official_result_market_odds,2026-08-11T21:44:29
2026-01-31,2037404,2026-01-31,周五007,法国乙级联赛,克莱蒙,兰斯,4.15,3.3,1.71,0,1,2,负,official_result_market_odds,2026-08-11T21:44:29
2026-01-31,2037405,2026-01-31,周五008,法国乙级联赛,蒙彼利埃,甘冈,2.35,2.8,2.9,3,1,0,胜,official_result_market_odds,2026-08-11T21:44:29
2026-01-31,2037406,2026-01-31,周五009,荷兰甲级联赛,布雷达,特温特,3.4,3.25,1.9,2,2,1,平,official_result_market_odds,2026-08-11T21:44:29
2026-01-31,2037407,2026-01-31,周五010,荷兰乙级联赛,阿尔梅勒城,罗达JC,1.57,3.95,4.2,1,2,2,负,official_result_market_odds,2026-08-11T21:44:29
2026-01-31,2037408,2026-01-31,周五011,荷兰乙级联赛,埃因霍温FC,马斯特里赫特,1.58,3.75,4.35,5,0,0,胜,official_result_market_odds,2026-08-11T21:44:29
2026-01-31,2037409,2026-01-31,周五012,德国甲级联赛,科隆,沃尔夫斯堡,1.87,3.5,3.25,1,0,0,胜,official_result_market_odds,2026-08-11T21:44:29
2026-01-31,2037410,2026-01-31,周五013,意大利甲级联赛,拉齐奥,热那亚,1.95,2.8,3.86,3,2,0,胜,official_result_market_odds,2026-08-11T21:44:29
2026-01-31,2037411,2026-01-31,周五014,法国甲级联赛,朗斯,勒阿弗尔,1.28,4.75,7.25,1,0,0,胜,official_result_market_odds,2026-08-11T21:44:29
2026-01-31,2037412,2026-01-31,周五015,英格兰冠军联赛,布里斯托尔城,德比郡,1.9,3.05,3.63,0,5,2,负,official_result_market_odds,2026-08-11T21:44:29
2026-01-31,2037413,2026-01-31,周五016,西班牙甲级联赛,西班牙人,阿拉维斯,1.75,3.02,4.4,1,2,2,负,official_result_market_odds,2026-08-11T21:44:29
2026-01-31,2037414,2026-01-31,周五017,葡萄牙超级联赛,吉马良斯,摩雷伦斯,1.78,3.15,4.0,1,0,0,胜,official_result_market_odds,2026-08-11T21:44:29
2026-01-31,2037430,2026-01-31,周六001,澳大利亚超级联赛,纽卡斯尔喷气机,布里斯班狮吼,1.95,3.8,2.83,4,1,0,胜,official_result_market_odds,2026-08-11T21:44:29
2026-01-31,2037431,2026-01-31,周六002,澳大利亚超级联赛,悉尼FC,西悉尼漫步者,2.62,3.46,2.18,4,1,0,胜,official_result_market_odds,2026-08-11T21:44:29
2026-01-31,2037432,2026-01-31,周六003,澳大利亚超级联赛,珀斯光荣,奥克兰FC,3.27,3.4,1.89,2,1,0,胜,official_result_market_odds,2026-08-11T21:44:29
2026-01-31,2037433,2026-01-31,周六004,德国乙级联赛,波鸿,沙尔克04,2.29,3.1,2.7,2,0,0,胜,official_result_market_odds,2026-08-11T21:44:29
2026-01-31,2037434,2026-01-31,周六005,德国乙级联赛,不伦瑞克,卡尔斯鲁厄,1.95,3.3,3.2,1,0,0,胜,official_result_market_odds,2026-08-11T21:44:29
2026-01-31,2037435,2026-01-31,周六006,德国乙级联赛,基尔,菲尔特,1.52,3.8,4.8,1,2,2,负,official_result_market_odds,2026-08-11T21:44:29
2026-01-31,2037436,2026-01-31,周六007,英格兰冠军联赛,斯托克城,南安普敦,2.53,3.15,2.4,0,2,2,负,official_result_market_odds,2026-08-11T21:44:29
2026-01-31,2037437,2026-01-31,周六008,英格兰冠军联赛,莱切斯特城,查尔顿,1.71,3.35,4.06,0,2,2,负,official_result_market_odds,2026-08-11T21:44:29
2026-01-31,2037438,2026-01-31,周六009,西班牙甲级联赛,皇家奥维耶多,赫罗纳,2.6,3.0,2.44,1,0,0,胜,official_result_market_odds,2026-08-11T21:44:29
2026-01-31,2037439,2026-01-31,周六010,法国乙级联赛,特鲁瓦,勒芒,1.83,3.05,3.92,0,2,2,负,official_result_market_odds,2026-08-11T21:44:29
2026-01-31,2037440,2026-01-31,周六011,法国乙级联赛,敦刻尔克,阿纳西,1.78,3.15,4.0,0,1,2,负,official_result_market_odds,2026-08-11T21:44:29
2026-01-31,2037441,2026-01-31,周六012,意大利甲级联赛,比萨,萨索洛,2.9,2.88,2.29,1,3,2,负,official_result_market_odds,2026-08-11T21:44:29
2026-01-31,2037442,2026-01-31,周六013,德国甲级联赛,霍芬海姆,柏林联合,1.61,3.53,4.45,3,1,0,胜,official_result_market_odds,2026-08-11T21:44:29
2026-01-31,2037443,2026-01-31,周六014,德国甲级联赛,奥格斯堡,圣保利,1.88,2.95,3.88,2,1,0,胜,official_result_market_odds,2026-08-11T21:44:29
2026-01-31,2037444,2026-01-31,周六015,德国甲级联赛,莱比锡红牛,美因茨,1.38,4.3,5.8,1,2,2,负,official_result_market_odds,2026-08-11T21:44:29
2026-01-31,2037445,2026-01-31,周六016,德国甲级联赛,云达不来梅,门兴格拉德巴赫,2.05,3.35,2.92,1,1,1,平,official_result_market_odds,2026-08-11T21:44:29
2026-01-31,2037446,2026-01-31,周六017,德国甲级联赛,法兰克福,勒沃库森,3.15,3.7,1.85,1,3,2,负,official_result_market_odds,2026-08-11T21:44:29
2026-01-31,2037447,2026-01-31,周六018,英格兰超级联赛,狼队,伯恩茅斯,2.8,3.38,2.1,0,2,2,负,official_result_market_odds,2026-08-11T21:44:29
2026-01-31,2037448,2026-01-31,周六019,英格兰超级联赛,利兹联,阿森纳,5.9,3.85,1.43,0,4,2,负,official_result_market_odds,2026-08-11T21:44:29
2026-01-31,2037449,2026-01-31,周六020,英格兰冠军联赛,沃特福德,斯旺西,1.88,3.18,3.55,0,2,2,负,official_result_market_odds,2026-08-11T21:44:29
2026-01-31,2037450,2026-01-31,周六021,西班牙甲级联赛,奥萨苏纳,比利亚雷亚尔,2.7,3.2,2.25,2,2,1,平,official_result_market_odds,2026-08-11T21:44:29
2026-01-31,2037451,2026-01-31,周六022,荷兰甲级联赛,阿尔克马尔,奈梅亨,1.76,3.7,3.45,1,3,2,负,official_result_market_odds,2026-08-11T21:44:29
2026-02-01,2037452,2026-02-01,周六023,法国甲级联赛,巴黎FC,马赛,4.2,3.75,1.6,2,2,1,平,official_result_market_odds,2026-08-11T21:44:29
2026-02-01,2037453,2026-02-01,周六024,意大利甲级联赛,那不勒斯,佛罗伦萨,1.81,3.15,3.85,2,1,0,胜,official_result_market_odds,2026-08-11T21:44:29
2026-02-01,2037454,2026-02-01,周六025,英格兰超级联赛,切尔西,西汉姆联,1.37,4.45,5.75,3,2,0,胜,official_result_market_odds,2026-08-11T21:44:29
2026-02-01,2037455,2026-02-01,周六026,德国甲级联赛,汉堡,拜仁慕尼黑,9.0,6.4,1.16,2,2,1,平,official_result_market_odds,2026-08-11T21:44:29
2026-02-01,2037456,2026-02-01,周六027,西班牙甲级联赛,莱万特,马德里竞技,4.8,3.95,1.5,0,0,1,平,official_result_market_odds,2026-08-11T21:44:29
2026-02-01,2037457,2026-02-01,周六028,法国甲级联赛,洛里昂,南特,1.73,3.1,4.38,2,1,0,胜,official_result_market_odds,2026-08-11T21:44:29
2026-02-01,2037458,2026-02-01,周六029,葡萄牙超级联赛,里奥阿维,阿罗卡,2.5,2.9,2.6,0,3,2,负,official_result_market_odds,2026-08-11T21:44:29
2026-02-01,2037459,2026-02-01,周六030,意大利甲级联赛,卡利亚里,维罗纳,2.0,2.88,3.55,4,0,0,胜,official_result_market_odds,2026-08-11T21:44:29
2026-02-01,2037460,2026-02-01,周六031,英格兰超级联赛,利物浦,纽卡斯尔联,1.6,3.85,4.1,4,1,0,胜,official_result_market_odds,2026-08-11T21:44:29
2026-02-01,2037461,2026-02-01,周六032,西班牙甲级联赛,埃尔切,巴塞罗那,8.5,6.1,1.18,1,3,2,负,official_result_market_odds,2026-08-11T21:44:29
2026-02-01,2037462,2026-02-01,周六033,法国甲级联赛,摩纳哥,雷恩,1.77,3.75,3.36,4,0,0,胜,official_result_market_odds,2026-08-11T21:44:29
2026-02-01,2037463,2026-02-01,周日001,澳大利亚超级联赛,中央海岸水手,墨尔本胜利,4.02,4.18,1.56,1,0,0,胜,official_result_market_odds,2026-08-11T21:44:29
2026-02-01,2037464,2026-02-01,周日002,荷兰甲级联赛,SBV精英,阿贾克斯,3.7,3.7,1.7,2,2,1,平,official_result_market_odds,2026-08-11T21:44:29
2026-02-01,2037465,2026-02-01,周日003,意大利甲级联赛,都灵,莱切,1.93,2.85,3.85,1,0,0,胜,official_result_market_odds,2026-08-11T21:44:29
2026-02-01,2037466,2026-02-01,周日004,德国乙级联赛,柏林赫塔,达姆施塔特,2.02,3.25,3.06,2,2,1,平,official_result_market_odds,2026-08-11T21:44:29
2026-02-01,2037467,2026-02-01,周日005,德国乙级联赛,杜塞尔多夫,帕德博恩,2.65,3.3,2.23,2,1,0,胜,official_result_market_odds,2026-08-11T21:44:29
2026-02-01,2037468,2026-02-01,周日006,西班牙甲级联赛,皇家马德里,巴列卡诺,1.14,6.0,11.7,2,1,0,胜,official_result_market_odds,2026-08-11T21:44:29
2026-02-01,2037469,2026-02-01,周日007,荷兰甲级联赛,PSV埃因霍温,费耶诺德,1.55,4.16,4.1,3,0,0,胜,official_result_market_odds,2026-08-11T21:44:29
2026-02-01,2037470,2026-02-01,周日008,荷兰甲级联赛,赫拉克勒斯,福图纳锡塔德,2.05,3.35,2.92,2,1,0,胜,official_result_market_odds,2026-08-11T21:44:29
2026-02-01,2037471,2026-02-01,周日009,英格兰超级联赛,阿斯顿维拉,布伦特福德,2.01,3.25,3.1,0,1,2,负,official_result_market_odds,2026-08-11T21:44:29
2026-02-01,2037472,2026-02-01,周日010,英格兰超级联赛,曼彻斯特联,富勒姆,1.43,4.2,5.2,3,2,0,胜,official_result_market_odds,2026-08-11T21:44:29
2026-02-01,2037473,2026-02-01,周日011,英格兰超级联赛,诺丁汉森林,水晶宫,1.81,3.2,3.78,1,1,1,平,official_result_market_odds,2026-08-11T21:44:29
2026-02-01,2037474,2026-02-01,周日012,意大利甲级联赛,科莫,亚特兰大,2.03,3.08,3.2,0,0,1,平,official_result_market_odds,2026-08-11T21:44:29
2026-02-01,2037475,2026-02-01,周日013,法国甲级联赛,里昂,里尔,1.91,3.25,3.35,1,0,0,胜,official_result_market_odds,2026-08-11T21:44:29
2026-02-01,2037476,2026-02-01,周日014,德国甲级联赛,斯图加特,弗赖堡,1.53,3.95,4.5,1,0,0,胜,official_result_market_odds,2026-08-11T21:44:29
2026-02-01,2037477,2026-02-01,周日015,西班牙甲级联赛,皇家贝蒂斯,巴伦西亚,1.65,3.5,4.2,2,1,0,胜,official_result_market_odds,2026-08-11T21:44:29
2026-02-01,2037478,2026-02-01,周日016,荷兰甲级联赛,海伦芬,乌德勒支,1.68,3.56,3.95,1,1,1,平,official_result_market_odds,2026-08-11T21:44:29
2026-02-02,2037479,2026-02-02,周日017,法国甲级联赛,昂热,梅斯,2.04,3.0,3.27,1,0,0,胜,official_result_market_odds,2026-08-11T21:44:29
2026-02-02,2037480,2026-02-02,周日018,法国甲级联赛,图卢兹,欧塞尔,1.58,3.35,5.05,0,0,1,平,official_result_market_odds,2026-08-11T21:44:29
2026-02-02,2037481,2026-02-02,周日019,法国甲级联赛,尼斯,布雷斯特,1.94,3.3,3.22,2,2,1,平,official_result_market_odds,2026-08-11T21:44:29
2026-02-02,2037482,2026-02-02,周日020,英格兰超级联赛,托特纳姆热刺,曼彻斯特城,4.2,4.0,1.56,2,2,1,平,official_result_market_odds,2026-08-11T21:44:29
2026-02-02,2037483,2026-02-02,周日021,德国甲级联赛,多特蒙德,海登海姆,1.14,6.35,10.5,3,2,0,胜,official_result_market_odds,2026-08-11T21:44:29
2026-02-02,2037484,2026-02-02,周日022,意大利甲级联赛,克雷莫纳,国际米兰,11.0,5.7,1.16,0,2,2,负,official_result_market_odds,2026-08-11T21:44:29
2026-02-02,2037486,2026-02-02,周日024,西班牙甲级联赛,赫塔费,维戈塞尔塔,2.82,2.68,2.5,0,0,1,平,official_result_market_odds,2026-08-11T21:44:29
2026-02-02,2037488,2026-02-02,周日026,意大利甲级联赛,帕尔马,尤文图斯,7.8,4.55,1.28,1,4,2,负,official_result_market_odds,2026-08-11T21:44:29
2026-02-02,2037489,2026-02-02,周日027,法国甲级联赛,斯特拉斯堡,巴黎圣日尔曼,4.74,4.2,1.47,1,2,2,负,official_result_market_odds,2026-08-11T21:44:29
2026-02-02,2037490,2026-02-02,周日028,西班牙甲级联赛,毕尔巴鄂竞技,皇家社会,2.1,3.0,3.13,1,1,1,平,official_result_market_odds,2026-08-11T21:44:29
2026-02-02,2037491,2026-02-02,周日029,葡萄牙超级联赛,通德拉,本菲卡,10.25,5.25,1.19,0,0,1,平,official_result_market_odds,2026-08-11T21:44:29
2026-02-03,2037492,2026-02-03,周一001,沙特职业联赛,利雅得新月,吉达国民,1.68,3.9,3.6,0,0,1,平,official_result_market_odds,2026-08-11T21:44:29
2026-02-03,2037493,2026-02-03,周一002,沙特职业联赛,奈季兰沟渠,新未来SC,4.6,3.75,1.55,1,1,1,平,official_result_market_odds,2026-08-11T21:44:29
2026-02-03,2037494,2026-02-03,周一003,葡萄牙超级联赛,阿维斯SAD,布拉加,8.88,4.75,1.24,0,4,2,负,official_result_market_odds,2026-08-11T21:44:29
2026-02-03,2037495,2026-02-03,周一004,荷兰乙级联赛,马斯特里赫特,阿尔梅勒城,4.45,4.45,1.47,1,1,1,平,official_result_market_odds,2026-08-11T21:44:29
2026-02-03,2037496,2026-02-03,周一005,意大利甲级联赛,乌迪内斯,罗马,4.0,3.06,1.81,1,0,0,胜,official_result_market_odds,2026-08-11T21:44:29
2026-02-03,2037497,2026-02-03,周一006,英格兰超级联赛,桑德兰,伯恩利,1.72,3.15,4.35,3,0,0,胜,official_result_market_odds,2026-08-11T21:44:29
2026-02-03,2037498,2026-02-03,周一007,西班牙甲级联赛,马洛卡,塞维利亚,2.43,2.88,2.7,4,1,0,胜,official_result_market_odds,2026-08-11T21:44:29
2026-02-03,2037499,2026-02-03,周一008,葡萄牙超级联赛,卡萨皮亚,波尔图,12.0,5.42,1.16,2,1,0,胜,official_result_market_odds,2026-08-11T21:44:29
2026-02-04,2037538,2026-02-04,周二001,沙特职业联赛,赛哈特海湾,胡巴尔卡德西亚,4.46,4.35,1.48,0,1,2,负,official_result_market_odds,2026-08-11T21:44:29
2026-02-04,2037539,2026-02-04,周二002,沙特职业联赛,达曼协定,布赖代合作,2.4,3.2,2.5,1,0,0,胜,official_result_market_odds,2026-08-11T21:44:29
2026-02-04,2037540,2026-02-04,周二003,荷兰乙级联赛,多德勒支,海尔蒙特,1.52,4.1,4.4,3,0,0,胜,official_result_market_odds,2026-08-11T21:44:29
2026-02-04,2037541,2026-02-04,周二004,荷兰杯,阿尔克马尔,特温特,2.79,3.25,2.16,1,1,1,平,official_result_market_odds,2026-08-11T21:44:29
2026-02-04,2037543,2026-02-04,周二007,英格兰冠军联赛,赫尔城,沃特福德,2.04,3.2,3.06,0,0,1,平,official_result_market_odds,2026-08-11T21:44:29
2026-02-04,2037544,2026-02-04,周二008,英格兰冠军联赛,谢菲尔德联,牛津联,1.27,4.75,7.6,3,1,0,胜,official_result_market_odds,2026-08-11T21:44:29
2026-02-04,2037545,2026-02-04,周二009,德国杯,勒沃库森,圣保利,1.35,4.25,6.5,3,0,0,胜,official_result_market_odds,2026-08-11T21:44:29
2026-02-04,2037546,2026-02-04,周二010,意大利甲级联赛,博洛尼亚,AC米兰,2.75,3.04,2.29,0,3,2,负,official_result_market_odds,2026-08-11T21:44:29
2026-02-04,2037547,2026-02-04,周二011,英格兰联赛杯,阿森纳,切尔西,1.61,3.7,4.2,1,0,0,胜,official_result_market_odds,2026-08-11T21:44:29
2026-02-04,2037548,2026-02-04,周二012,法国杯,马赛,雷恩,1.41,4.4,5.2,3,0,0,胜,official_result_market_odds,2026-08-11T21:44:29
2026-02-04,2037568,2026-02-04,周二005,法国杯,兰斯,勒芒,1.77,3.15,4.05,3,0,0,胜,official_result_market_odds,2026-08-11T21:44:29
2026-02-05,2037549,2026-02-05,周三001,荷兰杯,奈梅亨,福伦丹,1.23,5.3,7.8,1,0,0,胜,official_result_market_odds,2026-08-11T21:44:29
2026-02-05,2037551,2026-02-05,周三003,法国杯,尼斯,蒙彼利埃,1.58,3.7,4.42,3,2,0,胜,official_result_market_odds,2026-08-11T21:44:29
2026-02-05,2037552,2026-02-05,周三004,法国杯,图卢兹,亚眠,1.16,5.8,10.5,1,0,0,胜,official_result_market_odds,2026-08-11T21:44:29
2026-02-05,2037553,2026-02-05,周三005,法国杯,洛里昂,巴黎FC,2.13,3.15,2.92,2,0,0,胜,official_result_market_odds,2026-08-11T21:44:29
2026-02-05,2037554,2026-02-05,周三006,德国杯,基尔,斯图加特,5.85,4.37,1.37,0,3,2,负,official_result_market_odds,2026-08-11T21:44:29
2026-02-05,2037555,2026-02-05,周三007,英格兰联赛杯,曼彻斯特城,纽卡斯尔联,1.67,3.72,3.82,3,1,0,胜,official_result_market_odds,2026-08-11T21:44:29
2026-02-05,2037556,2026-02-05,周三008,意大利杯,国际米兰,都灵,1.17,5.6,10.5,2,1,0,胜,official_result_market_odds,2026-08-11T21:44:29
2026-02-05,2037557,2026-02-05,周三009,西班牙国王杯,巴伦西亚,毕尔巴鄂竞技,2.63,2.91,2.47,1,2,2,负,official_result_market_odds,2026-08-11T21:44:29
2026-02-05,2037558,2026-02-05,周三010,西班牙国王杯,阿拉维斯,皇家社会,2.76,2.88,2.38,2,3,2,负,official_result_market_odds,2026-08-11T21:44:29
2026-02-05,2037559,2026-02-05,周三011,法国杯,特鲁瓦,朗斯,4.8,3.75,1.53,2,4,2,负,official_result_market_odds,2026-08-11T21:44:29
2026-02-05,2037560,2026-02-05,周三012,荷兰杯,PSV埃因霍温,海伦芬,1.26,5.25,6.9,4,1,0,胜,official_result_market_odds,2026-08-11T21:44:29
2026-02-05,2037561,2026-02-05,周四001,沙特职业联赛,迈季迈阿宽广,欧奈宰纳伊马,1.47,3.65,5.7,3,0,0,胜,official_result_market_odds,2026-08-11T21:44:29
2026-02-06,2037562,2026-02-06,周四002,沙特职业联赛,吉达国民,拉斯决心,1.12,6.55,12.0,2,0,0,胜,official_result_market_odds,2026-08-11T21:44:29
2026-02-06,2037564,2026-02-06,周四004,荷兰杯,特尔斯达,前进之鹰,2.53,3.1,2.43,2,1,0,胜,official_result_market_odds,2026-08-11T21:44:29
2026-02-06,2037565,2026-02-06,周四005,意大利杯,亚特兰大,尤文图斯,2.75,2.97,2.33,3,0,0,胜,official_result_market_odds,2026-08-11T21:44:29
2026-02-06,2037566,2026-02-06,周四006,西班牙国王杯,皇家贝蒂斯,马德里竞技,3.25,3.35,1.91,0,5,2,负,official_result_market_odds,2026-08-11T21:44:29
2026-02-06,2037567,2026-02-06,周四007,法国杯,斯特拉斯堡,摩纳哥,2.26,3.35,2.58,3,1,0,胜,official_result_market_odds,2026-08-11T21:44:29
2026-02-06,2037605,2026-02-06,周五001,澳大利亚超级联赛,惠灵顿凤凰,墨尔本胜利,3.15,3.85,1.81,2,3,2,负,official_result_market_odds,2026-08-11T21:44:29
2026-02-06,2037606,2026-02-06,周五002,澳大利亚超级联赛,麦克阿瑟FC,珀斯光荣,1.72,3.78,3.53,2,2,1,平,official_result_market_odds,2026-08-11T21:44:29
2026-02-07,2037607,2026-02-07,周五003,沙特职业联赛,利雅得胜利,吉达联合,1.48,4.35,4.5,2,0,0,胜,official_result_market_odds,2026-08-11T21:44:29
2026-02-07,2037608,2026-02-07,周五004,德国乙级联赛,明斯特普鲁士,波鸿,2.55,3.15,2.38,1,1,1,平,official_result_market_odds,2026-08-11T21:44:29
2026-02-07,2037609,2026-02-07,周五005,德国乙级联赛,菲尔特,马格德堡,3.65,3.65,1.72,4,5,2,负,official_result_market_odds,2026-08-11T21:44:29
2026-02-07,2037610,2026-02-07,周五006,法国乙级联赛,阿纳西,格勒诺布尔,1.7,3.2,4.4,1,1,1,平,official_result_market_odds,2026-08-11T21:44:29
2026-02-07,2037611,2026-02-07,周五007,荷兰甲级联赛,布雷达,SBV精英,1.68,3.55,3.96,0,2,2,负,official_result_market_odds,2026-08-11T21:44:29
2026-02-07,2037613,2026-02-07,周五009,德国甲级联赛,柏林联合,法兰克福,1.9,3.4,3.24,1,1,1,平,official_result_market_odds,2026-08-11T21:44:29
2026-02-07,2037614,2026-02-07,周五010,意大利甲级联赛,维罗纳,比萨,2.3,2.73,3.05,0,0,1,平,official_result_market_odds,2026-08-11T21:44:29
2026-02-07,2037615,2026-02-07,周五011,法国甲级联赛,梅斯,里尔,5.5,4.1,1.42,0,0,1,平,official_result_market_odds,2026-08-11T21:44:29
2026-02-07,2037616,2026-02-07,周五012,英格兰超级联赛,利兹联,诺丁汉森林,2.01,3.04,3.3,3,1,0,胜,official_result_market_odds,2026-08-11T21:44:29
2026-02-07,2037617,2026-02-07,周五013,西班牙甲级联赛,维戈塞尔塔,奥萨苏纳,1.74,3.22,4.1,1,2,2,负,official_result_market_odds,2026-08-11T21:44:29
2026-02-07,2037618,2026-02-07,周五014,英格兰冠军联赛,查尔顿,女王公园巡游者,2.68,2.76,2.54,0,0,1,平,official_result_market_odds,2026-08-11T21:44:29
2026-02-07,2037630,2026-02-07,周六001,澳大利亚超级联赛,奥克兰FC,悉尼FC,1.77,3.65,3.45,1,0,0,胜,official_result_market_odds,2026-08-11T21:44:29
2026-02-07,2037631,2026-02-07,周六002,澳大利亚超级联赛,布里斯班狮吼,中央海岸水手,1.63,3.56,4.25,1,2,2,负,official_result_market_odds,2026-08-11T21:44:29
2026-02-07,2037632,2026-02-07,周六003,澳大利亚超级联赛,西悉尼漫步者,墨尔本城,2.27,3.4,2.53,1,1,1,平,official_result_market_odds,2026-08-11T21:44:29
2026-02-07,2037633,2026-02-07,周六004,德国乙级联赛,埃尔沃斯堡,柏林赫塔,1.93,3.4,3.15,0,3,2,负,official_result_market_odds,2026-08-11T21:44:29
2026-02-07,2037634,2026-02-07,周六005,德国乙级联赛,沙尔克04,德累斯顿,1.65,3.35,4.45,2,2,1,平,official_result_market_odds,2026-08-11T21:44:29
2026-02-07,2037635,2026-02-07,周六006,英格兰超级联赛,曼彻斯特联,托特纳姆热刺,1.5,4.2,4.45,2,0,0,胜,official_result_market_odds,2026-08-11T21:44:29
2026-02-07,2037636,2026-02-07,周六007,英格兰冠军联赛,南安普敦,沃特福德,1.77,3.4,3.7,1,0,0,胜,official_result_market_odds,2026-08-11T21:44:29
2026-02-07,2037638,2026-02-07,周六009,沙特职业联赛,拉斯永恒,利雅得青年,3.9,3.6,1.68,1,0,0,胜,official_result_market_odds,2026-08-11T21:44:29
2026-02-07,2037639,2026-02-07,周六010,德国甲级联赛,圣保利,斯图加特,4.8,3.7,1.54,2,1,0,胜,official_result_market_odds,2026-08-11T21:44:29
2026-02-07,2037640,2026-02-07,周六011,德国甲级联赛,海登海姆,汉堡,2.85,3.26,2.12,0,2,2,负,official_result_market_odds,2026-08-11T21:44:29
2026-02-07,2037641,2026-02-07,周六012,德国甲级联赛,美因茨,奥格斯堡,1.75,3.5,3.7,2,0,0,胜,official_result_market_odds,2026-08-11T21:44:29
2026-02-07,2037642,2026-02-07,周六013,德国甲级联赛,沃尔夫斯堡,多特蒙德,4.32,3.95,1.55,1,2,2,负,official_result_market_odds,2026-08-11T21:44:29
2026-02-07,2037643,2026-02-07,周六014,德国甲级联赛,弗赖堡,云达不来梅,1.88,3.3,3.4,1,0,0,胜,official_result_market_odds,2026-08-11T21:44:29
2026-02-07,2037644,2026-02-07,周六015,英格兰超级联赛,富勒姆,埃弗顿,1.97,3.05,3.4,1,2,2,负,official_result_market_odds,2026-08-11T21:44:29
2026-02-07,2037645,2026-02-07,周六016,英格兰超级联赛,伯恩茅斯,阿斯顿维拉,2.63,3.4,2.2,1,1,1,平,official_result_market_odds,2026-08-11T21:44:29
2026-02-07,2037646,2026-02-07,周六017,英格兰超级联赛,伯恩利,西汉姆联,3.08,3.15,2.05,0,2,2,负,official_result_market_odds,2026-08-11T21:44:29
2026-02-07,2037647,2026-02-07,周六018,英格兰超级联赛,阿森纳,桑德兰,1.14,5.7,13.0,3,0,0,胜,official_result_market_odds,2026-08-11T21:44:29
2026-02-07,2037648,2026-02-07,周六019,英格兰超级联赛,狼队,切尔西,5.1,4.05,1.46,1,3,2,负,official_result_market_odds,2026-08-11T21:44:29
2026-02-08,2037650,2026-02-08,周六021,意大利甲级联赛,热那亚,那不勒斯,4.1,2.85,1.87,2,3,2,负,official_result_market_odds,2026-08-11T21:44:29
2026-02-08,2037651,2026-02-08,周六022,英格兰超级联赛,纽卡斯尔联,布伦特福德,1.89,3.4,3.27,2,3,2,负,official_result_market_odds,2026-08-11T21:44:29
2026-02-08,2037652,2026-02-08,周六023,德国甲级联赛,门兴格拉德巴赫,勒沃库森,3.38,3.6,1.8,1,1,1,平,official_result_market_odds,2026-08-11T21:44:29
2026-02-08,2037653,2026-02-08,周六024,西班牙甲级联赛,塞维利亚,赫罗纳,1.94,3.17,3.35,1,1,1,平,official_result_market_odds,2026-08-11T21:44:29
2026-02-08,2037654,2026-02-08,周六025,荷兰甲级联赛,特温特,海伦芬,1.5,4.0,4.7,5,0,0,胜,official_result_market_odds,2026-08-11T21:44:29
2026-02-08,2037655,2026-02-08,周六026,意大利甲级联赛,佛罗伦萨,都灵,1.53,3.62,5.0,2,2,1,平,official_result_market_odds,2026-08-11T21:44:29
2026-02-08,2037656,2026-02-08,周六027,西班牙甲级联赛,皇家社会,埃尔切,1.45,3.9,5.45,3,1,0,胜,official_result_market_odds,2026-08-11T21:44:29
2026-02-08,2037657,2026-02-08,周六028,法国甲级联赛,南特,里昂,4.74,3.6,1.56,0,1,2,负,official_result_market_odds,2026-08-11T21:44:29
2026-02-08,2037658,2026-02-08,周六029,葡萄牙超级联赛,阿罗卡,吉马良斯,2.72,2.95,2.37,3,2,0,胜,official_result_market_odds,2026-08-11T21:44:29
2026-02-08,2037659,2026-02-08,周日001,澳大利亚超级联赛,阿德莱德联,纽卡斯尔喷气机,2.72,4.15,1.92,2,3,2,负,official_result_market_odds,2026-08-11T21:44:29
2026-02-08,2037660,2026-02-08,周日002,荷兰甲级联赛,乌德勒支,费耶诺德,3.25,3.5,1.87,0,1,2,负,official_result_market_odds,2026-08-11T21:44:29
2026-02-08,2037661,2026-02-08,周日003,意大利甲级联赛,博洛尼亚,帕尔马,1.51,3.65,5.2,0,1,2,负,official_result_market_odds,2026-08-11T21:44:29
2026-02-08,2037662,2026-02-08,周日004,德国乙级联赛,卡尔斯鲁厄,杜塞尔多夫,3.28,3.35,1.9,1,1,1,平,official_result_market_odds,2026-08-11T21:44:29
2026-02-08,2037663,2026-02-08,周日005,德国乙级联赛,汉诺威96,基尔,1.46,3.95,5.25,3,1,0,胜,official_result_market_odds,2026-08-11T21:44:29
2026-02-08,2037664,2026-02-08,周日006,德国乙级联赛,比勒费尔德,不伦瑞克,1.72,3.35,4.0,3,2,0,胜,official_result_market_odds,2026-08-11T21:44:29
2026-02-08,2037665,2026-02-08,周日007,西班牙甲级联赛,阿拉维斯,赫塔费,2.22,2.5,3.6,0,2,2,负,official_result_market_odds,2026-08-11T21:44:29
2026-02-08,2037666,2026-02-08,周日008,荷兰甲级联赛,前进之鹰,特尔斯达,1.66,3.65,3.95,1,1,1,平,official_result_market_odds,2026-08-11T21:44:29
2026-02-08,2037667,2026-02-08,周日009,荷兰甲级联赛,阿尔克马尔,阿贾克斯,2.2,3.55,2.55,1,1,1,平,official_result_market_odds,2026-08-11T21:44:29
2026-02-08,2037668,2026-02-08,周日010,意大利甲级联赛,莱切,乌迪内斯,2.8,2.7,2.5,2,1,0,胜,official_result_market_odds,2026-08-11T21:44:29
2026-02-08,2037669,2026-02-08,周日011,法国甲级联赛,尼斯,摩纳哥,2.98,3.7,1.91,0,0,1,平,official_result_market_odds,2026-08-11T21:44:29
2026-02-08,2037670,2026-02-08,周日012,德国甲级联赛,科隆,莱比锡红牛,3.17,3.7,1.84,1,2,2,负,official_result_market_odds,2026-08-11T21:44:29
2026-02-08,2037671,2026-02-08,周日013,西班牙甲级联赛,毕尔巴鄂竞技,莱万特,1.53,3.65,4.95,4,2,0,胜,official_result_market_odds,2026-08-11T21:44:29
2026-02-08,2037672,2026-02-08,周日014,荷兰甲级联赛,格罗宁根,PSV埃因霍温,4.7,4.15,1.48,1,2,2,负,official_result_market_odds,2026-08-11T21:44:29
2026-02-09,2037673,2026-02-09,周日015,法国甲级联赛,勒阿弗尔,斯特拉斯堡,4.4,3.56,1.61,2,1,0,胜,official_result_market_odds,2026-08-11T21:44:29
2026-02-09,2037674,2026-02-09,周日016,法国甲级联赛,昂热,图卢兹,3.95,2.9,1.88,1,0,0,胜,official_result_market_odds,2026-08-11T21:44:29
2026-02-09,2037675,2026-02-09,周日017,法国甲级联赛,欧塞尔,巴黎FC,2.32,3.0,2.74,0,0,1,平,official_result_market_odds,2026-08-11T21:44:29
2026-02-09,2037676,2026-02-09,周日018,英格兰超级联赛,利物浦,曼彻斯特城,2.05,3.65,2.72,1,2,2,负,official_result_market_odds,2026-08-11T21:44:29
2026-02-09,2037677,2026-02-09,周日019,德国甲级联赛,拜仁慕尼黑,霍芬海姆,1.19,6.1,8.0,5,1,0,胜,official_result_market_odds,2026-08-11T21:44:29
2026-02-09,2037678,2026-02-09,周日020,意大利甲级联赛,萨索洛,国际米兰,7.2,4.65,1.29,0,5,2,负,official_result_market_odds,2026-08-11T21:44:29
2026-02-09,2037679,2026-02-09,周日021,西班牙甲级联赛,马德里竞技,皇家贝蒂斯,1.33,4.45,6.55,0,1,2,负,official_result_market_odds,2026-08-11T21:44:29
2026-02-09,2037680,2026-02-09,周日022,葡萄牙超级联赛,布拉加,里奥阿维,1.12,6.25,13.0,3,0,0,胜,official_result_market_odds,2026-08-11T21:44:29
2026-02-09,2037681,2026-02-09,周日023,意大利甲级联赛,尤文图斯,拉齐奥,1.29,4.25,8.5,2,2,1,平,official_result_market_odds,2026-08-11T21:44:29
2026-02-09,2037682,2026-02-09,周日024,法国甲级联赛,巴黎圣日尔曼,马赛,1.31,4.85,6.25,5,0,0,胜,official_result_market_odds,2026-08-11T21:44:29
2026-02-09,2037683,2026-02-09,周日025,西班牙甲级联赛,巴伦西亚,皇家马德里,5.15,4.25,1.43,0,2,2,负,official_result_market_odds,2026-08-11T21:44:29
2026-02-09,2037685,2026-02-09,周一001,亚洲冠军精英联赛,阿布扎比联,吉达国民,3.35,3.63,1.8,0,0,1,平,official_result_market_odds,2026-08-11T21:44:29
2026-02-09,2037686,2026-02-09,周一002,亚洲冠军精英联赛,纳萨夫,鲁萨法警察,2.42,3.3,2.42,1,1,1,平,official_result_market_odds,2026-08-11T21:44:29
2026-02-10,2037687,2026-02-10,周一003,亚洲冠军精英联赛,迪拜国民青年,利雅得新月,3.02,3.5,1.95,0,0,1,平,official_result_market_odds,2026-08-11T21:44:29
2026-02-10,2037688,2026-02-10,周一004,意大利甲级联赛,亚特兰大,克雷莫纳,1.22,4.95,9.25,2,1,0,胜,official_result_market_odds,2026-08-11T21:44:29
2026-02-10,2037689,2026-02-10,周一005,意大利甲级联赛,罗马,卡利亚里,1.33,4.05,7.75,2,0,0,胜,official_result_market_odds,2026-08-11T21:44:29
2026-02-10,2037690,2026-02-10,周一006,西班牙甲级联赛,比利亚雷亚尔,西班牙人,1.59,3.7,4.35,4,1,0,胜,official_result_market_odds,2026-08-11T21:44:29
2026-02-10,2037691,2026-02-10,周一007,英格兰冠军联赛,谢菲尔德联,米德尔斯堡,2.16,3.32,2.74,1,2,2,负,official_result_market_odds,2026-08-11T21:44:29
2026-02-10,2037692,2026-02-10,周一008,葡萄牙超级联赛,波尔图,里斯本竞技,2.2,3.03,2.9,1,1,1,平,official_result_market_odds,2026-08-11T21:44:29
2026-02-10,2037735,2026-02-10,周二001,亚洲冠军精英联赛,广岛三箭,柔佛,1.5,3.95,4.8,2,1,0,胜,official_result_market_odds,2026-08-11T21:44:29
2026-02-10,2037736,2026-02-10,周二002,亚洲冠军精英联赛,神户胜利船,首尔FC,1.58,3.55,4.65,2,0,0,胜,official_result_market_odds,2026-08-11T21:44:29
2026-02-10,2037737,2026-02-10,周二003,亚洲冠军精英联赛,成都蓉城,布里兰,2.5,3.35,2.32,0,1,2,负,official_result_market_odds,2026-08-11T21:44:29
2026-02-11,2037738,2026-02-11,周二004,英格兰超级联赛,切尔西,利兹联,1.38,4.25,5.9,2,2,1,平,official_result_market_odds,2026-08-11T21:44:29
2026-02-11,2037739,2026-02-11,周二005,英格兰超级联赛,托特纳姆热刺,纽卡斯尔联,3.15,3.35,1.95,1,2,2,负,official_result_market_odds,2026-08-11T21:44:29
2026-02-11,2037740,2026-02-11,周二006,英格兰超级联赛,埃弗顿,伯恩茅斯,2.21,3.0,2.91,1,2,2,负,official_result_market_odds,2026-08-11T21:44:29
2026-02-11,2037741,2026-02-11,周二007,英格兰冠军联赛,莱切斯特城,南安普敦,2.9,3.28,2.09,3,4,2,负,official_result_market_odds,2026-08-11T21:44:29
2026-02-11,2037742,2026-02-11,周二008,德国杯,柏林赫塔,弗赖堡,3.02,3.2,2.06,0,0,1,平,official_result_market_odds,2026-08-11T21:44:29
2026-02-11,2037743,2026-02-11,周二009,英格兰冠军联赛,伯明翰,西布罗姆维奇,1.65,3.45,4.28,0,0,1,平,official_result_market_odds,2026-08-11T21:44:29
2026-02-11,2037744,2026-02-11,周二010,意大利杯,那不勒斯,科莫,2.58,2.75,2.65,1,1,1,平,official_result_market_odds,2026-08-11T21:44:29
2026-02-11,2037745,2026-02-11,周二011,英格兰超级联赛,西汉姆联,曼彻斯特联,4.1,4.05,1.57,1,1,1,平,official_result_market_odds,2026-08-11T21:44:29
2026-02-11,2037746,2026-02-11,周三001,亚洲冠军精英联赛,蔚山现代,墨尔本城,1.99,3.25,3.15,1,2,2,负,official_result_market_odds,2026-08-11T21:44:29
2026-02-11,2037747,2026-02-11,周三002,亚洲冠军精英联赛,江原FC,上海海港,1.32,4.55,6.6,0,0,1,平,official_result_market_odds,2026-08-11T21:44:29
2026-02-11,2037748,2026-02-11,周三003,亚洲冠军乙级联赛,叻武里,万隆,2.25,3.05,2.8,3,0,0,胜,official_result_market_odds,2026-08-11T21:44:29
2026-02-11,2037749,2026-02-11,周三004,亚洲冠军乙级联赛,阿尔卡达格,利雅得胜利,5.05,3.85,1.49,0,1,2,负,official_result_market_odds,2026-08-11T21:44:29
2026-02-12,2037750,2026-02-12,周三005,英格兰超级联赛,曼彻斯特城,富勒姆,1.22,5.5,7.8,3,0,0,胜,official_result_market_odds,2026-08-11T21:44:29
2026-02-12,2037751,2026-02-12,周三006,英格兰超级联赛,诺丁汉森林,狼队,1.49,3.7,5.35,0,0,1,平,official_result_market_odds,2026-08-11T21:44:29
2026-02-12,2037752,2026-02-12,周三007,英格兰超级联赛,水晶宫,伯恩利,1.43,3.85,5.9,2,3,2,负,official_result_market_odds,2026-08-11T21:44:29
2026-02-12,2037753,2026-02-12,周三008,英格兰冠军联赛,查尔顿,斯托克城,2.7,2.85,2.45,1,0,0,胜,official_result_market_odds,2026-08-11T21:44:29
2026-02-12,2037754,2026-02-12,周三009,德国杯,拜仁慕尼黑,莱比锡红牛,1.16,6.4,9.0,2,0,0,胜,official_result_market_odds,2026-08-11T21:44:29
2026-02-12,2037755,2026-02-12,周三010,意大利杯,博洛尼亚,拉齐奥,2.05,2.81,3.5,1,1,1,平,official_result_market_odds,2026-08-11T21:44:29
2026-02-12,2037756,2026-02-12,周三011,西班牙国王杯,毕尔巴鄂竞技,皇家社会,2.2,2.87,3.06,0,1,2,负,official_result_market_odds,2026-08-11T21:44:29
2026-02-12,2037757,2026-02-12,周三012,荷兰甲级联赛,奈梅亨,乌德勒支,1.57,3.9,4.25,1,3,2,负,official_result_market_odds,2026-08-11T21:44:29
2026-02-12,2037758,2026-02-12,周三013,英格兰超级联赛,桑德兰,利物浦,4.35,3.7,1.59,0,1,2,负,official_result_market_odds,2026-08-11T21:44:29
2026-02-12,2037759,2026-02-12,周四001,亚洲冠军乙级联赛,浦项制铁,大阪钢巴,3.0,3.1,2.11,1,1,1,平,official_result_market_odds,2026-08-11T21:44:29
2026-02-12,2037760,2026-02-12,周四002,亚洲冠军乙级联赛,曼谷联,麦克阿瑟FC,2.8,3.4,2.1,2,0,0,胜,official_result_market_odds,2026-08-11T21:44:29
2026-02-12,2037761,2026-02-12,周四003,沙特职业联赛,达马克,布赖代合作,4.25,3.32,1.69,2,1,0,胜,official_result_market_odds,2026-08-11T21:44:29
2026-02-13,2037762,2026-02-13,周四004,沙特职业联赛,胡巴尔卡德西亚,新未来SC,1.36,4.3,6.2,1,0,0,胜,official_result_market_odds,2026-08-11T21:44:29
2026-02-13,2037763,2026-02-13,周四005,沙特职业联赛,拉斯决心,奈季兰沟渠,1.92,3.1,3.5,2,1,0,胜,official_result_market_odds,2026-08-11T21:44:29
2026-02-13,2037764,2026-02-13,周四006,荷兰乙级联赛,登博思,埃因霍温FC,1.78,3.68,3.38,2,1,0,胜,official_result_market_odds,2026-08-11T21:44:29
2026-02-13,2037765,2026-02-13,周四007,英格兰超级联赛,布伦特福德,阿森纳,5.1,3.75,1.5,1,1,1,平,official_result_market_odds,2026-08-11T21:44:29
2026-02-13,2037766,2026-02-13,周四008,西班牙国王杯,马德里竞技,巴塞罗那,2.66,3.7,2.07,4,0,0,胜,official_result_market_odds,2026-08-11T21:44:29
2026-02-13,2037793,2026-02-13,周五001,澳大利亚超级联赛,西悉尼漫步者,惠灵顿凤凰,1.58,4.0,4.05,2,2,1,平,official_result_market_odds,2026-08-11T21:44:29
2026-02-13,2037794,2026-02-13,周五002,澳大利亚超级联赛,珀斯光荣,纽卡斯尔喷气机,2.77,3.95,1.94,1,3,2,负,official_result_market_odds,2026-08-11T21:44:29
2026-02-13,2037795,2026-02-13,周五003,沙特职业联赛,利雅得青年,吉达国民,4.7,3.8,1.53,2,5,2,负,official_result_market_odds,2026-08-11T21:44:29
2026-02-14,2037797,2026-02-14,周五005,德国乙级联赛,杜塞尔多夫,明斯特普鲁士,1.76,3.35,3.8,0,0,1,平,official_result_market_odds,2026-08-11T21:44:29
2026-02-14,2037798,2026-02-14,周五006,德国乙级联赛,纽伦堡,卡尔斯鲁厄,1.63,3.6,4.2,5,1,0,胜,official_result_market_odds,2026-08-11T21:44:29
2026-02-14,2037799,2026-02-14,周五007,法国甲级联赛,雷恩,巴黎圣日尔曼,6.5,5.15,1.28,3,1,0,胜,official_result_market_odds,2026-08-11T21:44:29
2026-02-14,2037800,2026-02-14,周五008,葡萄牙超级联赛,圣克拉拉,本菲卡,7.9,3.9,1.34,1,2,2,负,official_result_market_odds,2026-08-11T21:44:29
2026-02-14,2037801,2026-02-14,周五009,法国乙级联赛,圣旺红星,南锡,1.85,3.05,3.83,2,1,0,胜,official_result_market_odds,2026-08-11T21:44:29
2026-02-14,2037803,2026-02-14,周五011,荷兰乙级联赛,阿尔梅勒城,海尔蒙特,1.31,4.85,6.25,0,1,2,负,official_result_market_odds,2026-08-11T21:44:29
2026-02-14,2037804,2026-02-14,周五012,德国甲级联赛,多特蒙德,美因茨,1.46,4.05,5.05,4,0,0,胜,official_result_market_odds,2026-08-11T21:44:29
2026-02-14,2037805,2026-02-14,周五013,英格兰足总杯,赫尔城,切尔西,10.75,6.3,1.14,0,4,2,负,official_result_market_odds,2026-08-11T21:44:29
2026-02-14,2037806,2026-02-14,周五014,英格兰足总杯,雷克斯汉姆,伊普斯维奇,3.41,2.9,2.04,1,0,0,胜,official_result_market_odds,2026-08-11T21:44:29
2026-02-14,2037807,2026-02-14,周五015,意大利甲级联赛,比萨,AC米兰,5.4,3.6,1.5,1,2,2,负,official_result_market_odds,2026-08-11T21:44:29
2026-02-14,2037808,2026-02-14,周五016,西班牙甲级联赛,埃尔切,奥萨苏纳,2.79,2.9,2.35,0,0,1,平,official_result_market_odds,2026-08-11T21:44:29
2026-02-14,2037809,2026-02-14,周五017,法国甲级联赛,摩纳哥,南特,1.32,4.7,6.3,3,1,0,胜,official_result_market_odds,2026-08-11T21:44:29
2026-02-14,2037810,2026-02-14,周五018,葡萄牙超级联赛,通德拉,阿尔维卡,2.32,2.8,2.93,1,1,1,平,official_result_market_odds,2026-08-11T21:44:29
2026-02-25,2037827,2026-02-25,周二001,欧洲冠军联赛,马德里竞技,布鲁日,1.29,4.86,6.72,4,1,0,胜,official_result_market_odds,2026-08-11T21:44:29
2026-02-25,2037828,2026-02-25,周二002,沙特职业联赛,拉斯决心,吉达联合,5.85,4.6,1.35,1,1,1,平,official_result_market_odds,2026-08-11T21:44:29
2026-02-25,2037829,2026-02-25,周二003,沙特职业联赛,布赖代合作,利雅得新月,8.3,5.7,1.2,1,1,1,平,official_result_market_odds,2026-08-11T21:44:29
2026-02-25,2037830,2026-02-25,周二004,荷兰乙级联赛,坎布尔,埃因霍温FC,1.26,5.2,7.0,2,1,0,胜,official_result_market_odds,2026-08-11T21:44:29
2026-02-25,2037831,2026-02-25,周二005,英格兰冠军联赛,斯旺西,普雷斯顿,1.6,3.45,4.65,1,1,1,平,official_result_market_odds,2026-08-11T21:44:29
2026-02-25,2037832,2026-02-25,周二006,英格兰冠军联赛,沃特福德,伊普斯维奇,3.15,3.02,2.08,0,2,2,负,official_result_market_odds,2026-08-11T21:44:29
2026-02-25,2037833,2026-02-25,周二007,英格兰冠军联赛,雷克斯汉姆,朴次茅斯,1.84,3.25,3.6,2,1,0,胜,official_result_market_odds,2026-08-11T21:44:29
2026-02-25,2037834,2026-02-25,周二008,英格兰冠军联赛,赫尔城,德比郡,2.37,2.95,2.72,4,2,0,胜,official_result_market_odds,2026-08-11T21:44:29
2026-02-25,2037835,2026-02-25,周二009,英格兰冠军联赛,布莱克本,布里斯托尔城,2.18,2.92,3.05,1,2,2,负,official_result_market_odds,2026-08-11T21:44:29
2026-02-25,2037836,2026-02-25,周二010,英格兰冠军联赛,西布罗姆维奇,查尔顿,1.85,2.9,4.1,1,1,1,平,official_result_market_odds,2026-08-11T21:44:29
2026-02-25,2037838,2026-02-25,周二012,欧洲冠军联赛,勒沃库森,奥林匹亚科斯,1.61,3.87,4.0,0,0,1,平,official_result_market_odds,2026-08-11T21:44:29
2026-02-25,2037839,2026-02-25,周二013,欧洲冠军联赛,国际米兰,博德闪耀,1.15,6.9,8.8,1,2,2,负,official_result_market_odds,2026-08-11T21:44:29
2026-02-25,2037840,2026-02-25,周二014,英格兰冠军联赛,南安普敦,女王公园巡游者,1.52,3.8,4.8,5,0,0,胜,official_result_market_odds,2026-08-11T21:44:29
2026-02-26,2037841,2026-02-26,周三001,欧洲冠军联赛,亚特兰大,多特蒙德,2.0,3.55,2.88,4,1,0,胜,official_result_market_odds,2026-08-11T21:44:29
2026-02-26,2037843,2026-02-26,周三003,沙特职业联赛,迈季迈阿宽广,新未来SC,2.67,3.05,2.34,1,1,1,平,official_result_market_odds,2026-08-11T21:44:29
2026-02-26,2037844,2026-02-26,周三004,英格兰冠军联赛,米尔沃尔,伯明翰,2.33,2.95,2.77,3,0,0,胜,official_result_market_odds,2026-08-11T21:44:29
2026-02-26,2037845,2026-02-26,周三005,英格兰冠军联赛,谢菲尔德联,考文垂,2.38,3.42,2.4,1,2,2,负,official_result_market_odds,2026-08-11T21:44:29
2026-02-26,2037846,2026-02-26,周三006,欧洲冠军联赛,尤文图斯,加拉塔萨雷,1.35,4.9,5.45,3,0,0,胜,official_result_market_odds,2026-08-11T21:44:29
2026-02-26,2037847,2026-02-26,周三007,欧洲冠军联赛,巴黎圣日尔曼,摩纳哥,1.16,6.5,9.0,2,2,1,平,official_result_market_odds,2026-08-11T21:44:29
2026-02-26,2037848,2026-02-26,周三008,欧洲冠军联赛,皇家马德里,本菲卡,1.48,4.2,4.65,2,1,0,胜,official_result_market_odds,2026-08-11T21:44:29
2026-02-26,2037849,2026-02-26,周三009,英格兰冠军联赛,斯托克城,牛津联,1.75,3.1,4.25,2,1,0,胜,official_result_market_odds,2026-08-11T21:44:29
2026-02-27,2037850,2026-02-27,周四001,欧罗巴联赛,费伦茨瓦罗斯,卢多戈雷茨,1.42,4.0,5.7,2,0,0,胜,official_result_market_odds,2026-08-11T21:44:29
2026-02-27,2037851,2026-02-27,周四002,欧罗巴联赛,斯图加特,凯尔特人,1.24,5.1,7.85,0,1,2,负,official_result_market_odds,2026-08-11T21:44:29
2026-02-27,2037852,2026-02-27,周四003,欧罗巴联赛,比尔森,帕纳辛纳科斯,1.92,3.0,3.65,1,1,1,平,official_result_market_odds,2026-08-11T21:44:29
2026-02-27,2037853,2026-02-27,周四004,欧罗巴联赛,贝尔格莱德红星,里尔,2.53,3.3,2.32,0,1,2,负,official_result_market_odds,2026-08-11T21:44:29
2026-02-27,2037854,2026-02-27,周四005,欧洲协会联赛,佛罗伦萨,比亚韦斯托克,1.34,4.4,6.4,0,3,2,负,official_result_market_odds,2026-08-11T21:44:29
2026-02-27,2037855,2026-02-27,周四006,沙特职业联赛,穆拜赖兹征服,达马克,1.6,3.6,4.45,1,1,1,平,official_result_market_odds,2026-08-11T21:44:29
2026-02-27,2037856,2026-02-27,周四007,欧罗巴联赛,维戈塞尔塔,塞萨洛尼基,1.52,3.48,5.42,1,0,0,胜,official_result_market_odds,2026-08-11T21:44:29
2026-02-27,2037857,2026-02-27,周四008,欧罗巴联赛,博洛尼亚,布兰,1.34,4.25,6.75,1,0,0,胜,official_result_market_odds,2026-08-11T21:44:29
2026-02-27,2037858,2026-02-27,周四009,欧罗巴联赛,诺丁汉森林,费内巴切,1.53,3.8,4.7,1,2,2,负,official_result_market_odds,2026-08-11T21:44:29
2026-02-27,2037889,2026-02-27,周五001,澳大利亚超级联赛,墨尔本胜利,阿德莱德联,1.54,4.35,4.0,1,1,1,平,official_result_market_odds,2026-08-11T21:44:29
2026-02-27,2037890,2026-02-27,周五002,日本职业联赛,广岛三箭,京都不死鸟,1.91,3.25,3.35,1,2,2,负,official_result_market_odds,2026-08-11T21:44:29
2026-02-28,2037891,2026-02-28,周五003,德国乙级联赛,杜塞尔多夫,波鸿,2.12,3.15,2.94,2,1,0,胜,official_result_market_odds,2026-08-11T21:44:29
2026-02-28,2037893,2026-02-28,周五005,沙特职业联赛,利雅得青年,利雅得新月,5.35,4.95,1.35,3,5,2,负,official_result_market_odds,2026-08-11T21:44:29
2026-02-28,2037894,2026-02-28,周五006,法国乙级联赛,蒙彼利埃,兰斯,3.4,3.1,1.95,0,0,1,平,official_result_market_odds,2026-08-11T21:44:29
2026-02-28,2037895,2026-02-28,周五007,荷兰甲级联赛,特尔斯达,布雷达,2.53,3.25,2.35,3,0,0,胜,official_result_market_odds,2026-08-11T21:44:29
2026-02-28,2037896,2026-02-28,周五008,荷兰乙级联赛,奥斯,坎布尔,4.25,3.95,1.56,1,2,2,负,official_result_market_odds,2026-08-11T21:44:29
2026-02-28,2037897,2026-02-28,周五009,德国甲级联赛,奥格斯堡,科隆,1.95,3.35,3.15,2,0,0,胜,official_result_market_odds,2026-08-11T21:44:29
2026-02-28,2037898,2026-02-28,周五010,意大利甲级联赛,帕尔马,卡利亚里,2.14,2.8,3.28,1,1,1,平,official_result_market_odds,2026-08-11T21:44:29
2026-02-28,2037899,2026-02-28,周五011,法国甲级联赛,斯特拉斯堡,朗斯,2.12,3.4,2.75,1,1,1,平,official_result_market_odds,2026-08-11T21:44:29
2026-02-28,2037900,2026-02-28,周五012,英格兰超级联赛,狼队,阿斯顿维拉,4.05,3.5,1.68,2,0,0,胜,official_result_market_odds,2026-08-11T21:44:29
2026-02-28,2037901,2026-02-28,周五013,英格兰冠军联赛,布里斯托尔城,沃特福德,2.26,3.1,2.75,1,2,2,负,official_result_market_odds,2026-08-11T21:44:29
2026-02-28,2037902,2026-02-28,周五014,西班牙甲级联赛,莱万特,阿拉维斯,2.4,2.8,2.81,2,0,0,胜,official_result_market_odds,2026-08-11T21:44:29
2026-02-28,2037903,2026-02-28,周五015,葡萄牙超级联赛,里斯本竞技,埃斯托里尔,1.12,6.65,11.6,3,0,0,胜,official_result_market_odds,2026-08-11T21:44:29
2026-02-28,2037925,2026-02-28,周六001,日本职业联赛,横滨水手,东京绿茵,2.25,2.98,2.86,3,2,0,胜,official_result_market_odds,2026-08-11T21:44:29
2026-02-28,2037926,2026-02-28,周六002,日本职业联赛,浦和红钻,鹿岛鹿角,2.34,2.93,2.77,2,3,2,负,official_result_market_odds,2026-08-11T21:44:29
2026-02-28,2037927,2026-02-28,周六003,韩国职业联赛,蔚山现代,江原FC,2.4,2.95,2.68,3,1,0,胜,official_result_market_odds,2026-08-11T21:44:29
2026-02-28,2037928,2026-02-28,周六004,澳大利亚超级联赛,中央海岸水手,纽卡斯尔喷气机,3.52,4.38,1.62,0,0,1,平,official_result_market_odds,2026-08-11T21:44:29
2026-02-28,2037929,2026-02-28,周六005,澳大利亚超级联赛,布里斯班狮吼,珀斯光荣,1.9,3.3,3.33,1,1,1,平,official_result_market_odds,2026-08-11T21:44:29
2026-02-28,2037930,2026-02-28,周六006,韩国职业联赛,金泉尚武,浦项制铁,2.48,3.02,2.53,1,1,1,平,official_result_market_odds,2026-08-11T21:44:29
2026-02-28,2037931,2026-02-28,周六007,澳大利亚超级联赛,麦克阿瑟FC,西悉尼漫步者,2.26,3.55,2.47,0,4,2,负,official_result_market_odds,2026-08-11T21:44:29
2026-02-28,2037932,2026-02-28,周六008,德国乙级联赛,比勒费尔德,汉诺威96,2.73,3.35,2.15,0,1,2,负,official_result_market_odds,2026-08-11T21:44:29
2026-02-28,2037933,2026-02-28,周六009,英格兰超级联赛,伯恩茅斯,桑德兰,1.68,3.5,4.05,1,1,1,平,official_result_market_odds,2026-08-11T21:44:29
2026-02-28,2037934,2026-02-28,周六010,西班牙甲级联赛,巴列卡诺,毕尔巴鄂竞技,2.44,3.05,2.55,1,1,1,平,official_result_market_odds,2026-08-11T21:44:29
2026-02-28,2037935,2026-02-28,周六011,意大利甲级联赛,科莫,莱切,1.27,4.4,8.75,3,1,0,胜,official_result_market_odds,2026-08-11T21:44:29
2026-02-28,2037936,2026-02-28,周六012,德国甲级联赛,勒沃库森,美因茨,1.56,3.9,4.31,1,1,1,平,official_result_market_odds,2026-08-11T21:44:29
2026-02-28,2037937,2026-02-28,周六013,德国甲级联赛,云达不来梅,海登海姆,1.46,4.1,5.0,2,0,0,胜,official_result_market_odds,2026-08-11T21:44:29
2026-02-28,2037938,2026-02-28,周六014,德国甲级联赛,门兴格拉德巴赫,柏林联合,2.27,3.0,2.81,1,0,0,胜,official_result_market_odds,2026-08-11T21:44:29
2026-02-28,2037939,2026-02-28,周六015,德国甲级联赛,霍芬海姆,圣保利,1.38,4.15,6.1,0,1,2,负,official_result_market_odds,2026-08-11T21:44:29
2026-02-28,2037940,2026-02-28,周六016,英格兰超级联赛,利物浦,西汉姆联,1.27,5.15,6.75,5,2,0,胜,official_result_market_odds,2026-08-11T21:44:29
2026-02-28,2037941,2026-02-28,周六017,英格兰超级联赛,纽卡斯尔联,埃弗顿,1.64,3.6,4.15,2,3,2,负,official_result_market_odds,2026-08-11T21:44:29
2026-02-28,2037942,2026-02-28,周六018,英格兰超级联赛,伯恩利,布伦特福德,4.33,3.55,1.62,3,4,2,负,official_result_market_odds,2026-08-11T21:44:29
2026-02-28,2037943,2026-02-28,周六019,西班牙甲级联赛,巴塞罗那,比利亚雷亚尔,1.25,5.6,6.7,4,1,0,胜,official_result_market_odds,2026-08-11T21:44:29
2026-03-01,2037944,2026-03-01,周六020,意大利甲级联赛,维罗纳,那不勒斯,6.1,3.5,1.47,1,2,2,负,official_result_market_odds,2026-08-11T21:44:29
2026-03-01,2037945,2026-03-01,周六021,英格兰超级联赛,利兹联,曼彻斯特城,5.05,4.0,1.47,0,1,2,负,official_result_market_odds,2026-08-11T21:44:29
2026-03-01,2037946,2026-03-01,周六022,德国甲级联赛,多特蒙德,拜仁慕尼黑,3.98,4.3,1.55,2,3,2,负,official_result_market_odds,2026-08-11T21:44:29
2026-03-01,2037947,2026-03-01,周六023,西班牙甲级联赛,马洛卡,皇家社会,2.95,3.0,2.19,0,1,2,负,official_result_market_odds,2026-08-11T21:44:29
2026-03-01,2037948,2026-03-01,周六024,荷兰甲级联赛,赫拉克勒斯,PSV埃因霍温,8.5,5.85,1.19,1,3,2,负,official_result_market_odds,2026-08-11T21:44:29
2026-03-01,2037949,2026-03-01,周六025,沙特职业联赛,迈季迈阿宽广,利雅得胜利,10.0,5.5,1.18,1,3,2,负,official_result_market_odds,2026-08-11T21:44:29
2026-03-01,2037950,2026-03-01,周六026,意大利甲级联赛,国际米兰,热那亚,1.19,5.3,10.0,2,0,0,胜,official_result_market_odds,2026-08-11T21:44:29
2026-03-01,2037951,2026-03-01,周六027,西班牙甲级联赛,皇家奥维耶多,马德里竞技,4.65,3.55,1.58,0,1,2,负,official_result_market_odds,2026-08-11T21:44:29
2026-03-01,2037952,2026-03-01,周六028,法国甲级联赛,勒阿弗尔,巴黎圣日尔曼,8.3,5.7,1.2,0,1,2,负,official_result_market_odds,2026-08-11T21:44:29
2026-03-01,2037953,2026-03-01,周六029,美国职业大联盟,休斯敦迪纳摩,洛杉矶FC,3.52,3.45,1.8,0,2,2,负,official_result_market_odds,2026-08-11T21:44:29
2026-03-01,2037954,2026-03-01,周日002,韩国职业联赛,济州SK,光州FC,2.15,2.94,3.08,0,0,1,平,official_result_market_odds,2026-08-11T21:44:29
2026-03-01,2037956,2026-03-01,周日004,荷兰甲级联赛,兹沃勒,阿贾克斯,3.86,3.95,1.62,0,0,1,平,official_result_market_odds,2026-08-11T21:44:29
2026-03-01,2037957,2026-03-01,周日005,意大利甲级联赛,克雷莫纳,AC米兰,7.55,4.63,1.28,0,2,2,负,official_result_market_odds,2026-08-11T21:44:29
2026-03-01,2037958,2026-03-01,周日006,德国乙级联赛,柏林赫塔,纽伦堡,1.94,3.25,3.26,2,1,0,胜,official_result_market_odds,2026-08-11T21:44:29
2026-03-01,2037959,2026-03-01,周日007,西班牙甲级联赛,埃尔切,西班牙人,2.3,3.14,2.66,2,2,1,平,official_result_market_odds,2026-08-11T21:44:29
2026-03-01,2037960,2026-03-01,周日008,荷兰甲级联赛,特温特,费耶诺德,1.94,3.53,3.02,2,0,0,胜,official_result_market_odds,2026-08-11T21:44:29
2026-03-01,2037961,2026-03-01,周日009,英格兰超级联赛,曼彻斯特联,水晶宫,1.43,4.15,5.3,2,1,0,胜,official_result_market_odds,2026-08-11T21:44:29
2026-03-01,2037962,2026-03-01,周日010,英格兰超级联赛,富勒姆,托特纳姆热刺,1.9,3.4,3.25,2,1,0,胜,official_result_market_odds,2026-08-11T21:44:29
2026-03-01,2037963,2026-03-01,周日011,意大利甲级联赛,萨索洛,亚特兰大,3.35,3.25,1.91,2,1,0,胜,official_result_market_odds,2026-08-11T21:44:29
2026-03-01,2037964,2026-03-01,周日012,法国甲级联赛,巴黎FC,尼斯,2.25,2.99,2.85,1,0,0,胜,official_result_market_odds,2026-08-11T21:44:29
2026-03-01,2037965,2026-03-01,周日013,德国甲级联赛,斯图加特,沃尔夫斯堡,1.3,5.05,6.15,4,0,0,胜,official_result_market_odds,2026-08-11T21:44:29
2026-03-01,2037966,2026-03-01,周日014,西班牙甲级联赛,巴伦西亚,奥萨苏纳,2.13,2.95,3.12,1,0,0,胜,official_result_market_odds,2026-08-11T21:44:29
2026-03-01,2037967,2026-03-01,周日015,荷兰甲级联赛,乌德勒支,阿尔克马尔,2.05,3.35,2.92,2,0,0,胜,official_result_market_odds,2026-08-11T21:44:29
2026-03-01,2037986,2026-03-01,周日001,日本职业联赛,川崎前锋,水户蜀葵,1.74,3.75,3.48,2,2,1,平,official_result_market_odds,2026-08-11T21:44:29
2026-03-02,2037968,2026-03-02,周日016,英格兰超级联赛,阿森纳,切尔西,1.45,4.0,5.3,2,1,0,胜,official_result_market_odds,2026-08-11T21:44:29
2026-03-02,2037969,2026-03-02,周日017,德国甲级联赛,法兰克福,弗赖堡,1.92,3.28,3.3,2,0,0,胜,official_result_market_odds,2026-08-11T21:44:29
2026-03-02,2037970,2026-03-02,周日018,意大利甲级联赛,都灵,拉齐奥,2.66,2.72,2.59,2,0,0,胜,official_result_market_odds,2026-08-11T21:44:29
2026-03-02,2037971,2026-03-02,周日019,西班牙甲级联赛,皇家贝蒂斯,塞维利亚,1.57,3.65,4.6,2,2,1,平,official_result_market_odds,2026-08-11T21:44:29
2026-03-02,2037972,2026-03-02,周日020,德国甲级联赛,汉堡,莱比锡红牛,3.62,3.73,1.71,1,2,2,负,official_result_market_odds,2026-08-11T21:44:29
2026-03-02,2037973,2026-03-02,周日021,意大利甲级联赛,罗马,尤文图斯,2.43,2.78,2.79,3,3,1,平,official_result_market_odds,2026-08-11T21:44:29
2026-03-02,2037974,2026-03-02,周日022,法国甲级联赛,马赛,里昂,1.81,3.45,3.48,3,2,0,胜,official_result_market_odds,2026-08-11T21:44:29
2026-03-02,2037975,2026-03-02,周日023,西班牙甲级联赛,赫罗纳,维戈塞尔塔,2.21,2.98,2.93,1,2,2,负,official_result_market_odds,2026-08-11T21:44:29
2026-03-02,2037976,2026-03-02,周日024,美国职业大联盟,奥兰多城,迈阿密国际,3.15,3.85,1.81,2,4,2,负,official_result_market_odds,2026-08-11T21:44:29
2026-03-02,2037977,2026-03-02,周一001,韩国职业联赛,大田市民,安养FC,1.82,3.32,3.6,1,1,1,平,official_result_market_odds,2026-08-11T21:44:29
2026-03-03,2037979,2026-03-03,周一003,意大利甲级联赛,比萨,博洛尼亚,3.9,3.15,1.8,0,1,2,负,official_result_market_odds,2026-08-11T21:44:29
2026-03-03,2037981,2026-03-03,周一005,意大利甲级联赛,乌迪内斯,佛罗伦萨,3.2,3.11,2.02,3,0,0,胜,official_result_market_odds,2026-08-11T21:44:29
2026-03-03,2037982,2026-03-03,周一006,法国乙级联赛,亚眠,特鲁瓦,4.5,3.54,1.6,0,2,2,负,official_result_market_odds,2026-08-11T21:44:29
2026-03-03,2037983,2026-03-03,周一007,英格兰冠军联赛,伯明翰,米德尔斯堡,2.78,3.32,2.14,1,3,2,负,official_result_market_odds,2026-08-11T21:44:29
2026-03-03,2037984,2026-03-03,周一008,西班牙甲级联赛,皇家马德里,赫塔费,1.22,4.9,9.5,0,1,2,负,official_result_market_odds,2026-08-11T21:44:29
2026-03-03,2037985,2026-03-03,周一009,葡萄牙超级联赛,吉维森特,本菲卡,6.1,4.15,1.38,1,2,2,负,official_result_market_odds,2026-08-11T21:44:29
2026-03-03,2038029,2026-03-03,周二001,亚洲冠军精英联赛,墨尔本城,布里兰,2.14,2.95,3.1,1,1,1,平,official_result_market_odds,2026-08-11T21:44:29
2026-03-03,2038031,2026-03-03,周二003,亚洲冠军精英联赛,江原FC,町田泽维亚,4.31,2.95,1.79,0,0,1,平,official_result_market_odds,2026-08-11T21:44:29
2026-03-04,2038032,2026-03-04,周二004,荷兰杯,奈梅亨,PSV埃因霍温,3.9,4.25,1.57,3,2,0,胜,official_result_market_odds,2026-08-11T21:44:29
2026-03-04,2038033,2026-03-04,周二005,英格兰超级联赛,伯恩茅斯,布伦特福德,2.35,3.37,2.46,0,0,1,平,official_result_market_odds,2026-08-11T21:44:29
2026-03-04,2038034,2026-03-04,周二006,英格兰超级联赛,埃弗顿,伯恩利,1.41,3.9,6.1,2,0,0,胜,official_result_market_odds,2026-08-11T21:44:29
2026-03-04,2038035,2026-03-04,周二007,英格兰超级联赛,利兹联,桑德兰,1.73,3.15,4.3,0,1,2,负,official_result_market_odds,2026-08-11T21:44:29
2026-03-04,2038036,2026-03-04,周二008,英格兰冠军联赛,伊普斯维奇,赫尔城,1.35,4.2,6.65,1,0,0,胜,official_result_market_odds,2026-08-11T21:44:29
2026-03-04,2038037,2026-03-04,周二009,意大利杯,科莫,国际米兰,2.84,3.1,2.2,0,0,1,平,official_result_market_odds,2026-08-11T21:44:29
2026-03-04,2038038,2026-03-04,周二010,西班牙国王杯,巴塞罗那,马德里竞技,1.37,4.95,5.08,3,0,0,胜,official_result_market_odds,2026-08-11T21:44:29
2026-03-04,2038039,2026-03-04,周二011,法国杯,斯特拉斯堡,兰斯,1.41,4.0,5.88,2,1,0,胜,official_result_market_odds,2026-08-11T21:44:29
2026-03-04,2038040,2026-03-04,周二012,英格兰超级联赛,狼队,利物浦,6.25,4.6,1.33,2,1,0,胜,official_result_market_odds,2026-08-11T21:44:29
2026-03-04,2038041,2026-03-04,周三001,澳大利亚超级联赛,麦克阿瑟FC,中央海岸水手,1.49,4.32,4.4,1,3,2,负,official_result_market_odds,2026-08-11T21:44:29
2026-03-04,2038042,2026-03-04,周三002,亚洲冠军精英联赛,首尔FC,神户胜利船,3.37,2.9,2.05,0,1,2,负,official_result_market_odds,2026-08-11T21:44:29
2026-03-04,2038043,2026-03-04,周三003,亚洲冠军乙级联赛,大阪钢巴,叻武里,1.14,5.8,12.5,1,1,1,平,official_result_market_odds,2026-08-11T21:44:29
2026-03-04,2038045,2026-03-04,周三005,亚洲冠军精英联赛,柔佛,广岛三箭,2.4,3.0,2.64,3,1,0,胜,official_result_market_odds,2026-08-11T21:44:29
2026-03-05,2038046,2026-03-05,周三006,西班牙甲级联赛,巴列卡诺,皇家奥维耶多,1.55,3.35,5.37,3,0,0,胜,official_result_market_odds,2026-08-11T21:44:29
2026-03-05,2038047,2026-03-05,周三007,英格兰超级联赛,曼彻斯特城,诺丁汉森林,1.3,4.65,6.9,2,2,1,平,official_result_market_odds,2026-08-11T21:44:29
2026-03-05,2038048,2026-03-05,周三008,英格兰超级联赛,富勒姆,西汉姆联,1.93,3.45,3.12,0,1,2,负,official_result_market_odds,2026-08-11T21:44:29
2026-03-05,2038049,2026-03-05,周三009,英格兰超级联赛,阿斯顿维拉,切尔西,2.65,3.35,2.21,1,4,2,负,official_result_market_odds,2026-08-11T21:44:29
2026-03-05,2038050,2026-03-05,周三010,德国甲级联赛,汉堡,勒沃库森,3.55,3.58,1.76,0,1,2,负,official_result_market_odds,2026-08-11T21:44:29
2026-03-05,2038051,2026-03-05,周三011,意大利杯,拉齐奥,亚特兰大,3.2,2.9,2.12,2,2,1,平,official_result_market_odds,2026-08-11T21:44:29
2026-03-05,2038052,2026-03-05,周三012,西班牙国王杯,皇家社会,毕尔巴鄂竞技,2.08,3.02,3.15,1,0,0,胜,official_result_market_odds,2026-08-11T21:44:29
2026-03-05,2038053,2026-03-05,周三013,法国杯,马赛,图卢兹,1.54,3.75,4.7,2,2,1,平,official_result_market_odds,2026-08-11T21:44:29
2026-03-05,2038054,2026-03-05,周三014,英格兰超级联赛,纽卡斯尔联,曼彻斯特联,2.53,3.5,2.23,2,1,0,胜,official_result_market_odds,2026-08-11T21:44:29
2026-03-05,2038056,2026-03-05,周四002,亚洲冠军乙级联赛,曼谷联,淡宾尼士流浪,1.39,4.35,5.55,2,1,0,胜,official_result_market_odds,2026-08-11T21:44:29
2026-03-06,2038058,2026-03-06,周四004,沙特职业联赛,达马克,利雅得,2.17,2.75,3.28,3,0,0,胜,official_result_market_odds,2026-08-11T21:44:29
2026-03-06,2038059,2026-03-06,周四005,英格兰超级联赛,托特纳姆热刺,水晶宫,2.14,3.15,2.9,1,3,2,负,official_result_market_odds,2026-08-11T21:44:29
2026-03-06,2038060,2026-03-06,周四006,法国杯,里昂,朗斯,2.41,3.4,2.38,2,2,1,平,official_result_market_odds,2026-08-11T21:44:29
2026-03-06,2038090,2026-03-06,周五002,澳大利亚超级联赛,阿德莱德联,惠灵顿凤凰,1.55,4.2,4.06,1,1,1,平,official_result_market_odds,2026-08-11T21:44:29
2026-03-07,2038091,2026-03-07,周五003,德国乙级联赛,埃尔沃斯堡,马格德堡,1.69,3.74,3.7,1,0,0,胜,official_result_market_odds,2026-08-11T21:44:29
2026-03-07,2038092,2026-03-07,周五004,德国乙级联赛,沙尔克04,比勒费尔德,1.66,3.55,4.1,1,0,0,胜,official_result_market_odds,2026-08-11T21:44:29
2026-03-07,2038094,2026-03-07,周五006,法国乙级联赛,南锡,蒙彼利埃,2.85,3.09,2.2,0,3,2,负,official_result_market_odds,2026-08-11T21:44:29
2026-03-07,2038095,2026-03-07,周五007,荷兰乙级联赛,多德勒支,马斯特里赫特,1.3,4.85,6.5,1,1,1,平,official_result_market_odds,2026-08-11T21:44:29
2026-03-07,2038097,2026-03-07,周五009,意大利甲级联赛,那不勒斯,都灵,1.47,3.6,5.85,2,1,0,胜,official_result_market_odds,2026-08-11T21:44:29
2026-03-07,2038098,2026-03-07,周五010,法国甲级联赛,巴黎圣日尔曼,摩纳哥,1.22,5.6,7.6,1,3,2,负,official_result_market_odds,2026-08-11T21:44:29
2026-03-07,2038099,2026-03-07,周五011,英格兰冠军联赛,普雷斯顿,牛津联,1.96,2.9,3.65,1,3,2,负,official_result_market_odds,2026-08-11T21:44:29
2026-03-07,2038100,2026-03-07,周五012,英格兰足总杯,狼队,利物浦,5.9,4.45,1.36,1,3,2,负,official_result_market_odds,2026-08-11T21:44:29
2026-03-07,2038101,2026-03-07,周五013,西班牙甲级联赛,维戈塞尔塔,皇家马德里,3.08,3.25,2.01,1,2,2,负,official_result_market_odds,2026-08-11T21:44:29
2026-03-07,2038102,2026-03-07,周五014,葡萄牙超级联赛,法马利康,阿罗卡,1.61,3.6,4.35,1,0,0,胜,official_result_market_odds,2026-08-11T21:44:29
2026-03-07,2038122,2026-03-07,周六001,女足亚洲杯,中国台北女足,越南女足,3.95,3.18,1.78,1,0,0,胜,official_result_market_odds,2026-08-11T21:44:29
2026-03-07,2038123,2026-03-07,周六002,日本职业联赛,大阪樱花,清水鼓动,1.99,3.4,3.02,0,0,1,平,official_result_market_odds,2026-08-11T21:44:29
2026-03-07,2038124,2026-03-07,周六003,日本职业联赛,鹿岛鹿角,东京绿茵,1.62,3.3,4.8,2,0,0,胜,official_result_market_odds,2026-08-11T21:44:29
2026-03-07,2038125,2026-03-07,周六004,韩国职业联赛,光州FC,仁川联,3.12,2.76,2.24,3,2,0,胜,official_result_market_odds,2026-08-11T21:44:29
2026-03-07,2038126,2026-03-07,周六005,澳大利亚超级联赛,悉尼FC,墨尔本胜利,2.2,3.55,2.54,2,2,1,平,official_result_market_odds,2026-08-11T21:44:29
2026-03-07,2038127,2026-03-07,周六006,德国乙级联赛,纽伦堡,杜塞尔多夫,2.15,3.1,2.93,0,1,2,负,official_result_market_odds,2026-08-11T21:44:29
2026-03-07,2038128,2026-03-07,周六007,德国乙级联赛,帕德博恩,不伦瑞克,1.39,4.2,5.8,1,1,1,平,official_result_market_odds,2026-08-11T21:44:29
2026-03-07,2038129,2026-03-07,周六008,英格兰冠军联赛,赫尔城,米尔沃尔,3.0,3.0,2.16,1,3,2,负,official_result_market_odds,2026-08-11T21:44:29
2026-03-07,2038130,2026-03-07,周六009,西班牙甲级联赛,奥萨苏纳,马洛卡,1.77,3.16,4.05,2,2,1,平,official_result_market_odds,2026-08-11T21:44:29
2026-03-07,2038131,2026-03-07,周六010,意大利甲级联赛,卡利亚里,科莫,6.1,3.9,1.41,1,2,2,负,official_result_market_odds,2026-08-11T21:44:29
2026-03-07,2038132,2026-03-07,周六011,德国甲级联赛,沃尔夫斯堡,汉堡,2.33,3.25,2.55,1,2,2,负,official_result_market_odds,2026-08-11T21:44:29
2026-03-07,2038133,2026-03-07,周六012,德国甲级联赛,弗赖堡,勒沃库森,2.88,3.1,2.18,3,3,1,平,official_result_market_odds,2026-08-11T21:44:29
2026-03-07,2038134,2026-03-07,周六013,德国甲级联赛,海登海姆,霍芬海姆,5.75,4.55,1.36,2,4,2,负,official_result_market_odds,2026-08-11T21:44:29
2026-03-07,2038135,2026-03-07,周六014,德国甲级联赛,美因茨,斯图加特,3.47,3.7,1.75,2,2,1,平,official_result_market_odds,2026-08-11T21:44:29
2026-03-07,2038136,2026-03-07,周六015,德国甲级联赛,莱比锡红牛,奥格斯堡,1.22,5.7,7.5,2,1,0,胜,official_result_market_odds,2026-08-11T21:44:29
2026-03-07,2038137,2026-03-07,周六016,西班牙甲级联赛,莱万特,赫罗纳,2.63,3.06,2.37,1,1,1,平,official_result_market_odds,2026-08-11T21:44:29
2026-03-07,2038138,2026-03-07,周六017,荷兰甲级联赛,格罗宁根,阿贾克斯,3.02,3.5,1.95,3,1,0,胜,official_result_market_odds,2026-08-11T21:44:29
2026-03-08,2038139,2026-03-08,周六018,意大利甲级联赛,亚特兰大,乌迪内斯,1.51,3.7,5.07,2,2,1,平,official_result_market_odds,2026-08-11T21:44:29
2026-03-08,2038140,2026-03-08,周六019,德国甲级联赛,科隆,多特蒙德,4.05,3.82,1.61,1,2,2,负,official_result_market_odds,2026-08-11T21:44:29
2026-03-08,2038141,2026-03-08,周六020,西班牙甲级联赛,马德里竞技,皇家社会,1.55,3.75,4.6,3,2,0,胜,official_result_market_odds,2026-08-11T21:44:29
2026-03-08,2038142,2026-03-08,周六021,英格兰足总杯,雷克斯汉姆,切尔西,5.4,4.55,1.38,2,2,1,平,official_result_market_odds,2026-08-11T21:44:29
2026-03-08,2038143,2026-03-08,周六022,葡萄牙超级联赛,布拉加,里斯本竞技,3.58,3.2,1.86,2,2,1,平,official_result_market_odds,2026-08-11T21:44:29
2026-03-08,2038144,2026-03-08,周六023,沙特职业联赛,利雅得胜利,新未来SC,1.16,6.0,10.0,1,0,0,胜,official_result_market_odds,2026-08-11T21:44:29
2026-03-08,2038145,2026-03-08,周六024,荷兰甲级联赛,PSV埃因霍温,阿尔克马尔,1.26,5.3,6.8,2,1,0,胜,official_result_market_odds,2026-08-11T21:44:29
2026-03-08,2038146,2026-03-08,周六025,意大利甲级联赛,尤文图斯,比萨,1.11,6.35,14.0,4,0,0,胜,official_result_market_odds,2026-08-11T21:44:29
2026-03-08,2038147,2026-03-08,周六026,英格兰足总杯,纽卡斯尔联,曼彻斯特城,2.9,3.54,1.99,1,3,2,负,official_result_market_odds,2026-08-11T21:44:29
2026-03-08,2038148,2026-03-08,周六027,西班牙甲级联赛,毕尔巴鄂竞技,巴塞罗那,4.45,4.2,1.5,0,1,2,负,official_result_market_odds,2026-08-11T21:44:29
2026-03-08,2038149,2026-03-08,周六028,法国甲级联赛,图卢兹,马赛,3.15,3.4,1.93,0,1,2,负,official_result_market_odds,2026-08-11T21:44:29
2026-03-08,2038150,2026-03-08,周六029,美国职业大联盟,波特兰伐木工,温哥华白帽,4.02,3.97,1.59,1,4,2,负,official_result_market_odds,2026-08-11T21:44:29
2026-03-08,2038151,2026-03-08,周六030,美国职业大联盟,洛杉矶FC,达拉斯FC,1.2,5.25,9.5,1,0,0,胜,official_result_market_odds,2026-08-11T21:44:29
2026-03-08,2038152,2026-03-08,周日001,韩国职业联赛,金泉尚武,全北现代,3.35,3.1,1.97,1,1,1,平,official_result_market_odds,2026-08-11T21:44:29
2026-03-08,2038153,2026-03-08,周日003,韩国职业联赛,安养FC,济州SK,2.03,3.1,3.2,2,1,0,胜,official_result_market_odds,2026-08-11T21:44:29
2026-03-08,2038154,2026-03-08,周日004,女足亚洲杯,澳大利亚女足,韩国女足,1.58,3.4,4.95,3,3,1,平,official_result_market_odds,2026-08-11T21:44:29
2026-03-08,2038155,2026-03-08,周日005,荷兰甲级联赛,鹿特丹斯巴达,兹沃勒,1.58,3.8,4.3,1,1,1,平,official_result_market_odds,2026-08-11T21:44:29
2026-03-08,2038156,2026-03-08,周日006,意大利甲级联赛,莱切,克雷莫纳,2.12,2.8,3.33,2,1,0,胜,official_result_market_odds,2026-08-11T21:44:29
2026-03-08,2038157,2026-03-08,周日007,英格兰足总杯,富勒姆,南安普敦,1.47,4.0,5.02,0,1,2,负,official_result_market_odds,2026-08-11T21:44:29
2026-03-08,2038158,2026-03-08,周日008,德国乙级联赛,汉诺威96,菲尔特,1.22,5.45,7.9,1,2,2,负,official_result_market_odds,2026-08-11T21:44:29
2026-03-08,2038159,2026-03-08,周日009,德国乙级联赛,明斯特普鲁士,柏林赫塔,2.83,3.2,2.16,1,2,2,负,official_result_market_odds,2026-08-11T21:44:29
2026-03-08,2038160,2026-03-08,周日010,西班牙甲级联赛,比利亚雷亚尔,埃尔切,1.36,4.4,6.0,2,1,0,胜,official_result_market_odds,2026-08-11T21:44:29
2026-03-08,2038161,2026-03-08,周日011,荷兰甲级联赛,前进之鹰,特温特,4.68,3.95,1.51,1,4,2,负,official_result_market_odds,2026-08-11T21:44:29
2026-03-08,2038162,2026-03-08,周日012,意大利甲级联赛,博洛尼亚,维罗纳,1.43,3.86,5.85,1,2,2,负,official_result_market_odds,2026-08-11T21:44:29
2026-03-08,2038163,2026-03-08,周日013,意大利甲级联赛,佛罗伦萨,帕尔马,1.63,3.5,4.35,0,0,1,平,official_result_market_odds,2026-08-11T21:44:29
2026-03-08,2038164,2026-03-08,周日014,德国甲级联赛,圣保利,法兰克福,2.5,3.07,2.48,0,0,1,平,official_result_market_odds,2026-08-11T21:44:29
2026-03-08,2038165,2026-03-08,周日015,西班牙甲级联赛,赫塔费,皇家贝蒂斯,2.61,2.75,2.61,2,0,0,胜,official_result_market_odds,2026-08-11T21:44:29
2026-03-08,2038166,2026-03-08,周日016,荷兰甲级联赛,布雷达,费耶诺德,3.85,3.6,1.69,3,3,1,平,official_result_market_odds,2026-08-11T21:44:29
2026-03-08,2038185,2026-03-08,周日002,日本职业联赛,大阪钢巴,长崎航海,2.0,3.38,3.0,3,2,0,胜,official_result_market_odds,2026-08-11T21:44:29
2026-03-09,2038167,2026-03-09,周日017,法国甲级联赛,里尔,洛里昂,1.35,4.25,6.5,1,1,1,平,official_result_market_odds,2026-08-11T21:44:29
2026-03-09,2038168,2026-03-09,周日018,英格兰冠军联赛,女王公园巡游者,米德尔斯堡,4.2,3.65,1.62,0,4,2,负,official_result_market_odds,2026-08-11T21:44:29
2026-03-09,2038169,2026-03-09,周日019,英格兰足总杯,利兹联,诺维奇,1.35,4.35,6.3,3,0,0,胜,official_result_market_odds,2026-08-11T21:44:29
2026-03-09,2038170,2026-03-09,周日020,德国甲级联赛,柏林联合,云达不来梅,2.05,3.1,3.13,1,4,2,负,official_result_market_odds,2026-08-11T21:44:29
2026-03-09,2038171,2026-03-09,周日021,意大利甲级联赛,热那亚,罗马,4.25,3.16,1.73,2,1,0,胜,official_result_market_odds,2026-08-11T21:44:29
2026-03-09,2038172,2026-03-09,周日022,西班牙甲级联赛,塞维利亚,巴列卡诺,2.49,2.8,2.7,1,1,1,平,official_result_market_odds,2026-08-11T21:44:29
2026-03-09,2038173,2026-03-09,周日023,葡萄牙超级联赛,本菲卡,波尔图,1.89,2.95,3.83,2,2,1,平,official_result_market_odds,2026-08-11T21:44:29
2026-03-09,2038174,2026-03-09,周日024,意大利甲级联赛,AC米兰,国际米兰,3.0,2.96,2.18,1,0,0,胜,official_result_market_odds,2026-08-11T21:44:29
2026-03-09,2038175,2026-03-09,周日025,法国甲级联赛,里昂,巴黎FC,1.46,3.85,5.4,1,1,1,平,official_result_market_odds,2026-08-11T21:44:29
2026-03-09,2038176,2026-03-09,周日026,西班牙甲级联赛,巴伦西亚,阿拉维斯,1.91,2.92,3.8,3,2,0,胜,official_result_market_odds,2026-08-11T21:44:29
2026-03-09,2038177,2026-03-09,周日027,美国职业大联盟,纽约红牛,蒙特利尔CF,1.39,4.15,5.9,0,3,2,负,official_result_market_odds,2026-08-11T21:44:29
2026-03-09,2038178,2026-03-09,周一001,女足亚洲杯,孟加拉国女足,乌兹别克斯坦女足,8.4,4.9,1.24,0,4,2,负,official_result_market_odds,2026-08-11T21:44:29
2026-03-09,2038179,2026-03-09,周一002,女足亚洲杯,朝鲜女足,中国女足,1.69,3.5,4.0,1,2,2,负,official_result_market_odds,2026-08-11T21:44:29
2026-03-10,2038180,2026-03-10,周一003,英格兰足总杯,西汉姆联,布伦特福德,3.02,3.35,2.0,2,2,1,平,official_result_market_odds,2026-08-11T21:44:29
2026-03-10,2038181,2026-03-10,周一004,意大利甲级联赛,拉齐奥,萨索洛,2.17,2.85,3.15,2,1,0,胜,official_result_market_odds,2026-08-11T21:44:29
2026-03-10,2038182,2026-03-10,周一005,法国乙级联赛,敦刻尔克,兰斯,3.28,2.95,2.06,1,1,1,平,official_result_market_odds,2026-08-11T21:44:29
2026-03-10,2038183,2026-03-10,周一006,西班牙甲级联赛,西班牙人,皇家奥维耶多,1.63,3.35,4.6,1,1,1,平,official_result_market_odds,2026-08-11T21:44:29
2026-03-10,2038184,2026-03-10,周一007,葡萄牙超级联赛,通德拉,里奥阿维,2.0,3.06,3.3,0,1,2,负,official_result_market_odds,2026-08-11T21:44:29
2026-03-10,2038221,2026-03-10,周二001,女足亚洲杯,印度女足,中国台北女足,8.5,4.6,1.26,1,3,2,负,official_result_market_odds,2026-08-11T21:44:29
2026-03-10,2038223,2026-03-10,周二003,亚洲冠军精英联赛,町田泽维亚,江原FC,1.63,3.22,4.9,1,0,0,胜,official_result_market_odds,2026-08-11T21:44:29
2026-03-10,2038224,2026-03-10,周二004,亚洲冠军精英联赛,布里兰,墨尔本城,1.8,3.3,3.69,0,0,1,平,official_result_market_odds,2026-08-11T21:44:29
2026-03-11,2038225,2026-03-11,周二005,欧洲冠军联赛,加拉塔萨雷,利物浦,4.19,4.0,1.56,1,0,0,胜,official_result_market_odds,2026-08-11T21:44:29
2026-03-11,2038226,2026-03-11,周二006,英格兰冠军联赛,朴次茅斯,斯旺西,2.15,2.8,3.26,1,2,2,负,official_result_market_odds,2026-08-11T21:44:29
2026-03-11,2038227,2026-03-11,周二007,欧洲冠军联赛,亚特兰大,拜仁慕尼黑,4.36,4.2,1.51,1,6,2,负,official_result_market_odds,2026-08-11T21:44:29
2026-03-11,2038228,2026-03-11,周二008,欧洲冠军联赛,马德里竞技,托特纳姆热刺,1.5,3.8,5.0,5,2,0,胜,official_result_market_odds,2026-08-11T21:44:29
2026-03-11,2038229,2026-03-11,周二009,欧洲冠军联赛,纽卡斯尔联,巴塞罗那,2.52,3.68,2.17,1,1,1,平,official_result_market_odds,2026-08-11T21:44:29
2026-03-11,2038230,2026-03-11,周三001,亚洲冠军精英联赛,神户胜利船,首尔FC,1.66,3.3,4.46,2,1,0,胜,official_result_market_odds,2026-08-11T21:44:29
2026-03-11,2038231,2026-03-11,周三002,亚洲冠军精英联赛,广岛三箭,柔佛,1.35,4.5,6.0,1,0,0,胜,official_result_market_odds,2026-08-11T21:44:29
2026-03-11,2038232,2026-03-11,周三003,亚洲冠军乙级联赛,叻武里,大阪钢巴,4.7,3.86,1.52,1,1,1,平,official_result_market_odds,2026-08-11T21:44:29
2026-03-12,2038233,2026-03-12,周三004,欧洲冠军联赛,勒沃库森,阿森纳,6.9,4.4,1.32,1,1,1,平,official_result_market_odds,2026-08-11T21:44:29
2026-03-12,2038234,2026-03-12,周三005,英格兰冠军联赛,诺维奇,谢菲尔德联,2.43,3.1,2.53,2,1,0,胜,official_result_market_odds,2026-08-11T21:44:29
2026-03-12,2038235,2026-03-12,周三006,英格兰冠军联赛,西布罗姆维奇,南安普敦,3.15,3.26,1.98,1,1,1,平,official_result_market_odds,2026-08-11T21:44:29
2026-03-12,2038236,2026-03-12,周三007,欧洲冠军联赛,博德闪耀,里斯本竞技,2.16,3.35,2.72,3,0,0,胜,official_result_market_odds,2026-08-11T21:44:29
2026-03-12,2038237,2026-03-12,周三008,欧洲冠军联赛,巴黎圣日尔曼,切尔西,1.95,3.5,3.02,5,2,0,胜,official_result_market_odds,2026-08-11T21:44:29
2026-03-12,2038238,2026-03-12,周三009,欧洲冠军联赛,皇家马德里,曼彻斯特城,3.38,3.6,1.8,3,0,0,胜,official_result_market_odds,2026-08-11T21:44:29
2026-03-12,2038239,2026-03-12,周四001,亚洲冠军乙级联赛,淡宾尼士流浪,曼谷联,2.75,3.26,2.18,2,2,1,平,official_result_market_odds,2026-08-11T21:44:29
2026-03-13,2038240,2026-03-13,周四002,欧罗巴联赛,博洛尼亚,罗马,2.9,2.82,2.33,1,1,1,平,official_result_market_odds,2026-08-11T21:44:29
2026-03-13,2038241,2026-03-13,周四003,欧罗巴联赛,斯图加特,波尔图,1.79,3.3,3.73,1,2,2,负,official_result_market_odds,2026-08-11T21:44:29
2026-03-13,2038242,2026-03-13,周四004,欧罗巴联赛,里尔,阿斯顿维拉,3.05,3.12,2.08,0,1,2,负,official_result_market_odds,2026-08-11T21:44:29
2026-03-13,2038243,2026-03-13,周四005,欧罗巴联赛,帕纳辛纳科斯,皇家贝蒂斯,3.92,3.2,1.78,1,0,0,胜,official_result_market_odds,2026-08-11T21:44:29
2026-03-13,2038244,2026-03-13,周四006,欧洲协会联赛,阿尔克马尔,布拉格斯巴达,1.74,3.47,3.75,2,1,0,胜,official_result_market_odds,2026-08-11T21:44:29
2026-03-13,2038245,2026-03-13,周四007,沙特职业联赛,新未来SC,布赖代合作,2.15,3.11,2.92,2,2,1,平,official_result_market_odds,2026-08-11T21:44:29
2026-03-13,2038246,2026-03-13,周四008,欧罗巴联赛,费伦茨瓦罗斯,布拉加,3.05,2.95,2.16,2,0,0,胜,official_result_market_odds,2026-08-11T21:44:29
2026-03-13,2038247,2026-03-13,周四009,欧罗巴联赛,亨克,弗赖堡,2.55,3.15,2.38,1,0,0,胜,official_result_market_odds,2026-08-11T21:44:29
2026-03-13,2038248,2026-03-13,周四010,欧罗巴联赛,诺丁汉森林,中日德兰,1.4,4.25,5.55,0,1,2,负,official_result_market_odds,2026-08-11T21:44:29
2026-03-13,2038249,2026-03-13,周四011,欧罗巴联赛,维戈塞尔塔,里昂,1.9,3.22,3.42,1,1,1,平,official_result_market_odds,2026-08-11T21:44:29
2026-03-13,2038285,2026-03-13,周五001,澳大利亚超级联赛,布里斯班狮吼,西悉尼漫步者,2.4,3.28,2.45,2,2,1,平,official_result_market_odds,2026-08-11T21:44:29
2026-03-13,2038286,2026-03-13,周五002,女足亚洲杯,澳大利亚女足,朝鲜女足,2.01,3.05,3.3,2,1,0,胜,official_result_market_odds,2026-08-11T21:44:29
2026-03-14,2038287,2026-03-14,周五003,德国乙级联赛,马格德堡,达姆施塔特,2.34,3.55,2.38,1,1,1,平,official_result_market_odds,2026-08-11T21:44:29
2026-03-14,2038288,2026-03-14,周五004,沙特职业联赛,胡巴尔卡德西亚,吉达国民,2.4,3.26,2.46,3,2,0,胜,official_result_market_odds,2026-08-11T21:44:29
2026-03-14,2038289,2026-03-14,周五005,法国乙级联赛,克莱蒙,波城FC,2.32,3.06,2.69,0,1,2,负,official_result_market_odds,2026-08-11T21:44:29
2026-03-14,2038290,2026-03-14,周五006,荷兰甲级联赛,兹沃勒,格罗宁根,2.45,3.3,2.39,1,1,1,平,official_result_market_odds,2026-08-11T21:44:29
2026-03-14,2038291,2026-03-14,周五007,荷兰乙级联赛,坎布尔,罗达JC,1.49,4.15,4.6,1,1,1,平,official_result_market_odds,2026-08-11T21:44:29
2026-03-14,2038292,2026-03-14,周五008,德国甲级联赛,门兴格拉德巴赫,圣保利,1.73,3.14,4.3,2,0,0,胜,official_result_market_odds,2026-08-11T21:44:29
2026-03-14,2038293,2026-03-14,周五009,意大利甲级联赛,都灵,帕尔马,2.02,2.82,3.57,4,1,0,胜,official_result_market_odds,2026-08-11T21:44:29
2026-03-14,2038294,2026-03-14,周五010,法国甲级联赛,马赛,欧塞尔,1.28,4.8,7.2,1,0,0,胜,official_result_market_odds,2026-08-11T21:44:29
2026-03-14,2038295,2026-03-14,周五011,英格兰冠军联赛,雷克斯汉姆,斯旺西,2.13,3.04,3.02,2,0,0,胜,official_result_market_odds,2026-08-11T21:44:29
2026-03-14,2038296,2026-03-14,周五012,西班牙甲级联赛,阿拉维斯,比利亚雷亚尔,3.1,3.18,2.03,1,1,1,平,official_result_market_odds,2026-08-11T21:44:29
2026-03-14,2038308,2026-03-14,周六002,日本职业联赛,名古屋鲸八,神户胜利船,2.72,2.98,2.35,0,3,2,负,official_result_market_odds,2026-08-11T21:44:29
2026-03-14,2038309,2026-03-14,周六003,韩国职业联赛,光州FC,全北现代,4.15,3.15,1.75,0,0,1,平,official_result_market_odds,2026-08-11T21:44:29
2026-03-14,2038310,2026-03-14,周六004,澳大利亚超级联赛,纽卡斯尔喷气机,奥克兰FC,2.28,3.6,2.42,1,2,2,负,official_result_market_odds,2026-08-11T21:44:29
2026-03-14,2038311,2026-03-14,周六005,日本职业联赛,鹿岛鹿角,川崎前锋,1.79,3.65,3.38,1,0,0,胜,official_result_market_odds,2026-08-11T21:44:29
2026-03-14,2038312,2026-03-14,周六006,日本职业联赛,东京绿茵,浦和红钻,3.8,3.05,1.86,1,0,0,胜,official_result_market_odds,2026-08-11T21:44:29
2026-03-14,2038313,2026-03-14,周六007,韩国职业联赛,大田市民,金泉尚武,1.97,3.05,3.4,1,1,1,平,official_result_market_odds,2026-08-11T21:44:29
2026-03-14,2038315,2026-03-14,周六009,德国乙级联赛,不伦瑞克,杜塞尔多夫,3.0,3.2,2.07,1,0,0,胜,official_result_market_odds,2026-08-11T21:44:29
2026-03-14,2038316,2026-03-14,周六010,英格兰冠军联赛,考文垂,南安普敦,1.77,3.35,3.77,1,2,2,负,official_result_market_odds,2026-08-11T21:44:29
2026-03-14,2038317,2026-03-14,周六011,西班牙甲级联赛,赫罗纳,毕尔巴鄂竞技,2.7,2.95,2.38,3,0,0,胜,official_result_market_odds,2026-08-11T21:44:29
2026-03-14,2038318,2026-03-14,周六012,意大利甲级联赛,国际米兰,亚特兰大,1.42,4.1,5.5,1,1,1,平,official_result_market_odds,2026-08-11T21:44:29
2026-03-14,2038319,2026-03-14,周六013,德国甲级联赛,霍芬海姆,沃尔夫斯堡,1.28,5.1,6.6,1,1,1,平,official_result_market_odds,2026-08-11T21:44:29
2026-03-14,2038320,2026-03-14,周六014,德国甲级联赛,多特蒙德,奥格斯堡,1.38,4.3,5.8,2,0,0,胜,official_result_market_odds,2026-08-11T21:44:29
2026-03-14,2038321,2026-03-14,周六015,德国甲级联赛,法兰克福,海登海姆,1.45,4.1,5.1,1,0,0,胜,official_result_market_odds,2026-08-11T21:44:29
2026-03-14,2038322,2026-03-14,周六016,德国甲级联赛,勒沃库森,拜仁慕尼黑,4.8,4.5,1.43,1,1,1,平,official_result_market_odds,2026-08-11T21:44:29
2026-03-14,2038323,2026-03-14,周六017,英格兰超级联赛,伯恩利,伯恩茅斯,4.1,3.7,1.63,0,0,1,平,official_result_market_odds,2026-08-11T21:44:29
2026-03-14,2038324,2026-03-14,周六018,西班牙甲级联赛,马德里竞技,赫塔费,1.44,3.55,6.55,1,0,0,胜,official_result_market_odds,2026-08-11T21:44:29
2026-03-15,2038325,2026-03-15,周六019,法国甲级联赛,洛里昂,朗斯,5.0,3.95,1.48,2,1,0,胜,official_result_market_odds,2026-08-11T21:44:29
2026-03-15,2038326,2026-03-15,周六020,意大利甲级联赛,那不勒斯,莱切,1.26,4.35,9.5,2,1,0,胜,official_result_market_odds,2026-08-11T21:44:29
2026-03-15,2038327,2026-03-15,周六021,挪威超级联赛,莫尔德,罗森博格,1.75,3.7,3.47,2,0,0,胜,official_result_market_odds,2026-08-11T21:44:29
2026-03-15,2038328,2026-03-15,周六022,英格兰超级联赛,阿森纳,埃弗顿,1.3,4.2,8.2,2,0,0,胜,official_result_market_odds,2026-08-11T21:44:29
2026-03-15,2038329,2026-03-15,周六023,英格兰超级联赛,切尔西,纽卡斯尔联,1.66,3.75,3.85,0,1,2,负,official_result_market_odds,2026-08-11T21:44:29
2026-03-15,2038330,2026-03-15,周六024,德国甲级联赛,汉堡,科隆,2.15,3.1,2.93,1,1,1,平,official_result_market_odds,2026-08-11T21:44:29
2026-03-15,2038331,2026-03-15,周六025,西班牙甲级联赛,皇家奥维耶多,巴伦西亚,2.79,2.9,2.35,1,0,0,胜,official_result_market_odds,2026-08-11T21:44:29
2026-03-15,2038332,2026-03-15,周六026,荷兰甲级联赛,PSV埃因霍温,奈梅亨,1.31,5.08,5.9,2,3,2,负,official_result_market_odds,2026-08-11T21:44:29
2026-03-15,2038333,2026-03-15,周六027,沙特职业联赛,赛哈特海湾,利雅得胜利,7.6,5.4,1.23,0,5,2,负,official_result_market_odds,2026-08-11T21:44:29
2026-03-15,2038334,2026-03-15,周六028,意大利甲级联赛,乌迪内斯,尤文图斯,6.4,4.2,1.36,0,1,2,负,official_result_market_odds,2026-08-11T21:44:29
2026-03-15,2038335,2026-03-15,周六029,英格兰超级联赛,西汉姆联,曼彻斯特城,4.65,4.2,1.48,1,1,1,平,official_result_market_odds,2026-08-11T21:44:29
2026-03-15,2038336,2026-03-15,周六030,西班牙甲级联赛,皇家马德里,埃尔切,1.2,5.5,8.75,4,1,0,胜,official_result_market_odds,2026-08-11T21:44:29
2026-03-15,2038337,2026-03-15,周六031,葡萄牙超级联赛,阿罗卡,本菲卡,9.0,5.4,1.2,1,2,2,负,official_result_market_odds,2026-08-11T21:44:29
2026-03-15,2038338,2026-03-15,周六032,美国职业大联盟,达拉斯FC,圣迭戈FC,2.35,3.34,2.47,3,3,1,平,official_result_market_odds,2026-08-11T21:44:29
2026-03-15,2038340,2026-03-15,周日002,日本职业联赛,长崎航海,福冈黄蜂,1.87,3.22,3.52,1,0,0,胜,official_result_market_odds,2026-08-11T21:44:29
2026-03-15,2038341,2026-03-15,周日003,韩国职业联赛,济州SK,首尔FC,3.4,3.13,1.94,1,2,2,负,official_result_market_odds,2026-08-11T21:44:29
2026-03-15,2038342,2026-03-15,周日004,韩国职业联赛,浦项制铁,仁川联,2.3,2.95,2.82,1,1,1,平,official_result_market_odds,2026-08-11T21:44:29
2026-03-15,2038343,2026-03-15,周日005,澳大利亚超级联赛,墨尔本胜利,麦克阿瑟FC,1.92,3.45,3.14,4,1,0,胜,official_result_market_odds,2026-08-11T21:44:29
2026-03-15,2038344,2026-03-15,周日006,荷兰甲级联赛,特温特,乌德勒支,1.5,3.85,4.95,0,2,2,负,official_result_market_odds,2026-08-11T21:44:29
2026-03-15,2038345,2026-03-15,周日007,意大利甲级联赛,维罗纳,热那亚,3.3,2.69,2.2,0,2,2,负,official_result_market_odds,2026-08-11T21:44:29
2026-03-15,2038346,2026-03-15,周日008,德国乙级联赛,沙尔克04,汉诺威96,1.9,3.44,3.2,2,2,1,平,official_result_market_odds,2026-08-11T21:44:29
2026-03-15,2038347,2026-03-15,周日009,西班牙甲级联赛,马洛卡,西班牙人,2.25,2.9,2.94,2,1,0,胜,official_result_market_odds,2026-08-11T21:44:29
2026-03-15,2038348,2026-03-15,周日010,荷兰甲级联赛,费耶诺德,SBV精英,1.2,5.4,9.0,2,1,0,胜,official_result_market_odds,2026-08-11T21:44:29
2026-03-15,2038349,2026-03-15,周日011,挪威超级联赛,克里斯蒂安松,布兰,4.8,4.0,1.49,3,2,0,胜,official_result_market_odds,2026-08-11T21:44:29
2026-03-15,2038350,2026-03-15,周日012,英格兰超级联赛,水晶宫,利兹联,2.59,2.92,2.5,0,0,1,平,official_result_market_odds,2026-08-11T21:44:29
2026-03-15,2038351,2026-03-15,周日013,英格兰超级联赛,诺丁汉森林,富勒姆,2.14,3.18,2.88,0,0,1,平,official_result_market_odds,2026-08-11T21:44:29
2026-03-15,2038352,2026-03-15,周日014,英格兰超级联赛,曼彻斯特联,阿斯顿维拉,1.57,3.95,4.2,3,1,0,胜,official_result_market_odds,2026-08-11T21:44:29
2026-03-15,2038353,2026-03-15,周日015,意大利甲级联赛,比萨,卡利亚里,2.5,2.7,2.79,3,1,0,胜,official_result_market_odds,2026-08-11T21:44:29
2026-03-15,2038354,2026-03-15,周日016,意大利甲级联赛,萨索洛,博洛尼亚,2.3,2.89,2.87,0,1,2,负,official_result_market_odds,2026-08-11T21:44:29
2026-03-15,2038355,2026-03-15,周日017,德国甲级联赛,云达不来梅,美因茨,2.08,3.25,2.93,0,2,2,负,official_result_market_odds,2026-08-11T21:44:29
2026-03-15,2038356,2026-03-15,周日018,西班牙甲级联赛,巴塞罗那,塞维利亚,1.18,6.0,8.65,5,2,0,胜,official_result_market_odds,2026-08-11T21:44:29
2026-03-16,2038357,2026-03-16,周日019,挪威超级联赛,瓦勒伦加,桑纳菲尤尔,1.72,3.85,3.47,1,0,0,胜,official_result_market_odds,2026-08-11T21:44:29
2026-03-16,2038358,2026-03-16,周日020,法国甲级联赛,勒阿弗尔,里昂,3.61,3.15,1.87,0,0,1,平,official_result_market_odds,2026-08-11T21:44:29
2026-03-16,2038359,2026-03-16,周日021,英格兰超级联赛,利物浦,托特纳姆热刺,1.2,5.75,8.2,1,1,1,平,official_result_market_odds,2026-08-11T21:44:29
2026-03-16,2038360,2026-03-16,周日022,德国甲级联赛,弗赖堡,柏林联合,2.12,2.98,3.1,0,1,2,负,official_result_market_odds,2026-08-11T21:44:29
2026-03-16,2038361,2026-03-16,周日023,意大利甲级联赛,科莫,罗马,1.83,3.1,3.84,2,1,0,胜,official_result_market_odds,2026-08-11T21:44:29
2026-03-16,2038362,2026-03-16,周日024,西班牙甲级联赛,皇家贝蒂斯,维戈塞尔塔,2.0,3.0,3.38,1,1,1,平,official_result_market_odds,2026-08-11T21:44:29
2026-03-16,2038363,2026-03-16,周日025,德国甲级联赛,斯图加特,莱比锡红牛,2.3,3.72,2.35,1,0,0,胜,official_result_market_odds,2026-08-11T21:44:29
2026-03-16,2038364,2026-03-16,周日026,意大利甲级联赛,拉齐奥,AC米兰,4.19,3.3,1.7,1,0,0,胜,official_result_market_odds,2026-08-11T21:44:29
2026-03-16,2038365,2026-03-16,周日027,西班牙甲级联赛,皇家社会,奥萨苏纳,1.7,3.45,4.0,3,1,0,胜,official_result_market_odds,2026-08-11T21:44:29
2026-03-16,2038367,2026-03-16,周日029,美国职业大联盟,温哥华白帽,明尼苏达联,1.33,4.55,6.32,6,0,0,胜,official_result_market_odds,2026-08-11T21:44:29
2026-03-17,2038368,2026-03-17,周一001,荷兰乙级联赛,海尔蒙特,坎布尔,4.12,4.0,1.57,0,1,2,负,official_result_market_odds,2026-08-11T21:44:29
2026-03-17,2038369,2026-03-17,周一002,意大利甲级联赛,克雷莫纳,佛罗伦萨,3.87,3.23,1.78,1,4,2,负,official_result_market_odds,2026-08-11T21:44:29
2026-03-17,2038370,2026-03-17,周一003,法国乙级联赛,阿纳西,特鲁瓦,2.7,2.75,2.53,1,2,2,负,official_result_market_odds,2026-08-11T21:44:29
2026-03-17,2038371,2026-03-17,周一004,英格兰超级联赛,布伦特福德,狼队,1.48,3.9,5.1,2,2,1,平,official_result_market_odds,2026-08-11T21:44:29
2026-03-17,2038372,2026-03-17,周一005,英格兰冠军联赛,朴次茅斯,德比郡,2.09,2.88,3.3,0,1,2,负,official_result_market_odds,2026-08-11T21:44:29
2026-03-17,2038373,2026-03-17,周一006,西班牙甲级联赛,巴列卡诺,莱万特,1.46,3.8,5.5,1,1,1,平,official_result_market_odds,2026-08-11T21:44:29
2026-03-17,2038412,2026-03-17,周二001,澳大利亚超级联赛,悉尼FC,墨尔本城,2.26,3.3,2.61,0,1,2,负,official_result_market_odds,2026-08-11T21:44:29
2026-03-17,2038413,2026-03-17,周二002,女足亚洲杯,中国女足,澳大利亚女足,5.15,3.45,1.55,1,2,2,负,official_result_market_odds,2026-08-11T21:44:29
2026-03-17,2038414,2026-03-17,周二003,韩国职业联赛,金泉尚武,光州FC,1.6,3.3,5.0,1,1,1,平,official_result_market_odds,2026-08-11T21:44:29
2026-03-18,2038415,2026-03-18,周二004,欧洲冠军联赛,里斯本竞技,博德闪耀,1.34,5.0,5.5,3,0,0,胜,official_result_market_odds,2026-08-11T21:44:29
2026-03-18,2038416,2026-03-18,周二005,英格兰冠军联赛,沃特福德,雷克斯汉姆,2.25,2.85,3.0,3,1,0,胜,official_result_market_odds,2026-08-11T21:44:29
2026-03-18,2038417,2026-03-18,周二006,欧洲冠军联赛,阿森纳,勒沃库森,1.15,5.7,11.8,2,0,0,胜,official_result_market_odds,2026-08-11T21:44:29
2026-03-18,2038418,2026-03-18,周二007,欧洲冠军联赛,切尔西,巴黎圣日尔曼,1.92,4.05,2.78,0,3,2,负,official_result_market_odds,2026-08-11T21:44:29
2026-03-18,2038419,2026-03-18,周二008,欧洲冠军联赛,曼彻斯特城,皇家马德里,1.37,5.0,5.0,1,2,2,负,official_result_market_odds,2026-08-11T21:44:29
2026-03-18,2038420,2026-03-18,周三001,女足亚洲杯,韩国女足,日本女足,10.0,5.1,1.2,1,4,2,负,official_result_market_odds,2026-08-11T21:44:29
2026-03-18,2038421,2026-03-18,周三002,日本职业联赛,大阪樱花,冈山绿雉,1.76,3.3,3.9,1,2,2,负,official_result_market_odds,2026-08-11T21:44:29
2026-03-18,2038422,2026-03-18,周三003,日本职业联赛,名古屋鲸八,广岛三箭,3.42,3.48,1.82,2,1,0,胜,official_result_market_odds,2026-08-11T21:44:29
2026-03-18,2038423,2026-03-18,周三004,韩国职业联赛,浦项制铁,首尔FC,3.45,2.95,2.0,0,1,2,负,official_result_market_odds,2026-08-11T21:44:29
2026-03-18,2038424,2026-03-18,周三005,韩国职业联赛,全北现代,安养FC,1.43,3.85,5.9,2,1,0,胜,official_result_market_odds,2026-08-11T21:44:29
2026-03-18,2038425,2026-03-18,周三006,欧罗巴联赛,布拉加,费伦茨瓦罗斯,1.31,4.5,7.0,4,0,0,胜,official_result_market_odds,2026-08-11T21:44:29
2026-03-19,2038426,2026-03-19,周三007,欧洲冠军联赛,巴塞罗那,纽卡斯尔联,1.42,4.3,5.2,7,2,0,胜,official_result_market_odds,2026-08-11T21:44:29
2026-03-19,2038427,2026-03-19,周三008,英格兰冠军联赛,南安普敦,诺维奇,1.78,3.45,3.6,1,0,0,胜,official_result_market_odds,2026-08-11T21:44:29
2026-03-19,2038428,2026-03-19,周三009,欧洲冠军联赛,托特纳姆热刺,马德里竞技,2.32,3.62,2.37,3,2,0,胜,official_result_market_odds,2026-08-11T21:44:29
2026-03-19,2038429,2026-03-19,周三010,欧洲冠军联赛,拜仁慕尼黑,亚特兰大,1.23,5.5,7.5,4,1,0,胜,official_result_market_odds,2026-08-11T21:44:29
2026-03-19,2038430,2026-03-19,周三011,欧洲冠军联赛,利物浦,加拉塔萨雷,1.16,6.15,9.5,4,0,0,胜,official_result_market_odds,2026-08-11T21:44:29
2026-03-20,2038432,2026-03-20,周四002,欧罗巴联赛,弗赖堡,亨克,1.42,4.1,5.5,5,1,0,胜,official_result_market_odds,2026-08-11T21:44:29
2026-03-20,2038433,2026-03-20,周四003,欧罗巴联赛,里昂,维戈塞尔塔,1.89,3.1,3.6,0,2,2,负,official_result_market_odds,2026-08-11T21:44:29
2026-03-20,2038434,2026-03-20,周四004,欧罗巴联赛,中日德兰,诺丁汉森林,2.53,3.35,2.3,1,2,2,负,official_result_market_odds,2026-08-11T21:44:29
2026-03-20,2038435,2026-03-20,周四005,欧洲协会联赛,AEK拉纳卡,水晶宫,5.9,3.85,1.43,1,1,1,平,official_result_market_odds,2026-08-11T21:44:29
2026-03-20,2038436,2026-03-20,周四006,欧洲协会联赛,美因茨,奥洛穆茨,1.2,5.0,10.5,2,0,0,胜,official_result_market_odds,2026-08-11T21:44:29
2026-03-20,2038437,2026-03-20,周四007,欧罗巴联赛,罗马,博洛尼亚,1.56,3.38,5.18,3,3,1,平,official_result_market_odds,2026-08-11T21:44:29
2026-03-20,2038438,2026-03-20,周四008,欧罗巴联赛,波尔图,斯图加特,2.09,3.4,2.8,2,0,0,胜,official_result_market_odds,2026-08-11T21:44:29
2026-03-20,2038439,2026-03-20,周四009,欧罗巴联赛,阿斯顿维拉,里尔,1.53,3.75,4.8,2,0,0,胜,official_result_market_odds,2026-08-11T21:44:29
2026-03-20,2038440,2026-03-20,周四010,欧罗巴联赛,皇家贝蒂斯,帕纳辛纳科斯,1.28,4.6,7.7,4,0,0,胜,official_result_market_odds,2026-08-11T21:44:29
2026-03-20,2038474,2026-03-20,周五001,澳大利亚超级联赛,西悉尼漫步者,阿德莱德联,1.76,3.95,3.25,2,4,2,负,official_result_market_odds,2026-08-11T21:44:29
2026-03-21,2038475,2026-03-21,周五002,德国乙级联赛,汉诺威96,不伦瑞克,1.33,4.55,6.35,1,0,0,胜,official_result_market_odds,2026-08-11T21:44:29
2026-03-21,2038476,2026-03-21,周五003,德国乙级联赛,卡尔斯鲁厄,菲尔特,1.92,3.5,3.1,3,1,0,胜,official_result_market_odds,2026-08-11T21:44:29
2026-03-21,2038477,2026-03-21,周五004,意大利甲级联赛,卡利亚里,那不勒斯,5.31,3.2,1.59,0,1,2,负,official_result_market_odds,2026-08-11T21:44:29
2026-03-21,2038478,2026-03-21,周五005,法国乙级联赛,克莱蒙,圣旺红星,2.77,2.9,2.36,0,1,2,负,official_result_market_odds,2026-08-11T21:44:29
2026-03-21,2038479,2026-03-21,周五006,法国乙级联赛,波城FC,蒙彼利埃,2.72,3.35,2.16,0,0,1,平,official_result_market_odds,2026-08-11T21:44:29
2026-03-21,2038480,2026-03-21,周五007,法国乙级联赛,布洛涅,南锡,2.19,2.9,3.05,0,0,1,平,official_result_market_odds,2026-08-11T21:44:29
2026-03-21,2038481,2026-03-21,周五008,荷兰甲级联赛,赫拉克勒斯,SBV精英,2.43,3.35,2.39,1,1,1,平,official_result_market_odds,2026-08-11T21:44:29
2026-03-21,2038482,2026-03-21,周五009,荷兰乙级联赛,罗达JC,海尔蒙特,1.38,4.4,5.65,1,1,1,平,official_result_market_odds,2026-08-11T21:44:29
2026-03-21,2038483,2026-03-21,周五010,德国甲级联赛,莱比锡红牛,霍芬海姆,1.79,3.9,3.18,5,0,0,胜,official_result_market_odds,2026-08-11T21:44:29
2026-03-21,2038484,2026-03-21,周五011,意大利甲级联赛,热那亚,乌迪内斯,1.97,2.92,3.58,0,2,2,负,official_result_market_odds,2026-08-11T21:44:29
2026-03-21,2038485,2026-03-21,周五012,法国甲级联赛,朗斯,昂热,1.13,6.05,12.6,5,1,0,胜,official_result_market_odds,2026-08-11T21:44:29
2026-03-21,2038486,2026-03-21,周五013,英格兰超级联赛,伯恩茅斯,曼彻斯特联,3.18,3.6,1.86,2,2,1,平,official_result_market_odds,2026-08-11T21:44:29
2026-03-21,2038487,2026-03-21,周五014,英格兰冠军联赛,普雷斯顿,斯托克城,2.4,2.95,2.68,3,1,0,胜,official_result_market_odds,2026-08-11T21:44:29
2026-03-21,2038488,2026-03-21,周五015,西班牙甲级联赛,比利亚雷亚尔,皇家社会,1.83,3.36,3.5,3,1,0,胜,official_result_market_odds,2026-08-11T21:44:29
2026-03-21,2038489,2026-03-21,周五016,葡萄牙超级联赛,阿马多拉,卡萨皮亚,2.3,2.8,2.96,4,0,0,胜,official_result_market_odds,2026-08-11T21:44:29
2026-03-21,2038500,2026-03-21,周六001,澳大利亚超级联赛,布里斯班狮吼,惠灵顿凤凰,2.02,3.32,3.0,1,2,2,负,official_result_market_odds,2026-08-11T21:44:29
2026-03-21,2038501,2026-03-21,周六002,韩国职业联赛,大田市民,全北现代,2.52,3.1,2.44,0,1,2,负,official_result_market_odds,2026-08-11T21:44:29
2026-03-21,2038502,2026-03-21,周六003,日本职业联赛,福冈黄蜂,大阪钢巴,3.8,3.35,1.76,2,2,1,平,official_result_market_odds,2026-08-11T21:44:29
2026-03-21,2038503,2026-03-21,周六004,澳大利亚超级联赛,墨尔本胜利,中央海岸水手,1.39,4.32,5.6,4,1,0,胜,official_result_market_odds,2026-08-11T21:44:29
2026-03-21,2038504,2026-03-21,周六005,女足亚洲杯,日本女足,澳大利亚女足,1.38,4.1,6.2,1,0,0,胜,official_result_market_odds,2026-08-11T21:44:29
2026-03-21,2038505,2026-03-21,周六006,德国乙级联赛,帕德博恩,德累斯顿,1.68,3.6,3.9,2,1,0,胜,official_result_market_odds,2026-08-11T21:44:29
2026-03-21,2038506,2026-03-21,周六007,英格兰冠军联赛,伊普斯维奇,米尔沃尔,1.6,3.6,4.42,1,1,1,平,official_result_market_odds,2026-08-11T21:44:29
2026-03-21,2038507,2026-03-21,周六008,西班牙甲级联赛,埃尔切,马洛卡,1.97,3.1,3.34,2,1,0,胜,official_result_market_odds,2026-08-11T21:44:29
2026-03-21,2038508,2026-03-21,周六009,意大利甲级联赛,帕尔马,克雷莫纳,2.02,2.9,3.45,0,2,2,负,official_result_market_odds,2026-08-11T21:44:29
2026-03-21,2038509,2026-03-21,周六010,德国甲级联赛,海登海姆,勒沃库森,5.6,4.65,1.36,3,3,1,平,official_result_market_odds,2026-08-11T21:44:29
2026-03-21,2038510,2026-03-21,周六011,德国甲级联赛,科隆,门兴格拉德巴赫,2.16,3.12,2.89,3,3,1,平,official_result_market_odds,2026-08-11T21:44:29
2026-03-21,2038511,2026-03-21,周六012,德国甲级联赛,沃尔夫斯堡,云达不来梅,2.27,3.4,2.53,0,1,2,负,official_result_market_odds,2026-08-11T21:44:29
2026-03-21,2038513,2026-03-21,周六014,英格兰超级联赛,富勒姆,伯恩利,1.44,3.9,5.6,3,1,0,胜,official_result_market_odds,2026-08-11T21:44:29
2026-03-21,2038514,2026-03-21,周六015,英格兰冠军联赛,南安普敦,牛津联,1.47,3.8,5.4,2,0,0,胜,official_result_market_odds,2026-08-11T21:44:29
2026-03-21,2038515,2026-03-21,周六016,西班牙甲级联赛,西班牙人,赫塔费,2.28,2.6,3.27,1,2,2,负,official_result_market_odds,2026-08-11T21:44:29
2026-03-21,2038516,2026-03-21,周六017,荷兰甲级联赛,福图纳锡塔德,特温特,6.05,4.6,1.34,1,2,2,负,official_result_market_odds,2026-08-11T21:44:29
2026-03-22,2038517,2026-03-22,周六018,法国甲级联赛,图卢兹,洛里昂,1.69,3.2,4.45,1,0,0,胜,official_result_market_odds,2026-08-11T21:44:29
2026-03-22,2038518,2026-03-22,周六019,意大利甲级联赛,AC米兰,都灵,1.25,4.65,8.75,3,2,0,胜,official_result_market_odds,2026-08-11T21:44:29
2026-03-22,2038519,2026-03-22,周六020,挪威超级联赛,维京,莫尔德,1.63,3.95,3.8,4,1,0,胜,official_result_market_odds,2026-08-11T21:44:29
2026-03-22,2038520,2026-03-22,周六021,英格兰超级联赛,埃弗顿,切尔西,3.1,3.25,2.01,3,0,0,胜,official_result_market_odds,2026-08-11T21:44:29
2026-03-22,2038521,2026-03-22,周六022,德国甲级联赛,多特蒙德,汉堡,1.25,5.1,7.5,3,2,0,胜,official_result_market_odds,2026-08-11T21:44:29
2026-03-22,2038522,2026-03-22,周六023,西班牙甲级联赛,奥萨苏纳,赫罗纳,1.9,3.2,3.45,1,0,0,胜,official_result_market_odds,2026-08-11T21:44:29
2026-03-22,2038523,2026-03-22,周六024,西班牙甲级联赛,莱万特,皇家奥维耶多,2.03,3.1,3.18,4,2,0,胜,official_result_market_odds,2026-08-11T21:44:29
2026-03-22,2038524,2026-03-22,周六025,葡萄牙超级联赛,本菲卡,吉马良斯,1.14,6.0,11.7,3,0,0,胜,official_result_market_odds,2026-08-11T21:44:29
2026-03-22,2038525,2026-03-22,周六026,意大利甲级联赛,尤文图斯,萨索洛,1.16,5.7,11.0,1,1,1,平,official_result_market_odds,2026-08-11T21:44:29
2026-03-22,2038526,2026-03-22,周六027,英格兰超级联赛,利兹联,布伦特福德,2.37,3.05,2.64,0,0,1,平,official_result_market_odds,2026-08-11T21:44:29
2026-03-22,2038527,2026-03-22,周六028,西班牙甲级联赛,塞维利亚,巴伦西亚,2.18,2.72,3.3,0,2,2,负,official_result_market_odds,2026-08-11T21:44:29
2026-03-22,2038528,2026-03-22,周六029,法国甲级联赛,尼斯,巴黎圣日尔曼,6.5,5.0,1.29,0,4,2,负,official_result_market_odds,2026-08-11T21:44:29
2026-03-22,2038529,2026-03-22,周六030,美国职业大联盟,温哥华白帽,圣何塞地震,1.42,4.3,5.2,0,1,2,负,official_result_market_odds,2026-08-11T21:44:29
2026-03-22,2038530,2026-03-22,周日001,韩国职业联赛,首尔FC,光州FC,1.34,4.1,7.2,5,0,0,胜,official_result_market_odds,2026-08-11T21:44:29
2026-03-22,2038531,2026-03-22,周日002,日本职业联赛,大阪樱花,神户胜利船,2.55,3.35,2.28,1,1,1,平,official_result_market_odds,2026-08-11T21:44:29
2026-03-22,2038532,2026-03-22,周日003,日本职业联赛,浦和红钻,町田泽维亚,2.54,2.95,2.52,1,2,2,负,official_result_market_odds,2026-08-11T21:44:29
2026-03-22,2038533,2026-03-22,周日004,澳大利亚超级联赛,珀斯光荣,墨尔本城,3.65,3.45,1.77,1,1,1,平,official_result_market_odds,2026-08-11T21:44:29
2026-03-22,2038534,2026-03-22,周日005,荷兰甲级联赛,奈梅亨,海伦芬,1.5,4.4,4.25,2,2,1,平,official_result_market_odds,2026-08-11T21:44:29
2026-03-22,2038535,2026-03-22,周日006,意大利甲级联赛,科莫,比萨,1.17,5.5,10.75,5,0,0,胜,official_result_market_odds,2026-08-11T21:44:29
2026-03-22,2038536,2026-03-22,周日007,英格兰超级联赛,纽卡斯尔联,桑德兰,1.47,3.9,5.2,1,2,2,负,official_result_market_odds,2026-08-11T21:44:29
2026-03-22,2038537,2026-03-22,周日008,德国乙级联赛,杜塞尔多夫,柏林赫塔,2.2,3.2,2.76,2,5,2,负,official_result_market_odds,2026-08-11T21:44:29
2026-03-22,2038539,2026-03-22,周日010,荷兰甲级联赛,费耶诺德,阿贾克斯,1.77,3.9,3.25,1,1,1,平,official_result_market_odds,2026-08-11T21:44:29
2026-03-22,2038540,2026-03-22,周日011,意大利甲级联赛,博洛尼亚,拉齐奥,2.2,2.85,3.1,0,2,2,负,official_result_market_odds,2026-08-11T21:44:29
2026-03-22,2038541,2026-03-22,周日012,意大利甲级联赛,亚特兰大,维罗纳,1.28,4.55,7.8,1,0,0,胜,official_result_market_odds,2026-08-11T21:44:29
2026-03-22,2038542,2026-03-22,周日013,英格兰超级联赛,阿斯顿维拉,西汉姆联,1.6,3.7,4.3,2,0,0,胜,official_result_market_odds,2026-08-11T21:44:29
2026-03-22,2038543,2026-03-22,周日014,英格兰超级联赛,托特纳姆热刺,诺丁汉森林,2.09,3.15,3.0,0,3,2,负,official_result_market_odds,2026-08-11T21:44:29
2026-03-22,2038544,2026-03-22,周日015,德国甲级联赛,美因茨,法兰克福,2.1,3.25,2.9,2,1,0,胜,official_result_market_odds,2026-08-11T21:44:29
2026-03-22,2038545,2026-03-22,周日016,西班牙甲级联赛,维戈塞尔塔,阿拉维斯,1.76,3.12,4.15,3,4,2,负,official_result_market_odds,2026-08-11T21:44:29
2026-03-22,2038546,2026-03-22,周日017,荷兰甲级联赛,格罗宁根,阿尔克马尔,2.78,3.55,2.05,3,0,0,胜,official_result_market_odds,2026-08-11T21:44:29
2026-03-23,2038547,2026-03-23,周日018,挪威超级联赛,布兰,特罗姆瑟,1.75,3.5,3.68,1,2,2,负,official_result_market_odds,2026-08-11T21:44:29
2026-03-23,2038548,2026-03-23,周日019,法国甲级联赛,马赛,里尔,1.65,3.5,4.2,1,2,2,负,official_result_market_odds,2026-08-11T21:44:29
2026-03-23,2038549,2026-03-23,周日020,英格兰联赛杯,阿森纳,曼彻斯特城,2.02,3.1,3.22,0,2,2,负,official_result_market_odds,2026-08-11T21:44:29
2026-03-23,2038550,2026-03-23,周日021,德国甲级联赛,圣保利,弗赖堡,2.55,2.84,2.6,1,2,2,负,official_result_market_odds,2026-08-11T21:44:29
2026-03-23,2038551,2026-03-23,周日022,意大利甲级联赛,罗马,莱切,1.3,4.25,8.0,1,0,0,胜,official_result_market_odds,2026-08-11T21:44:29
2026-03-23,2038552,2026-03-23,周日023,美国职业大联盟,纽约城,迈阿密国际,2.2,3.5,2.57,2,3,2,负,official_result_market_odds,2026-08-11T21:44:29
2026-03-23,2038553,2026-03-23,周日024,西班牙甲级联赛,毕尔巴鄂竞技,皇家贝蒂斯,1.98,3.0,3.45,2,1,0,胜,official_result_market_odds,2026-08-11T21:44:29
2026-03-23,2038554,2026-03-23,周日025,德国甲级联赛,奥格斯堡,斯图加特,3.25,3.5,1.87,2,5,2,负,official_result_market_odds,2026-08-11T21:44:29
2026-03-23,2038555,2026-03-23,周日026,意大利甲级联赛,佛罗伦萨,国际米兰,5.25,3.95,1.46,1,1,1,平,official_result_market_odds,2026-08-11T21:44:29
2026-03-23,2038556,2026-03-23,周日027,西班牙甲级联赛,皇家马德里,马德里竞技,1.67,3.8,3.75,3,2,0,胜,official_result_market_odds,2026-08-11T21:44:29
2026-03-23,2038557,2026-03-23,周日028,葡萄牙超级联赛,布拉加,波尔图,3.13,3.0,2.1,1,2,2,负,official_result_market_odds,2026-08-11T21:44:29
2026-03-25,2038596,2026-03-25,周二001,荷兰乙级联赛,埃门,坎布尔,2.9,3.68,1.95,2,4,2,负,official_result_market_odds,2026-08-11T21:44:29
2026-03-25,2038597,2026-03-25,周二002,英格兰甲级联赛,唐卡斯特,维尔港,1.6,3.58,4.45,1,0,0,胜,official_result_market_odds,2026-08-11T21:44:29
2026-03-27,2038598,2026-03-27,周四001,世界杯预选赛,土耳其,罗马尼亚,1.28,4.7,7.5,1,0,0,胜,official_result_market_odds,2026-08-11T21:44:29
2026-03-27,2038599,2026-03-27,周四002,世界杯预选赛,意大利,北爱尔兰,1.18,5.22,11.0,2,0,0,胜,official_result_market_odds,2026-08-11T21:44:29
2026-03-27,2038600,2026-03-27,周四003,世界杯预选赛,斯洛伐克,科索沃,2.13,2.8,3.3,3,4,2,负,official_result_market_odds,2026-08-11T21:44:29
2026-03-27,2038601,2026-03-27,周四004,世界杯预选赛,威尔士,波黑,1.56,3.47,5.0,1,1,1,平,official_result_market_odds,2026-08-11T21:44:29
2026-03-27,2038602,2026-03-27,周四005,世界杯预选赛,波兰,阿尔巴尼亚,1.48,3.45,6.1,2,1,0,胜,official_result_market_odds,2026-08-11T21:44:29
2026-03-27,2038603,2026-03-27,周四006,世界杯预选赛,捷克,爱尔兰,1.76,3.3,3.88,2,2,1,平,official_result_market_odds,2026-08-11T21:44:29
2026-03-27,2038604,2026-03-27,周四007,世界杯预选赛,丹麦,北马其顿,1.12,5.8,15.5,4,0,0,胜,official_result_market_odds,2026-08-11T21:44:29
2026-03-27,2038605,2026-03-27,周四008,国际赛,巴西,法国,2.82,3.35,2.1,1,2,2,负,official_result_market_odds,2026-08-11T21:44:29
2026-03-27,2038606,2026-03-27,周四010,国际赛,哥伦比亚,克罗地亚,2.0,3.2,3.16,1,2,2,负,official_result_market_odds,2026-08-11T21:44:29
2026-03-27,2038607,2026-03-27,周四009,世界杯预选赛,玻利维亚,苏里南,2.08,2.73,3.55,2,1,0,胜,official_result_market_odds,2026-08-11T21:44:29
2026-03-27,2038608,2026-03-27,周四012,国际赛,智利,佛得角,1.61,3.35,4.8,4,2,0,胜,official_result_market_odds,2026-08-11T21:44:29
2026-03-27,2038638,2026-03-27,周五001,国际赛,新西兰,芬兰,2.6,2.9,2.5,0,2,2,负,official_result_market_odds,2026-08-11T21:44:29
2026-03-27,2038639,2026-03-27,周五003,国际赛,澳大利亚,喀麦隆,1.78,3.25,3.85,1,0,0,胜,official_result_market_odds,2026-08-11T21:44:29
2026-03-27,2038640,2026-03-27,周五004,日本职业联赛,神户胜利船,广岛三箭,2.51,3.12,2.44,2,1,0,胜,official_result_market_odds,2026-08-11T21:44:29
2026-03-27,2038649,2026-03-27,周五002,国际赛,中国,库拉索,5.42,3.65,1.49,2,0,0,胜,official_result_market_odds,2026-08-11T21:44:29
2026-03-28,2038641,2026-03-28,周五005,国际赛,奥地利,加纳,1.41,4.0,5.9,5,1,0,胜,official_result_market_odds,2026-08-11T21:44:29
2026-03-28,2038642,2026-03-28,周五006,国际赛,南非,巴拿马,1.97,2.85,3.69,1,1,1,平,official_result_market_odds,2026-08-11T21:44:29
2026-03-28,2038643,2026-03-28,周五007,国际赛,希腊,巴拉圭,1.92,2.99,3.65,0,1,2,负,official_result_market_odds,2026-08-11T21:44:29
2026-03-28,2038644,2026-03-28,周五008,国际赛,荷兰,挪威,1.54,3.85,4.55,2,1,0,胜,official_result_market_odds,2026-08-11T21:44:29
2026-03-28,2038645,2026-03-28,周五009,国际赛,英格兰,乌拉圭,1.39,3.95,6.4,1,1,1,平,official_result_market_odds,2026-08-11T21:44:29
2026-03-28,2038646,2026-03-28,周五010,国际赛,瑞士,德国,3.47,3.5,1.8,3,4,2,负,official_result_market_odds,2026-08-11T21:44:29
2026-03-28,2038648,2026-03-28,周五012,国际赛,摩洛哥,厄瓜多尔,2.45,2.7,2.85,1,1,1,平,official_result_market_odds,2026-08-11T21:44:29
2026-03-28,2038664,2026-03-28,周六001,日本职业联赛,町田泽维亚,川崎前锋,1.61,3.8,4.1,1,1,1,平,official_result_market_odds,2026-08-11T21:44:29
2026-03-28,2038665,2026-03-28,周六002,韩国职业联赛,浦项制铁,江原FC,2.83,2.84,2.36,1,0,0,胜,official_result_market_odds,2026-08-11T21:44:29
2026-03-28,2038666,2026-03-28,周六003,国际赛,韩国,科特迪瓦,2.89,3.0,2.22,0,4,2,负,official_result_market_odds,2026-08-11T21:44:29
2026-03-28,2038667,2026-03-28,周六004,英格兰甲级联赛,威科姆,维尔港,1.34,4.2,6.9,4,0,0,胜,official_result_market_odds,2026-08-11T21:44:29
2026-03-28,2038668,2026-03-28,周六005,英格兰甲级联赛,雷丁,维冈竞技,2.02,3.12,3.19,3,0,0,胜,official_result_market_odds,2026-08-11T21:44:29
2026-03-28,2038669,2026-03-28,周六006,英格兰甲级联赛,斯托克港,AFC温布尔登,1.39,4.2,5.8,3,0,0,胜,official_result_market_odds,2026-08-11T21:44:29
2026-03-28,2038670,2026-03-28,周六007,英格兰甲级联赛,埃克塞特城,莱顿东方,2.27,3.32,2.58,0,0,1,平,official_result_market_odds,2026-08-11T21:44:29
2026-03-28,2038671,2026-03-28,周六008,英格兰甲级联赛,布莱克浦,伯顿,2.35,3.1,2.62,1,0,0,胜,official_result_market_odds,2026-08-11T21:44:29
2026-03-29,2038672,2026-03-29,周六009,国际赛,苏格兰,日本,3.15,3.21,2.0,0,1,2,负,official_result_market_odds,2026-08-11T21:44:29
2026-03-29,2038673,2026-03-29,周六010,国际赛,加拿大,冰岛,1.37,4.0,6.7,2,2,1,平,official_result_market_odds,2026-08-11T21:44:29
2026-03-29,2038674,2026-03-29,周六011,国际赛,匈牙利,斯洛文尼亚,1.61,3.35,4.76,1,0,0,胜,official_result_market_odds,2026-08-11T21:44:29
2026-03-29,2038675,2026-03-29,周六012,荷兰乙级联赛,威廉二世,格拉夫夏普,2.01,3.75,2.75,0,2,2,负,official_result_market_odds,2026-08-11T21:44:29
2026-03-29,2038676,2026-03-29,周六013,国际赛,美国,比利时,2.86,3.25,2.12,2,5,2,负,official_result_market_odds,2026-08-11T21:44:29
2026-03-29,2038677,2026-03-29,周六014,荷兰乙级联赛,埃因霍温FC,埃门,1.88,3.65,3.1,1,0,0,胜,official_result_market_odds,2026-08-11T21:44:29
2026-03-29,2038678,2026-03-29,周六015,国际赛,墨西哥,葡萄牙,3.92,3.3,1.75,0,0,1,平,official_result_market_odds,2026-08-11T21:44:29
2026-03-30,2038679,2026-03-30,周日001,国际赛,哥伦比亚,法国,4.01,3.7,1.64,1,3,2,负,official_result_market_odds,2026-08-11T21:44:29
2026-03-30,2038680,2026-03-30,周一001,国际赛,新西兰,智利,6.35,3.55,1.45,4,1,0,胜,official_result_market_odds,2026-08-11T21:44:29
2026-03-31,2038681,2026-03-31,周一002,国际赛,德国,加纳,1.11,7.1,11.5,2,1,0,胜,official_result_market_odds,2026-08-11T21:44:29
2026-03-31,2038719,2026-03-31,周二001,国际赛,喀麦隆,中国,1.35,4.4,6.2,2,0,0,胜,official_result_market_odds,2026-08-11T21:44:29
2026-03-31,2038720,2026-03-31,周二002,国际赛,澳大利亚,库拉索,1.21,5.0,9.75,5,1,0,胜,official_result_market_odds,2026-08-11T21:44:29
2026-04-01,2038721,2026-04-01,周二003,国际赛,挪威,瑞士,1.86,3.5,3.28,0,0,1,平,official_result_market_odds,2026-08-11T21:44:29
2026-04-01,2038722,2026-04-01,周二004,国际赛,黑山,斯洛文尼亚,3.08,3.0,2.12,2,3,2,负,official_result_market_odds,2026-08-11T21:44:29
2026-04-01,2038723,2026-04-01,周二005,国际赛,匈牙利,希腊,2.38,3.0,2.66,0,0,1,平,official_result_market_odds,2026-08-11T21:44:29
2026-04-01,2038724,2026-04-01,周二006,国际赛,南非,巴拿马,1.95,2.95,3.6,1,2,2,负,official_result_market_odds,2026-08-11T21:44:29
2026-04-01,2038725,2026-04-01,周二007,国际赛,摩洛哥,巴拉圭,1.73,3.2,4.2,2,1,0,胜,official_result_market_odds,2026-08-11T21:44:29
2026-04-01,2038726,2026-04-01,周二008,国际赛,阿尔及利亚,乌拉圭,4.05,3.12,1.78,0,0,1,平,official_result_market_odds,2026-08-11T21:44:29
2026-04-01,2038727,2026-04-01,周二009,国际赛,苏格兰,科特迪瓦,3.35,3.15,1.95,0,1,2,负,official_result_market_odds,2026-08-11T21:44:29
2026-04-01,2038728,2026-04-01,周二010,国际赛,荷兰,厄瓜多尔,1.4,3.88,6.35,1,1,1,平,official_result_market_odds,2026-08-11T21:44:29
2026-04-01,2038729,2026-04-01,周二011,国际赛,英格兰,日本,1.4,4.1,5.85,0,1,2,负,official_result_market_odds,2026-08-11T21:44:29
2026-04-01,2038730,2026-04-01,周二012,国际赛,奥地利,韩国,1.42,4.05,5.6,1,0,0,胜,official_result_market_odds,2026-08-11T21:44:29
2026-04-01,2038731,2026-04-01,周二013,世界杯预选赛,科索沃,土耳其,3.72,3.35,1.78,0,1,2,负,official_result_market_odds,2026-08-11T21:44:29
2026-04-01,2038732,2026-04-01,周二014,世界杯预选赛,瑞典,波兰,1.95,2.96,3.59,3,2,0,胜,official_result_market_odds,2026-08-11T21:44:29
2026-04-01,2038733,2026-04-01,周二015,世界杯预选赛,波黑,意大利,8.35,4.16,1.3,1,1,1,平,official_result_market_odds,2026-08-11T21:44:29
2026-04-01,2038734,2026-04-01,周二016,世界杯预选赛,捷克,丹麦,3.65,3.09,1.88,1,1,1,平,official_result_market_odds,2026-08-11T21:44:29
2026-04-01,2038736,2026-04-01,周二018,世界杯预选赛,刚果(金),牙买加,1.75,3.0,4.45,0,0,1,平,official_result_market_odds,2026-08-11T21:44:29
2026-04-01,2038737,2026-04-01,周二019,国际赛,美国,葡萄牙,4.7,4.0,1.5,0,2,2,负,official_result_market_odds,2026-08-11T21:44:29
2026-04-01,2038738,2026-04-01,周二020,国际赛,加拿大,突尼斯,1.5,3.7,5.2,0,0,1,平,official_result_market_odds,2026-08-11T21:44:29
2026-04-01,2038739,2026-04-01,周二021,国际赛,巴西,克罗地亚,1.57,3.8,4.36,3,1,0,胜,official_result_market_odds,2026-08-11T21:44:29
2026-04-01,2038740,2026-04-01,周二022,国际赛,墨西哥,比利时,3.42,3.45,1.83,1,1,1,平,official_result_market_odds,2026-08-11T21:44:29
2026-04-01,2038741,2026-04-01,周二023,世界杯预选赛,伊拉克,玻利维亚,2.31,2.75,3.0,2,1,0,胜,official_result_market_odds,2026-08-11T21:44:29
2026-04-01,2038742,2026-04-01,周三001,日本职业联赛,神户胜利船,清水鼓动,1.76,3.3,3.87,2,0,0,胜,official_result_market_odds,2026-08-11T21:44:29
2026-04-01,2038743,2026-04-01,周三002,日本职业联赛,町田泽维亚,东京FC,2.24,2.86,3.0,0,3,2,负,official_result_market_odds,2026-08-11T21:44:29
2026-04-02,2038744,2026-04-02,周四001,澳大利亚超级联赛,麦克阿瑟FC,纽卡斯尔喷气机,2.02,3.88,2.66,3,2,0,胜,official_result_market_odds,2026-08-11T21:44:29
2026-04-02,2038745,2026-04-02,周四002,澳大利亚超级联赛,布里斯班狮吼,悉尼FC,2.53,3.45,2.25,0,0,1,平,official_result_market_odds,2026-08-11T21:44:29
2026-04-03,2038746,2026-04-03,周四003,英格兰甲级联赛,维冈竞技,莱顿东方,2.2,3.05,2.88,0,0,1,平,official_result_market_odds,2026-08-11T21:44:29
2026-04-03,2038782,2026-04-03,周五001,澳大利亚超级联赛,阿德莱德联,奥克兰FC,2.36,3.6,2.34,1,1,1,平,official_result_market_odds,2026-08-11T21:44:29
2026-04-03,2038783,2026-04-03,周五002,英格兰冠军联赛,米德尔斯堡,米尔沃尔,1.63,3.82,3.95,1,2,2,负,official_result_market_odds,2026-08-11T21:44:29
2026-04-03,2038784,2026-04-03,周五003,英格兰冠军联赛,伯明翰,布莱克本,1.57,3.6,4.65,0,1,2,负,official_result_market_odds,2026-08-11T21:44:29
2026-04-03,2038785,2026-04-03,周五004,英格兰冠军联赛,女王公园巡游者,沃特福德,2.5,2.94,2.57,2,1,0,胜,official_result_market_odds,2026-08-11T21:44:29
2026-04-03,2038786,2026-04-03,周五005,英格兰冠军联赛,诺维奇,朴次茅斯,1.86,3.1,3.72,1,1,1,平,official_result_market_odds,2026-08-11T21:44:29
2026-04-03,2038787,2026-04-03,周五006,英格兰冠军联赛,西布罗姆维奇,雷克斯汉姆,2.04,3.11,3.15,2,2,1,平,official_result_market_odds,2026-08-11T21:44:29
2026-04-04,2038788,2026-04-04,周五007,沙特职业联赛,吉达联合,拉斯决心,1.22,5.4,8.0,1,0,0,胜,official_result_market_odds,2026-08-11T21:44:29
2026-04-04,2038789,2026-04-04,周五008,法国乙级联赛,圣旺红星,拉瓦勒,1.53,3.45,5.4,0,0,1,平,official_result_market_odds,2026-08-11T21:44:29
2026-04-04,2038790,2026-04-04,周五009,荷兰乙级联赛,多德勒支,罗达JC,2.18,3.35,2.69,0,3,2,负,official_result_market_odds,2026-08-11T21:44:29
2026-04-04,2038791,2026-04-04,周五010,法国甲级联赛,巴黎圣日尔曼,图卢兹,1.14,6.15,11.25,3,1,0,胜,official_result_market_odds,2026-08-11T21:44:29
2026-04-04,2038792,2026-04-04,周五011,英格兰冠军联赛,考文垂,德比郡,1.52,3.8,4.8,3,2,0,胜,official_result_market_odds,2026-08-11T21:44:29
2026-04-04,2038793,2026-04-04,周五012,西班牙甲级联赛,巴列卡诺,埃尔切,1.64,3.52,4.26,1,0,0,胜,official_result_market_odds,2026-08-11T21:44:29
2026-04-04,2038794,2026-04-04,周五013,葡萄牙超级联赛,里斯本竞技,圣克拉拉,1.16,5.35,12.5,4,2,0,胜,official_result_market_odds,2026-08-11T21:44:29
2026-04-04,2038806,2026-04-04,周六001,韩国职业联赛,全北现代,蔚山现代,2.12,3.1,2.98,2,0,0,胜,official_result_market_odds,2026-08-11T21:44:29
2026-04-04,2038807,2026-04-04,周六002,澳大利亚超级联赛,中央海岸水手,珀斯光荣,2.28,3.45,2.5,2,2,1,平,official_result_market_odds,2026-08-11T21:44:29
2026-04-04,2038808,2026-04-04,周六003,日本职业联赛,大阪钢巴,京都不死鸟,2.29,3.15,2.67,2,0,0,胜,official_result_market_odds,2026-08-11T21:44:29
2026-04-04,2038809,2026-04-04,周六004,韩国职业联赛,江原FC,光州FC,1.5,3.38,6.0,3,0,0,胜,official_result_market_odds,2026-08-11T21:44:29
2026-04-04,2038810,2026-04-04,周六005,澳大利亚超级联赛,墨尔本城,西悉尼漫步者,1.75,3.7,3.47,3,0,0,胜,official_result_market_odds,2026-08-11T21:44:29
2026-04-04,2038811,2026-04-04,周六006,芬兰超级联赛,国际图尔库,瓦萨,1.28,4.85,7.05,0,0,1,平,official_result_market_odds,2026-08-11T21:44:29
2026-04-04,2038812,2026-04-04,周六007,德国乙级联赛,比勒费尔德,达姆施塔特,2.22,3.45,2.57,2,1,0,胜,official_result_market_odds,2026-08-11T21:44:29
2026-04-04,2038813,2026-04-04,周六008,英格兰足总杯,曼彻斯特城,利物浦,1.68,3.7,3.8,4,0,0,胜,official_result_market_odds,2026-08-11T21:44:29
2026-04-04,2038814,2026-04-04,周六009,西班牙甲级联赛,皇家社会,莱万特,1.4,4.2,5.65,2,0,0,胜,official_result_market_odds,2026-08-11T21:44:29
2026-04-04,2038815,2026-04-04,周六010,意大利甲级联赛,萨索洛,卡利亚里,1.98,2.8,3.75,2,1,0,胜,official_result_market_odds,2026-08-11T21:44:29
2026-04-04,2038816,2026-04-04,周六011,瑞典超级联赛,哈马比,米亚尔比,1.85,3.35,3.45,3,0,0,胜,official_result_market_odds,2026-08-11T21:44:29
2026-04-04,2038817,2026-04-04,周六012,德国甲级联赛,门兴格拉德巴赫,海登海姆,1.43,4.1,5.4,2,2,1,平,official_result_market_odds,2026-08-11T21:44:29
2026-04-04,2038818,2026-04-04,周六013,德国甲级联赛,云达不来梅,莱比锡红牛,3.85,3.85,1.64,1,2,2,负,official_result_market_odds,2026-08-11T21:44:29
2026-04-04,2038819,2026-04-04,周六014,德国甲级联赛,弗赖堡,拜仁慕尼黑,5.5,4.6,1.37,2,3,2,负,official_result_market_odds,2026-08-11T21:44:29
2026-04-04,2038820,2026-04-04,周六015,德国甲级联赛,勒沃库森,沃尔夫斯堡,1.3,4.85,6.5,6,3,0,胜,official_result_market_odds,2026-08-11T21:44:29
2026-04-04,2038821,2026-04-04,周六016,德国甲级联赛,霍芬海姆,美因茨,1.54,4.05,4.3,1,2,2,负,official_result_market_odds,2026-08-11T21:44:29
2026-04-04,2038822,2026-04-04,周六017,德国甲级联赛,汉堡,奥格斯堡,2.32,2.95,2.78,1,1,1,平,official_result_market_odds,2026-08-11T21:44:29
2026-04-04,2038823,2026-04-04,周六018,西班牙甲级联赛,马洛卡,皇家马德里,5.15,4.42,1.41,2,1,0,胜,official_result_market_odds,2026-08-11T21:44:29
2026-04-04,2038824,2026-04-04,周六019,荷兰甲级联赛,PSV埃因霍温,乌德勒支,1.31,4.85,6.25,4,3,0,胜,official_result_market_odds,2026-08-11T21:44:29
2026-04-05,2038825,2026-04-05,周六020,意大利甲级联赛,维罗纳,佛罗伦萨,3.85,3.15,1.81,0,1,2,负,official_result_market_odds,2026-08-11T21:44:29
2026-04-05,2038827,2026-04-05,周六022,德国甲级联赛,斯图加特,多特蒙德,2.15,3.55,2.61,0,2,2,负,official_result_market_odds,2026-08-11T21:44:29
2026-04-05,2038828,2026-04-05,周六023,西班牙甲级联赛,皇家贝蒂斯,西班牙人,1.49,3.85,5.05,0,0,1,平,official_result_market_odds,2026-08-11T21:44:29
2026-04-05,2038829,2026-04-05,周六024,沙特职业联赛,利雅得新月,布赖代合作,1.18,5.5,10.0,2,2,1,平,official_result_market_odds,2026-08-11T21:44:29
2026-04-05,2038830,2026-04-05,周六025,意大利甲级联赛,拉齐奥,帕尔马,1.63,3.25,4.8,1,1,1,平,official_result_market_odds,2026-08-11T21:44:29
2026-04-05,2038831,2026-04-05,周六026,英格兰足总杯,南安普敦,阿森纳,6.85,4.85,1.29,2,1,0,胜,official_result_market_odds,2026-08-11T21:44:29
2026-04-05,2038832,2026-04-05,周六027,西班牙甲级联赛,马德里竞技,巴塞罗那,2.97,3.75,1.9,1,2,2,负,official_result_market_odds,2026-08-11T21:44:29
2026-04-05,2038833,2026-04-05,周六028,法国甲级联赛,里尔,朗斯,2.82,3.18,2.17,3,0,0,胜,official_result_market_odds,2026-08-11T21:44:29
2026-04-05,2038834,2026-04-05,周六029,葡萄牙超级联赛,波尔图,法马利康,1.33,4.15,7.3,2,2,1,平,official_result_market_odds,2026-08-11T21:44:29
2026-04-05,2038835,2026-04-05,周六030,美国职业大联盟,圣何塞地震,圣迭戈FC,2.07,3.5,2.77,3,0,0,胜,official_result_market_odds,2026-08-11T21:44:29
2026-04-05,2038836,2026-04-05,周日001,澳大利亚超级联赛,墨尔本胜利,惠灵顿凤凰,1.38,4.7,5.2,0,1,2,负,official_result_market_odds,2026-08-11T21:44:29
2026-04-05,2038837,2026-04-05,周日002,韩国职业联赛,安养FC,首尔FC,3.97,3.2,1.77,1,1,1,平,official_result_market_odds,2026-08-11T21:44:29
2026-04-05,2038838,2026-04-05,周日003,日本职业联赛,东京FC,町田泽维亚,2.25,2.96,2.88,0,0,1,平,official_result_market_odds,2026-08-11T21:44:29
2026-04-05,2038839,2026-04-05,周日004,日本职业联赛,川崎前锋,浦和红钻,2.48,3.2,2.42,3,2,0,胜,official_result_market_odds,2026-08-11T21:44:29
2026-04-05,2038840,2026-04-05,周日005,韩国职业联赛,仁川联,金泉尚武,2.22,2.96,2.93,2,1,0,胜,official_result_market_odds,2026-08-11T21:44:29
2026-04-05,2038841,2026-04-05,周日006,荷兰甲级联赛,前进之鹰,兹沃勒,1.69,3.45,4.05,5,0,0,胜,official_result_market_odds,2026-08-11T21:44:29
2026-04-05,2038842,2026-04-05,周日007,德国乙级联赛,汉诺威96,埃尔沃斯堡,2.1,3.38,2.8,1,1,1,平,official_result_market_odds,2026-08-11T21:44:29
2026-04-05,2038843,2026-04-05,周日008,德国乙级联赛,菲尔特,帕德博恩,3.95,3.7,1.65,0,2,2,负,official_result_market_odds,2026-08-11T21:44:29
2026-04-05,2038844,2026-04-05,周日009,西班牙甲级联赛,赫塔费,毕尔巴鄂竞技,3.12,2.7,2.28,2,0,0,胜,official_result_market_odds,2026-08-11T21:44:29
2026-04-05,2038845,2026-04-05,周日010,瑞典超级联赛,AIK索尔纳,哈尔姆斯塔德,1.36,4.05,6.8,2,1,0,胜,official_result_market_odds,2026-08-11T21:44:29
2026-04-05,2038846,2026-04-05,周日011,荷兰甲级联赛,福伦丹,费耶诺德,6.3,4.7,1.32,0,0,1,平,official_result_market_odds,2026-08-11T21:44:29
2026-04-05,2038847,2026-04-05,周日012,意大利甲级联赛,克雷莫纳,博洛尼亚,3.3,3.07,2.0,1,2,2,负,official_result_market_odds,2026-08-11T21:44:29
2026-04-05,2038848,2026-04-05,周日013,法国甲级联赛,昂热,里昂,5.5,3.8,1.46,0,0,1,平,official_result_market_odds,2026-08-11T21:44:29
2026-04-05,2038849,2026-04-05,周日014,德国甲级联赛,柏林联合,圣保利,1.87,2.96,3.9,1,1,1,平,official_result_market_odds,2026-08-11T21:44:29
2026-04-05,2038850,2026-04-05,周日015,西班牙甲级联赛,巴伦西亚,维戈塞尔塔,2.33,2.8,2.92,2,3,2,负,official_result_market_odds,2026-08-11T21:44:29
2026-04-05,2038851,2026-04-05,周日016,瑞典超级联赛,厄尔格里特,马尔默,5.45,4.15,1.42,1,1,1,平,official_result_market_odds,2026-08-11T21:44:29
2026-04-05,2038852,2026-04-05,周日017,荷兰甲级联赛,布雷达,鹿特丹斯巴达,2.13,3.3,2.8,0,0,1,平,official_result_market_odds,2026-08-11T21:44:29
2026-04-05,2038853,2026-04-05,周日018,法国甲级联赛,洛里昂,巴黎FC,2.09,3.0,3.15,1,1,1,平,official_result_market_odds,2026-08-11T21:44:29
2026-04-05,2038854,2026-04-05,周日019,英格兰足总杯,西汉姆联,利兹联,2.85,2.95,2.28,2,2,1,平,official_result_market_odds,2026-08-11T21:44:29
2026-04-05,2038855,2026-04-05,周日020,德国甲级联赛,法兰克福,科隆,1.67,3.65,3.9,2,2,1,平,official_result_market_odds,2026-08-11T21:44:29
2026-04-06,2038856,2026-04-06,周日021,意大利甲级联赛,比萨,都灵,3.18,2.95,2.1,0,1,2,负,official_result_market_odds,2026-08-11T21:44:29
2026-04-06,2038857,2026-04-06,周日022,西班牙甲级联赛,皇家奥维耶多,塞维利亚,2.55,2.9,2.55,1,0,0,胜,official_result_market_odds,2026-08-11T21:44:29
2026-04-06,2038858,2026-04-06,周日023,沙特职业联赛,达曼协定,胡巴尔卡德西亚,6.5,5.15,1.28,3,2,0,胜,official_result_market_odds,2026-08-11T21:44:29
2026-04-06,2038859,2026-04-06,周日024,意大利甲级联赛,国际米兰,罗马,1.48,3.75,5.35,5,2,0,胜,official_result_market_odds,2026-08-11T21:44:29
2026-04-06,2038860,2026-04-06,周日025,法国甲级联赛,摩纳哥,马赛,1.89,3.65,3.07,2,1,0,胜,official_result_market_odds,2026-08-11T21:44:29
2026-04-06,2038861,2026-04-06,周日026,西班牙甲级联赛,阿拉维斯,奥萨苏纳,2.51,2.78,2.7,2,2,1,平,official_result_market_odds,2026-08-11T21:44:29
2026-04-06,2038862,2026-04-06,周一001,荷兰乙级联赛,海尔蒙特,瓦尔韦克,3.65,3.8,1.69,2,2,1,平,official_result_market_odds,2026-08-11T21:44:29
2026-04-06,2038863,2026-04-06,周一002,意大利甲级联赛,乌迪内斯,科莫,5.25,3.75,1.49,0,0,1,平,official_result_market_odds,2026-08-11T21:44:29
2026-04-06,2038864,2026-04-06,周一003,英格兰冠军联赛,朴次茅斯,牛津联,1.87,2.95,3.92,2,2,1,平,official_result_market_odds,2026-08-11T21:44:29
2026-04-06,2038865,2026-04-06,周一004,英格兰冠军联赛,米尔沃尔,诺维奇,1.92,3.32,3.25,1,2,2,负,official_result_market_odds,2026-08-11T21:44:29
2026-04-06,2038866,2026-04-06,周一005,瑞典超级联赛,埃尔夫斯堡,IFK哥德堡,2.15,3.35,2.73,2,0,0,胜,official_result_market_odds,2026-08-11T21:44:29
2026-04-06,2038867,2026-04-06,周一006,挪威超级联赛,瓦勒伦加,维京,2.75,3.6,2.05,0,1,2,负,official_result_market_odds,2026-08-11T21:44:29
2026-04-06,2038868,2026-04-06,周一007,意大利甲级联赛,莱切,亚特兰大,5.4,3.8,1.47,0,3,2,负,official_result_market_odds,2026-08-11T21:44:29
2026-04-06,2038869,2026-04-06,周一008,英格兰冠军联赛,伊普斯维奇,伯明翰,1.4,4.05,5.95,2,1,0,胜,official_result_market_odds,2026-08-11T21:44:29
2026-04-06,2038870,2026-04-06,周一009,英格兰冠军联赛,布莱克本,西布罗姆维奇,2.82,2.67,2.5,0,0,1,平,official_result_market_odds,2026-08-11T21:44:29
2026-04-07,2038871,2026-04-07,周一010,意大利甲级联赛,尤文图斯,热那亚,1.23,4.8,9.25,2,0,0,胜,official_result_market_odds,2026-08-11T21:44:29
2026-04-07,2038872,2026-04-07,周一011,英格兰冠军联赛,斯旺西,米德尔斯堡,3.9,3.45,1.72,2,2,1,平,official_result_market_odds,2026-08-11T21:44:29
2026-04-07,2038873,2026-04-07,周一012,意大利甲级联赛,那不勒斯,AC米兰,2.33,2.85,2.86,1,0,0,胜,official_result_market_odds,2026-08-11T21:44:29
2026-04-07,2038874,2026-04-07,周一013,法国乙级联赛,勒芒,波城FC,1.63,3.6,4.2,4,0,0,胜,official_result_market_odds,2026-08-11T21:44:29
2026-04-07,2038875,2026-04-07,周一014,英格兰冠军联赛,赫尔城,考文垂,4.0,3.35,1.72,0,0,1,平,official_result_market_odds,2026-08-11T21:44:29
2026-04-07,2038876,2026-04-07,周一015,西班牙甲级联赛,赫罗纳,比利亚雷亚尔,2.98,3.38,2.01,1,0,0,胜,official_result_market_odds,2026-08-11T21:44:29
2026-04-07,2038913,2026-04-07,周二001,澳大利亚超级联赛,墨尔本城,中央海岸水手,1.36,4.8,5.4,2,1,0,胜,official_result_market_odds,2026-08-11T21:44:29
2026-04-08,2038914,2026-04-08,周二002,挪威超级联赛,奥勒松,腓特烈斯塔,2.4,3.25,2.47,2,3,2,负,official_result_market_odds,2026-08-11T21:44:29
2026-04-08,2038915,2026-04-08,周二003,欧洲冠军联赛,里斯本竞技,阿森纳,4.42,3.55,1.61,0,1,2,负,official_result_market_odds,2026-08-11T21:44:29
2026-04-08,2038916,2026-04-08,周二004,欧洲冠军联赛,皇家马德里,拜仁慕尼黑,2.5,3.85,2.13,1,2,2,负,official_result_market_odds,2026-08-11T21:44:29
2026-04-08,2038917,2026-04-08,周二005,英格兰冠军联赛,雷克斯汉姆,南安普敦,2.7,3.18,2.25,1,5,2,负,official_result_market_odds,2026-08-11T21:44:29
2026-04-08,2038918,2026-04-08,周二006,南美解放者杯,拉瓜伊拉,弗鲁米嫩塞,6.25,3.7,1.43,0,0,1,平,official_result_market_odds,2026-08-11T21:44:29
2026-04-08,2038919,2026-04-08,周二007,南美解放者杯,天主大学,博卡青年,3.65,2.8,2.01,1,2,2,负,official_result_market_odds,2026-08-11T21:44:29
2026-04-08,2038920,2026-04-08,周三001,亚洲冠军乙级联赛,大阪钢巴,曼谷联,1.26,4.95,7.5,0,1,2,负,official_result_market_odds,2026-08-11T21:44:29
2026-04-09,2038921,2026-04-09,周三002,欧罗巴联赛,布拉加,皇家贝蒂斯,2.35,2.94,2.75,1,1,1,平,official_result_market_odds,2026-08-11T21:44:29
2026-04-09,2038922,2026-04-09,周三003,沙特职业联赛,吉达联合,新未来SC,1.5,3.9,4.85,3,4,2,负,official_result_market_odds,2026-08-11T21:44:29
2026-04-09,2038923,2026-04-09,周三004,欧洲冠军联赛,巴塞罗那,马德里竞技,1.34,4.96,5.5,0,2,2,负,official_result_market_odds,2026-08-11T21:44:29
2026-04-09,2038924,2026-04-09,周三005,欧洲冠军联赛,巴黎圣日尔曼,利物浦,1.64,3.8,3.9,2,0,0,胜,official_result_market_odds,2026-08-11T21:44:29
2026-04-09,2038925,2026-04-09,周三006,南美解放者杯,库斯科,弗拉门戈,4.65,3.13,1.68,0,2,2,负,official_result_market_odds,2026-08-11T21:44:29
2026-04-09,2038926,2026-04-09,周三007,南美解放者杯,巴兰基亚青年,帕尔梅拉斯,4.85,3.5,1.57,1,1,1,平,official_result_market_odds,2026-08-11T21:44:29
2026-04-10,2038927,2026-04-10,周四001,沙特职业联赛,达马克,胡巴尔卡德西亚,6.05,4.6,1.34,1,1,1,平,official_result_market_odds,2026-08-11T21:44:29
2026-04-10,2038928,2026-04-10,周四002,欧洲协会联赛,巴列卡诺,雅典AEK,1.76,3.1,4.2,3,0,0,胜,official_result_market_odds,2026-08-11T21:44:29
2026-04-10,2038929,2026-04-10,周四003,欧罗巴联赛,弗赖堡,维戈塞尔塔,2.05,3.08,3.15,3,0,0,胜,official_result_market_odds,2026-08-11T21:44:29
2026-04-10,2038930,2026-04-10,周四004,欧罗巴联赛,波尔图,诺丁汉森林,1.92,3.0,3.63,1,1,1,平,official_result_market_odds,2026-08-11T21:44:29
2026-04-10,2038931,2026-04-10,周四005,欧罗巴联赛,博洛尼亚,阿斯顿维拉,3.5,3.18,1.89,1,3,2,负,official_result_market_odds,2026-08-11T21:44:29
2026-04-10,2038932,2026-04-10,周四006,欧洲协会联赛,水晶宫,佛罗伦萨,1.46,3.76,5.6,3,0,0,胜,official_result_market_odds,2026-08-11T21:44:29
2026-04-10,2038933,2026-04-10,周四007,欧洲协会联赛,美因茨,斯特拉斯堡,2.14,3.0,3.05,2,0,0,胜,official_result_market_odds,2026-08-11T21:44:29
2026-04-10,2038934,2026-04-10,周四008,南美解放者杯,普拉滕斯,科林蒂安,2.92,2.49,2.6,0,2,2,负,official_result_market_odds,2026-08-11T21:44:29
2026-04-10,2038967,2026-04-10,周五001,澳大利亚超级联赛,中央海岸水手,布里斯班狮吼,2.7,3.6,2.08,2,2,1,平,official_result_market_odds,2026-08-11T21:44:29
2026-04-10,2038983,2026-04-10,周五002,芬兰超级联赛,TPS图尔库,拉赫蒂,3.15,3.18,2.01,2,1,0,胜,official_result_market_odds,2026-08-11T21:44:29
2026-04-11,2038968,2026-04-11,周五003,德国乙级联赛,卡尔斯鲁厄,比勒费尔德,3.0,3.38,2.0,4,1,0,胜,official_result_market_odds,2026-08-11T21:44:29
2026-04-11,2038969,2026-04-11,周五004,德国乙级联赛,杜塞尔多夫,基尔,1.98,3.31,3.1,1,2,2,负,official_result_market_odds,2026-08-11T21:44:29
2026-04-11,2038970,2026-04-11,周五005,法国甲级联赛,巴黎FC,摩纳哥,3.75,3.75,1.68,4,1,0,胜,official_result_market_odds,2026-08-11T21:44:29
2026-04-11,2038971,2026-04-11,周五006,法国乙级联赛,拉瓦勒,兰斯,4.5,3.4,1.63,2,2,1,平,official_result_market_odds,2026-08-11T21:44:29
2026-04-11,2038972,2026-04-11,周五007,法国乙级联赛,阿纳西,蒙彼利埃,2.32,2.93,2.8,0,0,1,平,official_result_market_odds,2026-08-11T21:44:29
2026-04-11,2038974,2026-04-11,周五009,荷兰乙级联赛,瓦尔韦克,埃门,1.45,4.5,4.6,5,0,0,胜,official_result_market_odds,2026-08-11T21:44:29
2026-04-11,2038975,2026-04-11,周五010,荷兰乙级联赛,埃因霍温FC,罗达JC,2.5,3.25,2.37,1,3,2,负,official_result_market_odds,2026-08-11T21:44:29
2026-04-11,2038976,2026-04-11,周五011,德国甲级联赛,奥格斯堡,霍芬海姆,3.4,3.53,1.81,2,2,1,平,official_result_market_odds,2026-08-11T21:44:29
2026-04-11,2038977,2026-04-11,周五012,意大利甲级联赛,罗马,比萨,1.2,5.15,9.8,3,0,0,胜,official_result_market_odds,2026-08-11T21:44:29
2026-04-11,2038978,2026-04-11,周五013,英格兰超级联赛,西汉姆联,狼队,1.58,3.68,4.45,4,0,0,胜,official_result_market_odds,2026-08-11T21:44:29
2026-04-11,2038979,2026-04-11,周五014,英格兰冠军联赛,西布罗姆维奇,米尔沃尔,2.19,3.0,2.95,0,0,1,平,official_result_market_odds,2026-08-11T21:44:29
2026-04-11,2038980,2026-04-11,周五015,西班牙甲级联赛,皇家马德里,赫罗纳,1.21,5.4,8.5,1,1,1,平,official_result_market_odds,2026-08-11T21:44:29
2026-04-11,2038981,2026-04-11,周五016,法国甲级联赛,马赛,梅斯,1.14,6.35,10.5,3,1,0,胜,official_result_market_odds,2026-08-11T21:44:29
2026-04-11,2038982,2026-04-11,周五017,葡萄牙超级联赛,法马利康,摩雷伦斯,1.34,4.16,7.0,1,1,1,平,official_result_market_odds,2026-08-11T21:44:29
2026-04-11,2039003,2026-04-11,周六001,韩国职业联赛,首尔FC,全北现代,2.3,2.92,2.84,1,0,0,胜,official_result_market_odds,2026-08-11T21:44:29
2026-04-11,2039004,2026-04-11,周六002,日本职业联赛,神户胜利船,名古屋鲸八,1.84,3.3,3.55,3,2,0,胜,official_result_market_odds,2026-08-11T21:44:29
2026-04-11,2039005,2026-04-11,周六003,澳大利亚超级联赛,纽卡斯尔喷气机,阿德莱德联,2.02,3.85,2.67,1,1,1,平,official_result_market_odds,2026-08-11T21:44:29
2026-04-11,2039006,2026-04-11,周六004,韩国职业联赛,仁川联,蔚山现代,2.8,2.95,2.31,1,2,2,负,official_result_market_odds,2026-08-11T21:44:29
2026-04-11,2039007,2026-04-11,周六005,澳大利亚超级联赛,西悉尼漫步者,悉尼FC,2.4,3.6,2.3,0,2,2,负,official_result_market_odds,2026-08-11T21:44:29
2026-04-11,2039008,2026-04-11,周六006,芬兰超级联赛,库奥皮奥,赫尔辛基火花,1.27,5.15,6.75,1,0,0,胜,official_result_market_odds,2026-08-11T21:44:29
2026-04-11,2039009,2026-04-11,周六007,英格兰超级联赛,阿森纳,伯恩茅斯,1.35,4.35,6.3,1,2,2,负,official_result_market_odds,2026-08-11T21:44:29
2026-04-11,2039010,2026-04-11,周六008,英格兰冠军联赛,诺维奇,伊普斯维奇,2.62,3.2,2.3,0,2,2,负,official_result_market_odds,2026-08-11T21:44:29
2026-04-11,2039011,2026-04-11,周六009,西班牙甲级联赛,皇家社会,阿拉维斯,1.63,3.6,4.2,3,3,1,平,official_result_market_odds,2026-08-11T21:44:29
2026-04-11,2039012,2026-04-11,周六011,意大利甲级联赛,卡利亚里,克雷莫纳,1.88,2.92,3.92,1,0,0,胜,official_result_market_odds,2026-08-11T21:44:29
2026-04-11,2039013,2026-04-11,周六012,意大利甲级联赛,都灵,维罗纳,1.77,3.1,4.15,2,1,0,胜,official_result_market_odds,2026-08-11T21:44:29
2026-04-11,2039014,2026-04-11,周六013,瑞典超级联赛,IFK哥德堡,赫根,2.7,3.23,2.23,0,2,2,负,official_result_market_odds,2026-08-11T21:44:29
2026-04-11,2039015,2026-04-11,周六014,德国甲级联赛,海登海姆,柏林联合,2.6,3.2,2.32,3,1,0,胜,official_result_market_odds,2026-08-11T21:44:29
2026-04-11,2039016,2026-04-11,周六015,德国甲级联赛,多特蒙德,勒沃库森,1.92,3.6,3.02,0,1,2,负,official_result_market_odds,2026-08-11T21:44:29
2026-04-11,2039017,2026-04-11,周六016,德国甲级联赛,莱比锡红牛,门兴格拉德巴赫,1.32,4.7,6.3,1,0,0,胜,official_result_market_odds,2026-08-11T21:44:29
2026-04-11,2039018,2026-04-11,周六017,德国甲级联赛,沃尔夫斯堡,法兰克福,2.4,3.33,2.43,1,2,2,负,official_result_market_odds,2026-08-11T21:44:29
2026-04-11,2039019,2026-04-11,周六018,英格兰超级联赛,布伦特福德,埃弗顿,2.05,3.05,3.2,2,2,1,平,official_result_market_odds,2026-08-11T21:44:29
2026-04-11,2039020,2026-04-11,周六019,西班牙甲级联赛,埃尔切,巴伦西亚,2.5,2.97,2.55,1,0,0,胜,official_result_market_odds,2026-08-11T21:44:29
2026-04-11,2039021,2026-04-11,周六020,荷兰甲级联赛,乌德勒支,特尔斯达,1.41,4.25,5.4,4,1,0,胜,official_result_market_odds,2026-08-11T21:44:29
2026-04-11,2039069,2026-04-11,周六010,挪威超级联赛,利勒斯特罗姆,斯达,1.29,4.9,6.7,3,1,0,胜,official_result_market_odds,2026-08-11T21:44:29
2026-04-12,2039022,2026-04-12,周六021,沙特职业联赛,欧奈宰纳伊马,新未来SC,4.9,4.16,1.46,2,1,0,胜,official_result_market_odds,2026-08-11T21:44:29
2026-04-12,2039023,2026-04-12,周六022,意大利甲级联赛,AC米兰,乌迪内斯,1.26,4.6,8.5,0,3,2,负,official_result_market_odds,2026-08-11T21:44:29
2026-04-12,2039024,2026-04-12,周六023,英格兰超级联赛,利物浦,富勒姆,1.55,4.0,4.26,2,0,0,胜,official_result_market_odds,2026-08-11T21:44:29
2026-04-12,2039025,2026-04-12,周六024,德国甲级联赛,圣保利,拜仁慕尼黑,7.0,4.9,1.28,0,5,2,负,official_result_market_odds,2026-08-11T21:44:29
2026-04-12,2039026,2026-04-12,周六025,西班牙甲级联赛,巴塞罗那,西班牙人,1.23,5.45,7.5,4,1,0,胜,official_result_market_odds,2026-08-11T21:44:29
2026-04-12,2039027,2026-04-12,周六026,意大利甲级联赛,亚特兰大,尤文图斯,3.0,3.0,2.16,0,1,2,负,official_result_market_odds,2026-08-11T21:44:29
2026-04-12,2039028,2026-04-12,周六027,西班牙甲级联赛,塞维利亚,马德里竞技,2.14,3.2,2.86,2,1,0,胜,official_result_market_odds,2026-08-11T21:44:29
2026-04-12,2039029,2026-04-12,周六028,法国甲级联赛,雷恩,昂热,1.21,5.15,9.15,2,1,0,胜,official_result_market_odds,2026-08-11T21:44:29
2026-04-12,2039030,2026-04-12,周六029,葡萄牙超级联赛,阿马多拉,里斯本竞技,12.0,5.95,1.14,0,1,2,负,official_result_market_odds,2026-08-11T21:44:29
2026-04-12,2039031,2026-04-12,周六030,美国职业大联盟,夏洛特FC,纳什维尔,2.32,3.25,2.56,1,2,2,负,official_result_market_odds,2026-08-11T21:44:29
2026-04-12,2039032,2026-04-12,周日001,澳大利亚超级联赛,墨尔本城,惠灵顿凤凰,1.65,3.75,3.9,2,0,0,胜,official_result_market_odds,2026-08-11T21:44:29
2026-04-12,2039033,2026-04-12,周日002,日本职业联赛,川崎前锋,鹿岛鹿角,2.88,3.4,2.05,0,2,2,负,official_result_market_odds,2026-08-11T21:44:29
2026-04-12,2039034,2026-04-12,周日003,韩国职业联赛,金泉尚武,安养FC,2.19,2.9,3.05,1,1,1,平,official_result_market_odds,2026-08-11T21:44:29
2026-04-12,2039035,2026-04-12,周日004,澳大利亚超级联赛,珀斯光荣,麦克阿瑟FC,3.3,3.75,1.79,3,1,0,胜,official_result_market_odds,2026-08-11T21:44:29
2026-04-12,2039036,2026-04-12,周日005,荷兰甲级联赛,福图纳锡塔德,布雷达,2.59,3.3,2.27,1,1,1,平,official_result_market_odds,2026-08-11T21:44:29
2026-04-12,2039037,2026-04-12,周日006,意大利甲级联赛,热那亚,萨索洛,2.02,2.98,3.35,2,1,0,胜,official_result_market_odds,2026-08-11T21:44:29
2026-04-12,2039038,2026-04-12,周日007,英格兰冠军联赛,伯明翰,雷克斯汉姆,1.99,3.25,3.13,2,0,0,胜,official_result_market_odds,2026-08-11T21:44:29
2026-04-12,2039039,2026-04-12,周日008,德国乙级联赛,埃尔沃斯堡,沙尔克04,1.98,3.3,3.11,1,2,2,负,official_result_market_odds,2026-08-11T21:44:29
2026-04-12,2039040,2026-04-12,周日009,西班牙甲级联赛,奥萨苏纳,皇家贝蒂斯,2.08,3.2,2.98,1,1,1,平,official_result_market_odds,2026-08-11T21:44:29
2026-04-12,2039041,2026-04-12,周日010,瑞典超级联赛,佐加顿斯,卡尔马,1.52,3.7,5.0,3,2,0,胜,official_result_market_odds,2026-08-11T21:44:29
2026-04-12,2039042,2026-04-12,周日011,荷兰甲级联赛,奈梅亨,费耶诺德,1.9,3.7,3.0,1,1,1,平,official_result_market_odds,2026-08-11T21:44:29
2026-04-12,2039043,2026-04-12,周日012,英格兰超级联赛,诺丁汉森林,阿斯顿维拉,2.24,3.15,2.74,1,1,1,平,official_result_market_odds,2026-08-11T21:44:29
2026-04-12,2039044,2026-04-12,周日013,英格兰超级联赛,水晶宫,纽卡斯尔联,2.85,3.33,2.09,2,1,0,胜,official_result_market_odds,2026-08-11T21:44:29
2026-04-12,2039045,2026-04-12,周日014,英格兰超级联赛,桑德兰,托特纳姆热刺,2.65,3.19,2.28,1,0,0,胜,official_result_market_odds,2026-08-11T21:44:29
2026-04-12,2039046,2026-04-12,周日015,意大利甲级联赛,帕尔马,那不勒斯,5.6,3.52,1.5,1,1,1,平,official_result_market_odds,2026-08-11T21:44:29
2026-04-12,2039047,2026-04-12,周日016,德国甲级联赛,科隆,云达不来梅,2.05,3.35,2.92,3,1,0,胜,official_result_market_odds,2026-08-11T21:44:29
2026-04-12,2039048,2026-04-12,周日017,西班牙甲级联赛,马洛卡,巴列卡诺,2.15,2.9,3.13,3,0,0,胜,official_result_market_odds,2026-08-11T21:44:29
2026-04-12,2039049,2026-04-12,周日018,瑞典超级联赛,马尔默,哥德堡盖斯,1.56,3.75,4.5,3,1,0,胜,official_result_market_odds,2026-08-11T21:44:29
2026-04-12,2039050,2026-04-12,周日019,荷兰甲级联赛,阿尔克马尔,海伦芬,1.57,4.05,4.1,3,0,0,胜,official_result_market_odds,2026-08-11T21:44:29
2026-04-12,2039051,2026-04-12,周日020,挪威超级联赛,莫尔德,汉坎,1.33,4.6,6.25,4,1,0,胜,official_result_market_odds,2026-08-11T21:44:29
2026-04-12,2039052,2026-04-12,周日021,法国甲级联赛,图卢兹,里尔,3.35,3.15,1.95,0,4,2,负,official_result_market_odds,2026-08-11T21:44:29
2026-04-12,2039053,2026-04-12,周日022,英格兰超级联赛,切尔西,曼彻斯特城,3.4,3.8,1.75,0,3,2,负,official_result_market_odds,2026-08-11T21:44:29
2026-04-12,2039054,2026-04-12,周日023,德国甲级联赛,斯图加特,汉堡,1.18,5.85,9.0,4,0,0,胜,official_result_market_odds,2026-08-11T21:44:29
2026-04-13,2039055,2026-04-13,周日024,意大利甲级联赛,博洛尼亚,莱切,1.65,3.25,4.65,2,0,0,胜,official_result_market_odds,2026-08-11T21:44:29
2026-04-13,2039056,2026-04-13,周日025,西班牙甲级联赛,维戈塞尔塔,皇家奥维耶多,1.52,3.6,5.15,0,3,2,负,official_result_market_odds,2026-08-11T21:44:29
2026-04-13,2039057,2026-04-13,周日026,德国甲级联赛,美因茨,弗赖堡,2.1,2.9,3.25,0,1,2,负,official_result_market_odds,2026-08-11T21:44:29
2026-04-13,2039058,2026-04-13,周日027,意大利甲级联赛,科莫,国际米兰,2.94,3.25,2.08,3,4,2,负,official_result_market_odds,2026-08-11T21:44:29
2026-04-13,2039059,2026-04-13,周日028,西班牙甲级联赛,毕尔巴鄂竞技,比利亚雷亚尔,1.95,3.25,3.25,1,2,2,负,official_result_market_odds,2026-08-11T21:44:29
2026-04-13,2039060,2026-04-13,周日029,葡萄牙超级联赛,埃斯托里尔,波尔图,7.75,4.7,1.27,1,3,2,负,official_result_market_odds,2026-08-11T21:44:29
2026-04-13,2039061,2026-04-13,周日030,美国职业大联盟,哥伦布机员,奥兰多城,1.3,5.0,6.25,1,1,1,平,official_result_market_odds,2026-08-11T21:44:29
2026-04-14,2039062,2026-04-14,周一001,瑞典超级联赛,天狼星,哈马比,3.0,3.4,2.0,2,0,0,胜,official_result_market_odds,2026-08-11T21:44:29
2026-04-14,2039063,2026-04-14,周一002,瑞典超级联赛,布鲁马波卡纳,AIK索尔纳,3.95,3.6,1.67,2,2,1,平,official_result_market_odds,2026-08-11T21:44:29
2026-04-14,2039064,2026-04-14,周一003,意大利甲级联赛,佛罗伦萨,拉齐奥,2.1,2.9,3.25,1,0,0,胜,official_result_market_odds,2026-08-11T21:44:29
2026-04-14,2039065,2026-04-14,周一004,法国乙级联赛,罗德兹,特鲁瓦,3.37,3.36,1.87,2,1,0,胜,official_result_market_odds,2026-08-11T21:44:29
2026-04-14,2039066,2026-04-14,周一005,英格兰超级联赛,曼彻斯特联,利兹联,1.43,4.0,5.55,1,2,2,负,official_result_market_odds,2026-08-11T21:44:29
2026-04-14,2039067,2026-04-14,周一006,西班牙甲级联赛,莱万特,赫塔费,2.54,2.72,2.72,1,0,0,胜,official_result_market_odds,2026-08-11T21:44:29
2026-04-14,2039068,2026-04-14,周一007,葡萄牙超级联赛,通德拉,吉维森特,4.0,3.18,1.77,2,2,1,平,official_result_market_odds,2026-08-11T21:44:29
2026-04-15,2039101,2026-04-15,周二001,沙特职业联赛,胡巴尔卡德西亚,利雅得青年,1.42,4.48,4.95,2,2,1,平,official_result_market_odds,2026-08-11T21:44:29
2026-04-15,2039102,2026-04-15,周二002,欧洲冠军联赛,马德里竞技,巴塞罗那,3.95,4.58,1.52,1,2,2,负,official_result_market_odds,2026-08-11T21:44:29
2026-04-15,2039103,2026-04-15,周二003,欧洲冠军联赛,利物浦,巴黎圣日尔曼,2.24,4.06,2.29,0,2,2,负,official_result_market_odds,2026-08-11T21:44:29
2026-04-15,2039104,2026-04-15,周二004,英格兰冠军联赛,南安普敦,布莱克本,1.39,4.15,5.9,3,0,0,胜,official_result_market_odds,2026-08-11T21:44:29
2026-04-15,2039105,2026-04-15,周二005,英格兰冠军联赛,朴次茅斯,伊普斯维奇,4.0,3.35,1.72,2,0,0,胜,official_result_market_odds,2026-08-11T21:44:29
2026-04-15,2039106,2026-04-15,周二006,南美解放者杯,博卡青年,瓜亚基尔巴塞罗那,1.24,4.55,9.7,3,0,0,胜,official_result_market_odds,2026-08-11T21:44:29
2026-04-15,2039107,2026-04-15,周二007,南美解放者杯,基多体育大学,米拉索尔,1.67,3.4,4.22,2,0,0,胜,official_result_market_odds,2026-08-11T21:44:29
2026-04-15,2039108,2026-04-15,周三001,韩国职业联赛,蔚山现代,首尔FC,2.45,2.95,2.62,1,4,2,负,official_result_market_odds,2026-08-11T21:44:29
2026-04-15,2039109,2026-04-15,周三002,亚洲冠军乙级联赛,曼谷联,大阪钢巴,5.45,3.7,1.48,0,3,2,负,official_result_market_odds,2026-08-11T21:44:29
2026-04-16,2039110,2026-04-16,周三003,挪威超级联赛,特罗姆瑟,利勒斯特罗姆,1.61,3.8,4.08,0,0,1,平,official_result_market_odds,2026-08-11T21:44:29
2026-04-16,2039111,2026-04-16,周三004,挪威超级联赛,萨尔普斯堡,博德闪耀,5.8,5.35,1.3,1,1,1,平,official_result_market_odds,2026-08-11T21:44:29
2026-04-16,2039112,2026-04-16,周三005,欧洲冠军联赛,阿森纳,里斯本竞技,1.4,4.05,5.95,0,0,1,平,official_result_market_odds,2026-08-11T21:44:29
2026-04-16,2039113,2026-04-16,周三006,欧洲冠军联赛,拜仁慕尼黑,皇家马德里,1.44,5.4,4.0,4,3,0,胜,official_result_market_odds,2026-08-11T21:44:29
2026-04-16,2039114,2026-04-16,周三007,南美解放者杯,弗鲁米嫩塞,里瓦达维亚独立,1.42,3.72,6.4,1,2,2,负,official_result_market_odds,2026-08-11T21:44:29
2026-04-16,2039115,2026-04-16,周三008,南美解放者杯,科林蒂安,圣菲独立,1.29,4.25,8.5,2,0,0,胜,official_result_market_odds,2026-08-11T21:44:29
2026-04-17,2039116,2026-04-17,周四001,欧罗巴联赛,维戈塞尔塔,弗赖堡,1.8,3.65,3.35,1,3,2,负,official_result_market_odds,2026-08-11T21:44:29
2026-04-17,2039117,2026-04-17,周四002,欧罗巴联赛,诺丁汉森林,波尔图,2.28,3.0,2.8,1,0,0,胜,official_result_market_odds,2026-08-11T21:44:29
2026-04-17,2039118,2026-04-17,周四003,欧罗巴联赛,皇家贝蒂斯,布拉加,1.62,3.4,4.6,2,4,2,负,official_result_market_odds,2026-08-11T21:44:29
2026-04-17,2039119,2026-04-17,周四004,欧罗巴联赛,阿斯顿维拉,博洛尼亚,1.49,3.95,4.9,4,0,0,胜,official_result_market_odds,2026-08-11T21:44:29
2026-04-17,2039120,2026-04-17,周四005,欧洲协会联赛,佛罗伦萨,水晶宫,2.9,3.32,2.07,2,1,0,胜,official_result_market_odds,2026-08-11T21:44:29
2026-04-17,2039121,2026-04-17,周四006,欧洲协会联赛,雅典AEK,巴列卡诺,1.79,3.55,3.46,3,1,0,胜,official_result_market_odds,2026-08-11T21:44:29
2026-04-17,2039122,2026-04-17,周四007,欧洲协会联赛,斯特拉斯堡,美因茨,1.56,3.75,4.5,4,0,0,胜,official_result_market_odds,2026-08-11T21:44:29
2026-04-17,2039124,2026-04-17,周四009,南美解放者杯,弗拉门戈,麦德林独立,1.16,5.5,12.0,4,1,0,胜,official_result_market_odds,2026-08-11T21:44:29
2026-04-17,2039135,2026-04-17,周五001,澳大利亚超级联赛,墨尔本胜利,纽卡斯尔喷气机,2.1,3.72,2.6,2,2,1,平,official_result_market_odds,2026-08-11T21:44:29
2026-04-18,2039136,2026-04-18,周五002,德国乙级联赛,埃尔沃斯堡,卡尔斯鲁厄,1.29,5.15,6.25,3,0,0,胜,official_result_market_odds,2026-08-11T21:44:29
2026-04-18,2039137,2026-04-18,周五003,意大利甲级联赛,萨索洛,科莫,4.95,4.2,1.45,2,1,0,胜,official_result_market_odds,2026-08-11T21:44:29
2026-04-18,2039138,2026-04-18,周五004,瑞典超级联赛,佐加顿斯,马尔默,2.28,3.25,2.61,0,1,2,负,official_result_market_odds,2026-08-11T21:44:29
2026-04-18,2039139,2026-04-18,周五005,法国乙级联赛,勒芒,克莱蒙,1.45,3.95,5.35,1,0,0,胜,official_result_market_odds,2026-08-11T21:44:29
2026-04-18,2039140,2026-04-18,周五006,荷兰乙级联赛,阿尔梅勒城,多德勒支,1.75,3.75,3.45,4,1,0,胜,official_result_market_odds,2026-08-11T21:44:29
2026-04-18,2039141,2026-04-18,周五007,德国甲级联赛,圣保利,科隆,2.82,3.0,2.27,1,1,1,平,official_result_market_odds,2026-08-11T21:44:29
2026-04-18,2039142,2026-04-18,周五008,意大利甲级联赛,国际米兰,卡利亚里,1.13,6.2,12.0,3,0,0,胜,official_result_market_odds,2026-08-11T21:44:29
2026-04-18,2039143,2026-04-18,周五009,法国甲级联赛,朗斯,图卢兹,1.32,4.55,6.6,3,2,0,胜,official_result_market_odds,2026-08-11T21:44:29
2026-04-18,2039144,2026-04-18,周五010,英格兰冠军联赛,布莱克本,考文垂,3.52,3.32,1.84,1,1,1,平,official_result_market_odds,2026-08-11T21:44:29
2026-04-18,2039145,2026-04-18,周五011,葡萄牙超级联赛,里奥阿维,阿维斯SAD,1.54,3.6,4.95,2,2,1,平,official_result_market_odds,2026-08-11T21:44:29
2026-04-18,2039153,2026-04-18,周六001,澳大利亚超级联赛,惠灵顿凤凰,西悉尼漫步者,1.97,3.88,2.75,2,1,0,胜,official_result_market_odds,2026-08-11T21:44:29
2026-04-18,2039154,2026-04-18,周六003,日本职业联赛,大阪樱花,京都不死鸟,2.1,3.38,2.8,3,0,0,胜,official_result_market_odds,2026-08-11T21:44:29
2026-04-18,2039155,2026-04-18,周六004,韩国职业联赛,济州SK,金泉尚武,3.05,2.88,2.2,1,1,1,平,official_result_market_odds,2026-08-11T21:44:29
2026-04-18,2039156,2026-04-18,周六005,澳大利亚超级联赛,悉尼FC,珀斯光荣,1.5,4.1,4.6,0,0,1,平,official_result_market_odds,2026-08-11T21:44:29
2026-04-18,2039157,2026-04-18,周六006,德国乙级联赛,马格德堡,杜塞尔多夫,1.71,3.75,3.6,2,0,0,胜,official_result_market_odds,2026-08-11T21:44:29
2026-04-18,2039158,2026-04-18,周六007,英格兰超级联赛,布伦特福德,富勒姆,1.86,3.5,3.28,0,0,1,平,official_result_market_odds,2026-08-11T21:44:29
2026-04-18,2039159,2026-04-18,周六008,英格兰冠军联赛,德比郡,牛津联,1.81,3.27,3.7,1,0,0,胜,official_result_market_odds,2026-08-11T21:44:29
2026-04-18,2039161,2026-04-18,周六010,意大利甲级联赛,乌迪内斯,帕尔马,1.93,3.0,3.6,0,1,2,负,official_result_market_odds,2026-08-11T21:44:29
2026-04-18,2039162,2026-04-18,周六011,瑞典超级联赛,天狼星,韦斯特罗斯,1.41,3.95,6.0,4,1,0,胜,official_result_market_odds,2026-08-11T21:44:29
2026-04-18,2039163,2026-04-18,周六012,芬兰超级联赛,雅罗,库奥皮奥,5.15,4.15,1.44,1,1,1,平,official_result_market_odds,2026-08-11T21:44:29
2026-04-18,2039164,2026-04-18,周六013,德国甲级联赛,霍芬海姆,多特蒙德,2.06,3.9,2.58,2,1,0,胜,official_result_market_odds,2026-08-11T21:44:29
2026-04-18,2039165,2026-04-18,周六014,德国甲级联赛,云达不来梅,汉堡,1.72,3.4,3.95,3,1,0,胜,official_result_market_odds,2026-08-11T21:44:29
2026-04-18,2039166,2026-04-18,周六015,德国甲级联赛,柏林联合,沃尔夫斯堡,1.96,3.35,3.12,1,2,2,负,official_result_market_odds,2026-08-11T21:44:29
2026-04-18,2039167,2026-04-18,周六016,德国甲级联赛,勒沃库森,奥格斯堡,1.26,5.05,7.25,1,2,2,负,official_result_market_odds,2026-08-11T21:44:29
2026-04-18,2039168,2026-04-18,周六017,英格兰超级联赛,利兹联,狼队,1.39,4.0,6.25,3,0,0,胜,official_result_market_odds,2026-08-11T21:44:29
2026-04-18,2039169,2026-04-18,周六018,英格兰超级联赛,纽卡斯尔联,伯恩茅斯,2.01,3.5,2.9,1,2,2,负,official_result_market_odds,2026-08-11T21:44:29
2026-04-18,2039170,2026-04-18,周六019,法国甲级联赛,洛里昂,马赛,4.65,4.05,1.5,2,0,0,胜,official_result_market_odds,2026-08-11T21:44:29
2026-04-18,2039211,2026-04-18,周六002,日本职业联赛,东京绿茵,千叶市原,1.97,3.0,3.47,1,0,0,胜,official_result_market_odds,2026-08-11T21:44:29
2026-04-19,2039171,2026-04-19,周六020,意大利甲级联赛,那不勒斯,拉齐奥,1.39,3.9,6.5,0,2,2,负,official_result_market_odds,2026-08-11T21:44:29
2026-04-19,2039172,2026-04-19,周六021,德国甲级联赛,法兰克福,莱比锡红牛,3.5,3.86,1.71,1,3,2,负,official_result_market_odds,2026-08-11T21:44:29
2026-04-19,2039173,2026-04-19,周六022,葡萄牙超级联赛,卡萨皮亚,圣克拉拉,3.45,2.77,2.09,0,0,1,平,official_result_market_odds,2026-08-11T21:44:29
2026-04-19,2039174,2026-04-19,周六023,意大利甲级联赛,罗马,亚特兰大,2.27,3.0,2.82,1,1,1,平,official_result_market_odds,2026-08-11T21:44:29
2026-04-19,2039175,2026-04-19,周六024,英格兰超级联赛,切尔西,曼彻斯特联,1.95,3.55,2.99,0,1,2,负,official_result_market_odds,2026-08-11T21:44:29
2026-04-19,2039176,2026-04-19,周六025,西班牙国王杯,马德里竞技,皇家社会,1.7,3.52,3.9,2,2,1,平,official_result_market_odds,2026-08-11T21:44:29
2026-04-19,2039177,2026-04-19,周六026,法国甲级联赛,里尔,尼斯,1.35,4.35,6.3,0,0,1,平,official_result_market_odds,2026-08-11T21:44:29
2026-04-19,2039178,2026-04-19,周六027,美国职业大联盟,纽约城,夏洛特FC,1.63,3.7,4.07,1,2,2,负,official_result_market_odds,2026-08-11T21:44:29
2026-04-19,2039179,2026-04-19,周日001,韩国职业联赛,蔚山现代,光州FC,1.39,3.85,6.65,5,1,0,胜,official_result_market_odds,2026-08-11T21:44:29
2026-04-19,2039180,2026-04-19,周日002,澳大利亚超级联赛,阿德莱德联,麦克阿瑟FC,1.64,4.2,3.55,3,1,0,胜,official_result_market_odds,2026-08-11T21:44:29
2026-04-19,2039181,2026-04-19,周日003,日本职业联赛,大阪钢巴,冈山绿雉,1.58,3.52,4.7,2,2,1,平,official_result_market_odds,2026-08-11T21:44:29
2026-04-19,2039182,2026-04-19,周日004,日本职业联赛,名古屋鲸八,福冈黄蜂,1.57,3.42,5.0,2,2,1,平,official_result_market_odds,2026-08-11T21:44:29
2026-04-19,2039183,2026-04-19,周日005,韩国职业联赛,浦项制铁,安养FC,2.2,2.85,3.1,0,1,2,负,official_result_market_odds,2026-08-11T21:44:29
2026-04-19,2039184,2026-04-19,周日006,意大利甲级联赛,克雷莫纳,都灵,2.86,2.9,2.3,0,0,1,平,official_result_market_odds,2026-08-11T21:44:29
2026-04-19,2039185,2026-04-19,周日007,英格兰冠军联赛,伊普斯维奇,米德尔斯堡,2.01,3.4,2.96,2,2,1,平,official_result_market_odds,2026-08-11T21:44:29
2026-04-19,2039186,2026-04-19,周日008,德国乙级联赛,菲尔特,达姆施塔特,3.06,3.45,1.95,3,2,0,胜,official_result_market_odds,2026-08-11T21:44:29
2026-04-19,2039187,2026-04-19,周日009,瑞典超级联赛,AIK索尔纳,卡尔马,1.52,3.74,4.9,1,0,0,胜,official_result_market_odds,2026-08-11T21:44:29
2026-04-19,2039188,2026-04-19,周日010,挪威超级联赛,瓦勒伦加,利勒斯特罗姆,2.37,3.45,2.4,0,2,2,负,official_result_market_odds,2026-08-11T21:44:29
2026-04-19,2039189,2026-04-19,周日011,英格兰超级联赛,诺丁汉森林,伯恩利,1.36,4.2,6.4,4,1,0,胜,official_result_market_odds,2026-08-11T21:44:29
2026-04-19,2039190,2026-04-19,周日012,英格兰超级联赛,阿斯顿维拉,桑德兰,1.59,3.45,4.75,4,3,0,胜,official_result_market_odds,2026-08-11T21:44:29
2026-04-19,2039191,2026-04-19,周日013,英格兰超级联赛,埃弗顿,利物浦,3.02,3.2,2.06,1,2,2,负,official_result_market_odds,2026-08-11T21:44:29
2026-04-19,2039192,2026-04-19,周日014,意大利甲级联赛,维罗纳,AC米兰,6.55,4.05,1.37,0,1,2,负,official_result_market_odds,2026-08-11T21:44:29
2026-04-19,2039193,2026-04-19,周日015,德国甲级联赛,弗赖堡,海登海姆,1.51,3.95,4.67,2,1,0,胜,official_result_market_odds,2026-08-11T21:44:29
2026-04-19,2039194,2026-04-19,周日016,瑞典超级联赛,赫根,哥德堡盖斯,1.85,3.45,3.35,2,1,0,胜,official_result_market_odds,2026-08-11T21:44:29
2026-04-19,2039195,2026-04-19,周日017,挪威超级联赛,萨尔普斯堡,特罗姆瑟,3.3,3.55,1.84,0,1,2,负,official_result_market_odds,2026-08-11T21:44:29
2026-04-19,2039196,2026-04-19,周日018,法国甲级联赛,斯特拉斯堡,雷恩,3.43,3.75,1.75,0,3,2,负,official_result_market_odds,2026-08-11T21:44:29
2026-04-19,2039197,2026-04-19,周日019,英格兰超级联赛,曼彻斯特城,阿森纳,1.73,3.4,3.88,2,1,0,胜,official_result_market_odds,2026-08-11T21:44:29
2026-04-19,2039198,2026-04-19,周日020,德国甲级联赛,拜仁慕尼黑,斯图加特,1.35,5.1,5.2,4,2,0,胜,official_result_market_odds,2026-08-11T21:44:29
2026-04-20,2039199,2026-04-20,周日021,意大利甲级联赛,比萨,热那亚,3.05,2.73,2.3,1,2,2,负,official_result_market_odds,2026-08-11T21:44:29
2026-04-20,2039200,2026-04-20,周日022,荷兰杯,阿尔克马尔,奈梅亨,2.4,3.1,2.56,5,1,0,胜,official_result_market_odds,2026-08-11T21:44:29
2026-04-20,2039201,2026-04-20,周日023,葡萄牙超级联赛,里斯本竞技,本菲卡,2.02,2.87,3.5,1,2,2,负,official_result_market_odds,2026-08-11T21:44:29
2026-04-20,2039202,2026-04-20,周日024,德国甲级联赛,门兴格拉德巴赫,美因茨,2.17,3.03,2.95,1,1,1,平,official_result_market_odds,2026-08-11T21:44:29
2026-04-20,2039203,2026-04-20,周日025,意大利甲级联赛,尤文图斯,博洛尼亚,1.3,4.65,6.9,2,0,0,胜,official_result_market_odds,2026-08-11T21:44:29
2026-04-20,2039204,2026-04-20,周日026,法国甲级联赛,巴黎圣日尔曼,里昂,1.17,5.9,9.5,1,2,2,负,official_result_market_odds,2026-08-11T21:44:29
2026-04-20,2039205,2026-04-20,周日027,葡萄牙超级联赛,布拉加,法马利康,1.86,3.15,3.65,2,2,1,平,official_result_market_odds,2026-08-11T21:44:29
2026-04-20,2039206,2026-04-20,周日028,美国职业大联盟,洛杉矶FC,圣何塞地震,1.52,4.1,4.4,1,4,2,负,official_result_market_odds,2026-08-11T21:44:29
2026-04-21,2039207,2026-04-21,周一001,意大利甲级联赛,莱切,佛罗伦萨,3.42,3.12,1.94,1,1,1,平,official_result_market_odds,2026-08-11T21:44:29
2026-04-21,2039208,2026-04-21,周一002,法国乙级联赛,敦刻尔克,拉瓦勒,1.92,3.05,3.56,0,2,2,负,official_result_market_odds,2026-08-11T21:44:29
2026-04-21,2039209,2026-04-21,周一003,英格兰超级联赛,水晶宫,西汉姆联,2.44,3.1,2.52,0,0,1,平,official_result_market_odds,2026-08-11T21:44:29
2026-04-21,2039210,2026-04-21,周一004,葡萄牙超级联赛,摩雷伦斯,埃斯托里尔,3.05,3.0,2.14,1,0,0,胜,official_result_market_odds,2026-08-11T21:44:29
2026-04-21,2039239,2026-04-21,周一005,亚洲冠军精英联赛,神户胜利船,吉达国民,3.82,3.45,1.73,1,2,2,负,official_result_market_odds,2026-08-11T21:44:29
2026-04-21,2039240,2026-04-21,周二001,韩国职业联赛,全北现代,仁川联,1.62,3.4,4.6,1,2,2,负,official_result_market_odds,2026-08-11T21:44:29
2026-04-21,2039241,2026-04-21,周二002,韩国职业联赛,金泉尚武,江原FC,3.0,2.9,2.22,0,3,2,负,official_result_market_odds,2026-08-11T21:44:29
2026-04-22,2039242,2026-04-22,周二003,亚洲冠军精英联赛,町田泽维亚,迪拜国民青年,2.23,2.9,2.98,1,0,0,胜,official_result_market_odds,2026-08-11T21:44:29
2026-04-22,2039243,2026-04-22,周二004,西班牙甲级联赛,马洛卡,巴伦西亚,2.13,3.15,2.92,1,1,1,平,official_result_market_odds,2026-08-11T21:44:29
2026-04-22,2039244,2026-04-22,周二005,西班牙甲级联赛,毕尔巴鄂竞技,奥萨苏纳,1.7,3.2,4.38,1,0,0,胜,official_result_market_odds,2026-08-11T21:44:29
2026-04-22,2039245,2026-04-22,周二006,英格兰冠军联赛,牛津联,雷克斯汉姆,2.32,3.08,2.68,0,1,2,负,official_result_market_odds,2026-08-11T21:44:29
2026-04-22,2039246,2026-04-22,周二007,意大利杯,国际米兰,科莫,1.7,3.51,3.9,3,2,0,胜,official_result_market_odds,2026-08-11T21:44:29
2026-04-22,2039247,2026-04-22,周二008,法国杯,朗斯,图卢兹,1.38,4.2,6.0,4,1,0,胜,official_result_market_odds,2026-08-11T21:44:29
2026-04-22,2039248,2026-04-22,周二009,西班牙甲级联赛,皇家马德里,阿拉维斯,1.14,6.2,11.0,2,1,0,胜,official_result_market_odds,2026-08-11T21:44:29
2026-04-22,2039249,2026-04-22,周二010,西班牙甲级联赛,赫罗纳,皇家贝蒂斯,2.41,2.95,2.66,2,3,2,负,official_result_market_odds,2026-08-11T21:44:29
2026-04-22,2039250,2026-04-22,周三001,日本职业联赛,大阪钢巴,福冈黄蜂,1.75,3.3,3.95,1,2,2,负,official_result_market_odds,2026-08-11T21:44:29
2026-04-22,2039251,2026-04-22,周三002,韩国职业联赛,浦项制铁,光州FC,1.43,3.8,6.0,1,0,0,胜,official_result_market_odds,2026-08-11T21:44:29
2026-04-22,2039252,2026-04-22,周三003,芬兰超级联赛,库奥皮奥,AC奥卢,1.84,3.55,3.3,3,2,0,胜,official_result_market_odds,2026-08-11T21:44:29
2026-04-23,2039253,2026-04-23,周三004,西班牙甲级联赛,埃尔切,马德里竞技,2.34,3.5,2.4,3,2,0,胜,official_result_market_odds,2026-08-11T21:44:29
2026-04-23,2039255,2026-04-23,周三006,瑞典超级联赛,埃尔夫斯堡,佐加顿斯,2.72,3.15,2.25,2,1,0,胜,official_result_market_odds,2026-08-11T21:44:29
2026-04-23,2039256,2026-04-23,周三007,西班牙甲级联赛,皇家社会,赫塔费,2.03,2.85,3.5,0,1,2,负,official_result_market_odds,2026-08-11T21:44:29
2026-04-23,2039257,2026-04-23,周三008,荷兰甲级联赛,特尔斯达,鹿特丹斯巴达,2.1,3.43,2.78,4,1,0,胜,official_result_market_odds,2026-08-11T21:44:29
2026-04-23,2039258,2026-04-23,周三009,英格兰冠军联赛,查尔顿,伊普斯维奇,5.95,3.9,1.42,1,2,2,负,official_result_market_odds,2026-08-11T21:44:29
2026-04-23,2039259,2026-04-23,周三010,德国杯,勒沃库森,拜仁慕尼黑,4.45,4.45,1.47,0,2,2,负,official_result_market_odds,2026-08-11T21:44:29
2026-04-23,2039261,2026-04-23,周三012,英格兰超级联赛,伯恩茅斯,利兹联,1.73,3.62,3.64,2,2,1,平,official_result_market_odds,2026-08-11T21:44:29
2026-04-23,2039262,2026-04-23,周三013,意大利杯,亚特兰大,拉齐奥,1.65,3.4,4.4,1,1,1,平,official_result_market_odds,2026-08-11T21:44:29
2026-04-23,2039263,2026-04-23,周三014,法国杯,斯特拉斯堡,尼斯,1.5,3.85,4.95,0,2,2,负,official_result_market_odds,2026-08-11T21:44:29
2026-04-23,2039264,2026-04-23,周三015,西班牙甲级联赛,巴塞罗那,维戈塞尔塔,1.15,6.5,9.4,1,0,0,胜,official_result_market_odds,2026-08-11T21:44:29
2026-04-23,2039265,2026-04-23,周三016,美国职业大联盟,皇家盐湖城,迈阿密国际,1.98,3.85,2.75,0,2,2,负,official_result_market_odds,2026-08-11T21:44:29
2026-04-24,2039266,2026-04-24,周四001,沙特职业联赛,欧奈宰纳伊马,布赖代合作,5.5,4.4,1.39,1,2,2,负,official_result_market_odds,2026-08-11T21:44:29
2026-04-24,2039267,2026-04-24,周四002,荷兰甲级联赛,前进之鹰,阿尔克马尔,2.8,3.65,2.01,0,0,1,平,official_result_market_odds,2026-08-11T21:44:29
2026-04-24,2039268,2026-04-24,周四003,西班牙甲级联赛,莱万特,塞维利亚,2.32,2.9,2.83,2,0,0,胜,official_result_market_odds,2026-08-11T21:44:29
2026-04-24,2039269,2026-04-24,周四004,瑞典超级联赛,马尔默,天狼星,2.34,3.3,2.51,2,3,2,负,official_result_market_odds,2026-08-11T21:44:29
2026-04-24,2039270,2026-04-24,周四005,西班牙甲级联赛,巴列卡诺,西班牙人,1.99,2.9,3.55,1,0,0,胜,official_result_market_odds,2026-08-11T21:44:29
2026-04-24,2039271,2026-04-24,周四006,葡萄牙超级联赛,卡萨皮亚,布拉加,6.05,3.85,1.42,0,1,2,负,official_result_market_odds,2026-08-11T21:44:29
2026-04-24,2039272,2026-04-24,周四007,德国杯,斯图加特,弗赖堡,1.54,3.92,4.45,1,1,1,平,official_result_market_odds,2026-08-11T21:44:29
2026-04-24,2039274,2026-04-24,周四009,西班牙甲级联赛,皇家奥维耶多,比利亚雷亚尔,3.46,3.3,1.86,1,1,1,平,official_result_market_odds,2026-08-11T21:44:29
2026-04-24,2039288,2026-04-24,周五001,澳大利亚超级联赛,麦克阿瑟FC,惠灵顿凤凰,2.34,3.52,2.39,4,0,0,胜,official_result_market_odds,2026-08-11T21:44:29
2026-04-24,2039289,2026-04-24,周五002,日本职业联赛,柏太阳神,鹿岛鹿角,2.53,3.25,2.35,0,1,2,负,official_result_market_odds,2026-08-11T21:44:29
2026-04-24,2039290,2026-04-24,周五003,芬兰超级联赛,TPS图尔库,赫尔辛基火花,2.16,3.3,2.75,1,1,1,平,official_result_market_odds,2026-08-11T21:44:29
2026-04-25,2039291,2026-04-25,周五004,沙特职业联赛,拉斯决心,利雅得,2.46,3.3,2.38,2,1,0,胜,official_result_market_odds,2026-08-11T21:44:29
2026-04-25,2039292,2026-04-25,周五005,德国乙级联赛,凯泽斯劳滕,不伦瑞克,2.04,3.4,2.9,0,2,2,负,official_result_market_odds,2026-08-11T21:44:29
2026-04-25,2039293,2026-04-25,周五006,德国乙级联赛,杜塞尔多夫,德累斯顿,2.17,3.35,2.7,3,1,0,胜,official_result_market_odds,2026-08-11T21:44:29
2026-04-25,2039294,2026-04-25,周五007,法国乙级联赛,亚眠,蒙彼利埃,3.65,3.55,1.75,0,2,2,负,official_result_market_odds,2026-08-11T21:44:29
2026-04-25,2039295,2026-04-25,周五008,法国乙级联赛,拉瓦勒,罗德兹,2.6,3.1,2.37,0,0,1,平,official_result_market_odds,2026-08-11T21:44:29
2026-04-25,2039296,2026-04-25,周五009,荷兰乙级联赛,芬洛,阿尔梅勒城,2.7,3.75,2.04,3,1,0,胜,official_result_market_odds,2026-08-11T21:44:29
2026-04-25,2039297,2026-04-25,周五010,德国甲级联赛,莱比锡红牛,柏林联合,1.3,4.6,7.0,3,1,0,胜,official_result_market_odds,2026-08-11T21:44:29
2026-04-25,2039298,2026-04-25,周五011,意大利甲级联赛,那不勒斯,克雷莫纳,1.25,4.65,8.8,4,0,0,胜,official_result_market_odds,2026-08-11T21:44:29
2026-04-25,2039299,2026-04-25,周五012,法国甲级联赛,布雷斯特,朗斯,5.75,4.25,1.39,3,3,1,平,official_result_market_odds,2026-08-11T21:44:29
2026-04-25,2039300,2026-04-25,周五013,英格兰超级联赛,桑德兰,诺丁汉森林,2.65,2.84,2.5,0,5,2,负,official_result_market_odds,2026-08-11T21:44:29
2026-04-25,2039301,2026-04-25,周五014,西班牙甲级联赛,皇家贝蒂斯,皇家马德里,3.65,3.85,1.68,1,1,1,平,official_result_market_odds,2026-08-11T21:44:29
2026-04-25,2039302,2026-04-25,周五015,葡萄牙超级联赛,阿尔维卡,阿罗卡,2.13,2.94,3.13,2,1,0,胜,official_result_market_odds,2026-08-11T21:44:29
2026-04-25,2039307,2026-04-25,周六001,韩国职业联赛,江原FC,首尔FC,2.62,2.9,2.48,1,2,2,负,official_result_market_odds,2026-08-11T21:44:29
2026-04-25,2039308,2026-04-25,周六002,日本职业联赛,川崎前锋,千叶市原,1.5,3.85,4.95,2,1,0,胜,official_result_market_odds,2026-08-11T21:44:29
2026-04-25,2039309,2026-04-25,周六003,澳大利亚超级联赛,纽卡斯尔喷气机,中央海岸水手,1.33,5.1,5.5,4,0,0,胜,official_result_market_odds,2026-08-11T21:44:29
2026-04-25,2039310,2026-04-25,周六004,澳大利亚超级联赛,西悉尼漫步者,墨尔本胜利,3.13,3.8,1.83,0,2,2,负,official_result_market_odds,2026-08-11T21:44:29
2026-04-25,2039311,2026-04-25,周六005,德国乙级联赛,明斯特普鲁士,比勒费尔德,3.12,3.25,2.0,2,3,2,负,official_result_market_odds,2026-08-11T21:44:29
2026-04-25,2039312,2026-04-25,周六006,英格兰超级联赛,富勒姆,阿斯顿维拉,2.42,3.35,2.4,1,0,0,胜,official_result_market_odds,2026-08-11T21:44:29
2026-04-25,2039313,2026-04-25,周六007,英格兰冠军联赛,西布罗姆维奇,伊普斯维奇,3.16,3.1,2.04,0,0,1,平,official_result_market_odds,2026-08-11T21:44:29
2026-04-25,2039314,2026-04-25,周六008,西班牙甲级联赛,阿拉维斯,马洛卡,1.95,3.0,3.53,2,1,0,胜,official_result_market_odds,2026-08-11T21:44:29
2026-04-25,2039315,2026-04-25,周六009,意大利甲级联赛,帕尔马,比萨,1.93,3.0,3.6,1,0,0,胜,official_result_market_odds,2026-08-11T21:44:29
2026-04-25,2039316,2026-04-25,周六010,德国甲级联赛,海登海姆,圣保利,2.2,3.28,2.7,2,0,0,胜,official_result_market_odds,2026-08-11T21:44:29
2026-04-25,2039317,2026-04-25,周六011,德国甲级联赛,科隆,勒沃库森,3.45,3.6,1.78,1,2,2,负,official_result_market_odds,2026-08-11T21:44:29
2026-04-25,2039318,2026-04-25,周六012,德国甲级联赛,沃尔夫斯堡,门兴格拉德巴赫,1.9,3.65,3.05,0,0,1,平,official_result_market_odds,2026-08-11T21:44:29
2026-04-25,2039319,2026-04-25,周六013,德国甲级联赛,美因茨,拜仁慕尼黑,3.45,4.15,1.67,3,4,2,负,official_result_market_odds,2026-08-11T21:44:29
2026-04-25,2039320,2026-04-25,周六014,德国甲级联赛,奥格斯堡,法兰克福,2.34,3.35,2.48,1,1,1,平,official_result_market_odds,2026-08-11T21:44:29
2026-04-25,2039321,2026-04-25,周六015,英格兰超级联赛,西汉姆联,埃弗顿,2.3,3.08,2.7,2,1,0,胜,official_result_market_odds,2026-08-11T21:44:29
2026-04-25,2039322,2026-04-25,周六016,英格兰超级联赛,狼队,托特纳姆热刺,5.3,4.15,1.43,0,1,2,负,official_result_market_odds,2026-08-11T21:44:29
2026-04-25,2039323,2026-04-25,周六017,英格兰超级联赛,利物浦,水晶宫,1.39,4.3,5.65,3,1,0,胜,official_result_market_odds,2026-08-11T21:44:29
2026-04-25,2039324,2026-04-25,周六018,西班牙甲级联赛,赫塔费,巴塞罗那,5.3,4.0,1.45,0,2,2,负,official_result_market_odds,2026-08-11T21:44:29
2026-04-25,2039325,2026-04-25,周六019,荷兰甲级联赛,费耶诺德,格罗宁根,1.52,4.1,4.4,3,1,0,胜,official_result_market_odds,2026-08-11T21:44:29
2026-04-26,2039326,2026-04-26,周六020,意大利甲级联赛,博洛尼亚,罗马,3.6,3.05,1.91,0,2,2,负,official_result_market_odds,2026-08-11T21:44:29
2026-04-26,2039327,2026-04-26,周六021,亚洲冠军精英联赛,吉达国民,町田泽维亚,1.58,3.25,5.3,0,0,1,平,official_result_market_odds,2026-08-11T21:44:29
2026-04-26,2039329,2026-04-26,周六023,英格兰超级联赛,阿森纳,纽卡斯尔联,1.29,4.75,6.95,1,0,0,胜,official_result_market_odds,2026-08-11T21:44:29
2026-04-26,2039330,2026-04-26,周六024,德国甲级联赛,汉堡,霍芬海姆,4.25,4.1,1.54,1,2,2,负,official_result_market_odds,2026-08-11T21:44:29
2026-04-26,2039331,2026-04-26,周六025,西班牙甲级联赛,巴伦西亚,赫罗纳,2.03,3.1,3.2,2,1,0,胜,official_result_market_odds,2026-08-11T21:44:29
2026-04-26,2039332,2026-04-26,周六026,法国甲级联赛,昂热,巴黎圣日尔曼,10.0,6.25,1.15,0,3,2,负,official_result_market_odds,2026-08-11T21:44:29
2026-04-26,2039334,2026-04-26,周六028,意大利甲级联赛,维罗纳,莱切,2.45,2.65,2.92,0,0,1,平,official_result_market_odds,2026-08-11T21:44:29
2026-04-26,2039335,2026-04-26,周六029,西班牙甲级联赛,马德里竞技,毕尔巴鄂竞技,1.93,3.35,3.2,3,2,0,胜,official_result_market_odds,2026-08-11T21:44:29
2026-04-26,2039336,2026-04-26,周六030,美国职业大联盟,纳什维尔,夏洛特FC,1.43,4.05,5.45,4,2,0,胜,official_result_market_odds,2026-08-11T21:44:29
2026-04-26,2039337,2026-04-26,周日001,韩国职业联赛,全北现代,浦项制铁,1.66,3.18,4.7,3,2,0,胜,official_result_market_odds,2026-08-11T21:44:29
2026-04-26,2039338,2026-04-26,周日002,澳大利亚超级联赛,墨尔本城,阿德莱德联,2.03,3.54,2.82,1,2,2,负,official_result_market_odds,2026-08-11T21:44:29
2026-04-26,2039339,2026-04-26,周日003,荷兰甲级联赛,SBV精英,乌德勒支,3.18,3.4,1.92,5,0,0,胜,official_result_market_odds,2026-08-11T21:44:29
2026-04-26,2039340,2026-04-26,周日004,意大利甲级联赛,佛罗伦萨,萨索洛,1.88,3.2,3.51,0,0,1,平,official_result_market_odds,2026-08-11T21:44:29
2026-04-26,2039341,2026-04-26,周日005,英格兰冠军联赛,考文垂,雷克斯汉姆,1.82,3.62,3.3,3,1,0,胜,official_result_market_odds,2026-08-11T21:44:29
2026-04-26,2039342,2026-04-26,周日006,德国乙级联赛,帕德博恩,沙尔克04,2.35,3.0,2.7,2,3,2,负,official_result_market_odds,2026-08-11T21:44:29
2026-04-26,2039343,2026-04-26,周日007,西班牙甲级联赛,巴列卡诺,皇家社会,2.52,3.12,2.43,3,3,1,平,official_result_market_odds,2026-08-11T21:44:29
2026-04-26,2039344,2026-04-26,周日008,瑞典超级联赛,佐加顿斯,哈马比,3.15,3.45,1.92,1,1,1,平,official_result_market_odds,2026-08-11T21:44:29
2026-04-26,2039345,2026-04-26,周日009,挪威超级联赛,莫尔德,瓦勒伦加,1.82,3.75,3.2,5,1,0,胜,official_result_market_odds,2026-08-11T21:44:29
2026-04-26,2039346,2026-04-26,周日010,意大利甲级联赛,热那亚,科莫,5.65,3.8,1.45,0,2,2,负,official_result_market_odds,2026-08-11T21:44:29
2026-04-26,2039347,2026-04-26,周日011,法国甲级联赛,洛里昂,斯特拉斯堡,1.93,3.5,3.08,2,3,2,负,official_result_market_odds,2026-08-11T21:44:29
2026-04-26,2039348,2026-04-26,周日012,德国甲级联赛,斯图加特,云达不来梅,1.4,4.3,5.47,1,1,1,平,official_result_market_odds,2026-08-11T21:44:29
2026-04-26,2039349,2026-04-26,周日013,英格兰足总杯,切尔西,利兹联,1.85,3.45,3.35,1,0,0,胜,official_result_market_odds,2026-08-11T21:44:29
2026-04-26,2039350,2026-04-26,周日014,西班牙甲级联赛,皇家奥维耶多,埃尔切,2.18,3.0,2.96,1,2,2,负,official_result_market_odds,2026-08-11T21:44:29
2026-04-26,2039351,2026-04-26,周日015,瑞典超级联赛,IFK哥德堡,哥德堡盖斯,2.5,3.05,2.49,2,2,1,平,official_result_market_odds,2026-08-11T21:44:29
2026-04-26,2039352,2026-04-26,周日016,法国甲级联赛,勒阿弗尔,梅斯,1.43,3.95,5.65,4,4,1,平,official_result_market_odds,2026-08-11T21:44:29
2026-04-26,2039353,2026-04-26,周日017,法国甲级联赛,巴黎FC,里尔,4.45,3.8,1.56,0,1,2,负,official_result_market_odds,2026-08-11T21:44:29
2026-04-26,2039354,2026-04-26,周日018,法国甲级联赛,雷恩,南特,1.33,4.4,6.65,2,1,0,胜,official_result_market_odds,2026-08-11T21:44:29
2026-04-26,2039355,2026-04-26,周日019,德国甲级联赛,多特蒙德,弗赖堡,1.29,4.8,6.85,4,0,0,胜,official_result_market_odds,2026-08-11T21:44:29
2026-04-27,2039356,2026-04-27,周日020,意大利甲级联赛,都灵,国际米兰,7.2,4.65,1.29,2,2,1,平,official_result_market_odds,2026-08-11T21:44:29
2026-04-27,2039357,2026-04-27,周日021,西班牙甲级联赛,奥萨苏纳,塞维利亚,1.92,2.9,3.8,2,1,0,胜,official_result_market_odds,2026-08-11T21:44:29
2026-04-27,2039358,2026-04-27,周日022,葡萄牙超级联赛,圣克拉拉,布拉加,3.35,2.92,2.05,2,1,0,胜,official_result_market_odds,2026-08-11T21:44:29
2026-04-27,2039359,2026-04-27,周日023,葡萄牙超级联赛,阿马多拉,波尔图,11.5,5.15,1.18,1,2,2,负,official_result_market_odds,2026-08-11T21:44:29
2026-04-27,2039360,2026-04-27,周日024,挪威超级联赛,利勒斯特罗姆,博德闪耀,3.36,4.1,1.7,0,2,2,负,official_result_market_odds,2026-08-11T21:44:29
2026-04-27,2039361,2026-04-27,周日025,意大利甲级联赛,AC米兰,尤文图斯,2.66,2.86,2.48,0,0,1,平,official_result_market_odds,2026-08-11T21:44:29
2026-04-27,2039362,2026-04-27,周日026,法国甲级联赛,马赛,尼斯,1.43,4.3,5.05,1,1,1,平,official_result_market_odds,2026-08-11T21:44:29
2026-04-27,2039363,2026-04-27,周日027,西班牙甲级联赛,比利亚雷亚尔,维戈塞尔塔,1.67,3.65,3.9,2,1,0,胜,official_result_market_odds,2026-08-11T21:44:29
2026-04-27,2039365,2026-04-27,周日029,美国职业大联盟,洛杉矶银河,皇家盐湖城,2.28,3.6,2.42,2,1,0,胜,official_result_market_odds,2026-08-11T21:44:29
2026-04-28,2039366,2026-04-28,周一001,意大利甲级联赛,卡利亚里,亚特兰大,4.8,3.62,1.55,3,2,0,胜,official_result_market_odds,2026-08-11T21:44:29
2026-04-28,2039367,2026-04-28,周一002,瑞典超级联赛,米亚尔比,哈尔姆斯塔德,1.29,4.55,7.5,2,0,0,胜,official_result_market_odds,2026-08-11T21:44:29
2026-04-28,2039368,2026-04-28,周一003,瑞典超级联赛,赫根,天狼星,2.95,3.63,1.94,2,2,1,平,official_result_market_odds,2026-08-11T21:44:29
2026-04-28,2039369,2026-04-28,周一004,瑞典超级联赛,AIK索尔纳,马尔默,2.27,3.04,2.78,0,1,2,负,official_result_market_odds,2026-08-11T21:44:29
2026-04-28,2039370,2026-04-28,周一005,意大利甲级联赛,拉齐奥,乌迪内斯,1.94,2.9,3.72,3,3,1,平,official_result_market_odds,2026-08-11T21:44:29
2026-04-28,2039371,2026-04-28,周一006,法国乙级联赛,布洛涅,敦刻尔克,2.8,2.78,2.43,2,6,2,负,official_result_market_odds,2026-08-11T21:44:29
2026-04-28,2039372,2026-04-28,周一007,英格兰超级联赛,曼彻斯特联,布伦特福德,1.73,3.65,3.6,2,1,0,胜,official_result_market_odds,2026-08-11T21:44:29
2026-04-28,2039373,2026-04-28,周一008,西班牙甲级联赛,西班牙人,莱万特,1.85,3.3,3.5,0,0,1,平,official_result_market_odds,2026-08-11T21:44:29
2026-04-28,2039374,2026-04-28,周一009,葡萄牙超级联赛,吉维森特,卡萨皮亚,1.55,3.45,5.15,2,1,0,胜,official_result_market_odds,2026-08-11T21:44:29
2026-04-29,2039401,2026-04-29,周二001,沙特职业联赛,新未来SC,拉斯决心,1.42,4.2,5.35,1,1,1,平,official_result_market_odds,2026-08-11T21:44:29
2026-04-29,2039403,2026-04-29,周二003,英格兰冠军联赛,南安普敦,伊普斯维奇,2.04,3.1,3.16,2,2,1,平,official_result_market_odds,2026-08-11T21:44:29
2026-04-29,2039404,2026-04-29,周二004,欧洲冠军联赛,巴黎圣日尔曼,拜仁慕尼黑,2.22,3.8,2.41,5,4,0,胜,official_result_market_odds,2026-08-11T21:44:29
2026-04-29,2039405,2026-04-29,周二005,南美解放者杯,拉努斯,基多体育大学,1.5,3.45,5.8,1,0,0,胜,official_result_market_odds,2026-08-11T21:44:29
2026-04-29,2039406,2026-04-29,周三001,日本职业联赛,神户胜利船,大阪樱花,1.4,4.2,5.65,0,0,1,平,official_result_market_odds,2026-08-11T21:44:29
2026-04-29,2039407,2026-04-29,周三002,日本职业联赛,京都不死鸟,大阪钢巴,2.27,3.05,2.77,1,1,1,平,official_result_market_odds,2026-08-11T21:44:29
2026-04-29,2039408,2026-04-29,周三003,日本职业联赛,浦和红钻,川崎前锋,2.1,3.25,2.9,2,0,0,胜,official_result_market_odds,2026-08-11T21:44:29
2026-04-29,2039409,2026-04-29,周三004,日本职业联赛,水户蜀葵,町田泽维亚,3.5,2.98,1.97,2,2,1,平,official_result_market_odds,2026-08-11T21:44:29
2026-04-29,2039410,2026-04-29,周三005,日本职业联赛,柏太阳神,东京FC,2.6,3.23,2.3,1,3,2,负,official_result_market_odds,2026-08-11T21:44:29
2026-04-30,2039411,2026-04-30,周三006,芬兰超级联赛,国际图尔库,赫尔辛基,2.13,2.93,3.15,1,1,1,平,official_result_market_odds,2026-08-11T21:44:29
2026-04-30,2039412,2026-04-30,周三007,挪威超级联赛,特罗姆瑟,布兰,1.72,3.58,3.72,0,5,2,负,official_result_market_odds,2026-08-11T21:44:29
2026-04-30,2039413,2026-04-30,周三008,沙特职业联赛,利雅得胜利,吉达国民,1.5,4.2,4.45,2,0,0,胜,official_result_market_odds,2026-08-11T21:44:29
2026-04-30,2039414,2026-04-30,周三009,欧洲冠军联赛,马德里竞技,阿森纳,2.87,3.1,2.18,1,1,1,平,official_result_market_odds,2026-08-11T21:44:29
2026-04-30,2039416,2026-04-30,周三011,南美解放者杯,拉普拉塔大学生,弗拉门戈,3.62,2.85,1.99,1,1,1,平,official_result_market_odds,2026-08-11T21:44:29
2026-04-30,2039417,2026-04-30,周三012,南美解放者杯,波特诺山丘,帕尔梅拉斯,4.9,3.3,1.61,1,1,1,平,official_result_market_odds,2026-08-11T21:44:29
2026-05-01,2039419,2026-05-01,周四002,沙特职业联赛,拉斯永恒,迈季迈阿宽广,2.43,3.06,2.56,1,1,1,平,official_result_market_odds,2026-08-11T21:44:29
2026-05-01,2039420,2026-05-01,周四003,欧罗巴联赛,布拉加,弗赖堡,2.09,3.0,3.15,2,1,0,胜,official_result_market_odds,2026-08-11T21:44:29
2026-05-01,2039421,2026-05-01,周四004,欧罗巴联赛,诺丁汉森林,阿斯顿维拉,2.78,3.08,2.25,1,0,0,胜,official_result_market_odds,2026-08-11T21:44:29
2026-05-01,2039422,2026-05-01,周四005,欧洲协会联赛,巴列卡诺,斯特拉斯堡,1.97,3.0,3.47,1,0,0,胜,official_result_market_odds,2026-08-11T21:44:29
2026-05-01,2039423,2026-05-01,周四006,南美解放者杯,玻利瓦尔,弗鲁米嫩塞,1.76,3.4,3.74,2,0,0,胜,official_result_market_odds,2026-08-11T21:44:29
2026-05-01,2039424,2026-05-01,周四007,南美解放者杯,科林蒂安,佩纳罗尔,1.44,3.32,7.5,2,0,0,胜,official_result_market_odds,2026-08-11T21:44:29
2026-05-02,2039437,2026-05-02,周五001,挪威超级联赛,维京,罗森博格,1.24,5.25,7.6,3,0,0,胜,official_result_market_odds,2026-08-11T21:44:29
2026-05-02,2039438,2026-05-02,周五002,荷兰乙级联赛,瓦尔韦克,罗达JC,1.79,3.5,3.52,1,1,1,平,official_result_market_odds,2026-08-11T21:44:29
2026-05-02,2039439,2026-05-02,周五003,意大利甲级联赛,比萨,莱切,3.55,2.78,2.05,1,2,2,负,official_result_market_odds,2026-08-11T21:44:29
2026-05-02,2039440,2026-05-02,周五004,英格兰超级联赛,利兹联,伯恩利,1.25,4.8,8.25,3,1,0,胜,official_result_market_odds,2026-08-11T21:44:29
2026-05-02,2039441,2026-05-02,周五005,西班牙甲级联赛,赫罗纳,马洛卡,1.92,3.18,3.4,0,1,2,负,official_result_market_odds,2026-08-11T21:44:29
2026-05-02,2039447,2026-05-02,周六001,澳大利亚超级联赛,奥克兰FC,墨尔本城,2.17,3.0,2.98,1,1,1,平,official_result_market_odds,2026-08-11T21:44:29
2026-05-02,2039448,2026-05-02,周六002,韩国职业联赛,蔚山现代,浦项制铁,1.93,3.1,3.46,0,1,2,负,official_result_market_odds,2026-08-11T21:44:29
2026-05-02,2039449,2026-05-02,周六003,日本职业联赛,大阪钢巴,神户胜利船,3.0,3.25,2.05,5,0,0,胜,official_result_market_odds,2026-08-11T21:44:29
2026-05-02,2039450,2026-05-02,周六004,韩国职业联赛,仁川联,江原FC,3.05,2.88,2.2,0,1,2,负,official_result_market_odds,2026-08-11T21:44:29
2026-05-02,2039451,2026-05-02,周六005,澳大利亚超级联赛,墨尔本胜利,悉尼FC,1.68,3.65,3.85,0,1,2,负,official_result_market_odds,2026-08-11T21:44:29
2026-05-02,2039452,2026-05-02,周六006,英格兰冠军联赛,雷克斯汉姆,米德尔斯堡,3.04,3.45,1.96,2,2,1,平,official_result_market_odds,2026-08-11T21:44:29
2026-05-02,2039453,2026-05-02,周六007,西班牙甲级联赛,比利亚雷亚尔,莱万特,1.61,3.9,3.98,5,1,0,胜,official_result_market_odds,2026-08-11T21:44:29
2026-05-02,2039454,2026-05-02,周六008,意大利甲级联赛,乌迪内斯,都灵,1.95,2.75,3.95,2,0,0,胜,official_result_market_odds,2026-08-11T21:44:29
2026-05-02,2039455,2026-05-02,周六009,瑞典超级联赛,代格福什,赫根,3.02,3.3,2.02,1,1,1,平,official_result_market_odds,2026-08-11T21:44:29
2026-05-02,2039456,2026-05-02,周六010,德国甲级联赛,云达不来梅,奥格斯堡,1.88,3.48,3.22,1,3,2,负,official_result_market_odds,2026-08-11T21:44:29
2026-05-02,2039457,2026-05-02,周六011,德国甲级联赛,拜仁慕尼黑,海登海姆,1.17,6.5,8.3,3,3,1,平,official_result_market_odds,2026-08-11T21:44:29
2026-05-02,2039458,2026-05-02,周六012,德国甲级联赛,霍芬海姆,斯图加特,2.1,3.75,2.59,3,3,1,平,official_result_market_odds,2026-08-11T21:44:29
2026-05-02,2039459,2026-05-02,周六013,德国甲级联赛,柏林联合,科隆,2.57,3.05,2.43,2,2,1,平,official_result_market_odds,2026-08-11T21:44:29
2026-05-02,2039460,2026-05-02,周六014,德国甲级联赛,法兰克福,汉堡,1.54,4.05,4.3,1,2,2,负,official_result_market_odds,2026-08-11T21:44:29
2026-05-02,2039461,2026-05-02,周六015,英格兰超级联赛,狼队,桑德兰,3.8,3.25,1.79,1,1,1,平,official_result_market_odds,2026-08-11T21:44:29
2026-05-02,2039462,2026-05-02,周六016,英格兰超级联赛,布伦特福德,西汉姆联,1.78,3.6,3.45,3,0,0,胜,official_result_market_odds,2026-08-11T21:44:29
2026-05-02,2039463,2026-05-02,周六017,西班牙甲级联赛,巴伦西亚,马德里竞技,1.54,3.85,4.55,0,2,2,负,official_result_market_odds,2026-08-11T21:44:29
2026-05-02,2039464,2026-05-02,周六018,法国甲级联赛,巴黎圣日尔曼,洛里昂,1.22,5.45,7.9,2,2,1,平,official_result_market_odds,2026-08-11T21:44:29
2026-05-03,2039465,2026-05-03,周六019,意大利甲级联赛,科莫,那不勒斯,2.03,2.85,3.5,0,0,1,平,official_result_market_odds,2026-08-11T21:44:29
2026-05-03,2039466,2026-05-03,周六020,芬兰超级联赛,AC奥卢,库奥皮奥,2.88,3.2,2.13,2,0,0,胜,official_result_market_odds,2026-08-11T21:44:29
2026-05-03,2039467,2026-05-03,周六021,英格兰超级联赛,阿森纳,富勒姆,1.31,4.4,7.2,3,0,0,胜,official_result_market_odds,2026-08-11T21:44:29
2026-05-03,2039468,2026-05-03,周六022,德国甲级联赛,勒沃库森,莱比锡红牛,2.06,3.75,2.65,4,1,0,胜,official_result_market_odds,2026-08-11T21:44:29
2026-05-03,2039469,2026-05-03,周六023,西班牙甲级联赛,阿拉维斯,毕尔巴鄂竞技,2.72,3.0,2.34,2,4,2,负,official_result_market_odds,2026-08-11T21:44:29
2026-05-03,2039470,2026-05-03,周六024,葡萄牙超级联赛,法马利康,本菲卡,5.25,4.02,1.45,2,2,1,平,official_result_market_odds,2026-08-11T21:44:29
2026-05-03,2039472,2026-05-03,周六026,法国乙级联赛,勒芒,兰斯,2.43,2.7,2.88,1,1,1,平,official_result_market_odds,2026-08-11T21:44:29
2026-05-03,2039473,2026-05-03,周六027,荷兰甲级联赛,阿贾克斯,PSV埃因霍温,2.24,3.8,2.38,2,2,1,平,official_result_market_odds,2026-08-11T21:44:29
2026-05-03,2039474,2026-05-03,周六028,意大利甲级联赛,亚特兰大,热那亚,1.36,4.25,6.3,0,0,1,平,official_result_market_odds,2026-08-11T21:44:29
2026-05-03,2039475,2026-05-03,周六029,西班牙甲级联赛,奥萨苏纳,巴塞罗那,4.15,3.8,1.6,1,2,2,负,official_result_market_odds,2026-08-11T21:44:29
2026-05-03,2039476,2026-05-03,周六030,法国甲级联赛,尼斯,朗斯,4.1,3.96,1.58,1,1,1,平,official_result_market_odds,2026-08-11T21:44:29
2026-05-03,2039477,2026-05-03,周日001,日本职业联赛,大阪樱花,福冈黄蜂,1.63,3.45,4.42,1,1,1,平,official_result_market_odds,2026-08-11T21:44:29
2026-05-03,2039478,2026-05-03,周日002,日本职业联赛,鹿岛鹿角,町田泽维亚,2.09,2.92,3.25,1,1,1,平,official_result_market_odds,2026-08-11T21:44:29
2026-05-03,2039479,2026-05-03,周日003,荷兰甲级联赛,福伦丹,海伦芬,2.85,3.65,1.99,0,2,2,负,official_result_market_odds,2026-08-11T21:44:29
2026-05-03,2039480,2026-05-03,周日004,意大利甲级联赛,博洛尼亚,卡利亚里,2.05,3.0,3.25,0,0,1,平,official_result_market_odds,2026-08-11T21:44:29
2026-05-03,2039481,2026-05-03,周日005,德国乙级联赛,马格德堡,柏林赫塔,1.81,3.78,3.2,1,0,0,胜,official_result_market_odds,2026-08-11T21:44:29
2026-05-03,2039482,2026-05-03,周日006,德国乙级联赛,埃尔沃斯堡,帕德博恩,2.05,3.17,3.07,5,1,0,胜,official_result_market_odds,2026-08-11T21:44:29
2026-05-03,2039483,2026-05-03,周日007,西班牙甲级联赛,维戈塞尔塔,埃尔切,1.55,3.8,4.55,3,1,0,胜,official_result_market_odds,2026-08-11T21:44:29
2026-05-03,2039484,2026-05-03,周日008,瑞典超级联赛,马尔默,米亚尔比,2.4,3.15,2.53,2,3,2,负,official_result_market_odds,2026-08-11T21:44:29
2026-05-03,2039485,2026-05-03,周日009,荷兰甲级联赛,福图纳锡塔德,费耶诺德,5.35,4.4,1.4,1,2,2,负,official_result_market_odds,2026-08-11T21:44:29
2026-05-03,2039486,2026-05-03,周日010,英格兰超级联赛,伯恩茅斯,水晶宫,1.4,4.15,5.75,3,0,0,胜,official_result_market_odds,2026-08-11T21:44:29
2026-05-03,2039487,2026-05-03,周日011,意大利甲级联赛,萨索洛,AC米兰,4.7,3.8,1.53,2,0,0,胜,official_result_market_odds,2026-08-11T21:44:29
2026-05-03,2039488,2026-05-03,周日012,法国甲级联赛,里尔,勒阿弗尔,1.24,4.9,8.4,1,1,1,平,official_result_market_odds,2026-08-11T21:44:29
2026-05-03,2039489,2026-05-03,周日013,德国甲级联赛,圣保利,美因茨,2.69,3.0,2.36,1,2,2,负,official_result_market_odds,2026-08-11T21:44:29
2026-05-03,2039490,2026-05-03,周日014,西班牙甲级联赛,赫塔费,巴列卡诺,1.8,2.85,4.5,0,2,2,负,official_result_market_odds,2026-08-11T21:44:29
2026-05-03,2039491,2026-05-03,周日015,英格兰超级联赛,曼彻斯特联,利物浦,2.09,3.51,2.73,3,2,0,胜,official_result_market_odds,2026-08-11T21:44:29
2026-05-03,2039492,2026-05-03,周日016,荷兰甲级联赛,阿尔克马尔,特温特,2.1,3.35,2.82,2,2,1,平,official_result_market_odds,2026-08-11T21:44:29
2026-05-03,2039493,2026-05-03,周日017,挪威超级联赛,克里斯蒂安松,汉坎,2.32,3.28,2.54,1,1,1,平,official_result_market_odds,2026-08-11T21:44:29
2026-05-03,2039494,2026-05-03,周日018,法国甲级联赛,斯特拉斯堡,图卢兹,2.85,3.45,2.05,1,2,2,负,official_result_market_odds,2026-08-11T21:44:29
2026-05-03,2039495,2026-05-03,周日019,德国甲级联赛,门兴格拉德巴赫,多特蒙德,3.56,3.74,1.72,1,0,0,胜,official_result_market_odds,2026-08-11T21:44:29
2026-05-04,2039496,2026-05-04,周日020,意大利甲级联赛,尤文图斯,维罗纳,1.1,6.7,14.0,1,1,1,平,official_result_market_odds,2026-08-11T21:44:29
2026-05-04,2039497,2026-05-04,周日021,西班牙甲级联赛,皇家贝蒂斯,皇家奥维耶多,1.38,4.05,6.35,3,0,0,胜,official_result_market_odds,2026-08-11T21:44:29
2026-05-04,2039498,2026-05-04,周日022,葡萄牙超级联赛,布拉加,埃斯托里尔,1.59,3.85,4.15,1,1,1,平,official_result_market_odds,2026-08-11T21:44:29
2026-05-04,2039499,2026-05-04,周日023,德国甲级联赛,弗赖堡,沃尔夫斯堡,2.33,3.5,2.41,1,1,1,平,official_result_market_odds,2026-08-11T21:44:29
2026-05-04,2039500,2026-05-04,周日024,沙特职业联赛,胡巴尔卡德西亚,利雅得胜利,3.25,3.8,1.79,3,1,0,胜,official_result_market_odds,2026-08-11T21:44:29
2026-05-04,2039501,2026-05-04,周日025,英格兰超级联赛,阿斯顿维拉,托特纳姆热刺,2.05,3.4,2.88,1,2,2,负,official_result_market_odds,2026-08-11T21:44:29
2026-05-04,2039503,2026-05-04,周日027,法国甲级联赛,里昂,雷恩,1.96,3.5,3.0,4,2,0,胜,official_result_market_odds,2026-08-11T21:44:29
2026-05-04,2039504,2026-05-04,周日028,西班牙甲级联赛,西班牙人,皇家马德里,4.4,4.1,1.52,0,2,2,负,official_result_market_odds,2026-08-11T21:44:29
2026-05-04,2039505,2026-05-04,周日029,美国职业大联盟,纽约城,华盛顿联,1.6,3.65,4.35,0,2,2,负,official_result_market_odds,2026-08-11T21:44:29
2026-05-04,2039506,2026-05-04,周日030,葡萄牙超级联赛,里奥阿维,吉维森特,3.95,2.9,1.88,0,0,1,平,official_result_market_odds,2026-08-11T21:44:29
2026-05-04,2039507,2026-05-04,周一001,英格兰超级联赛,切尔西,诺丁汉森林,1.33,4.5,6.5,1,3,2,负,official_result_market_odds,2026-08-11T21:44:29
2026-05-05,2039508,2026-05-05,周一002,芬兰超级联赛,赫尔辛基,拉赫蒂,1.41,4.15,5.6,1,0,0,胜,official_result_market_odds,2026-08-11T21:44:29
2026-05-05,2039509,2026-05-05,周一003,意大利甲级联赛,克雷莫纳,拉齐奥,3.04,2.93,2.18,1,2,2,负,official_result_market_odds,2026-08-11T21:44:29
2026-05-05,2039510,2026-05-05,周一004,瑞典超级联赛,佐加顿斯,IFK哥德堡,1.48,3.85,5.15,6,0,0,胜,official_result_market_odds,2026-08-11T21:44:29
2026-05-05,2039511,2026-05-05,周一005,瑞典超级联赛,哈尔姆斯塔德,布鲁马波卡纳,2.91,2.9,2.27,1,3,2,负,official_result_market_odds,2026-08-11T21:44:29
2026-05-05,2039512,2026-05-05,周一006,挪威超级联赛,博德闪耀,莫尔德,1.22,5.71,7.4,0,1,2,负,official_result_market_odds,2026-08-11T21:44:29
2026-05-05,2039513,2026-05-05,周一007,沙特职业联赛,吉达联合,拉斯永恒,1.34,4.45,6.35,0,0,1,平,official_result_market_odds,2026-08-11T21:44:29
2026-05-05,2039514,2026-05-05,周一008,意大利甲级联赛,罗马,佛罗伦萨,1.42,3.95,5.8,4,0,0,胜,official_result_market_odds,2026-08-11T21:44:29
2026-05-05,2039515,2026-05-05,周一009,英格兰超级联赛,埃弗顿,曼彻斯特城,6.55,4.58,1.32,3,3,1,平,official_result_market_odds,2026-08-11T21:44:29
2026-05-05,2039516,2026-05-05,周一010,西班牙甲级联赛,塞维利亚,皇家社会,2.4,2.95,2.68,1,0,0,胜,official_result_market_odds,2026-08-11T21:44:29
2026-05-05,2039538,2026-05-05,周二001,韩国职业联赛,全北现代,光州FC,1.23,4.9,9.0,4,0,0,胜,official_result_market_odds,2026-08-11T21:44:29
2026-05-05,2039539,2026-05-05,周二002,韩国职业联赛,江原FC,浦项制铁,1.74,3.0,4.52,1,1,1,平,official_result_market_odds,2026-08-11T21:44:29
2026-05-05,2039540,2026-05-05,周二003,韩国职业联赛,首尔FC,安养FC,1.5,3.7,5.2,0,0,1,平,official_result_market_odds,2026-08-11T21:44:29
2026-05-06,2039541,2026-05-06,周二004,芬兰超级联赛,赫尔辛基火花,国际图尔库,5.0,3.8,1.5,2,0,0,胜,official_result_market_odds,2026-08-11T21:44:29
2026-05-06,2039542,2026-05-06,周二005,荷兰乙级联赛,瓦尔韦克,威廉二世,2.23,3.3,2.65,0,1,2,负,official_result_market_odds,2026-08-11T21:44:29
2026-05-06,2039543,2026-05-06,周二006,沙特职业联赛,赛哈特海湾,利雅得新月,11.5,6.7,1.12,1,2,2,负,official_result_market_odds,2026-08-11T21:44:29
2026-05-06,2039544,2026-05-06,周二007,欧洲冠军联赛,阿森纳,马德里竞技,1.5,3.95,4.8,1,0,0,胜,official_result_market_odds,2026-08-11T21:44:29
2026-05-06,2039545,2026-05-06,周二008,南美解放者杯,水晶体育,帕尔梅拉斯,6.1,3.75,1.43,0,2,2,负,official_result_market_odds,2026-08-11T21:44:29
2026-05-06,2039546,2026-05-06,周二009,南美解放者杯,瓜亚基尔巴塞罗那,博卡青年,4.6,3.1,1.7,1,0,0,胜,official_result_market_odds,2026-08-11T21:44:29
2026-05-06,2039547,2026-05-06,周三001,日本职业联赛,广岛三箭,神户胜利船,2.22,3.1,2.81,1,1,1,平,official_result_market_odds,2026-08-11T21:44:29
2026-05-06,2039548,2026-05-06,周三002,日本职业联赛,町田泽维亚,横滨水手,1.72,3.3,4.08,2,0,0,胜,official_result_market_odds,2026-08-11T21:44:29
2026-05-06,2039549,2026-05-06,周三003,日本职业联赛,川崎前锋,东京绿茵,1.97,3.1,3.35,1,0,0,胜,official_result_market_odds,2026-08-11T21:44:29
2026-05-06,2039550,2026-05-06,周三004,日本职业联赛,柏太阳神,浦和红钻,2.15,3.15,2.88,0,1,2,负,official_result_market_odds,2026-08-11T21:44:29
2026-05-07,2039551,2026-05-07,周三005,荷兰乙级联赛,阿尔梅勒城,格拉夫夏普,1.83,3.9,3.06,3,1,0,胜,official_result_market_odds,2026-08-11T21:44:29
2026-05-07,2039552,2026-05-07,周三006,沙特职业联赛,吉达国民,穆拜赖兹征服,1.2,5.5,8.75,3,1,0,胜,official_result_market_odds,2026-08-11T21:44:29
2026-05-07,2039553,2026-05-07,周三007,欧洲冠军联赛,拜仁慕尼黑,巴黎圣日尔曼,1.5,5.0,3.8,1,1,1,平,official_result_market_odds,2026-08-11T21:44:29
2026-05-07,2039554,2026-05-07,周三008,南美解放者杯,里瓦达维亚独立,弗鲁米嫩塞,2.03,3.0,3.3,1,1,1,平,official_result_market_odds,2026-08-11T21:44:29
2026-05-07,2039555,2026-05-07,周三009,南美解放者杯,圣菲独立,科林蒂安,2.9,2.67,2.44,1,1,1,平,official_result_market_odds,2026-08-11T21:44:29
2026-05-08,2039556,2026-05-08,周四001,沙特职业联赛,利雅得青年,利雅得胜利,8.7,6.0,1.18,2,4,2,负,official_result_market_odds,2026-08-11T21:44:29
2026-05-08,2039557,2026-05-08,周四002,欧罗巴联赛,弗赖堡,布拉加,1.53,3.72,4.85,3,1,0,胜,official_result_market_odds,2026-08-11T21:44:29
2026-05-08,2039558,2026-05-08,周四003,欧罗巴联赛,阿斯顿维拉,诺丁汉森林,1.58,3.68,4.45,4,0,0,胜,official_result_market_odds,2026-08-11T21:44:29
2026-05-08,2039559,2026-05-08,周四004,欧洲协会联赛,斯特拉斯堡,巴列卡诺,1.81,3.35,3.6,0,1,2,负,official_result_market_odds,2026-08-11T21:44:29
2026-05-08,2039560,2026-05-08,周四005,南美解放者杯,米拉索尔,基多体育大学,1.4,3.95,6.2,2,0,0,胜,official_result_market_odds,2026-08-11T21:44:29
2026-05-08,2039573,2026-05-08,周五001,芬兰超级联赛,TPS图尔库,赫尔辛基,4.45,3.8,1.56,1,0,0,胜,official_result_market_odds,2026-08-11T21:44:29
2026-05-08,2039574,2026-05-08,周五002,芬兰超级联赛,坦佩雷山猫,AC奥卢,2.7,3.4,2.15,1,0,0,胜,official_result_market_odds,2026-08-11T21:44:29
2026-05-09,2039575,2026-05-09,周五003,德国乙级联赛,帕德博恩,卡尔斯鲁厄,1.26,5.4,6.65,2,2,1,平,official_result_market_odds,2026-08-11T21:44:29
2026-05-09,2039576,2026-05-09,周五004,德国乙级联赛,凯泽斯劳滕,比勒费尔德,3.22,3.55,1.86,2,0,0,胜,official_result_market_odds,2026-08-11T21:44:29
2026-05-09,2039577,2026-05-09,周五005,瑞典超级联赛,埃尔夫斯堡,布鲁马波卡纳,1.67,3.5,4.1,2,0,0,胜,official_result_market_odds,2026-08-11T21:44:29
2026-05-09,2039578,2026-05-09,周五006,挪威超级联赛,汉坎,瓦勒伦加,2.69,3.5,2.12,1,0,0,胜,official_result_market_odds,2026-08-11T21:44:29
2026-05-09,2039579,2026-05-09,周五007,芬兰超级联赛,库奥皮奥,塞伊奈约基,1.52,4.05,4.45,0,0,1,平,official_result_market_odds,2026-08-11T21:44:29
2026-05-09,2039580,2026-05-09,周五008,德国甲级联赛,多特蒙德,法兰克福,1.58,4.05,4.0,3,2,0,胜,official_result_market_odds,2026-08-11T21:44:29
2026-05-09,2039581,2026-05-09,周五009,意大利甲级联赛,都灵,萨索洛,2.47,2.82,2.7,2,1,0,胜,official_result_market_odds,2026-08-11T21:44:29
2026-05-09,2039582,2026-05-09,周五010,法国甲级联赛,朗斯,南特,1.3,4.9,6.4,1,0,0,胜,official_result_market_odds,2026-08-11T21:44:29
2026-05-09,2039583,2026-05-09,周五011,英格兰冠军联赛,赫尔城,米尔沃尔,2.96,2.8,2.3,0,0,1,平,official_result_market_odds,2026-08-11T21:44:29
2026-05-09,2039584,2026-05-09,周五012,西班牙甲级联赛,莱万特,奥萨苏纳,2.37,2.78,2.88,3,2,0,胜,official_result_market_odds,2026-08-11T21:44:29
2026-05-09,2039594,2026-05-09,周六001,澳大利亚超级联赛,奥克兰FC,阿德莱德联,1.98,3.15,3.26,1,1,1,平,official_result_market_odds,2026-08-11T21:44:29
2026-05-09,2039595,2026-05-09,周六002,日本职业联赛,大阪樱花,长崎航海,1.56,3.75,4.5,3,2,0,胜,official_result_market_odds,2026-08-11T21:44:29
2026-05-09,2039596,2026-05-09,周六003,韩国职业联赛,光州FC,江原FC,5.8,3.95,1.42,0,0,1,平,official_result_market_odds,2026-08-11T21:44:29
2026-05-09,2039597,2026-05-09,周六004,韩国职业联赛,大田市民,浦项制铁,1.91,3.0,3.68,0,2,2,负,official_result_market_odds,2026-08-11T21:44:29
2026-05-09,2039598,2026-05-09,周六005,德国乙级联赛,波鸿,汉诺威96,3.65,3.75,1.7,1,1,1,平,official_result_market_odds,2026-08-11T21:44:29
2026-05-09,2039599,2026-05-09,周六006,英格兰超级联赛,利物浦,切尔西,1.83,3.65,3.24,1,1,1,平,official_result_market_odds,2026-08-11T21:44:29
2026-05-09,2039600,2026-05-09,周六007,英格兰冠军联赛,米德尔斯堡,南安普敦,1.99,3.05,3.35,0,0,1,平,official_result_market_odds,2026-08-11T21:44:29
2026-05-09,2039601,2026-05-09,周六008,西班牙甲级联赛,埃尔切,阿拉维斯,2.01,3.2,3.13,1,1,1,平,official_result_market_odds,2026-08-11T21:44:29
2026-05-09,2039602,2026-05-09,周六009,挪威超级联赛,萨尔普斯堡,腓特烈斯塔,1.83,3.65,3.24,2,1,0,胜,official_result_market_odds,2026-08-11T21:44:29
2026-05-09,2039603,2026-05-09,周六010,芬兰超级联赛,国际图尔库,雅罗,1.38,4.1,6.2,2,0,0,胜,official_result_market_odds,2026-08-11T21:44:29
2026-05-09,2039604,2026-05-09,周六011,意大利甲级联赛,卡利亚里,乌迪内斯,2.43,2.7,2.88,0,2,2,负,official_result_market_odds,2026-08-11T21:44:29
2026-05-09,2039605,2026-05-09,周六012,瑞典超级联赛,代格福什,米亚尔比,3.5,3.18,1.89,1,4,2,负,official_result_market_odds,2026-08-11T21:44:29
2026-05-09,2039606,2026-05-09,周六013,瑞典超级联赛,IFK哥德堡,哈马比,4.95,4.2,1.45,0,1,2,负,official_result_market_odds,2026-08-11T21:44:29
2026-05-09,2039607,2026-05-09,周六014,德国甲级联赛,奥格斯堡,门兴格拉德巴赫,1.76,3.8,3.35,3,1,0,胜,official_result_market_odds,2026-08-11T21:44:29
2026-05-09,2039608,2026-05-09,周六015,德国甲级联赛,霍芬海姆,云达不来梅,1.32,4.95,5.9,1,0,0,胜,official_result_market_odds,2026-08-11T21:44:29
2026-05-09,2039609,2026-05-09,周六016,德国甲级联赛,斯图加特,勒沃库森,2.01,3.8,2.71,3,1,0,胜,official_result_market_odds,2026-08-11T21:44:29
2026-05-09,2039610,2026-05-09,周六017,德国甲级联赛,莱比锡红牛,圣保利,1.19,5.65,9.0,2,1,0,胜,official_result_market_odds,2026-08-11T21:44:29
2026-05-09,2039611,2026-05-09,周六018,英格兰超级联赛,桑德兰,曼彻斯特联,3.4,3.4,1.85,0,0,1,平,official_result_market_odds,2026-08-11T21:44:29
2026-05-09,2039612,2026-05-09,周六019,英格兰超级联赛,富勒姆,伯恩茅斯,2.68,3.17,2.27,0,1,2,负,official_result_market_odds,2026-08-11T21:44:29
2026-05-09,2039613,2026-05-09,周六020,西班牙甲级联赛,塞维利亚,西班牙人,1.8,2.9,4.4,2,1,0,胜,official_result_market_odds,2026-08-11T21:44:29
2026-05-09,2039614,2026-05-09,周六021,荷兰乙级联赛,威廉二世,瓦尔韦克,1.76,3.6,3.53,1,1,1,平,official_result_market_odds,2026-08-11T21:44:29
2026-05-10,2039615,2026-05-10,周六022,意大利甲级联赛,拉齐奥,国际米兰,3.57,3.3,1.83,0,3,2,负,official_result_market_odds,2026-08-11T21:44:29
2026-05-10,2039616,2026-05-10,周六023,英格兰超级联赛,曼彻斯特城,布伦特福德,1.23,5.5,7.45,3,0,0,胜,official_result_market_odds,2026-08-11T21:44:29
2026-05-10,2039617,2026-05-10,周六024,德国甲级联赛,沃尔夫斯堡,拜仁慕尼黑,4.7,4.95,1.4,0,1,2,负,official_result_market_odds,2026-08-11T21:44:29
2026-05-10,2039618,2026-05-10,周六025,西班牙甲级联赛,马德里竞技,维戈塞尔塔,1.87,3.35,3.38,0,1,2,负,official_result_market_odds,2026-08-11T21:44:29
2026-05-10,2039619,2026-05-10,周六026,美国职业大联盟,多伦多FC,迈阿密国际,4.18,4.15,1.54,2,4,2,负,official_result_market_odds,2026-08-11T21:44:29
2026-05-10,2039620,2026-05-10,周六027,沙特职业联赛,迈季迈阿宽广,胡巴尔卡德西亚,6.9,5.25,1.26,1,2,2,负,official_result_market_odds,2026-08-11T21:44:29
2026-05-10,2039621,2026-05-10,周六028,法国乙级联赛,阿纳西,罗德兹,2.09,3.27,2.9,1,2,2,负,official_result_market_odds,2026-08-11T21:44:29
2026-05-10,2039622,2026-05-10,周六029,意大利甲级联赛,莱切,尤文图斯,6.9,4.3,1.33,0,1,2,负,official_result_market_odds,2026-08-11T21:44:29
2026-05-10,2039623,2026-05-10,周六030,西班牙甲级联赛,皇家社会,皇家贝蒂斯,2.5,3.25,2.37,2,2,1,平,official_result_market_odds,2026-08-11T21:44:29
2026-05-10,2039624,2026-05-10,周日001,韩国职业联赛,蔚山现代,富川FC,1.51,3.55,5.4,1,0,0,胜,official_result_market_odds,2026-08-11T21:44:29
2026-05-10,2039625,2026-05-10,周日002,日本职业联赛,大阪钢巴,广岛三箭,3.45,3.14,1.92,0,1,2,负,official_result_market_odds,2026-08-11T21:44:29
2026-05-10,2039626,2026-05-10,周日003,日本职业联赛,柏太阳神,川崎前锋,1.9,3.35,3.28,1,0,0,胜,official_result_market_odds,2026-08-11T21:44:29
2026-05-10,2039627,2026-05-10,周日004,日本职业联赛,千叶市原,町田泽维亚,4.0,3.25,1.75,0,2,2,负,official_result_market_odds,2026-08-11T21:44:29
2026-05-10,2039628,2026-05-10,周日005,意大利甲级联赛,维罗纳,科莫,8.55,4.7,1.25,0,1,2,负,official_result_market_odds,2026-08-11T21:44:29
2026-05-10,2039629,2026-05-10,周日006,德国乙级联赛,杜塞尔多夫,埃尔沃斯堡,3.05,3.56,1.92,3,1,0,胜,official_result_market_odds,2026-08-11T21:44:29
2026-05-10,2039630,2026-05-10,周日007,西班牙甲级联赛,马洛卡,比利亚雷亚尔,2.15,3.4,2.7,1,1,1,平,official_result_market_odds,2026-08-11T21:44:29
2026-05-10,2039631,2026-05-10,周日008,挪威超级联赛,罗森博格,利勒斯特罗姆,2.38,3.45,2.39,2,0,0,胜,official_result_market_odds,2026-08-11T21:44:29
2026-05-10,2039632,2026-05-10,周日009,英格兰超级联赛,伯恩利,阿斯顿维拉,5.95,4.65,1.34,2,2,1,平,official_result_market_odds,2026-08-11T21:44:29
2026-05-10,2039633,2026-05-10,周日010,英格兰超级联赛,水晶宫,埃弗顿,2.72,2.8,2.48,2,2,1,平,official_result_market_odds,2026-08-11T21:44:29
2026-05-10,2039634,2026-05-10,周日011,英格兰超级联赛,诺丁汉森林,纽卡斯尔联,2.98,3.4,2.0,1,1,1,平,official_result_market_odds,2026-08-11T21:44:29
2026-05-10,2039635,2026-05-10,周日012,意大利甲级联赛,克雷莫纳,比萨,1.66,3.35,4.38,3,0,0,胜,official_result_market_odds,2026-08-11T21:44:29
2026-05-10,2039636,2026-05-10,周日013,意大利甲级联赛,佛罗伦萨,热那亚,1.83,2.95,4.1,0,0,1,平,official_result_market_odds,2026-08-11T21:44:29
2026-05-10,2039637,2026-05-10,周日014,德国甲级联赛,汉堡,弗赖堡,2.8,3.2,2.18,3,2,0,胜,official_result_market_odds,2026-08-11T21:44:29
2026-05-10,2039638,2026-05-10,周日015,西班牙甲级联赛,毕尔巴鄂竞技,巴伦西亚,1.5,3.58,5.45,0,1,2,负,official_result_market_odds,2026-08-11T21:44:29
2026-05-10,2039639,2026-05-10,周日016,荷兰甲级联赛,费耶诺德,阿尔克马尔,1.76,3.75,3.4,1,1,1,平,official_result_market_odds,2026-08-11T21:44:29
2026-05-10,2039640,2026-05-10,周日017,荷兰甲级联赛,阿贾克斯,乌德勒支,1.45,4.36,4.75,1,2,2,负,official_result_market_odds,2026-08-11T21:44:29
2026-05-10,2039641,2026-05-10,周日018,荷兰甲级联赛,格罗宁根,奈梅亨,2.7,3.65,2.06,2,1,0,胜,official_result_market_odds,2026-08-11T21:44:29
2026-05-10,2039642,2026-05-10,周日019,英格兰超级联赛,西汉姆联,阿森纳,5.8,4.4,1.37,0,1,2,负,official_result_market_odds,2026-08-11T21:44:29
2026-05-10,2039643,2026-05-10,周日020,德国甲级联赛,科隆,海登海姆,1.92,3.75,2.93,1,3,2,负,official_result_market_odds,2026-08-11T21:44:29
2026-05-11,2039644,2026-05-11,周日021,意大利甲级联赛,帕尔马,罗马,8.0,4.5,1.28,2,3,2,负,official_result_market_odds,2026-08-11T21:44:29
2026-05-11,2039645,2026-05-11,周日022,西班牙甲级联赛,皇家奥维耶多,赫塔费,2.8,2.75,2.45,0,0,1,平,official_result_market_odds,2026-08-11T21:44:29
2026-05-11,2039646,2026-05-11,周日023,德国甲级联赛,美因茨,柏林联合,1.55,3.8,4.55,1,3,2,负,official_result_market_odds,2026-08-11T21:44:29
2026-05-11,2039647,2026-05-11,周日024,沙特职业联赛,吉达联合,达马克,1.35,4.5,6.0,2,1,0,胜,official_result_market_odds,2026-08-11T21:44:29
2026-05-11,2039648,2026-05-11,周日025,意大利甲级联赛,AC米兰,亚特兰大,1.92,3.06,3.55,2,3,2,负,official_result_market_odds,2026-08-11T21:44:29
2026-05-11,2039649,2026-05-11,周日026,西班牙甲级联赛,巴塞罗那,皇家马德里,1.54,4.25,4.1,2,0,0,胜,official_result_market_odds,2026-08-11T21:44:29
2026-05-11,2039650,2026-05-11,周日027,法国甲级联赛,欧塞尔,尼斯,2.26,2.9,2.92,2,1,0,胜,official_result_market_odds,2026-08-11T21:44:29
2026-05-11,2039652,2026-05-11,周日029,法国甲级联赛,摩纳哥,里尔,2.32,3.25,2.56,0,1,2,负,official_result_market_odds,2026-08-11T21:44:29
2026-05-11,2039653,2026-05-11,周日030,美国职业大联盟,纽约城,哥伦布机员,2.25,3.25,2.65,3,0,0,胜,official_result_market_odds,2026-08-11T21:44:29
2026-05-12,2039654,2026-05-12,周一001,沙特职业联赛,新未来SC,利雅得青年,2.06,3.34,2.9,2,1,0,胜,official_result_market_odds,2026-08-11T21:44:29
2026-05-12,2039656,2026-05-12,周一003,沙特职业联赛,布赖代合作,吉达国民,3.92,3.9,1.62,1,2,2,负,official_result_market_odds,2026-08-11T21:44:29
2026-05-12,2039657,2026-05-12,周一004,意大利甲级联赛,那不勒斯,博洛尼亚,1.39,3.95,6.4,2,3,2,负,official_result_market_odds,2026-08-11T21:44:29
2026-05-12,2039658,2026-05-12,周一005,英格兰超级联赛,托特纳姆热刺,利兹联,1.64,3.6,4.15,1,1,1,平,official_result_market_odds,2026-08-11T21:44:29
2026-05-12,2039659,2026-05-12,周一006,英格兰冠军联赛,米尔沃尔,赫尔城,1.6,3.45,4.65,0,2,2,负,official_result_market_odds,2026-08-11T21:44:29
2026-05-12,2039660,2026-05-12,周一007,西班牙甲级联赛,巴列卡诺,赫罗纳,2.36,2.85,2.82,1,1,1,平,official_result_market_odds,2026-08-11T21:44:29
2026-05-12,2039662,2026-05-12,周一009,葡萄牙超级联赛,阿马多拉,法马利康,3.38,3.08,1.97,0,0,1,平,official_result_market_odds,2026-08-11T21:44:29
2026-05-12,2039663,2026-05-12,周一010,葡萄牙超级联赛,本菲卡,布拉加,1.28,4.7,7.4,2,2,1,平,official_result_market_odds,2026-08-11T21:44:29
2026-05-12,2039693,2026-05-12,周二001,韩国职业联赛,仁川联,浦项制铁,3.2,2.6,2.32,0,1,2,负,official_result_market_odds,2026-08-11T21:44:29
2026-05-12,2039694,2026-05-12,周二002,韩国职业联赛,光州FC,首尔FC,7.0,4.6,1.3,0,1,2,负,official_result_market_odds,2026-08-11T21:44:29
2026-05-13,2039695,2026-05-13,周二003,西班牙甲级联赛,维戈塞尔塔,莱万特,1.74,3.52,3.7,2,3,2,负,official_result_market_odds,2026-08-11T21:44:29
2026-05-13,2039696,2026-05-13,周二004,沙特职业联赛,利雅得胜利,利雅得新月,2.18,3.14,2.84,1,1,1,平,official_result_market_odds,2026-08-11T21:44:29
2026-05-13,2039697,2026-05-13,周二005,西班牙甲级联赛,皇家贝蒂斯,埃尔切,1.44,4.1,5.25,2,1,0,胜,official_result_market_odds,2026-08-11T21:44:29
2026-05-13,2039698,2026-05-13,周二007,英格兰冠军联赛,南安普敦,米德尔斯堡,2.17,3.15,2.85,1,1,1,平,official_result_market_odds,2026-08-11T21:44:29
2026-05-13,2039699,2026-05-13,周二008,西班牙甲级联赛,奥萨苏纳,马德里竞技,2.45,3.0,2.58,1,2,2,负,official_result_market_odds,2026-08-11T21:44:29
2026-05-13,2039700,2026-05-13,周三001,日本职业联赛,神户胜利船,京都不死鸟,1.69,3.3,4.28,1,0,0,胜,official_result_market_odds,2026-08-11T21:44:29
2026-05-13,2039701,2026-05-13,周三002,韩国职业联赛,富川FC,全北现代,4.95,3.08,1.66,0,0,1,平,official_result_market_odds,2026-08-11T21:44:29
2026-05-13,2039717,2026-05-13,周二006,法国甲级联赛,圣旺红星,罗德兹,2.18,2.75,3.26,2,3,2,负,official_result_market_odds,2026-08-11T21:44:29
2026-05-14,2039702,2026-05-14,周三003,西班牙甲级联赛,比利亚雷亚尔,塞维利亚,1.79,3.4,3.62,2,3,2,负,official_result_market_odds,2026-08-11T21:44:29
2026-05-14,2039703,2026-05-14,周三004,西班牙甲级联赛,西班牙人,毕尔巴鄂竞技,2.67,2.82,2.5,2,0,0,胜,official_result_market_odds,2026-08-11T21:44:29
2026-05-14,2039704,2026-05-14,周三005,法国甲级联赛,布雷斯特,斯特拉斯堡,2.6,2.9,2.5,1,2,2,负,official_result_market_odds,2026-08-11T21:44:29
2026-05-14,2039706,2026-05-14,周三007,意大利杯,拉齐奥,国际米兰,4.95,3.45,1.57,0,2,2,负,official_result_market_odds,2026-08-11T21:44:29
2026-05-14,2039707,2026-05-14,周三008,法国甲级联赛,朗斯,巴黎圣日尔曼,3.15,3.85,1.81,0,2,2,负,official_result_market_odds,2026-08-11T21:44:29
2026-05-14,2039708,2026-05-14,周三009,西班牙甲级联赛,阿拉维斯,巴塞罗那,3.2,3.75,1.82,1,0,0,胜,official_result_market_odds,2026-08-11T21:44:29
2026-05-14,2039709,2026-05-14,周三010,西班牙甲级联赛,赫塔费,马洛卡,2.15,2.75,3.33,3,1,0,胜,official_result_market_odds,2026-08-11T21:44:29
2026-05-14,2039710,2026-05-14,周三011,美国职业大联盟,辛辛那提FC,迈阿密国际,2.9,4.05,1.86,3,5,2,负,official_result_market_odds,2026-08-11T21:44:29
2026-05-14,2039711,2026-05-14,周三012,美国职业大联盟,西雅图海湾人,圣何塞地震,1.67,3.55,4.01,3,2,0,胜,official_result_market_odds,2026-08-11T21:44:29
2026-05-15,2039712,2026-05-15,周四001,西班牙甲级联赛,巴伦西亚,巴列卡诺,2.21,2.55,3.52,1,1,1,平,official_result_market_odds,2026-08-11T21:44:29
2026-05-15,2039713,2026-05-15,周四002,沙特职业联赛,达曼协定,吉达联合,3.14,3.3,1.97,1,3,2,负,official_result_market_odds,2026-08-11T21:44:29
2026-05-15,2039714,2026-05-15,周四003,沙特职业联赛,胡巴尔卡德西亚,拉斯决心,1.12,6.6,11.75,2,0,0,胜,official_result_market_odds,2026-08-11T21:44:29
2026-05-15,2039715,2026-05-15,周四004,西班牙甲级联赛,赫罗纳,皇家社会,1.87,3.25,3.49,1,1,1,平,official_result_market_odds,2026-08-11T21:44:29
2026-05-15,2039716,2026-05-15,周四005,西班牙甲级联赛,皇家马德里,皇家奥维耶多,1.17,5.8,9.75,2,0,0,胜,official_result_market_odds,2026-08-11T21:44:29
2026-05-15,2039741,2026-05-15,周五001,澳大利亚超级联赛,阿德莱德联,奥克兰FC,2.11,3.0,3.1,0,3,2,负,official_result_market_odds,2026-08-11T21:44:29
2026-05-16,2039742,2026-05-16,周五002,沙特职业联赛,达马克,迈季迈阿宽广,1.74,3.05,4.4,3,0,0,胜,official_result_market_odds,2026-08-11T21:44:29
2026-05-16,2039743,2026-05-16,周五003,沙特职业联赛,布赖代合作,利雅得,1.46,4.1,5.0,1,1,1,平,official_result_market_odds,2026-08-11T21:44:29
2026-05-16,2039744,2026-05-16,周五004,法国甲级联赛,圣埃蒂安,罗德兹,1.65,3.37,4.42,0,0,1,平,official_result_market_odds,2026-08-11T21:44:29
2026-05-16,2039745,2026-05-16,周五005,英格兰超级联赛,阿斯顿维拉,利物浦,2.85,3.01,2.24,4,2,0,胜,official_result_market_odds,2026-08-11T21:44:29
2026-05-16,2039752,2026-05-16,周六001,日本职业联赛,水户蜀葵,东京绿茵,2.2,2.75,3.22,0,1,2,负,official_result_market_odds,2026-08-11T21:44:29
2026-05-16,2039753,2026-05-16,周六002,日本职业联赛,浦和红钻,东京FC,2.86,2.8,2.37,0,0,1,平,official_result_market_odds,2026-08-11T21:44:29
2026-05-16,2039754,2026-05-16,周六003,韩国职业联赛,大田市民,首尔FC,2.92,3.15,2.13,1,2,2,负,official_result_market_odds,2026-08-11T21:44:29
2026-05-16,2039755,2026-05-16,周六004,日本职业联赛,横滨水手,柏太阳神,2.9,3.2,2.12,0,1,2,负,official_result_market_odds,2026-08-11T21:44:29
2026-05-16,2039756,2026-05-16,周六005,澳大利亚超级联赛,纽卡斯尔喷气机,悉尼FC,2.08,3.33,2.87,1,1,1,平,official_result_market_odds,2026-08-11T21:44:29
2026-05-16,2039757,2026-05-16,周六006,韩国职业联赛,仁川联,光州FC,1.42,3.55,6.95,4,0,0,胜,official_result_market_odds,2026-08-11T21:44:29
2026-05-16,2039758,2026-05-16,周六007,芬兰超级联赛,赫尔辛基,坦佩雷山猫,1.54,3.85,4.55,2,2,1,平,official_result_market_odds,2026-08-11T21:44:29
2026-05-16,2039759,2026-05-16,周六008,挪威超级联赛,布兰,奥斯陆KFUM,1.41,4.4,5.2,2,1,0,胜,official_result_market_odds,2026-08-11T21:44:29
2026-05-16,2039760,2026-05-16,周六009,瑞典超级联赛,哈尔姆斯塔德,埃尔夫斯堡,3.85,3.2,1.8,1,1,1,平,official_result_market_odds,2026-08-11T21:44:29
2026-05-16,2039761,2026-05-16,周六010,瑞典超级联赛,哥德堡盖斯,代格福什,1.55,3.6,4.85,1,1,1,平,official_result_market_odds,2026-08-11T21:44:29
2026-05-16,2039762,2026-05-16,周六011,德国甲级联赛,勒沃库森,汉堡,1.16,6.7,8.5,1,1,1,平,official_result_market_odds,2026-08-11T21:44:29
2026-05-16,2039764,2026-05-16,周六013,德国甲级联赛,海登海姆,美因茨,1.74,4.05,3.25,0,2,2,负,official_result_market_odds,2026-08-11T21:44:29
2026-05-16,2039765,2026-05-16,周六014,德国甲级联赛,圣保利,沃尔夫斯堡,2.46,3.52,2.28,1,3,2,负,official_result_market_odds,2026-08-11T21:44:29
2026-05-16,2039766,2026-05-16,周六015,德国甲级联赛,柏林联合,奥格斯堡,2.5,3.52,2.25,4,0,0,胜,official_result_market_odds,2026-08-11T21:44:29
2026-05-16,2039767,2026-05-16,周六016,德国甲级联赛,法兰克福,斯图加特,3.32,4.3,1.68,2,2,1,平,official_result_market_odds,2026-08-11T21:44:29
2026-05-16,2039768,2026-05-16,周六017,德国甲级联赛,云达不来梅,多特蒙德,3.06,4.0,1.81,0,2,2,负,official_result_market_odds,2026-08-11T21:44:29
2026-05-16,2039769,2026-05-16,周六018,德国甲级联赛,门兴格拉德巴赫,霍芬海姆,4.3,4.55,1.48,4,0,0,胜,official_result_market_odds,2026-08-11T21:44:29
2026-05-16,2039770,2026-05-16,周六019,德国甲级联赛,弗赖堡,莱比锡红牛,2.22,3.8,2.41,4,1,0,胜,official_result_market_odds,2026-08-11T21:44:29
2026-05-16,2039771,2026-05-16,周六020,英格兰足总杯,切尔西,曼彻斯特城,4.25,3.72,1.6,0,1,2,负,official_result_market_odds,2026-08-11T21:44:29
2026-05-17,2039772,2026-05-17,周六021,挪威超级联赛,博德闪耀,特罗姆瑟,1.29,4.9,6.7,5,0,0,胜,official_result_market_odds,2026-08-11T21:44:29
2026-05-17,2039773,2026-05-17,周六022,芬兰超级联赛,赫尔辛基火花,雅罗,2.15,2.85,3.19,5,0,0,胜,official_result_market_odds,2026-08-11T21:44:29
2026-05-17,2039774,2026-05-17,周六023,芬兰超级联赛,AC奥卢,TPS图尔库,1.51,3.65,5.2,1,0,0,胜,official_result_market_odds,2026-08-11T21:44:29
2026-05-17,2039775,2026-05-17,周六024,葡萄牙超级联赛,布拉加,阿马多拉,1.57,3.7,4.5,2,2,1,平,official_result_market_odds,2026-08-11T21:44:29
2026-05-17,2039776,2026-05-17,周六025,亚洲冠军乙级联赛,利雅得胜利,大阪钢巴,1.3,4.5,7.25,0,1,2,负,official_result_market_odds,2026-08-11T21:44:29
2026-05-17,2039777,2026-05-17,周六026,沙特职业联赛,吉达国民,拉斯永恒,1.15,6.1,10.5,3,0,0,胜,official_result_market_odds,2026-08-11T21:44:29
2026-05-17,2039779,2026-05-17,周六028,葡萄牙超级联赛,埃斯托里尔,本菲卡,9.5,5.7,1.18,1,3,2,负,official_result_market_odds,2026-08-11T21:44:29
2026-05-17,2039780,2026-05-17,周六029,美国职业大联盟,纽约红牛,纽约城,2.55,3.46,2.23,1,1,1,平,official_result_market_odds,2026-08-11T21:44:29
2026-05-17,2039781,2026-05-17,周六030,美国职业大联盟,新英格兰革命,明尼苏达联,2.16,3.2,2.83,2,1,0,胜,official_result_market_odds,2026-08-11T21:44:29
2026-05-17,2039782,2026-05-17,周日001,日本职业联赛,大阪樱花,名古屋鲸八,2.37,3.25,2.5,6,1,0,胜,official_result_market_odds,2026-08-11T21:44:29
2026-05-17,2039783,2026-05-17,周日002,韩国职业联赛,全北现代,金泉尚武,1.58,3.6,4.58,1,0,0,胜,official_result_market_odds,2026-08-11T21:44:29
2026-05-17,2039784,2026-05-17,周日003,日本职业联赛,川崎前锋,町田泽维亚,3.1,3.05,2.09,1,1,1,平,official_result_market_odds,2026-08-11T21:44:29
2026-05-17,2039785,2026-05-17,周日004,韩国职业联赛,富川FC,浦项制铁,3.79,2.8,1.97,2,0,0,胜,official_result_market_odds,2026-08-11T21:44:29
2026-05-17,2039786,2026-05-17,周日005,意大利甲级联赛,热那亚,AC米兰,5.3,3.55,1.52,1,2,2,负,official_result_market_odds,2026-08-11T21:44:29
2026-05-17,2039787,2026-05-17,周日006,意大利甲级联赛,尤文图斯,佛罗伦萨,1.18,5.5,10.0,0,2,2,负,official_result_market_odds,2026-08-11T21:44:29
2026-05-17,2039788,2026-05-17,周日007,意大利甲级联赛,罗马,拉齐奥,1.38,4.1,6.2,2,0,0,胜,official_result_market_odds,2026-08-11T21:44:29
2026-05-17,2039789,2026-05-17,周日008,意大利甲级联赛,科莫,帕尔马,1.13,6.1,12.75,1,0,0,胜,official_result_market_odds,2026-08-11T21:44:29
2026-05-17,2039790,2026-05-17,周日009,英格兰超级联赛,曼彻斯特联,诺丁汉森林,1.41,4.35,5.25,3,2,0,胜,official_result_market_odds,2026-08-11T21:44:29
2026-05-17,2039791,2026-05-17,周日010,瑞典超级联赛,哈马比,马尔默,1.3,4.85,6.5,4,1,0,胜,official_result_market_odds,2026-08-11T21:44:29
2026-05-17,2039792,2026-05-17,周日011,荷兰甲级联赛,福伦丹,特尔斯达,2.45,3.2,2.45,1,2,2,负,official_result_market_odds,2026-08-11T21:44:29
2026-05-17,2039793,2026-05-17,周日012,荷兰甲级联赛,海伦芬,阿贾克斯,3.12,4.05,1.78,0,0,1,平,official_result_market_odds,2026-08-11T21:44:29
2026-05-17,2039794,2026-05-17,周日013,德国乙级联赛,达姆施塔特,帕德博恩,3.2,3.75,1.82,0,2,2,负,official_result_market_odds,2026-08-11T21:44:29
2026-05-17,2039795,2026-05-17,周日014,英格兰超级联赛,狼队,富勒姆,3.66,3.55,1.74,1,1,1,平,official_result_market_odds,2026-08-11T21:44:29
2026-05-17,2039796,2026-05-17,周日015,英格兰超级联赛,埃弗顿,桑德兰,1.7,3.28,4.25,1,3,2,负,official_result_market_odds,2026-08-11T21:44:29
2026-05-17,2039797,2026-05-17,周日016,英格兰超级联赛,布伦特福德,水晶宫,1.56,3.8,4.45,2,2,1,平,official_result_market_odds,2026-08-11T21:44:29
2026-05-18,2039798,2026-05-18,周日017,意大利甲级联赛,亚特兰大,博洛尼亚,1.63,3.5,4.35,0,1,2,负,official_result_market_odds,2026-08-11T21:44:29
2026-05-18,2039799,2026-05-18,周日018,英格兰超级联赛,纽卡斯尔联,西汉姆联,2.08,3.55,2.73,3,1,0,胜,official_result_market_odds,2026-08-11T21:44:29
2026-05-18,2039800,2026-05-18,周日019,西班牙甲级联赛,奥萨苏纳,西班牙人,2.08,2.55,3.9,1,2,2,负,official_result_market_odds,2026-08-11T21:44:29
2026-05-18,2039801,2026-05-18,周日020,西班牙甲级联赛,毕尔巴鄂竞技,维戈塞尔塔,2.05,2.95,3.3,1,1,1,平,official_result_market_odds,2026-08-11T21:44:29
2026-05-18,2039802,2026-05-18,周日021,西班牙甲级联赛,皇家奥维耶多,阿拉维斯,3.85,3.35,1.75,0,1,2,负,official_result_market_odds,2026-08-11T21:44:29
2026-05-18,2039803,2026-05-18,周日022,西班牙甲级联赛,马德里竞技,赫罗纳,1.55,3.8,4.52,1,0,0,胜,official_result_market_odds,2026-08-11T21:44:29
2026-05-18,2039804,2026-05-18,周日023,西班牙甲级联赛,莱万特,马洛卡,1.86,3.3,3.46,2,0,0,胜,official_result_market_odds,2026-08-11T21:44:29
2026-05-18,2039805,2026-05-18,周日024,西班牙甲级联赛,巴列卡诺,比利亚雷亚尔,1.95,3.35,3.14,2,0,0,胜,official_result_market_odds,2026-08-11T21:44:29
2026-05-18,2039806,2026-05-18,周日025,西班牙甲级联赛,埃尔切,赫塔费,2.12,2.75,3.4,1,0,0,胜,official_result_market_odds,2026-08-11T21:44:29
2026-05-18,2039807,2026-05-18,周日026,西班牙甲级联赛,塞维利亚,皇家马德里,3.3,3.4,1.88,0,1,2,负,official_result_market_odds,2026-08-11T21:44:29
2026-05-18,2039808,2026-05-18,周日027,西班牙甲级联赛,皇家社会,巴伦西亚,2.08,2.98,3.2,3,4,2,负,official_result_market_odds,2026-08-11T21:44:29
2026-05-18,2039809,2026-05-18,周日028,意大利甲级联赛,萨索洛,莱切,2.54,2.9,2.57,2,3,2,负,official_result_market_odds,2026-08-11T21:44:29
2026-05-18,2039810,2026-05-18,周日029,意大利甲级联赛,乌迪内斯,克雷莫纳,2.25,3.1,2.76,0,1,2,负,official_result_market_odds,2026-08-11T21:44:29
2026-05-18,2039811,2026-05-18,周日030,法国甲级联赛,里昂,朗斯,1.5,4.35,4.3,0,4,2,负,official_result_market_odds,2026-08-11T21:44:29
2026-05-18,2039812,2026-05-18,周日031,法国甲级联赛,里尔,欧塞尔,1.26,4.9,7.6,0,2,2,负,official_result_market_odds,2026-08-11T21:44:29
2026-05-18,2039813,2026-05-18,周日032,法国甲级联赛,马赛,雷恩,1.85,3.85,3.05,3,1,0,胜,official_result_market_odds,2026-08-11T21:44:29
2026-05-18,2039814,2026-05-18,周日033,西班牙甲级联赛,巴塞罗那,皇家贝蒂斯,1.22,5.7,7.5,3,1,0,胜,official_result_market_odds,2026-08-11T21:44:29
2026-05-18,2039815,2026-05-18,周日034,美国职业大联盟,纳什维尔,洛杉矶FC,2.05,3.3,2.95,3,2,0,胜,official_result_market_odds,2026-08-11T21:44:29
2026-05-18,2039816,2026-05-18,周一001,芬兰超级联赛,拉赫蒂,瓦萨,2.3,2.86,2.9,1,1,1,平,official_result_market_odds,2026-08-11T21:44:29
2026-05-19,2039817,2026-05-19,周一002,瑞典超级联赛,佐加顿斯,天狼星,2.06,3.42,2.84,2,3,2,负,official_result_market_odds,2026-08-11T21:44:29
2026-05-19,2039818,2026-05-19,周一003,瑞典超级联赛,厄尔格里特,IFK哥德堡,3.9,3.6,1.68,2,3,2,负,official_result_market_odds,2026-08-11T21:44:29
2026-05-20,2039843,2026-05-20,周二001,英格兰超级联赛,伯恩茅斯,曼彻斯特城,4.55,4.12,1.5,1,1,1,平,official_result_market_odds,2026-08-11T21:44:29
2026-05-20,2039844,2026-05-20,周二002,英格兰超级联赛,切尔西,托特纳姆热刺,1.89,3.15,3.55,2,1,0,胜,official_result_market_odds,2026-08-11T21:44:29
2026-05-20,2039845,2026-05-20,周二003,南美解放者杯,弗鲁米嫩塞,玻利瓦尔,1.16,6.0,10.0,2,1,0,胜,official_result_market_odds,2026-08-11T21:44:29
2026-05-20,2039847,2026-05-20,周二005,南美解放者杯,时刻准备,米拉索尔,5.93,4.05,1.4,1,2,2,负,official_result_market_odds,2026-08-11T21:44:29
2026-05-20,2039848,2026-05-20,周三001,芬兰超级联赛,坦佩雷山猫,国际图尔库,3.32,3.2,1.94,1,3,2,负,official_result_market_odds,2026-08-11T21:44:29
2026-05-21,2039849,2026-05-21,周三002,挪威超级联赛,斯达,博德闪耀,10.0,6.25,1.15,1,4,2,负,official_result_market_odds,2026-08-11T21:44:29
2026-05-21,2039850,2026-05-21,周三003,芬兰超级联赛,库奥皮奥,雅罗,1.3,4.4,7.5,3,0,0,胜,official_result_market_odds,2026-08-11T21:44:29
2026-05-21,2039851,2026-05-21,周三004,瑞典超级联赛,哥德堡盖斯,哈马比,3.3,2.95,2.05,2,0,0,胜,official_result_market_odds,2026-08-11T21:44:29
2026-05-21,2039852,2026-05-21,周三005,挪威超级联赛,利勒斯特罗姆,克里斯蒂安松,1.29,4.95,6.58,1,2,2,负,official_result_market_odds,2026-08-11T21:44:29
2026-05-21,2039853,2026-05-21,周三006,沙特职业联赛,赛哈特海湾,吉达国民,5.75,4.8,1.34,1,4,2,负,official_result_market_odds,2026-08-11T21:44:29
2026-05-21,2039854,2026-05-21,周三007,挪威超级联赛,奥勒松,布兰,3.59,3.8,1.7,2,1,0,胜,official_result_market_odds,2026-08-11T21:44:29
2026-05-21,2039855,2026-05-21,周三008,欧罗巴联赛,弗赖堡,阿斯顿维拉,5.2,3.65,1.51,0,3,2,负,official_result_market_odds,2026-08-11T21:44:29
2026-05-21,2039856,2026-05-21,周三009,南美解放者杯,弗拉门戈,拉普拉塔大学生,1.32,4.0,8.2,1,0,0,胜,official_result_market_odds,2026-08-11T21:44:29
2026-05-21,2039857,2026-05-21,周三010,南美解放者杯,帕尔梅拉斯,波特诺山丘,1.17,5.2,12.5,0,1,2,负,official_result_market_odds,2026-08-11T21:44:29
2026-05-21,2039867,2026-05-21,周三011,荷兰乙级联赛,威廉二世,福伦丹,1.93,3.4,3.15,1,2,2,负,official_result_market_odds,2026-08-11T21:44:29
2026-05-21,2039871,2026-05-21,周三012,葡萄牙超级联赛,托林斯,卡萨皮亚,2.5,2.7,2.8,0,0,1,平,official_result_market_odds,2026-08-11T21:44:29
2026-05-22,2039858,2026-05-22,周四001,瑞典超级联赛,埃尔夫斯堡,米亚尔比,2.53,2.8,2.65,1,1,1,平,official_result_market_odds,2026-08-11T21:44:29
2026-05-22,2039860,2026-05-22,周四003,沙特职业联赛,吉达联合,胡巴尔卡德西亚,2.76,3.1,2.25,1,5,2,负,official_result_market_odds,2026-08-11T21:44:29
2026-05-22,2039862,2026-05-22,周四005,南美解放者杯,佩纳罗尔,科林蒂安,2.72,2.6,2.65,1,1,1,平,official_result_market_odds,2026-08-11T21:44:29
2026-05-22,2039868,2026-05-22,周四006,荷兰甲级联赛,阿贾克斯,格罗宁根,1.64,3.78,3.92,2,0,0,胜,official_result_market_odds,2026-08-11T21:44:29
2026-05-22,2039869,2026-05-22,周四007,德国甲级联赛,沃尔夫斯堡,帕德博恩,1.52,3.75,4.9,0,0,1,平,official_result_market_odds,2026-08-11T21:44:29
2026-05-22,2039870,2026-05-22,周四008,荷兰甲级联赛,乌德勒支,海伦芬,1.71,3.6,3.75,3,2,0,胜,official_result_market_odds,2026-08-11T21:44:29
2026-05-22,2039881,2026-05-22,周五001,日本职业联赛,町田泽维亚,浦和红钻,2.14,2.72,3.4,1,0,0,胜,official_result_market_odds,2026-08-11T21:44:29
2026-05-23,2039882,2026-05-23,周五002,芬兰超级联赛,瓦萨,赫尔辛基,3.53,3.02,1.94,2,1,0,胜,official_result_market_odds,2026-08-11T21:44:29
2026-05-23,2039883,2026-05-23,周五003,瑞典超级联赛,佐加顿斯,布鲁马波卡纳,1.3,4.85,6.5,1,2,2,负,official_result_market_odds,2026-08-11T21:44:29
2026-05-23,2039884,2026-05-23,周五005,意大利甲级联赛,佛罗伦萨,亚特兰大,2.6,2.97,2.45,1,1,1,平,official_result_market_odds,2026-08-11T21:44:29
2026-05-23,2039885,2026-05-23,周五006,法国杯,朗斯,尼斯,1.43,3.92,5.7,3,1,0,胜,official_result_market_odds,2026-08-11T21:44:29
2026-05-23,2039886,2026-05-23,周五004,德国乙级联赛,埃森,菲尔特,2.78,3.24,2.17,1,0,0,胜,official_result_market_odds,2026-08-11T21:44:29
2026-05-23,2039895,2026-05-23,周六001,日本职业联赛,广岛三箭,名古屋鲸八,1.73,3.62,3.63,4,2,0,胜,official_result_market_odds,2026-08-11T21:44:29
2026-05-23,2039896,2026-05-23,周六002,澳大利亚超级联赛,奥克兰FC,悉尼FC,2.33,2.68,3.06,1,0,0,胜,official_result_market_odds,2026-08-11T21:44:29
2026-05-23,2039897,2026-05-23,周六003,日本职业联赛,柏太阳神,千叶市原,1.47,3.65,5.75,4,2,0,胜,official_result_market_odds,2026-08-11T21:44:29
2026-05-23,2039898,2026-05-23,周六004,日本职业联赛,京都不死鸟,长崎航海,2.04,3.25,3.02,1,0,0,胜,official_result_market_odds,2026-08-11T21:44:29
2026-05-23,2039899,2026-05-23,周六005,芬兰超级联赛,国际图尔库,TPS图尔库,1.38,4.1,6.25,2,1,0,胜,official_result_market_odds,2026-08-11T21:44:29
2026-05-23,2039900,2026-05-23,周六006,瑞典超级联赛,哈尔姆斯塔德,厄尔格里特,1.92,3.1,3.5,2,0,0,胜,official_result_market_odds,2026-08-11T21:44:29
2026-05-23,2039901,2026-05-23,周六007,瑞典超级联赛,卡尔马,代格福什,1.78,3.15,4.0,2,1,0,胜,official_result_market_odds,2026-08-11T21:44:29
2026-05-23,2039902,2026-05-23,周六008,芬兰超级联赛,坦佩雷山猫,赫尔辛基火花,1.93,3.4,3.15,2,0,0,胜,official_result_market_odds,2026-08-11T21:44:29
2026-05-23,2039903,2026-05-23,周六009,芬兰超级联赛,塞伊奈约基,AC奥卢,2.32,3.2,2.6,0,1,2,负,official_result_market_odds,2026-08-11T21:44:29
2026-05-23,2039904,2026-05-23,周六010,芬兰超级联赛,库奥皮奥,拉赫蒂,1.39,4.05,6.15,2,1,0,胜,official_result_market_odds,2026-08-11T21:44:29
2026-05-23,2039905,2026-05-23,周六011,芬兰超级联赛,雅罗,玛丽港,1.8,3.28,3.72,3,0,0,胜,official_result_market_odds,2026-08-11T21:44:29
2026-05-23,2039906,2026-05-23,周六012,英格兰冠军联赛,赫尔城,米德尔斯堡,4.15,3.15,1.75,1,0,0,胜,official_result_market_odds,2026-08-11T21:44:29
2026-05-23,2039909,2026-05-23,周六015,荷兰乙级联赛,福伦丹,威廉二世,2.08,3.4,2.82,1,2,2,负,official_result_market_odds,2026-08-11T21:44:29
2026-05-24,2039907,2026-05-24,周六013,意大利甲级联赛,博洛尼亚,国际米兰,2.95,3.5,1.98,3,3,1,平,official_result_market_odds,2026-08-11T21:44:29
2026-05-24,2039908,2026-05-24,周六014,德国杯,拜仁慕尼黑,斯图加特,1.25,5.5,6.8,3,0,0,胜,official_result_market_odds,2026-08-11T21:44:29
2026-05-24,2039910,2026-05-24,周六016,意大利甲级联赛,拉齐奥,比萨,1.56,3.7,4.6,2,1,0,胜,official_result_market_odds,2026-08-11T21:44:29
2026-05-24,2039911,2026-05-24,周六017,西班牙甲级联赛,赫罗纳,埃尔切,1.65,3.65,4.02,1,1,1,平,official_result_market_odds,2026-08-11T21:44:29
2026-05-24,2039912,2026-05-24,周六018,西班牙甲级联赛,马洛卡,皇家奥维耶多,1.3,4.5,7.25,3,0,0,胜,official_result_market_odds,2026-08-11T21:44:29
2026-05-24,2039913,2026-05-24,周六019,西班牙甲级联赛,西班牙人,皇家社会,2.1,2.86,3.3,1,1,1,平,official_result_market_odds,2026-08-11T21:44:29
2026-05-24,2039914,2026-05-24,周六020,西班牙甲级联赛,皇家马德里,毕尔巴鄂竞技,1.31,4.8,6.35,4,2,0,胜,official_result_market_odds,2026-08-11T21:44:29
2026-05-24,2039915,2026-05-24,周六021,西班牙甲级联赛,赫塔费,奥萨苏纳,2.43,2.5,3.15,1,0,0,胜,official_result_market_odds,2026-08-11T21:44:29
2026-05-24,2039916,2026-05-24,周六022,西班牙甲级联赛,维戈塞尔塔,塞维利亚,1.72,3.2,4.25,1,0,0,胜,official_result_market_odds,2026-08-11T21:44:29
2026-05-24,2039917,2026-05-24,周六023,西班牙甲级联赛,阿拉维斯,巴列卡诺,2.32,2.75,3.0,1,2,2,负,official_result_market_odds,2026-08-11T21:44:29
2026-05-24,2039918,2026-05-24,周六024,西班牙甲级联赛,巴伦西亚,巴塞罗那,3.35,3.85,1.75,3,1,0,胜,official_result_market_odds,2026-08-11T21:44:29
2026-05-24,2039919,2026-05-24,周六025,西班牙甲级联赛,皇家贝蒂斯,莱万特,2.23,3.05,2.83,2,1,0,胜,official_result_market_odds,2026-08-11T21:44:29
2026-05-24,2039920,2026-05-24,周六026,美国职业大联盟,明尼苏达联,皇家盐湖城,1.98,3.5,2.95,1,1,1,平,official_result_market_odds,2026-08-11T21:44:29
2026-05-24,2039921,2026-05-24,周六027,美国职业大联盟,夏洛特FC,新英格兰革命,1.76,3.55,3.58,1,0,0,胜,official_result_market_odds,2026-08-11T21:44:29
2026-05-24,2039922,2026-05-24,周六028,美国职业大联盟,华盛顿联,蒙特利尔CF,1.81,3.35,3.6,4,4,1,平,official_result_market_odds,2026-08-11T21:44:29
2026-05-24,2039923,2026-05-24,周六029,美国职业大联盟,纳什维尔,纽约城,1.57,3.7,4.5,2,1,0,胜,official_result_market_odds,2026-08-11T21:44:29
2026-05-24,2039924,2026-05-24,周六030,美国职业大联盟,波特兰伐木工,圣何塞地震,2.16,3.7,2.53,1,3,2,负,official_result_market_odds,2026-08-11T21:44:29
2026-05-24,2039925,2026-05-24,周日001,日本职业联赛,水户蜀葵,川崎前锋,3.0,3.1,2.11,1,3,2,负,official_result_market_odds,2026-08-11T21:44:29
2026-05-24,2039926,2026-05-24,周日002,日本职业联赛,清水鼓动,大阪钢巴,2.65,2.78,2.55,1,2,2,负,official_result_market_odds,2026-08-11T21:44:29
2026-05-24,2039927,2026-05-24,周日003,英格兰甲级联赛,博尔顿,斯托克港,2.52,2.75,2.71,4,1,0,胜,official_result_market_odds,2026-08-11T21:44:29
2026-05-24,2039928,2026-05-24,周日004,瑞典超级联赛,哈马比,AIK索尔纳,1.3,4.7,6.8,1,2,2,负,official_result_market_odds,2026-08-11T21:44:29
2026-05-24,2039929,2026-05-24,周日005,瑞典超级联赛,天狼星,哥德堡盖斯,1.56,3.85,4.4,2,1,0,胜,official_result_market_odds,2026-08-11T21:44:29
2026-05-24,2039930,2026-05-24,周日006,意大利甲级联赛,帕尔马,萨索洛,2.92,2.92,2.25,1,0,0,胜,official_result_market_odds,2026-08-11T21:44:29
2026-05-24,2039931,2026-05-24,周日007,挪威超级联赛,博德闪耀,布兰,1.19,6.0,8.2,3,1,0,胜,official_result_market_odds,2026-08-11T21:44:29
2026-05-24,2039932,2026-05-24,周日008,瑞典超级联赛,马尔默,韦斯特罗斯,1.58,3.75,4.35,2,3,2,负,official_result_market_odds,2026-08-11T21:44:29
2026-05-24,2039933,2026-05-24,周日009,英格兰超级联赛,富勒姆,纽卡斯尔联,2.47,3.35,2.35,2,0,0,胜,official_result_market_odds,2026-08-11T21:44:29
2026-05-24,2039934,2026-05-24,周日010,英格兰超级联赛,利物浦,布伦特福德,1.62,3.85,3.96,1,1,1,平,official_result_market_odds,2026-08-11T21:44:29
2026-05-24,2039935,2026-05-24,周日011,英格兰超级联赛,曼彻斯特城,阿斯顿维拉,1.3,4.85,6.5,1,2,2,负,official_result_market_odds,2026-08-11T21:44:29
2026-05-24,2039936,2026-05-24,周日012,英格兰超级联赛,桑德兰,切尔西,3.45,3.45,1.82,2,1,0,胜,official_result_market_odds,2026-08-11T21:44:29
2026-05-24,2039937,2026-05-24,周日013,英格兰超级联赛,伯恩利,狼队,2.31,3.0,2.75,1,1,1,平,official_result_market_odds,2026-08-11T21:44:29
2026-05-24,2039938,2026-05-24,周日014,英格兰超级联赛,水晶宫,阿森纳,3.82,3.2,1.8,1,2,2,负,official_result_market_odds,2026-08-11T21:44:29
2026-05-24,2039939,2026-05-24,周日015,英格兰超级联赛,西汉姆联,利兹联,1.51,4.05,4.55,3,0,0,胜,official_result_market_odds,2026-08-11T21:44:29
2026-05-24,2039940,2026-05-24,周日016,英格兰超级联赛,托特纳姆热刺,埃弗顿,1.69,3.4,4.1,1,0,0,胜,official_result_market_odds,2026-08-11T21:44:29
2026-05-24,2039941,2026-05-24,周日017,英格兰超级联赛,诺丁汉森林,伯恩茅斯,3.55,3.55,1.77,1,1,1,平,official_result_market_odds,2026-08-11T21:44:29
2026-05-24,2039970,2026-05-24,周日028,荷兰甲级联赛,阿贾克斯,乌德勒支,2.0,3.3,3.08,0,0,1,平,official_result_market_odds,2026-08-11T21:44:29
2026-05-25,2039942,2026-05-25,周日018,意大利甲级联赛,那不勒斯,乌迪内斯,1.33,4.3,6.9,1,0,0,胜,official_result_market_odds,2026-08-11T21:44:29
2026-05-25,2039943,2026-05-25,周日019,挪威超级联赛,克里斯蒂安松,维京,5.55,4.8,1.35,1,2,2,负,official_result_market_odds,2026-08-11T21:44:29
2026-05-25,2039944,2026-05-25,周日020,意大利甲级联赛,莱切,热那亚,1.66,3.3,4.46,1,0,0,胜,official_result_market_odds,2026-08-11T21:44:29
2026-05-25,2039945,2026-05-25,周日021,意大利甲级联赛,维罗纳,罗马,9.5,4.9,1.22,0,2,2,负,official_result_market_odds,2026-08-11T21:44:29
2026-05-25,2039946,2026-05-25,周日022,意大利甲级联赛,都灵,尤文图斯,6.3,4.25,1.36,2,2,1,平,official_result_market_odds,2026-08-11T21:44:29
2026-05-25,2039947,2026-05-25,周日023,意大利甲级联赛,克雷莫纳,科莫,5.6,4.65,1.36,1,4,2,负,official_result_market_odds,2026-08-11T21:44:29
2026-05-25,2039948,2026-05-25,周日024,意大利甲级联赛,AC米兰,卡利亚里,1.15,5.7,11.8,1,2,2,负,official_result_market_odds,2026-08-11T21:44:29
2026-05-25,2039949,2026-05-25,周日025,西班牙甲级联赛,比利亚雷亚尔,马德里竞技,2.37,3.2,2.53,5,1,0,胜,official_result_market_odds,2026-08-11T21:44:29
2026-05-25,2039950,2026-05-25,周日026,美国职业大联盟,迈阿密国际,费城联合,1.27,5.3,6.5,6,4,0,胜,official_result_market_odds,2026-08-11T21:44:29
2026-05-25,2039951,2026-05-25,周日027,美国职业大联盟,洛杉矶FC,西雅图海湾人,1.74,3.6,3.62,1,0,0,胜,official_result_market_odds,2026-08-11T21:44:29
2026-05-25,2039952,2026-05-25,周一001,挪威超级联赛,斯达,瓦勒伦加,3.05,3.6,1.91,2,0,0,胜,official_result_market_odds,2026-08-11T21:44:29
2026-05-25,2039953,2026-05-25,周一002,挪威超级联赛,汉坎,利勒斯特罗姆,2.94,3.2,2.1,2,0,0,胜,official_result_market_odds,2026-08-11T21:44:29
2026-05-25,2039954,2026-05-25,周一003,挪威超级联赛,特罗姆瑟,奥勒松,1.31,4.7,6.55,1,1,1,平,official_result_market_odds,2026-08-11T21:44:29
2026-05-25,2039955,2026-05-25,周一004,挪威超级联赛,奥斯陆KFUM,罗森博格,2.23,3.15,2.75,2,0,0,胜,official_result_market_odds,2026-08-11T21:44:29
2026-05-25,2039956,2026-05-25,周一005,挪威超级联赛,萨尔普斯堡,莫尔德,2.59,3.6,2.15,2,1,0,胜,official_result_market_odds,2026-08-11T21:44:29
2026-05-26,2039957,2026-05-26,周一006,瑞典超级联赛,IFK哥德堡,米亚尔比,2.59,3.1,2.38,1,1,1,平,official_result_market_odds,2026-08-11T21:44:29
2026-05-26,2039958,2026-05-26,周一007,瑞典超级联赛,埃尔夫斯堡,赫根,3.0,2.85,2.25,1,1,1,平,official_result_market_odds,2026-08-11T21:44:29
2026-05-26,2039959,2026-05-26,周一008,挪威超级联赛,桑纳菲尤尔,腓特烈斯塔,1.83,3.55,3.32,1,1,1,平,official_result_market_odds,2026-08-11T21:44:29
2026-05-26,2039960,2026-05-26,周一009,德国甲级联赛,帕德博恩,沃尔夫斯堡,3.25,3.22,1.96,1,1,1,平,official_result_market_odds,2026-08-11T21:44:29
2026-05-27,2039985,2026-05-27,周二001,德国乙级联赛,菲尔特,埃森,1.55,3.85,4.45,2,0,0,胜,official_result_market_odds,2026-08-11T21:44:29
2026-05-27,2039986,2026-05-27,周二002,法国甲级联赛,圣埃蒂安,尼斯,2.3,3.0,2.77,0,0,1,平,official_result_market_odds,2026-08-11T21:44:29
2026-05-27,2039987,2026-05-27,周二003,南美解放者杯,拉努斯,米拉索尔,1.73,2.99,4.6,1,0,0,胜,official_result_market_odds,2026-08-11T21:44:29
2026-05-27,2039988,2026-05-27,周二004,南美解放者杯,基多体育大学,时刻准备,1.22,5.1,8.8,3,2,0,胜,official_result_market_odds,2026-08-11T21:44:29
2026-05-27,2039990,2026-05-27,周二006,南美解放者杯,蒙得维的亚国民,科金博联,1.56,3.55,4.85,1,0,0,胜,official_result_market_odds,2026-08-11T21:44:29
2026-05-27,2039991,2026-05-27,周二007,南美解放者杯,大学生体育,托利马体育,2.24,2.6,3.35,0,0,1,平,official_result_market_odds,2026-08-11T21:44:29
2026-05-28,2039992,2026-05-28,周三001,欧洲协会联赛,水晶宫,巴列卡诺,1.88,3.0,3.78,1,0,0,胜,official_result_market_odds,2026-08-11T21:44:29
2026-05-28,2039993,2026-05-28,周三002,南美解放者杯,德尔瓦耶独立,罗萨里奥中央,2.05,2.7,3.68,1,0,0,胜,official_result_market_odds,2026-08-11T21:44:29
2026-05-28,2039994,2026-05-28,周三003,南美解放者杯,亚松森自由,委内瑞拉中央大学,1.32,4.6,6.5,0,1,2,负,official_result_market_odds,2026-08-11T21:44:29
2026-05-28,2039995,2026-05-28,周三004,南美解放者杯,玻利瓦尔,里瓦达维亚独立,2.38,2.95,2.7,1,3,2,负,official_result_market_odds,2026-08-11T21:44:29
2026-05-28,2039997,2026-05-28,周三006,南美解放者杯,佩纳罗尔,圣菲独立,1.73,3.15,4.27,0,1,2,负,official_result_market_odds,2026-08-11T21:44:29
2026-05-28,2039998,2026-05-28,周三007,南美解放者杯,科林蒂安,普拉滕斯,1.54,3.3,5.65,0,2,2,负,official_result_market_odds,2026-08-11T21:44:29
2026-05-29,2039999,2026-05-29,周四001,国际赛,爱尔兰,卡塔尔,1.4,3.88,6.35,1,0,0,胜,official_result_market_odds,2026-08-11T21:44:29
2026-05-29,2040000,2026-05-29,周四002,葡萄牙超级联赛,卡萨皮亚,托林斯,2.11,2.73,3.46,2,0,0,胜,official_result_market_odds,2026-08-11T21:44:29
2026-05-29,2040001,2026-05-29,周四003,南美解放者杯,波特诺山丘,水晶体育,1.51,3.4,5.8,2,0,0,胜,official_result_market_odds,2026-08-11T21:44:29
2026-05-29,2040002,2026-05-29,周四004,南美解放者杯,帕尔梅拉斯,巴兰基亚青年,1.14,5.95,12.0,4,1,0,胜,official_result_market_odds,2026-08-11T21:44:29
2026-05-29,2040003,2026-05-29,周四005,南美解放者杯,博卡青年,天主大学,1.36,4.0,6.95,0,1,2,负,official_result_market_odds,2026-08-11T21:44:29
2026-05-30,2040017,2026-05-30,周五001,瑞典超级联赛,厄尔格里特,埃尔夫斯堡,4.05,3.72,1.63,2,2,1,平,official_result_market_odds,2026-08-11T21:44:29
2026-05-30,2040018,2026-05-30,周五002,挪威超级联赛,奥斯陆KFUM,特罗姆瑟,2.95,3.0,2.19,0,0,1,平,official_result_market_odds,2026-08-11T21:44:29
2026-05-30,2040019,2026-05-30,周五003,挪威超级联赛,腓特烈斯塔,斯达,1.61,3.7,4.2,2,1,0,胜,official_result_market_odds,2026-08-11T21:44:29
2026-05-30,2040020,2026-05-30,周五004,挪威超级联赛,奥勒松,汉坎,2.01,3.13,3.2,2,2,1,平,official_result_market_odds,2026-08-11T21:44:29
2026-05-30,2040021,2026-05-30,周五005,挪威超级联赛,瓦勒伦加,克里斯蒂安松,1.47,4.35,4.55,3,1,0,胜,official_result_market_odds,2026-08-11T21:44:29
2026-05-30,2040022,2026-05-30,周五006,挪威超级联赛,罗森博格,博德闪耀,4.7,4.4,1.45,2,2,1,平,official_result_market_odds,2026-08-11T21:44:29
2026-05-30,2040023,2026-05-30,周五007,挪威超级联赛,布兰,萨尔普斯堡,1.52,4.15,4.35,1,2,2,负,official_result_market_odds,2026-08-11T21:44:29
2026-05-30,2040024,2026-05-30,周五008,国际赛,波黑,北马其顿,1.58,3.4,4.95,0,0,1,平,official_result_market_odds,2026-08-11T21:44:29
2026-05-30,2040025,2026-05-30,周五009,法国甲级联赛,尼斯,圣埃蒂安,1.86,3.0,3.88,4,1,0,胜,official_result_market_odds,2026-08-11T21:44:29
2026-05-30,2040039,2026-05-30,周六001,日本职业联赛,神户胜利船,鹿岛鹿角,2.32,2.9,2.83,5,0,0,胜,official_result_market_odds,2026-08-11T21:44:29
2026-05-30,2040040,2026-05-30,周六002,日本职业联赛,大阪钢巴,东京绿茵,2.11,2.84,3.3,1,1,1,平,official_result_market_odds,2026-08-11T21:44:29
2026-05-30,2040041,2026-05-30,周六003,日本职业联赛,京都不死鸟,柏太阳神,3.13,2.9,2.15,2,6,2,负,official_result_market_odds,2026-08-11T21:44:29
2026-05-30,2040042,2026-05-30,周六004,国际赛,苏格兰,库拉索,1.22,5.2,8.5,4,1,0,胜,official_result_market_odds,2026-08-11T21:44:29
2026-05-30,2040043,2026-05-30,周六005,芬兰超级联赛,赫尔辛基,玛丽港,1.11,7.05,11.5,1,0,0,胜,official_result_market_odds,2026-08-11T21:44:29
2026-05-30,2040044,2026-05-30,周六006,瑞典超级联赛,哥德堡盖斯,卡尔马,1.96,3.08,3.4,3,0,0,胜,official_result_market_odds,2026-08-11T21:44:29
2026-05-30,2040045,2026-05-30,周六007,瑞典超级联赛,马尔默,哈尔姆斯塔德,1.33,4.35,6.75,5,2,0,胜,official_result_market_odds,2026-08-11T21:44:29
2026-05-30,2040046,2026-05-30,周六008,瑞典超级联赛,AIK索尔纳,天狼星,3.3,3.65,1.81,0,3,2,负,official_result_market_odds,2026-08-11T21:44:29
2026-05-30,2040047,2026-05-30,周六009,挪威超级联赛,莫尔德,桑纳菲尤尔,1.44,4.25,5.0,2,1,0,胜,official_result_market_odds,2026-08-11T21:44:29
2026-05-30,2040048,2026-05-30,周六010,芬兰超级联赛,赫尔辛基火花,塞伊奈约基,2.54,3.1,2.42,3,2,0,胜,official_result_market_odds,2026-08-11T21:44:29
2026-05-30,2040049,2026-05-30,周六011,芬兰超级联赛,库奥皮奥,国际图尔库,2.32,2.77,2.96,1,1,1,平,official_result_market_odds,2026-08-11T21:44:29
2026-05-30,2040050,2026-05-30,周六012,芬兰超级联赛,拉赫蒂,坦佩雷山猫,2.28,2.78,3.02,5,0,0,胜,official_result_market_odds,2026-08-11T21:44:29
2026-05-30,2040051,2026-05-30,周六013,芬兰超级联赛,TPS图尔库,瓦萨,3.26,3.05,2.02,1,0,0,胜,official_result_market_odds,2026-08-11T21:44:29
2026-05-31,2040052,2026-05-31,周六014,欧洲冠军联赛,巴黎圣日尔曼,阿森纳,2.04,3.2,3.06,1,1,1,平,official_result_market_odds,2026-08-11T21:44:29
2026-05-31,2040053,2026-05-31,周六015,国际赛,墨西哥,澳大利亚,1.54,3.47,5.2,1,0,0,胜,official_result_market_odds,2026-08-11T21:44:29
2026-05-31,2040054,2026-05-31,周日001,日本职业联赛,冈山绿雉,浦和红钻,2.67,2.9,2.45,1,1,1,平,official_result_market_odds,2026-08-11T21:44:29
2026-05-31,2040055,2026-05-31,周日002,日本职业联赛,清水鼓动,横滨水手,2.94,3.1,2.15,1,1,1,平,official_result_market_odds,2026-08-11T21:44:29
2026-05-31,2040056,2026-05-31,周日003,国际赛,日本,冰岛,1.12,6.25,13.0,1,0,0,胜,official_result_market_odds,2026-08-11T21:44:29
2026-05-31,2040057,2026-05-31,周日004,瑞典超级联赛,韦斯特罗斯,IFK哥德堡,2.65,2.9,2.46,4,5,2,负,official_result_market_odds,2026-08-11T21:44:29
2026-05-31,2040058,2026-05-31,周日005,瑞典超级联赛,赫根,哈马比,2.77,3.3,2.15,3,2,0,胜,official_result_market_odds,2026-08-11T21:44:29
2026-05-31,2040059,2026-05-31,周日006,瑞典超级联赛,代格福什,布鲁马波卡纳,2.05,3.15,3.08,2,2,1,平,official_result_market_odds,2026-08-11T21:44:29
2026-05-31,2040061,2026-05-31,周日008,芬兰超级联赛,AC奥卢,雅罗,1.48,3.95,5.0,2,1,0,胜,official_result_market_odds,2026-08-11T21:44:29
2026-05-31,2040071,2026-05-31,周日009,国际赛,捷克,科索沃,1.66,3.18,4.7,2,1,0,胜,official_result_market_odds,2026-08-11T21:44:29
2026-06-01,2040063,2026-06-01,周日011,国际赛,美国,塞内加尔,2.55,2.75,2.68,3,2,0,胜,official_result_market_odds,2026-08-11T21:44:29
2026-06-02,2040065,2026-06-02,周一001,国际赛,保加利亚,黑山,2.74,2.65,2.58,0,1,2,负,official_result_market_odds,2026-08-11T21:44:29
2026-06-02,2040066,2026-06-02,周一002,国际赛,挪威,瑞典,1.6,3.43,4.7,3,1,0,胜,official_result_market_odds,2026-08-11T21:44:29
2026-06-02,2040067,2026-06-02,周一003,国际赛,土耳其,北马其顿,1.15,5.6,12.5,4,0,0,胜,official_result_market_odds,2026-08-11T21:44:29
2026-06-02,2040068,2026-06-02,周一004,国际赛,奥地利,突尼斯,1.31,4.35,7.32,1,0,0,胜,official_result_market_odds,2026-08-11T21:44:29
2026-06-02,2040070,2026-06-02,周一006,国际赛,加拿大,乌兹别克斯坦,1.5,3.58,5.45,2,0,0,胜,official_result_market_odds,2026-08-11T21:44:29
2026-06-03,2040085,2026-06-03,周二201,国际赛,克罗地亚,比利时,2.57,2.85,2.57,0,2,2,负,official_result_market_odds,2026-08-11T21:44:29
2026-06-03,2040086,2026-06-03,周二202,国际赛,格鲁吉亚,罗马尼亚,2.07,3.02,3.17,1,1,1,平,official_result_market_odds,2026-08-11T21:44:29
2026-06-03,2040087,2026-06-03,周二203,国际赛,威尔士,加纳,2.09,2.86,3.32,1,1,1,平,official_result_market_odds,2026-08-11T21:44:29
2026-06-04,2040088,2026-06-04,周三202,国际赛,荷兰,阿尔及利亚,1.18,5.25,11.0,0,1,2,负,official_result_market_odds,2026-08-11T21:44:29
2026-06-04,2040089,2026-06-04,周三203,国际赛,波兰,尼日利亚,1.98,2.92,3.56,2,2,1,平,official_result_market_odds,2026-08-11T21:44:29
2026-06-04,2040090,2026-06-04,周三204,国际赛,卢森堡,意大利,8.0,4.25,1.3,0,1,2,负,official_result_market_odds,2026-08-11T21:44:29
2026-06-04,2040096,2026-06-04,周三201,国际赛,丹麦,刚果(金),1.37,3.9,7.0,0,0,1,平,official_result_market_odds,2026-08-11T21:44:29
2026-06-05,2040091,2026-06-05,周四201,国际赛,斯洛文尼亚,塞浦路斯,1.31,4.2,7.8,1,1,1,平,official_result_market_odds,2026-08-11T21:44:29
2026-06-05,2040092,2026-06-05,周四202,国际赛,瑞典,希腊,1.83,3.1,3.85,2,2,1,平,official_result_market_odds,2026-08-11T21:44:29
2026-06-05,2040094,2026-06-05,周四204,国际赛,法国,科特迪瓦,1.16,5.8,10.5,1,2,2,负,official_result_market_odds,2026-08-11T21:44:29
2026-06-05,2040095,2026-06-05,周四205,国际赛,墨西哥,塞尔维亚,1.19,5.3,10.0,5,1,0,胜,official_result_market_odds,2026-08-11T21:44:29
2026-06-05,2040114,2026-06-05,周五201,国际赛,新加坡,中国,4.4,3.83,1.56,1,2,2,负,official_result_market_odds,2026-08-11T21:44:29
2026-06-06,2040115,2026-06-06,周五202,国际赛,斯洛伐克,黑山,1.5,3.45,5.8,2,2,1,平,official_result_market_odds,2026-08-11T21:44:29
2026-06-06,2040116,2026-06-06,周五203,国际赛,匈牙利,芬兰,1.4,3.85,6.45,2,1,0,胜,official_result_market_odds,2026-08-11T21:44:29
2026-06-06,2040117,2026-06-06,周五204,国际赛,加拿大,爱尔兰,1.5,3.55,5.55,1,1,1,平,official_result_market_odds,2026-08-11T21:44:29
2026-06-06,2040124,2026-06-06,周六201,日本职业联赛,鹿岛鹿角,神户胜利船,1.95,3.28,3.22,2,0,0,胜,official_result_market_odds,2026-08-11T21:44:29
2026-06-06,2040125,2026-06-06,周六202,日本职业联赛,町田泽维亚,名古屋鲸八,1.85,3.2,3.62,0,0,1,平,official_result_market_odds,2026-08-11T21:44:29
2026-06-06,2040126,2026-06-06,周六203,日本职业联赛,浦和红钻,冈山绿雉,1.71,3.2,4.3,0,2,2,负,official_result_market_odds,2026-08-11T21:44:29
2026-06-06,2040127,2026-06-06,周六204,日本职业联赛,横滨水手,清水鼓动,2.04,2.94,3.34,3,0,0,胜,official_result_market_odds,2026-08-11T21:44:29
2026-06-06,2040128,2026-06-06,周六205,日本职业联赛,柏太阳神,京都不死鸟,1.63,3.65,4.15,0,1,2,负,official_result_market_odds,2026-08-11T21:44:29
2026-06-06,2040129,2026-06-06,周六206,日本职业联赛,川崎前锋,广岛三箭,3.0,3.32,2.02,0,1,2,负,official_result_market_odds,2026-08-11T21:44:29
2026-06-06,2040130,2026-06-06,周六207,国际赛,比利时,突尼斯,1.23,4.75,9.4,5,0,0,胜,official_result_market_odds,2026-08-11T21:44:29
2026-06-07,2040131,2026-06-07,周六208,国际赛,葡萄牙,智利,1.12,6.25,13.0,2,1,0,胜,official_result_market_odds,2026-08-11T21:44:29
2026-06-07,2040132,2026-06-07,周六209,国际赛,罗马尼亚,威尔士,2.6,2.5,2.9,2,1,0,胜,official_result_market_odds,2026-08-11T21:44:29
2026-06-07,2040133,2026-06-07,周六210,国际赛,美国,德国,4.35,3.75,1.58,1,2,2,负,official_result_market_odds,2026-08-11T21:44:29
2026-06-07,2040134,2026-06-07,周六211,国际赛,澳大利亚,瑞士,5.8,3.55,1.48,1,1,1,平,official_result_market_odds,2026-08-11T21:44:29
2026-06-07,2040135,2026-06-07,周六212,国际赛,巴拿马,波黑,3.3,2.8,2.13,1,1,1,平,official_result_market_odds,2026-08-11T21:44:29
2026-06-07,2040137,2026-06-07,周六214,国际赛,玻利维亚,苏格兰,7.9,4.39,1.29,0,4,2,负,official_result_market_odds,2026-08-11T21:44:29
2026-06-07,2040138,2026-06-07,周六215,国际赛,巴西,埃及,1.2,5.0,10.5,2,1,0,胜,official_result_market_odds,2026-08-11T21:44:29
2026-06-07,2040139,2026-06-07,周六216,国际赛,委内瑞拉,土耳其,5.95,3.75,1.44,1,2,2,负,official_result_market_odds,2026-08-11T21:44:29
2026-06-08,2040141,2026-06-08,周日201,国际赛,克罗地亚,斯洛文尼亚,1.3,4.12,8.5,2,1,0,胜,official_result_market_odds,2026-08-11T21:44:29
2026-06-08,2040142,2026-06-08,周日202,国际赛,摩洛哥,挪威,2.84,2.72,2.44,1,1,1,平,official_result_market_odds,2026-08-11T21:44:29
2026-06-08,2040143,2026-06-08,周日203,国际赛,希腊,意大利,2.33,2.85,2.86,0,1,2,负,official_result_market_odds,2026-08-11T21:44:29
2026-06-08,2040144,2026-06-08,周日204,国际赛,哥伦比亚,约旦,1.12,6.05,14.0,2,0,0,胜,official_result_market_odds,2026-08-11T21:44:29
2026-06-09,2040145,2026-06-09,周一201,国际赛,荷兰,乌兹别克斯坦,1.14,5.85,12.5,2,1,0,胜,official_result_market_odds,2026-08-11T21:44:29
2026-06-09,2040186,2026-06-09,周二201,国际赛,中国,泰国,1.75,3.14,4.18,0,0,1,平,official_result_market_odds,2026-08-11T21:44:29
2026-06-10,2040187,2026-06-10,周二202,国际赛,匈牙利,哈萨克斯坦,1.19,5.3,10.0,3,1,0,胜,official_result_market_odds,2026-08-11T21:44:29
2026-06-11,2040189,2026-06-11,周三201,国际赛,葡萄牙,尼日利亚,1.18,5.5,10.0,2,1,0,胜,official_result_market_odds,2026-08-11T21:44:29
2026-06-12,2040162,2026-06-12,周四001,世界杯,墨西哥,南非,1.26,4.45,9.0,2,0,0,胜,official_result_market_odds,2026-08-11T21:44:29
2026-06-12,2040163,2026-06-12,周四002,世界杯,韩国,捷克,2.49,2.75,2.75,2,1,0,胜,official_result_market_odds,2026-08-11T21:44:29
2026-06-13,2040164,2026-06-13,周五003,世界杯,加拿大,波黑,1.62,3.32,4.75,1,1,1,平,official_result_market_odds,2026-08-11T21:44:29
2026-06-13,2040165,2026-06-13,周五004,世界杯,美国,巴拉圭,1.79,3.25,3.8,4,1,0,胜,official_result_market_odds,2026-08-11T21:44:29
2026-06-13,2040210,2026-06-13,周六201,芬兰超级联赛,坦佩雷山猫,TPS图尔库,1.64,3.75,3.95,1,0,0,胜,official_result_market_odds,2026-08-11T21:44:29
2026-06-13,2040211,2026-06-13,周六202,芬兰超级联赛,国际图尔库,AC奥卢,1.49,3.8,5.15,0,0,1,平,official_result_market_odds,2026-08-11T21:44:29
2026-06-13,2040212,2026-06-13,周六203,芬兰超级联赛,雅罗,赫尔辛基,5.05,4.15,1.45,2,5,2,负,official_result_market_odds,2026-08-11T21:44:29
2026-06-13,2040213,2026-06-13,周六204,芬兰超级联赛,瓦萨,库奥皮奥,3.26,2.85,2.12,1,1,1,平,official_result_market_odds,2026-08-11T21:44:29
2026-06-14,2040167,2026-06-14,周六006,世界杯,巴西,摩洛哥,1.5,3.6,5.4,1,1,1,平,official_result_market_odds,2026-08-11T21:44:29
2026-06-14,2040168,2026-06-14,周六007,世界杯,海地,苏格兰,7.4,4.12,1.33,0,1,2,负,official_result_market_odds,2026-08-11T21:44:29
2026-06-14,2040169,2026-06-14,周六008,世界杯,澳大利亚,土耳其,5.55,3.78,1.46,2,0,0,胜,official_result_market_odds,2026-08-11T21:44:29
2026-06-14,2040214,2026-06-14,周六205,芬兰超级联赛,玛丽港,赫尔辛基火花,3.82,3.45,1.73,0,3,2,负,official_result_market_odds,2026-08-11T21:44:29
2026-06-14,2040215,2026-06-14,周六206,芬兰超级联赛,拉赫蒂,塞伊奈约基,2.09,3.05,3.1,2,3,2,负,official_result_market_odds,2026-08-11T21:44:29
2026-06-15,2040171,2026-06-15,周日010,世界杯,荷兰,日本,1.86,3.33,3.43,2,2,1,平,official_result_market_odds,2026-08-11T21:44:29
2026-06-15,2040172,2026-06-15,周日011,世界杯,科特迪瓦,厄瓜多尔,3.15,2.65,2.3,1,0,0,胜,official_result_market_odds,2026-08-11T21:44:29
2026-06-15,2040173,2026-06-15,周日012,世界杯,瑞典,突尼斯,1.67,3.35,4.3,5,1,0,胜,official_result_market_odds,2026-08-11T21:44:29
2026-06-16,2040175,2026-06-16,周一014,世界杯,比利时,埃及,1.43,3.85,5.86,1,1,1,平,official_result_market_odds,2026-08-11T21:44:29
2026-06-16,2040176,2026-06-16,周一015,世界杯,沙特阿拉伯,乌拉圭,7.2,4.3,1.32,1,1,1,平,official_result_market_odds,2026-08-11T21:44:29
2026-06-16,2040177,2026-06-16,周一016,世界杯,伊朗,新西兰,1.55,3.38,5.3,2,2,1,平,official_result_market_odds,2026-08-11T21:44:29
2026-06-17,2040178,2026-06-17,周二017,世界杯,法国,塞内加尔,1.32,4.2,7.45,3,1,0,胜,official_result_market_odds,2026-08-11T21:44:29
2026-06-17,2040180,2026-06-17,周二019,世界杯,阿根廷,阿尔及利亚,1.29,4.2,8.6,3,0,0,胜,official_result_market_odds,2026-08-11T21:44:29
2026-06-17,2040181,2026-06-17,周二020,世界杯,奥地利,约旦,1.25,4.75,8.4,3,1,0,胜,official_result_market_odds,2026-08-11T21:44:29
2026-06-17,2040228,2026-06-17,周三201,芬兰超级联赛,赫尔辛基,国际图尔库,2.5,2.9,2.6,3,3,1,平,official_result_market_odds,2026-08-11T21:44:29
2026-06-17,2040229,2026-06-17,周三202,芬兰超级联赛,坦佩雷山猫,雅罗,1.46,4.1,5.0,5,0,0,胜,official_result_market_odds,2026-08-11T21:44:29
2026-06-17,2040230,2026-06-17,周三203,芬兰超级联赛,TPS图尔库,库奥皮奥,5.05,3.5,1.55,1,2,2,负,official_result_market_odds,2026-08-11T21:44:29
2026-06-18,2040182,2026-06-18,周三021,世界杯,葡萄牙,刚果(金),1.13,5.86,13.5,1,1,1,平,official_result_market_odds,2026-08-11T21:44:29
2026-06-18,2040183,2026-06-18,周三022,世界杯,英格兰,克罗地亚,1.54,3.45,5.25,4,2,0,胜,official_result_market_odds,2026-08-11T21:44:29
2026-06-18,2040184,2026-06-18,周三023,世界杯,加纳,巴拿马,2.04,3.03,3.23,1,0,0,胜,official_result_market_odds,2026-08-11T21:44:29
2026-06-18,2040185,2026-06-18,周三024,世界杯,乌兹别克斯坦,哥伦比亚,9.65,4.85,1.22,1,3,2,负,official_result_market_odds,2026-08-11T21:44:29
2026-06-18,2040231,2026-06-18,周三204,芬兰超级联赛,赫尔辛基火花,拉赫蒂,2.31,3.0,2.76,1,0,0,胜,official_result_market_odds,2026-08-11T21:44:29
2026-06-18,2040232,2026-06-18,周三205,芬兰超级联赛,塞伊奈约基,瓦萨,2.25,3.21,2.68,1,2,2,负,official_result_market_odds,2026-08-11T21:44:29
2026-06-18,2040233,2026-06-18,周四201,芬兰超级联赛,AC奥卢,玛丽港,1.26,4.65,8.25,2,1,0,胜,official_result_market_odds,2026-08-11T21:44:29
2026-06-19,2040235,2026-06-19,周四025,世界杯,捷克,南非,1.59,3.55,4.58,1,1,1,平,official_result_market_odds,2026-08-11T21:44:29
2026-06-19,2040236,2026-06-19,周四026,世界杯,瑞士,波黑,1.37,4.0,6.7,4,1,0,胜,official_result_market_odds,2026-08-11T21:44:29
2026-06-19,2040237,2026-06-19,周四027,世界杯,加拿大,卡塔尔,1.17,5.45,11.0,6,0,0,胜,official_result_market_odds,2026-08-11T21:44:29
2026-06-19,2040238,2026-06-19,周四028,世界杯,墨西哥,韩国,1.94,2.8,3.9,1,0,0,胜,official_result_market_odds,2026-08-11T21:44:29
2026-06-20,2040239,2026-06-20,周五029,世界杯,美国,澳大利亚,1.44,3.9,5.6,2,0,0,胜,official_result_market_odds,2026-08-11T21:44:29
2026-06-20,2040240,2026-06-20,周五030,世界杯,苏格兰,摩洛哥,5.75,3.52,1.49,0,1,2,负,official_result_market_odds,2026-08-11T21:44:29
2026-06-20,2040242,2026-06-20,周五032,世界杯,土耳其,巴拉圭,1.72,3.42,3.92,0,1,2,负,official_result_market_odds,2026-08-11T21:44:29
2026-06-21,2040243,2026-06-21,周六033,世界杯,荷兰,瑞典,1.53,3.83,4.65,5,1,0,胜,official_result_market_odds,2026-08-11T21:44:29
2026-06-21,2040244,2026-06-21,周六034,世界杯,德国,科特迪瓦,1.33,4.75,6.0,2,1,0,胜,official_result_market_odds,2026-08-11T21:44:29
2026-06-21,2040246,2026-06-21,周六036,世界杯,突尼斯,日本,8.05,4.35,1.29,0,4,2,负,official_result_market_odds,2026-08-11T21:44:29
2026-06-22,2040248,2026-06-22,周日038,世界杯,比利时,伊朗,1.26,4.76,7.95,0,0,1,平,official_result_market_odds,2026-08-11T21:44:29
2026-06-22,2040249,2026-06-22,周日039,世界杯,乌拉圭,佛得角,1.28,4.2,9.05,2,2,1,平,official_result_market_odds,2026-08-11T21:44:29
2026-06-22,2040250,2026-06-22,周日040,世界杯,新西兰,埃及,6.0,3.87,1.42,1,3,2,负,official_result_market_odds,2026-08-11T21:44:29
2026-06-23,2040251,2026-06-23,周一041,世界杯,阿根廷,奥地利,1.31,4.2,7.85,2,0,0,胜,official_result_market_odds,2026-08-11T21:44:29
2026-06-23,2040253,2026-06-23,周一043,世界杯,挪威,塞内加尔,1.97,3.23,3.2,3,2,0,胜,official_result_market_odds,2026-08-11T21:44:29
2026-06-23,2040254,2026-06-23,周一044,世界杯,约旦,阿尔及利亚,6.5,4.36,1.34,1,2,2,负,official_result_market_odds,2026-08-11T21:44:29
2026-06-23,2040309,2026-06-23,周二201,芬兰超级联赛,拉赫蒂,TPS图尔库,1.66,3.3,4.46,0,0,1,平,official_result_market_odds,2026-08-11T21:44:29
2026-06-23,2040310,2026-06-23,周二202,芬兰超级联赛,库奥皮奥,坦佩雷山猫,1.55,3.85,4.45,4,3,0,胜,official_result_market_odds,2026-08-11T21:44:29
2026-06-23,2040311,2026-06-23,周二203,芬兰超级联赛,瓦萨,AC奥卢,2.07,3.05,3.14,5,1,0,胜,official_result_market_odds,2026-08-11T21:44:29
2026-06-24,2040257,2026-06-24,周二047,世界杯,巴拿马,克罗地亚,6.9,4.3,1.33,0,1,2,负,official_result_market_odds,2026-08-11T21:44:29
2026-06-24,2040258,2026-06-24,周二048,世界杯,哥伦比亚,刚果(金),1.35,3.9,7.6,1,0,0,胜,official_result_market_odds,2026-08-11T21:44:29
2026-06-24,2040312,2026-06-24,周二204,芬兰超级联赛,雅罗,赫尔辛基火花,3.7,3.6,1.72,1,1,1,平,official_result_market_odds,2026-08-11T21:44:29
2026-06-24,2040313,2026-06-24,周二205,芬兰超级联赛,国际图尔库,塞伊奈约基,1.38,4.3,5.8,1,1,1,平,official_result_market_odds,2026-08-11T21:44:29
2026-06-24,2040314,2026-06-24,周二206,芬兰超级联赛,玛丽港,赫尔辛基,7.85,5.1,1.24,0,4,2,负,official_result_market_odds,2026-08-11T21:44:29
2026-06-25,2040285,2026-06-25,周三049,世界杯,瑞士,加拿大,2.21,2.62,3.4,2,1,0,胜,official_result_market_odds,2026-08-11T21:44:29
2026-06-25,2040286,2026-06-25,周三050,世界杯,波黑,卡塔尔,1.26,5.35,6.7,3,1,0,胜,official_result_market_odds,2026-08-11T21:44:29
2026-06-25,2040287,2026-06-25,周三051,世界杯,苏格兰,巴西,9.6,5.4,1.19,0,3,2,负,official_result_market_odds,2026-08-11T21:44:29
2026-06-25,2040289,2026-06-25,周三053,世界杯,南非,韩国,5.95,3.9,1.42,1,0,0,胜,official_result_market_odds,2026-08-11T21:44:29
2026-06-25,2040290,2026-06-25,周三054,世界杯,捷克,墨西哥,3.27,3.5,1.86,0,3,2,负,official_result_market_odds,2026-08-11T21:44:29
2026-06-26,2040291,2026-06-26,周四055,世界杯,厄瓜多尔,德国,4.85,4.7,1.41,2,1,0,胜,official_result_market_odds,2026-08-11T21:44:29
2026-06-26,2040294,2026-06-26,周四058,世界杯,日本,瑞典,1.62,3.55,4.35,1,1,1,平,official_result_market_odds,2026-08-11T21:44:29
2026-06-26,2040295,2026-06-26,周四059,世界杯,巴拉圭,澳大利亚,2.57,2.2,3.5,0,0,1,平,official_result_market_odds,2026-08-11T21:44:29
2026-06-26,2040296,2026-06-26,周四060,世界杯,土耳其,美国,3.75,3.9,1.65,3,2,0,胜,official_result_market_odds,2026-08-11T21:44:29
2026-06-27,2040297,2026-06-27,周五061,世界杯,挪威,法国,4.5,4.08,1.51,1,4,2,负,official_result_market_odds,2026-08-11T21:44:29
2026-06-27,2040299,2026-06-27,周五063,世界杯,佛得角,沙特阿拉伯,2.25,3.3,2.62,0,0,1,平,official_result_market_odds,2026-08-11T21:44:29
2026-06-27,2040300,2026-06-27,周五064,世界杯,乌拉圭,西班牙,5.85,3.6,1.47,0,1,2,负,official_result_market_odds,2026-08-11T21:44:29
2026-06-27,2040301,2026-06-27,周五065,世界杯,埃及,伊朗,2.15,2.5,3.78,1,1,1,平,official_result_market_odds,2026-08-11T21:44:29
2026-06-27,2040328,2026-06-27,周六201,芬兰超级联赛,坦佩雷山猫,塞伊奈约基,1.97,3.55,2.95,2,2,1,平,official_result_market_odds,2026-08-11T21:44:29
2026-06-27,2040329,2026-06-27,周六202,芬兰超级联赛,赫尔辛基,库奥皮奥,2.21,3.15,2.78,0,4,2,负,official_result_market_odds,2026-08-11T21:44:29
2026-06-27,2040330,2026-06-27,周六203,芬兰超级联赛,玛丽港,国际图尔库,9.05,5.6,1.19,0,2,2,负,official_result_market_odds,2026-08-11T21:44:29
2026-06-28,2040303,2026-06-28,周六067,世界杯,克罗地亚,加纳,1.69,3.0,4.9,2,1,0,胜,official_result_market_odds,2026-08-11T21:44:29
2026-06-28,2040305,2026-06-28,周六069,世界杯,哥伦比亚,葡萄牙,3.6,3.7,1.72,0,0,1,平,official_result_market_odds,2026-08-11T21:44:29
2026-06-28,2040306,2026-06-28,周六070,世界杯,刚果(金),乌兹别克斯坦,1.45,4.05,5.2,3,1,0,胜,official_result_market_odds,2026-08-11T21:44:29
2026-06-28,2040307,2026-06-28,周六071,世界杯,阿尔及利亚,奥地利,3.9,1.94,2.8,3,3,1,平,official_result_market_odds,2026-08-11T21:44:29
2026-06-28,2040331,2026-06-28,周六204,芬兰超级联赛,TPS图尔库,雅罗,1.78,3.4,3.65,3,2,0,胜,official_result_market_odds,2026-08-11T21:44:29
2026-06-28,2040332,2026-06-28,周六205,芬兰超级联赛,赫尔辛基火花,瓦萨,2.48,2.93,2.6,1,1,1,平,official_result_market_odds,2026-08-11T21:44:29
2026-06-28,2040333,2026-06-28,周六206,芬兰超级联赛,AC奥卢,拉赫蒂,1.8,3.44,3.53,1,1,1,平,official_result_market_odds,2026-08-11T21:44:29
2026-06-29,2040327,2026-06-29,周日073,世界杯,南非,加拿大,5.8,3.45,1.5,0,1,2,负,official_result_market_odds,2026-08-11T21:44:29
2026-06-30,2040337,2026-06-30,周一074,世界杯,巴西,日本,1.52,3.72,4.95,2,1,0,胜,official_result_market_odds,2026-08-11T21:44:29
2026-06-30,2040338,2026-06-30,周一076,世界杯,荷兰,摩洛哥,2.0,2.92,3.48,1,1,1,平,official_result_market_odds,2026-08-11T21:44:29
2026-06-30,2040344,2026-06-30,周一075,世界杯,德国,巴拉圭,1.22,5.0,9.1,1,1,1,平,official_result_market_odds,2026-08-11T21:44:29
2026-07-01,2040345,2026-07-01,周二077,世界杯,科特迪瓦,挪威,3.6,3.38,1.8,1,2,2,负,official_result_market_odds,2026-08-11T21:44:29
2026-07-01,2040346,2026-07-01,周二078,世界杯,法国,瑞典,1.16,5.8,10.5,3,0,0,胜,official_result_market_odds,2026-08-11T21:44:29
2026-07-01,2040351,2026-07-01,周二079,世界杯,墨西哥,厄瓜多尔,2.02,2.6,4.0,2,0,0,胜,official_result_market_odds,2026-08-11T21:44:29
2026-07-02,2040339,2026-07-02,周三082,世界杯,美国,波黑,1.22,4.91,9.4,2,0,0,胜,official_result_market_odds,2026-08-11T21:44:29
2026-07-02,2040352,2026-07-02,周三080,世界杯,英格兰,刚果(金),1.17,5.13,12.5,2,1,0,胜,official_result_market_odds,2026-08-11T21:44:29
2026-07-02,2040353,2026-07-02,周三081,世界杯,比利时,塞内加尔,1.97,2.98,3.49,2,2,1,平,official_result_market_odds,2026-08-11T21:44:29
2026-07-03,2040354,2026-07-03,周四083,世界杯,西班牙,奥地利,1.18,5.3,10.75,3,0,0,胜,official_result_market_odds,2026-08-11T21:44:29
2026-07-03,2040355,2026-07-03,周四084,世界杯,葡萄牙,克罗地亚,1.57,3.32,5.22,2,1,0,胜,official_result_market_odds,2026-08-11T21:44:29
2026-07-03,2040356,2026-07-03,周四085,世界杯,瑞士,阿尔及利亚,1.74,3.16,4.2,2,0,0,胜,official_result_market_odds,2026-08-11T21:44:29
2026-07-04,2040347,2026-07-04,周五086,世界杯,澳大利亚,埃及,3.2,2.7,2.24,1,1,1,平,official_result_market_odds,2026-08-11T21:44:29
2026-07-04,2040357,2026-07-04,周五088,世界杯,哥伦比亚,加纳,1.3,4.25,8.0,1,0,0,胜,official_result_market_odds,2026-08-11T21:44:29
2026-07-04,2040375,2026-07-04,周五201,瑞典超级联赛,天狼星,米亚尔比,1.45,4.15,5.05,4,4,1,平,official_result_market_odds,2026-08-11T21:44:29
2026-07-04,2040396,2026-07-04,周六201,韩国职业联赛,安养FC,浦项制铁,3.33,2.6,2.25,2,3,2,负,official_result_market_odds,2026-08-11T21:44:29
2026-07-04,2040397,2026-07-04,周六202,韩国职业联赛,大田市民,富川FC,1.56,3.45,5.05,2,2,1,平,official_result_market_odds,2026-08-11T21:44:29
2026-07-04,2040398,2026-07-04,周六203,韩国职业联赛,全北现代,江原FC,2.35,2.75,2.95,1,2,2,负,official_result_market_odds,2026-08-11T21:44:29
2026-07-04,2040399,2026-07-04,周六204,芬兰超级联赛,拉赫蒂,赫尔辛基火花,2.16,3.05,2.95,1,0,0,胜,official_result_market_odds,2026-08-11T21:44:29
2026-07-04,2040400,2026-07-04,周六205,瑞典超级联赛,哈尔姆斯塔德,韦斯特罗斯,2.9,2.9,2.28,1,3,2,负,official_result_market_odds,2026-08-11T21:44:29
2026-07-04,2040401,2026-07-04,周六206,瑞典超级联赛,代格福什,马尔默,3.08,3.25,2.02,0,1,2,负,official_result_market_odds,2026-08-11T21:44:29
2026-07-04,2040402,2026-07-04,周六207,芬兰超级联赛,塞伊奈约基,TPS图尔库,1.56,3.9,4.32,3,1,0,胜,official_result_market_odds,2026-08-11T21:44:29
2026-07-04,2040403,2026-07-04,周六208,芬兰超级联赛,雅罗,坦佩雷山猫,3.98,3.95,1.6,2,1,0,胜,official_result_market_odds,2026-08-11T21:44:29
2026-07-04,2040404,2026-07-04,周六209,芬兰超级联赛,瓦萨,玛丽港,1.18,5.5,10.0,4,0,0,胜,official_result_market_odds,2026-08-11T21:44:29
2026-07-05,2040359,2026-07-05,周六089,世界杯,加拿大,摩洛哥,5.78,3.62,1.47,0,3,2,负,official_result_market_odds,2026-08-11T21:44:29
2026-07-05,2040405,2026-07-05,周日201,韩国职业联赛,首尔FC,仁川联,1.63,3.3,4.7,1,0,0,胜,official_result_market_odds,2026-08-11T21:44:29
2026-07-05,2040406,2026-07-05,周日202,韩国职业联赛,光州FC,蔚山现代,6.55,4.15,1.36,1,1,1,平,official_result_market_odds,2026-08-11T21:44:29
2026-07-05,2040407,2026-07-05,周日203,韩国职业联赛,金泉尚武,济州SK,2.33,2.81,2.9,1,1,1,平,official_result_market_odds,2026-08-11T21:44:29
2026-07-05,2040408,2026-07-05,周日204,瑞典超级联赛,卡尔马,厄尔格里特,1.25,5.2,7.3,3,0,0,胜,official_result_market_odds,2026-08-11T21:44:29
2026-07-05,2040409,2026-07-05,周日205,瑞典超级联赛,IFK哥德堡,AIK索尔纳,1.94,3.17,3.35,1,2,2,负,official_result_market_odds,2026-08-11T21:44:29
2026-07-05,2040410,2026-07-05,周日206,瑞典超级联赛,埃尔夫斯堡,哈马比,4.07,3.7,1.63,1,2,2,负,official_result_market_odds,2026-08-11T21:44:29
2026-07-06,2040374,2026-07-06,周日091,世界杯,巴西,挪威,1.55,3.68,4.7,1,2,2,负,official_result_market_odds,2026-08-11T21:44:29
2026-07-06,2040394,2026-07-06,周日092,世界杯,墨西哥,英格兰,3.2,2.86,2.14,2,3,2,负,official_result_market_odds,2026-08-11T21:44:29
2026-07-07,2040395,2026-07-07,周一094,世界杯,美国,比利时,2.1,3.4,2.79,1,4,2,负,official_result_market_odds,2026-08-11T21:44:29
2026-07-07,2040411,2026-07-07,周一201,瑞典超级联赛,赫根,佐加顿斯,2.23,3.38,2.6,2,4,2,负,official_result_market_odds,2026-08-11T21:44:29
2026-07-07,2040412,2026-07-07,周一202,瑞典超级联赛,布鲁马波卡纳,哥德堡盖斯,3.0,2.92,2.21,1,1,1,平,official_result_market_odds,2026-08-11T21:44:29
2026-07-07,2040416,2026-07-07,周一093,世界杯,葡萄牙,西班牙,3.81,3.15,1.82,0,1,2,负,official_result_market_odds,2026-08-11T21:44:29
2026-07-08,2040427,2026-07-08,周二095,世界杯,阿根廷,埃及,1.2,4.9,11.0,3,2,0,胜,official_result_market_odds,2026-08-11T21:44:29
2026-07-08,2040428,2026-07-08,周二096,世界杯,瑞士,哥伦比亚,3.4,2.82,2.08,0,0,1,平,official_result_market_odds,2026-08-11T21:44:29
2026-07-08,2040453,2026-07-08,周二201,欧洲冠军联赛,萨巴赫,新圣徒,1.13,6.2,12.0,2,0,0,胜,official_result_market_odds,2026-08-11T21:44:29
2026-07-08,2040454,2026-07-08,周三201,欧洲冠军联赛,阿拉木图凯拉特,苏捷斯卡,1.07,7.8,15.0,2,1,0,胜,official_result_market_odds,2026-08-11T21:44:29
2026-07-08,2040460,2026-07-08,周二202,欧洲冠军联赛,克拉克斯维克,比森阿泰尔,1.28,4.75,7.3,2,1,0,胜,official_result_market_odds,2026-08-11T21:44:29
2026-07-08,2040461,2026-07-08,周二203,欧洲冠军联赛,雷克雅未克维京人,杰尔,2.17,3.18,2.82,1,0,0,胜,official_result_market_odds,2026-08-11T21:44:29
2026-07-10,2040451,2026-07-10,周四097,世界杯,法国,摩洛哥,1.42,3.75,6.32,2,0,0,胜,official_result_market_odds,2026-08-11T21:44:29
2026-07-10,2040452,2026-07-10,周四201,欧罗巴联赛,伏伊伏丁那,费伦茨瓦罗斯,3.15,2.98,2.1,1,2,2,负,official_result_market_odds,2026-08-11T21:44:29
2026-07-10,2040455,2026-07-10,周四202,欧罗巴联赛,索菲亚中央陆军,德里城,1.12,6.25,13.0,3,2,0,胜,official_result_market_odds,2026-08-11T21:44:29
2026-07-10,2040456,2026-07-10,周四203,欧罗巴联赛,斯普利特海杜克,日利纳,1.26,4.8,7.85,2,0,0,胜,official_result_market_odds,2026-08-11T21:44:29
2026-07-11,2040466,2026-07-11,周五098,世界杯,西班牙,比利时,1.44,3.85,5.7,2,1,0,胜,official_result_market_odds,2026-08-11T21:44:29
2026-07-11,2040471,2026-07-11,周五201,芬兰超级联赛,瓦萨,塞伊奈约基,1.57,4.02,4.1,1,0,0,胜,official_result_market_odds,2026-08-11T21:44:29
2026-07-11,2040475,2026-07-11,周六201,韩国职业联赛,光州FC,浦项制铁,5.78,3.45,1.5,0,3,2,负,official_result_market_odds,2026-08-11T21:44:29
2026-07-11,2040476,2026-07-11,周六202,韩国职业联赛,金泉尚武,富川FC,1.82,3.15,3.81,1,1,1,平,official_result_market_odds,2026-08-11T21:44:29
2026-07-11,2040477,2026-07-11,周六203,韩国职业联赛,蔚山现代,全北现代,2.62,2.88,2.5,1,3,2,负,official_result_market_odds,2026-08-11T21:44:29
2026-07-11,2040478,2026-07-11,周六204,挪威超级联赛,腓特烈斯塔,利勒斯特罗姆,3.02,3.32,2.01,0,2,2,负,official_result_market_odds,2026-08-11T21:44:29
2026-07-11,2040479,2026-07-11,周六205,芬兰超级联赛,拉赫蒂,赫尔辛基,2.92,3.45,2.01,2,0,0,胜,official_result_market_odds,2026-08-11T21:44:29
2026-07-11,2040480,2026-07-11,周六206,瑞典超级联赛,米亚尔比,AIK索尔纳,1.97,3.35,3.1,1,2,2,负,official_result_market_odds,2026-08-11T21:44:29
2026-07-11,2040481,2026-07-11,周六207,挪威超级联赛,奥勒松,莫尔德,3.2,3.8,1.81,2,2,1,平,official_result_market_odds,2026-08-11T21:44:29
2026-07-11,2040482,2026-07-11,周六208,芬兰超级联赛,TPS图尔库,AC奥卢,2.4,2.82,2.8,3,0,0,胜,official_result_market_odds,2026-08-11T21:44:29
2026-07-11,2040483,2026-07-11,周六209,芬兰超级联赛,赫尔辛基火花,玛丽港,1.19,5.65,8.9,4,2,0,胜,official_result_market_odds,2026-08-11T21:44:29
2026-07-11,2040484,2026-07-11,周六210,瑞典超级联赛,厄尔格里特,赫根,5.9,4.7,1.34,4,3,0,胜,official_result_market_odds,2026-08-11T21:44:29
2026-07-12,2040459,2026-07-12,周六099,世界杯,挪威,英格兰,3.65,3.65,1.72,1,1,1,平,official_result_market_odds,2026-08-11T21:44:29
2026-07-12,2040467,2026-07-12,周六100,世界杯,阿根廷,瑞士,1.51,3.45,5.65,1,1,1,平,official_result_market_odds,2026-08-11T21:44:29
2026-07-12,2040485,2026-07-12,周六211,挪威超级联赛,特罗姆瑟,瓦勒伦加,1.5,3.93,4.8,4,0,0,胜,official_result_market_odds,2026-08-11T21:44:29
2026-07-12,2040486,2026-07-12,周日201,韩国职业联赛,仁川联,安养FC,2.01,2.8,3.65,0,1,2,负,official_result_market_odds,2026-08-11T21:44:29
2026-07-12,2040487,2026-07-12,周日202,韩国职业联赛,济州SK,大田市民,3.34,3.03,2.0,0,0,1,平,official_result_market_odds,2026-08-11T21:44:29
2026-07-12,2040488,2026-07-12,周日203,韩国职业联赛,首尔FC,江原FC,2.04,2.95,3.33,0,0,1,平,official_result_market_odds,2026-08-11T21:44:29
2026-07-12,2040489,2026-07-12,周日204,瑞典超级联赛,马尔默,IFK哥德堡,1.69,3.7,3.75,4,0,0,胜,official_result_market_odds,2026-08-11T21:44:29
2026-07-12,2040490,2026-07-12,周日205,瑞典超级联赛,哈马比,卡尔马,1.27,5.1,6.85,2,0,0,胜,official_result_market_odds,2026-08-11T21:44:29
2026-07-12,2040491,2026-07-12,周日206,瑞典超级联赛,韦斯特罗斯,代格福什,1.96,3.12,3.35,2,0,0,胜,official_result_market_odds,2026-08-11T21:44:29
2026-07-12,2040492,2026-07-12,周日207,挪威超级联赛,奥斯陆KFUM,博德闪耀,5.5,4.7,1.36,0,2,2,负,official_result_market_odds,2026-08-11T21:44:29
2026-07-12,2040493,2026-07-12,周日208,瑞典超级联赛,哥德堡盖斯,埃尔夫斯堡,1.63,3.6,4.2,1,0,0,胜,official_result_market_odds,2026-08-11T21:44:29
2026-07-12,2040494,2026-07-12,周日209,瑞典超级联赛,布鲁马波卡纳,天狼星,4.7,4.15,1.48,1,2,2,负,official_result_market_odds,2026-08-11T21:44:29
2026-07-12,2040495,2026-07-12,周日210,挪威超级联赛,布兰,斯达,1.3,4.8,6.6,2,1,0,胜,official_result_market_odds,2026-08-11T21:44:29
2026-07-12,2040496,2026-07-12,周日211,挪威超级联赛,罗森博格,克里斯蒂安松,1.41,4.25,5.4,3,0,0,胜,official_result_market_odds,2026-08-11T21:44:29
2026-07-12,2040497,2026-07-12,周日212,挪威超级联赛,桑纳菲尤尔,汉坎,1.85,3.25,3.55,2,2,1,平,official_result_market_odds,2026-08-11T21:44:29
2026-07-13,2040498,2026-07-13,周日213,挪威超级联赛,萨尔普斯堡,维京,4.7,4.7,1.42,1,0,0,胜,official_result_market_odds,2026-08-11T21:44:29
2026-07-14,2040499,2026-07-14,周一201,瑞典超级联赛,佐加顿斯,哈尔姆斯塔德,1.17,6.0,9.25,3,0,0,胜,official_result_market_odds,2026-08-11T21:44:29
2026-07-15,2040507,2026-07-15,周二101,世界杯,法国,西班牙,2.08,3.08,3.09,0,2,2,负,official_result_market_odds,2026-08-11T21:44:29
2026-07-15,2040511,2026-07-15,周二201,欧洲冠军联赛,杰尔,雷克雅未克维京人,1.44,4.4,4.81,2,2,1,平,official_result_market_odds,2026-08-11T21:44:29
2026-07-15,2040512,2026-07-15,周二202,欧洲冠军联赛,新圣徒,萨巴赫,5.4,4.25,1.41,1,2,2,负,official_result_market_odds,2026-08-11T21:44:29
2026-07-16,2040508,2026-07-16,周三102,世界杯,英格兰,阿根廷,2.36,2.75,2.92,1,2,2,负,official_result_market_odds,2026-08-11T21:44:29
2026-07-16,2040513,2026-07-16,周三201,欧洲冠军联赛,比森阿泰尔,克拉克斯维克,2.32,3.14,2.63,1,2,2,负,official_result_market_odds,2026-08-11T21:44:29
2026-07-16,2040514,2026-07-16,周三202,欧洲冠军联赛,苏捷斯卡,阿拉木图凯拉特,4.95,3.9,1.49,0,2,2,负,official_result_market_odds,2026-08-11T21:44:29
2026-07-17,2040515,2026-07-17,周四201,挪威超级联赛,瓦勒伦加,奥勒松,1.5,4.06,4.61,6,1,0,胜,official_result_market_odds,2026-08-11T21:44:29
2026-07-17,2040516,2026-07-17,周四202,欧罗巴联赛,德里城,索菲亚中央陆军,4.0,3.76,1.63,1,2,2,负,official_result_market_odds,2026-08-11T21:44:29
2026-07-17,2040517,2026-07-17,周四203,欧罗巴联赛,费伦茨瓦罗斯,伏伊伏丁那,1.25,5.35,7.0,3,0,0,胜,official_result_market_odds,2026-08-11T21:44:29
2026-07-17,2040518,2026-07-17,周四204,欧罗巴联赛,日利纳,斯普利特海杜克,3.3,3.22,1.94,2,1,0,胜,official_result_market_odds,2026-08-11T21:44:29
2026-07-17,2040519,2026-07-17,周四205,巴西甲级联赛,博塔弗戈,桑托斯,1.81,3.48,3.45,2,1,0,胜,official_result_market_odds,2026-08-11T21:44:29
2026-07-17,2040520,2026-07-17,周四206,巴西甲级联赛,维多利亚,瓦斯科达伽马,2.12,3.12,2.97,1,0,0,胜,official_result_market_odds,2026-08-11T21:44:29
2026-07-17,2040521,2026-07-17,周四207,美国职业大联盟,蒙特利尔CF,多伦多FC,1.92,3.42,3.16,0,0,1,平,official_result_market_odds,2026-08-11T21:44:29
2026-07-17,2040523,2026-07-17,周四209,美国职业大联盟,圣路易斯城,堪萨斯城竞技,1.3,4.96,6.3,3,2,0,胜,official_result_market_odds,2026-08-11T21:44:29
2026-07-17,2040524,2026-07-17,周四210,美国职业大联盟,西雅图海湾人,波特兰伐木工,1.34,4.75,5.8,1,5,2,负,official_result_market_odds,2026-08-11T21:44:29
2026-07-18,2040532,2026-07-18,周五201,瑞典超级联赛,IFK哥德堡,布鲁马波卡纳,1.93,3.4,3.15,2,1,0,胜,official_result_market_odds,2026-08-11T21:44:29
2026-07-18,2040533,2026-07-18,周五202,瑞典超级联赛,米亚尔比,韦斯特罗斯,1.61,3.75,4.15,0,0,1,平,official_result_market_odds,2026-08-11T21:44:29
2026-07-18,2040535,2026-07-18,周五204,巴西甲级联赛,巴伊亚,沙佩科恩斯,1.29,4.7,7.1,2,0,0,胜,official_result_market_odds,2026-08-11T21:44:29
2026-07-18,2040536,2026-07-18,周五205,巴西甲级联赛,弗鲁米嫩塞,布拉干蒂诺RB,1.62,3.42,4.55,1,1,1,平,official_result_market_odds,2026-08-11T21:44:29
2026-07-18,2040537,2026-07-18,周五206,巴西甲级联赛,米拉索尔,格雷米奥,1.72,3.15,4.33,2,1,0,胜,official_result_market_odds,2026-08-11T21:44:29
2026-07-18,2040538,2026-07-18,周五207,美国职业大联盟,纳什维尔,亚特兰大联,1.36,4.35,6.1,1,0,0,胜,official_result_market_odds,2026-08-11T21:44:29
2026-07-18,2040539,2026-07-18,周五208,美国职业大联盟,洛杉矶银河,洛杉矶FC,2.95,3.4,2.02,0,3,2,负,official_result_market_odds,2026-08-11T21:44:29
2026-07-18,2040546,2026-07-18,周六201,韩国职业联赛,大田市民,蔚山现代,2.48,3.15,2.45,2,2,1,平,official_result_market_odds,2026-08-11T21:44:29
2026-07-18,2040547,2026-07-18,周六202,韩国职业联赛,江原FC,金泉尚武,1.53,3.56,5.12,2,0,0,胜,official_result_market_odds,2026-08-11T21:44:29
2026-07-18,2040548,2026-07-18,周六203,韩国职业联赛,济州SK,浦项制铁,3.16,2.95,2.11,2,1,0,胜,official_result_market_odds,2026-08-11T21:44:29
2026-07-18,2040549,2026-07-18,周六204,韩国职业联赛,仁川联,全北现代,3.28,2.97,2.05,1,0,0,胜,official_result_market_odds,2026-08-11T21:44:29
2026-07-18,2040550,2026-07-18,周六205,挪威超级联赛,汉坎,特罗姆瑟,3.75,3.43,1.75,1,4,2,负,official_result_market_odds,2026-08-11T21:44:29
2026-07-18,2040551,2026-07-18,周六206,芬兰超级联赛,赫尔辛基,瓦萨,1.85,3.65,3.18,2,1,0,胜,official_result_market_odds,2026-08-11T21:44:29
2026-07-18,2040552,2026-07-18,周六207,瑞典超级联赛,AIK索尔纳,哥德堡盖斯,2.69,3.15,2.27,2,0,0,胜,official_result_market_odds,2026-08-11T21:44:29
2026-07-18,2040553,2026-07-18,周六208,挪威超级联赛,利勒斯特罗姆,奥斯陆KFUM,1.43,4.2,5.2,2,1,0,胜,official_result_market_odds,2026-08-11T21:44:29
2026-07-18,2040554,2026-07-18,周六209,挪威超级联赛,斯达,罗森博格,3.15,3.55,1.89,0,3,2,负,official_result_market_odds,2026-08-11T21:44:29
2026-07-18,2040555,2026-07-18,周六210,挪威超级联赛,克里斯蒂安松,萨尔普斯堡,2.9,3.65,1.96,0,0,1,平,official_result_market_odds,2026-08-11T21:44:29
2026-07-18,2040556,2026-07-18,周六211,芬兰超级联赛,AC奥卢,赫尔辛基火花,2.08,3.3,2.9,0,2,2,负,official_result_market_odds,2026-08-11T21:44:29
2026-07-18,2040557,2026-07-18,周六212,芬兰超级联赛,塞伊奈约基,库奥皮奥,2.32,3.35,2.5,0,2,2,负,official_result_market_odds,2026-08-11T21:44:29
2026-07-19,2040540,2026-07-19,周六103,世界杯,法国,英格兰,1.68,3.85,3.65,4,6,2,负,official_result_market_odds,2026-08-11T21:44:29
2026-07-19,2040558,2026-07-19,周六213,挪威超级联赛,莫尔德,布兰,1.77,4.0,3.18,1,2,2,负,official_result_market_odds,2026-08-11T21:44:29
2026-07-19,2040559,2026-07-19,周六214,挪威超级联赛,维京,桑纳菲尤尔,1.15,6.45,9.5,2,1,0,胜,official_result_market_odds,2026-08-11T21:44:29
2026-07-19,2040560,2026-07-19,周日201,韩国职业联赛,富川FC,首尔FC,5.65,3.5,1.5,1,3,2,负,official_result_market_odds,2026-08-11T21:44:29
2026-07-19,2040561,2026-07-19,周日202,韩国职业联赛,安养FC,光州FC,1.49,3.6,5.55,1,1,1,平,official_result_market_odds,2026-08-11T21:44:29
2026-07-19,2040562,2026-07-19,周日203,瑞典超级联赛,埃尔夫斯堡,天狼星,3.45,3.65,1.77,1,3,2,负,official_result_market_odds,2026-08-11T21:44:29
2026-07-19,2040563,2026-07-19,周日204,瑞典超级联赛,哈尔姆斯塔德,赫根,5.1,4.7,1.39,0,2,2,负,official_result_market_odds,2026-08-11T21:44:29
2026-07-19,2040564,2026-07-19,周日205,瑞典超级联赛,哈马比,代格福什,1.13,6.1,12.5,4,0,0,胜,official_result_market_odds,2026-08-11T21:44:29
2026-07-19,2040565,2026-07-19,周日206,芬兰超级联赛,雅罗,国际图尔库,4.45,3.85,1.55,0,0,1,平,official_result_market_odds,2026-08-11T21:44:29
2026-07-20,2040541,2026-07-20,周日104,世界杯,西班牙,阿根廷,2.11,2.96,3.15,0,0,1,平,official_result_market_odds,2026-08-11T21:44:29
2026-07-20,2040566,2026-07-20,周一201,芬兰超级联赛,TPS图尔库,坦佩雷山猫,2.58,3.2,2.33,1,3,2,负,official_result_market_odds,2026-08-11T21:44:29
2026-07-21,2040567,2026-07-21,周一202,芬兰超级联赛,玛丽港,拉赫蒂,5.9,4.45,1.36,0,2,2,负,official_result_market_odds,2026-08-11T21:44:29
2026-07-21,2040568,2026-07-21,周一203,瑞典超级联赛,厄尔格里特,佐加顿斯,7.25,5.6,1.23,0,0,1,平,official_result_market_odds,2026-08-11T21:44:29
2026-07-21,2040569,2026-07-21,周一204,瑞典超级联赛,卡尔马,马尔默,2.5,3.15,2.43,2,2,1,平,official_result_market_odds,2026-08-11T21:44:29
2026-07-21,2040580,2026-07-21,周二201,韩国职业联赛,济州SK,江原FC,4.62,3.05,1.71,1,1,1,平,official_result_market_odds,2026-08-11T21:44:29
2026-07-21,2040581,2026-07-21,周二202,韩国职业联赛,全北现代,大田市民,1.77,3.28,3.85,0,0,1,平,official_result_market_odds,2026-08-11T21:44:29
2026-07-21,2040582,2026-07-21,周二203,韩国职业联赛,蔚山现代,仁川联,2.02,2.85,3.53,1,2,2,负,official_result_market_odds,2026-08-11T21:44:29
2026-07-22,2040583,2026-07-22,周二204,巴西甲级联赛,米内罗竞技,巴伊亚,1.86,3.15,3.65,1,1,1,平,official_result_market_odds,2026-08-11T21:44:29
2026-07-22,2040584,2026-07-22,周三201,韩国职业联赛,首尔FC,浦项制铁,1.6,3.28,5.0,3,1,0,胜,official_result_market_odds,2026-08-11T21:44:29
2026-07-22,2040585,2026-07-22,周三202,韩国职业联赛,富川FC,安养FC,2.86,2.72,2.43,2,3,2,负,official_result_market_odds,2026-08-11T21:44:29
2026-07-22,2040586,2026-07-22,周三203,韩国职业联赛,光州FC,金泉尚武,3.65,2.75,2.04,1,1,1,平,official_result_market_odds,2026-08-11T21:44:29
2026-07-22,2040595,2026-07-22,周二205,欧洲冠军联赛,萨巴赫,库奥皮奥,1.42,4.15,5.45,1,0,0,胜,official_result_market_odds,2026-08-11T21:44:29
2026-07-22,2040601,2026-07-22,周二206,欧洲冠军联赛,奥胡斯,波兹南莱赫,2.13,2.8,3.3,1,4,2,负,official_result_market_odds,2026-08-11T21:44:29
2026-07-22,2040602,2026-07-22,周二207,欧洲冠军联赛,格拉茨风暴,哈茨,1.54,3.8,4.6,4,0,0,胜,official_result_market_odds,2026-08-11T21:44:29
2026-07-23,2040588,2026-07-23,周三205,挪威超级联赛,利勒斯特罗姆,维京,3.13,3.53,1.9,1,2,2,负,official_result_market_odds,2026-08-11T21:44:29
2026-07-23,2040589,2026-07-23,周三206,美国职业大联盟,迈阿密国际,芝加哥火焰,2.25,3.6,2.46,3,2,0,胜,official_result_market_odds,2026-08-11T21:44:29
2026-07-23,2040590,2026-07-23,周三207,巴西甲级联赛,沙佩科恩斯,弗拉门戈,7.3,4.6,1.29,0,4,2,负,official_result_market_odds,2026-08-11T21:44:29
2026-07-23,2040591,2026-07-23,周三208,巴西甲级联赛,圣保罗,巴拉纳竞技,1.84,2.85,4.25,1,2,2,负,official_result_market_odds,2026-08-11T21:44:29
2026-07-23,2040592,2026-07-23,周三209,美国职业大联盟,洛杉矶FC,皇家盐湖城,1.48,4.3,4.55,3,1,0,胜,official_result_market_odds,2026-08-11T21:44:29
2026-07-23,2040596,2026-07-23,周三210,欧洲冠军联赛,奥莫尼亚,阿拉木图凯拉特,1.54,3.6,4.95,1,0,0,胜,official_result_market_odds,2026-08-11T21:44:29
2026-07-24,2040593,2026-07-24,周四202,巴西甲级联赛,博塔弗戈,维多利亚,1.53,3.6,5.05,0,0,1,平,official_result_market_odds,2026-08-11T21:44:29
2026-07-24,2040594,2026-07-24,周四201,巴西甲级联赛,科林蒂安,里莫,1.33,4.15,7.3,3,0,0,胜,official_result_market_odds,2026-08-11T21:44:29
2026-07-24,2040597,2026-07-24,周四203,欧罗巴联赛,哈马比,安德莱赫特,1.7,3.47,3.95,1,1,1,平,official_result_market_odds,2026-08-11T21:44:29
2026-07-24,2040598,2026-07-24,周四205,欧罗巴联赛,贝西克塔斯,中日德兰,2.1,3.03,3.1,1,0,0,胜,official_result_market_odds,2026-08-11T21:44:29
2026-07-24,2040599,2026-07-24,周四206,欧罗巴联赛,特温特,费伦茨瓦罗斯,1.38,4.08,6.25,1,2,2,负,official_result_market_odds,2026-08-11T21:44:29
2026-07-24,2040600,2026-07-24,周四207,欧罗巴联赛,斯普利特海杜克,帕福斯,1.78,3.25,3.85,2,0,0,胜,official_result_market_odds,2026-08-11T21:44:29
2026-07-24,2040603,2026-07-24,周四204,欧罗巴联赛,圣加仑,本菲卡,7.95,5.25,1.23,2,1,0,胜,official_result_market_odds,2026-08-11T21:44:29
2026-07-25,2040610,2026-07-25,周五201,芬兰超级联赛,雅罗,塞伊奈约基,2.95,3.38,2.02,2,1,0,胜,official_result_market_odds,2026-08-11T21:44:29
2026-07-25,2040611,2026-07-25,周五202,瑞典超级联赛,韦斯特罗斯,厄尔格里特,1.51,3.86,4.8,2,0,0,胜,official_result_market_odds,2026-08-11T21:44:29
2026-07-25,2040612,2026-07-25,周六201,韩国职业联赛,金泉尚武,大田市民,2.95,3.1,2.14,3,2,0,胜,official_result_market_odds,2026-08-11T21:44:29
2026-07-25,2040613,2026-07-25,周六202,韩国职业联赛,浦项制铁,全北现代,3.0,2.78,2.29,0,2,2,负,official_result_market_odds,2026-08-11T21:44:29
2026-07-25,2040614,2026-07-25,周六203,瑞典超级联赛,代格福什,佐加顿斯,4.9,3.95,1.49,0,1,2,负,official_result_market_odds,2026-08-11T21:44:29
2026-07-25,2040615,2026-07-25,周六204,芬兰超级联赛,玛丽港,AC奥卢,5.55,4.45,1.38,1,1,1,平,official_result_market_odds,2026-08-11T21:44:29
2026-07-25,2040616,2026-07-25,周六205,挪威超级联赛,克里斯蒂安松,斯达,1.86,3.5,3.27,1,2,2,负,official_result_market_odds,2026-08-11T21:44:29
2026-07-25,2040617,2026-07-25,周六206,芬兰超级联赛,库奥皮奥,瓦萨,1.97,3.14,3.3,3,1,0,胜,official_result_market_odds,2026-08-11T21:44:29
2026-07-25,2040618,2026-07-25,周六207,瑞典超级联赛,卡尔马,米亚尔比,2.6,3.13,2.35,2,1,0,胜,official_result_market_odds,2026-08-11T21:44:29
2026-07-26,2040619,2026-07-26,周六208,巴西甲级联赛,巴拉纳竞技,巴西国际,1.72,3.25,4.16,2,0,0,胜,official_result_market_odds,2026-08-11T21:44:29
2026-07-26,2040620,2026-07-26,周六209,巴西甲级联赛,桑托斯,沙佩科恩斯,1.23,5.0,8.6,2,2,1,平,official_result_market_odds,2026-08-11T21:44:29
2026-07-26,2040621,2026-07-26,周六210,美国职业大联盟,圣迭戈FC,达拉斯FC,2.25,3.6,2.46,1,0,0,胜,official_result_market_odds,2026-08-11T21:44:29
2026-07-26,2040622,2026-07-26,周六211,美国职业大联盟,圣何塞地震,洛杉矶银河,1.64,4.05,3.67,1,1,1,平,official_result_market_odds,2026-08-11T21:44:29
2026-07-26,2040623,2026-07-26,周日201,韩国职业联赛,首尔FC,蔚山现代,1.65,3.5,4.2,1,3,2,负,official_result_market_odds,2026-08-11T21:44:29
2026-07-26,2040624,2026-07-26,周日202,韩国职业联赛,仁川联,富川FC,1.48,3.55,5.8,1,1,1,平,official_result_market_odds,2026-08-11T21:44:29
2026-07-26,2040625,2026-07-26,周日203,韩国职业联赛,光州FC,济州SK,3.32,3.0,2.02,1,2,2,负,official_result_market_odds,2026-08-11T21:44:29
2026-07-26,2040626,2026-07-26,周日204,韩国职业联赛,安养FC,江原FC,4.05,2.83,1.89,2,1,0,胜,official_result_market_odds,2026-08-11T21:44:29
2026-07-26,2040627,2026-07-26,周日205,瑞典超级联赛,布鲁马波卡纳,哈马比,7.5,5.3,1.24,1,1,1,平,official_result_market_odds,2026-08-11T21:44:29
2026-07-26,2040628,2026-07-26,周日206,瑞典超级联赛,天狼星,IFK哥德堡,1.31,4.9,6.2,4,1,0,胜,official_result_market_odds,2026-08-11T21:44:29
2026-07-26,2040629,2026-07-26,周日207,芬兰超级联赛,国际图尔库,赫尔辛基火花,1.56,3.75,4.5,1,2,2,负,official_result_market_odds,2026-08-11T21:44:29
2026-07-26,2040630,2026-07-26,周日208,芬兰超级联赛,坦佩雷山猫,拉赫蒂,2.42,3.3,2.43,1,0,0,胜,official_result_market_odds,2026-08-11T21:44:29
2026-07-26,2040631,2026-07-26,周日209,挪威超级联赛,布兰,瓦勒伦加,1.52,4.3,4.2,2,3,2,负,official_result_market_odds,2026-08-11T21:44:29
2026-07-26,2040632,2026-07-26,周日210,芬兰超级联赛,赫尔辛基,TPS图尔库,1.24,5.3,7.5,1,0,0,胜,official_result_market_odds,2026-08-11T21:44:29
2026-07-26,2040633,2026-07-26,周日211,瑞典超级联赛,哥德堡盖斯,哈尔姆斯塔德,1.34,4.5,6.2,1,1,1,平,official_result_market_odds,2026-08-11T21:44:29
2026-07-26,2040634,2026-07-26,周日212,瑞典超级联赛,马尔默,埃尔夫斯堡,1.84,3.5,3.34,1,2,2,负,official_result_market_odds,2026-08-11T21:44:29
2026-07-26,2040635,2026-07-26,周日213,挪威超级联赛,萨尔普斯堡,汉坎,1.47,4.2,4.75,1,0,0,胜,official_result_market_odds,2026-08-11T21:44:29
2026-07-26,2040636,2026-07-26,周日214,挪威超级联赛,奥斯陆KFUM,莫尔德,3.16,3.3,1.96,2,4,2,负,official_result_market_odds,2026-08-11T21:44:29
2026-07-26,2040637,2026-07-26,周日215,挪威超级联赛,桑纳菲尤尔,博德闪耀,8.0,6.1,1.19,0,3,2,负,official_result_market_odds,2026-08-11T21:44:29
2026-07-27,2040638,2026-07-27,周日216,挪威超级联赛,奥勒松,维京,5.75,4.9,1.33,1,1,1,平,official_result_market_odds,2026-08-11T21:44:29
2026-07-27,2040639,2026-07-27,周日217,巴西甲级联赛,弗拉门戈,圣保罗,1.32,4.4,6.9,1,1,1,平,official_result_market_odds,2026-08-11T21:44:29
2026-07-27,2040640,2026-07-27,周日218,巴西甲级联赛,格雷米奥,弗鲁米嫩塞,2.79,2.87,2.37,1,1,1,平,official_result_market_odds,2026-08-11T21:44:29
2026-07-28,2040641,2026-07-28,周一201,瑞典超级联赛,赫根,AIK索尔纳,1.76,3.5,3.63,0,0,1,平,official_result_market_odds,2026-08-11T21:44:29
2026-07-28,2040642,2026-07-28,周一202,挪威超级联赛,罗森博格,腓特烈斯塔,1.37,4.4,5.8,4,0,0,胜,official_result_market_odds,2026-08-11T21:44:29
2026-07-28,2040643,2026-07-28,周二001,欧洲冠军联赛,库奥皮奥,萨巴赫,2.8,3.38,2.1,0,2,2,负,official_result_market_odds,2026-08-11T21:44:29
2026-07-29,2040644,2026-07-29,周二002,欧洲冠军联赛,哈茨,格拉茨风暴,1.82,3.92,3.08,0,2,2,负,official_result_market_odds,2026-08-11T21:44:29
2026-07-29,2040645,2026-07-29,周三001,欧洲冠军联赛,阿拉木图凯拉特,奥莫尼亚,1.98,2.92,3.55,1,0,0,胜,official_result_market_odds,2026-08-11T21:44:29
2026-07-30,2040646,2026-07-30,周三002,欧洲冠军联赛,波兹南莱赫,奥胡斯,1.53,3.85,4.62,0,3,2,负,official_result_market_odds,2026-08-11T21:44:29
2026-07-30,2040647,2026-07-30,周三003,巴西甲级联赛,米拉索尔,里莫,1.5,3.8,5.0,2,1,0,胜,official_result_market_odds,2026-08-11T21:44:29
2026-07-30,2040648,2026-07-30,周三004,巴西甲级联赛,巴西国际,弗拉门戈,4.32,3.52,1.63,1,1,1,平,official_result_market_odds,2026-08-11T21:44:29
2026-07-30,2040649,2026-07-30,周三005,巴西甲级联赛,弗鲁米嫩塞,巴伊亚,1.63,3.4,4.5,0,0,1,平,official_result_market_odds,2026-08-11T21:44:29
2026-07-30,2040650,2026-07-30,周三006,巴西甲级联赛,维多利亚,帕尔梅拉斯,4.3,3.3,1.69,0,4,2,负,official_result_market_odds,2026-08-11T21:44:29
2026-07-31,2040651,2026-07-31,周四001,欧罗巴联赛,中日德兰,贝西克塔斯,1.73,3.75,3.52,0,2,2,负,official_result_market_odds,2026-08-11T21:44:29
2026-07-31,2040652,2026-07-31,周四002,欧罗巴联赛,帕福斯,斯普利特海杜克,1.71,3.65,3.69,2,0,0,胜,official_result_market_odds,2026-08-11T21:44:29
2026-07-31,2040653,2026-07-31,周四003,欧罗巴联赛,安德莱赫特,哈马比,2.11,3.25,2.88,3,1,0,胜,official_result_market_odds,2026-08-11T21:44:29
2026-07-31,2040654,2026-07-31,周四004,欧罗巴联赛,费伦茨瓦罗斯,特温特,2.58,3.5,2.19,2,2,1,平,official_result_market_odds,2026-08-11T21:44:29
2026-07-31,2040656,2026-07-31,周四006,巴西甲级联赛,科林蒂安,巴拉纳竞技,1.8,2.95,4.25,0,0,1,平,official_result_market_odds,2026-08-11T21:44:29
2026-08-01,2040667,2026-08-01,周五001,挪威超级联赛,瓦勒伦加,汉坎,1.53,3.98,4.45,0,3,2,负,official_result_market_odds,2026-08-11T21:44:29
2026-08-01,2040668,2026-08-01,周五002,挪威超级联赛,博德闪耀,利勒斯特罗姆,1.15,6.4,9.7,4,0,0,胜,official_result_market_odds,2026-08-11T21:44:29
2026-08-01,2040669,2026-08-01,周五003,美国职业大联盟,纽约城,多伦多FC,1.45,4.05,5.2,1,1,1,平,official_result_market_odds,2026-08-11T21:44:29
2026-08-01,2040673,2026-08-01,周六001,韩国职业联赛,江原FC,富川FC,1.44,3.75,5.95,0,3,2,负,official_result_market_odds,2026-08-11T21:44:29
2026-08-01,2040674,2026-08-01,周六002,韩国职业联赛,全北现代,首尔FC,2.62,2.9,2.48,0,0,1,平,official_result_market_odds,2026-08-11T21:44:29
2026-08-01,2040675,2026-08-01,周六003,韩国职业联赛,浦项制铁,金泉尚武,2.29,2.98,2.8,0,1,2,负,official_result_market_odds,2026-08-11T21:44:29
2026-08-01,2040676,2026-08-01,周六004,芬兰超级联赛,TPS图尔库,玛丽港,1.39,4.3,5.7,3,0,0,胜,official_result_market_odds,2026-08-11T21:44:29
2026-08-01,2040677,2026-08-01,周六005,瑞典超级联赛,赫根,卡尔马,1.62,3.85,3.96,1,1,1,平,official_result_market_odds,2026-08-11T21:44:29
2026-08-01,2040678,2026-08-01,周六006,挪威超级联赛,腓特烈斯塔,桑纳菲尤尔,2.11,3.24,2.88,1,0,0,胜,official_result_market_odds,2026-08-11T21:44:29
2026-08-01,2040679,2026-08-01,周六007,芬兰超级联赛,拉赫蒂,雅罗,1.39,4.35,5.55,2,0,0,胜,official_result_market_odds,2026-08-11T21:44:29
2026-08-02,2040680,2026-08-02,周六008,挪威超级联赛,斯达,维京,5.65,4.62,1.36,0,3,2,负,official_result_market_odds,2026-08-11T21:44:29
2026-08-02,2040681,2026-08-02,周六009,芬兰超级联赛,赫尔辛基火花,库奥皮奥,3.22,3.65,1.84,0,1,2,负,official_result_market_odds,2026-08-11T21:44:29
2026-08-02,2040682,2026-08-02,周六010,美国职业大联盟,迈阿密国际,哥伦布机员,1.38,4.65,5.3,2,2,1,平,official_result_market_odds,2026-08-11T21:44:29
2026-08-02,2040683,2026-08-02,周六011,美国职业大联盟,温哥华白帽,洛杉矶FC,1.91,3.65,3.02,1,1,1,平,official_result_market_odds,2026-08-11T21:44:29
2026-08-02,2040684,2026-08-02,周六013,美国职业大联盟,芝加哥火焰,夏洛特FC,1.37,4.5,5.65,2,1,0,胜,official_result_market_odds,2026-08-11T21:44:29
2026-08-02,2040685,2026-08-02,周六014,美国职业大联盟,圣路易斯城,皇家盐湖城,1.88,3.75,3.02,1,1,1,平,official_result_market_odds,2026-08-11T21:44:29
2026-08-02,2040686,2026-08-02,周六015,美国职业大联盟,洛杉矶银河,达拉斯FC,2.21,3.35,2.64,0,0,1,平,official_result_market_odds,2026-08-11T21:44:29
2026-08-02,2040687,2026-08-02,周六016,美国职业大联盟,波特兰伐木工,西雅图海湾人,1.91,3.7,2.98,2,1,0,胜,official_result_market_odds,2026-08-11T21:44:29
2026-08-02,2040688,2026-08-02,周日001,韩国职业联赛,蔚山现代,安养FC,2.02,3.4,2.94,3,1,0,胜,official_result_market_odds,2026-08-11T21:44:29
2026-08-02,2040689,2026-08-02,周日002,韩国职业联赛,济州SK,仁川联,2.8,2.75,2.45,3,3,1,平,official_result_market_odds,2026-08-11T21:44:29
2026-08-02,2040690,2026-08-02,周日003,韩国职业联赛,大田市民,光州FC,1.44,3.85,5.7,2,0,0,胜,official_result_market_odds,2026-08-11T21:44:29
2026-08-02,2040691,2026-08-02,周日004,瑞典超级联赛,布鲁马波卡纳,马尔默,2.98,3.6,1.94,1,2,2,负,official_result_market_odds,2026-08-11T21:44:29
2026-08-02,2040692,2026-08-02,周日005,瑞典超级联赛,IFK哥德堡,代格福什,1.6,3.75,4.2,2,0,0,胜,official_result_market_odds,2026-08-11T21:44:29
2026-08-02,2040693,2026-08-02,周日006,芬兰超级联赛,瓦萨,国际图尔库,2.62,3.0,2.42,0,1,2,负,official_result_market_odds,2026-08-11T21:44:29
2026-08-02,2040694,2026-08-02,周日007,芬兰超级联赛,AC奥卢,坦佩雷山猫,2.35,3.4,2.44,1,0,0,胜,official_result_market_odds,2026-08-11T21:44:29
2026-08-02,2040695,2026-08-02,周日008,瑞典超级联赛,AIK索尔纳,厄尔格里特,1.4,4.2,5.65,0,3,2,负,official_result_market_odds,2026-08-11T21:44:29
2026-08-02,2040696,2026-08-02,周日009,挪威超级联赛,奥斯陆KFUM,克里斯蒂安松,1.6,3.7,4.28,2,1,0,胜,official_result_market_odds,2026-08-11T21:44:29
2026-08-02,2040697,2026-08-02,周日010,挪威超级联赛,莫尔德,萨尔普斯堡,1.45,4.3,4.85,3,3,1,平,official_result_market_odds,2026-08-11T21:44:29
2026-08-02,2040698,2026-08-02,周日011,挪威超级联赛,奥勒松,特罗姆瑟,3.45,3.42,1.83,2,6,2,负,official_result_market_odds,2026-08-11T21:44:29
2026-08-02,2040705,2026-08-02,周六012,巴西杯,桑托斯,里莫,1.42,3.82,6.1,0,0,1,平,official_result_market_odds,2026-08-11T21:44:29
2026-08-03,2040699,2026-08-03,周日012,挪威超级联赛,布兰,罗森博格,1.9,3.55,3.12,3,2,0,胜,official_result_market_odds,2026-08-11T21:44:29
2026-08-03,2040700,2026-08-03,周日014,巴西杯,巴西国际,科林蒂安,2.24,2.6,3.35,2,0,0,胜,official_result_market_odds,2026-08-11T21:44:29
2026-08-03,2040706,2026-08-03,周日013,巴西杯,米拉索尔,格雷米奥,1.83,2.9,4.2,1,1,1,平,official_result_market_odds,2026-08-11T21:44:29
2026-08-04,2040701,2026-08-04,周一001,芬兰超级联赛,塞伊奈约基,赫尔辛基,3.3,3.87,1.76,3,0,0,胜,official_result_market_odds,2026-08-11T21:44:29
2026-08-04,2040702,2026-08-04,周一002,瑞典超级联赛,哈尔姆斯塔德,天狼星,7.3,5.2,1.25,0,2,2,负,official_result_market_odds,2026-08-11T21:44:29
2026-08-04,2040703,2026-08-04,周一003,瑞典超级联赛,佐加顿斯,韦斯特罗斯,1.38,4.5,5.5,6,0,0,胜,official_result_market_odds,2026-08-11T21:44:29
2026-08-04,2040704,2026-08-04,周一004,巴西杯,巴拉纳竞技,维多利亚,1.54,3.25,5.8,2,0,0,胜,official_result_market_odds,2026-08-11T21:44:29
2026-08-05,2040716,2026-08-05,周二001,巴西杯,里莫,桑托斯,3.38,2.95,2.02,0,1,2,负,official_result_market_odds,2026-08-11T21:44:29
2026-08-05,2040720,2026-08-05,周二004,欧洲冠军联赛,圣吉尔联合,博德闪耀,2.25,3.6,2.46,3,3,1,平,official_result_market_odds,2026-08-11T21:44:29
2026-08-05,2040721,2026-08-05,周二005,欧洲冠军联赛,布拉格斯巴达,里昂,3.45,3.48,1.81,2,1,0,胜,official_result_market_odds,2026-08-11T21:44:29
2026-08-05,2040727,2026-08-05,周二002,欧洲冠军联赛,米亚尔比,布拉迪斯拉发,1.95,3.24,3.25,1,2,2,负,official_result_market_odds,2026-08-11T21:44:29
2026-08-05,2040728,2026-08-05,周二003,欧洲冠军联赛,奥林匹亚科斯,奈梅亨,1.4,4.22,5.6,0,0,1,平,official_result_market_odds,2026-08-11T21:44:29
2026-08-06,2040717,2026-08-06,周三001,巴西杯,弗鲁米嫩塞,瓦斯科达伽马,1.87,2.9,4.0,1,3,2,负,official_result_market_odds,2026-08-11T21:44:29
2026-08-06,2040722,2026-08-06,周三002,欧洲冠军联赛,奥胡斯,萨巴赫,1.63,3.7,4.07,2,1,0,胜,official_result_market_odds,2026-08-11T21:44:29
2026-08-06,2040723,2026-08-06,周三003,欧洲冠军联赛,费内巴切,格拉茨风暴,1.25,5.05,7.6,2,0,0,胜,official_result_market_odds,2026-08-11T21:44:29
2026-08-06,2040729,2026-08-06,周四002,欧罗巴联赛,库奥皮奥,克拉约瓦大学,3.2,3.16,2.0,1,1,1,平,official_result_market_odds,2026-08-11T21:44:29
2026-08-07,2040718,2026-08-07,周四001,巴西杯,维多利亚,巴拉纳竞技,2.44,3.1,2.52,4,0,0,胜,official_result_market_odds,2026-08-11T21:44:29
2026-08-07,2040724,2026-08-07,周四003,欧罗巴联赛,比亚韦斯托克,格拉斯哥流浪者,2.88,3.15,2.15,2,1,0,胜,official_result_market_odds,2026-08-11T21:44:29
2026-08-07,2040725,2026-08-07,周四004,欧罗巴联赛,塞萨洛尼基,安德莱赫特,1.46,3.85,5.4,0,1,2,负,official_result_market_odds,2026-08-11T21:44:29
2026-08-07,2040737,2026-08-07,周五001,日本职业联赛,横滨水手,鹿岛鹿角,3.08,3.05,2.1,3,4,2,负,official_result_market_odds,2026-08-11T21:44:29
2026-08-07,2040738,2026-08-07,周五002,日本职业联赛,大阪钢巴,浦和红钻,2.19,3.2,2.79,4,3,0,胜,official_result_market_odds,2026-08-11T21:44:29
2026-08-08,2040739,2026-08-08,周五003,芬兰超级联赛,塞伊奈约基,赫尔辛基火花,1.95,3.6,2.95,2,2,1,平,official_result_market_odds,2026-08-11T21:44:29
2026-08-08,2040740,2026-08-08,周五004,挪威超级联赛,桑纳菲尤尔,奥斯陆KFUM,1.77,3.55,3.53,0,1,2,负,official_result_market_odds,2026-08-11T21:44:29
2026-08-08,2040741,2026-08-08,周五005,荷兰甲级联赛,坎布尔,SBV精英,2.36,3.5,2.38,0,4,2,负,official_result_market_odds,2026-08-11T21:44:29
2026-08-08,2040742,2026-08-08,周五006,荷兰乙级联赛,奥斯,布雷达,4.7,4.15,1.48,1,2,2,负,official_result_market_odds,2026-08-11T21:44:29
2026-08-08,2040743,2026-08-08,周五007,荷兰乙级联赛,埃门,罗达JC,2.35,3.35,2.47,1,0,0,胜,official_result_market_odds,2026-08-11T21:44:29
2026-08-08,2040744,2026-08-08,周五008,德国乙级联赛,波鸿,柏林赫塔,2.05,3.45,2.84,0,1,2,负,official_result_market_odds,2026-08-11T21:44:29
2026-08-08,2040745,2026-08-08,周五009,英格兰联赛杯,米德尔斯堡,雷克斯汉姆,1.5,3.9,4.85,1,0,0,胜,official_result_market_odds,2026-08-11T21:44:29
2026-08-08,2040746,2026-08-08,周五010,葡萄牙超级联赛,埃斯托里尔,法马利康,2.93,3.0,2.2,1,1,1,平,official_result_market_odds,2026-08-11T21:44:29
2026-08-08,2040750,2026-08-08,周六001,日本职业联赛,大阪樱花,冈山绿雉,1.9,3.28,3.35,2,1,0,胜,official_result_market_odds,2026-08-11T21:44:29
2026-08-08,2040751,2026-08-08,周六003,韩国职业联赛,安养FC,大田市民,3.55,3.25,1.85,1,2,2,负,official_result_market_odds,2026-08-11T21:44:29
2026-08-08,2040752,2026-08-08,周六004,韩国职业联赛,全北现代,济州SK,1.67,3.32,4.35,1,3,2,负,official_result_market_odds,2026-08-11T21:44:29
2026-08-08,2040753,2026-08-08,周六005,韩国职业联赛,金泉尚武,首尔FC,3.3,3.34,1.9,0,0,1,平,official_result_market_odds,2026-08-11T21:44:29
2026-08-08,2040754,2026-08-08,周六006,挪威超级联赛,瓦勒伦加,博德闪耀,5.15,4.75,1.38,1,2,2,负,official_result_market_odds,2026-08-11T21:44:29
2026-08-08,2040755,2026-08-08,周六007,英格兰联赛杯,女王公园巡游者,米尔沃尔,2.2,3.25,2.72,1,1,1,平,official_result_market_odds,2026-08-11T21:44:29
2026-08-08,2040756,2026-08-08,周六008,瑞典超级联赛,厄尔格里特,AIK索尔纳,2.55,3.4,2.26,3,4,2,负,official_result_market_odds,2026-08-11T21:44:29
2026-08-08,2040757,2026-08-08,周六009,英格兰联赛杯,西汉姆联,朴次茅斯,1.26,4.9,7.6,3,1,0,胜,official_result_market_odds,2026-08-11T21:44:29
2026-08-08,2040758,2026-08-08,周六010,英格兰联赛杯,斯旺西,伯明翰,2.84,3.2,2.15,0,1,2,负,official_result_market_odds,2026-08-11T21:44:29
2026-08-08,2040759,2026-08-08,周六011,挪威超级联赛,维京,萨尔普斯堡,1.27,5.3,6.5,2,1,0,胜,official_result_market_odds,2026-08-11T21:44:29
2026-08-08,2040760,2026-08-08,周六012,荷兰甲级联赛,奈梅亨,特尔斯达,1.35,4.55,5.95,1,2,2,负,official_result_market_odds,2026-08-11T21:44:29
2026-08-08,2040761,2026-08-08,周六013,葡萄牙超级联赛,马里迪莫,卡萨皮亚,1.86,3.0,3.87,1,0,0,胜,official_result_market_odds,2026-08-11T21:44:29
2026-08-08,2040762,2026-08-08,周六014,瑞典超级联赛,米亚尔比,埃尔夫斯堡,2.62,3.12,2.34,0,1,2,负,official_result_market_odds,2026-08-11T21:44:29
2026-08-08,2040797,2026-08-08,周六002,日本乙级联赛,大宫松鼠RB,新潟天鹅,1.88,3.16,3.56,1,0,0,胜,official_result_market_odds,2026-08-11T21:44:29
2026-08-09,2040763,2026-08-09,周六015,芬兰超级联赛,雅罗,瓦萨,4.0,3.55,1.68,1,3,2,负,official_result_market_odds,2026-08-11T21:44:29
2026-08-09,2040764,2026-08-09,周六016,荷兰甲级联赛,前进之鹰,威廉二世,1.39,4.35,5.55,4,1,0,胜,official_result_market_odds,2026-08-11T21:44:29
2026-08-09,2040765,2026-08-09,周六017,葡萄牙超级联赛,吉马良斯,阿罗卡,1.79,3.25,3.8,0,1,2,负,official_result_market_odds,2026-08-11T21:44:29
2026-08-09,2040767,2026-08-09,周六019,法国乙级联赛,波城FC,阿纳西,2.64,3.05,2.37,0,1,2,负,official_result_market_odds,2026-08-11T21:44:29
2026-08-09,2040768,2026-08-09,周六020,法国乙级联赛,蒙彼利埃,第戎,1.66,3.34,4.4,1,1,1,平,official_result_market_odds,2026-08-11T21:44:29
2026-08-09,2040769,2026-08-09,周六022,荷兰甲级联赛,阿尔克马尔,海牙,1.28,4.9,6.95,2,0,0,胜,official_result_market_odds,2026-08-11T21:44:29
2026-08-09,2040770,2026-08-09,周六023,巴西甲级联赛,格雷米奥,圣保罗,2.3,2.75,3.02,2,1,0,胜,official_result_market_odds,2026-08-11T21:44:29
2026-08-09,2040772,2026-08-09,周六025,巴西甲级联赛,博塔弗戈,弗鲁米嫩塞,2.2,3.0,2.93,1,1,1,平,official_result_market_odds,2026-08-11T21:44:29
2026-08-09,2040773,2026-08-09,周日001,日本职业联赛,东京绿茵,川崎前锋,3.15,3.02,2.08,1,1,1,平,official_result_market_odds,2026-08-11T21:44:29
2026-08-09,2040774,2026-08-09,周日002,日本职业联赛,长崎航海,京都不死鸟,3.13,3.1,2.05,2,1,0,胜,official_result_market_odds,2026-08-11T21:44:29
2026-08-09,2040775,2026-08-09,周日004,荷兰甲级联赛,鹿特丹斯巴达,费耶诺德,4.75,4.2,1.47,0,1,2,负,official_result_market_odds,2026-08-11T21:44:29
2026-08-09,2040776,2026-08-09,周日006,德国乙级联赛,纽伦堡,德累斯顿,2.21,3.2,2.75,3,0,0,胜,official_result_market_odds,2026-08-11T21:44:29
2026-08-09,2040777,2026-08-09,周日007,瑞典超级联赛,哈马比,赫根,1.46,4.32,4.7,3,0,0,胜,official_result_market_odds,2026-08-11T21:44:29
2026-08-09,2040778,2026-08-09,周日008,芬兰超级联赛,库奥皮奥,TPS图尔库,1.4,4.35,5.4,1,1,1,平,official_result_market_odds,2026-08-11T21:44:29
2026-08-09,2040779,2026-08-09,周日009,荷兰甲级联赛,兹沃勒,阿贾克斯,5.95,4.65,1.34,0,2,2,负,official_result_market_odds,2026-08-11T21:44:29
2026-08-09,2040780,2026-08-09,周日010,荷兰甲级联赛,格罗宁根,乌德勒支,2.05,3.35,2.92,2,1,0,胜,official_result_market_odds,2026-08-11T21:44:29
2026-08-09,2040781,2026-08-09,周日011,挪威超级联赛,利勒斯特罗姆,罗森博格,2.3,3.5,2.45,0,2,2,负,official_result_market_odds,2026-08-11T21:44:29
2026-08-09,2040782,2026-08-09,周日012,芬兰超级联赛,国际图尔库,拉赫蒂,2.11,3.15,2.96,0,0,1,平,official_result_market_odds,2026-08-11T21:44:29
2026-08-09,2040783,2026-08-09,周日013,瑞典超级联赛,哈尔姆斯塔德,哥德堡盖斯,5.2,3.9,1.47,0,2,2,负,official_result_market_odds,2026-08-11T21:44:29
2026-08-09,2040784,2026-08-09,周日014,瑞典超级联赛,IFK哥德堡,卡尔马,2.3,3.2,2.62,3,2,0,胜,official_result_market_odds,2026-08-11T21:44:29
2026-08-09,2040785,2026-08-09,周日015,荷兰甲级联赛,海伦芬,特温特,3.0,3.7,1.9,1,0,0,胜,official_result_market_odds,2026-08-11T21:44:29
2026-08-09,2040786,2026-08-09,周日016,挪威超级联赛,汉坎,奥勒松,1.92,3.6,3.03,1,1,1,平,official_result_market_odds,2026-08-11T21:44:29
2026-08-09,2040798,2026-08-09,周六021,法国乙级联赛,南特,圣旺红星,1.61,3.45,4.6,0,1,2,负,official_result_market_odds,2026-08-11T21:44:29
2026-08-09,2040799,2026-08-09,周日003,日本乙级联赛,山形山神,枥木城,2.21,3.1,2.83,2,0,0,胜,official_result_market_odds,2026-08-11T21:44:29
2026-08-09,2040800,2026-08-09,周日005,德国乙级联赛,圣保利,菲尔特,1.5,3.9,4.85,1,1,1,平,official_result_market_odds,2026-08-11T21:44:29
2026-08-10,2040787,2026-08-10,周日017,芬兰超级联赛,AC奥卢,赫尔辛基,3.0,3.45,1.98,0,1,2,负,official_result_market_odds,2026-08-11T21:44:29
2026-08-10,2040789,2026-08-10,周日019,挪威超级联赛,克里斯蒂安松,莫尔德,4.3,4.05,1.54,2,1,0,胜,official_result_market_odds,2026-08-11T21:44:29
2026-08-10,2040790,2026-08-10,周日021,葡萄牙超级联赛,吉维森特,里奥阿维,1.89,3.0,3.75,1,0,0,胜,official_result_market_odds,2026-08-11T21:44:29
2026-08-10,2040791,2026-08-10,周日022,葡萄牙超级联赛,摩雷伦斯,布拉加,5.45,3.7,1.48,2,2,1,平,official_result_market_odds,2026-08-11T21:44:29
2026-08-10,2040792,2026-08-10,周日023,巴西甲级联赛,桑托斯,巴拉纳竞技,2.01,2.9,3.5,0,2,2,负,official_result_market_odds,2026-08-11T21:44:29
2026-08-10,2040793,2026-08-10,周日024,巴西甲级联赛,弗拉门戈,维多利亚,1.15,5.8,11.5,2,0,0,胜,official_result_market_odds,2026-08-11T21:44:29
2026-08-11,2040794,2026-08-11,周一001,瑞典超级联赛,天狼星,布鲁马波卡纳,1.2,5.65,8.4,2,2,1,平,official_result_market_odds,2026-08-12T20:06:10
2026-08-11,2040795,2026-08-11,周一002,瑞典超级联赛,韦斯特罗斯,佐加顿斯,4.25,3.83,1.58,1,0,0,胜,official_result_market_odds,2026-08-12T20:06:10
2026-08-11,2040796,2026-08-11,周一003,葡萄牙超级联赛,圣克拉拉,葡萄牙国民,1.68,3.15,4.62,2,2,1,平,official_result_market_odds,2026-08-12T20:06:10
2026-08-11,2040811,2026-08-11,周二001,亚洲冠军精英联赛,江原FC,大阪钢巴,2.49,3.08,2.48,0,0,1,平,official_result_market_odds,2026-08-12T20:06:10
2026-08-11,2040829,2026-08-11,周二002,欧洲冠军联赛,阿拉木图凯拉特,索菲亚列夫斯基,2.6,2.9,2.5,0,1,2,负,official_result_market_odds,2026-08-12T20:06:10
2026-08-12,2040812,2026-08-12,周二003,欧洲冠军联赛,博德闪耀,圣吉尔联合,1.48,4.3,4.52,2,2,1,平,official_result_market_odds,2026-08-13T18:55:18
2026-08-12,2040813,2026-08-12,周二004,欧洲冠军联赛,萨巴赫,奥胡斯,1.72,3.68,3.62,4,0,0,胜,official_result_market_odds,2026-08-13T18:55:18
2026-08-12,2040814,2026-08-12,周二005,欧洲冠军联赛,奈梅亨,奥林匹亚科斯,2.7,3.18,2.25,1,1,1,平,official_result_market_odds,2026-08-13T18:55:18
2026-08-12,2040815,2026-08-12,周二007,欧洲冠军联赛,布拉迪斯拉发,米亚尔比,1.68,3.6,3.9,2,0,0,胜,official_result_market_odds,2026-08-13T18:55:18
2026-08-12,2040816,2026-08-12,周二008,欧洲冠军联赛,格拉茨风暴,费内巴切,4.22,3.85,1.58,0,1,2,负,official_result_market_odds,2026-08-13T18:55:18
2026-08-12,2040817,2026-08-12,周二009,欧洲冠军联赛,里昂,布拉格斯巴达,1.27,4.85,7.35,3,0,0,胜,official_result_market_odds,2026-08-13T18:55:18
2026-08-12,2040818,2026-08-12,周二010,南美解放者杯,弗鲁米嫩塞,里瓦达维亚独立,1.57,3.25,5.4,0,0,1,平,official_result_market_odds,2026-08-13T18:55:18
2026-08-12,2040830,2026-08-12,周二006,欧洲冠军联赛,采列,亚拉腊,1.31,4.52,6.9,2,0,0,胜,official_result_market_odds,2026-08-13T18:55:18
2026-08-13,2040819,2026-08-13,周三002,南美解放者杯,普拉滕斯,科金博联,1.88,2.67,4.5,1,1,1,平,official_result_market_odds,2026-08-14T13:30:09
2026-08-13,2040820,2026-08-13,周三003,南美解放者杯,帕尔梅拉斯,波特诺山丘,1.22,4.7,10.5,1,1,1,平,official_result_market_odds,2026-08-14T13:30:09
2026-08-13,2040831,2026-08-13,周三001,欧洲超级杯,巴黎圣日尔曼,阿斯顿维拉,1.6,3.48,4.6,2,1,0,胜,official_result_market_odds,2026-08-14T13:30:09
2026-08-14,2040821,2026-08-14,周四002,欧罗巴联赛,克拉约瓦大学,库奥皮奥,1.33,4.18,7.25,2,1,0,胜,official_result_market_odds,2026-08-15T10:29:29
2026-08-14,2040822,2026-08-14,周四003,欧罗巴联赛,帕福斯,萨尔茨堡,2.9,3.35,2.06,3,3,1,平,official_result_market_odds,2026-08-15T10:29:29
2026-08-14,2040823,2026-08-14,周四005,沙特职业联赛,利雅得青年,胡巴尔卡德西亚,4.7,4.32,1.46,1,3,2,负,official_result_market_odds,2026-08-15T10:29:29
2026-08-14,2040824,2026-08-14,周四006,欧罗巴联赛,格拉斯哥流浪者,比亚韦斯托克,1.39,4.25,5.75,1,1,1,平,official_result_market_odds,2026-08-15T10:29:29
2026-08-14,2040825,2026-08-14,周四007,欧罗巴联赛,安德莱赫特,塞萨洛尼基,2.69,3.2,2.25,3,2,0,胜,official_result_market_odds,2026-08-15T10:29:29
2026-08-14,2040826,2026-08-14,周四008,欧罗巴联赛,哈茨,本菲卡,5.75,4.65,1.35,1,1,1,平,official_result_market_odds,2026-08-15T10:29:29
2026-08-14,2040827,2026-08-14,周四009,南美解放者杯,米拉索尔,基多体育大学,1.5,3.38,6.0,1,1,1,平,official_result_market_odds,2026-08-15T10:29:29
2026-08-14,2040828,2026-08-14,周四010,南美解放者杯,罗萨里奥中央,科林蒂安,2.08,2.6,3.8,0,0,1,平,official_result_market_odds,2026-08-15T10:29:29
2026-08-14,2040832,2026-08-14,周四001,沙特职业联赛,艾卜哈,拉斯决心,2.42,3.0,2.62,1,2,2,负,official_result_market_odds,2026-08-15T10:29:29
2026-08-14,2040833,2026-08-14,周四004,欧罗巴联赛,雷克雅未克维京人,图恩,2.25,3.65,2.43,3,2,0,胜,official_result_market_odds,2026-08-15T10:29:29
2026-08-14,2040843,2026-08-14,周五001,日本职业联赛,东京绿茵,柏太阳神,4.1,3.15,1.76,1,3,2,负,official_result_market_odds,2026-08-15T10:29:29
2026-08-14,2040844,2026-08-14,周五002,芬兰超级联赛,瓦萨,TPS图尔库,1.61,3.65,4.3,1,3,2,负,official_result_market_odds,2026-08-15T10:29:29
2026-08-15,2040845,2026-08-15,周五003,德国乙级联赛,基尔,圣保利,2.38,3.23,2.5,2,2,1,平,official_result_market_odds,2026-08-16T11:27:11
2026-08-15,2040846,2026-08-15,周五004,德国乙级联赛,不伦瑞克,波鸿,2.18,3.2,2.8,0,1,2,负,official_result_market_odds,2026-08-16T11:27:11
2026-08-15,2040847,2026-08-15,周五005,沙特职业联赛,新未来SC,迈季迈阿宽广,1.53,3.75,4.8,2,1,0,胜,official_result_market_odds,2026-08-16T11:27:11
2026-08-15,2040848,2026-08-15,周五006,瑞典超级联赛,埃尔夫斯堡,韦斯特罗斯,1.57,3.6,4.65,3,0,0,胜,official_result_market_odds,2026-08-16T11:27:11
2026-08-15,2040849,2026-08-15,周五007,挪威超级联赛,罗森博格,维京,2.28,3.6,2.42,2,1,0,胜,official_result_market_odds,2026-08-16T11:27:11
2026-08-15,2040850,2026-08-15,周五008,沙特职业联赛,达曼协定,利雅得,1.9,3.35,3.28,4,2,0,胜,official_result_market_odds,2026-08-16T11:27:11
2026-08-15,2040851,2026-08-15,周五010,荷兰甲级联赛,特尔斯达,鹿特丹斯巴达,1.96,3.6,2.94,1,3,2,负,official_result_market_odds,2026-08-16T11:27:11
2026-08-15,2040852,2026-08-15,周五011,荷兰乙级联赛,瓦尔韦克,多德勒支,1.74,3.5,3.72,2,2,1,平,official_result_market_odds,2026-08-16T11:27:11
2026-08-15,2040853,2026-08-15,周五012,荷兰乙级联赛,赫拉克勒斯,登博思,1.46,4.3,4.71,3,2,0,胜,official_result_market_odds,2026-08-16T11:27:11
2026-08-15,2040854,2026-08-15,周五013,法国乙级联赛,阿纳西,罗德兹,2.16,3.05,2.95,2,0,0,胜,official_result_market_odds,2026-08-16T11:27:11
2026-08-15,2040855,2026-08-15,周五014,法国乙级联赛,兰斯,敦刻尔克,1.68,3.4,4.2,3,3,1,平,official_result_market_odds,2026-08-16T11:27:11
2026-08-15,2040856,2026-08-15,周五015,法国乙级联赛,圣埃蒂安,克莱蒙,1.33,4.4,6.7,3,1,0,胜,official_result_market_odds,2026-08-16T11:27:11
2026-08-15,2040857,2026-08-15,周五017,葡萄牙超级联赛,里斯本竞技,吉马良斯,1.19,5.3,10.0,3,2,0,胜,official_result_market_odds,2026-08-16T11:27:11
2026-08-15,2040859,2026-08-15,周五016,英格兰冠军联赛,伍尔弗汉普顿,布莱克本,1.38,4.05,6.35,2,2,1,平,official_result_market_odds,2026-08-16T11:27:11
2026-08-15,2040862,2026-08-15,周六001,日本职业联赛,鹿岛鹿角,名古屋鲸八,1.73,3.38,3.92,2,1,0,胜,official_result_market_odds,2026-08-16T11:27:11
2026-08-15,2040863,2026-08-15,周六002,日本乙级联赛,秋田蓝色闪电,富山胜利,2.85,2.85,2.34,0,4,2,负,official_result_market_odds,2026-08-16T11:27:11
2026-08-15,2040864,2026-08-15,周六003,日本职业联赛,浦和红钻,广岛三箭,3.6,3.35,1.81,1,4,2,负,official_result_market_odds,2026-08-16T11:27:11
2026-08-15,2040865,2026-08-15,周六004,日本职业联赛,神户胜利船,东京FC,2.03,3.12,3.16,2,2,1,平,official_result_market_odds,2026-08-16T11:27:11
2026-08-15,2040866,2026-08-15,周六005,韩国职业联赛,首尔FC,大田市民,2.04,3.25,3.02,4,2,0,胜,official_result_market_odds,2026-08-16T11:27:11
2026-08-15,2040867,2026-08-15,周六006,韩国职业联赛,光州FC,浦项制铁,3.32,2.9,2.07,1,2,2,负,official_result_market_odds,2026-08-16T11:27:11
2026-08-15,2040868,2026-08-15,周六007,德国乙级联赛,柏林赫塔,海登海姆,2.4,3.4,2.4,4,1,0,胜,official_result_market_odds,2026-08-16T11:27:11
2026-08-15,2040869,2026-08-15,周六009,瑞典超级联赛,米亚尔比,天狼星,2.88,3.4,2.05,4,3,0,胜,official_result_market_odds,2026-08-16T11:27:11
2026-08-15,2040870,2026-08-15,周六010,英格兰冠军联赛,诺维奇,西布罗姆维奇,1.87,3.25,3.48,1,2,2,负,official_result_market_odds,2026-08-16T11:27:11
2026-08-15,2040871,2026-08-15,周六011,挪威超级联赛,奥斯陆KFUM,利勒斯特罗姆,3.2,3.6,1.86,1,1,1,平,official_result_market_odds,2026-08-16T11:27:11
2026-08-15,2040872,2026-08-15,周六012,荷兰甲级联赛,威廉二世,奈梅亨,4.7,4.15,1.48,1,4,2,负,official_result_market_odds,2026-08-16T11:27:11
2026-08-15,2040873,2026-08-15,周六013,葡萄牙超级联赛,阿尔维卡,阿马多拉,2.0,2.92,3.5,2,2,1,平,official_result_market_odds,2026-08-16T11:27:11
2026-08-15,2040919,2026-08-15,周六008,英格兰冠军联赛,博尔顿,普雷斯顿,2.15,3.08,2.95,2,1,0,胜,official_result_market_odds,2026-08-16T11:27:11
2026-08-16,2040874,2026-08-16,周六014,芬兰超级联赛,玛丽港,塞伊奈约基,5.0,4.35,1.43,2,0,0,胜,official_result_market_odds,2026-08-17T18:36:34
2026-08-16,2040875,2026-08-16,周六015,沙特职业联赛,布赖代合作,赛哈特海湾,1.84,3.5,3.35,0,0,1,平,official_result_market_odds,2026-08-17T18:36:34
2026-08-16,2040876,2026-08-16,周六016,英格兰冠军联赛,谢菲尔德联,伯明翰,2.19,3.1,2.86,0,0,1,平,official_result_market_odds,2026-08-17T18:36:34
2026-08-16,2040877,2026-08-16,周六017,荷兰甲级联赛,乌德勒支,阿尔克马尔,2.58,3.53,2.18,1,4,2,负,official_result_market_odds,2026-08-17T18:36:34
2026-08-16,2040878,2026-08-16,周六018,葡萄牙超级联赛,维塞乌,圣克拉拉,2.95,2.85,2.28,0,1,2,负,official_result_market_odds,2026-08-17T18:36:34
2026-08-16,2040879,2026-08-16,周六019,西班牙甲级联赛,阿拉维斯,赫塔费,2.24,2.5,3.55,3,0,0,胜,official_result_market_odds,2026-08-17T18:36:34
2026-08-16,2040880,2026-08-16,周六020,沙特职业联赛,吉达联合,拉斯永恒,1.36,4.4,6.0,1,1,1,平,official_result_market_odds,2026-08-17T18:36:34
2026-08-16,2040882,2026-08-16,周六022,荷兰甲级联赛,SBV精英,PSV埃因霍温,5.72,4.8,1.34,1,2,2,负,official_result_market_odds,2026-08-17T18:36:34
2026-08-16,2040883,2026-08-16,周六023,荷兰甲级联赛,福图纳锡塔德,坎布尔,1.52,4.1,4.4,3,1,0,胜,official_result_market_odds,2026-08-17T18:36:34
2026-08-16,2040884,2026-08-16,周六024,西班牙甲级联赛,塞维利亚,巴列卡诺,2.23,2.8,3.1,2,1,0,胜,official_result_market_odds,2026-08-17T18:36:34
2026-08-16,2040885,2026-08-16,周六025,葡萄牙超级联赛,里奥阿维,波尔图,8.55,4.7,1.25,0,2,2,负,official_result_market_odds,2026-08-17T18:36:34
2026-08-16,2040886,2026-08-16,周六026,巴西甲级联赛,弗鲁米嫩塞,帕尔梅拉斯,2.77,2.65,2.57,3,2,0,胜,official_result_market_odds,2026-08-17T18:36:34
2026-08-16,2040887,2026-08-16,周六027,美国职业大联盟,皇家盐湖城,明尼苏达联,1.63,3.72,4.05,1,1,1,平,official_result_market_odds,2026-08-17T18:36:34
2026-08-16,2040888,2026-08-16,周日001,日本乙级联赛,德岛漩涡,鸟栖沙岩,2.6,2.95,2.47,0,0,1,平,official_result_market_odds,2026-08-17T18:36:34
2026-08-16,2040889,2026-08-16,周日002,荷兰甲级联赛,海牙,格罗宁根,2.42,3.3,2.42,1,4,2,负,official_result_market_odds,2026-08-17T18:36:34
2026-08-16,2040890,2026-08-16,周日003,韩国职业联赛,富川FC,全北现代,4.3,3.28,1.69,3,2,0,胜,official_result_market_odds,2026-08-17T18:36:34
2026-08-16,2040891,2026-08-16,周日004,韩国职业联赛,仁川联,金泉尚武,2.0,3.0,3.38,1,1,1,平,official_result_market_odds,2026-08-17T18:36:34
2026-08-16,2040892,2026-08-16,周日005,瑞典超级联赛,布鲁马波卡纳,厄尔格里特,1.61,3.8,4.1,3,1,0,胜,official_result_market_odds,2026-08-17T18:36:34
2026-08-16,2040893,2026-08-16,周日006,瑞典超级联赛,代格福什,IFK哥德堡,3.1,3.3,1.99,3,0,0,胜,official_result_market_odds,2026-08-17T18:36:34
2026-08-16,2040894,2026-08-16,周日007,瑞典超级联赛,佐加顿斯,AIK索尔纳,1.31,4.8,6.35,1,3,2,负,official_result_market_odds,2026-08-17T18:36:34
2026-08-16,2040895,2026-08-16,周日008,荷兰甲级联赛,特温特,兹沃勒,1.16,6.0,10.0,3,1,0,胜,official_result_market_odds,2026-08-17T18:36:34
2026-08-16,2040896,2026-08-16,周日009,荷兰甲级联赛,费耶诺德,前进之鹰,1.15,6.45,9.5,2,2,1,平,official_result_market_odds,2026-08-17T18:36:34
2026-08-16,2040897,2026-08-16,周日010,挪威超级联赛,奥勒松,瓦勒伦加,2.43,3.86,2.18,5,5,1,平,official_result_market_odds,2026-08-17T18:36:34
2026-08-16,2040898,2026-08-16,周日011,英格兰社区盾杯,阿森纳,曼彻斯特城,2.65,3.03,2.37,3,0,0,胜,official_result_market_odds,2026-08-17T18:36:34
2026-08-16,2040899,2026-08-16,周日012,芬兰超级联赛,AC奥卢,国际图尔库,2.95,3.16,2.11,2,3,2,负,official_result_market_odds,2026-08-17T18:36:34
2026-08-16,2040900,2026-08-16,周日013,葡萄牙超级联赛,葡萄牙国民,埃斯托里尔,2.73,2.95,2.36,2,0,0,胜,official_result_market_odds,2026-08-17T18:36:34
2026-08-16,2040901,2026-08-16,周日014,瑞典超级联赛,卡尔马,哈马比,4.95,4.05,1.47,0,4,2,负,official_result_market_odds,2026-08-17T18:36:34
2026-08-16,2040902,2026-08-16,周日015,瑞典超级联赛,哥德堡盖斯,马尔默,2.15,3.3,2.77,0,1,2,负,official_result_market_odds,2026-08-17T18:36:34
2026-08-16,2040903,2026-08-16,周日016,荷兰甲级联赛,阿贾克斯,海伦芬,1.33,4.7,6.1,2,2,1,平,official_result_market_odds,2026-08-17T18:36:34
2026-08-16,2040904,2026-08-16,周日019,挪威超级联赛,莫尔德,特罗姆瑟,1.8,3.9,3.15,3,2,0,胜,official_result_market_odds,2026-08-17T18:36:34
2026-08-16,2040905,2026-08-16,周日020,挪威超级联赛,布兰,汉坎,1.38,4.45,5.55,3,0,0,胜,official_result_market_odds,2026-08-17T18:36:34
2026-08-16,2040906,2026-08-16,周日021,挪威超级联赛,萨尔普斯堡,桑纳菲尤尔,1.58,4.0,4.05,1,2,2,负,official_result_market_odds,2026-08-17T18:36:34
2026-08-16,2040920,2026-08-16,周日017,英格兰冠军联赛,伯恩利,西汉姆联,2.95,3.38,2.02,2,2,1,平,official_result_market_odds,2026-08-17T18:36:34
2026-08-16,2040921,2026-08-16,周日018,西班牙甲级联赛,桑坦德竞技,比利亚雷亚尔,3.45,3.73,1.75,2,2,1,平,official_result_market_odds,2026-08-17T18:36:34
2026-08-17,2040907,2026-08-17,周日022,西班牙甲级联赛,西班牙人,莱万特,1.97,2.94,3.55,3,0,0,胜,official_result_market_odds,2026-08-18T19:02:29
2026-08-17,2040908,2026-08-17,周日023,葡萄牙超级联赛,阿罗卡,摩雷伦斯,1.85,3.0,3.92,4,0,0,胜,official_result_market_odds,2026-08-18T19:02:29
2026-08-17,2040909,2026-08-17,周日024,挪威超级联赛,腓特烈斯塔,克里斯蒂安松,1.65,3.66,4.0,1,0,0,胜,official_result_market_odds,2026-08-18T19:02:29
2026-08-17,2040910,2026-08-17,周日025,巴西甲级联赛,瓦斯科达伽马,桑托斯,1.77,3.4,3.7,0,3,2,负,official_result_market_odds,2026-08-18T19:02:29
2026-08-17,2040911,2026-08-17,周日026,葡萄牙超级联赛,法马利康,马里迪莫,1.56,3.52,4.9,1,2,2,负,official_result_market_odds,2026-08-18T19:02:29
2026-08-17,2040913,2026-08-17,周日028,美国职业大联盟,纽约城,费城联合,2.4,3.45,2.37,2,3,2,负,official_result_market_odds,2026-08-18T19:02:29
2026-08-17,2040914,2026-08-17,周一001,芬兰超级联赛,赫尔辛基火花,坦佩雷山猫,2.5,3.35,2.32,3,2,0,胜,official_result_market_odds,2026-08-18T19:02:29
2026-08-18,2040915,2026-08-18,周一002,瑞典超级联赛,赫根,哈尔姆斯塔德,1.22,5.4,8.05,1,0,0,胜,official_result_market_odds,2026-08-19T18:53:22
2026-08-18,2040916,2026-08-18,周一003,英格兰冠军联赛,加的夫城,雷克斯汉姆,2.37,3.14,2.57,1,1,1,平,official_result_market_odds,2026-08-19T18:53:22
2026-08-18,2040918,2026-08-18,周一006,巴西甲级联赛,巴西国际,里莫,1.41,3.95,6.0,1,1,1,平,official_result_market_odds,2026-08-19T18:53:22
2026-08-18,2040922,2026-08-18,周一004,西班牙甲级联赛,拉科鲁尼亚,埃尔切,1.98,2.9,3.6,1,1,1,平,official_result_market_odds,2026-08-19T18:53:22
2026-08-19,2040930,2026-08-19,周二001,南美解放者杯,里瓦达维亚独立,弗鲁米嫩塞,2.44,2.58,3.02,1,1,1,平,official_result_market_odds,2026-08-20T19:34:37
2026-08-19,2040937,2026-08-19,周三001,韩国杯,安养FC,济州SK,2.46,3.16,2.46,2,1,0,胜,official_result_market_odds,2026-08-20T19:34:37
2026-08-19,2040943,2026-08-19,周二002,欧洲冠军联赛,索菲亚列夫斯基,雅典AEK,3.05,2.9,2.19,0,0,1,平,official_result_market_odds,2026-08-20T19:34:37
2026-08-19,2040944,2026-08-19,周二004,欧洲冠军联赛,费内巴切,里昂,1.85,3.34,3.45,1,1,1,平,official_result_market_odds,2026-08-20T19:34:37
2026-08-19,2040950,2026-08-19,周二003,欧洲冠军联赛,萨格勒布迪纳摩,维京,1.55,3.85,4.45,2,2,1,平,official_result_market_odds,2026-08-20T19:34:37
2026-08-20,2040931,2026-08-20,周三003,南美解放者杯,波特诺山丘,帕尔梅拉斯,5.15,3.0,1.66,0,1,2,负,official_result_market_odds,2026-08-20T20:51:59
2026-08-20,2040932,2026-08-20,周三004,美国职业大联盟,纽约红牛,纳什维尔,2.8,3.22,2.17,0,1,2,负,official_result_market_odds,2026-08-20T20:51:59
2026-08-20,2040933,2026-08-20,周三005,美国职业大联盟,科罗拉多急流,洛杉矶FC,2.46,3.22,2.43,1,0,0,胜,official_result_market_odds,2026-08-20T20:51:59
2026-08-20,2040938,2026-08-20,周三002,西班牙甲级联赛,马德里竞技,马拉加,1.22,4.8,9.85,2,0,0,胜,official_result_market_odds,2026-08-20T20:51:59
2026-08-20,2040945,2026-08-20,周三006,欧洲冠军联赛,凯尔特人,LASK林茨,1.6,3.7,4.3,3,0,0,胜,official_result_market_odds,2026-08-20T20:51:59
2026-08-20,2040946,2026-08-20,周三007,欧洲冠军联赛,奈梅亨,博德闪耀,2.6,3.47,2.19,1,3,2,负,official_result_market_odds,2026-08-20T20:51:59
2026-08-20,2040947,2026-08-20,周三008,欧洲冠军联赛,布拉迪斯拉发,采列,1.66,3.6,4.02,1,1,1,平,official_result_market_odds,2026-08-20T20:51:59
