Date,Season,Home,Away,HG,AG,Result,Result-U/O,1,X,2,Week,HW,AW,HL,AL,HGF,AGF,HAGF,HGA,AGA,HAGA,HGD,AGD,HAGD,HWGD,AWGD,HAWGD,HLGD,ALGD,HALGD,HW%,HL%,AW%,AL%,HTR
2026-08-15,2026,Vissel Kobe,FC Tokyo,2,2,D,O,2.26,3.18,3.1,1,,,,,,,,,,,,,,,,,,,,,,,,
2026-08-15,2026,Urawa Reds,Sanfrecce Hiroshima,1,4,A,O,3.54,3.57,1.93,1,,,,,,,,,,,,,,,,,,,,,,,,
2026-08-15,2026,Shimizu S-Pulse,Yokohama F. Marinos,0,1,A,U,2.26,3.23,3.04,1,,,,,,,,,,,,,,,,,,,,,,,,
2026-08-15,2026,Okayama,V-Varen Nagasaki,1,0,H,U,1.62,3.73,5.35,1,,,,,,,,,,,,,,,,,,,,,,,,
2026-08-15,2026,Mito,Gamba Osaka,1,1,D,U,2.55,3.13,2.72,1,,,,,,,,,,,,,,,,,,,,,,,,
2026-08-15,2026,Kawasaki Frontale,Kyoto,2,2,D,O,2.19,3.41,3.02,1,,,,,,,,,,,,,,,,,,,,,,0.0,100.0,
2026-08-15,2026,Kashima Antlers,Nagoya Grampus,2,1,H,O,1.87,3.5,3.9,1,,,,,,,,,,,,,,,,,,,,,,,,
2026-08-15,2026,Chiba,Machida,0,4,A,O,4.82,3.45,1.73,1,,,,,,,,,,,,,,,,,,,,,,100.0,0.0,
2026-08-15,2026,Avispa Fukuoka,Cerezo Osaka,3,0,H,O,2.6,3.16,2.64,2,,,,,,,,,,,,,,,,,,,,0.0,100.0,,,
2026-08-14,2026,Verdy,Kashiwa Reysol,1,3,A,O,4.39,3.31,1.81,2,,,,,,,,,,,,,,,,,,,,0.0,0.0,,,
2026-08-09,2026,Verdy,Kawasaki Frontale,1,1,D,U,3.12,3.07,2.25,1,,,,,,,,,,,,,,,,,,,,,,,,
2026-08-09,2026,V-Varen Nagasaki,Kyoto,2,1,H,O,3.27,3.14,2.16,1,,,,,,,,,,,,,,,,,,,,,,,,
2026-08-08,2026,Sanfrecce Hiroshima,Chiba,3,0,H,O,1.35,4.77,7.44,1,,,,,,,,,,,,,,,,,,,,,,,,
2026-08-08,2026,Nagoya Grampus,Shimizu S-Pulse,0,1,A,U,1.86,3.51,3.79,1,,,,,,,,,,,,,,,,,,,,,,,,
2026-08-08,2026,Kashiwa Reysol,Mito,2,1,H,O,1.63,3.7,4.99,1,,,,,,,,,,,,,,,,,,,,,,,,
2026-08-08,2026,FC Tokyo,Machida,1,5,A,O,2.28,2.96,3.23,1,,,,,,,,,,,,,,,,,,,,,,,,
2026-08-08,2026,Cerezo Osaka,Okayama,2,1,H,O,2.09,3.36,3.26,1,,,,,,,,,,,,,,,,,,,,,,,,
2026-08-08,2026,Avispa Fukuoka,Vissel Kobe,0,1,A,U,3.37,2.95,2.21,1,,,,,,,,,,,,,,,,,,,,,,,,
2026-08-07,2026,Yokohama F. Marinos,Kashima Antlers,3,4,A,O,3.22,3.11,2.2,1,,,,,,,,,,,,,,,,,,,,,,,,
2026-08-07,2026,Gamba Osaka,Urawa Reds,4,3,H,O,2.31,3.21,2.92,1,,,,,,,,,,,,,,,,,,,,,,,,
2025-12-06,2025,Urawa Reds,Kawasaki Frontale,4,0,H,O,2.55,3.53,2.46,19,2.0,2.0,1.0,1.0,2.0,6.0,-4.0,1.0,4.0,-3.0,1.0,2.0,-1.0,0.0,1.0,-1.0,0.0,1.0,-1.0,66.7,16.7,38.9,27.8,
2025-12-06,2025,Shimizu S-Pulse,Okayama,1,2,A,O,2.28,3.28,2.95,19,1.0,0.0,1.0,2.0,3.0,3.0,0.0,5.0,6.0,-1.0,-2.0,-3.0,1.0,0.0,0.0,0.0,1.0,1.0,0.0,33.3,27.8,22.2,50.0,
2025-12-06,2025,Sanfrecce Hiroshima,Shonan Bellmare,2,1,H,O,1.27,5.5,9.09,19,2.0,0.0,0.0,4.0,6.0,1.0,5.0,2.0,8.0,-6.0,4.0,-7.0,11.0,1.0,0.0,1.0,0.0,2.0,-2.0,50.0,27.8,16.7,72.2,
2025-12-06,2025,Nagoya Grampus,Avispa Fukuoka,1,0,H,U,2.32,2.99,3.15,19,2.0,0.0,2.0,2.0,5.0,0.0,5.0,8.0,3.0,5.0,-3.0,-3.0,0.0,1.0,0.0,1.0,2.0,1.0,1.0,38.9,33.3,27.8,44.4,
2025-12-06,2025,Kyoto,Vissel Kobe,2,0,H,U,3.14,3.45,2.12,19,0.0,0.0,1.0,1.0,3.0,4.0,-1.0,6.0,5.0,1.0,-3.0,-1.0,-2.0,0.0,0.0,0.0,1.0,0.0,1.0,44.4,22.2,44.4,27.8,
2025-12-06,2025,Kashiwa Reysol,Machida,1,0,H,U,1.66,3.66,4.83,19,3.0,0.0,0.0,2.0,4.0,5.0,-1.0,0.0,8.0,-8.0,4.0,-3.0,7.0,1.0,0.0,1.0,0.0,1.0,-1.0,61.1,11.1,44.4,22.2,
2025-12-06,2025,Kashima Antlers,Yokohama F. Marinos,2,1,H,O,1.43,4.45,6.37,19,3.0,2.0,0.0,2.0,8.0,7.0,1.0,2.0,6.0,-4.0,6.0,1.0,5.0,2.0,1.0,1.0,0.0,1.0,-1.0,66.7,11.1,27.8,61.1,
2025-12-06,2025,Gamba Osaka,Verdy,4,1,H,O,1.85,3.49,3.92,19,2.0,1.0,1.0,3.0,8.0,1.0,7.0,9.0,6.0,3.0,-1.0,-5.0,4.0,2.0,0.0,2.0,1.0,1.0,0.0,61.1,33.3,16.7,44.4,
2025-12-06,2025,FC Tokyo,Albirex Niigata,1,1,D,U,1.67,3.74,4.61,19,3.0,0.0,1.0,4.0,7.0,4.0,3.0,4.0,11.0,-7.0,3.0,-7.0,10.0,1.0,0.0,1.0,0.0,2.0,-2.0,44.4,38.9,11.1,77.8,
2025-12-06,2025,Cerezo Osaka,Yokohama FC,1,3,A,O,1.65,3.91,4.58,19,1.0,0.0,1.0,3.0,5.0,1.0,4.0,4.0,5.0,-1.0,1.0,-4.0,5.0,1.0,0.0,1.0,0.0,1.0,-1.0,44.4,22.2,11.1,66.7,
2025-11-30,2025,Yokohama FC,Kyoto,0,1,A,U,3.38,3.14,2.14,19,2.0,2.0,0.0,0.0,4.0,8.0,-4.0,2.0,3.0,-1.0,2.0,5.0,-3.0,0.0,1.0,-1.0,0.0,0.0,0.0,33.3,44.4,50.0,22.2,
2025-11-30,2025,Yokohama F. Marinos,Cerezo Osaka,3,1,H,O,2.62,3.67,2.33,19,3.0,2.0,1.0,2.0,9.0,8.0,1.0,3.0,7.0,-4.0,6.0,1.0,5.0,3.0,1.0,2.0,1.0,1.0,0.0,33.3,38.9,33.3,44.4,
2025-11-30,2025,Vissel Kobe,FC Tokyo,0,0,D,U,1.59,3.81,5.33,19,2.0,2.0,0.0,0.0,6.0,3.0,3.0,1.0,1.0,0.0,5.0,2.0,3.0,1.0,0.0,1.0,0.0,0.0,0.0,55.6,22.2,27.8,38.9,
2025-11-30,2025,Verdy,Kashima Antlers,0,1,A,U,4.95,3.39,1.71,19,2.0,2.0,0.0,0.0,5.0,6.0,-1.0,2.0,1.0,1.0,3.0,5.0,-2.0,1.0,1.0,0.0,0.0,0.0,0.0,44.4,38.9,50.0,33.3,
2025-11-30,2025,Shonan Bellmare,Shimizu S-Pulse,1,0,H,U,2.68,3.49,2.36,19,1.0,2.0,2.0,2.0,7.0,6.0,1.0,6.0,7.0,-1.0,1.0,-1.0,2.0,1.0,0.0,1.0,0.0,1.0,-1.0,22.2,44.4,27.8,50.0,
2025-11-30,2025,Okayama,Urawa Reds,0,1,A,U,2.78,3.14,2.47,19,1.0,0.0,2.0,2.0,2.0,0.0,2.0,3.0,7.0,-4.0,-1.0,-7.0,6.0,0.0,0.0,0.0,0.0,2.0,-2.0,38.9,38.9,11.1,44.4,
2025-11-30,2025,Machida,Nagoya Grampus,3,1,H,O,1.67,3.56,4.95,19,1.0,1.0,1.0,1.0,2.0,3.0,-1.0,2.0,3.0,-1.0,0.0,0.0,0.0,0.0,0.0,0.0,0.0,0.0,0.0,44.4,38.9,16.7,55.6,
2025-11-30,2025,Kawasaki Frontale,Sanfrecce Hiroshima,1,2,A,O,2.91,3.58,2.17,19,1.0,1.0,1.0,1.0,10.0,3.0,7.0,9.0,5.0,4.0,1.0,-2.0,3.0,1.0,0.0,1.0,0.0,1.0,-1.0,44.4,22.2,50.0,27.8,
2025-11-30,2025,Avispa Fukuoka,Gamba Osaka,1,0,H,U,2.48,3.14,2.76,19,2.0,2.0,2.0,1.0,5.0,8.0,-3.0,6.0,7.0,-1.0,-1.0,1.0,-2.0,0.0,1.0,-1.0,1.0,1.0,0.0,33.3,27.8,27.8,44.4,
2025-11-30,2025,Albirex Niigata,Kashiwa Reysol,1,3,A,O,6.37,4.48,1.43,19,0.0,1.0,1.0,0.0,3.0,10.0,-7.0,4.0,5.0,-1.0,-1.0,5.0,-6.0,0.0,1.0,-1.0,0.0,0.0,0.0,11.1,38.9,44.4,16.7,
2025-11-09,2025,Shimizu S-Pulse,Cerezo Osaka,1,4,A,O,2.73,3.6,2.27,18,1.0,2.0,0.0,2.0,3.0,8.0,-5.0,2.0,8.0,-6.0,1.0,0.0,1.0,0.0,1.0,-1.0,0.0,1.0,-1.0,35.3,23.5,29.4,47.1,
2025-11-09,2025,Sanfrecce Hiroshima,Urawa Reds,3,0,H,O,1.7,3.62,4.59,18,1.0,0.0,1.0,2.0,3.0,0.0,3.0,3.0,5.0,-2.0,0.0,-5.0,5.0,0.0,0.0,0.0,0.0,1.0,-1.0,47.1,29.4,11.8,41.2,
2025-11-09,2025,Machida,FC Tokyo,0,1,A,U,1.91,3.26,3.97,18,2.0,1.0,0.0,0.0,5.0,3.0,2.0,2.0,2.0,0.0,3.0,1.0,2.0,1.0,0.0,1.0,0.0,0.0,0.0,47.1,35.3,23.5,41.2,
2025-11-09,2025,Kyoto,Yokohama F. Marinos,0,3,A,O,2.09,3.36,3.27,18,0.0,1.0,1.0,3.0,3.0,4.0,-1.0,4.0,7.0,-3.0,-1.0,-3.0,2.0,0.0,0.0,0.0,0.0,1.0,-1.0,47.1,17.6,23.5,64.7,
2025-11-09,2025,Gamba Osaka,Vissel Kobe,1,1,D,U,3.57,3.41,1.96,18,3.0,1.0,1.0,1.0,8.0,4.0,4.0,8.0,4.0,4.0,0.0,0.0,0.0,2.0,0.0,2.0,1.0,0.0,1.0,64.7,35.3,47.1,29.4,
2025-11-08,2025,Verdy,Avispa Fukuoka,0,0,D,U,2.85,2.7,2.75,18,2.0,0.0,1.0,3.0,5.0,1.0,4.0,5.0,5.0,0.0,0.0,-4.0,4.0,1.0,0.0,1.0,1.0,1.0,0.0,47.1,41.2,29.4,47.1,
2025-11-08,2025,Shonan Bellmare,Albirex Niigata,5,2,H,O,2.83,3.2,2.4,18,0.0,0.0,3.0,4.0,6.0,2.0,4.0,9.0,7.0,2.0,-3.0,-5.0,2.0,0.0,0.0,0.0,0.0,1.0,-1.0,17.6,47.1,11.8,76.5,
2025-11-08,2025,Kawasaki Frontale,Okayama,1,1,D,U,1.61,4.01,4.74,18,2.0,0.0,1.0,3.0,14.0,4.0,10.0,11.0,9.0,2.0,3.0,-5.0,8.0,2.0,0.0,2.0,0.0,2.0,-2.0,47.1,23.5,23.5,52.9,
2025-11-08,2025,Kashiwa Reysol,Nagoya Grampus,1,0,H,U,1.53,3.81,5.95,18,3.0,1.0,0.0,1.0,5.0,4.0,1.0,1.0,4.0,-3.0,4.0,0.0,4.0,1.0,0.0,1.0,0.0,0.0,0.0,58.8,11.8,17.6,52.9,
2025-11-08,2025,Kashima Antlers,Yokohama FC,2,1,H,O,1.66,3.5,5.13,18,2.0,0.0,0.0,2.0,7.0,1.0,6.0,2.0,4.0,-2.0,5.0,-3.0,8.0,2.0,0.0,2.0,0.0,1.0,-1.0,64.7,11.8,11.8,64.7,
2025-10-26,2025,Avispa Fukuoka,Shonan Bellmare,1,0,H,U,1.87,3.26,4.13,18,1.0,0.0,2.0,4.0,4.0,1.0,3.0,6.0,8.0,-2.0,-2.0,-7.0,5.0,0.0,0.0,0.0,1.0,2.0,-1.0,29.4,29.4,17.6,70.6,
2025-10-26,2025,Albirex Niigata,Vissel Kobe,2,2,D,O,4.74,3.68,1.67,18,0.0,1.0,2.0,2.0,2.0,2.0,0.0,4.0,4.0,0.0,-2.0,-2.0,0.0,0.0,0.0,0.0,0.0,1.0,-1.0,11.8,41.2,50.0,31.2,
2025-10-25,2025,Yokohama F. Marinos,Sanfrecce Hiroshima,3,0,H,O,3.02,3.31,2.23,18,2.0,2.0,1.0,0.0,6.0,6.0,0.0,3.0,2.0,1.0,3.0,4.0,-1.0,2.0,1.0,1.0,1.0,0.0,1.0,29.4,41.2,52.9,23.5,
2025-10-25,2025,Urawa Reds,Machida,0,0,D,U,3.07,3.23,2.24,18,3.0,0.0,1.0,2.0,4.0,5.0,-1.0,2.0,8.0,-6.0,2.0,-3.0,5.0,0.0,0.0,0.0,0.0,1.0,-1.0,70.6,17.6,47.1,23.5,
2025-10-25,2025,Shimizu S-Pulse,Verdy,1,0,H,U,2.43,2.98,2.98,17,0.0,1.0,1.0,2.0,3.0,1.0,2.0,5.0,5.0,0.0,-2.0,-4.0,2.0,0.0,0.0,0.0,1.0,1.0,0.0,31.2,25.0,17.6,41.2,
2025-10-25,2025,Nagoya Grampus,Gamba Osaka,0,2,A,U,2.59,3.22,2.6,18,2.0,1.0,1.0,2.0,6.0,6.0,0.0,7.0,8.0,-1.0,-1.0,-2.0,1.0,1.0,0.0,1.0,1.0,1.0,0.0,41.2,29.4,23.5,47.1,
2025-10-25,2025,Kyoto,Kashima Antlers,1,1,D,U,2.65,3.33,2.46,17,1.0,2.0,1.0,0.0,7.0,6.0,1.0,3.0,1.0,2.0,4.0,5.0,-1.0,1.0,1.0,0.0,0.0,0.0,0.0,50.0,18.8,52.9,35.3,
2025-10-25,2025,Kashiwa Reysol,Yokohama FC,2,0,H,U,1.58,3.73,5.49,17,3.0,0.0,0.0,2.0,7.0,3.0,4.0,3.0,5.0,-2.0,4.0,-2.0,6.0,1.0,0.0,1.0,0.0,0.0,0.0,56.2,12.5,12.5,62.5,
2025-10-25,2025,FC Tokyo,Okayama,3,1,H,O,1.84,3.39,4.11,18,2.0,0.0,2.0,3.0,4.0,3.0,1.0,7.0,11.0,-4.0,-3.0,-8.0,5.0,0.0,0.0,0.0,1.0,2.0,-1.0,41.2,41.2,25.0,50.0,
2025-10-25,2025,Cerezo Osaka,Kawasaki Frontale,2,0,H,U,2.57,3.82,2.31,18,0.0,3.0,1.0,0.0,4.0,10.0,-6.0,5.0,5.0,0.0,-1.0,5.0,-6.0,0.0,1.0,-1.0,0.0,0.0,0.0,41.2,23.5,41.2,23.5,
2025-10-19,2025,Shonan Bellmare,Kyoto,1,1,D,U,3.93,3.68,1.79,17,0.0,3.0,3.0,0.0,7.0,9.0,-2.0,10.0,3.0,7.0,-3.0,6.0,-9.0,0.0,1.0,-1.0,0.0,0.0,0.0,18.8,50.0,52.9,23.5,
2025-10-18,2025,Yokohama FC,Nagoya Grampus,2,2,D,O,2.31,2.87,3.33,18,2.0,1.0,1.0,2.0,3.0,2.0,1.0,2.0,5.0,-3.0,1.0,-3.0,4.0,0.0,0.0,0.0,0.0,1.0,-1.0,35.3,47.1,18.8,56.2,
2025-10-18,2025,Yokohama F. Marinos,Urawa Reds,4,0,H,O,2.49,3.36,2.61,17,2.0,0.0,1.0,2.0,5.0,2.0,3.0,3.0,5.0,-2.0,2.0,-3.0,5.0,2.0,0.0,2.0,1.0,1.0,0.0,25.0,43.8,12.5,37.5,
2025-10-18,2025,Verdy,Albirex Niigata,1,0,H,U,2.23,2.93,3.43,17,2.0,0.0,1.0,4.0,5.0,3.0,2.0,5.0,9.0,-4.0,0.0,-6.0,6.0,1.0,0.0,1.0,1.0,2.0,-1.0,43.8,43.8,12.5,75.0,
2025-10-18,2025,Okayama,Cerezo Osaka,1,2,A,O,2.75,3.35,2.38,18,2.0,1.0,1.0,3.0,3.0,6.0,-3.0,2.0,10.0,-8.0,1.0,-4.0,5.0,0.0,1.0,-1.0,0.0,2.0,-2.0,41.2,35.3,25.0,50.0,
2025-10-18,2025,Machida,Avispa Fukuoka,0,0,D,U,1.69,3.41,5.06,17,3.0,0.0,0.0,3.0,8.0,2.0,6.0,2.0,6.0,-4.0,6.0,-4.0,10.0,2.0,0.0,2.0,0.0,1.0,-1.0,50.0,37.5,31.2,50.0,
2025-10-18,2025,Kawasaki Frontale,Shimizu S-Pulse,5,3,H,O,1.65,4.07,4.34,17,1.0,2.0,2.0,1.0,11.0,3.0,8.0,13.0,2.0,11.0,-2.0,1.0,-3.0,1.0,0.0,1.0,1.0,0.0,1.0,43.8,25.0,29.4,47.1,
2025-10-18,2025,Gamba Osaka,Kashiwa Reysol,0,5,A,O,2.61,3.37,2.49,17,4.0,0.0,0.0,1.0,11.0,6.0,5.0,5.0,7.0,-2.0,6.0,-1.0,7.0,2.0,0.0,2.0,0.0,0.0,0.0,68.8,31.2,41.2,17.6,
2025-10-17,2025,Vissel Kobe,Kashima Antlers,0,0,D,U,2.1,3.22,3.4,18,3.0,3.0,0.0,0.0,7.0,8.0,-1.0,1.0,2.0,-1.0,6.0,6.0,0.0,1.0,1.0,0.0,0.0,0.0,0.0,58.8,23.5,56.2,37.5,
2025-10-17,2025,Sanfrecce Hiroshima,FC Tokyo,0,0,D,U,1.58,3.81,5.33,17,2.0,1.0,1.0,0.0,4.0,5.0,-1.0,3.0,4.0,-1.0,1.0,1.0,0.0,0.0,0.0,0.0,0.0,0.0,0.0,50.0,31.2,25.0,43.8,
2025-10-05,2025,Kashima Antlers,Gamba Osaka,0,0,D,U,2.01,3.53,3.3,17,3.0,2.0,0.0,2.0,10.0,7.0,3.0,4.0,8.0,-4.0,6.0,-1.0,7.0,2.0,0.0,2.0,0.0,1.0,-1.0,68.8,12.5,25.0,50.0,
2025-10-04,2025,Urawa Reds,Vissel Kobe,1,0,H,U,3.29,3.36,2.08,17,2.0,2.0,1.0,1.0,3.0,4.0,-1.0,2.0,4.0,-2.0,1.0,0.0,1.0,0.0,0.0,0.0,0.0,1.0,-1.0,68.8,18.8,53.3,26.7,
2025-10-04,2025,Shimizu S-Pulse,FC Tokyo,1,1,D,U,2.78,3.25,2.42,16,1.0,1.0,1.0,1.0,4.0,4.0,0.0,4.0,4.0,0.0,0.0,0.0,0.0,1.0,0.0,1.0,1.0,0.0,1.0,33.3,26.7,26.7,46.7,
2025-10-04,2025,Sanfrecce Hiroshima,Machida,2,1,H,O,2.15,3.15,3.33,16,1.0,1.0,1.0,1.0,2.0,5.0,-3.0,2.0,6.0,-4.0,0.0,-1.0,1.0,0.0,0.0,0.0,0.0,1.0,-1.0,46.7,33.3,50.0,18.8,
2025-10-04,2025,Nagoya Grampus,Cerezo Osaka,2,1,H,O,2.61,3.4,2.46,17,1.0,1.0,2.0,2.0,7.0,8.0,-1.0,10.0,11.0,-1.0,-3.0,-3.0,0.0,1.0,1.0,0.0,1.0,2.0,-1.0,37.5,31.2,26.7,46.7,
2025-10-04,2025,Kyoto,Kawasaki Frontale,1,1,D,U,2.44,3.57,2.54,16,2.0,3.0,1.0,0.0,7.0,10.0,-3.0,2.0,5.0,-3.0,5.0,5.0,0.0,1.0,1.0,0.0,0.0,0.0,0.0,53.3,20.0,43.8,25.0,
2025-10-04,2025,Kashiwa Reysol,Yokohama F. Marinos,1,0,H,U,1.64,3.92,4.55,16,3.0,2.0,0.0,2.0,8.0,7.0,1.0,3.0,7.0,-4.0,5.0,0.0,5.0,2.0,1.0,1.0,0.0,1.0,-1.0,53.3,13.3,25.0,62.5,
2025-10-04,2025,Avispa Fukuoka,Yokohama FC,1,0,H,U,2.5,2.8,3.07,17,0.0,1.0,2.0,1.0,5.0,4.0,1.0,8.0,4.0,4.0,-3.0,0.0,-3.0,0.0,0.0,0.0,1.0,0.0,1.0,25.0,31.2,13.3,60.0,
2025-10-04,2025,Albirex Niigata,Okayama,1,1,D,U,2.56,3.03,2.75,17,0.0,1.0,2.0,3.0,2.0,5.0,-3.0,4.0,10.0,-6.0,-2.0,-5.0,3.0,0.0,1.0,-1.0,0.0,2.0,-2.0,12.5,43.8,26.7,53.3,
2025-10-03,2025,Shonan Bellmare,Verdy,0,1,A,U,3.14,2.99,2.32,16,0.0,0.0,2.0,3.0,10.0,0.0,10.0,12.0,6.0,6.0,-2.0,-6.0,4.0,0.0,0.0,0.0,0.0,1.0,-1.0,20.0,46.7,12.5,43.8,
2025-09-28,2025,Yokohama FC,Shonan Bellmare,1,0,H,U,1.94,3.25,3.87,17,1.0,0.0,2.0,4.0,2.0,1.0,1.0,3.0,9.0,-6.0,-1.0,-8.0,7.0,0.0,0.0,0.0,0.0,3.0,-3.0,31.2,50.0,18.8,68.8,
2025-09-28,2025,Kawasaki Frontale,Kashiwa Reysol,4,4,D,O,2.33,3.45,2.73,16,2.0,0.0,2.0,2.0,9.0,4.0,5.0,10.0,6.0,4.0,-1.0,-2.0,1.0,1.0,0.0,1.0,1.0,0.0,1.0,46.7,26.7,43.8,18.8,
2025-09-28,2025,FC Tokyo,Yokohama F. Marinos,2,3,A,O,2.26,3.3,2.95,17,2.0,1.0,2.0,3.0,2.0,4.0,-2.0,5.0,6.0,-1.0,-3.0,-2.0,-1.0,0.0,1.0,-1.0,1.0,1.0,0.0,43.8,37.5,20.0,66.7,
2025-09-28,2025,Cerezo Osaka,Kyoto,1,2,A,O,2.22,3.62,2.81,17,1.0,2.0,0.0,0.0,6.0,9.0,-3.0,4.0,4.0,0.0,2.0,5.0,-3.0,1.0,1.0,0.0,0.0,0.0,0.0,43.8,18.8,50.0,25.0,
2025-09-27,2025,Vissel Kobe,Shimizu S-Pulse,2,1,H,O,1.47,4.05,6.41,17,2.0,2.0,1.0,0.0,5.0,2.0,3.0,1.0,0.0,1.0,4.0,2.0,2.0,1.0,0.0,1.0,0.0,0.0,0.0,56.2,25.0,31.2,43.8,
2025-09-27,2025,Verdy,Urawa Reds,0,0,D,U,3.33,3.1,2.17,16,2.0,1.0,2.0,2.0,5.0,4.0,1.0,6.0,6.0,0.0,-1.0,-2.0,1.0,1.0,0.0,1.0,1.0,1.0,0.0,46.7,46.7,13.3,40.0,
2025-09-27,2025,Nagoya Grampus,Kashima Antlers,0,4,A,O,3.04,3.24,2.25,16,1.0,3.0,2.0,0.0,8.0,5.0,3.0,8.0,2.0,6.0,0.0,3.0,-3.0,1.0,0.0,1.0,0.0,0.0,0.0,40.0,26.7,53.3,40.0,
2025-09-27,2025,Machida,Okayama,1,0,H,U,1.63,3.68,5.07,16,3.0,2.0,0.0,2.0,9.0,7.0,2.0,2.0,10.0,-8.0,7.0,-3.0,10.0,3.0,1.0,2.0,0.0,2.0,-2.0,46.7,40.0,28.6,50.0,
2025-09-27,2025,Gamba Osaka,Albirex Niigata,4,2,H,O,1.6,3.9,4.93,16,3.0,0.0,1.0,4.0,7.0,2.0,5.0,6.0,7.0,-1.0,1.0,-5.0,6.0,1.0,0.0,1.0,1.0,1.0,0.0,66.7,33.3,13.3,73.3,
2025-09-27,2025,Avispa Fukuoka,Sanfrecce Hiroshima,1,2,A,O,3.42,3.14,2.11,16,0.0,2.0,1.0,0.0,4.0,6.0,-2.0,6.0,1.0,5.0,-2.0,5.0,-7.0,0.0,2.0,-2.0,1.0,0.0,1.0,26.7,26.7,50.0,25.0,
2025-09-23,2025,Vissel Kobe,Verdy,4,0,H,O,1.64,3.26,5.81,16,2.0,0.0,1.0,2.0,5.0,0.0,5.0,1.0,2.0,-1.0,4.0,-2.0,6.0,1.0,0.0,1.0,0.0,0.0,0.0,53.3,26.7,13.3,40.0,
2025-09-23,2025,Shonan Bellmare,Kawasaki Frontale,1,2,A,O,4.79,4.03,1.6,15,0.0,2.0,1.0,1.0,10.0,9.0,1.0,11.0,6.0,5.0,-1.0,3.0,-4.0,0.0,1.0,-1.0,0.0,0.0,0.0,21.4,42.9,40.0,26.7,
2025-09-23,2025,Shimizu S-Pulse,Urawa Reds,0,0,D,U,2.96,3.28,2.25,15,1.0,1.0,2.0,3.0,4.0,6.0,-2.0,6.0,9.0,-3.0,-2.0,-3.0,1.0,1.0,0.0,1.0,2.0,1.0,1.0,35.7,28.6,14.3,42.9,
2025-09-23,2025,Okayama,Yokohama FC,0,0,D,U,2.45,2.9,3.02,17,2.0,1.0,2.0,2.0,4.0,4.0,0.0,4.0,6.0,-2.0,0.0,-2.0,2.0,0.0,0.0,0.0,0.0,1.0,-1.0,43.8,37.5,14.3,64.3,
2025-09-23,2025,Kyoto,Machida,1,1,D,U,3.37,3.24,2.1,15,3.0,2.0,1.0,1.0,8.0,8.0,0.0,2.0,5.0,-3.0,6.0,3.0,3.0,1.0,1.0,0.0,0.0,1.0,-1.0,57.1,21.4,53.3,20.0,
2025-09-23,2025,Kashiwa Reysol,Sanfrecce Hiroshima,0,0,D,U,2.79,3.12,2.47,15,4.0,3.0,0.0,0.0,9.0,7.0,2.0,3.0,1.0,2.0,6.0,6.0,0.0,2.0,2.0,0.0,0.0,0.0,0.0,57.1,14.3,53.3,26.7,
2025-09-23,2025,Kashima Antlers,Cerezo Osaka,3,1,H,O,1.78,3.72,3.93,16,2.0,1.0,1.0,1.0,8.0,9.0,-1.0,5.0,10.0,-5.0,3.0,-1.0,4.0,1.0,1.0,0.0,0.0,1.0,-1.0,66.7,13.3,28.6,42.9,
2025-09-23,2025,Gamba Osaka,Yokohama F. Marinos,3,1,H,O,1.6,3.95,4.81,15,3.0,2.0,1.0,2.0,6.0,4.0,2.0,6.0,3.0,3.0,0.0,1.0,-1.0,0.0,1.0,-1.0,1.0,0.0,1.0,64.3,35.7,21.4,64.3,
2025-09-23,2025,FC Tokyo,Avispa Fukuoka,1,0,H,U,2.18,3.15,3.26,16,2.0,1.0,2.0,2.0,4.0,7.0,-3.0,7.0,7.0,0.0,-3.0,0.0,-3.0,0.0,1.0,-1.0,1.0,1.0,0.0,40.0,40.0,33.3,46.7,
2025-09-23,2025,Albirex Niigata,Nagoya Grampus,0,0,D,U,2.65,3.17,2.57,16,0.0,2.0,3.0,2.0,2.0,4.0,-2.0,6.0,6.0,0.0,-4.0,-2.0,-2.0,0.0,0.0,0.0,1.0,1.0,0.0,13.3,46.7,20.0,60.0,
2025-09-20,2025,Yokohama FC,Albirex Niigata,1,0,H,U,2.2,3.12,3.25,16,0.0,0.0,3.0,4.0,1.0,3.0,-2.0,7.0,9.0,-2.0,-6.0,-6.0,0.0,0.0,0.0,0.0,1.0,2.0,-1.0,26.7,53.3,14.3,71.4,
2025-09-20,2025,Yokohama F. Marinos,Avispa Fukuoka,2,0,H,U,2.51,3.09,2.76,16,1.0,1.0,2.0,1.0,3.0,7.0,-4.0,6.0,5.0,1.0,-3.0,2.0,-5.0,1.0,1.0,0.0,2.0,0.0,2.0,20.0,46.7,35.7,42.9,
2025-09-20,2025,Verdy,Okayama,4,2,H,O,2.26,2.8,3.52,15,2.0,3.0,2.0,1.0,2.0,6.0,-4.0,4.0,6.0,-2.0,-2.0,0.0,-2.0,0.0,1.0,-1.0,1.0,1.0,0.0,42.9,50.0,30.8,46.2,
2025-09-20,2025,Urawa Reds,Kashima Antlers,0,1,A,U,2.47,3.36,2.62,16,3.0,2.0,0.0,1.0,7.0,5.0,2.0,2.0,4.0,-2.0,5.0,1.0,4.0,1.0,0.0,1.0,0.0,0.0,0.0,73.3,13.3,50.0,42.9,
2025-09-20,2025,Nagoya Grampus,Shonan Bellmare,3,1,H,O,1.75,3.59,4.28,15,0.0,0.0,2.0,4.0,5.0,1.0,4.0,7.0,10.0,-3.0,-2.0,-9.0,7.0,0.0,0.0,0.0,0.0,3.0,-3.0,35.7,28.6,20.0,66.7,
2025-09-20,2025,Kyoto,Shimizu S-Pulse,0,1,A,U,2.11,3.32,3.24,14,4.0,1.0,0.0,1.0,11.0,1.0,10.0,2.0,3.0,-1.0,9.0,-2.0,11.0,2.0,0.0,2.0,0.0,1.0,-1.0,61.5,15.4,26.7,46.7,
2025-09-20,2025,Kawasaki Frontale,FC Tokyo,0,1,A,U,1.76,3.88,3.92,15,3.0,1.0,1.0,1.0,12.0,6.0,6.0,10.0,4.0,6.0,2.0,2.0,0.0,2.0,1.0,1.0,1.0,0.0,1.0,50.0,21.4,21.4,50.0,
2025-09-20,2025,Cerezo Osaka,Kashiwa Reysol,1,1,D,U,2.6,3.52,2.41,16,1.0,1.0,1.0,2.0,5.0,5.0,0.0,4.0,5.0,-1.0,1.0,0.0,1.0,1.0,1.0,0.0,0.0,0.0,0.0,46.7,20.0,46.7,20.0,
2025-09-15,2025,FC Tokyo,Verdy,1,0,H,U,2.35,2.99,3.11,15,2.0,0.0,2.0,2.0,5.0,1.0,4.0,8.0,3.0,5.0,-3.0,-2.0,-1.0,0.0,0.0,0.0,1.0,0.0,1.0,35.7,42.9,14.3,35.7,
2025-09-13,2025,Yokohama F. Marinos,Kawasaki Frontale,0,3,A,O,3.15,3.61,2.04,15,1.0,1.0,2.0,2.0,3.0,6.0,-3.0,4.0,7.0,-3.0,-1.0,-1.0,0.0,1.0,0.0,1.0,1.0,0.0,1.0,21.4,42.9,35.7,28.6,
2025-09-13,2025,Okayama,Nagoya Grampus,0,1,A,U,2.68,3.1,2.6,16,2.0,1.0,2.0,3.0,4.0,4.0,0.0,4.0,8.0,-4.0,0.0,-4.0,4.0,0.0,0.0,0.0,0.0,1.0,-1.0,46.7,33.3,14.3,64.3,
2025-09-13,2025,Kashima Antlers,Shonan Bellmare,3,0,H,O,1.49,4.26,5.53,15,1.0,0.0,1.0,4.0,6.0,1.0,5.0,6.0,11.0,-5.0,0.0,-10.0,10.0,0.0,0.0,0.0,0.0,3.0,-3.0,64.3,14.3,21.4,64.3,
2025-09-13,2025,Gamba Osaka,Urawa Reds,1,0,H,U,1.99,3.44,3.46,14,3.0,1.0,1.0,3.0,7.0,7.0,0.0,6.0,10.0,-4.0,1.0,-3.0,4.0,1.0,0.0,1.0,1.0,1.0,0.0,61.5,38.5,15.4,38.5,
2025-09-13,2025,Avispa Fukuoka,Cerezo Osaka,2,4,A,O,3.17,3.24,2.18,15,1.0,0.0,0.0,1.0,5.0,5.0,0.0,4.0,8.0,-4.0,1.0,-3.0,4.0,0.0,0.0,0.0,0.0,1.0,-1.0,28.6,21.4,23.1,46.2,
2025-09-13,2025,Albirex Niigata,Shimizu S-Pulse,0,1,A,U,2.34,3.22,2.91,15,0.0,0.0,3.0,1.0,2.0,1.0,1.0,9.0,4.0,5.0,-7.0,-3.0,-4.0,0.0,0.0,0.0,2.0,1.0,1.0,14.3,42.9,21.4,50.0,
2025-09-12,2025,Vissel Kobe,Kashiwa Reysol,0,0,D,U,2.4,3.27,2.77,15,3.0,2.0,1.0,2.0,6.0,8.0,-2.0,1.0,5.0,-4.0,5.0,3.0,2.0,1.0,2.0,-1.0,0.0,0.0,0.0,57.1,28.6,50.0,21.4,
2025-09-12,2025,Sanfrecce Hiroshima,Kyoto,1,1,D,U,1.86,3.62,3.72,15,1.0,2.0,2.0,0.0,2.0,11.0,-9.0,3.0,6.0,-3.0,-1.0,5.0,-6.0,0.0,1.0,-1.0,0.0,0.0,0.0,50.0,35.7,53.3,26.7,
2025-09-12,2025,Machida,Yokohama FC,1,1,D,U,1.46,4.03,6.86,15,4.0,1.0,0.0,3.0,11.0,4.0,7.0,1.0,7.0,-6.0,10.0,-3.0,13.0,4.0,0.0,4.0,0.0,1.0,-1.0,50.0,42.9,15.4,69.2,
2025-08-31,2025,Urawa Reds,Albirex Niigata,1,0,H,U,1.69,3.75,4.42,15,3.0,0.0,0.0,4.0,8.0,5.0,3.0,3.0,11.0,-8.0,5.0,-6.0,11.0,1.0,0.0,1.0,0.0,2.0,-2.0,71.4,14.3,15.4,69.2,
2025-08-31,2025,Shonan Bellmare,Gamba Osaka,4,5,A,O,4.1,3.4,1.83,14,0.0,1.0,1.0,3.0,7.0,3.0,4.0,8.0,7.0,1.0,-1.0,-4.0,3.0,0.0,0.0,0.0,0.0,2.0,-2.0,23.1,38.5,20.0,53.3,
2025-08-31,2025,Shimizu S-Pulse,Kashima Antlers,1,1,D,U,2.96,3.35,2.24,14,1.0,2.0,2.0,2.0,3.0,5.0,-2.0,5.0,5.0,0.0,-2.0,0.0,-2.0,1.0,0.0,1.0,2.0,0.0,2.0,38.5,30.8,53.8,46.2,
2025-08-31,2025,Nagoya Grampus,FC Tokyo,1,1,D,U,2.27,3.28,2.93,14,0.0,1.0,2.0,2.0,5.0,5.0,0.0,7.0,5.0,2.0,-2.0,0.0,-2.0,0.0,1.0,-1.0,0.0,1.0,-1.0,38.5,30.8,23.1,53.8,
2025-08-31,2025,Kawasaki Frontale,Machida,5,3,H,O,2.78,3.33,2.33,14,2.0,3.0,2.0,0.0,8.0,7.0,1.0,9.0,1.0,8.0,-1.0,6.0,-7.0,1.0,1.0,0.0,1.0,0.0,1.0,46.2,23.1,57.1,14.3,
2025-08-31,2025,Kashiwa Reysol,Avispa Fukuoka,2,1,H,O,1.69,3.52,4.83,14,3.0,2.0,0.0,0.0,10.0,7.0,3.0,5.0,3.0,2.0,5.0,4.0,1.0,2.0,1.0,1.0,0.0,0.0,0.0,53.8,15.4,38.5,38.5,
2025-08-31,2025,Cerezo Osaka,Sanfrecce Hiroshima,1,1,D,U,3.05,3.37,2.17,15,2.0,3.0,1.0,1.0,6.0,6.0,0.0,4.0,1.0,3.0,2.0,5.0,-3.0,1.0,2.0,-1.0,0.0,0.0,0.0,50.0,21.4,57.1,28.6,
2025-08-30,2025,Yokohama FC,Verdy,0,0,D,U,2.9,2.74,2.67,15,0.0,0.0,4.0,2.0,1.0,1.0,0.0,8.0,3.0,5.0,-7.0,-2.0,-5.0,0.0,0.0,0.0,1.0,0.0,1.0,28.6,57.1,15.4,38.5,
2025-08-30,2025,Vissel Kobe,Yokohama F. Marinos,1,0,H,U,1.46,4.31,6.04,14,3.0,2.0,1.0,1.0,7.0,5.0,2.0,2.0,3.0,-1.0,5.0,2.0,3.0,1.0,1.0,0.0,0.0,0.0,0.0,53.8,30.8,23.1,61.5,
2025-08-30,2025,Kyoto,Okayama,5,0,H,O,2.0,3.36,3.53,13,4.0,3.0,0.0,0.0,9.0,7.0,2.0,2.0,2.0,0.0,7.0,5.0,2.0,2.0,1.0,1.0,0.0,0.0,0.0,58.3,16.7,33.3,41.7,
2025-08-24,2025,FC Tokyo,Kyoto,0,4,A,O,2.44,3.35,2.68,14,2.0,1.0,1.0,1.0,7.0,7.0,0.0,6.0,7.0,-1.0,1.0,0.0,1.0,0.0,0.0,0.0,0.0,0.0,0.0,38.5,38.5,50.0,28.6,
2025-08-23,2025,Yokohama F. Marinos,Machida,0,0,D,U,3.97,3.55,1.82,14,2.0,3.0,2.0,0.0,6.0,9.0,-3.0,5.0,3.0,2.0,1.0,6.0,-5.0,2.0,1.0,1.0,1.0,0.0,1.0,23.1,46.2,61.5,15.4,
2025-08-23,2025,Verdy,Sanfrecce Hiroshima,0,3,A,O,3.71,2.96,2.11,14,2.0,3.0,2.0,1.0,2.0,7.0,-5.0,4.0,1.0,3.0,-2.0,6.0,-8.0,0.0,2.0,-2.0,1.0,0.0,1.0,46.2,46.2,53.8,30.8,
2025-08-23,2025,Okayama,Shonan Bellmare,1,0,H,U,1.91,3.38,3.81,15,1.0,0.0,3.0,4.0,3.0,2.0,1.0,5.0,12.0,-7.0,-2.0,-10.0,8.0,0.0,0.0,0.0,0.0,3.0,-3.0,42.9,35.7,23.1,61.5,
2025-08-23,2025,Nagoya Grampus,Kawasaki Frontale,3,4,A,O,2.39,3.38,2.72,13,1.0,1.0,1.0,2.0,5.0,3.0,2.0,3.0,4.0,-1.0,2.0,-1.0,3.0,1.0,0.0,1.0,0.0,0.0,0.0,41.7,25.0,30.8,30.8,
2025-08-23,2025,Gamba Osaka,Yokohama FC,3,2,H,O,1.91,3.31,3.91,13,2.0,1.0,2.0,3.0,4.0,3.0,1.0,5.0,6.0,-1.0,-1.0,-3.0,2.0,1.0,0.0,1.0,1.0,1.0,0.0,58.3,41.7,16.7,66.7,
2025-08-23,2025,Cerezo Osaka,Vissel Kobe,1,1,D,U,3.04,3.25,2.24,14,3.0,2.0,1.0,1.0,9.0,3.0,6.0,5.0,3.0,2.0,4.0,0.0,4.0,2.0,0.0,2.0,0.0,1.0,-1.0,53.8,23.1,57.1,28.6,
2025-08-23,2025,Avispa Fukuoka,Shimizu S-Pulse,0,0,D,U,2.12,3.19,3.38,14,1.0,0.0,0.0,2.0,5.0,3.0,2.0,4.0,8.0,-4.0,1.0,-5.0,6.0,0.0,0.0,0.0,0.0,2.0,-2.0,30.8,23.1,23.1,53.8,
2025-08-23,2025,Albirex Niigata,Kashima Antlers,1,2,A,O,3.34,3.36,2.06,14,1.0,2.0,2.0,2.0,2.0,4.0,-2.0,7.0,4.0,3.0,-5.0,0.0,-5.0,0.0,0.0,0.0,2.0,0.0,2.0,15.4,38.5,50.0,50.0,
2025-08-22,2025,Kashiwa Reysol,Urawa Reds,4,2,H,O,1.92,3.49,3.62,13,2.0,1.0,1.0,2.0,7.0,7.0,0.0,6.0,8.0,-2.0,1.0,-1.0,2.0,1.0,0.0,1.0,1.0,0.0,1.0,50.0,16.7,16.7,33.3,
2025-08-20,2025,Sanfrecce Hiroshima,Vissel Kobe,0,1,A,U,2.39,3.04,2.98,14,1.0,2.0,2.0,1.0,3.0,4.0,-1.0,4.0,4.0,0.0,-1.0,0.0,-1.0,0.0,0.0,0.0,0.0,1.0,-1.0,53.8,30.8,53.8,30.8,
2025-08-20,2025,Machida,Gamba Osaka,3,1,H,O,1.84,3.41,4.08,14,4.0,1.0,0.0,2.0,10.0,2.0,8.0,1.0,4.0,-3.0,9.0,-2.0,11.0,3.0,0.0,3.0,0.0,1.0,-1.0,46.2,46.2,21.4,50.0,
2025-08-17,2025,Okayama,Kashiwa Reysol,2,1,H,O,4.0,3.38,1.86,14,0.0,2.0,3.0,1.0,3.0,8.0,-5.0,6.0,4.0,2.0,-3.0,4.0,-7.0,0.0,2.0,-2.0,0.0,0.0,0.0,38.5,38.5,53.8,15.4,
2025-08-16,2025,Vissel Kobe,Yokohama FC,0,1,A,U,1.37,4.33,8.26,13,4.0,1.0,0.0,3.0,10.0,3.0,7.0,3.0,6.0,-3.0,7.0,-3.0,10.0,1.0,0.0,1.0,0.0,1.0,-1.0,58.3,25.0,9.1,72.7,
2025-08-16,2025,Urawa Reds,Nagoya Grampus,2,1,H,O,2.04,3.19,3.56,14,2.0,1.0,0.0,2.0,6.0,4.0,2.0,2.0,7.0,-5.0,4.0,-3.0,7.0,1.0,0.0,1.0,0.0,1.0,-1.0,69.2,15.4,15.4,61.5,
2025-08-16,2025,Shonan Bellmare,FC Tokyo,2,2,D,O,3.45,3.33,2.03,13,0.0,1.0,1.0,3.0,6.0,3.0,3.0,7.0,6.0,1.0,-1.0,-3.0,2.0,0.0,1.0,-1.0,0.0,2.0,-2.0,25.0,41.7,25.0,58.3,
2025-08-16,2025,Shimizu S-Pulse,Yokohama F. Marinos,1,3,A,O,2.1,3.52,3.14,13,2.0,1.0,1.0,2.0,5.0,2.0,3.0,4.0,3.0,1.0,1.0,-1.0,2.0,1.0,0.0,1.0,1.0,0.0,1.0,41.7,25.0,16.7,66.7,
2025-08-16,2025,Sanfrecce Hiroshima,Gamba Osaka,1,0,H,U,1.72,3.67,4.4,13,1.0,1.0,2.0,1.0,4.0,4.0,0.0,5.0,5.0,0.0,-1.0,-1.0,0.0,0.0,0.0,0.0,0.0,1.0,-1.0,50.0,33.3,23.1,46.2,
2025-08-16,2025,Machida,Cerezo Osaka,3,0,H,O,1.99,3.57,3.36,13,3.0,0.0,1.0,1.0,7.0,5.0,2.0,4.0,7.0,-3.0,3.0,-2.0,5.0,2.0,0.0,2.0,1.0,1.0,0.0,41.7,50.0,25.0,41.7,
2025-08-16,2025,Kyoto,Verdy,1,0,H,U,2.15,3.12,3.39,12,3.0,0.0,0.0,2.0,9.0,2.0,7.0,3.0,4.0,-1.0,6.0,-2.0,8.0,2.0,0.0,2.0,0.0,0.0,0.0,54.5,18.2,16.7,33.3,
2025-08-16,2025,Kashima Antlers,Avispa Fukuoka,1,1,D,U,2.07,3.14,3.55,14,2.0,2.0,1.0,1.0,6.0,6.0,0.0,5.0,4.0,1.0,1.0,2.0,-1.0,0.0,1.0,-1.0,0.0,1.0,-1.0,69.2,15.4,41.7,41.7,
2025-08-16,2025,Albirex Niigata,Kawasaki Frontale,1,1,D,U,3.93,3.68,1.8,13,2.0,2.0,2.0,2.0,3.0,4.0,-1.0,7.0,4.0,3.0,-4.0,0.0,-4.0,0.0,0.0,0.0,2.0,0.0,2.0,16.7,41.7,33.3,33.3,
2025-08-11,2025,Cerezo Osaka,Albirex Niigata,3,1,H,O,1.69,3.98,4.23,13,3.0,0.0,1.0,4.0,8.0,4.0,4.0,4.0,11.0,-7.0,4.0,-7.0,11.0,2.0,0.0,2.0,0.0,2.0,-2.0,50.0,25.0,16.7,66.7,
2025-08-10,2025,Sanfrecce Hiroshima,Shimizu S-Pulse,0,0,D,U,1.59,3.91,5.13,12,2.0,0.0,2.0,3.0,6.0,3.0,3.0,6.0,9.0,-3.0,0.0,-6.0,6.0,0.0,0.0,0.0,0.0,2.0,-2.0,54.5,36.4,25.0,58.3,
2025-08-10,2025,Nagoya Grampus,Kyoto,1,2,A,O,2.54,3.2,2.65,12,2.0,1.0,0.0,1.0,6.0,8.0,-2.0,2.0,6.0,-4.0,4.0,2.0,2.0,1.0,1.0,0.0,0.0,0.0,0.0,45.5,18.2,46.2,30.8,
2025-08-10,2025,Machida,Vissel Kobe,2,0,H,U,2.29,3.04,3.15,12,3.0,3.0,1.0,0.0,8.0,7.0,1.0,4.0,3.0,1.0,4.0,4.0,0.0,2.0,1.0,1.0,1.0,0.0,1.0,36.4,54.5,58.3,25.0,
2025-08-10,2025,Kashiwa Reysol,Shonan Bellmare,2,0,H,U,1.51,4.25,5.45,12,2.0,1.0,1.0,3.0,7.0,4.0,3.0,6.0,10.0,-4.0,1.0,-6.0,7.0,1.0,1.0,0.0,1.0,2.0,-1.0,45.5,18.2,25.0,58.3,
2025-08-10,2025,Gamba Osaka,Okayama,0,3,A,O,1.94,3.41,3.66,12,2.0,2.0,2.0,1.0,4.0,4.0,0.0,3.0,4.0,-1.0,1.0,0.0,1.0,1.0,0.0,1.0,0.0,1.0,-1.0,63.6,36.4,27.3,45.5,
2025-08-10,2025,FC Tokyo,Kashima Antlers,0,1,A,U,2.32,3.31,2.86,13,2.0,1.0,1.0,3.0,7.0,4.0,3.0,8.0,7.0,1.0,-1.0,-3.0,2.0,0.0,0.0,0.0,1.0,1.0,0.0,41.7,33.3,45.5,54.5,
2025-08-09,2025,Yokohama FC,Urawa Reds,1,2,A,O,3.14,3.08,2.28,14,0.0,0.0,3.0,2.0,1.0,6.0,-5.0,7.0,8.0,-1.0,-6.0,-2.0,-4.0,0.0,0.0,0.0,1.0,0.0,1.0,30.8,53.8,9.1,36.4,
2025-08-09,2025,Verdy,Yokohama F. Marinos,1,0,H,U,2.28,3.11,3.09,13,2.0,2.0,2.0,1.0,2.0,5.0,-3.0,4.0,2.0,2.0,-2.0,3.0,-5.0,0.0,1.0,-1.0,1.0,0.0,1.0,41.7,50.0,18.2,63.6,
2025-08-09,2025,Kawasaki Frontale,Avispa Fukuoka,2,5,A,O,1.84,3.46,4.02,13,2.0,1.0,1.0,2.0,8.0,1.0,7.0,6.0,3.0,3.0,2.0,-2.0,4.0,1.0,0.0,1.0,0.0,1.0,-1.0,50.0,16.7,36.4,45.5,
2025-07-27,2025,Urawa Reds,Avispa Fukuoka,0,0,D,U,1.93,3.25,3.92,13,3.0,1.0,0.0,3.0,9.0,2.0,7.0,4.0,5.0,-1.0,5.0,-3.0,8.0,1.0,0.0,1.0,0.0,1.0,-1.0,75.0,16.7,40.0,50.0,
2025-07-23,2025,Urawa Reds,Shonan Bellmare,4,1,H,O,1.63,3.7,5.0,12,2.0,1.0,1.0,3.0,5.0,3.0,2.0,4.0,10.0,-6.0,1.0,-7.0,8.0,0.0,1.0,-1.0,0.0,2.0,-2.0,72.7,18.2,27.3,54.5,
2025-07-21,2025,Avispa Fukuoka,Kyoto,2,2,D,O,2.65,3.02,2.67,13,1.0,2.0,0.0,1.0,4.0,8.0,-4.0,3.0,5.0,-2.0,1.0,3.0,-2.0,0.0,1.0,-1.0,0.0,0.0,0.0,33.3,25.0,50.0,33.3,
2025-07-20,2025,Yokohama F. Marinos,Nagoya Grampus,3,0,H,O,2.66,3.15,2.55,13,1.0,1.0,3.0,1.0,4.0,5.0,-1.0,7.0,5.0,2.0,-3.0,0.0,-3.0,1.0,0.0,1.0,1.0,0.0,1.0,16.7,50.0,16.7,58.3,
2025-07-20,2025,Verdy,Machida,0,1,A,U,4.33,3.14,1.88,12,2.0,2.0,2.0,0.0,2.0,10.0,-8.0,5.0,5.0,0.0,-3.0,5.0,-8.0,0.0,1.0,-1.0,2.0,0.0,2.0,45.5,45.5,58.3,16.7,
2025-07-20,2025,Shimizu S-Pulse,Yokohama FC,2,0,H,U,2.33,3.08,3.05,12,1.0,1.0,1.0,3.0,5.0,4.0,1.0,6.0,6.0,0.0,-1.0,-2.0,1.0,0.0,0.0,0.0,1.0,0.0,1.0,36.4,27.3,10.0,70.0,
2025-07-20,2025,Okayama,Vissel Kobe,1,2,A,O,4.81,3.4,1.72,13,1.0,2.0,2.0,1.0,4.0,7.0,-3.0,5.0,5.0,0.0,-1.0,2.0,-3.0,0.0,1.0,-1.0,0.0,0.0,0.0,41.7,33.3,54.5,27.3,
2025-07-20,2025,Kashima Antlers,Kashiwa Reysol,3,2,H,O,2.6,3.22,2.58,13,2.0,2.0,1.0,1.0,5.0,6.0,-1.0,4.0,4.0,0.0,1.0,2.0,-1.0,0.0,2.0,-2.0,0.0,1.0,-1.0,66.7,16.7,58.3,8.3,
2025-07-20,2025,Gamba Osaka,Kawasaki Frontale,2,1,H,O,2.62,3.37,2.47,11,2.0,2.0,2.0,2.0,6.0,4.0,2.0,2.0,4.0,-2.0,4.0,0.0,4.0,2.0,0.0,2.0,0.0,0.0,0.0,60.0,40.0,36.4,27.3,
2025-07-20,2025,Albirex Niigata,Sanfrecce Hiroshima,0,2,A,U,5.72,3.98,1.52,12,2.0,2.0,1.0,1.0,4.0,6.0,-2.0,6.0,2.0,4.0,-2.0,4.0,-6.0,0.0,1.0,-1.0,1.0,0.0,1.0,18.2,36.4,50.0,33.3,
2025-07-19,2025,Shonan Bellmare,Cerezo Osaka,3,3,D,O,3.9,3.69,1.8,12,0.0,1.0,2.0,1.0,3.0,5.0,-2.0,5.0,5.0,0.0,-2.0,0.0,-2.0,0.0,1.0,-1.0,0.0,1.0,-1.0,27.3,45.5,27.3,45.5,
2025-07-19,2025,FC Tokyo,Urawa Reds,3,2,H,O,2.51,3.26,2.67,12,2.0,1.0,1.0,1.0,5.0,6.0,-1.0,6.0,5.0,1.0,-1.0,1.0,-2.0,0.0,1.0,-1.0,1.0,0.0,1.0,36.4,36.4,10.0,30.0,
2025-07-05,2025,Yokohama FC,Yokohama F. Marinos,0,1,A,U,2.28,3.29,2.98,13,1.0,1.0,2.0,2.0,2.0,4.0,-2.0,6.0,3.0,3.0,-4.0,1.0,-5.0,0.0,1.0,-1.0,1.0,0.0,1.0,33.3,50.0,10.0,70.0,
2025-07-05,2025,Vissel Kobe,Shonan Bellmare,4,0,H,O,1.49,4.05,6.22,12,3.0,2.0,1.0,2.0,7.0,4.0,3.0,6.0,6.0,0.0,1.0,-2.0,3.0,0.0,1.0,-1.0,1.0,1.0,0.0,54.5,27.3,30.0,50.0,
2025-07-05,2025,Okayama,Sanfrecce Hiroshima,0,1,A,U,4.0,3.31,1.9,12,1.0,2.0,2.0,1.0,4.0,8.0,-4.0,5.0,2.0,3.0,-1.0,6.0,-7.0,0.0,2.0,-2.0,0.0,0.0,0.0,45.5,27.3,45.5,36.4,
2025-07-05,2025,Nagoya Grampus,Verdy,0,0,D,U,2.26,2.9,3.42,11,2.0,0.0,0.0,3.0,6.0,2.0,4.0,2.0,6.0,-4.0,4.0,-4.0,8.0,1.0,0.0,1.0,0.0,1.0,-1.0,50.0,20.0,18.2,36.4,
2025-07-05,2025,Machida,Shimizu S-Pulse,3,0,H,O,1.71,3.69,4.47,11,2.0,0.0,2.0,3.0,6.0,3.0,3.0,6.0,7.0,-1.0,0.0,-4.0,4.0,1.0,0.0,1.0,1.0,1.0,0.0,30.0,60.0,27.3,54.5,
2025-07-05,2025,Kyoto,Albirex Niigata,2,1,H,O,1.77,3.61,4.2,11,2.0,0.0,1.0,4.0,9.0,4.0,5.0,5.0,11.0,-6.0,4.0,-7.0,11.0,2.0,0.0,2.0,0.0,2.0,-2.0,50.0,20.0,18.2,63.6,
2025-07-05,2025,Kawasaki Frontale,Kashima Antlers,2,1,H,O,2.14,3.49,3.05,12,1.0,2.0,1.0,2.0,8.0,4.0,4.0,7.0,5.0,2.0,1.0,-1.0,2.0,1.0,0.0,1.0,0.0,1.0,-1.0,45.5,18.2,50.0,50.0,
2025-07-05,2025,Kashiwa Reysol,FC Tokyo,1,0,H,U,1.79,3.68,3.99,11,2.0,1.0,1.0,3.0,7.0,5.0,2.0,6.0,8.0,-2.0,1.0,-3.0,4.0,1.0,1.0,0.0,1.0,2.0,-1.0,40.0,20.0,27.3,54.5,
2025-07-05,2025,Cerezo Osaka,Gamba Osaka,0,1,A,U,2.21,3.44,2.96,12,4.0,0.0,0.0,2.0,9.0,5.0,4.0,3.0,8.0,-5.0,6.0,-3.0,9.0,2.0,0.0,2.0,0.0,1.0,-1.0,54.5,18.2,16.7,50.0,
2025-07-02,2025,Vissel Kobe,Sanfrecce Hiroshima,1,0,H,U,2.46,3.15,2.84,11,3.0,3.0,1.0,0.0,8.0,9.0,-1.0,6.0,1.0,5.0,2.0,8.0,-6.0,1.0,2.0,-1.0,1.0,0.0,1.0,50.0,30.0,50.0,30.0,
2025-06-29,2025,Verdy,Kawasaki Frontale,1,0,H,U,3.42,3.14,2.14,11,2.0,2.0,2.0,2.0,3.0,5.0,-2.0,5.0,5.0,0.0,-2.0,0.0,-2.0,1.0,0.0,1.0,2.0,0.0,2.0,40.0,50.0,40.0,20.0,
2025-06-29,2025,Albirex Niigata,Machida,0,4,A,O,3.78,3.22,1.98,11,2.0,1.0,1.0,1.0,6.0,6.0,0.0,5.0,6.0,-1.0,1.0,0.0,1.0,0.0,0.0,0.0,0.0,0.0,0.0,20.0,30.0,54.5,18.2,
2025-06-28,2025,Shonan Bellmare,Yokohama F. Marinos,1,1,D,U,2.14,3.5,3.04,11,0.0,1.0,3.0,3.0,2.0,4.0,-2.0,5.0,5.0,0.0,-3.0,-1.0,-2.0,0.0,1.0,-1.0,0.0,1.0,-1.0,30.0,50.0,11.1,77.8,
2025-06-28,2025,Shimizu S-Pulse,Kashiwa Reysol,0,2,A,U,2.79,3.32,2.37,11,1.0,2.0,1.0,1.0,5.0,6.0,-1.0,7.0,4.0,3.0,-2.0,2.0,-4.0,0.0,2.0,-2.0,1.0,1.0,0.0,40.0,20.0,54.5,9.1,
2025-06-28,2025,Sanfrecce Hiroshima,Nagoya Grampus,1,2,A,O,1.75,3.58,4.39,11,2.0,1.0,2.0,1.0,5.0,6.0,-1.0,5.0,4.0,1.0,0.0,2.0,-2.0,0.0,1.0,-1.0,0.0,0.0,0.0,60.0,30.0,9.1,63.6,
2025-06-28,2025,Kyoto,Gamba Osaka,3,1,H,O,2.63,3.23,2.58,10,2.0,1.0,1.0,1.0,8.0,5.0,3.0,5.0,5.0,0.0,3.0,0.0,3.0,1.0,0.0,1.0,0.0,0.0,0.0,44.4,22.2,18.2,45.5,
2025-06-28,2025,Kashima Antlers,Okayama,1,2,A,O,1.77,3.42,4.5,12,3.0,1.0,0.0,1.0,5.0,2.0,3.0,2.0,3.0,-1.0,3.0,-1.0,4.0,0.0,0.0,0.0,0.0,1.0,-1.0,72.7,9.1,20.0,50.0,
2025-06-28,2025,FC Tokyo,Yokohama FC,2,1,H,O,2.19,3.15,3.28,11,1.0,1.0,2.0,3.0,3.0,3.0,0.0,7.0,6.0,1.0,-4.0,-3.0,-1.0,0.0,0.0,0.0,2.0,1.0,1.0,30.0,40.0,11.1,66.7,
2025-06-28,2025,Avispa Fukuoka,Vissel Kobe,0,0,D,U,4.01,3.13,1.95,12,1.0,3.0,1.0,1.0,4.0,9.0,-5.0,4.0,6.0,-2.0,0.0,3.0,-3.0,0.0,1.0,-1.0,0.0,0.0,0.0,36.4,27.3,60.0,30.0,
2025-06-25,2025,Yokohama F. Marinos,FC Tokyo,0,3,A,O,2.11,3.63,3.03,12,1.0,1.0,3.0,3.0,4.0,5.0,-1.0,7.0,10.0,-3.0,-3.0,-5.0,2.0,1.0,0.0,1.0,1.0,2.0,-1.0,18.2,45.5,20.0,60.0,
2025-06-25,2025,Kawasaki Frontale,Albirex Niigata,3,1,H,O,1.71,3.72,4.39,11,1.0,1.0,1.0,3.0,7.0,4.0,3.0,6.0,8.0,-2.0,1.0,-4.0,5.0,1.0,0.0,1.0,0.0,1.0,-1.0,40.0,20.0,20.0,60.0,
2025-06-22,2025,Yokohama FC,Sanfrecce Hiroshima,0,4,A,O,3.83,3.24,1.96,12,1.0,3.0,2.0,0.0,2.0,6.0,-4.0,5.0,1.0,4.0,-3.0,5.0,-8.0,0.0,1.0,-1.0,1.0,0.0,1.0,36.4,45.5,44.4,33.3,
2025-06-22,2025,Gamba Osaka,FC Tokyo,2,0,H,U,1.83,3.59,3.95,10,2.0,1.0,2.0,2.0,6.0,6.0,0.0,3.0,9.0,-6.0,3.0,-3.0,6.0,1.0,0.0,1.0,0.0,1.0,-1.0,55.6,44.4,22.2,55.6,
2025-06-21,2025,Yokohama F. Marinos,Okayama,0,1,A,U,2.11,3.41,3.2,11,1.0,0.0,3.0,2.0,4.0,1.0,3.0,8.0,5.0,3.0,-4.0,-4.0,0.0,1.0,0.0,1.0,2.0,2.0,0.0,20.0,40.0,11.1,55.6,
2025-06-21,2025,Nagoya Grampus,Shimizu S-Pulse,1,1,D,U,2.41,3.17,2.85,10,2.0,1.0,1.0,3.0,6.0,4.0,2.0,3.0,6.0,-3.0,3.0,-2.0,5.0,1.0,1.0,0.0,0.0,1.0,-1.0,55.6,22.2,30.0,60.0,
2025-06-21,2025,Machida,Kashima Antlers,2,1,H,O,1.92,3.39,3.83,10,1.0,3.0,3.0,1.0,4.0,6.0,-2.0,6.0,3.0,3.0,-2.0,3.0,-5.0,1.0,1.0,0.0,1.0,1.0,0.0,22.2,66.7,55.6,44.4,
2025-06-21,2025,Kawasaki Frontale,Vissel Kobe,1,2,A,O,2.52,3.28,2.64,10,2.0,2.0,0.0,2.0,8.0,7.0,1.0,5.0,6.0,-1.0,3.0,1.0,2.0,1.0,1.0,0.0,0.0,0.0,0.0,44.4,11.1,55.6,33.3,
2025-06-21,2025,Kashiwa Reysol,Kyoto,3,3,D,O,1.95,3.33,3.77,10,2.0,2.0,1.0,2.0,5.0,6.0,-1.0,4.0,4.0,0.0,1.0,2.0,-1.0,1.0,1.0,0.0,1.0,0.0,1.0,44.4,22.2,54.5,36.4,
2025-06-21,2025,Cerezo Osaka,Verdy,2,1,H,O,1.96,3.34,3.72,11,3.0,1.0,1.0,2.0,8.0,2.0,6.0,4.0,4.0,0.0,4.0,-2.0,6.0,2.0,0.0,2.0,0.0,1.0,-1.0,50.0,20.0,20.0,30.0,
2025-06-21,2025,Avispa Fukuoka,Albirex Niigata,3,2,H,O,2.51,2.98,2.92,11,0.0,1.0,1.0,2.0,2.0,3.0,-1.0,3.0,6.0,-3.0,-1.0,-3.0,2.0,0.0,0.0,0.0,0.0,1.0,-1.0,30.0,30.0,22.2,55.6,
2025-06-15,2025,Vissel Kobe,Nagoya Grampus,2,1,H,O,1.98,3.14,3.9,10,3.0,1.0,1.0,1.0,7.0,5.0,2.0,5.0,3.0,2.0,2.0,2.0,0.0,1.0,1.0,0.0,1.0,0.0,1.0,44.4,33.3,10.0,60.0,
2025-06-15,2025,Verdy,Kashiwa Reysol,0,3,A,O,3.63,3.04,2.11,10,3.0,2.0,1.0,1.0,4.0,5.0,-1.0,2.0,5.0,-3.0,2.0,0.0,2.0,1.0,1.0,0.0,1.0,1.0,0.0,44.4,44.4,50.0,10.0,
2025-06-15,2025,Shimizu S-Pulse,Gamba Osaka,0,0,D,U,2.61,3.27,2.56,10,2.0,1.0,1.0,2.0,8.0,5.0,3.0,8.0,8.0,0.0,0.0,-3.0,3.0,1.0,0.0,1.0,1.0,1.0,0.0,44.4,22.2,20.0,50.0,
2025-06-15,2025,Okayama,Avispa Fukuoka,0,1,A,U,2.45,2.87,3.12,11,1.0,0.0,2.0,3.0,5.0,1.0,4.0,6.0,5.0,1.0,-1.0,-4.0,3.0,0.0,0.0,0.0,0.0,1.0,-1.0,50.0,20.0,33.3,55.6,
2025-06-15,2025,Albirex Niigata,Yokohama F. Marinos,1,0,H,U,2.13,3.51,3.09,10,1.0,1.0,2.0,3.0,6.0,5.0,1.0,7.0,6.0,1.0,-1.0,-1.0,0.0,0.0,1.0,-1.0,0.0,1.0,-1.0,11.1,33.3,12.5,75.0,
2025-06-14,2025,Yokohama FC,Kawasaki Frontale,0,1,A,U,3.15,3.23,2.2,11,1.0,1.0,1.0,2.0,3.0,5.0,-2.0,5.0,6.0,-1.0,-2.0,-1.0,-1.0,0.0,0.0,0.0,1.0,0.0,1.0,40.0,40.0,33.3,22.2,
2025-06-14,2025,Shonan Bellmare,Machida,1,2,A,O,4.07,3.16,1.92,10,0.0,1.0,2.0,1.0,1.0,6.0,-5.0,3.0,6.0,-3.0,-2.0,0.0,-2.0,0.0,0.0,0.0,0.0,0.0,0.0,33.3,44.4,50.0,20.0,
2025-06-14,2025,Kashima Antlers,Sanfrecce Hiroshima,1,1,D,U,3.02,3.18,2.3,11,4.0,3.0,0.0,1.0,5.0,5.0,0.0,1.0,1.0,0.0,4.0,4.0,0.0,0.0,1.0,-1.0,0.0,0.0,0.0,80.0,10.0,50.0,37.5,
2025-06-14,2025,FC Tokyo,Cerezo Osaka,2,2,D,O,2.98,3.5,2.19,10,2.0,2.0,2.0,1.0,4.0,6.0,-2.0,5.0,5.0,0.0,-1.0,1.0,-2.0,1.0,1.0,0.0,2.0,1.0,1.0,33.3,44.4,30.0,50.0,
2025-06-01,2025,Urawa Reds,Yokohama FC,2,1,H,O,2.11,3.07,3.8,11,2.0,1.0,1.0,3.0,5.0,3.0,2.0,3.0,6.0,-3.0,2.0,-3.0,5.0,1.0,0.0,1.0,0.0,1.0,-1.0,70.0,20.0,12.5,62.5,
2025-06-01,2025,Shonan Bellmare,Okayama,1,1,D,U,2.49,3.08,2.98,9,0.0,0.0,3.0,2.0,0.0,1.0,-1.0,3.0,5.0,-2.0,-3.0,-4.0,1.0,0.0,0.0,0.0,0.0,2.0,-2.0,37.5,50.0,12.5,62.5,
2025-06-01,2025,Cerezo Osaka,Shimizu S-Pulse,4,2,H,O,2.47,3.59,2.65,10,2.0,2.0,1.0,2.0,5.0,5.0,0.0,3.0,4.0,-1.0,2.0,1.0,1.0,1.0,1.0,0.0,0.0,0.0,0.0,44.4,22.2,33.3,55.6,
2025-05-31,2025,Sanfrecce Hiroshima,Kawasaki Frontale,1,2,A,O,2.1,3.41,3.41,10,2.0,0.0,2.0,2.0,4.0,5.0,-1.0,4.0,7.0,-3.0,0.0,-2.0,2.0,0.0,0.0,0.0,0.0,0.0,0.0,66.7,22.2,25.0,25.0,
2025-05-31,2025,Nagoya Grampus,Albirex Niigata,3,0,H,O,2.14,3.19,3.55,9,2.0,2.0,1.0,1.0,5.0,4.0,1.0,4.0,3.0,1.0,1.0,1.0,0.0,0.0,0.0,0.0,0.0,0.0,0.0,50.0,25.0,25.0,50.0,
2025-05-31,2025,Machida,Yokohama F. Marinos,0,3,A,O,1.75,3.95,4.23,9,1.0,0.0,3.0,3.0,4.0,5.0,-1.0,5.0,9.0,-4.0,-1.0,-4.0,3.0,1.0,0.0,1.0,1.0,1.0,0.0,25.0,62.5,0.0,85.7,
2025-05-31,2025,Kyoto,FC Tokyo,3,0,H,O,2.32,3.32,3.06,9,2.0,1.0,1.0,2.0,7.0,6.0,1.0,5.0,7.0,-2.0,2.0,-1.0,3.0,1.0,0.0,1.0,0.0,0.0,0.0,37.5,25.0,25.0,50.0,
2025-05-31,2025,Kashiwa Reysol,Vissel Kobe,1,3,A,O,2.63,3.07,2.81,9,3.0,2.0,0.0,2.0,5.0,5.0,0.0,1.0,5.0,-4.0,4.0,0.0,4.0,1.0,0.0,1.0,0.0,0.0,0.0,50.0,12.5,50.0,37.5,
2025-05-31,2025,Gamba Osaka,Kashima Antlers,0,1,A,U,2.34,3.43,2.91,9,3.0,3.0,1.0,1.0,8.0,7.0,1.0,2.0,4.0,-2.0,6.0,3.0,3.0,2.0,1.0,1.0,0.0,1.0,-1.0,62.5,37.5,50.0,50.0,
2025-05-31,2025,Avispa Fukuoka,Verdy,0,0,D,U,2.84,2.65,3.0,10,1.0,1.0,1.0,2.0,4.0,2.0,2.0,4.0,4.0,0.0,0.0,-2.0,2.0,0.0,0.0,0.0,0.0,1.0,-1.0,33.3,33.3,22.2,33.3,
2025-05-28,2025,Urawa Reds,Cerezo Osaka,0,0,D,U,2.17,3.54,3.15,10,3.0,2.0,1.0,2.0,6.0,6.0,0.0,3.0,6.0,-3.0,3.0,0.0,3.0,1.0,1.0,0.0,0.0,1.0,-1.0,77.8,22.2,33.3,55.6,
2025-05-25,2025,Yokohama FC,Kashiwa Reysol,1,1,D,U,3.45,2.98,2.29,10,2.0,3.0,1.0,1.0,4.0,5.0,-1.0,4.0,4.0,0.0,0.0,1.0,-1.0,1.0,1.0,0.0,1.0,1.0,0.0,44.4,44.4,55.6,11.1,
2025-05-25,2025,Yokohama F. Marinos,Kashima Antlers,3,1,H,O,2.56,3.53,2.59,10,0.0,3.0,4.0,1.0,3.0,6.0,-3.0,10.0,2.0,8.0,-7.0,4.0,-11.0,0.0,1.0,-1.0,2.0,0.0,2.0,11.1,44.4,57.1,42.9,
2025-05-25,2025,Verdy,Kyoto,1,0,H,U,2.38,3.02,3.21,9,2.0,3.0,2.0,1.0,3.0,8.0,-5.0,3.0,4.0,-1.0,0.0,4.0,-4.0,1.0,1.0,0.0,1.0,0.0,1.0,37.5,50.0,60.0,30.0,
2025-05-25,2025,Shimizu S-Pulse,Vissel Kobe,3,2,H,O,3.41,3.3,2.15,9,1.0,3.0,1.0,1.0,6.0,4.0,2.0,7.0,2.0,5.0,-1.0,2.0,-3.0,1.0,0.0,1.0,1.0,0.0,1.0,37.5,25.0,57.1,28.6,
2025-05-25,2025,Okayama,Machida,2,2,D,O,3.79,3.08,2.11,10,2.0,1.0,2.0,2.0,4.0,4.0,0.0,4.0,5.0,-1.0,0.0,-1.0,1.0,0.0,0.0,0.0,0.0,0.0,0.0,55.6,22.2,55.6,22.2,
2025-05-25,2025,Kawasaki Frontale,Gamba Osaka,2,2,D,O,2.18,3.41,3.23,9,2.0,1.0,0.0,2.0,6.0,4.0,2.0,3.0,7.0,-4.0,3.0,-3.0,6.0,1.0,0.0,1.0,0.0,1.0,-1.0,50.0,12.5,22.2,55.6,
2025-05-25,2025,FC Tokyo,Sanfrecce Hiroshima,0,3,A,O,4.12,3.51,1.87,9,2.0,2.0,1.0,2.0,5.0,3.0,2.0,3.0,3.0,0.0,2.0,0.0,2.0,1.0,0.0,1.0,1.0,0.0,1.0,37.5,37.5,42.9,42.9,
2025-05-25,2025,Albirex Niigata,Shonan Bellmare,2,1,H,O,2.23,3.36,3.19,9,0.0,2.0,2.0,2.0,4.0,3.0,1.0,6.0,6.0,0.0,-2.0,-3.0,1.0,0.0,1.0,-1.0,0.0,2.0,-2.0,0.0,37.5,33.3,44.4,
2025-05-24,2025,Nagoya Grampus,Urawa Reds,2,1,H,O,2.35,3.09,3.2,8,2.0,1.0,1.0,1.0,5.0,5.0,0.0,3.0,4.0,-1.0,2.0,1.0,1.0,1.0,1.0,0.0,0.0,0.0,0.0,42.9,28.6,11.1,22.2,
2025-05-24,2025,Cerezo Osaka,Avispa Fukuoka,2,0,H,U,2.2,3.23,3.36,9,2.0,0.0,1.0,3.0,4.0,2.0,2.0,3.0,6.0,-3.0,1.0,-4.0,5.0,0.0,0.0,0.0,0.0,1.0,-1.0,37.5,25.0,37.5,50.0,
2025-05-21,2025,Yokohama F. Marinos,Vissel Kobe,1,2,A,O,5.0,4.15,1.61,9,0.0,2.0,3.0,2.0,2.0,2.0,0.0,8.0,2.0,6.0,-6.0,0.0,-6.0,0.0,0.0,0.0,2.0,0.0,2.0,12.5,37.5,50.0,33.3,
2025-05-21,2025,Kawasaki Frontale,Urawa Reds,2,2,D,O,2.01,3.48,3.62,8,2.0,1.0,0.0,1.0,7.0,4.0,3.0,4.0,3.0,1.0,3.0,1.0,2.0,1.0,1.0,0.0,0.0,0.0,0.0,57.1,14.3,12.5,25.0,
2025-05-18,2025,Okayama,Albirex Niigata,2,1,H,O,2.62,2.83,3.06,9,2.0,2.0,2.0,1.0,3.0,3.0,0.0,3.0,2.0,1.0,0.0,1.0,-1.0,0.0,0.0,0.0,0.0,0.0,0.0,50.0,25.0,28.6,42.9,
2025-05-18,2025,Kawasaki Frontale,Cerezo Osaka,2,0,H,U,1.72,4.02,4.37,7,2.0,2.0,0.0,2.0,7.0,7.0,0.0,4.0,6.0,-2.0,3.0,1.0,2.0,1.0,1.0,0.0,0.0,0.0,0.0,50.0,16.7,37.5,50.0,
2025-05-17,2025,Yokohama F. Marinos,Kyoto,0,3,A,O,2.6,3.41,2.62,8,1.0,2.0,2.0,2.0,4.0,6.0,-2.0,5.0,6.0,-1.0,-1.0,0.0,-1.0,1.0,0.0,1.0,1.0,0.0,1.0,14.3,28.6,55.6,33.3,
2025-05-17,2025,Vissel Kobe,Gamba Osaka,3,2,H,O,1.92,3.45,4.0,9,3.0,1.0,1.0,2.0,6.0,2.0,4.0,4.0,5.0,-1.0,2.0,-3.0,5.0,1.0,0.0,1.0,1.0,1.0,0.0,37.5,37.5,25.0,50.0,
2025-05-17,2025,Urawa Reds,FC Tokyo,3,2,H,O,2.0,3.33,3.83,9,3.0,1.0,1.0,1.0,6.0,6.0,0.0,2.0,6.0,-4.0,4.0,0.0,4.0,2.0,0.0,2.0,0.0,0.0,0.0,75.0,25.0,28.6,42.9,
2025-05-17,2025,Shonan Bellmare,Yokohama FC,0,1,A,U,2.62,2.96,2.95,8,1.0,0.0,2.0,3.0,2.0,2.0,0.0,3.0,6.0,-3.0,-1.0,-4.0,3.0,0.0,0.0,0.0,0.0,1.0,-1.0,42.9,42.9,0.0,71.4,
2025-05-17,2025,Sanfrecce Hiroshima,Verdy,2,1,H,O,1.85,3.24,4.75,9,2.0,1.0,2.0,1.0,4.0,1.0,3.0,4.0,2.0,2.0,0.0,-1.0,1.0,0.0,0.0,0.0,0.0,1.0,-1.0,62.5,25.0,25.0,25.0,
2025-05-17,2025,Machida,Kashiwa Reysol,3,0,H,O,2.39,2.98,3.28,8,0.0,3.0,3.0,0.0,3.0,6.0,-3.0,7.0,2.0,5.0,-4.0,4.0,-8.0,0.0,1.0,-1.0,1.0,0.0,1.0,14.3,71.4,62.5,0.0,
2025-05-17,2025,Kashima Antlers,Shimizu S-Pulse,1,0,H,U,2.77,3.27,2.52,10,3.0,2.0,1.0,2.0,7.0,5.0,2.0,5.0,5.0,0.0,2.0,0.0,2.0,0.0,1.0,-1.0,0.0,1.0,-1.0,77.8,11.1,37.5,50.0,
2025-05-17,2025,Avispa Fukuoka,Nagoya Grampus,1,1,D,U,2.92,2.85,2.74,9,2.0,1.0,1.0,2.0,4.0,4.0,0.0,3.0,4.0,-1.0,1.0,0.0,1.0,0.0,1.0,-1.0,0.0,1.0,-1.0,37.5,37.5,11.1,66.7,
2025-05-14,2025,Yokohama F. Marinos,Kashiwa Reysol,0,2,A,U,3.66,3.72,1.93,7,1.0,2.0,1.0,0.0,5.0,5.0,0.0,4.0,3.0,1.0,1.0,2.0,-1.0,1.0,0.0,1.0,0.0,0.0,0.0,16.7,16.7,57.1,0.0,
2025-05-14,2025,Kawasaki Frontale,Yokohama FC,2,1,H,O,1.78,3.52,4.72,6,1.0,0.0,1.0,3.0,5.0,2.0,3.0,4.0,6.0,-2.0,1.0,-4.0,5.0,1.0,0.0,1.0,0.0,1.0,-1.0,40.0,20.0,0.0,66.7,
2025-05-11,2025,Verdy,Shonan Bellmare,0,2,A,U,2.49,2.91,3.13,8,2.0,1.0,1.0,3.0,5.0,1.0,4.0,3.0,8.0,-5.0,2.0,-7.0,9.0,1.0,0.0,1.0,0.0,3.0,-3.0,42.9,42.9,25.0,50.0,
2025-05-11,2025,Shimizu S-Pulse,Machida,2,2,D,O,2.98,3.04,2.51,8,2.0,2.0,1.0,2.0,7.0,3.0,4.0,5.0,3.0,2.0,2.0,0.0,2.0,2.0,0.0,2.0,1.0,0.0,1.0,42.9,28.6,62.5,25.0,
2025-05-11,2025,Kyoto,Nagoya Grampus,1,1,D,U,2.96,2.94,2.62,8,2.0,1.0,1.0,3.0,7.0,4.0,3.0,5.0,5.0,0.0,2.0,-1.0,3.0,1.0,1.0,0.0,0.0,1.0,-1.0,42.9,28.6,12.5,75.0,
2025-05-11,2025,Kashima Antlers,Kawasaki Frontale,2,1,H,O,2.69,3.46,2.48,9,3.0,1.0,1.0,1.0,6.0,7.0,-1.0,4.0,5.0,-1.0,2.0,2.0,0.0,0.0,1.0,-1.0,0.0,0.0,0.0,75.0,12.5,28.6,14.3,
2025-05-11,2025,Gamba Osaka,Sanfrecce Hiroshima,0,1,A,U,3.07,3.21,2.34,8,3.0,1.0,1.0,3.0,8.0,2.0,6.0,2.0,4.0,-2.0,6.0,-2.0,8.0,2.0,0.0,2.0,0.0,0.0,0.0,71.4,28.6,33.3,50.0,
2025-05-11,2025,Cerezo Osaka,Yokohama F. Marinos,1,0,H,U,2.21,3.63,2.98,8,2.0,0.0,1.0,3.0,5.0,5.0,0.0,4.0,10.0,-6.0,1.0,-5.0,6.0,0.0,0.0,0.0,0.0,2.0,-2.0,28.6,28.6,0.0,83.3,
2025-05-11,2025,Albirex Niigata,Urawa Reds,1,1,D,U,3.07,3.1,2.41,8,0.0,1.0,3.0,1.0,3.0,4.0,-1.0,6.0,3.0,3.0,-3.0,1.0,-4.0,0.0,1.0,-1.0,0.0,0.0,0.0,0.0,42.9,14.3,28.6,
2025-05-10,2025,Yokohama FC,Avispa Fukuoka,1,0,H,U,2.86,2.7,2.92,9,1.0,1.0,2.0,2.0,3.0,3.0,0.0,5.0,5.0,0.0,-2.0,-2.0,0.0,1.0,0.0,1.0,1.0,1.0,0.0,37.5,50.0,42.9,42.9,
2025-05-10,2025,Kashiwa Reysol,Okayama,2,0,H,U,2.15,3.04,3.77,8,2.0,1.0,0.0,1.0,3.0,2.0,1.0,1.0,3.0,-2.0,2.0,-1.0,3.0,0.0,0.0,0.0,0.0,1.0,-1.0,42.9,14.3,14.3,57.1,
2025-05-10,2025,FC Tokyo,Vissel Kobe,1,0,H,U,4.11,3.41,1.9,8,1.0,3.0,2.0,1.0,4.0,4.0,0.0,6.0,2.0,4.0,-2.0,2.0,-4.0,1.0,0.0,1.0,2.0,0.0,2.0,28.6,42.9,60.0,20.0,
2025-05-07,2025,Shonan Bellmare,Sanfrecce Hiroshima,0,1,A,U,3.76,3.28,2.02,7,1.0,0.0,2.0,3.0,3.0,2.0,1.0,4.0,5.0,-1.0,-1.0,-3.0,2.0,0.0,0.0,0.0,0.0,0.0,0.0,50.0,33.3,20.0,60.0,
2025-05-07,2025,Machida,Kyoto,1,2,A,O,1.98,3.21,4.04,7,1.0,2.0,2.0,2.0,3.0,8.0,-5.0,5.0,8.0,-3.0,-2.0,0.0,-2.0,0.0,0.0,0.0,1.0,0.0,1.0,16.7,66.7,50.0,37.5,
2025-05-06,2025,Vissel Kobe,Cerezo Osaka,1,3,A,O,1.71,3.88,4.54,8,3.0,1.0,1.0,3.0,5.0,4.0,1.0,2.0,7.0,-5.0,3.0,-3.0,6.0,1.0,0.0,1.0,0.0,1.0,-1.0,42.9,28.6,28.6,57.1,
2025-05-06,2025,Verdy,Yokohama FC,2,0,H,U,3.07,2.72,2.7,7,2.0,0.0,1.0,3.0,5.0,2.0,3.0,4.0,5.0,-1.0,1.0,-3.0,4.0,0.0,0.0,0.0,0.0,0.0,0.0,33.3,50.0,0.0,60.0,
2025-05-06,2025,Urawa Reds,Gamba Osaka,0,1,A,U,2.22,3.28,3.24,8,4.0,0.0,0.0,2.0,8.0,4.0,4.0,2.0,8.0,-6.0,6.0,-4.0,10.0,2.0,0.0,2.0,0.0,1.0,-1.0,85.7,14.3,14.3,57.1,
2025-05-06,2025,Nagoya Grampus,Okayama,0,0,D,U,2.44,3.0,3.11,7,3.0,1.0,1.0,2.0,7.0,3.0,4.0,4.0,5.0,-1.0,3.0,-2.0,5.0,1.0,0.0,1.0,0.0,1.0,-1.0,50.0,33.3,16.7,66.7,
2025-05-06,2025,Kashiwa Reysol,Shimizu S-Pulse,1,0,H,U,2.07,3.17,3.77,7,1.0,2.0,1.0,2.0,3.0,6.0,-3.0,4.0,6.0,-2.0,-1.0,0.0,-1.0,0.0,1.0,-1.0,1.0,1.0,0.0,33.3,16.7,42.9,42.9,
2025-05-06,2025,Avispa Fukuoka,Kashima Antlers,0,1,A,U,2.58,3.12,2.81,8,2.0,2.0,0.0,2.0,6.0,5.0,1.0,4.0,3.0,1.0,2.0,2.0,0.0,0.0,1.0,-1.0,0.0,0.0,0.0,42.9,28.6,50.0,50.0,
2025-05-03,2025,Vissel Kobe,Okayama,2,0,H,U,1.74,3.33,5.31,7,2.0,1.0,2.0,2.0,3.0,3.0,0.0,3.0,4.0,-1.0,0.0,-1.0,1.0,0.0,0.0,0.0,0.0,0.0,0.0,33.3,33.3,20.0,60.0,
2025-05-03,2025,Urawa Reds,Verdy,2,0,H,U,2.19,3.03,3.6,7,4.0,1.0,0.0,0.0,8.0,1.0,7.0,3.0,0.0,3.0,5.0,1.0,4.0,1.0,0.0,1.0,0.0,0.0,0.0,83.3,16.7,28.6,14.3,
2025-05-03,2025,Shimizu S-Pulse,Nagoya Grampus,0,3,A,O,2.54,3.08,2.92,7,2.0,0.0,1.0,4.0,8.0,2.0,6.0,4.0,7.0,-3.0,4.0,-5.0,9.0,2.0,0.0,2.0,0.0,1.0,-1.0,50.0,16.7,0.0,85.7,
2025-05-03,2025,Sanfrecce Hiroshima,Avispa Fukuoka,2,1,H,O,1.96,3.16,4.22,8,2.0,2.0,2.0,1.0,3.0,3.0,0.0,3.0,3.0,0.0,0.0,0.0,0.0,0.0,0.0,0.0,0.0,1.0,-1.0,57.1,28.6,50.0,33.3,
2025-05-03,2025,Kyoto,Cerezo Osaka,2,3,A,O,2.27,3.43,3.0,7,3.0,0.0,0.0,3.0,6.0,3.0,3.0,2.0,7.0,-5.0,4.0,-4.0,8.0,1.0,0.0,1.0,0.0,1.0,-1.0,50.0,16.7,16.7,66.7,
2025-05-03,2025,Kashima Antlers,Machida,1,0,H,U,3.4,2.93,2.34,8,2.0,2.0,1.0,1.0,6.0,5.0,1.0,5.0,4.0,1.0,1.0,1.0,0.0,0.0,0.0,0.0,0.0,0.0,0.0,71.4,14.3,71.4,14.3,
2025-05-03,2025,Gamba Osaka,Shonan Bellmare,4,0,H,O,2.12,3.23,3.54,7,3.0,1.0,1.0,3.0,5.0,1.0,4.0,2.0,7.0,-5.0,3.0,-6.0,9.0,1.0,0.0,1.0,0.0,3.0,-3.0,66.7,33.3,28.6,42.9,
2025-05-03,2025,Albirex Niigata,FC Tokyo,2,3,A,O,2.32,3.21,3.15,7,0.0,0.0,2.0,2.0,4.0,3.0,1.0,6.0,5.0,1.0,-2.0,-2.0,0.0,0.0,0.0,0.0,0.0,0.0,0.0,0.0,33.3,16.7,50.0,
2025-04-29,2025,Yokohama FC,Kashima Antlers,0,3,A,O,2.4,2.91,3.29,8,2.0,2.0,1.0,2.0,5.0,5.0,0.0,2.0,4.0,-2.0,3.0,1.0,2.0,2.0,1.0,1.0,0.0,0.0,0.0,42.9,42.9,40.0,60.0,
2025-04-29,2025,Shonan Bellmare,Avispa Fukuoka,0,0,D,U,2.81,2.91,2.76,6,2.0,3.0,2.0,1.0,5.0,4.0,1.0,5.0,3.0,2.0,0.0,1.0,-1.0,0.0,0.0,0.0,0.0,1.0,-1.0,60.0,40.0,60.0,40.0,
2025-04-29,2025,Sanfrecce Hiroshima,Albirex Niigata,0,1,A,U,1.73,3.5,5.03,7,2.0,1.0,1.0,2.0,4.0,3.0,1.0,3.0,4.0,-1.0,1.0,-1.0,2.0,0.0,0.0,0.0,0.0,0.0,0.0,66.7,16.7,16.7,50.0,
2025-04-29,2025,Okayama,Verdy,0,1,A,U,2.65,2.78,3.06,8,2.0,0.0,1.0,0.0,3.0,2.0,1.0,2.0,2.0,0.0,1.0,0.0,1.0,0.0,0.0,0.0,0.0,0.0,0.0,57.1,14.3,16.7,16.7,
2025-04-29,2025,Nagoya Grampus,Kashiwa Reysol,1,2,A,O,2.51,2.98,3.05,6,3.0,1.0,1.0,0.0,7.0,4.0,3.0,4.0,3.0,1.0,3.0,1.0,2.0,1.0,0.0,1.0,0.0,0.0,0.0,60.0,20.0,50.0,0.0,
2025-04-29,2025,Gamba Osaka,Kyoto,2,1,H,O,2.31,3.28,3.08,6,3.0,3.0,1.0,1.0,5.0,9.0,-4.0,2.0,7.0,-5.0,3.0,2.0,1.0,1.0,0.0,1.0,0.0,0.0,0.0,60.0,40.0,57.1,28.6,
2025-04-29,2025,FC Tokyo,Shimizu S-Pulse,0,2,A,U,2.71,3.21,2.61,7,1.0,1.0,1.0,3.0,4.0,4.0,0.0,4.0,7.0,-3.0,0.0,-3.0,3.0,1.0,0.0,1.0,1.0,1.0,0.0,33.3,33.3,33.3,50.0,
2025-04-29,2025,Cerezo Osaka,Machida,1,2,A,O,2.85,3.15,2.53,7,2.0,2.0,0.0,1.0,5.0,5.0,0.0,3.0,3.0,0.0,2.0,2.0,0.0,0.0,1.0,-1.0,0.0,0.0,0.0,33.3,16.7,66.7,16.7,
2025-04-26,2025,Kashiwa Reysol,Albirex Niigata,1,1,D,U,2.2,3.2,3.42,6,2.0,1.0,1.0,3.0,4.0,2.0,2.0,4.0,5.0,-1.0,0.0,-3.0,3.0,0.0,0.0,0.0,1.0,1.0,0.0,40.0,20.0,20.0,60.0,
2025-04-25,2025,Verdy,Cerezo Osaka,1,0,H,U,2.99,3.2,2.42,6,1.0,0.0,2.0,3.0,4.0,4.0,0.0,5.0,8.0,-3.0,-1.0,-4.0,3.0,0.0,0.0,0.0,0.0,1.0,-1.0,20.0,60.0,20.0,60.0,
2025-04-25,2025,Urawa Reds,Sanfrecce Hiroshima,1,0,H,U,2.72,3.12,2.68,6,4.0,1.0,0.0,2.0,8.0,4.0,4.0,3.0,5.0,-2.0,5.0,-1.0,6.0,1.0,0.0,1.0,0.0,0.0,0.0,80.0,20.0,25.0,50.0,
2025-04-25,2025,Machida,Shonan Bellmare,0,1,A,U,1.76,3.33,5.17,6,1.0,0.0,2.0,3.0,3.0,0.0,3.0,5.0,7.0,-2.0,-2.0,-7.0,5.0,0.0,0.0,0.0,1.0,3.0,-2.0,20.0,60.0,16.7,50.0,
2025-04-25,2025,Kyoto,Yokohama FC,2,1,H,O,2.35,3.04,3.24,6,2.0,0.0,1.0,2.0,4.0,1.0,3.0,2.0,3.0,-1.0,2.0,-2.0,4.0,1.0,0.0,1.0,0.0,0.0,0.0,40.0,20.0,0.0,50.0,
2025-04-25,2025,Kashima Antlers,Nagoya Grampus,1,0,H,U,2.46,3.01,3.1,7,2.0,0.0,1.0,3.0,7.0,3.0,4.0,5.0,7.0,-2.0,2.0,-4.0,6.0,1.0,0.0,1.0,0.0,1.0,-1.0,66.7,16.7,0.0,83.3,
2025-04-25,2025,FC Tokyo,Gamba Osaka,3,0,H,O,3.71,3.56,1.96,6,1.0,0.0,1.0,2.0,4.0,4.0,0.0,5.0,7.0,-2.0,-1.0,-3.0,2.0,1.0,0.0,1.0,1.0,1.0,0.0,20.0,40.0,16.7,50.0,
2025-04-25,2025,Avispa Fukuoka,Okayama,1,1,D,U,2.2,2.97,3.71,7,3.0,1.0,0.0,3.0,6.0,2.0,4.0,3.0,4.0,-1.0,3.0,-2.0,5.0,0.0,0.0,0.0,0.0,0.0,0.0,50.0,33.3,25.0,75.0,
2025-04-20,2025,Yokohama FC,Gamba Osaka,1,1,D,U,2.92,3.0,2.57,7,2.0,1.0,2.0,2.0,4.0,4.0,0.0,3.0,6.0,-3.0,1.0,-2.0,3.0,2.0,0.0,2.0,1.0,1.0,0.0,50.0,50.0,20.0,60.0,
2025-04-20,2025,Vissel Kobe,Machida,1,0,H,U,2.33,2.92,3.42,6,1.0,3.0,2.0,0.0,3.0,7.0,-4.0,4.0,3.0,1.0,-1.0,4.0,-5.0,0.0,1.0,-1.0,0.0,0.0,0.0,20.0,40.0,80.0,0.0,
2025-04-20,2025,Urawa Reds,Yokohama F. Marinos,3,1,H,O,2.07,3.43,3.46,5,3.0,0.0,1.0,3.0,5.0,4.0,1.0,4.0,8.0,-4.0,1.0,-4.0,5.0,0.0,0.0,0.0,1.0,1.0,0.0,75.0,25.0,0.0,80.0,
2025-04-20,2025,Shonan Bellmare,Kashiwa Reysol,0,1,A,U,3.01,3.15,2.42,5,3.0,1.0,1.0,0.0,6.0,5.0,1.0,4.0,3.0,1.0,2.0,2.0,0.0,0.0,1.0,-1.0,0.0,0.0,0.0,75.0,25.0,40.0,0.0,
2025-04-20,2025,Shimizu S-Pulse,Avispa Fukuoka,3,1,H,O,2.6,3.02,2.89,6,1.0,3.0,1.0,1.0,6.0,4.0,2.0,4.0,2.0,2.0,2.0,2.0,0.0,1.0,0.0,1.0,0.0,0.0,0.0,40.0,20.0,75.0,25.0,
2025-04-20,2025,Okayama,Kashima Antlers,1,2,A,O,2.64,3.14,2.73,7,2.0,1.0,0.0,3.0,3.0,3.0,0.0,1.0,4.0,-3.0,2.0,-1.0,3.0,0.0,1.0,-1.0,0.0,0.0,0.0,66.7,0.0,25.0,75.0,
2025-04-20,2025,Nagoya Grampus,Sanfrecce Hiroshima,2,1,H,O,4.37,3.23,1.9,5,2.0,,1.0,,7.0,,,5.0,,,2.0,,,1.0,,,0.0,,,50.0,25.0,33.3,33.3,
2025-04-20,2025,Kawasaki Frontale,Verdy,0,0,D,U,1.78,3.49,4.67,5,2.0,1.0,1.0,0.0,9.0,3.0,6.0,4.0,2.0,2.0,5.0,1.0,4.0,2.0,0.0,2.0,0.0,0.0,0.0,50.0,25.0,20.0,20.0,
2025-04-20,2025,Cerezo Osaka,FC Tokyo,1,1,D,U,1.76,3.76,4.42,6,2.0,0.0,0.0,3.0,5.0,2.0,3.0,3.0,6.0,-3.0,2.0,-4.0,6.0,0.0,0.0,0.0,0.0,1.0,-1.0,40.0,20.0,20.0,60.0,
2025-04-19,2025,Albirex Niigata,Kyoto,1,2,A,O,2.69,3.06,2.75,6,0.0,3.0,1.0,1.0,5.0,8.0,-3.0,6.0,6.0,0.0,-1.0,2.0,-3.0,0.0,0.0,0.0,0.0,0.0,0.0,0.0,20.0,50.0,33.3,
2025-04-16,2025,Yokohama F. Marinos,Shimizu S-Pulse,2,3,A,O,2.27,3.25,3.19,6,1.0,0.0,0.0,3.0,3.0,2.0,1.0,1.0,6.0,-5.0,2.0,-4.0,6.0,1.0,0.0,1.0,0.0,1.0,-1.0,20.0,0.0,20.0,60.0,
2025-04-16,2025,Vissel Kobe,Kawasaki Frontale,2,1,H,O,2.45,3.17,2.95,5,0.0,1.0,2.0,0.0,1.0,6.0,-5.0,3.0,3.0,0.0,-2.0,3.0,-5.0,0.0,1.0,-1.0,0.0,0.0,0.0,0.0,50.0,33.3,0.0,
2025-04-16,2025,Urawa Reds,Kyoto,2,1,H,O,2.28,3.16,3.27,4,,3.0,,0.0,,8.0,,,5.0,,,3.0,,,0.0,,,0.0,,66.7,33.3,60.0,20.0,
2025-04-13,2025,Machida,Urawa Reds,0,2,A,U,2.33,3.0,3.33,5,1.0,0.0,2.0,2.0,4.0,3.0,1.0,5.0,5.0,0.0,-1.0,-2.0,1.0,0.0,0.0,0.0,0.0,0.0,0.0,25.0,50.0,0.0,33.3,
2025-04-13,2025,Albirex Niigata,Yokohama FC,0,0,D,U,2.39,2.95,3.27,5,0.0,,1.0,,7.0,,,8.0,,,-1.0,,,0.0,,,0.0,,,0.0,25.0,0.0,66.7,
2025-04-12,2025,Verdy,Vissel Kobe,0,1,A,U,3.51,2.9,2.32,5,1.0,2.0,2.0,1.0,4.0,5.0,-1.0,5.0,4.0,1.0,-1.0,1.0,-2.0,0.0,0.0,0.0,0.0,0.0,0.0,25.0,50.0,50.0,25.0,
2025-04-12,2025,Shimizu S-Pulse,Kawasaki Frontale,1,1,D,U,3.08,3.29,2.31,5,2.0,2.0,1.0,0.0,7.0,7.0,0.0,3.0,3.0,0.0,4.0,4.0,0.0,2.0,1.0,1.0,0.0,0.0,0.0,50.0,25.0,40.0,0.0,
2025-04-12,2025,Sanfrecce Hiroshima,Okayama,0,1,A,U,1.73,3.58,4.94,6,3.0,,0.0,,5.0,,,2.0,,,3.0,,,0.0,,,0.0,,,80.0,0.0,0.0,100.0,
2025-04-12,2025,Kyoto,Shonan Bellmare,2,0,H,U,2.35,3.23,3.05,5,1.0,0.0,1.0,2.0,3.0,1.0,2.0,3.0,6.0,-3.0,0.0,-5.0,5.0,0.0,0.0,0.0,0.0,2.0,-2.0,25.0,25.0,20.0,40.0,
2025-04-12,2025,Gamba Osaka,Nagoya Grampus,2,0,H,U,2.3,3.13,3.26,5,2.0,0.0,2.0,3.0,5.0,4.0,1.0,7.0,8.0,-1.0,-2.0,-4.0,2.0,0.0,0.0,0.0,1.0,1.0,0.0,50.0,50.0,0.0,80.0,
2025-04-12,2025,Cerezo Osaka,Kashima Antlers,1,0,H,U,2.32,3.52,2.88,5,1.0,,1.0,,5.0,,,5.0,,,0.0,,,0.0,,,0.0,,,25.0,25.0,33.3,66.7,
2025-04-12,2025,Avispa Fukuoka,Yokohama F. Marinos,2,1,H,O,2.21,3.26,3.31,6,2.0,0.0,1.0,3.0,5.0,3.0,2.0,4.0,7.0,-3.0,1.0,-4.0,5.0,0.0,0.0,0.0,0.0,1.0,-1.0,40.0,40.0,0.0,75.0,
2025-04-11,2025,FC Tokyo,Kashiwa Reysol,1,1,D,U,3.32,3.07,2.29,5,1.0,2.0,2.0,0.0,3.0,5.0,-2.0,5.0,2.0,3.0,-2.0,3.0,-5.0,1.0,1.0,0.0,1.0,0.0,1.0,25.0,50.0,50.0,0.0,
2025-04-09,2025,Kawasaki Frontale,Yokohama F. Marinos,3,3,D,O,2.08,3.4,3.49,4,,,,,,,,,,,,,,,,,,,,66.7,33.3,0.0,100.0,
2025-04-06,2025,Yokohama FC,Shimizu S-Pulse,2,0,H,U,2.84,2.87,2.77,6,2.0,1.0,2.0,2.0,3.0,3.0,0.0,3.0,4.0,-1.0,0.0,-1.0,1.0,1.0,0.0,1.0,1.0,0.0,1.0,40.0,60.0,25.0,50.0,
2025-04-06,2025,Vissel Kobe,Albirex Niigata,0,1,A,U,2.05,3.19,3.9,4,,0.0,,3.0,,2.0,,,6.0,,,-4.0,,,0.0,,,1.0,,0.0,33.3,0.0,75.0,
2025-04-06,2025,Shonan Bellmare,Nagoya Grampus,2,1,H,O,2.31,3.14,3.27,4,,0.0,,3.0,,3.0,,,10.0,,,-7.0,,,0.0,,,2.0,,66.7,33.3,0.0,75.0,
2025-04-06,2025,Sanfrecce Hiroshima,Cerezo Osaka,2,1,H,O,1.68,3.85,4.93,5,3.0,1.0,0.0,2.0,4.0,8.0,-4.0,1.0,8.0,-7.0,3.0,0.0,3.0,0.0,1.0,-1.0,0.0,1.0,-1.0,75.0,0.0,25.0,50.0,
2025-04-06,2025,Okayama,FC Tokyo,1,0,H,U,2.54,3.01,2.99,6,2.0,1.0,0.0,2.0,4.0,3.0,1.0,1.0,5.0,-4.0,3.0,-2.0,5.0,1.0,0.0,1.0,0.0,1.0,-1.0,60.0,0.0,25.0,50.0,
2025-04-06,2025,Machida,Kawasaki Frontale,2,2,D,O,2.29,3.12,3.31,4,,2.0,,0.0,,6.0,,,2.0,,,4.0,,,1.0,,,0.0,,33.3,66.7,50.0,0.0,
2025-04-06,2025,Kashiwa Reysol,Gamba Osaka,1,0,H,U,2.61,3.02,2.9,5,1.0,1.0,1.0,2.0,4.0,4.0,0.0,5.0,7.0,-2.0,-1.0,-3.0,2.0,0.0,0.0,0.0,1.0,2.0,-1.0,25.0,25.0,25.0,50.0,
2025-04-06,2025,Kashima Antlers,Kyoto,3,4,A,O,2.18,3.34,3.32,6,3.0,2.0,0.0,1.0,6.0,4.0,2.0,2.0,4.0,-2.0,4.0,0.0,4.0,1.0,0.0,1.0,0.0,1.0,-1.0,80.0,0.0,50.0,25.0,
2025-04-06,2025,Avispa Fukuoka,Urawa Reds,1,0,H,U,2.62,3.02,2.89,5,1.0,0.0,2.0,1.0,4.0,4.0,0.0,5.0,5.0,0.0,-1.0,-1.0,0.0,0.0,0.0,0.0,0.0,0.0,0.0,25.0,50.0,0.0,20.0,
2025-04-05,2025,Yokohama F. Marinos,Verdy,0,0,D,U,2.69,3.05,2.79,5,1.0,1.0,0.0,1.0,4.0,3.0,1.0,2.0,6.0,-4.0,2.0,-3.0,5.0,1.0,0.0,1.0,0.0,1.0,-1.0,25.0,0.0,25.0,25.0,
2025-04-02,2025,Yokohama FC,Vissel Kobe,0,1,A,U,3.7,2.92,2.24,5,2.0,,2.0,,3.0,,,3.0,,,0.0,,,1.0,,,1.0,,,50.0,50.0,33.3,33.3,
2025-04-02,2025,Verdy,FC Tokyo,2,2,D,O,2.28,3.02,3.42,4,,,,,,,,,,,,,,,,,,,,33.3,66.7,33.3,66.7,
2025-04-02,2025,Urawa Reds,Shimizu S-Pulse,2,1,H,O,2.07,3.16,3.84,3,,,,,,,,,,,,,,,,,,,,50.0,50.0,33.3,33.3,
2025-04-02,2025,Sanfrecce Hiroshima,Kashima Antlers,1,0,H,U,2.03,3.45,3.61,4,,,,,,,,,,,,,,,,,,,,66.7,0.0,50.0,50.0,
2025-04-02,2025,Nagoya Grampus,Yokohama F. Marinos,2,0,H,U,2.37,3.3,3.01,4,,,,,,,,,,,,,,,,,,,,33.3,33.3,0.0,100.0,
2025-04-02,2025,Kyoto,Kashiwa Reysol,1,1,D,U,2.7,3.11,2.72,4,,,,,,,,,,,,,,,,,,,,33.3,33.3,66.7,0.0,
2025-04-02,2025,Kawasaki Frontale,Shonan Bellmare,2,0,H,U,1.75,3.67,4.61,3,,1.0,,1.0,,3.0,,,5.0,,,-2.0,,,0.0,,,1.0,,50.0,50.0,25.0,25.0,
2025-04-02,2025,Gamba Osaka,Machida,0,1,A,U,3.07,3.06,2.47,4,,3.0,,0.0,,7.0,,,3.0,,,4.0,,,1.0,,,0.0,,66.7,33.3,75.0,0.0,
2025-04-02,2025,Cerezo Osaka,Okayama,2,1,H,O,2.14,3.43,3.32,4,,,,,,,,,,,,,,,,,,,,0.0,33.3,0.0,100.0,
2025-04-02,2025,Albirex Niigata,Avispa Fukuoka,0,1,A,U,2.5,3.01,3.07,4,,,,,,,,,,,,,,,,,,,,0.0,0.0,66.7,33.3,
2025-03-29,2025,Shimizu S-Pulse,Shonan Bellmare,3,0,H,O,2.54,3.22,2.8,4,,,,,,,,,,,,,,,,,,,,33.3,33.3,33.3,0.0,
2025-03-29,2025,Okayama,Yokohama F. Marinos,1,0,H,U,2.88,3.28,2.44,5,2.0,,0.0,,5.0,,,1.0,,,4.0,,,2.0,,,0.0,,,50.0,0.0,0.0,100.0,
2025-03-29,2025,Nagoya Grampus,Yokohama FC,2,1,H,O,2.63,2.84,3.04,3,,,,,,,,,,,,,,,,,,,,0.0,50.0,0.0,50.0,
2025-03-29,2025,Kyoto,Sanfrecce Hiroshima,1,0,H,U,3.75,3.44,1.99,3,,,,,,,,,,,,,,,,,,,,0.0,50.0,50.0,0.0,
2025-03-29,2025,Kashiwa Reysol,Verdy,0,0,D,U,2.11,3.19,3.68,4,,,,,,,,,,,,,,,,,,,,33.3,33.3,33.3,33.3,
2025-03-29,2025,Kashima Antlers,Vissel Kobe,1,0,H,U,3.31,3.15,2.27,5,3.0,,0.0,,9.0,,,2.0,,,7.0,,,2.0,,,0.0,,,75.0,0.0,50.0,0.0,
2025-03-29,2025,FC Tokyo,Kawasaki Frontale,0,3,A,O,3.73,3.46,1.98,4,,,,,,,,,,,,,,,,,,,,33.3,33.3,33.3,0.0,
2025-03-29,2025,Avispa Fukuoka,Machida,2,2,D,O,3.09,2.83,2.61,4,,,,,,,,,,,,,,,,,,,,33.3,66.7,100.0,0.0,
2025-03-29,2025,Albirex Niigata,Gamba Osaka,3,3,D,O,2.62,3.21,2.74,3,,,,,,,,,,,,,,,,,,,,0.0,0.0,33.3,66.7,
2025-03-28,2025,Cerezo Osaka,Urawa Reds,1,1,D,U,2.98,3.37,2.33,3,,0.0,,1.0,,3.0,,,4.0,,,-1.0,,,0.0,,,0.0,,0.0,50.0,0.0,25.0,
2025-03-16,2025,Yokohama F. Marinos,Gamba Osaka,2,0,H,U,2.25,3.45,3.08,4,,,,,,,,,,,,,,,,,,,,0.0,0.0,50.0,50.0,
2025-03-16,2025,Shonan Bellmare,Vissel Kobe,1,2,A,O,3.03,3.26,2.36,3,,,,,,,,,,,,,,,,,,,,100.0,0.0,0.0,0.0,
2025-03-16,2025,Shimizu S-Pulse,Kyoto,1,2,A,O,2.32,3.15,3.23,3,,,,,,,,,,,,,,,,,,,,50.0,0.0,33.3,33.3,
2025-03-16,2025,Sanfrecce Hiroshima,Kashiwa Reysol,1,1,D,U,1.98,3.24,4.02,3,,,,,,,,,,,,,,,,,,,,100.0,0.0,100.0,0.0,
2025-03-16,2025,Okayama,Kawasaki Frontale,0,0,D,U,4.37,3.46,1.83,4,,,,,,,,,,,,,,,,,,,,66.7,0.0,50.0,0.0,
2025-03-16,2025,Kashima Antlers,Urawa Reds,1,1,D,U,2.62,3.18,2.75,4,,,,,,,,,,,,,,,,,,,,100.0,0.0,0.0,33.3,
2025-03-15,2025,Yokohama FC,Cerezo Osaka,2,0,H,U,2.6,3.13,2.8,4,,,,,,,,,,,,,,,,,,,,33.3,66.7,33.3,33.3,
2025-03-15,2025,Verdy,Nagoya Grampus,2,1,H,O,2.42,3.06,3.12,3,,,,,,,,,,,,,,,,,,,,0.0,100.0,0.0,66.7,
2025-03-15,2025,Machida,Albirex Niigata,1,0,H,U,2.11,3.04,3.89,3,,,,,,,,,,,,,,,,,,,,0.0,100.0,0.0,66.7,
2025-03-15,2025,Avispa Fukuoka,FC Tokyo,1,0,H,U,2.37,2.86,3.45,3,,,,,,,,,,,,,,,,,,,,0.0,100.0,50.0,50.0,
2025-03-09,2025,Kyoto,Avispa Fukuoka,0,1,A,U,2.24,3.2,3.35,2,,,,,,,,,,,,,,,,,,,,0.0,0.0,50.0,50.0,
2025-03-08,2025,Yokohama FC,Machida,0,2,A,U,3.73,2.82,2.29,3,,,,,,,,,,,,,,,,,,,,50.0,50.0,100.0,0.0,
2025-03-08,2025,Urawa Reds,Okayama,1,0,H,U,1.96,3.34,3.99,2,,,,,,,,,,,,,,,,,,,,0.0,100.0,0.0,100.0,
2025-03-08,2025,Kashiwa Reysol,Kashima Antlers,1,3,A,O,2.79,2.99,2.73,3,,,,,,,,,,,,,,,,,,,,50.0,0.0,0.0,100.0,
2025-03-08,2025,Gamba Osaka,Shimizu S-Pulse,1,0,H,U,3.08,3.16,2.4,3,,,,,,,,,,,,,,,,,,,,50.0,50.0,50.0,0.0,
2025-03-08,2025,FC Tokyo,Shonan Bellmare,0,0,D,U,3.59,3.29,2.09,3,,,,,,,,,,,,,,,,,,,,50.0,50.0,50.0,0.0,
2025-03-08,2025,Cerezo Osaka,Nagoya Grampus,1,1,D,U,2.39,3.08,3.14,2,,,,,,,,,,,,,,,,,,,,0.0,100.0,0.0,100.0,
2025-03-08,2025,Albirex Niigata,Verdy,2,2,D,O,2.43,3.04,3.12,2,,,,,,,,,,,,,,,,,,,,0.0,0.0,50.0,50.0,
2025-03-02,2025,Verdy,Gamba Osaka,0,1,A,U,2.03,3.12,4.02,2,,,,,,,,,,,,,,,,,,,,0.0,100.0,0.0,100.0,
2025-03-02,2025,Urawa Reds,Kashiwa Reysol,0,2,A,U,2.37,3.06,3.17,1,,,,,,,,,,,,,,,,,,,,,,100.0,0.0,
2025-03-02,2025,Sanfrecce Hiroshima,Yokohama FC,1,0,H,U,1.91,3.26,4.32,2,,,,,,,,,,,,,,,,,,,,100.0,0.0,0.0,0.0,
2025-03-02,2025,Okayama,Shimizu S-Pulse,1,1,D,U,2.9,3.01,2.58,3,,,,,,,,,,,,,,,,,,,,100.0,0.0,100.0,0.0,
2025-03-02,2025,Nagoya Grampus,Machida,1,2,A,O,3.41,2.84,2.4,2,,,,,,,,,,,,,,,,,,,,0.0,0.0,100.0,0.0,
2025-03-02,2025,Albirex Niigata,Cerezo Osaka,2,2,D,O,2.43,3.1,3.04,1,,,,,,,,,,,,,,,,,,,,,,50.0,50.0,
2025-03-01,2025,Yokohama F. Marinos,Shonan Bellmare,1,1,D,U,2.43,3.49,2.75,3,,,,,,,,,,,,,,,,,,,,0.0,0.0,100.0,0.0,
2025-03-01,2025,Vissel Kobe,Avispa Fukuoka,0,1,A,U,2.28,2.91,3.56,3,,,,,,,,,,,,,,,,,,,,0.0,0.0,0.0,100.0,
2025-03-01,2025,Kawasaki Frontale,Kyoto,0,1,A,U,1.84,3.69,4.07,2,,,,,,,,,,,,,,,,,,,,100.0,0.0,0.0,50.0,
2025-03-01,2025,Kashima Antlers,FC Tokyo,2,0,H,U,1.95,3.26,4.09,3,,,,,,,,,,,,,,,,,,,,100.0,0.0,100.0,0.0,
2025-02-26,2025,Yokohama F. Marinos,Yokohama FC,0,0,D,U,2.3,3.22,3.15,2,,,,,,,,,,,,,,,,,,,,0.0,0.0,,,
2025-02-26,2025,Vissel Kobe,Kyoto,1,1,D,U,2.06,3.45,3.49,2,,,,,,,,,,,,,,,,,,,,0.0,0.0,0.0,100.0,
2025-02-26,2025,Shonan Bellmare,Urawa Reds,2,1,H,O,2.6,3.33,2.64,2,,,,,,,,,,,,,,,,,,,,100.0,0.0,0.0,0.0,
2025-02-26,2025,Shimizu S-Pulse,Sanfrecce Hiroshima,1,1,D,U,3.76,3.23,2.05,2,,,,,,,,,,,,,,,,,,,,100.0,0.0,100.0,0.0,
2025-02-26,2025,Okayama,Gamba Osaka,2,0,H,U,2.68,3.08,2.74,2,,,,,,,,,,,,,,,,,,,,100.0,0.0,,,
2025-02-26,2025,Machida,Verdy,0,1,A,U,2.13,2.91,4.01,2,,,,,,,,,,,,,,,,,,,,0.0,100.0,0.0,100.0,
2025-02-26,2025,Kashiwa Reysol,Cerezo Osaka,2,1,H,O,2.43,2.92,3.23,2,,,,,,,,,,,,,,,,,,,,0.0,0.0,100.0,0.0,
2025-02-26,2025,Kashima Antlers,Albirex Niigata,2,1,H,O,2.21,3.12,3.44,2,,,,,,,,,,,,,,,,,,,,100.0,0.0,0.0,50.0,
2025-02-26,2025,FC Tokyo,Nagoya Grampus,3,1,H,O,3.02,2.81,2.65,2,,,,,,,,,,,,,,,,,,,,0.0,100.0,0.0,100.0,
2025-02-26,2025,Avispa Fukuoka,Kawasaki Frontale,1,2,A,O,4.26,3.44,1.86,2,,,,,,,,,,,,,,,,,,,,0.0,100.0,0.0,0.0,
2025-02-23,2025,Sanfrecce Hiroshima,Yokohama F. Marinos,1,0,H,U,1.56,4.4,5.17,1,,,,,,,,,,,,,,,,,,,,,,,,
2025-02-22,2025,Yokohama FC,Okayama,1,0,H,U,2.32,2.96,3.42,2,,,,,,,,,,,,,,,,,,,,0.0,100.0,,,
2025-02-22,2025,Shimizu S-Pulse,Albirex Niigata,2,0,H,U,2.45,2.96,3.15,1,,,,,,,,,,,,,,,,,,,,,,0.0,0.0,
2025-02-22,2025,Nagoya Grampus,Vissel Kobe,2,2,D,O,3.5,3.06,2.22,1,,,,,,,,,,,,,,,,,,,,,,,,
2025-02-22,2025,Kyoto,Urawa Reds,1,1,D,U,3.16,3.3,2.26,1,,,,,,,,,,,,,,,,,,,,,,0.0,0.0,
2025-02-22,2025,Kashiwa Reysol,Kawasaki Frontale,1,1,D,U,3.2,3.38,2.22,1,,,,,,,,,,,,,,,,,,,,,,,,
2025-02-22,2025,Kashima Antlers,Verdy,4,0,H,O,2.52,2.8,3.25,1,,,,,,,,,,,,,,,,,,,,,,,,
2025-02-22,2025,Gamba Osaka,Avispa Fukuoka,2,1,H,O,2.03,3.06,4.07,2,,,,,,,,,,,,,,,,,,,,0.0,100.0,,,
2025-02-22,2025,FC Tokyo,Machida,0,1,A,U,3.49,3.06,2.23,1,,,,,,,,,,,,,,,,,,,,,,,,
2025-02-22,2025,Cerezo Osaka,Shonan Bellmare,1,2,A,O,2.38,3.38,2.9,1,,,,,,,,,,,,,,,,,,,,,,,,
2025-02-16,2025,Verdy,Shimizu S-Pulse,0,1,A,U,2.35,3.07,3.21,1,,,,,,,,,,,,,,,,,,,,,,,,
2025-02-16,2025,Machida,Sanfrecce Hiroshima,1,2,A,O,3.34,3.13,2.24,1,,,,,,,,,,,,,,,,,,,,,,,,
2025-02-15,2025,Yokohama FC,FC Tokyo,0,1,A,U,2.6,3.19,2.73,1,,,,,,,,,,,,,,,,,,,,,,,,
2025-02-15,2025,Yokohama F. Marinos,Albirex Niigata,1,1,D,U,2.25,3.57,2.96,1,,,,,,,,,,,,,,,,,,,,,,,,
2025-02-15,2025,Vissel Kobe,Urawa Reds,0,0,D,U,1.81,3.51,4.43,1,,,,,,,,,,,,,,,,,,,,,,,,
2025-02-15,2025,Shonan Bellmare,Kashima Antlers,1,0,H,U,3.5,3.34,2.09,1,,,,,,,,,,,,,,,,,,,,,,,,
2025-02-15,2025,Okayama,Kyoto,2,0,H,U,2.94,3.29,2.39,1,,,,,,,,,,,,,,,,,,,,,,,,
2025-02-15,2025,Kawasaki Frontale,Nagoya Grampus,4,0,H,O,1.99,3.34,3.81,1,,,,,,,,,,,,,,,,,,,,,,,,
2025-02-15,2025,Avispa Fukuoka,Kashiwa Reysol,0,1,A,U,2.9,2.86,2.71,1,,,,,,,,,,,,,,,,,,,,,,,,
2025-02-14,2025,Gamba Osaka,Cerezo Osaka,2,5,A,O,2.29,3.27,3.12,1,,,,,,,,,,,,,,,,,,,,,,,,
2024-12-08,2024,Yokohama F. Marinos,Nagoya Grampus,0,2,A,U,1.79,4.02,3.98,19,0.0,0.0,2.0,3.0,2.0,3.0,-1.0,5.0,8.0,-3.0,-3.0,-5.0,2.0,0.0,0.0,0.0,1.0,1.0,0.0,33.3,38.9,33.3,55.6,A
2024-12-08,2024,Vissel Kobe,Shonan Bellmare,3,0,H,O,1.32,5.23,8.94,19,3.0,3.0,1.0,1.0,5.0,7.0,-2.0,3.0,4.0,-1.0,2.0,3.0,-1.0,1.0,2.0,-1.0,1.0,1.0,0.0,50.0,27.8,38.9,33.3,H
2024-12-08,2024,Urawa Reds,Albirex Niigata,0,0,D,U,3.01,3.03,2.52,19,2.0,0.0,1.0,2.0,5.0,2.0,3.0,2.0,9.0,-7.0,3.0,-7.0,10.0,1.0,0.0,1.0,0.0,2.0,-2.0,44.4,33.3,33.3,38.9,D
2024-12-08,2024,Sagan Tosu,Iwata,3,0,H,O,2.9,3.6,2.28,19,1.0,2.0,2.0,2.0,4.0,4.0,0.0,5.0,5.0,0.0,-1.0,-1.0,0.0,0.0,1.0,-1.0,0.0,2.0,-2.0,27.8,55.6,22.2,55.6,H
2024-12-08,2024,Kyoto,Verdy,0,0,D,U,2.61,3.3,2.68,19,1.0,3.0,1.0,0.0,5.0,8.0,-3.0,4.0,3.0,1.0,1.0,5.0,-4.0,1.0,2.0,-1.0,0.0,0.0,0.0,22.2,44.4,44.4,27.8,D
2024-12-08,2024,Kawasaki Frontale,Avispa Fukuoka,3,1,H,O,1.62,3.93,5.39,19,2.0,0.0,1.0,1.0,10.0,0.0,10.0,7.0,1.0,6.0,3.0,-1.0,4.0,1.0,0.0,1.0,1.0,0.0,1.0,38.9,27.8,27.8,22.2,H
2024-12-08,2024,Kashima Antlers,Machida,3,1,H,O,2.97,3.18,2.46,19,0.0,1.0,0.0,2.0,2.0,5.0,-3.0,2.0,5.0,-3.0,0.0,0.0,0.0,0.0,1.0,-1.0,0.0,1.0,-1.0,50.0,0.0,55.6,16.7,H
2024-12-08,2024,Hokkaido Consadole Sapporo,Kashiwa Reysol,1,0,H,U,3.3,3.46,2.13,19,2.0,0.0,1.0,2.0,5.0,1.0,4.0,3.0,3.0,0.0,2.0,-2.0,4.0,2.0,0.0,2.0,1.0,0.0,1.0,27.8,44.4,22.2,38.9,H
2024-12-08,2024,Gamba Osaka,Sanfrecce Hiroshima,3,1,H,O,3.95,3.84,1.82,19,2.0,1.0,1.0,2.0,6.0,5.0,1.0,5.0,8.0,-3.0,1.0,-3.0,4.0,0.0,0.0,0.0,0.0,1.0,-1.0,55.6,22.2,38.9,16.7,H
2024-12-08,2024,FC Tokyo,Cerezo Osaka,3,0,H,O,2.62,3.3,2.65,19,1.0,2.0,1.0,1.0,5.0,5.0,0.0,4.0,4.0,0.0,1.0,1.0,0.0,1.0,0.0,1.0,1.0,0.0,1.0,33.3,33.3,27.8,33.3,H
2024-12-01,2024,Sanfrecce Hiroshima,Hokkaido Consadole Sapporo,5,1,H,O,1.31,5.49,8.48,19,3.0,1.0,1.0,1.0,11.0,4.0,7.0,5.0,3.0,2.0,6.0,1.0,5.0,2.0,1.0,1.0,0.0,0.0,0.0,61.1,22.2,16.7,55.6,H
2024-11-30,2024,Verdy,Kawasaki Frontale,4,5,A,O,2.3,3.38,3.04,19,2.0,1.0,1.0,1.0,5.0,6.0,-1.0,4.0,5.0,-1.0,1.0,1.0,0.0,1.0,1.0,0.0,1.0,1.0,0.0,33.3,22.2,22.2,38.9,A
2024-11-30,2024,Shonan Bellmare,Yokohama F. Marinos,2,3,A,O,2.25,3.67,2.92,19,2.0,2.0,1.0,2.0,7.0,8.0,-1.0,6.0,11.0,-5.0,1.0,-3.0,4.0,0.0,0.0,0.0,0.0,1.0,-1.0,27.8,50.0,44.4,44.4,H
2024-11-30,2024,Nagoya Grampus,Sagan Tosu,0,3,A,O,1.66,3.82,5.08,19,3.0,0.0,1.0,3.0,7.0,3.0,4.0,2.0,8.0,-6.0,5.0,-5.0,10.0,3.0,0.0,3.0,1.0,2.0,-1.0,44.4,38.9,16.7,72.2,A
2024-11-30,2024,Machida,Kyoto,1,0,H,U,1.69,4.0,4.58,19,1.0,3.0,1.0,1.0,6.0,8.0,-2.0,6.0,6.0,0.0,0.0,2.0,-2.0,1.0,1.0,0.0,1.0,1.0,0.0,44.4,33.3,44.4,33.3,D
2024-11-30,2024,Kashiwa Reysol,Vissel Kobe,1,1,D,U,3.66,2.98,2.22,19,1.0,3.0,1.0,0.0,3.0,9.0,-6.0,4.0,5.0,-1.0,-1.0,4.0,-5.0,0.0,1.0,-1.0,1.0,0.0,1.0,27.8,38.9,61.1,16.7,H
2024-11-30,2024,Iwata,FC Tokyo,2,1,H,O,2.6,3.25,2.71,19,0.0,3.0,3.0,1.0,7.0,7.0,0.0,10.0,4.0,6.0,-3.0,3.0,-6.0,0.0,3.0,-3.0,0.0,1.0,-1.0,27.8,50.0,44.4,38.9,D
2024-11-30,2024,Cerezo Osaka,Kashima Antlers,0,2,A,U,3.18,3.16,2.32,19,2.0,2.0,1.0,1.0,3.0,9.0,-6.0,2.0,4.0,-2.0,1.0,5.0,-4.0,0.0,2.0,-2.0,0.0,0.0,0.0,44.4,22.2,38.9,50.0,A
2024-11-30,2024,Avispa Fukuoka,Urawa Reds,1,0,H,U,2.64,2.88,2.98,19,2.0,1.0,2.0,2.0,3.0,2.0,1.0,6.0,3.0,3.0,-3.0,-1.0,-2.0,0.0,0.0,0.0,2.0,0.0,2.0,33.3,38.9,22.2,38.9,H
2024-11-30,2024,Albirex Niigata,Gamba Osaka,0,1,A,U,2.48,3.09,3.01,19,1.0,1.0,3.0,1.0,5.0,7.0,-2.0,10.0,7.0,3.0,-5.0,0.0,-5.0,1.0,0.0,1.0,2.0,0.0,2.0,22.2,44.4,33.3,22.2,A
2024-11-22,2024,Urawa Reds,Kawasaki Frontale,1,1,D,U,2.59,3.32,2.67,18,2.0,1.0,2.0,2.0,4.0,5.0,-1.0,3.0,6.0,-3.0,1.0,-1.0,2.0,1.0,1.0,0.0,1.0,2.0,-1.0,47.1,35.3,23.5,41.2,H
2024-11-17,2024,Kyoto,Kashima Antlers,0,0,D,U,2.89,3.38,2.39,18,1.0,2.0,1.0,2.0,7.0,10.0,-3.0,6.0,6.0,0.0,1.0,4.0,-3.0,1.0,2.0,-1.0,0.0,0.0,0.0,23.5,47.1,41.2,52.9,D
2024-11-16,2024,Iwata,Yokohama F. Marinos,3,4,A,O,3.13,3.72,2.12,18,0.0,2.0,3.0,2.0,4.0,7.0,-3.0,8.0,9.0,-1.0,-4.0,-2.0,-2.0,0.0,1.0,-1.0,1.0,1.0,0.0,29.4,47.1,41.2,47.1,D
2024-11-10,2024,Verdy,Vissel Kobe,1,1,D,U,3.45,3.01,2.28,18,3.0,4.0,1.0,0.0,6.0,10.0,-4.0,4.0,5.0,-1.0,2.0,5.0,-3.0,1.0,1.0,0.0,1.0,0.0,1.0,35.3,23.5,64.7,17.6,A
2024-11-10,2024,Urawa Reds,Sanfrecce Hiroshima,3,0,H,O,4.61,3.72,1.74,17,1.0,2.0,3.0,1.0,4.0,7.0,-3.0,7.0,6.0,1.0,-3.0,1.0,-4.0,0.0,0.0,0.0,1.0,0.0,1.0,43.8,37.5,41.2,11.8,H
2024-11-09,2024,Shonan Bellmare,Hokkaido Consadole Sapporo,1,1,D,U,2.17,3.83,2.96,18,2.0,2.0,2.0,1.0,6.0,5.0,1.0,6.0,2.0,4.0,0.0,3.0,-3.0,0.0,2.0,-2.0,0.0,0.0,0.0,29.4,52.9,17.6,58.8,D
2024-11-09,2024,Sagan Tosu,Yokohama F. Marinos,1,2,A,O,3.77,4.24,1.79,18,1.0,2.0,1.0,2.0,4.0,7.0,-3.0,4.0,9.0,-5.0,0.0,-2.0,2.0,0.0,1.0,-1.0,0.0,1.0,-1.0,29.4,52.9,37.5,50.0,D
2024-11-09,2024,Machida,FC Tokyo,3,0,H,O,1.93,3.45,3.98,18,1.0,3.0,1.0,1.0,7.0,9.0,-2.0,6.0,4.0,2.0,1.0,5.0,-4.0,1.0,3.0,-2.0,1.0,0.0,1.0,41.2,35.3,47.1,35.3,H
2024-11-09,2024,Kyoto,Kawasaki Frontale,1,1,D,U,2.54,3.61,2.57,17,2.0,2.0,1.0,2.0,9.0,7.0,2.0,5.0,5.0,0.0,4.0,2.0,2.0,2.0,2.0,0.0,0.0,2.0,-2.0,25.0,50.0,25.0,43.8,D
2024-11-09,2024,Kashiwa Reysol,Albirex Niigata,1,1,D,U,2.37,3.13,3.15,18,1.0,1.0,2.0,2.0,4.0,2.0,2.0,6.0,8.0,-2.0,-2.0,-6.0,4.0,0.0,0.0,0.0,1.0,2.0,-1.0,29.4,41.2,35.3,41.2,D
2024-11-09,2024,Kashima Antlers,Nagoya Grampus,0,0,D,U,1.94,3.24,4.25,18,0.0,1.0,0.0,3.0,2.0,4.0,-2.0,2.0,8.0,-6.0,0.0,-4.0,4.0,0.0,0.0,0.0,0.0,1.0,-1.0,52.9,0.0,35.3,58.8,D
2024-11-09,2024,Iwata,Gamba Osaka,3,4,A,O,3.27,3.17,2.28,17,1.0,0.0,2.0,1.0,3.0,5.0,-2.0,5.0,6.0,-1.0,-2.0,-1.0,-1.0,0.0,0.0,0.0,1.0,0.0,1.0,31.2,43.8,29.4,23.5,
2024-11-09,2024,Cerezo Osaka,Avispa Fukuoka,1,0,H,U,2.3,3.01,3.42,18,1.0,0.0,2.0,0.0,5.0,2.0,3.0,7.0,2.0,5.0,-2.0,0.0,-2.0,0.0,0.0,0.0,1.0,0.0,1.0,41.2,23.5,29.4,17.6,D
2024-11-03,2024,Sanfrecce Hiroshima,Kyoto,0,1,A,U,1.44,4.71,6.39,18,4.0,2.0,0.0,2.0,13.0,7.0,6.0,4.0,8.0,-4.0,9.0,-1.0,10.0,3.0,1.0,2.0,0.0,2.0,-2.0,64.7,17.6,41.2,35.3,D
2024-11-03,2024,Sagan Tosu,Machida,2,1,H,O,5.05,4.04,1.63,17,0.0,1.0,2.0,1.0,3.0,4.0,-1.0,7.0,3.0,4.0,-4.0,1.0,-5.0,0.0,1.0,-1.0,1.0,1.0,0.0,25.0,56.2,58.8,11.8,H
2024-11-03,2024,Hokkaido Consadole Sapporo,Cerezo Osaka,1,1,D,U,2.44,3.48,2.77,18,3.0,2.0,1.0,2.0,9.0,4.0,5.0,5.0,7.0,-2.0,4.0,-3.0,7.0,3.0,0.0,3.0,1.0,1.0,0.0,29.4,47.1,29.4,35.3,H
2024-11-03,2024,FC Tokyo,Shonan Bellmare,0,2,A,U,2.57,3.4,2.66,18,1.0,3.0,1.0,1.0,5.0,6.0,-1.0,5.0,4.0,1.0,0.0,2.0,-2.0,1.0,1.0,0.0,1.0,1.0,0.0,35.3,29.4,35.3,35.3,A
2024-11-03,2024,Avispa Fukuoka,Kashiwa Reysol,2,1,H,O,3.28,2.96,2.4,18,1.0,0.0,3.0,2.0,1.0,0.0,1.0,6.0,3.0,3.0,-5.0,-3.0,-2.0,0.0,0.0,0.0,2.0,1.0,1.0,29.4,41.2,23.5,35.3,H
2024-11-01,2024,Vissel Kobe,Iwata,2,0,H,U,1.37,4.87,8.15,18,3.0,2.0,1.0,2.0,5.0,4.0,1.0,3.0,7.0,-4.0,2.0,-3.0,5.0,1.0,1.0,0.0,1.0,2.0,-1.0,47.1,29.4,23.5,52.9,D
2024-11-01,2024,Kawasaki Frontale,Kashima Antlers,1,3,A,O,2.35,3.55,2.85,18,2.0,1.0,1.0,3.0,10.0,8.0,2.0,7.0,7.0,0.0,3.0,1.0,2.0,1.0,1.0,0.0,1.0,0.0,1.0,41.2,23.5,37.5,56.2,A
2024-10-30,2024,Yokohama F. Marinos,Urawa Reds,0,0,D,U,2.46,3.46,2.74,18,1.0,1.0,2.0,2.0,6.0,4.0,2.0,5.0,5.0,0.0,1.0,-1.0,2.0,1.0,0.0,1.0,1.0,0.0,1.0,35.3,41.2,23.5,41.2,D
2024-10-23,2024,Urawa Reds,Kashiwa Reysol,1,0,H,U,2.73,3.06,2.71,16,0.0,1.0,4.0,1.0,5.0,2.0,3.0,10.0,3.0,7.0,-5.0,-1.0,-4.0,0.0,0.0,0.0,1.0,1.0,0.0,40.0,40.0,25.0,31.2,D
2024-10-23,2024,Gamba Osaka,Nagoya Grampus,3,2,H,O,2.5,3.0,3.05,18,1.0,1.0,1.0,3.0,5.0,4.0,1.0,5.0,8.0,-3.0,0.0,-4.0,4.0,0.0,0.0,0.0,0.0,1.0,-1.0,52.9,23.5,37.5,56.2,H
2024-10-23,2024,Albirex Niigata,Verdy,0,2,A,U,2.12,3.21,3.6,18,1.0,2.0,2.0,0.0,5.0,6.0,-1.0,8.0,3.0,5.0,-3.0,3.0,-6.0,1.0,1.0,0.0,1.0,0.0,1.0,23.5,41.2,41.2,29.4,D
2024-10-19,2024,Verdy,Urawa Reds,2,1,H,O,2.54,3.07,2.93,17,2.0,1.0,2.0,1.0,4.0,3.0,1.0,4.0,3.0,1.0,0.0,0.0,0.0,1.0,0.0,1.0,1.0,0.0,1.0,31.2,25.0,25.0,37.5,A
2024-10-19,2024,Shonan Bellmare,Sanfrecce Hiroshima,2,1,H,O,4.65,3.72,1.73,17,1.0,3.0,3.0,0.0,5.0,7.0,-2.0,7.0,4.0,3.0,-2.0,3.0,-5.0,0.0,0.0,0.0,0.0,0.0,0.0,25.0,56.2,43.8,6.2,A
2024-10-19,2024,Nagoya Grampus,Hokkaido Consadole Sapporo,0,2,A,U,1.88,3.65,3.93,18,3.0,1.0,1.0,2.0,8.0,5.0,3.0,2.0,5.0,-3.0,6.0,0.0,6.0,3.0,1.0,2.0,0.0,0.0,0.0,47.1,35.3,12.5,62.5,A
2024-10-19,2024,Kyoto,Sagan Tosu,2,0,H,U,1.55,4.39,5.24,16,2.0,0.0,1.0,3.0,10.0,3.0,7.0,7.0,8.0,-1.0,3.0,-5.0,8.0,1.0,0.0,1.0,0.0,2.0,-2.0,20.0,53.3,17.6,70.6,D
2024-10-19,2024,Kashiwa Reysol,Machida,1,1,D,U,2.56,3.19,2.81,17,1.0,1.0,2.0,1.0,3.0,3.0,0.0,5.0,2.0,3.0,-2.0,1.0,-3.0,0.0,1.0,-1.0,1.0,1.0,0.0,31.2,43.8,62.5,12.5,D
2024-10-19,2024,Kashima Antlers,Avispa Fukuoka,0,0,D,U,1.81,3.31,4.89,17,1.0,0.0,0.0,0.0,5.0,4.0,1.0,2.0,4.0,-2.0,3.0,0.0,3.0,1.0,0.0,1.0,0.0,0.0,0.0,56.2,0.0,31.2,18.8,D
2024-10-19,2024,Cerezo Osaka,Iwata,1,2,A,O,1.86,3.59,4.06,17,1.0,1.0,1.0,2.0,4.0,4.0,0.0,5.0,8.0,-3.0,-1.0,-4.0,3.0,0.0,1.0,-1.0,1.0,2.0,-1.0,43.8,18.8,18.8,56.2,A
2024-10-18,2024,Yokohama F. Marinos,Albirex Niigata,0,0,D,U,2.54,3.83,2.46,17,1.0,2.0,3.0,2.0,7.0,4.0,3.0,7.0,9.0,-2.0,0.0,-5.0,5.0,1.0,0.0,1.0,1.0,2.0,-1.0,37.5,43.8,37.5,43.8,D
2024-10-18,2024,Vissel Kobe,FC Tokyo,0,2,A,U,1.4,4.69,7.39,17,3.0,2.0,0.0,2.0,7.0,7.0,0.0,3.0,7.0,-4.0,4.0,0.0,4.0,1.0,2.0,-1.0,0.0,1.0,-1.0,50.0,25.0,43.8,37.5,A
2024-10-18,2024,Kawasaki Frontale,Gamba Osaka,1,1,D,U,2.04,3.55,3.44,17,3.0,0.0,1.0,1.0,12.0,4.0,8.0,6.0,5.0,1.0,6.0,-1.0,7.0,2.0,0.0,2.0,1.0,0.0,1.0,43.8,25.0,31.2,25.0,A
2024-10-06,2024,Verdy,Shonan Bellmare,0,2,A,U,2.26,3.3,3.18,16,2.0,3.0,2.0,1.0,4.0,5.0,-1.0,3.0,4.0,-1.0,1.0,1.0,0.0,1.0,0.0,1.0,0.0,1.0,-1.0,33.3,20.0,31.2,37.5,A
2024-10-06,2024,Kyoto,Vissel Kobe,2,3,A,O,3.97,3.64,1.87,15,2.0,3.0,0.0,1.0,8.0,7.0,1.0,4.0,6.0,-2.0,4.0,1.0,3.0,1.0,1.0,0.0,0.0,1.0,-1.0,21.4,50.0,62.5,18.8,A
2024-10-06,2024,Iwata,Sanfrecce Hiroshima,1,2,A,O,6.28,4.33,1.49,16,1.0,3.0,2.0,0.0,3.0,9.0,-6.0,5.0,4.0,1.0,-2.0,5.0,-7.0,0.0,1.0,-1.0,1.0,0.0,1.0,33.3,40.0,40.0,6.7,A
2024-10-05,2024,Urawa Reds,Cerezo Osaka,0,1,A,U,2.21,3.4,3.17,15,1.0,1.0,3.0,3.0,8.0,3.0,5.0,9.0,9.0,0.0,-1.0,-6.0,5.0,1.0,0.0,1.0,1.0,2.0,-1.0,42.9,35.7,25.0,37.5,A
2024-10-05,2024,Machida,Kawasaki Frontale,1,4,A,O,2.2,3.56,3.09,17,1.0,2.0,1.0,2.0,6.0,6.0,0.0,3.0,6.0,-3.0,3.0,0.0,3.0,1.0,1.0,0.0,0.0,2.0,-2.0,43.8,31.2,20.0,46.7,A
2024-10-05,2024,Kashiwa Reysol,Yokohama F. Marinos,1,0,H,U,1.82,4.12,3.7,16,0.0,2.0,3.0,2.0,4.0,7.0,-3.0,8.0,12.0,-4.0,-4.0,-5.0,1.0,0.0,1.0,-1.0,1.0,2.0,-1.0,26.7,46.7,40.0,46.7,H
2024-10-05,2024,Gamba Osaka,Hokkaido Consadole Sapporo,2,1,H,O,2.11,3.52,3.31,17,0.0,2.0,1.0,1.0,3.0,8.0,-5.0,4.0,6.0,-2.0,-1.0,2.0,-3.0,0.0,1.0,-1.0,0.0,0.0,0.0,50.0,25.0,13.3,60.0,A
2024-10-05,2024,FC Tokyo,Sagan Tosu,1,1,D,U,1.88,3.78,3.81,17,2.0,0.0,1.0,4.0,6.0,5.0,1.0,4.0,12.0,-8.0,2.0,-7.0,9.0,2.0,0.0,2.0,1.0,3.0,-2.0,37.5,31.2,18.8,75.0,D
2024-10-05,2024,Albirex Niigata,Kashima Antlers,0,4,A,O,2.58,3.25,2.75,17,2.0,0.0,1.0,4.0,7.0,5.0,2.0,4.0,11.0,-7.0,3.0,-6.0,9.0,2.0,0.0,2.0,0.0,1.0,-1.0,25.0,37.5,33.3,60.0,A
2024-10-04,2024,Avispa Fukuoka,Nagoya Grampus,1,0,H,U,2.83,2.85,2.8,17,0.0,1.0,4.0,2.0,0.0,7.0,-7.0,7.0,10.0,-3.0,-7.0,-3.0,-4.0,0.0,0.0,0.0,2.0,1.0,1.0,25.0,43.8,40.0,53.3,D
2024-10-02,2024,Cerezo Osaka,Gamba Osaka,1,0,H,U,2.92,3.16,2.49,16,0.0,1.0,2.0,0.0,4.0,6.0,-2.0,7.0,4.0,3.0,-3.0,2.0,-5.0,0.0,1.0,-1.0,1.0,0.0,1.0,40.0,20.0,33.3,20.0,H
2024-09-28,2024,Yokohama F. Marinos,FC Tokyo,1,3,A,O,1.94,4.07,3.34,16,2.0,1.0,2.0,2.0,9.0,4.0,5.0,6.0,6.0,0.0,3.0,-2.0,5.0,1.0,1.0,0.0,0.0,1.0,-1.0,40.0,40.0,40.0,40.0,D
2024-09-28,2024,Vissel Kobe,Urawa Reds,1,0,H,U,1.61,3.96,5.28,16,2.0,1.0,0.0,0.0,9.0,4.0,5.0,6.0,3.0,3.0,3.0,1.0,2.0,1.0,0.0,1.0,0.0,0.0,0.0,46.7,26.7,26.7,33.3,H
2024-09-28,2024,Shonan Bellmare,Kashima Antlers,3,2,H,O,2.49,3.36,2.77,16,0.0,0.0,3.0,4.0,3.0,4.0,-1.0,6.0,11.0,-5.0,-3.0,-7.0,4.0,0.0,0.0,0.0,0.0,2.0,-2.0,20.0,60.0,35.7,57.1,A
2024-09-28,2024,Sanfrecce Hiroshima,Machida,2,0,H,U,1.88,3.46,4.15,17,4.0,2.0,0.0,0.0,13.0,4.0,9.0,4.0,0.0,4.0,9.0,4.0,5.0,3.0,1.0,2.0,0.0,0.0,0.0,62.5,18.8,66.7,6.7,H
2024-09-28,2024,Sagan Tosu,Avispa Fukuoka,0,0,D,U,2.93,3.03,2.57,16,0.0,0.0,3.0,0.0,3.0,5.0,-2.0,9.0,5.0,4.0,-6.0,0.0,-6.0,0.0,0.0,0.0,2.0,0.0,2.0,26.7,60.0,33.3,20.0,D
2024-09-28,2024,Nagoya Grampus,Iwata,2,0,H,U,1.94,3.37,4.02,17,3.0,1.0,1.0,2.0,7.0,4.0,3.0,2.0,11.0,-9.0,5.0,-7.0,12.0,2.0,1.0,1.0,0.0,2.0,-2.0,43.8,37.5,20.0,53.3,D
2024-09-28,2024,Hokkaido Consadole Sapporo,Kyoto,2,0,H,U,2.71,3.67,2.38,17,2.0,3.0,1.0,1.0,9.0,9.0,0.0,7.0,7.0,0.0,2.0,2.0,0.0,2.0,1.0,1.0,1.0,1.0,0.0,25.0,50.0,43.8,31.2,H
2024-09-28,2024,Gamba Osaka,Verdy,1,1,D,U,2.12,3.32,3.47,16,0.0,2.0,2.0,1.0,2.0,5.0,-3.0,4.0,3.0,1.0,-2.0,2.0,-4.0,0.0,1.0,-1.0,0.0,0.0,0.0,53.3,26.7,43.8,31.2,D
2024-09-28,2024,Cerezo Osaka,Kashiwa Reysol,0,0,D,U,2.91,3.26,2.43,15,1.0,1.0,2.0,2.0,6.0,3.0,3.0,8.0,5.0,3.0,-2.0,-2.0,0.0,0.0,0.0,0.0,1.0,1.0,0.0,42.9,21.4,26.7,33.3,D
2024-09-27,2024,Kawasaki Frontale,Albirex Niigata,5,1,H,O,2.09,3.67,3.25,16,2.0,2.0,1.0,2.0,8.0,3.0,5.0,6.0,6.0,0.0,2.0,-3.0,5.0,1.0,0.0,1.0,1.0,2.0,-1.0,40.0,26.7,40.0,40.0,H
2024-09-22,2024,Verdy,Sagan Tosu,2,0,H,U,1.69,3.91,4.71,15,1.0,0.0,2.0,4.0,3.0,5.0,-2.0,4.0,13.0,-9.0,-1.0,-8.0,7.0,0.0,0.0,0.0,0.0,3.0,-3.0,28.6,21.4,20.0,73.3,H
2024-09-22,2024,Shonan Bellmare,Cerezo Osaka,1,2,A,O,2.22,3.35,3.2,15,1.0,0.0,2.0,3.0,7.0,2.0,5.0,4.0,9.0,-5.0,3.0,-7.0,10.0,1.0,0.0,1.0,0.0,2.0,-2.0,21.4,57.1,20.0,40.0,A
2024-09-22,2024,Sanfrecce Hiroshima,Yokohama F. Marinos,6,2,H,O,1.46,4.81,5.88,16,4.0,2.0,0.0,2.0,8.0,6.0,2.0,2.0,8.0,-6.0,6.0,-2.0,8.0,2.0,1.0,1.0,0.0,1.0,-1.0,60.0,20.0,42.9,42.9,H
2024-09-22,2024,Nagoya Grampus,Kawasaki Frontale,2,0,H,U,2.92,3.22,2.45,16,3.0,2.0,1.0,1.0,7.0,8.0,-1.0,3.0,6.0,-3.0,4.0,2.0,2.0,1.0,1.0,0.0,0.0,1.0,-1.0,40.0,40.0,21.4,42.9,H
2024-09-22,2024,Kyoto,Gamba Osaka,2,2,D,O,2.3,3.44,2.97,14,2.0,1.0,0.0,0.0,8.0,4.0,4.0,4.0,2.0,2.0,4.0,2.0,2.0,1.0,1.0,0.0,0.0,0.0,0.0,23.1,53.8,35.7,21.4,D
2024-09-22,2024,Albirex Niigata,Vissel Kobe,2,3,A,O,4.05,3.39,1.93,16,2.0,2.0,0.0,1.0,7.0,5.0,2.0,3.0,5.0,-2.0,4.0,0.0,4.0,2.0,1.0,1.0,0.0,1.0,-1.0,26.7,33.3,60.0,20.0,H
2024-09-21,2024,Urawa Reds,FC Tokyo,0,2,A,U,1.91,3.62,3.84,14,1.0,0.0,2.0,3.0,10.0,3.0,7.0,9.0,8.0,1.0,1.0,-5.0,6.0,1.0,0.0,1.0,0.0,1.0,-1.0,46.2,30.8,35.7,42.9,A
2024-09-21,2024,Machida,Hokkaido Consadole Sapporo,0,0,D,U,1.61,4.14,5.1,16,1.0,2.0,2.0,2.0,7.0,8.0,-1.0,5.0,8.0,-3.0,2.0,0.0,2.0,1.0,1.0,0.0,0.0,1.0,-1.0,46.7,33.3,14.3,64.3,D
2024-09-21,2024,Kashima Antlers,Kashiwa Reysol,0,0,D,U,2.53,3.39,2.7,16,2.0,2.0,0.0,2.0,7.0,7.0,0.0,3.0,6.0,-3.0,4.0,1.0,3.0,1.0,1.0,0.0,0.0,1.0,-1.0,60.0,0.0,28.6,35.7,D
2024-09-21,2024,Iwata,Avispa Fukuoka,0,0,D,U,2.95,2.85,2.69,15,1.0,0.0,2.0,1.0,5.0,5.0,0.0,7.0,6.0,1.0,-2.0,-1.0,-1.0,0.0,0.0,0.0,1.0,0.0,1.0,35.7,42.9,35.7,21.4,D
2024-09-18,2024,Nagoya Grampus,Albirex Niigata,3,0,H,O,2.72,3.03,2.75,15,2.0,3.0,2.0,1.0,4.0,4.0,0.0,4.0,3.0,1.0,0.0,1.0,-1.0,0.0,0.0,0.0,0.0,1.0,-1.0,35.7,42.9,42.9,35.7,H
2024-09-14,2024,Kashiwa Reysol,Iwata,0,2,A,U,1.62,4.0,5.1,15,1.0,0.0,2.0,3.0,7.0,2.0,5.0,8.0,14.0,-6.0,-1.0,-12.0,11.0,0.0,0.0,0.0,0.0,3.0,-3.0,28.6,42.9,14.3,57.1,A
2024-09-14,2024,Kashima Antlers,Sanfrecce Hiroshima,2,2,D,O,3.11,3.33,2.28,15,3.0,3.0,0.0,0.0,7.0,8.0,-1.0,1.0,3.0,-2.0,6.0,5.0,1.0,2.0,1.0,1.0,0.0,0.0,0.0,64.3,0.0,42.9,7.1,A
2024-09-14,2024,Hokkaido Consadole Sapporo,Verdy,0,2,A,U,2.67,3.33,2.58,16,2.0,2.0,0.0,1.0,10.0,4.0,6.0,6.0,3.0,3.0,4.0,1.0,3.0,2.0,0.0,2.0,0.0,0.0,0.0,26.7,46.7,40.0,33.3,D
2024-09-14,2024,Gamba Osaka,Urawa Reds,0,1,A,U,2.42,3.19,3.01,15,1.0,0.0,1.0,0.0,6.0,3.0,3.0,3.0,3.0,0.0,3.0,0.0,3.0,1.0,0.0,1.0,0.0,0.0,0.0,57.1,21.4,21.4,35.7,D
2024-09-14,2024,FC Tokyo,Nagoya Grampus,4,1,H,O,2.93,3.03,2.55,16,1.0,1.0,2.0,2.0,2.0,6.0,-4.0,4.0,7.0,-3.0,-2.0,-1.0,-1.0,1.0,0.0,1.0,1.0,0.0,1.0,33.3,33.3,42.9,50.0,H
2024-09-14,2024,Avispa Fukuoka,Machida,0,3,A,O,3.28,2.98,2.37,16,0.0,2.0,4.0,0.0,1.0,4.0,-3.0,6.0,1.0,5.0,-5.0,3.0,-8.0,0.0,1.0,-1.0,1.0,0.0,1.0,26.7,40.0,64.3,7.1,D
2024-09-14,2024,Albirex Niigata,Shonan Bellmare,3,1,H,O,2.21,3.4,3.18,15,1.0,4.0,1.0,0.0,7.0,7.0,0.0,6.0,3.0,3.0,1.0,4.0,-3.0,1.0,0.0,1.0,0.0,0.0,0.0,21.4,35.7,33.3,33.3,H
2024-09-13,2024,Yokohama F. Marinos,Kyoto,1,2,A,O,1.86,3.97,3.7,15,3.0,3.0,1.0,1.0,12.0,9.0,3.0,5.0,7.0,-2.0,7.0,2.0,5.0,2.0,1.0,1.0,0.0,1.0,-1.0,42.9,35.7,40.0,33.3,D
2024-09-13,2024,Vissel Kobe,Cerezo Osaka,2,1,H,O,1.7,3.78,4.8,15,2.0,0.0,0.0,2.0,10.0,2.0,8.0,6.0,8.0,-2.0,4.0,-6.0,10.0,2.0,0.0,2.0,0.0,2.0,-2.0,42.9,28.6,21.4,35.7,H
2024-09-13,2024,Kawasaki Frontale,Sagan Tosu,3,2,H,O,1.41,4.87,6.81,15,1.0,1.0,1.0,3.0,6.0,7.0,-1.0,5.0,13.0,-8.0,1.0,-6.0,7.0,1.0,0.0,1.0,1.0,3.0,-2.0,35.7,28.6,21.4,71.4,H
2024-09-01,2024,Hokkaido Consadole Sapporo,Kawasaki Frontale,2,0,H,U,3.4,3.99,1.93,15,1.0,2.0,1.0,0.0,8.0,10.0,-2.0,7.0,6.0,1.0,1.0,4.0,-3.0,1.0,1.0,0.0,0.0,0.0,0.0,21.4,50.0,23.1,38.5,D
2024-09-01,2024,Avispa Fukuoka,Vissel Kobe,0,2,A,U,4.66,3.28,1.84,15,1.0,2.0,3.0,1.0,3.0,6.0,-3.0,5.0,6.0,-1.0,-2.0,0.0,-2.0,0.0,1.0,-1.0,0.0,1.0,-1.0,28.6,35.7,57.1,21.4,A
2024-08-31,2024,Sanfrecce Hiroshima,FC Tokyo,3,2,H,O,1.37,4.93,7.67,15,3.0,0.0,1.0,3.0,6.0,3.0,3.0,3.0,8.0,-5.0,3.0,-5.0,8.0,2.0,0.0,2.0,1.0,1.0,0.0,57.1,21.4,38.5,38.5,H
2024-08-31,2024,Sagan Tosu,Shonan Bellmare,1,2,A,O,3.32,3.54,2.09,15,0.0,3.0,3.0,0.0,3.0,6.0,-3.0,11.0,3.0,8.0,-8.0,3.0,-11.0,0.0,0.0,0.0,3.0,0.0,3.0,28.6,57.1,28.6,35.7,A
2024-08-31,2024,Machida,Urawa Reds,2,2,D,O,2.13,3.29,3.46,15,2.0,1.0,2.0,0.0,6.0,2.0,4.0,3.0,1.0,2.0,3.0,1.0,2.0,1.0,0.0,1.0,0.0,0.0,0.0,50.0,35.7,23.1,38.5,A
2024-08-31,2024,Kashiwa Reysol,Verdy,2,3,A,O,2.46,3.27,2.86,14,1.0,2.0,2.0,1.0,5.0,3.0,2.0,6.0,2.0,4.0,-1.0,1.0,-2.0,0.0,0.0,0.0,0.0,0.0,0.0,30.8,38.5,35.7,35.7,D
2024-08-25,2024,Vissel Kobe,Sagan Tosu,2,0,H,U,1.32,5.22,9.0,14,1.0,2.0,0.0,2.0,8.0,8.0,0.0,6.0,11.0,-5.0,2.0,-3.0,5.0,1.0,0.0,1.0,0.0,2.0,-2.0,38.5,30.8,23.1,69.2,H
2024-08-25,2024,Verdy,Kashima Antlers,2,1,H,O,2.93,3.16,2.48,14,1.0,0.0,2.0,3.0,2.0,5.0,-3.0,3.0,11.0,-8.0,-1.0,-6.0,5.0,0.0,0.0,0.0,0.0,2.0,-2.0,23.1,23.1,38.5,53.8,D
2024-08-25,2024,Sanfrecce Hiroshima,Kashiwa Reysol,2,0,H,U,1.66,3.85,4.97,14,2.0,2.0,1.0,1.0,5.0,9.0,-4.0,4.0,6.0,-2.0,1.0,3.0,-2.0,1.0,1.0,0.0,1.0,0.0,1.0,53.8,23.1,30.8,30.8,H
2024-08-25,2024,Iwata,Hokkaido Consadole Sapporo,0,2,A,U,2.49,3.43,2.72,14,2.0,1.0,1.0,3.0,8.0,6.0,2.0,5.0,9.0,-4.0,3.0,-3.0,6.0,1.0,0.0,1.0,0.0,1.0,-1.0,38.5,38.5,7.7,69.2,A
2024-08-25,2024,Albirex Niigata,Machida,0,0,D,U,2.92,3.23,2.44,14,1.0,2.0,1.0,0.0,9.0,4.0,5.0,8.0,1.0,7.0,1.0,3.0,-2.0,1.0,1.0,0.0,0.0,0.0,0.0,23.1,38.5,69.2,7.7,D
2024-08-24,2024,Yokohama F. Marinos,Cerezo Osaka,4,0,H,O,1.84,4.03,3.73,14,2.0,0.0,2.0,1.0,8.0,3.0,5.0,6.0,5.0,1.0,2.0,-2.0,4.0,1.0,0.0,1.0,0.0,1.0,-1.0,38.5,38.5,23.1,30.8,D
2024-08-24,2024,Shonan Bellmare,Nagoya Grampus,0,1,A,U,2.43,3.2,2.97,14,1.0,0.0,2.0,3.0,7.0,6.0,1.0,4.0,9.0,-5.0,3.0,-3.0,6.0,1.0,0.0,1.0,0.0,0.0,0.0,23.1,53.8,38.5,53.8,A
2024-08-24,2024,Kyoto,FC Tokyo,3,0,H,O,2.09,3.61,3.3,13,2.0,1.0,0.0,2.0,7.0,4.0,3.0,4.0,5.0,-1.0,3.0,-1.0,4.0,1.0,0.0,1.0,0.0,0.0,0.0,16.7,58.3,41.7,33.3,H
2024-08-24,2024,Gamba Osaka,Avispa Fukuoka,2,2,D,O,2.03,3.11,4.06,14,1.0,1.0,2.0,1.0,5.0,4.0,1.0,4.0,4.0,0.0,1.0,0.0,1.0,1.0,0.0,1.0,1.0,0.0,1.0,61.5,23.1,38.5,23.1,A
2024-08-17,2024,Vissel Kobe,Gamba Osaka,2,2,D,O,2.03,3.33,3.74,13,2.0,2.0,0.0,0.0,7.0,4.0,3.0,4.0,1.0,3.0,3.0,3.0,0.0,1.0,1.0,0.0,0.0,0.0,0.0,41.7,33.3,38.5,23.1,H
2024-08-17,2024,Shonan Bellmare,Kashiwa Reysol,1,2,A,O,2.67,3.35,2.57,13,1.0,1.0,2.0,2.0,6.0,8.0,-2.0,3.0,7.0,-4.0,3.0,1.0,2.0,1.0,1.0,0.0,0.0,0.0,0.0,25.0,50.0,25.0,33.3,D
2024-08-17,2024,Nagoya Grampus,Sanfrecce Hiroshima,1,2,A,O,4.04,3.32,1.96,14,2.0,3.0,1.0,0.0,4.0,7.0,-3.0,3.0,2.0,1.0,1.0,5.0,-4.0,0.0,1.0,-1.0,0.0,0.0,0.0,38.5,38.5,38.5,7.7,D
2024-08-17,2024,Machida,Iwata,4,0,H,O,1.53,4.15,5.97,14,1.0,0.0,2.0,2.0,2.0,3.0,-1.0,3.0,11.0,-8.0,-1.0,-8.0,7.0,0.0,0.0,0.0,0.0,2.0,-2.0,46.2,38.5,15.4,53.8,H
2024-08-17,2024,Kawasaki Frontale,Yokohama F. Marinos,1,3,A,O,2.05,4.08,3.05,14,1.0,2.0,0.0,2.0,6.0,4.0,2.0,3.0,7.0,-4.0,3.0,-3.0,6.0,1.0,0.0,1.0,0.0,1.0,-1.0,38.5,23.1,38.5,46.2,D
2024-08-17,2024,Kashima Antlers,Urawa Reds,0,0,D,U,2.18,3.44,3.21,14,3.0,1.0,0.0,1.0,7.0,3.0,4.0,1.0,3.0,-2.0,6.0,0.0,6.0,2.0,0.0,2.0,0.0,0.0,0.0,69.2,0.0,25.0,41.7,D
2024-08-17,2024,FC Tokyo,Verdy,0,0,D,U,3.05,3.28,2.35,15,2.0,2.0,2.0,2.0,3.0,3.0,0.0,4.0,5.0,-1.0,-1.0,-2.0,1.0,1.0,0.0,1.0,1.0,1.0,0.0,35.7,35.7,38.5,38.5,D
2024-08-17,2024,Cerezo Osaka,Kyoto,3,5,A,O,2.13,3.39,3.37,14,2.0,3.0,1.0,1.0,4.0,5.0,-1.0,3.0,4.0,-1.0,1.0,1.0,0.0,0.0,0.0,0.0,0.0,1.0,-1.0,46.2,15.4,35.7,35.7,A
2024-08-17,2024,Avispa Fukuoka,Albirex Niigata,0,1,A,U,2.76,2.96,2.75,14,2.0,2.0,2.0,1.0,5.0,4.0,1.0,4.0,4.0,0.0,1.0,0.0,1.0,1.0,0.0,1.0,0.0,1.0,-1.0,30.8,30.8,38.5,38.5,D
2024-08-16,2024,Hokkaido Consadole Sapporo,Sagan Tosu,5,3,H,O,2.17,3.73,3.0,14,0.0,2.0,2.0,2.0,3.0,5.0,-2.0,5.0,7.0,-2.0,-2.0,-2.0,0.0,0.0,0.0,0.0,0.0,1.0,-1.0,15.4,53.8,25.0,66.7,H
2024-08-12,2024,Albirex Niigata,Kyoto,2,0,H,U,2.03,3.46,3.58,13,0.0,3.0,2.0,1.0,8.0,5.0,3.0,10.0,5.0,5.0,-2.0,0.0,-2.0,0.0,0.0,0.0,0.0,1.0,-1.0,16.7,41.7,38.5,30.8,H
2024-08-11,2024,Yokohama F. Marinos,Vissel Kobe,1,2,A,O,2.45,3.68,2.63,13,2.0,1.0,2.0,2.0,8.0,5.0,3.0,6.0,7.0,-1.0,2.0,-2.0,4.0,1.0,1.0,0.0,0.0,1.0,-1.0,41.7,33.3,53.8,23.1,D
2024-08-11,2024,Sanfrecce Hiroshima,Cerezo Osaka,2,0,H,U,1.63,3.9,5.17,13,2.0,0.0,1.0,0.0,7.0,4.0,3.0,5.0,4.0,1.0,2.0,0.0,2.0,1.0,0.0,1.0,1.0,0.0,1.0,50.0,25.0,25.0,25.0,D
2024-08-11,2024,Sagan Tosu,Urawa Reds,1,1,D,U,3.38,3.76,2.0,14,1.0,1.0,3.0,1.0,5.0,3.0,2.0,10.0,3.0,7.0,-5.0,0.0,-5.0,1.0,0.0,1.0,3.0,0.0,3.0,30.8,61.5,27.3,45.5,D
2024-08-11,2024,Nagoya Grampus,Verdy,1,0,H,U,2.5,3.05,2.99,13,1.0,2.0,1.0,2.0,4.0,4.0,0.0,4.0,8.0,-4.0,0.0,-4.0,4.0,0.0,0.0,0.0,0.0,2.0,-2.0,33.3,41.7,41.7,33.3,H
2024-08-11,2024,Machida,Shonan Bellmare,0,1,A,U,1.99,3.49,3.66,13,1.0,2.0,2.0,0.0,3.0,6.0,-3.0,5.0,4.0,1.0,-2.0,2.0,-4.0,0.0,0.0,0.0,1.0,0.0,1.0,50.0,33.3,23.1,38.5,D
2024-08-11,2024,Kashiwa Reysol,Gamba Osaka,0,0,D,U,2.11,3.45,3.36,13,1.0,3.0,3.0,0.0,5.0,5.0,0.0,8.0,1.0,7.0,-3.0,4.0,-7.0,0.0,1.0,-1.0,1.0,0.0,1.0,33.3,41.7,41.7,25.0,D
2024-08-11,2024,Iwata,Kashima Antlers,2,1,H,O,4.91,3.81,1.68,13,1.0,1.0,1.0,2.0,7.0,7.0,0.0,5.0,9.0,-4.0,2.0,-2.0,4.0,1.0,1.0,0.0,0.0,2.0,-2.0,33.3,41.7,41.7,50.0,A
2024-08-11,2024,FC Tokyo,Kawasaki Frontale,0,3,A,O,3.41,3.72,2.0,14,2.0,1.0,1.0,1.0,4.0,7.0,-3.0,2.0,7.0,-5.0,2.0,0.0,2.0,1.0,0.0,1.0,0.0,0.0,0.0,38.5,30.8,16.7,41.7,A
2024-08-10,2024,Hokkaido Consadole Sapporo,Avispa Fukuoka,2,2,D,O,2.43,3.21,2.95,13,0.0,1.0,3.0,1.0,1.0,2.0,-1.0,6.0,2.0,4.0,-5.0,0.0,-5.0,0.0,0.0,0.0,1.0,0.0,1.0,16.7,58.3,41.7,25.0,A
2024-08-07,2024,Yokohama F. Marinos,Hokkaido Consadole Sapporo,3,2,H,O,1.65,4.43,4.3,12,2.0,1.0,2.0,3.0,8.0,4.0,4.0,6.0,8.0,-2.0,2.0,-4.0,6.0,1.0,0.0,1.0,0.0,2.0,-2.0,36.4,36.4,8.3,66.7,H
2024-08-07,2024,Verdy,Sanfrecce Hiroshima,0,1,A,U,4.41,3.69,1.77,13,2.0,2.0,1.0,1.0,7.0,8.0,-1.0,5.0,5.0,0.0,2.0,3.0,-1.0,1.0,1.0,0.0,0.0,0.0,0.0,25.0,16.7,33.3,8.3,D
2024-08-07,2024,Shonan Bellmare,Avispa Fukuoka,1,1,D,U,2.23,3.16,3.37,12,1.0,2.0,3.0,1.0,6.0,3.0,3.0,4.0,1.0,3.0,2.0,2.0,0.0,1.0,1.0,0.0,0.0,0.0,0.0,27.3,54.5,45.5,27.3,D
2024-08-07,2024,Kyoto,Nagoya Grampus,3,2,H,O,3.01,3.16,2.42,12,1.0,0.0,0.0,3.0,5.0,4.0,1.0,3.0,7.0,-4.0,2.0,-3.0,5.0,1.0,0.0,1.0,0.0,0.0,0.0,9.1,63.6,41.7,50.0,A
2024-08-07,2024,Kawasaki Frontale,Vissel Kobe,3,0,H,O,2.91,3.6,2.28,13,1.0,1.0,0.0,1.0,5.0,6.0,-1.0,4.0,5.0,-1.0,1.0,1.0,0.0,0.0,1.0,-1.0,0.0,0.0,0.0,33.3,25.0,58.3,16.7,D
2024-08-07,2024,Kashima Antlers,Sagan Tosu,3,0,H,O,1.6,4.23,4.96,13,2.0,2.0,0.0,2.0,5.0,5.0,0.0,2.0,6.0,-4.0,3.0,-1.0,4.0,1.0,0.0,1.0,0.0,1.0,-1.0,66.7,0.0,27.3,63.6,H
2024-08-07,2024,Gamba Osaka,FC Tokyo,0,0,D,U,2.07,3.29,3.67,13,2.0,2.0,2.0,2.0,7.0,5.0,2.0,5.0,5.0,0.0,2.0,0.0,2.0,1.0,0.0,1.0,1.0,0.0,1.0,66.7,25.0,45.5,36.4,D
2024-08-07,2024,Cerezo Osaka,Machida,0,0,D,U,3.06,3.19,2.37,13,3.0,3.0,1.0,0.0,6.0,7.0,-1.0,4.0,2.0,2.0,2.0,5.0,-3.0,0.0,2.0,-2.0,0.0,0.0,0.0,50.0,16.7,75.0,8.3,D
2024-08-07,2024,Albirex Niigata,Iwata,2,2,D,O,1.78,3.7,4.36,12,1.0,0.0,2.0,3.0,9.0,1.0,8.0,9.0,11.0,-2.0,0.0,-10.0,10.0,1.0,0.0,1.0,0.0,3.0,-3.0,18.2,45.5,16.7,58.3,H
2024-07-21,2024,Sagan Tosu,Sanfrecce Hiroshima,1,4,A,O,4.81,4.09,1.64,13,1.0,1.0,3.0,1.0,4.0,5.0,-1.0,7.0,5.0,2.0,-3.0,0.0,-3.0,1.0,0.0,1.0,2.0,0.0,2.0,33.3,58.3,27.3,9.1,A
2024-07-20,2024,Vissel Kobe,Nagoya Grampus,3,3,D,O,1.68,3.8,4.92,12,2.0,0.0,1.0,4.0,4.0,2.0,2.0,2.0,6.0,-4.0,2.0,-4.0,6.0,1.0,0.0,1.0,0.0,0.0,0.0,45.5,36.4,45.5,54.5,D
2024-07-20,2024,Urawa Reds,Hokkaido Consadole Sapporo,3,4,A,O,1.71,4.01,4.4,13,1.0,0.0,1.0,4.0,8.0,3.0,5.0,6.0,10.0,-4.0,2.0,-7.0,9.0,1.0,0.0,1.0,0.0,3.0,-3.0,50.0,25.0,0.0,72.7,A
2024-07-20,2024,Machida,Yokohama F. Marinos,1,2,A,O,2.09,3.69,3.22,12,2.0,1.0,1.0,3.0,7.0,4.0,3.0,3.0,9.0,-6.0,4.0,-5.0,9.0,1.0,0.0,1.0,1.0,1.0,0.0,54.5,27.3,33.3,50.0,A
2024-07-20,2024,Kashiwa Reysol,Kawasaki Frontale,2,3,A,O,2.37,3.66,2.73,12,2.0,0.0,2.0,2.0,5.0,5.0,0.0,6.0,8.0,-2.0,-1.0,-3.0,2.0,0.0,0.0,0.0,1.0,1.0,0.0,36.4,36.4,9.1,45.5,A
2024-07-20,2024,Kashima Antlers,FC Tokyo,2,1,H,O,1.7,3.88,4.65,12,2.0,2.0,0.0,2.0,6.0,5.0,1.0,3.0,6.0,-3.0,3.0,-1.0,4.0,1.0,0.0,1.0,0.0,1.0,-1.0,63.6,0.0,50.0,30.0,D
2024-07-20,2024,Iwata,Kyoto,1,2,A,O,2.75,3.18,2.61,12,2.0,2.0,0.0,1.0,9.0,4.0,5.0,5.0,5.0,0.0,4.0,-1.0,5.0,1.0,0.0,1.0,0.0,1.0,-1.0,36.4,36.4,33.3,33.3,H
2024-07-20,2024,Gamba Osaka,Shonan Bellmare,0,1,A,U,2.23,3.34,3.2,12,3.0,1.0,1.0,1.0,9.0,7.0,2.0,5.0,7.0,-2.0,4.0,0.0,4.0,1.0,0.0,1.0,1.0,0.0,1.0,72.7,18.2,16.7,41.7,D
2024-07-20,2024,Cerezo Osaka,Albirex Niigata,1,2,A,O,2.02,3.44,3.62,12,3.0,1.0,0.0,1.0,6.0,3.0,3.0,3.0,4.0,-1.0,3.0,-1.0,4.0,0.0,0.0,0.0,0.0,1.0,-1.0,54.5,9.1,33.3,41.7,A
2024-07-20,2024,Avispa Fukuoka,Verdy,0,1,A,U,2.54,2.96,3.04,13,2.0,2.0,2.0,2.0,5.0,4.0,1.0,6.0,8.0,-2.0,-1.0,-4.0,3.0,1.0,0.0,1.0,1.0,2.0,-1.0,33.3,25.0,36.4,36.4,A
2024-07-14,2024,Yokohama F. Marinos,Kashima Antlers,4,1,H,O,2.66,3.71,2.4,11,1.0,2.0,3.0,1.0,5.0,9.0,-4.0,8.0,6.0,2.0,-3.0,3.0,-6.0,0.0,2.0,-2.0,1.0,1.0,0.0,30.0,40.0,45.5,45.5,D
2024-07-14,2024,Verdy,Machida,0,1,A,U,3.89,3.21,2.03,12,2.0,3.0,0.0,0.0,7.0,8.0,-1.0,4.0,3.0,1.0,3.0,5.0,-2.0,1.0,2.0,-1.0,0.0,0.0,0.0,27.3,9.1,72.7,9.1,A
2024-07-14,2024,Shonan Bellmare,Iwata,5,0,H,O,2.01,3.55,3.54,11,1.0,0.0,3.0,3.0,3.0,1.0,2.0,5.0,7.0,-2.0,-2.0,-6.0,4.0,0.0,0.0,0.0,0.0,2.0,-2.0,20.0,60.0,18.2,54.5,H
2024-07-14,2024,Sanfrecce Hiroshima,Avispa Fukuoka,1,0,H,U,1.53,4.0,6.2,12,2.0,3.0,1.0,0.0,8.0,5.0,3.0,5.0,1.0,4.0,3.0,4.0,-1.0,2.0,1.0,1.0,1.0,0.0,1.0,45.5,27.3,50.0,20.0,D
2024-07-14,2024,Sagan Tosu,Gamba Osaka,0,2,A,U,3.38,3.57,2.06,12,1.0,2.0,3.0,0.0,4.0,3.0,1.0,7.0,1.0,6.0,-3.0,2.0,-5.0,1.0,0.0,1.0,2.0,0.0,2.0,36.4,54.5,36.4,27.3,A
2024-07-14,2024,Nagoya Grampus,Kashiwa Reysol,2,1,H,O,2.73,3.07,2.7,12,1.0,1.0,1.0,2.0,5.0,7.0,-2.0,4.0,9.0,-5.0,1.0,-2.0,3.0,1.0,1.0,0.0,0.0,1.0,-1.0,27.3,45.5,27.3,27.3,A
2024-07-14,2024,Kyoto,Urawa Reds,0,0,D,U,3.46,3.68,2.0,11,1.0,2.0,1.0,1.0,5.0,7.0,-2.0,8.0,5.0,3.0,-3.0,2.0,-5.0,1.0,1.0,0.0,1.0,0.0,1.0,10.0,70.0,30.0,50.0,D
2024-07-14,2024,Kawasaki Frontale,Cerezo Osaka,1,1,D,U,2.27,3.59,2.92,12,1.0,1.0,0.0,0.0,5.0,6.0,-1.0,4.0,3.0,1.0,1.0,3.0,-2.0,0.0,1.0,-1.0,0.0,0.0,0.0,36.4,27.3,27.3,27.3,H
2024-07-13,2024,Hokkaido Consadole Sapporo,Vissel Kobe,1,1,D,U,6.17,4.25,1.51,12,1.0,1.0,3.0,2.0,1.0,5.0,-4.0,5.0,5.0,0.0,-4.0,0.0,-4.0,0.0,1.0,-1.0,1.0,0.0,1.0,18.2,63.6,63.6,18.2,H
2024-07-13,2024,FC Tokyo,Albirex Niigata,2,0,H,U,2.21,3.53,3.06,13,1.0,2.0,2.0,0.0,2.0,6.0,-4.0,3.0,3.0,0.0,-1.0,3.0,-4.0,0.0,1.0,-1.0,0.0,0.0,0.0,33.3,33.3,36.4,36.4,H
2024-07-07,2024,Avispa Fukuoka,Kyoto,1,2,A,O,1.93,3.1,4.42,12,2.0,1.0,1.0,2.0,5.0,2.0,3.0,5.0,7.0,-2.0,0.0,-5.0,5.0,1.0,0.0,1.0,1.0,2.0,-1.0,36.4,18.2,27.3,36.4,D
2024-07-06,2024,Verdy,Cerezo Osaka,1,1,D,U,3.06,3.12,2.39,11,3.0,1.0,0.0,1.0,9.0,6.0,3.0,5.0,4.0,1.0,4.0,2.0,2.0,1.0,1.0,0.0,0.0,0.0,0.0,30.0,10.0,30.0,30.0,D
2024-07-06,2024,Urawa Reds,Shonan Bellmare,2,3,A,O,1.68,3.83,4.73,12,1.0,0.0,1.0,2.0,7.0,5.0,2.0,5.0,7.0,-2.0,2.0,-2.0,4.0,1.0,0.0,1.0,0.0,0.0,0.0,54.5,18.2,9.1,45.5,A
2024-07-06,2024,Machida,Nagoya Grampus,1,0,H,U,1.83,3.44,4.35,11,2.0,1.0,1.0,3.0,8.0,4.0,4.0,4.0,5.0,-1.0,4.0,-1.0,5.0,1.0,1.0,0.0,1.0,0.0,1.0,50.0,30.0,50.0,50.0,H
2024-07-06,2024,Kashiwa Reysol,FC Tokyo,3,2,H,O,1.85,3.69,3.91,11,2.0,3.0,2.0,1.0,4.0,5.0,-1.0,5.0,4.0,1.0,-1.0,1.0,-2.0,0.0,0.0,0.0,1.0,1.0,0.0,30.0,40.0,55.6,22.2,H
2024-07-06,2024,Kashima Antlers,Hokkaido Consadole Sapporo,2,0,H,U,1.49,4.25,6.28,11,2.0,0.0,0.0,4.0,5.0,4.0,1.0,3.0,10.0,-7.0,2.0,-6.0,8.0,0.0,0.0,0.0,0.0,2.0,-2.0,60.0,0.0,0.0,70.0,D
2024-07-06,2024,Iwata,Kawasaki Frontale,2,2,D,O,3.14,3.56,2.14,11,2.0,0.0,0.0,3.0,8.0,5.0,3.0,4.0,11.0,-7.0,4.0,-6.0,10.0,1.0,0.0,1.0,0.0,2.0,-2.0,40.0,40.0,10.0,50.0,H
2024-07-06,2024,Gamba Osaka,Yokohama F. Marinos,4,0,H,O,2.32,3.64,2.78,11,3.0,1.0,1.0,2.0,8.0,5.0,3.0,6.0,6.0,0.0,2.0,-1.0,3.0,1.0,0.0,1.0,1.0,0.0,1.0,70.0,20.0,36.4,45.5,H
2024-07-06,2024,Albirex Niigata,Sagan Tosu,3,4,A,O,1.84,3.8,3.87,11,1.0,2.0,2.0,2.0,8.0,4.0,4.0,9.0,3.0,6.0,-1.0,1.0,-2.0,1.0,1.0,0.0,1.0,1.0,0.0,20.0,40.0,20.0,70.0,A
2024-07-05,2024,Sanfrecce Hiroshima,Vissel Kobe,1,3,A,O,2.12,3.38,3.33,11,2.0,1.0,1.0,2.0,8.0,6.0,2.0,5.0,5.0,0.0,3.0,1.0,2.0,2.0,1.0,1.0,1.0,0.0,1.0,50.0,20.0,60.0,20.0,D
2024-07-03,2024,Yokohama F. Marinos,Sagan Tosu,0,1,A,U,1.47,4.75,5.72,10,2.0,1.0,2.0,3.0,9.0,4.0,5.0,7.0,5.0,2.0,2.0,-1.0,3.0,1.0,1.0,0.0,1.0,1.0,0.0,33.3,33.3,11.1,77.8,D
2024-06-30,2024,Vissel Kobe,Kashima Antlers,3,1,H,O,1.98,3.31,3.88,11,2.0,3.0,1.0,0.0,2.0,10.0,-8.0,1.0,4.0,-3.0,1.0,6.0,-5.0,0.0,2.0,-2.0,0.0,0.0,0.0,40.0,40.0,50.0,40.0,H
2024-06-30,2024,Urawa Reds,Iwata,3,0,H,O,1.79,3.61,4.36,11,1.0,0.0,1.0,3.0,7.0,3.0,4.0,5.0,7.0,-2.0,2.0,-4.0,6.0,1.0,0.0,1.0,0.0,1.0,-1.0,50.0,20.0,20.0,50.0,H
2024-06-30,2024,Shonan Bellmare,Kyoto,0,1,A,U,2.01,3.46,3.59,10,1.0,0.0,2.0,3.0,3.0,2.0,1.0,4.0,9.0,-5.0,-1.0,-7.0,6.0,0.0,0.0,0.0,0.0,2.0,-2.0,22.2,55.6,20.0,40.0,A
2024-06-30,2024,Sagan Tosu,Kashiwa Reysol,1,4,A,O,4.02,3.76,1.82,11,2.0,0.0,2.0,2.0,8.0,4.0,4.0,5.0,9.0,-4.0,3.0,-5.0,8.0,2.0,0.0,2.0,1.0,1.0,0.0,40.0,50.0,20.0,30.0,H
2024-06-30,2024,Gamba Osaka,Machida,1,3,A,O,3.05,3.11,2.41,10,4.0,2.0,0.0,0.0,8.0,5.0,3.0,3.0,2.0,1.0,5.0,3.0,2.0,1.0,1.0,0.0,0.0,0.0,0.0,77.8,11.1,70.0,10.0,D
2024-06-30,2024,FC Tokyo,Avispa Fukuoka,0,1,A,U,2.61,2.97,2.91,12,1.0,2.0,1.0,1.0,3.0,4.0,-1.0,3.0,2.0,1.0,0.0,2.0,-2.0,0.0,1.0,-1.0,0.0,0.0,0.0,36.4,27.3,44.4,22.2,D
2024-06-30,2024,Cerezo Osaka,Nagoya Grampus,2,1,H,O,2.26,3.08,3.37,11,2.0,2.0,1.0,2.0,5.0,6.0,-1.0,6.0,5.0,1.0,-1.0,1.0,-2.0,0.0,1.0,-1.0,1.0,0.0,1.0,50.0,10.0,55.6,44.4,H
2024-06-29,2024,Yokohama F. Marinos,Verdy,1,2,A,O,1.68,4.0,4.56,9,2.0,1.0,1.0,3.0,9.0,2.0,7.0,6.0,12.0,-6.0,3.0,-10.0,13.0,1.0,0.0,1.0,1.0,3.0,-2.0,37.5,25.0,30.0,40.0,A
2024-06-29,2024,Kawasaki Frontale,Sanfrecce Hiroshima,1,1,D,U,3.16,3.66,2.11,11,2.0,2.0,0.0,1.0,7.0,9.0,-2.0,3.0,4.0,-1.0,4.0,5.0,-1.0,1.0,1.0,0.0,0.0,0.0,0.0,40.0,30.0,30.0,10.0,H
2024-06-29,2024,Hokkaido Consadole Sapporo,Albirex Niigata,0,1,A,U,3.01,3.29,2.33,11,1.0,1.0,3.0,1.0,2.0,6.0,-4.0,6.0,5.0,1.0,-4.0,1.0,-5.0,0.0,1.0,-1.0,1.0,0.0,1.0,20.0,60.0,30.0,40.0,D
2024-06-26,2024,Vissel Kobe,Machida,0,0,D,U,2.25,3.28,3.17,10,3.0,3.0,1.0,0.0,5.0,8.0,-3.0,3.0,2.0,1.0,2.0,6.0,-4.0,0.0,2.0,-2.0,0.0,0.0,0.0,44.4,44.4,77.8,11.1,D
2024-06-26,2024,Sanfrecce Hiroshima,Albirex Niigata,1,1,D,U,1.4,4.71,7.13,10,2.0,1.0,2.0,2.0,9.0,7.0,2.0,7.0,7.0,0.0,2.0,0.0,2.0,2.0,1.0,1.0,1.0,0.0,1.0,55.6,22.2,33.3,44.4,D
2024-06-26,2024,Nagoya Grampus,Urawa Reds,0,1,A,U,2.52,3.11,2.9,11,1.0,1.0,1.0,2.0,5.0,7.0,-2.0,4.0,8.0,-4.0,1.0,-1.0,2.0,1.0,1.0,0.0,0.0,1.0,-1.0,30.0,40.0,22.2,55.6,A
2024-06-26,2024,Kyoto,Kashiwa Reysol,2,2,D,O,3.73,3.44,1.98,10,1.0,0.0,2.0,2.0,5.0,5.0,0.0,9.0,10.0,-1.0,-4.0,-5.0,1.0,1.0,0.0,1.0,1.0,1.0,0.0,11.1,77.8,22.2,33.3,D
2024-06-26,2024,Kawasaki Frontale,Shonan Bellmare,1,1,D,U,2.06,3.61,3.33,10,3.0,0.0,0.0,3.0,9.0,5.0,4.0,3.0,9.0,-6.0,6.0,-4.0,10.0,2.0,0.0,2.0,0.0,1.0,-1.0,44.4,33.3,10.0,50.0,D
2024-06-26,2024,Kashima Antlers,Gamba Osaka,0,0,D,U,1.99,3.29,3.84,10,2.0,3.0,0.0,0.0,8.0,4.0,4.0,6.0,1.0,5.0,2.0,3.0,-1.0,0.0,0.0,0.0,0.0,0.0,0.0,66.7,0.0,40.0,30.0,D
2024-06-26,2024,Iwata,Verdy,3,0,H,O,2.77,3.11,2.61,10,1.0,1.0,1.0,2.0,5.0,5.0,0.0,7.0,12.0,-5.0,-2.0,-7.0,5.0,0.0,0.0,0.0,1.0,2.0,-1.0,33.3,44.4,33.3,33.3,D
2024-06-26,2024,FC Tokyo,Hokkaido Consadole Sapporo,1,0,H,U,1.92,3.6,3.74,11,0.0,0.0,1.0,4.0,5.0,4.0,1.0,6.0,12.0,-6.0,-1.0,-8.0,7.0,0.0,0.0,0.0,0.0,3.0,-3.0,30.0,30.0,0.0,66.7,D
2024-06-26,2024,Cerezo Osaka,Sagan Tosu,1,0,H,U,1.71,3.84,4.55,10,1.0,1.0,1.0,2.0,5.0,5.0,0.0,7.0,5.0,2.0,-2.0,0.0,-2.0,0.0,1.0,-1.0,1.0,1.0,0.0,44.4,11.1,12.5,75.0,H
2024-06-26,2024,Avispa Fukuoka,Yokohama F. Marinos,2,1,H,O,2.37,3.33,2.93,11,2.0,1.0,1.0,2.0,4.0,5.0,-1.0,4.0,7.0,-3.0,0.0,-2.0,2.0,1.0,0.0,1.0,1.0,1.0,0.0,30.0,20.0,40.0,40.0,H
2024-06-23,2024,Hokkaido Consadole Sapporo,Yokohama F. Marinos,0,1,A,U,3.23,3.96,1.99,10,1.0,0.0,2.0,3.0,5.0,5.0,0.0,8.0,9.0,-1.0,-3.0,-4.0,1.0,0.0,0.0,0.0,1.0,1.0,0.0,22.2,55.6,33.3,44.4,D
2024-06-22,2024,Verdy,Nagoya Grampus,1,0,H,U,2.88,2.97,2.64,10,2.0,2.0,0.0,2.0,8.0,7.0,1.0,5.0,6.0,-1.0,3.0,1.0,2.0,1.0,1.0,0.0,0.0,0.0,0.0,22.2,11.1,62.5,37.5,D
2024-06-22,2024,Urawa Reds,Kashima Antlers,2,2,D,O,2.26,3.34,3.1,10,2.0,4.0,1.0,0.0,7.0,10.0,-3.0,4.0,3.0,1.0,3.0,7.0,-4.0,1.0,2.0,-1.0,0.0,0.0,0.0,55.6,22.2,55.6,44.4,A
2024-06-22,2024,Shonan Bellmare,FC Tokyo,0,1,A,U,2.38,3.38,2.87,9,2.0,3.0,1.0,1.0,5.0,7.0,-2.0,4.0,5.0,-1.0,1.0,2.0,-1.0,0.0,1.0,-1.0,0.0,1.0,-1.0,25.0,50.0,50.0,25.0,D
2024-06-22,2024,Sagan Tosu,Kyoto,3,0,H,O,2.67,3.35,2.55,10,1.0,1.0,3.0,2.0,5.0,3.0,2.0,7.0,6.0,1.0,-2.0,-3.0,1.0,1.0,0.0,1.0,2.0,1.0,1.0,33.3,55.6,22.2,33.3,D
2024-06-22,2024,Machida,Avispa Fukuoka,0,0,D,U,1.74,3.37,5.24,10,3.0,3.0,1.0,1.0,10.0,7.0,3.0,4.0,4.0,0.0,6.0,3.0,3.0,2.0,1.0,1.0,1.0,0.0,1.0,55.6,33.3,50.0,25.0,D
2024-06-22,2024,Kashiwa Reysol,Sanfrecce Hiroshima,0,1,A,U,3.63,3.54,1.97,10,2.0,1.0,2.0,1.0,5.0,9.0,-4.0,6.0,5.0,1.0,-1.0,4.0,-5.0,0.0,1.0,-1.0,1.0,0.0,1.0,33.3,33.3,22.2,11.1,A
2024-06-22,2024,Iwata,Cerezo Osaka,1,1,D,U,3.07,3.31,2.3,9,2.0,1.0,1.0,2.0,6.0,5.0,1.0,6.0,4.0,2.0,0.0,1.0,-1.0,1.0,1.0,0.0,1.0,0.0,1.0,37.5,50.0,33.3,33.3,D
2024-06-22,2024,Gamba Osaka,Vissel Kobe,2,1,H,O,3.39,3.26,2.16,9,3.0,2.0,1.0,1.0,7.0,7.0,0.0,4.0,3.0,1.0,3.0,4.0,-1.0,1.0,2.0,-1.0,0.0,0.0,0.0,75.0,12.5,66.7,11.1,D
2024-06-22,2024,Albirex Niigata,Kawasaki Frontale,2,2,D,O,2.32,3.56,2.85,10,1.0,0.0,2.0,3.0,7.0,4.0,3.0,8.0,10.0,-2.0,-1.0,-6.0,5.0,1.0,0.0,1.0,1.0,2.0,-1.0,22.2,44.4,11.1,55.6,A
2024-06-19,2024,Yokohama F. Marinos,Sanfrecce Hiroshima,3,2,H,O,3.68,4.0,1.84,8,1.0,1.0,1.0,0.0,8.0,8.0,0.0,6.0,3.0,3.0,2.0,5.0,-3.0,1.0,1.0,0.0,1.0,0.0,1.0,28.6,28.6,25.0,0.0,D
2024-06-16,2024,Vissel Kobe,Kawasaki Frontale,1,0,H,U,1.87,3.82,3.75,9,2.0,0.0,2.0,2.0,4.0,6.0,-2.0,4.0,11.0,-7.0,0.0,-5.0,5.0,0.0,0.0,0.0,0.0,2.0,-2.0,37.5,50.0,12.5,50.0,H
2024-06-16,2024,Nagoya Grampus,Shonan Bellmare,1,1,D,U,1.99,3.38,3.79,10,1.0,0.0,2.0,3.0,4.0,7.0,-3.0,5.0,11.0,-6.0,-1.0,-4.0,3.0,1.0,0.0,1.0,1.0,1.0,0.0,33.3,44.4,11.1,55.6,H
2024-06-16,2024,Kashima Antlers,Albirex Niigata,1,1,D,U,1.87,3.48,4.16,9,3.0,2.0,0.0,2.0,10.0,7.0,3.0,6.0,6.0,0.0,4.0,1.0,3.0,1.0,1.0,0.0,0.0,0.0,0.0,75.0,0.0,37.5,50.0,A
2024-06-16,2024,Gamba Osaka,Kashiwa Reysol,2,1,H,O,2.2,3.25,3.32,8,3.0,0.0,1.0,2.0,7.0,4.0,3.0,4.0,10.0,-6.0,3.0,-6.0,9.0,1.0,0.0,1.0,0.0,2.0,-2.0,71.4,14.3,25.0,25.0,H
2024-06-16,2024,FC Tokyo,Iwata,1,1,D,U,1.95,3.46,3.81,10,1.0,0.0,1.0,3.0,6.0,3.0,3.0,6.0,7.0,-1.0,0.0,-4.0,4.0,0.0,0.0,0.0,0.0,1.0,-1.0,33.3,33.3,22.2,55.6,A
2024-06-16,2024,Avispa Fukuoka,Sagan Tosu,2,0,H,U,2.19,3.14,3.49,10,1.0,1.0,1.0,2.0,4.0,6.0,-2.0,6.0,5.0,1.0,-2.0,1.0,-3.0,0.0,1.0,-1.0,1.0,0.0,1.0,22.2,22.2,14.3,71.4,H
2024-06-15,2024,Yokohama F. Marinos,Machida,1,3,A,O,2.92,3.62,2.25,7,2.0,2.0,0.0,1.0,9.0,5.0,4.0,3.0,3.0,0.0,6.0,2.0,4.0,2.0,1.0,1.0,0.0,1.0,-1.0,33.3,16.7,75.0,12.5,D
2024-06-15,2024,Sanfrecce Hiroshima,Verdy,4,1,H,O,1.49,4.16,6.54,9,1.0,2.0,2.0,1.0,7.0,6.0,1.0,8.0,8.0,0.0,-1.0,-2.0,1.0,1.0,1.0,0.0,1.0,1.0,0.0,50.0,25.0,37.5,25.0,H
2024-06-15,2024,Kyoto,Hokkaido Consadole Sapporo,2,0,H,U,2.14,3.4,3.31,9,0.0,0.0,3.0,3.0,3.0,5.0,-2.0,12.0,11.0,1.0,-9.0,-6.0,-3.0,0.0,0.0,0.0,2.0,2.0,0.0,0.0,87.5,0.0,62.5,H
2024-06-15,2024,Cerezo Osaka,Urawa Reds,2,1,H,O,2.63,3.29,2.63,9,0.0,1.0,1.0,2.0,5.0,6.0,-1.0,8.0,7.0,1.0,-3.0,-1.0,-2.0,0.0,1.0,-1.0,1.0,1.0,0.0,37.5,12.5,25.0,50.0,H
2024-06-02,2024,Verdy,Hokkaido Consadole Sapporo,5,3,H,O,2.17,3.32,3.31,9,1.0,0.0,0.0,2.0,5.0,3.0,2.0,4.0,7.0,-3.0,1.0,-4.0,5.0,0.0,0.0,0.0,0.0,1.0,-1.0,12.5,12.5,0.0,57.1,H
2024-06-02,2024,Kawasaki Frontale,Nagoya Grampus,2,1,H,O,2.26,3.44,3.02,9,2.0,3.0,0.0,1.0,7.0,7.0,0.0,2.0,4.0,-2.0,5.0,3.0,2.0,2.0,1.0,1.0,0.0,0.0,0.0,37.5,37.5,71.4,28.6,H
2024-06-02,2024,Kashiwa Reysol,Avispa Fukuoka,0,2,A,U,2.04,3.19,3.83,9,2.0,2.0,1.0,1.0,6.0,5.0,1.0,5.0,4.0,1.0,1.0,1.0,0.0,0.0,0.0,0.0,0.0,0.0,0.0,37.5,25.0,42.9,28.6,A
2024-06-01,2024,Urawa Reds,Vissel Kobe,1,1,D,U,2.91,3.33,2.37,9,3.0,3.0,1.0,1.0,8.0,7.0,1.0,4.0,2.0,2.0,4.0,5.0,-1.0,1.0,2.0,-1.0,0.0,0.0,0.0,62.5,25.0,75.0,12.5,A
2024-06-01,2024,Shonan Bellmare,Gamba Osaka,1,2,A,O,2.89,3.11,2.5,8,2.0,2.0,1.0,1.0,4.0,2.0,2.0,3.0,1.0,2.0,1.0,1.0,0.0,0.0,0.0,0.0,0.0,0.0,0.0,28.6,42.9,33.3,33.3,A
2024-06-01,2024,Sanfrecce Hiroshima,Iwata,2,0,H,U,1.37,4.82,7.75,8,1.0,0.0,2.0,2.0,7.0,5.0,2.0,8.0,7.0,1.0,-1.0,-2.0,1.0,1.0,0.0,1.0,1.0,0.0,1.0,42.9,28.6,25.0,50.0,H
2024-06-01,2024,Machida,Albirex Niigata,1,3,A,O,1.67,3.72,5.04,9,3.0,1.0,1.0,3.0,10.0,4.0,6.0,3.0,7.0,-4.0,7.0,-3.0,10.0,2.0,0.0,2.0,0.0,1.0,-1.0,62.5,25.0,28.6,57.1,A
2024-06-01,2024,Kyoto,Cerezo Osaka,1,1,D,U,3.72,3.35,2.01,8,0.0,1.0,4.0,3.0,2.0,5.0,-3.0,12.0,5.0,7.0,-10.0,0.0,-10.0,0.0,1.0,-1.0,2.0,0.0,2.0,0.0,100.0,37.5,37.5,A
2024-06-01,2024,Kashima Antlers,Yokohama F. Marinos,3,2,H,O,2.02,3.65,3.36,8,3.0,0.0,0.0,2.0,8.0,5.0,3.0,4.0,8.0,-4.0,4.0,-3.0,7.0,1.0,0.0,1.0,0.0,1.0,-1.0,71.4,0.0,37.5,37.5,A
2024-05-31,2024,Sagan Tosu,FC Tokyo,0,1,A,U,3.05,3.55,2.19,9,2.0,2.0,2.0,1.0,9.0,8.0,1.0,8.0,7.0,1.0,1.0,1.0,0.0,2.0,1.0,1.0,2.0,1.0,1.0,37.5,50.0,42.9,28.6,A
2024-05-29,2024,Yokohama F. Marinos,Kashiwa Reysol,4,0,H,O,2.44,3.59,2.64,6,1.0,0.0,0.0,1.0,5.0,5.0,0.0,3.0,7.0,-4.0,2.0,-2.0,4.0,1.0,0.0,1.0,0.0,1.0,-1.0,20.0,20.0,28.6,14.3,H
2024-05-26,2024,Vissel Kobe,Verdy,0,1,A,U,1.56,3.84,6.01,8,2.0,1.0,2.0,1.0,5.0,5.0,0.0,5.0,8.0,-3.0,0.0,-3.0,3.0,0.0,1.0,-1.0,0.0,1.0,-1.0,42.9,42.9,28.6,28.6,D
2024-05-26,2024,Urawa Reds,Machida,1,2,A,O,2.63,3.17,2.7,8,3.0,2.0,1.0,1.0,7.0,5.0,2.0,3.0,3.0,0.0,4.0,2.0,2.0,1.0,1.0,0.0,0.0,1.0,-1.0,71.4,14.3,71.4,14.3,D
2024-05-26,2024,Nagoya Grampus,Kyoto,1,1,D,U,1.86,3.37,4.33,9,2.0,1.0,2.0,3.0,5.0,2.0,3.0,5.0,6.0,-1.0,0.0,-4.0,4.0,1.0,0.0,1.0,1.0,1.0,0.0,37.5,50.0,25.0,37.5,A
2024-05-26,2024,FC Tokyo,Gamba Osaka,0,1,A,U,2.7,3.03,2.74,9,1.0,2.0,1.0,1.0,7.0,2.0,5.0,7.0,1.0,6.0,0.0,1.0,-1.0,0.0,0.0,0.0,0.0,0.0,0.0,37.5,25.0,25.0,37.5,D
2024-05-26,2024,Cerezo Osaka,Sanfrecce Hiroshima,1,1,D,U,3.68,3.33,2.03,8,1.0,1.0,1.0,0.0,5.0,8.0,-3.0,7.0,3.0,4.0,-2.0,5.0,-7.0,0.0,1.0,-1.0,1.0,0.0,1.0,42.9,14.3,28.6,0.0,D
2024-05-25,2024,Kawasaki Frontale,Kashiwa Reysol,1,1,D,U,2.07,3.59,3.32,8,2.0,0.0,1.0,1.0,6.0,5.0,1.0,2.0,7.0,-5.0,4.0,-2.0,6.0,2.0,0.0,2.0,0.0,1.0,-1.0,42.9,42.9,33.3,16.7,H
2024-05-25,2024,Iwata,Shonan Bellmare,3,2,H,O,2.98,3.24,2.37,8,1.0,0.0,2.0,2.0,3.0,7.0,-4.0,5.0,10.0,-5.0,-2.0,-3.0,1.0,1.0,0.0,1.0,1.0,1.0,0.0,28.6,57.1,12.5,50.0,A
2024-05-25,2024,Hokkaido Consadole Sapporo,Kashima Antlers,0,3,A,O,3.18,3.47,2.17,9,1.0,3.0,1.0,1.0,6.0,9.0,-3.0,6.0,7.0,-1.0,0.0,2.0,-2.0,0.0,1.0,-1.0,0.0,1.0,-1.0,25.0,50.0,50.0,50.0,A
2024-05-25,2024,Albirex Niigata,Avispa Fukuoka,1,2,A,O,2.24,3.0,3.5,9,1.0,1.0,2.0,1.0,7.0,3.0,4.0,9.0,3.0,6.0,-2.0,0.0,-2.0,1.0,0.0,1.0,2.0,0.0,2.0,25.0,37.5,33.3,33.3,A
2024-05-19,2024,Shonan Bellmare,Albirex Niigata,2,1,H,O,2.36,3.25,3.0,7,1.0,1.0,2.0,2.0,3.0,5.0,-2.0,4.0,7.0,-3.0,-1.0,-2.0,1.0,0.0,0.0,0.0,0.0,1.0,-1.0,16.7,50.0,33.3,50.0,D
2024-05-19,2024,Machida,Verdy,5,0,H,O,2.04,3.2,3.78,8,2.0,2.0,2.0,0.0,6.0,7.0,-1.0,5.0,4.0,1.0,1.0,3.0,-2.0,1.0,1.0,0.0,0.0,0.0,0.0,57.1,28.6,33.3,16.7,H
2024-05-19,2024,Kyoto,Sanfrecce Hiroshima,0,5,A,O,5.69,3.85,1.59,7,0.0,1.0,4.0,0.0,2.0,5.0,-3.0,10.0,4.0,6.0,-8.0,1.0,-9.0,0.0,0.0,0.0,2.0,0.0,2.0,0.0,100.0,16.7,0.0,A
2024-05-19,2024,Kashiwa Reysol,Hokkaido Consadole Sapporo,2,1,H,O,1.86,3.76,3.82,8,2.0,0.0,1.0,2.0,5.0,3.0,2.0,4.0,11.0,-7.0,1.0,-8.0,9.0,0.0,0.0,0.0,0.0,2.0,-2.0,28.6,28.6,0.0,50.0,H
2024-05-19,2024,Kashima Antlers,Vissel Kobe,1,0,H,U,3.16,3.26,2.27,7,3.0,4.0,0.0,0.0,8.0,9.0,-1.0,4.0,2.0,2.0,4.0,7.0,-3.0,1.0,2.0,-1.0,0.0,0.0,0.0,66.7,0.0,85.7,0.0,D
2024-05-19,2024,Iwata,Urawa Reds,1,1,D,U,3.85,3.65,1.88,7,2.0,1.0,2.0,3.0,4.0,6.0,-2.0,4.0,8.0,-4.0,0.0,-2.0,2.0,2.0,1.0,1.0,1.0,1.0,0.0,33.3,66.7,28.6,57.1,D
2024-05-19,2024,Gamba Osaka,Kawasaki Frontale,3,1,H,O,2.77,3.39,2.45,7,2.0,0.0,1.0,2.0,4.0,5.0,-1.0,3.0,9.0,-6.0,1.0,-4.0,5.0,0.0,0.0,0.0,0.0,1.0,-1.0,66.7,16.7,14.3,42.9,D
2024-05-19,2024,FC Tokyo,Yokohama F. Marinos,1,1,D,U,2.8,3.64,2.31,8,2.0,1.0,1.0,2.0,8.0,6.0,2.0,6.0,8.0,-2.0,2.0,-2.0,4.0,1.0,0.0,1.0,0.0,1.0,-1.0,42.9,28.6,42.9,42.9,A
2024-05-18,2024,Sagan Tosu,Nagoya Grampus,0,2,A,U,2.87,3.21,2.47,8,2.0,3.0,1.0,1.0,9.0,7.0,2.0,6.0,5.0,1.0,3.0,2.0,1.0,2.0,0.0,2.0,1.0,0.0,1.0,42.9,42.9,66.7,33.3,A
2024-05-18,2024,Avispa Fukuoka,Cerezo Osaka,0,3,A,O,2.57,2.91,3.03,9,1.0,1.0,0.0,3.0,5.0,3.0,2.0,4.0,5.0,-1.0,1.0,-2.0,3.0,0.0,0.0,0.0,0.0,0.0,0.0,25.0,12.5,28.6,42.9,A
2024-05-15,2024,Vissel Kobe,Avispa Fukuoka,1,0,H,U,1.51,3.81,7.17,7,2.0,1.0,2.0,1.0,10.0,4.0,6.0,6.0,4.0,2.0,4.0,0.0,4.0,1.0,0.0,1.0,0.0,0.0,0.0,33.3,50.0,40.0,20.0,D
2024-05-15,2024,Verdy,Gamba Osaka,0,0,D,U,2.6,3.11,2.78,8,1.0,2.0,0.0,2.0,6.0,2.0,4.0,5.0,3.0,2.0,1.0,-1.0,2.0,0.0,0.0,0.0,0.0,1.0,-1.0,14.3,14.3,28.6,42.9,D
2024-05-15,2024,Urawa Reds,Kyoto,3,0,H,O,1.64,3.9,5.04,7,3.0,1.0,1.0,2.0,7.0,2.0,5.0,3.0,3.0,0.0,4.0,-1.0,5.0,1.0,0.0,1.0,0.0,0.0,0.0,66.7,16.7,28.6,28.6,H
2024-05-15,2024,Sanfrecce Hiroshima,Kashima Antlers,1,3,A,O,1.65,3.9,4.91,7,1.0,2.0,1.0,2.0,7.0,6.0,1.0,6.0,8.0,-2.0,1.0,-2.0,3.0,1.0,0.0,1.0,0.0,2.0,-2.0,50.0,16.7,42.9,57.1,A
2024-05-15,2024,Sagan Tosu,Kawasaki Frontale,5,2,H,O,3.71,3.76,1.89,7,1.0,0.0,2.0,1.0,4.0,3.0,1.0,6.0,4.0,2.0,-2.0,-1.0,-1.0,1.0,0.0,1.0,2.0,0.0,2.0,33.3,50.0,16.7,33.3,H
2024-05-15,2024,Nagoya Grampus,FC Tokyo,3,1,H,O,2.47,3.13,2.93,8,1.0,2.0,2.0,1.0,2.0,7.0,-5.0,4.0,7.0,-3.0,-2.0,0.0,-2.0,0.0,1.0,-1.0,1.0,1.0,0.0,28.6,57.1,50.0,16.7,H
2024-05-15,2024,Machida,Cerezo Osaka,2,1,H,O,1.78,3.46,4.66,7,2.0,1.0,2.0,2.0,7.0,3.0,4.0,5.0,4.0,1.0,2.0,-1.0,3.0,2.0,0.0,2.0,0.0,0.0,0.0,50.0,33.3,33.3,33.3,D
2024-05-15,2024,Kashiwa Reysol,Shonan Bellmare,2,1,H,O,1.94,3.48,3.83,7,1.0,0.0,1.0,2.0,4.0,6.0,-2.0,4.0,10.0,-6.0,0.0,-4.0,4.0,0.0,0.0,0.0,0.0,2.0,-2.0,16.7,33.3,14.3,42.9,D
2024-05-15,2024,Hokkaido Consadole Sapporo,Iwata,1,0,H,U,2.0,3.63,3.45,8,1.0,1.0,1.0,1.0,6.0,8.0,-2.0,6.0,6.0,0.0,0.0,2.0,-2.0,0.0,1.0,-1.0,0.0,0.0,0.0,14.3,57.1,28.6,42.9,H
2024-05-15,2024,Albirex Niigata,Yokohama F. Marinos,3,1,H,O,2.4,3.52,2.76,8,0.0,1.0,2.0,2.0,5.0,6.0,-1.0,9.0,7.0,2.0,-4.0,-1.0,-3.0,0.0,0.0,0.0,2.0,0.0,2.0,14.3,42.9,50.0,33.3,A
2024-05-12,2024,Kashima Antlers,Verdy,3,3,D,O,1.85,3.34,4.44,6,4.0,2.0,0.0,1.0,7.0,5.0,2.0,2.0,3.0,-1.0,5.0,2.0,3.0,1.0,1.0,0.0,0.0,0.0,0.0,80.0,0.0,40.0,20.0,H
2024-05-11,2024,Shonan Bellmare,Machida,0,0,D,U,3.8,3.28,2.02,6,1.0,3.0,2.0,1.0,7.0,6.0,1.0,8.0,3.0,5.0,-1.0,3.0,-4.0,0.0,1.0,-1.0,0.0,1.0,-1.0,20.0,60.0,83.3,16.7,D
2024-05-11,2024,Nagoya Grampus,Gamba Osaka,0,1,A,U,2.35,2.96,3.34,7,2.0,1.0,1.0,3.0,4.0,1.0,3.0,4.0,4.0,0.0,0.0,-3.0,3.0,0.0,0.0,0.0,1.0,1.0,0.0,33.3,50.0,16.7,50.0,D
2024-05-11,2024,Kyoto,Avispa Fukuoka,2,3,A,O,3.02,2.92,2.55,6,0.0,1.0,4.0,1.0,2.0,2.0,0.0,10.0,2.0,8.0,-8.0,0.0,-8.0,0.0,0.0,0.0,2.0,0.0,2.0,0.0,100.0,25.0,25.0,D
2024-05-11,2024,Kawasaki Frontale,Hokkaido Consadole Sapporo,3,0,H,O,1.63,4.25,4.68,7,2.0,0.0,1.0,2.0,6.0,3.0,3.0,2.0,12.0,-10.0,4.0,-9.0,13.0,2.0,0.0,2.0,0.0,2.0,-2.0,33.3,50.0,0.0,40.0,H
2024-05-11,2024,Iwata,Sagan Tosu,0,3,A,O,1.91,3.63,3.74,6,2.0,0.0,2.0,3.0,4.0,3.0,1.0,2.0,8.0,-6.0,2.0,-5.0,7.0,2.0,0.0,2.0,0.0,1.0,-1.0,40.0,60.0,0.0,83.3,A
2024-05-11,2024,FC Tokyo,Kashiwa Reysol,3,3,D,O,2.7,3.12,2.68,7,3.0,1.0,1.0,1.0,7.0,3.0,4.0,4.0,4.0,0.0,3.0,-1.0,4.0,1.0,0.0,1.0,0.0,1.0,-1.0,50.0,33.3,40.0,20.0,H
2024-05-11,2024,Cerezo Osaka,Vissel Kobe,1,4,A,O,3.7,3.31,2.04,7,2.0,3.0,0.0,0.0,6.0,5.0,1.0,3.0,1.0,2.0,3.0,4.0,-1.0,1.0,1.0,0.0,0.0,0.0,0.0,50.0,0.0,83.3,0.0,A
2024-05-11,2024,Albirex Niigata,Urawa Reds,2,4,A,O,3.45,3.27,2.13,7,0.0,0.0,2.0,3.0,3.0,6.0,-3.0,6.0,10.0,-4.0,-3.0,-4.0,1.0,0.0,0.0,0.0,1.0,1.0,0.0,16.7,33.3,16.7,66.7,A
2024-05-06,2024,Vissel Kobe,Albirex Niigata,3,2,H,O,1.79,3.36,4.8,6,1.0,1.0,2.0,2.0,7.0,3.0,4.0,4.0,5.0,-1.0,3.0,-2.0,5.0,1.0,0.0,1.0,0.0,1.0,-1.0,20.0,60.0,40.0,40.0,H
2024-05-06,2024,Verdy,Iwata,3,2,H,O,2.28,3.04,3.36,7,0.0,1.0,0.0,1.0,5.0,6.0,-1.0,5.0,4.0,1.0,0.0,2.0,-2.0,0.0,1.0,-1.0,0.0,0.0,0.0,0.0,16.7,33.3,33.3,H
2024-05-06,2024,Urawa Reds,Yokohama F. Marinos,2,1,H,O,1.69,4.03,4.44,6,3.0,2.0,1.0,1.0,7.0,8.0,-1.0,3.0,7.0,-4.0,4.0,1.0,3.0,1.0,0.0,1.0,0.0,0.0,0.0,60.0,20.0,60.0,20.0,H
2024-05-06,2024,Shonan Bellmare,Sagan Tosu,2,1,H,O,1.96,3.48,3.71,5,0.0,0.0,3.0,3.0,6.0,3.0,3.0,9.0,9.0,0.0,-3.0,-6.0,3.0,0.0,0.0,0.0,0.0,2.0,-2.0,0.0,75.0,0.0,80.0,D
2024-05-06,2024,Sanfrecce Hiroshima,Nagoya Grampus,2,3,A,O,1.59,3.78,5.73,6,2.0,3.0,0.0,1.0,9.0,6.0,3.0,3.0,3.0,0.0,6.0,3.0,3.0,2.0,1.0,1.0,0.0,0.0,0.0,60.0,0.0,60.0,40.0,A
2024-05-06,2024,Kyoto,Machida,0,3,A,O,3.62,3.21,2.1,5,0.0,3.0,4.0,1.0,3.0,5.0,-2.0,9.0,4.0,5.0,-6.0,1.0,-7.0,0.0,0.0,0.0,1.0,1.0,0.0,0.0,100.0,80.0,20.0,A
2024-05-06,2024,Kashiwa Reysol,Kashima Antlers,1,2,A,O,2.45,3.0,3.07,6,1.0,1.0,1.0,3.0,3.0,4.0,-1.0,4.0,8.0,-4.0,-1.0,-4.0,3.0,0.0,0.0,0.0,1.0,2.0,-1.0,20.0,20.0,33.3,66.7,A
2024-05-06,2024,Hokkaido Consadole Sapporo,FC Tokyo,1,2,A,O,2.43,3.47,2.74,7,1.0,2.0,1.0,1.0,6.0,8.0,-2.0,6.0,7.0,-1.0,0.0,1.0,-1.0,0.0,2.0,-2.0,0.0,1.0,-1.0,16.7,50.0,40.0,20.0,D
2024-05-06,2024,Gamba Osaka,Cerezo Osaka,1,0,H,U,3.07,3.03,2.43,6,2.0,2.0,1.0,1.0,5.0,5.0,0.0,4.0,3.0,1.0,1.0,2.0,-1.0,0.0,1.0,-1.0,0.0,0.0,0.0,60.0,20.0,40.0,20.0,H
2024-05-06,2024,Avispa Fukuoka,Kawasaki Frontale,1,1,D,U,3.74,3.2,2.06,8,2.0,0.0,0.0,2.0,5.0,3.0,2.0,3.0,5.0,-2.0,2.0,-2.0,4.0,0.0,0.0,0.0,0.0,0.0,0.0,28.6,14.3,20.0,40.0,D
2024-05-03,2024,Yokohama F. Marinos,Iwata,1,1,D,U,1.73,4.03,4.2,5,1.0,1.0,1.0,2.0,4.0,6.0,-2.0,3.0,5.0,-2.0,1.0,1.0,0.0,1.0,1.0,0.0,0.0,0.0,0.0,25.0,25.0,40.0,40.0,D
2024-05-03,2024,Sagan Tosu,Verdy,0,2,A,U,3.08,3.24,2.32,6,2.0,1.0,1.0,1.0,8.0,4.0,4.0,4.0,4.0,0.0,4.0,0.0,4.0,2.0,0.0,2.0,1.0,0.0,1.0,40.0,40.0,25.0,25.0,A
2024-05-03,2024,Nagoya Grampus,Vissel Kobe,0,2,A,U,3.63,3.24,2.07,6,2.0,3.0,1.0,0.0,4.0,5.0,-1.0,3.0,2.0,1.0,1.0,3.0,-2.0,0.0,0.0,0.0,0.0,0.0,0.0,40.0,40.0,80.0,0.0,A
2024-05-03,2024,Machida,Kashiwa Reysol,2,0,H,U,2.38,3.13,3.06,6,2.0,2.0,2.0,0.0,6.0,4.0,2.0,5.0,2.0,3.0,1.0,2.0,-1.0,1.0,0.0,1.0,0.0,0.0,0.0,40.0,40.0,50.0,0.0,H
2024-05-03,2024,Kawasaki Frontale,Urawa Reds,3,1,H,O,2.36,3.43,2.85,6,1.0,1.0,2.0,2.0,3.0,6.0,-3.0,2.0,7.0,-5.0,1.0,-1.0,2.0,1.0,0.0,1.0,0.0,0.0,0.0,20.0,60.0,20.0,60.0,D
2024-05-03,2024,Kashima Antlers,Shonan Bellmare,3,1,H,O,1.87,3.49,4.15,5,3.0,0.0,0.0,2.0,5.0,5.0,0.0,2.0,9.0,-7.0,3.0,-4.0,7.0,0.0,0.0,0.0,0.0,2.0,-2.0,75.0,0.0,16.7,33.3,D
2024-05-03,2024,FC Tokyo,Kyoto,2,1,H,O,1.97,3.41,3.77,6,2.0,1.0,2.0,1.0,6.0,3.0,3.0,5.0,3.0,2.0,1.0,0.0,1.0,1.0,0.0,1.0,0.0,0.0,0.0,40.0,40.0,33.3,16.7,H
2024-05-03,2024,Cerezo Osaka,Hokkaido Consadole Sapporo,1,1,D,U,1.73,3.83,4.43,6,3.0,0.0,0.0,2.0,7.0,2.0,5.0,3.0,11.0,-8.0,4.0,-9.0,13.0,1.0,0.0,1.0,0.0,2.0,-2.0,60.0,0.0,0.0,50.0,A
2024-05-03,2024,Avispa Fukuoka,Gamba Osaka,1,0,H,U,2.5,2.86,3.19,7,1.0,1.0,1.0,2.0,5.0,2.0,3.0,6.0,4.0,2.0,-1.0,-2.0,1.0,0.0,0.0,0.0,1.0,1.0,0.0,16.7,16.7,20.0,40.0,H
2024-05-03,2024,Albirex Niigata,Sanfrecce Hiroshima,1,1,D,U,4.44,3.5,1.8,6,0.0,1.0,2.0,0.0,3.0,4.0,-1.0,6.0,3.0,3.0,-3.0,1.0,-4.0,0.0,0.0,0.0,1.0,0.0,1.0,20.0,40.0,20.0,0.0,D
2024-04-28,2024,Verdy,Avispa Fukuoka,0,0,D,U,2.42,2.85,3.28,6,0.0,,0.0,,7.0,,,7.0,,,0.0,,,0.0,,,0.0,,,0.0,20.0,33.3,33.3,D
2024-04-28,2024,Urawa Reds,Nagoya Grampus,2,1,H,O,1.85,3.32,4.4,5,2.0,3.0,1.0,1.0,6.0,5.0,1.0,3.0,2.0,1.0,3.0,3.0,0.0,1.0,1.0,0.0,0.0,0.0,0.0,50.0,25.0,75.0,25.0,H
2024-04-28,2024,Sanfrecce Hiroshima,Kawasaki Frontale,2,2,D,O,1.66,3.96,4.69,5,3.0,1.0,0.0,2.0,9.0,3.0,6.0,1.0,4.0,-3.0,8.0,-1.0,9.0,3.0,0.0,3.0,0.0,0.0,0.0,75.0,0.0,25.0,50.0,H
2024-04-28,2024,Kashiwa Reysol,Sagan Tosu,1,1,D,U,1.64,3.83,5.04,5,1.0,0.0,1.0,4.0,3.0,2.0,1.0,4.0,12.0,-8.0,-1.0,-10.0,9.0,0.0,0.0,0.0,1.0,3.0,-2.0,25.0,25.0,0.0,100.0,D
2024-04-28,2024,Gamba Osaka,Kashima Antlers,1,2,A,O,2.57,3.1,2.81,5,3.0,0.0,0.0,4.0,5.0,2.0,3.0,2.0,8.0,-6.0,3.0,-6.0,9.0,0.0,0.0,0.0,0.0,2.0,-2.0,75.0,0.0,20.0,80.0,D
2024-04-27,2024,Vissel Kobe,Kyoto,0,1,A,U,1.43,4.6,6.76,5,1.0,1.0,2.0,1.0,7.0,3.0,4.0,4.0,3.0,1.0,3.0,0.0,3.0,1.0,0.0,1.0,0.0,0.0,0.0,25.0,50.0,20.0,20.0,D
2024-04-27,2024,Iwata,Machida,2,0,H,U,2.73,3.13,2.63,5,1.0,4.0,3.0,0.0,2.0,6.0,-4.0,4.0,2.0,2.0,-2.0,4.0,-6.0,1.0,0.0,1.0,1.0,0.0,1.0,25.0,75.0,100.0,0.0,D
2024-04-27,2024,Hokkaido Consadole Sapporo,Shonan Bellmare,3,3,D,O,2.16,3.53,3.12,6,1.0,0.0,2.0,2.0,4.0,3.0,1.0,5.0,7.0,-2.0,-1.0,-4.0,3.0,0.0,0.0,0.0,0.0,2.0,-2.0,20.0,60.0,20.0,40.0,H
2024-04-27,2024,Cerezo Osaka,Yokohama F. Marinos,2,2,D,O,1.92,3.72,3.64,5,3.0,3.0,0.0,1.0,7.0,8.0,-1.0,3.0,6.0,-3.0,4.0,2.0,2.0,1.0,0.0,1.0,0.0,0.0,0.0,75.0,0.0,75.0,25.0,D
2024-04-27,2024,Albirex Niigata,FC Tokyo,1,3,A,O,2.24,3.21,3.24,5,1.0,1.0,1.0,1.0,3.0,7.0,-4.0,3.0,8.0,-5.0,0.0,-1.0,1.0,0.0,1.0,-1.0,0.0,1.0,-1.0,25.0,25.0,25.0,25.0,A
2024-04-21,2024,Nagoya Grampus,Cerezo Osaka,2,1,H,O,2.98,2.92,2.59,5,1.0,2.0,2.0,0.0,2.0,5.0,-3.0,5.0,2.0,3.0,-3.0,3.0,-6.0,0.0,1.0,-1.0,1.0,0.0,1.0,25.0,50.0,50.0,0.0,D
2024-04-21,2024,FC Tokyo,Machida,1,2,A,O,2.61,3.08,2.81,5,2.0,,1.0,,6.0,,,4.0,,,2.0,,,1.0,,,0.0,,,50.0,25.0,100.0,0.0,A
2024-04-20,2024,Urawa Reds,Gamba Osaka,0,1,A,U,1.93,3.48,3.89,4,,0.0,,2.0,,2.0,,,5.0,,,-3.0,,,0.0,,,1.0,,66.7,0.0,0.0,50.0,D
2024-04-20,2024,Shonan Bellmare,Vissel Kobe,0,1,A,U,5.11,3.82,1.65,4,,3.0,,0.0,,6.0,,,2.0,,,4.0,,,1.0,,,0.0,,0.0,66.7,75.0,0.0,D
2024-04-20,2024,Sagan Tosu,Kashima Antlers,4,2,H,O,4.55,3.57,1.78,5,1.0,1.0,2.0,3.0,5.0,3.0,2.0,4.0,4.0,0.0,1.0,-1.0,2.0,1.0,1.0,0.0,1.0,1.0,0.0,25.0,50.0,25.0,75.0,H
2024-04-20,2024,Kyoto,Albirex Niigata,0,1,A,U,2.83,3.16,2.55,4,,1.0,,2.0,,4.0,,,6.0,,,-2.0,,,0.0,,,1.0,,0.0,100.0,25.0,50.0,D
2024-04-20,2024,Kawasaki Frontale,Verdy,0,0,D,U,2.03,3.29,3.77,5,1.0,,3.0,,7.0,,,7.0,,,0.0,,,1.0,,,0.0,,,25.0,75.0,33.3,33.3,D
2024-04-20,2024,Hokkaido Consadole Sapporo,Sanfrecce Hiroshima,1,1,D,U,4.14,3.88,1.77,5,1.0,1.0,3.0,0.0,3.0,4.0,-1.0,5.0,3.0,2.0,-2.0,1.0,-3.0,0.0,0.0,0.0,0.0,0.0,0.0,25.0,75.0,25.0,0.0,H
2024-04-20,2024,Avispa Fukuoka,Iwata,2,2,D,O,2.28,3.02,3.41,6,1.0,2.0,1.0,2.0,4.0,9.0,-5.0,5.0,7.0,-2.0,-1.0,2.0,-3.0,0.0,1.0,-1.0,1.0,0.0,1.0,20.0,20.0,50.0,50.0,A
2024-04-14,2024,Gamba Osaka,Sagan Tosu,2,1,H,O,1.89,3.57,3.9,4,,,,,,,,,,,,,,,,,,,,66.7,0.0,0.0,100.0,D
2024-04-13,2024,Yokohama F. Marinos,Shonan Bellmare,2,2,D,O,2.19,3.63,3.01,4,,1.0,,2.0,,3.0,,,6.0,,,-3.0,,,0.0,,,2.0,,33.3,33.3,25.0,50.0,D
2024-04-13,2024,Verdy,FC Tokyo,2,2,D,O,2.36,3.09,3.18,5,0.0,,1.0,,6.0,,,7.0,,,-1.0,,,0.0,,,0.0,,,0.0,25.0,33.3,33.3,H
2024-04-13,2024,Machida,Vissel Kobe,1,2,A,O,2.88,3.03,2.59,5,2.0,,1.0,,6.0,,,4.0,,,2.0,,,1.0,,,0.0,,,50.0,25.0,66.7,0.0,A
2024-04-13,2024,Kashima Antlers,Kyoto,1,0,H,U,1.78,3.49,4.63,4,,1.0,,0.0,,4.0,,,3.0,,,1.0,,,0.0,,,0.0,,66.7,0.0,25.0,0.0,D
2024-04-13,2024,Iwata,Nagoya Grampus,0,1,A,U,2.5,3.03,3.0,4,,,,,,,,,,,,,,,,,,,,33.3,66.7,66.7,33.3,A
2024-04-13,2024,Cerezo Osaka,Kawasaki Frontale,1,0,H,U,2.67,3.27,2.6,4,,,,,,,,,,,,,,,,,,,,66.7,0.0,33.3,33.3,D
2024-04-13,2024,Avispa Fukuoka,Sanfrecce Hiroshima,1,1,D,U,5.15,3.42,1.73,5,1.0,,1.0,,3.0,,,4.0,,,-1.0,,,0.0,,,1.0,,,25.0,25.0,33.3,0.0,D
2024-04-13,2024,Albirex Niigata,Hokkaido Consadole Sapporo,1,1,D,U,2.16,3.33,3.32,4,,,,,,,,,,,,,,,,,,,,33.3,33.3,0.0,66.7,A
2024-04-12,2024,Kashiwa Reysol,Urawa Reds,1,0,H,U,2.97,3.13,2.45,4,,1.0,,2.0,,6.0,,,8.0,,,-2.0,,,0.0,,,1.0,,0.0,33.3,25.0,50.0,D
2024-04-10,2024,Yokohama F. Marinos,Gamba Osaka,2,0,H,U,1.94,3.65,3.63,3,,,,,,,,,,,,,,,,,,,,0.0,50.0,0.0,33.3,D
2024-04-07,2024,Vissel Kobe,Yokohama F. Marinos,1,2,A,O,1.7,4.03,4.36,4,,,,,,,,,,,,,,,,,,,,33.3,33.3,66.7,33.3,D
2024-04-07,2024,Verdy,Kashiwa Reysol,1,1,D,U,2.95,3.12,2.48,4,,,,,,,,,,,,,,,,,,,,0.0,33.3,66.7,0.0,H
2024-04-07,2024,Urawa Reds,Sagan Tosu,3,0,H,O,1.67,3.79,4.92,3,,,,,,,,,,,,,,,,,,,,50.0,0.0,0.0,100.0,H
2024-04-07,2024,Sanfrecce Hiroshima,Shonan Bellmare,2,0,H,U,1.47,4.21,6.67,4,,,,,,,,,,,,,,,,,,,,66.7,0.0,33.3,33.3,D
2024-04-07,2024,Nagoya Grampus,Avispa Fukuoka,0,0,D,U,2.6,2.88,3.0,4,,,,,,,,,,,,,,,,,,,,33.3,66.7,50.0,50.0,D
2024-04-07,2024,Kyoto,Iwata,0,3,A,O,2.25,3.3,3.14,3,,,,,,,,,,,,,,,,,,,,0.0,100.0,33.3,66.7,D
2024-04-07,2024,Kawasaki Frontale,Machida,0,1,A,U,2.32,3.26,3.05,4,,,,,,,,,,,,,,,,,,,,33.3,66.7,100.0,0.0,A
2024-04-07,2024,FC Tokyo,Kashima Antlers,2,0,H,U,3.57,3.25,2.1,4,,,,,,,,,,,,,,,,,,,,33.3,33.3,33.3,66.7,D
2024-04-07,2024,Albirex Niigata,Cerezo Osaka,0,1,A,U,2.54,3.1,2.87,3,,,,,,,,,,,,,,,,,,,,50.0,0.0,33.3,0.0,D
2024-04-06,2024,Hokkaido Consadole Sapporo,Gamba Osaka,1,0,H,U,2.42,3.46,2.79,4,,,,,,,,,,,,,,,,,,,,0.0,100.0,0.0,0.0,D
2024-04-03,2024,Yokohama F. Marinos,Kawasaki Frontale,0,0,D,U,2.68,3.63,2.4,2,,,,,,,,,,,,,,,,,,,,0.0,100.0,50.0,50.0,D
2024-04-03,2024,Shonan Bellmare,Verdy,1,2,A,O,2.77,3.13,2.6,3,,,,,,,,,,,,,,,,,,,,0.0,50.0,0.0,50.0,H
2024-04-03,2024,Sagan Tosu,Vissel Kobe,0,0,D,U,5.98,4.02,1.54,4,,,,,,,,,,,,,,,,,,,,33.3,66.7,100.0,0.0,D
2024-04-03,2024,Machida,Sanfrecce Hiroshima,1,2,A,O,3.36,3.22,2.19,4,,,,,,,,,,,,,,,,,,,,66.7,0.0,0.0,0.0,A
2024-04-03,2024,Kashiwa Reysol,Cerezo Osaka,1,1,D,U,2.34,3.15,3.14,3,,,,,,,,,,,,,,,,,,,,0.0,50.0,50.0,0.0,D
2024-04-03,2024,Iwata,Albirex Niigata,2,0,H,U,2.29,3.23,3.15,3,,,,,,,,,,,,,,,,,,,,0.0,100.0,33.3,33.3,D
2024-04-03,2024,Hokkaido Consadole Sapporo,Nagoya Grampus,1,2,A,O,2.22,3.29,3.23,3,,,,,,,,,,,,,,,,,,,,0.0,100.0,50.0,50.0,H
2024-04-03,2024,Gamba Osaka,Kyoto,0,0,D,U,2.14,3.23,3.47,3,,,,,,,,,,,,,,,,,,,,100.0,0.0,33.3,0.0,D
2024-04-03,2024,FC Tokyo,Urawa Reds,2,1,H,O,4.11,3.45,1.88,3,,,,,,,,,,,,,,,,,,,,0.0,50.0,33.3,33.3,A
2024-04-03,2024,Avispa Fukuoka,Kashima Antlers,1,0,H,U,3.82,2.93,2.17,4,,,,,,,,,,,,,,,,,,,,0.0,33.3,50.0,50.0,D
2024-03-30,2024,Vissel Kobe,Hokkaido Consadole Sapporo,6,1,H,O,1.57,4.02,5.57,3,,,,,,,,,,,,,,,,,,,,0.0,50.0,0.0,50.0,H
2024-03-30,2024,Urawa Reds,Avispa Fukuoka,2,1,H,O,2.01,3.08,4.13,2,,,,,,,,,,,,,,,,,,,,0.0,0.0,100.0,0.0,A
2024-03-30,2024,Sanfrecce Hiroshima,Gamba Osaka,1,1,D,U,1.5,4.19,6.29,3,,,,,,,,,,,,,,,,,,,,100.0,0.0,0.0,0.0,D
2024-03-30,2024,Nagoya Grampus,Yokohama F. Marinos,2,1,H,O,2.73,3.42,2.47,3,,,,,,,,,,,,,,,,,,,,0.0,100.0,100.0,0.0,D
2024-03-30,2024,Machida,Sagan Tosu,3,1,H,O,1.71,3.66,4.92,3,,,,,,,,,,,,,,,,,,,,50.0,0.0,0.0,100.0,D
2024-03-30,2024,Kawasaki Frontale,FC Tokyo,3,0,H,O,1.96,3.64,3.57,3,,,,,,,,,,,,,,,,,,,,0.0,100.0,50.0,0.0,H
2024-03-30,2024,Kashima Antlers,Iwata,1,0,H,U,1.75,3.68,4.58,3,,,,,,,,,,,,,,,,,,,,50.0,0.0,50.0,50.0,H
2024-03-30,2024,Cerezo Osaka,Shonan Bellmare,2,0,H,U,2.03,3.33,3.72,3,,,,,,,,,,,,,,,,,,,,50.0,0.0,50.0,0.0,D
2024-03-30,2024,Albirex Niigata,Kashiwa Reysol,1,1,D,U,2.48,2.99,3.06,2,,,,,,,,,,,,,,,,,,,,100.0,0.0,100.0,0.0,A
2024-03-29,2024,Verdy,Kyoto,2,2,D,O,2.56,3.04,2.9,3,,,,,,,,,,,,,,,,,,,,0.0,50.0,50.0,0.0,A
2024-03-17,2024,Shonan Bellmare,Urawa Reds,4,4,D,O,3.07,3.12,2.4,2,,,,,,,,,,,,,,,,,,,,0.0,100.0,50.0,50.0,H
2024-03-17,2024,Kyoto,Yokohama F. Marinos,2,3,A,O,2.97,3.56,2.24,2,,,,,,,,,,,,,,,,,,,,0.0,100.0,100.0,0.0,D
2024-03-17,2024,Kashima Antlers,Kawasaki Frontale,2,1,H,O,2.72,3.13,2.66,2,,,,,,,,,,,,,,,,,,,,0.0,0.0,100.0,0.0,A
2024-03-16,2024,Vissel Kobe,Sanfrecce Hiroshima,0,0,D,U,3.01,3.22,2.38,2,,,,,,,,,,,,,,,,,,,,0.0,100.0,0.0,0.0,D
2024-03-16,2024,Verdy,Albirex Niigata,2,2,D,O,2.77,2.94,2.75,2,,,,,,,,,,,,,,,,,,,,0.0,100.0,50.0,50.0,D
2024-03-16,2024,Sagan Tosu,Cerezo Osaka,0,2,A,U,3.49,3.31,2.11,3,,,,,,,,,,,,,,,,,,,,50.0,50.0,0.0,0.0,D
2024-03-16,2024,Kashiwa Reysol,Nagoya Grampus,0,2,A,U,2.1,3.06,3.86,2,,,,,,,,,,,,,,,,,,,,0.0,0.0,0.0,100.0,A
2024-03-16,2024,Hokkaido Consadole Sapporo,Machida,1,2,A,O,2.82,3.53,2.35,2,,,,,,,,,,,,,,,,,,,,0.0,100.0,100.0,0.0,D
2024-03-16,2024,Gamba Osaka,Iwata,2,1,H,O,2.22,3.28,3.23,2,,,,,,,,,,,,,,,,,,,,100.0,0.0,100.0,0.0,H
2024-03-16,2024,Avispa Fukuoka,FC Tokyo,1,3,A,O,2.36,3.02,3.27,3,,,,,,,,,,,,,,,,,,,,0.0,0.0,0.0,0.0,A
2024-03-10,2024,Hokkaido Consadole Sapporo,Urawa Reds,0,1,A,U,2.92,3.39,2.37,1,,,,,,,,,,,,,,,,,,,,,,0.0,100.0,A
2024-03-09,2024,Sanfrecce Hiroshima,Sagan Tosu,4,0,H,O,1.4,4.76,7.22,2,,,,,,,,,,,,,,,,,,,,100.0,0.0,,,H
2024-03-09,2024,Machida,Kashima Antlers,1,0,H,U,2.7,3.1,2.73,2,,,,,,,,,,,,,,,,,,,,0.0,0.0,100.0,0.0,H
2024-03-09,2024,Kawasaki Frontale,Kyoto,0,1,A,U,1.87,3.6,4.05,2,,,,,,,,,,,,,,,,,,,,0.0,100.0,0.0,0.0,D
2024-03-09,2024,Iwata,Kashiwa Reysol,0,1,A,U,3.17,3.11,2.36,2,,,,,,,,,,,,,,,,,,,,0.0,100.0,100.0,0.0,A
2024-03-09,2024,FC Tokyo,Vissel Kobe,1,2,A,O,3.25,3.31,2.22,2,,,,,,,,,,,,,,,,,,,,0.0,0.0,100.0,0.0,D
2024-03-09,2024,Cerezo Osaka,Verdy,2,1,H,O,2.28,3.03,3.41,2,,,,,,,,,,,,,,,,,,,,0.0,0.0,0.0,0.0,H
2024-03-09,2024,Avispa Fukuoka,Shonan Bellmare,1,1,D,U,2.6,2.92,3.01,2,,,,,,,,,,,,,,,,,,,,0.0,0.0,100.0,0.0,D
2024-03-09,2024,Albirex Niigata,Nagoya Grampus,1,0,H,U,2.36,3.02,3.29,1,,,,,,,,,,,,,,,,,,,,,,,,D
2024-03-03,2024,Urawa Reds,Verdy,1,1,D,U,1.83,3.43,4.49,1,,,,,,,,,,,,,,,,,,,,,,,,A
2024-03-02,2024,Vissel Kobe,Kashiwa Reysol,0,1,A,U,1.87,3.41,4.27,1,,,,,,,,,,,,,,,,,,,,,,,,D
2024-03-02,2024,Sagan Tosu,Hokkaido Consadole Sapporo,4,0,H,O,3.43,3.53,2.05,2,,,,,,,,,,,,,,,,,,,,0.0,100.0,0.0,0.0,H
2024-03-02,2024,Nagoya Grampus,Machida,0,1,A,U,2.21,3.19,3.37,2,,,,,,,,,,,,,,,,,,,,0.0,100.0,,,A
2024-03-02,2024,Kyoto,Shonan Bellmare,1,2,A,O,2.21,3.23,3.35,1,,,,,,,,,,,,,,,,,,,,,,,,D
2024-03-02,2024,Kashima Antlers,Cerezo Osaka,1,1,D,U,2.26,3.16,3.29,1,,,,,,,,,,,,,,,,,,,,,,,,D
2024-03-02,2024,Gamba Osaka,Albirex Niigata,1,0,H,U,2.64,3.09,2.78,1,,,,,,,,,,,,,,,,,,,,,,100.0,0.0,D
2024-03-02,2024,FC Tokyo,Sanfrecce Hiroshima,1,1,D,U,4.2,3.66,1.82,1,,,,,,,,,,,,,,,,,,,,,,,,D
2024-03-01,2024,Yokohama F. Marinos,Avispa Fukuoka,0,1,A,U,1.75,3.69,4.56,1,,,,,,,,,,,,,,,,,,,,,,,,D
2024-03-01,2024,Kawasaki Frontale,Iwata,4,5,A,O,1.63,3.98,5.06,1,,,,,,,,,,,,,,,,,,,,,,,,A
2024-02-25,2024,Verdy,Yokohama F. Marinos,1,2,A,O,3.92,3.71,1.86,1,,,,,,,,,,,,,,,,,,,,,,,,H
2024-02-25,2024,Kashiwa Reysol,Kyoto,1,1,D,U,2.16,3.2,3.52,1,,,,,,,,,,,,,,,,,,,,,,,,D
2024-02-24,2024,Shonan Bellmare,Kawasaki Frontale,1,2,A,O,3.63,3.57,1.97,1,,,,,,,,,,,,,,,,,,,,,,,,D
2024-02-24,2024,Sagan Tosu,Albirex Niigata,1,2,A,O,2.94,3.16,2.46,1,,,,,,,,,,,,,,,,,,,,,,,,
2024-02-24,2024,Machida,Gamba Osaka,1,1,D,U,2.32,3.18,3.17,1,,,,,,,,,,,,,,,,,,,,,,,,H
2024-02-24,2024,Iwata,Vissel Kobe,0,2,A,U,4.4,3.64,1.79,1,,,,,,,,,,,,,,,,,,,,,,,,A
2024-02-24,2024,Cerezo Osaka,FC Tokyo,2,2,D,O,2.27,3.19,3.22,1,,,,,,,,,,,,,,,,,,,,,,,,D
2024-02-24,2024,Avispa Fukuoka,Hokkaido Consadole Sapporo,0,0,D,U,2.92,3.19,2.47,1,,,,,,,,,,,,,,,,,,,,,,,,D
2024-02-23,2024,Sanfrecce Hiroshima,Urawa Reds,2,0,H,U,2.11,3.23,3.58,1,,,,,,,,,,,,,,,,,,,,,,,,H
2024-02-23,2024,Nagoya Grampus,Kashima Antlers,0,3,A,O,2.71,2.95,2.83,1,,,,,,,,,,,,,,,,,,,,,,,,A
2023-12-03,2023,Shonan Bellmare,FC Tokyo,0,1,A,U,2.33,3.52,2.83,17,1.0,0.0,1.0,3.0,5.0,1.0,4.0,6.0,4.0,2.0,-1.0,-3.0,2.0,0.0,0.0,0.0,1.0,0.0,1.0,18.8,50.0,12.5,56.2,D
2023-12-03,2023,Sagan Tosu,Kawasaki Frontale,0,1,A,U,3.64,3.92,1.87,17,1.0,1.0,2.0,2.0,5.0,5.0,0.0,8.0,7.0,1.0,-3.0,-2.0,-1.0,0.0,1.0,-1.0,2.0,1.0,1.0,31.2,43.8,37.5,43.8,D
2023-12-03,2023,Nagoya Grampus,Kashiwa Reysol,1,1,D,U,2.56,3.27,2.64,17,1.0,2.0,0.0,1.0,4.0,5.0,-1.0,3.0,5.0,-2.0,1.0,0.0,1.0,0.0,0.0,0.0,0.0,1.0,-1.0,50.0,0.0,25.0,50.0,D
2023-12-03,2023,Kyoto,Yokohama F. Marinos,3,1,H,O,3.17,3.95,2.01,17,2.0,2.0,2.0,2.0,3.0,7.0,-4.0,2.0,7.0,-5.0,1.0,0.0,1.0,1.0,1.0,0.0,0.0,2.0,-2.0,43.8,56.2,50.0,31.2,D
2023-12-03,2023,Kashima Antlers,Yokohama FC,2,1,H,O,1.76,3.76,4.37,17,1.0,1.0,1.0,2.0,3.0,6.0,-3.0,3.0,7.0,-4.0,0.0,-1.0,1.0,0.0,1.0,-1.0,0.0,1.0,-1.0,43.8,25.0,12.5,56.2,H
2023-12-03,2023,Hokkaido Consadole Sapporo,Urawa Reds,0,2,A,U,2.73,3.61,2.37,17,1.0,2.0,2.0,0.0,3.0,5.0,-2.0,4.0,2.0,2.0,-1.0,3.0,-4.0,0.0,1.0,-1.0,0.0,0.0,0.0,31.2,50.0,37.5,25.0,D
2023-12-03,2023,Gamba Osaka,Vissel Kobe,0,1,A,U,3.46,3.7,1.97,17,0.0,2.0,3.0,1.0,3.0,5.0,-2.0,7.0,4.0,3.0,-4.0,1.0,-5.0,0.0,1.0,-1.0,1.0,1.0,0.0,37.5,37.5,56.2,18.8,D
2023-12-03,2023,Avispa Fukuoka,Sanfrecce Hiroshima,0,1,A,U,5.21,3.8,1.64,17,1.0,2.0,2.0,1.0,1.0,4.0,-3.0,5.0,2.0,3.0,-4.0,2.0,-6.0,0.0,1.0,-1.0,1.0,0.0,1.0,50.0,31.2,37.5,43.8,D
2023-12-03,2023,Albirex Niigata,Cerezo Osaka,1,0,H,U,2.28,3.31,3.07,17,1.0,0.0,0.0,3.0,5.0,0.0,5.0,3.0,4.0,-1.0,2.0,-4.0,6.0,1.0,0.0,1.0,0.0,1.0,-1.0,31.2,31.2,37.5,43.8,D
2023-11-25,2023,Yokohama FC,Shonan Bellmare,0,1,A,U,2.51,3.31,2.76,17,2.0,3.0,2.0,1.0,6.0,5.0,1.0,4.0,2.0,2.0,2.0,3.0,-1.0,1.0,1.0,0.0,0.0,0.0,0.0,31.2,50.0,25.0,43.8,D
2023-11-25,2023,Vissel Kobe,Nagoya Grampus,2,1,H,O,1.78,3.56,4.55,17,3.0,1.0,0.0,3.0,7.0,3.0,4.0,3.0,6.0,-3.0,4.0,-3.0,7.0,1.0,0.0,1.0,0.0,1.0,-1.0,62.5,12.5,37.5,56.2,H
2023-11-25,2023,Urawa Reds,Avispa Fukuoka,2,3,A,O,1.89,3.17,4.62,17,1.0,3.0,1.0,1.0,4.0,9.0,-5.0,3.0,7.0,-4.0,1.0,2.0,-1.0,1.0,1.0,0.0,0.0,1.0,-1.0,50.0,12.5,37.5,43.8,D
2023-11-25,2023,Sanfrecce Hiroshima,Gamba Osaka,3,0,H,O,1.49,4.36,6.14,17,3.0,0.0,0.0,3.0,8.0,1.0,7.0,3.0,9.0,-6.0,5.0,-8.0,13.0,2.0,0.0,2.0,0.0,2.0,-2.0,56.2,18.8,18.8,62.5,H
2023-11-25,2023,Kashiwa Reysol,Sagan Tosu,2,2,D,O,1.51,4.33,6.02,17,1.0,0.0,1.0,1.0,4.0,5.0,-1.0,4.0,6.0,-2.0,0.0,-1.0,1.0,1.0,0.0,1.0,1.0,0.0,1.0,12.5,31.2,25.0,37.5,H
2023-11-25,2023,FC Tokyo,Hokkaido Consadole Sapporo,1,3,A,O,2.86,3.91,2.18,17,2.0,0.0,2.0,2.0,8.0,4.0,4.0,6.0,10.0,-4.0,2.0,-6.0,8.0,1.0,0.0,1.0,0.0,2.0,-2.0,56.2,31.2,25.0,31.2,H
2023-11-25,2023,Cerezo Osaka,Kyoto,0,1,A,U,1.88,3.49,4.1,17,3.0,0.0,1.0,2.0,7.0,6.0,1.0,3.0,8.0,-5.0,4.0,-2.0,6.0,2.0,0.0,2.0,1.0,0.0,1.0,56.2,37.5,18.8,56.2,A
2023-11-24,2023,Yokohama F. Marinos,Albirex Niigata,0,0,D,U,1.65,4.23,4.62,17,2.0,2.0,1.0,1.0,7.0,5.0,2.0,4.0,5.0,-1.0,3.0,0.0,3.0,2.0,0.0,2.0,1.0,1.0,0.0,68.8,12.5,31.2,37.5,D
2023-11-24,2023,Kawasaki Frontale,Kashima Antlers,3,0,H,O,2.11,3.54,3.27,17,2.0,0.0,1.0,2.0,10.0,3.0,7.0,8.0,6.0,2.0,2.0,-3.0,5.0,1.0,0.0,1.0,0.0,1.0,-1.0,37.5,31.2,37.5,31.2,H
2023-11-12,2023,Yokohama F. Marinos,Cerezo Osaka,2,0,H,U,1.87,3.96,3.6,16,2.0,1.0,1.0,2.0,7.0,1.0,6.0,5.0,2.0,3.0,2.0,-1.0,3.0,1.0,0.0,1.0,1.0,0.0,1.0,66.7,13.3,40.0,40.0,H
2023-11-12,2023,Urawa Reds,Vissel Kobe,1,2,A,O,2.71,3.13,2.67,16,2.0,1.0,0.0,1.0,4.0,5.0,-1.0,1.0,5.0,-4.0,3.0,0.0,3.0,1.0,1.0,0.0,0.0,1.0,-1.0,53.3,6.7,53.3,20.0,D
2023-11-12,2023,Kawasaki Frontale,Kyoto,3,3,D,O,1.66,3.98,4.73,16,2.0,0.0,1.0,3.0,9.0,3.0,6.0,7.0,7.0,0.0,2.0,-4.0,6.0,1.0,0.0,1.0,0.0,1.0,-1.0,40.0,33.3,20.0,60.0,A
2023-11-11,2023,Shonan Bellmare,Nagoya Grampus,2,1,H,O,2.84,3.26,2.48,16,0.0,1.0,2.0,3.0,3.0,3.0,0.0,6.0,7.0,-1.0,-3.0,-4.0,1.0,0.0,0.0,0.0,1.0,2.0,-1.0,13.3,53.3,40.0,53.3,H
2023-11-11,2023,Sagan Tosu,Yokohama FC,1,3,A,O,2.86,3.49,2.36,16,1.0,0.0,2.0,2.0,4.0,4.0,0.0,6.0,7.0,-1.0,-2.0,-3.0,1.0,0.0,0.0,0.0,1.0,1.0,0.0,33.3,40.0,6.7,60.0,A
2023-11-11,2023,Kashima Antlers,Kashiwa Reysol,1,1,D,U,2.52,3.06,2.96,16,2.0,2.0,1.0,1.0,4.0,5.0,-1.0,2.0,5.0,-3.0,2.0,0.0,2.0,1.0,0.0,1.0,0.0,1.0,-1.0,46.7,26.7,26.7,53.3,D
2023-11-11,2023,Hokkaido Consadole Sapporo,Sanfrecce Hiroshima,0,0,D,U,3.61,3.88,1.9,16,2.0,2.0,2.0,1.0,7.0,4.0,3.0,4.0,2.0,2.0,3.0,2.0,1.0,1.0,1.0,0.0,0.0,0.0,0.0,33.3,53.3,40.0,46.7,D
2023-11-11,2023,Gamba Osaka,Avispa Fukuoka,1,2,A,O,2.67,3.04,2.79,16,1.0,2.0,2.0,2.0,4.0,7.0,-3.0,6.0,8.0,-2.0,-2.0,-1.0,-1.0,0.0,1.0,-1.0,1.0,2.0,-1.0,40.0,33.3,33.3,46.7,H
2023-11-11,2023,Albirex Niigata,FC Tokyo,0,0,D,U,2.23,3.42,3.09,16,1.0,1.0,0.0,3.0,7.0,2.0,5.0,5.0,4.0,1.0,2.0,-2.0,4.0,1.0,0.0,1.0,0.0,0.0,0.0,33.3,33.3,13.3,60.0,D
2023-10-29,2023,Kashiwa Reysol,Kawasaki Frontale,1,1,D,U,3.0,3.31,2.34,16,1.0,1.0,1.0,2.0,4.0,6.0,-2.0,4.0,8.0,-4.0,0.0,-2.0,2.0,1.0,1.0,0.0,1.0,1.0,0.0,13.3,33.3,40.0,46.7,H
2023-10-28,2023,Shonan Bellmare,Vissel Kobe,1,1,D,U,3.62,3.64,1.95,15,1.0,2.0,2.0,1.0,3.0,5.0,-2.0,5.0,4.0,1.0,-2.0,1.0,-3.0,0.0,1.0,-1.0,1.0,1.0,0.0,14.3,57.1,57.1,21.4,H
2023-10-28,2023,Kyoto,Albirex Niigata,0,1,A,U,3.15,3.13,2.35,16,3.0,2.0,1.0,1.0,6.0,5.0,1.0,1.0,5.0,-4.0,5.0,0.0,5.0,2.0,0.0,2.0,0.0,1.0,-1.0,46.7,53.3,26.7,40.0,A
2023-10-28,2023,Kashima Antlers,Urawa Reds,0,0,D,U,2.72,3.0,2.76,15,3.0,2.0,1.0,1.0,6.0,6.0,0.0,3.0,4.0,-1.0,3.0,2.0,1.0,1.0,1.0,0.0,0.0,0.0,0.0,50.0,28.6,40.0,26.7,D
2023-10-28,2023,Hokkaido Consadole Sapporo,Yokohama FC,2,1,H,O,1.58,4.47,4.84,15,1.0,0.0,2.0,2.0,6.0,3.0,3.0,4.0,7.0,-3.0,2.0,-4.0,6.0,1.0,0.0,1.0,0.0,2.0,-2.0,28.6,57.1,7.1,57.1,H
2023-10-28,2023,FC Tokyo,Sanfrecce Hiroshima,1,2,A,O,3.85,3.72,1.86,16,2.0,1.0,1.0,2.0,9.0,2.0,7.0,6.0,2.0,4.0,3.0,0.0,3.0,1.0,1.0,0.0,0.0,0.0,0.0,60.0,26.7,35.7,50.0,D
2023-10-28,2023,Cerezo Osaka,Gamba Osaka,1,0,H,U,1.99,3.56,3.54,16,2.0,0.0,2.0,3.0,6.0,2.0,4.0,4.0,10.0,-6.0,2.0,-8.0,10.0,2.0,0.0,2.0,1.0,2.0,-1.0,53.3,40.0,20.0,60.0,H
2023-10-28,2023,Avispa Fukuoka,Yokohama F. Marinos,0,4,A,O,3.01,3.47,2.26,16,2.0,1.0,1.0,2.0,3.0,3.0,0.0,1.0,7.0,-6.0,2.0,-4.0,6.0,1.0,0.0,1.0,0.0,2.0,-2.0,53.3,26.7,46.7,33.3,A
2023-10-27,2023,Nagoya Grampus,Sagan Tosu,1,1,D,U,1.74,3.72,4.59,16,2.0,0.0,0.0,2.0,4.0,5.0,-1.0,2.0,7.0,-5.0,2.0,-2.0,4.0,0.0,0.0,0.0,0.0,0.0,0.0,53.3,0.0,26.7,40.0,D
2023-10-21,2023,Yokohama FC,FC Tokyo,1,0,H,U,2.66,3.39,2.58,16,2.0,1.0,2.0,2.0,7.0,2.0,5.0,4.0,3.0,1.0,3.0,-1.0,4.0,2.0,0.0,2.0,0.0,0.0,0.0,26.7,53.3,14.3,57.1,H
2023-10-21,2023,Yokohama F. Marinos,Hokkaido Consadole Sapporo,4,1,H,O,2.36,4.17,2.52,15,2.0,0.0,1.0,2.0,5.0,3.0,2.0,5.0,9.0,-4.0,0.0,-6.0,6.0,0.0,0.0,0.0,1.0,2.0,-1.0,64.3,14.3,26.7,26.7,H
2023-10-21,2023,Vissel Kobe,Kashima Antlers,3,1,H,O,2.31,3.13,3.24,16,2.0,1.0,0.0,1.0,6.0,5.0,1.0,4.0,4.0,0.0,2.0,1.0,1.0,0.0,1.0,-1.0,0.0,0.0,0.0,60.0,13.3,40.0,26.7,H
2023-10-21,2023,Sanfrecce Hiroshima,Cerezo Osaka,0,0,D,U,1.7,3.78,4.79,16,4.0,1.0,0.0,2.0,10.0,2.0,8.0,4.0,3.0,1.0,6.0,-1.0,7.0,2.0,0.0,2.0,0.0,0.0,0.0,60.0,20.0,42.9,42.9,D
2023-10-21,2023,Kyoto,Shonan Bellmare,0,1,A,U,2.54,3.36,2.7,15,3.0,2.0,1.0,1.0,6.0,6.0,0.0,1.0,4.0,-3.0,5.0,2.0,3.0,2.0,1.0,1.0,0.0,0.0,0.0,50.0,50.0,20.0,46.7,A
2023-10-21,2023,Gamba Osaka,Nagoya Grampus,0,1,A,U,2.77,3.11,2.65,15,2.0,0.0,1.0,4.0,7.0,2.0,5.0,6.0,8.0,-2.0,1.0,-6.0,7.0,1.0,0.0,1.0,1.0,2.0,-1.0,42.9,28.6,35.7,57.1,A
2023-10-21,2023,Albirex Niigata,Sagan Tosu,1,1,D,U,1.87,3.69,3.93,15,1.0,0.0,1.0,2.0,6.0,5.0,1.0,5.0,7.0,-2.0,1.0,-2.0,3.0,1.0,0.0,1.0,0.0,0.0,0.0,35.7,35.7,28.6,42.9,D
2023-10-20,2023,Urawa Reds,Kashiwa Reysol,2,0,H,U,1.95,3.24,4.19,15,1.0,3.0,0.0,0.0,2.0,6.0,-4.0,1.0,3.0,-2.0,1.0,3.0,-2.0,0.0,0.0,0.0,0.0,0.0,0.0,50.0,7.1,28.6,50.0,D
2023-10-20,2023,Kawasaki Frontale,Avispa Fukuoka,4,2,H,O,1.81,3.5,4.46,15,1.0,3.0,2.0,1.0,5.0,6.0,-1.0,6.0,4.0,2.0,-1.0,2.0,-3.0,0.0,1.0,-1.0,0.0,1.0,-1.0,35.7,35.7,35.7,42.9,D
2023-10-01,2023,FC Tokyo,Gamba Osaka,3,0,H,O,2.12,3.54,3.24,15,2.0,1.0,1.0,2.0,8.0,6.0,2.0,6.0,10.0,-4.0,2.0,-4.0,6.0,1.0,0.0,1.0,0.0,1.0,-1.0,57.1,28.6,21.4,57.1,H
2023-09-30,2023,Sanfrecce Hiroshima,Nagoya Grampus,3,1,H,O,1.83,3.47,4.39,15,3.0,0.0,0.0,4.0,8.0,2.0,6.0,4.0,7.0,-3.0,4.0,-5.0,9.0,1.0,0.0,1.0,0.0,1.0,-1.0,57.1,21.4,38.5,53.8,D
2023-09-30,2023,Sagan Tosu,Kyoto,3,2,H,O,2.19,3.53,3.12,15,1.0,0.0,2.0,3.0,3.0,1.0,2.0,5.0,5.0,0.0,-2.0,-4.0,2.0,0.0,0.0,0.0,1.0,1.0,0.0,28.6,42.9,21.4,57.1,D
2023-09-30,2023,Hokkaido Consadole Sapporo,Kashiwa Reysol,1,2,A,O,1.95,3.78,3.52,14,1.0,2.0,2.0,1.0,5.0,5.0,0.0,3.0,5.0,-2.0,2.0,0.0,2.0,1.0,0.0,1.0,0.0,1.0,-1.0,30.8,53.8,23.1,53.8,A
2023-09-30,2023,Cerezo Osaka,Shonan Bellmare,0,2,A,U,1.74,3.73,4.53,15,3.0,1.0,1.0,1.0,8.0,5.0,3.0,2.0,5.0,-3.0,6.0,0.0,6.0,3.0,0.0,3.0,0.0,0.0,0.0,57.1,35.7,14.3,50.0,D
2023-09-30,2023,Avispa Fukuoka,Kashima Antlers,0,0,D,U,3.32,2.97,2.37,15,3.0,1.0,1.0,1.0,5.0,6.0,-1.0,2.0,5.0,-3.0,3.0,1.0,2.0,1.0,1.0,0.0,0.0,0.0,0.0,57.1,28.6,42.9,28.6,D
2023-09-29,2023,Yokohama F. Marinos,Vissel Kobe,0,2,A,U,2.32,3.75,2.74,14,2.0,1.0,1.0,2.0,5.0,3.0,2.0,4.0,6.0,-2.0,1.0,-3.0,4.0,0.0,0.0,0.0,0.0,2.0,-2.0,69.2,7.7,53.8,23.1,A
2023-09-29,2023,Urawa Reds,Yokohama FC,1,1,D,U,1.62,3.77,5.56,14,1.0,0.0,0.0,2.0,1.0,3.0,-2.0,0.0,7.0,-7.0,1.0,-4.0,5.0,0.0,0.0,0.0,0.0,2.0,-2.0,53.8,7.7,7.7,61.5,A
2023-09-29,2023,Kawasaki Frontale,Albirex Niigata,2,3,A,O,1.79,3.7,4.31,14,1.0,1.0,2.0,2.0,6.0,2.0,4.0,7.0,4.0,3.0,-1.0,-2.0,1.0,0.0,0.0,0.0,0.0,1.0,-1.0,38.5,30.8,21.4,42.9,D
2023-09-24,2023,Shonan Bellmare,Kawasaki Frontale,0,2,A,U,4.07,3.81,1.81,14,1.0,1.0,2.0,2.0,3.0,5.0,-2.0,4.0,8.0,-4.0,-1.0,-3.0,2.0,0.0,0.0,0.0,0.0,1.0,-1.0,15.4,53.8,35.7,50.0,A
2023-09-24,2023,Kashima Antlers,Yokohama F. Marinos,1,2,A,O,2.32,3.59,2.84,14,4.0,0.0,0.0,2.0,8.0,3.0,5.0,1.0,8.0,-7.0,7.0,-5.0,12.0,2.0,0.0,2.0,0.0,2.0,-2.0,53.8,23.1,42.9,35.7,D
2023-09-24,2023,Gamba Osaka,Urawa Reds,1,3,A,O,3.27,3.24,2.24,14,3.0,1.0,0.0,2.0,7.0,3.0,4.0,3.0,5.0,-2.0,4.0,-2.0,6.0,1.0,0.0,1.0,0.0,1.0,-1.0,46.2,23.1,35.7,28.6,D
2023-09-23,2023,Vissel Kobe,Cerezo Osaka,1,0,H,U,2.33,3.36,2.98,15,2.0,1.0,0.0,2.0,7.0,3.0,4.0,5.0,4.0,1.0,2.0,-1.0,3.0,0.0,0.0,0.0,0.0,0.0,0.0,57.1,14.3,46.2,38.5,D
2023-09-23,2023,Nagoya Grampus,Hokkaido Consadole Sapporo,1,1,D,U,2.2,3.59,3.04,15,2.0,0.0,0.0,3.0,5.0,3.0,2.0,3.0,10.0,-7.0,2.0,-7.0,9.0,0.0,0.0,0.0,0.0,2.0,-2.0,57.1,0.0,28.6,28.6,D
2023-09-23,2023,Kyoto,Sanfrecce Hiroshima,1,0,H,U,4.64,3.75,1.73,14,3.0,1.0,1.0,2.0,7.0,2.0,5.0,2.0,3.0,-1.0,5.0,-1.0,6.0,2.0,1.0,1.0,0.0,1.0,-1.0,46.2,53.8,38.5,46.2,D
2023-09-23,2023,Kashiwa Reysol,Avispa Fukuoka,1,3,A,O,2.35,2.81,3.57,15,1.0,3.0,0.0,1.0,4.0,4.0,0.0,2.0,3.0,-1.0,2.0,1.0,1.0,1.0,0.0,1.0,0.0,1.0,-1.0,14.3,28.6,30.8,46.2,H
2023-09-23,2023,FC Tokyo,Sagan Tosu,3,2,H,O,1.97,3.69,3.55,14,1.0,0.0,2.0,2.0,6.0,4.0,2.0,7.0,6.0,1.0,-1.0,-2.0,1.0,1.0,0.0,1.0,1.0,0.0,1.0,53.8,30.8,30.8,38.5,A
2023-09-23,2023,Albirex Niigata,Yokohama FC,3,1,H,O,1.89,3.47,4.09,14,1.0,0.0,1.0,2.0,5.0,2.0,3.0,4.0,7.0,-3.0,1.0,-5.0,6.0,1.0,0.0,1.0,0.0,2.0,-2.0,30.8,38.5,8.3,58.3,D
2023-09-17,2023,Yokohama FC,Kashiwa Reysol,1,2,A,O,3.44,3.21,2.17,15,2.0,1.0,1.0,2.0,6.0,3.0,3.0,2.0,5.0,-3.0,4.0,-2.0,6.0,2.0,0.0,2.0,0.0,1.0,-1.0,28.6,50.0,16.7,58.3,A
2023-09-17,2023,Gamba Osaka,Albirex Niigata,1,1,D,U,2.51,3.3,2.78,13,4.0,2.0,0.0,2.0,8.0,2.0,6.0,3.0,3.0,0.0,5.0,-1.0,6.0,1.0,0.0,1.0,0.0,1.0,-1.0,50.0,25.0,23.1,46.2,D
2023-09-16,2023,Sanfrecce Hiroshima,Vissel Kobe,2,0,H,U,2.04,3.52,3.47,14,2.0,2.0,0.0,1.0,7.0,4.0,3.0,5.0,4.0,1.0,2.0,0.0,2.0,0.0,0.0,0.0,0.0,1.0,-1.0,53.8,23.1,58.3,16.7,H
2023-09-16,2023,Kashima Antlers,Cerezo Osaka,1,0,H,U,2.25,3.18,3.28,13,3.0,2.0,0.0,1.0,7.0,7.0,0.0,1.0,4.0,-3.0,6.0,3.0,3.0,2.0,1.0,1.0,0.0,0.0,0.0,50.0,25.0,50.0,33.3,H
2023-09-16,2023,Hokkaido Consadole Sapporo,Shonan Bellmare,0,1,A,U,1.62,4.29,4.7,13,1.0,0.0,2.0,2.0,6.0,5.0,1.0,6.0,9.0,-3.0,0.0,-4.0,4.0,1.0,0.0,1.0,1.0,1.0,0.0,33.3,50.0,7.7,53.8,A
2023-09-16,2023,Avispa Fukuoka,Nagoya Grampus,1,0,H,U,3.41,2.89,2.37,14,2.0,0.0,2.0,4.0,4.0,2.0,2.0,5.0,8.0,-3.0,-1.0,-6.0,5.0,1.0,0.0,1.0,1.0,2.0,-1.0,53.8,30.8,41.7,50.0,D
2023-09-15,2023,Yokohama F. Marinos,Sagan Tosu,1,1,D,U,1.55,4.79,4.8,13,3.0,1.0,1.0,2.0,8.0,9.0,-1.0,4.0,5.0,-1.0,4.0,4.0,0.0,1.0,1.0,0.0,0.0,0.0,0.0,75.0,8.3,33.3,41.7,D
2023-09-15,2023,Urawa Reds,Kyoto,0,0,D,U,1.7,3.66,5.01,13,2.0,0.0,0.0,3.0,5.0,1.0,4.0,1.0,5.0,-4.0,4.0,-4.0,8.0,1.0,0.0,1.0,0.0,1.0,-1.0,58.3,8.3,23.1,61.5,D
2023-09-15,2023,Kawasaki Frontale,FC Tokyo,1,0,H,U,1.68,3.96,4.65,13,1.0,1.0,2.0,2.0,8.0,3.0,5.0,7.0,5.0,2.0,1.0,-2.0,3.0,1.0,0.0,1.0,0.0,1.0,-1.0,33.3,33.3,15.4,53.8,D
2023-09-03,2023,Vissel Kobe,Kyoto,2,1,H,O,1.77,3.63,4.52,14,1.0,1.0,0.0,2.0,6.0,3.0,3.0,5.0,4.0,1.0,1.0,-1.0,2.0,0.0,1.0,-1.0,0.0,1.0,-1.0,53.8,15.4,25.0,58.3,D
2023-09-03,2023,FC Tokyo,Avispa Fukuoka,1,2,A,O,2.24,3.13,3.36,13,2.0,3.0,1.0,1.0,6.0,3.0,3.0,5.0,2.0,3.0,1.0,1.0,0.0,1.0,0.0,1.0,1.0,1.0,0.0,58.3,25.0,25.0,50.0,A
2023-09-02,2023,Shonan Bellmare,Kashima Antlers,2,2,D,O,3.04,3.23,2.36,13,1.0,1.0,3.0,2.0,1.0,5.0,-4.0,8.0,5.0,3.0,-7.0,0.0,-7.0,0.0,1.0,-1.0,1.0,0.0,1.0,16.7,58.3,46.2,30.8,H
2023-09-02,2023,Sagan Tosu,Sanfrecce Hiroshima,0,2,A,U,4.18,3.87,1.77,14,1.0,0.0,2.0,3.0,4.0,0.0,4.0,5.0,4.0,1.0,-1.0,-4.0,3.0,0.0,0.0,0.0,0.0,1.0,-1.0,30.8,38.5,33.3,50.0,A
2023-09-02,2023,Nagoya Grampus,Yokohama FC,1,1,D,U,1.49,4.22,6.45,14,3.0,0.0,0.0,3.0,6.0,2.0,4.0,2.0,8.0,-6.0,4.0,-6.0,10.0,1.0,0.0,1.0,0.0,2.0,-2.0,61.5,0.0,9.1,63.6,H
2023-09-02,2023,Kashiwa Reysol,Yokohama F. Marinos,2,0,H,U,2.8,3.72,2.29,14,0.0,1.0,0.0,1.0,2.0,4.0,-2.0,2.0,6.0,-4.0,0.0,-2.0,2.0,0.0,0.0,0.0,0.0,1.0,-1.0,7.7,30.8,46.2,30.8,D
2023-09-02,2023,Hokkaido Consadole Sapporo,Gamba Osaka,4,0,H,O,1.95,3.97,3.37,12,0.0,1.0,3.0,1.0,3.0,6.0,-3.0,8.0,6.0,2.0,-5.0,0.0,-5.0,0.0,0.0,0.0,1.0,0.0,1.0,27.3,54.5,23.1,53.8,H
2023-09-02,2023,Cerezo Osaka,Kawasaki Frontale,3,0,H,O,2.33,3.54,2.86,14,2.0,1.0,2.0,2.0,5.0,5.0,0.0,3.0,7.0,-4.0,2.0,-2.0,4.0,2.0,0.0,2.0,0.0,1.0,-1.0,53.8,38.5,38.5,46.2,D
2023-09-02,2023,Albirex Niigata,Urawa Reds,1,1,D,U,3.28,3.18,2.26,13,1.0,2.0,2.0,2.0,5.0,4.0,1.0,6.0,5.0,1.0,-1.0,-1.0,0.0,1.0,0.0,1.0,1.0,1.0,0.0,33.3,41.7,38.5,30.8,A
2023-08-26,2023,Yokohama FC,Yokohama F. Marinos,4,1,H,O,4.87,4.57,1.57,14,1.0,2.0,1.0,0.0,2.0,6.0,-4.0,1.0,4.0,-3.0,1.0,2.0,-1.0,1.0,0.0,1.0,0.0,0.0,0.0,23.1,53.8,50.0,25.0,D
2023-08-26,2023,Sagan Tosu,Gamba Osaka,1,1,D,U,2.9,3.46,2.33,13,1.0,2.0,2.0,1.0,4.0,7.0,-3.0,5.0,6.0,-1.0,-1.0,1.0,-2.0,0.0,0.0,0.0,0.0,0.0,0.0,33.3,41.7,25.0,58.3,D
2023-08-26,2023,Kyoto,Avispa Fukuoka,2,0,H,U,2.71,2.99,2.79,13,3.0,3.0,1.0,1.0,7.0,4.0,3.0,3.0,2.0,1.0,4.0,2.0,2.0,1.0,0.0,1.0,0.0,0.0,0.0,41.7,58.3,27.3,45.5,H
2023-08-26,2023,Kawasaki Frontale,Hokkaido Consadole Sapporo,2,2,D,O,1.79,4.06,3.88,12,2.0,0.0,2.0,3.0,7.0,2.0,5.0,5.0,9.0,-4.0,2.0,-7.0,9.0,1.0,0.0,1.0,0.0,2.0,-2.0,36.4,36.4,30.8,30.8,A
2023-08-26,2023,Kashiwa Reysol,Sanfrecce Hiroshima,0,0,D,U,3.22,3.21,2.27,13,0.0,0.0,1.0,4.0,6.0,1.0,5.0,7.0,6.0,1.0,-1.0,-5.0,4.0,0.0,0.0,0.0,0.0,1.0,-1.0,8.3,33.3,36.4,54.5,D
2023-08-26,2023,Kashima Antlers,Albirex Niigata,2,0,H,U,1.9,3.26,4.35,12,3.0,2.0,0.0,1.0,6.0,2.0,4.0,1.0,1.0,0.0,5.0,1.0,4.0,1.0,0.0,1.0,0.0,0.0,0.0,45.5,27.3,25.0,41.7,H
2023-08-26,2023,FC Tokyo,Vissel Kobe,2,2,D,O,3.22,3.5,2.14,12,3.0,3.0,1.0,1.0,6.0,5.0,1.0,3.0,2.0,1.0,3.0,3.0,0.0,2.0,1.0,1.0,1.0,1.0,0.0,63.6,27.3,63.6,18.2,H
2023-08-26,2023,Cerezo Osaka,Nagoya Grampus,3,1,H,O,2.77,3.24,2.55,13,2.0,1.0,2.0,3.0,4.0,3.0,1.0,3.0,6.0,-3.0,1.0,-3.0,4.0,1.0,0.0,1.0,0.0,1.0,-1.0,50.0,41.7,45.5,45.5,D
2023-08-25,2023,Shonan Bellmare,Urawa Reds,0,1,A,U,3.8,3.34,2.0,12,1.0,1.0,2.0,2.0,3.0,3.0,0.0,9.0,5.0,4.0,-6.0,-2.0,-4.0,0.0,0.0,0.0,1.0,1.0,0.0,18.2,54.5,33.3,33.3,D
2023-08-20,2023,Yokohama FC,Cerezo Osaka,0,1,A,U,3.63,3.43,2.01,13,1.0,1.0,1.0,2.0,3.0,7.0,-4.0,2.0,7.0,-5.0,1.0,0.0,1.0,1.0,1.0,0.0,0.0,1.0,-1.0,25.0,50.0,45.5,36.4,D
2023-08-19,2023,Yokohama F. Marinos,FC Tokyo,2,1,H,O,1.68,4.31,4.2,12,3.0,1.0,1.0,2.0,10.0,4.0,6.0,6.0,6.0,0.0,4.0,-2.0,6.0,1.0,0.0,1.0,0.0,1.0,-1.0,72.7,9.1,16.7,50.0,D
2023-08-19,2023,Vissel Kobe,Kashiwa Reysol,1,1,D,U,1.93,3.47,3.87,13,2.0,1.0,0.0,3.0,8.0,5.0,3.0,6.0,8.0,-2.0,2.0,-3.0,5.0,0.0,0.0,0.0,0.0,1.0,-1.0,58.3,16.7,18.2,63.6,A
2023-08-19,2023,Sanfrecce Hiroshima,Kawasaki Frontale,3,2,H,O,2.25,3.35,3.12,13,1.0,1.0,1.0,1.0,4.0,4.0,0.0,4.0,5.0,-1.0,0.0,-1.0,1.0,0.0,0.0,0.0,0.0,1.0,-1.0,50.0,25.0,41.7,41.7,D
2023-08-19,2023,Kyoto,Hokkaido Consadole Sapporo,3,0,H,O,3.3,3.59,2.07,12,2.0,0.0,2.0,2.0,4.0,3.0,1.0,5.0,7.0,-2.0,-1.0,-4.0,3.0,0.0,0.0,0.0,1.0,1.0,0.0,36.4,63.6,33.3,25.0,H
2023-08-19,2023,Kashima Antlers,Sagan Tosu,2,1,H,O,1.68,3.77,4.88,11,2.0,2.0,0.0,1.0,5.0,10.0,-5.0,1.0,4.0,-3.0,4.0,6.0,-2.0,1.0,1.0,0.0,0.0,0.0,0.0,40.0,30.0,36.4,36.4,H
2023-08-19,2023,Gamba Osaka,Shonan Bellmare,2,1,H,O,2.05,3.46,3.49,12,4.0,0.0,0.0,2.0,9.0,5.0,4.0,3.0,11.0,-8.0,6.0,-6.0,12.0,2.0,0.0,2.0,0.0,2.0,-2.0,45.5,27.3,8.3,50.0,H
2023-08-18,2023,Urawa Reds,Nagoya Grampus,1,0,H,U,2.16,3.06,3.64,12,1.0,1.0,0.0,3.0,5.0,3.0,2.0,2.0,7.0,-5.0,3.0,-4.0,7.0,1.0,0.0,1.0,0.0,2.0,-2.0,54.5,9.1,50.0,40.0,H
2023-08-18,2023,Avispa Fukuoka,Albirex Niigata,0,1,A,U,2.38,2.94,3.28,13,2.0,1.0,2.0,1.0,5.0,3.0,2.0,6.0,3.0,3.0,-1.0,0.0,-1.0,1.0,0.0,1.0,1.0,0.0,1.0,58.3,25.0,18.2,45.5,A
2023-08-13,2023,Sanfrecce Hiroshima,Urawa Reds,2,1,H,O,2.32,3.09,3.23,12,1.0,2.0,1.0,1.0,5.0,4.0,1.0,4.0,3.0,1.0,1.0,1.0,0.0,1.0,1.0,0.0,0.0,1.0,-1.0,45.5,27.3,36.4,27.3,A
2023-08-13,2023,Nagoya Grampus,Kashima Antlers,1,0,H,U,2.53,3.02,2.94,13,3.0,1.0,0.0,1.0,7.0,5.0,2.0,3.0,4.0,-1.0,4.0,1.0,3.0,1.0,1.0,0.0,0.0,0.0,0.0,58.3,0.0,50.0,25.0,H
2023-08-12,2023,Yokohama F. Marinos,Gamba Osaka,2,1,H,O,1.71,4.33,4.01,11,3.0,3.0,1.0,0.0,10.0,9.0,1.0,5.0,5.0,0.0,5.0,4.0,1.0,2.0,1.0,1.0,0.0,0.0,0.0,70.0,10.0,27.3,54.5,D
2023-08-12,2023,Kawasaki Frontale,Vissel Kobe,0,1,A,U,2.27,3.5,2.96,11,3.0,2.0,1.0,2.0,9.0,5.0,4.0,4.0,4.0,0.0,5.0,1.0,4.0,2.0,1.0,1.0,0.0,1.0,-1.0,40.0,30.0,60.0,20.0,A
2023-08-12,2023,Kashiwa Reysol,Cerezo Osaka,1,1,D,U,2.54,3.28,2.72,12,0.0,2.0,1.0,2.0,6.0,8.0,-2.0,7.0,6.0,1.0,-1.0,2.0,-3.0,0.0,2.0,-2.0,0.0,1.0,-1.0,9.1,36.4,50.0,40.0,H
2023-08-12,2023,Hokkaido Consadole Sapporo,Sagan Tosu,1,1,D,U,1.69,4.34,4.14,11,1.0,2.0,3.0,1.0,4.0,9.0,-5.0,8.0,3.0,5.0,-4.0,6.0,-10.0,0.0,1.0,-1.0,1.0,0.0,1.0,30.0,60.0,40.0,40.0,D
2023-08-12,2023,FC Tokyo,Kyoto,2,0,H,U,2.06,3.41,3.49,11,2.0,1.0,2.0,2.0,6.0,4.0,2.0,6.0,5.0,1.0,0.0,-1.0,1.0,1.0,1.0,0.0,1.0,1.0,0.0,60.0,30.0,27.3,54.5,H
2023-08-12,2023,Avispa Fukuoka,Yokohama FC,2,0,H,U,1.9,3.3,4.27,12,1.0,0.0,2.0,3.0,3.0,2.0,1.0,6.0,8.0,-2.0,-3.0,-6.0,3.0,0.0,0.0,0.0,1.0,2.0,-1.0,54.5,27.3,10.0,60.0,H
2023-08-12,2023,Albirex Niigata,Shonan Bellmare,2,2,D,O,2.21,3.26,3.26,12,1.0,0.0,3.0,3.0,4.0,3.0,1.0,7.0,10.0,-3.0,-3.0,-7.0,4.0,1.0,0.0,1.0,2.0,2.0,0.0,36.4,45.5,9.1,54.5,A
2023-08-06,2023,Yokohama FC,Vissel Kobe,2,0,H,U,5.32,4.14,1.58,12,1.0,2.0,1.0,1.0,3.0,6.0,-3.0,3.0,3.0,0.0,0.0,3.0,-3.0,0.0,1.0,-1.0,0.0,0.0,0.0,18.2,54.5,66.7,11.1,H
2023-08-06,2023,Urawa Reds,Yokohama F. Marinos,0,0,D,U,2.53,3.75,2.48,11,1.0,3.0,0.0,0.0,5.0,8.0,-3.0,2.0,4.0,-2.0,3.0,4.0,-1.0,1.0,1.0,0.0,0.0,0.0,0.0,60.0,10.0,54.5,27.3,D
2023-08-06,2023,Sagan Tosu,Avispa Fukuoka,0,1,A,U,2.61,3.05,2.81,12,1.0,2.0,1.0,2.0,6.0,3.0,3.0,6.0,4.0,2.0,0.0,-1.0,1.0,0.0,0.0,0.0,0.0,1.0,-1.0,36.4,36.4,20.0,50.0,A
2023-08-06,2023,Kyoto,Kashiwa Reysol,0,1,A,U,2.57,3.2,2.74,11,2.0,0.0,2.0,4.0,4.0,4.0,0.0,5.0,10.0,-5.0,-1.0,-6.0,5.0,0.0,0.0,0.0,1.0,2.0,-1.0,40.0,60.0,10.0,70.0,A
2023-08-06,2023,Kawasaki Frontale,Gamba Osaka,3,4,A,O,1.61,3.95,5.24,10,4.0,2.0,0.0,1.0,7.0,6.0,1.0,0.0,5.0,-5.0,7.0,1.0,6.0,2.0,1.0,1.0,0.0,1.0,-1.0,44.4,22.2,20.0,60.0,A
2023-08-06,2023,Kashima Antlers,Hokkaido Consadole Sapporo,3,0,H,O,2.08,3.58,3.27,10,2.0,1.0,0.0,1.0,4.0,8.0,-4.0,1.0,8.0,-7.0,3.0,0.0,3.0,1.0,0.0,1.0,0.0,0.0,0.0,33.3,33.3,36.4,18.2,H
2023-08-06,2023,Cerezo Osaka,FC Tokyo,0,1,A,U,2.26,3.29,3.13,12,3.0,0.0,1.0,2.0,6.0,4.0,2.0,2.0,7.0,-5.0,4.0,-3.0,7.0,2.0,0.0,2.0,0.0,1.0,-1.0,54.5,36.4,9.1,54.5,A
2023-08-05,2023,Shonan Bellmare,Sanfrecce Hiroshima,1,0,H,U,3.06,3.41,2.25,11,0.0,0.0,3.0,4.0,2.0,2.0,0.0,11.0,7.0,4.0,-9.0,-5.0,-4.0,0.0,0.0,0.0,2.0,1.0,1.0,10.0,60.0,40.0,50.0,D
2023-08-05,2023,Nagoya Grampus,Albirex Niigata,1,0,H,U,1.86,3.37,4.36,12,3.0,1.0,0.0,1.0,9.0,3.0,6.0,4.0,4.0,0.0,5.0,-1.0,6.0,2.0,0.0,2.0,0.0,1.0,-1.0,54.5,0.0,20.0,40.0,H
2023-07-22,2023,Vissel Kobe,Kawasaki Frontale,2,2,D,O,2.36,3.48,2.83,12,3.0,1.0,0.0,2.0,8.0,3.0,5.0,4.0,5.0,-1.0,4.0,-2.0,6.0,1.0,0.0,1.0,0.0,1.0,-1.0,63.6,18.2,45.5,45.5,A
2023-07-16,2023,Vissel Kobe,Sagan Tosu,2,1,H,O,1.54,4.32,5.43,11,3.0,3.0,0.0,0.0,9.0,10.0,-1.0,3.0,1.0,2.0,6.0,9.0,-3.0,2.0,2.0,0.0,0.0,0.0,0.0,60.0,20.0,44.4,33.3,D
2023-07-16,2023,Shonan Bellmare,Avispa Fukuoka,0,1,A,U,2.43,3.14,3.0,10,0.0,1.0,3.0,3.0,4.0,3.0,1.0,14.0,7.0,7.0,-10.0,-4.0,-6.0,0.0,0.0,0.0,3.0,2.0,1.0,11.1,55.6,11.1,55.6,D
2023-07-16,2023,Sanfrecce Hiroshima,Yokohama FC,1,1,D,U,1.52,4.34,5.65,11,2.0,1.0,1.0,3.0,5.0,2.0,3.0,3.0,7.0,-4.0,2.0,-5.0,7.0,1.0,0.0,1.0,0.0,2.0,-2.0,50.0,30.0,11.1,66.7,D
2023-07-16,2023,Kyoto,Nagoya Grampus,2,1,H,O,3.46,3.33,2.12,10,1.0,1.0,3.0,2.0,2.0,3.0,-1.0,5.0,6.0,-1.0,-3.0,-3.0,0.0,0.0,0.0,0.0,1.0,2.0,-1.0,33.3,66.7,55.6,33.3,H
2023-07-16,2023,Gamba Osaka,Kashiwa Reysol,3,1,H,O,2.08,3.35,3.51,11,3.0,0.0,1.0,3.0,6.0,3.0,3.0,4.0,7.0,-3.0,2.0,-4.0,6.0,1.0,0.0,1.0,1.0,1.0,0.0,40.0,30.0,11.1,66.7,D
2023-07-16,2023,FC Tokyo,Kashima Antlers,1,3,A,O,2.67,3.04,2.77,10,3.0,0.0,1.0,1.0,7.0,4.0,3.0,4.0,5.0,-1.0,3.0,-1.0,4.0,1.0,0.0,1.0,0.0,0.0,0.0,66.7,22.2,45.5,27.3,A
2023-07-16,2023,Cerezo Osaka,Urawa Reds,2,0,H,U,3.34,3.1,2.25,11,2.0,2.0,2.0,0.0,4.0,4.0,0.0,3.0,1.0,2.0,1.0,3.0,-2.0,1.0,1.0,0.0,0.0,0.0,0.0,50.0,40.0,40.0,20.0,H
2023-07-15,2023,Yokohama F. Marinos,Kawasaki Frontale,0,1,A,U,2.17,3.91,2.88,10,4.0,0.0,0.0,3.0,14.0,3.0,11.0,5.0,7.0,-2.0,9.0,-4.0,13.0,3.0,0.0,3.0,0.0,1.0,-1.0,77.8,0.0,40.0,50.0,D
2023-07-15,2023,Hokkaido Consadole Sapporo,Albirex Niigata,0,1,A,U,1.78,4.02,3.97,10,2.0,0.0,2.0,2.0,9.0,2.0,7.0,8.0,5.0,3.0,1.0,-3.0,4.0,1.0,0.0,1.0,1.0,1.0,0.0,33.3,55.6,11.1,44.4,D
2023-07-08,2023,Urawa Reds,FC Tokyo,0,0,D,U,1.88,3.44,4.15,10,2.0,0.0,0.0,3.0,7.0,5.0,2.0,3.0,12.0,-9.0,4.0,-7.0,11.0,1.0,0.0,1.0,0.0,2.0,-2.0,66.7,11.1,10.0,60.0,D
2023-07-08,2023,Sanfrecce Hiroshima,Kashima Antlers,1,1,D,U,2.36,3.2,3.07,10,3.0,1.0,1.0,1.0,7.0,4.0,3.0,3.0,4.0,-1.0,4.0,0.0,4.0,2.0,0.0,2.0,0.0,0.0,0.0,55.6,33.3,50.0,30.0,A
2023-07-08,2023,Sagan Tosu,Cerezo Osaka,2,1,H,O,2.89,3.36,2.38,11,1.0,3.0,1.0,1.0,6.0,8.0,-2.0,5.0,4.0,1.0,1.0,4.0,-3.0,1.0,2.0,-1.0,0.0,1.0,-1.0,30.0,40.0,55.6,33.3,A
2023-07-08,2023,Nagoya Grampus,Yokohama F. Marinos,2,2,D,O,2.44,3.7,2.61,11,4.0,3.0,0.0,1.0,9.0,7.0,2.0,3.0,4.0,-1.0,6.0,3.0,3.0,2.0,1.0,1.0,0.0,0.0,0.0,60.0,0.0,60.0,30.0,A
2023-07-08,2023,Kawasaki Frontale,Yokohama FC,3,0,H,O,1.45,4.54,6.47,9,3.0,1.0,0.0,3.0,5.0,2.0,3.0,1.0,7.0,-6.0,4.0,-5.0,9.0,1.0,0.0,1.0,0.0,2.0,-2.0,37.5,25.0,12.5,62.5,H
2023-07-08,2023,Kashiwa Reysol,Shonan Bellmare,1,1,D,U,2.22,3.46,3.08,11,0.0,0.0,2.0,4.0,5.0,2.0,3.0,7.0,10.0,-3.0,-2.0,-8.0,6.0,0.0,0.0,0.0,0.0,2.0,-2.0,10.0,40.0,10.0,60.0,H
2023-07-08,2023,Gamba Osaka,Kyoto,1,0,H,U,1.82,3.59,4.26,10,2.0,1.0,2.0,2.0,6.0,5.0,1.0,6.0,6.0,0.0,0.0,-1.0,1.0,1.0,1.0,0.0,1.0,1.0,0.0,33.3,33.3,30.0,50.0,D
2023-07-08,2023,Avispa Fukuoka,Hokkaido Consadole Sapporo,2,1,H,O,2.89,3.42,2.35,11,0.0,2.0,2.0,0.0,1.0,11.0,-10.0,5.0,8.0,-3.0,-4.0,3.0,-7.0,0.0,1.0,-1.0,1.0,0.0,1.0,50.0,30.0,40.0,10.0,A
2023-07-07,2023,Albirex Niigata,Vissel Kobe,0,1,A,U,3.54,3.61,1.98,11,2.0,1.0,2.0,1.0,6.0,7.0,-1.0,7.0,5.0,2.0,-1.0,2.0,-3.0,1.0,1.0,0.0,2.0,0.0,2.0,40.0,40.0,62.5,12.5,A
2023-07-02,2023,Yokohama F. Marinos,Shonan Bellmare,4,1,H,O,1.64,4.43,4.42,9,3.0,0.0,0.0,4.0,11.0,1.0,10.0,5.0,8.0,-3.0,6.0,-7.0,13.0,2.0,0.0,2.0,0.0,2.0,-2.0,75.0,0.0,11.1,55.6,H
2023-07-01,2023,Yokohama FC,Gamba Osaka,0,0,D,U,3.93,3.73,1.85,11,2.0,2.0,1.0,2.0,4.0,6.0,-2.0,3.0,6.0,-3.0,1.0,0.0,1.0,0.0,1.0,-1.0,0.0,1.0,-1.0,20.0,60.0,22.2,66.7,D
2023-07-01,2023,Vissel Kobe,Hokkaido Consadole Sapporo,1,1,D,U,1.76,4.01,4.04,10,4.0,3.0,0.0,0.0,10.0,14.0,-4.0,2.0,8.0,-6.0,8.0,6.0,2.0,3.0,2.0,1.0,0.0,0.0,0.0,66.7,22.2,44.4,11.1,A
2023-07-01,2023,Sagan Tosu,Urawa Reds,1,2,A,O,3.92,3.57,1.89,10,1.0,1.0,1.0,0.0,6.0,3.0,3.0,6.0,1.0,5.0,0.0,2.0,-2.0,1.0,1.0,0.0,1.0,0.0,1.0,33.3,33.3,33.3,22.2,A
2023-07-01,2023,Nagoya Grampus,Kawasaki Frontale,2,0,H,U,2.58,3.27,2.69,10,4.0,1.0,0.0,2.0,8.0,4.0,4.0,3.0,5.0,-2.0,5.0,-1.0,6.0,1.0,0.0,1.0,0.0,0.0,0.0,55.6,0.0,44.4,44.4,H
2023-07-01,2023,Kashima Antlers,Kyoto,0,0,D,U,1.82,3.48,4.41,9,3.0,1.0,0.0,3.0,8.0,6.0,2.0,1.0,10.0,-9.0,7.0,-4.0,11.0,2.0,1.0,1.0,0.0,2.0,-2.0,37.5,37.5,33.3,55.6,D
2023-07-01,2023,FC Tokyo,Kashiwa Reysol,1,0,H,U,2.1,3.38,3.42,9,3.0,1.0,1.0,2.0,8.0,5.0,3.0,5.0,7.0,-2.0,3.0,-2.0,5.0,1.0,0.0,1.0,0.0,1.0,-1.0,62.5,25.0,12.5,62.5,H
2023-07-01,2023,Albirex Niigata,Sanfrecce Hiroshima,2,0,H,U,3.68,3.47,1.99,10,1.0,0.0,2.0,4.0,4.0,2.0,2.0,7.0,7.0,0.0,-3.0,-5.0,2.0,0.0,0.0,0.0,2.0,1.0,1.0,33.3,44.4,44.4,44.4,H
2023-06-30,2023,Cerezo Osaka,Avispa Fukuoka,0,1,A,U,2.24,3.07,3.44,10,2.0,0.0,2.0,3.0,4.0,4.0,0.0,3.0,9.0,-6.0,1.0,-5.0,6.0,1.0,0.0,1.0,0.0,2.0,-2.0,55.6,33.3,0.0,62.5,A
2023-06-28,2023,Urawa Reds,Shonan Bellmare,4,1,H,O,1.72,3.74,4.69,9,2.0,0.0,0.0,3.0,6.0,2.0,4.0,3.0,6.0,-3.0,3.0,-4.0,7.0,1.0,0.0,1.0,0.0,1.0,-1.0,62.5,12.5,12.5,50.0,H
2023-06-25,2023,Avispa Fukuoka,Vissel Kobe,0,3,A,O,3.78,3.23,2.04,10,1.0,1.0,1.0,1.0,2.0,9.0,-7.0,2.0,6.0,-4.0,0.0,3.0,-3.0,0.0,1.0,-1.0,0.0,0.0,0.0,55.6,22.2,57.1,14.3,A
2023-06-24,2023,Urawa Reds,Kawasaki Frontale,1,1,D,U,2.58,3.2,2.75,8,2.0,2.0,1.0,2.0,5.0,6.0,-1.0,4.0,5.0,-1.0,1.0,1.0,0.0,1.0,1.0,0.0,1.0,0.0,1.0,71.4,14.3,50.0,50.0,D
2023-06-24,2023,Shonan Bellmare,Sagan Tosu,0,6,A,O,2.14,3.46,3.23,9,0.0,2.0,3.0,1.0,5.0,4.0,1.0,10.0,2.0,8.0,-5.0,2.0,-7.0,0.0,1.0,-1.0,2.0,0.0,2.0,12.5,50.0,37.5,37.5,A
2023-06-24,2023,Sanfrecce Hiroshima,Yokohama F. Marinos,0,1,A,U,2.06,3.86,3.12,9,3.0,3.0,1.0,1.0,8.0,9.0,-1.0,4.0,5.0,-1.0,4.0,4.0,0.0,2.0,2.0,0.0,0.0,0.0,0.0,62.5,25.0,55.6,33.3,A
2023-06-24,2023,Kyoto,Yokohama FC,2,1,H,O,1.95,3.46,3.81,9,0.0,1.0,4.0,2.0,2.0,2.0,0.0,7.0,6.0,1.0,-5.0,-4.0,-1.0,0.0,0.0,0.0,1.0,2.0,-1.0,25.0,75.0,14.3,57.1,D
2023-06-24,2023,Kashiwa Reysol,Albirex Niigata,0,0,D,U,2.34,3.37,2.93,10,0.0,0.0,2.0,3.0,6.0,3.0,3.0,8.0,7.0,1.0,-2.0,-4.0,2.0,0.0,0.0,0.0,0.0,1.0,-1.0,11.1,44.4,12.5,50.0,D
2023-06-24,2023,Hokkaido Consadole Sapporo,Cerezo Osaka,1,4,A,O,1.86,3.89,3.72,9,2.0,3.0,2.0,1.0,8.0,6.0,2.0,5.0,4.0,1.0,3.0,2.0,1.0,1.0,1.0,0.0,0.0,1.0,-1.0,37.5,50.0,50.0,37.5,A
2023-06-24,2023,Gamba Osaka,Kashima Antlers,2,1,H,O,2.76,3.1,2.65,9,1.0,2.0,2.0,0.0,5.0,4.0,1.0,6.0,2.0,4.0,-1.0,2.0,-3.0,1.0,0.0,1.0,1.0,0.0,1.0,25.0,37.5,55.6,22.2,H
2023-06-24,2023,FC Tokyo,Nagoya Grampus,2,0,H,U,3.38,3.29,2.15,8,2.0,2.0,2.0,1.0,7.0,5.0,2.0,7.0,5.0,2.0,0.0,0.0,0.0,0.0,0.0,0.0,0.0,1.0,-1.0,57.1,28.6,62.5,25.0,H
2023-06-11,2023,Yokohama FC,Urawa Reds,0,0,D,U,6.29,4.19,1.5,10,2.0,1.0,2.0,0.0,5.0,3.0,2.0,7.0,1.0,6.0,-2.0,2.0,-4.0,0.0,1.0,-1.0,1.0,0.0,1.0,22.2,66.7,37.5,25.0,D
2023-06-11,2023,Nagoya Grampus,Avispa Fukuoka,2,1,H,O,1.78,3.37,4.9,9,3.0,0.0,0.0,3.0,8.0,5.0,3.0,4.0,10.0,-6.0,4.0,-5.0,9.0,1.0,0.0,1.0,0.0,2.0,-2.0,50.0,0.0,0.0,57.1,H
2023-06-11,2023,Kawasaki Frontale,Sanfrecce Hiroshima,1,0,H,U,2.4,3.27,2.94,8,2.0,1.0,1.0,3.0,5.0,3.0,2.0,3.0,6.0,-3.0,2.0,-3.0,5.0,1.0,0.0,1.0,0.0,1.0,-1.0,28.6,28.6,50.0,37.5,D
2023-06-11,2023,Kashima Antlers,Shonan Bellmare,1,0,H,U,1.77,3.51,4.71,8,2.0,0.0,1.0,2.0,8.0,4.0,4.0,6.0,7.0,-1.0,2.0,-3.0,5.0,2.0,0.0,2.0,1.0,1.0,0.0,28.6,42.9,14.3,42.9,H
2023-06-11,2023,Gamba Osaka,FC Tokyo,3,1,H,O,2.4,3.23,2.97,8,1.0,0.0,2.0,3.0,4.0,4.0,0.0,5.0,10.0,-5.0,-1.0,-6.0,5.0,1.0,0.0,1.0,1.0,1.0,0.0,14.3,42.9,11.1,55.6,H
2023-06-11,2023,Albirex Niigata,Kyoto,1,3,A,O,2.26,3.35,3.11,9,1.0,0.0,2.0,3.0,3.0,4.0,-1.0,6.0,10.0,-4.0,-3.0,-6.0,3.0,0.0,0.0,0.0,2.0,2.0,0.0,37.5,37.5,25.0,62.5,A
2023-06-10,2023,Yokohama F. Marinos,Kashiwa Reysol,4,3,H,O,1.63,4.32,4.57,8,3.0,1.0,0.0,2.0,12.0,2.0,10.0,2.0,4.0,-2.0,10.0,-2.0,12.0,3.0,0.0,3.0,0.0,1.0,-1.0,71.4,0.0,14.3,57.1,H
2023-06-10,2023,Sagan Tosu,Hokkaido Consadole Sapporo,1,1,D,U,3.47,3.79,1.96,9,1.0,3.0,1.0,1.0,6.0,14.0,-8.0,6.0,11.0,-5.0,0.0,3.0,-3.0,1.0,2.0,-1.0,1.0,1.0,0.0,37.5,37.5,50.0,12.5,A
2023-06-10,2023,Cerezo Osaka,Vissel Kobe,2,1,H,O,3.25,3.4,2.17,9,2.0,2.0,2.0,0.0,3.0,11.0,-8.0,2.0,4.0,-2.0,1.0,7.0,-6.0,1.0,2.0,-1.0,0.0,0.0,0.0,50.0,37.5,66.7,0.0,D
2023-06-04,2023,Urawa Reds,Kashima Antlers,0,0,D,U,2.33,3.02,3.26,7,3.0,3.0,1.0,0.0,9.0,6.0,3.0,5.0,2.0,3.0,4.0,4.0,0.0,2.0,1.0,1.0,1.0,0.0,1.0,83.3,16.7,62.5,25.0,D
2023-06-04,2023,Sanfrecce Hiroshima,Kyoto,3,1,H,O,1.54,4.11,5.89,8,3.0,0.0,1.0,3.0,6.0,4.0,2.0,3.0,9.0,-6.0,3.0,-5.0,8.0,1.0,0.0,1.0,0.0,1.0,-1.0,57.1,28.6,28.6,57.1,D
2023-06-03,2023,Yokohama FC,Sagan Tosu,1,2,A,O,2.88,3.33,2.41,9,2.0,2.0,2.0,1.0,4.0,5.0,-1.0,8.0,3.0,5.0,-4.0,2.0,-6.0,0.0,1.0,-1.0,2.0,0.0,2.0,25.0,62.5,28.6,42.9,D
2023-06-03,2023,Shonan Bellmare,Albirex Niigata,2,2,D,O,2.12,3.52,3.25,8,0.0,0.0,3.0,3.0,4.0,1.0,3.0,9.0,5.0,4.0,-5.0,-4.0,-1.0,0.0,0.0,0.0,2.0,1.0,1.0,14.3,57.1,14.3,57.1,D
2023-06-03,2023,Nagoya Grampus,Cerezo Osaka,3,1,H,O,1.97,3.28,3.99,8,2.0,4.0,0.0,0.0,7.0,7.0,0.0,5.0,2.0,3.0,2.0,5.0,-3.0,0.0,1.0,-1.0,0.0,0.0,0.0,42.9,0.0,57.1,28.6,H
2023-06-03,2023,Kashiwa Reysol,Hokkaido Consadole Sapporo,4,5,A,O,3.17,3.6,2.12,9,1.0,3.0,1.0,1.0,3.0,12.0,-9.0,3.0,9.0,-6.0,0.0,3.0,-3.0,0.0,2.0,-2.0,0.0,1.0,-1.0,12.5,37.5,42.9,14.3,A
2023-06-03,2023,FC Tokyo,Yokohama F. Marinos,2,3,A,O,2.89,3.8,2.2,7,2.0,3.0,1.0,1.0,7.0,9.0,-2.0,6.0,5.0,1.0,1.0,4.0,-3.0,0.0,2.0,-2.0,0.0,0.0,0.0,66.7,16.7,50.0,37.5,H
2023-06-03,2023,Avispa Fukuoka,Gamba Osaka,1,2,A,O,2.31,3.02,3.32,9,1.0,1.0,1.0,3.0,2.0,4.0,-2.0,3.0,9.0,-6.0,-1.0,-5.0,4.0,0.0,1.0,-1.0,1.0,2.0,-1.0,62.5,12.5,12.5,75.0,A
2023-05-31,2023,Urawa Reds,Sanfrecce Hiroshima,2,1,H,O,2.74,3.09,2.67,6,3.0,2.0,1.0,2.0,9.0,5.0,4.0,5.0,4.0,1.0,4.0,1.0,3.0,2.0,1.0,1.0,1.0,1.0,0.0,80.0,20.0,57.1,28.6,D
2023-05-28,2023,Yokohama F. Marinos,Avispa Fukuoka,2,0,H,U,1.99,3.55,3.59,7,3.0,0.0,0.0,2.0,12.0,6.0,6.0,3.0,9.0,-6.0,9.0,-3.0,12.0,2.0,0.0,2.0,0.0,1.0,-1.0,66.7,0.0,0.0,50.0,H
2023-05-28,2023,Kawasaki Frontale,Kashiwa Reysol,2,0,H,U,1.66,3.8,5.02,7,1.0,1.0,1.0,1.0,3.0,3.0,0.0,3.0,3.0,0.0,0.0,0.0,0.0,0.0,0.0,0.0,0.0,0.0,0.0,16.7,33.3,16.7,50.0,H
2023-05-28,2023,Cerezo Osaka,Yokohama FC,2,0,H,U,1.58,4.19,5.14,8,1.0,1.0,3.0,2.0,3.0,2.0,1.0,5.0,9.0,-4.0,-2.0,-7.0,5.0,0.0,0.0,0.0,0.0,2.0,-2.0,42.9,42.9,16.7,50.0,H
2023-05-28,2023,Albirex Niigata,Gamba Osaka,1,3,A,O,2.15,3.35,3.34,8,2.0,0.0,1.0,4.0,5.0,2.0,3.0,5.0,10.0,-5.0,0.0,-8.0,8.0,0.0,0.0,0.0,1.0,2.0,-1.0,42.9,28.6,0.0,85.7,A
2023-05-27,2023,Vissel Kobe,FC Tokyo,3,2,H,O,1.69,3.76,4.85,9,3.0,1.0,1.0,2.0,9.0,4.0,5.0,3.0,8.0,-5.0,6.0,-4.0,10.0,3.0,0.0,3.0,0.0,1.0,-1.0,62.5,25.0,12.5,50.0,H
2023-05-27,2023,Sanfrecce Hiroshima,Shonan Bellmare,1,0,H,U,1.69,3.89,4.65,7,3.0,0.0,1.0,2.0,6.0,5.0,1.0,3.0,8.0,-5.0,3.0,-3.0,6.0,1.0,0.0,1.0,0.0,1.0,-1.0,50.0,33.3,16.7,33.3,D
2023-05-27,2023,Sagan Tosu,Kashima Antlers,2,2,D,O,4.13,3.34,1.92,8,2.0,3.0,1.0,1.0,5.0,4.0,1.0,4.0,1.0,3.0,1.0,3.0,-2.0,1.0,1.0,0.0,1.0,0.0,1.0,42.9,42.9,71.4,28.6,D
2023-05-27,2023,Kyoto,Urawa Reds,0,2,A,U,4.21,3.4,1.88,8,1.0,1.0,3.0,0.0,4.0,4.0,0.0,6.0,1.0,5.0,-2.0,3.0,-5.0,0.0,1.0,-1.0,0.0,0.0,0.0,28.6,71.4,28.6,28.6,D
2023-05-27,2023,Hokkaido Consadole Sapporo,Nagoya Grampus,1,2,A,O,2.58,3.36,2.65,8,2.0,2.0,1.0,1.0,9.0,6.0,3.0,5.0,5.0,0.0,4.0,1.0,3.0,1.0,1.0,0.0,0.0,1.0,-1.0,42.9,42.9,57.1,28.6,A
2023-05-20,2023,Yokohama FC,Kawasaki Frontale,2,1,H,O,7.52,4.74,1.39,8,1.0,2.0,2.0,2.0,3.0,5.0,-2.0,8.0,5.0,3.0,-5.0,0.0,-5.0,0.0,1.0,-1.0,2.0,1.0,1.0,14.3,71.4,57.1,42.9,H
2023-05-20,2023,Shonan Bellmare,Cerezo Osaka,0,2,A,U,2.17,3.48,3.18,7,1.0,3.0,2.0,0.0,8.0,5.0,3.0,8.0,2.0,6.0,0.0,3.0,-3.0,1.0,0.0,1.0,1.0,0.0,1.0,16.7,50.0,50.0,33.3,D
2023-05-20,2023,Sagan Tosu,Albirex Niigata,2,0,H,U,3.05,3.32,2.3,7,1.0,0.0,2.0,3.0,3.0,2.0,1.0,5.0,5.0,0.0,-2.0,-3.0,1.0,0.0,0.0,0.0,1.0,0.0,1.0,33.3,50.0,16.7,50.0,H
2023-05-20,2023,Nagoya Grampus,Sanfrecce Hiroshima,2,1,H,O,2.66,3.01,2.81,7,1.0,3.0,0.0,1.0,5.0,6.0,-1.0,4.0,3.0,1.0,1.0,3.0,-2.0,0.0,1.0,-1.0,0.0,1.0,-1.0,33.3,0.0,66.7,16.7,D
2023-05-20,2023,Kashiwa Reysol,Vissel Kobe,1,1,D,U,3.35,3.46,2.1,8,1.0,3.0,2.0,0.0,2.0,11.0,-9.0,5.0,3.0,2.0,-3.0,8.0,-11.0,0.0,2.0,-2.0,1.0,0.0,1.0,14.3,42.9,80.0,0.0,A
2023-05-20,2023,Kashima Antlers,FC Tokyo,1,1,D,U,1.92,3.27,4.21,7,2.0,1.0,2.0,3.0,8.0,3.0,5.0,7.0,8.0,-1.0,1.0,-5.0,6.0,2.0,0.0,2.0,1.0,1.0,0.0,33.3,50.0,14.3,57.1,D
2023-05-20,2023,Gamba Osaka,Yokohama F. Marinos,0,2,A,U,3.3,3.91,1.99,7,1.0,2.0,1.0,1.0,6.0,8.0,-2.0,5.0,6.0,-1.0,1.0,2.0,-1.0,1.0,1.0,0.0,0.0,0.0,0.0,16.7,33.3,42.9,42.9,A
2023-05-20,2023,Avispa Fukuoka,Urawa Reds,0,0,D,U,2.97,2.97,2.57,8,2.0,2.0,1.0,0.0,4.0,5.0,-1.0,4.0,1.0,3.0,0.0,4.0,-4.0,0.0,1.0,-1.0,1.0,0.0,1.0,71.4,14.3,33.3,33.3,D
2023-05-19,2023,Hokkaido Consadole Sapporo,Kyoto,2,1,H,O,1.58,4.22,5.13,7,1.0,1.0,2.0,2.0,10.0,7.0,3.0,8.0,8.0,0.0,2.0,-1.0,3.0,1.0,1.0,0.0,0.0,1.0,-1.0,33.3,50.0,33.3,50.0,D
2023-05-14,2023,Urawa Reds,Gamba Osaka,3,1,H,O,1.91,3.48,3.93,5,3.0,0.0,1.0,4.0,8.0,2.0,6.0,5.0,11.0,-6.0,3.0,-9.0,12.0,1.0,0.0,1.0,1.0,2.0,-1.0,75.0,25.0,0.0,83.3,D
2023-05-14,2023,Kyoto,Cerezo Osaka,0,1,A,U,3.06,3.28,2.32,7,1.0,2.0,3.0,1.0,4.0,5.0,-1.0,8.0,4.0,4.0,-4.0,1.0,-5.0,0.0,0.0,0.0,1.0,0.0,1.0,33.3,66.7,40.0,40.0,A
2023-05-14,2023,Kashima Antlers,Nagoya Grampus,2,0,H,U,3.09,2.94,2.51,6,1.0,3.0,2.0,0.0,6.0,9.0,-3.0,7.0,3.0,4.0,-1.0,6.0,-7.0,1.0,2.0,-1.0,1.0,0.0,1.0,20.0,60.0,66.7,16.7,H
2023-05-14,2023,Avispa Fukuoka,Sagan Tosu,0,0,D,U,2.05,3.17,3.86,7,3.0,2.0,1.0,2.0,6.0,5.0,1.0,5.0,4.0,1.0,1.0,1.0,0.0,0.0,1.0,-1.0,1.0,0.0,1.0,83.3,16.7,33.3,50.0,D
2023-05-14,2023,Albirex Niigata,Yokohama F. Marinos,2,1,H,O,3.54,3.93,1.9,7,1.0,2.0,2.0,1.0,4.0,8.0,-4.0,7.0,6.0,1.0,-3.0,2.0,-5.0,0.0,1.0,-1.0,2.0,0.0,2.0,33.3,33.3,50.0,33.3,A
2023-05-13,2023,Vissel Kobe,Sanfrecce Hiroshima,2,0,H,U,2.87,3.35,2.4,8,2.0,4.0,1.0,0.0,7.0,8.0,-1.0,3.0,2.0,1.0,4.0,6.0,-2.0,2.0,1.0,1.0,0.0,0.0,0.0,57.1,28.6,80.0,0.0,D
2023-05-13,2023,Shonan Bellmare,Hokkaido Consadole Sapporo,2,4,A,O,2.55,3.62,2.53,6,1.0,2.0,2.0,1.0,6.0,10.0,-4.0,6.0,9.0,-3.0,0.0,1.0,-1.0,1.0,1.0,0.0,1.0,1.0,0.0,20.0,40.0,33.3,16.7,A
2023-05-13,2023,Kashiwa Reysol,Yokohama FC,0,1,A,U,1.84,3.62,4.11,7,1.0,0.0,2.0,3.0,2.0,2.0,0.0,7.0,12.0,-5.0,-5.0,-10.0,5.0,0.0,0.0,0.0,2.0,3.0,-1.0,16.7,33.3,0.0,60.0,D
2023-05-12,2023,FC Tokyo,Kawasaki Frontale,2,1,H,O,3.3,3.27,2.19,6,2.0,3.0,1.0,1.0,8.0,8.0,0.0,6.0,6.0,0.0,2.0,2.0,0.0,1.0,1.0,0.0,0.0,1.0,-1.0,60.0,20.0,66.7,33.3,H
2023-05-10,2023,Urawa Reds,Sagan Tosu,0,2,A,U,1.67,3.77,5.02,4,,1.0,,3.0,,4.0,,,6.0,,,-2.0,,,0.0,,,0.0,,100.0,0.0,20.0,60.0,D
2023-05-07,2023,Yokohama F. Marinos,Kyoto,4,1,H,O,1.52,4.6,5.31,6,2.0,2.0,0.0,1.0,9.0,8.0,1.0,3.0,4.0,-1.0,6.0,4.0,2.0,1.0,2.0,-1.0,0.0,0.0,0.0,60.0,0.0,40.0,40.0,D
2023-05-07,2023,Vissel Kobe,Yokohama FC,3,0,H,O,1.37,4.94,7.73,7,1.0,0.0,2.0,2.0,4.0,4.0,0.0,4.0,11.0,-7.0,0.0,-7.0,7.0,1.0,0.0,1.0,0.0,2.0,-2.0,50.0,33.3,0.0,50.0,H
2023-05-07,2023,Sanfrecce Hiroshima,Avispa Fukuoka,3,1,H,O,1.51,3.93,6.79,6,2.0,0.0,2.0,1.0,4.0,5.0,-1.0,4.0,6.0,-2.0,0.0,-1.0,1.0,0.0,0.0,0.0,0.0,0.0,0.0,40.0,40.0,0.0,40.0,A
2023-05-07,2023,Kawasaki Frontale,Sagan Tosu,1,0,H,U,1.47,4.43,6.46,6,0.0,1.0,1.0,2.0,3.0,5.0,-2.0,4.0,6.0,-2.0,-1.0,-1.0,0.0,0.0,0.0,0.0,0.0,0.0,0.0,0.0,40.0,25.0,50.0,D
2023-05-07,2023,Cerezo Osaka,Kashima Antlers,0,1,A,U,2.63,3.11,2.77,7,2.0,2.0,2.0,2.0,5.0,4.0,1.0,5.0,3.0,2.0,0.0,1.0,-1.0,0.0,1.0,-1.0,0.0,0.0,0.0,50.0,33.3,66.7,33.3,D
2023-05-07,2023,Albirex Niigata,Kashiwa Reysol,0,0,D,U,2.63,3.13,2.73,6,2.0,1.0,2.0,2.0,5.0,3.0,2.0,7.0,4.0,3.0,-2.0,-1.0,-1.0,0.0,0.0,0.0,2.0,0.0,2.0,40.0,40.0,20.0,60.0,D
2023-05-06,2023,Nagoya Grampus,Gamba Osaka,1,0,H,U,2.11,3.21,3.6,6,0.0,0.0,0.0,4.0,4.0,2.0,2.0,4.0,14.0,-10.0,0.0,-12.0,12.0,0.0,0.0,0.0,0.0,3.0,-3.0,20.0,0.0,0.0,80.0,D
2023-05-06,2023,Hokkaido Consadole Sapporo,FC Tokyo,5,1,H,O,1.96,3.61,3.63,6,1.0,1.0,2.0,2.0,7.0,2.0,5.0,7.0,3.0,4.0,0.0,-1.0,1.0,1.0,0.0,1.0,0.0,0.0,0.0,20.0,60.0,16.7,50.0,H
2023-05-03,2023,Yokohama FC,Albirex Niigata,1,0,H,U,2.74,3.45,2.45,7,0.0,1.0,3.0,2.0,3.0,4.0,-1.0,12.0,5.0,7.0,-9.0,-1.0,-8.0,0.0,0.0,0.0,3.0,0.0,3.0,0.0,83.3,20.0,40.0,D
2023-05-03,2023,Shonan Bellmare,Kashiwa Reysol,1,2,A,O,2.1,3.46,3.36,5,1.0,0.0,1.0,3.0,7.0,1.0,6.0,6.0,4.0,2.0,1.0,-3.0,4.0,1.0,0.0,1.0,1.0,0.0,1.0,25.0,25.0,0.0,75.0,D
2023-05-03,2023,Sagan Tosu,Yokohama F. Marinos,1,3,A,O,4.17,4.17,1.72,6,2.0,1.0,1.0,2.0,3.0,5.0,-2.0,2.0,7.0,-5.0,1.0,-2.0,3.0,0.0,0.0,0.0,0.0,1.0,-1.0,40.0,40.0,40.0,40.0,A
2023-05-03,2023,Nagoya Grampus,Vissel Kobe,2,2,D,O,2.39,3.12,3.09,5,1.0,4.0,0.0,0.0,3.0,12.0,-9.0,2.0,2.0,0.0,1.0,10.0,-9.0,0.0,3.0,-3.0,0.0,0.0,0.0,25.0,0.0,100.0,0.0,A
2023-05-03,2023,Kyoto,Kawasaki Frontale,0,1,A,U,4.0,3.66,1.85,6,2.0,2.0,2.0,2.0,6.0,7.0,-1.0,7.0,7.0,0.0,-1.0,0.0,-1.0,1.0,1.0,0.0,1.0,1.0,0.0,40.0,60.0,60.0,40.0,D
2023-05-03,2023,Hokkaido Consadole Sapporo,Kashima Antlers,0,1,A,U,2.53,3.31,2.72,5,1.0,2.0,2.0,2.0,8.0,6.0,2.0,9.0,4.0,5.0,-1.0,2.0,-3.0,1.0,2.0,-1.0,1.0,0.0,1.0,25.0,50.0,60.0,40.0,A
2023-05-03,2023,Gamba Osaka,Cerezo Osaka,1,2,A,O,2.46,3.31,2.82,6,1.0,1.0,1.0,2.0,6.0,4.0,2.0,5.0,5.0,0.0,1.0,-1.0,2.0,1.0,0.0,1.0,0.0,0.0,0.0,20.0,20.0,25.0,50.0,A
2023-05-03,2023,Avispa Fukuoka,FC Tokyo,1,0,H,U,2.89,2.92,2.67,6,3.0,1.0,1.0,2.0,6.0,2.0,4.0,5.0,4.0,1.0,1.0,-2.0,3.0,0.0,0.0,0.0,1.0,1.0,0.0,80.0,20.0,20.0,40.0,D
2023-04-29,2023,Yokohama FC,Hokkaido Consadole Sapporo,1,4,A,O,4.36,4.03,1.71,6,0.0,1.0,3.0,1.0,3.0,8.0,-5.0,11.0,10.0,1.0,-8.0,-2.0,-6.0,0.0,0.0,0.0,3.0,1.0,2.0,0.0,80.0,20.0,20.0,A
2023-04-29,2023,Yokohama F. Marinos,Nagoya Grampus,1,1,D,U,2.3,3.54,2.89,5,3.0,3.0,0.0,1.0,10.0,8.0,2.0,2.0,3.0,-1.0,8.0,5.0,3.0,2.0,2.0,0.0,0.0,0.0,0.0,75.0,0.0,80.0,20.0,A
2023-04-29,2023,Vissel Kobe,Shonan Bellmare,2,0,H,U,1.94,3.64,3.66,6,1.0,0.0,2.0,1.0,6.0,6.0,0.0,4.0,7.0,-3.0,2.0,-1.0,3.0,1.0,0.0,1.0,0.0,0.0,0.0,40.0,40.0,20.0,20.0,H
2023-04-29,2023,Kashiwa Reysol,Kyoto,1,1,D,U,2.03,3.4,3.66,6,1.0,2.0,2.0,2.0,2.0,7.0,-5.0,7.0,4.0,3.0,-5.0,3.0,-8.0,0.0,2.0,-2.0,2.0,0.0,2.0,20.0,40.0,50.0,50.0,A
2023-04-29,2023,Kashima Antlers,Gamba Osaka,4,0,H,O,2.34,3.21,3.09,5,0.0,0.0,3.0,3.0,3.0,4.0,-1.0,9.0,12.0,-3.0,-6.0,-8.0,2.0,0.0,0.0,0.0,1.0,2.0,-1.0,0.0,75.0,0.0,75.0,D
2023-04-29,2023,FC Tokyo,Albirex Niigata,2,1,H,O,2.14,3.27,3.43,5,2.0,1.0,1.0,1.0,8.0,5.0,3.0,5.0,5.0,0.0,3.0,0.0,3.0,2.0,0.0,2.0,0.0,0.0,0.0,50.0,25.0,25.0,25.0,H
2023-04-29,2023,Cerezo Osaka,Sanfrecce Hiroshima,0,1,A,U,3.28,3.4,2.15,6,3.0,3.0,1.0,0.0,7.0,8.0,-1.0,5.0,3.0,2.0,2.0,5.0,-3.0,0.0,1.0,-1.0,0.0,0.0,0.0,60.0,20.0,75.0,0.0,D
2023-04-29,2023,Avispa Fukuoka,Kawasaki Frontale,1,3,A,O,3.28,3.08,2.3,5,4.0,2.0,0.0,2.0,7.0,6.0,1.0,3.0,7.0,-4.0,4.0,-1.0,5.0,0.0,0.0,0.0,0.0,1.0,-1.0,100.0,0.0,50.0,50.0,A
2023-04-23,2023,Nagoya Grampus,Shonan Bellmare,2,2,D,O,2.22,3.17,3.32,4,,1.0,,1.0,,9.0,,,6.0,,,3.0,,,1.0,,,0.0,,33.3,0.0,25.0,25.0,H
2023-04-23,2023,Kyoto,Sagan Tosu,2,3,A,O,2.32,3.26,3.06,5,2.0,,2.0,,4.0,,,6.0,,,-2.0,,,1.0,,,2.0,,,50.0,50.0,0.0,66.7,A
2023-04-23,2023,Kawasaki Frontale,Urawa Reds,1,1,D,U,2.18,3.3,3.29,5,0.0,2.0,2.0,1.0,3.0,4.0,-1.0,5.0,2.0,3.0,-2.0,2.0,-4.0,0.0,1.0,-1.0,0.0,1.0,-1.0,0.0,50.0,40.0,40.0,D
2023-04-23,2023,Hokkaido Consadole Sapporo,Avispa Fukuoka,2,2,D,O,1.84,3.43,4.36,4,,0.0,,2.0,,3.0,,,5.0,,,-2.0,,,0.0,,,0.0,,33.3,66.7,0.0,50.0,H
2023-04-23,2023,Gamba Osaka,Yokohama FC,1,1,D,U,1.61,4.08,4.99,5,1.0,,1.0,,6.0,,,5.0,,,1.0,,,1.0,,,0.0,,,25.0,25.0,0.0,66.7,D
2023-04-23,2023,Cerezo Osaka,Kashiwa Reysol,1,0,H,U,1.96,3.36,3.91,5,2.0,,1.0,,8.0,,,7.0,,,1.0,,,0.0,,,0.0,,,50.0,25.0,0.0,66.7,H
2023-04-23,2023,Albirex Niigata,Kashima Antlers,0,2,A,U,3.09,3.18,2.35,5,2.0,2.0,1.0,2.0,7.0,6.0,1.0,7.0,4.0,3.0,0.0,2.0,-2.0,0.0,2.0,-2.0,1.0,0.0,1.0,50.0,25.0,50.0,50.0,A
2023-04-22,2023,Vissel Kobe,Yokohama F. Marinos,2,3,A,O,2.2,3.67,2.96,5,2.0,1.0,1.0,2.0,5.0,4.0,1.0,1.0,6.0,-5.0,4.0,-2.0,6.0,1.0,0.0,1.0,0.0,1.0,-1.0,50.0,25.0,25.0,50.0,D
2023-04-22,2023,Sanfrecce Hiroshima,FC Tokyo,1,2,A,O,1.78,3.47,4.61,5,2.0,0.0,1.0,2.0,3.0,1.0,2.0,2.0,4.0,-2.0,1.0,-3.0,4.0,0.0,0.0,0.0,0.0,1.0,-1.0,50.0,25.0,0.0,50.0,A
2023-04-15,2023,Yokohama FC,Sanfrecce Hiroshima,0,3,A,O,7.23,4.55,1.42,5,0.0,,3.0,,3.0,,,9.0,,,-6.0,,,0.0,,,2.0,,,0.0,75.0,66.7,0.0,D
2023-04-15,2023,Urawa Reds,Hokkaido Consadole Sapporo,4,1,H,O,2.01,3.56,3.5,3,,1.0,,0.0,,7.0,,,6.0,,,1.0,,,0.0,,,0.0,,100.0,0.0,25.0,0.0,D
2023-04-15,2023,Shonan Bellmare,Yokohama F. Marinos,1,1,D,U,2.67,3.72,2.37,4,,,,,,,,,,,,,,,,,,,,33.3,33.3,33.3,66.7,D
2023-04-15,2023,Sagan Tosu,Kashiwa Reysol,1,1,D,U,2.57,3.23,2.73,5,2.0,,2.0,,3.0,,,6.0,,,-3.0,,,0.0,,,1.0,,,50.0,50.0,0.0,100.0,D
2023-04-15,2023,Kyoto,Gamba Osaka,2,1,H,O,3.29,3.31,2.18,4,,,,,,,,,,,,,,,,,,,,33.3,66.7,0.0,66.7,D
2023-04-15,2023,Kawasaki Frontale,Nagoya Grampus,1,2,A,O,2.8,3.21,2.53,4,,3.0,,1.0,,7.0,,,2.0,,,5.0,,,2.0,,,0.0,,0.0,33.3,75.0,25.0,A
2023-04-15,2023,Kashima Antlers,Vissel Kobe,1,5,A,O,2.39,3.14,3.06,4,,,,,,,,,,,,,,,,,,,,0.0,66.7,100.0,0.0,A
2023-04-15,2023,FC Tokyo,Cerezo Osaka,1,2,A,O,2.49,3.19,2.87,4,,,,,,,,,,,,,,,,,,,,66.7,0.0,0.0,66.7,D
2023-04-15,2023,Albirex Niigata,Avispa Fukuoka,3,2,H,O,2.26,3.02,3.45,4,,,,,,,,,,,,,,,,,,,,33.3,33.3,0.0,33.3,A
2023-04-09,2023,Vissel Kobe,Albirex Niigata,0,0,D,U,1.77,3.61,4.52,4,,,,,,,,,,,,,,,,,,,,66.7,33.3,33.3,33.3,D
2023-04-09,2023,Sanfrecce Hiroshima,Sagan Tosu,1,0,H,U,1.39,4.54,7.98,4,,,,,,,,,,,,,,,,,,,,33.3,33.3,0.0,50.0,D
2023-04-09,2023,Nagoya Grampus,Urawa Reds,0,0,D,U,2.61,2.97,2.9,3,,2.0,,2.0,,4.0,,,4.0,,,0.0,,,1.0,,,2.0,,50.0,0.0,50.0,50.0,D
2023-04-09,2023,Kashiwa Reysol,Kashima Antlers,1,0,H,U,5.01,3.59,1.71,5,0.0,,2.0,,3.0,,,9.0,,,-6.0,,,0.0,,,2.0,,,0.0,50.0,66.7,33.3,H
2023-04-09,2023,Gamba Osaka,Kawasaki Frontale,2,0,H,U,3.15,3.41,2.2,4,,,,,,,,,,,,,,,,,,,,0.0,33.3,66.7,33.3,H
2023-04-09,2023,FC Tokyo,Shonan Bellmare,2,2,D,O,2.43,3.13,3.0,3,,,,,,,,,,,,,,,,,,,,100.0,0.0,33.3,33.3,H
2023-04-09,2023,Cerezo Osaka,Hokkaido Consadole Sapporo,2,3,A,O,1.99,3.53,3.63,4,,,,,,,,,,,,,,,,,,,,66.7,0.0,0.0,0.0,A
2023-04-09,2023,Avispa Fukuoka,Kyoto,2,1,H,O,2.32,3.0,3.32,4,,,,,,,,,,,,,,,,,,,,100.0,0.0,66.7,33.3,D
2023-04-08,2023,Yokohama F. Marinos,Yokohama FC,5,0,H,O,1.38,5.11,6.98,4,,,,,,,,,,,,,,,,,,,,66.7,0.0,0.0,50.0,D
2023-04-01,2023,Yokohama FC,Avispa Fukuoka,1,1,D,U,3.2,3.08,2.34,4,,,,,,,,,,,,,,,,,,,,0.0,100.0,0.0,50.0,D
2023-04-01,2023,Shonan Bellmare,Gamba Osaka,4,1,H,O,2.02,3.38,3.67,3,,,,,,,,,,,,,,,,,,,,0.0,50.0,0.0,50.0,H
2023-04-01,2023,Sagan Tosu,FC Tokyo,1,0,H,U,4.01,3.41,1.93,4,,,,,,,,,,,,,,,,,,,,33.3,66.7,0.0,33.3,D
2023-04-01,2023,Kyoto,Vissel Kobe,0,3,A,O,4.0,3.31,1.96,3,,,,,,,,,,,,,,,,,,,,50.0,50.0,100.0,0.0,D
2023-04-01,2023,Kashima Antlers,Sanfrecce Hiroshima,1,2,A,O,2.55,3.22,2.77,3,,,,,,,,,,,,,,,,,,,,0.0,50.0,50.0,0.0,D
2023-04-01,2023,Hokkaido Consadole Sapporo,Kawasaki Frontale,3,4,A,O,2.43,3.54,2.71,3,,,,,,,,,,,,,,,,,,,,50.0,50.0,50.0,50.0,A
2023-04-01,2023,Cerezo Osaka,Yokohama F. Marinos,2,1,H,O,2.74,3.47,2.43,3,,,,,,,,,,,,,,,,,,,,50.0,0.0,50.0,50.0,H
2023-04-01,2023,Albirex Niigata,Nagoya Grampus,1,3,A,O,3.59,3.09,2.17,3,,,,,,,,,,,,,,,,,,,,50.0,0.0,66.7,33.3,H
2023-03-31,2023,Kashiwa Reysol,Urawa Reds,0,3,A,O,3.72,3.35,2.01,4,,,,,,,,,,,,,,,,,,,,0.0,33.3,33.3,66.7,A
2023-03-19,2023,Sanfrecce Hiroshima,Kashiwa Reysol,1,0,H,U,1.57,3.89,5.78,3,,,,,,,,,,,,,,,,,,,,0.0,50.0,0.0,100.0,D
2023-03-19,2023,Avispa Fukuoka,Shonan Bellmare,2,1,H,O,2.97,2.93,2.59,3,,,,,,,,,,,,,,,,,,,,100.0,0.0,50.0,0.0,D
2023-03-18,2023,Yokohama FC,Kyoto,1,4,A,O,2.94,3.19,2.44,3,,,,,,,,,,,,,,,,,,,,0.0,100.0,50.0,50.0,D
2023-03-18,2023,Yokohama F. Marinos,Kashima Antlers,2,1,H,O,2.09,3.67,3.22,3,,,,,,,,,,,,,,,,,,,,50.0,0.0,100.0,0.0,D
2023-03-18,2023,Urawa Reds,Albirex Niigata,2,1,H,O,1.76,3.66,4.53,2,,,,,,,,,,,,,,,,,,,,100.0,0.0,50.0,0.0,H
2023-03-18,2023,Sagan Tosu,Vissel Kobe,0,1,A,U,3.21,3.16,2.29,3,,,,,,,,,,,,,,,,,,,,50.0,50.0,100.0,0.0,A
2023-03-18,2023,Nagoya Grampus,FC Tokyo,0,0,D,U,2.34,3.01,3.29,2,,,,,,,,,,,,,,,,,,,,100.0,0.0,0.0,50.0,D
2023-03-18,2023,Kawasaki Frontale,Cerezo Osaka,0,0,D,U,2.25,3.36,3.13,3,,,,,,,,,,,,,,,,,,,,0.0,50.0,0.0,100.0,D
2023-03-18,2023,Gamba Osaka,Hokkaido Consadole Sapporo,2,2,D,O,3.11,3.47,2.2,3,,,,,,,,,,,,,,,,,,,,0.0,50.0,0.0,0.0,A
2023-03-12,2023,Shonan Bellmare,Kyoto,0,2,A,U,1.95,3.29,4.06,2,,,,,,,,,,,,,,,,,,,,0.0,0.0,0.0,100.0,D
2023-03-12,2023,Kashiwa Reysol,Nagoya Grampus,0,3,A,O,3.24,2.99,2.38,3,,,,,,,,,,,,,,,,,,,,0.0,0.0,50.0,50.0,A
2023-03-12,2023,Kashima Antlers,Avispa Fukuoka,0,0,D,U,1.96,3.12,4.27,2,,,,,,,,,,,,,,,,,,,,0.0,100.0,0.0,100.0,D
2023-03-12,2023,Hokkaido Consadole Sapporo,Yokohama F. Marinos,2,0,H,U,3.02,3.73,2.16,2,,,,,,,,,,,,,,,,,,,,0.0,100.0,100.0,0.0,H
2023-03-12,2023,Gamba Osaka,Sanfrecce Hiroshima,1,2,A,O,5.03,3.78,1.67,2,,,,,,,,,,,,,,,,,,,,0.0,0.0,0.0,0.0,A
2023-03-12,2023,FC Tokyo,Yokohama FC,3,1,H,O,1.66,3.72,5.19,2,,,,,,,,,,,,,,,,,,,,100.0,0.0,0.0,0.0,H
2023-03-12,2023,Cerezo Osaka,Sagan Tosu,2,1,H,O,1.97,3.42,3.8,2,,,,,,,,,,,,,,,,,,,,0.0,0.0,0.0,0.0,H
2023-03-11,2023,Vissel Kobe,Urawa Reds,0,1,A,U,2.34,3.12,3.15,3,,,,,,,,,,,,,,,,,,,,100.0,0.0,0.0,100.0,A
2023-03-11,2023,Albirex Niigata,Kawasaki Frontale,1,0,H,U,4.16,3.76,1.79,2,,,,,,,,,,,,,,,,,,,,0.0,0.0,100.0,0.0,H
2023-03-04,2023,Yokohama FC,Kashima Antlers,1,3,A,O,3.87,3.51,1.92,2,,,,,,,,,,,,,,,,,,,,0.0,100.0,100.0,0.0,A
2023-03-04,2023,Vissel Kobe,Gamba Osaka,4,0,H,O,1.84,3.49,4.34,2,,,,,,,,,,,,,,,,,,,,100.0,0.0,0.0,0.0,H
2023-03-04,2023,Urawa Reds,Cerezo Osaka,2,1,H,O,2.18,3.24,3.34,1,,,,,,,,,,,,,,,,,,,,,,0.0,100.0,A
2023-03-04,2023,Sagan Tosu,Nagoya Grampus,1,0,H,U,3.28,3.06,2.3,2,,,,,,,,,,,,,,,,,,,,0.0,100.0,100.0,0.0,D
2023-03-04,2023,Kyoto,FC Tokyo,2,0,H,U,4.28,3.41,1.86,2,,,,,,,,,,,,,,,,,,,,0.0,100.0,0.0,0.0,D
2023-03-04,2023,Kawasaki Frontale,Shonan Bellmare,1,1,D,U,1.88,3.57,3.95,2,,,,,,,,,,,,,,,,,,,,0.0,100.0,100.0,0.0,D
2023-03-04,2023,Avispa Fukuoka,Kashiwa Reysol,1,0,H,U,2.4,2.98,3.2,2,,,,,,,,,,,,,,,,,,,,100.0,0.0,,,D
2023-03-04,2023,Albirex Niigata,Hokkaido Consadole Sapporo,2,2,D,O,2.21,3.53,3.02,1,,,,,,,,,,,,,,,,,,,,,,0.0,0.0,H
2023-03-03,2023,Yokohama F. Marinos,Sanfrecce Hiroshima,1,1,D,U,2.24,3.6,2.95,2,,,,,,,,,,,,,,,,,,,,100.0,0.0,,,D
2023-02-26,2023,Sanfrecce Hiroshima,Albirex Niigata,1,2,A,O,1.72,3.61,4.92,2,,,,,,,,,,,,,,,,,,,,0.0,0.0,0.0,0.0,A
2023-02-26,2023,Kashiwa Reysol,FC Tokyo,1,1,D,U,2.86,3.29,2.45,2,,,,,,,,,,,,,,,,,,,,0.0,0.0,,,D
2023-02-25,2023,Yokohama F. Marinos,Urawa Reds,2,0,H,U,1.92,3.87,3.55,1,,,,,,,,,,,,,,,,,,,,,,0.0,100.0,H
2023-02-25,2023,Nagoya Grampus,Kyoto,1,0,H,U,1.73,3.49,5.14,1,,,,,,,,,,,,,,,,,,,,,,,,D
2023-02-25,2023,Kashima Antlers,Kawasaki Frontale,1,2,A,O,2.81,3.28,2.5,1,,,,,,,,,,,,,,,,,,,,,,,,H
2023-02-25,2023,Hokkaido Consadole Sapporo,Vissel Kobe,1,3,A,O,2.44,3.44,2.78,1,,,,,,,,,,,,,,,,,,,,,,,,A
2023-02-25,2023,Gamba Osaka,Sagan Tosu,1,1,D,U,2.27,3.34,3.1,1,,,,,,,,,,,,,,,,,,,,,,,,D
2023-02-25,2023,Avispa Fukuoka,Cerezo Osaka,2,1,H,O,3.02,2.92,2.58,1,,,,,,,,,,,,,,,,,,,,,,,,D
2023-02-24,2023,Shonan Bellmare,Yokohama FC,2,2,D,O,1.65,3.76,5.29,1,,,,,,,,,,,,,,,,,,,,,,,,H
2023-02-18,2023,Yokohama FC,Nagoya Grampus,0,1,A,U,3.93,3.25,2.01,1,,,,,,,,,,,,,,,,,,,,,,,,A
2023-02-18,2023,Vissel Kobe,Avispa Fukuoka,1,0,H,U,2.29,3.01,3.41,1,,,,,,,,,,,,,,,,,,,,,,,,D
2023-02-18,2023,Sanfrecce Hiroshima,Hokkaido Consadole Sapporo,0,0,D,U,1.82,3.73,4.09,1,,,,,,,,,,,,,,,,,,,,,,,,D
2023-02-18,2023,Sagan Tosu,Shonan Bellmare,1,5,A,O,2.88,3.03,2.61,1,,,,,,,,,,,,,,,,,,,,,,,,A
2023-02-18,2023,Kyoto,Kashima Antlers,0,2,A,U,3.42,3.29,2.15,1,,,,,,,,,,,,,,,,,,,,,,,,A
2023-02-18,2023,Kashiwa Reysol,Gamba Osaka,2,2,D,O,2.21,3.39,3.2,1,,,,,,,,,,,,,,,,,,,,,,,,H
2023-02-18,2023,FC Tokyo,Urawa Reds,2,0,H,U,2.89,3.18,2.49,1,,,,,,,,,,,,,,,,,,,,,,,,D
2023-02-18,2023,Cerezo Osaka,Albirex Niigata,2,2,D,O,1.9,3.42,4.14,1,,,,,,,,,,,,,,,,,,,,,,,,D
2023-02-17,2023,Kawasaki Frontale,Yokohama F. Marinos,1,2,A,O,2.64,3.5,2.53,1,,,,,,,,,,,,,,,,,,,,,,,,A
2022-11-13,2022,Kyoto,Kumamoto,1,1,D,U,2.17,3.21,3.39,18,0.0,,1.0,,3.0,,,4.0,,,-1.0,,,0.0,,,0.0,,,29.4,35.3,,,
2022-11-06,2022,Kumamoto,Montedio Yamagata,2,2,D,O,2.67,3.05,2.7,2,,,,,,,,,,,,,,,,,,,,0.0,0.0,100.0,0.0,
2022-11-05,2022,Vissel Kobe,Yokohama F. Marinos,1,3,A,O,5.06,4.27,1.59,17,4.0,2.0,0.0,1.0,9.0,9.0,0.0,2.0,5.0,-3.0,7.0,4.0,3.0,1.0,1.0,0.0,0.0,0.0,0.0,43.8,37.5,43.8,25.0,D
2022-11-05,2022,Urawa Reds,Avispa Fukuoka,1,1,D,U,2.42,3.12,3.04,17,2.0,1.0,1.0,2.0,7.0,3.0,4.0,4.0,5.0,-1.0,3.0,-2.0,5.0,1.0,0.0,1.0,0.0,1.0,-1.0,43.8,12.5,25.0,50.0,D
2022-11-05,2022,Sagan Tosu,Sanfrecce Hiroshima,2,2,D,O,3.78,3.44,1.98,17,0.0,1.0,1.0,2.0,2.0,3.0,-1.0,3.0,8.0,-5.0,-1.0,-5.0,4.0,0.0,1.0,-1.0,0.0,2.0,-2.0,31.2,18.8,31.2,31.2,A
2022-11-05,2022,Kashiwa Reysol,Shonan Bellmare,1,2,A,O,3.23,3.21,2.27,17,0.0,1.0,2.0,1.0,6.0,4.0,2.0,10.0,3.0,7.0,-4.0,1.0,-5.0,0.0,1.0,-1.0,1.0,0.0,1.0,37.5,43.8,25.0,43.8,A
2022-11-05,2022,Kashima Antlers,Gamba Osaka,0,0,D,U,2.39,3.54,2.77,17,1.0,3.0,2.0,1.0,4.0,6.0,-2.0,5.0,2.0,3.0,-1.0,4.0,-5.0,1.0,2.0,-1.0,1.0,0.0,1.0,43.8,25.0,31.2,50.0,D
2022-11-05,2022,Iwata,Kyoto,0,0,D,U,4.4,3.67,1.78,17,0.0,1.0,1.0,3.0,7.0,2.0,5.0,13.0,6.0,7.0,-6.0,-4.0,-2.0,0.0,0.0,0.0,1.0,2.0,-1.0,25.0,37.5,18.8,50.0,D
2022-11-05,2022,Hokkaido Consadole Sapporo,Shimizu S-Pulse,4,3,H,O,2.65,3.61,2.46,17,3.0,1.0,1.0,3.0,11.0,6.0,5.0,6.0,8.0,-2.0,5.0,-2.0,7.0,1.0,1.0,0.0,0.0,1.0,-1.0,37.5,25.0,31.2,43.8,H
2022-11-05,2022,FC Tokyo,Kawasaki Frontale,2,3,A,O,4.92,4.05,1.64,17,2.0,0.0,1.0,2.0,8.0,6.0,2.0,4.0,8.0,-4.0,4.0,-2.0,6.0,2.0,0.0,2.0,1.0,0.0,1.0,50.0,18.8,31.2,37.5,A
2022-11-05,2022,Cerezo Osaka,Nagoya Grampus,0,1,A,U,1.89,3.47,4.11,17,2.0,1.0,1.0,0.0,6.0,4.0,2.0,5.0,3.0,2.0,1.0,1.0,0.0,1.0,0.0,1.0,1.0,0.0,1.0,43.8,25.0,18.8,37.5,D
2022-10-30,2022,Okayama,Montedio Yamagata,0,3,A,O,2.5,3.16,2.81,1,,,,,,,,,,,,,,,,,,,,,,,,
2022-10-30,2022,Kumamoto,Oita Trinita,2,2,D,O,2.68,3.12,2.64,1,,,,,,,,,,,,,,,,,,,,,,,,
2022-10-29,2022,Yokohama F. Marinos,Urawa Reds,4,1,H,O,1.54,4.47,5.26,17,1.0,1.0,2.0,1.0,1.0,9.0,-8.0,3.0,6.0,-3.0,-2.0,3.0,-5.0,0.0,1.0,-1.0,1.0,1.0,0.0,68.8,12.5,18.8,37.5,H
2022-10-29,2022,Shonan Bellmare,Sagan Tosu,3,0,H,O,1.91,3.34,4.19,17,1.0,1.0,1.0,3.0,4.0,5.0,-1.0,7.0,8.0,-1.0,-3.0,-3.0,0.0,0.0,1.0,-1.0,1.0,1.0,0.0,25.0,37.5,25.0,37.5,H
2022-10-29,2022,Shimizu S-Pulse,Kashima Antlers,0,1,A,U,2.21,3.46,3.11,17,1.0,0.0,0.0,1.0,4.0,6.0,-2.0,3.0,7.0,-4.0,1.0,-1.0,2.0,0.0,0.0,0.0,0.0,0.0,0.0,12.5,37.5,31.2,25.0,D
2022-10-29,2022,Sanfrecce Hiroshima,Hokkaido Consadole Sapporo,1,2,A,O,1.64,4.08,4.84,17,3.0,1.0,1.0,1.0,12.0,6.0,6.0,5.0,3.0,2.0,7.0,3.0,4.0,3.0,1.0,2.0,0.0,0.0,0.0,62.5,18.8,18.8,43.8,D
2022-10-29,2022,Nagoya Grampus,FC Tokyo,2,1,H,O,2.58,3.15,2.8,17,0.0,2.0,2.0,1.0,1.0,8.0,-7.0,7.0,5.0,2.0,-6.0,3.0,-9.0,0.0,1.0,-1.0,2.0,0.0,2.0,37.5,25.0,37.5,50.0,H
2022-10-29,2022,Kyoto,Cerezo Osaka,0,0,D,U,3.22,3.16,2.3,17,1.0,1.0,1.0,1.0,5.0,3.0,2.0,4.0,6.0,-2.0,1.0,-3.0,4.0,1.0,0.0,1.0,0.0,1.0,-1.0,31.2,37.5,37.5,25.0,D
2022-10-29,2022,Kawasaki Frontale,Vissel Kobe,2,1,H,O,1.58,3.98,5.57,17,4.0,2.0,0.0,2.0,14.0,3.0,11.0,3.0,5.0,-2.0,11.0,-2.0,13.0,3.0,1.0,2.0,0.0,2.0,-2.0,81.2,12.5,25.0,50.0,H
2022-10-29,2022,Gamba Osaka,Iwata,2,0,H,U,2.1,3.42,3.39,17,0.0,1.0,2.0,2.0,0.0,2.0,-2.0,5.0,6.0,-1.0,-5.0,-4.0,-1.0,0.0,0.0,0.0,2.0,1.0,1.0,18.8,43.8,12.5,56.2,D
2022-10-29,2022,Avispa Fukuoka,Kashiwa Reysol,2,1,H,O,2.0,3.24,3.97,17,1.0,0.0,3.0,1.0,5.0,4.0,1.0,7.0,7.0,0.0,-2.0,-3.0,1.0,0.0,0.0,0.0,0.0,1.0,-1.0,25.0,37.5,43.8,25.0,H
2022-10-22,2022,Shimizu S-Pulse,Iwata,1,1,D,U,1.86,3.6,4.05,16,1.0,1.0,0.0,3.0,6.0,1.0,5.0,5.0,7.0,-2.0,1.0,-6.0,7.0,0.0,0.0,0.0,0.0,2.0,-2.0,13.3,40.0,13.3,60.0,H
2022-10-12,2022,Yokohama F. Marinos,Iwata,0,1,A,U,1.2,6.87,11.85,16,2.0,0.0,1.0,4.0,4.0,0.0,4.0,2.0,9.0,-7.0,2.0,-9.0,11.0,1.0,0.0,1.0,1.0,3.0,-2.0,73.3,6.7,7.1,64.3,D
2022-10-12,2022,Vissel Kobe,Shonan Bellmare,1,0,H,U,2.22,3.04,3.51,16,3.0,1.0,0.0,1.0,8.0,4.0,4.0,2.0,5.0,-3.0,6.0,-1.0,7.0,1.0,1.0,0.0,0.0,1.0,-1.0,40.0,40.0,26.7,40.0,D
2022-10-12,2022,Urawa Reds,Hokkaido Consadole Sapporo,1,1,D,U,2.0,3.7,3.42,16,3.0,1.0,1.0,2.0,9.0,5.0,4.0,4.0,5.0,-1.0,5.0,0.0,5.0,2.0,1.0,1.0,0.0,1.0,-1.0,46.7,13.3,20.0,46.7,D
2022-10-12,2022,Kawasaki Frontale,Kyoto,3,1,H,O,1.45,4.46,6.68,16,4.0,1.0,0.0,2.0,13.0,2.0,11.0,3.0,4.0,-1.0,10.0,-2.0,12.0,2.0,0.0,2.0,0.0,1.0,-1.0,80.0,13.3,20.0,46.7,H
2022-10-12,2022,FC Tokyo,Cerezo Osaka,4,0,H,O,3.02,3.19,2.4,16,1.0,1.0,2.0,1.0,4.0,4.0,0.0,6.0,4.0,2.0,-2.0,0.0,-2.0,1.0,0.0,1.0,2.0,0.0,2.0,46.7,20.0,40.0,20.0,D
2022-10-08,2022,Yokohama F. Marinos,Gamba Osaka,0,2,A,U,1.35,5.31,7.4,15,3.0,2.0,0.0,2.0,6.0,6.0,0.0,0.0,7.0,-7.0,6.0,-1.0,7.0,2.0,1.0,1.0,0.0,1.0,-1.0,78.6,0.0,26.7,53.3,A
2022-10-08,2022,Vissel Kobe,Sanfrecce Hiroshima,4,0,H,O,2.7,3.18,2.65,15,2.0,2.0,1.0,1.0,4.0,6.0,-2.0,3.0,6.0,-3.0,1.0,0.0,1.0,0.0,1.0,-1.0,0.0,1.0,-1.0,35.7,42.9,33.3,26.7,H
2022-10-08,2022,Urawa Reds,Sagan Tosu,2,1,H,O,1.74,3.71,4.61,15,3.0,2.0,1.0,2.0,10.0,6.0,4.0,3.0,7.0,-4.0,7.0,-1.0,8.0,3.0,1.0,2.0,0.0,1.0,-1.0,42.9,14.3,26.7,33.3,H
2022-10-08,2022,Kyoto,Nagoya Grampus,1,1,D,U,3.3,3.06,2.31,16,1.0,1.0,2.0,0.0,5.0,5.0,0.0,5.0,4.0,1.0,0.0,1.0,-1.0,1.0,0.0,1.0,0.0,0.0,0.0,33.3,40.0,20.0,40.0,A
2022-10-08,2022,Kawasaki Frontale,Shimizu S-Pulse,3,2,H,O,1.6,4.12,5.1,15,4.0,2.0,0.0,2.0,12.0,6.0,6.0,2.0,5.0,-3.0,10.0,1.0,9.0,2.0,2.0,0.0,0.0,1.0,-1.0,78.6,14.3,33.3,40.0,H
2022-10-08,2022,Kashiwa Reysol,Cerezo Osaka,0,0,D,U,3.11,3.29,2.29,16,1.0,2.0,2.0,1.0,7.0,6.0,1.0,10.0,5.0,5.0,-3.0,1.0,-4.0,0.0,0.0,0.0,1.0,0.0,1.0,40.0,46.7,42.9,21.4,D
2022-10-08,2022,Iwata,Kashima Antlers,3,3,D,O,3.55,3.49,2.03,16,1.0,0.0,1.0,1.0,5.0,4.0,1.0,10.0,5.0,5.0,-5.0,-1.0,-4.0,0.0,0.0,0.0,1.0,0.0,1.0,26.7,40.0,33.3,26.7,H
2022-10-08,2022,Hokkaido Consadole Sapporo,Avispa Fukuoka,1,2,A,O,2.3,3.22,3.15,16,3.0,0.0,1.0,3.0,11.0,1.0,10.0,6.0,6.0,0.0,5.0,-5.0,10.0,1.0,0.0,1.0,0.0,2.0,-2.0,40.0,20.0,20.0,53.3,H
2022-10-08,2022,FC Tokyo,Shonan Bellmare,0,2,A,U,2.32,3.16,3.17,15,2.0,0.0,1.0,2.0,6.0,2.0,4.0,4.0,6.0,-2.0,2.0,-4.0,6.0,2.0,0.0,2.0,1.0,1.0,0.0,50.0,14.3,21.4,42.9,D
2022-10-01,2022,Sanfrecce Hiroshima,Urawa Reds,4,1,H,O,2.28,3.32,3.1,16,2.0,1.0,1.0,1.0,9.0,8.0,1.0,5.0,5.0,0.0,4.0,3.0,1.0,2.0,1.0,1.0,0.0,1.0,-1.0,60.0,20.0,20.0,33.3,H
2022-10-01,2022,Sagan Tosu,Kyoto,0,1,A,U,2.17,3.32,3.34,16,1.0,0.0,0.0,3.0,4.0,1.0,3.0,2.0,5.0,-3.0,2.0,-4.0,6.0,1.0,0.0,1.0,0.0,1.0,-1.0,33.3,13.3,14.3,50.0,A
2022-10-01,2022,Nagoya Grampus,Yokohama F. Marinos,0,4,A,O,3.57,3.59,1.98,16,1.0,1.0,1.0,1.0,2.0,7.0,-5.0,3.0,7.0,-4.0,-1.0,0.0,-1.0,0.0,0.0,0.0,1.0,0.0,1.0,40.0,20.0,40.0,26.7,A
2022-10-01,2022,Kashima Antlers,FC Tokyo,0,1,A,U,1.98,3.48,3.7,16,1.0,2.0,1.0,1.0,5.0,9.0,-4.0,5.0,6.0,-1.0,0.0,3.0,-3.0,1.0,1.0,0.0,1.0,0.0,1.0,46.7,20.0,33.3,53.3,D
2022-10-01,2022,Hokkaido Consadole Sapporo,Kawasaki Frontale,4,3,H,O,3.45,3.61,2.02,15,2.0,1.0,2.0,1.0,7.0,7.0,0.0,5.0,5.0,0.0,2.0,2.0,0.0,1.0,1.0,0.0,1.0,0.0,1.0,35.7,21.4,33.3,33.3,H
2022-10-01,2022,Gamba Osaka,Kashiwa Reysol,0,0,D,U,2.34,3.38,2.95,16,0.0,1.0,2.0,1.0,1.0,6.0,-5.0,6.0,8.0,-2.0,-5.0,-2.0,-3.0,0.0,0.0,0.0,2.0,1.0,1.0,20.0,46.7,46.7,26.7,D
2022-10-01,2022,Cerezo Osaka,Shonan Bellmare,1,1,D,U,1.92,3.41,3.99,16,3.0,0.0,1.0,2.0,7.0,2.0,5.0,4.0,6.0,-2.0,3.0,-4.0,7.0,2.0,0.0,2.0,1.0,1.0,0.0,46.7,26.7,23.1,46.2,D
2022-10-01,2022,Avispa Fukuoka,Vissel Kobe,0,1,A,U,3.17,2.86,2.52,16,1.0,1.0,3.0,2.0,6.0,3.0,3.0,10.0,6.0,4.0,-4.0,-3.0,-1.0,0.0,1.0,-1.0,1.0,2.0,-1.0,26.7,33.3,20.0,53.3,A
2022-09-18,2022,Yokohama F. Marinos,Hokkaido Consadole Sapporo,0,0,D,U,1.53,4.67,5.2,14,4.0,1.0,0.0,3.0,9.0,6.0,3.0,0.0,7.0,-7.0,9.0,-1.0,10.0,3.0,1.0,2.0,0.0,1.0,-1.0,84.6,0.0,21.4,50.0,D
2022-09-18,2022,Vissel Kobe,Gamba Osaka,2,1,H,O,2.05,3.3,3.7,14,2.0,2.0,1.0,2.0,4.0,5.0,-1.0,3.0,9.0,-6.0,1.0,-4.0,5.0,0.0,1.0,-1.0,0.0,2.0,-2.0,30.8,46.2,28.6,50.0,D
2022-09-18,2022,FC Tokyo,Kyoto,2,0,H,U,2.06,3.41,3.54,14,2.0,0.0,1.0,2.0,7.0,3.0,4.0,4.0,5.0,-1.0,3.0,-2.0,5.0,2.0,0.0,2.0,1.0,0.0,1.0,46.2,15.4,15.4,46.2,H
2022-09-17,2022,Shonan Bellmare,Urawa Reds,0,0,D,U,3.32,3.18,2.22,16,1.0,2.0,1.0,1.0,4.0,10.0,-6.0,7.0,6.0,1.0,-3.0,4.0,-7.0,0.0,1.0,-1.0,1.0,1.0,0.0,26.7,40.0,21.4,35.7,D
2022-09-17,2022,Nagoya Grampus,Sanfrecce Hiroshima,0,0,D,U,3.64,3.14,2.12,15,2.0,3.0,1.0,1.0,5.0,8.0,-3.0,3.0,6.0,-3.0,2.0,2.0,0.0,1.0,2.0,-1.0,1.0,1.0,0.0,42.9,21.4,35.7,28.6,D
2022-09-17,2022,Kashiwa Reysol,Kawasaki Frontale,1,1,D,U,4.19,3.8,1.78,15,1.0,1.0,3.0,2.0,6.0,7.0,-1.0,10.0,7.0,3.0,-4.0,0.0,-4.0,0.0,1.0,-1.0,1.0,1.0,0.0,42.9,50.0,35.7,35.7,A
2022-09-17,2022,Iwata,Cerezo Osaka,2,2,D,O,4.06,3.62,1.85,15,1.0,2.0,2.0,1.0,3.0,7.0,-4.0,9.0,6.0,3.0,-6.0,1.0,-7.0,0.0,0.0,0.0,1.0,0.0,1.0,28.6,42.9,46.2,23.1,A
2022-09-17,2022,Avispa Fukuoka,Shimizu S-Pulse,3,2,H,O,2.76,3.06,2.66,15,1.0,3.0,3.0,1.0,4.0,6.0,-2.0,8.0,2.0,6.0,-4.0,4.0,-8.0,0.0,3.0,-3.0,1.0,1.0,0.0,21.4,35.7,35.7,35.7,H
2022-09-16,2022,Sagan Tosu,Kashima Antlers,1,1,D,U,3.2,3.3,2.24,15,1.0,0.0,0.0,2.0,5.0,3.0,2.0,3.0,6.0,-3.0,2.0,-3.0,5.0,1.0,0.0,1.0,0.0,1.0,-1.0,35.7,14.3,35.7,28.6,H
2022-09-14,2022,Vissel Kobe,FC Tokyo,2,1,H,O,2.29,3.33,3.06,13,1.0,2.0,2.0,1.0,2.0,8.0,-6.0,3.0,7.0,-4.0,-1.0,1.0,-2.0,0.0,1.0,-1.0,0.0,1.0,-1.0,25.0,50.0,35.7,50.0,H
2022-09-14,2022,Urawa Reds,Cerezo Osaka,0,1,A,U,2.18,3.39,3.23,14,3.0,1.0,0.0,2.0,12.0,7.0,5.0,4.0,8.0,-4.0,8.0,-1.0,9.0,3.0,0.0,3.0,0.0,0.0,0.0,46.2,7.7,41.7,25.0,A
2022-09-14,2022,Nagoya Grampus,Kawasaki Frontale,1,1,D,U,3.93,3.23,2.0,14,2.0,1.0,2.0,3.0,4.0,7.0,-3.0,4.0,8.0,-4.0,0.0,-1.0,1.0,1.0,1.0,0.0,2.0,1.0,1.0,46.2,23.1,38.5,38.5,D
2022-09-14,2022,Kyoto,Yokohama F. Marinos,1,2,A,O,5.73,4.63,1.48,15,1.0,0.0,1.0,1.0,5.0,7.0,-2.0,4.0,8.0,-4.0,1.0,-1.0,2.0,1.0,0.0,1.0,0.0,0.0,0.0,35.7,35.7,35.7,28.6,A
2022-09-11,2022,Hokkaido Consadole Sapporo,Iwata,4,0,H,O,1.74,3.84,4.37,14,1.0,0.0,2.0,4.0,5.0,0.0,5.0,7.0,8.0,-1.0,-2.0,-8.0,6.0,0.0,0.0,0.0,1.0,3.0,-2.0,30.8,23.1,7.7,61.5,H
2022-09-10,2022,Yokohama F. Marinos,Avispa Fukuoka,1,0,H,U,1.39,4.8,7.31,13,4.0,0.0,0.0,2.0,12.0,1.0,11.0,0.0,5.0,-5.0,12.0,-4.0,16.0,4.0,0.0,4.0,0.0,2.0,-2.0,83.3,0.0,21.4,50.0,H
2022-09-10,2022,Vissel Kobe,Nagoya Grampus,0,0,D,U,2.54,3.06,2.92,12,2.0,2.0,2.0,0.0,6.0,6.0,0.0,4.0,4.0,0.0,2.0,2.0,0.0,1.0,0.0,1.0,0.0,0.0,0.0,27.3,54.5,21.4,42.9,D
2022-09-10,2022,Urawa Reds,Kashiwa Reysol,4,1,H,O,1.9,3.64,3.81,13,3.0,2.0,0.0,0.0,11.0,6.0,5.0,3.0,4.0,-1.0,8.0,2.0,6.0,3.0,0.0,3.0,0.0,0.0,0.0,41.7,8.3,50.0,21.4,H
2022-09-10,2022,Shimizu S-Pulse,Shonan Bellmare,1,1,D,U,2.25,3.29,3.16,15,1.0,1.0,1.0,2.0,6.0,2.0,4.0,6.0,5.0,1.0,0.0,-3.0,3.0,0.0,0.0,0.0,0.0,1.0,-1.0,14.3,42.9,25.0,50.0,H
2022-09-10,2022,Kyoto,Kashima Antlers,1,1,D,U,3.16,3.3,2.25,14,2.0,0.0,1.0,2.0,6.0,2.0,4.0,4.0,5.0,-1.0,2.0,-3.0,5.0,1.0,0.0,1.0,0.0,1.0,-1.0,38.5,38.5,38.5,30.8,H
2022-09-10,2022,Kawasaki Frontale,Sanfrecce Hiroshima,4,0,H,O,1.93,3.43,3.93,14,4.0,3.0,0.0,0.0,12.0,9.0,3.0,2.0,3.0,-1.0,10.0,6.0,4.0,2.0,2.0,0.0,0.0,0.0,0.0,76.9,15.4,38.5,23.1,H
2022-09-10,2022,Gamba Osaka,FC Tokyo,0,0,D,U,2.74,3.4,2.47,15,0.0,2.0,3.0,2.0,2.0,8.0,-6.0,8.0,12.0,-4.0,-6.0,-4.0,-2.0,0.0,1.0,-1.0,2.0,2.0,0.0,21.4,50.0,38.5,53.8,D
2022-09-10,2022,Cerezo Osaka,Sagan Tosu,2,1,H,O,1.87,3.75,3.82,15,2.0,2.0,1.0,1.0,7.0,8.0,-1.0,5.0,8.0,-3.0,2.0,0.0,2.0,2.0,1.0,1.0,1.0,1.0,0.0,42.9,28.6,28.6,28.6,D
2022-09-07,2022,Yokohama F. Marinos,Shonan Bellmare,3,0,H,O,1.59,4.18,5.07,12,4.0,2.0,0.0,1.0,11.0,6.0,5.0,0.0,2.0,-2.0,11.0,4.0,7.0,4.0,1.0,3.0,0.0,0.0,0.0,81.8,0.0,27.3,45.5,D
2022-09-03,2022,Shonan Bellmare,Kawasaki Frontale,2,1,H,O,4.69,3.48,1.77,15,1.0,1.0,1.0,3.0,3.0,6.0,-3.0,6.0,7.0,-1.0,-3.0,-1.0,-2.0,0.0,1.0,-1.0,1.0,1.0,0.0,21.4,42.9,41.7,33.3,A
2022-09-03,2022,Sanfrecce Hiroshima,Shimizu S-Pulse,2,0,H,U,1.64,4.03,4.87,15,2.0,3.0,1.0,1.0,10.0,7.0,3.0,5.0,2.0,3.0,5.0,5.0,0.0,2.0,3.0,-1.0,0.0,0.0,0.0,57.1,21.4,38.5,30.8,D
2022-09-03,2022,Kyoto,Vissel Kobe,2,0,H,U,3.54,3.34,2.08,13,1.0,2.0,2.0,1.0,4.0,4.0,0.0,5.0,4.0,1.0,-1.0,0.0,-1.0,0.0,1.0,-1.0,0.0,1.0,-1.0,33.3,41.7,21.4,50.0,H
2022-09-03,2022,Kashima Antlers,Urawa Reds,2,2,D,O,2.7,3.32,2.55,15,1.0,2.0,1.0,1.0,6.0,9.0,-3.0,6.0,5.0,1.0,0.0,4.0,-4.0,1.0,1.0,0.0,1.0,1.0,0.0,50.0,21.4,23.1,38.5,H
2022-09-03,2022,Iwata,Kashiwa Reysol,2,2,D,O,2.99,3.28,2.35,14,1.0,3.0,3.0,0.0,1.0,5.0,-4.0,8.0,2.0,6.0,-7.0,3.0,-10.0,0.0,0.0,0.0,1.0,0.0,1.0,30.8,46.2,53.8,23.1,A
2022-09-03,2022,Gamba Osaka,Sagan Tosu,0,3,A,O,2.41,3.33,2.88,14,0.0,1.0,2.0,2.0,3.0,6.0,-3.0,6.0,11.0,-5.0,-3.0,-5.0,2.0,0.0,0.0,0.0,1.0,2.0,-1.0,23.1,46.2,23.1,30.8,A
2022-09-03,2022,FC Tokyo,Yokohama F. Marinos,2,2,D,O,4.28,4.07,1.72,13,2.0,1.0,1.0,1.0,7.0,10.0,-3.0,4.0,9.0,-5.0,3.0,1.0,2.0,2.0,1.0,1.0,1.0,0.0,1.0,50.0,16.7,38.5,30.8,A
2022-09-03,2022,Avispa Fukuoka,Nagoya Grampus,2,3,A,O,3.13,2.77,2.61,14,1.0,1.0,3.0,0.0,3.0,3.0,0.0,8.0,2.0,6.0,-5.0,1.0,-6.0,0.0,0.0,0.0,2.0,0.0,2.0,23.1,30.8,15.4,46.2,A
2022-09-02,2022,Hokkaido Consadole Sapporo,Cerezo Osaka,2,1,H,O,2.77,3.52,2.39,13,0.0,2.0,2.0,1.0,3.0,8.0,-5.0,6.0,6.0,0.0,-3.0,2.0,-5.0,0.0,1.0,-1.0,1.0,0.0,1.0,25.0,25.0,45.5,18.2,D
2022-08-31,2022,Kawasaki Frontale,Sagan Tosu,4,0,H,O,1.54,4.12,5.9,13,3.0,1.0,0.0,1.0,9.0,10.0,-1.0,3.0,11.0,-8.0,6.0,-1.0,7.0,1.0,0.0,1.0,0.0,1.0,-1.0,75.0,16.7,25.0,25.0,H
2022-08-31,2022,Avispa Fukuoka,Gamba Osaka,0,1,A,U,2.17,3.18,3.47,13,1.0,1.0,2.0,3.0,3.0,4.0,-1.0,7.0,10.0,-3.0,-4.0,-6.0,2.0,0.0,1.0,-1.0,2.0,2.0,0.0,25.0,25.0,23.1,53.8,D
2022-08-27,2022,Shimizu S-Pulse,Kyoto,1,0,H,U,1.64,3.84,5.22,14,0.0,0.0,2.0,2.0,8.0,3.0,5.0,11.0,5.0,6.0,-3.0,-2.0,-1.0,0.0,0.0,0.0,1.0,0.0,1.0,7.7,46.2,16.7,41.7,D
2022-08-27,2022,Nagoya Grampus,Gamba Osaka,0,2,A,U,1.67,3.65,5.24,13,2.0,0.0,1.0,4.0,5.0,2.0,3.0,3.0,11.0,-8.0,2.0,-9.0,11.0,1.0,0.0,1.0,1.0,2.0,-1.0,50.0,16.7,16.7,58.3,A
2022-08-27,2022,Kawasaki Frontale,Kashima Antlers,2,1,H,O,1.85,3.65,4.05,12,3.0,1.0,0.0,1.0,12.0,3.0,9.0,4.0,4.0,0.0,8.0,-1.0,9.0,2.0,0.0,2.0,0.0,1.0,-1.0,72.7,18.2,41.7,25.0,H
2022-08-27,2022,Kashiwa Reysol,FC Tokyo,3,6,A,O,2.2,3.37,3.2,14,1.0,1.0,3.0,3.0,4.0,2.0,2.0,6.0,11.0,-5.0,-2.0,-9.0,7.0,0.0,0.0,0.0,0.0,3.0,-3.0,46.2,46.2,33.3,58.3,A
2022-08-27,2022,Cerezo Osaka,Sanfrecce Hiroshima,0,3,A,O,2.9,3.35,2.39,14,3.0,2.0,0.0,1.0,9.0,6.0,3.0,3.0,6.0,-3.0,6.0,0.0,6.0,2.0,1.0,1.0,0.0,1.0,-1.0,46.2,23.1,33.3,25.0,A
2022-08-26,2022,Sagan Tosu,Avispa Fukuoka,1,1,D,U,2.44,2.99,3.14,14,1.0,1.0,1.0,2.0,4.0,1.0,3.0,3.0,4.0,-1.0,1.0,-3.0,4.0,1.0,0.0,1.0,0.0,2.0,-2.0,38.5,15.4,23.1,53.8,D
2022-08-21,2022,Shonan Bellmare,Kashima Antlers,1,1,D,U,3.01,3.21,2.4,14,1.0,1.0,1.0,1.0,2.0,3.0,-1.0,5.0,4.0,1.0,-3.0,-1.0,-2.0,0.0,0.0,0.0,1.0,1.0,0.0,23.1,46.2,45.5,27.3,D
2022-08-20,2022,Shimizu S-Pulse,Kashiwa Reysol,1,1,D,U,2.52,3.35,2.71,13,1.0,3.0,2.0,1.0,10.0,4.0,6.0,11.0,5.0,6.0,-1.0,-1.0,0.0,1.0,0.0,1.0,1.0,1.0,0.0,8.3,50.0,58.3,25.0,H
2022-08-20,2022,Sanfrecce Hiroshima,Gamba Osaka,5,2,H,O,1.39,4.77,7.56,14,2.0,0.0,1.0,4.0,7.0,1.0,6.0,4.0,8.0,-4.0,3.0,-7.0,10.0,1.0,0.0,1.0,0.0,1.0,-1.0,53.8,23.1,18.2,54.5,A
2022-08-20,2022,Hokkaido Consadole Sapporo,Sagan Tosu,1,2,A,O,2.27,3.34,3.09,12,1.0,0.0,1.0,2.0,3.0,8.0,-5.0,4.0,14.0,-10.0,-1.0,-6.0,5.0,0.0,0.0,0.0,1.0,2.0,-1.0,27.3,18.2,18.2,27.3,H
2022-08-20,2022,Avispa Fukuoka,Kawasaki Frontale,1,4,A,O,4.73,3.45,1.78,12,2.0,0.0,1.0,3.0,3.0,2.0,1.0,3.0,6.0,-3.0,0.0,-4.0,4.0,0.0,0.0,0.0,1.0,1.0,0.0,27.3,18.2,36.4,36.4,A
2022-08-19,2022,Nagoya Grampus,Iwata,1,0,H,U,1.62,3.75,5.63,12,2.0,0.0,1.0,3.0,5.0,1.0,4.0,3.0,8.0,-5.0,2.0,-7.0,9.0,1.0,0.0,1.0,1.0,3.0,-2.0,45.5,18.2,8.3,58.3,H
2022-08-14,2022,Sagan Tosu,Nagoya Grampus,0,0,D,U,3.1,2.96,2.48,13,1.0,1.0,2.0,1.0,4.0,3.0,1.0,5.0,5.0,0.0,-1.0,-2.0,1.0,1.0,0.0,1.0,1.0,1.0,0.0,41.7,16.7,16.7,50.0,D
2022-08-14,2022,Kashiwa Reysol,Sanfrecce Hiroshima,2,3,A,O,3.42,3.3,2.13,13,2.0,1.0,2.0,2.0,5.0,3.0,2.0,4.0,6.0,-2.0,1.0,-3.0,4.0,1.0,1.0,0.0,0.0,2.0,-2.0,50.0,41.7,27.3,27.3,D
2022-08-14,2022,Kashima Antlers,Avispa Fukuoka,2,0,H,U,1.75,3.4,5.04,14,1.0,1.0,1.0,1.0,5.0,3.0,2.0,6.0,4.0,2.0,-1.0,-1.0,0.0,0.0,0.0,0.0,1.0,1.0,0.0,46.2,23.1,25.0,50.0,H
2022-08-14,2022,Gamba Osaka,Shimizu S-Pulse,0,2,A,U,3.41,3.44,2.09,13,1.0,2.0,1.0,1.0,5.0,6.0,-1.0,4.0,3.0,1.0,1.0,3.0,-2.0,1.0,2.0,-1.0,0.0,0.0,0.0,25.0,41.7,33.3,33.3,D
2022-08-13,2022,Iwata,Urawa Reds,0,6,A,O,4.7,3.73,1.72,13,2.0,2.0,2.0,1.0,4.0,4.0,0.0,3.0,5.0,-2.0,1.0,-1.0,2.0,1.0,0.0,1.0,0.0,1.0,-1.0,33.3,41.7,16.7,41.7,A
2022-08-13,2022,Hokkaido Consadole Sapporo,Vissel Kobe,0,2,A,U,2.41,3.36,2.83,11,1.0,2.0,1.0,1.0,4.0,4.0,0.0,8.0,4.0,4.0,-4.0,0.0,-4.0,0.0,1.0,-1.0,1.0,1.0,0.0,30.0,10.0,15.4,53.8,A
2022-08-07,2022,Shonan Bellmare,Hokkaido Consadole Sapporo,1,5,A,O,2.04,3.38,3.58,13,2.0,0.0,0.0,4.0,3.0,3.0,0.0,0.0,11.0,-11.0,3.0,-8.0,11.0,1.0,0.0,1.0,0.0,2.0,-2.0,25.0,41.7,15.4,53.8,A
2022-08-07,2022,Sagan Tosu,Iwata,2,0,H,U,1.75,3.57,4.67,12,1.0,0.0,2.0,2.0,7.0,1.0,6.0,5.0,6.0,-1.0,2.0,-5.0,7.0,1.0,0.0,1.0,1.0,2.0,-1.0,36.4,18.2,9.1,54.5,H
2022-08-07,2022,Kawasaki Frontale,Yokohama F. Marinos,2,1,H,O,2.53,3.69,2.51,11,2.0,2.0,1.0,0.0,10.0,11.0,-1.0,7.0,8.0,-1.0,3.0,3.0,0.0,2.0,1.0,1.0,1.0,0.0,1.0,70.0,20.0,41.7,25.0,D
2022-08-07,2022,FC Tokyo,Shimizu S-Pulse,0,2,A,U,2.24,3.5,3.0,12,3.0,1.0,0.0,2.0,10.0,5.0,5.0,3.0,6.0,-3.0,7.0,-1.0,8.0,3.0,1.0,2.0,0.0,1.0,-1.0,54.5,9.1,27.3,36.4,D
2022-08-06,2022,Nagoya Grampus,Urawa Reds,3,0,H,O,2.5,3.01,3.01,11,2.0,2.0,1.0,0.0,3.0,4.0,-1.0,3.0,2.0,1.0,0.0,2.0,-2.0,0.0,0.0,0.0,1.0,0.0,1.0,40.0,20.0,18.2,36.4,H
2022-08-06,2022,Kyoto,Kashiwa Reysol,1,2,A,O,2.85,3.21,2.48,12,2.0,3.0,1.0,1.0,4.0,8.0,-4.0,3.0,5.0,-2.0,1.0,3.0,-2.0,0.0,1.0,-1.0,0.0,1.0,-1.0,36.4,36.4,54.5,27.3,D
2022-08-06,2022,Kashima Antlers,Sanfrecce Hiroshima,0,2,A,U,2.68,3.25,2.61,13,1.0,1.0,0.0,2.0,9.0,4.0,5.0,8.0,7.0,1.0,1.0,-3.0,4.0,0.0,1.0,-1.0,0.0,2.0,-2.0,50.0,16.7,20.0,30.0,D
2022-08-06,2022,Cerezo Osaka,Vissel Kobe,3,0,H,O,2.56,3.19,2.77,13,2.0,2.0,0.0,1.0,7.0,5.0,2.0,4.0,4.0,0.0,3.0,1.0,2.0,1.0,1.0,0.0,0.0,1.0,-1.0,41.7,25.0,16.7,50.0,H
2022-07-31,2022,Shimizu S-Pulse,Sagan Tosu,3,3,D,O,2.59,3.19,2.73,12,1.0,1.0,3.0,2.0,7.0,6.0,1.0,11.0,11.0,0.0,-4.0,-5.0,1.0,1.0,0.0,1.0,2.0,2.0,0.0,9.1,54.5,20.0,30.0,A
2022-07-30,2022,Yokohama F. Marinos,Kashima Antlers,2,0,H,U,1.78,4.04,3.9,11,4.0,1.0,0.0,1.0,11.0,4.0,7.0,1.0,5.0,-4.0,10.0,-1.0,11.0,3.0,0.0,3.0,0.0,1.0,-1.0,80.0,0.0,50.0,20.0,H
2022-07-30,2022,Vissel Kobe,Kashiwa Reysol,0,1,A,U,2.27,3.24,3.16,11,2.0,2.0,1.0,1.0,6.0,7.0,-1.0,3.0,5.0,-2.0,3.0,2.0,1.0,1.0,1.0,0.0,0.0,1.0,-1.0,30.0,50.0,50.0,30.0,A
2022-07-30,2022,Urawa Reds,Kawasaki Frontale,3,1,H,O,2.62,3.28,2.64,12,2.0,1.0,0.0,2.0,9.0,2.0,7.0,3.0,3.0,0.0,6.0,-1.0,7.0,2.0,0.0,2.0,0.0,0.0,0.0,36.4,9.1,40.0,30.0,H
2022-07-30,2022,Sanfrecce Hiroshima,FC Tokyo,1,2,A,O,1.67,3.79,4.92,13,3.0,1.0,0.0,3.0,7.0,3.0,4.0,2.0,10.0,-8.0,5.0,-7.0,12.0,1.0,1.0,0.0,0.0,3.0,-3.0,58.3,16.7,27.3,63.6,H
2022-07-30,2022,Iwata,Shonan Bellmare,1,0,H,U,3.79,3.22,2.04,12,1.0,2.0,3.0,0.0,3.0,6.0,-3.0,5.0,1.0,4.0,-2.0,5.0,-7.0,1.0,1.0,0.0,1.0,0.0,1.0,27.3,45.5,30.0,40.0,D
2022-07-30,2022,Hokkaido Consadole Sapporo,Nagoya Grampus,2,2,D,O,2.77,3.08,2.64,10,2.0,1.0,1.0,2.0,3.0,1.0,2.0,6.0,4.0,2.0,-3.0,-3.0,0.0,0.0,0.0,0.0,1.0,1.0,0.0,33.3,11.1,18.2,54.5,H
2022-07-30,2022,Gamba Osaka,Kyoto,1,1,D,U,1.93,3.56,3.75,12,1.0,0.0,2.0,3.0,5.0,2.0,3.0,5.0,6.0,-1.0,0.0,-4.0,4.0,1.0,0.0,1.0,0.0,1.0,-1.0,27.3,45.5,18.2,45.5,D
2022-07-30,2022,Cerezo Osaka,Avispa Fukuoka,2,0,H,U,1.96,3.23,4.07,12,2.0,1.0,0.0,1.0,7.0,4.0,3.0,4.0,5.0,-1.0,3.0,-1.0,4.0,1.0,0.0,1.0,0.0,1.0,-1.0,36.4,27.3,27.3,45.5,H
2022-07-17,2022,Kyoto,Sanfrecce Hiroshima,1,1,D,U,4.71,3.82,1.69,11,2.0,1.0,1.0,2.0,3.0,3.0,0.0,2.0,6.0,-4.0,1.0,-3.0,4.0,0.0,1.0,-1.0,0.0,2.0,-2.0,40.0,40.0,22.2,33.3,D
2022-07-17,2022,FC Tokyo,Iwata,2,0,H,U,1.82,3.42,4.43,11,2.0,0.0,0.0,2.0,8.0,2.0,6.0,3.0,6.0,-3.0,5.0,-4.0,9.0,2.0,0.0,2.0,0.0,1.0,-1.0,50.0,10.0,10.0,50.0,H
2022-07-16,2022,Shonan Bellmare,Avispa Fukuoka,0,0,D,U,2.4,2.88,3.31,12,2.0,1.0,1.0,2.0,3.0,4.0,-1.0,2.0,6.0,-4.0,1.0,-2.0,3.0,1.0,0.0,1.0,1.0,1.0,0.0,27.3,45.5,30.0,50.0,D
2022-07-16,2022,Shimizu S-Pulse,Urawa Reds,1,2,A,O,4.09,3.67,1.83,11,1.0,1.0,3.0,1.0,7.0,2.0,5.0,11.0,3.0,8.0,-4.0,-1.0,-3.0,1.0,0.0,1.0,2.0,1.0,1.0,10.0,50.0,10.0,40.0,A
2022-07-16,2022,Sagan Tosu,Yokohama F. Marinos,2,2,D,O,3.19,3.62,2.1,11,2.0,3.0,2.0,0.0,7.0,11.0,-4.0,4.0,6.0,-2.0,3.0,5.0,-2.0,1.0,2.0,-1.0,1.0,0.0,1.0,40.0,20.0,45.5,27.3,D
2022-07-16,2022,Kashiwa Reysol,Hokkaido Consadole Sapporo,1,0,H,U,2.13,3.66,3.09,12,2.0,0.0,2.0,4.0,7.0,4.0,3.0,5.0,14.0,-9.0,2.0,-10.0,12.0,2.0,0.0,2.0,0.0,3.0,-3.0,45.5,45.5,16.7,50.0,H
2022-07-16,2022,Kashima Antlers,Vissel Kobe,1,1,D,U,2.14,3.36,3.34,12,2.0,2.0,0.0,2.0,12.0,5.0,7.0,8.0,5.0,3.0,4.0,0.0,4.0,1.0,1.0,0.0,0.0,1.0,-1.0,54.5,18.2,18.2,54.5,D
2022-07-16,2022,Gamba Osaka,Cerezo Osaka,1,2,A,O,3.4,3.42,2.08,11,2.0,1.0,1.0,2.0,6.0,6.0,0.0,3.0,6.0,-3.0,3.0,0.0,3.0,2.0,1.0,1.0,0.0,0.0,0.0,30.0,40.0,40.0,20.0,H
2022-07-10,2022,Urawa Reds,FC Tokyo,3,0,H,O,1.92,3.34,4.12,11,1.0,1.0,0.0,3.0,9.0,4.0,5.0,6.0,9.0,-3.0,3.0,-5.0,8.0,1.0,1.0,0.0,0.0,2.0,-2.0,30.0,10.0,30.0,60.0,H
2022-07-10,2022,Sanfrecce Hiroshima,Shonan Bellmare,1,1,D,U,2.28,3.11,3.31,12,4.0,2.0,0.0,1.0,9.0,5.0,4.0,2.0,1.0,1.0,7.0,4.0,3.0,2.0,1.0,1.0,0.0,0.0,0.0,63.6,18.2,33.3,44.4,D
2022-07-10,2022,Sagan Tosu,Kashiwa Reysol,0,1,A,U,2.61,3.12,2.76,10,2.0,2.0,1.0,1.0,7.0,8.0,-1.0,3.0,6.0,-3.0,4.0,2.0,2.0,1.0,1.0,0.0,1.0,1.0,0.0,44.4,11.1,44.4,33.3,A
2022-07-10,2022,Nagoya Grampus,Shimizu S-Pulse,0,2,A,U,1.95,3.34,3.99,10,2.0,0.0,0.0,2.0,4.0,3.0,1.0,2.0,6.0,-4.0,2.0,-3.0,5.0,0.0,0.0,0.0,0.0,1.0,-1.0,44.4,11.1,20.0,40.0,A
2022-07-10,2022,Hokkaido Consadole Sapporo,Kashima Antlers,0,0,D,U,3.07,3.65,2.16,9,3.0,1.0,1.0,1.0,4.0,5.0,-1.0,6.0,6.0,0.0,-2.0,-1.0,-1.0,0.0,0.0,0.0,1.0,1.0,0.0,37.5,12.5,55.6,22.2,D
2022-07-10,2022,Cerezo Osaka,Yokohama F. Marinos,2,2,D,O,3.1,3.75,2.12,11,3.0,3.0,0.0,1.0,8.0,9.0,-1.0,3.0,5.0,-2.0,5.0,4.0,1.0,2.0,2.0,0.0,0.0,0.0,0.0,40.0,30.0,50.0,30.0,H
2022-07-10,2022,Avispa Fukuoka,Kyoto,1,0,H,U,2.08,3.19,3.71,11,1.0,0.0,1.0,3.0,2.0,3.0,-1.0,3.0,8.0,-5.0,-1.0,-5.0,4.0,0.0,0.0,0.0,1.0,2.0,-1.0,20.0,20.0,20.0,40.0,H
2022-07-09,2022,Kawasaki Frontale,Gamba Osaka,4,0,H,O,1.39,4.76,7.47,10,2.0,0.0,1.0,4.0,8.0,2.0,6.0,7.0,7.0,0.0,1.0,-5.0,6.0,2.0,0.0,2.0,1.0,1.0,0.0,66.7,22.2,20.0,50.0,H
2022-07-09,2022,Iwata,Vissel Kobe,0,1,A,U,3.71,3.47,1.98,11,1.0,1.0,3.0,3.0,4.0,4.0,0.0,6.0,7.0,-1.0,-2.0,-3.0,1.0,1.0,1.0,0.0,1.0,2.0,-1.0,30.0,40.0,10.0,60.0,D
2022-07-06,2022,Yokohama F. Marinos,Sanfrecce Hiroshima,3,0,H,O,2.45,3.43,2.72,10,4.0,1.0,0.0,1.0,10.0,5.0,5.0,2.0,5.0,-3.0,8.0,0.0,8.0,2.0,1.0,1.0,0.0,1.0,-1.0,77.8,0.0,25.0,25.0,H
2022-07-06,2022,Vissel Kobe,Shimizu S-Pulse,2,1,H,O,1.87,3.65,3.91,10,1.0,1.0,2.0,1.0,4.0,6.0,-2.0,3.0,5.0,-2.0,1.0,1.0,0.0,1.0,1.0,0.0,0.0,1.0,-1.0,22.2,55.6,22.2,33.3,H
2022-07-06,2022,Urawa Reds,Kyoto,2,2,D,O,1.5,4.04,6.69,10,1.0,0.0,0.0,4.0,7.0,1.0,6.0,4.0,7.0,-3.0,3.0,-6.0,9.0,1.0,0.0,1.0,0.0,2.0,-2.0,33.3,11.1,22.2,44.4,H
2022-07-06,2022,Shonan Bellmare,Gamba Osaka,1,0,H,U,1.94,3.5,3.79,11,2.0,1.0,1.0,3.0,4.0,3.0,1.0,3.0,6.0,-3.0,1.0,-3.0,4.0,1.0,0.0,1.0,1.0,1.0,0.0,20.0,50.0,22.2,44.4,H
2022-07-06,2022,Kashiwa Reysol,Nagoya Grampus,0,1,A,U,2.58,3.02,2.9,11,2.0,1.0,2.0,2.0,7.0,2.0,5.0,5.0,5.0,0.0,2.0,-3.0,5.0,2.0,0.0,2.0,0.0,1.0,-1.0,50.0,40.0,10.0,60.0,A
2022-07-06,2022,Kashima Antlers,Cerezo Osaka,3,3,D,O,2.16,3.33,3.31,11,3.0,1.0,0.0,2.0,12.0,4.0,8.0,6.0,4.0,2.0,6.0,0.0,6.0,2.0,1.0,1.0,0.0,0.0,0.0,60.0,20.0,44.4,22.2,D
2022-07-06,2022,Iwata,Avispa Fukuoka,0,1,A,U,3.08,2.98,2.46,10,2.0,0.0,2.0,3.0,6.0,3.0,3.0,6.0,8.0,-2.0,0.0,-5.0,5.0,1.0,0.0,1.0,1.0,2.0,-1.0,33.3,33.3,22.2,55.6,D
2022-07-06,2022,FC Tokyo,Hokkaido Consadole Sapporo,3,0,H,O,2.44,3.53,2.69,10,1.0,1.0,1.0,3.0,5.0,6.0,-1.0,4.0,12.0,-8.0,1.0,-6.0,7.0,1.0,0.0,1.0,0.0,2.0,-2.0,44.4,11.1,18.2,45.5,H
2022-07-02,2022,Shonan Bellmare,Nagoya Grampus,0,0,D,U,2.78,2.83,2.84,10,2.0,1.0,2.0,3.0,5.0,3.0,2.0,7.0,7.0,0.0,-2.0,-4.0,2.0,1.0,0.0,1.0,2.0,1.0,1.0,22.2,55.6,11.1,66.7,D
2022-07-02,2022,Shimizu S-Pulse,Yokohama F. Marinos,3,5,A,O,5.29,4.27,1.56,10,1.0,2.0,3.0,1.0,4.0,7.0,-3.0,8.0,5.0,3.0,-4.0,2.0,-6.0,1.0,1.0,0.0,2.0,0.0,2.0,11.1,44.4,44.4,33.3,A
2022-07-02,2022,Sanfrecce Hiroshima,Iwata,3,0,H,O,1.42,4.38,7.59,11,4.0,0.0,0.0,2.0,9.0,3.0,6.0,2.0,6.0,-4.0,7.0,-3.0,10.0,2.0,0.0,2.0,0.0,1.0,-1.0,60.0,20.0,11.1,44.4,H
2022-07-02,2022,Sagan Tosu,Vissel Kobe,0,2,A,U,2.26,3.29,3.15,9,2.0,0.0,0.0,4.0,8.0,3.0,5.0,2.0,10.0,-8.0,6.0,-7.0,13.0,1.0,0.0,1.0,0.0,3.0,-3.0,50.0,0.0,0.0,66.7,D
2022-07-02,2022,Kyoto,Hokkaido Consadole Sapporo,2,1,H,O,3.05,3.58,2.2,10,1.0,1.0,2.0,3.0,1.0,6.0,-5.0,2.0,14.0,-12.0,-1.0,-8.0,7.0,0.0,0.0,0.0,0.0,3.0,-3.0,33.3,44.4,20.0,40.0,H
2022-07-02,2022,Kashiwa Reysol,Kashima Antlers,1,2,A,O,2.91,3.44,2.33,10,2.0,0.0,1.0,2.0,6.0,3.0,3.0,3.0,8.0,-5.0,3.0,-5.0,8.0,2.0,0.0,2.0,0.0,2.0,-2.0,55.6,33.3,50.0,25.0,A
2022-07-02,2022,Gamba Osaka,Urawa Reds,1,1,D,U,4.33,3.43,1.85,10,2.0,1.0,1.0,1.0,5.0,1.0,4.0,2.0,2.0,0.0,3.0,-1.0,4.0,2.0,0.0,2.0,0.0,1.0,-1.0,33.3,44.4,11.1,44.4,H
2022-07-02,2022,FC Tokyo,Avispa Fukuoka,2,2,D,O,2.34,2.98,3.35,9,2.0,1.0,1.0,3.0,5.0,2.0,3.0,2.0,6.0,-4.0,3.0,-4.0,7.0,2.0,0.0,2.0,0.0,2.0,-2.0,50.0,12.5,25.0,62.5,A
2022-07-02,2022,Cerezo Osaka,Kawasaki Frontale,2,1,H,O,3.52,3.36,2.08,10,3.0,2.0,0.0,1.0,8.0,3.0,5.0,3.0,1.0,2.0,5.0,2.0,3.0,2.0,1.0,1.0,0.0,0.0,0.0,33.3,33.3,44.4,22.2,A
2022-06-29,2022,Gamba Osaka,Sanfrecce Hiroshima,2,0,H,U,5.98,3.98,1.55,9,1.0,1.0,2.0,0.0,3.0,7.0,-4.0,3.0,5.0,-2.0,0.0,2.0,-2.0,1.0,1.0,0.0,0.0,0.0,0.0,25.0,50.0,28.6,14.3,H
2022-06-26,2022,Vissel Kobe,Urawa Reds,0,1,A,U,2.79,3.2,2.56,9,2.0,0.0,1.0,1.0,8.0,0.0,8.0,2.0,2.0,0.0,6.0,-2.0,8.0,2.0,0.0,2.0,0.0,1.0,-1.0,25.0,50.0,0.0,50.0,D
2022-06-26,2022,Sagan Tosu,FC Tokyo,5,0,H,O,2.34,3.14,3.14,8,1.0,1.0,0.0,3.0,3.0,5.0,-2.0,2.0,9.0,-7.0,1.0,-4.0,5.0,0.0,1.0,-1.0,0.0,2.0,-2.0,42.9,0.0,33.3,55.6,H
2022-06-26,2022,Nagoya Grampus,Kashima Antlers,1,1,D,U,2.76,3.2,2.57,9,2.0,1.0,1.0,2.0,3.0,5.0,-2.0,3.0,7.0,-4.0,0.0,-2.0,2.0,0.0,1.0,-1.0,1.0,2.0,-1.0,50.0,12.5,57.1,28.6,A
2022-06-26,2022,Kyoto,Shonan Bellmare,0,1,A,U,3.2,3.15,2.3,9,2.0,2.0,1.0,1.0,4.0,5.0,-1.0,2.0,1.0,1.0,2.0,4.0,-2.0,1.0,1.0,0.0,0.0,0.0,0.0,37.5,37.5,25.0,50.0,D
2022-06-26,2022,Hokkaido Consadole Sapporo,Gamba Osaka,1,0,H,U,2.0,3.77,3.34,8,2.0,1.0,1.0,3.0,3.0,3.0,0.0,6.0,7.0,-1.0,-3.0,-4.0,1.0,0.0,0.0,0.0,1.0,2.0,-1.0,28.6,14.3,25.0,37.5,D
2022-06-26,2022,Cerezo Osaka,Shimizu S-Pulse,1,1,D,U,1.94,3.49,3.82,9,3.0,1.0,1.0,1.0,7.0,5.0,2.0,5.0,4.0,1.0,2.0,1.0,1.0,2.0,1.0,1.0,1.0,1.0,0.0,37.5,37.5,25.0,37.5,A
2022-06-25,2022,Yokohama F. Marinos,Kashiwa Reysol,4,0,H,O,1.89,3.72,3.75,9,3.0,2.0,0.0,1.0,6.0,8.0,-2.0,2.0,3.0,-1.0,4.0,5.0,-1.0,1.0,1.0,0.0,0.0,0.0,0.0,75.0,0.0,50.0,25.0,H
2022-06-25,2022,Kawasaki Frontale,Iwata,1,1,D,U,1.37,4.89,7.89,9,3.0,0.0,1.0,2.0,8.0,2.0,6.0,6.0,5.0,1.0,2.0,-3.0,5.0,2.0,0.0,2.0,1.0,1.0,0.0,75.0,25.0,12.5,50.0,H
2022-06-25,2022,Avispa Fukuoka,Sanfrecce Hiroshima,1,3,A,O,4.19,3.02,2.03,10,2.0,1.0,0.0,0.0,6.0,5.0,1.0,1.0,4.0,-3.0,5.0,1.0,4.0,1.0,0.0,1.0,0.0,0.0,0.0,22.2,11.1,16.7,16.7,D
2022-06-18,2022,Urawa Reds,Nagoya Grampus,3,0,H,O,2.39,2.95,3.28,9,0.0,1.0,0.0,3.0,5.0,4.0,1.0,5.0,6.0,-1.0,0.0,-2.0,2.0,0.0,0.0,0.0,0.0,0.0,0.0,25.0,12.5,12.5,62.5,H
2022-06-18,2022,Shonan Bellmare,FC Tokyo,2,0,H,U,2.87,3.08,2.57,9,1.0,1.0,3.0,2.0,4.0,5.0,-1.0,11.0,7.0,4.0,-7.0,-2.0,-5.0,0.0,1.0,-1.0,3.0,1.0,2.0,12.5,62.5,37.5,50.0,H
2022-06-18,2022,Shimizu S-Pulse,Avispa Fukuoka,3,1,H,O,2.56,2.95,2.99,9,0.0,1.0,3.0,3.0,3.0,1.0,2.0,9.0,4.0,5.0,-6.0,-3.0,-3.0,0.0,0.0,0.0,2.0,1.0,1.0,0.0,50.0,28.6,57.1,H
2022-06-18,2022,Sanfrecce Hiroshima,Cerezo Osaka,2,1,H,O,1.8,3.55,4.44,10,3.0,1.0,1.0,1.0,8.0,3.0,5.0,3.0,2.0,1.0,5.0,1.0,4.0,2.0,1.0,1.0,0.0,0.0,0.0,55.6,22.2,50.0,12.5,D
2022-06-18,2022,Kawasaki Frontale,Hokkaido Consadole Sapporo,5,2,H,O,1.57,4.26,5.19,8,2.0,1.0,2.0,2.0,4.0,4.0,0.0,8.0,9.0,-1.0,-4.0,-5.0,1.0,1.0,0.0,1.0,2.0,2.0,0.0,71.4,28.6,22.2,33.3,D
2022-06-18,2022,Kashiwa Reysol,Vissel Kobe,3,1,H,O,2.53,3.28,2.76,9,1.0,0.0,2.0,3.0,4.0,2.0,2.0,6.0,7.0,-1.0,-2.0,-5.0,3.0,1.0,0.0,1.0,1.0,2.0,-1.0,50.0,37.5,0.0,62.5,H
2022-06-18,2022,Kashima Antlers,Kyoto,1,0,H,U,1.43,4.7,6.63,10,2.0,0.0,0.0,3.0,11.0,2.0,9.0,6.0,7.0,-1.0,5.0,-5.0,10.0,2.0,0.0,2.0,0.0,2.0,-2.0,55.6,22.2,25.0,37.5,D
2022-06-18,2022,Iwata,Sagan Tosu,3,1,H,O,4.32,3.4,1.86,9,2.0,2.0,2.0,1.0,5.0,9.0,-4.0,6.0,9.0,-3.0,-1.0,0.0,-1.0,0.0,1.0,-1.0,1.0,1.0,0.0,25.0,37.5,22.2,22.2,H
2022-06-18,2022,Gamba Osaka,Yokohama F. Marinos,1,2,A,O,5.23,4.25,1.57,8,2.0,2.0,1.0,1.0,5.0,9.0,-4.0,2.0,5.0,-3.0,3.0,4.0,-1.0,2.0,2.0,0.0,0.0,0.0,0.0,28.6,42.9,37.5,37.5,H
2022-05-29,2022,Vissel Kobe,Hokkaido Consadole Sapporo,4,1,H,O,2.23,3.57,2.99,8,1.0,2.0,2.0,1.0,4.0,5.0,-1.0,2.0,5.0,-3.0,2.0,0.0,2.0,1.0,1.0,0.0,0.0,1.0,-1.0,14.3,57.1,25.0,25.0,H
2022-05-29,2022,Shonan Bellmare,Cerezo Osaka,0,2,A,U,2.87,3.07,2.57,8,1.0,1.0,2.0,1.0,4.0,2.0,2.0,9.0,2.0,7.0,-5.0,0.0,-5.0,0.0,0.0,0.0,2.0,0.0,2.0,14.3,57.1,42.9,14.3,A
2022-05-29,2022,Sagan Tosu,Gamba Osaka,2,1,H,O,1.64,3.83,5.2,7,1.0,1.0,0.0,2.0,6.0,3.0,3.0,1.0,6.0,-5.0,5.0,-3.0,8.0,1.0,0.0,1.0,0.0,2.0,-2.0,33.3,0.0,28.6,28.6,H
2022-05-29,2022,Kyoto,Kawasaki Frontale,1,0,H,U,4.72,3.74,1.71,8,1.0,2.0,1.0,0.0,4.0,4.0,0.0,3.0,1.0,2.0,1.0,3.0,-2.0,1.0,1.0,0.0,0.0,0.0,0.0,28.6,42.9,50.0,12.5,D
2022-05-29,2022,Kashiwa Reysol,Shimizu S-Pulse,3,1,H,O,2.16,3.33,3.33,8,0.0,1.0,3.0,0.0,1.0,5.0,-4.0,7.0,2.0,5.0,-6.0,3.0,-9.0,0.0,1.0,-1.0,2.0,0.0,2.0,42.9,42.9,28.6,28.6,H
2022-05-29,2022,Iwata,Yokohama F. Marinos,0,2,A,U,4.23,3.97,1.74,8,2.0,2.0,1.0,1.0,7.0,10.0,-3.0,6.0,5.0,1.0,1.0,5.0,-4.0,0.0,2.0,-2.0,0.0,0.0,0.0,28.6,28.6,28.6,42.9,D
2022-05-29,2022,FC Tokyo,Kashima Antlers,3,1,H,O,3.63,3.4,2.02,8,1.0,2.0,1.0,1.0,2.0,5.0,-3.0,1.0,4.0,-3.0,1.0,1.0,0.0,1.0,1.0,0.0,0.0,1.0,-1.0,42.9,14.3,66.7,16.7,H
2022-05-28,2022,Sanfrecce Hiroshima,Nagoya Grampus,1,0,H,U,2.11,2.99,3.91,9,3.0,1.0,1.0,2.0,8.0,4.0,4.0,3.0,5.0,-2.0,5.0,-1.0,6.0,2.0,0.0,2.0,0.0,0.0,0.0,50.0,25.0,14.3,57.1,D
2022-05-28,2022,Avispa Fukuoka,Urawa Reds,0,0,D,U,2.92,2.84,2.71,9,2.0,0.0,0.0,1.0,6.0,1.0,5.0,1.0,3.0,-2.0,5.0,-2.0,7.0,1.0,0.0,1.0,0.0,1.0,-1.0,25.0,12.5,0.0,57.1,D
2022-05-25,2022,Yokohama F. Marinos,Kyoto,2,0,H,U,1.5,4.57,5.65,8,3.0,1.0,0.0,2.0,6.0,4.0,2.0,2.0,5.0,-3.0,4.0,-1.0,5.0,1.0,1.0,0.0,0.0,1.0,-1.0,71.4,0.0,28.6,28.6,H
2022-05-25,2022,Vissel Kobe,Iwata,0,0,D,U,1.96,3.49,3.77,7,1.0,0.0,3.0,3.0,5.0,2.0,3.0,5.0,7.0,-2.0,0.0,-5.0,5.0,1.0,0.0,1.0,1.0,2.0,-1.0,16.7,66.7,14.3,57.1,D
2022-05-25,2022,Shimizu S-Pulse,FC Tokyo,0,3,A,O,2.54,3.14,2.85,8,0.0,0.0,2.0,3.0,4.0,3.0,1.0,7.0,9.0,-2.0,-3.0,-6.0,3.0,0.0,0.0,0.0,1.0,1.0,0.0,0.0,42.9,28.6,57.1,A
2022-05-25,2022,Nagoya Grampus,Avispa Fukuoka,1,0,H,U,2.22,2.82,3.87,8,2.0,2.0,1.0,2.0,4.0,4.0,0.0,4.0,5.0,-1.0,0.0,-1.0,1.0,0.0,0.0,0.0,1.0,1.0,0.0,42.9,14.3,33.3,50.0,H
2022-05-25,2022,Kawasaki Frontale,Shonan Bellmare,0,4,A,O,1.66,3.68,5.27,7,3.0,1.0,1.0,2.0,5.0,2.0,3.0,4.0,3.0,1.0,1.0,-1.0,2.0,1.0,0.0,1.0,1.0,0.0,1.0,83.3,16.7,14.3,57.1,D
2022-05-25,2022,Kashima Antlers,Sagan Tosu,4,4,D,O,2.01,3.45,3.63,9,2.0,2.0,1.0,2.0,7.0,6.0,1.0,5.0,8.0,-3.0,2.0,-2.0,4.0,2.0,1.0,1.0,1.0,2.0,-1.0,62.5,25.0,25.0,25.0,A
2022-05-25,2022,Hokkaido Consadole Sapporo,Kashiwa Reysol,1,6,A,O,2.43,3.33,2.85,7,2.0,2.0,0.0,1.0,3.0,3.0,0.0,1.0,2.0,-1.0,2.0,1.0,1.0,0.0,0.0,0.0,0.0,0.0,0.0,33.3,0.0,42.9,28.6,A
2022-05-25,2022,Cerezo Osaka,Urawa Reds,2,0,H,U,2.31,3.19,3.14,8,2.0,0.0,2.0,1.0,5.0,1.0,4.0,6.0,2.0,4.0,-1.0,-1.0,0.0,1.0,0.0,1.0,1.0,0.0,1.0,28.6,42.9,0.0,50.0,D
2022-05-22,2022,Iwata,Hokkaido Consadole Sapporo,1,2,A,O,3.03,3.43,2.26,7,2.0,1.0,0.0,2.0,7.0,3.0,4.0,5.0,9.0,-4.0,2.0,-6.0,8.0,0.0,1.0,-1.0,0.0,2.0,-2.0,33.3,16.7,14.3,28.6,D
2022-05-21,2022,Urawa Reds,Kashima Antlers,1,1,D,U,2.85,3.28,2.46,8,1.0,3.0,0.0,1.0,8.0,6.0,2.0,5.0,3.0,2.0,3.0,3.0,0.0,1.0,2.0,-1.0,0.0,1.0,-1.0,28.6,14.3,80.0,20.0,D
2022-05-21,2022,Shonan Bellmare,Vissel Kobe,2,1,H,O,2.57,3.15,2.8,7,0.0,0.0,3.0,2.0,2.0,2.0,0.0,9.0,6.0,3.0,-7.0,-4.0,-3.0,0.0,0.0,0.0,2.0,2.0,0.0,0.0,66.7,0.0,57.1,H
2022-05-21,2022,Shimizu S-Pulse,Nagoya Grampus,1,2,A,O,3.29,2.96,2.37,7,0.0,0.0,1.0,2.0,3.0,2.0,1.0,5.0,4.0,1.0,-2.0,-2.0,0.0,0.0,0.0,0.0,1.0,0.0,1.0,0.0,33.3,0.0,66.7,A
2022-05-21,2022,Sanfrecce Hiroshima,Kyoto,3,1,H,O,1.55,4.02,6.0,8,3.0,2.0,1.0,1.0,7.0,6.0,1.0,2.0,3.0,-1.0,5.0,3.0,2.0,2.0,2.0,0.0,0.0,0.0,0.0,42.9,28.6,33.3,16.7,H
2022-05-21,2022,Sagan Tosu,Kawasaki Frontale,0,0,D,U,3.19,3.07,2.37,6,2.0,3.0,0.0,0.0,7.0,6.0,1.0,1.0,1.0,0.0,6.0,5.0,1.0,1.0,2.0,-1.0,0.0,0.0,0.0,40.0,0.0,57.1,14.3,D
2022-05-21,2022,FC Tokyo,Kashiwa Reysol,0,0,D,U,2.38,3.09,3.13,7,1.0,2.0,1.0,1.0,2.0,4.0,-2.0,1.0,3.0,-2.0,1.0,1.0,0.0,1.0,0.0,1.0,0.0,0.0,0.0,50.0,16.7,50.0,33.3,D
2022-05-21,2022,Cerezo Osaka,Gamba Osaka,3,1,H,O,1.86,3.6,4.02,7,1.0,1.0,2.0,1.0,4.0,3.0,1.0,7.0,4.0,3.0,-3.0,-1.0,-2.0,0.0,0.0,0.0,1.0,1.0,0.0,16.7,50.0,33.3,16.7,A
2022-05-21,2022,Avispa Fukuoka,Yokohama F. Marinos,1,0,H,U,3.35,3.36,2.14,8,1.0,2.0,1.0,1.0,5.0,10.0,-5.0,2.0,6.0,-4.0,3.0,4.0,-1.0,1.0,2.0,-1.0,0.0,1.0,-1.0,14.3,14.3,33.3,33.3,D
2022-05-18,2022,Vissel Kobe,Kawasaki Frontale,0,1,A,U,4.1,3.52,1.87,6,1.0,2.0,3.0,0.0,5.0,7.0,-2.0,6.0,3.0,3.0,-1.0,4.0,-5.0,1.0,2.0,-1.0,2.0,0.0,2.0,20.0,60.0,50.0,16.7,D
2022-05-18,2022,Urawa Reds,Yokohama F. Marinos,3,3,D,O,2.5,3.48,2.66,7,2.0,2.0,0.0,1.0,7.0,8.0,-1.0,2.0,4.0,-2.0,5.0,4.0,1.0,2.0,2.0,0.0,0.0,1.0,-1.0,33.3,16.7,40.0,40.0,A
2022-05-14,2022,Vissel Kobe,Sagan Tosu,4,0,H,O,2.77,3.18,2.6,5,0.0,2.0,3.0,1.0,1.0,6.0,-5.0,6.0,4.0,2.0,-5.0,2.0,-7.0,0.0,1.0,-1.0,2.0,1.0,1.0,0.0,75.0,28.6,14.3,H
2022-05-14,2022,Shonan Bellmare,Yokohama F. Marinos,1,4,A,O,4.0,3.55,1.88,6,0.0,1.0,2.0,2.0,2.0,5.0,-3.0,6.0,6.0,0.0,-4.0,-1.0,-3.0,0.0,1.0,-1.0,1.0,2.0,-1.0,0.0,60.0,25.0,50.0,A
2022-05-14,2022,Nagoya Grampus,Cerezo Osaka,1,0,H,U,2.41,2.98,3.21,7,1.0,2.0,1.0,0.0,4.0,6.0,-2.0,5.0,2.0,3.0,-1.0,4.0,-5.0,0.0,1.0,-1.0,1.0,0.0,1.0,33.3,16.7,50.0,0.0,H
2022-05-14,2022,Kyoto,Shimizu S-Pulse,0,0,D,U,2.94,3.41,2.35,7,1.0,1.0,2.0,1.0,4.0,6.0,-2.0,4.0,4.0,0.0,0.0,2.0,-2.0,1.0,1.0,0.0,0.0,0.0,0.0,33.3,50.0,33.3,33.3,D
2022-05-14,2022,Kawasaki Frontale,Avispa Fukuoka,2,0,H,U,1.73,3.47,5.12,6,3.0,2.0,1.0,2.0,5.0,4.0,1.0,5.0,4.0,1.0,0.0,0.0,0.0,0.0,0.0,0.0,1.0,0.0,1.0,80.0,20.0,40.0,40.0,D
2022-05-14,2022,Kashiwa Reysol,Gamba Osaka,0,1,A,U,1.92,3.61,3.79,7,1.0,0.0,2.0,1.0,3.0,3.0,0.0,6.0,5.0,1.0,-3.0,-2.0,-1.0,1.0,0.0,1.0,2.0,1.0,1.0,50.0,33.3,20.0,20.0,D
2022-05-14,2022,Kashima Antlers,Hokkaido Consadole Sapporo,4,1,H,O,2.05,3.63,3.34,8,2.0,1.0,1.0,1.0,5.0,4.0,1.0,5.0,7.0,-2.0,0.0,-3.0,3.0,1.0,1.0,0.0,1.0,1.0,0.0,57.1,28.6,16.7,16.7,H
2022-05-14,2022,Iwata,FC Tokyo,2,1,H,O,3.61,3.23,2.11,6,1.0,1.0,0.0,2.0,6.0,3.0,3.0,5.0,7.0,-2.0,1.0,-4.0,5.0,0.0,0.0,0.0,0.0,1.0,-1.0,20.0,20.0,33.3,50.0,H
2022-05-13,2022,Urawa Reds,Sanfrecce Hiroshima,0,0,D,U,2.7,3.09,2.72,6,2.0,1.0,1.0,1.0,7.0,6.0,1.0,3.0,6.0,-3.0,4.0,0.0,4.0,2.0,0.0,2.0,0.0,0.0,0.0,40.0,20.0,20.0,20.0,D
2022-05-08,2022,Kashiwa Reysol,Urawa Reds,0,0,D,U,4.19,3.15,1.98,6,2.0,0.0,2.0,2.0,4.0,2.0,2.0,6.0,4.0,2.0,-2.0,-2.0,0.0,1.0,0.0,1.0,2.0,0.0,2.0,60.0,40.0,0.0,60.0,D
2022-05-08,2022,Gamba Osaka,Vissel Kobe,2,0,H,U,3.37,3.41,2.12,7,1.0,0.0,2.0,2.0,5.0,2.0,3.0,5.0,6.0,-1.0,0.0,-4.0,4.0,1.0,0.0,1.0,0.0,2.0,-2.0,16.7,50.0,0.0,50.0,D
2022-05-08,2022,FC Tokyo,Sagan Tosu,0,1,A,U,2.86,3.09,2.57,6,2.0,1.0,0.0,1.0,5.0,5.0,0.0,1.0,4.0,-3.0,4.0,1.0,3.0,2.0,1.0,1.0,0.0,1.0,-1.0,60.0,0.0,16.7,16.7,D
2022-05-07,2022,Yokohama F. Marinos,Nagoya Grampus,2,1,H,O,1.95,3.46,3.88,7,3.0,0.0,0.0,2.0,6.0,2.0,4.0,1.0,5.0,-4.0,5.0,-3.0,8.0,2.0,0.0,2.0,0.0,1.0,-1.0,66.7,0.0,0.0,60.0,D
2022-05-07,2022,Shimizu S-Pulse,Kawasaki Frontale,0,2,A,U,4.55,3.89,1.71,6,0.0,2.0,1.0,0.0,4.0,7.0,-3.0,6.0,3.0,3.0,-2.0,4.0,-6.0,0.0,2.0,-2.0,1.0,0.0,1.0,0.0,20.0,40.0,20.0,A
2022-05-07,2022,Sanfrecce Hiroshima,Kashima Antlers,3,0,H,O,2.25,3.38,3.13,7,2.0,4.0,2.0,0.0,4.0,9.0,-5.0,4.0,1.0,3.0,0.0,8.0,-8.0,1.0,3.0,-2.0,1.0,0.0,1.0,33.3,33.3,100.0,0.0,H
2022-05-07,2022,Hokkaido Consadole Sapporo,Kyoto,1,0,H,U,1.78,3.72,4.37,6,1.0,2.0,0.0,0.0,3.0,7.0,-4.0,2.0,3.0,-1.0,1.0,4.0,-3.0,0.0,2.0,-2.0,0.0,0.0,0.0,20.0,0.0,40.0,0.0,D
2022-05-07,2022,Avispa Fukuoka,Shonan Bellmare,0,0,D,U,2.27,2.91,3.63,7,1.0,1.0,1.0,3.0,5.0,3.0,2.0,2.0,5.0,-3.0,3.0,-2.0,5.0,1.0,0.0,1.0,0.0,0.0,0.0,16.7,16.7,16.7,66.7,D
2022-05-06,2022,Cerezo Osaka,Iwata,2,1,H,O,1.71,3.66,4.93,6,0.0,0.0,3.0,3.0,2.0,2.0,0.0,7.0,9.0,-2.0,-5.0,-7.0,2.0,0.0,0.0,0.0,1.0,3.0,-2.0,0.0,60.0,16.7,50.0,H
2022-05-04,2022,Gamba Osaka,Hokkaido Consadole Sapporo,0,0,D,U,3.55,3.5,2.02,6,1.0,1.0,2.0,1.0,7.0,4.0,3.0,7.0,7.0,0.0,0.0,-3.0,3.0,1.0,1.0,0.0,0.0,1.0,-1.0,20.0,60.0,20.0,20.0,D
2022-05-03,2022,Shonan Bellmare,Shimizu S-Pulse,1,4,A,O,2.74,2.94,2.82,5,0.0,0.0,2.0,2.0,1.0,2.0,-1.0,4.0,5.0,-1.0,-3.0,-3.0,0.0,0.0,0.0,0.0,1.0,1.0,0.0,0.0,50.0,20.0,40.0,A
2022-05-03,2022,Sanfrecce Hiroshima,Kashiwa Reysol,1,2,A,O,1.83,3.41,4.51,6,2.0,1.0,1.0,2.0,4.0,2.0,2.0,3.0,3.0,0.0,1.0,-1.0,2.0,1.0,0.0,1.0,1.0,0.0,1.0,40.0,20.0,40.0,40.0,H
2022-05-03,2022,Sagan Tosu,Cerezo Osaka,1,1,D,U,2.56,3.07,2.9,5,2.0,3.0,0.0,0.0,7.0,8.0,-1.0,1.0,2.0,-1.0,6.0,6.0,0.0,1.0,2.0,-1.0,0.0,0.0,0.0,50.0,0.0,60.0,0.0,D
2022-05-03,2022,Nagoya Grampus,Kyoto,1,1,D,U,1.96,3.13,4.31,6,1.0,2.0,1.0,0.0,4.0,7.0,-3.0,5.0,3.0,2.0,-1.0,4.0,-5.0,0.0,2.0,-2.0,1.0,0.0,1.0,40.0,20.0,50.0,0.0,D
2022-05-03,2022,Kashima Antlers,Iwata,3,1,H,O,1.51,4.3,6.05,7,2.0,1.0,1.0,2.0,4.0,5.0,-1.0,5.0,7.0,-2.0,-1.0,-2.0,1.0,0.0,1.0,-1.0,1.0,2.0,-1.0,50.0,33.3,20.0,40.0,H
2022-05-03,2022,Avispa Fukuoka,FC Tokyo,5,1,H,O,2.98,2.8,2.71,6,0.0,2.0,1.0,1.0,0.0,3.0,-3.0,1.0,2.0,-1.0,-1.0,1.0,-2.0,0.0,0.0,0.0,0.0,0.0,0.0,0.0,20.0,40.0,40.0,H
2022-04-29,2022,Shimizu S-Pulse,Sanfrecce Hiroshima,2,2,D,O,4.31,3.2,1.93,5,0.0,1.0,1.0,1.0,3.0,5.0,-2.0,5.0,5.0,0.0,-2.0,0.0,-2.0,0.0,0.0,0.0,1.0,0.0,1.0,0.0,25.0,25.0,25.0,H
2022-04-29,2022,Kyoto,Avispa Fukuoka,0,1,A,U,2.68,2.92,2.9,6,1.0,1.0,2.0,2.0,5.0,3.0,2.0,7.0,4.0,3.0,-2.0,-1.0,-1.0,1.0,0.0,1.0,1.0,0.0,1.0,40.0,40.0,25.0,50.0,A
2022-04-29,2022,Kashiwa Reysol,Sagan Tosu,1,4,A,O,2.68,2.88,2.93,5,3.0,0.0,1.0,1.0,6.0,2.0,4.0,3.0,4.0,-1.0,3.0,-2.0,5.0,2.0,0.0,2.0,1.0,1.0,0.0,75.0,25.0,0.0,20.0,A
2022-04-29,2022,Hokkaido Consadole Sapporo,Shonan Bellmare,1,0,H,U,2.09,3.27,3.61,5,0.0,1.0,0.0,3.0,3.0,3.0,0.0,3.0,6.0,-3.0,0.0,-3.0,3.0,0.0,0.0,0.0,0.0,1.0,-1.0,0.0,0.0,20.0,60.0,D
2022-04-29,2022,FC Tokyo,Gamba Osaka,2,0,H,U,1.67,3.73,5.12,5,2.0,1.0,0.0,0.0,5.0,4.0,1.0,2.0,3.0,-1.0,3.0,1.0,2.0,1.0,0.0,1.0,0.0,0.0,0.0,50.0,0.0,25.0,0.0,H
2022-04-29,2022,Cerezo Osaka,Kashima Antlers,0,3,A,O,2.69,3.25,2.62,5,0.0,,2.0,,3.0,,,5.0,,,-2.0,,,0.0,,,0.0,,,0.0,50.0,100.0,0.0,A
2022-04-28,2022,Iwata,Nagoya Grampus,2,1,H,O,4.23,3.03,2.02,5,0.0,0.0,1.0,2.0,5.0,1.0,4.0,6.0,4.0,2.0,-1.0,-3.0,2.0,0.0,0.0,0.0,0.0,1.0,-1.0,0.0,25.0,0.0,50.0,A
2022-04-20,2022,FC Tokyo,Nagoya Grampus,0,0,D,U,2.57,2.89,3.06,4,,,,,,,,,,,,,,,,,,,,66.7,0.0,0.0,66.7,D
2022-04-17,2022,Sagan Tosu,Shimizu S-Pulse,0,0,D,U,1.88,3.26,4.51,4,,1.0,,2.0,,4.0,,,6.0,,,-2.0,,,0.0,,,1.0,,66.7,0.0,25.0,50.0,D
2022-04-17,2022,Kashiwa Reysol,Kyoto,0,2,A,U,2.12,3.31,3.46,4,,,,,,,,,,,,,,,,,,,,100.0,0.0,33.3,0.0,A
2022-04-17,2022,Kashima Antlers,Nagoya Grampus,0,0,D,U,1.89,3.41,4.2,6,3.0,,1.0,,5.0,,,5.0,,,0.0,,,0.0,,,1.0,,,60.0,40.0,0.0,100.0,D
2022-04-17,2022,Iwata,Sanfrecce Hiroshima,2,2,D,O,4.59,3.45,1.81,4,,,,,,,,,,,,,,,,,,,,0.0,33.3,33.3,33.3,H
2022-04-17,2022,Gamba Osaka,Shonan Bellmare,0,1,A,U,2.68,3.17,2.69,5,1.0,0.0,2.0,3.0,8.0,3.0,5.0,9.0,7.0,2.0,-1.0,-4.0,3.0,1.0,0.0,1.0,1.0,1.0,0.0,25.0,50.0,0.0,75.0,D
2022-04-17,2022,Avispa Fukuoka,Cerezo Osaka,0,0,D,U,3.16,3.02,2.42,5,0.0,3.0,1.0,0.0,1.0,10.0,-9.0,2.0,4.0,-2.0,-1.0,6.0,-7.0,0.0,2.0,-2.0,0.0,0.0,0.0,0.0,25.0,75.0,0.0,D
2022-04-16,2022,Hokkaido Consadole Sapporo,FC Tokyo,0,0,D,U,2.43,3.34,2.85,4,,2.0,,2.0,,3.0,,,3.0,,,0.0,,,0.0,,,0.0,,0.0,0.0,50.0,50.0,D
2022-04-10,2022,Vissel Kobe,Cerezo Osaka,0,1,A,U,2.78,3.25,2.54,4,,,,,,,,,,,,,,,,,,,,0.0,66.7,66.7,0.0,A
2022-04-10,2022,Shonan Bellmare,Iwata,0,0,D,U,2.01,3.2,3.99,4,,1.0,,2.0,,6.0,,,8.0,,,-2.0,,,1.0,,,2.0,,0.0,66.7,25.0,50.0,D
2022-04-10,2022,Shimizu S-Pulse,Gamba Osaka,1,1,D,U,2.48,3.18,2.9,4,,,,,,,,,,,,,,,,,,,,0.0,33.3,33.3,0.0,D
2022-04-10,2022,Sanfrecce Hiroshima,Avispa Fukuoka,1,0,H,U,2.2,3.0,3.67,5,1.0,,1.0,,3.0,,,3.0,,,0.0,,,1.0,,,1.0,,,25.0,25.0,33.3,33.3,D
2022-04-10,2022,Nagoya Grampus,Hokkaido Consadole Sapporo,0,2,A,U,2.29,3.22,3.18,5,2.0,0.0,0.0,1.0,6.0,3.0,3.0,3.0,8.0,-5.0,3.0,-5.0,8.0,1.0,0.0,1.0,0.0,1.0,-1.0,50.0,0.0,0.0,25.0,D
2022-04-10,2022,Kyoto,Sagan Tosu,3,1,H,O,3.7,3.06,2.15,5,1.0,0.0,2.0,0.0,3.0,1.0,2.0,6.0,1.0,5.0,-3.0,0.0,-3.0,0.0,0.0,0.0,1.0,0.0,1.0,25.0,50.0,0.0,0.0,H
2022-04-10,2022,Kashima Antlers,Yokohama F. Marinos,0,3,A,O,2.23,3.67,2.93,5,3.0,,1.0,,5.0,,,4.0,,,1.0,,,0.0,,,1.0,,,75.0,25.0,0.0,66.7,D
2022-04-10,2022,FC Tokyo,Urawa Reds,0,0,D,U,2.79,3.11,2.63,3,,0.0,,3.0,,2.0,,,5.0,,,-3.0,,,0.0,,,0.0,,100.0,0.0,0.0,75.0,D
2022-04-09,2022,Kawasaki Frontale,Kashiwa Reysol,1,0,H,U,1.96,3.44,3.82,5,3.0,2.0,1.0,1.0,5.0,4.0,1.0,5.0,2.0,3.0,0.0,2.0,-2.0,0.0,1.0,-1.0,1.0,0.0,1.0,75.0,25.0,50.0,25.0,H
2022-04-06,2022,Urawa Reds,Shimizu S-Pulse,1,1,D,U,1.82,3.46,4.48,5,2.0,,1.0,,8.0,,,4.0,,,4.0,,,2.0,,,0.0,,,50.0,25.0,33.3,66.7,H
2022-04-06,2022,Sanfrecce Hiroshima,Yokohama F. Marinos,2,0,H,U,2.56,3.28,2.73,4,,,,,,,,,,,,,,,,,,,,0.0,33.3,0.0,50.0,H
2022-04-06,2022,Sagan Tosu,Hokkaido Consadole Sapporo,5,0,H,O,2.91,3.19,2.47,3,,,,,,,,,,,,,,,,,,,,50.0,0.0,0.0,0.0,H
2022-04-06,2022,Nagoya Grampus,Shonan Bellmare,2,1,H,O,1.91,3.09,4.7,4,,,,,,,,,,,,,,,,,,,,33.3,0.0,0.0,66.7,A
2022-04-06,2022,Kyoto,Gamba Osaka,1,1,D,U,2.31,3.26,3.1,4,,,,,,,,,,,,,,,,,,,,33.3,66.7,50.0,0.0,H
2022-04-06,2022,Iwata,Kawasaki Frontale,1,1,D,U,4.65,3.76,1.72,3,,2.0,,1.0,,8.0,,,6.0,,,2.0,,,2.0,,,1.0,,0.0,50.0,50.0,25.0,D
2022-04-06,2022,FC Tokyo,Vissel Kobe,3,1,H,O,2.16,3.27,3.42,2,,0.0,,1.0,,3.0,,,5.0,,,-2.0,,,0.0,,,1.0,,100.0,0.0,0.0,40.0,A
2022-04-06,2022,Avispa Fukuoka,Kashima Antlers,0,1,A,U,3.98,3.26,1.98,4,,,,,,,,,,,,,,,,,,,,0.0,0.0,100.0,0.0,D
2022-04-05,2022,Cerezo Osaka,Kashiwa Reysol,0,1,A,U,2.12,3.32,3.45,4,,,,,,,,,,,,,,,,,,,,0.0,33.3,33.3,33.3,A
2022-04-02,2022,Yokohama F. Marinos,FC Tokyo,2,1,H,O,2.22,3.36,3.18,6,3.0,,0.0,,8.0,,,2.0,,,6.0,,,3.0,,,0.0,,,60.0,0.0,66.7,33.3,D
2022-04-02,2022,Vissel Kobe,Kyoto,1,3,A,O,2.15,3.25,3.46,3,,,,,,,,,,,,,,,,,,,,0.0,50.0,0.0,0.0,D
2022-04-02,2022,Shonan Bellmare,Sanfrecce Hiroshima,0,1,A,U,3.43,2.93,2.33,3,,,,,,,,,,,,,,,,,,,,0.0,50.0,0.0,50.0,D
2022-04-02,2022,Kawasaki Frontale,Cerezo Osaka,1,4,A,O,1.85,3.58,4.12,4,,,,,,,,,,,,,,,,,,,,100.0,0.0,50.0,0.0,A
2022-04-02,2022,Kashiwa Reysol,Iwata,2,0,H,U,1.95,3.42,3.89,3,,,,,,,,,,,,,,,,,,,,100.0,0.0,33.3,33.3,H
2022-04-02,2022,Kashima Antlers,Shimizu S-Pulse,2,1,H,O,1.69,3.57,5.11,4,,,,,,,,,,,,,,,,,,,,66.7,33.3,50.0,50.0,D
2022-04-02,2022,Hokkaido Consadole Sapporo,Urawa Reds,1,1,D,U,2.6,3.31,2.66,3,,,,,,,,,,,,,,,,,,,,0.0,0.0,0.0,100.0,A
2022-04-02,2022,Gamba Osaka,Nagoya Grampus,3,1,H,O,3.62,3.04,2.2,4,,,,,,,,,,,,,,,,,,,,0.0,66.7,0.0,100.0,H
2022-04-01,2022,Avispa Fukuoka,Sagan Tosu,0,0,D,U,2.81,2.83,2.83,3,,,,,,,,,,,,,,,,,,,,0.0,0.0,0.0,0.0,D
2022-03-20,2022,Nagoya Grampus,Kashiwa Reysol,1,1,D,U,2.29,2.92,3.54,3,,,,,,,,,,,,,,,,,,,,50.0,0.0,50.0,50.0,D
2022-03-19,2022,Urawa Reds,Iwata,4,1,H,O,1.8,3.42,4.68,4,,,,,,,,,,,,,,,,,,,,33.3,33.3,50.0,0.0,H
2022-03-19,2022,Shimizu S-Pulse,Vissel Kobe,0,0,D,U,3.23,3.2,2.27,3,,0.0,,2.0,,3.0,,,7.0,,,-4.0,,,0.0,,,2.0,,0.0,50.0,0.0,50.0,D
2022-03-19,2022,Sanfrecce Hiroshima,Kawasaki Frontale,0,2,A,U,3.11,3.16,2.36,3,,,,,,,,,,,,,,,,,,,,0.0,0.0,33.3,33.3,D
2022-03-19,2022,Kyoto,FC Tokyo,0,1,A,U,3.8,3.23,2.05,3,,,,,,,,,,,,,,,,,,,,50.0,50.0,50.0,50.0,D
2022-03-19,2022,Kashima Antlers,Shonan Bellmare,2,1,H,O,1.65,3.64,5.48,3,,,,,,,,,,,,,,,,,,,,50.0,50.0,0.0,50.0,A
2022-03-19,2022,Gamba Osaka,Avispa Fukuoka,2,3,A,O,2.92,3.01,2.59,3,,,,,,,,,,,,,,,,,,,,0.0,50.0,0.0,50.0,A
2022-03-19,2022,Cerezo Osaka,Hokkaido Consadole Sapporo,2,2,D,O,2.09,3.65,3.25,3,,,,,,,,,,,,,,,,,,,,0.0,50.0,0.0,0.0,D
2022-03-18,2022,Yokohama F. Marinos,Sagan Tosu,0,0,D,U,1.65,3.92,5.02,5,3.0,,0.0,,10.0,,,4.0,,,6.0,,,3.0,,,0.0,,,75.0,0.0,0.0,0.0,D
2022-03-13,2022,Sagan Tosu,Urawa Reds,1,0,H,U,3.57,2.99,2.24,2,,,,,,,,,,,,,,,,,,,,0.0,0.0,0.0,100.0,D
2022-03-12,2022,Shonan Bellmare,Kyoto,1,1,D,U,2.47,2.85,3.26,2,,,,,,,,,,,,,,,,,,,,0.0,100.0,0.0,0.0,D
2022-03-12,2022,Shimizu S-Pulse,Cerezo Osaka,1,3,A,O,3.1,3.15,2.37,2,,,,,,,,,,,,,,,,,,,,0.0,0.0,0.0,0.0,A
2022-03-12,2022,Kawasaki Frontale,Nagoya Grampus,1,0,H,U,1.87,3.34,4.38,3,,,,,,,,,,,,,,,,,,,,100.0,0.0,,,H
2022-03-12,2022,Kashiwa Reysol,Avispa Fukuoka,1,0,H,U,2.25,3.03,3.5,2,,,,,,,,,,,,,,,,,,,,100.0,0.0,0.0,0.0,H
2022-03-12,2022,Iwata,Gamba Osaka,1,1,D,U,2.09,3.43,3.41,2,,,,,,,,,,,,,,,,,,,,0.0,100.0,100.0,0.0,H
2022-03-12,2022,Hokkaido Consadole Sapporo,Yokohama F. Marinos,1,1,D,U,2.5,3.72,2.55,2,,,,,,,,,,,,,,,,,,,,0.0,0.0,0.0,100.0,D
2022-03-12,2022,FC Tokyo,Sanfrecce Hiroshima,2,1,H,O,2.41,3.05,3.13,1,,,,,,,,,,,,,,,,,,,,,,0.0,0.0,D
2022-03-11,2022,Vissel Kobe,Kashima Antlers,0,2,A,U,3.61,3.47,2.02,2,,,,,,,,,,,,,,,,,,,,0.0,0.0,100.0,0.0,A
2022-03-06,2022,Yokohama F. Marinos,Shimizu S-Pulse,2,0,H,U,1.8,3.77,4.11,4,,,,,,,,,,,,,,,,,,,,66.7,0.0,100.0,0.0,H
2022-03-06,2022,Urawa Reds,Shonan Bellmare,2,0,H,U,2.15,2.95,3.9,3,,,,,,,,,,,,,,,,,,,,0.0,50.0,0.0,0.0,H
2022-03-06,2022,Sanfrecce Hiroshima,Vissel Kobe,1,1,D,U,2.23,3.14,3.37,2,,,,,,,,,,,,,,,,,,,,0.0,0.0,0.0,66.7,A
2022-03-06,2022,Nagoya Grampus,Sagan Tosu,1,1,D,U,2.31,2.89,3.57,2,,,,,,,,,,,,,,,,,,,,100.0,0.0,0.0,0.0,D
2022-03-06,2022,Kashima Antlers,Kashiwa Reysol,1,0,H,U,1.8,3.64,4.37,2,,,,,,,,,,,,,,,,,,,,0.0,100.0,100.0,0.0,D
2022-03-06,2022,Gamba Osaka,Kawasaki Frontale,2,2,D,O,4.83,3.81,1.69,2,,,,,,,,,,,,,,,,,,,,0.0,100.0,50.0,50.0,H
2022-03-06,2022,Cerezo Osaka,FC Tokyo,0,1,A,U,2.81,3.09,2.61,2,,,,,,,,,,,,,,,,,,,,0.0,0.0,0.0,100.0,A
2022-03-06,2022,Avispa Fukuoka,Hokkaido Consadole Sapporo,0,0,D,U,3.14,3.25,2.3,2,,,,,,,,,,,,,,,,,,,,0.0,0.0,0.0,0.0,D
2022-03-05,2022,Kyoto,Iwata,1,4,A,O,2.17,3.27,3.42,2,,,,,,,,,,,,,,,,,,,,100.0,0.0,0.0,0.0,A
2022-03-02,2022,Yokohama F. Marinos,Vissel Kobe,2,0,H,U,2.14,3.52,3.2,3,,,,,,,,,,,,,,,,,,,,50.0,0.0,0.0,50.0,H
2022-03-02,2022,Kawasaki Frontale,Urawa Reds,2,1,H,O,1.9,3.42,4.12,2,,,,,,,,,,,,,,,,,,,,100.0,0.0,0.0,100.0,A
2022-02-27,2022,Kashiwa Reysol,Yokohama F. Marinos,3,1,H,O,4.22,3.91,1.75,1,,,,,,,,,,,,,,,,,,,,,,,,D
2022-02-26,2022,Vissel Kobe,Avispa Fukuoka,0,0,D,U,2.09,3.15,3.78,1,,,,,,,,,,,,,,,,,,,,,,,,D
2022-02-26,2022,Urawa Reds,Gamba Osaka,0,1,A,U,1.8,3.58,4.37,2,,,,,,,,,,,,,,,,,,,,0.0,0.0,,,D
2022-02-26,2022,Sagan Tosu,Shonan Bellmare,1,1,D,U,2.71,2.8,2.99,1,,,,,,,,,,,,,,,,,,,,,,,,H
2022-02-26,2022,Kashima Antlers,Kawasaki Frontale,0,2,A,U,2.24,3.53,3.01,1,,,,,,,,,,,,,,,,,,,,,,0.0,100.0,A
2022-02-26,2022,Iwata,Shimizu S-Pulse,1,2,A,O,2.71,3.07,2.73,1,,,,,,,,,,,,,,,,,,,,,,,,D
2022-02-26,2022,Hokkaido Consadole Sapporo,Sanfrecce Hiroshima,1,1,D,U,2.19,3.4,3.21,1,,,,,,,,,,,,,,,,,,,,,,,,H
2022-02-26,2022,Cerezo Osaka,Kyoto,1,1,D,U,2.13,3.28,3.47,1,,,,,,,,,,,,,,,,,,,,,,,,A
2022-02-23,2022,Yokohama F. Marinos,Kawasaki Frontale,4,2,H,O,2.34,3.5,2.87,2,,,,,,,,,,,,,,,,,,,,0.0,0.0,,,A
2022-02-23,2022,Urawa Reds,Vissel Kobe,2,2,D,O,2.51,3.1,2.94,1,,,,,,,,,,,,,,,,,,,,,,0.0,100.0,H
2022-02-19,2022,Yokohama F. Marinos,Cerezo Osaka,2,2,D,O,1.74,3.94,4.28,1,,,,,,,,,,,,,,,,,,,,,,,,A
2022-02-19,2022,Shonan Bellmare,Kashiwa Reysol,0,2,A,U,2.54,2.96,3.05,1,,,,,,,,,,,,,,,,,,,,,,,,D
2022-02-19,2022,Shimizu S-Pulse,Hokkaido Consadole Sapporo,1,1,D,U,3.08,3.52,2.21,1,,,,,,,,,,,,,,,,,,,,,,,,A
2022-02-19,2022,Sanfrecce Hiroshima,Sagan Tosu,0,0,D,U,1.95,3.29,4.13,1,,,,,,,,,,,,,,,,,,,,,,,,D
2022-02-19,2022,Nagoya Grampus,Vissel Kobe,2,0,H,U,2.34,3.1,3.23,1,,,,,,,,,,,,,,,,,,,,,,,,H
2022-02-19,2022,Kyoto,Urawa Reds,1,0,H,U,3.8,3.12,2.1,1,,,,,,,,,,,,,,,,,,,,,,,,D
2022-02-19,2022,Gamba Osaka,Kashima Antlers,1,3,A,O,5.41,4.3,1.56,1,,,,,,,,,,,,,,,,,,,,,,,,A
2022-02-19,2022,Avispa Fukuoka,Iwata,1,1,D,U,2.44,3.14,3.02,1,,,,,,,,,,,,,,,,,,,,,,,,D
2022-02-18,2022,Kawasaki Frontale,FC Tokyo,1,0,H,U,1.65,3.85,5.03,1,,,,,,,,,,,,,,,,,,,,,,,,D
2021-12-04,2021,Yokohama FC,Hokkaido Consadole Sapporo,0,1,A,U,3.9,3.89,1.84,19,1.0,1.0,1.0,2.0,7.0,8.0,-1.0,7.0,6.0,1.0,0.0,2.0,-2.0,1.0,1.0,0.0,1.0,0.0,1.0,22.2,44.4,27.8,44.4,A
2021-12-04,2021,Yokohama F. Marinos,Kawasaki Frontale,1,1,D,U,2.6,3.81,2.43,19,2.0,3.0,2.0,1.0,10.0,10.0,0.0,4.0,6.0,-2.0,6.0,4.0,2.0,1.0,2.0,-1.0,1.0,1.0,0.0,72.2,11.1,66.7,11.1,D
2021-12-04,2021,Vegalta Sendai,Kashima Antlers,0,1,A,U,8.66,5.38,1.32,19,1.0,4.0,2.0,0.0,3.0,10.0,-7.0,4.0,3.0,1.0,-1.0,7.0,-8.0,1.0,2.0,-1.0,1.0,0.0,1.0,16.7,50.0,55.6,33.3,D
2021-12-04,2021,Tokushima,Sanfrecce Hiroshima,2,4,A,O,2.21,2.96,3.76,19,1.0,1.0,2.0,2.0,5.0,2.0,3.0,5.0,3.0,2.0,0.0,-1.0,1.0,1.0,1.0,0.0,1.0,1.0,0.0,22.2,50.0,33.3,27.8,A
2021-12-04,2021,Shimizu S-Pulse,Cerezo Osaka,2,1,H,O,2.37,3.22,3.07,19,1.0,2.0,2.0,2.0,3.0,2.0,1.0,5.0,2.0,3.0,-2.0,0.0,-2.0,0.0,0.0,0.0,1.0,0.0,1.0,22.2,44.4,27.8,50.0,D
2021-12-04,2021,Sagan Tosu,Vissel Kobe,0,2,A,U,2.4,3.34,2.93,19,2.0,2.0,0.0,1.0,5.0,7.0,-2.0,2.0,5.0,-3.0,3.0,2.0,1.0,1.0,2.0,-1.0,0.0,1.0,-1.0,61.1,11.1,50.0,16.7,D
2021-12-04,2021,Nagoya Grampus,Urawa Reds,0,0,D,U,2.26,3.29,3.2,19,3.0,1.0,0.0,2.0,7.0,4.0,3.0,3.0,8.0,-5.0,4.0,-4.0,8.0,1.0,0.0,1.0,0.0,1.0,-1.0,61.1,22.2,33.3,44.4,D
2021-12-04,2021,Kashiwa Reysol,Oita Trinita,2,3,A,O,1.84,3.47,4.38,19,1.0,0.0,1.0,2.0,2.0,1.0,1.0,4.0,3.0,1.0,-2.0,-2.0,0.0,0.0,0.0,0.0,1.0,0.0,1.0,33.3,50.0,5.6,77.8,A
2021-12-04,2021,Gamba Osaka,Shonan Bellmare,0,0,D,U,3.43,3.32,2.15,19,2.0,1.0,2.0,1.0,5.0,5.0,0.0,9.0,4.0,5.0,-4.0,1.0,-5.0,0.0,1.0,-1.0,2.0,0.0,2.0,27.8,55.6,22.2,50.0,D
2021-12-04,2021,FC Tokyo,Avispa Fukuoka,0,0,D,U,2.04,3.43,3.64,19,1.0,0.0,3.0,1.0,6.0,1.0,5.0,6.0,2.0,4.0,0.0,-1.0,1.0,1.0,0.0,1.0,1.0,0.0,1.0,44.4,44.4,22.2,33.3,D
2021-11-27,2021,Vissel Kobe,Yokohama F. Marinos,0,2,A,U,2.96,3.62,2.25,19,4.0,1.0,0.0,2.0,11.0,5.0,6.0,3.0,6.0,-3.0,8.0,-1.0,9.0,2.0,0.0,2.0,0.0,0.0,0.0,61.1,16.7,55.6,27.8,A
2021-11-27,2021,Urawa Reds,Shimizu S-Pulse,0,1,A,U,1.96,3.24,4.18,19,3.0,1.0,0.0,3.0,10.0,3.0,7.0,3.0,8.0,-5.0,7.0,-5.0,12.0,2.0,0.0,2.0,0.0,1.0,-1.0,66.7,11.1,22.2,44.4,D
2021-11-27,2021,Shonan Bellmare,Tokushima,0,1,A,U,2.52,2.81,3.28,19,1.0,2.0,1.0,2.0,3.0,6.0,-3.0,3.0,6.0,-3.0,0.0,0.0,0.0,0.0,1.0,-1.0,0.0,1.0,-1.0,16.7,27.8,27.8,66.7,D
2021-11-27,2021,Sanfrecce Hiroshima,FC Tokyo,1,2,A,O,2.45,3.14,3.01,19,1.0,2.0,3.0,2.0,3.0,3.0,0.0,8.0,10.0,-2.0,-5.0,-7.0,2.0,0.0,0.0,0.0,2.0,1.0,1.0,27.8,38.9,33.3,38.9,H
2021-11-27,2021,Oita Trinita,Yokohama FC,2,0,H,U,2.37,3.03,3.26,19,3.0,1.0,1.0,2.0,7.0,4.0,3.0,3.0,8.0,-5.0,4.0,-4.0,8.0,2.0,0.0,2.0,0.0,1.0,-1.0,33.3,38.9,11.1,72.2,H
2021-11-27,2021,Kawasaki Frontale,Gamba Osaka,4,1,H,O,1.31,5.45,8.89,19,3.0,2.0,0.0,1.0,6.0,6.0,0.0,2.0,6.0,-4.0,4.0,0.0,4.0,1.0,0.0,1.0,0.0,1.0,-1.0,83.3,0.0,38.9,38.9,H
2021-11-27,2021,Kashima Antlers,Sagan Tosu,1,0,H,U,1.57,4.11,5.67,19,1.0,0.0,2.0,3.0,3.0,0.0,3.0,4.0,7.0,-3.0,-1.0,-7.0,6.0,0.0,0.0,0.0,0.0,2.0,-2.0,50.0,27.8,27.8,38.9,H
2021-11-27,2021,Hokkaido Consadole Sapporo,Kashiwa Reysol,3,1,H,O,1.9,3.73,3.77,19,0.0,1.0,2.0,3.0,1.0,3.0,-2.0,6.0,9.0,-3.0,-5.0,-6.0,1.0,0.0,0.0,0.0,2.0,2.0,0.0,38.9,38.9,33.3,55.6,H
2021-11-27,2021,Cerezo Osaka,Nagoya Grampus,2,1,H,O,3.1,3.27,2.31,19,1.0,1.0,3.0,1.0,4.0,5.0,-1.0,9.0,4.0,5.0,-5.0,1.0,-6.0,0.0,1.0,-1.0,2.0,0.0,2.0,38.9,33.3,44.4,27.8,D
2021-11-27,2021,Avispa Fukuoka,Vegalta Sendai,2,2,D,O,1.96,3.24,4.17,19,2.0,0.0,1.0,3.0,6.0,4.0,2.0,3.0,9.0,-6.0,3.0,-5.0,8.0,1.0,0.0,1.0,0.0,2.0,-2.0,55.6,33.3,11.1,55.6,H
2021-11-20,2021,Yokohama FC,Vissel Kobe,0,2,A,U,4.2,3.71,1.82,18,1.0,1.0,1.0,1.0,7.0,6.0,1.0,7.0,6.0,1.0,0.0,0.0,0.0,1.0,1.0,0.0,1.0,1.0,0.0,23.5,41.2,47.1,17.6,A
2021-11-20,2021,Vegalta Sendai,Shonan Bellmare,0,2,A,U,3.21,3.29,2.26,18,1.0,0.0,2.0,2.0,3.0,3.0,0.0,3.0,6.0,-3.0,0.0,-3.0,3.0,1.0,0.0,1.0,0.0,1.0,-1.0,17.6,47.1,17.6,52.9,A
2021-11-20,2021,Urawa Reds,Yokohama F. Marinos,2,1,H,O,2.94,3.84,2.19,18,3.0,1.0,0.0,2.0,9.0,5.0,4.0,2.0,6.0,-4.0,7.0,-1.0,8.0,2.0,0.0,2.0,0.0,0.0,0.0,64.7,11.8,58.8,23.5,H
2021-11-20,2021,Shimizu S-Pulse,Sanfrecce Hiroshima,1,0,H,U,2.55,3.26,2.78,18,1.0,2.0,2.0,1.0,4.0,5.0,-1.0,6.0,2.0,4.0,-2.0,3.0,-5.0,0.0,2.0,-2.0,1.0,1.0,0.0,17.6,47.1,35.3,23.5,H
2021-11-20,2021,Sagan Tosu,Hokkaido Consadole Sapporo,1,0,H,U,2.43,3.45,2.8,18,2.0,1.0,0.0,2.0,6.0,8.0,-2.0,3.0,6.0,-3.0,3.0,2.0,1.0,1.0,1.0,0.0,0.0,0.0,0.0,58.8,11.8,29.4,41.2,H
2021-11-20,2021,Kashiwa Reysol,Avispa Fukuoka,0,0,D,U,2.21,3.23,3.36,18,2.0,1.0,1.0,1.0,4.0,4.0,0.0,5.0,2.0,3.0,-1.0,2.0,-3.0,0.0,1.0,-1.0,1.0,0.0,1.0,35.3,52.9,23.5,35.3,D
2021-11-20,2021,Kashima Antlers,Oita Trinita,0,0,D,U,1.42,4.49,7.54,18,2.0,0.0,2.0,2.0,6.0,1.0,5.0,5.0,3.0,2.0,1.0,-2.0,3.0,1.0,0.0,1.0,0.0,0.0,0.0,52.9,29.4,5.9,82.4,D
2021-11-20,2021,Gamba Osaka,Nagoya Grampus,1,3,A,O,4.87,3.64,1.73,18,2.0,1.0,2.0,1.0,6.0,4.0,2.0,9.0,3.0,6.0,-3.0,1.0,-4.0,0.0,1.0,-1.0,1.0,0.0,1.0,29.4,52.9,41.2,29.4,A
2021-11-20,2021,FC Tokyo,Tokushima,0,2,A,U,2.09,3.38,3.55,18,1.0,1.0,2.0,3.0,7.0,4.0,3.0,5.0,9.0,-4.0,2.0,-5.0,7.0,1.0,0.0,1.0,0.0,2.0,-2.0,47.1,41.2,23.5,70.6,A
2021-11-20,2021,Cerezo Osaka,Kawasaki Frontale,1,4,A,O,3.45,3.6,2.03,18,1.0,3.0,3.0,1.0,4.0,8.0,-4.0,10.0,5.0,5.0,-6.0,3.0,-9.0,0.0,2.0,-2.0,2.0,1.0,1.0,41.2,29.4,64.7,11.8,A
2021-11-07,2021,Vegalta Sendai,Nagoya Grampus,1,1,D,U,4.78,3.33,1.82,17,1.0,1.0,3.0,2.0,3.0,3.0,0.0,4.0,4.0,0.0,-1.0,-1.0,0.0,1.0,1.0,0.0,0.0,1.0,-1.0,18.8,50.0,43.8,31.2,A
2021-11-07,2021,Shonan Bellmare,Sanfrecce Hiroshima,0,0,D,U,2.62,3.02,2.9,18,1.0,2.0,1.0,2.0,3.0,5.0,-2.0,3.0,3.0,0.0,0.0,2.0,-2.0,0.0,2.0,-2.0,0.0,1.0,-1.0,17.6,29.4,37.5,25.0,D
2021-11-07,2021,Sagan Tosu,Kawasaki Frontale,3,1,H,O,3.73,3.47,1.98,17,1.0,3.0,1.0,1.0,3.0,7.0,-4.0,6.0,3.0,3.0,-3.0,4.0,-7.0,0.0,2.0,-2.0,1.0,0.0,1.0,56.2,12.5,68.8,6.2,H
2021-11-07,2021,Oita Trinita,Gamba Osaka,2,3,A,O,2.18,3.17,3.49,18,3.0,1.0,1.0,2.0,6.0,4.0,2.0,3.0,7.0,-4.0,3.0,-3.0,6.0,2.0,0.0,2.0,1.0,2.0,-1.0,35.3,35.3,35.3,41.2,H
2021-11-07,2021,Kashiwa Reysol,Cerezo Osaka,1,0,H,U,2.28,3.38,3.08,17,1.0,2.0,2.0,2.0,4.0,2.0,2.0,8.0,3.0,5.0,-4.0,-1.0,-3.0,0.0,0.0,0.0,2.0,1.0,1.0,31.2,56.2,29.4,47.1,D
2021-11-07,2021,Kashima Antlers,Urawa Reds,1,0,H,U,1.91,3.65,3.8,17,1.0,2.0,3.0,1.0,5.0,6.0,-1.0,8.0,7.0,1.0,-3.0,-1.0,-2.0,1.0,1.0,0.0,1.0,1.0,0.0,50.0,31.2,35.3,41.2,H
2021-11-07,2021,Avispa Fukuoka,Yokohama FC,1,1,D,U,2.35,3.11,3.2,18,3.0,1.0,1.0,3.0,8.0,4.0,4.0,2.0,9.0,-7.0,6.0,-5.0,11.0,2.0,0.0,2.0,0.0,1.0,-1.0,58.8,35.3,11.8,76.5,D
2021-11-06,2021,Yokohama F. Marinos,FC Tokyo,8,0,H,O,1.89,3.81,3.72,18,2.0,2.0,2.0,1.0,7.0,3.0,4.0,4.0,2.0,2.0,3.0,1.0,2.0,1.0,0.0,1.0,1.0,0.0,1.0,70.6,11.8,35.3,35.3,H
2021-11-06,2021,Vissel Kobe,Tokushima,1,0,H,U,1.71,3.64,4.96,18,4.0,1.0,0.0,3.0,11.0,4.0,7.0,3.0,11.0,-8.0,8.0,-7.0,15.0,2.0,0.0,2.0,0.0,3.0,-3.0,58.8,17.6,25.0,68.8,D
2021-11-06,2021,Shimizu S-Pulse,Hokkaido Consadole Sapporo,2,2,D,O,2.55,3.34,2.73,17,1.0,2.0,3.0,2.0,2.0,8.0,-6.0,8.0,4.0,4.0,-6.0,4.0,-10.0,0.0,2.0,-2.0,2.0,0.0,2.0,18.8,50.0,31.2,43.8,D
2021-11-03,2021,Yokohama FC,Sagan Tosu,0,0,D,U,3.21,3.29,2.25,17,2.0,1.0,1.0,3.0,10.0,1.0,9.0,8.0,7.0,1.0,2.0,-6.0,8.0,2.0,0.0,2.0,1.0,2.0,-1.0,25.0,43.8,29.4,41.2,D
2021-11-03,2021,Yokohama F. Marinos,Gamba Osaka,0,1,A,U,1.35,5.38,7.66,17,3.0,1.0,1.0,2.0,12.0,4.0,8.0,4.0,7.0,-3.0,8.0,-3.0,11.0,2.0,0.0,2.0,1.0,2.0,-1.0,75.0,6.2,31.2,43.8,D
2021-11-03,2021,Vissel Kobe,Vegalta Sendai,4,2,H,O,1.55,4.18,5.61,17,3.0,1.0,1.0,2.0,7.0,5.0,2.0,2.0,7.0,-5.0,5.0,-2.0,7.0,1.0,0.0,1.0,0.0,1.0,-1.0,56.2,18.8,11.8,52.9,H
2021-11-03,2021,Tokushima,Cerezo Osaka,0,1,A,U,2.76,3.22,2.58,18,1.0,2.0,2.0,2.0,5.0,4.0,1.0,5.0,3.0,2.0,0.0,1.0,-1.0,1.0,1.0,0.0,1.0,1.0,0.0,23.5,47.1,25.0,50.0,A
2021-11-03,2021,Sanfrecce Hiroshima,Kashima Antlers,1,4,A,O,2.89,3.39,2.39,18,1.0,4.0,2.0,0.0,3.0,10.0,-7.0,5.0,2.0,3.0,-2.0,8.0,-10.0,0.0,2.0,-2.0,1.0,0.0,1.0,29.4,35.3,52.9,35.3,A
2021-11-03,2021,Nagoya Grampus,Kashiwa Reysol,2,0,H,U,1.94,3.26,4.2,18,3.0,2.0,0.0,2.0,8.0,4.0,4.0,3.0,7.0,-4.0,5.0,-3.0,8.0,1.0,0.0,1.0,0.0,1.0,-1.0,58.8,23.5,35.3,52.9,H
2021-11-03,2021,Kawasaki Frontale,Urawa Reds,1,1,D,U,1.77,3.72,4.45,18,4.0,2.0,0.0,1.0,7.0,5.0,2.0,2.0,6.0,-4.0,5.0,-1.0,6.0,1.0,1.0,0.0,0.0,1.0,-1.0,88.2,0.0,37.5,43.8,H
2021-11-03,2021,Hokkaido Consadole Sapporo,Shonan Bellmare,1,1,D,U,2.06,3.5,3.45,18,0.0,1.0,3.0,2.0,0.0,7.0,-7.0,7.0,6.0,1.0,-7.0,1.0,-8.0,0.0,1.0,-1.0,3.0,1.0,2.0,41.2,41.2,18.8,56.2,H
2021-11-03,2021,FC Tokyo,Shimizu S-Pulse,4,0,H,O,2.07,3.41,3.52,17,1.0,1.0,2.0,2.0,7.0,4.0,3.0,5.0,5.0,0.0,2.0,-1.0,3.0,1.0,0.0,1.0,0.0,0.0,0.0,43.8,43.8,23.5,41.2,H
2021-11-03,2021,Avispa Fukuoka,Oita Trinita,1,0,H,U,2.31,2.9,3.54,17,3.0,0.0,1.0,2.0,8.0,2.0,6.0,2.0,6.0,-4.0,6.0,-4.0,10.0,2.0,0.0,2.0,0.0,1.0,-1.0,56.2,37.5,6.2,81.2,H
2021-10-24,2021,Nagoya Grampus,Vissel Kobe,2,2,D,O,2.34,3.01,3.27,17,3.0,2.0,0.0,1.0,7.0,7.0,0.0,2.0,5.0,-3.0,5.0,2.0,3.0,1.0,2.0,-1.0,0.0,1.0,-1.0,62.5,25.0,50.0,18.8,H
2021-10-24,2021,Kawasaki Frontale,Shimizu S-Pulse,1,0,H,U,1.42,4.57,7.02,17,4.0,1.0,0.0,1.0,8.0,5.0,3.0,3.0,5.0,-2.0,5.0,0.0,5.0,1.0,0.0,1.0,0.0,0.0,0.0,87.5,0.0,25.0,37.5,D
2021-10-24,2021,Hokkaido Consadole Sapporo,Avispa Fukuoka,0,0,D,U,1.72,3.75,4.53,17,0.0,1.0,4.0,2.0,0.0,4.0,-4.0,9.0,3.0,6.0,-9.0,1.0,-10.0,0.0,1.0,-1.0,4.0,0.0,4.0,43.8,43.8,25.0,37.5,D
2021-10-24,2021,Cerezo Osaka,Yokohama F. Marinos,2,1,H,O,3.38,3.82,1.96,17,1.0,2.0,3.0,1.0,5.0,7.0,-2.0,10.0,5.0,5.0,-5.0,2.0,-7.0,1.0,1.0,0.0,2.0,0.0,2.0,37.5,31.2,62.5,18.8,H
2021-10-23,2021,Vegalta Sendai,Sanfrecce Hiroshima,2,0,H,U,4.47,3.41,1.82,16,0.0,2.0,3.0,1.0,1.0,6.0,-5.0,4.0,2.0,2.0,-3.0,4.0,-7.0,0.0,2.0,-2.0,0.0,0.0,0.0,13.3,53.3,40.0,20.0,H
2021-10-23,2021,Tokushima,Oita Trinita,1,1,D,U,2.15,2.93,3.84,17,1.0,0.0,3.0,3.0,4.0,2.0,2.0,5.0,10.0,-5.0,-1.0,-8.0,7.0,1.0,0.0,1.0,1.0,2.0,-1.0,25.0,50.0,6.7,86.7,D
2021-10-23,2021,Shonan Bellmare,Yokohama FC,2,1,H,O,2.32,3.0,3.33,17,0.0,1.0,1.0,3.0,2.0,4.0,-2.0,3.0,10.0,-7.0,-1.0,-6.0,5.0,0.0,0.0,0.0,0.0,2.0,-2.0,12.5,31.2,12.5,75.0,D
2021-10-23,2021,Gamba Osaka,Sagan Tosu,1,0,H,U,3.5,3.26,2.12,17,1.0,2.0,3.0,2.0,5.0,4.0,1.0,10.0,7.0,3.0,-5.0,-3.0,-2.0,0.0,1.0,-1.0,1.0,2.0,-1.0,25.0,56.2,31.2,37.5,H
2021-10-23,2021,FC Tokyo,Kashima Antlers,1,2,A,O,2.84,3.38,2.39,16,1.0,3.0,2.0,1.0,6.0,8.0,-2.0,4.0,2.0,2.0,2.0,6.0,-4.0,1.0,2.0,-1.0,0.0,0.0,0.0,46.7,40.0,50.0,37.5,A
2021-10-22,2021,Urawa Reds,Kashiwa Reysol,5,1,H,O,1.88,3.58,3.92,17,3.0,3.0,0.0,1.0,6.0,4.0,2.0,2.0,2.0,0.0,4.0,2.0,2.0,1.0,0.0,1.0,0.0,0.0,0.0,62.5,12.5,37.5,50.0,H
2021-10-17,2021,Oita Trinita,Vegalta Sendai,2,0,H,U,2.48,3.03,3.01,17,2.0,1.0,1.0,2.0,5.0,5.0,0.0,4.0,10.0,-6.0,1.0,-5.0,6.0,1.0,0.0,1.0,1.0,1.0,0.0,31.2,37.5,12.5,50.0,D
2021-10-16,2021,Yokohama FC,Tokushima,5,3,H,O,2.92,3.01,2.56,16,2.0,1.0,1.0,3.0,7.0,1.0,6.0,5.0,9.0,-4.0,2.0,-8.0,10.0,2.0,0.0,2.0,1.0,3.0,-2.0,20.0,46.7,26.7,66.7,H
2021-10-16,2021,Yokohama F. Marinos,Hokkaido Consadole Sapporo,2,1,H,O,1.63,4.45,4.39,16,3.0,2.0,1.0,1.0,12.0,8.0,4.0,3.0,3.0,0.0,9.0,5.0,4.0,3.0,2.0,1.0,1.0,0.0,1.0,73.3,6.7,33.3,40.0,A
2021-10-16,2021,Vissel Kobe,Avispa Fukuoka,1,0,H,U,1.91,3.26,4.25,16,3.0,1.0,1.0,2.0,7.0,4.0,3.0,2.0,4.0,-2.0,5.0,0.0,5.0,1.0,1.0,0.0,0.0,1.0,-1.0,53.3,20.0,26.7,33.3,D
2021-10-16,2021,Urawa Reds,Gamba Osaka,1,1,D,U,1.53,4.17,5.83,16,4.0,1.0,0.0,3.0,7.0,4.0,3.0,1.0,8.0,-7.0,6.0,-4.0,10.0,2.0,0.0,2.0,0.0,2.0,-2.0,66.7,13.3,33.3,46.7,D
2021-10-16,2021,Shimizu S-Pulse,Kashiwa Reysol,0,1,A,U,2.62,3.16,2.72,16,1.0,3.0,3.0,1.0,2.0,5.0,-3.0,8.0,3.0,5.0,-6.0,2.0,-8.0,0.0,0.0,0.0,2.0,0.0,2.0,20.0,46.7,33.3,53.3,D
2021-10-16,2021,Sagan Tosu,Shonan Bellmare,1,1,D,U,2.37,3.04,3.18,16,2.0,1.0,1.0,3.0,3.0,6.0,-3.0,5.0,6.0,-1.0,-2.0,0.0,-2.0,0.0,1.0,-1.0,1.0,1.0,0.0,60.0,13.3,20.0,60.0,A
2021-10-03,2021,Tokushima,Sagan Tosu,3,0,H,O,3.25,3.04,2.34,16,1.0,2.0,3.0,2.0,3.0,5.0,-2.0,6.0,6.0,0.0,-3.0,-1.0,-2.0,0.0,1.0,-1.0,1.0,1.0,0.0,20.0,53.3,33.3,33.3,H
2021-10-03,2021,Sanfrecce Hiroshima,Nagoya Grampus,1,0,H,U,2.89,2.92,2.68,17,1.0,1.0,2.0,2.0,6.0,3.0,3.0,6.0,5.0,1.0,0.0,-2.0,2.0,1.0,1.0,0.0,1.0,2.0,-1.0,25.0,37.5,46.7,26.7,H
2021-10-03,2021,Oita Trinita,Cerezo Osaka,1,0,H,U,3.91,3.37,1.96,16,1.0,3.0,2.0,1.0,4.0,5.0,-1.0,6.0,2.0,4.0,-2.0,3.0,-5.0,1.0,1.0,0.0,2.0,1.0,1.0,26.7,40.0,26.7,46.7,H
2021-10-02,2021,Vissel Kobe,Urawa Reds,5,1,H,O,2.67,3.12,2.72,15,2.0,3.0,2.0,0.0,3.0,5.0,-2.0,3.0,1.0,2.0,0.0,4.0,-4.0,0.0,1.0,-1.0,0.0,0.0,0.0,50.0,21.4,40.0,40.0,H
2021-10-02,2021,Kawasaki Frontale,FC Tokyo,1,0,H,U,1.57,4.21,5.37,16,4.0,2.0,0.0,1.0,10.0,5.0,5.0,4.0,4.0,0.0,6.0,1.0,5.0,2.0,0.0,2.0,0.0,0.0,0.0,86.7,0.0,37.5,31.2,H
2021-10-02,2021,Kashiwa Reysol,Vegalta Sendai,1,1,D,U,1.75,3.76,4.43,16,1.0,1.0,2.0,2.0,3.0,4.0,-1.0,7.0,9.0,-2.0,-4.0,-5.0,1.0,0.0,0.0,0.0,2.0,1.0,1.0,33.3,60.0,13.3,53.3,A
2021-10-02,2021,Kashima Antlers,Yokohama FC,1,2,A,O,1.42,4.58,7.35,16,2.0,0.0,2.0,3.0,7.0,2.0,5.0,6.0,9.0,-3.0,1.0,-7.0,8.0,2.0,0.0,2.0,1.0,2.0,-1.0,53.3,26.7,6.7,80.0,A
2021-10-02,2021,Gamba Osaka,Hokkaido Consadole Sapporo,1,5,A,O,3.45,3.72,1.99,16,1.0,1.0,2.0,1.0,4.0,4.0,0.0,5.0,3.0,2.0,-1.0,1.0,-2.0,0.0,1.0,-1.0,0.0,0.0,0.0,26.7,53.3,28.6,42.9,A
2021-10-02,2021,Avispa Fukuoka,Shimizu S-Pulse,1,2,A,O,2.58,3.0,2.92,16,4.0,0.0,0.0,1.0,9.0,5.0,4.0,1.0,6.0,-5.0,8.0,-1.0,9.0,2.0,0.0,2.0,0.0,0.0,0.0,60.0,33.3,20.0,40.0,A
2021-10-01,2021,Shonan Bellmare,Yokohama F. Marinos,0,1,A,U,4.58,3.98,1.69,16,0.0,2.0,1.0,1.0,3.0,10.0,-7.0,4.0,5.0,-1.0,-1.0,5.0,-6.0,0.0,2.0,-2.0,0.0,0.0,0.0,13.3,26.7,60.0,20.0,D
2021-09-29,2021,Kawasaki Frontale,Vissel Kobe,3,1,H,O,1.55,4.21,5.56,15,4.0,3.0,0.0,0.0,9.0,8.0,1.0,3.0,3.0,0.0,6.0,5.0,1.0,2.0,2.0,0.0,0.0,0.0,0.0,85.7,0.0,53.3,13.3,A
2021-09-26,2021,Nagoya Grampus,Oita Trinita,1,0,H,U,1.6,3.43,6.78,16,3.0,0.0,0.0,3.0,7.0,3.0,4.0,2.0,11.0,-9.0,5.0,-8.0,13.0,1.0,0.0,1.0,0.0,2.0,-2.0,60.0,26.7,7.1,85.7,H
2021-09-26,2021,Kawasaki Frontale,Shonan Bellmare,2,1,H,O,1.49,4.29,6.36,14,3.0,1.0,0.0,3.0,9.0,6.0,3.0,4.0,7.0,-3.0,5.0,-1.0,6.0,2.0,1.0,1.0,0.0,2.0,-2.0,84.6,0.0,21.4,57.1,A
2021-09-26,2021,Hokkaido Consadole Sapporo,Sanfrecce Hiroshima,0,2,A,U,2.41,3.28,2.93,16,1.0,1.0,3.0,1.0,3.0,4.0,-1.0,9.0,2.0,7.0,-6.0,2.0,-8.0,0.0,1.0,-1.0,3.0,0.0,3.0,46.7,40.0,35.7,21.4,A
2021-09-26,2021,Gamba Osaka,Kashiwa Reysol,2,1,H,O,2.83,3.35,2.45,15,0.0,4.0,3.0,0.0,4.0,8.0,-4.0,7.0,3.0,4.0,-3.0,5.0,-8.0,0.0,1.0,-1.0,0.0,0.0,0.0,21.4,57.1,35.7,50.0,H
2021-09-26,2021,Cerezo Osaka,Kashima Antlers,1,2,A,O,3.22,3.37,2.2,16,1.0,3.0,2.0,1.0,4.0,8.0,-4.0,8.0,2.0,6.0,-4.0,6.0,-10.0,1.0,2.0,-1.0,2.0,0.0,2.0,40.0,26.7,46.7,40.0,D
2021-09-25,2021,Yokohama FC,Yokohama F. Marinos,2,2,D,O,7.9,5.37,1.33,15,2.0,2.0,1.0,1.0,6.0,10.0,-4.0,4.0,5.0,-1.0,2.0,5.0,-3.0,2.0,2.0,0.0,1.0,0.0,1.0,21.4,50.0,64.3,21.4,H
2021-09-25,2021,Vegalta Sendai,Tokushima,0,1,A,U,2.63,3.07,2.83,15,0.0,0.0,3.0,4.0,1.0,0.0,1.0,4.0,10.0,-6.0,-3.0,-10.0,7.0,0.0,0.0,0.0,0.0,3.0,-3.0,14.3,50.0,21.4,71.4,D
2021-09-25,2021,FC Tokyo,Urawa Reds,1,2,A,O,2.88,3.04,2.58,15,2.0,2.0,1.0,1.0,8.0,4.0,4.0,2.0,2.0,0.0,6.0,2.0,4.0,2.0,1.0,1.0,0.0,0.0,0.0,50.0,35.7,35.7,42.9,D
2021-09-25,2021,Avispa Fukuoka,Sagan Tosu,3,0,H,O,3.42,3.02,2.28,15,3.0,2.0,0.0,1.0,7.0,6.0,1.0,2.0,4.0,-2.0,5.0,2.0,3.0,1.0,1.0,0.0,0.0,0.0,0.0,57.1,35.7,35.7,28.6,H
2021-09-24,2021,Shimizu S-Pulse,Vissel Kobe,0,2,A,U,3.15,3.27,2.29,15,1.0,2.0,2.0,0.0,4.0,7.0,-3.0,8.0,4.0,4.0,-4.0,3.0,-7.0,0.0,1.0,-1.0,1.0,0.0,1.0,21.4,42.9,50.0,14.3,A
2021-09-22,2021,Sanfrecce Hiroshima,Cerezo Osaka,0,1,A,U,2.03,3.4,3.65,16,1.0,2.0,1.0,2.0,7.0,5.0,2.0,6.0,4.0,2.0,1.0,1.0,0.0,1.0,1.0,0.0,1.0,1.0,0.0,26.7,33.3,21.4,50.0,D
2021-09-22,2021,Kashima Antlers,Kawasaki Frontale,1,2,A,O,3.63,3.55,1.98,15,3.0,2.0,1.0,1.0,10.0,6.0,4.0,4.0,3.0,1.0,6.0,3.0,3.0,3.0,2.0,1.0,1.0,0.0,1.0,57.1,21.4,66.7,6.7,D
2021-09-22,2021,FC Tokyo,Nagoya Grampus,1,1,D,U,2.83,2.99,2.69,14,2.0,1.0,1.0,3.0,7.0,3.0,4.0,1.0,7.0,-6.0,6.0,-4.0,10.0,2.0,1.0,1.0,0.0,3.0,-3.0,53.8,38.5,50.0,28.6,D
2021-09-18,2021,Vissel Kobe,Hokkaido Consadole Sapporo,1,0,H,U,2.15,3.59,3.16,14,2.0,1.0,2.0,1.0,5.0,4.0,1.0,4.0,6.0,-2.0,1.0,-2.0,3.0,1.0,1.0,0.0,0.0,1.0,-1.0,46.2,23.1,30.8,38.5,H
2021-09-18,2021,Urawa Reds,Cerezo Osaka,2,0,H,U,2.08,3.35,3.56,15,3.0,2.0,1.0,1.0,7.0,8.0,-1.0,4.0,5.0,-1.0,3.0,3.0,0.0,1.0,1.0,0.0,0.0,0.0,0.0,64.3,14.3,23.1,46.2,H
2021-09-18,2021,Tokushima,Kawasaki Frontale,1,3,A,O,6.7,4.02,1.51,15,1.0,1.0,2.0,1.0,4.0,3.0,1.0,5.0,2.0,3.0,-1.0,1.0,-2.0,0.0,1.0,-1.0,0.0,0.0,0.0,21.4,50.0,64.3,7.1,A
2021-09-18,2021,Shonan Bellmare,Avispa Fukuoka,1,1,D,U,2.72,2.98,2.79,15,0.0,1.0,2.0,3.0,2.0,3.0,-1.0,4.0,5.0,-1.0,-2.0,-2.0,0.0,0.0,1.0,-1.0,0.0,2.0,-2.0,14.3,28.6,28.6,35.7,A
2021-09-18,2021,Shimizu S-Pulse,Vegalta Sendai,2,1,H,O,1.98,3.46,3.7,14,0.0,1.0,3.0,1.0,2.0,4.0,-2.0,9.0,8.0,1.0,-7.0,-4.0,-3.0,0.0,0.0,0.0,2.0,1.0,1.0,15.4,46.2,14.3,50.0,H
2021-09-18,2021,Sagan Tosu,Oita Trinita,0,0,D,U,1.68,3.46,5.57,15,2.0,0.0,1.0,4.0,6.0,3.0,3.0,8.0,12.0,-4.0,-2.0,-9.0,7.0,0.0,0.0,0.0,1.0,2.0,-1.0,64.3,14.3,7.7,92.3,D
2021-09-18,2021,Nagoya Grampus,Yokohama F. Marinos,2,1,H,O,3.0,3.4,2.3,15,3.0,3.0,0.0,0.0,6.0,12.0,-6.0,1.0,5.0,-4.0,5.0,7.0,-2.0,1.0,2.0,-1.0,0.0,0.0,0.0,57.1,28.6,69.2,15.4,H
2021-09-18,2021,Kashiwa Reysol,Sanfrecce Hiroshima,0,3,A,O,2.7,3.14,2.68,15,2.0,1.0,1.0,1.0,5.0,3.0,2.0,5.0,3.0,2.0,0.0,0.0,0.0,0.0,0.0,0.0,1.0,0.0,1.0,35.7,57.1,30.8,23.1,A
2021-09-18,2021,Kashima Antlers,Gamba Osaka,3,1,H,O,1.53,4.31,5.6,14,2.0,2.0,1.0,2.0,8.0,4.0,4.0,4.0,5.0,-1.0,4.0,-1.0,5.0,2.0,0.0,2.0,1.0,1.0,0.0,53.8,23.1,35.7,42.9,D
2021-09-18,2021,FC Tokyo,Yokohama FC,4,0,H,O,1.62,3.98,5.19,13,2.0,1.0,1.0,2.0,4.0,3.0,1.0,1.0,5.0,-4.0,3.0,-2.0,5.0,1.0,0.0,1.0,0.0,1.0,-1.0,50.0,41.7,7.1,78.6,H
2021-09-12,2021,Gamba Osaka,Vegalta Sendai,2,3,A,O,1.98,3.52,3.68,14,1.0,1.0,2.0,1.0,4.0,2.0,2.0,5.0,6.0,-1.0,-1.0,-4.0,3.0,0.0,0.0,0.0,0.0,1.0,-1.0,23.1,53.8,7.7,53.8,A
2021-09-12,2021,FC Tokyo,Kashiwa Reysol,0,1,A,U,1.99,3.49,3.65,12,2.0,3.0,1.0,1.0,4.0,7.0,-3.0,3.0,4.0,-1.0,1.0,3.0,-2.0,1.0,1.0,0.0,1.0,0.0,1.0,54.5,36.4,30.8,53.8,A
2021-09-11,2021,Yokohama FC,Urawa Reds,0,2,A,U,3.78,3.21,2.07,14,2.0,1.0,1.0,2.0,6.0,2.0,4.0,3.0,3.0,0.0,3.0,-1.0,4.0,2.0,0.0,2.0,0.0,0.0,0.0,23.1,46.2,30.8,46.2,A
2021-09-11,2021,Sanfrecce Hiroshima,Yokohama F. Marinos,1,3,A,O,3.44,3.68,2.01,15,1.0,3.0,1.0,0.0,6.0,11.0,-5.0,4.0,5.0,-1.0,2.0,6.0,-4.0,1.0,1.0,0.0,0.0,0.0,0.0,28.6,28.6,66.7,16.7,A
2021-09-11,2021,Sagan Tosu,Shimizu S-Pulse,2,1,H,O,1.96,3.38,3.9,14,2.0,0.0,1.0,0.0,7.0,5.0,2.0,8.0,5.0,3.0,-1.0,0.0,-1.0,1.0,0.0,1.0,1.0,0.0,1.0,61.5,15.4,21.4,35.7,D
2021-09-11,2021,Oita Trinita,Shonan Bellmare,2,0,H,U,3.46,3.0,2.3,15,1.0,2.0,2.0,2.0,3.0,9.0,-6.0,6.0,7.0,-1.0,-3.0,2.0,-5.0,0.0,1.0,-1.0,2.0,1.0,1.0,21.4,42.9,23.1,53.8,H
2021-09-11,2021,Kashima Antlers,Avispa Fukuoka,0,3,A,O,1.57,3.93,5.95,13,3.0,0.0,0.0,4.0,9.0,1.0,8.0,1.0,7.0,-6.0,8.0,-6.0,14.0,2.0,0.0,2.0,0.0,2.0,-2.0,58.3,16.7,23.1,38.5,A
2021-09-11,2021,Cerezo Osaka,Hokkaido Consadole Sapporo,0,2,A,U,2.36,3.54,2.83,15,1.0,1.0,1.0,1.0,7.0,4.0,3.0,9.0,7.0,2.0,-2.0,-3.0,1.0,1.0,0.0,1.0,1.0,1.0,0.0,42.9,21.4,25.0,41.7,D
2021-09-10,2021,Nagoya Grampus,Tokushima,3,0,H,O,1.85,3.12,5.02,14,2.0,0.0,1.0,4.0,3.0,1.0,2.0,2.0,9.0,-7.0,1.0,-8.0,9.0,0.0,0.0,0.0,0.0,2.0,-2.0,53.8,30.8,23.1,69.2,D
2021-09-08,2021,Hokkaido Consadole Sapporo,Cerezo Osaka,0,3,A,O,2.07,3.63,3.29,15,2.0,1.0,2.0,1.0,5.0,6.0,-1.0,7.0,6.0,1.0,-2.0,0.0,-2.0,0.0,0.0,0.0,2.0,0.0,2.0,50.0,35.7,16.7,50.0,A
2021-09-05,2021,Sanfrecce Hiroshima,Vissel Kobe,1,1,D,U,2.59,3.14,2.81,14,1.0,3.0,1.0,0.0,6.0,8.0,-2.0,4.0,4.0,0.0,2.0,4.0,-2.0,1.0,1.0,0.0,0.0,0.0,0.0,30.8,30.8,53.8,15.4,D
2021-08-29,2021,Vegalta Sendai,Sagan Tosu,0,1,A,U,3.79,3.43,1.98,14,0.0,1.0,2.0,2.0,2.0,5.0,-3.0,4.0,6.0,-2.0,-2.0,-1.0,-1.0,0.0,1.0,-1.0,0.0,1.0,-1.0,15.4,46.2,30.8,30.8,D
2021-08-29,2021,Shonan Bellmare,Urawa Reds,0,0,D,U,3.19,3.07,2.37,14,0.0,1.0,3.0,2.0,4.0,2.0,2.0,8.0,3.0,5.0,-4.0,-1.0,-3.0,0.0,0.0,0.0,1.0,0.0,1.0,15.4,30.8,33.3,50.0,D
2021-08-29,2021,Nagoya Grampus,Shimizu S-Pulse,1,1,D,U,2.01,3.11,4.13,13,2.0,1.0,2.0,0.0,2.0,7.0,-5.0,3.0,6.0,-3.0,-1.0,1.0,-2.0,0.0,0.0,0.0,1.0,0.0,1.0,58.3,33.3,23.1,38.5,D
2021-08-29,2021,Kashiwa Reysol,Yokohama FC,2,1,H,O,2.05,3.35,3.65,14,1.0,1.0,2.0,2.0,4.0,2.0,2.0,6.0,8.0,-2.0,-2.0,-6.0,4.0,0.0,0.0,0.0,1.0,2.0,-1.0,30.8,61.5,7.7,76.9,D
2021-08-29,2021,Avispa Fukuoka,Tokushima,3,0,H,O,2.49,2.94,3.14,14,2.0,1.0,1.0,3.0,4.0,2.0,2.0,3.0,6.0,-3.0,1.0,-4.0,5.0,0.0,0.0,0.0,0.0,1.0,-1.0,53.8,38.5,25.0,66.7,D
2021-08-28,2021,Yokohama F. Marinos,Kashima Antlers,0,2,A,U,1.99,3.95,3.29,15,4.0,3.0,0.0,1.0,14.0,7.0,7.0,1.0,2.0,-1.0,13.0,5.0,8.0,4.0,1.0,3.0,0.0,0.0,0.0,78.6,0.0,42.9,42.9,A
2021-08-28,2021,Vissel Kobe,FC Tokyo,0,1,A,U,2.23,3.39,3.14,13,3.0,1.0,1.0,2.0,10.0,4.0,6.0,3.0,5.0,-2.0,7.0,-1.0,8.0,2.0,0.0,2.0,0.0,0.0,0.0,50.0,16.7,33.3,33.3,D
2021-08-28,2021,Sanfrecce Hiroshima,Oita Trinita,4,1,H,O,1.64,3.57,5.81,13,1.0,0.0,1.0,4.0,3.0,2.0,1.0,3.0,11.0,-8.0,0.0,-9.0,9.0,0.0,0.0,0.0,0.0,2.0,-2.0,25.0,33.3,8.3,91.7,D
2021-08-28,2021,Hokkaido Consadole Sapporo,Kawasaki Frontale,0,2,A,U,3.4,3.68,2.02,14,2.0,1.0,2.0,1.0,5.0,3.0,2.0,7.0,2.0,5.0,-2.0,1.0,-3.0,0.0,1.0,-1.0,2.0,0.0,2.0,53.8,30.8,61.5,7.7,A
2021-08-28,2021,Gamba Osaka,Cerezo Osaka,0,1,A,U,2.98,3.4,2.32,13,1.0,0.0,2.0,2.0,4.0,5.0,-1.0,5.0,7.0,-2.0,-1.0,-2.0,1.0,0.0,0.0,0.0,0.0,0.0,0.0,25.0,50.0,9.1,54.5,D
2021-08-25,2021,Yokohama FC,Gamba Osaka,3,1,H,O,2.73,3.18,2.64,13,1.0,3.0,2.0,1.0,3.0,5.0,-2.0,4.0,2.0,2.0,-1.0,3.0,-4.0,1.0,1.0,0.0,1.0,0.0,1.0,16.7,50.0,38.5,38.5,H
2021-08-25,2021,Vegalta Sendai,FC Tokyo,1,2,A,O,3.43,3.29,2.16,13,0.0,0.0,1.0,2.0,1.0,5.0,-4.0,2.0,7.0,-5.0,-1.0,-2.0,1.0,0.0,0.0,0.0,0.0,0.0,0.0,16.7,41.7,28.6,35.7,A
2021-08-25,2021,Urawa Reds,Sanfrecce Hiroshima,1,0,H,U,2.62,3.07,2.85,14,2.0,2.0,1.0,0.0,6.0,5.0,1.0,4.0,3.0,1.0,2.0,2.0,0.0,1.0,0.0,1.0,0.0,0.0,0.0,61.5,15.4,33.3,16.7,H
2021-08-25,2021,Tokushima,Kashiwa Reysol,0,1,A,U,2.54,3.05,2.95,14,1.0,2.0,2.0,1.0,4.0,7.0,-3.0,5.0,5.0,0.0,-1.0,2.0,-3.0,0.0,1.0,-1.0,0.0,0.0,0.0,23.1,46.2,25.0,58.3,A
2021-08-25,2021,Shimizu S-Pulse,Kashima Antlers,0,4,A,O,3.81,3.58,1.93,13,1.0,2.0,2.0,2.0,3.0,4.0,-1.0,5.0,4.0,1.0,-2.0,0.0,-2.0,0.0,0.0,0.0,1.0,0.0,1.0,16.7,41.7,38.5,46.2,A
2021-08-25,2021,Sagan Tosu,Yokohama F. Marinos,0,4,A,O,3.39,3.85,1.98,13,3.0,3.0,0.0,0.0,9.0,8.0,1.0,5.0,5.0,0.0,4.0,3.0,1.0,1.0,0.0,1.0,0.0,0.0,0.0,66.7,8.3,63.6,18.2,A
2021-08-25,2021,Oita Trinita,Vissel Kobe,1,3,A,O,4.21,3.41,1.88,14,1.0,3.0,1.0,0.0,2.0,7.0,-5.0,3.0,4.0,-1.0,-1.0,3.0,-4.0,0.0,0.0,0.0,1.0,0.0,1.0,23.1,38.5,50.0,16.7,A
2021-08-25,2021,Hokkaido Consadole Sapporo,Nagoya Grampus,0,2,A,U,2.47,3.14,2.97,13,3.0,0.0,1.0,3.0,6.0,1.0,5.0,5.0,7.0,-2.0,1.0,-6.0,7.0,0.0,0.0,0.0,1.0,3.0,-2.0,58.3,25.0,46.2,30.8,A
2021-08-25,2021,Cerezo Osaka,Shonan Bellmare,1,5,A,O,1.81,3.52,4.47,14,1.0,1.0,0.0,2.0,7.0,5.0,2.0,5.0,7.0,-2.0,2.0,-2.0,4.0,1.0,0.0,1.0,0.0,1.0,-1.0,46.2,15.4,16.7,58.3,A
2021-08-25,2021,Avispa Fukuoka,Kawasaki Frontale,1,0,H,U,8.78,4.95,1.34,13,1.0,2.0,2.0,0.0,4.0,5.0,-1.0,5.0,1.0,4.0,-1.0,4.0,-5.0,0.0,2.0,-2.0,0.0,0.0,0.0,50.0,41.7,66.7,0.0,D
2021-08-22,2021,Nagoya Grampus,Avispa Fukuoka,1,0,H,U,1.83,3.18,5.05,12,2.0,0.0,2.0,3.0,2.0,2.0,0.0,3.0,7.0,-4.0,-1.0,-5.0,4.0,0.0,0.0,0.0,1.0,2.0,-1.0,54.5,36.4,25.0,33.3,D
2021-08-21,2021,Yokohama F. Marinos,Vegalta Sendai,5,0,H,O,1.29,5.82,8.93,14,4.0,1.0,0.0,0.0,11.0,4.0,7.0,1.0,3.0,-2.0,10.0,1.0,9.0,4.0,0.0,4.0,0.0,0.0,0.0,76.9,0.0,8.3,50.0,H
2021-08-21,2021,Vissel Kobe,Kashima Antlers,1,0,H,U,3.36,3.51,2.09,12,2.0,2.0,1.0,1.0,10.0,4.0,6.0,4.0,3.0,1.0,6.0,1.0,5.0,2.0,0.0,2.0,0.0,0.0,0.0,45.5,18.2,41.7,41.7,D
2021-08-21,2021,Tokushima,Urawa Reds,0,1,A,U,3.08,3.01,2.48,13,1.0,1.0,2.0,2.0,4.0,3.0,1.0,5.0,3.0,2.0,-1.0,0.0,-1.0,0.0,1.0,-1.0,0.0,0.0,0.0,25.0,41.7,27.3,54.5,D
2021-08-21,2021,Shonan Bellmare,Shimizu S-Pulse,1,1,D,U,2.73,3.02,2.76,13,0.0,1.0,3.0,1.0,3.0,7.0,-4.0,7.0,7.0,0.0,-4.0,0.0,-4.0,0.0,0.0,0.0,1.0,0.0,1.0,16.7,33.3,25.0,41.7,D
2021-08-21,2021,Sanfrecce Hiroshima,Kawasaki Frontale,1,1,D,U,4.16,3.57,1.85,12,1.0,3.0,1.0,0.0,4.0,6.0,-2.0,4.0,0.0,4.0,0.0,6.0,-6.0,0.0,3.0,-3.0,0.0,0.0,0.0,27.3,36.4,72.7,0.0,H
2021-08-21,2021,Oita Trinita,Hokkaido Consadole Sapporo,1,1,D,U,3.83,3.32,2.01,13,2.0,1.0,1.0,2.0,3.0,3.0,0.0,3.0,8.0,-5.0,0.0,-5.0,5.0,0.0,0.0,0.0,1.0,2.0,-1.0,25.0,41.7,27.3,45.5,H
2021-08-21,2021,Kashiwa Reysol,Sagan Tosu,1,3,A,O,2.44,3.3,2.87,13,1.0,0.0,2.0,2.0,3.0,3.0,0.0,5.0,6.0,-1.0,-2.0,-3.0,1.0,0.0,0.0,0.0,1.0,1.0,0.0,33.3,58.3,25.0,33.3,A
2021-08-21,2021,Gamba Osaka,FC Tokyo,0,0,D,U,2.91,3.37,2.38,12,1.0,1.0,3.0,2.0,5.0,6.0,-1.0,7.0,7.0,0.0,-2.0,-1.0,-1.0,0.0,0.0,0.0,0.0,0.0,0.0,27.3,54.5,30.8,38.5,D
2021-08-21,2021,Cerezo Osaka,Yokohama FC,3,1,H,O,1.83,3.54,4.31,13,0.0,1.0,1.0,2.0,5.0,1.0,4.0,6.0,7.0,-1.0,-1.0,-6.0,5.0,0.0,0.0,0.0,0.0,2.0,-2.0,41.7,16.7,8.3,75.0,H
2021-08-15,2021,Yokohama F. Marinos,Oita Trinita,5,1,H,O,1.31,5.4,8.78,13,4.0,0.0,0.0,4.0,8.0,1.0,7.0,1.0,8.0,-7.0,7.0,-7.0,14.0,3.0,0.0,3.0,0.0,2.0,-2.0,75.0,0.0,9.1,90.9,H
2021-08-15,2021,Nagoya Grampus,Shonan Bellmare,1,0,H,U,1.87,3.21,4.55,11,1.0,1.0,3.0,2.0,1.0,6.0,-5.0,7.0,8.0,-1.0,-6.0,-2.0,-4.0,0.0,0.0,0.0,2.0,1.0,1.0,50.0,40.0,18.2,54.5,D
2021-08-15,2021,Kashima Antlers,Tokushima,3,0,H,O,1.62,3.77,5.52,12,3.0,1.0,0.0,3.0,11.0,2.0,9.0,4.0,5.0,-1.0,7.0,-3.0,10.0,2.0,0.0,2.0,0.0,1.0,-1.0,54.5,18.2,27.3,63.6,H
2021-08-15,2021,Avispa Fukuoka,Cerezo Osaka,2,1,H,O,3.68,3.33,2.03,12,1.0,0.0,2.0,1.0,4.0,5.0,-1.0,5.0,6.0,-1.0,-1.0,-1.0,0.0,0.0,0.0,0.0,0.0,0.0,0.0,45.5,45.5,10.0,50.0,D
2021-08-14,2021,Vegalta Sendai,Yokohama FC,0,0,D,U,2.49,3.16,2.88,12,0.0,1.0,2.0,3.0,3.0,2.0,1.0,5.0,10.0,-5.0,-2.0,-8.0,6.0,0.0,0.0,0.0,0.0,3.0,-3.0,18.2,45.5,9.1,81.8,D
2021-08-14,2021,Urawa Reds,Sagan Tosu,2,1,H,O,2.57,3.07,2.87,13,2.0,0.0,1.0,1.0,6.0,2.0,4.0,3.0,4.0,-1.0,3.0,-2.0,5.0,2.0,0.0,2.0,0.0,1.0,-1.0,58.3,16.7,27.3,27.3,D
2021-08-14,2021,Kashiwa Reysol,Kawasaki Frontale,0,0,D,U,5.62,3.99,1.57,12,1.0,3.0,3.0,0.0,4.0,7.0,-3.0,7.0,1.0,6.0,-3.0,6.0,-9.0,0.0,3.0,-3.0,1.0,0.0,1.0,36.4,63.6,80.0,0.0,D
2021-08-14,2021,Hokkaido Consadole Sapporo,FC Tokyo,3,2,H,O,2.41,3.37,2.85,12,3.0,2.0,1.0,1.0,5.0,5.0,0.0,3.0,4.0,-1.0,2.0,1.0,1.0,1.0,0.0,1.0,1.0,0.0,1.0,54.5,27.3,33.3,33.3,A
2021-08-13,2021,Shimizu S-Pulse,Gamba Osaka,0,1,A,U,2.47,3.23,2.85,12,2.0,3.0,1.0,1.0,6.0,5.0,1.0,4.0,2.0,2.0,2.0,3.0,-1.0,1.0,1.0,0.0,1.0,0.0,1.0,18.2,36.4,33.3,41.7,D
2021-08-12,2021,Yokohama F. Marinos,Nagoya Grampus,2,0,H,U,1.93,3.5,3.87,12,3.0,0.0,0.0,2.0,7.0,1.0,6.0,2.0,5.0,-3.0,5.0,-4.0,9.0,2.0,0.0,2.0,0.0,2.0,-2.0,72.7,0.0,50.0,25.0,H
2021-08-09,2021,Yokohama FC,Nagoya Grampus,2,0,H,U,5.28,3.32,1.75,12,0.0,1.0,2.0,1.0,2.0,4.0,-2.0,5.0,3.0,2.0,-3.0,1.0,-4.0,0.0,1.0,-1.0,1.0,1.0,0.0,9.1,54.5,54.5,18.2,H
2021-08-09,2021,Vissel Kobe,Kashiwa Reysol,1,2,A,O,2.04,3.39,3.6,11,2.0,1.0,0.0,2.0,10.0,5.0,5.0,3.0,5.0,-2.0,7.0,0.0,7.0,2.0,1.0,1.0,0.0,0.0,0.0,50.0,10.0,18.2,63.6,D
2021-08-09,2021,Tokushima,Gamba Osaka,2,1,H,O,2.47,3.02,3.07,12,0.0,3.0,2.0,0.0,3.0,4.0,-1.0,5.0,0.0,5.0,-2.0,4.0,-6.0,0.0,1.0,-1.0,0.0,0.0,0.0,18.2,45.5,36.4,36.4,H
2021-08-09,2021,Shonan Bellmare,Kashima Antlers,1,2,A,O,4.97,3.66,1.7,12,0.0,1.0,2.0,2.0,3.0,3.0,0.0,6.0,4.0,2.0,-3.0,-1.0,-2.0,0.0,0.0,0.0,1.0,0.0,1.0,18.2,27.3,36.4,45.5,D
2021-08-09,2021,Shimizu S-Pulse,Yokohama F. Marinos,2,2,D,O,4.3,4.0,1.73,11,2.0,4.0,2.0,0.0,4.0,7.0,-3.0,5.0,3.0,2.0,-1.0,4.0,-5.0,1.0,0.0,1.0,2.0,0.0,2.0,20.0,40.0,70.0,20.0,D
2021-08-09,2021,Sagan Tosu,FC Tokyo,1,0,H,U,2.81,3.2,2.55,12,2.0,3.0,0.0,0.0,8.0,6.0,2.0,5.0,3.0,2.0,3.0,3.0,0.0,1.0,0.0,1.0,0.0,0.0,0.0,63.6,9.1,36.4,27.3,H
2021-08-09,2021,Oita Trinita,Kawasaki Frontale,0,2,A,U,8.82,4.68,1.36,12,2.0,3.0,1.0,0.0,3.0,7.0,-4.0,2.0,1.0,1.0,1.0,6.0,-5.0,0.0,3.0,-3.0,0.0,0.0,0.0,27.3,36.4,77.8,0.0,A
2021-08-09,2021,Hokkaido Consadole Sapporo,Urawa Reds,2,1,H,O,2.15,3.34,3.39,11,2.0,1.0,1.0,1.0,3.0,4.0,-1.0,2.0,3.0,-1.0,1.0,1.0,0.0,1.0,1.0,0.0,1.0,0.0,1.0,50.0,30.0,30.0,50.0,H
2021-08-09,2021,Cerezo Osaka,Vegalta Sendai,0,0,D,U,1.71,3.8,4.76,12,0.0,1.0,1.0,1.0,6.0,4.0,2.0,7.0,5.0,2.0,-1.0,-1.0,0.0,0.0,0.0,0.0,0.0,1.0,-1.0,45.5,18.2,9.1,54.5,D
2021-08-09,2021,Avispa Fukuoka,Sanfrecce Hiroshima,1,1,D,U,4.28,3.24,1.93,11,2.0,2.0,2.0,0.0,4.0,4.0,0.0,4.0,2.0,2.0,0.0,2.0,-2.0,0.0,0.0,0.0,0.0,0.0,0.0,50.0,50.0,36.4,18.2,D
2021-08-06,2021,Gamba Osaka,Yokohama F. Marinos,2,3,A,O,4.88,4.2,1.62,11,2.0,3.0,2.0,1.0,5.0,7.0,-2.0,4.0,6.0,-2.0,1.0,1.0,0.0,1.0,0.0,1.0,0.0,1.0,-1.0,30.0,50.0,66.7,22.2,A
2021-08-03,2021,Vegalta Sendai,Gamba Osaka,0,1,A,U,2.65,3.24,2.64,11,0.0,2.0,1.0,1.0,4.0,3.0,1.0,5.0,1.0,4.0,-1.0,2.0,-3.0,0.0,1.0,-1.0,0.0,0.0,0.0,20.0,40.0,30.0,40.0,A
2021-07-30,2021,Hokkaido Consadole Sapporo,Gamba Osaka,0,2,A,U,1.62,4.12,4.94,10,3.0,1.0,0.0,1.0,5.0,2.0,3.0,0.0,2.0,-2.0,5.0,0.0,5.0,2.0,0.0,2.0,0.0,0.0,0.0,55.6,22.2,22.2,44.4,A
2021-07-27,2021,Gamba Osaka,Oita Trinita,2,1,H,O,2.12,3.16,3.66,10,2.0,0.0,2.0,4.0,5.0,1.0,4.0,4.0,8.0,-4.0,1.0,-7.0,8.0,1.0,0.0,1.0,0.0,2.0,-2.0,22.2,55.6,10.0,90.0,D
2021-07-24,2021,Sagan Tosu,Cerezo Osaka,3,3,D,O,2.61,3.19,2.74,11,3.0,0.0,0.0,2.0,7.0,2.0,5.0,2.0,4.0,-2.0,5.0,-2.0,7.0,2.0,0.0,2.0,0.0,0.0,0.0,70.0,10.0,11.1,55.6,H
2021-07-24,2021,Gamba Osaka,Kashima Antlers,0,1,A,U,4.0,3.61,1.87,9,2.0,0.0,2.0,3.0,5.0,3.0,2.0,6.0,6.0,0.0,-1.0,-3.0,2.0,1.0,0.0,1.0,1.0,0.0,1.0,25.0,50.0,30.0,50.0,D
2021-07-21,2021,Gamba Osaka,Vissel Kobe,1,2,A,O,3.14,3.56,2.16,8,2.0,2.0,2.0,1.0,5.0,5.0,0.0,6.0,5.0,1.0,-1.0,0.0,-1.0,1.0,0.0,1.0,1.0,1.0,0.0,28.6,42.9,45.5,18.2,A
2021-07-21,2021,Cerezo Osaka,FC Tokyo,3,3,D,O,2.73,3.18,2.62,11,1.0,3.0,1.0,1.0,4.0,3.0,1.0,4.0,3.0,1.0,0.0,0.0,0.0,0.0,0.0,0.0,0.0,1.0,-1.0,50.0,20.0,40.0,30.0,A
2021-07-17,2021,Shimizu S-Pulse,Kawasaki Frontale,0,2,A,U,6.02,4.33,1.5,10,2.0,3.0,1.0,0.0,5.0,9.0,-4.0,4.0,1.0,3.0,1.0,8.0,-7.0,1.0,3.0,-2.0,1.0,0.0,1.0,22.2,33.3,75.0,0.0,A
2021-07-17,2021,Sagan Tosu,Nagoya Grampus,3,1,H,O,3.43,2.88,2.36,10,2.0,1.0,1.0,1.0,4.0,5.0,-1.0,2.0,3.0,-1.0,2.0,2.0,0.0,1.0,1.0,0.0,0.0,0.0,0.0,66.7,11.1,60.0,10.0,A
2021-07-17,2021,Cerezo Osaka,Vissel Kobe,1,1,D,U,2.77,3.43,2.44,10,1.0,2.0,2.0,2.0,4.0,4.0,0.0,5.0,6.0,-1.0,-1.0,-2.0,1.0,0.0,0.0,0.0,0.0,2.0,-2.0,55.6,22.2,50.0,20.0,A
2021-07-17,2021,Avispa Fukuoka,Gamba Osaka,0,1,A,U,3.1,3.15,2.37,10,3.0,0.0,1.0,2.0,6.0,1.0,5.0,3.0,4.0,-1.0,3.0,-3.0,6.0,1.0,0.0,1.0,0.0,1.0,-1.0,55.6,44.4,12.5,50.0,D
2021-07-11,2021,Tokushima,Shimizu S-Pulse,2,2,D,O,2.9,2.89,2.7,11,0.0,1.0,2.0,2.0,1.0,5.0,-4.0,3.0,7.0,-4.0,-2.0,-2.0,0.0,0.0,0.0,0.0,0.0,1.0,-1.0,20.0,50.0,27.3,45.5,A
2021-07-11,2021,Shonan Bellmare,FC Tokyo,0,1,A,U,4.17,3.44,1.88,11,1.0,3.0,1.0,1.0,5.0,6.0,-1.0,5.0,3.0,2.0,0.0,3.0,-3.0,1.0,1.0,0.0,1.0,1.0,0.0,20.0,20.0,33.3,33.3,D
2021-07-11,2021,Sanfrecce Hiroshima,Yokohama FC,0,1,A,U,1.37,4.73,8.4,11,1.0,0.0,1.0,3.0,4.0,2.0,2.0,4.0,11.0,-7.0,0.0,-9.0,9.0,0.0,0.0,0.0,0.0,3.0,-3.0,30.0,30.0,0.0,90.0,A
2021-07-11,2021,Kashiwa Reysol,Kashima Antlers,2,1,H,O,3.93,3.62,1.88,11,0.0,1.0,4.0,2.0,3.0,4.0,-1.0,8.0,4.0,4.0,-5.0,0.0,-5.0,0.0,1.0,-1.0,1.0,0.0,1.0,30.0,70.0,33.3,44.4,D
2021-07-10,2021,Yokohama F. Marinos,Avispa Fukuoka,2,0,H,U,1.45,4.58,6.52,11,3.0,1.0,0.0,2.0,7.0,3.0,4.0,2.0,5.0,-3.0,5.0,-2.0,7.0,2.0,0.0,2.0,0.0,1.0,-1.0,70.0,0.0,27.3,27.3,H
2021-07-10,2021,Vegalta Sendai,Hokkaido Consadole Sapporo,1,1,D,U,3.96,3.8,1.83,10,1.0,2.0,1.0,2.0,5.0,4.0,1.0,5.0,8.0,-3.0,0.0,-4.0,4.0,0.0,0.0,0.0,0.0,2.0,-2.0,22.2,44.4,30.0,50.0,D
2021-07-10,2021,Oita Trinita,Urawa Reds,1,0,H,U,4.46,3.34,1.85,11,1.0,2.0,1.0,0.0,3.0,7.0,-4.0,3.0,2.0,1.0,0.0,5.0,-5.0,0.0,2.0,-2.0,0.0,0.0,0.0,20.0,40.0,33.3,44.4,H
2021-07-04,2021,Shimizu S-Pulse,Oita Trinita,1,0,H,U,1.87,3.36,4.34,9,1.0,0.0,1.0,4.0,5.0,1.0,4.0,5.0,9.0,-4.0,0.0,-8.0,8.0,1.0,0.0,1.0,1.0,3.0,-2.0,12.5,37.5,11.1,88.9,D
2021-07-04,2021,Hokkaido Consadole Sapporo,Tokushima,1,0,H,U,1.77,3.63,4.49,9,3.0,1.0,0.0,3.0,6.0,3.0,3.0,1.0,9.0,-8.0,5.0,-6.0,11.0,2.0,0.0,2.0,0.0,2.0,-2.0,50.0,25.0,30.0,60.0,D
2021-07-03,2021,Vissel Kobe,Shonan Bellmare,3,1,H,O,1.68,3.83,4.86,10,2.0,1.0,0.0,2.0,10.0,5.0,5.0,2.0,7.0,-5.0,8.0,-2.0,10.0,2.0,0.0,2.0,0.0,1.0,-1.0,44.4,11.1,20.0,50.0,H
2021-07-03,2021,Vegalta Sendai,Urawa Reds,0,0,D,U,3.7,3.56,1.95,9,1.0,2.0,2.0,1.0,5.0,7.0,-2.0,6.0,4.0,2.0,-1.0,3.0,-4.0,0.0,2.0,-2.0,0.0,1.0,-1.0,25.0,50.0,37.5,50.0,D
2021-07-03,2021,Sanfrecce Hiroshima,Sagan Tosu,1,1,D,U,1.95,3.36,3.95,10,1.0,0.0,2.0,1.0,4.0,2.0,2.0,5.0,4.0,1.0,-1.0,-2.0,1.0,0.0,0.0,0.0,0.0,1.0,-1.0,33.3,33.3,30.0,30.0,D
2021-07-03,2021,Kashiwa Reysol,Yokohama F. Marinos,1,2,A,O,4.91,4.35,1.59,10,0.0,3.0,4.0,1.0,2.0,8.0,-6.0,10.0,5.0,5.0,-8.0,3.0,-11.0,0.0,1.0,-1.0,2.0,1.0,1.0,33.3,66.7,62.5,25.0,D
2021-06-27,2021,Yokohama FC,Shimizu S-Pulse,1,1,D,U,4.3,3.51,1.83,11,1.0,1.0,2.0,3.0,3.0,4.0,-1.0,4.0,7.0,-3.0,-1.0,-3.0,2.0,1.0,0.0,1.0,1.0,1.0,0.0,10.0,60.0,30.0,50.0,H
2021-06-27,2021,Urawa Reds,Avispa Fukuoka,2,0,H,U,1.86,3.46,4.22,12,2.0,2.0,1.0,1.0,6.0,5.0,1.0,3.0,4.0,-1.0,3.0,1.0,2.0,2.0,0.0,2.0,0.0,0.0,0.0,54.5,18.2,30.0,20.0,H
2021-06-27,2021,Tokushima,Yokohama F. Marinos,0,1,A,U,4.59,3.88,1.7,10,0.0,3.0,2.0,1.0,2.0,10.0,-8.0,4.0,6.0,-2.0,-2.0,4.0,-6.0,0.0,2.0,-2.0,0.0,1.0,-1.0,22.2,44.4,57.1,28.6,A
2021-06-27,2021,Shonan Bellmare,Kashiwa Reysol,2,4,A,O,2.64,3.09,2.79,10,1.0,0.0,0.0,3.0,3.0,1.0,2.0,1.0,4.0,-3.0,2.0,-3.0,5.0,1.0,0.0,1.0,0.0,0.0,0.0,22.2,11.1,10.0,70.0,H
2021-06-27,2021,Kashima Antlers,Hokkaido Consadole Sapporo,4,0,H,O,1.83,3.92,3.85,11,3.0,2.0,0.0,1.0,10.0,4.0,6.0,4.0,4.0,0.0,6.0,0.0,6.0,2.0,0.0,2.0,0.0,1.0,-1.0,50.0,20.0,33.3,44.4,H
2021-06-27,2021,FC Tokyo,Oita Trinita,3,0,H,O,1.67,3.5,5.62,11,1.0,0.0,2.0,4.0,2.0,3.0,-1.0,5.0,9.0,-4.0,-3.0,-6.0,3.0,0.0,0.0,0.0,1.0,2.0,-1.0,50.0,40.0,12.5,87.5,H
2021-06-23,2021,Yokohama F. Marinos,Sagan Tosu,2,0,H,U,1.69,4.03,4.47,10,3.0,1.0,0.0,0.0,10.0,4.0,6.0,2.0,3.0,-1.0,8.0,1.0,7.0,2.0,0.0,2.0,0.0,0.0,0.0,66.7,0.0,33.3,22.2,D
2021-06-23,2021,Vissel Kobe,Yokohama FC,5,0,H,O,1.4,4.65,7.42,9,1.0,0.0,0.0,3.0,6.0,2.0,4.0,3.0,11.0,-8.0,3.0,-9.0,12.0,1.0,0.0,1.0,0.0,3.0,-3.0,37.5,12.5,0.0,88.9,H
2021-06-23,2021,Vegalta Sendai,Shimizu S-Pulse,2,3,A,O,2.9,3.16,2.5,8,2.0,0.0,1.0,3.0,4.0,1.0,3.0,3.0,5.0,-2.0,1.0,-4.0,5.0,0.0,0.0,0.0,0.0,1.0,-1.0,28.6,42.9,22.2,55.6,D
2021-06-23,2021,Tokushima,FC Tokyo,0,1,A,U,2.65,2.98,2.87,9,0.0,2.0,2.0,2.0,2.0,5.0,-3.0,4.0,6.0,-2.0,-2.0,-1.0,-1.0,0.0,1.0,-1.0,0.0,2.0,-2.0,25.0,37.5,25.0,37.5,A
2021-06-23,2021,Oita Trinita,Kashima Antlers,0,0,D,U,4.78,3.5,1.76,10,2.0,2.0,1.0,2.0,4.0,7.0,-3.0,3.0,4.0,-1.0,1.0,3.0,-2.0,0.0,2.0,-2.0,0.0,0.0,0.0,22.2,44.4,37.5,50.0,D
2021-06-23,2021,Kashiwa Reysol,Urawa Reds,0,2,A,U,2.68,3.27,2.6,9,1.0,1.0,3.0,2.0,7.0,5.0,2.0,9.0,5.0,4.0,-2.0,0.0,-2.0,1.0,1.0,0.0,1.0,1.0,0.0,37.5,62.5,28.6,57.1,D
2021-06-20,2021,Urawa Reds,Shonan Bellmare,2,3,A,O,2.15,3.1,3.62,11,3.0,0.0,0.0,2.0,7.0,3.0,4.0,2.0,6.0,-4.0,5.0,-3.0,8.0,2.0,0.0,2.0,0.0,1.0,-1.0,60.0,10.0,11.1,55.6,
2021-06-20,2021,Kashima Antlers,Vegalta Sendai,1,1,D,U,1.4,4.77,7.19,10,3.0,1.0,0.0,2.0,10.0,4.0,6.0,4.0,6.0,-2.0,6.0,-2.0,8.0,2.0,0.0,2.0,0.0,1.0,-1.0,55.6,22.2,10.0,60.0,D
2021-06-19,2021,Yokohama FC,FC Tokyo,0,1,A,U,4.99,3.73,1.68,10,1.0,1.0,2.0,3.0,3.0,4.0,-1.0,6.0,7.0,-1.0,-3.0,-3.0,0.0,1.0,1.0,0.0,2.0,2.0,0.0,11.1,55.6,14.3,42.9,A
2021-06-19,2021,Sanfrecce Hiroshima,Kashiwa Reysol,1,0,H,U,1.79,3.62,4.4,9,0.0,1.0,3.0,2.0,3.0,2.0,1.0,6.0,3.0,3.0,-3.0,-1.0,-2.0,0.0,0.0,0.0,0.0,0.0,0.0,25.0,37.5,11.1,66.7,D
2021-06-19,2021,Hokkaido Consadole Sapporo,Oita Trinita,2,0,H,U,1.6,3.85,5.48,8,2.0,0.0,1.0,4.0,5.0,3.0,2.0,4.0,8.0,-4.0,1.0,-5.0,6.0,1.0,0.0,1.0,1.0,1.0,0.0,42.9,28.6,14.3,85.7,H
2021-06-19,2021,Avispa Fukuoka,Vissel Kobe,1,2,A,O,3.45,3.25,2.14,9,4.0,1.0,0.0,2.0,6.0,3.0,3.0,1.0,6.0,-5.0,5.0,-3.0,8.0,1.0,0.0,1.0,0.0,2.0,-2.0,62.5,37.5,44.4,22.2,D
2021-06-02,2021,Yokohama FC,Kawasaki Frontale,0,2,A,U,10.07,5.62,1.28,9,1.0,3.0,1.0,0.0,5.0,11.0,-6.0,6.0,3.0,3.0,-1.0,8.0,-9.0,1.0,3.0,-2.0,1.0,0.0,1.0,12.5,50.0,71.4,0.0,A
2021-06-02,2021,Shonan Bellmare,Gamba Osaka,0,0,D,U,2.5,3.17,2.89,9,1.0,1.0,0.0,2.0,3.0,2.0,1.0,1.0,4.0,-3.0,2.0,-2.0,4.0,1.0,0.0,1.0,0.0,1.0,-1.0,25.0,12.5,14.3,57.1,D
2021-05-30,2021,Yokohama F. Marinos,Shimizu S-Pulse,2,1,H,O,1.46,4.71,6.06,9,3.0,0.0,0.0,2.0,9.0,1.0,8.0,1.0,4.0,-3.0,8.0,-3.0,11.0,2.0,0.0,2.0,0.0,1.0,-1.0,62.5,0.0,25.0,50.0,
2021-05-30,2021,Vissel Kobe,Sagan Tosu,1,1,D,U,2.13,3.26,3.5,8,2.0,2.0,0.0,0.0,6.0,5.0,1.0,2.0,3.0,-1.0,4.0,2.0,2.0,1.0,0.0,1.0,0.0,0.0,0.0,42.9,14.3,37.5,25.0,D
2021-05-30,2021,Vegalta Sendai,Cerezo Osaka,1,1,D,U,3.48,3.43,2.07,7,2.0,0.0,1.0,3.0,3.0,1.0,2.0,2.0,4.0,-2.0,1.0,-3.0,4.0,0.0,0.0,0.0,0.0,0.0,0.0,33.3,50.0,12.5,62.5,D
2021-05-30,2021,Urawa Reds,Nagoya Grampus,0,0,D,U,2.9,3.02,2.58,10,4.0,2.0,0.0,1.0,8.0,8.0,0.0,2.0,3.0,-1.0,6.0,5.0,1.0,2.0,2.0,0.0,0.0,0.0,0.0,66.7,11.1,66.7,11.1,D
2021-05-30,2021,Tokushima,Shonan Bellmare,1,1,D,U,2.25,2.95,3.58,8,1.0,1.0,2.0,2.0,2.0,3.0,-1.0,3.0,5.0,-2.0,-1.0,-2.0,1.0,0.0,0.0,0.0,0.0,1.0,-1.0,28.6,42.9,12.5,62.5,D
2021-05-30,2021,Oita Trinita,Avispa Fukuoka,2,1,H,O,2.95,2.88,2.66,9,1.0,2.0,2.0,1.0,2.0,5.0,-3.0,3.0,5.0,-2.0,-1.0,0.0,-1.0,0.0,0.0,0.0,0.0,1.0,-1.0,12.5,50.0,33.3,11.1,H
2021-05-30,2021,Kawasaki Frontale,Kashima Antlers,2,1,H,O,1.63,3.99,5.03,13,3.0,3.0,0.0,1.0,10.0,7.0,3.0,5.0,2.0,3.0,5.0,5.0,0.0,2.0,2.0,0.0,0.0,0.0,0.0,83.3,0.0,42.9,42.9,H
2021-05-30,2021,Gamba Osaka,Yokohama FC,2,0,H,U,1.96,3.45,3.78,7,1.0,0.0,3.0,3.0,3.0,2.0,1.0,8.0,12.0,-4.0,-5.0,-10.0,5.0,0.0,0.0,0.0,2.0,3.0,-1.0,16.7,50.0,0.0,87.5,H
2021-05-30,2021,FC Tokyo,Sanfrecce Hiroshima,0,0,D,U,3.07,3.21,2.35,10,1.0,2.0,3.0,1.0,4.0,4.0,0.0,9.0,5.0,4.0,-5.0,-1.0,-4.0,0.0,0.0,0.0,2.0,1.0,1.0,55.6,44.4,40.0,20.0,D
2021-05-29,2021,Kashiwa Reysol,Hokkaido Consadole Sapporo,1,2,A,O,2.27,3.52,2.97,8,2.0,1.0,2.0,2.0,7.0,3.0,4.0,7.0,5.0,2.0,0.0,-2.0,2.0,1.0,0.0,1.0,1.0,1.0,0.0,42.9,57.1,25.0,50.0,A
2021-05-27,2021,Gamba Osaka,Tokushima,2,1,H,O,2.59,3.1,2.82,6,0.0,2.0,3.0,2.0,1.0,4.0,-3.0,7.0,8.0,-1.0,-6.0,-4.0,-2.0,0.0,0.0,0.0,2.0,2.0,0.0,0.0,60.0,33.3,55.6,H
2021-05-26,2021,Yokohama FC,Avispa Fukuoka,1,1,D,U,3.28,3.13,2.28,8,1.0,2.0,2.0,1.0,4.0,6.0,-2.0,8.0,6.0,2.0,-4.0,0.0,-4.0,1.0,0.0,1.0,2.0,1.0,1.0,14.3,57.1,37.5,12.5,H
2021-05-26,2021,Shonan Bellmare,Kawasaki Frontale,1,1,D,U,8.39,5.02,1.35,8,1.0,4.0,0.0,0.0,2.0,15.0,-13.0,0.0,2.0,-2.0,2.0,13.0,-11.0,1.0,4.0,-3.0,0.0,0.0,0.0,28.6,14.3,83.3,0.0,D
2021-05-26,2021,Shimizu S-Pulse,FC Tokyo,3,0,H,O,3.08,3.12,2.41,8,0.0,1.0,2.0,2.0,2.0,4.0,-2.0,7.0,4.0,3.0,-5.0,0.0,-5.0,0.0,1.0,-1.0,2.0,1.0,1.0,0.0,42.9,16.7,33.3,H
2021-05-26,2021,Sanfrecce Hiroshima,Urawa Reds,2,2,D,O,2.37,3.2,3.05,8,0.0,2.0,3.0,2.0,1.0,5.0,-4.0,4.0,3.0,1.0,-3.0,2.0,-5.0,0.0,2.0,-2.0,0.0,1.0,-1.0,28.6,42.9,33.3,66.7,D
2021-05-26,2021,Oita Trinita,Yokohama F. Marinos,0,1,A,U,5.6,4.37,1.53,8,1.0,2.0,2.0,1.0,2.0,9.0,-7.0,5.0,6.0,-1.0,-3.0,3.0,-6.0,0.0,2.0,-2.0,1.0,1.0,0.0,14.3,42.9,50.0,33.3,D
2021-05-26,2021,Nagoya Grampus,Vegalta Sendai,0,1,A,U,1.71,3.45,5.34,10,2.0,0.0,2.0,2.0,3.0,5.0,-2.0,6.0,8.0,-2.0,-3.0,-3.0,0.0,1.0,0.0,1.0,2.0,1.0,1.0,55.6,33.3,0.0,66.7,A
2021-05-26,2021,Kashiwa Reysol,Vissel Kobe,1,2,A,O,2.23,3.41,3.12,7,2.0,0.0,2.0,2.0,7.0,1.0,6.0,7.0,5.0,2.0,0.0,-4.0,4.0,1.0,0.0,1.0,1.0,2.0,-1.0,50.0,50.0,37.5,25.0,D
2021-05-26,2021,Kashima Antlers,Cerezo Osaka,1,0,H,U,1.74,3.82,4.45,9,3.0,0.0,0.0,2.0,11.0,1.0,10.0,5.0,3.0,2.0,6.0,-2.0,8.0,2.0,0.0,2.0,0.0,0.0,0.0,50.0,25.0,14.3,57.1,D
2021-05-26,2021,Hokkaido Consadole Sapporo,Sagan Tosu,0,0,D,U,2.27,3.4,3.06,7,2.0,2.0,1.0,1.0,7.0,5.0,2.0,6.0,4.0,2.0,1.0,1.0,0.0,1.0,0.0,1.0,1.0,0.0,1.0,50.0,33.3,42.9,28.6,D
2021-05-23,2021,Cerezo Osaka,Sanfrecce Hiroshima,1,2,A,O,2.92,3.13,2.51,9,1.0,1.0,1.0,1.0,5.0,3.0,2.0,5.0,5.0,0.0,0.0,-2.0,2.0,0.0,0.0,0.0,0.0,1.0,-1.0,62.5,12.5,33.3,22.2,D
2021-05-22,2021,Yokohama F. Marinos,Kashiwa Reysol,1,1,D,U,1.58,4.38,4.94,8,3.0,1.0,0.0,3.0,9.0,2.0,7.0,1.0,4.0,-3.0,8.0,-2.0,10.0,2.0,0.0,2.0,0.0,0.0,0.0,71.4,0.0,12.5,75.0,D
2021-05-22,2021,Vegalta Sendai,Oita Trinita,2,1,H,O,2.64,3.03,2.82,6,1.0,0.0,2.0,4.0,1.0,2.0,-1.0,3.0,8.0,-5.0,-2.0,-6.0,4.0,0.0,0.0,0.0,1.0,2.0,-1.0,20.0,60.0,16.7,83.3,D
2021-05-22,2021,Urawa Reds,Vissel Kobe,2,0,H,U,2.87,3.39,2.4,9,4.0,1.0,0.0,1.0,8.0,3.0,5.0,3.0,3.0,0.0,5.0,0.0,5.0,1.0,1.0,0.0,0.0,1.0,-1.0,62.5,12.5,42.9,14.3,D
2021-05-22,2021,Tokushima,Nagoya Grampus,0,0,D,U,3.7,2.89,2.25,7,2.0,2.0,2.0,1.0,4.0,8.0,-4.0,4.0,3.0,1.0,0.0,5.0,-5.0,0.0,2.0,-2.0,0.0,0.0,0.0,33.3,50.0,75.0,12.5,D
2021-05-22,2021,Sagan Tosu,Kashima Antlers,2,1,H,O,3.48,3.37,2.09,9,2.0,3.0,1.0,0.0,5.0,8.0,-3.0,1.0,2.0,-1.0,4.0,6.0,-2.0,2.0,2.0,0.0,0.0,0.0,0.0,62.5,12.5,50.0,33.3,A
2021-05-22,2021,Kawasaki Frontale,Yokohama FC,3,1,H,O,1.13,8.78,17.45,12,2.0,0.0,0.0,3.0,8.0,2.0,6.0,5.0,11.0,-6.0,3.0,-9.0,12.0,1.0,0.0,1.0,0.0,2.0,-2.0,81.8,0.0,0.0,85.7,H
2021-05-22,2021,Hokkaido Consadole Sapporo,Shimizu S-Pulse,2,0,H,U,1.86,3.65,3.99,6,1.0,1.0,2.0,1.0,8.0,3.0,5.0,10.0,3.0,7.0,-2.0,0.0,-2.0,0.0,0.0,0.0,1.0,0.0,1.0,40.0,40.0,28.6,42.9,D
2021-05-22,2021,FC Tokyo,Gamba Osaka,1,0,H,U,2.03,3.45,3.57,9,1.0,1.0,3.0,2.0,5.0,2.0,3.0,10.0,4.0,6.0,-5.0,-2.0,-3.0,0.0,0.0,0.0,2.0,1.0,1.0,50.0,50.0,16.7,50.0,H
2021-05-22,2021,Avispa Fukuoka,Shonan Bellmare,2,1,H,O,2.47,3.0,3.08,8,3.0,1.0,1.0,1.0,5.0,3.0,2.0,2.0,4.0,-2.0,3.0,-1.0,4.0,1.0,0.0,1.0,0.0,1.0,-1.0,57.1,42.9,14.3,57.1,A
2021-05-16,2021,Kawasaki Frontale,Hokkaido Consadole Sapporo,2,0,H,U,1.39,5.11,6.95,11,2.0,2.0,0.0,1.0,9.0,5.0,4.0,6.0,4.0,2.0,3.0,1.0,2.0,1.0,0.0,1.0,0.0,0.0,0.0,80.0,0.0,28.6,42.9,D
2021-05-16,2021,Gamba Osaka,Urawa Reds,0,3,A,O,2.59,3.18,2.78,5,0.0,1.0,2.0,3.0,1.0,2.0,-1.0,4.0,6.0,-2.0,-3.0,-4.0,1.0,0.0,1.0,-1.0,1.0,2.0,-1.0,0.0,50.0,20.0,80.0,A
2021-05-15,2021,Yokohama FC,Shonan Bellmare,2,0,H,U,3.51,3.26,2.13,7,0.0,1.0,2.0,1.0,3.0,5.0,-2.0,9.0,5.0,4.0,-6.0,0.0,-6.0,0.0,0.0,0.0,2.0,0.0,2.0,0.0,66.7,16.7,50.0,H
2021-05-15,2021,Vissel Kobe,Cerezo Osaka,1,1,D,U,2.48,3.22,2.88,7,2.0,1.0,0.0,2.0,6.0,4.0,2.0,2.0,3.0,-1.0,4.0,1.0,3.0,1.0,1.0,0.0,0.0,0.0,0.0,50.0,16.7,16.7,66.7,D
2021-05-15,2021,Vegalta Sendai,Avispa Fukuoka,0,1,A,U,2.5,3.11,2.94,5,1.0,1.0,2.0,1.0,2.0,5.0,-3.0,7.0,6.0,1.0,-5.0,-1.0,-4.0,0.0,0.0,0.0,2.0,1.0,1.0,25.0,50.0,28.6,14.3,D
2021-05-15,2021,Shimizu S-Pulse,Nagoya Grampus,0,3,A,O,3.59,2.9,2.28,7,0.0,2.0,2.0,1.0,2.0,6.0,-4.0,7.0,3.0,4.0,-5.0,3.0,-8.0,0.0,1.0,-1.0,2.0,0.0,2.0,0.0,33.3,71.4,14.3,A
2021-05-15,2021,Sanfrecce Hiroshima,Tokushima,0,1,A,U,2.0,3.19,4.0,7,1.0,1.0,2.0,3.0,2.0,3.0,-1.0,3.0,9.0,-6.0,-1.0,-6.0,5.0,0.0,0.0,0.0,0.0,2.0,-2.0,33.3,33.3,25.0,62.5,D
2021-05-15,2021,Oita Trinita,Sagan Tosu,1,1,D,U,3.72,3.02,2.16,7,1.0,2.0,3.0,2.0,2.0,4.0,-2.0,7.0,4.0,3.0,-5.0,0.0,-5.0,0.0,0.0,0.0,2.0,0.0,2.0,16.7,50.0,50.0,33.3,A
2021-05-15,2021,Kashiwa Reysol,FC Tokyo,0,4,A,O,2.56,3.17,2.82,6,2.0,0.0,2.0,2.0,7.0,1.0,6.0,4.0,5.0,-1.0,3.0,-4.0,7.0,1.0,0.0,1.0,0.0,1.0,-1.0,60.0,40.0,0.0,40.0,A
2021-05-15,2021,Kashima Antlers,Yokohama F. Marinos,5,3,H,O,2.6,3.56,2.53,8,2.0,3.0,1.0,0.0,6.0,9.0,-3.0,3.0,2.0,1.0,3.0,7.0,-4.0,1.0,3.0,-2.0,0.0,0.0,0.0,42.9,28.6,60.0,20.0,D
2021-05-12,2021,Nagoya Grampus,Kashima Antlers,0,2,A,U,2.45,2.99,3.1,9,2.0,2.0,2.0,1.0,4.0,7.0,-3.0,6.0,4.0,2.0,-2.0,3.0,-5.0,1.0,1.0,0.0,1.0,0.0,1.0,62.5,25.0,40.0,40.0,A
2021-05-12,2021,Kawasaki Frontale,Vegalta Sendai,2,2,D,O,1.14,7.88,16.35,10,3.0,0.0,0.0,3.0,8.0,3.0,5.0,4.0,7.0,-3.0,4.0,-4.0,8.0,1.0,0.0,1.0,0.0,1.0,-1.0,88.9,0.0,0.0,75.0,H
2021-05-12,2021,Gamba Osaka,Sanfrecce Hiroshima,1,2,A,O,3.71,3.36,2.01,4,,0.0,,2.0,,1.0,,,5.0,,,-4.0,,,0.0,,,1.0,,0.0,33.3,25.0,25.0,D
2021-05-09,2021,Yokohama F. Marinos,Vissel Kobe,2,0,H,U,1.7,4.05,4.45,7,3.0,2.0,0.0,0.0,8.0,7.0,1.0,1.0,4.0,-3.0,7.0,3.0,4.0,1.0,1.0,0.0,0.0,0.0,0.0,66.7,0.0,50.0,0.0,H
2021-05-09,2021,Urawa Reds,Vegalta Sendai,2,0,H,U,1.96,3.39,3.86,8,3.0,0.0,1.0,3.0,6.0,4.0,2.0,8.0,7.0,1.0,-2.0,-3.0,1.0,0.0,0.0,0.0,1.0,0.0,1.0,57.1,14.3,0.0,71.4,D
2021-05-09,2021,Tokushima,Hokkaido Consadole Sapporo,1,2,A,O,2.79,3.37,2.46,6,2.0,1.0,2.0,1.0,4.0,3.0,1.0,4.0,3.0,1.0,0.0,0.0,0.0,0.0,0.0,0.0,0.0,0.0,0.0,40.0,40.0,16.7,50.0,H
2021-05-09,2021,Shonan Bellmare,Oita Trinita,2,0,H,U,2.37,2.99,3.29,7,0.0,0.0,0.0,4.0,0.0,2.0,-2.0,0.0,7.0,-7.0,0.0,-5.0,5.0,0.0,0.0,0.0,0.0,1.0,-1.0,16.7,16.7,20.0,80.0,H
2021-05-09,2021,Shimizu S-Pulse,Yokohama FC,1,1,D,U,1.67,3.76,5.12,6,0.0,0.0,2.0,4.0,1.0,1.0,0.0,6.0,13.0,-7.0,-5.0,-12.0,7.0,0.0,0.0,0.0,2.0,3.0,-1.0,0.0,40.0,0.0,100.0,D
2021-05-09,2021,Kashima Antlers,FC Tokyo,3,0,H,O,2.12,3.41,3.36,7,1.0,0.0,1.0,1.0,4.0,2.0,2.0,4.0,3.0,1.0,0.0,-1.0,1.0,0.0,0.0,0.0,0.0,0.0,0.0,33.3,33.3,0.0,25.0,H
2021-05-09,2021,Avispa Fukuoka,Kashiwa Reysol,1,0,H,U,3.14,3.11,2.38,7,3.0,1.0,1.0,2.0,5.0,3.0,2.0,2.0,4.0,-2.0,3.0,-1.0,4.0,1.0,0.0,1.0,0.0,0.0,0.0,50.0,50.0,14.3,71.4,D
2021-05-08,2021,Sagan Tosu,Sanfrecce Hiroshima,0,0,D,U,2.82,3.03,2.65,8,2.0,1.0,1.0,2.0,5.0,4.0,1.0,1.0,5.0,-4.0,4.0,-1.0,5.0,2.0,1.0,1.0,0.0,1.0,-1.0,71.4,14.3,28.6,28.6,D
2021-05-08,2021,Nagoya Grampus,Cerezo Osaka,1,0,H,U,2.15,3.07,3.73,8,2.0,1.0,2.0,2.0,4.0,6.0,-2.0,6.0,5.0,1.0,-2.0,1.0,-3.0,1.0,1.0,0.0,1.0,0.0,1.0,57.1,28.6,20.0,60.0,D
2021-05-08,2021,Gamba Osaka,Kawasaki Frontale,0,2,A,U,7.21,4.95,1.38,3,,3.0,,0.0,,14.0,,,3.0,,,11.0,,,3.0,,,0.0,,0.0,0.0,80.0,0.0,A
2021-05-04,2021,Kawasaki Frontale,Nagoya Grampus,3,2,H,O,1.5,4.07,6.64,9,3.0,3.0,0.0,0.0,7.0,5.0,2.0,2.0,0.0,2.0,5.0,5.0,0.0,2.0,1.0,1.0,0.0,0.0,0.0,87.5,0.0,83.3,0.0,H
2021-05-02,2021,Shonan Bellmare,Hokkaido Consadole Sapporo,0,0,D,U,3.67,3.58,1.95,6,1.0,1.0,0.0,2.0,3.0,4.0,-1.0,1.0,5.0,-4.0,2.0,-1.0,3.0,1.0,0.0,1.0,0.0,0.0,0.0,20.0,20.0,20.0,60.0,D
2021-05-02,2021,Oita Trinita,Shimizu S-Pulse,1,0,H,U,2.92,2.98,2.61,6,0.0,1.0,3.0,1.0,2.0,3.0,-1.0,8.0,3.0,5.0,-6.0,0.0,-6.0,0.0,0.0,0.0,2.0,0.0,2.0,0.0,60.0,33.3,33.3,H
2021-05-02,2021,Cerezo Osaka,Gamba Osaka,1,1,D,U,2.29,3.38,3.04,8,2.0,1.0,1.0,2.0,5.0,1.0,4.0,4.0,3.0,1.0,1.0,-2.0,3.0,0.0,0.0,0.0,0.0,1.0,-1.0,71.4,14.3,20.0,60.0,D
2021-05-01,2021,Yokohama FC,Kashima Antlers,0,3,A,O,5.44,3.93,1.6,6,0.0,1.0,2.0,2.0,4.0,4.0,0.0,10.0,5.0,5.0,-6.0,-1.0,-5.0,0.0,0.0,0.0,2.0,0.0,2.0,0.0,60.0,25.0,50.0,A
2021-05-01,2021,Vissel Kobe,Sanfrecce Hiroshima,3,0,H,O,2.95,3.29,2.39,6,1.0,2.0,1.0,1.0,3.0,7.0,-4.0,3.0,3.0,0.0,0.0,4.0,-4.0,0.0,2.0,-2.0,0.0,0.0,0.0,40.0,20.0,33.3,16.7,H
2021-05-01,2021,Vegalta Sendai,Kashiwa Reysol,1,0,H,U,3.24,3.33,2.21,4,,1.0,,2.0,,3.0,,,5.0,,,-2.0,,,0.0,,,1.0,,0.0,66.7,16.7,66.7,D
2021-05-01,2021,Sagan Tosu,Tokushima,2,0,H,U,2.12,3.11,3.75,7,2.0,2.0,1.0,2.0,5.0,6.0,-1.0,1.0,7.0,-6.0,4.0,-1.0,5.0,2.0,1.0,1.0,0.0,1.0,-1.0,66.7,16.7,28.6,57.1,D
2021-05-01,2021,FC Tokyo,Yokohama F. Marinos,0,3,A,O,3.44,3.9,1.94,8,2.0,2.0,2.0,1.0,7.0,6.0,1.0,8.0,4.0,4.0,-1.0,2.0,-3.0,0.0,2.0,-2.0,1.0,1.0,0.0,57.1,42.9,50.0,25.0,A
2021-05-01,2021,Avispa Fukuoka,Urawa Reds,2,0,H,U,3.09,3.19,2.36,6,2.0,1.0,2.0,3.0,4.0,2.0,2.0,5.0,6.0,-1.0,-1.0,-4.0,3.0,0.0,1.0,-1.0,1.0,2.0,-1.0,40.0,60.0,25.0,75.0,H
2021-04-29,2021,Nagoya Grampus,Kawasaki Frontale,0,4,A,O,4.25,3.36,1.89,7,2.0,3.0,1.0,0.0,4.0,15.0,-11.0,2.0,4.0,-2.0,2.0,11.0,-9.0,1.0,3.0,-2.0,0.0,0.0,0.0,66.7,16.7,75.0,0.0,A
2021-04-25,2021,Urawa Reds,Oita Trinita,3,2,H,O,1.91,3.21,4.33,7,2.0,1.0,1.0,3.0,3.0,2.0,1.0,6.0,5.0,1.0,-3.0,-3.0,0.0,0.0,0.0,0.0,1.0,1.0,0.0,50.0,16.7,25.0,75.0,A
2021-04-25,2021,Shimizu S-Pulse,Shonan Bellmare,1,1,D,U,2.42,3.04,3.11,5,0.0,1.0,2.0,2.0,2.0,5.0,-3.0,7.0,7.0,0.0,-5.0,-2.0,-3.0,0.0,0.0,0.0,2.0,1.0,1.0,0.0,50.0,20.0,60.0,D
2021-04-24,2021,Yokohama F. Marinos,Yokohama FC,5,0,H,O,1.31,5.67,8.28,6,3.0,0.0,0.0,4.0,6.0,1.0,5.0,1.0,10.0,-9.0,5.0,-9.0,14.0,1.0,0.0,1.0,0.0,3.0,-3.0,60.0,0.0,0.0,100.0,H
2021-04-24,2021,Sanfrecce Hiroshima,Avispa Fukuoka,1,2,A,O,1.77,3.36,5.02,6,2.0,0.0,1.0,1.0,3.0,3.0,0.0,2.0,5.0,-3.0,1.0,-2.0,3.0,0.0,0.0,0.0,0.0,1.0,-1.0,40.0,20.0,16.7,16.7,D
2021-04-24,2021,Kashiwa Reysol,Tokushima,5,1,H,O,2.43,3.04,3.11,5,2.0,2.0,2.0,2.0,4.0,5.0,-1.0,4.0,3.0,1.0,0.0,2.0,-2.0,0.0,1.0,-1.0,0.0,0.0,0.0,50.0,50.0,33.3,50.0,H
2021-04-24,2021,Kashima Antlers,Vissel Kobe,1,1,D,U,1.98,3.51,3.65,6,2.0,3.0,1.0,0.0,6.0,9.0,-3.0,4.0,5.0,-1.0,2.0,4.0,-2.0,1.0,1.0,0.0,0.0,0.0,0.0,40.0,40.0,60.0,0.0,A
2021-04-24,2021,Hokkaido Consadole Sapporo,Vegalta Sendai,2,1,H,O,1.67,3.96,4.7,5,1.0,0.0,2.0,3.0,11.0,4.0,7.0,10.0,8.0,2.0,1.0,-4.0,5.0,1.0,0.0,1.0,1.0,1.0,0.0,25.0,50.0,0.0,66.7,A
2021-04-24,2021,FC Tokyo,Sagan Tosu,1,2,A,O,2.33,3.11,3.21,7,3.0,1.0,1.0,2.0,9.0,2.0,7.0,8.0,3.0,5.0,1.0,-1.0,2.0,0.0,0.0,0.0,1.0,0.0,1.0,66.7,33.3,40.0,40.0,A
2021-04-22,2021,Nagoya Grampus,Gamba Osaka,2,0,H,U,2.05,3.12,3.87,6,2.0,1.0,1.0,2.0,5.0,1.0,4.0,2.0,2.0,0.0,3.0,-1.0,4.0,1.0,0.0,1.0,0.0,0.0,0.0,60.0,20.0,25.0,50.0,H
2021-04-18,2021,Nagoya Grampus,Sagan Tosu,1,2,A,O,1.95,3.04,4.41,5,3.0,1.0,0.0,2.0,5.0,1.0,4.0,0.0,2.0,-2.0,5.0,-1.0,6.0,1.0,0.0,1.0,0.0,0.0,0.0,75.0,0.0,25.0,50.0,A
2021-04-18,2021,Kawasaki Frontale,Sanfrecce Hiroshima,1,1,D,U,1.42,4.56,6.92,8,4.0,2.0,0.0,1.0,7.0,7.0,0.0,1.0,3.0,-2.0,6.0,4.0,2.0,2.0,2.0,0.0,0.0,0.0,0.0,100.0,0.0,40.0,20.0,H
2021-04-18,2021,Gamba Osaka,Shimizu S-Pulse,0,0,D,U,2.2,3.32,3.25,2,,1.0,,2.0,,4.0,,,5.0,,,-1.0,,,0.0,,,0.0,,0.0,0.0,40.0,40.0,D
2021-04-18,2021,Cerezo Osaka,Urawa Reds,1,0,H,U,2.25,3.18,3.26,7,2.0,,1.0,,5.0,,,4.0,,,1.0,,,0.0,,,0.0,,,66.7,16.7,33.3,66.7,D
2021-04-17,2021,Yokohama FC,Vegalta Sendai,2,2,D,O,2.96,3.27,2.37,5,0.0,0.0,3.0,4.0,3.0,2.0,1.0,10.0,11.0,-1.0,-7.0,-9.0,2.0,0.0,0.0,0.0,2.0,2.0,0.0,0.0,75.0,0.0,80.0,H
2021-04-17,2021,Tokushima,Kashima Antlers,0,1,A,U,3.32,3.33,2.17,5,2.0,,1.0,,5.0,,,4.0,,,1.0,,,0.0,,,0.0,,,50.0,25.0,0.0,66.7,A
2021-04-17,2021,Shonan Bellmare,Vissel Kobe,0,0,D,U,3.18,3.21,2.28,5,1.0,3.0,1.0,0.0,3.0,10.0,-7.0,2.0,6.0,-4.0,1.0,4.0,-3.0,1.0,1.0,0.0,0.0,0.0,0.0,25.0,25.0,75.0,0.0,D
2021-04-17,2021,Oita Trinita,Kashiwa Reysol,0,1,A,U,3.09,3.08,2.4,5,0.0,0.0,2.0,3.0,3.0,2.0,1.0,8.0,6.0,2.0,-5.0,-4.0,-1.0,0.0,0.0,0.0,2.0,1.0,1.0,0.0,50.0,0.0,80.0,D
2021-04-17,2021,Avispa Fukuoka,FC Tokyo,1,0,H,U,3.71,3.29,2.03,5,1.0,,3.0,,4.0,,,7.0,,,-3.0,,,0.0,,,1.0,,,25.0,75.0,0.0,0.0,D
2021-04-16,2021,Hokkaido Consadole Sapporo,Yokohama F. Marinos,1,3,A,O,2.38,3.93,2.55,4,,,,,,,,,,,,,,,,,,,,33.3,33.3,33.3,33.3,D
2021-04-14,2021,Sagan Tosu,Gamba Osaka,0,1,A,U,2.43,3.18,2.95,6,3.0,,0.0,,10.0,,,0.0,,,10.0,,,3.0,,,0.0,,,80.0,0.0,0.0,66.7,D
2021-04-14,2021,Nagoya Grampus,Sanfrecce Hiroshima,1,0,H,U,2.32,2.9,3.48,4,,2.0,,0.0,,10.0,,,5.0,,,5.0,,,2.0,,,0.0,,66.7,0.0,50.0,0.0,H
2021-04-14,2021,Kawasaki Frontale,Avispa Fukuoka,3,1,H,O,1.22,6.13,11.94,7,4.0,1.0,0.0,0.0,6.0,4.0,2.0,0.0,3.0,-3.0,6.0,1.0,5.0,2.0,0.0,2.0,0.0,0.0,0.0,100.0,0.0,20.0,0.0,D
2021-04-14,2021,Cerezo Osaka,Tokushima,1,2,A,O,2.2,3.15,3.42,6,3.0,1.0,0.0,3.0,6.0,3.0,3.0,3.0,4.0,-1.0,3.0,-1.0,4.0,0.0,1.0,-1.0,0.0,1.0,-1.0,80.0,0.0,20.0,60.0,D
2021-04-11,2021,Vissel Kobe,Shimizu S-Pulse,1,1,D,U,1.93,3.56,3.76,5,2.0,2.0,1.0,2.0,3.0,6.0,-3.0,2.0,5.0,-3.0,1.0,1.0,0.0,0.0,1.0,-1.0,0.0,0.0,0.0,50.0,25.0,50.0,50.0,D
2021-04-11,2021,Vegalta Sendai,Yokohama F. Marinos,0,0,D,U,5.22,4.31,1.57,3,,,,,,,,,,,,,,,,,,,,0.0,100.0,50.0,50.0,D
2021-04-11,2021,Urawa Reds,Tokushima,1,0,H,U,2.25,3.14,3.33,6,2.0,1.0,1.0,2.0,4.0,4.0,0.0,6.0,4.0,2.0,-2.0,0.0,-2.0,1.0,1.0,0.0,1.0,1.0,0.0,40.0,20.0,25.0,50.0,D
2021-04-11,2021,Sagan Tosu,Yokohama FC,3,0,H,O,1.67,3.64,5.28,5,3.0,0.0,0.0,4.0,9.0,2.0,7.0,0.0,12.0,-12.0,9.0,-10.0,19.0,3.0,0.0,3.0,0.0,3.0,-3.0,75.0,0.0,0.0,100.0,H
2021-04-11,2021,Oita Trinita,Nagoya Grampus,0,3,A,O,4.5,2.92,2.01,4,,3.0,,0.0,,3.0,,,0.0,,,3.0,,,0.0,,,0.0,,0.0,33.3,80.0,0.0,A
2021-04-11,2021,Kashiwa Reysol,Gamba Osaka,1,0,H,U,2.32,3.38,2.96,4,,,,,,,,,,,,,,,,,,,,33.3,66.7,0.0,50.0,D
2021-04-11,2021,Hokkaido Consadole Sapporo,Kashima Antlers,2,2,D,O,2.6,3.64,2.48,3,,,,,,,,,,,,,,,,,,,,50.0,50.0,0.0,100.0,A
2021-04-11,2021,FC Tokyo,Kawasaki Frontale,2,4,A,O,4.48,3.95,1.7,6,3.0,,1.0,,9.0,,,7.0,,,2.0,,,0.0,,,0.0,,,80.0,20.0,66.7,0.0,A
2021-04-10,2021,Sanfrecce Hiroshima,Shonan Bellmare,0,1,A,U,1.92,3.2,4.36,5,2.0,0.0,0.0,3.0,4.0,5.0,-1.0,2.0,9.0,-7.0,2.0,-4.0,6.0,0.0,0.0,0.0,0.0,1.0,-1.0,50.0,0.0,0.0,75.0,D
2021-04-10,2021,Cerezo Osaka,Avispa Fukuoka,2,2,D,O,1.83,3.42,4.46,5,4.0,1.0,0.0,0.0,6.0,4.0,2.0,1.0,3.0,-2.0,5.0,1.0,4.0,1.0,0.0,1.0,0.0,0.0,0.0,100.0,0.0,25.0,0.0,D
2021-04-07,2021,Yokohama FC,Sanfrecce Hiroshima,0,3,A,O,4.76,3.8,1.69,4,,,,,,,,,,,,,,,,,,,,0.0,66.7,33.3,0.0,A
2021-04-07,2021,Vissel Kobe,Oita Trinita,1,0,H,U,1.85,3.49,4.16,4,,,,,,,,,,,,,,,,,,,,33.3,33.3,33.3,66.7,H
2021-04-07,2021,Tokushima,Vegalta Sendai,1,0,H,U,1.81,3.54,4.31,4,,0.0,,3.0,,3.0,,,11.0,,,-8.0,,,0.0,,,2.0,,33.3,33.3,0.0,75.0,H
2021-04-07,2021,Shonan Bellmare,Nagoya Grampus,0,0,D,U,4.03,3.04,2.03,4,,4.0,,0.0,,5.0,,,1.0,,,4.0,,,0.0,,,0.0,,33.3,33.3,100.0,0.0,D
2021-04-07,2021,Shimizu S-Pulse,Urawa Reds,0,2,A,U,2.66,3.18,2.67,4,,,,,,,,,,,,,,,,,,,,0.0,33.3,0.0,100.0,A
2021-04-07,2021,Kawasaki Frontale,Sagan Tosu,1,0,H,U,1.35,4.95,8.24,6,4.0,,0.0,,8.0,,,2.0,,,6.0,,,2.0,,,0.0,,,100.0,0.0,33.3,33.3,D
2021-04-07,2021,Kashima Antlers,Kashiwa Reysol,2,1,H,O,1.83,3.7,4.0,5,1.0,0.0,2.0,3.0,5.0,1.0,4.0,6.0,6.0,0.0,-1.0,-5.0,4.0,1.0,0.0,1.0,1.0,2.0,-1.0,25.0,50.0,0.0,75.0,D
2021-04-07,2021,Gamba Osaka,Avispa Fukuoka,0,0,D,U,1.74,3.55,4.73,1,,,,,,,,,,,,,,,,,,,,,,33.3,0.0,D
2021-04-07,2021,FC Tokyo,Hokkaido Consadole Sapporo,2,1,H,O,2.65,3.56,2.45,5,3.0,1.0,1.0,2.0,10.0,3.0,7.0,8.0,4.0,4.0,2.0,-1.0,3.0,0.0,0.0,0.0,0.0,0.0,0.0,75.0,25.0,25.0,50.0,D
2021-04-06,2021,Yokohama F. Marinos,Cerezo Osaka,1,0,H,U,1.68,4.15,4.38,5,2.0,1.0,0.0,2.0,8.0,8.0,0.0,4.0,7.0,-3.0,4.0,1.0,3.0,1.0,1.0,0.0,0.0,0.0,0.0,50.0,0.0,25.0,50.0,D
2021-04-04,2021,Shimizu S-Pulse,Tokushima,0,3,A,O,2.24,3.22,3.23,3,,,,,,,,,,,,,,,,,,,,0.0,0.0,0.0,66.7,A
2021-04-03,2021,Yokohama FC,Kashiwa Reysol,1,1,D,U,4.37,3.63,1.79,3,,,,,,,,,,,,,,,,,,,,0.0,100.0,0.0,100.0,H
2021-04-03,2021,Yokohama F. Marinos,Shonan Bellmare,1,1,D,U,1.49,4.56,5.73,4,,,,,,,,,,,,,,,,,,,,66.7,0.0,0.0,100.0,D
2021-04-03,2021,Vegalta Sendai,Vissel Kobe,0,2,A,U,3.19,3.58,2.12,2,,,,,,,,,,,,,,,,,,,,0.0,100.0,66.7,0.0,A
2021-04-03,2021,Urawa Reds,Kashima Antlers,2,1,H,O,3.94,3.69,1.85,5,1.0,,1.0,,3.0,,,6.0,,,-3.0,,,1.0,,,1.0,,,25.0,25.0,0.0,100.0,D
2021-04-03,2021,Sanfrecce Hiroshima,Gamba Osaka,0,0,D,U,2.11,3.42,3.36,4,,,,,,,,,,,,,,,,,,,,66.7,0.0,0.0,100.0,D
2021-04-03,2021,Nagoya Grampus,FC Tokyo,0,0,D,U,2.14,3.09,3.63,3,,,,,,,,,,,,,,,,,,,,100.0,0.0,0.0,0.0,D
2021-04-03,2021,Kawasaki Frontale,Oita Trinita,2,0,H,U,1.21,6.44,12.07,5,4.0,,0.0,,8.0,,,2.0,,,6.0,,,2.0,,,0.0,,,100.0,0.0,50.0,50.0,H
2021-04-03,2021,Avispa Fukuoka,Hokkaido Consadole Sapporo,1,2,A,O,4.89,3.88,1.66,4,,,,,,,,,,,,,,,,,,,,33.3,66.7,0.0,66.7,A
2021-04-02,2021,Cerezo Osaka,Sagan Tosu,1,0,H,U,2.27,3.2,3.23,4,,,,,,,,,,,,,,,,,,,,100.0,0.0,50.0,0.0,D
2021-03-21,2021,Urawa Reds,Kawasaki Frontale,0,5,A,O,7.27,4.9,1.38,4,,,,,,,,,,,,,,,,,,,,33.3,0.0,50.0,0.0,A
2021-03-21,2021,Tokushima,Yokohama FC,2,1,H,O,1.79,3.63,4.32,3,,,,,,,,,,,,,,,,,,,,0.0,50.0,0.0,100.0,H
2021-03-21,2021,Shonan Bellmare,Cerezo Osaka,0,0,D,U,4.14,3.4,1.89,3,,,,,,,,,,,,,,,,,,,,50.0,50.0,33.3,66.7,D
2021-03-21,2021,Sagan Tosu,Avispa Fukuoka,0,0,D,U,1.91,3.25,4.25,4,,,,,,,,,,,,,,,,,,,,100.0,0.0,50.0,0.0,D
2021-03-21,2021,Oita Trinita,Sanfrecce Hiroshima,1,3,A,O,3.77,3.21,2.05,3,,,,,,,,,,,,,,,,,,,,0.0,0.0,0.0,0.0,D
2021-03-21,2021,Kashiwa Reysol,Shimizu S-Pulse,1,2,A,O,2.27,3.38,3.05,3,,,,,,,,,,,,,,,,,,,,50.0,50.0,33.3,66.7,A
2021-03-21,2021,Kashima Antlers,Nagoya Grampus,0,1,A,U,2.27,3.17,3.23,4,,,,,,,,,,,,,,,,,,,,33.3,33.3,100.0,0.0,D
2021-03-21,2021,FC Tokyo,Vegalta Sendai,2,1,H,O,1.59,3.94,5.46,4,,,,,,,,,,,,,,,,,,,,66.7,33.3,0.0,66.7,H
2021-03-20,2021,Hokkaido Consadole Sapporo,Vissel Kobe,3,4,A,O,1.77,4.01,3.99,2,,,,,,,,,,,,,,,,,,,,100.0,0.0,50.0,0.0,H
2021-03-17,2021,Yokohama F. Marinos,Tokushima,1,0,H,U,1.47,4.65,5.78,3,,,,,,,,,,,,,,,,,,,,50.0,0.0,0.0,50.0,H
2021-03-17,2021,Vissel Kobe,Kawasaki Frontale,1,1,D,U,5.82,4.41,1.49,3,,,,,,,,,,,,,,,,,,,,50.0,50.0,100.0,0.0,D
2021-03-17,2021,Urawa Reds,Hokkaido Consadole Sapporo,0,0,D,U,3.46,3.58,1.99,3,,,,,,,,,,,,,,,,,,,,50.0,0.0,0.0,100.0,D
2021-03-17,2021,Sanfrecce Hiroshima,Shimizu S-Pulse,1,0,H,U,1.86,3.61,3.98,3,,,,,,,,,,,,,,,,,,,,50.0,0.0,50.0,50.0,D
2021-03-17,2021,Sagan Tosu,Kashiwa Reysol,2,0,H,U,2.85,3.19,2.49,3,,,,,,,,,,,,,,,,,,,,100.0,0.0,0.0,100.0,H
2021-03-17,2021,Nagoya Grampus,Yokohama FC,3,0,H,O,1.53,3.83,6.46,2,,,,,,,,,,,,,,,,,,,,100.0,0.0,0.0,100.0,D
2021-03-17,2021,FC Tokyo,Shonan Bellmare,3,2,H,O,1.91,3.34,4.12,3,,,,,,,,,,,,,,,,,,,,50.0,50.0,0.0,100.0,H
2021-03-17,2021,Cerezo Osaka,Oita Trinita,1,0,H,U,1.59,3.84,5.6,3,,,,,,,,,,,,,,,,,,,,100.0,0.0,100.0,0.0,D
2021-03-17,2021,Avispa Fukuoka,Kashima Antlers,1,0,H,U,5.61,3.88,1.58,3,,,,,,,,,,,,,,,,,,,,0.0,100.0,,,D
2021-03-14,2021,Yokohama F. Marinos,Urawa Reds,3,0,H,O,1.61,4.24,4.75,2,,,,,,,,,,,,,,,,,,,,0.0,0.0,0.0,100.0,H
2021-03-14,2021,Shimizu S-Pulse,Sagan Tosu,0,0,D,U,2.68,3.24,2.6,2,,,,,,,,,,,,,,,,,,,,0.0,0.0,100.0,0.0,D
2021-03-14,2021,Oita Trinita,FC Tokyo,1,1,D,U,3.57,3.25,2.08,2,,,,,,,,,,,,,,,,,,,,0.0,0.0,0.0,0.0,A
2021-03-13,2021,Yokohama FC,Cerezo Osaka,1,4,A,O,4.2,3.71,1.8,2,,,,,,,,,,,,,,,,,,,,0.0,100.0,0.0,100.0,A
2021-03-13,2021,Vissel Kobe,Nagoya Grampus,0,1,A,U,2.95,3.22,2.38,2,,,,,,,,,,,,,,,,,,,,100.0,0.0,100.0,0.0,A
2021-03-13,2021,Tokushima,Avispa Fukuoka,1,2,A,O,2.39,3.09,3.19,2,,,,,,,,,,,,,,,,,,,,0.0,0.0,0.0,0.0,H
2021-03-13,2021,Shonan Bellmare,Vegalta Sendai,3,1,H,O,2.35,3.18,3.04,2,,,,,,,,,,,,,,,,,,,,0.0,100.0,0.0,50.0,H
2021-03-13,2021,Kawasaki Frontale,Kashiwa Reysol,1,0,H,U,1.31,5.54,8.24,4,,,,,,,,,,,,,,,,,,,,100.0,0.0,0.0,100.0,D
2021-03-13,2021,Kashima Antlers,Sanfrecce Hiroshima,1,1,D,U,1.98,3.58,3.53,3,,,,,,,,,,,,,,,,,,,,50.0,50.0,0.0,0.0,A
2021-03-10,2021,Urawa Reds,Yokohama FC,2,0,H,U,1.94,3.57,3.69,2,,,,,,,,,,,,,,,,,,,,0.0,0.0,0.0,100.0,H
2021-03-10,2021,Sanfrecce Hiroshima,Hokkaido Consadole Sapporo,2,1,H,O,2.61,3.44,2.53,2,,,,,,,,,,,,,,,,,,,,0.0,0.0,0.0,100.0,H
2021-03-10,2021,Sagan Tosu,Vegalta Sendai,5,0,H,O,1.99,3.39,3.71,2,,,,,,,,,,,,,,,,,,,,100.0,0.0,0.0,0.0,H
2021-03-10,2021,Kawasaki Frontale,Tokushima,2,0,H,U,1.2,6.67,12.08,3,,,,,,,,,,,,,,,,,,,,100.0,0.0,0.0,0.0,H
2021-03-10,2021,Kashiwa Reysol,Nagoya Grampus,0,1,A,U,2.83,3.26,2.45,2,,,,,,,,,,,,,,,,,,,,100.0,0.0,100.0,0.0,D
2021-03-10,2021,Kashima Antlers,Shonan Bellmare,3,1,H,O,1.38,4.62,7.84,2,,,,,,,,,,,,,,,,,,,,0.0,100.0,0.0,100.0,H
2021-03-10,2021,FC Tokyo,Vissel Kobe,2,3,A,O,2.12,3.45,3.24,2,,,,,,,,,,,,,,,,,,,,100.0,0.0,0.0,0.0,A
2021-03-10,2021,Cerezo Osaka,Shimizu S-Pulse,2,1,H,O,2.1,3.5,3.38,2,,,,,,,,,,,,,,,,,,,,100.0,0.0,100.0,0.0,D
2021-03-10,2021,Avispa Fukuoka,Yokohama F. Marinos,1,3,A,O,4.26,3.95,1.72,2,,,,,,,,,,,,,,,,,,,,0.0,100.0,0.0,100.0,A
2021-03-07,2021,Yokohama F. Marinos,Sanfrecce Hiroshima,3,3,D,O,2.21,3.6,2.98,1,,,,,,,,,,,,,,,,,,,,,,,,A
2021-03-06,2021,Yokohama FC,Oita Trinita,1,2,A,O,2.55,3.21,2.75,1,,,,,,,,,,,,,,,,,,,,,,,,A
2021-03-06,2021,Vegalta Sendai,Kawasaki Frontale,1,5,A,O,6.12,4.64,1.45,1,,,,,,,,,,,,,,,,,,,,,,,,A
2021-03-06,2021,Tokushima,Vissel Kobe,1,1,D,U,3.07,3.41,2.23,1,,,,,,,,,,,,,,,,,,,,,,,,D
2021-03-06,2021,Shimizu S-Pulse,Avispa Fukuoka,2,2,D,O,1.91,3.56,3.85,1,,,,,,,,,,,,,,,,,,,,,,,,H
2021-03-06,2021,Sagan Tosu,Urawa Reds,2,0,H,U,2.36,3.25,2.98,1,,,,,,,,,,,,,,,,,,,,,,,,D
2021-03-06,2021,Nagoya Grampus,Hokkaido Consadole Sapporo,1,0,H,U,2.47,3.39,2.72,1,,,,,,,,,,,,,,,,,,,,,,,,
2021-03-06,2021,Kashiwa Reysol,Shonan Bellmare,2,1,H,O,1.79,3.65,4.24,1,,,,,,,,,,,,,,,,,,,,,,,,D
2021-03-06,2021,FC Tokyo,Cerezo Osaka,3,2,H,O,2.2,3.28,3.25,1,,,,,,,,,,,,,,,,,,,,,,0.0,100.0,A
2021-03-03,2021,Kawasaki Frontale,Cerezo Osaka,3,2,H,O,1.44,4.55,6.31,2,,,,,,,,,,,,,,,,,,,,100.0,0.0,,,A
2021-02-28,2021,Avispa Fukuoka,Nagoya Grampus,1,2,A,O,4.04,3.35,1.91,1,,,,,,,,,,,,,,,,,,,,,,,,A
2021-02-27,2021,Vissel Kobe,Gamba Osaka,1,0,H,U,2.41,3.46,2.74,1,,,,,,,,,,,,,,,,,,,,,,,,D
2021-02-27,2021,Urawa Reds,FC Tokyo,1,1,D,U,3.23,3.41,2.15,1,,,,,,,,,,,,,,,,,,,,,,,,D
2021-02-27,2021,Shonan Bellmare,Sagan Tosu,0,1,A,U,3.14,3.08,2.35,1,,,,,,,,,,,,,,,,,,,,,,,,D
2021-02-27,2021,Sanfrecce Hiroshima,Vegalta Sendai,1,1,D,U,1.54,4.13,5.61,1,,,,,,,,,,,,,,,,,,,,,,,,H
2021-02-27,2021,Oita Trinita,Tokushima,1,1,D,U,2.55,2.96,2.96,1,,,,,,,,,,,,,,,,,,,,,,,,A
2021-02-27,2021,Kashima Antlers,Shimizu S-Pulse,1,3,A,O,1.61,4.1,4.88,1,,,,,,,,,,,,,,,,,,,,,,,,D
2021-02-27,2021,Hokkaido Consadole Sapporo,Yokohama FC,5,1,H,O,1.62,4.1,4.83,1,,,,,,,,,,,,,,,,,,,,,,,,H
2021-02-27,2021,Cerezo Osaka,Kashiwa Reysol,2,0,H,U,2.42,3.4,2.76,1,,,,,,,,,,,,,,,,,,,,,,,,H
2021-02-26,2021,Kawasaki Frontale,Yokohama F. Marinos,2,0,H,U,1.44,4.98,5.7,1,,,,,,,,,,,,,,,,,,,,,,,,H
2020-12-19,2020,Yokohama FC,Yokohama F. Marinos,3,1,H,O,3.25,4.02,1.96,17,1.0,1.0,2.0,3.0,4.0,6.0,-2.0,7.0,7.0,0.0,-3.0,-1.0,-2.0,0.0,1.0,-1.0,2.0,2.0,0.0,31.2,56.2,31.2,50.0,H
2020-12-19,2020,Vegalta Sendai,Shonan Bellmare,0,0,D,U,2.21,3.54,2.99,17,0.0,1.0,3.0,1.0,3.0,4.0,-1.0,10.0,4.0,6.0,-7.0,0.0,-7.0,0.0,1.0,-1.0,3.0,1.0,2.0,0.0,62.5,12.5,62.5,D
2020-12-19,2020,Urawa Reds,Hokkaido Consadole Sapporo,0,2,A,U,2.83,3.74,2.24,17,2.0,1.0,1.0,1.0,10.0,5.0,5.0,3.0,4.0,-1.0,7.0,1.0,6.0,2.0,1.0,1.0,0.0,0.0,0.0,31.2,43.8,25.0,50.0,D
2020-12-19,2020,Sagan Tosu,Oita Trinita,2,2,D,O,2.38,3.13,3.05,17,0.0,2.0,1.0,0.0,3.0,6.0,-3.0,4.0,4.0,0.0,-1.0,2.0,-3.0,0.0,0.0,0.0,0.0,0.0,0.0,18.8,43.8,37.5,37.5,A
2020-12-19,2020,Nagoya Grampus,Sanfrecce Hiroshima,1,0,H,U,2.0,3.28,3.79,17,2.0,1.0,0.0,1.0,4.0,2.0,2.0,1.0,2.0,-1.0,3.0,0.0,3.0,1.0,0.0,1.0,0.0,0.0,0.0,68.8,12.5,37.5,37.5,D
2020-12-19,2020,Kashiwa Reysol,Kawasaki Frontale,2,3,A,O,4.52,4.36,1.62,17,0.0,0.0,2.0,1.0,2.0,4.0,-2.0,4.0,5.0,-1.0,-2.0,-1.0,-1.0,0.0,0.0,0.0,0.0,0.0,0.0,31.2,43.8,62.5,12.5,H
2020-12-19,2020,Kashima Antlers,Cerezo Osaka,1,1,D,U,1.82,3.87,3.89,17,2.0,2.0,1.0,2.0,8.0,6.0,2.0,5.0,7.0,-2.0,3.0,-1.0,4.0,2.0,1.0,1.0,1.0,2.0,-1.0,50.0,25.0,62.5,31.2,D
2020-12-19,2020,Gamba Osaka,Shimizu S-Pulse,0,2,A,U,1.95,3.83,3.4,17,2.0,1.0,1.0,2.0,4.0,4.0,0.0,6.0,8.0,-2.0,-2.0,-4.0,2.0,0.0,1.0,-1.0,1.0,2.0,-1.0,50.0,37.5,12.5,62.5,D
2020-12-19,2020,FC Tokyo,Vissel Kobe,1,0,H,U,1.95,3.59,3.61,17,2.0,1.0,2.0,3.0,3.0,5.0,-2.0,7.0,8.0,-1.0,-4.0,-3.0,-1.0,0.0,0.0,0.0,2.0,1.0,1.0,56.2,43.8,31.2,43.8,D
2020-12-16,2020,Yokohama FC,Gamba Osaka,0,2,A,U,3.29,3.47,2.1,16,1.0,2.0,2.0,1.0,6.0,5.0,1.0,8.0,8.0,0.0,-2.0,-3.0,1.0,0.0,0.0,0.0,1.0,1.0,0.0,33.3,53.3,68.8,12.5,A
2020-12-16,2020,Shonan Bellmare,Oita Trinita,1,2,A,O,3.14,3.04,2.38,17,2.0,1.0,1.0,0.0,4.0,5.0,-1.0,3.0,4.0,-1.0,1.0,1.0,0.0,0.0,0.0,0.0,0.0,0.0,0.0,25.0,50.0,33.3,40.0,D
2020-12-16,2020,Shimizu S-Pulse,Vegalta Sendai,2,3,A,O,1.95,3.8,3.4,17,2.0,3.0,0.0,1.0,9.0,7.0,2.0,5.0,1.0,4.0,4.0,6.0,-2.0,2.0,2.0,0.0,0.0,0.0,0.0,25.0,56.2,31.2,50.0,A
2020-12-16,2020,Sanfrecce Hiroshima,Kashiwa Reysol,0,1,A,U,2.01,3.57,3.43,17,1.0,3.0,0.0,0.0,6.0,9.0,-3.0,4.0,2.0,2.0,2.0,7.0,-5.0,1.0,3.0,-2.0,0.0,0.0,0.0,43.8,25.0,56.2,25.0,A
2020-12-16,2020,Kawasaki Frontale,Urawa Reds,3,1,H,O,1.3,5.77,8.17,17,3.0,1.0,1.0,2.0,10.0,4.0,6.0,4.0,11.0,-7.0,6.0,-7.0,13.0,2.0,0.0,2.0,1.0,2.0,-1.0,87.5,6.2,50.0,31.2,A
2020-12-16,2020,Cerezo Osaka,Sagan Tosu,1,2,A,O,1.86,3.36,4.32,17,1.0,1.0,1.0,0.0,2.0,5.0,-3.0,2.0,4.0,-2.0,0.0,1.0,-1.0,0.0,0.0,0.0,0.0,0.0,0.0,50.0,25.0,18.8,31.2,D
2020-12-12,2020,Urawa Reds,Shonan Bellmare,0,0,D,U,1.76,3.93,4.09,16,2.0,1.0,2.0,1.0,10.0,6.0,4.0,4.0,6.0,-2.0,6.0,0.0,6.0,2.0,1.0,1.0,0.0,1.0,-1.0,33.3,46.7,13.3,66.7,D
2020-12-12,2020,Sagan Tosu,Kawasaki Frontale,1,1,D,U,5.49,4.29,1.53,16,0.0,1.0,2.0,1.0,2.0,5.0,-3.0,5.0,4.0,1.0,-3.0,1.0,-4.0,0.0,1.0,-1.0,1.0,0.0,1.0,20.0,46.7,66.7,13.3,D
2020-12-12,2020,Oita Trinita,Hokkaido Consadole Sapporo,1,1,D,U,2.81,3.4,2.39,17,1.0,1.0,2.0,2.0,1.0,5.0,-4.0,3.0,5.0,-2.0,-2.0,0.0,-2.0,0.0,1.0,-1.0,1.0,0.0,1.0,31.2,43.8,26.7,53.3,H
2020-12-12,2020,Nagoya Grampus,Yokohama FC,0,0,D,U,1.59,3.8,5.61,16,3.0,0.0,0.0,3.0,5.0,1.0,4.0,1.0,6.0,-5.0,4.0,-5.0,9.0,1.0,0.0,1.0,0.0,1.0,-1.0,73.3,13.3,18.8,62.5,D
2020-12-12,2020,Kashima Antlers,Shimizu S-Pulse,2,0,H,U,1.44,4.92,5.74,16,1.0,1.0,2.0,2.0,6.0,5.0,1.0,7.0,9.0,-2.0,-1.0,-4.0,3.0,1.0,1.0,0.0,2.0,2.0,0.0,46.7,26.7,13.3,60.0,H
2020-12-12,2020,FC Tokyo,Sanfrecce Hiroshima,1,0,H,U,3.88,3.38,1.93,16,2.0,1.0,2.0,1.0,5.0,2.0,3.0,8.0,2.0,6.0,-3.0,0.0,-3.0,1.0,0.0,1.0,2.0,0.0,2.0,53.3,46.7,40.0,33.3,D
2020-12-12,2020,Cerezo Osaka,Kashiwa Reysol,0,0,D,U,1.98,3.65,3.47,16,2.0,3.0,1.0,1.0,6.0,10.0,-4.0,3.0,4.0,-1.0,3.0,6.0,-3.0,1.0,3.0,-2.0,0.0,0.0,0.0,53.3,26.7,60.0,26.7,D
2020-12-09,2020,Kashiwa Reysol,Oita Trinita,1,1,D,U,2.01,3.46,3.55,16,0.0,1.0,2.0,1.0,2.0,4.0,-2.0,4.0,7.0,-3.0,-2.0,-3.0,1.0,0.0,0.0,0.0,0.0,1.0,-1.0,33.3,46.7,35.7,42.9,D
2020-12-06,2020,Shonan Bellmare,Gamba Osaka,1,2,A,O,4.0,3.77,1.81,16,2.0,2.0,0.0,1.0,3.0,4.0,-1.0,1.0,7.0,-6.0,2.0,-3.0,5.0,0.0,0.0,0.0,0.0,1.0,-1.0,26.7,46.7,66.7,13.3,D
2020-12-06,2020,Oita Trinita,Vegalta Sendai,0,2,A,U,1.69,3.81,4.67,16,1.0,2.0,2.0,2.0,1.0,5.0,-4.0,2.0,7.0,-5.0,-1.0,-2.0,1.0,0.0,1.0,-1.0,0.0,1.0,-1.0,33.3,40.0,26.7,53.3,A
2020-12-05,2020,Yokohama FC,Sagan Tosu,1,1,D,U,2.99,3.28,2.34,15,2.0,2.0,2.0,0.0,6.0,7.0,-1.0,7.0,3.0,4.0,-1.0,4.0,-5.0,0.0,1.0,-1.0,1.0,0.0,1.0,35.7,57.1,20.0,33.3,H
2020-12-05,2020,Shimizu S-Pulse,Kawasaki Frontale,2,2,D,O,5.86,4.9,1.44,16,2.0,2.0,0.0,1.0,8.0,6.0,2.0,4.0,3.0,1.0,4.0,3.0,1.0,2.0,2.0,0.0,0.0,0.0,0.0,26.7,60.0,71.4,14.3,H
2020-12-05,2020,Kashiwa Reysol,Nagoya Grampus,0,1,A,U,2.73,3.39,2.46,15,1.0,1.0,1.0,2.0,6.0,3.0,3.0,6.0,4.0,2.0,0.0,-1.0,1.0,0.0,1.0,-1.0,0.0,1.0,-1.0,35.7,42.9,37.5,43.8,D
2020-12-05,2020,Hokkaido Consadole Sapporo,Cerezo Osaka,1,3,A,O,2.5,3.49,2.62,17,3.0,1.0,0.0,3.0,10.0,3.0,7.0,2.0,7.0,-5.0,8.0,-4.0,12.0,2.0,0.0,2.0,0.0,2.0,-2.0,31.2,37.5,60.0,33.3,A
2020-12-01,2020,Vegalta Sendai,Kashiwa Reysol,0,2,A,U,4.56,4.28,1.62,16,0.0,2.0,2.0,2.0,3.0,10.0,-7.0,8.0,7.0,1.0,-5.0,3.0,-8.0,0.0,2.0,-2.0,2.0,0.0,2.0,0.0,60.0,57.1,28.6,A
2020-11-29,2020,Shimizu S-Pulse,Shonan Bellmare,1,1,D,U,1.72,3.98,4.26,15,2.0,1.0,1.0,2.0,9.0,5.0,4.0,6.0,6.0,0.0,3.0,-1.0,4.0,2.0,1.0,1.0,0.0,1.0,-1.0,28.6,64.3,14.3,71.4,D
2020-11-29,2020,Kashima Antlers,Urawa Reds,4,0,H,O,1.67,4.12,4.29,15,1.0,1.0,2.0,1.0,3.0,4.0,-1.0,7.0,7.0,0.0,-4.0,-3.0,-1.0,0.0,0.0,0.0,2.0,1.0,1.0,42.9,28.6,53.3,26.7,H
2020-11-29,2020,Gamba Osaka,Sagan Tosu,1,1,D,U,2.24,3.42,3.04,16,3.0,2.0,1.0,0.0,5.0,6.0,-1.0,6.0,2.0,4.0,-1.0,4.0,-5.0,0.0,1.0,-1.0,1.0,0.0,1.0,53.3,40.0,21.4,35.7,A
2020-11-29,2020,Cerezo Osaka,Yokohama FC,1,0,H,U,1.63,3.87,5.09,15,2.0,0.0,1.0,2.0,6.0,1.0,5.0,3.0,5.0,-2.0,3.0,-4.0,7.0,1.0,0.0,1.0,0.0,1.0,-1.0,50.0,28.6,20.0,60.0,D
2020-11-28,2020,Sanfrecce Hiroshima,Hokkaido Consadole Sapporo,2,2,D,O,1.81,3.83,3.93,16,2.0,1.0,0.0,3.0,7.0,3.0,4.0,3.0,6.0,-3.0,4.0,-3.0,7.0,2.0,1.0,1.0,0.0,1.0,-1.0,46.7,26.7,28.6,57.1,A
2020-11-28,2020,Nagoya Grampus,Oita Trinita,0,0,D,U,1.77,3.48,4.61,15,4.0,2.0,0.0,1.0,8.0,6.0,2.0,1.0,7.0,-6.0,7.0,-1.0,8.0,2.0,1.0,1.0,0.0,1.0,-1.0,78.6,14.3,38.5,46.2,D
2020-11-25,2020,Yokohama FC,Shimizu S-Pulse,1,3,A,O,2.62,3.65,2.42,14,2.0,0.0,2.0,3.0,5.0,3.0,2.0,7.0,10.0,-3.0,-2.0,-7.0,5.0,0.0,0.0,0.0,1.0,2.0,-1.0,38.5,53.8,7.1,64.3,A
2020-11-25,2020,Shonan Bellmare,Sanfrecce Hiroshima,1,1,D,U,3.4,3.3,2.11,15,3.0,2.0,0.0,1.0,5.0,4.0,1.0,2.0,3.0,-1.0,3.0,1.0,2.0,0.0,0.0,0.0,0.0,0.0,0.0,28.6,50.0,42.9,35.7,H
2020-11-25,2020,Sagan Tosu,Vegalta Sendai,0,1,A,U,1.69,3.78,4.71,15,0.0,1.0,2.0,3.0,2.0,4.0,-2.0,5.0,8.0,-3.0,-3.0,-4.0,1.0,0.0,1.0,-1.0,1.0,1.0,0.0,21.4,42.9,21.4,57.1,D
2020-11-25,2020,Oita Trinita,Cerezo Osaka,0,1,A,U,2.93,3.03,2.52,15,2.0,1.0,1.0,3.0,3.0,5.0,-2.0,2.0,9.0,-7.0,1.0,-4.0,5.0,0.0,0.0,0.0,0.0,2.0,-2.0,35.7,35.7,57.1,35.7,A
2020-11-25,2020,Kawasaki Frontale,Gamba Osaka,5,0,H,O,1.37,5.19,6.75,16,3.0,3.0,1.0,0.0,8.0,5.0,3.0,4.0,2.0,2.0,4.0,3.0,1.0,2.0,0.0,2.0,1.0,0.0,1.0,86.7,6.7,71.4,7.1,H
2020-11-25,2020,Kashima Antlers,Kashiwa Reysol,1,4,A,O,1.73,4.18,3.95,14,2.0,2.0,1.0,2.0,5.0,9.0,-4.0,5.0,6.0,-1.0,0.0,3.0,-3.0,0.0,2.0,-2.0,1.0,0.0,1.0,46.2,23.1,53.8,30.8,A
2020-11-22,2020,Urawa Reds,Gamba Osaka,1,2,A,O,2.33,3.67,2.73,15,2.0,3.0,2.0,0.0,9.0,5.0,4.0,3.0,2.0,1.0,6.0,3.0,3.0,2.0,0.0,2.0,0.0,0.0,0.0,35.7,42.9,69.2,7.7,D
2020-11-21,2020,Vegalta Sendai,Kashima Antlers,1,3,A,O,5.51,4.43,1.51,15,0.0,3.0,2.0,1.0,4.0,8.0,-4.0,8.0,4.0,4.0,-4.0,4.0,-8.0,0.0,2.0,-2.0,1.0,0.0,1.0,0.0,57.1,56.2,43.8,D
2020-11-21,2020,Oita Trinita,Kawasaki Frontale,1,0,H,U,5.58,4.16,1.54,14,1.0,3.0,2.0,0.0,2.0,7.0,-5.0,4.0,2.0,2.0,-2.0,5.0,-7.0,0.0,2.0,-2.0,1.0,0.0,1.0,30.8,38.5,76.9,7.7,H
2020-11-21,2020,Nagoya Grampus,Shonan Bellmare,3,1,H,O,1.55,3.91,5.99,14,4.0,1.0,0.0,2.0,6.0,5.0,1.0,0.0,5.0,-5.0,6.0,0.0,6.0,1.0,1.0,0.0,0.0,0.0,0.0,76.9,15.4,15.4,69.2,D
2020-11-21,2020,Kashiwa Reysol,Sagan Tosu,1,2,A,O,1.92,3.65,3.62,14,1.0,1.0,1.0,0.0,6.0,5.0,1.0,7.0,2.0,5.0,-1.0,3.0,-4.0,0.0,1.0,-1.0,1.0,0.0,1.0,38.5,38.5,15.4,38.5,D
2020-11-21,2020,Hokkaido Consadole Sapporo,Shimizu S-Pulse,5,1,H,O,1.85,3.98,3.61,16,3.0,0.0,0.0,3.0,7.0,3.0,4.0,2.0,8.0,-6.0,5.0,-5.0,10.0,1.0,0.0,1.0,0.0,2.0,-2.0,26.7,40.0,7.7,61.5,H
2020-11-21,2020,Cerezo Osaka,Sanfrecce Hiroshima,0,1,A,U,3.12,3.28,2.25,14,2.0,2.0,1.0,1.0,7.0,5.0,2.0,5.0,3.0,2.0,2.0,2.0,0.0,1.0,1.0,0.0,1.0,0.0,1.0,53.8,23.1,38.5,38.5,A
2020-11-18,2020,Vissel Kobe,Urawa Reds,0,1,A,U,2.66,3.69,2.37,17,1.0,0.0,2.0,1.0,3.0,4.0,-1.0,6.0,8.0,-2.0,-3.0,-4.0,1.0,0.0,0.0,0.0,2.0,1.0,1.0,25.0,43.8,50.0,28.6,D
2020-11-18,2020,Vegalta Sendai,FC Tokyo,2,2,D,O,3.85,3.6,1.88,14,0.0,1.0,2.0,3.0,2.0,2.0,0.0,6.0,4.0,2.0,-4.0,-2.0,-2.0,0.0,0.0,0.0,1.0,0.0,1.0,0.0,61.5,43.8,25.0,A
2020-11-18,2020,Kawasaki Frontale,Yokohama F. Marinos,3,1,H,O,1.71,4.49,3.82,15,3.0,1.0,1.0,3.0,6.0,6.0,0.0,3.0,8.0,-5.0,3.0,-2.0,5.0,1.0,1.0,0.0,1.0,2.0,-1.0,85.7,7.1,33.3,46.7,D
2020-11-15,2020,Vissel Kobe,Shonan Bellmare,0,2,A,U,1.6,4.06,5.02,16,2.0,0.0,1.0,3.0,7.0,3.0,4.0,4.0,6.0,-2.0,3.0,-3.0,6.0,1.0,0.0,1.0,1.0,0.0,1.0,26.7,40.0,8.3,75.0,D
2020-11-15,2020,Nagoya Grampus,FC Tokyo,1,0,H,U,2.64,3.04,2.77,13,4.0,2.0,0.0,2.0,8.0,3.0,5.0,1.0,3.0,-2.0,7.0,0.0,7.0,2.0,0.0,2.0,0.0,0.0,0.0,75.0,16.7,46.7,20.0,D
2020-11-14,2020,Yokohama F. Marinos,Urawa Reds,6,2,H,O,2.28,4.03,2.65,17,2.0,1.0,2.0,0.0,10.0,3.0,7.0,7.0,2.0,5.0,3.0,1.0,2.0,1.0,0.0,1.0,0.0,0.0,0.0,50.0,37.5,53.8,23.1,H
2020-11-14,2020,Shimizu S-Pulse,Cerezo Osaka,3,1,H,O,3.01,3.64,2.17,14,1.0,1.0,2.0,3.0,7.0,4.0,3.0,7.0,8.0,-1.0,0.0,-4.0,4.0,1.0,0.0,1.0,0.0,2.0,-2.0,23.1,69.2,61.5,30.8,D
2020-11-14,2020,Sanfrecce Hiroshima,Yokohama FC,1,1,D,U,1.49,4.35,5.97,15,3.0,0.0,0.0,3.0,8.0,2.0,6.0,3.0,7.0,-4.0,5.0,-5.0,10.0,2.0,0.0,2.0,0.0,1.0,-1.0,50.0,28.6,21.4,64.3,D
2020-11-14,2020,Kashima Antlers,Kawasaki Frontale,1,1,D,U,3.5,3.9,1.9,13,2.0,4.0,2.0,0.0,4.0,9.0,-5.0,6.0,1.0,5.0,-2.0,8.0,-10.0,0.0,3.0,-3.0,2.0,0.0,2.0,50.0,25.0,83.3,8.3,A
2020-11-14,2020,Hokkaido Consadole Sapporo,Sagan Tosu,1,1,D,U,1.88,3.65,3.83,15,3.0,1.0,0.0,1.0,9.0,4.0,5.0,4.0,4.0,0.0,5.0,0.0,5.0,1.0,1.0,0.0,0.0,1.0,-1.0,28.6,42.9,16.7,41.7,D
2020-11-14,2020,Gamba Osaka,Vegalta Sendai,0,4,A,O,1.55,4.3,5.2,15,3.0,0.0,0.0,3.0,6.0,3.0,3.0,3.0,11.0,-8.0,3.0,-8.0,11.0,0.0,0.0,0.0,0.0,1.0,-1.0,57.1,35.7,15.4,61.5,A
2020-11-11,2020,Shonan Bellmare,Yokohama F. Marinos,1,0,H,U,5.74,4.96,1.44,14,2.0,1.0,1.0,2.0,4.0,7.0,-3.0,3.0,8.0,-5.0,1.0,-1.0,2.0,0.0,1.0,-1.0,0.0,2.0,-2.0,23.1,53.8,35.7,42.9,D
2020-11-11,2020,Sanfrecce Hiroshima,Nagoya Grampus,2,0,H,U,2.26,3.18,3.19,14,2.0,1.0,1.0,2.0,6.0,3.0,3.0,5.0,5.0,0.0,1.0,-2.0,3.0,1.0,1.0,0.0,1.0,1.0,0.0,46.2,30.8,40.0,40.0,H
2020-11-11,2020,Gamba Osaka,Vissel Kobe,1,0,H,U,1.76,4.08,3.9,14,3.0,1.0,0.0,3.0,7.0,6.0,1.0,3.0,9.0,-6.0,4.0,-3.0,7.0,1.0,0.0,1.0,0.0,1.0,-1.0,53.8,38.5,33.3,40.0,H
2020-11-11,2020,FC Tokyo,Hokkaido Consadole Sapporo,1,0,H,U,2.07,3.62,3.23,15,1.0,1.0,3.0,3.0,4.0,3.0,1.0,9.0,9.0,0.0,-5.0,-6.0,1.0,1.0,1.0,0.0,2.0,2.0,0.0,50.0,50.0,30.8,53.8,H
2020-11-08,2020,Yokohama FC,Vissel Kobe,2,1,H,O,2.98,3.78,2.14,13,2.0,1.0,2.0,3.0,6.0,8.0,-2.0,8.0,11.0,-3.0,-2.0,-3.0,1.0,0.0,0.0,0.0,1.0,1.0,0.0,33.3,58.3,35.7,35.7,D
2020-11-08,2020,Vegalta Sendai,Sagan Tosu,0,3,A,O,2.87,3.28,2.41,13,0.0,0.0,2.0,1.0,4.0,2.0,2.0,6.0,5.0,1.0,-2.0,-3.0,1.0,0.0,0.0,0.0,0.0,1.0,-1.0,0.0,58.3,9.1,45.5,A
2020-11-03,2020,Yokohama FC,Oita Trinita,2,3,A,O,2.89,3.18,2.45,12,2.0,2.0,2.0,1.0,5.0,6.0,-1.0,7.0,7.0,0.0,-2.0,-1.0,-1.0,0.0,1.0,-1.0,1.0,1.0,0.0,36.4,54.5,33.3,50.0,H
2020-11-03,2020,Yokohama F. Marinos,Kashima Antlers,2,3,A,O,2.18,3.99,2.8,16,2.0,2.0,1.0,2.0,9.0,5.0,4.0,5.0,4.0,1.0,4.0,1.0,3.0,1.0,2.0,-1.0,0.0,1.0,-1.0,53.3,33.3,53.3,46.7,H
2020-11-03,2020,Shimizu S-Pulse,Vissel Kobe,3,1,H,O,3.19,4.05,1.98,13,0.0,2.0,3.0,2.0,5.0,10.0,-5.0,8.0,10.0,-2.0,-3.0,0.0,-3.0,0.0,0.0,0.0,0.0,0.0,0.0,16.7,75.0,38.5,30.8,A
2020-11-03,2020,Sanfrecce Hiroshima,Urawa Reds,1,1,D,U,1.87,3.71,3.77,13,3.0,2.0,1.0,0.0,8.0,4.0,4.0,4.0,2.0,2.0,4.0,2.0,2.0,2.0,0.0,2.0,1.0,0.0,1.0,50.0,33.3,58.3,25.0,A
2020-11-03,2020,Sagan Tosu,Nagoya Grampus,0,0,D,U,3.64,3.41,2.0,14,0.0,2.0,3.0,2.0,3.0,4.0,-1.0,7.0,5.0,2.0,-4.0,-1.0,-3.0,0.0,1.0,-1.0,1.0,1.0,0.0,23.1,46.2,42.9,42.9,D
2020-11-03,2020,Kawasaki Frontale,Hokkaido Consadole Sapporo,0,2,A,U,1.35,5.43,6.86,14,4.0,1.0,0.0,3.0,9.0,3.0,6.0,3.0,9.0,-6.0,6.0,-6.0,12.0,1.0,1.0,0.0,0.0,2.0,-2.0,92.3,0.0,25.0,58.3,D
2020-11-03,2020,Cerezo Osaka,Gamba Osaka,1,1,D,U,2.22,3.52,3.0,13,2.0,4.0,2.0,0.0,7.0,6.0,1.0,6.0,2.0,4.0,1.0,4.0,-3.0,1.0,0.0,1.0,1.0,0.0,1.0,58.3,25.0,75.0,8.3,D
2020-10-31,2020,Vegalta Sendai,Sanfrecce Hiroshima,0,0,D,U,4.45,4.0,1.69,12,0.0,2.0,3.0,1.0,4.0,6.0,-2.0,9.0,4.0,5.0,-5.0,2.0,-7.0,0.0,1.0,-1.0,1.0,0.0,1.0,0.0,63.6,41.7,41.7,D
2020-10-31,2020,Shonan Bellmare,Yokohama FC,1,0,H,U,2.63,3.32,2.6,13,1.0,1.0,2.0,2.0,3.0,4.0,-1.0,4.0,6.0,-2.0,-1.0,-2.0,1.0,0.0,1.0,-1.0,0.0,1.0,-1.0,16.7,58.3,23.1,61.5,D
2020-10-31,2020,Oita Trinita,Urawa Reds,0,0,D,U,2.85,3.36,2.39,13,2.0,3.0,2.0,0.0,3.0,8.0,-5.0,4.0,5.0,-1.0,-1.0,3.0,-4.0,0.0,0.0,0.0,1.0,0.0,1.0,33.3,41.7,63.6,27.3,D
2020-10-31,2020,Kawasaki Frontale,FC Tokyo,2,1,H,O,1.66,4.03,4.66,13,4.0,2.0,0.0,2.0,12.0,2.0,10.0,3.0,4.0,-1.0,9.0,-2.0,11.0,2.0,0.0,2.0,0.0,1.0,-1.0,91.7,0.0,50.0,14.3,H
2020-10-31,2020,Kashiwa Reysol,Shimizu S-Pulse,0,0,D,U,1.6,4.4,4.64,13,1.0,1.0,1.0,3.0,7.0,6.0,1.0,8.0,8.0,0.0,-1.0,-2.0,1.0,0.0,1.0,-1.0,1.0,2.0,-1.0,41.7,41.7,8.3,66.7,D
2020-10-31,2020,Kashima Antlers,Nagoya Grampus,0,2,A,U,1.99,3.47,3.61,12,3.0,1.0,1.0,3.0,5.0,2.0,3.0,4.0,6.0,-2.0,1.0,-4.0,5.0,0.0,0.0,0.0,1.0,1.0,0.0,54.5,18.2,38.5,46.2,A
2020-10-31,2020,Gamba Osaka,Hokkaido Consadole Sapporo,2,1,H,O,2.36,3.68,2.7,13,3.0,1.0,0.0,3.0,7.0,2.0,5.0,3.0,9.0,-6.0,4.0,-7.0,11.0,1.0,1.0,0.0,0.0,3.0,-3.0,50.0,41.7,27.3,54.5,D
2020-10-28,2020,Vegalta Sendai,Vissel Kobe,2,3,A,O,3.48,4.0,1.89,11,0.0,1.0,3.0,3.0,3.0,8.0,-5.0,10.0,10.0,0.0,-7.0,-2.0,-5.0,0.0,0.0,0.0,2.0,0.0,2.0,0.0,60.0,33.3,33.3,D
2020-10-28,2020,Sanfrecce Hiroshima,Yokohama F. Marinos,3,1,H,O,2.28,3.86,2.7,12,2.0,2.0,2.0,1.0,6.0,9.0,-3.0,5.0,6.0,-1.0,1.0,3.0,-2.0,1.0,2.0,-1.0,1.0,1.0,0.0,45.5,36.4,38.5,38.5,H
2020-10-28,2020,FC Tokyo,Kashiwa Reysol,1,3,A,O,2.57,3.55,2.53,14,2.0,2.0,2.0,2.0,5.0,7.0,-2.0,6.0,5.0,1.0,-1.0,2.0,-3.0,2.0,1.0,1.0,1.0,0.0,1.0,53.8,46.2,50.0,33.3,A
2020-10-25,2020,Sagan Tosu,Shonan Bellmare,2,2,D,O,1.98,3.33,3.83,13,1.0,1.0,3.0,3.0,4.0,2.0,2.0,5.0,4.0,1.0,-1.0,-2.0,1.0,1.0,0.0,1.0,1.0,0.0,1.0,25.0,50.0,9.1,81.8,A
2020-10-24,2020,Urawa Reds,Cerezo Osaka,3,1,H,O,2.71,3.38,2.48,14,1.0,2.0,3.0,2.0,6.0,4.0,2.0,4.0,5.0,-1.0,2.0,-1.0,3.0,1.0,0.0,1.0,1.0,1.0,0.0,30.8,46.2,66.7,25.0,H
2020-10-24,2020,Nagoya Grampus,Vegalta Sendai,1,0,H,U,1.5,4.38,5.74,12,4.0,0.0,0.0,3.0,9.0,4.0,5.0,2.0,13.0,-11.0,7.0,-9.0,16.0,2.0,0.0,2.0,0.0,2.0,-2.0,72.7,18.2,16.7,58.3,D
2020-10-24,2020,Kashima Antlers,Sanfrecce Hiroshima,1,0,H,U,2.18,3.62,3.03,11,3.0,2.0,1.0,1.0,6.0,7.0,-1.0,5.0,8.0,-3.0,1.0,-1.0,2.0,0.0,1.0,-1.0,1.0,1.0,0.0,50.0,20.0,45.5,36.4,D
2020-10-24,2020,Hokkaido Consadole Sapporo,Yokohama FC,3,0,H,O,1.85,3.75,3.82,14,2.0,1.0,1.0,2.0,6.0,6.0,0.0,5.0,6.0,-1.0,1.0,0.0,1.0,0.0,1.0,-1.0,0.0,0.0,0.0,23.1,46.2,25.0,58.3,H
2020-10-24,2020,Gamba Osaka,Kashiwa Reysol,2,1,H,O,2.67,3.77,2.33,12,2.0,2.0,1.0,2.0,5.0,7.0,-2.0,3.0,5.0,-2.0,2.0,2.0,0.0,1.0,1.0,0.0,0.0,0.0,0.0,45.5,45.5,54.5,27.3,D
2020-10-24,2020,FC Tokyo,Yokohama F. Marinos,0,4,A,O,2.51,3.67,2.52,13,3.0,2.0,1.0,1.0,6.0,8.0,-2.0,2.0,7.0,-5.0,4.0,1.0,3.0,2.0,2.0,0.0,0.0,1.0,-1.0,58.3,41.7,33.3,41.7,D
2020-10-21,2020,Yokohama F. Marinos,Nagoya Grampus,2,1,H,O,2.43,3.7,2.59,15,2.0,1.0,1.0,3.0,10.0,2.0,8.0,5.0,6.0,-1.0,5.0,-4.0,9.0,2.0,0.0,2.0,0.0,1.0,-1.0,50.0,35.7,41.7,41.7,H
2020-10-21,2020,Vissel Kobe,Kashima Antlers,1,3,A,O,3.06,3.91,2.06,15,3.0,2.0,0.0,2.0,10.0,4.0,6.0,4.0,4.0,0.0,6.0,0.0,6.0,1.0,1.0,0.0,0.0,1.0,-1.0,28.6,35.7,50.0,50.0,A
2020-10-21,2020,Shonan Bellmare,Sagan Tosu,0,0,D,U,2.83,3.21,2.49,12,1.0,0.0,3.0,2.0,3.0,5.0,-2.0,7.0,9.0,-2.0,-4.0,-4.0,0.0,0.0,0.0,0.0,1.0,1.0,0.0,18.2,63.6,10.0,50.0,D
2020-10-18,2020,Yokohama FC,FC Tokyo,1,0,H,U,3.73,3.65,1.9,11,2.0,2.0,2.0,1.0,5.0,4.0,1.0,7.0,5.0,2.0,-2.0,-1.0,-1.0,0.0,0.0,0.0,1.0,1.0,0.0,30.0,60.0,53.8,7.7,D
2020-10-18,2020,Urawa Reds,Vegalta Sendai,6,0,H,O,1.75,3.87,4.24,13,0.0,0.0,4.0,3.0,0.0,4.0,-4.0,7.0,8.0,-1.0,-7.0,-4.0,-3.0,0.0,0.0,0.0,2.0,1.0,1.0,25.0,50.0,18.2,54.5,H
2020-10-18,2020,Shonan Bellmare,Kashiwa Reysol,3,2,H,O,4.82,4.16,1.62,11,0.0,3.0,3.0,1.0,1.0,7.0,-6.0,6.0,3.0,3.0,-5.0,4.0,-9.0,0.0,1.0,-1.0,1.0,0.0,1.0,10.0,70.0,60.0,20.0,D
2020-10-18,2020,Shimizu S-Pulse,Sagan Tosu,1,1,D,U,2.33,3.63,2.76,12,0.0,0.0,4.0,2.0,5.0,6.0,-1.0,9.0,10.0,-1.0,-4.0,-4.0,0.0,0.0,0.0,0.0,0.0,1.0,-1.0,18.2,81.8,11.1,55.6,D
2020-10-18,2020,Sanfrecce Hiroshima,Vissel Kobe,2,1,H,O,2.4,3.52,2.73,11,2.0,1.0,2.0,3.0,8.0,9.0,-1.0,5.0,11.0,-6.0,3.0,-2.0,5.0,2.0,0.0,2.0,1.0,0.0,1.0,40.0,40.0,36.4,27.3,H
2020-10-18,2020,Oita Trinita,Gamba Osaka,0,1,A,U,2.45,3.41,2.75,12,2.0,4.0,1.0,0.0,5.0,6.0,-1.0,5.0,2.0,3.0,0.0,4.0,-4.0,0.0,0.0,0.0,1.0,0.0,1.0,36.4,36.4,72.7,9.1,D
2020-10-18,2020,Kawasaki Frontale,Nagoya Grampus,3,0,H,O,1.64,3.98,4.85,12,4.0,1.0,0.0,3.0,12.0,4.0,8.0,5.0,6.0,-1.0,7.0,-2.0,9.0,1.0,0.0,1.0,0.0,0.0,0.0,90.9,0.0,45.5,36.4,H
2020-10-18,2020,Hokkaido Consadole Sapporo,Kashima Antlers,1,0,H,U,3.16,3.92,2.02,13,1.0,3.0,2.0,1.0,5.0,6.0,-1.0,6.0,4.0,2.0,-1.0,2.0,-3.0,0.0,1.0,-1.0,0.0,1.0,-1.0,16.7,50.0,53.8,46.2,H
2020-10-17,2020,Cerezo Osaka,Yokohama F. Marinos,4,1,H,O,2.78,3.84,2.23,12,2.0,2.0,2.0,1.0,5.0,8.0,-3.0,5.0,5.0,0.0,0.0,3.0,-3.0,1.0,2.0,-1.0,1.0,0.0,1.0,54.5,27.3,36.4,36.4,H
2020-10-14,2020,Vissel Kobe,Oita Trinita,1,1,D,U,2.63,3.45,2.5,14,3.0,3.0,1.0,1.0,9.0,8.0,1.0,4.0,6.0,-2.0,5.0,2.0,3.0,1.0,2.0,-1.0,0.0,1.0,-1.0,30.8,38.5,36.4,54.5,H
2020-10-14,2020,Vegalta Sendai,Yokohama FC,0,0,D,U,2.44,3.64,2.61,10,0.0,1.0,3.0,3.0,3.0,6.0,-3.0,10.0,7.0,3.0,-7.0,-1.0,-6.0,0.0,1.0,-1.0,2.0,0.0,2.0,0.0,66.7,27.3,63.6,D
2020-10-14,2020,Sanfrecce Hiroshima,Kawasaki Frontale,0,2,A,U,3.86,3.93,1.8,10,2.0,4.0,1.0,0.0,9.0,10.0,-1.0,4.0,2.0,2.0,5.0,8.0,-3.0,2.0,3.0,-1.0,0.0,0.0,0.0,44.4,33.3,81.8,9.1,D
2020-10-14,2020,Sagan Tosu,Kashima Antlers,0,2,A,U,3.92,3.68,1.85,12,1.0,3.0,3.0,1.0,5.0,7.0,-2.0,6.0,5.0,1.0,-1.0,2.0,-3.0,1.0,1.0,0.0,1.0,1.0,0.0,27.3,45.5,50.0,50.0,A
2020-10-14,2020,Nagoya Grampus,Hokkaido Consadole Sapporo,3,0,H,O,2.01,3.63,3.4,11,4.0,1.0,0.0,3.0,8.0,3.0,5.0,3.0,10.0,-7.0,5.0,-7.0,12.0,1.0,1.0,0.0,0.0,3.0,-3.0,70.0,20.0,30.0,50.0,H
2020-10-14,2020,Kashiwa Reysol,Urawa Reds,1,1,D,U,1.8,4.08,3.7,12,2.0,3.0,1.0,1.0,9.0,7.0,2.0,7.0,7.0,0.0,2.0,0.0,2.0,1.0,0.0,1.0,1.0,1.0,0.0,45.5,45.5,70.0,30.0,H
2020-10-14,2020,Gamba Osaka,Yokohama F. Marinos,1,1,D,U,3.38,4.27,1.85,11,2.0,2.0,2.0,1.0,5.0,10.0,-5.0,5.0,7.0,-2.0,0.0,3.0,-3.0,1.0,2.0,-1.0,1.0,0.0,1.0,50.0,50.0,40.0,40.0,D
2020-10-14,2020,FC Tokyo,Shimizu S-Pulse,3,1,H,O,1.54,4.44,5.13,12,2.0,1.0,2.0,3.0,5.0,5.0,0.0,4.0,8.0,-4.0,1.0,-3.0,4.0,1.0,1.0,0.0,0.0,2.0,-2.0,54.5,45.5,9.1,63.6,H
2020-10-14,2020,Cerezo Osaka,Shonan Bellmare,1,0,H,U,1.6,3.92,5.32,11,2.0,1.0,2.0,2.0,7.0,4.0,3.0,5.0,5.0,0.0,2.0,-1.0,3.0,2.0,0.0,2.0,1.0,0.0,1.0,50.0,30.0,10.0,80.0,D
2020-10-10,2020,Yokohama F. Marinos,Oita Trinita,4,0,H,O,1.72,4.08,4.09,14,2.0,3.0,1.0,1.0,9.0,9.0,0.0,5.0,4.0,1.0,4.0,5.0,-1.0,2.0,2.0,0.0,0.0,0.0,0.0,46.2,38.5,40.0,50.0,D
2020-10-10,2020,Shimizu S-Pulse,Sanfrecce Hiroshima,2,3,A,O,4.17,4.23,1.69,11,0.0,2.0,4.0,1.0,5.0,6.0,-1.0,9.0,6.0,3.0,-4.0,0.0,-4.0,0.0,2.0,-2.0,0.0,1.0,-1.0,20.0,80.0,40.0,40.0,A
2020-10-10,2020,Sagan Tosu,Urawa Reds,0,1,A,U,2.8,3.45,2.37,11,1.0,3.0,3.0,1.0,5.0,9.0,-4.0,7.0,8.0,-1.0,-2.0,1.0,-3.0,1.0,1.0,0.0,2.0,1.0,1.0,30.0,40.0,66.7,33.3,D
2020-10-10,2020,Nagoya Grampus,Cerezo Osaka,1,0,H,U,2.37,3.22,2.97,10,3.0,3.0,1.0,1.0,8.0,6.0,2.0,6.0,5.0,1.0,2.0,1.0,1.0,1.0,0.0,1.0,1.0,1.0,0.0,66.7,22.2,72.7,18.2,D
2020-10-10,2020,Kawasaki Frontale,Vegalta Sendai,1,0,H,U,1.2,6.88,10.62,11,4.0,0.0,0.0,3.0,16.0,5.0,11.0,5.0,9.0,-4.0,11.0,-4.0,15.0,2.0,0.0,2.0,0.0,1.0,-1.0,90.0,0.0,20.0,50.0,H
2020-10-10,2020,Kashiwa Reysol,Vissel Kobe,4,3,H,O,2.36,3.93,2.56,11,1.0,1.0,2.0,2.0,7.0,7.0,0.0,7.0,8.0,-1.0,0.0,-1.0,1.0,1.0,0.0,1.0,1.0,0.0,1.0,40.0,50.0,40.0,20.0,H
2020-10-10,2020,Kashima Antlers,Yokohama FC,3,2,H,O,1.55,4.3,5.27,10,2.0,1.0,1.0,3.0,4.0,5.0,-1.0,4.0,6.0,-2.0,0.0,-1.0,1.0,0.0,1.0,-1.0,1.0,0.0,1.0,44.4,22.2,30.0,60.0,A
2020-10-10,2020,Hokkaido Consadole Sapporo,Shonan Bellmare,2,1,H,O,1.53,4.51,5.2,12,0.0,1.0,3.0,2.0,6.0,3.0,3.0,9.0,6.0,3.0,-3.0,-3.0,0.0,0.0,0.0,0.0,0.0,1.0,-1.0,9.1,54.5,11.1,77.8,D
2020-10-10,2020,FC Tokyo,Gamba Osaka,0,1,A,U,1.94,3.74,3.48,11,3.0,3.0,1.0,1.0,7.0,5.0,2.0,4.0,5.0,-1.0,3.0,0.0,3.0,1.0,0.0,1.0,0.0,1.0,-1.0,60.0,40.0,70.0,10.0,A
2020-10-07,2020,Sagan Tosu,Gamba Osaka,1,2,A,O,2.63,3.56,2.45,10,2.0,3.0,2.0,1.0,6.0,7.0,-1.0,6.0,5.0,1.0,0.0,2.0,-2.0,1.0,1.0,0.0,2.0,1.0,1.0,33.3,33.3,66.7,11.1,A
2020-10-04,2020,Yokohama F. Marinos,Vissel Kobe,2,3,A,O,2.1,4.23,2.82,13,2.0,1.0,1.0,2.0,8.0,6.0,2.0,4.0,7.0,-3.0,4.0,-1.0,5.0,2.0,0.0,2.0,0.0,0.0,0.0,50.0,33.3,33.3,22.2,A
2020-10-04,2020,Urawa Reds,Nagoya Grampus,0,1,A,U,3.09,3.44,2.2,12,0.0,0.0,3.0,3.0,2.0,3.0,-1.0,8.0,6.0,2.0,-6.0,-3.0,-3.0,0.0,0.0,0.0,2.0,0.0,2.0,27.3,45.5,40.0,40.0,D
2020-10-04,2020,Shonan Bellmare,FC Tokyo,0,1,A,U,3.67,3.32,2.03,10,0.0,2.0,3.0,1.0,1.0,4.0,-3.0,6.0,5.0,1.0,-5.0,-1.0,-4.0,0.0,0.0,0.0,1.0,1.0,0.0,11.1,66.7,50.0,8.3,D
2020-10-03,2020,Yokohama FC,Kashiwa Reysol,0,3,A,O,3.75,3.89,1.84,10,3.0,2.0,1.0,1.0,9.0,4.0,5.0,6.0,3.0,3.0,3.0,1.0,2.0,1.0,0.0,1.0,0.0,0.0,0.0,33.3,55.6,55.6,22.2,A
2020-10-03,2020,Sanfrecce Hiroshima,Sagan Tosu,3,0,H,O,1.61,3.89,5.31,9,1.0,0.0,1.0,2.0,9.0,6.0,3.0,7.0,9.0,-2.0,2.0,-3.0,5.0,1.0,0.0,1.0,0.0,1.0,-1.0,37.5,37.5,12.5,50.0,H
2020-10-03,2020,Oita Trinita,Shimizu S-Pulse,2,1,H,O,2.23,3.57,2.93,11,1.0,1.0,2.0,3.0,3.0,5.0,-2.0,5.0,10.0,-5.0,-2.0,-5.0,3.0,0.0,1.0,-1.0,1.0,3.0,-2.0,30.0,40.0,10.0,60.0,D
2020-10-03,2020,Hokkaido Consadole Sapporo,Vegalta Sendai,3,3,D,O,1.75,4.23,3.88,11,0.0,0.0,4.0,3.0,3.0,3.0,0.0,8.0,7.0,1.0,-5.0,-4.0,-1.0,0.0,0.0,0.0,1.0,1.0,0.0,10.0,60.0,22.2,55.6,H
2020-10-03,2020,Gamba Osaka,Kashima Antlers,2,0,H,U,3.24,3.68,2.05,10,1.0,4.0,3.0,0.0,4.0,10.0,-6.0,8.0,5.0,3.0,-4.0,5.0,-9.0,0.0,1.0,-1.0,2.0,0.0,2.0,44.4,55.6,54.5,45.5,D
2020-10-03,2020,Cerezo Osaka,Kawasaki Frontale,1,3,A,O,4.77,4.21,1.61,10,3.0,3.0,1.0,0.0,8.0,9.0,-1.0,3.0,3.0,0.0,5.0,6.0,-1.0,2.0,2.0,0.0,0.0,0.0,0.0,55.6,22.2,80.0,10.0,A
2020-09-30,2020,Yokohama F. Marinos,Sagan Tosu,1,1,D,U,1.55,4.65,4.79,12,2.0,1.0,2.0,2.0,8.0,8.0,0.0,6.0,10.0,-4.0,2.0,-2.0,4.0,2.0,0.0,2.0,1.0,1.0,0.0,54.5,36.4,14.3,57.1,D
2020-09-30,2020,Vissel Kobe,Nagoya Grampus,1,0,H,U,2.44,3.62,2.62,13,2.0,1.0,1.0,2.0,10.0,4.0,6.0,6.0,5.0,1.0,4.0,-1.0,5.0,1.0,0.0,1.0,0.0,0.0,0.0,25.0,41.7,44.4,33.3,D
2020-09-30,2020,Urawa Reds,FC Tokyo,0,1,A,U,3.28,3.59,2.06,11,1.0,2.0,2.0,1.0,4.0,6.0,-2.0,8.0,6.0,2.0,-4.0,0.0,-4.0,0.0,1.0,-1.0,2.0,1.0,1.0,30.0,40.0,45.5,9.1,A
2020-09-27,2020,Vegalta Sendai,Cerezo Osaka,2,3,A,O,3.44,3.58,2.01,9,0.0,3.0,3.0,1.0,1.0,5.0,-4.0,8.0,4.0,4.0,-7.0,1.0,-8.0,0.0,0.0,0.0,2.0,1.0,1.0,0.0,62.5,70.0,20.0,A
2020-09-27,2020,Shonan Bellmare,Kawasaki Frontale,0,1,A,U,11.85,7.1,1.18,9,0.0,2.0,3.0,1.0,1.0,8.0,-7.0,6.0,4.0,2.0,-5.0,4.0,-9.0,0.0,2.0,-2.0,1.0,0.0,1.0,12.5,62.5,77.8,11.1,A
2020-09-27,2020,Sanfrecce Hiroshima,Gamba Osaka,1,2,A,O,1.92,3.65,3.67,8,2.0,2.0,0.0,1.0,9.0,6.0,3.0,5.0,5.0,0.0,4.0,1.0,3.0,1.0,1.0,0.0,0.0,1.0,-1.0,42.9,28.6,62.5,12.5,A
2020-09-27,2020,Sagan Tosu,FC Tokyo,3,0,H,O,2.92,3.38,2.32,9,2.0,2.0,2.0,0.0,6.0,9.0,-3.0,6.0,6.0,0.0,0.0,3.0,-3.0,1.0,1.0,0.0,2.0,0.0,2.0,25.0,37.5,50.0,0.0,H
2020-09-27,2020,Kashiwa Reysol,Yokohama F. Marinos,1,3,A,O,2.34,4.01,2.55,10,1.0,2.0,2.0,1.0,7.0,11.0,-4.0,7.0,9.0,-2.0,0.0,2.0,-2.0,1.0,1.0,0.0,1.0,0.0,1.0,44.4,44.4,33.3,44.4,H
2020-09-27,2020,Kashima Antlers,Oita Trinita,0,2,A,U,1.65,3.82,5.02,9,2.0,2.0,0.0,1.0,6.0,8.0,-2.0,4.0,5.0,-1.0,2.0,3.0,-1.0,0.0,1.0,-1.0,0.0,0.0,0.0,50.0,12.5,33.3,55.6,D
2020-09-26,2020,Vissel Kobe,Hokkaido Consadole Sapporo,4,0,H,O,1.7,4.37,3.98,12,1.0,1.0,1.0,3.0,9.0,4.0,5.0,9.0,9.0,0.0,0.0,-5.0,5.0,0.0,1.0,-1.0,0.0,3.0,-3.0,18.2,45.5,33.3,44.4,H
2020-09-26,2020,Urawa Reds,Yokohama FC,0,2,A,U,1.98,3.73,3.4,10,1.0,0.0,2.0,4.0,5.0,3.0,2.0,8.0,9.0,-1.0,-3.0,-6.0,3.0,0.0,0.0,0.0,1.0,1.0,0.0,33.3,33.3,22.2,66.7,A
2020-09-26,2020,Nagoya Grampus,Shimizu S-Pulse,3,1,H,O,1.5,4.62,5.32,9,3.0,1.0,1.0,3.0,6.0,4.0,2.0,5.0,12.0,-7.0,1.0,-8.0,9.0,0.0,1.0,-1.0,1.0,3.0,-2.0,62.5,25.0,11.1,55.6,H
2020-09-23,2020,Yokohama F. Marinos,Vegalta Sendai,3,1,H,O,1.33,5.77,6.98,11,2.0,0.0,2.0,3.0,9.0,3.0,6.0,6.0,6.0,0.0,3.0,-3.0,6.0,2.0,0.0,2.0,1.0,0.0,1.0,50.0,40.0,25.0,50.0,D
2020-09-23,2020,Vissel Kobe,Sagan Tosu,4,3,H,O,1.62,4.11,4.83,11,0.0,1.0,1.0,2.0,7.0,5.0,2.0,8.0,7.0,1.0,-1.0,-2.0,1.0,0.0,0.0,0.0,0.0,1.0,-1.0,10.0,50.0,16.7,50.0,H
2020-09-23,2020,Shimizu S-Pulse,Urawa Reds,1,2,A,O,2.65,3.91,2.31,10,0.0,2.0,4.0,2.0,7.0,9.0,-2.0,11.0,13.0,-2.0,-4.0,-4.0,0.0,0.0,1.0,-1.0,0.0,2.0,-2.0,22.2,77.8,62.5,37.5,A
2020-09-23,2020,Oita Trinita,Sanfrecce Hiroshima,0,2,A,U,3.15,3.25,2.27,10,1.0,1.0,1.0,2.0,3.0,5.0,-2.0,3.0,9.0,-6.0,0.0,-4.0,4.0,0.0,1.0,-1.0,0.0,2.0,-2.0,33.3,33.3,33.3,44.4,D
2020-09-23,2020,Kawasaki Frontale,Yokohama FC,3,2,H,O,1.16,7.65,13.65,10,4.0,1.0,0.0,3.0,18.0,4.0,14.0,5.0,8.0,-3.0,13.0,-4.0,17.0,3.0,0.0,3.0,0.0,1.0,-1.0,88.9,0.0,25.0,62.5,H
2020-09-23,2020,Kashima Antlers,Shonan Bellmare,1,0,H,U,1.36,5.1,7.37,8,2.0,1.0,0.0,2.0,7.0,5.0,2.0,4.0,9.0,-5.0,3.0,-4.0,7.0,1.0,0.0,1.0,0.0,2.0,-2.0,42.9,14.3,12.5,75.0,D
2020-09-23,2020,Hokkaido Consadole Sapporo,Kashiwa Reysol,0,1,A,U,2.7,3.84,2.3,10,0.0,2.0,3.0,1.0,3.0,6.0,-3.0,7.0,5.0,2.0,-4.0,1.0,-5.0,0.0,0.0,0.0,1.0,0.0,1.0,11.1,55.6,50.0,25.0,D
2020-09-23,2020,Gamba Osaka,Nagoya Grampus,2,1,H,O,2.86,3.47,2.33,9,1.0,1.0,3.0,2.0,4.0,3.0,1.0,8.0,4.0,4.0,-4.0,-1.0,-3.0,0.0,0.0,0.0,2.0,0.0,2.0,37.5,62.5,50.0,25.0,A
2020-09-23,2020,FC Tokyo,Cerezo Osaka,2,0,H,U,2.2,3.38,3.16,10,2.0,3.0,2.0,1.0,6.0,7.0,-1.0,6.0,7.0,-1.0,0.0,0.0,0.0,0.0,0.0,0.0,0.0,1.0,-1.0,55.6,44.4,77.8,11.1,D
2020-09-20,2020,Urawa Reds,Kawasaki Frontale,0,3,A,O,6.21,5.14,1.4,9,2.0,2.0,1.0,1.0,6.0,11.0,-5.0,5.0,5.0,0.0,1.0,6.0,-5.0,0.0,2.0,-2.0,0.0,0.0,0.0,37.5,25.0,75.0,12.5,A
2020-09-20,2020,Oita Trinita,Yokohama FC,1,0,H,U,2.1,3.44,3.35,9,1.0,1.0,1.0,3.0,3.0,5.0,-2.0,3.0,9.0,-6.0,0.0,-4.0,4.0,0.0,0.0,0.0,0.0,1.0,-1.0,25.0,37.5,28.6,57.1,H
2020-09-20,2020,FC Tokyo,Vegalta Sendai,1,0,H,U,1.64,4.06,4.69,9,2.0,1.0,2.0,2.0,8.0,5.0,3.0,6.0,6.0,0.0,2.0,-1.0,3.0,1.0,0.0,1.0,0.0,0.0,0.0,50.0,50.0,28.6,42.9,H
2020-09-19,2020,Shonan Bellmare,Shimizu S-Pulse,0,3,A,O,2.66,3.75,2.35,8,1.0,0.0,2.0,3.0,2.0,1.0,1.0,3.0,12.0,-9.0,-1.0,-11.0,10.0,0.0,0.0,0.0,0.0,3.0,-3.0,14.3,57.1,0.0,62.5,D
2020-09-19,2020,Sagan Tosu,Yokohama F. Marinos,1,3,A,O,3.19,3.92,2.01,8,2.0,1.0,1.0,2.0,6.0,8.0,-2.0,4.0,9.0,-5.0,2.0,-1.0,3.0,1.0,0.0,1.0,1.0,0.0,1.0,28.6,28.6,25.0,50.0,A
2020-09-19,2020,Nagoya Grampus,Vissel Kobe,2,1,H,O,2.24,3.66,2.86,8,3.0,1.0,1.0,1.0,10.0,7.0,3.0,6.0,7.0,-1.0,4.0,0.0,4.0,1.0,0.0,1.0,1.0,0.0,1.0,57.1,28.6,37.5,12.5,D
2020-09-19,2020,Kashiwa Reysol,Sanfrecce Hiroshima,1,1,D,U,2.47,3.63,2.57,9,2.0,1.0,2.0,3.0,11.0,4.0,7.0,7.0,9.0,-2.0,4.0,-5.0,9.0,2.0,1.0,1.0,1.0,2.0,-1.0,50.0,50.0,37.5,50.0,D
2020-09-19,2020,Hokkaido Consadole Sapporo,Gamba Osaka,0,1,A,U,2.21,3.77,2.86,9,0.0,2.0,2.0,1.0,4.0,7.0,-3.0,7.0,5.0,2.0,-3.0,2.0,-5.0,0.0,2.0,-2.0,1.0,1.0,0.0,12.5,50.0,57.1,14.3,D
2020-09-19,2020,Cerezo Osaka,Kashima Antlers,1,2,A,O,2.95,3.4,2.3,9,3.0,4.0,0.0,0.0,7.0,10.0,-3.0,1.0,5.0,-4.0,6.0,5.0,1.0,2.0,1.0,1.0,0.0,0.0,0.0,62.5,12.5,50.0,50.0,D
2020-09-16,2020,Yokohama F. Marinos,Shimizu S-Pulse,3,0,H,O,1.4,5.58,5.74,10,2.0,0.0,2.0,2.0,9.0,2.0,7.0,7.0,10.0,-3.0,2.0,-8.0,10.0,2.0,0.0,2.0,1.0,2.0,-1.0,44.4,44.4,0.0,57.1,H
2020-09-16,2020,Vissel Kobe,Cerezo Osaka,0,1,A,U,2.11,3.65,3.13,10,0.0,3.0,1.0,1.0,9.0,9.0,0.0,10.0,8.0,2.0,-1.0,1.0,-2.0,0.0,1.0,-1.0,0.0,1.0,-1.0,11.1,44.4,75.0,12.5,D
2020-09-16,2020,Sagan Tosu,Hokkaido Consadole Sapporo,0,2,A,U,3.16,3.6,2.1,7,2.0,0.0,0.0,3.0,7.0,4.0,3.0,3.0,11.0,-8.0,4.0,-7.0,11.0,1.0,0.0,1.0,0.0,3.0,-3.0,33.3,16.7,25.0,50.0,D
2020-09-16,2020,FC Tokyo,Oita Trinita,2,3,A,O,1.69,3.71,4.87,8,3.0,1.0,1.0,2.0,7.0,5.0,2.0,3.0,5.0,-2.0,4.0,0.0,4.0,1.0,1.0,0.0,0.0,1.0,-1.0,57.1,42.9,25.0,62.5,D
2020-09-13,2020,Yokohama FC,Nagoya Grampus,3,2,H,O,4.35,3.82,1.74,9,2.0,2.0,2.0,1.0,6.0,4.0,2.0,6.0,1.0,5.0,0.0,3.0,-3.0,1.0,1.0,0.0,1.0,0.0,1.0,25.0,62.5,57.1,14.3,H
2020-09-13,2020,Yokohama F. Marinos,Cerezo Osaka,1,2,A,O,2.13,3.85,2.96,9,2.0,3.0,1.0,1.0,9.0,8.0,1.0,6.0,7.0,-1.0,3.0,1.0,2.0,2.0,1.0,1.0,1.0,1.0,0.0,50.0,37.5,71.4,14.3,D
2020-09-13,2020,Vegalta Sendai,Oita Trinita,0,3,A,O,2.35,3.29,2.94,8,0.0,0.0,3.0,3.0,3.0,4.0,-1.0,8.0,9.0,-1.0,-5.0,-5.0,0.0,0.0,0.0,0.0,1.0,2.0,-1.0,0.0,57.1,14.3,71.4,A
2020-09-13,2020,Sagan Tosu,Kashiwa Reysol,2,1,H,O,3.19,3.46,2.14,6,1.0,2.0,0.0,0.0,5.0,6.0,-1.0,2.0,4.0,-2.0,3.0,2.0,1.0,1.0,0.0,1.0,0.0,0.0,0.0,20.0,20.0,57.1,14.3,D
2020-09-13,2020,Kawasaki Frontale,Sanfrecce Hiroshima,5,1,H,O,1.81,3.89,3.86,9,4.0,2.0,0.0,2.0,15.0,5.0,10.0,4.0,4.0,0.0,11.0,1.0,10.0,3.0,2.0,1.0,0.0,1.0,-1.0,87.5,0.0,42.9,42.9,H
2020-09-13,2020,Hokkaido Consadole Sapporo,Urawa Reds,3,4,A,O,2.15,3.76,2.97,8,0.0,2.0,2.0,2.0,2.0,7.0,-5.0,9.0,10.0,-1.0,-7.0,-3.0,-4.0,0.0,2.0,-2.0,2.0,2.0,0.0,14.3,42.9,57.1,42.9,D
2020-09-13,2020,Gamba Osaka,Shonan Bellmare,0,1,A,U,1.62,4.17,4.77,8,1.0,0.0,3.0,3.0,4.0,4.0,0.0,8.0,10.0,-2.0,-4.0,-6.0,2.0,0.0,0.0,0.0,2.0,2.0,0.0,42.9,57.1,0.0,85.7,D
2020-09-12,2020,Vissel Kobe,FC Tokyo,2,2,D,O,2.23,3.59,2.92,9,0.0,2.0,2.0,0.0,8.0,7.0,1.0,10.0,4.0,6.0,-2.0,3.0,-5.0,0.0,1.0,-1.0,0.0,0.0,0.0,12.5,50.0,55.6,0.0,H
2020-09-12,2020,Shimizu S-Pulse,Kashima Antlers,1,2,A,O,5.14,4.79,1.5,9,1.0,3.0,3.0,1.0,9.0,8.0,1.0,10.0,5.0,5.0,-1.0,3.0,-4.0,1.0,1.0,0.0,0.0,0.0,0.0,25.0,75.0,44.4,55.6,A
2020-09-09,2020,Urawa Reds,Sagan Tosu,2,2,D,O,2.03,3.4,3.5,8,2.0,1.0,1.0,3.0,5.0,3.0,2.0,4.0,7.0,-3.0,1.0,-4.0,5.0,0.0,0.0,0.0,0.0,2.0,-2.0,42.9,28.6,20.0,60.0,A
2020-09-09,2020,Sanfrecce Hiroshima,Shimizu S-Pulse,4,1,H,O,1.59,4.11,5.06,7,1.0,0.0,1.0,1.0,6.0,2.0,4.0,6.0,7.0,-1.0,0.0,-5.0,5.0,0.0,0.0,0.0,0.0,1.0,-1.0,33.3,33.3,0.0,50.0,H
2020-09-09,2020,Oita Trinita,Shonan Bellmare,2,2,D,O,2.06,3.36,3.5,8,1.0,0.0,2.0,4.0,2.0,3.0,-1.0,5.0,11.0,-6.0,-3.0,-8.0,5.0,0.0,0.0,0.0,1.0,3.0,-2.0,28.6,42.9,0.0,100.0,A
2020-09-09,2020,Nagoya Grampus,Yokohama F. Marinos,2,1,H,O,2.34,3.77,2.65,7,2.0,2.0,2.0,1.0,8.0,8.0,0.0,6.0,7.0,-1.0,2.0,1.0,1.0,1.0,0.0,1.0,1.0,0.0,1.0,50.0,33.3,28.6,42.9,D
2020-09-09,2020,Kawasaki Frontale,Vissel Kobe,3,2,H,O,1.38,5.33,6.31,8,4.0,2.0,0.0,0.0,15.0,8.0,7.0,3.0,6.0,-3.0,12.0,2.0,10.0,4.0,0.0,4.0,0.0,0.0,0.0,85.7,0.0,42.9,0.0,D
2020-09-09,2020,Kashiwa Reysol,Gamba Osaka,3,0,H,O,2.34,3.75,2.66,8,2.0,3.0,2.0,0.0,11.0,9.0,2.0,9.0,3.0,6.0,2.0,6.0,-4.0,1.0,2.0,-1.0,1.0,0.0,1.0,42.9,57.1,66.7,0.0,H
2020-09-09,2020,Kashima Antlers,Vegalta Sendai,2,1,H,O,1.63,4.08,4.72,7,1.0,1.0,0.0,2.0,7.0,5.0,2.0,5.0,9.0,-4.0,2.0,-4.0,6.0,1.0,0.0,1.0,0.0,1.0,-1.0,33.3,16.7,33.3,33.3,H
2020-09-09,2020,FC Tokyo,Yokohama FC,2,1,H,O,1.75,3.86,4.14,7,2.0,1.0,2.0,3.0,7.0,4.0,3.0,5.0,11.0,-6.0,2.0,-7.0,9.0,1.0,0.0,1.0,0.0,2.0,-2.0,50.0,50.0,33.3,50.0,D
2020-09-09,2020,Cerezo Osaka,Hokkaido Consadole Sapporo,2,0,H,U,1.76,3.8,4.16,8,2.0,0.0,0.0,2.0,5.0,4.0,1.0,1.0,9.0,-8.0,4.0,-5.0,9.0,1.0,0.0,1.0,0.0,2.0,-2.0,57.1,14.3,28.6,42.9,H
2020-09-05,2020,Yokohama F. Marinos,Kawasaki Frontale,1,3,A,O,3.76,4.59,1.71,8,3.0,2.0,0.0,1.0,12.0,9.0,3.0,3.0,4.0,-1.0,9.0,5.0,4.0,3.0,1.0,2.0,0.0,0.0,0.0,57.1,28.6,71.4,14.3,D
2020-09-05,2020,Vegalta Sendai,Gamba Osaka,1,4,A,O,2.74,3.51,2.38,7,0.0,2.0,2.0,0.0,4.0,7.0,-3.0,6.0,4.0,2.0,-2.0,3.0,-5.0,0.0,1.0,-1.0,0.0,0.0,0.0,0.0,50.0,60.0,0.0,A
2020-09-05,2020,Shonan Bellmare,Vissel Kobe,1,1,D,U,3.78,3.84,1.84,7,1.0,2.0,2.0,0.0,1.0,7.0,-6.0,2.0,5.0,-3.0,-1.0,2.0,-3.0,0.0,0.0,0.0,0.0,0.0,0.0,16.7,66.7,50.0,0.0,D
2020-09-05,2020,Shimizu S-Pulse,Kashiwa Reysol,1,2,A,O,2.73,3.95,2.22,8,2.0,2.0,2.0,0.0,12.0,5.0,7.0,10.0,3.0,7.0,2.0,2.0,0.0,2.0,0.0,2.0,0.0,0.0,0.0,28.6,71.4,50.0,16.7,A
2020-09-05,2020,Sagan Tosu,Yokohama FC,3,0,H,O,2.34,3.25,3.0,5,0.0,2.0,1.0,2.0,2.0,7.0,-5.0,3.0,9.0,-6.0,-1.0,-2.0,1.0,0.0,1.0,-1.0,0.0,1.0,-1.0,0.0,25.0,40.0,40.0,H
2020-09-05,2020,Oita Trinita,FC Tokyo,0,1,A,U,3.23,3.23,2.22,7,1.0,1.0,2.0,0.0,2.0,8.0,-6.0,7.0,6.0,1.0,-5.0,2.0,-7.0,0.0,1.0,-1.0,2.0,0.0,2.0,33.3,33.3,50.0,0.0,A
2020-09-05,2020,Nagoya Grampus,Kashima Antlers,1,3,A,O,2.56,3.4,2.59,6,3.0,3.0,1.0,1.0,8.0,9.0,-1.0,3.0,5.0,-2.0,5.0,4.0,1.0,1.0,1.0,0.0,0.0,0.0,0.0,60.0,20.0,37.5,62.5,A
2020-09-05,2020,Hokkaido Consadole Sapporo,Sanfrecce Hiroshima,0,2,A,U,3.19,3.67,2.07,7,0.0,1.0,2.0,3.0,4.0,3.0,1.0,10.0,5.0,5.0,-6.0,-2.0,-4.0,0.0,1.0,-1.0,1.0,1.0,0.0,16.7,33.3,33.3,50.0,D
2020-09-05,2020,Cerezo Osaka,Urawa Reds,3,0,H,O,2.23,3.45,3.03,7,1.0,2.0,1.0,2.0,2.0,7.0,-5.0,3.0,9.0,-6.0,-1.0,-2.0,1.0,0.0,2.0,-2.0,1.0,2.0,-1.0,50.0,16.7,66.7,33.3,D
2020-08-30,2020,Yokohama FC,Cerezo Osaka,1,2,A,O,3.73,3.39,1.99,8,2.0,2.0,2.0,1.0,5.0,7.0,-2.0,6.0,7.0,-1.0,-1.0,0.0,-1.0,1.0,1.0,0.0,2.0,1.0,1.0,28.6,57.1,66.7,16.7,A
2020-08-29,2020,Vissel Kobe,Yokohama F. Marinos,3,3,D,O,3.12,4.12,1.98,8,0.0,2.0,3.0,2.0,5.0,6.0,-1.0,9.0,7.0,2.0,-4.0,-1.0,-3.0,0.0,0.0,0.0,1.0,1.0,0.0,14.3,57.1,33.3,50.0,A
2020-08-29,2020,Urawa Reds,Oita Trinita,2,1,H,O,2.0,3.43,3.63,7,1.0,0.0,2.0,3.0,3.0,4.0,-1.0,7.0,9.0,-2.0,-4.0,-5.0,1.0,0.0,0.0,0.0,1.0,2.0,-1.0,33.3,33.3,16.7,66.7,H
2020-08-29,2020,Sanfrecce Hiroshima,Vegalta Sendai,1,1,D,U,1.66,3.94,4.69,6,1.0,1.0,2.0,2.0,6.0,5.0,1.0,7.0,9.0,-2.0,-1.0,-4.0,3.0,0.0,0.0,0.0,0.0,1.0,-1.0,40.0,40.0,40.0,40.0,H
2020-08-29,2020,Kawasaki Frontale,Shimizu S-Pulse,5,0,H,O,1.4,5.37,6.04,7,4.0,0.0,0.0,1.0,13.0,3.0,10.0,4.0,5.0,-1.0,9.0,-2.0,11.0,4.0,0.0,4.0,0.0,1.0,-1.0,83.3,0.0,0.0,40.0,H
2020-08-29,2020,Kashiwa Reysol,Kashima Antlers,2,3,A,O,2.56,3.68,2.46,7,2.0,2.0,2.0,2.0,10.0,6.0,4.0,9.0,4.0,5.0,1.0,2.0,-1.0,1.0,1.0,0.0,2.0,0.0,2.0,50.0,50.0,28.6,71.4,D
2020-08-29,2020,Hokkaido Consadole Sapporo,Nagoya Grampus,0,0,D,U,2.74,3.68,2.31,6,1.0,3.0,2.0,1.0,7.0,6.0,1.0,11.0,1.0,10.0,-4.0,5.0,-9.0,1.0,2.0,-1.0,1.0,0.0,1.0,20.0,40.0,66.7,16.7,D
2020-08-29,2020,Gamba Osaka,FC Tokyo,1,3,A,O,2.34,3.42,2.87,7,2.0,0.0,2.0,0.0,4.0,6.0,-2.0,5.0,6.0,-1.0,-1.0,0.0,-1.0,0.0,0.0,0.0,1.0,0.0,1.0,50.0,50.0,42.9,0.0,D
2020-08-26,2020,Yokohama F. Marinos,Hokkaido Consadole Sapporo,4,1,H,O,1.95,4.25,3.12,7,2.0,1.0,1.0,1.0,9.0,5.0,4.0,5.0,5.0,0.0,4.0,0.0,4.0,2.0,1.0,1.0,1.0,1.0,0.0,50.0,33.3,33.3,33.3,H
2020-08-26,2020,Vissel Kobe,Kawasaki Frontale,2,2,D,O,4.22,4.19,1.69,7,1.0,3.0,3.0,1.0,6.0,10.0,-4.0,8.0,4.0,4.0,-2.0,6.0,-8.0,1.0,1.0,0.0,1.0,0.0,1.0,16.7,66.7,83.3,16.7,H
2020-08-26,2020,FC Tokyo,Kashima Antlers,1,2,A,O,2.7,3.27,2.55,6,3.0,1.0,1.0,3.0,8.0,4.0,4.0,3.0,4.0,-1.0,5.0,0.0,5.0,2.0,1.0,1.0,0.0,0.0,0.0,60.0,40.0,16.7,83.3,H
2020-08-23,2020,Yokohama F. Marinos,Sanfrecce Hiroshima,3,1,H,O,2.38,3.61,2.7,6,2.0,1.0,1.0,2.0,9.0,2.0,7.0,6.0,2.0,4.0,3.0,0.0,3.0,1.0,1.0,0.0,1.0,0.0,1.0,40.0,40.0,40.0,40.0,H
2020-08-23,2020,Urawa Reds,Vissel Kobe,1,2,A,O,2.0,3.76,3.31,6,2.0,1.0,1.0,0.0,3.0,6.0,-3.0,5.0,5.0,0.0,-2.0,1.0,-3.0,0.0,0.0,0.0,1.0,0.0,1.0,40.0,20.0,40.0,0.0,D
2020-08-23,2020,Oita Trinita,Kashiwa Reysol,0,0,D,U,4.14,3.73,1.8,6,1.0,3.0,2.0,0.0,3.0,9.0,-6.0,8.0,3.0,5.0,-5.0,6.0,-11.0,0.0,1.0,-1.0,2.0,0.0,2.0,40.0,40.0,60.0,20.0,D
2020-08-23,2020,Nagoya Grampus,Kawasaki Frontale,1,0,H,U,3.64,3.67,1.91,5,2.0,4.0,1.0,0.0,9.0,15.0,-6.0,5.0,4.0,1.0,4.0,11.0,-7.0,1.0,2.0,-1.0,0.0,0.0,0.0,50.0,25.0,100.0,0.0,H
2020-08-23,2020,Kashima Antlers,Gamba Osaka,1,1,D,U,2.19,3.56,3.03,6,2.0,3.0,0.0,0.0,10.0,8.0,2.0,6.0,4.0,2.0,4.0,4.0,0.0,2.0,1.0,1.0,0.0,0.0,0.0,40.0,20.0,75.0,0.0,A
2020-08-23,2020,FC Tokyo,Shonan Bellmare,3,0,H,O,1.73,3.67,4.62,5,2.0,0.0,2.0,4.0,5.0,5.0,0.0,7.0,11.0,-4.0,-2.0,-6.0,4.0,1.0,0.0,1.0,1.0,2.0,-1.0,50.0,50.0,0.0,100.0,H
2020-08-23,2020,Cerezo Osaka,Vegalta Sendai,2,1,H,O,1.92,3.45,3.87,6,1.0,2.0,1.0,1.0,2.0,5.0,-3.0,2.0,7.0,-5.0,0.0,-2.0,2.0,1.0,0.0,1.0,1.0,1.0,0.0,40.0,20.0,50.0,25.0,D
2020-08-22,2020,Shimizu S-Pulse,Yokohama FC,2,3,A,O,1.99,3.8,3.32,7,2.0,1.0,2.0,2.0,11.0,5.0,6.0,9.0,8.0,1.0,2.0,-3.0,5.0,2.0,1.0,1.0,0.0,1.0,-1.0,33.3,66.7,25.0,50.0,A
2020-08-19,2020,Yokohama FC,Kashima Antlers,1,0,H,U,3.59,3.75,1.92,7,1.0,1.0,3.0,3.0,5.0,5.0,0.0,11.0,5.0,6.0,-6.0,0.0,-6.0,1.0,1.0,0.0,3.0,0.0,3.0,16.7,66.7,20.0,80.0,H
2020-08-19,2020,Vissel Kobe,Kashiwa Reysol,2,3,A,O,2.5,3.67,2.54,6,1.0,2.0,3.0,1.0,4.0,7.0,-3.0,8.0,4.0,4.0,-4.0,3.0,-7.0,1.0,1.0,0.0,2.0,1.0,1.0,20.0,60.0,50.0,25.0,H
2020-08-19,2020,Shonan Bellmare,Nagoya Grampus,0,1,A,U,4.32,3.62,1.78,6,1.0,3.0,2.0,1.0,1.0,7.0,-6.0,2.0,2.0,0.0,-1.0,5.0,-6.0,0.0,2.0,-2.0,0.0,0.0,0.0,20.0,60.0,60.0,20.0,D
2020-08-19,2020,Shimizu S-Pulse,Yokohama F. Marinos,3,4,A,O,2.75,4.02,2.2,6,2.0,1.0,2.0,3.0,9.0,4.0,5.0,7.0,8.0,-1.0,2.0,-4.0,6.0,2.0,0.0,2.0,0.0,2.0,-2.0,40.0,60.0,20.0,60.0,D
2020-08-19,2020,Sanfrecce Hiroshima,FC Tokyo,3,3,D,O,2.05,3.3,3.61,5,2.0,1.0,2.0,0.0,6.0,6.0,0.0,4.0,4.0,0.0,2.0,2.0,0.0,1.0,1.0,0.0,0.0,0.0,0.0,50.0,50.0,50.0,0.0,A
2020-08-19,2020,Kawasaki Frontale,Cerezo Osaka,5,2,H,O,1.62,3.92,5.17,6,4.0,3.0,0.0,0.0,10.0,7.0,3.0,3.0,3.0,0.0,7.0,4.0,3.0,3.0,1.0,2.0,0.0,0.0,0.0,80.0,0.0,80.0,0.0,H
2020-08-19,2020,Hokkaido Consadole Sapporo,Oita Trinita,1,1,D,U,1.77,3.86,4.1,5,1.0,1.0,2.0,3.0,7.0,5.0,2.0,11.0,9.0,2.0,-4.0,-4.0,0.0,1.0,0.0,1.0,1.0,2.0,-1.0,25.0,50.0,20.0,80.0,A
2020-08-19,2020,Gamba Osaka,Urawa Reds,1,3,A,O,2.06,3.61,3.26,6,3.0,2.0,1.0,2.0,5.0,6.0,-1.0,3.0,9.0,-6.0,2.0,-3.0,5.0,0.0,1.0,-1.0,0.0,2.0,-2.0,60.0,40.0,60.0,40.0,A
2020-08-16,2020,Kashima Antlers,Vissel Kobe,2,2,D,O,2.34,3.65,2.73,5,2.0,2.0,1.0,0.0,8.0,5.0,3.0,6.0,3.0,3.0,2.0,2.0,0.0,2.0,0.0,2.0,1.0,0.0,1.0,50.0,25.0,50.0,0.0,D
2020-08-15,2020,Yokohama FC,Shonan Bellmare,4,2,H,O,2.14,3.51,3.16,6,0.0,0.0,3.0,4.0,2.0,5.0,-3.0,10.0,10.0,0.0,-8.0,-5.0,-3.0,0.0,0.0,0.0,3.0,1.0,2.0,0.0,80.0,0.0,100.0,H
2020-08-15,2020,Vegalta Sendai,Shimizu S-Pulse,0,0,D,U,2.66,3.69,2.37,6,0.0,0.0,3.0,2.0,5.0,3.0,2.0,8.0,7.0,1.0,-3.0,-4.0,1.0,0.0,0.0,0.0,0.0,2.0,-2.0,0.0,60.0,0.0,50.0,D
2020-08-15,2020,Urawa Reds,Sanfrecce Hiroshima,1,0,H,U,3.5,3.36,2.06,5,1.0,2.0,1.0,1.0,2.0,5.0,-3.0,5.0,1.0,4.0,-3.0,4.0,-7.0,0.0,2.0,-2.0,1.0,0.0,1.0,25.0,25.0,50.0,25.0,H
2020-08-15,2020,Oita Trinita,Yokohama F. Marinos,1,0,H,U,4.5,4.17,1.65,5,1.0,1.0,2.0,2.0,4.0,4.0,0.0,8.0,7.0,1.0,-4.0,-3.0,-1.0,1.0,0.0,1.0,2.0,2.0,0.0,25.0,50.0,25.0,50.0,D
2020-08-15,2020,Kashiwa Reysol,Cerezo Osaka,1,3,A,O,2.33,3.38,2.9,6,2.0,3.0,2.0,0.0,9.0,6.0,3.0,7.0,3.0,4.0,2.0,3.0,-1.0,1.0,0.0,1.0,1.0,0.0,1.0,60.0,40.0,75.0,0.0,A
2020-08-15,2020,Hokkaido Consadole Sapporo,Kawasaki Frontale,1,6,A,O,3.97,4.1,1.75,4,,4.0,,0.0,,13.0,,,3.0,,,10.0,,,2.0,,,0.0,,33.3,33.3,100.0,0.0,A
2020-08-15,2020,FC Tokyo,Nagoya Grampus,1,0,H,U,2.54,3.35,2.66,4,,3.0,,0.0,,8.0,,,2.0,,,6.0,,,2.0,,,0.0,,33.3,66.7,75.0,0.0,H
2020-08-09,2020,Sanfrecce Hiroshima,Shonan Bellmare,1,0,H,U,1.47,4.37,6.26,4,,,,,,,,,,,,,,,,,,,,33.3,66.7,0.0,100.0,H
2020-08-09,2020,Cerezo Osaka,FC Tokyo,0,0,D,U,2.19,3.23,3.3,5,2.0,2.0,1.0,0.0,3.0,7.0,-4.0,2.0,4.0,-2.0,1.0,3.0,-2.0,1.0,1.0,0.0,1.0,0.0,1.0,50.0,25.0,60.0,0.0,D
2020-08-08,2020,Yokohama F. Marinos,Kashiwa Reysol,1,1,D,U,2.17,3.97,2.81,5,2.0,,2.0,,9.0,,,7.0,,,2.0,,,1.0,,,1.0,,,50.0,50.0,66.7,33.3,D
2020-08-08,2020,Vissel Kobe,Vegalta Sendai,1,2,A,O,1.5,4.41,5.68,5,1.0,,2.0,,4.0,,,7.0,,,-3.0,,,1.0,,,2.0,,,25.0,50.0,33.3,33.3,A
2020-08-08,2020,Shimizu S-Pulse,Hokkaido Consadole Sapporo,3,1,H,O,2.42,3.79,2.56,5,1.0,2.0,3.0,0.0,7.0,6.0,1.0,9.0,3.0,6.0,-2.0,3.0,-5.0,1.0,1.0,0.0,1.0,0.0,1.0,25.0,75.0,40.0,20.0,H
2020-08-08,2020,Nagoya Grampus,Urawa Reds,6,2,H,O,1.87,3.55,3.94,4,,3.0,,1.0,,7.0,,,5.0,,,2.0,,,1.0,,,1.0,,33.3,33.3,75.0,25.0,H
2020-08-08,2020,Kawasaki Frontale,Oita Trinita,2,0,H,U,1.26,5.76,10.07,5,3.0,1.0,0.0,3.0,8.0,5.0,3.0,3.0,8.0,-5.0,5.0,-3.0,8.0,2.0,0.0,2.0,0.0,1.0,-1.0,75.0,0.0,25.0,75.0,H
2020-08-08,2020,Kashima Antlers,Sagan Tosu,2,0,H,U,1.69,3.67,4.92,4,,1.0,,2.0,,3.0,,,5.0,,,-2.0,,,0.0,,,1.0,,33.3,33.3,25.0,50.0,D
2020-08-08,2020,Gamba Osaka,Yokohama FC,2,1,H,O,1.48,4.43,5.95,5,2.0,,2.0,,4.0,,,4.0,,,0.0,,,0.0,,,0.0,,,50.0,50.0,33.3,33.3,H
2020-08-02,2020,Hokkaido Consadole Sapporo,Vissel Kobe,2,3,A,O,3.0,3.58,2.19,3,,,,,,,,,,,,,,,,,,,,50.0,0.0,33.3,0.0,A
2020-08-01,2020,Yokohama FC,Sanfrecce Hiroshima,0,2,A,U,4.23,3.48,1.84,5,0.0,,3.0,,3.0,,,10.0,,,-7.0,,,0.0,,,2.0,,,0.0,75.0,33.3,33.3,A
2020-08-01,2020,Vegalta Sendai,Yokohama F. Marinos,0,1,A,U,3.34,4.07,1.92,5,0.0,,2.0,,6.0,,,8.0,,,-2.0,,,0.0,,,0.0,,,0.0,50.0,0.0,66.7,D
2020-08-01,2020,Urawa Reds,Shimizu S-Pulse,1,1,D,U,2.14,3.72,3.04,4,,,,,,,,,,,,,,,,,,,,33.3,33.3,0.0,66.7,D
2020-08-01,2020,Shonan Bellmare,Cerezo Osaka,0,1,A,U,4.45,3.51,1.79,5,1.0,,2.0,,3.0,,,4.0,,,-1.0,,,0.0,,,0.0,,,25.0,50.0,66.7,0.0,D
2020-08-01,2020,Oita Trinita,Kashima Antlers,1,4,A,O,3.4,3.32,2.11,4,,0.0,,4.0,,1.0,,,7.0,,,-6.0,,,0.0,,,1.0,,33.3,33.3,0.0,100.0,A
2020-08-01,2020,Nagoya Grampus,Kashiwa Reysol,0,1,A,U,2.19,3.59,3.0,3,,,,,,,,,,,,,,,,,,,,50.0,0.0,50.0,50.0,D
2020-08-01,2020,Gamba Osaka,Kawasaki Frontale,0,1,A,U,3.98,4.02,1.76,4,,,,,,,,,,,,,,,,,,,,66.7,33.3,100.0,0.0,D
2020-08-01,2020,FC Tokyo,Sagan Tosu,2,3,A,O,1.74,3.54,4.77,3,,,,,,,,,,,,,,,,,,,,50.0,50.0,0.0,66.7,A
2020-07-26,2020,Yokohama FC,Urawa Reds,0,2,A,U,3.78,3.53,1.92,4,,,,,,,,,,,,,,,,,,,,0.0,66.7,66.7,33.3,D
2020-07-26,2020,Vissel Kobe,Gamba Osaka,0,2,A,U,1.98,3.73,3.39,4,,,,,,,,,,,,,,,,,,,,33.3,33.3,66.7,0.0,D
2020-07-26,2020,Shimizu S-Pulse,Oita Trinita,4,2,H,O,2.32,3.3,2.98,4,,,,,,,,,,,,,,,,,,,,0.0,100.0,33.3,66.7,H
2020-07-26,2020,Sagan Tosu,Cerezo Osaka,1,1,D,U,4.27,3.25,1.9,4,,,,,,,,,,,,,,,,,,,,0.0,33.3,100.0,0.0,D
2020-07-26,2020,Kawasaki Frontale,Shonan Bellmare,3,1,H,O,1.34,5.19,7.76,4,,,,,,,,,,,,,,,,,,,,66.7,0.0,0.0,100.0,D
2020-07-26,2020,Kashiwa Reysol,Vegalta Sendai,5,1,H,O,1.93,3.74,3.54,5,2.0,,2.0,,8.0,,,8.0,,,0.0,,,1.0,,,1.0,,,50.0,50.0,50.0,0.0,H
2020-07-26,2020,Kashima Antlers,FC Tokyo,2,2,D,O,2.17,3.31,3.25,3,,3.0,,0.0,,8.0,,,3.0,,,5.0,,,2.0,,,0.0,,50.0,50.0,75.0,0.0,A
2020-07-26,2020,Hokkaido Consadole Sapporo,Yokohama F. Marinos,3,1,H,O,2.94,3.89,2.13,2,,,,,,,,,,,,,,,,,,,,0.0,0.0,0.0,50.0,H
2020-07-22,2020,Yokohama F. Marinos,Yokohama FC,4,0,H,O,1.38,5.19,6.56,4,,,,,,,,,,,,,,,,,,,,33.3,66.7,50.0,0.0,H
2020-07-22,2020,Vegalta Sendai,Kawasaki Frontale,2,3,A,O,5.63,4.45,1.5,4,,,,,,,,,,,,,,,,,,,,0.0,33.3,100.0,0.0,H
2020-07-22,2020,Urawa Reds,Kashiwa Reysol,0,4,A,O,2.69,3.42,2.47,3,,,,,,,,,,,,,,,,,,,,50.0,0.0,0.0,100.0,A
2020-07-22,2020,Shonan Bellmare,Kashima Antlers,1,0,H,U,4.52,3.8,1.72,4,,,,,,,,,,,,,,,,,,,,0.0,66.7,0.0,100.0,D
2020-07-22,2020,Sagan Tosu,Shimizu S-Pulse,1,1,D,U,2.36,3.3,2.9,3,,,,,,,,,,,,,,,,,,,,0.0,50.0,0.0,100.0,D
2020-07-22,2020,Oita Trinita,Nagoya Grampus,0,3,A,O,2.98,3.16,2.4,3,,,,,,,,,,,,,,,,,,,,50.0,0.0,66.7,0.0,A
2020-07-22,2020,Hokkaido Consadole Sapporo,FC Tokyo,1,1,D,U,2.65,3.47,2.48,1,,,,,,,,,,,,,,,,,,,,,,100.0,0.0,H
2020-07-22,2020,Gamba Osaka,Sanfrecce Hiroshima,1,0,H,U,2.4,3.38,2.81,3,,,,,,,,,,,,,,,,,,,,50.0,50.0,50.0,0.0,H
2020-07-22,2020,Cerezo Osaka,Vissel Kobe,0,0,D,U,2.55,3.28,2.69,4,,,,,,,,,,,,,,,,,,,,66.7,33.3,50.0,0.0,D
2020-07-18,2020,Yokohama FC,Kawasaki Frontale,1,5,A,O,7.78,4.86,1.36,3,,,,,,,,,,,,,,,,,,,,0.0,50.0,100.0,0.0,A
2020-07-18,2020,Vissel Kobe,Shimizu S-Pulse,3,1,H,O,1.53,4.47,5.25,3,,,,,,,,,,,,,,,,,,,,0.0,50.0,0.0,100.0,H
2020-07-18,2020,Vegalta Sendai,Hokkaido Consadole Sapporo,2,2,D,O,2.41,3.53,2.69,3,,2.0,,1.0,,6.0,,,5.0,,,1.0,,,1.0,,,1.0,,0.0,50.0,50.0,25.0,H
2020-07-18,2020,Sanfrecce Hiroshima,Cerezo Osaka,1,2,A,O,2.44,3.05,3.0,3,,,,,,,,,,,,,,,,,,,,50.0,50.0,100.0,0.0,A
2020-07-18,2020,Nagoya Grampus,Sagan Tosu,1,0,H,U,1.68,3.68,4.92,2,,,,,,,,,,,,,,,,,,,,0.0,0.0,0.0,50.0,D
2020-07-18,2020,Kashiwa Reysol,Shonan Bellmare,3,2,H,O,1.97,3.51,3.6,4,,,,,,,,,,,,,,,,,,,,33.3,66.7,0.0,100.0,H
2020-07-18,2020,Kashima Antlers,Yokohama F. Marinos,4,2,H,O,3.14,3.67,2.08,2,,,,,,,,,,,,,,,,,,,,0.0,100.0,0.0,0.0,D
2020-07-18,2020,Gamba Osaka,Oita Trinita,2,1,H,O,2.16,3.37,3.22,2,,,,,,,,,,,,,,,,,,,,0.0,100.0,50.0,50.0,D
2020-07-18,2020,FC Tokyo,Urawa Reds,2,0,H,U,2.25,3.33,3.09,2,,,,,,,,,,,,,,,,,,,,0.0,100.0,100.0,0.0,H
2020-07-12,2020,Yokohama FC,Vegalta Sendai,1,1,D,U,2.73,3.26,2.52,2,,,,,,,,,,,,,,,,,,,,0.0,100.0,100.0,0.0,H
2020-07-12,2020,Yokohama F. Marinos,FC Tokyo,1,3,A,O,1.9,3.76,3.61,3,,,,,,,,,,,,,,,,,,,,50.0,50.0,100.0,0.0,A
2020-07-12,2020,Urawa Reds,Kashima Antlers,1,0,H,U,2.48,3.33,2.72,2,,,,,,,,,,,,,,,,,,,,0.0,0.0,0.0,100.0,D
2020-07-12,2020,Shonan Bellmare,Hokkaido Consadole Sapporo,0,0,D,U,3.24,3.65,2.06,3,,,,,,,,,,,,,,,,,,,,0.0,100.0,66.7,33.3,D
2020-07-12,2020,Shimizu S-Pulse,Gamba Osaka,1,2,A,O,4.34,4.09,1.68,3,,,,,,,,,,,,,,,,,,,,0.0,100.0,50.0,0.0,A
2020-07-12,2020,Sagan Tosu,Sanfrecce Hiroshima,0,0,D,U,3.82,3.3,1.98,2,,,,,,,,,,,,,,,,,,,,0.0,100.0,100.0,0.0,D
2020-07-12,2020,Cerezo Osaka,Nagoya Grampus,0,2,A,U,2.21,3.36,3.13,3,,,,,,,,,,,,,,,,,,,,100.0,0.0,50.0,0.0,A
2020-07-11,2020,Oita Trinita,Vissel Kobe,1,1,D,U,2.42,3.28,2.84,2,,,,,,,,,,,,,,,,,,,,100.0,0.0,100.0,0.0,D
2020-07-11,2020,Kawasaki Frontale,Kashiwa Reysol,3,1,H,O,1.64,4.0,4.73,3,,,,,,,,,,,,,,,,,,,,50.0,0.0,,,H
2020-07-08,2020,Yokohama F. Marinos,Shonan Bellmare,3,2,H,O,1.42,4.8,6.39,2,,,,,,,,,,,,,,,,,,,,0.0,100.0,,,D
2020-07-08,2020,Vegalta Sendai,Urawa Reds,1,2,A,O,3.01,3.37,2.26,2,,,,,,,,,,,,,,,,,,,,0.0,0.0,100.0,0.0,A
2020-07-08,2020,Sanfrecce Hiroshima,Oita Trinita,1,2,A,O,1.85,3.34,4.4,2,,,,,,,,,,,,,,,,,,,,100.0,0.0,0.0,100.0,H
2020-07-08,2020,Sagan Tosu,Vissel Kobe,0,1,A,U,3.95,3.59,1.86,1,,,,,,,,,,,,,,,,,,,,,,,,D
2020-07-08,2020,Nagoya Grampus,Gamba Osaka,2,2,D,O,2.32,3.58,2.8,1,,,,,,,,,,,,,,,,,,,,,,100.0,0.0,H
2020-07-08,2020,Kashiwa Reysol,Yokohama FC,1,3,A,O,1.74,3.71,4.46,3,,,,,,,,,,,,,,,,,,,,50.0,50.0,0.0,0.0,D
2020-07-08,2020,Kashima Antlers,Hokkaido Consadole Sapporo,0,2,A,U,2.1,3.57,3.19,1,,,,,,,,,,,,,,,,,,,,,,50.0,50.0,A
2020-07-08,2020,FC Tokyo,Kawasaki Frontale,0,4,A,O,3.52,3.3,2.08,1,,,,,,,,,,,,,,,,,,,,,,,,A
2020-07-08,2020,Cerezo Osaka,Shimizu S-Pulse,2,0,H,U,1.59,4.07,5.17,2,,,,,,,,,,,,,,,,,,,,100.0,0.0,,,D
2020-07-04,2020,Yokohama FC,Hokkaido Consadole Sapporo,1,2,A,O,3.31,3.37,2.12,1,,,,,,,,,,,,,,,,,,,,,,0.0,100.0,D
2020-07-04,2020,Vissel Kobe,Sanfrecce Hiroshima,0,3,A,O,2.47,3.46,2.66,2,,,,,,,,,,,,,,,,,,,,0.0,0.0,,,A
2020-07-04,2020,Urawa Reds,Yokohama F. Marinos,0,0,D,U,3.41,3.7,1.98,1,,,,,,,,,,,,,,,,,,,,,,,,D
2020-07-04,2020,Shonan Bellmare,Vegalta Sendai,0,1,A,U,2.45,3.31,2.79,2,,,,,,,,,,,,,,,,,,,,0.0,100.0,,,A
2020-07-04,2020,Shimizu S-Pulse,Nagoya Grampus,1,2,A,O,2.97,3.49,2.24,2,,,,,,,,,,,,,,,,,,,,0.0,100.0,0.0,0.0,A
2020-07-04,2020,Oita Trinita,Sagan Tosu,2,0,H,U,2.33,3.13,3.13,1,,,,,,,,,,,,,,,,,,,,,,0.0,0.0,D
2020-07-04,2020,Kawasaki Frontale,Kashima Antlers,2,1,H,O,2.09,3.39,3.38,2,,,,,,,,,,,,,,,,,,,,0.0,0.0,0.0,100.0,H
2020-07-04,2020,Kashiwa Reysol,FC Tokyo,0,1,A,U,2.59,3.3,2.63,2,,,,,,,,,,,,,,,,,,,,100.0,0.0,100.0,0.0,D
2020-07-04,2020,Gamba Osaka,Cerezo Osaka,1,2,A,O,2.61,3.18,2.7,1,,,,,,,,,,,,,,,,,,,,,,,,A
2020-02-23,2020,Yokohama F. Marinos,Gamba Osaka,1,2,A,O,1.65,4.25,4.4,1,,,,,,,,,,,,,,,,,,,,,,,,A
2020-02-23,2020,Vissel Kobe,Yokohama FC,1,1,D,U,1.55,4.29,5.19,1,,,,,,,,,,,,,,,,,,,,,,,,A
2020-02-23,2020,Shimizu S-Pulse,FC Tokyo,1,3,A,O,3.34,3.54,2.05,1,,,,,,,,,,,,,,,,,,,,,,,,D
2020-02-23,2020,Sanfrecce Hiroshima,Kashima Antlers,3,0,H,O,2.14,3.23,3.42,1,,,,,,,,,,,,,,,,,,,,,,,,H
2020-02-22,2020,Vegalta Sendai,Nagoya Grampus,1,1,D,U,2.78,3.32,2.44,1,,,,,,,,,,,,,,,,,,,,,,,,D
2020-02-22,2020,Kawasaki Frontale,Sagan Tosu,0,0,D,U,1.42,4.44,7.05,1,,,,,,,,,,,,,,,,,,,,,,,,D
2020-02-22,2020,Kashiwa Reysol,Hokkaido Consadole Sapporo,4,2,H,O,1.9,3.78,3.57,1,,,,,,,,,,,,,,,,,,,,,,,,H
2020-02-22,2020,Cerezo Osaka,Oita Trinita,1,0,H,U,1.97,3.23,3.96,1,,,,,,,,,,,,,,,,,,,,,,,,H
2020-02-21,2020,Shonan Bellmare,Urawa Reds,2,3,A,O,3.33,3.46,2.08,1,,,,,,,,,,,,,,,,,,,,,,,,A
2019-12-14,2019,Shonan Bellmare,Tokushima,1,1,D,U,2.59,3.11,2.72,18,1.0,,3.0,,1.0,,,14.0,,,-13.0,,,0.0,,,3.0,,,29.4,52.9,,,A
2019-12-08,2019,Tokushima,Montedio Yamagata,1,0,H,U,2.29,3.06,3.21,2,,,,,,,,,,,,,,,,,,,,0.0,0.0,100.0,0.0,
2019-12-07,2019,Yokohama F. Marinos,FC Tokyo,3,0,H,O,1.91,3.85,3.49,17,4.0,3.0,0.0,1.0,13.0,7.0,6.0,4.0,3.0,1.0,9.0,4.0,5.0,4.0,2.0,2.0,0.0,0.0,0.0,68.8,12.5,43.8,25.0,H
2019-12-07,2019,Yamaga,Shonan Bellmare,1,1,D,U,3.9,3.55,1.89,17,0.0,0.0,1.0,3.0,1.0,3.0,-2.0,2.0,7.0,-5.0,-1.0,-4.0,3.0,0.0,0.0,0.0,0.0,1.0,-1.0,12.5,43.8,31.2,56.2,D
2019-12-07,2019,Vissel Kobe,Iwata,4,1,H,O,1.56,4.32,5.15,17,3.0,3.0,1.0,1.0,6.0,6.0,0.0,4.0,5.0,-1.0,2.0,1.0,1.0,1.0,0.0,1.0,1.0,1.0,0.0,43.8,37.5,37.5,50.0,H
2019-12-07,2019,Urawa Reds,Gamba Osaka,2,3,A,O,2.66,3.39,2.51,17,1.0,1.0,3.0,3.0,3.0,6.0,-3.0,6.0,8.0,-2.0,-3.0,-2.0,-1.0,0.0,1.0,-1.0,1.0,2.0,-1.0,25.0,56.2,25.0,43.8,A
2019-12-07,2019,Shimizu S-Pulse,Sagan Tosu,1,0,H,U,2.46,3.3,2.78,17,1.0,1.0,2.0,1.0,6.0,5.0,1.0,7.0,5.0,2.0,-1.0,0.0,-1.0,0.0,0.0,0.0,0.0,0.0,0.0,37.5,56.2,18.8,56.2,D
2019-12-07,2019,Sanfrecce Hiroshima,Vegalta Sendai,1,0,H,U,1.6,4.08,5.11,17,1.0,2.0,0.0,2.0,8.0,5.0,3.0,4.0,5.0,-1.0,4.0,0.0,4.0,1.0,2.0,-1.0,0.0,2.0,-2.0,37.5,18.8,18.8,75.0,D
2019-12-07,2019,Oita Trinita,Cerezo Osaka,0,2,A,U,3.58,3.34,2.04,17,2.0,3.0,2.0,1.0,5.0,5.0,0.0,6.0,2.0,4.0,-1.0,3.0,-4.0,0.0,1.0,-1.0,1.0,0.0,1.0,43.8,37.5,50.0,37.5,A
2019-12-07,2019,Nagoya Grampus,Kashima Antlers,0,1,A,U,3.22,3.2,2.22,17,1.0,2.0,1.0,0.0,4.0,6.0,-2.0,3.0,1.0,2.0,1.0,5.0,-4.0,1.0,1.0,0.0,1.0,0.0,1.0,43.8,37.5,37.5,25.0,A
2019-12-07,2019,Hokkaido Consadole Sapporo,Kawasaki Frontale,1,2,A,O,3.65,3.89,1.86,17,1.0,3.0,3.0,0.0,5.0,11.0,-6.0,6.0,2.0,4.0,-1.0,9.0,-10.0,1.0,3.0,-2.0,1.0,0.0,1.0,43.8,31.2,62.5,18.8,A
2019-12-01,2019,Tokushima,Kofu,1,1,D,U,2.69,3.11,2.6,1,,,,,,,,,,,,,,,,,,,,,,,,
2019-12-01,2019,Omiya Ardija,Montedio Yamagata,0,2,A,U,2.04,3.17,3.67,1,,,,,,,,,,,,,,,,,,,,,,,,
2019-11-30,2019,Vegalta Sendai,Oita Trinita,2,0,H,U,2.2,3.41,3.1,17,1.0,1.0,1.0,0.0,4.0,3.0,1.0,3.0,2.0,1.0,1.0,1.0,0.0,1.0,0.0,1.0,0.0,0.0,0.0,50.0,25.0,31.2,18.8,H
2019-11-30,2019,Shonan Bellmare,Sanfrecce Hiroshima,1,0,H,U,3.41,3.55,2.02,17,0.0,2.0,3.0,2.0,1.0,5.0,-4.0,15.0,6.0,9.0,-14.0,-1.0,-13.0,0.0,1.0,-1.0,3.0,1.0,2.0,25.0,56.2,50.0,31.2,H
2019-11-30,2019,Sagan Tosu,Hokkaido Consadole Sapporo,0,2,A,U,2.3,3.52,2.83,17,2.0,1.0,1.0,2.0,7.0,6.0,1.0,6.0,12.0,-6.0,1.0,-6.0,7.0,0.0,0.0,0.0,0.0,2.0,-2.0,43.8,43.8,31.2,50.0,A
2019-11-30,2019,Kawasaki Frontale,Yokohama F. Marinos,1,4,A,O,2.29,3.63,2.79,17,2.0,3.0,1.0,0.0,7.0,6.0,1.0,5.0,2.0,3.0,2.0,4.0,-2.0,1.0,1.0,0.0,0.0,0.0,0.0,31.2,12.5,56.2,37.5,A
2019-11-30,2019,Kashima Antlers,Vissel Kobe,1,3,A,O,1.55,4.22,5.26,17,2.0,2.0,1.0,2.0,4.0,10.0,-6.0,3.0,11.0,-8.0,1.0,-1.0,2.0,1.0,1.0,0.0,1.0,2.0,-1.0,68.8,12.5,31.2,56.2,A
2019-11-30,2019,Iwata,Nagoya Grampus,2,1,H,O,2.54,3.56,2.52,17,0.0,0.0,3.0,2.0,2.0,4.0,-2.0,7.0,8.0,-1.0,-5.0,-4.0,-1.0,0.0,0.0,0.0,2.0,1.0,1.0,6.2,62.5,12.5,43.8,D
2019-11-30,2019,Gamba Osaka,Yamaga,4,1,H,O,2.14,3.29,3.35,17,3.0,1.0,0.0,2.0,10.0,3.0,7.0,2.0,4.0,-2.0,8.0,-1.0,9.0,2.0,0.0,2.0,0.0,0.0,0.0,37.5,25.0,25.0,43.8,H
2019-11-30,2019,FC Tokyo,Urawa Reds,1,1,D,U,1.95,3.32,3.9,17,2.0,0.0,1.0,1.0,5.0,5.0,0.0,2.0,6.0,-4.0,3.0,-1.0,4.0,1.0,0.0,1.0,0.0,0.0,0.0,75.0,18.8,31.2,31.2,A
2019-11-30,2019,Cerezo Osaka,Shimizu S-Pulse,2,1,H,O,1.97,3.49,3.59,17,2.0,1.0,1.0,2.0,5.0,9.0,-4.0,3.0,6.0,-3.0,2.0,3.0,-1.0,1.0,1.0,0.0,0.0,1.0,-1.0,50.0,31.2,25.0,43.8,A
2019-11-23,2019,Yamaga,Yokohama F. Marinos,0,1,A,U,3.71,3.65,1.91,16,0.0,3.0,0.0,0.0,2.0,10.0,-8.0,2.0,3.0,-1.0,0.0,7.0,-7.0,0.0,2.0,-2.0,0.0,0.0,0.0,13.3,40.0,53.3,40.0,A
2019-11-23,2019,Vissel Kobe,Cerezo Osaka,1,0,H,U,2.52,3.54,2.58,16,2.0,4.0,2.0,0.0,7.0,7.0,0.0,7.0,2.0,5.0,0.0,5.0,-5.0,1.0,1.0,0.0,1.0,0.0,1.0,40.0,40.0,53.3,33.3,D
2019-11-23,2019,Shimizu S-Pulse,Oita Trinita,1,1,D,U,2.08,3.49,3.33,16,1.0,1.0,3.0,0.0,5.0,2.0,3.0,10.0,1.0,9.0,-5.0,1.0,-6.0,0.0,0.0,0.0,1.0,0.0,1.0,40.0,60.0,33.3,20.0,A
2019-11-23,2019,Sanfrecce Hiroshima,Kashima Antlers,0,0,D,U,2.47,3.35,2.73,16,1.0,3.0,0.0,0.0,8.0,7.0,1.0,4.0,1.0,3.0,4.0,6.0,-2.0,1.0,1.0,0.0,0.0,0.0,0.0,40.0,20.0,40.0,26.7,D
2019-11-23,2019,Nagoya Grampus,Sagan Tosu,0,0,D,U,2.06,3.21,3.7,16,1.0,2.0,2.0,1.0,5.0,7.0,-2.0,5.0,6.0,-1.0,0.0,1.0,-1.0,1.0,0.0,1.0,1.0,0.0,1.0,46.7,40.0,20.0,60.0,D
2019-11-23,2019,Hokkaido Consadole Sapporo,Iwata,1,2,A,O,2.01,3.82,3.24,16,1.0,2.0,2.0,1.0,5.0,5.0,0.0,5.0,5.0,0.0,0.0,0.0,0.0,1.0,0.0,1.0,1.0,1.0,0.0,46.7,26.7,33.3,53.3,A
2019-11-23,2019,Gamba Osaka,Vegalta Sendai,2,0,H,U,2.05,3.39,3.48,16,2.0,2.0,0.0,2.0,9.0,6.0,3.0,3.0,5.0,-2.0,6.0,1.0,5.0,1.0,2.0,-1.0,0.0,1.0,-1.0,33.3,26.7,20.0,73.3,D
2019-11-23,2019,FC Tokyo,Shonan Bellmare,1,1,D,U,1.73,3.69,4.57,16,2.0,0.0,2.0,3.0,4.0,3.0,1.0,4.0,7.0,-3.0,0.0,-4.0,4.0,1.0,0.0,1.0,1.0,1.0,0.0,80.0,20.0,33.3,60.0,A
2019-11-10,2019,Vegalta Sendai,Shimizu S-Pulse,2,0,H,U,2.18,3.38,3.19,16,0.0,2.0,1.0,1.0,4.0,10.0,-6.0,5.0,4.0,1.0,-1.0,6.0,-7.0,0.0,1.0,-1.0,0.0,0.0,0.0,46.7,26.7,26.7,40.0,H
2019-11-10,2019,Sagan Tosu,Yamaga,1,0,H,U,2.24,3.04,3.39,16,2.0,2.0,1.0,1.0,8.0,5.0,3.0,7.0,4.0,3.0,1.0,1.0,0.0,0.0,0.0,0.0,0.0,0.0,0.0,40.0,46.7,26.7,40.0,H
2019-11-10,2019,Oita Trinita,Gamba Osaka,2,1,H,O,2.68,3.44,2.47,16,1.0,1.0,3.0,2.0,3.0,7.0,-4.0,6.0,8.0,-2.0,-3.0,-1.0,-2.0,0.0,1.0,-1.0,1.0,2.0,-1.0,40.0,40.0,26.7,40.0,D
2019-11-09,2019,Yokohama F. Marinos,Hokkaido Consadole Sapporo,4,2,H,O,1.61,4.53,4.39,16,3.0,2.0,1.0,1.0,10.0,12.0,-2.0,4.0,8.0,-4.0,6.0,4.0,2.0,3.0,1.0,2.0,0.0,1.0,-1.0,66.7,13.3,33.3,46.7,H
2019-11-09,2019,Nagoya Grampus,Vissel Kobe,3,0,H,O,2.23,3.75,2.82,15,0.0,2.0,3.0,1.0,3.0,11.0,-8.0,10.0,9.0,1.0,-7.0,2.0,-9.0,0.0,1.0,-1.0,2.0,1.0,1.0,42.9,42.9,33.3,53.3,H
2019-11-09,2019,Kashima Antlers,Kawasaki Frontale,0,2,A,U,2.86,3.33,2.39,16,2.0,2.0,0.0,1.0,6.0,10.0,-4.0,3.0,4.0,-1.0,3.0,6.0,-3.0,1.0,2.0,-1.0,0.0,0.0,0.0,73.3,6.7,60.0,20.0,D
2019-11-09,2019,Iwata,FC Tokyo,0,1,A,U,3.9,3.36,1.94,16,0.0,2.0,3.0,1.0,2.0,6.0,-4.0,8.0,3.0,5.0,-6.0,3.0,-9.0,0.0,2.0,-2.0,3.0,0.0,3.0,6.7,60.0,40.0,26.7,D
2019-11-09,2019,Cerezo Osaka,Shonan Bellmare,1,0,H,U,1.81,3.58,4.24,16,2.0,1.0,1.0,2.0,6.0,6.0,0.0,4.0,8.0,-4.0,2.0,-2.0,4.0,1.0,0.0,1.0,0.0,1.0,-1.0,46.7,33.3,35.7,57.1,D
2019-11-05,2019,Urawa Reds,Kawasaki Frontale,0,2,A,U,4.79,3.87,1.66,16,1.0,1.0,3.0,1.0,4.0,10.0,-6.0,6.0,6.0,0.0,-2.0,4.0,-6.0,0.0,1.0,-1.0,0.0,0.0,0.0,26.7,53.3,57.1,21.4,A
2019-11-03,2019,Shonan Bellmare,Gamba Osaka,0,3,A,O,3.0,3.49,2.22,16,0.0,0.0,3.0,2.0,3.0,6.0,-3.0,15.0,10.0,5.0,-12.0,-4.0,-8.0,0.0,0.0,0.0,2.0,2.0,0.0,26.7,53.3,21.4,42.9,A
2019-11-02,2019,Vissel Kobe,Vegalta Sendai,2,0,H,U,1.83,3.65,3.99,15,2.0,2.0,2.0,2.0,8.0,6.0,2.0,7.0,4.0,3.0,1.0,2.0,-1.0,1.0,2.0,-1.0,1.0,0.0,1.0,35.7,42.9,21.4,71.4,H
2019-11-02,2019,Shimizu S-Pulse,Iwata,1,2,A,O,2.1,3.51,3.25,15,1.0,1.0,3.0,2.0,4.0,4.0,0.0,16.0,6.0,10.0,-12.0,-2.0,-10.0,0.0,0.0,0.0,2.0,1.0,1.0,42.9,57.1,28.6,57.1,A
2019-11-02,2019,Sagan Tosu,Yokohama F. Marinos,1,2,A,O,3.18,3.64,2.09,15,2.0,2.0,1.0,1.0,8.0,9.0,-1.0,11.0,4.0,7.0,-3.0,5.0,-8.0,0.0,2.0,-2.0,1.0,0.0,1.0,42.9,42.9,50.0,42.9,A
2019-11-02,2019,Oita Trinita,FC Tokyo,0,2,A,U,3.58,3.2,2.1,15,1.0,1.0,2.0,2.0,4.0,4.0,0.0,5.0,5.0,0.0,-1.0,-1.0,0.0,0.0,1.0,-1.0,0.0,1.0,-1.0,42.9,35.7,35.7,28.6,A
2019-11-02,2019,Kawasaki Frontale,Sanfrecce Hiroshima,2,1,H,O,2.17,3.28,3.29,16,1.0,3.0,1.0,1.0,5.0,5.0,0.0,4.0,4.0,0.0,1.0,1.0,0.0,1.0,1.0,0.0,0.0,1.0,-1.0,26.7,13.3,53.3,26.7,H
2019-11-02,2019,Hokkaido Consadole Sapporo,Nagoya Grampus,3,0,H,O,2.27,3.71,2.78,15,0.0,0.0,2.0,1.0,3.0,6.0,-3.0,6.0,7.0,-1.0,-3.0,-1.0,-2.0,0.0,0.0,0.0,1.0,0.0,1.0,42.9,28.6,13.3,40.0,H
2019-11-02,2019,Cerezo Osaka,Yamaga,1,1,D,U,1.95,3.2,4.11,15,2.0,2.0,2.0,2.0,6.0,4.0,2.0,5.0,4.0,1.0,1.0,0.0,1.0,1.0,0.0,1.0,0.0,0.0,0.0,50.0,35.7,28.6,42.9,H
2019-11-01,2019,Kashima Antlers,Urawa Reds,1,0,H,U,1.92,3.47,3.85,15,2.0,0.0,0.0,1.0,7.0,5.0,2.0,4.0,8.0,-4.0,3.0,-3.0,6.0,1.0,0.0,1.0,0.0,1.0,-1.0,71.4,7.1,33.3,26.7,D
2019-10-29,2019,Sanfrecce Hiroshima,Urawa Reds,1,1,D,U,2.04,3.3,3.59,15,2.0,0.0,0.0,1.0,8.0,5.0,3.0,3.0,8.0,-5.0,5.0,-3.0,8.0,1.0,0.0,1.0,0.0,1.0,-1.0,42.9,21.4,35.7,28.6,D
2019-10-19,2019,Yokohama F. Marinos,Shonan Bellmare,3,1,H,O,1.43,4.9,5.99,15,2.0,1.0,2.0,2.0,7.0,7.0,0.0,4.0,10.0,-6.0,3.0,-3.0,6.0,2.0,0.0,2.0,0.0,1.0,-1.0,64.3,14.3,38.5,53.8,H
2019-10-19,2019,Vissel Kobe,FC Tokyo,1,3,A,O,2.51,3.36,2.67,14,2.0,1.0,1.0,2.0,9.0,3.0,6.0,6.0,5.0,1.0,3.0,-2.0,5.0,1.0,0.0,1.0,0.0,1.0,-1.0,38.5,38.5,30.8,30.8,A
2019-10-19,2019,Shimizu S-Pulse,Sanfrecce Hiroshima,1,2,A,O,3.44,3.58,2.0,14,2.0,2.0,2.0,1.0,4.0,4.0,0.0,14.0,4.0,10.0,-10.0,0.0,-10.0,0.0,1.0,-1.0,2.0,1.0,1.0,46.2,53.8,50.0,28.6,H
2019-10-19,2019,Nagoya Grampus,Vegalta Sendai,0,2,A,U,1.94,3.73,3.51,14,1.0,1.0,2.0,2.0,6.0,4.0,2.0,8.0,4.0,4.0,-2.0,0.0,-2.0,1.0,1.0,0.0,1.0,0.0,1.0,46.2,38.5,15.4,76.9,A
2019-10-19,2019,Iwata,Sagan Tosu,2,2,D,O,2.59,3.26,2.65,15,0.0,2.0,4.0,2.0,2.0,6.0,-4.0,9.0,6.0,3.0,-7.0,0.0,-7.0,0.0,0.0,0.0,3.0,0.0,3.0,7.1,64.3,21.4,64.3,D
2019-10-19,2019,Gamba Osaka,Kawasaki Frontale,2,2,D,O,3.49,3.51,2.0,15,2.0,1.0,0.0,2.0,8.0,8.0,0.0,2.0,7.0,-5.0,6.0,1.0,5.0,1.0,1.0,0.0,0.0,1.0,-1.0,35.7,28.6,61.5,23.1,H
2019-10-18,2019,Yamaga,Kashima Antlers,1,1,D,U,3.27,3.12,2.24,15,0.0,3.0,0.0,1.0,3.0,8.0,-5.0,3.0,3.0,0.0,0.0,5.0,-5.0,0.0,1.0,-1.0,0.0,0.0,0.0,14.3,42.9,42.9,28.6,H
2019-10-18,2019,Urawa Reds,Oita Trinita,0,1,A,U,1.94,3.42,3.79,15,1.0,0.0,2.0,0.0,6.0,3.0,3.0,7.0,3.0,4.0,-1.0,0.0,-1.0,0.0,0.0,0.0,0.0,0.0,0.0,28.6,50.0,28.6,21.4,D
2019-10-18,2019,Hokkaido Consadole Sapporo,Cerezo Osaka,0,1,A,U,2.63,3.4,2.5,14,1.0,3.0,1.0,1.0,8.0,6.0,2.0,7.0,5.0,2.0,1.0,1.0,0.0,1.0,1.0,0.0,1.0,1.0,0.0,46.2,23.1,50.0,35.7,A
2019-10-06,2019,Urawa Reds,Shimizu S-Pulse,2,1,H,O,1.92,3.58,3.72,14,0.0,2.0,2.0,1.0,5.0,9.0,-4.0,7.0,3.0,4.0,-2.0,6.0,-8.0,0.0,1.0,-1.0,0.0,0.0,0.0,23.1,53.8,28.6,35.7,D
2019-10-06,2019,Shonan Bellmare,Kawasaki Frontale,0,5,A,O,4.66,3.91,1.67,15,1.0,0.0,2.0,3.0,6.0,5.0,1.0,12.0,10.0,2.0,-6.0,-5.0,-1.0,0.0,0.0,0.0,1.0,1.0,0.0,28.6,50.0,58.3,25.0,A
2019-10-06,2019,Cerezo Osaka,Kashima Antlers,0,1,A,U,2.33,3.3,2.95,14,2.0,2.0,1.0,1.0,6.0,8.0,-2.0,4.0,4.0,0.0,2.0,4.0,-2.0,1.0,1.0,0.0,0.0,0.0,0.0,53.8,30.8,38.5,30.8,A
2019-10-05,2019,Vegalta Sendai,Yamaga,0,1,A,U,1.96,3.33,3.84,15,1.0,1.0,0.0,2.0,6.0,3.0,3.0,5.0,4.0,1.0,1.0,-1.0,2.0,0.0,0.0,0.0,0.0,0.0,0.0,50.0,21.4,23.1,46.2,A
2019-10-05,2019,Sanfrecce Hiroshima,Vissel Kobe,6,2,H,O,2.56,3.36,2.61,14,2.0,2.0,0.0,1.0,5.0,10.0,-5.0,3.0,6.0,-3.0,2.0,4.0,-2.0,0.0,1.0,-1.0,0.0,1.0,-1.0,38.5,23.1,35.7,50.0,H
2019-10-05,2019,Sagan Tosu,FC Tokyo,2,1,H,O,3.49,3.31,2.08,14,1.0,1.0,1.0,1.0,8.0,3.0,5.0,12.0,4.0,8.0,-4.0,-1.0,-3.0,0.0,0.0,0.0,1.0,1.0,0.0,38.5,46.2,33.3,25.0,D
2019-10-05,2019,Nagoya Grampus,Oita Trinita,1,1,D,U,1.83,3.74,3.94,13,1.0,0.0,2.0,1.0,7.0,3.0,4.0,9.0,5.0,4.0,-2.0,-2.0,0.0,1.0,0.0,1.0,1.0,1.0,0.0,50.0,41.7,30.8,23.1,D
2019-10-05,2019,Iwata,Yokohama F. Marinos,0,2,A,U,4.02,4.1,1.73,14,0.0,2.0,4.0,1.0,3.0,9.0,-6.0,10.0,4.0,6.0,-7.0,5.0,-12.0,0.0,2.0,-2.0,3.0,0.0,3.0,7.7,61.5,46.2,46.2,A
2019-10-04,2019,Gamba Osaka,Hokkaido Consadole Sapporo,5,0,H,O,2.42,3.53,2.66,14,2.0,2.0,0.0,1.0,4.0,12.0,-8.0,2.0,4.0,-2.0,2.0,8.0,-6.0,0.0,1.0,-1.0,0.0,0.0,0.0,30.8,30.8,35.7,42.9,D
2019-09-29,2019,Yamaga,FC Tokyo,0,0,D,U,4.33,3.17,1.91,14,0.0,2.0,1.0,1.0,3.0,5.0,-2.0,4.0,4.0,0.0,-1.0,1.0,-2.0,0.0,1.0,-1.0,0.0,1.0,-1.0,15.4,46.2,36.4,27.3,D
2019-09-29,2019,Shonan Bellmare,Shimizu S-Pulse,0,6,A,O,2.46,3.49,2.66,14,2.0,1.0,1.0,2.0,9.0,5.0,4.0,7.0,7.0,0.0,2.0,-2.0,4.0,1.0,0.0,1.0,0.0,1.0,-1.0,30.8,46.2,23.1,38.5,A
2019-09-28,2019,Vegalta Sendai,Yokohama F. Marinos,1,1,D,U,2.77,3.64,2.3,14,1.0,2.0,1.0,2.0,5.0,10.0,-5.0,8.0,7.0,1.0,-3.0,3.0,-6.0,0.0,2.0,-2.0,1.0,1.0,0.0,53.8,23.1,50.0,50.0,A
2019-09-28,2019,Sanfrecce Hiroshima,Nagoya Grampus,1,1,D,U,2.28,3.36,3.03,13,2.0,0.0,0.0,2.0,5.0,5.0,0.0,3.0,9.0,-6.0,2.0,-4.0,6.0,0.0,0.0,0.0,0.0,1.0,-1.0,41.7,25.0,14.3,42.9,D
2019-09-28,2019,Sagan Tosu,Urawa Reds,3,3,D,O,2.66,3.25,2.6,13,1.0,1.0,2.0,1.0,5.0,5.0,0.0,11.0,6.0,5.0,-6.0,-1.0,-5.0,0.0,1.0,-1.0,2.0,1.0,1.0,41.7,50.0,38.5,30.8,A
2019-09-28,2019,Oita Trinita,Iwata,1,2,A,O,2.27,3.3,3.08,14,2.0,1.0,1.0,2.0,5.0,3.0,2.0,4.0,5.0,-1.0,1.0,-2.0,3.0,0.0,0.0,0.0,0.0,1.0,-1.0,46.2,30.8,23.1,61.5,D
2019-09-28,2019,Kawasaki Frontale,Vissel Kobe,1,2,A,O,2.01,3.71,3.31,15,2.0,1.0,0.0,2.0,7.0,9.0,-2.0,3.0,7.0,-4.0,4.0,2.0,2.0,2.0,1.0,1.0,0.0,1.0,-1.0,28.6,7.1,30.8,53.8,A
2019-09-28,2019,Kashima Antlers,Hokkaido Consadole Sapporo,1,1,D,U,1.86,3.8,3.75,14,3.0,2.0,0.0,2.0,8.0,12.0,-4.0,4.0,5.0,-1.0,4.0,7.0,-3.0,1.0,1.0,0.0,0.0,0.0,0.0,76.9,7.7,38.5,46.2,A
2019-09-28,2019,Cerezo Osaka,Gamba Osaka,3,1,H,O,2.12,3.36,3.32,13,2.0,0.0,1.0,1.0,6.0,7.0,-1.0,3.0,9.0,-6.0,3.0,-2.0,5.0,1.0,0.0,1.0,0.0,1.0,-1.0,50.0,33.3,23.1,38.5,H
2019-09-14,2019,Yokohama F. Marinos,Sanfrecce Hiroshima,3,0,H,O,2.36,3.4,2.84,14,2.0,2.0,2.0,0.0,7.0,6.0,1.0,5.0,3.0,2.0,2.0,3.0,-1.0,2.0,1.0,1.0,0.0,0.0,0.0,61.5,15.4,53.8,23.1,D
2019-09-14,2019,Vissel Kobe,Yamaga,2,1,H,O,1.68,3.78,4.77,13,1.0,1.0,2.0,1.0,7.0,3.0,4.0,7.0,3.0,4.0,0.0,0.0,0.0,1.0,0.0,1.0,1.0,0.0,1.0,33.3,41.7,25.0,41.7,H
2019-09-14,2019,Oita Trinita,Shonan Bellmare,2,1,H,O,2.25,3.3,3.1,13,2.0,2.0,1.0,1.0,5.0,8.0,-3.0,3.0,8.0,-5.0,2.0,0.0,2.0,1.0,1.0,0.0,0.0,1.0,-1.0,41.7,33.3,41.7,50.0,H
2019-09-14,2019,Kawasaki Frontale,Iwata,2,0,H,U,1.44,4.45,6.52,14,1.0,1.0,0.0,2.0,5.0,3.0,2.0,3.0,5.0,-2.0,2.0,-2.0,4.0,1.0,0.0,1.0,0.0,1.0,-1.0,23.1,7.7,25.0,58.3,H
2019-09-14,2019,Kashima Antlers,FC Tokyo,2,0,H,U,2.4,3.22,2.91,13,3.0,2.0,0.0,1.0,8.0,5.0,3.0,4.0,4.0,0.0,4.0,1.0,3.0,1.0,1.0,0.0,0.0,1.0,-1.0,75.0,8.3,40.0,20.0,H
2019-09-14,2019,Hokkaido Consadole Sapporo,Vegalta Sendai,1,3,A,O,1.74,3.91,4.16,13,1.0,0.0,0.0,3.0,8.0,1.0,7.0,5.0,4.0,1.0,3.0,-3.0,6.0,1.0,0.0,1.0,0.0,0.0,0.0,50.0,16.7,8.3,83.3,A
2019-09-14,2019,Gamba Osaka,Sagan Tosu,1,0,H,U,1.82,3.68,4.02,13,2.0,2.0,0.0,1.0,4.0,6.0,-2.0,2.0,5.0,-3.0,2.0,1.0,1.0,0.0,0.0,0.0,0.0,0.0,0.0,25.0,33.3,23.1,61.5,D
2019-09-13,2019,Urawa Reds,Cerezo Osaka,1,2,A,O,2.97,3.26,2.34,13,1.0,2.0,1.0,1.0,5.0,5.0,0.0,5.0,5.0,0.0,0.0,0.0,0.0,0.0,1.0,-1.0,0.0,1.0,-1.0,25.0,50.0,46.2,38.5,D
2019-09-13,2019,Shimizu S-Pulse,Nagoya Grampus,3,2,H,O,2.92,3.63,2.22,13,1.0,0.0,3.0,2.0,1.0,6.0,-5.0,14.0,11.0,3.0,-13.0,-5.0,-8.0,0.0,0.0,0.0,3.0,2.0,1.0,41.7,58.3,15.4,38.5,D
2019-09-01,2019,Shonan Bellmare,Urawa Reds,1,1,D,U,2.94,3.42,2.29,13,2.0,1.0,2.0,2.0,8.0,5.0,3.0,8.0,8.0,0.0,0.0,-3.0,3.0,1.0,1.0,0.0,1.0,2.0,-1.0,33.3,50.0,41.7,33.3,A
2019-09-01,2019,Shimizu S-Pulse,Kashima Antlers,0,4,A,O,2.99,3.37,2.28,12,2.0,2.0,2.0,1.0,3.0,8.0,-5.0,11.0,4.0,7.0,-8.0,4.0,-12.0,0.0,1.0,-1.0,2.0,0.0,2.0,45.5,54.5,33.3,33.3,A
2019-09-01,2019,Cerezo Osaka,Kawasaki Frontale,2,1,H,O,3.07,3.14,2.35,12,2.0,1.0,1.0,2.0,6.0,7.0,-1.0,2.0,8.0,-6.0,4.0,-1.0,5.0,2.0,1.0,1.0,0.0,1.0,-1.0,45.5,36.4,63.6,18.2,D
2019-08-31,2019,Yokohama F. Marinos,Gamba Osaka,3,1,H,O,1.92,3.93,3.39,13,2.0,0.0,2.0,1.0,5.0,7.0,-2.0,4.0,9.0,-5.0,1.0,-2.0,3.0,1.0,0.0,1.0,0.0,1.0,-1.0,58.3,16.7,25.0,33.3,H
2019-08-31,2019,Yamaga,Oita Trinita,0,0,D,U,2.74,2.86,2.82,13,0.0,0.0,2.0,2.0,4.0,3.0,1.0,7.0,6.0,1.0,-3.0,-3.0,0.0,0.0,0.0,0.0,1.0,1.0,0.0,16.7,50.0,33.3,25.0,D
2019-08-31,2019,Vissel Kobe,Hokkaido Consadole Sapporo,2,3,A,O,2.62,3.84,2.34,12,2.0,1.0,1.0,3.0,10.0,10.0,0.0,7.0,5.0,2.0,3.0,5.0,-2.0,2.0,1.0,1.0,1.0,0.0,1.0,36.4,36.4,33.3,50.0,D
2019-08-31,2019,Sagan Tosu,Vegalta Sendai,2,1,H,O,2.7,3.28,2.54,12,1.0,1.0,2.0,2.0,7.0,1.0,6.0,12.0,2.0,10.0,-5.0,-1.0,-4.0,1.0,0.0,1.0,2.0,0.0,2.0,36.4,54.5,9.1,81.8,A
2019-08-31,2019,Iwata,Sanfrecce Hiroshima,0,2,A,U,3.5,3.33,2.07,13,0.0,2.0,4.0,0.0,4.0,6.0,-2.0,11.0,3.0,8.0,-7.0,3.0,-10.0,0.0,1.0,-1.0,3.0,0.0,3.0,8.3,58.3,50.0,25.0,D
2019-08-30,2019,Nagoya Grampus,FC Tokyo,1,2,A,O,2.82,3.43,2.36,12,1.0,1.0,2.0,2.0,6.0,3.0,3.0,9.0,4.0,5.0,-3.0,-1.0,-2.0,1.0,1.0,0.0,2.0,1.0,1.0,54.5,36.4,33.3,22.2,A
2019-08-24,2019,Vegalta Sendai,Shonan Bellmare,1,1,D,U,2.09,3.57,3.23,13,2.0,2.0,1.0,2.0,6.0,7.0,-1.0,8.0,8.0,0.0,-2.0,-1.0,-1.0,0.0,1.0,-1.0,1.0,1.0,0.0,58.3,25.0,45.5,54.5,D
2019-08-24,2019,Sanfrecce Hiroshima,Oita Trinita,0,0,D,U,2.0,3.23,3.87,12,3.0,0.0,0.0,2.0,7.0,5.0,2.0,3.0,8.0,-5.0,4.0,-3.0,7.0,1.0,0.0,1.0,0.0,1.0,-1.0,45.5,27.3,36.4,27.3,D
2019-08-24,2019,Nagoya Grampus,Yokohama F. Marinos,1,5,A,O,2.2,3.79,2.85,11,1.0,1.0,2.0,3.0,6.0,7.0,-1.0,6.0,9.0,-3.0,0.0,-2.0,2.0,1.0,1.0,0.0,1.0,1.0,0.0,60.0,30.0,45.5,54.5,A
2019-08-24,2019,Kawasaki Frontale,Shimizu S-Pulse,2,2,D,O,1.5,4.23,6.01,13,1.0,2.0,0.0,2.0,4.0,5.0,-1.0,2.0,6.0,-4.0,2.0,-1.0,3.0,1.0,0.0,1.0,0.0,1.0,-1.0,25.0,8.3,25.0,41.7,D
2019-08-24,2019,Iwata,Cerezo Osaka,0,2,A,U,3.54,3.37,2.05,12,0.0,2.0,3.0,1.0,4.0,5.0,-1.0,9.0,5.0,4.0,-5.0,0.0,-5.0,0.0,1.0,-1.0,2.0,1.0,1.0,9.1,54.5,41.7,41.7,A
2019-08-24,2019,Hokkaido Consadole Sapporo,FC Tokyo,1,1,D,U,2.45,3.36,2.75,12,2.0,1.0,0.0,2.0,10.0,2.0,8.0,5.0,3.0,2.0,5.0,-1.0,6.0,2.0,1.0,1.0,0.0,1.0,-1.0,54.5,18.2,37.5,25.0,A
2019-08-23,2019,Urawa Reds,Yamaga,1,2,A,O,2.32,3.09,3.19,12,2.0,0.0,0.0,2.0,6.0,1.0,5.0,4.0,3.0,1.0,2.0,-2.0,4.0,0.0,0.0,0.0,0.0,0.0,0.0,27.3,45.5,18.2,45.5,H
2019-08-23,2019,Sagan Tosu,Vissel Kobe,1,6,A,O,3.37,3.64,2.01,11,1.0,1.0,2.0,2.0,6.0,4.0,2.0,7.0,6.0,1.0,-1.0,-2.0,1.0,1.0,0.0,1.0,1.0,1.0,0.0,40.0,50.0,25.0,58.3,A
2019-08-23,2019,Kashima Antlers,Gamba Osaka,2,2,D,O,2.12,3.5,3.23,12,3.0,1.0,0.0,1.0,8.0,8.0,0.0,4.0,8.0,-4.0,4.0,0.0,4.0,1.0,1.0,0.0,0.0,1.0,-1.0,81.8,9.1,27.3,36.4,D
2019-08-18,2019,Yamaga,Nagoya Grampus,1,1,D,U,3.98,3.55,1.86,12,0.0,0.0,3.0,2.0,3.0,6.0,-3.0,7.0,11.0,-4.0,-4.0,-5.0,1.0,0.0,0.0,0.0,1.0,2.0,-1.0,18.2,54.5,16.7,41.7,D
2019-08-18,2019,Gamba Osaka,Iwata,1,1,D,U,1.96,3.58,3.58,12,2.0,1.0,0.0,3.0,4.0,2.0,2.0,2.0,6.0,-4.0,2.0,-4.0,6.0,0.0,0.0,0.0,0.0,2.0,-2.0,27.3,36.4,27.3,63.6,H
2019-08-17,2019,Yokohama F. Marinos,Cerezo Osaka,1,2,A,O,2.6,3.45,2.54,12,3.0,1.0,1.0,2.0,5.0,3.0,2.0,2.0,6.0,-4.0,3.0,-3.0,6.0,1.0,1.0,0.0,0.0,2.0,-2.0,63.6,9.1,36.4,45.5,A
2019-08-17,2019,Vissel Kobe,Urawa Reds,3,0,H,O,2.4,3.55,2.7,11,1.0,1.0,1.0,2.0,9.0,5.0,4.0,9.0,7.0,2.0,0.0,-2.0,2.0,1.0,1.0,0.0,1.0,2.0,-1.0,30.0,40.0,45.5,27.3,H
2019-08-17,2019,Vegalta Sendai,Kawasaki Frontale,2,2,D,O,3.75,3.58,1.91,12,3.0,2.0,1.0,2.0,6.0,8.0,-2.0,6.0,7.0,-1.0,0.0,1.0,-1.0,1.0,2.0,-1.0,1.0,1.0,0.0,63.6,27.3,70.0,20.0,A
2019-08-17,2019,Shonan Bellmare,Sagan Tosu,2,3,A,O,2.3,3.28,3.03,12,2.0,1.0,2.0,2.0,7.0,4.0,3.0,7.0,6.0,1.0,0.0,-2.0,2.0,1.0,0.0,1.0,1.0,1.0,0.0,36.4,45.5,16.7,66.7,A
2019-08-17,2019,Shimizu S-Pulse,Hokkaido Consadole Sapporo,0,8,A,O,2.69,3.55,2.41,11,3.0,0.0,1.0,3.0,6.0,3.0,3.0,5.0,6.0,-1.0,1.0,-3.0,4.0,0.0,0.0,0.0,1.0,0.0,1.0,50.0,50.0,27.3,54.5,A
2019-08-17,2019,Oita Trinita,Kashima Antlers,0,1,A,U,2.67,3.32,2.53,12,2.0,1.0,0.0,1.0,6.0,8.0,-2.0,3.0,5.0,-2.0,3.0,3.0,0.0,1.0,1.0,0.0,0.0,0.0,0.0,45.5,27.3,27.3,36.4,D
2019-08-17,2019,FC Tokyo,Sanfrecce Hiroshima,0,1,A,U,2.29,3.1,3.23,15,3.0,1.0,1.0,0.0,7.0,7.0,0.0,4.0,5.0,-1.0,3.0,2.0,1.0,2.0,1.0,1.0,1.0,0.0,1.0,85.7,14.3,45.5,27.3,D
2019-08-11,2019,Iwata,Shonan Bellmare,2,3,A,O,2.35,3.36,2.89,11,0.0,1.0,2.0,3.0,3.0,4.0,-1.0,7.0,8.0,-1.0,-4.0,-4.0,0.0,0.0,1.0,-1.0,2.0,2.0,0.0,10.0,50.0,40.0,60.0,H
2019-08-11,2019,Cerezo Osaka,Sagan Tosu,1,2,A,O,1.67,3.54,5.3,11,3.0,0.0,0.0,3.0,6.0,3.0,3.0,0.0,7.0,-7.0,6.0,-4.0,10.0,2.0,0.0,2.0,0.0,1.0,-1.0,50.0,30.0,9.1,72.7,H
2019-08-10,2019,Shimizu S-Pulse,Yamaga,1,0,H,U,2.04,3.3,3.6,10,3.0,1.0,1.0,1.0,9.0,2.0,7.0,8.0,2.0,6.0,1.0,0.0,1.0,0.0,0.0,0.0,1.0,0.0,1.0,44.4,55.6,20.0,40.0,H
2019-08-10,2019,Oita Trinita,Vissel Kobe,1,1,D,U,2.56,3.49,2.54,11,2.0,1.0,1.0,2.0,5.0,4.0,1.0,3.0,6.0,-3.0,2.0,-2.0,4.0,1.0,0.0,1.0,0.0,1.0,-1.0,50.0,30.0,27.3,63.6,A
2019-08-10,2019,Nagoya Grampus,Kawasaki Frontale,3,0,H,O,3.21,3.61,2.07,10,0.0,3.0,3.0,1.0,3.0,9.0,-6.0,7.0,4.0,3.0,-4.0,5.0,-9.0,0.0,2.0,-2.0,1.0,0.0,1.0,55.6,33.3,77.8,11.1,H
2019-08-10,2019,Kashima Antlers,Yokohama F. Marinos,2,1,H,O,2.42,3.57,2.65,11,3.0,2.0,0.0,2.0,8.0,8.0,0.0,3.0,8.0,-5.0,5.0,0.0,5.0,2.0,1.0,1.0,0.0,1.0,-1.0,80.0,10.0,50.0,50.0,H
2019-08-10,2019,Hokkaido Consadole Sapporo,Urawa Reds,1,1,D,U,2.08,3.58,3.22,11,3.0,1.0,0.0,2.0,10.0,5.0,5.0,4.0,7.0,-3.0,6.0,-2.0,8.0,2.0,1.0,1.0,0.0,2.0,-2.0,60.0,20.0,50.0,30.0,D
2019-08-10,2019,Gamba Osaka,Sanfrecce Hiroshima,1,1,D,U,2.74,3.36,2.45,11,3.0,1.0,0.0,1.0,4.0,6.0,-2.0,1.0,5.0,-4.0,3.0,1.0,2.0,0.0,1.0,-1.0,0.0,0.0,0.0,30.0,40.0,50.0,30.0,D
2019-08-10,2019,FC Tokyo,Vegalta Sendai,1,0,H,U,1.81,3.5,4.28,14,3.0,1.0,1.0,2.0,10.0,4.0,6.0,6.0,5.0,1.0,4.0,-1.0,5.0,3.0,0.0,3.0,1.0,0.0,1.0,84.6,15.4,10.0,80.0,D
2019-08-04,2019,Urawa Reds,Nagoya Grampus,2,2,D,O,2.57,3.48,2.54,11,2.0,0.0,1.0,3.0,4.0,5.0,-1.0,6.0,12.0,-6.0,-2.0,-7.0,5.0,0.0,0.0,0.0,1.0,3.0,-2.0,30.0,50.0,18.2,45.5,A
2019-08-04,2019,Sagan Tosu,Oita Trinita,2,2,D,O,2.53,3.09,2.85,10,2.0,0.0,2.0,3.0,5.0,4.0,1.0,5.0,9.0,-4.0,0.0,-5.0,5.0,1.0,0.0,1.0,1.0,2.0,-1.0,44.4,55.6,40.0,30.0,D
2019-08-04,2019,Kawasaki Frontale,Yamaga,0,0,D,U,1.37,4.43,8.55,12,1.0,1.0,0.0,2.0,5.0,2.0,3.0,3.0,7.0,-4.0,2.0,-5.0,7.0,1.0,0.0,1.0,0.0,1.0,-1.0,27.3,9.1,22.2,44.4,D
2019-08-03,2019,Yokohama F. Marinos,Shimizu S-Pulse,0,1,A,U,1.73,4.05,4.07,11,4.0,1.0,0.0,2.0,9.0,5.0,4.0,1.0,7.0,-6.0,8.0,-2.0,10.0,2.0,0.0,2.0,0.0,1.0,-1.0,70.0,0.0,18.2,45.5,D
2019-08-03,2019,Vegalta Sendai,Iwata,2,1,H,O,2.07,3.38,3.43,11,3.0,1.0,1.0,3.0,7.0,1.0,6.0,6.0,8.0,-2.0,1.0,-7.0,8.0,2.0,0.0,2.0,1.0,3.0,-2.0,60.0,30.0,30.0,60.0,H
2019-08-03,2019,Shonan Bellmare,Kashima Antlers,3,2,H,O,3.66,3.52,1.95,11,1.0,1.0,3.0,1.0,4.0,6.0,-2.0,6.0,3.0,3.0,-2.0,3.0,-5.0,1.0,1.0,0.0,1.0,0.0,1.0,30.0,50.0,30.0,30.0,D
2019-08-03,2019,Sanfrecce Hiroshima,Hokkaido Consadole Sapporo,1,0,H,U,2.06,3.57,3.27,11,2.0,0.0,1.0,3.0,6.0,3.0,3.0,4.0,7.0,-3.0,2.0,-4.0,6.0,1.0,0.0,1.0,0.0,1.0,-1.0,40.0,30.0,30.0,50.0,D
2019-08-03,2019,FC Tokyo,Cerezo Osaka,3,0,H,O,2.48,3.1,2.89,13,2.0,2.0,2.0,1.0,7.0,4.0,3.0,7.0,3.0,4.0,0.0,1.0,-1.0,2.0,1.0,1.0,1.0,1.0,0.0,83.3,16.7,40.0,40.0,D
2019-08-02,2019,Vissel Kobe,Gamba Osaka,2,2,D,O,2.63,3.6,2.43,10,2.0,1.0,1.0,1.0,11.0,6.0,5.0,8.0,6.0,2.0,3.0,0.0,3.0,2.0,1.0,1.0,1.0,1.0,0.0,33.3,44.4,30.0,40.0,A
2019-07-31,2019,Urawa Reds,Kashima Antlers,1,1,D,U,2.94,3.35,2.32,10,2.0,2.0,2.0,1.0,5.0,6.0,-1.0,8.0,2.0,6.0,-3.0,4.0,-7.0,0.0,1.0,-1.0,1.0,0.0,1.0,33.3,55.6,33.3,33.3,D
2019-07-31,2019,Sanfrecce Hiroshima,Kawasaki Frontale,3,2,H,O,3.11,3.24,2.27,10,1.0,4.0,2.0,0.0,3.0,11.0,-8.0,3.0,1.0,2.0,0.0,10.0,-10.0,1.0,3.0,-2.0,0.0,0.0,0.0,33.3,33.3,87.5,0.0,H
2019-07-27,2019,Kawasaki Frontale,Oita Trinita,3,1,H,O,1.5,4.0,6.41,11,0.0,1.0,0.0,2.0,3.0,4.0,-1.0,3.0,6.0,-3.0,0.0,-2.0,2.0,0.0,0.0,0.0,0.0,1.0,-1.0,20.0,10.0,44.4,22.2,D
2019-07-20,2019,Yamaga,Sanfrecce Hiroshima,2,2,D,O,4.57,3.22,1.86,11,0.0,2.0,3.0,1.0,2.0,8.0,-6.0,6.0,3.0,3.0,-4.0,5.0,-9.0,0.0,2.0,-2.0,1.0,0.0,1.0,20.0,60.0,55.6,33.3,D
2019-07-20,2019,Vissel Kobe,Yokohama F. Marinos,0,2,A,U,2.84,3.99,2.15,9,2.0,1.0,1.0,3.0,11.0,6.0,5.0,7.0,11.0,-4.0,4.0,-5.0,9.0,2.0,0.0,2.0,0.0,2.0,-2.0,37.5,37.5,44.4,55.6,A
2019-07-20,2019,Shimizu S-Pulse,FC Tokyo,0,2,A,U,2.97,3.33,2.31,9,3.0,1.0,1.0,2.0,9.0,1.0,8.0,10.0,3.0,7.0,-1.0,-2.0,1.0,0.0,0.0,0.0,1.0,1.0,0.0,50.0,50.0,28.6,28.6,A
2019-07-20,2019,Nagoya Grampus,Gamba Osaka,2,2,D,O,2.17,3.61,3.03,9,1.0,1.0,3.0,1.0,3.0,4.0,-1.0,5.0,4.0,1.0,-2.0,0.0,-2.0,1.0,1.0,0.0,1.0,1.0,0.0,62.5,37.5,33.3,44.4,H
2019-07-20,2019,Kashima Antlers,Sagan Tosu,2,1,H,O,1.88,3.43,4.07,10,3.0,1.0,0.0,2.0,11.0,3.0,8.0,2.0,5.0,-3.0,9.0,-2.0,11.0,3.0,0.0,3.0,0.0,1.0,-1.0,77.8,11.1,10.0,70.0,H
2019-07-20,2019,Iwata,Urawa Reds,1,3,A,O,2.75,3.11,2.61,10,1.0,0.0,1.0,3.0,4.0,2.0,2.0,4.0,8.0,-4.0,0.0,-6.0,6.0,1.0,0.0,1.0,1.0,3.0,-2.0,11.1,44.4,44.4,33.3,A
2019-07-20,2019,Hokkaido Consadole Sapporo,Shonan Bellmare,5,2,H,O,1.75,3.76,4.36,10,2.0,1.0,0.0,3.0,5.0,3.0,2.0,2.0,7.0,-5.0,3.0,-4.0,7.0,1.0,1.0,0.0,0.0,2.0,-2.0,55.6,22.2,44.4,55.6,H
2019-07-20,2019,Cerezo Osaka,Vegalta Sendai,0,0,D,U,1.68,3.72,4.93,10,4.0,1.0,0.0,3.0,9.0,4.0,5.0,0.0,7.0,-7.0,9.0,-3.0,12.0,3.0,0.0,3.0,0.0,1.0,-1.0,55.6,33.3,11.1,88.9,D
2019-07-14,2019,Shonan Bellmare,Vissel Kobe,3,1,H,O,2.91,3.51,2.27,10,0.0,1.0,3.0,2.0,2.0,4.0,-2.0,6.0,7.0,-1.0,-4.0,-3.0,-1.0,0.0,0.0,0.0,1.0,1.0,0.0,22.2,55.6,30.0,60.0,A
2019-07-14,2019,FC Tokyo,Kawasaki Frontale,0,3,A,O,3.06,3.17,2.34,12,3.0,4.0,1.0,0.0,10.0,10.0,0.0,5.0,2.0,3.0,5.0,8.0,-3.0,3.0,2.0,1.0,0.0,0.0,0.0,90.9,9.1,85.7,0.0,A
2019-07-13,2019,Yokohama F. Marinos,Urawa Reds,3,1,H,O,1.93,3.57,3.7,10,4.0,1.0,0.0,2.0,10.0,3.0,7.0,1.0,5.0,-4.0,9.0,-2.0,11.0,2.0,1.0,1.0,0.0,2.0,-2.0,66.7,0.0,50.0,25.0,H
2019-07-13,2019,Yamaga,Iwata,0,1,A,U,2.97,2.91,2.57,10,0.0,0.0,2.0,4.0,2.0,0.0,2.0,5.0,9.0,-4.0,-3.0,-9.0,6.0,0.0,0.0,0.0,1.0,3.0,-2.0,22.2,55.6,22.2,66.7,D
2019-07-13,2019,Vegalta Sendai,Kashima Antlers,0,4,A,O,2.92,3.39,2.31,10,4.0,1.0,0.0,2.0,9.0,3.0,6.0,3.0,4.0,-1.0,6.0,-1.0,7.0,2.0,0.0,2.0,0.0,0.0,0.0,66.7,22.2,25.0,37.5,A
2019-07-13,2019,Sagan Tosu,Sanfrecce Hiroshima,0,2,A,U,3.46,3.11,2.18,9,3.0,1.0,1.0,2.0,8.0,7.0,1.0,4.0,5.0,-1.0,4.0,2.0,2.0,2.0,1.0,1.0,0.0,0.0,0.0,50.0,50.0,50.0,37.5,D
2019-07-13,2019,Oita Trinita,Hokkaido Consadole Sapporo,2,1,H,O,2.61,3.31,2.6,10,1.0,0.0,1.0,2.0,4.0,2.0,2.0,3.0,5.0,-2.0,1.0,-3.0,4.0,1.0,0.0,1.0,0.0,1.0,-1.0,44.4,33.3,33.3,44.4,D
2019-07-13,2019,Gamba Osaka,Shimizu S-Pulse,1,0,H,U,2.28,3.54,2.86,10,2.0,1.0,0.0,1.0,3.0,6.0,-3.0,1.0,7.0,-6.0,2.0,-1.0,3.0,0.0,0.0,0.0,0.0,1.0,-1.0,22.2,44.4,20.0,40.0,D
2019-07-13,2019,Cerezo Osaka,Nagoya Grampus,3,0,H,O,2.19,3.41,3.13,9,3.0,0.0,0.0,2.0,6.0,6.0,0.0,0.0,10.0,-10.0,6.0,-4.0,10.0,2.0,0.0,2.0,0.0,2.0,-2.0,50.0,37.5,20.0,40.0,H
2019-07-07,2019,Nagoya Grampus,Shonan Bellmare,0,2,A,U,1.55,4.25,5.22,8,2.0,1.0,2.0,3.0,4.0,4.0,0.0,3.0,9.0,-6.0,1.0,-5.0,6.0,1.0,0.0,1.0,0.0,2.0,-2.0,71.4,28.6,37.5,62.5,A
2019-07-07,2019,Kawasaki Frontale,Sagan Tosu,0,0,D,U,1.49,4.09,6.4,10,1.0,1.0,0.0,3.0,6.0,3.0,3.0,4.0,7.0,-3.0,2.0,-4.0,6.0,1.0,0.0,1.0,0.0,2.0,-2.0,22.2,11.1,11.1,77.8,D
2019-07-07,2019,Hokkaido Consadole Sapporo,Yamaga,1,1,D,U,1.63,3.73,5.31,9,3.0,1.0,0.0,3.0,6.0,1.0,5.0,2.0,8.0,-6.0,4.0,-7.0,11.0,1.0,0.0,1.0,0.0,2.0,-2.0,62.5,25.0,25.0,50.0,D
2019-07-07,2019,FC Tokyo,Gamba Osaka,3,1,H,O,1.84,3.52,4.12,11,3.0,1.0,1.0,1.0,9.0,4.0,5.0,4.0,4.0,0.0,5.0,0.0,5.0,3.0,1.0,2.0,0.0,1.0,-1.0,90.0,10.0,37.5,37.5,H
2019-07-06,2019,Yokohama F. Marinos,Oita Trinita,1,0,H,U,1.7,3.94,4.35,9,4.0,1.0,0.0,1.0,11.0,4.0,7.0,2.0,5.0,-3.0,9.0,-1.0,10.0,2.0,0.0,2.0,0.0,1.0,-1.0,62.5,0.0,50.0,12.5,D
2019-07-06,2019,Urawa Reds,Vegalta Sendai,1,0,H,U,2.2,3.28,3.19,9,1.0,1.0,3.0,3.0,4.0,5.0,-1.0,9.0,9.0,0.0,-5.0,-4.0,-1.0,0.0,0.0,0.0,1.0,2.0,-1.0,25.0,62.5,12.5,87.5,H
2019-07-06,2019,Shimizu S-Pulse,Vissel Kobe,2,1,H,O,2.79,3.7,2.26,8,2.0,1.0,2.0,2.0,7.0,4.0,3.0,11.0,7.0,4.0,-4.0,-3.0,-1.0,0.0,0.0,0.0,2.0,1.0,1.0,42.9,57.1,33.3,55.6,D
2019-07-06,2019,Sanfrecce Hiroshima,Cerezo Osaka,1,1,D,U,2.34,3.03,3.19,9,1.0,2.0,3.0,2.0,2.0,3.0,-1.0,3.0,3.0,0.0,-1.0,0.0,-1.0,1.0,1.0,0.0,0.0,1.0,-1.0,37.5,37.5,44.4,44.4,A
2019-07-06,2019,Kashima Antlers,Iwata,2,0,H,U,1.7,3.64,4.81,9,3.0,1.0,0.0,3.0,12.0,1.0,11.0,2.0,7.0,-5.0,10.0,-6.0,16.0,3.0,0.0,3.0,0.0,2.0,-2.0,75.0,12.5,25.0,62.5,H
2019-06-30,2019,Vissel Kobe,Nagoya Grampus,5,3,H,O,2.46,3.65,2.57,8,1.0,0.0,2.0,1.0,7.0,4.0,3.0,6.0,6.0,0.0,1.0,-2.0,3.0,1.0,0.0,1.0,0.0,1.0,-1.0,28.6,42.9,22.2,33.3,H
2019-06-30,2019,Vegalta Sendai,Hokkaido Consadole Sapporo,2,1,H,O,2.24,3.59,2.89,9,4.0,1.0,0.0,1.0,9.0,3.0,6.0,3.0,4.0,-1.0,6.0,-1.0,7.0,2.0,0.0,2.0,0.0,1.0,-1.0,62.5,25.0,37.5,37.5,D
2019-06-30,2019,Shonan Bellmare,Cerezo Osaka,0,2,A,U,3.43,3.26,2.12,9,0.0,2.0,2.0,2.0,3.0,3.0,0.0,5.0,3.0,2.0,-2.0,0.0,-2.0,0.0,1.0,-1.0,0.0,1.0,-1.0,25.0,50.0,37.5,50.0,D
2019-06-30,2019,Sagan Tosu,Shimizu S-Pulse,4,2,H,O,2.65,3.32,2.55,8,2.0,1.0,2.0,1.0,4.0,4.0,0.0,4.0,6.0,-2.0,0.0,-2.0,2.0,1.0,0.0,1.0,1.0,1.0,0.0,42.9,57.1,22.2,33.3,H
2019-06-30,2019,Oita Trinita,Urawa Reds,2,0,H,U,2.25,3.15,3.24,9,1.0,2.0,1.0,1.0,4.0,4.0,0.0,3.0,3.0,0.0,1.0,1.0,0.0,1.0,1.0,0.0,0.0,1.0,-1.0,37.5,37.5,57.1,14.3,D
2019-06-30,2019,Kashima Antlers,Sanfrecce Hiroshima,2,2,D,O,2.49,3.1,2.87,8,4.0,1.0,0.0,3.0,11.0,5.0,6.0,0.0,4.0,-4.0,11.0,1.0,10.0,3.0,1.0,2.0,0.0,0.0,0.0,85.7,14.3,57.1,42.9,D
2019-06-30,2019,Iwata,Kawasaki Frontale,1,3,A,O,5.55,3.84,1.59,9,1.0,4.0,1.0,0.0,4.0,8.0,-4.0,3.0,1.0,2.0,1.0,7.0,-6.0,1.0,1.0,0.0,0.0,0.0,0.0,12.5,37.5,83.3,0.0,A
2019-06-29,2019,Yamaga,Gamba Osaka,1,3,A,O,3.27,3.05,2.29,9,0.0,0.0,2.0,2.0,1.0,2.0,-1.0,4.0,5.0,-1.0,-3.0,-3.0,0.0,0.0,0.0,0.0,1.0,1.0,0.0,25.0,50.0,28.6,42.9,A
2019-06-29,2019,FC Tokyo,Yokohama F. Marinos,4,2,H,O,2.1,3.42,3.3,10,3.0,2.0,1.0,2.0,6.0,5.0,1.0,2.0,7.0,-5.0,4.0,-2.0,6.0,2.0,0.0,2.0,0.0,1.0,-1.0,88.9,11.1,50.0,50.0,H
2019-06-23,2019,Vegalta Sendai,FC Tokyo,2,0,H,U,3.51,3.31,2.06,8,4.0,1.0,0.0,1.0,10.0,2.0,8.0,3.0,2.0,1.0,7.0,0.0,7.0,2.0,0.0,2.0,0.0,0.0,0.0,57.1,28.6,33.3,16.7,D
2019-06-22,2019,Yokohama F. Marinos,Yamaga,1,0,H,U,1.79,3.64,4.23,8,3.0,1.0,0.0,2.0,11.0,2.0,9.0,3.0,8.0,-5.0,8.0,-6.0,14.0,2.0,0.0,2.0,0.0,2.0,-2.0,57.1,0.0,28.6,42.9,D
2019-06-22,2019,Vissel Kobe,Oita Trinita,2,2,D,O,2.3,3.36,2.95,7,1.0,1.0,3.0,1.0,7.0,3.0,4.0,8.0,4.0,4.0,-1.0,-1.0,0.0,1.0,0.0,1.0,1.0,1.0,0.0,33.3,50.0,57.1,14.3,H
2019-06-22,2019,Nagoya Grampus,Shimizu S-Pulse,1,2,A,O,1.69,4.15,4.22,7,3.0,1.0,1.0,1.0,4.0,4.0,0.0,1.0,6.0,-5.0,3.0,-2.0,5.0,1.0,0.0,1.0,0.0,1.0,-1.0,83.3,16.7,12.5,37.5,D
2019-06-22,2019,Hokkaido Consadole Sapporo,Sagan Tosu,3,1,H,O,1.86,3.46,4.12,8,3.0,1.0,0.0,3.0,6.0,2.0,4.0,1.0,5.0,-4.0,5.0,-3.0,8.0,1.0,0.0,1.0,0.0,1.0,-1.0,57.1,28.6,12.5,75.0,H
2019-06-22,2019,Gamba Osaka,Shonan Bellmare,1,0,H,U,2.0,3.55,3.46,9,1.0,2.0,0.0,2.0,3.0,6.0,-3.0,2.0,8.0,-6.0,1.0,-2.0,3.0,0.0,1.0,-1.0,0.0,2.0,-2.0,12.5,50.0,42.9,57.1,D
2019-06-22,2019,Cerezo Osaka,Iwata,2,0,H,U,1.88,3.33,4.19,8,2.0,1.0,1.0,3.0,4.0,1.0,3.0,1.0,6.0,-5.0,3.0,-5.0,8.0,1.0,0.0,1.0,0.0,1.0,-1.0,42.9,42.9,28.6,57.1,H
2019-06-15,2019,Yamaga,Vegalta Sendai,0,1,A,U,2.65,3.09,2.7,8,1.0,0.0,1.0,4.0,2.0,4.0,-2.0,3.0,10.0,-7.0,-1.0,-6.0,5.0,0.0,0.0,0.0,1.0,2.0,-1.0,28.6,42.9,0.0,100.0,A
2019-06-15,2019,Urawa Reds,Sagan Tosu,2,1,H,O,2.15,3.15,3.48,8,1.0,1.0,3.0,3.0,3.0,1.0,2.0,8.0,6.0,2.0,-5.0,-5.0,0.0,0.0,0.0,0.0,1.0,2.0,-1.0,14.3,71.4,14.3,71.4,D
2019-06-15,2019,Shimizu S-Pulse,Yokohama F. Marinos,3,2,H,O,3.02,3.76,2.11,7,2.0,2.0,2.0,2.0,5.0,3.0,2.0,9.0,7.0,2.0,-4.0,-4.0,0.0,0.0,0.0,0.0,2.0,2.0,0.0,33.3,66.7,57.1,42.9,A
2019-06-15,2019,Oita Trinita,Nagoya Grampus,1,1,D,U,3.3,3.5,2.07,8,2.0,0.0,1.0,1.0,5.0,4.0,1.0,2.0,6.0,-4.0,3.0,-2.0,5.0,2.0,0.0,2.0,0.0,1.0,-1.0,42.9,42.9,25.0,37.5,H
2019-06-15,2019,Iwata,Gamba Osaka,0,0,D,U,2.61,3.24,2.64,8,1.0,0.0,2.0,3.0,5.0,2.0,3.0,5.0,8.0,-3.0,0.0,-6.0,6.0,1.0,0.0,1.0,0.0,2.0,-2.0,14.3,42.9,33.3,50.0,D
2019-06-15,2019,FC Tokyo,Vissel Kobe,0,1,A,U,1.84,3.48,4.14,9,4.0,0.0,0.0,3.0,8.0,3.0,5.0,1.0,8.0,-7.0,7.0,-5.0,12.0,3.0,0.0,3.0,0.0,1.0,-1.0,100.0,0.0,25.0,62.5,D
2019-06-14,2019,Sanfrecce Hiroshima,Shonan Bellmare,2,0,H,U,1.8,3.46,4.43,8,1.0,2.0,3.0,2.0,3.0,6.0,-3.0,3.0,8.0,-5.0,0.0,-2.0,2.0,1.0,1.0,0.0,0.0,2.0,-2.0,28.6,42.9,50.0,50.0,D
2019-06-14,2019,Kawasaki Frontale,Hokkaido Consadole Sapporo,1,1,D,U,1.44,4.5,6.45,9,2.0,2.0,0.0,1.0,7.0,3.0,4.0,3.0,3.0,0.0,4.0,0.0,4.0,2.0,0.0,2.0,0.0,1.0,-1.0,25.0,12.5,42.9,42.9,A
2019-06-14,2019,Kashima Antlers,Cerezo Osaka,2,0,H,U,2.19,3.14,3.39,7,4.0,2.0,0.0,2.0,11.0,3.0,8.0,1.0,2.0,-1.0,10.0,1.0,9.0,2.0,1.0,1.0,0.0,0.0,0.0,83.3,16.7,42.9,42.9,D
2019-06-01,2019,Yamaga,Shimizu S-Pulse,1,1,D,U,2.81,3.18,2.5,7,2.0,1.0,1.0,2.0,3.0,4.0,-1.0,3.0,7.0,-4.0,0.0,-3.0,3.0,0.0,0.0,0.0,1.0,1.0,0.0,33.3,50.0,14.3,42.9,D
2019-06-01,2019,Vegalta Sendai,Nagoya Grampus,3,1,H,O,3.41,3.62,2.0,7,3.0,0.0,1.0,1.0,7.0,4.0,3.0,4.0,5.0,-1.0,3.0,-1.0,4.0,1.0,0.0,1.0,1.0,0.0,1.0,50.0,33.3,28.6,28.6,D
2019-06-01,2019,Sagan Tosu,Cerezo Osaka,0,1,A,U,3.31,2.98,2.31,7,2.0,1.0,2.0,2.0,4.0,3.0,1.0,4.0,3.0,1.0,0.0,0.0,0.0,1.0,1.0,0.0,1.0,0.0,1.0,50.0,50.0,33.3,50.0,A
2019-06-01,2019,Kawasaki Frontale,Urawa Reds,1,1,D,U,1.52,4.03,6.01,8,2.0,3.0,0.0,1.0,7.0,5.0,2.0,3.0,3.0,0.0,4.0,2.0,2.0,2.0,1.0,1.0,0.0,1.0,-1.0,28.6,14.3,66.7,16.7,D
2019-06-01,2019,Iwata,Vissel Kobe,1,1,D,U,2.56,3.39,2.59,7,1.0,0.0,2.0,4.0,5.0,3.0,2.0,5.0,9.0,-4.0,0.0,-6.0,6.0,1.0,0.0,1.0,0.0,1.0,-1.0,16.7,50.0,28.6,71.4,A
2019-06-01,2019,Hokkaido Consadole Sapporo,Sanfrecce Hiroshima,1,0,H,U,2.67,3.3,2.54,7,2.0,2.0,1.0,2.0,6.0,9.0,-3.0,3.0,5.0,-2.0,3.0,4.0,-1.0,1.0,2.0,-1.0,0.0,0.0,0.0,50.0,33.3,66.7,33.3,D
2019-06-01,2019,Gamba Osaka,Kashima Antlers,1,1,D,U,3.21,3.34,2.18,8,1.0,1.0,1.0,3.0,2.0,3.0,-1.0,2.0,6.0,-4.0,0.0,-3.0,3.0,0.0,0.0,0.0,0.0,1.0,-1.0,14.3,57.1,28.6,42.9,D
2019-06-01,2019,FC Tokyo,Oita Trinita,3,1,H,O,1.86,3.31,4.34,8,4.0,2.0,0.0,0.0,8.0,4.0,4.0,1.0,2.0,-1.0,7.0,2.0,5.0,3.0,0.0,3.0,0.0,0.0,0.0,100.0,0.0,66.7,0.0,H
2019-05-31,2019,Shonan Bellmare,Yokohama F. Marinos,1,2,A,O,4.23,3.94,1.72,8,0.0,2.0,2.0,2.0,2.0,4.0,-2.0,5.0,6.0,-1.0,-3.0,-2.0,-1.0,0.0,1.0,-1.0,1.0,2.0,-1.0,28.6,42.9,50.0,50.0,D
2019-05-26,2019,Yokohama F. Marinos,Iwata,4,0,H,O,1.99,3.49,3.54,7,2.0,2.0,0.0,2.0,7.0,3.0,4.0,3.0,2.0,1.0,4.0,1.0,3.0,1.0,1.0,0.0,0.0,0.0,0.0,50.0,0.0,33.3,50.0,H
2019-05-26,2019,Vissel Kobe,Shonan Bellmare,4,1,H,O,2.28,3.36,2.99,6,0.0,3.0,3.0,1.0,4.0,8.0,-4.0,8.0,5.0,3.0,-4.0,3.0,-7.0,0.0,2.0,-2.0,1.0,1.0,0.0,20.0,60.0,60.0,40.0,D
2019-05-26,2019,Urawa Reds,Sanfrecce Hiroshima,0,4,A,O,2.62,3.02,2.78,7,1.0,2.0,3.0,2.0,3.0,6.0,-3.0,7.0,5.0,2.0,-4.0,1.0,-5.0,0.0,1.0,-1.0,1.0,0.0,1.0,16.7,66.7,60.0,40.0,A
2019-05-26,2019,Sagan Tosu,Kashima Antlers,1,0,H,U,3.88,3.25,1.98,6,2.0,1.0,2.0,2.0,4.0,4.0,0.0,4.0,6.0,-2.0,0.0,-2.0,2.0,1.0,0.0,1.0,1.0,1.0,0.0,40.0,60.0,33.3,33.3,D
2019-05-26,2019,Oita Trinita,Kawasaki Frontale,0,1,A,U,4.09,3.42,1.88,7,2.0,4.0,1.0,0.0,5.0,9.0,-4.0,2.0,1.0,1.0,3.0,8.0,-5.0,2.0,2.0,0.0,0.0,0.0,0.0,50.0,33.3,80.0,0.0,A
2019-05-26,2019,Nagoya Grampus,Yamaga,0,1,A,U,1.59,3.93,5.27,6,4.0,0.0,0.0,3.0,8.0,1.0,7.0,0.0,9.0,-9.0,8.0,-8.0,16.0,2.0,0.0,2.0,0.0,2.0,-2.0,100.0,0.0,16.7,50.0,A
2019-05-25,2019,Shimizu S-Pulse,Vegalta Sendai,4,3,H,O,2.15,3.34,3.26,6,1.0,0.0,3.0,4.0,2.0,1.0,1.0,9.0,8.0,1.0,-7.0,-7.0,0.0,0.0,0.0,0.0,3.0,3.0,0.0,20.0,80.0,0.0,100.0,H
2019-05-25,2019,Hokkaido Consadole Sapporo,Gamba Osaka,0,0,D,U,1.98,3.62,3.45,6,2.0,1.0,2.0,3.0,7.0,3.0,4.0,6.0,8.0,-2.0,1.0,-5.0,6.0,1.0,0.0,1.0,1.0,2.0,-1.0,60.0,40.0,40.0,60.0,D
2019-05-25,2019,Cerezo Osaka,FC Tokyo,1,0,H,U,2.95,2.89,2.59,7,1.0,2.0,2.0,0.0,4.0,5.0,-1.0,3.0,3.0,0.0,1.0,2.0,-1.0,1.0,0.0,1.0,0.0,0.0,0.0,33.3,50.0,40.0,0.0,D
2019-05-18,2019,Yokohama F. Marinos,Vissel Kobe,4,1,H,O,1.85,3.85,3.7,6,1.0,1.0,0.0,3.0,5.0,6.0,-1.0,4.0,8.0,-4.0,1.0,-2.0,3.0,0.0,0.0,0.0,0.0,0.0,0.0,40.0,0.0,33.3,66.7,H
2019-05-18,2019,Oita Trinita,Shimizu S-Pulse,1,1,D,U,2.06,3.42,3.42,6,3.0,1.0,1.0,2.0,6.0,4.0,2.0,1.0,7.0,-6.0,5.0,-3.0,8.0,3.0,0.0,3.0,0.0,1.0,-1.0,60.0,40.0,16.7,50.0,A
2019-05-18,2019,Kashima Antlers,Yamaga,5,0,H,O,1.74,3.42,4.92,6,4.0,1.0,0.0,2.0,7.0,2.0,5.0,1.0,4.0,-3.0,6.0,-2.0,8.0,1.0,0.0,1.0,0.0,1.0,-1.0,80.0,20.0,20.0,40.0,H
2019-05-18,2019,Iwata,Vegalta Sendai,2,0,H,U,2.41,3.21,2.91,6,0.0,0.0,3.0,4.0,4.0,2.0,2.0,7.0,8.0,-1.0,-3.0,-6.0,3.0,0.0,0.0,0.0,0.0,2.0,-2.0,0.0,60.0,0.0,100.0,H
2019-05-18,2019,Gamba Osaka,Cerezo Osaka,1,0,H,U,3.13,3.21,2.27,7,0.0,2.0,2.0,1.0,4.0,5.0,-1.0,6.0,2.0,4.0,-2.0,3.0,-5.0,0.0,2.0,-2.0,0.0,0.0,0.0,0.0,66.7,40.0,40.0,D
2019-05-18,2019,FC Tokyo,Hokkaido Consadole Sapporo,2,0,H,U,1.75,3.69,4.42,7,4.0,2.0,0.0,1.0,8.0,3.0,5.0,2.0,5.0,-3.0,6.0,-2.0,8.0,2.0,0.0,2.0,0.0,1.0,-1.0,100.0,0.0,50.0,33.3,D
2019-05-17,2019,Urawa Reds,Shonan Bellmare,2,3,A,O,2.63,3.08,2.74,6,1.0,2.0,2.0,2.0,2.0,5.0,-3.0,5.0,4.0,1.0,-3.0,1.0,-4.0,0.0,2.0,-2.0,1.0,1.0,0.0,20.0,60.0,50.0,50.0,H
2019-05-17,2019,Sanfrecce Hiroshima,Sagan Tosu,0,1,A,U,1.94,3.13,4.21,7,2.0,0.0,2.0,3.0,4.0,0.0,4.0,2.0,6.0,-4.0,2.0,-6.0,8.0,1.0,0.0,1.0,0.0,2.0,-2.0,33.3,33.3,0.0,83.3,D
2019-05-17,2019,Kawasaki Frontale,Nagoya Grampus,1,1,D,U,1.87,3.79,3.67,7,2.0,0.0,1.0,2.0,6.0,3.0,3.0,3.0,5.0,-2.0,3.0,-2.0,5.0,2.0,0.0,2.0,0.0,0.0,0.0,33.3,16.7,33.3,33.3,A
2019-05-12,2019,Yamaga,Hokkaido Consadole Sapporo,0,0,D,U,3.04,3.16,2.35,6,2.0,3.0,2.0,1.0,3.0,5.0,-2.0,5.0,5.0,0.0,-2.0,0.0,-2.0,0.0,1.0,-1.0,2.0,1.0,1.0,40.0,60.0,60.0,40.0,D
2019-05-12,2019,Vissel Kobe,Kashima Antlers,0,1,A,U,2.88,3.37,2.34,5,1.0,1.0,2.0,2.0,5.0,6.0,-1.0,7.0,7.0,0.0,-2.0,-1.0,-1.0,0.0,1.0,-1.0,1.0,1.0,0.0,25.0,50.0,20.0,40.0,A
2019-05-12,2019,Vegalta Sendai,Sanfrecce Hiroshima,2,1,H,O,3.04,3.23,2.32,6,2.0,3.0,2.0,1.0,6.0,6.0,0.0,6.0,3.0,3.0,0.0,3.0,-3.0,1.0,1.0,0.0,2.0,0.0,2.0,40.0,40.0,75.0,25.0,A
2019-05-12,2019,Shonan Bellmare,Oita Trinita,0,1,A,U,2.52,3.15,2.8,7,1.0,2.0,1.0,0.0,4.0,5.0,-1.0,5.0,3.0,2.0,-1.0,2.0,-3.0,0.0,0.0,0.0,1.0,0.0,1.0,33.3,33.3,60.0,0.0,D
2019-05-12,2019,Shimizu S-Pulse,Kawasaki Frontale,0,4,A,O,5.21,4.05,1.58,5,1.0,3.0,3.0,0.0,4.0,7.0,-3.0,9.0,3.0,6.0,-5.0,4.0,-9.0,0.0,1.0,-1.0,3.0,0.0,3.0,25.0,75.0,75.0,0.0,A
2019-05-12,2019,Nagoya Grampus,Urawa Reds,2,0,H,U,2.04,3.56,3.33,5,4.0,4.0,0.0,0.0,8.0,6.0,2.0,0.0,1.0,-1.0,8.0,5.0,3.0,2.0,1.0,1.0,0.0,0.0,0.0,100.0,0.0,80.0,0.0,H
2019-05-12,2019,FC Tokyo,Iwata,1,0,H,U,1.83,3.33,4.47,6,4.0,2.0,0.0,2.0,8.0,3.0,5.0,2.0,2.0,0.0,6.0,1.0,5.0,2.0,1.0,1.0,0.0,0.0,0.0,100.0,0.0,40.0,40.0,D
2019-05-11,2019,Sagan Tosu,Gamba Osaka,3,1,H,O,3.24,3.2,2.21,5,1.0,2.0,3.0,2.0,1.0,6.0,-5.0,7.0,7.0,0.0,-6.0,-1.0,-5.0,0.0,1.0,-1.0,2.0,1.0,1.0,25.0,75.0,50.0,50.0,H
2019-05-11,2019,Cerezo Osaka,Yokohama F. Marinos,3,0,H,O,2.64,3.26,2.59,6,0.0,2.0,3.0,2.0,1.0,4.0,-3.0,4.0,5.0,-1.0,-3.0,-1.0,-2.0,0.0,1.0,-1.0,0.0,2.0,-2.0,20.0,60.0,60.0,40.0,H
2019-05-04,2019,Yamaga,Cerezo Osaka,0,2,A,U,3.02,2.85,2.56,5,2.0,1.0,2.0,2.0,3.0,3.0,0.0,4.0,4.0,0.0,-1.0,-1.0,0.0,0.0,1.0,-1.0,1.0,1.0,0.0,50.0,50.0,25.0,50.0,A
2019-05-04,2019,Shonan Bellmare,Nagoya Grampus,1,1,D,U,3.15,3.36,2.19,6,1.0,1.0,2.0,2.0,5.0,5.0,0.0,7.0,6.0,1.0,-2.0,-1.0,-1.0,0.0,0.0,0.0,1.0,0.0,1.0,40.0,40.0,40.0,40.0,H
2019-05-04,2019,Oita Trinita,Sagan Tosu,2,0,H,U,1.94,3.29,3.95,5,2.0,0.0,2.0,3.0,4.0,0.0,4.0,2.0,6.0,-4.0,2.0,-6.0,8.0,2.0,0.0,2.0,0.0,2.0,-2.0,50.0,50.0,0.0,80.0,D
2019-05-04,2019,Hokkaido Consadole Sapporo,Vissel Kobe,2,1,H,O,2.18,3.58,2.99,5,2.0,2.0,2.0,2.0,10.0,8.0,2.0,7.0,7.0,0.0,3.0,1.0,2.0,2.0,1.0,1.0,1.0,0.0,1.0,50.0,50.0,40.0,60.0,D
2019-05-04,2019,Gamba Osaka,FC Tokyo,0,0,D,U,3.35,3.27,2.14,6,0.0,2.0,3.0,0.0,6.0,5.0,1.0,9.0,3.0,6.0,-3.0,2.0,-5.0,0.0,0.0,0.0,0.0,0.0,0.0,0.0,80.0,50.0,0.0,D
2019-05-03,2019,Urawa Reds,Iwata,0,1,A,U,2.07,3.24,3.6,5,1.0,1.0,2.0,2.0,2.0,2.0,0.0,6.0,2.0,4.0,-4.0,0.0,-4.0,0.0,1.0,-1.0,2.0,0.0,2.0,25.0,50.0,25.0,50.0,D
2019-05-03,2019,Sanfrecce Hiroshima,Yokohama F. Marinos,0,1,A,U,2.38,3.24,2.91,6,2.0,2.0,1.0,2.0,4.0,6.0,-2.0,1.0,7.0,-6.0,3.0,-1.0,4.0,1.0,1.0,0.0,0.0,2.0,-2.0,40.0,20.0,50.0,50.0,A
2019-05-03,2019,Kawasaki Frontale,Vegalta Sendai,3,1,H,O,1.57,3.89,5.53,6,1.0,0.0,1.0,4.0,4.0,2.0,2.0,3.0,7.0,-4.0,1.0,-5.0,6.0,1.0,0.0,1.0,0.0,1.0,-1.0,20.0,20.0,0.0,100.0,H
2019-05-03,2019,Kashima Antlers,Shimizu S-Pulse,3,0,H,O,1.88,3.55,3.91,5,3.0,1.0,1.0,2.0,5.0,6.0,-1.0,3.0,9.0,-6.0,2.0,-3.0,5.0,0.0,0.0,0.0,0.0,1.0,-1.0,75.0,25.0,20.0,40.0,H
2019-04-28,2019,Yokohama F. Marinos,Kashima Antlers,2,1,H,O,2.6,3.4,2.54,5,1.0,1.0,0.0,1.0,5.0,6.0,-1.0,4.0,6.0,-2.0,1.0,0.0,1.0,0.0,1.0,-1.0,0.0,1.0,-1.0,25.0,0.0,25.0,25.0,A
2019-04-28,2019,Vissel Kobe,Kawasaki Frontale,1,2,A,O,3.2,3.34,2.17,4,,,,,,,,,,,,,,,,,,,,33.3,33.3,66.7,0.0,A
2019-04-28,2019,Vegalta Sendai,Gamba Osaka,2,1,H,O,2.77,3.5,2.35,5,1.0,,2.0,,4.0,,,5.0,,,-1.0,,,1.0,,,2.0,,,25.0,50.0,66.7,33.3,D
2019-04-28,2019,Shimizu S-Pulse,Urawa Reds,0,2,A,U,2.56,3.29,2.65,4,,3.0,,0.0,,4.0,,,1.0,,,3.0,,,0.0,,,0.0,,33.3,66.7,75.0,0.0,D
2019-04-28,2019,Sagan Tosu,Shonan Bellmare,0,2,A,U,2.48,3.02,2.95,4,,,,,,,,,,,,,,,,,,,,33.3,66.7,33.3,66.7,D
2019-04-28,2019,Nagoya Grampus,Sanfrecce Hiroshima,1,0,H,U,2.49,3.16,2.83,4,,,,,,,,,,,,,,,,,,,,100.0,0.0,100.0,0.0,H
2019-04-28,2019,Iwata,Hokkaido Consadole Sapporo,1,2,A,O,2.84,3.32,2.4,5,0.0,2.0,2.0,2.0,4.0,3.0,1.0,6.0,6.0,0.0,-2.0,-3.0,1.0,0.0,1.0,-1.0,0.0,2.0,-2.0,0.0,50.0,50.0,50.0,A
2019-04-28,2019,FC Tokyo,Yamaga,2,0,H,U,1.75,3.37,4.92,5,4.0,1.0,0.0,1.0,8.0,3.0,5.0,2.0,3.0,-1.0,6.0,0.0,6.0,2.0,0.0,2.0,0.0,0.0,0.0,100.0,0.0,25.0,25.0,H
2019-04-27,2019,Cerezo Osaka,Oita Trinita,0,0,D,U,2.44,3.05,2.97,5,1.0,3.0,3.0,0.0,2.0,7.0,-5.0,4.0,4.0,0.0,-2.0,3.0,-5.0,0.0,0.0,0.0,0.0,0.0,0.0,25.0,75.0,75.0,0.0,D
2019-04-20,2019,Yamaga,Sagan Tosu,1,0,H,U,2.27,3.0,3.35,4,,0.0,,3.0,,0.0,,,6.0,,,-6.0,,,0.0,,,2.0,,33.3,66.7,0.0,75.0,H
2019-04-20,2019,Urawa Reds,Vissel Kobe,1,0,H,U,2.29,3.43,2.9,4,,2.0,,2.0,,8.0,,,7.0,,,1.0,,,1.0,,,0.0,,0.0,66.7,50.0,50.0,H
2019-04-20,2019,Shimizu S-Pulse,Cerezo Osaka,1,0,H,U,2.82,3.3,2.41,3,,,,,,,,,,,,,,,,,,,,0.0,100.0,33.3,33.3,D
2019-04-20,2019,Nagoya Grampus,Iwata,1,0,H,U,1.83,3.69,3.99,3,,,,,,,,,,,,,,,,,,,,100.0,0.0,33.3,33.3,D
2019-04-20,2019,Kashima Antlers,Vegalta Sendai,1,0,H,U,1.85,3.6,3.96,4,,,,,,,,,,,,,,,,,,,,66.7,33.3,0.0,100.0,D
2019-04-20,2019,Hokkaido Consadole Sapporo,Yokohama F. Marinos,3,0,H,O,2.6,3.69,2.41,4,,,,,,,,,,,,,,,,,,,,33.3,66.7,66.7,33.3,H
2019-04-20,2019,Gamba Osaka,Oita Trinita,1,1,D,U,2.68,3.29,2.53,5,0.0,,4.0,,7.0,,,11.0,,,-4.0,,,0.0,,,0.0,,,0.0,100.0,100.0,0.0,A
2019-04-19,2019,Sanfrecce Hiroshima,FC Tokyo,0,1,A,U,2.95,3.04,2.47,5,2.0,,0.0,,5.0,,,1.0,,,4.0,,,1.0,,,0.0,,,50.0,0.0,33.3,0.0,D
2019-04-19,2019,Kawasaki Frontale,Shonan Bellmare,2,0,H,U,1.54,3.98,5.81,5,0.0,,1.0,,2.0,,,3.0,,,-1.0,,,0.0,,,0.0,,,0.0,25.0,50.0,50.0,H
2019-04-14,2019,Vissel Kobe,Sanfrecce Hiroshima,2,4,A,O,2.51,3.24,2.74,3,,,,,,,,,,,,,,,,,,,,50.0,0.0,100.0,0.0,H
2019-04-14,2019,Shonan Bellmare,Yamaga,1,1,D,U,2.58,3.03,2.84,5,2.0,,2.0,,6.0,,,6.0,,,0.0,,,1.0,,,1.0,,,50.0,50.0,33.3,33.3,D
2019-04-14,2019,Sagan Tosu,Kawasaki Frontale,0,1,A,U,5.41,3.7,1.63,3,,,,,,,,,,,,,,,,,,,,50.0,50.0,50.0,0.0,D
2019-04-14,2019,Oita Trinita,Vegalta Sendai,2,0,H,U,2.04,3.41,3.49,4,,,,,,,,,,,,,,,,,,,,33.3,66.7,0.0,100.0,D
2019-04-14,2019,Iwata,Shimizu S-Pulse,1,2,A,O,2.64,3.32,2.55,4,,0.0,,2.0,,5.0,,,9.0,,,-4.0,,,0.0,,,1.0,,0.0,33.3,0.0,50.0,A
2019-04-14,2019,Gamba Osaka,Urawa Reds,0,1,A,U,2.42,3.39,2.76,4,,,,,,,,,,,,,,,,,,,,0.0,100.0,66.7,0.0,D
2019-04-14,2019,FC Tokyo,Kashima Antlers,3,1,H,O,2.3,3.33,2.98,4,,,,,,,,,,,,,,,,,,,,100.0,0.0,33.3,0.0,H
2019-04-13,2019,Yokohama F. Marinos,Nagoya Grampus,1,1,D,U,2.45,3.71,2.54,4,,2.0,,2.0,,8.0,,,5.0,,,3.0,,,1.0,,,0.0,,33.3,0.0,50.0,50.0,D
2019-04-13,2019,Cerezo Osaka,Hokkaido Consadole Sapporo,0,1,A,U,2.09,3.54,3.24,4,,,,,,,,,,,,,,,,,,,,33.3,66.7,33.3,66.7,D
2019-04-06,2019,Yamaga,Vissel Kobe,2,1,H,O,3.1,3.24,2.28,3,,,,,,,,,,,,,,,,,,,,0.0,100.0,66.7,33.3,H
2019-04-06,2019,Vegalta Sendai,Sagan Tosu,3,0,H,O,2.35,3.09,3.11,4,,,,,,,,,,,,,,,,,,,,0.0,66.7,0.0,66.7,H
2019-04-06,2019,Shonan Bellmare,Iwata,0,2,A,U,2.4,3.14,2.98,4,,,,,,,,,,,,,,,,,,,,66.7,33.3,0.0,50.0,D
2019-04-06,2019,Sanfrecce Hiroshima,Gamba Osaka,3,0,H,O,2.2,3.28,3.22,4,,,,,,,,,,,,,,,,,,,,33.3,0.0,100.0,0.0,H
2019-04-06,2019,Hokkaido Consadole Sapporo,Oita Trinita,1,2,A,O,2.15,3.44,3.17,3,,,,,,,,,,,,,,,,,,,,50.0,50.0,100.0,0.0,A
2019-04-06,2019,FC Tokyo,Shimizu S-Pulse,2,1,H,O,1.7,3.78,4.63,3,,,,,,,,,,,,,,,,,,,,100.0,0.0,0.0,33.3,D
2019-04-05,2019,Urawa Reds,Yokohama F. Marinos,0,3,A,O,2.41,3.4,2.77,3,,,,,,,,,,,,,,,,,,,,0.0,50.0,50.0,50.0,A
2019-04-05,2019,Kawasaki Frontale,Cerezo Osaka,1,1,D,U,1.69,3.62,4.94,4,,,,,,,,,,,,,,,,,,,,0.0,33.3,50.0,50.0,A
2019-04-05,2019,Kashima Antlers,Nagoya Grampus,2,1,H,O,2.2,3.46,3.06,3,,,,,,,,,,,,,,,,,,,,50.0,50.0,66.7,33.3,D
2019-03-31,2019,Yamaga,Kawasaki Frontale,0,2,A,U,4.21,3.26,1.91,2,,,,,,,,,,,,,,,,,,,,0.0,100.0,0.0,0.0,A
2019-03-31,2019,Shimizu S-Pulse,Shonan Bellmare,1,3,A,O,2.17,3.4,3.16,2,,,,,,,,,,,,,,,,,,,,0.0,100.0,0.0,100.0,A
2019-03-30,2019,Vegalta Sendai,Cerezo Osaka,0,2,A,U,2.92,3.3,2.35,3,,,,,,,,,,,,,,,,,,,,0.0,50.0,0.0,100.0,A
2019-03-30,2019,Urawa Reds,FC Tokyo,1,1,D,U,2.78,3.19,2.51,2,,,,,,,,,,,,,,,,,,,,0.0,100.0,50.0,0.0,D
2019-03-30,2019,Oita Trinita,Sanfrecce Hiroshima,0,1,A,U,2.55,3.15,2.77,3,,,,,,,,,,,,,,,,,,,,50.0,50.0,100.0,0.0,D
2019-03-30,2019,Nagoya Grampus,Hokkaido Consadole Sapporo,4,0,H,O,2.18,3.64,2.97,2,,,,,,,,,,,,,,,,,,,,100.0,0.0,50.0,50.0,H
2019-03-30,2019,Iwata,Kashima Antlers,1,1,D,U,3.36,3.38,2.1,3,,,,,,,,,,,,,,,,,,,,0.0,50.0,50.0,0.0,D
2019-03-30,2019,Gamba Osaka,Vissel Kobe,3,4,A,O,3.02,3.47,2.21,3,,,,,,,,,,,,,,,,,,,,0.0,100.0,50.0,50.0,H
2019-03-29,2019,Yokohama F. Marinos,Sagan Tosu,0,0,D,U,1.61,4.04,4.98,3,,,,,,,,,,,,,,,,,,,,50.0,0.0,0.0,100.0,D
2019-03-17,2019,Vissel Kobe,Shimizu S-Pulse,1,1,D,U,1.69,3.77,4.7,2,,,,,,,,,,,,,,,,,,,,100.0,0.0,0.0,50.0,D
2019-03-17,2019,Shonan Bellmare,Vegalta Sendai,2,1,H,O,2.53,3.26,2.69,3,,,,,,,,,,,,,,,,,,,,50.0,50.0,0.0,100.0,H
2019-03-17,2019,Sanfrecce Hiroshima,Yamaga,1,0,H,U,2.36,2.91,3.27,3,,,,,,,,,,,,,,,,,,,,0.0,0.0,50.0,0.0,D
2019-03-17,2019,Sagan Tosu,Iwata,1,0,H,U,2.53,2.98,2.92,2,,,,,,,,,,,,,,,,,,,,0.0,100.0,0.0,0.0,D
2019-03-17,2019,Oita Trinita,Yokohama F. Marinos,2,0,H,U,2.68,3.49,2.43,2,,,,,,,,,,,,,,,,,,,,0.0,100.0,100.0,0.0,D
2019-03-17,2019,Kawasaki Frontale,Gamba Osaka,0,1,A,U,1.57,4.17,5.12,3,,,,,,,,,,,,,,,,,,,,0.0,0.0,100.0,0.0,D
2019-03-17,2019,Hokkaido Consadole Sapporo,Kashima Antlers,1,3,A,O,2.67,3.4,2.48,2,,,,,,,,,,,,,,,,,,,,100.0,0.0,0.0,0.0,A
2019-03-17,2019,FC Tokyo,Nagoya Grampus,1,0,H,U,2.09,3.45,3.3,2,,,,,,,,,,,,,,,,,,,,100.0,0.0,100.0,0.0,D
2019-03-17,2019,Cerezo Osaka,Urawa Reds,1,2,A,O,2.7,3.12,2.62,3,,,,,,,,,,,,,,,,,,,,50.0,50.0,50.0,0.0,D
2019-03-10,2019,Yokohama F. Marinos,Kawasaki Frontale,2,2,D,O,3.28,3.54,2.07,2,,,,,,,,,,,,,,,,,,,,100.0,0.0,,,D
2019-03-10,2019,Vegalta Sendai,Vissel Kobe,1,3,A,O,3.65,3.44,1.97,2,,,,,,,,,,,,,,,,,,,,0.0,0.0,0.0,100.0,D
2019-03-10,2019,FC Tokyo,Sagan Tosu,2,0,H,U,1.58,3.74,5.91,1,,,,,,,,,,,,,,,,,,,,,,0.0,100.0,D
2019-03-09,2019,Yamaga,Urawa Reds,0,1,A,U,2.83,3.08,2.55,1,,,,,,,,,,,,,,,,,,,,,,0.0,0.0,D
2019-03-09,2019,Kashima Antlers,Shonan Bellmare,1,0,H,U,1.85,3.53,4.06,2,,,,,,,,,,,,,,,,,,,,0.0,100.0,,,D
2019-03-09,2019,Iwata,Oita Trinita,1,2,A,O,2.54,3.23,2.72,2,,,,,,,,,,,,,,,,,,,,0.0,0.0,100.0,0.0,D
2019-03-09,2019,Hokkaido Consadole Sapporo,Shimizu S-Pulse,5,2,H,O,2.11,3.53,3.18,1,,,,,,,,,,,,,,,,,,,,,,0.0,0.0,H
2019-03-09,2019,Gamba Osaka,Nagoya Grampus,2,3,A,O,2.58,3.63,2.45,2,,,,,,,,,,,,,,,,,,,,0.0,100.0,100.0,0.0,A
2019-03-09,2019,Cerezo Osaka,Sanfrecce Hiroshima,0,1,A,U,2.49,3.17,2.81,2,,,,,,,,,,,,,,,,,,,,100.0,0.0,,,A
2019-03-02,2019,Yokohama F. Marinos,Vegalta Sendai,2,1,H,O,1.78,3.92,3.97,1,,,,,,,,,,,,,,,,,,,,,,,,H
2019-03-02,2019,Vissel Kobe,Sagan Tosu,1,0,H,U,1.75,3.51,4.67,1,,,,,,,,,,,,,,,,,,,,,,,,D
2019-03-02,2019,Urawa Reds,Hokkaido Consadole Sapporo,0,2,A,U,1.83,3.5,4.17,1,,,,,,,,,,,,,,,,,,,,,,0.0,100.0,A
2019-03-02,2019,Shonan Bellmare,FC Tokyo,2,3,A,O,3.98,3.21,1.96,2,,,,,,,,,,,,,,,,,,,,100.0,0.0,0.0,0.0,A
2019-03-02,2019,Shimizu S-Pulse,Gamba Osaka,2,4,A,O,2.17,3.48,3.1,1,,,,,,,,,,,,,,,,,,,,,,,,D
2019-03-02,2019,Oita Trinita,Yamaga,0,1,A,U,2.23,3.17,3.26,1,,,,,,,,,,,,,,,,,,,,,,0.0,0.0,D
2019-03-02,2019,Nagoya Grampus,Cerezo Osaka,2,0,H,U,2.52,3.38,2.64,1,,,,,,,,,,,,,,,,,,,,,,,,D
2019-03-01,2019,Sanfrecce Hiroshima,Iwata,0,0,D,U,1.98,3.33,3.76,2,,,,,,,,,,,,,,,,,,,,0.0,0.0,,,D
2019-03-01,2019,Kawasaki Frontale,Kashima Antlers,1,1,D,U,1.77,3.65,4.29,2,,,,,,,,,,,,,,,,,,,,0.0,0.0,,,D
2019-02-23,2019,Vegalta Sendai,Urawa Reds,0,0,D,U,3.6,3.46,1.98,1,,,,,,,,,,,,,,,,,,,,,,,,D
2019-02-23,2019,Shonan Bellmare,Hokkaido Consadole Sapporo,2,0,H,U,2.68,3.34,2.51,1,,,,,,,,,,,,,,,,,,,,,,,,D
2019-02-23,2019,Sanfrecce Hiroshima,Shimizu S-Pulse,1,1,D,U,2.44,3.24,2.84,1,,,,,,,,,,,,,,,,,,,,,,,,A
2019-02-23,2019,Sagan Tosu,Nagoya Grampus,0,4,A,O,2.47,3.3,2.75,1,,,,,,,,,,,,,,,,,,,,,,,,D
2019-02-23,2019,Kawasaki Frontale,FC Tokyo,0,0,D,U,1.88,3.36,4.16,1,,,,,,,,,,,,,,,,,,,,,,,,D
2019-02-23,2019,Kashima Antlers,Oita Trinita,1,2,A,O,1.73,3.52,4.8,1,,,,,,,,,,,,,,,,,,,,,,,,A
2019-02-23,2019,Iwata,Yamaga,1,1,D,U,2.33,3.05,3.18,1,,,,,,,,,,,,,,,,,,,,,,,,A
2019-02-23,2019,Gamba Osaka,Yokohama F. Marinos,2,3,A,O,2.69,3.46,2.44,1,,,,,,,,,,,,,,,,,,,,,,,,A
2019-02-22,2019,Cerezo Osaka,Vissel Kobe,1,0,H,U,2.77,3.33,2.43,1,,,,,,,,,,,,,,,,,,,,,,,,D
2018-12-08,2018,Iwata,Verdy,2,0,H,U,2.25,3.0,3.41,18,2.0,,2.0,,5.0,,,6.0,,,-1.0,,,0.0,,,1.0,,,41.2,35.3,100.0,0.0,H
2018-12-02,2018,Yokohama FC,Verdy,0,1,A,U,2.34,3.09,3.06,1,,,,,,,,,,,,,,,,,,,,,,100.0,0.0,
2018-12-01,2018,Yokohama F. Marinos,Cerezo Osaka,1,2,A,O,2.14,3.6,3.09,17,2.0,2.0,2.0,1.0,8.0,4.0,4.0,6.0,3.0,3.0,2.0,1.0,1.0,1.0,0.0,1.0,0.0,0.0,0.0,31.2,50.0,31.2,31.2,D
2018-12-01,2018,Vissel Kobe,Vegalta Sendai,3,2,H,O,2.05,3.53,3.36,17,0.0,1.0,2.0,3.0,2.0,3.0,-1.0,8.0,7.0,1.0,-6.0,-4.0,-2.0,0.0,0.0,0.0,1.0,1.0,0.0,31.2,43.8,43.8,50.0,H
2018-12-01,2018,V-Varen Nagasaki,Shimizu S-Pulse,4,4,D,O,3.27,3.51,2.09,17,1.0,2.0,2.0,1.0,2.0,6.0,-4.0,3.0,4.0,-1.0,-1.0,2.0,-3.0,0.0,1.0,-1.0,0.0,0.0,0.0,25.0,56.2,43.8,43.8,H
2018-12-01,2018,Urawa Reds,FC Tokyo,3,2,H,O,3.14,3.35,2.23,17,3.0,2.0,1.0,1.0,11.0,4.0,7.0,6.0,3.0,3.0,5.0,1.0,4.0,2.0,0.0,2.0,1.0,0.0,1.0,50.0,31.2,43.8,31.2,H
2018-12-01,2018,Nagoya Grampus,Shonan Bellmare,2,2,D,O,2.28,3.18,3.18,17,0.0,1.0,4.0,3.0,6.0,2.0,4.0,10.0,4.0,6.0,-4.0,-2.0,-2.0,0.0,0.0,0.0,0.0,0.0,0.0,31.2,50.0,31.2,50.0,A
2018-12-01,2018,Kawasaki Frontale,Iwata,2,1,H,O,1.68,3.66,4.97,17,4.0,0.0,0.0,1.0,18.0,2.0,16.0,4.0,6.0,-2.0,14.0,-4.0,18.0,4.0,0.0,4.0,0.0,1.0,-1.0,62.5,25.0,18.8,37.5,D
2018-12-01,2018,Kashiwa Reysol,Gamba Osaka,4,2,H,O,2.07,3.75,3.15,17,0.0,4.0,3.0,0.0,5.0,8.0,-3.0,8.0,3.0,5.0,-3.0,5.0,-8.0,0.0,1.0,-1.0,0.0,0.0,0.0,25.0,62.5,25.0,62.5,H
2018-12-01,2018,Kashima Antlers,Sagan Tosu,0,0,D,U,2.46,2.06,5.36,17,2.0,1.0,0.0,1.0,4.0,5.0,-1.0,2.0,5.0,-3.0,2.0,0.0,2.0,0.0,0.0,0.0,0.0,0.0,0.0,56.2,18.8,12.5,43.8,D
2018-12-01,2018,Hokkaido Consadole Sapporo,Sanfrecce Hiroshima,2,2,D,O,2.49,3.53,2.61,17,2.0,0.0,2.0,4.0,4.0,2.0,2.0,5.0,7.0,-2.0,-1.0,-5.0,4.0,0.0,0.0,0.0,1.0,1.0,0.0,56.2,31.2,56.2,31.2,H
2018-11-25,2018,Omiya Ardija,Verdy,0,1,A,U,2.25,3.07,3.28,1,,,,,,,,,,,,,,,,,,,,,,,,
2018-11-24,2018,Vegalta Sendai,Kashima Antlers,0,3,A,O,4.26,3.85,1.75,17,2.0,3.0,1.0,1.0,6.0,11.0,-5.0,5.0,5.0,0.0,1.0,6.0,-5.0,0.0,2.0,-2.0,0.0,1.0,-1.0,37.5,31.2,37.5,43.8,A
2018-11-24,2018,Shonan Bellmare,Urawa Reds,2,1,H,O,2.72,3.25,2.56,17,0.0,2.0,0.0,1.0,3.0,6.0,-3.0,3.0,7.0,-4.0,0.0,-1.0,1.0,0.0,0.0,0.0,0.0,1.0,-1.0,25.0,31.2,31.2,31.2,H
2018-11-24,2018,Shimizu S-Pulse,Vissel Kobe,3,3,D,O,2.33,3.38,2.92,17,3.0,1.0,1.0,3.0,10.0,6.0,4.0,3.0,13.0,-10.0,7.0,-7.0,14.0,3.0,0.0,3.0,0.0,3.0,-3.0,43.8,37.5,37.5,37.5,D
2018-11-24,2018,Sanfrecce Hiroshima,Nagoya Grampus,1,2,A,O,2.25,3.56,2.92,17,1.0,2.0,2.0,2.0,4.0,3.0,1.0,6.0,5.0,1.0,-2.0,-2.0,0.0,1.0,0.0,1.0,1.0,2.0,-1.0,50.0,31.2,37.5,56.2,A
2018-11-24,2018,Sagan Tosu,Yokohama F. Marinos,2,1,H,O,2.55,3.28,2.7,17,3.0,3.0,1.0,1.0,5.0,6.0,-1.0,1.0,3.0,-2.0,4.0,3.0,1.0,1.0,1.0,0.0,0.0,0.0,0.0,43.8,37.5,43.8,43.8,A
2018-11-24,2018,Iwata,Hokkaido Consadole Sapporo,0,2,A,U,2.92,3.53,2.27,17,2.0,1.0,2.0,2.0,6.0,5.0,1.0,10.0,12.0,-2.0,-4.0,-7.0,3.0,0.0,0.0,0.0,1.0,1.0,0.0,43.8,31.2,31.2,25.0,A
2018-11-24,2018,Gamba Osaka,V-Varen Nagasaki,2,1,H,O,1.81,3.63,4.26,17,4.0,1.0,0.0,2.0,6.0,6.0,0.0,1.0,10.0,-9.0,5.0,-4.0,9.0,1.0,0.0,1.0,0.0,1.0,-1.0,56.2,18.8,25.0,62.5,D
2018-11-24,2018,FC Tokyo,Kawasaki Frontale,0,2,A,U,2.38,3.34,2.88,17,0.0,1.0,2.0,1.0,0.0,3.0,-3.0,3.0,3.0,0.0,-3.0,0.0,-3.0,0.0,0.0,0.0,1.0,0.0,1.0,43.8,31.2,56.2,18.8,A
2018-11-24,2018,Cerezo Osaka,Kashiwa Reysol,0,3,A,O,2.59,3.5,2.52,17,1.0,1.0,2.0,3.0,3.0,6.0,-3.0,4.0,9.0,-5.0,-1.0,-3.0,2.0,0.0,1.0,-1.0,0.0,2.0,-2.0,43.8,25.0,37.5,56.2,D
2018-11-10,2018,Vissel Kobe,Sagan Tosu,0,0,D,U,2.19,3.36,3.22,16,0.0,1.0,3.0,1.0,2.0,5.0,-3.0,10.0,5.0,5.0,-8.0,0.0,-8.0,0.0,0.0,0.0,2.0,0.0,2.0,33.3,46.7,13.3,46.7,D
2018-11-10,2018,V-Varen Nagasaki,Yokohama F. Marinos,0,1,A,U,3.81,3.87,1.84,16,1.0,2.0,2.0,2.0,3.0,5.0,-2.0,5.0,4.0,1.0,-2.0,1.0,-3.0,0.0,1.0,-1.0,1.0,0.0,1.0,26.7,53.3,40.0,46.7,D
2018-11-10,2018,Shimizu S-Pulse,Nagoya Grampus,2,0,H,U,2.21,3.72,2.9,16,2.0,3.0,2.0,1.0,9.0,9.0,0.0,5.0,4.0,1.0,4.0,5.0,-1.0,2.0,1.0,1.0,0.0,1.0,-1.0,40.0,40.0,40.0,53.3,D
2018-11-10,2018,Sanfrecce Hiroshima,Vegalta Sendai,0,1,A,U,1.66,4.03,4.66,16,1.0,0.0,2.0,4.0,5.0,2.0,3.0,7.0,8.0,-1.0,-2.0,-6.0,4.0,1.0,0.0,1.0,1.0,1.0,0.0,53.3,26.7,40.0,53.3,D
2018-11-10,2018,Hokkaido Consadole Sapporo,Urawa Reds,1,2,A,O,2.88,3.61,2.27,16,3.0,1.0,1.0,1.0,6.0,7.0,-1.0,4.0,9.0,-5.0,2.0,-2.0,4.0,1.0,0.0,1.0,1.0,1.0,0.0,60.0,26.7,26.7,33.3,A
2018-11-10,2018,Gamba Osaka,Shonan Bellmare,1,0,H,U,2.16,3.45,3.19,16,3.0,2.0,0.0,2.0,6.0,5.0,1.0,2.0,4.0,-2.0,4.0,1.0,3.0,1.0,1.0,0.0,0.0,0.0,0.0,53.3,20.0,33.3,46.7,D
2018-11-10,2018,FC Tokyo,Iwata,0,0,D,U,1.6,3.8,5.73,16,0.0,0.0,3.0,1.0,0.0,3.0,-3.0,4.0,7.0,-3.0,-4.0,-4.0,0.0,0.0,0.0,0.0,1.0,1.0,0.0,46.7,33.3,20.0,40.0,D
2018-11-10,2018,Cerezo Osaka,Kawasaki Frontale,2,1,H,O,3.67,3.61,1.94,16,0.0,1.0,3.0,1.0,1.0,2.0,-1.0,4.0,3.0,1.0,-3.0,-1.0,-2.0,0.0,0.0,0.0,0.0,1.0,-1.0,40.0,26.7,60.0,13.3,D
2018-11-06,2018,Kashiwa Reysol,Kashima Antlers,2,3,A,O,2.14,3.45,3.22,16,1.0,2.0,2.0,2.0,8.0,9.0,-1.0,6.0,6.0,0.0,2.0,3.0,-1.0,1.0,2.0,-1.0,0.0,2.0,-2.0,26.7,60.0,33.3,46.7,D
2018-11-06,2018,Cerezo Osaka,Nagoya Grampus,0,1,A,U,1.88,3.78,3.72,15,1.0,3.0,2.0,1.0,4.0,10.0,-6.0,4.0,5.0,-1.0,0.0,5.0,-5.0,1.0,1.0,0.0,0.0,1.0,-1.0,42.9,21.4,35.7,57.1,D
2018-11-04,2018,Sagan Tosu,V-Varen Nagasaki,1,0,H,U,1.93,3.44,3.92,16,3.0,1.0,1.0,2.0,5.0,6.0,-1.0,1.0,11.0,-10.0,4.0,-5.0,9.0,1.0,0.0,1.0,0.0,2.0,-2.0,40.0,40.0,26.7,60.0,D
2018-11-04,2018,Hokkaido Consadole Sapporo,Vegalta Sendai,1,0,H,U,2.05,3.8,3.19,15,3.0,1.0,1.0,3.0,8.0,4.0,4.0,6.0,7.0,-1.0,2.0,-3.0,5.0,1.0,1.0,0.0,1.0,1.0,0.0,57.1,28.6,42.9,50.0,D
2018-11-03,2018,Yokohama F. Marinos,FC Tokyo,0,1,A,U,2.78,3.53,2.38,16,3.0,1.0,1.0,1.0,11.0,3.0,8.0,6.0,3.0,3.0,5.0,0.0,5.0,2.0,0.0,2.0,0.0,0.0,0.0,33.3,46.7,40.0,33.3,A
2018-11-03,2018,Urawa Reds,Gamba Osaka,1,3,A,O,1.71,4.02,4.35,16,3.0,3.0,1.0,1.0,11.0,5.0,6.0,5.0,5.0,0.0,6.0,0.0,6.0,2.0,0.0,2.0,0.0,1.0,-1.0,53.3,26.7,20.0,66.7,A
2018-11-03,2018,Nagoya Grampus,Vissel Kobe,1,2,A,O,2.46,3.61,2.62,16,1.0,1.0,3.0,3.0,9.0,6.0,3.0,9.0,12.0,-3.0,0.0,-6.0,6.0,1.0,1.0,0.0,0.0,3.0,-3.0,33.3,46.7,33.3,40.0,A
2018-11-03,2018,Kawasaki Frontale,Kashiwa Reysol,3,0,H,O,1.59,4.24,4.93,16,4.0,1.0,0.0,3.0,16.0,6.0,10.0,4.0,8.0,-4.0,12.0,-2.0,14.0,3.0,1.0,2.0,0.0,2.0,-2.0,60.0,26.7,40.0,53.3,H
2018-11-03,2018,Iwata,Sanfrecce Hiroshima,3,2,H,O,3.56,3.31,2.07,16,2.0,1.0,2.0,3.0,5.0,1.0,4.0,8.0,4.0,4.0,-3.0,-3.0,0.0,1.0,0.0,1.0,1.0,1.0,0.0,40.0,33.3,60.0,26.7,A
2018-11-02,2018,Shonan Bellmare,Shimizu S-Pulse,0,0,D,U,3.4,3.46,2.07,16,0.0,3.0,0.0,1.0,3.0,8.0,-5.0,3.0,5.0,-2.0,0.0,3.0,-3.0,0.0,1.0,-1.0,0.0,0.0,0.0,26.7,33.3,46.7,46.7,D
2018-10-31,2018,Kashima Antlers,Cerezo Osaka,1,0,H,U,2.94,3.17,2.44,16,2.0,3.0,0.0,0.0,4.0,6.0,-2.0,2.0,2.0,0.0,2.0,4.0,-2.0,0.0,1.0,-1.0,0.0,0.0,0.0,53.3,20.0,33.3,26.7,D
2018-10-30,2018,Iwata,Shonan Bellmare,1,0,H,U,2.36,3.24,2.99,15,2.0,2.0,2.0,2.0,7.0,6.0,1.0,10.0,7.0,3.0,-3.0,-1.0,-2.0,1.0,1.0,0.0,1.0,1.0,0.0,35.7,35.7,35.7,42.9,H
2018-10-28,2018,Nagoya Grampus,Hokkaido Consadole Sapporo,1,2,A,O,2.32,3.74,2.74,15,2.0,1.0,2.0,2.0,11.0,5.0,6.0,7.0,12.0,-5.0,4.0,-7.0,11.0,2.0,0.0,2.0,0.0,1.0,-1.0,35.7,42.9,26.7,26.7,A
2018-10-21,2018,V-Varen Nagasaki,Iwata,0,0,D,U,2.54,3.41,2.65,15,1.0,0.0,3.0,2.0,3.0,3.0,0.0,7.0,11.0,-4.0,-4.0,-8.0,4.0,0.0,0.0,0.0,2.0,2.0,0.0,28.6,57.1,21.4,42.9,D
2018-10-20,2018,Vegalta Sendai,Sagan Tosu,2,3,A,O,2.31,3.2,3.13,16,3.0,0.0,0.0,2.0,6.0,2.0,4.0,3.0,6.0,-3.0,3.0,-4.0,7.0,0.0,0.0,0.0,0.0,1.0,-1.0,40.0,26.7,7.1,50.0,A
2018-10-20,2018,Urawa Reds,Kashima Antlers,3,1,H,O,2.4,3.34,2.86,15,3.0,3.0,1.0,1.0,12.0,10.0,2.0,4.0,4.0,0.0,8.0,6.0,2.0,2.0,2.0,0.0,0.0,1.0,-1.0,50.0,28.6,35.7,42.9,A
2018-10-20,2018,Shonan Bellmare,Hokkaido Consadole Sapporo,2,2,D,O,2.6,3.38,2.6,15,0.0,1.0,1.0,2.0,1.0,4.0,-3.0,3.0,11.0,-8.0,-2.0,-7.0,5.0,0.0,0.0,0.0,1.0,1.0,0.0,28.6,35.7,28.6,28.6,H
2018-10-20,2018,Shimizu S-Pulse,Sanfrecce Hiroshima,2,0,H,U,2.89,3.36,2.37,15,1.0,1.0,2.0,2.0,10.0,2.0,8.0,8.0,3.0,5.0,2.0,-1.0,3.0,1.0,0.0,1.0,0.0,0.0,0.0,35.7,42.9,64.3,21.4,H
2018-10-20,2018,Kawasaki Frontale,Vissel Kobe,5,3,H,O,1.54,4.32,5.38,15,3.0,1.0,0.0,3.0,11.0,3.0,8.0,1.0,8.0,-7.0,10.0,-5.0,15.0,2.0,1.0,1.0,0.0,2.0,-2.0,57.1,28.6,35.7,35.7,A
2018-10-20,2018,Gamba Osaka,Yokohama F. Marinos,2,1,H,O,3.16,3.74,2.08,15,3.0,3.0,0.0,1.0,6.0,5.0,1.0,2.0,2.0,0.0,4.0,3.0,1.0,1.0,1.0,0.0,0.0,0.0,0.0,50.0,21.4,42.9,42.9,A
2018-10-20,2018,FC Tokyo,Cerezo Osaka,0,1,A,U,1.98,3.46,3.69,15,1.0,2.0,2.0,0.0,1.0,6.0,-5.0,3.0,3.0,0.0,-2.0,3.0,-5.0,0.0,1.0,-1.0,1.0,0.0,1.0,50.0,28.6,28.6,28.6,D
2018-10-19,2018,Kashiwa Reysol,Nagoya Grampus,0,1,A,U,2.01,3.75,3.34,15,1.0,3.0,2.0,1.0,8.0,11.0,-3.0,7.0,6.0,1.0,1.0,5.0,-4.0,1.0,1.0,0.0,1.0,1.0,0.0,28.6,57.1,30.8,61.5,A
2018-10-07,2018,Vegalta Sendai,Urawa Reds,1,1,D,U,3.3,3.46,2.12,15,4.0,1.0,0.0,2.0,9.0,6.0,3.0,3.0,9.0,-6.0,6.0,-3.0,9.0,1.0,0.0,1.0,0.0,1.0,-1.0,42.9,28.6,28.6,35.7,D
2018-10-07,2018,Shimizu S-Pulse,Iwata,5,1,H,O,2.05,3.41,3.52,14,0.0,0.0,3.0,2.0,6.0,3.0,3.0,9.0,8.0,1.0,-3.0,-5.0,2.0,0.0,0.0,0.0,0.0,1.0,-1.0,30.8,46.2,23.1,38.5,H
2018-10-07,2018,Nagoya Grampus,FC Tokyo,1,2,A,O,3.52,3.55,2.0,14,3.0,0.0,1.0,2.0,14.0,3.0,11.0,7.0,5.0,2.0,7.0,-2.0,9.0,3.0,0.0,3.0,0.0,0.0,0.0,38.5,38.5,35.7,35.7,D
2018-10-07,2018,Kashima Antlers,Kawasaki Frontale,0,0,D,U,3.11,3.25,2.3,15,3.0,2.0,0.0,1.0,5.0,4.0,1.0,2.0,4.0,-2.0,3.0,0.0,3.0,0.0,0.0,0.0,0.0,1.0,-1.0,57.1,21.4,64.3,14.3,D
2018-10-06,2018,Vissel Kobe,V-Varen Nagasaki,1,1,D,U,1.97,3.44,3.75,15,0.0,1.0,3.0,2.0,2.0,5.0,-3.0,10.0,10.0,0.0,-8.0,-5.0,-3.0,0.0,0.0,0.0,2.0,2.0,0.0,35.7,50.0,28.6,64.3,D
2018-10-06,2018,Sanfrecce Hiroshima,Kashiwa Reysol,0,3,A,O,1.94,3.78,3.51,15,2.0,1.0,1.0,3.0,7.0,4.0,3.0,4.0,8.0,-4.0,3.0,-4.0,7.0,2.0,0.0,2.0,0.0,2.0,-2.0,57.1,21.4,35.7,57.1,A
2018-10-06,2018,Sagan Tosu,Shonan Bellmare,0,1,A,U,2.15,3.18,3.5,15,4.0,1.0,0.0,2.0,6.0,7.0,-1.0,0.0,9.0,-9.0,6.0,-2.0,8.0,1.0,1.0,0.0,0.0,1.0,-1.0,42.9,35.7,30.8,46.2,D
2018-10-06,2018,Cerezo Osaka,Gamba Osaka,0,1,A,U,1.9,3.43,4.07,14,1.0,2.0,1.0,2.0,5.0,5.0,0.0,4.0,7.0,-3.0,1.0,-2.0,3.0,1.0,0.0,1.0,0.0,1.0,-1.0,46.2,15.4,14.3,71.4,A
2018-10-05,2018,Yokohama F. Marinos,Hokkaido Consadole Sapporo,2,1,H,O,1.8,4.04,3.81,15,2.0,2.0,2.0,1.0,10.0,6.0,4.0,7.0,11.0,-4.0,3.0,-5.0,8.0,2.0,0.0,2.0,0.0,1.0,-1.0,28.6,50.0,30.8,23.1,H
2018-09-30,2018,Urawa Reds,Kashiwa Reysol,3,2,H,O,2.06,3.5,3.39,14,2.0,2.0,1.0,2.0,9.0,4.0,5.0,2.0,6.0,-4.0,7.0,-2.0,9.0,2.0,0.0,2.0,0.0,2.0,-2.0,46.2,30.8,38.5,53.8,H
2018-09-29,2018,Yokohama F. Marinos,Vegalta Sendai,5,2,H,O,2.26,3.61,2.91,14,1.0,1.0,3.0,3.0,6.0,4.0,2.0,7.0,5.0,2.0,-1.0,-1.0,0.0,1.0,1.0,0.0,0.0,0.0,0.0,23.1,53.8,46.2,46.2,H
2018-09-29,2018,Vissel Kobe,Kashima Antlers,0,5,A,O,2.72,3.28,2.54,14,1.0,2.0,2.0,2.0,4.0,7.0,-3.0,6.0,8.0,-2.0,-2.0,-1.0,-1.0,0.0,1.0,-1.0,1.0,2.0,-1.0,38.5,46.2,30.8,46.2,A
2018-09-29,2018,V-Varen Nagasaki,Kawasaki Frontale,1,2,A,O,6.33,4.03,1.51,14,1.0,2.0,3.0,1.0,3.0,4.0,-1.0,7.0,4.0,3.0,-4.0,0.0,-4.0,0.0,0.0,0.0,2.0,1.0,1.0,30.8,53.8,61.5,15.4,A
2018-09-29,2018,Hokkaido Consadole Sapporo,Sagan Tosu,2,1,H,O,2.52,3.25,2.78,14,2.0,0.0,1.0,1.0,7.0,1.0,6.0,6.0,4.0,2.0,1.0,-3.0,4.0,1.0,0.0,1.0,1.0,1.0,0.0,53.8,30.8,7.7,46.2,D
2018-09-29,2018,Gamba Osaka,Sanfrecce Hiroshima,1,0,H,U,3.57,3.48,2.01,14,2.0,2.0,0.0,1.0,6.0,6.0,0.0,3.0,3.0,0.0,3.0,3.0,0.0,1.0,1.0,0.0,0.0,0.0,0.0,46.2,23.1,69.2,15.4,D
2018-09-29,2018,FC Tokyo,Shimizu S-Pulse,0,2,A,U,1.87,3.54,4.06,14,1.0,2.0,2.0,2.0,1.0,7.0,-6.0,2.0,8.0,-6.0,-1.0,-1.0,0.0,0.0,0.0,0.0,0.0,1.0,-1.0,53.8,23.1,42.9,50.0,D
2018-09-26,2018,Shonan Bellmare,Kawasaki Frontale,0,0,D,U,6.0,4.17,1.52,14,0.0,2.0,2.0,2.0,1.0,4.0,-3.0,4.0,6.0,-2.0,-3.0,-2.0,-1.0,0.0,0.0,0.0,1.0,2.0,-1.0,30.8,38.5,66.7,16.7,D
2018-09-23,2018,Urawa Reds,Vissel Kobe,4,0,H,O,2.05,3.49,3.46,13,2.0,1.0,1.0,2.0,7.0,4.0,3.0,2.0,5.0,-3.0,5.0,-1.0,6.0,2.0,1.0,1.0,0.0,1.0,-1.0,41.7,33.3,38.5,30.8,H
2018-09-23,2018,Hokkaido Consadole Sapporo,Kashima Antlers,0,2,A,U,2.94,3.51,2.28,13,2.0,1.0,1.0,2.0,8.0,6.0,2.0,6.0,9.0,-3.0,2.0,-3.0,5.0,1.0,0.0,1.0,0.0,2.0,-2.0,58.3,25.0,25.0,50.0,A
2018-09-22,2018,V-Varen Nagasaki,Vegalta Sendai,1,0,H,U,3.14,3.37,2.23,13,0.0,2.0,4.0,2.0,4.0,5.0,-1.0,10.0,4.0,6.0,-6.0,1.0,-7.0,0.0,1.0,-1.0,2.0,0.0,2.0,25.0,58.3,50.0,41.7,D
2018-09-22,2018,Shonan Bellmare,Cerezo Osaka,1,1,D,U,3.41,3.42,2.1,13,0.0,2.0,2.0,1.0,1.0,5.0,-4.0,4.0,3.0,1.0,-3.0,2.0,-5.0,0.0,1.0,-1.0,1.0,0.0,1.0,33.3,41.7,30.8,30.8,D
2018-09-22,2018,Sanfrecce Hiroshima,FC Tokyo,1,1,D,U,2.48,3.19,2.87,14,2.0,0.0,1.0,3.0,8.0,3.0,5.0,5.0,6.0,-1.0,3.0,-3.0,6.0,2.0,0.0,2.0,0.0,0.0,0.0,61.5,23.1,38.5,38.5,H
2018-09-22,2018,Kawasaki Frontale,Nagoya Grampus,3,1,H,O,1.47,4.8,5.69,14,3.0,3.0,0.0,1.0,10.0,11.0,-1.0,0.0,6.0,-6.0,10.0,5.0,5.0,2.0,1.0,1.0,0.0,1.0,-1.0,53.8,30.8,33.3,58.3,H
2018-09-22,2018,Kashiwa Reysol,Sagan Tosu,1,1,D,U,2.3,3.26,3.11,14,1.0,0.0,3.0,2.0,7.0,0.0,7.0,8.0,4.0,4.0,-1.0,-4.0,3.0,1.0,0.0,1.0,2.0,1.0,1.0,30.8,61.5,8.3,50.0,H
2018-09-22,2018,Iwata,Yokohama F. Marinos,1,2,A,O,2.74,3.47,2.44,14,2.0,2.0,1.0,2.0,7.0,3.0,4.0,9.0,3.0,6.0,-2.0,0.0,-2.0,1.0,1.0,0.0,1.0,1.0,0.0,38.5,30.8,38.5,46.2,A
2018-09-21,2018,Shimizu S-Pulse,Gamba Osaka,1,2,A,O,2.04,3.64,3.37,13,1.0,1.0,2.0,3.0,6.0,5.0,1.0,7.0,9.0,-2.0,-1.0,-4.0,3.0,0.0,0.0,0.0,0.0,1.0,-1.0,33.3,41.7,7.7,76.9,A
2018-09-16,2018,Yokohama F. Marinos,Urawa Reds,1,2,A,O,2.61,3.48,2.54,13,1.0,1.0,3.0,2.0,6.0,8.0,-2.0,9.0,9.0,0.0,-3.0,-1.0,-2.0,1.0,1.0,0.0,1.0,1.0,0.0,25.0,50.0,23.1,38.5,A
2018-09-15,2018,Vissel Kobe,Gamba Osaka,1,2,A,O,2.02,3.55,3.5,13,2.0,0.0,1.0,3.0,4.0,4.0,0.0,4.0,9.0,-5.0,0.0,-5.0,5.0,0.0,0.0,0.0,1.0,1.0,0.0,41.7,41.7,0.0,83.3,H
2018-09-15,2018,Vegalta Sendai,FC Tokyo,1,0,H,U,3.08,3.32,2.29,14,3.0,1.0,1.0,2.0,9.0,5.0,4.0,5.0,6.0,-1.0,4.0,-1.0,5.0,1.0,0.0,1.0,0.0,0.0,0.0,38.5,30.8,41.7,33.3,D
2018-09-15,2018,Sagan Tosu,Sanfrecce Hiroshima,1,0,H,U,3.86,3.44,1.95,14,3.0,2.0,0.0,0.0,5.0,6.0,-1.0,0.0,2.0,-2.0,5.0,4.0,1.0,1.0,1.0,0.0,0.0,0.0,0.0,38.5,38.5,75.0,8.3,D
2018-09-15,2018,Nagoya Grampus,V-Varen Nagasaki,3,4,A,O,1.8,3.92,3.93,13,4.0,1.0,0.0,2.0,14.0,2.0,12.0,5.0,7.0,-2.0,9.0,-5.0,14.0,3.0,0.0,3.0,0.0,2.0,-2.0,41.7,33.3,23.1,69.2,D
2018-09-15,2018,Kawasaki Frontale,Hokkaido Consadole Sapporo,7,0,H,O,1.53,4.09,5.97,13,3.0,2.0,0.0,1.0,4.0,6.0,-2.0,0.0,8.0,-8.0,4.0,-2.0,6.0,1.0,0.0,1.0,0.0,1.0,-1.0,50.0,33.3,33.3,16.7,H
2018-09-15,2018,Kashiwa Reysol,Shimizu S-Pulse,2,3,A,O,2.31,3.4,2.97,13,1.0,1.0,3.0,3.0,5.0,4.0,1.0,6.0,7.0,-1.0,-1.0,-3.0,2.0,1.0,0.0,1.0,2.0,1.0,1.0,33.3,58.3,38.5,53.8,A
2018-09-14,2018,Kashima Antlers,Shonan Bellmare,2,1,H,O,1.69,3.82,4.76,14,2.0,2.0,1.0,1.0,4.0,8.0,-4.0,3.0,7.0,-4.0,1.0,1.0,0.0,0.0,2.0,-2.0,0.0,1.0,-1.0,53.8,23.1,33.3,41.7,D
2018-09-14,2018,Cerezo Osaka,Iwata,1,1,D,U,1.93,3.32,4.11,13,1.0,0.0,2.0,2.0,4.0,2.0,2.0,5.0,7.0,-2.0,-1.0,-5.0,4.0,1.0,0.0,1.0,1.0,1.0,0.0,50.0,16.7,25.0,41.7,D
2018-09-02,2018,FC Tokyo,Sagan Tosu,0,0,D,U,1.74,3.61,4.7,13,2.0,0.0,2.0,2.0,6.0,1.0,5.0,4.0,5.0,-1.0,2.0,-4.0,6.0,1.0,0.0,1.0,0.0,1.0,-1.0,58.3,25.0,9.1,54.5,D
2018-09-01,2018,Yokohama F. Marinos,Kashiwa Reysol,3,1,H,O,2.82,3.67,2.3,12,1.0,2.0,3.0,2.0,8.0,3.0,5.0,10.0,4.0,6.0,-2.0,-1.0,-1.0,1.0,0.0,1.0,1.0,1.0,0.0,18.2,54.5,41.7,50.0,H
2018-09-01,2018,Vegalta Sendai,Shimizu S-Pulse,2,1,H,O,2.42,3.48,2.75,13,2.0,2.0,1.0,2.0,9.0,5.0,4.0,6.0,6.0,0.0,3.0,-1.0,4.0,1.0,0.0,1.0,0.0,1.0,-1.0,33.3,33.3,41.7,50.0,H
2018-09-01,2018,Urawa Reds,Cerezo Osaka,1,2,A,O,2.22,3.37,3.16,12,3.0,1.0,0.0,1.0,9.0,5.0,4.0,1.0,4.0,-3.0,8.0,1.0,7.0,3.0,1.0,2.0,0.0,0.0,0.0,45.5,27.3,25.0,33.3,D
2018-09-01,2018,Sanfrecce Hiroshima,Kashima Antlers,3,1,H,O,2.26,3.36,3.09,13,1.0,2.0,2.0,1.0,6.0,7.0,-1.0,8.0,6.0,2.0,-2.0,1.0,-3.0,1.0,1.0,0.0,1.0,1.0,0.0,58.3,25.0,27.3,45.5,H
2018-09-01,2018,Iwata,Nagoya Grampus,1,6,A,O,2.55,3.53,2.57,13,2.0,2.0,0.0,2.0,9.0,5.0,4.0,6.0,8.0,-2.0,3.0,-3.0,6.0,1.0,0.0,1.0,0.0,2.0,-2.0,41.7,25.0,27.3,63.6,A
2018-09-01,2018,Hokkaido Consadole Sapporo,Vissel Kobe,3,1,H,O,2.86,3.48,2.34,12,1.0,2.0,1.0,1.0,5.0,4.0,1.0,5.0,2.0,3.0,0.0,2.0,-2.0,0.0,1.0,-1.0,0.0,0.0,0.0,54.5,27.3,41.7,25.0,H
2018-09-01,2018,Gamba Osaka,Kawasaki Frontale,2,0,H,U,5.55,4.25,1.54,13,1.0,3.0,1.0,1.0,5.0,6.0,-1.0,5.0,5.0,0.0,0.0,1.0,-1.0,0.0,0.0,0.0,0.0,1.0,-1.0,41.7,25.0,72.7,9.1,H
2018-08-31,2018,V-Varen Nagasaki,Shonan Bellmare,1,3,A,O,2.54,3.23,2.77,12,0.0,2.0,4.0,1.0,3.0,8.0,-5.0,8.0,6.0,2.0,-5.0,2.0,-7.0,0.0,2.0,-2.0,1.0,1.0,0.0,27.3,54.5,27.3,45.5,A
2018-08-29,2018,Yokohama F. Marinos,Shimizu S-Pulse,1,2,A,O,2.66,3.47,2.5,11,1.0,1.0,2.0,3.0,8.0,3.0,5.0,9.0,8.0,1.0,-1.0,-5.0,4.0,1.0,0.0,1.0,1.0,2.0,-1.0,20.0,50.0,36.4,54.5,D
2018-08-26,2018,Vissel Kobe,Yokohama F. Marinos,0,2,A,U,1.81,3.79,4.0,12,2.0,1.0,1.0,3.0,4.0,3.0,1.0,5.0,8.0,-3.0,-1.0,-5.0,4.0,0.0,0.0,0.0,1.0,2.0,-1.0,45.5,36.4,33.3,50.0,D
2018-08-26,2018,Shonan Bellmare,FC Tokyo,0,0,D,U,4.37,3.56,1.8,12,1.0,2.0,2.0,2.0,2.0,6.0,-4.0,4.0,6.0,-2.0,-2.0,0.0,-2.0,0.0,0.0,0.0,1.0,0.0,1.0,36.4,45.5,45.5,36.4,D
2018-08-26,2018,Sagan Tosu,Gamba Osaka,3,0,H,O,2.27,3.27,3.11,13,2.0,0.0,1.0,3.0,2.0,4.0,-2.0,1.0,10.0,-9.0,1.0,-6.0,7.0,0.0,0.0,0.0,0.0,1.0,-1.0,33.3,41.7,0.0,81.8,D
2018-08-26,2018,Nagoya Grampus,Urawa Reds,4,1,H,O,3.51,3.69,1.96,12,3.0,1.0,0.0,1.0,10.0,8.0,2.0,4.0,6.0,-2.0,6.0,2.0,4.0,2.0,1.0,1.0,0.0,0.0,0.0,36.4,36.4,25.0,33.3,H
2018-08-25,2018,Shimizu S-Pulse,Hokkaido Consadole Sapporo,1,2,A,O,2.13,3.37,3.35,12,2.0,1.0,1.0,1.0,8.0,4.0,4.0,5.0,7.0,-2.0,3.0,-3.0,6.0,1.0,0.0,1.0,0.0,1.0,-1.0,36.4,36.4,27.3,18.2,D
2018-08-25,2018,Kawasaki Frontale,Vegalta Sendai,1,0,H,U,1.42,4.44,7.34,12,3.0,3.0,0.0,1.0,6.0,7.0,-1.0,0.0,4.0,-4.0,6.0,3.0,3.0,2.0,1.0,1.0,0.0,0.0,0.0,45.5,36.4,54.5,36.4,D
2018-08-25,2018,Kashiwa Reysol,V-Varen Nagasaki,5,1,H,O,1.68,3.68,5.08,12,0.0,1.0,4.0,2.0,1.0,1.0,0.0,7.0,3.0,4.0,-6.0,-2.0,-4.0,0.0,0.0,0.0,2.0,1.0,1.0,27.3,63.6,25.0,66.7,H
2018-08-25,2018,Cerezo Osaka,Sanfrecce Hiroshima,0,1,A,U,2.5,3.34,2.72,12,1.0,2.0,1.0,0.0,5.0,8.0,-3.0,5.0,3.0,2.0,0.0,5.0,-5.0,1.0,2.0,-1.0,1.0,0.0,1.0,54.5,9.1,72.7,9.1,A
2018-08-24,2018,Kashima Antlers,Iwata,1,1,D,U,1.87,3.57,3.98,13,3.0,0.0,1.0,2.0,9.0,1.0,8.0,4.0,6.0,-2.0,5.0,-5.0,10.0,1.0,0.0,1.0,0.0,1.0,-1.0,58.3,25.0,27.3,45.5,D
2018-08-19,2018,Vegalta Sendai,Gamba Osaka,2,1,H,O,2.09,3.52,3.28,12,1.0,0.0,2.0,2.0,9.0,4.0,5.0,13.0,9.0,4.0,-4.0,-5.0,1.0,1.0,0.0,1.0,1.0,1.0,0.0,27.3,36.4,0.0,80.0,A
2018-08-19,2018,V-Varen Nagasaki,Cerezo Osaka,0,2,A,U,4.04,3.47,1.89,11,1.0,0.0,3.0,2.0,6.0,3.0,3.0,6.0,7.0,-1.0,0.0,-4.0,4.0,1.0,0.0,1.0,0.0,1.0,-1.0,30.0,50.0,18.2,36.4,A
2018-08-19,2018,Shonan Bellmare,Vissel Kobe,0,2,A,U,3.71,3.36,2.0,11,1.0,2.0,2.0,1.0,3.0,4.0,-1.0,5.0,2.0,3.0,-2.0,2.0,-4.0,0.0,1.0,-1.0,1.0,0.0,1.0,40.0,40.0,36.4,27.3,A
2018-08-19,2018,Shimizu S-Pulse,Urawa Reds,3,3,D,O,3.39,3.36,2.11,11,3.0,1.0,1.0,1.0,9.0,5.0,4.0,4.0,3.0,1.0,5.0,2.0,3.0,2.0,1.0,1.0,0.0,0.0,0.0,40.0,40.0,27.3,36.4,D
2018-08-19,2018,Sanfrecce Hiroshima,Kawasaki Frontale,1,2,A,O,2.84,3.38,2.39,12,2.0,3.0,1.0,1.0,9.0,6.0,3.0,6.0,5.0,1.0,3.0,1.0,2.0,2.0,0.0,2.0,1.0,1.0,0.0,63.6,18.2,70.0,10.0,D
2018-08-19,2018,Nagoya Grampus,Sagan Tosu,3,0,H,O,2.67,3.32,2.56,11,2.0,0.0,1.0,1.0,9.0,1.0,8.0,7.0,2.0,5.0,2.0,-1.0,3.0,1.0,0.0,1.0,0.0,0.0,0.0,30.0,40.0,10.0,50.0,H
2018-08-19,2018,Kashima Antlers,Yokohama F. Marinos,1,0,H,U,1.89,3.75,3.7,12,2.0,2.0,2.0,2.0,9.0,11.0,-2.0,6.0,9.0,-3.0,3.0,2.0,1.0,1.0,1.0,0.0,0.0,2.0,-2.0,54.5,27.3,36.4,45.5,D
2018-08-19,2018,Iwata,Kashiwa Reysol,2,0,H,U,3.25,3.38,2.16,12,1.0,2.0,1.0,2.0,7.0,5.0,2.0,8.0,8.0,0.0,-1.0,-3.0,2.0,0.0,0.0,0.0,1.0,1.0,0.0,36.4,27.3,45.5,45.5,H
2018-08-19,2018,Hokkaido Consadole Sapporo,FC Tokyo,3,2,H,O,3.05,3.37,2.27,11,0.0,2.0,2.0,1.0,3.0,4.0,-1.0,5.0,3.0,2.0,-2.0,1.0,-3.0,0.0,0.0,0.0,0.0,0.0,0.0,50.0,30.0,50.0,30.0,A
2018-08-15,2018,Yokohama F. Marinos,Nagoya Grampus,1,2,A,O,1.94,3.92,3.38,10,1.0,1.0,2.0,3.0,8.0,5.0,3.0,10.0,10.0,0.0,-2.0,-5.0,3.0,1.0,0.0,1.0,2.0,2.0,0.0,22.2,44.4,20.0,70.0,A
2018-08-15,2018,Vissel Kobe,Sanfrecce Hiroshima,1,1,D,U,2.42,3.4,2.78,11,3.0,3.0,1.0,0.0,7.0,9.0,-2.0,4.0,2.0,2.0,3.0,7.0,-4.0,1.0,3.0,-2.0,1.0,0.0,1.0,50.0,40.0,80.0,10.0,D
2018-08-15,2018,Vegalta Sendai,Shonan Bellmare,4,1,H,O,1.99,3.43,3.68,11,0.0,2.0,3.0,1.0,6.0,9.0,-3.0,15.0,6.0,9.0,-9.0,3.0,-12.0,0.0,2.0,-2.0,2.0,1.0,1.0,20.0,40.0,30.0,40.0,H
2018-08-15,2018,V-Varen Nagasaki,Kashima Antlers,1,2,A,O,3.18,3.4,2.18,10,1.0,1.0,3.0,1.0,5.0,8.0,-3.0,6.0,8.0,-2.0,-1.0,0.0,-1.0,1.0,1.0,0.0,1.0,1.0,0.0,33.3,44.4,20.0,50.0,A
2018-08-15,2018,Urawa Reds,Iwata,4,0,H,O,1.79,3.58,4.37,11,2.0,0.0,0.0,2.0,5.0,1.0,4.0,1.0,3.0,-2.0,4.0,-2.0,6.0,2.0,0.0,2.0,0.0,0.0,0.0,40.0,30.0,30.0,40.0,D
2018-08-15,2018,Kawasaki Frontale,Sagan Tosu,0,0,D,U,1.53,4.02,6.07,11,3.0,0.0,1.0,2.0,6.0,1.0,5.0,2.0,5.0,-3.0,4.0,-4.0,8.0,2.0,0.0,2.0,1.0,1.0,0.0,50.0,40.0,11.1,55.6,D
2018-08-15,2018,Gamba Osaka,Hokkaido Consadole Sapporo,1,1,D,U,2.65,3.54,2.47,12,1.0,2.0,1.0,1.0,4.0,5.0,-1.0,4.0,7.0,-3.0,0.0,-2.0,2.0,0.0,0.0,0.0,0.0,1.0,-1.0,45.5,27.3,30.0,20.0,H
2018-08-15,2018,FC Tokyo,Kashiwa Reysol,0,1,A,U,2.04,3.45,3.49,12,2.0,2.0,1.0,2.0,6.0,7.0,-1.0,3.0,10.0,-7.0,3.0,-3.0,6.0,1.0,0.0,1.0,0.0,1.0,-1.0,63.6,18.2,40.0,50.0,D
2018-08-15,2018,Cerezo Osaka,Shimizu S-Pulse,3,1,H,O,1.88,3.4,4.19,11,1.0,1.0,1.0,3.0,5.0,3.0,2.0,5.0,8.0,-3.0,0.0,-5.0,5.0,1.0,0.0,1.0,1.0,2.0,-1.0,50.0,10.0,40.0,50.0,D
2018-08-11,2018,Vissel Kobe,Iwata,2,1,H,O,1.95,3.4,3.84,10,2.0,1.0,1.0,1.0,5.0,2.0,3.0,3.0,2.0,1.0,2.0,0.0,2.0,1.0,0.0,1.0,1.0,0.0,1.0,44.4,44.4,33.3,33.3,H
2018-08-11,2018,Shonan Bellmare,Yokohama F. Marinos,0,1,A,U,3.09,3.63,2.15,10,1.0,1.0,2.0,2.0,4.0,11.0,-7.0,6.0,10.0,-4.0,-2.0,1.0,-3.0,0.0,1.0,-1.0,1.0,2.0,-1.0,44.4,33.3,30.0,50.0,D
2018-08-11,2018,Shimizu S-Pulse,Kawasaki Frontale,1,2,A,O,3.88,3.38,1.96,10,4.0,3.0,0.0,1.0,10.0,6.0,4.0,3.0,5.0,-2.0,7.0,1.0,6.0,2.0,0.0,2.0,0.0,1.0,-1.0,44.4,33.3,66.7,11.1,D
2018-08-11,2018,Sanfrecce Hiroshima,V-Varen Nagasaki,2,0,H,U,1.57,3.97,5.67,11,1.0,1.0,2.0,2.0,7.0,3.0,4.0,8.0,6.0,2.0,-1.0,-3.0,2.0,1.0,0.0,1.0,2.0,1.0,1.0,60.0,20.0,27.3,63.6,H
2018-08-11,2018,Sagan Tosu,Urawa Reds,1,0,H,U,3.13,3.15,2.33,12,1.0,1.0,1.0,1.0,1.0,5.0,-4.0,1.0,3.0,-2.0,0.0,2.0,-2.0,0.0,1.0,-1.0,0.0,0.0,0.0,27.3,45.5,30.0,30.0,D
2018-08-11,2018,Nagoya Grampus,Kashima Antlers,4,2,H,O,3.47,3.75,1.96,10,1.0,1.0,1.0,1.0,6.0,6.0,0.0,6.0,7.0,-1.0,0.0,-1.0,1.0,0.0,1.0,-1.0,0.0,1.0,-1.0,22.2,44.4,22.2,44.4,H
2018-08-11,2018,Kashiwa Reysol,Vegalta Sendai,0,2,A,U,2.0,3.54,3.53,11,0.0,3.0,4.0,1.0,2.0,8.0,-6.0,7.0,5.0,2.0,-5.0,3.0,-8.0,0.0,1.0,-1.0,1.0,0.0,1.0,30.0,60.0,50.0,40.0,D
2018-08-11,2018,Hokkaido Consadole Sapporo,Cerezo Osaka,1,1,D,U,2.57,3.4,2.61,10,1.0,1.0,2.0,2.0,4.0,4.0,0.0,4.0,6.0,-2.0,0.0,-2.0,2.0,1.0,1.0,0.0,0.0,1.0,-1.0,55.6,33.3,20.0,40.0,D
2018-08-10,2018,Gamba Osaka,FC Tokyo,2,1,H,O,3.38,3.39,2.1,11,1.0,3.0,1.0,0.0,3.0,5.0,-2.0,3.0,1.0,2.0,0.0,4.0,-4.0,0.0,1.0,-1.0,0.0,0.0,0.0,40.0,30.0,55.6,22.2,H
2018-08-05,2018,Urawa Reds,V-Varen Nagasaki,0,0,D,U,1.61,3.77,5.63,10,2.0,1.0,1.0,3.0,5.0,4.0,1.0,2.0,9.0,-7.0,3.0,-5.0,8.0,2.0,0.0,2.0,0.0,2.0,-2.0,44.4,33.3,30.0,70.0,D
2018-08-05,2018,Sanfrecce Hiroshima,Shonan Bellmare,2,2,D,O,1.55,4.04,5.76,10,2.0,3.0,2.0,1.0,7.0,8.0,-1.0,6.0,4.0,2.0,1.0,4.0,-3.0,2.0,2.0,0.0,2.0,1.0,1.0,66.7,22.2,33.3,44.4,D
2018-08-05,2018,Sagan Tosu,Cerezo Osaka,1,0,H,U,2.71,3.26,2.53,11,1.0,1.0,1.0,1.0,3.0,4.0,-1.0,2.0,5.0,-3.0,1.0,-1.0,2.0,1.0,1.0,0.0,0.0,1.0,-1.0,20.0,50.0,22.2,33.3,H
2018-08-05,2018,Nagoya Grampus,Gamba Osaka,3,2,H,O,2.72,3.58,2.39,9,0.0,0.0,1.0,2.0,3.0,2.0,1.0,4.0,8.0,-4.0,-1.0,-6.0,5.0,0.0,0.0,0.0,0.0,2.0,-2.0,12.5,50.0,0.0,77.8,A
2018-08-05,2018,Kawasaki Frontale,Yokohama F. Marinos,2,0,H,U,1.58,4.27,5.08,10,2.0,1.0,2.0,2.0,4.0,12.0,-8.0,4.0,10.0,-6.0,0.0,2.0,-2.0,1.0,1.0,0.0,2.0,1.0,1.0,44.4,44.4,33.3,44.4,H
2018-08-05,2018,Kashima Antlers,Shimizu S-Pulse,1,0,H,U,2.07,3.38,3.47,11,2.0,1.0,2.0,3.0,9.0,3.0,6.0,6.0,9.0,-3.0,3.0,-6.0,9.0,1.0,0.0,1.0,0.0,3.0,-3.0,50.0,30.0,44.4,44.4,D
2018-08-05,2018,Iwata,Vegalta Sendai,3,2,H,O,2.34,3.31,2.96,11,0.0,3.0,1.0,1.0,5.0,6.0,-1.0,7.0,3.0,4.0,-2.0,3.0,-5.0,0.0,1.0,-1.0,1.0,0.0,1.0,30.0,30.0,55.6,33.3,D
2018-08-05,2018,Hokkaido Consadole Sapporo,Kashiwa Reysol,1,2,A,O,2.28,3.44,2.96,9,2.0,2.0,1.0,2.0,5.0,7.0,-2.0,3.0,10.0,-7.0,2.0,-3.0,5.0,1.0,0.0,1.0,0.0,1.0,-1.0,62.5,25.0,33.3,55.6,A
2018-08-05,2018,FC Tokyo,Vissel Kobe,1,0,H,U,1.86,3.52,4.09,11,2.0,2.0,1.0,1.0,8.0,4.0,4.0,5.0,3.0,2.0,3.0,1.0,2.0,1.0,1.0,0.0,0.0,1.0,-1.0,60.0,20.0,40.0,20.0,D
2018-08-01,2018,Yokohama F. Marinos,Sanfrecce Hiroshima,1,4,A,O,2.56,3.56,2.52,9,2.0,2.0,1.0,1.0,10.0,6.0,4.0,6.0,4.0,2.0,4.0,2.0,2.0,2.0,2.0,0.0,1.0,1.0,0.0,25.0,37.5,77.8,11.1,A
2018-08-01,2018,Vegalta Sendai,Nagoya Grampus,1,2,A,O,1.78,3.91,4.0,10,0.0,0.0,2.0,4.0,7.0,3.0,4.0,15.0,12.0,3.0,-8.0,-9.0,1.0,0.0,0.0,0.0,2.0,3.0,-1.0,22.2,33.3,11.1,77.8,A
2018-08-01,2018,V-Varen Nagasaki,Hokkaido Consadole Sapporo,2,3,A,O,2.92,3.21,2.41,9,2.0,1.0,2.0,1.0,4.0,4.0,0.0,3.0,7.0,-4.0,1.0,-3.0,4.0,1.0,0.0,1.0,1.0,1.0,0.0,37.5,37.5,22.2,22.2,D
2018-08-01,2018,Urawa Reds,Kawasaki Frontale,2,0,H,U,2.97,3.41,2.29,9,1.0,4.0,1.0,0.0,3.0,8.0,-5.0,2.0,3.0,-1.0,1.0,5.0,-4.0,1.0,1.0,0.0,0.0,0.0,0.0,37.5,37.5,75.0,0.0,H
2018-08-01,2018,Shimizu S-Pulse,Sagan Tosu,1,0,H,U,2.45,3.2,2.89,9,3.0,0.0,1.0,2.0,9.0,1.0,8.0,4.0,5.0,-1.0,5.0,-4.0,9.0,2.0,0.0,2.0,0.0,1.0,-1.0,37.5,37.5,12.5,50.0,H
2018-08-01,2018,Kashiwa Reysol,Shonan Bellmare,0,2,A,U,1.83,3.58,4.13,10,1.0,2.0,3.0,1.0,3.0,10.0,-7.0,5.0,8.0,-3.0,-2.0,2.0,-4.0,0.0,1.0,-1.0,0.0,1.0,-1.0,33.3,55.6,25.0,50.0,A
2018-08-01,2018,Kashima Antlers,FC Tokyo,1,2,A,O,2.33,3.22,3.06,10,3.0,2.0,1.0,0.0,10.0,3.0,7.0,5.0,0.0,5.0,5.0,3.0,2.0,1.0,1.0,0.0,0.0,0.0,0.0,55.6,22.2,50.0,25.0,D
2018-08-01,2018,Iwata,Gamba Osaka,1,1,D,U,2.14,3.36,3.3,10,0.0,0.0,2.0,3.0,5.0,1.0,4.0,8.0,8.0,0.0,-3.0,-7.0,4.0,0.0,0.0,0.0,1.0,2.0,-1.0,33.3,33.3,0.0,87.5,D
2018-08-01,2018,Cerezo Osaka,Vissel Kobe,1,1,D,U,1.92,3.58,3.77,10,2.0,2.0,1.0,1.0,6.0,4.0,2.0,5.0,3.0,2.0,1.0,1.0,0.0,1.0,1.0,0.0,1.0,1.0,0.0,55.6,11.1,44.4,22.2,H
2018-07-28,2018,Vissel Kobe,Kashiwa Reysol,1,0,H,U,2.44,3.45,2.72,9,1.0,2.0,2.0,2.0,5.0,8.0,-3.0,5.0,11.0,-6.0,0.0,-3.0,3.0,1.0,0.0,1.0,1.0,1.0,0.0,37.5,50.0,37.5,50.0,D
2018-07-28,2018,Vegalta Sendai,Cerezo Osaka,2,2,D,O,2.82,3.38,2.4,9,0.0,1.0,3.0,1.0,5.0,3.0,2.0,16.0,4.0,12.0,-11.0,-1.0,-10.0,0.0,1.0,-1.0,3.0,1.0,2.0,25.0,37.5,25.0,37.5,D
2018-07-28,2018,Sanfrecce Hiroshima,Urawa Reds,1,4,A,O,2.34,3.38,2.9,9,3.0,1.0,1.0,1.0,8.0,3.0,5.0,2.0,2.0,0.0,6.0,1.0,5.0,3.0,1.0,2.0,1.0,0.0,1.0,75.0,12.5,22.2,33.3,D
2018-07-28,2018,Sagan Tosu,Iwata,0,0,D,U,2.37,3.19,3.01,10,1.0,2.0,2.0,1.0,4.0,5.0,-1.0,4.0,3.0,1.0,0.0,2.0,-2.0,1.0,1.0,0.0,0.0,0.0,0.0,22.2,55.6,37.5,37.5,D
2018-07-28,2018,Gamba Osaka,Kashima Antlers,1,1,D,U,3.26,3.63,2.05,10,2.0,1.0,1.0,2.0,5.0,6.0,-1.0,2.0,10.0,-8.0,3.0,-4.0,7.0,1.0,1.0,0.0,0.0,2.0,-2.0,44.4,33.3,25.0,50.0,A
2018-07-27,2018,FC Tokyo,V-Varen Nagasaki,0,1,A,U,1.53,3.9,6.31,10,3.0,0.0,0.0,4.0,11.0,4.0,7.0,5.0,11.0,-6.0,6.0,-7.0,13.0,2.0,0.0,2.0,0.0,2.0,-2.0,66.7,11.1,22.2,77.8,D
2018-07-25,2018,Cerezo Osaka,Kashima Antlers,0,2,A,U,2.81,3.4,2.39,9,3.0,0.0,0.0,3.0,7.0,5.0,2.0,3.0,12.0,-9.0,4.0,-7.0,11.0,1.0,0.0,1.0,0.0,2.0,-2.0,62.5,0.0,14.3,57.1,D
2018-07-22,2018,Vissel Kobe,Shonan Bellmare,0,3,A,O,1.82,3.59,4.18,8,2.0,1.0,1.0,2.0,8.0,7.0,1.0,2.0,9.0,-7.0,6.0,-2.0,8.0,2.0,0.0,2.0,0.0,1.0,-1.0,42.9,42.9,14.3,57.1,A
2018-07-22,2018,Sagan Tosu,Vegalta Sendai,0,1,A,U,2.36,3.24,2.99,9,1.0,2.0,2.0,2.0,4.0,6.0,-2.0,5.0,5.0,0.0,-1.0,1.0,-2.0,1.0,1.0,0.0,1.0,0.0,1.0,25.0,50.0,50.0,37.5,D
2018-07-22,2018,Nagoya Grampus,Sanfrecce Hiroshima,0,0,D,U,4.19,3.87,1.75,8,0.0,3.0,2.0,1.0,4.0,8.0,-4.0,7.0,4.0,3.0,-3.0,4.0,-7.0,0.0,3.0,-3.0,1.0,1.0,0.0,14.3,57.1,87.5,12.5,D
2018-07-22,2018,Kawasaki Frontale,V-Varen Nagasaki,1,0,H,U,1.36,4.8,8.12,9,2.0,1.0,2.0,3.0,7.0,6.0,1.0,5.0,11.0,-6.0,2.0,-5.0,7.0,2.0,0.0,2.0,2.0,2.0,0.0,37.5,50.0,25.0,75.0,D
2018-07-22,2018,Kashima Antlers,Kashiwa Reysol,6,2,H,O,2.2,3.39,3.16,9,2.0,2.0,1.0,2.0,5.0,6.0,-1.0,4.0,6.0,-2.0,1.0,0.0,1.0,0.0,0.0,0.0,0.0,0.0,0.0,50.0,25.0,42.9,42.9,H
2018-07-22,2018,Hokkaido Consadole Sapporo,Iwata,0,0,D,U,2.42,3.36,2.8,8,3.0,3.0,1.0,1.0,6.0,8.0,-2.0,3.0,3.0,0.0,3.0,5.0,-2.0,1.0,2.0,-1.0,0.0,0.0,0.0,71.4,28.6,42.9,42.9,D
2018-07-22,2018,Gamba Osaka,Shimizu S-Pulse,1,2,A,O,2.6,3.3,2.64,9,3.0,1.0,0.0,3.0,5.0,4.0,1.0,0.0,9.0,-9.0,5.0,-5.0,10.0,1.0,1.0,0.0,0.0,3.0,-3.0,50.0,25.0,37.5,50.0,A
2018-07-22,2018,FC Tokyo,Yokohama F. Marinos,5,2,H,O,2.41,3.4,2.79,9,3.0,1.0,0.0,2.0,8.0,11.0,-3.0,4.0,8.0,-4.0,4.0,3.0,1.0,1.0,1.0,0.0,0.0,1.0,-1.0,62.5,12.5,37.5,37.5,H
2018-07-22,2018,Cerezo Osaka,Urawa Reds,1,1,D,U,2.48,3.36,2.72,8,4.0,1.0,0.0,2.0,8.0,2.0,6.0,3.0,2.0,1.0,5.0,0.0,5.0,1.0,1.0,0.0,0.0,0.0,0.0,71.4,0.0,25.0,37.5,H
2018-07-18,2018,Vegalta Sendai,Yokohama F. Marinos,2,8,A,O,2.44,3.43,2.72,8,0.0,1.0,2.0,2.0,3.0,4.0,-1.0,8.0,6.0,2.0,-5.0,-2.0,-3.0,0.0,0.0,0.0,2.0,1.0,1.0,28.6,28.6,28.6,42.9,A
2018-07-18,2018,V-Varen Nagasaki,Vissel Kobe,0,1,A,U,3.14,3.35,2.23,8,3.0,2.0,1.0,1.0,7.0,5.0,2.0,2.0,4.0,-2.0,5.0,1.0,4.0,2.0,1.0,1.0,1.0,1.0,0.0,42.9,28.6,37.5,25.0,A
2018-07-18,2018,Urawa Reds,Nagoya Grampus,3,1,H,O,1.47,4.32,6.47,8,1.0,0.0,1.0,4.0,2.0,2.0,0.0,2.0,11.0,-9.0,0.0,-9.0,9.0,0.0,0.0,0.0,0.0,3.0,-3.0,28.6,42.9,12.5,75.0,D
2018-07-18,2018,Shonan Bellmare,Sagan Tosu,1,1,D,U,2.85,3.12,2.52,9,2.0,0.0,2.0,3.0,4.0,0.0,4.0,5.0,5.0,0.0,-1.0,-5.0,4.0,0.0,0.0,0.0,1.0,1.0,0.0,50.0,37.5,14.3,57.1,D
2018-07-18,2018,Shimizu S-Pulse,Cerezo Osaka,3,0,H,O,3.49,3.36,2.07,8,2.0,1.0,2.0,1.0,6.0,3.0,3.0,5.0,2.0,3.0,1.0,1.0,0.0,1.0,1.0,0.0,0.0,0.0,0.0,28.6,42.9,28.6,28.6,H
2018-07-18,2018,Sanfrecce Hiroshima,Gamba Osaka,4,0,H,O,1.86,3.59,3.99,8,3.0,0.0,1.0,3.0,5.0,1.0,4.0,2.0,7.0,-5.0,3.0,-6.0,9.0,2.0,0.0,2.0,1.0,2.0,-1.0,71.4,14.3,0.0,85.7,H
2018-07-18,2018,Kashiwa Reysol,FC Tokyo,0,1,A,U,1.96,3.39,3.83,9,1.0,2.0,3.0,0.0,4.0,3.0,1.0,6.0,0.0,6.0,-2.0,3.0,-5.0,0.0,1.0,-1.0,0.0,0.0,0.0,37.5,50.0,42.9,28.6,D
2018-07-18,2018,Iwata,Kashima Antlers,3,3,D,O,2.68,3.22,2.6,9,1.0,0.0,2.0,4.0,3.0,3.0,0.0,5.0,11.0,-6.0,-2.0,-8.0,6.0,0.0,0.0,0.0,1.0,2.0,-1.0,37.5,37.5,16.7,66.7,D
2018-07-18,2018,Hokkaido Consadole Sapporo,Kawasaki Frontale,1,2,A,O,3.48,3.47,2.03,7,4.0,3.0,0.0,0.0,8.0,6.0,2.0,1.0,2.0,-1.0,7.0,4.0,3.0,2.0,1.0,1.0,0.0,0.0,0.0,83.3,16.7,71.4,0.0,A
2018-05-20,2018,Vissel Kobe,Hokkaido Consadole Sapporo,4,0,H,O,2.23,3.35,3.11,7,1.0,1.0,2.0,0.0,6.0,4.0,2.0,5.0,3.0,2.0,1.0,1.0,0.0,1.0,0.0,1.0,0.0,0.0,0.0,33.3,50.0,25.0,12.5,H
2018-05-20,2018,Sanfrecce Hiroshima,Cerezo Osaka,0,2,A,U,2.38,3.29,2.9,7,4.0,1.0,0.0,1.0,8.0,3.0,5.0,1.0,3.0,-2.0,7.0,0.0,7.0,3.0,0.0,3.0,0.0,0.0,0.0,83.3,0.0,16.7,33.3,D
2018-05-20,2018,Sagan Tosu,FC Tokyo,0,0,D,U,2.78,3.14,2.56,8,1.0,2.0,3.0,1.0,5.0,3.0,2.0,7.0,1.0,6.0,-2.0,2.0,-4.0,1.0,1.0,0.0,1.0,0.0,1.0,28.6,57.1,50.0,33.3,D
2018-05-20,2018,Nagoya Grampus,Kashiwa Reysol,2,3,A,O,4.44,3.82,1.72,7,0.0,2.0,2.0,2.0,4.0,5.0,-1.0,7.0,5.0,2.0,-3.0,0.0,-3.0,0.0,0.0,0.0,1.0,0.0,1.0,16.7,50.0,33.3,50.0,D
2018-05-20,2018,Kawasaki Frontale,Shimizu S-Pulse,3,0,H,O,1.63,3.91,5.06,8,1.0,1.0,3.0,3.0,5.0,5.0,0.0,7.0,8.0,-1.0,-2.0,-3.0,1.0,1.0,1.0,0.0,2.0,2.0,0.0,28.6,57.1,42.9,42.9,H
2018-05-20,2018,Kashima Antlers,Vegalta Sendai,1,2,A,O,1.75,3.56,4.62,8,3.0,2.0,0.0,2.0,6.0,7.0,-1.0,2.0,6.0,-4.0,4.0,1.0,3.0,1.0,1.0,0.0,0.0,0.0,0.0,57.1,14.3,42.9,42.9,A
2018-05-19,2018,Yokohama F. Marinos,V-Varen Nagasaki,5,2,H,O,1.98,3.6,3.5,8,1.0,2.0,1.0,2.0,9.0,5.0,4.0,8.0,6.0,2.0,1.0,-1.0,2.0,1.0,0.0,1.0,1.0,1.0,0.0,14.3,42.9,28.6,71.4,D
2018-05-19,2018,Shonan Bellmare,Iwata,1,0,H,U,3.27,3.15,2.25,8,1.0,3.0,3.0,1.0,3.0,8.0,-5.0,7.0,4.0,3.0,-4.0,4.0,-8.0,0.0,2.0,-2.0,2.0,1.0,1.0,42.9,42.9,50.0,33.3,D
2018-05-19,2018,Gamba Osaka,Urawa Reds,0,0,D,U,3.5,3.45,2.03,8,4.0,2.0,0.0,2.0,7.0,5.0,2.0,0.0,4.0,-4.0,7.0,1.0,6.0,2.0,1.0,1.0,0.0,0.0,0.0,57.1,28.6,28.6,42.9,D
2018-05-13,2018,Urawa Reds,Sagan Tosu,0,0,D,U,1.66,3.77,5.02,7,2.0,0.0,1.0,4.0,3.0,1.0,2.0,2.0,7.0,-5.0,1.0,-6.0,7.0,0.0,0.0,0.0,0.0,1.0,-1.0,33.3,50.0,16.7,66.7,D
2018-05-13,2018,FC Tokyo,Hokkaido Consadole Sapporo,0,0,D,U,2.08,3.4,3.42,8,4.0,2.0,0.0,0.0,11.0,6.0,5.0,6.0,4.0,2.0,5.0,2.0,3.0,1.0,0.0,1.0,0.0,0.0,0.0,71.4,14.3,28.6,14.3,D
2018-05-12,2018,Yokohama F. Marinos,Gamba Osaka,1,1,D,U,2.27,3.61,2.84,7,1.0,0.0,2.0,4.0,9.0,2.0,7.0,9.0,9.0,0.0,0.0,-7.0,7.0,1.0,0.0,1.0,1.0,2.0,-1.0,16.7,50.0,0.0,100.0,D
2018-05-12,2018,Vegalta Sendai,Sanfrecce Hiroshima,1,3,A,O,3.27,3.28,2.19,7,1.0,3.0,1.0,1.0,3.0,6.0,-3.0,5.0,3.0,2.0,-2.0,3.0,-5.0,0.0,2.0,-2.0,1.0,1.0,0.0,33.3,16.7,85.7,14.3,D
2018-05-12,2018,V-Varen Nagasaki,Nagoya Grampus,3,0,H,O,2.22,3.43,3.05,7,2.0,0.0,2.0,4.0,6.0,2.0,4.0,7.0,11.0,-4.0,-1.0,-9.0,8.0,1.0,0.0,1.0,2.0,3.0,-1.0,33.3,33.3,14.3,71.4,H
2018-05-12,2018,Shimizu S-Pulse,Shonan Bellmare,4,2,H,O,2.09,3.35,3.45,7,1.0,1.0,3.0,2.0,2.0,6.0,-4.0,4.0,7.0,-3.0,-2.0,-1.0,-1.0,0.0,0.0,0.0,0.0,0.0,0.0,16.7,50.0,16.7,50.0,H
2018-05-12,2018,Kashiwa Reysol,Kawasaki Frontale,1,2,A,O,2.83,3.36,2.39,8,1.0,2.0,3.0,0.0,3.0,5.0,-2.0,5.0,2.0,3.0,-2.0,3.0,-5.0,0.0,1.0,-1.0,0.0,0.0,0.0,42.9,42.9,66.7,0.0,H
2018-05-12,2018,Iwata,Vissel Kobe,0,2,A,U,2.31,3.27,3.03,8,1.0,2.0,1.0,1.0,3.0,4.0,-1.0,3.0,4.0,-1.0,0.0,0.0,0.0,0.0,0.0,0.0,0.0,1.0,-1.0,42.9,28.6,28.6,28.6,A
2018-05-06,2018,Shonan Bellmare,Vegalta Sendai,1,3,A,O,2.88,3.21,2.44,7,2.0,1.0,2.0,3.0,4.0,4.0,0.0,5.0,6.0,-1.0,-1.0,-2.0,1.0,0.0,0.0,0.0,1.0,0.0,1.0,50.0,33.3,33.3,50.0,A
2018-05-06,2018,Sanfrecce Hiroshima,Vissel Kobe,2,0,H,U,1.9,3.48,3.91,6,3.0,2.0,0.0,1.0,6.0,5.0,1.0,1.0,4.0,-3.0,5.0,1.0,4.0,2.0,0.0,2.0,0.0,0.0,0.0,80.0,0.0,33.3,16.7,H
2018-05-06,2018,Sagan Tosu,Shimizu S-Pulse,3,1,H,O,2.58,3.09,2.78,7,1.0,1.0,3.0,2.0,5.0,4.0,1.0,8.0,5.0,3.0,-3.0,-1.0,-2.0,0.0,1.0,-1.0,1.0,1.0,0.0,16.7,66.7,50.0,33.3,H
2018-05-05,2018,Nagoya Grampus,Yokohama F. Marinos,1,1,D,U,2.86,3.56,2.28,6,0.0,2.0,3.0,2.0,3.0,4.0,-1.0,7.0,5.0,2.0,-4.0,-1.0,-3.0,0.0,0.0,0.0,1.0,1.0,0.0,20.0,60.0,33.3,50.0,A
2018-05-05,2018,Kawasaki Frontale,FC Tokyo,0,2,A,U,2.17,3.27,3.33,7,1.0,2.0,3.0,1.0,5.0,6.0,-1.0,6.0,3.0,3.0,-1.0,3.0,-4.0,1.0,1.0,0.0,1.0,0.0,1.0,33.3,50.0,40.0,40.0,A
2018-05-05,2018,Kashiwa Reysol,Iwata,1,2,A,O,1.92,3.28,4.12,7,2.0,2.0,2.0,1.0,4.0,6.0,-2.0,4.0,3.0,1.0,0.0,3.0,-3.0,0.0,2.0,-2.0,0.0,1.0,-1.0,50.0,33.3,40.0,40.0,D
2018-05-05,2018,Kashima Antlers,Urawa Reds,1,0,H,U,2.45,3.24,2.84,7,2.0,2.0,0.0,2.0,5.0,6.0,-1.0,2.0,5.0,-3.0,3.0,1.0,2.0,1.0,1.0,0.0,0.0,0.0,0.0,50.0,16.7,33.3,33.3,H
2018-05-05,2018,Hokkaido Consadole Sapporo,Gamba Osaka,2,0,H,U,2.05,3.49,3.39,6,4.0,0.0,0.0,4.0,8.0,2.0,6.0,2.0,9.0,-7.0,6.0,-7.0,13.0,1.0,0.0,1.0,0.0,2.0,-2.0,80.0,20.0,0.0,100.0,H
2018-05-05,2018,Cerezo Osaka,V-Varen Nagasaki,3,1,H,O,1.67,3.6,5.27,7,4.0,2.0,0.0,2.0,7.0,4.0,3.0,3.0,4.0,-1.0,4.0,0.0,4.0,0.0,0.0,0.0,0.0,0.0,0.0,66.7,0.0,33.3,66.7,H
2018-05-02,2018,Yokohama F. Marinos,Iwata,1,3,A,O,2.46,3.32,2.78,6,1.0,1.0,1.0,2.0,9.0,3.0,6.0,7.0,3.0,4.0,2.0,0.0,2.0,1.0,1.0,0.0,0.0,1.0,-1.0,20.0,40.0,25.0,50.0,A
2018-05-02,2018,Vissel Kobe,FC Tokyo,0,0,D,U,2.67,3.34,2.54,6,2.0,2.0,2.0,2.0,8.0,6.0,2.0,5.0,5.0,0.0,3.0,1.0,2.0,2.0,1.0,1.0,0.0,1.0,-1.0,40.0,60.0,50.0,50.0,D
2018-05-02,2018,Shonan Bellmare,Kashiwa Reysol,1,2,A,O,4.3,3.44,1.84,6,2.0,1.0,1.0,2.0,3.0,5.0,-2.0,3.0,6.0,-3.0,0.0,-1.0,1.0,0.0,0.0,0.0,1.0,0.0,1.0,60.0,20.0,20.0,60.0,A
2018-05-02,2018,Sanfrecce Hiroshima,Shimizu S-Pulse,2,0,H,U,1.85,3.42,4.26,5,3.0,2.0,0.0,1.0,5.0,7.0,-2.0,1.0,4.0,-3.0,4.0,3.0,1.0,1.0,2.0,-1.0,0.0,0.0,0.0,75.0,0.0,60.0,20.0,H
2018-05-02,2018,Sagan Tosu,Hokkaido Consadole Sapporo,1,2,A,O,2.42,3.17,2.96,6,1.0,1.0,3.0,0.0,4.0,4.0,0.0,7.0,3.0,4.0,-3.0,1.0,-4.0,0.0,0.0,0.0,1.0,0.0,1.0,20.0,60.0,16.7,16.7,D
2018-05-02,2018,Nagoya Grampus,Cerezo Osaka,0,0,D,U,4.06,3.9,1.77,5,1.0,1.0,3.0,2.0,4.0,3.0,1.0,7.0,5.0,2.0,-3.0,-2.0,-1.0,0.0,0.0,0.0,1.0,1.0,0.0,25.0,75.0,20.0,40.0,D
2018-05-02,2018,Kawasaki Frontale,Urawa Reds,0,2,A,U,2.13,3.34,3.33,6,2.0,1.0,2.0,2.0,7.0,5.0,2.0,4.0,6.0,-2.0,3.0,-1.0,4.0,2.0,0.0,2.0,0.0,0.0,0.0,40.0,40.0,20.0,40.0,A
2018-05-02,2018,Kashima Antlers,V-Varen Nagasaki,2,1,H,O,1.49,4.02,6.66,6,1.0,2.0,1.0,2.0,3.0,4.0,-1.0,2.0,4.0,-2.0,1.0,0.0,1.0,1.0,0.0,1.0,0.0,0.0,0.0,40.0,20.0,40.0,60.0,H
2018-05-02,2018,Gamba Osaka,Vegalta Sendai,1,0,H,U,2.36,3.34,2.9,7,3.0,1.0,1.0,2.0,6.0,5.0,1.0,1.0,6.0,-5.0,5.0,-1.0,6.0,2.0,0.0,2.0,0.0,0.0,0.0,50.0,33.3,40.0,40.0,D
2018-04-29,2018,Gamba Osaka,Sagan Tosu,3,0,H,O,2.59,3.22,2.69,6,2.0,1.0,1.0,3.0,5.0,3.0,2.0,3.0,5.0,-2.0,2.0,-2.0,4.0,1.0,0.0,1.0,0.0,0.0,0.0,40.0,40.0,20.0,60.0,D
2018-04-28,2018,Yokohama F. Marinos,Kashima Antlers,3,0,H,O,3.82,3.65,1.89,5,0.0,1.0,2.0,3.0,7.0,4.0,3.0,9.0,8.0,1.0,-2.0,-4.0,2.0,0.0,0.0,0.0,0.0,1.0,-1.0,0.0,50.0,20.0,60.0,H
2018-04-28,2018,Vissel Kobe,Kawasaki Frontale,1,2,A,O,3.87,3.54,1.9,5,2.0,2.0,2.0,0.0,9.0,4.0,5.0,7.0,1.0,6.0,2.0,3.0,-1.0,2.0,1.0,1.0,1.0,0.0,1.0,50.0,50.0,60.0,0.0,A
2018-04-28,2018,Vegalta Sendai,Hokkaido Consadole Sapporo,2,2,D,O,2.81,3.24,2.47,6,1.0,1.0,1.0,0.0,2.0,5.0,-3.0,4.0,4.0,0.0,-2.0,1.0,-3.0,0.0,0.0,0.0,1.0,0.0,1.0,40.0,20.0,20.0,20.0,A
2018-04-28,2018,V-Varen Nagasaki,Sanfrecce Hiroshima,0,2,A,U,3.97,3.32,1.95,6,2.0,3.0,1.0,1.0,7.0,5.0,2.0,6.0,3.0,3.0,1.0,2.0,-1.0,1.0,1.0,0.0,1.0,1.0,0.0,40.0,20.0,83.3,16.7,D
2018-04-28,2018,Urawa Reds,Shonan Bellmare,0,1,A,U,1.53,4.1,5.82,6,2.0,0.0,1.0,3.0,3.0,5.0,-2.0,2.0,8.0,-6.0,1.0,-3.0,4.0,0.0,0.0,0.0,0.0,0.0,0.0,40.0,40.0,0.0,60.0,A
2018-04-28,2018,Shimizu S-Pulse,Kashiwa Reysol,2,1,H,O,3.81,3.34,1.97,6,0.0,1.0,3.0,2.0,1.0,4.0,-3.0,4.0,5.0,-1.0,-3.0,-1.0,-2.0,0.0,0.0,0.0,0.0,0.0,0.0,0.0,60.0,25.0,50.0,H
2018-04-28,2018,Iwata,Cerezo Osaka,1,1,D,U,3.41,3.33,2.11,7,2.0,1.0,1.0,2.0,4.0,3.0,1.0,3.0,5.0,-2.0,1.0,-2.0,3.0,0.0,0.0,0.0,0.0,1.0,-1.0,50.0,33.3,25.0,50.0,H
2018-04-28,2018,FC Tokyo,Nagoya Grampus,3,2,H,O,1.72,3.87,4.42,7,4.0,0.0,0.0,4.0,9.0,2.0,7.0,4.0,11.0,-7.0,5.0,-9.0,14.0,1.0,0.0,1.0,0.0,3.0,-3.0,66.7,16.7,16.7,66.7,H
2018-04-25,2018,Shonan Bellmare,Gamba Osaka,1,0,H,U,2.56,3.28,2.69,5,2.0,0.0,1.0,4.0,4.0,2.0,2.0,4.0,9.0,-5.0,0.0,-7.0,7.0,0.0,0.0,0.0,1.0,2.0,-1.0,50.0,25.0,0.0,100.0,H
2018-04-25,2018,Sagan Tosu,Kawasaki Frontale,0,2,A,U,4.08,3.43,1.88,5,1.0,2.0,2.0,0.0,5.0,5.0,0.0,6.0,1.0,5.0,-1.0,4.0,-5.0,0.0,1.0,-1.0,0.0,0.0,0.0,25.0,50.0,50.0,0.0,D
2018-04-25,2018,Nagoya Grampus,Shimizu S-Pulse,1,3,A,O,2.82,3.37,2.4,4,,2.0,,1.0,,8.0,,,5.0,,,3.0,,,2.0,,,0.0,,33.3,66.7,50.0,25.0,A
2018-04-25,2018,Kashiwa Reysol,Urawa Reds,1,0,H,U,2.68,3.15,2.65,6,1.0,1.0,2.0,1.0,4.0,6.0,-2.0,5.0,6.0,-1.0,-1.0,0.0,-1.0,0.0,0.0,0.0,0.0,0.0,0.0,40.0,40.0,25.0,25.0,D
2018-04-25,2018,Kashima Antlers,Vissel Kobe,1,1,D,U,1.94,3.51,3.77,5,2.0,2.0,1.0,1.0,3.0,5.0,-2.0,1.0,4.0,-3.0,2.0,1.0,1.0,1.0,0.0,1.0,0.0,0.0,0.0,50.0,25.0,40.0,20.0,A
2018-04-25,2018,Iwata,V-Varen Nagasaki,1,2,A,O,1.9,3.25,4.3,6,3.0,1.0,0.0,3.0,5.0,3.0,2.0,1.0,5.0,-4.0,4.0,-2.0,6.0,1.0,0.0,1.0,0.0,0.0,0.0,60.0,20.0,25.0,75.0,D
2018-04-25,2018,Hokkaido Consadole Sapporo,Yokohama F. Marinos,2,1,H,O,1.88,3.67,3.81,5,3.0,2.0,1.0,2.0,7.0,3.0,4.0,4.0,5.0,-1.0,3.0,-2.0,5.0,1.0,0.0,1.0,1.0,2.0,-1.0,75.0,25.0,40.0,40.0,A
2018-04-25,2018,FC Tokyo,Sanfrecce Hiroshima,3,1,H,O,2.57,3.07,2.82,6,3.0,4.0,1.0,0.0,6.0,5.0,1.0,4.0,0.0,4.0,2.0,5.0,-3.0,0.0,1.0,-1.0,0.0,0.0,0.0,60.0,20.0,100.0,0.0,H
2018-04-25,2018,Cerezo Osaka,Vegalta Sendai,2,1,H,O,1.82,3.5,4.27,6,3.0,2.0,0.0,1.0,8.0,5.0,3.0,5.0,4.0,1.0,3.0,1.0,2.0,0.0,0.0,0.0,0.0,0.0,0.0,60.0,0.0,50.0,25.0,A
2018-04-22,2018,V-Varen Nagasaki,Kashiwa Reysol,1,0,H,U,4.32,3.37,1.86,5,1.0,,1.0,,8.0,,,8.0,,,0.0,,,1.0,,,1.0,,,25.0,25.0,33.3,33.3,D
2018-04-21,2018,Yokohama F. Marinos,Shonan Bellmare,4,4,D,O,1.9,3.48,3.99,4,,0.0,,3.0,,2.0,,,5.0,,,-3.0,,,0.0,,,0.0,,0.0,66.7,0.0,75.0,A
2018-04-21,2018,Vissel Kobe,Nagoya Grampus,3,0,H,O,1.82,3.77,4.0,4,,0.0,,3.0,,2.0,,,8.0,,,-6.0,,,0.0,,,2.0,,33.3,66.7,20.0,60.0,H
2018-04-21,2018,Vegalta Sendai,Iwata,0,3,A,O,2.4,3.13,3.01,5,2.0,,0.0,,3.0,,,1.0,,,2.0,,,0.0,,,0.0,,,50.0,0.0,0.0,66.7,D
2018-04-21,2018,Urawa Reds,Hokkaido Consadole Sapporo,0,0,D,U,1.94,3.54,3.73,5,2.0,1.0,2.0,1.0,4.0,5.0,-1.0,4.0,5.0,-1.0,0.0,0.0,0.0,0.0,0.0,0.0,0.0,0.0,0.0,50.0,50.0,25.0,25.0,D
2018-04-21,2018,Shimizu S-Pulse,FC Tokyo,0,1,A,U,3.21,3.13,2.29,5,0.0,,2.0,,1.0,,,3.0,,,-2.0,,,0.0,,,0.0,,,0.0,50.0,33.3,66.7,D
2018-04-21,2018,Sanfrecce Hiroshima,Sagan Tosu,1,0,H,U,1.96,3.36,3.9,4,,1.0,,2.0,,5.0,,,6.0,,,-1.0,,,0.0,,,0.0,,66.7,0.0,25.0,50.0,D
2018-04-21,2018,Kawasaki Frontale,Kashima Antlers,4,1,H,O,2.13,3.35,3.35,5,1.0,1.0,2.0,2.0,4.0,3.0,1.0,4.0,4.0,0.0,0.0,-1.0,1.0,1.0,0.0,1.0,0.0,0.0,0.0,25.0,50.0,25.0,50.0,H
2018-04-21,2018,Gamba Osaka,Cerezo Osaka,1,0,H,U,3.58,3.51,1.99,5,1.0,,2.0,,6.0,,,6.0,,,0.0,,,1.0,,,0.0,,,25.0,50.0,33.3,33.3,H
2018-04-15,2018,Yokohama F. Marinos,Vissel Kobe,1,2,A,O,2.31,3.33,2.98,3,,1.0,,1.0,,4.0,,,4.0,,,0.0,,,0.0,,,0.0,,0.0,50.0,25.0,25.0,D
2018-04-15,2018,Urawa Reds,Shimizu S-Pulse,2,1,H,O,1.67,3.75,4.9,4,,,,,,,,,,,,,,,,,,,,33.3,66.7,66.7,0.0,H
2018-04-15,2018,Shonan Bellmare,Sanfrecce Hiroshima,0,2,A,U,4.86,3.56,1.73,4,,4.0,,0.0,,5.0,,,1.0,,,4.0,,,0.0,,,0.0,,66.7,0.0,100.0,0.0,D
2018-04-15,2018,Iwata,Sagan Tosu,1,0,H,U,2.23,3.23,3.23,5,2.0,,1.0,,4.0,,,4.0,,,0.0,,,1.0,,,1.0,,,50.0,25.0,33.3,33.3,D
2018-04-14,2018,Vegalta Sendai,Kawasaki Frontale,0,0,D,U,4.06,3.57,1.85,4,,,,,,,,,,,,,,,,,,,,66.7,0.0,66.7,0.0,D
2018-04-14,2018,V-Varen Nagasaki,Gamba Osaka,3,0,H,O,2.92,3.33,2.36,4,,,,,,,,,,,,,,,,,,,,0.0,33.3,0.0,100.0,H
2018-04-14,2018,Kashiwa Reysol,Hokkaido Consadole Sapporo,1,2,A,O,1.99,3.36,3.72,5,2.0,,1.0,,5.0,,,3.0,,,2.0,,,1.0,,,0.0,,,50.0,25.0,0.0,33.3,D
2018-04-14,2018,Kashima Antlers,Nagoya Grampus,2,0,H,U,1.43,4.51,6.91,4,,1.0,,2.0,,5.0,,,8.0,,,-3.0,,,0.0,,,1.0,,33.3,33.3,25.0,50.0,H
2018-04-14,2018,Cerezo Osaka,FC Tokyo,1,0,H,U,2.03,3.48,3.5,5,2.0,,0.0,,8.0,,,6.0,,,2.0,,,0.0,,,0.0,,,50.0,0.0,50.0,50.0,D
2018-04-11,2018,Vissel Kobe,Urawa Reds,2,3,A,O,2.97,3.39,2.3,3,,,,,,,,,,,,,,,,,,,,50.0,50.0,0.0,33.3,A
2018-04-11,2018,Shimizu S-Pulse,V-Varen Nagasaki,0,1,A,U,1.88,3.38,4.15,4,,,,,,,,,,,,,,,,,,,,0.0,33.3,0.0,100.0,A
2018-04-11,2018,Sanfrecce Hiroshima,Yokohama F. Marinos,3,1,H,O,2.16,3.33,3.3,3,,2.0,,1.0,,3.0,,,3.0,,,0.0,,,0.0,,,1.0,,50.0,0.0,50.0,25.0,A
2018-04-11,2018,Sagan Tosu,Kashiwa Reysol,1,2,A,O,3.08,3.22,2.32,4,,,,,,,,,,,,,,,,,,,,33.3,33.3,0.0,50.0,A
2018-04-11,2018,Nagoya Grampus,Vegalta Sendai,2,3,A,O,3.04,3.31,2.29,3,,,,,,,,,,,,,,,,,,,,50.0,50.0,33.3,33.3,
2018-04-11,2018,Kawasaki Frontale,Cerezo Osaka,1,2,A,O,1.9,3.61,3.8,4,,,,,,,,,,,,,,,,,,,,33.3,33.3,0.0,50.0,A
2018-04-11,2018,Hokkaido Consadole Sapporo,Shonan Bellmare,1,0,H,U,1.72,3.5,4.96,4,,,,,,,,,,,,,,,,,,,,66.7,33.3,0.0,66.7,D
2018-04-11,2018,Gamba Osaka,Iwata,2,0,H,U,2.71,3.19,2.59,4,,,,,,,,,,,,,,,,,,,,0.0,66.7,0.0,50.0,H
2018-04-11,2018,FC Tokyo,Kashima Antlers,2,1,H,O,2.84,3.12,2.51,5,2.0,,1.0,,5.0,,,4.0,,,1.0,,,0.0,,,0.0,,,50.0,25.0,33.3,33.3,D
2018-04-08,2018,Yokohama F. Marinos,Kawasaki Frontale,1,1,D,U,4.0,3.48,1.89,2,,,,,,,,,,,,,,,,,,,,0.0,100.0,100.0,0.0,D
2018-04-08,2018,V-Varen Nagasaki,FC Tokyo,2,5,A,O,3.48,3.18,2.14,3,,,,,,,,,,,,,,,,,,,,0.0,0.0,0.0,100.0,A
2018-04-08,2018,Kashiwa Reysol,Sanfrecce Hiroshima,0,1,A,U,2.07,3.31,3.53,4,,,,,,,,,,,,,,,,,,,,66.7,0.0,100.0,0.0,A
2018-04-08,2018,Gamba Osaka,Vissel Kobe,0,1,A,U,2.98,3.25,2.36,3,,,,,,,,,,,,,,,,,,,,0.0,50.0,0.0,33.3,D
2018-04-07,2018,Urawa Reds,Vegalta Sendai,1,0,H,U,1.72,3.73,4.63,3,,,,,,,,,,,,,,,,,,,,0.0,100.0,50.0,0.0,H
2018-04-07,2018,Shonan Bellmare,Kashima Antlers,2,1,H,O,5.16,3.6,1.68,3,,,,,,,,,,,,,,,,,,,,50.0,0.0,50.0,0.0,D
2018-04-07,2018,Iwata,Shimizu S-Pulse,0,0,D,U,2.21,3.23,3.29,4,,,,,,,,,,,,,,,,,,,,66.7,33.3,100.0,0.0,D
2018-04-07,2018,Hokkaido Consadole Sapporo,Nagoya Grampus,3,0,H,O,1.78,3.76,4.21,3,,,,,,,,,,,,,,,,,,,,50.0,50.0,33.3,33.3,H
2018-04-07,2018,Cerezo Osaka,Sagan Tosu,2,1,H,O,1.86,3.54,4.09,4,,,,,,,,,,,,,,,,,,,,33.3,0.0,50.0,0.0,
2018-04-01,2018,Iwata,Urawa Reds,2,1,H,O,3.64,3.29,2.05,3,,,,,,,,,,,,,,,,,,,,50.0,50.0,0.0,0.0,D
2018-03-31,2018,Vegalta Sendai,V-Varen Nagasaki,1,0,H,U,1.74,3.48,4.87,3,,,,,,,,,,,,,,,,,,,,50.0,0.0,0.0,100.0,H
2018-03-31,2018,Shimizu S-Pulse,Yokohama F. Marinos,0,1,A,U,2.62,3.14,2.72,3,,,,,,,,,,,,,,,,,,,,0.0,0.0,33.3,33.3,A
2018-03-31,2018,Sagan Tosu,Nagoya Grampus,3,2,H,O,1.98,3.4,3.76,3,,,,,,,,,,,,,,,,,,,,0.0,50.0,50.0,0.0,A
2018-03-31,2018,Kawasaki Frontale,Sanfrecce Hiroshima,0,1,A,U,1.79,3.53,4.41,3,,,,,,,,,,,,,,,,,,,,50.0,0.0,100.0,0.0,D
2018-03-31,2018,Kashima Antlers,Hokkaido Consadole Sapporo,0,0,D,U,1.56,3.88,6.03,3,,,,,,,,,,,,,,,,,,,,50.0,50.0,0.0,50.0,D
2018-03-31,2018,FC Tokyo,Gamba Osaka,3,2,H,O,1.95,3.33,3.96,4,,,,,,,,,,,,,,,,,,,,33.3,33.3,0.0,100.0,H
2018-03-31,2018,Cerezo Osaka,Shonan Bellmare,2,1,H,O,1.59,3.74,5.9,3,,,,,,,,,,,,,,,,,,,,0.0,0.0,0.0,50.0,D
2018-03-30,2018,Kashiwa Reysol,Vissel Kobe,2,1,H,O,1.83,3.53,4.2,3,,,,,,,,,,,,,,,,,,,,50.0,0.0,0.0,0.0,D
2018-03-18,2018,Vissel Kobe,Cerezo Osaka,2,0,H,U,3.28,3.41,2.12,2,,,,,,,,,,,,,,,,,,,,0.0,100.0,0.0,0.0,H
2018-03-18,2018,Urawa Reds,Yokohama F. Marinos,0,1,A,U,1.62,3.92,5.06,2,,,,,,,,,,,,,,,,,,,,0.0,100.0,0.0,50.0,D
2018-03-18,2018,Shimizu S-Pulse,Vegalta Sendai,1,1,D,U,2.48,3.2,2.82,2,,,,,,,,,,,,,,,,,,,,0.0,0.0,100.0,0.0,H
2018-03-18,2018,Sanfrecce Hiroshima,Iwata,0,0,D,U,2.08,3.29,3.52,2,,,,,,,,,,,,,,,,,,,,100.0,0.0,0.0,100.0,D
2018-03-18,2018,Sagan Tosu,Kashima Antlers,0,1,A,U,4.02,3.36,1.91,2,,,,,,,,,,,,,,,,,,,,0.0,0.0,0.0,0.0,A
2018-03-18,2018,Nagoya Grampus,Kawasaki Frontale,0,1,A,U,4.9,4.0,1.63,2,,,,,,,,,,,,,,,,,,,,100.0,0.0,100.0,0.0,D
2018-03-18,2018,Hokkaido Consadole Sapporo,V-Varen Nagasaki,2,1,H,O,1.97,3.32,3.86,2,,,,,,,,,,,,,,,,,,,,0.0,100.0,0.0,100.0,D
2018-03-18,2018,Gamba Osaka,Kashiwa Reysol,2,2,D,O,3.29,3.27,2.18,2,,,,,,,,,,,,,,,,,,,,0.0,100.0,0.0,100.0,A
2018-03-18,2018,FC Tokyo,Shonan Bellmare,1,0,H,U,2.21,3.1,3.4,3,,,,,,,,,,,,,,,,,,,,0.0,50.0,0.0,0.0,D
2018-03-11,2018,Shonan Bellmare,Nagoya Grampus,0,0,D,U,2.59,3.33,2.58,2,,,,,,,,,,,,,,,,,,,,100.0,0.0,100.0,0.0,D
2018-03-10,2018,Yokohama F. Marinos,Sagan Tosu,1,2,A,O,2.37,3.22,2.98,1,,,,,,,,,,,,,,,,,,,,,,0.0,0.0,A
2018-03-10,2018,Vegalta Sendai,Vissel Kobe,1,1,D,U,2.43,3.24,2.89,2,,,,,,,,,,,,,,,,,,,,100.0,0.0,0.0,0.0,A
2018-03-10,2018,V-Varen Nagasaki,Urawa Reds,1,1,D,U,5.18,3.66,1.66,2,,,,,,,,,,,,,,,,,,,,0.0,0.0,0.0,0.0,H
2018-03-10,2018,Kawasaki Frontale,Gamba Osaka,2,0,H,U,1.52,4.19,5.86,2,,,,,,,,,,,,,,,,,,,,0.0,0.0,0.0,100.0,H
2018-03-10,2018,Kashiwa Reysol,Cerezo Osaka,1,1,D,U,2.41,3.3,2.84,2,,,,,,,,,,,,,,,,,,,,100.0,0.0,,,H
2018-03-10,2018,Kashima Antlers,Sanfrecce Hiroshima,0,1,A,U,1.84,3.5,4.18,2,,,,,,,,,,,,,,,,,,,,100.0,0.0,100.0,0.0,D
2018-03-10,2018,Iwata,FC Tokyo,2,0,H,U,2.56,3.11,2.8,2,,,,,,,,,,,,,,,,,,,,0.0,100.0,,,D
2018-03-10,2018,Hokkaido Consadole Sapporo,Shimizu S-Pulse,1,3,A,O,2.29,3.23,3.11,1,,,,,,,,,,,,,,,,,,,,,,100.0,0.0,D
2018-03-04,2018,Urawa Reds,Sanfrecce Hiroshima,1,2,A,O,1.68,3.75,4.83,1,,,,,,,,,,,,,,,,,,,,,,,,H
2018-03-03,2018,Vissel Kobe,Shimizu S-Pulse,2,4,A,O,2.06,3.34,3.52,1,,,,,,,,,,,,,,,,,,,,,,,,A
2018-03-03,2018,V-Varen Nagasaki,Sagan Tosu,2,2,D,O,2.82,2.96,2.64,1,,,,,,,,,,,,,,,,,,,,,,,,H
2018-03-03,2018,Nagoya Grampus,Iwata,1,0,H,U,2.87,3.49,2.3,1,,,,,,,,,,,,,,,,,,,,,,,,H
2018-03-03,2018,Kashima Antlers,Gamba Osaka,1,0,H,U,1.56,4.08,5.49,1,,,,,,,,,,,,,,,,,,,,,,,,D
2018-03-03,2018,FC Tokyo,Vegalta Sendai,0,1,A,U,2.14,3.18,3.48,2,,,,,,,,,,,,,,,,,,,,0.0,0.0,,,D
2018-03-02,2018,Kawasaki Frontale,Shonan Bellmare,1,1,D,U,1.4,4.51,7.52,1,,,,,,,,,,,,,,,,,,,,,,,,D
2018-03-02,2018,Kashiwa Reysol,Yokohama F. Marinos,2,0,H,U,2.02,3.3,3.71,1,,,,,,,,,,,,,,,,,,,,,,0.0,0.0,D
2018-03-02,2018,Cerezo Osaka,Hokkaido Consadole Sapporo,3,3,D,O,1.67,3.64,5.12,2,,,,,,,,,,,,,,,,,,,,0.0,0.0,0.0,100.0,H
2018-02-25,2018,Vegalta Sendai,Kashiwa Reysol,1,0,H,U,3.88,3.48,1.91,1,,,,,,,,,,,,,,,,,,,,,,,,D
2018-02-25,2018,Shimizu S-Pulse,Kashima Antlers,0,0,D,U,4.93,3.87,1.65,1,,,,,,,,,,,,,,,,,,,,,,,,D
2018-02-25,2018,Iwata,Kawasaki Frontale,0,3,A,O,3.25,3.33,2.16,1,,,,,,,,,,,,,,,,,,,,,,,,A
2018-02-25,2018,Cerezo Osaka,Yokohama F. Marinos,1,1,D,U,1.74,3.55,4.7,1,,,,,,,,,,,,,,,,,,,,,,,,A
2018-02-24,2018,Shonan Bellmare,V-Varen Nagasaki,2,1,H,O,2.22,3.0,3.5,1,,,,,,,,,,,,,,,,,,,,,,,,D
2018-02-24,2018,Sanfrecce Hiroshima,Hokkaido Consadole Sapporo,1,0,H,U,2.08,3.25,3.55,1,,,,,,,,,,,,,,,,,,,,,,,,H
2018-02-24,2018,Gamba Osaka,Nagoya Grampus,2,3,A,O,2.05,3.56,3.32,1,,,,,,,,,,,,,,,,,,,,,,,,D
2018-02-24,2018,FC Tokyo,Urawa Reds,1,1,D,U,3.92,3.49,1.89,1,,,,,,,,,,,,,,,,,,,,,,,,D
2018-02-23,2018,Sagan Tosu,Vissel Kobe,1,1,D,U,2.75,3.11,2.59,1,,,,,,,,,,,,,,,,,,,,,,,,H
2017-12-02,2017,Vissel Kobe,Shimizu S-Pulse,1,3,A,O,2.75,3.36,2.44,17,1.0,1.0,2.0,0.0,4.0,1.0,3.0,4.0,0.0,4.0,0.0,1.0,-1.0,1.0,0.0,1.0,0.0,0.0,0.0,31.2,50.0,25.0,25.0,A
2017-12-02,2017,Urawa Reds,Yokohama F. Marinos,0,1,A,U,1.67,4.01,4.57,17,0.0,1.0,1.0,2.0,6.0,7.0,-1.0,7.0,8.0,-1.0,-1.0,-1.0,0.0,0.0,0.0,0.0,0.0,0.0,0.0,43.8,25.0,43.8,43.8,D
2017-12-02,2017,Kofu,Vegalta Sendai,1,0,H,U,2.08,3.41,3.37,17,1.0,1.0,2.0,2.0,6.0,7.0,-1.0,7.0,6.0,1.0,-1.0,1.0,-2.0,0.0,1.0,-1.0,0.0,0.0,0.0,25.0,37.5,31.2,43.8,D
2017-12-02,2017,Kawasaki Frontale,Omiya Ardija,5,0,H,O,1.2,6.49,12.79,17,4.0,0.0,0.0,3.0,12.0,3.0,9.0,3.0,8.0,-5.0,9.0,-5.0,14.0,2.0,0.0,2.0,0.0,1.0,-1.0,68.8,6.2,12.5,68.8,H
2017-12-02,2017,Kashiwa Reysol,Sanfrecce Hiroshima,1,0,H,U,1.72,3.73,4.58,17,2.0,2.0,1.0,1.0,7.0,5.0,2.0,4.0,4.0,0.0,3.0,1.0,2.0,1.0,1.0,0.0,0.0,1.0,-1.0,50.0,31.2,31.2,50.0,D
2017-12-02,2017,Iwata,Kashima Antlers,0,0,D,U,4.99,3.99,1.61,17,2.0,2.0,0.0,2.0,7.0,8.0,-1.0,5.0,7.0,-2.0,2.0,1.0,1.0,0.0,1.0,-1.0,0.0,0.0,0.0,50.0,25.0,75.0,18.8,D
2017-12-02,2017,Hokkaido Consadole Sapporo,Sagan Tosu,3,2,H,O,2.21,3.28,3.18,17,2.0,1.0,1.0,2.0,8.0,5.0,3.0,5.0,8.0,-3.0,3.0,-3.0,6.0,1.0,0.0,1.0,0.0,1.0,-1.0,50.0,25.0,12.5,43.8,H
2017-12-02,2017,FC Tokyo,Gamba Osaka,0,0,D,U,2.25,3.43,3.01,17,1.0,0.0,1.0,2.0,2.0,6.0,-4.0,2.0,8.0,-6.0,0.0,-2.0,2.0,0.0,0.0,0.0,0.0,0.0,0.0,31.2,31.2,43.8,31.2,D
2017-12-02,2017,Albirex Niigata,Cerezo Osaka,1,0,H,U,4.16,3.83,1.76,17,2.0,2.0,2.0,2.0,4.0,7.0,-3.0,6.0,8.0,-2.0,-2.0,-1.0,-1.0,0.0,1.0,-1.0,2.0,1.0,1.0,18.8,75.0,43.8,37.5,D
2017-11-29,2017,Urawa Reds,Kawasaki Frontale,0,1,A,U,4.25,4.07,1.7,16,0.0,2.0,1.0,0.0,7.0,8.0,-1.0,8.0,2.0,6.0,-1.0,6.0,-7.0,0.0,2.0,-2.0,0.0,0.0,0.0,46.7,20.0,50.0,18.8,A
2017-11-26,2017,Vegalta Sendai,Yokohama F. Marinos,2,2,D,O,2.72,3.37,2.44,17,2.0,1.0,1.0,3.0,9.0,5.0,4.0,4.0,9.0,-5.0,5.0,-4.0,9.0,2.0,0.0,2.0,0.0,1.0,-1.0,37.5,43.8,46.7,46.7,H
2017-11-26,2017,Shimizu S-Pulse,Albirex Niigata,2,3,A,O,1.85,3.52,4.04,17,0.0,1.0,4.0,0.0,1.0,6.0,-5.0,11.0,5.0,6.0,-10.0,1.0,-11.0,0.0,0.0,0.0,4.0,0.0,4.0,18.8,68.8,12.5,50.0,H
2017-11-26,2017,Sanfrecce Hiroshima,FC Tokyo,2,1,H,O,1.71,3.67,4.68,17,1.0,0.0,2.0,3.0,2.0,3.0,-1.0,5.0,8.0,-3.0,-3.0,-5.0,2.0,0.0,0.0,0.0,1.0,1.0,0.0,12.5,50.0,31.2,50.0,H
2017-11-26,2017,Sagan Tosu,Iwata,0,2,A,U,2.63,3.29,2.57,17,3.0,1.0,1.0,2.0,6.0,4.0,2.0,4.0,3.0,1.0,2.0,1.0,1.0,0.0,1.0,-1.0,0.0,0.0,0.0,68.8,25.0,43.8,25.0,A
2017-11-26,2017,Omiya Ardija,Kofu,0,0,D,U,2.74,3.26,2.48,17,0.0,1.0,0.0,3.0,4.0,2.0,2.0,4.0,5.0,-1.0,0.0,-3.0,3.0,0.0,0.0,0.0,0.0,1.0,-1.0,18.8,43.8,12.5,62.5,D
2017-11-26,2017,Kashima Antlers,Kashiwa Reysol,0,0,D,U,1.88,3.59,3.84,17,4.0,1.0,0.0,1.0,6.0,4.0,2.0,1.0,6.0,-5.0,5.0,-2.0,7.0,1.0,0.0,1.0,0.0,1.0,-1.0,68.8,31.2,56.2,18.8,D
2017-11-26,2017,Gamba Osaka,Hokkaido Consadole Sapporo,0,1,A,U,2.03,3.57,3.33,17,0.0,2.0,3.0,1.0,3.0,5.0,-2.0,6.0,4.0,2.0,-3.0,1.0,-4.0,0.0,1.0,-1.0,0.0,1.0,-1.0,25.0,43.8,12.5,68.8,D
2017-11-26,2017,Cerezo Osaka,Vissel Kobe,3,1,H,O,1.58,4.11,5.13,17,2.0,3.0,2.0,0.0,5.0,8.0,-3.0,6.0,4.0,2.0,-1.0,4.0,-5.0,1.0,1.0,0.0,1.0,0.0,1.0,68.8,12.5,50.0,37.5,D
2017-11-18,2017,Yokohama F. Marinos,Cerezo Osaka,1,4,A,O,3.27,3.41,2.13,17,2.0,2.0,0.0,2.0,6.0,7.0,-1.0,4.0,8.0,-4.0,2.0,-1.0,3.0,0.0,1.0,-1.0,0.0,1.0,-1.0,56.2,6.2,40.0,40.0,H
2017-11-18,2017,Vissel Kobe,Sanfrecce Hiroshima,1,2,A,O,2.71,3.42,2.44,16,1.0,1.0,1.0,1.0,3.0,4.0,-1.0,2.0,4.0,-2.0,1.0,0.0,1.0,1.0,1.0,0.0,0.0,1.0,-1.0,33.3,46.7,26.7,53.3,D
2017-11-18,2017,Vegalta Sendai,Omiya Ardija,3,0,H,O,2.28,3.41,2.96,16,2.0,0.0,1.0,3.0,7.0,3.0,4.0,4.0,6.0,-2.0,3.0,-3.0,6.0,1.0,0.0,1.0,0.0,0.0,0.0,33.3,46.7,13.3,66.7,H
2017-11-18,2017,Shimizu S-Pulse,Hokkaido Consadole Sapporo,0,2,A,U,2.36,3.12,3.08,16,0.0,1.0,4.0,2.0,2.0,4.0,-2.0,11.0,6.0,5.0,-9.0,-2.0,-7.0,0.0,0.0,0.0,3.0,1.0,2.0,20.0,66.7,6.7,73.3,A
2017-11-18,2017,Sagan Tosu,FC Tokyo,2,1,H,O,2.43,3.18,2.89,16,2.0,0.0,2.0,3.0,5.0,3.0,2.0,6.0,8.0,-2.0,-1.0,-5.0,4.0,0.0,0.0,0.0,1.0,1.0,0.0,66.7,26.7,33.3,46.7,H
2017-11-18,2017,Kawasaki Frontale,Gamba Osaka,1,0,H,U,1.46,4.72,5.79,16,4.0,1.0,0.0,1.0,13.0,9.0,4.0,4.0,8.0,-4.0,9.0,1.0,8.0,2.0,1.0,1.0,0.0,0.0,0.0,66.7,6.7,46.7,26.7,D
2017-11-18,2017,Kashiwa Reysol,Iwata,1,0,H,U,1.96,3.5,3.64,16,1.0,2.0,1.0,1.0,7.0,6.0,1.0,5.0,2.0,3.0,2.0,4.0,-2.0,1.0,2.0,-1.0,0.0,0.0,0.0,46.7,33.3,46.7,20.0,H
2017-11-18,2017,Albirex Niigata,Kofu,1,0,H,U,2.39,3.3,2.87,16,1.0,1.0,2.0,3.0,3.0,2.0,1.0,6.0,5.0,1.0,-3.0,-3.0,0.0,0.0,0.0,0.0,2.0,1.0,1.0,13.3,80.0,13.3,60.0,H
2017-11-05,2017,Kashima Antlers,Urawa Reds,1,0,H,U,1.98,3.6,3.45,16,4.0,3.0,0.0,0.0,7.0,7.0,0.0,1.0,4.0,-3.0,6.0,3.0,3.0,2.0,0.0,2.0,0.0,0.0,0.0,66.7,33.3,43.8,43.8,D
2017-10-29,2017,Sanfrecce Hiroshima,Urawa Reds,0,1,A,U,3.26,3.68,2.04,16,2.0,3.0,1.0,0.0,3.0,7.0,-4.0,4.0,4.0,0.0,-1.0,3.0,-4.0,0.0,0.0,0.0,1.0,0.0,1.0,13.3,46.7,40.0,46.7,D
2017-10-29,2017,Kofu,Vissel Kobe,2,3,A,O,2.81,3.14,2.52,16,1.0,2.0,1.0,1.0,6.0,6.0,0.0,6.0,4.0,2.0,0.0,2.0,-2.0,0.0,1.0,-1.0,0.0,0.0,0.0,26.7,33.3,46.7,40.0,D
2017-10-29,2017,Kashiwa Reysol,Kawasaki Frontale,2,2,D,O,2.43,3.58,2.62,15,1.0,2.0,1.0,0.0,5.0,8.0,-3.0,3.0,2.0,1.0,2.0,6.0,-4.0,1.0,2.0,-1.0,0.0,0.0,0.0,50.0,35.7,53.3,20.0,D
2017-10-29,2017,Iwata,Yokohama F. Marinos,2,1,H,O,2.31,3.25,3.04,16,2.0,1.0,0.0,2.0,7.0,4.0,3.0,5.0,7.0,-2.0,2.0,-3.0,5.0,0.0,0.0,0.0,0.0,1.0,-1.0,46.7,26.7,50.0,42.9,D
2017-10-29,2017,Hokkaido Consadole Sapporo,Kashima Antlers,1,2,A,O,4.33,3.75,1.75,16,3.0,2.0,0.0,2.0,8.0,7.0,1.0,3.0,6.0,-3.0,5.0,1.0,4.0,1.0,1.0,0.0,0.0,0.0,0.0,53.3,20.0,73.3,20.0,D
2017-10-29,2017,Gamba Osaka,Vegalta Sendai,1,1,D,U,2.16,3.64,3.03,16,0.0,1.0,4.0,3.0,2.0,6.0,-4.0,6.0,6.0,0.0,-4.0,0.0,-4.0,0.0,1.0,-1.0,0.0,0.0,0.0,26.7,46.7,33.3,46.7,D
2017-10-29,2017,FC Tokyo,Shimizu S-Pulse,0,0,D,U,2.22,3.31,3.17,16,1.0,1.0,2.0,1.0,3.0,1.0,2.0,6.0,2.0,4.0,-3.0,-1.0,-2.0,0.0,0.0,0.0,1.0,1.0,0.0,33.3,33.3,26.7,26.7,D
2017-10-29,2017,Cerezo Osaka,Omiya Ardija,2,1,H,O,1.54,4.18,5.53,16,2.0,0.0,2.0,3.0,6.0,2.0,4.0,6.0,7.0,-1.0,0.0,-5.0,5.0,2.0,0.0,2.0,1.0,1.0,0.0,66.7,13.3,14.3,64.3,H
2017-10-29,2017,Albirex Niigata,Sagan Tosu,1,0,H,U,2.41,3.44,2.78,15,0.0,1.0,3.0,2.0,3.0,5.0,-2.0,8.0,8.0,0.0,-5.0,-3.0,-2.0,0.0,0.0,0.0,2.0,1.0,1.0,7.1,85.7,13.3,40.0,D
2017-10-22,2017,Urawa Reds,Gamba Osaka,3,3,D,O,1.68,3.92,4.59,15,1.0,1.0,1.0,1.0,6.0,8.0,-2.0,6.0,7.0,-1.0,0.0,1.0,-1.0,0.0,1.0,-1.0,0.0,0.0,0.0,50.0,21.4,50.0,28.6,D
2017-10-21,2017,Yokohama F. Marinos,Kashima Antlers,3,2,H,O,3.35,3.45,2.08,16,2.0,2.0,0.0,2.0,4.0,6.0,-2.0,2.0,6.0,-4.0,2.0,0.0,2.0,0.0,1.0,-1.0,0.0,1.0,-1.0,53.3,6.7,78.6,14.3,H
2017-10-21,2017,Vissel Kobe,Sagan Tosu,1,2,A,O,1.97,3.43,3.7,15,1.0,0.0,1.0,2.0,3.0,3.0,0.0,2.0,7.0,-5.0,1.0,-4.0,5.0,1.0,0.0,1.0,0.0,1.0,-1.0,35.7,42.9,7.1,42.9,A
2017-10-21,2017,Vegalta Sendai,Shimizu S-Pulse,0,0,D,U,2.22,3.41,3.07,15,2.0,1.0,1.0,2.0,7.0,2.0,5.0,4.0,4.0,0.0,3.0,-2.0,5.0,1.0,0.0,1.0,0.0,1.0,-1.0,35.7,50.0,28.6,28.6,D
2017-10-21,2017,Sanfrecce Hiroshima,Kawasaki Frontale,0,3,A,O,3.08,3.56,2.16,15,2.0,2.0,0.0,0.0,5.0,7.0,-2.0,3.0,2.0,1.0,2.0,5.0,-3.0,0.0,2.0,-2.0,0.0,0.0,0.0,14.3,42.9,50.0,21.4,A
2017-10-21,2017,Omiya Ardija,Kashiwa Reysol,1,1,D,U,4.01,3.56,1.86,16,1.0,2.0,0.0,1.0,4.0,4.0,0.0,3.0,5.0,-2.0,1.0,-1.0,2.0,0.0,0.0,0.0,0.0,1.0,-1.0,20.0,46.7,60.0,20.0,A
2017-10-21,2017,Iwata,Albirex Niigata,2,2,D,O,1.69,3.9,4.54,15,2.0,1.0,0.0,1.0,6.0,4.0,2.0,4.0,4.0,0.0,2.0,0.0,2.0,0.0,0.0,0.0,0.0,0.0,0.0,50.0,28.6,13.3,53.3,A
2017-10-21,2017,FC Tokyo,Hokkaido Consadole Sapporo,1,2,A,O,2.04,3.36,3.57,15,2.0,0.0,1.0,3.0,3.0,3.0,0.0,4.0,8.0,-4.0,-1.0,-5.0,4.0,0.0,0.0,0.0,1.0,2.0,-1.0,35.7,28.6,0.0,78.6,D
2017-10-21,2017,Cerezo Osaka,Kofu,2,0,H,U,1.6,3.71,5.66,15,2.0,1.0,2.0,2.0,8.0,3.0,5.0,8.0,4.0,4.0,0.0,-1.0,1.0,2.0,0.0,2.0,1.0,0.0,1.0,64.3,14.3,14.3,57.1,H
2017-10-15,2017,Sagan Tosu,Cerezo Osaka,1,2,A,O,3.19,3.4,2.16,15,3.0,1.0,1.0,2.0,7.0,6.0,1.0,4.0,8.0,-4.0,3.0,-2.0,5.0,1.0,1.0,0.0,1.0,1.0,0.0,71.4,21.4,35.7,42.9,D
2017-10-15,2017,Kofu,FC Tokyo,1,1,D,U,3.08,3.02,2.4,15,1.0,1.0,2.0,3.0,5.0,4.0,1.0,6.0,8.0,-2.0,-1.0,-4.0,3.0,0.0,0.0,0.0,0.0,1.0,-1.0,28.6,35.7,35.7,50.0,H
2017-10-14,2017,Yokohama F. Marinos,Omiya Ardija,1,1,D,U,1.99,3.31,3.76,15,2.0,0.0,0.0,3.0,5.0,3.0,2.0,3.0,8.0,-5.0,2.0,-5.0,7.0,0.0,0.0,0.0,0.0,1.0,-1.0,57.1,7.1,15.4,69.2,A
2017-10-14,2017,Urawa Reds,Vissel Kobe,1,1,D,U,1.73,3.9,4.26,14,1.0,2.0,1.0,2.0,7.0,5.0,2.0,7.0,4.0,3.0,0.0,1.0,-1.0,0.0,1.0,-1.0,0.0,0.0,0.0,53.8,23.1,50.0,42.9,D
2017-10-14,2017,Shimizu S-Pulse,Iwata,0,3,A,O,2.9,3.36,2.33,15,0.0,1.0,4.0,1.0,3.0,3.0,0.0,12.0,2.0,10.0,-9.0,1.0,-10.0,0.0,1.0,-1.0,3.0,0.0,3.0,21.4,64.3,42.9,21.4,A
2017-10-14,2017,Kawasaki Frontale,Vegalta Sendai,3,2,H,O,1.54,4.3,5.25,15,4.0,2.0,0.0,2.0,13.0,6.0,7.0,3.0,4.0,-1.0,10.0,2.0,8.0,3.0,1.0,2.0,0.0,0.0,0.0,64.3,7.1,35.7,42.9,A
2017-10-14,2017,Kashima Antlers,Sanfrecce Hiroshima,2,0,H,U,1.69,3.79,4.63,15,4.0,1.0,0.0,1.0,7.0,4.0,3.0,1.0,3.0,-2.0,6.0,1.0,5.0,2.0,1.0,1.0,0.0,0.0,0.0,64.3,35.7,28.6,50.0,H
2017-10-14,2017,Hokkaido Consadole Sapporo,Kashiwa Reysol,3,0,H,O,4.02,3.53,1.85,15,2.0,3.0,0.0,0.0,6.0,8.0,-2.0,4.0,3.0,1.0,2.0,5.0,-3.0,0.0,1.0,-1.0,0.0,0.0,0.0,50.0,21.4,64.3,14.3,H
2017-10-14,2017,Gamba Osaka,Albirex Niigata,0,1,A,U,1.72,3.84,4.35,15,0.0,0.0,4.0,1.0,2.0,4.0,-2.0,7.0,5.0,2.0,-5.0,-1.0,-4.0,0.0,0.0,0.0,1.0,0.0,1.0,28.6,42.9,7.1,57.1,D
2017-10-01,2017,Vegalta Sendai,Urawa Reds,2,3,A,O,3.9,3.76,1.83,14,2.0,2.0,0.0,1.0,6.0,4.0,2.0,2.0,4.0,-2.0,4.0,0.0,4.0,1.0,0.0,1.0,0.0,1.0,-1.0,38.5,46.2,35.7,50.0,A
2017-09-30,2017,Sanfrecce Hiroshima,Hokkaido Consadole Sapporo,1,1,D,U,1.81,3.57,4.22,14,2.0,0.0,1.0,3.0,4.0,4.0,0.0,3.0,9.0,-6.0,1.0,-5.0,6.0,0.0,0.0,0.0,0.0,2.0,-2.0,15.4,46.2,0.0,84.6,D
2017-09-30,2017,Sagan Tosu,Kashima Antlers,1,0,H,U,4.32,3.73,1.76,14,3.0,3.0,1.0,1.0,8.0,8.0,0.0,5.0,6.0,-1.0,3.0,2.0,1.0,1.0,1.0,0.0,1.0,1.0,0.0,69.2,23.1,84.6,7.7,D
2017-09-30,2017,Omiya Ardija,Shimizu S-Pulse,0,0,D,U,2.54,3.2,2.75,15,1.0,1.0,1.0,2.0,5.0,4.0,1.0,5.0,6.0,-1.0,0.0,-2.0,2.0,0.0,0.0,0.0,0.0,1.0,-1.0,21.4,50.0,30.8,30.8,D
2017-09-30,2017,Kawasaki Frontale,Cerezo Osaka,5,1,H,O,1.88,3.69,3.77,14,3.0,1.0,0.0,2.0,9.0,7.0,2.0,3.0,6.0,-3.0,6.0,1.0,5.0,2.0,1.0,1.0,0.0,0.0,0.0,61.5,7.7,38.5,38.5,H
2017-09-30,2017,Kashiwa Reysol,Kofu,0,1,A,U,1.52,3.92,6.47,14,2.0,0.0,0.0,3.0,8.0,2.0,6.0,3.0,7.0,-4.0,5.0,-5.0,10.0,2.0,0.0,2.0,0.0,1.0,-1.0,53.8,30.8,7.7,61.5,D
2017-09-30,2017,Gamba Osaka,Yokohama F. Marinos,1,2,A,O,2.31,3.31,3.01,14,1.0,1.0,3.0,2.0,4.0,4.0,0.0,6.0,6.0,0.0,-2.0,-2.0,0.0,1.0,1.0,0.0,1.0,1.0,0.0,30.8,38.5,46.2,46.2,D
2017-09-30,2017,FC Tokyo,Iwata,0,0,D,U,2.4,3.31,2.84,14,2.0,2.0,1.0,1.0,4.0,8.0,-4.0,5.0,4.0,1.0,-1.0,4.0,-5.0,0.0,2.0,-2.0,1.0,0.0,1.0,38.5,30.8,46.2,23.1,D
2017-09-30,2017,Albirex Niigata,Vissel Kobe,0,2,A,U,3.29,3.49,2.09,14,0.0,1.0,3.0,3.0,3.0,4.0,-1.0,8.0,7.0,1.0,-5.0,-3.0,-2.0,0.0,0.0,0.0,2.0,1.0,1.0,7.7,84.6,46.2,46.2,D
2017-09-23,2017,Vissel Kobe,Kawasaki Frontale,0,0,D,U,4.11,3.77,1.78,14,2.0,3.0,1.0,0.0,6.0,10.0,-4.0,3.0,4.0,-1.0,3.0,6.0,-3.0,2.0,2.0,0.0,0.0,0.0,0.0,38.5,46.2,53.8,23.1,D
2017-09-23,2017,Urawa Reds,Sagan Tosu,2,2,D,O,1.48,4.39,6.12,13,2.0,1.0,1.0,2.0,7.0,2.0,5.0,6.0,5.0,1.0,1.0,-3.0,4.0,0.0,0.0,0.0,0.0,1.0,-1.0,58.3,25.0,7.7,46.2,A
2017-09-23,2017,Shimizu S-Pulse,Sanfrecce Hiroshima,1,3,A,O,2.8,3.33,2.42,14,1.0,1.0,3.0,1.0,5.0,4.0,1.0,11.0,4.0,7.0,-6.0,0.0,-6.0,0.0,0.0,0.0,2.0,0.0,2.0,23.1,61.5,23.1,53.8,A
2017-09-23,2017,Kofu,Yokohama F. Marinos,3,2,H,O,3.99,3.1,2.01,14,1.0,2.0,2.0,1.0,3.0,4.0,-1.0,4.0,3.0,1.0,-1.0,1.0,-2.0,0.0,2.0,-2.0,0.0,1.0,-1.0,23.1,38.5,50.0,41.7,H
2017-09-23,2017,Kashiwa Reysol,FC Tokyo,4,1,H,O,1.82,3.48,4.3,13,1.0,1.0,1.0,2.0,6.0,4.0,2.0,5.0,5.0,0.0,1.0,-1.0,2.0,1.0,0.0,1.0,0.0,0.0,0.0,50.0,33.3,38.5,46.2,H
2017-09-23,2017,Kashima Antlers,Gamba Osaka,2,1,H,O,1.74,3.75,4.4,14,4.0,1.0,0.0,1.0,8.0,7.0,1.0,0.0,6.0,-6.0,8.0,1.0,7.0,3.0,1.0,2.0,0.0,0.0,0.0,61.5,38.5,53.8,23.1,D
2017-09-23,2017,Iwata,Omiya Ardija,2,1,H,O,1.97,3.44,3.71,14,1.0,0.0,1.0,3.0,6.0,3.0,3.0,6.0,9.0,-3.0,0.0,-6.0,6.0,0.0,0.0,0.0,0.0,2.0,-2.0,46.2,30.8,16.7,66.7,H
2017-09-23,2017,Hokkaido Consadole Sapporo,Albirex Niigata,2,2,D,O,2.01,3.35,3.65,14,2.0,0.0,1.0,2.0,4.0,3.0,1.0,4.0,5.0,-1.0,0.0,-2.0,2.0,0.0,0.0,0.0,1.0,0.0,1.0,53.8,23.1,7.7,61.5,H
2017-09-23,2017,Cerezo Osaka,Vegalta Sendai,1,4,A,O,1.62,3.94,5.11,14,3.0,1.0,1.0,3.0,9.0,2.0,7.0,5.0,5.0,0.0,4.0,-3.0,7.0,2.0,0.0,2.0,0.0,1.0,-1.0,69.2,7.7,30.8,46.2,A
2017-09-17,2017,Iwata,Urawa Reds,1,1,D,U,3.05,3.53,2.19,13,2.0,2.0,1.0,2.0,6.0,5.0,1.0,5.0,7.0,-2.0,1.0,-2.0,3.0,0.0,0.0,0.0,0.0,2.0,-2.0,50.0,33.3,38.5,53.8,H
2017-09-16,2017,Yokohama F. Marinos,Kashiwa Reysol,1,1,D,U,2.9,3.24,2.4,14,2.0,3.0,0.0,0.0,5.0,8.0,-3.0,3.0,3.0,0.0,2.0,5.0,-3.0,0.0,1.0,-1.0,0.0,0.0,0.0,61.5,7.7,69.2,15.4,H
2017-09-16,2017,Vissel Kobe,Hokkaido Consadole Sapporo,2,0,H,U,1.8,3.55,4.35,13,2.0,0.0,1.0,3.0,7.0,5.0,2.0,3.0,9.0,-6.0,4.0,-4.0,8.0,2.0,0.0,2.0,0.0,1.0,-1.0,33.3,50.0,0.0,83.3,H
2017-09-16,2017,Shimizu S-Pulse,Kawasaki Frontale,0,3,A,O,4.36,3.78,1.74,13,2.0,2.0,2.0,0.0,7.0,8.0,-1.0,8.0,5.0,3.0,-1.0,3.0,-4.0,1.0,1.0,0.0,1.0,0.0,1.0,25.0,58.3,50.0,25.0,A
2017-09-16,2017,Sanfrecce Hiroshima,Cerezo Osaka,1,0,H,U,3.3,3.42,2.11,13,1.0,1.0,2.0,2.0,3.0,8.0,-5.0,6.0,8.0,-2.0,-3.0,0.0,-3.0,0.0,1.0,-1.0,1.0,1.0,0.0,8.3,50.0,41.7,33.3,D
2017-09-16,2017,Sagan Tosu,Kofu,2,1,H,O,2.18,3.0,3.6,13,2.0,0.0,2.0,3.0,8.0,1.0,7.0,7.0,6.0,1.0,1.0,-5.0,6.0,1.0,0.0,1.0,1.0,1.0,0.0,66.7,25.0,8.3,58.3,A
2017-09-16,2017,Omiya Ardija,Gamba Osaka,2,2,D,O,3.44,3.35,2.09,14,1.0,1.0,1.0,2.0,5.0,5.0,0.0,5.0,6.0,-1.0,0.0,-1.0,1.0,0.0,1.0,-1.0,0.0,1.0,-1.0,23.1,53.8,58.3,25.0,A
2017-09-16,2017,FC Tokyo,Vegalta Sendai,1,0,H,U,2.08,3.33,3.47,13,1.0,1.0,1.0,3.0,5.0,2.0,3.0,7.0,7.0,0.0,-2.0,-5.0,3.0,0.0,0.0,0.0,1.0,2.0,-1.0,33.3,33.3,33.3,41.7,D
2017-09-16,2017,Albirex Niigata,Kashima Antlers,2,4,A,O,4.68,3.64,1.72,13,0.0,2.0,3.0,1.0,1.0,6.0,-5.0,6.0,6.0,0.0,-5.0,0.0,-5.0,0.0,0.0,0.0,2.0,1.0,1.0,8.3,83.3,83.3,8.3,H
2017-09-10,2017,Vegalta Sendai,Sagan Tosu,4,1,H,O,2.41,3.14,2.97,13,1.0,1.0,1.0,1.0,4.0,1.0,3.0,4.0,1.0,3.0,0.0,0.0,0.0,0.0,0.0,0.0,0.0,0.0,0.0,33.3,50.0,8.3,41.7,H
2017-09-09,2017,Urawa Reds,Kashiwa Reysol,1,2,A,O,2.11,3.48,3.26,12,3.0,2.0,0.0,1.0,10.0,7.0,3.0,7.0,4.0,3.0,3.0,3.0,0.0,0.0,1.0,-1.0,0.0,0.0,0.0,63.6,18.2,66.7,16.7,D
2017-09-09,2017,Kofu,Shimizu S-Pulse,0,1,A,U,2.88,2.93,2.62,13,1.0,0.0,1.0,3.0,3.0,3.0,0.0,3.0,7.0,-4.0,0.0,-4.0,4.0,0.0,0.0,0.0,0.0,1.0,-1.0,25.0,33.3,25.0,33.3,D
2017-09-09,2017,Kawasaki Frontale,Yokohama F. Marinos,3,0,H,O,1.78,3.77,4.19,13,2.0,3.0,1.0,0.0,8.0,6.0,2.0,8.0,1.0,7.0,0.0,5.0,-5.0,1.0,2.0,-1.0,1.0,0.0,1.0,58.3,8.3,54.5,36.4,H
2017-09-09,2017,Kashima Antlers,Omiya Ardija,1,0,H,U,1.55,4.01,5.7,13,4.0,1.0,0.0,2.0,9.0,6.0,3.0,0.0,8.0,-8.0,9.0,-2.0,11.0,4.0,1.0,3.0,0.0,2.0,-2.0,58.3,41.7,18.2,63.6,H
2017-09-09,2017,Hokkaido Consadole Sapporo,Iwata,2,1,H,O,2.95,3.27,2.35,13,2.0,3.0,1.0,0.0,4.0,9.0,-5.0,3.0,2.0,1.0,1.0,7.0,-6.0,1.0,3.0,-2.0,1.0,0.0,1.0,50.0,25.0,50.0,16.7,D
2017-09-09,2017,Gamba Osaka,Vissel Kobe,1,2,A,O,2.03,3.48,3.47,13,1.0,0.0,3.0,4.0,3.0,2.0,1.0,5.0,11.0,-6.0,-2.0,-9.0,7.0,1.0,0.0,1.0,1.0,2.0,-1.0,33.3,33.3,41.7,50.0,A
2017-09-09,2017,FC Tokyo,Cerezo Osaka,1,4,A,O,2.81,3.23,2.47,12,1.0,1.0,1.0,2.0,4.0,8.0,-4.0,4.0,9.0,-5.0,0.0,-1.0,1.0,0.0,1.0,-1.0,0.0,1.0,-1.0,36.4,27.3,36.4,36.4,A
2017-09-09,2017,Albirex Niigata,Sanfrecce Hiroshima,0,0,D,U,3.17,3.33,2.21,12,0.0,1.0,4.0,1.0,1.0,5.0,-4.0,8.0,5.0,3.0,-7.0,0.0,-7.0,0.0,0.0,0.0,3.0,0.0,3.0,9.1,90.9,25.0,58.3,D
2017-08-27,2017,Shimizu S-Pulse,Urawa Reds,1,2,A,O,3.85,3.69,1.86,12,3.0,1.0,1.0,3.0,7.0,4.0,3.0,6.0,10.0,-4.0,1.0,-6.0,7.0,1.0,0.0,1.0,1.0,3.0,-2.0,27.3,54.5,33.3,58.3,H
2017-08-27,2017,Kofu,Kawasaki Frontale,2,2,D,O,6.07,3.69,1.58,12,1.0,2.0,1.0,1.0,1.0,6.0,-5.0,1.0,5.0,-4.0,0.0,1.0,-1.0,0.0,1.0,-1.0,0.0,1.0,-1.0,27.3,36.4,54.5,27.3,A
2017-08-26,2017,Yokohama F. Marinos,FC Tokyo,1,0,H,U,2.43,3.2,2.88,13,2.0,1.0,0.0,2.0,6.0,5.0,1.0,3.0,7.0,-4.0,3.0,-2.0,5.0,1.0,0.0,1.0,0.0,1.0,-1.0,58.3,8.3,41.7,41.7,D
2017-08-26,2017,Sagan Tosu,Gamba Osaka,1,3,A,O,2.83,3.24,2.45,12,3.0,1.0,1.0,2.0,9.0,5.0,4.0,5.0,7.0,-2.0,4.0,-2.0,6.0,1.0,0.0,1.0,0.0,1.0,-1.0,72.7,18.2,54.5,27.3,D
2017-08-26,2017,Omiya Ardija,Sanfrecce Hiroshima,1,1,D,U,2.89,3.29,2.38,13,1.0,1.0,2.0,2.0,5.0,7.0,-2.0,6.0,8.0,-2.0,-1.0,-1.0,0.0,0.0,0.0,0.0,0.0,0.0,0.0,25.0,58.3,27.3,63.6,D
2017-08-26,2017,Kashiwa Reysol,Albirex Niigata,1,1,D,U,1.5,4.29,5.96,12,2.0,0.0,1.0,3.0,7.0,2.0,5.0,5.0,6.0,-1.0,2.0,-4.0,6.0,1.0,0.0,1.0,0.0,1.0,-1.0,54.5,36.4,8.3,66.7,D
2017-08-26,2017,Iwata,Vissel Kobe,2,1,H,O,2.3,3.35,2.96,12,2.0,0.0,1.0,4.0,6.0,1.0,5.0,4.0,11.0,-7.0,2.0,-10.0,12.0,1.0,0.0,1.0,0.0,3.0,-3.0,45.5,36.4,45.5,45.5,D
2017-08-26,2017,Hokkaido Consadole Sapporo,Vegalta Sendai,1,0,H,U,2.47,3.21,2.81,12,2.0,1.0,1.0,2.0,4.0,3.0,1.0,3.0,7.0,-4.0,1.0,-4.0,5.0,1.0,0.0,1.0,1.0,2.0,-1.0,45.5,27.3,36.4,36.4,D
2017-08-26,2017,Cerezo Osaka,Kashima Antlers,0,1,A,U,2.75,3.45,2.4,13,4.0,2.0,0.0,1.0,12.0,6.0,6.0,5.0,6.0,-1.0,7.0,0.0,7.0,3.0,0.0,3.0,0.0,1.0,-1.0,75.0,0.0,81.8,9.1,D
2017-08-20,2017,Vissel Kobe,Yokohama F. Marinos,0,0,D,U,2.52,3.28,2.71,12,2.0,4.0,2.0,0.0,7.0,7.0,0.0,4.0,1.0,3.0,3.0,6.0,-3.0,2.0,2.0,0.0,0.0,0.0,0.0,36.4,54.5,60.0,40.0,D
2017-08-19,2017,Urawa Reds,FC Tokyo,2,1,H,O,1.8,3.71,4.11,11,2.0,1.0,1.0,2.0,10.0,4.0,6.0,10.0,7.0,3.0,0.0,-3.0,3.0,0.0,0.0,0.0,1.0,2.0,-1.0,60.0,20.0,45.5,36.4,H
2017-08-19,2017,Sanfrecce Hiroshima,Kofu,1,0,H,U,1.72,3.51,4.88,12,0.0,0.0,3.0,3.0,3.0,1.0,2.0,9.0,6.0,3.0,-6.0,-5.0,-1.0,0.0,0.0,0.0,2.0,1.0,1.0,0.0,54.5,9.1,54.5,D
2017-08-19,2017,Sagan Tosu,Omiya Ardija,3,0,H,O,2.18,3.22,3.32,11,2.0,2.0,1.0,1.0,7.0,8.0,-1.0,6.0,6.0,0.0,1.0,2.0,-1.0,0.0,1.0,-1.0,0.0,1.0,-1.0,70.0,20.0,20.0,60.0,H
2017-08-19,2017,Kawasaki Frontale,Hokkaido Consadole Sapporo,2,1,H,O,1.42,4.64,6.7,12,2.0,0.0,1.0,3.0,10.0,4.0,6.0,8.0,10.0,-2.0,2.0,-6.0,8.0,2.0,0.0,2.0,1.0,2.0,-1.0,54.5,9.1,0.0,81.8,
2017-08-19,2017,Kashima Antlers,Shimizu S-Pulse,2,0,H,U,1.52,4.1,5.95,12,4.0,0.0,0.0,2.0,10.0,4.0,6.0,0.0,6.0,-6.0,10.0,-2.0,12.0,4.0,0.0,4.0,0.0,0.0,0.0,54.5,45.5,27.3,27.3,H
2017-08-19,2017,Iwata,Cerezo Osaka,1,1,D,U,2.88,3.29,2.39,11,3.0,2.0,1.0,2.0,8.0,9.0,-1.0,3.0,9.0,-6.0,5.0,0.0,5.0,2.0,1.0,1.0,0.0,1.0,-1.0,50.0,40.0,40.0,40.0,A
2017-08-19,2017,Gamba Osaka,Kashiwa Reysol,0,1,A,U,2.7,3.34,2.5,12,1.0,1.0,2.0,1.0,4.0,6.0,-2.0,5.0,4.0,1.0,-1.0,2.0,-3.0,1.0,1.0,0.0,1.0,0.0,1.0,36.4,27.3,63.6,18.2,D
2017-08-19,2017,Albirex Niigata,Vegalta Sendai,1,2,A,O,2.66,3.24,2.59,11,0.0,0.0,4.0,2.0,1.0,2.0,-1.0,8.0,7.0,1.0,-7.0,-5.0,-2.0,0.0,0.0,0.0,3.0,2.0,1.0,10.0,90.0,30.0,40.0,H
2017-08-13,2017,Yokohama F. Marinos,Sagan Tosu,1,0,H,U,1.85,3.37,4.32,12,2.0,1.0,0.0,0.0,7.0,2.0,5.0,3.0,1.0,2.0,4.0,1.0,3.0,2.0,0.0,2.0,0.0,0.0,0.0,54.5,9.1,9.1,36.4,H
2017-08-13,2017,Vegalta Sendai,Sanfrecce Hiroshima,1,0,H,U,2.73,3.33,2.48,12,0.0,1.0,2.0,2.0,5.0,7.0,-2.0,8.0,8.0,0.0,-3.0,-1.0,-2.0,0.0,0.0,0.0,1.0,0.0,1.0,27.3,54.5,30.0,60.0,D
2017-08-13,2017,Shimizu S-Pulse,Kashiwa Reysol,1,4,A,O,3.66,3.43,1.98,11,3.0,1.0,1.0,1.0,6.0,4.0,2.0,4.0,3.0,1.0,2.0,1.0,1.0,1.0,1.0,0.0,1.0,0.0,1.0,30.0,50.0,60.0,20.0,A
2017-08-13,2017,Omiya Ardija,Albirex Niigata,1,0,H,U,2.19,3.28,3.23,12,0.0,0.0,2.0,3.0,5.0,2.0,3.0,7.0,9.0,-2.0,-2.0,-7.0,5.0,0.0,0.0,0.0,0.0,2.0,-2.0,18.2,63.6,9.1,63.6,D
2017-08-13,2017,Kawasaki Frontale,Kashima Antlers,3,1,H,O,2.65,3.45,2.47,11,2.0,3.0,1.0,0.0,12.0,8.0,4.0,7.0,5.0,2.0,5.0,3.0,2.0,2.0,0.0,2.0,1.0,0.0,1.0,50.0,10.0,90.0,0.0,H
2017-08-13,2017,Hokkaido Consadole Sapporo,Kofu,1,1,D,U,2.12,3.09,3.66,11,2.0,0.0,2.0,4.0,4.0,0.0,4.0,4.0,8.0,-4.0,0.0,-8.0,8.0,1.0,0.0,1.0,1.0,2.0,-1.0,50.0,30.0,10.0,60.0,H
2017-08-13,2017,Gamba Osaka,Iwata,0,2,A,U,2.02,3.42,3.52,11,2.0,3.0,1.0,0.0,7.0,11.0,-4.0,3.0,4.0,-1.0,4.0,7.0,-3.0,2.0,3.0,-1.0,0.0,0.0,0.0,40.0,20.0,45.5,18.2,A
2017-08-13,2017,FC Tokyo,Vissel Kobe,1,0,H,U,2.09,3.41,3.36,11,0.0,1.0,1.0,3.0,4.0,3.0,1.0,5.0,11.0,-6.0,-1.0,-8.0,7.0,0.0,0.0,0.0,0.0,3.0,-3.0,30.0,30.0,50.0,40.0,D
2017-08-09,2017,Vissel Kobe,Kashima Antlers,1,2,A,O,3.47,3.52,2.01,11,2.0,3.0,2.0,0.0,7.0,9.0,-2.0,4.0,5.0,-1.0,3.0,4.0,-1.0,2.0,1.0,1.0,0.0,0.0,0.0,40.0,50.0,88.9,0.0,D
2017-08-09,2017,Vegalta Sendai,Iwata,0,0,D,U,2.52,3.33,2.68,11,1.0,3.0,2.0,0.0,8.0,11.0,-3.0,8.0,4.0,4.0,0.0,7.0,-7.0,1.0,3.0,-2.0,1.0,0.0,1.0,30.0,60.0,50.0,20.0,D
2017-08-09,2017,Shimizu S-Pulse,Cerezo Osaka,3,2,H,O,3.82,3.47,1.93,10,2.0,3.0,2.0,1.0,4.0,10.0,-6.0,5.0,6.0,-1.0,-1.0,4.0,-5.0,1.0,2.0,-1.0,2.0,1.0,1.0,22.2,55.6,44.4,33.3,A
2017-08-09,2017,Sanfrecce Hiroshima,Gamba Osaka,2,2,D,O,2.59,3.4,2.56,11,0.0,2.0,3.0,2.0,1.0,4.0,-3.0,7.0,5.0,2.0,-6.0,-1.0,-5.0,0.0,0.0,0.0,2.0,1.0,1.0,0.0,60.0,60.0,30.0,H
2017-08-09,2017,Omiya Ardija,FC Tokyo,1,2,A,O,3.52,3.37,2.05,11,0.0,1.0,2.0,2.0,4.0,4.0,0.0,8.0,6.0,2.0,-4.0,-2.0,-2.0,0.0,1.0,-1.0,1.0,2.0,-1.0,20.0,60.0,40.0,40.0,A
2017-08-09,2017,Kofu,Urawa Reds,0,1,A,U,6.56,3.99,1.5,11,1.0,0.0,1.0,4.0,2.0,4.0,-2.0,2.0,12.0,-10.0,0.0,-8.0,8.0,0.0,0.0,0.0,0.0,3.0,-3.0,30.0,30.0,27.3,63.6,A
2017-08-09,2017,Kashiwa Reysol,Sagan Tosu,0,0,D,U,1.62,3.77,5.4,11,3.0,1.0,1.0,1.0,8.0,2.0,6.0,5.0,4.0,1.0,3.0,-2.0,5.0,1.0,0.0,1.0,0.0,1.0,-1.0,60.0,40.0,10.0,40.0,D
2017-08-09,2017,Hokkaido Consadole Sapporo,Yokohama F. Marinos,0,2,A,U,3.22,3.27,2.21,10,2.0,4.0,2.0,0.0,4.0,8.0,-4.0,4.0,2.0,2.0,0.0,6.0,-6.0,1.0,2.0,-1.0,1.0,0.0,1.0,55.6,22.2,55.6,44.4,D
2017-08-09,2017,Albirex Niigata,Kawasaki Frontale,0,2,A,U,4.66,3.82,1.69,10,1.0,2.0,3.0,1.0,2.0,7.0,-5.0,6.0,5.0,1.0,-4.0,2.0,-6.0,0.0,1.0,-1.0,2.0,1.0,1.0,11.1,88.9,50.0,30.0,A
2017-08-05,2017,Urawa Reds,Omiya Ardija,2,2,D,O,1.44,4.71,6.18,10,2.0,2.0,1.0,2.0,11.0,8.0,3.0,11.0,8.0,3.0,0.0,0.0,0.0,0.0,1.0,-1.0,1.0,2.0,-1.0,66.7,22.2,22.2,66.7,H
2017-08-05,2017,Sagan Tosu,Shimizu S-Pulse,2,1,H,O,2.3,3.19,3.1,10,2.0,0.0,1.0,1.0,6.0,6.0,0.0,5.0,7.0,-2.0,1.0,-1.0,2.0,0.0,0.0,0.0,0.0,0.0,0.0,66.7,22.2,30.0,20.0,H
2017-08-05,2017,Kofu,Gamba Osaka,1,0,H,U,4.6,3.42,1.79,10,0.0,2.0,1.0,2.0,1.0,4.0,-3.0,2.0,7.0,-5.0,-1.0,-3.0,2.0,0.0,0.0,0.0,0.0,2.0,-2.0,22.2,33.3,66.7,22.2,D
2017-08-05,2017,Kawasaki Frontale,FC Tokyo,1,1,D,U,1.88,3.62,3.8,10,3.0,1.0,1.0,2.0,12.0,4.0,8.0,6.0,6.0,0.0,6.0,-2.0,8.0,2.0,1.0,1.0,1.0,2.0,-1.0,55.6,11.1,44.4,44.4,D
2017-08-05,2017,Kashiwa Reysol,Vissel Kobe,3,1,H,O,1.91,3.62,3.69,10,3.0,2.0,1.0,2.0,9.0,4.0,5.0,6.0,9.0,-3.0,3.0,-5.0,8.0,1.0,0.0,1.0,0.0,2.0,-2.0,55.6,44.4,55.6,33.3,A
2017-08-05,2017,Kashima Antlers,Vegalta Sendai,2,0,H,U,1.58,3.95,5.38,11,3.0,0.0,1.0,2.0,8.0,3.0,5.0,3.0,7.0,-4.0,5.0,-4.0,9.0,3.0,0.0,3.0,1.0,1.0,0.0,50.0,50.0,33.3,33.3,H
2017-08-05,2017,Iwata,Sanfrecce Hiroshima,2,3,A,O,2.63,3.29,2.58,10,3.0,1.0,1.0,2.0,6.0,6.0,0.0,2.0,7.0,-5.0,4.0,-1.0,5.0,2.0,0.0,2.0,1.0,0.0,1.0,55.6,33.3,22.2,66.7,H
2017-08-05,2017,Cerezo Osaka,Hokkaido Consadole Sapporo,3,1,H,O,1.61,3.88,5.2,12,3.0,0.0,0.0,3.0,10.0,3.0,7.0,5.0,8.0,-3.0,5.0,-5.0,10.0,2.0,0.0,2.0,0.0,1.0,-1.0,72.7,0.0,0.0,80.0,H
2017-08-05,2017,Albirex Niigata,Yokohama F. Marinos,0,2,A,U,3.41,3.28,2.12,9,1.0,3.0,3.0,1.0,3.0,6.0,-3.0,10.0,3.0,7.0,-7.0,3.0,-10.0,0.0,1.0,-1.0,2.0,0.0,2.0,12.5,87.5,50.0,50.0,D
2017-07-30,2017,Vegalta Sendai,Kashiwa Reysol,1,1,D,U,3.62,3.61,1.93,10,2.0,2.0,2.0,1.0,9.0,5.0,4.0,8.0,3.0,5.0,1.0,2.0,-1.0,1.0,1.0,0.0,1.0,0.0,1.0,33.3,66.7,66.7,22.2,D
2017-07-30,2017,Sanfrecce Hiroshima,Sagan Tosu,0,1,A,U,2.03,3.33,3.58,10,0.0,0.0,2.0,1.0,2.0,2.0,0.0,7.0,5.0,2.0,-5.0,-3.0,-2.0,0.0,0.0,0.0,2.0,1.0,1.0,0.0,55.6,0.0,44.4,D
2017-07-30,2017,FC Tokyo,Albirex Niigata,1,1,D,U,1.65,3.72,5.07,10,0.0,0.0,2.0,4.0,4.0,2.0,2.0,6.0,10.0,-4.0,-2.0,-8.0,6.0,0.0,0.0,0.0,0.0,2.0,-2.0,33.3,33.3,10.0,70.0,A
2017-07-29,2017,Yokohama F. Marinos,Shimizu S-Pulse,2,2,D,O,2.0,3.43,3.58,11,2.0,0.0,0.0,1.0,6.0,5.0,1.0,2.0,6.0,-4.0,4.0,-1.0,5.0,2.0,0.0,2.0,0.0,0.0,0.0,60.0,10.0,33.3,22.2,H
2017-07-29,2017,Vissel Kobe,Omiya Ardija,3,1,H,O,1.87,3.57,3.89,10,1.0,2.0,2.0,2.0,5.0,7.0,-2.0,4.0,6.0,-2.0,1.0,1.0,0.0,1.0,1.0,0.0,0.0,1.0,-1.0,33.3,55.6,25.0,62.5,D
2017-07-29,2017,Kawasaki Frontale,Iwata,2,5,A,O,1.64,3.94,4.83,9,4.0,2.0,0.0,0.0,13.0,6.0,7.0,1.0,2.0,-1.0,12.0,4.0,8.0,3.0,2.0,1.0,0.0,0.0,0.0,62.5,0.0,44.4,22.2,A
2017-07-29,2017,Kashima Antlers,Kofu,3,0,H,O,1.4,4.22,8.27,10,2.0,0.0,2.0,3.0,6.0,1.0,5.0,5.0,6.0,-1.0,1.0,-5.0,6.0,2.0,0.0,2.0,1.0,1.0,0.0,44.4,55.6,11.1,55.6,D
2017-07-29,2017,Hokkaido Consadole Sapporo,Urawa Reds,2,0,H,U,4.79,4.22,1.6,9,2.0,0.0,2.0,4.0,3.0,4.0,-1.0,4.0,11.0,-7.0,-1.0,-7.0,6.0,0.0,0.0,0.0,1.0,2.0,-1.0,50.0,25.0,30.0,60.0,H
2017-07-29,2017,Gamba Osaka,Cerezo Osaka,3,1,H,O,2.61,3.25,2.62,10,1.0,3.0,1.0,1.0,5.0,9.0,-4.0,3.0,4.0,-1.0,2.0,5.0,-3.0,1.0,2.0,-1.0,0.0,0.0,0.0,33.3,22.2,50.0,25.0,D
2017-07-22,2017,Cerezo Osaka,Urawa Reds,4,2,H,O,2.93,3.54,2.24,11,3.0,1.0,0.0,3.0,10.0,8.0,2.0,3.0,8.0,-5.0,7.0,0.0,7.0,2.0,1.0,1.0,0.0,1.0,-1.0,70.0,0.0,33.3,55.6,H
2017-07-09,2017,Urawa Reds,Albirex Niigata,2,1,H,O,1.28,5.65,8.87,9,1.0,0.0,2.0,4.0,9.0,1.0,8.0,11.0,11.0,0.0,-2.0,-10.0,8.0,0.0,0.0,0.0,1.0,3.0,-2.0,62.5,25.0,11.1,66.7,A
2017-07-08,2017,Yokohama F. Marinos,Sanfrecce Hiroshima,1,1,D,U,2.33,3.33,2.93,10,3.0,1.0,0.0,3.0,6.0,7.0,-1.0,1.0,11.0,-10.0,5.0,-4.0,9.0,2.0,0.0,2.0,0.0,1.0,-1.0,66.7,11.1,25.0,75.0,D
2017-07-08,2017,Vissel Kobe,Vegalta Sendai,3,0,H,O,2.29,3.3,3.03,9,0.0,1.0,3.0,1.0,2.0,6.0,-4.0,5.0,4.0,1.0,-3.0,2.0,-5.0,0.0,1.0,-1.0,0.0,0.0,0.0,25.0,62.5,37.5,25.0,H
2017-07-08,2017,Shimizu S-Pulse,Gamba Osaka,2,0,H,U,3.31,3.37,2.12,9,1.0,3.0,2.0,1.0,3.0,6.0,-3.0,6.0,5.0,1.0,-3.0,1.0,-4.0,0.0,1.0,-1.0,2.0,1.0,1.0,12.5,62.5,75.0,12.5,H
2017-07-08,2017,Sagan Tosu,Kawasaki Frontale,2,3,A,O,3.62,3.32,2.03,9,3.0,2.0,0.0,1.0,5.0,6.0,-1.0,2.0,3.0,-1.0,3.0,3.0,0.0,0.0,2.0,-2.0,0.0,1.0,-1.0,75.0,12.5,44.4,33.3,H
2017-07-08,2017,Omiya Ardija,Hokkaido Consadole Sapporo,2,2,D,O,2.23,3.2,3.24,10,1.0,0.0,2.0,4.0,4.0,1.0,3.0,7.0,7.0,0.0,-3.0,-6.0,3.0,0.0,0.0,0.0,1.0,1.0,0.0,22.2,66.7,0.0,88.9,D
2017-07-08,2017,Iwata,Kofu,1,0,H,U,1.82,3.22,4.78,9,2.0,0.0,2.0,3.0,5.0,1.0,4.0,4.0,6.0,-2.0,1.0,-5.0,6.0,2.0,0.0,2.0,2.0,1.0,1.0,50.0,37.5,12.5,50.0,H
2017-07-08,2017,FC Tokyo,Kashima Antlers,2,2,D,O,3.11,3.3,2.24,9,1.0,4.0,2.0,0.0,3.0,8.0,-5.0,4.0,3.0,1.0,-1.0,5.0,-6.0,0.0,1.0,-1.0,0.0,0.0,0.0,37.5,37.5,100.0,0.0,D
2017-07-08,2017,Cerezo Osaka,Kashiwa Reysol,2,1,H,O,2.34,3.31,2.92,10,3.0,3.0,0.0,0.0,13.0,5.0,8.0,4.0,1.0,3.0,9.0,4.0,5.0,3.0,1.0,2.0,0.0,0.0,0.0,66.7,0.0,75.0,12.5,A
2017-07-05,2017,Kawasaki Frontale,Urawa Reds,4,1,H,O,2.87,3.57,2.26,8,3.0,1.0,0.0,3.0,11.0,7.0,4.0,2.0,5.0,-3.0,9.0,2.0,7.0,2.0,1.0,1.0,0.0,0.0,0.0,57.1,0.0,37.5,50.0,H
2017-07-05,2017,Gamba Osaka,Kashima Antlers,0,1,A,U,2.77,3.37,2.41,9,2.0,4.0,0.0,0.0,11.0,11.0,0.0,2.0,4.0,-2.0,9.0,7.0,2.0,2.0,2.0,0.0,0.0,0.0,0.0,37.5,12.5,100.0,0.0,D
2017-07-02,2017,Kofu,Sagan Tosu,0,0,D,U,3.38,2.88,2.36,9,0.0,0.0,1.0,2.0,2.0,3.0,-1.0,3.0,7.0,-4.0,-1.0,-4.0,3.0,0.0,0.0,0.0,0.0,1.0,-1.0,25.0,37.5,0.0,50.0,D
2017-07-02,2017,Kashiwa Reysol,Kashima Antlers,2,3,A,O,2.83,3.3,2.42,9,4.0,4.0,0.0,0.0,8.0,9.0,-1.0,3.0,2.0,1.0,5.0,7.0,-2.0,1.0,2.0,-1.0,0.0,0.0,0.0,62.5,37.5,100.0,0.0,H
2017-07-02,2017,Cerezo Osaka,FC Tokyo,3,1,H,O,2.09,3.32,3.44,9,3.0,2.0,0.0,1.0,12.0,5.0,7.0,3.0,3.0,0.0,9.0,2.0,7.0,3.0,2.0,1.0,0.0,1.0,-1.0,62.5,0.0,50.0,37.5,A
2017-07-01,2017,Vegalta Sendai,Gamba Osaka,2,3,A,O,3.26,3.5,2.11,9,2.0,3.0,2.0,1.0,7.0,4.0,3.0,7.0,3.0,4.0,0.0,1.0,-1.0,1.0,1.0,0.0,2.0,1.0,1.0,37.5,62.5,71.4,14.3,A
2017-07-01,2017,Urawa Reds,Sanfrecce Hiroshima,4,3,H,O,1.43,4.64,6.47,8,1.0,1.0,2.0,3.0,8.0,4.0,4.0,10.0,8.0,2.0,-2.0,-4.0,2.0,0.0,0.0,0.0,1.0,1.0,0.0,57.1,28.6,28.6,71.4,H
2017-07-01,2017,Omiya Ardija,Yokohama F. Marinos,1,2,A,O,3.56,3.34,2.05,9,2.0,2.0,1.0,2.0,4.0,4.0,0.0,5.0,4.0,1.0,-1.0,0.0,-1.0,0.0,1.0,-1.0,1.0,1.0,0.0,25.0,62.5,42.9,57.1,D
2017-07-01,2017,Kawasaki Frontale,Vissel Kobe,5,0,H,O,1.74,3.76,4.43,7,2.0,2.0,0.0,1.0,7.0,5.0,2.0,3.0,5.0,-2.0,4.0,0.0,4.0,1.0,0.0,1.0,0.0,1.0,-1.0,50.0,0.0,62.5,25.0,H
2017-07-01,2017,Hokkaido Consadole Sapporo,Shimizu S-Pulse,1,0,H,U,2.55,3.25,2.7,8,1.0,0.0,2.0,0.0,3.0,7.0,-4.0,5.0,7.0,-2.0,-2.0,0.0,-2.0,0.0,0.0,0.0,1.0,0.0,1.0,42.9,28.6,37.5,12.5,H
2017-07-01,2017,Albirex Niigata,Iwata,0,2,A,U,2.6,3.21,2.67,8,1.0,2.0,3.0,0.0,3.0,7.0,-4.0,9.0,2.0,7.0,-6.0,5.0,-11.0,0.0,2.0,-2.0,1.0,0.0,1.0,14.3,85.7,37.5,25.0,A
2017-06-25,2017,Yokohama F. Marinos,Vissel Kobe,2,0,H,U,2.2,3.27,3.24,9,2.0,2.0,1.0,1.0,4.0,5.0,-1.0,2.0,4.0,-2.0,2.0,1.0,1.0,1.0,0.0,1.0,0.0,0.0,0.0,62.5,12.5,71.4,14.3,D
2017-06-25,2017,Vegalta Sendai,Cerezo Osaka,2,4,A,O,3.32,3.34,2.13,8,2.0,2.0,2.0,1.0,6.0,6.0,0.0,7.0,3.0,4.0,-1.0,3.0,-4.0,1.0,1.0,0.0,2.0,0.0,2.0,42.9,57.1,42.9,28.6,A
2017-06-25,2017,Shimizu S-Pulse,Kofu,1,0,H,U,1.72,3.44,5.05,8,0.0,1.0,3.0,2.0,2.0,2.0,0.0,9.0,5.0,4.0,-7.0,-3.0,-4.0,0.0,0.0,0.0,3.0,1.0,2.0,0.0,71.4,14.3,42.9,D
2017-06-25,2017,Sanfrecce Hiroshima,Omiya Ardija,0,3,A,O,1.75,3.69,4.41,9,0.0,1.0,1.0,3.0,5.0,4.0,1.0,7.0,12.0,-5.0,-2.0,-8.0,6.0,0.0,0.0,0.0,1.0,2.0,-1.0,0.0,50.0,14.3,71.4,D
2017-06-25,2017,Sagan Tosu,Urawa Reds,2,1,H,O,4.52,3.77,1.72,8,3.0,2.0,0.0,2.0,4.0,7.0,-3.0,1.0,3.0,-2.0,3.0,4.0,-1.0,0.0,1.0,-1.0,0.0,0.0,0.0,71.4,14.3,42.9,42.9,D
2017-06-25,2017,Kashiwa Reysol,Hokkaido Consadole Sapporo,2,1,H,O,1.46,4.27,6.63,8,4.0,0.0,0.0,3.0,8.0,2.0,6.0,2.0,7.0,-5.0,6.0,-5.0,11.0,2.0,0.0,2.0,0.0,1.0,-1.0,57.1,42.9,0.0,87.5,H
2017-06-25,2017,Kashima Antlers,Albirex Niigata,2,0,H,U,1.46,4.34,6.53,9,2.0,1.0,2.0,3.0,6.0,3.0,3.0,6.0,9.0,-3.0,0.0,-6.0,6.0,1.0,1.0,0.0,1.0,2.0,-1.0,37.5,62.5,12.5,62.5,D
2017-06-25,2017,Iwata,FC Tokyo,2,0,H,U,3.34,3.35,2.11,8,1.0,3.0,2.0,0.0,5.0,8.0,-3.0,6.0,1.0,5.0,-1.0,7.0,-8.0,1.0,3.0,-2.0,2.0,0.0,2.0,42.9,42.9,57.1,28.6,H
2017-06-25,2017,Gamba Osaka,Kawasaki Frontale,1,1,D,U,2.56,3.39,2.59,8,2.0,2.0,1.0,2.0,10.0,5.0,5.0,2.0,4.0,-2.0,8.0,1.0,7.0,2.0,2.0,0.0,0.0,2.0,-2.0,42.9,14.3,50.0,37.5,D
2017-06-18,2017,Urawa Reds,Iwata,2,4,A,O,1.29,5.44,9.29,7,2.0,1.0,1.0,1.0,13.0,4.0,9.0,6.0,2.0,4.0,7.0,2.0,5.0,1.0,1.0,0.0,0.0,0.0,0.0,66.7,16.7,28.6,28.6,D
2017-06-18,2017,FC Tokyo,Yokohama F. Marinos,0,1,A,U,2.04,3.3,3.62,8,1.0,2.0,2.0,2.0,3.0,4.0,-1.0,4.0,4.0,0.0,-1.0,0.0,-1.0,0.0,1.0,-1.0,0.0,1.0,-1.0,42.9,28.6,33.3,66.7,D
2017-06-17,2017,Vissel Kobe,Gamba Osaka,0,1,A,U,2.79,3.37,2.41,8,0.0,2.0,3.0,1.0,3.0,5.0,-2.0,6.0,5.0,1.0,-3.0,0.0,-3.0,0.0,1.0,-1.0,0.0,1.0,-1.0,28.6,57.1,66.7,16.7,D
2017-06-17,2017,Sagan Tosu,Vegalta Sendai,1,1,D,U,2.23,3.18,3.27,7,4.0,1.0,0.0,1.0,6.0,8.0,-2.0,0.0,6.0,-6.0,6.0,2.0,4.0,1.0,1.0,0.0,0.0,0.0,0.0,83.3,16.7,42.9,28.6,D
2017-06-17,2017,Kofu,Kashiwa Reysol,0,0,D,U,6.15,3.66,1.58,8,0.0,4.0,2.0,0.0,2.0,7.0,-5.0,5.0,2.0,3.0,-3.0,5.0,-8.0,0.0,1.0,-1.0,1.0,0.0,1.0,28.6,42.9,85.7,14.3,D
2017-06-17,2017,Kawasaki Frontale,Sanfrecce Hiroshima,1,0,H,U,1.79,3.68,4.19,6,2.0,2.0,0.0,2.0,8.0,5.0,3.0,4.0,7.0,-3.0,4.0,-2.0,6.0,1.0,0.0,1.0,0.0,1.0,-1.0,40.0,0.0,33.3,66.7,D
2017-06-17,2017,Kashima Antlers,Hokkaido Consadole Sapporo,3,0,H,O,1.42,4.52,7.16,8,1.0,0.0,3.0,3.0,3.0,4.0,-1.0,9.0,7.0,2.0,-6.0,-3.0,-3.0,0.0,0.0,0.0,2.0,0.0,2.0,28.6,71.4,0.0,85.7,H
2017-06-17,2017,Cerezo Osaka,Shimizu S-Pulse,1,1,D,U,1.83,3.43,4.3,8,3.0,1.0,0.0,0.0,13.0,8.0,5.0,4.0,6.0,-2.0,9.0,2.0,7.0,3.0,1.0,2.0,0.0,0.0,0.0,71.4,0.0,42.9,14.3,A
2017-06-17,2017,Albirex Niigata,Omiya Ardija,1,2,A,O,2.28,3.18,3.16,7,1.0,0.0,3.0,3.0,2.0,3.0,-1.0,10.0,12.0,-2.0,-8.0,-9.0,1.0,0.0,0.0,0.0,2.0,2.0,0.0,16.7,83.3,0.0,83.3,A
2017-06-04,2017,Yokohama F. Marinos,Kawasaki Frontale,2,0,H,U,3.05,3.32,2.27,8,2.0,2.0,1.0,1.0,4.0,6.0,-2.0,3.0,3.0,0.0,1.0,3.0,-2.0,0.0,2.0,-2.0,0.0,1.0,-1.0,57.1,14.3,57.1,28.6,D
2017-06-04,2017,Vegalta Sendai,Kofu,3,0,H,O,2.07,3.14,3.74,7,1.0,1.0,3.0,1.0,3.0,3.0,0.0,9.0,3.0,6.0,-6.0,0.0,-6.0,0.0,0.0,0.0,3.0,0.0,3.0,33.3,66.7,16.7,33.3,H
2017-06-04,2017,Shimizu S-Pulse,FC Tokyo,0,2,A,U,3.02,3.34,2.28,7,0.0,2.0,2.0,1.0,3.0,7.0,-4.0,8.0,3.0,5.0,-5.0,4.0,-9.0,0.0,2.0,-2.0,2.0,0.0,2.0,0.0,66.7,50.0,33.3,D
2017-06-04,2017,Sanfrecce Hiroshima,Kashima Antlers,1,3,A,O,3.03,3.28,2.29,8,0.0,4.0,1.0,0.0,4.0,9.0,-5.0,5.0,3.0,2.0,-1.0,6.0,-7.0,0.0,1.0,-1.0,0.0,0.0,0.0,0.0,42.9,100.0,0.0,A
2017-06-04,2017,Omiya Ardija,Sagan Tosu,1,1,D,U,3.23,3.1,2.28,8,2.0,0.0,2.0,3.0,3.0,3.0,0.0,6.0,8.0,-2.0,-3.0,-5.0,2.0,0.0,0.0,0.0,2.0,1.0,1.0,28.6,71.4,0.0,57.1,A
2017-06-04,2017,Kashiwa Reysol,Urawa Reds,1,0,H,U,3.71,3.59,1.92,7,3.0,3.0,1.0,1.0,7.0,10.0,-3.0,4.0,3.0,1.0,3.0,7.0,-4.0,2.0,2.0,0.0,1.0,0.0,1.0,50.0,50.0,50.0,33.3,H
2017-06-04,2017,Iwata,Gamba Osaka,3,0,H,O,3.29,3.29,2.17,7,1.0,3.0,2.0,0.0,4.0,8.0,-4.0,7.0,4.0,3.0,-3.0,4.0,-7.0,0.0,1.0,-1.0,2.0,0.0,2.0,33.3,50.0,80.0,0.0,H
2017-06-04,2017,Hokkaido Consadole Sapporo,Vissel Kobe,1,2,A,O,3.18,3.32,2.2,7,2.0,2.0,1.0,1.0,4.0,5.0,-1.0,4.0,3.0,1.0,0.0,2.0,-2.0,0.0,1.0,-1.0,1.0,0.0,1.0,50.0,16.7,66.7,16.7,D
2017-06-04,2017,Cerezo Osaka,Albirex Niigata,4,0,H,O,1.69,3.59,5.07,7,3.0,1.0,0.0,3.0,11.0,3.0,8.0,4.0,8.0,-4.0,7.0,-5.0,12.0,3.0,1.0,2.0,0.0,2.0,-2.0,66.7,0.0,14.3,57.1,D
2017-05-28,2017,Vissel Kobe,Cerezo Osaka,1,2,A,O,2.89,3.24,2.4,7,0.0,2.0,3.0,1.0,3.0,5.0,-2.0,7.0,2.0,5.0,-4.0,3.0,-7.0,0.0,1.0,-1.0,1.0,0.0,1.0,33.3,50.0,33.3,33.3,D
2017-05-28,2017,Vegalta Sendai,Albirex Niigata,2,1,H,O,2.2,3.22,3.27,6,0.0,1.0,4.0,2.0,1.0,3.0,-2.0,10.0,7.0,3.0,-9.0,-4.0,-5.0,0.0,1.0,-1.0,4.0,2.0,2.0,20.0,80.0,16.7,50.0,D
2017-05-28,2017,FC Tokyo,Kofu,1,1,D,U,1.52,3.78,6.77,7,1.0,1.0,2.0,2.0,5.0,3.0,2.0,6.0,6.0,0.0,-1.0,-3.0,2.0,0.0,0.0,0.0,0.0,1.0,-1.0,50.0,33.3,20.0,40.0,D
2017-05-27,2017,Shimizu S-Pulse,Yokohama F. Marinos,1,3,A,O,2.36,3.25,2.95,6,0.0,1.0,2.0,3.0,4.0,1.0,3.0,8.0,5.0,3.0,-4.0,-4.0,0.0,0.0,0.0,0.0,1.0,2.0,-1.0,0.0,60.0,20.0,80.0,A
2017-05-27,2017,Sanfrecce Hiroshima,Iwata,0,0,D,U,1.66,3.76,4.95,7,0.0,1.0,2.0,2.0,4.0,4.0,0.0,7.0,3.0,4.0,-3.0,1.0,-4.0,0.0,1.0,-1.0,1.0,0.0,1.0,0.0,50.0,33.3,33.3,D
2017-05-27,2017,Sagan Tosu,Hokkaido Consadole Sapporo,1,0,H,U,1.99,3.24,3.86,6,4.0,0.0,0.0,3.0,6.0,4.0,2.0,0.0,8.0,-8.0,6.0,-4.0,10.0,1.0,0.0,1.0,0.0,1.0,-1.0,80.0,20.0,0.0,83.3,H
2017-05-27,2017,Kashiwa Reysol,Omiya Ardija,4,2,H,O,1.57,3.9,5.71,6,2.0,0.0,2.0,3.0,3.0,1.0,2.0,3.0,9.0,-6.0,0.0,-8.0,8.0,1.0,0.0,1.0,1.0,1.0,0.0,40.0,60.0,0.0,80.0,D
2017-05-20,2017,Yokohama F. Marinos,Vegalta Sendai,1,1,D,U,1.96,3.39,3.75,7,2.0,1.0,1.0,2.0,4.0,7.0,-3.0,3.0,12.0,-9.0,1.0,-5.0,6.0,0.0,1.0,-1.0,0.0,1.0,-1.0,66.7,16.7,50.0,33.3,H
2017-05-20,2017,Vissel Kobe,FC Tokyo,1,1,D,U,2.55,3.31,2.65,6,1.0,2.0,3.0,2.0,3.0,6.0,-3.0,6.0,5.0,1.0,-3.0,1.0,-4.0,0.0,2.0,-2.0,1.0,1.0,0.0,40.0,60.0,60.0,40.0,A
2017-05-20,2017,Urawa Reds,Shimizu S-Pulse,3,3,D,O,1.29,5.5,9.09,6,3.0,1.0,1.0,1.0,14.0,6.0,8.0,4.0,6.0,-2.0,10.0,0.0,10.0,2.0,1.0,1.0,0.0,1.0,-1.0,80.0,20.0,50.0,16.7,H
2017-05-20,2017,Omiya Ardija,Cerezo Osaka,0,3,A,O,3.76,3.27,2.01,7,2.0,1.0,2.0,1.0,3.0,3.0,0.0,4.0,3.0,1.0,-1.0,0.0,-1.0,0.0,0.0,0.0,1.0,0.0,1.0,33.3,66.7,20.0,40.0,D
2017-05-20,2017,Kofu,Sanfrecce Hiroshima,1,2,A,O,3.97,3.22,1.97,7,1.0,1.0,1.0,3.0,3.0,4.0,-1.0,3.0,8.0,-5.0,0.0,-4.0,4.0,1.0,0.0,1.0,1.0,1.0,0.0,33.3,33.3,20.0,80.0,D
2017-05-20,2017,Iwata,Kashiwa Reysol,0,2,A,U,3.66,3.37,1.99,6,2.0,4.0,1.0,0.0,7.0,7.0,0.0,6.0,2.0,4.0,1.0,5.0,-4.0,1.0,1.0,0.0,1.0,0.0,1.0,40.0,40.0,83.3,16.7,A
2017-05-20,2017,Gamba Osaka,Sagan Tosu,3,0,H,O,1.83,3.51,4.22,7,1.0,0.0,1.0,2.0,8.0,6.0,2.0,3.0,8.0,-5.0,5.0,-2.0,7.0,1.0,0.0,1.0,0.0,0.0,0.0,33.3,16.7,0.0,50.0,H
2017-05-20,2017,Albirex Niigata,Hokkaido Consadole Sapporo,1,0,H,U,2.42,3.12,2.97,6,0.0,0.0,4.0,3.0,3.0,4.0,-1.0,13.0,10.0,3.0,-10.0,-6.0,-4.0,0.0,0.0,0.0,2.0,2.0,0.0,0.0,100.0,0.0,80.0,D
2017-05-19,2017,Kashima Antlers,Kawasaki Frontale,0,3,A,O,2.21,3.34,3.15,7,1.0,2.0,3.0,1.0,3.0,5.0,-2.0,7.0,3.0,4.0,-4.0,2.0,-6.0,0.0,2.0,-2.0,1.0,1.0,0.0,33.3,66.7,50.0,33.3,A
2017-05-14,2017,Yokohama F. Marinos,Kofu,1,0,H,U,1.68,3.42,5.53,6,2.0,1.0,1.0,1.0,6.0,4.0,2.0,3.0,6.0,-3.0,3.0,-2.0,5.0,1.0,0.0,1.0,0.0,1.0,-1.0,60.0,20.0,25.0,25.0,H
2017-05-14,2017,Shimizu S-Pulse,Sagan Tosu,1,1,D,U,2.33,3.13,3.11,5,0.0,0.0,3.0,3.0,3.0,5.0,-2.0,8.0,8.0,0.0,-5.0,-3.0,-2.0,0.0,0.0,0.0,1.0,0.0,1.0,0.0,75.0,0.0,60.0,H
2017-05-14,2017,Omiya Ardija,Vegalta Sendai,2,1,H,O,2.57,3.13,2.77,6,1.0,2.0,3.0,1.0,2.0,7.0,-5.0,5.0,10.0,-5.0,-3.0,-3.0,0.0,0.0,1.0,-1.0,1.0,1.0,0.0,20.0,80.0,60.0,20.0,A
2017-05-14,2017,Kashima Antlers,Vissel Kobe,1,2,A,O,1.73,3.64,4.59,6,2.0,2.0,2.0,1.0,3.0,5.0,-2.0,5.0,2.0,3.0,-2.0,3.0,-5.0,0.0,2.0,-2.0,1.0,0.0,1.0,40.0,60.0,60.0,20.0,A
2017-05-14,2017,Iwata,Kawasaki Frontale,0,2,A,U,3.91,3.55,1.89,5,2.0,1.0,1.0,2.0,7.0,3.0,4.0,5.0,6.0,-1.0,2.0,-3.0,5.0,1.0,1.0,0.0,0.0,2.0,-2.0,50.0,25.0,40.0,40.0,D
2017-05-14,2017,Hokkaido Consadole Sapporo,Gamba Osaka,0,2,A,U,3.45,3.32,2.08,6,3.0,3.0,0.0,0.0,6.0,9.0,-3.0,3.0,5.0,-2.0,3.0,4.0,-1.0,0.0,1.0,-1.0,0.0,0.0,0.0,60.0,0.0,75.0,0.0,A
2017-05-14,2017,FC Tokyo,Kashiwa Reysol,1,2,A,O,2.12,3.33,3.33,6,2.0,3.0,1.0,1.0,7.0,6.0,1.0,4.0,3.0,1.0,3.0,3.0,0.0,1.0,1.0,0.0,0.0,0.0,0.0,60.0,20.0,80.0,20.0,A
2017-05-14,2017,Cerezo Osaka,Sanfrecce Hiroshima,5,2,H,O,2.32,3.18,3.08,6,3.0,1.0,0.0,3.0,7.0,2.0,5.0,2.0,4.0,-2.0,5.0,-2.0,7.0,2.0,0.0,2.0,0.0,0.0,0.0,60.0,0.0,25.0,75.0,H
2017-05-14,2017,Albirex Niigata,Urawa Reds,1,6,A,O,7.18,4.53,1.41,5,0.0,2.0,4.0,1.0,2.0,5.0,-3.0,9.0,3.0,6.0,-7.0,2.0,-9.0,0.0,1.0,-1.0,2.0,0.0,2.0,0.0,100.0,40.0,40.0,A
2017-05-07,2017,Vegalta Sendai,FC Tokyo,0,2,A,U,3.91,3.41,1.93,5,1.0,2.0,3.0,2.0,2.0,5.0,-3.0,8.0,5.0,3.0,-6.0,0.0,-6.0,0.0,1.0,-1.0,3.0,1.0,2.0,25.0,75.0,50.0,50.0,A
2017-05-07,2017,Sagan Tosu,Yokohama F. Marinos,1,0,H,U,2.52,3.1,2.84,5,3.0,1.0,1.0,3.0,6.0,1.0,5.0,3.0,5.0,-2.0,3.0,-4.0,7.0,1.0,0.0,1.0,1.0,2.0,-1.0,75.0,25.0,25.0,75.0,H
2017-05-07,2017,Kofu,Iwata,0,0,D,U,3.34,3.03,2.27,6,2.0,2.0,1.0,2.0,4.0,6.0,-2.0,3.0,4.0,-1.0,1.0,2.0,-1.0,1.0,1.0,0.0,1.0,0.0,1.0,40.0,40.0,40.0,40.0,D
2017-05-06,2017,Sanfrecce Hiroshima,Vissel Kobe,1,1,D,U,2.25,3.32,3.08,6,0.0,3.0,3.0,1.0,3.0,5.0,-2.0,7.0,1.0,6.0,-4.0,4.0,-8.0,0.0,2.0,-2.0,1.0,0.0,1.0,0.0,60.0,75.0,25.0,A
2017-05-06,2017,Kashiwa Reysol,Cerezo Osaka,1,0,H,U,2.43,3.16,2.94,5,1.0,1.0,3.0,1.0,3.0,4.0,-1.0,6.0,5.0,1.0,-3.0,-1.0,-2.0,1.0,0.0,1.0,2.0,1.0,1.0,25.0,75.0,25.0,25.0,D
2017-05-06,2017,Hokkaido Consadole Sapporo,Omiya Ardija,1,0,H,U,2.33,3.18,3.05,5,2.0,0.0,0.0,3.0,6.0,1.0,5.0,4.0,10.0,-6.0,2.0,-9.0,11.0,0.0,0.0,0.0,0.0,2.0,-2.0,50.0,0.0,0.0,75.0,D
2017-05-05,2017,Kawasaki Frontale,Albirex Niigata,3,0,H,O,1.73,3.67,4.63,5,1.0,1.0,0.0,2.0,6.0,4.0,2.0,5.0,6.0,-1.0,1.0,-2.0,3.0,0.0,1.0,-1.0,0.0,1.0,-1.0,25.0,0.0,20.0,40.0,H
2017-05-05,2017,Gamba Osaka,Shimizu S-Pulse,1,1,D,U,1.71,3.78,4.57,6,2.0,2.0,1.0,1.0,10.0,7.0,3.0,2.0,5.0,-3.0,8.0,2.0,6.0,2.0,2.0,0.0,0.0,1.0,-1.0,40.0,20.0,60.0,20.0,D
2017-05-04,2017,Urawa Reds,Kashima Antlers,0,1,A,U,1.86,3.66,3.84,5,4.0,4.0,0.0,0.0,17.0,9.0,8.0,4.0,3.0,1.0,13.0,6.0,7.0,3.0,1.0,2.0,0.0,0.0,0.0,100.0,0.0,100.0,0.0,A
2017-04-30,2017,Yokohama F. Marinos,Gamba Osaka,0,1,A,U,2.52,3.32,2.69,5,3.0,,0.0,,9.0,,,4.0,,,5.0,,,1.0,,,0.0,,,75.0,0.0,66.7,0.0,D
2017-04-30,2017,Vissel Kobe,Kofu,0,1,A,U,1.57,3.72,6.2,5,2.0,,2.0,,5.0,,,6.0,,,-1.0,,,0.0,,,1.0,,,50.0,50.0,0.0,33.3,A
2017-04-30,2017,Shimizu S-Pulse,Vegalta Sendai,0,3,A,O,2.03,3.38,3.55,4,,2.0,,1.0,,5.0,,,10.0,,,-5.0,,,0.0,,,1.0,,0.0,66.7,50.0,25.0,D
2017-04-30,2017,Omiya Ardija,Urawa Reds,1,0,H,U,9.46,4.98,1.32,5,0.0,2.0,4.0,1.0,1.0,7.0,-6.0,7.0,5.0,2.0,-6.0,2.0,-8.0,0.0,1.0,-1.0,2.0,0.0,2.0,0.0,100.0,50.0,25.0,D
2017-04-30,2017,Kashima Antlers,Sagan Tosu,2,1,H,O,1.53,3.89,6.38,5,1.0,0.0,3.0,2.0,1.0,5.0,-4.0,5.0,7.0,-2.0,-4.0,-2.0,-2.0,0.0,0.0,0.0,1.0,0.0,1.0,25.0,75.0,0.0,50.0,H
2017-04-30,2017,Iwata,Hokkaido Consadole Sapporo,2,2,D,O,2.3,3.22,3.07,4,,0.0,,4.0,,2.0,,,9.0,,,-7.0,,,0.0,,,2.0,,66.7,33.3,0.0,100.0,A
2017-04-30,2017,FC Tokyo,Sanfrecce Hiroshima,1,0,H,U,1.99,3.42,3.65,5,2.0,,1.0,,8.0,,,4.0,,,4.0,,,2.0,,,0.0,,,50.0,25.0,33.3,66.7,D
2017-04-30,2017,Cerezo Osaka,Kawasaki Frontale,2,0,H,U,2.29,3.26,3.07,5,2.0,2.0,0.0,1.0,5.0,5.0,0.0,2.0,4.0,-2.0,3.0,1.0,2.0,1.0,2.0,-1.0,0.0,1.0,-1.0,50.0,0.0,50.0,25.0,D
2017-04-30,2017,Albirex Niigata,Kashiwa Reysol,0,1,A,U,3.35,3.22,2.17,4,,3.0,,1.0,,8.0,,,4.0,,,4.0,,,2.0,,,0.0,,0.0,100.0,75.0,25.0,A
2017-04-22,2017,Urawa Reds,Hokkaido Consadole Sapporo,3,2,H,O,1.26,5.62,10.48,4,,,,,,,,,,,,,,,,,,,,100.0,0.0,0.0,100.0,H
2017-04-22,2017,Sanfrecce Hiroshima,Vegalta Sendai,3,3,D,O,1.65,3.72,5.17,5,0.0,,3.0,,1.0,,,5.0,,,-4.0,,,0.0,,,1.0,,,0.0,75.0,66.7,33.3,D
2017-04-22,2017,Sagan Tosu,Vissel Kobe,1,0,H,U,2.75,3.1,2.61,4,,,,,,,,,,,,,,,,,,,,66.7,33.3,100.0,0.0,H
2017-04-22,2017,Kofu,Cerezo Osaka,1,1,D,U,3.8,3.02,2.1,5,2.0,,2.0,,3.0,,,3.0,,,0.0,,,1.0,,,1.0,,,50.0,50.0,33.3,33.3,D
2017-04-22,2017,Kashiwa Reysol,Yokohama F. Marinos,2,0,H,U,2.33,3.17,3.09,4,,,,,,,,,,,,,,,,,,,,0.0,100.0,33.3,66.7,H
2017-04-22,2017,Kashima Antlers,Iwata,0,3,A,O,1.44,4.23,7.17,4,,1.0,,2.0,,3.0,,,4.0,,,-1.0,,,0.0,,,0.0,,33.3,66.7,25.0,50.0,A
2017-04-22,2017,Albirex Niigata,FC Tokyo,0,3,A,O,3.73,3.35,1.99,3,,,,,,,,,,,,,,,,,,,,0.0,100.0,33.3,66.7,A
2017-04-21,2017,Kawasaki Frontale,Shimizu S-Pulse,2,2,D,O,2.01,3.42,3.58,4,,3.0,,1.0,,6.0,,,3.0,,,3.0,,,2.0,,,1.0,,33.3,0.0,75.0,25.0,A
2017-04-21,2017,Gamba Osaka,Omiya Ardija,6,0,H,O,1.83,3.5,4.25,5,1.0,,1.0,,5.0,,,3.0,,,2.0,,,1.0,,,0.0,,,25.0,25.0,0.0,66.7,H
2017-04-16,2017,Vissel Kobe,Kashiwa Reysol,1,2,A,O,2.27,3.34,3.03,4,,,,,,,,,,,,,,,,,,,,66.7,33.3,66.7,33.3,D
2017-04-16,2017,Vegalta Sendai,Kashima Antlers,1,4,A,O,5.0,3.6,1.69,4,,,,,,,,,,,,,,,,,,,,33.3,66.7,100.0,0.0,A
2017-04-16,2017,Shimizu S-Pulse,Omiya Ardija,1,1,D,U,2.13,3.25,3.42,3,,,,,,,,,,,,,,,,,,,,0.0,100.0,0.0,100.0,A
2017-04-16,2017,Sanfrecce Hiroshima,Yokohama F. Marinos,0,1,A,U,2.31,3.31,2.99,4,,,,,,,,,,,,,,,,,,,,0.0,66.7,0.0,100.0,A
2017-04-16,2017,Kofu,Albirex Niigata,0,2,A,U,2.74,2.99,2.7,4,,0.0,,2.0,,3.0,,,7.0,,,-4.0,,,0.0,,,1.0,,66.7,33.3,0.0,50.0,A
2017-04-16,2017,Iwata,Sagan Tosu,2,1,H,O,2.97,3.11,2.42,3,,,,,,,,,,,,,,,,,,,,50.0,50.0,0.0,33.3,D
2017-04-16,2017,Hokkaido Consadole Sapporo,Kawasaki Frontale,1,1,D,U,3.82,3.46,1.92,4,,,,,,,,,,,,,,,,,,,,66.7,0.0,66.7,33.3,D
2017-04-16,2017,FC Tokyo,Urawa Reds,0,1,A,U,4.31,3.78,1.75,4,,,,,,,,,,,,,,,,,,,,66.7,0.0,33.3,33.3,A
2017-04-16,2017,Cerezo Osaka,Gamba Osaka,2,2,D,O,2.72,3.22,2.55,4,,,,,,,,,,,,,,,,,,,,66.7,0.0,100.0,0.0,D
2017-04-08,2017,Yokohama F. Marinos,Iwata,2,1,H,O,1.72,3.66,4.68,4,,,,,,,,,,,,,,,,,,,,66.7,0.0,33.3,33.3,D
2017-04-08,2017,Sagan Tosu,Albirex Niigata,3,0,H,O,2.03,3.15,3.84,3,,,,,,,,,,,,,,,,,,,,50.0,50.0,0.0,33.3,H
2017-04-08,2017,Omiya Ardija,Vissel Kobe,0,2,A,U,2.9,3.2,2.43,4,,,,,,,,,,,,,,,,,,,,0.0,100.0,100.0,0.0,A
2017-04-08,2017,Kawasaki Frontale,Kofu,1,1,D,U,1.56,3.8,6.15,3,,,,,,,,,,,,,,,,,,,,50.0,0.0,0.0,50.0,D
2017-04-08,2017,Kashiwa Reysol,Shimizu S-Pulse,0,2,A,U,1.87,3.51,4.02,3,,,,,,,,,,,,,,,,,,,,0.0,100.0,66.7,33.3,D
2017-04-08,2017,Kashima Antlers,Cerezo Osaka,0,1,A,U,1.62,3.75,5.49,3,,,,,,,,,,,,,,,,,,,,50.0,50.0,0.0,50.0,D
2017-04-08,2017,Hokkaido Consadole Sapporo,FC Tokyo,2,1,H,O,4.61,3.59,1.75,3,,,,,,,,,,,,,,,,,,,,50.0,0.0,50.0,50.0,D
2017-04-07,2017,Urawa Reds,Vegalta Sendai,7,0,H,O,1.29,5.22,9.7,3,,,,,,,,,,,,,,,,,,,,100.0,0.0,100.0,0.0,H
2017-04-07,2017,Gamba Osaka,Sanfrecce Hiroshima,0,1,A,U,2.06,3.51,3.36,4,,,,,,,,,,,,,,,,,,,,33.3,0.0,0.0,100.0,D
2017-04-02,2017,Kofu,Hokkaido Consadole Sapporo,2,0,H,U,2.59,2.97,2.89,3,,,,,,,,,,,,,,,,,,,,50.0,50.0,0.0,100.0,H
2017-04-01,2017,Vissel Kobe,Urawa Reds,1,3,A,O,4.69,3.94,1.66,3,,,,,,,,,,,,,,,,,,,,100.0,0.0,0.0,50.0,D
2017-04-01,2017,Vegalta Sendai,Kawasaki Frontale,0,2,A,U,3.52,3.41,2.03,3,,,,,,,,,,,,,,,,,,,,50.0,50.0,50.0,50.0,A
2017-04-01,2017,Sanfrecce Hiroshima,Kashiwa Reysol,0,2,A,U,2.24,3.45,3.01,3,,,,,,,,,,,,,,,,,,,,0.0,50.0,50.0,50.0,A
2017-04-01,2017,Omiya Ardija,Kashima Antlers,0,1,A,U,4.77,3.53,1.74,3,,,,,,,,,,,,,,,,,,,,0.0,100.0,100.0,0.0,D
2017-04-01,2017,Iwata,Shimizu S-Pulse,3,1,H,O,2.9,3.14,2.46,2,,,,,,,,,,,,,,,,,,,,0.0,100.0,100.0,0.0,H
2017-04-01,2017,FC Tokyo,Sagan Tosu,3,3,D,O,1.71,3.43,5.22,3,,,,,,,,,,,,,,,,,,,,100.0,0.0,0.0,50.0,A
2017-04-01,2017,Cerezo Osaka,Yokohama F. Marinos,2,0,H,U,3.0,3.29,2.31,3,,,,,,,,,,,,,,,,,,,,50.0,0.0,0.0,100.0,D
2017-04-01,2017,Albirex Niigata,Gamba Osaka,2,3,A,O,3.27,3.36,2.15,2,,,,,,,,,,,,,,,,,,,,0.0,100.0,100.0,0.0,D
2017-03-19,2017,Gamba Osaka,Urawa Reds,1,1,D,U,3.83,3.7,1.86,3,,,,,,,,,,,,,,,,,,,,50.0,0.0,0.0,100.0,D
2017-03-18,2017,Yokohama F. Marinos,Albirex Niigata,1,1,D,U,1.76,3.52,4.61,3,,,,,,,,,,,,,,,,,,,,100.0,0.0,0.0,50.0,D
2017-03-18,2017,Vissel Kobe,Iwata,1,0,H,U,1.72,3.73,4.6,2,,,,,,,,,,,,,,,,,,,,100.0,0.0,50.0,0.0,D
2017-03-18,2017,Shimizu S-Pulse,Kashima Antlers,2,3,A,O,3.94,3.45,1.9,2,,,,,,,,,,,,,,,,,,,,0.0,100.0,100.0,0.0,H
2017-03-18,2017,Kofu,Omiya Ardija,1,0,H,U,3.23,3.0,2.35,2,,,,,,,,,,,,,,,,,,,,0.0,100.0,0.0,100.0,D
2017-03-18,2017,Kashiwa Reysol,Vegalta Sendai,0,1,A,U,1.76,3.57,4.5,2,,,,,,,,,,,,,,,,,,,,0.0,100.0,100.0,0.0,D
2017-03-18,2017,Hokkaido Consadole Sapporo,Sanfrecce Hiroshima,2,1,H,O,4.12,3.52,1.84,2,,,,,,,,,,,,,,,,,,,,0.0,0.0,0.0,100.0,
2017-03-18,2017,FC Tokyo,Kawasaki Frontale,3,0,H,O,2.36,3.31,2.9,2,,,,,,,,,,,,,,,,,,,,100.0,0.0,100.0,0.0,D
2017-03-18,2017,Cerezo Osaka,Sagan Tosu,1,0,H,U,2.71,3.0,2.73,2,,,,,,,,,,,,,,,,,,,,0.0,0.0,0.0,0.0,D
2017-03-11,2017,Vegalta Sendai,Vissel Kobe,0,2,A,U,2.87,3.23,2.43,2,,,,,,,,,,,,,,,,,,,,100.0,0.0,100.0,0.0,D
2017-03-11,2017,Sagan Tosu,Sanfrecce Hiroshima,1,0,H,U,3.08,3.19,2.32,2,,,,,,,,,,,,,,,,,,,,0.0,100.0,,,H
2017-03-11,2017,Omiya Ardija,Iwata,1,2,A,O,2.04,3.2,3.76,2,,,,,,,,,,,,,,,,,,,,0.0,100.0,0.0,0.0,A
2017-03-11,2017,Hokkaido Consadole Sapporo,Cerezo Osaka,1,1,D,U,2.84,3.09,2.53,1,,,,,,,,,,,,,,,,,,,,,,0.0,100.0,A
2017-03-11,2017,Gamba Osaka,FC Tokyo,3,0,H,O,2.6,3.21,2.67,2,,,,,,,,,,,,,,,,,,,,0.0,0.0,100.0,0.0,H
2017-03-11,2017,Albirex Niigata,Shimizu S-Pulse,0,2,A,U,2.5,3.11,2.87,1,,,,,,,,,,,,,,,,,,,,,,100.0,0.0,D
2017-03-10,2017,Urawa Reds,Kofu,4,1,H,O,1.26,5.37,11.39,2,,,,,,,,,,,,,,,,,,,,100.0,0.0,0.0,0.0,D
2017-03-10,2017,Kawasaki Frontale,Kashiwa Reysol,2,1,H,O,2.29,3.41,2.95,2,,,,,,,,,,,,,,,,,,,,0.0,0.0,100.0,0.0,H
2017-03-10,2017,Kashima Antlers,Yokohama F. Marinos,1,0,H,U,1.86,3.49,4.07,2,,,,,,,,,,,,,,,,,,,,0.0,100.0,,,D
2017-03-05,2017,Kawasaki Frontale,Sagan Tosu,1,1,D,U,1.95,3.39,3.8,1,,,,,,,,,,,,,,,,,,,,,,,,D
2017-03-05,2017,Kashiwa Reysol,Gamba Osaka,1,3,A,O,2.15,3.34,3.24,1,,,,,,,,,,,,,,,,,,,,,,,,A
2017-03-04,2017,Yokohama F. Marinos,Hokkaido Consadole Sapporo,3,0,H,O,1.51,3.9,6.63,2,,,,,,,,,,,,,,,,,,,,100.0,0.0,0.0,100.0,D
2017-03-04,2017,Vissel Kobe,Albirex Niigata,2,1,H,O,1.96,3.37,3.76,1,,,,,,,,,,,,,,,,,,,,,,0.0,0.0,H
2017-03-04,2017,Urawa Reds,Cerezo Osaka,3,1,H,O,1.41,4.49,7.28,1,,,,,,,,,,,,,,,,,,,,,,,,H
2017-03-04,2017,Sanfrecce Hiroshima,Shimizu S-Pulse,0,1,A,U,1.66,3.84,4.85,2,,,,,,,,,,,,,,,,,,,,0.0,0.0,,,D
2017-03-04,2017,Kofu,Kashima Antlers,0,1,A,U,6.1,3.69,1.57,1,,,,,,,,,,,,,,,,,,,,,,,,D
2017-03-04,2017,Iwata,Vegalta Sendai,0,1,A,U,2.68,3.16,2.62,1,,,,,,,,,,,,,,,,,,,,,,,,D
2017-03-04,2017,FC Tokyo,Omiya Ardija,2,0,H,U,1.83,3.43,4.25,1,,,,,,,,,,,,,,,,,,,,,,,,D
2017-02-26,2017,Gamba Osaka,Kofu,1,1,D,U,1.49,4.01,6.72,1,,,,,,,,,,,,,,,,,,,,,,,,D
2017-02-25,2017,Yokohama F. Marinos,Urawa Reds,3,2,H,O,3.78,3.56,1.91,1,,,,,,,,,,,,,,,,,,,,,,,,H
2017-02-25,2017,Vegalta Sendai,Hokkaido Consadole Sapporo,1,0,H,U,2.15,3.15,3.46,1,,,,,,,,,,,,,,,,,,,,,,,,D
2017-02-25,2017,Shimizu S-Pulse,Vissel Kobe,0,1,A,U,2.69,3.35,2.5,1,,,,,,,,,,,,,,,,,,,,,,,,D
2017-02-25,2017,Sanfrecce Hiroshima,Albirex Niigata,1,1,D,U,1.58,3.91,5.56,1,,,,,,,,,,,,,,,,,,,,,,,,D
2017-02-25,2017,Sagan Tosu,Kashiwa Reysol,1,3,A,O,2.66,3.03,2.74,1,,,,,,,,,,,,,,,,,,,,,,,,H
2017-02-25,2017,Omiya Ardija,Kawasaki Frontale,0,2,A,U,3.32,3.41,2.1,1,,,,,,,,,,,,,,,,,,,,,,,,D
2017-02-25,2017,Kashima Antlers,FC Tokyo,0,1,A,U,1.79,3.59,4.3,1,,,,,,,,,,,,,,,,,,,,,,,,D
2017-02-25,2017,Cerezo Osaka,Iwata,0,0,D,U,2.03,3.25,3.71,1,,,,,,,,,,,,,,,,,,,,,,,,D
2016-12-03,2016,Urawa Reds,Kashima Antlers,1,2,A,O,2.16,3.36,3.25,18,3.0,2.0,0.0,2.0,10.0,4.0,6.0,1.0,4.0,-3.0,9.0,0.0,9.0,3.0,1.0,2.0,0.0,1.0,-1.0,64.7,17.6,50.0,22.2,D
2016-11-29,2016,Kashima Antlers,Urawa Reds,0,1,A,U,3.04,3.22,2.32,18,1.0,3.0,3.0,1.0,4.0,7.0,-3.0,5.0,4.0,1.0,-1.0,3.0,-4.0,1.0,1.0,0.0,1.0,0.0,1.0,58.8,41.2,70.6,17.6,D
2016-11-23,2016,Kawasaki Frontale,Kashima Antlers,0,1,A,U,2.82,3.33,2.41,18,3.0,1.0,1.0,2.0,10.0,5.0,5.0,6.0,6.0,0.0,4.0,-1.0,5.0,2.0,1.0,1.0,0.0,1.0,-1.0,64.7,17.6,47.1,23.5,D
2016-11-03,2016,Vegalta Sendai,Iwata,0,1,A,U,2.36,3.16,3.01,17,1.0,1.0,3.0,2.0,4.0,6.0,-2.0,5.0,9.0,-4.0,-1.0,-3.0,2.0,1.0,0.0,1.0,1.0,1.0,0.0,43.8,56.2,25.0,43.8,A
2016-11-03,2016,Urawa Reds,Yokohama F. Marinos,1,1,D,U,1.37,4.71,7.63,17,3.0,2.0,1.0,1.0,10.0,9.0,1.0,2.0,5.0,-3.0,8.0,4.0,4.0,3.0,1.0,2.0,0.0,0.0,0.0,68.8,18.8,50.0,25.0,D
2016-11-03,2016,Omiya Ardija,FC Tokyo,0,1,A,U,2.35,3.31,2.91,17,3.0,1.0,0.0,1.0,9.0,6.0,3.0,6.0,8.0,-2.0,3.0,-2.0,5.0,0.0,0.0,0.0,0.0,1.0,-1.0,37.5,18.8,31.2,43.8,A
2016-11-03,2016,Nagoya Grampus,Shonan Bellmare,1,3,A,O,1.59,3.96,5.27,17,1.0,0.0,1.0,3.0,8.0,2.0,6.0,5.0,7.0,-2.0,3.0,-5.0,8.0,1.0,0.0,1.0,1.0,1.0,0.0,25.0,50.0,18.8,50.0,A
2016-11-03,2016,Kofu,Sagan Tosu,0,1,A,U,2.54,3.22,2.73,17,1.0,1.0,1.0,1.0,4.0,5.0,-1.0,7.0,6.0,1.0,-3.0,-1.0,-2.0,0.0,0.0,0.0,1.0,1.0,0.0,18.8,43.8,31.2,43.8,D
2016-11-03,2016,Kawasaki Frontale,Gamba Osaka,2,3,A,O,1.95,3.68,3.5,17,3.0,2.0,1.0,1.0,10.0,7.0,3.0,8.0,8.0,0.0,2.0,-1.0,3.0,2.0,1.0,1.0,1.0,1.0,0.0,68.8,12.5,50.0,31.2,H
2016-11-03,2016,Kashima Antlers,Vissel Kobe,0,1,A,U,1.77,3.84,4.08,17,2.0,3.0,2.0,1.0,5.0,9.0,-4.0,4.0,7.0,-3.0,1.0,2.0,-1.0,1.0,1.0,0.0,1.0,1.0,0.0,62.5,37.5,37.5,50.0,D
2016-11-03,2016,Avispa Fukuoka,Kashiwa Reysol,0,4,A,O,4.76,3.96,1.64,17,0.0,1.0,4.0,1.0,5.0,8.0,-3.0,11.0,7.0,4.0,-6.0,1.0,-7.0,0.0,1.0,-1.0,1.0,1.0,0.0,12.5,62.5,37.5,25.0,A
2016-11-03,2016,Albirex Niigata,Sanfrecce Hiroshima,0,1,A,U,2.94,3.44,2.27,17,1.0,2.0,3.0,2.0,4.0,5.0,-1.0,5.0,7.0,-2.0,-1.0,-2.0,1.0,1.0,1.0,0.0,1.0,2.0,-1.0,25.0,50.0,43.8,31.2,A
2016-10-29,2016,Vissel Kobe,Nagoya Grampus,3,0,H,O,2.32,3.45,2.84,17,3.0,2.0,0.0,2.0,10.0,4.0,6.0,3.0,6.0,-3.0,7.0,-2.0,9.0,2.0,0.0,2.0,0.0,2.0,-2.0,50.0,18.8,18.8,50.0,H
2016-10-29,2016,Shonan Bellmare,Kofu,1,0,H,U,3.12,3.22,2.26,17,0.0,2.0,3.0,2.0,2.0,4.0,-2.0,6.0,4.0,2.0,-4.0,0.0,-4.0,0.0,0.0,0.0,1.0,0.0,1.0,12.5,81.2,25.0,50.0,D
2016-10-29,2016,Sanfrecce Hiroshima,Avispa Fukuoka,4,1,H,O,1.3,5.27,8.93,17,1.0,1.0,3.0,3.0,2.0,3.0,-1.0,3.0,11.0,-8.0,-1.0,-8.0,7.0,1.0,1.0,0.0,0.0,3.0,-3.0,43.8,37.5,12.5,68.8,H
2016-10-29,2016,Sagan Tosu,Yokohama F. Marinos,2,2,D,O,2.55,3.16,2.75,17,2.0,2.0,2.0,2.0,6.0,7.0,-1.0,6.0,4.0,2.0,0.0,3.0,-3.0,0.0,1.0,-1.0,0.0,0.0,0.0,37.5,31.2,53.3,26.7,H
2016-10-29,2016,Kashiwa Reysol,Omiya Ardija,1,2,A,O,2.17,3.42,3.13,17,3.0,2.0,1.0,0.0,8.0,7.0,1.0,4.0,4.0,0.0,4.0,3.0,1.0,2.0,1.0,1.0,0.0,0.0,0.0,50.0,31.2,50.0,25.0,A
2016-10-29,2016,Kashima Antlers,Kawasaki Frontale,0,1,A,U,2.6,3.5,2.47,16,2.0,1.0,2.0,3.0,5.0,4.0,1.0,4.0,8.0,-4.0,1.0,-4.0,5.0,1.0,0.0,1.0,1.0,1.0,0.0,66.7,33.3,62.5,18.8,D
2016-10-29,2016,Iwata,Urawa Reds,0,1,A,U,6.19,4.29,1.48,17,0.0,3.0,2.0,1.0,5.0,8.0,-3.0,7.0,4.0,3.0,-2.0,4.0,-6.0,0.0,2.0,-2.0,0.0,0.0,0.0,18.8,37.5,68.8,18.8,D
2016-10-29,2016,Gamba Osaka,Albirex Niigata,3,1,H,O,1.93,3.48,3.74,17,2.0,1.0,1.0,3.0,7.0,3.0,4.0,6.0,6.0,0.0,1.0,-3.0,4.0,0.0,0.0,0.0,0.0,1.0,-1.0,43.8,31.2,25.0,62.5,D
2016-10-29,2016,FC Tokyo,Vegalta Sendai,1,0,H,U,1.89,3.5,3.89,17,3.0,2.0,1.0,1.0,7.0,6.0,1.0,4.0,5.0,-1.0,3.0,1.0,2.0,1.0,0.0,1.0,1.0,0.0,1.0,50.0,31.2,37.5,37.5,H
2016-10-22,2016,Yokohama F. Marinos,Gamba Osaka,2,2,D,O,2.31,3.31,2.95,17,1.0,3.0,0.0,1.0,6.0,7.0,-1.0,4.0,6.0,-2.0,2.0,1.0,1.0,1.0,2.0,-1.0,0.0,1.0,-1.0,31.2,31.2,53.3,33.3,D
2016-10-22,2016,Vegalta Sendai,Vissel Kobe,3,0,H,O,3.16,3.5,2.13,16,1.0,3.0,3.0,1.0,5.0,9.0,-4.0,7.0,5.0,2.0,-2.0,4.0,-6.0,1.0,1.0,0.0,1.0,0.0,1.0,40.0,60.0,40.0,46.7,H
2016-10-22,2016,Omiya Ardija,Shonan Bellmare,3,2,H,O,1.73,3.59,4.68,16,3.0,0.0,0.0,3.0,7.0,1.0,6.0,4.0,8.0,-4.0,3.0,-7.0,10.0,0.0,0.0,0.0,0.0,2.0,-2.0,33.3,20.0,20.0,46.7,H
2016-10-22,2016,Nagoya Grampus,Iwata,1,1,D,U,1.96,3.59,3.51,16,1.0,1.0,2.0,2.0,7.0,6.0,1.0,6.0,9.0,-3.0,1.0,-3.0,4.0,1.0,0.0,1.0,2.0,1.0,1.0,26.7,53.3,26.7,46.7,H
2016-10-22,2016,Kawasaki Frontale,Sanfrecce Hiroshima,2,0,H,U,1.95,3.69,3.48,16,3.0,3.0,1.0,1.0,12.0,7.0,5.0,8.0,6.0,2.0,4.0,1.0,3.0,2.0,1.0,1.0,1.0,1.0,0.0,66.7,13.3,46.7,26.7,D
2016-10-22,2016,Kashiwa Reysol,Sagan Tosu,2,3,A,O,1.89,3.5,3.9,16,3.0,0.0,1.0,2.0,7.0,3.0,4.0,3.0,6.0,-3.0,4.0,-3.0,7.0,2.0,0.0,2.0,0.0,1.0,-1.0,53.3,26.7,26.7,46.7,A
2016-10-22,2016,FC Tokyo,Kashima Antlers,2,1,H,O,3.13,3.37,2.19,16,3.0,2.0,1.0,1.0,8.0,6.0,2.0,5.0,5.0,0.0,3.0,1.0,2.0,1.0,1.0,0.0,1.0,1.0,0.0,46.7,33.3,50.0,18.8,H
2016-10-22,2016,Avispa Fukuoka,Kofu,1,2,A,O,3.27,3.17,2.22,16,0.0,1.0,3.0,3.0,5.0,2.0,3.0,10.0,7.0,3.0,-5.0,-5.0,0.0,0.0,0.0,0.0,1.0,1.0,0.0,13.3,60.0,20.0,53.3,H
2016-10-22,2016,Albirex Niigata,Urawa Reds,1,2,A,O,4.7,3.76,1.69,16,2.0,3.0,2.0,1.0,4.0,8.0,-4.0,3.0,3.0,0.0,1.0,5.0,-4.0,1.0,3.0,-2.0,1.0,0.0,1.0,26.7,46.7,66.7,20.0,D
2016-10-01,2016,Vissel Kobe,Kawasaki Frontale,3,0,H,O,3.08,3.63,2.12,16,3.0,2.0,0.0,2.0,8.0,7.0,1.0,3.0,7.0,-4.0,5.0,0.0,5.0,1.0,0.0,1.0,0.0,0.0,0.0,46.7,20.0,66.7,13.3,H
2016-10-01,2016,Urawa Reds,Gamba Osaka,4,0,H,O,1.71,3.83,4.41,16,3.0,3.0,1.0,1.0,10.0,9.0,1.0,3.0,5.0,-2.0,7.0,4.0,3.0,3.0,2.0,1.0,0.0,0.0,0.0,66.7,20.0,57.1,28.6,H
2016-10-01,2016,Shonan Bellmare,Kashiwa Reysol,0,0,D,U,3.87,3.55,1.88,16,0.0,2.0,4.0,1.0,4.0,10.0,-6.0,9.0,8.0,1.0,-5.0,2.0,-7.0,0.0,1.0,-1.0,1.0,1.0,0.0,13.3,86.7,40.0,26.7,D
2016-10-01,2016,Sanfrecce Hiroshima,FC Tokyo,0,1,A,U,1.76,3.73,4.23,16,2.0,1.0,2.0,1.0,4.0,6.0,-2.0,2.0,8.0,-6.0,2.0,-2.0,4.0,2.0,0.0,2.0,0.0,1.0,-1.0,46.7,33.3,26.7,46.7,D
2016-10-01,2016,Sagan Tosu,Vegalta Sendai,2,3,A,O,1.76,3.39,4.83,16,3.0,1.0,1.0,1.0,5.0,4.0,1.0,3.0,4.0,-1.0,2.0,0.0,2.0,0.0,0.0,0.0,0.0,0.0,0.0,40.0,26.7,33.3,40.0,A
2016-10-01,2016,Nagoya Grampus,Avispa Fukuoka,5,0,H,O,1.82,3.58,4.13,15,0.0,1.0,3.0,3.0,3.0,3.0,0.0,9.0,7.0,2.0,-6.0,-4.0,-2.0,0.0,1.0,-1.0,3.0,2.0,1.0,21.4,57.1,13.3,66.7,H
2016-10-01,2016,Kofu,Yokohama F. Marinos,0,4,A,O,3.87,3.18,2.0,16,1.0,2.0,1.0,2.0,4.0,5.0,-1.0,5.0,5.0,0.0,-1.0,0.0,-1.0,0.0,0.0,0.0,1.0,0.0,1.0,20.0,40.0,50.0,28.6,A
2016-10-01,2016,Kashima Antlers,Omiya Ardija,1,3,A,O,1.57,3.97,5.53,15,2.0,1.0,2.0,1.0,5.0,4.0,1.0,3.0,4.0,-1.0,2.0,0.0,2.0,1.0,0.0,1.0,0.0,0.0,0.0,71.4,28.6,46.7,26.7,A
2016-10-01,2016,Iwata,Albirex Niigata,1,2,A,O,2.92,3.18,2.41,16,0.0,1.0,2.0,3.0,4.0,3.0,1.0,7.0,6.0,1.0,-3.0,-3.0,0.0,0.0,0.0,0.0,1.0,1.0,0.0,20.0,33.3,20.0,66.7,D
2016-09-25,2016,Vegalta Sendai,Nagoya Grampus,1,2,A,O,2.55,3.29,2.68,15,2.0,1.0,2.0,2.0,5.0,2.0,3.0,5.0,5.0,0.0,0.0,-3.0,3.0,1.0,0.0,1.0,1.0,2.0,-1.0,42.9,57.1,13.3,53.3,A
2016-09-25,2016,Urawa Reds,Sanfrecce Hiroshima,3,0,H,O,1.82,3.7,3.99,15,2.0,3.0,1.0,1.0,9.0,7.0,2.0,5.0,4.0,1.0,4.0,3.0,1.0,2.0,1.0,1.0,0.0,0.0,0.0,64.3,21.4,50.0,21.4,H
2016-09-25,2016,Omiya Ardija,Sagan Tosu,1,1,D,U,2.74,3.04,2.64,15,3.0,1.0,1.0,2.0,7.0,5.0,2.0,5.0,7.0,-2.0,2.0,-2.0,4.0,0.0,0.0,0.0,0.0,1.0,-1.0,35.7,21.4,28.6,50.0,A
2016-09-25,2016,Kawasaki Frontale,Yokohama F. Marinos,3,2,H,O,2.07,3.44,3.35,15,3.0,2.0,1.0,1.0,10.0,5.0,5.0,6.0,4.0,2.0,4.0,1.0,3.0,2.0,0.0,2.0,1.0,0.0,1.0,64.3,14.3,53.8,23.1,H
2016-09-25,2016,Kashiwa Reysol,Kofu,1,0,H,U,1.52,3.91,6.31,15,3.0,2.0,1.0,2.0,9.0,5.0,4.0,5.0,7.0,-2.0,4.0,-2.0,6.0,2.0,1.0,1.0,0.0,1.0,-1.0,50.0,28.6,21.4,50.0,D
2016-09-25,2016,Iwata,Shonan Bellmare,0,0,D,U,2.6,3.21,2.65,15,0.0,0.0,3.0,4.0,5.0,1.0,4.0,9.0,9.0,0.0,-4.0,-8.0,4.0,0.0,0.0,0.0,1.0,2.0,-1.0,21.4,35.7,21.4,50.0,D
2016-09-25,2016,Gamba Osaka,FC Tokyo,3,3,D,O,1.98,3.41,3.68,16,3.0,1.0,1.0,2.0,5.0,3.0,2.0,3.0,6.0,-3.0,2.0,-3.0,5.0,0.0,0.0,0.0,0.0,1.0,-1.0,46.7,33.3,28.6,50.0,D
2016-09-25,2016,Avispa Fukuoka,Vissel Kobe,1,4,A,O,3.57,3.47,1.98,15,0.0,2.0,3.0,2.0,6.0,5.0,1.0,9.0,6.0,3.0,-3.0,-1.0,-2.0,0.0,0.0,0.0,0.0,1.0,-1.0,14.3,57.1,35.7,50.0,A
2016-09-25,2016,Albirex Niigata,Kashima Antlers,0,2,A,U,3.54,3.43,2.0,15,2.0,1.0,2.0,2.0,4.0,4.0,0.0,2.0,6.0,-4.0,2.0,-2.0,4.0,1.0,0.0,1.0,0.0,1.0,-1.0,28.6,42.9,46.7,20.0,D
2016-09-17,2016,Yokohama F. Marinos,Albirex Niigata,3,1,H,O,2.17,3.2,3.35,16,0.0,1.0,0.0,3.0,4.0,4.0,0.0,4.0,6.0,-2.0,0.0,-2.0,2.0,0.0,0.0,0.0,0.0,0.0,0.0,26.7,33.3,21.4,64.3,H
2016-09-17,2016,Vissel Kobe,Kashiwa Reysol,1,1,D,U,2.83,3.42,2.34,15,4.0,3.0,0.0,1.0,9.0,10.0,-1.0,2.0,7.0,-5.0,7.0,3.0,4.0,2.0,1.0,1.0,0.0,1.0,-1.0,50.0,21.4,42.9,28.6,A
2016-09-17,2016,Shonan Bellmare,Avispa Fukuoka,0,2,A,U,1.99,3.34,3.68,15,0.0,0.0,4.0,3.0,4.0,1.0,3.0,9.0,7.0,2.0,-5.0,-6.0,1.0,0.0,0.0,0.0,1.0,2.0,-1.0,14.3,85.7,7.1,71.4,A
2016-09-17,2016,Sagan Tosu,Sanfrecce Hiroshima,2,3,A,O,2.67,3.18,2.58,15,3.0,2.0,0.0,1.0,3.0,7.0,-4.0,0.0,5.0,-5.0,3.0,2.0,1.0,0.0,1.0,-1.0,0.0,0.0,0.0,42.9,21.4,46.2,23.1,A
2016-09-17,2016,Omiya Ardija,Kawasaki Frontale,3,2,H,O,4.29,3.67,1.76,14,2.0,2.0,1.0,1.0,4.0,6.0,-2.0,3.0,5.0,-2.0,1.0,1.0,0.0,0.0,0.0,0.0,0.0,0.0,0.0,30.8,23.1,71.4,7.1,
2016-09-17,2016,Nagoya Grampus,Gamba Osaka,1,3,A,O,3.7,3.53,1.93,14,0.0,2.0,3.0,1.0,2.0,6.0,-4.0,9.0,4.0,5.0,-7.0,2.0,-9.0,0.0,1.0,-1.0,3.0,0.0,3.0,23.1,53.8,53.8,30.8,D
2016-09-17,2016,Kofu,Vegalta Sendai,1,1,D,U,3.05,2.98,2.44,15,1.0,2.0,1.0,1.0,6.0,5.0,1.0,7.0,4.0,3.0,-1.0,1.0,-2.0,0.0,0.0,0.0,1.0,0.0,1.0,21.4,42.9,35.7,42.9,D
2016-09-17,2016,Kashima Antlers,Iwata,3,0,H,O,1.4,4.75,6.73,14,2.0,1.0,2.0,1.0,5.0,6.0,-1.0,3.0,6.0,-3.0,2.0,0.0,2.0,1.0,0.0,1.0,0.0,0.0,0.0,69.2,30.8,28.6,42.9,H
2016-09-17,2016,FC Tokyo,Urawa Reds,1,3,A,O,3.82,3.48,1.91,15,3.0,3.0,1.0,1.0,7.0,7.0,0.0,3.0,3.0,0.0,4.0,4.0,0.0,1.0,2.0,-1.0,0.0,0.0,0.0,50.0,28.6,64.3,21.4,D
2016-09-10,2016,Vegalta Sendai,Yokohama F. Marinos,0,1,A,U,3.03,3.21,2.31,14,2.0,2.0,2.0,1.0,5.0,7.0,-2.0,5.0,4.0,1.0,0.0,3.0,-3.0,1.0,1.0,0.0,1.0,0.0,1.0,46.2,53.8,50.0,25.0,D
2016-09-10,2016,Urawa Reds,Sagan Tosu,2,0,H,U,1.71,3.6,4.83,14,2.0,2.0,1.0,1.0,9.0,7.0,2.0,5.0,5.0,0.0,4.0,2.0,2.0,2.0,1.0,1.0,0.0,0.0,0.0,61.5,23.1,30.8,46.2,H
2016-09-10,2016,Sanfrecce Hiroshima,Omiya Ardija,0,1,A,U,1.82,3.65,4.07,15,2.0,0.0,1.0,1.0,6.0,5.0,1.0,3.0,6.0,-3.0,3.0,-1.0,4.0,2.0,0.0,2.0,0.0,0.0,0.0,50.0,28.6,42.9,28.6,D
2016-09-10,2016,Kawasaki Frontale,Avispa Fukuoka,3,1,H,O,1.32,5.1,8.61,14,3.0,0.0,1.0,3.0,10.0,0.0,10.0,7.0,7.0,0.0,3.0,-7.0,10.0,1.0,0.0,1.0,1.0,2.0,-1.0,61.5,15.4,7.7,69.2,H
2016-09-10,2016,Kashiwa Reysol,Kashima Antlers,2,0,H,U,3.14,3.49,2.14,14,2.0,1.0,1.0,1.0,10.0,7.0,3.0,8.0,7.0,1.0,2.0,0.0,2.0,1.0,0.0,1.0,0.0,0.0,0.0,46.2,30.8,50.0,14.3,D
2016-09-10,2016,Iwata,Vissel Kobe,3,4,A,O,2.76,3.44,2.39,14,0.0,1.0,2.0,3.0,3.0,3.0,0.0,6.0,6.0,0.0,-3.0,-3.0,0.0,0.0,0.0,0.0,1.0,1.0,0.0,23.1,30.8,30.8,53.8,D
2016-09-10,2016,Gamba Osaka,Kofu,2,1,H,O,1.51,4.01,6.35,15,2.0,2.0,1.0,2.0,3.0,4.0,-1.0,2.0,6.0,-4.0,1.0,-2.0,3.0,0.0,1.0,-1.0,0.0,1.0,-1.0,42.9,35.7,23.1,46.2,D
2016-09-10,2016,FC Tokyo,Shonan Bellmare,3,0,H,O,1.92,3.35,4.01,14,3.0,0.0,1.0,4.0,5.0,1.0,4.0,3.0,8.0,-5.0,2.0,-7.0,9.0,0.0,0.0,0.0,0.0,2.0,-2.0,46.2,30.8,23.1,46.2,H
2016-09-10,2016,Albirex Niigata,Nagoya Grampus,0,1,A,U,1.98,3.43,3.63,14,2.0,0.0,2.0,2.0,5.0,1.0,4.0,3.0,5.0,-2.0,2.0,-4.0,6.0,1.0,0.0,1.0,0.0,2.0,-2.0,30.8,38.5,7.1,57.1,A
2016-08-27,2016,Yokohama F. Marinos,Kashima Antlers,2,2,D,O,3.12,3.25,2.26,15,1.0,2.0,0.0,1.0,5.0,9.0,-4.0,4.0,7.0,-3.0,1.0,2.0,-1.0,0.0,1.0,-1.0,0.0,0.0,0.0,28.6,35.7,53.8,15.4,D
2016-08-27,2016,Vissel Kobe,Urawa Reds,2,1,H,O,3.72,3.57,1.92,14,3.0,4.0,0.0,0.0,9.0,7.0,2.0,3.0,1.0,2.0,6.0,6.0,0.0,2.0,2.0,0.0,0.0,0.0,0.0,46.2,23.1,69.2,15.4,
2016-08-27,2016,Vegalta Sendai,Sanfrecce Hiroshima,0,2,A,U,3.68,3.53,1.94,13,2.0,2.0,2.0,1.0,5.0,8.0,-3.0,6.0,5.0,1.0,-1.0,3.0,-4.0,1.0,1.0,0.0,1.0,0.0,1.0,50.0,50.0,41.7,25.0,A
2016-08-27,2016,Shonan Bellmare,Gamba Osaka,1,2,A,O,3.19,3.36,2.18,14,0.0,2.0,4.0,1.0,3.0,7.0,-4.0,10.0,4.0,6.0,-7.0,3.0,-10.0,0.0,2.0,-2.0,2.0,0.0,2.0,15.4,84.6,50.0,33.3,D
2016-08-27,2016,Sagan Tosu,Albirex Niigata,1,0,H,U,2.06,3.13,3.76,14,3.0,1.0,0.0,3.0,5.0,4.0,1.0,2.0,6.0,-4.0,3.0,-2.0,5.0,0.0,0.0,0.0,0.0,0.0,0.0,38.5,23.1,23.1,61.5,D
2016-08-27,2016,Nagoya Grampus,FC Tokyo,1,1,D,U,3.57,3.34,2.04,13,0.0,1.0,3.0,3.0,2.0,3.0,-1.0,9.0,7.0,2.0,-7.0,-4.0,-3.0,0.0,0.0,0.0,3.0,1.0,2.0,25.0,58.3,30.8,53.8,H
2016-08-27,2016,Kofu,Omiya Ardija,2,2,D,O,3.14,3.03,2.37,14,1.0,0.0,1.0,1.0,4.0,4.0,0.0,5.0,5.0,0.0,-1.0,-1.0,0.0,0.0,0.0,0.0,1.0,0.0,1.0,23.1,46.2,46.2,30.8,D
2016-08-27,2016,Kawasaki Frontale,Kashiwa Reysol,2,5,A,O,1.72,3.88,4.33,13,4.0,2.0,0.0,2.0,10.0,5.0,5.0,2.0,7.0,-5.0,8.0,-2.0,10.0,2.0,0.0,2.0,0.0,2.0,-2.0,66.7,8.3,38.5,30.8,A
2016-08-24,2016,Avispa Fukuoka,Iwata,2,3,A,O,2.86,3.25,2.42,14,1.0,0.0,2.0,2.0,6.0,3.0,3.0,7.0,7.0,0.0,-1.0,-4.0,3.0,0.0,0.0,0.0,0.0,1.0,-1.0,15.4,53.8,23.1,46.2,D
2016-08-20,2016,Urawa Reds,Kawasaki Frontale,1,2,A,O,1.98,3.53,3.54,13,3.0,2.0,0.0,1.0,11.0,7.0,4.0,4.0,4.0,0.0,7.0,3.0,4.0,3.0,1.0,2.0,0.0,0.0,0.0,66.7,16.7,69.2,7.7,D
2016-08-20,2016,Sanfrecce Hiroshima,Kofu,0,1,A,U,1.36,4.66,8.29,14,2.0,1.0,1.0,3.0,8.0,4.0,4.0,6.0,8.0,-2.0,2.0,-4.0,6.0,2.0,1.0,1.0,1.0,1.0,0.0,53.8,23.1,16.7,50.0,D
2016-08-20,2016,Omiya Ardija,Vegalta Sendai,2,1,H,O,2.47,3.11,2.89,13,2.0,2.0,1.0,1.0,3.0,5.0,-2.0,2.0,5.0,-3.0,1.0,0.0,1.0,0.0,0.0,0.0,0.0,1.0,-1.0,25.0,25.0,38.5,38.5,H
2016-08-20,2016,Kashiwa Reysol,Nagoya Grampus,3,1,H,O,1.82,3.61,4.08,13,2.0,0.0,1.0,2.0,8.0,0.0,8.0,7.0,5.0,2.0,1.0,-5.0,6.0,0.0,0.0,0.0,0.0,2.0,-2.0,41.7,33.3,7.7,53.8,D
2016-08-20,2016,Kashima Antlers,Shonan Bellmare,1,0,H,U,1.4,4.55,7.33,13,1.0,1.0,3.0,3.0,5.0,2.0,3.0,6.0,7.0,-1.0,-1.0,-5.0,4.0,1.0,0.0,1.0,1.0,2.0,-1.0,66.7,33.3,25.0,41.7,D
2016-08-20,2016,Iwata,Sagan Tosu,1,1,D,U,3.2,3.13,2.28,13,0.0,2.0,2.0,1.0,3.0,8.0,-5.0,6.0,6.0,0.0,-3.0,2.0,-5.0,0.0,1.0,-1.0,1.0,0.0,1.0,25.0,33.3,33.3,50.0,A
2016-08-20,2016,Gamba Osaka,Vissel Kobe,0,1,A,U,1.99,3.49,3.56,14,3.0,1.0,0.0,3.0,6.0,5.0,1.0,2.0,6.0,-4.0,4.0,-1.0,5.0,1.0,1.0,0.0,0.0,1.0,-1.0,46.2,30.8,25.0,58.3,A
2016-08-20,2016,FC Tokyo,Yokohama F. Marinos,1,0,H,U,2.58,3.08,2.79,13,2.0,2.0,1.0,0.0,5.0,8.0,-3.0,4.0,4.0,0.0,1.0,4.0,-3.0,0.0,1.0,-1.0,0.0,0.0,0.0,41.7,33.3,54.5,18.2,H
2016-08-20,2016,Albirex Niigata,Avispa Fukuoka,3,0,H,O,1.74,3.46,4.83,13,1.0,0.0,3.0,3.0,2.0,0.0,2.0,4.0,6.0,-2.0,-2.0,-6.0,4.0,0.0,0.0,0.0,0.0,2.0,-2.0,25.0,41.7,8.3,66.7,D
2016-08-14,2016,Avispa Fukuoka,Kashima Antlers,1,2,A,O,6.09,4.21,1.5,13,1.0,2.0,2.0,1.0,6.0,9.0,-3.0,7.0,7.0,0.0,-1.0,2.0,-3.0,0.0,1.0,-1.0,0.0,0.0,0.0,16.7,50.0,50.0,16.7,A
2016-08-13,2016,Yokohama F. Marinos,Omiya Ardija,1,1,D,U,1.72,3.52,4.9,14,2.0,0.0,0.0,2.0,7.0,3.0,4.0,3.0,6.0,-3.0,4.0,-3.0,7.0,1.0,0.0,1.0,0.0,1.0,-1.0,30.8,38.5,50.0,33.3,D
2016-08-13,2016,Vissel Kobe,FC Tokyo,4,1,H,O,2.61,3.15,2.69,13,2.0,1.0,1.0,3.0,6.0,4.0,2.0,4.0,6.0,-2.0,2.0,-2.0,4.0,1.0,0.0,1.0,0.0,0.0,0.0,41.7,25.0,33.3,50.0,A
2016-08-13,2016,Vegalta Sendai,Kashiwa Reysol,4,2,H,O,2.83,3.24,2.45,12,2.0,2.0,2.0,1.0,3.0,4.0,-1.0,5.0,4.0,1.0,-2.0,0.0,-2.0,0.0,0.0,0.0,1.0,1.0,0.0,45.5,54.5,41.7,25.0,H
2016-08-13,2016,Shonan Bellmare,Sanfrecce Hiroshima,1,2,A,O,4.19,3.62,1.8,13,1.0,1.0,3.0,1.0,3.0,7.0,-4.0,8.0,5.0,3.0,-5.0,2.0,-7.0,0.0,1.0,-1.0,2.0,0.0,2.0,16.7,83.3,36.4,27.3,D
2016-08-13,2016,Sagan Tosu,Kawasaki Frontale,1,0,H,U,3.11,3.24,2.27,13,3.0,3.0,0.0,0.0,6.0,10.0,-4.0,3.0,3.0,0.0,3.0,7.0,-4.0,0.0,2.0,-2.0,0.0,0.0,0.0,33.3,25.0,75.0,0.0,D
2016-08-13,2016,Nagoya Grampus,Urawa Reds,0,2,A,U,5.13,3.98,1.6,12,0.0,4.0,3.0,0.0,2.0,7.0,-5.0,8.0,2.0,6.0,-6.0,5.0,-11.0,0.0,1.0,-1.0,2.0,0.0,2.0,27.3,54.5,66.7,16.7,A
2016-08-13,2016,Kofu,Albirex Niigata,1,0,H,U,3.77,3.25,2.01,13,0.0,1.0,2.0,2.0,3.0,5.0,-2.0,8.0,6.0,2.0,-5.0,-1.0,-4.0,0.0,0.0,0.0,2.0,0.0,2.0,16.7,50.0,25.0,58.3,H
2016-08-13,2016,Iwata,Gamba Osaka,0,2,A,U,3.23,3.43,2.13,12,1.0,1.0,1.0,2.0,6.0,6.0,0.0,4.0,6.0,-2.0,2.0,0.0,2.0,1.0,1.0,0.0,0.0,0.0,0.0,27.3,27.3,45.5,36.4,D
2016-08-06,2016,Urawa Reds,Shonan Bellmare,4,1,H,O,1.42,4.41,7.23,12,3.0,1.0,0.0,2.0,10.0,2.0,8.0,5.0,4.0,1.0,5.0,-2.0,7.0,2.0,0.0,2.0,0.0,1.0,-1.0,63.6,18.2,27.3,36.4,H
2016-08-06,2016,Sanfrecce Hiroshima,Nagoya Grampus,2,0,H,U,1.48,4.37,6.03,13,2.0,0.0,1.0,2.0,9.0,0.0,9.0,6.0,4.0,2.0,3.0,-4.0,7.0,2.0,0.0,2.0,1.0,1.0,0.0,50.0,25.0,8.3,50.0,H
2016-08-06,2016,Omiya Ardija,Avispa Fukuoka,1,0,H,U,2.02,3.28,3.7,12,1.0,0.0,1.0,3.0,3.0,0.0,3.0,3.0,6.0,-3.0,0.0,-6.0,6.0,0.0,0.0,0.0,0.0,2.0,-2.0,18.2,27.3,9.1,63.6,D
2016-08-06,2016,Kawasaki Frontale,Kofu,4,0,H,O,1.3,5.08,10.01,12,4.0,1.0,0.0,3.0,7.0,4.0,3.0,2.0,8.0,-6.0,5.0,-4.0,9.0,1.0,1.0,0.0,0.0,1.0,-1.0,63.6,9.1,18.2,45.5,H
2016-08-06,2016,Kashiwa Reysol,Yokohama F. Marinos,1,2,A,O,2.92,3.23,2.39,12,2.0,2.0,0.0,0.0,8.0,7.0,1.0,6.0,3.0,3.0,2.0,4.0,-2.0,0.0,1.0,-1.0,0.0,0.0,0.0,45.5,27.3,50.0,20.0,D
2016-08-06,2016,Kashima Antlers,Vegalta Sendai,0,1,A,U,1.46,4.29,6.64,12,2.0,1.0,2.0,2.0,7.0,4.0,3.0,5.0,8.0,-3.0,2.0,-4.0,6.0,2.0,0.0,2.0,1.0,2.0,-1.0,72.7,27.3,33.3,41.7,A
2016-08-06,2016,Gamba Osaka,Sagan Tosu,2,1,H,O,2.27,3.17,3.19,13,2.0,2.0,0.0,1.0,7.0,7.0,0.0,4.0,5.0,-1.0,3.0,2.0,1.0,1.0,1.0,0.0,0.0,0.0,0.0,41.7,33.3,36.4,45.5,D
2016-08-06,2016,FC Tokyo,Iwata,3,2,H,O,1.82,3.44,4.36,12,1.0,0.0,1.0,2.0,3.0,1.0,2.0,3.0,5.0,-2.0,0.0,-4.0,4.0,0.0,0.0,0.0,0.0,1.0,-1.0,36.4,36.4,25.0,41.7,D
2016-08-06,2016,Albirex Niigata,Vissel Kobe,1,0,H,U,2.39,3.25,2.9,12,1.0,1.0,3.0,3.0,2.0,6.0,-4.0,4.0,8.0,-4.0,-2.0,-2.0,0.0,0.0,1.0,-1.0,0.0,2.0,-2.0,18.2,45.5,27.3,54.5,H
2016-07-30,2016,Yokohama F. Marinos,Nagoya Grampus,0,0,D,U,1.61,3.89,5.2,13,2.0,0.0,1.0,2.0,7.0,3.0,4.0,4.0,7.0,-3.0,3.0,-4.0,7.0,1.0,0.0,1.0,0.0,1.0,-1.0,33.3,41.7,9.1,54.5,D
2016-07-30,2016,Vissel Kobe,Omiya Ardija,1,0,H,U,1.8,3.57,4.3,12,1.0,0.0,1.0,2.0,6.0,3.0,3.0,5.0,6.0,-1.0,1.0,-3.0,4.0,1.0,0.0,1.0,0.0,1.0,-1.0,36.4,27.3,54.5,27.3,D
2016-07-30,2016,Shonan Bellmare,Kawasaki Frontale,2,3,A,O,5.48,4.02,1.57,12,2.0,2.0,2.0,0.0,3.0,9.0,-6.0,6.0,3.0,3.0,-3.0,6.0,-9.0,0.0,2.0,-2.0,2.0,0.0,2.0,18.2,81.8,72.7,0.0,A
2016-07-30,2016,Sagan Tosu,Kashima Antlers,1,0,H,U,3.29,3.28,2.17,12,2.0,3.0,0.0,0.0,5.0,11.0,-6.0,3.0,6.0,-3.0,2.0,5.0,-3.0,0.0,2.0,-2.0,0.0,0.0,0.0,27.3,27.3,54.5,9.1,H
2016-07-30,2016,Kofu,Urawa Reds,0,2,A,U,7.42,4.3,1.42,12,0.0,3.0,2.0,1.0,3.0,7.0,-4.0,9.0,6.0,3.0,-6.0,1.0,-7.0,0.0,0.0,0.0,2.0,1.0,1.0,18.2,45.5,63.6,18.2,A
2016-07-30,2016,Iwata,Kashiwa Reysol,1,2,A,O,2.53,3.24,2.73,11,1.0,1.0,0.0,2.0,5.0,2.0,3.0,2.0,6.0,-4.0,3.0,-4.0,7.0,1.0,0.0,1.0,0.0,2.0,-2.0,30.0,20.0,36.4,27.3,H
2016-07-30,2016,Gamba Osaka,Sanfrecce Hiroshima,1,0,H,U,2.66,3.52,2.43,12,2.0,1.0,0.0,0.0,7.0,8.0,-1.0,4.0,5.0,-1.0,3.0,3.0,0.0,1.0,1.0,0.0,0.0,0.0,0.0,36.4,36.4,40.0,20.0,D
2016-07-30,2016,Avispa Fukuoka,Vegalta Sendai,1,1,D,U,2.98,3.15,2.39,12,1.0,2.0,2.0,2.0,7.0,5.0,2.0,8.0,7.0,1.0,-1.0,-2.0,1.0,0.0,1.0,-1.0,0.0,2.0,-2.0,18.2,54.5,36.4,45.5,A
2016-07-30,2016,Albirex Niigata,FC Tokyo,0,1,A,U,2.83,3.14,2.5,11,2.0,1.0,2.0,3.0,3.0,4.0,-1.0,3.0,6.0,-3.0,0.0,-2.0,2.0,0.0,0.0,0.0,0.0,0.0,0.0,20.0,40.0,27.3,54.5,D
2016-07-23,2016,Yokohama F. Marinos,Iwata,1,1,D,U,1.76,3.6,4.52,12,2.0,0.0,2.0,3.0,6.0,0.0,6.0,5.0,5.0,0.0,1.0,-5.0,6.0,1.0,0.0,1.0,1.0,1.0,0.0,36.4,45.5,27.3,45.5,H
2016-07-23,2016,Vegalta Sendai,Shonan Bellmare,1,0,H,U,2.18,3.2,3.34,11,2.0,1.0,2.0,1.0,6.0,5.0,1.0,7.0,6.0,1.0,-1.0,-1.0,0.0,1.0,0.0,1.0,1.0,1.0,0.0,40.0,60.0,30.0,30.0,D
2016-07-23,2016,Sanfrecce Hiroshima,Vissel Kobe,2,0,H,U,1.89,3.7,3.69,12,2.0,1.0,1.0,2.0,11.0,6.0,5.0,8.0,6.0,2.0,3.0,0.0,3.0,2.0,1.0,1.0,1.0,1.0,0.0,45.5,27.3,30.0,50.0,H
2016-07-23,2016,Omiya Ardija,Albirex Niigata,1,2,A,O,2.84,3.18,2.48,11,1.0,0.0,0.0,3.0,4.0,5.0,-1.0,3.0,9.0,-6.0,1.0,-4.0,5.0,0.0,0.0,0.0,0.0,1.0,-1.0,20.0,20.0,18.2,63.6,H
2016-07-23,2016,Nagoya Grampus,Kofu,1,3,A,O,2.02,3.22,3.76,11,0.0,0.0,3.0,4.0,3.0,2.0,1.0,8.0,10.0,-2.0,-5.0,-8.0,3.0,0.0,0.0,0.0,1.0,2.0,-1.0,30.0,50.0,10.0,50.0,
2016-07-23,2016,Kawasaki Frontale,FC Tokyo,1,0,H,U,2.0,3.35,3.67,11,4.0,1.0,0.0,3.0,9.0,6.0,3.0,3.0,8.0,-5.0,6.0,-2.0,8.0,2.0,0.0,2.0,0.0,0.0,0.0,60.0,10.0,30.0,50.0,D
2016-07-23,2016,Kashiwa Reysol,Gamba Osaka,3,2,H,O,2.64,3.25,2.6,11,1.0,1.0,1.0,2.0,5.0,4.0,1.0,6.0,4.0,2.0,-1.0,0.0,-1.0,0.0,1.0,-1.0,1.0,0.0,1.0,40.0,30.0,50.0,30.0,D
2016-07-23,2016,Kashima Antlers,Urawa Reds,1,2,A,O,2.28,3.38,2.97,11,3.0,2.0,1.0,2.0,10.0,5.0,5.0,3.0,6.0,-3.0,7.0,-1.0,8.0,3.0,0.0,3.0,1.0,1.0,0.0,80.0,20.0,60.0,20.0,D
2016-07-23,2016,Avispa Fukuoka,Sagan Tosu,2,3,A,O,3.56,3.16,2.11,11,1.0,2.0,1.0,1.0,5.0,5.0,0.0,5.0,3.0,2.0,0.0,2.0,-2.0,0.0,1.0,-1.0,0.0,0.0,0.0,20.0,50.0,30.0,50.0,D
2016-07-17,2016,Vissel Kobe,Shonan Bellmare,2,0,H,U,1.75,3.63,4.51,11,0.0,1.0,2.0,1.0,4.0,5.0,-1.0,6.0,5.0,1.0,-2.0,0.0,-2.0,0.0,0.0,0.0,0.0,0.0,0.0,30.0,30.0,33.3,22.2,H
2016-07-17,2016,Urawa Reds,Omiya Ardija,2,2,D,O,1.36,4.68,8.22,11,3.0,1.0,1.0,2.0,8.0,2.0,6.0,5.0,4.0,1.0,3.0,-2.0,5.0,2.0,0.0,2.0,1.0,1.0,0.0,70.0,20.0,60.0,30.0,D
2016-07-17,2016,Sanfrecce Hiroshima,Yokohama F. Marinos,2,2,D,O,2.06,3.49,3.34,11,2.0,2.0,2.0,1.0,10.0,5.0,5.0,9.0,2.0,7.0,1.0,3.0,-2.0,2.0,1.0,1.0,2.0,0.0,2.0,50.0,30.0,55.6,22.2,A
2016-07-17,2016,Sagan Tosu,Nagoya Grampus,0,0,D,U,1.83,3.41,4.29,11,2.0,0.0,0.0,2.0,5.0,3.0,2.0,3.0,7.0,-4.0,2.0,-4.0,6.0,0.0,0.0,0.0,0.0,1.0,-1.0,30.0,30.0,10.0,60.0,D
2016-07-17,2016,Kofu,Kashima Antlers,3,3,D,O,8.42,4.62,1.36,11,1.0,4.0,2.0,0.0,1.0,11.0,-10.0,6.0,5.0,1.0,-5.0,6.0,-11.0,0.0,2.0,-2.0,2.0,0.0,2.0,20.0,50.0,60.0,10.0,A
2016-07-17,2016,Iwata,Kawasaki Frontale,1,1,D,U,4.15,3.66,1.8,10,2.0,3.0,0.0,0.0,7.0,10.0,-3.0,2.0,2.0,0.0,5.0,8.0,-3.0,2.0,3.0,-1.0,0.0,0.0,0.0,33.3,22.2,80.0,0.0,D
2016-07-17,2016,Gamba Osaka,Avispa Fukuoka,0,0,D,U,1.47,4.18,6.62,11,2.0,0.0,0.0,4.0,10.0,2.0,8.0,7.0,9.0,-2.0,3.0,-7.0,10.0,1.0,0.0,1.0,0.0,2.0,-2.0,40.0,40.0,10.0,70.0,D
2016-07-17,2016,FC Tokyo,Kashiwa Reysol,0,1,A,U,2.2,3.25,3.25,11,2.0,0.0,0.0,2.0,4.0,1.0,3.0,2.0,6.0,-4.0,2.0,-5.0,7.0,0.0,0.0,0.0,0.0,2.0,-2.0,40.0,30.0,30.0,30.0,D
2016-07-17,2016,Albirex Niigata,Vegalta Sendai,1,2,A,O,2.31,3.21,3.05,10,2.0,2.0,1.0,2.0,2.0,4.0,-2.0,1.0,6.0,-5.0,1.0,-2.0,3.0,0.0,1.0,-1.0,0.0,2.0,-2.0,22.2,33.3,30.0,50.0,D
2016-07-13,2016,Yokohama F. Marinos,Vissel Kobe,3,2,H,O,2.0,3.43,3.59,11,2.0,1.0,2.0,1.0,6.0,6.0,0.0,3.0,5.0,-2.0,3.0,1.0,2.0,2.0,1.0,1.0,1.0,1.0,0.0,30.0,50.0,33.3,44.4,A
2016-07-13,2016,Vegalta Sendai,Urawa Reds,0,1,A,U,5.17,3.97,1.6,10,2.0,1.0,2.0,2.0,6.0,4.0,2.0,7.0,6.0,1.0,-1.0,-2.0,1.0,1.0,0.0,1.0,1.0,1.0,0.0,44.4,55.6,55.6,22.2,D
2016-07-13,2016,Shonan Bellmare,Sagan Tosu,0,2,A,U,2.93,3.08,2.47,11,2.0,1.0,2.0,1.0,3.0,3.0,0.0,5.0,3.0,2.0,-2.0,0.0,-2.0,0.0,0.0,0.0,1.0,0.0,1.0,20.0,80.0,22.2,55.6,A
2016-07-13,2016,Omiya Ardija,Gamba Osaka,0,0,D,U,3.55,3.38,2.03,10,1.0,2.0,1.0,2.0,4.0,7.0,-3.0,4.0,5.0,-1.0,0.0,2.0,-2.0,0.0,2.0,-2.0,0.0,0.0,0.0,22.2,22.2,55.6,33.3,D
2016-07-13,2016,Kofu,Iwata,0,0,D,U,3.1,3.12,2.34,10,1.0,0.0,2.0,4.0,3.0,1.0,2.0,8.0,7.0,1.0,-5.0,-6.0,1.0,0.0,0.0,0.0,2.0,1.0,1.0,22.2,55.6,30.0,50.0,D
2016-07-13,2016,Kawasaki Frontale,Albirex Niigata,3,2,H,O,1.52,4.16,5.87,10,3.0,0.0,0.0,2.0,7.0,3.0,4.0,2.0,6.0,-4.0,5.0,-3.0,8.0,2.0,0.0,2.0,0.0,1.0,-1.0,55.6,11.1,20.0,60.0,
2016-07-13,2016,Kashiwa Reysol,Sanfrecce Hiroshima,3,3,D,O,2.85,3.36,2.38,10,2.0,2.0,1.0,0.0,5.0,9.0,-4.0,5.0,2.0,3.0,0.0,7.0,-7.0,0.0,2.0,-2.0,1.0,0.0,1.0,44.4,33.3,44.4,22.2,A
2016-07-13,2016,Kashima Antlers,Nagoya Grampus,3,0,H,O,1.39,4.77,7.08,10,3.0,0.0,1.0,2.0,8.0,4.0,4.0,3.0,6.0,-3.0,5.0,-2.0,7.0,2.0,0.0,2.0,1.0,0.0,1.0,77.8,22.2,11.1,55.6,H
2016-07-13,2016,Avispa Fukuoka,FC Tokyo,2,1,H,O,4.18,3.38,1.87,10,0.0,1.0,2.0,2.0,3.0,5.0,-2.0,8.0,6.0,2.0,-5.0,-1.0,-4.0,0.0,0.0,0.0,1.0,0.0,1.0,11.1,55.6,33.3,44.4,D
2016-07-09,2016,Yokohama F. Marinos,Avispa Fukuoka,3,0,H,O,1.55,3.81,6.17,10,1.0,0.0,2.0,4.0,5.0,2.0,3.0,5.0,8.0,-3.0,0.0,-6.0,6.0,1.0,0.0,1.0,1.0,2.0,-1.0,22.2,55.6,11.1,66.7,H
2016-07-09,2016,Vissel Kobe,Sagan Tosu,2,2,D,O,2.23,3.21,3.21,10,1.0,1.0,2.0,2.0,6.0,1.0,5.0,5.0,4.0,1.0,1.0,-3.0,4.0,1.0,0.0,1.0,0.0,1.0,-1.0,33.3,33.3,25.0,62.5,D
2016-07-09,2016,Urawa Reds,Kashiwa Reysol,2,0,H,U,1.6,3.95,5.23,10,2.0,1.0,1.0,1.0,6.0,3.0,3.0,5.0,4.0,1.0,1.0,-1.0,2.0,1.0,1.0,0.0,1.0,1.0,0.0,66.7,22.2,33.3,22.2,H
2016-07-09,2016,Sanfrecce Hiroshima,Kashima Antlers,2,4,A,O,2.66,3.38,2.5,10,2.0,3.0,1.0,0.0,8.0,8.0,0.0,5.0,4.0,1.0,3.0,4.0,-1.0,2.0,1.0,1.0,1.0,0.0,1.0,55.6,22.2,55.6,11.1,
2016-07-09,2016,Nagoya Grampus,Kawasaki Frontale,0,3,A,O,4.64,3.92,1.67,10,0.0,2.0,3.0,0.0,3.0,7.0,-4.0,6.0,2.0,4.0,-3.0,5.0,-8.0,0.0,2.0,-2.0,0.0,0.0,0.0,33.3,44.4,77.8,0.0,A
2016-07-09,2016,Iwata,Omiya Ardija,1,1,D,U,2.34,3.25,2.98,9,2.0,2.0,0.0,2.0,7.0,2.0,5.0,2.0,3.0,-1.0,5.0,-1.0,6.0,2.0,0.0,2.0,0.0,1.0,-1.0,37.5,25.0,66.7,33.3,D
2016-07-09,2016,Gamba Osaka,Vegalta Sendai,3,1,H,O,1.84,3.54,4.09,10,2.0,2.0,0.0,1.0,9.0,4.0,5.0,7.0,4.0,3.0,2.0,0.0,2.0,0.0,1.0,-1.0,0.0,1.0,-1.0,33.3,44.4,33.3,44.4,H
2016-07-09,2016,FC Tokyo,Kofu,1,0,H,U,1.51,3.84,6.9,10,1.0,0.0,0.0,3.0,3.0,4.0,-1.0,2.0,11.0,-9.0,1.0,-7.0,8.0,0.0,0.0,0.0,0.0,2.0,-2.0,33.3,33.3,11.1,44.4,H
2016-07-09,2016,Albirex Niigata,Shonan Bellmare,0,1,A,U,1.98,3.35,3.76,9,2.0,1.0,0.0,1.0,2.0,5.0,-3.0,0.0,5.0,-5.0,2.0,0.0,2.0,0.0,0.0,0.0,0.0,0.0,0.0,25.0,25.0,25.0,25.0,A
2016-07-02,2016,Vegalta Sendai,Kawasaki Frontale,0,3,A,O,3.68,3.44,1.97,9,3.0,2.0,1.0,0.0,8.0,7.0,1.0,4.0,3.0,1.0,4.0,4.0,0.0,2.0,2.0,0.0,0.0,0.0,0.0,50.0,50.0,75.0,0.0,A
2016-07-02,2016,Shonan Bellmare,Yokohama F. Marinos,0,3,A,O,3.7,3.27,2.02,10,2.0,1.0,2.0,2.0,3.0,3.0,0.0,3.0,5.0,-2.0,0.0,-2.0,2.0,0.0,0.0,0.0,0.0,1.0,-1.0,22.2,77.8,50.0,25.0,A
2016-07-02,2016,Sanfrecce Hiroshima,Iwata,3,0,H,O,1.6,4.01,5.16,9,2.0,0.0,1.0,4.0,8.0,2.0,6.0,5.0,8.0,-3.0,3.0,-6.0,9.0,2.0,0.0,2.0,1.0,1.0,0.0,50.0,25.0,33.3,44.4,H
2016-07-02,2016,Sagan Tosu,FC Tokyo,3,2,H,O,2.81,3.0,2.61,10,1.0,2.0,1.0,1.0,2.0,4.0,-2.0,2.0,3.0,-1.0,0.0,1.0,-1.0,0.0,0.0,0.0,0.0,0.0,0.0,22.2,33.3,37.5,37.5,A
2016-07-02,2016,Omiya Ardija,Nagoya Grampus,1,0,H,U,2.5,3.27,2.73,9,0.0,0.0,1.0,1.0,3.0,6.0,-3.0,4.0,7.0,-3.0,-1.0,-1.0,0.0,0.0,0.0,0.0,0.0,0.0,0.0,12.5,25.0,12.5,50.0,D
2016-07-02,2016,Kofu,Vissel Kobe,0,3,A,O,3.53,3.22,2.1,9,1.0,0.0,2.0,2.0,3.0,4.0,-1.0,7.0,8.0,-1.0,-4.0,-4.0,0.0,0.0,0.0,0.0,2.0,2.0,0.0,25.0,50.0,25.0,50.0,A
2016-07-02,2016,Kashiwa Reysol,Albirex Niigata,1,0,H,U,2.09,3.35,3.41,9,1.0,0.0,2.0,2.0,5.0,4.0,1.0,8.0,7.0,1.0,-3.0,-3.0,0.0,0.0,0.0,0.0,2.0,1.0,1.0,37.5,37.5,22.2,55.6,D
2016-07-02,2016,Kashima Antlers,Gamba Osaka,1,3,A,O,1.69,3.79,4.69,9,4.0,1.0,0.0,2.0,9.0,4.0,5.0,1.0,4.0,-3.0,8.0,0.0,8.0,2.0,1.0,1.0,0.0,0.0,0.0,87.5,12.5,50.0,37.5,D
2016-07-02,2016,Avispa Fukuoka,Urawa Reds,1,2,A,O,7.2,4.4,1.42,9,1.0,1.0,1.0,2.0,3.0,3.0,0.0,6.0,5.0,1.0,-3.0,-2.0,-1.0,0.0,0.0,0.0,1.0,1.0,0.0,12.5,50.0,50.0,25.0,D
2016-06-25,2016,Yokohama F. Marinos,FC Tokyo,0,1,A,U,2.54,3.06,2.84,9,1.0,1.0,2.0,1.0,5.0,4.0,1.0,5.0,4.0,1.0,0.0,0.0,0.0,1.0,0.0,1.0,1.0,0.0,1.0,25.0,50.0,28.6,42.9,D
2016-06-25,2016,Urawa Reds,Vissel Kobe,3,1,H,O,1.44,4.47,6.59,9,2.0,1.0,1.0,1.0,7.0,4.0,3.0,5.0,5.0,0.0,2.0,-1.0,3.0,1.0,0.0,1.0,1.0,1.0,0.0,62.5,25.0,28.6,42.9,H
2016-06-25,2016,Kofu,Sanfrecce Hiroshima,0,3,A,O,5.36,3.67,1.64,8,1.0,1.0,1.0,1.0,4.0,6.0,-2.0,5.0,3.0,2.0,-1.0,3.0,-4.0,0.0,1.0,-1.0,1.0,0.0,1.0,28.6,42.9,37.5,25.0,A
2016-06-25,2016,Kawasaki Frontale,Omiya Ardija,2,0,H,U,1.57,4.02,5.42,9,2.0,3.0,1.0,1.0,5.0,4.0,1.0,3.0,2.0,1.0,2.0,2.0,0.0,1.0,0.0,1.0,0.0,0.0,0.0,50.0,12.5,75.0,25.0,H
2016-06-25,2016,Kashiwa Reysol,Shonan Bellmare,1,1,D,U,1.87,3.43,4.09,8,2.0,2.0,2.0,1.0,6.0,5.0,1.0,7.0,4.0,3.0,-1.0,1.0,-2.0,1.0,0.0,1.0,2.0,0.0,2.0,42.9,42.9,28.6,28.6,D
2016-06-25,2016,Kashima Antlers,Avispa Fukuoka,2,0,H,U,1.25,5.66,10.78,8,3.0,1.0,1.0,3.0,7.0,3.0,4.0,3.0,6.0,-3.0,4.0,-3.0,7.0,1.0,0.0,1.0,1.0,1.0,0.0,85.7,14.3,12.5,62.5,H
2016-06-25,2016,Iwata,Vegalta Sendai,3,0,H,O,2.58,3.17,2.72,8,2.0,2.0,0.0,0.0,5.0,6.0,-1.0,2.0,3.0,-1.0,3.0,3.0,0.0,1.0,1.0,0.0,0.0,0.0,0.0,28.6,28.6,37.5,37.5,H
2016-06-25,2016,Gamba Osaka,Nagoya Grampus,3,3,D,O,1.71,3.73,4.6,9,2.0,0.0,1.0,2.0,6.0,4.0,2.0,5.0,8.0,-3.0,1.0,-4.0,5.0,0.0,0.0,0.0,0.0,1.0,-1.0,37.5,50.0,14.3,57.1,D
2016-06-25,2016,Albirex Niigata,Sagan Tosu,1,0,H,U,2.44,3.09,2.95,8,1.0,2.0,0.0,1.0,3.0,3.0,0.0,2.0,3.0,-1.0,1.0,0.0,1.0,0.0,1.0,-1.0,0.0,1.0,-1.0,14.3,28.6,28.6,57.1,D
2016-06-22,2016,Urawa Reds,FC Tokyo,3,2,H,O,1.73,3.55,4.77,8,2.0,1.0,1.0,1.0,7.0,2.0,5.0,4.0,2.0,2.0,3.0,0.0,3.0,2.0,0.0,2.0,1.0,0.0,1.0,57.1,28.6,33.3,33.3,A
2016-06-18,2016,Vissel Kobe,Kashima Antlers,1,2,A,O,4.24,3.8,1.75,9,1.0,2.0,1.0,0.0,7.0,6.0,1.0,5.0,3.0,2.0,2.0,3.0,-1.0,1.0,1.0,0.0,0.0,0.0,0.0,37.5,25.0,50.0,12.5,D
2016-06-18,2016,Vegalta Sendai,Kofu,2,1,H,O,2.01,3.18,3.84,8,2.0,0.0,2.0,2.0,6.0,5.0,1.0,5.0,11.0,-6.0,1.0,-6.0,7.0,2.0,0.0,2.0,1.0,2.0,-1.0,42.9,57.1,12.5,37.5,A
2016-06-18,2016,Shonan Bellmare,Iwata,1,0,H,U,2.55,3.17,2.74,9,1.0,1.0,3.0,3.0,2.0,3.0,-1.0,4.0,7.0,-3.0,-2.0,-4.0,2.0,0.0,0.0,0.0,0.0,1.0,-1.0,12.5,87.5,37.5,37.5,H
2016-06-18,2016,Sanfrecce Hiroshima,Urawa Reds,4,2,H,O,3.01,3.24,2.32,8,2.0,2.0,1.0,1.0,5.0,2.0,3.0,3.0,1.0,2.0,2.0,1.0,1.0,1.0,0.0,1.0,1.0,0.0,1.0,42.9,28.6,57.1,14.3,A
2016-06-18,2016,Sagan Tosu,Gamba Osaka,2,1,H,O,2.78,3.13,2.54,9,0.0,2.0,2.0,1.0,0.0,4.0,-4.0,2.0,2.0,0.0,-2.0,2.0,-4.0,0.0,1.0,-1.0,0.0,0.0,0.0,12.5,37.5,57.1,28.6,A
2016-06-18,2016,Omiya Ardija,Yokohama F. Marinos,1,1,D,U,3.17,3.21,2.25,8,0.0,2.0,1.0,2.0,3.0,7.0,-4.0,4.0,5.0,-1.0,-1.0,2.0,-3.0,0.0,1.0,-1.0,0.0,1.0,-1.0,14.3,28.6,57.1,28.6,D
2016-06-18,2016,Nagoya Grampus,Kashiwa Reysol,1,1,D,U,2.82,3.32,2.41,9,1.0,2.0,3.0,1.0,5.0,4.0,1.0,6.0,3.0,3.0,-1.0,1.0,-2.0,1.0,2.0,-1.0,0.0,1.0,-1.0,37.5,50.0,37.5,25.0,D
2016-06-18,2016,FC Tokyo,Albirex Niigata,1,1,D,U,1.88,3.36,4.18,9,1.0,0.0,1.0,3.0,2.0,4.0,-2.0,2.0,8.0,-6.0,0.0,-4.0,4.0,0.0,0.0,0.0,0.0,1.0,-1.0,37.5,37.5,25.0,62.5,A
2016-06-18,2016,Avispa Fukuoka,Kawasaki Frontale,2,2,D,O,5.53,3.92,1.58,8,1.0,3.0,2.0,0.0,2.0,6.0,-4.0,6.0,1.0,5.0,-4.0,5.0,-9.0,0.0,2.0,-2.0,1.0,0.0,1.0,14.3,57.1,85.7,0.0,H
2016-06-15,2016,Gamba Osaka,Urawa Reds,1,0,H,U,3.3,3.43,2.1,8,1.0,2.0,2.0,0.0,5.0,2.0,3.0,6.0,0.0,6.0,-1.0,2.0,-3.0,0.0,0.0,0.0,0.0,0.0,0.0,28.6,57.1,66.7,0.0,H
2016-06-15,2016,FC Tokyo,Sanfrecce Hiroshima,1,1,D,U,2.76,3.16,2.53,8,1.0,2.0,2.0,1.0,3.0,7.0,-4.0,5.0,3.0,2.0,-2.0,4.0,-6.0,0.0,1.0,-1.0,1.0,0.0,1.0,42.9,42.9,42.9,28.6,D
2016-06-11,2016,Yokohama F. Marinos,Kawasaki Frontale,0,2,A,U,2.91,3.25,2.37,8,1.0,3.0,2.0,0.0,6.0,8.0,-2.0,5.0,3.0,2.0,1.0,5.0,-4.0,1.0,2.0,-1.0,0.0,0.0,0.0,28.6,42.9,83.3,0.0,A
2016-06-11,2016,Vissel Kobe,Sanfrecce Hiroshima,1,1,D,U,3.24,3.45,2.11,8,1.0,2.0,1.0,2.0,6.0,7.0,-1.0,4.0,6.0,-2.0,2.0,1.0,1.0,1.0,1.0,0.0,0.0,1.0,-1.0,42.9,28.6,50.0,33.3,D
2016-06-11,2016,Urawa Reds,Kashima Antlers,0,2,A,U,2.17,3.35,3.18,7,3.0,2.0,0.0,0.0,9.0,7.0,2.0,3.0,3.0,0.0,6.0,4.0,2.0,2.0,1.0,1.0,0.0,0.0,0.0,66.7,16.7,42.9,14.3,D
2016-06-11,2016,Nagoya Grampus,Sagan Tosu,0,1,A,U,2.42,3.18,2.89,8,2.0,1.0,2.0,2.0,7.0,2.0,5.0,6.0,4.0,2.0,1.0,-2.0,3.0,1.0,1.0,0.0,0.0,1.0,-1.0,42.9,42.9,16.7,66.7,A
2016-06-11,2016,Kofu,Avispa Fukuoka,1,0,H,U,2.36,3.1,3.05,7,1.0,1.0,1.0,2.0,6.0,3.0,3.0,6.0,5.0,1.0,0.0,-2.0,2.0,1.0,0.0,1.0,1.0,1.0,0.0,16.7,50.0,14.3,57.1,H
2016-06-11,2016,Kashiwa Reysol,Vegalta Sendai,0,2,A,U,1.94,3.35,3.86,7,3.0,1.0,1.0,1.0,7.0,5.0,2.0,5.0,6.0,-1.0,2.0,-1.0,3.0,1.0,0.0,1.0,1.0,1.0,0.0,50.0,33.3,28.6,42.9,A
2016-06-11,2016,Iwata,FC Tokyo,0,0,D,U,3.52,3.25,2.08,7,2.0,1.0,1.0,2.0,6.0,2.0,4.0,7.0,4.0,3.0,-1.0,-2.0,1.0,1.0,0.0,1.0,1.0,1.0,0.0,33.3,33.3,40.0,40.0,D
2016-06-11,2016,Gamba Osaka,Shonan Bellmare,3,3,D,O,1.58,3.83,5.67,7,1.0,2.0,3.0,2.0,3.0,3.0,0.0,5.0,4.0,1.0,-2.0,-1.0,-1.0,0.0,0.0,0.0,0.0,1.0,-1.0,33.3,66.7,33.3,33.3,D
2016-06-11,2016,Albirex Niigata,Omiya Ardija,1,0,H,U,2.2,3.28,3.17,7,0.0,4.0,1.0,0.0,3.0,5.0,-2.0,4.0,1.0,3.0,-1.0,4.0,-5.0,0.0,0.0,0.0,0.0,0.0,0.0,0.0,33.3,85.7,14.3,H
2016-06-02,2016,Sagan Tosu,Vissel Kobe,0,0,D,U,2.37,3.13,3.01,8,0.0,1.0,3.0,2.0,0.0,4.0,-4.0,3.0,7.0,-4.0,-3.0,-3.0,0.0,0.0,0.0,0.0,0.0,2.0,-2.0,14.3,42.9,33.3,50.0,D
2016-06-02,2016,Avispa Fukuoka,Nagoya Grampus,0,0,D,U,2.82,3.25,2.43,7,1.0,0.0,3.0,3.0,2.0,6.0,-4.0,7.0,11.0,-4.0,-5.0,-5.0,0.0,0.0,0.0,0.0,1.0,1.0,0.0,16.7,66.7,16.7,66.7,D
2016-05-29,2016,Yokohama F. Marinos,Kashiwa Reysol,3,0,H,O,2.31,3.17,3.07,7,0.0,3.0,2.0,0.0,3.0,5.0,-2.0,5.0,0.0,5.0,-2.0,5.0,-7.0,0.0,2.0,-2.0,0.0,0.0,0.0,16.7,50.0,42.9,14.3,H
2016-05-29,2016,Vegalta Sendai,Albirex Niigata,4,2,H,O,2.77,3.14,2.54,7,1.0,0.0,3.0,3.0,3.0,2.0,1.0,6.0,5.0,1.0,-3.0,-3.0,0.0,1.0,0.0,1.0,2.0,0.0,2.0,33.3,66.7,28.6,57.1,H
2016-05-29,2016,Shonan Bellmare,Nagoya Grampus,2,1,H,O,2.63,3.23,2.61,8,0.0,0.0,4.0,3.0,0.0,7.0,-7.0,6.0,12.0,-6.0,-6.0,-5.0,-1.0,0.0,0.0,0.0,1.0,1.0,0.0,0.0,100.0,20.0,60.0,H
2016-05-29,2016,Sagan Tosu,Urawa Reds,0,0,D,U,5.36,3.75,1.62,7,0.0,3.0,3.0,0.0,1.0,4.0,-3.0,4.0,0.0,4.0,-3.0,4.0,-7.0,0.0,1.0,-1.0,0.0,0.0,0.0,16.7,50.0,80.0,0.0,D
2016-05-29,2016,Omiya Ardija,Vissel Kobe,2,2,D,O,2.88,3.19,2.42,7,0.0,2.0,1.0,2.0,2.0,4.0,-2.0,3.0,6.0,-3.0,-1.0,-2.0,1.0,0.0,0.0,0.0,0.0,2.0,-2.0,16.7,33.3,40.0,60.0,H
2016-05-29,2016,Kawasaki Frontale,Iwata,1,0,H,U,1.57,4.05,5.36,8,2.0,2.0,1.0,2.0,5.0,5.0,0.0,3.0,7.0,-4.0,2.0,-2.0,4.0,1.0,0.0,1.0,0.0,1.0,-1.0,42.9,14.3,42.9,28.6,D
2016-05-29,2016,Kashima Antlers,Kofu,4,0,H,O,1.36,4.62,8.39,7,3.0,0.0,1.0,1.0,7.0,6.0,1.0,4.0,8.0,-4.0,3.0,-2.0,5.0,1.0,0.0,1.0,1.0,1.0,0.0,83.3,16.7,14.3,28.6,H
2016-05-29,2016,FC Tokyo,Gamba Osaka,1,0,H,U,2.5,3.21,2.76,7,1.0,3.0,2.0,0.0,5.0,7.0,-2.0,7.0,2.0,5.0,-2.0,5.0,-7.0,0.0,2.0,-2.0,1.0,0.0,1.0,33.3,50.0,66.7,16.7,D
2016-05-29,2016,Avispa Fukuoka,Sanfrecce Hiroshima,0,4,A,O,5.58,3.9,1.57,6,1.0,2.0,3.0,2.0,2.0,8.0,-6.0,4.0,7.0,-3.0,-2.0,1.0,-3.0,0.0,1.0,-1.0,0.0,1.0,-1.0,20.0,60.0,40.0,40.0,A
2016-05-21,2016,Vissel Kobe,Yokohama F. Marinos,0,1,A,U,3.01,3.21,2.32,7,2.0,2.0,0.0,2.0,8.0,8.0,0.0,4.0,6.0,-2.0,4.0,2.0,2.0,1.0,1.0,0.0,0.0,1.0,-1.0,50.0,16.7,50.0,33.3,A
2016-05-21,2016,Shonan Bellmare,Vegalta Sendai,0,1,A,U,2.54,3.13,2.77,7,0.0,0.0,4.0,2.0,1.0,4.0,-3.0,7.0,9.0,-2.0,-6.0,-5.0,-1.0,0.0,0.0,0.0,1.0,2.0,-1.0,0.0,100.0,16.7,50.0,D
2016-05-21,2016,Sanfrecce Hiroshima,Gamba Osaka,1,3,A,O,2.1,3.34,3.36,7,3.0,2.0,0.0,1.0,7.0,5.0,2.0,0.0,3.0,-3.0,7.0,2.0,5.0,2.0,1.0,1.0,0.0,0.0,0.0,50.0,16.7,60.0,20.0,A
2016-05-21,2016,Sagan Tosu,Omiya Ardija,0,1,A,U,2.03,3.17,3.74,6,0.0,4.0,2.0,0.0,2.0,6.0,-4.0,4.0,2.0,2.0,-2.0,4.0,-6.0,0.0,0.0,0.0,0.0,0.0,0.0,20.0,40.0,83.3,16.7,D
2016-05-21,2016,Nagoya Grampus,Kashima Antlers,2,3,A,O,4.44,3.7,1.73,7,2.0,1.0,2.0,0.0,6.0,5.0,1.0,5.0,2.0,3.0,1.0,3.0,-2.0,1.0,1.0,0.0,0.0,0.0,0.0,50.0,33.3,33.3,16.7,D
2016-05-21,2016,Kashiwa Reysol,Avispa Fukuoka,3,2,H,O,1.66,3.62,5.2,6,2.0,1.0,1.0,1.0,6.0,3.0,3.0,5.0,4.0,1.0,1.0,-1.0,2.0,1.0,0.0,1.0,1.0,1.0,0.0,40.0,40.0,16.7,50.0,H
2016-05-21,2016,Iwata,Kofu,3,1,H,O,2.24,3.1,3.28,6,1.0,0.0,1.0,1.0,5.0,6.0,-1.0,8.0,7.0,1.0,-3.0,-1.0,-2.0,0.0,0.0,0.0,1.0,0.0,1.0,20.0,40.0,16.7,16.7,H
2016-05-21,2016,Albirex Niigata,Kawasaki Frontale,0,0,D,U,3.62,3.6,1.92,6,0.0,4.0,1.0,0.0,5.0,12.0,-7.0,6.0,3.0,3.0,-1.0,9.0,-10.0,0.0,3.0,-3.0,0.0,0.0,0.0,0.0,40.0,100.0,0.0,D
2016-05-14,2016,Vegalta Sendai,Omiya Ardija,0,1,A,U,2.39,3.18,2.95,6,2.0,3.0,2.0,1.0,4.0,6.0,-2.0,5.0,4.0,1.0,-1.0,2.0,-3.0,1.0,0.0,1.0,2.0,0.0,2.0,40.0,60.0,80.0,20.0,D
2016-05-14,2016,Urawa Reds,Albirex Niigata,0,0,D,U,1.35,4.79,8.21,6,4.0,1.0,0.0,3.0,11.0,3.0,8.0,3.0,5.0,-2.0,8.0,-2.0,10.0,3.0,0.0,3.0,0.0,0.0,0.0,80.0,20.0,33.3,66.7,D
2016-05-14,2016,Kofu,Nagoya Grampus,2,2,D,O,2.87,3.15,2.46,6,1.0,1.0,2.0,3.0,4.0,6.0,-2.0,8.0,10.0,-2.0,-4.0,-4.0,0.0,1.0,0.0,1.0,2.0,1.0,1.0,20.0,60.0,25.0,75.0,D
2016-05-14,2016,Kawasaki Frontale,Vissel Kobe,3,1,H,O,1.57,4.06,5.25,7,1.0,2.0,1.0,2.0,3.0,3.0,0.0,3.0,4.0,-1.0,0.0,-1.0,1.0,0.0,0.0,0.0,0.0,1.0,-1.0,33.3,16.7,50.0,50.0,A
2016-05-14,2016,Kashima Antlers,Yokohama F. Marinos,1,0,H,U,1.73,3.65,4.58,6,3.0,3.0,1.0,1.0,8.0,10.0,-2.0,4.0,6.0,-2.0,4.0,4.0,0.0,2.0,1.0,1.0,1.0,1.0,0.0,80.0,20.0,60.0,20.0,H
2016-05-14,2016,Avispa Fukuoka,Shonan Bellmare,1,0,H,U,2.79,3.05,2.59,5,0.0,2.0,3.0,1.0,2.0,5.0,-3.0,5.0,5.0,0.0,-3.0,0.0,-3.0,0.0,0.0,0.0,0.0,1.0,-1.0,0.0,75.0,40.0,20.0,D
2016-05-13,2016,Sanfrecce Hiroshima,Kashiwa Reysol,0,0,D,U,1.75,3.65,4.4,6,3.0,3.0,0.0,0.0,9.0,6.0,3.0,2.0,1.0,1.0,7.0,5.0,2.0,2.0,2.0,0.0,0.0,0.0,0.0,60.0,20.0,50.0,16.7,D
2016-05-13,2016,Gamba Osaka,Iwata,2,1,H,O,1.73,3.69,4.52,6,1.0,2.0,3.0,1.0,3.0,5.0,-2.0,5.0,6.0,-1.0,-2.0,-1.0,-1.0,0.0,0.0,0.0,0.0,1.0,-1.0,20.0,80.0,50.0,16.7,D
2016-05-13,2016,FC Tokyo,Sagan Tosu,0,0,D,U,1.98,3.33,3.77,6,2.0,1.0,2.0,3.0,6.0,3.0,3.0,7.0,6.0,1.0,-1.0,-3.0,2.0,0.0,1.0,-1.0,1.0,1.0,0.0,40.0,60.0,20.0,80.0,D
2016-05-08,2016,Yokohama F. Marinos,Kofu,2,2,D,O,1.76,3.31,4.96,6,1.0,0.0,2.0,1.0,3.0,5.0,-2.0,4.0,6.0,-2.0,-1.0,-1.0,0.0,0.0,0.0,0.0,0.0,0.0,0.0,20.0,60.0,20.0,20.0,H
2016-05-08,2016,Vegalta Sendai,Avispa Fukuoka,2,0,H,U,1.94,3.31,3.92,5,1.0,1.0,3.0,1.0,3.0,3.0,0.0,7.0,4.0,3.0,-4.0,-1.0,-3.0,0.0,0.0,0.0,2.0,1.0,1.0,25.0,75.0,20.0,40.0,H
2016-05-08,2016,Shonan Bellmare,FC Tokyo,0,1,A,U,3.62,3.28,2.04,6,0.0,1.0,4.0,2.0,1.0,3.0,-2.0,8.0,5.0,3.0,-7.0,-2.0,-5.0,0.0,0.0,0.0,2.0,1.0,1.0,0.0,100.0,25.0,50.0,A
2016-05-08,2016,Sanfrecce Hiroshima,Sagan Tosu,3,0,H,O,1.69,3.57,4.97,5,2.0,1.0,1.0,3.0,6.0,3.0,3.0,3.0,4.0,-1.0,3.0,-1.0,4.0,1.0,1.0,0.0,0.0,0.0,0.0,50.0,25.0,25.0,75.0,H
2016-05-08,2016,Omiya Ardija,Urawa Reds,0,1,A,U,5.7,4.0,1.54,6,0.0,3.0,1.0,0.0,3.0,5.0,-2.0,7.0,1.0,6.0,-4.0,4.0,-8.0,0.0,1.0,-1.0,1.0,0.0,1.0,20.0,20.0,75.0,0.0,A
2016-05-08,2016,Nagoya Grampus,Vissel Kobe,0,1,A,U,2.55,3.41,2.58,6,3.0,,1.0,,8.0,,,5.0,,,3.0,,,1.0,,,0.0,,,60.0,20.0,33.3,66.7,A
2016-05-08,2016,Kashiwa Reysol,Kawasaki Frontale,1,3,A,O,2.82,3.3,2.41,5,2.0,4.0,1.0,0.0,6.0,10.0,-4.0,4.0,2.0,2.0,2.0,8.0,-6.0,1.0,2.0,-1.0,0.0,0.0,0.0,50.0,25.0,100.0,0.0,D
2016-05-08,2016,Iwata,Kashima Antlers,1,1,D,U,5.2,4.0,1.58,5,1.0,1.0,2.0,1.0,4.0,4.0,0.0,8.0,2.0,6.0,-4.0,2.0,-6.0,0.0,1.0,-1.0,1.0,0.0,1.0,25.0,50.0,40.0,20.0,D
2016-05-08,2016,Albirex Niigata,Gamba Osaka,0,0,D,U,3.06,3.33,2.24,5,0.0,3.0,2.0,1.0,6.0,6.0,0.0,8.0,3.0,5.0,-2.0,3.0,-5.0,0.0,1.0,-1.0,0.0,0.0,0.0,0.0,50.0,75.0,25.0,D
2016-05-04,2016,Vissel Kobe,Iwata,4,1,H,O,2.1,3.27,3.43,6,2.0,2.0,0.0,0.0,10.0,6.0,4.0,6.0,4.0,2.0,4.0,2.0,2.0,1.0,0.0,1.0,0.0,0.0,0.0,40.0,20.0,60.0,0.0,
2016-05-04,2016,Sagan Tosu,Shonan Bellmare,0,1,A,U,1.95,3.3,3.87,5,1.0,1.0,1.0,1.0,4.0,8.0,-4.0,4.0,9.0,-5.0,0.0,-1.0,1.0,0.0,0.0,0.0,0.0,1.0,-1.0,25.0,25.0,25.0,25.0,D
2016-05-04,2016,Nagoya Grampus,Yokohama F. Marinos,3,1,H,O,3.61,3.3,2.02,5,2.0,3.0,1.0,0.0,6.0,10.0,-4.0,5.0,4.0,1.0,1.0,6.0,-5.0,0.0,1.0,-1.0,0.0,0.0,0.0,50.0,25.0,75.0,0.0,H
2016-05-04,2016,Kofu,Kashiwa Reysol,0,2,A,U,3.59,3.2,2.07,5,1.0,2.0,2.0,0.0,4.0,6.0,-2.0,7.0,3.0,4.0,-3.0,3.0,-6.0,1.0,1.0,0.0,1.0,0.0,1.0,25.0,50.0,40.0,20.0,
2016-05-04,2016,Kawasaki Frontale,Vegalta Sendai,1,1,D,U,1.52,4.2,5.69,6,2.0,0.0,1.0,3.0,5.0,4.0,1.0,4.0,10.0,-6.0,1.0,-6.0,7.0,0.0,0.0,0.0,0.0,2.0,-2.0,40.0,20.0,20.0,60.0,D
2016-05-04,2016,Kashima Antlers,Albirex Niigata,2,1,H,O,1.4,4.51,7.33,5,3.0,1.0,1.0,3.0,7.0,5.0,2.0,3.0,9.0,-6.0,4.0,-4.0,8.0,2.0,0.0,2.0,1.0,1.0,0.0,75.0,25.0,40.0,60.0,
2016-05-04,2016,Avispa Fukuoka,Omiya Ardija,1,2,A,O,2.91,3.11,2.44,4,,3.0,,1.0,,5.0,,,3.0,,,2.0,,,0.0,,,0.0,,0.0,66.7,75.0,25.0,A
2016-04-30,2016,Yokohama F. Marinos,Shonan Bellmare,0,1,A,U,1.67,3.59,5.12,5,1.0,,2.0,,3.0,,,4.0,,,-1.0,,,0.0,,,0.0,,,25.0,50.0,0.0,33.3,
2016-04-30,2016,Vegalta Sendai,Sagan Tosu,0,2,A,U,2.48,3.08,2.87,4,,,,,,,,,,,,,,,,,,,,33.3,66.7,0.0,100.0,A
2016-04-30,2016,Omiya Ardija,Kashima Antlers,0,0,D,U,5.72,3.97,1.55,5,1.0,2.0,1.0,1.0,5.0,5.0,0.0,7.0,2.0,5.0,-2.0,3.0,-5.0,1.0,1.0,0.0,1.0,0.0,1.0,25.0,25.0,50.0,25.0,D
2016-04-30,2016,Kashiwa Reysol,Vissel Kobe,2,0,H,U,2.19,3.37,3.12,4,,,,,,,,,,,,,,,,,,,,33.3,33.3,50.0,50.0,H
2016-04-30,2016,Albirex Niigata,Kofu,2,2,D,O,2.01,3.26,3.73,4,,1.0,,1.0,,5.0,,,4.0,,,1.0,,,1.0,,,0.0,,0.0,66.7,25.0,25.0,D
2016-04-29,2016,Urawa Reds,Nagoya Grampus,4,1,H,O,1.29,5.28,9.54,5,3.0,,1.0,,8.0,,,4.0,,,4.0,,,2.0,,,0.0,,,75.0,25.0,33.3,66.7,D
2016-04-29,2016,Iwata,Sanfrecce Hiroshima,1,0,H,U,3.93,3.45,1.89,4,,2.0,,1.0,,9.0,,,7.0,,,2.0,,,1.0,,,1.0,,0.0,66.7,50.0,25.0,D
2016-04-29,2016,Gamba Osaka,Kawasaki Frontale,0,1,A,U,2.39,3.37,2.79,5,1.0,,3.0,,3.0,,,5.0,,,-2.0,,,0.0,,,0.0,,,25.0,75.0,100.0,0.0,A
2016-04-29,2016,FC Tokyo,Avispa Fukuoka,0,1,A,U,1.52,3.91,6.32,5,2.0,0.0,2.0,2.0,6.0,3.0,3.0,7.0,6.0,1.0,-1.0,-3.0,2.0,0.0,0.0,0.0,1.0,1.0,0.0,50.0,50.0,0.0,50.0,D
2016-04-24,2016,Yokohama F. Marinos,Sanfrecce Hiroshima,1,2,A,O,2.54,3.09,2.79,4,,,,,,,,,,,,,,,,,,,,33.3,33.3,33.3,33.3,A
2016-04-24,2016,Vissel Kobe,Vegalta Sendai,2,2,D,O,1.98,3.38,3.67,5,2.0,1.0,1.0,3.0,8.0,3.0,5.0,6.0,8.0,-2.0,2.0,-5.0,7.0,1.0,0.0,1.0,1.0,2.0,-1.0,50.0,25.0,25.0,75.0,D
2016-04-24,2016,Shonan Bellmare,Omiya Ardija,0,1,A,U,2.44,3.26,2.79,5,0.0,,4.0,,2.0,,,9.0,,,-7.0,,,0.0,,,2.0,,,0.0,100.0,66.7,33.3,D
2016-04-24,2016,Sagan Tosu,Iwata,0,1,A,U,1.9,3.4,3.95,4,,2.0,,0.0,,7.0,,,5.0,,,2.0,,,0.0,,,0.0,,33.3,0.0,50.0,0.0,D
2016-04-24,2016,Nagoya Grampus,Albirex Niigata,2,1,H,O,2.57,3.3,2.61,4,,2.0,,2.0,,6.0,,,8.0,,,-2.0,,,0.0,,,1.0,,33.3,33.3,50.0,50.0,H
2016-04-24,2016,Kofu,FC Tokyo,1,1,D,U,3.48,3.04,2.18,4,,,,,,,,,,,,,,,,,,,,33.3,66.7,33.3,66.7,H
2016-04-24,2016,Kawasaki Frontale,Urawa Reds,0,1,A,U,3.09,3.5,2.15,5,2.0,,0.0,,9.0,,,7.0,,,2.0,,,0.0,,,0.0,,,50.0,0.0,66.7,0.0,D
2016-04-24,2016,Kashima Antlers,Kashiwa Reysol,0,2,A,U,1.46,4.29,6.49,4,,1.0,,1.0,,4.0,,,5.0,,,-1.0,,,0.0,,,1.0,,100.0,0.0,25.0,25.0,A
2016-04-24,2016,Avispa Fukuoka,Gamba Osaka,0,1,A,U,4.18,3.41,1.85,3,,,,,,,,,,,,,,,,,,,,0.0,50.0,66.7,33.3,D
2016-04-16,2016,Urawa Reds,Vegalta Sendai,3,1,H,O,1.39,4.53,7.62,4,,,,,,,,,,,,,,,,,,,,66.7,33.3,33.3,66.7,D
2016-04-16,2016,Shonan Bellmare,Kashima Antlers,0,3,A,O,5.8,4.19,1.51,4,,,,,,,,,,,,,,,,,,,,0.0,100.0,33.3,33.3,A
2016-04-16,2016,Omiya Ardija,Kofu,1,1,D,U,2.32,3.05,3.16,4,,,,,,,,,,,,,,,,,,,,33.3,33.3,33.3,33.3,H
2016-04-16,2016,Iwata,Yokohama F. Marinos,1,5,A,O,3.66,3.21,2.05,3,,,,,,,,,,,,,,,,,,,,0.0,50.0,66.7,0.0,A
2016-04-16,2016,FC Tokyo,Kawasaki Frontale,2,4,A,O,2.54,3.22,2.7,4,,,,,,,,,,,,,,,,,,,,66.7,33.3,100.0,0.0,D
2016-04-15,2016,Sanfrecce Hiroshima,Albirex Niigata,1,0,H,U,1.64,3.83,4.91,4,,,,,,,,,,,,,,,,,,,,33.3,33.3,66.7,33.3,D
2016-04-15,2016,Gamba Osaka,Kashiwa Reysol,0,1,A,U,1.92,3.46,3.78,4,,,,,,,,,,,,,,,,,,,,33.3,66.7,0.0,33.3,D
2016-04-10,2016,Yokohama F. Marinos,Urawa Reds,0,0,D,U,3.14,3.26,2.23,3,,,,,,,,,,,,,,,,,,,,50.0,50.0,100.0,0.0,D
2016-04-10,2016,Vissel Kobe,Avispa Fukuoka,0,0,D,U,1.7,3.71,4.67,4,,,,,,,,,,,,,,,,,,,,66.7,33.3,0.0,66.7,D
2016-04-10,2016,Vegalta Sendai,Gamba Osaka,1,3,A,O,3.35,3.35,2.1,3,,,,,,,,,,,,,,,,,,,,50.0,50.0,50.0,50.0,A
2016-04-10,2016,Nagoya Grampus,Omiya Ardija,1,2,A,O,2.16,3.36,3.2,3,,,,,,,,,,,,,,,,,,,,50.0,0.0,50.0,50.0,H
2016-04-10,2016,Kofu,Shonan Bellmare,3,1,H,O,2.83,3.01,2.58,3,,,,,,,,,,,,,,,,,,,,0.0,100.0,0.0,0.0,H
2016-04-10,2016,Kawasaki Frontale,Sagan Tosu,1,0,H,U,1.7,3.68,4.68,4,,,,,,,,,,,,,,,,,,,,33.3,0.0,0.0,100.0,D
2016-04-10,2016,Kashiwa Reysol,FC Tokyo,1,0,H,U,2.7,3.09,2.63,3,,,,,,,,,,,,,,,,,,,,0.0,50.0,50.0,50.0,D
2016-04-10,2016,Kashima Antlers,Sanfrecce Hiroshima,4,1,H,O,1.88,3.54,3.85,3,,,,,,,,,,,,,,,,,,,,100.0,0.0,50.0,0.0,D
2016-04-10,2016,Albirex Niigata,Iwata,1,2,A,O,1.96,3.47,3.63,3,,,,,,,,,,,,,,,,,,,,0.0,50.0,33.3,0.0,D
2016-04-02,2016,Shonan Bellmare,Vissel Kobe,1,2,A,O,2.74,3.26,2.48,3,,,,,,,,,,,,,,,,,,,,0.0,100.0,0.0,100.0,
2016-04-02,2016,Sagan Tosu,Kashiwa Reysol,1,1,D,U,2.27,3.22,3.08,3,,,,,,,,,,,,,,,,,,,,50.0,0.0,0.0,50.0,H
2016-04-02,2016,Omiya Ardija,Iwata,1,1,D,U,2.44,3.29,2.77,3,,,,,,,,,,,,,,,,,,,,50.0,50.0,50.0,0.0,
2016-04-02,2016,Kawasaki Frontale,Kashima Antlers,1,1,D,U,3.11,3.47,2.16,3,,,,,,,,,,,,,,,,,,,,50.0,0.0,50.0,50.0,D
2016-04-02,2016,Gamba Osaka,Yokohama F. Marinos,1,2,A,O,2.45,3.16,2.85,3,,,,,,,,,,,,,,,,,,,,50.0,50.0,50.0,0.0,
2016-04-02,2016,FC Tokyo,Nagoya Grampus,3,2,H,O,1.9,3.4,3.95,3,,,,,,,,,,,,,,,,,,,,50.0,50.0,50.0,50.0,
2016-04-02,2016,Avispa Fukuoka,Albirex Niigata,0,1,A,U,3.17,3.33,2.19,2,,,,,,,,,,,,,,,,,,,,0.0,0.0,50.0,50.0,A
2016-04-01,2016,Urawa Reds,Kofu,2,1,H,O,1.43,4.14,7.58,3,,,,,,,,,,,,,,,,,,,,50.0,50.0,50.0,0.0,D
2016-04-01,2016,Sanfrecce Hiroshima,Vegalta Sendai,3,0,H,O,1.63,3.71,5.3,3,,,,,,,,,,,,,,,,,,,,0.0,50.0,50.0,50.0,D
2016-03-20,2016,Shonan Bellmare,Urawa Reds,0,2,A,U,4.56,3.77,1.7,2,,,,,,,,,,,,,,,,,,,,0.0,100.0,100.0,0.0,A
2016-03-20,2016,Omiya Ardija,Sanfrecce Hiroshima,1,5,A,O,3.77,3.41,1.94,2,,,,,,,,,,,,,,,,,,,,100.0,0.0,0.0,0.0,A
2016-03-19,2016,Yokohama F. Marinos,Sagan Tosu,2,1,H,O,1.84,3.3,4.4,2,,,,,,,,,,,,,,,,,,,,0.0,100.0,0.0,100.0,H
2016-03-19,2016,Vissel Kobe,Gamba Osaka,2,1,H,O,3.09,3.39,2.2,3,,,,,,,,,,,,,,,,,,,,50.0,50.0,100.0,0.0,H
2016-03-19,2016,Nagoya Grampus,Vegalta Sendai,2,1,H,O,2.27,3.27,3.05,2,,,,,,,,,,,,,,,,,,,,0.0,0.0,100.0,0.0,H
2016-03-19,2016,Kofu,Kawasaki Frontale,0,4,A,O,4.22,3.45,1.83,2,,,,,,,,,,,,,,,,,,,,0.0,100.0,100.0,0.0,A
2016-03-19,2016,Kashima Antlers,FC Tokyo,2,0,H,U,1.81,3.54,4.21,2,,,,,,,,,,,,,,,,,,,,100.0,0.0,100.0,0.0,D
2016-03-19,2016,Iwata,Avispa Fukuoka,2,2,D,O,1.98,3.37,3.7,2,,,,,,,,,,,,,,,,,,,,0.0,100.0,0.0,100.0,A
2016-03-19,2016,Albirex Niigata,Kashiwa Reysol,2,2,D,O,2.41,3.3,2.81,2,,,,,,,,,,,,,,,,,,,,0.0,100.0,0.0,100.0,H
2016-03-12,2016,Vegalta Sendai,Kashima Antlers,1,0,H,U,4.85,3.73,1.67,2,,,,,,,,,,,,,,,,,,,,0.0,100.0,100.0,0.0,
2016-03-12,2016,Urawa Reds,Avispa Fukuoka,2,0,H,U,1.34,4.94,8.04,2,,,,,,,,,,,,,,,,,,,,0.0,100.0,0.0,100.0,
2016-03-12,2016,Sanfrecce Hiroshima,Shonan Bellmare,2,2,D,O,1.56,3.95,5.51,2,,,,,,,,,,,,,,,,,,,,0.0,100.0,0.0,0.0,
2016-03-12,2016,Sagan Tosu,Kofu,1,1,D,U,2.01,3.12,3.91,2,,,,,,,,,,,,,,,,,,,,100.0,0.0,100.0,0.0,
2016-03-12,2016,Kawasaki Frontale,Nagoya Grampus,3,2,H,O,1.58,4.09,5.16,2,,,,,,,,,,,,,,,,,,,,0.0,0.0,100.0,0.0,D
2016-03-12,2016,Kashiwa Reysol,Iwata,2,2,D,O,2.18,3.38,3.13,2,,,,,,,,,,,,,,,,,,,,0.0,100.0,100.0,0.0,A
2016-03-12,2016,Albirex Niigata,Yokohama F. Marinos,1,2,A,O,2.93,3.08,2.45,1,,,,,,,,,,,,,,,,,,,,,,0.0,0.0,
2016-03-11,2016,Gamba Osaka,Omiya Ardija,2,1,H,O,1.77,3.6,4.37,2,,,,,,,,,,,,,,,,,,,,0.0,100.0,100.0,0.0,D
2016-03-11,2016,FC Tokyo,Vissel Kobe,1,0,H,U,2.1,3.33,3.36,2,,,,,,,,,,,,,,,,,,,,0.0,100.0,,,D
2016-03-06,2016,Vegalta Sendai,FC Tokyo,1,2,A,O,2.87,3.07,2.49,1,,,,,,,,,,,,,,,,,,,,,,,,D
2016-03-06,2016,Urawa Reds,Iwata,1,2,A,O,1.41,4.57,7.03,1,,,,,,,,,,,,,,,,,,,,,,,,A
2016-03-06,2016,Nagoya Grampus,Sanfrecce Hiroshima,1,1,D,U,3.25,3.43,2.11,1,,,,,,,,,,,,,,,,,,,,,,,,D
2016-03-06,2016,Kofu,Gamba Osaka,0,1,A,U,3.73,3.2,2.03,1,,,,,,,,,,,,,,,,,,,,,,,,A
2016-03-05,2016,Vissel Kobe,Albirex Niigata,6,3,H,O,2.6,3.27,2.6,2,,,,,,,,,,,,,,,,,,,,0.0,100.0,100.0,0.0,H
2016-03-05,2016,Omiya Ardija,Kashiwa Reysol,2,0,H,U,2.75,3.21,2.51,1,,,,,,,,,,,,,,,,,,,,,,,,H
2016-03-05,2016,Kawasaki Frontale,Shonan Bellmare,4,4,D,O,1.6,3.81,5.43,1,,,,,,,,,,,,,,,,,,,,,,,,D
2016-03-05,2016,Kashima Antlers,Sagan Tosu,1,0,H,U,1.39,4.61,7.52,1,,,,,,,,,,,,,,,,,,,,,,,,H
2016-03-05,2016,Avispa Fukuoka,Yokohama F. Marinos,1,1,D,U,4.15,3.32,1.88,1,,,,,,,,,,,,,,,,,,,,,,,,H
2016-02-28,2016,Gamba Osaka,Kashima Antlers,0,1,A,U,2.89,3.41,2.31,1,,,,,,,,,,,,,,,,,,,,,,,,D
2016-02-27,2016,Yokohama F. Marinos,Vegalta Sendai,0,1,A,U,1.86,3.4,4.17,1,,,,,,,,,,,,,,,,,,,,,,,,A
2016-02-27,2016,Vissel Kobe,Kofu,0,2,A,U,1.9,3.27,4.14,1,,,,,,,,,,,,,,,,,,,,,,,,A
2016-02-27,2016,Shonan Bellmare,Albirex Niigata,1,2,A,O,2.82,3.23,2.45,1,,,,,,,,,,,,,,,,,,,,,,,,A
2016-02-27,2016,Sanfrecce Hiroshima,Kawasaki Frontale,0,1,A,U,2.26,3.37,2.98,1,,,,,,,,,,,,,,,,,,,,,,,,D
2016-02-27,2016,Sagan Tosu,Avispa Fukuoka,2,1,H,O,1.96,3.29,3.87,1,,,,,,,,,,,,,,,,,,,,,,,,H
2016-02-27,2016,Kashiwa Reysol,Urawa Reds,1,2,A,O,3.68,3.48,1.95,1,,,,,,,,,,,,,,,,,,,,,,,,D
2016-02-27,2016,Iwata,Nagoya Grampus,0,1,A,U,2.57,3.27,2.64,1,,,,,,,,,,,,,,,,,,,,,,,,A
2016-02-27,2016,FC Tokyo,Omiya Ardija,0,1,A,U,2.07,3.31,3.47,1,,,,,,,,,,,,,,,,,,,,,,,,D
2015-12-05,2015,Sanfrecce Hiroshima,Gamba Osaka,1,1,D,U,2.27,3.44,2.93,18,2.0,1.0,1.0,1.0,7.0,8.0,-1.0,2.0,8.0,-6.0,5.0,0.0,5.0,1.0,1.0,0.0,0.0,1.0,-1.0,58.8,29.4,44.4,33.3,
2015-12-02,2015,Gamba Osaka,Sanfrecce Hiroshima,2,3,A,O,2.42,3.37,2.74,18,3.0,4.0,1.0,0.0,9.0,12.0,-3.0,4.0,2.0,2.0,5.0,10.0,-5.0,2.0,4.0,-2.0,1.0,0.0,1.0,58.8,5.9,76.5,5.9,
2015-11-28,2015,Urawa Reds,Gamba Osaka,1,1,D,U,2.05,3.47,3.35,18,2.0,2.0,0.0,1.0,8.0,9.0,-1.0,4.0,8.0,-4.0,4.0,1.0,3.0,1.0,1.0,0.0,0.0,1.0,-1.0,76.5,5.9,47.1,35.3,
2015-11-22,2015,Yokohama F. Marinos,Yamaga,0,0,D,U,1.46,4.24,6.72,17,4.0,0.0,0.0,3.0,9.0,2.0,7.0,1.0,6.0,-5.0,8.0,-4.0,12.0,2.0,0.0,2.0,0.0,1.0,-1.0,50.0,31.2,12.5,62.5,
2015-11-22,2015,Urawa Reds,Vissel Kobe,5,2,H,O,1.53,4.22,5.51,17,2.0,0.0,0.0,4.0,6.0,1.0,5.0,3.0,8.0,-5.0,3.0,-7.0,10.0,1.0,0.0,1.0,0.0,2.0,-2.0,75.0,6.2,31.2,37.5,
2015-11-22,2015,Sanfrecce Hiroshima,Shonan Bellmare,5,0,H,O,1.62,3.82,5.24,17,2.0,2.0,1.0,1.0,7.0,5.0,2.0,4.0,3.0,1.0,3.0,2.0,1.0,1.0,1.0,0.0,0.0,0.0,0.0,56.2,31.2,43.8,31.2,
2015-11-22,2015,Kofu,Shimizu S-Pulse,2,2,D,O,2.28,3.3,3.02,17,0.0,1.0,3.0,2.0,1.0,2.0,-1.0,6.0,3.0,3.0,-5.0,-1.0,-4.0,0.0,0.0,0.0,2.0,0.0,2.0,18.8,56.2,18.8,56.2,
2015-11-22,2015,Kawasaki Frontale,Vegalta Sendai,1,0,H,U,1.66,3.99,4.57,17,2.0,2.0,2.0,1.0,12.0,3.0,9.0,8.0,2.0,6.0,4.0,1.0,3.0,2.0,0.0,2.0,1.0,0.0,1.0,56.2,25.0,25.0,37.5,
2015-11-22,2015,Kashiwa Reysol,Albirex Niigata,1,1,D,U,2.24,3.49,2.92,17,1.0,2.0,1.0,1.0,5.0,5.0,0.0,4.0,5.0,-1.0,1.0,0.0,1.0,1.0,0.0,1.0,0.0,1.0,-1.0,31.2,31.2,31.2,50.0,
2015-11-22,2015,Kashima Antlers,Nagoya Grampus,1,0,H,U,1.45,4.64,6.07,17,2.0,0.0,2.0,3.0,7.0,4.0,3.0,6.0,14.0,-8.0,1.0,-10.0,11.0,1.0,0.0,1.0,0.0,3.0,-3.0,43.8,37.5,25.0,56.2,
2015-11-22,2015,Gamba Osaka,Montedio Yamagata,4,0,H,O,1.31,5.13,8.82,17,3.0,1.0,1.0,1.0,6.0,4.0,2.0,4.0,5.0,-1.0,2.0,-1.0,3.0,1.0,0.0,1.0,1.0,1.0,0.0,56.2,6.2,6.2,43.8,
2015-11-22,2015,FC Tokyo,Sagan Tosu,0,0,D,U,1.62,3.83,5.16,17,2.0,1.0,2.0,1.0,8.0,4.0,4.0,6.0,9.0,-3.0,2.0,-5.0,7.0,1.0,0.0,1.0,0.0,1.0,-1.0,56.2,31.2,31.2,43.8,
2015-11-07,2015,Vissel Kobe,Yamaga,2,1,H,O,1.76,3.72,4.26,17,2.0,0.0,2.0,3.0,11.0,1.0,10.0,6.0,6.0,0.0,5.0,-5.0,10.0,2.0,0.0,2.0,1.0,2.0,-1.0,25.0,56.2,13.3,60.0,
2015-11-07,2015,Urawa Reds,Kawasaki Frontale,1,1,D,U,1.65,4.0,4.59,16,3.0,2.0,0.0,2.0,6.0,7.0,-1.0,2.0,6.0,-4.0,4.0,1.0,3.0,1.0,1.0,0.0,0.0,0.0,0.0,80.0,6.7,43.8,43.8,
2015-11-07,2015,Sagan Tosu,Vegalta Sendai,1,0,H,U,2.43,3.21,2.82,17,0.0,2.0,2.0,1.0,1.0,4.0,-3.0,3.0,4.0,-1.0,-2.0,0.0,-2.0,0.0,0.0,0.0,0.0,1.0,-1.0,18.8,31.2,26.7,33.3,
2015-11-07,2015,Nagoya Grampus,Kofu,4,2,H,O,2.11,3.27,3.39,17,2.0,2.0,1.0,1.0,6.0,4.0,2.0,3.0,4.0,-1.0,3.0,0.0,3.0,2.0,0.0,2.0,0.0,1.0,-1.0,50.0,25.0,43.8,43.8,
2015-11-07,2015,Montedio Yamagata,Shimizu S-Pulse,1,2,A,O,2.14,3.41,3.17,17,0.0,1.0,3.0,2.0,3.0,2.0,1.0,8.0,3.0,5.0,-5.0,-1.0,-4.0,0.0,0.0,0.0,2.0,0.0,2.0,18.8,56.2,13.3,60.0,
2015-11-07,2015,Kashiwa Reysol,FC Tokyo,0,1,A,U,2.94,3.41,2.26,16,2.0,1.0,0.0,1.0,7.0,2.0,5.0,3.0,2.0,1.0,4.0,0.0,4.0,2.0,0.0,2.0,0.0,0.0,0.0,33.3,26.7,56.2,25.0,
2015-11-07,2015,Kashima Antlers,Yokohama F. Marinos,2,0,H,U,1.98,3.55,3.49,16,2.0,2.0,2.0,0.0,8.0,6.0,2.0,6.0,3.0,3.0,2.0,3.0,-1.0,1.0,1.0,0.0,0.0,0.0,0.0,40.0,40.0,43.8,18.8,
2015-11-07,2015,Gamba Osaka,Sanfrecce Hiroshima,0,2,A,U,2.19,3.44,3.06,16,4.0,4.0,0.0,0.0,7.0,12.0,-5.0,2.0,2.0,0.0,5.0,10.0,-5.0,1.0,4.0,-3.0,0.0,0.0,0.0,60.0,0.0,75.0,6.2,
2015-11-07,2015,Albirex Niigata,Shonan Bellmare,0,2,A,U,2.06,3.43,3.36,17,1.0,1.0,2.0,2.0,4.0,3.0,1.0,5.0,4.0,1.0,-1.0,-1.0,0.0,1.0,0.0,1.0,1.0,0.0,1.0,18.8,43.8,40.0,33.3,
2015-10-25,2015,Vegalta Sendai,Gamba Osaka,1,3,A,O,3.95,3.58,1.85,17,1.0,1.0,2.0,2.0,5.0,7.0,-2.0,6.0,9.0,-3.0,-1.0,-2.0,1.0,1.0,0.0,1.0,1.0,1.0,0.0,31.2,56.2,43.8,37.5,
2015-10-24,2015,Yamaga,Sagan Tosu,1,2,A,O,2.4,3.2,2.91,17,1.0,1.0,1.0,1.0,4.0,5.0,-1.0,4.0,9.0,-5.0,0.0,-4.0,4.0,0.0,1.0,-1.0,0.0,1.0,-1.0,31.2,56.2,26.7,46.7,
2015-10-24,2015,Vissel Kobe,Montedio Yamagata,3,1,H,O,1.92,3.45,3.8,16,2.0,1.0,2.0,1.0,10.0,3.0,7.0,5.0,5.0,0.0,5.0,-2.0,7.0,2.0,0.0,2.0,1.0,1.0,0.0,20.0,60.0,6.7,40.0,
2015-10-24,2015,Shonan Bellmare,Kashima Antlers,2,1,H,O,4.93,3.78,1.65,17,1.0,4.0,1.0,0.0,4.0,7.0,-3.0,4.0,1.0,3.0,0.0,6.0,-6.0,0.0,2.0,-2.0,0.0,0.0,0.0,31.2,37.5,62.5,25.0,
2015-10-24,2015,Shimizu S-Pulse,Kashiwa Reysol,0,3,A,O,3.15,3.48,2.13,17,0.0,1.0,3.0,3.0,3.0,6.0,-3.0,11.0,7.0,4.0,-8.0,-1.0,-7.0,0.0,1.0,-1.0,2.0,1.0,1.0,12.5,56.2,37.5,50.0,
2015-10-24,2015,Nagoya Grampus,Albirex Niigata,4,2,H,O,3.13,3.33,2.2,16,1.0,2.0,2.0,0.0,2.0,4.0,-2.0,4.0,2.0,2.0,-2.0,2.0,-4.0,1.0,0.0,1.0,1.0,0.0,1.0,46.7,26.7,33.3,46.7,
2015-10-24,2015,Kofu,Sanfrecce Hiroshima,0,2,A,U,4.93,3.48,1.72,16,1.0,4.0,2.0,0.0,2.0,14.0,-12.0,4.0,2.0,2.0,-2.0,12.0,-14.0,0.0,4.0,-4.0,1.0,0.0,1.0,20.0,53.3,73.3,6.7,
2015-10-24,2015,Kawasaki Frontale,Yokohama F. Marinos,0,1,A,U,2.27,3.42,2.93,16,2.0,2.0,1.0,0.0,12.0,7.0,5.0,7.0,4.0,3.0,5.0,3.0,2.0,2.0,1.0,1.0,1.0,0.0,1.0,60.0,20.0,40.0,20.0,
2015-10-24,2015,FC Tokyo,Urawa Reds,3,4,A,O,3.31,3.37,2.11,16,3.0,2.0,1.0,2.0,7.0,7.0,0.0,3.0,8.0,-5.0,4.0,-1.0,5.0,1.0,1.0,0.0,0.0,1.0,-1.0,60.0,26.7,43.8,18.8,
2015-10-17,2015,Yokohama F. Marinos,Vissel Kobe,2,1,H,O,1.88,3.4,4.04,16,3.0,0.0,1.0,4.0,8.0,0.0,8.0,2.0,8.0,-6.0,6.0,-8.0,14.0,2.0,0.0,2.0,0.0,3.0,-3.0,46.7,33.3,33.3,33.3,
2015-10-17,2015,Shimizu S-Pulse,Vegalta Sendai,0,1,A,U,2.47,3.33,2.71,16,0.0,1.0,2.0,2.0,4.0,5.0,-1.0,11.0,7.0,4.0,-7.0,-2.0,-5.0,0.0,0.0,0.0,2.0,1.0,1.0,13.3,53.3,21.4,35.7,
2015-10-17,2015,Sanfrecce Hiroshima,Kawasaki Frontale,2,1,H,O,2.38,3.57,2.68,16,1.0,2.0,2.0,2.0,5.0,6.0,-1.0,6.0,6.0,0.0,-1.0,0.0,-1.0,1.0,1.0,0.0,1.0,1.0,0.0,53.3,33.3,46.7,40.0,
2015-10-17,2015,Sagan Tosu,Nagoya Grampus,0,0,D,U,2.05,3.41,3.43,16,0.0,1.0,3.0,3.0,1.0,5.0,-4.0,6.0,14.0,-8.0,-5.0,-9.0,4.0,0.0,0.0,0.0,1.0,3.0,-2.0,20.0,33.3,26.7,60.0,
2015-10-17,2015,Montedio Yamagata,Kofu,0,1,A,U,2.3,3.02,3.24,16,0.0,1.0,3.0,1.0,3.0,4.0,-1.0,10.0,5.0,5.0,-7.0,-1.0,-6.0,0.0,0.0,0.0,3.0,1.0,2.0,20.0,53.3,40.0,46.7,
2015-10-17,2015,Kashima Antlers,Kashiwa Reysol,3,2,H,O,1.54,4.12,5.65,15,2.0,1.0,2.0,3.0,8.0,4.0,4.0,6.0,7.0,-1.0,2.0,-3.0,5.0,1.0,1.0,0.0,0.0,2.0,-2.0,35.7,42.9,40.0,46.7,
2015-10-17,2015,Gamba Osaka,Urawa Reds,2,1,H,O,2.81,3.41,2.36,15,3.0,3.0,0.0,1.0,6.0,8.0,-2.0,2.0,7.0,-5.0,4.0,1.0,3.0,1.0,1.0,0.0,0.0,1.0,-1.0,57.1,0.0,46.7,13.3,
2015-10-17,2015,FC Tokyo,Shonan Bellmare,1,2,A,O,1.91,3.36,3.96,15,4.0,1.0,0.0,2.0,9.0,3.0,6.0,2.0,4.0,-2.0,7.0,-1.0,8.0,2.0,0.0,2.0,0.0,0.0,0.0,64.3,21.4,35.7,35.7,
2015-10-17,2015,Albirex Niigata,Yamaga,2,0,H,U,1.75,3.58,4.51,16,0.0,0.0,3.0,3.0,3.0,2.0,1.0,7.0,7.0,0.0,-4.0,-5.0,1.0,0.0,0.0,0.0,1.0,2.0,-1.0,13.3,46.7,14.3,57.1,
2015-10-04,2015,Kawasaki Frontale,Gamba Osaka,5,3,H,O,2.37,3.42,2.76,15,2.0,1.0,1.0,1.0,10.0,6.0,4.0,6.0,6.0,0.0,4.0,0.0,4.0,1.0,0.0,1.0,1.0,0.0,1.0,57.1,21.4,46.7,33.3,
2015-10-03,2015,Yamaga,Shimizu S-Pulse,1,0,H,U,2.35,3.4,2.82,16,0.0,1.0,2.0,2.0,4.0,4.0,0.0,7.0,5.0,2.0,-3.0,-1.0,-2.0,0.0,0.0,0.0,1.0,0.0,1.0,26.7,60.0,14.3,57.1,
2015-10-03,2015,Vissel Kobe,Kashima Antlers,0,2,A,U,3.53,3.54,1.97,15,2.0,4.0,2.0,0.0,10.0,8.0,2.0,7.0,1.0,6.0,3.0,7.0,-4.0,2.0,2.0,0.0,1.0,0.0,1.0,21.4,57.1,60.0,26.7,
2015-10-03,2015,Vegalta Sendai,Yokohama F. Marinos,1,3,A,O,3.26,3.23,2.18,16,1.0,2.0,2.0,0.0,4.0,7.0,-3.0,4.0,3.0,1.0,0.0,4.0,-4.0,1.0,1.0,0.0,0.0,0.0,0.0,33.3,53.3,35.7,21.4,
2015-10-03,2015,Urawa Reds,Sagan Tosu,1,1,D,U,1.44,4.43,6.63,15,3.0,1.0,0.0,1.0,6.0,5.0,1.0,2.0,9.0,-7.0,4.0,-4.0,8.0,1.0,1.0,0.0,0.0,1.0,-1.0,85.7,7.1,28.6,50.0,
2015-10-03,2015,Shonan Bellmare,Montedio Yamagata,0,1,A,U,2.2,3.33,3.16,16,2.0,0.0,0.0,1.0,7.0,2.0,5.0,3.0,5.0,-2.0,4.0,-3.0,7.0,1.0,0.0,1.0,0.0,1.0,-1.0,33.3,33.3,0.0,42.9,
2015-10-03,2015,Sanfrecce Hiroshima,FC Tokyo,0,1,A,U,1.93,3.39,3.84,15,1.0,1.0,2.0,1.0,5.0,2.0,3.0,6.0,2.0,4.0,-1.0,0.0,-1.0,1.0,0.0,1.0,1.0,0.0,1.0,57.1,28.6,53.3,26.7,
2015-10-03,2015,Kofu,Albirex Niigata,0,0,D,U,3.41,3.1,2.18,15,1.0,3.0,3.0,0.0,2.0,7.0,-5.0,5.0,3.0,2.0,-3.0,4.0,-7.0,0.0,1.0,-1.0,1.0,0.0,1.0,21.4,57.1,35.7,50.0,
2015-10-03,2015,Kashiwa Reysol,Nagoya Grampus,3,1,H,O,1.84,3.52,4.05,15,2.0,2.0,0.0,2.0,6.0,7.0,-1.0,2.0,11.0,-9.0,4.0,-4.0,8.0,2.0,1.0,1.0,0.0,2.0,-2.0,28.6,28.6,28.6,57.1,
2015-09-26,2015,Shonan Bellmare,Yokohama F. Marinos,1,1,D,U,3.31,3.22,2.17,15,2.0,2.0,1.0,1.0,6.0,6.0,0.0,4.0,4.0,0.0,2.0,2.0,0.0,1.0,1.0,0.0,1.0,1.0,0.0,35.7,35.7,38.5,23.1,
2015-09-26,2015,Shimizu S-Pulse,Sanfrecce Hiroshima,1,5,A,O,3.57,3.59,1.95,15,0.0,4.0,2.0,0.0,4.0,11.0,-7.0,8.0,2.0,6.0,-4.0,9.0,-13.0,0.0,3.0,-3.0,1.0,0.0,1.0,14.3,50.0,71.4,7.1,
2015-09-26,2015,Sagan Tosu,Kofu,0,1,A,U,2.19,3.09,3.39,15,0.0,1.0,2.0,1.0,2.0,5.0,-3.0,6.0,5.0,1.0,-4.0,0.0,-4.0,0.0,1.0,-1.0,1.0,1.0,0.0,21.4,28.6,35.7,50.0,
2015-09-26,2015,Nagoya Grampus,Vissel Kobe,2,0,H,U,2.94,3.3,2.32,15,1.0,1.0,2.0,3.0,2.0,2.0,0.0,5.0,7.0,-2.0,-3.0,-5.0,2.0,0.0,0.0,0.0,1.0,2.0,-1.0,42.9,28.6,35.7,28.6,
2015-09-26,2015,Montedio Yamagata,Vegalta Sendai,1,1,D,U,2.82,3.13,2.5,15,0.0,1.0,4.0,3.0,3.0,5.0,-2.0,12.0,9.0,3.0,-9.0,-4.0,-5.0,0.0,0.0,0.0,4.0,2.0,2.0,21.4,57.1,23.1,38.5,
2015-09-26,2015,Kashima Antlers,Urawa Reds,1,2,A,O,2.15,3.49,3.11,14,3.0,2.0,1.0,2.0,9.0,7.0,2.0,5.0,8.0,-3.0,4.0,-1.0,5.0,1.0,1.0,0.0,0.0,1.0,-1.0,38.5,38.5,42.9,14.3,
2015-09-26,2015,Gamba Osaka,Kashiwa Reysol,3,1,H,O,1.74,3.63,4.48,14,2.0,2.0,0.0,2.0,5.0,4.0,1.0,3.0,4.0,-1.0,2.0,0.0,2.0,0.0,1.0,-1.0,0.0,1.0,-1.0,53.8,0.0,42.9,42.9,
2015-09-26,2015,FC Tokyo,Yamaga,1,0,H,U,1.69,3.65,4.8,14,3.0,1.0,0.0,2.0,8.0,3.0,5.0,2.0,6.0,-4.0,6.0,-3.0,9.0,2.0,0.0,2.0,0.0,2.0,-2.0,61.5,23.1,15.4,53.8,
2015-09-26,2015,Albirex Niigata,Kawasaki Frontale,1,2,A,O,2.64,3.47,2.46,15,0.0,2.0,2.0,2.0,4.0,7.0,-3.0,7.0,6.0,1.0,-3.0,1.0,-4.0,0.0,2.0,-2.0,1.0,1.0,0.0,14.3,42.9,42.9,42.9,
2015-09-23,2015,Yamaga,Montedio Yamagata,2,2,D,O,2.39,3.3,2.83,15,1.0,0.0,2.0,1.0,4.0,0.0,4.0,5.0,3.0,2.0,-1.0,-3.0,2.0,1.0,0.0,1.0,1.0,1.0,0.0,28.6,64.3,0.0,46.2,
2015-09-20,2015,Yamaga,Gamba Osaka,1,1,D,U,3.96,3.52,1.87,14,1.0,2.0,3.0,1.0,4.0,7.0,-3.0,6.0,6.0,0.0,-2.0,1.0,-3.0,1.0,0.0,1.0,1.0,0.0,1.0,30.8,69.2,50.0,35.7,
2015-09-20,2015,Kashiwa Reysol,Montedio Yamagata,0,0,D,U,1.92,3.4,3.88,14,3.0,0.0,0.0,1.0,7.0,1.0,6.0,2.0,4.0,-2.0,5.0,-3.0,8.0,2.0,0.0,2.0,0.0,1.0,-1.0,30.8,30.8,0.0,50.0,
2015-09-19,2015,Yokohama F. Marinos,FC Tokyo,1,0,H,U,1.96,3.35,3.75,15,2.0,1.0,2.0,1.0,7.0,3.0,4.0,3.0,3.0,0.0,4.0,0.0,4.0,2.0,0.0,2.0,0.0,0.0,0.0,42.9,35.7,57.1,21.4,
2015-09-19,2015,Vissel Kobe,Albirex Niigata,1,2,A,O,1.94,3.5,3.63,14,2.0,2.0,2.0,1.0,10.0,6.0,4.0,7.0,5.0,2.0,3.0,1.0,2.0,2.0,1.0,1.0,1.0,1.0,0.0,23.1,53.8,30.8,53.8,
2015-09-19,2015,Vegalta Sendai,Shonan Bellmare,1,1,D,U,2.49,3.2,2.76,15,1.0,1.0,3.0,2.0,4.0,3.0,1.0,5.0,4.0,1.0,-1.0,-1.0,0.0,1.0,0.0,1.0,0.0,0.0,0.0,35.7,57.1,38.5,38.5,
2015-09-19,2015,Shimizu S-Pulse,Urawa Reds,1,4,A,O,4.19,3.71,1.76,14,0.0,1.0,1.0,2.0,5.0,3.0,2.0,6.0,7.0,-1.0,-1.0,-4.0,3.0,0.0,0.0,0.0,0.0,1.0,-1.0,15.4,46.2,38.5,15.4,
2015-09-19,2015,Sanfrecce Hiroshima,Sagan Tosu,0,0,D,U,1.63,3.91,4.94,14,2.0,1.0,2.0,2.0,7.0,5.0,2.0,6.0,10.0,-4.0,1.0,-5.0,6.0,2.0,1.0,1.0,1.0,1.0,0.0,61.5,30.8,30.8,53.8,
2015-09-19,2015,Kofu,Kashima Antlers,0,1,A,U,4.73,3.57,1.71,14,1.0,3.0,3.0,1.0,2.0,7.0,-5.0,5.0,3.0,2.0,-3.0,4.0,-7.0,0.0,2.0,-2.0,1.0,1.0,0.0,23.1,53.8,57.1,28.6,
2015-09-19,2015,Kawasaki Frontale,Nagoya Grampus,6,1,H,O,1.75,3.71,4.3,14,2.0,2.0,1.0,1.0,6.0,8.0,-2.0,5.0,7.0,-2.0,1.0,1.0,0.0,1.0,1.0,0.0,1.0,1.0,0.0,53.8,23.1,30.8,53.8,
2015-09-12,2015,Shonan Bellmare,Yamaga,1,1,D,U,1.8,3.52,4.25,14,3.0,1.0,1.0,3.0,7.0,2.0,5.0,4.0,11.0,-7.0,3.0,-9.0,12.0,1.0,0.0,1.0,1.0,3.0,-2.0,38.5,38.5,16.7,58.3,
2015-09-12,2015,Sagan Tosu,Shimizu S-Pulse,0,0,D,U,2.21,3.4,3.04,14,0.0,1.0,2.0,2.0,3.0,4.0,-1.0,7.0,5.0,2.0,-4.0,-1.0,-3.0,0.0,0.0,0.0,1.0,0.0,1.0,23.1,30.8,15.4,61.5,
2015-09-12,2015,Nagoya Grampus,Vegalta Sendai,0,1,A,U,2.4,3.3,2.82,14,2.0,0.0,1.0,3.0,5.0,4.0,1.0,6.0,9.0,-3.0,-1.0,-5.0,4.0,0.0,0.0,0.0,1.0,2.0,-1.0,46.2,23.1,16.7,41.7,
2015-09-12,2015,Montedio Yamagata,Sanfrecce Hiroshima,1,3,A,O,4.33,3.61,1.77,14,0.0,4.0,3.0,0.0,2.0,12.0,-10.0,9.0,4.0,5.0,-7.0,8.0,-15.0,0.0,2.0,-2.0,3.0,0.0,3.0,23.1,53.8,69.2,7.7,
2015-09-12,2015,Kofu,Kawasaki Frontale,1,3,A,O,3.57,3.36,2.0,13,1.0,1.0,2.0,3.0,1.0,4.0,-3.0,2.0,6.0,-4.0,-1.0,-2.0,1.0,0.0,1.0,-1.0,0.0,1.0,-1.0,25.0,50.0,38.5,46.2,
2015-09-12,2015,Kashima Antlers,Gamba Osaka,1,2,A,O,2.2,3.42,3.04,13,3.0,1.0,0.0,2.0,8.0,7.0,1.0,3.0,8.0,-5.0,5.0,-1.0,6.0,1.0,0.0,1.0,0.0,0.0,0.0,41.7,33.3,46.2,38.5,
2015-09-12,2015,FC Tokyo,Vissel Kobe,3,0,H,O,2.4,3.3,2.82,13,3.0,2.0,0.0,2.0,8.0,7.0,1.0,3.0,4.0,-1.0,5.0,3.0,2.0,2.0,1.0,1.0,0.0,1.0,-1.0,58.3,25.0,38.5,23.1,
2015-09-12,2015,Albirex Niigata,Yokohama F. Marinos,1,1,D,U,2.72,3.26,2.49,14,1.0,2.0,2.0,1.0,4.0,7.0,-3.0,6.0,5.0,1.0,-2.0,2.0,-4.0,0.0,1.0,-1.0,1.0,1.0,0.0,15.4,46.2,41.7,25.0,
2015-09-11,2015,Urawa Reds,Kashiwa Reysol,1,0,H,U,1.82,3.77,3.88,14,2.0,3.0,1.0,1.0,6.0,5.0,1.0,4.0,3.0,1.0,2.0,2.0,0.0,1.0,1.0,0.0,0.0,1.0,-1.0,84.6,7.7,46.2,38.5,
2015-08-30,2015,Kashiwa Reysol,Kofu,2,2,D,O,1.98,3.25,3.81,13,3.0,1.0,1.0,2.0,7.0,4.0,3.0,3.0,5.0,-2.0,4.0,-1.0,5.0,2.0,1.0,1.0,0.0,1.0,-1.0,33.3,33.3,38.5,53.8,
2015-08-30,2015,Gamba Osaka,Shonan Bellmare,1,0,H,U,1.78,3.57,4.3,13,2.0,1.0,0.0,1.0,6.0,4.0,2.0,4.0,4.0,0.0,2.0,0.0,2.0,0.0,0.0,0.0,0.0,0.0,0.0,50.0,0.0,41.7,33.3,
2015-08-29,2015,Yokohama F. Marinos,Urawa Reds,4,0,H,O,2.73,3.3,2.46,14,1.0,2.0,2.0,1.0,4.0,5.0,-1.0,4.0,4.0,0.0,0.0,1.0,-1.0,1.0,0.0,1.0,0.0,0.0,0.0,38.5,38.5,41.7,8.3,
2015-08-29,2015,Vissel Kobe,Sagan Tosu,7,1,H,O,2.1,3.37,3.31,13,1.0,2.0,2.0,1.0,4.0,7.0,-3.0,7.0,5.0,2.0,-3.0,2.0,-5.0,1.0,1.0,0.0,1.0,0.0,1.0,16.7,58.3,33.3,50.0,
2015-08-29,2015,Vegalta Sendai,Albirex Niigata,0,1,A,U,2.9,3.4,2.3,14,1.0,1.0,3.0,2.0,7.0,7.0,0.0,8.0,10.0,-2.0,-1.0,-3.0,2.0,1.0,1.0,0.0,0.0,2.0,-2.0,38.5,53.8,25.0,58.3,
2015-08-29,2015,Shimizu S-Pulse,FC Tokyo,1,1,D,U,2.66,3.4,2.47,13,0.0,1.0,2.0,2.0,4.0,2.0,2.0,10.0,4.0,6.0,-6.0,-2.0,-4.0,0.0,0.0,0.0,1.0,1.0,0.0,16.7,50.0,61.5,23.1,
2015-08-29,2015,Sanfrecce Hiroshima,Nagoya Grampus,5,2,H,O,1.74,3.68,4.39,13,2.0,2.0,2.0,1.0,8.0,7.0,1.0,4.0,4.0,0.0,4.0,3.0,1.0,2.0,1.0,1.0,1.0,0.0,1.0,58.3,33.3,33.3,50.0,
2015-08-29,2015,Kawasaki Frontale,Kashima Antlers,1,3,A,O,2.55,3.48,2.53,13,3.0,3.0,0.0,1.0,7.0,7.0,0.0,2.0,4.0,-2.0,5.0,3.0,2.0,2.0,1.0,1.0,0.0,1.0,-1.0,58.3,16.7,53.8,30.8,
2015-08-22,2015,Urawa Reds,Vegalta Sendai,3,1,H,O,1.56,4.03,5.4,13,2.0,0.0,1.0,2.0,8.0,4.0,4.0,5.0,7.0,-2.0,3.0,-3.0,6.0,1.0,0.0,1.0,0.0,1.0,-1.0,83.3,8.3,18.2,36.4,
2015-08-22,2015,Shonan Bellmare,Kawasaki Frontale,2,1,H,O,2.82,3.34,2.37,13,2.0,1.0,2.0,2.0,6.0,4.0,2.0,6.0,5.0,1.0,0.0,-1.0,1.0,1.0,1.0,0.0,2.0,1.0,1.0,33.3,41.7,41.7,41.7,
2015-08-22,2015,Sagan Tosu,Yokohama F. Marinos,1,2,A,O,3.0,3.12,2.37,13,0.0,1.0,1.0,1.0,4.0,6.0,-2.0,7.0,5.0,2.0,-3.0,1.0,-4.0,0.0,1.0,-1.0,1.0,1.0,0.0,25.0,25.0,36.4,27.3,
2015-08-22,2015,Nagoya Grampus,FC Tokyo,0,0,D,U,2.44,3.28,2.77,13,3.0,2.0,1.0,2.0,6.0,4.0,2.0,6.0,5.0,1.0,0.0,-1.0,1.0,0.0,0.0,0.0,1.0,1.0,0.0,50.0,25.0,66.7,25.0,
2015-08-22,2015,Kofu,Vissel Kobe,1,0,H,U,3.19,3.12,2.27,12,0.0,2.0,2.0,1.0,1.0,7.0,-6.0,3.0,3.0,0.0,-2.0,4.0,-6.0,0.0,1.0,-1.0,0.0,1.0,-1.0,18.2,54.5,41.7,16.7,
2015-08-22,2015,Kashima Antlers,Montedio Yamagata,3,0,H,O,1.44,4.38,6.71,12,2.0,0.0,1.0,1.0,7.0,2.0,5.0,6.0,6.0,0.0,1.0,-4.0,5.0,0.0,0.0,0.0,0.0,1.0,-1.0,36.4,36.4,0.0,45.5,
2015-08-22,2015,Gamba Osaka,Shimizu S-Pulse,1,0,H,U,1.49,4.28,5.9,12,1.0,1.0,0.0,2.0,6.0,6.0,0.0,5.0,7.0,-2.0,1.0,-1.0,2.0,0.0,0.0,0.0,0.0,0.0,0.0,45.5,0.0,16.7,58.3,
2015-08-22,2015,Albirex Niigata,Sanfrecce Hiroshima,0,2,A,U,2.75,3.37,2.41,13,1.0,3.0,2.0,0.0,6.0,12.0,-6.0,7.0,6.0,1.0,-1.0,6.0,-7.0,0.0,1.0,-1.0,0.0,0.0,0.0,16.7,41.7,66.7,8.3,
2015-08-20,2015,Kashiwa Reysol,Yamaga,2,0,H,U,1.74,3.65,4.44,12,3.0,1.0,1.0,3.0,6.0,2.0,4.0,3.0,11.0,-8.0,3.0,-9.0,12.0,1.0,0.0,1.0,0.0,3.0,-3.0,27.3,36.4,18.2,54.5,
2015-08-16,2015,Yokohama F. Marinos,Kofu,2,0,H,U,1.79,3.25,4.83,13,0.0,2.0,3.0,1.0,2.0,6.0,-4.0,7.0,3.0,4.0,-5.0,3.0,-8.0,0.0,2.0,-2.0,1.0,0.0,1.0,33.3,41.7,41.7,50.0,
2015-08-16,2015,Yamaga,Nagoya Grampus,0,1,A,U,2.72,3.46,2.39,13,1.0,1.0,3.0,2.0,6.0,6.0,0.0,8.0,6.0,2.0,-2.0,0.0,-2.0,1.0,1.0,0.0,1.0,1.0,0.0,33.3,66.7,27.3,54.5,
2015-08-16,2015,Vissel Kobe,Kawasaki Frontale,2,0,H,U,2.58,3.4,2.53,12,0.0,2.0,2.0,1.0,3.0,7.0,-4.0,8.0,5.0,3.0,-5.0,2.0,-7.0,0.0,1.0,-1.0,1.0,0.0,1.0,9.1,63.6,45.5,36.4,
2015-08-16,2015,Urawa Reds,Shonan Bellmare,1,0,H,U,1.62,3.81,5.07,12,2.0,2.0,1.0,0.0,8.0,7.0,1.0,5.0,5.0,0.0,3.0,2.0,1.0,1.0,0.0,1.0,0.0,0.0,0.0,81.8,9.1,45.5,27.3,
2015-08-16,2015,Shimizu S-Pulse,Albirex Niigata,1,1,D,U,2.87,3.46,2.29,12,0.0,2.0,3.0,2.0,3.0,9.0,-6.0,11.0,10.0,1.0,-8.0,-1.0,-7.0,0.0,2.0,-2.0,2.0,2.0,0.0,18.2,54.5,27.3,63.6,
2015-08-16,2015,Sanfrecce Hiroshima,Kashiwa Reysol,0,3,A,O,1.84,3.46,4.13,12,3.0,2.0,1.0,1.0,13.0,3.0,10.0,2.0,4.0,-2.0,11.0,-1.0,12.0,3.0,0.0,3.0,0.0,1.0,-1.0,63.6,27.3,41.7,41.7,
2015-08-16,2015,Montedio Yamagata,Sagan Tosu,1,3,A,O,2.72,3.14,2.56,13,0.0,1.0,3.0,2.0,2.0,4.0,-2.0,9.0,9.0,0.0,-7.0,-5.0,-2.0,0.0,0.0,0.0,3.0,1.0,2.0,25.0,50.0,27.3,54.5,
2015-08-16,2015,Kashima Antlers,Vegalta Sendai,3,2,H,O,1.64,3.81,4.94,11,2.0,1.0,1.0,1.0,7.0,3.0,4.0,5.0,4.0,1.0,2.0,-1.0,3.0,1.0,0.0,1.0,0.0,1.0,-1.0,30.0,40.0,20.0,30.0,
2015-08-16,2015,FC Tokyo,Gamba Osaka,2,1,H,O,3.15,3.32,2.19,12,3.0,2.0,0.0,1.0,9.0,9.0,0.0,4.0,7.0,-3.0,5.0,2.0,3.0,2.0,1.0,1.0,0.0,0.0,0.0,54.5,27.3,50.0,33.3,
2015-08-12,2015,Vegalta Sendai,Yamaga,3,1,H,O,1.8,3.59,4.14,13,1.0,1.0,3.0,3.0,6.0,2.0,4.0,7.0,11.0,-4.0,-1.0,-9.0,8.0,1.0,0.0,1.0,0.0,3.0,-3.0,33.3,58.3,20.0,50.0,
2015-08-12,2015,Shimizu S-Pulse,Shonan Bellmare,1,2,A,O,2.55,3.35,2.6,11,1.0,1.0,2.0,1.0,7.0,6.0,1.0,11.0,6.0,5.0,-4.0,0.0,-4.0,1.0,0.0,1.0,2.0,0.0,2.0,20.0,50.0,40.0,30.0,
2015-08-12,2015,Sanfrecce Hiroshima,Kashima Antlers,0,1,A,U,2.18,3.56,2.98,11,4.0,3.0,0.0,1.0,17.0,9.0,8.0,3.0,4.0,-1.0,14.0,5.0,9.0,4.0,2.0,2.0,0.0,1.0,-1.0,70.0,20.0,50.0,33.3,
2015-08-12,2015,Nagoya Grampus,Yokohama F. Marinos,0,3,A,O,3.11,3.26,2.23,12,3.0,0.0,0.0,1.0,6.0,4.0,2.0,3.0,6.0,-3.0,3.0,-2.0,5.0,0.0,0.0,0.0,0.0,1.0,-1.0,54.5,18.2,30.0,30.0,
2015-08-12,2015,Kofu,FC Tokyo,0,1,A,U,2.94,2.97,2.51,11,0.0,2.0,1.0,2.0,2.0,5.0,-3.0,3.0,6.0,-3.0,-1.0,-1.0,0.0,0.0,0.0,0.0,0.0,1.0,-1.0,20.0,50.0,63.6,27.3,
2015-08-12,2015,Kawasaki Frontale,Montedio Yamagata,0,0,D,U,1.51,4.18,5.75,12,4.0,0.0,0.0,1.0,9.0,2.0,7.0,3.0,6.0,-3.0,6.0,-4.0,10.0,2.0,0.0,2.0,0.0,1.0,-1.0,63.6,18.2,0.0,50.0,
2015-08-12,2015,Kashiwa Reysol,Vissel Kobe,2,0,H,U,2.36,3.34,2.83,11,2.0,3.0,2.0,0.0,6.0,8.0,-2.0,6.0,1.0,5.0,0.0,7.0,-7.0,0.0,1.0,-1.0,0.0,0.0,0.0,20.0,40.0,45.5,9.1,
2015-08-12,2015,Albirex Niigata,Urawa Reds,1,2,A,O,3.46,3.47,2.01,12,1.0,1.0,1.0,1.0,6.0,4.0,2.0,6.0,4.0,2.0,0.0,0.0,0.0,0.0,0.0,0.0,0.0,0.0,0.0,18.2,36.4,36.4,9.1,
2015-07-29,2015,Yokohama F. Marinos,Shimizu S-Pulse,1,2,A,O,1.71,3.65,4.6,12,0.0,0.0,2.0,3.0,2.0,4.0,-2.0,6.0,7.0,-1.0,-4.0,-3.0,-1.0,0.0,0.0,0.0,1.0,0.0,1.0,36.4,36.4,9.1,63.6,
2015-07-29,2015,Yamaga,Kawasaki Frontale,1,3,A,O,3.82,3.67,1.84,12,1.0,1.0,3.0,2.0,6.0,6.0,0.0,7.0,9.0,-2.0,-1.0,-3.0,2.0,1.0,0.0,1.0,0.0,1.0,-1.0,36.4,63.6,40.0,40.0,
2015-07-29,2015,Vissel Kobe,Sanfrecce Hiroshima,0,4,A,O,2.83,3.36,2.35,11,0.0,3.0,1.0,0.0,4.0,11.0,-7.0,5.0,8.0,-3.0,-1.0,3.0,-4.0,0.0,0.0,0.0,0.0,0.0,0.0,10.0,60.0,63.6,9.1,
2015-07-29,2015,Urawa Reds,Kofu,1,1,D,U,1.5,3.92,6.57,11,3.0,3.0,1.0,1.0,9.0,7.0,2.0,5.0,2.0,3.0,4.0,5.0,-1.0,1.0,3.0,-2.0,0.0,0.0,0.0,90.0,10.0,45.5,54.5,
2015-07-29,2015,Shonan Bellmare,Kashiwa Reysol,3,0,H,O,2.64,3.25,2.56,12,1.0,2.0,2.0,1.0,3.0,3.0,0.0,6.0,2.0,4.0,-3.0,1.0,-4.0,0.0,0.0,0.0,2.0,0.0,2.0,27.3,45.5,45.5,36.4,
2015-07-29,2015,Sagan Tosu,Kashima Antlers,0,3,A,O,3.06,3.37,2.2,12,0.0,2.0,1.0,1.0,5.0,8.0,-3.0,6.0,6.0,0.0,-1.0,2.0,-3.0,0.0,1.0,-1.0,0.0,1.0,-1.0,27.3,18.2,45.5,36.4,
2015-07-29,2015,Montedio Yamagata,Nagoya Grampus,0,3,A,O,2.75,3.35,2.4,12,0.0,0.0,2.0,2.0,4.0,4.0,0.0,8.0,7.0,1.0,-4.0,-3.0,-1.0,0.0,0.0,0.0,2.0,1.0,1.0,27.3,45.5,20.0,60.0,
2015-07-29,2015,FC Tokyo,Vegalta Sendai,3,1,H,O,2.17,3.32,3.19,11,3.0,2.0,0.0,0.0,8.0,5.0,3.0,4.0,1.0,3.0,4.0,4.0,0.0,1.0,1.0,0.0,0.0,0.0,0.0,50.0,30.0,22.2,22.2,
2015-07-29,2015,Albirex Niigata,Gamba Osaka,2,2,D,O,2.88,3.39,2.3,11,1.0,2.0,2.0,2.0,4.0,7.0,-3.0,6.0,6.0,0.0,-2.0,1.0,-3.0,0.0,1.0,-1.0,1.0,0.0,1.0,20.0,40.0,54.5,36.4,
2015-07-25,2015,Vissel Kobe,Gamba Osaka,1,2,A,O,3.02,3.34,2.25,10,0.0,1.0,1.0,2.0,3.0,6.0,-3.0,4.0,6.0,-2.0,-1.0,0.0,-1.0,0.0,1.0,-1.0,0.0,0.0,0.0,11.1,55.6,50.0,40.0,
2015-07-25,2015,Vegalta Sendai,Kashiwa Reysol,0,1,A,U,2.64,3.3,2.54,12,2.0,1.0,2.0,2.0,11.0,3.0,8.0,6.0,4.0,2.0,5.0,-1.0,6.0,2.0,0.0,2.0,0.0,0.0,0.0,36.4,54.5,40.0,40.0,
2015-07-25,2015,Sanfrecce Hiroshima,Yokohama F. Marinos,2,0,H,U,2.06,3.33,3.44,10,3.0,1.0,1.0,0.0,15.0,7.0,8.0,4.0,4.0,0.0,11.0,3.0,8.0,3.0,1.0,2.0,0.0,0.0,0.0,66.7,22.2,33.3,22.2,
2015-07-25,2015,Sagan Tosu,Shonan Bellmare,1,1,D,U,2.49,3.24,2.74,11,0.0,1.0,2.0,1.0,5.0,5.0,0.0,11.0,5.0,6.0,-6.0,0.0,-6.0,0.0,0.0,0.0,1.0,0.0,1.0,30.0,20.0,44.4,33.3,
2015-07-25,2015,Nagoya Grampus,Urawa Reds,2,1,H,O,3.88,3.57,1.86,11,2.0,1.0,1.0,0.0,4.0,6.0,-2.0,3.0,5.0,-2.0,1.0,1.0,0.0,0.0,0.0,0.0,0.0,0.0,0.0,50.0,20.0,40.0,0.0,
2015-07-25,2015,Montedio Yamagata,Albirex Niigata,1,3,A,O,3.11,3.3,2.22,11,0.0,1.0,2.0,3.0,3.0,8.0,-5.0,6.0,13.0,-7.0,-3.0,-5.0,2.0,0.0,1.0,-1.0,1.0,3.0,-2.0,30.0,40.0,20.0,70.0,
2015-07-25,2015,Kofu,Yamaga,0,1,A,U,2.24,3.15,3.21,10,1.0,0.0,0.0,3.0,4.0,2.0,2.0,2.0,12.0,-10.0,2.0,-10.0,12.0,1.0,0.0,1.0,0.0,3.0,-3.0,22.2,44.4,11.1,55.6,
2015-07-25,2015,Kawasaki Frontale,Shimizu S-Pulse,3,2,H,O,1.71,3.84,4.38,11,4.0,0.0,0.0,3.0,9.0,2.0,7.0,3.0,8.0,-5.0,6.0,-6.0,12.0,2.0,0.0,2.0,0.0,1.0,-1.0,60.0,20.0,10.0,60.0,
2015-07-25,2015,Kashima Antlers,FC Tokyo,2,1,H,O,1.91,3.51,3.72,10,1.0,2.0,1.0,2.0,7.0,5.0,2.0,6.0,8.0,-2.0,1.0,-3.0,4.0,1.0,0.0,1.0,0.0,2.0,-2.0,22.2,44.4,70.0,20.0,
2015-07-22,2015,Gamba Osaka,Sagan Tosu,1,1,D,U,1.59,3.83,5.42,11,1.0,1.0,0.0,3.0,5.0,5.0,0.0,4.0,11.0,-7.0,1.0,-6.0,7.0,0.0,0.0,0.0,0.0,1.0,-1.0,50.0,0.0,30.0,60.0,
2015-07-19,2015,Yamaga,Kashima Antlers,2,0,H,U,4.93,3.92,1.62,11,0.0,2.0,4.0,1.0,4.0,8.0,-4.0,10.0,6.0,4.0,-6.0,2.0,-8.0,0.0,1.0,-1.0,1.0,1.0,0.0,30.0,70.0,50.0,30.0,
2015-07-19,2015,Vegalta Sendai,Vissel Kobe,1,2,A,O,2.62,3.28,2.57,11,2.0,2.0,2.0,1.0,10.0,6.0,4.0,5.0,2.0,3.0,5.0,4.0,1.0,2.0,1.0,1.0,0.0,1.0,-1.0,40.0,50.0,40.0,10.0,
2015-07-19,2015,Urawa Reds,Sanfrecce Hiroshima,1,2,A,O,2.1,3.41,3.25,10,4.0,2.0,0.0,0.0,12.0,9.0,3.0,4.0,7.0,-3.0,8.0,2.0,6.0,2.0,0.0,2.0,0.0,0.0,0.0,100.0,0.0,60.0,10.0,
2015-07-19,2015,Shonan Bellmare,Kofu,0,2,A,U,2.14,3.14,3.44,11,2.0,3.0,1.0,1.0,7.0,6.0,1.0,4.0,2.0,2.0,3.0,4.0,-1.0,1.0,2.0,-1.0,1.0,0.0,1.0,30.0,40.0,40.0,60.0,
2015-07-19,2015,Shimizu S-Pulse,Nagoya Grampus,2,2,D,O,2.52,3.47,2.57,10,1.0,1.0,3.0,2.0,6.0,3.0,3.0,11.0,5.0,6.0,-5.0,-2.0,-3.0,1.0,0.0,1.0,2.0,1.0,1.0,22.2,55.6,22.2,66.7,
2015-07-19,2015,Kashiwa Reysol,Kawasaki Frontale,1,0,H,U,2.58,3.43,2.52,10,1.0,1.0,2.0,1.0,8.0,7.0,1.0,9.0,9.0,0.0,-1.0,-2.0,1.0,0.0,0.0,0.0,0.0,1.0,-1.0,11.1,44.4,44.4,33.3,
2015-07-19,2015,Gamba Osaka,Yokohama F. Marinos,2,2,D,O,1.89,3.38,4.0,10,2.0,2.0,0.0,0.0,5.0,7.0,-2.0,2.0,3.0,-1.0,3.0,4.0,-1.0,1.0,1.0,0.0,0.0,0.0,0.0,55.6,0.0,37.5,25.0,
2015-07-19,2015,FC Tokyo,Montedio Yamagata,0,0,D,U,1.79,3.5,4.34,10,3.0,0.0,1.0,2.0,8.0,2.0,6.0,5.0,8.0,-3.0,3.0,-6.0,9.0,1.0,0.0,1.0,0.0,2.0,-2.0,55.6,33.3,0.0,55.6,
2015-07-19,2015,Albirex Niigata,Sagan Tosu,1,0,H,U,2.12,3.42,3.21,10,0.0,2.0,3.0,2.0,3.0,6.0,-3.0,9.0,10.0,-1.0,-6.0,-4.0,-2.0,0.0,0.0,0.0,2.0,1.0,1.0,11.1,44.4,33.3,55.6,
2015-07-15,2015,Yokohama F. Marinos,Kashiwa Reysol,0,1,A,U,2.16,3.3,3.2,11,1.0,0.0,1.0,3.0,3.0,2.0,1.0,5.0,7.0,-2.0,-2.0,-5.0,3.0,0.0,0.0,0.0,1.0,1.0,0.0,40.0,30.0,33.3,44.4,
2015-07-15,2015,Vissel Kobe,Shonan Bellmare,1,1,D,U,2.09,3.32,3.3,9,0.0,2.0,2.0,1.0,3.0,5.0,-2.0,5.0,4.0,1.0,-2.0,1.0,-3.0,0.0,0.0,0.0,0.0,0.0,0.0,12.5,62.5,50.0,37.5,
2015-07-15,2015,Sanfrecce Hiroshima,Yamaga,6,0,H,O,1.44,4.32,6.73,9,3.0,0.0,1.0,3.0,11.0,2.0,9.0,4.0,7.0,-3.0,7.0,-5.0,12.0,3.0,0.0,3.0,0.0,2.0,-2.0,62.5,25.0,12.5,50.0,
2015-07-15,2015,Sagan Tosu,Kawasaki Frontale,1,1,D,U,2.81,3.33,2.37,10,0.0,2.0,2.0,1.0,5.0,7.0,-2.0,11.0,8.0,3.0,-6.0,-1.0,-5.0,0.0,0.0,0.0,1.0,1.0,0.0,33.3,22.2,50.0,37.5,
2015-07-15,2015,Nagoya Grampus,Gamba Osaka,3,2,H,O,3.72,3.42,1.94,10,1.0,2.0,2.0,1.0,1.0,5.0,-4.0,2.0,3.0,-1.0,-1.0,2.0,-3.0,0.0,1.0,-1.0,0.0,0.0,0.0,44.4,22.2,55.6,33.3,
2015-07-15,2015,Montedio Yamagata,Urawa Reds,0,0,D,U,5.02,3.89,1.61,10,1.0,2.0,2.0,0.0,6.0,12.0,-6.0,6.0,6.0,0.0,0.0,6.0,-6.0,1.0,1.0,0.0,1.0,0.0,1.0,33.3,44.4,44.4,0.0,
2015-07-15,2015,Kofu,Vegalta Sendai,0,0,D,U,2.79,3.1,2.53,9,1.0,2.0,1.0,1.0,4.0,5.0,-1.0,3.0,3.0,0.0,1.0,2.0,-1.0,1.0,1.0,0.0,0.0,1.0,-1.0,25.0,50.0,25.0,25.0,
2015-07-15,2015,Kashima Antlers,Shimizu S-Pulse,0,0,D,U,1.49,4.36,5.61,9,1.0,1.0,2.0,3.0,7.0,4.0,3.0,7.0,9.0,-2.0,0.0,-5.0,5.0,1.0,0.0,1.0,0.0,1.0,-1.0,25.0,50.0,11.1,66.7,
2015-07-15,2015,FC Tokyo,Albirex Niigata,3,1,H,O,2.27,3.31,2.98,9,2.0,1.0,2.0,3.0,5.0,7.0,-2.0,5.0,11.0,-6.0,0.0,-4.0,4.0,0.0,1.0,-1.0,0.0,2.0,-2.0,50.0,37.5,22.2,66.7,
2015-07-11,2015,Yokohama F. Marinos,Montedio Yamagata,1,1,D,U,1.63,3.65,5.31,10,2.0,0.0,1.0,2.0,4.0,2.0,2.0,4.0,8.0,-4.0,0.0,-6.0,6.0,1.0,0.0,1.0,1.0,2.0,-1.0,44.4,33.3,0.0,62.5,
2015-07-11,2015,Yamaga,Urawa Reds,1,2,A,O,5.89,3.95,1.53,10,1.0,1.0,3.0,0.0,5.0,14.0,-9.0,8.0,9.0,-1.0,-3.0,5.0,-8.0,1.0,1.0,0.0,1.0,0.0,1.0,33.3,66.7,37.5,0.0,
2015-07-11,2015,Vegalta Sendai,Sanfrecce Hiroshima,3,4,A,O,3.0,3.29,2.28,10,2.0,1.0,1.0,0.0,11.0,7.0,4.0,5.0,6.0,-1.0,6.0,1.0,5.0,2.0,0.0,2.0,0.0,0.0,0.0,44.4,44.4,55.6,11.1,
2015-07-11,2015,Shonan Bellmare,Nagoya Grampus,2,1,H,O,2.18,3.3,3.17,10,1.0,1.0,1.0,2.0,6.0,2.0,4.0,4.0,5.0,-1.0,2.0,-3.0,5.0,1.0,0.0,1.0,1.0,2.0,-1.0,22.2,44.4,25.0,62.5,
2015-07-11,2015,Shimizu S-Pulse,Vissel Kobe,0,5,A,O,2.62,3.38,2.5,9,1.0,1.0,2.0,1.0,8.0,2.0,6.0,8.0,3.0,5.0,0.0,-1.0,1.0,1.0,0.0,1.0,1.0,1.0,0.0,25.0,50.0,33.3,11.1,
2015-07-11,2015,Kawasaki Frontale,FC Tokyo,2,0,H,U,2.02,3.38,3.51,10,3.0,3.0,1.0,1.0,7.0,8.0,-1.0,4.0,8.0,-4.0,3.0,0.0,3.0,1.0,0.0,1.0,0.0,1.0,-1.0,55.6,22.2,77.8,11.1,
2015-07-11,2015,Kashiwa Reysol,Sagan Tosu,2,3,A,O,2.01,3.35,3.57,9,1.0,1.0,1.0,2.0,6.0,5.0,1.0,6.0,10.0,-4.0,0.0,-5.0,5.0,0.0,0.0,0.0,0.0,1.0,-1.0,12.5,37.5,25.0,62.5,
2015-07-11,2015,Gamba Osaka,Kofu,2,1,H,O,1.45,4.06,7.06,9,1.0,3.0,0.0,1.0,4.0,5.0,-1.0,2.0,2.0,0.0,2.0,3.0,-1.0,1.0,2.0,-1.0,0.0,1.0,-1.0,50.0,0.0,44.4,55.6,
2015-07-11,2015,Albirex Niigata,Kashima Antlers,2,3,A,O,3.05,3.44,2.18,9,0.0,1.0,2.0,2.0,2.0,6.0,-4.0,7.0,6.0,1.0,-5.0,0.0,-5.0,0.0,1.0,-1.0,2.0,1.0,1.0,12.5,37.5,44.4,33.3,
2015-06-27,2015,Yamaga,Shonan Bellmare,2,3,A,O,3.08,3.24,2.26,9,2.0,1.0,2.0,2.0,5.0,2.0,3.0,5.0,5.0,0.0,0.0,-3.0,3.0,2.0,0.0,2.0,1.0,1.0,0.0,37.5,62.5,42.9,42.9,D
2015-06-27,2015,Vissel Kobe,Yokohama F. Marinos,1,1,D,U,2.78,3.2,2.47,8,0.0,2.0,3.0,1.0,2.0,6.0,-4.0,5.0,3.0,2.0,-3.0,3.0,-6.0,0.0,1.0,-1.0,0.0,0.0,0.0,14.3,71.4,42.9,28.6,D
2015-06-27,2015,Vegalta Sendai,Nagoya Grampus,2,0,H,U,2.35,3.3,2.88,9,1.0,2.0,2.0,1.0,11.0,3.0,8.0,8.0,3.0,5.0,3.0,0.0,3.0,1.0,0.0,1.0,0.0,1.0,-1.0,37.5,50.0,28.6,57.1,H
2015-06-27,2015,Urawa Reds,Albirex Niigata,5,2,H,O,1.58,3.91,5.41,9,4.0,2.0,0.0,2.0,8.0,7.0,1.0,2.0,7.0,-5.0,6.0,0.0,6.0,1.0,1.0,0.0,0.0,1.0,-1.0,100.0,0.0,25.0,62.5,H
2015-06-27,2015,Sagan Tosu,Sanfrecce Hiroshima,2,2,D,O,3.41,3.36,2.06,9,0.0,2.0,2.0,0.0,4.0,6.0,-2.0,10.0,4.0,6.0,-6.0,2.0,-8.0,0.0,0.0,0.0,1.0,0.0,1.0,37.5,25.0,62.5,12.5,H
2015-06-27,2015,Montedio Yamagata,Gamba Osaka,1,3,A,O,4.88,3.81,1.65,9,2.0,1.0,1.0,2.0,6.0,2.0,4.0,3.0,3.0,0.0,3.0,-1.0,4.0,1.0,0.0,1.0,0.0,0.0,0.0,37.5,37.5,50.0,37.5,D
2015-06-27,2015,Kofu,Kashiwa Reysol,1,1,D,U,3.56,3.24,2.06,8,1.0,1.0,2.0,3.0,3.0,5.0,-2.0,4.0,7.0,-3.0,-1.0,-2.0,1.0,1.0,1.0,0.0,1.0,1.0,0.0,28.6,57.1,37.5,50.0,D
2015-06-27,2015,Kashima Antlers,Kawasaki Frontale,2,3,A,O,1.88,3.72,3.64,8,1.0,1.0,2.0,2.0,6.0,5.0,1.0,6.0,8.0,-2.0,0.0,-3.0,3.0,1.0,0.0,1.0,0.0,1.0,-1.0,28.6,42.9,42.9,42.9,A
2015-06-27,2015,FC Tokyo,Shimizu S-Pulse,3,2,H,O,1.73,3.68,4.48,8,2.0,1.0,2.0,2.0,4.0,2.0,2.0,4.0,6.0,-2.0,0.0,-4.0,4.0,0.0,0.0,0.0,0.0,1.0,-1.0,42.9,42.9,12.5,62.5,H
2015-06-23,2015,Kashiwa Reysol,Gamba Osaka,1,0,H,U,2.97,3.38,2.24,8,0.0,2.0,1.0,1.0,5.0,4.0,1.0,6.0,2.0,4.0,-1.0,2.0,-3.0,0.0,1.0,-1.0,0.0,0.0,0.0,0.0,42.9,57.1,28.6,
2015-06-20,2015,Yokohama F. Marinos,Kashima Antlers,0,3,A,O,2.71,3.29,2.48,9,2.0,1.0,1.0,2.0,5.0,4.0,1.0,3.0,6.0,-3.0,2.0,-2.0,4.0,1.0,0.0,1.0,0.0,1.0,-1.0,50.0,25.0,37.5,37.5,A
2015-06-20,2015,Vissel Kobe,Urawa Reds,1,1,D,U,3.73,3.45,1.92,7,1.0,2.0,3.0,0.0,5.0,15.0,-10.0,5.0,8.0,-3.0,0.0,7.0,-7.0,1.0,2.0,-1.0,0.0,0.0,0.0,16.7,83.3,42.9,0.0,A
2015-06-20,2015,Shonan Bellmare,Albirex Niigata,1,3,A,O,2.38,3.17,2.93,9,2.0,1.0,0.0,3.0,9.0,5.0,4.0,3.0,8.0,-5.0,6.0,-3.0,9.0,2.0,0.0,2.0,0.0,1.0,-1.0,25.0,37.5,14.3,71.4,H
2015-06-20,2015,Shimizu S-Pulse,Kofu,0,2,A,U,2.21,3.23,3.16,8,1.0,3.0,1.0,1.0,11.0,4.0,7.0,9.0,2.0,7.0,2.0,2.0,0.0,1.0,1.0,0.0,0.0,1.0,-1.0,28.6,42.9,37.5,62.5,
2015-06-20,2015,Sanfrecce Hiroshima,Montedio Yamagata,5,1,H,O,1.6,3.79,5.37,8,3.0,0.0,1.0,1.0,8.0,4.0,4.0,3.0,6.0,-3.0,5.0,-2.0,7.0,3.0,0.0,3.0,0.0,1.0,-1.0,57.1,28.6,0.0,57.1,H
2015-06-20,2015,Sagan Tosu,FC Tokyo,1,2,A,O,2.61,3.21,2.64,8,0.0,3.0,1.0,1.0,4.0,7.0,-3.0,9.0,7.0,2.0,-5.0,0.0,-5.0,0.0,0.0,0.0,1.0,1.0,0.0,42.9,14.3,75.0,12.5,H
2015-06-20,2015,Nagoya Grampus,Kashiwa Reysol,1,0,H,U,2.62,3.37,2.51,9,1.0,1.0,2.0,2.0,3.0,6.0,-3.0,2.0,7.0,-5.0,1.0,-1.0,2.0,1.0,1.0,0.0,0.0,1.0,-1.0,37.5,25.0,42.9,42.9,D
2015-06-20,2015,Kawasaki Frontale,Yamaga,2,0,H,U,1.62,3.96,4.9,9,2.0,0.0,2.0,2.0,6.0,2.0,4.0,8.0,5.0,3.0,-2.0,-3.0,1.0,0.0,0.0,0.0,1.0,1.0,0.0,50.0,25.0,14.3,42.9,H
2015-06-20,2015,Gamba Osaka,Vegalta Sendai,1,1,D,U,1.51,4.02,6.12,8,2.0,2.0,0.0,2.0,4.0,4.0,0.0,1.0,3.0,-2.0,3.0,1.0,2.0,1.0,1.0,0.0,0.0,1.0,-1.0,57.1,0.0,28.6,28.6,H
2015-06-07,2015,Yamaga,FC Tokyo,1,2,A,O,3.46,3.25,2.09,8,2.0,3.0,2.0,1.0,5.0,6.0,-1.0,5.0,6.0,-1.0,0.0,0.0,0.0,2.0,0.0,2.0,1.0,1.0,0.0,42.9,57.1,71.4,14.3,A
2015-06-07,2015,Vegalta Sendai,Sagan Tosu,5,0,H,O,2.54,3.24,2.67,8,0.0,1.0,3.0,2.0,7.0,7.0,0.0,10.0,9.0,1.0,-3.0,-2.0,-1.0,0.0,0.0,0.0,0.0,1.0,-1.0,28.6,57.1,28.6,57.1,D
2015-06-07,2015,Urawa Reds,Shimizu S-Pulse,1,0,H,U,1.38,4.8,7.06,8,4.0,1.0,0.0,2.0,9.0,2.0,7.0,3.0,7.0,-4.0,6.0,-5.0,11.0,1.0,0.0,1.0,0.0,2.0,-2.0,100.0,0.0,14.3,57.1,D
2015-06-07,2015,Montedio Yamagata,Kashima Antlers,2,2,D,O,4.36,3.55,1.77,8,2.0,2.0,2.0,2.0,4.0,4.0,0.0,2.0,5.0,-3.0,2.0,-1.0,3.0,1.0,0.0,1.0,0.0,1.0,-1.0,42.9,42.9,42.9,42.9,D
2015-06-07,2015,Kofu,Yokohama F. Marinos,1,1,D,U,4.01,3.16,1.96,7,1.0,2.0,3.0,2.0,2.0,6.0,-4.0,6.0,4.0,2.0,-4.0,2.0,-6.0,1.0,1.0,0.0,2.0,0.0,2.0,33.3,66.7,50.0,33.3,A
2015-06-07,2015,Kawasaki Frontale,Shonan Bellmare,2,1,H,O,1.92,3.5,3.75,8,2.0,1.0,2.0,2.0,7.0,1.0,6.0,7.0,6.0,1.0,0.0,-5.0,5.0,1.0,0.0,1.0,1.0,2.0,-1.0,42.9,28.6,50.0,33.3,A
2015-06-07,2015,Kashiwa Reysol,Sanfrecce Hiroshima,2,3,A,O,2.58,3.27,2.61,7,0.0,2.0,1.0,0.0,4.0,5.0,-1.0,6.0,3.0,3.0,-2.0,2.0,-4.0,0.0,0.0,0.0,1.0,0.0,1.0,0.0,33.3,57.1,14.3,D
2015-06-07,2015,Gamba Osaka,Vissel Kobe,0,0,D,U,1.6,3.84,5.3,7,3.0,1.0,0.0,1.0,6.0,3.0,3.0,2.0,4.0,-2.0,4.0,-1.0,5.0,1.0,0.0,1.0,0.0,1.0,-1.0,66.7,0.0,37.5,12.5,D
2015-06-07,2015,Albirex Niigata,Nagoya Grampus,1,1,D,U,2.17,3.37,3.15,8,0.0,2.0,3.0,2.0,1.0,3.0,-2.0,7.0,4.0,3.0,-6.0,-1.0,-5.0,0.0,0.0,0.0,2.0,1.0,1.0,14.3,42.9,33.3,66.7,D
2015-06-03,2015,Kashiwa Reysol,Urawa Reds,3,3,D,O,3.42,3.48,2.02,6,0.0,2.0,2.0,0.0,2.0,13.0,-11.0,5.0,6.0,-1.0,-3.0,7.0,-10.0,0.0,2.0,-2.0,1.0,0.0,1.0,0.0,40.0,50.0,0.0,H
2015-06-03,2015,Gamba Osaka,Kashima Antlers,2,0,H,U,2.09,3.49,3.21,6,3.0,3.0,0.0,1.0,7.0,7.0,0.0,3.0,4.0,-1.0,4.0,3.0,1.0,1.0,1.0,0.0,0.0,0.0,0.0,60.0,0.0,50.0,33.3,H
2015-05-30,2015,Yokohama F. Marinos,Gamba Osaka,1,1,D,U,2.68,3.19,2.56,8,3.0,3.0,1.0,1.0,7.0,6.0,1.0,2.0,3.0,-1.0,5.0,3.0,2.0,2.0,1.0,1.0,0.0,0.0,0.0,57.1,28.6,66.7,33.3,
2015-05-30,2015,Vissel Kobe,Vegalta Sendai,0,1,A,U,2.18,3.28,3.22,6,1.0,1.0,3.0,2.0,5.0,4.0,1.0,6.0,4.0,2.0,-1.0,0.0,-1.0,1.0,1.0,0.0,1.0,1.0,0.0,20.0,80.0,16.7,33.3,A
2015-05-30,2015,Shonan Bellmare,Sanfrecce Hiroshima,0,0,D,U,3.18,3.25,2.21,8,2.0,3.0,1.0,0.0,9.0,7.0,2.0,5.0,4.0,1.0,4.0,3.0,1.0,2.0,0.0,2.0,1.0,0.0,1.0,28.6,42.9,66.7,16.7,D
2015-05-30,2015,Shimizu S-Pulse,Kawasaki Frontale,5,2,H,O,3.47,3.55,1.99,7,0.0,2.0,2.0,1.0,8.0,6.0,2.0,10.0,5.0,5.0,-2.0,1.0,-3.0,0.0,0.0,0.0,0.0,0.0,0.0,16.7,50.0,50.0,33.3,
2015-05-30,2015,Sagan Tosu,Urawa Reds,1,6,A,O,3.83,3.39,1.93,7,1.0,1.0,0.0,0.0,4.0,7.0,-3.0,3.0,5.0,-2.0,1.0,2.0,-1.0,0.0,1.0,-1.0,0.0,0.0,0.0,50.0,0.0,40.0,0.0,
2015-05-30,2015,Nagoya Grampus,Montedio Yamagata,0,0,D,U,1.73,3.6,4.55,8,2.0,0.0,2.0,2.0,6.0,4.0,2.0,3.0,7.0,-4.0,3.0,-3.0,6.0,2.0,0.0,2.0,0.0,1.0,-1.0,42.9,28.6,0.0,66.7,D
2015-05-30,2015,Kashima Antlers,Yamaga,3,1,H,O,1.45,4.35,6.57,7,0.0,0.0,2.0,2.0,4.0,1.0,3.0,6.0,3.0,3.0,-2.0,-2.0,0.0,0.0,0.0,0.0,0.0,0.0,0.0,16.7,50.0,16.7,33.3,
2015-05-30,2015,FC Tokyo,Kashiwa Reysol,2,1,H,O,2.41,3.25,2.84,7,1.0,2.0,3.0,1.0,3.0,8.0,-5.0,5.0,6.0,-1.0,-2.0,2.0,-4.0,0.0,2.0,-2.0,0.0,1.0,-1.0,33.3,50.0,50.0,33.3,
2015-05-30,2015,Albirex Niigata,Kofu,0,2,A,U,1.77,3.38,4.7,7,0.0,2.0,2.0,2.0,3.0,2.0,1.0,7.0,5.0,2.0,-4.0,-3.0,-1.0,0.0,0.0,0.0,1.0,2.0,-1.0,16.7,33.3,28.6,71.4,
2015-05-23,2015,Yamaga,Yokohama F. Marinos,0,3,A,O,3.55,3.26,2.05,7,3.0,2.0,1.0,2.0,6.0,5.0,1.0,2.0,5.0,-3.0,4.0,0.0,4.0,2.0,0.0,2.0,0.0,0.0,0.0,50.0,50.0,40.0,40.0,A
2015-05-23,2015,Vegalta Sendai,Kofu,0,1,A,U,2.03,3.28,3.61,7,0.0,1.0,3.0,3.0,9.0,2.0,7.0,12.0,9.0,3.0,-3.0,-7.0,4.0,0.0,0.0,0.0,0.0,3.0,-3.0,33.3,50.0,16.7,83.3,D
2015-05-23,2015,Urawa Reds,Kashima Antlers,2,1,H,O,1.99,3.48,3.5,7,4.0,3.0,0.0,0.0,9.0,7.0,2.0,3.0,3.0,0.0,6.0,4.0,2.0,1.0,1.0,0.0,0.0,0.0,0.0,100.0,0.0,60.0,20.0,D
2015-05-23,2015,Shonan Bellmare,Shimizu S-Pulse,4,0,H,O,1.98,3.47,3.52,7,1.0,1.0,2.0,2.0,5.0,3.0,2.0,6.0,6.0,0.0,-1.0,-3.0,2.0,1.0,0.0,1.0,1.0,2.0,-1.0,16.7,50.0,16.7,50.0,
2015-05-23,2015,Sanfrecce Hiroshima,Albirex Niigata,4,2,H,O,1.89,3.39,3.99,7,2.0,1.0,2.0,2.0,4.0,4.0,0.0,2.0,5.0,-3.0,2.0,-1.0,3.0,2.0,0.0,2.0,0.0,0.0,0.0,50.0,33.3,16.7,66.7,H
2015-05-23,2015,Montedio Yamagata,Vissel Kobe,0,1,A,U,2.85,3.27,2.38,7,2.0,1.0,1.0,1.0,4.0,4.0,0.0,1.0,5.0,-4.0,3.0,-1.0,4.0,1.0,0.0,1.0,0.0,1.0,-1.0,50.0,33.3,28.6,14.3,
2015-05-23,2015,Kawasaki Frontale,Sagan Tosu,3,2,H,O,1.82,3.6,4.02,7,1.0,2.0,2.0,1.0,5.0,8.0,-3.0,6.0,6.0,0.0,-1.0,2.0,-3.0,1.0,1.0,0.0,1.0,1.0,0.0,33.3,33.3,33.3,50.0,D
2015-05-23,2015,FC Tokyo,Nagoya Grampus,0,1,A,U,2.27,3.24,3.06,6,2.0,1.0,2.0,3.0,4.0,3.0,1.0,4.0,7.0,-3.0,0.0,-4.0,4.0,0.0,0.0,0.0,0.0,2.0,-2.0,40.0,40.0,20.0,80.0,D
2015-05-16,2015,Yamaga,Vissel Kobe,2,0,H,U,2.93,3.25,2.34,6,2.0,1.0,2.0,0.0,5.0,6.0,-1.0,5.0,5.0,0.0,0.0,1.0,-1.0,1.0,0.0,1.0,1.0,0.0,1.0,40.0,60.0,33.3,0.0,
2015-05-16,2015,Urawa Reds,FC Tokyo,4,1,H,O,1.71,3.54,4.83,6,4.0,4.0,0.0,0.0,6.0,6.0,0.0,2.0,2.0,0.0,4.0,4.0,0.0,0.0,0.0,0.0,0.0,0.0,0.0,100.0,0.0,83.3,0.0,
2015-05-16,2015,Shimizu S-Pulse,Yokohama F. Marinos,1,2,A,O,3.73,3.36,1.96,6,0.0,1.0,2.0,2.0,7.0,3.0,4.0,9.0,4.0,5.0,-2.0,-1.0,-1.0,0.0,0.0,0.0,0.0,0.0,0.0,20.0,40.0,25.0,50.0,
2015-05-16,2015,Nagoya Grampus,Sagan Tosu,0,1,A,U,1.97,3.46,3.58,7,3.0,1.0,1.0,2.0,8.0,8.0,0.0,2.0,9.0,-7.0,6.0,-1.0,7.0,3.0,1.0,2.0,0.0,2.0,-2.0,50.0,16.7,20.0,60.0,
2015-05-16,2015,Kofu,Montedio Yamagata,2,0,H,U,2.6,2.98,2.81,6,0.0,0.0,4.0,2.0,0.0,4.0,-4.0,8.0,6.0,2.0,-8.0,-2.0,-6.0,0.0,0.0,0.0,3.0,0.0,3.0,20.0,80.0,0.0,60.0,
2015-05-16,2015,Kashima Antlers,Sanfrecce Hiroshima,2,2,D,O,2.04,3.44,3.4,6,1.0,3.0,2.0,1.0,5.0,5.0,0.0,5.0,4.0,1.0,0.0,1.0,-1.0,1.0,0.0,1.0,0.0,1.0,-1.0,20.0,60.0,80.0,20.0,
2015-05-16,2015,Gamba Osaka,Kawasaki Frontale,1,1,D,U,1.87,3.62,3.76,5,3.0,2.0,0.0,2.0,8.0,5.0,3.0,4.0,5.0,-1.0,4.0,0.0,4.0,1.0,0.0,1.0,0.0,0.0,0.0,75.0,0.0,60.0,40.0,
2015-05-16,2015,Albirex Niigata,Vegalta Sendai,0,3,A,O,1.98,3.33,3.72,6,1.0,0.0,1.0,2.0,6.0,1.0,5.0,6.0,4.0,2.0,0.0,-3.0,3.0,0.0,0.0,0.0,0.0,1.0,-1.0,20.0,20.0,0.0,40.0,
2015-05-14,2015,Kashiwa Reysol,Shonan Bellmare,0,0,D,U,1.88,3.58,3.8,5,0.0,2.0,2.0,2.0,3.0,3.0,0.0,6.0,7.0,-1.0,-3.0,-4.0,1.0,0.0,0.0,0.0,1.0,2.0,-1.0,0.0,50.0,60.0,40.0,D
2015-05-10,2015,Yokohama F. Marinos,Albirex Niigata,1,0,H,U,2.17,3.15,3.37,7,2.0,1.0,1.0,2.0,7.0,5.0,2.0,3.0,8.0,-5.0,4.0,-3.0,7.0,2.0,0.0,2.0,0.0,1.0,-1.0,50.0,33.3,20.0,60.0,
2015-05-10,2015,Vissel Kobe,Shimizu S-Pulse,1,2,A,O,1.88,3.57,3.79,5,1.0,0.0,3.0,3.0,4.0,2.0,2.0,5.0,7.0,-2.0,-1.0,-5.0,4.0,1.0,0.0,1.0,1.0,2.0,-1.0,25.0,75.0,0.0,60.0,
2015-05-10,2015,Vegalta Sendai,Urawa Reds,4,4,D,O,4.52,3.46,1.77,6,1.0,2.0,3.0,0.0,7.0,6.0,1.0,9.0,2.0,7.0,-2.0,4.0,-6.0,0.0,2.0,-2.0,0.0,0.0,0.0,40.0,60.0,50.0,0.0,
2015-05-10,2015,Sanfrecce Hiroshima,Gamba Osaka,0,1,A,U,2.63,3.15,2.64,6,2.0,3.0,1.0,1.0,4.0,7.0,-3.0,1.0,3.0,-2.0,3.0,4.0,-1.0,2.0,2.0,0.0,0.0,0.0,0.0,60.0,20.0,60.0,40.0,
2015-05-10,2015,Sagan Tosu,Yamaga,1,1,D,U,1.83,3.43,4.23,6,2.0,1.0,0.0,2.0,4.0,1.0,3.0,2.0,2.0,0.0,2.0,-1.0,3.0,0.0,0.0,0.0,0.0,0.0,0.0,60.0,0.0,20.0,40.0,
2015-05-10,2015,Nagoya Grampus,Kawasaki Frontale,0,1,A,U,2.35,3.49,2.76,6,3.0,2.0,0.0,2.0,9.0,7.0,2.0,2.0,6.0,-4.0,7.0,1.0,6.0,3.0,1.0,2.0,0.0,0.0,0.0,60.0,0.0,50.0,50.0,
2015-05-10,2015,Montedio Yamagata,Kashiwa Reysol,3,0,H,O,3.55,3.29,2.04,6,1.0,2.0,2.0,1.0,2.0,10.0,-8.0,3.0,6.0,-3.0,-1.0,4.0,-5.0,0.0,2.0,-2.0,0.0,0.0,0.0,40.0,40.0,60.0,20.0,
2015-05-10,2015,Kofu,Shonan Bellmare,0,1,A,U,3.22,3.0,2.31,5,1.0,2.0,3.0,2.0,1.0,4.0,-3.0,7.0,8.0,-1.0,-6.0,-4.0,-2.0,0.0,0.0,0.0,3.0,2.0,1.0,25.0,75.0,50.0,50.0,
2015-05-10,2015,FC Tokyo,Kashima Antlers,0,1,A,U,2.65,3.29,2.53,5,2.0,2.0,1.0,1.0,4.0,7.0,-3.0,3.0,6.0,-3.0,1.0,1.0,0.0,0.0,1.0,-1.0,0.0,1.0,-1.0,50.0,25.0,50.0,25.0,
2015-05-06,2015,Yokohama F. Marinos,Nagoya Grampus,2,0,H,U,2.26,3.26,3.07,6,2.0,1.0,1.0,3.0,6.0,3.0,3.0,3.0,6.0,-3.0,3.0,-3.0,6.0,1.0,0.0,1.0,0.0,1.0,-1.0,40.0,40.0,25.0,75.0,
2015-05-06,2015,Yamaga,Kofu,2,0,H,U,2.21,3.1,3.32,5,1.0,1.0,3.0,3.0,4.0,2.0,2.0,7.0,8.0,-1.0,-3.0,-6.0,3.0,0.0,0.0,0.0,1.0,2.0,-1.0,25.0,75.0,20.0,80.0,
2015-05-06,2015,Vegalta Sendai,FC Tokyo,2,3,A,O,3.28,3.16,2.21,5,2.0,4.0,2.0,0.0,7.0,5.0,2.0,6.0,0.0,6.0,1.0,5.0,-4.0,1.0,1.0,0.0,0.0,0.0,0.0,50.0,50.0,80.0,0.0,
2015-05-06,2015,Shonan Bellmare,Vissel Kobe,1,1,D,U,2.42,3.2,2.86,6,1.0,2.0,2.0,0.0,4.0,6.0,-2.0,5.0,4.0,1.0,-1.0,2.0,-3.0,1.0,0.0,1.0,1.0,0.0,1.0,20.0,60.0,40.0,0.0,
2015-05-06,2015,Shimizu S-Pulse,Sagan Tosu,2,2,D,O,3.01,3.26,2.29,5,1.0,1.0,2.0,3.0,8.0,6.0,2.0,8.0,8.0,0.0,0.0,-2.0,2.0,1.0,1.0,0.0,0.0,2.0,-2.0,25.0,50.0,25.0,75.0,
2015-05-06,2015,Kawasaki Frontale,Sanfrecce Hiroshima,0,1,A,U,2.34,3.4,2.83,6,2.0,3.0,1.0,1.0,9.0,6.0,3.0,6.0,5.0,1.0,3.0,1.0,2.0,2.0,0.0,2.0,1.0,1.0,0.0,40.0,20.0,75.0,25.0,
2015-05-06,2015,Albirex Niigata,Montedio Yamagata,1,1,D,U,1.74,3.51,4.66,5,1.0,0.0,1.0,3.0,5.0,3.0,2.0,5.0,7.0,-2.0,0.0,-4.0,4.0,0.0,0.0,0.0,0.0,1.0,-1.0,25.0,25.0,0.0,75.0,
2015-05-02,2015,Yamaga,Albirex Niigata,1,2,A,O,3.3,3.28,2.14,4,,0.0,,3.0,,4.0,,,9.0,,,-5.0,,,0.0,,,1.0,,33.3,66.7,0.0,75.0,
2015-05-02,2015,Urawa Reds,Gamba Osaka,1,0,H,U,2.38,3.26,2.89,5,4.0,3.0,0.0,1.0,6.0,7.0,-1.0,2.0,3.0,-1.0,4.0,4.0,0.0,0.0,2.0,-2.0,0.0,0.0,0.0,100.0,0.0,75.0,25.0,
2015-05-02,2015,Sanfrecce Hiroshima,Vegalta Sendai,2,0,H,U,1.71,3.58,4.74,5,2.0,0.0,1.0,1.0,4.0,2.0,2.0,1.0,3.0,-2.0,3.0,-1.0,4.0,2.0,0.0,2.0,0.0,0.0,0.0,50.0,25.0,0.0,25.0,
2015-05-02,2015,Sagan Tosu,Vissel Kobe,1,1,D,U,2.23,3.29,3.09,5,3.0,2.0,0.0,0.0,5.0,7.0,-2.0,2.0,5.0,-3.0,3.0,2.0,1.0,0.0,0.0,0.0,0.0,0.0,0.0,75.0,0.0,50.0,0.0,
2015-05-02,2015,Nagoya Grampus,Shonan Bellmare,3,0,H,O,1.94,3.54,3.63,5,2.0,,0.0,,9.0,,,5.0,,,4.0,,,2.0,,,0.0,,,50.0,0.0,66.7,33.3,
2015-05-02,2015,Montedio Yamagata,Yokohama F. Marinos,1,0,H,U,3.79,3.26,1.98,5,1.0,,2.0,,2.0,,,3.0,,,-1.0,,,0.0,,,0.0,,,25.0,50.0,33.3,33.3,
2015-05-02,2015,Kashiwa Reysol,Shimizu S-Pulse,0,0,D,U,1.57,4.06,5.27,4,,0.0,,3.0,,2.0,,,7.0,,,-5.0,,,0.0,,,2.0,,0.0,66.7,0.0,75.0,D
2015-05-02,2015,Kashima Antlers,Kofu,0,1,A,U,1.48,4.05,6.59,5,1.0,0.0,2.0,4.0,6.0,1.0,5.0,6.0,10.0,-4.0,0.0,-9.0,9.0,1.0,0.0,1.0,0.0,3.0,-3.0,25.0,50.0,0.0,100.0,
2015-05-02,2015,FC Tokyo,Kawasaki Frontale,2,1,H,O,2.59,3.29,2.6,4,,,,,,,,,,,,,,,,,,,,33.3,33.3,66.7,33.3,
2015-04-29,2015,Yokohama F. Marinos,Sanfrecce Hiroshima,1,2,A,O,2.35,3.08,3.08,5,2.0,,1.0,,6.0,,,4.0,,,2.0,,,1.0,,,1.0,,,50.0,25.0,66.7,33.3,
2015-04-29,2015,Vissel Kobe,Nagoya Grampus,0,1,A,U,2.42,3.4,2.7,4,,,,,,,,,,,,,,,,,,,,33.3,66.7,0.0,100.0,
2015-04-29,2015,Vegalta Sendai,Kashima Antlers,1,2,A,O,3.59,3.44,1.97,4,,,,,,,,,,,,,,,,,,,,66.7,33.3,33.3,33.3,
2015-04-29,2015,Shonan Bellmare,Sagan Tosu,4,2,H,O,2.44,3.15,2.86,5,0.0,,3.0,,1.0,,,6.0,,,-5.0,,,0.0,,,2.0,,,0.0,75.0,33.3,66.7,
2015-04-29,2015,Shimizu S-Pulse,Montedio Yamagata,3,3,D,O,2.16,3.32,3.23,4,,,,,,,,,,,,,,,,,,,,33.3,66.7,0.0,100.0,
2015-04-29,2015,Kofu,Urawa Reds,0,2,A,U,6.22,3.62,1.57,4,,,,,,,,,,,,,,,,,,,,33.3,66.7,33.3,0.0,
2015-04-29,2015,Kawasaki Frontale,Kashiwa Reysol,1,4,A,O,1.9,3.61,3.68,5,2.0,2.0,0.0,1.0,10.0,7.0,3.0,4.0,5.0,-1.0,6.0,2.0,4.0,2.0,1.0,1.0,0.0,0.0,0.0,50.0,0.0,50.0,25.0,
2015-04-29,2015,Gamba Osaka,Yamaga,1,0,H,U,1.37,4.62,7.97,4,,1.0,,1.0,,4.0,,,4.0,,,0.0,,,0.0,,,0.0,,66.7,0.0,25.0,25.0,
2015-04-29,2015,Albirex Niigata,FC Tokyo,0,1,A,U,2.26,3.22,3.1,4,,3.0,,0.0,,6.0,,,2.0,,,4.0,,,1.0,,,0.0,,33.3,0.0,75.0,0.0,
2015-04-26,2015,Gamba Osaka,Albirex Niigata,2,1,H,O,1.69,3.73,4.66,3,,,,,,,,,,,,,,,,,,,,50.0,0.0,0.0,66.7,
2015-04-25,2015,Yokohama F. Marinos,Shonan Bellmare,3,0,H,O,2.01,3.22,3.72,4,,,,,,,,,,,,,,,,,,,,33.3,33.3,100.0,0.0,
2015-04-25,2015,Yamaga,Vegalta Sendai,1,0,H,U,2.6,3.15,2.71,3,,,,,,,,,,,,,,,,,,,,0.0,100.0,0.0,0.0,
2015-04-25,2015,Urawa Reds,Nagoya Grampus,2,1,H,O,1.83,3.5,4.12,4,,,,,,,,,,,,,,,,,,,,100.0,0.0,0.0,100.0,
2015-04-25,2015,Sanfrecce Hiroshima,Shimizu S-Pulse,2,0,H,U,1.62,3.82,5.09,4,,,,,,,,,,,,,,,,,,,,33.3,33.3,0.0,66.7,
2015-04-25,2015,Sagan Tosu,Kashiwa Reysol,1,1,D,U,2.49,3.22,2.74,4,,,,,,,,,,,,,,,,,,,,100.0,0.0,66.7,33.3,
2015-04-25,2015,Montedio Yamagata,FC Tokyo,0,1,A,U,3.74,3.24,2.0,4,,,,,,,,,,,,,,,,,,,,33.3,33.3,66.7,0.0,
2015-04-25,2015,Kawasaki Frontale,Kofu,3,0,H,O,1.43,4.28,7.03,4,,,,,,,,,,,,,,,,,,,,33.3,0.0,0.0,100.0,
2015-04-25,2015,Kashima Antlers,Vissel Kobe,1,2,A,O,1.72,3.79,4.31,4,,,,,,,,,,,,,,,,,,,,33.3,33.3,33.3,0.0,
2015-04-18,2015,Vegalta Sendai,Kawasaki Frontale,2,3,A,O,3.07,3.36,2.22,3,,,,,,,,,,,,,,,,,,,,100.0,0.0,50.0,50.0,
2015-04-18,2015,Urawa Reds,Yokohama F. Marinos,2,1,H,O,2.06,3.2,3.6,3,,,,,,,,,,,,,,,,,,,,100.0,0.0,50.0,0.0,
2015-04-18,2015,Shonan Bellmare,Gamba Osaka,0,2,A,U,3.31,3.42,2.08,4,,,,,,,,,,,,,,,,,,,,0.0,66.7,66.7,33.3,
2015-04-18,2015,Nagoya Grampus,Shimizu S-Pulse,3,1,H,O,1.74,3.78,4.28,4,,,,,,,,,,,,,,,,,,,,33.3,0.0,0.0,50.0,
2015-04-18,2015,Montedio Yamagata,Yamaga,0,0,D,U,2.36,3.14,3.01,3,,,,,,,,,,,,,,,,,,,,50.0,50.0,33.3,33.3,D
2015-04-18,2015,Kofu,Sagan Tosu,0,3,A,O,2.89,3.0,2.54,3,,,,,,,,,,,,,,,,,,,,50.0,50.0,0.0,100.0,
2015-04-18,2015,FC Tokyo,Sanfrecce Hiroshima,1,2,A,O,2.26,3.16,3.16,3,,,,,,,,,,,,,,,,,,,,50.0,0.0,50.0,50.0,
2015-04-18,2015,Albirex Niigata,Vissel Kobe,2,2,D,O,2.11,3.34,3.32,3,,,,,,,,,,,,,,,,,,,,50.0,0.0,50.0,0.0,
2015-04-16,2015,Kashiwa Reysol,Kashima Antlers,1,3,A,O,2.74,3.47,2.37,3,,,,,,,,,,,,,,,,,,,,0.0,50.0,0.0,50.0,A
2015-04-12,2015,Yokohama F. Marinos,Vegalta Sendai,1,1,D,U,1.89,3.25,4.14,3,,,,,,,,,,,,,,,,,,,,50.0,50.0,0.0,0.0,
2015-04-12,2015,Yamaga,Kashiwa Reysol,1,3,A,O,3.28,3.29,2.13,2,,,,,,,,,,,,,,,,,,,,0.0,100.0,50.0,50.0,
2015-04-12,2015,Vissel Kobe,Kofu,4,1,H,O,1.96,3.17,3.99,3,,,,,,,,,,,,,,,,,,,,0.0,100.0,0.0,100.0,
2015-04-12,2015,Shonan Bellmare,FC Tokyo,0,1,A,U,2.63,3.15,2.63,3,,,,,,,,,,,,,,,,,,,,0.0,50.0,50.0,0.0,
2015-04-12,2015,Shimizu S-Pulse,Gamba Osaka,2,3,A,O,4.47,3.82,1.7,3,,,,,,,,,,,,,,,,,,,,50.0,50.0,50.0,50.0,
2015-04-12,2015,Sagan Tosu,Montedio Yamagata,1,0,H,U,1.69,3.56,4.9,3,,,,,,,,,,,,,,,,,,,,100.0,0.0,0.0,100.0,
2015-04-12,2015,Nagoya Grampus,Sanfrecce Hiroshima,2,0,H,U,2.53,3.29,2.64,3,,,,,,,,,,,,,,,,,,,,0.0,0.0,100.0,0.0,
2015-04-12,2015,Kawasaki Frontale,Urawa Reds,1,1,D,U,2.52,3.3,2.65,3,,,,,,,,,,,,,,,,,,,,50.0,0.0,50.0,0.0,
2015-04-12,2015,Kashima Antlers,Albirex Niigata,1,1,D,U,1.84,3.53,4.04,3,,,,,,,,,,,,,,,,,,,,50.0,50.0,0.0,100.0,
2015-04-04,2015,Vegalta Sendai,Shimizu S-Pulse,2,1,H,O,2.16,3.3,3.2,2,,,,,,,,,,,,,,,,,,,,100.0,0.0,0.0,0.0,
2015-04-04,2015,Urawa Reds,Yamaga,1,0,H,U,1.46,4.14,6.64,2,,,,,,,,,,,,,,,,,,,,100.0,0.0,50.0,0.0,
2015-04-04,2015,Sanfrecce Hiroshima,Vissel Kobe,0,1,A,U,1.84,3.45,4.15,3,,,,,,,,,,,,,,,,,,,,50.0,0.0,0.0,0.0,
2015-04-04,2015,Montedio Yamagata,Shonan Bellmare,1,2,A,O,3.33,3.18,2.17,2,,,,,,,,,,,,,,,,,,,,100.0,0.0,100.0,0.0,
2015-04-04,2015,Kawasaki Frontale,Albirex Niigata,4,1,H,O,1.88,3.51,3.88,2,,,,,,,,,,,,,,,,,,,,0.0,0.0,0.0,100.0,
2015-04-04,2015,Kashiwa Reysol,Yokohama F. Marinos,1,2,A,O,2.59,3.07,2.73,2,,,,,,,,,,,,,,,,,,,,0.0,0.0,0.0,0.0,
2015-04-04,2015,FC Tokyo,Kofu,1,0,H,U,1.95,3.19,4.05,2,,,,,,,,,,,,,,,,,,,,0.0,0.0,0.0,100.0,H
2015-04-03,2015,Kashima Antlers,Sagan Tosu,3,1,H,O,1.84,3.54,4.06,2,,,,,,,,,,,,,,,,,,,,0.0,100.0,0.0,100.0,
2015-04-03,2015,Gamba Osaka,Nagoya Grampus,3,1,H,O,1.76,3.69,4.25,2,,,,,,,,,,,,,,,,,,,,0.0,0.0,0.0,100.0,
2015-03-22,2015,Yokohama F. Marinos,Sagan Tosu,1,0,H,U,2.09,3.2,3.51,2,,,,,,,,,,,,,,,,,,,,0.0,100.0,,,
2015-03-22,2015,Vissel Kobe,FC Tokyo,0,2,A,U,2.81,3.26,2.41,2,,,,,,,,,,,,,,,,,,,,0.0,100.0,0.0,0.0,
2015-03-22,2015,Shonan Bellmare,Vegalta Sendai,0,0,D,U,2.2,3.21,3.22,2,,,,,,,,,,,,,,,,,,,,0.0,100.0,0.0,0.0,D
2015-03-22,2015,Shimizu S-Pulse,Yamaga,0,1,A,U,1.96,3.41,3.65,2,,,,,,,,,,,,,,,,,,,,100.0,0.0,0.0,0.0,
2015-03-22,2015,Sanfrecce Hiroshima,Urawa Reds,0,0,D,U,2.52,3.16,2.74,2,,,,,,,,,,,,,,,,,,,,100.0,0.0,100.0,0.0,D
2015-03-22,2015,Nagoya Grampus,Kashima Antlers,1,1,D,U,2.72,3.35,2.43,2,,,,,,,,,,,,,,,,,,,,0.0,0.0,0.0,100.0,
2015-03-22,2015,Montedio Yamagata,Kawasaki Frontale,1,0,H,U,4.45,3.73,1.71,1,,,,,,,,,,,,,,,,,,,,,,100.0,0.0,
2015-03-22,2015,Kofu,Gamba Osaka,0,2,A,U,3.63,3.21,2.05,2,,,,,,,,,,,,,,,,,,,,100.0,0.0,0.0,100.0,
2015-03-22,2015,Albirex Niigata,Kashiwa Reysol,3,2,H,O,2.59,3.17,2.67,2,,,,,,,,,,,,,,,,,,,,0.0,0.0,100.0,0.0,
2015-03-14,2015,Yamaga,Sanfrecce Hiroshima,1,2,A,O,3.58,3.24,2.05,1,,,,,,,,,,,,,,,,,,,,,,,,
2015-03-14,2015,Urawa Reds,Montedio Yamagata,1,0,H,U,1.41,4.42,7.02,1,,,,,,,,,,,,,,,,,,,,,,0.0,100.0,
2015-03-14,2015,Sagan Tosu,Gamba Osaka,1,0,H,U,3.09,3.31,2.22,2,,,,,,,,,,,,,,,,,,,,100.0,0.0,,,
2015-03-14,2015,Kofu,Nagoya Grampus,1,0,H,U,2.68,3.1,2.63,1,,,,,,,,,,,,,,,,,,,,,,,,
2015-03-14,2015,Kawasaki Frontale,Vissel Kobe,2,2,D,O,1.72,3.7,4.43,1,,,,,,,,,,,,,,,,,,,,,,,,
2015-03-14,2015,Kashima Antlers,Shonan Bellmare,1,2,A,O,1.66,3.76,4.84,1,,,,,,,,,,,,,,,,,,,,,,,,
2015-03-14,2015,FC Tokyo,Yokohama F. Marinos,0,0,D,U,2.38,3.12,2.99,1,,,,,,,,,,,,,,,,,,,,,,,,D
2015-03-14,2015,Albirex Niigata,Shimizu S-Pulse,0,0,D,U,1.97,3.38,3.68,1,,,,,,,,,,,,,,,,,,,,,,,,D
2015-03-13,2015,Kashiwa Reysol,Vegalta Sendai,1,1,D,U,1.94,3.36,3.84,1,,,,,,,,,,,,,,,,,,,,,,,,A
2015-03-08,2015,Shimizu S-Pulse,Kashima Antlers,3,1,H,O,3.66,3.52,1.93,1,,,,,,,,,,,,,,,,,,,,,,,,
2015-03-07,2015,Yokohama F. Marinos,Kawasaki Frontale,1,3,A,O,2.39,3.17,2.91,1,,,,,,,,,,,,,,,,,,,,,,,,
2015-03-07,2015,Vissel Kobe,Kashiwa Reysol,0,1,A,U,2.63,3.26,2.56,1,,,,,,,,,,,,,,,,,,,,,,,,
2015-03-07,2015,Vegalta Sendai,Montedio Yamagata,2,0,H,U,2.03,3.3,3.55,1,,,,,,,,,,,,,,,,,,,,,,,,
2015-03-07,2015,Shonan Bellmare,Urawa Reds,1,3,A,O,3.03,3.13,2.34,1,,,,,,,,,,,,,,,,,,,,,,,,
2015-03-07,2015,Sanfrecce Hiroshima,Kofu,2,0,H,U,1.92,3.13,4.22,1,,,,,,,,,,,,,,,,,,,,,,,,
2015-03-07,2015,Sagan Tosu,Albirex Niigata,2,1,H,O,2.25,3.1,3.23,1,,,,,,,,,,,,,,,,,,,,,,,,
2015-03-07,2015,Nagoya Grampus,Yamaga,3,3,D,O,1.7,3.59,4.84,1,,,,,,,,,,,,,,,,,,,,,,,,
2015-03-07,2015,Gamba Osaka,FC Tokyo,2,2,D,O,1.94,3.42,3.72,1,,,,,,,,,,,,,,,,,,,,,,,,
2014-12-06,2014,Vissel Kobe,Kawasaki Frontale,1,2,A,O,2.64,3.35,2.51,17,1.0,0.0,2.0,4.0,4.0,2.0,2.0,6.0,8.0,-2.0,-2.0,-6.0,4.0,0.0,0.0,0.0,1.0,1.0,0.0,50.0,25.0,37.5,50.0,
2014-12-06,2014,Urawa Reds,Nagoya Grampus,1,2,A,O,1.49,4.19,6.14,17,2.0,2.0,1.0,1.0,5.0,7.0,-2.0,4.0,7.0,-3.0,1.0,0.0,1.0,1.0,2.0,-1.0,1.0,1.0,0.0,62.5,12.5,56.2,25.0,
2014-12-06,2014,Tokushima,Gamba Osaka,0,0,D,U,14.91,7.06,1.15,17,0.0,3.0,3.0,1.0,2.0,8.0,-6.0,10.0,3.0,7.0,-8.0,5.0,-13.0,0.0,2.0,-2.0,2.0,0.0,2.0,0.0,81.2,50.0,31.2,D
2014-12-06,2014,Shimizu S-Pulse,Kofu,0,0,D,U,2.2,3.22,3.27,17,2.0,1.0,1.0,0.0,8.0,3.0,5.0,6.0,1.0,5.0,2.0,2.0,0.0,1.0,1.0,0.0,1.0,0.0,1.0,37.5,50.0,12.5,43.8,D
2014-12-06,2014,Sanfrecce Hiroshima,Vegalta Sendai,2,0,H,U,1.69,3.65,4.85,17,2.0,0.0,0.0,1.0,8.0,3.0,5.0,2.0,4.0,-2.0,6.0,-1.0,7.0,2.0,0.0,2.0,0.0,0.0,0.0,43.8,25.0,18.8,50.0,
2014-12-06,2014,Omiya Ardija,Cerezo Osaka,2,0,H,U,2.15,3.45,3.11,17,2.0,0.0,2.0,2.0,6.0,3.0,3.0,6.0,7.0,-1.0,0.0,-4.0,4.0,0.0,0.0,0.0,0.0,1.0,-1.0,25.0,62.5,18.8,50.0,
2014-12-06,2014,Kashima Antlers,Sagan Tosu,0,1,A,U,1.64,3.79,4.93,17,1.0,1.0,2.0,3.0,7.0,2.0,5.0,8.0,8.0,0.0,-1.0,-6.0,5.0,0.0,0.0,0.0,0.0,3.0,-3.0,43.8,37.5,56.2,43.8,
2014-12-06,2014,FC Tokyo,Yokohama F. Marinos,1,1,D,U,2.55,3.18,2.72,17,3.0,2.0,1.0,2.0,11.0,5.0,6.0,4.0,5.0,-1.0,7.0,0.0,7.0,2.0,0.0,2.0,1.0,0.0,1.0,50.0,25.0,43.8,31.2,
2014-12-06,2014,Albirex Niigata,Kashiwa Reysol,0,2,A,U,4.56,3.62,1.74,17,1.0,3.0,2.0,1.0,4.0,7.0,-3.0,4.0,8.0,-4.0,0.0,-1.0,1.0,1.0,0.0,1.0,1.0,1.0,0.0,37.5,31.2,31.2,43.8,
2014-11-29,2014,Yokohama F. Marinos,Albirex Niigata,1,0,H,U,2.08,3.23,3.48,17,1.0,3.0,1.0,1.0,1.0,7.0,-6.0,1.0,3.0,-2.0,0.0,4.0,-4.0,0.0,2.0,-2.0,0.0,0.0,0.0,37.5,37.5,37.5,43.8,
2014-11-29,2014,Vegalta Sendai,Tokushima,2,1,H,O,1.3,5.08,8.89,17,2.0,0.0,1.0,4.0,9.0,2.0,7.0,7.0,11.0,-4.0,2.0,-9.0,11.0,1.0,0.0,1.0,0.0,3.0,-3.0,31.2,31.2,18.8,75.0,
2014-11-29,2014,Sagan Tosu,Urawa Reds,1,1,D,U,2.96,3.29,2.3,17,3.0,1.0,1.0,2.0,4.0,4.0,0.0,3.0,6.0,-3.0,1.0,-2.0,3.0,0.0,0.0,0.0,1.0,1.0,0.0,56.2,31.2,50.0,31.2,
2014-11-29,2014,Nagoya Grampus,Omiya Ardija,2,1,H,O,2.26,3.41,2.92,17,1.0,2.0,1.0,1.0,4.0,5.0,-1.0,3.0,3.0,0.0,1.0,2.0,-1.0,1.0,1.0,0.0,0.0,0.0,0.0,12.5,50.0,25.0,37.5,
2014-11-29,2014,Kofu,FC Tokyo,0,0,D,U,2.47,3.2,2.78,17,3.0,0.0,1.0,3.0,6.0,3.0,3.0,2.0,6.0,-4.0,4.0,-3.0,7.0,2.0,0.0,2.0,0.0,0.0,0.0,43.8,25.0,25.0,37.5,D
2014-11-29,2014,Kawasaki Frontale,Sanfrecce Hiroshima,1,1,D,U,2.22,3.36,3.06,17,1.0,1.0,1.0,2.0,5.0,4.0,1.0,4.0,5.0,-1.0,1.0,-1.0,2.0,1.0,1.0,0.0,0.0,1.0,-1.0,56.2,18.8,31.2,37.5,
2014-11-29,2014,Kashiwa Reysol,Shimizu S-Pulse,3,1,H,O,1.86,3.57,3.86,17,3.0,1.0,0.0,3.0,5.0,5.0,0.0,0.0,8.0,-8.0,5.0,-3.0,8.0,2.0,0.0,2.0,0.0,1.0,-1.0,62.5,6.2,25.0,56.2,
2014-11-29,2014,Gamba Osaka,Vissel Kobe,3,1,H,O,1.4,4.65,6.97,17,3.0,0.0,0.0,2.0,8.0,4.0,4.0,3.0,7.0,-4.0,5.0,-3.0,8.0,1.0,0.0,1.0,0.0,1.0,-1.0,62.5,25.0,18.8,31.2,
2014-11-29,2014,Cerezo Osaka,Kashima Antlers,1,4,A,O,3.42,3.5,2.0,17,2.0,3.0,2.0,0.0,6.0,8.0,-2.0,6.0,1.0,5.0,0.0,7.0,-7.0,1.0,1.0,0.0,1.0,0.0,1.0,25.0,43.8,62.5,18.8,
2014-11-22,2014,Vissel Kobe,Yokohama F. Marinos,1,2,A,O,2.63,3.16,2.63,16,2.0,2.0,1.0,2.0,6.0,5.0,1.0,5.0,5.0,0.0,1.0,0.0,1.0,1.0,0.0,1.0,1.0,0.0,1.0,53.3,20.0,40.0,33.3,
2014-11-22,2014,Vegalta Sendai,Cerezo Osaka,3,3,D,O,2.47,3.17,2.8,16,2.0,0.0,2.0,3.0,6.0,0.0,6.0,5.0,6.0,-1.0,1.0,-6.0,7.0,1.0,0.0,1.0,0.0,2.0,-2.0,33.3,33.3,20.0,53.3,
2014-11-22,2014,Urawa Reds,Gamba Osaka,0,2,A,U,2.52,3.26,2.68,16,3.0,3.0,0.0,1.0,9.0,7.0,2.0,2.0,3.0,-1.0,7.0,4.0,3.0,2.0,1.0,1.0,0.0,0.0,0.0,66.7,6.7,46.7,33.3,
2014-11-22,2014,Tokushima,Sagan Tosu,0,1,A,U,7.79,4.4,1.39,16,0.0,0.0,3.0,4.0,2.0,1.0,1.0,11.0,9.0,2.0,-9.0,-8.0,-1.0,0.0,0.0,0.0,3.0,3.0,0.0,0.0,80.0,53.3,46.7,
2014-11-22,2014,Shimizu S-Pulse,Nagoya Grampus,2,2,D,O,2.22,3.39,3.02,16,2.0,3.0,2.0,1.0,6.0,7.0,-1.0,7.0,6.0,1.0,-1.0,1.0,-2.0,1.0,2.0,-1.0,2.0,1.0,1.0,40.0,53.3,60.0,26.7,
2014-11-22,2014,Omiya Ardija,Kashiwa Reysol,1,2,A,O,3.59,3.46,1.96,16,2.0,2.0,2.0,2.0,6.0,6.0,0.0,7.0,10.0,-3.0,-1.0,-4.0,3.0,0.0,0.0,0.0,1.0,2.0,-1.0,26.7,60.0,26.7,46.7,
2014-11-22,2014,Kofu,Sanfrecce Hiroshima,2,0,H,U,2.4,3.07,2.99,16,3.0,1.0,1.0,2.0,5.0,4.0,1.0,2.0,4.0,-2.0,3.0,0.0,3.0,1.0,1.0,0.0,0.0,0.0,0.0,40.0,26.7,33.3,33.3,
2014-11-22,2014,Kashima Antlers,Kawasaki Frontale,2,1,H,O,1.89,3.55,3.79,16,1.0,1.0,2.0,3.0,6.0,4.0,2.0,7.0,7.0,0.0,-1.0,-3.0,2.0,0.0,1.0,-1.0,0.0,1.0,-1.0,40.0,40.0,40.0,46.7,
2014-11-22,2014,FC Tokyo,Albirex Niigata,1,3,A,O,2.05,3.28,3.53,16,3.0,2.0,0.0,2.0,11.0,4.0,7.0,2.0,4.0,-2.0,9.0,0.0,9.0,2.0,1.0,1.0,0.0,1.0,-1.0,53.3,20.0,33.3,46.7,
2014-11-03,2014,Yokohama F. Marinos,Urawa Reds,0,1,A,U,3.08,3.18,2.28,16,2.0,1.0,0.0,2.0,2.0,5.0,-3.0,0.0,6.0,-6.0,2.0,-1.0,3.0,0.0,1.0,-1.0,0.0,1.0,-1.0,40.0,33.3,46.7,33.3,
2014-11-02,2014,Sanfrecce Hiroshima,Omiya Ardija,1,1,D,U,1.59,3.88,5.33,16,2.0,2.0,1.0,2.0,7.0,4.0,3.0,2.0,6.0,-4.0,5.0,-2.0,7.0,2.0,1.0,1.0,0.0,1.0,-1.0,46.7,26.7,26.7,40.0,
2014-11-02,2014,Sagan Tosu,Vissel Kobe,2,1,H,O,2.17,3.26,3.25,16,3.0,0.0,1.0,1.0,4.0,4.0,0.0,3.0,6.0,-3.0,1.0,-2.0,3.0,0.0,0.0,0.0,1.0,1.0,0.0,53.3,33.3,20.0,26.7,
2014-11-02,2014,Nagoya Grampus,FC Tokyo,2,2,D,O,2.83,3.26,2.41,16,1.0,0.0,1.0,3.0,3.0,1.0,2.0,2.0,4.0,-2.0,1.0,-3.0,4.0,1.0,0.0,1.0,0.0,0.0,0.0,13.3,53.3,26.7,40.0,
2014-11-02,2014,Kawasaki Frontale,Shimizu S-Pulse,2,3,A,O,1.59,4.0,5.18,16,2.0,0.0,0.0,3.0,7.0,4.0,3.0,1.0,8.0,-7.0,6.0,-4.0,10.0,2.0,0.0,2.0,0.0,1.0,-1.0,60.0,13.3,20.0,60.0,
2014-11-02,2014,Kashiwa Reysol,Tokushima,2,0,H,U,1.24,5.74,10.89,16,3.0,0.0,0.0,4.0,6.0,2.0,4.0,0.0,13.0,-13.0,6.0,-11.0,17.0,2.0,0.0,2.0,0.0,3.0,-3.0,60.0,6.7,20.0,73.3,
2014-11-02,2014,Gamba Osaka,Vegalta Sendai,1,1,D,U,1.48,4.16,6.36,16,4.0,0.0,0.0,2.0,9.0,2.0,7.0,2.0,4.0,-2.0,7.0,-2.0,9.0,2.0,0.0,2.0,0.0,0.0,0.0,66.7,26.7,20.0,53.3,
2014-11-02,2014,Cerezo Osaka,Kofu,1,3,A,O,2.11,3.17,3.5,16,3.0,0.0,1.0,1.0,7.0,0.0,7.0,3.0,2.0,1.0,4.0,-2.0,6.0,2.0,0.0,2.0,0.0,1.0,-1.0,26.7,40.0,6.7,46.7,
2014-11-02,2014,Albirex Niigata,Kashima Antlers,1,2,A,O,3.4,3.31,2.08,16,2.0,2.0,1.0,1.0,4.0,7.0,-3.0,2.0,2.0,0.0,2.0,5.0,-3.0,1.0,1.0,0.0,1.0,0.0,1.0,40.0,26.7,60.0,20.0,
2014-10-26,2014,Yokohama F. Marinos,Cerezo Osaka,0,0,D,U,2.15,3.23,3.31,15,2.0,0.0,1.0,3.0,2.0,0.0,2.0,2.0,6.0,-4.0,0.0,-6.0,6.0,0.0,0.0,0.0,1.0,2.0,-1.0,42.9,35.7,21.4,57.1,D
2014-10-26,2014,Vissel Kobe,Omiya Ardija,2,1,H,O,1.84,3.56,3.96,15,2.0,2.0,1.0,2.0,6.0,4.0,2.0,5.0,6.0,-1.0,1.0,-2.0,3.0,1.0,1.0,0.0,1.0,1.0,0.0,50.0,21.4,28.6,35.7,
2014-10-26,2014,Vegalta Sendai,Kashiwa Reysol,1,2,A,O,2.73,3.21,2.5,15,2.0,1.0,2.0,3.0,6.0,4.0,2.0,5.0,11.0,-6.0,1.0,-7.0,8.0,1.0,0.0,1.0,0.0,3.0,-3.0,35.7,28.6,21.4,50.0,
2014-10-26,2014,Tokushima,Nagoya Grampus,0,2,A,U,5.06,4.05,1.59,15,0.0,3.0,3.0,1.0,2.0,7.0,-5.0,10.0,6.0,4.0,-8.0,1.0,-9.0,0.0,2.0,-2.0,2.0,1.0,1.0,0.0,78.6,57.1,28.6,
2014-10-26,2014,Shimizu S-Pulse,Sanfrecce Hiroshima,1,3,A,O,3.0,3.28,2.29,15,2.0,1.0,2.0,2.0,6.0,2.0,4.0,8.0,3.0,5.0,-2.0,-1.0,-1.0,1.0,0.0,1.0,2.0,0.0,2.0,42.9,50.0,28.6,35.7,
2014-10-26,2014,Sagan Tosu,Albirex Niigata,0,2,A,U,2.08,3.28,3.43,15,3.0,1.0,0.0,3.0,6.0,2.0,4.0,3.0,9.0,-6.0,3.0,-7.0,10.0,0.0,0.0,0.0,0.0,2.0,-2.0,57.1,28.6,28.6,50.0,
2014-10-26,2014,Kofu,Kawasaki Frontale,2,1,H,O,3.47,3.32,2.06,15,2.0,1.0,1.0,2.0,6.0,4.0,2.0,4.0,6.0,-2.0,2.0,-2.0,4.0,1.0,1.0,0.0,0.0,1.0,-1.0,35.7,28.6,42.9,42.9,
2014-10-26,2014,Kashima Antlers,Urawa Reds,1,1,D,U,2.33,3.35,2.88,15,1.0,2.0,2.0,2.0,7.0,8.0,-1.0,8.0,6.0,2.0,-1.0,2.0,-3.0,0.0,2.0,-2.0,0.0,1.0,-1.0,42.9,42.9,50.0,35.7,
2014-10-26,2014,Gamba Osaka,FC Tokyo,2,1,H,O,1.9,3.49,3.79,15,4.0,0.0,0.0,2.0,12.0,2.0,10.0,1.0,4.0,-3.0,11.0,-2.0,13.0,3.0,0.0,3.0,0.0,0.0,0.0,64.3,28.6,28.6,35.7,
2014-10-22,2014,Vissel Kobe,Kashima Antlers,0,0,D,U,3.08,3.4,2.18,14,3.0,3.0,1.0,1.0,7.0,10.0,-3.0,5.0,3.0,2.0,2.0,7.0,-5.0,1.0,2.0,-1.0,1.0,0.0,1.0,53.8,23.1,64.3,21.4,D
2014-10-22,2014,Urawa Reds,Kofu,0,0,D,U,1.69,3.48,5.1,15,4.0,0.0,0.0,2.0,10.0,0.0,10.0,2.0,5.0,-3.0,8.0,-5.0,13.0,2.0,0.0,2.0,0.0,2.0,-2.0,71.4,7.1,7.1,50.0,D
2014-10-22,2014,Shimizu S-Pulse,Albirex Niigata,2,1,H,O,2.43,3.22,2.81,14,1.0,1.0,3.0,3.0,5.0,1.0,4.0,10.0,8.0,2.0,-5.0,-7.0,2.0,1.0,0.0,1.0,3.0,2.0,1.0,38.5,53.8,30.8,46.2,
2014-10-22,2014,Omiya Ardija,Yokohama F. Marinos,2,3,A,O,3.52,3.3,2.04,15,3.0,2.0,1.0,2.0,6.0,5.0,1.0,5.0,3.0,2.0,1.0,2.0,-1.0,0.0,1.0,-1.0,1.0,0.0,1.0,28.6,57.1,35.7,35.7,
2014-10-22,2014,Nagoya Grampus,Vegalta Sendai,0,0,D,U,2.19,3.28,3.17,15,1.0,0.0,1.0,3.0,4.0,3.0,1.0,3.0,6.0,-3.0,1.0,-3.0,4.0,1.0,0.0,1.0,0.0,0.0,0.0,14.3,57.1,21.4,57.1,D
2014-10-22,2014,Kawasaki Frontale,Sagan Tosu,2,0,H,U,1.91,3.5,3.75,15,2.0,1.0,0.0,3.0,10.0,4.0,6.0,5.0,8.0,-3.0,5.0,-4.0,9.0,1.0,1.0,0.0,0.0,2.0,-2.0,57.1,14.3,57.1,42.9,
2014-10-22,2014,Kashiwa Reysol,Gamba Osaka,1,0,H,U,3.35,3.45,2.05,15,3.0,3.0,0.0,0.0,7.0,10.0,-3.0,0.0,5.0,-5.0,7.0,5.0,2.0,3.0,1.0,2.0,0.0,0.0,0.0,57.1,7.1,50.0,28.6,
2014-10-22,2014,FC Tokyo,Sanfrecce Hiroshima,2,1,H,O,2.11,3.28,3.36,15,2.0,1.0,0.0,2.0,13.0,1.0,12.0,5.0,2.0,3.0,8.0,-1.0,9.0,2.0,0.0,2.0,0.0,0.0,0.0,50.0,21.4,30.8,30.8,
2014-10-22,2014,Cerezo Osaka,Tokushima,3,1,H,O,1.31,5.01,9.01,15,2.0,1.0,2.0,3.0,5.0,3.0,2.0,4.0,11.0,-7.0,1.0,-8.0,9.0,1.0,0.0,1.0,0.0,2.0,-2.0,21.4,42.9,21.4,71.4,
2014-10-18,2014,Yokohama F. Marinos,Shimizu S-Pulse,1,0,H,U,2.04,3.21,3.63,14,2.0,0.0,1.0,3.0,3.0,6.0,-3.0,2.0,10.0,-8.0,1.0,-4.0,5.0,1.0,0.0,1.0,1.0,1.0,0.0,38.5,38.5,21.4,57.1,
2014-10-18,2014,Vegalta Sendai,Urawa Reds,4,2,H,O,3.69,3.32,1.98,14,2.0,2.0,2.0,1.0,5.0,10.0,-5.0,5.0,6.0,-1.0,0.0,4.0,-4.0,0.0,2.0,-2.0,0.0,0.0,0.0,30.8,30.8,53.8,30.8,
2014-10-18,2014,Tokushima,Vissel Kobe,2,2,D,O,5.85,4.05,1.52,14,0.0,1.0,4.0,1.0,0.0,4.0,-4.0,11.0,5.0,6.0,-11.0,-1.0,-10.0,0.0,0.0,0.0,3.0,1.0,2.0,0.0,84.6,21.4,28.6,
2014-10-18,2014,Sanfrecce Hiroshima,Nagoya Grampus,4,0,H,O,2.07,3.33,3.4,15,1.0,4.0,1.0,0.0,3.0,8.0,-5.0,2.0,2.0,0.0,1.0,6.0,-5.0,1.0,2.0,-1.0,0.0,0.0,0.0,42.9,28.6,61.5,23.1,
2014-10-18,2014,Sagan Tosu,Cerezo Osaka,1,0,H,U,2.12,3.26,3.36,14,2.0,0.0,1.0,3.0,5.0,4.0,1.0,5.0,10.0,-5.0,0.0,-6.0,6.0,0.0,0.0,0.0,1.0,2.0,-1.0,53.8,30.8,23.1,53.8,
2014-10-18,2014,Omiya Ardija,FC Tokyo,1,0,H,U,3.87,3.44,1.89,14,2.0,1.0,2.0,1.0,6.0,4.0,2.0,8.0,3.0,5.0,-2.0,1.0,-3.0,0.0,1.0,-1.0,2.0,0.0,2.0,23.1,61.5,30.8,30.8,
2014-10-18,2014,Kashima Antlers,Kashiwa Reysol,2,3,A,O,1.67,3.73,4.82,14,2.0,0.0,1.0,3.0,6.0,2.0,4.0,5.0,10.0,-5.0,1.0,-8.0,9.0,0.0,0.0,0.0,0.0,3.0,-3.0,46.2,38.5,15.4,53.8,
2014-10-18,2014,Gamba Osaka,Kawasaki Frontale,1,0,H,U,1.98,3.51,3.5,14,3.0,1.0,1.0,2.0,11.0,4.0,7.0,2.0,7.0,-5.0,9.0,-3.0,12.0,3.0,1.0,2.0,0.0,2.0,-2.0,61.5,30.8,46.2,38.5,
2014-10-18,2014,Albirex Niigata,Kofu,0,0,D,U,2.21,3.05,3.37,15,2.0,0.0,2.0,3.0,5.0,0.0,5.0,4.0,6.0,-2.0,1.0,-6.0,7.0,1.0,0.0,1.0,1.0,2.0,-1.0,42.9,28.6,7.7,53.8,D
2014-10-05,2014,Vissel Kobe,Nagoya Grampus,1,3,A,O,2.14,3.38,3.17,13,3.0,3.0,1.0,1.0,7.0,5.0,2.0,7.0,2.0,5.0,0.0,3.0,-3.0,1.0,1.0,0.0,1.0,0.0,1.0,58.3,16.7,58.3,25.0,
2014-10-05,2014,Vegalta Sendai,FC Tokyo,1,0,H,U,3.12,3.24,2.25,13,1.0,1.0,2.0,0.0,6.0,4.0,2.0,7.0,2.0,5.0,-1.0,2.0,-3.0,0.0,1.0,-1.0,0.0,0.0,0.0,25.0,33.3,33.3,25.0,
2014-10-05,2014,Urawa Reds,Tokushima,2,1,H,O,1.18,6.72,12.46,14,3.0,1.0,0.0,3.0,10.0,2.0,8.0,3.0,10.0,-7.0,7.0,-8.0,15.0,2.0,0.0,2.0,0.0,2.0,-2.0,69.2,7.7,23.1,69.2,
2014-10-05,2014,Shimizu S-Pulse,Cerezo Osaka,3,0,H,O,2.91,3.3,2.32,13,1.0,0.0,3.0,3.0,3.0,4.0,-1.0,10.0,8.0,2.0,-7.0,-4.0,-3.0,0.0,0.0,0.0,3.0,1.0,2.0,33.3,58.3,25.0,50.0,
2014-10-05,2014,Sagan Tosu,Yokohama F. Marinos,1,0,H,U,2.33,3.14,3.04,13,2.0,2.0,1.0,2.0,5.0,5.0,0.0,5.0,4.0,1.0,0.0,1.0,-1.0,0.0,1.0,-1.0,1.0,1.0,0.0,50.0,33.3,38.5,30.8,
2014-10-05,2014,Kofu,Omiya Ardija,0,1,A,U,1.86,3.35,4.13,14,2.0,1.0,0.0,2.0,6.0,5.0,1.0,3.0,8.0,-5.0,3.0,-3.0,6.0,1.0,1.0,0.0,0.0,1.0,-1.0,38.5,23.1,23.1,38.5,
2014-10-05,2014,Kashiwa Reysol,Sanfrecce Hiroshima,0,0,D,U,2.23,3.24,3.12,14,4.0,1.0,0.0,3.0,11.0,2.0,9.0,1.0,7.0,-6.0,10.0,-5.0,15.0,4.0,0.0,4.0,0.0,1.0,-1.0,61.5,7.7,33.3,33.3,D
2014-10-05,2014,Kashima Antlers,Gamba Osaka,2,3,A,O,2.19,3.36,3.1,13,3.0,3.0,0.0,0.0,9.0,9.0,0.0,3.0,3.0,0.0,6.0,6.0,0.0,1.0,2.0,-1.0,0.0,0.0,0.0,50.0,33.3,46.2,30.8,
2014-10-05,2014,Albirex Niigata,Kawasaki Frontale,3,0,H,O,3.07,3.35,2.21,14,2.0,1.0,2.0,2.0,4.0,5.0,-1.0,5.0,8.0,-3.0,-1.0,-3.0,2.0,0.0,1.0,-1.0,1.0,2.0,-1.0,38.5,30.8,50.0,33.3,
2014-09-27,2014,Yokohama F. Marinos,Kofu,0,0,D,U,2.12,3.03,3.6,13,2.0,0.0,1.0,3.0,5.0,2.0,3.0,4.0,8.0,-4.0,1.0,-6.0,7.0,1.0,0.0,1.0,1.0,2.0,-1.0,41.7,41.7,8.3,58.3,D
2014-09-27,2014,Tokushima,Kashima Antlers,0,5,A,O,8.68,4.81,1.33,13,0.0,3.0,3.0,1.0,2.0,8.0,-6.0,8.0,5.0,3.0,-6.0,3.0,-9.0,0.0,1.0,-1.0,2.0,0.0,2.0,0.0,83.3,61.5,23.1,
2014-09-27,2014,Sanfrecce Hiroshima,Vissel Kobe,1,1,D,U,2.1,3.27,3.36,14,2.0,1.0,1.0,2.0,3.0,3.0,0.0,1.0,6.0,-5.0,2.0,-3.0,5.0,1.0,0.0,1.0,0.0,2.0,-2.0,46.2,30.8,23.1,30.8,
2014-09-27,2014,Omiya Ardija,Shimizu S-Pulse,2,1,H,O,2.68,3.35,2.47,13,1.0,0.0,3.0,3.0,4.0,5.0,-1.0,9.0,12.0,-3.0,-5.0,-7.0,2.0,0.0,0.0,0.0,3.0,2.0,1.0,16.7,66.7,23.1,53.8,
2014-09-27,2014,Nagoya Grampus,Albirex Niigata,0,1,A,U,2.13,3.27,3.32,14,1.0,0.0,1.0,4.0,6.0,0.0,6.0,5.0,9.0,-4.0,1.0,-9.0,10.0,1.0,0.0,1.0,0.0,2.0,-2.0,15.4,53.8,25.0,50.0,
2014-09-27,2014,Kawasaki Frontale,Vegalta Sendai,1,1,D,U,1.57,3.86,5.59,14,3.0,0.0,0.0,3.0,11.0,2.0,9.0,5.0,5.0,0.0,6.0,-3.0,9.0,1.0,0.0,1.0,0.0,0.0,0.0,61.5,15.4,23.1,61.5,
2014-09-27,2014,Gamba Osaka,Sagan Tosu,4,1,H,O,1.72,3.49,4.84,13,3.0,1.0,1.0,3.0,9.0,3.0,6.0,1.0,5.0,-4.0,8.0,-2.0,10.0,3.0,1.0,2.0,0.0,1.0,-1.0,58.3,33.3,61.5,38.5,
2014-09-27,2014,FC Tokyo,Kashiwa Reysol,4,0,H,O,2.01,3.35,3.56,14,2.0,0.0,0.0,2.0,13.0,4.0,9.0,5.0,8.0,-3.0,8.0,-4.0,12.0,2.0,0.0,2.0,0.0,2.0,-2.0,46.2,23.1,16.7,50.0,
2014-09-27,2014,Cerezo Osaka,Urawa Reds,1,0,H,U,3.18,3.22,2.22,14,1.0,2.0,2.0,1.0,4.0,11.0,-7.0,4.0,7.0,-3.0,0.0,4.0,-4.0,1.0,2.0,-1.0,0.0,0.0,0.0,15.4,46.2,58.3,25.0,
2014-09-23,2014,Yokohama F. Marinos,Sanfrecce Hiroshima,1,0,H,U,2.19,3.17,3.29,12,1.0,1.0,1.0,2.0,5.0,5.0,0.0,5.0,9.0,-4.0,0.0,-4.0,4.0,1.0,0.0,1.0,1.0,1.0,0.0,36.4,45.5,36.4,27.3,
2014-09-23,2014,Vegalta Sendai,Kashima Antlers,0,1,A,U,3.8,3.43,1.92,12,1.0,2.0,1.0,1.0,9.0,8.0,1.0,9.0,6.0,3.0,0.0,2.0,-2.0,0.0,1.0,-1.0,0.0,0.0,0.0,27.3,27.3,58.3,25.0,
2014-09-23,2014,Shimizu S-Pulse,Gamba Osaka,0,3,A,O,4.27,3.67,1.75,12,2.0,3.0,2.0,0.0,6.0,11.0,-5.0,7.0,4.0,3.0,-1.0,7.0,-8.0,1.0,2.0,-1.0,2.0,0.0,2.0,36.4,54.5,41.7,33.3,
2014-09-23,2014,Omiya Ardija,Kawasaki Frontale,1,3,A,O,4.1,3.78,1.77,12,1.0,1.0,3.0,2.0,4.0,3.0,1.0,9.0,7.0,2.0,-5.0,-4.0,-1.0,0.0,0.0,0.0,3.0,2.0,1.0,18.2,63.6,45.5,36.4,
2014-09-23,2014,Kofu,Vissel Kobe,2,0,H,U,2.49,3.12,2.81,13,1.0,1.0,0.0,1.0,4.0,5.0,-1.0,3.0,6.0,-3.0,1.0,-1.0,2.0,0.0,0.0,0.0,0.0,1.0,-1.0,33.3,25.0,25.0,25.0,
2014-09-23,2014,Kashiwa Reysol,Sagan Tosu,2,0,H,U,2.27,3.25,3.03,13,3.0,2.0,0.0,2.0,9.0,4.0,5.0,1.0,3.0,-2.0,8.0,1.0,7.0,3.0,1.0,2.0,0.0,0.0,0.0,58.3,8.3,66.7,33.3,
2014-09-23,2014,FC Tokyo,Tokushima,4,0,H,O,1.25,5.57,10.17,13,2.0,2.0,0.0,2.0,12.0,5.0,7.0,5.0,7.0,-2.0,7.0,-2.0,9.0,2.0,1.0,1.0,0.0,1.0,-1.0,41.7,25.0,25.0,66.7,
2014-09-23,2014,Cerezo Osaka,Nagoya Grampus,1,2,A,O,2.17,3.3,3.19,13,1.0,2.0,2.0,1.0,3.0,6.0,-3.0,3.0,4.0,-1.0,0.0,2.0,-2.0,1.0,1.0,0.0,0.0,0.0,0.0,16.7,41.7,54.5,27.3,
2014-09-23,2014,Albirex Niigata,Urawa Reds,0,2,A,U,3.74,3.33,1.96,13,3.0,2.0,1.0,1.0,5.0,11.0,-6.0,3.0,7.0,-4.0,2.0,4.0,-2.0,0.0,2.0,-2.0,0.0,0.0,0.0,41.7,25.0,54.5,27.3,
2014-09-20,2014,Vissel Kobe,Shimizu S-Pulse,3,1,H,O,2.01,3.43,3.48,12,2.0,0.0,2.0,3.0,4.0,4.0,0.0,7.0,13.0,-6.0,-3.0,-9.0,6.0,0.0,0.0,0.0,1.0,2.0,-1.0,54.5,18.2,25.0,50.0,
2014-09-20,2014,Urawa Reds,Kashiwa Reysol,3,1,H,O,1.85,3.53,3.93,13,2.0,0.0,0.0,2.0,8.0,3.0,5.0,3.0,8.0,-5.0,5.0,-5.0,10.0,1.0,0.0,1.0,0.0,2.0,-2.0,66.7,8.3,18.2,45.5,
2014-09-20,2014,Tokushima,Omiya Ardija,0,2,A,U,3.45,3.33,2.05,12,0.0,0.0,3.0,2.0,2.0,5.0,-3.0,8.0,10.0,-2.0,-6.0,-5.0,-1.0,0.0,0.0,0.0,2.0,1.0,1.0,0.0,81.8,16.7,41.7,
2014-09-20,2014,Sanfrecce Hiroshima,Albirex Niigata,2,0,H,U,1.95,3.35,3.77,13,1.0,0.0,1.0,4.0,2.0,0.0,2.0,2.0,8.0,-6.0,0.0,-8.0,8.0,0.0,0.0,0.0,0.0,1.0,-1.0,41.7,33.3,27.3,45.5,
2014-09-20,2014,Sagan Tosu,Vegalta Sendai,2,1,H,O,1.95,3.38,3.74,12,1.0,0.0,2.0,3.0,3.0,1.0,2.0,5.0,6.0,-1.0,-2.0,-5.0,3.0,0.0,0.0,0.0,1.0,1.0,0.0,45.5,36.4,25.0,58.3,
2014-09-20,2014,Nagoya Grampus,Kofu,2,0,H,U,2.43,3.12,2.91,13,0.0,0.0,1.0,2.0,5.0,3.0,2.0,6.0,7.0,-1.0,-1.0,-4.0,3.0,0.0,0.0,0.0,0.0,1.0,-1.0,8.3,58.3,9.1,54.5,
2014-09-20,2014,Kawasaki Frontale,FC Tokyo,0,0,D,U,2.44,3.31,2.75,13,4.0,2.0,0.0,0.0,12.0,5.0,7.0,5.0,2.0,3.0,7.0,3.0,4.0,1.0,1.0,0.0,0.0,0.0,0.0,66.7,16.7,36.4,27.3,D
2014-09-20,2014,Kashima Antlers,Yokohama F. Marinos,1,0,H,U,2.1,3.36,3.3,12,2.0,2.0,0.0,1.0,10.0,6.0,4.0,5.0,4.0,1.0,5.0,2.0,3.0,1.0,1.0,0.0,0.0,1.0,-1.0,45.5,36.4,41.7,25.0,
2014-09-20,2014,Gamba Osaka,Cerezo Osaka,2,0,H,U,1.88,3.5,3.85,12,3.0,0.0,1.0,2.0,11.0,4.0,7.0,1.0,6.0,-5.0,10.0,-2.0,12.0,3.0,0.0,3.0,0.0,0.0,0.0,54.5,36.4,27.3,45.5,
2014-09-13,2014,Yokohama F. Marinos,Nagoya Grampus,0,2,A,U,1.88,3.45,3.91,11,1.0,1.0,1.0,1.0,6.0,5.0,1.0,5.0,5.0,0.0,1.0,0.0,1.0,1.0,0.0,1.0,0.0,0.0,0.0,40.0,40.0,50.0,30.0,
2014-09-13,2014,Shimizu S-Pulse,Urawa Reds,1,4,A,O,4.1,3.56,1.82,11,2.0,2.0,2.0,1.0,5.0,9.0,-4.0,5.0,6.0,-1.0,0.0,3.0,-3.0,1.0,2.0,-1.0,2.0,0.0,2.0,40.0,50.0,50.0,30.0,
2014-09-13,2014,Sanfrecce Hiroshima,Gamba Osaka,0,1,A,U,2.84,3.29,2.37,12,2.0,2.0,0.0,1.0,7.0,10.0,-3.0,3.0,7.0,-4.0,4.0,3.0,1.0,1.0,2.0,-1.0,0.0,1.0,-1.0,45.5,27.3,36.4,36.4,
2014-09-13,2014,Omiya Ardija,Kashima Antlers,2,1,H,O,4.85,3.91,1.63,11,0.0,2.0,3.0,0.0,5.0,8.0,-3.0,11.0,5.0,6.0,-6.0,3.0,-9.0,0.0,1.0,-1.0,3.0,0.0,3.0,10.0,70.0,63.6,18.2,
2014-09-13,2014,Kofu,Sagan Tosu,1,0,H,U,2.46,3.18,2.82,12,1.0,3.0,0.0,1.0,6.0,5.0,1.0,3.0,2.0,1.0,3.0,3.0,0.0,1.0,1.0,0.0,0.0,0.0,0.0,27.3,27.3,72.7,27.3,
2014-09-13,2014,Kawasaki Frontale,Tokushima,4,0,H,O,1.3,5.22,8.9,12,3.0,2.0,1.0,1.0,8.0,6.0,2.0,8.0,4.0,4.0,0.0,2.0,-2.0,0.0,1.0,-1.0,1.0,0.0,1.0,63.6,18.2,27.3,63.6,
2014-09-13,2014,FC Tokyo,Vissel Kobe,1,1,D,U,1.79,3.59,4.17,12,2.0,1.0,0.0,1.0,12.0,5.0,7.0,5.0,6.0,-1.0,7.0,-1.0,8.0,2.0,0.0,2.0,0.0,1.0,-1.0,45.5,27.3,27.3,27.3,
2014-09-13,2014,Cerezo Osaka,Kashiwa Reysol,2,0,H,U,2.53,3.26,2.66,12,0.0,0.0,2.0,2.0,3.0,5.0,-2.0,5.0,11.0,-6.0,-2.0,-6.0,4.0,0.0,0.0,0.0,0.0,2.0,-2.0,9.1,45.5,20.0,40.0,
2014-09-13,2014,Albirex Niigata,Vegalta Sendai,1,0,H,U,2.13,3.25,3.32,12,2.0,0.0,2.0,2.0,4.0,1.0,3.0,4.0,5.0,-1.0,0.0,-4.0,4.0,0.0,0.0,0.0,0.0,1.0,-1.0,36.4,27.3,27.3,54.5,
2014-08-30,2014,Vegalta Sendai,Yokohama F. Marinos,1,2,A,O,3.35,3.25,2.12,11,2.0,1.0,0.0,1.0,9.0,6.0,3.0,7.0,5.0,2.0,2.0,1.0,1.0,0.0,1.0,-1.0,0.0,1.0,-1.0,30.0,20.0,36.4,27.3,
2014-08-30,2014,Urawa Reds,Omiya Ardija,4,0,H,O,1.44,4.21,6.88,12,2.0,0.0,0.0,1.0,5.0,6.0,-1.0,3.0,7.0,-4.0,2.0,-1.0,3.0,0.0,0.0,0.0,0.0,0.0,0.0,63.6,9.1,18.2,36.4,
2014-08-30,2014,Tokushima,Sanfrecce Hiroshima,0,1,A,U,5.74,3.69,1.58,11,0.0,0.0,2.0,3.0,2.0,4.0,-2.0,7.0,10.0,-3.0,-5.0,-6.0,1.0,0.0,0.0,0.0,2.0,1.0,1.0,0.0,80.0,30.0,30.0,
2014-08-30,2014,Sagan Tosu,Shimizu S-Pulse,2,2,D,O,1.82,3.48,4.15,11,1.0,0.0,2.0,3.0,2.0,3.0,-1.0,4.0,12.0,-8.0,-2.0,-9.0,7.0,0.0,0.0,0.0,1.0,2.0,-1.0,50.0,40.0,27.3,54.5,
2014-08-30,2014,Nagoya Grampus,Kawasaki Frontale,1,1,D,U,3.17,3.36,2.15,12,0.0,2.0,1.0,2.0,5.0,4.0,1.0,6.0,6.0,0.0,-1.0,-2.0,1.0,0.0,1.0,-1.0,0.0,2.0,-2.0,9.1,63.6,50.0,40.0,
2014-08-30,2014,Kashiwa Reysol,Kofu,3,0,H,O,2.16,3.22,3.27,12,3.0,0.0,0.0,2.0,7.0,3.0,4.0,1.0,6.0,-5.0,6.0,-3.0,9.0,2.0,0.0,2.0,0.0,1.0,-1.0,54.5,9.1,10.0,50.0,
2014-08-30,2014,Kashima Antlers,FC Tokyo,2,2,D,O,2.26,3.29,3.01,11,3.0,2.0,0.0,0.0,9.0,3.0,6.0,3.0,0.0,3.0,6.0,3.0,3.0,1.0,1.0,0.0,0.0,0.0,0.0,50.0,40.0,40.0,30.0,
2014-08-30,2014,Gamba Osaka,Albirex Niigata,5,0,H,O,1.7,3.64,4.68,11,3.0,0.0,1.0,4.0,8.0,0.0,8.0,1.0,4.0,-3.0,7.0,-4.0,11.0,3.0,0.0,3.0,0.0,0.0,0.0,50.0,40.0,30.0,40.0,
2014-08-30,2014,Cerezo Osaka,Vissel Kobe,1,2,A,O,2.07,3.42,3.3,11,0.0,0.0,2.0,1.0,3.0,4.0,-1.0,5.0,6.0,-1.0,-2.0,-2.0,0.0,0.0,0.0,0.0,0.0,1.0,-1.0,10.0,40.0,20.0,30.0,
2014-08-23,2014,Yokohama F. Marinos,Kawasaki Frontale,2,0,H,U,2.47,3.26,2.71,10,1.0,3.0,1.0,1.0,6.0,6.0,0.0,5.0,5.0,0.0,1.0,1.0,0.0,1.0,1.0,0.0,0.0,1.0,-1.0,33.3,44.4,55.6,33.3,
2014-08-23,2014,Vissel Kobe,Vegalta Sendai,2,1,H,O,1.94,3.45,3.64,11,2.0,1.0,2.0,1.0,3.0,1.0,2.0,6.0,3.0,3.0,-3.0,-2.0,-1.0,0.0,0.0,0.0,1.0,1.0,0.0,50.0,20.0,30.0,50.0,
2014-08-23,2014,Shimizu S-Pulse,Kashima Antlers,1,3,A,O,3.8,3.48,1.89,10,2.0,1.0,1.0,1.0,5.0,6.0,-1.0,3.0,8.0,-5.0,2.0,-2.0,4.0,1.0,0.0,1.0,1.0,1.0,0.0,44.4,44.4,60.0,20.0,
2014-08-23,2014,Sanfrecce Hiroshima,Cerezo Osaka,0,0,D,U,2.09,3.3,3.35,11,2.0,0.0,1.0,3.0,8.0,4.0,4.0,5.0,7.0,-2.0,3.0,-3.0,6.0,1.0,0.0,1.0,0.0,0.0,0.0,50.0,30.0,30.0,50.0,D
2014-08-23,2014,Omiya Ardija,Sagan Tosu,1,3,A,O,3.45,3.31,2.05,10,0.0,3.0,3.0,1.0,4.0,4.0,0.0,10.0,2.0,8.0,-6.0,2.0,-8.0,0.0,0.0,0.0,3.0,0.0,3.0,11.1,66.7,70.0,30.0,
2014-08-23,2014,Nagoya Grampus,Kashiwa Reysol,1,1,D,U,2.58,3.27,2.59,11,0.0,0.0,2.0,3.0,5.0,4.0,1.0,7.0,13.0,-6.0,-2.0,-9.0,7.0,0.0,0.0,0.0,0.0,3.0,-3.0,10.0,70.0,22.2,44.4,
2014-08-23,2014,Kofu,Gamba Osaka,3,3,D,O,3.2,3.21,2.19,11,1.0,3.0,0.0,1.0,3.0,9.0,-6.0,0.0,5.0,-5.0,3.0,4.0,-1.0,1.0,2.0,-1.0,0.0,1.0,-1.0,30.0,30.0,40.0,40.0,
2014-08-23,2014,FC Tokyo,Urawa Reds,4,4,D,O,2.62,3.2,2.59,11,3.0,2.0,0.0,1.0,11.0,5.0,6.0,1.0,2.0,-1.0,10.0,3.0,7.0,3.0,2.0,1.0,0.0,0.0,0.0,50.0,30.0,55.6,33.3,
2014-08-23,2014,Albirex Niigata,Tokushima,1,2,A,O,1.41,4.26,7.62,11,2.0,1.0,1.0,2.0,4.0,4.0,0.0,3.0,4.0,-1.0,1.0,0.0,1.0,0.0,1.0,-1.0,0.0,0.0,0.0,40.0,20.0,20.0,70.0,
2014-08-16,2014,Vegalta Sendai,Shimizu S-Pulse,3,2,H,O,2.32,3.27,2.93,10,2.0,0.0,0.0,3.0,10.0,2.0,8.0,8.0,11.0,-3.0,2.0,-9.0,11.0,0.0,0.0,0.0,0.0,2.0,-2.0,22.2,22.2,30.0,50.0,
2014-08-16,2014,Urawa Reds,Sanfrecce Hiroshima,1,0,H,U,1.86,3.44,4.03,11,2.0,0.0,0.0,2.0,5.0,4.0,1.0,3.0,9.0,-6.0,2.0,-5.0,7.0,0.0,0.0,0.0,0.0,1.0,-1.0,60.0,10.0,33.3,22.2,
2014-08-16,2014,Tokushima,Yokohama F. Marinos,0,3,A,O,7.28,4.09,1.44,10,0.0,1.0,2.0,1.0,2.0,5.0,-3.0,5.0,6.0,-1.0,-3.0,-1.0,-2.0,0.0,0.0,0.0,1.0,1.0,0.0,0.0,77.8,30.0,30.0,
2014-08-16,2014,Sagan Tosu,FC Tokyo,0,2,A,U,2.45,3.23,2.78,10,2.0,1.0,1.0,1.0,3.0,1.0,2.0,2.0,1.0,1.0,1.0,0.0,1.0,0.0,0.0,0.0,0.0,0.0,0.0,55.6,33.3,33.3,33.3,
2014-08-16,2014,Kawasaki Frontale,Cerezo Osaka,5,4,H,O,1.88,3.49,3.84,11,3.0,1.0,1.0,2.0,7.0,2.0,5.0,5.0,3.0,2.0,2.0,-1.0,3.0,1.0,0.0,1.0,1.0,0.0,1.0,60.0,20.0,33.3,44.4,
2014-08-16,2014,Kashiwa Reysol,Vissel Kobe,2,0,H,U,2.13,3.39,3.19,11,3.0,0.0,0.0,1.0,6.0,7.0,-1.0,1.0,8.0,-7.0,5.0,-1.0,6.0,1.0,0.0,1.0,0.0,0.0,0.0,50.0,10.0,22.2,22.2,
2014-08-16,2014,Kashima Antlers,Kofu,1,0,H,U,1.77,3.48,4.44,10,2.0,0.0,1.0,2.0,9.0,3.0,6.0,5.0,6.0,-1.0,4.0,-3.0,7.0,1.0,0.0,1.0,0.0,1.0,-1.0,44.4,44.4,11.1,44.4,
2014-08-16,2014,Gamba Osaka,Nagoya Grampus,0,1,A,U,1.65,3.79,4.76,10,4.0,1.0,0.0,1.0,11.0,6.0,5.0,0.0,6.0,-6.0,11.0,0.0,11.0,4.0,0.0,4.0,0.0,0.0,0.0,55.6,33.3,44.4,33.3,
2014-08-16,2014,Albirex Niigata,Omiya Ardija,2,1,H,O,1.78,3.49,4.38,10,2.0,1.0,1.0,0.0,4.0,6.0,-2.0,3.0,5.0,-2.0,1.0,1.0,0.0,0.0,0.0,0.0,0.0,0.0,0.0,33.3,22.2,20.0,30.0,
2014-08-11,2014,Sanfrecce Hiroshima,Sagan Tosu,1,0,H,U,2.5,3.25,2.69,10,1.0,4.0,1.0,0.0,8.0,5.0,3.0,6.0,1.0,5.0,2.0,4.0,-2.0,1.0,0.0,1.0,0.0,0.0,0.0,44.4,33.3,77.8,22.2,
2014-08-09,2014,Yokohama F. Marinos,Kashiwa Reysol,2,2,D,O,2.11,3.3,3.34,9,1.0,0.0,2.0,4.0,4.0,2.0,2.0,4.0,12.0,-8.0,0.0,-10.0,10.0,1.0,0.0,1.0,0.0,3.0,-3.0,37.5,50.0,25.0,50.0,
2014-08-09,2014,Vissel Kobe,Albirex Niigata,1,0,H,U,2.36,3.3,2.85,10,1.0,0.0,2.0,3.0,2.0,2.0,0.0,6.0,5.0,1.0,-4.0,-3.0,-1.0,0.0,0.0,0.0,1.0,0.0,1.0,44.4,22.2,33.3,33.3,
2014-08-09,2014,Shimizu S-Pulse,Tokushima,1,0,H,U,1.46,4.31,6.27,9,1.0,1.0,2.0,2.0,4.0,4.0,0.0,4.0,6.0,-2.0,0.0,-2.0,2.0,1.0,1.0,0.0,1.0,1.0,0.0,37.5,50.0,22.2,66.7,
2014-08-09,2014,Omiya Ardija,Gamba Osaka,0,2,A,U,4.91,3.7,1.66,9,0.0,2.0,2.0,2.0,6.0,7.0,-1.0,10.0,7.0,3.0,-4.0,0.0,-4.0,0.0,1.0,-1.0,2.0,2.0,0.0,12.5,62.5,33.3,44.4,
2014-08-09,2014,Nagoya Grampus,Kashima Antlers,2,3,A,O,3.27,3.43,2.08,10,0.0,0.0,2.0,2.0,4.0,3.0,1.0,6.0,7.0,-1.0,-2.0,-4.0,2.0,0.0,0.0,0.0,0.0,1.0,-1.0,11.1,66.7,55.6,22.2,
2014-08-09,2014,Kofu,Vegalta Sendai,0,0,D,U,2.09,3.21,3.49,10,1.0,2.0,1.0,1.0,3.0,2.0,1.0,1.0,3.0,-2.0,2.0,-1.0,3.0,1.0,0.0,1.0,0.0,1.0,-1.0,33.3,33.3,33.3,55.6,D
2014-08-09,2014,Kawasaki Frontale,Urawa Reds,2,1,H,O,2.6,3.3,2.57,10,3.0,2.0,1.0,1.0,7.0,6.0,1.0,4.0,3.0,1.0,3.0,3.0,0.0,2.0,2.0,0.0,1.0,0.0,1.0,55.6,22.2,62.5,25.0,
2014-08-09,2014,Cerezo Osaka,FC Tokyo,0,0,D,U,2.7,3.28,2.48,10,0.0,2.0,3.0,1.0,3.0,2.0,1.0,6.0,1.0,5.0,-3.0,1.0,-4.0,0.0,0.0,0.0,0.0,0.0,0.0,11.1,44.4,37.5,37.5,D
2014-08-02,2014,Vegalta Sendai,Omiya Ardija,2,2,D,O,1.9,3.47,3.81,9,2.0,1.0,0.0,0.0,8.0,5.0,3.0,6.0,4.0,2.0,2.0,1.0,1.0,0.0,0.0,0.0,0.0,0.0,0.0,25.0,25.0,22.2,33.3,
2014-08-02,2014,Urawa Reds,Vissel Kobe,2,2,D,O,1.62,3.82,5.07,10,3.0,0.0,0.0,1.0,4.0,6.0,-2.0,1.0,7.0,-6.0,3.0,-1.0,4.0,0.0,0.0,0.0,0.0,0.0,0.0,66.7,11.1,25.0,25.0,
2014-08-02,2014,Tokushima,Kofu,2,2,D,O,5.64,3.58,1.61,9,0.0,0.0,3.0,3.0,1.0,1.0,0.0,5.0,6.0,-1.0,-4.0,-5.0,1.0,0.0,0.0,0.0,1.0,2.0,-1.0,0.0,87.5,12.5,50.0,
2014-08-02,2014,Sagan Tosu,Nagoya Grampus,1,0,H,U,1.84,3.48,4.06,9,1.0,2.0,2.0,0.0,3.0,7.0,-4.0,4.0,5.0,-1.0,-1.0,2.0,-3.0,0.0,0.0,0.0,0.0,0.0,0.0,50.0,37.5,50.0,25.0,
2014-08-02,2014,Kashiwa Reysol,Kawasaki Frontale,4,1,H,O,2.92,3.34,2.29,10,3.0,3.0,0.0,0.0,5.0,5.0,0.0,2.0,1.0,1.0,3.0,4.0,-1.0,0.0,1.0,-1.0,0.0,0.0,0.0,44.4,11.1,62.5,25.0,
2014-08-02,2014,Kashima Antlers,Sanfrecce Hiroshima,5,1,H,O,2.14,3.37,3.18,9,2.0,1.0,1.0,1.0,6.0,5.0,1.0,5.0,5.0,0.0,1.0,0.0,1.0,0.0,0.0,0.0,0.0,0.0,0.0,37.5,50.0,37.5,12.5,
2014-08-02,2014,Gamba Osaka,Yokohama F. Marinos,2,0,H,U,2.24,3.3,3.04,9,3.0,2.0,1.0,0.0,10.0,8.0,2.0,2.0,4.0,-2.0,8.0,4.0,4.0,3.0,1.0,2.0,0.0,0.0,0.0,50.0,37.5,33.3,22.2,
2014-08-02,2014,FC Tokyo,Shimizu S-Pulse,4,0,H,O,1.79,3.58,4.16,10,2.0,0.0,1.0,3.0,7.0,3.0,4.0,2.0,9.0,-7.0,5.0,-6.0,11.0,2.0,0.0,2.0,0.0,1.0,-1.0,44.4,33.3,33.3,44.4,
2014-08-02,2014,Albirex Niigata,Cerezo Osaka,1,0,H,U,2.56,3.19,2.67,9,1.0,1.0,1.0,1.0,4.0,4.0,0.0,4.0,4.0,0.0,0.0,0.0,0.0,0.0,0.0,0.0,0.0,0.0,0.0,25.0,25.0,37.5,37.5,
2014-07-27,2014,Vissel Kobe,Gamba Osaka,1,5,A,O,2.77,3.36,2.39,9,1.0,1.0,1.0,3.0,3.0,3.0,0.0,3.0,8.0,-5.0,0.0,-5.0,5.0,0.0,0.0,0.0,0.0,2.0,-2.0,50.0,12.5,25.0,50.0,
2014-07-27,2014,Urawa Reds,Kashima Antlers,1,1,D,U,2.08,3.4,3.3,9,4.0,1.0,0.0,2.0,4.0,5.0,-1.0,0.0,6.0,-6.0,4.0,-1.0,5.0,0.0,1.0,-1.0,0.0,1.0,-1.0,75.0,12.5,62.5,25.0,
2014-07-27,2014,Shimizu S-Pulse,Kashiwa Reysol,3,0,H,O,2.95,3.38,2.26,8,1.0,1.0,2.0,3.0,2.0,4.0,-2.0,4.0,10.0,-6.0,-2.0,-6.0,4.0,0.0,0.0,0.0,1.0,2.0,-1.0,28.6,57.1,28.6,42.9,
2014-07-27,2014,Sanfrecce Hiroshima,Kofu,1,1,D,U,1.93,3.31,3.92,9,1.0,1.0,2.0,3.0,7.0,2.0,5.0,8.0,5.0,3.0,-1.0,-3.0,2.0,1.0,1.0,0.0,1.0,2.0,-1.0,50.0,37.5,14.3,57.1,
2014-07-27,2014,Omiya Ardija,Tokushima,1,3,A,O,1.54,3.89,5.89,8,0.0,1.0,2.0,2.0,5.0,2.0,3.0,9.0,5.0,4.0,-4.0,-3.0,-1.0,0.0,0.0,0.0,2.0,1.0,1.0,14.3,57.1,12.5,75.0,
2014-07-27,2014,Nagoya Grampus,Yokohama F. Marinos,1,1,D,U,3.12,3.28,2.21,9,0.0,2.0,3.0,1.0,5.0,7.0,-2.0,8.0,4.0,4.0,-3.0,3.0,-6.0,0.0,1.0,-1.0,0.0,0.0,0.0,12.5,75.0,37.5,25.0,
2014-07-27,2014,Kawasaki Frontale,Albirex Niigata,1,0,H,U,1.91,3.45,3.82,9,3.0,1.0,1.0,2.0,8.0,4.0,4.0,5.0,5.0,0.0,3.0,-1.0,4.0,2.0,0.0,2.0,1.0,0.0,1.0,50.0,25.0,37.5,25.0,
2014-07-27,2014,FC Tokyo,Vegalta Sendai,3,0,H,O,1.92,3.4,3.79,9,1.0,2.0,2.0,1.0,4.0,2.0,2.0,3.0,1.0,2.0,1.0,1.0,0.0,1.0,0.0,1.0,0.0,0.0,0.0,37.5,37.5,37.5,50.0,
2014-07-27,2014,Cerezo Osaka,Sagan Tosu,0,1,A,U,2.41,3.29,2.79,9,0.0,4.0,2.0,0.0,4.0,7.0,-3.0,6.0,3.0,3.0,-2.0,4.0,-6.0,0.0,0.0,0.0,0.0,0.0,0.0,12.5,37.5,75.0,25.0,
2014-07-23,2014,Yokohama F. Marinos,Vissel Kobe,1,1,D,U,1.95,3.37,3.71,8,1.0,1.0,3.0,1.0,3.0,8.0,-5.0,5.0,8.0,-3.0,-2.0,0.0,-2.0,1.0,0.0,1.0,1.0,0.0,1.0,42.9,57.1,28.6,28.6,
2014-07-23,2014,Vegalta Sendai,Nagoya Grampus,3,3,D,O,2.3,3.25,3.0,8,2.0,2.0,1.0,1.0,5.0,4.0,1.0,6.0,4.0,2.0,-1.0,0.0,-1.0,0.0,0.0,0.0,1.0,1.0,0.0,28.6,28.6,57.1,28.6,
2014-07-23,2014,Tokushima,Urawa Reds,0,2,A,U,8.79,5.09,1.31,8,0.0,2.0,3.0,1.0,1.0,6.0,-5.0,7.0,4.0,3.0,-6.0,2.0,-8.0,0.0,1.0,-1.0,1.0,0.0,1.0,0.0,85.7,57.1,28.6,
2014-07-23,2014,Sanfrecce Hiroshima,Kashiwa Reysol,5,2,H,O,2.09,3.28,3.39,8,1.0,1.0,2.0,2.0,3.0,3.0,0.0,6.0,6.0,0.0,-3.0,-3.0,0.0,0.0,0.0,0.0,1.0,1.0,0.0,42.9,42.9,33.3,33.3,
2014-07-23,2014,Sagan Tosu,Kawasaki Frontale,0,1,A,U,2.42,3.33,2.74,8,2.0,2.0,1.0,1.0,5.0,4.0,1.0,3.0,2.0,1.0,2.0,2.0,0.0,1.0,1.0,0.0,0.0,0.0,0.0,57.1,28.6,57.1,28.6,
2014-07-23,2014,Kofu,Cerezo Osaka,0,0,D,U,2.6,3.11,2.68,9,2.0,1.0,1.0,2.0,5.0,4.0,1.0,1.0,6.0,-5.0,4.0,-2.0,6.0,2.0,0.0,2.0,0.0,1.0,-1.0,37.5,37.5,42.9,42.9,D
2014-07-23,2014,Kashima Antlers,Omiya Ardija,2,2,D,O,1.51,4.07,5.92,8,2.0,1.0,2.0,1.0,6.0,4.0,2.0,6.0,4.0,2.0,0.0,0.0,0.0,0.0,0.0,0.0,0.0,0.0,0.0,42.9,57.1,25.0,37.5,
2014-07-23,2014,Gamba Osaka,Shimizu S-Pulse,4,0,H,O,1.98,3.41,3.57,8,3.0,1.0,1.0,2.0,8.0,7.0,1.0,3.0,5.0,-2.0,5.0,2.0,3.0,2.0,1.0,1.0,0.0,0.0,0.0,42.9,42.9,37.5,37.5,
2014-07-23,2014,Albirex Niigata,FC Tokyo,0,1,A,U,2.59,3.19,2.64,8,1.0,1.0,0.0,2.0,4.0,1.0,3.0,3.0,2.0,1.0,1.0,-1.0,2.0,0.0,0.0,0.0,0.0,0.0,0.0,28.6,14.3,28.6,42.9,
2014-07-19,2014,Vissel Kobe,Sagan Tosu,0,1,A,U,2.6,3.27,2.58,8,2.0,4.0,0.0,0.0,6.0,9.0,-3.0,2.0,3.0,-1.0,4.0,6.0,-2.0,1.0,1.0,0.0,0.0,0.0,0.0,57.1,0.0,71.4,28.6,
2014-07-19,2014,Urawa Reds,Albirex Niigata,1,0,H,U,1.77,3.52,4.34,8,4.0,2.0,0.0,1.0,4.0,6.0,-2.0,0.0,5.0,-5.0,4.0,1.0,3.0,0.0,0.0,0.0,0.0,0.0,0.0,71.4,14.3,42.9,14.3,
2014-07-19,2014,Shimizu S-Pulse,Kawasaki Frontale,0,2,A,U,3.04,3.41,2.2,7,2.0,2.0,1.0,1.0,4.0,6.0,-2.0,2.0,2.0,0.0,2.0,4.0,-2.0,1.0,1.0,0.0,0.0,0.0,0.0,33.3,50.0,50.0,33.3,
2014-07-19,2014,Omiya Ardija,Sanfrecce Hiroshima,3,3,D,O,4.15,3.45,1.83,7,0.0,1.0,3.0,1.0,2.0,2.0,0.0,9.0,2.0,7.0,-7.0,0.0,-7.0,0.0,0.0,0.0,3.0,0.0,3.0,16.7,66.7,42.9,14.3,
2014-07-19,2014,Nagoya Grampus,Tokushima,1,1,D,U,1.32,5.0,8.62,8,0.0,1.0,4.0,3.0,5.0,1.0,4.0,9.0,7.0,2.0,-4.0,-6.0,2.0,0.0,0.0,0.0,0.0,2.0,-2.0,14.3,85.7,14.3,85.7,
2014-07-19,2014,Kashiwa Reysol,Vegalta Sendai,0,0,D,U,1.89,3.39,3.97,9,3.0,3.0,0.0,1.0,5.0,4.0,1.0,2.0,1.0,1.0,3.0,3.0,0.0,0.0,1.0,-1.0,0.0,0.0,0.0,50.0,12.5,42.9,57.1,D
2014-07-19,2014,Gamba Osaka,Kofu,2,0,H,U,2.08,3.3,3.39,7,2.0,1.0,2.0,3.0,6.0,2.0,4.0,5.0,5.0,0.0,1.0,-3.0,4.0,1.0,1.0,0.0,1.0,2.0,-1.0,33.3,50.0,16.7,50.0,
2014-07-19,2014,FC Tokyo,Kashima Antlers,1,1,D,U,2.5,3.31,2.65,8,2.0,2.0,2.0,2.0,5.0,6.0,-1.0,2.0,5.0,-3.0,3.0,1.0,2.0,2.0,2.0,0.0,0.0,1.0,-1.0,42.9,42.9,71.4,28.6,
2014-07-19,2014,Cerezo Osaka,Yokohama F. Marinos,2,2,D,O,2.64,3.15,2.62,8,0.0,2.0,2.0,1.0,4.0,5.0,-1.0,6.0,2.0,4.0,-2.0,3.0,-5.0,0.0,1.0,-1.0,0.0,0.0,0.0,14.3,42.9,42.9,28.6,
2014-07-15,2014,Sanfrecce Hiroshima,Yokohama F. Marinos,1,2,A,O,2.24,3.22,3.1,7,2.0,1.0,1.0,1.0,5.0,3.0,2.0,5.0,1.0,4.0,0.0,2.0,-2.0,1.0,1.0,0.0,1.0,0.0,1.0,50.0,33.3,33.3,33.3,
2014-07-15,2014,Cerezo Osaka,Kawasaki Frontale,1,2,A,O,2.53,3.36,2.59,7,0.0,2.0,1.0,1.0,3.0,8.0,-5.0,4.0,1.0,3.0,-1.0,7.0,-8.0,0.0,2.0,-2.0,0.0,0.0,0.0,16.7,33.3,40.0,40.0,
2014-05-18,2014,Vegalta Sendai,Sanfrecce Hiroshima,1,0,H,U,3.11,3.16,2.27,7,1.0,2.0,1.0,0.0,5.0,7.0,-2.0,7.0,3.0,4.0,-2.0,4.0,-6.0,0.0,1.0,-1.0,1.0,0.0,1.0,16.7,33.3,50.0,0.0,H
2014-05-18,2014,Kawasaki Frontale,Yokohama F. Marinos,0,3,A,O,2.15,3.25,3.26,8,3.0,0.0,0.0,2.0,9.0,0.0,9.0,3.0,2.0,1.0,6.0,-2.0,8.0,2.0,0.0,2.0,0.0,0.0,0.0,57.1,14.3,20.0,40.0,
2014-05-17,2014,Urawa Reds,Cerezo Osaka,1,0,H,U,2.04,3.39,3.4,7,4.0,1.0,0.0,2.0,7.0,5.0,2.0,0.0,7.0,-7.0,7.0,-2.0,9.0,1.0,0.0,1.0,0.0,1.0,-1.0,66.7,16.7,50.0,33.3,
2014-05-17,2014,Shimizu S-Pulse,Vissel Kobe,1,1,D,U,2.44,3.34,2.69,6,2.0,2.0,2.0,1.0,4.0,10.0,-6.0,4.0,7.0,-3.0,0.0,3.0,-3.0,1.0,1.0,0.0,1.0,0.0,1.0,40.0,60.0,33.3,33.3,
2014-05-17,2014,Sagan Tosu,Omiya Ardija,1,1,D,U,1.62,3.79,5.09,7,3.0,1.0,1.0,2.0,6.0,3.0,3.0,2.0,5.0,-3.0,4.0,-2.0,6.0,2.0,0.0,2.0,0.0,1.0,-1.0,66.7,33.3,28.6,42.9,
2014-05-17,2014,Kofu,Kashiwa Reysol,3,0,H,O,2.84,3.12,2.45,8,1.0,2.0,2.0,1.0,2.0,5.0,-3.0,2.0,3.0,-1.0,0.0,2.0,-2.0,1.0,1.0,0.0,0.0,0.0,0.0,28.6,42.9,40.0,20.0,
2014-05-17,2014,Kashima Antlers,Tokushima,1,0,H,U,1.21,6.39,10.89,7,1.0,1.0,3.0,3.0,6.0,2.0,4.0,8.0,9.0,-1.0,-2.0,-7.0,5.0,0.0,0.0,0.0,0.0,3.0,-3.0,33.3,66.7,16.7,83.3,
2014-05-17,2014,FC Tokyo,Gamba Osaka,3,0,H,O,2.27,3.31,2.99,7,2.0,1.0,2.0,2.0,4.0,5.0,-1.0,3.0,7.0,-4.0,1.0,-2.0,3.0,1.0,0.0,1.0,0.0,1.0,-1.0,33.3,50.0,28.6,42.9,
2014-05-17,2014,Albirex Niigata,Nagoya Grampus,1,1,D,U,1.93,3.41,3.71,7,1.0,2.0,0.0,2.0,3.0,3.0,0.0,2.0,4.0,-2.0,1.0,-1.0,2.0,0.0,0.0,0.0,0.0,1.0,-1.0,33.3,16.7,66.7,33.3,
2014-05-10,2014,Yokohama F. Marinos,Sagan Tosu,1,2,A,O,2.21,3.25,3.14,7,1.0,3.0,3.0,1.0,3.0,8.0,-5.0,6.0,4.0,2.0,-3.0,4.0,-7.0,1.0,1.0,0.0,2.0,0.0,2.0,50.0,50.0,66.7,33.3,
2014-05-10,2014,Vissel Kobe,Kofu,1,0,H,U,2.11,3.31,3.33,7,2.0,1.0,0.0,2.0,8.0,3.0,5.0,3.0,5.0,-2.0,5.0,-2.0,7.0,2.0,1.0,1.0,0.0,2.0,-2.0,50.0,0.0,20.0,40.0,
2014-05-10,2014,Tokushima,FC Tokyo,0,0,D,U,7.98,4.59,1.36,7,0.0,2.0,4.0,2.0,1.0,4.0,-3.0,11.0,3.0,8.0,-10.0,1.0,-11.0,0.0,1.0,-1.0,2.0,0.0,2.0,0.0,100.0,33.3,50.0,D
2014-05-10,2014,Sanfrecce Hiroshima,Shimizu S-Pulse,1,1,D,U,1.77,3.62,4.24,6,2.0,2.0,2.0,2.0,4.0,7.0,-3.0,6.0,4.0,2.0,-2.0,3.0,-5.0,1.0,1.0,0.0,2.0,0.0,2.0,60.0,40.0,42.9,42.9,
2014-05-10,2014,Omiya Ardija,Urawa Reds,0,2,A,U,4.38,3.67,1.74,6,1.0,1.0,2.0,2.0,6.0,5.0,1.0,7.0,7.0,0.0,-1.0,-2.0,1.0,1.0,0.0,1.0,2.0,1.0,1.0,20.0,60.0,50.0,33.3,
2014-05-10,2014,Nagoya Grampus,Gamba Osaka,1,2,A,O,2.77,3.29,2.41,7,0.0,0.0,4.0,3.0,6.0,3.0,3.0,12.0,8.0,4.0,-6.0,-5.0,-1.0,0.0,0.0,0.0,1.0,2.0,-1.0,16.7,83.3,16.7,50.0,
2014-05-10,2014,Kawasaki Frontale,Kashima Antlers,4,1,H,O,2.32,3.43,2.81,7,3.0,3.0,0.0,1.0,6.0,8.0,-2.0,2.0,2.0,0.0,4.0,6.0,-2.0,1.0,3.0,-2.0,0.0,0.0,0.0,50.0,16.7,83.3,16.7,
2014-05-10,2014,Kashiwa Reysol,Albirex Niigata,1,0,H,U,2.34,3.36,2.83,8,3.0,2.0,0.0,0.0,6.0,6.0,0.0,3.0,4.0,-1.0,3.0,2.0,1.0,0.0,0.0,0.0,0.0,0.0,0.0,42.9,14.3,50.0,0.0,
2014-05-10,2014,Cerezo Osaka,Vegalta Sendai,0,1,A,U,1.86,3.52,3.93,6,1.0,2.0,0.0,2.0,7.0,3.0,4.0,4.0,5.0,-1.0,3.0,-2.0,5.0,1.0,1.0,0.0,0.0,1.0,-1.0,20.0,20.0,33.3,66.7,
2014-05-06,2014,Vegalta Sendai,Vissel Kobe,4,3,H,O,2.54,3.23,2.65,6,0.0,2.0,1.0,1.0,1.0,8.0,-7.0,4.0,5.0,-1.0,-3.0,3.0,-6.0,0.0,1.0,-1.0,1.0,0.0,1.0,0.0,40.0,40.0,20.0,
2014-05-06,2014,Sagan Tosu,Kashiwa Reysol,1,0,H,U,2.25,3.28,3.05,6,2.0,2.0,2.0,0.0,5.0,6.0,-1.0,5.0,3.0,2.0,0.0,3.0,-3.0,2.0,1.0,1.0,1.0,0.0,1.0,60.0,40.0,50.0,0.0,
2014-05-06,2014,Kofu,Urawa Reds,0,0,D,U,3.87,3.31,1.93,7,2.0,2.0,2.0,2.0,3.0,7.0,-4.0,2.0,7.0,-5.0,1.0,0.0,1.0,1.0,1.0,0.0,0.0,1.0,-1.0,33.3,50.0,60.0,40.0,D
2014-05-06,2014,Kashima Antlers,Nagoya Grampus,1,2,A,O,1.61,3.81,5.1,6,1.0,2.0,3.0,2.0,5.0,2.0,3.0,8.0,3.0,5.0,-3.0,-1.0,-2.0,0.0,0.0,0.0,1.0,1.0,0.0,40.0,60.0,60.0,40.0,
2014-05-06,2014,Gamba Osaka,Tokushima,3,0,H,O,1.3,5.12,8.87,6,1.0,1.0,2.0,3.0,4.0,2.0,2.0,6.0,9.0,-3.0,-2.0,-7.0,5.0,0.0,0.0,0.0,1.0,3.0,-2.0,20.0,60.0,20.0,80.0,
2014-05-06,2014,FC Tokyo,Omiya Ardija,0,1,A,U,1.62,3.75,5.21,6,2.0,0.0,2.0,2.0,4.0,4.0,0.0,6.0,7.0,-1.0,-2.0,-3.0,1.0,1.0,0.0,1.0,1.0,1.0,0.0,40.0,40.0,16.7,50.0,
2014-05-06,2014,Albirex Niigata,Shimizu S-Pulse,2,1,H,O,2.02,3.38,3.48,6,1.0,2.0,0.0,1.0,2.0,7.0,-5.0,1.0,3.0,-2.0,1.0,4.0,-3.0,0.0,1.0,-1.0,0.0,0.0,0.0,20.0,20.0,50.0,33.3,
2014-05-03,2014,Yokohama F. Marinos,Gamba Osaka,2,0,H,U,2.02,3.28,3.56,6,1.0,0.0,3.0,2.0,4.0,3.0,1.0,6.0,6.0,0.0,-2.0,-3.0,1.0,1.0,0.0,1.0,2.0,1.0,1.0,40.0,60.0,20.0,40.0,
2014-05-03,2014,Vissel Kobe,Sanfrecce Hiroshima,0,0,D,U,2.84,3.25,2.38,6,3.0,2.0,0.0,0.0,10.0,8.0,2.0,4.0,4.0,0.0,6.0,4.0,2.0,2.0,1.0,1.0,0.0,0.0,0.0,60.0,0.0,60.0,0.0,D
2014-05-03,2014,Urawa Reds,FC Tokyo,1,0,H,U,2.02,3.38,3.49,6,3.0,2.0,0.0,2.0,7.0,5.0,2.0,1.0,4.0,-3.0,6.0,1.0,5.0,1.0,1.0,0.0,0.0,0.0,0.0,60.0,20.0,40.0,40.0,
2014-05-03,2014,Tokushima,Vegalta Sendai,0,1,A,U,4.8,3.61,1.69,6,0.0,1.0,4.0,3.0,1.0,2.0,-1.0,12.0,9.0,3.0,-11.0,-7.0,-4.0,0.0,1.0,-1.0,3.0,2.0,1.0,0.0,100.0,20.0,80.0,
2014-05-03,2014,Shimizu S-Pulse,Sagan Tosu,0,1,A,U,2.57,3.28,2.6,5,2.0,2.0,2.0,2.0,4.0,7.0,-3.0,4.0,5.0,-1.0,0.0,2.0,-2.0,1.0,1.0,0.0,1.0,0.0,1.0,50.0,50.0,60.0,40.0,
2014-05-03,2014,Omiya Ardija,Albirex Niigata,2,2,D,O,3.15,3.3,2.19,5,1.0,2.0,3.0,0.0,5.0,5.0,0.0,7.0,3.0,4.0,-2.0,2.0,-4.0,1.0,0.0,1.0,2.0,0.0,2.0,25.0,75.0,60.0,0.0,
2014-05-03,2014,Nagoya Grampus,Cerezo Osaka,1,2,A,O,3.09,3.33,2.2,6,1.0,1.0,3.0,2.0,7.0,5.0,2.0,11.0,6.0,5.0,-4.0,-1.0,-3.0,0.0,1.0,-1.0,1.0,1.0,0.0,20.0,80.0,40.0,40.0,
2014-05-03,2014,Kawasaki Frontale,Kofu,2,0,H,U,1.75,3.51,4.55,6,2.0,1.0,1.0,1.0,7.0,4.0,3.0,6.0,4.0,2.0,1.0,0.0,1.0,0.0,1.0,-1.0,0.0,1.0,-1.0,40.0,20.0,25.0,25.0,
2014-05-03,2014,Kashiwa Reysol,Kashima Antlers,1,0,H,U,2.74,3.32,2.42,7,2.0,4.0,0.0,0.0,7.0,11.0,-4.0,5.0,1.0,4.0,2.0,10.0,-8.0,0.0,4.0,-4.0,0.0,0.0,0.0,33.3,16.7,100.0,0.0,
2014-04-29,2014,Vegalta Sendai,Kawasaki Frontale,0,0,D,U,3.38,3.52,2.01,5,0.0,2.0,2.0,2.0,2.0,9.0,-7.0,6.0,3.0,3.0,-4.0,6.0,-10.0,0.0,2.0,-2.0,1.0,0.0,1.0,0.0,50.0,50.0,50.0,D
2014-04-29,2014,Urawa Reds,Yokohama F. Marinos,1,0,H,U,2.18,3.26,3.2,5,2.0,1.0,1.0,1.0,6.0,1.0,5.0,2.0,1.0,1.0,4.0,0.0,4.0,1.0,0.0,1.0,0.0,0.0,0.0,50.0,25.0,25.0,25.0,
2014-04-29,2014,Sagan Tosu,Sanfrecce Hiroshima,1,2,A,O,2.7,3.22,2.5,5,3.0,2.0,1.0,0.0,9.0,7.0,2.0,3.0,3.0,0.0,6.0,4.0,2.0,3.0,1.0,2.0,1.0,0.0,1.0,75.0,25.0,50.0,0.0,
2014-04-29,2014,Kofu,Tokushima,0,1,A,U,1.36,4.53,8.11,6,2.0,0.0,1.0,4.0,4.0,1.0,3.0,2.0,14.0,-12.0,2.0,-13.0,15.0,1.0,0.0,1.0,0.0,4.0,-4.0,40.0,40.0,0.0,100.0,
2014-04-29,2014,Kashima Antlers,Shimizu S-Pulse,2,1,H,O,1.72,3.7,4.4,5,1.0,2.0,3.0,1.0,5.0,7.0,-2.0,7.0,5.0,2.0,-2.0,2.0,-4.0,1.0,1.0,0.0,1.0,1.0,0.0,25.0,75.0,60.0,20.0,
2014-04-29,2014,Gamba Osaka,Kashiwa Reysol,1,2,A,O,2.45,3.26,2.74,5,1.0,,2.0,,3.0,,,5.0,,,-2.0,,,0.0,,,1.0,,,25.0,50.0,33.3,0.0,
2014-04-29,2014,FC Tokyo,Nagoya Grampus,0,1,A,U,1.74,3.67,4.28,5,2.0,2.0,1.0,2.0,5.0,3.0,2.0,6.0,4.0,2.0,-1.0,-1.0,0.0,1.0,0.0,1.0,1.0,1.0,0.0,50.0,25.0,50.0,50.0,
2014-04-29,2014,Cerezo Osaka,Omiya Ardija,1,1,D,U,1.6,3.92,5.13,5,1.0,1.0,1.0,2.0,6.0,7.0,-1.0,4.0,9.0,-5.0,2.0,-2.0,4.0,1.0,0.0,1.0,0.0,1.0,-1.0,25.0,25.0,20.0,60.0,
2014-04-29,2014,Albirex Niigata,Vissel Kobe,1,1,D,U,2.14,3.35,3.19,5,1.0,2.0,1.0,1.0,1.0,9.0,-8.0,2.0,6.0,-4.0,-1.0,3.0,-4.0,0.0,1.0,-1.0,1.0,0.0,1.0,25.0,25.0,50.0,25.0,
2014-04-26,2014,Yokohama F. Marinos,FC Tokyo,0,1,A,U,2.5,3.23,2.7,5,2.0,1.0,2.0,2.0,6.0,5.0,1.0,5.0,5.0,0.0,1.0,0.0,1.0,2.0,1.0,1.0,2.0,0.0,2.0,50.0,50.0,25.0,50.0,
2014-04-26,2014,Vissel Kobe,Cerezo Osaka,2,2,D,O,2.64,3.34,2.5,5,3.0,2.0,0.0,2.0,9.0,5.0,4.0,3.0,4.0,-1.0,6.0,1.0,5.0,2.0,2.0,0.0,0.0,1.0,-1.0,75.0,0.0,50.0,50.0,
2014-04-26,2014,Tokushima,Albirex Niigata,1,2,A,O,6.99,4.4,1.41,5,0.0,2.0,4.0,0.0,0.0,5.0,-5.0,12.0,3.0,9.0,-12.0,2.0,-14.0,0.0,0.0,0.0,4.0,0.0,4.0,0.0,100.0,50.0,0.0,
2014-04-26,2014,Shimizu S-Pulse,Vegalta Sendai,1,0,H,U,2.12,3.37,3.24,4,,1.0,,3.0,,2.0,,,10.0,,,-8.0,,,1.0,,,3.0,,33.3,66.7,25.0,75.0,
2014-04-26,2014,Sanfrecce Hiroshima,Kashima Antlers,0,3,A,O,2.19,3.33,3.11,5,3.0,4.0,1.0,0.0,6.0,12.0,-6.0,4.0,1.0,3.0,2.0,11.0,-9.0,1.0,4.0,-3.0,1.0,0.0,1.0,75.0,25.0,100.0,0.0,
2014-04-26,2014,Omiya Ardija,Kofu,0,2,A,U,2.56,3.15,2.7,4,,,,,,,,,,,,,,,,,,,,33.3,66.7,0.0,33.3,
2014-04-26,2014,Nagoya Grampus,Sagan Tosu,2,3,A,O,2.66,3.27,2.52,5,1.0,2.0,3.0,2.0,7.0,5.0,2.0,11.0,3.0,8.0,-4.0,2.0,-6.0,0.0,1.0,-1.0,1.0,0.0,1.0,25.0,75.0,50.0,50.0,
2014-04-26,2014,Kawasaki Frontale,Gamba Osaka,2,1,H,O,1.97,3.49,3.53,5,1.0,1.0,1.0,1.0,7.0,4.0,3.0,7.0,4.0,3.0,0.0,0.0,0.0,0.0,1.0,-1.0,0.0,1.0,-1.0,25.0,25.0,25.0,25.0,
2014-04-26,2014,Kashiwa Reysol,Urawa Reds,3,2,H,O,2.96,3.38,2.24,6,1.0,3.0,1.0,1.0,4.0,6.0,-2.0,4.0,4.0,0.0,0.0,2.0,-2.0,0.0,1.0,-1.0,0.0,1.0,-1.0,20.0,20.0,75.0,25.0,
2014-04-20,2014,Albirex Niigata,Sanfrecce Hiroshima,0,0,D,U,2.8,3.18,2.45,4,,,,,,,,,,,,,,,,,,,,33.3,33.3,66.7,0.0,D
2014-04-19,2014,Vegalta Sendai,Sagan Tosu,0,3,A,O,2.54,3.25,2.65,4,,,,,,,,,,,,,,,,,,,,0.0,33.3,33.3,66.7,
2014-04-19,2014,Urawa Reds,Kawasaki Frontale,1,0,H,U,2.1,3.41,3.25,4,,,,,,,,,,,,,,,,,,,,33.3,33.3,66.7,33.3,
2014-04-19,2014,Tokushima,Shimizu S-Pulse,0,4,A,O,5.69,3.84,1.56,4,,2.0,,1.0,,6.0,,,7.0,,,-1.0,,,0.0,,,1.0,,0.0,100.0,50.0,25.0,
2014-04-19,2014,Kofu,Nagoya Grampus,2,0,H,U,2.47,3.22,2.76,5,1.0,,2.0,,2.0,,,6.0,,,-4.0,,,0.0,,,1.0,,,25.0,50.0,66.7,33.3,
2014-04-19,2014,Kashiwa Reysol,Yokohama F. Marinos,0,0,D,U,2.46,3.23,2.76,5,1.0,,1.0,,5.0,,,5.0,,,0.0,,,0.0,,,0.0,,,25.0,25.0,33.3,33.3,D
2014-04-19,2014,Kashima Antlers,Vissel Kobe,2,3,A,O,1.75,3.71,4.24,4,,,,,,,,,,,,,,,,,,,,33.3,66.7,33.3,33.3,
2014-04-19,2014,Gamba Osaka,Omiya Ardija,2,1,H,O,1.76,3.57,4.38,4,,1.0,,2.0,,6.0,,,9.0,,,-3.0,,,0.0,,,2.0,,0.0,66.7,25.0,50.0,
2014-04-19,2014,FC Tokyo,Cerezo Osaka,2,0,H,U,2.33,3.28,2.89,4,,,,,,,,,,,,,,,,,,,,33.3,33.3,66.7,33.3,
2014-04-12,2014,Yokohama F. Marinos,Vegalta Sendai,0,2,A,U,1.68,3.52,4.99,4,,,,,,,,,,,,,,,,,,,,66.7,33.3,0.0,100.0,
2014-04-12,2014,Vissel Kobe,Tokushima,3,0,H,O,1.32,4.94,8.72,4,,,,,,,,,,,,,,,,,,,,66.7,0.0,0.0,100.0,
2014-04-12,2014,Shimizu S-Pulse,Omiya Ardija,2,0,H,U,2.09,3.4,3.27,3,,,,,,,,,,,,,,,,,,,,0.0,100.0,33.3,33.3,
2014-04-12,2014,Sanfrecce Hiroshima,FC Tokyo,1,0,H,U,1.96,3.4,3.65,4,,,,,,,,,,,,,,,,,,,,66.7,33.3,33.3,33.3,
2014-04-12,2014,Sagan Tosu,Kofu,2,0,H,U,1.92,3.36,3.85,4,,,,,,,,,,,,,,,,,,,,66.7,33.3,0.0,0.0,
2014-04-12,2014,Nagoya Grampus,Urawa Reds,1,2,A,O,3.19,3.39,2.13,4,,,,,,,,,,,,,,,,,,,,33.3,66.7,66.7,33.3,
2014-04-12,2014,Kashima Antlers,Albirex Niigata,1,2,A,O,1.99,3.44,3.49,3,,,,,,,,,,,,,,,,,,,,50.0,50.0,33.3,0.0,
2014-04-12,2014,Cerezo Osaka,Gamba Osaka,2,2,D,O,2.01,3.41,3.47,4,,,,,,,,,,,,,,,,,,,,33.3,33.3,33.3,33.3,
2014-04-11,2014,Kawasaki Frontale,Kashiwa Reysol,1,1,D,U,1.98,3.51,3.45,4,,,,,,,,,,,,,,,,,,,,33.3,33.3,50.0,0.0,
2014-04-06,2014,Urawa Reds,Vegalta Sendai,4,0,H,O,1.69,3.62,4.71,3,,,,,,,,,,,,,,,,,,,,0.0,50.0,0.0,100.0,
2014-04-06,2014,Tokushima,Kawasaki Frontale,0,4,A,O,7.39,4.53,1.39,3,,,,,,,,,,,,,,,,,,,,0.0,100.0,50.0,50.0,
2014-04-06,2014,Omiya Ardija,Vissel Kobe,0,3,A,O,2.54,3.28,2.63,3,,,,,,,,,,,,,,,,,,,,50.0,50.0,0.0,50.0,
2014-04-06,2014,Nagoya Grampus,Sanfrecce Hiroshima,2,5,A,O,2.99,3.21,2.31,3,,,,,,,,,,,,,,,,,,,,50.0,50.0,50.0,0.0,
2014-04-06,2014,Kofu,Shimizu S-Pulse,0,1,A,U,2.38,3.19,2.87,4,,,,,,,,,,,,,,,,,,,,33.3,33.3,33.3,33.3,
2014-04-06,2014,Kashiwa Reysol,Cerezo Osaka,2,1,H,O,2.43,3.32,2.72,4,,,,,,,,,,,,,,,,,,,,0.0,33.3,100.0,0.0,
2014-04-06,2014,Gamba Osaka,Kashima Antlers,0,2,A,U,2.54,3.31,2.61,3,,,,,,,,,,,,,,,,,,,,0.0,50.0,100.0,0.0,
2014-04-06,2014,FC Tokyo,Sagan Tosu,2,1,H,O,2.01,3.42,3.44,3,,,,,,,,,,,,,,,,,,,,0.0,50.0,50.0,50.0,
2014-04-06,2014,Albirex Niigata,Yokohama F. Marinos,0,0,D,U,2.69,3.17,2.55,3,,,,,,,,,,,,,,,,,,,,50.0,50.0,50.0,50.0,D
2014-03-29,2014,Yokohama F. Marinos,Kashima Antlers,1,3,A,O,2.22,3.15,3.2,3,,,,,,,,,,,,,,,,,,,,100.0,0.0,100.0,0.0,
2014-03-29,2014,Vissel Kobe,Urawa Reds,3,1,H,O,3.38,3.37,2.06,3,,,,,,,,,,,,,,,,,,,,50.0,0.0,100.0,0.0,
2014-03-29,2014,Vegalta Sendai,Kofu,1,1,D,U,2.16,3.11,3.41,3,,,,,,,,,,,,,,,,,,,,0.0,50.0,0.0,0.0,
2014-03-29,2014,Shimizu S-Pulse,FC Tokyo,1,3,A,O,2.92,3.27,2.33,2,,,,,,,,,,,,,,,,,,,,0.0,100.0,0.0,50.0,
2014-03-29,2014,Sanfrecce Hiroshima,Tokushima,3,1,H,O,1.22,5.66,12.9,3,,,,,,,,,,,,,,,,,,,,50.0,50.0,0.0,100.0,
2014-03-29,2014,Sagan Tosu,Gamba Osaka,2,0,H,U,2.27,3.25,3.02,3,,,,,,,,,,,,,,,,,,,,50.0,50.0,50.0,0.0,
2014-03-29,2014,Kashiwa Reysol,Omiya Ardija,2,2,D,O,1.9,3.63,3.61,3,,,,,,,,,,,,,,,,,,,,0.0,50.0,50.0,50.0,
2014-03-29,2014,Cerezo Osaka,Albirex Niigata,0,0,D,U,1.84,3.53,3.99,3,,,,,,,,,,,,,,,,,,,,50.0,50.0,50.0,0.0,D
2014-03-28,2014,Kawasaki Frontale,Nagoya Grampus,1,0,H,U,1.91,3.55,3.63,3,,,,,,,,,,,,,,,,,,,,0.0,50.0,100.0,0.0,
2014-03-23,2014,Urawa Reds,Shimizu S-Pulse,1,1,D,U,1.76,3.6,4.32,2,,,,,,,,,,,,,,,,,,,,0.0,100.0,50.0,50.0,
2014-03-23,2014,Tokushima,Kashiwa Reysol,0,2,A,U,6.64,4.06,1.47,2,,,,,,,,,,,,,,,,,,,,0.0,100.0,0.0,0.0,
2014-03-23,2014,Omiya Ardija,Vegalta Sendai,4,0,H,O,2.61,3.17,2.63,2,,,,,,,,,,,,,,,,,,,,0.0,100.0,0.0,100.0,
2014-03-23,2014,Nagoya Grampus,Vissel Kobe,2,1,H,O,2.14,3.36,3.21,2,,,,,,,,,,,,,,,,,,,,0.0,100.0,0.0,0.0,
2014-03-23,2014,Kofu,Yokohama F. Marinos,1,0,H,U,3.66,3.18,2.04,3,,,,,,,,,,,,,,,,,,,,0.0,50.0,100.0,0.0,
2014-03-23,2014,Kashima Antlers,Cerezo Osaka,0,2,A,U,2.27,3.34,2.94,2,,,,,,,,,,,,,,,,,,,,100.0,0.0,100.0,0.0,
2014-03-23,2014,Gamba Osaka,Sanfrecce Hiroshima,1,1,D,U,2.78,3.22,2.44,2,,,,,,,,,,,,,,,,,,,,0.0,100.0,100.0,0.0,
2014-03-23,2014,FC Tokyo,Kawasaki Frontale,0,4,A,O,2.07,3.46,3.25,2,,,,,,,,,,,,,,,,,,,,0.0,0.0,0.0,100.0,
2014-03-23,2014,Albirex Niigata,Sagan Tosu,1,0,H,U,2.25,3.31,3.01,2,,,,,,,,,,,,,,,,,,,,0.0,100.0,100.0,0.0,
2014-03-15,2014,Yokohama F. Marinos,Tokushima,3,0,H,O,1.29,5.06,9.93,2,,,,,,,,,,,,,,,,,,,,100.0,0.0,0.0,100.0,
2014-03-15,2014,Vissel Kobe,FC Tokyo,2,1,H,O,3.12,3.34,2.18,2,,,,,,,,,,,,,,,,,,,,0.0,0.0,0.0,0.0,
2014-03-15,2014,Vegalta Sendai,Gamba Osaka,0,0,D,U,2.54,3.25,2.65,2,,,,,,,,,,,,,,,,,,,,0.0,100.0,100.0,0.0,D
2014-03-15,2014,Sanfrecce Hiroshima,Urawa Reds,0,2,A,U,2.29,3.31,2.94,2,,,,,,,,,,,,,,,,,,,,100.0,0.0,100.0,0.0,
2014-03-15,2014,Sagan Tosu,Kashima Antlers,0,3,A,O,2.43,3.3,2.76,2,,,,,,,,,,,,,,,,,,,,100.0,0.0,100.0,0.0,
2014-03-15,2014,Kofu,Albirex Niigata,1,1,D,U,3.19,3.13,2.25,2,,,,,,,,,,,,,,,,,,,,0.0,100.0,100.0,0.0,
2014-03-15,2014,Kawasaki Frontale,Omiya Ardija,3,4,A,O,1.73,3.62,4.49,2,,,,,,,,,,,,,,,,,,,,0.0,0.0,0.0,100.0,
2014-03-15,2014,Kashiwa Reysol,Nagoya Grampus,0,1,A,U,1.96,3.45,3.57,2,,,,,,,,,,,,,,,,,,,,0.0,0.0,100.0,0.0,
2014-03-15,2014,Cerezo Osaka,Shimizu S-Pulse,4,1,H,O,1.9,3.41,3.86,2,,,,,,,,,,,,,,,,,,,,0.0,100.0,100.0,0.0,
2014-03-08,2014,Vissel Kobe,Kashiwa Reysol,1,1,D,U,2.71,3.36,2.42,1,,,,,,,,,,,,,,,,,,,,,,,,A
2014-03-08,2014,Urawa Reds,Sagan Tosu,0,1,A,U,1.82,3.6,4.02,1,,,,,,,,,,,,,,,,,,,,,,,,A
2014-03-08,2014,Tokushima,Cerezo Osaka,0,2,A,U,6.53,3.98,1.49,1,,,,,,,,,,,,,,,,,,,,,,,,A
2014-03-08,2014,Shimizu S-Pulse,Yokohama F. Marinos,0,1,A,U,3.09,3.28,2.23,1,,,,,,,,,,,,,,,,,,,,,,,,A
2014-03-08,2014,Sanfrecce Hiroshima,Kawasaki Frontale,2,1,H,O,2.05,3.47,3.36,1,,,,,,,,,,,,,,,,,,,,,,,,A
2014-03-08,2014,Omiya Ardija,Nagoya Grampus,1,2,A,O,2.76,3.3,2.42,1,,,,,,,,,,,,,,,,,,,,,,,,D
2014-03-08,2014,Kashima Antlers,Vegalta Sendai,2,0,H,U,1.93,3.4,3.78,1,,,,,,,,,,,,,,,,,,,,,,,,H
2014-03-08,2014,FC Tokyo,Kofu,1,1,D,U,1.62,3.66,5.37,1,,,,,,,,,,,,,,,,,,,,,,,,H
2014-03-08,2014,Albirex Niigata,Gamba Osaka,0,2,A,U,2.31,3.31,2.91,1,,,,,,,,,,,,,,,,,,,,,,,,D
2014-03-02,2014,Yokohama F. Marinos,Omiya Ardija,2,0,H,U,1.73,3.54,4.53,1,,,,,,,,,,,,,,,,,,,,,,,,H
2014-03-02,2014,Kawasaki Frontale,Vissel Kobe,2,2,D,O,1.76,3.66,4.14,1,,,,,,,,,,,,,,,,,,,,,,,,H
2014-03-01,2014,Vegalta Sendai,Albirex Niigata,1,2,A,O,2.52,3.2,2.68,1,,,,,,,,,,,,,,,,,,,,,,,,A
2014-03-01,2014,Sagan Tosu,Tokushima,5,0,H,O,1.59,3.9,5.1,1,,,,,,,,,,,,,,,,,,,,,,,,
2014-03-01,2014,Nagoya Grampus,Shimizu S-Pulse,2,3,A,O,2.19,3.35,3.04,1,,,,,,,,,,,,,,,,,,,,,,,,H
2014-03-01,2014,Kofu,Kashima Antlers,0,4,A,O,3.47,3.25,2.06,1,,,,,,,,,,,,,,,,,,,,,,,,A
2014-03-01,2014,Kashiwa Reysol,FC Tokyo,1,1,D,U,2.25,3.26,3.0,1,,,,,,,,,,,,,,,,,,,,,,,,D
2014-03-01,2014,Gamba Osaka,Urawa Reds,0,1,A,U,2.67,3.36,2.43,1,,,,,,,,,,,,,,,,,,,,,,,,A
2014-03-01,2014,Cerezo Osaka,Sanfrecce Hiroshima,0,1,A,U,2.28,3.21,3.0,1,,,,,,,,,,,,,,,,,,,,,,,,D
2013-12-07,2013,Urawa Reds,Cerezo Osaka,2,5,A,O,1.92,3.53,3.64,17,2.0,2.0,1.0,1.0,8.0,5.0,3.0,5.0,4.0,1.0,3.0,1.0,2.0,1.0,1.0,0.0,1.0,1.0,0.0,62.5,18.8,37.5,25.0,
2013-12-07,2013,Shonan Bellmare,Omiya Ardija,0,1,A,U,2.43,3.32,2.75,17,1.0,0.0,1.0,4.0,7.0,1.0,6.0,7.0,8.0,-1.0,0.0,-7.0,7.0,0.0,0.0,0.0,0.0,1.0,-1.0,18.8,43.8,37.5,62.5,
2013-12-07,2013,Shimizu S-Pulse,Kashiwa Reysol,1,2,A,O,2.71,3.41,2.42,17,4.0,0.0,0.0,3.0,11.0,5.0,6.0,6.0,9.0,-3.0,5.0,-4.0,9.0,1.0,0.0,1.0,0.0,1.0,-1.0,56.2,31.2,25.0,50.0,
2013-12-07,2013,Kofu,Sagan Tosu,0,0,D,U,2.72,3.21,2.5,17,1.0,2.0,0.0,2.0,4.0,8.0,-4.0,1.0,10.0,-9.0,3.0,-2.0,5.0,1.0,0.0,1.0,0.0,2.0,-2.0,25.0,50.0,25.0,50.0,D
2013-12-07,2013,Kawasaki Frontale,Yokohama F. Marinos,1,0,H,U,2.52,3.27,2.64,17,3.0,2.0,1.0,0.0,7.0,2.0,5.0,3.0,0.0,3.0,4.0,2.0,2.0,2.0,0.0,2.0,0.0,0.0,0.0,62.5,12.5,56.2,31.2,
2013-12-07,2013,Kashima Antlers,Sanfrecce Hiroshima,0,2,A,U,2.47,3.34,2.66,17,2.0,1.0,2.0,2.0,9.0,3.0,6.0,6.0,3.0,3.0,3.0,0.0,3.0,2.0,1.0,1.0,0.0,0.0,0.0,75.0,12.5,43.8,37.5,
2013-12-07,2013,Iwata,Oita Trinita,3,1,H,O,1.72,3.62,4.56,17,0.0,1.0,3.0,2.0,3.0,2.0,1.0,6.0,9.0,-3.0,-3.0,-7.0,4.0,0.0,0.0,0.0,0.0,2.0,-2.0,12.5,56.2,12.5,62.5,
2013-12-07,2013,FC Tokyo,Vegalta Sendai,2,0,H,U,1.97,3.5,3.48,17,2.0,1.0,2.0,2.0,6.0,3.0,3.0,7.0,3.0,4.0,-1.0,0.0,-1.0,1.0,1.0,0.0,1.0,0.0,1.0,56.2,37.5,25.0,43.8,
2013-12-07,2013,Albirex Niigata,Nagoya Grampus,2,0,H,U,2.02,3.46,3.39,17,4.0,1.0,0.0,2.0,8.0,5.0,3.0,3.0,6.0,-3.0,5.0,-1.0,6.0,1.0,0.0,1.0,0.0,0.0,0.0,62.5,31.2,25.0,50.0,
2013-11-30,2013,Yokohama F. Marinos,Albirex Niigata,0,2,A,U,1.64,3.65,5.07,17,2.0,1.0,1.0,2.0,4.0,4.0,0.0,3.0,6.0,-3.0,1.0,-2.0,3.0,0.0,1.0,-1.0,0.0,2.0,-2.0,56.2,6.2,31.2,50.0,
2013-11-30,2013,Vegalta Sendai,Shimizu S-Pulse,1,2,A,O,2.06,3.32,3.4,17,2.0,1.0,0.0,3.0,11.0,2.0,9.0,4.0,6.0,-2.0,7.0,-4.0,11.0,1.0,0.0,1.0,0.0,2.0,-2.0,43.8,12.5,31.2,50.0,
2013-11-30,2013,Sanfrecce Hiroshima,Shonan Bellmare,1,0,H,U,1.34,4.85,7.74,17,3.0,1.0,1.0,3.0,7.0,6.0,1.0,3.0,8.0,-5.0,4.0,-2.0,6.0,2.0,0.0,2.0,0.0,0.0,0.0,62.5,18.8,18.8,75.0,
2013-11-30,2013,Sagan Tosu,Urawa Reds,4,1,H,O,3.12,3.35,2.18,17,3.0,1.0,1.0,1.0,4.0,9.0,-5.0,2.0,9.0,-7.0,2.0,0.0,2.0,1.0,0.0,1.0,1.0,0.0,1.0,50.0,37.5,43.8,31.2,
2013-11-30,2013,Omiya Ardija,Iwata,3,0,H,O,2.47,3.26,2.71,17,0.0,1.0,4.0,3.0,3.0,4.0,-1.0,10.0,6.0,4.0,-7.0,-2.0,-5.0,0.0,1.0,-1.0,2.0,1.0,1.0,37.5,43.8,6.2,56.2,
2013-11-30,2013,Oita Trinita,Kawasaki Frontale,0,1,A,U,6.57,4.59,1.42,17,0.0,2.0,4.0,1.0,2.0,6.0,-4.0,8.0,6.0,2.0,-6.0,0.0,-6.0,0.0,1.0,-1.0,2.0,1.0,1.0,0.0,75.0,37.5,50.0,
2013-11-30,2013,Nagoya Grampus,Kofu,0,0,D,U,1.61,3.76,5.23,17,2.0,1.0,2.0,2.0,6.0,4.0,2.0,7.0,6.0,1.0,-1.0,-2.0,1.0,0.0,0.0,0.0,1.0,1.0,0.0,56.2,25.0,25.0,31.2,D
2013-11-30,2013,Kashiwa Reysol,FC Tokyo,4,1,H,O,2.79,3.34,2.37,17,1.0,3.0,1.0,0.0,5.0,10.0,-5.0,5.0,4.0,1.0,0.0,6.0,-6.0,1.0,2.0,-1.0,1.0,0.0,1.0,43.8,25.0,37.5,31.2,
2013-11-30,2013,Cerezo Osaka,Kashima Antlers,1,2,A,O,2.27,3.39,2.9,17,3.0,3.0,0.0,1.0,6.0,9.0,-3.0,2.0,7.0,-5.0,4.0,2.0,2.0,1.0,1.0,0.0,0.0,1.0,-1.0,56.2,12.5,31.2,50.0,
2013-11-23,2013,Urawa Reds,Kawasaki Frontale,1,3,A,O,1.96,3.54,3.46,16,3.0,1.0,0.0,2.0,8.0,4.0,4.0,2.0,7.0,-5.0,6.0,-3.0,9.0,1.0,0.0,1.0,0.0,1.0,-1.0,66.7,13.3,33.3,53.3,
2013-11-23,2013,Shimizu S-Pulse,Omiya Ardija,1,0,H,U,2.16,3.33,3.18,16,4.0,0.0,0.0,4.0,14.0,2.0,12.0,9.0,9.0,0.0,5.0,-7.0,12.0,1.0,0.0,1.0,0.0,1.0,-1.0,53.3,33.3,40.0,60.0,
2013-11-23,2013,Nagoya Grampus,Kashiwa Reysol,3,2,H,O,2.14,3.4,3.13,16,2.0,0.0,2.0,3.0,5.0,4.0,1.0,6.0,9.0,-3.0,-1.0,-5.0,4.0,0.0,0.0,0.0,1.0,2.0,-1.0,53.3,26.7,26.7,46.7,
2013-11-23,2013,Kofu,Oita Trinita,0,0,D,U,1.68,3.6,4.76,16,2.0,1.0,0.0,3.0,6.0,3.0,3.0,1.0,11.0,-10.0,5.0,-8.0,13.0,2.0,0.0,2.0,0.0,2.0,-2.0,26.7,53.3,13.3,66.7,D
2013-11-23,2013,Kashima Antlers,Sagan Tosu,1,2,A,O,1.56,4.09,5.22,16,3.0,2.0,1.0,2.0,11.0,9.0,2.0,5.0,11.0,-6.0,6.0,-2.0,8.0,3.0,0.0,3.0,0.0,2.0,-2.0,80.0,6.7,20.0,53.3,
2013-11-23,2013,Iwata,Yokohama F. Marinos,0,1,A,U,3.94,3.43,1.88,16,0.0,1.0,2.0,1.0,4.0,1.0,3.0,6.0,1.0,5.0,-2.0,0.0,-2.0,0.0,0.0,0.0,0.0,0.0,0.0,13.3,53.3,53.3,33.3,
2013-11-23,2013,FC Tokyo,Shonan Bellmare,2,1,H,O,1.55,4.08,5.32,16,2.0,1.0,2.0,3.0,7.0,5.0,2.0,8.0,7.0,1.0,-1.0,-2.0,1.0,1.0,0.0,1.0,1.0,0.0,1.0,53.3,40.0,20.0,73.3,
2013-11-23,2013,Cerezo Osaka,Sanfrecce Hiroshima,1,0,H,U,2.86,3.32,2.34,16,2.0,1.0,0.0,2.0,5.0,3.0,2.0,2.0,4.0,-2.0,3.0,-1.0,4.0,1.0,1.0,0.0,0.0,1.0,-1.0,53.3,13.3,46.7,33.3,
2013-11-23,2013,Albirex Niigata,Vegalta Sendai,1,0,H,U,2.17,3.32,3.14,16,4.0,1.0,0.0,2.0,11.0,5.0,6.0,5.0,5.0,0.0,6.0,0.0,6.0,2.0,1.0,1.0,0.0,0.0,0.0,60.0,33.3,26.7,40.0,
2013-11-10,2013,Yokohama F. Marinos,Nagoya Grampus,1,2,A,O,1.69,3.65,4.7,16,3.0,0.0,0.0,2.0,6.0,4.0,2.0,1.0,6.0,-5.0,5.0,-2.0,7.0,1.0,0.0,1.0,0.0,0.0,0.0,60.0,0.0,20.0,53.3,
2013-11-10,2013,Vegalta Sendai,Urawa Reds,3,3,D,O,3.41,3.34,2.05,16,2.0,1.0,0.0,2.0,9.0,6.0,3.0,2.0,9.0,-7.0,7.0,-3.0,10.0,1.0,0.0,1.0,0.0,1.0,-1.0,46.7,13.3,46.7,33.3,
2013-11-10,2013,Shonan Bellmare,Kashima Antlers,1,2,A,O,4.25,3.7,1.74,16,1.0,2.0,1.0,2.0,7.0,10.0,-3.0,7.0,10.0,-3.0,0.0,0.0,0.0,0.0,1.0,-1.0,0.0,1.0,-1.0,20.0,40.0,26.7,53.3,
2013-11-10,2013,Sagan Tosu,Iwata,1,0,H,U,2.07,3.4,3.29,16,2.0,1.0,1.0,3.0,4.0,6.0,-2.0,3.0,9.0,-6.0,1.0,-3.0,4.0,1.0,1.0,0.0,1.0,2.0,-1.0,46.7,40.0,6.7,53.3,
2013-11-10,2013,Omiya Ardija,Kofu,1,2,A,O,2.59,3.23,2.58,16,1.0,0.0,3.0,2.0,3.0,3.0,0.0,8.0,6.0,2.0,-5.0,-3.0,-2.0,0.0,0.0,0.0,2.0,1.0,1.0,40.0,40.0,20.0,33.3,
2013-11-10,2013,Oita Trinita,Albirex Niigata,1,3,A,O,3.9,3.47,1.87,16,0.0,0.0,4.0,3.0,3.0,1.0,2.0,8.0,6.0,2.0,-5.0,-5.0,0.0,0.0,0.0,0.0,1.0,2.0,-1.0,0.0,73.3,26.7,53.3,
2013-11-10,2013,Kawasaki Frontale,Shimizu S-Pulse,2,0,H,U,1.8,3.7,3.96,16,3.0,2.0,1.0,2.0,7.0,5.0,2.0,3.0,6.0,-3.0,4.0,-1.0,5.0,2.0,0.0,2.0,0.0,1.0,-1.0,60.0,13.3,33.3,46.7,
2013-11-10,2013,Kashiwa Reysol,Sanfrecce Hiroshima,1,1,D,U,2.96,3.37,2.25,16,2.0,1.0,1.0,3.0,9.0,2.0,7.0,6.0,5.0,1.0,3.0,-3.0,6.0,2.0,1.0,1.0,1.0,2.0,-1.0,46.7,26.7,50.0,35.7,
2013-11-10,2013,FC Tokyo,Cerezo Osaka,1,2,A,O,2.09,3.43,3.22,15,2.0,1.0,2.0,1.0,8.0,4.0,4.0,9.0,4.0,5.0,-1.0,0.0,-1.0,1.0,1.0,0.0,1.0,1.0,0.0,57.1,35.7,33.3,26.7,
2013-10-27,2013,Urawa Reds,Kashiwa Reysol,2,1,H,O,1.88,3.53,3.74,15,3.0,1.0,0.0,2.0,10.0,6.0,4.0,4.0,9.0,-5.0,6.0,-3.0,9.0,1.0,0.0,1.0,0.0,2.0,-2.0,64.3,14.3,28.6,42.9,
2013-10-27,2013,Sagan Tosu,Cerezo Osaka,2,0,H,U,2.8,3.33,2.36,15,2.0,1.0,1.0,0.0,3.0,5.0,-2.0,3.0,3.0,0.0,0.0,2.0,-2.0,0.0,1.0,-1.0,1.0,0.0,1.0,42.9,42.9,35.7,21.4,
2013-10-27,2013,Oita Trinita,Yokohama F. Marinos,0,1,A,U,6.52,4.24,1.45,15,0.0,0.0,3.0,2.0,4.0,1.0,3.0,8.0,3.0,5.0,-4.0,-2.0,-2.0,0.0,0.0,0.0,1.0,0.0,1.0,0.0,71.4,50.0,35.7,
2013-10-27,2013,Nagoya Grampus,Omiya Ardija,2,1,H,O,1.83,3.52,4.01,15,1.0,0.0,2.0,4.0,4.0,2.0,2.0,6.0,9.0,-3.0,-2.0,-7.0,5.0,0.0,0.0,0.0,1.0,1.0,0.0,50.0,28.6,42.9,57.1,
2013-10-27,2013,Kofu,FC Tokyo,1,1,D,U,3.59,3.39,1.97,15,2.0,3.0,1.0,0.0,6.0,9.0,-3.0,3.0,3.0,0.0,3.0,6.0,-3.0,2.0,2.0,0.0,1.0,0.0,1.0,28.6,57.1,40.0,33.3,
2013-10-27,2013,Kashima Antlers,Kawasaki Frontale,4,1,H,O,2.34,3.41,2.76,15,3.0,2.0,1.0,1.0,9.0,6.0,3.0,5.0,4.0,1.0,4.0,2.0,2.0,2.0,1.0,1.0,0.0,0.0,0.0,78.6,7.1,35.7,50.0,
2013-10-27,2013,Iwata,Shimizu S-Pulse,0,1,A,U,2.13,3.49,3.08,15,0.0,1.0,1.0,3.0,4.0,5.0,-1.0,5.0,10.0,-5.0,-1.0,-5.0,4.0,0.0,0.0,0.0,0.0,2.0,-2.0,14.3,50.0,28.6,50.0,
2013-10-27,2013,Albirex Niigata,Shonan Bellmare,3,2,H,O,1.77,3.6,4.19,15,4.0,1.0,0.0,3.0,10.0,5.0,5.0,4.0,9.0,-5.0,6.0,-4.0,10.0,2.0,0.0,2.0,0.0,1.0,-1.0,57.1,35.7,21.4,71.4,
2013-10-26,2013,Sanfrecce Hiroshima,Vegalta Sendai,1,0,H,U,1.84,3.49,4.03,16,2.0,1.0,1.0,2.0,7.0,5.0,2.0,4.0,5.0,-1.0,3.0,0.0,3.0,2.0,1.0,1.0,0.0,0.0,0.0,60.0,20.0,28.6,35.7,
2013-10-19,2013,Yokohama F. Marinos,Sanfrecce Hiroshima,1,0,H,U,2.2,3.23,3.13,15,3.0,1.0,0.0,2.0,7.0,3.0,4.0,2.0,5.0,-3.0,5.0,-2.0,7.0,1.0,1.0,0.0,0.0,2.0,-2.0,57.1,0.0,53.8,30.8,
2013-10-19,2013,Vegalta Sendai,Nagoya Grampus,2,1,H,O,2.21,3.24,3.12,15,2.0,0.0,0.0,1.0,9.0,4.0,5.0,2.0,5.0,-3.0,7.0,-1.0,8.0,1.0,0.0,1.0,0.0,0.0,0.0,42.9,14.3,21.4,50.0,
2013-10-19,2013,Shimizu S-Pulse,Sagan Tosu,6,4,H,O,2.46,3.29,2.69,15,3.0,2.0,1.0,2.0,8.0,6.0,2.0,7.0,7.0,0.0,1.0,-1.0,2.0,0.0,0.0,0.0,1.0,1.0,0.0,50.0,35.7,21.4,50.0,
2013-10-19,2013,Omiya Ardija,Oita Trinita,0,1,A,U,1.62,3.81,5.03,15,1.0,0.0,3.0,4.0,5.0,5.0,0.0,10.0,15.0,-5.0,-5.0,-10.0,5.0,0.0,0.0,0.0,2.0,2.0,0.0,42.9,35.7,7.1,71.4,
2013-10-19,2013,Kawasaki Frontale,Iwata,2,1,H,O,1.89,3.45,3.84,15,3.0,1.0,1.0,2.0,7.0,6.0,1.0,3.0,8.0,-5.0,4.0,-2.0,6.0,2.0,1.0,1.0,0.0,2.0,-2.0,57.1,14.3,7.1,50.0,
2013-10-19,2013,Kashiwa Reysol,Kofu,2,0,H,U,1.92,3.39,3.76,15,1.0,1.0,1.0,1.0,7.0,5.0,2.0,6.0,5.0,1.0,1.0,0.0,1.0,1.0,0.0,1.0,1.0,0.0,1.0,42.9,28.6,21.4,28.6,
2013-10-19,2013,Kashima Antlers,Urawa Reds,1,2,A,O,2.32,3.31,2.87,14,4.0,1.0,0.0,2.0,9.0,6.0,3.0,3.0,8.0,-5.0,6.0,-2.0,8.0,2.0,1.0,1.0,0.0,1.0,-1.0,84.6,0.0,42.9,35.7,
2013-10-19,2013,FC Tokyo,Albirex Niigata,2,0,H,U,1.92,3.43,3.73,14,1.0,0.0,3.0,3.0,6.0,1.0,5.0,11.0,5.0,6.0,-5.0,-4.0,-1.0,0.0,0.0,0.0,2.0,1.0,1.0,53.8,38.5,28.6,50.0,
2013-10-19,2013,Cerezo Osaka,Shonan Bellmare,2,1,H,O,1.58,3.83,5.41,15,2.0,1.0,0.0,3.0,7.0,5.0,2.0,2.0,10.0,-8.0,5.0,-5.0,10.0,2.0,0.0,2.0,0.0,2.0,-2.0,50.0,14.3,23.1,69.2,
2013-10-06,2013,Kawasaki Frontale,Kashiwa Reysol,3,1,H,O,1.9,3.57,3.65,14,2.0,1.0,1.0,1.0,6.0,5.0,1.0,4.0,6.0,-2.0,2.0,-1.0,3.0,1.0,0.0,1.0,0.0,1.0,-1.0,53.8,15.4,30.8,38.5,
2013-10-05,2013,Urawa Reds,Omiya Ardija,4,0,H,O,1.73,3.59,4.46,14,3.0,0.0,0.0,4.0,9.0,2.0,7.0,5.0,6.0,-1.0,4.0,-4.0,8.0,1.0,0.0,1.0,0.0,0.0,0.0,61.5,15.4,46.2,53.8,
2013-10-05,2013,Shonan Bellmare,Nagoya Grampus,1,1,D,U,3.17,3.36,2.13,15,1.0,1.0,1.0,1.0,7.0,6.0,1.0,7.0,6.0,1.0,0.0,0.0,0.0,0.0,0.0,0.0,0.0,0.0,0.0,21.4,42.9,23.1,53.8,
2013-10-05,2013,Sanfrecce Hiroshima,Shimizu S-Pulse,3,1,H,O,1.64,3.7,4.98,15,2.0,1.0,1.0,3.0,6.0,5.0,1.0,4.0,10.0,-6.0,2.0,-5.0,7.0,1.0,0.0,1.0,0.0,2.0,-2.0,57.1,21.4,30.8,46.2,
2013-10-05,2013,Oita Trinita,Cerezo Osaka,0,2,A,U,4.98,3.84,1.61,14,0.0,1.0,2.0,0.0,4.0,6.0,-2.0,6.0,3.0,3.0,-2.0,3.0,-5.0,0.0,1.0,-1.0,0.0,0.0,0.0,0.0,69.2,30.8,23.1,
2013-10-05,2013,Kofu,Yokohama F. Marinos,0,0,D,U,4.11,3.38,1.85,14,2.0,1.0,1.0,2.0,7.0,3.0,4.0,4.0,3.0,1.0,3.0,0.0,3.0,2.0,1.0,1.0,1.0,0.0,1.0,30.8,61.5,53.8,38.5,D
2013-10-05,2013,Iwata,Vegalta Sendai,1,1,D,U,2.37,3.26,2.83,14,0.0,1.0,2.0,2.0,5.0,4.0,1.0,7.0,4.0,3.0,-2.0,0.0,-2.0,0.0,1.0,-1.0,0.0,0.0,0.0,15.4,53.8,30.8,38.5,
2013-10-05,2013,FC Tokyo,Kashima Antlers,1,4,A,O,2.27,3.35,2.94,13,2.0,1.0,2.0,3.0,7.0,7.0,0.0,7.0,11.0,-4.0,0.0,-4.0,4.0,1.0,0.0,1.0,1.0,1.0,0.0,58.3,33.3,21.4,57.1,
2013-10-05,2013,Albirex Niigata,Sagan Tosu,3,1,H,O,2.1,3.38,3.23,14,4.0,2.0,0.0,2.0,10.0,6.0,4.0,4.0,6.0,-2.0,6.0,0.0,6.0,2.0,0.0,2.0,0.0,0.0,0.0,53.8,38.5,23.1,46.2,
2013-09-28,2013,Vegalta Sendai,Yokohama F. Marinos,0,0,D,U,2.89,3.24,2.34,14,3.0,2.0,0.0,2.0,11.0,5.0,6.0,3.0,4.0,-1.0,8.0,1.0,7.0,1.0,1.0,0.0,0.0,0.0,0.0,46.2,15.4,58.3,41.7,D
2013-09-28,2013,Shonan Bellmare,Urawa Reds,2,2,D,O,4.26,3.53,1.77,14,1.0,1.0,2.0,3.0,6.0,4.0,2.0,7.0,8.0,-1.0,-1.0,-4.0,3.0,0.0,1.0,-1.0,0.0,2.0,-2.0,23.1,46.2,46.2,38.5,
2013-09-28,2013,Shimizu S-Pulse,Kofu,2,1,H,O,2.11,3.35,3.25,14,3.0,2.0,1.0,0.0,9.0,5.0,4.0,7.0,3.0,4.0,2.0,2.0,0.0,1.0,0.0,1.0,1.0,0.0,1.0,46.2,38.5,23.1,23.1,
2013-09-28,2013,Sagan Tosu,Sanfrecce Hiroshima,0,2,A,U,2.78,3.27,2.4,14,3.0,0.0,0.0,3.0,5.0,2.0,3.0,2.0,8.0,-6.0,3.0,-6.0,9.0,0.0,0.0,0.0,0.0,3.0,-3.0,46.2,38.5,50.0,33.3,
2013-09-28,2013,Omiya Ardija,FC Tokyo,2,5,A,O,3.21,3.32,2.13,14,1.0,2.0,3.0,0.0,3.0,6.0,-3.0,8.0,3.0,5.0,-5.0,3.0,-8.0,0.0,1.0,-1.0,2.0,0.0,2.0,46.2,30.8,35.7,35.7,
2013-09-28,2013,Nagoya Grampus,Kawasaki Frontale,1,2,A,O,2.51,3.35,2.62,14,2.0,1.0,1.0,2.0,5.0,5.0,0.0,4.0,5.0,-1.0,1.0,0.0,1.0,1.0,1.0,0.0,1.0,0.0,1.0,53.8,23.1,30.8,53.8,
2013-09-28,2013,Kashiwa Reysol,Albirex Niigata,1,1,D,U,2.24,3.33,2.98,14,2.0,0.0,1.0,3.0,8.0,1.0,7.0,6.0,5.0,1.0,2.0,-4.0,6.0,1.0,0.0,1.0,1.0,1.0,0.0,46.2,30.8,30.8,53.8,
2013-09-28,2013,Kashima Antlers,Oita Trinita,3,1,H,O,1.3,5.3,8.5,13,4.0,0.0,0.0,4.0,7.0,4.0,3.0,2.0,14.0,-12.0,5.0,-10.0,15.0,1.0,0.0,1.0,0.0,2.0,-2.0,83.3,0.0,7.7,69.2,
2013-09-28,2013,Cerezo Osaka,Iwata,2,0,H,U,2.0,3.39,3.48,14,1.0,1.0,1.0,2.0,5.0,7.0,-2.0,3.0,8.0,-5.0,2.0,-1.0,3.0,1.0,1.0,0.0,0.0,1.0,-1.0,46.2,15.4,7.7,46.2,
2013-09-22,2013,Cerezo Osaka,Kashiwa Reysol,1,1,D,U,2.09,3.34,3.3,13,2.0,1.0,1.0,1.0,8.0,5.0,3.0,3.0,6.0,-3.0,5.0,-1.0,6.0,2.0,0.0,2.0,0.0,1.0,-1.0,50.0,16.7,33.3,41.7,
2013-09-21,2013,Yokohama F. Marinos,Shimizu S-Pulse,1,0,H,U,1.57,3.83,5.33,14,2.0,1.0,0.0,2.0,7.0,7.0,0.0,3.0,11.0,-8.0,4.0,-4.0,8.0,1.0,0.0,1.0,0.0,2.0,-2.0,53.8,0.0,33.3,41.7,
2013-09-21,2013,Urawa Reds,Kofu,1,1,D,U,1.54,3.87,5.75,13,3.0,2.0,1.0,1.0,10.0,5.0,5.0,7.0,6.0,1.0,3.0,-1.0,4.0,1.0,0.0,1.0,0.0,1.0,-1.0,66.7,16.7,25.0,25.0,
2013-09-21,2013,Sanfrecce Hiroshima,Albirex Niigata,2,0,H,U,1.95,3.32,3.76,14,2.0,1.0,1.0,2.0,7.0,3.0,4.0,5.0,3.0,2.0,2.0,0.0,2.0,1.0,1.0,0.0,0.0,0.0,0.0,53.8,23.1,33.3,50.0,
2013-09-21,2013,Omiya Ardija,Vegalta Sendai,0,2,A,U,2.45,3.23,2.74,13,1.0,1.0,3.0,2.0,5.0,3.0,2.0,9.0,4.0,5.0,-4.0,-1.0,-3.0,0.0,0.0,0.0,1.0,0.0,1.0,50.0,25.0,25.0,41.7,
2013-09-21,2013,Oita Trinita,Shonan Bellmare,1,2,A,O,2.67,3.25,2.5,13,0.0,1.0,2.0,3.0,4.0,5.0,-1.0,6.0,10.0,-4.0,-2.0,-5.0,3.0,0.0,0.0,0.0,0.0,2.0,-2.0,0.0,66.7,16.7,75.0,
2013-09-21,2013,Nagoya Grampus,FC Tokyo,0,2,A,U,2.61,3.23,2.57,13,3.0,1.0,0.0,0.0,8.0,4.0,4.0,3.0,3.0,0.0,5.0,1.0,4.0,2.0,0.0,2.0,0.0,0.0,0.0,58.3,16.7,30.8,38.5,
2013-09-21,2013,Kawasaki Frontale,Sagan Tosu,0,1,A,U,1.68,3.79,4.6,13,2.0,1.0,1.0,3.0,7.0,6.0,1.0,5.0,10.0,-5.0,2.0,-4.0,6.0,1.0,0.0,1.0,0.0,1.0,-1.0,58.3,8.3,16.7,50.0,
2013-09-21,2013,Iwata,Kashima Antlers,2,3,A,O,2.71,3.25,2.46,13,0.0,0.0,2.0,4.0,4.0,5.0,-1.0,6.0,12.0,-6.0,-2.0,-7.0,5.0,0.0,0.0,0.0,0.0,2.0,-2.0,16.7,50.0,15.4,61.5,
2013-09-14,2013,Yokohama F. Marinos,Cerezo Osaka,1,1,D,U,1.89,3.44,3.87,13,3.0,1.0,0.0,1.0,8.0,5.0,3.0,3.0,3.0,0.0,5.0,2.0,3.0,1.0,1.0,0.0,0.0,0.0,0.0,58.3,0.0,33.3,25.0,
2013-09-14,2013,Vegalta Sendai,Oita Trinita,6,0,H,O,1.57,3.8,5.64,13,2.0,0.0,1.0,4.0,5.0,6.0,-1.0,5.0,11.0,-6.0,0.0,-5.0,5.0,0.0,0.0,0.0,1.0,1.0,0.0,41.7,16.7,8.3,66.7,
2013-09-14,2013,Shimizu S-Pulse,Nagoya Grampus,2,1,H,O,2.71,3.35,2.42,13,2.0,2.0,1.0,0.0,7.0,7.0,0.0,6.0,5.0,1.0,1.0,2.0,-1.0,1.0,0.0,1.0,1.0,0.0,1.0,41.7,41.7,25.0,50.0,
2013-09-14,2013,Sagan Tosu,Shonan Bellmare,1,0,H,U,1.66,3.75,4.79,13,3.0,2.0,0.0,2.0,7.0,6.0,1.0,4.0,9.0,-5.0,3.0,-3.0,6.0,0.0,0.0,0.0,0.0,2.0,-2.0,41.7,41.7,18.2,72.7,
2013-09-14,2013,Kofu,Kashima Antlers,3,0,H,O,3.71,3.42,1.93,13,1.0,0.0,2.0,4.0,4.0,6.0,-2.0,5.0,11.0,-6.0,-1.0,-5.0,4.0,1.0,0.0,1.0,1.0,1.0,0.0,25.0,66.7,16.7,58.3,
2013-09-14,2013,Kawasaki Frontale,Sanfrecce Hiroshima,2,0,H,U,2.24,3.42,2.94,12,2.0,1.0,1.0,2.0,9.0,4.0,5.0,5.0,6.0,-1.0,4.0,-2.0,6.0,1.0,1.0,0.0,0.0,2.0,-2.0,54.5,9.1,54.5,27.3,
2013-09-14,2013,FC Tokyo,Urawa Reds,3,2,H,O,2.72,3.31,2.43,12,2.0,2.0,2.0,2.0,8.0,4.0,4.0,6.0,6.0,0.0,2.0,-2.0,4.0,2.0,1.0,1.0,1.0,2.0,-1.0,54.5,36.4,50.0,33.3,
2013-09-14,2013,Albirex Niigata,Omiya Ardija,1,0,H,U,2.13,3.27,3.27,13,4.0,0.0,0.0,4.0,10.0,3.0,7.0,4.0,8.0,-4.0,6.0,-5.0,11.0,2.0,0.0,2.0,0.0,1.0,-1.0,50.0,41.7,50.0,50.0,
2013-09-13,2013,Kashiwa Reysol,Iwata,1,3,A,O,1.96,3.43,3.55,13,2.0,0.0,0.0,2.0,9.0,5.0,4.0,5.0,8.0,-3.0,4.0,-3.0,7.0,1.0,0.0,1.0,0.0,1.0,-1.0,50.0,25.0,0.0,50.0,
2013-08-31,2013,Urawa Reds,Albirex Niigata,1,0,H,U,1.94,3.5,3.63,12,2.0,1.0,1.0,2.0,11.0,4.0,7.0,9.0,4.0,5.0,2.0,0.0,2.0,1.0,1.0,0.0,0.0,0.0,0.0,63.6,18.2,36.4,45.5,
2013-08-31,2013,Shonan Bellmare,Vegalta Sendai,3,2,H,O,3.36,3.31,2.09,13,0.0,2.0,3.0,1.0,3.0,2.0,1.0,7.0,1.0,6.0,-4.0,1.0,-5.0,0.0,0.0,0.0,1.0,0.0,1.0,16.7,50.0,27.3,36.4,
2013-08-31,2013,Sanfrecce Hiroshima,FC Tokyo,1,2,A,O,2.18,3.32,3.14,13,3.0,1.0,0.0,0.0,7.0,5.0,2.0,3.0,2.0,1.0,4.0,3.0,1.0,1.0,1.0,0.0,0.0,0.0,0.0,58.3,16.7,25.0,41.7,
2013-08-31,2013,Sagan Tosu,Nagoya Grampus,1,1,D,U,2.41,3.34,2.74,12,4.0,2.0,0.0,1.0,8.0,7.0,1.0,4.0,6.0,-2.0,4.0,1.0,3.0,0.0,0.0,0.0,0.0,0.0,0.0,45.5,45.5,27.3,54.5,
2013-08-31,2013,Omiya Ardija,Yokohama F. Marinos,1,0,H,U,3.61,3.46,1.95,12,1.0,3.0,3.0,1.0,6.0,8.0,-2.0,10.0,5.0,5.0,-4.0,3.0,-7.0,0.0,1.0,-1.0,1.0,0.0,1.0,45.5,27.3,63.6,36.4,
2013-08-31,2013,Oita Trinita,Shimizu S-Pulse,2,3,A,O,3.09,3.35,2.18,12,0.0,0.0,2.0,3.0,2.0,5.0,-3.0,4.0,12.0,-8.0,-2.0,-7.0,5.0,0.0,0.0,0.0,0.0,3.0,-3.0,0.0,63.6,27.3,45.5,
2013-08-31,2013,Kashima Antlers,Kashiwa Reysol,3,1,H,O,2.26,3.37,2.93,12,3.0,2.0,0.0,0.0,5.0,6.0,-1.0,2.0,4.0,-2.0,3.0,2.0,1.0,0.0,0.0,0.0,0.0,0.0,0.0,81.8,0.0,36.4,36.4,
2013-08-31,2013,Iwata,Kofu,1,1,D,U,1.82,3.54,4.03,12,1.0,2.0,2.0,2.0,5.0,5.0,0.0,6.0,7.0,-1.0,-1.0,-2.0,1.0,0.0,0.0,0.0,0.0,1.0,-1.0,18.2,54.5,27.3,27.3,
2013-08-31,2013,Cerezo Osaka,Kawasaki Frontale,0,0,D,U,2.43,3.46,2.65,12,3.0,2.0,1.0,2.0,10.0,8.0,2.0,4.0,7.0,-3.0,6.0,1.0,5.0,2.0,1.0,1.0,0.0,0.0,0.0,54.5,18.2,33.3,58.3,D
2013-08-28,2013,Yokohama F. Marinos,Urawa Reds,3,0,H,O,2.43,3.3,2.75,12,2.0,2.0,0.0,2.0,6.0,4.0,2.0,4.0,7.0,-3.0,2.0,-3.0,5.0,0.0,1.0,-1.0,0.0,2.0,-2.0,54.5,0.0,54.5,27.3,
2013-08-28,2013,Vegalta Sendai,Cerezo Osaka,1,1,D,U,2.24,3.31,3.03,12,2.0,1.0,1.0,2.0,5.0,4.0,1.0,5.0,3.0,2.0,0.0,1.0,-1.0,0.0,1.0,-1.0,1.0,0.0,1.0,45.5,18.2,36.4,27.3,
2013-08-28,2013,Shimizu S-Pulse,Kashima Antlers,4,3,H,O,3.36,3.38,2.06,12,2.0,0.0,1.0,4.0,6.0,5.0,1.0,4.0,11.0,-7.0,2.0,-6.0,8.0,2.0,0.0,2.0,1.0,2.0,-1.0,36.4,45.5,18.2,54.5,
2013-08-28,2013,Nagoya Grampus,Oita Trinita,2,1,H,O,1.46,4.38,5.99,12,3.0,0.0,0.0,4.0,9.0,6.0,3.0,4.0,12.0,-8.0,5.0,-6.0,11.0,2.0,0.0,2.0,0.0,2.0,-2.0,54.5,18.2,9.1,63.6,
2013-08-28,2013,Kofu,Sanfrecce Hiroshima,2,0,H,U,4.02,3.43,1.87,12,0.0,2.0,3.0,1.0,2.0,5.0,-3.0,6.0,4.0,2.0,-4.0,1.0,-5.0,0.0,1.0,-1.0,1.0,1.0,0.0,18.2,72.7,60.0,20.0,
2013-08-28,2013,Kawasaki Frontale,Omiya Ardija,2,1,H,O,1.89,3.56,3.73,11,2.0,0.0,1.0,4.0,11.0,3.0,8.0,6.0,8.0,-2.0,5.0,-5.0,10.0,2.0,0.0,2.0,0.0,1.0,-1.0,50.0,10.0,54.5,45.5,
2013-08-28,2013,Kashiwa Reysol,Shonan Bellmare,5,2,H,O,1.59,3.86,5.28,12,2.0,2.0,0.0,1.0,6.0,4.0,2.0,4.0,4.0,0.0,2.0,0.0,2.0,0.0,0.0,0.0,0.0,1.0,-1.0,45.5,27.3,20.0,70.0,
2013-08-28,2013,FC Tokyo,Sagan Tosu,2,3,A,O,1.79,3.55,4.19,11,2.0,0.0,2.0,4.0,6.0,5.0,1.0,4.0,11.0,-7.0,2.0,-6.0,8.0,2.0,0.0,2.0,1.0,1.0,0.0,60.0,30.0,9.1,54.5,
2013-08-28,2013,Albirex Niigata,Iwata,4,2,H,O,2.42,3.3,2.76,12,3.0,0.0,1.0,1.0,6.0,4.0,2.0,5.0,5.0,0.0,1.0,-1.0,2.0,1.0,0.0,1.0,1.0,0.0,1.0,45.5,45.5,0.0,45.5,
2013-08-24,2013,Shonan Bellmare,Kofu,1,2,A,O,2.37,3.26,2.83,12,0.0,1.0,3.0,3.0,3.0,4.0,-1.0,7.0,11.0,-4.0,-4.0,-7.0,3.0,0.0,0.0,0.0,1.0,2.0,-1.0,18.2,45.5,20.0,30.0,
2013-08-24,2013,Shimizu S-Pulse,Urawa Reds,0,2,A,U,3.71,3.51,1.9,11,3.0,2.0,0.0,2.0,8.0,3.0,5.0,2.0,7.0,-5.0,6.0,-4.0,10.0,3.0,0.0,3.0,0.0,2.0,-2.0,40.0,40.0,50.0,30.0,
2013-08-24,2013,Sagan Tosu,Vegalta Sendai,1,0,H,U,2.17,3.3,3.17,11,3.0,2.0,1.0,0.0,7.0,3.0,4.0,5.0,1.0,4.0,2.0,2.0,0.0,0.0,0.0,0.0,0.0,0.0,0.0,40.0,50.0,30.0,30.0,
2013-08-24,2013,Omiya Ardija,Kashiwa Reysol,2,3,A,O,2.55,3.25,2.63,11,1.0,1.0,2.0,1.0,5.0,5.0,0.0,8.0,5.0,3.0,-3.0,0.0,-3.0,0.0,0.0,0.0,1.0,0.0,1.0,50.0,20.0,30.0,40.0,
2013-08-24,2013,Oita Trinita,Sanfrecce Hiroshima,1,1,D,U,5.69,3.9,1.54,11,0.0,3.0,2.0,1.0,2.0,6.0,-4.0,4.0,3.0,1.0,-2.0,3.0,-5.0,0.0,2.0,-2.0,0.0,1.0,-1.0,0.0,70.0,66.7,22.2,
2013-08-24,2013,Nagoya Grampus,Cerezo Osaka,1,1,D,U,2.19,3.3,3.12,11,4.0,1.0,0.0,2.0,10.0,5.0,5.0,4.0,4.0,0.0,6.0,1.0,5.0,2.0,1.0,1.0,0.0,0.0,0.0,60.0,20.0,40.0,30.0,
2013-08-24,2013,Kashima Antlers,Yokohama F. Marinos,2,1,H,O,2.89,3.27,2.34,11,3.0,3.0,0.0,1.0,6.0,8.0,-2.0,2.0,5.0,-3.0,4.0,3.0,1.0,1.0,1.0,0.0,0.0,0.0,0.0,80.0,0.0,70.0,30.0,
2013-08-24,2013,Iwata,FC Tokyo,0,0,D,U,2.72,3.31,2.44,11,1.0,1.0,2.0,0.0,7.0,7.0,0.0,8.0,4.0,4.0,-1.0,3.0,-4.0,0.0,1.0,-1.0,0.0,0.0,0.0,20.0,60.0,27.3,45.5,D
2013-08-24,2013,Albirex Niigata,Kawasaki Frontale,2,1,H,O,2.78,3.37,2.36,11,3.0,2.0,1.0,2.0,7.0,9.0,-2.0,6.0,9.0,-3.0,1.0,0.0,1.0,1.0,1.0,0.0,1.0,1.0,0.0,40.0,50.0,36.4,54.5,
2013-08-17,2013,Urawa Reds,Oita Trinita,4,3,H,O,1.3,5.16,8.7,11,1.0,0.0,1.0,3.0,8.0,4.0,4.0,7.0,9.0,-2.0,1.0,-5.0,6.0,1.0,0.0,1.0,0.0,2.0,-2.0,60.0,20.0,10.0,60.0,
2013-08-17,2013,Shonan Bellmare,Iwata,1,1,D,U,3.93,3.53,1.84,11,0.0,0.0,4.0,1.0,2.0,4.0,-2.0,8.0,5.0,3.0,-6.0,-1.0,-5.0,0.0,0.0,0.0,2.0,0.0,2.0,20.0,50.0,0.0,50.0,
2013-08-17,2013,Sanfrecce Hiroshima,Nagoya Grampus,1,1,D,U,1.92,3.43,3.75,12,4.0,2.0,0.0,2.0,10.0,7.0,3.0,4.0,7.0,-3.0,6.0,0.0,6.0,2.0,0.0,2.0,0.0,0.0,0.0,63.6,18.2,30.0,60.0,
2013-08-17,2013,Sagan Tosu,Omiya Ardija,2,1,H,O,2.47,3.34,2.66,10,2.0,1.0,2.0,3.0,6.0,5.0,1.0,7.0,6.0,1.0,-1.0,-1.0,0.0,0.0,1.0,-1.0,1.0,1.0,0.0,33.3,55.6,60.0,40.0,
2013-08-17,2013,Kofu,Kawasaki Frontale,1,3,A,O,4.54,3.8,1.68,11,0.0,2.0,3.0,2.0,1.0,10.0,-9.0,4.0,10.0,-6.0,-3.0,0.0,-3.0,0.0,1.0,-1.0,0.0,1.0,-1.0,20.0,70.0,30.0,60.0,
2013-08-17,2013,Kashiwa Reysol,Vegalta Sendai,0,0,D,U,2.06,3.35,3.37,11,2.0,2.0,1.0,1.0,8.0,3.0,5.0,10.0,3.0,7.0,-2.0,0.0,-2.0,0.0,0.0,0.0,1.0,1.0,0.0,50.0,30.0,33.3,33.3,D
2013-08-17,2013,Kashima Antlers,Albirex Niigata,1,0,H,U,2.01,3.36,3.51,10,3.0,1.0,0.0,2.0,8.0,5.0,3.0,4.0,5.0,-1.0,4.0,0.0,4.0,1.0,1.0,0.0,0.0,0.0,0.0,77.8,0.0,40.0,40.0,
2013-08-17,2013,FC Tokyo,Yokohama F. Marinos,0,2,A,U,2.62,3.29,2.53,10,3.0,3.0,1.0,1.0,8.0,7.0,1.0,2.0,5.0,-3.0,6.0,2.0,4.0,3.0,0.0,3.0,0.0,0.0,0.0,66.7,22.2,66.7,33.3,
2013-08-17,2013,Cerezo Osaka,Shimizu S-Pulse,4,1,H,O,1.88,3.49,3.82,11,3.0,0.0,1.0,3.0,8.0,5.0,3.0,4.0,10.0,-6.0,4.0,-5.0,9.0,1.0,0.0,1.0,0.0,2.0,-2.0,50.0,20.0,30.0,40.0,
2013-08-10,2013,Yokohama F. Marinos,Sagan Tosu,2,1,H,O,1.52,4.11,5.49,11,1.0,0.0,0.0,3.0,4.0,5.0,-1.0,3.0,10.0,-7.0,1.0,-5.0,6.0,0.0,0.0,0.0,0.0,1.0,-1.0,50.0,0.0,10.0,50.0,
2013-08-10,2013,Vegalta Sendai,Kashima Antlers,2,1,H,O,2.72,3.26,2.46,11,1.0,0.0,1.0,4.0,3.0,5.0,-2.0,4.0,12.0,-8.0,-1.0,-7.0,6.0,0.0,0.0,0.0,1.0,3.0,-2.0,40.0,20.0,20.0,50.0,
2013-08-10,2013,Shimizu S-Pulse,Shonan Bellmare,3,1,H,O,1.89,3.45,3.85,10,2.0,2.0,1.0,1.0,6.0,4.0,2.0,3.0,3.0,0.0,3.0,1.0,2.0,2.0,0.0,2.0,0.0,0.0,0.0,33.3,44.4,22.2,66.7,
2013-08-10,2013,Sanfrecce Hiroshima,Iwata,2,1,H,O,1.84,3.48,3.97,11,3.0,0.0,0.0,0.0,8.0,5.0,3.0,3.0,5.0,-2.0,5.0,0.0,5.0,2.0,0.0,2.0,0.0,0.0,0.0,60.0,20.0,0.0,44.4,
2013-08-10,2013,Omiya Ardija,Cerezo Osaka,0,3,A,O,2.34,3.28,2.86,10,2.0,1.0,1.0,2.0,7.0,5.0,2.0,6.0,5.0,1.0,1.0,0.0,1.0,0.0,1.0,-1.0,0.0,0.0,0.0,55.6,11.1,33.3,33.3,
2013-08-10,2013,Oita Trinita,Kashiwa Reysol,0,0,D,U,5.51,3.9,1.56,10,0.0,1.0,3.0,1.0,4.0,5.0,-1.0,8.0,5.0,3.0,-4.0,0.0,-4.0,0.0,0.0,0.0,1.0,0.0,1.0,0.0,77.8,33.3,44.4,D
2013-08-10,2013,Nagoya Grampus,Urawa Reds,2,0,H,U,2.87,3.36,2.29,10,3.0,3.0,1.0,1.0,9.0,9.0,0.0,6.0,7.0,-1.0,3.0,2.0,1.0,1.0,1.0,0.0,0.0,1.0,-1.0,55.6,22.2,55.6,22.2,
2013-08-10,2013,Kofu,Albirex Niigata,1,1,D,U,3.1,3.24,2.23,10,0.0,2.0,4.0,2.0,0.0,7.0,-7.0,6.0,5.0,1.0,-6.0,2.0,-8.0,0.0,2.0,-2.0,1.0,0.0,1.0,22.2,77.8,44.4,44.4,
2013-08-10,2013,Kawasaki Frontale,FC Tokyo,2,2,D,O,2.3,3.42,2.81,10,3.0,1.0,1.0,1.0,11.0,7.0,4.0,5.0,5.0,0.0,6.0,2.0,4.0,2.0,1.0,1.0,0.0,0.0,0.0,55.6,11.1,30.0,50.0,
2013-08-03,2013,Vegalta Sendai,Kawasaki Frontale,2,1,H,O,2.71,3.37,2.4,10,1.0,3.0,1.0,1.0,3.0,11.0,-8.0,4.0,9.0,-5.0,-1.0,2.0,-3.0,0.0,1.0,-1.0,1.0,1.0,0.0,33.3,22.2,33.3,55.6,
2013-08-03,2013,Urawa Reds,Sanfrecce Hiroshima,3,1,H,O,2.25,3.36,2.91,10,1.0,3.0,1.0,1.0,11.0,6.0,5.0,8.0,2.0,6.0,3.0,4.0,-1.0,1.0,2.0,-1.0,0.0,0.0,0.0,55.6,22.2,75.0,12.5,
2013-08-03,2013,Shonan Bellmare,Yokohama F. Marinos,1,2,A,O,5.84,3.94,1.53,10,1.0,3.0,3.0,1.0,4.0,7.0,-3.0,8.0,5.0,3.0,-4.0,2.0,-6.0,0.0,0.0,0.0,2.0,0.0,2.0,22.2,44.4,62.5,37.5,
2013-08-03,2013,Kashiwa Reysol,Sagan Tosu,2,1,H,O,1.78,3.61,4.13,10,1.0,0.0,2.0,3.0,7.0,6.0,1.0,12.0,14.0,-2.0,-5.0,-8.0,3.0,0.0,0.0,0.0,2.0,2.0,0.0,44.4,33.3,11.1,44.4,
2013-08-03,2013,Kashima Antlers,Omiya Ardija,1,0,H,U,2.1,3.34,3.27,9,3.0,1.0,0.0,3.0,10.0,6.0,4.0,5.0,7.0,-2.0,5.0,-1.0,6.0,2.0,1.0,1.0,0.0,1.0,-1.0,75.0,0.0,66.7,33.3,
2013-08-03,2013,Iwata,Nagoya Grampus,2,3,A,O,2.38,3.32,2.78,10,1.0,1.0,2.0,3.0,7.0,5.0,2.0,9.0,8.0,1.0,-2.0,-3.0,1.0,0.0,0.0,0.0,1.0,1.0,0.0,22.2,55.6,22.2,66.7,
2013-08-03,2013,FC Tokyo,Oita Trinita,2,0,H,U,1.3,5.08,9.0,9,2.0,1.0,1.0,2.0,8.0,7.0,1.0,4.0,9.0,-5.0,4.0,-2.0,6.0,2.0,0.0,2.0,0.0,1.0,-1.0,62.5,25.0,11.1,55.6,
2013-08-03,2013,Cerezo Osaka,Kofu,0,1,A,U,1.57,3.85,5.51,10,3.0,0.0,0.0,3.0,10.0,4.0,6.0,5.0,12.0,-7.0,5.0,-8.0,13.0,1.0,0.0,1.0,0.0,2.0,-2.0,55.6,11.1,11.1,33.3,
2013-08-03,2013,Albirex Niigata,Shimizu S-Pulse,3,1,H,O,2.08,3.29,3.37,10,2.0,0.0,2.0,3.0,6.0,4.0,2.0,8.0,9.0,-1.0,-2.0,-5.0,3.0,0.0,0.0,0.0,1.0,2.0,-1.0,33.3,55.6,33.3,33.3,
2013-07-31,2013,Yokohama F. Marinos,Kashiwa Reysol,1,1,D,U,1.98,3.42,3.53,10,1.0,2.0,0.0,1.0,4.0,5.0,-1.0,3.0,4.0,-1.0,1.0,1.0,0.0,0.0,0.0,0.0,0.0,0.0,0.0,55.6,0.0,37.5,50.0,
2013-07-31,2013,Shimizu S-Pulse,FC Tokyo,0,0,D,U,3.74,3.46,1.91,9,2.0,1.0,2.0,2.0,7.0,9.0,-2.0,5.0,8.0,-3.0,2.0,1.0,1.0,2.0,1.0,1.0,0.0,0.0,0.0,37.5,50.0,33.3,55.6,D
2013-07-31,2013,Sanfrecce Hiroshima,Omiya Ardija,3,1,H,O,1.7,3.6,4.66,10,3.0,2.0,0.0,2.0,10.0,7.0,3.0,3.0,4.0,-1.0,7.0,3.0,4.0,2.0,2.0,0.0,0.0,0.0,0.0,55.6,22.2,75.0,25.0,
2013-07-31,2013,Sagan Tosu,Oita Trinita,3,2,H,O,1.56,3.89,5.48,9,1.0,1.0,3.0,2.0,5.0,5.0,0.0,8.0,7.0,1.0,-3.0,-2.0,-1.0,0.0,0.0,0.0,1.0,1.0,0.0,25.0,62.5,12.5,50.0,
2013-07-31,2013,Nagoya Grampus,Kashima Antlers,3,1,H,O,2.57,3.28,2.57,9,2.0,0.0,2.0,3.0,6.0,5.0,1.0,7.0,10.0,-3.0,-1.0,-5.0,4.0,0.0,0.0,0.0,1.0,2.0,-1.0,50.0,25.0,22.2,44.4,
2013-07-31,2013,Kofu,Vegalta Sendai,0,1,A,U,3.47,3.25,2.06,9,0.0,1.0,4.0,1.0,0.0,2.0,-2.0,7.0,3.0,4.0,-7.0,-1.0,-6.0,0.0,0.0,0.0,2.0,1.0,1.0,25.0,75.0,25.0,37.5,
2013-07-31,2013,Kawasaki Frontale,Shonan Bellmare,1,2,A,O,1.38,4.61,7.23,9,3.0,1.0,0.0,2.0,12.0,2.0,10.0,5.0,3.0,2.0,7.0,-1.0,8.0,2.0,0.0,2.0,0.0,0.0,0.0,62.5,0.0,12.5,75.0,
2013-07-31,2013,Iwata,Urawa Reds,1,2,A,O,2.79,3.34,2.36,9,1.0,2.0,2.0,1.0,6.0,9.0,-3.0,8.0,8.0,0.0,-2.0,1.0,-3.0,0.0,1.0,-1.0,1.0,1.0,0.0,25.0,50.0,50.0,25.0,
2013-07-31,2013,Albirex Niigata,Cerezo Osaka,1,0,H,U,2.53,3.27,2.63,9,1.0,1.0,2.0,1.0,6.0,7.0,-1.0,9.0,6.0,3.0,-3.0,1.0,-4.0,0.0,1.0,-1.0,1.0,0.0,1.0,25.0,62.5,37.5,25.0,
2013-07-17,2013,Vegalta Sendai,Sanfrecce Hiroshima,0,2,A,U,2.69,3.22,2.5,9,1.0,2.0,0.0,1.0,4.0,5.0,-1.0,3.0,3.0,0.0,1.0,2.0,-1.0,0.0,1.0,-1.0,0.0,0.0,0.0,37.5,12.5,71.4,14.3,
2013-07-17,2013,Urawa Reds,Yokohama F. Marinos,2,3,A,O,2.41,3.25,2.79,9,2.0,2.0,0.0,2.0,12.0,5.0,7.0,6.0,5.0,1.0,6.0,0.0,6.0,2.0,0.0,2.0,0.0,0.0,0.0,62.5,12.5,57.1,42.9,
2013-07-17,2013,Shonan Bellmare,Albirex Niigata,0,2,A,U,3.36,3.26,2.09,9,1.0,2.0,3.0,2.0,4.0,7.0,-3.0,9.0,6.0,3.0,-5.0,1.0,-6.0,0.0,1.0,-1.0,2.0,0.0,2.0,25.0,37.5,37.5,50.0,
2013-07-17,2013,Omiya Ardija,Kawasaki Frontale,2,3,A,O,2.92,3.37,2.26,9,3.0,2.0,0.0,2.0,7.0,8.0,-1.0,4.0,9.0,-5.0,3.0,-1.0,4.0,0.0,1.0,-1.0,0.0,2.0,-2.0,62.5,0.0,25.0,62.5,
2013-07-17,2013,Oita Trinita,Nagoya Grampus,1,2,A,O,4.67,3.62,1.69,9,0.0,0.0,3.0,4.0,3.0,4.0,-1.0,8.0,9.0,-1.0,-5.0,-5.0,0.0,0.0,0.0,0.0,2.0,1.0,1.0,0.0,75.0,12.5,75.0,
2013-07-17,2013,Kashiwa Reysol,Shimizu S-Pulse,2,2,D,O,1.85,3.52,3.91,9,2.0,1.0,2.0,3.0,7.0,4.0,3.0,11.0,7.0,4.0,-4.0,-3.0,-1.0,0.0,1.0,-1.0,2.0,2.0,0.0,50.0,37.5,37.5,37.5,
2013-07-17,2013,Kashima Antlers,Iwata,1,1,D,U,1.95,3.47,3.56,8,4.0,0.0,0.0,1.0,10.0,5.0,5.0,4.0,6.0,-2.0,6.0,-1.0,7.0,2.0,0.0,2.0,0.0,0.0,0.0,85.7,0.0,0.0,50.0,
2013-07-17,2013,FC Tokyo,Kofu,4,1,H,O,1.51,3.91,6.11,8,2.0,0.0,1.0,2.0,6.0,4.0,2.0,3.0,9.0,-6.0,3.0,-5.0,8.0,2.0,0.0,2.0,0.0,1.0,-1.0,57.1,28.6,12.5,25.0,
2013-07-17,2013,Cerezo Osaka,Sagan Tosu,4,1,H,O,1.95,3.46,3.58,9,2.0,1.0,0.0,2.0,6.0,9.0,-3.0,4.0,12.0,-8.0,2.0,-3.0,5.0,0.0,1.0,-1.0,0.0,1.0,-1.0,50.0,12.5,12.5,37.5,
2013-07-13,2013,Yokohama F. Marinos,Omiya Ardija,2,1,H,O,1.98,3.28,3.68,9,0.0,3.0,0.0,1.0,3.0,10.0,-7.0,3.0,2.0,1.0,0.0,8.0,-8.0,0.0,3.0,-3.0,0.0,0.0,0.0,50.0,0.0,85.7,14.3,
2013-07-13,2013,Vegalta Sendai,Iwata,1,1,D,U,2.26,3.27,2.95,8,2.0,0.0,0.0,2.0,5.0,4.0,1.0,3.0,6.0,-3.0,2.0,-2.0,4.0,0.0,0.0,0.0,0.0,0.0,0.0,42.9,14.3,0.0,57.1,
2013-07-13,2013,Shimizu S-Pulse,Oita Trinita,3,1,H,O,1.71,3.58,4.6,8,1.0,1.0,2.0,1.0,5.0,4.0,1.0,5.0,4.0,1.0,0.0,0.0,0.0,1.0,0.0,1.0,0.0,0.0,0.0,28.6,57.1,14.3,42.9,
2013-07-13,2013,Sanfrecce Hiroshima,Cerezo Osaka,1,0,H,U,1.9,3.46,3.75,9,3.0,2.0,0.0,0.0,10.0,10.0,0.0,3.0,5.0,-2.0,7.0,5.0,2.0,2.0,2.0,0.0,0.0,0.0,0.0,50.0,25.0,42.9,14.3,
2013-07-13,2013,Nagoya Grampus,Sagan Tosu,3,2,H,O,2.02,3.36,3.44,8,1.0,1.0,2.0,1.0,4.0,8.0,-4.0,6.0,10.0,-4.0,-2.0,-2.0,0.0,0.0,1.0,-1.0,1.0,1.0,0.0,42.9,28.6,14.3,28.6,
2013-07-13,2013,Kofu,Shonan Bellmare,0,1,A,U,2.04,3.34,3.44,8,1.0,0.0,3.0,3.0,2.0,1.0,1.0,7.0,7.0,0.0,-5.0,-6.0,1.0,0.0,0.0,0.0,2.0,1.0,1.0,28.6,71.4,0.0,85.7,
2013-07-13,2013,Kawasaki Frontale,Urawa Reds,4,0,H,O,3.0,3.36,2.21,8,3.0,2.0,0.0,1.0,10.0,9.0,1.0,6.0,5.0,1.0,4.0,4.0,0.0,1.0,1.0,0.0,0.0,0.0,0.0,57.1,0.0,57.1,14.3,
2013-07-13,2013,Kashiwa Reysol,Kashima Antlers,2,1,H,O,2.72,3.35,2.41,8,1.0,1.0,3.0,2.0,5.0,7.0,-2.0,14.0,10.0,4.0,-9.0,-3.0,-6.0,0.0,0.0,0.0,3.0,2.0,1.0,42.9,42.9,25.0,37.5,
2013-07-13,2013,Albirex Niigata,FC Tokyo,0,3,A,O,2.97,3.25,2.28,8,1.0,1.0,2.0,2.0,8.0,9.0,-1.0,9.0,10.0,-1.0,-1.0,-1.0,0.0,0.0,0.0,0.0,0.0,0.0,0.0,28.6,57.1,25.0,62.5,
2013-07-10,2013,Urawa Reds,FC Tokyo,2,2,D,O,1.85,3.46,3.98,8,2.0,1.0,1.0,3.0,10.0,8.0,2.0,5.0,10.0,-5.0,5.0,-2.0,7.0,2.0,0.0,2.0,0.0,0.0,0.0,71.4,14.3,28.6,71.4,
2013-07-10,2013,Shonan Bellmare,Kashiwa Reysol,1,2,A,O,4.63,3.62,1.7,8,2.0,2.0,2.0,1.0,5.0,6.0,-1.0,8.0,3.0,5.0,-3.0,3.0,-6.0,0.0,1.0,-1.0,2.0,0.0,2.0,28.6,28.6,28.6,57.1,
2013-07-10,2013,Sanfrecce Hiroshima,Kawasaki Frontale,4,2,H,O,1.99,3.45,3.49,8,3.0,2.0,0.0,2.0,8.0,7.0,1.0,1.0,7.0,-6.0,7.0,0.0,7.0,2.0,1.0,1.0,0.0,1.0,-1.0,42.9,28.6,28.6,57.1,
2013-07-10,2013,Sagan Tosu,Kofu,2,1,H,O,1.83,3.47,4.03,8,0.0,0.0,4.0,1.0,3.0,3.0,0.0,10.0,7.0,3.0,-7.0,-4.0,-3.0,0.0,0.0,0.0,2.0,1.0,1.0,14.3,71.4,14.3,14.3,
2013-07-10,2013,Omiya Ardija,Nagoya Grampus,2,1,H,O,2.07,3.39,3.32,8,3.0,0.0,0.0,4.0,6.0,4.0,2.0,3.0,10.0,-7.0,3.0,-6.0,9.0,0.0,0.0,0.0,0.0,2.0,-2.0,57.1,0.0,14.3,71.4,
2013-07-10,2013,Oita Trinita,Vegalta Sendai,0,1,A,U,4.09,3.41,1.85,8,0.0,1.0,3.0,1.0,5.0,3.0,2.0,10.0,3.0,7.0,-5.0,0.0,-5.0,0.0,1.0,-1.0,2.0,1.0,1.0,0.0,71.4,14.3,42.9,
2013-07-10,2013,Kashima Antlers,Shimizu S-Pulse,3,1,H,O,1.7,3.61,4.67,7,3.0,2.0,0.0,2.0,7.0,4.0,3.0,3.0,4.0,-1.0,4.0,0.0,4.0,1.0,1.0,0.0,0.0,1.0,-1.0,83.3,0.0,42.9,28.6,
2013-07-10,2013,Iwata,Albirex Niigata,2,1,H,O,1.92,3.52,3.66,8,1.0,2.0,2.0,2.0,8.0,6.0,2.0,7.0,6.0,1.0,1.0,0.0,1.0,1.0,1.0,0.0,1.0,1.0,0.0,14.3,57.1,42.9,42.9,
2013-07-10,2013,Cerezo Osaka,Yokohama F. Marinos,2,1,H,O,2.88,3.27,2.34,8,1.0,2.0,1.0,2.0,5.0,4.0,1.0,5.0,4.0,1.0,0.0,0.0,0.0,0.0,0.0,0.0,0.0,0.0,0.0,42.9,14.3,66.7,33.3,
2013-07-06,2013,Yokohama F. Marinos,Oita Trinita,1,1,D,U,1.31,4.89,8.89,8,1.0,1.0,0.0,2.0,4.0,4.0,0.0,3.0,5.0,-2.0,1.0,-1.0,2.0,0.0,0.0,0.0,0.0,0.0,0.0,57.1,0.0,16.7,50.0,
2013-07-06,2013,Vegalta Sendai,Shonan Bellmare,0,0,D,U,1.44,4.15,6.86,7,2.0,0.0,1.0,4.0,5.0,1.0,4.0,4.0,9.0,-5.0,1.0,-8.0,9.0,0.0,0.0,0.0,0.0,2.0,-2.0,50.0,16.7,0.0,100.0,D
2013-07-06,2013,Omiya Ardija,Sagan Tosu,1,1,D,U,1.79,3.58,4.12,7,4.0,1.0,0.0,2.0,8.0,7.0,1.0,3.0,11.0,-8.0,5.0,-4.0,9.0,1.0,1.0,0.0,0.0,2.0,-2.0,66.7,0.0,16.7,33.3,
2013-07-06,2013,Nagoya Grampus,Shimizu S-Pulse,2,1,H,O,2.11,3.3,3.3,7,1.0,3.0,2.0,1.0,4.0,4.0,0.0,5.0,2.0,3.0,-1.0,2.0,-3.0,1.0,1.0,0.0,1.0,1.0,0.0,33.3,33.3,50.0,16.7,
2013-07-06,2013,Kofu,Urawa Reds,0,1,A,U,5.43,3.82,1.58,7,2.0,2.0,2.0,1.0,5.0,10.0,-5.0,7.0,5.0,2.0,-2.0,5.0,-7.0,1.0,2.0,-1.0,2.0,0.0,2.0,33.3,66.7,50.0,16.7,
2013-07-06,2013,Kawasaki Frontale,Kashima Antlers,4,2,H,O,2.46,3.3,2.69,7,3.0,2.0,0.0,1.0,10.0,8.0,2.0,6.0,8.0,-2.0,4.0,0.0,4.0,1.0,0.0,1.0,0.0,1.0,-1.0,50.0,0.0,28.6,28.6,
2013-07-06,2013,Iwata,Cerezo Osaka,2,2,D,O,2.38,3.35,2.76,7,1.0,2.0,3.0,0.0,6.0,9.0,-3.0,7.0,4.0,3.0,-1.0,5.0,-6.0,1.0,2.0,-1.0,2.0,0.0,2.0,16.7,66.7,50.0,16.7,
2013-07-06,2013,FC Tokyo,Sanfrecce Hiroshima,0,1,A,U,2.38,3.26,2.83,7,3.0,2.0,0.0,1.0,9.0,6.0,3.0,3.0,3.0,0.0,6.0,3.0,3.0,3.0,2.0,1.0,0.0,0.0,0.0,66.7,16.7,66.7,16.7,
2013-07-06,2013,Albirex Niigata,Kashiwa Reysol,3,2,H,O,2.59,3.26,2.58,7,1.0,2.0,2.0,1.0,6.0,5.0,1.0,7.0,3.0,4.0,-1.0,2.0,-3.0,0.0,1.0,-1.0,0.0,1.0,-1.0,16.7,66.7,33.3,50.0,
2013-05-29,2013,Urawa Reds,Vegalta Sendai,1,1,D,U,1.63,3.77,4.97,7,3.0,1.0,1.0,2.0,11.0,4.0,7.0,4.0,6.0,-2.0,7.0,-2.0,9.0,3.0,1.0,2.0,0.0,2.0,-2.0,83.3,16.7,16.7,50.0,
2013-05-29,2013,Sanfrecce Hiroshima,Kashiwa Reysol,0,0,D,U,1.92,3.42,3.67,7,3.0,2.0,1.0,2.0,9.0,6.0,3.0,4.0,5.0,-1.0,5.0,1.0,4.0,2.0,1.0,1.0,1.0,1.0,0.0,50.0,33.3,40.0,60.0,D
2013-05-26,2013,Kashiwa Reysol,Urawa Reds,2,6,A,O,3.13,3.41,2.13,7,1.0,1.0,2.0,1.0,6.0,6.0,0.0,11.0,5.0,6.0,-5.0,1.0,-6.0,0.0,1.0,-1.0,2.0,0.0,2.0,50.0,33.3,40.0,20.0,
2013-05-25,2013,Shonan Bellmare,Sanfrecce Hiroshima,0,2,A,U,5.01,3.76,1.62,7,2.0,2.0,1.0,1.0,6.0,8.0,-2.0,7.0,3.0,4.0,-1.0,5.0,-6.0,0.0,2.0,-2.0,1.0,0.0,1.0,33.3,16.7,60.0,20.0,
2013-05-25,2013,Shimizu S-Pulse,Vegalta Sendai,2,0,H,U,2.88,3.26,2.33,7,1.0,1.0,2.0,1.0,4.0,5.0,-1.0,5.0,5.0,0.0,-1.0,0.0,-1.0,0.0,1.0,-1.0,0.0,1.0,-1.0,16.7,66.7,20.0,40.0,
2013-05-25,2013,Sagan Tosu,Yokohama F. Marinos,0,1,A,U,3.33,3.4,2.05,7,0.0,2.0,4.0,2.0,3.0,6.0,-3.0,10.0,5.0,5.0,-7.0,1.0,-8.0,0.0,1.0,-1.0,2.0,0.0,2.0,16.7,66.7,60.0,40.0,
2013-05-25,2013,Oita Trinita,Iwata,1,1,D,U,3.89,3.5,1.85,7,0.0,0.0,4.0,3.0,4.0,4.0,0.0,10.0,7.0,3.0,-6.0,-3.0,-3.0,0.0,0.0,0.0,2.0,0.0,2.0,0.0,83.3,0.0,66.7,
2013-05-25,2013,Kofu,Omiya Ardija,0,3,A,O,3.31,3.3,2.09,6,2.0,3.0,2.0,1.0,5.0,9.0,-4.0,5.0,3.0,2.0,0.0,6.0,-6.0,1.0,2.0,-1.0,1.0,0.0,1.0,40.0,60.0,83.3,16.7,
2013-05-25,2013,Kawasaki Frontale,Albirex Niigata,2,1,H,O,2.0,3.41,3.48,6,2.0,3.0,0.0,1.0,9.0,6.0,3.0,6.0,4.0,2.0,3.0,2.0,1.0,1.0,1.0,0.0,0.0,1.0,-1.0,40.0,0.0,50.0,33.3,
2013-05-25,2013,Kashima Antlers,FC Tokyo,3,2,H,O,2.31,3.3,2.86,6,3.0,1.0,0.0,3.0,5.0,8.0,-3.0,1.0,10.0,-9.0,4.0,-2.0,6.0,1.0,0.0,1.0,0.0,0.0,0.0,80.0,0.0,33.3,66.7,
2013-05-25,2013,Cerezo Osaka,Nagoya Grampus,2,1,H,O,2.24,3.32,2.98,7,0.0,0.0,1.0,3.0,4.0,6.0,-2.0,5.0,11.0,-6.0,-1.0,-5.0,4.0,0.0,0.0,0.0,0.0,2.0,-2.0,33.3,16.7,16.7,66.7,
2013-05-18,2013,Yokohama F. Marinos,Vegalta Sendai,0,0,D,U,1.91,3.45,3.73,7,2.0,1.0,0.0,2.0,7.0,7.0,0.0,5.0,8.0,-3.0,2.0,-1.0,3.0,0.0,1.0,-1.0,0.0,1.0,-1.0,66.7,0.0,25.0,50.0,D
2013-05-18,2013,Urawa Reds,Sagan Tosu,6,2,H,O,1.59,3.77,5.33,6,3.0,1.0,1.0,1.0,7.0,8.0,-1.0,3.0,8.0,-5.0,4.0,0.0,4.0,2.0,1.0,1.0,0.0,1.0,-1.0,80.0,20.0,20.0,20.0,
2013-05-18,2013,Sanfrecce Hiroshima,Kofu,5,1,H,O,1.82,3.41,4.09,6,2.0,1.0,1.0,0.0,4.0,3.0,1.0,3.0,2.0,1.0,1.0,1.0,0.0,1.0,0.0,1.0,1.0,0.0,1.0,40.0,40.0,16.7,0.0,
2013-05-18,2013,Omiya Ardija,Shonan Bellmare,2,1,H,O,1.49,4.03,6.27,6,3.0,0.0,0.0,4.0,7.0,0.0,7.0,3.0,9.0,-6.0,4.0,-9.0,13.0,1.0,0.0,1.0,0.0,3.0,-3.0,60.0,0.0,0.0,100.0,
2013-05-18,2013,Kashiwa Reysol,Cerezo Osaka,1,3,A,O,2.03,3.36,3.35,6,2.0,1.0,1.0,1.0,8.0,6.0,2.0,9.0,4.0,5.0,-1.0,2.0,-3.0,1.0,1.0,0.0,1.0,0.0,1.0,60.0,20.0,40.0,20.0,
2013-05-18,2013,Kashima Antlers,Nagoya Grampus,3,1,H,O,2.03,3.31,3.4,5,3.0,1.0,0.0,2.0,5.0,6.0,-1.0,2.0,8.0,-6.0,3.0,-2.0,5.0,0.0,0.0,0.0,0.0,1.0,-1.0,75.0,0.0,20.0,60.0,
2013-05-18,2013,Iwata,Kawasaki Frontale,2,4,A,O,2.44,3.3,2.68,6,1.0,1.0,2.0,2.0,7.0,4.0,3.0,6.0,6.0,0.0,1.0,-2.0,3.0,1.0,0.0,1.0,1.0,1.0,0.0,20.0,60.0,16.7,66.7,
2013-05-18,2013,FC Tokyo,Shimizu S-Pulse,2,0,H,U,1.69,3.58,4.77,6,2.0,3.0,1.0,0.0,7.0,5.0,2.0,4.0,1.0,3.0,3.0,4.0,-1.0,2.0,1.0,1.0,0.0,0.0,0.0,60.0,20.0,60.0,0.0,
2013-05-18,2013,Albirex Niigata,Oita Trinita,2,3,A,O,1.58,3.63,5.56,6,1.0,0.0,2.0,3.0,4.0,2.0,2.0,6.0,6.0,0.0,-2.0,-4.0,2.0,0.0,0.0,0.0,1.0,1.0,0.0,20.0,60.0,0.0,60.0,
2013-05-11,2013,Vegalta Sendai,Omiya Ardija,2,1,H,O,2.51,3.15,2.77,6,2.0,4.0,1.0,0.0,5.0,9.0,-4.0,4.0,1.0,3.0,1.0,8.0,-7.0,0.0,2.0,-2.0,0.0,0.0,0.0,40.0,20.0,100.0,0.0,
2013-05-11,2013,Urawa Reds,Kashima Antlers,3,1,H,O,2.16,3.27,3.19,5,3.0,2.0,1.0,1.0,5.0,8.0,-3.0,2.0,8.0,-6.0,3.0,0.0,3.0,1.0,0.0,1.0,0.0,1.0,-1.0,75.0,25.0,33.3,16.7,
2013-05-11,2013,Shonan Bellmare,FC Tokyo,3,2,H,O,5.57,3.84,1.56,6,1.0,1.0,1.0,3.0,4.0,6.0,-2.0,6.0,8.0,-2.0,-2.0,-2.0,0.0,0.0,0.0,0.0,1.0,0.0,1.0,20.0,20.0,40.0,60.0,
2013-05-11,2013,Sanfrecce Hiroshima,Oita Trinita,1,0,H,U,1.37,4.52,7.88,5,1.0,0.0,2.0,2.0,4.0,3.0,1.0,5.0,6.0,-1.0,-1.0,-3.0,2.0,1.0,0.0,1.0,1.0,1.0,0.0,25.0,50.0,0.0,50.0,
2013-05-11,2013,Sagan Tosu,Albirex Niigata,1,3,A,O,2.24,3.18,3.11,6,1.0,2.0,3.0,1.0,7.0,4.0,3.0,11.0,4.0,7.0,-4.0,0.0,-4.0,0.0,0.0,0.0,1.0,1.0,0.0,20.0,60.0,40.0,40.0,
2013-05-11,2013,Nagoya Grampus,Yokohama F. Marinos,1,2,A,O,2.88,3.19,2.39,6,2.0,2.0,1.0,2.0,5.0,9.0,-4.0,3.0,4.0,-1.0,2.0,5.0,-3.0,2.0,2.0,0.0,1.0,0.0,1.0,40.0,20.0,50.0,50.0,
2013-05-11,2013,Kofu,Shimizu S-Pulse,0,2,A,U,2.3,3.19,3.0,5,2.0,2.0,2.0,0.0,6.0,5.0,1.0,5.0,3.0,2.0,1.0,2.0,-1.0,1.0,0.0,1.0,0.0,0.0,0.0,50.0,50.0,50.0,0.0,
2013-05-11,2013,Kawasaki Frontale,Cerezo Osaka,2,2,D,O,2.11,3.38,3.21,5,2.0,2.0,0.0,1.0,8.0,6.0,2.0,5.0,3.0,2.0,3.0,3.0,0.0,1.0,1.0,0.0,0.0,0.0,0.0,50.0,0.0,50.0,25.0,
2013-05-11,2013,Iwata,Kashiwa Reysol,0,1,A,U,2.26,3.37,2.92,5,1.0,1.0,2.0,3.0,7.0,5.0,2.0,6.0,8.0,-2.0,1.0,-3.0,4.0,1.0,1.0,0.0,1.0,2.0,-1.0,25.0,50.0,25.0,75.0,
2013-05-06,2013,Shimizu S-Pulse,Kawasaki Frontale,1,2,A,O,2.74,3.25,2.41,6,1.0,0.0,2.0,3.0,3.0,6.0,-3.0,7.0,10.0,-3.0,-4.0,-4.0,0.0,0.0,0.0,0.0,1.0,1.0,0.0,20.0,60.0,0.0,80.0,
2013-05-06,2013,Omiya Ardija,Sanfrecce Hiroshima,2,1,H,O,2.39,3.18,2.91,5,2.0,3.0,0.0,0.0,7.0,9.0,-2.0,4.0,2.0,2.0,3.0,7.0,-4.0,1.0,2.0,-1.0,0.0,0.0,0.0,50.0,0.0,75.0,0.0,
2013-05-06,2013,Oita Trinita,Sagan Tosu,2,4,A,O,3.92,3.45,1.87,6,0.0,0.0,3.0,1.0,4.0,5.0,-1.0,8.0,7.0,1.0,-4.0,-2.0,-2.0,0.0,0.0,0.0,1.0,1.0,0.0,0.0,80.0,0.0,25.0,
2013-05-06,2013,Nagoya Grampus,Vegalta Sendai,0,2,A,U,2.19,3.28,3.11,5,2.0,,0.0,,6.0,,,2.0,,,4.0,,,2.0,,,0.0,,,50.0,0.0,0.0,66.7,
2013-05-06,2013,Kashiwa Reysol,Yokohama F. Marinos,2,1,H,O,2.82,3.26,2.38,5,2.0,,1.0,,9.0,,,9.0,,,0.0,,,2.0,,,1.0,,,50.0,25.0,66.7,33.3,
2013-05-06,2013,Kashima Antlers,Shonan Bellmare,1,0,H,U,1.35,4.62,8.07,4,,0.0,,4.0,,2.0,,,12.0,,,-10.0,,,0.0,,,4.0,,66.7,0.0,0.0,100.0,
2013-05-06,2013,FC Tokyo,Iwata,2,2,D,O,1.86,3.47,3.95,5,3.0,0.0,1.0,4.0,8.0,3.0,5.0,2.0,7.0,-5.0,6.0,-4.0,10.0,3.0,0.0,3.0,0.0,0.0,0.0,75.0,25.0,0.0,80.0,
2013-05-06,2013,Cerezo Osaka,Urawa Reds,2,2,D,O,2.98,3.31,2.25,6,1.0,2.0,1.0,1.0,3.0,6.0,-3.0,3.0,4.0,-1.0,0.0,2.0,-2.0,0.0,1.0,-1.0,0.0,0.0,0.0,40.0,20.0,50.0,25.0,
2013-05-06,2013,Albirex Niigata,Kofu,1,1,D,U,2.21,3.19,3.19,5,1.0,1.0,3.0,0.0,4.0,3.0,1.0,7.0,2.0,5.0,-3.0,1.0,-4.0,0.0,0.0,0.0,1.0,0.0,1.0,25.0,75.0,20.0,0.0,
2013-05-03,2013,Yokohama F. Marinos,Kashima Antlers,1,1,D,U,2.24,3.26,3.03,6,3.0,2.0,0.0,1.0,8.0,7.0,1.0,5.0,7.0,-2.0,3.0,0.0,3.0,0.0,0.0,0.0,0.0,1.0,-1.0,80.0,0.0,40.0,20.0,
2013-05-03,2013,Shonan Bellmare,Cerezo Osaka,0,3,A,O,3.44,3.31,2.04,5,1.0,,0.0,,5.0,,,4.0,,,1.0,,,0.0,,,0.0,,,25.0,0.0,33.3,33.3,
2013-05-03,2013,Shimizu S-Pulse,Albirex Niigata,1,2,A,O,2.42,3.16,2.82,5,1.0,1.0,2.0,2.0,2.0,2.0,0.0,10.0,4.0,6.0,-8.0,-2.0,-6.0,0.0,0.0,0.0,2.0,1.0,1.0,25.0,50.0,25.0,50.0,
2013-05-03,2013,Sagan Tosu,FC Tokyo,2,3,A,O,3.09,3.22,2.24,5,1.0,1.0,2.0,3.0,6.0,5.0,1.0,9.0,7.0,2.0,-3.0,-2.0,-1.0,0.0,0.0,0.0,1.0,0.0,1.0,25.0,50.0,25.0,75.0,
2013-05-03,2013,Oita Trinita,Omiya Ardija,0,2,A,U,4.22,3.44,1.81,5,0.0,4.0,3.0,0.0,5.0,8.0,-3.0,8.0,1.0,7.0,-3.0,7.0,-10.0,0.0,1.0,-1.0,0.0,0.0,0.0,0.0,75.0,100.0,0.0,
2013-05-03,2013,Kofu,Iwata,2,1,H,O,2.75,3.24,2.43,4,,0.0,,3.0,,3.0,,,6.0,,,-3.0,,,0.0,,,0.0,,33.3,66.7,0.0,75.0,
2013-05-03,2013,Kawasaki Frontale,Nagoya Grampus,2,1,H,O,2.25,3.34,2.96,4,,1.0,,2.0,,5.0,,,7.0,,,-2.0,,,0.0,,,1.0,,33.3,0.0,25.0,50.0,
2013-04-28,2013,Vegalta Sendai,Sagan Tosu,1,1,D,U,2.06,3.34,3.33,5,2.0,,1.0,,5.0,,,4.0,,,1.0,,,0.0,,,0.0,,,50.0,25.0,0.0,33.3,
2013-04-27,2013,Yokohama F. Marinos,Kofu,1,1,D,U,1.63,3.69,5.12,5,4.0,1.0,0.0,0.0,11.0,3.0,8.0,6.0,2.0,4.0,5.0,1.0,4.0,1.0,0.0,1.0,0.0,0.0,0.0,100.0,0.0,25.0,0.0,
2013-04-27,2013,Urawa Reds,Shimizu S-Pulse,0,1,A,U,1.67,3.63,4.78,4,,,,,,,,,,,,,,,,,,,,100.0,0.0,33.3,0.0,
2013-04-27,2013,Nagoya Grampus,Sanfrecce Hiroshima,1,1,D,U,2.41,3.28,2.74,4,,,,,,,,,,,,,,,,,,,,66.7,0.0,100.0,0.0,
2013-04-27,2013,Iwata,Shonan Bellmare,4,0,H,O,1.54,3.94,5.64,4,,,,,,,,,,,,,,,,,,,,0.0,66.7,0.0,100.0,
2013-04-27,2013,FC Tokyo,Kawasaki Frontale,2,0,H,U,2.08,3.39,3.25,4,,0.0,,3.0,,7.0,,,11.0,,,-4.0,,,0.0,,,1.0,,66.7,33.3,0.0,75.0,
2013-04-27,2013,Cerezo Osaka,Oita Trinita,0,0,D,U,1.55,3.86,5.65,5,2.0,,1.0,,4.0,,,3.0,,,1.0,,,0.0,,,0.0,,,50.0,25.0,0.0,66.7,D
2013-04-27,2013,Albirex Niigata,Kashima Antlers,2,3,A,O,2.85,3.14,2.41,4,,1.0,,1.0,,5.0,,,6.0,,,-1.0,,,0.0,,,1.0,,33.3,66.7,25.0,25.0,
2013-04-26,2013,Kashiwa Reysol,Omiya Ardija,0,4,A,O,2.11,3.42,3.2,4,,,,,,,,,,,,,,,,,,,,66.7,0.0,100.0,0.0,
2013-04-20,2013,Shonan Bellmare,Oita Trinita,2,1,H,O,2.11,3.32,3.28,4,,,,,,,,,,,,,,,,,,,,0.0,0.0,0.0,50.0,
2013-04-20,2013,Shimizu S-Pulse,Cerezo Osaka,1,1,D,U,2.62,3.24,2.56,4,,,,,,,,,,,,,,,,,,,,33.3,66.7,50.0,50.0,
2013-04-20,2013,Sagan Tosu,Kashiwa Reysol,0,3,A,O,2.53,3.35,2.57,4,,,,,,,,,,,,,,,,,,,,33.3,33.3,0.0,100.0,
2013-04-20,2013,Omiya Ardija,Urawa Reds,1,0,H,U,3.18,3.33,2.12,4,,,,,,,,,,,,,,,,,,,,33.3,0.0,66.7,0.0,
2013-04-20,2013,Kawasaki Frontale,Vegalta Sendai,4,2,H,O,2.19,3.34,3.07,3,,,,,,,,,,,,,,,,,,,,0.0,0.0,0.0,50.0,
2013-04-20,2013,Kashima Antlers,Kofu,0,0,D,U,1.68,3.67,4.72,3,,,,,,,,,,,,,,,,,,,,100.0,0.0,33.3,0.0,D
2013-04-20,2013,Iwata,Sanfrecce Hiroshima,0,2,A,U,2.43,3.3,2.72,3,,,,,,,,,,,,,,,,,,,,0.0,50.0,100.0,0.0,
2013-04-20,2013,FC Tokyo,Nagoya Grampus,3,1,H,O,2.11,3.32,3.24,3,,,,,,,,,,,,,,,,,,,,50.0,50.0,33.3,33.3,
2013-04-20,2013,Albirex Niigata,Yokohama F. Marinos,1,0,H,U,3.17,3.2,2.18,3,,,,,,,,,,,,,,,,,,,,0.0,100.0,100.0,0.0,
2013-04-14,2013,Urawa Reds,Shonan Bellmare,2,0,H,U,1.44,4.24,6.74,3,,,,,,,,,,,,,,,,,,,,100.0,0.0,0.0,100.0,
2013-04-14,2013,Sanfrecce Hiroshima,Sagan Tosu,2,0,H,U,1.94,3.46,3.61,4,,,,,,,,,,,,,,,,,,,,0.0,66.7,0.0,0.0,
2013-04-13,2013,Yokohama F. Marinos,Kawasaki Frontale,2,1,H,O,1.92,3.48,3.66,4,,,,,,,,,,,,,,,,,,,,100.0,0.0,0.0,66.7,
2013-04-13,2013,Vegalta Sendai,FC Tokyo,2,1,H,O,2.64,3.24,2.53,4,,,,,,,,,,,,,,,,,,,,33.3,33.3,33.3,66.7,
2013-04-13,2013,Shimizu S-Pulse,Iwata,1,0,H,U,2.76,3.24,2.44,3,,,,,,,,,,,,,,,,,,,,0.0,100.0,0.0,66.7,
2013-04-13,2013,Oita Trinita,Kashima Antlers,2,3,A,O,4.94,3.7,1.64,4,,,,,,,,,,,,,,,,,,,,0.0,66.7,0.0,33.3,
2013-04-13,2013,Nagoya Grampus,Albirex Niigata,2,0,H,U,2.31,3.23,2.94,3,,,,,,,,,,,,,,,,,,,,50.0,0.0,33.3,33.3,
2013-04-13,2013,Kofu,Kashiwa Reysol,3,1,H,O,3.12,3.35,2.16,3,,,,,,,,,,,,,,,,,,,,0.0,100.0,0.0,100.0,
2013-04-13,2013,Cerezo Osaka,Omiya Ardija,1,2,A,O,2.21,3.31,3.06,4,,,,,,,,,,,,,,,,,,,,66.7,0.0,100.0,0.0,
2013-04-06,2013,Vegalta Sendai,Albirex Niigata,0,1,A,U,2.18,3.21,3.31,3,,,,,,,,,,,,,,,,,,,,50.0,0.0,0.0,50.0,
2013-04-06,2013,Urawa Reds,Iwata,2,1,H,O,1.98,3.35,3.59,2,,,,,,,,,,,,,,,,,,,,100.0,0.0,0.0,50.0,
2013-04-06,2013,Shonan Bellmare,Kawasaki Frontale,1,1,D,U,3.57,3.39,1.98,3,,,,,,,,,,,,,,,,,,,,0.0,0.0,0.0,100.0,
2013-04-06,2013,Sanfrecce Hiroshima,Yokohama F. Marinos,1,3,A,O,2.4,3.22,2.82,3,,,,,,,,,,,,,,,,,,,,0.0,50.0,100.0,0.0,
2013-04-06,2013,Sagan Tosu,Shimizu S-Pulse,0,1,A,U,1.99,3.34,3.56,3,,,,,,,,,,,,,,,,,,,,50.0,0.0,0.0,0.0,
2013-04-06,2013,Oita Trinita,Kofu,0,1,A,U,2.89,3.21,2.36,3,,,,,,,,,,,,,,,,,,,,0.0,50.0,0.0,0.0,
2013-04-06,2013,Kashiwa Reysol,Nagoya Grampus,3,3,D,O,2.04,3.34,3.41,3,,,,,,,,,,,,,,,,,,,,100.0,0.0,50.0,50.0,
2013-04-06,2013,Kashima Antlers,Cerezo Osaka,1,0,H,U,1.97,3.38,3.6,2,,,,,,,,,,,,,,,,,,,,100.0,0.0,100.0,0.0,
2013-04-06,2013,FC Tokyo,Omiya Ardija,0,1,A,U,1.89,3.42,3.85,2,,,,,,,,,,,,,,,,,,,,100.0,0.0,100.0,0.0,
2013-03-30,2013,Yokohama F. Marinos,FC Tokyo,3,2,H,O,2.26,3.23,3.03,3,,,,,,,,,,,,,,,,,,,,100.0,0.0,50.0,50.0,
2013-03-30,2013,Shimizu S-Pulse,Sanfrecce Hiroshima,0,4,A,O,2.85,3.23,2.36,2,,,,,,,,,,,,,,,,,,,,0.0,100.0,100.0,0.0,
2013-03-30,2013,Omiya Ardija,Kashima Antlers,3,1,H,O,3.31,3.23,2.12,3,,,,,,,,,,,,,,,,,,,,0.0,0.0,0.0,0.0,
2013-03-30,2013,Nagoya Grampus,Shonan Bellmare,2,0,H,U,1.65,3.67,4.88,2,,,,,,,,,,,,,,,,,,,,0.0,0.0,0.0,100.0,
2013-03-30,2013,Kawasaki Frontale,Kofu,1,1,D,U,1.78,3.6,4.12,2,,,,,,,,,,,,,,,,,,,,0.0,0.0,0.0,0.0,
2013-03-30,2013,Kashiwa Reysol,Oita Trinita,3,1,H,O,1.4,4.41,7.31,2,,,,,,,,,,,,,,,,,,,,100.0,0.0,0.0,0.0,
2013-03-30,2013,Iwata,Sagan Tosu,3,3,D,O,2.01,3.42,3.45,2,,,,,,,,,,,,,,,,,,,,0.0,100.0,0.0,0.0,
2013-03-30,2013,Cerezo Osaka,Vegalta Sendai,1,1,D,U,2.46,3.22,2.73,3,,,,,,,,,,,,,,,,,,,,100.0,0.0,0.0,100.0,
2013-03-30,2013,Albirex Niigata,Urawa Reds,0,2,A,U,2.97,3.21,2.3,2,,,,,,,,,,,,,,,,,,,,0.0,100.0,50.0,0.0,
2013-03-17,2013,Sanfrecce Hiroshima,Kashima Antlers,0,0,D,U,2.43,3.2,2.75,2,,,,,,,,,,,,,,,,,,,,0.0,100.0,0.0,0.0,D
2013-03-16,2013,Yokohama F. Marinos,Iwata,2,1,H,O,1.79,3.44,4.33,2,,,,,,,,,,,,,,,,,,,,100.0,0.0,0.0,0.0,
2013-03-16,2013,Vegalta Sendai,Kashiwa Reysol,2,1,H,O,2.49,3.26,2.67,2,,,,,,,,,,,,,,,,,,,,0.0,0.0,0.0,100.0,
2013-03-16,2013,Shonan Bellmare,Shimizu S-Pulse,1,1,D,U,3.03,3.22,2.27,2,,,,,,,,,,,,,,,,,,,,0.0,0.0,0.0,0.0,
2013-03-16,2013,Sagan Tosu,Kawasaki Frontale,5,4,H,O,2.46,3.27,2.71,2,,,,,,,,,,,,,,,,,,,,0.0,0.0,0.0,100.0,
2013-03-16,2013,Omiya Ardija,Albirex Niigata,1,1,D,U,2.44,3.18,2.79,2,,,,,,,,,,,,,,,,,,,,0.0,0.0,0.0,100.0,
2013-03-16,2013,Oita Trinita,Urawa Reds,2,2,D,O,4.54,3.54,1.73,2,,,,,,,,,,,,,,,,,,,,0.0,100.0,100.0,0.0,
2013-03-16,2013,Kofu,Nagoya Grampus,0,1,A,U,2.96,3.25,2.29,2,,,,,,,,,,,,,,,,,,,,0.0,100.0,0.0,100.0,D
2013-03-16,2013,Cerezo Osaka,FC Tokyo,1,0,H,U,2.72,3.27,2.45,2,,,,,,,,,,,,,,,,,,,,100.0,0.0,100.0,0.0,
2013-03-09,2013,Urawa Reds,Nagoya Grampus,1,0,H,U,2.09,3.31,3.3,1,,,,,,,,,,,,,,,,,,,,,,,,
2013-03-09,2013,Shonan Bellmare,Sagan Tosu,1,1,D,U,3.07,3.25,2.23,1,,,,,,,,,,,,,,,,,,,,,,,,
2013-03-09,2013,Shimizu S-Pulse,Yokohama F. Marinos,0,5,A,O,2.83,3.18,2.41,1,,,,,,,,,,,,,,,,,,,,,,,,
2013-03-09,2013,Kofu,Cerezo Osaka,1,2,A,O,2.56,3.21,2.6,1,,,,,,,,,,,,,,,,,,,,,,,,
2013-03-09,2013,Kawasaki Frontale,Oita Trinita,1,1,D,U,1.59,3.84,5.36,1,,,,,,,,,,,,,,,,,,,,,,,,
2013-03-09,2013,Kashima Antlers,Vegalta Sendai,3,2,H,O,2.03,3.3,3.49,1,,,,,,,,,,,,,,,,,,,,,,,,
2013-03-09,2013,Iwata,Omiya Ardija,0,1,A,U,1.94,3.39,3.68,1,,,,,,,,,,,,,,,,,,,,,,,,
2013-03-09,2013,FC Tokyo,Kashiwa Reysol,3,0,H,O,2.58,3.26,2.58,1,,,,,,,,,,,,,,,,,,,,,,,,
2013-03-09,2013,Albirex Niigata,Sanfrecce Hiroshima,1,2,A,O,2.82,3.2,2.41,1,,,,,,,,,,,,,,,,,,,,,,,,
2013-03-03,2013,Kashiwa Reysol,Kawasaki Frontale,3,1,H,O,2.05,3.4,3.31,1,,,,,,,,,,,,,,,,,,,,,,,,
2013-03-02,2013,Yokohama F. Marinos,Shonan Bellmare,4,2,H,O,1.57,3.82,5.48,1,,,,,,,,,,,,,,,,,,,,,,,,
2013-03-02,2013,Vegalta Sendai,Kofu,1,1,D,U,1.71,3.55,4.63,1,,,,,,,,,,,,,,,,,,,,,,,,
2013-03-02,2013,Sanfrecce Hiroshima,Urawa Reds,1,2,A,O,2.02,3.33,3.47,1,,,,,,,,,,,,,,,,,,,,,,,,
2013-03-02,2013,Sagan Tosu,Kashima Antlers,1,1,D,U,2.83,3.25,2.39,1,,,,,,,,,,,,,,,,,,,,,,,,
2013-03-02,2013,Omiya Ardija,Shimizu S-Pulse,2,2,D,O,2.59,3.15,2.62,1,,,,,,,,,,,,,,,,,,,,,,,,
2013-03-02,2013,Oita Trinita,FC Tokyo,1,2,A,O,3.33,3.31,2.09,1,,,,,,,,,,,,,,,,,,,,,,,,
2013-03-02,2013,Nagoya Grampus,Iwata,1,1,D,U,2.11,3.31,3.3,1,,,,,,,,,,,,,,,,,,,,,,,,
2013-03-02,2013,Cerezo Osaka,Albirex Niigata,1,0,H,U,2.12,3.27,3.29,1,,,,,,,,,,,,,,,,,,,,,,,,
2012-12-01,2012,Yokohama F. Marinos,Sagan Tosu,1,0,H,U,2.15,3.37,3.1,17,1.0,2.0,2.0,2.0,6.0,8.0,-2.0,4.0,9.0,-5.0,2.0,-1.0,3.0,1.0,1.0,0.0,0.0,1.0,-1.0,37.5,18.8,25.0,43.8,
2012-12-01,2012,Vissel Kobe,Sanfrecce Hiroshima,0,1,A,U,2.22,3.4,2.95,17,0.0,1.0,3.0,1.0,7.0,3.0,4.0,10.0,4.0,6.0,-3.0,-1.0,-2.0,0.0,0.0,0.0,0.0,1.0,-1.0,31.2,50.0,50.0,18.8,
2012-12-01,2012,Urawa Reds,Nagoya Grampus,2,0,H,U,2.19,3.39,3.01,17,1.0,3.0,2.0,1.0,3.0,7.0,-4.0,7.0,6.0,1.0,-4.0,1.0,-5.0,1.0,3.0,-2.0,1.0,1.0,0.0,43.8,18.8,43.8,31.2,
2012-12-01,2012,Shimizu S-Pulse,Omiya Ardija,0,0,D,U,2.04,3.42,3.3,17,1.0,3.0,2.0,0.0,5.0,12.0,-7.0,6.0,2.0,4.0,-1.0,10.0,-11.0,1.0,3.0,-2.0,1.0,0.0,1.0,37.5,25.0,31.2,37.5,D
2012-12-01,2012,Kashima Antlers,Kashiwa Reysol,2,0,H,U,2.87,3.44,2.25,17,1.0,2.0,2.0,2.0,10.0,5.0,5.0,8.0,6.0,2.0,2.0,-1.0,3.0,1.0,0.0,1.0,0.0,1.0,-1.0,43.8,37.5,56.2,31.2,
2012-12-01,2012,Iwata,Gamba Osaka,2,1,H,O,4.21,3.93,1.69,17,0.0,2.0,2.0,1.0,1.0,9.0,-8.0,4.0,7.0,-3.0,-3.0,2.0,-5.0,0.0,1.0,-1.0,1.0,0.0,1.0,50.0,18.8,31.2,43.8,
2012-12-01,2012,FC Tokyo,Vegalta Sendai,6,2,H,O,2.47,3.35,2.62,17,2.0,0.0,2.0,2.0,8.0,6.0,2.0,4.0,9.0,-5.0,4.0,-3.0,7.0,1.0,0.0,1.0,0.0,1.0,-1.0,43.8,50.0,37.5,25.0,
2012-12-01,2012,Cerezo Osaka,Kawasaki Frontale,2,2,D,O,2.08,3.44,3.21,17,2.0,2.0,1.0,1.0,8.0,6.0,2.0,8.0,5.0,3.0,0.0,1.0,-1.0,0.0,0.0,0.0,1.0,0.0,1.0,37.5,50.0,43.8,25.0,
2012-12-01,2012,Albirex Niigata,Hokkaido Consadole Sapporo,4,1,H,O,1.25,5.46,9.85,17,1.0,1.0,2.0,3.0,5.0,2.0,3.0,3.0,10.0,-7.0,2.0,-8.0,10.0,1.0,0.0,1.0,1.0,2.0,-1.0,12.5,50.0,6.2,93.8,
2012-11-24,2012,Vegalta Sendai,Albirex Niigata,0,1,A,U,1.57,3.84,5.37,17,3.0,1.0,0.0,0.0,8.0,3.0,5.0,5.0,2.0,3.0,3.0,1.0,2.0,0.0,0.0,0.0,0.0,0.0,0.0,56.2,6.2,37.5,37.5,
2012-11-24,2012,Sanfrecce Hiroshima,Cerezo Osaka,4,1,H,O,1.64,3.79,4.83,17,3.0,2.0,1.0,0.0,10.0,5.0,5.0,4.0,3.0,1.0,6.0,2.0,4.0,2.0,0.0,2.0,0.0,0.0,0.0,56.2,31.2,31.2,31.2,
2012-11-24,2012,Sagan Tosu,Urawa Reds,3,1,H,O,2.67,3.28,2.48,17,3.0,2.0,1.0,2.0,11.0,8.0,3.0,7.0,9.0,-2.0,4.0,-1.0,5.0,2.0,0.0,2.0,1.0,1.0,0.0,62.5,18.8,43.8,31.2,
2012-11-24,2012,Omiya Ardija,Iwata,2,0,H,U,2.19,3.32,3.05,17,1.0,1.0,0.0,3.0,2.0,5.0,-3.0,1.0,10.0,-9.0,1.0,-5.0,6.0,0.0,0.0,0.0,0.0,1.0,-1.0,31.2,37.5,25.0,62.5,
2012-11-24,2012,Nagoya Grampus,Kashima Antlers,1,2,A,O,2.3,3.3,2.92,17,1.0,0.0,1.0,0.0,3.0,4.0,-1.0,3.0,4.0,-1.0,0.0,0.0,0.0,0.0,0.0,0.0,0.0,0.0,0.0,50.0,31.2,18.8,37.5,
2012-11-24,2012,Kawasaki Frontale,Shimizu S-Pulse,2,1,H,O,2.39,3.3,2.76,17,2.0,3.0,1.0,1.0,9.0,7.0,2.0,7.0,4.0,3.0,2.0,3.0,-1.0,1.0,1.0,0.0,0.0,0.0,0.0,37.5,50.0,50.0,50.0,
2012-11-24,2012,Kashiwa Reysol,Vissel Kobe,1,0,H,U,2.06,3.48,3.22,17,1.0,1.0,2.0,1.0,5.0,3.0,2.0,8.0,3.0,5.0,-3.0,0.0,-3.0,0.0,0.0,0.0,1.0,0.0,1.0,31.2,37.5,37.5,43.8,
2012-11-24,2012,Hokkaido Consadole Sapporo,Yokohama F. Marinos,0,2,A,U,5.65,3.91,1.54,17,0.0,2.0,3.0,0.0,2.0,5.0,-3.0,10.0,3.0,7.0,-8.0,2.0,-10.0,0.0,0.0,0.0,2.0,0.0,2.0,18.8,68.8,31.2,25.0,
2012-11-24,2012,Gamba Osaka,FC Tokyo,2,2,D,O,1.44,4.5,6.07,17,1.0,0.0,0.0,2.0,11.0,3.0,8.0,6.0,8.0,-2.0,5.0,-5.0,10.0,1.0,0.0,1.0,0.0,1.0,-1.0,25.0,37.5,37.5,37.5,
2012-11-17,2012,Yokohama F. Marinos,Kashiwa Reysol,1,2,A,O,2.21,3.34,3.0,16,1.0,1.0,1.0,2.0,7.0,3.0,4.0,4.0,5.0,-1.0,3.0,-2.0,5.0,1.0,0.0,1.0,0.0,1.0,-1.0,40.0,13.3,53.3,33.3,
2012-11-17,2012,Urawa Reds,Sanfrecce Hiroshima,2,0,H,U,2.72,3.26,2.45,16,0.0,1.0,2.0,0.0,2.0,4.0,-2.0,8.0,3.0,5.0,-6.0,1.0,-7.0,0.0,0.0,0.0,1.0,0.0,1.0,40.0,20.0,53.3,13.3,
2012-11-17,2012,Shimizu S-Pulse,Gamba Osaka,1,3,A,O,3.04,3.47,2.13,16,1.0,2.0,1.0,1.0,5.0,11.0,-6.0,4.0,6.0,-2.0,1.0,5.0,-4.0,1.0,1.0,0.0,0.0,0.0,0.0,40.0,20.0,26.7,46.7,
2012-11-17,2012,Kashima Antlers,Vegalta Sendai,3,3,D,O,2.58,3.2,2.61,16,2.0,1.0,2.0,2.0,8.0,6.0,2.0,5.0,7.0,-2.0,3.0,-1.0,4.0,1.0,1.0,0.0,0.0,1.0,-1.0,46.7,40.0,40.0,26.7,
2012-11-17,2012,Iwata,Nagoya Grampus,0,2,A,U,2.84,3.35,2.31,16,0.0,3.0,1.0,1.0,2.0,6.0,-4.0,3.0,6.0,-3.0,-1.0,0.0,-1.0,0.0,2.0,-2.0,0.0,1.0,-1.0,53.3,13.3,40.0,33.3,
2012-11-17,2012,Hokkaido Consadole Sapporo,Sagan Tosu,2,3,A,O,4.95,3.71,1.63,16,0.0,1.0,3.0,3.0,2.0,5.0,-3.0,11.0,8.0,3.0,-9.0,-3.0,-6.0,0.0,1.0,-1.0,3.0,1.0,2.0,20.0,66.7,20.0,46.7,
2012-11-17,2012,FC Tokyo,Vissel Kobe,0,1,A,U,2.14,3.34,3.16,16,3.0,0.0,1.0,2.0,11.0,2.0,9.0,4.0,4.0,0.0,7.0,-2.0,9.0,2.0,0.0,2.0,0.0,0.0,0.0,46.7,46.7,33.3,46.7,
2012-11-17,2012,Cerezo Osaka,Omiya Ardija,1,3,A,O,2.02,3.32,3.43,16,2.0,2.0,1.0,0.0,7.0,10.0,-3.0,7.0,2.0,5.0,0.0,8.0,-8.0,0.0,2.0,-2.0,1.0,0.0,1.0,40.0,46.7,26.7,40.0,
2012-11-17,2012,Albirex Niigata,Kawasaki Frontale,0,1,A,U,2.13,3.29,3.23,16,1.0,1.0,2.0,2.0,5.0,6.0,-1.0,3.0,7.0,-4.0,2.0,-1.0,3.0,1.0,0.0,1.0,1.0,0.0,1.0,13.3,46.7,40.0,26.7,
2012-11-07,2012,Vissel Kobe,Yokohama F. Marinos,1,2,A,O,2.89,3.23,2.35,16,0.0,1.0,2.0,1.0,6.0,4.0,2.0,8.0,5.0,3.0,-2.0,-1.0,-1.0,0.0,0.0,0.0,0.0,1.0,-1.0,33.3,46.7,26.7,26.7,
2012-11-07,2012,Vegalta Sendai,Cerezo Osaka,1,1,D,U,1.72,3.61,4.45,16,4.0,2.0,0.0,1.0,9.0,7.0,2.0,5.0,6.0,-1.0,4.0,1.0,3.0,0.0,0.0,0.0,0.0,0.0,0.0,60.0,6.7,33.3,33.3,
2012-11-07,2012,Shimizu S-Pulse,Albirex Niigata,0,1,A,U,2.03,3.29,3.5,15,1.0,1.0,1.0,0.0,5.0,3.0,2.0,5.0,2.0,3.0,0.0,1.0,-1.0,1.0,0.0,1.0,1.0,0.0,1.0,42.9,14.3,33.3,40.0,
2012-11-07,2012,Sanfrecce Hiroshima,Hokkaido Consadole Sapporo,3,0,H,O,1.12,7.5,15.87,16,2.0,1.0,2.0,3.0,7.0,3.0,4.0,5.0,10.0,-5.0,2.0,-7.0,9.0,1.0,0.0,1.0,0.0,2.0,-2.0,53.3,33.3,6.7,93.3,
2012-11-07,2012,Sagan Tosu,Iwata,3,2,H,O,2.44,3.34,2.66,16,2.0,2.0,2.0,2.0,8.0,6.0,2.0,6.0,7.0,-1.0,2.0,-1.0,3.0,2.0,1.0,1.0,1.0,1.0,0.0,60.0,20.0,26.7,60.0,
2012-11-07,2012,Omiya Ardija,Kashima Antlers,0,0,D,U,3.0,3.35,2.21,16,1.0,0.0,1.0,1.0,3.0,5.0,-2.0,4.0,6.0,-2.0,-1.0,-1.0,0.0,0.0,0.0,0.0,1.0,0.0,1.0,33.3,40.0,20.0,40.0,D
2012-11-07,2012,Nagoya Grampus,FC Tokyo,1,0,H,U,2.09,3.36,3.24,16,1.0,1.0,1.0,1.0,3.0,4.0,-1.0,3.0,7.0,-4.0,0.0,-3.0,3.0,0.0,0.0,0.0,0.0,1.0,-1.0,46.7,33.3,40.0,33.3,
2012-11-07,2012,Kawasaki Frontale,Urawa Reds,4,2,H,O,2.77,3.33,2.37,16,1.0,3.0,2.0,1.0,5.0,8.0,-3.0,6.0,5.0,1.0,-1.0,3.0,-4.0,0.0,1.0,-1.0,0.0,0.0,0.0,33.3,53.3,46.7,26.7,
2012-11-07,2012,Kashiwa Reysol,Gamba Osaka,2,2,D,O,2.69,3.54,2.34,16,2.0,2.0,2.0,2.0,6.0,10.0,-4.0,7.0,8.0,-1.0,-1.0,2.0,-3.0,1.0,1.0,0.0,1.0,1.0,0.0,33.3,40.0,28.6,50.0,
2012-10-27,2012,Vissel Kobe,Kawasaki Frontale,3,3,D,O,2.42,3.26,2.73,15,1.0,1.0,2.0,2.0,4.0,5.0,-1.0,5.0,6.0,-1.0,-1.0,-1.0,0.0,0.0,0.0,0.0,0.0,0.0,0.0,35.7,50.0,42.9,28.6,
2012-10-27,2012,Urawa Reds,Cerezo Osaka,0,0,D,U,1.96,3.43,3.54,15,1.0,2.0,2.0,1.0,4.0,9.0,-5.0,9.0,8.0,1.0,-5.0,1.0,-6.0,0.0,0.0,0.0,1.0,0.0,1.0,42.9,21.4,35.7,35.7,D
2012-10-27,2012,Nagoya Grampus,Yokohama F. Marinos,1,1,D,U,2.27,3.29,2.95,15,1.0,1.0,2.0,2.0,2.0,3.0,-1.0,7.0,6.0,1.0,-5.0,-3.0,-2.0,0.0,0.0,0.0,1.0,2.0,-1.0,50.0,35.7,28.6,28.6,
2012-10-27,2012,Kashiwa Reysol,Omiya Ardija,1,4,A,O,1.64,3.76,4.83,15,2.0,2.0,2.0,0.0,5.0,7.0,-2.0,6.0,1.0,5.0,-1.0,6.0,-7.0,1.0,1.0,0.0,1.0,0.0,1.0,35.7,35.7,21.4,42.9,
2012-10-27,2012,Kashima Antlers,Shimizu S-Pulse,1,2,A,O,1.9,3.43,3.76,15,2.0,3.0,2.0,1.0,7.0,6.0,1.0,4.0,3.0,1.0,3.0,3.0,0.0,1.0,1.0,0.0,0.0,0.0,0.0,50.0,35.7,46.7,53.3,
2012-10-27,2012,Iwata,Vegalta Sendai,1,1,D,U,2.64,3.27,2.49,15,1.0,1.0,1.0,3.0,5.0,6.0,-1.0,5.0,8.0,-3.0,0.0,-2.0,2.0,0.0,1.0,-1.0,0.0,1.0,-1.0,57.1,14.3,42.9,28.6,
2012-10-27,2012,Gamba Osaka,Sanfrecce Hiroshima,1,1,D,U,2.12,3.55,3.02,16,1.0,2.0,0.0,0.0,12.0,5.0,7.0,7.0,2.0,5.0,5.0,3.0,2.0,1.0,1.0,0.0,0.0,0.0,0.0,26.7,40.0,57.1,14.3,
2012-10-27,2012,FC Tokyo,Hokkaido Consadole Sapporo,5,0,H,O,1.28,5.17,9.16,15,2.0,1.0,2.0,3.0,6.0,5.0,1.0,5.0,12.0,-7.0,1.0,-7.0,8.0,1.0,0.0,1.0,0.0,2.0,-2.0,42.9,50.0,7.1,92.9,
2012-10-27,2012,Albirex Niigata,Sagan Tosu,0,2,A,U,2.09,3.3,3.31,15,1.0,0.0,2.0,3.0,5.0,3.0,2.0,3.0,8.0,-5.0,2.0,-5.0,7.0,1.0,0.0,1.0,1.0,1.0,0.0,14.3,42.9,14.3,50.0,
2012-10-20,2012,Yokohama F. Marinos,Iwata,4,0,H,O,2.08,3.29,3.35,15,1.0,2.0,1.0,2.0,6.0,7.0,-1.0,6.0,5.0,1.0,0.0,2.0,-2.0,0.0,1.0,-1.0,0.0,0.0,0.0,35.7,14.3,28.6,57.1,
2012-10-20,2012,Vegalta Sendai,Urawa Reds,3,2,H,O,2.24,3.2,3.05,15,3.0,3.0,0.0,1.0,6.0,6.0,0.0,3.0,3.0,0.0,3.0,3.0,0.0,0.0,1.0,-1.0,0.0,0.0,0.0,57.1,7.1,50.0,21.4,
2012-10-20,2012,Shimizu S-Pulse,Vissel Kobe,1,1,D,U,1.86,3.49,3.89,14,2.0,1.0,1.0,2.0,7.0,5.0,2.0,6.0,5.0,1.0,1.0,0.0,1.0,1.0,1.0,0.0,1.0,0.0,1.0,46.2,15.4,35.7,50.0,
2012-10-20,2012,Sanfrecce Hiroshima,Kashiwa Reysol,1,2,A,O,1.92,3.43,3.71,15,2.0,0.0,2.0,2.0,7.0,2.0,5.0,5.0,5.0,0.0,2.0,-3.0,5.0,1.0,0.0,1.0,0.0,1.0,-1.0,57.1,28.6,50.0,35.7,
2012-10-20,2012,Sagan Tosu,Nagoya Grampus,1,3,A,O,2.62,3.2,2.55,15,3.0,2.0,1.0,2.0,9.0,5.0,4.0,3.0,8.0,-5.0,6.0,-3.0,9.0,3.0,1.0,2.0,0.0,1.0,-1.0,64.3,14.3,35.7,35.7,
2012-10-20,2012,Omiya Ardija,Albirex Niigata,1,1,D,U,2.52,3.11,2.73,15,1.0,1.0,2.0,1.0,3.0,4.0,-1.0,5.0,4.0,1.0,-2.0,0.0,-2.0,0.0,0.0,0.0,1.0,0.0,1.0,35.7,42.9,35.7,42.9,
2012-10-20,2012,Kawasaki Frontale,Gamba Osaka,2,3,A,O,2.97,3.53,2.16,15,1.0,2.0,2.0,2.0,4.0,12.0,-8.0,5.0,6.0,-1.0,-1.0,6.0,-7.0,0.0,2.0,-2.0,0.0,1.0,-1.0,35.7,50.0,23.1,53.8,
2012-10-20,2012,Hokkaido Consadole Sapporo,Kashima Antlers,0,0,D,U,7.11,4.49,1.39,15,1.0,0.0,3.0,2.0,4.0,5.0,-1.0,12.0,8.0,4.0,-8.0,-3.0,-5.0,0.0,0.0,0.0,3.0,1.0,2.0,21.4,71.4,21.4,42.9,D
2012-10-20,2012,Cerezo Osaka,FC Tokyo,1,1,D,U,2.09,3.34,3.26,15,3.0,1.0,1.0,1.0,8.0,4.0,4.0,6.0,7.0,-1.0,2.0,-3.0,5.0,1.0,0.0,1.0,1.0,1.0,0.0,42.9,50.0,42.9,35.7,
2012-10-06,2012,Yokohama F. Marinos,Sanfrecce Hiroshima,0,0,D,U,2.8,3.19,2.42,14,2.0,3.0,1.0,0.0,9.0,7.0,2.0,6.0,3.0,3.0,3.0,4.0,-1.0,1.0,1.0,0.0,0.0,0.0,0.0,38.5,15.4,61.5,15.4,D
2012-10-06,2012,Vegalta Sendai,Gamba Osaka,2,1,H,O,2.32,3.41,2.79,14,2.0,2.0,0.0,1.0,6.0,12.0,-6.0,4.0,5.0,-1.0,2.0,7.0,-5.0,0.0,2.0,-2.0,0.0,1.0,-1.0,53.8,7.7,25.0,50.0,
2012-10-06,2012,Urawa Reds,Hokkaido Consadole Sapporo,1,2,A,O,1.16,6.6,13.66,14,1.0,0.0,1.0,4.0,5.0,3.0,2.0,9.0,15.0,-6.0,-4.0,-12.0,8.0,0.0,0.0,0.0,1.0,3.0,-2.0,46.2,15.4,0.0,100.0,
2012-10-06,2012,Nagoya Grampus,Omiya Ardija,0,0,D,U,1.73,3.57,4.49,14,2.0,2.0,2.0,1.0,7.0,8.0,-1.0,8.0,4.0,4.0,-1.0,4.0,-5.0,1.0,1.0,0.0,1.0,1.0,0.0,53.8,38.5,23.1,46.2,
2012-10-06,2012,Kashiwa Reysol,Kawasaki Frontale,1,0,H,U,2.11,3.47,3.13,14,1.0,1.0,2.0,1.0,5.0,7.0,-2.0,7.0,7.0,0.0,-2.0,0.0,-2.0,1.0,0.0,1.0,1.0,0.0,1.0,30.8,38.5,46.2,23.1,
2012-10-06,2012,Kashima Antlers,FC Tokyo,5,1,H,O,1.99,3.33,3.57,14,2.0,1.0,2.0,0.0,4.0,5.0,-1.0,4.0,4.0,0.0,0.0,1.0,-1.0,0.0,0.0,0.0,0.0,0.0,0.0,46.2,38.5,46.2,30.8,
2012-10-06,2012,Iwata,Shimizu S-Pulse,0,1,A,U,2.09,3.38,3.23,14,1.0,3.0,0.0,1.0,7.0,7.0,0.0,6.0,4.0,2.0,1.0,3.0,-2.0,0.0,1.0,-1.0,0.0,0.0,0.0,61.5,7.7,42.9,57.1,
2012-10-06,2012,Cerezo Osaka,Sagan Tosu,3,2,H,O,2.03,3.39,3.32,14,3.0,1.0,1.0,2.0,9.0,3.0,6.0,4.0,6.0,-2.0,5.0,-3.0,8.0,2.0,0.0,2.0,1.0,1.0,0.0,38.5,53.8,15.4,46.2,
2012-10-06,2012,Albirex Niigata,Vissel Kobe,0,0,D,U,2.25,3.25,3.01,14,1.0,1.0,2.0,3.0,6.0,6.0,0.0,4.0,10.0,-6.0,2.0,-4.0,6.0,1.0,1.0,0.0,1.0,1.0,0.0,15.4,46.2,38.5,53.8,D
2012-09-29,2012,Vissel Kobe,Cerezo Osaka,2,3,A,O,2.48,3.3,2.64,14,1.0,1.0,1.0,2.0,3.0,7.0,-4.0,3.0,10.0,-7.0,0.0,-3.0,3.0,0.0,0.0,0.0,0.0,1.0,-1.0,38.5,46.2,30.8,38.5,
2012-09-29,2012,Shimizu S-Pulse,Vegalta Sendai,3,1,H,O,2.83,3.16,2.41,13,1.0,1.0,2.0,2.0,7.0,5.0,2.0,10.0,5.0,5.0,-3.0,0.0,-3.0,0.0,1.0,-1.0,2.0,0.0,2.0,41.7,16.7,46.2,23.1,
2012-09-29,2012,Sanfrecce Hiroshima,Sagan Tosu,4,1,H,O,1.71,3.57,4.57,14,2.0,1.0,2.0,1.0,6.0,3.0,3.0,4.0,3.0,1.0,2.0,0.0,2.0,1.0,0.0,1.0,0.0,0.0,0.0,53.8,30.8,16.7,41.7,
2012-09-29,2012,Omiya Ardija,Yokohama F. Marinos,0,0,D,U,2.98,3.23,2.28,14,1.0,1.0,2.0,2.0,5.0,5.0,0.0,7.0,8.0,-1.0,-2.0,-3.0,1.0,0.0,0.0,0.0,1.0,2.0,-1.0,38.5,46.2,30.8,30.8,D
2012-09-29,2012,Kawasaki Frontale,Hokkaido Consadole Sapporo,1,0,H,U,1.2,6.31,11.06,14,1.0,0.0,2.0,4.0,7.0,4.0,3.0,6.0,18.0,-12.0,1.0,-14.0,15.0,1.0,0.0,1.0,0.0,4.0,-4.0,30.8,53.8,0.0,100.0,
2012-09-29,2012,Kashiwa Reysol,Urawa Reds,1,2,A,O,2.46,3.27,2.69,13,2.0,2.0,1.0,1.0,8.0,4.0,4.0,6.0,2.0,4.0,2.0,2.0,0.0,2.0,1.0,1.0,1.0,0.0,1.0,33.3,33.3,46.2,23.1,
2012-09-29,2012,Gamba Osaka,Kashima Antlers,2,2,D,O,2.01,3.46,3.39,15,2.0,1.0,0.0,2.0,13.0,4.0,9.0,6.0,6.0,0.0,7.0,-2.0,9.0,2.0,0.0,2.0,0.0,1.0,-1.0,28.6,42.9,23.1,46.2,
2012-09-29,2012,FC Tokyo,Iwata,2,1,H,O,2.52,3.26,2.63,14,1.0,2.0,3.0,2.0,4.0,6.0,-2.0,6.0,5.0,1.0,-2.0,1.0,-3.0,1.0,1.0,0.0,1.0,1.0,0.0,38.5,53.8,30.8,53.8,
2012-09-29,2012,Albirex Niigata,Nagoya Grampus,5,0,H,O,3.17,3.16,2.22,13,0.0,2.0,2.0,2.0,1.0,6.0,-5.0,4.0,5.0,-1.0,-3.0,1.0,-4.0,0.0,1.0,-1.0,1.0,0.0,1.0,8.3,50.0,38.5,30.8,
2012-09-22,2012,Vegalta Sendai,Vissel Kobe,2,1,H,O,1.69,3.58,4.72,13,1.0,1.0,0.0,2.0,5.0,7.0,-2.0,4.0,10.0,-6.0,1.0,-3.0,4.0,0.0,1.0,-1.0,0.0,1.0,-1.0,50.0,8.3,41.7,50.0,
2012-09-22,2012,Urawa Reds,Gamba Osaka,0,5,A,O,2.13,3.43,3.11,13,2.0,1.0,0.0,2.0,7.0,9.0,-2.0,4.0,8.0,-4.0,3.0,1.0,2.0,1.0,1.0,0.0,0.0,1.0,-1.0,50.0,8.3,18.2,54.5,
2012-09-22,2012,Sagan Tosu,Kashiwa Reysol,3,1,H,O,2.97,3.28,2.27,14,3.0,1.0,1.0,1.0,7.0,6.0,1.0,2.0,5.0,-3.0,5.0,1.0,4.0,2.0,1.0,1.0,0.0,0.0,0.0,61.5,15.4,53.8,30.8,
2012-09-22,2012,Nagoya Grampus,Sanfrecce Hiroshima,1,2,A,O,2.26,3.34,2.94,13,2.0,2.0,1.0,0.0,6.0,7.0,-1.0,6.0,4.0,2.0,0.0,3.0,-3.0,1.0,1.0,0.0,1.0,0.0,1.0,58.3,33.3,58.3,16.7,
2012-09-22,2012,Kashima Antlers,Yokohama F. Marinos,1,2,A,O,2.07,3.32,3.35,13,2.0,1.0,1.0,2.0,5.0,5.0,0.0,4.0,8.0,-4.0,1.0,-3.0,4.0,0.0,0.0,0.0,0.0,2.0,-2.0,50.0,33.3,25.0,33.3,
2012-09-22,2012,Iwata,Albirex Niigata,0,0,D,U,1.67,3.62,4.87,13,2.0,2.0,0.0,1.0,11.0,6.0,5.0,7.0,4.0,3.0,4.0,2.0,2.0,1.0,1.0,0.0,0.0,0.0,0.0,66.7,8.3,38.5,46.2,D
2012-09-22,2012,Hokkaido Consadole Sapporo,Omiya Ardija,0,5,A,O,3.63,3.5,1.92,14,2.0,1.0,2.0,2.0,6.0,4.0,2.0,8.0,8.0,0.0,-2.0,-4.0,2.0,0.0,0.0,0.0,2.0,2.0,0.0,23.1,69.2,16.7,50.0,
2012-09-22,2012,FC Tokyo,Kawasaki Frontale,1,2,A,O,2.16,3.32,3.12,13,2.0,0.0,2.0,2.0,6.0,5.0,1.0,6.0,9.0,-3.0,0.0,-4.0,4.0,1.0,0.0,1.0,1.0,1.0,0.0,41.7,50.0,41.7,25.0,
2012-09-22,2012,Cerezo Osaka,Shimizu S-Pulse,3,2,H,O,2.17,3.34,3.09,13,2.0,3.0,2.0,1.0,6.0,5.0,1.0,3.0,4.0,-1.0,3.0,1.0,2.0,2.0,1.0,1.0,1.0,1.0,0.0,33.3,58.3,46.2,53.8,
2012-09-15,2012,Yokohama F. Marinos,Urawa Reds,1,2,A,O,2.45,3.21,2.74,13,2.0,1.0,0.0,1.0,9.0,3.0,6.0,5.0,2.0,3.0,4.0,1.0,3.0,1.0,1.0,0.0,0.0,0.0,0.0,41.7,8.3,41.7,25.0,
2012-09-15,2012,Vissel Kobe,Iwata,1,2,A,O,2.84,3.33,2.33,13,1.0,1.0,1.0,3.0,2.0,4.0,-2.0,2.0,6.0,-4.0,0.0,-2.0,2.0,0.0,1.0,-1.0,0.0,2.0,-2.0,41.7,41.7,25.0,58.3,
2012-09-15,2012,Shimizu S-Pulse,FC Tokyo,1,1,D,U,2.35,3.18,2.91,12,1.0,1.0,2.0,1.0,6.0,4.0,2.0,9.0,4.0,5.0,-3.0,0.0,-3.0,0.0,0.0,0.0,2.0,0.0,2.0,45.5,18.2,50.0,33.3,
2012-09-15,2012,Sanfrecce Hiroshima,Vegalta Sendai,2,1,H,O,2.25,3.26,2.99,13,2.0,2.0,2.0,1.0,6.0,5.0,1.0,3.0,3.0,0.0,3.0,2.0,1.0,2.0,1.0,1.0,0.0,0.0,0.0,50.0,33.3,50.0,16.7,
2012-09-15,2012,Omiya Ardija,Sagan Tosu,1,0,H,U,2.75,3.22,2.44,13,1.0,1.0,2.0,1.0,5.0,6.0,-1.0,7.0,6.0,1.0,-2.0,0.0,-2.0,0.0,0.0,0.0,1.0,0.0,1.0,33.3,50.0,18.2,36.4,
2012-09-15,2012,Kawasaki Frontale,Kashima Antlers,2,2,D,O,2.75,3.28,2.39,13,1.0,1.0,3.0,2.0,5.0,3.0,2.0,5.0,5.0,0.0,0.0,-2.0,2.0,1.0,0.0,1.0,0.0,1.0,-1.0,33.3,58.3,25.0,50.0,
2012-09-15,2012,Kashiwa Reysol,Hokkaido Consadole Sapporo,3,1,H,O,1.19,6.34,11.64,12,1.0,0.0,2.0,4.0,6.0,3.0,3.0,7.0,16.0,-9.0,-1.0,-13.0,12.0,1.0,0.0,1.0,1.0,3.0,-2.0,27.3,36.4,0.0,100.0,
2012-09-15,2012,Gamba Osaka,Albirex Niigata,1,1,D,U,1.6,3.79,5.16,14,2.0,3.0,1.0,1.0,13.0,6.0,7.0,7.0,3.0,4.0,6.0,3.0,3.0,2.0,1.0,1.0,0.0,0.0,0.0,30.8,46.2,41.7,50.0,
2012-09-15,2012,Cerezo Osaka,Nagoya Grampus,0,2,A,U,2.62,3.31,2.49,12,2.0,2.0,1.0,2.0,7.0,6.0,1.0,2.0,6.0,-4.0,5.0,0.0,5.0,2.0,0.0,2.0,0.0,0.0,0.0,36.4,54.5,33.3,33.3,
2012-09-01,2012,Vegalta Sendai,Kawasaki Frontale,2,1,H,O,1.84,3.45,4.0,12,0.0,0.0,0.0,1.0,5.0,4.0,1.0,5.0,7.0,-2.0,0.0,-3.0,3.0,0.0,0.0,0.0,0.0,1.0,-1.0,45.5,9.1,45.5,18.2,
2012-09-01,2012,Urawa Reds,Omiya Ardija,1,1,D,U,1.54,3.79,5.94,12,3.0,1.0,0.0,3.0,10.0,3.0,7.0,6.0,8.0,-2.0,4.0,-5.0,9.0,1.0,0.0,1.0,0.0,2.0,-2.0,54.5,9.1,18.2,54.5,
2012-09-01,2012,Sagan Tosu,Gamba Osaka,4,1,H,O,2.85,3.44,2.26,13,3.0,2.0,1.0,1.0,4.0,12.0,-8.0,1.0,4.0,-3.0,3.0,8.0,-5.0,1.0,2.0,-1.0,0.0,0.0,0.0,58.3,16.7,20.0,50.0,
2012-09-01,2012,Nagoya Grampus,Kashiwa Reysol,1,0,H,U,2.42,3.36,2.69,12,2.0,2.0,1.0,0.0,7.0,12.0,-5.0,6.0,6.0,0.0,1.0,6.0,-5.0,2.0,2.0,0.0,1.0,0.0,1.0,54.5,36.4,58.3,25.0,
2012-09-01,2012,Kashima Antlers,Vissel Kobe,1,0,H,U,1.72,3.62,4.46,12,2.0,2.0,1.0,1.0,5.0,8.0,-3.0,4.0,9.0,-5.0,1.0,-1.0,2.0,0.0,1.0,-1.0,0.0,1.0,-1.0,45.5,36.4,45.5,45.5,
2012-09-01,2012,Iwata,Sanfrecce Hiroshima,1,1,D,U,2.35,3.37,2.76,12,3.0,2.0,0.0,0.0,13.0,8.0,5.0,7.0,5.0,2.0,6.0,3.0,3.0,2.0,1.0,1.0,0.0,0.0,0.0,72.7,9.1,63.6,18.2,
2012-09-01,2012,Hokkaido Consadole Sapporo,Shimizu S-Pulse,0,2,A,U,5.5,3.81,1.58,13,2.0,2.0,2.0,2.0,6.0,3.0,3.0,7.0,5.0,2.0,-1.0,-2.0,1.0,0.0,0.0,0.0,1.0,1.0,0.0,25.0,66.7,41.7,58.3,
2012-09-01,2012,FC Tokyo,Yokohama F. Marinos,3,1,H,O,2.66,3.15,2.56,12,1.0,1.0,3.0,1.0,3.0,4.0,-1.0,6.0,5.0,1.0,-3.0,-1.0,-2.0,0.0,0.0,0.0,1.0,1.0,0.0,36.4,54.5,27.3,27.3,
2012-09-01,2012,Albirex Niigata,Cerezo Osaka,0,1,A,U,2.57,3.17,2.62,12,0.0,0.0,1.0,2.0,2.0,7.0,-5.0,4.0,11.0,-7.0,-2.0,-4.0,2.0,0.0,0.0,0.0,1.0,1.0,0.0,9.1,45.5,25.0,41.7,
2012-08-25,2012,Vissel Kobe,Sagan Tosu,0,0,D,U,2.15,3.25,3.21,12,2.0,1.0,1.0,1.0,3.0,7.0,-4.0,2.0,7.0,-5.0,1.0,0.0,1.0,0.0,0.0,0.0,0.0,0.0,0.0,45.5,45.5,20.0,40.0,D
2012-08-25,2012,Shimizu S-Pulse,Urawa Reds,0,2,A,U,2.59,3.21,2.58,11,1.0,1.0,1.0,1.0,7.0,3.0,4.0,8.0,3.0,5.0,-1.0,0.0,-1.0,0.0,0.0,0.0,1.0,0.0,1.0,50.0,10.0,36.4,27.3,
2012-08-25,2012,Sanfrecce Hiroshima,FC Tokyo,0,1,A,U,1.81,3.37,4.25,12,2.0,0.0,1.0,2.0,6.0,4.0,2.0,2.0,7.0,-5.0,4.0,-3.0,7.0,2.0,0.0,2.0,0.0,1.0,-1.0,54.5,27.3,45.5,36.4,
2012-08-25,2012,Omiya Ardija,Vegalta Sendai,1,3,A,O,3.63,3.31,1.98,12,1.0,1.0,2.0,1.0,6.0,2.0,4.0,8.0,2.0,6.0,-2.0,0.0,-2.0,0.0,0.0,0.0,1.0,0.0,1.0,36.4,45.5,45.5,18.2,
2012-08-25,2012,Kawasaki Frontale,Nagoya Grampus,0,1,A,U,2.51,3.27,2.62,12,1.0,1.0,2.0,2.0,5.0,6.0,-1.0,4.0,7.0,-3.0,1.0,-1.0,2.0,1.0,0.0,1.0,0.0,0.0,0.0,36.4,54.5,27.3,36.4,
2012-08-25,2012,Kashiwa Reysol,Iwata,0,3,A,O,1.81,3.58,3.94,11,1.0,0.0,1.0,4.0,7.0,1.0,6.0,5.0,8.0,-3.0,2.0,-7.0,9.0,1.0,0.0,1.0,0.0,3.0,-3.0,30.0,30.0,18.2,63.6,
2012-08-25,2012,Kashima Antlers,Albirex Niigata,0,1,A,U,1.71,3.56,4.58,11,2.0,2.0,1.0,2.0,7.0,5.0,2.0,6.0,4.0,2.0,1.0,1.0,0.0,0.0,1.0,-1.0,0.0,0.0,0.0,50.0,30.0,36.4,54.5,
2012-08-25,2012,Gamba Osaka,Hokkaido Consadole Sapporo,7,2,H,O,1.24,5.75,9.55,13,1.0,0.0,2.0,4.0,8.0,2.0,6.0,11.0,13.0,-2.0,-3.0,-11.0,8.0,1.0,0.0,1.0,1.0,3.0,-2.0,25.0,50.0,0.0,100.0,
2012-08-25,2012,Cerezo Osaka,Yokohama F. Marinos,2,0,H,U,2.79,3.29,2.37,11,1.0,1.0,2.0,0.0,6.0,4.0,2.0,6.0,3.0,3.0,0.0,1.0,-1.0,1.0,0.0,1.0,1.0,0.0,1.0,30.0,60.0,30.0,20.0,
2012-08-18,2012,Yokohama F. Marinos,Kawasaki Frontale,2,2,D,O,1.91,3.37,3.75,12,2.0,1.0,0.0,1.0,8.0,3.0,5.0,4.0,5.0,-1.0,4.0,-2.0,6.0,1.0,0.0,1.0,0.0,1.0,-1.0,45.5,9.1,50.0,20.0,
2012-08-18,2012,Vegalta Sendai,Kashiwa Reysol,0,0,D,U,2.37,3.25,2.81,11,1.0,3.0,0.0,0.0,9.0,13.0,-4.0,6.0,6.0,0.0,3.0,7.0,-4.0,1.0,2.0,-1.0,0.0,0.0,0.0,50.0,10.0,63.6,27.3,D
2012-08-18,2012,Urawa Reds,Kashima Antlers,2,1,H,O,2.63,3.2,2.54,11,2.0,1.0,0.0,1.0,8.0,3.0,5.0,5.0,4.0,1.0,3.0,-1.0,4.0,1.0,0.0,1.0,0.0,1.0,-1.0,50.0,10.0,27.3,45.5,
2012-08-18,2012,Sagan Tosu,Shimizu S-Pulse,0,1,A,U,2.39,3.18,2.84,12,3.0,1.0,1.0,3.0,4.0,2.0,2.0,1.0,6.0,-5.0,3.0,-4.0,7.0,1.0,0.0,1.0,0.0,1.0,-1.0,63.6,9.1,36.4,63.6,
2012-08-18,2012,Nagoya Grampus,Gamba Osaka,0,5,A,O,2.02,3.55,3.25,11,2.0,1.0,1.0,1.0,7.0,7.0,0.0,2.0,4.0,-2.0,5.0,3.0,2.0,2.0,1.0,1.0,0.0,0.0,0.0,60.0,30.0,11.1,55.6,
2012-08-18,2012,Iwata,Cerezo Osaka,4,3,H,O,2.0,3.49,3.35,11,2.0,0.0,1.0,2.0,10.0,4.0,6.0,7.0,9.0,-2.0,3.0,-5.0,8.0,2.0,0.0,2.0,1.0,2.0,-1.0,70.0,10.0,27.3,36.4,
2012-08-18,2012,Hokkaido Consadole Sapporo,Vissel Kobe,2,4,A,O,4.12,3.55,1.79,12,2.0,2.0,2.0,1.0,4.0,7.0,-3.0,7.0,8.0,-1.0,-3.0,-1.0,-2.0,0.0,1.0,-1.0,1.0,1.0,0.0,27.3,63.6,40.0,50.0,
2012-08-18,2012,FC Tokyo,Omiya Ardija,0,1,A,U,1.77,3.44,4.46,11,2.0,0.0,2.0,3.0,5.0,2.0,3.0,5.0,8.0,-3.0,0.0,-6.0,6.0,1.0,0.0,1.0,1.0,2.0,-1.0,40.0,50.0,10.0,60.0,
2012-08-18,2012,Albirex Niigata,Sanfrecce Hiroshima,0,2,A,U,3.19,3.23,2.17,11,1.0,2.0,0.0,0.0,3.0,10.0,-7.0,2.0,6.0,-4.0,1.0,4.0,-3.0,0.0,1.0,-1.0,0.0,0.0,0.0,10.0,40.0,60.0,20.0,
2012-08-11,2012,Yokohama F. Marinos,Albirex Niigata,3,2,H,O,1.69,3.55,4.82,11,2.0,2.0,0.0,2.0,6.0,3.0,3.0,2.0,3.0,-1.0,4.0,0.0,4.0,1.0,1.0,0.0,0.0,1.0,-1.0,40.0,10.0,40.0,50.0,
2012-08-11,2012,Vissel Kobe,Urawa Reds,1,0,H,U,2.67,3.22,2.49,11,1.0,1.0,2.0,0.0,3.0,4.0,-1.0,4.0,3.0,1.0,-1.0,1.0,-2.0,0.0,0.0,0.0,0.0,0.0,0.0,40.0,50.0,40.0,20.0,
2012-08-11,2012,Shimizu S-Pulse,Nagoya Grampus,3,2,H,O,2.58,3.23,2.57,10,0.0,1.0,1.0,1.0,4.0,6.0,-2.0,6.0,6.0,0.0,-2.0,0.0,-2.0,0.0,0.0,0.0,1.0,0.0,1.0,44.4,11.1,30.0,30.0,
2012-08-11,2012,Omiya Ardija,Sanfrecce Hiroshima,1,2,A,O,4.32,3.6,1.74,11,1.0,2.0,2.0,0.0,5.0,11.0,-6.0,8.0,6.0,2.0,-3.0,5.0,-8.0,0.0,2.0,-2.0,2.0,0.0,2.0,40.0,40.0,55.6,22.2,
2012-08-11,2012,Kawasaki Frontale,Sagan Tosu,1,2,A,O,1.96,3.38,3.56,11,2.0,1.0,1.0,1.0,7.0,8.0,-1.0,4.0,8.0,-4.0,3.0,0.0,3.0,1.0,0.0,1.0,0.0,0.0,0.0,40.0,50.0,11.1,44.4,
2012-08-11,2012,Kashiwa Reysol,FC Tokyo,1,1,D,U,1.74,3.54,4.45,10,2.0,0.0,1.0,3.0,8.0,3.0,5.0,4.0,7.0,-3.0,4.0,-4.0,8.0,2.0,0.0,2.0,0.0,1.0,-1.0,33.3,33.3,50.0,40.0,
2012-08-11,2012,Kashima Antlers,Iwata,2,1,H,O,1.9,3.51,3.69,10,2.0,1.0,1.0,3.0,12.0,6.0,6.0,5.0,7.0,-2.0,7.0,-1.0,8.0,1.0,1.0,0.0,0.0,3.0,-3.0,44.4,33.3,20.0,60.0,
2012-08-11,2012,Hokkaido Consadole Sapporo,Vegalta Sendai,2,1,H,O,6.53,4.18,1.45,11,1.0,1.0,3.0,1.0,3.0,3.0,0.0,9.0,3.0,6.0,-6.0,0.0,-6.0,0.0,0.0,0.0,2.0,0.0,2.0,20.0,70.0,50.0,10.0,
2012-08-11,2012,Gamba Osaka,Cerezo Osaka,2,2,D,O,1.99,3.49,3.4,12,1.0,1.0,2.0,2.0,8.0,3.0,5.0,11.0,7.0,4.0,-3.0,-4.0,1.0,1.0,0.0,1.0,1.0,2.0,-1.0,27.3,54.5,30.0,40.0,
2012-08-04,2012,Vegalta Sendai,Yokohama F. Marinos,2,2,D,O,2.16,3.21,3.16,10,2.0,2.0,0.0,0.0,11.0,5.0,6.0,4.0,2.0,2.0,7.0,3.0,4.0,2.0,1.0,1.0,0.0,0.0,0.0,55.6,11.1,33.3,22.2,
2012-08-04,2012,Urawa Reds,FC Tokyo,2,2,D,O,1.88,3.32,3.92,10,3.0,1.0,0.0,3.0,7.0,2.0,5.0,3.0,5.0,-2.0,4.0,-3.0,7.0,1.0,0.0,1.0,0.0,1.0,-1.0,55.6,11.1,55.6,44.4,
2012-08-04,2012,Sanfrecce Hiroshima,Shimizu S-Pulse,1,2,A,O,1.65,3.57,5.08,11,3.0,0.0,0.0,4.0,8.0,0.0,8.0,2.0,6.0,-4.0,6.0,-6.0,12.0,2.0,0.0,2.0,0.0,1.0,-1.0,60.0,20.0,30.0,70.0,
2012-08-04,2012,Sagan Tosu,Kashima Antlers,2,0,H,U,3.02,3.26,2.23,11,2.0,2.0,1.0,0.0,3.0,5.0,-2.0,2.0,3.0,-1.0,1.0,2.0,-1.0,0.0,0.0,0.0,0.0,0.0,0.0,60.0,10.0,30.0,40.0,
2012-08-04,2012,Nagoya Grampus,Vissel Kobe,5,1,H,O,1.9,3.42,3.76,10,1.0,2.0,2.0,1.0,4.0,8.0,-4.0,4.0,6.0,-2.0,0.0,2.0,-2.0,1.0,1.0,0.0,0.0,0.0,0.0,55.6,33.3,44.4,44.4,
2012-08-04,2012,Iwata,Kawasaki Frontale,2,2,D,O,2.07,3.35,3.29,10,3.0,2.0,1.0,1.0,12.0,3.0,9.0,5.0,3.0,2.0,7.0,0.0,7.0,3.0,1.0,2.0,1.0,1.0,0.0,77.8,11.1,55.6,22.2,
2012-08-04,2012,Gamba Osaka,Omiya Ardija,3,1,H,O,1.59,3.86,4.94,11,0.0,0.0,3.0,3.0,6.0,1.0,5.0,12.0,9.0,3.0,-6.0,-8.0,2.0,0.0,0.0,0.0,1.0,2.0,-1.0,20.0,60.0,11.1,55.6,
2012-08-04,2012,Cerezo Osaka,Hokkaido Consadole Sapporo,4,0,H,O,1.38,4.48,7.55,10,0.0,0.0,3.0,4.0,3.0,2.0,1.0,8.0,16.0,-8.0,-5.0,-14.0,9.0,0.0,0.0,0.0,1.0,3.0,-2.0,22.2,66.7,0.0,100.0,
2012-08-04,2012,Albirex Niigata,Kashiwa Reysol,1,1,D,U,3.88,3.45,1.85,10,1.0,4.0,1.0,0.0,3.0,16.0,-13.0,7.0,7.0,0.0,-4.0,9.0,-13.0,0.0,3.0,-3.0,1.0,0.0,1.0,11.1,44.4,70.0,30.0,
2012-07-28,2012,Yokohama F. Marinos,Shimizu S-Pulse,3,0,H,O,2.03,3.24,3.51,10,1.0,1.0,0.0,3.0,3.0,1.0,2.0,2.0,3.0,-1.0,1.0,-2.0,3.0,0.0,0.0,0.0,0.0,0.0,0.0,33.3,11.1,33.3,66.7,
2012-07-28,2012,Vissel Kobe,Gamba Osaka,1,1,D,U,2.38,3.35,2.72,10,1.0,1.0,3.0,2.0,2.0,6.0,-4.0,4.0,4.0,0.0,-2.0,2.0,-4.0,0.0,1.0,-1.0,0.0,0.0,0.0,44.4,55.6,12.5,62.5,
2012-07-28,2012,Vegalta Sendai,Sagan Tosu,1,1,D,U,1.61,3.63,5.3,9,2.0,1.0,1.0,2.0,10.0,9.0,1.0,4.0,10.0,-6.0,6.0,-1.0,7.0,2.0,0.0,2.0,0.0,0.0,0.0,62.5,12.5,12.5,50.0,
2012-07-28,2012,Urawa Reds,Iwata,2,0,H,U,2.15,3.25,3.22,9,2.0,1.0,0.0,3.0,6.0,9.0,-3.0,4.0,9.0,-5.0,2.0,0.0,2.0,0.0,1.0,-1.0,0.0,2.0,-2.0,50.0,12.5,22.2,55.6,
2012-07-28,2012,Kawasaki Frontale,Omiya Ardija,4,1,H,O,1.79,3.46,4.22,10,1.0,0.0,2.0,2.0,3.0,1.0,2.0,5.0,6.0,-1.0,-2.0,-5.0,3.0,0.0,0.0,0.0,1.0,1.0,0.0,33.3,55.6,12.5,50.0,
2012-07-28,2012,Kashiwa Reysol,Cerezo Osaka,4,1,H,O,1.57,3.88,5.23,9,1.0,1.0,2.0,1.0,6.0,3.0,3.0,8.0,4.0,4.0,-2.0,-1.0,-1.0,1.0,0.0,1.0,1.0,1.0,0.0,25.0,37.5,33.3,33.3,
2012-07-28,2012,Kashima Antlers,Sanfrecce Hiroshima,2,2,D,O,2.33,3.28,2.84,9,2.0,3.0,1.0,0.0,10.0,14.0,-4.0,3.0,6.0,-3.0,7.0,8.0,-1.0,1.0,3.0,-2.0,0.0,0.0,0.0,50.0,37.5,62.5,25.0,
2012-07-28,2012,Hokkaido Consadole Sapporo,Nagoya Grampus,2,1,H,O,8.03,4.6,1.35,10,0.0,2.0,4.0,0.0,1.0,8.0,-7.0,9.0,6.0,3.0,-8.0,2.0,-10.0,0.0,0.0,0.0,2.0,0.0,2.0,11.1,77.8,33.3,22.2,
2012-07-28,2012,FC Tokyo,Albirex Niigata,0,2,A,U,1.93,3.26,3.81,10,2.0,1.0,1.0,2.0,6.0,2.0,4.0,4.0,4.0,0.0,2.0,-2.0,4.0,1.0,0.0,1.0,0.0,1.0,-1.0,44.4,44.4,33.3,55.6,
2012-07-14,2012,Shimizu S-Pulse,Kashiwa Reysol,3,5,A,O,2.79,3.29,2.37,9,0.0,4.0,0.0,0.0,2.0,13.0,-11.0,2.0,5.0,-3.0,0.0,8.0,-8.0,0.0,2.0,-2.0,0.0,0.0,0.0,50.0,0.0,66.7,33.3,
2012-07-14,2012,Sanfrecce Hiroshima,Kawasaki Frontale,3,0,H,O,1.75,3.68,4.19,10,2.0,3.0,1.0,0.0,6.0,6.0,0.0,5.0,2.0,3.0,1.0,4.0,-3.0,1.0,1.0,0.0,1.0,0.0,1.0,55.6,22.2,62.5,12.5,H
2012-07-14,2012,Sagan Tosu,FC Tokyo,1,0,H,U,2.42,3.18,2.81,10,1.0,2.0,1.0,2.0,3.0,4.0,-1.0,3.0,4.0,-1.0,0.0,0.0,0.0,0.0,1.0,-1.0,0.0,1.0,-1.0,55.6,11.1,62.5,37.5,D
2012-07-14,2012,Omiya Ardija,Vissel Kobe,2,2,D,O,2.93,3.19,2.32,10,2.0,3.0,2.0,1.0,4.0,8.0,-4.0,6.0,5.0,1.0,-2.0,3.0,-5.0,0.0,1.0,-1.0,2.0,0.0,2.0,44.4,44.4,50.0,50.0,
2012-07-14,2012,Nagoya Grampus,Vegalta Sendai,0,0,D,U,2.33,3.23,2.87,9,1.0,1.0,3.0,1.0,5.0,4.0,1.0,6.0,4.0,2.0,-1.0,0.0,-1.0,1.0,0.0,1.0,0.0,0.0,0.0,62.5,37.5,55.6,11.1,D
2012-07-14,2012,Iwata,Hokkaido Consadole Sapporo,4,1,H,O,1.22,5.87,10.59,9,3.0,0.0,1.0,4.0,11.0,2.0,9.0,4.0,14.0,-10.0,7.0,-12.0,19.0,3.0,0.0,3.0,1.0,2.0,-1.0,75.0,12.5,0.0,100.0,
2012-07-14,2012,Gamba Osaka,Yokohama F. Marinos,1,2,A,O,2.38,3.28,2.78,10,0.0,2.0,3.0,0.0,7.0,5.0,2.0,13.0,2.0,11.0,-6.0,3.0,-9.0,0.0,1.0,-1.0,1.0,0.0,1.0,22.2,55.6,25.0,25.0,
2012-07-14,2012,Cerezo Osaka,Kashima Antlers,0,1,A,U,2.87,3.28,2.32,9,0.0,1.0,3.0,1.0,4.0,4.0,0.0,9.0,6.0,3.0,-5.0,-2.0,-3.0,0.0,0.0,0.0,1.0,1.0,0.0,25.0,62.5,22.2,44.4,A
2012-07-14,2012,Albirex Niigata,Urawa Reds,0,0,D,U,3.36,3.27,2.07,9,1.0,1.0,2.0,0.0,3.0,6.0,-3.0,9.0,5.0,4.0,-6.0,1.0,-7.0,0.0,0.0,0.0,2.0,0.0,2.0,12.5,50.0,44.4,22.2,D
2012-07-07,2012,Yokohama F. Marinos,Cerezo Osaka,1,1,D,U,1.96,3.36,3.66,9,2.0,1.0,0.0,2.0,4.0,2.0,2.0,2.0,4.0,-2.0,2.0,-2.0,4.0,0.0,0.0,0.0,0.0,1.0,-1.0,37.5,12.5,37.5,37.5,H
2012-07-07,2012,Vissel Kobe,Vegalta Sendai,0,1,A,U,3.02,3.19,2.27,9,2.0,0.0,2.0,1.0,5.0,4.0,1.0,3.0,5.0,-2.0,2.0,-1.0,3.0,1.0,0.0,1.0,0.0,0.0,0.0,50.0,50.0,50.0,12.5,A
2012-07-07,2012,Urawa Reds,Sagan Tosu,4,3,H,O,1.79,3.46,4.26,8,1.0,1.0,1.0,1.0,3.0,6.0,-3.0,3.0,6.0,-3.0,0.0,0.0,0.0,0.0,0.0,0.0,0.0,0.0,0.0,42.9,14.3,14.3,42.9,
2012-07-07,2012,Shimizu S-Pulse,Kawasaki Frontale,0,0,D,U,2.28,3.19,3.0,8,1.0,4.0,0.0,0.0,5.0,9.0,-4.0,2.0,4.0,-2.0,3.0,5.0,-2.0,1.0,1.0,0.0,0.0,0.0,0.0,57.1,0.0,71.4,14.3,D
2012-07-07,2012,Sanfrecce Hiroshima,Iwata,2,0,H,U,1.94,3.43,3.63,9,1.0,1.0,2.0,3.0,4.0,11.0,-7.0,6.0,10.0,-4.0,-2.0,1.0,-3.0,0.0,1.0,-1.0,1.0,1.0,0.0,50.0,25.0,25.0,50.0,D
2012-07-07,2012,Kashiwa Reysol,Nagoya Grampus,1,2,A,O,2.03,3.42,3.34,8,1.0,1.0,1.0,1.0,6.0,6.0,0.0,7.0,9.0,-2.0,-1.0,-3.0,2.0,1.0,0.0,1.0,1.0,1.0,0.0,28.6,28.6,25.0,25.0,D
2012-07-07,2012,Kashima Antlers,Omiya Ardija,1,0,H,U,1.51,3.99,5.91,8,2.0,0.0,1.0,2.0,14.0,1.0,13.0,3.0,8.0,-5.0,11.0,-7.0,18.0,2.0,0.0,2.0,0.0,2.0,-2.0,42.9,42.9,14.3,42.9,D
2012-07-07,2012,Hokkaido Consadole Sapporo,Albirex Niigata,0,1,A,U,3.59,3.26,2.0,9,1.0,1.0,3.0,2.0,2.0,2.0,0.0,8.0,4.0,4.0,-6.0,-2.0,-4.0,0.0,0.0,0.0,2.0,1.0,1.0,12.5,75.0,25.0,62.5,A
2012-07-07,2012,FC Tokyo,Gamba Osaka,3,2,H,O,2.34,3.28,2.83,9,2.0,1.0,1.0,2.0,6.0,4.0,2.0,4.0,6.0,-2.0,2.0,-2.0,4.0,1.0,1.0,0.0,0.0,1.0,-1.0,37.5,50.0,14.3,57.1,
2012-06-30,2012,Yokohama F. Marinos,Nagoya Grampus,1,1,D,U,2.25,3.26,3.0,8,3.0,2.0,0.0,1.0,6.0,6.0,0.0,2.0,8.0,-6.0,4.0,-2.0,6.0,1.0,0.0,1.0,0.0,1.0,-1.0,42.9,14.3,28.6,28.6,D
2012-06-30,2012,Vegalta Sendai,Sanfrecce Hiroshima,2,2,D,O,2.07,3.33,3.31,8,3.0,4.0,1.0,0.0,12.0,16.0,-4.0,2.0,5.0,-3.0,10.0,11.0,-1.0,3.0,4.0,-1.0,0.0,0.0,0.0,71.4,14.3,71.4,28.6,D
2012-06-30,2012,Sagan Tosu,Hokkaido Consadole Sapporo,1,0,H,U,1.38,4.5,7.42,9,1.0,0.0,1.0,4.0,3.0,3.0,0.0,3.0,15.0,-12.0,0.0,-12.0,12.0,0.0,0.0,0.0,0.0,2.0,-2.0,50.0,12.5,0.0,100.0,D
2012-06-30,2012,Omiya Ardija,Shimizu S-Pulse,1,0,H,U,3.35,3.28,2.09,9,2.0,2.0,2.0,2.0,5.0,2.0,3.0,7.0,2.0,5.0,-2.0,0.0,-2.0,0.0,0.0,0.0,2.0,0.0,2.0,37.5,50.0,37.5,62.5,D
2012-06-30,2012,Kawasaki Frontale,Vissel Kobe,0,1,A,U,1.91,3.4,3.76,9,2.0,2.0,1.0,2.0,7.0,8.0,-1.0,7.0,8.0,-1.0,0.0,0.0,0.0,0.0,1.0,-1.0,1.0,1.0,0.0,37.5,50.0,42.9,57.1,D
2012-06-30,2012,Iwata,FC Tokyo,3,1,H,O,2.2,3.25,3.1,8,2.0,2.0,1.0,2.0,10.0,3.0,7.0,5.0,5.0,0.0,5.0,-2.0,7.0,2.0,1.0,1.0,1.0,1.0,0.0,71.4,14.3,71.4,28.6,
2012-06-30,2012,Gamba Osaka,Kashiwa Reysol,2,6,A,O,2.51,3.35,2.58,9,0.0,4.0,2.0,0.0,6.0,9.0,-3.0,8.0,3.0,5.0,-2.0,6.0,-8.0,0.0,2.0,-2.0,0.0,0.0,0.0,25.0,50.0,62.5,37.5,
2012-06-30,2012,Cerezo Osaka,Urawa Reds,1,1,D,U,2.29,3.34,2.88,8,1.0,2.0,3.0,0.0,6.0,7.0,-1.0,10.0,5.0,5.0,-4.0,2.0,-6.0,0.0,0.0,0.0,1.0,0.0,1.0,28.6,71.4,50.0,25.0,
2012-06-30,2012,Albirex Niigata,Kashima Antlers,1,1,D,U,3.84,3.34,1.91,8,1.0,1.0,3.0,2.0,2.0,3.0,-1.0,9.0,8.0,1.0,-7.0,-5.0,-2.0,0.0,0.0,0.0,2.0,2.0,0.0,14.3,57.1,25.0,50.0,D
2012-06-27,2012,Gamba Osaka,Nagoya Grampus,2,2,D,O,2.41,3.42,2.66,8,1.0,2.0,2.0,1.0,7.0,5.0,2.0,7.0,7.0,0.0,0.0,-2.0,2.0,1.0,0.0,1.0,0.0,1.0,-1.0,28.6,57.1,33.3,33.3,A
2012-06-27,2012,FC Tokyo,Kashiwa Reysol,0,1,A,U,3.09,3.32,2.19,8,2.0,3.0,1.0,1.0,6.0,9.0,-3.0,4.0,6.0,-2.0,2.0,3.0,-1.0,1.0,2.0,-1.0,0.0,1.0,-1.0,42.9,42.9,57.1,42.9,A
2012-06-23,2012,Vissel Kobe,Albirex Niigata,1,0,H,U,1.86,3.43,3.95,8,2.0,1.0,2.0,2.0,7.0,2.0,5.0,4.0,4.0,0.0,3.0,-2.0,5.0,2.0,0.0,2.0,0.0,1.0,-1.0,42.9,57.1,28.6,57.1,D
2012-06-23,2012,Urawa Reds,Vegalta Sendai,0,0,D,U,2.7,3.07,2.58,7,2.0,1.0,1.0,1.0,5.0,5.0,0.0,3.0,5.0,-2.0,2.0,0.0,2.0,1.0,0.0,1.0,0.0,0.0,0.0,50.0,16.7,57.1,14.3,D
2012-06-23,2012,Shimizu S-Pulse,Sagan Tosu,1,1,D,U,1.8,3.42,4.24,7,2.0,1.0,0.0,1.0,7.0,6.0,1.0,3.0,6.0,-3.0,4.0,0.0,4.0,1.0,0.0,1.0,0.0,0.0,0.0,66.7,0.0,16.7,50.0,H
2012-06-23,2012,Sanfrecce Hiroshima,Omiya Ardija,0,0,D,U,1.37,4.56,7.68,8,1.0,0.0,2.0,2.0,5.0,2.0,3.0,7.0,9.0,-2.0,-2.0,-7.0,5.0,0.0,0.0,0.0,1.0,2.0,-1.0,57.1,28.6,16.7,50.0,D
2012-06-23,2012,Nagoya Grampus,Iwata,2,0,H,U,2.07,3.45,3.22,8,1.0,1.0,3.0,3.0,6.0,13.0,-7.0,7.0,11.0,-4.0,-1.0,2.0,-3.0,1.0,1.0,0.0,0.0,0.0,0.0,57.1,42.9,28.6,42.9,
2012-06-23,2012,Kawasaki Frontale,Yokohama F. Marinos,0,0,D,U,2.59,3.22,2.58,8,2.0,2.0,2.0,1.0,8.0,5.0,3.0,11.0,3.0,8.0,-3.0,2.0,-5.0,0.0,1.0,-1.0,2.0,0.0,2.0,42.9,57.1,28.6,28.6,D
2012-06-23,2012,Kashiwa Reysol,Kashima Antlers,1,1,D,U,2.18,3.28,3.1,7,1.0,2.0,2.0,2.0,7.0,4.0,3.0,9.0,8.0,1.0,-2.0,-4.0,2.0,1.0,0.0,1.0,1.0,2.0,-1.0,33.3,33.3,28.6,57.1,
2012-06-23,2012,Hokkaido Consadole Sapporo,Gamba Osaka,0,4,A,O,4.76,3.89,1.63,8,1.0,0.0,3.0,3.0,4.0,1.0,3.0,7.0,10.0,-3.0,-3.0,-9.0,6.0,0.0,0.0,0.0,1.0,2.0,-1.0,14.3,71.4,0.0,66.7,
2012-06-23,2012,FC Tokyo,Cerezo Osaka,2,0,H,U,2.23,3.27,3.04,7,1.0,1.0,2.0,2.0,5.0,4.0,1.0,6.0,5.0,1.0,-1.0,-1.0,0.0,0.0,0.0,0.0,0.0,0.0,0.0,33.3,50.0,42.9,28.6,D
2012-06-16,2012,Yokohama F. Marinos,FC Tokyo,1,0,H,U,2.32,3.15,2.95,7,2.0,3.0,0.0,1.0,6.0,4.0,2.0,3.0,4.0,-1.0,3.0,0.0,3.0,1.0,1.0,0.0,0.0,1.0,-1.0,33.3,16.7,83.3,16.7,H
2012-06-16,2012,Vegalta Sendai,Hokkaido Consadole Sapporo,4,1,H,O,1.23,5.53,11.07,7,2.0,0.0,1.0,4.0,10.0,3.0,7.0,3.0,14.0,-11.0,7.0,-11.0,18.0,2.0,0.0,2.0,0.0,2.0,-2.0,66.7,16.7,0.0,100.0,
2012-06-16,2012,Sagan Tosu,Kawasaki Frontale,0,1,A,U,2.41,3.26,2.73,8,2.0,3.0,0.0,1.0,4.0,10.0,-6.0,2.0,7.0,-5.0,2.0,3.0,-1.0,0.0,1.0,-1.0,0.0,0.0,0.0,57.1,0.0,66.7,16.7,D
2012-06-16,2012,Omiya Ardija,Kashiwa Reysol,2,4,A,O,4.0,3.52,1.82,8,3.0,3.0,1.0,1.0,5.0,7.0,-2.0,3.0,4.0,-1.0,2.0,3.0,-1.0,1.0,2.0,-1.0,1.0,1.0,0.0,42.9,42.9,50.0,50.0,
2012-06-16,2012,Kashima Antlers,Nagoya Grampus,2,3,A,O,1.9,3.43,3.72,7,3.0,1.0,0.0,1.0,15.0,3.0,12.0,2.0,6.0,-4.0,13.0,-3.0,16.0,2.0,0.0,2.0,0.0,1.0,-1.0,50.0,33.3,20.0,40.0,
2012-06-16,2012,Iwata,Vissel Kobe,1,3,A,O,1.6,3.72,5.28,7,3.0,1.0,0.0,3.0,10.0,5.0,5.0,2.0,9.0,-7.0,8.0,-4.0,12.0,2.0,0.0,2.0,0.0,2.0,-2.0,83.3,0.0,33.3,66.7,
2012-06-16,2012,Gamba Osaka,Urawa Reds,1,2,A,O,2.2,3.33,3.0,7,2.0,1.0,1.0,1.0,9.0,5.0,4.0,7.0,6.0,1.0,2.0,-1.0,3.0,1.0,0.0,1.0,0.0,1.0,-1.0,33.3,50.0,42.9,28.6,
2012-06-16,2012,Cerezo Osaka,Sanfrecce Hiroshima,1,4,A,O,2.39,3.31,2.74,7,1.0,3.0,3.0,1.0,5.0,12.0,-7.0,7.0,5.0,2.0,-2.0,7.0,-9.0,0.0,3.0,-3.0,0.0,0.0,0.0,33.3,66.7,66.7,33.3,
2012-06-16,2012,Albirex Niigata,Shimizu S-Pulse,1,0,H,U,3.03,3.22,2.24,7,0.0,2.0,3.0,2.0,1.0,3.0,-2.0,9.0,4.0,5.0,-8.0,-1.0,-7.0,0.0,0.0,0.0,2.0,1.0,1.0,0.0,66.7,42.9,57.1,H
2012-05-26,2012,Vissel Kobe,Kashima Antlers,1,2,A,O,3.18,3.38,2.12,7,2.0,1.0,2.0,2.0,6.0,2.0,4.0,3.0,7.0,-4.0,3.0,-5.0,8.0,2.0,0.0,2.0,0.0,2.0,-2.0,50.0,50.0,16.7,66.7,
2012-05-26,2012,Shimizu S-Pulse,Yokohama F. Marinos,0,0,D,U,2.37,3.17,2.93,6,3.0,2.0,0.0,1.0,8.0,5.0,3.0,3.0,3.0,0.0,5.0,2.0,3.0,1.0,1.0,0.0,0.0,0.0,0.0,80.0,0.0,33.3,33.3,D
2012-05-26,2012,Kawasaki Frontale,Vegalta Sendai,3,2,H,O,2.62,3.27,2.51,7,1.0,2.0,3.0,0.0,5.0,6.0,-1.0,10.0,4.0,6.0,-5.0,2.0,-7.0,0.0,0.0,0.0,2.0,0.0,2.0,33.3,66.7,66.7,0.0,
2012-05-26,2012,Kashiwa Reysol,Albirex Niigata,2,0,H,U,1.46,4.18,6.38,6,1.0,2.0,2.0,1.0,7.0,3.0,4.0,10.0,2.0,8.0,-3.0,1.0,-4.0,0.0,0.0,0.0,1.0,0.0,1.0,20.0,40.0,33.3,50.0,
2012-05-26,2012,Iwata,Omiya Ardija,4,0,H,O,1.64,3.72,4.93,6,3.0,0.0,0.0,2.0,7.0,3.0,4.0,2.0,9.0,-7.0,5.0,-6.0,11.0,1.0,0.0,1.0,0.0,2.0,-2.0,80.0,0.0,20.0,40.0,
2012-05-26,2012,Hokkaido Consadole Sapporo,Sanfrecce Hiroshima,1,3,A,O,4.99,3.79,1.62,7,1.0,3.0,3.0,1.0,3.0,10.0,-7.0,6.0,4.0,2.0,-3.0,6.0,-9.0,0.0,2.0,-2.0,1.0,0.0,1.0,16.7,66.7,60.0,40.0,
2012-05-26,2012,FC Tokyo,Urawa Reds,1,1,D,U,2.45,3.18,2.79,6,1.0,2.0,3.0,1.0,4.0,7.0,-3.0,6.0,6.0,0.0,-2.0,1.0,-3.0,0.0,1.0,-1.0,0.0,1.0,-1.0,40.0,60.0,50.0,33.3,D
2012-05-25,2012,Nagoya Grampus,Cerezo Osaka,0,1,A,U,1.93,3.39,3.68,7,2.0,1.0,2.0,2.0,7.0,6.0,1.0,6.0,5.0,1.0,1.0,1.0,0.0,1.0,1.0,0.0,0.0,0.0,0.0,66.7,33.3,33.3,33.3,D
2012-05-25,2012,Gamba Osaka,Sagan Tosu,2,3,A,O,1.9,3.44,3.75,6,2.0,0.0,1.0,2.0,8.0,3.0,5.0,6.0,5.0,1.0,2.0,-2.0,4.0,1.0,0.0,1.0,0.0,0.0,0.0,40.0,40.0,0.0,60.0,
2012-05-20,2012,FC Tokyo,Sagan Tosu,3,2,H,O,1.93,3.33,3.79,5,1.0,0.0,3.0,2.0,4.0,2.0,2.0,6.0,4.0,2.0,-2.0,-2.0,0.0,0.0,0.0,0.0,0.0,0.0,0.0,25.0,75.0,0.0,50.0,A
2012-05-19,2012,Yokohama F. Marinos,Gamba Osaka,0,0,D,U,2.26,3.31,2.97,6,2.0,0.0,0.0,3.0,6.0,2.0,4.0,3.0,11.0,-8.0,3.0,-9.0,12.0,1.0,0.0,1.0,0.0,2.0,-2.0,40.0,20.0,0.0,80.0,D
2012-05-19,2012,Vegalta Sendai,Nagoya Grampus,4,0,H,O,2.19,3.33,3.07,6,2.0,1.0,1.0,1.0,10.0,5.0,5.0,4.0,5.0,-1.0,6.0,0.0,6.0,2.0,0.0,2.0,0.0,0.0,0.0,60.0,20.0,25.0,25.0,H
2012-05-19,2012,Urawa Reds,Shimizu S-Pulse,1,0,H,U,2.36,3.17,2.9,6,1.0,3.0,1.0,1.0,5.0,4.0,1.0,4.0,3.0,1.0,1.0,1.0,0.0,1.0,0.0,1.0,0.0,1.0,-1.0,40.0,20.0,50.0,50.0,H
2012-05-19,2012,Sanfrecce Hiroshima,Vissel Kobe,3,2,H,O,1.82,3.4,4.15,7,1.0,1.0,2.0,3.0,6.0,3.0,3.0,6.0,9.0,-3.0,0.0,-6.0,6.0,1.0,0.0,1.0,1.0,3.0,-2.0,50.0,33.3,40.0,60.0,H
2012-05-19,2012,Omiya Ardija,Kawasaki Frontale,0,2,A,U,2.77,3.33,2.36,7,3.0,2.0,1.0,1.0,5.0,9.0,-4.0,4.0,8.0,-4.0,1.0,1.0,0.0,1.0,0.0,1.0,1.0,0.0,1.0,50.0,33.3,60.0,20.0,D
2012-05-19,2012,Kashima Antlers,Hokkaido Consadole Sapporo,7,0,H,O,1.39,4.3,7.8,6,2.0,0.0,1.0,4.0,9.0,3.0,6.0,5.0,8.0,-3.0,4.0,-5.0,9.0,1.0,0.0,1.0,1.0,1.0,0.0,40.0,40.0,0.0,100.0,H
2012-05-19,2012,Cerezo Osaka,Kashiwa Reysol,1,2,A,O,2.53,3.29,2.6,6,1.0,2.0,3.0,2.0,5.0,5.0,0.0,7.0,4.0,3.0,-2.0,1.0,-3.0,0.0,2.0,-2.0,0.0,1.0,-1.0,40.0,60.0,40.0,60.0,H
2012-05-19,2012,Albirex Niigata,Iwata,1,6,A,O,2.88,3.28,2.32,6,0.0,0.0,2.0,3.0,1.0,9.0,-8.0,4.0,12.0,-8.0,-3.0,-3.0,0.0,0.0,0.0,0.0,1.0,0.0,1.0,0.0,60.0,16.7,50.0,
2012-05-12,2012,Vissel Kobe,Nagoya Grampus,0,1,A,U,3.01,3.39,2.19,6,2.0,,2.0,,6.0,,,4.0,,,2.0,,,2.0,,,1.0,,,60.0,40.0,0.0,33.3,A
2012-05-12,2012,Urawa Reds,Albirex Niigata,1,1,D,U,1.83,3.38,4.2,5,2.0,2.0,1.0,2.0,5.0,3.0,2.0,3.0,3.0,0.0,2.0,0.0,2.0,1.0,0.0,1.0,0.0,0.0,0.0,50.0,25.0,40.0,60.0,
2012-05-12,2012,Shimizu S-Pulse,Cerezo Osaka,1,1,D,U,2.2,3.36,3.01,5,4.0,2.0,0.0,2.0,9.0,6.0,3.0,3.0,4.0,-1.0,6.0,2.0,4.0,1.0,1.0,0.0,0.0,0.0,0.0,100.0,0.0,40.0,40.0,
2012-05-12,2012,Sanfrecce Hiroshima,Yokohama F. Marinos,1,3,A,O,1.89,3.44,3.83,6,2.0,1.0,1.0,2.0,7.0,2.0,5.0,3.0,3.0,0.0,4.0,-1.0,5.0,2.0,0.0,2.0,0.0,0.0,0.0,60.0,20.0,20.0,40.0,
2012-05-12,2012,Sagan Tosu,Omiya Ardija,1,1,D,U,2.16,3.28,3.17,7,3.0,1.0,0.0,2.0,6.0,4.0,2.0,1.0,9.0,-8.0,5.0,-5.0,10.0,1.0,0.0,1.0,0.0,2.0,-2.0,66.7,0.0,25.0,50.0,D
2012-05-12,2012,Kawasaki Frontale,Kashiwa Reysol,0,2,A,U,2.18,3.43,3.04,6,1.0,1.0,3.0,3.0,5.0,3.0,2.0,9.0,5.0,4.0,-4.0,-2.0,-2.0,0.0,1.0,-1.0,1.0,1.0,0.0,40.0,60.0,25.0,75.0,D
2012-05-12,2012,Iwata,Kashima Antlers,3,0,H,O,2.64,3.29,2.49,5,3.0,1.0,0.0,2.0,6.0,2.0,4.0,3.0,6.0,-3.0,3.0,-4.0,7.0,0.0,0.0,0.0,0.0,2.0,-2.0,75.0,0.0,20.0,60.0,H
2012-05-12,2012,Hokkaido Consadole Sapporo,FC Tokyo,0,1,A,U,3.89,3.35,1.9,6,1.0,3.0,3.0,1.0,4.0,5.0,-1.0,7.0,4.0,3.0,-3.0,1.0,-4.0,0.0,2.0,-2.0,1.0,1.0,0.0,20.0,60.0,80.0,20.0,A
2012-05-12,2012,Gamba Osaka,Vegalta Sendai,1,1,D,U,2.55,3.34,2.56,5,2.0,3.0,2.0,0.0,9.0,7.0,2.0,8.0,4.0,4.0,1.0,3.0,-2.0,1.0,0.0,1.0,0.0,0.0,0.0,50.0,50.0,80.0,0.0,D
2012-05-06,2012,Yokohama F. Marinos,Hokkaido Consadole Sapporo,2,1,H,O,1.57,3.66,5.72,5,1.0,0.0,1.0,4.0,4.0,3.0,1.0,4.0,8.0,-4.0,0.0,-5.0,5.0,1.0,0.0,1.0,1.0,1.0,0.0,25.0,25.0,0.0,100.0,D
2012-05-06,2012,Vegalta Sendai,Shimizu S-Pulse,0,1,A,U,2.06,3.27,3.42,5,3.0,2.0,0.0,2.0,11.0,4.0,7.0,3.0,5.0,-2.0,8.0,-1.0,9.0,2.0,0.0,2.0,0.0,1.0,-1.0,75.0,0.0,40.0,60.0,A
2012-05-06,2012,Omiya Ardija,Gamba Osaka,1,0,H,U,2.65,3.4,2.42,6,2.0,0.0,1.0,3.0,5.0,3.0,2.0,5.0,12.0,-7.0,0.0,-9.0,9.0,1.0,0.0,1.0,1.0,2.0,-1.0,40.0,40.0,0.0,75.0,
2012-05-06,2012,Nagoya Grampus,Kawasaki Frontale,2,3,A,O,1.86,3.51,3.83,6,3.0,2.0,1.0,1.0,7.0,7.0,0.0,4.0,6.0,-2.0,3.0,1.0,2.0,1.0,0.0,1.0,0.0,0.0,0.0,80.0,20.0,50.0,25.0,A
2012-05-06,2012,Kashiwa Reysol,Sanfrecce Hiroshima,2,5,A,O,2.2,3.31,3.04,5,1.0,2.0,1.0,2.0,8.0,6.0,2.0,8.0,4.0,4.0,0.0,2.0,-2.0,0.0,1.0,-1.0,0.0,0.0,0.0,25.0,25.0,50.0,50.0,
2012-05-06,2012,Kashima Antlers,Sagan Tosu,0,0,D,U,1.63,3.66,5.12,5,2.0,,2.0,,9.0,,,6.0,,,3.0,,,1.0,,,1.0,,,50.0,50.0,0.0,66.7,D
2012-05-06,2012,Iwata,Urawa Reds,2,2,D,O,2.26,3.29,2.94,4,,3.0,,1.0,,7.0,,,5.0,,,2.0,,,1.0,,,1.0,,100.0,0.0,60.0,40.0,H
2012-05-06,2012,Cerezo Osaka,Vissel Kobe,1,2,A,O,1.79,3.53,4.13,5,2.0,1.0,2.0,3.0,6.0,4.0,2.0,6.0,10.0,-4.0,0.0,-6.0,6.0,0.0,0.0,0.0,0.0,3.0,-3.0,50.0,50.0,25.0,75.0,D
2012-05-06,2012,Albirex Niigata,FC Tokyo,0,2,A,U,2.82,3.12,2.43,5,0.0,3.0,2.0,1.0,2.0,4.0,-2.0,4.0,4.0,0.0,-2.0,0.0,-2.0,0.0,1.0,-1.0,0.0,1.0,-1.0,0.0,50.0,75.0,25.0,
2012-05-03,2012,Vissel Kobe,Omiya Ardija,3,0,H,O,2.33,3.2,2.91,5,2.0,,2.0,,5.0,,,5.0,,,0.0,,,1.0,,,1.0,,,50.0,50.0,33.3,33.3,H
2012-05-03,2012,Urawa Reds,Yokohama F. Marinos,1,2,A,O,2.13,3.25,3.28,4,,0.0,,2.0,,3.0,,,5.0,,,-2.0,,,0.0,,,0.0,,66.7,0.0,0.0,50.0,
2012-05-03,2012,Shimizu S-Pulse,Kashima Antlers,3,0,H,O,2.8,3.31,2.35,4,,1.0,,2.0,,2.0,,,4.0,,,-2.0,,,0.0,,,1.0,,100.0,0.0,25.0,50.0,
2012-05-03,2012,Sanfrecce Hiroshima,Albirex Niigata,0,1,A,U,1.67,3.54,4.93,5,3.0,1.0,0.0,3.0,8.0,2.0,6.0,2.0,4.0,-2.0,6.0,-2.0,8.0,2.0,0.0,2.0,0.0,0.0,0.0,75.0,0.0,25.0,75.0,D
2012-05-03,2012,Sagan Tosu,Vegalta Sendai,1,1,D,U,3.05,3.16,2.28,6,4.0,4.0,0.0,0.0,6.0,8.0,-2.0,0.0,3.0,-3.0,6.0,5.0,1.0,1.0,1.0,0.0,0.0,0.0,0.0,80.0,0.0,100.0,0.0,A
2012-05-03,2012,Kawasaki Frontale,Iwata,4,3,H,O,2.15,3.32,3.14,5,1.0,1.0,3.0,2.0,2.0,8.0,-6.0,6.0,9.0,-3.0,-4.0,-1.0,-3.0,0.0,0.0,0.0,1.0,0.0,1.0,25.0,75.0,20.0,40.0,H
2012-05-03,2012,Hokkaido Consadole Sapporo,Cerezo Osaka,1,0,H,U,4.33,3.63,1.73,5,0.0,2.0,3.0,1.0,3.0,6.0,-3.0,7.0,3.0,4.0,-4.0,3.0,-7.0,0.0,1.0,-1.0,1.0,0.0,1.0,0.0,75.0,50.0,25.0,H
2012-04-28,2012,Yokohama F. Marinos,Vissel Kobe,3,1,H,O,2.04,3.27,3.47,4,,,,,,,,,,,,,,,,,,,,0.0,33.3,33.3,66.7,D
2012-04-28,2012,Omiya Ardija,Hokkaido Consadole Sapporo,2,1,H,O,1.69,3.57,4.77,5,1.0,,2.0,,3.0,,,5.0,,,-2.0,,,1.0,,,1.0,,,25.0,50.0,0.0,100.0,D
2012-04-28,2012,Nagoya Grampus,Urawa Reds,1,2,A,O,1.95,3.31,3.7,5,4.0,2.0,0.0,2.0,7.0,5.0,2.0,2.0,5.0,-3.0,5.0,0.0,5.0,1.0,1.0,0.0,0.0,1.0,-1.0,100.0,0.0,50.0,50.0,
2012-04-28,2012,Kawasaki Frontale,Sanfrecce Hiroshima,1,4,A,O,2.08,3.31,3.3,4,,,,,,,,,,,,,,,,,,,,33.3,66.7,33.3,66.7,
2012-04-28,2012,Kashiwa Reysol,Sagan Tosu,1,1,D,U,1.75,3.53,4.42,4,,,,,,,,,,,,,,,,,,,,33.3,33.3,0.0,100.0,H
2012-04-28,2012,Kashima Antlers,Gamba Osaka,5,0,H,O,2.02,3.42,3.39,4,,,,,,,,,,,,,,,,,,,,33.3,66.7,0.0,66.7,H
2012-04-28,2012,FC Tokyo,Shimizu S-Pulse,0,1,A,U,2.04,3.27,3.49,4,,1.0,,3.0,,3.0,,,6.0,,,-3.0,,,0.0,,,1.0,,33.3,66.7,25.0,75.0,D
2012-04-28,2012,Cerezo Osaka,Iwata,3,2,H,O,1.96,3.45,3.53,4,,1.0,,1.0,,6.0,,,6.0,,,0.0,,,0.0,,,0.0,,33.3,66.7,25.0,25.0,H
2012-04-28,2012,Albirex Niigata,Vegalta Sendai,0,1,A,U,3.14,3.26,2.18,4,,,,,,,,,,,,,,,,,,,,0.0,33.3,100.0,0.0,D
2012-04-22,2012,Gamba Osaka,Shimizu S-Pulse,3,1,H,O,2.03,3.36,3.37,4,,,,,,,,,,,,,,,,,,,,33.3,66.7,33.3,66.7,
2012-04-21,2012,Vissel Kobe,Kashiwa Reysol,3,1,H,O,2.81,3.27,2.36,4,,,,,,,,,,,,,,,,,,,,33.3,66.7,33.3,66.7,
2012-04-21,2012,Vegalta Sendai,FC Tokyo,4,0,H,O,2.21,3.22,3.11,4,,,,,,,,,,,,,,,,,,,,66.7,0.0,100.0,0.0,
2012-04-21,2012,Sanfrecce Hiroshima,Nagoya Grampus,1,1,D,U,2.6,3.2,2.57,4,,,,,,,,,,,,,,,,,,,,100.0,0.0,0.0,50.0,
2012-04-21,2012,Sagan Tosu,Albirex Niigata,1,0,H,U,2.21,3.19,3.16,5,3.0,,0.0,,5.0,,,0.0,,,5.0,,,1.0,,,0.0,,,75.0,0.0,33.3,66.7,D
2012-04-21,2012,Omiya Ardija,Urawa Reds,2,0,H,U,3.0,3.29,2.23,4,,,,,,,,,,,,,,,,,,,,0.0,66.7,66.7,33.3,H
2012-04-21,2012,Kashima Antlers,Cerezo Osaka,3,2,H,O,2.15,3.36,3.12,3,,,,,,,,,,,,,,,,,,,,0.0,100.0,66.7,0.0,
2012-04-21,2012,Iwata,Yokohama F. Marinos,1,0,H,U,2.17,3.24,3.21,3,,,,,,,,,,,,,,,,,,,,100.0,0.0,0.0,33.3,H
2012-04-21,2012,Hokkaido Consadole Sapporo,Kawasaki Frontale,2,3,A,O,3.73,3.39,1.92,4,,,,,,,,,,,,,,,,,,,,0.0,66.7,33.3,33.3,H
2012-04-14,2012,Yokohama F. Marinos,Omiya Ardija,1,1,D,U,2.05,3.24,3.46,3,,,,,,,,,,,,,,,,,,,,0.0,50.0,50.0,50.0,D
2012-04-14,2012,Urawa Reds,Vissel Kobe,2,0,H,U,1.87,3.4,3.93,3,,,,,,,,,,,,,,,,,,,,50.0,0.0,50.0,50.0,D
2012-04-14,2012,Shimizu S-Pulse,Iwata,3,2,H,O,2.45,3.17,2.76,3,,,,,,,,,,,,,,,,,,,,100.0,0.0,33.3,0.0,
2012-04-14,2012,Sagan Tosu,Sanfrecce Hiroshima,1,0,H,U,2.88,3.21,2.35,4,,,,,,,,,,,,,,,,,,,,66.7,0.0,50.0,50.0,H
2012-04-14,2012,Nagoya Grampus,Hokkaido Consadole Sapporo,3,1,H,O,1.38,4.39,7.53,4,,,,,,,,,,,,,,,,,,,,100.0,0.0,0.0,100.0,
2012-04-14,2012,Kashiwa Reysol,Vegalta Sendai,2,3,A,O,2.2,3.22,3.15,3,,,,,,,,,,,,,,,,,,,,50.0,0.0,100.0,0.0,A
2012-04-14,2012,Gamba Osaka,Kawasaki Frontale,3,2,H,O,2.25,3.33,2.96,3,,,,,,,,,,,,,,,,,,,,0.0,100.0,50.0,0.0,
2012-04-14,2012,FC Tokyo,Kashima Antlers,1,2,A,O,2.1,3.22,3.36,3,,,,,,,,,,,,,,,,,,,,50.0,50.0,0.0,66.7,D
2012-04-14,2012,Cerezo Osaka,Albirex Niigata,0,1,A,U,1.64,3.64,5.06,3,,,,,,,,,,,,,,,,,,,,50.0,50.0,0.0,100.0,D
2012-04-08,2012,Kawasaki Frontale,FC Tokyo,0,1,A,U,2.31,3.29,2.87,3,,,,,,,,,,,,,,,,,,,,50.0,50.0,100.0,0.0,
2012-04-07,2012,Vissel Kobe,Shimizu S-Pulse,0,1,A,U,2.36,3.17,2.92,3,,,,,,,,,,,,,,,,,,,,50.0,50.0,0.0,100.0,
2012-04-07,2012,Vegalta Sendai,Iwata,2,2,D,O,2.07,3.2,3.46,3,,,,,,,,,,,,,,,,,,,,100.0,0.0,50.0,0.0,
2012-04-07,2012,Sanfrecce Hiroshima,Gamba Osaka,4,1,H,O,2.31,3.34,2.85,3,,,,,,,,,,,,,,,,,,,,100.0,0.0,0.0,50.0,
2012-04-07,2012,Omiya Ardija,Cerezo Osaka,0,3,A,O,2.87,3.24,2.32,3,,,,,,,,,,,,,,,,,,,,0.0,50.0,50.0,0.0,
2012-04-07,2012,Nagoya Grampus,Sagan Tosu,1,0,H,U,1.62,3.67,5.18,3,,,,,,,,,,,,,,,,,,,,100.0,0.0,0.0,100.0,
2012-04-07,2012,Kashima Antlers,Urawa Reds,1,3,A,O,1.93,3.33,3.78,2,,,,,,,,,,,,,,,,,,,,0.0,100.0,50.0,50.0,
2012-04-07,2012,Hokkaido Consadole Sapporo,Kashiwa Reysol,0,2,A,U,3.6,3.32,1.98,3,,,,,,,,,,,,,,,,,,,,0.0,50.0,0.0,100.0,
2012-04-07,2012,Albirex Niigata,Yokohama F. Marinos,0,0,D,U,2.42,3.13,2.85,3,,,,,,,,,,,,,,,,,,,,0.0,50.0,0.0,50.0,
2012-03-31,2012,Yokohama F. Marinos,Kashima Antlers,0,0,D,U,2.66,3.15,2.57,2,,,,,,,,,,,,,,,,,,,,0.0,100.0,0.0,100.0,
2012-03-31,2012,Urawa Reds,Kawasaki Frontale,1,1,D,U,2.4,3.16,2.86,2,,,,,,,,,,,,,,,,,,,,100.0,0.0,100.0,0.0,
2012-03-31,2012,Shimizu S-Pulse,Hokkaido Consadole Sapporo,1,0,H,U,1.63,3.55,5.27,2,,,,,,,,,,,,,,,,,,,,100.0,0.0,0.0,100.0,
2012-03-31,2012,Sagan Tosu,Vissel Kobe,3,0,H,O,2.62,3.18,2.57,3,,,,,,,,,,,,,,,,,,,,50.0,0.0,100.0,0.0,
2012-03-31,2012,Omiya Ardija,Nagoya Grampus,1,1,D,U,3.38,3.24,2.08,2,,,,,,,,,,,,,,,,,,,,0.0,100.0,0.0,100.0,
2012-03-31,2012,Iwata,Kashiwa Reysol,1,0,H,U,2.64,3.26,2.52,2,,,,,,,,,,,,,,,,,,,,100.0,0.0,0.0,100.0,
2012-03-31,2012,FC Tokyo,Sanfrecce Hiroshima,0,1,A,U,1.95,3.31,3.72,2,,,,,,,,,,,,,,,,,,,,100.0,0.0,0.0,100.0,
2012-03-31,2012,Cerezo Osaka,Vegalta Sendai,1,2,A,O,2.26,3.18,3.07,2,,,,,,,,,,,,,,,,,,,,100.0,0.0,100.0,0.0,
2012-03-31,2012,Albirex Niigata,Gamba Osaka,1,1,D,U,2.84,3.3,2.33,2,,,,,,,,,,,,,,,,,,,,0.0,100.0,0.0,100.0,
2012-03-25,2012,Nagoya Grampus,Albirex Niigata,2,1,H,O,1.7,3.47,4.81,2,,,,,,,,,,,,,,,,,,,,100.0,0.0,0.0,100.0,
2012-03-25,2012,Gamba Osaka,Iwata,1,2,A,O,1.95,3.4,3.67,2,,,,,,,,,,,,,,,,,,,,0.0,100.0,0.0,0.0,
2012-03-24,2012,Vissel Kobe,FC Tokyo,0,2,A,U,2.65,3.11,2.61,2,,,,,,,,,,,,,,,,,,,,100.0,0.0,100.0,0.0,
2012-03-24,2012,Vegalta Sendai,Omiya Ardija,4,1,H,O,1.92,3.29,3.87,2,,,,,,,,,,,,,,,,,,,,100.0,0.0,100.0,0.0,
2012-03-24,2012,Sanfrecce Hiroshima,Kashima Antlers,2,0,H,U,2.45,3.21,2.74,2,,,,,,,,,,,,,,,,,,,,100.0,0.0,0.0,100.0,
2012-03-24,2012,Sagan Tosu,Yokohama F. Marinos,1,0,H,U,2.88,3.23,2.34,2,,,,,,,,,,,,,,,,,,,,0.0,0.0,0.0,0.0,
2012-03-24,2012,Kawasaki Frontale,Cerezo Osaka,0,1,A,U,2.19,3.3,3.08,2,,,,,,,,,,,,,,,,,,,,100.0,0.0,0.0,0.0,
2012-03-24,2012,Kashiwa Reysol,Shimizu S-Pulse,2,1,H,O,1.71,3.62,4.52,2,,,,,,,,,,,,,,,,,,,,0.0,0.0,0.0,100.0,
2012-03-24,2012,Hokkaido Consadole Sapporo,Urawa Reds,1,2,A,O,3.12,3.19,2.22,2,,,,,,,,,,,,,,,,,,,,0.0,0.0,0.0,100.0,
2012-03-17,2012,Yokohama F. Marinos,Vegalta Sendai,0,2,A,U,2.16,3.16,3.29,1,,,,,,,,,,,,,,,,,,,,,,,,
2012-03-17,2012,Vissel Kobe,Hokkaido Consadole Sapporo,2,1,H,O,1.58,3.68,5.69,1,,,,,,,,,,,,,,,,,,,,,,,,
2012-03-17,2012,Urawa Reds,Kashiwa Reysol,1,0,H,U,2.61,3.25,2.56,1,,,,,,,,,,,,,,,,,,,,,,,,
2012-03-17,2012,Shimizu S-Pulse,Sanfrecce Hiroshima,2,1,H,O,2.31,3.21,2.94,1,,,,,,,,,,,,,,,,,,,,,,,,
2012-03-17,2012,Kashima Antlers,Kawasaki Frontale,0,1,A,U,2.04,3.32,3.44,1,,,,,,,,,,,,,,,,,,,,,,,,
2012-03-17,2012,Iwata,Sagan Tosu,2,1,H,O,1.82,3.35,4.21,1,,,,,,,,,,,,,,,,,,,,,,,,
2012-03-17,2012,FC Tokyo,Nagoya Grampus,3,2,H,O,2.38,3.16,2.89,1,,,,,,,,,,,,,,,,,,,,,,,,
2012-03-17,2012,Cerezo Osaka,Gamba Osaka,2,1,H,O,2.55,3.33,2.57,1,,,,,,,,,,,,,,,,,,,,,,,,
2012-03-17,2012,Albirex Niigata,Omiya Ardija,1,2,A,O,2.22,3.18,3.16,1,,,,,,,,,,,,,,,,,,,,,,,,
2012-03-11,2012,Kashiwa Reysol,Yokohama F. Marinos,3,3,D,O,2.01,3.26,3.58,1,,,,,,,,,,,,,,,,,,,,,,,,
2012-03-10,2012,Vegalta Sendai,Kashima Antlers,1,0,H,U,2.85,3.12,2.4,1,,,,,,,,,,,,,,,,,,,,,,,,
2012-03-10,2012,Sanfrecce Hiroshima,Urawa Reds,1,0,H,U,2.51,3.19,2.67,1,,,,,,,,,,,,,,,,,,,,,,,,
2012-03-10,2012,Sagan Tosu,Cerezo Osaka,0,0,D,U,3.01,3.23,2.24,1,,,,,,,,,,,,,,,,,,,,,,,,
2012-03-10,2012,Omiya Ardija,FC Tokyo,0,1,A,U,2.97,3.16,2.3,1,,,,,,,,,,,,,,,,,,,,,,,,
2012-03-10,2012,Nagoya Grampus,Shimizu S-Pulse,1,0,H,U,1.65,3.62,4.88,1,,,,,,,,,,,,,,,,,,,,,,,,
2012-03-10,2012,Kawasaki Frontale,Albirex Niigata,1,0,H,U,1.87,3.38,3.92,1,,,,,,,,,,,,,,,,,,,,,,,,
2012-03-10,2012,Hokkaido Consadole Sapporo,Iwata,0,0,D,U,2.86,3.2,2.36,1,,,,,,,,,,,,,,,,,,,,,,,,
2012-03-10,2012,Gamba Osaka,Vissel Kobe,2,3,A,O,1.71,3.62,4.55,1,,,,,,,,,,,,,,,,,,,,,,,,
