Date,Season,Home,Away,HG,AG,Result,Result-U/O,1,X,2,HTR,HST,AST,HC,AC,Week,HW,AW,HL,AL,HGF,AGF,HAGF,HGA,AGA,HAGA,HGD,AGD,HAGD,HWGD,AWGD,HAWGD,HLGD,ALGD,HALGD,HW%,HL%,AW%,AL%,HSTF,ASTF,HCF,ACF
2026-08-17,2026,Casa Pia,Benfica,0.0,7.0,A,O,11.72,6.05,1.21,A,0.0,8.0,1.0,3.0,1,,,,,,,,,,,,,,,,,,,,,,,,,,,
2026-08-16,2026,Nacional,Estoril,2.0,0.0,H,U,2.61,3.33,2.54,D,3.0,5.0,7.0,4.0,1,,,,,,,,,,,,,,,,,,,,,,,,,,,
2026-08-16,2026,Famalicao,Maritimo,1.0,2.0,A,O,1.78,3.5,4.35,D,4.0,4.0,5.0,1.0,1,,,,,,,,,,,,,,,,,,,,,,,,,,,
2026-08-16,2026,Arouca,Moreirense,4.0,0.0,H,O,2.07,3.26,3.46,H,6.0,1.0,5.0,3.0,1,,,,,,,,,,,,,,,,,,,,,,,,,,,
2026-08-15,2026,Rio Ave,Porto,0.0,2.0,A,U,7.38,4.51,1.4,A,1.0,6.0,6.0,6.0,1,,,,,,,,,,,,,,,,,,,,,,,,,,,
2026-08-15,2026,Alverca,Estrela,2.0,2.0,D,O,2.15,3.25,3.28,D,4.0,7.0,2.0,0.0,1,,,,,,,,,,,,,,,,,,,,,,,,,,,
2026-08-15,2026,Academico Viseu,Santa Clara,0.0,1.0,A,U,2.84,3.17,2.45,A,1.0,2.0,4.0,2.0,1,,,,,,,,,,,,,,,,,,,,,,,,,,,
2026-08-14,2026,Sp Lisbon,Guimaraes,3.0,2.0,H,O,1.31,5.22,8.46,H,3.0,3.0,5.0,1.0,1,,,,,,,,,,,,,,,,,,,,,,,,,,,
2026-08-10,2026,Santa Clara,Nacional,2.0,2.0,D,O,1.85,3.32,4.17,D,7.0,4.0,4.0,4.0,1,,,,,,,,,,,,,,,,,,,,,,,,,,,
2026-08-09,2026,Porto,Alverca,2.0,0.0,H,U,1.17,6.4,13.33,H,4.0,5.0,7.0,9.0,1,,,,,,,,,,,,,,,,,,,,,,,,,,,
2026-08-09,2026,Moreirense,Sp Braga,2.0,2.0,D,O,4.68,3.64,1.7,D,3.0,4.0,4.0,2.0,1,,,,,,,,,,,,,,,,,,,,,,,,,,,
2026-08-09,2026,Gil Vicente,Rio Ave,1.0,0.0,H,U,1.93,3.43,3.74,D,5.0,2.0,5.0,2.0,1,,,,,,,,,,,,,,,,,,,,,,,,,,,
2026-08-09,2026,Benfica,Academico Viseu,2.0,2.0,D,O,1.1,8.53,20.37,H,11.0,4.0,10.0,2.0,1,,,,,,,,,,,,,,,,,,,,,,,,,,,
2026-08-08,2026,Maritimo,Casa Pia,1.0,0.0,H,U,2.41,3.35,2.76,D,4.0,4.0,2.0,6.0,1,,,,,,,,,,,,,,,,,,,,,,,,,,,
2026-08-08,2026,Guimaraes,Arouca,0.0,1.0,A,U,1.9,3.47,3.83,D,3.0,2.0,5.0,2.0,1,,,,,,,,,,,,,,,,,,,,,,,,,,,
2026-08-08,2026,Estrela,Sp Lisbon,2.0,2.0,D,O,11.3,5.96,1.22,D,4.0,8.0,5.0,4.0,1,,,,,,,,,,,,,,,,,,,,,,,,,,,
2026-08-07,2026,Estoril,Famalicao,1.0,1.0,D,U,2.85,3.28,2.38,A,3.0,3.0,7.0,6.0,1,,,,,,,,,,,,,,,,,,,,,,,,,,,
2026-05-16,2025,Sp Lisbon,Gil Vicente,3.0,0.0,H,O,1.23,5.78,10.07,H,5.0,1.0,6.0,1.0,17,2.0,0.0,1.0,1.0,12.0,4.0,8.0,7.0,5.0,2.0,5.0,-1.0,6.0,2.0,0.0,2.0,0.0,0.0,0.0,75.0,12.5,25.0,25.0,29.0,14.0,18.0,26.0
2026-05-16,2025,Sp Braga,Estrela,2.0,2.0,D,O,1.61,3.86,4.84,D,4.0,4.0,7.0,1.0,17,1.0,0.0,1.0,4.0,5.0,3.0,2.0,5.0,8.0,-3.0,0.0,-5.0,5.0,0.0,0.0,0.0,0.0,1.0,-1.0,50.0,18.8,12.5,56.2,10.0,11.0,19.0,17.0
2026-05-16,2025,Porto,Santa Clara,1.0,0.0,H,U,1.31,4.81,8.82,D,6.0,0.0,8.0,5.0,17,3.0,1.0,0.0,1.0,8.0,5.0,3.0,2.0,6.0,-4.0,6.0,-1.0,7.0,2.0,0.0,2.0,0.0,1.0,-1.0,81.2,0.0,12.5,43.8,23.0,13.0,21.0,23.0
2026-05-16,2025,Nacional,Guimaraes,2.0,0.0,H,U,1.95,3.46,3.5,D,3.0,4.0,2.0,6.0,17,2.0,1.0,2.0,2.0,4.0,3.0,1.0,3.0,9.0,-6.0,1.0,-6.0,7.0,1.0,0.0,1.0,0.0,2.0,-2.0,31.2,56.2,25.0,62.5,20.0,16.0,22.0,22.0
2026-05-16,2025,Moreirense,AVS,0.0,0.0,D,U,1.76,3.62,4.16,D,4.0,0.0,5.0,3.0,17,2.0,1.0,2.0,1.0,4.0,4.0,0.0,4.0,6.0,-2.0,0.0,-2.0,2.0,0.0,0.0,0.0,0.0,1.0,-1.0,50.0,37.5,6.2,62.5,13.0,15.0,13.0,22.0
2026-05-16,2025,Famalicao,Alverca,1.0,0.0,H,U,1.59,3.93,4.92,D,2.0,1.0,6.0,5.0,17,2.0,1.0,0.0,2.0,5.0,4.0,1.0,3.0,5.0,-2.0,2.0,-1.0,3.0,0.0,0.0,0.0,0.0,0.0,0.0,50.0,25.0,18.8,56.2,22.0,20.0,31.0,23.0
2026-05-16,2025,Estoril,Benfica,1.0,3.0,A,O,7.81,5.31,1.31,A,6.0,8.0,2.0,9.0,17,0.0,2.0,3.0,0.0,2.0,7.0,-5.0,6.0,5.0,1.0,-4.0,2.0,-6.0,0.0,0.0,0.0,1.0,0.0,1.0,37.5,31.2,68.8,0.0,10.0,16.0,25.0,39.0
2026-05-16,2025,Casa Pia,Rio Ave,1.0,1.0,D,U,1.65,3.82,4.6,H,5.0,3.0,9.0,0.0,17,0.0,3.0,2.0,1.0,1.0,5.0,-4.0,3.0,3.0,0.0,-2.0,2.0,-4.0,0.0,1.0,-1.0,0.0,1.0,-1.0,12.5,37.5,31.2,37.5,9.0,17.0,18.0,17.0
2026-05-16,2025,Arouca,Tondela,3.0,1.0,H,O,3.0,3.46,2.15,H,4.0,2.0,5.0,6.0,17,2.0,1.0,1.0,2.0,7.0,3.0,4.0,6.0,9.0,-3.0,1.0,-6.0,7.0,0.0,0.0,0.0,0.0,2.0,-2.0,37.5,37.5,25.0,56.2,18.0,11.0,14.0,11.0
2026-05-11,2025,Tondela,Moreirense,2.0,0.0,H,U,1.91,3.38,3.75,H,3.0,2.0,1.0,8.0,17,0.0,0.0,2.0,2.0,2.0,3.0,-1.0,5.0,9.0,-4.0,-3.0,-6.0,3.0,0.0,0.0,0.0,1.0,2.0,-1.0,6.2,50.0,25.0,50.0,15.0,13.0,23.0,10.0
2026-05-11,2025,Santa Clara,Nacional,2.0,0.0,H,U,2.04,3.26,3.44,H,2.0,1.0,4.0,6.0,17,3.0,1.0,1.0,2.0,5.0,3.0,2.0,3.0,4.0,-1.0,2.0,-1.0,3.0,1.0,1.0,0.0,1.0,1.0,0.0,37.5,50.0,18.8,50.0,13.0,23.0,15.0,21.0
2026-05-11,2025,Rio Ave,Sp Lisbon,1.0,4.0,A,O,9.64,5.89,1.23,A,3.0,5.0,5.0,6.0,17,1.0,2.0,1.0,0.0,5.0,8.0,-3.0,5.0,4.0,1.0,0.0,4.0,-4.0,0.0,1.0,-1.0,0.0,0.0,0.0,18.8,43.8,68.8,0.0,21.0,24.0,31.0,28.0
2026-05-11,2025,Guimaraes,Casa Pia,0.0,1.0,A,U,1.72,3.67,4.3,D,2.0,5.0,6.0,4.0,17,2.0,0.0,1.0,3.0,9.0,2.0,7.0,3.0,9.0,-6.0,6.0,-7.0,13.0,2.0,0.0,2.0,0.0,2.0,-2.0,50.0,25.0,18.8,62.5,20.0,11.0,9.0,20.0
2026-05-11,2025,Gil Vicente,Arouca,1.0,3.0,A,O,1.69,3.67,4.55,D,5.0,6.0,6.0,2.0,17,2.0,1.0,1.0,3.0,7.0,2.0,5.0,4.0,4.0,0.0,3.0,-2.0,5.0,1.0,0.0,1.0,0.0,0.0,0.0,56.2,25.0,25.0,62.5,22.0,10.0,20.0,16.0
2026-05-11,2025,Estrela,Famalicao,0.0,0.0,D,U,3.51,3.42,1.96,D,1.0,4.0,3.0,10.0,17,1.0,2.0,2.0,0.0,7.0,7.0,0.0,5.0,5.0,0.0,2.0,2.0,0.0,1.0,0.0,1.0,0.0,0.0,0.0,25.0,43.8,37.5,25.0,19.0,18.0,10.0,20.0
2026-05-11,2025,Benfica,Sp Braga,2.0,2.0,D,O,1.4,4.45,6.61,D,8.0,2.0,8.0,2.0,17,3.0,3.0,0.0,1.0,11.0,5.0,6.0,3.0,3.0,0.0,8.0,2.0,6.0,3.0,0.0,3.0,0.0,0.0,0.0,68.8,0.0,50.0,25.0,26.0,19.0,36.0,21.0
2026-05-10,2025,Alverca,Estoril,1.0,1.0,D,U,2.36,3.44,2.69,H,1.0,3.0,4.0,4.0,17,2.0,1.0,1.0,2.0,6.0,4.0,2.0,6.0,5.0,1.0,0.0,-1.0,1.0,1.0,0.0,1.0,1.0,0.0,1.0,43.8,31.2,25.0,56.2,14.0,10.0,26.0,12.0
2026-05-10,2025,AVS,Porto,3.0,1.0,H,O,11.83,6.26,1.19,H,5.0,4.0,3.0,7.0,17,0.0,3.0,1.0,0.0,2.0,9.0,-7.0,3.0,5.0,-2.0,-1.0,4.0,-5.0,0.0,1.0,-1.0,0.0,0.0,0.0,6.2,56.2,87.5,6.2,13.0,18.0,16.0,21.0
2026-05-04,2025,Sp Lisbon,Guimaraes,5.0,1.0,H,O,1.25,5.64,9.45,H,10.0,5.0,1.0,7.0,16,2.0,1.0,1.0,2.0,10.0,2.0,8.0,6.0,6.0,0.0,4.0,-4.0,8.0,2.0,0.0,2.0,0.0,2.0,-2.0,73.3,13.3,26.7,60.0,26.0,17.0,21.0,19.0
2026-05-03,2025,Sp Braga,Estoril,1.0,1.0,D,U,1.69,3.86,4.33,H,3.0,4.0,5.0,4.0,16,1.0,1.0,1.0,3.0,6.0,3.0,3.0,6.0,7.0,-1.0,0.0,-4.0,4.0,0.0,0.0,0.0,0.0,1.0,-1.0,53.3,20.0,26.7,60.0,10.0,9.0,20.0,9.0
2026-05-03,2025,Rio Ave,Gil Vicente,0.0,0.0,D,U,3.61,3.42,1.94,D,2.0,2.0,9.0,7.0,16,1.0,0.0,1.0,2.0,5.0,5.0,0.0,5.0,8.0,-3.0,0.0,-3.0,3.0,0.0,0.0,0.0,0.0,1.0,-1.0,20.0,46.7,26.7,26.7,23.0,16.0,27.0,23.0
2026-05-03,2025,Casa Pia,Tondela,0.0,1.0,A,U,2.26,3.15,3.07,D,3.0,5.0,7.0,2.0,16,0.0,1.0,1.0,2.0,2.0,4.0,-2.0,3.0,9.0,-6.0,-1.0,-5.0,4.0,0.0,1.0,-1.0,0.0,2.0,-2.0,13.3,33.3,20.0,60.0,8.0,11.0,12.0,12.0
2026-05-02,2025,Porto,Alverca,1.0,0.0,H,U,1.19,6.18,12.91,H,3.0,4.0,5.0,4.0,16,3.0,1.0,0.0,1.0,10.0,5.0,5.0,3.0,5.0,-2.0,7.0,0.0,7.0,3.0,0.0,3.0,0.0,0.0,0.0,80.0,0.0,20.0,53.3,27.0,21.0,21.0,30.0
2026-05-02,2025,Nacional,AVS,1.0,2.0,A,O,1.44,4.37,6.2,D,6.0,3.0,8.0,6.0,16,2.0,0.0,2.0,1.0,4.0,2.0,2.0,3.0,5.0,-2.0,1.0,-3.0,4.0,1.0,0.0,1.0,0.0,1.0,-1.0,33.3,53.3,0.0,66.7,19.0,14.0,17.0,16.0
2026-05-02,2025,Moreirense,Estrela,3.0,2.0,H,O,2.43,3.15,2.8,A,5.0,3.0,1.0,4.0,16,1.0,0.0,2.0,3.0,2.0,1.0,1.0,3.0,5.0,-2.0,-1.0,-4.0,3.0,0.0,0.0,0.0,0.0,1.0,-1.0,46.7,40.0,13.3,53.3,10.0,14.0,16.0,22.0
2026-05-02,2025,Famalicao,Benfica,2.0,2.0,D,O,5.2,4.01,1.55,A,5.0,3.0,6.0,4.0,16,3.0,3.0,0.0,0.0,5.0,7.0,-2.0,1.0,4.0,-3.0,4.0,3.0,1.0,1.0,0.0,1.0,0.0,0.0,0.0,53.3,26.7,73.3,0.0,24.0,16.0,32.0,38.0
2026-05-02,2025,Arouca,Santa Clara,2.0,2.0,D,O,2.81,3.05,2.5,D,5.0,4.0,5.0,6.0,16,3.0,1.0,1.0,1.0,8.0,5.0,3.0,4.0,6.0,-2.0,4.0,-1.0,5.0,1.0,0.0,1.0,0.0,1.0,-1.0,40.0,40.0,13.3,46.7,20.0,12.0,13.0,24.0
2026-04-29,2025,Sp Lisbon,Tondela,2.0,2.0,D,O,1.12,7.89,15.63,D,5.0,2.0,5.0,5.0,15,3.0,1.0,1.0,2.0,9.0,4.0,5.0,4.0,9.0,-5.0,5.0,-5.0,10.0,2.0,1.0,1.0,0.0,2.0,-2.0,78.6,14.3,21.4,64.3,26.0,14.0,30.0,11.0
2026-04-27,2025,Gil Vicente,Casa Pia,2.0,1.0,H,O,1.54,3.75,5.72,D,4.0,2.0,4.0,3.0,16,1.0,0.0,2.0,3.0,6.0,1.0,5.0,5.0,9.0,-4.0,1.0,-8.0,9.0,1.0,0.0,1.0,0.0,3.0,-3.0,53.3,26.7,20.0,60.0,23.0,10.0,21.0,24.0
2026-04-26,2025,Santa Clara,Sp Braga,2.0,1.0,H,O,3.35,3.14,2.13,A,3.0,2.0,4.0,1.0,16,2.0,3.0,2.0,1.0,4.0,5.0,-1.0,4.0,3.0,1.0,0.0,2.0,-2.0,1.0,0.0,1.0,1.0,0.0,1.0,33.3,53.3,53.3,20.0,12.0,19.0,12.0,26.0
2026-04-26,2025,Estrela,Porto,1.0,2.0,A,O,9.03,4.74,1.31,A,3.0,4.0,0.0,6.0,16,1.0,3.0,2.0,0.0,6.0,8.0,-2.0,5.0,4.0,1.0,1.0,4.0,-3.0,1.0,1.0,0.0,1.0,0.0,1.0,26.7,40.0,86.7,6.7,19.0,19.0,15.0,23.0
2026-04-26,2025,Estoril,Famalicao,0.0,1.0,A,U,2.97,3.46,2.18,D,2.0,6.0,9.0,4.0,16,1.0,1.0,2.0,0.0,5.0,6.0,-1.0,6.0,5.0,1.0,-1.0,1.0,-2.0,1.0,0.0,1.0,1.0,0.0,1.0,40.0,26.7,33.3,26.7,15.0,16.0,17.0,21.0
2026-04-26,2025,AVS,Sp Lisbon,1.0,1.0,D,U,16.78,8.82,1.1,D,4.0,8.0,0.0,9.0,16,1.0,3.0,1.0,0.0,4.0,10.0,-6.0,2.0,3.0,-1.0,2.0,7.0,-5.0,1.0,2.0,-1.0,0.0,0.0,0.0,6.7,60.0,73.3,0.0,12.0,24.0,25.0,27.0
2026-04-25,2025,Tondela,Nacional,0.0,2.0,A,U,2.7,3.29,2.43,A,5.0,6.0,8.0,7.0,16,0.0,0.0,1.0,3.0,4.0,1.0,3.0,5.0,7.0,-2.0,-1.0,-6.0,5.0,0.0,0.0,0.0,0.0,2.0,-2.0,6.7,46.7,13.3,53.3,14.0,22.0,19.0,15.0
2026-04-25,2025,Guimaraes,Rio Ave,2.0,0.0,H,U,1.8,3.42,4.18,D,3.0,4.0,3.0,5.0,16,2.0,3.0,1.0,1.0,9.0,5.0,4.0,4.0,2.0,2.0,5.0,3.0,2.0,1.0,1.0,0.0,0.0,0.0,0.0,46.7,26.7,33.3,33.3,23.0,14.0,15.0,13.0
2026-04-25,2025,Benfica,Moreirense,4.0,1.0,H,O,1.13,7.63,15.6,H,8.0,4.0,9.0,2.0,16,3.0,1.0,0.0,1.0,10.0,4.0,6.0,2.0,6.0,-4.0,8.0,-2.0,10.0,3.0,0.0,3.0,0.0,1.0,-1.0,66.7,0.0,26.7,46.7,27.0,12.0,37.0,9.0
2026-04-24,2025,Alverca,Arouca,2.0,1.0,H,O,2.19,3.28,3.12,H,3.0,3.0,6.0,3.0,16,1.0,1.0,1.0,3.0,5.0,2.0,3.0,6.0,5.0,1.0,-1.0,-3.0,2.0,1.0,0.0,1.0,1.0,1.0,0.0,40.0,33.3,26.7,60.0,12.0,8.0,25.0,14.0
2026-04-23,2025,Casa Pia,Sp Braga,0.0,1.0,A,U,5.69,3.92,1.53,A,1.0,2.0,4.0,5.0,15,1.0,3.0,0.0,1.0,5.0,8.0,-3.0,4.0,3.0,1.0,1.0,5.0,-4.0,0.0,1.0,-1.0,0.0,0.0,0.0,14.3,28.6,50.0,21.4,11.0,25.0,10.0,25.0
2026-04-20,2025,Moreirense,Estoril,1.0,0.0,H,U,2.92,3.29,2.27,H,4.0,1.0,5.0,1.0,15,0.0,1.0,3.0,3.0,1.0,3.0,-2.0,6.0,9.0,-3.0,-5.0,-6.0,1.0,0.0,0.0,0.0,1.0,2.0,-1.0,42.9,42.9,28.6,57.1,8.0,10.0,12.0,17.0
2026-04-19,2025,Sp Lisbon,Benfica,1.0,2.0,A,O,2.1,3.5,3.11,A,6.0,5.0,3.0,8.0,14,4.0,3.0,0.0,0.0,10.0,7.0,3.0,3.0,4.0,-1.0,7.0,3.0,4.0,2.0,0.0,2.0,0.0,0.0,0.0,84.6,7.7,71.4,0.0,27.0,14.0,38.0,37.0
2026-04-19,2025,Sp Braga,Famalicao,2.0,2.0,D,O,1.78,3.51,4.2,D,4.0,3.0,5.0,2.0,15,2.0,1.0,1.0,1.0,7.0,4.0,3.0,6.0,4.0,2.0,1.0,0.0,1.0,0.0,0.0,0.0,0.0,0.0,0.0,57.1,21.4,35.7,28.6,13.0,14.0,15.0,20.0
2026-04-19,2025,Porto,Tondela,2.0,0.0,H,U,1.17,6.09,15.35,D,8.0,3.0,8.0,3.0,15,3.0,1.0,0.0,2.0,9.0,4.0,5.0,3.0,10.0,-7.0,6.0,-6.0,12.0,2.0,1.0,1.0,0.0,2.0,-2.0,78.6,0.0,23.1,61.5,22.0,11.0,23.0,12.0
2026-04-19,2025,Arouca,Estrela,1.0,0.0,H,U,2.03,3.23,3.54,D,3.0,3.0,4.0,3.0,15,3.0,0.0,1.0,3.0,10.0,2.0,8.0,6.0,6.0,0.0,4.0,-4.0,8.0,1.0,0.0,1.0,0.0,1.0,-1.0,35.7,42.9,14.3,50.0,23.0,15.0,10.0,21.0
2026-04-18,2025,Nacional,Alverca,1.0,0.0,H,U,2.17,3.36,3.08,D,6.0,4.0,4.0,8.0,15,1.0,1.0,3.0,0.0,3.0,6.0,-3.0,4.0,5.0,-1.0,-1.0,1.0,-2.0,1.0,0.0,1.0,0.0,0.0,0.0,28.6,57.1,21.4,50.0,15.0,21.0,18.0,27.0
2026-04-18,2025,Gil Vicente,Guimaraes,0.0,1.0,A,U,2.11,3.22,3.34,D,6.0,3.0,10.0,3.0,15,2.0,0.0,1.0,3.0,8.0,3.0,5.0,5.0,9.0,-4.0,3.0,-6.0,9.0,1.0,0.0,1.0,0.0,2.0,-2.0,57.1,21.4,21.4,64.3,22.0,18.0,16.0,18.0
2026-04-18,2025,Casa Pia,Santa Clara,0.0,0.0,D,U,3.57,3.04,2.11,D,3.0,2.0,4.0,6.0,14,2.0,1.0,0.0,1.0,7.0,6.0,1.0,5.0,7.0,-2.0,2.0,-1.0,3.0,0.0,0.0,0.0,0.0,1.0,-1.0,15.4,30.8,14.3,50.0,11.0,13.0,6.0,20.0
2026-04-17,2025,Rio Ave,AVS,2.0,2.0,D,O,1.69,3.68,4.61,D,8.0,7.0,4.0,9.0,15,1.0,0.0,2.0,2.0,4.0,0.0,4.0,5.0,6.0,-1.0,-1.0,-6.0,5.0,0.0,0.0,0.0,0.0,2.0,-2.0,21.4,50.0,0.0,71.4,21.0,7.0,30.0,8.0
2026-04-13,2025,Tondela,Gil Vicente,2.0,2.0,D,O,3.79,3.2,1.95,D,5.0,6.0,5.0,5.0,15,0.0,1.0,1.0,2.0,3.0,5.0,-2.0,4.0,7.0,-3.0,-1.0,-2.0,1.0,0.0,0.0,0.0,0.0,1.0,-1.0,7.1,50.0,28.6,28.6,13.0,14.0,25.0,24.0
2026-04-12,2025,Sp Braga,Arouca,1.0,0.0,H,U,1.37,4.59,7.19,D,2.0,1.0,6.0,5.0,14,2.0,1.0,1.0,3.0,9.0,4.0,5.0,6.0,7.0,-1.0,3.0,-3.0,6.0,1.0,0.0,1.0,0.0,1.0,-1.0,53.8,23.1,28.6,57.1,18.0,11.0,18.0,12.0
2026-04-12,2025,Estoril,Porto,1.0,3.0,A,O,6.28,4.31,1.45,A,3.0,5.0,1.0,8.0,15,1.0,2.0,1.0,1.0,6.0,6.0,0.0,5.0,5.0,0.0,1.0,1.0,0.0,1.0,0.0,1.0,0.0,0.0,0.0,42.9,21.4,85.7,7.1,18.0,20.0,21.0,25.0
2026-04-12,2025,Benfica,Nacional,2.0,0.0,H,U,1.13,7.56,14.75,H,8.0,4.0,15.0,1.0,15,3.0,0.0,0.0,3.0,10.0,2.0,8.0,3.0,7.0,-4.0,7.0,-5.0,12.0,2.0,0.0,2.0,0.0,1.0,-1.0,64.3,0.0,14.3,50.0,29.0,22.0,31.0,14.0
2026-04-12,2025,Alverca,Casa Pia,3.0,1.0,H,O,1.98,3.22,3.74,A,5.0,5.0,9.0,11.0,15,0.0,0.0,1.0,2.0,3.0,0.0,3.0,6.0,6.0,0.0,-3.0,-6.0,3.0,0.0,0.0,0.0,1.0,2.0,-1.0,35.7,35.7,21.4,57.1,11.0,8.0,25.0,14.0
2026-04-11,2025,Santa Clara,Rio Ave,0.0,2.0,A,U,1.77,3.34,4.56,D,4.0,3.0,3.0,3.0,15,2.0,2.0,2.0,2.0,6.0,3.0,3.0,6.0,5.0,1.0,0.0,-2.0,2.0,1.0,0.0,1.0,1.0,1.0,0.0,35.7,50.0,28.6,35.7,12.0,13.0,15.0,11.0
2026-04-11,2025,Estrela,Sp Lisbon,0.0,1.0,A,U,11.08,6.04,1.21,D,3.0,2.0,4.0,13.0,15,2.0,2.0,1.0,0.0,7.0,10.0,-3.0,4.0,4.0,0.0,3.0,6.0,-3.0,1.0,2.0,-1.0,1.0,0.0,1.0,28.6,35.7,71.4,0.0,20.0,25.0,14.0,22.0
2026-04-11,2025,AVS,Guimaraes,1.0,1.0,D,U,4.79,3.65,1.66,D,4.0,6.0,5.0,4.0,15,1.0,0.0,2.0,4.0,3.0,4.0,-1.0,5.0,11.0,-6.0,-2.0,-7.0,5.0,1.0,0.0,1.0,1.0,2.0,-1.0,7.1,64.3,23.1,69.2,11.0,18.0,21.0,20.0
2026-04-10,2025,Famalicao,Moreirense,1.0,1.0,D,U,1.46,4.05,6.72,A,7.0,1.0,13.0,0.0,15,4.0,1.0,0.0,2.0,7.0,3.0,4.0,1.0,6.0,-5.0,6.0,-3.0,9.0,2.0,0.0,2.0,0.0,1.0,-1.0,57.1,28.6,28.6,50.0,23.0,16.0,26.0,14.0
2026-04-06,2025,Casa Pia,Benfica,1.0,1.0,D,U,11.81,5.9,1.2,D,2.0,3.0,3.0,12.0,13,2.0,3.0,0.0,0.0,9.0,6.0,3.0,7.0,3.0,4.0,2.0,3.0,-1.0,0.0,0.0,0.0,0.0,0.0,0.0,16.7,33.3,76.9,0.0,13.0,20.0,5.0,38.0
2026-04-06,2025,Arouca,Estoril,3.0,2.0,H,O,2.42,3.44,2.61,D,4.0,3.0,3.0,3.0,14,2.0,2.0,2.0,2.0,8.0,5.0,3.0,6.0,8.0,-2.0,2.0,-3.0,5.0,1.0,1.0,0.0,0.0,2.0,-2.0,30.8,46.2,30.8,53.8,24.0,13.0,11.0,19.0
2026-04-04,2025,Rio Ave,Alverca,1.0,2.0,A,O,2.45,3.29,2.68,A,5.0,6.0,8.0,4.0,14,1.0,0.0,2.0,1.0,3.0,5.0,-2.0,6.0,6.0,0.0,-3.0,-1.0,-2.0,0.0,0.0,0.0,1.0,0.0,1.0,23.1,46.2,15.4,53.8,16.0,17.0,27.0,24.0
2026-04-04,2025,Porto,Famalicao,2.0,2.0,D,O,1.36,4.41,8.3,H,3.0,6.0,4.0,3.0,14,3.0,1.0,0.0,2.0,8.0,2.0,6.0,2.0,7.0,-5.0,6.0,-5.0,11.0,2.0,0.0,2.0,0.0,1.0,-1.0,84.6,0.0,38.5,30.8,20.0,8.0,20.0,18.0
2026-04-04,2025,Nacional,Estrela,2.0,0.0,H,U,2.05,3.37,3.34,H,4.0,2.0,5.0,6.0,14,0.0,0.0,3.0,2.0,1.0,3.0,-2.0,4.0,5.0,-1.0,-3.0,-2.0,-1.0,0.0,0.0,0.0,0.0,0.0,0.0,23.1,61.5,15.4,46.2,15.0,15.0,25.0,17.0
2026-04-04,2025,Moreirense,Sp Braga,0.0,1.0,A,U,5.98,3.85,1.52,A,2.0,7.0,4.0,9.0,14,0.0,3.0,3.0,1.0,2.0,8.0,-6.0,7.0,3.0,4.0,-5.0,5.0,-10.0,0.0,1.0,-1.0,1.0,0.0,1.0,46.2,38.5,46.2,23.1,7.0,22.0,11.0,21.0
2026-04-03,2025,Sp Lisbon,Santa Clara,4.0,2.0,H,O,1.29,5.0,9.58,H,8.0,4.0,9.0,5.0,13,4.0,1.0,0.0,1.0,9.0,4.0,5.0,1.0,4.0,-3.0,8.0,0.0,8.0,2.0,0.0,2.0,0.0,0.0,0.0,83.3,8.3,15.4,46.2,23.0,14.0,33.0,21.0
2026-04-03,2025,Guimaraes,Tondela,5.0,0.0,H,O,1.79,3.4,4.32,H,5.0,1.0,3.0,1.0,15,2.0,1.0,1.0,2.0,5.0,4.0,1.0,4.0,6.0,-2.0,1.0,-2.0,3.0,0.0,1.0,-1.0,0.0,1.0,-1.0,42.9,28.6,25.0,58.3,20.0,12.0,17.0,13.0
2026-04-03,2025,Gil Vicente,AVS,3.0,0.0,H,O,1.33,4.62,8.66,H,6.0,3.0,3.0,1.0,14,2.0,0.0,1.0,2.0,10.0,1.0,9.0,5.0,6.0,-1.0,5.0,-5.0,10.0,1.0,0.0,1.0,0.0,2.0,-2.0,53.8,23.1,0.0,69.2,25.0,5.0,16.0,9.0
2026-03-22,2025,Sp Braga,Porto,1.0,2.0,A,O,3.25,3.12,2.19,D,1.0,3.0,3.0,5.0,13,3.0,2.0,0.0,1.0,13.0,5.0,8.0,4.0,4.0,0.0,9.0,1.0,8.0,2.0,0.0,2.0,0.0,0.0,0.0,58.3,16.7,84.6,7.7,24.0,20.0,22.0,21.0
2026-03-22,2025,Estoril,Rio Ave,1.0,2.0,A,O,1.71,3.79,4.27,H,4.0,8.0,11.0,7.0,14,2.0,1.0,0.0,3.0,9.0,1.0,8.0,5.0,8.0,-3.0,4.0,-7.0,11.0,2.0,0.0,2.0,0.0,2.0,-2.0,46.2,15.4,23.1,38.5,20.0,11.0,14.0,9.0
2026-03-22,2025,Alverca,Sp Lisbon,1.0,4.0,A,O,9.46,5.17,1.27,A,4.0,9.0,3.0,1.0,14,1.0,2.0,0.0,0.0,4.0,8.0,-4.0,3.0,4.0,-1.0,1.0,4.0,-3.0,0.0,1.0,-1.0,0.0,0.0,0.0,38.5,30.8,69.2,0.0,10.0,20.0,26.0,28.0
2026-03-21,2025,Tondela,AVS,0.0,0.0,D,U,1.87,3.35,4.03,D,3.0,2.0,7.0,6.0,14,0.0,0.0,1.0,2.0,3.0,4.0,-1.0,4.0,9.0,-5.0,-1.0,-5.0,4.0,0.0,0.0,0.0,0.0,2.0,-2.0,7.7,53.8,0.0,75.0,11.0,10.0,19.0,14.0
2026-03-21,2025,Santa Clara,Gil Vicente,1.0,0.0,H,U,2.65,2.95,2.73,D,2.0,0.0,6.0,6.0,14,1.0,1.0,3.0,2.0,5.0,5.0,0.0,7.0,9.0,-2.0,-2.0,-4.0,2.0,1.0,0.0,1.0,1.0,2.0,-1.0,30.8,53.8,30.8,23.1,11.0,19.0,18.0,21.0
2026-03-21,2025,Moreirense,Arouca,0.0,1.0,A,U,2.36,3.19,2.92,D,2.0,2.0,3.0,7.0,13,1.0,1.0,2.0,3.0,3.0,6.0,-3.0,6.0,7.0,-1.0,-3.0,-1.0,-2.0,0.0,1.0,-1.0,1.0,1.0,0.0,50.0,33.3,23.1,61.5,6.0,16.0,13.0,10.0
2026-03-21,2025,Famalicao,Nacional,1.0,0.0,H,U,1.67,3.72,4.59,D,4.0,6.0,7.0,6.0,14,4.0,0.0,0.0,3.0,9.0,3.0,6.0,1.0,8.0,-7.0,8.0,-5.0,13.0,3.0,0.0,3.0,0.0,1.0,-1.0,53.8,30.8,15.4,46.2,23.0,20.0,22.0,13.0
2026-03-21,2025,Benfica,Guimaraes,3.0,0.0,H,O,1.28,5.22,9.35,H,4.0,2.0,4.0,8.0,14,3.0,0.0,0.0,4.0,11.0,6.0,5.0,3.0,12.0,-9.0,8.0,-6.0,14.0,2.0,0.0,2.0,0.0,2.0,-2.0,61.5,0.0,25.0,66.7,33.0,20.0,33.0,14.0
2026-03-20,2025,Estrela,Casa Pia,4.0,0.0,H,O,2.38,3.09,2.98,H,8.0,2.0,6.0,1.0,14,1.0,0.0,2.0,2.0,3.0,0.0,3.0,9.0,5.0,4.0,-6.0,-5.0,-1.0,0.0,0.0,0.0,2.0,2.0,0.0,23.1,38.5,23.1,53.8,14.0,7.0,9.0,19.0
2026-03-15,2025,Rio Ave,Estrela,2.0,1.0,H,O,2.26,3.31,2.98,H,6.0,3.0,10.0,4.0,13,0.0,0.0,3.0,2.0,1.0,2.0,-1.0,7.0,7.0,0.0,-6.0,-5.0,-1.0,0.0,0.0,0.0,2.0,1.0,1.0,16.7,50.0,16.7,41.7,11.0,13.0,20.0,14.0
2026-03-15,2025,Porto,Moreirense,3.0,0.0,H,O,1.17,6.0,15.54,H,9.0,2.0,4.0,1.0,13,3.0,1.0,0.0,2.0,8.0,4.0,4.0,2.0,5.0,-3.0,6.0,-1.0,7.0,2.0,0.0,2.0,0.0,0.0,0.0,83.3,0.0,30.8,46.2,17.0,18.0,27.0,13.0
2026-03-15,2025,Nacional,Estoril,0.0,1.0,A,U,2.39,3.47,2.66,A,4.0,2.0,5.0,4.0,13,1.0,2.0,2.0,2.0,5.0,9.0,-4.0,3.0,8.0,-5.0,2.0,1.0,1.0,1.0,2.0,-1.0,0.0,2.0,-2.0,25.0,58.3,25.0,58.3,16.0,17.0,25.0,19.0
2026-03-15,2025,AVS,Santa Clara,0.0,1.0,A,U,4.34,3.27,1.83,D,2.0,3.0,4.0,6.0,14,1.0,0.0,2.0,2.0,3.0,3.0,0.0,5.0,5.0,0.0,-2.0,-2.0,0.0,1.0,0.0,1.0,1.0,0.0,1.0,7.7,61.5,8.3,50.0,12.0,12.0,19.0,20.0
2026-03-14,2025,Guimaraes,Famalicao,1.0,2.0,A,O,2.37,3.22,2.84,D,6.0,3.0,3.0,11.0,14,2.0,1.0,1.0,2.0,4.0,1.0,3.0,3.0,6.0,-3.0,1.0,-5.0,6.0,0.0,0.0,0.0,0.0,1.0,-1.0,46.2,23.1,33.3,33.3,17.0,8.0,20.0,9.0
2026-03-14,2025,Gil Vicente,Alverca,2.0,2.0,D,O,1.65,3.6,5.05,H,6.0,6.0,3.0,7.0,13,3.0,0.0,1.0,2.0,10.0,3.0,7.0,4.0,9.0,-5.0,6.0,-6.0,12.0,1.0,0.0,1.0,0.0,1.0,-1.0,58.3,25.0,16.7,58.3,23.0,11.0,20.0,17.0
2026-03-14,2025,Arouca,Benfica,1.0,2.0,A,O,10.23,5.49,1.25,H,6.0,5.0,2.0,15.0,13,2.0,3.0,1.0,0.0,9.0,6.0,3.0,6.0,2.0,4.0,3.0,4.0,-1.0,1.0,1.0,0.0,0.0,0.0,0.0,33.3,41.7,75.0,0.0,23.0,23.0,13.0,34.0
2026-03-09,2025,Tondela,Rio Ave,0.0,1.0,A,U,2.06,3.27,3.44,D,2.0,2.0,3.0,2.0,13,0.0,0.0,1.0,4.0,3.0,0.0,3.0,4.0,12.0,-8.0,-1.0,-12.0,11.0,0.0,0.0,0.0,0.0,3.0,-3.0,8.3,50.0,16.7,41.7,11.0,9.0,17.0,8.0
2026-03-08,2025,Santa Clara,Guimaraes,2.0,0.0,H,U,2.57,2.98,2.77,H,4.0,6.0,2.0,4.0,13,0.0,0.0,4.0,3.0,3.0,6.0,-3.0,8.0,10.0,-2.0,-5.0,-4.0,-1.0,0.0,0.0,0.0,1.0,1.0,0.0,25.0,58.3,27.3,63.6,7.0,16.0,18.0,13.0
2026-03-08,2025,Estrela,Gil Vicente,2.0,2.0,D,O,4.25,3.31,1.83,A,5.0,6.0,0.0,8.0,13,1.0,1.0,2.0,2.0,4.0,5.0,-1.0,10.0,9.0,1.0,-6.0,-4.0,-2.0,0.0,0.0,0.0,2.0,2.0,0.0,25.0,41.7,33.3,25.0,13.0,18.0,14.0,21.0
2026-03-08,2025,Benfica,Porto,2.0,2.0,D,O,2.13,3.18,3.34,A,6.0,6.0,8.0,2.0,13,4.0,3.0,0.0,1.0,12.0,4.0,8.0,2.0,2.0,0.0,10.0,2.0,8.0,3.0,0.0,3.0,0.0,0.0,0.0,66.7,0.0,91.7,8.3,30.0,19.0,32.0,26.0
2026-03-07,2025,Sp Braga,Sp Lisbon,2.0,2.0,D,O,3.3,3.33,2.08,A,3.0,5.0,6.0,5.0,12,3.0,2.0,0.0,0.0,13.0,7.0,6.0,4.0,3.0,1.0,9.0,4.0,5.0,2.0,1.0,1.0,0.0,0.0,0.0,63.6,18.2,75.0,0.0,24.0,19.0,17.0,30.0
2026-03-07,2025,Moreirense,Nacional,1.0,1.0,D,U,2.31,3.19,2.97,H,2.0,7.0,4.0,7.0,12,2.0,0.0,2.0,4.0,3.0,3.0,0.0,5.0,9.0,-4.0,-2.0,-6.0,4.0,0.0,0.0,0.0,1.0,1.0,0.0,54.5,36.4,16.7,50.0,6.0,17.0,13.0,9.0
2026-03-07,2025,Estoril,Casa Pia,0.0,0.0,D,U,1.69,3.77,4.43,D,1.0,2.0,4.0,5.0,13,3.0,0.0,0.0,3.0,13.0,1.0,12.0,6.0,8.0,-2.0,7.0,-7.0,14.0,3.0,0.0,3.0,0.0,3.0,-3.0,50.0,16.7,25.0,58.3,23.0,10.0,13.0,18.0
2026-03-07,2025,Alverca,AVS,0.0,0.0,D,U,1.7,3.56,4.68,D,2.0,2.0,8.0,0.0,13,2.0,0.0,0.0,3.0,5.0,4.0,1.0,3.0,11.0,-8.0,2.0,-7.0,9.0,0.0,0.0,0.0,0.0,3.0,-3.0,41.7,33.3,0.0,81.8,12.0,9.0,21.0,14.0
2026-03-06,2025,Famalicao,Arouca,1.0,0.0,H,U,1.75,3.55,4.37,D,6.0,4.0,5.0,1.0,13,3.0,2.0,1.0,2.0,10.0,7.0,3.0,4.0,6.0,-2.0,6.0,1.0,5.0,3.0,1.0,2.0,0.0,1.0,-1.0,50.0,33.3,25.0,58.3,22.0,15.0,26.0,12.0
2026-03-02,2025,Gil Vicente,Benfica,1.0,2.0,A,O,5.66,3.69,1.56,A,5.0,3.0,5.0,3.0,12,3.0,2.0,0.0,0.0,10.0,6.0,4.0,3.0,3.0,0.0,7.0,3.0,4.0,1.0,1.0,0.0,0.0,0.0,0.0,63.6,18.2,72.7,0.0,27.0,26.0,23.0,36.0
2026-03-01,2025,Tondela,Santa Clara,2.0,2.0,D,O,3.16,2.96,2.35,D,4.0,3.0,4.0,7.0,12,1.0,0.0,1.0,2.0,4.0,4.0,0.0,3.0,6.0,-3.0,1.0,-2.0,3.0,1.0,0.0,1.0,0.0,0.0,0.0,9.1,54.5,9.1,54.5,10.0,15.0,15.0,21.0
2026-03-01,2025,Rio Ave,Famalicao,0.0,0.0,D,U,3.93,3.48,1.86,D,4.0,4.0,5.0,5.0,12,1.0,1.0,3.0,3.0,4.0,1.0,3.0,8.0,7.0,1.0,-4.0,-6.0,2.0,1.0,0.0,1.0,2.0,1.0,1.0,18.2,54.5,36.4,36.4,15.0,6.0,24.0,8.0
2026-03-01,2025,Casa Pia,Moreirense,1.0,1.0,D,U,2.65,2.95,2.74,H,2.0,6.0,1.0,7.0,12,2.0,2.0,0.0,2.0,8.0,5.0,3.0,6.0,4.0,2.0,2.0,1.0,1.0,0.0,1.0,-1.0,0.0,0.0,0.0,18.2,36.4,33.3,50.0,13.0,17.0,6.0,10.0
2026-02-28,2025,Nacional,Sp Braga,1.0,2.0,A,O,5.47,4.0,1.54,A,5.0,8.0,3.0,6.0,12,1.0,2.0,1.0,1.0,7.0,9.0,-2.0,4.0,5.0,-1.0,3.0,4.0,-1.0,1.0,1.0,0.0,0.0,0.0,0.0,27.3,54.5,41.7,25.0,16.0,20.0,24.0,22.0
2026-02-28,2025,Guimaraes,Alverca,1.0,1.0,D,U,1.75,3.46,4.5,D,6.0,5.0,0.0,11.0,13,3.0,0.0,1.0,3.0,5.0,3.0,2.0,3.0,12.0,-9.0,2.0,-9.0,11.0,0.0,0.0,0.0,0.0,2.0,-2.0,50.0,25.0,18.2,63.6,15.0,13.0,22.0,13.0
2026-02-28,2025,AVS,Estrela,0.0,0.0,D,U,2.63,3.09,2.64,D,3.0,6.0,7.0,9.0,13,1.0,1.0,3.0,2.0,3.0,5.0,-2.0,7.0,9.0,-2.0,-4.0,-4.0,0.0,1.0,0.0,1.0,2.0,1.0,1.0,8.3,66.7,18.2,45.5,13.0,11.0,14.0,9.0
2026-02-27,2025,Sp Lisbon,Estoril,3.0,0.0,H,O,1.17,7.15,11.65,H,7.0,3.0,4.0,1.0,12,4.0,2.0,0.0,2.0,10.0,10.0,0.0,1.0,8.0,-7.0,9.0,2.0,7.0,2.0,2.0,0.0,0.0,2.0,-2.0,81.8,9.1,27.3,54.5,28.0,18.0,37.0,21.0
2026-02-27,2025,Porto,Arouca,3.0,1.0,H,O,1.21,5.77,12.23,H,7.0,1.0,5.0,1.0,12,3.0,2.0,0.0,2.0,7.0,7.0,0.0,1.0,6.0,-5.0,6.0,1.0,5.0,2.0,1.0,1.0,0.0,1.0,-1.0,81.8,0.0,27.3,54.5,14.0,18.0,29.0,20.0
2026-02-23,2025,Famalicao,Casa Pia,2.0,0.0,H,U,1.63,3.65,5.18,H,7.0,1.0,7.0,7.0,12,3.0,1.0,1.0,2.0,12.0,3.0,9.0,4.0,7.0,-3.0,8.0,-4.0,12.0,3.0,0.0,3.0,0.0,2.0,-2.0,45.5,36.4,27.3,54.5,27.0,14.0,23.0,15.0
2026-02-22,2025,Porto,Rio Ave,1.0,0.0,H,U,1.11,8.15,19.15,H,3.0,1.0,10.0,1.0,11,3.0,0.0,0.0,3.0,9.0,2.0,7.0,2.0,13.0,-11.0,7.0,-11.0,18.0,3.0,0.0,3.0,0.0,3.0,-3.0,80.0,0.0,18.2,36.4,17.0,10.0,23.0,8.0
2026-02-22,2025,Estoril,Gil Vicente,3.0,1.0,H,O,2.69,3.27,2.48,D,7.0,4.0,1.0,4.0,12,3.0,1.0,0.0,1.0,11.0,5.0,6.0,5.0,7.0,-2.0,6.0,-2.0,8.0,2.0,0.0,2.0,0.0,1.0,-1.0,45.5,18.2,36.4,18.2,23.0,16.0,21.0,25.0
2026-02-21,2025,Sp Braga,Guimaraes,3.0,2.0,H,O,1.56,3.89,5.46,H,7.0,4.0,0.0,2.0,11,3.0,1.0,0.0,2.0,11.0,5.0,6.0,2.0,7.0,-5.0,9.0,-2.0,11.0,2.0,0.0,2.0,0.0,1.0,-1.0,60.0,20.0,30.0,60.0,20.0,15.0,22.0,17.0
2026-02-21,2025,Moreirense,Sp Lisbon,0.0,3.0,A,O,9.63,5.21,1.28,D,2.0,8.0,1.0,8.0,11,2.0,2.0,2.0,0.0,3.0,8.0,-5.0,6.0,4.0,2.0,-3.0,4.0,-7.0,0.0,1.0,-1.0,1.0,0.0,1.0,60.0,30.0,72.7,0.0,6.0,18.0,16.0,27.0
2026-02-21,2025,Benfica,AVS,3.0,0.0,H,O,1.08,9.3,22.63,H,9.0,0.0,10.0,1.0,12,4.0,0.0,0.0,3.0,10.0,4.0,6.0,2.0,14.0,-12.0,8.0,-10.0,18.0,2.0,0.0,2.0,0.0,3.0,-3.0,63.6,0.0,0.0,80.0,27.0,12.0,27.0,14.0
2026-02-21,2025,Arouca,Nacional,3.0,0.0,H,O,2.3,3.29,2.94,D,7.0,5.0,4.0,1.0,12,2.0,0.0,1.0,3.0,7.0,5.0,2.0,6.0,8.0,-2.0,1.0,-3.0,4.0,0.0,0.0,0.0,0.0,0.0,0.0,27.3,45.5,18.2,45.5,20.0,18.0,17.0,10.0
2026-02-21,2025,Alverca,Santa Clara,1.0,1.0,D,U,2.85,2.88,2.62,H,1.0,3.0,5.0,2.0,12,2.0,0.0,1.0,3.0,4.0,3.0,1.0,5.0,6.0,-1.0,-1.0,-3.0,2.0,0.0,0.0,0.0,1.0,0.0,1.0,45.5,36.4,10.0,60.0,16.0,14.0,20.0,20.0
2026-02-20,2025,Estrela,Tondela,0.0,2.0,A,U,2.55,3.05,2.79,A,3.0,5.0,5.0,3.0,12,1.0,0.0,1.0,3.0,4.0,3.0,1.0,8.0,9.0,-1.0,-4.0,-6.0,2.0,0.0,0.0,0.0,1.0,2.0,-1.0,27.3,36.4,18.2,63.6,13.0,12.0,12.0,20.0
2026-02-16,2025,Rio Ave,Moreirense,1.0,2.0,A,O,2.85,3.1,2.46,D,6.0,3.0,7.0,1.0,11,1.0,1.0,3.0,2.0,3.0,3.0,0.0,7.0,3.0,4.0,-4.0,0.0,-4.0,1.0,1.0,0.0,2.0,0.0,2.0,20.0,50.0,27.3,54.5,11.0,21.0,23.0,16.0
2026-02-15,2025,Sp Lisbon,Famalicao,1.0,0.0,H,U,1.3,5.03,8.8,D,5.0,1.0,14.0,1.0,11,4.0,1.0,0.0,3.0,15.0,1.0,14.0,1.0,7.0,-6.0,14.0,-6.0,20.0,3.0,0.0,3.0,0.0,1.0,-1.0,80.0,10.0,40.0,30.0,37.0,7.0,31.0,9.0
2026-02-15,2025,Nacional,Porto,0.0,1.0,A,U,8.79,4.8,1.32,D,2.0,5.0,5.0,8.0,11,2.0,3.0,0.0,1.0,10.0,6.0,4.0,4.0,2.0,2.0,6.0,4.0,2.0,2.0,1.0,1.0,0.0,0.0,0.0,30.0,50.0,90.9,9.1,18.0,20.0,22.0,19.0
2026-02-15,2025,AVS,Estoril,3.0,0.0,H,O,4.06,3.67,1.78,D,3.0,2.0,9.0,9.0,12,0.0,2.0,3.0,2.0,2.0,10.0,-8.0,9.0,9.0,0.0,-7.0,1.0,-8.0,0.0,2.0,-2.0,2.0,2.0,0.0,0.0,72.7,30.0,50.0,13.0,20.0,14.0,21.0
2026-02-14,2025,Guimaraes,Estrela,2.0,1.0,H,O,1.68,3.5,5.02,A,6.0,4.0,9.0,2.0,12,2.0,1.0,2.0,2.0,4.0,5.0,-1.0,6.0,10.0,-4.0,-2.0,-5.0,3.0,0.0,0.0,0.0,1.0,2.0,-1.0,45.5,27.3,20.0,40.0,14.0,8.0,15.0,7.0
2026-02-14,2025,Gil Vicente,Sp Braga,2.0,1.0,H,O,3.51,3.21,2.06,A,5.0,2.0,5.0,6.0,11,2.0,2.0,0.0,1.0,10.0,8.0,2.0,4.0,4.0,0.0,6.0,4.0,2.0,1.0,1.0,0.0,0.0,0.0,0.0,60.0,20.0,45.5,18.2,27.0,23.0,28.0,21.0
2026-02-14,2025,Casa Pia,Arouca,3.0,2.0,H,O,2.64,3.1,2.65,H,4.0,4.0,2.0,3.0,11,1.0,2.0,0.0,1.0,6.0,5.0,1.0,5.0,3.0,2.0,1.0,2.0,-1.0,0.0,1.0,-1.0,0.0,1.0,-1.0,10.0,40.0,30.0,50.0,10.0,16.0,5.0,21.0
2026-02-13,2025,Tondela,Alverca,1.0,1.0,D,U,2.46,3.04,2.9,A,4.0,4.0,11.0,5.0,11,1.0,0.0,2.0,4.0,4.0,2.0,2.0,4.0,12.0,-8.0,0.0,-10.0,10.0,1.0,0.0,1.0,0.0,2.0,-2.0,10.0,60.0,20.0,70.0,10.0,10.0,10.0,13.0
2026-02-13,2025,Santa Clara,Benfica,1.0,2.0,A,O,6.47,3.77,1.51,A,2.0,3.0,1.0,7.0,12,0.0,2.0,3.0,0.0,2.0,8.0,-6.0,6.0,2.0,4.0,-4.0,6.0,-10.0,0.0,2.0,-2.0,1.0,0.0,1.0,27.3,54.5,70.0,0.0,10.0,28.0,19.0,33.0
2026-02-09,2025,Porto,Sp Lisbon,1.0,1.0,D,U,2.24,3.03,3.27,D,1.0,3.0,1.0,8.0,10,4.0,2.0,0.0,0.0,9.0,8.0,1.0,1.0,4.0,-3.0,8.0,4.0,4.0,3.0,1.0,2.0,0.0,0.0,0.0,88.9,0.0,80.0,0.0,22.0,17.0,27.0,21.0
2026-02-09,2025,Famalicao,AVS,3.0,1.0,H,O,1.37,4.49,7.68,D,6.0,1.0,7.0,2.0,11,2.0,0.0,2.0,3.0,10.0,3.0,7.0,5.0,15.0,-10.0,5.0,-12.0,17.0,2.0,0.0,2.0,0.0,3.0,-3.0,40.0,40.0,0.0,77.8,25.0,12.0,19.0,15.0
2026-02-08,2025,Sp Braga,Rio Ave,3.0,0.0,H,O,1.23,5.77,10.56,H,7.0,2.0,9.0,1.0,10,3.0,1.0,0.0,2.0,10.0,4.0,6.0,3.0,11.0,-8.0,7.0,-7.0,14.0,1.0,0.0,1.0,0.0,2.0,-2.0,55.6,22.2,20.0,30.0,16.0,16.0,18.0,18.0
2026-02-08,2025,Nacional,Casa Pia,0.0,0.0,D,U,2.06,3.18,3.57,D,4.0,3.0,12.0,1.0,10,2.0,1.0,1.0,3.0,11.0,3.0,8.0,6.0,8.0,-2.0,5.0,-5.0,10.0,2.0,0.0,2.0,0.0,2.0,-2.0,33.3,55.6,30.0,60.0,16.0,13.0,12.0,21.0
2026-02-08,2025,Benfica,Alverca,2.0,1.0,H,O,1.17,6.23,15.65,D,10.0,2.0,9.0,1.0,11,3.0,1.0,0.0,3.0,9.0,3.0,6.0,2.0,10.0,-8.0,7.0,-7.0,14.0,2.0,1.0,1.0,0.0,2.0,-2.0,60.0,0.0,22.2,66.7,21.0,13.0,21.0,16.0
2026-02-07,2025,Moreirense,Gil Vicente,1.0,2.0,A,O,3.29,2.97,2.27,A,1.0,4.0,3.0,6.0,10,2.0,0.0,1.0,1.0,4.0,3.0,1.0,6.0,6.0,0.0,-2.0,-3.0,1.0,0.0,0.0,0.0,1.0,1.0,0.0,66.7,22.2,30.0,20.0,11.0,13.0,18.0,23.0
2026-02-07,2025,Estrela,Santa Clara,1.0,0.0,H,U,3.33,2.9,2.29,D,4.0,5.0,3.0,6.0,11,1.0,0.0,1.0,2.0,6.0,4.0,2.0,9.0,6.0,3.0,-3.0,-2.0,-1.0,1.0,0.0,1.0,1.0,0.0,1.0,20.0,40.0,11.1,55.6,18.0,12.0,14.0,19.0
2026-02-07,2025,Estoril,Tondela,2.0,2.0,D,O,1.68,3.76,4.6,D,6.0,5.0,5.0,4.0,11,3.0,1.0,0.0,3.0,12.0,2.0,10.0,6.0,7.0,-1.0,6.0,-5.0,11.0,2.0,0.0,2.0,0.0,2.0,-2.0,50.0,20.0,20.0,70.0,22.0,9.0,17.0,19.0
2026-02-07,2025,Arouca,Guimaraes,3.0,2.0,H,O,2.83,3.19,2.42,A,6.0,6.0,1.0,6.0,11,1.0,2.0,2.0,1.0,4.0,4.0,0.0,8.0,4.0,4.0,-4.0,0.0,-4.0,0.0,0.0,0.0,1.0,1.0,0.0,20.0,50.0,33.3,55.6,15.0,11.0,16.0,14.0
2026-02-02,2025,Casa Pia,Porto,2.0,1.0,H,O,10.75,5.04,1.27,H,3.0,6.0,0.0,10.0,10,0.0,4.0,1.0,0.0,4.0,7.0,-3.0,6.0,0.0,6.0,-2.0,7.0,-9.0,0.0,2.0,-2.0,1.0,0.0,1.0,0.0,44.4,100.0,0.0,7.0,20.0,11.0,13.0
2026-02-02,2025,AVS,Sp Braga,0.0,4.0,A,O,8.08,4.56,1.36,A,3.0,8.0,1.0,4.0,11,0.0,2.0,3.0,1.0,3.0,6.0,-3.0,7.0,5.0,2.0,-4.0,1.0,-5.0,0.0,0.0,0.0,1.0,0.0,1.0,0.0,70.0,40.0,20.0,15.0,22.0,16.0,26.0
2026-02-01,2025,Tondela,Benfica,0.0,0.0,D,U,12.59,5.69,1.21,D,1.0,9.0,1.0,13.0,10,1.0,3.0,3.0,0.0,4.0,10.0,-6.0,6.0,3.0,3.0,-2.0,7.0,-9.0,1.0,2.0,-1.0,1.0,0.0,1.0,11.1,66.7,77.8,0.0,11.0,27.0,11.0,31.0
2026-02-01,2025,Sp Lisbon,Nacional,2.0,1.0,H,O,1.13,7.87,16.71,D,7.0,4.0,11.0,0.0,10,4.0,0.0,0.0,3.0,17.0,4.0,13.0,0.0,7.0,-7.0,17.0,-3.0,20.0,4.0,0.0,4.0,0.0,0.0,0.0,77.8,11.1,20.0,40.0,36.0,17.0,25.0,12.0
2026-02-01,2025,Gil Vicente,Famalicao,5.0,0.0,H,O,2.64,3.06,2.69,H,9.0,0.0,3.0,1.0,10,1.0,1.0,1.0,2.0,5.0,3.0,2.0,5.0,4.0,1.0,0.0,-1.0,1.0,0.0,0.0,0.0,0.0,0.0,0.0,55.6,22.2,44.4,22.2,20.0,15.0,37.0,12.0
2026-01-31,2025,Santa Clara,Estoril,2.0,4.0,A,O,2.2,3.08,3.3,A,4.0,6.0,6.0,5.0,11,1.0,1.0,2.0,3.0,1.0,6.0,-5.0,2.0,8.0,-6.0,-1.0,-2.0,1.0,0.0,1.0,-1.0,0.0,2.0,-2.0,30.0,50.0,22.2,55.6,9.0,16.0,20.0,20.0
2026-01-31,2025,Rio Ave,Arouca,0.0,3.0,A,O,2.46,3.15,2.8,A,0.0,7.0,5.0,5.0,10,1.0,1.0,2.0,2.0,4.0,3.0,1.0,5.0,6.0,-1.0,-1.0,-3.0,2.0,1.0,0.0,1.0,1.0,2.0,-1.0,22.2,44.4,22.2,55.6,15.0,11.0,19.0,19.0
2026-01-31,2025,Alverca,Estrela,1.0,1.0,D,U,2.09,3.11,3.54,D,4.0,2.0,9.0,2.0,11,3.0,1.0,1.0,3.0,4.0,4.0,0.0,4.0,13.0,-9.0,0.0,-9.0,9.0,0.0,0.0,0.0,1.0,3.0,-2.0,50.0,40.0,22.2,44.4,16.0,9.0,13.0,6.0
2026-01-30,2025,Guimaraes,Moreirense,1.0,0.0,H,U,1.84,3.27,4.35,D,2.0,5.0,5.0,5.0,11,1.0,1.0,2.0,1.0,3.0,6.0,-3.0,6.0,5.0,1.0,-3.0,1.0,-4.0,0.0,1.0,-1.0,1.0,0.0,1.0,40.0,30.0,30.0,50.0,15.0,21.0,18.0,16.0
2026-01-26,2025,Porto,Gil Vicente,3.0,0.0,H,O,1.37,4.38,8.24,H,6.0,5.0,11.0,3.0,9,4.0,0.0,0.0,0.0,8.0,4.0,4.0,2.0,4.0,-2.0,6.0,0.0,6.0,2.0,0.0,2.0,0.0,0.0,0.0,87.5,0.0,33.3,11.1,20.0,13.0,18.0,24.0
2026-01-25,2025,Sp Braga,Alverca,5.0,0.0,H,O,1.38,4.48,7.53,H,7.0,0.0,7.0,0.0,9,3.0,1.0,0.0,3.0,9.0,3.0,6.0,3.0,7.0,-4.0,6.0,-4.0,10.0,1.0,1.0,0.0,0.0,2.0,-2.0,50.0,25.0,25.0,62.5,17.0,13.0,15.0,16.0
2026-01-25,2025,Nacional,Rio Ave,4.0,0.0,H,O,2.2,3.25,3.15,H,5.0,6.0,5.0,5.0,9,1.0,1.0,2.0,1.0,7.0,5.0,2.0,7.0,8.0,-1.0,0.0,-3.0,3.0,1.0,0.0,1.0,0.0,1.0,-1.0,25.0,62.5,22.2,22.2,14.0,14.0,10.0,16.0
2026-01-25,2025,Famalicao,Tondela,3.0,0.0,H,O,1.59,3.7,5.58,H,4.0,0.0,3.0,4.0,10,1.0,1.0,3.0,2.0,7.0,4.0,3.0,6.0,6.0,0.0,1.0,-2.0,3.0,1.0,0.0,1.0,0.0,1.0,-1.0,33.3,44.4,22.2,66.7,21.0,12.0,18.0,18.0
2026-01-25,2025,Benfica,Estrela,4.0,0.0,H,O,1.12,7.72,18.86,H,8.0,1.0,6.0,1.0,10,2.0,2.0,0.0,2.0,7.0,9.0,-2.0,4.0,12.0,-8.0,3.0,-3.0,6.0,1.0,1.0,0.0,0.0,2.0,-2.0,55.6,0.0,25.0,37.5,19.0,14.0,21.0,7.0
2026-01-24,2025,Moreirense,Santa Clara,1.0,0.0,H,U,2.71,2.87,2.76,D,1.0,1.0,5.0,5.0,9,1.0,0.0,2.0,2.0,4.0,4.0,0.0,8.0,6.0,2.0,-4.0,-2.0,-2.0,0.0,0.0,0.0,1.0,0.0,1.0,62.5,25.0,12.5,50.0,11.0,15.0,15.0,14.0
2026-01-24,2025,Estoril,Guimaraes,4.0,2.0,H,O,2.43,3.17,2.81,A,6.0,4.0,4.0,2.0,10,3.0,2.0,0.0,1.0,12.0,2.0,10.0,7.0,2.0,5.0,5.0,0.0,5.0,1.0,0.0,1.0,0.0,1.0,-1.0,44.4,22.2,37.5,50.0,23.0,10.0,23.0,16.0
2026-01-24,2025,Arouca,Sp Lisbon,1.0,2.0,A,O,10.87,5.7,1.23,A,5.0,4.0,4.0,7.0,10,1.0,2.0,2.0,0.0,3.0,8.0,-5.0,8.0,4.0,4.0,-5.0,4.0,-9.0,0.0,1.0,-1.0,2.0,0.0,2.0,22.2,44.4,77.8,0.0,12.0,20.0,17.0,26.0
2026-01-23,2025,Casa Pia,AVS,3.0,3.0,D,O,2.0,3.16,3.83,H,4.0,7.0,2.0,11.0,9,0.0,0.0,2.0,4.0,4.0,0.0,4.0,8.0,14.0,-6.0,-4.0,-14.0,10.0,0.0,0.0,0.0,2.0,4.0,-2.0,0.0,50.0,0.0,87.5,7.0,7.0,14.0,8.0
2026-01-19,2025,Estrela,Estoril,0.0,5.0,A,O,2.76,3.27,2.44,A,2.0,6.0,1.0,4.0,10,1.0,1.0,0.0,3.0,7.0,5.0,2.0,5.0,8.0,-3.0,2.0,-3.0,5.0,1.0,1.0,0.0,0.0,2.0,-2.0,22.2,33.3,12.5,62.5,20.0,16.0,15.0,22.0
2026-01-18,2025,Tondela,Sp Braga,0.0,1.0,A,U,5.69,3.67,1.58,D,2.0,4.0,1.0,5.0,9,1.0,2.0,3.0,1.0,4.0,9.0,-5.0,6.0,5.0,1.0,-2.0,4.0,-6.0,1.0,1.0,0.0,1.0,0.0,1.0,12.5,62.5,33.3,22.2,13.0,24.0,14.0,27.0
2026-01-18,2025,Santa Clara,Famalicao,0.0,1.0,A,U,2.96,2.93,2.5,D,1.0,3.0,9.0,2.0,10,1.0,1.0,2.0,2.0,2.0,3.0,-1.0,3.0,4.0,-1.0,-1.0,-1.0,0.0,0.0,0.0,0.0,0.0,0.0,0.0,33.3,44.4,37.5,25.0,10.0,16.0,13.0,20.0
2026-01-18,2025,Guimaraes,Porto,0.0,1.0,A,U,7.07,4.04,1.45,D,3.0,3.0,6.0,1.0,10,2.0,4.0,1.0,0.0,7.0,7.0,0.0,5.0,0.0,5.0,2.0,7.0,-5.0,1.0,2.0,-1.0,1.0,0.0,1.0,44.4,22.2,100.0,0.0,16.0,23.0,19.0,16.0
2026-01-17,2025,Rio Ave,Benfica,0.0,2.0,A,U,9.32,5.04,1.3,A,1.0,8.0,3.0,11.0,9,1.0,3.0,2.0,0.0,4.0,11.0,-7.0,7.0,3.0,4.0,-3.0,8.0,-11.0,1.0,2.0,-1.0,1.0,0.0,1.0,25.0,37.5,75.0,0.0,14.0,29.0,16.0,26.0
2026-01-17,2025,Gil Vicente,Nacional,2.0,1.0,H,O,1.62,3.68,5.3,D,4.0,4.0,7.0,5.0,9,1.0,0.0,1.0,2.0,4.0,4.0,0.0,4.0,6.0,-2.0,0.0,-2.0,2.0,0.0,0.0,0.0,0.0,0.0,0.0,50.0,25.0,22.2,33.3,19.0,17.0,32.0,13.0
2026-01-17,2025,Alverca,Moreirense,2.0,1.0,H,O,2.65,2.93,2.78,D,3.0,4.0,4.0,0.0,10,2.0,1.0,1.0,1.0,3.0,6.0,-3.0,4.0,5.0,-1.0,-1.0,1.0,-2.0,0.0,1.0,-1.0,1.0,0.0,1.0,44.4,44.4,33.3,44.4,18.0,18.0,18.0,19.0
2026-01-17,2025,AVS,Arouca,0.0,1.0,A,U,2.83,3.16,2.45,A,3.0,3.0,2.0,3.0,10,0.0,0.0,2.0,3.0,4.0,5.0,-1.0,7.0,10.0,-3.0,-3.0,-5.0,2.0,0.0,0.0,0.0,1.0,2.0,-1.0,0.0,66.7,12.5,62.5,20.0,12.0,15.0,18.0
2026-01-16,2025,Sp Lisbon,Casa Pia,3.0,0.0,H,O,1.19,6.44,12.88,H,4.0,1.0,4.0,6.0,9,4.0,1.0,0.0,2.0,16.0,5.0,11.0,0.0,7.0,-7.0,16.0,-2.0,18.0,4.0,0.0,4.0,0.0,1.0,-1.0,75.0,12.5,33.3,55.6,40.0,16.0,31.0,17.0
2026-01-11,2025,Nacional,Santa Clara,3.0,3.0,D,O,2.75,2.95,2.65,D,5.0,6.0,2.0,8.0,8,2.0,0.0,2.0,3.0,7.0,2.0,5.0,6.0,5.0,1.0,1.0,-3.0,4.0,1.0,0.0,1.0,0.0,0.0,0.0,28.6,71.4,14.3,57.1,16.0,14.0,10.0,9.0
2026-01-11,2025,Moreirense,Tondela,1.0,0.0,H,U,2.09,3.21,3.49,D,2.0,2.0,4.0,2.0,8,1.0,1.0,2.0,2.0,5.0,4.0,1.0,9.0,8.0,1.0,-4.0,-4.0,0.0,0.0,0.0,0.0,1.0,2.0,-1.0,57.1,28.6,25.0,62.5,13.0,13.0,17.0,23.0
2026-01-04,2025,Santa Clara,Porto,0.0,1.0,A,U,7.43,3.91,1.45,D,0.0,5.0,2.0,7.0,9,2.0,4.0,1.0,0.0,4.0,8.0,-4.0,2.0,1.0,1.0,2.0,7.0,-5.0,1.0,2.0,-1.0,0.0,0.0,0.0,37.5,37.5,100.0,0.0,15.0,25.0,19.0,16.0
2026-01-04,2025,Rio Ave,Casa Pia,3.0,1.0,H,O,2.29,3.1,3.14,D,8.0,5.0,9.0,4.0,8,1.0,1.0,2.0,2.0,4.0,4.0,0.0,6.0,8.0,-2.0,-2.0,-4.0,2.0,1.0,0.0,1.0,1.0,1.0,0.0,14.3,42.9,37.5,50.0,13.0,12.0,13.0,15.0
2026-01-04,2025,Alverca,Famalicao,1.0,0.0,H,U,3.6,3.25,2.02,D,4.0,2.0,3.0,4.0,9,1.0,1.0,2.0,1.0,2.0,4.0,-2.0,8.0,4.0,4.0,-6.0,0.0,-6.0,0.0,0.0,0.0,2.0,0.0,2.0,37.5,50.0,42.9,14.3,16.0,19.0,16.0,27.0
2026-01-03,2025,Tondela,Arouca,3.0,1.0,H,O,2.11,3.25,3.37,H,3.0,4.0,2.0,9.0,8,0.0,0.0,4.0,3.0,1.0,4.0,-3.0,8.0,12.0,-4.0,-7.0,-8.0,1.0,0.0,0.0,0.0,2.0,2.0,0.0,0.0,71.4,14.3,57.1,12.0,8.0,14.0,10.0
2026-01-03,2025,Estrela,Sp Braga,3.0,3.0,D,O,6.55,4.13,1.47,D,4.0,6.0,5.0,7.0,9,1.0,2.0,1.0,2.0,5.0,7.0,-2.0,4.0,4.0,0.0,1.0,3.0,-2.0,1.0,1.0,0.0,0.0,0.0,0.0,25.0,37.5,37.5,25.0,18.0,21.0,14.0,23.0
2026-01-03,2025,Benfica,Estoril,3.0,1.0,H,O,1.22,5.89,11.31,H,3.0,4.0,7.0,3.0,9,2.0,1.0,0.0,2.0,9.0,6.0,3.0,3.0,7.0,-4.0,6.0,-1.0,7.0,1.0,1.0,0.0,0.0,1.0,-1.0,50.0,0.0,14.3,57.1,24.0,15.0,23.0,26.0
2026-01-03,2025,AVS,Moreirense,0.0,2.0,A,U,3.29,3.12,2.2,A,4.0,5.0,2.0,4.0,9,0.0,1.0,1.0,1.0,6.0,6.0,0.0,7.0,5.0,2.0,-1.0,1.0,-2.0,0.0,1.0,-1.0,0.0,0.0,0.0,0.0,62.5,25.0,50.0,21.0,18.0,18.0,17.0
2026-01-02,2025,Guimaraes,Nacional,2.0,1.0,H,O,1.85,3.38,4.17,D,4.0,4.0,2.0,3.0,9,1.0,0.0,2.0,1.0,5.0,4.0,1.0,7.0,5.0,2.0,-2.0,-1.0,-1.0,1.0,0.0,1.0,2.0,0.0,2.0,37.5,25.0,25.0,25.0,15.0,17.0,20.0,15.0
2026-01-02,2025,Gil Vicente,Sp Lisbon,1.0,1.0,D,U,7.03,4.25,1.43,A,9.0,4.0,8.0,7.0,8,2.0,3.0,1.0,0.0,5.0,10.0,-5.0,3.0,3.0,0.0,2.0,7.0,-5.0,1.0,2.0,-1.0,0.0,0.0,0.0,57.1,28.6,87.5,0.0,17.0,31.0,29.0,28.0
2025-12-29,2025,Porto,AVS,2.0,0.0,H,U,1.12,7.87,17.82,D,4.0,1.0,7.0,0.0,8,3.0,0.0,0.0,4.0,6.0,0.0,6.0,2.0,15.0,-13.0,4.0,-15.0,19.0,1.0,0.0,1.0,0.0,4.0,-4.0,85.7,0.0,0.0,85.7,18.0,8.0,14.0,14.0
2025-12-28,2025,Sp Lisbon,Rio Ave,4.0,0.0,H,O,1.14,7.56,14.63,H,12.0,0.0,8.0,1.0,8,3.0,2.0,0.0,0.0,13.0,7.0,6.0,1.0,5.0,-4.0,12.0,2.0,10.0,3.0,0.0,3.0,0.0,0.0,0.0,71.4,14.3,25.0,12.5,31.0,16.0,24.0,20.0
2025-12-28,2025,Sp Braga,Benfica,2.0,2.0,D,O,3.35,3.24,2.12,H,3.0,6.0,1.0,5.0,8,3.0,3.0,1.0,0.0,7.0,9.0,-2.0,2.0,1.0,1.0,5.0,8.0,-3.0,1.0,2.0,-1.0,0.0,0.0,0.0,57.1,28.6,85.7,0.0,15.0,24.0,20.0,24.0
2025-12-28,2025,Casa Pia,Guimaraes,0.0,0.0,D,U,3.19,3.01,2.3,D,2.0,2.0,2.0,3.0,8,0.0,2.0,2.0,2.0,6.0,2.0,4.0,10.0,4.0,6.0,-4.0,-2.0,-2.0,0.0,0.0,0.0,2.0,2.0,0.0,0.0,57.1,42.9,57.1,10.0,11.0,18.0,18.0
2025-12-28,2025,Arouca,Gil Vicente,2.0,2.0,D,O,3.87,3.25,1.95,H,5.0,5.0,4.0,8.0,9,1.0,1.0,2.0,0.0,2.0,6.0,-4.0,7.0,2.0,5.0,-5.0,4.0,-9.0,0.0,1.0,-1.0,2.0,0.0,2.0,25.0,50.0,37.5,12.5,10.0,13.0,17.0,20.0
2025-12-27,2025,Famalicao,Estrela,2.0,3.0,A,O,1.56,3.81,5.61,D,5.0,4.0,9.0,4.0,9,2.0,1.0,2.0,3.0,7.0,6.0,1.0,3.0,12.0,-9.0,4.0,-6.0,10.0,2.0,1.0,1.0,0.0,3.0,-3.0,37.5,37.5,14.3,42.9,26.0,15.0,14.0,10.0
2025-12-27,2025,Estoril,Alverca,4.0,1.0,H,O,2.17,3.3,3.21,H,4.0,7.0,3.0,7.0,9,2.0,2.0,0.0,2.0,9.0,5.0,4.0,7.0,4.0,3.0,2.0,1.0,1.0,0.0,2.0,-2.0,0.0,1.0,-1.0,37.5,25.0,28.6,57.1,23.0,12.0,26.0,14.0
2025-12-23,2025,Guimaraes,Sp Lisbon,1.0,4.0,A,O,7.34,4.41,1.39,A,5.0,7.0,2.0,5.0,8,2.0,3.0,1.0,0.0,6.0,7.0,-1.0,4.0,2.0,2.0,2.0,5.0,-3.0,1.0,1.0,0.0,1.0,0.0,1.0,42.9,14.3,85.7,0.0,17.0,26.0,27.0,32.0
2025-12-22,2025,Benfica,Famalicao,1.0,0.0,H,U,1.33,4.74,8.55,H,6.0,2.0,5.0,2.0,8,2.0,1.0,0.0,0.0,10.0,5.0,5.0,4.0,4.0,0.0,6.0,1.0,5.0,1.0,0.0,1.0,0.0,0.0,0.0,42.9,0.0,50.0,0.0,22.0,19.0,18.0,28.0
2025-12-22,2025,Alverca,Porto,0.0,3.0,A,O,8.72,4.6,1.34,A,5.0,6.0,4.0,1.0,8,2.0,4.0,1.0,0.0,4.0,9.0,-5.0,5.0,1.0,4.0,-1.0,8.0,-9.0,1.0,2.0,-1.0,1.0,0.0,1.0,42.9,42.9,100.0,0.0,15.0,24.0,13.0,23.0
2025-12-21,2025,Tondela,Casa Pia,1.0,2.0,A,O,2.16,3.15,3.38,D,4.0,5.0,6.0,4.0,7,0.0,0.0,3.0,3.0,0.0,3.0,-3.0,6.0,9.0,-3.0,-6.0,-6.0,0.0,0.0,0.0,0.0,2.0,1.0,1.0,0.0,66.7,28.6,57.1,16.0,11.0,13.0,19.0
2025-12-21,2025,Santa Clara,Arouca,0.0,0.0,D,U,1.79,3.29,4.64,D,5.0,2.0,2.0,4.0,8,2.0,1.0,2.0,3.0,5.0,6.0,-1.0,4.0,13.0,-9.0,1.0,-7.0,8.0,1.0,0.0,1.0,0.0,2.0,-2.0,42.9,42.9,16.7,66.7,15.0,9.0,20.0,11.0
2025-12-21,2025,AVS,Nacional,2.0,2.0,D,O,3.11,3.19,2.25,H,3.0,6.0,9.0,2.0,8,0.0,1.0,2.0,1.0,5.0,3.0,2.0,8.0,3.0,5.0,-3.0,0.0,-3.0,0.0,0.0,0.0,1.0,0.0,1.0,0.0,71.4,28.6,28.6,20.0,16.0,9.0,16.0
2025-12-20,2025,Gil Vicente,Rio Ave,2.0,2.0,D,O,1.71,3.53,4.8,D,5.0,2.0,10.0,1.0,7,3.0,2.0,1.0,0.0,5.0,5.0,0.0,1.0,3.0,-2.0,4.0,2.0,2.0,2.0,0.0,2.0,0.0,0.0,0.0,66.7,33.3,28.6,14.3,15.0,17.0,23.0,25.0
2025-12-20,2025,Estrela,Moreirense,0.0,0.0,D,U,2.4,3.11,2.94,D,3.0,7.0,3.0,7.0,8,2.0,1.0,1.0,2.0,8.0,8.0,0.0,4.0,8.0,-4.0,4.0,0.0,4.0,2.0,1.0,1.0,0.0,0.0,0.0,28.6,42.9,28.6,57.1,21.0,15.0,17.0,14.0
2025-12-19,2025,Estoril,Sp Braga,1.0,0.0,H,U,5.34,3.92,1.57,H,7.0,5.0,9.0,5.0,8,1.0,2.0,1.0,1.0,8.0,8.0,0.0,8.0,4.0,4.0,0.0,4.0,-4.0,0.0,1.0,-1.0,0.0,0.0,0.0,28.6,28.6,42.9,14.3,18.0,21.0,20.0,23.0
2025-12-15,2025,Sp Braga,Santa Clara,1.0,0.0,H,U,1.49,3.88,6.74,H,3.0,2.0,5.0,1.0,7,2.0,0.0,2.0,2.0,6.0,3.0,3.0,3.0,5.0,-2.0,3.0,-2.0,5.0,1.0,0.0,1.0,0.0,0.0,0.0,50.0,33.3,16.7,50.0,19.0,17.0,20.0,13.0
2025-12-15,2025,Porto,Estrela,3.0,1.0,H,O,1.18,6.24,14.34,H,6.0,1.0,4.0,0.0,7,3.0,1.0,0.0,2.0,4.0,5.0,-1.0,1.0,9.0,-8.0,3.0,-4.0,7.0,0.0,1.0,-1.0,0.0,2.0,-2.0,83.3,0.0,16.7,33.3,17.0,17.0,15.0,12.0
2025-12-15,2025,Nacional,Tondela,3.0,1.0,H,O,2.27,3.15,3.11,D,4.0,5.0,3.0,10.0,7,1.0,2.0,3.0,1.0,5.0,5.0,0.0,7.0,6.0,1.0,-2.0,-1.0,-1.0,0.0,0.0,0.0,0.0,1.0,-1.0,16.7,83.3,28.6,57.1,18.0,12.0,10.0,17.0
2025-12-14,2025,Moreirense,Benfica,0.0,4.0,A,O,8.64,4.62,1.34,A,2.0,5.0,4.0,4.0,7,2.0,3.0,1.0,0.0,8.0,8.0,0.0,6.0,1.0,5.0,2.0,7.0,-5.0,1.0,2.0,-1.0,0.0,0.0,0.0,66.7,16.7,83.3,0.0,19.0,25.0,20.0,21.0
2025-12-14,2025,Famalicao,Estoril,4.0,0.0,H,O,1.8,3.58,4.13,H,12.0,4.0,4.0,9.0,8,1.0,1.0,2.0,2.0,3.0,6.0,-3.0,3.0,5.0,-2.0,0.0,1.0,-1.0,1.0,1.0,0.0,0.0,1.0,-1.0,28.6,42.9,16.7,50.0,19.0,14.0,21.0,17.0
2025-12-14,2025,Arouca,Alverca,1.0,0.0,H,U,2.79,3.17,2.48,D,4.0,1.0,8.0,5.0,8,0.0,2.0,3.0,2.0,1.0,6.0,-5.0,11.0,5.0,6.0,-10.0,1.0,-11.0,0.0,2.0,-2.0,3.0,1.0,2.0,14.3,57.1,33.3,50.0,9.0,14.0,14.0,9.0
2025-12-13,2025,Sp Lisbon,AVS,6.0,0.0,H,O,1.07,9.83,23.38,H,14.0,3.0,8.0,1.0,7,3.0,0.0,0.0,4.0,10.0,1.0,9.0,1.0,12.0,-11.0,9.0,-11.0,20.0,3.0,0.0,3.0,0.0,4.0,-4.0,66.7,16.7,0.0,83.3,31.0,9.0,22.0,18.0
2025-12-13,2025,Rio Ave,Guimaraes,0.0,1.0,A,U,2.67,3.23,2.55,A,2.0,3.0,6.0,6.0,7,1.0,2.0,2.0,2.0,4.0,3.0,1.0,8.0,4.0,4.0,-4.0,-1.0,-3.0,1.0,1.0,0.0,2.0,2.0,0.0,16.7,33.3,33.3,66.7,13.0,14.0,9.0,14.0
2025-12-13,2025,Casa Pia,Gil Vicente,1.0,1.0,D,U,3.6,3.01,2.13,A,1.0,2.0,1.0,8.0,7,0.0,1.0,2.0,1.0,6.0,6.0,0.0,10.0,3.0,7.0,-4.0,3.0,-7.0,0.0,1.0,-1.0,2.0,0.0,2.0,0.0,66.7,42.9,14.3,12.0,19.0,22.0,19.0
2025-12-08,2025,Guimaraes,Gil Vicente,0.0,0.0,D,U,2.74,2.95,2.68,D,3.0,1.0,8.0,4.0,7,2.0,2.0,1.0,1.0,7.0,7.0,0.0,5.0,3.0,2.0,2.0,4.0,-2.0,1.0,1.0,0.0,1.0,0.0,1.0,50.0,16.7,50.0,16.7,17.0,23.0,22.0,22.0
2025-12-07,2025,Tondela,Porto,0.0,2.0,A,U,10.66,5.26,1.26,D,2.0,6.0,2.0,4.0,6,0.0,4.0,2.0,0.0,2.0,10.0,-8.0,6.0,1.0,5.0,-4.0,9.0,-13.0,0.0,2.0,-2.0,1.0,0.0,1.0,0.0,60.0,100.0,0.0,18.0,25.0,14.0,29.0
2025-12-07,2025,Estrela,Arouca,3.0,1.0,H,O,2.19,3.21,3.24,H,9.0,2.0,5.0,3.0,7,1.0,1.0,2.0,2.0,5.0,6.0,-1.0,5.0,11.0,-6.0,0.0,-5.0,5.0,1.0,0.0,1.0,1.0,1.0,0.0,16.7,50.0,20.0,60.0,13.0,10.0,15.0,10.0
2025-12-07,2025,Estoril,Moreirense,3.0,3.0,D,O,2.01,3.33,3.59,D,5.0,5.0,1.0,5.0,7,2.0,1.0,1.0,3.0,8.0,5.0,3.0,6.0,8.0,-2.0,2.0,-3.0,5.0,1.0,1.0,0.0,0.0,1.0,-1.0,33.3,33.3,33.3,66.7,18.0,11.0,20.0,13.0
2025-12-07,2025,Alverca,Nacional,1.0,0.0,H,U,2.16,3.15,3.38,D,4.0,3.0,2.0,2.0,7,2.0,1.0,1.0,1.0,4.0,3.0,1.0,5.0,3.0,2.0,-1.0,0.0,-1.0,1.0,0.0,1.0,1.0,0.0,1.0,33.3,50.0,33.3,16.7,15.0,14.0,16.0,19.0
2025-12-06,2025,Santa Clara,Casa Pia,1.0,0.0,H,U,1.88,3.11,4.53,H,3.0,2.0,7.0,7.0,7,2.0,1.0,2.0,2.0,6.0,5.0,1.0,5.0,8.0,-3.0,1.0,-3.0,4.0,1.0,1.0,0.0,0.0,1.0,-1.0,33.3,50.0,33.3,50.0,18.0,13.0,20.0,18.0
2025-12-06,2025,Famalicao,Sp Braga,1.0,2.0,A,O,3.28,3.34,2.11,D,4.0,7.0,3.0,9.0,7,1.0,1.0,2.0,1.0,3.0,7.0,-4.0,3.0,4.0,-1.0,0.0,3.0,-3.0,1.0,1.0,0.0,0.0,0.0,0.0,33.3,33.3,33.3,16.7,18.0,19.0,23.0,19.0
2025-12-06,2025,AVS,Rio Ave,1.0,2.0,A,O,2.93,3.19,2.37,A,5.0,8.0,3.0,11.0,7,0.0,1.0,2.0,0.0,4.0,4.0,0.0,9.0,3.0,6.0,-5.0,1.0,-6.0,0.0,0.0,0.0,2.0,0.0,2.0,0.0,66.7,16.7,16.7,16.0,11.0,8.0,16.0
2025-12-05,2025,Benfica,Sp Lisbon,1.0,1.0,D,U,2.68,3.11,2.62,D,4.0,2.0,3.0,2.0,7,2.0,4.0,0.0,0.0,10.0,8.0,2.0,4.0,2.0,2.0,6.0,6.0,0.0,1.0,1.0,0.0,0.0,0.0,0.0,50.0,0.0,100.0,0.0,25.0,28.0,26.0,34.0
2025-12-01,2025,Arouca,Sp Braga,0.0,4.0,A,O,5.89,4.06,1.51,A,1.0,6.0,0.0,6.0,7,0.0,0.0,3.0,1.0,1.0,5.0,-4.0,9.0,6.0,3.0,-8.0,-1.0,-7.0,0.0,0.0,0.0,3.0,0.0,3.0,16.7,50.0,20.0,20.0,11.0,22.0,21.0,20.0
2025-11-30,2025,Sp Lisbon,Estrela,4.0,0.0,H,O,1.1,8.68,19.69,H,6.0,3.0,5.0,1.0,6,2.0,1.0,1.0,1.0,7.0,5.0,2.0,3.0,5.0,-2.0,4.0,0.0,4.0,2.0,1.0,1.0,0.0,1.0,-1.0,60.0,20.0,20.0,20.0,28.0,14.0,22.0,11.0
2025-11-30,2025,Rio Ave,Santa Clara,1.0,1.0,D,U,2.94,3.05,2.44,D,4.0,3.0,1.0,5.0,6,1.0,1.0,2.0,2.0,5.0,3.0,2.0,9.0,4.0,5.0,-4.0,-1.0,-3.0,1.0,0.0,1.0,2.0,0.0,2.0,20.0,40.0,20.0,60.0,12.0,18.0,9.0,15.0
2025-11-30,2025,Porto,Estoril,1.0,0.0,H,U,1.24,5.64,10.72,H,6.0,2.0,5.0,4.0,6,3.0,1.0,0.0,1.0,7.0,8.0,-1.0,1.0,6.0,-5.0,6.0,2.0,4.0,1.0,1.0,0.0,0.0,1.0,-1.0,80.0,0.0,20.0,40.0,18.0,17.0,17.0,17.0
2025-11-29,2025,Nacional,Benfica,1.0,2.0,A,O,8.03,4.84,1.34,D,2.0,8.0,2.0,11.0,6,1.0,3.0,3.0,0.0,5.0,8.0,-3.0,9.0,1.0,8.0,-4.0,7.0,-11.0,0.0,2.0,-2.0,1.0,0.0,1.0,20.0,80.0,80.0,0.0,17.0,19.0,11.0,12.0
2025-11-29,2025,Moreirense,Famalicao,2.0,2.0,D,O,3.4,3.24,2.11,A,6.0,8.0,5.0,4.0,6,3.0,2.0,1.0,0.0,8.0,4.0,4.0,4.0,2.0,2.0,4.0,2.0,2.0,2.0,0.0,2.0,0.0,0.0,0.0,80.0,20.0,60.0,0.0,17.0,14.0,18.0,33.0
2025-11-29,2025,Gil Vicente,Tondela,0.0,1.0,A,U,1.61,3.65,5.57,A,2.0,2.0,12.0,3.0,6,4.0,1.0,0.0,2.0,7.0,4.0,3.0,0.0,7.0,-7.0,7.0,-3.0,10.0,3.0,0.0,3.0,0.0,1.0,-1.0,80.0,20.0,16.7,66.7,17.0,16.0,15.0,20.0
2025-11-29,2025,Casa Pia,Alverca,0.0,2.0,A,U,2.46,3.01,2.97,D,0.0,5.0,6.0,4.0,6,0.0,1.0,2.0,2.0,6.0,6.0,0.0,10.0,7.0,3.0,-4.0,-1.0,-3.0,0.0,1.0,-1.0,2.0,1.0,1.0,0.0,60.0,20.0,60.0,15.0,11.0,18.0,7.0
2025-11-28,2025,Guimaraes,AVS,4.0,0.0,H,O,1.7,3.5,4.94,H,4.0,1.0,7.0,3.0,6,1.0,0.0,1.0,3.0,4.0,3.0,1.0,6.0,10.0,-4.0,-2.0,-7.0,5.0,0.0,0.0,0.0,1.0,3.0,-2.0,40.0,20.0,0.0,80.0,16.0,10.0,17.0,18.0
2025-11-09,2025,Sp Braga,Moreirense,2.0,1.0,H,O,1.38,4.56,7.52,H,3.0,1.0,5.0,3.0,6,1.0,1.0,2.0,3.0,6.0,4.0,2.0,4.0,8.0,-4.0,2.0,-4.0,6.0,1.0,1.0,0.0,0.0,2.0,-2.0,40.0,40.0,40.0,60.0,21.0,10.0,26.0,13.0
2025-11-09,2025,Famalicao,Porto,0.0,1.0,A,U,5.27,3.79,1.6,A,0.0,6.0,2.0,4.0,6,1.0,4.0,1.0,0.0,3.0,11.0,-8.0,2.0,2.0,0.0,1.0,9.0,-8.0,1.0,2.0,-1.0,0.0,0.0,0.0,40.0,20.0,100.0,0.0,21.0,26.0,23.0,28.0
2025-11-09,2025,Estrela,Nacional,1.0,1.0,D,U,2.71,3.18,2.55,A,4.0,4.0,2.0,6.0,6,1.0,2.0,2.0,1.0,6.0,4.0,2.0,6.0,2.0,4.0,0.0,2.0,-2.0,1.0,1.0,0.0,1.0,0.0,1.0,20.0,60.0,40.0,20.0,15.0,12.0,19.0,16.0
2025-11-09,2025,Benfica,Casa Pia,2.0,2.0,D,O,1.16,7.01,14.47,H,6.0,4.0,6.0,2.0,6,2.0,1.0,0.0,3.0,9.0,3.0,6.0,3.0,10.0,-7.0,6.0,-7.0,13.0,1.0,1.0,0.0,0.0,2.0,-2.0,60.0,0.0,40.0,60.0,26.0,9.0,24.0,18.0
2025-11-09,2025,AVS,Gil Vicente,1.0,1.0,D,U,4.66,3.45,1.74,A,8.0,5.0,1.0,4.0,6,0.0,2.0,3.0,1.0,3.0,6.0,-3.0,9.0,2.0,7.0,-6.0,4.0,-10.0,0.0,1.0,-1.0,2.0,0.0,2.0,0.0,80.0,60.0,20.0,11.0,26.0,12.0,27.0
2025-11-08,2025,Tondela,Guimaraes,0.0,1.0,A,U,2.78,3.08,2.55,D,4.0,2.0,4.0,3.0,5,0.0,1.0,2.0,3.0,2.0,2.0,0.0,6.0,6.0,0.0,-4.0,-4.0,0.0,0.0,1.0,-1.0,1.0,3.0,-2.0,0.0,50.0,20.0,80.0,18.0,16.0,12.0,18.0
2025-11-08,2025,Santa Clara,Sp Lisbon,1.0,2.0,A,O,7.93,4.35,1.39,D,2.0,7.0,2.0,12.0,6,2.0,4.0,1.0,0.0,5.0,10.0,-5.0,3.0,2.0,1.0,2.0,8.0,-6.0,1.0,2.0,-1.0,0.0,0.0,0.0,40.0,40.0,100.0,0.0,19.0,28.0,26.0,35.0
2025-11-08,2025,Alverca,Rio Ave,1.0,1.0,D,U,2.24,3.24,3.11,A,5.0,4.0,9.0,3.0,6,2.0,1.0,2.0,1.0,4.0,4.0,0.0,6.0,5.0,1.0,-2.0,-1.0,-1.0,1.0,0.0,1.0,1.0,1.0,0.0,40.0,60.0,20.0,20.0,17.0,11.0,12.0,16.0
2025-11-07,2025,Estoril,Arouca,4.0,3.0,H,O,1.99,3.46,3.55,D,7.0,4.0,10.0,2.0,6,1.0,1.0,2.0,2.0,4.0,3.0,1.0,4.0,13.0,-9.0,0.0,-10.0,10.0,1.0,0.0,1.0,0.0,2.0,-2.0,20.0,40.0,25.0,50.0,15.0,7.0,15.0,9.0
2025-11-03,2025,Gil Vicente,Santa Clara,1.0,0.0,H,U,2.32,3.0,3.23,H,3.0,4.0,2.0,0.0,5,3.0,1.0,1.0,2.0,6.0,3.0,3.0,2.0,6.0,-4.0,4.0,-3.0,7.0,3.0,0.0,3.0,1.0,1.0,0.0,75.0,25.0,25.0,50.0,16.0,16.0,14.0,18.0
2025-11-02,2025,Porto,Sp Braga,2.0,1.0,H,O,1.5,4.09,6.18,H,4.0,3.0,2.0,3.0,5,3.0,1.0,0.0,0.0,8.0,7.0,1.0,0.0,4.0,-4.0,8.0,3.0,5.0,2.0,1.0,1.0,0.0,0.0,0.0,75.0,0.0,25.0,0.0,23.0,25.0,22.0,22.0
2025-11-02,2025,Arouca,Moreirense,0.0,2.0,A,U,2.52,3.21,2.74,A,2.0,5.0,5.0,2.0,6,0.0,1.0,2.0,3.0,4.0,3.0,1.0,10.0,8.0,2.0,-6.0,-5.0,-1.0,0.0,0.0,0.0,2.0,2.0,0.0,20.0,40.0,25.0,75.0,15.0,7.0,20.0,11.0
2025-11-02,2025,AVS,Tondela,2.0,2.0,D,O,3.13,3.18,2.27,D,5.0,3.0,5.0,3.0,5,0.0,1.0,4.0,3.0,1.0,2.0,-1.0,9.0,8.0,1.0,-8.0,-6.0,-2.0,0.0,0.0,0.0,3.0,2.0,1.0,0.0,100.0,20.0,80.0,9.0,17.0,8.0,19.0
2025-11-01,2025,Rio Ave,Estoril,0.0,4.0,A,O,2.4,3.26,2.83,A,0.0,6.0,0.0,6.0,5,1.0,0.0,1.0,2.0,6.0,6.0,0.0,6.0,9.0,-3.0,0.0,-3.0,3.0,1.0,0.0,1.0,1.0,1.0,0.0,25.0,25.0,0.0,50.0,21.0,16.0,15.0,13.0
2025-11-01,2025,Nacional,Famalicao,0.0,1.0,A,U,3.08,3.33,2.21,A,3.0,4.0,3.0,10.0,5,1.0,2.0,3.0,0.0,5.0,4.0,1.0,10.0,2.0,8.0,-5.0,2.0,-7.0,0.0,0.0,0.0,2.0,0.0,2.0,25.0,75.0,50.0,0.0,18.0,15.0,22.0,30.0
2025-11-01,2025,Guimaraes,Benfica,0.0,3.0,A,O,6.23,4.38,1.46,D,3.0,10.0,3.0,6.0,5,2.0,3.0,0.0,0.0,7.0,6.0,1.0,5.0,1.0,4.0,2.0,5.0,-3.0,0.0,1.0,-1.0,0.0,0.0,0.0,50.0,0.0,75.0,0.0,17.0,12.0,18.0,10.0
2025-11-01,2025,Casa Pia,Estrela,3.0,5.0,A,O,2.04,3.14,3.73,A,4.0,6.0,5.0,2.0,5,0.0,0.0,2.0,1.0,3.0,1.0,2.0,7.0,3.0,4.0,-4.0,-2.0,-2.0,0.0,0.0,0.0,2.0,1.0,1.0,0.0,50.0,0.0,25.0,13.0,13.0,15.0,13.0
2025-10-31,2025,Sp Lisbon,Alverca,2.0,0.0,H,U,1.11,8.55,18.81,D,8.0,0.0,10.0,0.0,5,2.0,1.0,1.0,2.0,11.0,7.0,4.0,3.0,7.0,-4.0,8.0,0.0,8.0,2.0,1.0,1.0,0.0,0.0,0.0,50.0,25.0,25.0,50.0,30.0,13.0,18.0,9.0
2025-10-27,2025,Moreirense,Porto,1.0,2.0,A,O,9.13,4.87,1.31,D,1.0,7.0,2.0,7.0,5,4.0,4.0,0.0,0.0,9.0,11.0,-2.0,3.0,1.0,2.0,6.0,10.0,-4.0,2.0,3.0,-1.0,0.0,0.0,0.0,100.0,0.0,100.0,0.0,19.0,23.0,22.0,26.0
2025-10-26,2025,Tondela,Sp Lisbon,0.0,3.0,A,O,9.8,5.67,1.25,A,2.0,15.0,2.0,9.0,4,,4.0,,0.0,,9.0,,,2.0,,,7.0,,,2.0,,,0.0,,0.0,33.3,100.0,0.0,,25.0,,35.0
2025-10-26,2025,Sp Braga,Casa Pia,4.0,0.0,H,O,1.41,4.39,7.27,H,8.0,1.0,4.0,2.0,5,1.0,2.0,2.0,2.0,5.0,5.0,0.0,4.0,6.0,-2.0,1.0,-1.0,2.0,1.0,2.0,-1.0,0.0,1.0,-1.0,25.0,50.0,50.0,50.0,19.0,13.0,27.0,19.0
2025-10-26,2025,Famalicao,Guimaraes,2.0,0.0,H,U,1.92,3.3,3.95,H,10.0,3.0,5.0,4.0,5,1.0,1.0,1.0,3.0,4.0,2.0,2.0,2.0,7.0,-5.0,2.0,-5.0,7.0,1.0,1.0,0.0,0.0,3.0,-3.0,25.0,25.0,25.0,75.0,14.0,15.0,20.0,18.0
2025-10-26,2025,Estoril,Nacional,1.0,1.0,D,U,2.19,3.32,3.12,A,4.0,4.0,6.0,5.0,5,1.0,2.0,2.0,1.0,4.0,4.0,0.0,4.0,2.0,2.0,0.0,2.0,-2.0,1.0,1.0,0.0,0.0,0.0,0.0,25.0,50.0,50.0,25.0,14.0,14.0,13.0,17.0
2025-10-25,2025,Santa Clara,AVS,2.0,0.0,H,U,1.51,3.78,6.74,D,5.0,2.0,8.0,4.0,5,1.0,0.0,2.0,3.0,3.0,4.0,-1.0,4.0,11.0,-7.0,-1.0,-7.0,6.0,0.0,0.0,0.0,0.0,3.0,-3.0,25.0,50.0,0.0,75.0,17.0,10.0,21.0,19.0
2025-10-25,2025,Estrela,Rio Ave,1.0,2.0,A,O,2.56,3.17,2.69,H,2.0,2.0,4.0,5.0,5,1.0,0.0,2.0,1.0,5.0,5.0,0.0,5.0,7.0,-2.0,0.0,-2.0,2.0,1.0,0.0,1.0,1.0,1.0,0.0,25.0,50.0,0.0,25.0,15.0,16.0,20.0,13.0
2025-10-25,2025,Benfica,Arouca,5.0,0.0,H,O,1.16,7.13,14.09,H,8.0,0.0,9.0,1.0,5,2.0,,0.0,,7.0,,,3.0,,,4.0,,,1.0,,,0.0,,,50.0,0.0,33.3,33.3,30.0,,28.0,
2025-10-24,2025,Alverca,Gil Vicente,0.0,4.0,A,O,3.07,3.04,2.36,A,2.0,5.0,1.0,4.0,5,2.0,2.0,2.0,1.0,4.0,4.0,0.0,5.0,2.0,3.0,-1.0,2.0,-3.0,1.0,1.0,0.0,1.0,0.0,1.0,50.0,50.0,50.0,25.0,18.0,23.0,12.0,29.0
2025-10-05,2025,Sp Lisbon,Sp Braga,1.0,1.0,D,U,1.45,4.4,6.26,H,3.0,5.0,1.0,5.0,4,,,,,,,,,,,,,,,,,,,,66.7,33.3,33.3,0.0,,,,
2025-10-05,2025,Rio Ave,Tondela,3.0,0.0,H,O,2.3,3.34,2.93,H,7.0,3.0,6.0,7.0,4,,1.0,,3.0,,2.0,,,8.0,,,-6.0,,,0.0,,,2.0,,0.0,33.3,25.0,75.0,,17.0,,15.0
2025-10-05,2025,Porto,Benfica,0.0,0.0,D,U,2.02,3.38,3.51,D,2.0,1.0,3.0,3.0,4,,,,,,,,,,,,,,,,,,,,100.0,0.0,100.0,0.0,,,,
2025-10-05,2025,Arouca,Famalicao,1.0,1.0,D,U,3.41,3.27,2.07,D,3.0,5.0,4.0,11.0,5,1.0,,2.0,,6.0,,,10.0,,,-4.0,,,1.0,,,2.0,,,25.0,50.0,66.7,0.0,16.0,,20.0,
2025-10-04,2025,Nacional,Moreirense,3.0,2.0,H,O,2.34,3.13,3.05,D,7.0,4.0,2.0,4.0,4,,,,,,,,,,,,,,,,,,,,0.0,100.0,33.3,66.7,,,,
2025-10-04,2025,Guimaraes,Santa Clara,2.0,1.0,H,O,2.4,2.97,3.07,A,7.0,5.0,9.0,3.0,4,,,,,,,,,,,,,,,,,,,,33.3,0.0,33.3,33.3,,,,
2025-10-04,2025,Gil Vicente,Estrela,2.0,0.0,H,U,1.65,3.54,5.38,H,7.0,5.0,5.0,7.0,4,,,,,,,,,,,,,,,,,,,,66.7,33.3,0.0,0.0,,,,
2025-10-04,2025,AVS,Alverca,1.0,3.0,A,O,2.86,3.05,2.5,D,2.0,6.0,0.0,5.0,4,,,,,,,,,,,,,,,,,,,,0.0,100.0,0.0,66.7,,,,
2025-10-03,2025,Casa Pia,Estoril,2.0,2.0,D,O,2.44,3.22,2.79,H,5.0,3.0,6.0,7.0,4,,,,,,,,,,,,,,,,,,,,0.0,66.7,0.0,66.7,,,,
2025-09-29,2025,Arouca,Porto,0.0,4.0,A,O,7.75,4.61,1.37,A,3.0,5.0,5.0,8.0,4,,,,,,,,,,,,,,,,,,,,33.3,33.3,100.0,0.0,,,,
2025-09-28,2025,Sp Braga,Nacional,0.0,1.0,A,U,1.42,4.36,6.93,A,1.0,5.0,6.0,3.0,4,,,,,,,,,,,,,,,,,,,,33.3,33.3,33.3,33.3,,,,
2025-09-28,2025,Famalicao,Rio Ave,0.0,0.0,D,U,1.76,3.66,4.29,D,5.0,3.0,11.0,6.0,4,,,,,,,,,,,,,,,,,,,,33.3,33.3,0.0,33.3,,,,
2025-09-28,2025,Alverca,Guimaraes,2.0,0.0,H,U,3.15,3.26,2.2,H,4.0,3.0,1.0,5.0,4,,,,,,,,,,,,,,,,,,,,33.3,66.7,33.3,66.7,,,,
2025-09-27,2025,Santa Clara,Tondela,1.0,2.0,A,O,1.7,3.39,5.18,D,5.0,4.0,3.0,4.0,4,,,,,,,,,,,,,,,,,,,,33.3,33.3,0.0,100.0,,,,
2025-09-27,2025,Moreirense,Casa Pia,2.0,1.0,H,O,2.09,3.09,3.61,D,4.0,4.0,6.0,8.0,4,,,,,,,,,,,,,,,,,,,,100.0,0.0,66.7,33.3,,,,
2025-09-27,2025,Estrela,AVS,3.0,0.0,H,O,2.04,3.15,3.73,H,6.0,2.0,6.0,6.0,4,,,,,,,,,,,,,,,,,,,,0.0,66.7,0.0,66.7,,,,
2025-09-27,2025,Estoril,Sp Lisbon,0.0,1.0,A,U,8.65,5.18,1.3,A,2.0,2.0,3.0,9.0,4,,,,,,,,,,,,,,,,,,,,33.3,33.3,100.0,0.0,,,,
2025-09-26,2025,Benfica,Gil Vicente,2.0,1.0,H,O,1.3,4.98,9.28,H,4.0,8.0,0.0,7.0,4,,,,,,,,,,,,,,,,,,,,33.3,0.0,66.7,0.0,,,,
2025-09-23,2025,Benfica,Rio Ave,1.0,1.0,D,U,1.18,6.87,12.13,D,7.0,2.0,11.0,2.0,3,,,,,,,,,,,,,,,,,,,,50.0,0.0,0.0,50.0,,,,
2025-09-22,2025,Sp Lisbon,Moreirense,3.0,0.0,H,O,1.18,6.45,13.75,D,14.0,1.0,6.0,4.0,3,,,,,,,,,,,,,,,,,,,,50.0,50.0,50.0,50.0,,,,
2025-09-21,2025,Tondela,Estrela,0.0,0.0,D,U,2.3,3.0,3.24,D,8.0,3.0,5.0,2.0,3,,,,,,,,,,,,,,,,,,,,0.0,50.0,0.0,0.0,,,,
2025-09-21,2025,Gil Vicente,Estoril,2.0,0.0,H,U,2.27,3.16,3.13,H,3.0,3.0,4.0,0.0,3,,,,,,,,,,,,,,,,,,,,50.0,50.0,0.0,50.0,,,,
2025-09-21,2025,Casa Pia,Famalicao,1.0,1.0,D,U,3.25,3.08,2.24,D,3.0,2.0,5.0,3.0,3,,,,,,,,,,,,,,,,,,,,0.0,100.0,100.0,0.0,,,,
2025-09-20,2025,Santa Clara,Alverca,2.0,1.0,H,O,1.69,3.33,5.4,D,6.0,3.0,7.0,0.0,3,,,,,,,,,,,,,,,,,,,,0.0,50.0,0.0,50.0,,,,
2025-09-20,2025,Nacional,Arouca,1.0,2.0,A,O,2.47,3.2,2.77,D,6.0,3.0,3.0,5.0,3,,,,,,,,,,,,,,,,,,,,0.0,100.0,0.0,50.0,,,,
2025-09-20,2025,Guimaraes,Sp Braga,1.0,1.0,D,U,2.91,3.24,2.34,D,3.0,5.0,3.0,5.0,3,,,,,,,,,,,,,,,,,,,,50.0,0.0,50.0,0.0,,,,
2025-09-20,2025,AVS,Benfica,0.0,3.0,A,O,14.93,6.48,1.17,A,1.0,6.0,2.0,1.0,3,,,,,,,,,,,,,,,,,,,,0.0,100.0,100.0,0.0,,,,
2025-09-19,2025,Rio Ave,Porto,0.0,3.0,A,O,7.76,4.87,1.34,A,2.0,7.0,2.0,10.0,3,,,,,,,,,,,,,,,,,,,,0.0,0.0,100.0,0.0,,,,
2025-09-14,2025,Sp Braga,Gil Vicente,0.0,1.0,A,U,1.48,4.14,6.35,A,7.0,5.0,5.0,7.0,3,,,,,,,,,,,,,,,,,,,,50.0,0.0,50.0,0.0,,,,
2025-09-14,2025,Estrela,Guimaraes,0.0,2.0,A,U,3.31,3.21,2.15,A,1.0,6.0,3.0,2.0,3,,,,,,,,,,,,,,,,,,,,0.0,50.0,0.0,100.0,,,,
2025-09-14,2025,Arouca,Casa Pia,0.0,2.0,A,U,1.93,3.35,3.83,A,3.0,4.0,7.0,6.0,3,,,,,,,,,,,,,,,,,,,,50.0,0.0,50.0,50.0,,,,
2025-09-13,2025,Porto,Nacional,1.0,0.0,H,U,1.18,6.56,14.1,H,5.0,1.0,5.0,5.0,3,,,,,,,,,,,,,,,,,,,,100.0,0.0,50.0,0.0,,,,
2025-09-13,2025,Moreirense,Rio Ave,3.0,1.0,H,O,2.45,3.09,2.9,D,8.0,4.0,7.0,3.0,3,,,,,,,,,,,,,,,,,,,,100.0,0.0,0.0,0.0,,,,
2025-09-13,2025,Famalicao,Sp Lisbon,1.0,2.0,A,O,7.27,4.58,1.39,D,3.0,4.0,5.0,4.0,3,,,,,,,,,,,,,,,,,,,,50.0,0.0,100.0,0.0,,,,
2025-09-13,2025,Estoril,AVS,3.0,1.0,H,O,1.85,3.45,4.05,H,5.0,4.0,1.0,5.0,3,,,,,,,,,,,,,,,,,,,,0.0,50.0,0.0,50.0,,,,
2025-09-12,2025,Benfica,Santa Clara,1.0,1.0,D,U,1.34,4.57,9.29,D,7.0,5.0,4.0,5.0,2,,,,,,,,,,,,,,,,,,,,100.0,0.0,50.0,50.0,,,,
2025-09-12,2025,Alverca,Tondela,1.0,0.0,H,U,2.35,3.17,3.01,H,4.0,6.0,5.0,6.0,3,,,,,,,,,,,,,,,,,,,,0.0,100.0,0.0,100.0,,,,
2025-09-06,2025,Estoril,Santa Clara,0.0,1.0,A,U,2.68,3.05,2.68,D,4.0,4.0,5.0,7.0,2,,,,,,,,,,,,,,,,,,,,0.0,0.0,0.0,100.0,,,,
2025-08-31,2025,Tondela,Estoril,2.0,2.0,D,O,2.87,3.11,2.45,A,4.0,5.0,3.0,4.0,2,,,,,,,,,,,,,,,,,,,,0.0,100.0,0.0,100.0,,,,
2025-08-31,2025,Santa Clara,Estrela,0.0,0.0,D,U,1.85,3.26,4.32,D,3.0,0.0,8.0,0.0,2,,,,,,,,,,,,,,,,,,,,0.0,100.0,0.0,0.0,,,,
2025-08-31,2025,Rio Ave,Sp Braga,2.0,2.0,D,O,4.44,3.8,1.7,H,3.0,9.0,1.0,7.0,2,,,,,,,,,,,,,,,,,,,,0.0,0.0,100.0,0.0,,,,
2025-08-31,2025,Alverca,Benfica,1.0,2.0,A,O,12.97,6.08,1.19,A,7.0,2.0,5.0,2.0,2,,,,,,,,,,,,,,,,,,,,0.0,100.0,100.0,0.0,,,,
2025-08-30,2025,Sp Lisbon,Porto,1.0,2.0,A,O,1.99,3.52,3.43,D,3.0,7.0,5.0,3.0,2,,,,,,,,,,,,,,,,,,,,100.0,0.0,100.0,0.0,,,,
2025-08-30,2025,Guimaraes,Arouca,1.0,1.0,D,U,1.77,3.62,4.24,D,3.0,3.0,2.0,2.0,2,,,,,,,,,,,,,,,,,,,,100.0,0.0,0.0,100.0,,,,
2025-08-30,2025,Casa Pia,Nacional,0.0,2.0,A,U,2.23,3.19,3.18,A,3.0,2.0,2.0,3.0,2,,,,,,,,,,,,,,,,,,,,0.0,100.0,0.0,0.0,,,,
2025-08-30,2025,AVS,Famalicao,0.0,1.0,A,U,4.06,3.35,1.88,D,3.0,3.0,5.0,9.0,2,,,,,,,,,,,,,,,,,,,,0.0,100.0,100.0,0.0,,,,
2025-08-29,2025,Gil Vicente,Moreirense,2.0,0.0,H,U,2.51,2.79,3.13,D,4.0,0.0,4.0,3.0,2,,,,,,,,,,,,,,,,,,,,0.0,100.0,100.0,0.0,,,,
2025-08-25,2025,Estrela,Alverca,2.0,2.0,D,O,1.88,3.3,4.11,A,6.0,2.0,6.0,2.0,2,,,,,,,,,,,,,,,,,,,,0.0,100.0,0.0,100.0,,,,
2025-08-24,2025,Sp Braga,AVS,2.0,2.0,D,O,1.32,4.88,8.8,A,5.0,2.0,11.0,3.0,2,,,,,,,,,,,,,,,,,,,,100.0,0.0,0.0,100.0,,,,
2025-08-24,2025,Porto,Casa Pia,4.0,0.0,H,O,1.2,6.09,12.56,H,7.0,0.0,7.0,2.0,2,,,,,,,,,,,,,,,,,,,,100.0,0.0,100.0,0.0,,,,
2025-08-24,2025,Famalicao,Gil Vicente,0.0,0.0,D,U,2.07,3.13,3.66,D,3.0,8.0,2.0,9.0,2,,,,,,,,,,,,,,,,,,,,100.0,0.0,100.0,0.0,,,,
2025-08-23,2025,Nacional,Sp Lisbon,1.0,4.0,A,O,9.58,5.79,1.25,H,1.0,7.0,3.0,13.0,2,,,,,,,,,,,,,,,,,,,,0.0,100.0,100.0,0.0,,,,
2025-08-23,2025,Moreirense,Guimaraes,2.0,0.0,H,U,3.36,3.14,2.17,D,4.0,4.0,3.0,7.0,2,,,,,,,,,,,,,,,,,,,,100.0,0.0,0.0,100.0,,,,
2025-08-23,2025,Benfica,Tondela,3.0,0.0,H,O,1.15,7.15,15.97,H,12.0,4.0,13.0,2.0,1,,,,,,,,,,,,,,,,,,,,,,0.0,100.0,,,,
2025-08-23,2025,Arouca,Rio Ave,3.0,3.0,D,O,1.98,3.39,3.62,H,6.0,7.0,4.0,2.0,2,,,,,,,,,,,,,,,,,,,,100.0,0.0,,,,,,
2025-08-18,2025,Gil Vicente,Porto,0.0,2.0,A,U,6.33,4.24,1.47,A,2.0,4.0,1.0,5.0,1,,,,,,,,,,,,,,,,,,,,,,,,,,,
2025-08-17,2025,Sp Lisbon,Arouca,6.0,0.0,H,O,1.25,5.68,10.08,H,10.0,1.0,6.0,1.0,1,,,,,,,,,,,,,,,,,,,,,,,,,,,
2025-08-17,2025,Santa Clara,Moreirense,0.0,1.0,A,U,1.87,3.12,4.5,A,3.0,2.0,3.0,0.0,1,,,,,,,,,,,,,,,,,,,,,,,,,,,
2025-08-17,2025,Rio Ave,Nacional,1.0,1.0,D,U,2.28,3.22,3.01,H,9.0,6.0,6.0,6.0,1,,,,,,,,,,,,,,,,,,,,,,,,,,,
2025-08-17,2025,Alverca,Sp Braga,0.0,3.0,A,O,5.01,3.72,1.64,A,3.0,6.0,1.0,5.0,1,,,,,,,,,,,,,,,,,,,,,,,,,,,
2025-08-16,2025,Tondela,Famalicao,0.0,1.0,A,U,2.82,3.17,2.46,D,4.0,5.0,2.0,7.0,1,,,,,,,,,,,,,,,,,,,,,,,,,,,
2025-08-16,2025,Guimaraes,Estoril,3.0,2.0,H,O,1.67,3.67,4.85,D,4.0,5.0,4.0,2.0,1,,,,,,,,,,,,,,,,,,,,,,,,,,,
2025-08-16,2025,Estrela,Benfica,0.0,1.0,A,U,13.63,6.6,1.18,D,2.0,3.0,5.0,4.0,1,,,,,,,,,,,,,,,,,,,,,,,,,,,
2025-08-15,2025,AVS,Casa Pia,0.0,2.0,A,U,2.74,3.05,2.59,A,3.0,5.0,1.0,3.0,1,,,,,,,,,,,,,,,,,,,,,,,,,,,
2025-08-11,2025,Porto,Guimaraes,3.0,0.0,H,O,1.57,3.93,5.41,H,9.0,2.0,7.0,4.0,1,,,,,,,,,,,,,,,,,,,,,,,,,,,
2025-08-11,2025,Estoril,Estrela,1.0,1.0,D,U,1.89,3.49,3.83,H,3.0,5.0,4.0,4.0,1,,,,,,,,,,,,,,,,,,,,,,,,,,,
2025-08-10,2025,Sp Braga,Tondela,3.0,0.0,H,O,1.36,4.63,7.88,H,6.0,3.0,5.0,3.0,1,,,,,,,,,,,,,,,,,,,,,,,,,,,
2025-08-10,2025,Moreirense,Alverca,2.0,1.0,H,O,2.05,3.14,3.52,D,3.0,2.0,6.0,2.0,1,,,,,,,,,,,,,,,,,,,,,,,,,,,
2025-08-10,2025,Famalicao,Santa Clara,3.0,0.0,H,O,2.38,3.11,2.97,H,3.0,2.0,2.0,3.0,1,,,,,,,,,,,,,,,,,,,,,,,,,,,
2025-08-09,2025,Nacional,Gil Vicente,0.0,2.0,A,U,2.44,3.15,2.84,A,4.0,2.0,14.0,6.0,1,,,,,,,,,,,,,,,,,,,,,,,,,,,
2025-08-09,2025,Arouca,AVS,3.0,1.0,H,O,1.82,3.49,4.17,H,4.0,2.0,4.0,5.0,1,,,,,,,,,,,,,,,,,,,,,,,,,,,
2025-08-08,2025,Casa Pia,Sp Lisbon,0.0,2.0,A,U,9.14,5.11,1.3,A,2.0,12.0,2.0,9.0,1,,,,,,,,,,,,,,,,,,,,,,,,,,,
2025-05-17,2024,Sp Lisbon,Guimaraes,2.0,0.0,H,U,1.24,5.85,10.97,D,7.0,0.0,7.0,1.0,17,3.0,3.0,0.0,0.0,9.0,7.0,2.0,4.0,4.0,0.0,5.0,3.0,2.0,2.0,0.0,2.0,0.0,0.0,0.0,81.2,6.2,31.2,25.0,29.0,16.0,28.0,18.0
2025-05-17,2024,Sp Braga,Benfica,1.0,1.0,D,U,4.86,4.14,1.62,H,7.0,2.0,6.0,6.0,17,3.0,4.0,0.0,0.0,8.0,12.0,-4.0,3.0,2.0,1.0,5.0,10.0,-5.0,1.0,3.0,-2.0,0.0,0.0,0.0,56.2,18.8,68.8,18.8,21.0,22.0,29.0,15.0
2025-05-17,2024,Porto,Nacional,3.0,0.0,H,O,1.29,5.46,9.6,H,4.0,5.0,2.0,8.0,17,3.0,1.0,1.0,2.0,8.0,2.0,6.0,6.0,5.0,1.0,2.0,-3.0,5.0,2.0,0.0,2.0,1.0,1.0,0.0,75.0,6.2,12.5,62.5,23.0,16.0,19.0,19.0
2025-05-17,2024,Farense,Santa Clara,1.0,2.0,A,O,2.73,3.03,2.73,D,2.0,5.0,3.0,6.0,17,1.0,1.0,2.0,1.0,2.0,3.0,-1.0,3.0,4.0,-1.0,-1.0,-1.0,0.0,0.0,0.0,0.0,0.0,1.0,-1.0,18.8,68.8,37.5,37.5,18.0,14.0,33.0,10.0
2025-05-17,2024,Estoril,Estrela,4.0,0.0,H,O,2.54,3.31,2.71,H,6.0,3.0,4.0,4.0,17,0.0,1.0,3.0,3.0,4.0,1.0,3.0,8.0,5.0,3.0,-4.0,-4.0,0.0,0.0,0.0,0.0,1.0,2.0,-1.0,37.5,37.5,12.5,62.5,11.0,10.0,8.0,14.0
2025-05-17,2024,Arouca,Boavista,4.0,1.0,H,O,2.0,3.51,3.57,H,7.0,5.0,2.0,11.0,17,1.0,3.0,1.0,1.0,3.0,5.0,-2.0,3.0,2.0,1.0,0.0,3.0,-3.0,0.0,1.0,-1.0,0.0,0.0,0.0,25.0,37.5,31.2,50.0,18.0,13.0,15.0,14.0
2025-05-17,2024,AVS,Moreirense,0.0,3.0,A,O,1.98,3.32,3.88,A,3.0,11.0,2.0,4.0,17,0.0,1.0,3.0,2.0,2.0,4.0,-2.0,7.0,7.0,0.0,-5.0,-3.0,-2.0,0.0,0.0,0.0,1.0,2.0,-1.0,18.8,43.8,18.8,68.8,11.0,12.0,12.0,7.0
2025-05-16,2024,Rio Ave,Gil Vicente,1.0,1.0,D,U,2.72,3.27,2.58,D,3.0,3.0,6.0,7.0,17,1.0,2.0,2.0,1.0,5.0,8.0,-3.0,6.0,4.0,2.0,-1.0,4.0,-5.0,1.0,2.0,-1.0,1.0,0.0,1.0,37.5,18.8,18.8,56.2,13.0,16.0,23.0,12.0
2025-05-16,2024,Famalicao,Casa Pia,2.0,1.0,H,O,1.94,3.51,3.86,H,4.0,1.0,13.0,4.0,17,3.0,0.0,0.0,1.0,9.0,2.0,7.0,2.0,4.0,-2.0,7.0,-2.0,9.0,2.0,0.0,2.0,0.0,1.0,-1.0,37.5,18.8,25.0,43.8,19.0,8.0,18.0,12.0
2025-05-11,2024,Moreirense,Estoril,2.0,2.0,D,O,2.4,3.27,2.94,H,5.0,5.0,2.0,7.0,17,1.0,2.0,1.0,1.0,4.0,7.0,-3.0,5.0,5.0,0.0,-1.0,2.0,-3.0,0.0,2.0,-2.0,1.0,1.0,0.0,37.5,18.8,31.2,37.5,10.0,17.0,12.0,19.0
2025-05-11,2024,Guimaraes,Farense,1.0,2.0,A,O,1.57,3.97,5.75,A,4.0,3.0,16.0,3.0,17,3.0,1.0,1.0,2.0,7.0,5.0,2.0,3.0,6.0,-3.0,4.0,-1.0,5.0,3.0,0.0,3.0,1.0,0.0,1.0,56.2,12.5,12.5,43.8,21.0,17.0,31.0,15.0
2025-05-11,2024,Estrela,AVS,0.0,1.0,A,U,1.91,3.41,4.02,D,3.0,2.0,1.0,6.0,17,1.0,0.0,2.0,4.0,3.0,2.0,1.0,5.0,16.0,-11.0,-2.0,-14.0,12.0,1.0,0.0,1.0,1.0,4.0,-3.0,31.2,43.8,6.2,56.2,11.0,8.0,22.0,12.0
2025-05-11,2024,Boavista,Porto,1.0,2.0,A,O,7.51,4.78,1.38,A,4.0,7.0,0.0,4.0,17,0.0,2.0,4.0,2.0,2.0,3.0,-1.0,11.0,4.0,7.0,-9.0,-1.0,-8.0,0.0,0.0,0.0,2.0,1.0,1.0,6.2,75.0,50.0,37.5,15.0,15.0,15.0,23.0
2025-05-10,2024,Santa Clara,Famalicao,2.0,1.0,H,O,2.17,3.14,3.52,H,5.0,4.0,3.0,6.0,17,2.0,1.0,1.0,3.0,4.0,5.0,-1.0,2.0,8.0,-6.0,2.0,-3.0,5.0,1.0,0.0,1.0,0.0,1.0,-1.0,56.2,31.2,31.2,43.8,15.0,15.0,13.0,26.0
2025-05-10,2024,Nacional,Rio Ave,3.0,3.0,D,O,1.96,3.51,3.7,A,5.0,7.0,4.0,5.0,17,1.0,1.0,3.0,3.0,4.0,3.0,1.0,7.0,6.0,1.0,-3.0,-3.0,0.0,1.0,1.0,0.0,1.0,1.0,0.0,43.8,43.8,18.8,68.8,18.0,18.0,24.0,8.0
2025-05-10,2024,Gil Vicente,Arouca,1.0,1.0,D,U,2.38,3.21,3.03,D,5.0,4.0,4.0,1.0,17,1.0,1.0,3.0,2.0,1.0,4.0,-3.0,5.0,6.0,-1.0,-4.0,-2.0,-2.0,0.0,0.0,0.0,1.0,1.0,0.0,31.2,43.8,25.0,50.0,10.0,19.0,17.0,18.0
2025-05-10,2024,Casa Pia,Sp Braga,2.0,1.0,H,O,5.64,3.85,1.59,D,3.0,6.0,2.0,7.0,17,1.0,2.0,3.0,0.0,4.0,5.0,-1.0,8.0,2.0,6.0,-4.0,3.0,-7.0,0.0,1.0,-1.0,2.0,0.0,2.0,43.8,31.2,62.5,12.5,12.0,13.0,19.0,15.0
2025-05-10,2024,Benfica,Sp Lisbon,1.0,1.0,D,U,2.15,3.4,3.28,A,1.0,4.0,6.0,2.0,17,3.0,4.0,0.0,0.0,14.0,12.0,2.0,4.0,1.0,3.0,10.0,11.0,-1.0,2.0,3.0,-1.0,0.0,0.0,0.0,87.5,6.2,68.8,6.2,38.0,29.0,31.0,14.0
2025-05-05,2024,Rio Ave,Estrela,2.0,0.0,H,U,2.36,3.27,3.01,D,6.0,3.0,5.0,3.0,16,1.0,1.0,2.0,2.0,5.0,2.0,3.0,7.0,4.0,3.0,-2.0,-2.0,0.0,0.0,0.0,0.0,1.0,1.0,0.0,33.3,20.0,13.3,60.0,14.0,8.0,20.0,12.0
2025-05-05,2024,AVS,Boavista,1.0,2.0,A,O,2.09,3.32,3.51,D,5.0,3.0,4.0,5.0,16,0.0,2.0,2.0,2.0,3.0,3.0,0.0,7.0,4.0,3.0,-4.0,-1.0,-3.0,0.0,1.0,-1.0,1.0,1.0,0.0,20.0,40.0,26.7,53.3,10.0,12.0,12.0,11.0
2025-05-04,2024,Sp Lisbon,Gil Vicente,2.0,1.0,H,O,1.12,8.01,20.69,A,3.0,1.0,9.0,2.0,16,3.0,2.0,0.0,1.0,10.0,7.0,3.0,4.0,3.0,1.0,6.0,4.0,2.0,3.0,2.0,1.0,0.0,0.0,0.0,80.0,6.7,20.0,53.3,32.0,15.0,25.0,15.0
2025-05-04,2024,Arouca,Casa Pia,0.0,0.0,D,U,2.05,3.33,3.64,D,3.0,1.0,5.0,0.0,16,1.0,0.0,2.0,2.0,3.0,2.0,1.0,5.0,5.0,0.0,-2.0,-3.0,1.0,0.0,0.0,0.0,1.0,1.0,0.0,26.7,40.0,26.7,46.7,17.0,9.0,14.0,14.0
2025-05-03,2024,Sp Braga,Santa Clara,1.0,1.0,D,U,1.73,3.45,5.1,A,4.0,3.0,8.0,0.0,16,4.0,1.0,0.0,2.0,8.0,2.0,6.0,2.0,4.0,-2.0,6.0,-2.0,8.0,1.0,0.0,1.0,0.0,1.0,-1.0,60.0,20.0,40.0,40.0,24.0,12.0,28.0,15.0
2025-05-03,2024,Nacional,Guimaraes,1.0,2.0,A,O,4.11,3.58,1.85,A,1.0,4.0,6.0,3.0,16,2.0,2.0,2.0,0.0,5.0,6.0,-1.0,6.0,4.0,2.0,-1.0,2.0,-3.0,1.0,0.0,1.0,1.0,0.0,1.0,46.7,40.0,26.7,26.7,22.0,17.0,19.0,22.0
2025-05-03,2024,Farense,Famalicao,2.0,1.0,H,O,2.55,3.2,2.78,D,6.0,4.0,4.0,10.0,16,0.0,1.0,3.0,3.0,0.0,5.0,-5.0,3.0,8.0,-5.0,-3.0,-3.0,0.0,0.0,0.0,0.0,0.0,1.0,-1.0,13.3,73.3,33.3,40.0,16.0,14.0,36.0,22.0
2025-05-03,2024,Estoril,Benfica,1.0,2.0,A,O,12.63,7.42,1.18,A,2.0,3.0,2.0,4.0,16,1.0,4.0,2.0,0.0,5.0,13.0,-8.0,7.0,3.0,4.0,-2.0,10.0,-12.0,0.0,3.0,-3.0,1.0,0.0,1.0,40.0,33.3,66.7,20.0,13.0,27.0,6.0,22.0
2025-05-02,2024,Porto,Moreirense,3.0,1.0,H,O,1.32,5.21,9.19,D,4.0,4.0,9.0,2.0,16,2.0,1.0,1.0,2.0,6.0,3.0,3.0,6.0,6.0,0.0,0.0,-3.0,3.0,1.0,0.0,1.0,1.0,2.0,-1.0,73.3,6.7,20.0,66.7,21.0,14.0,16.0,6.0
2025-04-29,2024,Casa Pia,Estoril,1.0,3.0,A,O,2.04,3.27,3.68,D,4.0,4.0,4.0,4.0,16,2.0,1.0,2.0,2.0,4.0,5.0,-1.0,5.0,7.0,-2.0,-1.0,-2.0,1.0,0.0,1.0,-1.0,1.0,2.0,-1.0,46.7,26.7,26.7,40.0,9.0,15.0,17.0,21.0
2025-04-27,2024,Moreirense,Nacional,1.0,1.0,D,U,2.2,3.03,3.59,D,3.0,4.0,2.0,5.0,16,1.0,1.0,1.0,3.0,4.0,1.0,3.0,5.0,5.0,0.0,-1.0,-4.0,3.0,0.0,0.0,0.0,1.0,1.0,0.0,40.0,20.0,13.3,66.7,9.0,15.0,14.0,20.0
2025-04-27,2024,Guimaraes,Rio Ave,3.0,0.0,H,O,1.53,4.1,5.73,H,6.0,5.0,9.0,1.0,16,3.0,1.0,1.0,3.0,5.0,4.0,1.0,3.0,5.0,-2.0,2.0,-1.0,3.0,2.0,1.0,1.0,1.0,0.0,1.0,53.3,13.3,20.0,66.7,21.0,17.0,29.0,11.0
2025-04-27,2024,Boavista,Sp Lisbon,0.0,5.0,A,O,12.4,6.26,1.21,A,0.0,12.0,3.0,5.0,16,1.0,3.0,3.0,0.0,3.0,9.0,-6.0,6.0,3.0,3.0,-3.0,6.0,-9.0,0.0,2.0,-2.0,1.0,0.0,1.0,6.7,73.3,66.7,6.7,20.0,20.0,21.0,14.0
2025-04-27,2024,Benfica,AVS,6.0,0.0,H,O,1.08,10.47,24.48,H,11.0,3.0,10.0,4.0,16,3.0,1.0,0.0,3.0,11.0,3.0,8.0,4.0,10.0,-6.0,7.0,-7.0,14.0,2.0,0.0,2.0,0.0,3.0,-3.0,86.7,6.7,6.7,53.3,41.0,8.0,34.0,9.0
2025-04-26,2024,Santa Clara,Arouca,2.0,0.0,H,U,1.92,3.24,4.18,H,4.0,5.0,3.0,5.0,16,1.0,1.0,2.0,1.0,2.0,6.0,-4.0,3.0,6.0,-3.0,-1.0,0.0,-1.0,0.0,0.0,0.0,0.0,0.0,0.0,53.3,33.3,26.7,46.7,14.0,21.0,12.0,22.0
2025-04-26,2024,Gil Vicente,Farense,1.0,0.0,H,U,2.31,3.12,3.25,D,3.0,2.0,4.0,1.0,16,0.0,1.0,4.0,1.0,0.0,7.0,-7.0,6.0,7.0,-1.0,-6.0,0.0,-6.0,0.0,0.0,0.0,1.0,0.0,1.0,26.7,46.7,13.3,40.0,9.0,22.0,18.0,23.0
2025-04-26,2024,Estrela,Porto,2.0,0.0,H,U,6.27,4.05,1.52,H,5.0,3.0,5.0,11.0,16,0.0,3.0,2.0,1.0,1.0,5.0,-4.0,5.0,2.0,3.0,-4.0,3.0,-7.0,0.0,1.0,-1.0,1.0,0.0,1.0,26.7,46.7,53.3,33.3,8.0,14.0,22.0,14.0
2025-04-25,2024,Famalicao,Sp Braga,1.0,1.0,D,U,3.26,3.29,2.24,H,4.0,3.0,6.0,9.0,16,4.0,2.0,0.0,1.0,10.0,5.0,5.0,1.0,3.0,-2.0,9.0,2.0,7.0,3.0,1.0,2.0,0.0,0.0,0.0,40.0,20.0,66.7,13.3,19.0,17.0,15.0,11.0
2025-04-19,2024,Nacional,Gil Vicente,0.0,3.0,A,O,2.37,3.12,3.11,A,7.0,4.0,9.0,0.0,15,2.0,1.0,1.0,2.0,7.0,4.0,3.0,5.0,5.0,0.0,2.0,-1.0,3.0,1.0,1.0,0.0,0.0,1.0,-1.0,50.0,35.7,14.3,57.1,21.0,15.0,17.0,17.0
2025-04-19,2024,Guimaraes,Benfica,0.0,3.0,A,O,5.39,3.94,1.6,A,6.0,7.0,7.0,3.0,15,3.0,4.0,0.0,0.0,5.0,11.0,-6.0,0.0,3.0,-3.0,5.0,8.0,-3.0,2.0,2.0,0.0,0.0,0.0,0.0,57.1,7.1,64.3,21.4,18.0,26.0,29.0,24.0
2025-04-19,2024,Estoril,Sp Braga,0.0,2.0,A,U,3.78,3.41,1.97,A,3.0,3.0,1.0,2.0,15,2.0,1.0,1.0,1.0,7.0,3.0,4.0,6.0,3.0,3.0,1.0,0.0,1.0,0.0,0.0,0.0,0.0,0.0,0.0,42.9,28.6,64.3,14.3,15.0,17.0,10.0,13.0
2025-04-19,2024,Arouca,Estrela,1.0,0.0,H,U,1.95,3.31,4.0,D,6.0,4.0,4.0,4.0,15,0.0,2.0,2.0,1.0,4.0,3.0,1.0,7.0,3.0,4.0,-3.0,0.0,-3.0,0.0,0.0,0.0,1.0,1.0,0.0,21.4,42.9,14.3,57.1,17.0,10.0,14.0,12.0
2025-04-19,2024,AVS,Casa Pia,1.0,1.0,D,U,2.94,3.12,2.49,H,3.0,4.0,3.0,4.0,15,0.0,0.0,3.0,3.0,3.0,3.0,0.0,8.0,7.0,1.0,-5.0,-4.0,-1.0,0.0,0.0,0.0,1.0,1.0,0.0,21.4,42.9,28.6,50.0,10.0,9.0,11.0,15.0
2025-04-18,2024,Sp Lisbon,Moreirense,3.0,1.0,H,O,1.23,5.8,12.08,H,10.0,2.0,4.0,2.0,15,2.0,1.0,0.0,2.0,9.0,4.0,5.0,5.0,6.0,-1.0,4.0,-2.0,6.0,2.0,0.0,2.0,0.0,1.0,-1.0,78.6,7.1,21.4,64.3,30.0,16.0,30.0,10.0
2025-04-18,2024,Rio Ave,Santa Clara,1.0,1.0,D,U,2.84,3.06,2.6,H,3.0,5.0,6.0,4.0,15,1.0,1.0,2.0,2.0,5.0,1.0,4.0,7.0,3.0,4.0,-2.0,-2.0,0.0,0.0,0.0,0.0,1.0,1.0,0.0,35.7,21.4,42.9,42.9,14.0,8.0,16.0,13.0
2025-04-18,2024,Porto,Famalicao,2.0,1.0,H,O,1.46,4.36,6.55,H,6.0,4.0,4.0,5.0,15,1.0,2.0,1.0,2.0,5.0,6.0,-1.0,6.0,6.0,0.0,-1.0,0.0,-1.0,1.0,1.0,0.0,1.0,1.0,0.0,71.4,7.1,35.7,35.7,17.0,16.0,18.0,28.0
2025-04-18,2024,Farense,Boavista,0.0,1.0,A,U,1.83,3.42,4.5,D,4.0,2.0,4.0,4.0,15,0.0,1.0,3.0,3.0,0.0,3.0,-3.0,3.0,6.0,-3.0,-3.0,-3.0,0.0,0.0,1.0,-1.0,0.0,1.0,-1.0,14.3,71.4,21.4,57.1,14.0,15.0,34.0,10.0
2025-04-13,2024,Sp Braga,AVS,4.0,1.0,H,O,1.36,4.75,8.18,H,8.0,2.0,7.0,3.0,15,4.0,1.0,0.0,2.0,6.0,3.0,3.0,1.0,7.0,-6.0,5.0,-4.0,9.0,1.0,0.0,1.0,0.0,2.0,-2.0,57.1,21.4,7.1,50.0,22.0,9.0,25.0,10.0
2025-04-13,2024,Moreirense,Rio Ave,0.0,2.0,A,U,1.97,3.23,4.06,D,1.0,4.0,2.0,2.0,15,2.0,0.0,0.0,3.0,7.0,3.0,4.0,5.0,6.0,-1.0,2.0,-3.0,5.0,0.0,0.0,0.0,0.0,0.0,0.0,42.9,14.3,14.3,71.4,13.0,17.0,16.0,12.0
2025-04-13,2024,Estrela,Farense,0.0,1.0,A,U,2.72,3.03,2.72,D,3.0,5.0,7.0,3.0,15,0.0,0.0,2.0,2.0,3.0,7.0,-4.0,7.0,10.0,-3.0,-4.0,-3.0,-1.0,0.0,0.0,0.0,1.0,1.0,0.0,28.6,42.9,7.1,42.9,8.0,19.0,15.0,21.0
2025-04-13,2024,Benfica,Arouca,2.0,2.0,D,O,1.15,7.51,15.9,D,8.0,5.0,11.0,5.0,15,4.0,2.0,0.0,1.0,12.0,6.0,6.0,4.0,5.0,-1.0,8.0,1.0,7.0,2.0,0.0,2.0,0.0,0.0,0.0,92.9,7.1,28.6,50.0,39.0,22.0,29.0,20.0
2025-04-12,2024,Santa Clara,Sp Lisbon,0.0,1.0,A,U,5.72,3.74,1.61,D,1.0,4.0,3.0,3.0,15,2.0,2.0,1.0,0.0,4.0,9.0,-5.0,3.0,4.0,-1.0,1.0,5.0,-4.0,0.0,2.0,-2.0,0.0,0.0,0.0,57.1,28.6,64.3,7.1,19.0,19.0,14.0,14.0
2025-04-12,2024,Famalicao,Estoril,3.0,0.0,H,O,2.02,3.32,3.74,D,4.0,2.0,3.0,8.0,15,3.0,1.0,0.0,1.0,7.0,7.0,0.0,1.0,6.0,-5.0,6.0,1.0,5.0,2.0,1.0,1.0,0.0,1.0,-1.0,35.7,21.4,28.6,35.7,17.0,17.0,16.0,16.0
2025-04-12,2024,Casa Pia,Porto,0.0,1.0,A,U,5.15,3.67,1.67,A,2.0,3.0,4.0,3.0,15,3.0,3.0,1.0,1.0,5.0,5.0,0.0,4.0,2.0,2.0,1.0,3.0,-2.0,0.0,1.0,-1.0,1.0,0.0,1.0,50.0,21.4,50.0,35.7,11.0,13.0,18.0,15.0
2025-04-12,2024,Boavista,Nacional,0.0,1.0,A,U,2.76,3.11,2.63,A,8.0,5.0,7.0,7.0,15,1.0,1.0,3.0,3.0,3.0,2.0,1.0,6.0,5.0,1.0,-3.0,-3.0,0.0,0.0,1.0,-1.0,1.0,1.0,0.0,7.1,71.4,7.1,71.4,13.0,14.0,21.0,16.0
2025-04-11,2024,Gil Vicente,Guimaraes,0.0,1.0,A,U,4.12,3.16,2.0,D,1.0,1.0,1.0,5.0,15,0.0,1.0,4.0,0.0,0.0,5.0,-5.0,7.0,4.0,3.0,-7.0,1.0,-8.0,0.0,0.0,0.0,2.0,0.0,2.0,28.6,42.9,21.4,28.6,10.0,18.0,22.0,28.0
2025-04-07,2024,Sp Lisbon,Sp Braga,1.0,1.0,D,U,1.52,4.22,5.87,H,7.0,3.0,4.0,0.0,14,3.0,2.0,0.0,1.0,11.0,4.0,7.0,5.0,3.0,2.0,6.0,1.0,5.0,3.0,0.0,3.0,0.0,0.0,0.0,84.6,7.7,69.2,15.4,30.0,19.0,35.0,22.0
2025-04-07,2024,Rio Ave,Boavista,0.0,2.0,A,U,1.87,3.41,4.28,A,2.0,4.0,9.0,2.0,14,1.0,0.0,1.0,4.0,7.0,1.0,6.0,7.0,9.0,-2.0,0.0,-8.0,8.0,0.0,0.0,0.0,0.0,2.0,-2.0,38.5,15.4,15.4,61.5,15.0,14.0,10.0,11.0
2025-04-07,2024,Farense,Casa Pia,0.0,0.0,D,U,2.59,3.11,2.81,D,5.0,0.0,13.0,3.0,14,0.0,0.0,4.0,4.0,0.0,4.0,-4.0,5.0,9.0,-4.0,-5.0,-5.0,0.0,0.0,0.0,0.0,1.0,1.0,0.0,15.4,76.9,30.8,53.8,15.0,11.0,33.0,14.0
2025-04-06,2024,Porto,Benfica,1.0,4.0,A,O,2.88,3.27,2.45,A,3.0,5.0,2.0,6.0,14,1.0,4.0,0.0,0.0,5.0,10.0,-5.0,3.0,4.0,-1.0,2.0,6.0,-4.0,1.0,1.0,0.0,0.0,0.0,0.0,76.9,0.0,61.5,23.1,21.0,29.0,23.0,25.0
2025-04-06,2024,Nacional,Estrela,0.0,1.0,A,U,2.09,3.18,3.72,D,4.0,3.0,7.0,5.0,14,2.0,1.0,1.0,2.0,8.0,2.0,6.0,6.0,4.0,2.0,2.0,-2.0,4.0,1.0,0.0,1.0,0.0,1.0,-1.0,53.8,30.8,7.7,61.5,21.0,10.0,13.0,9.0
2025-04-06,2024,Gil Vicente,Moreirense,0.0,1.0,A,U,2.52,3.04,2.96,D,4.0,3.0,7.0,0.0,14,0.0,0.0,4.0,3.0,1.0,3.0,-2.0,8.0,7.0,1.0,-7.0,-4.0,-3.0,0.0,0.0,0.0,2.0,1.0,1.0,30.8,38.5,15.4,69.2,12.0,14.0,18.0,12.0
2025-04-05,2024,Guimaraes,Santa Clara,2.0,0.0,H,U,1.99,3.13,4.16,H,3.0,5.0,7.0,6.0,14,3.0,2.0,0.0,1.0,5.0,3.0,2.0,0.0,2.0,-2.0,5.0,1.0,4.0,2.0,0.0,2.0,0.0,0.0,0.0,53.8,7.7,46.2,38.5,23.0,7.0,30.0,10.0
2025-04-05,2024,Arouca,Famalicao,1.0,2.0,A,O,2.47,3.22,2.88,A,8.0,4.0,3.0,7.0,14,0.0,2.0,1.0,2.0,4.0,6.0,-2.0,6.0,5.0,1.0,-2.0,1.0,-3.0,0.0,2.0,-2.0,1.0,1.0,0.0,23.1,38.5,30.8,38.5,13.0,16.0,17.0,28.0
2025-04-04,2024,AVS,Estoril,0.0,3.0,A,O,2.94,3.11,2.52,A,2.0,8.0,4.0,3.0,14,1.0,1.0,2.0,1.0,4.0,6.0,-2.0,5.0,7.0,-2.0,-1.0,-1.0,0.0,0.0,0.0,0.0,0.0,1.0,-1.0,23.1,38.5,23.1,38.5,9.0,15.0,8.0,16.0
2025-04-02,2024,Benfica,Farense,3.0,2.0,H,O,1.11,8.58,20.82,H,7.0,6.0,5.0,4.0,14,4.0,0.0,0.0,1.0,13.0,5.0,8.0,2.0,7.0,-5.0,11.0,-2.0,13.0,3.0,0.0,3.0,0.0,1.0,-1.0,92.3,7.7,7.7,38.5,44.0,13.0,31.0,20.0
2025-04-01,2024,Boavista,Gil Vicente,1.0,3.0,A,O,3.75,3.2,2.09,D,3.0,9.0,3.0,3.0,14,1.0,0.0,3.0,3.0,2.0,1.0,1.0,5.0,5.0,0.0,-3.0,-4.0,1.0,0.0,0.0,0.0,1.0,1.0,0.0,7.7,69.2,7.7,61.5,11.0,6.0,20.0,22.0
2025-03-30,2024,Santa Clara,Nacional,1.0,0.0,H,U,1.93,3.18,4.37,H,5.0,4.0,3.0,4.0,14,1.0,1.0,2.0,3.0,5.0,2.0,3.0,6.0,6.0,0.0,-1.0,-4.0,3.0,0.0,1.0,-1.0,0.0,2.0,-2.0,53.8,30.8,7.7,69.2,19.0,11.0,18.0,14.0
2025-03-30,2024,Moreirense,Guimaraes,2.0,2.0,D,O,3.54,3.09,2.17,D,3.0,3.0,2.0,3.0,14,2.0,1.0,1.0,1.0,6.0,3.0,3.0,5.0,3.0,2.0,1.0,0.0,1.0,0.0,0.0,0.0,0.0,0.0,0.0,46.2,15.4,23.1,30.8,16.0,17.0,15.0,30.0
2025-03-30,2024,Famalicao,AVS,4.0,1.0,H,O,1.78,3.44,4.72,D,4.0,1.0,4.0,2.0,14,2.0,1.0,0.0,2.0,3.0,2.0,1.0,0.0,5.0,-5.0,3.0,-3.0,6.0,1.0,0.0,1.0,0.0,2.0,-2.0,30.8,23.1,7.7,46.2,15.0,9.0,17.0,10.0
2025-03-30,2024,Estoril,Porto,1.0,2.0,A,O,6.12,4.07,1.53,D,2.0,6.0,1.0,6.0,14,3.0,2.0,0.0,1.0,7.0,5.0,2.0,4.0,3.0,1.0,3.0,2.0,1.0,0.0,1.0,-1.0,0.0,0.0,0.0,46.2,23.1,46.2,38.5,18.0,15.0,11.0,14.0
2025-03-29,2024,Sp Braga,Arouca,2.0,1.0,H,O,1.7,3.76,4.77,H,5.0,1.0,7.0,1.0,14,4.0,2.0,0.0,0.0,7.0,7.0,0.0,0.0,5.0,-5.0,7.0,2.0,5.0,2.0,0.0,2.0,0.0,0.0,0.0,53.8,23.1,30.8,46.2,22.0,27.0,29.0,24.0
2025-03-29,2024,Estrela,Sp Lisbon,0.0,3.0,A,O,8.67,5.08,1.33,D,0.0,7.0,3.0,2.0,14,0.0,2.0,2.0,0.0,3.0,9.0,-6.0,5.0,4.0,1.0,-2.0,5.0,-7.0,0.0,2.0,-2.0,0.0,0.0,0.0,30.8,38.5,61.5,7.7,11.0,25.0,13.0,20.0
2025-03-29,2024,Casa Pia,Rio Ave,2.0,1.0,H,O,2.08,3.32,3.62,D,3.0,5.0,7.0,4.0,14,3.0,1.0,1.0,2.0,6.0,4.0,2.0,4.0,5.0,-1.0,2.0,-1.0,3.0,1.0,0.0,1.0,1.0,0.0,1.0,46.2,23.1,15.4,69.2,11.0,14.0,13.0,10.0
2025-03-28,2024,Gil Vicente,Benfica,0.0,3.0,A,O,7.83,4.74,1.38,A,2.0,7.0,5.0,2.0,13,1.0,3.0,3.0,1.0,4.0,8.0,-4.0,6.0,7.0,-1.0,-2.0,1.0,-3.0,1.0,0.0,1.0,1.0,1.0,0.0,33.3,33.3,58.3,25.0,13.0,29.0,17.0,32.0
2025-03-16,2024,Rio Ave,Benfica,2.0,3.0,A,O,7.77,5.15,1.35,A,2.0,8.0,3.0,11.0,13,1.0,2.0,1.0,2.0,5.0,5.0,0.0,7.0,6.0,1.0,-2.0,-1.0,-1.0,0.0,0.0,0.0,1.0,1.0,0.0,41.7,8.3,54.5,27.3,13.0,23.0,7.0,29.0
2025-03-16,2024,Nacional,Casa Pia,3.0,1.0,H,O,2.41,3.24,2.94,H,6.0,3.0,2.0,5.0,13,2.0,1.0,1.0,3.0,8.0,6.0,2.0,6.0,8.0,-2.0,2.0,-2.0,4.0,1.0,0.0,1.0,0.0,0.0,0.0,50.0,33.3,33.3,50.0,22.0,14.0,15.0,12.0
2025-03-16,2024,Moreirense,Boavista,1.0,0.0,H,U,1.78,3.38,4.88,H,3.0,4.0,6.0,3.0,13,1.0,0.0,1.0,4.0,5.0,1.0,4.0,5.0,12.0,-7.0,0.0,-11.0,11.0,0.0,0.0,0.0,0.0,3.0,-3.0,41.7,16.7,16.7,58.3,17.0,11.0,15.0,9.0
2025-03-16,2024,Guimaraes,Estrela,2.0,0.0,H,U,1.45,4.13,7.72,H,6.0,0.0,8.0,2.0,13,2.0,1.0,0.0,1.0,5.0,2.0,3.0,2.0,2.0,0.0,3.0,0.0,3.0,1.0,0.0,1.0,0.0,0.0,0.0,50.0,8.3,8.3,58.3,24.0,11.0,31.0,9.0
2025-03-16,2024,Arouca,Estoril,1.0,1.0,D,U,1.98,3.4,3.79,H,1.0,3.0,3.0,4.0,13,1.0,2.0,1.0,1.0,4.0,8.0,-4.0,5.0,8.0,-3.0,-1.0,0.0,-1.0,0.0,0.0,0.0,1.0,1.0,0.0,25.0,41.7,25.0,41.7,17.0,15.0,24.0,13.0
2025-03-15,2024,Sp Lisbon,Famalicao,3.0,1.0,H,O,1.3,5.18,10.08,D,9.0,3.0,11.0,4.0,13,3.0,2.0,0.0,2.0,10.0,5.0,5.0,4.0,6.0,-2.0,6.0,-1.0,7.0,3.0,2.0,1.0,0.0,1.0,-1.0,83.3,8.3,33.3,33.3,26.0,13.0,30.0,26.0
2025-03-15,2024,Porto,AVS,2.0,0.0,H,U,1.23,6.02,12.06,H,10.0,2.0,4.0,3.0,13,1.0,1.0,0.0,2.0,7.0,3.0,4.0,3.0,6.0,-3.0,4.0,-3.0,7.0,1.0,0.0,1.0,0.0,2.0,-2.0,75.0,0.0,8.3,41.7,18.0,10.0,23.0,13.0
2025-03-15,2024,Gil Vicente,Santa Clara,0.0,1.0,A,U,3.01,2.95,2.57,A,2.0,1.0,5.0,0.0,12,1.0,1.0,2.0,1.0,5.0,3.0,2.0,6.0,3.0,3.0,-1.0,0.0,-1.0,1.0,0.0,1.0,1.0,0.0,1.0,36.4,27.3,41.7,41.7,15.0,7.0,16.0,12.0
2025-03-15,2024,Farense,Sp Braga,0.0,1.0,A,U,4.37,3.38,1.87,D,3.0,4.0,12.0,4.0,13,0.0,2.0,4.0,1.0,1.0,4.0,-3.0,6.0,3.0,3.0,-5.0,1.0,-6.0,0.0,0.0,0.0,1.0,0.0,1.0,16.7,75.0,66.7,16.7,17.0,20.0,30.0,26.0
2025-03-10,2024,Famalicao,Rio Ave,1.0,0.0,H,U,1.97,3.04,4.45,H,7.0,4.0,5.0,1.0,13,1.0,1.0,1.0,1.0,3.0,5.0,-2.0,2.0,5.0,-3.0,1.0,0.0,1.0,1.0,0.0,1.0,0.0,0.0,0.0,25.0,25.0,16.7,66.7,13.0,14.0,17.0,13.0
2025-03-09,2024,Santa Clara,Moreirense,1.0,1.0,D,U,2.02,3.09,4.11,D,5.0,3.0,4.0,3.0,13,1.0,0.0,2.0,3.0,4.0,4.0,0.0,5.0,8.0,-3.0,-1.0,-4.0,3.0,0.0,0.0,0.0,0.0,1.0,-1.0,58.3,33.3,16.7,75.0,20.0,16.0,27.0,11.0
2025-03-09,2024,Casa Pia,Sp Lisbon,1.0,3.0,A,O,6.26,4.27,1.49,A,3.0,6.0,4.0,4.0,13,3.0,1.0,0.0,0.0,6.0,10.0,-4.0,2.0,7.0,-5.0,4.0,3.0,1.0,1.0,1.0,0.0,0.0,0.0,0.0,50.0,16.7,58.3,8.3,11.0,24.0,14.0,18.0
2025-03-09,2024,Boavista,Guimaraes,1.0,2.0,A,O,5.52,3.67,1.64,H,4.0,8.0,2.0,7.0,13,1.0,0.0,3.0,1.0,3.0,3.0,0.0,6.0,4.0,2.0,-3.0,-1.0,-2.0,0.0,0.0,0.0,1.0,0.0,1.0,8.3,66.7,16.7,33.3,12.0,21.0,20.0,32.0
2025-03-08,2024,Sp Braga,Porto,1.0,0.0,H,U,3.29,3.33,2.19,H,4.0,3.0,7.0,3.0,13,3.0,2.0,1.0,1.0,7.0,6.0,1.0,2.0,5.0,-3.0,5.0,1.0,4.0,2.0,1.0,1.0,0.0,1.0,-1.0,50.0,25.0,50.0,33.3,24.0,15.0,32.0,17.0
2025-03-08,2024,Estoril,Farense,2.0,2.0,D,O,2.1,3.22,3.66,D,4.0,4.0,4.0,7.0,13,3.0,0.0,0.0,1.0,7.0,3.0,4.0,4.0,5.0,-1.0,3.0,-2.0,5.0,0.0,0.0,0.0,0.0,1.0,-1.0,50.0,25.0,8.3,41.7,21.0,10.0,13.0,15.0
2025-03-08,2024,Benfica,Nacional,3.0,0.0,H,O,1.2,6.66,12.49,H,12.0,3.0,5.0,3.0,13,3.0,1.0,1.0,3.0,11.0,3.0,8.0,4.0,5.0,-1.0,7.0,-2.0,9.0,2.0,1.0,1.0,0.0,1.0,-1.0,91.7,8.3,8.3,66.7,37.0,10.0,34.0,17.0
2025-03-08,2024,AVS,Arouca,0.0,1.0,A,U,3.08,3.11,2.42,D,1.0,8.0,1.0,7.0,13,1.0,2.0,1.0,0.0,5.0,9.0,-4.0,5.0,6.0,-1.0,0.0,3.0,-3.0,0.0,1.0,-1.0,0.0,0.0,0.0,25.0,33.3,25.0,50.0,14.0,24.0,14.0,20.0
2025-03-07,2024,Estrela,Gil Vicente,1.0,1.0,D,U,2.67,2.97,2.88,D,3.0,2.0,7.0,7.0,13,0.0,0.0,3.0,3.0,4.0,1.0,3.0,8.0,5.0,3.0,-4.0,-4.0,0.0,0.0,0.0,0.0,1.0,1.0,0.0,33.3,41.7,8.3,66.7,12.0,7.0,9.0,22.0
2025-03-03,2024,Sp Lisbon,Estoril,3.0,1.0,H,O,1.19,7.03,12.53,H,6.0,2.0,6.0,6.0,12,3.0,3.0,0.0,0.0,8.0,11.0,-3.0,3.0,7.0,-4.0,5.0,4.0,1.0,2.0,1.0,1.0,0.0,0.0,0.0,81.8,9.1,27.3,36.4,26.0,21.0,28.0,10.0
2025-03-02,2024,Rio Ave,Sp Braga,2.0,1.0,H,O,4.07,3.78,1.82,D,7.0,7.0,2.0,5.0,12,1.0,3.0,1.0,0.0,5.0,5.0,0.0,7.0,2.0,5.0,-2.0,3.0,-5.0,0.0,0.0,0.0,1.0,0.0,1.0,36.4,9.1,72.7,9.1,13.0,15.0,16.0,23.0
2025-03-02,2024,Moreirense,Estrela,1.0,1.0,D,U,1.93,3.06,4.63,D,2.0,1.0,4.0,1.0,12,1.0,1.0,1.0,1.0,5.0,2.0,3.0,5.0,2.0,3.0,0.0,0.0,0.0,0.0,0.0,0.0,0.0,0.0,0.0,45.5,18.2,9.1,63.6,20.0,15.0,14.0,14.0
2025-03-02,2024,Farense,AVS,0.0,1.0,A,U,2.29,3.05,3.36,D,4.0,3.0,7.0,1.0,12,0.0,0.0,3.0,2.0,3.0,3.0,0.0,7.0,7.0,0.0,-4.0,-4.0,0.0,0.0,0.0,0.0,1.0,2.0,-1.0,18.2,72.7,0.0,45.5,15.0,9.0,29.0,21.0
2025-03-02,2024,Boavista,Santa Clara,1.0,0.0,H,U,4.25,3.18,1.96,D,5.0,1.0,9.0,5.0,12,0.0,2.0,4.0,0.0,3.0,5.0,-2.0,9.0,3.0,6.0,-6.0,2.0,-8.0,0.0,0.0,0.0,2.0,0.0,2.0,0.0,72.7,45.5,36.4,9.0,9.0,14.0,11.0
2025-03-01,2024,Nacional,Famalicao,2.0,1.0,H,O,2.55,3.09,2.91,H,5.0,3.0,1.0,6.0,12,2.0,2.0,1.0,1.0,8.0,5.0,3.0,5.0,5.0,0.0,3.0,0.0,3.0,2.0,2.0,0.0,0.0,1.0,-1.0,45.5,36.4,36.4,27.3,21.0,24.0,15.0,27.0
2025-03-01,2024,Guimaraes,Casa Pia,1.0,0.0,H,U,1.76,3.54,4.7,D,6.0,2.0,7.0,2.0,12,1.0,2.0,0.0,2.0,8.0,8.0,0.0,6.0,8.0,-2.0,2.0,0.0,2.0,1.0,0.0,1.0,0.0,0.0,0.0,45.5,9.1,36.4,45.5,23.0,16.0,30.0,12.0
2025-03-01,2024,Arouca,Porto,0.0,2.0,A,U,4.93,3.77,1.69,A,2.0,2.0,4.0,2.0,12,1.0,1.0,0.0,2.0,5.0,4.0,1.0,4.0,7.0,-3.0,1.0,-3.0,4.0,0.0,0.0,0.0,0.0,2.0,-2.0,27.3,36.4,45.5,36.4,20.0,16.0,25.0,25.0
2025-02-24,2024,Porto,Guimaraes,1.0,1.0,D,U,1.67,3.73,5.13,D,2.0,5.0,6.0,7.0,12,2.0,0.0,0.0,1.0,8.0,4.0,4.0,2.0,5.0,-3.0,6.0,-1.0,7.0,2.0,0.0,2.0,0.0,0.0,0.0,81.8,0.0,18.2,36.4,20.0,21.0,28.0,27.0
2025-02-23,2024,Famalicao,Moreirense,2.0,0.0,H,U,2.17,3.1,3.59,D,4.0,6.0,3.0,1.0,12,0.0,0.0,2.0,3.0,2.0,4.0,-2.0,4.0,7.0,-3.0,-2.0,-3.0,1.0,0.0,0.0,0.0,0.0,0.0,0.0,18.2,27.3,18.2,72.7,10.0,11.0,21.0,12.0
2025-02-23,2024,Estrela,Santa Clara,0.0,0.0,D,U,3.57,3.13,2.16,D,2.0,1.0,5.0,2.0,12,1.0,2.0,3.0,1.0,5.0,5.0,0.0,8.0,4.0,4.0,-3.0,1.0,-4.0,0.0,0.0,0.0,1.0,0.0,1.0,36.4,45.5,50.0,40.0,14.0,9.0,9.0,11.0
2025-02-23,2024,Arouca,Farense,2.0,2.0,D,O,1.89,3.4,4.21,A,6.0,7.0,4.0,9.0,11,2.0,1.0,0.0,1.0,4.0,3.0,1.0,2.0,4.0,-2.0,2.0,-1.0,3.0,0.0,0.0,0.0,0.0,1.0,-1.0,30.0,40.0,9.1,45.5,17.0,8.0,28.0,10.0
2025-02-23,2024,AVS,Sp Lisbon,2.0,2.0,D,O,8.89,5.17,1.32,A,4.0,3.0,4.0,5.0,12,1.0,1.0,1.0,0.0,4.0,8.0,-4.0,4.0,5.0,-1.0,0.0,3.0,-3.0,0.0,1.0,-1.0,0.0,0.0,0.0,27.3,36.4,63.6,9.1,17.0,28.0,10.0,21.0
2025-02-22,2024,Estoril,Rio Ave,2.0,1.0,H,O,2.04,3.4,3.64,D,4.0,4.0,0.0,4.0,12,2.0,1.0,1.0,1.0,5.0,4.0,1.0,5.0,4.0,1.0,0.0,0.0,0.0,0.0,0.0,0.0,1.0,0.0,1.0,45.5,27.3,18.2,63.6,22.0,16.0,18.0,15.0
2025-02-22,2024,Casa Pia,Gil Vicente,1.0,0.0,H,U,2.22,3.13,3.44,D,1.0,0.0,2.0,5.0,12,3.0,1.0,0.0,2.0,8.0,2.0,6.0,3.0,4.0,-1.0,5.0,-2.0,7.0,2.0,0.0,2.0,0.0,1.0,-1.0,45.5,18.2,9.1,63.6,16.0,9.0,15.0,18.0
2025-02-22,2024,Benfica,Boavista,3.0,0.0,H,O,1.1,9.82,22.36,H,14.0,2.0,13.0,2.0,12,3.0,0.0,1.0,4.0,11.0,3.0,8.0,4.0,12.0,-8.0,7.0,-9.0,16.0,2.0,0.0,2.0,0.0,2.0,-2.0,90.9,9.1,18.2,54.5,29.0,11.0,25.0,8.0
2025-02-21,2024,Sp Braga,Nacional,1.0,0.0,H,U,1.57,4.05,5.81,H,7.0,3.0,7.0,6.0,12,2.0,1.0,1.0,2.0,9.0,5.0,4.0,5.0,6.0,-1.0,4.0,-1.0,5.0,2.0,1.0,1.0,0.0,1.0,-1.0,45.5,27.3,9.1,63.6,25.0,9.0,35.0,12.0
2025-02-17,2024,Gil Vicente,Famalicao,0.0,2.0,A,U,2.53,2.97,3.02,A,2.0,6.0,5.0,11.0,11,1.0,1.0,1.0,1.0,5.0,6.0,-1.0,4.0,8.0,-4.0,1.0,-2.0,3.0,1.0,1.0,0.0,0.0,1.0,-1.0,40.0,20.0,30.0,30.0,14.0,26.0,14.0,19.0
2025-02-16,2024,Rio Ave,AVS,1.0,1.0,D,U,2.15,3.26,3.43,A,3.0,3.0,2.0,4.0,11,1.0,0.0,1.0,2.0,6.0,2.0,4.0,8.0,6.0,2.0,-2.0,-4.0,2.0,0.0,0.0,0.0,1.0,2.0,-1.0,40.0,10.0,0.0,50.0,14.0,7.0,14.0,18.0
2025-02-16,2024,Guimaraes,Sp Braga,0.0,0.0,D,U,2.47,3.4,2.76,D,3.0,3.0,7.0,4.0,11,1.0,4.0,0.0,0.0,10.0,7.0,3.0,8.0,2.0,6.0,2.0,5.0,-3.0,1.0,1.0,0.0,0.0,0.0,0.0,50.0,10.0,80.0,10.0,23.0,17.0,30.0,21.0
2025-02-16,2024,Farense,Porto,0.0,1.0,A,U,7.65,4.53,1.4,D,2.0,2.0,2.0,4.0,11,0.0,1.0,3.0,2.0,3.0,6.0,-3.0,7.0,7.0,0.0,-4.0,-1.0,-3.0,0.0,1.0,-1.0,1.0,2.0,-1.0,20.0,70.0,40.0,40.0,15.0,21.0,34.0,25.0
2025-02-15,2024,Sp Lisbon,Arouca,2.0,2.0,D,O,1.25,5.96,10.55,A,8.0,7.0,9.0,9.0,11,4.0,2.0,0.0,1.0,9.0,8.0,1.0,3.0,7.0,-4.0,6.0,1.0,5.0,2.0,1.0,1.0,0.0,1.0,-1.0,90.0,10.0,27.3,54.5,25.0,21.0,29.0,15.0
2025-02-15,2024,Santa Clara,Benfica,0.0,1.0,A,U,5.09,3.7,1.68,D,3.0,6.0,2.0,5.0,12,1.0,2.0,2.0,2.0,4.0,6.0,-2.0,6.0,6.0,0.0,-2.0,0.0,-2.0,0.0,1.0,-1.0,1.0,1.0,0.0,63.6,27.3,50.0,30.0,23.0,24.0,27.0,35.0
2025-02-15,2024,Nacional,Estoril,2.0,2.0,D,O,2.24,3.24,3.29,D,6.0,4.0,7.0,3.0,11,2.0,3.0,2.0,1.0,6.0,9.0,-3.0,5.0,8.0,-3.0,1.0,1.0,0.0,2.0,1.0,1.0,1.0,1.0,0.0,50.0,40.0,30.0,40.0,16.0,19.0,12.0,8.0
2025-02-15,2024,Moreirense,Casa Pia,3.0,2.0,H,O,2.33,3.03,3.33,H,5.0,4.0,4.0,5.0,11,0.0,3.0,2.0,1.0,2.0,8.0,-6.0,6.0,5.0,1.0,-4.0,3.0,-7.0,0.0,1.0,-1.0,1.0,0.0,1.0,40.0,20.0,40.0,40.0,16.0,16.0,12.0,11.0
2025-02-14,2024,Boavista,Estrela,0.0,1.0,A,U,2.55,2.94,3.1,A,1.0,6.0,7.0,4.0,11,0.0,0.0,3.0,2.0,3.0,1.0,2.0,8.0,4.0,4.0,-5.0,-3.0,-2.0,0.0,0.0,0.0,2.0,1.0,1.0,0.0,70.0,0.0,70.0,12.0,9.0,12.0,14.0
2025-02-10,2024,Arouca,Rio Ave,1.0,1.0,D,U,1.96,3.34,3.9,D,4.0,4.0,6.0,3.0,10,2.0,1.0,1.0,2.0,3.0,3.0,0.0,3.0,4.0,-1.0,0.0,-1.0,1.0,0.0,0.0,0.0,1.0,0.0,1.0,33.3,44.4,20.0,70.0,18.0,14.0,27.0,14.0
2025-02-09,2024,Sp Braga,Gil Vicente,2.0,0.0,H,U,1.55,4.12,5.7,H,6.0,4.0,4.0,2.0,11,1.0,1.0,1.0,2.0,9.0,2.0,7.0,7.0,6.0,1.0,2.0,-4.0,6.0,1.0,0.0,1.0,0.0,1.0,-1.0,40.0,30.0,10.0,60.0,26.0,5.0,34.0,18.0
2025-02-09,2024,Farense,Nacional,0.0,2.0,A,U,2.31,3.2,3.13,D,6.0,4.0,12.0,3.0,10,1.0,0.0,2.0,3.0,4.0,4.0,0.0,5.0,8.0,-3.0,-1.0,-4.0,3.0,0.0,0.0,0.0,0.0,1.0,-1.0,22.2,66.7,0.0,70.0,11.0,11.0,25.0,16.0
2025-02-09,2024,Estoril,Boavista,2.0,1.0,H,O,1.54,3.98,6.12,H,5.0,5.0,5.0,3.0,11,2.0,0.0,1.0,3.0,5.0,2.0,3.0,5.0,10.0,-5.0,0.0,-8.0,8.0,0.0,0.0,0.0,1.0,2.0,-1.0,40.0,30.0,20.0,50.0,21.0,8.0,18.0,12.0
2025-02-09,2024,Casa Pia,Estrela,1.0,0.0,H,U,1.83,3.38,4.47,H,4.0,3.0,5.0,2.0,11,2.0,0.0,0.0,2.0,8.0,1.0,7.0,4.0,4.0,0.0,4.0,-3.0,7.0,2.0,0.0,2.0,0.0,1.0,-1.0,40.0,20.0,0.0,66.7,17.0,9.0,16.0,18.0
2025-02-08,2024,Famalicao,Guimaraes,0.0,0.0,D,U,3.13,3.03,2.41,D,2.0,2.0,4.0,11.0,11,0.0,0.0,2.0,2.0,3.0,4.0,-1.0,5.0,6.0,-1.0,-2.0,-2.0,0.0,0.0,0.0,0.0,0.0,0.0,0.0,20.0,30.0,20.0,40.0,10.0,21.0,20.0,25.0
2025-02-08,2024,Benfica,Moreirense,3.0,2.0,H,O,1.19,6.91,13.71,H,6.0,4.0,6.0,6.0,11,3.0,0.0,1.0,3.0,9.0,4.0,5.0,2.0,7.0,-5.0,7.0,-3.0,10.0,2.0,0.0,2.0,0.0,0.0,0.0,90.0,10.0,20.0,70.0,24.0,9.0,25.0,10.0
2025-02-08,2024,AVS,Santa Clara,1.0,2.0,A,O,4.24,3.17,1.96,D,3.0,4.0,2.0,3.0,11,1.0,2.0,1.0,1.0,3.0,4.0,-1.0,3.0,3.0,0.0,0.0,1.0,-1.0,0.0,0.0,0.0,0.0,0.0,0.0,30.0,30.0,44.4,44.4,15.0,8.0,10.0,10.0
2025-02-07,2024,Porto,Sp Lisbon,1.0,1.0,D,U,2.87,3.06,2.6,A,2.0,3.0,6.0,3.0,11,3.0,1.0,0.0,1.0,9.0,8.0,1.0,1.0,6.0,-5.0,8.0,2.0,6.0,3.0,1.0,2.0,0.0,0.0,0.0,90.0,0.0,70.0,10.0,27.0,27.0,30.0,24.0
2025-02-03,2024,Rio Ave,Porto,2.0,2.0,D,O,6.98,4.58,1.42,H,3.0,8.0,3.0,5.0,10,2.0,1.0,1.0,2.0,7.0,5.0,2.0,8.0,6.0,2.0,-1.0,-1.0,0.0,0.0,1.0,-1.0,1.0,2.0,-1.0,44.4,11.1,44.4,44.4,15.0,17.0,13.0,25.0
2025-02-03,2024,Moreirense,Sp Braga,1.0,2.0,A,O,3.95,3.46,1.92,H,6.0,5.0,1.0,9.0,10,1.0,4.0,1.0,0.0,3.0,6.0,-3.0,5.0,1.0,4.0,-2.0,5.0,-7.0,0.0,1.0,-1.0,1.0,0.0,1.0,44.4,11.1,77.8,11.1,14.0,20.0,15.0,21.0
2025-02-02,2024,Sp Lisbon,Farense,3.0,1.0,H,O,1.12,8.53,18.26,H,7.0,2.0,9.0,1.0,10,3.0,1.0,1.0,0.0,6.0,3.0,3.0,3.0,2.0,1.0,3.0,1.0,2.0,1.0,0.0,1.0,0.0,0.0,0.0,88.9,11.1,10.0,40.0,22.0,12.0,28.0,13.0
2025-02-02,2024,Estrela,Benfica,2.0,3.0,A,O,9.72,5.68,1.27,A,3.0,8.0,0.0,7.0,11,2.0,1.0,2.0,2.0,5.0,4.0,1.0,6.0,5.0,1.0,-1.0,-1.0,0.0,0.0,1.0,-1.0,1.0,1.0,0.0,40.0,40.0,44.4,33.3,13.0,20.0,11.0,31.0
2025-02-01,2024,Santa Clara,Casa Pia,2.0,1.0,H,O,2.11,3.04,3.8,A,6.0,2.0,5.0,2.0,11,1.0,3.0,2.0,1.0,3.0,7.0,-4.0,5.0,5.0,0.0,-2.0,2.0,-4.0,0.0,1.0,-1.0,1.0,1.0,0.0,60.0,30.0,44.4,33.3,21.0,17.0,28.0,15.0
2025-02-01,2024,Nacional,Arouca,1.0,2.0,A,O,2.52,3.16,2.84,A,4.0,6.0,3.0,3.0,10,3.0,1.0,1.0,2.0,6.0,7.0,-1.0,3.0,8.0,-5.0,3.0,-1.0,4.0,2.0,1.0,1.0,1.0,1.0,0.0,55.6,33.3,20.0,60.0,17.0,19.0,19.0,19.0
2025-02-01,2024,Guimaraes,AVS,2.0,0.0,H,U,1.36,4.74,8.32,D,8.0,1.0,8.0,2.0,10,1.0,0.0,0.0,1.0,12.0,3.0,9.0,8.0,5.0,3.0,4.0,-2.0,6.0,1.0,0.0,1.0,0.0,1.0,-1.0,44.4,11.1,0.0,44.4,20.0,9.0,31.0,19.0
2025-02-01,2024,Gil Vicente,Estoril,1.0,2.0,A,O,2.14,3.18,3.55,D,6.0,6.0,3.0,3.0,10,2.0,2.0,0.0,1.0,6.0,9.0,-3.0,3.0,9.0,-6.0,3.0,0.0,3.0,1.0,1.0,0.0,0.0,1.0,-1.0,44.4,11.1,22.2,44.4,12.0,16.0,17.0,7.0
2025-01-31,2024,Boavista,Famalicao,0.0,2.0,A,U,3.52,3.03,2.23,A,1.0,4.0,2.0,7.0,10,0.0,0.0,2.0,2.0,4.0,5.0,-1.0,7.0,10.0,-3.0,-3.0,-5.0,2.0,0.0,0.0,0.0,1.0,1.0,0.0,0.0,66.7,22.2,33.3,15.0,23.0,15.0,19.0
2025-01-27,2024,AVS,Gil Vicente,1.0,0.0,H,U,2.88,3.09,2.54,D,1.0,0.0,1.0,8.0,10,0.0,1.0,2.0,2.0,4.0,4.0,0.0,6.0,8.0,-2.0,-2.0,-4.0,2.0,0.0,0.0,0.0,0.0,1.0,-1.0,22.2,33.3,11.1,55.6,20.0,10.0,13.0,14.0
2025-01-26,2024,Sp Braga,Boavista,3.0,0.0,H,O,1.21,6.33,12.43,H,5.0,3.0,11.0,3.0,10,0.0,1.0,2.0,2.0,8.0,4.0,4.0,11.0,8.0,3.0,-3.0,-4.0,1.0,0.0,0.0,0.0,1.0,1.0,0.0,33.3,33.3,22.2,44.4,23.0,10.0,23.0,11.0
2025-01-26,2024,Porto,Santa Clara,1.0,1.0,D,U,1.46,4.12,7.29,A,7.0,1.0,7.0,2.0,10,4.0,2.0,0.0,2.0,12.0,3.0,9.0,0.0,4.0,-4.0,12.0,-1.0,13.0,4.0,0.0,4.0,0.0,1.0,-1.0,100.0,0.0,50.0,50.0,29.0,13.0,32.0,14.0
2025-01-26,2024,Estoril,Guimaraes,1.0,0.0,H,U,4.2,3.58,1.82,D,5.0,2.0,2.0,5.0,10,1.0,0.0,1.0,2.0,4.0,4.0,0.0,5.0,6.0,-1.0,-1.0,-2.0,1.0,0.0,0.0,0.0,1.0,0.0,1.0,33.3,33.3,22.2,33.3,18.0,21.0,26.0,24.0
2025-01-25,2024,Sp Lisbon,Nacional,2.0,0.0,H,U,1.13,8.71,15.83,H,5.0,1.0,6.0,2.0,9,3.0,0.0,1.0,3.0,9.0,4.0,5.0,4.0,8.0,-4.0,5.0,-4.0,9.0,1.0,0.0,1.0,0.0,1.0,-1.0,87.5,12.5,0.0,66.7,25.0,14.0,34.0,18.0
2025-01-25,2024,Farense,Rio Ave,1.0,2.0,A,O,2.55,3.01,2.94,A,5.0,2.0,9.0,2.0,9,1.0,1.0,2.0,2.0,4.0,3.0,1.0,5.0,3.0,2.0,-1.0,0.0,-1.0,0.0,1.0,-1.0,0.0,0.0,0.0,25.0,62.5,11.1,77.8,10.0,13.0,19.0,14.0
2025-01-25,2024,Famalicao,Estrela,0.0,0.0,D,U,1.87,3.39,4.28,D,2.0,1.0,5.0,2.0,10,0.0,0.0,2.0,3.0,3.0,2.0,1.0,5.0,9.0,-4.0,-2.0,-7.0,5.0,0.0,0.0,0.0,0.0,2.0,-2.0,22.2,33.3,0.0,75.0,10.0,13.0,19.0,18.0
2025-01-25,2024,Casa Pia,Benfica,3.0,1.0,H,O,7.96,4.85,1.37,D,3.0,7.0,2.0,9.0,10,1.0,2.0,0.0,1.0,6.0,5.0,1.0,4.0,2.0,2.0,2.0,3.0,-1.0,1.0,2.0,-1.0,0.0,0.0,0.0,33.3,22.2,50.0,25.0,16.0,21.0,18.0,28.0
2025-01-24,2024,Arouca,Moreirense,1.0,0.0,H,U,2.37,3.08,3.19,D,5.0,1.0,10.0,2.0,9,1.0,0.0,2.0,3.0,3.0,4.0,-1.0,5.0,7.0,-2.0,-2.0,-3.0,1.0,0.0,0.0,0.0,1.0,0.0,1.0,25.0,50.0,22.2,66.7,16.0,10.0,29.0,12.0
2025-01-20,2024,Boavista,Casa Pia,2.0,3.0,A,O,3.22,3.09,2.31,A,5.0,6.0,2.0,3.0,9,0.0,2.0,2.0,1.0,2.0,6.0,-4.0,6.0,5.0,1.0,-4.0,1.0,-5.0,0.0,1.0,-1.0,2.0,1.0,1.0,0.0,62.5,37.5,37.5,14.0,13.0,20.0,14.0
2025-01-19,2024,Nacional,AVS,3.0,1.0,H,O,2.07,3.23,3.66,H,7.0,3.0,4.0,6.0,9,2.0,0.0,1.0,0.0,3.0,2.0,1.0,2.0,2.0,0.0,1.0,0.0,1.0,1.0,0.0,1.0,1.0,0.0,1.0,50.0,37.5,0.0,37.5,18.0,8.0,19.0,19.0
2025-01-19,2024,Moreirense,Farense,0.0,0.0,D,U,1.91,3.24,4.27,D,4.0,0.0,6.0,3.0,9,2.0,1.0,1.0,0.0,6.0,4.0,2.0,7.0,3.0,4.0,-1.0,1.0,-2.0,0.0,0.0,0.0,1.0,0.0,1.0,50.0,12.5,11.1,44.4,18.0,15.0,12.0,12.0
2025-01-19,2024,Gil Vicente,Porto,3.0,1.0,H,O,7.93,4.51,1.39,H,3.0,3.0,4.0,6.0,9,1.0,1.0,1.0,2.0,4.0,5.0,-1.0,4.0,7.0,-3.0,0.0,-2.0,2.0,0.0,1.0,-1.0,0.0,2.0,-2.0,37.5,12.5,50.0,37.5,11.0,17.0,20.0,21.0
2025-01-19,2024,Estrela,Sp Braga,0.0,1.0,A,U,4.76,3.82,1.68,D,3.0,5.0,1.0,8.0,10,3.0,4.0,1.0,0.0,7.0,7.0,0.0,5.0,2.0,3.0,2.0,5.0,-3.0,1.0,1.0,0.0,1.0,0.0,1.0,44.4,33.3,75.0,12.5,13.0,18.0,20.0,17.0
2025-01-18,2024,Santa Clara,Estoril,2.0,3.0,A,O,1.71,3.49,5.12,A,5.0,3.0,7.0,1.0,10,2.0,1.0,1.0,2.0,2.0,6.0,-4.0,2.0,11.0,-9.0,0.0,-5.0,5.0,0.0,1.0,-1.0,1.0,2.0,-1.0,66.7,22.2,12.5,50.0,23.0,18.0,30.0,11.0
2025-01-18,2024,Rio Ave,Sp Lisbon,0.0,3.0,A,O,9.24,5.69,1.28,A,0.0,13.0,0.0,8.0,9,2.0,1.0,0.0,1.0,9.0,9.0,0.0,7.0,8.0,-1.0,2.0,1.0,1.0,0.0,1.0,-1.0,0.0,0.0,0.0,50.0,0.0,66.7,11.1,20.0,20.0,16.0,21.0
2025-01-18,2024,Guimaraes,Arouca,2.0,2.0,D,O,1.57,3.96,5.71,H,7.0,6.0,9.0,5.0,9,2.0,1.0,0.0,2.0,11.0,5.0,6.0,6.0,6.0,0.0,5.0,-1.0,6.0,1.0,1.0,0.0,0.0,1.0,-1.0,50.0,12.5,22.2,66.7,17.0,14.0,31.0,22.0
2025-01-17,2024,Benfica,Famalicao,4.0,0.0,H,O,1.23,6.22,11.37,H,12.0,0.0,7.0,2.0,10,3.0,1.0,1.0,1.0,9.0,8.0,1.0,3.0,8.0,-5.0,6.0,0.0,6.0,2.0,0.0,2.0,0.0,0.0,0.0,88.9,11.1,25.0,25.0,19.0,29.0,20.0,17.0
2025-01-12,2024,Nacional,Porto,2.0,0.0,H,U,8.62,5.03,1.34,H,4.0,3.0,1.0,10.0,8,2.0,2.0,1.0,1.0,3.0,10.0,-7.0,2.0,5.0,-3.0,1.0,5.0,-4.0,1.0,2.0,-1.0,1.0,1.0,0.0,42.9,42.9,57.1,28.6,18.0,21.0,20.0,14.0
2025-01-06,2024,Gil Vicente,Rio Ave,1.0,1.0,D,U,2.15,3.17,3.47,H,4.0,4.0,4.0,4.0,8,2.0,1.0,1.0,3.0,6.0,2.0,4.0,3.0,7.0,-4.0,3.0,-5.0,8.0,1.0,1.0,0.0,0.0,1.0,-1.0,42.9,14.3,12.5,87.5,12.0,9.0,16.0,12.0
2025-01-05,2024,Santa Clara,Farense,0.0,0.0,D,U,1.67,3.45,5.57,D,6.0,1.0,13.0,2.0,9,3.0,1.0,1.0,1.0,4.0,4.0,0.0,3.0,5.0,-2.0,1.0,-1.0,2.0,0.0,0.0,0.0,1.0,1.0,0.0,75.0,25.0,12.5,50.0,20.0,16.0,23.0,13.0
2025-01-05,2024,Estrela,Estoril,2.0,4.0,A,O,2.29,2.99,3.35,A,4.0,8.0,3.0,3.0,9,3.0,0.0,0.0,3.0,7.0,2.0,5.0,3.0,10.0,-7.0,4.0,-8.0,12.0,1.0,0.0,1.0,0.0,2.0,-2.0,50.0,25.0,0.0,57.1,11.0,12.0,20.0,12.0
2025-01-05,2024,Casa Pia,Famalicao,1.0,1.0,D,U,2.37,3.02,3.17,D,3.0,14.0,5.0,7.0,9,2.0,1.0,0.0,1.0,6.0,8.0,-2.0,3.0,8.0,-5.0,3.0,0.0,3.0,1.0,0.0,1.0,0.0,0.0,0.0,37.5,25.0,28.6,28.6,18.0,18.0,20.0,17.0
2025-01-04,2024,Moreirense,AVS,1.0,1.0,D,U,1.84,3.31,4.55,D,5.0,2.0,3.0,9.0,8,3.0,0.0,1.0,0.0,6.0,2.0,4.0,6.0,2.0,4.0,0.0,0.0,0.0,0.0,0.0,0.0,1.0,0.0,1.0,57.1,14.3,0.0,42.9,15.0,8.0,10.0,17.0
2025-01-04,2024,Boavista,Arouca,1.0,3.0,A,O,2.76,3.18,2.58,A,2.0,5.0,3.0,3.0,8,0.0,0.0,2.0,3.0,1.0,3.0,-2.0,5.0,9.0,-4.0,-4.0,-6.0,2.0,0.0,0.0,0.0,2.0,2.0,0.0,0.0,57.1,12.5,75.0,15.0,13.0,21.0,28.0
2025-01-04,2024,Benfica,Sp Braga,1.0,2.0,A,O,1.42,4.69,6.67,A,5.0,2.0,8.0,2.0,9,4.0,3.0,0.0,1.0,13.0,6.0,7.0,1.0,3.0,-2.0,12.0,3.0,9.0,3.0,1.0,2.0,0.0,0.0,0.0,100.0,0.0,71.4,14.3,28.0,19.0,20.0,20.0
2025-01-03,2024,Guimaraes,Sp Lisbon,4.0,4.0,D,O,3.78,3.48,1.96,A,5.0,5.0,6.0,2.0,8,2.0,2.0,0.0,1.0,9.0,8.0,1.0,4.0,4.0,0.0,5.0,4.0,1.0,1.0,2.0,-1.0,0.0,0.0,0.0,57.1,14.3,75.0,12.5,16.0,28.0,31.0,27.0
2024-12-30,2024,Famalicao,Santa Clara,1.0,2.0,A,O,2.68,2.9,2.87,A,5.0,3.0,5.0,4.0,9,0.0,1.0,2.0,3.0,2.0,1.0,1.0,6.0,4.0,2.0,-4.0,-3.0,-1.0,0.0,0.0,0.0,1.0,1.0,0.0,25.0,25.0,42.9,57.1,6.0,13.0,18.0,17.0
2024-12-29,2024,Sp Lisbon,Benfica,1.0,0.0,H,U,2.5,3.57,2.59,H,6.0,2.0,4.0,8.0,8,3.0,3.0,1.0,0.0,10.0,7.0,3.0,4.0,2.0,2.0,6.0,5.0,1.0,2.0,2.0,0.0,0.0,0.0,0.0,85.7,14.3,57.1,14.3,25.0,26.0,35.0,28.0
2024-12-29,2024,Sp Braga,Casa Pia,1.0,2.0,A,O,1.39,4.56,7.59,D,6.0,4.0,10.0,2.0,9,1.0,1.0,1.0,2.0,9.0,4.0,5.0,9.0,6.0,3.0,0.0,-2.0,2.0,1.0,1.0,0.0,1.0,2.0,-1.0,37.5,25.0,28.6,42.9,23.0,12.0,23.0,15.0
2024-12-29,2024,Rio Ave,Nacional,2.0,1.0,H,O,2.17,3.21,3.41,D,7.0,2.0,11.0,6.0,8,1.0,0.0,0.0,3.0,8.0,3.0,5.0,7.0,7.0,0.0,1.0,-4.0,5.0,0.0,0.0,0.0,0.0,1.0,-1.0,42.9,0.0,0.0,62.5,19.0,18.0,16.0,19.0
2024-12-29,2024,Farense,Guimaraes,2.0,2.0,D,O,4.18,3.51,1.84,H,2.0,12.0,6.0,9.0,8,2.0,0.0,2.0,2.0,3.0,4.0,-1.0,3.0,6.0,-3.0,0.0,-2.0,2.0,0.0,0.0,0.0,0.0,0.0,0.0,28.6,71.4,25.0,37.5,10.0,12.0,18.0,19.0
2024-12-28,2024,Porto,Boavista,4.0,0.0,H,O,1.11,8.79,19.86,H,7.0,1.0,4.0,1.0,9,4.0,1.0,0.0,1.0,10.0,6.0,4.0,1.0,6.0,-5.0,9.0,0.0,9.0,3.0,0.0,3.0,0.0,0.0,0.0,100.0,0.0,25.0,37.5,25.0,14.0,29.0,15.0
2024-12-28,2024,Estoril,Moreirense,2.0,2.0,D,O,3.16,3.03,2.4,H,7.0,5.0,6.0,2.0,9,2.0,1.0,1.0,3.0,6.0,4.0,2.0,4.0,5.0,-1.0,2.0,-1.0,3.0,1.0,1.0,0.0,1.0,0.0,1.0,37.5,37.5,25.0,75.0,16.0,13.0,26.0,13.0
2024-12-28,2024,AVS,Estrela,1.0,1.0,D,U,2.45,3.08,3.01,A,6.0,5.0,7.0,6.0,9,0.0,0.0,3.0,4.0,3.0,1.0,2.0,10.0,11.0,-1.0,-7.0,-10.0,3.0,0.0,0.0,0.0,1.0,3.0,-2.0,25.0,37.5,0.0,85.7,15.0,10.0,8.0,20.0
2024-12-27,2024,Arouca,Gil Vicente,1.0,1.0,D,U,2.34,3.06,3.26,D,5.0,3.0,5.0,7.0,8,1.0,1.0,2.0,3.0,3.0,4.0,-1.0,5.0,9.0,-4.0,-2.0,-5.0,3.0,0.0,0.0,0.0,1.0,1.0,0.0,28.6,57.1,12.5,62.5,13.0,8.0,29.0,11.0
2024-12-23,2024,Guimaraes,Nacional,2.0,2.0,D,O,1.53,4.04,6.05,D,3.0,2.0,7.0,1.0,7,2.0,0.0,1.0,3.0,7.0,1.0,6.0,5.0,5.0,0.0,2.0,-4.0,6.0,1.0,0.0,1.0,1.0,1.0,0.0,66.7,16.7,0.0,71.4,14.0,20.0,29.0,22.0
2024-12-23,2024,Estrela,Rio Ave,1.0,0.0,H,U,2.36,3.24,3.0,H,4.0,6.0,5.0,6.0,8,3.0,1.0,0.0,3.0,8.0,2.0,6.0,4.0,10.0,-6.0,4.0,-8.0,12.0,1.0,1.0,0.0,0.0,2.0,-2.0,42.9,28.6,14.3,85.7,9.0,7.0,17.0,11.0
2024-12-23,2024,Benfica,Estoril,3.0,0.0,H,O,1.09,10.02,21.76,H,6.0,2.0,4.0,1.0,8,4.0,0.0,0.0,2.0,15.0,4.0,11.0,2.0,9.0,-7.0,13.0,-5.0,18.0,3.0,0.0,3.0,0.0,1.0,-1.0,100.0,0.0,0.0,50.0,28.0,13.0,27.0,15.0
2024-12-22,2024,Santa Clara,Sp Braga,0.0,2.0,A,U,3.14,3.18,2.3,D,6.0,5.0,2.0,2.0,8,4.0,3.0,0.0,1.0,5.0,7.0,-2.0,1.0,3.0,-2.0,4.0,4.0,0.0,0.0,1.0,-1.0,0.0,0.0,0.0,85.7,14.3,66.7,16.7,19.0,19.0,24.0,24.0
2024-12-22,2024,Gil Vicente,Sp Lisbon,0.0,0.0,D,U,7.66,5.1,1.35,D,1.0,7.0,3.0,8.0,7,2.0,3.0,1.0,1.0,7.0,11.0,-4.0,4.0,4.0,0.0,3.0,7.0,-4.0,1.0,3.0,-2.0,0.0,0.0,0.0,50.0,16.7,85.7,14.3,15.0,26.0,22.0,33.0
2024-12-21,2024,Moreirense,Porto,0.0,3.0,A,O,6.68,4.18,1.48,A,1.0,7.0,2.0,4.0,7,3.0,2.0,0.0,1.0,6.0,10.0,-4.0,3.0,5.0,-2.0,3.0,5.0,-2.0,0.0,2.0,-2.0,0.0,1.0,-1.0,66.7,0.0,50.0,33.3,17.0,18.0,12.0,16.0
2024-12-21,2024,Famalicao,Farense,1.0,2.0,A,O,1.79,3.43,4.72,A,1.0,5.0,7.0,4.0,8,0.0,0.0,1.0,1.0,1.0,2.0,-1.0,4.0,4.0,0.0,-3.0,-2.0,-1.0,0.0,0.0,0.0,1.0,1.0,0.0,28.6,14.3,0.0,57.1,10.0,14.0,19.0,12.0
2024-12-21,2024,Boavista,AVS,0.0,0.0,D,U,2.27,3.14,3.28,D,4.0,1.0,5.0,1.0,7,0.0,0.0,3.0,1.0,1.0,2.0,-1.0,8.0,5.0,3.0,-7.0,-3.0,-4.0,0.0,0.0,0.0,3.0,1.0,2.0,0.0,66.7,0.0,50.0,14.0,7.0,20.0,17.0
2024-12-20,2024,Casa Pia,Arouca,3.0,1.0,H,O,2.35,2.99,3.34,H,6.0,4.0,3.0,4.0,8,1.0,0.0,0.0,3.0,4.0,2.0,2.0,3.0,10.0,-7.0,1.0,-8.0,9.0,0.0,0.0,0.0,0.0,2.0,-2.0,28.6,28.6,14.3,71.4,16.0,9.0,24.0,26.0
2024-12-19,2024,Nacional,Benfica,0.0,2.0,A,U,10.6,6.32,1.24,D,1.0,7.0,4.0,11.0,7,2.0,3.0,1.0,0.0,3.0,8.0,-5.0,3.0,2.0,1.0,0.0,6.0,-6.0,1.0,2.0,-1.0,1.0,0.0,1.0,50.0,33.3,50.0,16.7,19.0,28.0,22.0,22.0
2024-12-16,2024,Sp Braga,Famalicao,3.0,3.0,D,O,1.48,4.26,6.44,A,8.0,8.0,10.0,3.0,8,2.0,1.0,1.0,1.0,10.0,5.0,5.0,6.0,5.0,1.0,4.0,0.0,4.0,2.0,0.0,2.0,1.0,0.0,1.0,42.9,28.6,33.3,33.3,23.0,11.0,17.0,17.0
2024-12-16,2024,Rio Ave,Guimaraes,2.0,2.0,D,O,3.67,3.29,2.06,H,4.0,5.0,0.0,2.0,7,1.0,0.0,0.0,2.0,8.0,3.0,5.0,7.0,5.0,2.0,1.0,-2.0,3.0,0.0,0.0,0.0,0.0,0.0,0.0,50.0,0.0,28.6,42.9,22.0,14.0,23.0,26.0
2024-12-16,2024,Porto,Estrela,2.0,0.0,H,U,1.13,8.13,18.96,H,4.0,0.0,11.0,4.0,8,4.0,0.0,0.0,4.0,12.0,1.0,11.0,1.0,10.0,-9.0,11.0,-9.0,20.0,3.0,0.0,3.0,0.0,2.0,-2.0,100.0,0.0,0.0,83.3,28.0,14.0,26.0,24.0
2024-12-15,2024,Estoril,Casa Pia,0.0,2.0,A,U,2.62,3.12,2.76,D,5.0,4.0,5.0,4.0,8,2.0,0.0,1.0,2.0,6.0,3.0,3.0,5.0,7.0,-2.0,1.0,-4.0,5.0,1.0,0.0,1.0,1.0,2.0,-1.0,42.9,28.6,16.7,50.0,13.0,12.0,22.0,13.0
2024-12-15,2024,Arouca,Santa Clara,1.0,0.0,H,U,3.19,3.08,2.34,D,3.0,1.0,7.0,2.0,7,0.0,1.0,3.0,3.0,2.0,2.0,0.0,8.0,7.0,1.0,-6.0,-5.0,-1.0,0.0,0.0,0.0,2.0,2.0,0.0,16.7,66.7,50.0,50.0,12.0,14.0,24.0,16.0
2024-12-15,2024,AVS,Benfica,1.0,1.0,D,U,15.35,7.19,1.16,A,7.0,4.0,0.0,3.0,8,0.0,3.0,3.0,0.0,2.0,8.0,-6.0,9.0,2.0,7.0,-7.0,6.0,-13.0,0.0,2.0,-2.0,1.0,0.0,1.0,28.6,42.9,60.0,20.0,9.0,28.0,14.0,27.0
2024-12-14,2024,Sp Lisbon,Boavista,3.0,2.0,H,O,1.08,11.3,22.96,D,7.0,2.0,10.0,1.0,7,3.0,1.0,1.0,1.0,10.0,4.0,6.0,2.0,4.0,-2.0,8.0,0.0,8.0,3.0,0.0,3.0,0.0,0.0,0.0,83.3,16.7,28.6,28.6,27.0,14.0,34.0,14.0
2024-12-14,2024,Nacional,Moreirense,1.0,0.0,H,U,2.8,3.1,2.62,D,5.0,1.0,10.0,2.0,6,2.0,1.0,1.0,3.0,4.0,5.0,-1.0,3.0,6.0,-3.0,1.0,-1.0,2.0,2.0,1.0,1.0,1.0,0.0,1.0,40.0,40.0,28.6,71.4,18.0,14.0,16.0,18.0
2024-12-14,2024,Farense,Gil Vicente,0.0,1.0,A,U,2.81,3.02,2.66,D,2.0,2.0,7.0,1.0,7,2.0,0.0,2.0,4.0,3.0,4.0,-1.0,3.0,14.0,-11.0,0.0,-10.0,10.0,0.0,0.0,0.0,0.0,2.0,-2.0,33.3,66.7,0.0,71.4,10.0,10.0,21.0,12.0
2024-12-09,2024,Estrela,Arouca,2.0,1.0,H,O,2.54,3.19,2.83,A,2.0,4.0,2.0,7.0,7,2.0,1.0,0.0,2.0,8.0,2.0,6.0,5.0,8.0,-3.0,3.0,-6.0,9.0,1.0,0.0,1.0,0.0,2.0,-2.0,33.3,33.3,16.7,66.7,10.0,7.0,24.0,25.0
2024-12-08,2024,Casa Pia,AVS,1.0,1.0,D,U,1.83,3.37,4.59,H,5.0,3.0,6.0,3.0,7,2.0,0.0,0.0,2.0,6.0,2.0,4.0,3.0,6.0,-3.0,3.0,-4.0,7.0,1.0,0.0,1.0,0.0,1.0,-1.0,33.3,33.3,0.0,60.0,15.0,6.0,22.0,16.0
2024-12-08,2024,Boavista,Farense,1.0,1.0,D,U,2.42,3.16,3.02,D,4.0,6.0,5.0,4.0,6,0.0,0.0,3.0,2.0,0.0,2.0,-2.0,7.0,5.0,2.0,-7.0,-3.0,-4.0,0.0,0.0,0.0,3.0,1.0,2.0,0.0,80.0,0.0,66.7,15.0,13.0,23.0,8.0
2024-12-07,2024,Santa Clara,Rio Ave,1.0,0.0,H,U,1.82,3.43,4.63,H,4.0,2.0,6.0,2.0,7,4.0,1.0,0.0,3.0,5.0,2.0,3.0,1.0,10.0,-9.0,4.0,-8.0,12.0,0.0,1.0,-1.0,0.0,2.0,-2.0,83.3,16.7,16.7,83.3,19.0,8.0,21.0,20.0
2024-12-07,2024,Gil Vicente,Nacional,2.0,1.0,H,O,2.03,3.4,3.7,H,4.0,6.0,6.0,7.0,6,1.0,0.0,1.0,3.0,5.0,0.0,5.0,3.0,4.0,-1.0,2.0,-4.0,6.0,1.0,0.0,1.0,0.0,1.0,-1.0,40.0,20.0,0.0,66.7,16.0,17.0,20.0,19.0
2024-12-07,2024,Famalicao,Porto,1.0,1.0,D,U,6.57,4.36,1.48,H,2.0,4.0,3.0,5.0,7,0.0,2.0,1.0,2.0,1.0,9.0,-8.0,4.0,6.0,-2.0,-3.0,3.0,-6.0,0.0,2.0,-2.0,1.0,2.0,-1.0,33.3,16.7,60.0,40.0,12.0,16.0,24.0,14.0
2024-12-07,2024,Benfica,Guimaraes,1.0,0.0,H,U,1.31,5.38,9.43,H,1.0,2.0,6.0,9.0,7,4.0,1.0,0.0,1.0,18.0,5.0,13.0,3.0,4.0,-1.0,15.0,1.0,14.0,4.0,1.0,3.0,0.0,0.0,0.0,100.0,0.0,33.3,33.3,34.0,16.0,26.0,21.0
2024-12-06,2024,Sp Braga,Estoril,2.0,2.0,D,O,1.22,6.35,13.45,H,7.0,3.0,3.0,2.0,7,2.0,0.0,2.0,2.0,8.0,2.0,6.0,6.0,7.0,-1.0,2.0,-5.0,7.0,2.0,0.0,2.0,2.0,1.0,1.0,50.0,33.3,0.0,60.0,18.0,11.0,20.0,16.0
2024-12-05,2024,Moreirense,Sp Lisbon,2.0,1.0,H,O,8.44,5.02,1.34,H,4.0,2.0,4.0,6.0,6,2.0,4.0,0.0,0.0,5.0,13.0,-8.0,3.0,2.0,1.0,2.0,11.0,-9.0,0.0,4.0,-4.0,0.0,0.0,0.0,60.0,0.0,100.0,0.0,19.0,30.0,8.0,35.0
2024-12-02,2024,Porto,Casa Pia,2.0,0.0,H,U,1.2,6.62,13.19,D,9.0,3.0,8.0,6.0,7,4.0,1.0,0.0,1.0,12.0,4.0,8.0,2.0,5.0,-3.0,10.0,-1.0,11.0,2.0,0.0,2.0,0.0,1.0,-1.0,100.0,0.0,20.0,40.0,30.0,15.0,29.0,14.0
2024-12-02,2024,Guimaraes,Gil Vicente,4.0,0.0,H,O,1.68,3.73,5.0,H,5.0,0.0,9.0,2.0,6,2.0,0.0,1.0,3.0,5.0,5.0,0.0,6.0,11.0,-5.0,-1.0,-6.0,5.0,0.0,0.0,0.0,1.0,1.0,0.0,60.0,20.0,0.0,66.7,13.0,13.0,25.0,11.0
2024-12-01,2024,Estoril,Famalicao,2.0,1.0,H,O,3.3,3.18,2.24,H,4.0,1.0,5.0,7.0,7,2.0,1.0,1.0,1.0,5.0,5.0,0.0,4.0,5.0,-1.0,1.0,0.0,1.0,1.0,0.0,1.0,1.0,0.0,1.0,33.3,33.3,40.0,20.0,12.0,14.0,20.0,17.0
2024-12-01,2024,Arouca,Benfica,0.0,2.0,A,U,10.21,5.93,1.26,A,5.0,8.0,5.0,6.0,6,1.0,2.0,2.0,1.0,3.0,6.0,-3.0,6.0,4.0,2.0,-3.0,2.0,-5.0,0.0,1.0,-1.0,1.0,1.0,0.0,20.0,60.0,50.0,25.0,11.0,21.0,28.0,28.0
2024-12-01,2024,AVS,Sp Braga,0.0,1.0,A,U,5.37,3.97,1.6,D,1.0,8.0,2.0,9.0,7,1.0,2.0,2.0,1.0,3.0,6.0,-3.0,8.0,3.0,5.0,-5.0,3.0,-8.0,0.0,1.0,-1.0,1.0,0.0,1.0,33.3,33.3,60.0,20.0,11.0,13.0,16.0,20.0
2024-11-30,2024,Sp Lisbon,Santa Clara,0.0,1.0,A,U,1.16,7.43,16.32,A,4.0,3.0,8.0,2.0,6,4.0,1.0,0.0,3.0,12.0,3.0,9.0,1.0,7.0,-6.0,11.0,-4.0,15.0,4.0,1.0,3.0,0.0,2.0,-2.0,100.0,0.0,40.0,60.0,27.0,15.0,28.0,15.0
2024-11-30,2024,Rio Ave,Moreirense,3.0,2.0,H,O,2.92,3.05,2.58,H,4.0,2.0,2.0,4.0,6,1.0,1.0,0.0,3.0,6.0,4.0,2.0,5.0,6.0,-1.0,1.0,-2.0,3.0,0.0,1.0,-1.0,0.0,1.0,-1.0,40.0,0.0,33.3,66.7,21.0,14.0,29.0,19.0
2024-11-30,2024,Nacional,Boavista,0.0,0.0,D,U,1.94,3.42,4.0,D,8.0,2.0,4.0,7.0,5,2.0,1.0,2.0,1.0,5.0,6.0,-1.0,9.0,6.0,3.0,-4.0,0.0,-4.0,2.0,0.0,2.0,2.0,0.0,2.0,50.0,50.0,33.3,33.3,16.0,16.0,16.0,9.0
2024-11-29,2024,Farense,Estrela,1.0,0.0,H,U,2.21,3.2,3.44,H,2.0,3.0,3.0,6.0,6,1.0,0.0,3.0,4.0,2.0,1.0,1.0,8.0,10.0,-2.0,-6.0,-9.0,3.0,0.0,0.0,0.0,1.0,2.0,-1.0,20.0,80.0,0.0,80.0,9.0,11.0,19.0,20.0
2024-11-10,2024,Sp Braga,Sp Lisbon,2.0,4.0,A,O,5.25,4.22,1.58,H,2.0,6.0,0.0,5.0,6,3.0,4.0,1.0,0.0,9.0,14.0,-5.0,3.0,0.0,3.0,6.0,14.0,-8.0,3.0,4.0,-1.0,1.0,0.0,1.0,60.0,20.0,100.0,0.0,23.0,32.0,26.0,35.0
2024-11-10,2024,Santa Clara,Guimaraes,1.0,0.0,H,U,2.89,3.01,2.61,D,7.0,2.0,9.0,4.0,6,4.0,1.0,0.0,1.0,6.0,5.0,1.0,2.0,4.0,-2.0,4.0,1.0,3.0,0.0,1.0,-1.0,0.0,0.0,0.0,80.0,20.0,40.0,20.0,18.0,19.0,15.0,23.0
2024-11-10,2024,Estrela,Nacional,2.0,0.0,H,U,2.22,3.28,3.26,D,3.0,4.0,10.0,4.0,6,1.0,0.0,1.0,3.0,6.0,0.0,6.0,6.0,3.0,3.0,0.0,-3.0,3.0,0.0,0.0,0.0,0.0,0.0,0.0,20.0,40.0,0.0,60.0,11.0,14.0,16.0,17.0
2024-11-10,2024,Benfica,Porto,4.0,1.0,H,O,2.09,3.42,3.44,D,7.0,3.0,2.0,2.0,6,4.0,3.0,0.0,1.0,15.0,10.0,5.0,2.0,2.0,0.0,13.0,8.0,5.0,3.0,3.0,0.0,0.0,1.0,-1.0,100.0,0.0,75.0,25.0,36.0,19.0,36.0,14.0
2024-11-09,2024,Famalicao,Arouca,0.0,0.0,D,U,1.92,3.35,4.21,D,2.0,1.0,4.0,8.0,6,1.0,1.0,1.0,3.0,2.0,2.0,0.0,4.0,9.0,-5.0,-2.0,-7.0,5.0,0.0,0.0,0.0,1.0,2.0,-1.0,40.0,20.0,20.0,80.0,14.0,9.0,27.0,25.0
2024-11-09,2024,Estoril,AVS,0.0,0.0,D,U,2.28,3.14,3.33,D,2.0,2.0,10.0,6.0,6,2.0,0.0,1.0,3.0,5.0,4.0,1.0,4.0,10.0,-6.0,1.0,-6.0,7.0,1.0,0.0,1.0,1.0,2.0,-1.0,40.0,40.0,0.0,75.0,12.0,9.0,18.0,13.0
2024-11-09,2024,Casa Pia,Farense,1.0,1.0,D,U,1.98,3.3,4.0,D,2.0,3.0,4.0,2.0,6,2.0,0.0,1.0,3.0,5.0,1.0,4.0,4.0,6.0,-2.0,1.0,-5.0,6.0,1.0,0.0,1.0,1.0,2.0,-1.0,40.0,40.0,0.0,80.0,16.0,12.0,25.0,10.0
2024-11-09,2024,Boavista,Rio Ave,0.0,2.0,A,U,2.73,3.12,2.67,A,4.0,1.0,7.0,2.0,5,0.0,0.0,3.0,4.0,0.0,0.0,0.0,6.0,12.0,-6.0,-6.0,-12.0,6.0,0.0,0.0,0.0,2.0,3.0,-1.0,0.0,75.0,0.0,100.0,12.0,7.0,19.0,21.0
2024-11-08,2024,Moreirense,Gil Vicente,3.0,2.0,H,O,2.34,3.0,3.4,A,8.0,5.0,3.0,4.0,5,2.0,0.0,0.0,2.0,5.0,3.0,2.0,2.0,8.0,-6.0,3.0,-5.0,8.0,1.0,0.0,1.0,0.0,1.0,-1.0,50.0,0.0,0.0,60.0,17.0,12.0,12.0,8.0
2024-11-04,2024,Nacional,Santa Clara,2.0,0.0,H,U,3.27,3.16,2.28,H,4.0,6.0,2.0,6.0,4,,2.0,,2.0,,7.0,,,6.0,,,1.0,,,2.0,,,1.0,,33.3,66.7,50.0,50.0,,17.0,,12.0
2024-11-03,2024,Porto,Estoril,4.0,0.0,H,O,1.14,7.97,17.51,H,9.0,5.0,9.0,5.0,6,4.0,0.0,0.0,2.0,10.0,2.0,8.0,2.0,4.0,-2.0,8.0,-2.0,10.0,2.0,0.0,2.0,0.0,0.0,0.0,100.0,0.0,0.0,50.0,33.0,7.0,29.0,14.0
2024-11-03,2024,Guimaraes,Moreirense,1.0,0.0,H,U,1.72,3.48,5.23,D,4.0,2.0,9.0,4.0,5,2.0,1.0,1.0,3.0,5.0,5.0,0.0,6.0,8.0,-2.0,-1.0,-3.0,2.0,0.0,1.0,-1.0,1.0,2.0,-1.0,50.0,25.0,40.0,60.0,14.0,17.0,25.0,16.0
2024-11-03,2024,Arouca,Sp Braga,1.0,2.0,A,O,4.36,3.87,1.75,A,3.0,3.0,12.0,4.0,5,1.0,2.0,2.0,1.0,2.0,5.0,-3.0,5.0,2.0,3.0,-3.0,3.0,-6.0,0.0,1.0,-1.0,1.0,0.0,1.0,25.0,50.0,50.0,25.0,8.0,13.0,22.0,24.0
2024-11-03,2024,AVS,Famalicao,2.0,3.0,A,O,3.06,3.03,2.47,D,6.0,6.0,4.0,0.0,6,2.0,1.0,1.0,1.0,2.0,5.0,-3.0,5.0,3.0,2.0,-3.0,2.0,-5.0,0.0,1.0,-1.0,1.0,0.0,1.0,40.0,20.0,25.0,25.0,7.0,16.0,15.0,21.0
2024-11-02,2024,Rio Ave,Casa Pia,2.0,2.0,D,O,2.19,3.22,3.43,D,5.0,2.0,3.0,2.0,5,2.0,1.0,0.0,2.0,5.0,2.0,3.0,3.0,6.0,-3.0,2.0,-4.0,6.0,0.0,0.0,0.0,0.0,2.0,-2.0,50.0,0.0,25.0,50.0,19.0,14.0,33.0,14.0
2024-11-02,2024,Gil Vicente,Boavista,1.0,2.0,A,O,1.67,3.72,5.32,D,2.0,5.0,7.0,2.0,5,2.0,0.0,0.0,2.0,8.0,4.0,4.0,3.0,6.0,-3.0,5.0,-2.0,7.0,2.0,0.0,2.0,0.0,0.0,0.0,50.0,0.0,20.0,40.0,20.0,13.0,15.0,10.0
2024-11-02,2024,Farense,Benfica,1.0,2.0,A,O,12.24,6.79,1.2,D,4.0,7.0,3.0,8.0,5,1.0,,3.0,,2.0,,,8.0,,,-6.0,,,0.0,,,1.0,,,25.0,75.0,33.3,33.3,10.0,,21.0,
2024-11-01,2024,Sp Lisbon,Estrela,5.0,1.0,H,O,1.08,11.16,26.6,H,8.0,5.0,12.0,2.0,5,4.0,0.0,0.0,3.0,10.0,1.0,9.0,1.0,6.0,-5.0,9.0,-5.0,14.0,4.0,0.0,4.0,0.0,1.0,-1.0,100.0,0.0,0.0,75.0,25.0,10.0,22.0,22.0
2024-10-28,2024,AVS,Porto,0.0,5.0,A,O,10.0,5.36,1.29,A,1.0,7.0,2.0,3.0,5,2.0,,0.0,,3.0,,,1.0,,,2.0,,,0.0,,,0.0,,,50.0,0.0,66.7,33.3,9.0,,17.0,
2024-10-27,2024,Sp Braga,Farense,2.0,0.0,H,U,1.31,5.45,8.58,H,6.0,2.0,10.0,3.0,5,2.0,0.0,1.0,3.0,8.0,1.0,7.0,4.0,5.0,-1.0,4.0,-4.0,8.0,2.0,0.0,2.0,1.0,1.0,0.0,50.0,25.0,0.0,75.0,22.0,14.0,29.0,21.0
2024-10-27,2024,Estrela,Guimaraes,2.0,2.0,D,O,4.51,3.42,1.83,D,2.0,3.0,3.0,4.0,5,1.0,2.0,2.0,1.0,4.0,4.0,0.0,7.0,2.0,5.0,-3.0,2.0,-5.0,0.0,1.0,-1.0,1.0,0.0,1.0,25.0,50.0,50.0,25.0,11.0,20.0,15.0,24.0
2024-10-27,2024,Benfica,Rio Ave,5.0,0.0,H,O,1.17,7.32,14.59,H,14.0,0.0,8.0,2.0,5,4.0,0.0,0.0,4.0,13.0,1.0,12.0,2.0,10.0,-8.0,11.0,-9.0,20.0,3.0,0.0,3.0,0.0,3.0,-3.0,100.0,0.0,0.0,100.0,29.0,8.0,40.0,20.0
2024-10-26,2024,Famalicao,Sp Lisbon,0.0,3.0,A,O,8.69,4.96,1.35,D,1.0,13.0,4.0,8.0,5,2.0,4.0,0.0,0.0,4.0,17.0,-13.0,1.0,1.0,0.0,3.0,16.0,-13.0,1.0,4.0,-3.0,0.0,0.0,0.0,50.0,0.0,100.0,0.0,18.0,29.0,23.0,30.0
2024-10-26,2024,Estoril,Arouca,4.0,1.0,H,O,2.99,3.15,2.46,H,5.0,4.0,6.0,9.0,5,1.0,1.0,2.0,3.0,2.0,2.0,0.0,7.0,8.0,-1.0,-5.0,-6.0,1.0,0.0,0.0,0.0,2.0,2.0,0.0,25.0,50.0,25.0,75.0,9.0,8.0,13.0,21.0
2024-10-26,2024,Boavista,Moreirense,0.0,2.0,A,U,3.38,3.11,2.27,A,3.0,8.0,4.0,3.0,4,,1.0,,3.0,,5.0,,,9.0,,,-4.0,,,0.0,,,2.0,,0.0,66.7,25.0,75.0,,15.0,,17.0
2024-10-25,2024,Santa Clara,Gil Vicente,2.0,1.0,H,O,2.13,3.0,3.96,H,3.0,1.0,6.0,4.0,5,3.0,0.0,1.0,2.0,4.0,2.0,2.0,3.0,9.0,-6.0,1.0,-7.0,8.0,0.0,0.0,0.0,1.0,2.0,-1.0,75.0,25.0,0.0,50.0,17.0,13.0,11.0,6.0
2024-10-25,2024,Casa Pia,Nacional,1.0,0.0,H,U,2.13,3.22,3.63,H,5.0,6.0,7.0,7.0,5,1.0,0.0,2.0,2.0,4.0,1.0,3.0,5.0,3.0,2.0,-1.0,-2.0,1.0,1.0,0.0,1.0,1.0,0.0,1.0,25.0,50.0,0.0,50.0,15.0,10.0,21.0,12.0
2024-10-06,2024,Porto,Sp Braga,2.0,1.0,H,O,1.59,4.16,5.32,H,3.0,3.0,1.0,5.0,5,4.0,,0.0,,11.0,,,1.0,,,10.0,,,3.0,,,0.0,,,100.0,0.0,66.7,0.0,37.0,,34.0,
2024-10-06,2024,Guimaraes,Boavista,2.0,2.0,D,O,1.43,4.4,7.66,H,4.0,5.0,6.0,5.0,4,,1.0,,2.0,,3.0,,,4.0,,,-1.0,,,0.0,,,0.0,,66.7,33.3,25.0,50.0,,10.0,,6.0
2024-10-06,2024,Farense,Estoril,1.0,0.0,H,U,2.24,3.32,3.22,D,2.0,2.0,5.0,4.0,4,,,,,,,,,,,,,,,,,,,,0.0,100.0,0.0,33.3,,,,
2024-10-05,2024,Sp Lisbon,Casa Pia,2.0,0.0,H,U,1.12,9.04,19.17,H,6.0,3.0,5.0,3.0,4,,,,,,,,,,,,,,,,,,,,100.0,0.0,33.3,33.3,,,,
2024-10-05,2024,Moreirense,Santa Clara,1.0,0.0,H,U,2.53,3.06,2.98,D,2.0,3.0,1.0,7.0,4,,,,,,,,,,,,,,,,,,,,33.3,0.0,66.7,33.3,,,,
2024-10-05,2024,Gil Vicente,Estrela,3.0,0.0,H,O,1.88,3.48,4.23,H,5.0,2.0,0.0,8.0,4,,,,,,,,,,,,,,,,,,,,33.3,0.0,0.0,66.7,,,,
2024-10-05,2024,Arouca,AVS,1.0,1.0,D,U,2.11,3.37,3.5,H,2.0,2.0,5.0,7.0,4,,,,,,,,,,,,,,,,,,,,33.3,66.7,0.0,100.0,,,,
2024-10-04,2024,Rio Ave,Famalicao,1.0,1.0,D,U,2.96,2.98,2.62,D,6.0,3.0,11.0,7.0,4,,,,,,,,,,,,,,,,,,,,66.7,0.0,33.3,33.3,,,,
2024-09-30,2024,AVS,Farense,0.0,0.0,D,U,1.9,3.63,3.94,D,1.0,3.0,6.0,3.0,4,,,,,,,,,,,,,,,,,,,,66.7,0.0,0.0,100.0,,,,
2024-09-29,2024,Sp Braga,Rio Ave,4.0,0.0,H,O,1.4,4.74,7.44,H,8.0,4.0,4.0,5.0,4,,,,,,,,,,,,,,,,,,,,33.3,33.3,0.0,100.0,,,,
2024-09-29,2024,Santa Clara,Boavista,1.0,0.0,H,U,1.6,3.79,5.91,H,5.0,2.0,3.0,0.0,4,,,,,,,,,,,,,,,,,,,,66.7,33.3,33.3,33.3,,,,
2024-09-29,2024,Porto,Arouca,4.0,0.0,H,O,1.19,6.84,14.55,D,7.0,0.0,8.0,2.0,4,,,,,,,,,,,,,,,,,,,,100.0,0.0,33.3,66.7,,,,
2024-09-29,2024,Famalicao,Nacional,0.0,0.0,D,U,1.61,3.83,5.59,D,5.0,4.0,8.0,4.0,4,,,,,,,,,,,,,,,,,,,,66.7,0.0,0.0,66.7,,,,
2024-09-28,2024,Estrela,Moreirense,2.0,1.0,H,O,2.96,3.1,2.51,H,2.0,2.0,2.0,7.0,4,,,,,,,,,,,,,,,,,,,,0.0,66.7,33.3,66.7,,,,
2024-09-28,2024,Casa Pia,Guimaraes,1.0,1.0,D,U,3.97,3.23,2.02,H,4.0,7.0,7.0,9.0,4,,,,,,,,,,,,,,,,,,,,33.3,66.7,66.7,33.3,,,,
2024-09-28,2024,Benfica,Gil Vicente,5.0,1.0,H,O,1.19,7.17,13.37,H,6.0,4.0,11.0,2.0,4,,,,,,,,,,,,,,,,,,,,100.0,0.0,0.0,33.3,,,,
2024-09-27,2024,Estoril,Sp Lisbon,0.0,3.0,A,O,14.79,7.74,1.17,A,2.0,5.0,1.0,14.0,4,,,,,,,,,,,,,,,,,,,,33.3,33.3,100.0,0.0,,,,
2024-09-23,2024,Boavista,Benfica,0.0,3.0,A,O,11.49,5.81,1.25,A,3.0,9.0,4.0,5.0,3,,,,,,,,,,,,,,,,,,,,0.0,50.0,0.0,50.0,,,,
2024-09-22,2024,Sp Lisbon,AVS,3.0,0.0,H,O,1.07,11.72,25.98,H,9.0,0.0,9.0,1.0,3,,,,,,,,,,,,,,,,,,,,100.0,0.0,0.0,100.0,,,,
2024-09-22,2024,Gil Vicente,Casa Pia,1.0,1.0,D,U,2.1,3.18,3.74,H,4.0,4.0,9.0,2.0,3,,,,,,,,,,,,,,,,,,,,50.0,0.0,50.0,50.0,,,,
2024-09-22,2024,Farense,Arouca,0.0,1.0,A,U,2.64,3.34,2.63,A,2.0,2.0,10.0,6.0,3,,,,,,,,,,,,,,,,,,,,0.0,100.0,0.0,100.0,,,,
2024-09-21,2024,Santa Clara,Estrela,1.0,0.0,H,U,1.77,3.57,4.73,D,4.0,4.0,3.0,8.0,3,,,,,,,,,,,,,,,,,,,,50.0,50.0,0.0,50.0,,,,
2024-09-21,2024,Rio Ave,Estoril,2.0,2.0,D,O,1.94,3.31,4.2,H,7.0,3.0,7.0,4.0,3,,,,,,,,,,,,,,,,,,,,100.0,0.0,0.0,50.0,,,,
2024-09-21,2024,Moreirense,Famalicao,0.0,0.0,D,U,2.52,3.1,2.95,D,3.0,1.0,4.0,3.0,3,,,,,,,,,,,,,,,,,,,,50.0,0.0,50.0,50.0,,,,
2024-09-21,2024,Guimaraes,Porto,0.0,3.0,A,O,3.5,3.17,2.19,D,1.0,4.0,5.0,6.0,3,,,,,,,,,,,,,,,,,,,,100.0,0.0,50.0,50.0,,,,
2024-09-20,2024,Nacional,Sp Braga,0.0,3.0,A,O,5.04,3.98,1.65,D,2.0,5.0,6.0,6.0,3,,,,,,,,,,,,,,,,,,,,50.0,50.0,50.0,0.0,,,,
2024-09-16,2024,Estrela,Boavista,2.0,2.0,D,O,1.92,3.29,4.3,A,3.0,4.0,9.0,2.0,3,,,,,,,,,,,,,,,,,,,,0.0,100.0,50.0,50.0,,,,
2024-09-15,2024,Sp Braga,Guimaraes,0.0,2.0,A,U,1.99,3.47,3.75,D,2.0,4.0,6.0,4.0,3,,,,,,,,,,,,,,,,,,,,50.0,0.0,50.0,50.0,,,,
2024-09-15,2024,Porto,Farense,2.0,1.0,H,O,1.13,8.41,18.5,D,11.0,5.0,11.0,0.0,3,,,,,,,,,,,,,,,,,,,,100.0,0.0,0.0,100.0,,,,
2024-09-15,2024,Estoril,Nacional,1.0,0.0,H,U,2.3,3.34,3.07,H,3.0,3.0,3.0,4.0,3,,,,,,,,,,,,,,,,,,,,0.0,50.0,0.0,50.0,,,,
2024-09-14,2024,Famalicao,Gil Vicente,1.0,1.0,D,U,1.87,3.44,4.31,H,4.0,3.0,8.0,1.0,3,,,,,,,,,,,,,,,,,,,,100.0,0.0,0.0,50.0,,,,
2024-09-14,2024,Casa Pia,Moreirense,3.0,1.0,H,O,2.71,3.01,2.81,A,4.0,2.0,4.0,5.0,3,,,,,,,,,,,,,,,,,,,,0.0,100.0,50.0,50.0,,,,
2024-09-14,2024,Benfica,Santa Clara,4.0,1.0,H,O,1.24,6.16,11.38,H,7.0,2.0,5.0,1.0,3,,,,,,,,,,,,,,,,,,,,100.0,0.0,100.0,0.0,,,,
2024-09-14,2024,AVS,Rio Ave,1.0,0.0,H,U,2.61,3.19,2.75,D,3.0,3.0,4.0,11.0,3,,,,,,,,,,,,,,,,,,,,50.0,0.0,0.0,100.0,,,,
2024-09-13,2024,Arouca,Sp Lisbon,0.0,3.0,A,O,12.11,6.7,1.21,A,2.0,6.0,2.0,8.0,3,,,,,,,,,,,,,,,,,,,,50.0,50.0,100.0,0.0,,,,
2024-09-01,2024,Rio Ave,Arouca,1.0,0.0,H,U,2.32,3.28,3.11,H,3.0,3.0,8.0,8.0,2,,,,,,,,,,,,,,,,,,,,100.0,0.0,0.0,100.0,,,,
2024-09-01,2024,Nacional,Farense,2.0,0.0,H,U,2.22,3.42,3.18,H,4.0,2.0,4.0,4.0,2,,,,,,,,,,,,,,,,,,,,0.0,100.0,0.0,100.0,,,,
2024-09-01,2024,Guimaraes,Famalicao,2.0,1.0,H,O,1.97,3.38,3.92,D,4.0,4.0,5.0,7.0,2,,,,,,,,,,,,,,,,,,,,100.0,0.0,100.0,0.0,,,,
2024-09-01,2024,Gil Vicente,Sp Braga,0.0,0.0,D,U,4.49,3.85,1.74,D,5.0,2.0,4.0,5.0,2,,,,,,,,,,,,,,,,,,,,100.0,0.0,100.0,0.0,,,,
2024-08-31,2024,Sp Lisbon,Porto,2.0,0.0,H,U,1.78,3.76,4.37,D,4.0,2.0,2.0,3.0,2,,,,,,,,,,,,,,,,,,,,100.0,0.0,100.0,0.0,,,,
2024-08-31,2024,Santa Clara,AVS,2.0,1.0,H,O,1.83,3.49,4.43,D,6.0,2.0,3.0,2.0,2,,,,,,,,,,,,,,,,,,,,0.0,100.0,0.0,100.0,,,,
2024-08-31,2024,Estrela,Casa Pia,0.0,1.0,A,U,2.29,3.2,3.24,D,4.0,6.0,2.0,7.0,2,,,,,,,,,,,,,,,,,,,,0.0,100.0,0.0,100.0,,,,
2024-08-31,2024,Boavista,Estoril,0.0,0.0,D,U,2.32,3.11,3.27,D,5.0,1.0,8.0,3.0,2,,,,,,,,,,,,,,,,,,,,0.0,100.0,0.0,100.0,,,,
2024-08-30,2024,Moreirense,Benfica,1.0,1.0,D,U,7.19,4.52,1.44,D,6.0,4.0,0.0,8.0,2,,,,,,,,,,,,,,,,,,,,100.0,0.0,0.0,100.0,,,,
2024-08-25,2024,Sp Braga,Moreirense,3.0,1.0,H,O,1.56,4.11,5.59,H,7.0,5.0,6.0,1.0,2,,,,,,,,,,,,,,,,,,,,0.0,0.0,100.0,0.0,,,,
2024-08-25,2024,Estoril,Gil Vicente,0.0,0.0,D,U,2.6,3.24,2.72,D,2.0,4.0,8.0,1.0,2,,,,,,,,,,,,,,,,,,,,0.0,100.0,0.0,100.0,,,,
2024-08-25,2024,Arouca,Nacional,1.0,0.0,H,U,2.07,3.45,3.46,H,4.0,1.0,9.0,2.0,2,,,,,,,,,,,,,,,,,,,,0.0,100.0,0.0,0.0,,,,
2024-08-25,2024,AVS,Guimaraes,1.0,0.0,H,U,3.84,3.48,1.93,D,2.0,5.0,3.0,6.0,2,,,,,,,,,,,,,,,,,,,,0.0,0.0,100.0,0.0,,,,
2024-08-24,2024,Porto,Rio Ave,2.0,0.0,H,U,1.23,6.01,12.26,H,12.0,0.0,9.0,3.0,2,,,,,,,,,,,,,,,,,,,,100.0,0.0,0.0,100.0,,,,
2024-08-24,2024,Famalicao,Boavista,1.0,0.0,H,U,1.56,3.94,5.96,H,4.0,2.0,7.0,3.0,2,,,,,,,,,,,,,,,,,,,,100.0,0.0,100.0,0.0,,,,
2024-08-24,2024,Casa Pia,Santa Clara,0.0,2.0,A,U,2.74,3.26,2.58,D,3.0,4.0,7.0,1.0,2,,,,,,,,,,,,,,,,,,,,0.0,100.0,100.0,0.0,,,,
2024-08-24,2024,Benfica,Estrela,1.0,0.0,H,U,1.18,7.23,14.79,H,9.0,0.0,12.0,2.0,2,,,,,,,,,,,,,,,,,,,,100.0,0.0,0.0,0.0,,,,
2024-08-23,2024,Farense,Sp Lisbon,0.0,5.0,A,O,12.84,7.49,1.19,A,1.0,8.0,1.0,5.0,2,,,,,,,,,,,,,,,,,,,,0.0,100.0,100.0,0.0,,,,
2024-08-19,2024,Estrela,Famalicao,0.0,3.0,A,O,2.48,3.22,2.91,A,2.0,8.0,2.0,4.0,1,,,,,,,,,,,,,,,,,,,,,,,,,,,
2024-08-18,2024,Moreirense,Arouca,3.0,1.0,H,O,2.34,3.25,3.1,H,6.0,3.0,7.0,5.0,1,,,,,,,,,,,,,,,,,,,,,,,,,,,
2024-08-18,2024,Guimaraes,Estoril,1.0,0.0,H,U,1.58,4.03,5.68,H,5.0,1.0,9.0,3.0,1,,,,,,,,,,,,,,,,,,,,,,,,,,,
2024-08-18,2024,Boavista,Sp Braga,0.0,1.0,A,U,5.2,4.16,1.6,A,1.0,3.0,3.0,8.0,1,,,,,,,,,,,,,,,,,,,,,,,,,,,
2024-08-17,2024,Rio Ave,Farense,1.0,0.0,H,U,2.01,3.42,3.75,H,3.0,4.0,7.0,14.0,1,,,,,,,,,,,,,,,,,,,,,,,,,,,
2024-08-17,2024,Nacional,Sp Lisbon,1.0,6.0,A,O,10.74,6.03,1.25,A,6.0,10.0,4.0,3.0,1,,,,,,,,,,,,,,,,,,,,,,,,,,,
2024-08-17,2024,Benfica,Casa Pia,3.0,0.0,H,O,1.18,7.44,13.53,D,7.0,1.0,12.0,2.0,1,,,,,,,,,,,,,,,,,,,,,,,,,,,
2024-08-16,2024,Santa Clara,Porto,0.0,2.0,A,U,5.93,4.24,1.53,A,2.0,6.0,2.0,2.0,1,,,,,,,,,,,,,,,,,,,,,,,,,,,
2024-08-16,2024,Gil Vicente,AVS,4.0,2.0,H,O,2.28,3.3,3.19,D,6.0,5.0,2.0,3.0,1,,,,,,,,,,,,,,,,,,,,,,,,,,,
2024-08-12,2024,Arouca,Guimaraes,0.0,1.0,A,U,2.85,3.4,2.42,A,0.0,4.0,6.0,5.0,1,,,,,,,,,,,,,,,,,,,,,,,,,,,
2024-08-11,2024,Sp Braga,Estrela,1.0,1.0,D,U,1.38,5.04,7.45,D,5.0,4.0,13.0,4.0,1,,,,,,,,,,,,,,,,,,,,,,,,,,,
2024-08-11,2024,Farense,Moreirense,1.0,2.0,A,O,2.92,3.22,2.47,A,5.0,6.0,5.0,4.0,1,,,,,,,,,,,,,,,,,,,,,,,,,,,
2024-08-11,2024,Famalicao,Benfica,2.0,0.0,H,U,6.54,4.68,1.44,H,5.0,1.0,0.0,7.0,1,,,,,,,,,,,,,,,,,,,,,,,,,,,
2024-08-11,2024,Estoril,Santa Clara,1.0,4.0,A,O,2.18,3.22,3.47,D,2.0,8.0,1.0,3.0,1,,,,,,,,,,,,,,,,,,,,,,,,,,,
2024-08-10,2024,Porto,Gil Vicente,3.0,0.0,H,O,1.18,7.17,14.72,H,7.0,2.0,6.0,2.0,1,,,,,,,,,,,,,,,,,,,,,,,,,,,
2024-08-10,2024,Casa Pia,Boavista,0.0,1.0,A,U,1.93,3.47,3.98,D,4.0,2.0,3.0,1.0,1,,,,,,,,,,,,,,,,,,,,,,,,,,,
2024-08-10,2024,AVS,Nacional,1.0,1.0,D,U,2.26,3.28,3.21,A,3.0,2.0,4.0,2.0,1,,,,,,,,,,,,,,,,,,,,,,,,,,,
2024-08-09,2024,Sp Lisbon,Rio Ave,3.0,1.0,H,O,1.16,7.79,15.44,H,6.0,1.0,6.0,1.0,1,,,,,,,,,,,,,,,,,,,,,,,,,,,
2024-05-18,2023,Sp Lisbon,Chaves,3.0,0.0,H,O,1.07,12.55,25.82,H,7.0,0.0,5.0,3.0,17,4.0,1.0,0.0,2.0,14.0,2.0,12.0,2.0,4.0,-2.0,12.0,-2.0,14.0,3.0,0.0,3.0,0.0,1.0,-1.0,100.0,0.0,12.5,62.5,32.0,9.0,35.0,13.0
2024-05-18,2023,Sp Braga,Porto,0.0,1.0,A,U,3.3,3.67,2.08,D,1.0,5.0,4.0,8.0,17,3.0,3.0,1.0,1.0,8.0,8.0,0.0,8.0,2.0,6.0,0.0,6.0,-6.0,0.0,2.0,-2.0,1.0,0.0,1.0,62.5,18.8,62.5,25.0,27.0,16.0,29.0,35.0
2024-05-18,2023,Moreirense,Estoril,2.0,1.0,H,O,2.31,3.31,3.12,H,3.0,2.0,2.0,6.0,17,2.0,0.0,1.0,2.0,4.0,5.0,-1.0,3.0,8.0,-5.0,1.0,-3.0,4.0,0.0,0.0,0.0,0.0,1.0,-1.0,43.8,31.2,6.2,62.5,15.0,15.0,16.0,18.0
2024-05-18,2023,Farense,Portimonense,1.0,3.0,A,O,2.57,3.92,2.42,A,3.0,6.0,2.0,4.0,17,2.0,1.0,1.0,2.0,7.0,5.0,2.0,6.0,8.0,-2.0,1.0,-3.0,4.0,1.0,0.0,1.0,1.0,1.0,0.0,37.5,37.5,25.0,62.5,23.0,13.0,16.0,18.0
2024-05-18,2023,Estrela,Gil Vicente,1.0,0.0,H,U,1.66,3.96,4.98,H,2.0,2.0,4.0,3.0,17,1.0,1.0,2.0,2.0,6.0,3.0,3.0,8.0,6.0,2.0,-2.0,-3.0,1.0,1.0,0.0,1.0,1.0,1.0,0.0,31.2,50.0,18.8,68.8,21.0,16.0,32.0,15.0
2024-05-18,2023,Boavista,Vizela,2.0,2.0,D,O,1.6,3.88,5.75,A,5.0,4.0,9.0,2.0,17,1.0,0.0,0.0,4.0,3.0,4.0,-1.0,2.0,10.0,-8.0,1.0,-6.0,7.0,0.0,0.0,0.0,0.0,1.0,-1.0,25.0,31.2,12.5,56.2,13.0,8.0,14.0,17.0
2024-05-18,2023,Arouca,Guimaraes,1.0,3.0,A,O,2.81,3.47,2.43,H,2.0,4.0,3.0,7.0,17,2.0,2.0,1.0,2.0,4.0,5.0,-1.0,5.0,7.0,-2.0,-1.0,-2.0,1.0,0.0,0.0,0.0,1.0,1.0,0.0,43.8,37.5,43.8,31.2,25.0,13.0,22.0,20.0
2024-05-17,2023,Rio Ave,Benfica,1.0,1.0,D,U,6.73,5.05,1.41,A,3.0,7.0,2.0,8.0,17,2.0,2.0,0.0,2.0,6.0,5.0,1.0,2.0,5.0,-3.0,4.0,0.0,4.0,1.0,1.0,0.0,0.0,1.0,-1.0,37.5,18.8,62.5,25.0,18.0,30.0,17.0,43.0
2024-05-17,2023,Famalicao,Casa Pia,1.0,2.0,A,O,1.76,3.73,4.6,D,5.0,5.0,3.0,5.0,17,2.0,1.0,1.0,2.0,7.0,10.0,-3.0,5.0,9.0,-4.0,2.0,1.0,1.0,1.0,1.0,0.0,0.0,1.0,-1.0,37.5,25.0,37.5,43.8,16.0,22.0,17.0,22.0
2024-05-12,2023,Porto,Boavista,2.0,1.0,H,O,1.16,7.53,15.98,D,4.0,2.0,11.0,2.0,17,1.0,0.0,1.0,4.0,9.0,2.0,7.0,7.0,11.0,-4.0,2.0,-9.0,11.0,1.0,0.0,1.0,0.0,2.0,-2.0,62.5,12.5,18.8,62.5,28.0,15.0,30.0,20.0
2024-05-12,2023,Gil Vicente,Farense,2.0,0.0,H,U,2.06,3.41,3.58,H,6.0,3.0,4.0,4.0,17,0.0,1.0,2.0,2.0,3.0,6.0,-3.0,8.0,5.0,3.0,-5.0,1.0,-6.0,0.0,1.0,-1.0,1.0,0.0,1.0,31.2,25.0,25.0,56.2,13.0,19.0,22.0,12.0
2024-05-12,2023,Casa Pia,Moreirense,0.0,1.0,A,U,2.61,3.06,2.87,A,0.0,5.0,5.0,1.0,17,1.0,1.0,2.0,3.0,4.0,2.0,2.0,4.0,5.0,-1.0,0.0,-3.0,3.0,1.0,1.0,0.0,0.0,1.0,-1.0,18.8,50.0,43.8,37.5,17.0,11.0,18.0,13.0
2024-05-12,2023,Benfica,Arouca,5.0,0.0,H,O,1.24,6.52,9.89,H,9.0,1.0,3.0,3.0,17,4.0,1.0,0.0,1.0,10.0,6.0,4.0,2.0,4.0,-2.0,8.0,2.0,6.0,3.0,1.0,2.0,0.0,0.0,0.0,87.5,0.0,37.5,37.5,25.0,19.0,29.0,23.0
2024-05-11,2023,Vizela,Estrela,4.0,0.0,H,O,3.47,3.48,2.07,H,7.0,3.0,4.0,7.0,17,1.0,0.0,2.0,0.0,3.0,3.0,0.0,7.0,3.0,4.0,-4.0,0.0,-4.0,0.0,0.0,0.0,1.0,0.0,1.0,12.5,56.2,6.2,37.5,17.0,11.0,33.0,21.0
2024-05-11,2023,Portimonense,Rio Ave,2.0,2.0,D,O,2.16,3.43,3.27,A,8.0,4.0,12.0,4.0,17,0.0,0.0,3.0,0.0,5.0,4.0,1.0,12.0,4.0,8.0,-7.0,0.0,-7.0,0.0,0.0,0.0,3.0,0.0,3.0,18.8,50.0,0.0,37.5,14.0,10.0,15.0,8.0
2024-05-11,2023,Guimaraes,Sp Braga,2.0,3.0,A,O,3.23,3.63,2.12,D,4.0,8.0,6.0,8.0,17,3.0,2.0,0.0,1.0,4.0,7.0,-3.0,1.0,6.0,-5.0,3.0,1.0,2.0,0.0,1.0,-1.0,0.0,1.0,-1.0,68.8,18.8,62.5,25.0,18.0,25.0,29.0,17.0
2024-05-11,2023,Estoril,Sp Lisbon,0.0,1.0,A,U,6.49,4.88,1.43,D,1.0,5.0,2.0,9.0,17,3.0,3.0,1.0,0.0,3.0,9.0,-6.0,1.0,3.0,-2.0,2.0,6.0,-4.0,0.0,1.0,-1.0,0.0,0.0,0.0,50.0,43.8,68.8,12.5,8.0,18.0,8.0,23.0
2024-05-10,2023,Chaves,Famalicao,0.0,1.0,A,U,2.7,3.27,2.65,A,2.0,4.0,3.0,3.0,17,0.0,1.0,3.0,2.0,5.0,4.0,1.0,10.0,5.0,5.0,-5.0,-1.0,-4.0,0.0,0.0,0.0,1.0,0.0,1.0,18.8,56.2,18.8,43.8,12.0,9.0,16.0,15.0
2024-05-05,2023,Sp Braga,Casa Pia,4.0,3.0,H,O,1.32,5.45,8.69,D,7.0,6.0,7.0,7.0,16,3.0,2.0,1.0,1.0,7.0,9.0,-2.0,5.0,5.0,0.0,2.0,4.0,-2.0,1.0,2.0,-1.0,1.0,1.0,0.0,60.0,20.0,40.0,40.0,28.0,21.0,28.0,17.0
2024-05-05,2023,Farense,Estoril,3.0,2.0,H,O,2.54,3.1,2.91,H,5.0,2.0,3.0,3.0,16,1.0,0.0,2.0,1.0,4.0,6.0,-2.0,5.0,8.0,-3.0,-1.0,-2.0,1.0,1.0,0.0,1.0,1.0,1.0,0.0,33.3,40.0,6.7,60.0,19.0,17.0,18.0,22.0
2024-05-05,2023,Famalicao,Benfica,2.0,0.0,H,U,7.51,4.94,1.38,D,4.0,12.0,3.0,10.0,16,1.0,2.0,1.0,2.0,5.0,5.0,0.0,5.0,8.0,-3.0,0.0,-3.0,3.0,0.0,1.0,-1.0,0.0,1.0,-1.0,33.3,26.7,66.7,20.0,15.0,19.0,18.0,35.0
2024-05-05,2023,Arouca,Estrela,0.0,0.0,D,U,2.01,3.65,3.44,D,1.0,2.0,6.0,3.0,16,3.0,0.0,1.0,1.0,7.0,3.0,4.0,7.0,6.0,1.0,0.0,-3.0,3.0,0.0,0.0,0.0,1.0,1.0,0.0,46.7,40.0,6.7,40.0,28.0,10.0,19.0,22.0
2024-05-04,2023,Sp Lisbon,Portimonense,3.0,0.0,H,O,1.07,12.55,25.03,H,12.0,0.0,15.0,1.0,16,4.0,1.0,0.0,2.0,14.0,5.0,9.0,4.0,9.0,-5.0,10.0,-4.0,14.0,2.0,0.0,2.0,0.0,1.0,-1.0,100.0,0.0,26.7,60.0,25.0,15.0,32.0,18.0
2024-05-04,2023,Rio Ave,Guimaraes,2.0,1.0,H,O,2.72,3.29,2.59,H,3.0,5.0,6.0,6.0,16,1.0,3.0,0.0,1.0,7.0,7.0,0.0,4.0,6.0,-2.0,3.0,1.0,2.0,1.0,1.0,0.0,0.0,1.0,-1.0,33.3,20.0,46.7,26.7,18.0,12.0,13.0,18.0
2024-05-04,2023,Chaves,Porto,0.0,3.0,A,O,10.15,5.84,1.27,A,0.0,3.0,2.0,8.0,16,0.0,2.0,3.0,1.0,6.0,6.0,0.0,12.0,3.0,9.0,-6.0,3.0,-9.0,0.0,1.0,-1.0,1.0,0.0,1.0,20.0,53.3,60.0,26.7,17.0,18.0,18.0,31.0
2024-05-04,2023,Boavista,Gil Vicente,1.0,1.0,D,U,2.54,3.28,2.78,D,3.0,6.0,2.0,4.0,16,1.0,1.0,1.0,2.0,2.0,2.0,0.0,5.0,5.0,0.0,-3.0,-3.0,0.0,0.0,0.0,0.0,1.0,1.0,0.0,26.7,33.3,20.0,73.3,13.0,12.0,13.0,15.0
2024-05-03,2023,Moreirense,Vizela,1.0,0.0,H,U,2.13,3.33,3.5,H,5.0,2.0,4.0,5.0,16,1.0,0.0,1.0,3.0,3.0,4.0,-1.0,3.0,9.0,-6.0,0.0,-5.0,5.0,0.0,0.0,0.0,0.0,1.0,-1.0,40.0,33.3,13.3,53.3,15.0,9.0,18.0,20.0
2024-04-29,2023,Estrela,Farense,0.0,3.0,A,O,2.15,3.34,3.4,A,7.0,5.0,11.0,4.0,16,1.0,0.0,1.0,3.0,7.0,5.0,2.0,6.0,8.0,-2.0,1.0,-3.0,4.0,1.0,0.0,1.0,0.0,0.0,0.0,33.3,46.7,20.0,60.0,18.0,19.0,28.0,9.0
2024-04-28,2023,Porto,Sp Lisbon,2.0,2.0,D,O,2.58,3.39,2.66,H,5.0,5.0,2.0,6.0,16,2.0,4.0,1.0,0.0,12.0,10.0,2.0,5.0,1.0,4.0,7.0,9.0,-2.0,2.0,2.0,0.0,0.0,0.0,0.0,66.7,13.3,73.3,13.3,31.0,19.0,34.0,17.0
2024-04-28,2023,Portimonense,Moreirense,0.0,2.0,A,U,2.95,3.32,2.38,D,4.0,6.0,5.0,5.0,16,0.0,1.0,2.0,3.0,5.0,1.0,4.0,10.0,5.0,5.0,-5.0,-4.0,-1.0,0.0,0.0,0.0,2.0,1.0,1.0,20.0,46.7,40.0,40.0,14.0,7.0,11.0,13.0
2024-04-28,2023,Estoril,Famalicao,1.0,0.0,H,U,2.29,3.32,3.11,H,3.0,3.0,3.0,6.0,16,2.0,1.0,2.0,2.0,3.0,6.0,-3.0,4.0,7.0,-3.0,-1.0,-1.0,0.0,0.0,0.0,0.0,1.0,0.0,1.0,46.7,46.7,20.0,40.0,9.0,14.0,14.0,13.0
2024-04-27,2023,Vizela,Rio Ave,1.0,1.0,D,U,2.67,3.19,2.72,D,4.0,2.0,7.0,0.0,16,1.0,0.0,2.0,0.0,5.0,3.0,2.0,9.0,3.0,6.0,-4.0,0.0,-4.0,0.0,0.0,0.0,1.0,0.0,1.0,13.3,60.0,0.0,40.0,20.0,9.0,30.0,10.0
2024-04-27,2023,Guimaraes,Boavista,1.0,0.0,H,U,1.59,3.92,5.66,H,2.0,1.0,4.0,3.0,16,2.0,0.0,1.0,3.0,3.0,3.0,0.0,3.0,11.0,-8.0,0.0,-8.0,8.0,0.0,0.0,0.0,1.0,2.0,-1.0,66.7,20.0,20.0,60.0,21.0,17.0,33.0,22.0
2024-04-27,2023,Casa Pia,Chaves,3.0,1.0,H,O,2.07,3.23,3.83,H,6.0,7.0,4.0,5.0,16,0.0,1.0,2.0,1.0,1.0,2.0,-1.0,3.0,2.0,1.0,-2.0,0.0,-2.0,0.0,0.0,0.0,0.0,0.0,0.0,13.3,53.3,13.3,60.0,14.0,4.0,16.0,14.0
2024-04-27,2023,Benfica,Sp Braga,3.0,1.0,H,O,1.56,4.4,5.29,A,6.0,7.0,6.0,3.0,16,4.0,3.0,0.0,0.0,11.0,10.0,1.0,1.0,3.0,-2.0,10.0,7.0,3.0,3.0,2.0,1.0,0.0,0.0,0.0,86.7,0.0,66.7,20.0,32.0,23.0,31.0,17.0
2024-04-26,2023,Gil Vicente,Arouca,2.0,2.0,D,O,2.55,3.45,2.69,D,3.0,7.0,2.0,5.0,16,0.0,2.0,2.0,1.0,2.0,9.0,-7.0,7.0,3.0,4.0,-5.0,6.0,-11.0,0.0,2.0,-2.0,1.0,0.0,1.0,33.3,26.7,40.0,40.0,11.0,17.0,22.0,20.0
2024-04-22,2023,Farense,Benfica,1.0,3.0,A,O,6.7,5.02,1.41,A,3.0,9.0,3.0,7.0,15,1.0,1.0,1.0,2.0,4.0,4.0,0.0,3.0,9.0,-6.0,1.0,-5.0,6.0,1.0,0.0,1.0,0.0,1.0,-1.0,35.7,35.7,64.3,21.4,23.0,13.0,22.0,39.0
2024-04-21,2023,Sp Lisbon,Guimaraes,3.0,0.0,H,O,1.28,5.66,9.8,H,4.0,1.0,5.0,3.0,15,4.0,3.0,0.0,0.0,16.0,8.0,8.0,4.0,4.0,0.0,12.0,4.0,8.0,2.0,1.0,1.0,0.0,0.0,0.0,100.0,0.0,50.0,21.4,26.0,13.0,30.0,21.0
2024-04-21,2023,Famalicao,Portimonense,2.0,2.0,D,O,1.6,3.98,5.46,A,3.0,7.0,9.0,6.0,15,1.0,1.0,1.0,3.0,4.0,3.0,1.0,4.0,10.0,-6.0,0.0,-7.0,7.0,0.0,0.0,0.0,0.0,2.0,-2.0,35.7,28.6,28.6,64.3,13.0,9.0,18.0,19.0
2024-04-21,2023,Chaves,Estoril,2.0,2.0,D,O,2.82,3.32,2.49,H,7.0,6.0,7.0,5.0,15,1.0,0.0,3.0,2.0,6.0,5.0,1.0,11.0,8.0,3.0,-5.0,-3.0,-2.0,0.0,0.0,0.0,1.0,1.0,0.0,21.4,57.1,7.1,64.3,13.0,15.0,15.0,22.0
2024-04-21,2023,Casa Pia,Porto,1.0,2.0,A,O,8.89,4.76,1.36,D,4.0,5.0,8.0,4.0,15,1.0,1.0,1.0,2.0,1.0,6.0,-5.0,1.0,5.0,-4.0,0.0,1.0,-1.0,0.0,1.0,-1.0,0.0,0.0,0.0,14.3,50.0,57.1,28.6,12.0,19.0,10.0,34.0
2024-04-20,2023,Sp Braga,Vizela,2.0,1.0,H,O,1.27,5.89,10.31,D,5.0,2.0,4.0,4.0,15,3.0,0.0,1.0,3.0,7.0,4.0,3.0,5.0,13.0,-8.0,2.0,-9.0,11.0,1.0,0.0,1.0,1.0,2.0,-1.0,57.1,21.4,14.3,50.0,31.0,11.0,30.0,17.0
2024-04-20,2023,Moreirense,Gil Vicente,0.0,1.0,A,U,2.16,3.26,3.48,A,4.0,3.0,8.0,1.0,15,1.0,1.0,1.0,2.0,3.0,4.0,-1.0,4.0,6.0,-2.0,-1.0,-2.0,1.0,0.0,1.0,-1.0,1.0,1.0,0.0,42.9,28.6,14.3,78.6,11.0,16.0,15.0,18.0
2024-04-20,2023,Boavista,Estrela,1.0,1.0,D,U,2.61,3.21,2.76,D,5.0,3.0,6.0,5.0,15,2.0,0.0,1.0,2.0,3.0,2.0,1.0,5.0,7.0,-2.0,-2.0,-5.0,3.0,0.0,0.0,0.0,1.0,2.0,-1.0,28.6,35.7,7.1,42.9,11.0,9.0,14.0,23.0
2024-04-19,2023,Rio Ave,Arouca,1.0,1.0,D,U,2.62,3.16,2.82,H,3.0,5.0,4.0,6.0,15,2.0,2.0,0.0,2.0,7.0,8.0,-1.0,3.0,3.0,0.0,4.0,5.0,-1.0,1.0,2.0,-1.0,0.0,0.0,0.0,35.7,21.4,42.9,42.9,18.0,16.0,14.0,20.0
2024-04-16,2023,Famalicao,Sp Lisbon,0.0,1.0,A,U,9.32,5.66,1.3,A,0.0,1.0,4.0,6.0,14,2.0,3.0,0.0,0.0,6.0,12.0,-6.0,4.0,4.0,0.0,2.0,8.0,-6.0,0.0,2.0,-2.0,0.0,0.0,0.0,38.5,23.1,71.4,14.3,19.0,24.0,18.0,16.0
2024-04-15,2023,Vizela,Chaves,0.0,1.0,A,U,1.97,3.51,3.81,A,4.0,2.0,10.0,5.0,15,1.0,0.0,2.0,2.0,5.0,1.0,4.0,9.0,3.0,6.0,-4.0,-2.0,-2.0,0.0,0.0,0.0,1.0,0.0,1.0,14.3,57.1,7.1,64.3,18.0,6.0,24.0,13.0
2024-04-14,2023,Portimonense,Casa Pia,2.0,2.0,D,O,2.76,3.1,2.69,H,3.0,4.0,5.0,8.0,15,0.0,2.0,2.0,2.0,4.0,7.0,-3.0,9.0,4.0,5.0,-5.0,3.0,-8.0,0.0,2.0,-2.0,2.0,1.0,1.0,21.4,50.0,42.9,42.9,17.0,18.0,15.0,12.0
2024-04-14,2023,Estrela,Rio Ave,2.0,2.0,D,O,2.54,3.05,2.99,D,5.0,4.0,10.0,1.0,15,2.0,0.0,1.0,1.0,8.0,2.0,6.0,4.0,3.0,1.0,4.0,-1.0,5.0,2.0,0.0,2.0,0.0,0.0,0.0,35.7,50.0,0.0,42.9,16.0,9.0,22.0,16.0
2024-04-14,2023,Benfica,Moreirense,3.0,0.0,H,O,1.27,5.69,10.72,H,6.0,0.0,6.0,2.0,15,4.0,1.0,0.0,3.0,14.0,1.0,13.0,2.0,3.0,-1.0,12.0,-2.0,14.0,3.0,0.0,3.0,0.0,0.0,0.0,85.7,0.0,42.9,35.7,34.0,8.0,31.0,12.0
2024-04-14,2023,Arouca,Boavista,2.0,1.0,H,O,1.65,3.91,5.13,H,5.0,5.0,1.0,4.0,15,3.0,0.0,1.0,3.0,8.0,3.0,5.0,8.0,11.0,-3.0,0.0,-8.0,8.0,0.0,0.0,0.0,1.0,2.0,-1.0,42.9,42.9,21.4,57.1,29.0,15.0,21.0,21.0
2024-04-13,2023,Porto,Famalicao,2.0,2.0,D,O,1.24,6.01,12.48,A,8.0,3.0,10.0,0.0,15,3.0,1.0,1.0,2.0,12.0,5.0,7.0,3.0,6.0,-3.0,9.0,-1.0,10.0,3.0,0.0,3.0,0.0,0.0,0.0,71.4,14.3,21.4,42.9,29.0,15.0,32.0,19.0
2024-04-13,2023,Guimaraes,Farense,1.0,1.0,D,U,1.52,4.21,6.18,A,6.0,6.0,8.0,1.0,15,2.0,0.0,1.0,4.0,4.0,5.0,-1.0,4.0,9.0,-5.0,0.0,-4.0,4.0,0.0,0.0,0.0,1.0,0.0,1.0,71.4,21.4,21.4,64.3,21.0,15.0,31.0,9.0
2024-04-13,2023,Estoril,Sp Braga,0.0,1.0,A,U,4.29,3.99,1.76,D,0.0,5.0,2.0,3.0,15,2.0,2.0,2.0,1.0,4.0,9.0,-5.0,6.0,8.0,-2.0,-2.0,1.0,-3.0,0.0,2.0,-2.0,2.0,1.0,1.0,50.0,42.9,64.3,21.4,13.0,19.0,14.0,21.0
2024-04-12,2023,Gil Vicente,Sp Lisbon,0.0,4.0,A,O,11.23,5.81,1.26,A,1.0,6.0,6.0,4.0,15,0.0,3.0,2.0,0.0,2.0,10.0,-8.0,4.0,4.0,0.0,-2.0,6.0,-8.0,0.0,2.0,-2.0,0.0,0.0,0.0,35.7,21.4,69.2,15.4,14.0,25.0,24.0,16.0
2024-04-08,2023,Casa Pia,Estoril,0.0,0.0,D,U,2.64,2.97,2.95,D,4.0,2.0,2.0,6.0,14,1.0,0.0,1.0,2.0,1.0,6.0,-5.0,1.0,9.0,-8.0,0.0,-3.0,3.0,0.0,0.0,0.0,0.0,1.0,-1.0,15.4,53.8,7.7,69.2,8.0,18.0,12.0,19.0
2024-04-07,2023,Porto,Guimaraes,1.0,2.0,A,O,1.37,4.97,8.12,A,6.0,2.0,6.0,1.0,14,3.0,3.0,0.0,0.0,11.0,7.0,4.0,1.0,3.0,-2.0,10.0,4.0,6.0,3.0,1.0,2.0,0.0,0.0,0.0,76.9,7.7,46.2,23.1,28.0,14.0,49.0,29.0
2024-04-07,2023,Moreirense,Estrela,2.0,2.0,D,O,2.03,3.26,3.94,H,3.0,4.0,2.0,6.0,14,2.0,0.0,1.0,3.0,2.0,0.0,2.0,2.0,6.0,-4.0,0.0,-6.0,6.0,0.0,0.0,0.0,1.0,2.0,-1.0,46.2,30.8,7.7,46.2,13.0,11.0,24.0,18.0
2024-04-07,2023,Chaves,Portimonense,2.0,3.0,A,O,2.18,3.34,3.37,H,3.0,4.0,4.0,4.0,14,1.0,1.0,2.0,3.0,5.0,4.0,1.0,9.0,9.0,0.0,-4.0,-5.0,1.0,0.0,1.0,-1.0,1.0,2.0,-1.0,23.1,53.8,23.1,69.2,12.0,10.0,14.0,16.0
2024-04-06,2023,Sp Lisbon,Benfica,2.0,1.0,H,O,1.97,3.74,3.6,D,4.0,3.0,7.0,13.0,14,4.0,2.0,0.0,1.0,22.0,7.0,15.0,3.0,8.0,-5.0,19.0,-1.0,20.0,3.0,1.0,2.0,0.0,1.0,-1.0,100.0,0.0,69.2,15.4,33.0,17.0,32.0,32.0
2024-04-06,2023,Sp Braga,Arouca,0.0,3.0,A,O,1.44,4.82,6.58,A,10.0,6.0,10.0,9.0,14,4.0,2.0,0.0,2.0,8.0,7.0,1.0,2.0,4.0,-2.0,6.0,3.0,3.0,1.0,1.0,0.0,0.0,0.0,0.0,61.5,15.4,38.5,46.2,26.0,13.0,26.0,13.0
2024-04-06,2023,Rio Ave,Gil Vicente,3.0,0.0,H,O,2.31,3.13,3.34,H,7.0,3.0,1.0,8.0,14,1.0,1.0,0.0,2.0,5.0,4.0,1.0,4.0,6.0,-2.0,1.0,-2.0,3.0,0.0,1.0,-1.0,0.0,1.0,-1.0,30.8,23.1,15.4,76.9,15.0,16.0,17.0,14.0
2024-04-06,2023,Famalicao,Vizela,3.0,2.0,H,O,1.82,3.53,4.51,H,9.0,4.0,1.0,5.0,13,1.0,1.0,1.0,2.0,4.0,3.0,1.0,4.0,10.0,-6.0,0.0,-7.0,7.0,0.0,0.0,0.0,0.0,2.0,-2.0,33.3,25.0,15.4,46.2,13.0,9.0,20.0,15.0
2024-04-05,2023,Farense,Boavista,2.0,0.0,H,U,2.17,3.27,3.5,H,8.0,7.0,5.0,12.0,14,0.0,0.0,2.0,2.0,3.0,3.0,0.0,6.0,9.0,-3.0,-3.0,-6.0,3.0,0.0,0.0,0.0,1.0,1.0,0.0,30.8,38.5,23.1,53.8,19.0,8.0,21.0,12.0
2024-04-01,2023,Portimonense,Sp Braga,3.0,5.0,A,O,6.6,4.58,1.46,A,5.0,9.0,4.0,6.0,14,0.0,2.0,2.0,1.0,2.0,6.0,-4.0,6.0,6.0,0.0,-4.0,0.0,-4.0,0.0,1.0,-1.0,1.0,1.0,0.0,23.1,46.2,61.5,23.1,16.0,17.0,14.0,19.0
2024-03-31,2023,Vizela,Casa Pia,0.0,4.0,A,O,2.36,3.16,3.16,A,3.0,9.0,6.0,3.0,14,1.0,1.0,2.0,3.0,7.0,3.0,4.0,10.0,12.0,-2.0,-3.0,-9.0,6.0,0.0,1.0,-1.0,1.0,2.0,-1.0,15.4,53.8,38.5,46.2,18.0,11.0,18.0,9.0
2024-03-30,2023,Guimaraes,Moreirense,1.0,0.0,H,U,1.92,3.42,4.13,D,4.0,2.0,7.0,2.0,14,2.0,1.0,1.0,3.0,6.0,1.0,5.0,4.0,7.0,-3.0,2.0,-6.0,8.0,1.0,0.0,1.0,1.0,1.0,0.0,69.2,23.1,46.2,30.8,21.0,7.0,32.0,11.0
2024-03-30,2023,Estoril,Porto,1.0,0.0,H,U,8.26,5.21,1.35,D,2.0,2.0,1.0,10.0,14,2.0,2.0,2.0,1.0,4.0,9.0,-5.0,6.0,5.0,1.0,-2.0,4.0,-6.0,0.0,2.0,-2.0,2.0,0.0,2.0,46.2,46.2,61.5,23.1,16.0,21.0,19.0,34.0
2024-03-30,2023,Boavista,Rio Ave,0.0,0.0,D,U,2.67,3.1,2.79,D,2.0,1.0,2.0,5.0,14,2.0,0.0,2.0,1.0,4.0,2.0,2.0,9.0,3.0,6.0,-5.0,-1.0,-4.0,0.0,0.0,0.0,2.0,0.0,2.0,30.8,38.5,0.0,46.2,14.0,8.0,23.0,11.0
2024-03-30,2023,Arouca,Farense,2.0,1.0,H,O,1.78,3.73,4.46,H,17.0,4.0,13.0,4.0,14,3.0,0.0,1.0,3.0,11.0,5.0,6.0,7.0,8.0,-1.0,4.0,-3.0,7.0,1.0,0.0,1.0,1.0,0.0,1.0,38.5,46.2,23.1,61.5,19.0,18.0,9.0,11.0
2024-03-29,2023,Gil Vicente,Famalicao,1.0,2.0,A,O,2.43,3.06,3.17,A,3.0,3.0,2.0,5.0,14,1.0,0.0,1.0,3.0,2.0,3.0,-1.0,2.0,6.0,-4.0,0.0,-3.0,3.0,0.0,0.0,0.0,0.0,0.0,0.0,38.5,15.4,15.4,46.2,15.0,13.0,26.0,18.0
2024-03-29,2023,Estrela,Sp Lisbon,1.0,2.0,A,O,11.93,6.23,1.24,A,3.0,6.0,3.0,7.0,14,2.0,3.0,1.0,0.0,8.0,13.0,-5.0,6.0,5.0,1.0,2.0,8.0,-6.0,2.0,3.0,-1.0,1.0,0.0,1.0,38.5,46.2,66.7,16.7,18.0,28.0,24.0,15.0
2024-03-29,2023,Benfica,Chaves,1.0,0.0,H,U,1.1,10.01,23.04,D,7.0,0.0,11.0,2.0,14,4.0,0.0,0.0,1.0,16.0,2.0,14.0,2.0,3.0,-1.0,14.0,-1.0,15.0,4.0,0.0,4.0,0.0,0.0,0.0,84.6,0.0,7.7,61.5,32.0,8.0,26.0,12.0
2024-03-17,2023,Sp Lisbon,Boavista,6.0,1.0,H,O,1.13,8.59,18.2,D,12.0,2.0,8.0,1.0,13,4.0,0.0,0.0,2.0,21.0,2.0,19.0,3.0,5.0,-2.0,18.0,-3.0,21.0,3.0,0.0,3.0,0.0,1.0,-1.0,100.0,0.0,25.0,50.0,29.0,7.0,29.0,15.0
2024-03-17,2023,Moreirense,Arouca,1.0,0.0,H,U,2.51,3.22,2.89,H,3.0,1.0,2.0,3.0,13,2.0,3.0,1.0,1.0,2.0,9.0,-7.0,2.0,4.0,-2.0,0.0,5.0,-5.0,0.0,1.0,-1.0,1.0,0.0,1.0,41.7,33.3,41.7,41.7,12.0,19.0,25.0,14.0
2024-03-17,2023,Chaves,Guimaraes,1.0,2.0,A,O,4.25,3.53,1.86,D,2.0,5.0,3.0,10.0,13,1.0,2.0,1.0,1.0,4.0,5.0,-1.0,7.0,3.0,4.0,-3.0,2.0,-5.0,0.0,1.0,-1.0,1.0,0.0,1.0,25.0,50.0,41.7,25.0,16.0,11.0,22.0,23.0
2024-03-17,2023,Casa Pia,Benfica,0.0,1.0,A,U,9.59,5.08,1.33,D,3.0,6.0,4.0,13.0,13,1.0,2.0,1.0,1.0,2.0,9.0,-7.0,3.0,8.0,-5.0,-1.0,1.0,-2.0,0.0,2.0,-2.0,1.0,1.0,0.0,16.7,50.0,66.7,16.7,11.0,16.0,22.0,22.0
2024-03-16,2023,Sp Braga,Gil Vicente,2.0,1.0,H,O,1.42,4.81,7.1,H,5.0,4.0,8.0,2.0,13,3.0,2.0,0.0,1.0,7.0,5.0,2.0,2.0,4.0,-2.0,5.0,1.0,4.0,1.0,2.0,-1.0,0.0,1.0,-1.0,58.3,16.7,16.7,75.0,31.0,20.0,27.0,20.0
2024-03-16,2023,Porto,Vizela,4.0,1.0,H,O,1.14,7.96,17.86,A,9.0,0.0,12.0,3.0,13,3.0,1.0,0.0,2.0,12.0,2.0,10.0,0.0,11.0,-11.0,12.0,-9.0,21.0,3.0,0.0,3.0,0.0,2.0,-2.0,75.0,8.3,16.7,41.7,27.0,12.0,42.0,14.0
2024-03-16,2023,Farense,Rio Ave,1.0,1.0,D,U,2.67,3.16,2.77,H,7.0,3.0,5.0,2.0,13,1.0,0.0,2.0,1.0,3.0,1.0,2.0,5.0,2.0,3.0,-2.0,-1.0,-1.0,0.0,0.0,0.0,1.0,0.0,1.0,33.3,41.7,0.0,50.0,17.0,6.0,22.0,9.0
2024-03-16,2023,Famalicao,Estrela,0.0,0.0,D,U,2.01,3.32,3.95,D,3.0,2.0,4.0,7.0,12,1.0,0.0,1.0,4.0,6.0,0.0,6.0,6.0,9.0,-3.0,0.0,-9.0,9.0,0.0,0.0,0.0,0.0,3.0,-3.0,36.4,27.3,8.3,50.0,17.0,10.0,21.0,16.0
2024-03-15,2023,Estoril,Portimonense,1.0,0.0,H,U,1.62,4.06,5.31,D,3.0,2.0,2.0,7.0,13,1.0,1.0,3.0,3.0,4.0,4.0,0.0,8.0,10.0,-2.0,-4.0,-6.0,2.0,0.0,1.0,-1.0,2.0,3.0,-1.0,41.7,50.0,25.0,66.7,17.0,11.0,24.0,15.0
2024-03-11,2023,Gil Vicente,Chaves,0.0,0.0,D,U,1.84,3.59,4.26,D,6.0,0.0,12.0,1.0,13,1.0,0.0,1.0,1.0,3.0,4.0,-1.0,3.0,5.0,-2.0,0.0,-1.0,1.0,0.0,0.0,0.0,0.0,0.0,0.0,41.7,16.7,8.3,66.7,11.0,13.0,21.0,19.0
2024-03-10,2023,Benfica,Estoril,3.0,1.0,H,O,1.16,7.98,15.06,H,6.0,5.0,6.0,4.0,13,4.0,0.0,0.0,2.0,15.0,6.0,9.0,1.0,11.0,-10.0,14.0,-5.0,19.0,4.0,0.0,4.0,0.0,1.0,-1.0,83.3,0.0,8.3,66.7,33.0,16.0,32.0,22.0
2024-03-10,2023,Arouca,Sp Lisbon,0.0,3.0,A,O,7.56,4.93,1.39,A,2.0,6.0,2.0,0.0,13,3.0,3.0,1.0,0.0,11.0,13.0,-2.0,7.0,5.0,2.0,4.0,8.0,-4.0,1.0,3.0,-2.0,1.0,0.0,1.0,41.7,41.7,63.6,18.2,18.0,32.0,8.0,20.0
2024-03-09,2023,Vizela,Farense,2.0,1.0,H,O,2.36,3.32,3.04,A,6.0,4.0,10.0,3.0,13,0.0,1.0,3.0,2.0,6.0,7.0,-1.0,13.0,7.0,6.0,-7.0,0.0,-7.0,0.0,1.0,-1.0,2.0,0.0,2.0,8.3,58.3,25.0,58.3,19.0,18.0,19.0,11.0
2024-03-09,2023,Rio Ave,Sp Braga,0.0,0.0,D,U,4.46,3.79,1.77,D,5.0,4.0,6.0,5.0,13,2.0,2.0,0.0,2.0,7.0,6.0,1.0,4.0,8.0,-4.0,3.0,-2.0,5.0,1.0,1.0,0.0,0.0,2.0,-2.0,33.3,25.0,66.7,25.0,13.0,18.0,14.0,19.0
2024-03-09,2023,Guimaraes,Famalicao,1.0,0.0,H,U,1.86,3.57,4.25,H,6.0,0.0,10.0,4.0,13,2.0,1.0,1.0,2.0,7.0,5.0,2.0,5.0,5.0,0.0,2.0,0.0,2.0,1.0,1.0,0.0,1.0,0.0,1.0,66.7,25.0,16.7,41.7,21.0,17.0,32.0,17.0
2024-03-09,2023,Boavista,Moreirense,1.0,0.0,H,U,2.63,3.12,2.83,D,3.0,3.0,4.0,4.0,13,1.0,2.0,2.0,2.0,4.0,4.0,0.0,10.0,7.0,3.0,-6.0,-3.0,-3.0,0.0,1.0,-1.0,2.0,1.0,1.0,25.0,41.7,50.0,25.0,13.0,11.0,20.0,8.0
2024-03-08,2023,Portimonense,Porto,0.0,3.0,A,O,11.52,6.18,1.24,A,2.0,6.0,1.0,13.0,13,0.0,1.0,2.0,1.0,2.0,7.0,-5.0,5.0,6.0,-1.0,-3.0,1.0,-4.0,0.0,1.0,-1.0,1.0,0.0,1.0,25.0,41.7,58.3,25.0,14.0,22.0,16.0,27.0
2024-03-08,2023,Estrela,Casa Pia,3.0,1.0,H,O,2.26,3.1,3.48,D,6.0,3.0,8.0,4.0,13,1.0,2.0,1.0,2.0,6.0,6.0,0.0,6.0,10.0,-4.0,0.0,-4.0,4.0,1.0,2.0,-1.0,1.0,1.0,0.0,33.3,50.0,41.7,41.7,16.0,15.0,22.0,8.0
2024-03-04,2023,Famalicao,Boavista,1.0,1.0,D,U,1.97,3.46,3.84,H,1.0,3.0,9.0,5.0,11,1.0,1.0,1.0,2.0,6.0,5.0,1.0,6.0,5.0,1.0,0.0,0.0,0.0,0.0,1.0,-1.0,0.0,1.0,-1.0,40.0,30.0,27.3,54.5,19.0,11.0,13.0,11.0
2024-03-03,2023,Sp Lisbon,Farense,3.0,2.0,H,O,1.12,9.09,19.31,H,5.0,5.0,12.0,1.0,12,4.0,1.0,0.0,2.0,20.0,5.0,15.0,1.0,5.0,-4.0,19.0,0.0,19.0,4.0,1.0,3.0,0.0,0.0,0.0,100.0,0.0,27.3,54.5,30.0,16.0,19.0,14.0
2024-03-03,2023,Porto,Benfica,5.0,0.0,H,O,2.4,3.46,2.83,H,8.0,1.0,6.0,2.0,12,3.0,3.0,0.0,0.0,9.0,10.0,-1.0,0.0,3.0,-3.0,9.0,7.0,2.0,3.0,2.0,1.0,0.0,0.0,0.0,72.7,9.1,72.7,9.1,23.0,21.0,41.0,22.0
2024-03-03,2023,Portimonense,Vizela,0.0,0.0,D,U,2.62,3.24,2.72,D,4.0,3.0,1.0,8.0,12,1.0,1.0,2.0,2.0,3.0,3.0,0.0,5.0,12.0,-7.0,-2.0,-9.0,7.0,0.0,0.0,0.0,1.0,2.0,-1.0,27.3,45.5,18.2,45.5,14.0,16.0,19.0,10.0
2024-03-03,2023,Casa Pia,Gil Vicente,0.0,0.0,D,U,2.46,3.09,3.05,D,3.0,2.0,2.0,4.0,12,1.0,2.0,2.0,2.0,2.0,5.0,-3.0,5.0,5.0,0.0,-3.0,0.0,-3.0,0.0,2.0,-2.0,2.0,1.0,1.0,18.2,54.5,18.2,81.8,9.0,24.0,26.0,21.0
2024-03-02,2023,Sp Braga,Estrela,3.0,0.0,H,O,1.35,5.18,8.17,D,8.0,1.0,6.0,4.0,12,2.0,0.0,0.0,3.0,5.0,1.0,4.0,3.0,7.0,-4.0,2.0,-6.0,8.0,0.0,0.0,0.0,0.0,2.0,-2.0,54.5,18.2,9.1,45.5,27.0,15.0,26.0,17.0
2024-03-02,2023,Moreirense,Rio Ave,0.0,0.0,D,U,2.22,3.17,3.44,D,5.0,1.0,6.0,2.0,12,2.0,0.0,2.0,2.0,3.0,2.0,1.0,6.0,6.0,0.0,-3.0,-4.0,1.0,0.0,0.0,0.0,2.0,1.0,1.0,45.5,36.4,0.0,54.5,11.0,10.0,23.0,10.0
2024-03-02,2023,Estoril,Guimaraes,1.0,3.0,A,O,3.34,3.47,2.13,A,4.0,4.0,9.0,4.0,12,1.0,1.0,3.0,1.0,4.0,3.0,1.0,8.0,3.0,5.0,-4.0,0.0,-4.0,0.0,0.0,0.0,2.0,0.0,2.0,45.5,45.5,36.4,27.3,18.0,11.0,23.0,25.0
2024-03-01,2023,Chaves,Arouca,1.0,5.0,A,O,3.15,3.31,2.3,A,5.0,5.0,4.0,2.0,12,1.0,2.0,1.0,2.0,3.0,5.0,-2.0,5.0,5.0,0.0,-2.0,0.0,-2.0,0.0,0.0,0.0,1.0,0.0,1.0,27.3,45.5,36.4,45.5,11.0,16.0,20.0,13.0
2024-02-26,2023,Boavista,Sp Braga,0.0,4.0,A,O,4.22,3.8,1.79,A,3.0,5.0,1.0,3.0,12,1.0,2.0,1.0,2.0,5.0,5.0,0.0,7.0,9.0,-2.0,-2.0,-4.0,2.0,0.0,1.0,-1.0,1.0,2.0,-1.0,27.3,36.4,63.6,27.3,14.0,19.0,26.0,19.0
2024-02-25,2023,Vizela,Estoril,3.0,3.0,D,O,2.49,3.36,2.8,H,7.0,4.0,4.0,7.0,12,0.0,0.0,3.0,2.0,3.0,4.0,-1.0,10.0,9.0,1.0,-7.0,-5.0,-2.0,0.0,0.0,0.0,2.0,1.0,1.0,9.1,63.6,9.1,72.7,15.0,17.0,18.0,22.0
2024-02-25,2023,Rio Ave,Sp Lisbon,3.0,3.0,D,O,8.73,5.01,1.34,D,3.0,6.0,2.0,5.0,12,2.0,4.0,0.0,0.0,5.0,12.0,-7.0,2.0,3.0,-1.0,3.0,9.0,-6.0,1.0,3.0,-2.0,0.0,0.0,0.0,36.4,27.3,70.0,20.0,14.0,32.0,19.0,27.0
2024-02-25,2023,Gil Vicente,Porto,1.0,1.0,D,U,7.7,4.79,1.39,D,1.0,5.0,2.0,4.0,12,2.0,1.0,1.0,2.0,3.0,6.0,-3.0,2.0,7.0,-5.0,1.0,-1.0,2.0,0.0,1.0,-1.0,0.0,1.0,-1.0,45.5,18.2,63.6,27.3,13.0,20.0,23.0,25.0
2024-02-25,2023,Benfica,Portimonense,4.0,0.0,H,O,1.11,9.57,20.92,D,13.0,2.0,8.0,1.0,12,4.0,1.0,0.0,3.0,15.0,6.0,9.0,2.0,11.0,-9.0,13.0,-5.0,18.0,4.0,1.0,3.0,0.0,3.0,-3.0,81.8,0.0,27.3,63.6,32.0,12.0,29.0,21.0
2024-02-24,2023,Guimaraes,Casa Pia,0.0,2.0,A,U,1.58,3.85,6.12,A,5.0,5.0,8.0,2.0,12,3.0,2.0,0.0,2.0,8.0,7.0,1.0,3.0,11.0,-8.0,5.0,-4.0,9.0,1.0,2.0,-1.0,0.0,1.0,-1.0,72.7,18.2,36.4,45.5,19.0,16.0,28.0,8.0
2024-02-24,2023,Farense,Moreirense,0.0,1.0,A,U,2.49,3.16,2.95,A,1.0,2.0,5.0,5.0,12,1.0,1.0,1.0,2.0,3.0,3.0,0.0,4.0,7.0,-3.0,-1.0,-4.0,3.0,0.0,1.0,-1.0,1.0,1.0,0.0,36.4,36.4,45.5,27.3,17.0,14.0,23.0,12.0
2024-02-24,2023,Estrela,Chaves,1.0,1.0,D,U,2.09,3.32,3.62,D,4.0,2.0,7.0,6.0,12,1.0,0.0,2.0,2.0,6.0,3.0,3.0,9.0,5.0,4.0,-3.0,-2.0,-1.0,1.0,0.0,1.0,2.0,0.0,2.0,36.4,54.5,9.1,72.7,14.0,13.0,18.0,16.0
2024-02-23,2023,Arouca,Famalicao,3.0,2.0,H,O,2.28,3.29,3.19,H,4.0,8.0,3.0,4.0,12,3.0,1.0,1.0,2.0,11.0,3.0,8.0,5.0,5.0,0.0,6.0,-2.0,8.0,2.0,1.0,1.0,1.0,1.0,0.0,36.4,45.5,18.2,36.4,21.0,12.0,9.0,17.0
2024-02-19,2023,Moreirense,Sp Lisbon,0.0,2.0,A,U,7.78,4.77,1.39,A,0.0,7.0,5.0,4.0,11,3.0,3.0,1.0,1.0,8.0,12.0,-4.0,6.0,6.0,0.0,2.0,6.0,-4.0,1.0,2.0,-1.0,1.0,0.0,1.0,50.0,30.0,66.7,22.2,16.0,29.0,25.0,29.0
2024-02-18,2023,Sp Braga,Farense,2.0,1.0,H,O,1.34,5.21,8.21,D,8.0,2.0,6.0,1.0,11,1.0,1.0,1.0,2.0,3.0,4.0,-1.0,3.0,7.0,-4.0,0.0,-3.0,3.0,0.0,1.0,-1.0,0.0,1.0,-1.0,50.0,20.0,30.0,50.0,25.0,18.0,25.0,21.0
2024-02-18,2023,Estoril,Gil Vicente,1.0,3.0,A,O,2.13,3.48,3.34,D,4.0,7.0,2.0,4.0,11,2.0,1.0,2.0,3.0,7.0,2.0,5.0,5.0,7.0,-2.0,2.0,-5.0,7.0,1.0,1.0,0.0,1.0,2.0,-1.0,50.0,40.0,10.0,90.0,21.0,22.0,31.0,23.0
2024-02-18,2023,Casa Pia,Arouca,1.0,0.0,H,U,3.19,3.19,2.33,D,2.0,4.0,2.0,6.0,11,0.0,3.0,3.0,1.0,2.0,9.0,-7.0,8.0,5.0,3.0,-6.0,4.0,-10.0,0.0,1.0,-1.0,3.0,0.0,3.0,10.0,60.0,40.0,40.0,10.0,17.0,26.0,12.0
2024-02-18,2023,Benfica,Vizela,6.0,1.0,H,O,1.12,8.75,18.95,H,8.0,4.0,6.0,1.0,11,4.0,1.0,0.0,1.0,12.0,3.0,9.0,1.0,7.0,-6.0,11.0,-4.0,15.0,4.0,0.0,4.0,0.0,1.0,-1.0,80.0,0.0,20.0,40.0,34.0,16.0,29.0,11.0
2024-02-17,2023,Porto,Estrela,2.0,0.0,H,U,1.2,6.64,13.18,H,6.0,2.0,8.0,6.0,11,3.0,0.0,0.0,2.0,8.0,1.0,7.0,0.0,5.0,-5.0,8.0,-4.0,12.0,2.0,0.0,2.0,0.0,1.0,-1.0,70.0,10.0,10.0,40.0,27.0,15.0,41.0,20.0
2024-02-17,2023,Portimonense,Guimaraes,1.0,1.0,D,U,4.29,3.6,1.83,A,6.0,2.0,9.0,6.0,11,1.0,1.0,3.0,1.0,3.0,3.0,0.0,6.0,3.0,3.0,-3.0,0.0,-3.0,0.0,0.0,0.0,1.0,0.0,1.0,30.0,50.0,40.0,30.0,11.0,12.0,10.0,27.0
2024-02-17,2023,Chaves,Boavista,2.0,1.0,H,O,2.39,3.32,2.96,D,3.0,3.0,4.0,3.0,11,0.0,1.0,2.0,2.0,2.0,4.0,-2.0,7.0,4.0,3.0,-5.0,0.0,-5.0,0.0,1.0,-1.0,2.0,1.0,1.0,20.0,50.0,30.0,50.0,13.0,9.0,20.0,11.0
2024-02-16,2023,Famalicao,Rio Ave,2.0,1.0,H,O,2.15,3.1,3.75,D,6.0,4.0,4.0,7.0,10,0.0,0.0,2.0,2.0,4.0,1.0,3.0,8.0,5.0,3.0,-4.0,-4.0,0.0,0.0,0.0,0.0,1.0,1.0,0.0,33.3,33.3,0.0,50.0,13.0,10.0,16.0,11.0
2024-02-13,2023,Gil Vicente,Vizela,0.0,1.0,A,U,2.04,3.47,3.59,A,4.0,2.0,8.0,3.0,11,2.0,0.0,0.0,2.0,4.0,3.0,1.0,2.0,9.0,-7.0,2.0,-6.0,8.0,0.0,0.0,0.0,0.0,1.0,-1.0,50.0,10.0,11.1,44.4,13.0,16.0,18.0,9.0
2024-02-12,2023,Arouca,Porto,3.0,2.0,H,O,6.77,4.42,1.46,H,6.0,6.0,3.0,7.0,11,2.0,2.0,1.0,1.0,10.0,7.0,3.0,5.0,4.0,1.0,5.0,3.0,2.0,2.0,2.0,0.0,1.0,1.0,0.0,30.0,50.0,70.0,20.0,20.0,19.0,11.0,20.0
2024-02-11,2023,Sp Lisbon,Sp Braga,5.0,0.0,H,O,1.5,4.56,5.83,H,5.0,1.0,3.0,7.0,11,4.0,3.0,0.0,1.0,18.0,8.0,10.0,2.0,5.0,-3.0,16.0,3.0,13.0,4.0,2.0,2.0,0.0,1.0,-1.0,100.0,0.0,70.0,20.0,29.0,22.0,25.0,18.0
2024-02-11,2023,Rio Ave,Casa Pia,1.0,0.0,H,U,2.03,3.24,3.87,D,3.0,1.0,5.0,3.0,11,1.0,2.0,0.0,2.0,5.0,8.0,-3.0,3.0,13.0,-10.0,2.0,-5.0,7.0,1.0,2.0,-1.0,0.0,2.0,-2.0,30.0,30.0,40.0,40.0,14.0,18.0,21.0,6.0
2024-02-11,2023,Guimaraes,Benfica,2.0,2.0,D,O,5.13,4.02,1.63,D,6.0,3.0,6.0,11.0,11,4.0,3.0,0.0,0.0,9.0,8.0,1.0,3.0,1.0,2.0,6.0,7.0,-1.0,1.0,2.0,-1.0,0.0,0.0,0.0,80.0,20.0,80.0,10.0,18.0,21.0,23.0,18.0
2024-02-10,2023,Moreirense,Chaves,1.0,0.0,H,U,1.84,3.51,4.4,D,5.0,4.0,11.0,4.0,10,2.0,0.0,1.0,2.0,7.0,3.0,4.0,6.0,8.0,-2.0,1.0,-5.0,6.0,1.0,0.0,1.0,1.0,1.0,0.0,44.4,33.3,10.0,70.0,15.0,11.0,16.0,18.0
2024-02-10,2023,Farense,Famalicao,1.0,1.0,D,U,2.65,3.14,2.77,A,7.0,4.0,7.0,6.0,11,1.0,1.0,2.0,2.0,3.0,3.0,0.0,5.0,5.0,0.0,-2.0,-2.0,0.0,0.0,1.0,-1.0,1.0,1.0,0.0,40.0,40.0,20.0,40.0,12.0,16.0,17.0,16.0
2024-02-10,2023,Boavista,Estoril,2.0,1.0,H,O,2.42,3.38,2.89,H,3.0,4.0,7.0,5.0,11,0.0,0.0,2.0,2.0,3.0,4.0,-1.0,10.0,10.0,0.0,-7.0,-6.0,-1.0,0.0,0.0,0.0,2.0,2.0,0.0,20.0,40.0,10.0,70.0,13.0,14.0,27.0,19.0
2024-02-09,2023,Estrela,Portimonense,3.0,0.0,H,O,1.9,3.58,4.06,H,3.0,1.0,4.0,7.0,11,1.0,1.0,2.0,3.0,6.0,6.0,0.0,10.0,9.0,1.0,-4.0,-3.0,-1.0,1.0,1.0,0.0,2.0,2.0,0.0,30.0,60.0,30.0,60.0,13.0,13.0,16.0,19.0
2024-02-05,2023,Casa Pia,Boavista,0.0,0.0,D,U,2.37,3.32,3.0,D,0.0,0.0,4.0,3.0,10,1.0,1.0,3.0,3.0,3.0,5.0,-2.0,8.0,7.0,1.0,-5.0,-2.0,-3.0,0.0,1.0,-1.0,3.0,2.0,1.0,11.1,66.7,33.3,55.6,13.0,15.0,27.0,12.0
2024-02-04,2023,Vizela,Guimaraes,0.0,1.0,A,U,3.4,3.37,2.14,D,2.0,3.0,4.0,9.0,11,0.0,1.0,3.0,1.0,4.0,4.0,0.0,12.0,4.0,8.0,-8.0,0.0,-8.0,0.0,0.0,0.0,3.0,0.0,3.0,10.0,60.0,33.3,33.3,18.0,14.0,21.0,25.0
2024-02-04,2023,Sp Braga,Moreirense,1.0,0.0,H,U,1.5,4.42,6.08,H,5.0,1.0,6.0,1.0,10,1.0,1.0,1.0,1.0,5.0,4.0,1.0,4.0,7.0,-3.0,1.0,-3.0,4.0,1.0,1.0,0.0,0.0,1.0,-1.0,44.4,22.2,50.0,20.0,26.0,17.0,24.0,17.0
2024-02-04,2023,Estoril,Estrela,1.0,0.0,H,U,1.98,3.55,3.71,D,5.0,6.0,6.0,1.0,10,2.0,0.0,2.0,1.0,10.0,2.0,8.0,5.0,5.0,0.0,5.0,-3.0,8.0,2.0,0.0,2.0,1.0,1.0,0.0,44.4,44.4,11.1,33.3,26.0,9.0,28.0,19.0
2024-02-04,2023,Chaves,Farense,1.0,1.0,D,U,2.56,3.34,2.73,A,2.0,7.0,3.0,6.0,10,1.0,1.0,2.0,2.0,3.0,4.0,-1.0,7.0,7.0,0.0,-4.0,-3.0,-1.0,0.0,1.0,-1.0,2.0,1.0,1.0,22.2,55.6,33.3,55.6,16.0,16.0,19.0,18.0
2024-02-04,2023,Benfica,Gil Vicente,3.0,0.0,H,O,1.15,7.88,16.22,H,5.0,3.0,6.0,4.0,10,3.0,1.0,0.0,3.0,10.0,3.0,7.0,2.0,7.0,-5.0,8.0,-4.0,12.0,3.0,1.0,2.0,0.0,2.0,-2.0,77.8,0.0,11.1,88.9,42.0,20.0,38.0,19.0
2024-02-03,2023,Porto,Rio Ave,0.0,0.0,D,U,1.21,6.54,13.48,D,5.0,0.0,23.0,0.0,10,4.0,0.0,0.0,2.0,11.0,3.0,8.0,1.0,7.0,-6.0,10.0,-4.0,14.0,3.0,0.0,3.0,0.0,1.0,-1.0,77.8,11.1,0.0,55.6,28.0,19.0,22.0,14.0
2024-02-03,2023,Portimonense,Arouca,1.0,2.0,A,O,2.91,3.4,2.39,D,4.0,3.0,3.0,2.0,10,1.0,3.0,2.0,1.0,3.0,11.0,-8.0,5.0,4.0,1.0,-2.0,7.0,-9.0,0.0,2.0,-2.0,1.0,0.0,1.0,33.3,44.4,33.3,44.4,11.0,21.0,9.0,11.0
2024-01-31,2023,Sp Braga,Chaves,1.0,1.0,D,U,1.25,6.14,10.75,D,10.0,2.0,9.0,1.0,9,2.0,0.0,1.0,3.0,10.0,3.0,7.0,4.0,9.0,-5.0,6.0,-6.0,12.0,2.0,0.0,2.0,0.0,1.0,-1.0,50.0,25.0,11.1,77.8,26.0,17.0,20.0,25.0
2024-01-31,2023,Rio Ave,Estoril,1.0,1.0,D,U,2.2,3.45,3.23,D,4.0,5.0,4.0,3.0,10,2.0,1.0,0.0,2.0,6.0,4.0,2.0,2.0,9.0,-7.0,4.0,-5.0,9.0,2.0,0.0,2.0,0.0,2.0,-2.0,33.3,33.3,11.1,77.8,13.0,12.0,20.0,22.0
2024-01-29,2023,Sp Lisbon,Casa Pia,8.0,0.0,H,O,1.2,6.66,13.51,H,11.0,2.0,9.0,0.0,10,4.0,2.0,0.0,2.0,13.0,8.0,5.0,4.0,9.0,-5.0,9.0,-1.0,10.0,3.0,2.0,1.0,0.0,2.0,-2.0,100.0,0.0,44.4,33.3,26.0,19.0,22.0,13.0
2024-01-29,2023,Estrela,Benfica,1.0,4.0,A,O,10.46,5.65,1.28,A,5.0,7.0,5.0,6.0,10,1.0,3.0,2.0,0.0,5.0,6.0,-1.0,7.0,0.0,7.0,-2.0,6.0,-8.0,1.0,2.0,-1.0,1.0,0.0,1.0,33.3,55.6,77.8,11.1,11.0,19.0,13.0,20.0
2024-01-28,2023,Moreirense,Famalicao,1.0,0.0,H,U,2.24,3.27,3.27,D,2.0,1.0,3.0,4.0,9,2.0,1.0,1.0,1.0,7.0,3.0,4.0,6.0,4.0,2.0,1.0,-1.0,2.0,1.0,1.0,0.0,1.0,1.0,0.0,37.5,37.5,22.2,33.3,16.0,17.0,17.0,19.0
2024-01-28,2023,Gil Vicente,Guimaraes,1.0,0.0,H,U,3.34,3.37,2.17,D,4.0,2.0,4.0,4.0,10,1.0,1.0,0.0,1.0,4.0,4.0,0.0,3.0,4.0,-1.0,1.0,0.0,1.0,0.0,0.0,0.0,0.0,0.0,0.0,44.4,11.1,37.5,25.0,11.0,14.0,18.0,33.0
2024-01-28,2023,Farense,Porto,1.0,3.0,A,O,7.7,4.73,1.4,A,4.0,4.0,4.0,10.0,10,2.0,2.0,1.0,1.0,4.0,6.0,-2.0,2.0,4.0,-2.0,2.0,2.0,0.0,1.0,1.0,0.0,0.0,1.0,-1.0,44.4,33.3,66.7,22.2,10.0,19.0,19.0,16.0
2024-01-28,2023,Boavista,Portimonense,1.0,4.0,A,O,1.94,3.49,3.91,A,5.0,5.0,11.0,1.0,10,0.0,0.0,2.0,4.0,3.0,3.0,0.0,9.0,14.0,-5.0,-6.0,-11.0,5.0,0.0,0.0,0.0,2.0,3.0,-1.0,22.2,33.3,22.2,66.7,10.0,11.0,25.0,23.0
2024-01-28,2023,Arouca,Vizela,5.0,0.0,H,O,2.03,3.44,3.65,H,7.0,3.0,1.0,2.0,10,1.0,1.0,2.0,1.0,5.0,4.0,1.0,6.0,4.0,2.0,-1.0,0.0,-1.0,1.0,0.0,1.0,1.0,0.0,1.0,22.2,55.6,12.5,37.5,20.0,17.0,13.0,13.0
2024-01-21,2023,Portimonense,Gil Vicente,0.0,2.0,A,U,2.5,3.31,2.81,A,0.0,8.0,3.0,8.0,9,2.0,0.0,1.0,4.0,5.0,2.0,3.0,4.0,10.0,-6.0,1.0,-8.0,9.0,0.0,0.0,0.0,0.0,3.0,-3.0,37.5,37.5,0.0,100.0,18.0,16.0,9.0,13.0
2024-01-21,2023,Guimaraes,Estrela,3.0,0.0,H,O,1.6,3.93,5.63,H,4.0,1.0,8.0,5.0,10,3.0,0.0,1.0,1.0,7.0,4.0,3.0,5.0,5.0,0.0,2.0,-1.0,3.0,0.0,0.0,0.0,0.0,0.0,0.0,77.8,22.2,12.5,25.0,22.0,12.0,25.0,15.0
2024-01-21,2023,Chaves,Rio Ave,0.0,0.0,D,U,3.01,3.24,2.41,D,6.0,1.0,11.0,0.0,9,1.0,0.0,3.0,2.0,3.0,4.0,-1.0,9.0,8.0,1.0,-6.0,-4.0,-2.0,0.0,0.0,0.0,3.0,1.0,2.0,25.0,62.5,0.0,62.5,10.0,23.0,11.0,21.0
2024-01-20,2023,Porto,Moreirense,5.0,0.0,H,O,1.28,5.53,11.06,H,8.0,1.0,5.0,1.0,9,3.0,2.0,1.0,0.0,6.0,5.0,1.0,2.0,2.0,0.0,4.0,3.0,1.0,2.0,1.0,1.0,0.0,0.0,0.0,75.0,12.5,55.6,11.1,24.0,18.0,26.0,21.0
2024-01-20,2023,Estoril,Arouca,1.0,2.0,A,O,2.43,3.36,2.87,A,4.0,7.0,7.0,4.0,9,3.0,2.0,1.0,2.0,13.0,9.0,4.0,3.0,5.0,-2.0,10.0,4.0,6.0,3.0,2.0,1.0,1.0,1.0,0.0,50.0,37.5,25.0,50.0,28.0,19.0,25.0,13.0
2024-01-20,2023,Casa Pia,Farense,1.0,3.0,A,O,2.25,3.32,3.21,A,6.0,4.0,14.0,3.0,9,1.0,1.0,3.0,2.0,2.0,4.0,-2.0,6.0,7.0,-1.0,-4.0,-3.0,-1.0,0.0,1.0,-1.0,2.0,1.0,1.0,12.5,62.5,25.0,62.5,9.0,19.0,19.0,17.0
2024-01-19,2023,Benfica,Boavista,2.0,0.0,H,U,1.12,9.12,18.53,D,7.0,1.0,12.0,4.0,9,3.0,1.0,0.0,3.0,10.0,5.0,5.0,3.0,7.0,-4.0,7.0,-2.0,9.0,2.0,1.0,1.0,0.0,2.0,-2.0,75.0,0.0,37.5,50.0,39.0,16.0,32.0,11.0
2024-01-18,2023,Vizela,Sp Lisbon,2.0,5.0,A,O,8.02,5.04,1.36,D,3.0,9.0,0.0,6.0,10,0.0,2.0,2.0,2.0,2.0,8.0,-6.0,7.0,6.0,1.0,-5.0,2.0,-7.0,0.0,1.0,-1.0,2.0,0.0,2.0,11.1,55.6,62.5,25.0,19.0,23.0,26.0,27.0
2024-01-18,2023,Famalicao,Sp Braga,1.0,2.0,A,O,4.24,3.81,1.79,D,3.0,7.0,3.0,4.0,9,1.0,3.0,1.0,1.0,6.0,7.0,-1.0,7.0,4.0,3.0,-1.0,3.0,-4.0,1.0,2.0,-1.0,1.0,1.0,0.0,37.5,25.0,66.7,22.2,15.0,20.0,20.0,22.0
2024-01-15,2023,Guimaraes,Arouca,2.0,1.0,H,O,1.9,3.52,4.06,D,6.0,2.0,10.0,1.0,9,3.0,2.0,1.0,2.0,10.0,9.0,1.0,4.0,5.0,-1.0,6.0,4.0,2.0,1.0,2.0,-1.0,0.0,1.0,-1.0,75.0,25.0,28.6,42.9,22.0,22.0,19.0,14.0
2024-01-14,2023,Vizela,Boavista,1.0,4.0,A,O,2.2,3.27,3.37,A,7.0,7.0,11.0,1.0,9,0.0,0.0,2.0,3.0,1.0,2.0,-1.0,5.0,7.0,-2.0,-4.0,-5.0,1.0,0.0,0.0,0.0,2.0,2.0,0.0,12.5,50.0,28.6,57.1,13.0,10.0,19.0,11.0
2024-01-14,2023,Porto,Sp Braga,2.0,0.0,H,U,1.79,3.85,4.2,H,4.0,5.0,5.0,5.0,8,3.0,3.0,1.0,0.0,5.0,10.0,-5.0,2.0,5.0,-3.0,3.0,5.0,-2.0,1.0,2.0,-1.0,0.0,0.0,0.0,71.4,14.3,75.0,12.5,27.0,22.0,31.0,26.0
2024-01-14,2023,Gil Vicente,Estrela,1.0,1.0,D,U,2.12,3.49,3.36,H,2.0,6.0,7.0,5.0,9,1.0,1.0,0.0,1.0,6.0,4.0,2.0,5.0,4.0,1.0,1.0,0.0,1.0,0.0,0.0,0.0,0.0,0.0,0.0,50.0,12.5,14.3,28.6,15.0,12.0,15.0,16.0
2024-01-14,2023,Benfica,Rio Ave,4.0,1.0,H,O,1.2,6.86,13.27,D,12.0,5.0,5.0,3.0,8,2.0,0.0,0.0,2.0,7.0,4.0,3.0,3.0,6.0,-3.0,4.0,-2.0,6.0,1.0,0.0,1.0,0.0,0.0,0.0,71.4,0.0,0.0,57.1,34.0,21.0,37.0,19.0
2024-01-13,2023,Estoril,Moreirense,1.0,3.0,A,O,2.42,3.42,2.86,A,5.0,7.0,8.0,1.0,8,3.0,2.0,1.0,0.0,12.0,3.0,9.0,1.0,1.0,0.0,11.0,2.0,9.0,3.0,0.0,3.0,0.0,0.0,0.0,57.1,28.6,50.0,12.5,27.0,16.0,21.0,25.0
2024-01-13,2023,Chaves,Sp Lisbon,0.0,3.0,A,O,10.7,6.27,1.25,A,0.0,10.0,2.0,5.0,8,2.0,2.0,2.0,2.0,7.0,7.0,0.0,8.0,6.0,2.0,-1.0,1.0,-2.0,1.0,1.0,0.0,2.0,0.0,2.0,28.6,57.1,57.1,28.6,19.0,19.0,15.0,30.0
2024-01-13,2023,Casa Pia,Famalicao,0.0,2.0,A,U,2.51,3.07,3.02,A,1.0,4.0,6.0,3.0,8,1.0,0.0,3.0,2.0,2.0,1.0,1.0,5.0,5.0,0.0,-3.0,-4.0,1.0,0.0,0.0,0.0,1.0,1.0,0.0,14.3,57.1,12.5,37.5,10.0,14.0,16.0,18.0
2024-01-12,2023,Portimonense,Farense,1.0,0.0,H,U,2.62,3.36,2.66,D,4.0,3.0,4.0,4.0,8,2.0,2.0,1.0,1.0,5.0,8.0,-3.0,4.0,9.0,-5.0,1.0,-1.0,2.0,0.0,1.0,-1.0,0.0,1.0,-1.0,28.6,42.9,28.6,57.1,22.0,23.0,11.0,19.0
2024-01-08,2023,Moreirense,Casa Pia,1.0,4.0,A,O,1.91,3.39,4.22,A,4.0,7.0,4.0,3.0,8,2.0,1.0,0.0,2.0,7.0,5.0,2.0,3.0,9.0,-6.0,4.0,-4.0,8.0,1.0,1.0,0.0,0.0,2.0,-2.0,42.9,28.6,37.5,37.5,18.0,15.0,19.0,12.0
2024-01-07,2023,Rio Ave,Portimonense,2.0,0.0,H,U,1.81,3.62,4.39,D,3.0,3.0,3.0,6.0,9,1.0,0.0,1.0,4.0,7.0,3.0,4.0,6.0,13.0,-7.0,1.0,-10.0,11.0,1.0,0.0,1.0,0.0,2.0,-2.0,25.0,37.5,25.0,62.5,14.0,10.0,22.0,22.0
2024-01-07,2023,Famalicao,Chaves,2.0,2.0,D,O,1.78,3.66,4.5,H,7.0,5.0,5.0,8.0,8,1.0,0.0,2.0,4.0,5.0,1.0,4.0,8.0,12.0,-4.0,-3.0,-11.0,8.0,1.0,0.0,1.0,2.0,2.0,0.0,42.9,28.6,12.5,87.5,14.0,15.0,26.0,20.0
2024-01-06,2023,Sp Braga,Guimaraes,1.0,1.0,D,U,1.57,4.39,5.29,D,4.0,4.0,5.0,6.0,8,3.0,2.0,1.0,1.0,11.0,6.0,5.0,4.0,4.0,0.0,7.0,2.0,5.0,2.0,1.0,1.0,0.0,0.0,0.0,57.1,28.6,42.9,28.6,33.0,14.0,31.0,30.0
2024-01-06,2023,Farense,Gil Vicente,1.0,0.0,H,U,2.15,3.56,3.25,D,5.0,6.0,6.0,5.0,9,1.0,0.0,1.0,4.0,3.0,4.0,-1.0,2.0,13.0,-11.0,1.0,-9.0,10.0,1.0,0.0,1.0,0.0,4.0,-4.0,37.5,37.5,0.0,100.0,11.0,15.0,27.0,9.0
2024-01-06,2023,Estrela,Vizela,1.0,1.0,D,U,2.56,3.3,2.77,H,4.0,7.0,6.0,4.0,9,2.0,1.0,2.0,1.0,5.0,3.0,2.0,6.0,3.0,3.0,-1.0,0.0,-1.0,1.0,0.0,1.0,1.0,0.0,1.0,37.5,62.5,14.3,42.9,11.0,16.0,10.0,15.0
2024-01-06,2023,Arouca,Benfica,0.0,3.0,A,O,6.31,4.58,1.47,A,1.0,5.0,1.0,3.0,9,1.0,3.0,2.0,0.0,5.0,4.0,1.0,4.0,0.0,4.0,1.0,4.0,-3.0,1.0,1.0,0.0,0.0,0.0,0.0,25.0,50.0,75.0,12.5,22.0,19.0,19.0,24.0
2024-01-05,2023,Sp Lisbon,Estoril,5.0,1.0,H,O,1.23,6.59,11.19,H,8.0,3.0,5.0,7.0,9,4.0,1.0,0.0,2.0,10.0,3.0,7.0,4.0,5.0,-1.0,6.0,-2.0,8.0,2.0,0.0,2.0,0.0,1.0,-1.0,100.0,0.0,12.5,75.0,23.0,13.0,22.0,19.0
2024-01-05,2023,Boavista,Porto,1.0,1.0,D,U,7.28,4.77,1.42,D,2.0,7.0,1.0,6.0,9,0.0,3.0,3.0,1.0,2.0,7.0,-5.0,10.0,3.0,7.0,-8.0,4.0,-12.0,0.0,2.0,-2.0,3.0,1.0,2.0,25.0,37.5,75.0,25.0,10.0,15.0,28.0,14.0
2023-12-30,2023,Portimonense,Sp Lisbon,1.0,2.0,A,O,8.94,5.61,1.31,D,3.0,6.0,0.0,12.0,7,2.0,2.0,1.0,2.0,5.0,8.0,-3.0,5.0,7.0,-2.0,0.0,1.0,-1.0,0.0,1.0,-1.0,1.0,0.0,1.0,33.3,33.3,50.0,33.3,21.0,23.0,14.0,26.0
2023-12-30,2023,Gil Vicente,Boavista,1.0,0.0,H,U,2.24,3.43,3.17,D,3.0,1.0,4.0,3.0,8,1.0,0.0,0.0,3.0,7.0,3.0,4.0,5.0,10.0,-5.0,2.0,-7.0,9.0,1.0,0.0,1.0,0.0,3.0,-3.0,42.9,14.3,33.3,50.0,21.0,11.0,16.0,10.0
2023-12-30,2023,Estoril,Farense,4.0,0.0,H,O,2.01,3.75,3.44,H,7.0,4.0,10.0,8.0,7,2.0,2.0,1.0,1.0,10.0,8.0,2.0,3.0,6.0,-3.0,7.0,2.0,5.0,2.0,1.0,1.0,0.0,0.0,0.0,50.0,33.3,33.3,50.0,26.0,21.0,16.0,14.0
2023-12-30,2023,Casa Pia,Sp Braga,1.0,3.0,A,O,5.22,4.06,1.62,D,3.0,6.0,2.0,3.0,7,1.0,3.0,2.0,0.0,1.0,11.0,-10.0,2.0,6.0,-4.0,-1.0,5.0,-6.0,0.0,2.0,-2.0,0.0,0.0,0.0,16.7,50.0,71.4,14.3,9.0,25.0,22.0,29.0
2023-12-29,2023,Porto,Chaves,1.0,0.0,H,U,1.17,7.64,15.9,D,10.0,2.0,8.0,3.0,7,3.0,1.0,1.0,3.0,6.0,3.0,3.0,3.0,11.0,-8.0,3.0,-8.0,11.0,1.0,1.0,0.0,0.0,2.0,-2.0,66.7,16.7,14.3,85.7,24.0,16.0,29.0,20.0
2023-12-29,2023,Benfica,Famalicao,3.0,0.0,H,O,1.25,5.98,11.39,H,10.0,3.0,6.0,4.0,7,2.0,0.0,0.0,1.0,5.0,3.0,2.0,3.0,4.0,-1.0,2.0,-1.0,3.0,0.0,0.0,0.0,0.0,0.0,0.0,66.7,0.0,14.3,28.6,26.0,14.0,40.0,18.0
2023-12-28,2023,Estrela,Arouca,1.0,4.0,A,O,2.6,3.28,2.74,H,2.0,5.0,3.0,5.0,8,2.0,1.0,2.0,3.0,6.0,5.0,1.0,6.0,5.0,1.0,0.0,0.0,0.0,1.0,1.0,0.0,1.0,1.0,0.0,42.9,57.1,16.7,50.0,18.0,23.0,15.0,17.0
2023-12-23,2023,Vizela,Moreirense,0.0,0.0,D,U,2.79,3.22,2.6,D,3.0,5.0,3.0,9.0,8,0.0,3.0,3.0,0.0,3.0,7.0,-4.0,8.0,1.0,7.0,-5.0,6.0,-11.0,0.0,1.0,-1.0,2.0,0.0,2.0,14.3,57.1,57.1,14.3,14.0,17.0,29.0,18.0
2023-12-23,2023,Guimaraes,Rio Ave,1.0,0.0,H,U,1.67,3.87,5.0,D,3.0,4.0,4.0,8.0,8,3.0,0.0,1.0,2.0,12.0,4.0,8.0,6.0,7.0,-1.0,6.0,-3.0,9.0,1.0,0.0,1.0,0.0,1.0,-1.0,71.4,28.6,0.0,50.0,27.0,19.0,26.0,13.0
2023-12-18,2023,Sp Lisbon,Porto,2.0,0.0,H,U,2.15,3.47,3.33,H,6.0,3.0,2.0,2.0,8,4.0,3.0,0.0,1.0,10.0,7.0,3.0,4.0,2.0,2.0,6.0,5.0,1.0,2.0,2.0,0.0,0.0,0.0,0.0,100.0,0.0,85.7,14.3,23.0,15.0,24.0,17.0
2023-12-17,2023,Sp Braga,Benfica,0.0,1.0,A,U,2.86,3.67,2.31,A,6.0,6.0,5.0,2.0,7,4.0,3.0,0.0,0.0,15.0,6.0,9.0,4.0,1.0,3.0,11.0,5.0,6.0,3.0,2.0,1.0,0.0,0.0,0.0,66.7,16.7,71.4,14.3,36.0,20.0,32.0,26.0
2023-12-17,2023,Moreirense,Portimonense,5.0,2.0,H,O,1.73,3.77,4.74,H,5.0,3.0,7.0,7.0,7,2.0,1.0,0.0,3.0,3.0,4.0,-1.0,1.0,10.0,-9.0,2.0,-6.0,8.0,0.0,0.0,0.0,0.0,1.0,-1.0,33.3,33.3,28.6,57.1,16.0,14.0,23.0,17.0
2023-12-17,2023,Famalicao,Estoril,1.0,1.0,D,U,2.21,3.44,3.2,D,3.0,5.0,1.0,7.0,7,2.0,1.0,2.0,3.0,5.0,4.0,1.0,7.0,7.0,0.0,-2.0,-3.0,1.0,1.0,0.0,1.0,2.0,1.0,1.0,50.0,33.3,14.3,85.7,15.0,13.0,31.0,14.0
2023-12-17,2023,Chaves,Casa Pia,1.0,3.0,A,O,2.75,3.18,2.66,A,5.0,6.0,4.0,2.0,7,2.0,0.0,1.0,3.0,8.0,2.0,6.0,7.0,10.0,-3.0,1.0,-8.0,9.0,1.0,0.0,1.0,1.0,3.0,-2.0,33.3,50.0,28.6,42.9,22.0,10.0,20.0,15.0
2023-12-16,2023,Rio Ave,Vizela,1.0,1.0,D,U,2.19,3.31,3.38,D,4.0,4.0,7.0,2.0,8,1.0,1.0,2.0,1.0,6.0,4.0,2.0,9.0,4.0,5.0,-3.0,0.0,-3.0,1.0,0.0,1.0,1.0,0.0,1.0,28.6,42.9,16.7,50.0,14.0,19.0,19.0,16.0
2023-12-16,2023,Boavista,Guimaraes,1.0,1.0,D,U,3.69,3.53,2.0,A,4.0,3.0,7.0,8.0,8,0.0,2.0,3.0,1.0,3.0,5.0,-2.0,11.0,3.0,8.0,-8.0,2.0,-10.0,0.0,1.0,-1.0,3.0,0.0,3.0,28.6,42.9,50.0,33.3,12.0,14.0,23.0,31.0
2023-12-16,2023,Arouca,Gil Vicente,3.0,0.0,H,O,1.97,3.51,3.84,H,7.0,5.0,4.0,6.0,8,0.0,0.0,3.0,4.0,2.0,5.0,-3.0,6.0,12.0,-6.0,-4.0,-7.0,3.0,0.0,0.0,0.0,1.0,3.0,-2.0,14.3,57.1,0.0,100.0,17.0,14.0,20.0,6.0
2023-12-15,2023,Farense,Estrela,0.0,0.0,D,U,2.13,3.49,3.34,D,1.0,2.0,6.0,9.0,8,1.0,1.0,2.0,1.0,5.0,6.0,-1.0,5.0,6.0,-1.0,0.0,0.0,0.0,1.0,0.0,1.0,0.0,0.0,0.0,42.9,42.9,16.7,33.3,14.0,13.0,23.0,12.0
2023-12-11,2023,Gil Vicente,Moreirense,1.0,1.0,D,U,2.83,3.42,2.44,H,4.0,4.0,3.0,6.0,7,2.0,3.0,0.0,1.0,11.0,6.0,5.0,7.0,3.0,4.0,4.0,3.0,1.0,2.0,1.0,1.0,0.0,1.0,-1.0,50.0,16.7,66.7,16.7,24.0,14.0,18.0,14.0
2023-12-10,2023,Estrela,Boavista,3.0,1.0,H,O,2.3,3.42,3.03,D,2.0,6.0,2.0,4.0,7,1.0,1.0,3.0,2.0,3.0,4.0,-1.0,6.0,8.0,-2.0,-3.0,-4.0,1.0,0.0,0.0,0.0,1.0,2.0,-1.0,33.3,66.7,40.0,40.0,17.0,13.0,23.0,11.0
2023-12-10,2023,Estoril,Chaves,4.0,0.0,H,O,1.95,3.69,3.68,H,10.0,2.0,3.0,6.0,6,1.0,1.0,2.0,3.0,7.0,4.0,3.0,5.0,11.0,-6.0,2.0,-7.0,9.0,1.0,1.0,0.0,0.0,2.0,-2.0,40.0,40.0,16.7,83.3,20.0,24.0,23.0,26.0
2023-12-10,2023,Arouca,Rio Ave,2.0,2.0,D,O,2.17,3.28,3.47,A,5.0,9.0,5.0,3.0,7,0.0,0.0,4.0,2.0,0.0,3.0,-3.0,5.0,6.0,-1.0,-5.0,-3.0,-2.0,0.0,0.0,0.0,1.0,1.0,0.0,16.7,66.7,0.0,60.0,17.0,15.0,17.0,10.0
2023-12-09,2023,Porto,Casa Pia,3.0,1.0,H,O,1.23,6.04,13.14,H,6.0,3.0,4.0,1.0,6,2.0,1.0,1.0,2.0,4.0,2.0,2.0,3.0,7.0,-4.0,1.0,-5.0,6.0,0.0,0.0,0.0,0.0,2.0,-2.0,60.0,20.0,33.3,33.3,21.0,9.0,30.0,21.0
2023-12-09,2023,Portimonense,Famalicao,1.0,1.0,D,U,2.9,3.31,2.46,A,4.0,8.0,2.0,5.0,6,2.0,0.0,1.0,1.0,5.0,3.0,2.0,5.0,4.0,1.0,0.0,-1.0,1.0,0.0,0.0,0.0,1.0,0.0,1.0,40.0,40.0,16.7,33.3,21.0,10.0,15.0,16.0
2023-12-09,2023,Guimaraes,Sp Lisbon,3.0,2.0,H,O,5.07,4.04,1.64,D,5.0,4.0,1.0,6.0,7,2.0,2.0,2.0,1.0,10.0,7.0,3.0,6.0,5.0,1.0,4.0,2.0,2.0,1.0,1.0,0.0,0.0,0.0,0.0,66.7,33.3,60.0,20.0,25.0,21.0,35.0,22.0
2023-12-08,2023,Vizela,Sp Braga,1.0,3.0,A,O,5.32,4.34,1.58,A,5.0,4.0,7.0,6.0,7,0.0,2.0,3.0,1.0,3.0,9.0,-6.0,7.0,8.0,-1.0,-4.0,1.0,-5.0,0.0,1.0,-1.0,1.0,1.0,0.0,16.7,50.0,66.7,16.7,11.0,28.0,24.0,26.0
2023-12-08,2023,Benfica,Farense,1.0,1.0,D,U,1.18,7.64,13.87,D,13.0,5.0,15.0,3.0,6,3.0,2.0,0.0,2.0,8.0,7.0,1.0,2.0,6.0,-4.0,6.0,1.0,5.0,1.0,1.0,0.0,0.0,0.0,0.0,80.0,0.0,40.0,60.0,22.0,17.0,36.0,15.0
2023-12-04,2023,Sp Lisbon,Gil Vicente,3.0,1.0,H,O,1.17,7.56,14.09,D,4.0,1.0,9.0,0.0,7,4.0,0.0,0.0,4.0,10.0,4.0,6.0,3.0,10.0,-7.0,7.0,-6.0,13.0,2.0,0.0,2.0,0.0,2.0,-2.0,100.0,0.0,0.0,100.0,28.0,14.0,23.0,9.0
2023-12-03,2023,Sp Braga,Estoril,3.0,1.0,H,O,1.34,5.55,7.81,D,6.0,1.0,5.0,2.0,6,3.0,1.0,0.0,3.0,13.0,6.0,7.0,4.0,9.0,-5.0,9.0,-3.0,12.0,2.0,0.0,2.0,0.0,1.0,-1.0,60.0,20.0,16.7,83.3,32.0,18.0,31.0,20.0
2023-12-03,2023,Moreirense,Benfica,0.0,0.0,D,U,6.21,4.45,1.49,D,4.0,3.0,2.0,7.0,6,2.0,4.0,1.0,0.0,5.0,8.0,-3.0,4.0,2.0,2.0,1.0,6.0,-5.0,0.0,2.0,-2.0,0.0,0.0,0.0,40.0,40.0,83.3,16.7,15.0,24.0,25.0,22.0
2023-12-03,2023,Boavista,Arouca,0.0,4.0,A,O,2.13,3.36,3.46,A,2.0,7.0,8.0,1.0,7,1.0,0.0,2.0,3.0,7.0,2.0,5.0,8.0,6.0,2.0,-1.0,-4.0,3.0,1.0,0.0,1.0,2.0,1.0,1.0,33.3,33.3,0.0,60.0,14.0,18.0,18.0,18.0
2023-12-02,2023,Rio Ave,Estrela,1.0,1.0,D,U,2.17,3.47,3.27,D,3.0,0.0,7.0,0.0,7,1.0,1.0,2.0,1.0,6.0,6.0,0.0,9.0,6.0,3.0,-3.0,0.0,-3.0,1.0,0.0,1.0,1.0,0.0,1.0,33.3,50.0,20.0,40.0,11.0,14.0,15.0,19.0
2023-12-02,2023,Farense,Guimaraes,1.0,2.0,A,O,3.08,3.48,2.25,A,2.0,5.0,1.0,7.0,7,2.0,1.0,1.0,2.0,7.0,3.0,4.0,4.0,6.0,-2.0,3.0,-3.0,6.0,2.0,1.0,1.0,0.0,1.0,-1.0,50.0,33.3,40.0,40.0,16.0,10.0,29.0,26.0
2023-12-02,2023,Famalicao,Porto,0.0,3.0,A,O,5.32,3.98,1.62,A,0.0,5.0,7.0,2.0,6,3.0,3.0,1.0,1.0,6.0,5.0,1.0,4.0,2.0,2.0,2.0,3.0,-1.0,1.0,1.0,0.0,1.0,0.0,1.0,60.0,20.0,83.3,16.7,19.0,14.0,36.0,21.0
2023-12-02,2023,Casa Pia,Portimonense,1.0,0.0,H,U,1.96,3.45,3.89,D,3.0,2.0,5.0,5.0,6,0.0,2.0,2.0,2.0,1.0,6.0,-5.0,3.0,10.0,-7.0,-2.0,-4.0,2.0,0.0,0.0,0.0,0.0,1.0,-1.0,0.0,60.0,33.3,50.0,11.0,14.0,29.0,15.0
2023-12-01,2023,Chaves,Vizela,2.0,1.0,H,O,2.62,3.33,2.69,D,5.0,2.0,2.0,1.0,6,1.0,1.0,2.0,1.0,7.0,3.0,4.0,8.0,4.0,4.0,-1.0,-1.0,0.0,1.0,0.0,1.0,1.0,1.0,0.0,20.0,60.0,20.0,40.0,20.0,21.0,21.0,19.0
2023-11-12,2023,Gil Vicente,Rio Ave,1.0,1.0,D,U,2.01,3.53,3.64,D,2.0,5.0,4.0,7.0,6,2.0,0.0,1.0,3.0,12.0,2.0,10.0,9.0,7.0,2.0,3.0,-5.0,8.0,2.0,0.0,2.0,0.0,2.0,-2.0,60.0,20.0,0.0,75.0,29.0,13.0,15.0,6.0
2023-11-12,2023,Boavista,Farense,1.0,3.0,A,O,2.06,3.55,3.47,A,2.0,7.0,9.0,2.0,6,1.0,1.0,1.0,3.0,7.0,5.0,2.0,6.0,7.0,-1.0,1.0,-2.0,3.0,1.0,0.0,1.0,1.0,0.0,1.0,40.0,20.0,25.0,75.0,17.0,11.0,20.0,16.0
2023-11-12,2023,Benfica,Sp Lisbon,2.0,1.0,H,O,2.26,3.51,3.05,A,4.0,3.0,6.0,4.0,5,3.0,3.0,0.0,0.0,8.0,8.0,0.0,1.0,4.0,-3.0,7.0,4.0,3.0,2.0,1.0,1.0,0.0,0.0,0.0,75.0,0.0,75.0,0.0,28.0,23.0,39.0,23.0
2023-11-12,2023,Arouca,Sp Braga,0.0,1.0,A,U,5.14,4.27,1.6,A,7.0,5.0,3.0,8.0,6,0.0,2.0,3.0,1.0,1.0,11.0,-10.0,5.0,10.0,-5.0,-4.0,1.0,-5.0,0.0,1.0,-1.0,1.0,1.0,0.0,20.0,60.0,60.0,20.0,14.0,28.0,30.0,23.0
2023-11-11,2023,Vizela,Famalicao,0.0,0.0,D,U,2.72,3.24,2.65,D,4.0,2.0,5.0,7.0,6,1.0,0.0,3.0,2.0,4.0,3.0,1.0,7.0,5.0,2.0,-3.0,-2.0,-1.0,0.0,0.0,0.0,1.0,0.0,1.0,20.0,60.0,20.0,40.0,12.0,9.0,23.0,10.0
2023-11-11,2023,Portimonense,Chaves,2.0,1.0,H,O,2.26,3.39,3.14,H,7.0,8.0,3.0,8.0,5,1.0,1.0,2.0,3.0,4.0,3.0,1.0,8.0,14.0,-6.0,-4.0,-11.0,7.0,0.0,1.0,-1.0,2.0,3.0,-1.0,25.0,50.0,20.0,80.0,19.0,23.0,23.0,22.0
2023-11-11,2023,Guimaraes,Porto,1.0,2.0,A,O,4.86,3.84,1.7,D,8.0,4.0,10.0,6.0,6,3.0,3.0,1.0,1.0,11.0,5.0,6.0,4.0,2.0,2.0,7.0,3.0,4.0,2.0,1.0,1.0,0.0,0.0,0.0,80.0,20.0,80.0,20.0,20.0,15.0,28.0,22.0
2023-11-11,2023,Estrela,Moreirense,0.0,1.0,A,U,2.61,3.31,2.72,D,3.0,2.0,2.0,5.0,6,2.0,3.0,2.0,1.0,5.0,7.0,-2.0,6.0,4.0,2.0,-1.0,3.0,-4.0,0.0,1.0,-1.0,1.0,1.0,0.0,40.0,60.0,60.0,20.0,17.0,14.0,29.0,13.0
2023-11-10,2023,Estoril,Casa Pia,4.0,0.0,H,O,2.51,3.23,2.89,H,6.0,3.0,4.0,7.0,5,1.0,1.0,2.0,1.0,5.0,3.0,2.0,5.0,4.0,1.0,0.0,-1.0,1.0,1.0,0.0,1.0,0.0,1.0,-1.0,25.0,50.0,40.0,20.0,18.0,13.0,22.0,18.0
2023-11-06,2023,Farense,Arouca,2.0,0.0,H,U,2.21,3.35,3.28,H,2.0,5.0,6.0,6.0,6,2.0,0.0,1.0,2.0,10.0,4.0,6.0,4.0,6.0,-2.0,6.0,-2.0,8.0,2.0,0.0,2.0,0.0,0.0,0.0,40.0,40.0,0.0,50.0,24.0,15.0,30.0,15.0
2023-11-05,2023,Sp Lisbon,Estrela,3.0,2.0,H,O,1.24,6.5,10.99,H,8.0,4.0,6.0,1.0,6,4.0,1.0,0.0,1.0,8.0,4.0,4.0,1.0,5.0,-4.0,7.0,-1.0,8.0,2.0,0.0,2.0,0.0,1.0,-1.0,100.0,0.0,25.0,25.0,26.0,11.0,25.0,22.0
2023-11-05,2023,Rio Ave,Boavista,2.0,0.0,H,U,2.65,3.35,2.64,H,3.0,2.0,3.0,3.0,6,0.0,2.0,3.0,1.0,5.0,8.0,-3.0,11.0,7.0,4.0,-6.0,1.0,-7.0,0.0,1.0,-1.0,1.0,1.0,0.0,20.0,60.0,50.0,25.0,9.0,17.0,13.0,10.0
2023-11-05,2023,Moreirense,Guimaraes,1.0,0.0,H,U,2.64,3.26,2.71,D,3.0,2.0,4.0,12.0,5,1.0,2.0,2.0,1.0,5.0,4.0,1.0,6.0,5.0,1.0,-1.0,-1.0,0.0,0.0,1.0,-1.0,0.0,1.0,-1.0,25.0,50.0,50.0,25.0,13.0,11.0,26.0,24.0
2023-11-05,2023,Casa Pia,Vizela,0.0,1.0,A,U,2.13,3.35,3.5,D,2.0,4.0,6.0,6.0,5,0.0,0.0,2.0,2.0,2.0,4.0,-2.0,4.0,7.0,-3.0,-2.0,-3.0,1.0,0.0,0.0,0.0,0.0,1.0,-1.0,0.0,50.0,0.0,50.0,12.0,21.0,27.0,16.0
2023-11-04,2023,Sp Braga,Portimonense,6.0,1.0,H,O,1.24,6.36,10.85,A,10.0,3.0,5.0,5.0,5,2.0,2.0,1.0,1.0,8.0,6.0,2.0,5.0,5.0,0.0,3.0,1.0,2.0,1.0,0.0,1.0,0.0,0.0,0.0,50.0,25.0,40.0,40.0,24.0,13.0,29.0,12.0
2023-11-04,2023,Famalicao,Gil Vicente,3.0,1.0,H,O,2.08,3.52,3.46,H,5.0,4.0,7.0,2.0,5,2.0,0.0,1.0,4.0,3.0,4.0,-1.0,3.0,9.0,-6.0,0.0,-5.0,5.0,0.0,0.0,0.0,1.0,1.0,0.0,50.0,25.0,0.0,100.0,16.0,13.0,32.0,11.0
2023-11-04,2023,Chaves,Benfica,0.0,2.0,A,U,9.27,6.07,1.28,D,0.0,5.0,3.0,8.0,5,1.0,4.0,2.0,0.0,9.0,9.0,0.0,10.0,4.0,6.0,-1.0,5.0,-6.0,1.0,1.0,0.0,1.0,0.0,1.0,25.0,50.0,80.0,20.0,24.0,26.0,23.0,19.0
2023-11-03,2023,Porto,Estoril,0.0,1.0,A,U,1.18,7.53,14.04,D,4.0,3.0,9.0,6.0,5,3.0,0.0,0.0,4.0,6.0,6.0,0.0,3.0,11.0,-8.0,3.0,-5.0,8.0,0.0,0.0,0.0,0.0,1.0,-1.0,75.0,0.0,0.0,100.0,25.0,19.0,38.0,22.0
2023-10-30,2023,Boavista,Sp Lisbon,0.0,2.0,A,U,6.3,4.54,1.48,A,2.0,6.0,4.0,8.0,5,2.0,,0.0,,10.0,,,6.0,,,4.0,,,1.0,,,0.0,,,50.0,0.0,66.7,0.0,18.0,,19.0,
2023-10-29,2023,Vizela,Porto,0.0,2.0,A,U,6.95,4.57,1.45,A,1.0,3.0,4.0,4.0,5,1.0,3.0,2.0,1.0,6.0,5.0,1.0,7.0,3.0,4.0,-1.0,2.0,-3.0,0.0,0.0,0.0,0.0,0.0,0.0,25.0,50.0,75.0,25.0,18.0,19.0,25.0,28.0
2023-10-29,2023,Rio Ave,Farense,3.0,4.0,A,O,2.35,3.36,3.02,D,4.0,7.0,5.0,6.0,5,1.0,,2.0,,4.0,,,7.0,,,-3.0,,,1.0,,,1.0,,,25.0,50.0,0.0,100.0,13.0,,22.0,
2023-10-29,2023,Estrela,Famalicao,1.0,0.0,H,U,2.5,3.24,2.91,D,4.0,1.0,3.0,2.0,5,1.0,1.0,3.0,1.0,4.0,5.0,-1.0,7.0,5.0,2.0,-3.0,0.0,-3.0,0.0,0.0,0.0,1.0,0.0,1.0,25.0,75.0,25.0,25.0,13.0,12.0,29.0,12.0
2023-10-28,2023,Portimonense,Estoril,1.0,0.0,H,U,2.48,3.42,2.79,H,8.0,4.0,6.0,4.0,4,,0.0,,4.0,,9.0,,,14.0,,,-5.0,,,0.0,,,1.0,,0.0,66.7,0.0,100.0,,23.0,,24.0
2023-10-28,2023,Guimaraes,Chaves,5.0,0.0,H,O,1.62,4.05,5.31,H,6.0,3.0,4.0,3.0,5,3.0,1.0,1.0,3.0,8.0,3.0,5.0,5.0,11.0,-6.0,3.0,-8.0,11.0,1.0,1.0,0.0,0.0,3.0,-3.0,75.0,25.0,25.0,75.0,17.0,21.0,30.0,22.0
2023-10-28,2023,Gil Vicente,Sp Braga,3.0,3.0,D,O,4.07,4.04,1.79,H,6.0,7.0,4.0,9.0,5,3.0,3.0,1.0,1.0,14.0,12.0,2.0,6.0,9.0,-3.0,8.0,3.0,5.0,3.0,2.0,1.0,0.0,1.0,-1.0,75.0,25.0,75.0,25.0,28.0,27.0,12.0,20.0
2023-10-28,2023,Benfica,Casa Pia,1.0,1.0,D,U,1.2,6.83,14.41,H,7.0,3.0,10.0,2.0,4,,2.0,,1.0,,5.0,,,3.0,,,2.0,,,1.0,,,1.0,,100.0,0.0,50.0,25.0,,15.0,,22.0
2023-10-27,2023,Arouca,Moreirense,0.0,1.0,A,U,2.54,3.24,2.86,A,3.0,5.0,7.0,5.0,5,1.0,2.0,2.0,1.0,5.0,6.0,-1.0,7.0,4.0,3.0,-2.0,2.0,-4.0,0.0,1.0,-1.0,1.0,1.0,0.0,25.0,50.0,50.0,25.0,16.0,12.0,25.0,14.0
2023-10-08,2023,Sp Lisbon,Arouca,2.0,1.0,H,O,1.25,5.91,11.27,H,5.0,5.0,5.0,2.0,5,4.0,,0.0,,9.0,,,2.0,,,7.0,,,2.0,,,0.0,,,100.0,0.0,0.0,33.3,27.0,,28.0,
2023-10-08,2023,Porto,Portimonense,1.0,0.0,H,U,1.14,8.11,17.24,H,7.0,2.0,10.0,5.0,4,,2.0,,1.0,,6.0,,,9.0,,,-3.0,,,0.0,,,1.0,,66.7,0.0,50.0,25.0,,14.0,,8.0
2023-10-08,2023,Famalicao,Guimaraes,1.0,3.0,A,O,2.57,3.18,2.82,A,6.0,4.0,11.0,3.0,4,,,,,,,,,,,,,,,,,,,,66.7,0.0,33.3,33.3,,,,
2023-10-08,2023,Casa Pia,Estrela,0.0,1.0,A,U,2.04,3.32,3.73,D,2.0,6.0,3.0,6.0,4,,,,,,,,,,,,,,,,,,,,0.0,33.3,0.0,33.3,,,,
2023-10-07,2023,Sp Braga,Rio Ave,2.0,1.0,H,O,1.31,5.48,9.25,A,11.0,3.0,16.0,1.0,4,,,,,,,,,,,,,,,,,,,,33.3,33.3,0.0,66.7,,,,
2023-10-07,2023,Farense,Vizela,0.0,0.0,D,U,2.14,3.44,3.34,D,6.0,6.0,14.0,6.0,5,2.0,,2.0,,10.0,,,7.0,,,3.0,,,2.0,,,1.0,,,50.0,50.0,0.0,66.7,23.0,,21.0,
2023-10-07,2023,Estoril,Benfica,0.0,1.0,A,U,9.92,6.06,1.26,D,4.0,5.0,4.0,7.0,4,,3.0,,1.0,,10.0,,,7.0,,,3.0,,,1.0,,,0.0,,33.3,33.3,75.0,25.0,,26.0,,15.0
2023-10-07,2023,Chaves,Gil Vicente,4.0,2.0,H,O,2.54,3.44,2.68,A,9.0,5.0,6.0,1.0,4,,,,,,,,,,,,,,,,,,,,0.0,66.7,0.0,100.0,,,,
2023-10-06,2023,Moreirense,Boavista,1.0,1.0,D,U,1.93,3.6,3.82,D,6.0,1.0,6.0,1.0,4,,,,,,,,,,,,,,,,,,,,33.3,66.7,66.7,33.3,,,,
2023-10-02,2023,Gil Vicente,Casa Pia,2.0,0.0,H,U,2.32,3.32,3.08,D,9.0,1.0,5.0,5.0,4,,,,,,,,,,,,,,,,,,,,66.7,33.3,66.7,0.0,,,,
2023-10-01,2023,Rio Ave,Moreirense,0.0,4.0,A,O,2.33,3.33,3.07,A,4.0,6.0,4.0,2.0,4,,,,,,,,,,,,,,,,,,,,33.3,33.3,33.3,33.3,,,,
2023-10-01,2023,Guimaraes,Estoril,3.0,2.0,H,O,1.82,3.65,4.31,A,8.0,5.0,11.0,2.0,4,,,,,,,,,,,,,,,,,,,,66.7,33.3,0.0,100.0,,,,
2023-10-01,2023,Arouca,Chaves,0.0,2.0,A,U,1.82,3.67,4.29,D,2.0,3.0,5.0,3.0,4,,,,,,,,,,,,,,,,,,,,33.3,33.3,0.0,100.0,,,,
2023-09-30,2023,Vizela,Portimonense,2.0,3.0,A,O,1.81,3.62,4.44,A,4.0,7.0,13.0,2.0,4,,,,,,,,,,,,,,,,,,,,33.3,33.3,33.3,33.3,,,,
2023-09-30,2023,Farense,Sp Lisbon,2.0,3.0,A,O,6.54,4.61,1.45,A,4.0,10.0,2.0,8.0,4,,,,,,,,,,,,,,,,,,,,66.7,33.3,50.0,0.0,,,,
2023-09-30,2023,Boavista,Famalicao,2.0,2.0,D,O,2.2,3.43,3.25,D,6.0,3.0,2.0,4.0,4,,,,,,,,,,,,,,,,,,,,66.7,0.0,33.3,33.3,,,,
2023-09-29,2023,Benfica,Porto,1.0,0.0,H,U,1.93,3.64,3.85,D,2.0,3.0,9.0,5.0,3,,,,,,,,,,,,,,,,,,,,100.0,0.0,100.0,0.0,,,,
2023-09-28,2023,Estrela,Sp Braga,2.0,4.0,A,O,4.63,3.95,1.7,A,9.0,9.0,8.0,6.0,4,,,,,,,,,,,,,,,,,,,,33.3,66.7,66.7,33.3,,,,
2023-09-25,2023,Sp Lisbon,Rio Ave,2.0,0.0,H,U,1.2,6.7,13.55,H,6.0,2.0,4.0,2.0,4,,,,,,,,,,,,,,,,,,,,100.0,0.0,0.0,50.0,,,,
2023-09-24,2023,Sp Braga,Boavista,4.0,1.0,H,O,1.52,4.45,5.65,H,9.0,2.0,6.0,2.0,3,,,,,,,,,,,,,,,,,,,,0.0,50.0,100.0,0.0,,,,
2023-09-24,2023,Portimonense,Benfica,1.0,3.0,A,O,10.84,6.18,1.25,A,2.0,7.0,3.0,4.0,3,,,,,,,,,,,,,,,,,,,,0.0,50.0,66.7,33.3,,,,
2023-09-24,2023,Chaves,Estrela,2.0,2.0,D,O,2.57,3.41,2.66,A,8.0,3.0,9.0,5.0,3,,,,,,,,,,,,,,,,,,,,0.0,100.0,0.0,50.0,,,,
2023-09-23,2023,Porto,Gil Vicente,2.0,1.0,H,O,1.22,6.68,11.87,D,7.0,4.0,6.0,3.0,3,,,,,,,,,,,,,,,,,,,,50.0,0.0,0.0,100.0,,,,
2023-09-23,2023,Moreirense,Farense,1.0,0.0,H,U,2.18,3.43,3.28,H,3.0,2.0,11.0,3.0,3,,,,,,,,,,,,,,,,,,,,0.0,100.0,0.0,100.0,,,,
2023-09-23,2023,Estoril,Vizela,2.0,2.0,D,O,2.5,3.38,2.78,D,6.0,7.0,5.0,3.0,3,,,,,,,,,,,,,,,,,,,,50.0,50.0,0.0,100.0,,,,
2023-09-23,2023,Casa Pia,Guimaraes,0.0,0.0,D,U,2.36,3.2,3.12,D,2.0,3.0,8.0,9.0,3,,,,,,,,,,,,,,,,,,,,0.0,50.0,50.0,50.0,,,,
2023-09-22,2023,Famalicao,Arouca,1.0,0.0,H,U,2.02,3.33,3.86,H,4.0,6.0,6.0,8.0,3,,,,,,,,,,,,,,,,,,,,50.0,0.0,0.0,0.0,,,,
2023-09-18,2023,Boavista,Chaves,4.0,1.0,H,O,1.71,3.98,4.51,H,4.0,10.0,3.0,12.0,3,,,,,,,,,,,,,,,,,,,,50.0,0.0,0.0,100.0,,,,
2023-09-17,2023,Sp Lisbon,Moreirense,3.0,0.0,H,O,1.22,6.38,12.36,D,9.0,1.0,8.0,2.0,3,,,,,,,,,,,,,,,,,,,,100.0,0.0,50.0,0.0,,,,
2023-09-17,2023,Guimaraes,Portimonense,1.0,2.0,A,O,1.55,4.08,5.97,H,3.0,2.0,10.0,3.0,3,,,,,,,,,,,,,,,,,,,,100.0,0.0,0.0,50.0,,,,
2023-09-17,2023,Gil Vicente,Estoril,5.0,3.0,H,O,2.13,3.51,3.31,H,7.0,6.0,5.0,8.0,3,,,,,,,,,,,,,,,,,,,,50.0,50.0,0.0,100.0,,,,
2023-09-17,2023,Arouca,Casa Pia,0.0,1.0,A,U,2.39,3.24,3.03,D,5.0,2.0,2.0,7.0,3,,,,,,,,,,,,,,,,,,,,50.0,0.0,50.0,0.0,,,,
2023-09-16,2023,Vizela,Benfica,1.0,2.0,A,O,8.41,5.52,1.33,A,2.0,7.0,2.0,3.0,3,,,,,,,,,,,,,,,,,,,,50.0,0.0,50.0,50.0,,,,
2023-09-16,2023,Rio Ave,Famalicao,1.0,1.0,D,U,2.57,3.17,2.86,A,0.0,4.0,3.0,3.0,3,,,,,,,,,,,,,,,,,,,,50.0,50.0,50.0,50.0,,,,
2023-09-16,2023,Farense,Sp Braga,3.0,1.0,H,O,4.58,4.03,1.7,H,4.0,7.0,7.0,3.0,3,,,,,,,,,,,,,,,,,,,,50.0,50.0,100.0,0.0,,,,
2023-09-15,2023,Estrela,Porto,0.0,1.0,A,U,8.55,5.14,1.34,A,1.0,4.0,10.0,6.0,3,,,,,,,,,,,,,,,,,,,,50.0,50.0,100.0,0.0,,,,
2023-09-09,2023,Moreirense,Sp Braga,2.0,3.0,A,O,4.11,3.84,1.81,H,3.0,5.0,4.0,5.0,2,,,,,,,,,,,,,,,,,,,,0.0,100.0,100.0,0.0,,,,
2023-09-03,2023,Sp Braga,Sp Lisbon,1.0,1.0,D,U,2.99,3.55,2.26,A,2.0,2.0,4.0,2.0,2,,,,,,,,,,,,,,,,,,,,0.0,100.0,100.0,0.0,,,,
2023-09-03,2023,Porto,Arouca,1.0,1.0,D,U,1.26,6.05,10.4,D,3.0,2.0,5.0,2.0,2,,,,,,,,,,,,,,,,,,,,100.0,0.0,0.0,0.0,,,,
2023-09-03,2023,Estoril,Boavista,1.0,2.0,A,O,2.42,3.29,2.93,A,4.0,8.0,10.0,5.0,2,,,,,,,,,,,,,,,,,,,,100.0,0.0,100.0,0.0,,,,
2023-09-03,2023,Chaves,Moreirense,1.0,2.0,A,O,2.45,3.25,2.93,A,3.0,2.0,3.0,4.0,2,,,,,,,,,,,,,,,,,,,,0.0,100.0,0.0,0.0,,,,
2023-09-02,2023,Portimonense,Estrela,1.0,1.0,D,U,2.63,3.21,2.75,D,4.0,1.0,3.0,7.0,2,,,,,,,,,,,,,,,,,,,,0.0,100.0,0.0,100.0,,,,
2023-09-02,2023,Famalicao,Farense,1.0,0.0,H,U,1.79,3.59,4.6,D,4.0,1.0,12.0,4.0,2,,,,,,,,,,,,,,,,,,,,0.0,0.0,0.0,100.0,,,,
2023-09-02,2023,Casa Pia,Rio Ave,1.0,1.0,D,U,2.17,3.33,3.38,H,5.0,5.0,12.0,0.0,2,,,,,,,,,,,,,,,,,,,,0.0,100.0,0.0,100.0,,,,
2023-09-02,2023,Benfica,Guimaraes,4.0,0.0,H,O,1.2,6.92,12.87,H,9.0,1.0,11.0,2.0,2,,,,,,,,,,,,,,,,,,,,100.0,0.0,100.0,0.0,,,,
2023-09-01,2023,Vizela,Gil Vicente,1.0,0.0,H,U,2.24,3.35,3.22,D,5.0,1.0,4.0,3.0,2,,,,,,,,,,,,,,,,,,,,0.0,0.0,0.0,100.0,,,,
2023-08-28,2023,Rio Ave,Porto,1.0,2.0,A,O,6.91,4.59,1.44,D,1.0,5.0,1.0,7.0,2,,,,,,,,,,,,,,,,,,,,100.0,0.0,100.0,0.0,,,,
2023-08-27,2023,Sp Lisbon,Famalicao,1.0,0.0,H,U,1.24,6.14,11.17,D,6.0,1.0,8.0,1.0,2,,,,,,,,,,,,,,,,,,,,100.0,0.0,100.0,0.0,,,,
2023-08-27,2023,Guimaraes,Vizela,2.0,0.0,H,U,1.92,3.46,4.08,D,3.0,4.0,3.0,4.0,2,,,,,,,,,,,,,,,,,,,,100.0,0.0,0.0,100.0,,,,
2023-08-27,2023,Boavista,Casa Pia,1.0,1.0,D,U,2.25,3.23,3.3,A,5.0,7.0,11.0,4.0,2,,,,,,,,,,,,,,,,,,,,100.0,0.0,100.0,0.0,,,,
2023-08-26,2023,Gil Vicente,Benfica,2.0,3.0,A,O,9.69,5.77,1.29,A,7.0,7.0,1.0,5.0,2,,,,,,,,,,,,,,,,,,,,100.0,0.0,0.0,100.0,,,,
2023-08-26,2023,Farense,Chaves,5.0,0.0,H,O,2.31,3.26,3.17,H,10.0,7.0,7.0,4.0,2,,,,,,,,,,,,,,,,,,,,0.0,100.0,0.0,100.0,,,,
2023-08-26,2023,Arouca,Portimonense,1.0,1.0,D,U,1.64,3.85,5.37,A,4.0,2.0,16.0,2.0,2,,,,,,,,,,,,,,,,,,,,100.0,0.0,0.0,100.0,,,,
2023-08-25,2023,Estrela,Estoril,2.0,1.0,H,O,2.31,3.15,3.3,D,3.0,4.0,8.0,8.0,2,,,,,,,,,,,,,,,,,,,,0.0,100.0,0.0,100.0,,,,
2023-08-21,2023,Famalicao,Moreirense,0.0,0.0,D,U,1.98,3.4,3.9,D,2.0,3.0,3.0,6.0,1,,,,,,,,,,,,,,,,,,,,,,,,,,,
2023-08-20,2023,Vizela,Arouca,2.0,2.0,D,O,2.14,3.26,3.52,D,7.0,2.0,6.0,3.0,1,,,,,,,,,,,,,,,,,,,,,,,,,,,
2023-08-20,2023,Porto,Farense,2.0,1.0,H,O,1.13,8.53,19.9,D,8.0,1.0,17.0,3.0,1,,,,,,,,,,,,,,,,,,,,,,,,,,,
2023-08-20,2023,Estoril,Rio Ave,2.0,0.0,H,U,2.43,3.19,3.01,D,4.0,3.0,3.0,3.0,1,,,,,,,,,,,,,,,,,,,,,,,,,,,
2023-08-19,2023,Portimonense,Boavista,1.0,4.0,A,O,2.66,3.21,2.71,A,5.0,6.0,11.0,2.0,1,,,,,,,,,,,,,,,,,,,,,,,,,,,
2023-08-19,2023,Guimaraes,Gil Vicente,2.0,1.0,H,O,2.1,3.32,3.59,D,3.0,3.0,6.0,4.0,1,,,,,,,,,,,,,,,,,,,,,,,,,,,
2023-08-19,2023,Chaves,Sp Braga,2.0,4.0,A,O,4.79,3.99,1.67,D,4.0,6.0,5.0,6.0,1,,,,,,,,,,,,,,,,,,,,,,,,,,,
2023-08-19,2023,Benfica,Estrela,2.0,0.0,H,U,1.09,10.69,25.88,D,10.0,1.0,9.0,4.0,1,,,,,,,,,,,,,,,,,,,,,,,,,,,
2023-08-18,2023,Casa Pia,Sp Lisbon,1.0,2.0,A,O,7.3,4.56,1.43,A,3.0,5.0,4.0,5.0,1,,,,,,,,,,,,,,,,,,,,,,,,,,,
2023-08-14,2023,Moreirense,Porto,1.0,2.0,A,O,8.11,5.05,1.35,D,1.0,7.0,5.0,10.0,1,,,,,,,,,,,,,,,,,,,,,,,,,,,
2023-08-14,2023,Boavista,Benfica,3.0,2.0,H,O,9.89,5.54,1.29,A,3.0,5.0,3.0,3.0,1,,,,,,,,,,,,,,,,,,,,,,,,,,,
2023-08-13,2023,Rio Ave,Chaves,2.0,0.0,H,U,2.1,3.33,3.54,D,8.0,1.0,14.0,3.0,1,,,,,,,,,,,,,,,,,,,,,,,,,,,
2023-08-13,2023,Estrela,Guimaraes,0.0,1.0,A,U,2.55,3.2,2.81,A,0.0,3.0,3.0,10.0,1,,,,,,,,,,,,,,,,,,,,,,,,,,,
2023-08-13,2023,Arouca,Estoril,4.0,3.0,H,O,2.13,3.19,3.64,D,5.0,8.0,2.0,6.0,1,,,,,,,,,,,,,,,,,,,,,,,,,,,
2023-08-12,2023,Sp Lisbon,Vizela,3.0,2.0,H,O,1.17,7.23,16.63,H,6.0,4.0,8.0,3.0,1,,,,,,,,,,,,,,,,,,,,,,,,,,,
2023-08-12,2023,Gil Vicente,Portimonense,5.0,0.0,H,O,2.01,3.35,3.83,H,5.0,3.0,1.0,1.0,1,,,,,,,,,,,,,,,,,,,,,,,,,,,
2023-08-12,2023,Farense,Casa Pia,0.0,3.0,A,O,2.49,3.08,3.02,A,5.0,5.0,5.0,6.0,1,,,,,,,,,,,,,,,,,,,,,,,,,,,
2023-08-11,2023,Sp Braga,Famalicao,1.0,2.0,A,O,1.43,4.61,7.0,H,2.0,4.0,3.0,4.0,1,,,,,,,,,,,,,,,,,,,,,,,,,,,
2023-05-27,2022,Sp Braga,Pacos Ferreira,3.0,0.0,H,O,1.22,6.61,12.07,H,4.0,1.0,6.0,9.0,17,4.0,1.0,0.0,2.0,14.0,3.0,11.0,5.0,6.0,-1.0,9.0,-3.0,12.0,3.0,0.0,3.0,0.0,2.0,-2.0,75.0,12.5,18.8,62.5,36.0,12.0,32.0,25.0
2023-05-27,2022,Porto,Guimaraes,3.0,0.0,H,O,1.21,6.61,12.77,H,6.0,0.0,8.0,2.0,17,4.0,2.0,0.0,2.0,6.0,5.0,1.0,2.0,5.0,-3.0,4.0,0.0,4.0,0.0,0.0,0.0,0.0,0.0,0.0,87.5,12.5,37.5,50.0,19.0,17.0,33.0,28.0
2023-05-27,2022,Portimonense,Arouca,0.0,2.0,A,U,2.9,3.46,2.37,D,3.0,6.0,3.0,7.0,17,1.0,1.0,2.0,2.0,4.0,2.0,2.0,8.0,4.0,4.0,-4.0,-2.0,-2.0,0.0,0.0,0.0,1.0,1.0,0.0,37.5,43.8,25.0,31.2,14.0,10.0,16.0,7.0
2023-05-27,2022,Gil Vicente,Casa Pia,1.0,0.0,H,U,2.22,3.49,3.13,D,5.0,6.0,4.0,1.0,17,1.0,0.0,1.0,3.0,3.0,3.0,0.0,3.0,7.0,-4.0,0.0,-4.0,4.0,1.0,0.0,1.0,1.0,1.0,0.0,31.2,31.2,31.2,50.0,14.0,12.0,29.0,17.0
2023-05-27,2022,Estoril,Maritimo,3.0,1.0,H,O,2.25,3.41,3.14,H,3.0,6.0,4.0,5.0,17,3.0,0.0,1.0,4.0,6.0,3.0,3.0,1.0,8.0,-7.0,5.0,-5.0,10.0,2.0,0.0,2.0,0.0,1.0,-1.0,37.5,50.0,6.2,81.2,12.0,16.0,22.0,26.0
2023-05-27,2022,Chaves,Boavista,1.0,4.0,A,O,2.1,3.63,3.29,A,5.0,3.0,1.0,4.0,17,3.0,0.0,1.0,3.0,5.0,4.0,1.0,2.0,9.0,-7.0,3.0,-5.0,8.0,1.0,0.0,1.0,0.0,2.0,-2.0,37.5,31.2,18.8,68.8,15.0,19.0,25.0,22.0
2023-05-27,2022,Benfica,Santa Clara,3.0,0.0,H,O,1.07,12.16,30.92,H,4.0,6.0,4.0,4.0,17,3.0,0.0,1.0,4.0,8.0,4.0,4.0,3.0,13.0,-10.0,5.0,-9.0,14.0,1.0,0.0,1.0,0.0,3.0,-3.0,87.5,6.2,6.2,81.2,15.0,17.0,29.0,16.0
2023-05-26,2022,Vizela,Sp Lisbon,1.0,2.0,A,O,6.25,4.74,1.46,D,3.0,2.0,2.0,8.0,17,1.0,3.0,1.0,0.0,5.0,10.0,-5.0,4.0,3.0,1.0,1.0,7.0,-6.0,1.0,2.0,-1.0,0.0,0.0,0.0,31.2,43.8,56.2,25.0,20.0,32.0,27.0,32.0
2023-05-26,2022,Rio Ave,Famalicao,2.0,2.0,D,O,2.94,3.31,2.42,A,5.0,2.0,8.0,4.0,17,1.0,2.0,2.0,1.0,2.0,6.0,-4.0,3.0,4.0,-1.0,-1.0,2.0,-3.0,0.0,1.0,-1.0,0.0,0.0,0.0,50.0,37.5,25.0,56.2,13.0,13.0,21.0,16.0
2023-05-21,2022,Sp Lisbon,Benfica,2.0,2.0,D,O,2.63,3.5,2.55,H,7.0,4.0,7.0,7.0,17,3.0,3.0,0.0,1.0,8.0,8.0,0.0,3.0,2.0,1.0,5.0,6.0,-1.0,1.0,2.0,-1.0,0.0,0.0,0.0,81.2,12.5,81.2,12.5,18.0,26.0,30.0,41.0
2023-05-21,2022,Pacos Ferreira,Rio Ave,3.0,1.0,H,O,2.53,3.37,2.74,D,5.0,7.0,5.0,6.0,17,1.0,1.0,3.0,1.0,2.0,8.0,-6.0,9.0,7.0,2.0,-7.0,1.0,-8.0,0.0,1.0,-1.0,3.0,0.0,3.0,12.5,75.0,12.5,43.8,6.0,22.0,21.0,14.0
2023-05-21,2022,Guimaraes,Gil Vicente,1.0,0.0,H,U,1.75,3.79,4.5,D,5.0,2.0,3.0,6.0,17,1.0,0.0,2.0,4.0,3.0,2.0,1.0,4.0,6.0,-2.0,-1.0,-4.0,3.0,1.0,0.0,1.0,2.0,0.0,2.0,56.2,25.0,25.0,68.8,16.0,14.0,28.0,27.0
2023-05-21,2022,Casa Pia,Estoril,2.0,2.0,D,O,2.09,3.37,3.54,D,10.0,3.0,3.0,3.0,17,1.0,0.0,2.0,4.0,6.0,3.0,3.0,6.0,9.0,-3.0,0.0,-6.0,6.0,1.0,0.0,1.0,0.0,1.0,-1.0,37.5,37.5,18.8,68.8,14.0,8.0,13.0,10.0
2023-05-20,2022,Santa Clara,Portimonense,1.0,0.0,H,U,2.29,3.33,3.12,H,3.0,0.0,9.0,6.0,17,1.0,1.0,2.0,2.0,4.0,3.0,1.0,6.0,6.0,0.0,-2.0,-3.0,1.0,0.0,0.0,0.0,1.0,1.0,0.0,18.8,50.0,25.0,68.8,17.0,9.0,10.0,12.0
2023-05-20,2022,Famalicao,Porto,2.0,4.0,A,O,6.87,4.54,1.45,D,5.0,7.0,1.0,1.0,17,2.0,3.0,2.0,0.0,6.0,5.0,1.0,6.0,1.0,5.0,0.0,4.0,-4.0,0.0,1.0,-1.0,0.0,0.0,0.0,56.2,37.5,68.8,6.2,17.0,13.0,30.0,23.0
2023-05-20,2022,Boavista,Sp Braga,1.0,1.0,D,U,5.48,4.31,1.56,D,1.0,1.0,2.0,3.0,17,3.0,3.0,1.0,1.0,7.0,7.0,0.0,5.0,2.0,3.0,2.0,5.0,-3.0,0.0,1.0,-1.0,0.0,0.0,0.0,50.0,18.8,75.0,25.0,19.0,21.0,24.0,15.0
2023-05-20,2022,Arouca,Chaves,1.0,0.0,H,U,2.2,3.33,3.33,D,6.0,3.0,4.0,6.0,17,2.0,2.0,1.0,0.0,3.0,5.0,-2.0,2.0,2.0,0.0,1.0,3.0,-2.0,0.0,1.0,-1.0,0.0,0.0,0.0,56.2,31.2,37.5,31.2,11.0,18.0,14.0,30.0
2023-05-19,2022,Maritimo,Vizela,1.0,0.0,H,U,1.73,3.8,4.71,D,5.0,3.0,5.0,6.0,17,2.0,2.0,1.0,2.0,10.0,2.0,8.0,7.0,4.0,3.0,3.0,-2.0,5.0,2.0,0.0,2.0,0.0,1.0,-1.0,31.2,50.0,37.5,43.8,24.0,13.0,23.0,28.0
2023-05-15,2022,Estoril,Arouca,2.0,0.0,H,U,2.55,3.14,2.89,D,4.0,4.0,4.0,2.0,16,2.0,2.0,2.0,1.0,4.0,4.0,0.0,3.0,2.0,1.0,1.0,2.0,-1.0,1.0,1.0,0.0,1.0,0.0,1.0,33.3,53.3,26.7,26.7,11.0,10.0,21.0,5.0
2023-05-14,2022,Sp Braga,Santa Clara,5.0,3.0,H,O,1.2,6.71,14.74,H,9.0,8.0,11.0,6.0,16,3.0,0.0,0.0,4.0,9.0,1.0,8.0,2.0,9.0,-7.0,7.0,-8.0,15.0,2.0,0.0,2.0,0.0,2.0,-2.0,73.3,13.3,6.7,80.0,31.0,13.0,26.0,12.0
2023-05-14,2022,Rio Ave,Guimaraes,0.0,1.0,A,U,2.6,3.12,2.83,D,3.0,3.0,9.0,8.0,16,2.0,1.0,1.0,3.0,4.0,5.0,-1.0,3.0,10.0,-7.0,1.0,-5.0,6.0,0.0,0.0,0.0,0.0,1.0,-1.0,53.3,33.3,33.3,53.3,15.0,18.0,15.0,23.0
2023-05-14,2022,Porto,Casa Pia,2.0,1.0,H,O,1.19,7.0,14.64,A,8.0,2.0,13.0,3.0,16,4.0,0.0,0.0,3.0,7.0,2.0,5.0,3.0,6.0,-3.0,4.0,-4.0,8.0,0.0,0.0,0.0,0.0,1.0,-1.0,86.7,13.3,33.3,46.7,16.0,12.0,26.0,19.0
2023-05-13,2022,Vizela,Famalicao,0.0,0.0,D,U,2.4,3.25,3.01,D,4.0,3.0,2.0,7.0,16,1.0,2.0,2.0,2.0,5.0,6.0,-1.0,8.0,6.0,2.0,-3.0,0.0,-3.0,1.0,1.0,0.0,1.0,1.0,0.0,33.3,46.7,26.7,60.0,17.0,10.0,28.0,11.0
2023-05-13,2022,Sp Lisbon,Maritimo,2.0,1.0,H,O,1.2,6.64,13.7,A,3.0,1.0,9.0,1.0,16,3.0,0.0,0.0,4.0,9.0,2.0,7.0,2.0,8.0,-6.0,7.0,-6.0,13.0,2.0,0.0,2.0,0.0,2.0,-2.0,80.0,13.3,6.7,80.0,20.0,21.0,25.0,33.0
2023-05-13,2022,Portimonense,Benfica,1.0,5.0,A,O,11.88,6.18,1.23,A,1.0,10.0,3.0,5.0,16,1.0,3.0,2.0,1.0,3.0,6.0,-3.0,4.0,1.0,3.0,-1.0,5.0,-6.0,0.0,2.0,-2.0,0.0,0.0,0.0,40.0,40.0,80.0,13.3,17.0,26.0,16.0,46.0
2023-05-13,2022,Chaves,Pacos Ferreira,2.0,0.0,H,U,2.13,3.41,3.42,D,0.0,3.0,5.0,8.0,16,3.0,1.0,1.0,1.0,5.0,4.0,1.0,2.0,5.0,-3.0,3.0,-1.0,4.0,1.0,0.0,1.0,0.0,1.0,-1.0,33.3,33.3,20.0,60.0,23.0,13.0,23.0,24.0
2023-05-12,2022,Gil Vicente,Boavista,3.0,1.0,H,O,2.37,3.38,2.96,H,3.0,5.0,7.0,6.0,16,1.0,0.0,1.0,3.0,2.0,3.0,-1.0,2.0,9.0,-7.0,0.0,-6.0,6.0,1.0,0.0,1.0,1.0,2.0,-1.0,26.7,33.3,20.0,66.7,16.0,14.0,34.0,17.0
2023-05-08,2022,Famalicao,Chaves,1.0,2.0,A,O,2.0,3.38,3.82,D,6.0,3.0,11.0,6.0,16,3.0,1.0,1.0,1.0,6.0,3.0,3.0,4.0,2.0,2.0,2.0,1.0,1.0,0.0,1.0,-1.0,0.0,0.0,0.0,60.0,33.3,33.3,33.3,15.0,21.0,22.0,32.0
2023-05-08,2022,Arouca,Porto,0.0,1.0,A,U,8.06,4.89,1.37,A,2.0,4.0,1.0,8.0,16,3.0,3.0,0.0,0.0,5.0,7.0,-2.0,1.0,2.0,-1.0,4.0,5.0,-1.0,1.0,2.0,-1.0,0.0,0.0,0.0,60.0,26.7,66.7,6.7,12.0,14.0,14.0,23.0
2023-05-07,2022,Pacos Ferreira,Sp Lisbon,0.0,4.0,A,O,8.25,5.04,1.36,A,0.0,8.0,0.0,6.0,16,1.0,3.0,3.0,0.0,3.0,7.0,-4.0,8.0,3.0,5.0,-5.0,4.0,-9.0,0.0,1.0,-1.0,3.0,0.0,3.0,13.3,73.3,53.3,26.7,12.0,31.0,30.0,33.0
2023-05-07,2022,Maritimo,Rio Ave,2.0,2.0,D,O,2.31,3.18,3.23,A,6.0,3.0,13.0,1.0,16,2.0,1.0,2.0,2.0,8.0,6.0,2.0,8.0,7.0,1.0,0.0,-1.0,1.0,2.0,1.0,1.0,1.0,1.0,0.0,33.3,53.3,13.3,46.7,20.0,23.0,12.0,17.0
2023-05-07,2022,Guimaraes,Vizela,3.0,0.0,H,O,2.33,3.25,3.12,H,5.0,0.0,6.0,4.0,16,1.0,3.0,2.0,1.0,2.0,5.0,-3.0,5.0,1.0,4.0,-3.0,4.0,-7.0,0.0,1.0,-1.0,2.0,0.0,2.0,53.3,26.7,40.0,40.0,13.0,16.0,25.0,24.0
2023-05-06,2022,Santa Clara,Gil Vicente,3.0,2.0,H,O,2.84,3.27,2.51,H,8.0,3.0,4.0,5.0,16,0.0,0.0,3.0,4.0,2.0,1.0,1.0,7.0,5.0,2.0,-5.0,-4.0,-1.0,0.0,0.0,0.0,2.0,0.0,2.0,13.3,53.3,26.7,66.7,14.0,17.0,13.0,33.0
2023-05-06,2022,Boavista,Estoril,1.0,0.0,H,U,2.06,3.35,3.7,D,3.0,2.0,6.0,3.0,16,2.0,0.0,1.0,4.0,6.0,3.0,3.0,5.0,10.0,-5.0,1.0,-7.0,8.0,0.0,0.0,0.0,0.0,2.0,-2.0,46.7,20.0,20.0,66.7,18.0,6.0,24.0,12.0
2023-05-06,2022,Benfica,Sp Braga,1.0,0.0,H,U,1.56,4.3,5.59,D,4.0,0.0,7.0,1.0,16,3.0,3.0,1.0,1.0,9.0,8.0,1.0,3.0,3.0,0.0,6.0,5.0,1.0,2.0,1.0,1.0,0.0,0.0,0.0,86.7,6.7,80.0,20.0,18.0,25.0,29.0,19.0
2023-05-05,2022,Casa Pia,Portimonense,1.0,1.0,D,U,2.12,3.19,3.71,D,3.0,2.0,4.0,4.0,16,2.0,1.0,2.0,3.0,7.0,2.0,5.0,6.0,7.0,-1.0,1.0,-5.0,6.0,1.0,0.0,1.0,0.0,2.0,-2.0,40.0,40.0,26.7,73.3,15.0,9.0,13.0,15.0
2023-04-30,2022,Sp Lisbon,Famalicao,2.0,1.0,H,O,1.27,5.66,10.82,H,5.0,2.0,8.0,4.0,15,3.0,3.0,0.0,1.0,9.0,8.0,1.0,1.0,5.0,-4.0,8.0,3.0,5.0,3.0,2.0,1.0,0.0,1.0,-1.0,78.6,14.3,28.6,57.1,23.0,15.0,31.0,13.0
2023-04-30,2022,Porto,Boavista,1.0,0.0,H,U,1.18,7.05,16.13,D,1.0,2.0,6.0,4.0,15,3.0,1.0,1.0,2.0,7.0,6.0,1.0,5.0,9.0,-4.0,2.0,-3.0,5.0,0.0,1.0,-1.0,0.0,2.0,-2.0,85.7,14.3,21.4,64.3,19.0,16.0,23.0,23.0
2023-04-30,2022,Estoril,Santa Clara,3.0,0.0,H,O,2.2,3.23,3.43,H,3.0,3.0,3.0,4.0,15,1.0,0.0,3.0,4.0,1.0,2.0,-1.0,6.0,9.0,-3.0,-5.0,-7.0,2.0,0.0,0.0,0.0,2.0,2.0,0.0,28.6,57.1,7.1,78.6,10.0,16.0,26.0,12.0
2023-04-29,2022,Vizela,Pacos Ferreira,1.0,2.0,A,O,1.83,3.56,4.37,A,3.0,2.0,7.0,8.0,15,1.0,0.0,2.0,2.0,4.0,3.0,1.0,8.0,6.0,2.0,-4.0,-3.0,-1.0,1.0,0.0,1.0,2.0,1.0,1.0,35.7,42.9,14.3,64.3,17.0,13.0,27.0,18.0
2023-04-29,2022,Sp Braga,Portimonense,4.0,1.0,H,O,1.25,5.91,11.65,H,11.0,2.0,4.0,0.0,15,3.0,1.0,0.0,3.0,7.0,1.0,6.0,1.0,4.0,-3.0,6.0,-3.0,9.0,2.0,0.0,2.0,0.0,1.0,-1.0,71.4,14.3,28.6,71.4,31.0,14.0,31.0,23.0
2023-04-29,2022,Maritimo,Guimaraes,1.0,2.0,A,O,2.51,3.27,2.85,A,6.0,5.0,5.0,3.0,15,3.0,1.0,1.0,3.0,10.0,6.0,4.0,7.0,10.0,-3.0,3.0,-4.0,7.0,3.0,1.0,2.0,1.0,1.0,0.0,35.7,50.0,28.6,57.1,21.0,19.0,16.0,26.0
2023-04-29,2022,Gil Vicente,Benfica,0.0,2.0,A,U,9.14,5.46,1.31,D,5.0,7.0,7.0,11.0,15,1.0,3.0,0.0,1.0,3.0,6.0,-3.0,1.0,1.0,0.0,2.0,5.0,-3.0,1.0,2.0,-1.0,0.0,0.0,0.0,28.6,28.6,78.6,14.3,17.0,25.0,37.0,40.0
2023-04-29,2022,Chaves,Casa Pia,1.0,0.0,H,U,2.32,3.18,3.23,H,5.0,4.0,10.0,3.0,15,2.0,0.0,2.0,3.0,5.0,2.0,3.0,5.0,7.0,-2.0,0.0,-5.0,5.0,1.0,0.0,1.0,1.0,2.0,-1.0,28.6,35.7,35.7,42.9,22.0,11.0,17.0,27.0
2023-04-28,2022,Rio Ave,Arouca,1.0,0.0,H,U,2.44,3.06,3.15,D,2.0,2.0,4.0,4.0,15,2.0,2.0,1.0,0.0,4.0,4.0,0.0,3.0,1.0,2.0,1.0,3.0,-2.0,0.0,1.0,-1.0,0.0,0.0,0.0,50.0,35.7,28.6,21.4,16.0,9.0,15.0,2.0
2023-04-24,2022,Guimaraes,Sp Lisbon,0.0,2.0,A,U,5.32,4.25,1.57,D,0.0,5.0,5.0,5.0,15,2.0,3.0,1.0,0.0,3.0,8.0,-5.0,3.0,5.0,-2.0,0.0,3.0,-3.0,0.0,0.0,0.0,1.0,0.0,1.0,57.1,21.4,50.0,28.6,17.0,34.0,25.0,32.0
2023-04-23,2022,Santa Clara,Chaves,1.0,1.0,D,U,2.64,3.14,2.77,D,6.0,5.0,2.0,12.0,15,0.0,1.0,4.0,1.0,2.0,2.0,0.0,9.0,1.0,8.0,-7.0,1.0,-8.0,0.0,1.0,-1.0,3.0,0.0,3.0,14.3,57.1,35.7,35.7,15.0,21.0,14.0,26.0
2023-04-23,2022,Portimonense,Gil Vicente,1.0,0.0,H,U,2.56,3.24,2.79,D,4.0,4.0,1.0,12.0,15,1.0,1.0,2.0,3.0,4.0,3.0,1.0,5.0,5.0,0.0,-1.0,-2.0,1.0,0.0,0.0,0.0,0.0,0.0,0.0,35.7,42.9,28.6,64.3,16.0,17.0,23.0,21.0
2023-04-23,2022,Benfica,Estoril,1.0,0.0,H,U,1.1,9.23,24.07,H,5.0,0.0,11.0,2.0,15,3.0,0.0,1.0,4.0,11.0,3.0,8.0,4.0,11.0,-7.0,7.0,-8.0,15.0,3.0,0.0,3.0,0.0,3.0,-3.0,85.7,7.1,21.4,64.3,23.0,9.0,26.0,19.0
2023-04-23,2022,Arouca,Vizela,1.0,0.0,H,U,2.65,3.12,2.79,H,2.0,8.0,0.0,14.0,15,3.0,3.0,0.0,0.0,5.0,6.0,-1.0,1.0,1.0,0.0,4.0,5.0,-1.0,1.0,1.0,0.0,0.0,0.0,0.0,57.1,28.6,42.9,35.7,14.0,12.0,17.0,12.0
2023-04-22,2022,Pacos Ferreira,Porto,0.0,2.0,A,U,10.92,5.27,1.3,D,0.0,4.0,2.0,5.0,15,2.0,3.0,2.0,0.0,5.0,7.0,-2.0,7.0,3.0,4.0,-2.0,4.0,-6.0,0.0,1.0,-1.0,2.0,0.0,2.0,14.3,71.4,64.3,7.1,20.0,13.0,39.0,22.0
2023-04-22,2022,Famalicao,Maritimo,3.0,2.0,H,O,1.89,3.45,4.21,A,7.0,6.0,9.0,4.0,15,3.0,0.0,1.0,4.0,4.0,1.0,3.0,2.0,7.0,-5.0,2.0,-6.0,8.0,0.0,0.0,0.0,0.0,2.0,-2.0,57.1,35.7,7.1,78.6,14.0,17.0,20.0,30.0
2023-04-22,2022,Boavista,Rio Ave,3.0,2.0,H,O,2.37,3.12,3.19,H,6.0,3.0,2.0,2.0,15,1.0,1.0,1.0,2.0,3.0,4.0,-1.0,3.0,5.0,-2.0,0.0,-1.0,1.0,0.0,1.0,-1.0,0.0,1.0,-1.0,42.9,21.4,14.3,42.9,15.0,24.0,29.0,17.0
2023-04-21,2022,Casa Pia,Sp Braga,0.0,1.0,A,U,5.62,3.75,1.64,D,1.0,6.0,3.0,6.0,15,2.0,3.0,1.0,1.0,7.0,9.0,-2.0,5.0,4.0,1.0,2.0,5.0,-3.0,1.0,1.0,0.0,0.0,0.0,0.0,42.9,35.7,78.6,21.4,16.0,22.0,13.0,18.0
2023-04-17,2022,Vizela,Boavista,1.0,1.0,D,U,1.88,3.52,4.09,D,5.0,6.0,8.0,3.0,14,1.0,1.0,2.0,3.0,3.0,6.0,-3.0,7.0,11.0,-4.0,-4.0,-5.0,1.0,1.0,1.0,0.0,2.0,3.0,-1.0,38.5,46.2,23.1,69.2,16.0,12.0,24.0,25.0
2023-04-16,2022,Sp Lisbon,Arouca,1.0,1.0,D,U,1.19,7.05,14.81,A,5.0,2.0,7.0,0.0,14,3.0,2.0,1.0,1.0,9.0,3.0,6.0,2.0,2.0,0.0,7.0,1.0,6.0,3.0,1.0,2.0,0.0,1.0,-1.0,84.6,15.4,30.8,23.1,23.0,10.0,32.0,5.0
2023-04-16,2022,Sp Braga,Gil Vicente,1.0,0.0,H,U,1.36,5.13,7.93,H,10.0,3.0,10.0,5.0,14,3.0,2.0,0.0,2.0,8.0,4.0,4.0,1.0,4.0,-3.0,7.0,0.0,7.0,3.0,0.0,3.0,0.0,0.0,0.0,69.2,15.4,30.8,61.5,25.0,17.0,25.0,22.0
2023-04-16,2022,Rio Ave,Casa Pia,1.0,1.0,D,U,2.36,2.99,3.34,A,4.0,2.0,5.0,8.0,14,3.0,0.0,1.0,3.0,5.0,1.0,4.0,2.0,6.0,-4.0,3.0,-5.0,8.0,1.0,0.0,1.0,0.0,2.0,-2.0,53.8,38.5,38.5,46.2,15.0,11.0,12.0,22.0
2023-04-15,2022,Porto,Santa Clara,2.0,1.0,H,O,1.11,9.17,23.69,H,4.0,2.0,4.0,4.0,14,3.0,0.0,1.0,4.0,6.0,1.0,5.0,4.0,8.0,-4.0,2.0,-7.0,9.0,0.0,0.0,0.0,0.0,2.0,-2.0,84.6,15.4,7.7,76.9,19.0,14.0,27.0,11.0
2023-04-15,2022,Maritimo,Pacos Ferreira,3.0,1.0,H,O,2.22,3.26,3.37,H,6.0,3.0,2.0,5.0,14,2.0,1.0,2.0,1.0,8.0,5.0,3.0,8.0,4.0,4.0,0.0,1.0,-1.0,2.0,1.0,1.0,1.0,0.0,1.0,30.8,53.8,15.4,61.5,21.0,15.0,19.0,20.0
2023-04-15,2022,Estoril,Portimonense,0.0,1.0,A,U,2.31,3.14,3.31,D,3.0,5.0,10.0,5.0,14,1.0,0.0,3.0,4.0,2.0,0.0,2.0,8.0,5.0,3.0,-6.0,-5.0,-1.0,0.0,0.0,0.0,3.0,1.0,2.0,30.8,53.8,23.1,76.9,11.0,12.0,21.0,20.0
2023-04-15,2022,Chaves,Benfica,1.0,0.0,H,U,9.36,5.6,1.3,D,2.0,4.0,3.0,19.0,14,1.0,4.0,3.0,0.0,6.0,9.0,-3.0,8.0,0.0,8.0,-2.0,9.0,-11.0,1.0,3.0,-2.0,1.0,0.0,1.0,23.1,38.5,84.6,7.7,25.0,24.0,18.0,24.0
2023-04-14,2022,Famalicao,Guimaraes,2.0,1.0,H,O,2.22,3.09,3.57,H,3.0,5.0,3.0,10.0,14,2.0,1.0,2.0,2.0,2.0,5.0,-3.0,2.0,8.0,-6.0,0.0,-3.0,3.0,0.0,1.0,-1.0,0.0,1.0,-1.0,53.8,38.5,30.8,53.8,14.0,14.0,21.0,20.0
2023-04-10,2022,Gil Vicente,Chaves,0.0,0.0,D,U,2.02,3.33,3.78,D,4.0,5.0,14.0,5.0,14,1.0,1.0,0.0,2.0,4.0,3.0,1.0,2.0,3.0,-1.0,2.0,0.0,2.0,1.0,1.0,0.0,0.0,0.0,0.0,30.8,30.8,38.5,38.5,20.0,20.0,36.0,27.0
2023-04-09,2022,Casa Pia,Sp Lisbon,3.0,4.0,A,O,7.9,4.4,1.42,D,5.0,12.0,1.0,18.0,14,3.0,3.0,0.0,0.0,6.0,5.0,1.0,2.0,2.0,0.0,4.0,3.0,1.0,1.0,0.0,1.0,0.0,0.0,0.0,46.2,30.8,46.2,30.8,19.0,23.0,20.0,16.0
2023-04-08,2022,Sp Braga,Estoril,4.0,1.0,H,O,1.31,5.37,9.28,H,6.0,3.0,7.0,2.0,13,3.0,0.0,0.0,4.0,8.0,2.0,6.0,1.0,8.0,-7.0,7.0,-6.0,13.0,3.0,0.0,3.0,0.0,2.0,-2.0,66.7,16.7,23.1,61.5,23.0,12.0,24.0,24.0
2023-04-08,2022,Portimonense,Rio Ave,2.0,2.0,D,O,2.63,3.0,2.9,A,6.0,8.0,8.0,4.0,14,2.0,1.0,2.0,3.0,3.0,3.0,0.0,3.0,6.0,-3.0,0.0,-3.0,3.0,0.0,1.0,-1.0,0.0,2.0,-2.0,38.5,46.2,15.4,46.2,13.0,18.0,25.0,21.0
2023-04-08,2022,Pacos Ferreira,Famalicao,1.0,3.0,A,O,2.48,3.13,2.98,D,2.0,5.0,10.0,4.0,14,2.0,2.0,2.0,2.0,4.0,6.0,-2.0,6.0,8.0,-2.0,-2.0,-2.0,0.0,0.0,1.0,-1.0,2.0,2.0,0.0,15.4,69.2,23.1,61.5,21.0,11.0,30.0,11.0
2023-04-08,2022,Arouca,Maritimo,1.0,0.0,H,U,2.28,3.24,3.24,H,2.0,6.0,7.0,11.0,14,2.0,0.0,1.0,4.0,4.0,2.0,2.0,4.0,8.0,-4.0,0.0,-6.0,6.0,1.0,0.0,1.0,1.0,2.0,-1.0,53.8,30.8,7.7,76.9,12.0,14.0,13.0,25.0
2023-04-07,2022,Santa Clara,Vizela,0.0,1.0,A,U,3.75,3.27,2.06,A,2.0,3.0,2.0,4.0,14,0.0,2.0,3.0,1.0,4.0,5.0,-1.0,10.0,3.0,7.0,-6.0,2.0,-8.0,0.0,1.0,-1.0,3.0,1.0,2.0,15.4,53.8,38.5,38.5,16.0,12.0,19.0,13.0
2023-04-07,2022,Boavista,Guimaraes,2.0,1.0,H,O,2.59,3.05,2.91,H,4.0,4.0,7.0,7.0,14,1.0,2.0,1.0,1.0,5.0,5.0,0.0,4.0,6.0,-2.0,1.0,-1.0,2.0,1.0,1.0,0.0,0.0,1.0,-1.0,38.5,23.1,33.3,50.0,21.0,13.0,29.0,18.0
2023-04-07,2022,Benfica,Porto,1.0,2.0,A,O,1.92,3.48,4.01,D,1.0,3.0,4.0,5.0,14,4.0,3.0,0.0,0.0,13.0,7.0,6.0,2.0,2.0,0.0,11.0,5.0,6.0,4.0,2.0,2.0,0.0,0.0,0.0,92.3,0.0,61.5,7.7,27.0,14.0,26.0,18.0
2023-04-05,2022,Gil Vicente,Sp Lisbon,0.0,0.0,D,U,6.85,4.45,1.46,D,2.0,7.0,1.0,3.0,13,2.0,3.0,0.0,0.0,6.0,7.0,-1.0,3.0,4.0,-1.0,3.0,3.0,0.0,1.0,0.0,1.0,0.0,0.0,0.0,33.3,33.3,50.0,33.3,24.0,19.0,38.0,15.0
2023-04-03,2022,Famalicao,Arouca,0.0,1.0,A,U,1.98,3.26,4.03,D,1.0,2.0,7.0,1.0,13,3.0,1.0,1.0,1.0,3.0,3.0,0.0,1.0,3.0,-2.0,2.0,0.0,2.0,0.0,1.0,-1.0,0.0,1.0,-1.0,58.3,33.3,25.0,25.0,19.0,14.0,19.0,8.0
2023-04-02,2022,Rio Ave,Benfica,0.0,1.0,A,U,8.82,4.95,1.34,D,4.0,5.0,3.0,6.0,13,3.0,4.0,1.0,0.0,5.0,10.0,-5.0,2.0,0.0,2.0,3.0,10.0,-7.0,1.0,4.0,-3.0,0.0,0.0,0.0,58.3,33.3,83.3,8.3,12.0,25.0,13.0,28.0
2023-04-02,2022,Porto,Portimonense,1.0,0.0,H,U,1.15,7.63,17.57,H,6.0,0.0,10.0,3.0,13,3.0,0.0,1.0,4.0,7.0,2.0,5.0,4.0,8.0,-4.0,3.0,-6.0,9.0,1.0,0.0,1.0,0.0,2.0,-2.0,83.3,16.7,25.0,75.0,17.0,15.0,24.0,23.0
2023-04-02,2022,Maritimo,Boavista,4.0,2.0,H,O,2.51,3.09,2.96,H,6.0,6.0,3.0,9.0,13,1.0,1.0,3.0,3.0,4.0,5.0,-1.0,8.0,9.0,-1.0,-4.0,-4.0,0.0,1.0,1.0,0.0,2.0,2.0,0.0,25.0,58.3,25.0,66.7,17.0,10.0,21.0,16.0
2023-04-02,2022,Chaves,Sp Braga,1.0,2.0,A,O,4.91,3.78,1.69,D,8.0,8.0,7.0,5.0,13,2.0,2.0,2.0,2.0,7.0,7.0,0.0,7.0,8.0,-1.0,0.0,-1.0,1.0,1.0,1.0,0.0,1.0,1.0,0.0,25.0,33.3,76.9,23.1,22.0,18.0,14.0,14.0
2023-04-01,2022,Vizela,Casa Pia,3.0,1.0,H,O,2.21,3.13,3.5,D,8.0,4.0,10.0,3.0,13,1.0,0.0,2.0,3.0,3.0,0.0,3.0,7.0,6.0,1.0,-4.0,-6.0,2.0,1.0,0.0,1.0,2.0,2.0,0.0,33.3,50.0,41.7,41.7,15.0,7.0,17.0,23.0
2023-04-01,2022,Sp Lisbon,Santa Clara,3.0,0.0,H,O,1.14,8.1,19.58,H,5.0,4.0,6.0,2.0,13,3.0,0.0,1.0,4.0,11.0,2.0,9.0,2.0,7.0,-5.0,9.0,-5.0,14.0,3.0,0.0,3.0,0.0,1.0,-1.0,83.3,16.7,8.3,75.0,27.0,13.0,36.0,12.0
2023-04-01,2022,Guimaraes,Pacos Ferreira,0.0,0.0,D,U,1.97,3.41,3.88,D,3.0,4.0,5.0,4.0,14,3.0,1.0,1.0,2.0,5.0,5.0,0.0,4.0,5.0,-1.0,1.0,0.0,1.0,0.0,1.0,-1.0,1.0,0.0,1.0,61.5,23.1,16.7,66.7,20.0,15.0,27.0,18.0
2023-03-31,2022,Estoril,Gil Vicente,1.0,0.0,H,U,2.72,3.31,2.58,H,2.0,4.0,5.0,5.0,13,1.0,2.0,3.0,2.0,3.0,5.0,-2.0,9.0,5.0,4.0,-6.0,0.0,-6.0,0.0,0.0,0.0,3.0,0.0,3.0,25.0,58.3,33.3,58.3,22.0,17.0,27.0,29.0
2023-03-19,2022,Sp Braga,Porto,0.0,0.0,D,U,3.12,3.37,2.26,D,4.0,2.0,5.0,5.0,12,4.0,4.0,0.0,0.0,9.0,8.0,1.0,1.0,2.0,-1.0,8.0,6.0,2.0,3.0,2.0,1.0,0.0,0.0,0.0,72.7,18.2,66.7,8.3,23.0,14.0,20.0,19.0
2023-03-19,2022,Casa Pia,Maritimo,2.0,0.0,H,U,2.07,3.25,3.77,H,5.0,3.0,5.0,10.0,13,2.0,0.0,1.0,4.0,5.0,2.0,3.0,5.0,9.0,-4.0,0.0,-7.0,7.0,0.0,0.0,0.0,1.0,2.0,-1.0,41.7,33.3,8.3,75.0,19.0,12.0,21.0,19.0
2023-03-19,2022,Boavista,Famalicao,1.0,2.0,A,O,2.4,3.11,3.13,D,6.0,3.0,9.0,1.0,13,1.0,1.0,0.0,3.0,5.0,5.0,0.0,3.0,11.0,-8.0,2.0,-6.0,8.0,1.0,1.0,0.0,0.0,3.0,-3.0,41.7,16.7,16.7,66.7,18.0,10.0,31.0,15.0
2023-03-18,2022,Portimonense,Vizela,0.0,1.0,A,U,2.87,3.2,2.54,D,3.0,2.0,4.0,6.0,13,2.0,1.0,1.0,2.0,3.0,5.0,-2.0,2.0,5.0,-3.0,1.0,0.0,1.0,0.0,1.0,-1.0,0.0,1.0,-1.0,41.7,41.7,33.3,41.7,14.0,13.0,27.0,8.0
2023-03-18,2022,Estoril,Chaves,0.0,2.0,A,U,2.16,3.27,3.49,A,3.0,5.0,3.0,7.0,12,1.0,0.0,3.0,2.0,3.0,2.0,1.0,8.0,4.0,4.0,-5.0,-2.0,-3.0,0.0,0.0,0.0,2.0,0.0,2.0,27.3,54.5,33.3,41.7,23.0,18.0,28.0,25.0
2023-03-18,2022,Benfica,Guimaraes,5.0,1.0,H,O,1.17,7.04,16.84,H,5.0,4.0,7.0,3.0,13,3.0,2.0,0.0,1.0,10.0,5.0,5.0,3.0,3.0,0.0,7.0,2.0,5.0,3.0,1.0,2.0,0.0,0.0,0.0,91.7,0.0,36.4,45.5,30.0,11.0,24.0,15.0
2023-03-18,2022,Arouca,Pacos Ferreira,1.0,1.0,D,U,2.11,3.29,3.61,D,5.0,4.0,6.0,7.0,13,3.0,2.0,1.0,2.0,7.0,5.0,2.0,3.0,4.0,-1.0,4.0,1.0,3.0,2.0,1.0,1.0,1.0,0.0,1.0,58.3,33.3,18.2,72.7,19.0,13.0,10.0,13.0
2023-03-17,2022,Santa Clara,Rio Ave,0.0,2.0,A,U,2.62,2.9,3.02,D,1.0,8.0,2.0,7.0,13,0.0,0.0,3.0,3.0,4.0,1.0,3.0,11.0,6.0,5.0,-7.0,-5.0,-2.0,0.0,0.0,0.0,3.0,2.0,1.0,16.7,50.0,8.3,50.0,16.0,12.0,25.0,17.0
2023-03-13,2022,Famalicao,Casa Pia,1.0,0.0,H,U,2.13,3.18,3.6,H,4.0,2.0,3.0,5.0,12,2.0,0.0,1.0,3.0,2.0,0.0,2.0,1.0,7.0,-6.0,1.0,-7.0,8.0,0.0,0.0,0.0,0.0,3.0,-3.0,54.5,36.4,45.5,36.4,20.0,5.0,20.0,22.0
2023-03-12,2022,Sp Lisbon,Boavista,3.0,0.0,H,O,1.24,5.98,12.06,H,5.0,0.0,4.0,1.0,12,3.0,1.0,1.0,2.0,10.0,7.0,3.0,3.0,8.0,-5.0,7.0,-1.0,8.0,2.0,1.0,1.0,0.0,1.0,-1.0,81.8,18.2,27.3,63.6,30.0,14.0,40.0,22.0
2023-03-12,2022,Rio Ave,Gil Vicente,2.0,1.0,H,O,2.44,3.2,2.99,H,5.0,6.0,3.0,11.0,12,2.0,3.0,2.0,1.0,3.0,7.0,-4.0,2.0,4.0,-2.0,1.0,3.0,-2.0,1.0,1.0,0.0,0.0,0.0,0.0,54.5,36.4,36.4,54.5,13.0,18.0,16.0,22.0
2023-03-12,2022,Maritimo,Benfica,0.0,3.0,A,O,11.65,5.93,1.25,A,2.0,10.0,2.0,10.0,12,2.0,4.0,2.0,0.0,5.0,10.0,-5.0,5.0,0.0,5.0,0.0,10.0,-10.0,1.0,4.0,-3.0,1.0,0.0,1.0,27.3,54.5,81.8,9.1,17.0,20.0,23.0,27.0
2023-03-11,2022,Vizela,Sp Braga,0.0,4.0,A,O,3.8,3.53,1.96,A,1.0,7.0,3.0,3.0,12,2.0,2.0,1.0,2.0,6.0,5.0,1.0,3.0,9.0,-6.0,3.0,-4.0,7.0,2.0,0.0,2.0,1.0,1.0,0.0,36.4,45.5,75.0,25.0,23.0,21.0,21.0,21.0
2023-03-11,2022,Pacos Ferreira,Santa Clara,1.0,0.0,H,U,2.44,3.18,3.02,D,4.0,4.0,9.0,2.0,13,1.0,0.0,3.0,3.0,4.0,2.0,2.0,8.0,6.0,2.0,-4.0,-4.0,0.0,0.0,0.0,0.0,2.0,1.0,1.0,8.3,75.0,9.1,72.7,22.0,11.0,25.0,11.0
2023-03-11,2022,Guimaraes,Arouca,0.0,2.0,A,U,2.07,3.21,3.82,D,8.0,4.0,12.0,0.0,13,3.0,0.0,1.0,1.0,5.0,2.0,3.0,3.0,4.0,-1.0,2.0,-2.0,4.0,0.0,0.0,0.0,0.0,1.0,-1.0,66.7,16.7,18.2,27.3,12.0,16.0,18.0,18.0
2023-03-11,2022,Chaves,Portimonense,2.0,0.0,H,U,2.3,3.25,3.18,H,8.0,2.0,3.0,7.0,12,1.0,0.0,2.0,4.0,6.0,2.0,4.0,8.0,10.0,-2.0,-2.0,-8.0,6.0,0.0,0.0,0.0,1.0,2.0,-1.0,18.2,36.4,27.3,72.7,19.0,13.0,16.0,23.0
2023-03-10,2022,Porto,Estoril,3.0,2.0,H,O,1.18,6.84,15.59,H,5.0,3.0,6.0,3.0,12,3.0,0.0,1.0,4.0,8.0,0.0,8.0,3.0,6.0,-3.0,5.0,-6.0,11.0,2.0,0.0,2.0,0.0,2.0,-2.0,81.8,18.2,25.0,58.3,21.0,11.0,20.0,26.0
2023-03-06,2022,Casa Pia,Pacos Ferreira,2.0,1.0,H,O,2.04,3.22,3.87,A,4.0,2.0,4.0,2.0,12,1.0,2.0,1.0,2.0,3.0,4.0,-1.0,4.0,5.0,-1.0,-1.0,-1.0,0.0,0.0,1.0,-1.0,1.0,1.0,0.0,36.4,36.4,20.0,70.0,15.0,12.0,22.0,14.0
2023-03-05,2022,Sp Braga,Rio Ave,2.0,0.0,H,U,1.41,4.42,8.27,H,11.0,4.0,9.0,4.0,11,4.0,0.0,0.0,2.0,10.0,1.0,9.0,1.0,4.0,-3.0,9.0,-3.0,12.0,3.0,0.0,3.0,0.0,1.0,-1.0,70.0,20.0,9.1,45.5,18.0,8.0,15.0,15.0
2023-03-05,2022,Santa Clara,Guimaraes,1.0,3.0,A,O,3.05,3.03,2.5,A,5.0,6.0,7.0,6.0,12,0.0,1.0,3.0,2.0,3.0,2.0,1.0,12.0,5.0,7.0,-9.0,-3.0,-6.0,0.0,0.0,0.0,3.0,1.0,2.0,18.2,45.5,30.0,50.0,11.0,8.0,19.0,14.0
2023-03-05,2022,Gil Vicente,Maritimo,2.0,0.0,H,U,1.88,3.54,4.08,H,5.0,6.0,12.0,8.0,12,2.0,0.0,0.0,3.0,5.0,3.0,2.0,3.0,8.0,-5.0,2.0,-5.0,7.0,0.0,0.0,0.0,0.0,1.0,-1.0,27.3,36.4,9.1,72.7,24.0,7.0,30.0,16.0
2023-03-04,2022,Portimonense,Sp Lisbon,0.0,1.0,A,U,8.1,4.81,1.38,D,4.0,7.0,3.0,7.0,12,2.0,2.0,1.0,1.0,4.0,6.0,-2.0,3.0,5.0,-2.0,1.0,1.0,0.0,0.0,0.0,0.0,0.0,0.0,0.0,45.5,36.4,45.5,36.4,12.0,13.0,25.0,16.0
2023-03-04,2022,Estoril,Vizela,0.0,3.0,A,O,2.68,3.24,2.66,A,2.0,3.0,8.0,0.0,11,2.0,0.0,2.0,3.0,5.0,3.0,2.0,5.0,7.0,-2.0,0.0,-4.0,4.0,1.0,0.0,1.0,1.0,1.0,0.0,30.0,50.0,27.3,45.5,24.0,14.0,24.0,12.0
2023-03-04,2022,Chaves,Porto,1.0,3.0,A,O,11.01,5.44,1.28,A,4.0,5.0,4.0,8.0,11,1.0,3.0,2.0,0.0,5.0,5.0,0.0,7.0,1.0,6.0,-2.0,4.0,-6.0,0.0,1.0,-1.0,1.0,0.0,1.0,20.0,30.0,63.6,9.1,18.0,18.0,17.0,17.0
2023-03-03,2022,Boavista,Arouca,0.0,0.0,D,U,2.29,3.14,3.31,D,2.0,1.0,6.0,1.0,12,2.0,0.0,0.0,2.0,6.0,3.0,3.0,3.0,9.0,-6.0,3.0,-6.0,9.0,1.0,0.0,1.0,0.0,2.0,-2.0,45.5,18.2,20.0,30.0,21.0,17.0,31.0,20.0
2023-03-03,2022,Benfica,Famalicao,2.0,0.0,H,U,1.16,7.47,16.52,H,7.0,0.0,7.0,2.0,12,3.0,2.0,0.0,2.0,9.0,7.0,2.0,3.0,9.0,-6.0,6.0,-2.0,8.0,2.0,2.0,0.0,0.0,2.0,-2.0,90.9,0.0,18.2,63.6,35.0,16.0,29.0,16.0
2023-02-27,2022,Sp Lisbon,Estoril,2.0,0.0,H,U,1.21,6.56,12.66,H,8.0,0.0,14.0,5.0,11,3.0,0.0,1.0,4.0,11.0,0.0,11.0,3.0,6.0,-3.0,8.0,-6.0,14.0,2.0,0.0,2.0,0.0,2.0,-2.0,80.0,20.0,27.3,54.5,27.0,14.0,30.0,26.0
2023-02-27,2022,Guimaraes,Sp Braga,2.0,1.0,H,O,3.8,3.49,1.96,H,2.0,4.0,3.0,5.0,12,2.0,3.0,1.0,1.0,3.0,8.0,-5.0,2.0,7.0,-5.0,1.0,1.0,0.0,0.0,1.0,-1.0,0.0,1.0,-1.0,63.6,18.2,81.8,18.2,12.0,30.0,20.0,22.0
2023-02-26,2022,Rio Ave,Chaves,1.0,0.0,H,U,2.18,3.25,3.43,D,3.0,6.0,4.0,8.0,11,1.0,0.0,2.0,1.0,3.0,3.0,0.0,3.0,4.0,-1.0,0.0,-1.0,1.0,1.0,0.0,1.0,0.0,0.0,0.0,50.0,40.0,36.4,36.4,15.0,14.0,17.0,23.0
2023-02-26,2022,Porto,Gil Vicente,1.0,2.0,A,O,1.2,7.05,12.32,A,4.0,4.0,3.0,0.0,11,4.0,2.0,0.0,2.0,12.0,5.0,7.0,2.0,4.0,-2.0,10.0,1.0,9.0,3.0,1.0,2.0,0.0,0.0,0.0,90.0,10.0,30.0,60.0,28.0,18.0,22.0,31.0
2023-02-26,2022,Pacos Ferreira,Boavista,1.0,3.0,A,O,2.71,3.12,2.71,A,6.0,4.0,9.0,10.0,12,1.0,0.0,2.0,3.0,4.0,4.0,0.0,6.0,8.0,-2.0,-2.0,-4.0,2.0,0.0,0.0,0.0,1.0,1.0,0.0,9.1,72.7,20.0,70.0,20.0,10.0,25.0,19.0
2023-02-25,2022,Vizela,Benfica,0.0,2.0,A,U,8.22,5.02,1.36,A,3.0,6.0,6.0,5.0,11,3.0,3.0,0.0,1.0,9.0,8.0,1.0,1.0,3.0,-2.0,8.0,5.0,3.0,3.0,3.0,0.0,0.0,1.0,-1.0,40.0,40.0,80.0,10.0,24.0,17.0,16.0,30.0
2023-02-25,2022,Maritimo,Santa Clara,3.0,1.0,H,O,2.14,3.21,3.58,A,7.0,6.0,9.0,4.0,11,2.0,0.0,2.0,3.0,3.0,1.0,2.0,4.0,4.0,0.0,-1.0,-3.0,2.0,0.0,0.0,0.0,1.0,0.0,1.0,20.0,60.0,10.0,70.0,12.0,6.0,17.0,16.0
2023-02-25,2022,Arouca,Casa Pia,2.0,0.0,H,U,2.31,3.15,3.26,D,3.0,3.0,1.0,11.0,12,3.0,1.0,1.0,2.0,7.0,2.0,5.0,3.0,6.0,-3.0,4.0,-4.0,8.0,2.0,0.0,2.0,1.0,2.0,-1.0,54.5,36.4,50.0,30.0,23.0,9.0,11.0,22.0
2023-02-24,2022,Famalicao,Portimonense,1.0,0.0,H,U,1.85,3.4,4.48,D,6.0,7.0,7.0,8.0,11,2.0,0.0,1.0,4.0,3.0,2.0,1.0,2.0,10.0,-8.0,1.0,-8.0,9.0,0.0,0.0,0.0,0.0,2.0,-2.0,50.0,40.0,30.0,70.0,17.0,6.0,19.0,17.0
2023-02-20,2022,Chaves,Sp Lisbon,2.0,3.0,A,O,6.3,4.77,1.45,D,5.0,8.0,4.0,4.0,10,1.0,2.0,1.0,1.0,3.0,5.0,-2.0,4.0,4.0,0.0,-1.0,1.0,-2.0,0.0,0.0,0.0,1.0,0.0,1.0,22.2,22.2,40.0,40.0,17.0,13.0,17.0,17.0
2023-02-20,2022,Benfica,Boavista,3.0,1.0,H,O,1.19,6.85,14.82,D,10.0,2.0,8.0,5.0,11,3.0,0.0,0.0,3.0,9.0,3.0,6.0,3.0,6.0,-3.0,6.0,-3.0,9.0,2.0,0.0,2.0,0.0,0.0,0.0,90.0,0.0,22.2,66.7,31.0,9.0,27.0,18.0
2023-02-19,2022,Sp Braga,Arouca,2.0,0.0,H,U,1.41,4.78,7.08,H,4.0,3.0,4.0,3.0,10,3.0,1.0,1.0,1.0,8.0,4.0,4.0,2.0,7.0,-5.0,6.0,-3.0,9.0,2.0,0.0,2.0,0.0,1.0,-1.0,66.7,22.2,22.2,22.2,22.0,16.0,18.0,19.0
2023-02-19,2022,Santa Clara,Famalicao,1.0,3.0,A,O,2.98,3.04,2.54,D,7.0,7.0,3.0,6.0,11,1.0,1.0,2.0,2.0,5.0,4.0,1.0,10.0,8.0,2.0,-5.0,-4.0,-1.0,1.0,1.0,0.0,2.0,2.0,0.0,20.0,40.0,10.0,70.0,13.0,12.0,22.0,16.0
2023-02-19,2022,Casa Pia,Guimaraes,0.0,0.0,D,U,2.49,3.09,3.0,D,2.0,0.0,3.0,4.0,11,1.0,1.0,2.0,3.0,4.0,2.0,2.0,6.0,8.0,-2.0,-2.0,-6.0,4.0,0.0,0.0,0.0,1.0,2.0,-1.0,40.0,40.0,33.3,55.6,17.0,8.0,21.0,13.0
2023-02-18,2022,Porto,Rio Ave,1.0,0.0,H,U,1.17,7.04,16.36,H,4.0,4.0,8.0,2.0,10,4.0,1.0,0.0,1.0,15.0,2.0,13.0,2.0,3.0,-1.0,13.0,-1.0,14.0,4.0,0.0,4.0,0.0,1.0,-1.0,88.9,11.1,10.0,40.0,31.0,9.0,18.0,17.0
2023-02-18,2022,Portimonense,Maritimo,2.0,1.0,H,O,2.28,3.3,3.17,A,3.0,2.0,8.0,1.0,11,1.0,0.0,2.0,3.0,3.0,2.0,1.0,4.0,7.0,-3.0,-1.0,-5.0,4.0,0.0,0.0,0.0,0.0,1.0,-1.0,40.0,40.0,10.0,70.0,14.0,8.0,19.0,21.0
2023-02-18,2022,Estoril,Pacos Ferreira,1.0,3.0,A,O,2.06,3.26,3.79,A,4.0,5.0,5.0,7.0,10,2.0,1.0,2.0,3.0,5.0,1.0,4.0,7.0,8.0,-1.0,-2.0,-7.0,5.0,1.0,0.0,1.0,1.0,2.0,-1.0,33.3,44.4,11.1,77.8,23.0,10.0,21.0,13.0
2023-02-17,2022,Gil Vicente,Vizela,1.0,1.0,D,U,2.45,3.4,2.83,D,6.0,4.0,10.0,2.0,11,2.0,1.0,1.0,3.0,5.0,4.0,1.0,4.0,6.0,-2.0,1.0,-2.0,3.0,0.0,1.0,-1.0,0.0,1.0,-1.0,30.0,40.0,30.0,50.0,24.0,19.0,24.0,17.0
2023-02-13,2022,Rio Ave,Estoril,2.0,0.0,H,U,2.26,3.13,3.35,D,3.0,3.0,2.0,9.0,10,1.0,0.0,2.0,4.0,2.0,1.0,1.0,3.0,7.0,-4.0,-1.0,-6.0,5.0,0.0,0.0,0.0,0.0,2.0,-2.0,44.4,44.4,30.0,50.0,13.0,12.0,19.0,24.0
2023-02-13,2022,Boavista,Casa Pia,0.0,0.0,D,U,2.38,3.06,3.2,D,3.0,2.0,7.0,3.0,11,2.0,2.0,1.0,2.0,7.0,3.0,4.0,7.0,6.0,1.0,0.0,-3.0,3.0,1.0,0.0,1.0,1.0,2.0,-1.0,50.0,20.0,55.6,33.3,18.0,10.0,29.0,20.0
2023-02-12,2022,Sp Lisbon,Porto,1.0,2.0,A,O,2.68,3.33,2.59,D,5.0,3.0,8.0,4.0,10,4.0,3.0,0.0,0.0,13.0,7.0,6.0,1.0,1.0,0.0,12.0,6.0,6.0,3.0,2.0,1.0,0.0,0.0,0.0,88.9,11.1,60.0,10.0,28.0,24.0,33.0,17.0
2023-02-12,2022,Maritimo,Sp Braga,1.0,2.0,A,O,5.52,4.01,1.59,A,6.0,3.0,5.0,5.0,10,2.0,3.0,1.0,1.0,2.0,8.0,-6.0,2.0,7.0,-5.0,0.0,1.0,-1.0,0.0,1.0,-1.0,1.0,1.0,0.0,22.2,55.6,80.0,20.0,9.0,37.0,19.0,25.0
2023-02-12,2022,Famalicao,Gil Vicente,0.0,1.0,A,U,2.19,3.28,3.37,D,3.0,3.0,4.0,6.0,10,2.0,1.0,1.0,3.0,4.0,5.0,-1.0,3.0,7.0,-4.0,1.0,-2.0,3.0,0.0,1.0,-1.0,0.0,1.0,-1.0,55.6,33.3,22.2,66.7,16.0,17.0,18.0,25.0
2023-02-11,2022,Guimaraes,Portimonense,1.0,0.0,H,U,1.81,3.48,4.55,H,4.0,3.0,5.0,2.0,11,2.0,1.0,1.0,3.0,3.0,4.0,-1.0,2.0,10.0,-8.0,1.0,-6.0,7.0,0.0,0.0,0.0,0.0,2.0,-2.0,60.0,20.0,33.3,66.7,12.0,10.0,16.0,18.0
2023-02-11,2022,Arouca,Santa Clara,1.0,0.0,H,U,2.14,3.26,3.51,D,4.0,0.0,3.0,3.0,11,2.0,0.0,2.0,2.0,6.0,1.0,5.0,4.0,3.0,1.0,2.0,-2.0,4.0,2.0,0.0,2.0,1.0,0.0,1.0,50.0,40.0,11.1,66.7,19.0,8.0,18.0,19.0
2023-02-10,2022,Vizela,Chaves,0.0,0.0,D,U,1.73,3.66,4.9,D,4.0,5.0,5.0,6.0,10,3.0,1.0,1.0,1.0,9.0,5.0,4.0,2.0,5.0,-3.0,7.0,0.0,7.0,3.0,0.0,3.0,0.0,0.0,0.0,44.4,44.4,40.0,40.0,26.0,13.0,22.0,17.0
2023-02-09,2022,Estoril,Boavista,2.0,1.0,H,O,2.51,3.14,2.92,A,13.0,4.0,11.0,0.0,9,1.0,0.0,3.0,3.0,3.0,4.0,-1.0,8.0,7.0,1.0,-5.0,-3.0,-2.0,1.0,0.0,1.0,2.0,0.0,2.0,25.0,50.0,25.0,62.5,12.0,7.0,15.0,19.0
2023-02-06,2022,Rio Ave,Sp Lisbon,0.0,1.0,A,U,6.62,4.34,1.47,D,1.0,1.0,4.0,2.0,9,2.0,1.0,1.0,2.0,3.0,4.0,-1.0,2.0,5.0,-3.0,1.0,-1.0,2.0,0.0,0.0,0.0,0.0,0.0,0.0,50.0,37.5,33.3,44.4,16.0,19.0,18.0,26.0
2023-02-06,2022,Portimonense,Pacos Ferreira,1.0,0.0,H,U,1.99,3.33,3.86,D,3.0,4.0,10.0,2.0,10,0.0,1.0,2.0,3.0,3.0,2.0,1.0,5.0,9.0,-4.0,-2.0,-7.0,5.0,0.0,0.0,0.0,0.0,2.0,-2.0,33.3,44.4,12.5,75.0,18.0,7.0,20.0,19.0
2023-02-05,2022,Sp Braga,Famalicao,4.0,1.0,H,O,1.39,4.81,7.8,H,4.0,1.0,6.0,2.0,9,2.0,1.0,2.0,2.0,4.0,5.0,-1.0,2.0,7.0,-5.0,2.0,-2.0,4.0,1.0,1.0,0.0,0.0,1.0,-1.0,62.5,25.0,11.1,66.7,23.0,15.0,25.0,21.0
2023-02-05,2022,Porto,Vizela,2.0,0.0,H,U,1.2,6.68,13.51,H,4.0,3.0,7.0,5.0,9,3.0,1.0,1.0,2.0,13.0,6.0,7.0,3.0,6.0,-3.0,10.0,0.0,10.0,3.0,1.0,2.0,0.0,0.0,0.0,87.5,12.5,33.3,44.4,31.0,21.0,15.0,13.0
2023-02-05,2022,Gil Vicente,Arouca,1.0,1.0,D,U,2.25,3.28,3.21,D,7.0,6.0,13.0,4.0,10,2.0,1.0,2.0,1.0,4.0,4.0,0.0,4.0,7.0,-3.0,0.0,-3.0,3.0,0.0,0.0,0.0,0.0,1.0,-1.0,33.3,44.4,25.0,25.0,20.0,15.0,16.0,20.0
2023-02-05,2022,Chaves,Maritimo,2.0,1.0,H,O,2.1,3.27,3.66,H,5.0,3.0,3.0,6.0,9,1.0,1.0,1.0,2.0,4.0,2.0,2.0,4.0,5.0,-1.0,0.0,-3.0,3.0,1.0,0.0,1.0,1.0,1.0,0.0,12.5,25.0,11.1,66.7,21.0,12.0,19.0,25.0
2023-02-04,2022,Santa Clara,Boavista,2.0,2.0,D,O,2.69,3.03,2.81,A,3.0,4.0,7.0,7.0,10,1.0,0.0,2.0,4.0,4.0,2.0,2.0,9.0,9.0,0.0,-5.0,-7.0,2.0,1.0,0.0,1.0,2.0,1.0,1.0,22.2,44.4,28.6,71.4,15.0,4.0,20.0,17.0
2023-02-04,2022,Estoril,Guimaraes,0.0,1.0,A,U,2.67,3.05,2.82,A,4.0,3.0,4.0,5.0,8,1.0,1.0,2.0,3.0,4.0,2.0,2.0,8.0,8.0,0.0,-4.0,-6.0,2.0,1.0,0.0,1.0,2.0,2.0,0.0,28.6,42.9,25.0,62.5,12.0,7.0,15.0,11.0
2023-02-04,2022,Benfica,Casa Pia,3.0,0.0,H,O,1.18,6.81,16.39,H,5.0,0.0,4.0,4.0,10,3.0,2.0,0.0,2.0,11.0,4.0,7.0,3.0,6.0,-3.0,8.0,-2.0,10.0,2.0,0.0,2.0,0.0,2.0,-2.0,88.9,0.0,62.5,25.0,35.0,13.0,36.0,19.0
2023-02-01,2022,Sp Lisbon,Sp Braga,5.0,0.0,H,O,1.94,3.63,3.72,H,9.0,4.0,10.0,1.0,9,4.0,4.0,0.0,0.0,11.0,9.0,2.0,2.0,2.0,0.0,9.0,7.0,2.0,3.0,1.0,2.0,0.0,0.0,0.0,87.5,12.5,88.9,11.1,29.0,39.0,30.0,32.0
2023-02-01,2022,Maritimo,Porto,0.0,2.0,A,U,11.68,5.62,1.26,D,2.0,4.0,5.0,1.0,9,2.0,2.0,0.0,0.0,3.0,6.0,-3.0,1.0,2.0,-1.0,2.0,4.0,-2.0,0.0,1.0,-1.0,0.0,0.0,0.0,25.0,50.0,55.6,11.1,11.0,24.0,19.0,22.0
2023-01-31,2022,Pacos Ferreira,Gil Vicente,2.0,1.0,H,O,3.06,3.23,2.38,H,8.0,4.0,11.0,12.0,11,0.0,1.0,3.0,3.0,2.0,5.0,-3.0,7.0,8.0,-1.0,-5.0,-3.0,-2.0,0.0,1.0,-1.0,2.0,2.0,0.0,0.0,80.0,25.0,62.5,17.0,16.0,23.0,14.0
2023-01-31,2022,Arouca,Benfica,0.0,3.0,A,O,9.37,5.25,1.31,A,0.0,3.0,3.0,3.0,10,3.0,3.0,1.0,1.0,7.0,10.0,-3.0,1.0,4.0,-3.0,6.0,6.0,0.0,2.0,3.0,-1.0,0.0,1.0,-1.0,55.6,33.3,77.8,11.1,24.0,21.0,19.0,38.0
2023-01-30,2022,Guimaraes,Chaves,2.0,1.0,H,O,1.99,3.37,3.84,H,6.0,4.0,7.0,6.0,10,2.0,1.0,1.0,1.0,4.0,4.0,0.0,3.0,8.0,-5.0,1.0,-4.0,5.0,0.0,0.0,0.0,0.0,1.0,-1.0,55.6,22.2,44.4,33.3,12.0,11.0,10.0,13.0
2023-01-29,2022,Vizela,Rio Ave,3.0,1.0,H,O,1.93,3.43,4.02,A,7.0,2.0,3.0,8.0,9,2.0,1.0,2.0,1.0,6.0,1.0,5.0,2.0,1.0,1.0,4.0,0.0,4.0,2.0,0.0,2.0,0.0,0.0,0.0,37.5,50.0,11.1,33.3,22.0,7.0,24.0,13.0
2023-01-29,2022,Famalicao,Estoril,1.0,0.0,H,U,2.1,3.25,3.63,D,6.0,6.0,5.0,7.0,9,2.0,0.0,1.0,3.0,5.0,2.0,3.0,4.0,7.0,-3.0,1.0,-5.0,6.0,0.0,0.0,0.0,0.0,2.0,-2.0,50.0,37.5,33.3,44.4,12.0,11.0,16.0,24.0
2023-01-29,2022,Casa Pia,Santa Clara,2.0,1.0,H,O,2.05,3.22,3.84,D,8.0,3.0,8.0,3.0,10,1.0,1.0,2.0,1.0,3.0,1.0,2.0,5.0,1.0,4.0,-2.0,0.0,-2.0,0.0,0.0,0.0,1.0,0.0,1.0,33.3,44.4,12.5,62.5,11.0,7.0,16.0,18.0
2023-01-29,2022,Boavista,Portimonense,4.0,2.0,H,O,2.16,3.28,3.45,D,10.0,3.0,7.0,6.0,10,1.0,1.0,1.0,3.0,5.0,2.0,3.0,7.0,7.0,0.0,-2.0,-5.0,3.0,0.0,0.0,0.0,1.0,1.0,0.0,44.4,22.2,37.5,62.5,12.0,10.0,28.0,14.0
2023-01-26,2022,Pacos Ferreira,Benfica,0.0,2.0,A,U,12.73,6.4,1.21,A,3.0,6.0,1.0,10.0,10,0.0,3.0,3.0,1.0,2.0,9.0,-7.0,6.0,4.0,2.0,-4.0,5.0,-9.0,0.0,2.0,-2.0,1.0,1.0,0.0,0.0,77.8,75.0,12.5,18.0,19.0,28.0,32.0
2023-01-23,2022,Boavista,Chaves,1.0,1.0,D,U,2.24,3.26,3.25,H,3.0,3.0,11.0,5.0,9,1.0,2.0,1.0,1.0,5.0,4.0,1.0,7.0,7.0,0.0,-2.0,-3.0,1.0,0.0,0.0,0.0,1.0,1.0,0.0,50.0,25.0,50.0,37.5,14.0,9.0,25.0,9.0
2023-01-22,2022,Maritimo,Estoril,1.0,0.0,H,U,2.51,3.05,3.01,H,2.0,2.0,4.0,5.0,8,1.0,1.0,1.0,2.0,3.0,3.0,0.0,3.0,6.0,-3.0,0.0,-3.0,3.0,0.0,0.0,0.0,0.0,2.0,-2.0,14.3,57.1,37.5,37.5,12.0,12.0,25.0,22.0
2023-01-22,2022,Famalicao,Rio Ave,0.0,0.0,D,U,2.11,3.24,3.64,D,5.0,2.0,4.0,3.0,8,3.0,1.0,1.0,2.0,9.0,3.0,6.0,4.0,5.0,-1.0,5.0,-2.0,7.0,1.0,0.0,1.0,0.0,1.0,-1.0,57.1,42.9,12.5,37.5,11.0,8.0,13.0,13.0
2023-01-22,2022,Casa Pia,Gil Vicente,1.0,3.0,A,O,2.31,3.18,3.21,D,5.0,7.0,6.0,4.0,9,1.0,0.0,2.0,4.0,2.0,3.0,-1.0,3.0,10.0,-7.0,-1.0,-7.0,6.0,0.0,0.0,0.0,0.0,3.0,-3.0,37.5,37.5,14.3,71.4,11.0,13.0,18.0,12.0
2023-01-21,2022,Santa Clara,Benfica,0.0,3.0,A,O,10.04,5.39,1.29,A,1.0,5.0,8.0,9.0,9,1.0,2.0,2.0,1.0,5.0,6.0,-1.0,8.0,4.0,4.0,-3.0,2.0,-5.0,1.0,1.0,0.0,1.0,1.0,0.0,25.0,37.5,71.4,14.3,20.0,15.0,15.0,29.0
2023-01-21,2022,Pacos Ferreira,Sp Braga,1.0,2.0,A,O,6.91,4.51,1.44,D,5.0,10.0,4.0,10.0,9,0.0,4.0,3.0,0.0,1.0,9.0,-8.0,5.0,1.0,4.0,-4.0,8.0,-12.0,0.0,2.0,-2.0,1.0,0.0,1.0,0.0,75.0,87.5,12.5,20.0,36.0,38.0,29.0
2023-01-21,2022,Guimaraes,Porto,0.0,1.0,A,U,7.84,4.63,1.4,A,0.0,2.0,3.0,6.0,9,3.0,2.0,0.0,0.0,7.0,7.0,0.0,4.0,2.0,2.0,3.0,5.0,-2.0,0.0,2.0,-2.0,0.0,0.0,0.0,62.5,12.5,50.0,12.5,21.0,29.0,16.0,21.0
2023-01-20,2022,Sp Lisbon,Vizela,2.0,1.0,H,O,1.28,5.6,10.2,D,8.0,3.0,8.0,1.0,8,4.0,2.0,0.0,1.0,12.0,6.0,6.0,2.0,4.0,-2.0,10.0,2.0,8.0,4.0,1.0,3.0,0.0,0.0,0.0,85.7,14.3,37.5,37.5,28.0,23.0,25.0,13.0
2023-01-20,2022,Arouca,Portimonense,4.0,0.0,H,O,2.42,3.17,3.04,H,12.0,0.0,3.0,7.0,9,3.0,1.0,1.0,3.0,7.0,2.0,5.0,2.0,4.0,-2.0,5.0,-2.0,7.0,2.0,0.0,2.0,0.0,0.0,0.0,50.0,37.5,42.9,57.1,19.0,17.0,19.0,16.0
2023-01-16,2022,Gil Vicente,Guimaraes,2.0,1.0,H,O,2.46,3.22,2.91,D,6.0,2.0,3.0,0.0,9,1.0,1.0,3.0,2.0,2.0,3.0,-1.0,4.0,8.0,-4.0,-2.0,-5.0,3.0,0.0,0.0,0.0,0.0,2.0,-2.0,25.0,50.0,28.6,57.1,17.0,10.0,20.0,17.0
2023-01-16,2022,Estoril,Casa Pia,2.0,0.0,H,U,2.84,3.1,2.58,H,3.0,0.0,4.0,4.0,7,0.0,3.0,3.0,1.0,2.0,6.0,-4.0,10.0,5.0,5.0,-8.0,1.0,-9.0,0.0,0.0,0.0,3.0,1.0,2.0,16.7,50.0,71.4,14.3,9.0,15.0,13.0,18.0
2023-01-15,2022,Porto,Famalicao,4.0,1.0,H,O,1.18,6.87,15.2,H,9.0,2.0,2.0,5.0,8,3.0,1.0,1.0,2.0,13.0,5.0,8.0,3.0,7.0,-4.0,10.0,-2.0,12.0,3.0,1.0,2.0,0.0,1.0,-1.0,85.7,14.3,12.5,62.5,29.0,18.0,19.0,21.0
2023-01-15,2022,Chaves,Arouca,1.0,1.0,D,U,2.16,3.32,3.41,H,5.0,6.0,5.0,10.0,8,1.0,1.0,1.0,1.0,4.0,4.0,0.0,4.0,7.0,-3.0,0.0,-3.0,3.0,1.0,0.0,1.0,1.0,1.0,0.0,14.3,28.6,28.6,28.6,19.0,13.0,18.0,15.0
2023-01-15,2022,Benfica,Sp Lisbon,2.0,2.0,D,O,1.83,3.79,3.98,D,8.0,3.0,5.0,2.0,9,4.0,2.0,0.0,2.0,13.0,4.0,9.0,3.0,4.0,-1.0,10.0,0.0,10.0,3.0,0.0,3.0,0.0,0.0,0.0,100.0,0.0,37.5,50.0,37.0,19.0,39.0,29.0
2023-01-14,2022,Vizela,Maritimo,3.0,0.0,H,O,1.83,3.5,4.4,H,9.0,1.0,7.0,4.0,8,2.0,1.0,2.0,1.0,4.0,3.0,1.0,2.0,3.0,-1.0,2.0,0.0,2.0,1.0,0.0,1.0,0.0,0.0,0.0,28.6,57.1,12.5,62.5,19.0,14.0,22.0,29.0
2023-01-14,2022,Sp Braga,Boavista,1.0,0.0,H,U,1.31,5.27,9.66,D,4.0,0.0,1.0,7.0,8,2.0,1.0,2.0,3.0,5.0,4.0,1.0,2.0,9.0,-7.0,3.0,-5.0,8.0,2.0,0.0,2.0,0.0,1.0,-1.0,57.1,28.6,33.3,66.7,29.0,8.0,32.0,15.0
2023-01-14,2022,Rio Ave,Pacos Ferreira,0.0,1.0,A,U,1.94,3.34,4.11,A,6.0,2.0,6.0,2.0,8,3.0,0.0,0.0,3.0,4.0,2.0,2.0,1.0,10.0,-9.0,3.0,-8.0,11.0,0.0,0.0,0.0,0.0,2.0,-2.0,57.1,28.6,0.0,85.7,13.0,9.0,13.0,25.0
2023-01-13,2022,Portimonense,Santa Clara,0.0,0.0,D,U,2.01,3.35,3.83,D,4.0,2.0,6.0,1.0,9,0.0,1.0,3.0,2.0,3.0,1.0,2.0,7.0,2.0,5.0,-4.0,-1.0,-3.0,0.0,0.0,0.0,1.0,0.0,1.0,37.5,50.0,14.3,71.4,17.0,6.0,15.0,25.0
2023-01-08,2022,Pacos Ferreira,Chaves,1.0,1.0,D,U,2.82,3.24,2.54,D,4.0,2.0,9.0,6.0,8,0.0,2.0,3.0,2.0,1.0,3.0,-2.0,5.0,7.0,-2.0,-4.0,-4.0,0.0,0.0,0.0,0.0,1.0,1.0,0.0,0.0,85.7,57.1,42.9,19.0,11.0,32.0,10.0
2023-01-08,2022,Maritimo,Sp Lisbon,1.0,0.0,H,U,7.98,4.85,1.38,D,2.0,1.0,3.0,8.0,7,0.0,2.0,2.0,2.0,3.0,5.0,-2.0,5.0,5.0,0.0,-2.0,0.0,-2.0,0.0,0.0,0.0,0.0,0.0,0.0,0.0,66.7,42.9,42.9,14.0,21.0,32.0,30.0
2023-01-08,2022,Boavista,Gil Vicente,1.0,0.0,H,U,2.61,3.25,2.73,H,5.0,4.0,6.0,9.0,8,1.0,1.0,1.0,3.0,6.0,5.0,1.0,8.0,10.0,-2.0,-2.0,-5.0,3.0,0.0,0.0,0.0,1.0,3.0,-2.0,42.9,28.6,16.7,66.7,12.0,14.0,23.0,11.0
2023-01-07,2022,Guimaraes,Rio Ave,0.0,0.0,D,U,2.02,3.3,3.85,D,2.0,0.0,5.0,2.0,8,3.0,1.0,0.0,2.0,7.0,5.0,2.0,4.0,7.0,-3.0,3.0,-2.0,5.0,0.0,0.0,0.0,0.0,1.0,-1.0,71.4,14.3,14.3,42.9,20.0,13.0,16.0,15.0
2023-01-07,2022,Casa Pia,Porto,0.0,0.0,D,U,8.6,4.63,1.38,D,0.0,9.0,5.0,6.0,8,2.0,2.0,2.0,0.0,3.0,8.0,-5.0,3.0,3.0,0.0,0.0,5.0,-5.0,0.0,2.0,-2.0,0.0,0.0,0.0,42.9,42.9,57.1,14.3,17.0,24.0,21.0,26.0
2023-01-07,2022,Arouca,Estoril,2.0,0.0,H,U,2.27,3.28,3.22,H,7.0,3.0,2.0,5.0,8,2.0,1.0,1.0,1.0,7.0,4.0,3.0,4.0,5.0,-1.0,3.0,-1.0,4.0,1.0,0.0,1.0,0.0,1.0,-1.0,42.9,42.9,42.9,28.6,18.0,12.0,20.0,25.0
2023-01-06,2022,Famalicao,Vizela,2.0,1.0,H,O,2.43,3.12,3.08,H,3.0,4.0,6.0,4.0,7,2.0,2.0,2.0,1.0,7.0,5.0,2.0,4.0,4.0,0.0,3.0,1.0,2.0,1.0,1.0,0.0,0.0,1.0,-1.0,50.0,50.0,42.9,28.6,10.0,25.0,8.0,13.0
2023-01-06,2022,Benfica,Portimonense,1.0,0.0,H,U,1.16,7.65,17.34,H,12.0,0.0,12.0,2.0,8,4.0,1.0,0.0,3.0,17.0,2.0,15.0,3.0,7.0,-4.0,14.0,-5.0,19.0,4.0,0.0,4.0,0.0,1.0,-1.0,100.0,0.0,50.0,50.0,37.0,18.0,34.0,17.0
2023-01-05,2022,Santa Clara,Sp Braga,0.0,4.0,A,O,4.98,3.79,1.68,A,0.0,13.0,1.0,6.0,8,1.0,3.0,1.0,1.0,6.0,6.0,0.0,5.0,5.0,0.0,1.0,1.0,0.0,1.0,1.0,0.0,0.0,1.0,-1.0,28.6,28.6,85.7,14.3,22.0,23.0,19.0,28.0
2022-12-30,2022,Vizela,Guimaraes,3.0,0.0,H,O,2.25,3.27,3.25,H,4.0,3.0,1.0,5.0,7,1.0,1.0,3.0,2.0,1.0,3.0,-2.0,3.0,6.0,-3.0,-2.0,-3.0,1.0,0.0,0.0,0.0,0.0,1.0,-1.0,16.7,66.7,33.3,50.0,22.0,10.0,37.0,12.0
2022-12-30,2022,Sp Braga,Benfica,3.0,0.0,H,O,4.6,3.83,1.72,H,6.0,3.0,4.0,8.0,7,2.0,3.0,2.0,0.0,3.0,7.0,-4.0,2.0,1.0,1.0,1.0,6.0,-5.0,1.0,1.0,0.0,0.0,0.0,0.0,50.0,33.3,83.3,0.0,25.0,19.0,33.0,26.0
2022-12-30,2022,Chaves,Famalicao,0.0,2.0,A,U,2.49,3.15,2.94,A,3.0,6.0,5.0,3.0,7,1.0,0.0,0.0,3.0,5.0,3.0,2.0,3.0,8.0,-5.0,2.0,-5.0,7.0,1.0,0.0,1.0,0.0,1.0,-1.0,16.7,16.7,0.0,71.4,22.0,13.0,21.0,22.0
2022-12-29,2022,Sp Lisbon,Pacos Ferreira,3.0,0.0,H,O,1.14,8.08,20.17,H,5.0,1.0,4.0,3.0,7,4.0,0.0,0.0,3.0,13.0,2.0,11.0,2.0,8.0,-6.0,11.0,-6.0,17.0,4.0,0.0,4.0,0.0,1.0,-1.0,83.3,16.7,0.0,83.3,30.0,9.0,29.0,23.0
2022-12-29,2022,Gil Vicente,Santa Clara,1.0,0.0,H,U,2.17,3.25,3.45,H,5.0,1.0,4.0,9.0,8,0.0,1.0,3.0,2.0,3.0,1.0,2.0,6.0,2.0,4.0,-3.0,-1.0,-2.0,0.0,0.0,0.0,0.0,0.0,0.0,14.3,57.1,16.7,66.7,19.0,9.0,23.0,21.0
2022-12-28,2022,Porto,Arouca,5.0,1.0,H,O,1.13,8.18,20.31,H,11.0,2.0,5.0,3.0,7,3.0,1.0,1.0,0.0,11.0,3.0,8.0,2.0,2.0,0.0,9.0,1.0,8.0,3.0,0.0,3.0,0.0,0.0,0.0,83.3,16.7,33.3,16.7,25.0,12.0,23.0,14.0
2022-12-28,2022,Portimonense,Casa Pia,1.0,2.0,A,O,2.35,3.19,3.14,D,2.0,7.0,1.0,11.0,8,1.0,3.0,2.0,1.0,3.0,7.0,-4.0,5.0,6.0,-1.0,-2.0,1.0,-3.0,0.0,0.0,0.0,1.0,1.0,0.0,42.9,42.9,66.7,16.7,21.0,13.0,23.0,9.0
2022-12-23,2022,Rio Ave,Maritimo,1.0,1.0,D,U,2.0,3.36,3.88,D,5.0,1.0,5.0,5.0,7,3.0,1.0,1.0,2.0,5.0,2.0,3.0,3.0,7.0,-4.0,2.0,-5.0,7.0,0.0,0.0,0.0,0.0,1.0,-1.0,66.7,33.3,14.3,71.4,13.0,14.0,15.0,26.0
2022-11-14,2022,Santa Clara,Estoril,3.0,1.0,H,O,2.32,3.15,3.2,H,9.0,1.0,6.0,7.0,7,1.0,2.0,1.0,0.0,5.0,4.0,1.0,5.0,2.0,3.0,0.0,2.0,-2.0,0.0,0.0,0.0,0.0,0.0,0.0,16.7,33.3,50.0,16.7,17.0,13.0,15.0,20.0
2022-11-13,2022,Portimonense,Sp Braga,1.0,2.0,A,O,4.83,3.92,1.67,H,5.0,10.0,2.0,8.0,7,2.0,3.0,1.0,1.0,3.0,7.0,-4.0,3.0,6.0,-3.0,0.0,1.0,-1.0,0.0,1.0,-1.0,1.0,1.0,0.0,50.0,33.3,83.3,16.7,17.0,24.0,28.0,28.0
2022-11-13,2022,Pacos Ferreira,Vizela,0.0,2.0,A,U,3.1,3.21,2.36,D,5.0,9.0,9.0,7.0,7,0.0,1.0,3.0,2.0,3.0,4.0,-1.0,6.0,6.0,0.0,-3.0,-2.0,-1.0,0.0,0.0,0.0,0.0,1.0,-1.0,0.0,83.3,33.3,33.3,22.0,18.0,30.0,10.0
2022-11-13,2022,Guimaraes,Maritimo,1.0,0.0,H,U,1.7,3.66,5.03,D,4.0,3.0,1.0,6.0,7,3.0,1.0,0.0,2.0,7.0,3.0,4.0,4.0,8.0,-4.0,3.0,-5.0,8.0,0.0,0.0,0.0,0.0,1.0,-1.0,66.7,16.7,16.7,66.7,19.0,16.0,21.0,23.0
2022-11-13,2022,Famalicao,Sp Lisbon,1.0,2.0,A,O,5.19,3.83,1.65,A,2.0,8.0,3.0,5.0,6,3.0,2.0,1.0,2.0,7.0,5.0,2.0,2.0,4.0,-2.0,5.0,1.0,4.0,1.0,1.0,0.0,0.0,0.0,0.0,60.0,40.0,33.3,50.0,12.0,17.0,11.0,32.0
2022-11-13,2022,Casa Pia,Chaves,1.0,2.0,A,O,2.06,3.32,3.68,H,4.0,4.0,2.0,0.0,7,2.0,1.0,1.0,3.0,2.0,1.0,1.0,1.0,9.0,-8.0,1.0,-8.0,9.0,0.0,0.0,0.0,0.0,2.0,-2.0,50.0,33.3,50.0,50.0,14.0,8.0,28.0,13.0
2022-11-13,2022,Benfica,Gil Vicente,3.0,1.0,H,O,1.13,8.49,18.66,H,6.0,2.0,6.0,0.0,7,4.0,1.0,0.0,2.0,16.0,6.0,10.0,3.0,9.0,-6.0,13.0,-3.0,16.0,3.0,0.0,3.0,0.0,2.0,-2.0,100.0,0.0,20.0,60.0,37.0,16.0,43.0,21.0
2022-11-12,2022,Boavista,Porto,1.0,4.0,A,O,9.1,4.82,1.35,A,0.0,9.0,5.0,4.0,7,2.0,2.0,0.0,0.0,6.0,6.0,0.0,4.0,2.0,2.0,2.0,4.0,-2.0,0.0,2.0,-2.0,0.0,0.0,0.0,50.0,16.7,50.0,16.7,15.0,19.0,23.0,26.0
2022-11-12,2022,Arouca,Rio Ave,0.0,1.0,A,U,2.29,3.2,3.23,D,0.0,5.0,10.0,4.0,7,2.0,0.0,1.0,2.0,8.0,5.0,3.0,5.0,8.0,-3.0,3.0,-3.0,6.0,1.0,0.0,1.0,0.0,1.0,-1.0,50.0,33.3,0.0,50.0,19.0,11.0,12.0,22.0
2022-11-07,2022,Chaves,Santa Clara,0.0,0.0,D,U,2.35,3.1,3.18,D,4.0,2.0,4.0,6.0,6,1.0,1.0,0.0,3.0,6.0,1.0,5.0,4.0,3.0,1.0,2.0,-2.0,4.0,1.0,0.0,1.0,0.0,0.0,0.0,20.0,20.0,20.0,80.0,21.0,9.0,22.0,19.0
2022-11-06,2022,Sp Braga,Casa Pia,0.0,1.0,A,U,1.41,4.7,7.38,A,8.0,3.0,7.0,1.0,6,3.0,3.0,1.0,1.0,8.0,7.0,1.0,1.0,6.0,-5.0,7.0,1.0,6.0,2.0,0.0,2.0,0.0,1.0,-1.0,60.0,20.0,60.0,20.0,26.0,12.0,31.0,9.0
2022-11-06,2022,Rio Ave,Boavista,1.0,0.0,H,U,2.42,3.13,3.04,D,1.0,1.0,4.0,4.0,6,3.0,1.0,1.0,3.0,7.0,4.0,3.0,4.0,10.0,-6.0,3.0,-6.0,9.0,1.0,0.0,1.0,0.0,2.0,-2.0,60.0,40.0,40.0,60.0,16.0,11.0,13.0,13.0
2022-11-06,2022,Maritimo,Famalicao,0.0,0.0,D,U,2.77,3.16,2.6,D,3.0,3.0,7.0,6.0,6,0.0,0.0,3.0,4.0,3.0,3.0,0.0,6.0,9.0,-3.0,-3.0,-6.0,3.0,0.0,0.0,0.0,0.0,1.0,-1.0,0.0,80.0,0.0,83.3,15.0,11.0,33.0,21.0
2022-11-06,2022,Estoril,Benfica,1.0,5.0,A,O,9.54,5.57,1.29,A,3.0,7.0,2.0,11.0,6,0.0,3.0,2.0,0.0,3.0,5.0,-2.0,7.0,0.0,7.0,-4.0,5.0,-9.0,0.0,1.0,-1.0,2.0,0.0,2.0,20.0,40.0,80.0,0.0,10.0,18.0,12.0,23.0
2022-11-05,2022,Vizela,Arouca,0.0,1.0,A,U,1.95,3.29,4.14,A,6.0,2.0,11.0,2.0,6,1.0,1.0,2.0,0.0,3.0,4.0,-1.0,4.0,3.0,1.0,-1.0,1.0,-2.0,0.0,0.0,0.0,0.0,0.0,0.0,20.0,60.0,20.0,20.0,25.0,14.0,31.0,14.0
2022-11-05,2022,Sp Lisbon,Guimaraes,3.0,0.0,H,O,1.33,5.11,9.0,H,6.0,0.0,11.0,3.0,6,3.0,1.0,1.0,2.0,10.0,4.0,6.0,4.0,5.0,-1.0,6.0,-1.0,7.0,3.0,0.0,3.0,1.0,0.0,1.0,80.0,20.0,40.0,40.0,34.0,16.0,31.0,20.0
2022-11-05,2022,Porto,Pacos Ferreira,4.0,0.0,H,O,1.12,8.59,21.13,H,7.0,3.0,4.0,6.0,6,3.0,0.0,1.0,3.0,10.0,4.0,6.0,2.0,7.0,-5.0,8.0,-3.0,11.0,3.0,0.0,3.0,0.0,0.0,0.0,80.0,20.0,0.0,80.0,23.0,8.0,22.0,20.0
2022-11-04,2022,Gil Vicente,Portimonense,1.0,2.0,A,O,2.26,3.39,3.11,D,6.0,7.0,4.0,3.0,7,0.0,1.0,3.0,3.0,2.0,1.0,1.0,6.0,6.0,0.0,-4.0,-5.0,1.0,0.0,0.0,0.0,1.0,1.0,0.0,16.7,50.0,40.0,60.0,15.0,17.0,25.0,21.0
2022-10-31,2022,Guimaraes,Famalicao,3.0,2.0,H,O,2.02,3.26,3.78,H,6.0,4.0,1.0,7.0,6,2.0,0.0,1.0,3.0,4.0,1.0,3.0,3.0,6.0,-3.0,1.0,-5.0,6.0,0.0,0.0,0.0,0.0,1.0,-1.0,60.0,20.0,0.0,80.0,15.0,9.0,29.0,18.0
2022-10-30,2022,Portimonense,Estoril,1.0,1.0,D,U,2.34,3.17,3.09,A,7.0,5.0,11.0,7.0,6,3.0,3.0,1.0,0.0,4.0,6.0,-2.0,3.0,1.0,2.0,1.0,5.0,-4.0,0.0,1.0,-1.0,1.0,0.0,1.0,60.0,40.0,60.0,20.0,15.0,15.0,23.0,18.0
2022-10-30,2022,Gil Vicente,Sp Braga,0.0,1.0,A,U,4.4,3.73,1.75,D,3.0,6.0,5.0,8.0,6,0.0,3.0,2.0,1.0,2.0,12.0,-10.0,5.0,6.0,-1.0,-3.0,6.0,-9.0,0.0,2.0,-2.0,1.0,1.0,0.0,20.0,40.0,80.0,20.0,17.0,28.0,28.0,24.0
2022-10-30,2022,Casa Pia,Rio Ave,1.0,0.0,H,U,2.03,3.25,3.76,D,2.0,0.0,3.0,4.0,6,2.0,0.0,1.0,1.0,3.0,7.0,-4.0,1.0,9.0,-8.0,2.0,-2.0,4.0,1.0,0.0,1.0,0.0,1.0,-1.0,40.0,40.0,0.0,40.0,16.0,18.0,27.0,23.0
2022-10-30,2022,Boavista,Vizela,2.0,2.0,D,O,2.49,3.2,2.85,A,4.0,5.0,6.0,1.0,6,2.0,1.0,1.0,2.0,4.0,3.0,1.0,5.0,5.0,0.0,-1.0,-2.0,1.0,0.0,0.0,0.0,1.0,1.0,0.0,60.0,20.0,40.0,40.0,11.0,17.0,24.0,13.0
2022-10-29,2022,Santa Clara,Porto,1.0,1.0,D,U,7.76,4.51,1.39,A,5.0,4.0,5.0,6.0,6,1.0,2.0,2.0,1.0,5.0,6.0,-1.0,6.0,4.0,2.0,-1.0,2.0,-3.0,0.0,2.0,-2.0,0.0,1.0,-1.0,20.0,40.0,60.0,20.0,15.0,25.0,14.0,27.0
2022-10-29,2022,Benfica,Chaves,5.0,0.0,H,O,1.17,7.04,14.88,H,9.0,2.0,13.0,2.0,6,4.0,2.0,0.0,2.0,14.0,3.0,11.0,5.0,4.0,1.0,9.0,-1.0,10.0,2.0,1.0,1.0,0.0,1.0,-1.0,100.0,0.0,60.0,40.0,34.0,11.0,43.0,14.0
2022-10-29,2022,Arouca,Sp Lisbon,1.0,0.0,H,U,6.92,4.3,1.45,D,5.0,7.0,4.0,11.0,6,1.0,2.0,2.0,2.0,7.0,5.0,2.0,11.0,6.0,5.0,-4.0,-1.0,-3.0,1.0,1.0,0.0,1.0,1.0,0.0,40.0,40.0,40.0,40.0,18.0,14.0,13.0,25.0
2022-10-28,2022,Pacos Ferreira,Maritimo,0.0,1.0,A,U,2.28,3.18,3.23,A,4.0,7.0,6.0,10.0,6,0.0,0.0,3.0,3.0,3.0,2.0,1.0,8.0,13.0,-5.0,-5.0,-11.0,6.0,0.0,0.0,0.0,1.0,2.0,-1.0,0.0,80.0,0.0,80.0,22.0,10.0,28.0,18.0
2022-10-24,2022,Rio Ave,Portimonense,1.0,0.0,H,U,2.56,3.1,2.86,H,4.0,3.0,3.0,2.0,5,2.0,2.0,2.0,2.0,6.0,4.0,2.0,5.0,5.0,0.0,1.0,-1.0,2.0,1.0,1.0,0.0,0.0,1.0,-1.0,50.0,50.0,50.0,50.0,12.0,17.0,16.0,26.0
2022-10-23,2022,Vizela,Santa Clara,0.0,1.0,A,U,1.99,3.29,3.91,D,3.0,2.0,5.0,2.0,5,1.0,0.0,2.0,4.0,3.0,1.0,2.0,4.0,5.0,-1.0,-1.0,-4.0,3.0,0.0,0.0,0.0,0.0,0.0,0.0,25.0,50.0,0.0,100.0,23.0,8.0,27.0,23.0
2022-10-23,2022,Maritimo,Arouca,1.0,1.0,D,U,2.59,3.2,2.75,D,4.0,5.0,5.0,5.0,5,0.0,1.0,4.0,1.0,3.0,3.0,0.0,7.0,6.0,1.0,-4.0,-3.0,-1.0,0.0,0.0,0.0,0.0,1.0,-1.0,0.0,100.0,25.0,25.0,17.0,11.0,31.0,10.0
2022-10-23,2022,Guimaraes,Boavista,3.0,2.0,H,O,2.07,3.21,3.77,D,9.0,2.0,9.0,1.0,5,2.0,2.0,1.0,2.0,2.0,3.0,-1.0,1.0,7.0,-6.0,1.0,-4.0,5.0,0.0,0.0,0.0,0.0,2.0,-2.0,50.0,25.0,50.0,50.0,9.0,14.0,25.0,13.0
2022-10-23,2022,Chaves,Gil Vicente,3.0,1.0,H,O,2.55,3.34,2.71,A,9.0,3.0,5.0,1.0,5,0.0,1.0,1.0,2.0,3.0,5.0,-2.0,4.0,7.0,-3.0,-1.0,-2.0,1.0,0.0,0.0,0.0,0.0,1.0,-1.0,0.0,25.0,25.0,50.0,14.0,15.0,19.0,24.0
2022-10-22,2022,Sp Lisbon,Casa Pia,3.0,1.0,H,O,1.29,5.29,10.22,A,10.0,3.0,7.0,3.0,5,3.0,3.0,1.0,0.0,10.0,6.0,4.0,3.0,3.0,0.0,7.0,3.0,4.0,3.0,0.0,3.0,1.0,0.0,1.0,75.0,25.0,75.0,0.0,30.0,12.0,31.0,12.0
2022-10-22,2022,Famalicao,Pacos Ferreira,2.0,1.0,H,O,1.71,3.57,5.11,D,2.0,1.0,3.0,8.0,5,2.0,0.0,2.0,3.0,5.0,3.0,2.0,4.0,6.0,-2.0,1.0,-3.0,4.0,1.0,0.0,1.0,1.0,0.0,1.0,50.0,50.0,0.0,75.0,15.0,12.0,15.0,18.0
2022-10-22,2022,Estoril,Sp Braga,0.0,2.0,A,U,4.66,3.87,1.7,A,2.0,7.0,5.0,7.0,5,1.0,3.0,1.0,1.0,5.0,13.0,-8.0,5.0,6.0,-1.0,0.0,7.0,-7.0,1.0,2.0,-1.0,1.0,1.0,0.0,25.0,25.0,75.0,25.0,13.0,30.0,8.0,24.0
2022-10-21,2022,Porto,Benfica,0.0,1.0,A,U,2.37,3.24,3.08,D,4.0,4.0,4.0,4.0,5,4.0,3.0,0.0,0.0,15.0,5.0,10.0,2.0,0.0,2.0,13.0,5.0,8.0,4.0,1.0,3.0,0.0,0.0,0.0,100.0,0.0,75.0,0.0,26.0,18.0,22.0,28.0
2022-10-10,2022,Arouca,Famalicao,4.0,1.0,H,O,2.73,3.18,2.62,D,7.0,5.0,3.0,5.0,5,1.0,0.0,2.0,3.0,4.0,0.0,4.0,10.0,4.0,6.0,-6.0,-4.0,-2.0,0.0,0.0,0.0,1.0,1.0,0.0,25.0,50.0,0.0,75.0,15.0,9.0,14.0,15.0
2022-10-09,2022,Sp Braga,Chaves,0.0,1.0,A,U,1.29,5.6,9.6,A,5.0,1.0,13.0,1.0,5,3.0,2.0,0.0,2.0,11.0,4.0,7.0,3.0,5.0,-2.0,8.0,-1.0,9.0,2.0,1.0,1.0,0.0,1.0,-1.0,75.0,0.0,50.0,50.0,28.0,18.0,21.0,19.0
2022-10-09,2022,Casa Pia,Vizela,0.0,1.0,A,U,2.39,3.1,3.13,D,5.0,5.0,8.0,1.0,5,2.0,1.0,1.0,2.0,3.0,3.0,0.0,1.0,5.0,-4.0,2.0,-2.0,4.0,1.0,0.0,1.0,0.0,1.0,-1.0,50.0,25.0,25.0,50.0,13.0,19.0,23.0,19.0
2022-10-09,2022,Boavista,Maritimo,1.0,1.0,D,U,1.94,3.41,3.97,H,5.0,3.0,8.0,8.0,5,3.0,0.0,1.0,4.0,5.0,2.0,3.0,5.0,17.0,-12.0,0.0,-15.0,15.0,0.0,0.0,0.0,1.0,3.0,-2.0,75.0,25.0,0.0,100.0,11.0,10.0,24.0,14.0
2022-10-08,2022,Santa Clara,Sp Lisbon,1.0,2.0,A,O,6.28,4.16,1.51,A,6.0,3.0,3.0,5.0,5,1.0,1.0,1.0,2.0,4.0,6.0,-2.0,4.0,8.0,-4.0,0.0,-2.0,2.0,0.0,1.0,-1.0,0.0,1.0,-1.0,25.0,25.0,25.0,50.0,12.0,15.0,18.0,23.0
2022-10-08,2022,Portimonense,Porto,0.0,2.0,A,U,7.16,4.55,1.43,A,3.0,7.0,1.0,5.0,5,3.0,2.0,1.0,1.0,4.0,5.0,-1.0,2.0,4.0,-2.0,2.0,1.0,1.0,0.0,1.0,-1.0,0.0,1.0,-1.0,75.0,25.0,50.0,25.0,20.0,22.0,29.0,32.0
2022-10-08,2022,Pacos Ferreira,Guimaraes,0.0,1.0,A,U,3.13,3.21,2.33,A,7.0,2.0,14.0,3.0,5,0.0,1.0,3.0,2.0,3.0,4.0,-1.0,10.0,5.0,5.0,-7.0,-1.0,-6.0,0.0,0.0,0.0,2.0,0.0,2.0,0.0,75.0,25.0,50.0,19.0,20.0,16.0,22.0
2022-10-08,2022,Benfica,Rio Ave,4.0,2.0,H,O,1.15,7.6,16.49,H,10.0,3.0,8.0,3.0,5,4.0,0.0,0.0,1.0,14.0,5.0,9.0,3.0,8.0,-5.0,11.0,-3.0,14.0,2.0,0.0,2.0,0.0,1.0,-1.0,100.0,0.0,0.0,25.0,30.0,16.0,41.0,21.0
2022-10-07,2022,Gil Vicente,Estoril,0.0,1.0,A,U,2.17,3.39,3.29,D,3.0,3.0,7.0,3.0,5,1.0,2.0,1.0,1.0,3.0,5.0,-2.0,4.0,2.0,2.0,-1.0,3.0,-4.0,0.0,1.0,-1.0,1.0,0.0,1.0,25.0,25.0,50.0,25.0,21.0,16.0,29.0,22.0
2022-10-03,2022,Maritimo,Casa Pia,1.0,2.0,A,O,2.86,3.17,2.52,D,3.0,2.0,10.0,3.0,4,,,,,,,,,,,,,,,,,,,,0.0,100.0,66.7,0.0,,,,
2022-10-02,2022,Rio Ave,Santa Clara,1.0,0.0,H,U,2.52,3.16,2.88,H,3.0,1.0,1.0,8.0,4,,,,,,,,,,,,,,,,,,,,33.3,66.7,0.0,100.0,,,,
2022-10-02,2022,Pacos Ferreira,Arouca,1.0,1.0,D,U,2.28,3.18,3.26,D,3.0,4.0,3.0,5.0,4,,,,,,,,,,,,,,,,,,,,0.0,100.0,33.3,33.3,,,,
2022-10-02,2022,Famalicao,Boavista,4.0,0.0,H,O,2.25,3.18,3.34,H,4.0,1.0,1.0,5.0,4,,,,,,,,,,,,,,,,,,,,33.3,66.7,66.7,33.3,,,,
2022-10-01,2022,Vizela,Portimonense,1.0,0.0,H,U,2.18,3.29,3.36,H,6.0,7.0,5.0,9.0,4,,,,,,,,,,,,,,,,,,,,0.0,66.7,66.7,33.3,,,,
2022-10-01,2022,Guimaraes,Benfica,0.0,0.0,D,U,7.89,4.92,1.37,D,1.0,1.0,5.0,6.0,4,,,,,,,,,,,,,,,,,,,,66.7,33.3,100.0,0.0,,,,
2022-10-01,2022,Chaves,Estoril,1.0,1.0,D,U,2.29,3.24,3.19,H,3.0,3.0,4.0,8.0,4,,,,,,,,,,,,,,,,,,,,0.0,33.3,66.7,33.3,,,,
2022-09-30,2022,Sp Lisbon,Gil Vicente,3.0,1.0,H,O,1.3,5.45,9.71,H,7.0,4.0,3.0,2.0,4,,,,,,,,,,,,,,,,,,,,66.7,33.3,33.3,33.3,,,,
2022-09-30,2022,Porto,Sp Braga,4.0,1.0,H,O,1.78,3.78,4.26,H,7.0,0.0,6.0,5.0,4,,,,,,,,,,,,,,,,,,,,100.0,0.0,100.0,0.0,,,,
2022-09-18,2022,Sp Braga,Vizela,2.0,0.0,H,U,1.32,5.27,8.83,D,10.0,6.0,8.0,4.0,4,,,,,,,,,,,,,,,,,,,,66.7,0.0,33.3,33.3,,,,
2022-09-18,2022,Casa Pia,Famalicao,1.0,0.0,H,U,2.38,3.03,3.24,D,6.0,1.0,8.0,4.0,4,,,,,,,,,,,,,,,,,,,,33.3,33.3,0.0,66.7,,,,
2022-09-18,2022,Benfica,Maritimo,5.0,0.0,H,O,1.11,9.1,20.3,H,12.0,1.0,7.0,2.0,4,,,,,,,,,,,,,,,,,,,,100.0,0.0,0.0,100.0,,,,
2022-09-18,2022,Arouca,Guimaraes,2.0,2.0,D,O,3.0,3.23,2.4,H,6.0,5.0,3.0,6.0,4,,,,,,,,,,,,,,,,,,,,33.3,66.7,33.3,66.7,,,,
2022-09-17,2022,Santa Clara,Pacos Ferreira,1.0,1.0,D,U,2.03,3.25,3.9,H,2.0,4.0,5.0,8.0,4,,,,,,,,,,,,,,,,,,,,33.3,33.3,0.0,100.0,,,,
2022-09-17,2022,Gil Vicente,Rio Ave,2.0,2.0,D,O,2.01,3.36,3.79,A,7.0,5.0,7.0,4.0,4,,,,,,,,,,,,,,,,,,,,33.3,33.3,0.0,33.3,,,,
2022-09-17,2022,Estoril,Porto,1.0,1.0,D,U,10.38,5.23,1.3,H,4.0,4.0,4.0,11.0,4,,,,,,,,,,,,,,,,,,,,33.3,33.3,66.7,33.3,,,,
2022-09-17,2022,Boavista,Sp Lisbon,2.0,1.0,H,O,6.93,4.28,1.47,H,3.0,3.0,4.0,9.0,4,,,,,,,,,,,,,,,,,,,,66.7,33.3,33.3,33.3,,,,
2022-09-16,2022,Portimonense,Chaves,1.0,0.0,H,U,2.17,3.2,3.51,H,6.0,4.0,9.0,7.0,4,,,,,,,,,,,,,,,,,,,,66.7,33.3,66.7,33.3,,,,
2022-09-12,2022,Vizela,Estoril,0.0,1.0,A,U,2.26,3.21,3.26,A,7.0,2.0,16.0,2.0,3,,,,,,,,,,,,,,,,,,,,0.0,50.0,50.0,50.0,,,,
2022-09-11,2022,Rio Ave,Sp Braga,2.0,3.0,A,O,5.39,3.94,1.61,A,5.0,11.0,7.0,8.0,3,,,,,,,,,,,,,,,,,,,,50.0,50.0,100.0,0.0,,,,
2022-09-11,2022,Pacos Ferreira,Casa Pia,2.0,3.0,A,O,2.83,3.06,2.64,H,8.0,5.0,7.0,2.0,3,,,,,,,,,,,,,,,,,,,,0.0,100.0,50.0,0.0,,,,
2022-09-11,2022,Maritimo,Gil Vicente,1.0,2.0,A,O,2.8,3.13,2.61,H,4.0,5.0,10.0,8.0,3,,,,,,,,,,,,,,,,,,,,0.0,100.0,0.0,50.0,,,,
2022-09-11,2022,Arouca,Boavista,1.0,2.0,A,O,2.67,3.1,2.77,D,1.0,4.0,2.0,5.0,3,,,,,,,,,,,,,,,,,,,,50.0,50.0,50.0,50.0,,,,
2022-09-10,2022,Sp Lisbon,Portimonense,4.0,0.0,H,O,1.32,5.15,9.19,H,7.0,1.0,8.0,3.0,3,,,,,,,,,,,,,,,,,,,,50.0,50.0,100.0,0.0,,,,
2022-09-10,2022,Porto,Chaves,3.0,0.0,H,O,1.15,7.6,17.48,H,7.0,1.0,9.0,3.0,3,,,,,,,,,,,,,,,,,,,,100.0,0.0,100.0,0.0,,,,
2022-09-10,2022,Famalicao,Benfica,0.0,1.0,A,U,7.45,4.63,1.41,D,2.0,7.0,1.0,5.0,3,,,,,,,,,,,,,,,,,,,,50.0,50.0,100.0,0.0,,,,
2022-09-09,2022,Guimaraes,Santa Clara,1.0,0.0,H,U,1.98,3.28,4.02,D,3.0,4.0,6.0,5.0,3,,,,,,,,,,,,,,,,,,,,50.0,50.0,0.0,100.0,,,,
2022-09-05,2022,Chaves,Rio Ave,1.0,1.0,D,U,2.51,3.08,2.95,H,6.0,3.0,8.0,11.0,3,,,,,,,,,,,,,,,,,,,,0.0,50.0,0.0,50.0,,,,
2022-09-05,2022,Boavista,Pacos Ferreira,1.0,0.0,H,U,2.03,3.25,3.85,D,3.0,1.0,5.0,1.0,3,,,,,,,,,,,,,,,,,,,,50.0,50.0,0.0,100.0,,,,
2022-09-04,2022,Santa Clara,Maritimo,2.0,1.0,H,O,2.03,3.23,3.89,A,4.0,5.0,2.0,3.0,3,,,,,,,,,,,,,,,,,,,,0.0,50.0,0.0,100.0,,,,
2022-09-04,2022,Portimonense,Famalicao,1.0,0.0,H,U,2.31,3.17,3.22,D,1.0,1.0,7.0,5.0,3,,,,,,,,,,,,,,,,,,,,50.0,50.0,0.0,50.0,,,,
2022-09-04,2022,Casa Pia,Arouca,0.0,0.0,D,U,2.09,3.14,3.83,D,1.0,1.0,9.0,2.0,3,,,,,,,,,,,,,,,,,,,,50.0,50.0,50.0,50.0,,,,
2022-09-03,2022,Sp Braga,Guimaraes,1.0,0.0,H,U,1.38,4.87,7.74,D,2.0,3.0,5.0,0.0,3,,,,,,,,,,,,,,,,,,,,50.0,0.0,50.0,50.0,,,,
2022-09-03,2022,Gil Vicente,Porto,0.0,2.0,A,U,7.1,4.52,1.44,A,2.0,4.0,6.0,4.0,3,,,,,,,,,,,,,,,,,,,,50.0,0.0,50.0,50.0,,,,
2022-09-02,2022,Estoril,Sp Lisbon,0.0,2.0,A,U,6.63,4.41,1.47,A,0.0,4.0,2.0,7.0,3,,,,,,,,,,,,,,,,,,,,50.0,0.0,0.0,50.0,,,,
2022-09-02,2022,Benfica,Vizela,2.0,1.0,H,O,1.18,7.22,14.03,A,6.0,2.0,15.0,4.0,3,,,,,,,,,,,,,,,,,,,,100.0,0.0,50.0,0.0,,,,
2022-08-30,2022,Benfica,Pacos Ferreira,3.0,2.0,H,O,1.08,10.65,29.43,H,6.0,2.0,13.0,3.0,2,,,,,,,,,,,,,,,,,,,,100.0,0.0,0.0,100.0,,,,
2022-08-29,2022,Vizela,Gil Vicente,2.0,2.0,D,O,2.4,3.24,2.97,D,9.0,4.0,5.0,10.0,2,,,,,,,,,,,,,,,,,,,,0.0,100.0,0.0,100.0,,,,
2022-08-29,2022,Guimaraes,Casa Pia,0.0,1.0,A,U,2.01,3.33,3.78,A,2.0,2.0,9.0,1.0,2,,,,,,,,,,,,,,,,,,,,100.0,0.0,0.0,0.0,,,,
2022-08-28,2022,Rio Ave,Porto,3.0,1.0,H,O,10.03,5.44,1.29,H,4.0,10.0,2.0,7.0,2,,,,,,,,,,,,,,,,,,,,0.0,100.0,100.0,0.0,,,,
2022-08-28,2022,Famalicao,Santa Clara,1.0,0.0,H,U,2.17,3.32,3.35,H,4.0,2.0,6.0,4.0,2,,,,,,,,,,,,,,,,,,,,0.0,100.0,0.0,100.0,,,,
2022-08-28,2022,Arouca,Sp Braga,0.0,6.0,A,O,4.83,3.85,1.69,A,4.0,10.0,5.0,4.0,2,,,,,,,,,,,,,,,,,,,,100.0,0.0,100.0,0.0,,,,
2022-08-27,2022,Sp Lisbon,Chaves,0.0,2.0,A,U,1.19,6.71,15.0,D,10.0,5.0,13.0,3.0,2,,,,,,,,,,,,,,,,,,,,100.0,0.0,100.0,0.0,,,,
2022-08-27,2022,Maritimo,Portimonense,0.0,1.0,A,U,2.79,3.11,2.65,A,4.0,6.0,8.0,7.0,2,,,,,,,,,,,,,,,,,,,,0.0,100.0,100.0,0.0,,,,
2022-08-27,2022,Boavista,Benfica,0.0,3.0,A,O,8.49,4.73,1.37,A,0.0,6.0,7.0,8.0,2,,,,,,,,,,,,,,,,,,,,100.0,0.0,100.0,0.0,,,,
2022-08-26,2022,Pacos Ferreira,Estoril,0.0,3.0,A,O,2.62,3.07,2.84,A,4.0,7.0,4.0,5.0,2,,,,,,,,,,,,,,,,,,,,0.0,100.0,0.0,100.0,,,,
2022-08-22,2022,Gil Vicente,Famalicao,0.0,0.0,D,U,2.21,3.35,3.22,D,5.0,2.0,8.0,4.0,2,,,,,,,,,,,,,,,,,,,,100.0,0.0,0.0,100.0,,,,
2022-08-21,2022,Sp Braga,Maritimo,5.0,0.0,H,O,1.38,4.87,7.57,H,9.0,1.0,5.0,5.0,2,,,,,,,,,,,,,,,,,,,,0.0,0.0,0.0,100.0,,,,
2022-08-21,2022,Portimonense,Guimaraes,2.0,1.0,H,O,2.73,3.21,2.61,D,5.0,6.0,6.0,11.0,2,,,,,,,,,,,,,,,,,,,,0.0,100.0,100.0,0.0,,,,
2022-08-21,2022,Casa Pia,Boavista,2.0,0.0,H,U,2.46,3.07,3.06,D,4.0,4.0,2.0,2.0,2,,,,,,,,,,,,,,,,,,,,0.0,100.0,100.0,0.0,,,,
2022-08-20,2022,Santa Clara,Arouca,1.0,2.0,A,O,2.1,3.26,3.63,D,3.0,4.0,4.0,2.0,2,,,,,,,,,,,,,,,,,,,,0.0,0.0,0.0,100.0,,,,
2022-08-20,2022,Porto,Sp Lisbon,3.0,0.0,H,O,2.1,3.43,3.5,H,5.0,4.0,3.0,4.0,2,,,,,,,,,,,,,,,,,,,,100.0,0.0,0.0,0.0,,,,
2022-08-20,2022,Chaves,Vizela,1.0,1.0,D,U,2.28,3.22,3.23,D,3.0,4.0,5.0,4.0,2,,,,,,,,,,,,,,,,,,,,0.0,100.0,100.0,0.0,,,,
2022-08-19,2022,Estoril,Rio Ave,2.0,2.0,D,O,2.13,3.23,3.59,H,4.0,7.0,1.0,5.0,2,,,,,,,,,,,,,,,,,,,,100.0,0.0,0.0,100.0,,,,
2022-08-15,2022,Pacos Ferreira,Portimonense,0.0,3.0,A,O,2.37,3.19,3.07,A,4.0,3.0,2.0,7.0,1,,,,,,,,,,,,,,,,,,,,,,,,,,,
2022-08-15,2022,Maritimo,Chaves,1.0,2.0,A,O,2.32,3.25,3.1,H,6.0,8.0,3.0,6.0,1,,,,,,,,,,,,,,,,,,,,,,,,,,,
2022-08-15,2022,Arouca,Gil Vicente,1.0,0.0,H,U,2.63,3.28,2.66,H,4.0,2.0,4.0,4.0,1,,,,,,,,,,,,,,,,,,,,,,,,,,,
2022-08-14,2022,Vizela,Porto,0.0,1.0,A,U,10.63,5.52,1.28,D,1.0,4.0,1.0,10.0,1,,,,,,,,,,,,,,,,,,,,,,,,,,,
2022-08-14,2022,Guimaraes,Estoril,1.0,0.0,H,U,2.02,3.33,3.79,H,3.0,4.0,5.0,7.0,1,,,,,,,,,,,,,,,,,,,,,,,,,,,
2022-08-14,2022,Boavista,Santa Clara,2.0,1.0,H,O,2.52,3.1,2.94,A,5.0,1.0,8.0,6.0,1,,,,,,,,,,,,,,,,,,,,,,,,,,,
2022-08-13,2022,Sp Lisbon,Rio Ave,3.0,0.0,H,O,1.22,6.19,13.82,H,6.0,1.0,7.0,1.0,1,,,,,,,,,,,,,,,,,,,,,,,,,,,
2022-08-13,2022,Casa Pia,Benfica,0.0,1.0,A,U,12.96,5.96,1.23,D,2.0,4.0,4.0,9.0,1,,,,,,,,,,,,,,,,,,,,,,,,,,,
2022-08-12,2022,Famalicao,Sp Braga,0.0,3.0,A,O,3.56,3.53,2.02,A,5.0,9.0,7.0,7.0,1,,,,,,,,,,,,,,,,,,,,,,,,,,,
2022-08-08,2022,Gil Vicente,Pacos Ferreira,1.0,0.0,H,U,1.76,3.5,4.76,D,7.0,5.0,8.0,6.0,1,,,,,,,,,,,,,,,,,,,,,,,,,,,
2022-08-07,2022,Sp Braga,Sp Lisbon,3.0,3.0,D,O,3.6,3.47,2.01,D,7.0,4.0,3.0,3.0,1,,,,,,,,,,,,,,,,,,,,,,,,,,,
2022-08-07,2022,Santa Clara,Casa Pia,0.0,0.0,D,U,2.03,3.31,3.73,D,3.0,3.0,7.0,6.0,1,,,,,,,,,,,,,,,,,,,,,,,,,,,
2022-08-07,2022,Portimonense,Boavista,0.0,1.0,A,U,2.09,3.23,3.66,A,8.0,5.0,7.0,1.0,1,,,,,,,,,,,,,,,,,,,,,,,,,,,
2022-08-07,2022,Chaves,Guimaraes,0.0,1.0,A,U,2.8,3.26,2.48,A,2.0,6.0,2.0,5.0,1,,,,,,,,,,,,,,,,,,,,,,,,,,,
2022-08-06,2022,Rio Ave,Vizela,0.0,1.0,A,U,2.28,3.22,3.2,D,0.0,7.0,6.0,7.0,1,,,,,,,,,,,,,,,,,,,,,,,,,,,
2022-08-06,2022,Porto,Maritimo,5.0,1.0,H,O,1.19,6.76,14.21,H,7.0,3.0,4.0,4.0,1,,,,,,,,,,,,,,,,,,,,,,,,,,,
2022-08-06,2022,Estoril,Famalicao,2.0,0.0,H,U,2.55,3.23,2.78,H,5.0,5.0,1.0,2.0,1,,,,,,,,,,,,,,,,,,,,,,,,,,,
2022-08-05,2022,Benfica,Arouca,4.0,0.0,H,O,1.15,7.51,18.19,H,6.0,2.0,6.0,1.0,1,,,,,,,,,,,,,,,,,,,,,,,,,,,
2022-05-15,2021,Guimaraes,Gil Vicente,5.0,0.0,H,O,2.19,3.59,3.08,H,8.0,4.0,1.0,3.0,17,1.0,1.0,2.0,2.0,6.0,5.0,1.0,5.0,8.0,-3.0,1.0,-3.0,4.0,1.0,0.0,1.0,1.0,1.0,0.0,50.0,31.2,43.8,18.8,14.0,13.0,11.0,23.0
2022-05-15,2021,Famalicao,Sp Braga,3.0,2.0,H,O,2.98,3.64,2.23,A,11.0,6.0,6.0,4.0,17,1.0,3.0,1.0,0.0,6.0,4.0,2.0,5.0,1.0,4.0,1.0,3.0,-2.0,1.0,0.0,1.0,0.0,0.0,0.0,25.0,31.2,56.2,18.8,19.0,21.0,27.0,28.0
2022-05-14,2021,Tondela,Boavista,2.0,2.0,D,O,1.75,3.79,4.5,H,8.0,5.0,4.0,5.0,17,0.0,2.0,1.0,1.0,5.0,4.0,1.0,7.0,6.0,1.0,-2.0,-2.0,0.0,0.0,0.0,0.0,1.0,1.0,0.0,25.0,56.2,18.8,43.8,13.0,6.0,13.0,9.0
2022-05-14,2021,Sp Lisbon,Santa Clara,4.0,0.0,H,O,1.22,6.56,11.96,H,9.0,1.0,10.0,5.0,17,3.0,0.0,1.0,1.0,8.0,2.0,6.0,3.0,5.0,-2.0,5.0,-3.0,8.0,3.0,0.0,3.0,1.0,1.0,0.0,81.2,12.5,6.2,50.0,29.0,8.0,30.0,18.0
2022-05-14,2021,Porto,Estoril,2.0,0.0,H,U,1.17,7.38,15.77,D,5.0,1.0,12.0,6.0,17,4.0,0.0,0.0,3.0,18.0,2.0,16.0,2.0,7.0,-5.0,16.0,-5.0,21.0,4.0,0.0,4.0,0.0,2.0,-2.0,87.5,0.0,31.2,43.8,35.0,11.0,29.0,10.0
2022-05-14,2021,Moreirense,Vizela,4.0,1.0,H,O,1.69,3.81,4.88,H,6.0,2.0,4.0,7.0,17,1.0,1.0,3.0,2.0,3.0,5.0,-2.0,5.0,7.0,-2.0,-2.0,-2.0,0.0,1.0,0.0,1.0,1.0,1.0,0.0,25.0,56.2,18.8,50.0,11.0,13.0,17.0,19.0
2022-05-14,2021,Maritimo,Portimonense,0.0,1.0,A,U,2.22,3.5,3.11,D,6.0,4.0,4.0,2.0,17,1.0,0.0,3.0,4.0,5.0,0.0,5.0,5.0,12.0,-7.0,0.0,-12.0,12.0,1.0,0.0,1.0,1.0,3.0,-2.0,25.0,37.5,31.2,43.8,17.0,14.0,18.0,26.0
2022-05-14,2021,Arouca,Belenenses,0.0,0.0,D,U,2.36,3.31,3.0,D,7.0,3.0,8.0,4.0,17,2.0,0.0,1.0,1.0,4.0,4.0,0.0,3.0,6.0,-3.0,1.0,-2.0,3.0,0.0,0.0,0.0,0.0,1.0,-1.0,31.2,50.0,0.0,56.2,19.0,10.0,20.0,27.0
2022-05-13,2021,Pacos Ferreira,Benfica,0.0,2.0,A,U,5.16,4.4,1.57,A,4.0,8.0,6.0,4.0,17,2.0,3.0,1.0,1.0,7.0,7.0,0.0,6.0,4.0,2.0,1.0,3.0,-2.0,1.0,1.0,0.0,1.0,0.0,1.0,31.2,31.2,75.0,12.5,21.0,16.0,20.0,28.0
2022-05-09,2021,Belenenses,Famalicao,2.0,3.0,A,O,2.74,3.17,2.63,H,5.0,4.0,7.0,5.0,17,2.0,0.0,1.0,2.0,3.0,2.0,1.0,1.0,4.0,-3.0,2.0,-2.0,4.0,1.0,0.0,1.0,0.0,0.0,0.0,31.2,50.0,18.8,50.0,12.0,9.0,8.0,13.0
2022-05-08,2021,Vizela,Maritimo,1.0,1.0,D,U,2.07,3.42,3.5,D,3.0,3.0,2.0,8.0,17,1.0,1.0,1.0,1.0,4.0,4.0,0.0,4.0,5.0,-1.0,0.0,-1.0,1.0,0.0,0.0,0.0,0.0,1.0,-1.0,25.0,37.5,31.2,43.8,17.0,12.0,26.0,22.0
2022-05-08,2021,Sp Braga,Arouca,1.0,0.0,H,U,1.65,3.95,5.02,D,2.0,4.0,4.0,8.0,17,2.0,0.0,1.0,3.0,4.0,3.0,1.0,3.0,7.0,-4.0,1.0,-4.0,5.0,0.0,0.0,0.0,0.0,1.0,-1.0,56.2,18.8,12.5,50.0,18.0,13.0,13.0,9.0
2022-05-08,2021,Santa Clara,Pacos Ferreira,2.0,0.0,H,U,2.07,3.39,3.55,H,7.0,0.0,10.0,0.0,17,2.0,1.0,0.0,2.0,7.0,2.0,5.0,3.0,7.0,-4.0,4.0,-5.0,9.0,2.0,0.0,2.0,0.0,2.0,-2.0,43.8,18.8,25.0,43.8,14.0,6.0,21.0,17.0
2022-05-08,2021,Gil Vicente,Tondela,3.0,0.0,H,O,1.82,3.6,4.29,D,4.0,3.0,8.0,0.0,17,0.0,1.0,1.0,2.0,3.0,4.0,-1.0,4.0,8.0,-4.0,-1.0,-4.0,3.0,0.0,1.0,-1.0,0.0,2.0,-2.0,31.2,31.2,18.8,62.5,19.0,12.0,31.0,9.0
2022-05-07,2021,Portimonense,Sp Lisbon,2.0,3.0,A,O,8.09,4.86,1.37,H,3.0,8.0,1.0,8.0,17,2.0,4.0,2.0,0.0,4.0,11.0,-7.0,4.0,2.0,2.0,0.0,9.0,-9.0,0.0,4.0,-4.0,0.0,0.0,0.0,25.0,50.0,75.0,6.2,21.0,24.0,22.0,22.0
2022-05-07,2021,Estoril,Moreirense,1.0,0.0,H,U,2.59,3.29,2.72,D,2.0,5.0,2.0,8.0,17,1.0,1.0,1.0,2.0,5.0,4.0,1.0,4.0,5.0,-1.0,1.0,-1.0,2.0,1.0,0.0,1.0,0.0,0.0,0.0,18.8,31.2,12.5,56.2,17.0,22.0,22.0,14.0
2022-05-07,2021,Benfica,Porto,0.0,1.0,A,U,3.12,3.49,2.22,D,2.0,5.0,5.0,3.0,17,2.0,3.0,0.0,1.0,6.0,6.0,0.0,3.0,3.0,0.0,3.0,3.0,0.0,1.0,1.0,0.0,0.0,0.0,0.0,62.5,18.8,81.2,6.2,28.0,20.0,35.0,23.0
2022-05-06,2021,Boavista,Guimaraes,1.0,1.0,D,U,3.4,3.19,2.21,A,6.0,5.0,5.0,7.0,17,1.0,2.0,2.0,1.0,2.0,3.0,-1.0,5.0,4.0,1.0,-3.0,-1.0,-2.0,0.0,0.0,0.0,1.0,1.0,0.0,25.0,18.8,25.0,43.8,12.0,20.0,12.0,18.0
2022-05-02,2021,Pacos Ferreira,Tondela,1.0,1.0,D,U,2.24,3.28,3.21,A,5.0,3.0,7.0,0.0,16,3.0,1.0,1.0,3.0,8.0,4.0,4.0,6.0,9.0,-3.0,2.0,-5.0,7.0,1.0,1.0,0.0,1.0,2.0,-1.0,33.3,33.3,20.0,66.7,20.0,12.0,23.0,12.0
2022-05-01,2021,Sp Lisbon,Gil Vicente,4.0,1.0,H,O,1.33,5.07,9.13,H,13.0,1.0,13.0,2.0,16,3.0,1.0,1.0,1.0,7.0,5.0,2.0,2.0,5.0,-3.0,5.0,0.0,5.0,3.0,0.0,3.0,1.0,0.0,1.0,80.0,13.3,46.7,13.3,23.0,13.0,24.0,22.0
2022-05-01,2021,Moreirense,Boavista,1.0,2.0,A,O,2.24,3.19,3.35,A,2.0,2.0,5.0,3.0,16,1.0,2.0,3.0,1.0,2.0,5.0,-3.0,4.0,7.0,-3.0,-2.0,-2.0,0.0,1.0,0.0,1.0,1.0,1.0,0.0,26.7,53.3,13.3,46.7,14.0,8.0,20.0,7.0
2022-05-01,2021,Guimaraes,Santa Clara,1.0,1.0,D,U,1.98,3.43,3.77,H,1.0,1.0,4.0,3.0,16,2.0,0.0,2.0,1.0,7.0,1.0,6.0,5.0,4.0,1.0,2.0,-3.0,5.0,1.0,0.0,1.0,1.0,1.0,0.0,53.3,33.3,6.7,53.3,18.0,8.0,14.0,23.0
2022-04-30,2021,Porto,Vizela,4.0,2.0,H,O,1.13,8.28,19.36,H,8.0,2.0,8.0,2.0,16,3.0,1.0,0.0,2.0,15.0,4.0,11.0,1.0,6.0,-5.0,14.0,-2.0,16.0,3.0,0.0,3.0,0.0,1.0,-1.0,86.7,0.0,20.0,46.7,35.0,13.0,31.0,18.0
2022-04-30,2021,Maritimo,Benfica,0.0,1.0,A,U,6.12,4.3,1.51,A,5.0,4.0,5.0,6.0,16,1.0,2.0,2.0,1.0,6.0,8.0,-2.0,5.0,6.0,-1.0,1.0,2.0,-1.0,1.0,1.0,0.0,1.0,0.0,1.0,26.7,33.3,73.3,13.3,14.0,15.0,17.0,26.0
2022-04-30,2021,Belenenses,Sp Braga,0.0,1.0,A,U,4.76,3.77,1.71,D,1.0,9.0,2.0,6.0,16,2.0,2.0,1.0,0.0,3.0,4.0,-1.0,2.0,2.0,0.0,1.0,2.0,-1.0,1.0,0.0,1.0,1.0,0.0,1.0,33.3,46.7,53.3,20.0,12.0,17.0,16.0,23.0
2022-04-30,2021,Arouca,Portimonense,1.0,0.0,H,U,1.98,3.41,3.81,D,6.0,4.0,5.0,7.0,16,1.0,0.0,1.0,3.0,4.0,1.0,3.0,4.0,12.0,-8.0,0.0,-11.0,11.0,0.0,0.0,0.0,0.0,3.0,-3.0,26.7,53.3,33.3,40.0,17.0,11.0,22.0,21.0
2022-04-29,2021,Famalicao,Estoril,3.0,1.0,H,O,1.78,3.62,4.57,H,7.0,3.0,7.0,3.0,16,1.0,0.0,1.0,3.0,5.0,1.0,4.0,5.0,7.0,-2.0,0.0,-6.0,6.0,0.0,0.0,0.0,0.0,2.0,-2.0,20.0,33.3,33.3,40.0,15.0,8.0,27.0,8.0
2022-04-25,2021,Sp Braga,Porto,1.0,0.0,H,U,4.06,3.73,1.83,D,5.0,3.0,2.0,10.0,16,2.0,4.0,1.0,0.0,5.0,7.0,-2.0,4.0,2.0,2.0,1.0,5.0,-4.0,0.0,1.0,-1.0,0.0,0.0,0.0,53.3,20.0,86.7,0.0,18.0,22.0,14.0,22.0
2022-04-25,2021,Boavista,Sp Lisbon,0.0,3.0,A,O,7.62,4.36,1.42,A,1.0,5.0,2.0,3.0,16,1.0,3.0,1.0,0.0,4.0,9.0,-5.0,4.0,3.0,1.0,0.0,6.0,-6.0,0.0,3.0,-3.0,0.0,0.0,0.0,26.7,13.3,73.3,6.7,15.0,23.0,19.0,26.0
2022-04-24,2021,Tondela,Guimaraes,1.0,1.0,D,U,3.51,3.51,2.04,D,5.0,3.0,4.0,3.0,16,0.0,2.0,2.0,2.0,4.0,2.0,2.0,7.0,4.0,3.0,-3.0,-2.0,-1.0,0.0,0.0,0.0,1.0,1.0,0.0,26.7,60.0,26.7,46.7,10.0,19.0,12.0,18.0
2022-04-24,2021,Estoril,Belenenses,2.0,2.0,D,O,1.8,3.36,4.86,H,2.0,4.0,2.0,8.0,16,1.0,0.0,2.0,2.0,5.0,2.0,3.0,5.0,6.0,-1.0,0.0,-4.0,4.0,1.0,0.0,1.0,0.0,2.0,-2.0,20.0,33.3,0.0,60.0,17.0,7.0,25.0,22.0
2022-04-23,2021,Santa Clara,Maritimo,2.0,2.0,D,O,2.16,3.22,3.49,H,3.0,3.0,3.0,10.0,16,2.0,2.0,0.0,1.0,6.0,5.0,1.0,2.0,3.0,-1.0,4.0,2.0,2.0,2.0,1.0,1.0,0.0,1.0,-1.0,46.7,20.0,33.3,46.7,15.0,15.0,21.0,14.0
2022-04-23,2021,Portimonense,Moreirense,1.0,0.0,H,U,2.4,3.23,2.99,H,7.0,7.0,6.0,6.0,16,1.0,1.0,2.0,2.0,4.0,4.0,0.0,5.0,9.0,-4.0,-1.0,-5.0,4.0,0.0,0.0,0.0,0.0,1.0,-1.0,20.0,53.3,13.3,53.3,18.0,19.0,22.0,13.0
2022-04-23,2021,Gil Vicente,Pacos Ferreira,1.0,1.0,D,U,1.72,3.63,4.96,D,3.0,2.0,6.0,2.0,16,1.0,2.0,1.0,2.0,4.0,3.0,1.0,3.0,6.0,-3.0,1.0,-3.0,4.0,1.0,1.0,0.0,0.0,2.0,-2.0,33.3,33.3,26.7,46.7,21.0,11.0,31.0,21.0
2022-04-23,2021,Benfica,Famalicao,0.0,0.0,D,U,1.34,5.09,8.51,D,5.0,0.0,8.0,5.0,16,3.0,1.0,0.0,2.0,9.0,3.0,6.0,3.0,4.0,-1.0,6.0,-1.0,7.0,2.0,0.0,2.0,0.0,0.0,0.0,66.7,20.0,20.0,53.3,29.0,17.0,32.0,14.0
2022-04-22,2021,Vizela,Arouca,2.0,1.0,H,O,2.03,3.4,3.71,H,6.0,5.0,6.0,2.0,16,0.0,1.0,2.0,2.0,2.0,5.0,-3.0,4.0,6.0,-2.0,-2.0,-1.0,-1.0,0.0,1.0,-1.0,0.0,1.0,-1.0,20.0,40.0,13.3,46.7,14.0,15.0,32.0,16.0
2022-04-18,2021,Estoril,Sp Braga,0.0,0.0,D,U,3.71,3.34,2.02,D,6.0,2.0,7.0,5.0,15,2.0,3.0,2.0,0.0,6.0,5.0,1.0,5.0,2.0,3.0,1.0,3.0,-2.0,1.0,0.0,1.0,0.0,0.0,0.0,21.4,35.7,57.1,21.4,19.0,17.0,19.0,22.0
2022-04-17,2021,Sp Lisbon,Benfica,0.0,2.0,A,U,2.07,3.42,3.53,A,4.0,4.0,7.0,5.0,15,4.0,2.0,0.0,1.0,9.0,9.0,0.0,0.0,7.0,-7.0,9.0,2.0,7.0,4.0,1.0,3.0,0.0,0.0,0.0,85.7,7.1,71.4,14.3,23.0,19.0,21.0,30.0
2022-04-16,2021,Porto,Portimonense,7.0,0.0,H,O,1.13,7.99,19.07,H,12.0,2.0,9.0,1.0,15,2.0,0.0,0.0,2.0,10.0,2.0,8.0,3.0,6.0,-3.0,7.0,-4.0,11.0,2.0,0.0,2.0,0.0,2.0,-2.0,85.7,0.0,35.7,35.7,30.0,16.0,31.0,22.0
2022-04-16,2021,Moreirense,Tondela,2.0,0.0,H,U,2.06,3.34,3.61,H,3.0,1.0,4.0,1.0,15,0.0,1.0,4.0,3.0,0.0,4.0,-4.0,5.0,8.0,-3.0,-5.0,-4.0,-1.0,0.0,1.0,-1.0,1.0,1.0,0.0,21.4,57.1,21.4,64.3,12.0,14.0,18.0,13.0
2022-04-16,2021,Maritimo,Boavista,4.0,0.0,H,O,2.47,3.09,3.0,H,5.0,0.0,1.0,1.0,15,0.0,2.0,3.0,0.0,2.0,6.0,-4.0,6.0,4.0,2.0,-4.0,2.0,-6.0,0.0,0.0,0.0,1.0,0.0,1.0,21.4,35.7,14.3,42.9,11.0,11.0,21.0,12.0
2022-04-16,2021,Belenenses,Vizela,1.0,0.0,H,U,2.95,3.19,2.44,H,3.0,3.0,2.0,7.0,15,2.0,1.0,1.0,2.0,3.0,5.0,-2.0,2.0,7.0,-5.0,1.0,-2.0,3.0,1.0,0.0,1.0,1.0,1.0,0.0,28.6,50.0,21.4,42.9,13.0,12.0,19.0,16.0
2022-04-15,2021,Guimaraes,Pacos Ferreira,4.0,0.0,H,O,1.77,3.61,4.53,H,8.0,0.0,2.0,4.0,15,1.0,2.0,3.0,2.0,4.0,4.0,0.0,8.0,4.0,4.0,-4.0,0.0,-4.0,0.0,1.0,-1.0,2.0,1.0,1.0,50.0,35.7,28.6,42.9,15.0,14.0,16.0,25.0
2022-04-15,2021,Famalicao,Gil Vicente,2.0,2.0,D,O,2.37,3.24,3.03,H,3.0,5.0,3.0,7.0,15,2.0,2.0,1.0,1.0,8.0,4.0,4.0,3.0,3.0,0.0,5.0,1.0,4.0,1.0,0.0,1.0,0.0,0.0,0.0,21.4,35.7,50.0,14.3,21.0,11.0,28.0,17.0
2022-04-15,2021,Arouca,Santa Clara,1.0,1.0,D,U,2.44,3.09,3.05,D,7.0,2.0,7.0,7.0,15,1.0,0.0,2.0,2.0,3.0,1.0,2.0,6.0,5.0,1.0,-3.0,-4.0,1.0,0.0,0.0,0.0,1.0,1.0,0.0,28.6,57.1,7.1,57.1,14.0,10.0,24.0,18.0
2022-04-10,2021,Vizela,Sp Braga,0.0,1.0,A,U,3.87,3.53,1.93,A,2.0,4.0,2.0,8.0,15,1.0,2.0,1.0,1.0,5.0,5.0,0.0,5.0,4.0,1.0,0.0,1.0,-1.0,0.0,0.0,0.0,0.0,0.0,0.0,21.4,35.7,53.8,23.1,18.0,17.0,36.0,19.0
2022-04-10,2021,Santa Clara,Estoril,2.0,0.0,H,U,2.26,3.11,3.37,H,4.0,4.0,5.0,1.0,15,2.0,0.0,0.0,2.0,6.0,1.0,5.0,3.0,5.0,-2.0,3.0,-4.0,7.0,1.0,0.0,1.0,0.0,1.0,-1.0,42.9,21.4,35.7,35.7,14.0,4.0,18.0,9.0
2022-04-10,2021,Portimonense,Famalicao,1.0,0.0,H,U,2.95,3.16,2.47,H,6.0,2.0,7.0,2.0,15,0.0,1.0,3.0,2.0,4.0,3.0,1.0,7.0,5.0,2.0,-3.0,-2.0,-1.0,0.0,0.0,0.0,0.0,1.0,-1.0,14.3,57.1,21.4,50.0,18.0,20.0,21.0,16.0
2022-04-10,2021,Guimaraes,Porto,0.0,1.0,A,U,6.58,4.41,1.47,A,1.0,4.0,3.0,1.0,14,2.0,4.0,2.0,0.0,6.0,8.0,-2.0,8.0,2.0,6.0,-2.0,6.0,-8.0,0.0,2.0,-2.0,2.0,0.0,2.0,53.8,30.8,85.7,0.0,19.0,22.0,16.0,24.0
2022-04-09,2021,Tondela,Sp Lisbon,1.0,3.0,A,O,9.57,4.97,1.33,A,2.0,9.0,1.0,9.0,15,0.0,2.0,2.0,0.0,4.0,8.0,-4.0,7.0,4.0,3.0,-3.0,4.0,-7.0,0.0,2.0,-2.0,1.0,0.0,1.0,28.6,57.1,71.4,7.1,11.0,17.0,15.0,17.0
2022-04-09,2021,Pacos Ferreira,Maritimo,2.0,0.0,H,U,2.29,3.14,3.27,H,6.0,4.0,5.0,2.0,15,2.0,2.0,1.0,1.0,7.0,6.0,1.0,7.0,3.0,4.0,0.0,3.0,-3.0,0.0,1.0,-1.0,1.0,0.0,1.0,28.6,35.7,35.7,42.9,17.0,14.0,26.0,15.0
2022-04-09,2021,Boavista,Arouca,1.0,0.0,H,U,2.27,3.11,3.37,H,5.0,1.0,3.0,3.0,15,0.0,1.0,1.0,1.0,5.0,5.0,0.0,6.0,5.0,1.0,-1.0,0.0,-1.0,0.0,1.0,-1.0,0.0,1.0,-1.0,21.4,14.3,14.3,42.9,14.0,16.0,23.0,17.0
2022-04-09,2021,Benfica,Belenenses,3.0,1.0,H,O,1.16,7.18,16.6,D,8.0,2.0,11.0,6.0,15,3.0,0.0,0.0,2.0,8.0,2.0,6.0,3.0,7.0,-4.0,5.0,-5.0,10.0,1.0,0.0,1.0,0.0,2.0,-2.0,64.3,21.4,0.0,57.1,25.0,6.0,28.0,16.0
2022-04-08,2021,Gil Vicente,Moreirense,1.0,2.0,A,O,1.71,3.68,5.0,D,5.0,7.0,11.0,3.0,15,1.0,0.0,0.0,3.0,5.0,2.0,3.0,3.0,10.0,-7.0,2.0,-8.0,10.0,1.0,0.0,1.0,0.0,2.0,-2.0,35.7,28.6,7.1,57.1,19.0,13.0,21.0,12.0
2022-04-04,2021,Porto,Santa Clara,3.0,0.0,H,O,1.24,5.77,12.19,H,6.0,1.0,7.0,3.0,14,2.0,0.0,0.0,1.0,9.0,3.0,6.0,4.0,4.0,0.0,5.0,-1.0,6.0,1.0,0.0,1.0,0.0,0.0,0.0,84.6,0.0,7.7,53.8,29.0,13.0,25.0,24.0
2022-04-03,2021,Sp Lisbon,Pacos Ferreira,2.0,0.0,H,U,1.21,6.07,15.19,H,6.0,0.0,5.0,2.0,14,3.0,2.0,1.0,1.0,8.0,4.0,4.0,2.0,2.0,0.0,6.0,2.0,4.0,3.0,1.0,2.0,0.0,0.0,0.0,84.6,7.7,30.8,38.5,21.0,18.0,19.0,24.0
2022-04-03,2021,Moreirense,Guimaraes,0.0,1.0,A,U,2.93,3.27,2.43,D,3.0,4.0,5.0,3.0,14,1.0,1.0,3.0,3.0,4.0,3.0,1.0,5.0,7.0,-2.0,-1.0,-4.0,3.0,1.0,0.0,1.0,1.0,1.0,0.0,23.1,53.8,21.4,50.0,19.0,19.0,15.0,25.0
2022-04-03,2021,Maritimo,Tondela,1.0,3.0,A,O,2.06,3.39,3.58,D,3.0,6.0,9.0,4.0,14,0.0,1.0,2.0,3.0,1.0,3.0,-2.0,3.0,8.0,-5.0,-2.0,-5.0,3.0,0.0,0.0,0.0,0.0,1.0,-1.0,23.1,30.8,15.4,69.2,12.0,12.0,25.0,11.0
2022-04-02,2021,Famalicao,Boavista,1.0,2.0,A,O,2.09,3.18,3.78,A,6.0,3.0,11.0,1.0,14,2.0,1.0,0.0,1.0,7.0,5.0,2.0,1.0,5.0,-4.0,6.0,0.0,6.0,1.0,0.0,1.0,0.0,0.0,0.0,23.1,30.8,7.7,46.2,16.0,13.0,21.0,16.0
2022-04-02,2021,Estoril,Vizela,1.0,2.0,A,O,2.33,3.32,3.06,D,3.0,4.0,7.0,2.0,14,2.0,0.0,1.0,2.0,5.0,5.0,0.0,3.0,8.0,-5.0,2.0,-3.0,5.0,1.0,0.0,1.0,0.0,1.0,-1.0,23.1,30.8,15.4,46.2,22.0,12.0,15.0,19.0
2022-04-02,2021,Belenenses,Portimonense,2.0,0.0,H,U,3.35,3.02,2.34,H,6.0,4.0,1.0,8.0,14,1.0,0.0,2.0,1.0,2.0,3.0,-1.0,6.0,5.0,1.0,-4.0,-2.0,-2.0,0.0,0.0,0.0,2.0,1.0,1.0,23.1,53.8,38.5,30.8,9.0,20.0,19.0,21.0
2022-04-02,2021,Arouca,Gil Vicente,2.0,1.0,H,O,3.26,3.31,2.23,D,2.0,5.0,2.0,12.0,14,0.0,3.0,3.0,0.0,1.0,5.0,-4.0,7.0,2.0,5.0,-6.0,3.0,-9.0,0.0,0.0,0.0,2.0,0.0,2.0,23.1,61.5,53.8,7.7,13.0,12.0,25.0,8.0
2022-04-01,2021,Sp Braga,Benfica,3.0,2.0,H,O,2.93,3.37,2.4,H,5.0,4.0,2.0,9.0,15,2.0,3.0,1.0,0.0,4.0,9.0,-5.0,2.0,4.0,-2.0,2.0,5.0,-3.0,1.0,2.0,-1.0,0.0,0.0,0.0,50.0,21.4,76.9,7.7,18.0,21.0,21.0,23.0
2022-03-20,2021,Portimonense,Sp Braga,1.0,2.0,A,O,4.13,3.39,1.91,A,7.0,6.0,7.0,9.0,14,0.0,2.0,2.0,1.0,4.0,5.0,-1.0,6.0,4.0,2.0,-2.0,1.0,-3.0,0.0,0.0,0.0,0.0,0.0,0.0,15.4,53.8,50.0,25.0,15.0,14.0,20.0,14.0
2022-03-20,2021,Pacos Ferreira,Moreirense,2.0,1.0,H,O,2.28,3.2,3.24,H,6.0,5.0,7.0,3.0,14,1.0,0.0,1.0,2.0,6.0,2.0,4.0,7.0,9.0,-2.0,-1.0,-7.0,6.0,0.0,0.0,0.0,1.0,2.0,-1.0,23.1,38.5,7.7,53.8,14.0,10.0,26.0,10.0
2022-03-20,2021,Gil Vicente,Maritimo,1.0,1.0,D,U,1.8,3.51,4.52,D,8.0,3.0,8.0,6.0,14,2.0,3.0,0.0,1.0,5.0,6.0,-1.0,2.0,2.0,0.0,3.0,4.0,-1.0,1.0,1.0,0.0,0.0,0.0,0.0,38.5,30.8,38.5,46.2,17.0,14.0,25.0,13.0
2022-03-20,2021,Boavista,Porto,0.0,1.0,A,U,7.4,4.67,1.41,A,1.0,4.0,3.0,5.0,14,0.0,4.0,0.0,0.0,6.0,11.0,-5.0,6.0,3.0,3.0,0.0,8.0,-8.0,0.0,3.0,-3.0,0.0,0.0,0.0,23.1,7.7,84.6,0.0,18.0,27.0,28.0,27.0
2022-03-20,2021,Benfica,Estoril,2.0,1.0,H,O,1.33,5.14,8.87,H,6.0,3.0,7.0,4.0,14,2.0,0.0,1.0,2.0,7.0,1.0,6.0,4.0,6.0,-2.0,3.0,-5.0,8.0,1.0,0.0,1.0,0.0,2.0,-2.0,61.5,23.1,38.5,30.8,24.0,4.0,34.0,9.0
2022-03-19,2021,Tondela,Arouca,2.0,2.0,D,O,2.62,3.23,2.72,H,4.0,5.0,4.0,3.0,14,0.0,2.0,3.0,1.0,4.0,5.0,-1.0,8.0,4.0,4.0,-4.0,1.0,-5.0,0.0,1.0,-1.0,1.0,1.0,0.0,30.8,61.5,15.4,46.2,10.0,16.0,17.0,23.0
2022-03-19,2021,Santa Clara,Belenenses,0.0,0.0,D,U,1.58,3.8,6.15,D,3.0,1.0,7.0,8.0,14,2.0,0.0,0.0,2.0,8.0,3.0,5.0,5.0,8.0,-3.0,3.0,-5.0,8.0,1.0,0.0,1.0,0.0,2.0,-2.0,46.2,23.1,0.0,61.5,20.0,14.0,22.0,10.0
2022-03-19,2021,Guimaraes,Sp Lisbon,1.0,3.0,A,O,4.94,3.91,1.66,D,4.0,6.0,2.0,3.0,13,3.0,2.0,1.0,0.0,8.0,9.0,-1.0,6.0,4.0,2.0,2.0,5.0,-3.0,1.0,2.0,-1.0,1.0,0.0,1.0,58.3,25.0,69.2,7.7,22.0,17.0,18.0,18.0
2022-03-18,2021,Vizela,Famalicao,1.0,1.0,D,U,2.66,3.18,2.72,A,7.0,4.0,7.0,4.0,14,1.0,1.0,2.0,3.0,4.0,3.0,1.0,6.0,7.0,-1.0,-2.0,-4.0,2.0,0.0,0.0,0.0,1.0,2.0,-1.0,23.1,38.5,23.1,53.8,12.0,17.0,31.0,16.0
2022-03-14,2021,Moreirense,Sp Lisbon,0.0,2.0,A,U,7.32,4.42,1.43,A,3.0,4.0,3.0,7.0,13,1.0,2.0,3.0,0.0,4.0,9.0,-5.0,5.0,4.0,1.0,-1.0,5.0,-6.0,1.0,2.0,-1.0,1.0,0.0,1.0,25.0,50.0,66.7,8.3,19.0,19.0,14.0,15.0
2022-03-13,2021,Sp Braga,Gil Vicente,0.0,1.0,A,U,1.96,3.46,3.84,D,4.0,2.0,7.0,2.0,14,2.0,2.0,1.0,0.0,4.0,5.0,-1.0,2.0,3.0,-1.0,2.0,2.0,0.0,1.0,0.0,1.0,0.0,0.0,0.0,53.8,15.4,50.0,8.3,18.0,12.0,21.0,11.0
2022-03-13,2021,Porto,Tondela,4.0,0.0,H,O,1.11,8.77,21.3,H,9.0,2.0,5.0,4.0,13,2.0,1.0,0.0,2.0,8.0,5.0,3.0,5.0,6.0,-1.0,3.0,-1.0,4.0,1.0,0.0,1.0,0.0,0.0,0.0,83.3,0.0,16.7,66.7,29.0,17.0,27.0,12.0
2022-03-13,2021,Maritimo,Guimaraes,0.0,1.0,A,U,2.81,3.26,2.52,D,4.0,6.0,3.0,3.0,13,0.0,0.0,1.0,3.0,2.0,3.0,-1.0,3.0,8.0,-5.0,-1.0,-5.0,4.0,0.0,0.0,0.0,0.0,1.0,-1.0,25.0,25.0,15.4,53.8,10.0,19.0,29.0,26.0
2022-03-12,2021,Famalicao,Santa Clara,0.0,0.0,D,U,2.13,3.24,3.57,D,3.0,4.0,6.0,5.0,13,2.0,1.0,0.0,1.0,7.0,5.0,2.0,1.0,4.0,-3.0,6.0,1.0,5.0,1.0,1.0,0.0,0.0,0.0,0.0,25.0,33.3,8.3,58.3,19.0,12.0,17.0,22.0
2022-03-12,2021,Estoril,Portimonense,2.0,0.0,H,U,2.23,3.13,3.41,H,6.0,4.0,6.0,10.0,13,1.0,0.0,2.0,1.0,4.0,3.0,1.0,5.0,4.0,1.0,-1.0,-1.0,0.0,0.0,0.0,0.0,0.0,0.0,0.0,16.7,33.3,41.7,25.0,20.0,17.0,13.0,13.0
2022-03-12,2021,Belenenses,Boavista,0.0,0.0,D,U,3.46,3.23,2.18,D,2.0,1.0,3.0,4.0,13,1.0,1.0,3.0,1.0,3.0,6.0,-3.0,10.0,6.0,4.0,-7.0,0.0,-7.0,0.0,0.0,0.0,3.0,0.0,3.0,25.0,58.3,8.3,50.0,9.0,21.0,19.0,12.0
2022-03-12,2021,Arouca,Pacos Ferreira,0.0,1.0,A,U,2.39,3.11,3.14,A,4.0,4.0,6.0,9.0,13,0.0,1.0,3.0,1.0,1.0,3.0,-2.0,8.0,2.0,6.0,-7.0,1.0,-8.0,0.0,1.0,-1.0,3.0,0.0,3.0,25.0,58.3,25.0,41.7,11.0,17.0,21.0,23.0
2022-03-11,2021,Benfica,Vizela,1.0,1.0,D,U,1.26,6.26,10.18,D,9.0,4.0,9.0,8.0,13,2.0,1.0,1.0,2.0,7.0,7.0,0.0,4.0,9.0,-5.0,3.0,-2.0,5.0,1.0,0.0,1.0,0.0,1.0,-1.0,66.7,25.0,16.7,50.0,20.0,16.0,34.0,21.0
2022-03-07,2021,Tondela,Belenenses,1.0,1.0,D,U,1.99,3.45,3.7,H,2.0,3.0,4.0,5.0,13,1.0,0.0,3.0,3.0,5.0,2.0,3.0,8.0,8.0,0.0,-3.0,-6.0,3.0,0.0,0.0,0.0,1.0,2.0,-1.0,33.3,66.7,0.0,66.7,13.0,15.0,14.0,10.0
2022-03-06,2021,Santa Clara,Vizela,3.0,1.0,H,O,2.32,3.26,3.1,D,4.0,2.0,6.0,1.0,13,2.0,1.0,0.0,2.0,8.0,6.0,2.0,6.0,8.0,-2.0,2.0,-2.0,4.0,0.0,0.0,0.0,0.0,1.0,-1.0,41.7,25.0,18.2,45.5,21.0,15.0,19.0,24.0
2022-03-06,2021,Pacos Ferreira,Porto,2.0,4.0,A,O,8.89,4.89,1.35,A,4.0,9.0,1.0,7.0,13,2.0,4.0,0.0,0.0,6.0,10.0,-4.0,4.0,3.0,1.0,2.0,7.0,-5.0,0.0,2.0,-2.0,0.0,0.0,0.0,25.0,33.3,83.3,0.0,13.0,28.0,27.0,27.0
2022-03-06,2021,Moreirense,Maritimo,0.0,1.0,A,U,2.34,3.17,3.16,A,5.0,2.0,8.0,4.0,12,2.0,3.0,2.0,1.0,5.0,7.0,-2.0,4.0,3.0,1.0,1.0,4.0,-3.0,1.0,1.0,0.0,1.0,0.0,1.0,27.3,45.5,33.3,50.0,17.0,20.0,13.0,13.0
2022-03-06,2021,Guimaraes,Famalicao,2.0,1.0,H,O,2.12,3.37,3.46,D,5.0,3.0,7.0,2.0,12,2.0,1.0,1.0,2.0,7.0,4.0,3.0,6.0,7.0,-1.0,1.0,-3.0,4.0,1.0,0.0,1.0,1.0,2.0,-1.0,54.5,27.3,25.0,50.0,19.0,21.0,22.0,16.0
2022-03-05,2021,Sp Lisbon,Arouca,2.0,0.0,H,U,1.25,5.72,11.76,D,6.0,2.0,5.0,1.0,13,3.0,2.0,1.0,1.0,9.0,6.0,3.0,4.0,4.0,0.0,5.0,2.0,3.0,2.0,1.0,1.0,0.0,0.0,0.0,83.3,8.3,16.7,41.7,27.0,16.0,19.0,24.0
2022-03-05,2021,Portimonense,Benfica,1.0,2.0,A,O,6.58,4.39,1.47,D,1.0,4.0,2.0,8.0,13,0.0,2.0,2.0,1.0,4.0,8.0,-4.0,6.0,6.0,0.0,-2.0,2.0,-4.0,0.0,2.0,-2.0,0.0,1.0,-1.0,16.7,50.0,75.0,8.3,18.0,22.0,25.0,22.0
2022-03-05,2021,Boavista,Sp Braga,1.0,1.0,D,U,4.2,3.54,1.85,A,5.0,5.0,4.0,1.0,13,0.0,3.0,0.0,1.0,6.0,10.0,-4.0,6.0,3.0,3.0,0.0,7.0,-7.0,0.0,1.0,-1.0,0.0,0.0,0.0,25.0,8.3,54.5,27.3,17.0,17.0,33.0,14.0
2022-03-04,2021,Gil Vicente,Estoril,0.0,0.0,D,U,1.92,3.41,4.13,D,3.0,1.0,6.0,2.0,13,3.0,0.0,0.0,3.0,8.0,1.0,7.0,4.0,7.0,-3.0,4.0,-6.0,10.0,1.0,0.0,1.0,0.0,2.0,-2.0,41.7,33.3,41.7,33.3,24.0,7.0,25.0,18.0
2022-02-28,2021,Sp Braga,Santa Clara,0.0,0.0,D,U,1.5,4.26,6.29,D,4.0,1.0,2.0,8.0,13,2.0,1.0,1.0,2.0,6.0,6.0,0.0,4.0,6.0,-2.0,2.0,0.0,2.0,1.0,1.0,0.0,0.0,0.0,0.0,58.3,16.7,9.1,63.6,22.0,15.0,24.0,18.0
2022-02-27,2021,Vizela,Portimonense,1.0,1.0,D,U,2.17,3.19,3.5,D,2.0,1.0,11.0,2.0,13,1.0,0.0,3.0,2.0,3.0,4.0,-1.0,6.0,6.0,0.0,-3.0,-2.0,-1.0,0.0,0.0,0.0,1.0,0.0,1.0,25.0,41.7,45.5,27.3,13.0,18.0,28.0,11.0
2022-02-27,2021,Porto,Gil Vicente,1.0,1.0,D,U,1.26,5.7,11.06,D,8.0,1.0,10.0,1.0,12,3.0,3.0,0.0,0.0,10.0,7.0,3.0,5.0,2.0,3.0,5.0,5.0,0.0,2.0,1.0,1.0,0.0,0.0,0.0,90.9,0.0,54.5,9.1,27.0,17.0,22.0,12.0
2022-02-27,2021,Estoril,Boavista,2.0,3.0,A,O,2.3,3.25,3.15,D,2.0,4.0,5.0,1.0,12,1.0,0.0,2.0,1.0,4.0,4.0,0.0,5.0,5.0,0.0,-1.0,-1.0,0.0,0.0,0.0,0.0,0.0,0.0,0.0,18.2,27.3,0.0,54.5,20.0,21.0,10.0,15.0
2022-02-27,2021,Benfica,Guimaraes,3.0,0.0,H,O,1.34,5.16,8.48,H,6.0,7.0,5.0,9.0,12,2.0,0.0,1.0,3.0,6.0,5.0,1.0,4.0,8.0,-4.0,2.0,-3.0,5.0,1.0,0.0,1.0,0.0,0.0,0.0,63.6,27.3,16.7,50.0,20.0,14.0,38.0,18.0
2022-02-26,2021,Maritimo,Sp Lisbon,1.0,1.0,D,U,8.07,4.56,1.4,D,2.0,4.0,4.0,7.0,12,1.0,2.0,1.0,1.0,3.0,10.0,-7.0,2.0,6.0,-4.0,1.0,4.0,-3.0,1.0,2.0,-1.0,0.0,0.0,0.0,27.3,27.3,72.7,9.1,13.0,20.0,27.0,11.0
2022-02-26,2021,Famalicao,Tondela,2.0,1.0,H,O,1.71,3.69,4.94,D,3.0,3.0,7.0,3.0,12,2.0,1.0,0.0,1.0,6.0,5.0,1.0,0.0,5.0,-5.0,6.0,0.0,6.0,1.0,0.0,1.0,0.0,0.0,0.0,18.2,36.4,18.2,63.6,18.0,16.0,15.0,13.0
2022-02-26,2021,Arouca,Moreirense,1.0,1.0,D,U,2.27,3.18,3.31,A,4.0,3.0,7.0,2.0,12,0.0,1.0,4.0,2.0,0.0,2.0,-2.0,13.0,8.0,5.0,-13.0,-6.0,-7.0,0.0,0.0,0.0,4.0,2.0,2.0,27.3,63.6,8.3,58.3,7.0,11.0,15.0,13.0
2022-02-25,2021,Belenenses,Pacos Ferreira,0.0,2.0,A,U,3.19,2.99,2.44,A,1.0,7.0,10.0,6.0,12,2.0,0.0,2.0,2.0,5.0,1.0,4.0,9.0,4.0,5.0,-4.0,-3.0,-1.0,0.0,0.0,0.0,2.0,1.0,1.0,27.3,54.5,18.2,45.5,13.0,11.0,13.0,18.0
2022-02-21,2021,Santa Clara,Portimonense,1.0,1.0,D,U,2.06,3.26,3.72,H,4.0,7.0,3.0,2.0,12,3.0,1.0,0.0,2.0,8.0,4.0,4.0,5.0,5.0,0.0,3.0,-1.0,4.0,0.0,0.0,0.0,0.0,0.0,0.0,45.5,27.3,50.0,30.0,23.0,15.0,24.0,10.0
2022-02-20,2021,Tondela,Sp Braga,0.0,1.0,A,U,5.3,4.02,1.6,D,2.0,2.0,3.0,4.0,12,1.0,2.0,3.0,2.0,5.0,9.0,-4.0,10.0,4.0,6.0,-5.0,5.0,-10.0,0.0,1.0,-1.0,2.0,0.0,2.0,36.4,63.6,50.0,30.0,13.0,16.0,17.0,13.0
2022-02-20,2021,Sp Lisbon,Estoril,3.0,0.0,H,O,1.25,5.64,11.77,H,7.0,0.0,7.0,1.0,12,3.0,1.0,1.0,2.0,8.0,2.0,6.0,4.0,4.0,0.0,4.0,-2.0,6.0,2.0,0.0,2.0,0.0,1.0,-1.0,81.8,9.1,45.5,27.3,26.0,14.0,22.0,31.0
2022-02-20,2021,Moreirense,Porto,0.0,1.0,A,U,9.66,5.19,1.31,A,1.0,5.0,2.0,9.0,11,2.0,4.0,2.0,0.0,5.0,13.0,-8.0,4.0,3.0,1.0,1.0,10.0,-9.0,1.0,3.0,-2.0,1.0,0.0,1.0,30.0,40.0,81.8,0.0,20.0,30.0,17.0,29.0
2022-02-20,2021,Maritimo,Famalicao,0.0,1.0,A,U,2.52,3.22,2.84,A,2.0,8.0,5.0,6.0,11,2.0,0.0,0.0,2.0,7.0,5.0,2.0,2.0,9.0,-7.0,5.0,-4.0,9.0,2.0,0.0,2.0,0.0,2.0,-2.0,30.0,20.0,18.2,54.5,15.0,16.0,26.0,12.0
2022-02-19,2021,Pacos Ferreira,Vizela,2.0,1.0,H,O,2.41,3.17,3.06,D,4.0,2.0,10.0,5.0,12,1.0,2.0,1.0,1.0,4.0,9.0,-5.0,4.0,7.0,-3.0,0.0,2.0,-2.0,0.0,1.0,-1.0,0.0,1.0,-1.0,18.2,36.4,20.0,40.0,11.0,17.0,24.0,23.0
2022-02-19,2021,Guimaraes,Arouca,1.0,3.0,A,O,1.72,3.67,4.88,A,5.0,7.0,4.0,9.0,11,3.0,1.0,0.0,1.0,11.0,4.0,7.0,5.0,4.0,1.0,6.0,0.0,6.0,2.0,0.0,2.0,0.0,0.0,0.0,60.0,20.0,9.1,45.5,24.0,15.0,18.0,21.0
2022-02-19,2021,Gil Vicente,Belenenses,2.0,0.0,H,U,1.55,3.91,6.24,D,5.0,1.0,6.0,3.0,12,2.0,0.0,1.0,3.0,6.0,2.0,4.0,7.0,8.0,-1.0,-1.0,-6.0,5.0,0.0,0.0,0.0,1.0,2.0,-1.0,36.4,36.4,0.0,63.6,23.0,21.0,20.0,17.0
2022-02-18,2021,Boavista,Benfica,2.0,2.0,D,O,7.07,4.76,1.42,A,4.0,3.0,9.0,4.0,12,1.0,3.0,0.0,1.0,5.0,10.0,-5.0,4.0,5.0,-1.0,1.0,5.0,-4.0,0.0,3.0,-3.0,0.0,1.0,-1.0,27.3,9.1,81.8,9.1,18.0,23.0,29.0,20.0
2022-02-14,2021,Arouca,Maritimo,0.0,3.0,A,O,2.52,3.16,2.85,A,4.0,6.0,9.0,2.0,11,0.0,2.0,4.0,2.0,1.0,5.0,-4.0,14.0,10.0,4.0,-13.0,-5.0,-8.0,0.0,0.0,0.0,4.0,1.0,3.0,30.0,60.0,27.3,54.5,5.0,16.0,12.0,14.0
2022-02-13,2021,Vizela,Gil Vicente,0.0,1.0,A,U,2.8,3.27,2.52,A,3.0,3.0,12.0,2.0,12,2.0,3.0,2.0,0.0,5.0,7.0,-2.0,5.0,2.0,3.0,0.0,5.0,-5.0,1.0,1.0,0.0,1.0,0.0,1.0,27.3,36.4,50.0,10.0,14.0,19.0,20.0,15.0
2022-02-13,2021,Famalicao,Moreirense,5.0,0.0,H,O,2.09,3.31,3.55,H,9.0,4.0,4.0,5.0,11,1.0,1.0,1.0,2.0,2.0,3.0,-1.0,4.0,5.0,-1.0,-2.0,-2.0,0.0,0.0,0.0,0.0,1.0,1.0,0.0,10.0,40.0,9.1,54.5,11.0,12.0,16.0,11.0
2022-02-13,2021,Belenenses,Guimaraes,1.0,0.0,H,U,4.29,3.56,1.83,D,4.0,2.0,5.0,3.0,11,1.0,0.0,3.0,3.0,4.0,5.0,-1.0,10.0,8.0,2.0,-6.0,-3.0,-3.0,0.0,0.0,0.0,2.0,0.0,2.0,20.0,60.0,18.2,45.5,9.0,14.0,8.0,17.0
2022-02-12,2021,Sp Braga,Pacos Ferreira,2.0,1.0,H,O,1.4,4.59,7.97,A,5.0,3.0,3.0,8.0,12,2.0,1.0,1.0,1.0,5.0,1.0,4.0,3.0,2.0,1.0,2.0,-1.0,3.0,1.0,0.0,1.0,0.0,1.0,-1.0,54.5,18.2,20.0,40.0,22.0,13.0,27.0,16.0
2022-02-12,2021,Portimonense,Boavista,1.0,1.0,D,U,2.2,3.17,3.45,D,4.0,3.0,6.0,6.0,12,0.0,0.0,2.0,2.0,4.0,3.0,1.0,6.0,6.0,0.0,-2.0,-3.0,1.0,0.0,0.0,0.0,0.0,1.0,-1.0,18.2,54.5,0.0,60.0,19.0,20.0,24.0,12.0
2022-02-12,2021,Estoril,Tondela,1.0,0.0,H,U,2.0,3.49,3.65,D,8.0,3.0,1.0,2.0,11,0.0,1.0,2.0,1.0,5.0,7.0,-2.0,7.0,9.0,-2.0,-2.0,-2.0,0.0,0.0,0.0,0.0,0.0,1.0,-1.0,10.0,30.0,20.0,60.0,16.0,16.0,16.0,19.0
2022-02-12,2021,Benfica,Santa Clara,2.0,1.0,H,O,1.26,5.67,10.98,A,4.0,4.0,7.0,2.0,11,2.0,1.0,1.0,2.0,11.0,6.0,5.0,4.0,8.0,-4.0,7.0,-2.0,9.0,2.0,1.0,1.0,0.0,1.0,-1.0,60.0,30.0,10.0,60.0,25.0,14.0,32.0,18.0
2022-02-11,2021,Porto,Sp Lisbon,2.0,2.0,D,O,2.07,3.29,3.76,A,7.0,3.0,9.0,0.0,11,4.0,3.0,0.0,1.0,9.0,11.0,-2.0,3.0,4.0,-1.0,6.0,7.0,-1.0,2.0,3.0,-1.0,0.0,0.0,0.0,100.0,0.0,80.0,10.0,24.0,26.0,19.0,16.0
2022-02-07,2021,Tondela,Benfica,1.0,3.0,A,O,7.96,5.11,1.35,A,3.0,8.0,4.0,9.0,11,1.0,3.0,3.0,1.0,4.0,14.0,-10.0,8.0,4.0,4.0,-4.0,10.0,-14.0,0.0,3.0,-3.0,1.0,1.0,0.0,40.0,60.0,80.0,10.0,19.0,26.0,20.0,15.0
2022-02-07,2021,Moreirense,Belenenses,4.0,1.0,H,O,1.97,3.36,3.89,H,10.0,1.0,2.0,0.0,10,1.0,0.0,2.0,3.0,3.0,1.0,2.0,5.0,5.0,0.0,-2.0,-4.0,2.0,0.0,0.0,0.0,1.0,1.0,0.0,22.2,44.4,0.0,60.0,14.0,22.0,20.0,20.0
2022-02-06,2021,Sp Lisbon,Famalicao,2.0,0.0,H,U,1.34,4.94,8.87,H,4.0,5.0,4.0,4.0,11,3.0,0.0,1.0,2.0,8.0,5.0,3.0,4.0,11.0,-7.0,4.0,-6.0,10.0,2.0,0.0,2.0,0.0,2.0,-2.0,80.0,10.0,20.0,50.0,30.0,12.0,19.0,9.0
2022-02-06,2021,Gil Vicente,Santa Clara,2.0,2.0,D,O,2.0,3.36,3.79,D,3.0,4.0,1.0,9.0,11,3.0,1.0,1.0,2.0,8.0,6.0,2.0,5.0,8.0,-3.0,3.0,-2.0,5.0,1.0,1.0,0.0,1.0,1.0,0.0,40.0,40.0,11.1,66.7,30.0,15.0,23.0,12.0
2022-02-06,2021,Boavista,Vizela,2.0,2.0,D,O,2.22,3.26,3.3,A,4.0,4.0,7.0,5.0,11,1.0,2.0,0.0,2.0,4.0,8.0,-4.0,3.0,9.0,-6.0,1.0,-1.0,2.0,0.0,1.0,-1.0,0.0,2.0,-2.0,30.0,10.0,22.2,44.4,18.0,15.0,24.0,19.0
2022-02-06,2021,Arouca,Porto,0.0,2.0,A,U,9.58,5.42,1.3,D,1.0,4.0,3.0,3.0,10,1.0,4.0,3.0,0.0,3.0,14.0,-11.0,13.0,3.0,10.0,-10.0,11.0,-21.0,0.0,3.0,-3.0,3.0,0.0,3.0,33.3,55.6,80.0,0.0,10.0,32.0,11.0,32.0
2022-02-05,2021,Pacos Ferreira,Portimonense,1.0,1.0,D,U,2.38,3.17,3.09,H,3.0,8.0,8.0,7.0,11,1.0,2.0,2.0,2.0,4.0,6.0,-2.0,5.0,4.0,1.0,-1.0,2.0,-3.0,0.0,1.0,-1.0,0.0,0.0,0.0,20.0,40.0,55.6,33.3,11.0,9.0,20.0,6.0
2022-02-05,2021,Maritimo,Estoril,0.0,0.0,D,U,2.62,3.11,2.78,D,4.0,0.0,13.0,2.0,10,3.0,1.0,0.0,3.0,9.0,2.0,7.0,2.0,6.0,-4.0,7.0,-4.0,11.0,3.0,0.0,3.0,0.0,2.0,-2.0,33.3,22.2,50.0,30.0,15.0,19.0,15.0,36.0
2022-02-05,2021,Guimaraes,Sp Braga,2.0,1.0,H,O,3.4,3.55,2.06,H,5.0,4.0,3.0,5.0,10,3.0,2.0,0.0,2.0,11.0,9.0,2.0,5.0,8.0,-3.0,6.0,1.0,5.0,2.0,1.0,1.0,0.0,1.0,-1.0,55.6,22.2,55.6,22.2,24.0,16.0,20.0,14.0
2022-02-02,2021,Benfica,Gil Vicente,1.0,2.0,A,O,1.3,5.32,9.54,A,5.0,6.0,13.0,3.0,10,2.0,2.0,1.0,0.0,11.0,7.0,4.0,5.0,3.0,2.0,6.0,4.0,2.0,2.0,1.0,1.0,1.0,0.0,1.0,66.7,22.2,44.4,11.1,23.0,21.0,22.0,17.0
2022-02-02,2021,Belenenses,Sp Lisbon,1.0,4.0,A,O,11.95,5.64,1.25,A,2.0,6.0,1.0,4.0,10,1.0,3.0,3.0,1.0,3.0,10.0,-7.0,13.0,4.0,9.0,-10.0,6.0,-16.0,0.0,3.0,-3.0,2.0,0.0,2.0,22.2,55.6,77.8,11.1,7.0,25.0,9.0,15.0
2022-02-01,2021,Santa Clara,Boavista,2.0,1.0,H,O,2.2,3.06,3.57,D,3.0,5.0,2.0,5.0,11,3.0,0.0,0.0,2.0,8.0,3.0,5.0,5.0,6.0,-1.0,3.0,-3.0,6.0,0.0,0.0,0.0,0.0,1.0,-1.0,40.0,30.0,0.0,55.6,24.0,17.0,23.0,8.0
2022-01-31,2021,Famalicao,Arouca,0.0,0.0,D,U,1.94,3.35,4.01,D,1.0,2.0,4.0,4.0,10,1.0,1.0,2.0,2.0,2.0,5.0,-3.0,7.0,6.0,1.0,-5.0,-1.0,-4.0,0.0,0.0,0.0,2.0,0.0,2.0,11.1,44.4,10.0,50.0,12.0,17.0,20.0,25.0
2022-01-31,2021,Estoril,Pacos Ferreira,0.0,0.0,D,U,2.13,3.17,3.57,D,6.0,4.0,3.0,1.0,10,0.0,1.0,2.0,2.0,7.0,1.0,6.0,9.0,4.0,5.0,-2.0,-3.0,1.0,0.0,0.0,0.0,0.0,2.0,-2.0,11.1,33.3,22.2,44.4,17.0,12.0,17.0,23.0
2022-01-30,2021,Vizela,Guimaraes,3.0,2.0,H,O,3.0,3.22,2.39,D,6.0,4.0,6.0,10.0,11,1.0,1.0,3.0,2.0,2.0,5.0,-3.0,7.0,6.0,1.0,-5.0,-1.0,-4.0,1.0,0.0,1.0,2.0,0.0,2.0,20.0,40.0,20.0,40.0,12.0,18.0,17.0,13.0
2022-01-30,2021,Sp Braga,Moreirense,2.0,0.0,H,U,1.42,4.51,7.25,D,5.0,1.0,9.0,2.0,11,2.0,1.0,1.0,2.0,5.0,3.0,2.0,3.0,4.0,-1.0,2.0,-1.0,3.0,1.0,0.0,1.0,0.0,0.0,0.0,50.0,20.0,10.0,50.0,21.0,14.0,20.0,16.0
2022-01-30,2021,Porto,Maritimo,2.0,1.0,H,O,1.14,7.67,20.56,H,5.0,3.0,1.0,3.0,10,4.0,2.0,0.0,1.0,9.0,5.0,4.0,3.0,9.0,-6.0,6.0,-4.0,10.0,2.0,0.0,2.0,0.0,1.0,-1.0,100.0,0.0,30.0,50.0,28.0,16.0,23.0,17.0
2022-01-30,2021,Portimonense,Tondela,1.0,2.0,A,O,2.02,3.36,3.7,H,6.0,4.0,6.0,2.0,11,0.0,0.0,2.0,2.0,3.0,5.0,-2.0,7.0,10.0,-3.0,-4.0,-5.0,1.0,0.0,0.0,0.0,1.0,2.0,-1.0,20.0,50.0,11.1,66.7,17.0,13.0,21.0,21.0
2022-01-27,2021,Estoril,Arouca,1.0,2.0,A,O,1.98,3.36,3.79,H,4.0,5.0,4.0,9.0,9,0.0,0.0,1.0,2.0,7.0,4.0,3.0,8.0,6.0,2.0,-1.0,-2.0,1.0,0.0,0.0,0.0,0.0,0.0,0.0,12.5,25.0,0.0,55.6,15.0,13.0,17.0,17.0
2022-01-23,2021,Porto,Famalicao,3.0,1.0,H,O,1.21,6.36,13.01,H,9.0,1.0,7.0,4.0,9,4.0,1.0,0.0,1.0,10.0,9.0,1.0,3.0,10.0,-7.0,7.0,-1.0,8.0,2.0,1.0,1.0,0.0,1.0,-1.0,100.0,0.0,22.2,44.4,30.0,21.0,20.0,7.0
2022-01-23,2021,Maritimo,Belenenses,1.0,1.0,D,U,1.77,3.5,4.75,D,2.0,9.0,7.0,2.0,9,3.0,0.0,1.0,4.0,9.0,0.0,9.0,3.0,6.0,-3.0,6.0,-6.0,12.0,3.0,0.0,3.0,0.0,2.0,-2.0,37.5,25.0,0.0,66.7,20.0,17.0,12.0,23.0
2022-01-23,2021,Guimaraes,Estoril,3.0,1.0,H,O,1.94,3.42,3.93,A,7.0,3.0,4.0,4.0,9,3.0,1.0,0.0,2.0,10.0,2.0,8.0,5.0,4.0,1.0,5.0,-2.0,7.0,1.0,0.0,1.0,0.0,1.0,-1.0,50.0,25.0,55.6,22.2,27.0,22.0,30.0,33.0
2022-01-23,2021,Gil Vicente,Portimonense,1.0,0.0,H,U,2.03,3.25,3.84,D,6.0,1.0,12.0,2.0,10,2.0,2.0,1.0,2.0,8.0,6.0,2.0,6.0,6.0,0.0,2.0,0.0,2.0,1.0,1.0,0.0,1.0,1.0,0.0,33.3,44.4,62.5,25.0,29.0,10.0,19.0,9.0
2022-01-22,2021,Tondela,Vizela,2.0,3.0,A,O,2.78,3.29,2.51,H,3.0,8.0,6.0,10.0,10,2.0,1.0,2.0,2.0,6.0,6.0,0.0,7.0,8.0,-1.0,-1.0,-2.0,1.0,1.0,1.0,0.0,1.0,2.0,-1.0,44.4,55.6,12.5,50.0,23.0,10.0,17.0,11.0
2022-01-22,2021,Sp Lisbon,Sp Braga,1.0,2.0,A,O,1.59,3.98,5.6,H,4.0,3.0,3.0,4.0,10,4.0,2.0,0.0,2.0,8.0,8.0,0.0,2.0,7.0,-5.0,6.0,1.0,5.0,2.0,1.0,1.0,0.0,1.0,-1.0,88.9,0.0,50.0,25.0,30.0,17.0,23.0,12.0
2022-01-22,2021,Moreirense,Santa Clara,0.0,2.0,A,U,2.33,3.17,3.16,A,3.0,3.0,2.0,3.0,9,1.0,0.0,1.0,3.0,4.0,5.0,-1.0,4.0,10.0,-6.0,0.0,-5.0,5.0,0.0,0.0,0.0,0.0,1.0,-1.0,25.0,37.5,0.0,75.0,12.0,16.0,22.0,16.0
2022-01-21,2021,Pacos Ferreira,Boavista,1.0,1.0,D,U,2.49,3.06,3.02,H,3.0,9.0,7.0,0.0,10,1.0,0.0,3.0,3.0,3.0,3.0,0.0,6.0,9.0,-3.0,-3.0,-6.0,3.0,0.0,0.0,0.0,1.0,2.0,-1.0,22.2,44.4,0.0,62.5,9.0,11.0,17.0,14.0
2022-01-21,2021,Arouca,Benfica,0.0,2.0,A,U,10.96,5.52,1.27,A,2.0,6.0,2.0,2.0,9,2.0,2.0,2.0,1.0,5.0,13.0,-8.0,11.0,5.0,6.0,-6.0,8.0,-14.0,1.0,2.0,-1.0,2.0,1.0,1.0,37.5,50.0,77.8,11.1,10.0,27.0,13.0,23.0
2022-01-17,2021,Portimonense,Guimaraes,1.0,1.0,D,U,2.6,3.21,2.73,A,4.0,6.0,6.0,4.0,10,1.0,1.0,2.0,3.0,4.0,5.0,-1.0,6.0,7.0,-1.0,-2.0,-2.0,0.0,1.0,0.0,1.0,1.0,0.0,1.0,22.2,55.6,22.2,44.4,19.0,14.0,21.0,11.0
2022-01-16,2021,Vizela,Sp Lisbon,0.0,2.0,A,U,10.64,5.53,1.27,A,1.0,6.0,2.0,4.0,10,1.0,3.0,2.0,1.0,3.0,10.0,-7.0,6.0,4.0,2.0,-3.0,6.0,-9.0,1.0,3.0,-2.0,1.0,0.0,1.0,22.2,33.3,75.0,12.5,14.0,27.0,18.0,21.0
2022-01-16,2021,Santa Clara,Tondela,2.0,2.0,D,O,1.87,3.4,4.29,H,9.0,7.0,11.0,5.0,10,3.0,0.0,1.0,3.0,6.0,3.0,3.0,6.0,10.0,-4.0,0.0,-7.0,7.0,0.0,0.0,0.0,1.0,3.0,-2.0,44.4,33.3,12.5,75.0,16.0,12.0,13.0,22.0
2022-01-16,2021,Famalicao,Pacos Ferreira,0.0,0.0,D,U,2.0,3.33,3.83,D,6.0,3.0,2.0,8.0,9,1.0,1.0,2.0,2.0,3.0,2.0,1.0,8.0,5.0,3.0,-5.0,-3.0,-2.0,0.0,0.0,0.0,2.0,2.0,0.0,12.5,50.0,25.0,50.0,11.0,13.0,23.0,22.0
2022-01-16,2021,Belenenses,Porto,1.0,4.0,A,O,15.58,6.93,1.18,D,2.0,9.0,3.0,8.0,9,2.0,4.0,2.0,0.0,4.0,13.0,-9.0,10.0,2.0,8.0,-6.0,11.0,-17.0,0.0,3.0,-3.0,1.0,0.0,1.0,25.0,50.0,77.8,0.0,9.0,33.0,14.0,32.0
2022-01-15,2021,Sp Braga,Maritimo,0.0,1.0,A,U,1.39,4.6,8.05,D,4.0,3.0,7.0,4.0,10,3.0,1.0,0.0,2.0,9.0,6.0,3.0,3.0,13.0,-10.0,6.0,-7.0,13.0,2.0,0.0,2.0,0.0,2.0,-2.0,55.6,11.1,22.2,55.6,26.0,24.0,23.0,17.0
2022-01-15,2021,Boavista,Gil Vicente,1.0,1.0,D,U,3.07,3.18,2.38,H,5.0,2.0,8.0,5.0,10,1.0,3.0,1.0,0.0,5.0,8.0,-3.0,7.0,3.0,4.0,-2.0,5.0,-7.0,0.0,1.0,-1.0,1.0,0.0,1.0,33.3,11.1,50.0,12.5,18.0,24.0,22.0,17.0
2022-01-15,2021,Benfica,Moreirense,1.0,1.0,D,U,1.18,6.97,15.17,D,5.0,2.0,9.0,1.0,9,3.0,1.0,1.0,3.0,16.0,3.0,13.0,5.0,5.0,0.0,11.0,-2.0,13.0,3.0,0.0,3.0,1.0,0.0,1.0,75.0,25.0,11.1,55.6,27.0,20.0,15.0,24.0
2022-01-13,2021,Famalicao,Belenenses,1.0,0.0,H,U,1.66,3.69,5.29,D,2.0,4.0,5.0,5.0,8,0.0,0.0,3.0,3.0,3.0,0.0,3.0,10.0,5.0,5.0,-7.0,-5.0,-2.0,0.0,0.0,0.0,2.0,2.0,0.0,0.0,57.1,0.0,62.5,11.0,13.0,26.0,19.0
2022-01-10,2021,Gil Vicente,Guimaraes,3.0,2.0,H,O,2.51,3.22,2.84,H,10.0,2.0,6.0,1.0,9,1.0,1.0,2.0,3.0,5.0,3.0,2.0,5.0,5.0,0.0,0.0,-2.0,2.0,1.0,0.0,1.0,1.0,0.0,1.0,25.0,50.0,25.0,37.5,26.0,14.0,24.0,12.0
2022-01-09,2021,Sp Braga,Famalicao,2.0,2.0,D,O,1.41,4.59,7.39,D,8.0,7.0,5.0,2.0,9,4.0,2.0,0.0,1.0,10.0,9.0,1.0,1.0,8.0,-7.0,9.0,1.0,8.0,3.0,2.0,1.0,0.0,1.0,-1.0,62.5,12.5,25.0,50.0,23.0,19.0,21.0,10.0
2022-01-09,2021,Portimonense,Maritimo,1.0,2.0,A,O,2.16,3.2,3.5,A,4.0,8.0,7.0,4.0,9,1.0,0.0,2.0,3.0,3.0,5.0,-2.0,6.0,14.0,-8.0,-3.0,-9.0,6.0,1.0,0.0,1.0,2.0,2.0,0.0,25.0,50.0,12.5,62.5,18.0,19.0,20.0,15.0
2022-01-09,2021,Benfica,Pacos Ferreira,2.0,0.0,H,U,1.18,6.89,15.89,H,6.0,1.0,9.0,1.0,8,2.0,1.0,2.0,2.0,14.0,3.0,11.0,6.0,5.0,1.0,8.0,-2.0,10.0,2.0,0.0,2.0,1.0,1.0,0.0,71.4,28.6,28.6,42.9,28.0,14.0,19.0,24.0
2022-01-09,2021,Belenenses,Arouca,2.0,1.0,H,O,2.76,3.14,2.63,A,5.0,2.0,4.0,2.0,8,1.0,0.0,3.0,1.0,2.0,3.0,-1.0,11.0,4.0,7.0,-9.0,-1.0,-8.0,0.0,0.0,0.0,2.0,0.0,2.0,14.3,57.1,0.0,50.0,6.0,17.0,11.0,24.0
2022-01-08,2021,Vizela,Moreirense,0.0,1.0,A,U,2.35,3.18,3.11,D,3.0,4.0,8.0,5.0,9,1.0,0.0,2.0,4.0,3.0,2.0,1.0,6.0,6.0,0.0,-3.0,-4.0,1.0,1.0,0.0,1.0,1.0,0.0,1.0,25.0,25.0,0.0,62.5,15.0,17.0,17.0,20.0
2022-01-08,2021,Estoril,Porto,2.0,3.0,A,O,28.96,9.79,1.08,H,2.0,10.0,2.0,7.0,8,0.0,4.0,0.0,0.0,7.0,13.0,-6.0,7.0,1.0,6.0,0.0,12.0,-12.0,0.0,4.0,-4.0,0.0,0.0,0.0,14.3,14.3,75.0,0.0,17.0,29.0,16.0,35.0
2022-01-08,2021,Boavista,Tondela,1.0,1.0,D,U,1.99,3.41,3.8,D,4.0,2.0,9.0,4.0,9,1.0,1.0,1.0,3.0,4.0,4.0,0.0,6.0,9.0,-3.0,-2.0,-5.0,3.0,0.0,1.0,-1.0,1.0,3.0,-2.0,37.5,12.5,14.3,85.7,19.0,15.0,18.0,22.0
2022-01-07,2021,Santa Clara,Sp Lisbon,3.0,2.0,H,O,8.17,4.45,1.41,D,5.0,5.0,3.0,3.0,9,2.0,4.0,2.0,0.0,3.0,10.0,-7.0,6.0,2.0,4.0,-3.0,8.0,-11.0,0.0,3.0,-3.0,2.0,0.0,2.0,37.5,37.5,85.7,0.0,11.0,30.0,11.0,23.0
2022-01-03,2021,Tondela,Moreirense,2.0,1.0,H,O,2.65,3.25,2.66,A,5.0,5.0,1.0,3.0,9,1.0,0.0,3.0,3.0,5.0,1.0,4.0,9.0,4.0,5.0,-4.0,-3.0,-1.0,1.0,0.0,1.0,2.0,0.0,2.0,37.5,62.5,0.0,57.1,20.0,18.0,19.0,24.0
2022-01-02,2021,Vizela,Belenenses,2.0,0.0,H,U,1.94,3.43,3.99,H,4.0,7.0,4.0,10.0,8,0.0,0.0,2.0,2.0,2.0,2.0,0.0,7.0,5.0,2.0,-5.0,-3.0,-2.0,0.0,0.0,0.0,1.0,1.0,0.0,14.3,28.6,0.0,57.1,15.0,8.0,19.0,11.0
2021-12-30,2021,Porto,Benfica,3.0,1.0,H,O,1.83,3.7,4.13,H,6.0,5.0,5.0,7.0,8,4.0,3.0,0.0,0.0,9.0,13.0,-4.0,3.0,2.0,1.0,6.0,11.0,-5.0,1.0,2.0,-1.0,0.0,0.0,0.0,100.0,0.0,87.5,0.0,32.0,29.0,26.0,28.0
2021-12-30,2021,Pacos Ferreira,Santa Clara,2.0,1.0,H,O,2.58,3.11,2.84,A,3.0,4.0,2.0,4.0,9,0.0,0.0,3.0,2.0,1.0,5.0,-4.0,5.0,9.0,-4.0,-4.0,-4.0,0.0,0.0,0.0,0.0,1.0,1.0,0.0,12.5,50.0,0.0,71.4,6.0,13.0,18.0,16.0
2021-12-30,2021,Arouca,Sp Braga,0.0,6.0,A,O,4.96,3.69,1.7,A,0.0,8.0,1.0,1.0,8,2.0,1.0,2.0,2.0,6.0,3.0,3.0,7.0,8.0,-1.0,-1.0,-5.0,4.0,1.0,0.0,1.0,1.0,1.0,0.0,42.9,42.9,42.9,28.6,15.0,13.0,16.0,16.0
2021-12-29,2021,Sp Lisbon,Portimonense,3.0,2.0,H,O,1.27,5.35,11.59,A,12.0,2.0,5.0,0.0,9,4.0,3.0,0.0,1.0,6.0,5.0,1.0,0.0,3.0,-3.0,6.0,2.0,4.0,2.0,1.0,1.0,0.0,1.0,-1.0,87.5,0.0,71.4,14.3,22.0,11.0,25.0,13.0
2021-12-29,2021,Guimaraes,Boavista,1.0,1.0,D,U,1.65,3.85,5.12,D,2.0,4.0,11.0,4.0,8,3.0,0.0,1.0,3.0,10.0,4.0,6.0,7.0,10.0,-3.0,3.0,-6.0,9.0,1.0,0.0,1.0,1.0,2.0,-1.0,57.1,28.6,0.0,71.4,28.0,9.0,24.0,11.0
2021-12-28,2021,Tondela,Gil Vicente,0.0,3.0,A,O,3.35,3.36,2.16,D,2.0,6.0,6.0,2.0,8,2.0,2.0,2.0,0.0,8.0,7.0,1.0,8.0,5.0,3.0,0.0,2.0,-2.0,1.0,0.0,1.0,1.0,0.0,1.0,42.9,57.1,42.9,14.3,22.0,27.0,17.0,20.0
2021-12-28,2021,Moreirense,Estoril,1.0,0.0,H,U,2.92,3.06,2.56,H,3.0,4.0,7.0,11.0,8,1.0,2.0,1.0,1.0,5.0,4.0,1.0,5.0,3.0,2.0,0.0,1.0,-1.0,0.0,1.0,-1.0,0.0,1.0,-1.0,14.3,42.9,62.5,12.5,12.0,20.0,20.0,23.0
2021-12-28,2021,Maritimo,Vizela,2.0,0.0,H,U,3.06,3.13,2.43,D,5.0,1.0,2.0,4.0,8,2.0,1.0,1.0,1.0,7.0,6.0,1.0,3.0,6.0,-3.0,4.0,0.0,4.0,2.0,1.0,1.0,0.0,1.0,-1.0,28.6,28.6,14.3,42.9,15.0,11.0,13.0,12.0
2021-12-19,2021,Vizela,Porto,0.0,4.0,A,O,9.36,5.11,1.32,A,4.0,7.0,3.0,11.0,7,0.0,4.0,1.0,0.0,3.0,11.0,-8.0,4.0,2.0,2.0,-1.0,9.0,-10.0,0.0,3.0,-3.0,0.0,0.0,0.0,16.7,16.7,71.4,0.0,15.0,30.0,21.0,30.0
2021-12-19,2021,Sp Braga,Belenenses,1.0,0.0,H,U,1.18,6.78,15.91,H,5.0,2.0,6.0,3.0,8,3.0,0.0,0.0,1.0,11.0,2.0,9.0,3.0,4.0,-1.0,8.0,-2.0,10.0,3.0,0.0,3.0,0.0,1.0,-1.0,57.1,14.3,0.0,50.0,26.0,12.0,18.0,15.0
2021-12-19,2021,Boavista,Moreirense,1.0,0.0,H,U,2.5,3.17,2.89,H,5.0,3.0,5.0,7.0,8,0.0,0.0,1.0,3.0,4.0,1.0,3.0,7.0,8.0,-1.0,-3.0,-7.0,4.0,0.0,0.0,0.0,1.0,1.0,0.0,28.6,14.3,0.0,50.0,17.0,15.0,15.0,22.0
2021-12-19,2021,Benfica,Maritimo,7.0,1.0,H,O,1.13,8.24,21.43,H,9.0,2.0,1.0,3.0,7,2.0,0.0,2.0,3.0,10.0,4.0,6.0,6.0,8.0,-2.0,4.0,-4.0,8.0,2.0,0.0,2.0,1.0,1.0,0.0,66.7,33.3,14.3,57.1,25.0,17.0,23.0,12.0
2021-12-18,2021,Tondela,Pacos Ferreira,0.0,1.0,A,U,2.37,3.34,2.96,D,9.0,5.0,7.0,6.0,7,2.0,0.0,2.0,2.0,9.0,3.0,6.0,9.0,6.0,3.0,0.0,-3.0,3.0,1.0,0.0,1.0,1.0,1.0,0.0,50.0,50.0,16.7,50.0,18.0,12.0,16.0,22.0
2021-12-18,2021,Portimonense,Arouca,1.0,1.0,D,U,2.03,3.28,3.81,D,5.0,6.0,5.0,6.0,8,1.0,0.0,2.0,2.0,2.0,3.0,-1.0,5.0,5.0,0.0,-3.0,-2.0,-1.0,1.0,0.0,1.0,2.0,0.0,2.0,28.6,57.1,0.0,57.1,17.0,16.0,22.0,27.0
2021-12-18,2021,Gil Vicente,Sp Lisbon,0.0,3.0,A,O,6.4,4.07,1.52,D,4.0,9.0,1.0,5.0,8,1.0,4.0,2.0,0.0,6.0,8.0,-2.0,4.0,2.0,2.0,2.0,6.0,-4.0,1.0,2.0,-1.0,0.0,0.0,0.0,28.6,42.9,83.3,0.0,26.0,25.0,25.0,27.0
2021-12-17,2021,Santa Clara,Guimaraes,1.0,0.0,H,U,3.11,3.24,2.35,H,6.0,2.0,8.0,2.0,8,1.0,2.0,2.0,2.0,3.0,5.0,-2.0,7.0,5.0,2.0,-4.0,0.0,-4.0,0.0,0.0,0.0,2.0,0.0,2.0,28.6,42.9,28.6,28.6,8.0,17.0,8.0,10.0
2021-12-17,2021,Estoril,Famalicao,2.0,2.0,D,O,2.31,3.38,3.05,H,4.0,3.0,7.0,2.0,7,0.0,2.0,1.0,2.0,5.0,9.0,-4.0,6.0,9.0,-3.0,-1.0,0.0,-1.0,0.0,2.0,-2.0,0.0,1.0,-1.0,16.7,16.7,28.6,57.1,16.0,23.0,16.0,11.0
2021-12-13,2021,Arouca,Vizela,1.0,4.0,A,O,2.25,3.25,3.22,A,2.0,4.0,6.0,4.0,7,2.0,0.0,1.0,1.0,7.0,4.0,3.0,5.0,7.0,-2.0,2.0,-3.0,5.0,1.0,0.0,1.0,0.0,1.0,-1.0,50.0,33.3,0.0,50.0,18.0,13.0,16.0,15.0
2021-12-12,2021,Porto,Sp Braga,1.0,0.0,H,U,1.49,4.44,6.1,H,4.0,1.0,6.0,3.0,7,4.0,1.0,0.0,1.0,13.0,3.0,10.0,3.0,7.0,-4.0,10.0,-4.0,14.0,2.0,0.0,2.0,0.0,1.0,-1.0,100.0,0.0,50.0,16.7,35.0,14.0,26.0,18.0
2021-12-12,2021,Moreirense,Portimonense,0.0,1.0,A,U,2.49,3.11,2.98,D,4.0,4.0,6.0,1.0,7,1.0,2.0,0.0,1.0,7.0,5.0,2.0,6.0,4.0,2.0,1.0,1.0,0.0,0.0,1.0,-1.0,0.0,1.0,-1.0,16.7,33.3,66.7,16.7,11.0,10.0,20.0,14.0
2021-12-12,2021,Famalicao,Benfica,1.0,4.0,A,O,7.31,4.71,1.41,A,2.0,4.0,5.0,2.0,7,0.0,3.0,2.0,0.0,2.0,12.0,-10.0,6.0,2.0,4.0,-4.0,10.0,-14.0,0.0,2.0,-2.0,1.0,0.0,1.0,0.0,50.0,85.7,0.0,13.0,29.0,28.0,31.0
2021-12-12,2021,Belenenses,Estoril,0.0,1.0,A,U,4.44,3.43,1.84,A,0.0,7.0,0.0,14.0,7,1.0,1.0,2.0,1.0,3.0,4.0,-1.0,11.0,4.0,7.0,-8.0,0.0,-8.0,0.0,1.0,-1.0,2.0,1.0,1.0,16.7,50.0,57.1,14.3,10.0,14.0,15.0,22.0
2021-12-11,2021,Sp Lisbon,Boavista,2.0,0.0,H,U,1.18,6.89,16.24,D,6.0,2.0,10.0,3.0,8,4.0,0.0,0.0,3.0,5.0,5.0,0.0,0.0,11.0,-11.0,5.0,-6.0,11.0,1.0,0.0,1.0,0.0,2.0,-2.0,85.7,0.0,0.0,66.7,23.0,13.0,24.0,12.0
2021-12-11,2021,Maritimo,Santa Clara,4.0,1.0,H,O,2.53,3.08,2.94,H,4.0,3.0,4.0,2.0,7,1.0,0.0,1.0,2.0,5.0,5.0,0.0,4.0,7.0,-3.0,1.0,-2.0,3.0,1.0,0.0,1.0,0.0,0.0,0.0,16.7,33.3,0.0,66.7,17.0,12.0,14.0,16.0
2021-12-11,2021,Guimaraes,Tondela,5.0,2.0,H,O,1.43,4.61,6.81,D,10.0,3.0,0.0,8.0,7,2.0,1.0,1.0,3.0,5.0,3.0,2.0,5.0,7.0,-2.0,0.0,-4.0,4.0,0.0,1.0,-1.0,1.0,3.0,-2.0,50.0,33.3,16.7,83.3,21.0,13.0,29.0,14.0
2021-12-10,2021,Pacos Ferreira,Gil Vicente,0.0,1.0,A,U,3.05,3.08,2.48,D,2.0,5.0,7.0,5.0,8,0.0,1.0,2.0,0.0,3.0,7.0,-4.0,6.0,6.0,0.0,-3.0,1.0,-4.0,0.0,0.0,0.0,1.0,0.0,1.0,14.3,42.9,33.3,16.7,9.0,26.0,14.0,22.0
2021-12-05,2021,Sp Braga,Estoril,2.0,0.0,H,U,1.48,4.36,6.37,H,4.0,5.0,2.0,7.0,7,3.0,2.0,0.0,0.0,12.0,6.0,6.0,4.0,3.0,1.0,8.0,3.0,5.0,3.0,1.0,2.0,0.0,0.0,0.0,50.0,16.7,66.7,0.0,29.0,13.0,21.0,20.0
2021-12-05,2021,Santa Clara,Arouca,2.0,1.0,H,O,2.09,3.38,3.5,H,4.0,4.0,1.0,8.0,7,0.0,0.0,3.0,1.0,1.0,4.0,-3.0,11.0,5.0,6.0,-10.0,-1.0,-9.0,0.0,0.0,0.0,3.0,0.0,3.0,16.7,50.0,0.0,50.0,9.0,15.0,14.0,21.0
2021-12-05,2021,Gil Vicente,Famalicao,4.0,0.0,H,O,2.82,3.11,2.6,H,10.0,1.0,4.0,1.0,7,0.0,2.0,2.0,1.0,4.0,11.0,-7.0,6.0,7.0,-1.0,-2.0,4.0,-6.0,0.0,2.0,-2.0,0.0,0.0,0.0,16.7,50.0,33.3,50.0,22.0,30.0,30.0,14.0
2021-12-04,2021,Pacos Ferreira,Guimaraes,1.0,2.0,A,O,3.0,3.12,2.45,H,3.0,8.0,4.0,6.0,7,0.0,1.0,1.0,2.0,2.0,5.0,-3.0,4.0,6.0,-2.0,-2.0,-1.0,-1.0,0.0,0.0,0.0,1.0,0.0,1.0,16.7,33.3,16.7,33.3,9.0,13.0,21.0,8.0
2021-12-04,2021,Boavista,Maritimo,1.0,1.0,D,U,2.29,3.17,3.24,H,4.0,3.0,2.0,6.0,7,0.0,0.0,1.0,3.0,4.0,3.0,1.0,7.0,7.0,0.0,-3.0,-4.0,1.0,0.0,0.0,0.0,1.0,1.0,0.0,33.3,16.7,16.7,66.7,16.0,14.0,21.0,11.0
2021-12-03,2021,Portimonense,Porto,0.0,3.0,A,O,8.97,4.61,1.37,A,4.0,6.0,3.0,6.0,7,2.0,3.0,1.0,0.0,4.0,9.0,-5.0,3.0,3.0,0.0,1.0,6.0,-5.0,1.0,2.0,-1.0,1.0,0.0,1.0,33.3,50.0,66.7,0.0,17.0,25.0,23.0,28.0
2021-12-03,2021,Benfica,Sp Lisbon,1.0,3.0,A,O,1.99,3.41,3.85,A,3.0,5.0,3.0,3.0,6,3.0,3.0,1.0,0.0,11.0,6.0,5.0,4.0,2.0,2.0,7.0,4.0,3.0,2.0,1.0,1.0,0.0,0.0,0.0,80.0,20.0,80.0,0.0,30.0,25.0,31.0,33.0
2021-11-30,2021,Sp Braga,Vizela,4.0,1.0,H,O,1.45,4.48,6.72,H,9.0,2.0,10.0,1.0,6,2.0,0.0,0.0,1.0,8.0,3.0,5.0,3.0,7.0,-4.0,5.0,-4.0,9.0,2.0,0.0,2.0,0.0,1.0,-1.0,40.0,20.0,0.0,40.0,26.0,13.0,17.0,16.0
2021-11-29,2021,Estoril,Santa Clara,2.0,2.0,D,O,2.02,3.28,3.76,D,7.0,5.0,4.0,3.0,6,1.0,0.0,1.0,3.0,5.0,3.0,2.0,5.0,7.0,-2.0,0.0,-4.0,4.0,0.0,0.0,0.0,0.0,1.0,-1.0,20.0,20.0,0.0,80.0,12.0,9.0,13.0,18.0
2021-11-28,2021,Sp Lisbon,Tondela,2.0,0.0,H,U,1.2,6.21,14.59,H,8.0,1.0,1.0,4.0,7,3.0,1.0,0.0,3.0,4.0,4.0,0.0,1.0,7.0,-6.0,3.0,-3.0,6.0,0.0,1.0,-1.0,0.0,2.0,-2.0,83.3,0.0,20.0,80.0,20.0,14.0,28.0,10.0
2021-11-28,2021,Porto,Guimaraes,2.0,1.0,H,O,1.33,5.17,8.6,D,9.0,2.0,5.0,2.0,6,4.0,1.0,0.0,1.0,14.0,4.0,10.0,2.0,4.0,-2.0,12.0,0.0,12.0,3.0,0.0,3.0,0.0,0.0,0.0,100.0,0.0,20.0,20.0,30.0,13.0,25.0,12.0
2021-11-28,2021,Maritimo,Pacos Ferreira,2.0,0.0,H,U,2.63,3.1,2.76,D,4.0,3.0,2.0,8.0,6,0.0,1.0,1.0,1.0,4.0,4.0,0.0,5.0,4.0,1.0,-1.0,0.0,-1.0,0.0,0.0,0.0,0.0,0.0,0.0,0.0,40.0,20.0,40.0,14.0,11.0,15.0,17.0
2021-11-27,2021,Famalicao,Portimonense,0.0,3.0,A,O,1.82,3.4,4.57,A,2.0,2.0,8.0,3.0,6,0.0,2.0,1.0,1.0,3.0,5.0,-2.0,4.0,4.0,0.0,-1.0,1.0,-2.0,0.0,1.0,-1.0,0.0,1.0,-1.0,0.0,40.0,60.0,20.0,16.0,13.0,22.0,16.0
2021-11-27,2021,Belenenses,Benfica,0.0,7.0,A,O,13.75,5.99,1.22,A,0.0,11.0,2.0,4.0,6,1.0,3.0,1.0,0.0,4.0,10.0,-6.0,5.0,2.0,3.0,-1.0,8.0,-9.0,0.0,2.0,-2.0,1.0,0.0,1.0,20.0,40.0,83.3,0.0,11.0,23.0,16.0,29.0
2021-11-27,2021,Arouca,Boavista,2.0,1.0,H,O,2.04,3.36,3.63,H,6.0,2.0,2.0,1.0,6,2.0,0.0,1.0,2.0,7.0,5.0,2.0,5.0,10.0,-5.0,2.0,-5.0,7.0,1.0,0.0,1.0,0.0,2.0,-2.0,40.0,40.0,0.0,60.0,18.0,12.0,24.0,13.0
2021-11-26,2021,Moreirense,Gil Vicente,2.0,2.0,D,O,2.45,3.15,3.0,D,4.0,8.0,5.0,5.0,6,1.0,1.0,1.0,1.0,7.0,5.0,2.0,7.0,5.0,2.0,0.0,0.0,0.0,0.0,0.0,0.0,0.0,0.0,0.0,20.0,40.0,40.0,20.0,12.0,20.0,21.0,21.0
2021-11-07,2021,Tondela,Maritimo,4.0,2.0,H,O,2.2,3.27,3.33,H,7.0,11.0,3.0,4.0,6,1.0,0.0,3.0,3.0,5.0,2.0,3.0,10.0,5.0,5.0,-5.0,-3.0,-2.0,0.0,0.0,0.0,2.0,0.0,2.0,40.0,60.0,20.0,60.0,14.0,5.0,19.0,11.0
2021-11-07,2021,Santa Clara,Porto,0.0,3.0,A,O,7.65,4.44,1.42,A,1.0,10.0,1.0,8.0,6,1.0,2.0,2.0,0.0,2.0,7.0,-5.0,8.0,4.0,4.0,-6.0,3.0,-9.0,0.0,1.0,-1.0,2.0,0.0,2.0,20.0,40.0,60.0,0.0,12.0,20.0,18.0,24.0
2021-11-07,2021,Pacos Ferreira,Sp Lisbon,0.0,2.0,A,U,6.77,3.93,1.52,D,1.0,8.0,4.0,10.0,6,0.0,3.0,1.0,0.0,3.0,6.0,-3.0,5.0,3.0,2.0,-2.0,3.0,-5.0,0.0,0.0,0.0,1.0,0.0,1.0,20.0,20.0,75.0,0.0,10.0,20.0,22.0,28.0
2021-11-07,2021,Benfica,Sp Braga,6.0,1.0,H,O,1.58,4.13,5.33,H,9.0,4.0,2.0,6.0,5,3.0,2.0,1.0,0.0,7.0,5.0,2.0,3.0,3.0,0.0,4.0,2.0,2.0,2.0,0.0,2.0,0.0,0.0,0.0,75.0,25.0,60.0,0.0,26.0,17.0,33.0,12.0
2021-11-06,2021,Vizela,Estoril,1.0,1.0,D,U,2.53,3.14,2.89,D,3.0,6.0,3.0,1.0,6,0.0,3.0,1.0,0.0,3.0,8.0,-5.0,4.0,3.0,1.0,-1.0,5.0,-6.0,0.0,2.0,-2.0,0.0,0.0,0.0,20.0,20.0,80.0,0.0,16.0,11.0,29.0,23.0
2021-11-06,2021,Portimonense,Belenenses,2.0,0.0,H,U,1.96,3.23,4.2,H,6.0,4.0,6.0,5.0,6,1.0,0.0,2.0,1.0,2.0,2.0,0.0,4.0,4.0,0.0,-2.0,-2.0,0.0,0.0,0.0,0.0,1.0,1.0,0.0,20.0,60.0,0.0,40.0,16.0,8.0,24.0,10.0
2021-11-06,2021,Guimaraes,Moreirense,2.0,1.0,H,O,1.49,4.19,6.67,H,5.0,8.0,5.0,9.0,6,2.0,0.0,1.0,2.0,7.0,1.0,6.0,4.0,7.0,-3.0,3.0,-6.0,9.0,1.0,0.0,1.0,1.0,1.0,0.0,40.0,40.0,0.0,40.0,24.0,13.0,32.0,24.0
2021-11-05,2021,Gil Vicente,Arouca,1.0,1.0,D,U,1.89,3.42,4.25,A,5.0,1.0,8.0,1.0,6,0.0,0.0,3.0,2.0,3.0,3.0,0.0,7.0,7.0,0.0,-4.0,-4.0,0.0,0.0,0.0,0.0,1.0,1.0,0.0,20.0,60.0,0.0,60.0,19.0,15.0,25.0,25.0
2021-11-05,2021,Boavista,Famalicao,2.0,5.0,A,O,3.79,3.29,2.05,A,5.0,10.0,6.0,2.0,6,1.0,1.0,0.0,2.0,4.0,7.0,-3.0,2.0,7.0,-5.0,2.0,0.0,2.0,1.0,1.0,0.0,0.0,0.0,0.0,40.0,0.0,20.0,60.0,15.0,25.0,20.0,21.0
2021-11-01,2021,Sp Braga,Portimonense,3.0,0.0,H,O,1.46,4.26,6.76,H,5.0,2.0,3.0,5.0,5,1.0,3.0,1.0,0.0,6.0,6.0,0.0,5.0,1.0,4.0,1.0,5.0,-4.0,1.0,1.0,0.0,0.0,0.0,0.0,25.0,25.0,75.0,0.0,27.0,12.0,20.0,16.0
2021-11-01,2021,Moreirense,Pacos Ferreira,1.0,1.0,D,U,2.4,3.23,2.92,D,1.0,4.0,4.0,7.0,5,1.0,1.0,2.0,2.0,7.0,3.0,4.0,8.0,6.0,2.0,-1.0,-3.0,2.0,0.0,0.0,0.0,0.0,1.0,-1.0,25.0,50.0,25.0,50.0,14.0,12.0,17.0,18.0
2021-10-31,2021,Maritimo,Gil Vicente,1.0,2.0,A,O,2.79,3.11,2.6,D,7.0,5.0,4.0,5.0,5,0.0,1.0,1.0,1.0,3.0,4.0,-1.0,5.0,4.0,1.0,-2.0,0.0,-2.0,0.0,0.0,0.0,1.0,0.0,1.0,0.0,25.0,25.0,25.0,7.0,19.0,14.0,20.0
2021-10-31,2021,Famalicao,Vizela,1.0,1.0,D,U,2.0,3.42,3.65,D,5.0,3.0,5.0,2.0,5,0.0,0.0,2.0,2.0,3.0,2.0,1.0,5.0,9.0,-4.0,-2.0,-7.0,5.0,0.0,0.0,0.0,0.0,2.0,-2.0,0.0,50.0,0.0,50.0,12.0,11.0,20.0,19.0
2021-10-31,2021,Belenenses,Santa Clara,2.0,1.0,H,O,3.03,3.11,2.4,H,4.0,4.0,8.0,7.0,5,0.0,0.0,2.0,3.0,3.0,2.0,1.0,6.0,8.0,-2.0,-3.0,-6.0,3.0,0.0,0.0,0.0,1.0,2.0,-1.0,0.0,50.0,0.0,75.0,9.0,10.0,11.0,16.0
2021-10-30,2021,Sp Lisbon,Guimaraes,1.0,0.0,H,U,1.51,4.24,6.04,H,4.0,2.0,7.0,2.0,6,3.0,1.0,0.0,0.0,5.0,4.0,1.0,1.0,3.0,-2.0,4.0,1.0,3.0,1.0,0.0,1.0,0.0,0.0,0.0,80.0,0.0,25.0,0.0,23.0,13.0,31.0,19.0
2021-10-30,2021,Porto,Boavista,4.0,1.0,H,O,1.2,6.55,13.29,H,11.0,3.0,4.0,6.0,5,4.0,0.0,0.0,2.0,12.0,4.0,8.0,1.0,9.0,-8.0,11.0,-5.0,16.0,3.0,0.0,3.0,0.0,2.0,-2.0,100.0,0.0,0.0,50.0,26.0,14.0,29.0,12.0
2021-10-30,2021,Estoril,Benfica,1.0,1.0,D,U,7.26,4.39,1.43,A,2.0,7.0,4.0,10.0,5,1.0,4.0,1.0,0.0,4.0,11.0,-7.0,4.0,1.0,3.0,0.0,10.0,-10.0,0.0,3.0,-3.0,0.0,0.0,0.0,25.0,25.0,100.0,0.0,11.0,23.0,13.0,28.0
2021-10-29,2021,Arouca,Tondela,2.0,0.0,H,U,2.34,3.22,3.1,H,2.0,6.0,4.0,6.0,5,1.0,1.0,2.0,3.0,5.0,5.0,0.0,7.0,7.0,0.0,-2.0,-2.0,0.0,0.0,1.0,-1.0,1.0,1.0,0.0,25.0,50.0,25.0,75.0,19.0,10.0,23.0,8.0
2021-10-25,2021,Gil Vicente,Sp Braga,0.0,1.0,A,U,3.84,3.37,1.96,A,7.0,4.0,11.0,2.0,5,1.0,2.0,2.0,0.0,6.0,6.0,0.0,6.0,3.0,3.0,0.0,3.0,-3.0,1.0,1.0,0.0,1.0,0.0,1.0,25.0,50.0,50.0,0.0,18.0,18.0,15.0,16.0
2021-10-25,2021,Boavista,Belenenses,0.0,0.0,D,U,1.97,3.2,4.03,D,5.0,0.0,5.0,1.0,5,2.0,0.0,0.0,2.0,7.0,2.0,5.0,2.0,6.0,-4.0,5.0,-4.0,9.0,2.0,0.0,2.0,0.0,2.0,-2.0,50.0,0.0,0.0,50.0,14.0,11.0,17.0,12.0
2021-10-24,2021,Vizela,Benfica,0.0,1.0,A,U,6.89,4.61,1.42,D,4.0,7.0,7.0,12.0,5,1.0,4.0,0.0,0.0,5.0,12.0,-7.0,4.0,2.0,2.0,1.0,10.0,-9.0,0.0,3.0,-3.0,0.0,0.0,0.0,25.0,0.0,100.0,0.0,18.0,22.0,33.0,22.0
2021-10-24,2021,Portimonense,Estoril,0.0,2.0,A,U,2.4,3.0,3.17,D,3.0,2.0,6.0,1.0,5,1.0,3.0,2.0,0.0,2.0,8.0,-6.0,3.0,3.0,0.0,-1.0,5.0,-6.0,0.0,2.0,-2.0,0.0,0.0,0.0,25.0,50.0,75.0,0.0,18.0,15.0,23.0,24.0
2021-10-24,2021,Pacos Ferreira,Arouca,0.0,0.0,D,U,1.95,3.4,3.91,D,0.0,6.0,3.0,9.0,5,1.0,0.0,1.0,3.0,5.0,3.0,2.0,5.0,9.0,-4.0,0.0,-6.0,6.0,1.0,0.0,1.0,1.0,2.0,-1.0,25.0,25.0,0.0,75.0,13.0,10.0,25.0,18.0
2021-10-23,2021,Tondela,Porto,1.0,3.0,A,O,8.0,4.93,1.36,A,2.0,6.0,3.0,10.0,5,2.0,2.0,2.0,0.0,7.0,6.0,1.0,7.0,4.0,3.0,0.0,2.0,-2.0,1.0,0.0,1.0,1.0,0.0,1.0,50.0,50.0,50.0,0.0,17.0,18.0,19.0,16.0
2021-10-23,2021,Sp Lisbon,Moreirense,1.0,0.0,H,U,1.23,5.96,12.59,H,4.0,1.0,7.0,1.0,5,3.0,0.0,0.0,1.0,7.0,3.0,4.0,1.0,8.0,-7.0,6.0,-5.0,11.0,2.0,0.0,2.0,0.0,1.0,-1.0,75.0,0.0,0.0,25.0,24.0,16.0,27.0,27.0
2021-10-23,2021,Santa Clara,Famalicao,0.0,2.0,A,U,2.48,3.12,2.95,A,0.0,5.0,1.0,5.0,5,1.0,0.0,1.0,3.0,4.0,5.0,-1.0,8.0,9.0,-1.0,-4.0,-4.0,0.0,0.0,0.0,0.0,1.0,1.0,0.0,25.0,25.0,0.0,75.0,16.0,22.0,22.0,19.0
2021-10-22,2021,Guimaraes,Maritimo,2.0,1.0,H,O,1.54,3.96,6.27,D,10.0,3.0,14.0,2.0,5,1.0,1.0,2.0,2.0,5.0,3.0,2.0,4.0,4.0,0.0,1.0,-1.0,2.0,1.0,0.0,1.0,1.0,0.0,1.0,25.0,50.0,25.0,50.0,17.0,6.0,28.0,13.0
2021-10-03,2021,Sp Braga,Boavista,2.0,2.0,D,O,1.45,4.47,6.85,D,8.0,2.0,3.0,1.0,4,,,,,,,,,,,,,,,,,,,,33.3,33.3,0.0,66.7,,,,
2021-10-03,2021,Estoril,Gil Vicente,2.0,2.0,D,O,2.24,3.21,3.34,H,4.0,9.0,1.0,5.0,4,,,,,,,,,,,,,,,,,,,,33.3,33.3,33.3,33.3,,,,
2021-10-03,2021,Benfica,Portimonense,0.0,1.0,A,U,1.21,6.48,13.58,D,7.0,3.0,13.0,4.0,4,,,,,,,,,,,,,,,,,,,,100.0,0.0,66.7,0.0,,,,
2021-10-03,2021,Belenenses,Tondela,0.0,2.0,A,U,2.46,3.31,2.85,A,2.0,5.0,1.0,4.0,4,,,,,,,,,,,,,,,,,,,,0.0,33.3,0.0,100.0,,,,
2021-10-02,2021,Vizela,Santa Clara,1.0,1.0,D,U,2.48,3.17,2.95,D,4.0,1.0,6.0,4.0,4,,,,,,,,,,,,,,,,,,,,33.3,0.0,0.0,100.0,,,,
2021-10-02,2021,Porto,Pacos Ferreira,2.0,1.0,H,O,1.24,5.94,11.86,D,8.0,2.0,11.0,3.0,4,,,,,,,,,,,,,,,,,,,,100.0,0.0,33.3,33.3,,,,
2021-10-02,2021,Arouca,Sp Lisbon,1.0,2.0,A,O,8.08,4.22,1.43,A,5.0,8.0,4.0,5.0,4,,,,,,,,,,,,,,,,,,,,33.3,33.3,66.7,0.0,,,,
2021-10-01,2021,Maritimo,Moreirense,0.0,0.0,D,U,2.21,3.22,3.4,D,0.0,6.0,3.0,7.0,4,,,,,,,,,,,,,,,,,,,,0.0,33.3,0.0,33.3,,,,
2021-10-01,2021,Famalicao,Guimaraes,1.0,2.0,A,O,2.5,3.35,2.79,D,2.0,5.0,8.0,0.0,4,,,,,,,,,,,,,,,,,,,,0.0,33.3,0.0,0.0,,,,
2021-09-27,2021,Pacos Ferreira,Belenenses,2.0,2.0,D,O,1.73,3.52,5.11,H,5.0,2.0,3.0,2.0,4,,,,,,,,,,,,,,,,,,,,33.3,33.3,0.0,66.7,,,,
2021-09-27,2021,Boavista,Estoril,1.0,1.0,D,U,2.68,3.03,2.81,H,3.0,1.0,2.0,13.0,4,,,,,,,,,,,,,,,,,,,,66.7,0.0,100.0,0.0,,,,
2021-09-26,2021,Santa Clara,Sp Braga,1.0,1.0,D,U,3.86,3.39,1.98,D,3.0,4.0,5.0,5.0,4,,,,,,,,,,,,,,,,,,,,33.3,33.3,66.7,0.0,,,,
2021-09-26,2021,Portimonense,Vizela,0.0,0.0,D,U,2.2,3.3,3.32,D,4.0,2.0,7.0,5.0,4,,,,,,,,,,,,,,,,,,,,33.3,66.7,0.0,66.7,,,,
2021-09-25,2021,Tondela,Famalicao,3.0,2.0,H,O,3.18,3.31,2.26,D,4.0,7.0,4.0,3.0,4,,,,,,,,,,,,,,,,,,,,33.3,66.7,0.0,66.7,,,,
2021-09-25,2021,Moreirense,Arouca,2.0,1.0,H,O,2.12,3.38,3.41,H,3.0,5.0,5.0,9.0,4,,,,,,,,,,,,,,,,,,,,0.0,66.7,0.0,66.7,,,,
2021-09-25,2021,Guimaraes,Benfica,1.0,3.0,A,O,5.03,3.89,1.66,A,3.0,4.0,5.0,5.0,4,,,,,,,,,,,,,,,,,,,,33.3,33.3,100.0,0.0,,,,
2021-09-24,2021,Sp Lisbon,Maritimo,1.0,0.0,H,U,1.26,5.59,12.56,D,7.0,0.0,9.0,0.0,4,,,,,,,,,,,,,,,,,,,,66.7,0.0,33.3,33.3,,,,
2021-09-24,2021,Gil Vicente,Porto,1.0,2.0,A,O,7.88,4.48,1.42,D,4.0,8.0,2.0,6.0,4,,,,,,,,,,,,,,,,,,,,33.3,33.3,33.3,0.0,,,,
2021-09-20,2021,Sp Braga,Tondela,3.0,1.0,H,O,1.33,5.15,8.94,D,7.0,1.0,5.0,0.0,3,,,,,,,,,,,,,,,,,,,,0.0,50.0,0.0,100.0,,,,
2021-09-20,2021,Benfica,Boavista,3.0,1.0,H,O,1.2,6.51,13.63,H,6.0,6.0,5.0,4.0,3,,,,,,,,,,,,,,,,,,,,100.0,0.0,0.0,50.0,,,,
2021-09-19,2021,Vizela,Pacos Ferreira,1.0,1.0,D,U,2.42,3.16,3.01,H,4.0,3.0,5.0,4.0,3,,,,,,,,,,,,,,,,,,,,50.0,0.0,50.0,50.0,,,,
2021-09-19,2021,Porto,Moreirense,5.0,0.0,H,O,1.21,6.47,13.59,H,7.0,0.0,6.0,5.0,3,,,,,,,,,,,,,,,,,,,,100.0,0.0,0.0,0.0,,,,
2021-09-19,2021,Estoril,Sp Lisbon,0.0,1.0,A,U,6.08,3.74,1.59,D,3.0,4.0,7.0,9.0,3,,,,,,,,,,,,,,,,,,,,50.0,0.0,50.0,0.0,,,,
2021-09-18,2021,Famalicao,Maritimo,0.0,0.0,D,U,2.04,3.35,3.69,D,4.0,0.0,7.0,5.0,3,,,,,,,,,,,,,,,,,,,,0.0,50.0,50.0,50.0,,,,
2021-09-18,2021,Belenenses,Gil Vicente,1.0,1.0,D,U,3.47,3.1,2.23,D,4.0,4.0,4.0,7.0,3,,,,,,,,,,,,,,,,,,,,0.0,50.0,50.0,50.0,,,,
2021-09-18,2021,Arouca,Guimaraes,2.0,2.0,D,O,3.84,3.42,1.98,A,5.0,4.0,6.0,4.0,3,,,,,,,,,,,,,,,,,,,,50.0,50.0,0.0,0.0,,,,
2021-09-17,2021,Portimonense,Santa Clara,2.0,1.0,H,O,2.34,3.01,3.37,H,4.0,2.0,4.0,2.0,3,,,,,,,,,,,,,,,,,,,,0.0,100.0,0.0,100.0,,,,
2021-09-13,2021,Tondela,Estoril,1.0,2.0,A,O,2.95,3.24,2.42,A,5.0,4.0,6.0,5.0,3,,,,,,,,,,,,,,,,,,,,50.0,50.0,100.0,0.0,,,,
2021-09-13,2021,Maritimo,Arouca,2.0,2.0,D,O,2.06,3.24,3.74,H,6.0,3.0,5.0,2.0,3,,,,,,,,,,,,,,,,,,,,0.0,50.0,0.0,100.0,,,,
2021-09-12,2021,Moreirense,Famalicao,2.0,2.0,D,O,2.82,3.16,2.57,D,3.0,8.0,6.0,4.0,3,,,,,,,,,,,,,,,,,,,,0.0,100.0,0.0,100.0,,,,
2021-09-12,2021,Guimaraes,Belenenses,0.0,0.0,D,U,1.5,4.06,6.74,D,3.0,6.0,5.0,7.0,3,,,,,,,,,,,,,,,,,,,,50.0,50.0,0.0,100.0,,,,
2021-09-12,2021,Gil Vicente,Vizela,2.0,2.0,D,O,2.02,3.37,3.72,A,6.0,6.0,9.0,7.0,3,,,,,,,,,,,,,,,,,,,,50.0,50.0,0.0,100.0,,,,
2021-09-12,2021,Boavista,Portimonense,1.0,1.0,D,U,2.57,3.09,2.88,A,3.0,3.0,8.0,2.0,3,,,,,,,,,,,,,,,,,,,,100.0,0.0,100.0,0.0,,,,
2021-09-11,2021,Sp Lisbon,Porto,1.0,1.0,D,U,2.57,3.16,2.82,H,5.0,1.0,5.0,4.0,3,,,,,,,,,,,,,,,,,,,,100.0,0.0,50.0,0.0,,,,
2021-09-11,2021,Santa Clara,Benfica,0.0,5.0,A,O,5.9,4.22,1.53,A,5.0,5.0,7.0,2.0,3,,,,,,,,,,,,,,,,,,,,50.0,0.0,100.0,0.0,,,,
2021-09-11,2021,Pacos Ferreira,Sp Braga,0.0,0.0,D,U,4.19,3.45,1.88,D,3.0,2.0,11.0,5.0,3,,,,,,,,,,,,,,,,,,,,50.0,50.0,100.0,0.0,,,,
2021-08-29,2021,Sp Braga,Guimaraes,0.0,0.0,D,U,1.73,3.79,4.62,D,6.0,2.0,6.0,6.0,2,,,,,,,,,,,,,,,,,,,,0.0,100.0,0.0,0.0,,,,
2021-08-29,2021,Santa Clara,Gil Vicente,1.0,0.0,H,U,2.63,2.98,2.9,H,4.0,2.0,5.0,4.0,2,,,,,,,,,,,,,,,,,,,,0.0,0.0,100.0,0.0,,,,
2021-08-29,2021,Portimonense,Pacos Ferreira,0.0,1.0,A,U,2.13,3.2,3.6,A,5.0,2.0,7.0,3.0,2,,,,,,,,,,,,,,,,,,,,0.0,100.0,0.0,100.0,,,,
2021-08-29,2021,Benfica,Tondela,2.0,1.0,H,O,1.18,6.84,15.57,A,8.0,2.0,11.0,0.0,2,,,,,,,,,,,,,,,,,,,,100.0,0.0,0.0,100.0,,,,
2021-08-28,2021,Vizela,Boavista,1.0,1.0,D,U,2.77,3.23,2.57,D,4.0,1.0,11.0,2.0,2,,,,,,,,,,,,,,,,,,,,100.0,0.0,0.0,100.0,,,,
2021-08-28,2021,Porto,Arouca,3.0,0.0,H,O,1.18,6.97,16.11,H,4.0,1.0,4.0,5.0,2,,,,,,,,,,,,,,,,,,,,100.0,0.0,0.0,100.0,,,,
2021-08-28,2021,Famalicao,Sp Lisbon,1.0,1.0,D,U,6.71,4.23,1.48,D,5.0,5.0,2.0,9.0,2,,,,,,,,,,,,,,,,,,,,0.0,100.0,100.0,0.0,,,,
2021-08-27,2021,Estoril,Maritimo,2.0,1.0,H,O,2.1,3.1,3.86,D,3.0,2.0,1.0,4.0,2,,,,,,,,,,,,,,,,,,,,0.0,0.0,100.0,0.0,,,,
2021-08-27,2021,Belenenses,Moreirense,1.0,1.0,D,U,3.32,3.15,2.28,H,1.0,6.0,3.0,11.0,2,,,,,,,,,,,,,,,,,,,,0.0,100.0,0.0,0.0,,,,
2021-08-23,2021,Pacos Ferreira,Estoril,1.0,3.0,A,O,2.16,3.14,3.51,D,2.0,4.0,5.0,4.0,2,,,,,,,,,,,,,,,,,,,,100.0,0.0,100.0,0.0,,,,
2021-08-23,2021,Boavista,Santa Clara,2.0,0.0,H,U,2.36,3.15,3.09,H,4.0,2.0,5.0,5.0,2,,,,,,,,,,,,,,,,,,,,100.0,0.0,0.0,100.0,,,,
2021-08-22,2021,Tondela,Portimonense,0.0,3.0,A,O,2.83,2.93,2.7,A,3.0,5.0,6.0,5.0,2,,,,,,,,,,,,,,,,,,,,100.0,0.0,100.0,0.0,,,,
2021-08-22,2021,Maritimo,Porto,1.0,1.0,D,U,8.65,4.6,1.37,D,1.0,5.0,3.0,4.0,2,,,,,,,,,,,,,,,,,,,,0.0,100.0,100.0,0.0,,,,
2021-08-22,2021,Guimaraes,Vizela,4.0,0.0,H,O,1.7,3.59,5.06,D,8.0,2.0,8.0,2.0,2,,,,,,,,,,,,,,,,,,,,0.0,100.0,0.0,100.0,,,,
2021-08-21,2021,Sp Lisbon,Belenenses,2.0,0.0,H,U,1.18,6.53,16.7,H,7.0,0.0,10.0,0.0,2,,,,,,,,,,,,,,,,,,,,100.0,0.0,0.0,100.0,,,,
2021-08-21,2021,Gil Vicente,Benfica,0.0,2.0,A,U,5.59,4.09,1.56,D,2.0,7.0,3.0,9.0,2,,,,,,,,,,,,,,,,,,,,100.0,0.0,100.0,0.0,,,,
2021-08-20,2021,Moreirense,Sp Braga,2.0,3.0,A,O,5.06,3.61,1.7,A,5.0,7.0,6.0,0.0,2,,,,,,,,,,,,,,,,,,,,0.0,100.0,100.0,0.0,,,,
2021-08-20,2021,Arouca,Famalicao,2.0,1.0,H,O,2.92,3.08,2.53,A,6.0,5.0,10.0,9.0,2,,,,,,,,,,,,,,,,,,,,0.0,100.0,0.0,100.0,,,,
2021-08-16,2021,Boavista,Pacos Ferreira,3.0,0.0,H,O,2.7,3.01,2.8,H,4.0,5.0,2.0,8.0,1,,,,,,,,,,,,,,,,,,,,,,,,,,,
2021-08-16,2021,Belenenses,Maritimo,1.0,2.0,A,O,2.51,2.91,3.13,A,2.0,4.0,3.0,4.0,1,,,,,,,,,,,,,,,,,,,,,,,,,,,
2021-08-15,2021,Santa Clara,Moreirense,2.0,2.0,D,O,2.41,3.13,3.07,D,4.0,4.0,5.0,4.0,1,,,,,,,,,,,,,,,,,,,,,,,,,,,
2021-08-15,2021,Portimonense,Gil Vicente,0.0,1.0,A,U,2.4,3.06,3.15,D,5.0,4.0,5.0,4.0,1,,,,,,,,,,,,,,,,,,,,,,,,,,,
2021-08-15,2021,Famalicao,Porto,1.0,2.0,A,O,8.06,4.8,1.37,A,1.0,4.0,3.0,2.0,1,,,,,,,,,,,,,,,,,,,,,,,,,,,
2021-08-14,2021,Vizela,Tondela,2.0,1.0,H,O,2.37,3.17,3.1,A,6.0,2.0,11.0,4.0,1,,,,,,,,,,,,,,,,,,,,,,,,,,,
2021-08-14,2021,Sp Braga,Sp Lisbon,1.0,2.0,A,O,3.36,3.2,2.23,A,6.0,3.0,6.0,5.0,1,,,,,,,,,,,,,,,,,,,,,,,,,,,
2021-08-14,2021,Benfica,Arouca,2.0,0.0,H,U,1.17,7.02,16.22,H,5.0,1.0,4.0,2.0,1,,,,,,,,,,,,,,,,,,,,,,,,,,,
2021-08-13,2021,Estoril,Guimaraes,0.0,0.0,D,U,2.88,3.09,2.58,D,1.0,2.0,4.0,9.0,1,,,,,,,,,,,,,,,,,,,,,,,,,,,
2021-08-09,2021,Gil Vicente,Boavista,3.0,0.0,H,O,2.12,3.14,3.68,H,6.0,5.0,1.0,5.0,1,,,,,,,,,,,,,,,,,,,,,,,,,,,
2021-08-08,2021,Tondela,Santa Clara,3.0,0.0,H,O,3.05,3.14,2.4,H,5.0,5.0,3.0,5.0,1,,,,,,,,,,,,,,,,,,,,,,,,,,,
2021-08-08,2021,Porto,Belenenses,2.0,0.0,H,U,1.22,6.26,11.93,H,7.0,3.0,8.0,3.0,1,,,,,,,,,,,,,,,,,,,,,,,,,,,
2021-08-08,2021,Pacos Ferreira,Famalicao,2.0,0.0,H,U,2.4,3.1,3.07,D,3.0,2.0,6.0,3.0,1,,,,,,,,,,,,,,,,,,,,,,,,,,,
2021-08-08,2021,Guimaraes,Portimonense,0.0,1.0,A,U,2.05,3.21,3.82,D,3.0,1.0,10.0,5.0,1,,,,,,,,,,,,,,,,,,,,,,,,,,,
2021-08-07,2021,Moreirense,Benfica,1.0,2.0,A,O,6.87,4.56,1.43,A,3.0,6.0,0.0,6.0,1,,,,,,,,,,,,,,,,,,,,,,,,,,,
2021-08-07,2021,Maritimo,Sp Braga,0.0,2.0,A,U,4.3,3.57,1.82,D,0.0,5.0,3.0,6.0,1,,,,,,,,,,,,,,,,,,,,,,,,,,,
2021-08-07,2021,Arouca,Estoril,0.0,2.0,A,U,2.25,3.2,3.28,A,3.0,6.0,3.0,2.0,1,,,,,,,,,,,,,,,,,,,,,,,,,,,
2021-08-06,2021,Sp Lisbon,Vizela,3.0,0.0,H,O,1.27,5.51,10.97,D,5.0,1.0,3.0,5.0,1,,,,,,,,,,,,,,,,,,,,,,,,,,,
2021-05-19,2020,Sp Lisbon,Maritimo,5.0,1.0,H,O,1.27,5.65,11.21,H,6.0,1.0,4.0,3.0,17,2.0,1.0,0.0,2.0,6.0,2.0,4.0,3.0,4.0,-1.0,3.0,-2.0,5.0,1.0,0.0,1.0,0.0,1.0,-1.0,75.0,0.0,31.2,56.2,25.0,12.0,34.0,26.0
2021-05-19,2020,Santa Clara,Farense,4.0,0.0,H,O,2.18,3.42,3.31,H,5.0,1.0,1.0,4.0,17,2.0,1.0,0.0,2.0,9.0,3.0,6.0,4.0,6.0,-2.0,5.0,-3.0,8.0,1.0,1.0,0.0,0.0,1.0,-1.0,37.5,31.2,18.8,56.2,26.0,12.0,24.0,23.0
2021-05-19,2020,Porto,Belenenses,4.0,0.0,H,O,1.25,5.96,11.58,H,6.0,3.0,6.0,6.0,17,4.0,1.0,0.0,1.0,11.0,6.0,5.0,4.0,5.0,-1.0,7.0,1.0,6.0,1.0,1.0,0.0,0.0,0.0,0.0,75.0,6.2,18.8,31.2,24.0,13.0,23.0,15.0
2021-05-19,2020,Portimonense,Sp Braga,0.0,0.0,D,U,2.9,3.14,2.56,D,2.0,1.0,4.0,5.0,17,1.0,1.0,2.0,1.0,5.0,3.0,2.0,7.0,3.0,4.0,-2.0,0.0,-2.0,1.0,0.0,1.0,1.0,0.0,1.0,37.5,37.5,50.0,31.2,10.0,15.0,16.0,22.0
2021-05-19,2020,Nacional,Rio Ave,1.0,2.0,A,O,5.21,3.79,1.67,H,2.0,14.0,1.0,16.0,17,1.0,0.0,3.0,2.0,3.0,3.0,0.0,9.0,5.0,4.0,-6.0,-2.0,-4.0,0.0,0.0,0.0,2.0,0.0,2.0,25.0,56.2,12.5,43.8,15.0,13.0,19.0,31.0
2021-05-19,2020,Moreirense,Famalicao,3.0,0.0,H,O,3.26,3.52,2.16,H,3.0,3.0,6.0,3.0,17,0.0,2.0,1.0,1.0,6.0,8.0,-2.0,7.0,5.0,2.0,-1.0,3.0,-4.0,0.0,1.0,-1.0,0.0,0.0,0.0,18.8,18.8,37.5,43.8,14.0,15.0,16.0,22.0
2021-05-19,2020,Guimaraes,Benfica,1.0,3.0,A,O,3.37,3.69,2.06,D,7.0,9.0,7.0,4.0,17,2.0,4.0,2.0,0.0,5.0,15.0,-10.0,4.0,2.0,2.0,1.0,13.0,-12.0,1.0,4.0,-3.0,0.0,0.0,0.0,43.8,50.0,62.5,12.5,16.0,24.0,26.0,27.0
2021-05-19,2020,Gil Vicente,Boavista,1.0,2.0,A,O,3.48,3.61,2.04,H,4.0,6.0,7.0,8.0,17,0.0,1.0,2.0,2.0,2.0,6.0,-4.0,6.0,6.0,0.0,-4.0,0.0,-4.0,0.0,1.0,-1.0,1.0,0.0,1.0,25.0,50.0,12.5,37.5,16.0,15.0,20.0,11.0
2021-05-18,2020,Tondela,Pacos Ferreira,2.0,3.0,A,O,3.05,3.3,2.34,D,3.0,8.0,3.0,6.0,17,1.0,0.0,3.0,2.0,3.0,2.0,1.0,8.0,6.0,2.0,-5.0,-4.0,-1.0,0.0,0.0,0.0,3.0,2.0,1.0,50.0,37.5,25.0,43.8,13.0,6.0,21.0,18.0
2021-05-16,2020,Maritimo,Guimaraes,0.0,0.0,D,U,2.76,3.11,2.64,D,1.0,1.0,2.0,2.0,17,3.0,0.0,1.0,3.0,3.0,2.0,1.0,1.0,7.0,-6.0,2.0,-5.0,7.0,0.0,0.0,0.0,0.0,1.0,-1.0,31.2,56.2,31.2,37.5,8.0,8.0,21.0,22.0
2021-05-16,2020,Famalicao,Nacional,3.0,0.0,H,O,1.87,3.61,4.02,H,6.0,2.0,5.0,2.0,17,2.0,0.0,1.0,3.0,5.0,4.0,1.0,3.0,11.0,-8.0,2.0,-7.0,9.0,1.0,0.0,1.0,0.0,2.0,-2.0,18.8,37.5,12.5,62.5,16.0,12.0,24.0,21.0
2021-05-16,2020,Belenenses,Santa Clara,0.0,2.0,A,U,2.99,3.06,2.5,A,3.0,4.0,10.0,5.0,17,3.0,0.0,1.0,4.0,5.0,2.0,3.0,3.0,6.0,-3.0,2.0,-4.0,6.0,1.0,0.0,1.0,1.0,0.0,1.0,37.5,31.2,31.2,56.2,12.0,14.0,14.0,16.0
2021-05-15,2020,Rio Ave,Porto,0.0,3.0,A,O,6.7,4.25,1.48,D,2.0,4.0,5.0,5.0,17,0.0,2.0,2.0,0.0,1.0,5.0,-4.0,5.0,2.0,3.0,-4.0,3.0,-7.0,0.0,1.0,-1.0,2.0,0.0,2.0,25.0,37.5,62.5,6.2,10.0,18.0,13.0,30.0
2021-05-15,2020,Farense,Tondela,1.0,0.0,H,U,1.64,3.88,5.12,D,5.0,4.0,5.0,3.0,17,0.0,2.0,2.0,0.0,4.0,8.0,-4.0,6.0,6.0,0.0,-2.0,2.0,-4.0,0.0,0.0,0.0,0.0,0.0,0.0,18.8,43.8,12.5,62.5,23.0,13.0,22.0,19.0
2021-05-15,2020,Boavista,Portimonense,1.0,0.0,H,U,2.5,3.21,2.86,D,2.0,0.0,2.0,5.0,17,1.0,2.0,1.0,1.0,6.0,7.0,-1.0,5.0,3.0,2.0,1.0,4.0,-3.0,1.0,1.0,0.0,0.0,0.0,0.0,25.0,50.0,18.8,62.5,19.0,22.0,17.0,19.0
2021-05-15,2020,Benfica,Sp Lisbon,4.0,3.0,H,O,1.94,3.48,3.92,H,9.0,5.0,5.0,5.0,17,2.0,3.0,1.0,0.0,5.0,5.0,0.0,4.0,1.0,3.0,1.0,4.0,-3.0,0.0,1.0,-1.0,0.0,0.0,0.0,68.8,12.5,81.2,0.0,11.0,13.0,21.0,24.0
2021-05-14,2020,Sp Braga,Moreirense,2.0,1.0,H,O,1.38,5.08,7.21,H,5.0,3.0,10.0,1.0,17,1.0,2.0,1.0,1.0,4.0,4.0,0.0,4.0,4.0,0.0,0.0,0.0,0.0,0.0,0.0,0.0,0.0,1.0,-1.0,62.5,18.8,37.5,43.8,21.0,12.0,37.0,23.0
2021-05-14,2020,Pacos Ferreira,Gil Vicente,0.0,2.0,A,U,2.68,3.04,2.8,A,4.0,7.0,2.0,9.0,17,1.0,3.0,2.0,1.0,2.0,6.0,-4.0,8.0,3.0,5.0,-6.0,3.0,-9.0,0.0,1.0,-1.0,2.0,0.0,2.0,62.5,18.8,37.5,50.0,13.0,14.0,17.0,19.0
2021-05-12,2020,Guimaraes,Famalicao,1.0,2.0,A,O,2.42,3.15,3.03,D,1.0,5.0,7.0,8.0,16,2.0,2.0,2.0,1.0,6.0,10.0,-4.0,6.0,4.0,2.0,0.0,6.0,-6.0,1.0,2.0,-1.0,1.0,0.0,1.0,46.7,46.7,33.3,46.7,23.0,17.0,27.0,15.0
2021-05-11,2020,Tondela,Belenenses,1.0,3.0,A,O,2.54,2.94,3.08,A,3.0,7.0,11.0,3.0,16,1.0,0.0,3.0,1.0,2.0,3.0,-1.0,6.0,4.0,2.0,-4.0,-1.0,-3.0,0.0,0.0,0.0,2.0,0.0,2.0,53.3,33.3,13.3,33.3,12.0,9.0,13.0,14.0
2021-05-11,2020,Sp Lisbon,Boavista,1.0,0.0,H,U,1.29,5.36,10.62,H,3.0,2.0,12.0,1.0,16,2.0,1.0,0.0,2.0,6.0,6.0,0.0,3.0,7.0,-4.0,3.0,-1.0,4.0,1.0,1.0,0.0,0.0,1.0,-1.0,73.3,0.0,13.3,33.3,26.0,13.0,27.0,13.0
2021-05-11,2020,Santa Clara,Rio Ave,1.0,0.0,H,U,2.38,3.13,3.13,D,6.0,5.0,8.0,6.0,16,1.0,0.0,0.0,1.0,9.0,4.0,5.0,5.0,5.0,0.0,4.0,-1.0,5.0,1.0,0.0,1.0,0.0,0.0,0.0,33.3,33.3,13.3,40.0,25.0,10.0,22.0,30.0
2021-05-11,2020,Nacional,Benfica,1.0,3.0,A,O,10.3,5.49,1.29,H,4.0,3.0,5.0,6.0,16,1.0,4.0,3.0,0.0,3.0,14.0,-11.0,8.0,1.0,7.0,-5.0,13.0,-18.0,0.0,4.0,-4.0,1.0,0.0,1.0,26.7,53.3,60.0,13.3,18.0,26.0,22.0,22.0
2021-05-10,2020,Porto,Farense,5.0,1.0,H,O,1.3,5.29,9.61,H,7.0,1.0,3.0,1.0,16,4.0,2.0,0.0,1.0,8.0,3.0,5.0,3.0,1.0,2.0,5.0,2.0,3.0,1.0,1.0,0.0,0.0,0.0,0.0,73.3,6.7,20.0,53.3,22.0,19.0,30.0,31.0
2021-05-10,2020,Portimonense,Moreirense,1.0,2.0,A,O,1.89,3.51,4.05,D,3.0,3.0,2.0,6.0,16,1.0,1.0,2.0,2.0,5.0,2.0,3.0,7.0,6.0,1.0,-2.0,-4.0,2.0,1.0,0.0,1.0,1.0,2.0,-1.0,40.0,33.3,33.3,46.7,10.0,9.0,16.0,27.0
2021-05-09,2020,Pacos Ferreira,Maritimo,1.0,1.0,D,U,2.14,3.19,3.54,D,5.0,1.0,7.0,4.0,16,2.0,2.0,2.0,2.0,4.0,3.0,1.0,7.0,4.0,3.0,-3.0,-1.0,-2.0,1.0,0.0,1.0,2.0,1.0,1.0,66.7,20.0,33.3,60.0,16.0,14.0,15.0,28.0
2021-05-09,2020,Gil Vicente,Sp Braga,1.0,1.0,D,U,4.91,3.57,1.73,D,2.0,3.0,2.0,4.0,16,1.0,1.0,2.0,1.0,3.0,4.0,-1.0,5.0,4.0,1.0,-2.0,0.0,-2.0,1.0,0.0,1.0,1.0,0.0,1.0,26.7,53.3,53.3,33.3,18.0,15.0,21.0,22.0
2021-05-07,2020,Famalicao,Santa Clara,1.0,0.0,H,U,2.19,3.24,3.36,D,4.0,3.0,5.0,2.0,16,1.0,0.0,1.0,4.0,6.0,3.0,3.0,5.0,7.0,-2.0,1.0,-4.0,5.0,1.0,0.0,1.0,0.0,0.0,0.0,13.3,40.0,33.3,53.3,17.0,13.0,21.0,22.0
2021-05-07,2020,Boavista,Tondela,1.0,1.0,D,U,1.82,3.54,4.34,D,8.0,3.0,8.0,2.0,16,1.0,2.0,2.0,0.0,5.0,8.0,-3.0,5.0,6.0,-1.0,0.0,2.0,-2.0,1.0,0.0,1.0,0.0,0.0,0.0,26.7,53.3,13.3,66.7,16.0,14.0,14.0,21.0
2021-05-06,2020,Moreirense,Nacional,2.0,2.0,D,O,2.27,3.34,3.11,A,6.0,3.0,3.0,7.0,16,0.0,0.0,1.0,4.0,5.0,2.0,3.0,6.0,11.0,-5.0,-1.0,-9.0,8.0,0.0,0.0,0.0,0.0,3.0,-3.0,20.0,20.0,13.3,66.7,10.0,10.0,20.0,17.0
2021-05-06,2020,Farense,Guimaraes,2.0,2.0,D,O,2.12,3.25,3.53,H,8.0,3.0,3.0,6.0,16,0.0,0.0,3.0,4.0,2.0,0.0,2.0,5.0,6.0,-1.0,-3.0,-6.0,3.0,0.0,0.0,0.0,0.0,1.0,-1.0,20.0,46.7,33.3,40.0,19.0,6.0,25.0,22.0
2021-05-06,2020,Benfica,Porto,1.0,1.0,D,U,2.36,3.36,2.97,H,3.0,2.0,7.0,11.0,16,3.0,3.0,1.0,0.0,6.0,6.0,0.0,3.0,2.0,1.0,3.0,4.0,-1.0,1.0,1.0,0.0,0.0,0.0,0.0,73.3,13.3,66.7,6.7,15.0,19.0,27.0,23.0
2021-05-06,2020,Belenenses,Portimonense,1.0,0.0,H,U,3.23,2.59,2.73,H,3.0,2.0,3.0,4.0,16,2.0,2.0,2.0,1.0,4.0,7.0,-3.0,6.0,4.0,2.0,-2.0,3.0,-5.0,1.0,1.0,0.0,2.0,1.0,1.0,33.3,33.3,20.0,60.0,12.0,24.0,15.0,17.0
2021-05-05,2020,Sp Braga,Pacos Ferreira,1.0,1.0,D,U,1.5,4.03,6.85,A,3.0,1.0,7.0,5.0,16,1.0,0.0,2.0,3.0,3.0,1.0,2.0,5.0,7.0,-2.0,-2.0,-6.0,4.0,0.0,0.0,0.0,1.0,3.0,-2.0,66.7,20.0,26.7,46.7,21.0,7.0,32.0,15.0
2021-05-05,2020,Rio Ave,Sp Lisbon,0.0,2.0,A,U,5.0,3.48,1.75,A,1.0,5.0,2.0,9.0,16,0.0,3.0,1.0,0.0,1.0,4.0,-3.0,3.0,1.0,2.0,-2.0,3.0,-5.0,0.0,0.0,0.0,1.0,0.0,1.0,26.7,33.3,80.0,0.0,16.0,12.0,20.0,20.0
2021-05-05,2020,Maritimo,Gil Vicente,0.0,1.0,A,U,2.6,2.96,2.95,A,2.0,5.0,9.0,3.0,16,3.0,3.0,1.0,1.0,3.0,9.0,-6.0,4.0,5.0,-1.0,-1.0,4.0,-5.0,0.0,2.0,-2.0,1.0,0.0,1.0,33.3,53.3,33.3,53.3,8.0,17.0,17.0,22.0
2021-05-01,2020,Sp Lisbon,Nacional,2.0,0.0,H,U,1.28,5.29,10.92,D,8.0,1.0,7.0,4.0,15,2.0,0.0,0.0,4.0,6.0,3.0,3.0,4.0,11.0,-7.0,2.0,-8.0,10.0,0.0,0.0,0.0,0.0,2.0,-2.0,71.4,0.0,14.3,64.3,22.0,13.0,24.0,17.0
2021-05-01,2020,Santa Clara,Boavista,3.0,3.0,D,O,2.23,3.13,3.38,D,6.0,5.0,5.0,4.0,15,2.0,1.0,0.0,3.0,8.0,4.0,4.0,2.0,6.0,-4.0,6.0,-2.0,8.0,2.0,1.0,1.0,0.0,1.0,-1.0,35.7,35.7,14.3,35.7,24.0,10.0,23.0,10.0
2021-05-01,2020,Portimonense,Rio Ave,0.0,0.0,D,U,2.47,3.07,3.0,D,1.0,2.0,6.0,10.0,15,2.0,0.0,2.0,2.0,8.0,4.0,4.0,7.0,7.0,0.0,1.0,-3.0,4.0,2.0,0.0,2.0,1.0,1.0,0.0,42.9,35.7,14.3,42.9,14.0,13.0,13.0,26.0
2021-05-01,2020,Gil Vicente,Farense,0.0,0.0,D,U,2.57,3.1,2.84,D,3.0,3.0,5.0,4.0,15,1.0,2.0,3.0,2.0,3.0,3.0,0.0,7.0,3.0,4.0,-4.0,0.0,-4.0,1.0,1.0,0.0,2.0,1.0,1.0,28.6,57.1,21.4,57.1,16.0,17.0,20.0,33.0
2021-04-30,2020,Tondela,Benfica,0.0,2.0,A,U,9.64,5.52,1.29,A,3.0,6.0,3.0,6.0,15,2.0,4.0,2.0,0.0,3.0,15.0,-12.0,4.0,1.0,3.0,-1.0,14.0,-15.0,0.0,4.0,-4.0,1.0,0.0,1.0,57.1,28.6,57.1,14.3,15.0,26.0,16.0,21.0
2021-04-30,2020,Porto,Famalicao,3.0,2.0,H,O,1.38,4.85,7.79,D,4.0,3.0,5.0,4.0,15,3.0,2.0,0.0,1.0,5.0,8.0,-3.0,1.0,4.0,-3.0,4.0,4.0,0.0,1.0,2.0,-1.0,0.0,1.0,-1.0,71.4,7.1,35.7,42.9,21.0,16.0,28.0,18.0
2021-04-30,2020,Pacos Ferreira,Belenenses,1.0,0.0,H,U,2.25,3.1,3.39,D,6.0,1.0,3.0,5.0,15,2.0,1.0,2.0,0.0,5.0,4.0,1.0,8.0,3.0,5.0,-3.0,1.0,-4.0,1.0,0.0,1.0,2.0,0.0,2.0,64.3,21.4,14.3,28.6,13.0,12.0,17.0,11.0
2021-04-30,2020,Guimaraes,Moreirense,2.0,0.0,H,U,1.97,3.28,4.06,H,7.0,2.0,4.0,10.0,15,2.0,2.0,2.0,1.0,6.0,4.0,2.0,7.0,4.0,3.0,-1.0,0.0,-1.0,0.0,1.0,-1.0,1.0,1.0,0.0,42.9,50.0,35.7,42.9,25.0,12.0,33.0,19.0
2021-04-29,2020,Maritimo,Sp Braga,1.0,0.0,H,U,5.77,4.05,1.55,D,2.0,4.0,2.0,8.0,15,2.0,2.0,2.0,0.0,2.0,6.0,-4.0,6.0,4.0,2.0,-4.0,2.0,-6.0,0.0,0.0,0.0,2.0,0.0,2.0,28.6,57.1,57.1,28.6,12.0,15.0,20.0,19.0
2021-04-27,2020,Farense,Portimonense,1.0,1.0,D,U,2.18,3.15,3.52,H,3.0,6.0,8.0,5.0,15,0.0,2.0,3.0,2.0,1.0,6.0,-5.0,4.0,5.0,-1.0,-3.0,1.0,-4.0,0.0,1.0,-1.0,0.0,2.0,-2.0,21.4,50.0,21.4,64.3,19.0,19.0,21.0,16.0
2021-04-26,2020,Nacional,Guimaraes,1.0,0.0,H,U,3.42,3.3,2.13,H,6.0,1.0,6.0,4.0,15,0.0,0.0,4.0,4.0,3.0,0.0,3.0,10.0,8.0,2.0,-7.0,-8.0,1.0,0.0,0.0,0.0,1.0,2.0,-1.0,21.4,57.1,35.7,35.7,14.0,6.0,18.0,30.0
2021-04-26,2020,Moreirense,Porto,1.0,1.0,D,U,8.55,4.74,1.36,H,4.0,7.0,6.0,11.0,15,0.0,4.0,1.0,0.0,6.0,7.0,-1.0,7.0,1.0,6.0,-1.0,6.0,-7.0,0.0,2.0,-2.0,0.0,0.0,0.0,21.4,21.4,71.4,7.1,11.0,18.0,18.0,22.0
2021-04-26,2020,Famalicao,Tondela,2.0,2.0,D,O,1.98,3.31,3.87,D,4.0,2.0,8.0,9.0,15,1.0,2.0,1.0,1.0,4.0,6.0,-2.0,3.0,7.0,-4.0,1.0,-1.0,2.0,1.0,0.0,1.0,0.0,1.0,-1.0,14.3,42.9,14.3,71.4,16.0,15.0,18.0,15.0
2021-04-26,2020,Benfica,Santa Clara,2.0,1.0,H,O,1.33,4.92,9.4,H,1.0,7.0,5.0,4.0,15,3.0,0.0,1.0,4.0,6.0,2.0,4.0,2.0,6.0,-4.0,4.0,-4.0,8.0,2.0,0.0,2.0,0.0,0.0,0.0,71.4,14.3,35.7,50.0,20.0,7.0,28.0,22.0
2021-04-26,2020,Belenenses,Gil Vicente,2.0,1.0,H,O,2.49,2.86,3.19,A,3.0,4.0,4.0,5.0,15,2.0,3.0,2.0,1.0,4.0,8.0,-4.0,6.0,4.0,2.0,-2.0,4.0,-6.0,1.0,2.0,-1.0,2.0,0.0,2.0,28.6,35.7,35.7,50.0,13.0,15.0,20.0,25.0
2021-04-25,2020,Sp Braga,Sp Lisbon,0.0,1.0,A,U,2.57,3.11,2.82,D,4.0,1.0,6.0,2.0,15,2.0,2.0,1.0,0.0,6.0,3.0,3.0,4.0,1.0,3.0,2.0,2.0,0.0,1.0,0.0,1.0,1.0,0.0,1.0,71.4,14.3,78.6,0.0,21.0,11.0,29.0,19.0
2021-04-25,2020,Rio Ave,Pacos Ferreira,1.0,1.0,D,U,2.13,3.23,3.5,A,2.0,3.0,5.0,2.0,15,1.0,0.0,1.0,4.0,2.0,0.0,2.0,2.0,9.0,-7.0,0.0,-9.0,9.0,1.0,0.0,1.0,1.0,4.0,-3.0,28.6,35.7,28.6,50.0,18.0,8.0,19.0,26.0
2021-04-25,2020,Boavista,Maritimo,0.0,1.0,A,U,2.13,3.36,3.36,D,3.0,3.0,3.0,8.0,15,2.0,1.0,1.0,2.0,8.0,2.0,6.0,4.0,4.0,0.0,4.0,-2.0,6.0,2.0,0.0,2.0,0.0,1.0,-1.0,28.6,50.0,28.6,64.3,17.0,15.0,13.0,24.0
2021-04-22,2020,Tondela,Nacional,2.0,1.0,H,O,2.02,3.44,3.57,D,5.0,5.0,6.0,7.0,14,2.0,0.0,2.0,4.0,3.0,3.0,0.0,4.0,11.0,-7.0,-1.0,-8.0,7.0,0.0,0.0,0.0,1.0,2.0,-1.0,53.8,30.8,15.4,61.5,16.0,12.0,12.0,11.0
2021-04-22,2020,Porto,Guimaraes,1.0,0.0,H,U,1.34,4.94,8.56,D,7.0,1.0,8.0,4.0,14,2.0,0.0,0.0,4.0,6.0,1.0,5.0,3.0,9.0,-6.0,3.0,-8.0,11.0,1.0,0.0,1.0,0.0,2.0,-2.0,69.2,7.7,38.5,30.8,20.0,8.0,27.0,29.0
2021-04-22,2020,Portimonense,Benfica,1.0,5.0,A,O,6.23,4.16,1.5,D,3.0,6.0,5.0,4.0,14,2.0,3.0,1.0,0.0,7.0,10.0,-3.0,2.0,0.0,2.0,5.0,10.0,-5.0,2.0,3.0,-1.0,0.0,0.0,0.0,46.2,30.8,53.8,15.4,12.0,22.0,14.0,24.0
2021-04-22,2020,Gil Vicente,Famalicao,0.0,3.0,A,O,2.51,3.11,2.9,D,5.0,5.0,6.0,5.0,14,2.0,2.0,2.0,1.0,4.0,6.0,-2.0,4.0,4.0,0.0,0.0,2.0,-2.0,1.0,1.0,0.0,1.0,1.0,0.0,30.8,53.8,30.8,46.2,14.0,16.0,20.0,21.0
2021-04-21,2020,Sp Lisbon,Belenenses,2.0,2.0,D,O,1.44,4.16,7.75,A,9.0,3.0,9.0,0.0,14,3.0,1.0,0.0,0.0,6.0,4.0,2.0,2.0,3.0,-1.0,4.0,1.0,3.0,1.0,0.0,1.0,0.0,0.0,0.0,76.9,0.0,15.4,30.8,20.0,14.0,20.0,16.0
2021-04-21,2020,Sp Braga,Boavista,2.0,1.0,H,O,1.46,4.29,6.86,D,10.0,2.0,15.0,2.0,14,2.0,1.0,1.0,2.0,8.0,5.0,3.0,5.0,6.0,-1.0,3.0,-1.0,4.0,2.0,1.0,1.0,1.0,1.0,0.0,69.2,15.4,15.4,30.8,18.0,12.0,22.0,10.0
2021-04-21,2020,Santa Clara,Moreirense,0.0,0.0,D,U,1.92,3.28,4.24,D,5.0,3.0,8.0,5.0,14,3.0,2.0,0.0,2.0,11.0,4.0,7.0,2.0,5.0,-3.0,9.0,-1.0,10.0,3.0,1.0,2.0,0.0,1.0,-1.0,38.5,38.5,38.5,46.2,23.0,10.0,17.0,19.0
2021-04-21,2020,Maritimo,Rio Ave,1.0,0.0,H,U,2.84,3.07,2.6,H,2.0,1.0,4.0,10.0,14,1.0,1.0,3.0,1.0,2.0,7.0,-5.0,8.0,7.0,1.0,-6.0,0.0,-6.0,0.0,1.0,-1.0,2.0,1.0,1.0,23.1,61.5,15.4,38.5,17.0,15.0,19.0,16.0
2021-04-20,2020,Pacos Ferreira,Farense,0.0,2.0,A,U,2.43,3.14,3.01,D,1.0,6.0,6.0,6.0,14,3.0,1.0,1.0,2.0,7.0,1.0,6.0,7.0,3.0,4.0,0.0,-2.0,2.0,1.0,0.0,1.0,1.0,1.0,0.0,69.2,15.4,15.4,61.5,15.0,12.0,14.0,31.0
2021-04-18,2020,Nacional,Porto,0.0,1.0,A,U,10.07,5.21,1.29,A,3.0,3.0,2.0,2.0,14,0.0,4.0,4.0,0.0,5.0,8.0,-3.0,12.0,2.0,10.0,-7.0,6.0,-13.0,0.0,2.0,-2.0,1.0,0.0,1.0,23.1,53.8,69.2,7.7,15.0,21.0,22.0,23.0
2021-04-18,2020,Famalicao,Portimonense,0.0,1.0,A,U,2.19,3.21,3.37,A,2.0,4.0,5.0,4.0,14,1.0,1.0,0.0,2.0,4.0,5.0,-1.0,2.0,5.0,-3.0,2.0,0.0,2.0,1.0,1.0,0.0,0.0,2.0,-2.0,15.4,38.5,15.4,69.2,19.0,18.0,17.0,14.0
2021-04-17,2020,Rio Ave,Sp Braga,0.0,0.0,D,U,4.22,3.59,1.82,D,4.0,6.0,2.0,5.0,14,1.0,3.0,2.0,0.0,2.0,7.0,-5.0,3.0,4.0,-1.0,-1.0,3.0,-4.0,1.0,0.0,1.0,1.0,0.0,1.0,30.8,38.5,61.5,30.8,15.0,12.0,21.0,17.0
2021-04-17,2020,Moreirense,Tondela,2.0,3.0,A,O,2.23,3.23,3.29,A,3.0,5.0,5.0,3.0,14,0.0,1.0,0.0,2.0,5.0,5.0,0.0,5.0,9.0,-4.0,0.0,-4.0,4.0,0.0,0.0,0.0,0.0,2.0,-2.0,23.1,15.4,7.7,76.9,11.0,13.0,16.0,14.0
2021-04-17,2020,Guimaraes,Santa Clara,1.0,0.0,H,U,2.24,3.2,3.3,H,2.0,1.0,4.0,5.0,14,1.0,1.0,2.0,3.0,7.0,4.0,3.0,9.0,6.0,3.0,-2.0,-2.0,0.0,0.0,0.0,0.0,1.0,0.0,1.0,38.5,53.8,38.5,46.2,26.0,9.0,37.0,22.0
2021-04-17,2020,Benfica,Gil Vicente,1.0,2.0,A,O,1.22,5.9,13.13,A,1.0,2.0,5.0,5.0,14,4.0,2.0,0.0,2.0,7.0,7.0,0.0,0.0,7.0,-7.0,7.0,0.0,7.0,3.0,2.0,1.0,0.0,1.0,-1.0,76.9,7.7,30.8,53.8,24.0,16.0,27.0,24.0
2021-04-17,2020,Belenenses,Maritimo,2.0,0.0,H,U,2.23,3.06,3.46,H,4.0,6.0,2.0,11.0,14,1.0,1.0,2.0,2.0,3.0,3.0,0.0,7.0,4.0,3.0,-4.0,-1.0,-3.0,0.0,0.0,0.0,2.0,0.0,2.0,23.1,38.5,30.8,61.5,13.0,12.0,22.0,14.0
2021-04-16,2020,Farense,Sp Lisbon,0.0,1.0,A,U,5.79,3.66,1.63,A,3.0,4.0,7.0,9.0,14,0.0,2.0,3.0,0.0,2.0,4.0,-2.0,5.0,2.0,3.0,-3.0,2.0,-5.0,0.0,0.0,0.0,0.0,0.0,0.0,23.1,46.2,76.9,0.0,20.0,12.0,24.0,14.0
2021-04-16,2020,Boavista,Pacos Ferreira,2.0,0.0,H,U,2.55,3.02,2.95,H,4.0,2.0,0.0,8.0,14,2.0,0.0,1.0,4.0,7.0,0.0,7.0,4.0,9.0,-5.0,3.0,-9.0,12.0,1.0,0.0,1.0,0.0,4.0,-4.0,23.1,53.8,30.8,46.2,19.0,8.0,23.0,22.0
2021-04-11,2020,Sp Lisbon,Famalicao,1.0,1.0,D,U,1.45,4.31,6.98,D,5.0,2.0,6.0,5.0,13,4.0,2.0,0.0,2.0,7.0,5.0,2.0,1.0,5.0,-4.0,6.0,0.0,6.0,2.0,1.0,1.0,0.0,2.0,-2.0,83.3,0.0,33.3,50.0,18.0,19.0,16.0,17.0
2021-04-11,2020,Sp Braga,Belenenses,1.0,1.0,D,U,1.42,4.35,7.59,H,4.0,2.0,9.0,7.0,13,2.0,1.0,1.0,0.0,9.0,3.0,6.0,6.0,2.0,4.0,3.0,1.0,2.0,2.0,0.0,2.0,1.0,0.0,1.0,75.0,16.7,16.7,33.3,19.0,23.0,19.0,14.0
2021-04-11,2020,Santa Clara,Nacional,5.0,1.0,H,O,1.82,3.37,4.59,H,9.0,3.0,3.0,3.0,13,2.0,1.0,1.0,3.0,6.0,3.0,3.0,2.0,6.0,-4.0,4.0,-3.0,7.0,2.0,0.0,2.0,0.0,1.0,-1.0,33.3,41.7,16.7,58.3,16.0,10.0,23.0,9.0
2021-04-11,2020,Gil Vicente,Moreirense,1.0,2.0,A,O,2.17,3.26,3.38,A,6.0,4.0,7.0,2.0,13,2.0,2.0,2.0,2.0,4.0,4.0,0.0,4.0,5.0,-1.0,0.0,-1.0,1.0,1.0,1.0,0.0,1.0,1.0,0.0,33.3,50.0,33.3,50.0,10.0,9.0,14.0,18.0
2021-04-10,2020,Tondela,Porto,0.0,2.0,A,U,7.8,4.35,1.42,A,2.0,6.0,1.0,6.0,13,3.0,3.0,1.0,0.0,5.0,8.0,-3.0,2.0,4.0,-2.0,3.0,4.0,-1.0,1.0,1.0,0.0,0.0,0.0,0.0,58.3,25.0,66.7,8.3,16.0,18.0,16.0,22.0
2021-04-10,2020,Pacos Ferreira,Benfica,0.0,5.0,A,O,6.55,4.19,1.49,A,1.0,9.0,1.0,11.0,13,3.0,2.0,0.0,0.0,7.0,6.0,1.0,2.0,1.0,1.0,5.0,5.0,0.0,1.0,2.0,-1.0,0.0,0.0,0.0,75.0,8.3,50.0,16.7,15.0,21.0,16.0,22.0
2021-04-10,2020,Maritimo,Farense,1.0,0.0,H,U,2.59,2.96,2.96,H,2.0,2.0,6.0,12.0,13,0.0,1.0,4.0,1.0,2.0,3.0,-1.0,10.0,4.0,6.0,-8.0,-1.0,-7.0,0.0,0.0,0.0,2.0,1.0,1.0,16.7,66.7,16.7,58.3,20.0,13.0,16.0,23.0
2021-04-10,2020,Boavista,Rio Ave,3.0,3.0,D,O,2.62,3.02,2.86,H,4.0,5.0,6.0,5.0,13,2.0,1.0,2.0,2.0,4.0,4.0,0.0,2.0,6.0,-4.0,2.0,-2.0,4.0,1.0,1.0,0.0,0.0,2.0,-2.0,25.0,58.3,16.7,41.7,17.0,12.0,23.0,19.0
2021-04-09,2020,Portimonense,Guimaraes,3.0,0.0,H,O,2.58,3.04,2.9,H,3.0,3.0,3.0,8.0,13,2.0,0.0,1.0,3.0,8.0,2.0,6.0,3.0,7.0,-4.0,5.0,-5.0,10.0,2.0,0.0,2.0,0.0,1.0,-1.0,41.7,33.3,41.7,25.0,13.0,9.0,17.0,28.0
2021-04-05,2020,Moreirense,Sp Lisbon,1.0,1.0,D,U,7.27,4.0,1.47,A,1.0,3.0,2.0,4.0,13,0.0,3.0,1.0,0.0,4.0,5.0,-1.0,8.0,1.0,7.0,-4.0,4.0,-8.0,0.0,1.0,-1.0,1.0,0.0,1.0,25.0,16.7,83.3,0.0,14.0,13.0,19.0,15.0
2021-04-05,2020,Farense,Sp Braga,1.0,2.0,A,O,5.14,3.72,1.66,D,9.0,2.0,4.0,5.0,13,0.0,3.0,2.0,0.0,2.0,9.0,-7.0,4.0,3.0,1.0,-2.0,6.0,-8.0,0.0,1.0,-1.0,0.0,0.0,0.0,25.0,41.7,58.3,33.3,15.0,17.0,31.0,17.0
2021-04-05,2020,Benfica,Maritimo,1.0,0.0,H,U,1.17,6.92,15.01,H,6.0,2.0,4.0,3.0,13,3.0,1.0,0.0,2.0,6.0,3.0,3.0,0.0,4.0,-4.0,6.0,-1.0,7.0,3.0,0.0,3.0,0.0,0.0,0.0,75.0,8.3,33.3,58.3,23.0,15.0,32.0,12.0
2021-04-04,2020,Guimaraes,Tondela,1.0,2.0,A,O,1.65,3.66,5.39,D,6.0,3.0,11.0,5.0,13,1.0,0.0,2.0,3.0,7.0,4.0,3.0,10.0,10.0,0.0,-3.0,-6.0,3.0,0.0,0.0,0.0,2.0,2.0,0.0,41.7,50.0,0.0,83.3,27.0,15.0,37.0,12.0
2021-04-04,2020,Famalicao,Pacos Ferreira,2.0,0.0,H,U,2.67,3.09,2.72,H,6.0,0.0,6.0,3.0,13,0.0,1.0,1.0,3.0,2.0,2.0,0.0,4.0,8.0,-4.0,-2.0,-6.0,4.0,0.0,0.0,0.0,1.0,3.0,-2.0,8.3,41.7,33.3,41.7,15.0,14.0,16.0,22.0
2021-04-04,2020,Belenenses,Boavista,0.0,2.0,A,U,2.68,2.91,2.86,A,2.0,6.0,5.0,4.0,13,1.0,1.0,1.0,2.0,3.0,5.0,-2.0,5.0,7.0,-2.0,-2.0,-2.0,0.0,0.0,0.0,0.0,1.0,1.0,0.0,25.0,33.3,8.3,33.3,11.0,12.0,19.0,8.0
2021-04-03,2020,Rio Ave,Gil Vicente,0.0,2.0,A,U,2.08,3.22,3.64,D,3.0,3.0,4.0,6.0,13,2.0,2.0,1.0,2.0,4.0,7.0,-3.0,2.0,8.0,-6.0,2.0,-1.0,3.0,1.0,1.0,0.0,0.0,1.0,-1.0,33.3,33.3,25.0,58.3,14.0,18.0,19.0,23.0
2021-04-03,2020,Porto,Santa Clara,2.0,1.0,H,O,1.27,5.38,11.19,D,6.0,3.0,7.0,5.0,13,2.0,1.0,0.0,2.0,6.0,4.0,2.0,2.0,5.0,-3.0,4.0,-1.0,5.0,2.0,0.0,2.0,0.0,0.0,0.0,66.7,8.3,41.7,41.7,19.0,9.0,27.0,24.0
2021-04-02,2020,Nacional,Portimonense,1.0,5.0,A,O,2.87,3.12,2.53,A,2.0,10.0,6.0,6.0,13,1.0,0.0,3.0,3.0,6.0,1.0,5.0,8.0,6.0,2.0,-2.0,-5.0,3.0,0.0,0.0,0.0,0.0,2.0,-2.0,25.0,50.0,8.3,75.0,21.0,13.0,25.0,9.0
2021-03-21,2020,Sp Braga,Benfica,0.0,2.0,A,U,2.9,3.66,2.23,A,3.0,5.0,2.0,1.0,12,3.0,1.0,0.0,1.0,11.0,4.0,7.0,5.0,2.0,3.0,6.0,2.0,4.0,2.0,1.0,1.0,0.0,0.0,0.0,81.8,9.1,45.5,18.2,20.0,18.0,21.0,22.0
2021-03-21,2020,Rio Ave,Belenenses,0.0,0.0,D,U,2.01,3.12,3.99,D,7.0,3.0,9.0,2.0,12,2.0,1.0,1.0,1.0,4.0,3.0,1.0,2.0,4.0,-2.0,2.0,-1.0,3.0,1.0,0.0,1.0,0.0,1.0,-1.0,36.4,36.4,18.2,36.4,11.0,21.0,15.0,14.0
2021-03-21,2020,Maritimo,Famalicao,0.0,4.0,A,O,2.68,3.06,2.71,A,2.0,7.0,5.0,1.0,12,0.0,1.0,4.0,3.0,2.0,2.0,0.0,8.0,7.0,1.0,-6.0,-5.0,-1.0,0.0,0.0,0.0,2.0,2.0,0.0,18.2,63.6,27.3,54.5,18.0,16.0,13.0,19.0
2021-03-21,2020,Boavista,Farense,0.0,1.0,A,U,2.2,3.18,3.36,A,5.0,8.0,5.0,9.0,12,2.0,1.0,2.0,1.0,5.0,5.0,0.0,3.0,6.0,-3.0,2.0,-1.0,3.0,1.0,0.0,1.0,0.0,1.0,-1.0,27.3,54.5,9.1,63.6,17.0,9.0,21.0,24.0
2021-03-20,2020,Sp Lisbon,Guimaraes,1.0,0.0,H,U,1.5,3.91,6.92,H,4.0,1.0,5.0,6.0,12,4.0,0.0,0.0,2.0,7.0,2.0,5.0,1.0,6.0,-5.0,6.0,-4.0,10.0,2.0,0.0,2.0,0.0,1.0,-1.0,81.8,0.0,45.5,18.2,16.0,10.0,19.0,24.0
2021-03-20,2020,Santa Clara,Tondela,1.0,1.0,D,U,1.8,3.21,5.02,A,5.0,4.0,6.0,4.0,12,3.0,0.0,1.0,4.0,7.0,4.0,3.0,1.0,11.0,-10.0,6.0,-7.0,13.0,3.0,0.0,3.0,0.0,2.0,-2.0,36.4,45.5,0.0,90.9,14.0,14.0,19.0,11.0
2021-03-20,2020,Portimonense,Porto,1.0,2.0,A,O,7.64,4.29,1.42,A,3.0,3.0,2.0,4.0,12,2.0,2.0,1.0,0.0,8.0,6.0,2.0,3.0,3.0,0.0,5.0,3.0,2.0,2.0,1.0,1.0,0.0,0.0,0.0,45.5,27.3,63.6,9.1,12.0,21.0,19.0,28.0
2021-03-20,2020,Pacos Ferreira,Moreirense,3.0,0.0,H,O,1.88,3.33,4.29,H,8.0,0.0,5.0,10.0,12,3.0,3.0,0.0,1.0,6.0,6.0,0.0,3.0,2.0,1.0,3.0,4.0,-1.0,0.0,2.0,-2.0,0.0,0.0,0.0,72.7,9.1,36.4,45.5,10.0,12.0,14.0,11.0
2021-03-19,2020,Gil Vicente,Nacional,2.0,0.0,H,U,2.08,3.15,3.8,D,4.0,1.0,3.0,3.0,12,1.0,1.0,3.0,2.0,3.0,3.0,0.0,6.0,4.0,2.0,-3.0,-1.0,-2.0,0.0,0.0,0.0,1.0,0.0,1.0,27.3,54.5,18.2,54.5,9.0,16.0,19.0,9.0
2021-03-15,2020,Famalicao,Sp Braga,2.0,2.0,D,O,4.94,4.06,1.62,A,5.0,3.0,2.0,4.0,12,0.0,3.0,2.0,1.0,0.0,7.0,-7.0,3.0,3.0,0.0,-3.0,4.0,-7.0,0.0,1.0,-1.0,1.0,1.0,0.0,9.1,45.5,63.6,36.4,15.0,18.0,21.0,17.0
2021-03-14,2020,Porto,Pacos Ferreira,2.0,0.0,H,U,1.41,4.48,7.59,D,5.0,2.0,10.0,2.0,12,1.0,2.0,0.0,2.0,5.0,5.0,0.0,3.0,6.0,-3.0,2.0,-1.0,3.0,1.0,1.0,0.0,0.0,2.0,-2.0,63.6,9.1,36.4,36.4,18.0,17.0,18.0,22.0
2021-03-14,2020,Moreirense,Rio Ave,1.0,1.0,D,U,3.0,3.03,2.49,A,2.0,2.0,7.0,5.0,12,0.0,1.0,1.0,2.0,5.0,4.0,1.0,9.0,6.0,3.0,-4.0,-2.0,-2.0,0.0,1.0,-1.0,1.0,2.0,-1.0,27.3,18.2,18.2,45.5,15.0,11.0,15.0,16.0
2021-03-14,2020,Guimaraes,Gil Vicente,2.0,4.0,A,O,2.0,3.22,3.89,A,8.0,8.0,8.0,6.0,12,2.0,1.0,1.0,3.0,6.0,3.0,3.0,6.0,7.0,-1.0,0.0,-4.0,4.0,0.0,0.0,0.0,1.0,1.0,0.0,45.5,45.5,18.2,63.6,23.0,10.0,36.0,21.0
2021-03-13,2020,Tondela,Sp Lisbon,0.0,1.0,A,U,7.48,4.34,1.43,D,2.0,4.0,3.0,5.0,12,4.0,3.0,0.0,0.0,8.0,6.0,2.0,2.0,1.0,1.0,6.0,5.0,1.0,2.0,2.0,0.0,0.0,0.0,0.0,63.6,18.2,81.8,0.0,21.0,15.0,20.0,18.0
2021-03-13,2020,Santa Clara,Portimonense,2.0,0.0,H,U,2.57,2.89,3.05,H,5.0,4.0,6.0,2.0,11,2.0,0.0,2.0,2.0,6.0,3.0,3.0,3.0,6.0,-3.0,3.0,-3.0,6.0,2.0,0.0,2.0,0.0,1.0,-1.0,30.0,50.0,9.1,72.7,11.0,13.0,14.0,8.0
2021-03-13,2020,Farense,Belenenses,0.0,1.0,A,U,2.43,3.01,3.12,D,4.0,4.0,6.0,2.0,12,0.0,0.0,2.0,2.0,2.0,2.0,0.0,4.0,5.0,-1.0,-2.0,-3.0,1.0,0.0,0.0,0.0,0.0,1.0,-1.0,27.3,36.4,10.0,40.0,12.0,19.0,32.0,14.0
2021-03-13,2020,Benfica,Boavista,2.0,0.0,H,U,1.32,5.13,8.72,H,7.0,0.0,13.0,3.0,12,2.0,1.0,0.0,2.0,5.0,6.0,-1.0,1.0,8.0,-7.0,4.0,-2.0,6.0,2.0,0.0,2.0,0.0,1.0,-1.0,72.7,9.1,9.1,27.3,19.0,14.0,26.0,10.0
2021-03-12,2020,Nacional,Maritimo,1.0,2.0,A,O,2.75,2.97,2.75,H,7.0,3.0,8.0,6.0,12,1.0,1.0,3.0,2.0,5.0,2.0,3.0,7.0,3.0,4.0,-2.0,-1.0,-1.0,0.0,0.0,0.0,0.0,0.0,0.0,27.3,45.5,27.3,63.6,17.0,13.0,22.0,10.0
2021-03-09,2020,Sp Braga,Guimaraes,3.0,0.0,H,O,1.58,4.02,5.54,H,4.0,1.0,3.0,12.0,11,3.0,1.0,0.0,1.0,9.0,3.0,6.0,5.0,3.0,2.0,4.0,0.0,4.0,1.0,0.0,1.0,0.0,0.0,0.0,80.0,10.0,50.0,10.0,17.0,12.0,25.0,16.0
2021-03-08,2020,Belenenses,Benfica,0.0,3.0,A,O,6.74,4.27,1.46,D,3.0,6.0,4.0,5.0,12,2.0,0.0,0.0,1.0,5.0,2.0,3.0,2.0,3.0,-1.0,3.0,-1.0,4.0,1.0,0.0,1.0,0.0,0.0,0.0,27.3,27.3,40.0,20.0,11.0,16.0,19.0,20.0
2021-03-07,2020,Rio Ave,Farense,2.0,0.0,H,U,2.06,3.12,3.87,H,4.0,1.0,4.0,6.0,11,1.0,1.0,2.0,1.0,3.0,5.0,-2.0,4.0,6.0,-2.0,-1.0,-1.0,0.0,0.0,0.0,0.0,0.0,1.0,-1.0,30.0,40.0,10.0,60.0,12.0,10.0,17.0,23.0
2021-03-07,2020,Maritimo,Moreirense,0.0,2.0,A,U,2.25,3.06,3.38,A,6.0,5.0,5.0,2.0,11,0.0,3.0,4.0,1.0,2.0,5.0,-3.0,9.0,2.0,7.0,-7.0,3.0,-10.0,0.0,1.0,-1.0,2.0,0.0,2.0,20.0,60.0,30.0,50.0,16.0,11.0,13.0,15.0
2021-03-06,2020,Portimonense,Tondela,3.0,0.0,H,O,1.92,3.29,4.22,H,5.0,3.0,3.0,3.0,11,2.0,0.0,1.0,4.0,6.0,4.0,2.0,3.0,10.0,-7.0,3.0,-6.0,9.0,1.0,0.0,1.0,0.0,2.0,-2.0,40.0,30.0,0.0,90.0,14.0,13.0,23.0,17.0
2021-03-06,2020,Gil Vicente,Porto,0.0,2.0,A,U,6.52,3.91,1.53,A,1.0,6.0,4.0,10.0,11,1.0,2.0,3.0,0.0,3.0,5.0,-2.0,5.0,3.0,2.0,-2.0,2.0,-4.0,0.0,0.0,0.0,0.0,0.0,0.0,30.0,50.0,60.0,10.0,11.0,23.0,18.0,22.0
2021-03-06,2020,Boavista,Famalicao,3.0,0.0,H,O,2.34,3.11,3.16,H,4.0,2.0,2.0,7.0,11,1.0,2.0,3.0,2.0,2.0,4.0,-2.0,5.0,5.0,0.0,-3.0,-1.0,-2.0,0.0,0.0,0.0,1.0,1.0,0.0,20.0,60.0,30.0,50.0,16.0,18.0,23.0,16.0
2021-03-05,2020,Sp Lisbon,Santa Clara,2.0,1.0,H,O,1.42,4.23,8.21,H,4.0,2.0,4.0,8.0,11,3.0,2.0,0.0,1.0,6.0,5.0,1.0,1.0,4.0,-3.0,5.0,1.0,4.0,2.0,0.0,2.0,0.0,0.0,0.0,80.0,0.0,45.5,36.4,16.0,12.0,20.0,18.0
2021-03-05,2020,Pacos Ferreira,Nacional,2.0,1.0,H,O,1.75,3.46,4.96,H,3.0,4.0,5.0,4.0,11,3.0,1.0,0.0,1.0,6.0,3.0,3.0,2.0,3.0,-1.0,4.0,0.0,4.0,1.0,0.0,1.0,0.0,0.0,0.0,70.0,10.0,20.0,50.0,11.0,14.0,11.0,8.0
2021-03-01,2020,Moreirense,Belenenses,2.0,2.0,D,O,2.66,2.87,2.93,H,5.0,5.0,4.0,5.0,11,0.0,0.0,1.0,2.0,5.0,0.0,5.0,9.0,3.0,6.0,-4.0,-3.0,-1.0,0.0,0.0,0.0,1.0,1.0,0.0,30.0,20.0,11.1,44.4,16.0,15.0,13.0,12.0
2021-03-01,2020,Benfica,Rio Ave,2.0,0.0,H,U,1.43,4.38,7.16,D,6.0,5.0,6.0,6.0,11,2.0,1.0,0.0,2.0,5.0,4.0,1.0,1.0,6.0,-5.0,4.0,-2.0,6.0,2.0,1.0,1.0,0.0,2.0,-2.0,70.0,10.0,20.0,40.0,18.0,8.0,31.0,14.0
2021-02-28,2020,Tondela,Gil Vicente,1.0,0.0,H,U,2.73,2.91,2.81,H,6.0,2.0,6.0,8.0,11,4.0,1.0,0.0,3.0,8.0,4.0,4.0,2.0,9.0,-7.0,6.0,-5.0,11.0,2.0,0.0,2.0,0.0,2.0,-2.0,60.0,20.0,20.0,60.0,18.0,11.0,18.0,19.0
2021-02-28,2020,Portimonense,Maritimo,0.0,0.0,D,U,2.0,3.06,4.18,D,1.0,4.0,6.0,4.0,10,3.0,1.0,1.0,3.0,8.0,3.0,5.0,3.0,5.0,-2.0,5.0,-2.0,7.0,2.0,0.0,2.0,0.0,0.0,0.0,44.4,33.3,30.0,70.0,18.0,11.0,22.0,7.0
2021-02-28,2020,Nacional,Sp Braga,1.0,2.0,A,O,5.76,3.78,1.59,A,2.0,4.0,2.0,5.0,11,1.0,2.0,3.0,2.0,4.0,5.0,-1.0,7.0,4.0,3.0,-3.0,1.0,-4.0,0.0,1.0,-1.0,1.0,2.0,-1.0,30.0,40.0,60.0,40.0,16.0,17.0,21.0,16.0
2021-02-27,2020,Santa Clara,Pacos Ferreira,3.0,0.0,H,O,2.7,2.96,2.81,H,4.0,4.0,2.0,13.0,10,1.0,3.0,2.0,1.0,4.0,7.0,-3.0,4.0,3.0,1.0,0.0,4.0,-4.0,1.0,2.0,-1.0,0.0,1.0,-1.0,22.2,55.6,40.0,30.0,11.0,18.0,15.0,13.0
2021-02-27,2020,Porto,Sp Lisbon,0.0,0.0,D,U,2.16,3.28,3.4,D,3.0,0.0,3.0,1.0,11,2.0,4.0,0.0,0.0,8.0,8.0,0.0,3.0,1.0,2.0,5.0,7.0,-2.0,2.0,3.0,-1.0,0.0,0.0,0.0,70.0,10.0,90.0,0.0,22.0,20.0,21.0,27.0
2021-02-27,2020,Famalicao,Farense,0.0,0.0,D,U,2.38,3.22,3.0,D,3.0,1.0,5.0,4.0,11,0.0,1.0,3.0,2.0,1.0,5.0,-4.0,7.0,8.0,-1.0,-6.0,-3.0,-3.0,0.0,0.0,0.0,2.0,2.0,0.0,10.0,50.0,11.1,66.7,15.0,9.0,19.0,20.0
2021-02-26,2020,Guimaraes,Boavista,2.0,1.0,H,O,2.03,3.28,3.77,D,9.0,2.0,10.0,1.0,11,2.0,1.0,1.0,1.0,7.0,5.0,2.0,6.0,6.0,0.0,1.0,-1.0,2.0,1.0,0.0,1.0,1.0,1.0,0.0,40.0,50.0,10.0,20.0,18.0,15.0,29.0,12.0
2021-02-22,2020,Maritimo,Porto,1.0,2.0,A,O,8.26,4.9,1.35,D,7.0,6.0,3.0,3.0,10,0.0,2.0,3.0,0.0,1.0,7.0,-6.0,7.0,3.0,4.0,-6.0,4.0,-10.0,0.0,1.0,-1.0,2.0,0.0,2.0,22.2,55.6,55.6,11.1,13.0,22.0,12.0,22.0
2021-02-21,2020,Sp Braga,Tondela,4.0,2.0,H,O,1.35,4.84,8.49,H,7.0,3.0,8.0,2.0,10,3.0,0.0,0.0,4.0,7.0,2.0,5.0,4.0,8.0,-4.0,3.0,-6.0,9.0,0.0,0.0,0.0,0.0,2.0,-2.0,77.8,11.1,0.0,88.9,13.0,12.0,21.0,15.0
2021-02-21,2020,Rio Ave,Famalicao,0.0,1.0,A,U,1.97,3.32,3.9,A,1.0,5.0,4.0,8.0,10,2.0,1.0,1.0,3.0,6.0,3.0,3.0,3.0,6.0,-3.0,3.0,-3.0,6.0,1.0,0.0,1.0,0.0,1.0,-1.0,33.3,33.3,22.2,55.6,18.0,20.0,17.0,13.0
2021-02-21,2020,Pacos Ferreira,Guimaraes,2.0,1.0,H,O,2.51,2.95,3.04,D,3.0,3.0,3.0,3.0,10,3.0,1.0,0.0,0.0,6.0,4.0,2.0,1.0,3.0,-2.0,5.0,1.0,4.0,2.0,0.0,2.0,0.0,0.0,0.0,66.7,11.1,55.6,0.0,12.0,12.0,11.0,16.0
2021-02-21,2020,Farense,Benfica,0.0,0.0,D,U,6.39,4.37,1.47,D,3.0,2.0,4.0,7.0,11,1.0,0.0,2.0,1.0,5.0,3.0,2.0,5.0,4.0,1.0,0.0,-1.0,1.0,1.0,0.0,1.0,0.0,0.0,0.0,30.0,40.0,44.4,22.2,13.0,16.0,35.0,23.0
2021-02-20,2020,Sp Lisbon,Portimonense,2.0,0.0,H,U,1.42,4.45,7.35,H,7.0,1.0,5.0,4.0,10,3.0,0.0,0.0,2.0,6.0,3.0,3.0,1.0,7.0,-6.0,5.0,-4.0,9.0,2.0,0.0,2.0,0.0,1.0,-1.0,77.8,0.0,10.0,70.0,13.0,15.0,20.0,8.0
2021-02-20,2020,Gil Vicente,Santa Clara,1.0,0.0,H,U,2.57,3.02,2.9,D,3.0,1.0,6.0,4.0,10,0.0,2.0,3.0,0.0,2.0,6.0,-4.0,5.0,4.0,1.0,-3.0,2.0,-5.0,0.0,0.0,0.0,0.0,0.0,0.0,22.2,55.6,50.0,30.0,13.0,13.0,20.0,18.0
2021-02-20,2020,Belenenses,Nacional,2.0,1.0,H,O,2.17,2.91,3.83,D,4.0,4.0,9.0,1.0,11,1.0,1.0,1.0,1.0,3.0,3.0,0.0,3.0,4.0,-1.0,0.0,-1.0,1.0,1.0,0.0,1.0,1.0,1.0,0.0,20.0,30.0,22.2,44.4,13.0,15.0,18.0,10.0
2021-02-19,2020,Boavista,Moreirense,1.0,0.0,H,U,2.28,3.0,3.43,D,6.0,1.0,10.0,5.0,10,0.0,3.0,3.0,1.0,2.0,5.0,-3.0,6.0,4.0,2.0,-4.0,1.0,-5.0,0.0,1.0,-1.0,1.0,1.0,0.0,11.1,66.7,33.3,44.4,15.0,12.0,16.0,11.0
2021-02-17,2020,Guimaraes,Farense,2.0,2.0,D,O,1.92,3.24,4.23,H,3.0,3.0,8.0,4.0,10,2.0,1.0,2.0,3.0,7.0,3.0,4.0,7.0,7.0,0.0,0.0,-4.0,4.0,1.0,0.0,1.0,1.0,2.0,-1.0,44.4,55.6,12.5,75.0,17.0,9.0,21.0,18.0
2021-02-16,2020,Tondela,Maritimo,2.0,1.0,H,O,2.56,2.99,2.96,D,6.0,3.0,2.0,1.0,10,3.0,2.0,0.0,2.0,6.0,5.0,1.0,1.0,4.0,-3.0,5.0,1.0,4.0,2.0,1.0,1.0,0.0,0.0,0.0,55.6,22.2,33.3,66.7,13.0,14.0,17.0,11.0
2021-02-15,2020,Sp Lisbon,Pacos Ferreira,2.0,0.0,H,U,1.47,4.18,6.72,H,3.0,2.0,2.0,4.0,9,3.0,3.0,0.0,0.0,5.0,8.0,-3.0,1.0,2.0,-1.0,4.0,6.0,-2.0,1.0,2.0,-1.0,0.0,0.0,0.0,75.0,0.0,44.4,22.2,13.0,19.0,25.0,12.0
2021-02-14,2020,Santa Clara,Sp Braga,0.0,1.0,A,U,4.55,3.46,1.79,A,2.0,3.0,9.0,3.0,9,1.0,2.0,2.0,2.0,4.0,8.0,-4.0,7.0,5.0,2.0,-3.0,3.0,-6.0,1.0,2.0,-1.0,1.0,2.0,-1.0,25.0,50.0,55.6,44.4,11.0,21.0,13.0,19.0
2021-02-14,2020,Portimonense,Gil Vicente,4.0,1.0,H,O,2.51,2.9,3.07,H,4.0,3.0,6.0,4.0,9,2.0,2.0,1.0,2.0,4.0,4.0,0.0,2.0,5.0,-3.0,2.0,-1.0,3.0,1.0,0.0,1.0,0.0,1.0,-1.0,37.5,37.5,22.2,55.6,20.0,11.0,20.0,21.0
2021-02-14,2020,Moreirense,Benfica,1.0,1.0,D,U,7.82,4.76,1.37,D,3.0,8.0,3.0,9.0,10,1.0,1.0,1.0,1.0,5.0,4.0,1.0,8.0,3.0,5.0,-3.0,1.0,-4.0,0.0,1.0,-1.0,1.0,0.0,1.0,33.3,22.2,50.0,25.0,15.0,14.0,12.0,17.0
2021-02-13,2020,Porto,Boavista,2.0,2.0,D,O,1.22,6.11,12.32,A,6.0,4.0,7.0,2.0,10,3.0,1.0,0.0,1.0,8.0,4.0,4.0,1.0,5.0,-4.0,7.0,-1.0,8.0,3.0,0.0,3.0,0.0,1.0,-1.0,77.8,11.1,11.1,22.2,21.0,15.0,22.0,13.0
2021-02-13,2020,Nacional,Farense,2.0,3.0,A,O,2.62,2.95,2.9,D,4.0,4.0,6.0,10.0,10,2.0,0.0,2.0,4.0,4.0,0.0,4.0,4.0,6.0,-2.0,0.0,-6.0,6.0,1.0,0.0,1.0,1.0,2.0,-1.0,33.3,33.3,0.0,85.7,16.0,5.0,17.0,11.0
2021-02-13,2020,Guimaraes,Rio Ave,1.0,3.0,A,O,2.21,3.31,3.21,A,7.0,3.0,11.0,0.0,9,3.0,0.0,1.0,3.0,7.0,1.0,6.0,4.0,8.0,-4.0,3.0,-7.0,10.0,1.0,0.0,1.0,0.0,3.0,-3.0,50.0,50.0,11.1,44.4,13.0,7.0,15.0,18.0
2021-02-12,2020,Famalicao,Belenenses,0.0,0.0,D,U,2.46,2.94,3.14,D,5.0,11.0,4.0,5.0,10,0.0,0.0,4.0,3.0,1.0,0.0,1.0,8.0,4.0,4.0,-7.0,-4.0,-3.0,0.0,0.0,0.0,2.0,1.0,1.0,11.1,55.6,12.5,50.0,11.0,6.0,19.0,9.0
2021-02-09,2020,Rio Ave,Tondela,2.0,1.0,H,O,1.86,3.39,4.36,A,2.0,5.0,2.0,3.0,9,1.0,0.0,2.0,4.0,5.0,1.0,4.0,5.0,8.0,-3.0,0.0,-7.0,7.0,1.0,0.0,1.0,1.0,3.0,-2.0,25.0,37.5,0.0,87.5,21.0,9.0,19.0,18.0
2021-02-09,2020,Pacos Ferreira,Portimonense,0.0,0.0,D,U,2.1,3.13,3.75,D,1.0,3.0,3.0,2.0,9,3.0,0.0,0.0,3.0,7.0,4.0,3.0,2.0,9.0,-7.0,5.0,-5.0,10.0,2.0,0.0,2.0,0.0,1.0,-1.0,75.0,12.5,11.1,77.8,14.0,14.0,13.0,8.0
2021-02-09,2020,Gil Vicente,Sp Lisbon,1.0,2.0,A,O,6.4,3.75,1.57,H,2.0,5.0,1.0,4.0,9,0.0,4.0,3.0,0.0,1.0,8.0,-7.0,5.0,1.0,4.0,-4.0,7.0,-11.0,0.0,3.0,-3.0,1.0,0.0,1.0,25.0,50.0,88.9,0.0,16.0,19.0,23.0,26.0
2021-02-09,2020,Boavista,Nacional,0.0,1.0,A,U,2.3,3.14,3.21,A,2.0,1.0,6.0,1.0,9,0.0,0.0,3.0,2.0,3.0,2.0,1.0,9.0,6.0,3.0,-6.0,-4.0,-2.0,0.0,0.0,0.0,2.0,2.0,0.0,12.5,62.5,12.5,50.0,18.0,16.0,18.0,10.0
2021-02-08,2020,Maritimo,Santa Clara,1.0,2.0,A,O,2.54,3.13,2.83,D,5.0,3.0,3.0,5.0,9,1.0,1.0,2.0,1.0,1.0,4.0,-3.0,5.0,4.0,1.0,-4.0,0.0,-4.0,0.0,0.0,0.0,2.0,0.0,2.0,25.0,50.0,44.4,33.3,10.0,11.0,13.0,13.0
2021-02-08,2020,Farense,Moreirense,1.0,2.0,A,O,2.41,3.14,3.01,A,4.0,3.0,10.0,1.0,10,1.0,2.0,1.0,1.0,5.0,3.0,2.0,4.0,3.0,1.0,1.0,0.0,1.0,1.0,1.0,0.0,0.0,1.0,-1.0,33.3,33.3,25.0,50.0,10.0,11.0,30.0,16.0
2021-02-08,2020,Benfica,Famalicao,2.0,0.0,H,U,1.25,5.84,10.51,H,5.0,5.0,4.0,1.0,10,2.0,1.0,0.0,2.0,5.0,3.0,2.0,2.0,4.0,-2.0,3.0,-1.0,4.0,1.0,0.0,1.0,0.0,0.0,0.0,66.7,11.1,25.0,50.0,19.0,19.0,30.0,13.0
2021-02-08,2020,Belenenses,Guimaraes,1.0,1.0,D,U,3.18,3.17,2.29,D,4.0,4.0,4.0,7.0,10,1.0,2.0,2.0,0.0,3.0,7.0,-4.0,4.0,2.0,2.0,-1.0,5.0,-6.0,1.0,1.0,0.0,1.0,0.0,1.0,22.2,33.3,62.5,0.0,16.0,13.0,19.0,12.0
2021-02-07,2020,Sp Braga,Porto,2.0,2.0,D,O,2.93,3.41,2.32,A,5.0,3.0,6.0,5.0,9,4.0,3.0,0.0,0.0,8.0,8.0,0.0,2.0,3.0,-1.0,6.0,5.0,1.0,1.0,1.0,0.0,0.0,0.0,0.0,87.5,12.5,62.5,12.5,13.0,26.0,18.0,20.0
2021-02-05,2020,Rio Ave,Nacional,0.0,0.0,D,U,1.87,3.16,4.68,D,4.0,7.0,5.0,3.0,8,1.0,0.0,2.0,3.0,5.0,2.0,3.0,5.0,7.0,-2.0,0.0,-5.0,5.0,1.0,0.0,1.0,1.0,2.0,-1.0,28.6,42.9,14.3,57.1,20.0,10.0,21.0,10.0
2021-02-05,2020,Pacos Ferreira,Tondela,2.0,1.0,H,O,1.7,3.64,4.98,H,3.0,3.0,3.0,3.0,8,3.0,0.0,0.0,4.0,7.0,3.0,4.0,1.0,10.0,-9.0,6.0,-7.0,13.0,3.0,0.0,3.0,0.0,3.0,-3.0,71.4,14.3,0.0,85.7,15.0,10.0,13.0,17.0
2021-02-05,2020,Maritimo,Sp Lisbon,0.0,2.0,A,U,7.05,3.93,1.49,A,0.0,4.0,2.0,5.0,8,1.0,3.0,2.0,0.0,2.0,8.0,-6.0,5.0,3.0,2.0,-3.0,5.0,-8.0,0.0,2.0,-2.0,1.0,0.0,1.0,28.6,42.9,87.5,0.0,12.0,21.0,12.0,25.0
2021-02-05,2020,Boavista,Gil Vicente,1.0,2.0,A,O,2.35,2.89,3.41,D,5.0,5.0,3.0,5.0,8,0.0,1.0,2.0,2.0,2.0,3.0,-1.0,7.0,5.0,2.0,-5.0,-2.0,-3.0,0.0,0.0,0.0,2.0,1.0,1.0,14.3,57.1,12.5,62.5,19.0,8.0,19.0,18.0
2021-02-05,2020,Benfica,Guimaraes,0.0,0.0,D,U,1.45,4.45,6.54,D,5.0,2.0,9.0,2.0,9,3.0,3.0,0.0,0.0,7.0,9.0,-2.0,3.0,2.0,1.0,4.0,7.0,-3.0,1.0,2.0,-1.0,0.0,0.0,0.0,75.0,12.5,71.4,0.0,18.0,16.0,27.0,12.0
2021-02-04,2020,Sp Braga,Portimonense,2.0,1.0,H,O,1.41,4.59,7.08,A,4.0,5.0,4.0,1.0,8,4.0,0.0,0.0,3.0,7.0,3.0,4.0,1.0,8.0,-7.0,6.0,-5.0,11.0,1.0,0.0,1.0,0.0,1.0,-1.0,85.7,14.3,12.5,75.0,16.0,10.0,21.0,10.0
2021-02-04,2020,Farense,Santa Clara,1.0,1.0,D,U,2.7,2.87,2.88,H,4.0,3.0,11.0,7.0,9,2.0,2.0,1.0,1.0,6.0,6.0,0.0,4.0,4.0,0.0,2.0,2.0,0.0,1.0,1.0,0.0,0.0,0.0,0.0,37.5,37.5,50.0,37.5,10.0,16.0,20.0,18.0
2021-02-04,2020,Famalicao,Moreirense,0.0,2.0,A,U,2.09,3.13,3.77,A,2.0,3.0,5.0,3.0,9,0.0,1.0,3.0,2.0,3.0,2.0,1.0,8.0,5.0,3.0,-5.0,-3.0,-2.0,0.0,0.0,0.0,1.0,1.0,0.0,12.5,50.0,14.3,57.1,11.0,8.0,17.0,13.0
2021-02-04,2020,Belenenses,Porto,0.0,0.0,D,U,8.19,4.57,1.38,D,0.0,6.0,2.0,10.0,9,2.0,4.0,2.0,0.0,5.0,9.0,-4.0,5.0,3.0,2.0,0.0,6.0,-6.0,1.0,1.0,0.0,1.0,0.0,1.0,25.0,37.5,71.4,14.3,21.0,22.0,22.0,17.0
2021-02-02,2020,Gil Vicente,Pacos Ferreira,1.0,2.0,A,O,3.1,3.0,2.45,A,3.0,6.0,8.0,3.0,8,1.0,2.0,2.0,1.0,2.0,7.0,-5.0,3.0,3.0,0.0,-1.0,4.0,-5.0,1.0,2.0,-1.0,1.0,0.0,1.0,28.6,42.9,37.5,25.0,15.0,18.0,17.0,13.0
2021-02-01,2020,Sp Lisbon,Benfica,1.0,0.0,H,U,2.55,3.42,2.65,D,2.0,2.0,8.0,1.0,8,3.0,2.0,0.0,0.0,6.0,6.0,0.0,2.0,3.0,-1.0,4.0,3.0,1.0,1.0,1.0,0.0,0.0,0.0,0.0,71.4,0.0,57.1,14.3,16.0,14.0,26.0,28.0
2021-02-01,2020,Santa Clara,Belenenses,2.0,0.0,H,U,2.24,2.97,3.57,H,3.0,1.0,2.0,2.0,8,0.0,0.0,3.0,2.0,2.0,0.0,2.0,8.0,2.0,6.0,-6.0,-2.0,-4.0,0.0,0.0,0.0,1.0,0.0,1.0,14.3,57.1,14.3,42.9,10.0,9.0,13.0,14.0
2021-02-01,2020,Porto,Rio Ave,2.0,0.0,H,U,1.34,5.01,8.49,H,5.0,2.0,7.0,8.0,9,3.0,0.0,0.0,3.0,10.0,1.0,9.0,4.0,8.0,-4.0,6.0,-7.0,13.0,2.0,0.0,2.0,0.0,3.0,-3.0,75.0,12.5,12.5,37.5,25.0,8.0,20.0,18.0
2021-02-01,2020,Moreirense,Sp Braga,0.0,4.0,A,O,5.66,4.06,1.56,A,4.0,7.0,5.0,5.0,9,1.0,1.0,0.0,3.0,6.0,5.0,1.0,5.0,7.0,-2.0,1.0,-2.0,3.0,0.0,1.0,-1.0,0.0,2.0,-2.0,37.5,12.5,50.0,50.0,13.0,20.0,8.0,23.0
2021-01-31,2020,Guimaraes,Maritimo,1.0,0.0,H,U,1.76,3.65,4.51,D,4.0,5.0,7.0,1.0,8,2.0,2.0,2.0,2.0,6.0,6.0,0.0,8.0,5.0,3.0,-2.0,1.0,-3.0,1.0,1.0,0.0,1.0,0.0,1.0,42.9,57.1,37.5,62.5,10.0,13.0,13.0,14.0
2021-01-30,2020,Tondela,Farense,2.0,0.0,H,U,2.64,3.13,2.72,D,2.0,2.0,5.0,5.0,9,2.0,0.0,1.0,3.0,4.0,1.0,3.0,3.0,5.0,-2.0,1.0,-4.0,5.0,1.0,0.0,1.0,1.0,1.0,0.0,50.0,25.0,0.0,83.3,15.0,5.0,17.0,12.0
2021-01-30,2020,Portimonense,Boavista,1.0,2.0,A,O,2.25,3.11,3.34,D,2.0,6.0,4.0,2.0,8,3.0,0.0,0.0,1.0,4.0,2.0,2.0,0.0,4.0,-4.0,4.0,-2.0,6.0,1.0,0.0,1.0,0.0,1.0,-1.0,42.9,28.6,0.0,25.0,22.0,11.0,23.0,11.0
2021-01-30,2020,Nacional,Famalicao,2.0,1.0,H,O,2.88,2.91,2.67,A,8.0,4.0,9.0,3.0,9,1.0,1.0,3.0,2.0,3.0,2.0,1.0,6.0,4.0,2.0,-3.0,-2.0,-1.0,1.0,0.0,1.0,2.0,1.0,1.0,25.0,37.5,28.6,42.9,12.0,16.0,15.0,13.0
2021-01-26,2020,Sp Braga,Gil Vicente,1.0,0.0,H,U,1.43,4.39,7.51,D,1.0,0.0,7.0,4.0,7,4.0,1.0,0.0,2.0,7.0,4.0,3.0,1.0,6.0,-5.0,6.0,-2.0,8.0,1.0,0.0,1.0,0.0,1.0,-1.0,83.3,16.7,14.3,57.1,24.0,16.0,25.0,25.0
2021-01-26,2020,Boavista,Sp Lisbon,0.0,2.0,A,U,6.28,4.06,1.52,A,3.0,6.0,4.0,8.0,7,1.0,3.0,1.0,0.0,5.0,10.0,-5.0,5.0,3.0,2.0,0.0,7.0,-7.0,1.0,2.0,-1.0,1.0,0.0,1.0,16.7,50.0,85.7,0.0,23.0,21.0,19.0,19.0
2021-01-25,2020,Rio Ave,Santa Clara,1.0,2.0,A,O,1.97,3.17,4.15,D,5.0,5.0,6.0,2.0,7,2.0,1.0,1.0,2.0,6.0,4.0,2.0,3.0,5.0,-2.0,3.0,-1.0,4.0,2.0,1.0,1.0,1.0,1.0,0.0,33.3,33.3,42.9,42.9,21.0,15.0,18.0,19.0
2021-01-25,2020,Farense,Porto,0.0,1.0,A,U,7.66,4.42,1.41,A,1.0,8.0,7.0,4.0,8,3.0,3.0,0.0,1.0,9.0,10.0,-1.0,4.0,6.0,-2.0,5.0,4.0,1.0,2.0,1.0,1.0,0.0,0.0,0.0,42.9,28.6,66.7,16.7,14.0,17.0,18.0,17.0
2021-01-25,2020,Benfica,Nacional,1.0,1.0,D,U,1.18,6.87,14.0,H,3.0,2.0,7.0,3.0,8,3.0,0.0,1.0,3.0,8.0,1.0,7.0,5.0,6.0,-1.0,3.0,-5.0,8.0,1.0,0.0,1.0,0.0,2.0,-2.0,85.7,14.3,16.7,66.7,20.0,11.0,25.0,13.0
2021-01-25,2020,Belenenses,Tondela,2.0,0.0,H,U,2.24,3.0,3.52,H,3.0,2.0,4.0,9.0,8,1.0,0.0,2.0,4.0,3.0,3.0,0.0,5.0,12.0,-7.0,-2.0,-9.0,7.0,0.0,0.0,0.0,1.0,3.0,-2.0,14.3,42.9,0.0,83.3,19.0,8.0,24.0,9.0
2021-01-24,2020,Moreirense,Portimonense,2.0,2.0,D,O,2.66,3.14,2.69,H,3.0,4.0,3.0,1.0,8,1.0,0.0,1.0,4.0,4.0,2.0,2.0,4.0,9.0,-5.0,0.0,-7.0,7.0,0.0,0.0,0.0,0.0,2.0,-2.0,42.9,14.3,14.3,85.7,12.0,7.0,7.0,13.0
2021-01-24,2020,Maritimo,Pacos Ferreira,0.0,3.0,A,O,2.87,2.98,2.62,A,4.0,5.0,5.0,2.0,7,1.0,2.0,1.0,1.0,2.0,5.0,-3.0,2.0,3.0,-1.0,0.0,2.0,-2.0,0.0,1.0,-1.0,0.0,0.0,0.0,33.3,33.3,28.6,28.6,12.0,17.0,10.0,13.0
2021-01-24,2020,Famalicao,Guimaraes,0.0,1.0,A,U,3.24,3.08,2.31,A,5.0,3.0,7.0,4.0,8,1.0,3.0,2.0,0.0,5.0,10.0,-5.0,8.0,3.0,5.0,-3.0,7.0,-10.0,0.0,2.0,-2.0,1.0,0.0,1.0,14.3,42.9,66.7,0.0,14.0,18.0,14.0,12.0
2021-01-21,2020,Guimaraes,Nacional,3.0,1.0,H,O,1.66,3.76,5.13,D,4.0,5.0,3.0,3.0,7,1.0,0.0,3.0,3.0,3.0,1.0,2.0,8.0,5.0,3.0,-5.0,-4.0,-1.0,0.0,0.0,0.0,1.0,1.0,0.0,33.3,66.7,20.0,60.0,7.0,8.0,14.0,12.0
2021-01-18,2020,Portimonense,Belenenses,1.0,0.0,H,U,2.4,3.06,3.1,H,7.0,2.0,7.0,2.0,7,2.0,0.0,1.0,2.0,4.0,0.0,4.0,2.0,3.0,-1.0,2.0,-3.0,5.0,1.0,0.0,1.0,0.0,1.0,-1.0,33.3,33.3,16.7,33.3,17.0,9.0,23.0,14.0
2021-01-17,2020,Santa Clara,Famalicao,1.0,2.0,A,O,2.34,3.14,3.13,D,2.0,4.0,1.0,4.0,7,0.0,0.0,3.0,3.0,2.0,0.0,2.0,8.0,4.0,4.0,-6.0,-4.0,-2.0,0.0,0.0,0.0,1.0,1.0,0.0,16.7,50.0,16.7,50.0,10.0,14.0,13.0,11.0
2021-01-17,2020,Nacional,Moreirense,0.0,1.0,A,U,2.35,3.11,3.15,D,3.0,4.0,5.0,6.0,8,2.0,0.0,2.0,3.0,5.0,1.0,4.0,6.0,7.0,-1.0,-1.0,-6.0,5.0,1.0,0.0,1.0,2.0,2.0,0.0,28.6,28.6,0.0,66.7,15.0,5.0,18.0,12.0
2021-01-17,2020,Gil Vicente,Maritimo,0.0,1.0,A,U,2.23,3.12,3.38,D,3.0,1.0,3.0,4.0,7,1.0,1.0,2.0,3.0,3.0,6.0,-3.0,4.0,7.0,-3.0,-1.0,-1.0,0.0,1.0,1.0,0.0,1.0,0.0,1.0,33.3,33.3,28.6,71.4,16.0,16.0,22.0,12.0
2021-01-16,2020,Tondela,Boavista,3.0,1.0,H,O,3.13,3.24,2.3,H,7.0,2.0,7.0,5.0,8,2.0,0.0,1.0,1.0,3.0,2.0,1.0,2.0,4.0,-2.0,1.0,-2.0,3.0,1.0,0.0,1.0,1.0,1.0,0.0,42.9,28.6,0.0,14.3,13.0,14.0,13.0,13.0
2021-01-16,2020,Pacos Ferreira,Sp Braga,2.0,0.0,H,U,4.08,3.54,1.86,D,4.0,4.0,2.0,4.0,7,3.0,2.0,0.0,2.0,8.0,8.0,0.0,3.0,7.0,-4.0,5.0,1.0,4.0,2.0,1.0,1.0,0.0,1.0,-1.0,66.7,16.7,57.1,42.9,18.0,21.0,16.0,22.0
2021-01-15,2020,Sp Lisbon,Rio Ave,1.0,1.0,D,U,1.52,3.99,6.46,H,4.0,1.0,5.0,2.0,7,4.0,0.0,0.0,3.0,9.0,0.0,9.0,1.0,7.0,-6.0,8.0,-7.0,15.0,2.0,0.0,2.0,0.0,3.0,-3.0,83.3,0.0,14.3,42.9,27.0,9.0,29.0,18.0
2021-01-15,2020,Porto,Benfica,1.0,1.0,D,U,2.22,3.39,3.19,D,4.0,4.0,1.0,3.0,8,4.0,2.0,0.0,1.0,12.0,5.0,7.0,4.0,5.0,-1.0,8.0,0.0,8.0,3.0,1.0,2.0,0.0,1.0,-1.0,85.7,14.3,66.7,16.7,28.0,12.0,30.0,31.0
2021-01-10,2020,Farense,Gil Vicente,3.0,1.0,H,O,2.62,2.93,2.94,H,4.0,3.0,7.0,6.0,7,2.0,1.0,1.0,2.0,6.0,4.0,2.0,4.0,6.0,-2.0,2.0,-2.0,4.0,1.0,0.0,1.0,0.0,1.0,-1.0,33.3,33.3,16.7,50.0,11.0,14.0,17.0,23.0
2021-01-10,2020,Belenenses,Pacos Ferreira,0.0,2.0,A,U,3.02,3.0,2.5,A,6.0,5.0,8.0,4.0,7,1.0,1.0,1.0,1.0,4.0,4.0,0.0,4.0,4.0,0.0,0.0,0.0,0.0,0.0,0.0,0.0,0.0,0.0,0.0,16.7,33.3,16.7,33.3,16.0,18.0,24.0,15.0
2021-01-09,2020,Moreirense,Guimaraes,2.0,2.0,D,O,3.51,3.15,2.17,D,6.0,3.0,2.0,3.0,7,2.0,4.0,1.0,0.0,4.0,9.0,-5.0,3.0,1.0,2.0,1.0,8.0,-7.0,0.0,2.0,-2.0,0.0,0.0,0.0,50.0,16.7,80.0,0.0,13.0,16.0,14.0,13.0
2021-01-09,2020,Boavista,Santa Clara,1.0,1.0,D,U,2.38,2.97,3.27,D,5.0,2.0,3.0,4.0,6,1.0,2.0,2.0,2.0,4.0,5.0,-1.0,5.0,5.0,0.0,-1.0,0.0,-1.0,1.0,1.0,0.0,1.0,1.0,0.0,20.0,60.0,50.0,50.0,20.0,20.0,25.0,20.0
2021-01-08,2020,Rio Ave,Portimonense,3.0,0.0,H,O,2.1,3.01,3.98,D,7.0,3.0,4.0,4.0,6,1.0,0.0,2.0,4.0,3.0,2.0,1.0,6.0,7.0,-1.0,-3.0,-5.0,2.0,1.0,0.0,1.0,2.0,1.0,1.0,20.0,40.0,16.7,83.3,16.0,8.0,18.0,15.0
2021-01-08,2020,Nacional,Sp Lisbon,0.0,2.0,A,U,7.31,4.46,1.43,A,1.0,5.0,1.0,10.0,7,2.0,3.0,1.0,0.0,6.0,10.0,-4.0,5.0,4.0,1.0,1.0,6.0,-5.0,1.0,1.0,0.0,1.0,0.0,1.0,33.3,16.7,83.3,0.0,16.0,19.0,20.0,18.0
2021-01-08,2020,Famalicao,Porto,1.0,4.0,A,O,8.24,4.97,1.36,A,3.0,5.0,3.0,3.0,7,1.0,2.0,1.0,1.0,6.0,8.0,-2.0,6.0,7.0,-1.0,0.0,1.0,-1.0,0.0,0.0,0.0,0.0,0.0,0.0,16.7,33.3,60.0,20.0,17.0,17.0,20.0,15.0
2021-01-08,2020,Benfica,Tondela,2.0,0.0,H,U,1.12,8.97,19.11,D,5.0,2.0,11.0,0.0,7,3.0,0.0,1.0,3.0,8.0,4.0,4.0,5.0,11.0,-6.0,3.0,-7.0,10.0,1.0,0.0,1.0,0.0,2.0,-2.0,83.3,16.7,0.0,80.0,21.0,7.0,21.0,10.0
2021-01-07,2020,Sp Braga,Maritimo,2.0,1.0,H,O,1.35,5.0,8.0,H,3.0,2.0,4.0,1.0,6,4.0,1.0,0.0,3.0,7.0,6.0,1.0,1.0,7.0,-6.0,6.0,-1.0,7.0,1.0,1.0,0.0,0.0,0.0,0.0,80.0,20.0,33.3,66.7,28.0,17.0,25.0,14.0
2021-01-04,2020,Santa Clara,Benfica,1.0,1.0,D,U,6.53,4.38,1.46,A,4.0,2.0,3.0,10.0,6,0.0,3.0,3.0,1.0,1.0,7.0,-6.0,7.0,4.0,3.0,-6.0,3.0,-9.0,0.0,2.0,-2.0,1.0,1.0,0.0,20.0,60.0,80.0,20.0,9.0,16.0,18.0,25.0
2021-01-04,2020,Portimonense,Farense,2.0,0.0,H,U,2.25,3.2,3.23,D,5.0,0.0,5.0,1.0,6,1.0,0.0,2.0,3.0,2.0,3.0,-1.0,4.0,6.0,-2.0,-2.0,-3.0,1.0,0.0,0.0,0.0,1.0,0.0,1.0,20.0,40.0,0.0,80.0,18.0,14.0,25.0,13.0
2021-01-04,2020,Gil Vicente,Belenenses,0.0,0.0,D,U,2.21,3.07,3.48,D,5.0,1.0,8.0,3.0,6,1.0,0.0,2.0,2.0,4.0,0.0,4.0,5.0,3.0,2.0,-1.0,-3.0,2.0,1.0,0.0,1.0,1.0,1.0,0.0,40.0,40.0,20.0,40.0,15.0,10.0,19.0,13.0
2021-01-03,2020,Tondela,Famalicao,1.0,0.0,H,U,2.85,3.06,2.58,D,3.0,7.0,4.0,5.0,7,2.0,0.0,1.0,2.0,3.0,3.0,0.0,2.0,6.0,-4.0,1.0,-3.0,4.0,1.0,0.0,1.0,1.0,1.0,0.0,33.3,33.3,20.0,40.0,13.0,12.0,14.0,15.0
2021-01-03,2020,Porto,Moreirense,3.0,0.0,H,O,1.21,6.39,12.89,H,7.0,2.0,6.0,1.0,7,4.0,0.0,0.0,2.0,10.0,1.0,9.0,4.0,4.0,0.0,6.0,-3.0,9.0,2.0,0.0,2.0,0.0,1.0,-1.0,83.3,16.7,0.0,60.0,28.0,7.0,32.0,14.0
2021-01-03,2020,Pacos Ferreira,Rio Ave,2.0,0.0,H,U,2.33,2.99,3.31,H,4.0,2.0,3.0,4.0,6,3.0,1.0,0.0,2.0,8.0,1.0,7.0,4.0,5.0,-1.0,4.0,-4.0,8.0,1.0,0.0,1.0,0.0,2.0,-2.0,60.0,20.0,16.7,33.3,17.0,9.0,20.0,15.0
2021-01-03,2020,Maritimo,Boavista,0.0,0.0,D,U,2.61,3.04,2.83,D,4.0,3.0,2.0,3.0,6,1.0,0.0,2.0,1.0,3.0,4.0,-1.0,4.0,6.0,-2.0,-1.0,-2.0,1.0,0.0,0.0,0.0,0.0,1.0,-1.0,40.0,40.0,0.0,16.7,12.0,17.0,18.0,11.0
2021-01-02,2020,Sp Lisbon,Sp Braga,2.0,0.0,H,U,2.06,3.51,3.41,D,4.0,3.0,5.0,4.0,6,4.0,3.0,0.0,1.0,10.0,9.0,1.0,2.0,5.0,-3.0,8.0,4.0,4.0,2.0,1.0,1.0,0.0,0.0,0.0,80.0,0.0,66.7,33.3,29.0,26.0,33.0,27.0
2020-12-29,2020,Moreirense,Santa Clara,1.0,0.0,H,U,2.68,3.01,2.78,D,2.0,1.0,2.0,0.0,6,1.0,2.0,1.0,2.0,4.0,6.0,-2.0,4.0,6.0,-2.0,0.0,0.0,0.0,0.0,1.0,-1.0,0.0,1.0,-1.0,40.0,20.0,60.0,40.0,17.0,24.0,17.0,22.0
2020-12-29,2020,Guimaraes,Porto,2.0,3.0,A,O,4.57,3.76,1.71,D,2.0,7.0,0.0,3.0,6,2.0,2.0,2.0,1.0,2.0,10.0,-8.0,5.0,5.0,0.0,-3.0,5.0,-8.0,0.0,1.0,-1.0,1.0,0.0,1.0,40.0,60.0,50.0,25.0,6.0,16.0,16.0,14.0
2020-12-29,2020,Benfica,Portimonense,2.0,1.0,H,O,1.22,6.27,11.88,H,6.0,2.0,3.0,2.0,6,3.0,1.0,1.0,3.0,9.0,3.0,6.0,6.0,6.0,0.0,3.0,-3.0,6.0,1.0,0.0,1.0,0.0,1.0,-1.0,80.0,20.0,20.0,80.0,22.0,9.0,21.0,19.0
2020-12-28,2020,Rio Ave,Maritimo,1.0,3.0,A,O,1.89,3.33,4.27,H,5.0,6.0,4.0,5.0,5,1.0,1.0,1.0,3.0,2.0,6.0,-4.0,3.0,8.0,-5.0,-1.0,-2.0,1.0,1.0,0.0,1.0,1.0,0.0,1.0,25.0,25.0,20.0,80.0,14.0,15.0,18.0,9.0
2020-12-28,2020,Boavista,Sp Braga,1.0,4.0,A,O,4.49,3.64,1.75,A,5.0,7.0,8.0,6.0,5,1.0,3.0,2.0,1.0,3.0,9.0,-6.0,6.0,4.0,2.0,-3.0,5.0,-8.0,1.0,1.0,0.0,1.0,0.0,1.0,25.0,50.0,60.0,40.0,19.0,27.0,20.0,29.0
2020-12-27,2020,Nacional,Tondela,2.0,0.0,H,U,2.06,3.22,3.71,H,4.0,2.0,2.0,6.0,6,1.0,0.0,1.0,3.0,4.0,5.0,-1.0,5.0,11.0,-6.0,-1.0,-6.0,5.0,0.0,0.0,0.0,1.0,1.0,0.0,20.0,20.0,0.0,75.0,16.0,11.0,25.0,12.0
2020-12-27,2020,Farense,Pacos Ferreira,1.0,1.0,D,U,2.77,3.17,2.57,D,1.0,3.0,5.0,3.0,6,2.0,1.0,1.0,2.0,8.0,3.0,5.0,6.0,4.0,2.0,2.0,-1.0,3.0,1.0,0.0,1.0,0.0,0.0,0.0,40.0,40.0,20.0,40.0,15.0,22.0,18.0,19.0
2020-12-27,2020,Famalicao,Gil Vicente,0.0,1.0,A,U,2.46,2.99,3.08,A,1.0,3.0,4.0,6.0,6,1.0,0.0,0.0,3.0,7.0,3.0,4.0,6.0,7.0,-1.0,1.0,-4.0,5.0,0.0,0.0,0.0,0.0,1.0,-1.0,20.0,20.0,0.0,60.0,21.0,13.0,19.0,20.0
2020-12-27,2020,Belenenses,Sp Lisbon,1.0,2.0,A,O,6.61,4.24,1.47,A,7.0,4.0,5.0,3.0,6,1.0,3.0,0.0,0.0,3.0,10.0,-7.0,2.0,3.0,-1.0,1.0,7.0,-6.0,0.0,2.0,-2.0,0.0,0.0,0.0,20.0,20.0,80.0,0.0,14.0,19.0,26.0,17.0
2020-12-22,2020,Sp Braga,Rio Ave,3.0,0.0,H,O,1.55,4.0,5.96,H,5.0,2.0,3.0,4.0,5,3.0,1.0,1.0,1.0,4.0,2.0,2.0,2.0,3.0,-1.0,2.0,-1.0,3.0,0.0,0.0,0.0,0.0,1.0,-1.0,75.0,25.0,20.0,20.0,27.0,11.0,30.0,16.0
2020-12-21,2020,Santa Clara,Guimaraes,0.0,4.0,A,O,2.76,3.18,2.56,A,2.0,5.0,7.0,3.0,5,1.0,3.0,2.0,0.0,3.0,5.0,-2.0,3.0,1.0,2.0,0.0,4.0,-4.0,1.0,1.0,0.0,0.0,0.0,0.0,25.0,50.0,75.0,0.0,12.0,14.0,16.0,14.0
2020-12-20,2020,Porto,Nacional,2.0,0.0,H,U,1.26,5.78,10.3,H,5.0,2.0,8.0,1.0,6,3.0,1.0,1.0,2.0,10.0,2.0,8.0,7.0,3.0,4.0,3.0,-1.0,4.0,1.0,0.0,1.0,0.0,0.0,0.0,80.0,20.0,25.0,50.0,33.0,10.0,33.0,16.0
2020-12-20,2020,Pacos Ferreira,Boavista,1.0,1.0,D,U,2.26,3.28,3.14,D,3.0,4.0,5.0,3.0,5,3.0,0.0,1.0,1.0,7.0,4.0,3.0,5.0,6.0,-1.0,2.0,-2.0,4.0,1.0,0.0,1.0,1.0,1.0,0.0,75.0,25.0,0.0,20.0,14.0,18.0,19.0,11.0
2020-12-20,2020,Gil Vicente,Benfica,0.0,2.0,A,U,7.28,4.77,1.39,D,5.0,6.0,4.0,3.0,5,2.0,3.0,1.0,1.0,5.0,10.0,-5.0,3.0,5.0,-2.0,2.0,5.0,-3.0,1.0,2.0,-1.0,0.0,1.0,-1.0,50.0,25.0,75.0,25.0,13.0,17.0,25.0,26.0
2020-12-19,2020,Tondela,Moreirense,0.0,0.0,D,U,2.41,3.13,3.03,D,1.0,2.0,1.0,6.0,6,2.0,0.0,2.0,3.0,3.0,1.0,2.0,6.0,6.0,0.0,-3.0,-5.0,2.0,1.0,0.0,1.0,2.0,2.0,0.0,40.0,40.0,0.0,75.0,16.0,6.0,18.0,9.0
2020-12-19,2020,Sp Lisbon,Farense,1.0,0.0,H,U,1.31,5.34,8.91,D,3.0,3.0,7.0,2.0,5,3.0,0.0,0.0,3.0,11.0,3.0,8.0,4.0,7.0,-3.0,7.0,-4.0,11.0,2.0,0.0,2.0,0.0,1.0,-1.0,75.0,0.0,0.0,75.0,31.0,13.0,30.0,17.0
2020-12-19,2020,Maritimo,Belenenses,1.0,0.0,H,U,2.39,3.15,3.05,D,2.0,2.0,4.0,2.0,5,1.0,1.0,2.0,1.0,4.0,1.0,3.0,5.0,2.0,3.0,-1.0,-1.0,0.0,0.0,0.0,0.0,0.0,1.0,-1.0,25.0,50.0,25.0,25.0,16.0,11.0,14.0,13.0
2020-12-18,2020,Portimonense,Famalicao,0.0,0.0,D,U,2.41,3.19,2.99,D,6.0,4.0,4.0,1.0,5,1.0,1.0,2.0,2.0,3.0,5.0,-2.0,5.0,7.0,-2.0,-2.0,-2.0,0.0,0.0,0.0,0.0,1.0,1.0,0.0,25.0,50.0,25.0,50.0,15.0,10.0,25.0,16.0
2020-12-07,2020,Farense,Maritimo,2.0,1.0,H,O,2.35,3.26,2.98,H,4.0,4.0,1.0,4.0,5,1.0,1.0,2.0,3.0,6.0,5.0,1.0,6.0,8.0,-2.0,0.0,-3.0,3.0,1.0,0.0,1.0,0.0,1.0,-1.0,25.0,50.0,25.0,75.0,15.0,13.0,28.0,11.0
2020-12-06,2020,Rio Ave,Boavista,0.0,0.0,D,U,1.92,3.32,4.09,D,3.0,2.0,7.0,0.0,4,,0.0,,1.0,,7.0,,,9.0,,,-2.0,,,0.0,,,1.0,,33.3,33.3,0.0,25.0,,19.0,,15.0
2020-12-06,2020,Nacional,Santa Clara,1.0,3.0,A,O,2.7,3.16,2.64,A,4.0,8.0,7.0,12.0,5,1.0,2.0,0.0,2.0,6.0,4.0,2.0,5.0,5.0,0.0,1.0,-1.0,2.0,0.0,0.0,0.0,0.0,1.0,-1.0,25.0,0.0,50.0,50.0,19.0,17.0,24.0,10.0
2020-12-06,2020,Benfica,Pacos Ferreira,2.0,1.0,H,O,1.25,5.72,10.94,A,4.0,5.0,6.0,4.0,5,3.0,1.0,1.0,1.0,9.0,3.0,6.0,5.0,3.0,2.0,4.0,0.0,4.0,2.0,0.0,2.0,0.0,0.0,0.0,75.0,25.0,25.0,25.0,28.0,22.0,25.0,24.0
2020-12-06,2020,Belenenses,Sp Braga,2.0,1.0,H,O,5.82,4.05,1.54,H,5.0,6.0,5.0,9.0,5,0.0,3.0,1.0,1.0,2.0,9.0,-7.0,3.0,5.0,-2.0,-1.0,4.0,-5.0,0.0,1.0,-1.0,0.0,1.0,-1.0,0.0,25.0,75.0,25.0,14.0,22.0,26.0,21.0
2020-12-05,2020,Porto,Tondela,4.0,3.0,H,O,1.18,6.83,14.32,D,9.0,4.0,5.0,2.0,5,3.0,,1.0,,9.0,,,5.0,,,4.0,,,2.0,,,0.0,,,75.0,25.0,0.0,66.7,28.0,,33.0,
2020-12-05,2020,Moreirense,Gil Vicente,1.0,1.0,D,U,2.93,3.14,2.47,D,2.0,2.0,1.0,2.0,5,2.0,0.0,1.0,3.0,5.0,2.0,3.0,3.0,6.0,-3.0,2.0,-4.0,6.0,1.0,0.0,1.0,0.0,1.0,-1.0,50.0,25.0,0.0,75.0,20.0,12.0,20.0,21.0
2020-12-05,2020,Guimaraes,Portimonense,1.0,0.0,H,U,1.9,3.51,3.95,H,3.0,1.0,5.0,3.0,5,1.0,1.0,3.0,3.0,1.0,3.0,-2.0,6.0,6.0,0.0,-5.0,-3.0,-2.0,0.0,0.0,0.0,1.0,1.0,0.0,25.0,75.0,25.0,75.0,5.0,10.0,18.0,23.0
2020-12-05,2020,Famalicao,Sp Lisbon,2.0,2.0,D,O,5.47,4.25,1.55,A,2.0,6.0,3.0,4.0,5,1.0,4.0,1.0,0.0,6.0,10.0,-4.0,9.0,1.0,8.0,-3.0,9.0,-12.0,0.0,3.0,-3.0,1.0,0.0,1.0,25.0,25.0,100.0,0.0,21.0,18.0,19.0,21.0
2020-12-01,2020,Moreirense,Pacos Ferreira,0.0,1.0,A,U,3.62,3.26,2.08,A,2.0,4.0,2.0,2.0,4,,,,,,,,,,,,,,,,,,,,66.7,0.0,0.0,33.3,,,,
2020-11-30,2020,Maritimo,Benfica,1.0,2.0,A,O,8.5,4.89,1.34,D,2.0,2.0,1.0,12.0,4,,,,,,,,,,,,,,,,,,,,33.3,33.3,66.7,33.3,,,,
2020-11-29,2020,Sp Braga,Farense,1.0,0.0,H,U,1.36,4.74,8.43,D,7.0,0.0,7.0,3.0,4,,,,,,,,,,,,,,,,,,,,66.7,33.3,0.0,66.7,,,,
2020-11-29,2020,Portimonense,Nacional,1.0,0.0,H,U,2.1,3.37,3.38,D,4.0,1.0,7.0,3.0,4,,,,,,,,,,,,,,,,,,,,0.0,66.7,33.3,33.3,,,,
2020-11-29,2020,Gil Vicente,Rio Ave,2.0,0.0,H,U,3.02,3.08,2.42,H,2.0,3.0,2.0,8.0,4,,1.0,,0.0,,3.0,,,2.0,,,1.0,,,0.0,,,0.0,,33.3,33.3,25.0,0.0,,12.0,,14.0
2020-11-29,2020,Boavista,Belenenses,0.0,0.0,D,U,2.12,3.15,3.61,D,6.0,4.0,4.0,7.0,4,,,,,,,,,,,,,,,,,,,,33.3,66.7,33.3,33.3,,,,
2020-11-28,2020,Sp Lisbon,Moreirense,2.0,1.0,H,O,1.26,5.67,10.8,D,5.0,0.0,9.0,0.0,4,,,,,,,,,,,,,,,,,,,,66.7,0.0,0.0,66.7,,,,
2020-11-28,2020,Santa Clara,Porto,0.0,1.0,A,U,6.49,3.99,1.52,A,2.0,2.0,2.0,7.0,4,,,,,,,,,,,,,,,,,,,,33.3,33.3,33.3,33.3,,,,
2020-11-27,2020,Tondela,Guimaraes,0.0,2.0,A,U,4.21,3.54,1.85,D,4.0,5.0,5.0,2.0,5,2.0,,1.0,,4.0,,,5.0,,,-1.0,,,1.0,,,1.0,,,50.0,25.0,66.7,0.0,14.0,,14.0,
2020-11-27,2020,Pacos Ferreira,Famalicao,2.0,0.0,H,U,2.14,3.23,3.5,H,4.0,1.0,3.0,3.0,4,,,,,,,,,,,,,,,,,,,,66.7,33.3,33.3,33.3,,,,
2020-11-08,2020,Porto,Portimonense,3.0,1.0,H,O,1.21,6.08,13.46,D,7.0,1.0,11.0,4.0,4,,,,,,,,,,,,,,,,,,,,66.7,33.3,33.3,66.7,,,,
2020-11-08,2020,Nacional,Gil Vicente,2.0,1.0,H,O,2.6,2.95,2.91,A,6.0,8.0,8.0,11.0,4,,,,,,,,,,,,,,,,,,,,0.0,0.0,0.0,66.7,,,,
2020-11-08,2020,Farense,Boavista,3.0,1.0,H,O,2.6,3.11,2.78,D,5.0,5.0,5.0,7.0,4,,,,,,,,,,,,,,,,,,,,0.0,66.7,0.0,0.0,,,,
2020-11-08,2020,Benfica,Sp Braga,2.0,3.0,A,O,1.6,4.13,5.03,A,5.0,5.0,5.0,3.0,4,,,,,,,,,,,,,,,,,,,,100.0,0.0,66.7,33.3,,,,
2020-11-07,2020,Tondela,Santa Clara,2.0,0.0,H,U,2.86,3.1,2.54,H,5.0,4.0,3.0,3.0,4,,,,,,,,,,,,,,,,,,,,33.3,33.3,66.7,33.3,,,,
2020-11-07,2020,Guimaraes,Sp Lisbon,0.0,4.0,A,O,3.58,3.23,2.1,A,1.0,6.0,5.0,2.0,4,,,,,,,,,,,,,,,,,,,,33.3,66.7,100.0,0.0,,,,
2020-11-07,2020,Famalicao,Maritimo,2.0,1.0,H,O,2.21,3.16,3.37,H,8.0,4.0,4.0,2.0,4,,,,,,,,,,,,,,,,,,,,0.0,33.3,33.3,66.7,,,,
2020-11-06,2020,Belenenses,Rio Ave,0.0,0.0,D,U,3.42,3.15,2.21,D,1.0,2.0,6.0,2.0,4,,,,,,,,,,,,,,,,,,,,0.0,33.3,33.3,0.0,,,,
2020-11-02,2020,Sp Braga,Famalicao,1.0,0.0,H,U,1.37,4.89,7.63,D,9.0,2.0,11.0,2.0,3,,,,,,,,,,,,,,,,,,,,50.0,50.0,50.0,0.0,,,,
2020-11-02,2020,Boavista,Benfica,3.0,0.0,H,O,9.95,5.67,1.27,H,7.0,2.0,4.0,6.0,3,,,,,,,,,,,,,,,,,,,,0.0,100.0,100.0,0.0,,,,
2020-11-01,2020,Sp Lisbon,Tondela,4.0,0.0,H,O,1.41,4.42,7.65,H,15.0,0.0,8.0,1.0,3,,,,,,,,,,,,,,,,,,,,50.0,0.0,0.0,50.0,,,,
2020-11-01,2020,Portimonense,Santa Clara,1.0,2.0,A,O,2.25,3.12,3.35,A,2.0,7.0,7.0,5.0,3,,,,,,,,,,,,,,,,,,,,0.0,50.0,50.0,50.0,,,,
2020-11-01,2020,Gil Vicente,Guimaraes,1.0,2.0,A,O,3.57,2.85,2.3,A,4.0,5.0,8.0,4.0,3,,,,,,,,,,,,,,,,,,,,50.0,0.0,50.0,0.0,,,,
2020-10-31,2020,Rio Ave,Moreirense,2.0,0.0,H,U,1.88,3.29,4.39,H,6.0,1.0,3.0,5.0,3,,,,,,,,,,,,,,,,,,,,0.0,50.0,0.0,50.0,,,,
2020-10-31,2020,Maritimo,Nacional,0.0,0.0,D,U,2.16,3.25,3.41,D,4.0,3.0,3.0,6.0,3,,,,,,,,,,,,,,,,,,,,50.0,50.0,50.0,50.0,,,,
2020-10-31,2020,Belenenses,Farense,1.0,1.0,D,U,2.57,2.98,2.95,D,3.0,2.0,8.0,6.0,3,,,,,,,,,,,,,,,,,,,,0.0,50.0,0.0,100.0,,,,
2020-10-30,2020,Pacos Ferreira,Porto,3.0,2.0,H,O,6.42,4.12,1.51,H,7.0,3.0,5.0,4.0,3,,,,,,,,,,,,,,,,,,,,50.0,50.0,50.0,0.0,,,,
2020-10-28,2020,Sp Lisbon,Gil Vicente,3.0,1.0,H,O,1.45,4.26,7.25,D,6.0,1.0,9.0,4.0,2,,,,,,,,,,,,,,,,,,,,0.0,0.0,0.0,50.0,,,,
2020-10-26,2020,Benfica,Belenenses,2.0,0.0,H,U,1.1,8.68,23.12,H,6.0,2.0,7.0,2.0,3,,,,,,,,,,,,,,,,,,,,100.0,0.0,50.0,0.0,,,,
2020-10-25,2020,Moreirense,Maritimo,2.0,1.0,H,O,2.53,3.02,2.96,H,7.0,3.0,9.0,3.0,3,,,,,,,,,,,,,,,,,,,,50.0,0.0,50.0,50.0,,,,
2020-10-25,2020,Guimaraes,Sp Braga,0.0,1.0,A,U,2.74,3.33,2.5,A,1.0,8.0,4.0,9.0,3,,,,,,,,,,,,,,,,,,,,50.0,50.0,50.0,50.0,,,,
2020-10-25,2020,Farense,Rio Ave,0.0,1.0,A,U,3.23,3.28,2.22,A,1.0,2.0,6.0,1.0,3,,,,,,,,,,,,,,,,,,,,0.0,50.0,0.0,0.0,,,,
2020-10-25,2020,Famalicao,Boavista,2.0,2.0,D,O,2.37,3.23,2.99,D,6.0,6.0,9.0,1.0,3,,,,,,,,,,,,,,,,,,,,0.0,50.0,0.0,0.0,,,,
2020-10-24,2020,Santa Clara,Sp Lisbon,1.0,2.0,A,O,4.24,3.41,1.86,D,2.0,3.0,1.0,9.0,3,,,,,,,,,,,,,,,,,,,,50.0,0.0,100.0,0.0,,,,
2020-10-24,2020,Porto,Gil Vicente,1.0,0.0,H,U,1.23,6.01,12.26,H,7.0,2.0,8.0,3.0,3,,,,,,,,,,,,,,,,,,,,50.0,50.0,0.0,0.0,,,,
2020-10-24,2020,Nacional,Pacos Ferreira,1.0,1.0,D,U,2.6,3.2,2.73,D,2.0,6.0,3.0,6.0,3,,,,,,,,,,,,,,,,,,,,0.0,0.0,0.0,50.0,,,,
2020-10-23,2020,Tondela,Portimonense,1.0,0.0,H,U,3.47,3.26,2.14,H,3.0,4.0,5.0,6.0,3,,,,,,,,,,,,,,,,,,,,0.0,50.0,50.0,50.0,,,,
2020-10-19,2020,Boavista,Guimaraes,0.0,1.0,A,U,3.72,3.21,2.06,A,2.0,1.0,9.0,4.0,2,,,,,,,,,,,,,,,,,,,,0.0,100.0,0.0,0.0,,,,
2020-10-18,2020,Rio Ave,Benfica,0.0,3.0,A,O,5.52,4.21,1.54,A,2.0,6.0,4.0,4.0,2,,,,,,,,,,,,,,,,,,,,0.0,0.0,100.0,0.0,,,,
2020-10-18,2020,Pacos Ferreira,Santa Clara,2.0,1.0,H,O,2.48,3.08,2.95,H,3.0,5.0,7.0,2.0,2,,,,,,,,,,,,,,,,,,,,0.0,100.0,100.0,0.0,,,,
2020-10-18,2020,Farense,Famalicao,3.0,3.0,D,O,2.47,3.22,2.85,H,5.0,5.0,6.0,9.0,2,,,,,,,,,,,,,,,,,,,,0.0,100.0,100.0,0.0,,,,
2020-10-18,2020,Belenenses,Moreirense,0.0,0.0,D,U,2.39,2.95,3.23,D,5.0,4.0,7.0,3.0,2,,,,,,,,,,,,,,,,,,,,0.0,100.0,0.0,100.0,,,,
2020-10-17,2020,Sp Lisbon,Porto,2.0,2.0,D,O,3.53,3.35,2.09,A,5.0,5.0,4.0,1.0,1,,,,,,,,,,,,,,,,,,,,,,100.0,0.0,,,,
2020-10-17,2020,Sp Braga,Nacional,2.0,1.0,H,O,1.38,4.78,7.71,H,7.0,2.0,4.0,2.0,2,,,,,,,,,,,,,,,,,,,,0.0,100.0,100.0,0.0,,,,
2020-10-17,2020,Maritimo,Portimonense,1.0,2.0,A,O,2.42,3.1,3.06,D,4.0,3.0,10.0,6.0,2,,,,,,,,,,,,,,,,,,,,100.0,0.0,0.0,100.0,,,,
2020-10-17,2020,Gil Vicente,Tondela,1.0,1.0,D,U,2.11,3.2,3.6,H,4.0,1.0,5.0,1.0,2,,,,,,,,,,,,,,,,,,,,100.0,0.0,0.0,100.0,,,,
2020-10-04,2020,Portimonense,Sp Lisbon,0.0,2.0,A,U,3.89,3.54,1.9,A,6.0,4.0,7.0,2.0,2,,,,,,,,,,,,,,,,,,,,0.0,0.0,100.0,0.0,,,,
2020-10-04,2020,Nacional,Belenenses,0.0,0.0,D,U,2.28,3.07,3.3,D,4.0,2.0,7.0,2.0,2,,,,,,,,,,,,,,,,,,,,0.0,0.0,100.0,0.0,,,,
2020-10-04,2020,Famalicao,Rio Ave,1.0,1.0,D,U,2.56,3.29,2.68,H,5.0,4.0,3.0,5.0,2,,,,,,,,,,,,,,,,,,,,0.0,100.0,0.0,0.0,,,,
2020-10-04,2020,Benfica,Farense,3.0,2.0,H,O,1.11,8.7,21.22,H,7.0,9.0,3.0,2.0,2,,,,,,,,,,,,,,,,,,,,100.0,0.0,0.0,100.0,,,,
2020-10-03,2020,Tondela,Sp Braga,0.0,4.0,A,O,5.85,3.97,1.56,A,4.0,8.0,5.0,8.0,2,,,,,,,,,,,,,,,,,,,,0.0,0.0,0.0,100.0,,,,
2020-10-03,2020,Santa Clara,Gil Vicente,0.0,0.0,D,U,2.25,3.08,3.4,D,3.0,1.0,8.0,3.0,2,,,,,,,,,,,,,,,,,,,,100.0,0.0,,,,,,
2020-10-03,2020,Porto,Maritimo,2.0,3.0,A,O,1.14,7.39,18.79,D,10.0,4.0,9.0,0.0,2,,,,,,,,,,,,,,,,,,,,100.0,0.0,0.0,100.0,,,,
2020-10-02,2020,Moreirense,Boavista,1.0,1.0,D,U,2.46,3.08,3.03,A,6.0,5.0,5.0,3.0,2,,,,,,,,,,,,,,,,,,,,100.0,0.0,0.0,0.0,,,,
2020-10-02,2020,Guimaraes,Pacos Ferreira,1.0,0.0,H,U,1.74,3.43,5.14,D,1.0,7.0,2.0,7.0,2,,,,,,,,,,,,,,,,,,,,0.0,100.0,0.0,0.0,,,,
2020-09-28,2020,Belenenses,Famalicao,1.0,2.0,A,O,2.49,3.09,2.91,H,5.0,2.0,5.0,2.0,1,,,,,,,,,,,,,,,,,,,,,,,,,,,
2020-09-27,2020,Rio Ave,Guimaraes,0.0,0.0,D,U,2.81,3.2,2.52,D,3.0,3.0,4.0,4.0,1,,,,,,,,,,,,,,,,,,,,,,,,,,,
2020-09-27,2020,Pacos Ferreira,Sp Lisbon,0.0,2.0,A,U,3.57,3.15,2.13,A,0.0,5.0,4.0,8.0,1,,,,,,,,,,,,,,,,,,,,,,,,,,,
2020-09-27,2020,Gil Vicente,Portimonense,1.0,0.0,H,U,2.66,3.04,2.75,D,3.0,2.0,10.0,7.0,1,,,,,,,,,,,,,,,,,,,,,,,,,,,
2020-09-27,2020,Farense,Nacional,0.0,1.0,A,U,2.16,3.25,3.35,D,4.0,4.0,11.0,5.0,1,,,,,,,,,,,,,,,,,,,,,,,,,,,
2020-09-26,2020,Maritimo,Tondela,2.0,1.0,H,O,2.24,3.11,3.35,H,6.0,6.0,0.0,8.0,1,,,,,,,,,,,,,,,,,,,,,,,,,,,
2020-09-26,2020,Boavista,Porto,0.0,5.0,A,O,7.25,4.38,1.43,D,4.0,6.0,3.0,2.0,1,,,,,,,,,,,,,,,,,,,,,,,,,,,
2020-09-26,2020,Benfica,Moreirense,2.0,0.0,H,U,1.14,7.72,17.23,H,10.0,1.0,10.0,1.0,1,,,,,,,,,,,,,,,,,,,,,,,,,,,
2020-09-25,2020,Sp Braga,Santa Clara,0.0,1.0,A,U,1.44,4.26,7.41,A,4.0,1.0,8.0,0.0,1,,,,,,,,,,,,,,,,,,,,,,,,,,,
2020-09-21,2020,Portimonense,Pacos Ferreira,1.0,1.0,D,U,2.21,3.16,3.35,A,3.0,5.0,4.0,9.0,1,,,,,,,,,,,,,,,,,,,,,,,,,,,
2020-09-20,2020,Tondela,Rio Ave,1.0,1.0,D,U,3.75,3.19,2.06,H,2.0,4.0,1.0,6.0,1,,,,,,,,,,,,,,,,,,,,,,,,,,,
2020-09-20,2020,Santa Clara,Maritimo,2.0,0.0,H,U,2.21,3.06,3.5,D,5.0,2.0,5.0,6.0,1,,,,,,,,,,,,,,,,,,,,,,,,,,,
2020-09-20,2020,Moreirense,Farense,2.0,0.0,H,U,2.23,3.12,3.36,H,5.0,2.0,4.0,6.0,1,,,,,,,,,,,,,,,,,,,,,,,,,,,
2020-09-19,2020,Porto,Sp Braga,3.0,1.0,H,O,1.62,3.92,5.24,H,4.0,1.0,5.0,1.0,1,,,,,,,,,,,,,,,,,,,,,,,,,,,
2020-09-19,2020,Nacional,Boavista,3.0,3.0,D,O,2.55,3.01,2.94,D,7.0,3.0,6.0,4.0,1,,,,,,,,,,,,,,,,,,,,,,,,,,,
2020-09-18,2020,Guimaraes,Belenenses,0.0,1.0,A,U,1.48,4.2,6.74,D,2.0,3.0,7.0,2.0,1,,,,,,,,,,,,,,,,,,,,,,,,,,,
2020-09-18,2020,Famalicao,Benfica,1.0,5.0,A,O,7.55,4.72,1.39,A,2.0,7.0,3.0,4.0,1,,,,,,,,,,,,,,,,,,,,,,,,,,,
2020-07-26,2019,Setubal,Belenenses,2.0,0.0,H,U,1.63,3.76,5.27,H,4.0,2.0,2.0,4.0,17,0.0,1.0,3.0,2.0,6.0,4.0,2.0,9.0,8.0,1.0,-3.0,-4.0,1.0,0.0,1.0,-1.0,0.0,1.0,-1.0,18.8,37.5,25.0,50.0,11.0,7.0,16.0,15.0
2020-07-26,2019,Portimonense,Aves,2.0,0.0,H,U,1.15,6.78,18.55,D,5.0,3.0,6.0,4.0,17,2.0,0.0,1.0,4.0,7.0,0.0,7.0,6.0,12.0,-6.0,1.0,-12.0,13.0,0.0,0.0,0.0,0.0,4.0,-4.0,25.0,31.2,6.2,87.5,18.0,6.0,22.0,23.0
2020-07-26,2019,Moreirense,Tondela,1.0,2.0,A,O,3.16,2.65,2.64,A,5.0,6.0,5.0,4.0,17,0.0,0.0,1.0,2.0,2.0,3.0,-1.0,3.0,6.0,-3.0,-1.0,-3.0,2.0,0.0,0.0,0.0,0.0,1.0,-1.0,37.5,25.0,31.2,43.8,8.0,14.0,23.0,21.0
2020-07-25,2019,Sp Braga,Porto,2.0,1.0,H,O,2.72,3.57,2.36,A,5.0,5.0,8.0,3.0,17,2.0,2.0,1.0,1.0,8.0,5.0,3.0,4.0,3.0,1.0,4.0,2.0,2.0,1.0,1.0,0.0,0.0,0.0,0.0,56.2,18.8,68.8,12.5,22.0,21.0,26.0,26.0
2020-07-25,2019,Maritimo,Famalicao,3.0,3.0,D,O,3.74,3.51,1.93,D,5.0,5.0,1.0,10.0,17,2.0,3.0,0.0,0.0,5.0,7.0,-2.0,2.0,3.0,-1.0,3.0,4.0,-1.0,1.0,1.0,0.0,0.0,0.0,0.0,31.2,25.0,43.8,25.0,18.0,15.0,19.0,22.0
2020-07-25,2019,Boavista,Rio Ave,0.0,2.0,A,U,4.52,3.83,1.7,A,2.0,4.0,6.0,5.0,17,2.0,2.0,2.0,1.0,4.0,3.0,1.0,3.0,2.0,1.0,1.0,1.0,0.0,1.0,0.0,1.0,0.0,0.0,0.0,31.2,43.8,50.0,25.0,18.0,12.0,16.0,17.0
2020-07-25,2019,Benfica,Sp Lisbon,2.0,1.0,H,O,1.92,3.5,3.8,H,4.0,5.0,8.0,3.0,17,2.0,1.0,1.0,1.0,8.0,5.0,3.0,5.0,5.0,0.0,3.0,0.0,3.0,2.0,1.0,1.0,0.0,1.0,-1.0,68.8,18.8,37.5,31.2,27.0,16.0,30.0,27.0
2020-07-24,2019,Santa Clara,Guimaraes,2.0,2.0,D,O,3.11,3.38,2.22,H,3.0,4.0,3.0,9.0,17,2.0,1.0,1.0,2.0,7.0,4.0,3.0,4.0,6.0,-2.0,3.0,-2.0,5.0,1.0,0.0,1.0,0.0,1.0,-1.0,37.5,43.8,31.2,31.2,20.0,16.0,24.0,32.0
2020-07-24,2019,Gil Vicente,Pacos Ferreira,3.0,3.0,D,O,2.46,3.19,2.86,D,5.0,7.0,7.0,5.0,17,3.0,2.0,1.0,1.0,8.0,7.0,1.0,5.0,5.0,0.0,3.0,2.0,1.0,1.0,1.0,0.0,1.0,0.0,1.0,43.8,18.8,31.2,50.0,21.0,20.0,21.0,19.0
2020-07-21,2019,Sp Lisbon,Setubal,0.0,0.0,D,U,1.39,4.53,7.88,D,3.0,1.0,6.0,0.0,17,4.0,0.0,0.0,3.0,6.0,2.0,4.0,1.0,7.0,-6.0,5.0,-5.0,10.0,1.0,0.0,1.0,0.0,2.0,-2.0,75.0,25.0,18.8,50.0,9.0,13.0,21.0,22.0
2020-07-21,2019,Aves,Benfica,0.0,4.0,A,O,12.4,6.18,1.22,A,2.0,11.0,1.0,6.0,17,1.0,1.0,2.0,1.0,1.0,5.0,-4.0,3.0,6.0,-3.0,-2.0,-1.0,-1.0,0.0,0.0,0.0,1.0,1.0,0.0,25.0,68.8,68.8,12.5,9.0,24.0,19.0,32.0
2020-07-20,2019,Tondela,Sp Braga,1.0,0.0,H,U,5.18,4.07,1.6,D,2.0,1.0,4.0,5.0,17,1.0,1.0,3.0,2.0,4.0,10.0,-6.0,7.0,8.0,-1.0,-3.0,2.0,-5.0,1.0,1.0,0.0,2.0,0.0,2.0,12.5,56.2,50.0,37.5,12.0,16.0,26.0,14.0
2020-07-20,2019,Porto,Moreirense,6.0,1.0,H,O,1.35,4.96,8.3,D,9.0,4.0,2.0,3.0,17,4.0,3.0,0.0,0.0,12.0,4.0,8.0,0.0,1.0,-1.0,12.0,3.0,9.0,3.0,0.0,3.0,0.0,0.0,0.0,87.5,6.2,25.0,31.2,26.0,16.0,22.0,14.0
2020-07-20,2019,Pacos Ferreira,Portimonense,2.0,1.0,H,O,2.86,3.01,2.6,H,2.0,3.0,0.0,5.0,17,1.0,1.0,3.0,2.0,4.0,4.0,0.0,9.0,6.0,3.0,-5.0,-2.0,-3.0,0.0,0.0,0.0,1.0,1.0,0.0,31.2,56.2,12.5,56.2,14.0,13.0,17.0,26.0
2020-07-19,2019,Guimaraes,Maritimo,1.0,0.0,H,U,1.65,3.84,4.98,H,4.0,2.0,3.0,1.0,17,1.0,2.0,1.0,2.0,6.0,4.0,2.0,5.0,4.0,1.0,1.0,0.0,1.0,1.0,0.0,1.0,0.0,0.0,0.0,43.8,31.2,25.0,50.0,13.0,19.0,24.0,17.0
2020-07-19,2019,Belenenses,Gil Vicente,1.0,0.0,H,U,2.33,3.17,3.1,D,2.0,3.0,3.0,3.0,17,0.0,1.0,2.0,3.0,3.0,4.0,-1.0,6.0,6.0,0.0,-3.0,-2.0,-1.0,0.0,0.0,0.0,1.0,0.0,1.0,25.0,50.0,25.0,56.2,8.0,11.0,22.0,13.0
2020-07-18,2019,Rio Ave,Santa Clara,2.0,2.0,D,O,1.51,4.01,6.31,D,6.0,7.0,9.0,4.0,17,2.0,1.0,2.0,2.0,9.0,6.0,3.0,9.0,7.0,2.0,0.0,-1.0,1.0,0.0,0.0,0.0,0.0,0.0,0.0,37.5,31.2,31.2,37.5,19.0,13.0,21.0,17.0
2020-07-18,2019,Famalicao,Boavista,2.0,2.0,D,O,1.54,3.91,6.15,H,6.0,5.0,7.0,3.0,17,1.0,1.0,1.0,3.0,3.0,3.0,0.0,3.0,9.0,-6.0,0.0,-6.0,6.0,0.0,0.0,0.0,0.0,2.0,-2.0,43.8,25.0,31.2,43.8,15.0,13.0,11.0,14.0
2020-07-15,2019,Sp Braga,Belenenses,1.0,1.0,D,U,1.26,5.6,10.23,H,7.0,1.0,11.0,1.0,16,3.0,1.0,1.0,2.0,10.0,3.0,7.0,4.0,7.0,-3.0,6.0,-4.0,10.0,2.0,1.0,1.0,0.0,1.0,-1.0,60.0,20.0,26.7,53.3,24.0,6.0,18.0,15.0
2020-07-15,2019,Porto,Sp Lisbon,2.0,0.0,H,U,1.75,3.68,4.49,D,4.0,2.0,5.0,8.0,16,3.0,1.0,0.0,1.0,11.0,6.0,5.0,1.0,6.0,-5.0,10.0,0.0,10.0,2.0,1.0,1.0,0.0,1.0,-1.0,86.7,6.7,40.0,26.7,27.0,17.0,26.0,25.0
2020-07-15,2019,Moreirense,Pacos Ferreira,1.0,1.0,D,U,2.6,3.07,2.78,H,3.0,2.0,4.0,4.0,16,1.0,3.0,1.0,1.0,3.0,9.0,-6.0,2.0,6.0,-4.0,1.0,3.0,-2.0,1.0,1.0,0.0,0.0,0.0,0.0,40.0,26.7,33.3,53.3,9.0,24.0,27.0,22.0
2020-07-14,2019,Santa Clara,Aves,3.0,0.0,H,O,1.64,3.84,5.12,H,4.0,3.0,4.0,11.0,16,1.0,0.0,2.0,4.0,4.0,0.0,4.0,6.0,11.0,-5.0,-2.0,-11.0,9.0,0.0,0.0,0.0,1.0,4.0,-3.0,33.3,46.7,6.7,86.7,17.0,6.0,22.0,12.0
2020-07-14,2019,Portimonense,Boavista,2.0,1.0,H,O,1.64,3.71,5.32,H,6.0,5.0,9.0,3.0,16,2.0,1.0,1.0,2.0,6.0,3.0,3.0,5.0,8.0,-3.0,1.0,-5.0,6.0,0.0,0.0,0.0,0.0,2.0,-2.0,20.0,33.3,33.3,40.0,14.0,14.0,18.0,16.0
2020-07-14,2019,Gil Vicente,Tondela,3.0,2.0,H,O,2.4,3.1,3.01,H,6.0,7.0,8.0,10.0,16,2.0,0.0,1.0,2.0,6.0,1.0,5.0,4.0,5.0,-1.0,2.0,-4.0,6.0,1.0,0.0,1.0,1.0,2.0,-1.0,40.0,20.0,33.3,40.0,18.0,9.0,19.0,15.0
2020-07-14,2019,Benfica,Guimaraes,2.0,0.0,H,U,1.6,3.96,5.26,H,5.0,3.0,4.0,6.0,16,1.0,2.0,1.0,1.0,7.0,6.0,1.0,6.0,5.0,1.0,1.0,1.0,0.0,1.0,0.0,1.0,0.0,0.0,0.0,66.7,20.0,33.3,26.7,31.0,17.0,36.0,31.0
2020-07-13,2019,Setubal,Famalicao,1.0,2.0,A,O,3.25,3.31,2.19,D,1.0,3.0,5.0,8.0,16,0.0,2.0,2.0,0.0,6.0,5.0,1.0,8.0,2.0,6.0,-2.0,3.0,-5.0,0.0,1.0,-1.0,0.0,0.0,0.0,20.0,33.3,40.0,26.7,12.0,15.0,12.0,20.0
2020-07-13,2019,Maritimo,Rio Ave,0.0,0.0,D,U,3.8,3.29,2.01,D,3.0,2.0,4.0,5.0,16,2.0,2.0,1.0,1.0,6.0,4.0,2.0,4.0,3.0,1.0,2.0,1.0,1.0,1.0,0.0,1.0,0.0,0.0,0.0,33.3,26.7,53.3,26.7,18.0,13.0,20.0,15.0
2020-07-11,2019,Belenenses,Moreirense,0.0,1.0,A,U,2.44,3.17,2.91,D,0.0,7.0,11.0,4.0,16,0.0,2.0,1.0,0.0,3.0,4.0,-1.0,5.0,2.0,3.0,-2.0,2.0,-4.0,0.0,0.0,0.0,1.0,0.0,1.0,26.7,46.7,20.0,33.3,10.0,10.0,16.0,10.0
2020-07-10,2019,Sp Lisbon,Santa Clara,1.0,0.0,H,U,1.63,3.65,5.51,D,1.0,0.0,8.0,3.0,16,4.0,1.0,0.0,1.0,7.0,7.0,0.0,1.0,7.0,-6.0,6.0,0.0,6.0,2.0,0.0,2.0,0.0,0.0,0.0,73.3,26.7,33.3,33.3,13.0,15.0,27.0,19.0
2020-07-10,2019,Pacos Ferreira,Sp Braga,1.0,5.0,A,O,3.99,3.5,1.88,A,3.0,8.0,3.0,1.0,16,2.0,1.0,2.0,2.0,5.0,7.0,-2.0,5.0,8.0,-3.0,0.0,-1.0,1.0,0.0,0.0,0.0,0.0,0.0,0.0,33.3,53.3,46.7,40.0,15.0,14.0,18.0,21.0
2020-07-10,2019,Guimaraes,Gil Vicente,1.0,2.0,A,O,1.61,3.81,5.44,D,1.0,4.0,3.0,1.0,16,2.0,1.0,0.0,3.0,7.0,3.0,4.0,3.0,5.0,-2.0,4.0,-2.0,6.0,2.0,0.0,2.0,0.0,0.0,0.0,46.7,26.7,20.0,60.0,17.0,11.0,28.0,14.0
2020-07-09,2019,Tondela,Porto,1.0,3.0,A,O,9.53,4.8,1.33,D,2.0,4.0,3.0,3.0,16,1.0,2.0,2.0,1.0,4.0,4.0,0.0,5.0,2.0,3.0,-1.0,2.0,-3.0,1.0,1.0,0.0,1.0,0.0,1.0,13.3,53.3,66.7,13.3,14.0,19.0,23.0,26.0
2020-07-09,2019,Rio Ave,Portimonense,2.0,1.0,H,O,1.85,3.48,4.15,D,2.0,2.0,8.0,7.0,16,1.0,1.0,2.0,2.0,7.0,3.0,4.0,8.0,5.0,3.0,-1.0,-2.0,1.0,0.0,0.0,0.0,0.0,1.0,-1.0,33.3,33.3,13.3,53.3,19.0,11.0,25.0,22.0
2020-07-09,2019,Famalicao,Benfica,1.0,1.0,D,U,5.37,4.02,1.58,A,6.0,9.0,4.0,8.0,16,2.0,1.0,1.0,1.0,5.0,5.0,0.0,3.0,6.0,-3.0,2.0,-1.0,3.0,1.0,0.0,1.0,0.0,1.0,-1.0,46.7,26.7,73.3,13.3,12.0,21.0,13.0,32.0
2020-07-08,2019,Boavista,Maritimo,0.0,1.0,A,U,2.6,3.05,2.8,A,1.0,6.0,2.0,4.0,16,2.0,1.0,2.0,3.0,4.0,3.0,1.0,3.0,6.0,-3.0,1.0,-3.0,4.0,1.0,0.0,1.0,0.0,1.0,-1.0,33.3,40.0,20.0,53.3,19.0,16.0,18.0,16.0
2020-07-08,2019,Aves,Setubal,1.0,0.0,H,U,4.0,3.37,1.92,H,4.0,3.0,5.0,4.0,16,0.0,0.0,3.0,2.0,1.0,2.0,-1.0,6.0,6.0,0.0,-5.0,-4.0,-1.0,0.0,0.0,0.0,2.0,2.0,0.0,20.0,73.3,20.0,46.7,8.0,14.0,21.0,21.0
2020-07-06,2019,Moreirense,Sp Lisbon,0.0,0.0,D,U,4.6,3.45,1.79,D,0.0,2.0,5.0,9.0,15,2.0,1.0,1.0,1.0,5.0,7.0,-2.0,3.0,7.0,-4.0,2.0,0.0,2.0,1.0,1.0,0.0,0.0,1.0,-1.0,42.9,28.6,42.9,28.6,13.0,17.0,23.0,17.0
2020-07-05,2019,Tondela,Famalicao,0.0,1.0,A,U,3.32,3.23,2.19,D,2.0,3.0,8.0,6.0,15,1.0,1.0,2.0,1.0,5.0,5.0,0.0,6.0,4.0,2.0,-1.0,1.0,-2.0,1.0,1.0,0.0,1.0,0.0,1.0,14.3,50.0,35.7,28.6,16.0,17.0,19.0,17.0
2020-07-05,2019,Porto,Belenenses,5.0,0.0,H,O,1.19,6.5,13.6,H,7.0,1.0,3.0,5.0,15,3.0,2.0,0.0,1.0,7.0,5.0,2.0,1.0,3.0,-2.0,6.0,2.0,4.0,1.0,1.0,0.0,0.0,0.0,0.0,85.7,7.1,28.6,50.0,24.0,9.0,31.0,16.0
2020-07-05,2019,Gil Vicente,Rio Ave,1.0,0.0,H,U,3.83,3.25,2.01,H,4.0,1.0,0.0,0.0,15,1.0,3.0,2.0,0.0,5.0,6.0,-1.0,5.0,3.0,2.0,0.0,3.0,-3.0,1.0,0.0,1.0,1.0,0.0,1.0,35.7,21.4,57.1,21.4,21.0,15.0,28.0,18.0
2020-07-04,2019,Sp Braga,Aves,4.0,0.0,H,O,1.19,6.82,13.16,D,9.0,1.0,6.0,3.0,15,3.0,0.0,1.0,3.0,9.0,1.0,8.0,5.0,8.0,-3.0,4.0,-7.0,11.0,2.0,0.0,2.0,0.0,3.0,-3.0,57.1,21.4,7.1,85.7,22.0,9.0,25.0,14.0
2020-07-04,2019,Setubal,Pacos Ferreira,2.0,3.0,A,O,3.59,3.01,2.19,H,3.0,8.0,3.0,7.0,15,0.0,3.0,2.0,1.0,5.0,9.0,-4.0,7.0,5.0,2.0,-2.0,4.0,-6.0,0.0,2.0,-2.0,0.0,0.0,0.0,21.4,28.6,28.6,57.1,11.0,20.0,14.0,22.0
2020-07-04,2019,Portimonense,Guimaraes,0.0,1.0,A,U,3.41,3.22,2.15,D,3.0,3.0,5.0,3.0,15,2.0,2.0,0.0,1.0,6.0,7.0,-1.0,4.0,5.0,-1.0,2.0,2.0,0.0,0.0,1.0,-1.0,0.0,0.0,0.0,21.4,28.6,28.6,28.6,16.0,18.0,22.0,33.0
2020-07-04,2019,Benfica,Boavista,3.0,1.0,H,O,1.27,5.34,10.71,H,9.0,3.0,8.0,2.0,15,0.0,1.0,2.0,2.0,4.0,2.0,2.0,6.0,7.0,-1.0,-2.0,-5.0,3.0,0.0,0.0,0.0,0.0,2.0,-2.0,64.3,21.4,35.7,35.7,25.0,15.0,31.0,19.0
2020-07-03,2019,Santa Clara,Maritimo,0.0,1.0,A,U,2.34,3.03,3.28,D,4.0,7.0,5.0,6.0,15,2.0,0.0,1.0,4.0,5.0,2.0,3.0,5.0,7.0,-2.0,0.0,-5.0,5.0,0.0,0.0,0.0,1.0,1.0,0.0,35.7,42.9,14.3,57.1,16.0,10.0,25.0,12.0
2020-07-01,2019,Sp Lisbon,Gil Vicente,2.0,1.0,H,O,1.53,3.94,6.31,H,4.0,3.0,4.0,3.0,15,4.0,2.0,0.0,2.0,7.0,4.0,3.0,0.0,4.0,-4.0,7.0,0.0,7.0,3.0,0.0,3.0,0.0,0.0,0.0,71.4,28.6,21.4,57.1,13.0,11.0,29.0,14.0
2020-07-01,2019,Belenenses,Tondela,1.0,1.0,D,U,2.62,3.0,2.84,D,3.0,4.0,2.0,5.0,15,1.0,0.0,1.0,3.0,3.0,0.0,3.0,4.0,5.0,-1.0,-1.0,-5.0,4.0,0.0,0.0,0.0,1.0,2.0,-1.0,28.6,50.0,35.7,42.9,10.0,6.0,14.0,14.0
2020-06-30,2019,Rio Ave,Sp Braga,4.0,3.0,H,O,3.14,3.28,2.28,H,8.0,6.0,1.0,4.0,15,0.0,2.0,2.0,1.0,4.0,5.0,-1.0,6.0,4.0,2.0,-2.0,1.0,-3.0,0.0,0.0,0.0,0.0,0.0,0.0,28.6,35.7,50.0,35.7,17.0,15.0,33.0,23.0
2020-06-30,2019,Guimaraes,Setubal,2.0,0.0,H,U,1.41,4.42,8.01,H,5.0,1.0,8.0,6.0,15,1.0,0.0,1.0,2.0,6.0,3.0,3.0,5.0,7.0,-2.0,1.0,-4.0,5.0,1.0,0.0,1.0,0.0,2.0,-2.0,42.9,28.6,21.4,42.9,15.0,17.0,24.0,19.0
2020-06-30,2019,Famalicao,Portimonense,0.0,1.0,A,U,2.11,3.42,3.38,A,5.0,4.0,3.0,5.0,15,2.0,0.0,0.0,3.0,6.0,3.0,3.0,3.0,7.0,-4.0,3.0,-4.0,7.0,1.0,0.0,1.0,0.0,1.0,-1.0,50.0,21.4,7.1,57.1,14.0,10.0,20.0,19.0
2020-06-29,2019,Pacos Ferreira,Porto,0.0,1.0,A,U,8.28,4.23,1.4,A,3.0,3.0,5.0,4.0,15,2.0,2.0,2.0,1.0,5.0,5.0,0.0,5.0,3.0,2.0,0.0,2.0,-2.0,0.0,1.0,-1.0,0.0,0.0,0.0,35.7,50.0,64.3,14.3,17.0,17.0,26.0,27.0
2020-06-29,2019,Maritimo,Benfica,2.0,0.0,H,U,6.95,4.19,1.46,D,2.0,7.0,1.0,11.0,15,2.0,2.0,1.0,0.0,7.0,6.0,1.0,4.0,4.0,0.0,3.0,2.0,1.0,1.0,0.0,1.0,0.0,0.0,0.0,28.6,28.6,78.6,7.1,21.0,18.0,24.0,27.0
2020-06-29,2019,Aves,Moreirense,0.0,1.0,A,U,4.46,3.29,1.85,D,3.0,2.0,8.0,3.0,15,0.0,1.0,3.0,0.0,1.0,4.0,-3.0,7.0,3.0,4.0,-6.0,1.0,-7.0,0.0,0.0,0.0,3.0,0.0,3.0,21.4,71.4,14.3,35.7,7.0,10.0,19.0,11.0
2020-06-28,2019,Boavista,Santa Clara,1.0,0.0,H,U,2.57,2.9,2.97,H,2.0,4.0,4.0,4.0,15,1.0,1.0,3.0,1.0,4.0,8.0,-4.0,5.0,8.0,-3.0,-1.0,0.0,-1.0,1.0,0.0,1.0,0.0,0.0,0.0,28.6,42.9,35.7,28.6,21.0,15.0,23.0,17.0
2020-06-26,2019,Belenenses,Sp Lisbon,1.0,3.0,A,O,5.44,3.69,1.65,A,3.0,7.0,8.0,7.0,14,1.0,0.0,1.0,2.0,2.0,4.0,-2.0,3.0,7.0,-4.0,-1.0,-3.0,2.0,0.0,0.0,0.0,1.0,1.0,0.0,30.8,46.2,38.5,30.8,8.0,19.0,13.0,19.0
2020-06-25,2019,Sp Braga,Guimaraes,3.0,2.0,H,O,2.06,3.45,3.43,D,3.0,4.0,0.0,10.0,14,2.0,3.0,1.0,0.0,8.0,12.0,-4.0,5.0,2.0,3.0,3.0,10.0,-7.0,2.0,2.0,0.0,0.0,0.0,0.0,53.8,23.1,30.8,23.1,26.0,24.0,28.0,29.0
2020-06-24,2019,Tondela,Pacos Ferreira,1.0,3.0,A,O,2.67,2.94,2.83,A,4.0,5.0,10.0,4.0,14,1.0,2.0,1.0,2.0,4.0,6.0,-2.0,3.0,7.0,-4.0,1.0,-1.0,2.0,1.0,1.0,0.0,0.0,1.0,-1.0,15.4,46.2,23.1,61.5,13.0,18.0,12.0,24.0
2020-06-24,2019,Moreirense,Famalicao,1.0,1.0,D,U,2.84,3.31,2.42,D,4.0,6.0,5.0,5.0,14,2.0,1.0,1.0,1.0,5.0,6.0,-1.0,3.0,5.0,-2.0,2.0,1.0,1.0,1.0,1.0,0.0,0.0,0.0,0.0,46.2,30.8,38.5,30.8,15.0,18.0,26.0,18.0
2020-06-23,2019,Setubal,Rio Ave,1.0,2.0,A,O,4.17,3.24,1.94,D,3.0,7.0,4.0,6.0,14,0.0,3.0,2.0,0.0,4.0,8.0,-4.0,9.0,2.0,7.0,-5.0,6.0,-11.0,0.0,1.0,-1.0,1.0,0.0,1.0,23.1,23.1,53.8,23.1,10.0,14.0,13.0,22.0
2020-06-23,2019,Porto,Boavista,4.0,0.0,H,O,1.27,5.35,11.13,D,7.0,2.0,6.0,3.0,14,3.0,2.0,0.0,1.0,6.0,3.0,3.0,3.0,3.0,0.0,3.0,0.0,3.0,0.0,0.0,0.0,0.0,1.0,-1.0,84.6,7.7,38.5,30.8,21.0,16.0,29.0,18.0
2020-06-23,2019,Benfica,Santa Clara,3.0,4.0,A,O,1.27,5.63,10.56,A,8.0,6.0,4.0,7.0,14,1.0,1.0,1.0,1.0,4.0,6.0,-2.0,4.0,5.0,-1.0,0.0,1.0,-1.0,0.0,1.0,-1.0,0.0,0.0,0.0,69.2,15.4,30.8,30.8,23.0,12.0,37.0,18.0
2020-06-22,2019,Portimonense,Maritimo,3.0,2.0,H,O,2.13,3.18,3.5,H,5.0,5.0,3.0,6.0,14,1.0,0.0,0.0,3.0,4.0,0.0,4.0,3.0,4.0,-1.0,1.0,-4.0,5.0,0.0,0.0,0.0,0.0,1.0,-1.0,15.4,30.8,15.4,53.8,14.0,10.0,27.0,10.0
2020-06-21,2019,Gil Vicente,Aves,3.0,0.0,H,O,1.57,3.78,5.93,H,9.0,1.0,9.0,2.0,14,0.0,1.0,3.0,2.0,3.0,3.0,0.0,10.0,6.0,4.0,-7.0,-3.0,-4.0,0.0,0.0,0.0,2.0,2.0,0.0,30.8,23.1,7.7,84.6,17.0,10.0,29.0,14.0
2020-06-19,2019,Guimaraes,Moreirense,1.0,1.0,D,U,1.52,4.04,6.06,H,4.0,4.0,6.0,5.0,14,1.0,2.0,2.0,0.0,6.0,8.0,-2.0,6.0,3.0,3.0,0.0,5.0,-5.0,1.0,1.0,0.0,0.0,0.0,0.0,46.2,30.8,15.4,38.5,18.0,12.0,32.0,7.0
2020-06-19,2019,Famalicao,Sp Braga,0.0,0.0,D,U,3.48,3.52,2.01,D,2.0,0.0,3.0,5.0,14,2.0,3.0,1.0,1.0,6.0,7.0,-1.0,10.0,5.0,5.0,-4.0,2.0,-6.0,1.0,0.0,1.0,1.0,0.0,1.0,53.8,23.1,53.8,38.5,15.0,21.0,18.0,24.0
2020-06-18,2019,Sp Lisbon,Tondela,2.0,0.0,H,U,1.41,4.37,7.62,H,2.0,3.0,4.0,6.0,14,4.0,1.0,0.0,2.0,7.0,1.0,6.0,1.0,3.0,-2.0,6.0,-2.0,8.0,2.0,0.0,2.0,0.0,1.0,-1.0,69.2,30.8,38.5,38.5,15.0,5.0,28.0,10.0
2020-06-18,2019,Boavista,Setubal,3.0,1.0,H,O,2.06,3.05,3.92,H,6.0,6.0,3.0,11.0,14,1.0,0.0,3.0,1.0,3.0,3.0,0.0,4.0,5.0,-1.0,-1.0,-2.0,1.0,1.0,0.0,1.0,0.0,1.0,-1.0,23.1,46.2,23.1,38.5,20.0,12.0,21.0,12.0
2020-06-17,2019,Rio Ave,Benfica,1.0,2.0,A,O,5.39,3.76,1.62,H,1.0,4.0,4.0,10.0,14,0.0,1.0,1.0,1.0,5.0,6.0,-1.0,6.0,6.0,0.0,-1.0,0.0,-1.0,0.0,0.0,0.0,0.0,0.0,0.0,30.8,30.8,76.9,7.7,19.0,17.0,33.0,21.0
2020-06-17,2019,Pacos Ferreira,Belenenses,2.0,1.0,H,O,2.24,3.12,3.33,A,3.0,1.0,4.0,5.0,14,1.0,2.0,3.0,1.0,3.0,6.0,-3.0,6.0,4.0,2.0,-3.0,2.0,-5.0,0.0,1.0,-1.0,1.0,0.0,1.0,30.8,53.8,30.8,46.2,16.0,13.0,28.0,20.0
2020-06-16,2019,Santa Clara,Portimonense,1.0,1.0,D,U,2.39,3.14,3.02,D,5.0,2.0,13.0,7.0,14,3.0,0.0,1.0,4.0,6.0,3.0,3.0,5.0,8.0,-3.0,1.0,-5.0,6.0,0.0,0.0,0.0,1.0,1.0,0.0,38.5,46.2,7.7,61.5,15.0,14.0,15.0,18.0
2020-06-16,2019,Aves,Porto,0.0,0.0,D,U,14.62,6.69,1.18,D,0.0,8.0,1.0,12.0,14,0.0,3.0,4.0,1.0,1.0,9.0,-8.0,11.0,3.0,8.0,-10.0,6.0,-16.0,0.0,2.0,-2.0,4.0,0.0,4.0,23.1,76.9,69.2,15.4,9.0,15.0,23.0,20.0
2020-06-15,2019,Maritimo,Gil Vicente,2.0,1.0,H,O,2.46,2.95,3.14,H,9.0,2.0,4.0,4.0,14,1.0,2.0,2.0,1.0,6.0,5.0,1.0,5.0,4.0,1.0,1.0,1.0,0.0,1.0,0.0,1.0,0.0,0.0,0.0,23.1,30.8,23.1,53.8,16.0,16.0,28.0,16.0
2020-06-13,2019,Sp Braga,Boavista,0.0,1.0,A,U,1.4,4.42,7.87,D,3.0,3.0,9.0,6.0,13,3.0,2.0,0.0,1.0,9.0,3.0,6.0,4.0,3.0,1.0,5.0,0.0,5.0,2.0,0.0,2.0,0.0,1.0,-1.0,58.3,16.7,33.3,33.3,31.0,16.0,24.0,16.0
2020-06-12,2019,Sp Lisbon,Pacos Ferreira,1.0,0.0,H,U,1.34,4.82,8.52,D,2.0,5.0,5.0,4.0,13,4.0,2.0,0.0,2.0,7.0,7.0,0.0,1.0,8.0,-7.0,6.0,-1.0,7.0,2.0,1.0,1.0,0.0,1.0,-1.0,66.7,33.3,25.0,58.3,18.0,15.0,35.0,22.0
2020-06-12,2019,Moreirense,Rio Ave,0.0,1.0,A,U,2.96,3.33,2.32,A,1.0,2.0,9.0,6.0,13,2.0,3.0,1.0,0.0,6.0,9.0,-3.0,4.0,3.0,1.0,2.0,6.0,-4.0,1.0,1.0,0.0,0.0,0.0,0.0,50.0,25.0,50.0,25.0,18.0,15.0,19.0,17.0
2020-06-11,2019,Tondela,Aves,2.0,0.0,H,U,1.82,3.44,4.37,H,4.0,1.0,5.0,7.0,13,0.0,1.0,2.0,2.0,2.0,4.0,-2.0,6.0,6.0,0.0,-4.0,-2.0,-2.0,0.0,0.0,0.0,1.0,1.0,0.0,8.3,50.0,8.3,83.3,15.0,12.0,18.0,9.0
2020-06-11,2019,Belenenses,Guimaraes,1.0,1.0,D,U,4.67,3.6,1.74,D,2.0,6.0,1.0,13.0,13,2.0,3.0,1.0,1.0,3.0,11.0,-8.0,3.0,3.0,0.0,0.0,8.0,-8.0,0.0,2.0,-2.0,1.0,1.0,0.0,33.3,50.0,33.3,25.0,10.0,26.0,14.0,27.0
2020-06-10,2019,Setubal,Santa Clara,2.0,2.0,D,O,2.89,3.03,2.55,D,4.0,3.0,4.0,3.0,13,0.0,2.0,3.0,1.0,3.0,5.0,-2.0,10.0,3.0,7.0,-7.0,2.0,-9.0,0.0,1.0,-1.0,2.0,0.0,2.0,25.0,25.0,33.3,33.3,8.0,11.0,12.0,22.0
2020-06-10,2019,Porto,Maritimo,1.0,0.0,H,U,1.16,7.0,15.8,H,8.0,1.0,8.0,1.0,13,3.0,0.0,0.0,3.0,7.0,0.0,7.0,4.0,4.0,0.0,3.0,-4.0,7.0,0.0,0.0,0.0,0.0,1.0,-1.0,83.3,8.3,16.7,50.0,15.0,11.0,26.0,12.0
2020-06-10,2019,Portimonense,Benfica,2.0,2.0,D,O,7.77,4.4,1.41,A,4.0,4.0,5.0,3.0,13,1.0,2.0,1.0,1.0,2.0,6.0,-4.0,2.0,4.0,-2.0,0.0,2.0,-2.0,0.0,1.0,-1.0,0.0,0.0,0.0,16.7,33.3,83.3,8.3,14.0,19.0,26.0,25.0
2020-06-09,2019,Gil Vicente,Famalicao,1.0,3.0,A,O,2.81,3.18,2.55,A,2.0,3.0,4.0,3.0,13,1.0,1.0,2.0,1.0,4.0,4.0,0.0,7.0,4.0,3.0,-3.0,0.0,-3.0,1.0,0.0,1.0,1.0,0.0,1.0,33.3,16.7,33.3,33.3,22.0,20.0,30.0,20.0
2020-06-07,2019,Rio Ave,Pacos Ferreira,2.0,3.0,A,O,1.63,3.68,5.37,A,8.0,6.0,8.0,7.0,13,1.0,1.0,0.0,2.0,5.0,4.0,1.0,3.0,6.0,-3.0,2.0,-2.0,4.0,1.0,1.0,0.0,0.0,1.0,-1.0,33.3,25.0,18.2,63.6,13.0,9.0,29.0,19.0
2020-06-06,2019,Boavista,Moreirense,0.0,1.0,A,U,2.45,3.01,3.02,D,9.0,3.0,7.0,2.0,13,1.0,1.0,3.0,0.0,3.0,8.0,-5.0,4.0,4.0,0.0,-1.0,4.0,-5.0,1.0,1.0,0.0,0.0,0.0,0.0,25.0,41.7,8.3,41.7,14.0,10.0,22.0,7.0
2020-06-05,2019,Santa Clara,Sp Braga,3.0,2.0,H,O,5.68,4.02,1.55,D,7.0,2.0,2.0,4.0,13,2.0,4.0,2.0,0.0,3.0,7.0,-4.0,4.0,3.0,1.0,-1.0,4.0,-5.0,0.0,0.0,0.0,1.0,0.0,1.0,33.3,50.0,58.3,33.3,12.0,20.0,16.0,25.0
2020-06-05,2019,Aves,Belenenses,0.0,2.0,A,U,2.86,3.18,2.47,A,2.0,4.0,5.0,4.0,13,0.0,1.0,4.0,2.0,1.0,4.0,-3.0,10.0,6.0,4.0,-9.0,-2.0,-7.0,0.0,0.0,0.0,3.0,1.0,2.0,25.0,75.0,25.0,50.0,9.0,11.0,22.0,21.0
2020-06-04,2019,Maritimo,Setubal,1.0,1.0,D,U,2.22,3.09,3.4,H,4.0,3.0,10.0,1.0,13,1.0,1.0,2.0,1.0,5.0,5.0,0.0,4.0,4.0,0.0,1.0,1.0,0.0,1.0,1.0,0.0,0.0,1.0,-1.0,25.0,33.3,25.0,41.7,13.0,13.0,21.0,13.0
2020-06-04,2019,Guimaraes,Sp Lisbon,2.0,2.0,D,O,2.42,3.28,2.86,D,3.0,5.0,7.0,3.0,13,2.0,1.0,2.0,2.0,5.0,5.0,0.0,4.0,6.0,-2.0,1.0,-1.0,2.0,1.0,1.0,0.0,0.0,1.0,-1.0,50.0,33.3,41.7,33.3,20.0,19.0,30.0,21.0
2020-06-04,2019,Benfica,Tondela,0.0,0.0,D,U,1.16,6.99,16.45,D,5.0,0.0,14.0,0.0,13,2.0,1.0,1.0,3.0,6.0,2.0,4.0,5.0,5.0,0.0,1.0,-3.0,4.0,0.0,0.0,0.0,0.0,1.0,-1.0,75.0,16.7,41.7,41.7,29.0,7.0,40.0,11.0
2020-06-03,2019,Portimonense,Gil Vicente,1.0,0.0,H,U,2.5,3.04,2.94,D,2.0,2.0,5.0,5.0,12,0.0,2.0,1.0,1.0,1.0,6.0,-5.0,2.0,5.0,-3.0,-1.0,1.0,-2.0,0.0,0.0,0.0,0.0,0.0,0.0,9.1,36.4,25.0,50.0,16.0,16.0,24.0,13.0
2020-06-03,2019,Famalicao,Porto,2.0,1.0,H,O,6.95,4.54,1.42,D,2.0,6.0,1.0,7.0,13,1.0,4.0,2.0,0.0,4.0,12.0,-8.0,10.0,3.0,7.0,-6.0,9.0,-15.0,1.0,3.0,-2.0,1.0,0.0,1.0,50.0,25.0,75.0,8.3,14.0,15.0,29.0,20.0
2020-03-08,2019,Sp Lisbon,Aves,2.0,0.0,H,U,1.26,5.6,10.71,D,5.0,3.0,14.0,0.0,12,3.0,1.0,1.0,2.0,5.0,4.0,1.0,3.0,5.0,-2.0,2.0,-1.0,3.0,1.0,0.0,1.0,1.0,0.0,1.0,63.6,36.4,9.1,81.8,19.0,14.0,27.0,15.0
2020-03-08,2019,Pacos Ferreira,Guimaraes,1.0,2.0,A,O,5.15,3.68,1.66,H,5.0,4.0,5.0,5.0,13,1.0,2.0,2.0,1.0,2.0,9.0,-7.0,4.0,2.0,2.0,-2.0,7.0,-9.0,0.0,2.0,-2.0,1.0,1.0,0.0,33.3,50.0,27.3,27.3,16.0,31.0,30.0,38.0
2020-03-08,2019,Moreirense,Maritimo,2.0,0.0,H,U,2.16,3.19,3.43,H,4.0,3.0,8.0,3.0,12,1.0,0.0,2.0,2.0,6.0,1.0,5.0,8.0,3.0,5.0,-2.0,-2.0,0.0,0.0,0.0,0.0,1.0,0.0,1.0,45.5,27.3,18.2,45.5,19.0,10.0,15.0,11.0
2020-03-08,2019,Gil Vicente,Santa Clara,1.0,1.0,D,U,2.04,3.18,3.82,D,3.0,2.0,6.0,5.0,12,1.0,2.0,2.0,2.0,5.0,4.0,1.0,8.0,3.0,5.0,-3.0,1.0,-4.0,1.0,1.0,0.0,1.0,0.0,1.0,36.4,18.2,36.4,36.4,23.0,10.0,27.0,21.0
2020-03-08,2019,Belenenses,Famalicao,0.0,0.0,D,U,2.72,3.45,2.43,D,2.0,3.0,5.0,6.0,12,2.0,1.0,2.0,2.0,3.0,4.0,-1.0,4.0,8.0,-4.0,-1.0,-4.0,3.0,0.0,0.0,0.0,1.0,1.0,0.0,36.4,54.5,36.4,36.4,9.0,21.0,18.0,17.0
2020-03-07,2019,Tondela,Boavista,1.0,1.0,D,U,2.53,2.99,2.95,D,4.0,6.0,0.0,5.0,12,0.0,2.0,2.0,2.0,2.0,2.0,0.0,6.0,4.0,2.0,-4.0,-2.0,-2.0,0.0,0.0,0.0,1.0,2.0,-1.0,9.1,54.5,36.4,36.4,15.0,12.0,20.0,16.0
2020-03-07,2019,Setubal,Benfica,1.0,1.0,D,U,8.74,4.57,1.36,D,2.0,6.0,1.0,8.0,12,1.0,3.0,3.0,1.0,3.0,7.0,-4.0,9.0,3.0,6.0,-6.0,4.0,-10.0,0.0,2.0,-2.0,2.0,0.0,2.0,27.3,27.3,90.9,9.1,8.0,17.0,18.0,20.0
2020-03-07,2019,Porto,Rio Ave,1.0,1.0,D,U,1.33,4.84,8.94,D,5.0,3.0,9.0,3.0,12,3.0,4.0,1.0,0.0,7.0,9.0,-2.0,5.0,2.0,3.0,2.0,7.0,-5.0,0.0,1.0,-1.0,0.0,0.0,0.0,90.9,9.1,54.5,27.3,13.0,15.0,27.0,18.0
2020-03-06,2019,Sp Braga,Portimonense,3.0,1.0,H,O,1.35,4.9,8.35,H,9.0,5.0,3.0,7.0,12,3.0,0.0,0.0,4.0,8.0,2.0,6.0,4.0,8.0,-4.0,4.0,-6.0,10.0,1.0,0.0,1.0,0.0,1.0,-1.0,54.5,18.2,8.3,58.3,28.0,10.0,30.0,18.0
2020-03-03,2019,Famalicao,Sp Lisbon,3.0,1.0,H,O,2.96,3.47,2.29,H,3.0,3.0,6.0,6.0,12,0.0,2.0,2.0,1.0,2.0,8.0,-6.0,10.0,3.0,7.0,-8.0,5.0,-13.0,0.0,2.0,-2.0,1.0,0.0,1.0,45.5,27.3,45.5,27.3,17.0,23.0,29.0,23.0
2020-03-02,2019,Santa Clara,Porto,0.0,2.0,A,U,6.55,4.17,1.48,A,1.0,2.0,2.0,3.0,12,2.0,4.0,2.0,0.0,3.0,12.0,-9.0,6.0,4.0,2.0,-3.0,8.0,-11.0,0.0,2.0,-2.0,1.0,0.0,1.0,36.4,45.5,72.7,9.1,14.0,20.0,16.0,20.0
2020-03-02,2019,Benfica,Moreirense,1.0,1.0,D,U,1.17,6.95,14.07,D,9.0,1.0,10.0,0.0,12,3.0,1.0,1.0,1.0,9.0,7.0,2.0,4.0,4.0,0.0,5.0,3.0,2.0,1.0,1.0,0.0,0.0,0.0,0.0,81.8,18.2,9.1,45.5,26.0,10.0,38.0,12.0
2020-03-01,2019,Maritimo,Sp Braga,1.0,2.0,A,O,4.83,3.84,1.67,A,3.0,6.0,5.0,8.0,12,2.0,4.0,1.0,0.0,5.0,12.0,-7.0,2.0,3.0,-1.0,3.0,9.0,-6.0,1.0,1.0,0.0,0.0,0.0,0.0,27.3,27.3,54.5,36.4,13.0,29.0,20.0,21.0
2020-03-01,2019,Guimaraes,Tondela,2.0,0.0,H,U,1.31,5.06,9.42,H,5.0,2.0,7.0,4.0,12,1.0,1.0,3.0,3.0,3.0,2.0,1.0,5.0,6.0,-1.0,-2.0,-4.0,2.0,0.0,0.0,0.0,0.0,1.0,-1.0,45.5,36.4,45.5,36.4,20.0,5.0,29.0,7.0
2020-03-01,2019,Aves,Pacos Ferreira,1.0,3.0,A,O,2.59,3.11,2.77,D,3.0,4.0,7.0,7.0,12,1.0,1.0,3.0,2.0,3.0,2.0,1.0,7.0,5.0,2.0,-4.0,-3.0,-1.0,1.0,0.0,1.0,2.0,1.0,1.0,27.3,72.7,10.0,70.0,13.0,6.0,20.0,15.0
2020-02-29,2019,Rio Ave,Belenenses,0.0,0.0,D,U,1.44,4.37,6.78,D,2.0,0.0,12.0,1.0,12,1.0,1.0,1.0,3.0,5.0,5.0,0.0,4.0,8.0,-4.0,1.0,-3.0,4.0,1.0,0.0,1.0,0.0,1.0,-1.0,36.4,27.3,27.3,54.5,14.0,13.0,20.0,23.0
2020-02-29,2019,Boavista,Gil Vicente,0.0,1.0,A,U,2.26,3.01,3.41,D,2.0,4.0,4.0,2.0,12,1.0,1.0,2.0,1.0,4.0,5.0,-1.0,4.0,5.0,-1.0,0.0,0.0,0.0,1.0,0.0,1.0,0.0,0.0,0.0,27.3,36.4,18.2,54.5,14.0,15.0,22.0,15.0
2020-02-28,2019,Portimonense,Setubal,0.0,0.0,D,U,1.79,3.41,4.72,D,5.0,4.0,9.0,3.0,11,0.0,2.0,1.0,1.0,2.0,6.0,-4.0,3.0,4.0,-1.0,-1.0,2.0,-3.0,0.0,1.0,-1.0,0.0,1.0,-1.0,10.0,40.0,27.3,45.5,17.0,13.0,20.0,13.0
2020-02-24,2019,Gil Vicente,Benfica,0.0,1.0,A,U,7.0,4.01,1.48,A,7.0,4.0,9.0,6.0,11,2.0,3.0,1.0,1.0,8.0,7.0,1.0,8.0,3.0,5.0,0.0,4.0,-4.0,2.0,2.0,0.0,1.0,0.0,1.0,40.0,10.0,90.0,10.0,20.0,16.0,19.0,21.0
2020-02-23,2019,Sp Lisbon,Boavista,2.0,0.0,H,U,1.53,3.9,6.21,H,4.0,4.0,6.0,5.0,11,2.0,2.0,2.0,2.0,4.0,2.0,2.0,5.0,3.0,2.0,-1.0,-1.0,0.0,0.0,0.0,0.0,1.0,1.0,0.0,60.0,40.0,40.0,30.0,17.0,9.0,25.0,17.0
2020-02-23,2019,Sp Braga,Setubal,3.0,1.0,H,O,1.3,4.95,10.21,D,7.0,4.0,13.0,4.0,11,2.0,2.0,1.0,1.0,5.0,5.0,0.0,4.0,4.0,0.0,1.0,1.0,0.0,0.0,1.0,-1.0,0.0,1.0,-1.0,50.0,20.0,30.0,40.0,26.0,11.0,27.0,11.0
2020-02-23,2019,Porto,Portimonense,1.0,0.0,H,U,1.17,6.78,14.94,D,4.0,0.0,8.0,3.0,11,3.0,0.0,1.0,3.0,9.0,3.0,6.0,5.0,8.0,-3.0,4.0,-5.0,9.0,1.0,0.0,1.0,0.0,1.0,-1.0,90.0,10.0,9.1,54.5,14.0,15.0,27.0,20.0
2020-02-23,2019,Pacos Ferreira,Famalicao,2.0,1.0,H,O,2.89,3.16,2.45,D,4.0,5.0,4.0,3.0,12,1.0,1.0,2.0,2.0,1.0,4.0,-3.0,3.0,8.0,-5.0,-2.0,-4.0,2.0,0.0,0.0,0.0,1.0,1.0,0.0,27.3,54.5,40.0,30.0,15.0,20.0,28.0,17.0
2020-02-23,2019,Moreirense,Santa Clara,2.0,1.0,H,O,2.41,3.12,3.0,D,4.0,4.0,1.0,2.0,11,1.0,3.0,2.0,1.0,6.0,4.0,2.0,8.0,1.0,7.0,-2.0,3.0,-5.0,0.0,1.0,-1.0,1.0,0.0,1.0,40.0,30.0,40.0,30.0,22.0,9.0,22.0,28.0
2020-02-22,2019,Tondela,Rio Ave,1.0,2.0,A,O,3.9,3.34,1.95,D,4.0,3.0,4.0,3.0,11,0.0,3.0,1.0,0.0,2.0,8.0,-6.0,5.0,2.0,3.0,-3.0,6.0,-9.0,0.0,1.0,-1.0,1.0,0.0,1.0,10.0,50.0,50.0,30.0,12.0,14.0,19.0,16.0
2020-02-22,2019,Belenenses,Maritimo,1.0,0.0,H,U,2.31,3.12,3.18,H,3.0,1.0,0.0,2.0,11,1.0,1.0,3.0,1.0,3.0,2.0,1.0,11.0,2.0,9.0,-8.0,0.0,-8.0,0.0,0.0,0.0,2.0,0.0,2.0,30.0,60.0,20.0,40.0,8.0,12.0,20.0,11.0
2020-02-21,2019,Aves,Guimaraes,0.0,2.0,A,U,6.9,4.42,1.44,D,2.0,4.0,6.0,5.0,11,1.0,1.0,3.0,1.0,3.0,9.0,-6.0,6.0,4.0,2.0,-3.0,5.0,-8.0,1.0,1.0,0.0,1.0,1.0,0.0,30.0,70.0,20.0,30.0,15.0,34.0,21.0,40.0
2020-02-16,2019,Maritimo,Pacos Ferreira,3.0,0.0,H,O,2.29,2.99,3.37,H,5.0,3.0,5.0,6.0,11,1.0,1.0,1.0,2.0,4.0,2.0,2.0,4.0,4.0,0.0,0.0,-2.0,2.0,0.0,0.0,0.0,0.0,1.0,-1.0,20.0,30.0,11.1,66.7,15.0,7.0,26.0,10.0
2020-02-16,2019,Guimaraes,Porto,1.0,2.0,A,O,3.77,3.51,1.93,A,3.0,1.0,4.0,5.0,11,2.0,3.0,2.0,0.0,4.0,11.0,-7.0,3.0,4.0,-1.0,1.0,7.0,-6.0,1.0,2.0,-1.0,0.0,0.0,0.0,50.0,30.0,70.0,10.0,22.0,26.0,33.0,19.0
2020-02-16,2019,Famalicao,Aves,1.0,1.0,D,U,1.55,4.08,5.59,D,7.0,4.0,10.0,5.0,11,1.0,1.0,2.0,3.0,4.0,5.0,-1.0,9.0,7.0,2.0,-5.0,-2.0,-3.0,1.0,0.0,1.0,1.0,0.0,1.0,50.0,30.0,10.0,90.0,17.0,13.0,22.0,15.0
2020-02-16,2019,Boavista,Belenenses,1.0,2.0,A,O,1.83,3.28,4.66,A,4.0,4.0,9.0,6.0,11,1.0,1.0,2.0,3.0,4.0,4.0,0.0,6.0,7.0,-1.0,-2.0,-3.0,1.0,1.0,0.0,1.0,1.0,1.0,0.0,30.0,30.0,20.0,60.0,15.0,12.0,16.0,24.0
2020-02-15,2019,Santa Clara,Tondela,1.0,0.0,H,U,2.13,3.12,3.62,D,3.0,1.0,8.0,4.0,11,1.0,2.0,3.0,2.0,3.0,5.0,-2.0,8.0,7.0,1.0,-5.0,-2.0,-3.0,0.0,0.0,0.0,1.0,1.0,0.0,30.0,50.0,50.0,30.0,13.0,9.0,18.0,6.0
2020-02-15,2019,Rio Ave,Sp Lisbon,1.0,1.0,D,U,2.48,3.25,2.79,H,6.0,2.0,9.0,1.0,11,2.0,2.0,1.0,2.0,5.0,8.0,-3.0,3.0,5.0,-2.0,2.0,3.0,-1.0,1.0,2.0,-1.0,0.0,1.0,-1.0,40.0,30.0,50.0,30.0,10.0,23.0,18.0,25.0
2020-02-15,2019,Portimonense,Moreirense,1.0,1.0,D,U,2.12,3.21,3.53,D,3.0,2.0,8.0,4.0,10,1.0,1.0,1.0,2.0,3.0,6.0,-3.0,3.0,4.0,-1.0,0.0,2.0,-2.0,0.0,1.0,-1.0,0.0,0.0,0.0,11.1,44.4,10.0,50.0,19.0,9.0,18.0,10.0
2020-02-15,2019,Benfica,Sp Braga,0.0,1.0,A,U,1.6,3.91,5.36,A,3.0,7.0,3.0,6.0,11,4.0,3.0,0.0,1.0,13.0,11.0,2.0,3.0,4.0,-1.0,10.0,7.0,3.0,2.0,1.0,1.0,0.0,0.0,0.0,90.0,10.0,50.0,40.0,32.0,24.0,39.0,28.0
2020-02-14,2019,Setubal,Gil Vicente,1.0,2.0,A,O,2.72,2.89,2.83,A,2.0,3.0,5.0,3.0,11,1.0,0.0,2.0,1.0,3.0,4.0,-1.0,8.0,5.0,3.0,-5.0,-1.0,-4.0,0.0,0.0,0.0,2.0,0.0,2.0,30.0,20.0,10.0,60.0,10.0,21.0,23.0,17.0
2020-02-09,2019,Tondela,Maritimo,0.0,0.0,D,U,2.3,3.03,3.31,D,1.0,5.0,3.0,4.0,10,0.0,1.0,2.0,2.0,2.0,2.0,0.0,6.0,6.0,0.0,-4.0,-4.0,0.0,0.0,0.0,0.0,1.0,1.0,0.0,11.1,55.6,22.2,44.4,14.0,8.0,24.0,10.0
2020-02-09,2019,Sp Lisbon,Portimonense,2.0,1.0,H,O,1.44,4.5,6.54,D,4.0,3.0,3.0,2.0,10,2.0,0.0,2.0,3.0,3.0,2.0,1.0,4.0,8.0,-4.0,-1.0,-6.0,5.0,0.0,0.0,0.0,1.0,2.0,-1.0,55.6,44.4,10.0,50.0,22.0,14.0,30.0,21.0
2020-02-09,2019,Moreirense,Setubal,1.0,1.0,D,U,2.12,3.08,3.7,A,6.0,1.0,8.0,4.0,10,2.0,3.0,2.0,1.0,8.0,7.0,1.0,9.0,5.0,4.0,-1.0,2.0,-3.0,0.0,1.0,-1.0,1.0,1.0,0.0,44.4,33.3,33.3,44.4,21.0,14.0,25.0,12.0
2020-02-09,2019,Aves,Rio Ave,0.0,4.0,A,O,3.21,3.21,2.24,A,2.0,6.0,5.0,10.0,10,2.0,2.0,2.0,1.0,4.0,4.0,0.0,2.0,4.0,-2.0,2.0,0.0,2.0,1.0,0.0,1.0,0.0,1.0,-1.0,33.3,66.7,44.4,33.3,14.0,10.0,19.0,9.0
2020-02-08,2019,Sp Braga,Gil Vicente,2.0,2.0,D,O,1.34,4.81,8.78,H,7.0,7.0,3.0,6.0,10,3.0,0.0,1.0,2.0,5.0,2.0,3.0,2.0,4.0,-2.0,3.0,-2.0,5.0,1.0,0.0,1.0,0.0,0.0,0.0,55.6,22.2,11.1,66.7,23.0,18.0,31.0,12.0
2020-02-08,2019,Porto,Benfica,3.0,2.0,H,O,2.44,3.23,2.87,H,4.0,3.0,4.0,4.0,10,3.0,4.0,1.0,0.0,8.0,9.0,-1.0,3.0,1.0,2.0,5.0,8.0,-3.0,2.0,3.0,-1.0,0.0,0.0,0.0,88.9,11.1,100.0,0.0,16.0,19.0,31.0,22.0
2020-02-08,2019,Famalicao,Guimaraes,0.0,7.0,A,O,3.04,3.4,2.25,A,3.0,10.0,1.0,6.0,10,1.0,0.0,2.0,1.0,6.0,3.0,3.0,5.0,5.0,0.0,1.0,-2.0,3.0,1.0,0.0,1.0,0.0,1.0,-1.0,55.6,22.2,11.1,33.3,24.0,27.0,30.0,41.0
2020-02-08,2019,Belenenses,Santa Clara,0.0,2.0,A,U,2.47,3.11,2.92,A,1.0,3.0,7.0,8.0,10,1.0,2.0,2.0,1.0,4.0,4.0,0.0,10.0,3.0,7.0,-6.0,1.0,-7.0,0.0,0.0,0.0,1.0,0.0,1.0,33.3,55.6,33.3,33.3,10.0,8.0,15.0,24.0
2020-02-07,2019,Pacos Ferreira,Boavista,0.0,1.0,A,U,2.57,2.75,3.2,A,5.0,3.0,13.0,2.0,11,1.0,2.0,2.0,2.0,3.0,3.0,0.0,5.0,4.0,1.0,-2.0,-1.0,-1.0,0.0,0.0,0.0,1.0,1.0,0.0,30.0,50.0,33.3,33.3,14.0,13.0,23.0,17.0
2020-02-02,2019,Sp Braga,Sp Lisbon,1.0,0.0,H,U,1.79,3.71,4.18,D,8.0,9.0,5.0,9.0,9,2.0,2.0,1.0,2.0,6.0,8.0,-2.0,4.0,5.0,-1.0,2.0,3.0,-1.0,1.0,2.0,-1.0,0.0,1.0,-1.0,50.0,25.0,55.6,22.2,20.0,17.0,37.0,23.0
2020-02-02,2019,Santa Clara,Pacos Ferreira,2.0,1.0,H,O,2.16,3.12,3.5,D,4.0,2.0,3.0,2.0,10,0.0,1.0,4.0,2.0,2.0,1.0,1.0,9.0,3.0,6.0,-7.0,-2.0,-5.0,0.0,0.0,0.0,1.0,1.0,0.0,22.2,55.6,12.5,62.5,12.0,10.0,17.0,17.0
2020-02-02,2019,Maritimo,Aves,1.0,2.0,A,O,1.99,3.27,3.85,D,4.0,2.0,8.0,2.0,10,1.0,0.0,0.0,4.0,4.0,3.0,1.0,3.0,7.0,-4.0,1.0,-4.0,5.0,0.0,0.0,0.0,0.0,0.0,0.0,22.2,22.2,0.0,100.0,15.0,11.0,21.0,15.0
2020-02-02,2019,Gil Vicente,Moreirense,1.0,5.0,A,O,1.8,3.46,4.44,A,5.0,6.0,10.0,1.0,10,3.0,0.0,0.0,2.0,9.0,4.0,5.0,3.0,6.0,-3.0,6.0,-2.0,8.0,3.0,0.0,3.0,0.0,0.0,0.0,44.4,0.0,0.0,55.6,21.0,8.0,13.0,11.0
2020-02-02,2019,Boavista,Guimaraes,2.0,0.0,H,U,4.31,3.52,1.82,H,5.0,8.0,1.0,11.0,10,0.0,0.0,3.0,0.0,2.0,4.0,-2.0,7.0,4.0,3.0,-5.0,0.0,-5.0,0.0,0.0,0.0,1.0,0.0,1.0,22.2,33.3,12.5,25.0,11.0,25.0,18.0,39.0
2020-02-01,2019,Setubal,Porto,0.0,4.0,A,O,9.23,4.67,1.34,A,2.0,6.0,3.0,5.0,10,2.0,3.0,1.0,0.0,4.0,8.0,-4.0,4.0,4.0,0.0,0.0,4.0,-4.0,0.0,1.0,-1.0,1.0,0.0,1.0,33.3,11.1,66.7,11.1,10.0,21.0,22.0,20.0
2020-02-01,2019,Portimonense,Tondela,0.0,1.0,A,U,2.03,3.33,3.66,A,4.0,2.0,4.0,2.0,9,1.0,1.0,0.0,3.0,4.0,4.0,0.0,3.0,8.0,-5.0,1.0,-4.0,5.0,0.0,0.0,0.0,0.0,1.0,-1.0,12.5,37.5,44.4,33.3,19.0,12.0,18.0,9.0
2020-01-31,2019,Rio Ave,Famalicao,2.0,2.0,D,O,1.94,3.52,3.78,A,3.0,7.0,4.0,6.0,10,3.0,1.0,1.0,2.0,4.0,4.0,0.0,1.0,8.0,-7.0,3.0,-4.0,7.0,1.0,0.0,1.0,0.0,1.0,-1.0,44.4,33.3,44.4,33.3,10.0,17.0,23.0,13.0
2020-01-31,2019,Benfica,Belenenses,3.0,2.0,H,O,1.09,9.65,24.4,H,6.0,5.0,10.0,9.0,10,4.0,1.0,0.0,3.0,12.0,2.0,10.0,1.0,6.0,-5.0,11.0,-4.0,15.0,3.0,0.0,3.0,0.0,2.0,-2.0,88.9,11.1,22.2,55.6,30.0,10.0,39.0,20.0
2020-01-29,2019,Moreirense,Sp Braga,1.0,2.0,A,O,5.57,4.19,1.54,A,4.0,6.0,2.0,6.0,9,2.0,3.0,1.0,1.0,8.0,11.0,-3.0,8.0,3.0,5.0,0.0,8.0,-8.0,0.0,2.0,-2.0,1.0,0.0,1.0,50.0,25.0,44.4,44.4,18.0,23.0,31.0,24.0
2020-01-28,2019,Porto,Gil Vicente,2.0,1.0,H,O,1.24,5.79,12.15,D,2.0,2.0,5.0,2.0,9,3.0,1.0,1.0,1.0,7.0,3.0,4.0,2.0,3.0,-1.0,5.0,0.0,5.0,2.0,0.0,2.0,0.0,0.0,0.0,87.5,12.5,12.5,62.5,18.0,20.0,32.0,14.0
2020-01-27,2019,Sp Lisbon,Maritimo,1.0,0.0,H,U,1.35,4.83,8.35,D,5.0,2.0,12.0,3.0,9,2.0,1.0,2.0,2.0,4.0,2.0,2.0,4.0,7.0,-3.0,0.0,-5.0,5.0,1.0,0.0,1.0,1.0,2.0,-1.0,50.0,50.0,25.0,37.5,22.0,7.0,24.0,10.0
2020-01-27,2019,Guimaraes,Rio Ave,1.0,2.0,A,O,1.65,3.72,5.14,A,7.0,3.0,14.0,1.0,10,2.0,1.0,2.0,2.0,3.0,2.0,1.0,3.0,5.0,-2.0,0.0,-3.0,3.0,1.0,0.0,1.0,1.0,2.0,-1.0,55.6,22.2,37.5,37.5,17.0,7.0,30.0,10.0
2020-01-26,2019,Tondela,Setubal,0.0,3.0,A,O,2.1,3.08,3.75,A,6.0,4.0,11.0,2.0,9,1.0,2.0,1.0,2.0,3.0,4.0,-1.0,3.0,6.0,-3.0,0.0,-2.0,2.0,0.0,0.0,0.0,0.0,1.0,-1.0,12.5,50.0,25.0,50.0,11.0,13.0,14.0,14.0
2020-01-26,2019,Pacos Ferreira,Benfica,0.0,2.0,A,U,8.68,4.81,1.34,A,2.0,6.0,6.0,7.0,10,2.0,4.0,1.0,0.0,4.0,9.0,-5.0,3.0,2.0,1.0,1.0,7.0,-6.0,0.0,2.0,-2.0,0.0,0.0,0.0,33.3,44.4,100.0,0.0,14.0,19.0,20.0,19.0
2020-01-26,2019,Famalicao,Santa Clara,0.0,1.0,A,U,1.66,3.81,4.95,A,1.0,2.0,12.0,7.0,9,1.0,1.0,1.0,1.0,9.0,4.0,5.0,7.0,4.0,3.0,2.0,0.0,2.0,1.0,0.0,1.0,0.0,0.0,0.0,62.5,12.5,25.0,37.5,37.0,10.0,20.0,25.0
2020-01-26,2019,Belenenses,Portimonense,2.0,1.0,H,O,2.53,3.14,2.83,H,4.0,6.0,2.0,6.0,9,1.0,0.0,2.0,2.0,3.0,2.0,1.0,9.0,7.0,2.0,-6.0,-5.0,-1.0,0.0,0.0,0.0,1.0,2.0,-1.0,25.0,62.5,11.1,44.4,8.0,10.0,14.0,16.0
2020-01-26,2019,Aves,Boavista,0.0,1.0,A,U,2.48,3.08,2.93,A,2.0,3.0,4.0,4.0,9,2.0,1.0,2.0,3.0,5.0,2.0,3.0,3.0,5.0,-2.0,2.0,-3.0,5.0,1.0,0.0,1.0,0.0,1.0,-1.0,37.5,62.5,25.0,37.5,16.0,15.0,22.0,24.0
2020-01-19,2019,Rio Ave,Boavista,2.0,0.0,H,U,1.77,3.55,4.53,H,2.0,2.0,4.0,5.0,9,2.0,1.0,1.0,2.0,3.0,3.0,0.0,2.0,4.0,-2.0,1.0,-1.0,2.0,0.0,0.0,0.0,0.0,0.0,0.0,37.5,37.5,28.6,28.6,15.0,17.0,32.0,29.0
2020-01-19,2019,Pacos Ferreira,Gil Vicente,0.0,0.0,D,U,2.43,3.0,3.07,D,5.0,3.0,7.0,4.0,9,2.0,1.0,2.0,2.0,5.0,4.0,1.0,5.0,5.0,0.0,0.0,-1.0,1.0,0.0,0.0,0.0,0.0,0.0,0.0,37.5,50.0,14.3,71.4,14.0,21.0,23.0,12.0
2020-01-19,2019,Famalicao,Maritimo,1.0,1.0,D,U,1.67,3.93,4.68,A,6.0,2.0,6.0,2.0,8,2.0,1.0,1.0,2.0,10.0,1.0,9.0,7.0,6.0,1.0,3.0,-5.0,8.0,1.0,0.0,1.0,0.0,2.0,-2.0,71.4,14.3,28.6,42.9,33.0,8.0,23.0,13.0
2020-01-18,2019,Tondela,Moreirense,1.0,1.0,D,U,2.15,3.25,3.38,D,4.0,1.0,2.0,2.0,8,1.0,0.0,2.0,2.0,2.0,4.0,-2.0,3.0,6.0,-3.0,-1.0,-2.0,1.0,0.0,0.0,0.0,0.0,0.0,0.0,14.3,57.1,0.0,62.5,11.0,11.0,17.0,12.0
2020-01-18,2019,Guimaraes,Santa Clara,1.0,0.0,H,U,1.34,4.88,8.69,D,5.0,1.0,5.0,4.0,9,2.0,1.0,2.0,1.0,7.0,4.0,3.0,3.0,5.0,-2.0,4.0,-1.0,5.0,2.0,0.0,2.0,1.0,1.0,0.0,50.0,25.0,28.6,28.6,18.0,14.0,31.0,27.0
2020-01-18,2019,Belenenses,Setubal,0.0,1.0,A,U,2.28,3.07,3.3,A,1.0,4.0,9.0,3.0,8,2.0,1.0,1.0,2.0,6.0,4.0,2.0,10.0,7.0,3.0,-4.0,-3.0,-1.0,0.0,0.0,0.0,1.0,1.0,0.0,28.6,57.1,14.3,57.1,12.0,12.0,12.0,17.0
2020-01-18,2019,Aves,Portimonense,3.0,0.0,H,O,2.83,3.17,2.5,D,7.0,1.0,5.0,7.0,8,1.0,0.0,3.0,2.0,2.0,2.0,0.0,4.0,8.0,-4.0,-2.0,-6.0,4.0,0.0,0.0,0.0,0.0,2.0,-2.0,28.6,71.4,12.5,37.5,10.0,11.0,23.0,10.0
2020-01-17,2019,Sp Lisbon,Benfica,0.0,2.0,A,U,3.56,3.57,1.99,D,6.0,4.0,6.0,3.0,8,3.0,4.0,1.0,0.0,7.0,8.0,-1.0,3.0,2.0,1.0,4.0,6.0,-2.0,2.0,1.0,1.0,0.0,0.0,0.0,57.1,42.9,100.0,0.0,22.0,18.0,21.0,21.0
2020-01-17,2019,Porto,Sp Braga,1.0,2.0,A,O,1.62,3.87,5.35,A,3.0,1.0,10.0,5.0,8,4.0,2.0,0.0,2.0,9.0,9.0,0.0,0.0,4.0,-4.0,9.0,5.0,4.0,3.0,2.0,1.0,0.0,1.0,-1.0,100.0,0.0,37.5,50.0,24.0,24.0,26.0,26.0
2020-01-12,2019,Sp Braga,Tondela,2.0,1.0,H,O,1.24,5.67,11.74,A,6.0,2.0,9.0,1.0,8,2.0,2.0,1.0,2.0,6.0,4.0,2.0,3.0,6.0,-3.0,3.0,-2.0,5.0,2.0,0.0,2.0,0.0,1.0,-1.0,42.9,28.6,50.0,25.0,26.0,12.0,32.0,16.0
2020-01-12,2019,Maritimo,Guimaraes,0.0,0.0,D,U,4.29,3.65,1.78,D,1.0,9.0,3.0,16.0,9,1.0,0.0,0.0,1.0,5.0,5.0,0.0,4.0,7.0,-3.0,1.0,-2.0,3.0,0.0,0.0,0.0,0.0,1.0,-1.0,25.0,25.0,14.3,28.6,16.0,19.0,24.0,27.0
2020-01-12,2019,Gil Vicente,Belenenses,2.0,0.0,H,U,1.79,3.42,4.63,D,7.0,2.0,5.0,5.0,9,2.0,1.0,0.0,3.0,8.0,2.0,6.0,4.0,9.0,-5.0,4.0,-7.0,11.0,2.0,0.0,2.0,0.0,2.0,-2.0,37.5,0.0,25.0,50.0,16.0,10.0,10.0,18.0
2020-01-11,2019,Setubal,Sp Lisbon,1.0,3.0,A,O,12.07,5.54,1.24,A,2.0,5.0,3.0,5.0,9,2.0,2.0,0.0,2.0,3.0,7.0,-4.0,1.0,5.0,-4.0,2.0,2.0,0.0,0.0,1.0,-1.0,0.0,1.0,-1.0,37.5,0.0,50.0,25.0,10.0,16.0,24.0,22.0
2020-01-11,2019,Portimonense,Pacos Ferreira,0.0,0.0,D,U,2.16,3.22,3.42,D,4.0,0.0,3.0,4.0,8,1.0,1.0,1.0,3.0,4.0,1.0,3.0,4.0,4.0,0.0,0.0,-3.0,3.0,0.0,0.0,0.0,0.0,1.0,-1.0,14.3,42.9,14.3,71.4,20.0,11.0,17.0,16.0
2020-01-11,2019,Boavista,Famalicao,0.0,1.0,A,U,2.26,3.33,3.07,D,3.0,5.0,8.0,5.0,9,1.0,0.0,2.0,3.0,4.0,3.0,1.0,6.0,11.0,-5.0,-2.0,-8.0,6.0,1.0,0.0,1.0,1.0,2.0,-1.0,25.0,25.0,37.5,37.5,10.0,14.0,13.0,11.0
2020-01-10,2019,Santa Clara,Rio Ave,0.0,1.0,A,U,2.84,3.17,2.51,D,4.0,3.0,3.0,4.0,9,0.0,0.0,3.0,2.0,3.0,1.0,2.0,9.0,5.0,4.0,-6.0,-4.0,-2.0,0.0,0.0,0.0,1.0,2.0,-1.0,25.0,50.0,28.6,42.9,12.0,4.0,21.0,10.0
2020-01-10,2019,Moreirense,Porto,2.0,4.0,A,O,9.78,5.18,1.3,D,5.0,6.0,4.0,7.0,8,2.0,2.0,0.0,0.0,7.0,5.0,2.0,5.0,3.0,2.0,2.0,2.0,0.0,0.0,0.0,0.0,0.0,0.0,0.0,57.1,14.3,62.5,12.5,17.0,20.0,28.0,22.0
2020-01-10,2019,Benfica,Aves,2.0,1.0,H,O,1.09,9.62,25.98,A,11.0,3.0,17.0,2.0,9,4.0,0.0,0.0,4.0,14.0,4.0,10.0,0.0,8.0,-8.0,14.0,-4.0,18.0,4.0,0.0,4.0,0.0,0.0,0.0,87.5,12.5,0.0,100.0,25.0,10.0,27.0,19.0
2020-01-05,2019,Tondela,Gil Vicente,1.0,1.0,D,U,2.3,3.12,3.2,D,1.0,9.0,3.0,5.0,7,1.0,1.0,3.0,3.0,2.0,3.0,-1.0,5.0,5.0,0.0,-3.0,-2.0,-1.0,0.0,0.0,0.0,1.0,0.0,1.0,16.7,66.7,16.7,83.3,13.0,17.0,19.0,13.0
2020-01-05,2019,Sp Lisbon,Porto,1.0,2.0,A,O,3.26,3.42,2.13,D,2.0,7.0,4.0,3.0,7,3.0,2.0,1.0,0.0,7.0,4.0,3.0,3.0,2.0,1.0,4.0,2.0,2.0,2.0,0.0,2.0,0.0,0.0,0.0,66.7,33.3,57.1,14.3,25.0,18.0,23.0,25.0
2020-01-05,2019,Rio Ave,Maritimo,0.0,1.0,A,U,1.53,4.0,6.09,D,3.0,3.0,3.0,2.0,8,2.0,0.0,1.0,2.0,3.0,2.0,1.0,2.0,8.0,-6.0,1.0,-6.0,7.0,0.0,0.0,0.0,0.0,2.0,-2.0,42.9,28.6,16.7,50.0,13.0,8.0,29.0,14.0
2020-01-05,2019,Pacos Ferreira,Moreirense,1.0,0.0,H,U,2.14,3.12,3.57,H,3.0,1.0,2.0,5.0,8,1.0,0.0,2.0,2.0,4.0,5.0,-1.0,5.0,7.0,-2.0,-1.0,-2.0,1.0,0.0,0.0,0.0,0.0,0.0,0.0,28.6,57.1,0.0,57.1,14.0,14.0,23.0,9.0
2020-01-05,2019,Famalicao,Setubal,3.0,0.0,H,O,1.82,3.58,4.18,H,7.0,2.0,3.0,2.0,7,2.0,1.0,1.0,2.0,10.0,4.0,6.0,8.0,5.0,3.0,2.0,-1.0,3.0,1.0,0.0,1.0,0.0,0.0,0.0,66.7,16.7,16.7,50.0,32.0,12.0,26.0,18.0
2020-01-04,2019,Guimaraes,Benfica,0.0,1.0,A,U,4.33,4.02,1.71,A,5.0,3.0,6.0,7.0,8,3.0,4.0,1.0,0.0,8.0,9.0,-1.0,2.0,3.0,-1.0,6.0,6.0,0.0,2.0,1.0,1.0,1.0,0.0,1.0,57.1,14.3,100.0,0.0,17.0,17.0,35.0,19.0
2020-01-04,2019,Boavista,Portimonense,1.0,1.0,D,U,2.17,3.15,3.46,D,2.0,5.0,4.0,5.0,8,1.0,0.0,2.0,2.0,3.0,2.0,1.0,5.0,8.0,-3.0,-2.0,-6.0,4.0,1.0,0.0,1.0,1.0,2.0,-1.0,28.6,28.6,14.3,42.9,11.0,10.0,15.0,8.0
2020-01-04,2019,Belenenses,Sp Braga,1.0,7.0,A,O,6.52,4.13,1.49,A,2.0,15.0,2.0,4.0,7,2.0,2.0,1.0,2.0,5.0,3.0,2.0,5.0,3.0,2.0,0.0,0.0,0.0,0.0,1.0,-1.0,1.0,1.0,0.0,33.3,50.0,28.6,57.1,12.0,12.0,14.0,29.0
2020-01-04,2019,Aves,Santa Clara,0.0,1.0,A,U,2.7,3.16,2.62,D,4.0,3.0,7.0,9.0,7,1.0,0.0,3.0,2.0,2.0,3.0,-1.0,4.0,7.0,-3.0,-2.0,-4.0,2.0,0.0,0.0,0.0,0.0,2.0,-2.0,33.3,66.7,16.7,33.3,8.0,13.0,19.0,18.0
2019-12-16,2019,Santa Clara,Sp Lisbon,0.0,4.0,A,O,3.8,3.4,1.96,A,3.0,7.0,2.0,8.0,8,1.0,2.0,2.0,2.0,4.0,4.0,0.0,5.0,5.0,0.0,-1.0,-1.0,0.0,0.0,0.0,0.0,0.0,1.0,-1.0,28.6,42.9,42.9,28.6,15.0,12.0,25.0,21.0
2019-12-16,2019,Porto,Tondela,3.0,0.0,H,O,1.17,7.04,14.56,H,5.0,0.0,8.0,0.0,7,4.0,2.0,0.0,1.0,8.0,4.0,4.0,0.0,3.0,-3.0,8.0,1.0,7.0,3.0,0.0,3.0,0.0,0.0,0.0,100.0,0.0,57.1,14.3,26.0,12.0,27.0,20.0
2019-12-15,2019,Sp Braga,Pacos Ferreira,0.0,1.0,A,U,1.41,4.43,7.54,A,5.0,1.0,10.0,3.0,7,2.0,0.0,0.0,4.0,8.0,2.0,6.0,4.0,8.0,-4.0,4.0,-6.0,10.0,2.0,0.0,2.0,0.0,2.0,-2.0,50.0,16.7,0.0,83.3,27.0,13.0,31.0,22.0
2019-12-15,2019,Moreirense,Belenenses,2.0,1.0,H,O,2.04,3.34,3.63,A,7.0,2.0,8.0,3.0,7,1.0,1.0,1.0,3.0,6.0,2.0,4.0,6.0,10.0,-4.0,0.0,-8.0,8.0,0.0,0.0,0.0,0.0,3.0,-3.0,50.0,16.7,28.6,42.9,12.0,11.0,23.0,17.0
2019-12-15,2019,Gil Vicente,Guimaraes,2.0,2.0,D,O,3.55,3.34,2.06,H,4.0,7.0,3.0,7.0,8,2.0,1.0,0.0,1.0,6.0,6.0,0.0,2.0,6.0,-4.0,4.0,0.0,4.0,2.0,1.0,1.0,0.0,1.0,-1.0,42.9,0.0,16.7,33.3,18.0,18.0,17.0,25.0
2019-12-14,2019,Setubal,Aves,1.0,0.0,H,U,2.03,3.15,3.91,D,2.0,5.0,7.0,6.0,8,1.0,0.0,0.0,4.0,2.0,5.0,-3.0,1.0,9.0,-8.0,1.0,-4.0,5.0,0.0,0.0,0.0,0.0,0.0,0.0,28.6,0.0,0.0,100.0,11.0,8.0,21.0,15.0
2019-12-14,2019,Maritimo,Boavista,1.0,0.0,H,U,2.77,2.99,2.7,H,3.0,1.0,4.0,6.0,8,1.0,1.0,0.0,1.0,6.0,3.0,3.0,5.0,3.0,2.0,1.0,0.0,1.0,0.0,0.0,0.0,0.0,0.0,0.0,14.3,28.6,33.3,16.7,17.0,16.0,26.0,27.0
2019-12-14,2019,Benfica,Famalicao,4.0,0.0,H,O,1.2,6.83,11.64,H,6.0,4.0,8.0,3.0,8,4.0,1.0,0.0,2.0,11.0,5.0,6.0,0.0,8.0,-8.0,11.0,-3.0,14.0,3.0,0.0,3.0,0.0,1.0,-1.0,85.7,14.3,42.9,28.6,22.0,17.0,33.0,14.0
2019-12-13,2019,Portimonense,Rio Ave,1.0,1.0,D,U,2.79,3.32,2.47,A,6.0,2.0,5.0,1.0,7,1.0,1.0,2.0,2.0,5.0,2.0,3.0,6.0,4.0,2.0,-1.0,-2.0,1.0,0.0,1.0,-1.0,0.0,2.0,-2.0,16.7,50.0,33.3,50.0,18.0,6.0,13.0,10.0
2019-12-09,2019,Rio Ave,Gil Vicente,1.0,0.0,H,U,1.66,3.78,4.94,D,2.0,4.0,7.0,1.0,7,1.0,1.0,2.0,3.0,4.0,3.0,1.0,6.0,6.0,0.0,-2.0,-3.0,1.0,0.0,0.0,0.0,1.0,1.0,0.0,33.3,33.3,20.0,80.0,17.0,14.0,30.0,19.0
2019-12-08,2019,Sp Lisbon,Moreirense,1.0,0.0,H,U,1.34,4.87,8.7,D,9.0,1.0,8.0,2.0,6,2.0,0.0,2.0,2.0,8.0,5.0,3.0,6.0,8.0,-2.0,2.0,-3.0,5.0,2.0,0.0,2.0,0.0,1.0,-1.0,60.0,40.0,0.0,50.0,21.0,15.0,16.0,10.0
2019-12-08,2019,Pacos Ferreira,Setubal,2.0,3.0,A,O,2.01,3.11,4.05,A,4.0,4.0,8.0,5.0,7,2.0,0.0,1.0,2.0,4.0,1.0,3.0,3.0,3.0,0.0,1.0,-2.0,3.0,0.0,0.0,0.0,0.0,0.0,0.0,33.3,50.0,0.0,60.0,12.0,11.0,24.0,19.0
2019-12-08,2019,Guimaraes,Portimonense,2.0,0.0,H,U,1.52,4.24,5.78,H,5.0,2.0,8.0,3.0,7,3.0,0.0,1.0,1.0,11.0,2.0,9.0,3.0,6.0,-3.0,8.0,-4.0,12.0,2.0,0.0,2.0,1.0,1.0,0.0,50.0,16.7,16.7,33.3,20.0,9.0,36.0,7.0
2019-12-08,2019,Belenenses,Porto,1.0,1.0,D,U,9.99,5.23,1.29,D,3.0,7.0,2.0,4.0,6,2.0,3.0,2.0,0.0,4.0,6.0,-2.0,5.0,3.0,2.0,-1.0,3.0,-4.0,0.0,0.0,0.0,1.0,0.0,1.0,40.0,60.0,66.7,16.7,12.0,17.0,17.0,31.0
2019-12-07,2019,Maritimo,Santa Clara,2.0,2.0,D,O,2.5,3.04,2.96,D,7.0,2.0,11.0,4.0,7,1.0,0.0,1.0,2.0,5.0,1.0,4.0,6.0,5.0,1.0,-1.0,-4.0,3.0,0.0,0.0,0.0,1.0,2.0,-1.0,16.7,33.3,20.0,40.0,14.0,15.0,23.0,24.0
2019-12-07,2019,Famalicao,Tondela,2.0,3.0,A,O,1.96,3.53,3.67,A,10.0,5.0,9.0,3.0,6,3.0,2.0,0.0,1.0,12.0,5.0,7.0,7.0,3.0,4.0,5.0,2.0,3.0,2.0,1.0,1.0,0.0,0.0,0.0,80.0,0.0,50.0,16.7,27.0,11.0,18.0,17.0
2019-12-07,2019,Aves,Sp Braga,1.0,0.0,H,U,6.3,4.42,1.47,H,1.0,2.0,3.0,13.0,6,0.0,2.0,4.0,2.0,3.0,3.0,0.0,7.0,3.0,4.0,-4.0,0.0,-4.0,0.0,1.0,-1.0,0.0,1.0,-1.0,20.0,80.0,33.3,50.0,13.0,16.0,20.0,23.0
2019-12-06,2019,Boavista,Benfica,1.0,4.0,A,O,6.26,3.82,1.55,D,5.0,6.0,3.0,5.0,7,1.0,4.0,1.0,0.0,3.0,9.0,-6.0,2.0,2.0,0.0,1.0,7.0,-6.0,1.0,1.0,0.0,0.0,0.0,0.0,33.3,16.7,100.0,0.0,10.0,17.0,17.0,19.0
2019-12-02,2019,Sp Braga,Rio Ave,2.0,0.0,H,U,1.56,4.12,5.43,H,4.0,2.0,7.0,3.0,6,1.0,2.0,1.0,1.0,6.0,5.0,1.0,8.0,4.0,4.0,-2.0,1.0,-3.0,1.0,1.0,0.0,1.0,1.0,0.0,40.0,20.0,40.0,40.0,25.0,7.0,28.0,9.0
2019-12-02,2019,Porto,Pacos Ferreira,2.0,0.0,H,U,1.18,6.64,14.84,H,6.0,4.0,8.0,1.0,6,4.0,0.0,0.0,3.0,9.0,3.0,6.0,0.0,7.0,-7.0,9.0,-4.0,13.0,3.0,0.0,3.0,0.0,1.0,-1.0,100.0,0.0,0.0,80.0,30.0,14.0,26.0,29.0
2019-12-01,2019,Tondela,Belenenses,0.0,1.0,A,U,2.03,3.22,3.75,D,3.0,3.0,8.0,7.0,6,1.0,1.0,2.0,3.0,2.0,4.0,-2.0,4.0,11.0,-7.0,-2.0,-7.0,5.0,0.0,1.0,-1.0,1.0,3.0,-2.0,20.0,60.0,16.7,50.0,14.0,15.0,18.0,19.0
2019-12-01,2019,Setubal,Guimaraes,1.0,1.0,D,U,4.17,3.35,1.89,D,4.0,3.0,10.0,7.0,7,2.0,1.0,0.0,1.0,2.0,6.0,-4.0,0.0,6.0,-6.0,2.0,0.0,2.0,0.0,1.0,-1.0,0.0,1.0,-1.0,33.3,0.0,20.0,40.0,11.0,20.0,12.0,26.0
2019-12-01,2019,Gil Vicente,Sp Lisbon,3.0,1.0,H,O,4.13,3.4,1.88,D,4.0,2.0,1.0,3.0,7,1.0,2.0,0.0,1.0,3.0,4.0,-1.0,1.0,3.0,-2.0,2.0,1.0,1.0,1.0,0.0,1.0,0.0,0.0,0.0,33.3,0.0,50.0,16.7,16.0,13.0,23.0,26.0
2019-11-30,2019,Portimonense,Famalicao,2.0,1.0,H,O,2.0,3.58,3.49,H,5.0,4.0,6.0,3.0,6,0.0,2.0,3.0,1.0,4.0,7.0,-3.0,8.0,8.0,0.0,-4.0,-1.0,-3.0,0.0,0.0,0.0,1.0,1.0,0.0,0.0,60.0,50.0,16.7,15.0,20.0,10.0,18.0
2019-11-30,2019,Moreirense,Aves,3.0,2.0,H,O,1.99,3.29,3.84,H,5.0,3.0,11.0,5.0,6,1.0,0.0,1.0,4.0,4.0,4.0,0.0,4.0,11.0,-7.0,0.0,-7.0,7.0,0.0,0.0,0.0,0.0,1.0,-1.0,40.0,20.0,0.0,100.0,10.0,7.0,12.0,16.0
2019-11-30,2019,Benfica,Maritimo,4.0,0.0,H,O,1.13,7.83,18.22,H,9.0,1.0,4.0,3.0,7,4.0,1.0,0.0,1.0,9.0,3.0,6.0,0.0,4.0,-4.0,9.0,-1.0,10.0,3.0,0.0,3.0,0.0,1.0,-1.0,83.3,16.7,20.0,40.0,17.0,9.0,38.0,11.0
2019-11-29,2019,Santa Clara,Boavista,1.0,2.0,A,O,2.11,3.02,3.84,A,2.0,7.0,10.0,2.0,7,2.0,1.0,1.0,1.0,5.0,2.0,3.0,3.0,2.0,1.0,2.0,0.0,2.0,1.0,0.0,1.0,0.0,0.0,0.0,33.3,33.3,20.0,20.0,18.0,16.0,21.0,26.0
2019-11-10,2019,Sp Lisbon,Belenenses,2.0,0.0,H,U,1.34,4.84,8.6,D,5.0,3.0,6.0,5.0,5,2.0,1.0,2.0,2.0,8.0,4.0,4.0,7.0,9.0,-2.0,1.0,-5.0,6.0,1.0,1.0,0.0,0.0,2.0,-2.0,50.0,50.0,20.0,40.0,22.0,13.0,12.0,16.0
2019-11-10,2019,Pacos Ferreira,Tondela,1.0,0.0,H,U,1.98,3.32,3.83,H,2.0,5.0,3.0,5.0,6,1.0,3.0,2.0,0.0,3.0,8.0,-5.0,4.0,4.0,0.0,-1.0,4.0,-5.0,0.0,1.0,-1.0,0.0,0.0,0.0,20.0,60.0,60.0,0.0,13.0,13.0,28.0,18.0
2019-11-10,2019,Maritimo,Portimonense,1.0,1.0,D,U,2.54,3.11,2.85,A,4.0,2.0,3.0,1.0,6,1.0,0.0,2.0,2.0,6.0,1.0,5.0,8.0,6.0,2.0,-2.0,-5.0,3.0,0.0,0.0,0.0,1.0,1.0,0.0,20.0,40.0,20.0,40.0,15.0,9.0,24.0,9.0
2019-11-10,2019,Guimaraes,Sp Braga,0.0,2.0,A,U,2.26,3.54,2.93,A,2.0,5.0,11.0,2.0,6,3.0,1.0,0.0,2.0,12.0,2.0,10.0,2.0,4.0,-2.0,10.0,-2.0,12.0,2.0,0.0,2.0,0.0,1.0,-1.0,60.0,0.0,20.0,60.0,22.0,15.0,37.0,22.0
2019-11-10,2019,Boavista,Porto,0.0,1.0,A,U,7.1,3.95,1.49,A,1.0,1.0,3.0,6.0,6,1.0,3.0,0.0,0.0,4.0,7.0,-3.0,2.0,3.0,-1.0,2.0,4.0,-2.0,1.0,1.0,0.0,0.0,0.0,0.0,40.0,0.0,60.0,20.0,11.0,21.0,20.0,29.0
2019-11-09,2019,Santa Clara,Benfica,1.0,2.0,A,O,6.86,4.33,1.45,H,3.0,6.0,2.0,4.0,6,2.0,4.0,0.0,0.0,4.0,9.0,-5.0,1.0,1.0,0.0,3.0,8.0,-5.0,1.0,2.0,-1.0,0.0,0.0,0.0,40.0,20.0,100.0,0.0,18.0,16.0,28.0,19.0
2019-11-09,2019,Rio Ave,Setubal,1.0,0.0,H,U,1.55,3.9,6.17,H,3.0,3.0,9.0,4.0,6,0.0,0.0,2.0,2.0,4.0,1.0,3.0,7.0,6.0,1.0,-3.0,-5.0,2.0,0.0,0.0,0.0,1.0,1.0,0.0,20.0,40.0,0.0,50.0,16.0,13.0,26.0,15.0
2019-11-09,2019,Famalicao,Moreirense,3.0,3.0,D,O,1.8,3.58,4.32,H,14.0,5.0,2.0,2.0,5,4.0,0.0,0.0,2.0,10.0,2.0,8.0,4.0,5.0,-1.0,6.0,-3.0,9.0,2.0,0.0,2.0,0.0,1.0,-1.0,100.0,0.0,0.0,60.0,17.0,12.0,21.0,13.0
2019-11-08,2019,Aves,Gil Vicente,1.0,2.0,A,O,2.72,2.99,2.76,A,4.0,4.0,7.0,4.0,5,1.0,0.0,3.0,4.0,5.0,1.0,4.0,6.0,8.0,-2.0,-1.0,-7.0,6.0,1.0,0.0,1.0,0.0,2.0,-2.0,25.0,75.0,0.0,100.0,13.0,12.0,17.0,20.0
2019-11-04,2019,Setubal,Boavista,1.0,0.0,H,U,2.49,2.83,3.19,D,2.0,5.0,2.0,11.0,6,1.0,1.0,0.0,0.0,1.0,3.0,-2.0,0.0,2.0,-2.0,1.0,1.0,0.0,0.0,0.0,0.0,0.0,0.0,0.0,20.0,0.0,25.0,0.0,10.0,13.0,19.0,17.0
2019-11-04,2019,Portimonense,Santa Clara,1.0,1.0,D,U,2.16,3.19,3.44,H,4.0,4.0,4.0,8.0,5,0.0,1.0,3.0,2.0,3.0,1.0,2.0,7.0,4.0,3.0,-4.0,-3.0,-1.0,0.0,0.0,0.0,1.0,2.0,-1.0,0.0,75.0,25.0,50.0,16.0,14.0,11.0,19.0
2019-11-04,2019,Belenenses,Pacos Ferreira,1.0,0.0,H,U,2.48,3.15,2.89,D,2.0,5.0,1.0,9.0,5,1.0,0.0,3.0,3.0,3.0,3.0,0.0,7.0,11.0,-4.0,-4.0,-8.0,4.0,0.0,0.0,0.0,2.0,2.0,0.0,25.0,75.0,0.0,75.0,11.0,9.0,21.0,23.0
2019-11-03,2019,Tondela,Sp Lisbon,1.0,0.0,H,U,4.55,3.81,1.71,D,3.0,3.0,1.0,7.0,5,0.0,3.0,3.0,0.0,2.0,7.0,-5.0,6.0,3.0,3.0,-4.0,4.0,-8.0,0.0,1.0,-1.0,1.0,0.0,1.0,0.0,75.0,60.0,0.0,14.0,16.0,23.0,25.0
2019-11-03,2019,Sp Braga,Famalicao,2.0,2.0,D,O,1.48,4.48,5.96,D,5.0,4.0,11.0,2.0,5,2.0,2.0,1.0,1.0,7.0,6.0,1.0,7.0,7.0,0.0,0.0,-1.0,1.0,2.0,0.0,2.0,1.0,1.0,0.0,50.0,25.0,60.0,20.0,29.0,19.0,24.0,21.0
2019-11-03,2019,Porto,Aves,1.0,0.0,H,U,1.11,8.29,21.04,H,4.0,0.0,6.0,2.0,5,4.0,0.0,0.0,4.0,12.0,5.0,7.0,0.0,15.0,-15.0,12.0,-10.0,22.0,4.0,0.0,4.0,0.0,2.0,-2.0,100.0,0.0,0.0,100.0,36.0,8.0,27.0,20.0
2019-11-03,2019,Gil Vicente,Maritimo,2.0,0.0,H,U,1.96,3.26,4.03,D,6.0,1.0,4.0,3.0,6,0.0,1.0,0.0,1.0,2.0,4.0,-2.0,2.0,5.0,-3.0,0.0,-1.0,1.0,0.0,0.0,0.0,0.0,1.0,-1.0,20.0,0.0,25.0,25.0,16.0,9.0,24.0,14.0
2019-11-02,2019,Moreirense,Guimaraes,1.0,1.0,D,U,3.74,3.36,1.99,D,1.0,6.0,8.0,9.0,5,2.0,1.0,1.0,2.0,6.0,5.0,1.0,3.0,8.0,-5.0,3.0,-3.0,6.0,1.0,1.0,0.0,0.0,2.0,-2.0,50.0,25.0,25.0,50.0,13.0,17.0,7.0,22.0
2019-11-02,2019,Benfica,Rio Ave,2.0,0.0,H,U,1.3,5.34,9.25,H,4.0,0.0,10.0,2.0,6,3.0,2.0,1.0,1.0,7.0,5.0,2.0,2.0,3.0,-1.0,5.0,2.0,3.0,2.0,1.0,1.0,1.0,0.0,1.0,80.0,20.0,50.0,25.0,14.0,8.0,33.0,9.0
2019-10-31,2019,Santa Clara,Setubal,1.0,1.0,D,U,2.03,3.14,3.89,D,4.0,3.0,7.0,6.0,5,2.0,,1.0,,3.0,,,2.0,,,1.0,,,1.0,,,1.0,,,50.0,25.0,0.0,66.7,20.0,,35.0,
2019-10-31,2019,Pacos Ferreira,Sp Lisbon,1.0,2.0,A,O,3.89,3.42,1.93,A,5.0,4.0,10.0,4.0,5,1.0,2.0,2.0,0.0,2.0,6.0,-4.0,3.0,3.0,0.0,-1.0,3.0,-4.0,0.0,1.0,-1.0,0.0,0.0,0.0,25.0,50.0,50.0,0.0,11.0,14.0,26.0,29.0
2019-10-31,2019,Boavista,Sp Braga,2.0,0.0,H,U,3.75,3.36,1.99,H,2.0,2.0,3.0,7.0,5,1.0,1.0,0.0,2.0,4.0,3.0,1.0,3.0,4.0,-1.0,1.0,-1.0,2.0,0.0,0.0,0.0,0.0,0.0,0.0,25.0,0.0,25.0,50.0,12.0,20.0,20.0,22.0
2019-10-30,2019,Rio Ave,Moreirense,1.0,1.0,D,U,1.73,3.74,4.54,A,7.0,4.0,13.0,3.0,5,1.0,0.0,2.0,3.0,8.0,2.0,6.0,7.0,7.0,0.0,1.0,-5.0,6.0,1.0,0.0,1.0,1.0,2.0,-1.0,25.0,50.0,0.0,75.0,18.0,12.0,16.0,14.0
2019-10-30,2019,Maritimo,Porto,1.0,1.0,D,U,9.14,4.85,1.33,H,2.0,5.0,6.0,9.0,5,1.0,3.0,2.0,1.0,6.0,7.0,-1.0,8.0,4.0,4.0,-2.0,3.0,-5.0,0.0,1.0,-1.0,1.0,0.0,1.0,25.0,50.0,75.0,25.0,16.0,21.0,20.0,26.0
2019-10-30,2019,Guimaraes,Belenenses,5.0,0.0,H,O,1.42,4.39,7.4,H,6.0,2.0,6.0,3.0,5,2.0,1.0,0.0,1.0,8.0,4.0,4.0,3.0,4.0,-1.0,5.0,0.0,5.0,1.0,1.0,0.0,0.0,1.0,-1.0,50.0,0.0,25.0,25.0,20.0,13.0,35.0,18.0
2019-10-30,2019,Famalicao,Gil Vicente,2.0,1.0,H,O,1.78,3.59,4.41,H,2.0,4.0,9.0,2.0,4,,,,,,,,,,,,,,,,,,,,100.0,0.0,0.0,100.0,,,,
2019-10-30,2019,Benfica,Portimonense,4.0,0.0,H,O,1.19,6.47,13.95,H,6.0,2.0,5.0,1.0,5,3.0,1.0,1.0,1.0,8.0,3.0,5.0,2.0,3.0,-1.0,6.0,0.0,6.0,2.0,0.0,2.0,1.0,0.0,1.0,75.0,25.0,25.0,25.0,15.0,13.0,38.0,11.0
2019-10-28,2019,Sp Braga,Santa Clara,2.0,0.0,H,U,1.44,4.49,6.71,H,12.0,5.0,4.0,6.0,4,,,,,,,,,,,,,,,,,,,,33.3,33.3,33.3,33.3,,,,
2019-10-27,2019,Tondela,Benfica,0.0,1.0,A,U,9.0,5.27,1.31,A,4.0,3.0,5.0,5.0,4,,,,,,,,,,,,,,,,,,,,0.0,66.7,100.0,0.0,,,,
2019-10-27,2019,Sp Lisbon,Guimaraes,3.0,1.0,H,O,1.79,3.65,4.26,H,6.0,3.0,3.0,4.0,4,,,,,,,,,,,,,,,,,,,,33.3,66.7,33.3,33.3,,,,
2019-10-27,2019,Porto,Famalicao,3.0,0.0,H,O,1.23,6.06,11.31,H,9.0,2.0,4.0,3.0,4,,3.0,,0.0,,8.0,,,4.0,,,4.0,,,1.0,,,0.0,,100.0,0.0,75.0,0.0,,23.0,,24.0
2019-10-26,2019,Setubal,Maritimo,0.0,0.0,D,U,2.25,3.0,3.46,D,2.0,3.0,5.0,5.0,5,1.0,,0.0,,1.0,,,0.0,,,1.0,,,0.0,,,0.0,,,25.0,0.0,33.3,33.3,12.0,,17.0,
2019-10-26,2019,Moreirense,Boavista,1.0,1.0,D,U,2.24,3.07,3.4,H,4.0,4.0,1.0,10.0,4,,,,,,,,,,,,,,,,,,,,66.7,33.3,33.3,0.0,,,,
2019-10-26,2019,Gil Vicente,Portimonense,1.0,1.0,D,U,2.45,3.11,2.96,D,2.0,4.0,2.0,3.0,5,1.0,,0.0,,3.0,,,2.0,,,1.0,,,0.0,,,0.0,,,25.0,0.0,33.3,33.3,21.0,,26.0,
2019-10-26,2019,Belenenses,Aves,3.0,2.0,H,O,2.07,3.27,3.6,D,5.0,2.0,7.0,6.0,4,,0.0,,4.0,,4.0,,,14.0,,,-10.0,,,0.0,,,2.0,,0.0,100.0,0.0,100.0,,8.0,,22.0
2019-10-25,2019,Pacos Ferreira,Rio Ave,0.0,0.0,D,U,2.73,3.18,2.62,D,3.0,0.0,2.0,4.0,4,,,,,,,,,,,,,,,,,,,,33.3,66.7,66.7,33.3,,,,
2019-10-05,2019,Aves,Tondela,0.0,1.0,A,U,2.43,3.31,2.84,D,1.0,2.0,6.0,8.0,4,,2.0,,0.0,,7.0,,,4.0,,,3.0,,,1.0,,,0.0,,33.3,66.7,50.0,0.0,,13.0,,13.0
2019-09-30,2019,Aves,Sp Lisbon,0.0,1.0,A,U,5.26,4.19,1.57,D,2.0,3.0,3.0,7.0,3,,,,,,,,,,,,,,,,,,,,50.0,50.0,33.3,0.0,,,,
2019-09-29,2019,Santa Clara,Gil Vicente,1.0,0.0,H,U,2.08,3.2,3.67,D,6.0,5.0,6.0,6.0,4,,,,,,,,,,,,,,,,,,,,33.3,33.3,0.0,100.0,,,,
2019-09-29,2019,Rio Ave,Porto,0.0,1.0,A,U,5.69,4.27,1.52,A,1.0,5.0,0.0,6.0,4,,,,,,,,,,,,,,,,,,,,33.3,33.3,66.7,33.3,,,,
2019-09-29,2019,Portimonense,Sp Braga,0.0,1.0,A,U,3.42,3.4,2.09,A,5.0,3.0,2.0,7.0,4,,,,,,,,,,,,,,,,,,,,0.0,66.7,0.0,66.7,,,,
2019-09-29,2019,Guimaraes,Pacos Ferreira,1.0,0.0,H,U,1.52,4.01,6.31,D,4.0,1.0,10.0,3.0,4,,,,,,,,,,,,,,,,,,,,33.3,0.0,0.0,66.7,,,,
2019-09-28,2019,Maritimo,Moreirense,2.0,1.0,H,O,2.48,3.07,2.96,D,4.0,4.0,6.0,2.0,4,,,,,,,,,,,,,,,,,,,,0.0,66.7,0.0,66.7,,,,
2019-09-28,2019,Famalicao,Belenenses,3.0,1.0,H,O,1.78,3.51,4.54,A,6.0,3.0,6.0,2.0,3,,,,,,,,,,,,,,,,,,,,100.0,0.0,33.3,0.0,,,,
2019-09-28,2019,Benfica,Setubal,1.0,0.0,H,U,1.14,7.66,18.02,D,3.0,2.0,14.0,3.0,4,,,,,,,,,,,,,,,,,,,,66.7,33.3,0.0,50.0,,,,
2019-09-27,2019,Boavista,Tondela,0.0,0.0,D,U,2.02,3.28,3.81,D,3.0,0.0,6.0,4.0,4,,,,,,,,,,,,,,,,,,,,33.3,0.0,66.7,0.0,,,,
2019-09-23,2019,Sp Lisbon,Famalicao,1.0,2.0,A,O,1.54,4.11,5.71,H,5.0,7.0,6.0,6.0,3,,,,,,,,,,,,,,,,,,,,50.0,50.0,66.7,0.0,,,,
2019-09-23,2019,Sp Braga,Maritimo,2.0,2.0,D,O,1.36,4.72,8.43,A,6.0,3.0,9.0,3.0,3,,,,,,,,,,,,,,,,,,,,50.0,50.0,50.0,50.0,,,,
2019-09-22,2019,Tondela,Guimaraes,1.0,3.0,A,O,3.26,3.38,2.16,A,3.0,6.0,5.0,5.0,3,,,,,,,,,,,,,,,,,,,,0.0,50.0,0.0,50.0,,,,
2019-09-22,2019,Setubal,Portimonense,0.0,0.0,D,U,2.82,3.08,2.58,D,3.0,1.0,4.0,2.0,4,,,,,,,,,,,,,,,,,,,,33.3,0.0,50.0,50.0,,,,
2019-09-22,2019,Porto,Santa Clara,2.0,0.0,H,U,1.16,7.12,16.06,H,7.0,2.0,9.0,0.0,3,,,,,,,,,,,,,,,,,,,,100.0,0.0,50.0,0.0,,,,
2019-09-22,2019,Gil Vicente,Boavista,0.0,0.0,D,U,2.25,3.07,3.39,D,6.0,0.0,10.0,4.0,4,,,,,,,,,,,,,,,,,,,,33.3,0.0,50.0,0.0,,,,
2019-09-21,2019,Moreirense,Benfica,1.0,2.0,A,O,8.61,5.02,1.33,D,2.0,2.0,3.0,5.0,3,,,,,,,,,,,,,,,,,,,,100.0,0.0,100.0,0.0,,,,
2019-09-21,2019,Belenenses,Rio Ave,0.0,2.0,A,U,3.19,3.35,2.21,A,2.0,4.0,4.0,1.0,3,,,,,,,,,,,,,,,,,,,,0.0,100.0,50.0,50.0,,,,
2019-09-20,2019,Pacos Ferreira,Aves,2.0,1.0,H,O,1.88,3.46,4.13,A,2.0,3.0,9.0,2.0,3,,,,,,,,,,,,,,,,,,,,0.0,100.0,0.0,100.0,,,,
2019-09-15,2019,Santa Clara,Moreirense,2.0,0.0,H,U,2.31,3.07,3.26,H,5.0,2.0,6.0,3.0,3,,,,,,,,,,,,,,,,,,,,0.0,50.0,0.0,50.0,,,,
2019-09-15,2019,Rio Ave,Tondela,2.0,4.0,A,O,1.64,3.97,4.96,A,6.0,4.0,8.0,0.0,3,,,,,,,,,,,,,,,,,,,,50.0,0.0,50.0,0.0,,,,
2019-09-15,2019,Portimonense,Porto,2.0,3.0,A,O,6.8,4.52,1.43,A,4.0,6.0,1.0,10.0,3,,,,,,,,,,,,,,,,,,,,0.0,50.0,50.0,50.0,,,,
2019-09-15,2019,Maritimo,Belenenses,1.0,3.0,A,O,2.08,3.2,3.68,A,4.0,7.0,8.0,9.0,3,,,,,,,,,,,,,,,,,,,,0.0,50.0,0.0,0.0,,,,
2019-09-15,2019,Boavista,Sp Lisbon,1.0,1.0,D,U,4.8,3.58,1.73,H,4.0,3.0,5.0,8.0,3,,,,,,,,,,,,,,,,,,,,50.0,0.0,50.0,0.0,,,,
2019-09-14,2019,Guimaraes,Aves,5.0,1.0,H,O,1.53,4.05,6.03,H,8.0,2.0,9.0,6.0,3,,,,,,,,,,,,,,,,,,,,0.0,0.0,0.0,100.0,,,,
2019-09-14,2019,Famalicao,Pacos Ferreira,4.0,2.0,H,O,2.09,3.34,3.48,H,5.0,3.0,1.0,9.0,2,,,,,,,,,,,,,,,,,,,,100.0,0.0,0.0,50.0,,,,
2019-09-14,2019,Benfica,Gil Vicente,2.0,0.0,H,U,1.12,8.22,20.22,H,4.0,1.0,9.0,7.0,3,,,,,,,,,,,,,,,,,,,,50.0,50.0,0.0,100.0,,,,
2019-09-13,2019,Setubal,Sp Braga,1.0,0.0,H,U,4.75,3.54,1.76,D,4.0,6.0,1.0,7.0,3,,,,,,,,,,,,,,,,,,,,0.0,0.0,0.0,50.0,,,,
2019-09-08,2019,Rio Ave,Guimaraes,1.0,1.0,D,U,1.89,3.55,3.92,D,2.0,5.0,5.0,8.0,2,,,,,,,,,,,,,,,,,,,,100.0,0.0,0.0,100.0,,,,
2019-09-01,2019,Tondela,Santa Clara,0.0,0.0,D,U,2.31,3.2,3.14,D,4.0,4.0,7.0,10.0,2,,,,,,,,,,,,,,,,,,,,0.0,100.0,100.0,0.0,,,,
2019-09-01,2019,Sp Braga,Benfica,0.0,4.0,A,O,5.02,3.94,1.64,A,2.0,6.0,4.0,5.0,2,,,,,,,,,,,,,,,,,,,,100.0,0.0,100.0,0.0,,,,
2019-09-01,2019,Porto,Guimaraes,3.0,0.0,H,O,1.18,6.78,14.55,H,10.0,3.0,7.0,5.0,2,,,,,,,,,,,,,,,,,,,,100.0,0.0,,,,,,
2019-08-31,2019,Sp Lisbon,Rio Ave,2.0,3.0,A,O,1.37,4.92,7.54,D,5.0,3.0,1.0,2.0,2,,,,,,,,,,,,,,,,,,,,100.0,0.0,0.0,100.0,,,,
2019-08-31,2019,Pacos Ferreira,Maritimo,0.0,1.0,A,U,2.04,3.24,3.74,D,3.0,2.0,7.0,0.0,2,,,,,,,,,,,,,,,,,,,,0.0,100.0,0.0,100.0,,,,
2019-08-31,2019,Gil Vicente,Setubal,0.0,0.0,D,U,2.21,3.12,3.42,D,2.0,3.0,7.0,6.0,3,,,,,,,,,,,,,,,,,,,,50.0,0.0,0.0,100.0,,,,
2019-08-31,2019,Aves,Famalicao,2.0,3.0,A,O,2.41,3.26,2.9,D,6.0,7.0,4.0,7.0,2,,,,,,,,,,,,,,,,,,,,100.0,0.0,50.0,0.0,,,,
2019-08-30,2019,Moreirense,Portimonense,1.0,0.0,H,U,2.3,3.27,3.12,H,3.0,2.0,0.0,3.0,2,,,,,,,,,,,,,,,,,,,,100.0,0.0,100.0,0.0,,,,
2019-08-30,2019,Belenenses,Boavista,0.0,1.0,A,U,2.43,3.04,3.09,D,3.0,7.0,5.0,1.0,2,,,,,,,,,,,,,,,,,,,,0.0,100.0,0.0,0.0,,,,
2019-08-25,2019,Santa Clara,Belenenses,0.0,0.0,D,U,2.11,3.2,3.58,D,3.0,1.0,9.0,2.0,2,,,,,,,,,,,,,,,,,,,,0.0,100.0,0.0,0.0,,,,
2019-08-25,2019,Portimonense,Sp Lisbon,1.0,3.0,A,O,4.15,3.54,1.85,A,2.0,6.0,3.0,6.0,2,,,,,,,,,,,,,,,,,,,,0.0,0.0,0.0,0.0,,,,
2019-08-25,2019,Maritimo,Tondela,2.0,3.0,A,O,2.02,3.16,3.94,A,5.0,7.0,4.0,6.0,2,,,,,,,,,,,,,,,,,,,,0.0,0.0,0.0,0.0,,,,
2019-08-25,2019,Guimaraes,Famalicao,1.0,1.0,D,U,1.73,3.54,4.9,D,4.0,3.0,12.0,5.0,2,,,,,,,,,,,,,,,,,,,,0.0,0.0,100.0,0.0,,,,
2019-08-25,2019,Gil Vicente,Sp Braga,1.0,1.0,D,U,4.85,3.55,1.73,A,6.0,4.0,5.0,1.0,2,,,,,,,,,,,,,,,,,,,,100.0,0.0,0.0,100.0,,,,
2019-08-24,2019,Boavista,Pacos Ferreira,1.0,1.0,D,U,2.14,3.13,3.58,D,2.0,5.0,6.0,8.0,2,,,,,,,,,,,,,,,,,,,,100.0,0.0,0.0,100.0,,,,
2019-08-24,2019,Benfica,Porto,0.0,2.0,A,U,1.9,3.43,4.03,A,1.0,5.0,5.0,4.0,2,,,,,,,,,,,,,,,,,,,,100.0,0.0,0.0,100.0,,,,
2019-08-23,2019,Setubal,Moreirense,0.0,0.0,D,U,2.57,3.02,2.89,D,1.0,2.0,9.0,5.0,2,,,,,,,,,,,,,,,,,,,,0.0,0.0,0.0,100.0,,,,
2019-08-23,2019,Rio Ave,Aves,5.0,1.0,H,O,1.8,3.61,4.34,H,9.0,1.0,3.0,6.0,1,,,,,,,,,,,,,,,,,,,,,,0.0,100.0,,,,
2019-08-19,2019,Tondela,Portimonense,1.0,2.0,A,O,2.71,3.27,2.55,A,3.0,6.0,6.0,3.0,1,,,,,,,,,,,,,,,,,,,,,,,,,,,
2019-08-18,2019,Sp Lisbon,Sp Braga,2.0,1.0,H,O,1.97,3.4,3.78,H,6.0,7.0,2.0,7.0,1,,,,,,,,,,,,,,,,,,,,,,,,,,,
2019-08-18,2019,Pacos Ferreira,Santa Clara,0.0,1.0,A,U,2.36,3.21,3.03,A,3.0,3.0,8.0,3.0,1,,,,,,,,,,,,,,,,,,,,,,,,,,,
2019-08-18,2019,Guimaraes,Boavista,1.0,1.0,D,U,1.63,3.72,5.42,H,4.0,2.0,4.0,2.0,1,,,,,,,,,,,,,,,,,,,,,,,,,,,
2019-08-18,2019,Aves,Maritimo,3.0,1.0,H,O,2.27,3.16,3.25,H,4.0,1.0,4.0,6.0,1,,,,,,,,,,,,,,,,,,,,,,,,,,,
2019-08-17,2019,Porto,Setubal,4.0,0.0,H,O,1.16,6.97,16.64,H,10.0,5.0,7.0,0.0,1,,,,,,,,,,,,,,,,,,,,,,,,,,,
2019-08-17,2019,Moreirense,Gil Vicente,3.0,0.0,H,O,2.24,3.18,3.28,H,4.0,2.0,3.0,5.0,1,,,,,,,,,,,,,,,,,,,,,,,,,,,
2019-08-17,2019,Belenenses,Benfica,0.0,2.0,A,U,14.32,6.88,1.18,D,1.0,5.0,5.0,4.0,1,,,,,,,,,,,,,,,,,,,,,,,,,,,
2019-08-16,2019,Famalicao,Rio Ave,1.0,0.0,H,U,2.78,3.43,2.43,D,4.0,1.0,5.0,2.0,1,,,,,,,,,,,,,,,,,,,,,,,,,,,
2019-08-12,2019,Setubal,Tondela,0.0,0.0,D,U,2.15,3.15,3.46,D,4.0,2.0,3.0,3.0,1,,,,,,,,,,,,,,,,,,,,,,,,,,,
2019-08-11,2019,Sp Braga,Moreirense,3.0,1.0,H,O,1.43,4.3,7.43,H,9.0,4.0,7.0,4.0,1,,,,,,,,,,,,,,,,,,,,,,,,,,,
2019-08-11,2019,Maritimo,Sp Lisbon,1.0,1.0,D,U,5.07,3.68,1.67,D,3.0,2.0,2.0,8.0,1,,,,,,,,,,,,,,,,,,,,,,,,,,,
2019-08-11,2019,Boavista,Aves,2.0,1.0,H,O,2.26,3.04,3.37,D,3.0,2.0,3.0,8.0,1,,,,,,,,,,,,,,,,,,,,,,,,,,,
2019-08-10,2019,Santa Clara,Famalicao,0.0,2.0,A,U,2.04,3.18,3.77,A,6.0,6.0,14.0,6.0,1,,,,,,,,,,,,,,,,,,,,,,,,,,,
2019-08-10,2019,Gil Vicente,Porto,2.0,1.0,H,O,9.88,5.21,1.29,D,7.0,5.0,4.0,6.0,1,,,,,,,,,,,,,,,,,,,,,,,,,,,
2019-08-10,2019,Benfica,Pacos Ferreira,5.0,0.0,H,O,1.12,8.26,18.66,H,7.0,0.0,10.0,3.0,1,,,,,,,,,,,,,,,,,,,,,,,,,,,
2019-08-09,2019,Portimonense,Belenenses,0.0,0.0,D,U,1.98,3.38,3.78,D,5.0,2.0,5.0,5.0,1,,,,,,,,,,,,,,,,,,,,,,,,,,,
2019-05-19,2018,Tondela,Chaves,5.0,2.0,H,O,2.1,3.4,3.4,H,7.0,5.0,6.0,3.0,17,2.0,2.0,1.0,1.0,6.0,6.0,0.0,6.0,8.0,-2.0,0.0,-2.0,2.0,0.0,0.0,0.0,1.0,1.0,0.0,37.5,43.8,25.0,62.5,22.0,17.0,20.0,26.0
2019-05-19,2018,Moreirense,Guimaraes,1.0,3.0,A,O,2.6,3.0,2.9,D,6.0,6.0,12.0,2.0,17,1.0,0.0,3.0,4.0,2.0,1.0,1.0,7.0,6.0,1.0,-5.0,-5.0,0.0,0.0,0.0,0.0,1.0,1.0,0.0,50.0,31.2,25.0,56.2,15.0,13.0,22.0,19.0
2019-05-18,2018,Setubal,Rio Ave,1.0,3.0,A,O,2.4,3.3,2.87,D,4.0,7.0,4.0,7.0,17,1.0,3.0,2.0,1.0,2.0,6.0,-4.0,5.0,5.0,0.0,-3.0,1.0,-4.0,0.0,1.0,-1.0,1.0,1.0,0.0,25.0,37.5,37.5,43.8,16.0,14.0,31.0,9.0
2019-05-18,2018,Porto,Sp Lisbon,2.0,1.0,H,O,1.44,4.75,6.5,D,8.0,1.0,17.0,1.0,17,4.0,4.0,0.0,0.0,10.0,15.0,-5.0,0.0,3.0,-3.0,10.0,12.0,-2.0,3.0,3.0,0.0,0.0,0.0,0.0,87.5,12.5,56.2,25.0,31.0,35.0,29.0,18.0
2019-05-18,2018,Maritimo,Boavista,0.0,1.0,A,U,2.4,3.0,3.2,A,5.0,3.0,7.0,3.0,17,4.0,1.0,0.0,3.0,8.0,4.0,4.0,2.0,6.0,-4.0,6.0,-2.0,8.0,2.0,1.0,1.0,0.0,2.0,-2.0,50.0,37.5,12.5,62.5,12.0,13.0,14.0,12.0
2019-05-18,2018,Feirense,Aves,2.0,1.0,H,O,2.7,3.2,2.7,A,8.0,4.0,5.0,4.0,17,0.0,2.0,3.0,1.0,5.0,4.0,1.0,11.0,4.0,7.0,-6.0,0.0,-6.0,0.0,2.0,-2.0,2.0,1.0,1.0,6.2,56.2,31.2,50.0,14.0,14.0,17.0,18.0
2019-05-18,2018,Benfica,Santa Clara,4.0,1.0,H,O,1.08,11.0,21.0,H,8.0,3.0,4.0,8.0,17,4.0,1.0,0.0,2.0,16.0,4.0,12.0,3.0,4.0,-1.0,13.0,0.0,13.0,3.0,1.0,2.0,0.0,0.0,0.0,81.2,6.2,37.5,37.5,35.0,9.0,26.0,9.0
2019-05-17,2018,Sp Braga,Portimonense,2.0,0.0,H,U,1.3,5.5,8.5,H,7.0,1.0,5.0,3.0,17,2.0,0.0,2.0,2.0,7.0,6.0,1.0,7.0,11.0,-4.0,0.0,-5.0,5.0,1.0,0.0,1.0,1.0,1.0,0.0,75.0,18.8,18.8,68.8,20.0,21.0,19.0,18.0
2019-05-16,2018,Belenenses,Nacional,3.0,0.0,H,O,1.95,3.5,3.75,H,5.0,4.0,5.0,7.0,17,0.0,0.0,2.0,3.0,5.0,5.0,0.0,14.0,10.0,4.0,-9.0,-5.0,-4.0,0.0,0.0,0.0,2.0,1.0,1.0,31.2,37.5,12.5,62.5,12.0,15.0,15.0,36.0
2019-05-12,2018,Rio Ave,Benfica,2.0,3.0,A,O,12.0,7.0,1.18,A,6.0,6.0,5.0,2.0,17,1.0,4.0,2.0,0.0,5.0,14.0,-9.0,7.0,3.0,4.0,-2.0,11.0,-13.0,0.0,3.0,-3.0,1.0,0.0,1.0,31.2,31.2,81.2,12.5,16.0,24.0,24.0,19.0
2019-05-12,2018,Nacional,Porto,0.0,4.0,A,O,13.0,7.5,1.16,A,3.0,6.0,5.0,4.0,17,1.0,3.0,2.0,0.0,3.0,10.0,-7.0,4.0,5.0,-1.0,-1.0,5.0,-6.0,0.0,1.0,-1.0,0.0,0.0,0.0,31.2,50.0,68.8,6.2,17.0,20.0,34.0,26.0
2019-05-12,2018,Guimaraes,Belenenses,5.0,1.0,H,O,1.45,4.75,6.0,D,8.0,2.0,6.0,1.0,17,2.0,0.0,1.0,2.0,9.0,4.0,5.0,5.0,9.0,-4.0,4.0,-5.0,9.0,2.0,0.0,2.0,1.0,2.0,-1.0,56.2,18.8,25.0,25.0,25.0,13.0,21.0,13.0
2019-05-12,2018,Chaves,Setubal,1.0,2.0,A,O,1.7,3.6,5.0,A,2.0,4.0,7.0,6.0,17,1.0,1.0,1.0,1.0,8.0,4.0,4.0,7.0,5.0,2.0,1.0,-1.0,2.0,1.0,0.0,1.0,1.0,1.0,0.0,25.0,37.5,18.8,43.8,14.0,10.0,22.0,16.0
2019-05-11,2018,Sp Lisbon,Tondela,1.0,1.0,D,U,1.3,5.5,8.5,H,6.0,4.0,5.0,7.0,17,4.0,0.0,0.0,3.0,9.0,0.0,9.0,1.0,6.0,-5.0,8.0,-6.0,14.0,3.0,0.0,3.0,0.0,2.0,-2.0,87.5,6.2,12.5,62.5,24.0,7.0,36.0,22.0
2019-05-11,2018,Santa Clara,Feirense,4.0,4.0,D,O,1.45,4.5,6.5,A,5.0,6.0,6.0,7.0,17,1.0,0.0,0.0,3.0,2.0,1.0,1.0,1.0,8.0,-7.0,1.0,-7.0,8.0,0.0,0.0,0.0,0.0,2.0,-2.0,31.2,43.8,6.2,68.8,16.0,11.0,21.0,14.0
2019-05-11,2018,Portimonense,Maritimo,3.0,2.0,H,O,1.8,3.6,4.5,A,5.0,3.0,3.0,3.0,17,2.0,0.0,2.0,4.0,6.0,0.0,6.0,6.0,11.0,-5.0,0.0,-11.0,11.0,1.0,0.0,1.0,2.0,2.0,0.0,43.8,31.2,25.0,68.8,27.0,6.0,24.0,11.0
2019-05-11,2018,Boavista,Sp Braga,4.0,2.0,H,O,4.5,3.75,1.75,H,6.0,9.0,2.0,9.0,17,3.0,2.0,1.0,2.0,7.0,3.0,4.0,3.0,2.0,1.0,4.0,1.0,3.0,2.0,1.0,1.0,0.0,0.0,0.0,56.2,37.5,50.0,31.2,16.0,18.0,28.0,33.0
2019-05-10,2018,Aves,Moreirense,0.0,1.0,A,U,2.2,3.2,3.4,D,4.0,3.0,4.0,5.0,17,2.0,1.0,2.0,2.0,6.0,6.0,0.0,4.0,7.0,-3.0,2.0,-1.0,3.0,2.0,1.0,1.0,1.0,1.0,0.0,31.2,50.0,43.8,50.0,25.0,19.0,32.0,18.0
2019-05-06,2018,Setubal,Boavista,0.0,3.0,A,O,2.3,3.0,3.4,D,2.0,5.0,6.0,3.0,16,1.0,0.0,1.0,4.0,2.0,1.0,1.0,2.0,8.0,-6.0,0.0,-7.0,7.0,0.0,0.0,0.0,0.0,3.0,-3.0,26.7,33.3,6.7,66.7,16.0,9.0,32.0,12.0
2019-05-05,2018,Tondela,Santa Clara,1.0,3.0,A,O,1.72,3.6,4.75,A,7.0,4.0,8.0,3.0,16,2.0,0.0,1.0,2.0,5.0,1.0,4.0,6.0,3.0,3.0,-1.0,-2.0,1.0,0.0,0.0,0.0,1.0,0.0,1.0,40.0,40.0,33.3,40.0,17.0,6.0,15.0,9.0
2019-05-05,2018,Guimaraes,Nacional,2.0,2.0,D,O,1.5,4.0,7.0,H,5.0,5.0,4.0,7.0,16,3.0,0.0,1.0,4.0,8.0,4.0,4.0,3.0,13.0,-10.0,5.0,-9.0,14.0,2.0,0.0,2.0,1.0,2.0,-1.0,60.0,20.0,13.3,66.7,27.0,15.0,28.0,36.0
2019-05-05,2018,Belenenses,Sp Lisbon,1.0,8.0,A,O,7.0,4.75,1.4,A,3.0,10.0,2.0,0.0,16,1.0,4.0,1.0,0.0,8.0,9.0,-1.0,6.0,3.0,3.0,2.0,6.0,-4.0,1.0,2.0,-1.0,1.0,0.0,1.0,33.3,33.3,53.3,26.7,15.0,29.0,16.0,29.0
2019-05-04,2018,Porto,Aves,4.0,0.0,H,O,1.16,7.5,13.0,H,11.0,1.0,6.0,3.0,16,3.0,2.0,1.0,0.0,7.0,4.0,3.0,2.0,0.0,2.0,5.0,4.0,1.0,2.0,2.0,0.0,0.0,0.0,0.0,86.7,13.3,33.3,46.7,27.0,15.0,27.0,19.0
2019-05-04,2018,Maritimo,Sp Braga,1.0,0.0,H,U,4.33,3.75,1.75,D,3.0,5.0,3.0,13.0,16,4.0,3.0,0.0,1.0,10.0,5.0,5.0,4.0,2.0,2.0,6.0,3.0,3.0,2.0,1.0,1.0,0.0,0.0,0.0,46.7,40.0,53.3,26.7,13.0,16.0,15.0,26.0
2019-05-04,2018,Feirense,Chaves,4.0,4.0,D,O,5.0,3.8,1.66,H,6.0,7.0,5.0,4.0,16,0.0,2.0,4.0,2.0,2.0,2.0,0.0,9.0,8.0,1.0,-7.0,-6.0,-1.0,0.0,0.0,0.0,2.0,2.0,0.0,6.7,60.0,26.7,66.7,9.0,12.0,15.0,24.0
2019-05-04,2018,Benfica,Portimonense,5.0,1.0,H,O,1.12,8.5,17.0,D,12.0,5.0,7.0,1.0,16,3.0,0.0,0.0,2.0,13.0,6.0,7.0,4.0,9.0,-5.0,9.0,-3.0,12.0,2.0,0.0,2.0,0.0,1.0,-1.0,80.0,6.7,20.0,66.7,25.0,23.0,26.0,24.0
2019-05-03,2018,Moreirense,Rio Ave,1.0,2.0,A,O,2.25,3.5,3.0,D,6.0,2.0,5.0,1.0,16,1.0,2.0,2.0,1.0,2.0,5.0,-3.0,6.0,5.0,1.0,-4.0,0.0,-4.0,0.0,1.0,-1.0,1.0,1.0,0.0,53.3,26.7,33.3,46.7,11.0,13.0,25.0,13.0
2019-04-28,2018,Sp Braga,Benfica,1.0,4.0,A,O,5.25,3.75,1.65,H,3.0,9.0,5.0,5.0,16,2.0,4.0,2.0,0.0,6.0,13.0,-7.0,5.0,2.0,3.0,1.0,11.0,-10.0,1.0,3.0,-2.0,1.0,0.0,1.0,80.0,13.3,80.0,13.3,22.0,21.0,26.0,20.0
2019-04-28,2018,Maritimo,Tondela,2.0,0.0,H,U,2.2,3.25,3.25,H,2.0,3.0,3.0,11.0,15,3.0,0.0,0.0,3.0,8.0,2.0,6.0,4.0,7.0,-3.0,4.0,-5.0,9.0,1.0,0.0,1.0,0.0,1.0,-1.0,42.9,42.9,13.3,60.0,13.0,8.0,13.0,18.0
2019-04-28,2018,Chaves,Nacional,4.0,1.0,H,O,1.8,3.4,4.75,H,4.0,4.0,1.0,11.0,16,0.0,0.0,1.0,4.0,4.0,3.0,1.0,6.0,11.0,-5.0,-2.0,-8.0,6.0,0.0,0.0,0.0,1.0,2.0,-1.0,20.0,40.0,14.3,64.3,12.0,14.0,30.0,28.0
2019-04-28,2018,Boavista,Moreirense,3.0,1.0,H,O,2.3,3.2,3.2,H,4.0,4.0,6.0,4.0,16,3.0,2.0,1.0,1.0,5.0,8.0,-3.0,2.0,5.0,-3.0,3.0,3.0,0.0,1.0,2.0,-1.0,0.0,0.0,0.0,53.3,40.0,46.7,46.7,17.0,20.0,26.0,19.0
2019-04-27,2018,Sp Lisbon,Guimaraes,2.0,0.0,H,U,1.4,5.0,6.5,H,7.0,1.0,7.0,4.0,16,4.0,0.0,0.0,3.0,10.0,2.0,8.0,1.0,5.0,-4.0,9.0,-3.0,12.0,3.0,0.0,3.0,0.0,0.0,0.0,86.7,6.7,26.7,53.3,24.0,18.0,34.0,22.0
2019-04-27,2018,Santa Clara,Setubal,0.0,0.0,D,U,2.2,3.2,3.3,D,4.0,2.0,2.0,3.0,16,2.0,1.0,0.0,2.0,4.0,4.0,0.0,1.0,7.0,-6.0,3.0,-3.0,6.0,1.0,0.0,1.0,0.0,2.0,-2.0,33.3,46.7,20.0,46.7,15.0,8.0,26.0,15.0
2019-04-27,2018,Portimonense,Feirense,1.0,0.0,H,U,1.36,4.75,8.0,H,6.0,3.0,5.0,2.0,16,1.0,0.0,2.0,3.0,6.0,1.0,5.0,7.0,11.0,-4.0,-1.0,-10.0,9.0,1.0,0.0,1.0,2.0,3.0,-1.0,40.0,33.3,6.7,66.7,26.0,8.0,24.0,17.0
2019-04-27,2018,Aves,Belenenses,3.0,0.0,H,O,1.85,3.3,4.5,D,8.0,3.0,6.0,2.0,16,1.0,1.0,3.0,1.0,3.0,6.0,-3.0,7.0,6.0,1.0,-4.0,0.0,-4.0,1.0,1.0,0.0,2.0,1.0,1.0,26.7,53.3,26.7,20.0,21.0,14.0,34.0,14.0
2019-04-26,2018,Rio Ave,Porto,2.0,2.0,D,O,9.5,5.25,1.28,A,4.0,4.0,3.0,4.0,16,1.0,4.0,3.0,0.0,4.0,11.0,-7.0,7.0,3.0,4.0,-3.0,8.0,-11.0,0.0,2.0,-2.0,1.0,0.0,1.0,33.3,33.3,73.3,6.7,16.0,21.0,28.0,28.0
2019-04-22,2018,Benfica,Maritimo,6.0,0.0,H,O,1.16,7.0,15.0,H,11.0,0.0,10.0,1.0,15,3.0,1.0,0.0,3.0,11.0,1.0,10.0,4.0,5.0,-1.0,7.0,-4.0,11.0,2.0,0.0,2.0,0.0,1.0,-1.0,78.6,7.1,26.7,66.7,25.0,11.0,21.0,13.0
2019-04-20,2018,Porto,Santa Clara,1.0,0.0,H,U,1.12,8.0,19.0,H,5.0,2.0,4.0,2.0,15,3.0,1.0,1.0,1.0,8.0,3.0,5.0,2.0,3.0,-1.0,6.0,0.0,6.0,3.0,0.0,3.0,0.0,0.0,0.0,85.7,14.3,35.7,35.7,28.0,8.0,30.0,7.0
2019-04-20,2018,Moreirense,Chaves,0.0,1.0,A,U,1.9,3.25,4.33,D,4.0,2.0,5.0,6.0,15,2.0,1.0,1.0,3.0,4.0,2.0,2.0,5.0,10.0,-5.0,-1.0,-8.0,7.0,1.0,0.0,1.0,1.0,2.0,-1.0,57.1,21.4,21.4,71.4,12.0,12.0,27.0,21.0
2019-04-20,2018,Feirense,Sp Braga,0.0,2.0,A,U,7.5,4.33,1.4,D,4.0,5.0,4.0,9.0,15,0.0,2.0,4.0,2.0,3.0,3.0,0.0,10.0,5.0,5.0,-7.0,-2.0,-5.0,0.0,0.0,0.0,2.0,1.0,1.0,7.1,57.1,50.0,28.6,9.0,12.0,16.0,19.0
2019-04-20,2018,Belenenses,Rio Ave,1.0,3.0,A,O,2.15,3.2,3.5,A,3.0,7.0,5.0,2.0,15,1.0,1.0,1.0,2.0,7.0,2.0,5.0,4.0,5.0,-1.0,3.0,-3.0,6.0,1.0,0.0,1.0,0.0,1.0,-1.0,35.7,28.6,28.6,50.0,13.0,10.0,17.0,21.0
2019-04-19,2018,Tondela,Boavista,1.0,0.0,H,U,2.15,3.1,3.6,H,4.0,4.0,4.0,7.0,15,2.0,0.0,1.0,3.0,5.0,2.0,3.0,6.0,8.0,-2.0,-1.0,-6.0,5.0,0.0,0.0,0.0,1.0,3.0,-2.0,35.7,42.9,7.1,64.3,18.0,10.0,19.0,13.0
2019-04-19,2018,Setubal,Portimonense,1.0,1.0,D,U,2.3,3.0,3.4,D,2.0,5.0,6.0,5.0,15,1.0,0.0,1.0,3.0,2.0,5.0,-3.0,2.0,10.0,-8.0,0.0,-5.0,5.0,0.0,0.0,0.0,0.0,2.0,-2.0,28.6,35.7,21.4,71.4,19.0,19.0,31.0,22.0
2019-04-19,2018,Nacional,Sp Lisbon,0.0,1.0,A,U,5.5,4.2,1.55,D,1.0,10.0,2.0,9.0,16,2.0,3.0,1.0,0.0,7.0,8.0,-1.0,3.0,3.0,0.0,4.0,5.0,-1.0,1.0,2.0,-1.0,0.0,0.0,0.0,33.3,46.7,50.0,28.6,22.0,24.0,34.0,27.0
2019-04-19,2018,Guimaraes,Aves,0.0,2.0,A,U,1.8,3.4,4.75,A,4.0,6.0,7.0,3.0,15,4.0,1.0,0.0,0.0,10.0,3.0,7.0,1.0,1.0,0.0,9.0,2.0,7.0,3.0,1.0,2.0,0.0,0.0,0.0,64.3,14.3,28.6,50.0,32.0,11.0,23.0,22.0
2019-04-14,2018,Sp Braga,Tondela,3.0,0.0,H,O,1.33,4.75,9.5,H,8.0,0.0,5.0,2.0,15,2.0,0.0,2.0,3.0,5.0,2.0,3.0,6.0,6.0,0.0,-1.0,-4.0,3.0,0.0,0.0,0.0,1.0,1.0,0.0,78.6,14.3,14.3,57.1,20.0,10.0,29.0,25.0
2019-04-14,2018,Rio Ave,Guimaraes,2.0,1.0,H,O,2.87,3.25,2.45,H,7.0,7.0,8.0,3.0,15,0.0,0.0,3.0,3.0,4.0,1.0,3.0,8.0,4.0,4.0,-4.0,-3.0,-1.0,0.0,0.0,0.0,1.0,0.0,1.0,28.6,35.7,28.6,50.0,13.0,14.0,25.0,22.0
2019-04-14,2018,Maritimo,Feirense,2.0,0.0,H,U,1.7,3.6,5.0,H,2.0,2.0,2.0,5.0,14,2.0,0.0,1.0,3.0,6.0,1.0,5.0,5.0,11.0,-6.0,1.0,-10.0,11.0,0.0,0.0,0.0,0.0,3.0,-3.0,38.5,46.2,7.1,64.3,11.0,7.0,15.0,16.0
2019-04-14,2018,Boavista,Nacional,1.0,0.0,H,U,1.9,3.25,4.33,H,6.0,0.0,9.0,10.0,15,3.0,0.0,1.0,4.0,5.0,3.0,2.0,2.0,20.0,-18.0,3.0,-17.0,20.0,1.0,0.0,1.0,0.0,3.0,-3.0,50.0,42.9,15.4,61.5,12.0,16.0,22.0,20.0
2019-04-14,2018,Benfica,Setubal,4.0,2.0,H,O,1.2,7.0,11.0,H,8.0,4.0,4.0,5.0,14,3.0,1.0,0.0,1.0,17.0,2.0,15.0,2.0,3.0,-1.0,15.0,-1.0,16.0,2.0,0.0,2.0,0.0,1.0,-1.0,76.9,7.7,21.4,42.9,31.0,6.0,25.0,15.0
2019-04-13,2018,Santa Clara,Moreirense,1.0,1.0,D,U,2.7,3.2,2.62,D,6.0,5.0,6.0,4.0,15,3.0,3.0,0.0,1.0,5.0,8.0,-3.0,1.0,4.0,-3.0,4.0,4.0,0.0,1.0,2.0,-1.0,0.0,0.0,0.0,35.7,50.0,50.0,50.0,20.0,19.0,27.0,22.0
2019-04-13,2018,Portimonense,Porto,0.0,3.0,A,O,7.5,4.0,1.45,A,1.0,5.0,3.0,7.0,15,1.0,3.0,2.0,0.0,6.0,9.0,-3.0,5.0,4.0,1.0,1.0,5.0,-4.0,1.0,1.0,0.0,1.0,0.0,1.0,42.9,28.6,71.4,7.1,29.0,19.0,25.0,29.0
2019-04-13,2018,Aves,Sp Lisbon,1.0,3.0,A,O,5.0,3.8,1.66,A,5.0,8.0,11.0,3.0,15,1.0,3.0,3.0,0.0,2.0,8.0,-6.0,6.0,3.0,3.0,-4.0,5.0,-9.0,1.0,2.0,-1.0,2.0,0.0,2.0,28.6,50.0,46.2,30.8,16.0,21.0,26.0,30.0
2019-04-12,2018,Chaves,Belenenses,2.0,2.0,D,O,2.05,3.2,4.0,D,3.0,4.0,4.0,4.0,15,0.0,1.0,1.0,1.0,3.0,4.0,-1.0,5.0,4.0,1.0,-2.0,0.0,-2.0,0.0,1.0,-1.0,1.0,1.0,0.0,21.4,42.9,28.6,21.4,12.0,12.0,36.0,12.0
2019-04-08,2018,Tondela,Portimonense,3.0,2.0,H,O,2.55,3.25,2.75,A,8.0,5.0,7.0,8.0,14,1.0,0.0,2.0,3.0,2.0,4.0,-2.0,6.0,9.0,-3.0,-4.0,-5.0,1.0,0.0,0.0,0.0,2.0,2.0,0.0,30.8,46.2,23.1,69.2,13.0,20.0,18.0,20.0
2019-04-07,2018,Sp Lisbon,Rio Ave,3.0,0.0,H,O,1.33,5.0,8.5,H,5.0,3.0,7.0,4.0,15,3.0,2.0,1.0,1.0,9.0,3.0,6.0,5.0,2.0,3.0,4.0,1.0,3.0,2.0,0.0,2.0,1.0,0.0,1.0,85.7,7.1,30.8,46.2,25.0,10.0,32.0,21.0
2019-04-07,2018,Setubal,Maritimo,1.0,0.0,H,U,2.1,3.25,3.6,H,4.0,2.0,8.0,4.0,14,0.0,1.0,1.0,3.0,1.0,1.0,0.0,2.0,5.0,-3.0,-1.0,-4.0,3.0,0.0,0.0,0.0,0.0,1.0,-1.0,23.1,38.5,28.6,64.3,18.0,11.0,28.0,15.0
2019-04-07,2018,Feirense,Benfica,1.0,4.0,A,O,15.0,6.0,1.2,A,1.0,7.0,3.0,5.0,14,0.0,4.0,4.0,0.0,3.0,13.0,-10.0,9.0,3.0,6.0,-6.0,10.0,-16.0,0.0,3.0,-3.0,2.0,0.0,2.0,7.7,53.8,78.6,14.3,13.0,21.0,21.0,19.0
2019-04-06,2018,Nacional,Aves,0.0,0.0,D,U,2.87,3.1,2.55,D,5.0,2.0,11.0,5.0,15,2.0,2.0,1.0,0.0,7.0,4.0,3.0,3.0,1.0,2.0,4.0,3.0,1.0,1.0,1.0,0.0,0.0,0.0,0.0,35.7,50.0,30.8,53.8,18.0,13.0,31.0,25.0
2019-04-06,2018,Moreirense,Sp Braga,1.0,0.0,H,U,3.6,3.3,2.05,D,2.0,2.0,8.0,7.0,14,1.0,3.0,1.0,1.0,4.0,5.0,-1.0,6.0,4.0,2.0,-2.0,1.0,-3.0,1.0,1.0,0.0,1.0,1.0,0.0,53.8,23.1,53.8,23.1,12.0,15.0,23.0,17.0
2019-04-06,2018,Guimaraes,Chaves,4.0,0.0,H,O,1.61,3.6,6.0,H,6.0,6.0,4.0,9.0,14,3.0,2.0,0.0,2.0,6.0,3.0,3.0,1.0,6.0,-5.0,5.0,-3.0,8.0,2.0,0.0,2.0,0.0,1.0,-1.0,61.5,15.4,23.1,69.2,29.0,11.0,20.0,17.0
2019-04-06,2018,Belenenses,Santa Clara,1.0,1.0,D,U,2.1,3.1,3.8,D,2.0,1.0,1.0,2.0,14,1.0,1.0,2.0,2.0,6.0,2.0,4.0,4.0,3.0,1.0,2.0,-1.0,3.0,1.0,0.0,1.0,0.0,0.0,0.0,38.5,30.8,38.5,38.5,14.0,11.0,19.0,8.0
2019-04-05,2018,Porto,Boavista,2.0,0.0,H,U,1.14,8.0,15.0,H,7.0,1.0,8.0,0.0,14,3.0,0.0,1.0,3.0,9.0,3.0,6.0,2.0,11.0,-9.0,7.0,-8.0,15.0,3.0,0.0,3.0,0.0,3.0,-3.0,84.6,15.4,7.7,61.5,29.0,12.0,26.0,17.0
2019-04-01,2018,Feirense,Setubal,0.0,1.0,A,U,2.5,3.2,2.8,D,3.0,3.0,5.0,5.0,13,0.0,0.0,4.0,2.0,4.0,2.0,2.0,10.0,5.0,5.0,-6.0,-3.0,-3.0,0.0,0.0,0.0,2.0,1.0,1.0,8.3,50.0,15.4,46.2,13.0,4.0,17.0,19.0
2019-03-31,2018,Rio Ave,Aves,0.0,2.0,A,U,2.15,3.25,3.4,A,3.0,5.0,12.0,7.0,14,0.0,2.0,2.0,0.0,4.0,4.0,0.0,6.0,1.0,5.0,-2.0,3.0,-5.0,0.0,1.0,-1.0,0.0,0.0,0.0,30.8,30.8,25.0,58.3,12.0,16.0,24.0,25.0
2019-03-31,2018,Maritimo,Nacional,3.0,2.0,H,O,1.95,3.3,4.0,H,5.0,6.0,6.0,8.0,13,1.0,0.0,2.0,4.0,3.0,2.0,1.0,5.0,19.0,-14.0,-2.0,-17.0,15.0,0.0,0.0,0.0,1.0,3.0,-2.0,33.3,50.0,16.7,58.3,8.0,13.0,12.0,17.0
2019-03-31,2018,Boavista,Belenenses,2.0,0.0,H,U,2.5,3.2,2.87,D,4.0,3.0,6.0,6.0,14,3.0,1.0,1.0,1.0,5.0,4.0,1.0,2.0,5.0,-3.0,3.0,-1.0,4.0,1.0,1.0,0.0,0.0,1.0,-1.0,46.2,46.2,30.8,15.4,15.0,11.0,20.0,8.0
2019-03-30,2018,Sp Braga,Porto,2.0,3.0,A,O,4.0,3.4,1.9,D,3.0,6.0,4.0,5.0,14,3.0,2.0,1.0,0.0,4.0,6.0,-2.0,3.0,2.0,1.0,1.0,4.0,-3.0,0.0,1.0,-1.0,1.0,0.0,1.0,84.6,7.7,69.2,7.7,19.0,19.0,30.0,33.0
2019-03-30,2018,Santa Clara,Guimaraes,1.0,0.0,H,U,3.1,3.25,2.3,H,4.0,2.0,4.0,4.0,14,2.0,1.0,1.0,2.0,4.0,3.0,1.0,2.0,4.0,-2.0,2.0,-1.0,3.0,1.0,0.0,1.0,0.0,0.0,0.0,30.8,53.8,30.8,46.2,17.0,18.0,34.0,29.0
2019-03-30,2018,Chaves,Sp Lisbon,1.0,3.0,A,O,4.5,3.4,1.83,A,2.0,7.0,6.0,6.0,14,1.0,2.0,0.0,0.0,3.0,6.0,-3.0,2.0,3.0,-1.0,1.0,3.0,-2.0,0.0,1.0,-1.0,0.0,0.0,0.0,23.1,38.5,41.7,33.3,13.0,23.0,37.0,33.0
2019-03-30,2018,Benfica,Tondela,1.0,0.0,H,U,1.14,7.5,17.0,D,4.0,4.0,5.0,3.0,13,3.0,0.0,0.0,2.0,21.0,4.0,17.0,3.0,7.0,-4.0,18.0,-3.0,21.0,3.0,0.0,3.0,0.0,1.0,-1.0,75.0,8.3,15.4,53.8,36.0,10.0,36.0,29.0
2019-03-29,2018,Portimonense,Moreirense,0.0,2.0,A,U,2.0,3.4,3.75,A,8.0,5.0,9.0,6.0,14,1.0,2.0,2.0,2.0,6.0,7.0,-1.0,4.0,6.0,-2.0,2.0,1.0,1.0,1.0,1.0,0.0,0.0,0.0,0.0,46.2,23.1,46.2,53.8,25.0,16.0,24.0,20.0
2019-03-17,2018,Tondela,Feirense,1.0,1.0,D,U,1.85,3.5,4.2,A,3.0,4.0,1.0,6.0,13,2.0,0.0,2.0,3.0,3.0,0.0,3.0,6.0,10.0,-4.0,-3.0,-10.0,7.0,0.0,0.0,0.0,2.0,3.0,-1.0,33.3,50.0,7.7,69.2,15.0,6.0,21.0,12.0
2019-03-17,2018,Nacional,Rio Ave,0.0,1.0,A,U,2.7,3.1,2.75,A,5.0,2.0,13.0,2.0,14,2.0,2.0,1.0,1.0,7.0,4.0,3.0,5.0,2.0,3.0,2.0,2.0,0.0,1.0,1.0,0.0,1.0,0.0,1.0,38.5,46.2,25.0,50.0,13.0,14.0,20.0,23.0
2019-03-17,2018,Moreirense,Benfica,0.0,4.0,A,O,7.0,4.0,1.5,A,3.0,4.0,4.0,6.0,13,2.0,4.0,0.0,0.0,6.0,10.0,-4.0,3.0,3.0,0.0,3.0,7.0,-4.0,1.0,2.0,-1.0,0.0,0.0,0.0,58.3,16.7,76.9,15.4,14.0,20.0,23.0,19.0
2019-03-17,2018,Aves,Chaves,0.0,1.0,A,U,2.05,3.25,3.75,A,5.0,2.0,11.0,7.0,14,2.0,1.0,2.0,2.0,4.0,2.0,2.0,6.0,6.0,0.0,-2.0,-4.0,2.0,1.0,0.0,1.0,2.0,1.0,1.0,30.8,46.2,16.7,75.0,15.0,12.0,24.0,18.0
2019-03-16,2018,Setubal,Sp Braga,0.0,1.0,A,U,4.75,3.4,1.8,A,8.0,6.0,11.0,4.0,13,0.0,3.0,0.0,1.0,2.0,7.0,-5.0,2.0,4.0,-2.0,0.0,3.0,-3.0,0.0,2.0,-2.0,0.0,1.0,-1.0,25.0,33.3,50.0,25.0,15.0,15.0,21.0,17.0
2019-03-16,2018,Porto,Maritimo,3.0,0.0,H,O,1.16,7.0,15.0,D,8.0,0.0,11.0,0.0,13,3.0,2.0,1.0,2.0,9.0,2.0,7.0,3.0,2.0,1.0,6.0,0.0,6.0,3.0,0.0,3.0,0.0,0.0,0.0,83.3,16.7,30.8,61.5,25.0,15.0,21.0,17.0
2019-03-16,2018,Guimaraes,Boavista,3.0,1.0,H,O,1.61,3.6,6.0,H,10.0,3.0,6.0,2.0,13,2.0,0.0,1.0,3.0,3.0,2.0,1.0,1.0,9.0,-8.0,2.0,-7.0,9.0,1.0,0.0,1.0,0.0,2.0,-2.0,58.3,16.7,8.3,58.3,21.0,12.0,20.0,19.0
2019-03-16,2018,Belenenses,Portimonense,2.0,2.0,D,O,2.37,3.2,3.0,A,4.0,6.0,7.0,4.0,13,1.0,1.0,2.0,3.0,6.0,4.0,2.0,4.0,7.0,-3.0,2.0,-3.0,5.0,1.0,1.0,0.0,0.0,2.0,-2.0,41.7,33.3,25.0,75.0,14.0,18.0,14.0,17.0
2019-03-15,2018,Sp Lisbon,Santa Clara,1.0,0.0,H,U,1.25,5.25,13.0,D,7.0,2.0,14.0,2.0,14,3.0,1.0,1.0,2.0,10.0,2.0,8.0,6.0,3.0,3.0,4.0,-1.0,5.0,2.0,0.0,2.0,1.0,0.0,1.0,84.6,7.7,41.7,33.3,22.0,11.0,20.0,10.0
2019-03-11,2018,Benfica,Belenenses,2.0,2.0,D,O,1.18,7.0,13.0,D,2.0,3.0,7.0,1.0,12,4.0,2.0,0.0,1.0,23.0,3.0,20.0,3.0,3.0,0.0,20.0,0.0,20.0,4.0,1.0,3.0,0.0,1.0,-1.0,81.8,9.1,33.3,16.7,40.0,12.0,34.0,13.0
2019-03-10,2018,Setubal,Tondela,0.0,0.0,D,U,2.0,3.2,4.0,D,2.0,0.0,7.0,6.0,12,0.0,0.0,0.0,2.0,2.0,6.0,-4.0,2.0,9.0,-7.0,0.0,-3.0,3.0,0.0,0.0,0.0,0.0,1.0,-1.0,27.3,36.4,16.7,58.3,14.0,13.0,18.0,27.0
2019-03-10,2018,Santa Clara,Aves,0.0,0.0,D,U,2.55,3.1,2.87,D,2.0,2.0,9.0,4.0,13,2.0,2.0,2.0,1.0,4.0,4.0,0.0,4.0,2.0,2.0,0.0,2.0,-2.0,1.0,1.0,0.0,1.0,0.0,1.0,33.3,58.3,27.3,63.6,20.0,18.0,27.0,23.0
2019-03-10,2018,Portimonense,Nacional,5.0,1.0,H,O,1.83,3.75,4.0,H,12.0,5.0,7.0,7.0,13,0.0,0.0,2.0,4.0,2.0,2.0,0.0,4.0,17.0,-13.0,-2.0,-15.0,13.0,0.0,0.0,0.0,0.0,3.0,-3.0,41.7,25.0,18.2,54.5,18.0,11.0,21.0,16.0
2019-03-10,2018,Feirense,Porto,1.0,2.0,A,O,13.0,6.5,1.2,A,1.0,5.0,3.0,10.0,12,0.0,2.0,3.0,0.0,5.0,8.0,-3.0,10.0,2.0,8.0,-5.0,6.0,-11.0,0.0,2.0,-2.0,2.0,0.0,2.0,9.1,45.5,66.7,8.3,16.0,20.0,22.0,29.0
2019-03-09,2018,Sp Braga,Guimaraes,1.0,0.0,H,U,1.61,3.6,5.75,H,6.0,3.0,5.0,8.0,13,3.0,1.0,1.0,2.0,4.0,3.0,1.0,3.0,4.0,-1.0,1.0,-1.0,2.0,0.0,0.0,0.0,1.0,0.0,1.0,83.3,8.3,33.3,41.7,18.0,17.0,31.0,26.0
2019-03-09,2018,Maritimo,Moreirense,3.0,2.0,H,O,2.6,3.0,2.9,A,4.0,5.0,4.0,4.0,12,1.0,2.0,2.0,2.0,2.0,5.0,-3.0,4.0,4.0,0.0,-2.0,1.0,-3.0,0.0,1.0,-1.0,1.0,0.0,1.0,27.3,54.5,50.0,50.0,8.0,11.0,10.0,22.0
2019-03-09,2018,Boavista,Sp Lisbon,1.0,2.0,A,O,6.5,3.6,1.6,D,2.0,4.0,7.0,11.0,13,3.0,1.0,1.0,1.0,4.0,5.0,-1.0,2.0,4.0,-2.0,2.0,1.0,1.0,1.0,1.0,0.0,1.0,0.0,1.0,50.0,41.7,36.4,36.4,14.0,26.0,19.0,33.0
2019-03-08,2018,Chaves,Rio Ave,1.0,1.0,D,U,2.3,3.1,3.25,A,5.0,1.0,11.0,5.0,13,1.0,2.0,1.0,2.0,3.0,5.0,-2.0,5.0,5.0,0.0,-2.0,0.0,-2.0,0.0,1.0,-1.0,1.0,1.0,0.0,25.0,41.7,27.3,54.5,11.0,18.0,31.0,22.0
2019-03-04,2018,Guimaraes,Maritimo,1.0,0.0,H,U,1.8,3.25,4.75,D,7.0,4.0,11.0,6.0,12,2.0,3.0,1.0,1.0,3.0,3.0,0.0,1.0,1.0,0.0,2.0,2.0,0.0,1.0,0.0,1.0,0.0,0.0,0.0,54.5,18.2,33.3,58.3,17.0,14.0,15.0,14.0
2019-03-03,2018,Sp Lisbon,Portimonense,3.0,1.0,H,O,1.36,5.0,7.5,H,5.0,7.0,8.0,7.0,13,2.0,1.0,1.0,3.0,7.0,4.0,3.0,5.0,6.0,-1.0,2.0,-2.0,4.0,1.0,1.0,0.0,1.0,1.0,0.0,83.3,8.3,27.3,72.7,20.0,19.0,19.0,15.0
2019-03-03,2018,Rio Ave,Sp Braga,1.0,2.0,A,O,4.0,3.4,1.9,D,2.0,3.0,1.0,6.0,13,0.0,2.0,1.0,1.0,4.0,6.0,-2.0,5.0,4.0,1.0,-1.0,2.0,-3.0,0.0,2.0,-2.0,0.0,1.0,-1.0,33.3,25.0,45.5,27.3,16.0,18.0,24.0,20.0
2019-03-03,2018,Chaves,Santa Clara,0.0,0.0,D,U,2.1,3.1,3.8,D,2.0,1.0,9.0,3.0,12,2.0,1.0,1.0,2.0,5.0,4.0,1.0,6.0,5.0,1.0,-1.0,-1.0,0.0,0.0,0.0,0.0,1.0,0.0,1.0,27.3,45.5,45.5,36.4,12.0,13.0,26.0,13.0
2019-03-03,2018,Belenenses,Feirense,4.0,0.0,H,O,1.72,3.5,5.0,H,6.0,2.0,3.0,1.0,12,1.0,0.0,2.0,2.0,3.0,1.0,2.0,4.0,7.0,-3.0,-1.0,-6.0,5.0,0.0,0.0,0.0,0.0,2.0,-2.0,36.4,36.4,8.3,66.7,12.0,7.0,12.0,12.0
2019-03-02,2018,Porto,Benfica,1.0,2.0,A,O,2.25,3.2,3.3,D,7.0,4.0,4.0,3.0,12,4.0,4.0,0.0,0.0,10.0,10.0,0.0,2.0,2.0,0.0,8.0,8.0,0.0,3.0,3.0,0.0,0.0,0.0,0.0,90.9,9.1,75.0,16.7,22.0,20.0,21.0,22.0
2019-03-02,2018,Nacional,Tondela,3.0,2.0,H,O,2.62,3.1,2.75,D,6.0,4.0,8.0,7.0,13,1.0,0.0,2.0,2.0,4.0,5.0,-1.0,4.0,8.0,-4.0,0.0,-3.0,3.0,1.0,0.0,1.0,1.0,1.0,0.0,33.3,50.0,18.2,54.5,11.0,12.0,17.0,28.0
2019-03-02,2018,Moreirense,Setubal,1.0,1.0,D,U,1.83,3.2,4.75,D,2.0,1.0,8.0,3.0,12,3.0,0.0,0.0,2.0,6.0,2.0,4.0,2.0,5.0,-3.0,4.0,-3.0,7.0,1.0,0.0,1.0,0.0,1.0,-1.0,63.6,18.2,16.7,50.0,21.0,11.0,20.0,25.0
2019-03-01,2018,Aves,Boavista,2.0,0.0,H,U,2.05,3.1,4.0,D,7.0,1.0,4.0,3.0,13,1.0,0.0,2.0,3.0,3.0,3.0,0.0,7.0,9.0,-2.0,-4.0,-6.0,2.0,0.0,0.0,0.0,2.0,1.0,1.0,25.0,50.0,9.1,54.5,15.0,15.0,26.0,18.0
2019-02-25,2018,Maritimo,Sp Lisbon,0.0,0.0,D,U,4.33,3.6,1.8,D,2.0,5.0,1.0,7.0,11,1.0,1.0,3.0,2.0,2.0,5.0,-3.0,5.0,5.0,0.0,-3.0,0.0,-3.0,0.0,1.0,-1.0,1.0,0.0,1.0,30.0,60.0,40.0,40.0,6.0,23.0,13.0,33.0
2019-02-25,2018,Benfica,Chaves,4.0,0.0,H,O,1.14,7.5,17.0,H,11.0,2.0,5.0,2.0,11,4.0,1.0,0.0,2.0,25.0,2.0,23.0,5.0,4.0,1.0,20.0,-2.0,22.0,4.0,0.0,4.0,0.0,1.0,-1.0,80.0,10.0,18.2,72.7,37.0,13.0,37.0,20.0
2019-02-24,2018,Santa Clara,Nacional,2.0,0.0,H,U,2.15,3.4,3.25,D,3.0,3.0,7.0,3.0,12,1.0,0.0,3.0,4.0,3.0,4.0,-1.0,6.0,20.0,-14.0,-3.0,-16.0,13.0,0.0,0.0,0.0,1.0,3.0,-2.0,27.3,63.6,20.0,50.0,21.0,13.0,24.0,20.0
2019-02-24,2018,Boavista,Rio Ave,1.0,0.0,H,U,2.2,3.1,3.5,H,5.0,4.0,4.0,10.0,12,2.0,2.0,2.0,2.0,3.0,6.0,-3.0,3.0,6.0,-3.0,0.0,0.0,0.0,1.0,1.0,0.0,1.0,1.0,0.0,45.5,45.5,30.0,50.0,13.0,18.0,23.0,14.0
2019-02-23,2018,Setubal,Guimaraes,1.0,1.0,D,U,3.6,3.0,2.2,A,5.0,6.0,5.0,7.0,11,0.0,1.0,1.0,3.0,1.0,2.0,-1.0,3.0,4.0,-1.0,-2.0,-2.0,0.0,0.0,0.0,0.0,1.0,0.0,1.0,30.0,40.0,36.4,45.5,14.0,13.0,18.0,22.0
2019-02-23,2018,Portimonense,Aves,1.0,1.0,D,U,1.9,3.4,4.0,A,5.0,2.0,5.0,6.0,12,1.0,2.0,2.0,2.0,3.0,5.0,-2.0,3.0,6.0,-3.0,0.0,-1.0,1.0,1.0,1.0,0.0,0.0,1.0,-1.0,45.5,27.3,30.0,70.0,18.0,20.0,19.0,22.0
2019-02-23,2018,Feirense,Moreirense,1.0,3.0,A,O,3.8,3.2,2.0,A,4.0,5.0,5.0,5.0,11,0.0,2.0,3.0,2.0,4.0,4.0,0.0,8.0,4.0,4.0,-4.0,0.0,-4.0,0.0,0.0,0.0,1.0,0.0,1.0,10.0,40.0,45.5,54.5,14.0,10.0,18.0,27.0
2019-02-22,2018,Tondela,Porto,0.0,3.0,A,O,7.5,3.75,1.5,A,2.0,5.0,3.0,6.0,12,3.0,1.0,1.0,0.0,5.0,5.0,0.0,4.0,2.0,2.0,1.0,3.0,-2.0,0.0,1.0,-1.0,1.0,0.0,1.0,36.4,45.5,63.6,9.1,19.0,16.0,24.0,26.0
2019-02-22,2018,Sp Braga,Belenenses,0.0,2.0,A,U,1.33,4.75,9.0,A,5.0,4.0,12.0,3.0,12,4.0,1.0,0.0,2.0,6.0,2.0,4.0,1.0,5.0,-4.0,5.0,-3.0,8.0,1.0,0.0,1.0,0.0,1.0,-1.0,90.9,0.0,27.3,18.2,18.0,12.0,25.0,11.0
2019-02-18,2018,Aves,Benfica,0.0,3.0,A,O,7.0,4.75,1.4,A,4.0,6.0,8.0,6.0,12,1.0,3.0,2.0,1.0,3.0,7.0,-4.0,5.0,4.0,1.0,-2.0,3.0,-5.0,0.0,2.0,-2.0,1.0,1.0,0.0,27.3,45.5,72.7,18.2,13.0,17.0,22.0,24.0
2019-02-17,2018,Sp Lisbon,Sp Braga,3.0,0.0,H,O,2.37,3.3,2.9,H,7.0,1.0,5.0,2.0,12,2.0,2.0,1.0,1.0,6.0,8.0,-2.0,6.0,7.0,-1.0,0.0,1.0,-1.0,0.0,2.0,-2.0,1.0,1.0,0.0,81.8,9.1,50.0,20.0,17.0,22.0,18.0,20.0
2019-02-17,2018,Moreirense,Tondela,2.0,0.0,H,U,1.85,3.4,4.33,H,5.0,2.0,7.0,9.0,11,3.0,1.0,0.0,1.0,6.0,7.0,-1.0,3.0,7.0,-4.0,3.0,0.0,3.0,0.0,0.0,0.0,0.0,0.0,0.0,60.0,20.0,20.0,50.0,22.0,14.0,20.0,20.0
2019-02-17,2018,Chaves,Boavista,1.0,1.0,D,U,2.1,3.2,3.6,H,3.0,5.0,10.0,8.0,11,2.0,0.0,1.0,3.0,4.0,2.0,2.0,5.0,8.0,-3.0,-1.0,-6.0,5.0,0.0,0.0,0.0,1.0,1.0,0.0,30.0,50.0,10.0,60.0,13.0,11.0,23.0,11.0
2019-02-17,2018,Belenenses,Maritimo,0.0,1.0,A,U,2.05,3.2,3.75,D,1.0,5.0,6.0,3.0,11,2.0,2.0,1.0,2.0,8.0,2.0,6.0,5.0,3.0,2.0,3.0,-1.0,4.0,1.0,0.0,1.0,0.0,1.0,-1.0,40.0,30.0,27.3,63.6,19.0,10.0,9.0,12.0
2019-02-16,2018,Porto,Setubal,2.0,0.0,H,U,1.14,7.5,17.0,H,6.0,0.0,7.0,2.0,11,4.0,0.0,0.0,2.0,12.0,2.0,10.0,3.0,4.0,-1.0,9.0,-2.0,11.0,3.0,0.0,3.0,0.0,0.0,0.0,90.0,10.0,18.2,45.5,25.0,18.0,22.0,30.0
2019-02-16,2018,Nacional,Feirense,4.0,0.0,H,O,2.05,3.25,3.75,H,6.0,0.0,2.0,5.0,12,1.0,0.0,2.0,1.0,1.0,1.0,0.0,4.0,3.0,1.0,-3.0,-2.0,-1.0,0.0,0.0,0.0,1.0,1.0,0.0,27.3,54.5,9.1,63.6,8.0,8.0,19.0,12.0
2019-02-16,2018,Guimaraes,Portimonense,2.0,0.0,H,U,1.72,3.6,4.75,H,9.0,1.0,2.0,3.0,11,2.0,2.0,1.0,2.0,2.0,5.0,-3.0,1.0,4.0,-3.0,1.0,1.0,0.0,0.0,1.0,-1.0,0.0,0.0,0.0,50.0,20.0,30.0,70.0,15.0,24.0,23.0,17.0
2019-02-15,2018,Rio Ave,Santa Clara,1.0,2.0,A,O,1.8,3.5,4.5,D,4.0,4.0,7.0,0.0,12,0.0,1.0,1.0,2.0,4.0,4.0,0.0,5.0,4.0,1.0,-1.0,0.0,-1.0,0.0,1.0,-1.0,0.0,0.0,0.0,36.4,18.2,40.0,40.0,15.0,12.0,22.0,15.0
2019-02-11,2018,Setubal,Belenenses,0.0,0.0,D,U,2.1,3.2,3.6,D,3.0,2.0,5.0,2.0,10,0.0,1.0,2.0,2.0,1.0,4.0,-3.0,4.0,7.0,-3.0,-3.0,-3.0,0.0,0.0,0.0,0.0,1.0,1.0,0.0,33.3,44.4,30.0,20.0,14.0,14.0,16.0,15.0
2019-02-10,2018,Sp Braga,Chaves,2.0,1.0,H,O,1.33,4.75,11.0,D,6.0,2.0,8.0,3.0,11,4.0,1.0,0.0,2.0,8.0,1.0,7.0,0.0,3.0,-3.0,8.0,-2.0,10.0,2.0,0.0,2.0,0.0,1.0,-1.0,90.0,0.0,20.0,70.0,18.0,15.0,21.0,23.0
2019-02-10,2018,Feirense,Sp Lisbon,1.0,3.0,A,O,8.5,3.8,1.44,A,5.0,5.0,8.0,6.0,10,0.0,1.0,2.0,2.0,4.0,5.0,-1.0,6.0,5.0,1.0,-2.0,0.0,-2.0,0.0,1.0,-1.0,0.0,0.0,0.0,11.1,33.3,33.3,44.4,14.0,24.0,13.0,38.0
2019-02-10,2018,Boavista,Santa Clara,1.0,0.0,H,U,2.15,3.0,3.8,D,1.0,4.0,5.0,3.0,11,2.0,2.0,2.0,1.0,3.0,5.0,-2.0,3.0,3.0,0.0,0.0,2.0,-2.0,1.0,1.0,0.0,1.0,0.0,1.0,40.0,50.0,44.4,33.3,15.0,11.0,22.0,18.0
2019-02-10,2018,Benfica,Nacional,10.0,0.0,H,O,1.14,7.5,17.0,H,14.0,2.0,8.0,2.0,10,4.0,1.0,0.0,3.0,19.0,7.0,12.0,5.0,12.0,-7.0,14.0,-5.0,19.0,4.0,0.0,4.0,0.0,2.0,-2.0,77.8,11.1,22.2,44.4,30.0,18.0,36.0,22.0
2019-02-09,2018,Tondela,Guimaraes,1.0,0.0,H,U,3.2,3.1,2.3,D,5.0,3.0,8.0,3.0,11,2.0,1.0,2.0,2.0,4.0,3.0,1.0,5.0,4.0,1.0,-1.0,-1.0,0.0,0.0,0.0,0.0,1.0,0.0,1.0,30.0,50.0,40.0,40.0,17.0,16.0,22.0,24.0
2019-02-09,2018,Portimonense,Rio Ave,0.0,1.0,A,U,2.1,3.3,3.5,A,4.0,3.0,4.0,4.0,11,2.0,1.0,1.0,3.0,6.0,7.0,-1.0,3.0,9.0,-6.0,3.0,-2.0,5.0,2.0,1.0,1.0,0.0,1.0,-1.0,50.0,20.0,22.2,55.6,21.0,18.0,20.0,17.0
2019-02-09,2018,Maritimo,Aves,0.0,1.0,A,U,2.3,3.1,3.3,A,0.0,4.0,4.0,8.0,10,1.0,1.0,3.0,3.0,2.0,5.0,-3.0,5.0,10.0,-5.0,-3.0,-5.0,2.0,0.0,1.0,-1.0,1.0,2.0,-1.0,33.3,55.6,22.2,77.8,9.0,20.0,13.0,20.0
2019-02-08,2018,Moreirense,Porto,1.0,1.0,D,U,7.5,4.0,1.5,D,2.0,3.0,4.0,8.0,10,3.0,2.0,1.0,0.0,5.0,5.0,0.0,3.0,1.0,2.0,2.0,4.0,-2.0,0.0,1.0,-1.0,0.0,0.0,0.0,66.7,22.2,70.0,10.0,23.0,17.0,25.0,22.0
2019-02-04,2018,Belenenses,Moreirense,0.0,1.0,A,U,2.5,3.1,2.9,D,3.0,4.0,3.0,7.0,10,3.0,2.0,0.0,2.0,9.0,5.0,4.0,4.0,5.0,-1.0,5.0,0.0,5.0,1.0,0.0,1.0,0.0,0.0,0.0,44.4,22.2,40.0,60.0,20.0,11.0,11.0,26.0
2019-02-03,2018,Sp Lisbon,Benfica,2.0,4.0,A,O,3.1,3.1,2.37,A,6.0,7.0,5.0,4.0,11,3.0,3.0,0.0,1.0,9.0,4.0,5.0,4.0,2.0,2.0,5.0,2.0,3.0,1.0,1.0,0.0,0.0,1.0,-1.0,90.0,0.0,70.0,20.0,20.0,15.0,19.0,27.0
2019-02-03,2018,Santa Clara,Portimonense,2.0,1.0,H,O,2.55,3.2,2.8,D,11.0,6.0,7.0,6.0,11,0.0,2.0,4.0,2.0,2.0,5.0,-3.0,7.0,6.0,1.0,-5.0,-1.0,-4.0,0.0,1.0,-1.0,1.0,1.0,0.0,20.0,70.0,33.3,66.7,13.0,22.0,23.0,11.0
2019-02-03,2018,Nacional,Setubal,0.0,0.0,D,U,2.37,3.2,3.0,D,1.0,2.0,8.0,5.0,11,2.0,0.0,2.0,3.0,3.0,3.0,0.0,4.0,7.0,-3.0,-1.0,-4.0,3.0,1.0,0.0,1.0,1.0,1.0,0.0,30.0,60.0,20.0,50.0,10.0,23.0,18.0,30.0
2019-02-03,2018,Guimaraes,Porto,0.0,0.0,D,U,6.0,3.75,1.57,D,3.0,6.0,1.0,9.0,10,3.0,3.0,1.0,0.0,5.0,7.0,-2.0,3.0,2.0,1.0,2.0,5.0,-3.0,0.0,1.0,-1.0,0.0,0.0,0.0,55.6,22.2,77.8,11.1,19.0,19.0,25.0,21.0
2019-02-02,2018,Chaves,Maritimo,1.0,0.0,H,U,2.2,3.1,3.5,D,3.0,2.0,7.0,6.0,10,1.0,2.0,2.0,2.0,4.0,3.0,1.0,7.0,4.0,3.0,-3.0,-1.0,-2.0,0.0,0.0,0.0,1.0,1.0,0.0,22.2,55.6,30.0,60.0,11.0,10.0,18.0,9.0
2019-02-02,2018,Boavista,Feirense,2.0,0.0,H,U,1.95,3.1,4.33,D,7.0,1.0,4.0,4.0,10,2.0,0.0,2.0,1.0,3.0,1.0,2.0,3.0,5.0,-2.0,0.0,-4.0,4.0,1.0,0.0,1.0,1.0,1.0,0.0,33.3,55.6,10.0,60.0,14.0,8.0,23.0,12.0
2019-02-02,2018,Aves,Sp Braga,0.0,2.0,A,U,5.25,3.6,1.66,D,0.0,5.0,3.0,5.0,11,1.0,2.0,1.0,1.0,4.0,7.0,-3.0,4.0,7.0,-3.0,0.0,0.0,0.0,0.0,1.0,-1.0,0.0,1.0,-1.0,30.0,40.0,44.4,22.2,18.0,20.0,29.0,17.0
2019-02-01,2018,Rio Ave,Tondela,2.0,2.0,D,O,2.0,3.4,3.75,D,4.0,4.0,5.0,7.0,11,0.0,1.0,1.0,2.0,4.0,5.0,-1.0,5.0,7.0,-2.0,-1.0,-2.0,1.0,0.0,0.0,0.0,0.0,1.0,-1.0,40.0,20.0,22.2,55.6,12.0,13.0,23.0,23.0
2019-01-30,2018,Setubal,Sp Lisbon,1.0,1.0,D,U,5.25,4.0,1.61,H,5.0,9.0,4.0,9.0,9,1.0,2.0,2.0,2.0,2.0,6.0,-4.0,4.0,5.0,-1.0,-2.0,1.0,-3.0,0.0,1.0,-1.0,1.0,0.0,1.0,37.5,50.0,37.5,50.0,11.0,22.0,19.0,36.0
2019-01-30,2018,Porto,Belenenses,3.0,0.0,H,O,1.16,7.5,13.0,H,8.0,2.0,4.0,2.0,10,4.0,2.0,0.0,1.0,10.0,7.0,3.0,3.0,6.0,-3.0,7.0,1.0,6.0,2.0,0.0,2.0,0.0,0.0,0.0,88.9,11.1,33.3,11.1,20.0,18.0,27.0,20.0
2019-01-29,2018,Sp Braga,Santa Clara,1.0,0.0,H,U,1.25,5.5,12.0,D,2.0,2.0,5.0,4.0,10,4.0,2.0,0.0,1.0,9.0,5.0,4.0,0.0,4.0,-4.0,9.0,1.0,8.0,3.0,1.0,2.0,0.0,1.0,-1.0,88.9,0.0,50.0,25.0,21.0,10.0,18.0,17.0
2019-01-29,2018,Portimonense,Chaves,0.0,1.0,A,U,1.75,3.8,4.33,A,4.0,5.0,8.0,5.0,10,3.0,0.0,0.0,3.0,9.0,1.0,8.0,4.0,5.0,-1.0,5.0,-4.0,9.0,2.0,0.0,2.0,0.0,1.0,-1.0,55.6,11.1,11.1,77.8,23.0,11.0,20.0,20.0
2019-01-29,2018,Benfica,Boavista,5.0,1.0,H,O,1.16,7.0,15.0,H,9.0,3.0,16.0,4.0,9,3.0,0.0,1.0,2.0,15.0,1.0,14.0,7.0,3.0,4.0,8.0,-2.0,10.0,3.0,0.0,3.0,1.0,0.0,1.0,75.0,12.5,11.1,55.6,29.0,11.0,28.0,9.0
2019-01-28,2018,Tondela,Aves,0.0,2.0,A,U,1.95,3.2,4.2,D,3.0,8.0,6.0,7.0,10,2.0,1.0,2.0,3.0,5.0,5.0,0.0,6.0,11.0,-5.0,-1.0,-6.0,5.0,0.0,0.0,0.0,1.0,2.0,-1.0,33.3,44.4,12.5,87.5,18.0,17.0,18.0,17.0
2019-01-28,2018,Moreirense,Nacional,2.0,1.0,H,O,1.95,3.3,4.0,H,5.0,3.0,4.0,5.0,9,3.0,1.0,1.0,2.0,5.0,9.0,-4.0,2.0,13.0,-11.0,3.0,-4.0,7.0,1.0,0.0,1.0,0.0,2.0,-2.0,62.5,25.0,25.0,37.5,22.0,21.0,29.0,20.0
2019-01-28,2018,Maritimo,Rio Ave,0.0,2.0,A,U,2.45,3.1,3.0,D,2.0,6.0,3.0,4.0,9,1.0,0.0,3.0,4.0,2.0,6.0,-4.0,5.0,11.0,-6.0,-3.0,-5.0,2.0,0.0,0.0,0.0,1.0,1.0,0.0,37.5,50.0,12.5,62.5,9.0,17.0,14.0,17.0
2019-01-28,2018,Feirense,Guimaraes,1.0,2.0,A,O,4.0,3.2,2.05,A,3.0,6.0,1.0,11.0,9,0.0,1.0,2.0,2.0,5.0,2.0,3.0,8.0,3.0,5.0,-3.0,-1.0,-2.0,0.0,0.0,0.0,1.0,0.0,1.0,12.5,25.0,33.3,44.4,16.0,17.0,19.0,17.0
2019-01-20,2018,Rio Ave,Feirense,0.0,0.0,D,U,1.66,3.75,5.0,D,2.0,3.0,11.0,2.0,10,0.0,0.0,2.0,2.0,5.0,1.0,4.0,8.0,9.0,-1.0,-3.0,-8.0,5.0,0.0,0.0,0.0,1.0,2.0,-1.0,44.4,22.2,11.1,66.7,14.0,6.0,18.0,10.0
2019-01-20,2018,Boavista,Portimonense,0.0,2.0,A,U,2.4,3.0,3.2,A,1.0,4.0,6.0,1.0,9,2.0,1.0,2.0,3.0,3.0,3.0,0.0,2.0,8.0,-6.0,1.0,-5.0,6.0,1.0,0.0,1.0,0.0,2.0,-2.0,37.5,50.0,25.0,75.0,15.0,22.0,18.0,16.0
2019-01-20,2018,Aves,Setubal,2.0,1.0,H,O,2.4,3.3,2.87,H,4.0,1.0,9.0,9.0,10,0.0,1.0,2.0,2.0,4.0,3.0,1.0,6.0,5.0,1.0,-2.0,-2.0,0.0,0.0,0.0,0.0,0.0,1.0,-1.0,22.2,44.4,22.2,44.4,19.0,26.0,29.0,27.0
2019-01-19,2018,Sp Lisbon,Moreirense,2.0,1.0,H,O,1.4,4.5,8.0,H,4.0,2.0,2.0,4.0,10,3.0,2.0,0.0,2.0,11.0,4.0,7.0,4.0,5.0,-1.0,7.0,-1.0,8.0,2.0,0.0,2.0,0.0,1.0,-1.0,88.9,0.0,44.4,55.6,21.0,11.0,20.0,27.0
2019-01-19,2018,Santa Clara,Maritimo,0.0,1.0,A,U,2.37,3.1,3.1,A,1.0,4.0,11.0,2.0,10,0.0,1.0,4.0,2.0,4.0,3.0,1.0,9.0,5.0,4.0,-5.0,-2.0,-3.0,0.0,0.0,0.0,1.0,1.0,0.0,22.2,66.7,22.2,66.7,16.0,10.0,17.0,12.0
2019-01-19,2018,Belenenses,Tondela,2.0,2.0,D,O,2.1,3.1,3.75,A,4.0,3.0,2.0,4.0,9,3.0,1.0,0.0,3.0,7.0,5.0,2.0,2.0,8.0,-6.0,5.0,-3.0,8.0,1.0,0.0,1.0,0.0,1.0,-1.0,50.0,25.0,25.0,62.5,18.0,15.0,13.0,28.0
2019-01-18,2018,Nacional,Sp Braga,0.0,3.0,A,O,4.75,3.75,1.72,D,0.0,6.0,2.0,4.0,10,2.0,1.0,1.0,2.0,3.0,4.0,-1.0,1.0,8.0,-7.0,2.0,-4.0,6.0,1.0,0.0,1.0,0.0,1.0,-1.0,33.3,55.6,37.5,25.0,17.0,16.0,32.0,18.0
2019-01-18,2018,Guimaraes,Benfica,0.0,1.0,A,U,4.5,3.5,1.8,D,2.0,3.0,6.0,6.0,9,4.0,3.0,0.0,1.0,7.0,4.0,3.0,2.0,2.0,0.0,5.0,2.0,3.0,1.0,1.0,0.0,0.0,1.0,-1.0,62.5,12.5,66.7,22.2,23.0,15.0,29.0,26.0
2019-01-18,2018,Chaves,Porto,1.0,4.0,A,O,9.0,4.5,1.36,A,3.0,6.0,5.0,6.0,9,1.0,3.0,2.0,0.0,3.0,4.0,-1.0,4.0,1.0,3.0,-1.0,3.0,-4.0,0.0,0.0,0.0,0.0,0.0,0.0,25.0,50.0,75.0,12.5,16.0,19.0,20.0,23.0
2019-01-13,2018,Rio Ave,Setubal,1.0,1.0,D,U,1.95,3.3,4.0,H,6.0,8.0,1.0,9.0,9,0.0,1.0,2.0,3.0,7.0,3.0,4.0,10.0,6.0,4.0,-3.0,-3.0,0.0,0.0,0.0,0.0,1.0,1.0,0.0,50.0,25.0,25.0,50.0,13.0,23.0,20.0,23.0
2019-01-13,2018,Nacional,Belenenses,0.0,1.0,A,U,2.3,3.1,3.25,D,4.0,4.0,5.0,6.0,9,3.0,1.0,0.0,1.0,4.0,7.0,-3.0,0.0,7.0,-7.0,4.0,0.0,4.0,1.0,0.0,1.0,0.0,0.0,0.0,37.5,50.0,25.0,12.5,16.0,15.0,27.0,20.0
2019-01-13,2018,Chaves,Tondela,2.0,1.0,H,O,2.15,3.0,3.8,H,3.0,3.0,4.0,8.0,8,0.0,2.0,3.0,2.0,2.0,8.0,-6.0,5.0,8.0,-3.0,-3.0,0.0,-3.0,0.0,1.0,-1.0,0.0,1.0,-1.0,14.3,57.1,28.6,57.1,15.0,19.0,22.0,25.0
2019-01-12,2018,Sp Lisbon,Porto,0.0,0.0,D,U,3.3,3.2,2.25,D,3.0,1.0,7.0,3.0,9,4.0,4.0,0.0,0.0,13.0,6.0,7.0,5.0,1.0,4.0,8.0,5.0,3.0,2.0,1.0,1.0,0.0,0.0,0.0,100.0,0.0,85.7,14.3,23.0,22.0,23.0,31.0
2019-01-12,2018,Boavista,Maritimo,0.0,1.0,A,U,2.05,3.0,4.2,D,4.0,3.0,8.0,3.0,8,2.0,0.0,1.0,3.0,3.0,2.0,1.0,1.0,6.0,-5.0,2.0,-4.0,6.0,1.0,0.0,1.0,0.0,1.0,-1.0,42.9,42.9,12.5,75.0,14.0,9.0,17.0,12.0
2019-01-11,2018,Santa Clara,Benfica,0.0,2.0,A,U,8.0,4.75,1.36,A,5.0,4.0,2.0,6.0,9,0.0,3.0,4.0,1.0,5.0,5.0,0.0,9.0,3.0,6.0,-4.0,2.0,-6.0,0.0,1.0,-1.0,0.0,1.0,-1.0,25.0,62.5,62.5,25.0,12.0,16.0,18.0,27.0
2019-01-11,2018,Guimaraes,Moreirense,1.0,0.0,H,U,1.85,3.4,4.33,D,3.0,0.0,6.0,6.0,8,3.0,3.0,0.0,1.0,7.0,7.0,0.0,3.0,5.0,-2.0,4.0,2.0,2.0,1.0,1.0,0.0,0.0,1.0,-1.0,57.1,14.3,50.0,50.0,24.0,15.0,30.0,23.0
2019-01-11,2018,Aves,Feirense,1.0,1.0,D,U,1.83,3.4,4.5,H,7.0,3.0,6.0,1.0,9,1.0,0.0,2.0,3.0,5.0,1.0,4.0,6.0,10.0,-4.0,-1.0,-9.0,8.0,0.0,0.0,0.0,0.0,2.0,-2.0,25.0,50.0,12.5,75.0,20.0,4.0,36.0,12.0
2019-01-10,2018,Portimonense,Sp Braga,1.0,1.0,D,U,4.0,3.6,1.83,H,5.0,6.0,4.0,9.0,9,3.0,1.0,0.0,2.0,9.0,4.0,5.0,4.0,8.0,-4.0,5.0,-4.0,9.0,2.0,0.0,2.0,0.0,1.0,-1.0,62.5,12.5,42.9,28.6,21.0,11.0,17.0,13.0
2019-01-07,2018,Tondela,Sp Lisbon,2.0,1.0,H,O,6.0,3.8,1.57,H,5.0,7.0,4.0,11.0,9,1.0,2.0,3.0,2.0,4.0,7.0,-3.0,7.0,7.0,0.0,-3.0,0.0,-3.0,0.0,1.0,-1.0,1.0,1.0,0.0,25.0,50.0,42.9,42.9,19.0,20.0,21.0,30.0
2019-01-07,2018,Porto,Nacional,3.0,1.0,H,O,1.14,7.5,17.0,H,4.0,3.0,6.0,6.0,9,4.0,1.0,0.0,1.0,9.0,9.0,0.0,2.0,11.0,-9.0,7.0,-2.0,9.0,2.0,0.0,2.0,0.0,1.0,-1.0,87.5,12.5,28.6,28.6,23.0,22.0,25.0,21.0
2019-01-07,2018,Moreirense,Aves,1.0,0.0,H,U,1.95,3.3,4.0,D,9.0,4.0,5.0,2.0,8,3.0,1.0,1.0,3.0,5.0,5.0,0.0,2.0,11.0,-9.0,3.0,-6.0,9.0,1.0,0.0,1.0,0.0,2.0,-2.0,57.1,28.6,14.3,85.7,18.0,15.0,28.0,19.0
2019-01-06,2018,Sp Braga,Boavista,1.0,0.0,H,U,1.22,5.5,15.0,H,5.0,3.0,6.0,4.0,9,4.0,0.0,0.0,2.0,10.0,1.0,9.0,1.0,5.0,-4.0,9.0,-4.0,13.0,3.0,0.0,3.0,0.0,1.0,-1.0,87.5,0.0,12.5,50.0,19.0,9.0,14.0,9.0
2019-01-06,2018,Setubal,Chaves,0.0,0.0,D,U,2.0,3.2,4.0,D,1.0,3.0,4.0,8.0,8,2.0,0.0,2.0,4.0,5.0,1.0,4.0,4.0,6.0,-2.0,1.0,-5.0,6.0,1.0,0.0,1.0,1.0,1.0,0.0,42.9,57.1,12.5,87.5,15.0,10.0,18.0,20.0
2019-01-06,2018,Feirense,Santa Clara,2.0,2.0,D,O,2.3,3.1,3.2,A,4.0,3.0,8.0,6.0,8,0.0,3.0,2.0,1.0,3.0,5.0,-2.0,6.0,3.0,3.0,-3.0,2.0,-5.0,0.0,1.0,-1.0,1.0,1.0,0.0,14.3,28.6,57.1,28.6,13.0,11.0,21.0,20.0
2019-01-06,2018,Benfica,Rio Ave,4.0,2.0,H,O,1.22,6.0,12.0,D,6.0,5.0,5.0,4.0,8,3.0,0.0,1.0,3.0,12.0,5.0,7.0,5.0,8.0,-3.0,7.0,-3.0,10.0,2.0,0.0,2.0,1.0,0.0,1.0,71.4,14.3,14.3,57.1,25.0,15.0,25.0,20.0
2019-01-06,2018,Belenenses,Guimaraes,1.0,0.0,H,U,2.87,3.2,2.55,H,4.0,2.0,1.0,5.0,8,3.0,1.0,0.0,1.0,8.0,2.0,6.0,2.0,2.0,0.0,6.0,0.0,6.0,2.0,0.0,2.0,0.0,0.0,0.0,42.9,28.6,37.5,37.5,20.0,19.0,17.0,23.0
2019-01-05,2018,Maritimo,Portimonense,2.0,1.0,H,O,2.62,3.1,2.75,H,4.0,8.0,2.0,5.0,8,0.0,2.0,4.0,2.0,1.0,3.0,-2.0,7.0,6.0,1.0,-6.0,-3.0,-3.0,0.0,0.0,0.0,2.0,2.0,0.0,28.6,57.1,28.6,71.4,10.0,16.0,19.0,12.0
2019-01-03,2018,Sp Lisbon,Belenenses,2.0,1.0,H,O,1.28,5.25,10.0,D,4.0,4.0,4.0,1.0,8,4.0,1.0,0.0,0.0,14.0,6.0,8.0,4.0,5.0,-1.0,10.0,1.0,9.0,3.0,0.0,3.0,0.0,0.0,0.0,100.0,0.0,28.6,0.0,28.0,12.0,28.0,21.0
2019-01-03,2018,Chaves,Feirense,0.0,0.0,D,U,2.04,3.2,3.75,D,4.0,1.0,7.0,5.0,7,0.0,0.0,3.0,4.0,4.0,1.0,3.0,7.0,12.0,-5.0,-3.0,-11.0,8.0,0.0,0.0,0.0,0.0,3.0,-3.0,16.7,66.7,14.3,85.7,16.0,6.0,18.0,13.0
2019-01-03,2018,Aves,Porto,0.0,1.0,A,U,9.5,5.25,1.3,A,2.0,4.0,4.0,4.0,8,1.0,3.0,2.0,1.0,6.0,5.0,1.0,7.0,2.0,5.0,-1.0,3.0,-4.0,0.0,1.0,-1.0,0.0,0.0,0.0,28.6,42.9,83.3,16.7,24.0,19.0,40.0,31.0
2019-01-02,2018,Sp Braga,Maritimo,2.0,0.0,H,U,1.28,5.25,10.0,H,5.0,1.0,6.0,1.0,8,3.0,0.0,0.0,3.0,9.0,2.0,7.0,2.0,5.0,-3.0,7.0,-3.0,10.0,2.0,0.0,2.0,0.0,0.0,0.0,85.7,0.0,14.3,71.4,19.0,10.0,12.0,15.0
2019-01-02,2018,Santa Clara,Tondela,1.0,2.0,A,O,2.1,3.4,3.4,D,4.0,4.0,4.0,1.0,8,1.0,1.0,3.0,3.0,5.0,6.0,-1.0,7.0,8.0,-1.0,-2.0,-2.0,0.0,0.0,1.0,-1.0,0.0,1.0,-1.0,28.6,57.1,16.7,66.7,12.0,15.0,21.0,26.0
2019-01-02,2018,Rio Ave,Moreirense,1.0,2.0,A,O,2.0,3.4,3.75,H,3.0,4.0,5.0,10.0,8,1.0,2.0,1.0,2.0,7.0,5.0,2.0,8.0,7.0,1.0,-1.0,-2.0,1.0,0.0,1.0,-1.0,1.0,2.0,-1.0,57.1,14.3,42.9,57.1,15.0,14.0,18.0,15.0
2019-01-02,2018,Portimonense,Benfica,2.0,0.0,H,U,6.0,4.0,1.53,H,5.0,3.0,3.0,8.0,8,3.0,3.0,0.0,1.0,11.0,5.0,6.0,6.0,3.0,3.0,5.0,2.0,3.0,2.0,1.0,1.0,0.0,1.0,-1.0,57.1,14.3,71.4,14.3,22.0,20.0,19.0,30.0
2019-01-02,2018,Nacional,Guimaraes,1.0,0.0,H,U,3.1,3.25,2.3,H,3.0,2.0,4.0,3.0,8,2.0,2.0,1.0,0.0,3.0,5.0,-2.0,1.0,2.0,-1.0,2.0,3.0,-1.0,1.0,1.0,0.0,0.0,0.0,0.0,28.6,57.1,42.9,28.6,16.0,23.0,24.0,26.0
2019-01-02,2018,Boavista,Setubal,1.0,0.0,H,U,2.5,3.1,2.9,D,3.0,7.0,4.0,7.0,7,2.0,2.0,1.0,2.0,3.0,5.0,-2.0,1.0,6.0,-5.0,2.0,-1.0,3.0,1.0,0.0,1.0,0.0,1.0,-1.0,33.3,50.0,28.6,42.9,16.0,19.0,24.0,22.0
2018-12-23,2018,Porto,Rio Ave,2.0,1.0,H,O,1.18,7.0,13.0,H,4.0,4.0,4.0,2.0,8,4.0,1.0,0.0,2.0,8.0,7.0,1.0,1.0,7.0,-6.0,7.0,0.0,7.0,2.0,1.0,1.0,0.0,0.0,0.0,85.7,14.3,16.7,50.0,28.0,15.0,32.0,21.0
2018-12-23,2018,Nacional,Chaves,2.0,0.0,H,U,2.04,3.4,3.6,H,3.0,3.0,7.0,4.0,7,1.0,0.0,2.0,4.0,1.0,1.0,0.0,4.0,5.0,-1.0,-3.0,-4.0,1.0,0.0,0.0,0.0,1.0,0.0,1.0,16.7,66.7,14.3,85.7,14.0,9.0,23.0,23.0
2018-12-23,2018,Guimaraes,Sp Lisbon,1.0,0.0,H,U,3.6,3.75,1.9,H,7.0,2.0,10.0,7.0,7,2.0,2.0,0.0,2.0,7.0,7.0,0.0,4.0,7.0,-3.0,3.0,0.0,3.0,1.0,1.0,0.0,0.0,1.0,-1.0,50.0,16.7,50.0,33.3,22.0,21.0,23.0,27.0
2018-12-23,2018,Benfica,Sp Braga,6.0,2.0,H,O,1.61,3.8,5.5,H,8.0,5.0,8.0,2.0,7,3.0,2.0,1.0,1.0,8.0,5.0,3.0,3.0,2.0,1.0,5.0,3.0,2.0,2.0,1.0,1.0,1.0,0.0,1.0,66.7,16.7,50.0,16.7,24.0,14.0,30.0,15.0
2018-12-22,2018,Tondela,Maritimo,2.0,1.0,H,O,2.4,3.2,3.0,D,6.0,2.0,6.0,3.0,8,0.0,0.0,3.0,3.0,3.0,1.0,2.0,7.0,5.0,2.0,-4.0,-4.0,0.0,0.0,0.0,0.0,1.0,1.0,0.0,14.3,57.1,16.7,66.7,16.0,9.0,18.0,13.0
2018-12-22,2018,Setubal,Santa Clara,0.0,2.0,A,U,1.95,3.3,4.0,A,5.0,3.0,5.0,2.0,7,2.0,3.0,2.0,1.0,5.0,6.0,-1.0,4.0,3.0,1.0,1.0,3.0,-2.0,1.0,1.0,0.0,1.0,1.0,0.0,50.0,50.0,50.0,33.3,12.0,12.0,19.0,28.0
2018-12-22,2018,Moreirense,Boavista,2.0,1.0,H,O,2.14,3.1,3.6,H,6.0,4.0,7.0,2.0,7,3.0,0.0,1.0,2.0,4.0,1.0,3.0,1.0,5.0,-4.0,3.0,-4.0,7.0,1.0,0.0,1.0,0.0,1.0,-1.0,50.0,33.3,14.3,42.9,17.0,10.0,28.0,16.0
2018-12-22,2018,Feirense,Portimonense,0.0,1.0,A,U,2.87,3.3,2.4,D,2.0,6.0,1.0,5.0,7,0.0,1.0,1.0,3.0,3.0,2.0,1.0,5.0,9.0,-4.0,-2.0,-7.0,5.0,0.0,0.0,0.0,1.0,3.0,-2.0,16.7,16.7,16.7,83.3,11.0,12.0,24.0,12.0
2018-12-22,2018,Belenenses,Aves,5.0,2.0,H,O,2.0,3.25,3.9,D,8.0,4.0,3.0,5.0,7,2.0,1.0,1.0,3.0,3.0,3.0,0.0,3.0,8.0,-5.0,0.0,-5.0,5.0,1.0,0.0,1.0,1.0,2.0,-1.0,33.3,33.3,16.7,83.3,12.0,15.0,20.0,17.0
2018-12-16,2018,Sp Lisbon,Nacional,5.0,2.0,H,O,1.16,7.5,13.0,A,9.0,5.0,6.0,7.0,7,4.0,1.0,0.0,0.0,11.0,7.0,4.0,2.0,6.0,-4.0,9.0,1.0,8.0,3.0,0.0,3.0,0.0,0.0,0.0,100.0,0.0,33.3,16.7,22.0,19.0,26.0,17.0
2018-12-16,2018,Rio Ave,Belenenses,2.0,2.0,D,O,1.83,3.5,4.33,H,1.0,4.0,6.0,6.0,7,2.0,1.0,1.0,0.0,7.0,4.0,3.0,7.0,3.0,4.0,0.0,1.0,-1.0,0.0,0.0,0.0,1.0,0.0,1.0,66.7,16.7,33.3,0.0,18.0,13.0,19.0,24.0
2018-12-16,2018,Maritimo,Benfica,0.0,1.0,A,U,8.5,4.33,1.4,A,0.0,5.0,4.0,7.0,7,0.0,2.0,3.0,1.0,1.0,6.0,-5.0,6.0,5.0,1.0,-5.0,1.0,-6.0,0.0,1.0,-1.0,2.0,1.0,1.0,33.3,50.0,66.7,16.7,13.0,20.0,22.0,26.0
2018-12-15,2018,Santa Clara,Porto,1.0,2.0,A,O,10.0,5.25,1.28,D,3.0,8.0,6.0,8.0,7,1.0,3.0,3.0,1.0,5.0,5.0,0.0,8.0,1.0,7.0,-3.0,4.0,-7.0,0.0,2.0,-2.0,1.0,0.0,1.0,33.3,50.0,80.0,20.0,17.0,15.0,26.0,25.0
2018-12-15,2018,Chaves,Moreirense,1.0,2.0,A,O,2.14,3.4,3.25,D,1.0,5.0,2.0,6.0,6,0.0,1.0,3.0,3.0,3.0,3.0,0.0,6.0,8.0,-2.0,-3.0,-5.0,2.0,0.0,1.0,-1.0,0.0,3.0,-3.0,20.0,60.0,33.3,66.7,17.0,9.0,25.0,15.0
2018-12-15,2018,Boavista,Tondela,2.0,0.0,H,U,2.25,3.4,3.1,H,6.0,3.0,5.0,10.0,6,1.0,1.0,2.0,3.0,2.0,6.0,-4.0,3.0,7.0,-4.0,-1.0,-1.0,0.0,0.0,1.0,-1.0,0.0,0.0,0.0,20.0,60.0,20.0,60.0,14.0,15.0,29.0,26.0
2018-12-15,2018,Aves,Guimaraes,1.0,1.0,D,U,3.1,3.25,2.3,D,5.0,6.0,10.0,5.0,7,2.0,2.0,2.0,1.0,8.0,6.0,2.0,6.0,4.0,2.0,2.0,2.0,0.0,1.0,1.0,0.0,0.0,0.0,0.0,33.3,50.0,50.0,33.3,23.0,20.0,36.0,27.0
2018-12-14,2018,Sp Braga,Feirense,4.0,0.0,H,O,1.3,5.5,9.0,H,6.0,1.0,4.0,4.0,7,3.0,0.0,0.0,4.0,6.0,1.0,5.0,2.0,9.0,-7.0,4.0,-8.0,12.0,1.0,0.0,1.0,0.0,2.0,-2.0,83.3,0.0,16.7,83.3,17.0,7.0,13.0,15.0
2018-12-14,2018,Portimonense,Setubal,3.0,1.0,H,O,2.1,3.4,3.4,H,7.0,7.0,5.0,5.0,7,3.0,2.0,0.0,1.0,11.0,5.0,6.0,7.0,4.0,3.0,4.0,1.0,3.0,1.0,0.0,1.0,0.0,0.0,0.0,50.0,16.7,33.3,33.3,21.0,16.0,19.0,20.0
2018-12-10,2018,Feirense,Maritimo,1.0,1.0,D,U,2.4,3.1,3.1,D,5.0,4.0,3.0,5.0,6,0.0,1.0,1.0,3.0,3.0,1.0,2.0,5.0,4.0,1.0,-2.0,-3.0,1.0,0.0,0.0,0.0,1.0,1.0,0.0,20.0,20.0,20.0,80.0,11.0,8.0,25.0,12.0
2018-12-09,2018,Sp Lisbon,Aves,4.0,1.0,H,O,1.25,5.25,13.0,H,5.0,4.0,3.0,6.0,6,4.0,1.0,0.0,3.0,8.0,3.0,5.0,1.0,7.0,-6.0,7.0,-4.0,11.0,2.0,0.0,2.0,0.0,2.0,-2.0,100.0,0.0,20.0,80.0,29.0,15.0,32.0,12.0
2018-12-09,2018,Nacional,Boavista,0.0,0.0,D,U,2.37,3.1,3.1,D,7.0,1.0,16.0,1.0,6,1.0,0.0,3.0,3.0,1.0,3.0,-2.0,8.0,9.0,-1.0,-7.0,-6.0,-1.0,0.0,0.0,0.0,2.0,2.0,0.0,20.0,80.0,16.7,50.0,9.0,15.0,9.0,21.0
2018-12-09,2018,Moreirense,Santa Clara,0.0,1.0,A,U,1.95,3.2,4.2,D,3.0,3.0,9.0,6.0,6,3.0,2.0,0.0,1.0,5.0,7.0,-2.0,1.0,5.0,-4.0,4.0,2.0,2.0,1.0,1.0,0.0,0.0,1.0,-1.0,60.0,20.0,40.0,40.0,21.0,12.0,27.0,27.0
2018-12-09,2018,Guimaraes,Rio Ave,3.0,2.0,H,O,2.0,3.5,3.6,H,7.0,3.0,3.0,7.0,6,2.0,1.0,0.0,1.0,5.0,6.0,-1.0,2.0,5.0,-3.0,3.0,1.0,2.0,1.0,1.0,0.0,0.0,0.0,0.0,40.0,20.0,20.0,40.0,17.0,16.0,22.0,21.0
2018-12-08,2018,Tondela,Sp Braga,0.0,1.0,A,U,5.0,3.75,1.66,A,3.0,3.0,6.0,2.0,7,1.0,2.0,2.0,1.0,5.0,5.0,0.0,6.0,2.0,4.0,-1.0,3.0,-4.0,1.0,1.0,0.0,1.0,0.0,1.0,16.7,50.0,40.0,20.0,17.0,14.0,12.0,17.0
2018-12-08,2018,Setubal,Benfica,0.0,1.0,A,U,7.5,4.2,1.44,A,3.0,3.0,3.0,5.0,6,2.0,2.0,2.0,1.0,6.0,9.0,-3.0,5.0,5.0,0.0,1.0,4.0,-3.0,1.0,2.0,-1.0,1.0,1.0,0.0,60.0,40.0,60.0,20.0,13.0,24.0,20.0,26.0
2018-12-08,2018,Belenenses,Chaves,1.0,0.0,H,U,2.1,3.2,3.6,H,4.0,4.0,5.0,6.0,6,1.0,1.0,1.0,3.0,2.0,3.0,-1.0,3.0,5.0,-2.0,-1.0,-2.0,1.0,1.0,0.0,1.0,1.0,0.0,1.0,20.0,40.0,16.7,83.3,12.0,8.0,17.0,19.0
2018-12-07,2018,Porto,Portimonense,4.0,1.0,H,O,1.14,7.5,17.0,D,9.0,4.0,8.0,0.0,7,4.0,1.0,0.0,3.0,7.0,2.0,5.0,0.0,7.0,-7.0,7.0,-5.0,12.0,2.0,0.0,2.0,0.0,2.0,-2.0,83.3,16.7,20.0,80.0,24.0,12.0,35.0,15.0
2018-12-03,2018,Rio Ave,Sp Lisbon,1.0,3.0,A,O,4.5,3.5,1.8,A,4.0,6.0,6.0,11.0,6,3.0,1.0,0.0,2.0,8.0,5.0,3.0,5.0,7.0,-2.0,3.0,-2.0,5.0,0.0,0.0,0.0,0.0,1.0,-1.0,80.0,0.0,40.0,40.0,19.0,19.0,21.0,17.0
2018-12-02,2018,Portimonense,Tondela,3.0,2.0,H,O,1.83,3.6,4.0,H,6.0,5.0,8.0,9.0,6,2.0,1.0,0.0,2.0,10.0,6.0,4.0,7.0,6.0,1.0,3.0,0.0,3.0,1.0,1.0,0.0,0.0,0.0,0.0,40.0,20.0,25.0,50.0,26.0,15.0,17.0,26.0
2018-12-02,2018,Chaves,Guimaraes,0.0,1.0,A,U,3.1,3.1,2.4,A,8.0,7.0,7.0,4.0,5,1.0,2.0,2.0,1.0,5.0,8.0,-3.0,5.0,6.0,-1.0,0.0,2.0,-2.0,1.0,1.0,0.0,0.0,0.0,0.0,25.0,50.0,40.0,40.0,14.0,16.0,20.0,26.0
2018-12-02,2018,Boavista,Porto,0.0,1.0,A,U,11.0,4.5,1.33,D,2.0,6.0,1.0,8.0,5,1.0,3.0,2.0,1.0,2.0,7.0,-5.0,4.0,3.0,1.0,-2.0,4.0,-6.0,0.0,2.0,-2.0,1.0,0.0,1.0,25.0,50.0,75.0,25.0,13.0,15.0,30.0,22.0
2018-12-02,2018,Aves,Nacional,2.0,3.0,A,O,2.0,3.3,3.8,D,5.0,7.0,9.0,4.0,6,2.0,1.0,2.0,0.0,6.0,6.0,0.0,4.0,5.0,-1.0,2.0,1.0,1.0,1.0,0.0,1.0,0.0,0.0,0.0,40.0,40.0,20.0,20.0,20.0,16.0,31.0,15.0
2018-12-01,2018,Sp Braga,Moreirense,2.0,0.0,H,U,1.36,4.75,8.0,H,5.0,2.0,2.0,5.0,6,3.0,1.0,0.0,3.0,7.0,3.0,4.0,3.0,9.0,-6.0,4.0,-6.0,10.0,1.0,1.0,0.0,0.0,3.0,-3.0,80.0,0.0,40.0,60.0,18.0,10.0,20.0,14.0
2018-12-01,2018,Maritimo,Setubal,0.0,1.0,A,U,2.37,3.1,3.1,D,3.0,4.0,4.0,6.0,6,1.0,1.0,2.0,1.0,3.0,4.0,-1.0,6.0,4.0,2.0,-3.0,0.0,-3.0,0.0,0.0,0.0,2.0,0.0,2.0,40.0,40.0,20.0,40.0,16.0,14.0,23.0,19.0
2018-12-01,2018,Benfica,Feirense,4.0,0.0,H,O,1.16,7.5,13.0,D,7.0,1.0,7.0,0.0,6,2.0,0.0,1.0,4.0,5.0,1.0,4.0,4.0,6.0,-2.0,1.0,-5.0,6.0,1.0,0.0,1.0,1.0,1.0,0.0,60.0,20.0,20.0,80.0,27.0,8.0,34.0,15.0
2018-11-30,2018,Santa Clara,Belenenses,2.0,3.0,A,O,2.14,3.1,3.6,D,4.0,6.0,5.0,7.0,6,2.0,0.0,2.0,0.0,7.0,2.0,5.0,7.0,2.0,5.0,0.0,0.0,0.0,1.0,0.0,1.0,1.0,0.0,1.0,40.0,40.0,20.0,0.0,18.0,10.0,30.0,18.0
2018-11-11,2018,Tondela,Benfica,1.0,3.0,A,O,7.5,4.5,1.4,D,4.0,5.0,2.0,7.0,6,1.0,2.0,1.0,1.0,5.0,8.0,-3.0,4.0,4.0,0.0,1.0,4.0,-3.0,1.0,2.0,-1.0,0.0,1.0,-1.0,20.0,40.0,50.0,25.0,18.0,27.0,13.0,28.0
2018-11-11,2018,Sp Lisbon,Chaves,2.0,1.0,H,O,1.33,5.0,10.0,H,5.0,1.0,10.0,2.0,5,4.0,1.0,0.0,3.0,8.0,3.0,5.0,1.0,5.0,-4.0,7.0,-2.0,9.0,2.0,0.0,2.0,0.0,0.0,0.0,100.0,0.0,20.0,80.0,29.0,10.0,29.0,19.0
2018-11-11,2018,Guimaraes,Santa Clara,2.0,0.0,H,U,1.57,3.6,6.5,H,6.0,1.0,10.0,3.0,5,1.0,2.0,1.0,1.0,3.0,7.0,-4.0,3.0,4.0,-1.0,0.0,3.0,-3.0,0.0,1.0,-1.0,0.0,0.0,0.0,25.0,25.0,50.0,25.0,14.0,16.0,20.0,27.0
2018-11-10,2018,Porto,Sp Braga,1.0,0.0,H,U,1.4,4.5,7.5,D,3.0,2.0,9.0,5.0,6,3.0,2.0,1.0,0.0,8.0,8.0,0.0,3.0,4.0,-1.0,5.0,4.0,1.0,2.0,1.0,1.0,0.0,0.0,0.0,80.0,20.0,50.0,0.0,31.0,20.0,34.0,16.0
2018-11-10,2018,Nacional,Maritimo,1.0,0.0,H,U,2.4,3.3,2.87,D,3.0,2.0,0.0,3.0,5,0.0,1.0,4.0,3.0,1.0,2.0,-1.0,10.0,6.0,4.0,-9.0,-4.0,-5.0,0.0,0.0,0.0,2.0,2.0,0.0,0.0,100.0,25.0,75.0,14.0,10.0,17.0,12.0
2018-11-10,2018,Belenenses,Boavista,0.0,0.0,D,U,2.25,3.2,3.25,D,2.0,3.0,4.0,2.0,5,1.0,0.0,2.0,3.0,4.0,4.0,0.0,6.0,10.0,-4.0,-2.0,-6.0,4.0,1.0,0.0,1.0,1.0,2.0,-1.0,25.0,50.0,20.0,60.0,15.0,16.0,19.0,20.0
2018-11-10,2018,Aves,Rio Ave,2.0,1.0,H,O,2.75,3.4,2.45,H,8.0,5.0,13.0,4.0,5,1.0,1.0,2.0,1.0,6.0,5.0,1.0,5.0,5.0,0.0,1.0,0.0,1.0,1.0,1.0,0.0,0.0,1.0,-1.0,25.0,50.0,25.0,25.0,18.0,12.0,23.0,21.0
2018-11-09,2018,Setubal,Feirense,2.0,1.0,H,O,1.83,3.4,4.5,D,2.0,1.0,7.0,3.0,5,2.0,1.0,2.0,3.0,6.0,1.0,5.0,4.0,4.0,0.0,2.0,-3.0,5.0,2.0,0.0,2.0,1.0,1.0,0.0,50.0,50.0,25.0,75.0,16.0,11.0,22.0,17.0
2018-11-09,2018,Moreirense,Portimonense,2.0,0.0,H,U,2.37,3.4,2.9,H,4.0,4.0,8.0,6.0,5,2.0,1.0,1.0,3.0,4.0,2.0,2.0,4.0,7.0,-3.0,0.0,-5.0,5.0,0.0,0.0,0.0,1.0,2.0,-1.0,50.0,25.0,25.0,75.0,20.0,10.0,25.0,20.0
2018-11-05,2018,Rio Ave,Nacional,3.0,3.0,D,O,1.64,3.8,5.0,H,5.0,6.0,3.0,3.0,5,4.0,1.0,0.0,1.0,8.0,5.0,3.0,3.0,6.0,-3.0,5.0,-1.0,6.0,1.0,0.0,1.0,0.0,1.0,-1.0,100.0,0.0,25.0,25.0,19.0,18.0,22.0,14.0
2018-11-05,2018,Chaves,Aves,1.0,2.0,A,O,2.0,3.2,4.2,A,2.0,5.0,6.0,4.0,4,,0.0,,4.0,,1.0,,,8.0,,,-7.0,,,0.0,,,3.0,,33.3,33.3,0.0,100.0,,11.0,,11.0
2018-11-04,2018,Sp Braga,Setubal,2.0,1.0,H,O,1.4,4.75,7.5,H,3.0,5.0,2.0,5.0,5,3.0,1.0,0.0,1.0,9.0,4.0,5.0,4.0,4.0,0.0,5.0,0.0,5.0,2.0,0.0,2.0,0.0,0.0,0.0,75.0,0.0,25.0,25.0,27.0,12.0,22.0,17.0
2018-11-04,2018,Santa Clara,Sp Lisbon,1.0,2.0,A,O,6.0,4.0,1.55,H,1.0,7.0,3.0,7.0,5,2.0,1.0,1.0,2.0,9.0,6.0,3.0,8.0,7.0,1.0,1.0,-1.0,2.0,1.0,1.0,0.0,1.0,1.0,0.0,50.0,25.0,25.0,50.0,25.0,16.0,32.0,14.0
2018-11-04,2018,Feirense,Tondela,2.0,4.0,A,O,2.3,3.0,3.5,D,5.0,7.0,7.0,5.0,5,1.0,,0.0,,3.0,,,1.0,,,2.0,,,1.0,,,0.0,,,25.0,0.0,0.0,66.7,11.0,,21.0,
2018-11-03,2018,Portimonense,Belenenses,1.0,1.0,D,U,2.0,3.3,3.8,D,3.0,1.0,1.0,6.0,5,2.0,1.0,1.0,0.0,9.0,2.0,7.0,8.0,1.0,7.0,1.0,1.0,0.0,1.0,0.0,1.0,1.0,0.0,1.0,50.0,25.0,25.0,0.0,26.0,12.0,25.0,17.0
2018-11-03,2018,Maritimo,Porto,0.0,2.0,A,U,9.5,4.75,1.33,D,2.0,4.0,4.0,11.0,5,2.0,,1.0,,4.0,,,4.0,,,0.0,,,0.0,,,1.0,,,50.0,25.0,66.7,33.3,18.0,,26.0,
2018-11-03,2018,Boavista,Guimaraes,0.0,0.0,D,U,2.8,3.1,2.6,D,3.0,4.0,7.0,11.0,4,,2.0,,2.0,,10.0,,,9.0,,,1.0,,,1.0,,,0.0,,33.3,66.7,50.0,50.0,,17.0,,17.0
2018-11-02,2018,Benfica,Moreirense,1.0,3.0,A,O,1.14,7.5,17.0,A,8.0,4.0,8.0,2.0,5,3.0,1.0,0.0,3.0,7.0,2.0,5.0,3.0,9.0,-6.0,4.0,-7.0,11.0,1.0,0.0,1.0,0.0,3.0,-3.0,75.0,0.0,25.0,75.0,26.0,14.0,31.0,14.0
2018-10-28,2018,Tondela,Setubal,1.0,2.0,A,O,2.3,3.1,3.2,A,6.0,3.0,7.0,6.0,5,1.0,,1.0,,4.0,,,3.0,,,1.0,,,1.0,,,0.0,,,25.0,25.0,0.0,33.3,16.0,,16.0,
2018-10-28,2018,Sp Lisbon,Boavista,3.0,0.0,H,O,1.3,5.25,9.5,H,9.0,1.0,9.0,4.0,4,,1.0,,2.0,,6.0,,,7.0,,,-1.0,,,1.0,,,1.0,,100.0,0.0,25.0,50.0,,19.0,,20.0
2018-10-28,2018,Porto,Feirense,2.0,0.0,H,U,1.14,7.5,17.0,H,7.0,3.0,4.0,6.0,5,3.0,,1.0,,11.0,,,3.0,,,8.0,,,2.0,,,0.0,,,75.0,25.0,33.3,66.7,30.0,,37.0,
2018-10-28,2018,Moreirense,Maritimo,1.0,0.0,H,U,2.3,3.3,3.1,D,5.0,2.0,4.0,4.0,4,,,,,,,,,,,,,,,,,,,,33.3,33.3,33.3,66.7,,,,
2018-10-27,2018,Rio Ave,Chaves,1.0,0.0,H,U,1.95,3.5,3.75,D,5.0,2.0,3.0,8.0,4,,1.0,,3.0,,3.0,,,9.0,,,-6.0,,,0.0,,,1.0,,100.0,0.0,25.0,75.0,,8.0,,11.0
2018-10-27,2018,Belenenses,Benfica,2.0,0.0,H,U,7.5,5.0,1.36,H,6.0,7.0,5.0,11.0,4,,,,,,,,,,,,,,,,,,,,0.0,66.7,66.7,0.0,,,,
2018-10-27,2018,Aves,Santa Clara,1.0,2.0,A,O,2.1,3.3,3.5,A,6.0,4.0,8.0,9.0,4,,,,,,,,,,,,,,,,,,,,33.3,33.3,33.3,33.3,,,,
2018-10-26,2018,Nacional,Portimonense,0.0,1.0,A,U,2.62,3.4,2.6,A,3.0,2.0,1.0,1.0,4,,,,,,,,,,,,,,,,,,,,0.0,100.0,0.0,100.0,,,,
2018-10-26,2018,Guimaraes,Sp Braga,1.0,1.0,D,U,3.25,3.4,2.14,D,4.0,1.0,7.0,4.0,4,,,,,,,,,,,,,,,,,,,,33.3,33.3,66.7,0.0,,,,
2018-10-07,2018,Portimonense,Sp Lisbon,4.0,2.0,H,O,4.75,3.6,1.72,H,6.0,5.0,5.0,5.0,4,,,,,,,,,,,,,,,,,,,,33.3,33.3,33.3,33.3,,,,
2018-10-07,2018,Boavista,Aves,1.0,0.0,H,U,2.0,3.4,3.75,D,5.0,2.0,11.0,4.0,3,,,,,,,,,,,,,,,,,,,,0.0,100.0,0.0,100.0,,,,
2018-10-07,2018,Benfica,Porto,1.0,0.0,H,U,2.45,3.1,3.0,D,2.0,1.0,2.0,4.0,4,,,,,,,,,,,,,,,,,,,,66.7,0.0,100.0,0.0,,,,
2018-10-06,2018,Sp Braga,Rio Ave,1.0,1.0,D,U,1.4,4.5,7.5,D,5.0,3.0,4.0,7.0,4,,,,,,,,,,,,,,,,,,,,100.0,0.0,33.3,33.3,,,,
2018-10-06,2018,Setubal,Moreirense,3.0,0.0,H,O,2.04,3.2,3.75,H,5.0,3.0,3.0,2.0,4,,,,,,,,,,,,,,,,,,,,33.3,66.7,33.3,66.7,,,,
2018-10-06,2018,Maritimo,Guimaraes,1.0,3.0,A,O,2.25,3.2,3.25,A,5.0,6.0,7.0,6.0,4,,,,,,,,,,,,,,,,,,,,66.7,0.0,33.3,66.7,,,,
2018-10-05,2018,Tondela,Nacional,1.0,1.0,D,U,1.9,3.6,3.8,D,3.0,4.0,3.0,7.0,4,,,,,,,,,,,,,,,,,,,,33.3,33.3,33.3,33.3,,,,
2018-10-05,2018,Santa Clara,Chaves,1.0,0.0,H,U,2.25,3.1,3.4,D,4.0,2.0,7.0,7.0,4,,,,,,,,,,,,,,,,,,,,33.3,33.3,33.3,66.7,,,,
2018-10-05,2018,Feirense,Belenenses,0.0,0.0,D,U,2.4,3.0,3.2,D,1.0,1.0,10.0,2.0,4,,,,,,,,,,,,,,,,,,,,33.3,0.0,33.3,0.0,,,,
2018-10-01,2018,Aves,Portimonense,3.0,0.0,H,O,2.62,3.2,2.7,H,4.0,2.0,6.0,5.0,3,,,,,,,,,,,,,,,,,,,,0.0,50.0,0.0,100.0,,,,
2018-09-30,2018,Nacional,Santa Clara,0.0,3.0,A,O,2.04,3.2,3.75,A,1.0,4.0,6.0,10.0,3,,,,,,,,,,,,,,,,,,,,0.0,100.0,0.0,50.0,,,,
2018-09-30,2018,Guimaraes,Setubal,1.0,1.0,D,U,2.0,3.2,4.0,D,5.0,4.0,3.0,3.0,3,,,,,,,,,,,,,,,,,,,,50.0,50.0,0.0,50.0,,,,
2018-09-30,2018,Belenenses,Sp Braga,0.0,3.0,A,O,4.75,3.6,1.72,A,0.0,8.0,6.0,4.0,3,,,,,,,,,,,,,,,,,,,,0.0,50.0,50.0,0.0,,,,
2018-09-29,2018,Sp Lisbon,Maritimo,2.0,0.0,H,U,1.33,5.0,9.0,H,3.0,1.0,4.0,1.0,3,,,,,,,,,,,,,,,,,,,,100.0,0.0,50.0,50.0,,,,
2018-09-29,2018,Rio Ave,Boavista,2.0,1.0,H,O,1.9,3.25,4.2,H,4.0,5.0,7.0,9.0,3,,,,,,,,,,,,,,,,,,,,100.0,0.0,33.3,33.3,,,,
2018-09-29,2018,Moreirense,Feirense,1.0,0.0,H,U,2.25,3.1,3.4,D,5.0,2.0,7.0,6.0,3,,,,,,,,,,,,,,,,,,,,0.0,50.0,50.0,50.0,,,,
2018-09-28,2018,Porto,Tondela,1.0,0.0,H,U,1.14,7.5,17.0,D,9.0,0.0,11.0,2.0,4,,,,,,,,,,,,,,,,,,,,66.7,33.3,0.0,50.0,,,,
2018-09-27,2018,Chaves,Benfica,2.0,2.0,D,O,10.0,4.75,1.33,A,5.0,5.0,3.0,3.0,3,,,,,,,,,,,,,,,,,,,,50.0,50.0,100.0,0.0,,,,
2018-09-24,2018,Sp Braga,Sp Lisbon,1.0,0.0,H,U,2.5,3.2,2.87,D,4.0,3.0,5.0,4.0,3,,,,,,,,,,,,,,,,,,,,100.0,0.0,50.0,0.0,,,,
2018-09-23,2018,Tondela,Moreirense,2.0,0.0,H,U,2.2,3.1,3.5,H,4.0,0.0,0.0,6.0,3,,,,,,,,,,,,,,,,,,,,0.0,50.0,50.0,50.0,,,,
2018-09-23,2018,Portimonense,Guimaraes,3.0,2.0,H,O,2.45,3.1,3.0,H,6.0,3.0,5.0,6.0,3,,,,,,,,,,,,,,,,,,,,0.0,50.0,50.0,50.0,,,,
2018-09-23,2018,Feirense,Nacional,0.0,0.0,D,U,1.95,3.2,4.2,D,0.0,2.0,4.0,3.0,3,,,,,,,,,,,,,,,,,,,,50.0,0.0,50.0,50.0,,,,
2018-09-23,2018,Benfica,Aves,2.0,0.0,H,U,1.16,7.0,15.0,H,7.0,4.0,13.0,3.0,3,,,,,,,,,,,,,,,,,,,,50.0,0.0,0.0,100.0,,,,
2018-09-22,2018,Setubal,Porto,0.0,2.0,A,U,12.0,5.0,1.28,A,2.0,4.0,6.0,2.0,3,,,,,,,,,,,,,,,,,,,,50.0,50.0,100.0,0.0,,,,
2018-09-22,2018,Santa Clara,Rio Ave,1.0,3.0,A,O,2.5,3.1,2.9,D,8.0,4.0,11.0,3.0,3,,,,,,,,,,,,,,,,,,,,50.0,0.0,0.0,50.0,,,,
2018-09-22,2018,Maritimo,Belenenses,0.0,0.0,D,U,1.95,3.3,4.0,D,3.0,5.0,7.0,9.0,3,,,,,,,,,,,,,,,,,,,,100.0,0.0,50.0,0.0,,,,
2018-09-21,2018,Boavista,Chaves,1.0,2.0,A,O,2.2,3.1,3.5,A,4.0,3.0,10.0,2.0,2,,,,,,,,,,,,,,,,,,,,0.0,100.0,0.0,100.0,,,,
2018-09-02,2018,Rio Ave,Portimonense,2.0,1.0,H,O,2.04,3.3,3.6,A,5.0,4.0,8.0,3.0,2,,,,,,,,,,,,,,,,,,,,100.0,0.0,0.0,100.0,,,,
2018-09-02,2018,Porto,Moreirense,3.0,0.0,H,O,1.14,7.5,21.0,H,5.0,3.0,11.0,4.0,3,,,,,,,,,,,,,,,,,,,,50.0,50.0,100.0,0.0,,,,
2018-09-02,2018,Nacional,Benfica,0.0,4.0,A,O,8.5,4.75,1.36,A,2.0,7.0,2.0,5.0,2,,,,,,,,,,,,,,,,,,,,0.0,100.0,100.0,0.0,,,,
2018-09-02,2018,Aves,Maritimo,0.0,1.0,A,U,2.4,3.0,3.2,A,2.0,3.0,4.0,4.0,2,,,,,,,,,,,,,,,,,,,,0.0,0.0,0.0,100.0,,,,
2018-09-01,2018,Sp Lisbon,Feirense,1.0,0.0,H,U,1.3,5.25,9.5,D,12.0,2.0,9.0,0.0,2,,,,,,,,,,,,,,,,,,,,100.0,0.0,100.0,0.0,,,,
2018-09-01,2018,Santa Clara,Boavista,4.0,2.0,H,O,2.37,3.0,3.1,D,5.0,6.0,9.0,6.0,2,,,,,,,,,,,,,,,,,,,,0.0,0.0,50.0,0.0,,,,
2018-09-01,2018,Belenenses,Setubal,0.0,0.0,D,U,2.4,3.1,3.1,D,4.0,2.0,2.0,5.0,2,,,,,,,,,,,,,,,,,,,,0.0,100.0,0.0,100.0,,,,
2018-08-31,2018,Guimaraes,Tondela,1.0,0.0,H,U,1.61,3.6,6.0,H,2.0,3.0,2.0,10.0,2,,,,,,,,,,,,,,,,,,,,0.0,100.0,0.0,0.0,,,,
2018-08-31,2018,Chaves,Sp Braga,0.0,1.0,A,U,5.0,3.75,1.66,A,2.0,3.0,9.0,4.0,2,,,,,,,,,,,,,,,,,,,,100.0,0.0,0.0,0.0,,,,
2018-08-27,2018,Moreirense,Belenenses,1.0,1.0,D,U,2.14,3.1,3.6,D,7.0,3.0,8.0,1.0,2,,,,,,,,,,,,,,,,,,,,0.0,100.0,100.0,0.0,,,,
2018-08-26,2018,Tondela,Rio Ave,1.0,1.0,D,U,2.2,3.0,3.6,A,5.0,4.0,3.0,7.0,2,,,,,,,,,,,,,,,,,,,,0.0,100.0,0.0,100.0,,,,
2018-08-26,2018,Sp Braga,Aves,3.0,1.0,H,O,1.3,5.25,9.5,D,6.0,4.0,9.0,1.0,2,,,,,,,,,,,,,,,,,,,,100.0,0.0,0.0,100.0,,,,
2018-08-26,2018,Setubal,Nacional,1.0,2.0,A,O,2.0,3.2,4.0,A,4.0,4.0,4.0,2.0,2,,,,,,,,,,,,,,,,,,,,100.0,0.0,0.0,100.0,,,,
2018-08-26,2018,Feirense,Boavista,1.0,1.0,D,U,2.4,3.0,3.2,A,5.0,4.0,4.0,1.0,2,,,,,,,,,,,,,,,,,,,,100.0,0.0,100.0,0.0,,,,
2018-08-25,2018,Porto,Guimaraes,2.0,3.0,A,O,1.14,7.5,17.0,H,10.0,3.0,8.0,3.0,2,,,,,,,,,,,,,,,,,,,,100.0,0.0,0.0,100.0,,,,
2018-08-25,2018,Portimonense,Santa Clara,2.0,2.0,D,O,2.1,3.2,3.6,A,11.0,3.0,6.0,5.0,2,,,,,,,,,,,,,,,,,,,,0.0,100.0,0.0,100.0,,,,
2018-08-25,2018,Benfica,Sp Lisbon,1.0,1.0,D,U,2.0,3.2,4.0,D,10.0,4.0,11.0,1.0,2,,,,,,,,,,,,,,,,,,,,100.0,0.0,100.0,0.0,,,,
2018-08-24,2018,Maritimo,Chaves,2.0,1.0,H,O,2.0,3.3,3.75,A,6.0,3.0,5.0,2.0,2,,,,,,,,,,,,,,,,,,,,100.0,0.0,0.0,100.0,,,,
2018-08-20,2018,Guimaraes,Feirense,0.0,1.0,A,U,1.64,3.6,5.5,D,3.0,4.0,8.0,5.0,1,,,,,,,,,,,,,,,,,,,,,,,,,,,
2018-08-19,2018,Santa Clara,Sp Braga,3.0,3.0,D,O,5.5,3.75,1.61,A,8.0,8.0,5.0,4.0,1,,,,,,,,,,,,,,,,,,,,,,,,,,,
2018-08-19,2018,Rio Ave,Maritimo,3.0,1.0,H,O,2.04,3.2,3.75,H,5.0,4.0,4.0,3.0,1,,,,,,,,,,,,,,,,,,,,,,,,,,,
2018-08-19,2018,Nacional,Moreirense,1.0,2.0,A,O,2.37,3.0,3.2,A,8.0,8.0,8.0,2.0,1,,,,,,,,,,,,,,,,,,,,,,,,,,,
2018-08-19,2018,Belenenses,Porto,2.0,3.0,A,O,12.0,4.33,1.33,A,5.0,6.0,6.0,5.0,1,,,,,,,,,,,,,,,,,,,,,,,,,,,
2018-08-18,2018,Sp Lisbon,Setubal,2.0,1.0,H,O,1.25,5.5,12.0,D,5.0,3.0,7.0,3.0,1,,,,,,,,,,,,,,,,,,,,,,,,,,,
2018-08-18,2018,Chaves,Portimonense,2.0,0.0,H,U,2.14,3.1,3.6,H,5.0,2.0,2.0,11.0,1,,,,,,,,,,,,,,,,,,,,,,,,,,,
2018-08-18,2018,Boavista,Benfica,0.0,2.0,A,U,7.0,4.0,1.5,A,1.0,8.0,2.0,9.0,1,,,,,,,,,,,,,,,,,,,,,,,,,,,
2018-08-17,2018,Aves,Tondela,2.0,2.0,D,O,2.14,3.0,3.8,D,6.0,5.0,5.0,9.0,1,,,,,,,,,,,,,,,,,,,,,,,,,,,
2018-08-13,2018,Portimonense,Boavista,0.0,2.0,A,U,2.14,3.1,3.6,D,3.0,4.0,9.0,4.0,1,,,,,,,,,,,,,,,,,,,,,,,,,,,
2018-08-12,2018,Sp Braga,Nacional,4.0,2.0,H,O,1.33,5.0,8.5,D,12.0,8.0,4.0,2.0,1,,,,,,,,,,,,,,,,,,,,,,,,,,,
2018-08-12,2018,Moreirense,Sp Lisbon,1.0,3.0,A,O,7.5,4.2,1.44,D,3.0,4.0,6.0,4.0,1,,,,,,,,,,,,,,,,,,,,,,,,,,,
2018-08-12,2018,Maritimo,Santa Clara,1.0,0.0,H,U,1.75,3.4,5.0,D,4.0,5.0,7.0,3.0,1,,,,,,,,,,,,,,,,,,,,,,,,,,,
2018-08-12,2018,Feirense,Rio Ave,2.0,0.0,H,U,3.0,3.0,2.5,H,5.0,1.0,3.0,4.0,1,,,,,,,,,,,,,,,,,,,,,,,,,,,
2018-08-11,2018,Tondela,Belenenses,0.0,1.0,A,U,2.25,3.1,3.4,D,4.0,3.0,10.0,5.0,1,,,,,,,,,,,,,,,,,,,,,,,,,,,
2018-08-11,2018,Setubal,Aves,2.0,0.0,H,U,2.25,3.1,3.4,H,5.0,1.0,9.0,3.0,1,,,,,,,,,,,,,,,,,,,,,,,,,,,
2018-08-11,2018,Porto,Chaves,5.0,0.0,H,O,1.14,7.0,21.0,H,6.0,0.0,7.0,0.0,1,,,,,,,,,,,,,,,,,,,,,,,,,,,
2018-08-10,2018,Benfica,Guimaraes,3.0,2.0,H,O,1.25,5.75,11.0,H,7.0,5.0,5.0,2.0,1,,,,,,,,,,,,,,,,,,,,,,,,,,,
2018-05-13,2017,Setubal,Tondela,1.0,0.0,H,U,1.57,3.79,6.0,H,2.0,1.0,8.0,6.0,17,1.0,1.0,2.0,0.0,3.0,5.0,-2.0,5.0,4.0,1.0,-2.0,1.0,-3.0,0.0,0.0,0.0,1.0,0.0,1.0,31.2,31.2,31.2,37.5,12.0,12.0,19.0,24.0
2018-05-13,2017,Rio Ave,Sp Braga,1.0,0.0,H,U,4.33,3.6,1.8,H,4.0,3.0,7.0,9.0,17,3.0,3.0,0.0,0.0,7.0,12.0,-5.0,3.0,4.0,-1.0,4.0,8.0,-4.0,1.0,2.0,-1.0,0.0,0.0,0.0,62.5,18.8,62.5,25.0,23.0,29.0,19.0,27.0
2018-05-13,2017,Portimonense,Pacos Ferreira,3.0,1.0,H,O,3.89,3.5,1.9,H,5.0,4.0,6.0,10.0,17,2.0,0.0,2.0,3.0,7.0,1.0,6.0,7.0,6.0,1.0,0.0,-5.0,5.0,0.0,0.0,0.0,0.0,2.0,-2.0,43.8,43.8,6.2,75.0,18.0,13.0,22.0,21.0
2018-05-13,2017,Maritimo,Sp Lisbon,2.0,1.0,H,O,10.0,5.25,1.3,D,2.0,2.0,4.0,8.0,17,2.0,3.0,1.0,1.0,9.0,8.0,1.0,5.0,6.0,-1.0,4.0,2.0,2.0,2.0,0.0,2.0,0.0,0.0,0.0,56.2,18.8,62.5,18.8,24.0,21.0,24.0,18.0
2018-05-13,2017,Feirense,Estoril,0.0,0.0,D,U,2.0,3.5,3.6,D,4.0,5.0,1.0,5.0,17,2.0,1.0,1.0,3.0,7.0,1.0,6.0,5.0,4.0,1.0,2.0,-3.0,5.0,1.0,0.0,1.0,1.0,1.0,0.0,37.5,50.0,18.8,68.8,20.0,15.0,16.0,23.0
2018-05-13,2017,Benfica,Moreirense,1.0,0.0,H,U,1.12,7.5,21.0,D,2.0,1.0,6.0,3.0,17,2.0,0.0,2.0,3.0,6.0,4.0,2.0,4.0,9.0,-5.0,2.0,-5.0,7.0,2.0,0.0,2.0,0.0,1.0,-1.0,81.2,12.5,18.8,68.8,23.0,10.0,40.0,22.0
2018-05-12,2017,Guimaraes,Porto,0.0,1.0,A,U,6.5,4.5,1.44,D,2.0,8.0,0.0,8.0,17,3.0,2.0,0.0,2.0,7.0,2.0,5.0,2.0,3.0,-1.0,5.0,-1.0,6.0,1.0,0.0,1.0,0.0,1.0,-1.0,56.2,25.0,68.8,12.5,18.0,19.0,12.0,34.0
2018-05-12,2017,Boavista,Belenenses,1.0,0.0,H,U,2.14,3.2,3.5,H,6.0,4.0,4.0,4.0,17,2.0,0.0,0.0,1.0,6.0,3.0,3.0,4.0,4.0,0.0,2.0,-1.0,3.0,0.0,0.0,0.0,0.0,0.0,0.0,62.5,25.0,12.5,56.2,16.0,16.0,17.0,17.0
2018-05-11,2017,Aves,Chaves,2.0,3.0,A,O,2.45,3.2,2.89,H,5.0,7.0,2.0,7.0,17,3.0,0.0,1.0,3.0,6.0,4.0,2.0,4.0,9.0,-5.0,2.0,-5.0,7.0,1.0,0.0,1.0,1.0,2.0,-1.0,31.2,50.0,37.5,50.0,13.0,14.0,22.0,21.0
2018-05-07,2017,Pacos Ferreira,Rio Ave,0.0,0.0,D,U,2.5,3.2,2.87,D,4.0,1.0,7.0,6.0,17,2.0,0.0,1.0,4.0,5.0,1.0,4.0,6.0,8.0,-2.0,-1.0,-7.0,6.0,1.0,0.0,1.0,1.0,2.0,-1.0,37.5,31.2,25.0,62.5,13.0,11.0,25.0,27.0
2018-05-06,2017,Porto,Feirense,2.0,1.0,H,O,1.08,11.0,34.0,H,4.0,1.0,3.0,5.0,17,4.0,1.0,0.0,3.0,11.0,4.0,7.0,2.0,7.0,-5.0,9.0,-3.0,12.0,3.0,1.0,2.0,0.0,1.0,-1.0,93.8,0.0,18.8,75.0,21.0,18.0,27.0,16.0
2018-05-06,2017,Moreirense,Aves,0.0,3.0,A,O,2.25,3.2,3.25,A,2.0,8.0,4.0,6.0,17,4.0,0.0,0.0,4.0,7.0,1.0,6.0,2.0,9.0,-7.0,5.0,-8.0,13.0,1.0,0.0,1.0,0.0,3.0,-3.0,31.2,31.2,18.8,56.2,22.0,11.0,32.0,17.0
2018-05-06,2017,Estoril,Setubal,2.0,1.0,H,O,2.1,3.2,3.6,H,5.0,4.0,0.0,10.0,17,0.0,1.0,2.0,2.0,3.0,8.0,-5.0,10.0,11.0,-1.0,-7.0,-3.0,-4.0,0.0,1.0,-1.0,1.0,2.0,-1.0,25.0,56.2,6.2,62.5,14.0,15.0,17.0,15.0
2018-05-06,2017,Chaves,Maritimo,4.0,1.0,H,O,2.2,3.1,3.5,H,5.0,3.0,6.0,3.0,17,1.0,1.0,2.0,2.0,5.0,3.0,2.0,8.0,9.0,-1.0,-3.0,-6.0,3.0,0.0,0.0,0.0,1.0,2.0,-1.0,31.2,31.2,18.8,56.2,23.0,13.0,26.0,20.0
2018-05-05,2017,Tondela,Guimaraes,1.0,4.0,A,O,2.6,3.1,2.79,A,2.0,4.0,2.0,4.0,17,2.0,0.0,1.0,4.0,8.0,4.0,4.0,4.0,9.0,-5.0,4.0,-5.0,9.0,2.0,0.0,2.0,0.0,1.0,-1.0,31.2,50.0,18.8,75.0,17.0,11.0,17.0,14.0
2018-05-05,2017,Sp Lisbon,Benfica,0.0,0.0,D,U,2.14,3.0,3.79,D,1.0,1.0,8.0,3.0,17,4.0,4.0,0.0,0.0,6.0,9.0,-3.0,0.0,3.0,-3.0,6.0,6.0,0.0,2.0,2.0,0.0,0.0,0.0,0.0,87.5,0.0,68.8,6.2,26.0,35.0,25.0,29.0
2018-05-05,2017,Belenenses,Portimonense,3.0,2.0,H,O,2.37,3.1,3.1,A,6.0,5.0,4.0,5.0,17,1.0,0.0,2.0,2.0,5.0,4.0,1.0,5.0,8.0,-3.0,0.0,-4.0,4.0,1.0,0.0,1.0,0.0,1.0,-1.0,37.5,31.2,12.5,50.0,12.0,20.0,12.0,20.0
2018-05-04,2017,Sp Braga,Boavista,1.0,1.0,D,U,1.22,6.0,12.0,A,6.0,2.0,6.0,3.0,17,4.0,0.0,0.0,4.0,7.0,0.0,7.0,0.0,7.0,-7.0,7.0,-7.0,14.0,2.0,0.0,2.0,0.0,2.0,-2.0,87.5,12.5,12.5,68.8,25.0,10.0,26.0,21.0
2018-04-30,2017,Aves,Estoril,1.0,0.0,H,U,2.0,3.2,4.0,D,3.0,3.0,7.0,7.0,16,2.0,1.0,1.0,3.0,5.0,1.0,4.0,4.0,5.0,-1.0,1.0,-4.0,5.0,1.0,0.0,1.0,1.0,2.0,-1.0,26.7,53.3,20.0,66.7,13.0,15.0,21.0,26.0
2018-04-29,2017,Rio Ave,Chaves,2.0,1.0,H,O,1.9,3.2,4.33,D,5.0,2.0,1.0,6.0,16,2.0,1.0,0.0,2.0,5.0,4.0,1.0,2.0,7.0,-5.0,3.0,-3.0,6.0,1.0,0.0,1.0,0.0,2.0,-2.0,60.0,20.0,40.0,46.7,24.0,14.0,26.0,15.0
2018-04-29,2017,Maritimo,Porto,0.0,1.0,A,U,13.0,6.0,1.22,D,1.0,6.0,3.0,7.0,16,3.0,2.0,0.0,2.0,12.0,6.0,6.0,6.0,4.0,2.0,6.0,2.0,4.0,2.0,1.0,1.0,0.0,1.0,-1.0,60.0,13.3,66.7,13.3,27.0,19.0,27.0,31.0
2018-04-29,2017,Boavista,Pacos Ferreira,1.0,0.0,H,U,2.37,3.0,3.25,D,3.0,1.0,1.0,7.0,16,2.0,0.0,0.0,3.0,9.0,1.0,8.0,4.0,6.0,-2.0,5.0,-5.0,10.0,1.0,0.0,1.0,0.0,2.0,-2.0,60.0,26.7,6.7,73.3,18.0,14.0,21.0,17.0
2018-04-29,2017,Belenenses,Sp Braga,0.0,1.0,A,U,7.0,4.0,1.5,D,2.0,7.0,5.0,5.0,16,2.0,3.0,1.0,0.0,6.0,17.0,-11.0,4.0,4.0,0.0,2.0,13.0,-11.0,1.0,3.0,-2.0,0.0,0.0,0.0,40.0,26.7,60.0,26.7,14.0,28.0,16.0,26.0
2018-04-28,2017,Setubal,Feirense,0.0,2.0,A,U,1.8,3.39,4.75,D,3.0,4.0,6.0,4.0,16,2.0,0.0,1.0,4.0,4.0,2.0,2.0,3.0,8.0,-5.0,1.0,-6.0,7.0,0.0,0.0,0.0,0.0,1.0,-1.0,33.3,26.7,13.3,80.0,11.0,15.0,15.0,14.0
2018-04-28,2017,Portimonense,Sp Lisbon,1.0,2.0,A,O,8.5,4.75,1.36,D,4.0,7.0,4.0,5.0,16,2.0,2.0,2.0,2.0,7.0,7.0,0.0,10.0,7.0,3.0,-3.0,0.0,-3.0,0.0,0.0,0.0,1.0,0.0,1.0,46.7,40.0,60.0,20.0,19.0,19.0,19.0,22.0
2018-04-28,2017,Benfica,Tondela,2.0,3.0,A,O,1.12,8.0,19.0,A,8.0,3.0,14.0,0.0,16,3.0,0.0,1.0,1.0,9.0,2.0,7.0,1.0,3.0,-2.0,8.0,-1.0,9.0,3.0,0.0,3.0,0.0,0.0,0.0,86.7,6.7,26.7,40.0,22.0,11.0,32.0,28.0
2018-04-27,2017,Guimaraes,Moreirense,1.0,0.0,H,U,1.8,3.5,4.5,D,3.0,2.0,2.0,3.0,16,2.0,0.0,0.0,3.0,6.0,4.0,2.0,2.0,9.0,-7.0,4.0,-5.0,9.0,1.0,0.0,1.0,0.0,1.0,-1.0,53.3,26.7,20.0,66.7,21.0,11.0,14.0,24.0
2018-04-23,2017,Porto,Setubal,5.0,1.0,H,O,1.12,7.5,21.0,H,5.0,3.0,3.0,3.0,16,4.0,1.0,0.0,2.0,11.0,7.0,4.0,1.0,10.0,-9.0,10.0,-3.0,13.0,3.0,1.0,2.0,0.0,2.0,-2.0,93.3,0.0,6.7,60.0,23.0,14.0,33.0,17.0
2018-04-22,2017,Tondela,Aves,3.0,0.0,H,O,2.5,3.0,3.0,D,4.0,4.0,5.0,10.0,16,1.0,0.0,2.0,3.0,6.0,1.0,5.0,6.0,6.0,0.0,0.0,-5.0,5.0,1.0,0.0,1.0,0.0,2.0,-2.0,26.7,53.3,20.0,53.3,16.0,11.0,17.0,9.0
2018-04-22,2017,Sp Lisbon,Boavista,1.0,0.0,H,U,1.22,5.5,15.0,H,8.0,0.0,9.0,3.0,16,4.0,0.0,0.0,4.0,7.0,0.0,7.0,0.0,10.0,-10.0,7.0,-10.0,17.0,3.0,0.0,3.0,0.0,3.0,-3.0,86.7,0.0,13.3,66.7,28.0,11.0,31.0,24.0
2018-04-22,2017,Moreirense,Rio Ave,2.0,1.0,H,O,2.45,3.1,3.0,D,5.0,4.0,4.0,14.0,16,3.0,0.0,1.0,4.0,5.0,0.0,5.0,2.0,11.0,-9.0,3.0,-11.0,14.0,1.0,0.0,1.0,0.0,3.0,-3.0,26.7,33.3,26.7,60.0,18.0,11.0,36.0,17.0
2018-04-22,2017,Chaves,Portimonense,2.0,1.0,H,O,2.2,3.25,3.29,D,9.0,7.0,11.0,4.0,16,1.0,1.0,2.0,1.0,5.0,6.0,-1.0,7.0,7.0,0.0,-2.0,-1.0,-1.0,1.0,1.0,0.0,1.0,1.0,0.0,26.7,33.3,13.3,46.7,18.0,20.0,22.0,19.0
2018-04-21,2017,Pacos Ferreira,Belenenses,1.0,1.0,D,U,2.0,3.2,4.0,H,4.0,3.0,6.0,3.0,16,2.0,1.0,2.0,1.0,5.0,4.0,1.0,8.0,3.0,5.0,-3.0,1.0,-4.0,1.0,1.0,0.0,2.0,0.0,2.0,40.0,33.3,13.3,60.0,12.0,17.0,21.0,18.0
2018-04-21,2017,Feirense,Guimaraes,2.0,1.0,H,O,2.62,3.1,2.75,D,7.0,3.0,5.0,4.0,16,1.0,0.0,2.0,4.0,6.0,3.0,3.0,7.0,8.0,-1.0,-1.0,-5.0,4.0,1.0,0.0,1.0,2.0,1.0,1.0,33.3,53.3,20.0,73.3,17.0,10.0,17.0,14.0
2018-04-21,2017,Estoril,Benfica,1.0,2.0,A,O,8.5,5.0,1.36,A,3.0,7.0,3.0,3.0,16,0.0,4.0,2.0,0.0,3.0,10.0,-7.0,11.0,3.0,8.0,-8.0,7.0,-15.0,0.0,3.0,-3.0,2.0,0.0,2.0,26.7,53.3,66.7,6.7,14.0,35.0,17.0,30.0
2018-04-20,2017,Sp Braga,Maritimo,2.0,0.0,H,U,1.33,4.75,10.0,D,4.0,2.0,9.0,8.0,16,4.0,1.0,0.0,1.0,8.0,3.0,5.0,1.0,7.0,-6.0,7.0,-4.0,11.0,2.0,0.0,2.0,0.0,1.0,-1.0,86.7,13.3,20.0,53.3,27.0,12.0,24.0,17.0
2018-04-16,2017,Rio Ave,Tondela,1.0,1.0,D,U,1.7,3.5,5.25,H,3.0,4.0,9.0,5.0,15,3.0,1.0,0.0,1.0,7.0,3.0,4.0,1.0,2.0,-1.0,6.0,1.0,5.0,2.0,1.0,1.0,0.0,0.0,0.0,64.3,21.4,28.6,42.9,26.0,10.0,21.0,30.0
2018-04-15,2017,Maritimo,Moreirense,1.0,1.0,D,U,2.04,3.29,3.6,D,5.0,1.0,5.0,3.0,15,3.0,1.0,1.0,3.0,11.0,5.0,6.0,8.0,9.0,-1.0,3.0,-4.0,7.0,2.0,0.0,2.0,1.0,1.0,0.0,64.3,14.3,21.4,71.4,24.0,15.0,29.0,25.0
2018-04-15,2017,Benfica,Porto,0.0,1.0,A,U,2.29,3.2,3.1,D,2.0,2.0,7.0,3.0,15,4.0,2.0,0.0,2.0,13.0,8.0,5.0,0.0,5.0,-5.0,13.0,3.0,10.0,4.0,2.0,2.0,0.0,1.0,-1.0,92.9,0.0,64.3,14.3,31.0,30.0,34.0,35.0
2018-04-15,2017,Belenenses,Sp Lisbon,3.0,4.0,A,O,6.5,3.6,1.57,A,6.0,6.0,3.0,4.0,15,2.0,2.0,1.0,2.0,5.0,5.0,0.0,5.0,5.0,0.0,0.0,0.0,0.0,1.0,0.0,1.0,1.0,0.0,1.0,42.9,21.4,57.1,21.4,11.0,19.0,17.0,27.0
2018-04-14,2017,Portimonense,Estoril,0.0,1.0,A,U,2.04,3.5,3.39,A,3.0,4.0,7.0,7.0,15,2.0,1.0,2.0,3.0,8.0,2.0,6.0,12.0,6.0,6.0,-4.0,-4.0,0.0,0.0,0.0,0.0,2.0,2.0,0.0,50.0,35.7,14.3,71.4,18.0,15.0,17.0,22.0
2018-04-14,2017,Guimaraes,Setubal,1.0,1.0,D,U,1.7,3.6,5.0,D,4.0,1.0,3.0,6.0,15,2.0,1.0,1.0,3.0,5.0,7.0,-2.0,6.0,12.0,-6.0,-1.0,-5.0,4.0,1.0,1.0,0.0,1.0,3.0,-2.0,57.1,28.6,7.1,64.3,17.0,16.0,19.0,13.0
2018-04-14,2017,Boavista,Chaves,3.0,3.0,D,O,2.25,3.1,3.39,H,5.0,4.0,4.0,2.0,15,3.0,2.0,0.0,2.0,7.0,3.0,4.0,1.0,5.0,-4.0,6.0,-2.0,8.0,1.0,0.0,1.0,0.0,2.0,-2.0,64.3,28.6,42.9,50.0,17.0,15.0,21.0,18.0
2018-04-14,2017,Aves,Feirense,1.0,0.0,H,U,1.75,3.39,5.0,H,2.0,1.0,5.0,6.0,15,2.0,0.0,1.0,4.0,7.0,2.0,5.0,4.0,9.0,-5.0,3.0,-7.0,10.0,2.0,0.0,2.0,1.0,2.0,-1.0,21.4,57.1,14.3,78.6,18.0,15.0,21.0,13.0
2018-04-13,2017,Pacos Ferreira,Sp Braga,1.0,5.0,A,O,4.0,3.6,1.85,A,3.0,10.0,7.0,10.0,15,2.0,3.0,2.0,0.0,4.0,17.0,-13.0,5.0,3.0,2.0,-1.0,14.0,-15.0,1.0,3.0,-2.0,2.0,0.0,2.0,42.9,28.6,57.1,28.6,11.0,25.0,16.0,22.0
2018-04-09,2017,Moreirense,Boavista,1.0,0.0,H,U,2.5,3.0,3.0,D,4.0,3.0,7.0,7.0,15,2.0,0.0,2.0,4.0,5.0,0.0,5.0,4.0,12.0,-8.0,1.0,-12.0,13.0,1.0,0.0,1.0,0.0,4.0,-4.0,21.4,35.7,14.3,64.3,16.0,9.0,30.0,22.0
2018-04-08,2017,Sp Lisbon,Pacos Ferreira,2.0,0.0,H,U,1.14,7.5,17.0,H,5.0,2.0,5.0,4.0,15,4.0,0.0,0.0,3.0,6.0,3.0,3.0,0.0,7.0,-7.0,6.0,-4.0,10.0,2.0,0.0,2.0,0.0,1.0,-1.0,85.7,0.0,7.1,71.4,28.0,13.0,35.0,17.0
2018-04-08,2017,Porto,Aves,2.0,0.0,H,U,1.12,8.0,19.0,H,8.0,0.0,7.0,4.0,15,4.0,1.0,0.0,2.0,12.0,6.0,6.0,2.0,6.0,-4.0,10.0,0.0,10.0,3.0,1.0,2.0,0.0,1.0,-1.0,92.9,0.0,21.4,50.0,21.0,15.0,33.0,10.0
2018-04-08,2017,Chaves,Belenenses,1.0,1.0,D,U,2.2,3.0,3.6,D,3.0,6.0,4.0,5.0,15,1.0,1.0,3.0,2.0,4.0,3.0,1.0,10.0,5.0,5.0,-6.0,-2.0,-4.0,1.0,1.0,0.0,2.0,1.0,1.0,28.6,35.7,14.3,64.3,17.0,13.0,19.0,20.0
2018-04-07,2017,Tondela,Portimonense,2.0,2.0,D,O,2.45,3.0,3.1,H,4.0,7.0,3.0,5.0,15,1.0,2.0,3.0,1.0,5.0,7.0,-2.0,6.0,5.0,1.0,-1.0,2.0,-3.0,1.0,2.0,-1.0,0.0,1.0,-1.0,28.6,57.1,14.3,50.0,18.0,16.0,21.0,15.0
2018-04-07,2017,Setubal,Benfica,1.0,2.0,A,O,11.0,5.25,1.28,D,2.0,5.0,3.0,5.0,15,3.0,3.0,0.0,0.0,6.0,9.0,-3.0,1.0,3.0,-2.0,5.0,6.0,-1.0,1.0,3.0,-2.0,0.0,0.0,0.0,35.7,21.4,64.3,7.1,13.0,32.0,15.0,31.0
2018-04-07,2017,Feirense,Sp Braga,2.0,2.0,D,O,6.0,3.79,1.57,A,4.0,4.0,4.0,6.0,15,1.0,3.0,3.0,1.0,5.0,16.0,-11.0,7.0,4.0,3.0,-2.0,12.0,-14.0,1.0,3.0,-2.0,2.0,1.0,1.0,35.7,57.1,61.5,30.8,14.0,24.0,21.0,19.0
2018-04-07,2017,Estoril,Maritimo,1.0,1.0,D,U,2.2,3.1,3.5,H,4.0,2.0,5.0,4.0,15,0.0,1.0,3.0,2.0,2.0,2.0,0.0,12.0,9.0,3.0,-10.0,-7.0,-3.0,0.0,0.0,0.0,3.0,2.0,1.0,28.6,57.1,21.4,57.1,13.0,12.0,18.0,15.0
2018-04-06,2017,Guimaraes,Rio Ave,3.0,0.0,H,O,2.2,3.29,3.29,H,6.0,4.0,5.0,7.0,14,2.0,0.0,1.0,4.0,5.0,1.0,4.0,8.0,13.0,-5.0,-3.0,-12.0,9.0,0.0,0.0,0.0,1.0,3.0,-2.0,53.8,30.8,28.6,57.1,15.0,8.0,20.0,13.0
2018-04-02,2017,Belenenses,Porto,2.0,0.0,H,U,13.0,5.25,1.25,H,3.0,8.0,0.0,9.0,14,1.0,3.0,1.0,1.0,4.0,12.0,-8.0,6.0,3.0,3.0,-2.0,9.0,-11.0,0.0,3.0,-3.0,1.0,0.0,1.0,38.5,23.1,69.2,7.7,10.0,28.0,24.0,29.0
2018-03-31,2017,Sp Braga,Sp Lisbon,1.0,0.0,H,U,2.87,3.39,2.37,D,6.0,2.0,4.0,4.0,15,4.0,2.0,0.0,2.0,9.0,5.0,4.0,1.0,6.0,-5.0,8.0,-1.0,9.0,3.0,0.0,3.0,0.0,1.0,-1.0,85.7,14.3,61.5,15.4,29.0,24.0,24.0,39.0
2018-03-31,2017,Portimonense,Moreirense,4.0,3.0,H,O,1.9,3.29,4.2,A,5.0,7.0,5.0,1.0,14,2.0,1.0,2.0,3.0,8.0,2.0,6.0,10.0,6.0,4.0,-2.0,-4.0,2.0,1.0,0.0,1.0,2.0,1.0,1.0,46.2,38.5,23.1,69.2,20.0,12.0,13.0,30.0
2018-03-31,2017,Pacos Ferreira,Chaves,2.0,0.0,H,U,2.45,3.1,3.0,H,2.0,3.0,9.0,5.0,14,2.0,2.0,2.0,2.0,4.0,3.0,1.0,6.0,6.0,0.0,-2.0,-3.0,1.0,0.0,0.0,0.0,2.0,2.0,0.0,38.5,30.8,46.2,46.2,12.0,13.0,13.0,15.0
2018-03-31,2017,Benfica,Guimaraes,2.0,0.0,H,U,1.16,7.0,15.0,H,6.0,2.0,5.0,4.0,14,4.0,0.0,0.0,4.0,16.0,3.0,13.0,1.0,7.0,-6.0,15.0,-4.0,19.0,4.0,0.0,4.0,0.0,0.0,0.0,92.3,0.0,21.4,71.4,33.0,12.0,39.0,13.0
2018-03-30,2017,Rio Ave,Estoril,2.0,0.0,H,U,1.8,3.5,4.5,H,9.0,5.0,3.0,6.0,14,3.0,1.0,0.0,3.0,7.0,3.0,4.0,1.0,7.0,-6.0,6.0,-4.0,10.0,2.0,0.0,2.0,0.0,2.0,-2.0,61.5,23.1,15.4,69.2,26.0,15.0,21.0,19.0
2018-03-30,2017,Maritimo,Feirense,4.0,1.0,H,O,1.75,3.39,5.0,D,10.0,7.0,13.0,3.0,14,2.0,0.0,1.0,4.0,7.0,2.0,5.0,7.0,7.0,0.0,0.0,-5.0,5.0,1.0,0.0,1.0,1.0,1.0,0.0,61.5,15.4,15.4,76.9,15.0,13.0,18.0,16.0
2018-03-30,2017,Boavista,Tondela,1.0,1.0,D,U,2.0,3.25,3.89,D,6.0,3.0,8.0,12.0,14,4.0,1.0,0.0,2.0,8.0,2.0,6.0,1.0,4.0,-3.0,7.0,-2.0,9.0,1.0,1.0,0.0,0.0,1.0,-1.0,69.2,30.8,30.8,46.2,19.0,9.0,15.0,22.0
2018-03-29,2017,Aves,Setubal,1.0,4.0,A,O,2.04,3.29,3.6,H,2.0,6.0,7.0,3.0,14,2.0,0.0,1.0,3.0,6.0,5.0,1.0,2.0,13.0,-11.0,4.0,-8.0,12.0,2.0,0.0,2.0,1.0,3.0,-2.0,23.1,53.8,0.0,69.2,20.0,15.0,26.0,18.0
2018-03-18,2017,Sp Lisbon,Rio Ave,2.0,0.0,H,U,1.25,6.0,10.0,H,6.0,1.0,7.0,1.0,14,4.0,0.0,0.0,4.0,7.0,2.0,5.0,0.0,15.0,-15.0,7.0,-13.0,20.0,2.0,0.0,2.0,0.0,3.0,-3.0,84.6,0.0,30.8,53.8,27.0,8.0,32.0,15.0
2018-03-18,2017,Moreirense,Belenenses,2.0,1.0,H,O,2.45,3.0,3.1,H,6.0,4.0,9.0,4.0,14,1.0,1.0,2.0,1.0,3.0,2.0,1.0,3.0,3.0,0.0,0.0,-1.0,1.0,1.0,1.0,0.0,0.0,1.0,-1.0,15.4,38.5,15.4,61.5,10.0,12.0,23.0,20.0
2018-03-18,2017,Guimaraes,Aves,2.0,1.0,H,O,2.04,3.39,3.5,D,5.0,6.0,2.0,2.0,13,2.0,1.0,1.0,2.0,6.0,5.0,1.0,8.0,6.0,2.0,-2.0,-1.0,-1.0,1.0,1.0,0.0,1.0,2.0,-1.0,50.0,33.3,23.1,46.2,17.0,11.0,28.0,14.0
2018-03-18,2017,Chaves,Sp Braga,1.0,4.0,A,O,3.75,3.39,2.0,A,5.0,8.0,2.0,6.0,14,1.0,3.0,2.0,1.0,5.0,14.0,-9.0,8.0,4.0,4.0,-3.0,10.0,-13.0,1.0,2.0,-1.0,1.0,1.0,0.0,30.8,30.8,58.3,33.3,17.0,18.0,21.0,15.0
2018-03-17,2017,Tondela,Maritimo,1.0,2.0,A,O,2.25,3.1,3.39,D,2.0,8.0,5.0,6.0,14,2.0,0.0,2.0,3.0,7.0,1.0,6.0,5.0,10.0,-5.0,2.0,-9.0,11.0,2.0,0.0,2.0,0.0,2.0,-2.0,30.8,53.8,15.4,61.5,22.0,6.0,20.0,12.0
2018-03-17,2017,Porto,Boavista,2.0,0.0,H,U,1.11,8.5,21.0,H,5.0,2.0,10.0,3.0,14,4.0,0.0,0.0,4.0,11.0,0.0,11.0,2.0,12.0,-10.0,9.0,-12.0,21.0,2.0,0.0,2.0,0.0,4.0,-4.0,92.3,0.0,15.4,61.5,26.0,10.0,35.0,26.0
2018-03-17,2017,Feirense,Benfica,0.0,2.0,A,U,15.0,6.0,1.19,D,1.0,16.0,0.0,9.0,14,2.0,3.0,2.0,0.0,6.0,10.0,-4.0,5.0,4.0,1.0,1.0,6.0,-5.0,1.0,3.0,-2.0,1.0,0.0,1.0,38.5,53.8,61.5,7.7,14.0,23.0,23.0,24.0
2018-03-17,2017,Estoril,Pacos Ferreira,1.0,1.0,D,U,2.2,3.29,3.25,H,4.0,4.0,4.0,3.0,14,1.0,1.0,3.0,3.0,3.0,4.0,-1.0,11.0,6.0,5.0,-8.0,-2.0,-6.0,1.0,1.0,0.0,3.0,1.0,2.0,30.8,61.5,7.7,76.9,15.0,14.0,24.0,21.0
2018-03-16,2017,Setubal,Portimonense,1.0,1.0,D,U,2.39,3.25,2.89,D,3.0,4.0,5.0,7.0,14,3.0,2.0,0.0,2.0,6.0,6.0,0.0,1.0,6.0,-5.0,5.0,0.0,5.0,1.0,2.0,-1.0,0.0,2.0,-2.0,38.5,23.1,15.4,53.8,11.0,17.0,10.0,14.0
2018-03-12,2017,Chaves,Sp Lisbon,1.0,2.0,A,O,6.5,3.6,1.57,D,6.0,6.0,9.0,5.0,13,2.0,1.0,1.0,2.0,8.0,4.0,4.0,9.0,6.0,3.0,-1.0,-2.0,1.0,1.0,0.0,1.0,1.0,1.0,0.0,33.3,25.0,58.3,16.7,19.0,20.0,17.0,42.0
2018-03-11,2017,Portimonense,Guimaraes,2.0,1.0,H,O,2.04,3.29,3.6,D,6.0,4.0,6.0,5.0,13,1.0,0.0,3.0,4.0,7.0,5.0,2.0,11.0,9.0,2.0,-4.0,-4.0,0.0,1.0,0.0,1.0,2.0,0.0,2.0,41.7,41.7,23.1,69.2,18.0,15.0,13.0,10.0
2018-03-11,2017,Pacos Ferreira,Porto,1.0,0.0,H,U,11.0,5.75,1.25,H,4.0,3.0,3.0,15.0,13,1.0,3.0,2.0,0.0,3.0,12.0,-9.0,6.0,2.0,4.0,-3.0,10.0,-13.0,0.0,3.0,-3.0,2.0,0.0,2.0,33.3,33.3,75.0,0.0,9.0,27.0,18.0,18.0
2018-03-11,2017,Maritimo,Setubal,4.0,2.0,H,O,2.2,3.1,3.5,H,8.0,5.0,3.0,3.0,13,1.0,0.0,2.0,2.0,4.0,5.0,-1.0,7.0,11.0,-4.0,-3.0,-6.0,3.0,0.0,0.0,0.0,1.0,2.0,-1.0,58.3,16.7,0.0,66.7,14.0,13.0,21.0,17.0
2018-03-11,2017,Belenenses,Tondela,0.0,0.0,D,U,1.9,3.25,4.33,D,1.0,2.0,4.0,7.0,13,1.0,1.0,2.0,3.0,5.0,2.0,3.0,8.0,5.0,3.0,-3.0,-3.0,0.0,0.0,1.0,-1.0,1.0,1.0,0.0,41.7,25.0,33.3,50.0,15.0,7.0,23.0,22.0
2018-03-10,2017,Rio Ave,Feirense,2.0,1.0,H,O,1.6,3.5,7.0,A,6.0,6.0,6.0,3.0,13,3.0,0.0,0.0,4.0,9.0,2.0,7.0,2.0,8.0,-6.0,7.0,-6.0,13.0,3.0,0.0,3.0,0.0,2.0,-2.0,58.3,25.0,16.7,75.0,28.0,11.0,20.0,22.0
2018-03-10,2017,Boavista,Estoril,1.0,0.0,H,U,2.04,3.2,3.79,D,2.0,3.0,4.0,3.0,13,4.0,1.0,0.0,2.0,9.0,5.0,4.0,1.0,8.0,-7.0,8.0,-3.0,11.0,2.0,0.0,2.0,0.0,2.0,-2.0,66.7,33.3,16.7,66.7,23.0,15.0,15.0,20.0
2018-03-10,2017,Benfica,Aves,2.0,0.0,H,U,1.14,8.0,15.0,D,7.0,1.0,14.0,1.0,13,4.0,1.0,0.0,2.0,17.0,5.0,12.0,1.0,7.0,-6.0,16.0,-2.0,18.0,4.0,1.0,3.0,0.0,2.0,-2.0,91.7,0.0,25.0,41.7,34.0,13.0,33.0,20.0
2018-03-09,2017,Sp Braga,Moreirense,3.0,0.0,H,O,1.44,4.5,6.5,H,4.0,0.0,4.0,15.0,14,3.0,2.0,1.0,2.0,7.0,4.0,3.0,4.0,4.0,0.0,3.0,0.0,3.0,2.0,0.0,2.0,1.0,0.0,1.0,84.6,15.4,25.0,66.7,30.0,15.0,24.0,20.0
2018-03-05,2017,Aves,Portimonense,3.0,0.0,H,O,2.39,3.2,3.0,H,6.0,2.0,3.0,4.0,13,1.0,2.0,2.0,1.0,4.0,7.0,-3.0,4.0,4.0,0.0,0.0,3.0,-3.0,1.0,2.0,-1.0,1.0,1.0,0.0,16.7,58.3,16.7,50.0,21.0,20.0,29.0,13.0
2018-03-04,2017,Tondela,Chaves,2.0,0.0,H,U,2.75,3.2,2.6,H,7.0,5.0,4.0,8.0,13,1.0,3.0,2.0,1.0,6.0,5.0,1.0,6.0,5.0,1.0,0.0,0.0,0.0,1.0,0.0,1.0,0.0,1.0,-1.0,25.0,58.3,50.0,41.7,17.0,13.0,20.0,10.0
2018-03-04,2017,Setubal,Rio Ave,1.0,0.0,H,U,2.54,3.2,2.79,D,4.0,2.0,5.0,5.0,13,2.0,1.0,0.0,3.0,7.0,4.0,3.0,3.0,15.0,-12.0,4.0,-11.0,15.0,1.0,0.0,1.0,0.0,3.0,-3.0,33.3,25.0,33.3,50.0,10.0,10.0,13.0,15.0
2018-03-04,2017,Moreirense,Pacos Ferreira,2.0,0.0,H,U,2.25,3.25,3.2,H,7.0,6.0,12.0,7.0,13,0.0,1.0,2.0,3.0,3.0,6.0,-3.0,5.0,8.0,-3.0,-2.0,-2.0,0.0,0.0,1.0,-1.0,0.0,1.0,-1.0,8.3,41.7,8.3,75.0,9.0,13.0,18.0,17.0
2018-03-04,2017,Guimaraes,Belenenses,0.0,0.0,D,U,1.8,3.5,4.5,D,6.0,3.0,4.0,5.0,12,2.0,1.0,2.0,1.0,6.0,2.0,4.0,9.0,3.0,6.0,-3.0,-1.0,-2.0,1.0,1.0,0.0,1.0,1.0,0.0,54.5,36.4,16.7,66.7,17.0,12.0,33.0,18.0
2018-03-03,2017,Feirense,Boavista,3.0,0.0,H,O,2.87,3.0,2.62,H,8.0,5.0,7.0,8.0,13,1.0,0.0,3.0,3.0,4.0,1.0,3.0,7.0,10.0,-3.0,-3.0,-9.0,6.0,0.0,0.0,0.0,1.0,3.0,-2.0,33.3,58.3,16.7,58.3,8.0,9.0,18.0,22.0
2018-03-03,2017,Estoril,Sp Braga,0.0,6.0,A,O,4.2,3.29,1.9,A,3.0,6.0,5.0,4.0,13,2.0,3.0,2.0,1.0,6.0,11.0,-5.0,5.0,5.0,0.0,1.0,6.0,-5.0,2.0,2.0,0.0,2.0,1.0,1.0,33.3,58.3,54.5,36.4,16.0,16.0,20.0,13.0
2018-03-03,2017,Benfica,Maritimo,5.0,0.0,H,O,1.16,7.0,15.0,H,7.0,1.0,6.0,2.0,12,3.0,0.0,0.0,2.0,13.0,1.0,12.0,2.0,5.0,-3.0,11.0,-4.0,15.0,3.0,0.0,3.0,0.0,1.0,-1.0,90.9,0.0,16.7,58.3,30.0,7.0,37.0,11.0
2018-03-02,2017,Porto,Sp Lisbon,2.0,1.0,H,O,1.57,3.6,6.5,D,3.0,5.0,7.0,9.0,13,4.0,1.0,0.0,1.0,13.0,4.0,9.0,3.0,5.0,-2.0,10.0,-1.0,11.0,3.0,0.0,3.0,0.0,1.0,-1.0,91.7,0.0,63.6,9.1,31.0,18.0,33.0,38.0
2018-02-26,2017,Sp Lisbon,Moreirense,1.0,0.0,H,U,1.16,7.0,15.0,D,7.0,3.0,4.0,5.0,13,4.0,2.0,0.0,2.0,11.0,5.0,6.0,0.0,5.0,-5.0,11.0,0.0,11.0,3.0,0.0,3.0,0.0,0.0,0.0,83.3,0.0,27.3,63.6,26.0,14.0,35.0,16.0
2018-02-26,2017,Sp Braga,Tondela,1.0,0.0,H,U,1.3,5.0,10.0,D,11.0,2.0,9.0,4.0,13,3.0,2.0,1.0,2.0,8.0,3.0,5.0,5.0,4.0,1.0,3.0,-1.0,4.0,2.0,1.0,1.0,1.0,1.0,0.0,83.3,16.7,36.4,45.5,23.0,8.0,20.0,22.0
2018-02-25,2017,Portimonense,Porto,1.0,5.0,A,O,8.0,4.75,1.36,A,5.0,6.0,1.0,4.0,12,1.0,3.0,2.0,0.0,6.0,9.0,-3.0,6.0,2.0,4.0,0.0,7.0,-7.0,1.0,2.0,-1.0,1.0,0.0,1.0,45.5,36.4,72.7,0.0,16.0,26.0,15.0,24.0
2018-02-25,2017,Chaves,Estoril,2.0,0.0,H,U,1.95,3.29,4.0,H,4.0,3.0,7.0,10.0,12,1.0,1.0,1.0,2.0,7.0,6.0,1.0,10.0,9.0,1.0,-3.0,-3.0,0.0,0.0,0.0,0.0,1.0,2.0,-1.0,27.3,27.3,18.2,63.6,20.0,17.0,19.0,19.0
2018-02-25,2017,Boavista,Setubal,4.0,0.0,H,O,2.14,3.1,3.6,H,5.0,2.0,5.0,5.0,12,3.0,0.0,1.0,1.0,6.0,6.0,0.0,4.0,8.0,-4.0,2.0,-2.0,4.0,1.0,0.0,1.0,1.0,1.0,0.0,63.6,36.4,0.0,63.6,23.0,13.0,16.0,19.0
2018-02-24,2017,Pacos Ferreira,Benfica,1.0,3.0,A,O,9.0,4.5,1.36,H,3.0,7.0,2.0,12.0,12,1.0,3.0,1.0,0.0,3.0,9.0,-6.0,4.0,3.0,1.0,-1.0,6.0,-7.0,0.0,3.0,-3.0,1.0,0.0,1.0,36.4,27.3,58.3,8.3,11.0,27.0,26.0,22.0
2018-02-24,2017,Maritimo,Guimaraes,3.0,2.0,H,O,3.1,3.1,2.37,H,4.0,2.0,6.0,1.0,12,1.0,0.0,2.0,4.0,2.0,5.0,-3.0,5.0,10.0,-5.0,-3.0,-5.0,2.0,0.0,0.0,0.0,1.0,1.0,0.0,54.5,18.2,25.0,66.7,12.0,15.0,17.0,12.0
2018-02-24,2017,Belenenses,Feirense,1.0,0.0,H,U,1.85,3.39,4.33,D,4.0,1.0,9.0,2.0,12,0.0,1.0,2.0,3.0,5.0,4.0,1.0,9.0,7.0,2.0,-4.0,-3.0,-1.0,0.0,1.0,-1.0,1.0,2.0,-1.0,36.4,27.3,18.2,72.7,15.0,12.0,19.0,24.0
2018-02-23,2017,Rio Ave,Aves,0.0,0.0,D,U,2.04,3.39,3.6,D,6.0,4.0,8.0,2.0,12,4.0,1.0,0.0,2.0,11.0,6.0,5.0,3.0,8.0,-5.0,8.0,-2.0,10.0,3.0,1.0,2.0,0.0,2.0,-2.0,63.6,27.3,27.3,45.5,28.0,14.0,15.0,18.0
2018-02-21,2017,Estoril,Porto,1.0,3.0,A,O,12.0,5.5,1.25,H,3.0,13.0,3.0,7.0,12,2.0,3.0,2.0,0.0,5.0,11.0,-6.0,4.0,1.0,3.0,1.0,10.0,-9.0,2.0,2.0,0.0,2.0,0.0,2.0,36.4,54.5,70.0,0.0,14.0,22.0,22.0,24.0
2018-02-19,2017,Tondela,Sp Lisbon,1.0,2.0,A,O,6.5,4.5,1.44,D,3.0,6.0,5.0,9.0,12,1.0,1.0,2.0,1.0,6.0,5.0,1.0,9.0,5.0,4.0,-3.0,0.0,-3.0,1.0,1.0,0.0,1.0,1.0,0.0,27.3,54.5,60.0,10.0,15.0,18.0,17.0,34.0
2018-02-18,2017,Setubal,Pacos Ferreira,1.0,0.0,H,U,2.25,3.2,3.29,D,2.0,2.0,2.0,3.0,12,1.0,1.0,1.0,2.0,6.0,7.0,-1.0,8.0,8.0,0.0,-2.0,-1.0,-1.0,1.0,1.0,0.0,1.0,1.0,0.0,27.3,27.3,9.1,72.7,9.0,14.0,13.0,17.0
2018-02-18,2017,Porto,Rio Ave,5.0,0.0,H,O,1.16,7.0,15.0,H,7.0,4.0,9.0,4.0,12,4.0,1.0,0.0,3.0,11.0,5.0,6.0,4.0,12.0,-8.0,7.0,-7.0,14.0,3.0,0.0,3.0,0.0,2.0,-2.0,90.9,0.0,36.4,45.5,29.0,11.0,33.0,16.0
2018-02-18,2017,Moreirense,Chaves,0.0,1.0,A,U,2.54,3.2,2.79,D,1.0,2.0,8.0,0.0,12,0.0,3.0,2.0,1.0,3.0,5.0,-2.0,6.0,5.0,1.0,-3.0,0.0,-3.0,0.0,0.0,0.0,1.0,1.0,0.0,9.1,36.4,45.5,45.5,10.0,12.0,12.0,17.0
2018-02-18,2017,Guimaraes,Sp Braga,0.0,5.0,A,O,2.45,3.2,2.89,A,0.0,7.0,8.0,6.0,11,3.0,2.0,1.0,2.0,7.0,6.0,1.0,4.0,6.0,-2.0,3.0,0.0,3.0,1.0,1.0,0.0,0.0,1.0,-1.0,60.0,30.0,50.0,40.0,20.0,11.0,33.0,11.0
2018-02-17,2017,Estoril,Belenenses,0.0,2.0,A,U,1.9,3.25,4.33,A,3.0,4.0,6.0,4.0,11,3.0,0.0,1.0,2.0,8.0,0.0,8.0,4.0,7.0,-3.0,4.0,-7.0,11.0,2.0,0.0,2.0,1.0,2.0,-1.0,40.0,50.0,9.1,72.7,22.0,10.0,21.0,17.0
2018-02-17,2017,Benfica,Boavista,4.0,0.0,H,O,1.18,6.5,15.0,H,11.0,1.0,9.0,6.0,11,3.0,1.0,0.0,2.0,12.0,3.0,9.0,3.0,7.0,-4.0,9.0,-4.0,13.0,3.0,0.0,3.0,0.0,2.0,-2.0,90.0,0.0,18.2,54.5,22.0,12.0,33.0,20.0
2018-02-17,2017,Aves,Maritimo,0.0,0.0,D,U,1.75,3.39,5.0,D,3.0,1.0,6.0,5.0,12,1.0,0.0,3.0,3.0,4.0,1.0,3.0,5.0,10.0,-5.0,-1.0,-9.0,8.0,1.0,0.0,1.0,1.0,2.0,-1.0,18.2,63.6,18.2,63.6,26.0,8.0,24.0,11.0
2018-02-16,2017,Feirense,Portimonense,1.0,3.0,A,O,3.1,3.1,2.39,D,4.0,7.0,6.0,3.0,12,2.0,1.0,2.0,2.0,4.0,4.0,0.0,4.0,5.0,-1.0,0.0,-1.0,1.0,0.0,1.0,-1.0,0.0,2.0,-2.0,36.4,54.5,9.1,54.5,5.0,14.0,16.0,12.0
2018-02-12,2017,Moreirense,Estoril,1.0,2.0,A,O,2.39,3.1,3.1,H,2.0,4.0,1.0,3.0,11,1.0,0.0,1.0,2.0,4.0,4.0,0.0,5.0,8.0,-3.0,-1.0,-4.0,3.0,0.0,0.0,0.0,1.0,2.0,-1.0,10.0,30.0,10.0,70.0,13.0,17.0,16.0,22.0
2018-02-11,2017,Sp Lisbon,Feirense,2.0,0.0,H,U,1.16,6.5,17.0,D,10.0,1.0,15.0,5.0,12,4.0,1.0,0.0,3.0,11.0,4.0,7.0,0.0,6.0,-6.0,11.0,-2.0,13.0,3.0,1.0,2.0,0.0,1.0,-1.0,81.8,0.0,20.0,70.0,22.0,11.0,23.0,21.0
2018-02-11,2017,Chaves,Porto,0.0,4.0,A,O,7.5,4.75,1.36,A,2.0,6.0,1.0,3.0,11,1.0,2.0,0.0,0.0,8.0,8.0,0.0,7.0,2.0,5.0,1.0,6.0,-5.0,0.0,1.0,-1.0,0.0,0.0,0.0,30.0,20.0,66.7,0.0,25.0,17.0,27.0,25.0
2018-02-11,2017,Boavista,Guimaraes,1.0,0.0,H,U,2.62,2.89,3.0,D,4.0,2.0,4.0,4.0,11,2.0,0.0,2.0,4.0,6.0,6.0,0.0,7.0,11.0,-4.0,-1.0,-5.0,4.0,1.0,0.0,1.0,2.0,1.0,1.0,60.0,40.0,27.3,63.6,21.0,17.0,14.0,16.0
2018-02-11,2017,Belenenses,Aves,2.0,5.0,A,O,2.25,3.0,3.5,A,3.0,4.0,4.0,5.0,11,0.0,0.0,1.0,3.0,4.0,3.0,1.0,5.0,9.0,-4.0,-1.0,-6.0,5.0,0.0,0.0,0.0,0.0,2.0,-2.0,40.0,20.0,20.0,50.0,16.0,14.0,25.0,16.0
2018-02-10,2017,Sp Braga,Setubal,3.0,1.0,H,O,1.39,4.0,10.0,H,6.0,3.0,7.0,2.0,12,3.0,0.0,1.0,1.0,9.0,5.0,4.0,4.0,6.0,-2.0,5.0,-1.0,6.0,2.0,0.0,2.0,1.0,0.0,1.0,81.8,18.2,0.0,60.0,23.0,12.0,14.0,19.0
2018-02-10,2017,Rio Ave,Maritimo,3.0,0.0,H,O,1.72,3.39,5.25,H,5.0,2.0,4.0,2.0,11,3.0,0.0,1.0,3.0,8.0,2.0,6.0,4.0,10.0,-6.0,4.0,-8.0,12.0,2.0,0.0,2.0,0.0,2.0,-2.0,60.0,30.0,20.0,60.0,27.0,8.0,23.0,10.0
2018-02-10,2017,Portimonense,Benfica,1.0,3.0,A,O,6.5,4.09,1.5,A,2.0,7.0,5.0,4.0,11,1.0,3.0,2.0,0.0,5.0,11.0,-6.0,4.0,3.0,1.0,1.0,8.0,-7.0,1.0,3.0,-2.0,0.0,0.0,0.0,50.0,30.0,54.5,9.1,21.0,27.0,18.0,24.0
2018-02-09,2017,Pacos Ferreira,Tondela,0.0,2.0,A,U,2.14,3.0,3.75,A,2.0,3.0,2.0,7.0,11,1.0,2.0,1.0,2.0,4.0,2.0,2.0,4.0,4.0,0.0,0.0,-2.0,2.0,0.0,0.0,0.0,0.0,1.0,-1.0,40.0,20.0,30.0,50.0,15.0,9.0,28.0,19.0
2018-02-06,2017,Aves,Boavista,3.0,0.0,H,O,2.25,3.0,3.5,H,7.0,1.0,5.0,5.0,11,0.0,1.0,3.0,1.0,2.0,3.0,-1.0,6.0,4.0,2.0,-4.0,-1.0,-3.0,0.0,0.0,0.0,1.0,1.0,0.0,10.0,70.0,20.0,50.0,22.0,16.0,21.0,16.0
2018-02-05,2017,Setubal,Belenenses,3.0,0.0,H,O,2.29,3.1,3.29,H,4.0,2.0,3.0,7.0,11,0.0,0.0,2.0,2.0,4.0,0.0,4.0,10.0,5.0,5.0,-6.0,-5.0,-1.0,0.0,0.0,0.0,1.0,1.0,0.0,20.0,30.0,10.0,70.0,9.0,11.0,17.0,13.0
2018-02-05,2017,Maritimo,Portimonense,0.0,3.0,A,O,2.7,3.0,2.79,A,2.0,3.0,7.0,1.0,11,1.0,0.0,1.0,2.0,2.0,1.0,1.0,2.0,5.0,-3.0,0.0,-4.0,4.0,0.0,0.0,0.0,0.0,2.0,-2.0,60.0,10.0,0.0,60.0,11.0,13.0,12.0,15.0
2018-02-04,2017,Tondela,Moreirense,1.0,2.0,A,O,2.2,3.1,3.5,D,6.0,5.0,7.0,4.0,11,1.0,1.0,2.0,3.0,6.0,3.0,3.0,10.0,5.0,5.0,-4.0,-2.0,-2.0,1.0,0.0,1.0,2.0,0.0,2.0,30.0,50.0,20.0,70.0,11.0,10.0,14.0,18.0
2018-02-04,2017,Guimaraes,Pacos Ferreira,3.0,2.0,H,O,1.66,3.6,5.25,H,4.0,1.0,6.0,4.0,10,2.0,1.0,2.0,2.0,5.0,5.0,0.0,5.0,8.0,-3.0,0.0,-3.0,3.0,1.0,1.0,0.0,1.0,2.0,-1.0,55.6,33.3,10.0,70.0,17.0,14.0,34.0,17.0
2018-02-04,2017,Feirense,Chaves,1.0,2.0,A,O,2.7,3.0,2.75,D,1.0,5.0,8.0,5.0,11,2.0,3.0,2.0,1.0,3.0,4.0,-1.0,3.0,4.0,-1.0,0.0,0.0,0.0,0.0,0.0,0.0,0.0,1.0,-1.0,40.0,50.0,40.0,50.0,7.0,8.0,12.0,16.0
2018-02-04,2017,Estoril,Sp Lisbon,2.0,0.0,H,U,7.5,4.2,1.44,H,6.0,7.0,10.0,16.0,10,2.0,2.0,1.0,0.0,6.0,7.0,-1.0,4.0,4.0,0.0,2.0,3.0,-1.0,1.0,1.0,0.0,1.0,0.0,1.0,33.3,55.6,66.7,0.0,22.0,16.0,18.0,23.0
2018-02-03,2017,Porto,Sp Braga,3.0,1.0,H,O,1.3,5.0,11.0,H,6.0,3.0,7.0,3.0,11,3.0,2.0,0.0,1.0,8.0,7.0,1.0,3.0,5.0,-2.0,5.0,2.0,3.0,2.0,1.0,1.0,0.0,0.0,0.0,90.0,0.0,55.6,33.3,28.0,12.0,33.0,17.0
2018-02-03,2017,Benfica,Rio Ave,5.0,1.0,H,O,1.25,5.5,12.0,A,8.0,1.0,10.0,3.0,10,3.0,1.0,0.0,2.0,13.0,5.0,8.0,2.0,8.0,-6.0,11.0,-3.0,14.0,3.0,0.0,3.0,0.0,1.0,-1.0,88.9,0.0,40.0,40.0,26.0,15.0,35.0,17.0
2018-01-31,2017,Sp Lisbon,Guimaraes,1.0,0.0,H,U,1.28,5.5,9.5,D,5.0,4.0,9.0,3.0,11,4.0,1.0,0.0,3.0,11.0,8.0,3.0,0.0,11.0,-11.0,11.0,-3.0,14.0,3.0,0.0,3.0,0.0,1.0,-1.0,80.0,0.0,30.0,60.0,21.0,15.0,19.0,16.0
2018-01-31,2017,Chaves,Setubal,2.0,2.0,D,O,2.0,3.2,4.0,D,5.0,5.0,4.0,8.0,10,1.0,0.0,0.0,2.0,6.0,3.0,3.0,5.0,10.0,-5.0,1.0,-7.0,8.0,0.0,0.0,0.0,0.0,1.0,-1.0,33.3,22.2,0.0,66.7,23.0,9.0,29.0,13.0
2018-01-31,2017,Boavista,Maritimo,2.0,1.0,H,O,2.14,3.0,3.79,D,8.0,2.0,2.0,3.0,10,2.0,0.0,2.0,2.0,5.0,2.0,3.0,6.0,9.0,-3.0,-1.0,-7.0,6.0,1.0,0.0,1.0,2.0,2.0,0.0,55.6,44.4,22.2,55.6,16.0,8.0,15.0,10.0
2018-01-30,2017,Sp Braga,Aves,2.0,0.0,H,U,1.44,4.2,7.5,H,8.0,2.0,4.0,6.0,11,3.0,1.0,1.0,2.0,10.0,4.0,6.0,4.0,7.0,-3.0,6.0,-3.0,9.0,2.0,0.0,2.0,1.0,1.0,0.0,80.0,20.0,22.2,44.4,21.0,20.0,18.0,19.0
2018-01-30,2017,Moreirense,Porto,0.0,0.0,D,U,15.0,5.5,1.22,D,0.0,2.0,2.0,4.0,10,1.0,3.0,1.0,0.0,5.0,11.0,-6.0,6.0,2.0,4.0,-1.0,9.0,-10.0,0.0,2.0,-2.0,1.0,0.0,1.0,11.1,33.3,75.0,0.0,18.0,21.0,22.0,26.0
2018-01-30,2017,Estoril,Tondela,3.0,0.0,H,O,2.04,3.0,4.09,H,4.0,2.0,1.0,4.0,9,1.0,2.0,2.0,2.0,3.0,2.0,1.0,6.0,3.0,3.0,-3.0,-1.0,-2.0,0.0,0.0,0.0,2.0,1.0,1.0,25.0,62.5,33.3,44.4,21.0,10.0,19.0,20.0
2018-01-29,2017,Portimonense,Rio Ave,4.0,1.0,H,O,2.37,3.1,3.1,H,7.0,1.0,1.0,3.0,10,1.0,2.0,2.0,1.0,3.0,7.0,-4.0,3.0,5.0,-2.0,0.0,2.0,-2.0,1.0,1.0,0.0,0.0,0.0,0.0,44.4,33.3,44.4,33.3,21.0,17.0,22.0,16.0
2018-01-29,2017,Pacos Ferreira,Feirense,2.0,1.0,H,O,1.95,3.1,4.33,D,3.0,5.0,6.0,6.0,10,0.0,1.0,2.0,3.0,3.0,4.0,-1.0,5.0,7.0,-2.0,-2.0,-3.0,1.0,0.0,1.0,-1.0,0.0,2.0,-2.0,33.3,22.2,22.2,66.7,17.0,10.0,32.0,18.0
2018-01-29,2017,Belenenses,Benfica,1.0,1.0,D,U,9.0,4.5,1.36,D,2.0,2.0,7.0,6.0,10,0.0,3.0,2.0,0.0,3.0,10.0,-7.0,5.0,2.0,3.0,-2.0,8.0,-10.0,0.0,3.0,-3.0,0.0,0.0,0.0,44.4,22.2,60.0,10.0,18.0,26.0,28.0,23.0
2018-01-21,2017,Rio Ave,Boavista,2.0,0.0,H,U,1.9,3.29,4.2,H,9.0,3.0,3.0,7.0,10,2.0,1.0,2.0,1.0,6.0,5.0,1.0,5.0,5.0,0.0,1.0,0.0,1.0,1.0,0.0,1.0,0.0,0.0,0.0,55.6,33.3,22.2,44.4,23.0,17.0,28.0,18.0
2018-01-21,2017,Guimaraes,Estoril,3.0,1.0,H,O,1.75,3.5,4.75,D,7.0,5.0,10.0,3.0,9,1.0,0.0,2.0,2.0,5.0,3.0,2.0,7.0,6.0,1.0,-2.0,-3.0,1.0,0.0,0.0,0.0,1.0,1.0,0.0,50.0,37.5,11.1,66.7,18.0,13.0,32.0,26.0
2018-01-21,2017,Feirense,Moreirense,1.0,0.0,H,U,2.45,3.0,3.1,H,1.0,4.0,2.0,6.0,10,1.0,1.0,3.0,3.0,2.0,3.0,-1.0,4.0,7.0,-3.0,-2.0,-4.0,2.0,0.0,0.0,0.0,0.0,1.0,-1.0,33.3,55.6,22.2,66.7,7.0,8.0,19.0,18.0
2018-01-21,2017,Aves,Pacos Ferreira,0.0,2.0,A,U,2.1,3.1,3.7,A,4.0,5.0,12.0,7.0,10,0.0,0.0,3.0,3.0,3.0,5.0,-2.0,7.0,12.0,-5.0,-4.0,-7.0,3.0,0.0,0.0,0.0,1.0,3.0,-2.0,11.1,66.7,0.0,77.8,22.0,15.0,15.0,14.0
2018-01-20,2017,Portimonense,Sp Braga,1.0,2.0,A,O,3.75,3.39,2.0,A,4.0,2.0,6.0,2.0,9,2.0,2.0,1.0,1.0,7.0,6.0,1.0,3.0,4.0,-1.0,4.0,2.0,2.0,2.0,1.0,1.0,0.0,0.0,0.0,50.0,25.0,50.0,37.5,28.0,16.0,20.0,22.0
2018-01-20,2017,Maritimo,Belenenses,0.0,0.0,D,U,2.29,3.0,3.39,D,1.0,3.0,2.0,4.0,10,2.0,0.0,1.0,3.0,4.0,0.0,4.0,2.0,7.0,-5.0,2.0,-7.0,9.0,1.0,0.0,1.0,0.0,2.0,-2.0,66.7,11.1,11.1,77.8,14.0,11.0,13.0,12.0
2018-01-20,2017,Benfica,Chaves,3.0,0.0,H,O,1.19,6.5,13.0,H,8.0,1.0,8.0,2.0,9,3.0,3.0,0.0,1.0,11.0,4.0,7.0,2.0,2.0,0.0,9.0,2.0,7.0,2.0,0.0,2.0,0.0,0.0,0.0,87.5,0.0,44.4,44.4,23.0,9.0,34.0,19.0
2018-01-19,2017,Setubal,Sp Lisbon,1.0,1.0,D,U,8.5,4.75,1.36,A,1.0,2.0,0.0,8.0,10,0.0,3.0,3.0,0.0,3.0,7.0,-4.0,10.0,3.0,7.0,-7.0,4.0,-11.0,0.0,1.0,-1.0,1.0,0.0,1.0,22.2,33.3,75.0,0.0,12.0,15.0,19.0,18.0
2018-01-19,2017,Porto,Tondela,1.0,0.0,H,U,1.11,9.0,19.0,H,10.0,0.0,12.0,7.0,10,3.0,2.0,0.0,2.0,9.0,2.0,7.0,3.0,4.0,-1.0,6.0,-2.0,8.0,3.0,0.0,3.0,0.0,2.0,-2.0,88.9,0.0,37.5,37.5,27.0,13.0,29.0,15.0
2018-01-15,2017,Moreirense,Setubal,2.0,2.0,D,O,2.25,3.0,3.5,A,6.0,3.0,7.0,2.0,9,1.0,0.0,1.0,3.0,4.0,3.0,1.0,5.0,13.0,-8.0,-1.0,-10.0,9.0,0.0,0.0,0.0,1.0,2.0,-1.0,12.5,37.5,0.0,75.0,17.0,10.0,18.0,13.0
2018-01-14,2017,Tondela,Feirense,3.0,1.0,H,O,2.1,3.1,3.75,D,6.0,4.0,4.0,9.0,10,1.0,1.0,2.0,3.0,6.0,3.0,3.0,11.0,5.0,6.0,-5.0,-2.0,-3.0,0.0,1.0,-1.0,2.0,1.0,1.0,22.2,55.6,25.0,62.5,11.0,10.0,13.0,15.0
2018-01-14,2017,Sp Lisbon,Aves,3.0,0.0,H,O,1.14,8.0,19.0,H,5.0,3.0,4.0,7.0,10,3.0,2.0,0.0,1.0,10.0,5.0,5.0,2.0,4.0,-2.0,8.0,1.0,7.0,2.0,0.0,2.0,0.0,0.0,0.0,77.8,0.0,25.0,37.5,22.0,22.0,20.0,19.0
2018-01-14,2017,Boavista,Portimonense,2.0,0.0,H,U,2.39,3.1,3.1,H,6.0,5.0,4.0,6.0,9,1.0,0.0,3.0,1.0,3.0,2.0,1.0,9.0,4.0,5.0,-6.0,-2.0,-4.0,0.0,0.0,0.0,3.0,1.0,2.0,50.0,50.0,0.0,55.6,11.0,12.0,18.0,13.0
2018-01-14,2017,Belenenses,Rio Ave,1.0,2.0,A,O,2.89,3.0,2.6,A,6.0,4.0,3.0,5.0,9,1.0,2.0,1.0,1.0,5.0,7.0,-2.0,3.0,4.0,-1.0,2.0,3.0,-1.0,1.0,2.0,-1.0,0.0,0.0,0.0,50.0,12.5,37.5,37.5,16.0,21.0,28.0,16.0
2018-01-13,2017,Sp Braga,Benfica,1.0,3.0,A,O,3.79,3.2,2.04,A,5.0,7.0,4.0,2.0,10,4.0,3.0,0.0,0.0,12.0,10.0,2.0,2.0,2.0,0.0,10.0,8.0,2.0,3.0,3.0,0.0,0.0,0.0,0.0,88.9,11.1,55.6,11.1,23.0,24.0,20.0,26.0
2018-01-13,2017,Pacos Ferreira,Maritimo,0.0,0.0,D,U,2.29,3.1,3.2,D,1.0,2.0,8.0,1.0,9,1.0,1.0,2.0,2.0,4.0,3.0,1.0,5.0,9.0,-4.0,-1.0,-6.0,5.0,0.0,0.0,0.0,0.0,2.0,-2.0,37.5,25.0,25.0,62.5,17.0,10.0,30.0,13.0
2018-01-12,2017,Chaves,Guimaraes,4.0,3.0,H,O,2.39,3.25,2.89,D,8.0,7.0,5.0,2.0,9,1.0,2.0,0.0,2.0,6.0,6.0,0.0,4.0,7.0,-3.0,2.0,-1.0,3.0,1.0,0.0,1.0,0.0,1.0,-1.0,25.0,25.0,33.3,55.6,22.0,10.0,31.0,19.0
2018-01-09,2017,Tondela,Setubal,1.0,1.0,D,U,2.14,3.1,3.6,D,2.0,2.0,4.0,7.0,9,2.0,0.0,2.0,4.0,7.0,3.0,4.0,10.0,14.0,-4.0,-3.0,-11.0,8.0,1.0,0.0,1.0,2.0,2.0,0.0,25.0,62.5,0.0,85.7,14.0,9.0,11.0,10.0
2018-01-09,2017,Belenenses,Boavista,1.0,1.0,D,U,2.29,3.0,3.29,H,4.0,4.0,5.0,4.0,8,2.0,2.0,1.0,1.0,5.0,7.0,-2.0,2.0,4.0,-2.0,3.0,3.0,0.0,1.0,1.0,0.0,0.0,0.0,0.0,57.1,14.3,25.0,50.0,14.0,19.0,24.0,16.0
2018-01-08,2017,Pacos Ferreira,Portimonense,1.0,1.0,D,U,2.5,3.1,2.89,D,5.0,5.0,10.0,3.0,8,2.0,0.0,2.0,1.0,6.0,4.0,2.0,6.0,6.0,0.0,0.0,-2.0,2.0,0.0,0.0,0.0,0.0,1.0,-1.0,42.9,28.6,0.0,62.5,17.0,13.0,22.0,13.0
2018-01-08,2017,Estoril,Feirense,0.0,2.0,A,U,2.0,3.25,3.89,A,1.0,2.0,5.0,4.0,8,1.0,0.0,2.0,4.0,3.0,1.0,2.0,7.0,6.0,1.0,-4.0,-5.0,1.0,0.0,0.0,0.0,2.0,1.0,1.0,28.6,57.1,14.3,71.4,24.0,11.0,25.0,19.0
2018-01-07,2017,Sp Lisbon,Maritimo,5.0,0.0,H,O,1.19,6.5,13.0,H,6.0,2.0,7.0,5.0,9,3.0,1.0,0.0,2.0,10.0,4.0,6.0,3.0,7.0,-4.0,7.0,-3.0,10.0,2.0,0.0,2.0,0.0,2.0,-2.0,75.0,0.0,28.6,57.1,21.0,11.0,17.0,10.0
2018-01-07,2017,Porto,Guimaraes,4.0,2.0,H,O,1.14,8.0,15.0,A,8.0,2.0,5.0,3.0,9,3.0,3.0,0.0,1.0,11.0,7.0,4.0,2.0,4.0,-2.0,9.0,3.0,6.0,3.0,1.0,2.0,0.0,0.0,0.0,87.5,0.0,37.5,50.0,31.0,13.0,30.0,17.0
2018-01-07,2017,Moreirense,Benfica,0.0,2.0,A,U,11.0,5.75,1.25,A,2.0,11.0,2.0,10.0,8,1.0,3.0,1.0,0.0,4.0,11.0,-7.0,4.0,3.0,1.0,0.0,8.0,-8.0,0.0,3.0,-3.0,0.0,0.0,0.0,14.3,28.6,50.0,12.5,16.0,25.0,20.0,26.0
2018-01-07,2017,Chaves,Aves,1.0,1.0,D,U,2.0,3.2,4.0,A,5.0,5.0,9.0,0.0,8,1.0,2.0,0.0,1.0,6.0,6.0,0.0,4.0,5.0,-1.0,2.0,1.0,1.0,1.0,0.0,1.0,0.0,0.0,0.0,28.6,28.6,28.6,42.9,24.0,19.0,32.0,20.0
2018-01-06,2017,Sp Braga,Rio Ave,2.0,1.0,H,O,1.8,3.5,4.5,D,4.0,5.0,5.0,5.0,9,4.0,2.0,0.0,1.0,11.0,6.0,5.0,1.0,3.0,-2.0,10.0,3.0,7.0,3.0,2.0,1.0,0.0,0.0,0.0,87.5,12.5,42.9,28.6,24.0,19.0,27.0,16.0
2018-01-04,2017,Setubal,Estoril,2.0,2.0,D,O,2.29,3.1,3.29,D,3.0,3.0,8.0,4.0,9,1.0,0.0,3.0,3.0,4.0,1.0,3.0,9.0,10.0,-1.0,-5.0,-9.0,4.0,1.0,0.0,1.0,1.0,2.0,-1.0,25.0,37.5,12.5,75.0,15.0,13.0,17.0,27.0
2018-01-04,2017,Portimonense,Belenenses,0.0,0.0,D,U,2.2,3.2,3.39,D,3.0,3.0,3.0,3.0,8,2.0,0.0,1.0,4.0,9.0,0.0,9.0,5.0,9.0,-4.0,4.0,-9.0,13.0,2.0,0.0,2.0,0.0,3.0,-3.0,57.1,28.6,12.5,87.5,30.0,10.0,28.0,10.0
2018-01-03,2017,Rio Ave,Pacos Ferreira,4.0,2.0,H,O,1.8,3.39,4.75,H,8.0,5.0,5.0,3.0,9,2.0,0.0,2.0,3.0,4.0,4.0,0.0,4.0,14.0,-10.0,0.0,-10.0,10.0,0.0,0.0,0.0,0.0,3.0,-3.0,50.0,37.5,0.0,75.0,21.0,13.0,26.0,13.0
2018-01-03,2017,Maritimo,Chaves,1.0,2.0,A,O,2.0,3.2,4.0,A,7.0,5.0,6.0,3.0,9,2.0,2.0,0.0,2.0,4.0,3.0,1.0,1.0,6.0,-5.0,3.0,-3.0,6.0,1.0,0.0,1.0,0.0,1.0,-1.0,75.0,0.0,37.5,50.0,13.0,6.0,11.0,20.0
2018-01-03,2017,Feirense,Porto,1.0,2.0,A,O,17.0,5.75,1.19,D,2.0,5.0,2.0,10.0,9,2.0,2.0,2.0,0.0,2.0,9.0,-7.0,2.0,1.0,1.0,0.0,8.0,-8.0,0.0,2.0,-2.0,0.0,0.0,0.0,37.5,50.0,71.4,0.0,7.0,22.0,22.0,18.0
2018-01-03,2017,Boavista,Sp Braga,1.0,3.0,A,O,3.75,3.1,2.1,A,5.0,4.0,6.0,2.0,8,2.0,2.0,2.0,1.0,3.0,5.0,-2.0,6.0,4.0,2.0,-3.0,1.0,-4.0,0.0,0.0,0.0,2.0,0.0,2.0,57.1,42.9,42.9,42.9,8.0,15.0,18.0,26.0
2018-01-03,2017,Benfica,Sp Lisbon,1.0,1.0,D,U,2.1,3.2,3.6,A,3.0,3.0,10.0,5.0,8,4.0,3.0,0.0,0.0,12.0,7.0,5.0,1.0,3.0,-2.0,11.0,4.0,7.0,3.0,1.0,2.0,0.0,0.0,0.0,100.0,0.0,85.7,0.0,29.0,13.0,35.0,21.0
2018-01-03,2017,Aves,Moreirense,1.0,2.0,A,O,2.04,3.2,3.75,A,7.0,3.0,6.0,5.0,9,0.0,0.0,3.0,4.0,3.0,3.0,0.0,8.0,9.0,-1.0,-5.0,-6.0,1.0,0.0,0.0,0.0,2.0,1.0,1.0,12.5,62.5,12.5,75.0,18.0,13.0,14.0,19.0
2017-12-23,2017,Guimaraes,Tondela,0.0,1.0,A,U,1.55,3.75,6.5,D,6.0,3.0,9.0,4.0,8,2.0,1.0,1.0,2.0,7.0,2.0,5.0,7.0,5.0,2.0,0.0,-3.0,3.0,0.0,0.0,0.0,1.0,2.0,-1.0,57.1,28.6,28.6,42.9,17.0,11.0,33.0,14.0
2017-12-18,2017,Porto,Maritimo,3.0,1.0,H,O,1.12,8.0,19.0,H,5.0,2.0,9.0,1.0,8,3.0,1.0,0.0,2.0,13.0,4.0,9.0,3.0,6.0,-3.0,10.0,-2.0,12.0,3.0,0.0,3.0,0.0,1.0,-1.0,85.7,0.0,33.3,50.0,35.0,11.0,26.0,13.0
2017-12-18,2017,Moreirense,Guimaraes,2.0,1.0,H,O,3.0,3.0,2.5,H,5.0,4.0,5.0,8.0,7,0.0,3.0,1.0,1.0,3.0,6.0,-3.0,4.0,3.0,1.0,-1.0,3.0,-4.0,0.0,1.0,-1.0,0.0,0.0,0.0,0.0,33.3,42.9,42.9,17.0,11.0,18.0,20.0
2017-12-17,2017,Tondela,Benfica,1.0,5.0,A,O,9.5,4.33,1.36,A,1.0,7.0,2.0,6.0,8,2.0,2.0,2.0,0.0,7.0,7.0,0.0,7.0,3.0,4.0,0.0,4.0,-4.0,1.0,2.0,-1.0,1.0,0.0,1.0,28.6,57.1,42.9,14.3,15.0,23.0,12.0,28.0
2017-12-17,2017,Sp Lisbon,Portimonense,2.0,0.0,H,U,1.19,6.5,13.0,H,6.0,1.0,3.0,2.0,8,2.0,0.0,0.0,1.0,8.0,6.0,2.0,3.0,9.0,-6.0,5.0,-3.0,8.0,1.0,0.0,1.0,0.0,1.0,-1.0,71.4,0.0,0.0,57.1,16.0,18.0,24.0,15.0
2017-12-17,2017,Feirense,Setubal,1.0,0.0,H,U,2.25,3.0,3.5,H,1.0,2.0,4.0,2.0,8,1.0,0.0,3.0,4.0,2.0,3.0,-1.0,6.0,14.0,-8.0,-4.0,-11.0,7.0,0.0,0.0,0.0,1.0,2.0,-1.0,28.6,57.1,0.0,83.3,9.0,11.0,26.0,12.0
2017-12-17,2017,Chaves,Rio Ave,1.0,1.0,D,U,2.75,3.0,2.75,A,7.0,5.0,9.0,4.0,7,2.0,2.0,0.0,1.0,8.0,5.0,3.0,3.0,2.0,1.0,5.0,3.0,2.0,2.0,2.0,0.0,0.0,0.0,0.0,33.3,33.3,50.0,33.3,21.0,15.0,26.0,15.0
2017-12-16,2017,Sp Braga,Belenenses,4.0,0.0,H,O,1.39,4.33,8.5,H,6.0,2.0,1.0,3.0,8,4.0,1.0,0.0,3.0,13.0,4.0,9.0,1.0,6.0,-5.0,12.0,-2.0,14.0,3.0,1.0,2.0,0.0,2.0,-2.0,85.7,14.3,14.3,85.7,27.0,15.0,30.0,8.0
2017-12-16,2017,Estoril,Aves,3.0,2.0,H,O,2.25,3.1,3.39,D,11.0,4.0,5.0,3.0,7,0.0,2.0,3.0,1.0,0.0,5.0,-5.0,7.0,4.0,3.0,-7.0,1.0,-8.0,0.0,0.0,0.0,3.0,0.0,3.0,16.7,66.7,33.3,33.3,14.0,21.0,30.0,24.0
2017-12-15,2017,Pacos Ferreira,Boavista,1.0,2.0,A,O,2.5,3.0,3.0,H,6.0,4.0,4.0,4.0,7,3.0,1.0,1.0,1.0,6.0,6.0,0.0,4.0,4.0,0.0,2.0,2.0,0.0,0.0,1.0,-1.0,0.0,0.0,0.0,50.0,16.7,14.3,57.1,14.0,19.0,23.0,18.0
2017-12-11,2017,Maritimo,Sp Braga,1.0,0.0,H,U,3.29,3.25,2.2,D,2.0,2.0,2.0,4.0,8,2.0,2.0,0.0,1.0,5.0,5.0,0.0,2.0,5.0,-3.0,3.0,0.0,3.0,1.0,0.0,1.0,0.0,1.0,-1.0,71.4,0.0,50.0,33.3,16.0,17.0,12.0,30.0
2017-12-11,2017,Guimaraes,Feirense,1.0,0.0,H,U,1.61,3.6,6.0,D,3.0,0.0,8.0,2.0,7,2.0,0.0,1.0,4.0,7.0,2.0,5.0,7.0,7.0,0.0,0.0,-5.0,5.0,0.0,0.0,0.0,1.0,1.0,0.0,50.0,33.3,16.7,66.7,18.0,12.0,35.0,21.0
2017-12-10,2017,Setubal,Porto,0.0,5.0,A,O,15.0,6.5,1.18,A,1.0,9.0,2.0,7.0,8,1.0,2.0,2.0,0.0,5.0,6.0,-1.0,5.0,2.0,3.0,0.0,4.0,-4.0,1.0,1.0,0.0,0.0,0.0,0.0,28.6,28.6,66.7,0.0,18.0,18.0,19.0,15.0
2017-12-10,2017,Portimonense,Chaves,0.0,1.0,A,U,2.04,3.39,3.5,D,7.0,1.0,8.0,7.0,7,3.0,2.0,0.0,2.0,11.0,4.0,7.0,5.0,6.0,-1.0,6.0,-2.0,8.0,2.0,1.0,1.0,0.0,1.0,-1.0,66.7,16.7,28.6,57.1,30.0,10.0,27.0,19.0
2017-12-10,2017,Belenenses,Pacos Ferreira,1.0,1.0,D,U,1.95,3.2,4.2,A,4.0,3.0,10.0,3.0,7,3.0,0.0,1.0,4.0,6.0,3.0,3.0,2.0,15.0,-13.0,4.0,-12.0,16.0,1.0,0.0,1.0,0.0,4.0,-4.0,66.7,16.7,0.0,85.7,17.0,12.0,20.0,12.0
2017-12-09,2017,Boavista,Sp Lisbon,1.0,3.0,A,O,7.0,4.33,1.44,A,2.0,6.0,2.0,5.0,7,3.0,3.0,1.0,0.0,4.0,7.0,-3.0,4.0,4.0,0.0,0.0,3.0,-3.0,0.0,0.0,0.0,1.0,0.0,1.0,66.7,33.3,83.3,0.0,10.0,17.0,19.0,26.0
2017-12-09,2017,Benfica,Estoril,3.0,1.0,H,O,1.12,8.0,21.0,H,3.0,5.0,5.0,9.0,7,4.0,0.0,0.0,3.0,11.0,1.0,10.0,1.0,9.0,-8.0,10.0,-8.0,18.0,2.0,0.0,2.0,0.0,1.0,-1.0,100.0,0.0,14.3,71.4,34.0,15.0,35.0,22.0
2017-12-09,2017,Aves,Tondela,0.0,1.0,A,U,1.95,3.29,4.0,D,8.0,4.0,1.0,4.0,8,0.0,0.0,2.0,3.0,3.0,1.0,2.0,7.0,7.0,0.0,-4.0,-6.0,2.0,0.0,0.0,0.0,2.0,3.0,-1.0,14.3,57.1,16.7,50.0,16.0,7.0,15.0,14.0
2017-12-08,2017,Rio Ave,Moreirense,2.0,1.0,H,O,1.64,3.5,5.75,D,6.0,2.0,3.0,1.0,8,1.0,0.0,3.0,4.0,3.0,2.0,1.0,5.0,10.0,-5.0,-2.0,-8.0,6.0,0.0,0.0,0.0,0.0,2.0,-2.0,42.9,42.9,14.3,71.4,17.0,15.0,25.0,20.0
2017-12-04,2017,Estoril,Portimonense,0.0,0.0,D,U,2.45,3.1,3.0,D,6.0,2.0,7.0,4.0,6,0.0,0.0,4.0,2.0,0.0,7.0,-7.0,9.0,11.0,-2.0,-9.0,-4.0,-5.0,0.0,0.0,0.0,4.0,1.0,3.0,20.0,80.0,0.0,66.7,16.0,18.0,30.0,14.0
2017-12-03,2017,Sp Braga,Pacos Ferreira,3.0,0.0,H,O,1.44,4.2,7.5,D,6.0,1.0,8.0,4.0,7,4.0,0.0,0.0,3.0,12.0,5.0,7.0,2.0,14.0,-12.0,10.0,-9.0,19.0,2.0,0.0,2.0,0.0,3.0,-3.0,83.3,16.7,0.0,83.3,24.0,18.0,23.0,12.0
2017-12-03,2017,Setubal,Guimaraes,1.0,2.0,A,O,3.1,3.1,2.39,A,4.0,2.0,7.0,3.0,7,2.0,2.0,1.0,2.0,6.0,5.0,1.0,3.0,4.0,-1.0,3.0,1.0,2.0,2.0,1.0,1.0,0.0,0.0,0.0,33.3,16.7,33.3,50.0,17.0,11.0,14.0,18.0
2017-12-03,2017,Feirense,Aves,0.0,1.0,A,U,2.45,3.1,3.0,D,3.0,8.0,4.0,9.0,7,1.0,1.0,3.0,2.0,4.0,4.0,0.0,8.0,5.0,3.0,-4.0,-1.0,-3.0,0.0,0.0,0.0,1.0,0.0,1.0,33.3,50.0,20.0,40.0,13.0,17.0,27.0,17.0
2017-12-02,2017,Tondela,Rio Ave,1.0,3.0,A,O,2.89,3.25,2.39,A,2.0,3.0,4.0,2.0,7,2.0,1.0,1.0,2.0,8.0,2.0,6.0,6.0,2.0,4.0,2.0,0.0,2.0,1.0,1.0,0.0,0.0,0.0,0.0,33.3,50.0,40.0,40.0,21.0,13.0,18.0,16.0
2017-12-02,2017,Moreirense,Maritimo,1.0,1.0,D,U,2.5,3.0,3.0,D,5.0,2.0,8.0,3.0,6,0.0,2.0,2.0,2.0,2.0,5.0,-3.0,6.0,6.0,0.0,-4.0,-1.0,-3.0,0.0,0.0,0.0,1.0,1.0,0.0,0.0,40.0,40.0,60.0,15.0,12.0,18.0,15.0
2017-12-02,2017,Chaves,Boavista,0.0,0.0,D,U,2.04,3.0,4.09,D,3.0,5.0,6.0,1.0,6,2.0,1.0,1.0,2.0,8.0,6.0,2.0,5.0,5.0,0.0,3.0,1.0,2.0,2.0,1.0,1.0,1.0,0.0,1.0,40.0,40.0,16.7,66.7,23.0,19.0,33.0,22.0
2017-12-01,2017,Sp Lisbon,Belenenses,1.0,0.0,H,U,1.18,7.0,14.0,H,4.0,3.0,5.0,3.0,7,2.0,1.0,0.0,3.0,9.0,5.0,4.0,3.0,7.0,-4.0,6.0,-2.0,8.0,2.0,1.0,1.0,0.0,2.0,-2.0,66.7,0.0,16.7,83.3,16.0,16.0,22.0,8.0
2017-12-01,2017,Porto,Benfica,0.0,0.0,D,U,1.75,3.5,4.75,D,5.0,1.0,7.0,5.0,7,4.0,2.0,0.0,1.0,16.0,8.0,8.0,3.0,5.0,-2.0,13.0,3.0,10.0,4.0,2.0,2.0,0.0,0.0,0.0,100.0,0.0,50.0,16.7,37.0,31.0,27.0,34.0
2017-11-27,2017,Sp Braga,Feirense,3.0,1.0,H,O,1.44,4.2,7.5,H,7.0,4.0,6.0,3.0,6,3.0,1.0,1.0,3.0,9.0,3.0,6.0,2.0,4.0,-2.0,7.0,-1.0,8.0,1.0,1.0,0.0,0.0,0.0,0.0,80.0,20.0,20.0,60.0,17.0,13.0,22.0,21.0
2017-11-27,2017,Rio Ave,Guimaraes,0.0,1.0,A,U,2.0,3.39,3.75,A,4.0,2.0,12.0,5.0,7,1.0,1.0,2.0,2.0,4.0,4.0,0.0,5.0,4.0,1.0,-1.0,0.0,-1.0,0.0,1.0,-1.0,0.0,0.0,0.0,50.0,33.3,20.0,60.0,16.0,11.0,17.0,20.0
2017-11-26,2017,Pacos Ferreira,Sp Lisbon,1.0,2.0,A,O,8.0,4.75,1.36,A,5.0,5.0,10.0,5.0,6,3.0,3.0,0.0,0.0,5.0,10.0,-5.0,2.0,3.0,-1.0,3.0,7.0,-4.0,0.0,1.0,-1.0,0.0,0.0,0.0,60.0,0.0,80.0,0.0,13.0,22.0,17.0,24.0
2017-11-26,2017,Maritimo,Estoril,0.0,0.0,D,U,2.0,3.2,4.0,D,1.0,4.0,2.0,6.0,7,3.0,0.0,0.0,4.0,6.0,2.0,4.0,2.0,11.0,-9.0,4.0,-9.0,13.0,1.0,0.0,1.0,0.0,1.0,-1.0,83.3,0.0,16.7,83.3,19.0,14.0,18.0,19.0
2017-11-26,2017,Benfica,Setubal,6.0,0.0,H,O,1.18,7.0,13.0,H,12.0,2.0,12.0,2.0,6,4.0,0.0,0.0,3.0,10.0,4.0,6.0,1.0,9.0,-8.0,9.0,-5.0,14.0,2.0,0.0,2.0,0.0,1.0,-1.0,100.0,0.0,0.0,80.0,36.0,13.0,29.0,16.0
2017-11-25,2017,Portimonense,Tondela,2.0,0.0,H,U,1.9,3.5,3.89,H,7.0,3.0,5.0,5.0,6,2.0,1.0,1.0,2.0,10.0,4.0,6.0,7.0,5.0,2.0,3.0,-1.0,4.0,1.0,1.0,0.0,0.0,2.0,-2.0,60.0,20.0,20.0,40.0,26.0,10.0,26.0,14.0
2017-11-25,2017,Boavista,Moreirense,1.0,0.0,H,U,2.04,3.25,3.75,H,3.0,1.0,3.0,6.0,6,3.0,1.0,1.0,3.0,4.0,4.0,0.0,4.0,9.0,-5.0,0.0,-5.0,5.0,0.0,1.0,-1.0,1.0,2.0,-1.0,60.0,40.0,16.7,66.7,10.0,18.0,18.0,18.0
2017-11-25,2017,Aves,Porto,1.0,1.0,D,U,11.0,5.0,1.3,A,3.0,1.0,2.0,4.0,7,1.0,3.0,2.0,0.0,4.0,6.0,-2.0,7.0,1.0,6.0,-3.0,5.0,-8.0,0.0,1.0,-1.0,2.0,0.0,2.0,16.7,66.7,80.0,0.0,17.0,24.0,17.0,18.0
2017-11-24,2017,Belenenses,Chaves,0.0,1.0,A,U,2.25,3.1,3.39,A,4.0,1.0,10.0,4.0,6,3.0,1.0,0.0,3.0,7.0,3.0,4.0,2.0,9.0,-7.0,5.0,-6.0,11.0,1.0,1.0,0.0,0.0,2.0,-2.0,80.0,0.0,16.7,66.7,18.0,12.0,16.0,17.0
2017-11-05,2017,Sp Lisbon,Sp Braga,2.0,2.0,D,O,1.44,4.2,7.5,D,6.0,4.0,5.0,9.0,6,3.0,3.0,0.0,1.0,9.0,5.0,4.0,2.0,3.0,-1.0,7.0,2.0,5.0,2.0,1.0,1.0,0.0,1.0,-1.0,80.0,0.0,60.0,40.0,14.0,22.0,24.0,29.0
2017-11-05,2017,Guimaraes,Benfica,1.0,3.0,A,O,6.5,3.6,1.57,A,1.0,5.0,7.0,5.0,6,2.0,1.0,1.0,1.0,6.0,6.0,0.0,9.0,5.0,4.0,-3.0,1.0,-4.0,0.0,1.0,-1.0,1.0,0.0,1.0,60.0,20.0,40.0,20.0,20.0,30.0,33.0,34.0
2017-11-05,2017,Feirense,Maritimo,0.0,1.0,A,U,2.39,3.0,3.2,A,1.0,4.0,9.0,4.0,6,2.0,1.0,2.0,3.0,6.0,4.0,2.0,8.0,7.0,1.0,-2.0,-3.0,1.0,0.0,0.0,0.0,1.0,1.0,0.0,40.0,40.0,25.0,75.0,19.0,13.0,23.0,15.0
2017-11-05,2017,Chaves,Pacos Ferreira,4.0,2.0,H,O,2.04,3.1,4.0,D,7.0,6.0,7.0,4.0,5,1.0,0.0,2.0,3.0,4.0,4.0,0.0,4.0,12.0,-8.0,0.0,-8.0,8.0,1.0,0.0,1.0,1.0,2.0,-1.0,25.0,50.0,0.0,80.0,20.0,15.0,31.0,13.0
2017-11-04,2017,Tondela,Boavista,3.0,2.0,H,O,2.37,3.0,3.25,D,6.0,4.0,3.0,9.0,6,1.0,1.0,2.0,2.0,7.0,4.0,3.0,7.0,3.0,4.0,0.0,1.0,-1.0,1.0,1.0,0.0,0.0,0.0,0.0,20.0,60.0,20.0,60.0,22.0,16.0,21.0,19.0
2017-11-04,2017,Porto,Belenenses,2.0,0.0,H,U,1.1,9.0,21.0,H,9.0,3.0,8.0,3.0,6,4.0,1.0,0.0,3.0,17.0,5.0,12.0,3.0,10.0,-7.0,14.0,-5.0,19.0,4.0,1.0,3.0,0.0,2.0,-2.0,100.0,0.0,20.0,80.0,39.0,17.0,32.0,7.0
2017-11-04,2017,Moreirense,Portimonense,1.0,1.0,D,U,2.39,3.1,3.1,D,5.0,4.0,3.0,4.0,5,0.0,0.0,2.0,3.0,1.0,6.0,-5.0,5.0,12.0,-7.0,-4.0,-6.0,2.0,0.0,0.0,0.0,1.0,2.0,-1.0,0.0,50.0,0.0,80.0,10.0,18.0,23.0,16.0
2017-11-04,2017,Estoril,Rio Ave,0.0,2.0,A,U,3.6,3.1,2.14,A,3.0,8.0,2.0,5.0,5,1.0,1.0,3.0,2.0,3.0,2.0,1.0,7.0,3.0,4.0,-4.0,-1.0,-3.0,1.0,0.0,1.0,3.0,0.0,3.0,25.0,75.0,25.0,50.0,18.0,7.0,32.0,14.0
2017-11-03,2017,Setubal,Aves,0.0,1.0,A,U,2.1,3.2,3.6,D,4.0,5.0,2.0,7.0,6,2.0,0.0,0.0,2.0,7.0,5.0,2.0,3.0,7.0,-4.0,4.0,-2.0,6.0,2.0,0.0,2.0,0.0,0.0,0.0,40.0,0.0,0.0,50.0,22.0,15.0,20.0,13.0
2017-10-30,2017,Portimonense,Setubal,5.0,2.0,H,O,2.14,3.1,3.6,H,11.0,4.0,4.0,2.0,5,2.0,0.0,1.0,3.0,7.0,2.0,5.0,6.0,5.0,1.0,1.0,-3.0,4.0,0.0,0.0,0.0,0.0,0.0,0.0,50.0,25.0,0.0,75.0,19.0,10.0,31.0,15.0
2017-10-29,2017,Sp Braga,Chaves,1.0,0.0,H,U,1.53,4.0,6.0,D,5.0,2.0,12.0,5.0,5,3.0,1.0,1.0,2.0,10.0,4.0,6.0,3.0,9.0,-6.0,7.0,-5.0,12.0,1.0,1.0,0.0,0.0,2.0,-2.0,75.0,25.0,20.0,60.0,16.0,12.0,15.0,13.0
2017-10-29,2017,Pacos Ferreira,Estoril,1.0,0.0,H,U,2.04,3.1,4.0,H,1.0,1.0,6.0,7.0,5,2.0,1.0,0.0,3.0,6.0,5.0,1.0,4.0,12.0,-8.0,2.0,-7.0,9.0,0.0,0.0,0.0,0.0,1.0,-1.0,50.0,0.0,20.0,80.0,17.0,17.0,13.0,13.0
2017-10-29,2017,Aves,Guimaraes,1.0,3.0,A,O,2.45,3.0,3.1,A,4.0,5.0,6.0,1.0,6,1.0,0.0,2.0,3.0,3.0,1.0,2.0,6.0,6.0,0.0,-3.0,-5.0,2.0,0.0,0.0,0.0,2.0,1.0,1.0,20.0,60.0,0.0,75.0,17.0,7.0,15.0,26.0
2017-10-28,2017,Maritimo,Tondela,2.0,0.0,H,U,1.95,3.2,4.2,H,4.0,3.0,3.0,2.0,6,3.0,1.0,0.0,1.0,5.0,5.0,0.0,2.0,4.0,-2.0,3.0,1.0,2.0,0.0,1.0,-1.0,0.0,1.0,-1.0,80.0,0.0,25.0,25.0,17.0,13.0,17.0,15.0
2017-10-28,2017,Boavista,Porto,0.0,3.0,A,O,9.0,4.5,1.36,D,1.0,6.0,7.0,5.0,5,3.0,3.0,1.0,0.0,5.0,4.0,1.0,3.0,1.0,2.0,2.0,3.0,-1.0,0.0,0.0,0.0,0.0,0.0,0.0,75.0,25.0,75.0,0.0,11.0,24.0,13.0,19.0
2017-10-28,2017,Belenenses,Moreirense,3.0,0.0,H,O,2.1,3.0,4.0,H,4.0,2.0,3.0,6.0,5,3.0,1.0,0.0,3.0,5.0,4.0,1.0,2.0,9.0,-7.0,3.0,-5.0,8.0,0.0,1.0,-1.0,0.0,2.0,-2.0,75.0,0.0,20.0,60.0,18.0,18.0,22.0,15.0
2017-10-27,2017,Rio Ave,Sp Lisbon,0.0,1.0,A,U,7.5,3.6,1.53,D,5.0,1.0,8.0,3.0,6,2.0,3.0,1.0,0.0,6.0,11.0,-5.0,4.0,3.0,1.0,2.0,8.0,-6.0,1.0,2.0,-1.0,0.0,0.0,0.0,60.0,20.0,75.0,0.0,18.0,30.0,13.0,24.0
2017-10-27,2017,Benfica,Feirense,1.0,0.0,H,U,1.14,8.5,13.0,H,5.0,4.0,7.0,6.0,5,4.0,1.0,0.0,2.0,12.0,3.0,9.0,2.0,3.0,-1.0,10.0,0.0,10.0,3.0,1.0,2.0,0.0,0.0,0.0,100.0,0.0,25.0,50.0,40.0,13.0,28.0,19.0
2017-10-23,2017,Moreirense,Sp Braga,0.0,1.0,A,U,3.75,3.2,2.04,D,1.0,6.0,4.0,7.0,4,,2.0,,2.0,,5.0,,,6.0,,,-1.0,,,1.0,,,2.0,,0.0,33.3,50.0,50.0,,17.0,,24.0
2017-10-23,2017,Guimaraes,Portimonense,3.0,3.0,D,O,1.83,3.39,4.5,A,8.0,6.0,8.0,3.0,5,3.0,0.0,1.0,4.0,6.0,4.0,2.0,8.0,11.0,-3.0,-2.0,-7.0,5.0,0.0,0.0,0.0,1.0,2.0,-1.0,75.0,25.0,0.0,100.0,20.0,13.0,34.0,20.0
2017-10-22,2017,Tondela,Belenenses,2.0,0.0,H,U,2.45,3.0,3.1,D,5.0,2.0,2.0,1.0,5,0.0,1.0,3.0,3.0,5.0,5.0,0.0,8.0,9.0,-1.0,-3.0,-4.0,1.0,0.0,1.0,-1.0,0.0,1.0,-1.0,0.0,75.0,25.0,75.0,19.0,18.0,21.0,14.0
2017-10-22,2017,Sp Lisbon,Chaves,5.0,1.0,H,O,1.19,6.5,13.0,H,5.0,2.0,4.0,4.0,5,3.0,1.0,0.0,2.0,5.0,5.0,0.0,1.0,7.0,-6.0,4.0,-2.0,6.0,1.0,1.0,0.0,0.0,1.0,-1.0,75.0,0.0,25.0,50.0,14.0,13.0,27.0,16.0
2017-10-22,2017,Aves,Benfica,1.0,3.0,A,O,8.0,4.75,1.36,A,3.0,12.0,5.0,10.0,5,1.0,1.0,2.0,1.0,2.0,4.0,-2.0,5.0,4.0,1.0,-3.0,0.0,-3.0,0.0,0.0,0.0,2.0,0.0,2.0,25.0,50.0,25.0,25.0,16.0,27.0,16.0,37.0
2017-10-21,2017,Setubal,Maritimo,3.0,1.0,H,O,2.37,3.0,3.25,A,6.0,3.0,6.0,2.0,5,1.0,,0.0,,5.0,,,3.0,,,2.0,,,1.0,,,0.0,,,25.0,0.0,33.3,66.7,18.0,,18.0,
2017-10-21,2017,Porto,Pacos Ferreira,6.0,1.0,H,O,1.12,8.5,23.0,H,12.0,3.0,6.0,2.0,5,4.0,0.0,0.0,3.0,15.0,3.0,12.0,2.0,7.0,-5.0,13.0,-4.0,17.0,4.0,0.0,4.0,0.0,1.0,-1.0,100.0,0.0,0.0,75.0,35.0,13.0,36.0,18.0
2017-10-21,2017,Feirense,Rio Ave,1.0,0.0,H,U,2.89,3.0,2.6,H,2.0,3.0,5.0,5.0,5,1.0,,2.0,,6.0,,,9.0,,,-3.0,,,0.0,,,1.0,,,25.0,50.0,33.3,33.3,22.0,,23.0,
2017-10-20,2017,Estoril,Boavista,0.0,3.0,A,O,2.2,3.0,3.6,A,4.0,6.0,11.0,2.0,4,,0.0,,3.0,,2.0,,,5.0,,,-3.0,,,0.0,,,0.0,,33.3,66.7,0.0,75.0,,12.0,,21.0
2017-10-01,2017,Sp Lisbon,Porto,0.0,0.0,D,U,2.45,3.2,2.9,D,1.0,6.0,10.0,2.0,4,,,,,,,,,,,,,,,,,,,,100.0,0.0,100.0,0.0,,,,
2017-10-01,2017,Sp Braga,Estoril,6.0,0.0,H,O,1.57,3.8,6.0,H,9.0,3.0,4.0,5.0,4,,1.0,,3.0,,5.0,,,10.0,,,-5.0,,,0.0,,,1.0,,66.7,33.3,25.0,75.0,,18.0,,13.0
2017-10-01,2017,Maritimo,Benfica,1.0,1.0,D,U,8.0,4.0,1.45,A,6.0,5.0,4.0,8.0,5,4.0,,0.0,,5.0,,,1.0,,,4.0,,,0.0,,,0.0,,,100.0,0.0,33.3,33.3,14.0,,13.0,
2017-10-01,2017,Belenenses,Guimaraes,1.0,0.0,H,U,2.38,3.1,3.1,H,2.0,2.0,1.0,11.0,4,,,,,,,,,,,,,,,,,,,,66.7,0.0,0.0,66.7,,,,
2017-09-30,2017,Rio Ave,Setubal,2.0,1.0,H,O,1.91,3.25,4.33,D,6.0,1.0,3.0,4.0,5,2.0,,1.0,,5.0,,,3.0,,,2.0,,,1.0,,,0.0,,,50.0,25.0,0.0,66.7,17.0,,14.0,
2017-09-30,2017,Portimonense,Aves,2.0,2.0,D,O,2.15,3.1,3.6,D,5.0,2.0,11.0,1.0,4,,,,,,,,,,,,,,,,,,,,66.7,33.3,0.0,66.7,,,,
2017-09-30,2017,Pacos Ferreira,Moreirense,3.0,2.0,H,O,2.05,3.1,4.0,H,5.0,8.0,2.0,6.0,4,,1.0,,2.0,,3.0,,,7.0,,,-4.0,,,1.0,,,2.0,,33.3,0.0,25.0,50.0,,14.0,,17.0
2017-09-30,2017,Boavista,Feirense,1.0,0.0,H,U,2.0,3.1,4.2,H,2.0,3.0,6.0,8.0,4,,,,,,,,,,,,,,,,,,,,66.7,33.3,33.3,33.3,,,,
2017-09-29,2017,Chaves,Tondela,1.0,1.0,D,U,1.75,3.4,5.0,D,7.0,1.0,10.0,3.0,4,,,,,,,,,,,,,,,,,,,,33.3,66.7,33.3,33.3,,,,
2017-09-25,2017,Setubal,Boavista,1.0,1.0,D,U,2.15,3.0,3.75,D,4.0,4.0,4.0,6.0,4,,,,,,,,,,,,,,,,,,,,33.3,0.0,0.0,100.0,,,,
2017-09-24,2017,Tondela,Sp Braga,1.0,2.0,A,O,3.2,3.2,2.25,D,2.0,3.0,3.0,6.0,4,,,,,,,,,,,,,,,,,,,,0.0,66.7,33.3,66.7,,,,
2017-09-24,2017,Guimaraes,Maritimo,2.0,1.0,H,O,2.0,3.1,4.2,D,5.0,2.0,10.0,4.0,4,,,,,,,,,,,,,,,,,,,,66.7,33.3,50.0,50.0,,,,
2017-09-24,2017,Feirense,Belenenses,1.0,4.0,A,O,2.38,3.0,3.25,A,3.0,7.0,8.0,1.0,4,,,,,,,,,,,,,,,,,,,,33.3,33.3,0.0,100.0,,,,
2017-09-24,2017,Aves,Rio Ave,0.0,0.0,D,U,2.8,3.0,2.7,D,6.0,1.0,2.0,3.0,4,,,,,,,,,,,,,,,,,,,,33.3,66.7,50.0,50.0,,,,
2017-09-23,2017,Moreirense,Sp Lisbon,1.0,1.0,D,U,8.0,4.5,1.4,H,6.0,1.0,3.0,8.0,3,,,,,,,,,,,,,,,,,,,,0.0,50.0,100.0,0.0,,,,
2017-09-23,2017,Estoril,Chaves,0.0,2.0,A,U,2.05,3.2,3.8,A,1.0,5.0,10.0,6.0,3,,,,,,,,,,,,,,,,,,,,50.0,50.0,0.0,66.7,,,,
2017-09-23,2017,Benfica,Pacos Ferreira,2.0,0.0,H,U,1.17,7.5,15.0,H,9.0,2.0,11.0,2.0,4,,,,,,,,,,,,,,,,,,,,100.0,0.0,0.0,66.7,,,,
2017-09-22,2017,Porto,Portimonense,5.0,2.0,H,O,1.14,8.0,15.0,H,9.0,6.0,5.0,4.0,4,,,,,,,,,,,,,,,,,,,,100.0,0.0,0.0,100.0,,,,
2017-09-18,2017,Portimonense,Feirense,2.0,1.0,H,O,2.15,3.1,3.6,H,7.0,1.0,7.0,4.0,3,,,,,,,,,,,,,,,,,,,,50.0,50.0,50.0,0.0,,,,
2017-09-18,2017,Chaves,Moreirense,3.0,0.0,H,O,2.15,3.0,3.8,H,4.0,4.0,3.0,2.0,3,,,,,,,,,,,,,,,,,,,,0.0,100.0,33.3,33.3,,,,
2017-09-17,2017,Sp Braga,Guimaraes,2.0,1.0,H,O,1.95,3.2,4.2,H,3.0,2.0,1.0,1.0,3,,,,,,,,,,,,,,,,,,,,50.0,50.0,0.0,50.0,,,,
2017-09-17,2017,Rio Ave,Porto,1.0,2.0,A,O,9.0,4.5,1.36,D,2.0,5.0,2.0,4.0,4,,,,,,,,,,,,,,,,,,,,66.7,0.0,100.0,0.0,,,,
2017-09-17,2017,Belenenses,Estoril,2.0,1.0,H,O,2.3,3.1,3.3,D,7.0,7.0,6.0,4.0,3,,,,,,,,,,,,,,,,,,,,50.0,0.0,33.3,66.7,,,,
2017-09-16,2017,Sp Lisbon,Tondela,2.0,0.0,H,U,1.14,7.5,17.0,H,4.0,0.0,3.0,4.0,3,,,,,,,,,,,,,,,,,,,,100.0,0.0,50.0,0.0,,,,
2017-09-16,2017,Maritimo,Aves,2.0,1.0,H,O,2.1,3.2,3.6,H,5.0,6.0,3.0,7.0,4,,,,,,,,,,,,,,,,,,,,100.0,0.0,0.0,50.0,,,,
2017-09-16,2017,Boavista,Benfica,2.0,1.0,H,O,7.5,4.5,1.4,A,4.0,9.0,3.0,11.0,3,,,,,,,,,,,,,,,,,,,,50.0,50.0,50.0,0.0,,,,
2017-09-15,2017,Pacos Ferreira,Setubal,1.0,0.0,H,U,2.3,3.0,3.4,D,3.0,4.0,5.0,4.0,3,,,,,,,,,,,,,,,,,,,,0.0,0.0,0.0,50.0,,,,
2017-09-11,2017,Aves,Belenenses,2.0,1.0,H,O,2.15,3.2,3.5,D,4.0,4.0,4.0,3.0,3,,,,,,,,,,,,,,,,,,,,0.0,100.0,0.0,100.0,,,,
2017-09-10,2017,Setubal,Sp Braga,2.0,0.0,H,U,3.1,3.0,2.45,H,3.0,4.0,2.0,8.0,3,,,,,,,,,,,,,,,,,,,,0.0,0.0,50.0,50.0,,,,
2017-09-10,2017,Guimaraes,Boavista,1.0,0.0,H,U,1.95,3.4,3.8,D,4.0,5.0,10.0,5.0,3,,,,,,,,,,,,,,,,,,,,50.0,50.0,0.0,100.0,,,,
2017-09-10,2017,Estoril,Moreirense,0.0,2.0,A,U,1.95,3.1,4.33,A,8.0,4.0,7.0,4.0,2,,,,,,,,,,,,,,,,,,,,100.0,0.0,0.0,50.0,,,,
2017-09-09,2017,Tondela,Pacos Ferreira,2.0,2.0,D,O,2.4,3.1,3.1,H,8.0,7.0,10.0,4.0,3,,,,,,,,,,,,,,,,,,,,0.0,100.0,0.0,100.0,,,,
2017-09-09,2017,Porto,Chaves,3.0,0.0,H,O,1.14,7.5,19.0,D,7.0,3.0,8.0,2.0,3,,,,,,,,,,,,,,,,,,,,100.0,0.0,0.0,50.0,,,,
2017-09-09,2017,Maritimo,Rio Ave,1.0,0.0,H,U,2.88,3.0,2.63,D,4.0,1.0,8.0,3.0,3,,,,,,,,,,,,,,,,,,,,100.0,0.0,100.0,0.0,,,,
2017-09-08,2017,Feirense,Sp Lisbon,2.0,3.0,A,O,9.5,4.5,1.36,D,7.0,10.0,5.0,10.0,3,,,,,,,,,,,,,,,,,,,,50.0,0.0,100.0,0.0,,,,
2017-09-08,2017,Benfica,Portimonense,2.0,1.0,H,O,1.14,7.5,17.0,D,8.0,2.0,5.0,3.0,3,,,,,,,,,,,,,,,,,,,,100.0,0.0,0.0,100.0,,,,
2017-08-28,2017,Portimonense,Maritimo,1.0,2.0,A,O,2.2,2.9,3.75,D,3.0,3.0,4.0,5.0,2,,,,,,,,,,,,,,,,,,,,100.0,0.0,0.0,100.0,,,,
2017-08-27,2017,Sp Lisbon,Estoril,2.0,1.0,H,O,1.14,8.0,15.0,H,4.0,3.0,7.0,3.0,2,,,,,,,,,,,,,,,,,,,,100.0,0.0,50.0,50.0,,,,
2017-08-27,2017,Sp Braga,Porto,0.0,1.0,A,U,8.5,4.2,1.4,A,0.0,7.0,5.0,7.0,2,,,,,,,,,,,,,,,,,,,,100.0,0.0,100.0,0.0,,,,
2017-08-27,2017,Boavista,Aves,1.0,0.0,H,U,2.25,3.0,3.5,D,3.0,4.0,2.0,2.0,2,,,,,,,,,,,,,,,,,,,,0.0,100.0,0.0,0.0,,,,
2017-08-26,2017,Rio Ave,Benfica,1.0,1.0,D,U,6.5,4.0,1.53,D,3.0,4.0,4.0,5.0,3,,,,,,,,,,,,,,,,,,,,100.0,0.0,100.0,0.0,,,,
2017-08-26,2017,Pacos Ferreira,Guimaraes,0.0,0.0,D,U,2.6,2.88,3.0,D,4.0,2.0,4.0,7.0,2,,,,,,,,,,,,,,,,,,,,0.0,0.0,0.0,100.0,,,,
2017-08-26,2017,Moreirense,Tondela,0.0,3.0,A,O,2.1,3.0,4.0,A,3.0,6.0,8.0,5.0,2,,,,,,,,,,,,,,,,,,,,0.0,0.0,0.0,0.0,,,,
2017-08-26,2017,Chaves,Feirense,0.0,2.0,A,U,1.91,3.3,4.2,A,5.0,5.0,13.0,3.0,2,,,,,,,,,,,,,,,,,,,,0.0,100.0,0.0,0.0,,,,
2017-08-25,2017,Belenenses,Setubal,1.0,1.0,D,U,2.4,3.0,3.2,H,5.0,4.0,6.0,6.0,2,,,,,,,,,,,,,,,,,,,,100.0,0.0,0.0,100.0,,,,
2017-08-21,2017,Feirense,Pacos Ferreira,2.0,1.0,H,O,2.5,3.1,2.9,D,7.0,3.0,5.0,5.0,2,,,,,,,,,,,,,,,,,,,,0.0,0.0,0.0,100.0,,,,
2017-08-20,2017,Setubal,Chaves,1.0,1.0,D,U,2.6,3.0,2.9,D,9.0,2.0,8.0,1.0,2,,,,,,,,,,,,,,,,,,,,0.0,0.0,0.0,100.0,,,,
2017-08-20,2017,Porto,Moreirense,3.0,0.0,H,O,1.14,7.5,17.0,H,11.0,2.0,13.0,3.0,2,,,,,,,,,,,,,,,,,,,,100.0,0.0,0.0,0.0,,,,
2017-08-20,2017,Maritimo,Boavista,1.0,0.0,H,U,2.15,3.1,3.6,D,2.0,1.0,2.0,6.0,2,,,,,,,,,,,,,,,,,,,,100.0,0.0,0.0,100.0,,,,
2017-08-20,2017,Aves,Sp Braga,0.0,2.0,A,U,3.1,3.25,2.3,D,4.0,9.0,4.0,8.0,2,,,,,,,,,,,,,,,,,,,,0.0,100.0,0.0,100.0,,,,
2017-08-19,2017,Tondela,Estoril,2.0,3.0,A,O,2.25,3.25,3.2,A,7.0,4.0,6.0,1.0,2,,,,,,,,,,,,,,,,,,,,0.0,100.0,0.0,100.0,,,,
2017-08-19,2017,Guimaraes,Sp Lisbon,0.0,5.0,A,O,4.75,3.6,1.75,A,3.0,10.0,5.0,3.0,2,,,,,,,,,,,,,,,,,,,,100.0,0.0,100.0,0.0,,,,
2017-08-19,2017,Benfica,Belenenses,5.0,0.0,H,O,1.2,6.25,15.0,H,14.0,4.0,6.0,2.0,2,,,,,,,,,,,,,,,,,,,,100.0,0.0,0.0,100.0,,,,
2017-08-18,2017,Rio Ave,Portimonense,2.0,0.0,H,U,1.7,3.6,5.0,D,7.0,4.0,4.0,6.0,2,,,,,,,,,,,,,,,,,,,,100.0,0.0,0.0,100.0,,,,
2017-08-14,2017,Estoril,Guimaraes,3.0,0.0,H,O,3.2,3.2,2.3,H,5.0,1.0,4.0,7.0,1,,,,,,,,,,,,,,,,,,,,,,,,,,,
2017-08-14,2017,Chaves,Benfica,0.0,1.0,A,U,7.0,4.75,1.4,D,4.0,9.0,5.0,13.0,1,,,,,,,,,,,,,,,,,,,,,,,,,,,
2017-08-13,2017,Tondela,Porto,0.0,1.0,A,U,11.0,5.0,1.29,A,2.0,6.0,2.0,6.0,1,,,,,,,,,,,,,,,,,,,,,,,,,,,
2017-08-13,2017,Sp Braga,Portimonense,2.0,1.0,H,O,1.53,4.0,6.0,D,4.0,1.0,5.0,7.0,1,,,,,,,,,,,,,,,,,,,,,,,,,,,
2017-08-13,2017,Pacos Ferreira,Aves,2.0,2.0,D,O,1.91,3.3,4.2,A,5.0,3.0,2.0,3.0,1,,,,,,,,,,,,,,,,,,,,,,,,,,,
2017-08-12,2017,Moreirense,Feirense,0.0,0.0,D,U,2.4,3.0,3.2,D,0.0,4.0,8.0,4.0,1,,,,,,,,,,,,,,,,,,,,,,,,,,,
2017-08-12,2017,Boavista,Rio Ave,1.0,2.0,A,O,3.0,3.0,2.5,A,2.0,2.0,2.0,3.0,1,,,,,,,,,,,,,,,,,,,,,,,,,,,
2017-08-12,2017,Belenenses,Maritimo,1.0,0.0,H,U,2.4,3.0,3.2,D,4.0,5.0,9.0,4.0,1,,,,,,,,,,,,,,,,,,,,,,,,,,,
2017-08-11,2017,Sp Lisbon,Setubal,1.0,0.0,H,U,1.2,6.5,13.0,D,5.0,1.0,7.0,1.0,1,,,,,,,,,,,,,,,,,,,,,,,,,,,
2017-08-10,2017,Guimaraes,Chaves,3.0,2.0,H,O,1.65,3.6,5.5,H,8.0,3.0,9.0,7.0,1,,,,,,,,,,,,,,,,,,,,,,,,,,,
2017-08-09,2017,Porto,Estoril,4.0,0.0,H,O,1.18,6.5,15.0,H,8.0,4.0,10.0,5.0,1,,,,,,,,,,,,,,,,,,,,,,,,,,,
2017-08-09,2017,Benfica,Sp Braga,3.0,1.0,H,O,1.36,4.75,8.5,H,9.0,1.0,6.0,2.0,1,,,,,,,,,,,,,,,,,,,,,,,,,,,
2017-08-08,2017,Maritimo,Pacos Ferreira,1.0,0.0,H,U,2.0,3.2,4.0,D,3.0,1.0,0.0,7.0,1,,,,,,,,,,,,,,,,,,,,,,,,,,,
2017-08-07,2017,Rio Ave,Belenenses,1.0,0.0,H,U,1.91,3.4,4.0,H,5.0,3.0,4.0,8.0,1,,,,,,,,,,,,,,,,,,,,,,,,,,,
2017-08-07,2017,Portimonense,Boavista,2.0,1.0,H,O,2.4,2.9,3.25,A,4.0,2.0,9.0,4.0,1,,,,,,,,,,,,,,,,,,,,,,,,,,,
2017-08-07,2017,Feirense,Tondela,1.0,1.0,D,U,2.2,3.2,3.4,A,5.0,6.0,5.0,3.0,1,,,,,,,,,,,,,,,,,,,,,,,,,,,
2017-08-06,2017,Setubal,Moreirense,1.0,1.0,D,U,2.5,3.0,3.0,H,2.0,4.0,4.0,8.0,1,,,,,,,,,,,,,,,,,,,,,,,,,,,
2017-08-06,2017,Aves,Sp Lisbon,0.0,2.0,A,U,9.0,4.2,1.4,A,2.0,9.0,6.0,3.0,1,,,,,,,,,,,,,,,,,,,,,,,,,,,
2017-05-21,2016,Tondela,Sp Braga,2.0,0.0,H,U,1.67,3.7,5.25,H,,,,,17,3.0,2.0,1.0,2.0,6.0,5.0,1.0,4.0,6.0,-2.0,2.0,-1.0,3.0,1.0,0.0,1.0,1.0,1.0,0.0,37.5,43.8,31.2,37.5,,,,
2017-05-21,2016,Sp Lisbon,Chaves,4.0,1.0,H,O,1.29,5.25,10.0,H,,,,,17,2.0,0.0,1.0,3.0,8.0,4.0,4.0,4.0,7.0,-3.0,4.0,-3.0,7.0,2.0,0.0,2.0,1.0,0.0,1.0,68.8,12.5,12.5,50.0,,,,
2017-05-21,2016,Moreirense,Porto,3.0,1.0,H,O,4.5,3.75,1.73,H,,,,,17,1.0,1.0,1.0,0.0,3.0,5.0,-2.0,3.0,3.0,0.0,0.0,2.0,-2.0,0.0,1.0,-1.0,0.0,0.0,0.0,18.8,37.5,50.0,6.2,,,,
2017-05-21,2016,Estoril,Arouca,4.0,2.0,H,O,2.2,3.25,3.3,H,,,,,17,2.0,0.0,1.0,3.0,5.0,2.0,3.0,2.0,8.0,-6.0,3.0,-6.0,9.0,1.0,0.0,1.0,0.0,2.0,-2.0,31.2,56.2,18.8,62.5,,,,
2017-05-20,2016,Rio Ave,Belenenses,2.0,0.0,H,U,1.5,4.0,7.0,H,,,,,17,2.0,1.0,1.0,3.0,6.0,3.0,3.0,3.0,11.0,-8.0,3.0,-8.0,11.0,1.0,1.0,0.0,0.0,3.0,-3.0,43.8,31.2,31.2,50.0,,,,
2017-05-20,2016,Pacos Ferreira,Maritimo,0.0,0.0,D,U,3.0,3.0,2.5,D,,,,,17,1.0,0.0,1.0,3.0,4.0,4.0,0.0,3.0,11.0,-8.0,1.0,-7.0,8.0,1.0,0.0,1.0,0.0,2.0,-2.0,37.5,18.8,18.8,50.0,,,,
2017-05-20,2016,Nacional,Setubal,1.0,2.0,A,O,2.45,3.1,3.0,D,,,,,17,0.0,0.0,3.0,2.0,2.0,2.0,0.0,6.0,6.0,0.0,-4.0,-4.0,0.0,0.0,0.0,0.0,1.0,1.0,0.0,12.5,50.0,12.5,56.2,,,,
2017-05-20,2016,Guimaraes,Feirense,0.0,1.0,A,U,1.62,3.6,6.0,D,,,,,17,4.0,2.0,0.0,1.0,8.0,3.0,5.0,1.0,3.0,-2.0,7.0,0.0,7.0,2.0,0.0,2.0,0.0,1.0,-1.0,50.0,18.8,37.5,37.5,,,,
2017-05-20,2016,Boavista,Benfica,2.0,2.0,D,O,7.5,4.2,1.45,H,,,,,17,1.0,2.0,1.0,0.0,3.0,3.0,0.0,3.0,1.0,2.0,0.0,2.0,-2.0,0.0,0.0,0.0,0.0,0.0,0.0,31.2,37.5,68.8,12.5,,,,
2017-05-15,2016,Setubal,Boavista,0.0,1.0,A,U,2.45,3.1,3.0,A,,,,,17,1.0,0.0,3.0,2.0,3.0,0.0,3.0,7.0,6.0,1.0,-4.0,-6.0,2.0,1.0,0.0,1.0,2.0,2.0,0.0,43.8,37.5,25.0,31.2,,,,
2017-05-14,2016,Sp Braga,Nacional,4.0,0.0,H,O,1.3,5.5,9.5,H,,,,,17,1.0,1.0,1.0,2.0,9.0,3.0,6.0,8.0,6.0,2.0,1.0,-3.0,4.0,1.0,0.0,1.0,0.0,2.0,-2.0,56.2,18.8,12.5,68.8,,,,
2017-05-14,2016,Porto,Pacos Ferreira,4.0,1.0,H,O,1.14,8.0,15.0,H,,,,,17,2.0,1.0,0.0,1.0,11.0,3.0,8.0,1.0,3.0,-2.0,10.0,0.0,10.0,2.0,0.0,2.0,0.0,0.0,0.0,81.2,0.0,12.5,62.5,,,,
2017-05-14,2016,Maritimo,Estoril,1.0,1.0,D,U,1.67,3.6,5.25,D,,,,,17,3.0,2.0,0.0,1.0,9.0,9.0,0.0,3.0,6.0,-3.0,6.0,3.0,3.0,2.0,2.0,0.0,0.0,0.0,0.0,62.5,12.5,25.0,43.8,,,,
2017-05-14,2016,Chaves,Rio Ave,2.0,2.0,D,O,3.3,3.25,2.2,H,,,,,17,1.0,2.0,2.0,2.0,3.0,4.0,-1.0,5.0,5.0,0.0,-2.0,-1.0,-1.0,0.0,1.0,-1.0,1.0,1.0,0.0,37.5,18.8,37.5,50.0,,,,
2017-05-13,2016,Feirense,Sp Lisbon,2.0,1.0,H,O,6.75,4.0,1.5,D,,,,,17,2.0,4.0,2.0,0.0,5.0,12.0,-7.0,5.0,4.0,1.0,0.0,8.0,-8.0,0.0,2.0,-2.0,0.0,0.0,0.0,37.5,50.0,56.2,18.8,,,,
2017-05-13,2016,Benfica,Guimaraes,5.0,0.0,H,O,1.25,5.25,13.0,H,,,,,17,3.0,3.0,0.0,0.0,10.0,8.0,2.0,2.0,4.0,-2.0,8.0,4.0,4.0,2.0,1.0,1.0,0.0,0.0,0.0,81.2,0.0,62.5,18.8,,,,
2017-05-13,2016,Arouca,Tondela,1.0,2.0,A,O,2.3,3.1,3.25,D,,,,,17,1.0,0.0,2.0,2.0,5.0,2.0,3.0,8.0,4.0,4.0,-3.0,-2.0,-1.0,1.0,0.0,1.0,1.0,0.0,1.0,37.5,50.0,0.0,68.8,,,,
2017-05-12,2016,Belenenses,Moreirense,1.0,1.0,D,U,3.2,3.2,2.3,H,,,,,17,0.0,1.0,4.0,2.0,4.0,5.0,-1.0,9.0,7.0,2.0,-5.0,-2.0,-3.0,0.0,0.0,0.0,1.0,1.0,0.0,25.0,43.8,25.0,68.8,,,,
2017-05-08,2016,Estoril,Chaves,2.0,1.0,H,O,2.2,3.2,3.4,A,,,,,16,1.0,0.0,2.0,3.0,3.0,4.0,-1.0,3.0,7.0,-4.0,0.0,-3.0,3.0,1.0,0.0,1.0,1.0,0.0,1.0,26.7,60.0,13.3,46.7,,,,
2017-05-07,2016,Tondela,Setubal,2.0,1.0,H,O,1.91,3.3,4.2,H,,,,,16,2.0,0.0,2.0,2.0,5.0,1.0,4.0,7.0,5.0,2.0,-2.0,-4.0,2.0,1.0,0.0,1.0,2.0,1.0,1.0,33.3,46.7,13.3,53.3,,,,
2017-05-07,2016,Sp Lisbon,Belenenses,1.0,3.0,A,O,1.22,6.0,12.0,D,,,,,16,2.0,1.0,0.0,3.0,8.0,2.0,6.0,2.0,11.0,-9.0,6.0,-9.0,15.0,2.0,0.0,2.0,0.0,3.0,-3.0,73.3,6.7,26.7,53.3,,,,
2017-05-07,2016,Rio Ave,Benfica,0.0,1.0,A,U,7.0,4.0,1.5,D,,,,,16,2.0,2.0,0.0,0.0,6.0,3.0,3.0,2.0,1.0,1.0,4.0,2.0,2.0,1.0,0.0,1.0,0.0,0.0,0.0,46.7,26.7,66.7,13.3,,,,
2017-05-07,2016,Guimaraes,Arouca,1.0,0.0,H,U,1.4,4.33,8.5,D,,,,,16,3.0,0.0,0.0,3.0,10.0,3.0,7.0,4.0,10.0,-6.0,6.0,-7.0,13.0,2.0,0.0,2.0,0.0,3.0,-3.0,46.7,20.0,20.0,60.0,,,,
2017-05-06,2016,Pacos Ferreira,Feirense,0.0,1.0,A,U,2.05,3.1,4.0,D,,,,,16,1.0,2.0,0.0,1.0,4.0,4.0,0.0,2.0,4.0,-2.0,2.0,0.0,2.0,1.0,0.0,1.0,0.0,1.0,-1.0,40.0,13.3,33.3,40.0,,,,
2017-05-06,2016,Maritimo,Porto,1.0,1.0,D,U,7.5,4.2,1.44,A,,,,,16,4.0,2.0,0.0,0.0,9.0,8.0,1.0,2.0,2.0,0.0,7.0,6.0,1.0,2.0,2.0,0.0,0.0,0.0,0.0,66.7,13.3,53.3,6.7,,,,
2017-05-06,2016,Boavista,Nacional,2.0,2.0,D,O,2.2,3.2,3.4,D,,,,,16,2.0,1.0,1.0,3.0,4.0,1.0,3.0,1.0,11.0,-10.0,3.0,-10.0,13.0,1.0,0.0,1.0,0.0,3.0,-3.0,33.3,40.0,13.3,73.3,,,,
2017-05-05,2016,Moreirense,Sp Braga,2.0,1.0,H,O,2.8,3.1,2.6,A,,,,,16,0.0,2.0,1.0,1.0,1.0,4.0,-3.0,2.0,4.0,-2.0,-1.0,0.0,-1.0,0.0,0.0,0.0,0.0,1.0,-1.0,13.3,40.0,33.3,33.3,,,,
2017-04-30,2016,Sp Braga,Sp Lisbon,2.0,3.0,A,O,3.6,3.3,2.05,H,,,,,16,1.0,4.0,1.0,0.0,7.0,11.0,-4.0,6.0,2.0,4.0,1.0,9.0,-8.0,1.0,3.0,-2.0,0.0,0.0,0.0,60.0,13.3,53.3,20.0,,,,
2017-04-30,2016,Feirense,Maritimo,2.0,1.0,H,O,2.75,3.0,2.7,H,,,,,16,1.0,0.0,3.0,2.0,3.0,4.0,-1.0,5.0,10.0,-5.0,-2.0,-6.0,4.0,0.0,0.0,0.0,0.0,2.0,-2.0,33.3,53.3,20.0,46.7,,,,
2017-04-30,2016,Belenenses,Pacos Ferreira,1.0,2.0,A,O,2.2,3.2,3.4,D,,,,,16,1.0,0.0,3.0,1.0,5.0,1.0,4.0,8.0,2.0,6.0,-3.0,-1.0,-2.0,0.0,0.0,0.0,1.0,0.0,1.0,26.7,40.0,6.7,66.7,,,,
2017-04-30,2016,Arouca,Moreirense,2.0,2.0,D,O,2.5,3.0,3.0,H,,,,,16,1.0,1.0,3.0,3.0,4.0,3.0,1.0,8.0,6.0,2.0,-4.0,-3.0,-1.0,1.0,0.0,1.0,1.0,1.0,0.0,40.0,53.3,26.7,73.3,,,,
2017-04-29,2016,Nacional,Rio Ave,0.0,2.0,A,U,3.1,3.2,2.3,D,,,,,16,0.0,2.0,2.0,2.0,2.0,4.0,-2.0,4.0,5.0,-1.0,-2.0,-1.0,-1.0,0.0,1.0,-1.0,0.0,1.0,-1.0,13.3,46.7,33.3,53.3,,,,
2017-04-29,2016,Chaves,Porto,0.0,2.0,A,U,9.0,4.5,1.36,D,,,,,16,2.0,2.0,1.0,0.0,5.0,7.0,-2.0,3.0,2.0,1.0,2.0,5.0,-3.0,1.0,1.0,0.0,0.0,0.0,0.0,40.0,13.3,50.0,7.1,,,,
2017-04-29,2016,Boavista,Tondela,1.0,0.0,H,U,2.4,3.0,3.2,D,,,,,15,1.0,0.0,2.0,2.0,3.0,2.0,1.0,2.0,7.0,-5.0,1.0,-5.0,6.0,1.0,0.0,1.0,0.0,1.0,-1.0,28.6,42.9,0.0,66.7,,,,
2017-04-29,2016,Benfica,Estoril,2.0,1.0,H,O,1.14,7.5,19.0,H,,,,,16,3.0,2.0,0.0,0.0,11.0,9.0,2.0,2.0,5.0,-3.0,9.0,4.0,5.0,3.0,2.0,1.0,0.0,0.0,0.0,80.0,0.0,26.7,40.0,,,,
2017-04-28,2016,Setubal,Guimaraes,0.0,2.0,A,U,3.6,3.25,2.1,D,,,,,16,1.0,2.0,2.0,0.0,4.0,7.0,-3.0,6.0,5.0,1.0,-2.0,2.0,-4.0,1.0,0.0,1.0,1.0,0.0,1.0,46.7,33.3,60.0,20.0,,,,
2017-04-24,2016,Moreirense,Chaves,0.0,0.0,D,U,2.1,3.1,3.75,D,,,,,15,0.0,0.0,1.0,4.0,2.0,5.0,-3.0,3.0,10.0,-7.0,-1.0,-5.0,4.0,0.0,0.0,0.0,0.0,1.0,-1.0,14.3,42.9,14.3,50.0,,,,
2017-04-23,2016,Porto,Feirense,0.0,0.0,D,U,1.13,8.0,21.0,D,,,,,16,3.0,2.0,0.0,1.0,15.0,4.0,11.0,1.0,4.0,-3.0,14.0,0.0,14.0,3.0,0.0,3.0,0.0,1.0,-1.0,86.7,0.0,35.7,42.9,,,,
2017-04-23,2016,Pacos Ferreira,Sp Braga,3.0,1.0,H,O,3.1,3.25,2.3,H,,,,,15,1.0,2.0,0.0,0.0,3.0,4.0,-1.0,2.0,2.0,0.0,1.0,2.0,-1.0,0.0,0.0,0.0,0.0,0.0,0.0,35.7,14.3,35.7,28.6,,,,
2017-04-23,2016,Guimaraes,Boavista,2.0,0.0,H,U,1.5,3.7,8.0,H,,,,,15,3.0,1.0,0.0,1.0,9.0,1.0,8.0,4.0,4.0,0.0,5.0,-3.0,8.0,1.0,0.0,1.0,0.0,1.0,-1.0,42.9,21.4,26.7,26.7,,,,
2017-04-22,2016,Tondela,Nacional,2.0,0.0,H,U,2.45,3.25,2.9,D,,,,,15,1.0,1.0,2.0,2.0,4.0,1.0,3.0,8.0,9.0,-1.0,-4.0,-8.0,4.0,0.0,0.0,0.0,2.0,2.0,0.0,28.6,50.0,14.3,71.4,,,,
2017-04-22,2016,Sp Lisbon,Benfica,1.0,1.0,D,U,2.75,3.1,2.63,H,,,,,15,3.0,3.0,0.0,0.0,8.0,3.0,5.0,1.0,0.0,1.0,7.0,3.0,4.0,2.0,0.0,2.0,0.0,0.0,0.0,78.6,7.1,71.4,14.3,,,,
2017-04-22,2016,Maritimo,Belenenses,3.0,0.0,H,O,1.8,3.5,4.5,H,,,,,15,3.0,1.0,0.0,2.0,6.0,3.0,3.0,2.0,9.0,-7.0,4.0,-6.0,10.0,1.0,0.0,1.0,0.0,2.0,-2.0,64.3,14.3,28.6,50.0,,,,
2017-04-22,2016,Estoril,Setubal,3.0,0.0,H,O,2.38,3.0,3.2,H,,,,,15,0.0,0.0,3.0,2.0,0.0,2.0,-2.0,5.0,4.0,1.0,-5.0,-2.0,-3.0,0.0,0.0,0.0,2.0,0.0,2.0,21.4,64.3,14.3,50.0,,,,
2017-04-21,2016,Rio Ave,Arouca,3.0,0.0,H,O,1.55,3.75,6.5,H,,,,,15,1.0,0.0,0.0,3.0,3.0,3.0,0.0,2.0,9.0,-7.0,1.0,-6.0,7.0,0.0,0.0,0.0,0.0,3.0,-3.0,42.9,28.6,21.4,57.1,,,,
2017-04-17,2016,Nacional,Moreirense,0.0,1.0,A,U,2.15,3.2,3.5,A,,,,,15,0.0,0.0,1.0,4.0,3.0,2.0,1.0,4.0,7.0,-3.0,-1.0,-5.0,4.0,0.0,0.0,0.0,0.0,1.0,-1.0,14.3,42.9,21.4,78.6,,,,
2017-04-15,2016,Tondela,Rio Ave,2.0,1.0,H,O,4.0,3.3,1.95,D,,,,,14,0.0,2.0,3.0,2.0,2.0,3.0,-1.0,8.0,4.0,4.0,-6.0,-1.0,-5.0,0.0,1.0,-1.0,2.0,1.0,1.0,23.1,53.8,35.7,50.0,,,,
2017-04-15,2016,Sp Braga,Porto,1.0,1.0,D,U,7.0,4.0,1.5,H,,,,,15,1.0,3.0,1.0,0.0,7.0,8.0,-1.0,6.0,1.0,5.0,1.0,7.0,-6.0,1.0,2.0,-1.0,0.0,0.0,0.0,64.3,14.3,53.8,7.7,,,,
2017-04-15,2016,Chaves,Guimaraes,2.0,3.0,A,O,3.0,3.1,2.45,A,,,,,15,2.0,1.0,0.0,1.0,3.0,4.0,-1.0,0.0,5.0,-5.0,3.0,-1.0,4.0,1.0,0.0,1.0,0.0,1.0,-1.0,42.9,7.1,57.1,21.4,,,,
2017-04-15,2016,Arouca,Feirense,2.0,0.0,H,U,2.05,3.1,4.0,H,,,,,15,1.0,3.0,3.0,0.0,4.0,5.0,-1.0,9.0,2.0,7.0,-5.0,3.0,-8.0,0.0,0.0,0.0,1.0,0.0,1.0,35.7,57.1,38.5,38.5,,,,
2017-04-14,2016,Setubal,Sp Lisbon,0.0,3.0,A,O,7.5,4.2,1.45,A,,,,,15,1.0,4.0,1.0,0.0,4.0,11.0,-7.0,3.0,4.0,-1.0,1.0,7.0,-6.0,1.0,2.0,-1.0,0.0,0.0,0.0,50.0,28.6,50.0,21.4,,,,
2017-04-14,2016,Boavista,Pacos Ferreira,0.0,0.0,D,U,2.15,2.9,4.0,D,,,,,14,1.0,0.0,2.0,2.0,4.0,2.0,2.0,3.0,4.0,-1.0,1.0,-2.0,3.0,1.0,0.0,1.0,0.0,0.0,0.0,30.8,46.2,7.1,71.4,,,,
2017-04-14,2016,Benfica,Maritimo,3.0,0.0,H,O,1.2,6.5,13.0,H,,,,,15,3.0,0.0,0.0,1.0,11.0,4.0,7.0,2.0,7.0,-5.0,9.0,-3.0,12.0,3.0,0.0,3.0,0.0,1.0,-1.0,78.6,0.0,21.4,42.9,,,,
2017-04-14,2016,Belenenses,Estoril,1.0,3.0,A,O,2.05,3.2,3.75,A,,,,,15,1.0,1.0,2.0,0.0,5.0,7.0,-2.0,6.0,5.0,1.0,-1.0,2.0,-3.0,0.0,1.0,-1.0,0.0,0.0,0.0,28.6,35.7,21.4,42.9,,,,
2017-04-10,2016,Maritimo,Chaves,2.0,1.0,H,O,1.95,3.1,4.33,H,,,,,14,3.0,0.0,0.0,3.0,5.0,4.0,1.0,1.0,8.0,-7.0,4.0,-4.0,8.0,1.0,0.0,1.0,0.0,1.0,-1.0,61.5,15.4,15.4,46.2,,,,
2017-04-09,2016,Rio Ave,Setubal,0.0,0.0,D,U,1.83,3.4,4.5,D,,,,,14,2.0,0.0,0.0,3.0,4.0,3.0,1.0,2.0,6.0,-4.0,2.0,-3.0,5.0,0.0,0.0,0.0,0.0,0.0,0.0,46.2,30.8,15.4,53.8,,,,
2017-04-09,2016,Moreirense,Benfica,0.0,1.0,A,U,8.5,4.75,1.36,A,,,,,14,0.0,2.0,1.0,1.0,4.0,2.0,2.0,5.0,1.0,4.0,-1.0,1.0,-2.0,0.0,0.0,0.0,0.0,0.0,0.0,15.4,38.5,69.2,15.4,,,,
2017-04-09,2016,Guimaraes,Tondela,2.0,1.0,H,O,1.44,4.0,8.0,H,,,,,14,2.0,0.0,1.0,1.0,7.0,1.0,6.0,5.0,5.0,0.0,2.0,-4.0,6.0,1.0,0.0,1.0,1.0,1.0,0.0,38.5,23.1,0.0,64.3,,,,
2017-04-09,2016,Estoril,Nacional,0.0,1.0,A,U,2.45,3.1,3.0,D,,,,,14,1.0,0.0,2.0,3.0,2.0,0.0,2.0,5.0,12.0,-7.0,-3.0,-12.0,9.0,0.0,0.0,0.0,2.0,3.0,-1.0,23.1,61.5,7.7,76.9,,,,
2017-04-08,2016,Sp Lisbon,Boavista,4.0,0.0,H,O,1.33,5.0,9.0,H,,,,,14,3.0,1.0,0.0,0.0,8.0,1.0,7.0,3.0,0.0,3.0,5.0,1.0,4.0,2.0,0.0,2.0,0.0,0.0,0.0,76.9,7.7,28.6,21.4,,,,
2017-04-08,2016,Porto,Belenenses,3.0,0.0,H,O,1.13,8.0,19.0,H,,,,,15,3.0,2.0,0.0,1.0,14.0,4.0,10.0,2.0,6.0,-4.0,12.0,-2.0,14.0,2.0,0.0,2.0,0.0,1.0,-1.0,85.7,0.0,30.8,46.2,,,,
2017-04-08,2016,Pacos Ferreira,Arouca,1.0,1.0,D,U,2.15,3.1,3.6,H,,,,,14,2.0,0.0,0.0,4.0,4.0,2.0,2.0,1.0,11.0,-10.0,3.0,-9.0,12.0,1.0,0.0,1.0,0.0,4.0,-4.0,38.5,15.4,23.1,61.5,,,,
2017-04-07,2016,Feirense,Sp Braga,0.0,1.0,A,U,3.6,3.1,2.2,A,,,,,15,2.0,1.0,2.0,0.0,5.0,4.0,1.0,5.0,3.0,2.0,0.0,1.0,-1.0,0.0,0.0,0.0,0.0,0.0,0.0,35.7,50.0,30.8,30.8,,,,
2017-04-02,2016,Sp Braga,Maritimo,3.0,3.0,D,O,1.73,3.4,5.25,H,,,,,14,1.0,0.0,2.0,1.0,5.0,1.0,4.0,5.0,4.0,1.0,0.0,-3.0,3.0,1.0,0.0,1.0,0.0,1.0,-1.0,69.2,15.4,23.1,46.2,,,,
2017-04-02,2016,Setubal,Moreirense,2.0,0.0,H,U,2.25,3.0,3.5,H,,,,,14,1.0,1.0,1.0,3.0,3.0,4.0,-1.0,3.0,5.0,-2.0,0.0,-1.0,1.0,0.0,1.0,-1.0,0.0,0.0,0.0,46.2,30.8,23.1,76.9,,,,
2017-04-02,2016,Belenenses,Feirense,1.0,2.0,A,O,2.0,3.2,4.0,H,,,,,14,1.0,2.0,1.0,0.0,4.0,4.0,0.0,4.0,2.0,2.0,0.0,2.0,-2.0,0.0,0.0,0.0,0.0,0.0,0.0,30.8,30.8,33.3,41.7,,,,
2017-04-02,2016,Arouca,Sp Lisbon,1.0,2.0,A,O,8.0,4.0,1.44,A,,,,,14,1.0,3.0,3.0,1.0,4.0,10.0,-6.0,9.0,5.0,4.0,-5.0,5.0,-10.0,0.0,2.0,-2.0,1.0,0.0,1.0,38.5,53.8,46.2,23.1,,,,
2017-04-01,2016,Tondela,Estoril,0.0,2.0,A,U,2.25,3.0,3.5,A,,,,,13,1.0,0.0,2.0,1.0,4.0,5.0,-1.0,6.0,6.0,0.0,-2.0,-1.0,-1.0,1.0,0.0,1.0,1.0,0.0,1.0,25.0,50.0,15.4,46.2,,,,
2017-04-01,2016,Boavista,Rio Ave,0.0,1.0,A,U,2.63,2.88,2.9,D,,,,,13,1.0,1.0,2.0,3.0,4.0,3.0,1.0,3.0,6.0,-3.0,1.0,-3.0,4.0,1.0,1.0,0.0,0.0,1.0,-1.0,33.3,41.7,30.8,53.8,,,,
2017-04-01,2016,Benfica,Porto,1.0,1.0,D,U,2.45,3.1,3.0,H,,,,,14,4.0,4.0,0.0,0.0,13.0,9.0,4.0,1.0,1.0,0.0,12.0,8.0,4.0,4.0,2.0,2.0,0.0,0.0,0.0,84.6,0.0,58.3,8.3,,,,
2017-03-31,2016,Nacional,Guimaraes,1.0,2.0,A,O,3.2,3.2,2.3,A,,,,,14,0.0,1.0,0.0,1.0,3.0,4.0,-1.0,3.0,5.0,-2.0,0.0,-1.0,1.0,0.0,0.0,0.0,0.0,1.0,-1.0,15.4,38.5,53.8,23.1,,,,
2017-03-31,2016,Chaves,Pacos Ferreira,1.0,0.0,H,U,2.05,3.1,4.0,H,,,,,14,2.0,0.0,0.0,2.0,4.0,4.0,0.0,0.0,7.0,-7.0,4.0,-3.0,7.0,2.0,0.0,2.0,0.0,1.0,-1.0,38.5,7.7,7.7,69.2,,,,
2017-03-19,2016,Porto,Setubal,1.0,1.0,D,U,1.17,7.0,15.0,H,,,,,14,4.0,1.0,0.0,3.0,17.0,4.0,13.0,3.0,6.0,-3.0,14.0,-2.0,16.0,3.0,0.0,3.0,0.0,0.0,0.0,92.3,0.0,16.7,58.3,,,,
2017-03-19,2016,Maritimo,Arouca,3.0,1.0,H,O,1.91,3.1,4.5,D,,,,,13,2.0,0.0,0.0,3.0,4.0,2.0,2.0,2.0,9.0,-7.0,2.0,-7.0,9.0,0.0,0.0,0.0,0.0,3.0,-3.0,58.3,16.7,25.0,58.3,,,,
2017-03-19,2016,Guimaraes,Rio Ave,3.0,0.0,H,O,2.2,3.0,3.6,D,,,,,13,1.0,1.0,1.0,3.0,4.0,5.0,-1.0,5.0,7.0,-2.0,-1.0,-2.0,1.0,0.0,1.0,-1.0,1.0,1.0,0.0,33.3,25.0,33.3,50.0,,,,
2017-03-19,2016,Feirense,Chaves,3.0,2.0,H,O,2.45,2.9,3.2,A,,,,,14,2.0,0.0,2.0,3.0,3.0,2.0,1.0,3.0,7.0,-4.0,0.0,-5.0,5.0,0.0,0.0,0.0,0.0,2.0,-2.0,30.8,53.8,16.7,41.7,,,,
2017-03-18,2016,Sp Lisbon,Nacional,2.0,0.0,H,U,1.18,6.5,15.0,H,,,,,13,3.0,0.0,0.0,3.0,8.0,0.0,8.0,4.0,12.0,-8.0,4.0,-12.0,16.0,1.0,0.0,1.0,0.0,3.0,-3.0,75.0,8.3,8.3,75.0,,,,
2017-03-18,2016,Pacos Ferreira,Benfica,0.0,0.0,D,U,11.0,5.0,1.3,D,,,,,13,2.0,3.0,1.0,1.0,4.0,4.0,0.0,3.0,1.0,2.0,1.0,3.0,-2.0,1.0,1.0,0.0,1.0,0.0,1.0,41.7,16.7,75.0,16.7,,,,
2017-03-18,2016,Moreirense,Tondela,1.0,1.0,D,U,2.0,2.9,4.5,A,,,,,13,0.0,0.0,1.0,2.0,4.0,0.0,4.0,5.0,8.0,-3.0,-1.0,-8.0,7.0,0.0,0.0,0.0,0.0,2.0,-2.0,16.7,41.7,0.0,69.2,,,,
2017-03-18,2016,Belenenses,Sp Braga,1.0,2.0,A,O,3.3,2.88,2.4,A,,,,,13,1.0,0.0,1.0,1.0,4.0,2.0,2.0,4.0,3.0,1.0,0.0,-1.0,1.0,0.0,0.0,0.0,0.0,0.0,0.0,33.3,25.0,25.0,33.3,,,,
2017-03-17,2016,Estoril,Boavista,0.0,0.0,D,U,3.5,3.0,2.25,D,,,,,13,1.0,2.0,3.0,0.0,3.0,3.0,0.0,7.0,1.0,6.0,-4.0,2.0,-6.0,0.0,0.0,0.0,2.0,0.0,2.0,25.0,66.7,30.8,23.1,,,,
2017-03-13,2016,Nacional,Pacos Ferreira,1.0,1.0,D,U,2.3,3.0,3.4,A,,,,,13,0.0,0.0,0.0,3.0,2.0,4.0,-2.0,2.0,9.0,-7.0,0.0,-5.0,5.0,0.0,0.0,0.0,0.0,2.0,-2.0,16.7,41.7,8.3,75.0,,,,
2017-03-13,2016,Benfica,Belenenses,4.0,0.0,H,O,1.18,6.5,15.0,H,,,,,13,4.0,2.0,0.0,1.0,13.0,4.0,9.0,1.0,3.0,-2.0,12.0,1.0,11.0,4.0,0.0,4.0,0.0,0.0,0.0,83.3,0.0,33.3,41.7,,,,
2017-03-12,2016,Rio Ave,Moreirense,3.0,2.0,H,O,1.85,3.5,4.2,H,,,,,13,1.0,1.0,0.0,3.0,3.0,2.0,1.0,2.0,5.0,-3.0,1.0,-3.0,4.0,0.0,1.0,-1.0,0.0,1.0,-1.0,41.7,33.3,25.0,75.0,,,,
2017-03-12,2016,Guimaraes,Estoril,3.0,3.0,D,O,1.57,3.75,6.0,A,,,,,12,1.0,0.0,2.0,2.0,1.0,3.0,-2.0,4.0,5.0,-1.0,-3.0,-2.0,-1.0,0.0,0.0,0.0,2.0,0.0,2.0,36.4,27.3,16.7,50.0,,,,
2017-03-12,2016,Boavista,Maritimo,3.0,0.0,H,O,2.3,3.0,3.4,H,,,,,12,1.0,1.0,2.0,0.0,2.0,2.0,0.0,3.0,1.0,2.0,-1.0,1.0,-2.0,0.0,0.0,0.0,0.0,0.0,0.0,27.3,45.5,25.0,41.7,,,,
2017-03-11,2016,Tondela,Sp Lisbon,1.0,4.0,A,O,9.0,5.0,1.33,A,,,,,12,1.0,2.0,2.0,1.0,4.0,8.0,-4.0,4.0,6.0,-2.0,0.0,2.0,-2.0,1.0,1.0,0.0,0.0,0.0,0.0,27.3,45.5,41.7,25.0,,,,
2017-03-11,2016,Setubal,Feirense,1.0,2.0,A,O,2.0,3.2,4.0,H,,,,,13,2.0,1.0,0.0,1.0,3.0,3.0,0.0,1.0,3.0,-2.0,2.0,0.0,2.0,0.0,0.0,0.0,0.0,0.0,0.0,50.0,25.0,27.3,45.5,,,,
2017-03-11,2016,Chaves,Sp Braga,0.0,0.0,D,U,3.4,3.1,2.25,D,,,,,13,2.0,0.0,0.0,1.0,6.0,2.0,4.0,2.0,3.0,-1.0,4.0,-1.0,5.0,2.0,0.0,2.0,0.0,0.0,0.0,41.7,8.3,27.3,36.4,,,,
2017-03-10,2016,Arouca,Porto,0.0,4.0,A,O,13.0,5.25,1.25,A,,,,,13,2.0,3.0,2.0,0.0,6.0,5.0,1.0,6.0,1.0,5.0,0.0,4.0,-4.0,0.0,1.0,-1.0,0.0,0.0,0.0,41.7,50.0,54.5,9.1,,,,
2017-03-06,2016,Estoril,Rio Ave,0.0,2.0,A,U,3.1,3.0,2.45,A,,,,,12,1.0,0.0,3.0,4.0,3.0,3.0,0.0,6.0,8.0,-2.0,-3.0,-5.0,2.0,0.0,0.0,0.0,1.0,1.0,0.0,27.3,63.6,27.3,54.5,,,,
2017-03-05,2016,Sp Lisbon,Guimaraes,1.0,1.0,D,U,1.44,4.33,7.0,H,,,,,12,3.0,1.0,1.0,1.0,7.0,3.0,4.0,4.0,4.0,0.0,3.0,-1.0,4.0,1.0,0.0,1.0,0.0,1.0,-1.0,81.8,9.1,58.3,25.0,,,,
2017-03-05,2016,Pacos Ferreira,Tondela,0.0,0.0,D,U,1.95,3.3,4.0,D,,,,,12,2.0,0.0,1.0,3.0,4.0,0.0,4.0,3.0,10.0,-7.0,1.0,-10.0,11.0,1.0,0.0,1.0,1.0,3.0,-2.0,45.5,18.2,0.0,75.0,,,,
2017-03-05,2016,Maritimo,Setubal,1.0,0.0,H,U,2.05,3.1,4.0,H,,,,,12,2.0,1.0,0.0,3.0,6.0,4.0,2.0,3.0,6.0,-3.0,3.0,-2.0,5.0,1.0,0.0,1.0,0.0,0.0,0.0,54.5,18.2,18.2,54.5,,,,
2017-03-05,2016,Belenenses,Chaves,2.0,1.0,H,O,2.3,2.88,3.5,A,,,,,12,1.0,0.0,1.0,2.0,3.0,3.0,0.0,3.0,7.0,-4.0,0.0,-4.0,4.0,0.0,0.0,0.0,0.0,2.0,-2.0,27.3,27.3,18.2,36.4,,,,
2017-03-04,2016,Sp Braga,Arouca,3.0,1.0,H,O,1.6,3.5,6.5,D,,,,,13,1.0,1.0,2.0,2.0,4.0,3.0,1.0,4.0,7.0,-3.0,0.0,-4.0,4.0,1.0,0.0,1.0,0.0,2.0,-2.0,66.7,16.7,27.3,54.5,,,,
2017-03-04,2016,Porto,Nacional,7.0,0.0,H,O,1.13,8.0,19.0,H,,,,,13,4.0,0.0,0.0,3.0,13.0,0.0,13.0,3.0,6.0,-3.0,10.0,-6.0,16.0,3.0,0.0,3.0,0.0,2.0,-2.0,91.7,0.0,9.1,72.7,,,,
2017-03-04,2016,Feirense,Benfica,0.0,1.0,A,U,8.0,4.75,1.36,A,,,,,13,2.0,3.0,1.0,1.0,3.0,4.0,-1.0,2.0,1.0,1.0,1.0,3.0,-2.0,0.0,1.0,-1.0,0.0,0.0,0.0,33.3,50.0,72.7,18.2,,,,
2017-03-03,2016,Moreirense,Boavista,0.0,0.0,D,U,2.38,2.88,3.4,D,,,,,12,1.0,2.0,1.0,0.0,5.0,6.0,-1.0,5.0,4.0,1.0,0.0,2.0,-2.0,0.0,0.0,0.0,0.0,0.0,0.0,18.2,45.5,33.3,25.0,,,,
2017-02-27,2016,Arouca,Belenenses,1.0,2.0,A,O,2.3,2.88,3.5,H,,,,,12,2.0,1.0,2.0,2.0,5.0,2.0,3.0,5.0,3.0,2.0,0.0,-1.0,1.0,0.0,0.0,0.0,0.0,0.0,0.0,45.5,45.5,27.3,45.5,,,,
2017-02-26,2016,Setubal,Sp Braga,1.0,1.0,D,U,3.25,2.9,2.4,D,,,,,12,3.0,1.0,0.0,1.0,5.0,2.0,3.0,0.0,2.0,-2.0,5.0,0.0,5.0,1.0,0.0,1.0,0.0,0.0,0.0,54.5,27.3,30.0,40.0,,,,
2017-02-26,2016,Nacional,Feirense,0.0,0.0,D,U,2.05,3.0,4.2,D,,,,,12,0.0,1.0,1.0,2.0,2.0,3.0,-1.0,4.0,5.0,-1.0,-2.0,-2.0,0.0,0.0,0.0,0.0,1.0,1.0,0.0,18.2,45.5,30.0,50.0,,,,
2017-02-26,2016,Boavista,Porto,0.0,1.0,A,U,9.5,4.5,1.36,A,,,,,11,1.0,3.0,2.0,0.0,3.0,8.0,-5.0,4.0,1.0,3.0,-1.0,7.0,-8.0,0.0,2.0,-2.0,0.0,0.0,0.0,30.0,40.0,50.0,10.0,,,,
2017-02-25,2016,Tondela,Maritimo,1.0,1.0,D,U,2.8,2.88,2.75,H,,,,,11,1.0,1.0,2.0,1.0,4.0,2.0,2.0,4.0,2.0,2.0,0.0,0.0,0.0,1.0,0.0,1.0,0.0,0.0,0.0,30.0,50.0,27.3,45.5,,,,
2017-02-25,2016,Rio Ave,Pacos Ferreira,0.0,0.0,D,U,1.85,3.2,4.75,D,,,,,12,2.0,0.0,0.0,4.0,5.0,4.0,1.0,3.0,11.0,-8.0,2.0,-7.0,9.0,0.0,0.0,0.0,0.0,3.0,-3.0,45.5,36.4,9.1,81.8,,,,
2017-02-25,2016,Estoril,Sp Lisbon,0.0,2.0,A,U,8.0,4.5,1.4,A,,,,,11,1.0,1.0,3.0,1.0,3.0,8.0,-5.0,5.0,8.0,-3.0,-2.0,0.0,-2.0,0.0,0.0,0.0,0.0,0.0,0.0,30.0,60.0,36.4,27.3,,,,
2017-02-24,2016,Guimaraes,Moreirense,1.0,0.0,H,U,1.75,3.5,4.75,H,,,,,11,1.0,1.0,2.0,3.0,3.0,3.0,0.0,5.0,6.0,-1.0,-2.0,-3.0,1.0,1.0,1.0,0.0,2.0,1.0,1.0,30.0,30.0,27.3,72.7,,,,
2017-02-24,2016,Benfica,Chaves,3.0,1.0,H,O,1.18,6.5,15.0,D,,,,,12,3.0,0.0,0.0,2.0,13.0,3.0,10.0,3.0,6.0,-3.0,10.0,-3.0,13.0,3.0,0.0,3.0,0.0,1.0,-1.0,81.8,0.0,20.0,30.0,,,,
2017-02-20,2016,Maritimo,Nacional,0.0,0.0,D,U,1.83,3.4,4.5,D,,,,,11,3.0,0.0,0.0,4.0,8.0,1.0,7.0,3.0,8.0,-5.0,5.0,-7.0,12.0,2.0,0.0,2.0,0.0,2.0,-2.0,60.0,20.0,10.0,80.0,,,,
2017-02-19,2016,Sp Braga,Benfica,0.0,1.0,A,U,5.0,3.5,1.73,D,,,,,12,2.0,2.0,1.0,2.0,6.0,4.0,2.0,4.0,3.0,1.0,2.0,1.0,1.0,1.0,1.0,0.0,0.0,0.0,0.0,72.7,9.1,70.0,20.0,,,,
2017-02-19,2016,Pacos Ferreira,Setubal,2.0,1.0,H,O,2.4,3.0,3.2,H,,,,,11,2.0,1.0,1.0,3.0,3.0,4.0,-1.0,2.0,7.0,-5.0,1.0,-3.0,4.0,1.0,0.0,1.0,1.0,1.0,0.0,40.0,20.0,20.0,50.0,,,,
2017-02-19,2016,Belenenses,Guimaraes,1.0,1.0,D,U,3.3,2.9,2.38,D,,,,,11,1.0,2.0,2.0,1.0,2.0,3.0,-1.0,3.0,3.0,0.0,-1.0,0.0,-1.0,0.0,0.0,0.0,0.0,1.0,-1.0,30.0,30.0,63.6,27.3,,,,
2017-02-18,2016,Sp Lisbon,Rio Ave,1.0,0.0,H,U,1.36,4.75,8.5,H,,,,,11,3.0,0.0,1.0,4.0,8.0,3.0,5.0,4.0,9.0,-5.0,4.0,-6.0,10.0,2.0,0.0,2.0,0.0,2.0,-2.0,80.0,10.0,30.0,50.0,,,,
2017-02-18,2016,Moreirense,Estoril,1.0,1.0,D,U,2.1,3.1,3.8,D,,,,,11,1.0,0.0,2.0,3.0,5.0,2.0,3.0,8.0,5.0,3.0,-3.0,-3.0,0.0,0.0,0.0,0.0,1.0,0.0,1.0,20.0,50.0,18.2,54.5,,,,
2017-02-18,2016,Feirense,Boavista,0.0,1.0,A,U,2.63,2.88,3.0,D,,,,,12,3.0,2.0,0.0,0.0,5.0,7.0,-2.0,1.0,4.0,-3.0,4.0,3.0,1.0,1.0,1.0,0.0,0.0,0.0,0.0,36.4,45.5,27.3,27.3,,,,
2017-02-18,2016,Chaves,Arouca,2.0,0.0,H,U,2.05,3.1,4.0,H,,,,,12,2.0,2.0,0.0,1.0,5.0,7.0,-2.0,2.0,6.0,-4.0,3.0,1.0,2.0,1.0,1.0,0.0,0.0,1.0,-1.0,36.4,9.1,30.0,50.0,,,,
2017-02-17,2016,Porto,Tondela,4.0,0.0,H,O,1.13,7.5,23.0,H,,,,,12,4.0,0.0,0.0,3.0,11.0,0.0,11.0,4.0,9.0,-5.0,7.0,-9.0,16.0,2.0,0.0,2.0,0.0,3.0,-3.0,90.9,0.0,0.0,72.7,,,,
2017-02-13,2016,Rio Ave,Maritimo,0.0,0.0,D,U,2.05,3.2,3.8,D,,,,,11,3.0,1.0,0.0,2.0,8.0,2.0,6.0,4.0,3.0,1.0,4.0,-1.0,5.0,1.0,0.0,1.0,0.0,0.0,0.0,50.0,40.0,30.0,50.0,,,,
2017-02-12,2016,Nacional,Belenenses,1.0,1.0,D,U,2.38,3.0,3.2,H,,,,,11,1.0,1.0,1.0,2.0,4.0,2.0,2.0,5.0,3.0,2.0,-1.0,-1.0,0.0,0.0,0.0,0.0,1.0,0.0,1.0,20.0,50.0,30.0,50.0,,,,
2017-02-12,2016,Moreirense,Sp Lisbon,2.0,3.0,A,O,6.5,3.75,1.55,H,,,,,10,2.0,1.0,1.0,1.0,6.0,6.0,0.0,6.0,6.0,0.0,0.0,0.0,0.0,1.0,0.0,1.0,1.0,0.0,1.0,22.2,44.4,30.0,30.0,,,,
2017-02-12,2016,Boavista,Sp Braga,1.0,1.0,D,U,3.0,3.0,2.5,D,,,,,10,1.0,1.0,3.0,2.0,2.0,1.0,1.0,4.0,2.0,2.0,-2.0,-1.0,-1.0,0.0,0.0,0.0,0.0,0.0,0.0,33.3,44.4,33.3,44.4,,,,
2017-02-11,2016,Tondela,Feirense,0.0,1.0,A,U,2.25,3.0,3.5,D,,,,,10,2.0,0.0,1.0,3.0,6.0,4.0,2.0,4.0,11.0,-7.0,2.0,-7.0,9.0,1.0,0.0,1.0,0.0,2.0,-2.0,33.3,44.4,22.2,55.6,,,,
2017-02-11,2016,Setubal,Chaves,0.0,0.0,D,U,2.4,3.0,3.2,D,,,,,11,4.0,0.0,0.0,2.0,7.0,4.0,3.0,0.0,7.0,-7.0,7.0,-3.0,10.0,2.0,0.0,2.0,0.0,1.0,-1.0,60.0,30.0,22.2,33.3,,,,
2017-02-11,2016,Guimaraes,Porto,0.0,2.0,A,U,6.5,3.8,1.53,A,,,,,10,1.0,2.0,1.0,0.0,4.0,6.0,-2.0,4.0,1.0,3.0,0.0,5.0,-5.0,1.0,1.0,0.0,1.0,0.0,1.0,33.3,22.2,44.4,11.1,,,,
2017-02-11,2016,Estoril,Pacos Ferreira,2.0,1.0,H,O,2.38,3.1,3.1,H,,,,,10,0.0,0.0,3.0,4.0,2.0,3.0,-1.0,5.0,12.0,-7.0,-3.0,-9.0,6.0,0.0,0.0,0.0,0.0,4.0,-4.0,22.2,66.7,10.0,80.0,,,,
2017-02-10,2016,Benfica,Arouca,3.0,0.0,H,O,1.18,6.5,15.0,H,,,,,11,3.0,3.0,0.0,0.0,12.0,9.0,3.0,3.0,3.0,0.0,9.0,6.0,3.0,3.0,2.0,1.0,0.0,0.0,0.0,80.0,0.0,33.3,44.4,,,,
2017-02-06,2016,Sp Braga,Estoril,1.0,1.0,D,U,1.44,4.0,8.0,A,,,,,11,3.0,0.0,1.0,4.0,8.0,1.0,7.0,3.0,6.0,-3.0,5.0,-5.0,10.0,2.0,0.0,2.0,0.0,1.0,-1.0,80.0,10.0,20.0,60.0,,,,
2017-02-06,2016,Maritimo,Moreirense,1.0,0.0,H,U,2.0,3.2,4.0,H,,,,,10,3.0,1.0,0.0,3.0,9.0,4.0,5.0,4.0,7.0,-3.0,5.0,-3.0,8.0,2.0,1.0,1.0,0.0,1.0,-1.0,55.6,22.2,30.0,70.0,,,,
2017-02-06,2016,Feirense,Rio Ave,2.0,1.0,H,O,3.0,3.2,2.4,H,,,,,11,2.0,1.0,1.0,3.0,3.0,4.0,-1.0,4.0,7.0,-3.0,-1.0,-3.0,2.0,1.0,1.0,0.0,1.0,2.0,-1.0,30.0,50.0,33.3,44.4,,,,
2017-02-05,2016,Benfica,Nacional,3.0,0.0,H,O,1.17,7.0,15.0,H,,,,,10,3.0,0.0,0.0,4.0,11.0,2.0,9.0,4.0,8.0,-4.0,7.0,-6.0,13.0,2.0,0.0,2.0,0.0,2.0,-2.0,77.8,0.0,11.1,77.8,,,,
2017-02-05,2016,Belenenses,Tondela,0.0,0.0,D,U,1.95,3.3,4.0,D,,,,,10,2.0,0.0,2.0,4.0,3.0,2.0,1.0,3.0,12.0,-9.0,0.0,-10.0,10.0,0.0,0.0,0.0,0.0,3.0,-3.0,33.3,33.3,0.0,80.0,,,,
2017-02-05,2016,Arouca,Setubal,2.0,1.0,H,O,2.2,3.1,3.5,H,,,,,11,1.0,1.0,3.0,3.0,3.0,3.0,0.0,6.0,7.0,-1.0,-3.0,-4.0,1.0,0.0,0.0,0.0,1.0,2.0,-1.0,40.0,50.0,22.2,44.4,,,,
2017-02-04,2016,Porto,Sp Lisbon,2.0,1.0,H,O,2.0,3.6,3.5,H,,,,,11,4.0,1.0,0.0,1.0,11.0,6.0,5.0,4.0,6.0,-2.0,7.0,0.0,7.0,2.0,0.0,2.0,0.0,0.0,0.0,90.0,0.0,33.3,22.2,,,,
2017-02-04,2016,Chaves,Boavista,0.0,0.0,D,U,2.2,3.1,3.5,D,,,,,11,3.0,2.0,0.0,0.0,7.0,8.0,-1.0,3.0,5.0,-2.0,4.0,3.0,1.0,1.0,1.0,0.0,0.0,0.0,0.0,40.0,10.0,30.0,30.0,,,,
2017-02-03,2016,Pacos Ferreira,Guimaraes,2.0,0.0,H,U,3.6,3.2,2.1,D,,,,,10,2.0,3.0,1.0,0.0,3.0,5.0,-2.0,3.0,2.0,1.0,0.0,3.0,-3.0,0.0,0.0,0.0,1.0,0.0,1.0,33.3,22.2,70.0,20.0,,,,
2017-02-02,2016,Rio Ave,Sp Braga,1.0,0.0,H,U,2.38,3.1,3.1,D,,,,,10,2.0,1.0,1.0,2.0,8.0,1.0,7.0,6.0,2.0,4.0,2.0,-1.0,3.0,1.0,0.0,1.0,0.0,0.0,0.0,44.4,44.4,37.5,37.5,,,,
2017-02-02,2016,Moreirense,Feirense,1.0,1.0,D,U,2.1,3.25,3.5,H,,,,,9,2.0,0.0,2.0,3.0,6.0,4.0,2.0,7.0,11.0,-4.0,-1.0,-7.0,6.0,1.0,0.0,1.0,1.0,2.0,-1.0,25.0,50.0,25.0,62.5,,,,
2017-01-30,2016,Setubal,Benfica,1.0,0.0,H,U,8.5,5.0,1.33,H,,,,,10,3.0,2.0,1.0,1.0,6.0,5.0,1.0,1.0,3.0,-2.0,5.0,2.0,3.0,2.0,1.0,1.0,0.0,0.0,0.0,55.6,33.3,77.8,11.1,,,,
2017-01-28,2016,Tondela,Chaves,2.0,0.0,H,U,2.75,3.25,2.55,H,,,,,9,1.0,0.0,2.0,1.0,5.0,5.0,0.0,6.0,6.0,0.0,-1.0,-1.0,0.0,0.0,0.0,0.0,0.0,0.0,0.0,25.0,50.0,25.0,25.0,,,,
2017-01-28,2016,Sp Lisbon,Pacos Ferreira,4.0,2.0,H,O,1.25,5.75,11.0,H,,,,,10,3.0,0.0,1.0,4.0,7.0,1.0,6.0,2.0,9.0,-7.0,5.0,-8.0,13.0,2.0,0.0,2.0,0.0,3.0,-3.0,77.8,11.1,11.1,77.8,,,,
2017-01-28,2016,Nacional,Arouca,1.0,1.0,D,U,2.25,3.1,3.4,D,,,,,10,1.0,3.0,2.0,1.0,3.0,8.0,-5.0,5.0,5.0,0.0,-2.0,3.0,-5.0,0.0,2.0,-2.0,1.0,1.0,0.0,22.2,55.6,37.5,50.0,,,,
2017-01-28,2016,Guimaraes,Maritimo,0.0,0.0,D,U,2.0,3.4,3.75,D,,,,,9,2.0,1.0,1.0,2.0,6.0,2.0,4.0,5.0,3.0,2.0,1.0,-1.0,2.0,1.0,0.0,1.0,1.0,0.0,1.0,37.5,25.0,33.3,55.6,,,,
2017-01-28,2016,Estoril,Porto,1.0,2.0,A,O,11.0,5.75,1.25,D,,,,,9,1.0,1.0,2.0,0.0,3.0,4.0,-1.0,3.0,0.0,3.0,0.0,4.0,-4.0,1.0,1.0,0.0,0.0,0.0,0.0,25.0,62.5,37.5,12.5,,,,
2017-01-27,2016,Boavista,Belenenses,0.0,1.0,A,U,2.3,3.0,3.4,D,,,,,9,1.0,1.0,2.0,2.0,2.0,2.0,0.0,3.0,3.0,0.0,-1.0,-1.0,0.0,0.0,0.0,0.0,0.0,0.0,0.0,37.5,37.5,22.2,55.6,,,,
2017-01-23,2016,Chaves,Nacional,2.0,0.0,H,U,2.0,3.1,4.2,H,,,,,10,2.0,0.0,0.0,4.0,5.0,3.0,2.0,3.0,8.0,-5.0,2.0,-5.0,7.0,0.0,0.0,0.0,0.0,1.0,-1.0,33.3,11.1,12.5,75.0,,,,
2017-01-22,2016,Sp Braga,Guimaraes,1.0,2.0,A,O,1.91,3.4,4.0,A,,,,,10,4.0,2.0,0.0,1.0,13.0,4.0,9.0,3.0,3.0,0.0,10.0,1.0,9.0,3.0,0.0,3.0,0.0,0.0,0.0,88.9,0.0,66.7,22.2,,,,
2017-01-22,2016,Feirense,Estoril,1.0,0.0,H,U,2.25,3.0,3.5,H,,,,,10,1.0,1.0,2.0,3.0,2.0,2.0,0.0,6.0,5.0,1.0,-4.0,-3.0,-1.0,1.0,0.0,1.0,2.0,1.0,1.0,22.2,55.6,22.2,55.6,,,,
2017-01-22,2016,Benfica,Tondela,4.0,0.0,H,O,1.11,9.0,19.0,D,,,,,9,3.0,0.0,0.0,4.0,10.0,3.0,7.0,4.0,11.0,-7.0,6.0,-8.0,14.0,2.0,0.0,2.0,0.0,3.0,-3.0,75.0,0.0,0.0,77.8,,,,
2017-01-22,2016,Belenenses,Setubal,1.0,2.0,A,O,2.1,3.1,3.75,A,,,,,9,2.0,1.0,1.0,3.0,2.0,3.0,-1.0,1.0,7.0,-6.0,1.0,-4.0,5.0,0.0,0.0,0.0,0.0,2.0,-2.0,37.5,25.0,12.5,50.0,,,,
2017-01-21,2016,Porto,Rio Ave,4.0,2.0,H,O,1.25,5.5,12.0,D,,,,,10,4.0,2.0,0.0,2.0,8.0,3.0,5.0,2.0,3.0,-1.0,6.0,0.0,6.0,1.0,1.0,0.0,0.0,1.0,-1.0,88.9,0.0,37.5,37.5,,,,
2017-01-21,2016,Maritimo,Sp Lisbon,2.0,2.0,D,O,5.25,3.6,1.67,H,,,,,9,4.0,2.0,0.0,1.0,8.0,5.0,3.0,2.0,4.0,-2.0,6.0,1.0,5.0,2.0,0.0,2.0,0.0,0.0,0.0,62.5,25.0,37.5,25.0,,,,
2017-01-21,2016,Arouca,Boavista,1.0,2.0,A,O,2.1,3.2,3.6,D,,,,,10,2.0,1.0,2.0,1.0,3.0,7.0,-4.0,4.0,6.0,-2.0,-1.0,1.0,-2.0,0.0,1.0,-1.0,1.0,0.0,1.0,44.4,44.4,22.2,33.3,,,,
2017-01-20,2016,Pacos Ferreira,Moreirense,0.0,2.0,A,U,2.4,3.0,3.2,A,,,,,9,2.0,0.0,0.0,4.0,4.0,2.0,2.0,2.0,10.0,-8.0,2.0,-8.0,10.0,0.0,0.0,0.0,0.0,2.0,-2.0,37.5,12.5,22.2,77.8,,,,
2017-01-16,2016,Sp Braga,Tondela,2.0,0.0,H,U,1.44,4.2,7.5,D,,,,,9,4.0,0.0,0.0,4.0,13.0,3.0,10.0,4.0,11.0,-7.0,9.0,-8.0,17.0,2.0,0.0,2.0,0.0,3.0,-3.0,87.5,0.0,0.0,75.0,,,,
2017-01-15,2016,Porto,Moreirense,3.0,0.0,H,O,1.2,6.5,13.0,H,,,,,9,3.0,1.0,0.0,3.0,6.0,4.0,2.0,3.0,8.0,-5.0,3.0,-4.0,7.0,0.0,0.0,0.0,0.0,1.0,-1.0,87.5,0.0,25.0,75.0,,,,
2017-01-15,2016,Maritimo,Pacos Ferreira,3.0,1.0,H,O,2.05,3.2,3.75,H,,,,,8,3.0,0.0,0.0,4.0,6.0,0.0,6.0,2.0,9.0,-7.0,4.0,-9.0,13.0,1.0,0.0,1.0,0.0,3.0,-3.0,57.1,28.6,12.5,75.0,,,,
2017-01-15,2016,Belenenses,Rio Ave,1.0,0.0,H,U,2.63,3.1,2.75,D,,,,,8,1.0,2.0,2.0,1.0,1.0,4.0,-3.0,3.0,3.0,0.0,-2.0,1.0,-3.0,0.0,1.0,-1.0,1.0,1.0,0.0,28.6,28.6,42.9,28.6,,,,
2017-01-14,2016,Setubal,Nacional,1.0,0.0,H,U,2.2,3.1,3.5,D,,,,,9,2.0,0.0,1.0,3.0,5.0,4.0,1.0,1.0,8.0,-7.0,4.0,-4.0,8.0,2.0,0.0,2.0,0.0,1.0,-1.0,50.0,37.5,14.3,71.4,,,,
2017-01-14,2016,Feirense,Guimaraes,0.0,0.0,D,U,3.6,3.2,2.1,D,,,,,9,1.0,3.0,3.0,1.0,2.0,7.0,-5.0,7.0,3.0,4.0,-5.0,4.0,-9.0,1.0,1.0,0.0,2.0,0.0,2.0,25.0,62.5,75.0,25.0,,,,
2017-01-14,2016,Chaves,Sp Lisbon,2.0,2.0,D,O,6.5,3.6,1.57,D,,,,,9,2.0,2.0,0.0,1.0,4.0,3.0,1.0,2.0,2.0,0.0,2.0,1.0,1.0,0.0,0.0,0.0,0.0,0.0,0.0,37.5,12.5,42.9,28.6,,,,
2017-01-14,2016,Benfica,Boavista,3.0,3.0,D,O,1.14,7.5,17.0,A,,,,,8,4.0,2.0,0.0,1.0,10.0,6.0,4.0,1.0,4.0,-3.0,9.0,2.0,7.0,3.0,1.0,2.0,0.0,0.0,0.0,85.7,0.0,25.0,37.5,,,,
2017-01-13,2016,Arouca,Estoril,2.0,1.0,H,O,1.83,3.25,4.75,D,,,,,9,2.0,1.0,2.0,2.0,2.0,1.0,1.0,3.0,3.0,0.0,-1.0,-2.0,1.0,0.0,0.0,0.0,1.0,1.0,0.0,37.5,50.0,25.0,50.0,,,,
2017-01-09,2016,Moreirense,Belenenses,1.0,0.0,H,U,2.3,3.5,2.88,D,,,,,8,1.0,1.0,2.0,2.0,6.0,3.0,3.0,8.0,4.0,4.0,-2.0,-1.0,-1.0,1.0,0.0,1.0,1.0,0.0,1.0,14.3,57.1,25.0,50.0,,,,
2017-01-08,2016,Tondela,Arouca,1.0,2.0,A,O,2.4,3.1,3.1,A,,,,,8,2.0,2.0,1.0,2.0,6.0,6.0,0.0,5.0,7.0,-2.0,1.0,-1.0,2.0,0.0,2.0,-2.0,0.0,2.0,-2.0,28.6,42.9,28.6,57.1,,,,
2017-01-08,2016,Sp Lisbon,Feirense,2.0,1.0,H,O,1.17,7.0,15.0,H,,,,,9,2.0,0.0,1.0,3.0,6.0,3.0,3.0,2.0,13.0,-11.0,4.0,-10.0,14.0,2.0,0.0,2.0,0.0,3.0,-3.0,75.0,12.5,28.6,57.1,,,,
2017-01-08,2016,Rio Ave,Chaves,2.0,2.0,D,O,1.85,3.1,5.0,H,,,,,9,2.0,0.0,2.0,2.0,6.0,3.0,3.0,7.0,5.0,2.0,-1.0,-2.0,1.0,1.0,0.0,1.0,1.0,0.0,1.0,50.0,50.0,28.6,28.6,,,,
2017-01-08,2016,Boavista,Setubal,1.0,0.0,H,U,2.3,3.1,3.3,H,,,,,8,1.0,1.0,2.0,2.0,3.0,4.0,-1.0,3.0,7.0,-4.0,0.0,-3.0,3.0,1.0,0.0,1.0,0.0,2.0,-2.0,28.6,42.9,14.3,42.9,,,,
2017-01-07,2016,Pacos Ferreira,Porto,0.0,0.0,D,U,8.0,4.75,1.36,D,,,,,8,2.0,2.0,0.0,0.0,5.0,8.0,-3.0,3.0,0.0,3.0,2.0,8.0,-6.0,0.0,2.0,-2.0,0.0,0.0,0.0,42.9,14.3,42.9,14.3,,,,
2017-01-07,2016,Nacional,Sp Braga,0.0,0.0,D,U,3.5,3.3,2.1,D,,,,,9,1.0,1.0,2.0,2.0,3.0,2.0,1.0,5.0,3.0,2.0,-2.0,-1.0,-1.0,0.0,0.0,0.0,1.0,0.0,1.0,25.0,62.5,42.9,42.9,,,,
2017-01-07,2016,Guimaraes,Benfica,0.0,2.0,A,U,5.5,3.75,1.62,A,,,,,8,2.0,2.0,0.0,1.0,9.0,5.0,4.0,6.0,3.0,3.0,3.0,2.0,1.0,1.0,1.0,0.0,0.0,0.0,0.0,42.9,14.3,75.0,12.5,,,,
2017-01-07,2016,Estoril,Maritimo,0.0,1.0,A,U,2.88,3.0,2.63,A,,,,,8,1.0,0.0,2.0,3.0,3.0,1.0,2.0,4.0,4.0,0.0,-1.0,-3.0,2.0,1.0,0.0,1.0,1.0,0.0,1.0,28.6,57.1,25.0,62.5,,,,
2016-12-23,2016,Setubal,Tondela,3.0,0.0,H,O,2.05,3.2,3.75,H,,,,,8,1.0,0.0,2.0,3.0,2.0,4.0,-2.0,2.0,9.0,-7.0,0.0,-5.0,5.0,1.0,0.0,1.0,0.0,2.0,-2.0,42.9,42.9,0.0,71.4,,,,
2016-12-23,2016,Arouca,Guimaraes,0.0,1.0,A,U,3.0,3.2,2.38,D,,,,,8,2.0,3.0,1.0,1.0,3.0,8.0,-5.0,3.0,3.0,0.0,0.0,5.0,-5.0,0.0,2.0,-2.0,1.0,0.0,1.0,42.9,42.9,71.4,28.6,,,,
2016-12-22,2016,Sp Braga,Moreirense,2.0,1.0,H,O,1.53,4.0,6.0,D,,,,,8,4.0,1.0,0.0,3.0,12.0,3.0,9.0,3.0,8.0,-5.0,9.0,-5.0,14.0,2.0,0.0,2.0,0.0,2.0,-2.0,85.7,0.0,28.6,71.4,,,,
2016-12-22,2016,Nacional,Boavista,0.0,2.0,A,U,2.0,3.4,3.75,A,,,,,8,1.0,1.0,2.0,1.0,3.0,5.0,-2.0,7.0,5.0,2.0,-4.0,0.0,-4.0,0.0,0.0,0.0,1.0,0.0,1.0,28.6,57.1,14.3,42.9,,,,
2016-12-22,2016,Feirense,Pacos Ferreira,2.0,0.0,H,U,3.0,3.2,2.4,H,,,,,8,0.0,0.0,3.0,4.0,1.0,1.0,0.0,8.0,9.0,-1.0,-7.0,-8.0,1.0,0.0,0.0,0.0,2.0,2.0,0.0,14.3,71.4,14.3,71.4,,,,
2016-12-22,2016,Chaves,Estoril,1.0,0.0,H,U,2.05,3.1,4.0,D,,,,,8,2.0,2.0,0.0,1.0,6.0,3.0,3.0,3.0,3.0,0.0,3.0,0.0,3.0,1.0,0.0,1.0,0.0,1.0,-1.0,28.6,14.3,28.6,42.9,,,,
2016-12-22,2016,Belenenses,Sp Lisbon,0.0,1.0,A,U,8.5,4.75,1.36,D,,,,,7,1.0,1.0,1.0,1.0,2.0,5.0,-3.0,3.0,5.0,-2.0,-1.0,0.0,-1.0,0.0,0.0,0.0,1.0,0.0,1.0,33.3,16.7,33.3,33.3,,,,
2016-12-21,2016,Benfica,Rio Ave,2.0,0.0,H,U,1.2,6.0,15.0,H,,,,,7,4.0,2.0,0.0,1.0,12.0,5.0,7.0,1.0,3.0,-2.0,11.0,2.0,9.0,3.0,1.0,2.0,0.0,0.0,0.0,83.3,0.0,50.0,16.7,,,,
2016-12-19,2016,Porto,Chaves,2.0,1.0,H,O,1.17,7.5,14.0,A,,,,,8,3.0,1.0,0.0,1.0,7.0,3.0,4.0,2.0,3.0,-1.0,5.0,0.0,5.0,1.0,0.0,1.0,0.0,0.0,0.0,85.7,0.0,33.3,16.7,,,,
2016-12-19,2016,Maritimo,Feirense,2.0,0.0,H,U,1.67,3.75,5.0,H,,,,,7,3.0,1.0,0.0,2.0,6.0,5.0,1.0,2.0,12.0,-10.0,4.0,-7.0,11.0,1.0,0.0,1.0,0.0,2.0,-2.0,50.0,33.3,33.3,50.0,,,,
2016-12-18,2016,Tondela,Boavista,1.0,1.0,D,U,2.4,3.0,3.2,H,,,,,7,2.0,1.0,1.0,2.0,5.0,5.0,0.0,4.0,7.0,-3.0,1.0,-2.0,3.0,0.0,0.0,0.0,0.0,1.0,-1.0,33.3,50.0,16.7,50.0,,,,
2016-12-18,2016,Sp Lisbon,Sp Braga,0.0,1.0,A,U,1.44,4.0,8.0,D,,,,,8,3.0,0.0,0.0,3.0,10.0,2.0,8.0,3.0,6.0,-3.0,7.0,-4.0,11.0,3.0,0.0,3.0,0.0,1.0,-1.0,85.7,0.0,33.3,50.0,,,,
2016-12-18,2016,Rio Ave,Nacional,2.0,1.0,H,O,1.85,3.3,4.5,D,,,,,8,1.0,1.0,3.0,2.0,5.0,6.0,-1.0,8.0,6.0,2.0,-3.0,0.0,-3.0,1.0,1.0,0.0,1.0,1.0,0.0,42.9,57.1,16.7,66.7,,,,
2016-12-18,2016,Guimaraes,Setubal,3.0,1.0,H,O,1.67,3.6,5.5,H,,,,,7,1.0,1.0,0.0,2.0,7.0,4.0,3.0,6.0,6.0,0.0,1.0,-2.0,3.0,0.0,0.0,0.0,0.0,1.0,-1.0,33.3,16.7,16.7,33.3,,,,
2016-12-17,2016,Moreirense,Arouca,1.0,4.0,A,O,2.15,3.1,3.6,A,,,,,7,1.0,1.0,2.0,2.0,5.0,3.0,2.0,5.0,7.0,-2.0,0.0,-4.0,4.0,1.0,1.0,0.0,0.0,2.0,-2.0,16.7,50.0,16.7,66.7,,,,
2016-12-17,2016,Estoril,Benfica,0.0,1.0,A,U,13.0,5.75,1.22,D,,,,,7,2.0,2.0,1.0,1.0,5.0,6.0,-1.0,3.0,3.0,0.0,2.0,3.0,-1.0,2.0,2.0,0.0,1.0,0.0,1.0,33.3,50.0,71.4,14.3,,,,
2016-12-16,2016,Pacos Ferreira,Belenenses,1.0,0.0,H,U,2.45,3.1,3.0,D,,,,,7,2.0,1.0,0.0,2.0,6.0,4.0,2.0,4.0,6.0,-2.0,2.0,-2.0,4.0,0.0,0.0,0.0,0.0,1.0,-1.0,33.3,16.7,28.6,42.9,,,,
2016-12-15,2016,Porto,Maritimo,2.0,1.0,H,O,1.2,6.0,15.0,H,,,,,7,3.0,1.0,0.0,2.0,8.0,1.0,7.0,2.0,2.0,0.0,6.0,-1.0,7.0,2.0,0.0,2.0,0.0,0.0,0.0,83.3,0.0,28.6,57.1,,,,
2016-12-12,2016,Arouca,Rio Ave,0.0,2.0,A,U,2.6,3.0,2.88,D,,,,,7,2.0,2.0,1.0,1.0,3.0,4.0,-1.0,2.0,3.0,-1.0,1.0,1.0,0.0,0.0,0.0,0.0,0.0,0.0,0.0,50.0,33.3,40.0,20.0,,,,
2016-12-11,2016,Sp Braga,Pacos Ferreira,3.0,0.0,H,O,1.6,3.5,6.5,H,,,,,7,4.0,1.0,0.0,3.0,11.0,5.0,6.0,4.0,7.0,-3.0,7.0,-2.0,9.0,1.0,1.0,0.0,0.0,1.0,-1.0,83.3,0.0,16.7,66.7,,,,
2016-12-11,2016,Nacional,Tondela,3.0,2.0,H,O,2.05,3.2,3.8,A,,,,,7,1.0,0.0,2.0,3.0,2.0,2.0,0.0,5.0,8.0,-3.0,-3.0,-6.0,3.0,1.0,0.0,1.0,1.0,3.0,-2.0,16.7,66.7,0.0,66.7,,,,
2016-12-11,2016,Feirense,Porto,0.0,4.0,A,O,10.0,5.25,1.29,A,,,,,7,0.0,1.0,3.0,0.0,1.0,4.0,-3.0,7.0,0.0,7.0,-6.0,4.0,-10.0,0.0,1.0,-1.0,2.0,0.0,2.0,16.7,66.7,33.3,16.7,,,,
2016-12-11,2016,Benfica,Sp Lisbon,2.0,1.0,H,O,2.2,3.1,3.5,H,,,,,6,4.0,1.0,0.0,1.0,13.0,5.0,8.0,1.0,6.0,-5.0,12.0,-1.0,13.0,4.0,0.0,4.0,0.0,1.0,-1.0,80.0,0.0,40.0,20.0,,,,
2016-12-10,2016,Chaves,Moreirense,2.0,1.0,H,O,2.1,3.1,3.8,D,,,,,7,1.0,1.0,1.0,3.0,4.0,2.0,2.0,4.0,8.0,-4.0,0.0,-6.0,6.0,1.0,0.0,1.0,1.0,3.0,-2.0,16.7,16.7,33.3,66.7,,,,
2016-12-10,2016,Boavista,Guimaraes,1.0,2.0,A,O,3.4,3.0,2.3,D,,,,,7,1.0,3.0,2.0,1.0,3.0,7.0,-4.0,3.0,2.0,1.0,0.0,5.0,-5.0,1.0,2.0,-1.0,0.0,0.0,0.0,33.3,33.3,66.7,33.3,,,,
2016-12-10,2016,Belenenses,Maritimo,1.0,0.0,H,U,2.38,3.0,3.25,H,,,,,6,1.0,1.0,1.0,2.0,3.0,1.0,2.0,4.0,3.0,1.0,-1.0,-2.0,1.0,0.0,0.0,0.0,1.0,1.0,0.0,20.0,20.0,33.3,50.0,,,,
2016-12-09,2016,Setubal,Estoril,2.0,0.0,H,U,2.0,3.3,3.8,H,,,,,7,0.0,2.0,3.0,1.0,1.0,5.0,-4.0,6.0,5.0,1.0,-5.0,0.0,-5.0,0.0,0.0,0.0,1.0,1.0,0.0,33.3,50.0,33.3,33.3,,,,
2016-12-05,2016,Pacos Ferreira,Boavista,2.0,1.0,H,O,2.2,3.0,3.6,H,,,,,6,1.0,1.0,0.0,2.0,4.0,4.0,0.0,3.0,8.0,-5.0,1.0,-4.0,5.0,0.0,0.0,0.0,0.0,2.0,-2.0,20.0,20.0,20.0,40.0,,,,
2016-12-04,2016,Moreirense,Nacional,3.0,1.0,H,O,2.25,3.1,3.4,H,,,,,6,0.0,1.0,3.0,2.0,2.0,6.0,-4.0,5.0,5.0,0.0,-3.0,1.0,-4.0,0.0,1.0,-1.0,0.0,0.0,0.0,0.0,60.0,20.0,60.0,,,,
2016-12-04,2016,Guimaraes,Chaves,1.0,1.0,D,U,1.85,3.3,4.5,H,,,,,6,2.0,2.0,0.0,1.0,11.0,3.0,8.0,8.0,2.0,6.0,3.0,1.0,2.0,1.0,0.0,1.0,0.0,0.0,0.0,40.0,20.0,40.0,20.0,,,,
2016-12-04,2016,Feirense,Arouca,0.0,2.0,A,U,2.45,3.0,3.1,D,,,,,6,1.0,0.0,2.0,3.0,3.0,1.0,2.0,6.0,9.0,-3.0,-3.0,-8.0,5.0,0.0,0.0,0.0,1.0,3.0,-2.0,20.0,60.0,0.0,80.0,,,,
2016-12-04,2016,Estoril,Belenenses,1.0,1.0,D,U,2.38,3.1,3.1,D,,,,,6,2.0,1.0,2.0,2.0,5.0,4.0,1.0,5.0,6.0,-1.0,0.0,-2.0,2.0,2.0,0.0,2.0,2.0,1.0,1.0,40.0,60.0,33.3,50.0,,,,
2016-12-03,2016,Sp Lisbon,Setubal,2.0,0.0,H,U,1.2,6.0,15.0,H,,,,,7,3.0,1.0,0.0,1.0,11.0,4.0,7.0,3.0,4.0,-1.0,8.0,0.0,8.0,3.0,0.0,3.0,0.0,0.0,0.0,83.3,0.0,20.0,20.0,,,,
2016-12-03,2016,Rio Ave,Tondela,3.0,1.0,H,O,1.75,3.4,5.0,H,,,,,7,1.0,0.0,3.0,3.0,5.0,2.0,3.0,8.0,7.0,1.0,-3.0,-5.0,2.0,1.0,0.0,1.0,1.0,2.0,-1.0,33.3,66.7,0.0,60.0,,,,
2016-12-03,2016,Porto,Sp Braga,1.0,0.0,H,U,1.36,4.75,8.0,D,,,,,6,3.0,1.0,0.0,2.0,10.0,5.0,5.0,2.0,6.0,-4.0,8.0,-1.0,9.0,3.0,1.0,2.0,0.0,1.0,-1.0,80.0,0.0,40.0,40.0,,,,
2016-12-02,2016,Maritimo,Benfica,2.0,1.0,H,O,9.5,4.5,1.36,D,,,,,6,2.0,3.0,1.0,0.0,4.0,7.0,-3.0,2.0,2.0,0.0,2.0,5.0,-3.0,1.0,2.0,-1.0,0.0,0.0,0.0,40.0,40.0,83.3,0.0,,,,
2016-11-28,2016,Sp Braga,Feirense,6.0,2.0,H,O,1.5,4.0,7.0,H,,,,,6,4.0,1.0,0.0,2.0,8.0,3.0,5.0,2.0,7.0,-5.0,6.0,-4.0,10.0,1.0,0.0,1.0,0.0,1.0,-1.0,80.0,0.0,40.0,40.0,,,,
2016-11-27,2016,Tondela,Guimaraes,2.0,1.0,H,O,3.4,3.25,2.15,D,,,,,6,1.0,3.0,2.0,1.0,3.0,6.0,-3.0,4.0,3.0,1.0,-1.0,3.0,-4.0,0.0,2.0,-2.0,0.0,1.0,-1.0,20.0,60.0,80.0,20.0,,,,
2016-11-27,2016,Benfica,Moreirense,3.0,0.0,H,O,1.17,7.0,15.0,H,,,,,5,3.0,1.0,0.0,3.0,11.0,2.0,9.0,2.0,8.0,-6.0,9.0,-6.0,15.0,3.0,0.0,3.0,0.0,3.0,-3.0,75.0,0.0,40.0,60.0,,,,
2016-11-27,2016,Arouca,Pacos Ferreira,1.0,0.0,H,U,2.25,3.1,3.4,H,,,,,6,1.0,1.0,2.0,3.0,3.0,8.0,-5.0,4.0,11.0,-7.0,-1.0,-3.0,2.0,0.0,1.0,-1.0,0.0,2.0,-2.0,40.0,40.0,20.0,60.0,,,,
2016-11-26,2016,Nacional,Estoril,0.0,1.0,A,U,2.25,3.2,3.3,A,,,,,6,1.0,1.0,2.0,1.0,2.0,4.0,-2.0,5.0,5.0,0.0,-3.0,-1.0,-2.0,1.0,0.0,1.0,1.0,1.0,0.0,20.0,60.0,20.0,40.0,,,,
2016-11-26,2016,Chaves,Maritimo,0.0,0.0,D,U,2.25,3.0,3.5,D,,,,,6,1.0,2.0,1.0,2.0,4.0,2.0,2.0,4.0,3.0,1.0,0.0,-1.0,1.0,1.0,0.0,1.0,1.0,1.0,0.0,20.0,20.0,40.0,60.0,,,,
2016-11-26,2016,Boavista,Sp Lisbon,0.0,1.0,A,U,9.0,5.0,1.33,A,,,,,6,1.0,1.0,1.0,1.0,5.0,5.0,0.0,4.0,6.0,-2.0,1.0,-1.0,2.0,1.0,0.0,1.0,0.0,1.0,-1.0,40.0,20.0,25.0,25.0,,,,
2016-11-26,2016,Belenenses,Porto,0.0,0.0,D,U,10.0,5.25,1.29,D,,,,,5,1.0,1.0,1.0,1.0,3.0,5.0,-2.0,4.0,2.0,2.0,-1.0,3.0,-4.0,0.0,1.0,-1.0,1.0,0.0,1.0,25.0,25.0,40.0,20.0,,,,
2016-11-25,2016,Setubal,Rio Ave,0.0,1.0,A,U,2.88,3.1,2.5,A,,,,,6,1.0,1.0,2.0,1.0,3.0,4.0,-1.0,5.0,4.0,1.0,-2.0,0.0,-2.0,1.0,0.0,1.0,1.0,0.0,1.0,40.0,40.0,25.0,25.0,,,,
2016-11-06,2016,Sp Lisbon,Arouca,3.0,0.0,H,O,1.2,6.5,13.0,H,,,,,6,3.0,0.0,0.0,3.0,10.0,1.0,9.0,4.0,8.0,-4.0,6.0,-7.0,13.0,2.0,0.0,2.0,0.0,3.0,-3.0,80.0,0.0,0.0,75.0,,,,
2016-11-06,2016,Porto,Benfica,1.0,1.0,D,U,2.1,3.4,3.4,D,,,,,5,4.0,4.0,0.0,0.0,10.0,9.0,1.0,1.0,2.0,-1.0,9.0,7.0,2.0,3.0,3.0,0.0,0.0,0.0,0.0,100.0,0.0,100.0,0.0,,,,
2016-11-06,2016,Moreirense,Setubal,1.0,2.0,A,O,2.2,3.1,3.5,D,,,,,5,0.0,0.0,2.0,1.0,2.0,3.0,-1.0,4.0,4.0,0.0,-2.0,-1.0,-1.0,0.0,0.0,0.0,0.0,0.0,0.0,0.0,50.0,0.0,25.0,,,,
2016-11-06,2016,Maritimo,Sp Braga,1.0,0.0,H,U,3.4,3.2,2.2,H,,,,,5,1.0,2.0,2.0,1.0,3.0,6.0,-3.0,4.0,5.0,-1.0,-1.0,1.0,-2.0,1.0,1.0,0.0,1.0,1.0,0.0,25.0,50.0,50.0,25.0,,,,
2016-11-05,2016,Rio Ave,Boavista,1.0,2.0,A,O,1.85,3.3,4.5,D,,,,,6,2.0,0.0,2.0,2.0,5.0,2.0,3.0,6.0,7.0,-1.0,-1.0,-5.0,4.0,1.0,0.0,1.0,1.0,2.0,-1.0,40.0,60.0,0.0,50.0,,,,
2016-11-05,2016,Pacos Ferreira,Chaves,1.0,1.0,D,U,2.38,3.1,3.1,D,,,,,5,1.0,2.0,1.0,1.0,3.0,4.0,-1.0,3.0,3.0,0.0,0.0,1.0,-1.0,0.0,0.0,0.0,0.0,0.0,0.0,25.0,25.0,50.0,25.0,,,,
2016-11-05,2016,Feirense,Belenenses,0.0,1.0,A,U,2.63,3.1,2.75,A,,,,,5,1.0,1.0,2.0,2.0,3.0,4.0,-1.0,8.0,6.0,2.0,-5.0,-2.0,-3.0,0.0,0.0,0.0,2.0,1.0,1.0,25.0,50.0,20.0,60.0,,,,
2016-11-05,2016,Estoril,Tondela,2.0,0.0,H,U,2.2,3.2,3.4,D,,,,,5,1.0,0.0,3.0,2.0,3.0,3.0,0.0,7.0,6.0,1.0,-4.0,-3.0,-1.0,1.0,0.0,1.0,3.0,1.0,2.0,25.0,75.0,0.0,50.0,,,,
2016-11-04,2016,Guimaraes,Nacional,2.0,1.0,H,O,1.57,3.8,6.0,D,,,,,5,1.0,1.0,1.0,2.0,9.0,5.0,4.0,8.0,5.0,3.0,1.0,0.0,1.0,1.0,1.0,0.0,0.0,1.0,-1.0,25.0,25.0,25.0,50.0,,,,
2016-10-31,2016,Chaves,Feirense,1.0,1.0,D,U,1.91,3.25,4.33,A,,,,,5,1.0,2.0,1.0,2.0,4.0,4.0,0.0,4.0,6.0,-2.0,0.0,-2.0,2.0,1.0,1.0,0.0,1.0,1.0,0.0,25.0,25.0,50.0,50.0,,,,
2016-10-30,2016,Sp Braga,Belenenses,2.0,1.0,H,O,1.53,3.8,6.5,H,,,,,5,3.0,1.0,0.0,2.0,7.0,3.0,4.0,2.0,6.0,-4.0,5.0,-3.0,8.0,1.0,0.0,1.0,0.0,2.0,-2.0,75.0,0.0,25.0,50.0,,,,
2016-10-30,2016,Rio Ave,Guimaraes,0.0,3.0,A,O,2.6,3.25,2.7,A,,,,,5,2.0,3.0,2.0,1.0,6.0,5.0,1.0,6.0,3.0,3.0,0.0,2.0,-2.0,1.0,2.0,-1.0,1.0,1.0,0.0,50.0,50.0,75.0,25.0,,,,
2016-10-30,2016,Arouca,Maritimo,1.0,0.0,H,U,2.45,3.1,3.0,D,,,,,5,1.0,2.0,2.0,2.0,4.0,2.0,2.0,4.0,4.0,0.0,0.0,-2.0,2.0,1.0,0.0,1.0,0.0,2.0,-2.0,25.0,50.0,50.0,50.0,,,,
2016-10-29,2016,Tondela,Moreirense,1.0,2.0,A,O,2.3,3.1,3.2,D,,,,,5,1.0,1.0,2.0,3.0,2.0,3.0,-1.0,4.0,7.0,-3.0,-2.0,-4.0,2.0,0.0,1.0,-1.0,1.0,3.0,-2.0,25.0,50.0,25.0,75.0,,,,
2016-10-29,2016,Setubal,Porto,0.0,0.0,D,U,9.0,5.75,1.29,D,,,,,5,2.0,2.0,2.0,1.0,5.0,8.0,-3.0,5.0,3.0,2.0,0.0,5.0,-5.0,2.0,2.0,0.0,1.0,0.0,1.0,50.0,50.0,50.0,25.0,,,,
2016-10-29,2016,Boavista,Estoril,0.0,0.0,D,U,2.15,3.1,3.6,D,,,,,5,2.0,1.0,1.0,2.0,7.0,4.0,3.0,4.0,6.0,-2.0,3.0,-2.0,5.0,2.0,0.0,2.0,0.0,1.0,-1.0,50.0,25.0,25.0,50.0,,,,
2016-10-28,2016,Nacional,Sp Lisbon,0.0,0.0,D,U,7.5,4.5,1.4,D,,,,,5,1.0,,3.0,,3.0,,,8.0,,,-5.0,,,1.0,,,2.0,,,25.0,75.0,33.3,33.3,,,,
2016-10-28,2016,Benfica,Pacos Ferreira,3.0,0.0,H,O,1.2,6.0,15.0,H,,,,,4,,1.0,,2.0,,9.0,,,9.0,,,0.0,,,1.0,,,1.0,,66.7,0.0,25.0,50.0,,,,
2016-10-24,2016,Sp Braga,Chaves,1.0,0.0,H,U,1.62,3.8,5.5,D,,,,,4,,,,,,,,,,,,,,,,,,,,66.7,0.0,66.7,0.0,,,,
2016-10-23,2016,Moreirense,Rio Ave,1.0,1.0,D,U,3.0,3.2,2.4,D,,,,,4,,,,,,,,,,,,,,,,,,,,0.0,66.7,33.3,33.3,,,,
2016-10-23,2016,Estoril,Guimaraes,0.0,2.0,A,U,3.1,3.2,2.35,A,,,,,4,,,,,,,,,,,,,,,,,,,,33.3,66.7,66.7,33.3,,,,
2016-10-23,2016,Belenenses,Benfica,0.0,2.0,A,U,7.5,4.2,1.44,A,,,,,4,,4.0,,0.0,,9.0,,,2.0,,,7.0,,,3.0,,,0.0,,33.3,0.0,100.0,0.0,,,,
2016-10-22,2016,Sp Lisbon,Tondela,1.0,1.0,D,U,1.18,6.5,15.0,D,,,,,5,4.0,,0.0,,11.0,,,3.0,,,8.0,,,3.0,,,0.0,,,100.0,0.0,0.0,66.7,,,,
2016-10-22,2016,Porto,Arouca,3.0,0.0,H,O,1.18,6.5,15.0,H,,,,,4,,,,,,,,,,,,,,,,,,,,100.0,0.0,0.0,66.7,,,,
2016-10-22,2016,Feirense,Setubal,1.0,1.0,D,U,2.45,3.2,2.9,D,,,,,4,,,,,,,,,,,,,,,,,,,,33.3,66.7,0.0,33.3,,,,
2016-10-21,2016,Pacos Ferreira,Nacional,1.0,1.0,D,U,2.15,3.25,3.4,A,,,,,4,,,,,,,,,,,,,,,,,,,,33.3,33.3,33.3,66.7,,,,
2016-10-21,2016,Maritimo,Boavista,1.0,1.0,D,U,2.0,3.2,4.0,H,,,,,4,,,,,,,,,,,,,,,,,,,,33.3,66.7,0.0,66.7,,,,
2016-10-02,2016,Setubal,Maritimo,0.0,1.0,A,U,2.1,3.2,3.6,D,,,,,4,,,,,,,,,,,,,,,,,,,,66.7,33.3,33.3,66.7,,,,
2016-10-02,2016,Boavista,Moreirense,2.0,0.0,H,U,2.4,3.1,3.1,H,,,,,4,,,,,,,,,,,,,,,,,,,,33.3,33.3,33.3,66.7,,,,
2016-10-02,2016,Benfica,Feirense,4.0,0.0,H,O,1.14,7.5,19.0,H,,,,,3,,,,,,,,,,,,,,,,,,,,50.0,0.0,66.7,33.3,,,,
2016-10-02,2016,Arouca,Sp Braga,1.0,1.0,D,U,3.5,3.3,2.1,D,,,,,4,,,,,,,,,,,,,,,,,,,,33.3,66.7,66.7,33.3,,,,
2016-10-01,2016,Rio Ave,Estoril,1.0,2.0,A,O,1.85,3.4,4.33,A,,,,,4,,,,,,,,,,,,,,,,,,,,66.7,33.3,0.0,66.7,,,,
2016-10-01,2016,Nacional,Porto,0.0,4.0,A,O,8.5,4.75,1.36,A,,,,,4,,,,,,,,,,,,,,,,,,,,33.3,66.7,33.3,33.3,,,,
2016-10-01,2016,Guimaraes,Sp Lisbon,3.0,3.0,D,O,5.25,3.6,1.67,A,,,,,4,,,,,,,,,,,,,,,,,,,,33.3,33.3,50.0,50.0,,,,
2016-10-01,2016,Chaves,Belenenses,3.0,1.0,H,O,2.2,3.1,3.5,A,,,,,4,,,,,,,,,,,,,,,,,,,,0.0,33.3,33.3,33.3,,,,
2016-09-30,2016,Tondela,Pacos Ferreira,2.0,1.0,H,O,2.5,3.0,3.0,H,,,,,4,,,,,,,,,,,,,,,,,,,,0.0,66.7,33.3,33.3,,,,
2016-09-26,2016,Belenenses,Arouca,1.0,1.0,D,U,2.25,3.1,3.4,H,,,,,3,,,,,,,,,,,,,,,,,,,,50.0,0.0,0.0,100.0,,,,
2016-09-25,2016,Pacos Ferreira,Rio Ave,2.0,1.0,H,O,2.88,3.1,2.55,H,,,,,3,,,,,,,,,,,,,,,,,,,,0.0,50.0,50.0,0.0,,,,
2016-09-25,2016,Moreirense,Guimaraes,0.0,1.0,A,U,2.88,3.1,2.55,D,,,,,3,,,,,,,,,,,,,,,,,,,,0.0,50.0,50.0,50.0,,,,
2016-09-25,2016,Maritimo,Tondela,2.0,0.0,H,U,2.05,3.25,3.75,H,,,,,3,,,,,,,,,,,,,,,,,,,,0.0,100.0,0.0,50.0,,,,
2016-09-24,2016,Sp Braga,Setubal,2.0,1.0,H,O,1.5,4.2,6.5,A,,,,,3,,,,,,,,,,,,,,,,,,,,50.0,0.0,0.0,0.0,,,,
2016-09-24,2016,Feirense,Nacional,0.0,3.0,A,O,2.5,3.1,2.9,A,,,,,3,,,,,,,,,,,,,,,,,,,,50.0,50.0,0.0,100.0,,,,
2016-09-24,2016,Chaves,Benfica,0.0,2.0,A,U,9.0,4.0,1.44,D,,,,,3,,,,,,,,,,,,,,,,,,,,0.0,0.0,100.0,0.0,,,,
2016-09-23,2016,Sp Lisbon,Estoril,4.0,2.0,H,O,1.17,6.5,19.0,H,,,,,4,,,,,,,,,,,,,,,,,,,,100.0,0.0,0.0,50.0,,,,
2016-09-23,2016,Porto,Boavista,3.0,1.0,H,O,1.18,6.5,15.0,H,,,,,3,,,,,,,,,,,,,,,,,,,,100.0,0.0,0.0,50.0,,,,
2016-09-19,2016,Benfica,Sp Braga,3.0,1.0,H,O,1.55,4.0,6.0,H,,,,,2,,,,,,,,,,,,,,,,,,,,0.0,0.0,100.0,0.0,,,,
2016-09-18,2016,Tondela,Porto,0.0,0.0,D,U,8.5,4.75,1.36,D,,,,,3,,,,,,,,,,,,,,,,,,,,0.0,100.0,50.0,50.0,,,,
2016-09-18,2016,Rio Ave,Sp Lisbon,3.0,1.0,H,O,5.5,4.0,1.57,H,,,,,3,,,,,,,,,,,,,,,,,,,,50.0,50.0,100.0,0.0,,,,
2016-09-18,2016,Boavista,Feirense,1.0,2.0,A,O,2.2,3.1,3.5,A,,,,,3,,,,,,,,,,,,,,,,,,,,50.0,0.0,50.0,50.0,,,,
2016-09-18,2016,Arouca,Chaves,0.0,1.0,A,U,2.2,3.0,3.6,A,,,,,3,,,,,,,,,,,,,,,,,,,,50.0,50.0,50.0,0.0,,,,
2016-09-17,2016,Setubal,Pacos Ferreira,1.0,4.0,A,O,2.4,3.1,3.1,A,,,,,3,,,,,,,,,,,,,,,,,,,,100.0,0.0,0.0,50.0,,,,
2016-09-17,2016,Guimaraes,Belenenses,1.0,1.0,D,U,1.91,3.25,4.33,H,,,,,3,,,,,,,,,,,,,,,,,,,,50.0,50.0,50.0,50.0,,,,
2016-09-17,2016,Estoril,Moreirense,2.0,0.0,H,U,2.38,3.0,3.25,H,,,,,3,,,,,,,,,,,,,,,,,,,,0.0,100.0,50.0,50.0,,,,
2016-09-16,2016,Nacional,Maritimo,2.0,0.0,H,U,2.55,3.2,2.8,H,,,,,3,,,,,,,,,,,,,,,,,,,,0.0,100.0,50.0,50.0,,,,
2016-09-12,2016,Feirense,Tondela,2.0,1.0,H,O,2.38,3.1,3.1,H,,,,,2,,,,,,,,,,,,,,,,,,,,0.0,100.0,0.0,0.0,,,,
2016-09-11,2016,Sp Braga,Boavista,3.0,0.0,H,O,1.44,4.0,8.0,H,,,,,2,,,,,,,,,,,,,,,,,,,,0.0,0.0,0.0,0.0,,,,
2016-09-11,2016,Pacos Ferreira,Estoril,0.0,0.0,D,U,2.0,3.2,4.0,D,,,,,2,,,,,,,,,,,,,,,,,,,,0.0,100.0,0.0,100.0,,,,
2016-09-11,2016,Maritimo,Rio Ave,0.0,1.0,A,U,2.5,3.0,3.0,A,,,,,2,,,,,,,,,,,,,,,,,,,,0.0,100.0,0.0,0.0,,,,
2016-09-11,2016,Chaves,Setubal,0.0,0.0,D,U,2.5,3.0,3.0,D,,,,,2,,,,,,,,,,,,,,,,,,,,0.0,0.0,0.0,0.0,,,,
2016-09-10,2016,Sp Lisbon,Moreirense,3.0,0.0,H,O,1.29,5.0,12.0,H,,,,,3,,,,,,,,,,,,,,,,,,,,100.0,0.0,100.0,0.0,,,,
2016-09-10,2016,Porto,Guimaraes,3.0,0.0,H,O,1.36,5.0,7.5,H,,,,,2,,,,,,,,,,,,,,,,,,,,100.0,0.0,100.0,0.0,,,,
2016-09-10,2016,Belenenses,Nacional,2.0,1.0,H,O,2.1,3.1,3.75,A,,,,,2,,,,,,,,,,,,,,,,,,,,0.0,0.0,0.0,100.0,,,,
2016-09-09,2016,Arouca,Benfica,1.0,2.0,A,O,7.5,4.2,1.45,A,,,,,2,,,,,,,,,,,,,,,,,,,,100.0,0.0,100.0,0.0,,,,
2016-09-04,2016,Nacional,Chaves,0.0,1.0,A,U,2.5,3.0,3.0,A,,,,,2,,,,,,,,,,,,,,,,,,,,0.0,100.0,0.0,0.0,,,,
2016-08-28,2016,Sp Lisbon,Porto,2.0,1.0,H,O,2.1,3.2,3.6,H,,,,,2,,,,,,,,,,,,,,,,,,,,100.0,0.0,100.0,0.0,,,,
2016-08-28,2016,Setubal,Arouca,2.0,0.0,H,U,2.3,3.1,3.3,H,,,,,2,,,,,,,,,,,,,,,,,,,,100.0,0.0,0.0,100.0,,,,
2016-08-28,2016,Rio Ave,Feirense,1.0,0.0,H,U,1.91,3.25,4.33,D,,,,,2,,,,,,,,,,,,,,,,,,,,0.0,100.0,100.0,0.0,,,,
2016-08-28,2016,Moreirense,Maritimo,0.0,1.0,A,U,2.38,3.2,3.0,A,,,,,2,,,,,,,,,,,,,,,,,,,,0.0,0.0,0.0,100.0,,,,
2016-08-28,2016,Boavista,Chaves,2.0,2.0,D,O,2.3,3.0,3.4,H,,,,,2,,,,,,,,,,,,,,,,,,,,100.0,0.0,,,,,,
2016-08-27,2016,Tondela,Belenenses,0.0,1.0,A,U,2.45,3.25,2.88,D,,,,,2,,,,,,,,,,,,,,,,,,,,0.0,100.0,0.0,100.0,,,,
2016-08-27,2016,Nacional,Benfica,1.0,3.0,A,O,8.0,4.5,1.4,A,,,,,1,,,,,,,,,,,,,,,,,,,,,,100.0,0.0,,,,
2016-08-27,2016,Estoril,Sp Braga,1.0,3.0,A,O,3.75,3.25,2.05,A,,,,,2,,,,,,,,,,,,,,,,,,,,0.0,100.0,100.0,0.0,,,,
2016-08-26,2016,Guimaraes,Pacos Ferreira,5.0,3.0,H,O,2.0,3.1,4.2,H,,,,,2,,,,,,,,,,,,,,,,,,,,0.0,100.0,0.0,0.0,,,,
2016-08-22,2016,Sp Braga,Rio Ave,1.0,1.0,D,U,1.57,3.8,6.0,A,,,,,1,,,,,,,,,,,,,,,,,,,,,,,,,,,
2016-08-21,2016,Feirense,Moreirense,0.0,3.0,A,O,2.3,3.0,3.4,A,,,,,1,,,,,,,,,,,,,,,,,,,,,,,,,,,
2016-08-21,2016,Benfica,Setubal,1.0,1.0,D,U,1.17,7.0,15.0,D,,,,,1,,,,,,,,,,,,,,,,,,,,,,,,,,,
2016-08-21,2016,Arouca,Nacional,2.0,0.0,H,U,2.05,3.2,3.8,H,,,,,1,,,,,,,,,,,,,,,,,,,,,,,,,,,
2016-08-20,2016,Porto,Estoril,1.0,0.0,H,U,1.29,5.5,9.5,D,,,,,1,,,,,,,,,,,,,,,,,,,,,,,,,,,
2016-08-20,2016,Pacos Ferreira,Sp Lisbon,0.0,1.0,A,U,9.0,4.2,1.4,A,,,,,1,,,,,,,,,,,,,,,,,,,,,,,,,,,
2016-08-20,2016,Maritimo,Guimaraes,0.0,2.0,A,U,2.5,3.1,2.9,A,,,,,1,,,,,,,,,,,,,,,,,,,,,,,,,,,
2016-08-20,2016,Chaves,Tondela,1.0,1.0,D,U,2.1,3.1,3.8,H,,,,,1,,,,,,,,,,,,,,,,,,,,,,,,,,,
2016-08-19,2016,Belenenses,Boavista,0.0,0.0,D,U,2.5,3.0,3.1,D,,,,,1,,,,,,,,,,,,,,,,,,,,,,,,,,,
2016-08-15,2016,Estoril,Feirense,0.0,2.0,A,U,2.05,3.1,4.0,A,,,,,1,,,,,,,,,,,,,,,,,,,,,,,,,,,
2016-08-14,2016,Setubal,Belenenses,2.0,0.0,H,U,2.0,3.0,3.8,H,,,,,1,,,,,,,,,,,,,,,,,,,,,,,,,,,
2016-08-14,2016,Guimaraes,Sp Braga,0.0,1.0,A,U,3.4,3.2,2.2,A,,,,,1,,,,,,,,,,,,,,,,,,,,,,,,,,,
2016-08-14,2016,Boavista,Arouca,2.0,0.0,H,U,2.9,3.0,2.6,H,,,,,1,,,,,,,,,,,,,,,,,,,,,,,,,,,
2016-08-13,2016,Tondela,Benfica,0.0,2.0,A,U,10.0,5.0,1.3,A,,,,,1,,,,,,,,,,,,,,,,,,,,,,,,,,,
2016-08-13,2016,Sp Lisbon,Maritimo,2.0,0.0,H,U,1.22,5.75,13.0,H,,,,,1,,,,,,,,,,,,,,,,,,,,,,,,,,,
2016-08-13,2016,Moreirense,Pacos Ferreira,1.0,1.0,D,U,2.6,3.0,2.9,A,,,,,1,,,,,,,,,,,,,,,,,,,,,,,,,,,
2016-08-12,2016,Rio Ave,Porto,1.0,3.0,A,O,5.75,3.75,1.6,D,,,,,1,,,,,,,,,,,,,,,,,,,,,,,,,,,
2016-05-15,2015,Sp Braga,Sp Lisbon,0.0,4.0,A,O,7.0,4.33,1.44,A,,,,,17,3.0,4.0,0.0,0.0,9.0,11.0,-2.0,3.0,4.0,-1.0,6.0,7.0,-1.0,2.0,2.0,0.0,0.0,0.0,0.0,68.8,6.2,81.2,6.2,,,,
2016-05-15,2015,Moreirense,Maritimo,2.0,1.0,H,O,2.05,3.5,3.5,H,,,,,17,0.0,0.0,2.0,3.0,3.0,4.0,-1.0,5.0,8.0,-3.0,-2.0,-4.0,2.0,0.0,0.0,0.0,0.0,1.0,-1.0,12.5,56.2,18.8,62.5,,,,
2016-05-15,2015,Benfica,Nacional,4.0,1.0,H,O,1.1,9.0,21.0,H,,,,,17,4.0,1.0,0.0,3.0,12.0,1.0,11.0,3.0,9.0,-6.0,9.0,-8.0,17.0,2.0,0.0,2.0,0.0,3.0,-3.0,87.5,12.5,12.5,62.5,,,,
2016-05-14,2015,Uniao Madeira,Rio Ave,1.0,2.0,A,O,2.45,3.1,3.0,H,,,,,17,1.0,1.0,1.0,1.0,8.0,2.0,6.0,7.0,2.0,5.0,1.0,0.0,1.0,1.0,0.0,1.0,0.0,0.0,0.0,37.5,25.0,25.0,31.2,,,,
2016-05-14,2015,Tondela,Academica,2.0,0.0,H,U,1.57,4.0,5.75,H,,,,,17,1.0,0.0,1.0,2.0,4.0,6.0,-2.0,4.0,9.0,-5.0,0.0,-3.0,3.0,0.0,0.0,0.0,0.0,1.0,-1.0,12.5,62.5,0.0,68.8,,,,
2016-05-14,2015,Setubal,Pacos Ferreira,0.0,0.0,D,U,2.3,3.5,2.9,D,,,,,17,0.0,3.0,4.0,1.0,0.0,7.0,-7.0,4.0,4.0,0.0,-4.0,3.0,-7.0,0.0,1.0,-1.0,0.0,0.0,0.0,12.5,37.5,37.5,31.2,,,,
2016-05-14,2015,Porto,Boavista,4.0,0.0,H,O,1.29,5.5,9.5,H,,,,,17,2.0,1.0,2.0,1.0,8.0,5.0,3.0,6.0,3.0,3.0,2.0,2.0,0.0,1.0,1.0,0.0,1.0,0.0,1.0,68.8,18.8,25.0,50.0,,,,
2016-05-14,2015,Belenenses,Estoril,2.0,1.0,H,O,3.1,3.5,2.2,H,,,,,17,1.0,2.0,2.0,1.0,6.0,8.0,-2.0,8.0,6.0,2.0,-2.0,2.0,-4.0,1.0,2.0,-1.0,2.0,1.0,1.0,31.2,37.5,25.0,50.0,,,,
2016-05-14,2015,Arouca,Guimaraes,2.0,2.0,D,O,2.38,3.5,2.8,A,,,,,17,3.0,0.0,0.0,4.0,7.0,2.0,5.0,2.0,9.0,-7.0,5.0,-7.0,12.0,1.0,0.0,1.0,0.0,2.0,-2.0,50.0,18.8,25.0,43.8,,,,
2016-05-09,2015,Estoril,Arouca,1.0,1.0,D,U,2.25,3.2,3.3,A,,,,,17,3.0,2.0,1.0,1.0,5.0,4.0,1.0,3.0,6.0,-3.0,2.0,-2.0,4.0,0.0,0.0,0.0,0.0,1.0,-1.0,56.2,25.0,31.2,18.8,,,,
2016-05-08,2015,Nacional,Belenenses,2.0,2.0,D,O,2.15,3.25,3.4,H,,,,,17,3.0,1.0,1.0,1.0,8.0,3.0,5.0,4.0,3.0,1.0,4.0,0.0,4.0,1.0,0.0,1.0,0.0,0.0,0.0,50.0,31.2,25.0,43.8,,,,
2016-05-08,2015,Maritimo,Benfica,0.0,2.0,A,U,9.0,5.0,1.33,D,,,,,17,2.0,4.0,2.0,0.0,6.0,5.0,1.0,5.0,1.0,4.0,1.0,4.0,-3.0,2.0,0.0,2.0,1.0,0.0,1.0,43.8,43.8,81.2,12.5,,,,
2016-05-08,2015,Guimaraes,Moreirense,4.0,1.0,H,O,2.0,3.3,3.8,D,,,,,17,0.0,2.0,1.0,0.0,2.0,3.0,-1.0,3.0,1.0,2.0,-1.0,2.0,-3.0,0.0,0.0,0.0,0.0,0.0,0.0,25.0,31.2,37.5,37.5,,,,
2016-05-08,2015,Boavista,Uniao Madeira,1.0,0.0,H,U,2.2,3.1,3.5,H,,,,,17,1.0,0.0,2.0,4.0,1.0,2.0,-1.0,2.0,8.0,-6.0,-1.0,-6.0,5.0,0.0,0.0,0.0,0.0,2.0,-2.0,18.8,50.0,6.2,81.2,,,,
2016-05-07,2015,Sp Lisbon,Setubal,5.0,0.0,H,O,1.1,9.0,23.0,H,,,,,17,3.0,0.0,1.0,3.0,10.0,5.0,5.0,3.0,8.0,-5.0,7.0,-3.0,10.0,3.0,0.0,3.0,0.0,0.0,0.0,75.0,6.2,25.0,56.2,,,,
2016-05-07,2015,Rio Ave,Porto,1.0,3.0,A,O,4.2,3.5,1.85,D,,,,,17,2.0,2.0,2.0,2.0,4.0,4.0,0.0,4.0,5.0,-1.0,0.0,-1.0,1.0,1.0,0.0,1.0,1.0,1.0,0.0,56.2,37.5,62.5,25.0,,,,
2016-05-07,2015,Academica,Sp Braga,0.0,0.0,D,U,3.75,3.4,2.0,D,,,,,17,1.0,0.0,3.0,3.0,4.0,1.0,3.0,7.0,9.0,-2.0,-3.0,-8.0,5.0,1.0,0.0,1.0,1.0,2.0,-1.0,31.2,43.8,31.2,37.5,,,,
2016-05-06,2015,Pacos Ferreira,Tondela,1.0,4.0,A,O,1.7,3.6,5.0,D,,,,,17,2.0,2.0,0.0,2.0,4.0,3.0,1.0,2.0,7.0,-5.0,2.0,-4.0,6.0,0.0,0.0,0.0,0.0,2.0,-2.0,43.8,31.2,25.0,62.5,,,,
2016-05-01,2015,Uniao Madeira,Academica,3.0,1.0,H,O,2.5,3.2,2.8,H,,,,,16,0.0,0.0,1.0,2.0,6.0,5.0,1.0,7.0,7.0,0.0,-1.0,-2.0,1.0,0.0,0.0,0.0,0.0,0.0,0.0,33.3,26.7,0.0,66.7,,,,
2016-05-01,2015,Moreirense,Boavista,1.0,1.0,D,U,2.63,3.0,2.88,D,,,,,16,0.0,1.0,3.0,2.0,3.0,4.0,-1.0,6.0,4.0,2.0,-3.0,0.0,-3.0,0.0,1.0,-1.0,0.0,1.0,-1.0,13.3,60.0,26.7,53.3,,,,
2016-05-01,2015,Estoril,Maritimo,2.0,1.0,H,O,2.05,3.4,3.6,A,,,,,16,3.0,1.0,1.0,2.0,6.0,7.0,-1.0,2.0,9.0,-7.0,4.0,-2.0,6.0,1.0,0.0,1.0,0.0,1.0,-1.0,53.3,26.7,20.0,60.0,,,,
2016-05-01,2015,Arouca,Nacional,3.0,0.0,H,O,1.85,3.4,4.33,H,,,,,16,2.0,1.0,0.0,2.0,4.0,2.0,2.0,2.0,7.0,-5.0,2.0,-5.0,7.0,0.0,0.0,0.0,0.0,2.0,-2.0,46.7,20.0,13.3,60.0,,,,
2016-04-30,2015,Tondela,Rio Ave,1.0,1.0,D,U,3.1,3.1,2.4,H,,,,,16,1.0,2.0,2.0,1.0,6.0,3.0,3.0,7.0,2.0,5.0,-1.0,1.0,-2.0,0.0,0.0,0.0,0.0,0.0,0.0,13.3,66.7,26.7,33.3,,,,
2016-04-30,2015,Porto,Sp Lisbon,1.0,3.0,A,O,3.25,3.1,2.3,A,,,,,16,3.0,3.0,1.0,0.0,10.0,8.0,2.0,5.0,3.0,2.0,5.0,5.0,0.0,1.0,1.0,0.0,0.0,0.0,0.0,73.3,13.3,80.0,6.7,,,,
2016-04-30,2015,Belenenses,Pacos Ferreira,0.0,2.0,A,U,2.6,3.0,2.88,A,,,,,16,1.0,2.0,2.0,2.0,7.0,5.0,2.0,8.0,7.0,1.0,-1.0,-2.0,1.0,1.0,0.0,1.0,1.0,1.0,0.0,33.3,33.3,33.3,33.3,,,,
2016-04-29,2015,Sp Braga,Setubal,3.0,2.0,H,O,1.44,4.33,7.0,D,,,,,16,3.0,0.0,0.0,3.0,9.0,3.0,6.0,2.0,8.0,-6.0,7.0,-5.0,12.0,3.0,0.0,3.0,0.0,1.0,-1.0,66.7,6.7,26.7,53.3,,,,
2016-04-29,2015,Benfica,Guimaraes,1.0,0.0,H,U,1.11,9.0,19.0,D,,,,,16,4.0,0.0,0.0,4.0,13.0,2.0,11.0,3.0,10.0,-7.0,10.0,-8.0,18.0,3.0,0.0,3.0,0.0,3.0,-3.0,86.7,13.3,26.7,40.0,,,,
2016-04-24,2015,Setubal,Tondela,0.0,1.0,A,U,2.05,3.4,3.6,D,,,,,16,0.0,2.0,3.0,2.0,1.0,4.0,-3.0,4.0,8.0,-4.0,-3.0,-4.0,1.0,0.0,0.0,0.0,0.0,2.0,-2.0,13.3,33.3,20.0,66.7,,,,
2016-04-24,2015,Rio Ave,Benfica,0.0,1.0,A,U,8.0,4.5,1.4,D,,,,,16,2.0,4.0,1.0,0.0,5.0,7.0,-2.0,4.0,2.0,2.0,1.0,5.0,-4.0,1.0,1.0,0.0,1.0,0.0,1.0,60.0,33.3,80.0,13.3,,,,
2016-04-24,2015,Nacional,Moreirense,0.0,1.0,A,U,2.0,3.4,3.75,A,,,,,16,4.0,1.0,0.0,1.0,11.0,4.0,7.0,3.0,4.0,-1.0,8.0,0.0,8.0,2.0,0.0,2.0,0.0,0.0,0.0,53.3,26.7,33.3,40.0,,,,
2016-04-24,2015,Maritimo,Arouca,1.0,2.0,A,O,2.2,3.2,3.4,A,,,,,16,3.0,2.0,1.0,1.0,6.0,4.0,2.0,3.0,5.0,-2.0,3.0,-1.0,4.0,2.0,1.0,1.0,1.0,1.0,0.0,46.7,40.0,26.7,20.0,,,,
2016-04-24,2015,Guimaraes,Estoril,1.0,1.0,D,U,2.4,3.1,3.1,D,,,,,16,0.0,2.0,1.0,1.0,3.0,8.0,-5.0,4.0,6.0,-2.0,-1.0,2.0,-3.0,0.0,2.0,-2.0,0.0,1.0,-1.0,26.7,33.3,26.7,53.3,,,,
2016-04-23,2015,Sp Lisbon,Uniao Madeira,2.0,0.0,H,U,1.13,8.0,21.0,H,,,,,16,3.0,0.0,1.0,4.0,10.0,2.0,8.0,3.0,8.0,-5.0,7.0,-6.0,13.0,3.0,0.0,3.0,0.0,2.0,-2.0,73.3,6.7,6.7,80.0,,,,
2016-04-23,2015,Pacos Ferreira,Sp Braga,1.0,0.0,H,U,3.8,3.3,2.0,H,,,,,16,1.0,1.0,1.0,2.0,4.0,4.0,0.0,5.0,9.0,-4.0,-1.0,-5.0,4.0,0.0,1.0,-1.0,1.0,2.0,-1.0,40.0,33.3,33.3,33.3,,,,
2016-04-23,2015,Academica,Porto,1.0,2.0,A,O,9.0,4.5,1.36,D,,,,,16,1.0,2.0,3.0,2.0,3.0,4.0,-1.0,7.0,5.0,2.0,-4.0,-1.0,-3.0,1.0,0.0,1.0,2.0,1.0,1.0,33.3,40.0,60.0,26.7,,,,
2016-04-22,2015,Boavista,Belenenses,1.0,0.0,H,U,1.95,3.1,4.33,H,,,,,16,0.0,2.0,3.0,0.0,1.0,6.0,-5.0,4.0,4.0,0.0,-3.0,2.0,-5.0,0.0,0.0,0.0,0.0,0.0,0.0,13.3,53.3,26.7,40.0,,,,
2016-04-18,2015,Sp Braga,Tondela,3.0,0.0,H,O,1.36,4.75,8.0,H,,,,,15,2.0,2.0,0.0,2.0,9.0,5.0,4.0,5.0,7.0,-2.0,4.0,-2.0,6.0,2.0,0.0,2.0,0.0,1.0,-1.0,64.3,7.1,21.4,64.3,,,,
2016-04-18,2015,Benfica,Setubal,2.0,1.0,H,O,1.14,7.5,17.0,H,,,,,15,3.0,0.0,1.0,2.0,12.0,4.0,8.0,4.0,8.0,-4.0,8.0,-4.0,12.0,3.0,0.0,3.0,0.0,1.0,-1.0,85.7,14.3,28.6,50.0,,,,
2016-04-17,2015,Uniao Madeira,Pacos Ferreira,3.0,4.0,A,O,2.6,3.1,2.8,H,,,,,15,0.0,1.0,1.0,2.0,3.0,2.0,1.0,4.0,5.0,-1.0,-1.0,-3.0,2.0,0.0,0.0,0.0,0.0,1.0,-1.0,35.7,21.4,28.6,35.7,,,,
2016-04-17,2015,Porto,Nacional,4.0,0.0,H,O,1.29,5.5,10.0,H,,,,,15,2.0,1.0,2.0,1.0,7.0,4.0,3.0,7.0,5.0,2.0,0.0,-1.0,1.0,0.0,0.0,0.0,0.0,1.0,-1.0,71.4,14.3,14.3,57.1,,,,
2016-04-17,2015,Maritimo,Guimaraes,3.0,0.0,H,O,2.38,3.2,3.0,H,,,,,15,2.0,0.0,2.0,3.0,4.0,5.0,-1.0,6.0,10.0,-4.0,-2.0,-5.0,3.0,1.0,0.0,1.0,2.0,2.0,0.0,42.9,42.9,28.6,35.7,,,,
2016-04-17,2015,Belenenses,Academica,1.0,1.0,D,U,2.2,3.2,3.4,H,,,,,15,1.0,0.0,3.0,2.0,6.0,4.0,2.0,9.0,6.0,3.0,-3.0,-2.0,-1.0,1.0,0.0,1.0,2.0,0.0,2.0,35.7,35.7,0.0,71.4,,,,
2016-04-16,2015,Moreirense,Sp Lisbon,0.0,1.0,A,U,13.0,5.25,1.25,A,,,,,15,0.0,3.0,3.0,0.0,5.0,11.0,-6.0,8.0,3.0,5.0,-3.0,8.0,-11.0,0.0,2.0,-2.0,0.0,0.0,0.0,14.3,57.1,78.6,7.1,,,,
2016-04-16,2015,Estoril,Boavista,1.0,0.0,H,U,2.25,3.1,3.4,D,,,,,15,3.0,2.0,1.0,1.0,7.0,5.0,2.0,3.0,3.0,0.0,4.0,2.0,2.0,1.0,1.0,0.0,0.0,1.0,-1.0,50.0,28.6,28.6,50.0,,,,
2016-04-16,2015,Arouca,Rio Ave,0.0,0.0,D,U,2.6,3.2,2.7,D,,,,,15,3.0,3.0,0.0,1.0,7.0,5.0,2.0,2.0,2.0,0.0,5.0,3.0,2.0,1.0,1.0,0.0,0.0,0.0,0.0,50.0,21.4,28.6,35.7,,,,
2016-04-11,2015,Rio Ave,Guimaraes,2.0,0.0,H,U,2.0,3.2,4.0,H,,,,,15,2.0,0.0,1.0,2.0,5.0,6.0,-1.0,5.0,9.0,-4.0,0.0,-3.0,3.0,0.0,0.0,0.0,1.0,1.0,0.0,57.1,35.7,30.8,30.8,,,,
2016-04-10,2015,Tondela,Uniao Madeira,1.0,0.0,H,U,2.3,3.1,3.2,H,,,,,15,0.0,0.0,2.0,4.0,6.0,2.0,4.0,8.0,10.0,-2.0,-2.0,-8.0,6.0,0.0,0.0,0.0,0.0,3.0,-3.0,7.1,71.4,7.1,78.6,,,,
2016-04-10,2015,Sp Braga,Moreirense,1.0,1.0,D,U,1.44,4.0,8.0,D,,,,,14,3.0,2.0,0.0,1.0,10.0,4.0,6.0,4.0,3.0,1.0,6.0,1.0,5.0,3.0,0.0,3.0,0.0,0.0,0.0,69.2,7.7,35.7,42.9,,,,
2016-04-10,2015,Setubal,Belenenses,0.0,1.0,A,U,2.38,3.25,3.0,D,,,,,15,0.0,2.0,2.0,0.0,2.0,7.0,-5.0,4.0,5.0,-1.0,-2.0,2.0,-4.0,0.0,0.0,0.0,0.0,0.0,0.0,14.3,28.6,21.4,42.9,,,,
2016-04-10,2015,Pacos Ferreira,Porto,1.0,0.0,H,U,8.5,4.33,1.4,D,,,,,15,0.0,3.0,2.0,1.0,3.0,6.0,-3.0,6.0,5.0,1.0,-3.0,1.0,-4.0,0.0,0.0,0.0,1.0,1.0,0.0,35.7,35.7,64.3,21.4,,,,
2016-04-10,2015,Nacional,Estoril,4.0,1.0,H,O,2.15,3.1,3.6,H,,,,,15,3.0,2.0,1.0,1.0,7.0,7.0,0.0,6.0,4.0,2.0,1.0,3.0,-2.0,1.0,2.0,-1.0,1.0,1.0,0.0,50.0,28.6,28.6,50.0,,,,
2016-04-09,2015,Sp Lisbon,Maritimo,3.0,1.0,H,O,1.2,6.0,15.0,H,,,,,15,2.0,1.0,1.0,1.0,7.0,7.0,0.0,2.0,7.0,-5.0,5.0,0.0,5.0,2.0,0.0,2.0,0.0,0.0,0.0,71.4,7.1,21.4,57.1,,,,
2016-04-09,2015,Academica,Benfica,1.0,2.0,A,O,12.0,4.75,1.3,D,,,,,15,1.0,4.0,2.0,0.0,4.0,10.0,-6.0,7.0,1.0,6.0,-3.0,9.0,-12.0,1.0,2.0,-1.0,2.0,0.0,2.0,35.7,35.7,78.6,14.3,,,,
2016-04-08,2015,Boavista,Arouca,0.0,0.0,D,U,2.38,3.0,3.25,D,,,,,15,0.0,3.0,3.0,1.0,1.0,6.0,-5.0,4.0,6.0,-2.0,-3.0,0.0,-3.0,0.0,1.0,-1.0,0.0,1.0,-1.0,14.3,57.1,28.6,21.4,,,,
2016-04-04,2015,Porto,Tondela,0.0,1.0,A,U,1.1,9.0,23.0,D,,,,,14,3.0,1.0,1.0,3.0,8.0,5.0,3.0,6.0,10.0,-4.0,2.0,-5.0,7.0,0.0,0.0,0.0,0.0,2.0,-2.0,76.9,7.7,15.4,69.2,,,,
2016-04-04,2015,Belenenses,Sp Lisbon,2.0,5.0,A,O,9.0,5.0,1.33,A,,,,,14,1.0,3.0,3.0,0.0,4.0,9.0,-5.0,9.0,2.0,7.0,-5.0,7.0,-12.0,1.0,2.0,-1.0,2.0,0.0,2.0,38.5,30.8,76.9,7.7,,,,
2016-04-03,2015,Uniao Madeira,Setubal,2.0,2.0,D,O,2.25,3.1,3.4,H,,,,,14,1.0,0.0,1.0,3.0,4.0,3.0,1.0,2.0,8.0,-6.0,2.0,-5.0,7.0,1.0,0.0,1.0,0.0,1.0,-1.0,38.5,23.1,30.8,53.8,,,,
2016-04-03,2015,Moreirense,Rio Ave,0.0,1.0,A,U,2.8,3.3,2.45,D,,,,,14,0.0,2.0,3.0,1.0,6.0,4.0,2.0,11.0,2.0,9.0,-5.0,2.0,-7.0,0.0,1.0,-1.0,1.0,0.0,1.0,15.4,53.8,23.1,38.5,,,,
2016-04-03,2015,Estoril,Pacos Ferreira,1.0,0.0,H,U,2.2,3.2,3.4,H,,,,,14,2.0,1.0,2.0,1.0,7.0,4.0,3.0,6.0,6.0,0.0,1.0,-2.0,3.0,1.0,0.0,1.0,1.0,1.0,0.0,46.2,30.8,30.8,30.8,,,,
2016-04-02,2015,Maritimo,Nacional,2.0,0.0,H,U,2.38,3.2,3.0,D,,,,,14,1.0,1.0,3.0,1.0,3.0,4.0,-1.0,8.0,6.0,2.0,-5.0,-2.0,-3.0,0.0,0.0,0.0,2.0,1.0,1.0,38.5,46.2,15.4,53.8,,,,
2016-04-02,2015,Guimaraes,Boavista,1.0,1.0,D,U,2.05,3.1,4.0,D,,,,,15,1.0,3.0,1.0,1.0,5.0,6.0,-1.0,4.0,3.0,1.0,1.0,3.0,-2.0,1.0,1.0,0.0,0.0,1.0,-1.0,28.6,35.7,30.8,53.8,,,,
2016-04-02,2015,Arouca,Academica,3.0,2.0,H,O,2.1,3.25,3.6,H,,,,,14,2.0,0.0,0.0,2.0,6.0,4.0,2.0,2.0,6.0,-4.0,4.0,-2.0,6.0,1.0,0.0,1.0,0.0,0.0,0.0,46.2,23.1,0.0,69.2,,,,
2016-04-01,2015,Benfica,Sp Braga,5.0,1.0,H,O,1.53,3.75,7.0,H,,,,,14,3.0,1.0,1.0,1.0,10.0,3.0,7.0,4.0,4.0,0.0,6.0,-1.0,7.0,3.0,1.0,2.0,0.0,1.0,-1.0,84.6,15.4,35.7,28.6,,,,
2016-03-20,2015,Tondela,Belenenses,2.0,2.0,D,O,3.1,3.1,2.4,A,,,,,14,0.0,3.0,3.0,0.0,5.0,7.0,-2.0,8.0,4.0,4.0,-3.0,3.0,-6.0,0.0,0.0,0.0,0.0,0.0,0.0,7.7,76.9,23.1,46.2,,,,
2016-03-20,2015,Sp Braga,Uniao Madeira,2.0,0.0,H,U,1.33,5.0,9.0,H,,,,,13,3.0,0.0,0.0,4.0,13.0,3.0,10.0,5.0,11.0,-6.0,8.0,-8.0,16.0,3.0,0.0,3.0,0.0,3.0,-3.0,66.7,8.3,7.7,76.9,,,,
2016-03-20,2015,Pacos Ferreira,Moreirense,0.0,0.0,D,U,2.0,3.3,3.8,D,,,,,14,0.0,3.0,3.0,1.0,4.0,6.0,-2.0,9.0,4.0,5.0,-5.0,2.0,-7.0,0.0,0.0,0.0,2.0,0.0,2.0,38.5,38.5,38.5,46.2,,,,
2016-03-20,2015,Nacional,Guimaraes,3.0,2.0,H,O,2.3,3.1,3.25,A,,,,,14,3.0,0.0,1.0,1.0,7.0,7.0,0.0,5.0,9.0,-4.0,2.0,-2.0,4.0,2.0,0.0,2.0,1.0,1.0,0.0,46.2,30.8,33.3,25.0,,,,
2016-03-20,2015,Boavista,Benfica,0.0,1.0,A,U,13.0,5.25,1.25,D,,,,,14,0.0,4.0,2.0,0.0,1.0,13.0,-12.0,3.0,2.0,1.0,-2.0,11.0,-13.0,0.0,3.0,-3.0,0.0,0.0,0.0,15.4,53.8,76.9,15.4,,,,
2016-03-20,2015,Academica,Estoril,0.0,3.0,A,O,2.38,3.2,3.0,A,,,,,14,1.0,2.0,1.0,1.0,5.0,7.0,-2.0,5.0,5.0,0.0,0.0,2.0,-2.0,1.0,2.0,-1.0,1.0,1.0,0.0,38.5,30.8,23.1,53.8,,,,
2016-03-19,2015,Sp Lisbon,Arouca,5.0,1.0,H,O,1.2,6.0,15.0,H,,,,,14,2.0,3.0,1.0,1.0,5.0,6.0,-1.0,3.0,4.0,-1.0,2.0,2.0,0.0,1.0,1.0,0.0,0.0,1.0,-1.0,69.2,7.7,30.8,15.4,,,,
2016-03-19,2015,Setubal,Porto,0.0,1.0,A,U,9.0,5.0,1.33,A,,,,,14,1.0,3.0,1.0,1.0,4.0,8.0,-4.0,4.0,6.0,-2.0,0.0,2.0,-2.0,0.0,1.0,-1.0,0.0,1.0,-1.0,15.4,23.1,61.5,23.1,,,,
2016-03-18,2015,Rio Ave,Maritimo,1.0,0.0,H,U,1.83,3.6,4.2,H,,,,,14,1.0,1.0,2.0,1.0,5.0,7.0,-2.0,7.0,7.0,0.0,-2.0,0.0,-2.0,0.0,0.0,0.0,1.0,0.0,1.0,53.8,38.5,23.1,53.8,,,,
2016-03-14,2015,Benfica,Tondela,4.0,1.0,H,O,1.11,8.0,26.0,H,,,,,13,3.0,1.0,1.0,2.0,12.0,6.0,6.0,3.0,8.0,-5.0,9.0,-2.0,11.0,3.0,0.0,3.0,0.0,1.0,-1.0,83.3,16.7,16.7,66.7,,,,
2016-03-13,2015,Nacional,Rio Ave,1.0,0.0,H,U,2.25,3.2,3.3,D,,,,,13,2.0,2.0,2.0,1.0,8.0,5.0,3.0,8.0,6.0,2.0,0.0,-1.0,1.0,2.0,1.0,1.0,1.0,1.0,0.0,41.7,33.3,25.0,33.3,,,,
2016-03-13,2015,Moreirense,Academica,2.0,2.0,D,O,2.1,3.25,3.5,A,,,,,13,0.0,0.0,4.0,3.0,5.0,3.0,2.0,12.0,6.0,6.0,-7.0,-3.0,-4.0,0.0,0.0,0.0,2.0,0.0,2.0,16.7,58.3,0.0,75.0,,,,
2016-03-13,2015,Guimaraes,Pacos Ferreira,0.0,1.0,A,U,2.0,3.2,4.0,A,,,,,14,2.0,0.0,0.0,1.0,6.0,4.0,2.0,3.0,7.0,-4.0,3.0,-3.0,6.0,1.0,0.0,1.0,0.0,1.0,-1.0,30.8,30.8,25.0,33.3,,,,
2016-03-13,2015,Belenenses,Sp Braga,3.0,0.0,H,O,3.6,3.2,2.1,D,,,,,13,0.0,2.0,3.0,0.0,4.0,6.0,-2.0,12.0,3.0,9.0,-8.0,3.0,-11.0,0.0,1.0,-1.0,2.0,0.0,2.0,33.3,33.3,38.5,23.1,,,,
2016-03-13,2015,Arouca,Setubal,1.0,0.0,H,U,1.91,3.2,4.33,H,,,,,13,1.0,0.0,1.0,3.0,6.0,3.0,3.0,4.0,11.0,-7.0,2.0,-8.0,10.0,1.0,0.0,1.0,0.0,2.0,-2.0,41.7,25.0,33.3,50.0,,,,
2016-03-12,2015,Porto,Uniao Madeira,3.0,2.0,H,O,1.17,7.0,15.0,H,,,,,13,2.0,1.0,1.0,3.0,6.0,2.0,4.0,5.0,8.0,-3.0,1.0,-6.0,7.0,0.0,0.0,0.0,0.0,3.0,-3.0,75.0,8.3,8.3,75.0,,,,
2016-03-12,2015,Estoril,Sp Lisbon,1.0,2.0,A,O,9.0,4.2,1.4,A,,,,,13,2.0,3.0,2.0,0.0,7.0,13.0,-6.0,6.0,1.0,5.0,1.0,12.0,-11.0,1.0,3.0,-2.0,1.0,0.0,1.0,50.0,25.0,75.0,8.3,,,,
2016-03-11,2015,Maritimo,Boavista,0.0,3.0,A,O,1.91,3.3,4.2,D,,,,,13,1.0,2.0,3.0,2.0,3.0,3.0,0.0,6.0,4.0,2.0,-3.0,-1.0,-2.0,0.0,0.0,0.0,1.0,1.0,0.0,41.7,41.7,25.0,58.3,,,,
2016-03-07,2015,Rio Ave,Estoril,1.0,3.0,A,O,2.0,3.3,3.8,A,,,,,13,2.0,1.0,1.0,2.0,5.0,4.0,1.0,4.0,5.0,-1.0,1.0,-1.0,2.0,0.0,1.0,-1.0,0.0,1.0,-1.0,58.3,33.3,16.7,58.3,,,,
2016-03-06,2015,Uniao Madeira,Belenenses,0.0,0.0,D,U,2.9,3.1,2.5,D,,,,,13,2.0,3.0,1.0,1.0,5.0,7.0,-2.0,2.0,6.0,-4.0,3.0,1.0,2.0,1.0,0.0,1.0,0.0,1.0,-1.0,41.7,25.0,25.0,50.0,,,,
2016-03-06,2015,Tondela,Arouca,0.0,1.0,A,U,3.1,3.0,2.45,D,,,,,13,0.0,2.0,3.0,1.0,5.0,7.0,-2.0,9.0,6.0,3.0,-4.0,1.0,-5.0,0.0,1.0,-1.0,1.0,1.0,0.0,8.3,75.0,25.0,16.7,,,,
2016-03-06,2015,Sp Braga,Porto,3.0,1.0,H,O,4.0,3.5,1.91,D,,,,,12,3.0,3.0,0.0,1.0,13.0,7.0,6.0,4.0,4.0,0.0,9.0,3.0,6.0,3.0,1.0,2.0,0.0,0.0,0.0,63.6,9.1,66.7,16.7,,,,
2016-03-06,2015,Setubal,Moreirense,0.0,1.0,A,U,2.38,3.2,3.0,D,,,,,13,1.0,2.0,1.0,2.0,4.0,6.0,-2.0,9.0,9.0,0.0,-5.0,-3.0,-2.0,0.0,0.0,0.0,1.0,1.0,0.0,16.7,16.7,33.3,50.0,,,,
2016-03-06,2015,Boavista,Nacional,0.0,1.0,A,U,2.6,3.1,2.8,A,,,,,13,1.0,0.0,1.0,1.0,5.0,5.0,0.0,2.0,8.0,-6.0,3.0,-3.0,6.0,1.0,0.0,1.0,0.0,1.0,-1.0,16.7,50.0,8.3,58.3,,,,
2016-03-06,2015,Academica,Guimaraes,2.0,0.0,H,U,3.1,3.2,2.3,D,,,,,13,1.0,1.0,1.0,0.0,5.0,11.0,-6.0,6.0,10.0,-4.0,-1.0,1.0,-2.0,0.0,0.0,0.0,1.0,0.0,1.0,33.3,33.3,36.4,18.2,,,,
2016-03-05,2015,Sp Lisbon,Benfica,0.0,1.0,A,U,2.4,3.1,3.1,A,,,,,13,2.0,4.0,0.0,0.0,7.0,14.0,-7.0,4.0,3.0,1.0,3.0,11.0,-8.0,1.0,3.0,-2.0,0.0,0.0,0.0,75.0,0.0,75.0,16.7,,,,
2016-03-04,2015,Pacos Ferreira,Maritimo,2.0,2.0,D,O,2.45,3.25,2.9,D,,,,,13,1.0,1.0,3.0,2.0,4.0,5.0,-1.0,8.0,11.0,-3.0,-4.0,-6.0,2.0,0.0,0.0,0.0,2.0,1.0,1.0,41.7,41.7,25.0,58.3,,,,
2016-02-29,2015,Guimaraes,Sp Lisbon,0.0,0.0,D,U,6.5,3.6,1.57,D,,,,,13,2.0,3.0,0.0,1.0,8.0,13.0,-5.0,5.0,2.0,3.0,3.0,11.0,-8.0,1.0,3.0,-2.0,0.0,0.0,0.0,33.3,33.3,81.8,9.1,,,,
2016-02-29,2015,Benfica,Uniao Madeira,2.0,0.0,H,U,1.13,8.0,21.0,H,,,,,12,3.0,1.0,1.0,3.0,13.0,2.0,11.0,4.0,7.0,-3.0,9.0,-5.0,14.0,3.0,0.0,3.0,0.0,2.0,-2.0,81.8,18.2,9.1,72.7,,,,
2016-02-28,2015,Moreirense,Tondela,1.0,2.0,A,O,1.8,3.5,4.5,D,,,,,12,0.0,0.0,4.0,3.0,7.0,5.0,2.0,14.0,9.0,5.0,-7.0,-4.0,-3.0,0.0,0.0,0.0,2.0,1.0,1.0,18.2,54.5,9.1,72.7,,,,
2016-02-28,2015,Maritimo,Academica,1.0,0.0,H,U,1.83,3.5,4.33,D,,,,,12,1.0,0.0,3.0,3.0,7.0,3.0,4.0,7.0,8.0,-1.0,0.0,-5.0,5.0,1.0,0.0,1.0,1.0,1.0,0.0,36.4,45.5,0.0,72.7,,,,
2016-02-28,2015,Belenenses,Porto,1.0,2.0,A,O,11.0,4.5,1.33,A,,,,,12,0.0,3.0,2.0,1.0,5.0,10.0,-5.0,12.0,3.0,9.0,-7.0,7.0,-14.0,0.0,2.0,-2.0,2.0,0.0,2.0,36.4,27.3,63.6,18.2,,,,
2016-02-27,2015,Estoril,Setubal,3.0,0.0,H,O,2.1,3.2,3.6,H,,,,,12,2.0,0.0,2.0,3.0,6.0,4.0,2.0,6.0,10.0,-4.0,0.0,-6.0,6.0,1.0,0.0,1.0,1.0,1.0,0.0,45.5,27.3,36.4,45.5,,,,
2016-02-27,2015,Boavista,Rio Ave,1.0,2.0,A,O,2.9,3.0,2.6,A,,,,,12,1.0,1.0,1.0,1.0,4.0,4.0,0.0,5.0,6.0,-1.0,-1.0,-2.0,1.0,1.0,1.0,0.0,1.0,1.0,0.0,18.2,45.5,18.2,36.4,,,,
2016-02-27,2015,Arouca,Sp Braga,0.0,0.0,D,U,4.0,3.1,2.05,D,,,,,12,2.0,2.0,1.0,1.0,7.0,8.0,-1.0,4.0,6.0,-2.0,3.0,2.0,1.0,1.0,1.0,0.0,0.0,0.0,0.0,45.5,27.3,41.7,25.0,,,,
2016-02-26,2015,Nacional,Pacos Ferreira,3.0,0.0,H,O,2.0,3.3,3.75,H,,,,,12,1.0,1.0,3.0,0.0,6.0,6.0,0.0,12.0,4.0,8.0,-6.0,2.0,-8.0,1.0,1.0,0.0,2.0,0.0,2.0,36.4,36.4,27.3,27.3,,,,
2016-02-22,2015,Sp Lisbon,Boavista,2.0,0.0,H,U,1.22,6.0,13.0,H,,,,,12,2.0,2.0,0.0,2.0,8.0,3.0,5.0,6.0,3.0,3.0,2.0,0.0,2.0,0.0,0.0,0.0,0.0,0.0,0.0,72.7,0.0,27.3,54.5,,,,
2016-02-21,2015,Tondela,Maritimo,3.0,4.0,A,O,2.9,3.1,2.5,A,,,,,12,0.0,0.0,3.0,3.0,3.0,2.0,1.0,8.0,12.0,-4.0,-5.0,-10.0,5.0,0.0,0.0,0.0,2.0,2.0,0.0,9.1,72.7,18.2,63.6,,,,
2016-02-21,2015,Sp Braga,Guimaraes,3.0,3.0,D,O,1.55,3.6,7.0,D,,,,,11,3.0,2.0,0.0,0.0,11.0,9.0,2.0,2.0,7.0,-5.0,9.0,2.0,7.0,3.0,0.0,3.0,0.0,0.0,0.0,70.0,10.0,40.0,20.0,,,,
2016-02-21,2015,Setubal,Nacional,1.0,1.0,D,U,2.9,3.1,2.5,A,,,,,12,1.0,0.0,1.0,2.0,4.0,4.0,0.0,9.0,9.0,0.0,-5.0,-5.0,0.0,0.0,0.0,0.0,1.0,2.0,-1.0,18.2,18.2,9.1,63.6,,,,
2016-02-21,2015,Porto,Moreirense,3.0,2.0,H,O,1.2,6.5,13.0,A,,,,,12,2.0,3.0,1.0,1.0,6.0,7.0,-1.0,4.0,6.0,-2.0,2.0,1.0,1.0,1.0,1.0,0.0,0.0,1.0,-1.0,72.7,9.1,36.4,45.5,,,,
2016-02-21,2015,Belenenses,Arouca,0.0,2.0,A,U,2.38,3.1,3.1,D,,,,,11,1.0,1.0,1.0,1.0,6.0,7.0,-1.0,10.0,8.0,2.0,-4.0,-1.0,-3.0,0.0,0.0,0.0,1.0,1.0,0.0,40.0,20.0,18.2,18.2,,,,
2016-02-20,2015,Pacos Ferreira,Benfica,1.0,3.0,A,O,9.0,5.0,1.33,A,,,,,12,1.0,4.0,2.0,0.0,5.0,15.0,-10.0,7.0,3.0,4.0,-2.0,12.0,-14.0,0.0,3.0,-3.0,1.0,0.0,1.0,45.5,36.4,72.7,18.2,,,,
2016-02-20,2015,Academica,Rio Ave,0.0,2.0,A,U,2.88,3.0,2.63,A,,,,,12,2.0,0.0,0.0,2.0,8.0,3.0,5.0,5.0,9.0,-4.0,3.0,-6.0,9.0,1.0,0.0,1.0,0.0,2.0,-2.0,36.4,27.3,10.0,40.0,,,,
2016-02-19,2015,Uniao Madeira,Estoril,1.0,1.0,D,U,2.6,3.0,2.9,H,,,,,12,3.0,1.0,1.0,2.0,5.0,4.0,1.0,1.0,5.0,-4.0,4.0,-1.0,5.0,1.0,1.0,0.0,0.0,1.0,-1.0,45.5,27.3,18.2,63.6,,,,
2016-02-15,2015,Rio Ave,Pacos Ferreira,1.0,1.0,D,U,1.95,3.2,4.2,A,,,,,12,2.0,1.0,2.0,0.0,6.0,6.0,0.0,6.0,4.0,2.0,0.0,2.0,-2.0,0.0,1.0,-1.0,0.0,0.0,0.0,63.6,36.4,30.0,30.0,,,,
2016-02-14,2015,Maritimo,Sp Braga,1.0,3.0,A,O,4.5,3.4,1.83,A,,,,,11,1.0,1.0,2.0,1.0,7.0,6.0,1.0,5.0,6.0,-1.0,2.0,0.0,2.0,1.0,0.0,1.0,0.0,0.0,0.0,40.0,40.0,36.4,27.3,,,,
2016-02-14,2015,Estoril,Tondela,2.0,1.0,H,O,1.85,3.4,4.33,D,,,,,11,1.0,1.0,3.0,2.0,4.0,7.0,-3.0,6.0,9.0,-3.0,-2.0,-2.0,0.0,1.0,0.0,1.0,1.0,1.0,0.0,40.0,30.0,10.0,70.0,,,,
2016-02-14,2015,Boavista,Academica,0.0,0.0,D,U,2.05,3.1,4.0,D,,,,,11,1.0,0.0,2.0,4.0,4.0,4.0,0.0,8.0,11.0,-3.0,-4.0,-7.0,3.0,1.0,0.0,1.0,2.0,2.0,0.0,20.0,50.0,0.0,80.0,,,,
2016-02-14,2015,Arouca,Uniao Madeira,3.0,0.0,H,O,1.75,3.5,4.75,H,,,,,11,2.0,1.0,1.0,3.0,8.0,3.0,5.0,5.0,7.0,-2.0,3.0,-4.0,7.0,1.0,0.0,1.0,0.0,2.0,-2.0,40.0,30.0,10.0,70.0,,,,
2016-02-13,2015,Nacional,Sp Lisbon,0.0,4.0,A,O,7.0,4.33,1.44,A,,,,,11,1.0,3.0,2.0,1.0,8.0,10.0,-2.0,10.0,2.0,8.0,-2.0,8.0,-10.0,1.0,2.0,-1.0,1.0,0.0,1.0,40.0,30.0,80.0,10.0,,,,
2016-02-13,2015,Moreirense,Belenenses,2.0,3.0,A,O,2.3,3.1,3.3,A,,,,,11,1.0,2.0,3.0,1.0,7.0,6.0,1.0,11.0,6.0,5.0,-4.0,0.0,-4.0,1.0,0.0,1.0,2.0,1.0,1.0,20.0,50.0,18.2,54.5,,,,
2016-02-13,2015,Guimaraes,Setubal,2.0,2.0,D,O,1.8,3.3,4.75,D,,,,,12,2.0,1.0,1.0,3.0,6.0,5.0,1.0,4.0,9.0,-5.0,2.0,-4.0,6.0,1.0,1.0,0.0,0.0,1.0,-1.0,36.4,36.4,40.0,50.0,,,,
2016-02-12,2015,Benfica,Porto,1.0,2.0,A,O,2.15,3.1,3.5,D,,,,,11,4.0,2.0,0.0,2.0,15.0,8.0,7.0,2.0,4.0,-2.0,13.0,4.0,9.0,4.0,2.0,2.0,0.0,1.0,-1.0,90.0,10.0,60.0,20.0,,,,
2016-02-08,2015,Sp Lisbon,Rio Ave,0.0,0.0,D,U,1.22,5.5,15.0,D,,,,,11,3.0,0.0,0.0,3.0,10.0,4.0,6.0,6.0,12.0,-6.0,4.0,-8.0,12.0,1.0,0.0,1.0,0.0,3.0,-3.0,80.0,0.0,11.1,44.4,,,,
2016-02-08,2015,Sp Braga,Estoril,2.0,0.0,H,U,1.5,4.0,7.0,D,,,,,10,2.0,1.0,1.0,1.0,9.0,5.0,4.0,4.0,4.0,0.0,5.0,1.0,4.0,2.0,1.0,1.0,1.0,0.0,1.0,66.7,11.1,20.0,60.0,,,,
2016-02-07,2015,Uniao Madeira,Moreirense,0.0,1.0,A,U,2.3,3.3,3.1,A,,,,,11,3.0,2.0,0.0,2.0,5.0,7.0,-2.0,0.0,9.0,-9.0,5.0,-2.0,7.0,1.0,1.0,0.0,0.0,2.0,-2.0,50.0,20.0,30.0,50.0,,,,
2016-02-07,2015,Porto,Arouca,1.0,2.0,A,O,1.17,6.5,19.0,D,,,,,11,3.0,0.0,0.0,2.0,7.0,6.0,1.0,3.0,10.0,-7.0,4.0,-4.0,8.0,1.0,0.0,1.0,0.0,2.0,-2.0,80.0,0.0,10.0,20.0,,,,
2016-02-07,2015,Pacos Ferreira,Boavista,0.0,1.0,A,U,2.0,3.1,4.2,D,,,,,11,2.0,1.0,1.0,3.0,11.0,4.0,7.0,6.0,6.0,0.0,5.0,-2.0,7.0,1.0,0.0,1.0,1.0,0.0,1.0,50.0,30.0,20.0,60.0,,,,
2016-02-07,2015,Academica,Nacional,2.0,2.0,D,O,2.8,3.2,2.55,H,,,,,11,3.0,0.0,0.0,2.0,10.0,3.0,7.0,6.0,8.0,-2.0,4.0,-5.0,9.0,1.0,0.0,1.0,0.0,2.0,-2.0,40.0,30.0,10.0,70.0,,,,
2016-02-06,2015,Tondela,Guimaraes,1.0,1.0,D,U,3.8,3.2,2.05,D,,,,,11,0.0,3.0,4.0,0.0,2.0,10.0,-8.0,8.0,7.0,1.0,-6.0,3.0,-9.0,0.0,0.0,0.0,2.0,0.0,2.0,10.0,80.0,44.4,22.2,,,,
2016-02-06,2015,Setubal,Maritimo,1.0,1.0,D,U,2.75,3.25,2.55,H,,,,,11,1.0,1.0,2.0,3.0,5.0,5.0,0.0,12.0,14.0,-2.0,-7.0,-9.0,2.0,0.0,0.0,0.0,2.0,2.0,0.0,20.0,20.0,20.0,70.0,,,,
2016-02-05,2015,Belenenses,Benfica,0.0,5.0,A,O,11.0,4.75,1.3,A,,,,,10,1.0,4.0,1.0,0.0,6.0,11.0,-5.0,8.0,3.0,5.0,-2.0,8.0,-10.0,0.0,2.0,-2.0,1.0,0.0,1.0,44.4,11.1,70.0,20.0,,,,
2016-02-01,2015,Maritimo,Belenenses,1.0,2.0,A,O,1.85,3.4,4.33,A,,,,,10,1.0,1.0,2.0,2.0,6.0,7.0,-1.0,4.0,9.0,-5.0,2.0,-2.0,4.0,1.0,0.0,1.0,0.0,1.0,-1.0,44.4,33.3,10.0,60.0,,,,
2016-01-31,2015,Rio Ave,Setubal,2.0,1.0,H,O,1.83,3.25,4.75,H,,,,,11,2.0,2.0,2.0,2.0,7.0,7.0,0.0,6.0,7.0,-1.0,1.0,0.0,1.0,1.0,2.0,-1.0,0.0,1.0,-1.0,60.0,40.0,44.4,44.4,,,,
2016-01-31,2015,Nacional,Tondela,3.0,1.0,H,O,1.62,3.5,6.25,H,,,,,10,0.0,1.0,3.0,2.0,6.0,6.0,0.0,11.0,8.0,3.0,-5.0,-2.0,-3.0,0.0,0.0,0.0,1.0,1.0,0.0,33.3,33.3,11.1,66.7,,,,
2016-01-31,2015,Moreirense,Benfica,1.0,4.0,A,O,11.0,5.0,1.29,A,,,,,10,1.0,3.0,2.0,0.0,6.0,7.0,-1.0,7.0,2.0,5.0,-1.0,5.0,-6.0,1.0,1.0,0.0,1.0,0.0,1.0,22.2,44.4,66.7,22.2,,,,
2016-01-31,2015,Boavista,Sp Braga,0.0,0.0,D,U,6.0,3.6,1.6,D,,,,,10,1.0,2.0,2.0,1.0,5.0,7.0,-2.0,9.0,6.0,3.0,-4.0,1.0,-5.0,1.0,0.0,1.0,2.0,0.0,2.0,22.2,55.6,40.0,30.0,,,,
2016-01-31,2015,Arouca,Pacos Ferreira,2.0,2.0,D,O,2.5,3.1,2.9,A,,,,,10,3.0,1.0,1.0,1.0,9.0,5.0,4.0,5.0,4.0,1.0,4.0,1.0,3.0,1.0,1.0,0.0,0.0,0.0,0.0,44.4,33.3,33.3,33.3,,,,
2016-01-30,2015,Sp Lisbon,Academica,3.0,2.0,H,O,1.17,7.0,15.0,H,,,,,10,3.0,0.0,0.0,4.0,10.0,2.0,8.0,5.0,11.0,-6.0,5.0,-9.0,14.0,2.0,0.0,2.0,0.0,3.0,-3.0,77.8,0.0,0.0,77.8,,,,
2016-01-30,2015,Estoril,Porto,1.0,3.0,A,O,9.0,5.0,1.33,A,,,,,10,1.0,2.0,2.0,2.0,4.0,7.0,-3.0,4.0,4.0,0.0,0.0,3.0,-3.0,1.0,1.0,0.0,0.0,1.0,-1.0,44.4,22.2,55.6,22.2,,,,
2016-01-29,2015,Guimaraes,Uniao Madeira,3.0,1.0,H,O,1.62,3.75,5.75,D,,,,,11,1.0,1.0,2.0,3.0,6.0,2.0,4.0,7.0,10.0,-3.0,-1.0,-8.0,7.0,0.0,0.0,0.0,0.0,2.0,-2.0,30.0,40.0,11.1,66.7,,,,
2016-01-25,2015,Tondela,Boavista,1.0,2.0,A,O,2.5,3.0,3.0,D,,,,,10,0.0,0.0,4.0,4.0,1.0,2.0,-1.0,7.0,7.0,0.0,-6.0,-5.0,-1.0,0.0,0.0,0.0,2.0,1.0,1.0,11.1,77.8,11.1,66.7,,,,
2016-01-24,2015,Sp Braga,Rio Ave,5.0,1.0,H,O,1.53,3.9,6.25,H,,,,,9,2.0,0.0,1.0,3.0,8.0,5.0,3.0,3.0,10.0,-7.0,5.0,-5.0,10.0,2.0,0.0,2.0,1.0,2.0,-1.0,62.5,12.5,12.5,37.5,,,,
2016-01-24,2015,Porto,Maritimo,1.0,0.0,H,U,1.17,6.5,17.0,H,,,,,10,3.0,1.0,0.0,3.0,8.0,6.0,2.0,3.0,16.0,-13.0,5.0,-10.0,15.0,2.0,0.0,2.0,0.0,3.0,-3.0,77.8,0.0,22.2,66.7,,,,
2016-01-24,2015,Belenenses,Guimaraes,3.0,3.0,D,O,2.6,3.0,2.9,D,,,,,9,2.0,4.0,1.0,0.0,5.0,8.0,-3.0,6.0,4.0,2.0,-1.0,4.0,-5.0,0.0,0.0,0.0,1.0,0.0,1.0,50.0,12.5,50.0,25.0,,,,
2016-01-23,2015,Uniao Madeira,Nacional,3.0,0.0,H,O,3.1,3.1,2.38,H,,,,,10,3.0,1.0,0.0,1.0,4.0,4.0,0.0,0.0,5.0,-5.0,4.0,-1.0,5.0,1.0,0.0,1.0,0.0,1.0,-1.0,44.4,22.2,11.1,66.7,,,,
2016-01-23,2015,Pacos Ferreira,Sp Lisbon,1.0,3.0,A,O,8.5,4.0,1.44,A,,,,,10,3.0,3.0,0.0,1.0,12.0,8.0,4.0,3.0,1.0,2.0,9.0,7.0,2.0,2.0,1.0,1.0,0.0,0.0,0.0,55.6,22.2,77.8,11.1,,,,
2016-01-23,2015,Moreirense,Estoril,1.0,3.0,A,O,2.38,3.0,3.2,A,,,,,9,2.0,0.0,1.0,2.0,7.0,2.0,5.0,4.0,5.0,-1.0,3.0,-3.0,6.0,2.0,0.0,2.0,0.0,1.0,-1.0,25.0,37.5,11.1,66.7,,,,
2016-01-23,2015,Benfica,Arouca,3.0,1.0,H,O,1.17,6.5,19.0,H,,,,,10,4.0,0.0,0.0,1.0,14.0,6.0,8.0,1.0,8.0,-7.0,13.0,-2.0,15.0,4.0,0.0,4.0,0.0,1.0,-1.0,88.9,11.1,11.1,11.1,,,,
2016-01-22,2015,Setubal,Academica,2.0,1.0,H,O,2.25,3.0,3.5,H,,,,,10,0.0,0.0,2.0,3.0,5.0,2.0,3.0,13.0,10.0,3.0,-8.0,-8.0,0.0,0.0,0.0,0.0,2.0,3.0,-1.0,11.1,22.2,0.0,75.0,,,,
2016-01-18,2015,Boavista,Setubal,4.0,0.0,H,O,2.7,3.0,2.8,H,,,,,9,0.0,2.0,3.0,2.0,2.0,7.0,-5.0,11.0,5.0,6.0,-9.0,2.0,-11.0,0.0,2.0,-2.0,2.0,1.0,1.0,12.5,62.5,50.0,37.5,,,,
2016-01-17,2015,Rio Ave,Belenenses,1.0,2.0,A,O,1.8,3.5,4.5,A,,,,,10,2.0,0.0,2.0,3.0,6.0,5.0,1.0,5.0,9.0,-4.0,1.0,-4.0,5.0,1.0,0.0,1.0,0.0,1.0,-1.0,66.7,33.3,0.0,66.7,,,,
2016-01-17,2015,Nacional,Sp Braga,2.0,3.0,A,O,4.0,3.4,1.91,D,,,,,9,1.0,1.0,2.0,1.0,7.0,4.0,3.0,9.0,4.0,5.0,-2.0,0.0,-2.0,1.0,0.0,1.0,1.0,0.0,1.0,37.5,25.0,33.3,33.3,,,,
2016-01-17,2015,Guimaraes,Porto,1.0,0.0,H,U,8.5,4.33,1.4,H,,,,,10,1.0,3.0,2.0,1.0,8.0,11.0,-3.0,8.0,3.0,5.0,0.0,8.0,-8.0,1.0,2.0,-1.0,0.0,1.0,-1.0,22.2,44.4,62.5,12.5,,,,
2016-01-17,2015,Arouca,Moreirense,1.0,2.0,A,O,2.05,3.2,3.8,D,,,,,9,3.0,2.0,1.0,2.0,8.0,6.0,2.0,4.0,8.0,-4.0,4.0,-2.0,6.0,1.0,1.0,0.0,0.0,2.0,-2.0,50.0,25.0,22.2,55.6,,,,
2016-01-16,2015,Maritimo,Uniao Madeira,0.0,1.0,A,U,1.67,3.75,5.0,D,,,,,9,2.0,0.0,1.0,3.0,9.0,3.0,6.0,5.0,12.0,-7.0,4.0,-9.0,13.0,1.0,0.0,1.0,0.0,2.0,-2.0,50.0,25.0,0.0,75.0,,,,
2016-01-16,2015,Estoril,Benfica,1.0,2.0,A,O,8.0,4.0,1.45,H,,,,,9,1.0,3.0,1.0,0.0,4.0,9.0,-5.0,3.0,3.0,0.0,1.0,6.0,-5.0,1.0,2.0,-1.0,0.0,0.0,0.0,50.0,12.5,62.5,25.0,,,,
2016-01-16,2015,Academica,Pacos Ferreira,1.0,1.0,D,U,3.0,3.2,2.38,D,,,,,10,3.0,1.0,0.0,2.0,10.0,4.0,6.0,6.0,5.0,1.0,4.0,-1.0,5.0,1.0,1.0,0.0,0.0,1.0,-1.0,44.4,33.3,37.5,37.5,,,,
2016-01-15,2015,Sp Lisbon,Tondela,2.0,2.0,D,O,1.08,10.0,23.0,A,,,,,9,4.0,1.0,0.0,3.0,9.0,5.0,4.0,3.0,8.0,-5.0,6.0,-3.0,9.0,2.0,0.0,2.0,0.0,1.0,-1.0,87.5,0.0,12.5,75.0,,,,
2016-01-11,2015,Pacos Ferreira,Setubal,2.0,1.0,H,O,1.85,3.3,4.5,D,,,,,9,2.0,3.0,1.0,1.0,10.0,8.0,2.0,3.0,3.0,0.0,7.0,5.0,2.0,2.0,3.0,-1.0,0.0,1.0,-1.0,50.0,25.0,57.1,28.6,,,,
2016-01-11,2015,Nacional,Benfica,1.0,4.0,A,O,5.0,4.0,1.62,A,,,,,8,1.0,3.0,1.0,0.0,6.0,7.0,-1.0,5.0,2.0,3.0,1.0,5.0,-4.0,1.0,2.0,-1.0,0.0,0.0,0.0,42.9,14.3,57.1,28.6,,,,
2016-01-10,2015,Sp Lisbon,Sp Braga,3.0,2.0,H,O,1.57,3.8,6.0,A,,,,,8,4.0,2.0,0.0,0.0,7.0,3.0,4.0,1.0,1.0,0.0,6.0,2.0,4.0,2.0,0.0,2.0,0.0,0.0,0.0,85.7,0.0,37.5,25.0,,,,
2016-01-10,2015,Rio Ave,Uniao Madeira,1.0,0.0,H,U,1.75,3.5,4.75,H,,,,,9,2.0,0.0,2.0,3.0,6.0,3.0,3.0,5.0,12.0,-7.0,1.0,-9.0,10.0,1.0,0.0,1.0,0.0,2.0,-2.0,62.5,37.5,0.0,71.4,,,,
2016-01-10,2015,Maritimo,Moreirense,5.0,1.0,H,O,2.0,3.2,4.0,H,,,,,8,1.0,2.0,2.0,1.0,4.0,6.0,-2.0,6.0,4.0,2.0,-2.0,2.0,-4.0,0.0,1.0,-1.0,1.0,1.0,0.0,42.9,28.6,25.0,50.0,,,,
2016-01-10,2015,Estoril,Belenenses,2.0,0.0,H,U,2.1,3.1,3.75,D,,,,,8,0.0,0.0,1.0,3.0,4.0,5.0,-1.0,5.0,11.0,-6.0,-1.0,-6.0,5.0,0.0,0.0,0.0,0.0,1.0,-1.0,42.9,14.3,0.0,62.5,,,,
2016-01-10,2015,Boavista,Porto,0.0,5.0,A,O,15.0,5.25,1.25,A,,,,,8,0.0,3.0,3.0,1.0,2.0,7.0,-5.0,7.0,3.0,4.0,-5.0,4.0,-9.0,0.0,1.0,-1.0,1.0,1.0,0.0,14.3,57.1,57.1,14.3,,,,
2016-01-10,2015,Academica,Tondela,2.0,1.0,H,O,2.0,3.1,4.2,A,,,,,9,2.0,1.0,0.0,2.0,9.0,5.0,4.0,6.0,7.0,-1.0,3.0,-2.0,5.0,1.0,0.0,1.0,0.0,1.0,-1.0,37.5,37.5,14.3,71.4,,,,
2016-01-09,2015,Guimaraes,Arouca,2.0,2.0,D,O,2.0,3.3,3.8,H,,,,,9,1.0,0.0,3.0,1.0,6.0,4.0,2.0,7.0,6.0,1.0,-1.0,-2.0,1.0,1.0,0.0,1.0,0.0,1.0,-1.0,25.0,50.0,12.5,12.5,,,,
2016-01-06,2015,Uniao Madeira,Boavista,1.0,0.0,H,U,2.25,3.0,3.5,D,,,,,9,2.0,0.0,1.0,3.0,3.0,2.0,1.0,4.0,6.0,-2.0,-1.0,-4.0,3.0,1.0,0.0,1.0,1.0,1.0,0.0,37.5,25.0,12.5,62.5,,,,
2016-01-06,2015,Tondela,Pacos Ferreira,0.0,2.0,A,U,3.5,3.1,2.2,A,,,,,9,0.0,1.0,4.0,2.0,1.0,4.0,-3.0,9.0,5.0,4.0,-8.0,-1.0,-7.0,0.0,1.0,-1.0,2.0,1.0,1.0,12.5,75.0,28.6,42.9,,,,
2016-01-06,2015,Sp Braga,Academica,3.0,0.0,H,O,1.3,5.0,11.0,H,,,,,8,1.0,0.0,1.0,2.0,5.0,3.0,2.0,3.0,8.0,-5.0,2.0,-5.0,7.0,1.0,0.0,1.0,1.0,2.0,-1.0,57.1,14.3,0.0,71.4,,,,
2016-01-06,2015,Setubal,Sp Lisbon,0.0,6.0,A,O,8.5,4.33,1.4,A,,,,,9,0.0,3.0,1.0,1.0,5.0,5.0,0.0,7.0,1.0,6.0,-2.0,4.0,-6.0,0.0,1.0,-1.0,1.0,0.0,1.0,12.5,12.5,75.0,12.5,,,,
2016-01-06,2015,Porto,Rio Ave,1.0,1.0,D,U,1.18,6.5,15.0,D,,,,,9,3.0,0.0,0.0,3.0,7.0,6.0,1.0,2.0,11.0,-9.0,5.0,-5.0,10.0,2.0,0.0,2.0,0.0,2.0,-2.0,87.5,0.0,14.3,42.9,,,,
2016-01-06,2015,Moreirense,Guimaraes,3.0,4.0,A,O,2.63,3.1,2.75,A,,,,,8,2.0,3.0,1.0,1.0,4.0,5.0,-1.0,2.0,6.0,-4.0,2.0,-1.0,3.0,2.0,0.0,2.0,1.0,1.0,0.0,28.6,28.6,42.9,28.6,,,,
2016-01-06,2015,Benfica,Maritimo,6.0,0.0,H,O,1.33,5.0,9.0,H,,,,,9,3.0,2.0,1.0,2.0,8.0,7.0,1.0,4.0,10.0,-6.0,4.0,-3.0,7.0,3.0,0.0,3.0,1.0,2.0,-1.0,87.5,12.5,25.0,62.5,,,,
2016-01-06,2015,Belenenses,Nacional,2.0,2.0,D,O,2.45,3.1,3.0,A,,,,,8,3.0,1.0,1.0,2.0,4.0,2.0,2.0,4.0,4.0,0.0,0.0,-2.0,2.0,0.0,0.0,0.0,1.0,1.0,0.0,57.1,14.3,12.5,75.0,,,,
2016-01-06,2015,Arouca,Estoril,1.0,0.0,H,U,2.38,3.1,3.1,H,,,,,8,2.0,0.0,1.0,2.0,8.0,2.0,6.0,5.0,5.0,0.0,3.0,-3.0,6.0,1.0,0.0,1.0,0.0,1.0,-1.0,42.9,28.6,12.5,62.5,,,,
2016-01-03,2015,Rio Ave,Tondela,2.0,3.0,A,O,1.57,3.5,7.0,H,,,,,8,3.0,0.0,1.0,3.0,5.0,2.0,3.0,2.0,6.0,-4.0,3.0,-4.0,7.0,1.0,0.0,1.0,0.0,1.0,-1.0,71.4,28.6,0.0,83.3,,,,
2016-01-02,2015,Sp Lisbon,Porto,2.0,0.0,H,U,2.4,3.2,3.0,H,,,,,7,4.0,3.0,0.0,0.0,10.0,9.0,1.0,2.0,3.0,-1.0,8.0,6.0,2.0,2.0,1.0,1.0,0.0,0.0,0.0,83.3,0.0,66.7,0.0,,,,
2016-01-02,2015,Setubal,Sp Braga,1.0,1.0,D,U,4.0,3.4,1.91,H,,,,,8,1.0,2.0,1.0,0.0,5.0,2.0,3.0,6.0,0.0,6.0,-1.0,2.0,-3.0,0.0,0.0,0.0,1.0,0.0,1.0,14.3,14.3,42.9,28.6,,,,
2016-01-02,2015,Pacos Ferreira,Belenenses,2.0,2.0,D,O,1.85,3.5,4.2,D,,,,,8,3.0,0.0,1.0,4.0,11.0,3.0,8.0,2.0,13.0,-11.0,9.0,-10.0,19.0,3.0,0.0,3.0,0.0,2.0,-2.0,57.1,28.6,0.0,71.4,,,,
2016-01-02,2015,Nacional,Arouca,2.0,2.0,D,O,2.05,3.1,4.0,A,,,,,7,1.0,0.0,1.0,1.0,5.0,2.0,3.0,4.0,4.0,0.0,1.0,-2.0,3.0,1.0,0.0,1.0,0.0,1.0,-1.0,50.0,16.7,14.3,14.3,,,,
2016-01-02,2015,Maritimo,Estoril,1.0,1.0,D,U,1.91,3.3,4.2,H,,,,,7,2.0,0.0,2.0,3.0,4.0,1.0,3.0,5.0,5.0,0.0,-1.0,-4.0,3.0,0.0,0.0,0.0,1.0,1.0,0.0,50.0,33.3,14.3,71.4,,,,
2016-01-02,2015,Guimaraes,Benfica,0.0,1.0,A,U,6.5,3.8,1.53,D,,,,,8,1.0,3.0,2.0,0.0,7.0,10.0,-3.0,7.0,2.0,5.0,0.0,8.0,-8.0,1.0,3.0,-2.0,0.0,0.0,0.0,28.6,42.9,50.0,33.3,,,,
2016-01-02,2015,Boavista,Moreirense,0.0,3.0,A,O,2.5,3.0,3.0,A,,,,,7,0.0,1.0,2.0,1.0,2.0,4.0,-2.0,4.0,5.0,-1.0,-2.0,-1.0,-1.0,0.0,0.0,0.0,0.0,1.0,-1.0,16.7,50.0,14.3,57.1,,,,
2016-01-02,2015,Academica,Uniao Madeira,3.0,1.0,H,O,2.38,3.0,3.2,D,,,,,8,2.0,0.0,0.0,3.0,7.0,3.0,4.0,5.0,11.0,-6.0,2.0,-8.0,10.0,0.0,0.0,0.0,0.0,1.0,-1.0,28.6,42.9,0.0,66.7,,,,
2015-12-21,2015,Sp Braga,Pacos Ferreira,1.0,1.0,D,U,1.62,3.4,6.5,H,,,,,7,2.0,1.0,1.0,3.0,9.0,3.0,6.0,3.0,7.0,-4.0,6.0,-4.0,10.0,2.0,1.0,1.0,1.0,2.0,-1.0,66.7,16.7,33.3,50.0,,,,
2015-12-21,2015,Belenenses,Boavista,1.0,0.0,H,U,2.2,3.1,3.5,H,,,,,7,3.0,0.0,1.0,3.0,5.0,2.0,3.0,4.0,6.0,-2.0,1.0,-4.0,5.0,1.0,0.0,1.0,1.0,1.0,0.0,50.0,16.7,14.3,57.1,,,,
2015-12-20,2015,Uniao Madeira,Sp Lisbon,1.0,0.0,H,U,9.0,5.0,1.33,D,,,,,8,1.0,3.0,2.0,0.0,2.0,5.0,-3.0,5.0,0.0,5.0,-3.0,5.0,-8.0,1.0,1.0,0.0,1.0,0.0,1.0,28.6,28.6,85.7,0.0,,,,
2015-12-20,2015,Tondela,Setubal,1.0,3.0,A,O,2.8,3.25,2.5,A,,,,,8,0.0,2.0,3.0,1.0,1.0,6.0,-5.0,7.0,3.0,4.0,-6.0,3.0,-9.0,0.0,2.0,-2.0,1.0,1.0,0.0,14.3,71.4,50.0,33.3,,,,
2015-12-20,2015,Porto,Academica,3.0,1.0,H,O,1.14,7.0,21.0,H,,,,,8,3.0,0.0,0.0,2.0,8.0,2.0,6.0,1.0,6.0,-5.0,7.0,-4.0,11.0,2.0,0.0,2.0,0.0,1.0,-1.0,85.7,0.0,0.0,66.7,,,,
2015-12-20,2015,Moreirense,Nacional,2.0,0.0,H,U,2.5,3.25,2.8,H,,,,,7,1.0,1.0,1.0,2.0,4.0,3.0,1.0,4.0,5.0,-1.0,0.0,-2.0,2.0,1.0,0.0,1.0,1.0,1.0,0.0,16.7,33.3,14.3,71.4,,,,
2015-12-20,2015,Benfica,Rio Ave,3.0,1.0,H,O,1.29,4.5,15.0,D,,,,,8,3.0,1.0,1.0,2.0,8.0,8.0,0.0,3.0,8.0,-5.0,5.0,0.0,5.0,3.0,1.0,2.0,1.0,1.0,0.0,85.7,14.3,16.7,33.3,,,,
2015-12-19,2015,Estoril,Guimaraes,0.0,1.0,A,U,2.2,3.1,3.5,A,,,,,7,1.0,2.0,0.0,1.0,6.0,6.0,0.0,5.0,8.0,-3.0,1.0,-2.0,3.0,0.0,0.0,0.0,0.0,1.0,-1.0,50.0,0.0,33.3,33.3,,,,
2015-12-19,2015,Arouca,Maritimo,4.0,1.0,H,O,2.5,3.2,2.88,H,,,,,7,1.0,2.0,1.0,2.0,6.0,6.0,0.0,6.0,7.0,-1.0,0.0,-1.0,1.0,0.0,0.0,0.0,0.0,1.0,-1.0,33.3,33.3,28.6,57.1,,,,
2015-12-15,2015,Uniao Madeira,Benfica,0.0,0.0,D,U,10.0,4.75,1.33,D,,,,,7,1.0,3.0,2.0,1.0,2.0,10.0,-8.0,5.0,3.0,2.0,-3.0,7.0,-10.0,1.0,3.0,-2.0,1.0,0.0,1.0,33.3,33.3,60.0,40.0,,,,
2015-12-14,2015,Nacional,Porto,1.0,2.0,A,O,7.5,4.5,1.4,A,,,,,6,2.0,3.0,0.0,0.0,6.0,10.0,-4.0,2.0,3.0,-1.0,4.0,7.0,-3.0,2.0,2.0,0.0,0.0,0.0,0.0,60.0,0.0,60.0,0.0,,,,
2015-12-14,2015,Academica,Belenenses,4.0,3.0,H,O,2.5,3.0,3.0,H,,,,,7,1.0,0.0,1.0,3.0,3.0,2.0,1.0,4.0,11.0,-7.0,-1.0,-9.0,8.0,0.0,0.0,0.0,1.0,2.0,-1.0,16.7,50.0,0.0,66.7,,,,
2015-12-13,2015,Tondela,Sp Braga,0.0,1.0,A,U,7.0,3.75,1.53,D,,,,,7,0.0,2.0,3.0,0.0,1.0,2.0,-1.0,7.0,0.0,7.0,-6.0,2.0,-8.0,0.0,0.0,0.0,1.0,0.0,1.0,16.7,66.7,33.3,33.3,,,,
2015-12-13,2015,Sp Lisbon,Moreirense,3.0,1.0,H,O,1.17,7.0,15.0,H,,,,,6,4.0,1.0,0.0,1.0,8.0,3.0,5.0,1.0,4.0,-3.0,7.0,-1.0,8.0,1.0,0.0,1.0,0.0,1.0,-1.0,80.0,0.0,16.7,50.0,,,,
2015-12-12,2015,Setubal,Benfica,2.0,4.0,A,O,7.0,4.33,1.44,A,,,,,7,1.0,2.0,0.0,2.0,5.0,6.0,-1.0,4.0,2.0,2.0,1.0,4.0,-3.0,0.0,2.0,-2.0,0.0,0.0,0.0,16.7,0.0,50.0,50.0,,,,
2015-12-12,2015,Rio Ave,Arouca,3.0,1.0,H,O,2.0,3.1,4.2,H,,,,,7,3.0,0.0,1.0,0.0,3.0,1.0,2.0,1.0,1.0,0.0,2.0,0.0,2.0,0.0,0.0,0.0,0.0,0.0,0.0,66.7,33.3,16.7,0.0,,,,
2015-12-12,2015,Pacos Ferreira,Uniao Madeira,6.0,0.0,H,O,1.8,3.2,5.0,H,,,,,7,2.0,0.0,2.0,2.0,5.0,3.0,2.0,5.0,5.0,0.0,0.0,-2.0,2.0,2.0,0.0,2.0,1.0,0.0,1.0,50.0,33.3,0.0,60.0,,,,
2015-12-12,2015,Guimaraes,Maritimo,3.0,4.0,A,O,2.4,3.0,3.2,A,,,,,7,1.0,1.0,2.0,3.0,4.0,3.0,1.0,4.0,9.0,-5.0,0.0,-6.0,6.0,1.0,0.0,1.0,0.0,2.0,-2.0,33.3,33.3,16.7,66.7,,,,
2015-12-11,2015,Boavista,Estoril,1.0,1.0,D,U,2.6,2.9,3.0,D,,,,,6,0.0,1.0,3.0,3.0,1.0,1.0,0.0,4.0,4.0,0.0,-3.0,-3.0,0.0,0.0,0.0,0.0,0.0,1.0,-1.0,20.0,60.0,16.7,83.3,,,,
2015-12-07,2015,Guimaraes,Rio Ave,3.0,1.0,H,O,2.3,3.1,3.3,D,,,,,6,1.0,1.0,2.0,1.0,2.0,9.0,-7.0,3.0,7.0,-4.0,-1.0,2.0,-3.0,0.0,1.0,-1.0,0.0,0.0,0.0,20.0,40.0,20.0,20.0,,,,
2015-12-06,2015,Uniao Madeira,Tondela,2.0,0.0,H,U,2.1,3.0,4.0,H,,,,,6,0.0,0.0,2.0,3.0,0.0,2.0,-2.0,5.0,5.0,0.0,-5.0,-3.0,-2.0,0.0,0.0,0.0,1.0,0.0,1.0,20.0,40.0,0.0,80.0,,,,
2015-12-06,2015,Moreirense,Sp Braga,0.0,0.0,D,U,5.75,3.3,1.7,D,,,,,6,1.0,2.0,1.0,1.0,4.0,2.0,2.0,4.0,1.0,3.0,0.0,1.0,-1.0,1.0,0.0,1.0,1.0,0.0,1.0,20.0,40.0,40.0,40.0,,,,
2015-12-06,2015,Estoril,Nacional,1.0,1.0,D,U,2.38,3.1,3.1,D,,,,,6,2.0,1.0,0.0,3.0,6.0,2.0,4.0,4.0,5.0,-1.0,2.0,-3.0,5.0,0.0,0.0,0.0,0.0,1.0,-1.0,60.0,0.0,16.7,83.3,,,,
2015-12-06,2015,Arouca,Boavista,3.0,2.0,H,O,2.15,3.0,3.75,D,,,,,6,0.0,1.0,2.0,2.0,4.0,2.0,2.0,7.0,3.0,4.0,-3.0,-1.0,-2.0,0.0,1.0,-1.0,1.0,1.0,0.0,20.0,40.0,16.7,50.0,,,,
2015-12-05,2015,Porto,Pacos Ferreira,2.0,1.0,H,O,1.18,6.5,15.0,D,,,,,7,3.0,2.0,0.0,2.0,7.0,3.0,4.0,0.0,5.0,-5.0,7.0,-2.0,9.0,2.0,1.0,1.0,0.0,2.0,-2.0,83.3,0.0,40.0,40.0,,,,
2015-12-05,2015,Maritimo,Sp Lisbon,0.0,1.0,A,U,7.5,3.8,1.5,D,,,,,6,3.0,3.0,1.0,0.0,9.0,6.0,3.0,6.0,1.0,5.0,3.0,5.0,-2.0,1.0,1.0,0.0,1.0,0.0,1.0,60.0,20.0,83.3,0.0,,,,
2015-12-05,2015,Belenenses,Setubal,0.0,3.0,A,O,2.3,3.0,3.4,A,,,,,6,3.0,1.0,0.0,2.0,6.0,5.0,1.0,2.0,8.0,-6.0,4.0,-3.0,7.0,1.0,1.0,0.0,0.0,2.0,-2.0,60.0,0.0,40.0,40.0,,,,
2015-12-04,2015,Benfica,Academica,3.0,0.0,H,O,1.17,6.5,19.0,H,,,,,7,3.0,0.0,1.0,2.0,11.0,2.0,9.0,3.0,5.0,-2.0,8.0,-3.0,11.0,3.0,0.0,3.0,1.0,1.0,0.0,83.3,16.7,0.0,60.0,,,,
2015-12-02,2015,Uniao Madeira,Porto,0.0,4.0,A,O,11.0,5.0,1.29,A,,,,,5,1.0,2.0,1.0,0.0,2.0,7.0,-5.0,2.0,4.0,-2.0,0.0,3.0,-3.0,0.0,1.0,-1.0,0.0,0.0,0.0,25.0,25.0,50.0,0.0,,,,
2015-11-30,2015,Sp Lisbon,Belenenses,1.0,0.0,H,U,1.17,7.5,13.0,D,,,,,5,3.0,0.0,0.0,3.0,8.0,2.0,6.0,2.0,16.0,-14.0,6.0,-14.0,20.0,1.0,0.0,1.0,0.0,3.0,-3.0,75.0,0.0,0.0,60.0,,,,
2015-11-30,2015,Sp Braga,Benfica,0.0,2.0,A,U,3.0,3.25,2.38,A,,,,,6,3.0,,0.0,,13.0,,,1.0,,,12.0,,,3.0,,,0.0,,,80.0,0.0,33.3,66.7,,,,
2015-11-29,2015,Rio Ave,Moreirense,0.0,1.0,A,U,1.83,3.4,4.5,D,,,,,6,3.0,0.0,1.0,2.0,4.0,4.0,0.0,2.0,7.0,-5.0,2.0,-3.0,5.0,0.0,0.0,0.0,0.0,1.0,-1.0,80.0,20.0,0.0,60.0,,,,
2015-11-29,2015,Pacos Ferreira,Estoril,2.0,0.0,H,U,2.1,3.1,3.8,H,,,,,6,1.0,1.0,2.0,3.0,4.0,1.0,3.0,6.0,4.0,2.0,-2.0,-3.0,1.0,1.0,0.0,1.0,1.0,1.0,0.0,40.0,40.0,20.0,80.0,,,,
2015-11-29,2015,Academica,Arouca,1.0,1.0,D,U,2.5,3.0,3.0,D,,,,,6,1.0,0.0,2.0,0.0,3.0,1.0,2.0,6.0,1.0,5.0,-3.0,0.0,-3.0,0.0,0.0,0.0,2.0,0.0,2.0,20.0,60.0,20.0,0.0,,,,
2015-11-28,2015,Tondela,Porto,0.0,1.0,A,U,19.0,6.5,1.17,A,,,,,6,1.0,,2.0,,2.0,,,6.0,,,-4.0,,,0.0,,,1.0,,,20.0,60.0,33.3,0.0,,,,
2015-11-28,2015,Setubal,Uniao Madeira,2.0,2.0,D,O,1.91,3.2,4.33,H,,,,,6,1.0,0.0,0.0,3.0,5.0,1.0,4.0,4.0,4.0,0.0,1.0,-3.0,4.0,0.0,0.0,0.0,0.0,0.0,0.0,20.0,0.0,0.0,75.0,,,,
2015-11-28,2015,Boavista,Guimaraes,1.0,2.0,A,O,2.5,3.0,3.0,H,,,,,5,1.0,1.0,2.0,1.0,1.0,4.0,-3.0,2.0,7.0,-5.0,-1.0,-3.0,2.0,0.0,0.0,0.0,0.0,1.0,-1.0,25.0,50.0,20.0,40.0,,,,
2015-11-27,2015,Nacional,Maritimo,3.0,1.0,H,O,2.38,3.1,3.1,D,,,,,5,2.0,1.0,0.0,2.0,4.0,3.0,1.0,1.0,7.0,-6.0,3.0,-4.0,7.0,1.0,0.0,1.0,0.0,1.0,-1.0,50.0,0.0,20.0,60.0,,,,
2015-11-09,2015,Uniao Madeira,Sp Braga,0.0,1.0,A,U,4.0,3.4,1.91,D,,,,,4,,1.0,,2.0,,1.0,,,2.0,,,-1.0,,,0.0,,,0.0,,33.3,0.0,25.0,50.0,,,,
2015-11-09,2015,Belenenses,Tondela,2.0,1.0,H,O,1.75,3.5,4.75,H,,,,,5,2.0,0.0,0.0,3.0,7.0,1.0,6.0,4.0,4.0,0.0,3.0,-3.0,6.0,1.0,0.0,1.0,0.0,0.0,0.0,50.0,0.0,0.0,75.0,,,,
2015-11-08,2015,Porto,Setubal,2.0,0.0,H,U,1.18,7.0,13.0,D,,,,,6,3.0,2.0,0.0,1.0,7.0,9.0,-2.0,0.0,6.0,-6.0,7.0,3.0,4.0,2.0,2.0,0.0,0.0,1.0,-1.0,80.0,0.0,50.0,25.0,,,,
2015-11-08,2015,Moreirense,Pacos Ferreira,2.0,0.0,H,U,2.63,3.1,2.75,H,,,,,5,0.0,2.0,2.0,1.0,2.0,4.0,-2.0,6.0,4.0,2.0,-4.0,0.0,-4.0,0.0,1.0,-1.0,2.0,1.0,1.0,0.0,50.0,50.0,25.0,,,,
2015-11-08,2015,Maritimo,Rio Ave,3.0,2.0,H,O,2.1,3.1,3.8,H,,,,,5,2.0,1.0,1.0,0.0,7.0,10.0,-3.0,5.0,7.0,-2.0,2.0,3.0,-1.0,1.0,1.0,0.0,1.0,0.0,1.0,50.0,25.0,25.0,0.0,,,,
2015-11-08,2015,Benfica,Boavista,2.0,0.0,H,U,1.14,7.5,19.0,H,,,,,6,3.0,1.0,1.0,2.0,12.0,2.0,10.0,5.0,5.0,0.0,7.0,-3.0,10.0,2.0,1.0,1.0,1.0,1.0,0.0,80.0,20.0,20.0,40.0,,,,
2015-11-08,2015,Arouca,Sp Lisbon,0.0,1.0,A,U,9.0,4.5,1.36,D,,,,,5,1.0,3.0,1.0,0.0,5.0,8.0,-3.0,6.0,2.0,4.0,-1.0,6.0,-7.0,0.0,2.0,-2.0,1.0,0.0,1.0,25.0,25.0,80.0,0.0,,,,
2015-11-07,2015,Guimaraes,Nacional,0.0,1.0,A,U,2.1,3.25,3.5,A,,,,,5,1.0,0.0,1.0,4.0,3.0,1.0,2.0,3.0,6.0,-3.0,0.0,-5.0,5.0,0.0,0.0,0.0,0.0,1.0,-1.0,25.0,25.0,0.0,100.0,,,,
2015-11-06,2015,Estoril,Academica,1.0,1.0,D,U,1.75,3.4,5.0,H,,,,,5,3.0,0.0,0.0,3.0,7.0,1.0,6.0,3.0,5.0,-2.0,4.0,-4.0,8.0,1.0,0.0,1.0,0.0,1.0,-1.0,75.0,0.0,0.0,75.0,,,,
2015-11-02,2015,Pacos Ferreira,Guimaraes,0.0,1.0,A,U,2.15,3.2,3.5,D,,,,,5,2.0,0.0,1.0,2.0,5.0,3.0,2.0,5.0,10.0,-5.0,0.0,-7.0,7.0,1.0,0.0,1.0,1.0,2.0,-1.0,50.0,25.0,0.0,50.0,,,,
2015-11-01,2015,Setubal,Arouca,0.0,0.0,D,U,2.1,3.1,3.75,D,,,,,5,1.0,1.0,0.0,0.0,7.0,3.0,4.0,6.0,1.0,5.0,1.0,2.0,-1.0,0.0,1.0,-1.0,0.0,0.0,0.0,25.0,0.0,25.0,0.0,,,,
2015-11-01,2015,Rio Ave,Nacional,1.0,0.0,H,U,2.3,3.1,3.3,D,,,,,5,3.0,0.0,1.0,4.0,4.0,2.0,2.0,2.0,7.0,-5.0,2.0,-5.0,7.0,0.0,0.0,0.0,0.0,1.0,-1.0,75.0,25.0,0.0,100.0,,,,
2015-11-01,2015,Boavista,Maritimo,0.0,1.0,A,U,2.7,3.2,2.6,A,,,,,4,,0.0,,3.0,,3.0,,,9.0,,,-6.0,,,0.0,,,1.0,,33.3,33.3,0.0,75.0,,,,
2015-11-01,2015,Academica,Moreirense,1.0,1.0,D,U,2.35,3.0,3.25,H,,,,,5,1.0,0.0,3.0,3.0,2.0,3.0,-1.0,9.0,8.0,1.0,-7.0,-5.0,-2.0,0.0,0.0,0.0,3.0,2.0,1.0,25.0,75.0,0.0,75.0,,,,
2015-10-31,2015,Sp Lisbon,Estoril,1.0,0.0,H,U,1.2,6.0,15.0,D,,,,,4,,1.0,,3.0,,1.0,,,7.0,,,-6.0,,,0.0,,,2.0,,66.7,0.0,25.0,75.0,,,,
2015-10-31,2015,Sp Braga,Belenenses,4.0,0.0,H,O,1.5,4.0,6.5,H,,,,,5,3.0,0.0,0.0,2.0,11.0,3.0,8.0,2.0,13.0,-11.0,9.0,-10.0,19.0,2.0,0.0,2.0,0.0,2.0,-2.0,75.0,0.0,0.0,50.0,,,,
2015-10-30,2015,Tondela,Benfica,0.0,4.0,A,O,13.0,5.25,1.25,A,,,,,5,1.0,,2.0,,3.0,,,4.0,,,-1.0,,,0.0,,,0.0,,,25.0,50.0,0.0,100.0,,,,
2015-10-26,2015,Belenenses,Uniao Madeira,1.0,0.0,H,U,1.83,3.4,4.5,D,,,,,4,,,,,,,,,,,,,,,,,,,,33.3,0.0,0.0,66.7,,,,
2015-10-25,2015,Porto,Sp Braga,0.0,0.0,D,U,1.33,4.75,9.5,D,,,,,5,4.0,,0.0,,10.0,,,0.0,,,10.0,,,3.0,,,0.0,,,100.0,0.0,33.3,66.7,,,,
2015-10-25,2015,Moreirense,Setubal,0.0,2.0,A,U,2.3,3.2,3.2,A,,,,,4,,,,,,,,,,,,,,,,,,,,0.0,33.3,33.3,33.3,,,,
2015-10-25,2015,Benfica,Sp Lisbon,0.0,3.0,A,O,2.2,3.2,3.4,A,,,,,5,4.0,3.0,0.0,0.0,16.0,7.0,9.0,2.0,3.0,-1.0,14.0,4.0,10.0,3.0,1.0,2.0,0.0,0.0,0.0,100.0,0.0,75.0,0.0,,,,
2015-10-25,2015,Arouca,Tondela,1.0,1.0,D,U,1.85,3.2,4.75,D,,,,,4,,,,,,,,,,,,,,,,,,,,33.3,33.3,0.0,100.0,,,,
2015-10-24,2015,Maritimo,Pacos Ferreira,0.0,2.0,A,U,1.91,3.4,4.0,A,,,,,4,,,,,,,,,,,,,,,,,,,,66.7,0.0,33.3,33.3,,,,
2015-10-24,2015,Guimaraes,Academica,1.0,1.0,D,U,1.7,3.6,5.0,H,,,,,4,,,,,,,,,,,,,,,,,,,,33.3,33.3,0.0,100.0,,,,
2015-10-24,2015,Estoril,Rio Ave,2.0,2.0,D,O,2.2,3.1,3.5,A,,,,,4,,,,,,,,,,,,,,,,,,,,100.0,0.0,33.3,0.0,,,,
2015-10-23,2015,Nacional,Boavista,0.0,0.0,D,U,1.91,3.25,4.33,D,,,,,4,,1.0,,2.0,,4.0,,,7.0,,,-3.0,,,1.0,,,1.0,,66.7,0.0,25.0,50.0,,,,
2015-10-04,2015,Sp Lisbon,Guimaraes,5.0,1.0,H,O,1.29,5.5,10.0,H,,,,,3,,,,,,,,,,,,,,,,,,,,50.0,0.0,0.0,33.3,,,,
2015-10-04,2015,Sp Braga,Arouca,0.0,0.0,D,U,1.53,4.0,6.0,D,,,,,4,,,,,,,,,,,,,,,,,,,,100.0,0.0,33.3,0.0,,,,
2015-10-04,2015,Porto,Belenenses,4.0,0.0,H,O,1.14,7.0,21.0,D,,,,,4,,,,,,,,,,,,,,,,,,,,100.0,0.0,0.0,33.3,,,,
2015-10-03,2015,Tondela,Moreirense,1.0,1.0,D,U,2.38,3.1,3.1,A,,,,,4,,,,,,,,,,,,,,,,,,,,33.3,66.7,0.0,100.0,,,,
2015-10-03,2015,Rio Ave,Boavista,1.0,0.0,H,U,2.05,3.3,3.6,D,,,,,4,,,,,,,,,,,,,,,,,,,,66.7,33.3,33.3,33.3,,,,
2015-10-03,2015,Pacos Ferreira,Nacional,3.0,1.0,H,O,2.2,3.5,3.1,D,,,,,4,,,,,,,,,,,,,,,,,,,,33.3,33.3,0.0,100.0,,,,
2015-10-03,2015,Academica,Maritimo,1.0,0.0,H,U,4.0,3.1,2.05,D,,,,,4,,,,,,,,,,,,,,,,,,,,0.0,100.0,0.0,66.7,,,,
2015-10-02,2015,Setubal,Estoril,1.0,0.0,H,U,2.5,3.2,2.88,D,,,,,4,,,,,,,,,,,,,,,,,,,,0.0,0.0,33.3,66.7,,,,
2015-09-28,2015,Rio Ave,Academica,1.0,0.0,H,U,1.62,3.6,6.0,H,,,,,3,,,,,,,,,,,,,,,,,,,,50.0,50.0,0.0,100.0,,,,
2015-09-27,2015,Nacional,Setubal,1.0,1.0,D,U,1.91,3.4,4.0,A,,,,,3,,,,,,,,,,,,,,,,,,,,100.0,0.0,50.0,50.0,,,,
2015-09-27,2015,Maritimo,Tondela,1.0,0.0,H,U,1.73,3.6,4.75,D,,,,,3,,,,,,,,,,,,,,,,,,,,50.0,0.0,0.0,100.0,,,,
2015-09-27,2015,Guimaraes,Sp Braga,0.0,1.0,A,U,3.5,3.0,2.25,D,,,,,3,,,,,,,,,,,,,,,,,,,,50.0,0.0,0.0,100.0,,,,
2015-09-27,2015,Estoril,Uniao Madeira,2.0,1.0,H,O,1.73,3.4,5.25,H,,,,,3,,,,,,,,,,,,,,,,,,,,100.0,0.0,0.0,50.0,,,,
2015-09-27,2015,Arouca,Belenenses,2.0,2.0,D,O,2.4,3.0,3.2,A,,,,,3,,,,,,,,,,,,,,,,,,,,50.0,50.0,0.0,50.0,,,,
2015-09-26,2015,Boavista,Sp Lisbon,0.0,0.0,D,U,9.5,5.0,1.33,D,,,,,3,,,,,,,,,,,,,,,,,,,,50.0,50.0,100.0,0.0,,,,
2015-09-26,2015,Benfica,Pacos Ferreira,3.0,0.0,H,O,1.25,5.5,13.0,H,,,,,4,,,,,,,,,,,,,,,,,,,,100.0,0.0,50.0,0.0,,,,
2015-09-25,2015,Moreirense,Porto,2.0,2.0,D,O,15.0,5.5,1.22,A,,,,,3,,,,,,,,,,,,,,,,,,,,0.0,50.0,50.0,0.0,,,,
2015-09-21,2015,Sp Lisbon,Nacional,1.0,0.0,H,U,1.29,5.0,12.0,D,,,,,2,,,,,,,,,,,,,,,,,,,,0.0,0.0,0.0,100.0,,,,
2015-09-21,2015,Sp Braga,Maritimo,5.0,1.0,H,O,1.75,3.5,4.75,H,,,,,3,,,,,,,,,,,,,,,,,,,,100.0,0.0,0.0,50.0,,,,
2015-09-21,2015,Belenenses,Moreirense,2.0,0.0,H,U,2.1,3.25,3.5,H,,,,,3,,,,,,,,,,,,,,,,,,,,0.0,0.0,0.0,100.0,,,,
2015-09-20,2015,Uniao Madeira,Arouca,0.0,0.0,D,U,2.6,3.1,2.8,D,,,,,3,,,,,,,,,,,,,,,,,,,,50.0,0.0,50.0,0.0,,,,
2015-09-20,2015,Porto,Benfica,1.0,0.0,H,U,2.0,3.2,4.0,D,,,,,3,,,,,,,,,,,,,,,,,,,,100.0,0.0,0.0,100.0,,,,
2015-09-20,2015,Academica,Boavista,0.0,2.0,A,U,2.88,3.0,2.63,A,,,,,3,,,,,,,,,,,,,,,,,,,,0.0,100.0,0.0,50.0,,,,
2015-09-19,2015,Tondela,Estoril,0.0,1.0,A,U,2.8,3.1,2.6,D,,,,,3,,,,,,,,,,,,,,,,,,,,50.0,50.0,0.0,100.0,,,,
2015-09-19,2015,Pacos Ferreira,Rio Ave,0.0,3.0,A,O,1.95,3.2,4.2,A,,,,,3,,,,,,,,,,,,,,,,,,,,50.0,0.0,0.0,0.0,,,,
2015-09-18,2015,Setubal,Guimaraes,2.0,2.0,D,O,2.45,3.1,3.0,D,,,,,3,,,,,,,,,,,,,,,,,,,,0.0,0.0,0.0,50.0,,,,
2015-09-14,2015,Boavista,Pacos Ferreira,0.0,1.0,A,U,2.88,3.0,2.63,D,,,,,2,,,,,,,,,,,,,,,,,,,,100.0,0.0,0.0,0.0,,,,
2015-09-13,2015,Rio Ave,Sp Lisbon,1.0,2.0,A,O,7.0,4.0,1.5,A,,,,,2,,,,,,,,,,,,,,,,,,,,100.0,0.0,100.0,0.0,,,,
2015-09-13,2015,Nacional,Academica,2.0,0.0,H,U,1.65,3.6,5.5,H,,,,,2,,,,,,,,,,,,,,,,,,,,100.0,0.0,0.0,100.0,,,,
2015-09-13,2015,Moreirense,Uniao Madeira,0.0,0.0,D,U,2.25,3.1,3.4,D,,,,,2,,,,,,,,,,,,,,,,,,,,0.0,100.0,0.0,100.0,,,,
2015-09-13,2015,Maritimo,Setubal,5.0,2.0,H,O,1.83,3.4,4.5,A,,,,,2,,,,,,,,,,,,,,,,,,,,0.0,0.0,100.0,0.0,,,,
2015-09-13,2015,Guimaraes,Tondela,1.0,0.0,H,U,1.95,3.2,4.2,H,,,,,2,,,,,,,,,,,,,,,,,,,,0.0,0.0,0.0,100.0,,,,
2015-09-12,2015,Estoril,Sp Braga,1.0,0.0,H,U,3.0,3.2,2.4,D,,,,,2,,,,,,,,,,,,,,,,,,,,100.0,0.0,0.0,100.0,,,,
2015-09-12,2015,Arouca,Porto,1.0,3.0,A,O,9.5,4.5,1.36,A,,,,,2,,,,,,,,,,,,,,,,,,,,100.0,0.0,0.0,0.0,,,,
2015-09-11,2015,Benfica,Belenenses,6.0,0.0,H,O,1.25,5.5,13.0,H,,,,,3,,,,,,,,,,,,,,,,,,,,100.0,0.0,0.0,0.0,,,,
2015-08-31,2015,Uniao Madeira,Guimaraes,0.0,0.0,D,U,2.9,3.1,2.5,D,,,,,2,,,,,,,,,,,,,,,,,,,,100.0,0.0,0.0,100.0,,,,
2015-08-31,2015,Belenenses,Maritimo,1.0,1.0,D,U,2.3,3.1,3.25,A,,,,,2,,,,,,,,,,,,,,,,,,,,0.0,0.0,0.0,100.0,,,,
2015-08-30,2015,Tondela,Nacional,1.0,0.0,H,U,2.9,3.1,2.5,D,,,,,2,,,,,,,,,,,,,,,,,,,,0.0,100.0,0.0,100.0,,,,
2015-08-30,2015,Sp Braga,Boavista,4.0,0.0,H,O,1.5,3.6,8.5,H,,,,,2,,,,,,,,,,,,,,,,,,,,100.0,0.0,0.0,0.0,,,,
2015-08-30,2015,Pacos Ferreira,Arouca,1.0,1.0,D,U,2.1,3.2,3.6,D,,,,,2,,,,,,,,,,,,,,,,,,,,100.0,0.0,100.0,0.0,,,,
2015-08-30,2015,Academica,Sp Lisbon,1.0,3.0,A,O,8.5,4.33,1.4,A,,,,,2,,,,,,,,,,,,,,,,,,,,0.0,100.0,100.0,0.0,,,,
2015-08-29,2015,Setubal,Rio Ave,2.0,2.0,D,O,2.38,3.1,3.1,D,,,,,2,,,,,,,,,,,,,,,,,,,,0.0,0.0,0.0,0.0,,,,
2015-08-29,2015,Porto,Estoril,2.0,0.0,H,U,1.17,6.5,17.0,H,,,,,2,,,,,,,,,,,,,,,,,,,,100.0,0.0,0.0,100.0,,,,
2015-08-29,2015,Benfica,Moreirense,3.0,2.0,H,O,1.2,6.0,15.0,A,,,,,2,,,,,,,,,,,,,,,,,,,,100.0,0.0,0.0,100.0,,,,
2015-08-24,2015,Academica,Setubal,0.0,4.0,A,O,2.15,3.3,3.4,A,,,,,1,,,,,,,,,,,,,,,,,,,,,,,,,,,
2015-08-23,2015,Nacional,Uniao Madeira,1.0,0.0,H,U,1.8,3.4,4.75,H,,,,,1,,,,,,,,,,,,,,,,,,,,,,,,,,,
2015-08-23,2015,Guimaraes,Belenenses,1.0,1.0,D,U,1.85,3.3,4.5,H,,,,,1,,,,,,,,,,,,,,,,,,,,,,,,,,,
2015-08-23,2015,Estoril,Moreirense,2.0,0.0,H,U,1.7,3.5,5.25,D,,,,,1,,,,,,,,,,,,,,,,,,,,,,,,,,,
2015-08-23,2015,Boavista,Tondela,1.0,0.0,H,U,1.95,3.3,4.0,D,,,,,1,,,,,,,,,,,,,,,,,,,,,,,,,,,
2015-08-23,2015,Arouca,Benfica,1.0,0.0,H,U,10.0,4.75,1.33,H,,,,,1,,,,,,,,,,,,,,,,,,,,,,,,,,,
2015-08-22,2015,Sp Lisbon,Pacos Ferreira,1.0,1.0,D,U,1.33,5.0,9.0,H,,,,,1,,,,,,,,,,,,,,,,,,,,,,,,,,,
2015-08-22,2015,Maritimo,Porto,1.0,1.0,D,U,9.0,4.5,1.36,D,,,,,1,,,,,,,,,,,,,,,,,,,,,,,,,,,
2015-08-21,2015,Rio Ave,Sp Braga,1.0,0.0,H,U,3.25,3.2,2.25,H,,,,,1,,,,,,,,,,,,,,,,,,,,,,,,,,,
2015-08-17,2015,Pacos Ferreira,Academica,1.0,0.0,H,U,1.8,3.3,4.75,H,,,,,1,,,,,,,,,,,,,,,,,,,,,,,,,,,
2015-08-16,2015,Uniao Madeira,Maritimo,2.0,1.0,H,O,2.8,3.25,2.5,H,,,,,1,,,,,,,,,,,,,,,,,,,,,,,,,,,
2015-08-16,2015,Sp Braga,Nacional,2.0,1.0,H,O,1.73,3.5,5.0,D,,,,,1,,,,,,,,,,,,,,,,,,,,,,,,,,,
2015-08-16,2015,Setubal,Boavista,2.0,2.0,D,O,2.25,3.2,3.25,H,,,,,1,,,,,,,,,,,,,,,,,,,,,,,,,,,
2015-08-16,2015,Moreirense,Arouca,0.0,2.0,A,U,2.2,3.2,3.4,D,,,,,1,,,,,,,,,,,,,,,,,,,,,,,,,,,
2015-08-16,2015,Benfica,Estoril,4.0,0.0,H,O,1.3,5.5,9.0,D,,,,,1,,,,,,,,,,,,,,,,,,,,,,,,,,,
2015-08-15,2015,Porto,Guimaraes,3.0,0.0,H,O,1.18,6.5,15.0,H,,,,,1,,,,,,,,,,,,,,,,,,,,,,,,,,,
2015-08-15,2015,Belenenses,Rio Ave,3.0,3.0,D,O,2.45,3.1,3.0,D,,,,,1,,,,,,,,,,,,,,,,,,,,,,,,,,,
2015-08-14,2015,Tondela,Sp Lisbon,1.0,2.0,A,O,13.0,5.25,1.25,A,,,,,1,,,,,,,,,,,,,,,,,,,,,,,,,,,
2015-05-23,2014,Sp Braga,Setubal,5.0,0.0,H,O,1.4,4.5,7.5,H,,,,,17,1.0,1.0,1.0,1.0,6.0,3.0,3.0,4.0,4.0,0.0,2.0,-1.0,3.0,1.0,0.0,1.0,1.0,1.0,0.0,62.5,18.8,6.2,62.5,,,,
2015-05-23,2014,Rio Ave,Sp Lisbon,0.0,1.0,A,U,5.75,3.8,1.6,D,,,,,17,1.0,2.0,1.0,0.0,4.0,8.0,-4.0,5.0,4.0,1.0,-1.0,4.0,-5.0,0.0,1.0,-1.0,1.0,0.0,1.0,37.5,18.8,56.2,12.5,,,,
2015-05-23,2014,Nacional,Pacos Ferreira,3.0,0.0,H,O,2.2,3.25,3.3,H,,,,,17,2.0,1.0,0.0,1.0,8.0,3.0,5.0,5.0,2.0,3.0,3.0,1.0,2.0,1.0,1.0,0.0,0.0,0.0,0.0,56.2,18.8,25.0,43.8,,,,
2015-05-23,2014,Gil Vicente,Belenenses,0.0,2.0,A,U,4.33,3.6,1.8,D,,,,,17,0.0,1.0,3.0,1.0,0.0,3.0,-3.0,8.0,3.0,5.0,-8.0,0.0,-8.0,0.0,0.0,0.0,2.0,0.0,2.0,12.5,43.8,37.5,31.2,,,,
2015-05-23,2014,Estoril,Boavista,2.0,0.0,H,U,1.8,3.5,4.5,H,,,,,17,1.0,0.0,0.0,2.0,6.0,3.0,3.0,5.0,5.0,0.0,1.0,-2.0,3.0,0.0,0.0,0.0,0.0,0.0,0.0,31.2,31.2,6.2,62.5,,,,
2015-05-23,2014,Benfica,Maritimo,4.0,1.0,H,O,1.17,7.5,13.0,H,,,,,17,3.0,2.0,0.0,0.0,12.0,7.0,5.0,2.0,3.0,-1.0,10.0,4.0,6.0,3.0,2.0,1.0,0.0,0.0,0.0,87.5,0.0,25.0,50.0,,,,
2015-05-23,2014,Arouca,Moreirense,1.0,2.0,A,O,2.15,3.3,3.4,A,,,,,17,1.0,1.0,2.0,2.0,4.0,2.0,2.0,5.0,5.0,0.0,-1.0,-3.0,2.0,1.0,0.0,1.0,1.0,2.0,-1.0,31.2,50.0,25.0,43.8,,,,
2015-05-23,2014,Academica,Guimaraes,2.0,4.0,A,O,3.0,3.5,2.25,D,,,,,17,1.0,0.0,1.0,2.0,4.0,5.0,-1.0,4.0,9.0,-5.0,0.0,-4.0,4.0,0.0,0.0,0.0,0.0,1.0,-1.0,6.2,18.8,25.0,43.8,,,,
2015-05-22,2014,Porto,Penafiel,2.0,0.0,H,U,1.06,11.0,26.0,D,,,,,17,4.0,0.0,0.0,3.0,9.0,3.0,6.0,0.0,13.0,-13.0,9.0,-10.0,19.0,2.0,0.0,2.0,0.0,3.0,-3.0,87.5,6.2,12.5,62.5,,,,
2015-05-18,2014,Boavista,Nacional,0.0,1.0,A,U,3.0,3.2,2.4,A,,,,,17,2.0,0.0,1.0,3.0,4.0,3.0,1.0,3.0,8.0,-5.0,1.0,-5.0,6.0,1.0,0.0,1.0,1.0,2.0,-1.0,50.0,37.5,12.5,62.5,,,,
2015-05-17,2014,Sp Lisbon,Sp Braga,4.0,1.0,H,O,1.73,3.6,4.75,D,,,,,17,4.0,1.0,0.0,2.0,11.0,4.0,7.0,4.0,5.0,-1.0,7.0,-1.0,8.0,2.0,1.0,1.0,0.0,1.0,-1.0,68.8,0.0,37.5,37.5,,,,
2015-05-17,2014,Setubal,Arouca,2.0,1.0,H,O,2.2,3.2,3.4,H,,,,,17,0.0,1.0,3.0,2.0,2.0,3.0,-1.0,6.0,3.0,3.0,-4.0,0.0,-4.0,0.0,1.0,-1.0,1.0,0.0,1.0,31.2,50.0,12.5,62.5,,,,
2015-05-17,2014,Penafiel,Gil Vicente,2.0,1.0,H,O,3.1,3.25,2.3,D,,,,,17,0.0,1.0,2.0,3.0,2.0,5.0,-3.0,6.0,9.0,-3.0,-4.0,-4.0,0.0,0.0,0.0,0.0,2.0,2.0,0.0,12.5,68.8,12.5,62.5,,,,
2015-05-17,2014,Pacos Ferreira,Academica,3.0,2.0,H,O,1.8,3.6,4.33,H,,,,,17,1.0,0.0,0.0,2.0,4.0,1.0,3.0,3.0,6.0,-3.0,1.0,-5.0,6.0,0.0,0.0,0.0,0.0,1.0,-1.0,43.8,18.8,18.8,50.0,,,,
2015-05-17,2014,Moreirense,Estoril,1.0,1.0,D,U,2.25,3.25,3.2,D,,,,,17,2.0,1.0,1.0,2.0,7.0,4.0,3.0,7.0,10.0,-3.0,0.0,-6.0,6.0,1.0,0.0,1.0,1.0,2.0,-1.0,37.5,37.5,18.8,43.8,,,,
2015-05-17,2014,Maritimo,Rio Ave,4.0,0.0,H,O,2.1,3.3,3.5,H,,,,,17,0.0,2.0,1.0,0.0,3.0,5.0,-2.0,4.0,1.0,3.0,-1.0,4.0,-5.0,0.0,2.0,-2.0,0.0,0.0,0.0,43.8,31.2,25.0,37.5,,,,
2015-05-17,2014,Guimaraes,Benfica,0.0,0.0,D,U,11.0,6.0,1.25,D,,,,,17,3.0,3.0,1.0,1.0,4.0,11.0,-7.0,1.0,3.0,-2.0,3.0,8.0,-5.0,1.0,3.0,-2.0,0.0,0.0,0.0,62.5,12.5,75.0,18.8,,,,
2015-05-17,2014,Belenenses,Porto,1.0,1.0,D,U,15.0,6.0,1.2,A,,,,,17,1.0,2.0,2.0,0.0,5.0,6.0,-1.0,7.0,2.0,5.0,-2.0,4.0,-6.0,1.0,2.0,-1.0,2.0,0.0,2.0,31.2,31.2,62.5,6.2,,,,
2015-05-11,2014,Nacional,Guimaraes,2.0,2.0,D,O,2.3,3.4,3.0,A,,,,,16,3.0,0.0,0.0,3.0,9.0,4.0,5.0,3.0,10.0,-7.0,6.0,-6.0,12.0,2.0,0.0,2.0,0.0,2.0,-2.0,60.0,20.0,26.7,46.7,,,,
2015-05-10,2014,Porto,Gil Vicente,2.0,0.0,H,U,1.06,12.0,26.0,H,,,,,16,4.0,1.0,0.0,2.0,10.0,6.0,4.0,0.0,8.0,-8.0,10.0,-2.0,12.0,2.0,0.0,2.0,0.0,1.0,-1.0,86.7,6.7,13.3,60.0,,,,
2015-05-10,2014,Moreirense,Setubal,3.0,1.0,H,O,2.1,3.4,3.4,H,,,,,16,1.0,1.0,2.0,1.0,4.0,2.0,2.0,8.0,4.0,4.0,-4.0,-2.0,-2.0,0.0,0.0,0.0,2.0,1.0,1.0,33.3,40.0,6.7,60.0,,,,
2015-05-10,2014,Estoril,Sp Lisbon,1.0,1.0,D,U,5.5,3.5,1.67,H,,,,,16,1.0,3.0,0.0,0.0,6.0,8.0,-2.0,5.0,3.0,2.0,1.0,5.0,-4.0,0.0,1.0,-1.0,0.0,0.0,0.0,33.3,33.3,60.0,13.3,,,,
2015-05-10,2014,Arouca,Boavista,0.0,0.0,D,U,1.91,3.4,4.0,D,,,,,16,1.0,0.0,3.0,2.0,5.0,4.0,1.0,8.0,6.0,2.0,-3.0,-2.0,-1.0,1.0,0.0,1.0,2.0,0.0,2.0,33.3,53.3,6.7,66.7,,,,
2015-05-09,2014,Sp Braga,Maritimo,1.0,3.0,A,O,1.44,4.33,7.0,D,,,,,16,1.0,1.0,1.0,1.0,5.0,4.0,1.0,2.0,3.0,-1.0,3.0,1.0,2.0,1.0,1.0,0.0,0.0,0.0,0.0,66.7,13.3,20.0,53.3,,,,
2015-05-09,2014,Rio Ave,Pacos Ferreira,0.0,0.0,D,U,2.38,3.4,2.88,D,,,,,16,1.0,1.0,1.0,2.0,5.0,4.0,1.0,6.0,4.0,2.0,-1.0,0.0,-1.0,0.0,1.0,-1.0,1.0,0.0,1.0,40.0,20.0,26.7,46.7,,,,
2015-05-09,2014,Benfica,Penafiel,4.0,0.0,H,O,1.05,13.0,26.0,H,,,,,16,3.0,0.0,0.0,3.0,10.0,5.0,5.0,2.0,12.0,-10.0,8.0,-7.0,15.0,3.0,0.0,3.0,0.0,2.0,-2.0,86.7,0.0,13.3,60.0,,,,
2015-05-09,2014,Academica,Belenenses,1.0,1.0,D,U,2.5,3.0,3.0,D,,,,,16,1.0,1.0,1.0,1.0,4.0,3.0,1.0,4.0,3.0,1.0,0.0,0.0,0.0,0.0,0.0,0.0,0.0,0.0,0.0,6.7,20.0,40.0,33.3,,,,
2015-05-04,2014,Pacos Ferreira,Sp Braga,2.0,2.0,D,O,3.5,3.2,2.15,A,,,,,16,1.0,2.0,0.0,2.0,4.0,4.0,0.0,3.0,3.0,0.0,1.0,1.0,0.0,0.0,2.0,-2.0,0.0,1.0,-1.0,46.7,20.0,40.0,40.0,,,,
2015-05-04,2014,Belenenses,Rio Ave,1.0,3.0,A,O,2.25,3.2,3.25,A,,,,,16,1.0,1.0,2.0,1.0,4.0,2.0,2.0,5.0,1.0,4.0,-1.0,1.0,-2.0,1.0,1.0,0.0,1.0,0.0,1.0,33.3,26.7,20.0,40.0,,,,
2015-05-03,2014,Setubal,Porto,0.0,2.0,A,U,13.0,6.5,1.2,A,,,,,16,0.0,2.0,2.0,0.0,3.0,5.0,-2.0,5.0,2.0,3.0,-2.0,3.0,-5.0,0.0,1.0,-1.0,0.0,0.0,0.0,33.3,46.7,60.0,6.7,,,,
2015-05-03,2014,Penafiel,Academica,0.0,0.0,D,U,3.1,3.1,2.4,D,,,,,16,0.0,1.0,3.0,2.0,3.0,3.0,0.0,8.0,6.0,2.0,-5.0,-3.0,-2.0,0.0,1.0,-1.0,2.0,1.0,1.0,13.3,73.3,20.0,53.3,,,,
2015-05-03,2014,Maritimo,Arouca,1.0,1.0,D,U,2.05,3.2,3.75,D,,,,,16,1.0,1.0,1.0,2.0,4.0,3.0,1.0,4.0,3.0,1.0,0.0,0.0,0.0,0.0,1.0,-1.0,0.0,0.0,0.0,46.7,33.3,13.3,66.7,,,,
2015-05-03,2014,Boavista,Moreirense,3.0,1.0,H,O,2.5,3.1,2.9,H,,,,,16,2.0,2.0,1.0,1.0,4.0,3.0,1.0,3.0,3.0,0.0,1.0,0.0,1.0,1.0,0.0,1.0,1.0,1.0,0.0,46.7,40.0,26.7,40.0,,,,
2015-05-02,2014,Sp Lisbon,Nacional,2.0,0.0,H,U,1.33,5.0,9.0,D,,,,,16,4.0,0.0,0.0,2.0,11.0,4.0,7.0,4.0,7.0,-3.0,7.0,-3.0,10.0,2.0,0.0,2.0,0.0,1.0,-1.0,66.7,0.0,13.3,60.0,,,,
2015-05-02,2014,Gil Vicente,Benfica,0.0,5.0,A,O,13.0,6.5,1.2,A,,,,,16,0.0,3.0,2.0,1.0,1.0,9.0,-8.0,4.0,4.0,0.0,-3.0,5.0,-8.0,0.0,3.0,-3.0,1.0,0.0,1.0,13.3,40.0,73.3,20.0,,,,
2015-05-01,2014,Guimaraes,Estoril,2.0,0.0,H,U,1.85,3.4,4.33,H,,,,,16,3.0,1.0,1.0,2.0,3.0,4.0,-1.0,1.0,14.0,-13.0,2.0,-10.0,12.0,0.0,0.0,0.0,0.0,2.0,-2.0,60.0,13.3,20.0,40.0,,,,
2015-04-27,2014,Moreirense,Sp Lisbon,1.0,4.0,A,O,7.0,3.75,1.53,A,,,,,15,1.0,2.0,2.0,1.0,4.0,4.0,0.0,7.0,5.0,2.0,-3.0,-1.0,-2.0,0.0,0.0,0.0,2.0,1.0,1.0,35.7,35.7,57.1,14.3,,,,
2015-04-26,2014,Nacional,Penafiel,2.0,0.0,H,U,1.57,3.6,6.5,H,,,,,15,3.0,1.0,0.0,2.0,8.0,6.0,2.0,3.0,10.0,-7.0,5.0,-4.0,9.0,1.0,0.0,1.0,0.0,1.0,-1.0,57.1,21.4,14.3,57.1,,,,
2015-04-26,2014,Boavista,Setubal,0.0,0.0,D,U,2.4,3.1,3.1,D,,,,,15,2.0,1.0,2.0,2.0,4.0,2.0,2.0,5.0,7.0,-2.0,-1.0,-5.0,4.0,1.0,0.0,1.0,2.0,2.0,0.0,50.0,42.9,7.1,64.3,,,,
2015-04-26,2014,Benfica,Porto,0.0,0.0,D,U,2.4,3.3,2.88,D,,,,,15,4.0,3.0,0.0,0.0,16.0,7.0,9.0,2.0,2.0,0.0,14.0,5.0,9.0,4.0,2.0,2.0,0.0,0.0,0.0,92.9,0.0,64.3,7.1,,,,
2015-04-26,2014,Arouca,Pacos Ferreira,1.0,3.0,A,O,2.7,3.0,2.75,A,,,,,15,2.0,1.0,2.0,2.0,5.0,2.0,3.0,5.0,3.0,2.0,0.0,-1.0,1.0,1.0,0.0,1.0,1.0,0.0,1.0,35.7,50.0,21.4,50.0,,,,
2015-04-25,2014,Rio Ave,Guimaraes,1.0,1.0,D,U,2.63,3.1,2.8,A,,,,,15,1.0,0.0,2.0,3.0,4.0,5.0,-1.0,7.0,11.0,-4.0,-3.0,-6.0,3.0,0.0,0.0,0.0,2.0,2.0,0.0,42.9,21.4,28.6,50.0,,,,
2015-04-25,2014,Estoril,Maritimo,1.0,1.0,D,U,2.0,3.3,3.75,D,,,,,15,1.0,2.0,1.0,1.0,6.0,7.0,-1.0,6.0,5.0,1.0,0.0,2.0,-2.0,0.0,1.0,-1.0,0.0,0.0,0.0,35.7,35.7,21.4,57.1,,,,
2015-04-25,2014,Academica,Gil Vicente,1.0,2.0,A,O,2.05,3.2,3.8,D,,,,,15,1.0,0.0,0.0,3.0,3.0,4.0,-1.0,2.0,9.0,-7.0,1.0,-5.0,6.0,0.0,0.0,0.0,0.0,2.0,-2.0,7.1,14.3,7.1,64.3,,,,
2015-04-24,2014,Sp Braga,Belenenses,1.0,1.0,D,U,1.4,4.2,9.0,A,,,,,15,2.0,2.0,1.0,1.0,7.0,4.0,3.0,2.0,3.0,-1.0,5.0,1.0,4.0,2.0,0.0,2.0,0.0,0.0,0.0,71.4,14.3,42.9,35.7,,,,
2015-04-20,2014,Maritimo,Nacional,1.0,1.0,D,U,2.5,3.1,2.9,H,,,,,15,1.0,0.0,2.0,3.0,4.0,4.0,0.0,5.0,9.0,-4.0,-1.0,-5.0,4.0,0.0,0.0,0.0,0.0,2.0,-2.0,50.0,35.7,14.3,64.3,,,,
2015-04-19,2014,Sp Lisbon,Boavista,2.0,1.0,H,O,1.17,6.5,19.0,D,,,,,15,3.0,0.0,0.0,1.0,10.0,3.0,7.0,4.0,4.0,0.0,6.0,-1.0,7.0,2.0,0.0,2.0,0.0,0.0,0.0,64.3,0.0,7.1,64.3,,,,
2015-04-19,2014,Setubal,Estoril,1.0,2.0,A,O,2.7,3.1,2.7,H,,,,,15,0.0,0.0,2.0,3.0,2.0,2.0,0.0,4.0,14.0,-10.0,-2.0,-12.0,10.0,0.0,0.0,0.0,0.0,2.0,-2.0,35.7,42.9,14.3,42.9,,,,
2015-04-19,2014,Penafiel,Arouca,0.0,2.0,A,U,3.0,3.0,2.5,A,,,,,15,0.0,0.0,3.0,3.0,6.0,1.0,5.0,10.0,5.0,5.0,-4.0,-4.0,0.0,0.0,0.0,0.0,1.0,1.0,0.0,14.3,71.4,7.1,71.4,,,,
2015-04-19,2014,Pacos Ferreira,Moreirense,0.0,0.0,D,U,2.0,3.3,3.8,D,,,,,15,2.0,2.0,0.0,1.0,6.0,4.0,2.0,4.0,4.0,0.0,2.0,0.0,2.0,0.0,0.0,0.0,0.0,1.0,-1.0,50.0,21.4,28.6,42.9,,,,
2015-04-19,2014,Gil Vicente,Rio Ave,0.0,0.0,D,U,3.0,3.0,2.5,D,,,,,15,1.0,1.0,2.0,1.0,2.0,3.0,-1.0,4.0,2.0,2.0,-2.0,1.0,-3.0,0.0,1.0,-1.0,1.0,0.0,1.0,14.3,42.9,21.4,42.9,,,,
2015-04-18,2014,Porto,Academica,1.0,0.0,H,U,1.08,10.0,26.0,H,,,,,15,4.0,2.0,0.0,1.0,10.0,5.0,5.0,0.0,6.0,-6.0,10.0,-1.0,11.0,2.0,1.0,1.0,0.0,1.0,-1.0,85.7,7.1,21.4,50.0,,,,
2015-04-18,2014,Belenenses,Benfica,0.0,2.0,A,U,15.0,6.0,1.2,A,,,,,15,1.0,2.0,1.0,1.0,5.0,8.0,-3.0,4.0,5.0,-1.0,1.0,3.0,-2.0,1.0,2.0,-1.0,0.0,0.0,0.0,35.7,21.4,71.4,21.4,,,,
2015-04-17,2014,Guimaraes,Sp Braga,1.0,0.0,H,U,3.4,3.3,2.15,D,,,,,15,2.0,3.0,2.0,1.0,2.0,6.0,-4.0,2.0,2.0,0.0,0.0,4.0,-4.0,0.0,3.0,-3.0,0.0,1.0,-1.0,57.1,14.3,42.9,35.7,,,,
2015-04-13,2014,Estoril,Pacos Ferreira,1.0,0.0,H,U,2.25,3.2,3.25,D,,,,,14,0.0,1.0,2.0,2.0,5.0,2.0,3.0,8.0,3.0,5.0,-3.0,-1.0,-2.0,0.0,0.0,0.0,1.0,0.0,1.0,30.8,38.5,23.1,46.2,,,,
2015-04-12,2014,Sp Braga,Penafiel,4.0,0.0,H,O,1.22,6.0,13.0,H,,,,,14,2.0,1.0,1.0,2.0,5.0,7.0,-2.0,2.0,8.0,-6.0,3.0,-1.0,4.0,2.0,0.0,2.0,0.0,0.0,0.0,69.2,15.4,15.4,53.8,,,,
2015-04-12,2014,Setubal,Sp Lisbon,1.0,2.0,A,O,7.5,4.2,1.44,A,,,,,14,0.0,1.0,1.0,1.0,1.0,3.0,-2.0,2.0,5.0,-3.0,-1.0,-2.0,1.0,0.0,0.0,0.0,0.0,1.0,-1.0,38.5,38.5,53.8,15.4,,,,
2015-04-12,2014,Nacional,Gil Vicente,3.0,2.0,H,O,1.57,3.6,6.5,H,,,,,14,3.0,1.0,0.0,2.0,7.0,4.0,3.0,2.0,7.0,-5.0,5.0,-3.0,8.0,1.0,0.0,1.0,0.0,2.0,-2.0,53.8,23.1,7.7,61.5,,,,
2015-04-11,2014,Rio Ave,Porto,1.0,3.0,A,O,9.0,5.25,1.3,A,,,,,14,1.0,3.0,1.0,0.0,4.0,6.0,-2.0,5.0,1.0,4.0,-1.0,5.0,-6.0,0.0,2.0,-2.0,1.0,0.0,1.0,46.2,15.4,61.5,7.7,,,,
2015-04-11,2014,Moreirense,Guimaraes,2.0,1.0,H,O,3.0,3.2,2.38,A,,,,,14,0.0,0.0,3.0,3.0,2.0,4.0,-2.0,8.0,10.0,-2.0,-6.0,-6.0,0.0,0.0,0.0,0.0,3.0,2.0,1.0,30.8,38.5,30.8,46.2,,,,
2015-04-11,2014,Boavista,Maritimo,0.0,2.0,A,U,2.5,3.2,2.88,D,,,,,14,2.0,1.0,1.0,1.0,5.0,6.0,-1.0,4.0,6.0,-2.0,1.0,0.0,1.0,1.0,0.0,1.0,1.0,0.0,1.0,53.8,38.5,15.4,61.5,,,,
2015-04-11,2014,Benfica,Academica,5.0,1.0,H,O,1.14,7.5,17.0,H,,,,,14,4.0,2.0,0.0,0.0,14.0,4.0,10.0,1.0,1.0,0.0,13.0,3.0,10.0,4.0,1.0,3.0,0.0,0.0,0.0,92.3,0.0,23.1,46.2,,,,
2015-04-10,2014,Arouca,Belenenses,0.0,1.0,A,U,2.25,3.0,3.5,D,,,,,14,2.0,2.0,1.0,1.0,8.0,4.0,4.0,7.0,3.0,4.0,1.0,1.0,0.0,1.0,0.0,1.0,1.0,0.0,1.0,38.5,46.2,38.5,38.5,,,,
2015-04-06,2014,Porto,Estoril,5.0,0.0,H,O,1.18,7.0,13.0,H,,,,,14,4.0,0.0,0.0,3.0,10.0,3.0,7.0,0.0,11.0,-11.0,10.0,-8.0,18.0,2.0,0.0,2.0,0.0,1.0,-1.0,84.6,7.7,15.4,38.5,,,,
2015-04-06,2014,Maritimo,Setubal,1.0,1.0,D,U,1.95,3.3,4.0,D,,,,,14,1.0,1.0,3.0,2.0,4.0,2.0,2.0,6.0,7.0,-1.0,-2.0,-5.0,3.0,0.0,0.0,0.0,0.0,2.0,-2.0,53.8,38.5,7.7,69.2,,,,
2015-04-04,2014,Penafiel,Boavista,2.0,2.0,D,O,2.5,3.1,2.9,A,,,,,14,0.0,0.0,3.0,2.0,5.0,1.0,4.0,9.0,5.0,4.0,-4.0,-4.0,0.0,0.0,0.0,0.0,1.0,1.0,0.0,15.4,76.9,7.7,69.2,,,,
2015-04-04,2014,Pacos Ferreira,Sp Lisbon,1.0,1.0,D,U,5.75,3.9,1.57,A,,,,,14,3.0,2.0,0.0,1.0,6.0,5.0,1.0,3.0,5.0,-2.0,3.0,0.0,3.0,0.0,1.0,-1.0,0.0,1.0,-1.0,53.8,23.1,58.3,16.7,,,,
2015-04-04,2014,Benfica,Nacional,3.0,1.0,H,O,1.22,6.0,12.0,H,,,,,13,4.0,0.0,0.0,2.0,14.0,6.0,8.0,0.0,9.0,-9.0,14.0,-3.0,17.0,4.0,0.0,4.0,0.0,1.0,-1.0,91.7,0.0,15.4,61.5,,,,
2015-04-04,2014,Belenenses,Moreirense,2.0,0.0,H,U,2.15,3.0,3.75,H,,,,,14,0.0,2.0,1.0,1.0,3.0,4.0,-1.0,4.0,3.0,1.0,-1.0,1.0,-2.0,0.0,0.0,0.0,0.0,0.0,0.0,30.8,23.1,30.8,38.5,,,,
2015-04-03,2014,Guimaraes,Arouca,1.0,0.0,H,U,1.67,3.6,5.25,D,,,,,14,1.0,0.0,2.0,3.0,3.0,1.0,2.0,4.0,5.0,-1.0,-1.0,-4.0,3.0,0.0,0.0,0.0,0.0,1.0,-1.0,53.8,15.4,7.7,69.2,,,,
2015-04-03,2014,Gil Vicente,Sp Braga,0.0,2.0,A,U,5.0,3.5,1.73,A,,,,,14,1.0,2.0,1.0,2.0,3.0,4.0,-1.0,3.0,3.0,0.0,0.0,1.0,-1.0,0.0,2.0,-2.0,0.0,1.0,-1.0,15.4,38.5,38.5,38.5,,,,
2015-04-03,2014,Academica,Rio Ave,0.0,0.0,D,U,2.45,3.2,2.9,D,,,,,14,1.0,1.0,0.0,2.0,4.0,4.0,0.0,3.0,6.0,-3.0,1.0,-2.0,3.0,0.0,1.0,-1.0,0.0,1.0,-1.0,7.7,15.4,23.1,46.2,,,,
2015-03-23,2014,Setubal,Pacos Ferreira,0.0,0.0,D,U,2.63,3.0,2.6,D,,,,,13,1.0,1.0,1.0,3.0,5.0,2.0,3.0,3.0,8.0,-5.0,2.0,-6.0,8.0,1.0,0.0,1.0,0.0,1.0,-1.0,41.7,41.7,25.0,50.0,,,,
2015-03-22,2014,Sp Lisbon,Guimaraes,4.0,1.0,H,O,1.36,4.2,8.0,H,,,,,14,3.0,0.0,0.0,2.0,7.0,4.0,3.0,3.0,7.0,-4.0,4.0,-3.0,7.0,1.0,0.0,1.0,0.0,1.0,-1.0,61.5,0.0,33.3,41.7,,,,
2015-03-22,2014,Moreirense,Maritimo,1.0,1.0,D,U,2.25,3.2,3.0,H,,,,,13,0.0,1.0,4.0,1.0,3.0,5.0,-2.0,10.0,5.0,5.0,-7.0,0.0,-7.0,0.0,0.0,0.0,3.0,0.0,3.0,33.3,41.7,16.7,66.7,,,,
2015-03-22,2014,Boavista,Belenenses,1.0,0.0,H,U,2.4,3.1,2.8,D,,,,,13,2.0,2.0,1.0,1.0,5.0,5.0,0.0,4.0,4.0,0.0,1.0,1.0,0.0,1.0,0.0,1.0,1.0,0.0,1.0,50.0,41.7,41.7,33.3,,,,
2015-03-22,2014,Arouca,Gil Vicente,3.0,1.0,H,O,2.15,3.1,3.25,H,,,,,13,1.0,1.0,2.0,1.0,6.0,5.0,1.0,9.0,6.0,3.0,-3.0,-1.0,-2.0,0.0,0.0,0.0,2.0,1.0,1.0,33.3,50.0,8.3,58.3,,,,
2015-03-21,2014,Rio Ave,Benfica,2.0,1.0,H,O,8.0,4.5,1.33,A,,,,,13,1.0,2.0,1.0,1.0,4.0,7.0,-3.0,5.0,4.0,1.0,-1.0,3.0,-4.0,0.0,2.0,-2.0,1.0,0.0,1.0,41.7,16.7,76.9,15.4,,,,
2015-03-21,2014,Nacional,Porto,1.0,1.0,D,U,9.0,4.33,1.33,A,,,,,13,4.0,3.0,0.0,1.0,8.0,5.0,3.0,2.0,1.0,1.0,6.0,4.0,2.0,1.0,2.0,-1.0,0.0,0.0,0.0,58.3,25.0,66.7,8.3,,,,
2015-03-21,2014,Estoril,Penafiel,3.0,3.0,D,O,1.53,3.6,5.75,A,,,,,13,1.0,1.0,2.0,2.0,3.0,4.0,-1.0,5.0,5.0,0.0,-2.0,-1.0,-1.0,0.0,0.0,0.0,1.0,0.0,1.0,33.3,41.7,16.7,58.3,,,,
2015-03-20,2014,Sp Braga,Academica,0.0,0.0,D,U,1.33,4.33,8.0,D,,,,,13,3.0,2.0,1.0,1.0,6.0,4.0,2.0,2.0,2.0,0.0,4.0,2.0,2.0,2.0,1.0,1.0,0.0,0.0,0.0,75.0,16.7,25.0,50.0,,,,
2015-03-15,2014,Porto,Arouca,1.0,0.0,H,U,1.13,7.5,23.0,H,,,,,13,4.0,0.0,0.0,3.0,12.0,1.0,11.0,0.0,5.0,-5.0,12.0,-4.0,16.0,3.0,0.0,3.0,0.0,1.0,-1.0,83.3,8.3,8.3,66.7,,,,
2015-03-15,2014,Penafiel,Rio Ave,0.0,2.0,A,U,3.5,3.1,2.2,D,,,,,13,0.0,0.0,3.0,3.0,6.0,4.0,2.0,10.0,10.0,0.0,-4.0,-6.0,2.0,0.0,0.0,0.0,1.0,2.0,-1.0,16.7,75.0,16.7,50.0,,,,
2015-03-15,2014,Maritimo,Sp Lisbon,0.0,1.0,A,U,6.5,3.6,1.57,A,,,,,13,2.0,2.0,2.0,1.0,5.0,5.0,0.0,5.0,5.0,0.0,0.0,0.0,0.0,0.0,1.0,-1.0,0.0,1.0,-1.0,58.3,33.3,54.5,18.2,,,,
2015-03-15,2014,Gil Vicente,Moreirense,0.0,1.0,A,U,2.6,3.1,2.8,D,,,,,13,2.0,1.0,0.0,1.0,5.0,4.0,1.0,3.0,4.0,-1.0,2.0,0.0,2.0,0.0,0.0,0.0,0.0,0.0,0.0,16.7,33.3,25.0,41.7,,,,
2015-03-15,2014,Academica,Nacional,2.0,1.0,H,O,3.0,3.2,2.38,H,,,,,13,0.0,1.0,0.0,1.0,4.0,8.0,-4.0,4.0,9.0,-5.0,0.0,-1.0,1.0,0.0,0.0,0.0,0.0,1.0,-1.0,0.0,16.7,16.7,58.3,,,,
2015-03-14,2014,Guimaraes,Setubal,0.0,1.0,A,U,1.7,3.6,5.0,D,,,,,13,2.0,0.0,1.0,3.0,7.0,1.0,6.0,3.0,8.0,-5.0,4.0,-7.0,11.0,1.0,0.0,1.0,0.0,2.0,-2.0,58.3,8.3,0.0,75.0,,,,
2015-03-14,2014,Benfica,Sp Braga,2.0,0.0,H,U,1.4,4.33,8.0,H,,,,,12,4.0,3.0,0.0,1.0,15.0,7.0,8.0,0.0,2.0,-2.0,15.0,5.0,10.0,4.0,3.0,1.0,0.0,0.0,0.0,90.9,0.0,41.7,33.3,,,,
2015-03-14,2014,Belenenses,Estoril,2.0,2.0,D,O,2.63,3.1,2.75,D,,,,,13,1.0,1.0,1.0,3.0,3.0,3.0,0.0,2.0,10.0,-8.0,1.0,-7.0,8.0,1.0,0.0,1.0,0.0,1.0,-1.0,33.3,25.0,16.7,41.7,,,,
2015-03-13,2014,Pacos Ferreira,Boavista,1.0,0.0,H,U,1.73,3.5,5.0,H,,,,,13,2.0,0.0,1.0,2.0,7.0,2.0,5.0,6.0,6.0,0.0,1.0,-4.0,5.0,0.0,0.0,0.0,0.0,1.0,-1.0,50.0,25.0,8.3,66.7,,,,
2015-03-09,2014,Sp Lisbon,Penafiel,3.0,2.0,H,O,1.17,7.5,15.0,D,,,,,13,3.0,1.0,0.0,2.0,8.0,3.0,5.0,3.0,4.0,-1.0,5.0,-1.0,6.0,2.0,0.0,2.0,0.0,0.0,0.0,58.3,0.0,18.2,54.5,,,,
2015-03-09,2014,Rio Ave,Nacional,1.0,1.0,D,U,2.3,3.2,3.2,D,,,,,12,1.0,2.0,1.0,1.0,3.0,10.0,-7.0,4.0,10.0,-6.0,-1.0,0.0,-1.0,0.0,0.0,0.0,1.0,1.0,0.0,45.5,18.2,18.2,63.6,,,,
2015-03-08,2014,Moreirense,Academica,0.0,2.0,A,U,1.91,3.3,4.2,D,,,,,12,1.0,1.0,3.0,2.0,4.0,2.0,2.0,8.0,6.0,2.0,-4.0,-4.0,0.0,0.0,0.0,0.0,2.0,1.0,1.0,36.4,36.4,18.2,54.5,,,,
2015-03-08,2014,Maritimo,Pacos Ferreira,2.0,1.0,H,O,2.3,3.2,3.2,D,,,,,12,1.0,1.0,3.0,2.0,3.0,3.0,0.0,8.0,8.0,0.0,-5.0,-5.0,0.0,0.0,0.0,0.0,1.0,1.0,0.0,54.5,36.4,27.3,45.5,,,,
2015-03-08,2014,Estoril,Gil Vicente,1.0,1.0,D,U,1.73,3.6,4.75,H,,,,,12,1.0,1.0,2.0,2.0,3.0,4.0,-1.0,5.0,7.0,-2.0,-2.0,-3.0,1.0,0.0,0.0,0.0,1.0,2.0,-1.0,36.4,45.5,9.1,63.6,,,,
2015-03-08,2014,Boavista,Guimaraes,3.0,1.0,H,O,3.6,3.3,2.05,A,,,,,12,1.0,0.0,2.0,2.0,3.0,3.0,0.0,5.0,7.0,-2.0,-2.0,-4.0,2.0,0.0,0.0,0.0,1.0,1.0,0.0,45.5,45.5,36.4,36.4,,,,
2015-03-08,2014,Arouca,Benfica,1.0,3.0,A,O,15.0,5.5,1.22,H,,,,,12,2.0,2.0,1.0,1.0,6.0,8.0,-2.0,6.0,3.0,3.0,0.0,5.0,-5.0,0.0,2.0,-2.0,1.0,0.0,1.0,36.4,45.5,75.0,16.7,,,,
2015-03-07,2014,Setubal,Belenenses,1.0,1.0,D,U,2.5,3.0,3.0,D,,,,,12,1.0,2.0,2.0,2.0,5.0,4.0,1.0,5.0,6.0,-1.0,0.0,-2.0,2.0,1.0,0.0,1.0,1.0,1.0,0.0,45.5,45.5,45.5,36.4,,,,
2015-03-06,2014,Sp Braga,Porto,0.0,1.0,A,U,4.33,3.4,1.85,D,,,,,12,3.0,3.0,1.0,1.0,6.0,7.0,-1.0,2.0,2.0,0.0,4.0,5.0,-1.0,2.0,3.0,-1.0,0.0,0.0,0.0,81.8,9.1,63.6,9.1,,,,
2015-03-02,2014,Belenenses,Pacos Ferreira,0.0,1.0,A,U,2.38,3.2,3.0,A,,,,,12,1.0,0.0,0.0,3.0,3.0,2.0,1.0,1.0,11.0,-10.0,2.0,-9.0,11.0,1.0,0.0,1.0,0.0,2.0,-2.0,36.4,18.2,20.0,50.0,,,,
2015-03-01,2014,Porto,Sp Lisbon,3.0,0.0,H,O,1.67,3.75,5.0,H,,,,,12,4.0,3.0,0.0,0.0,13.0,6.0,7.0,0.0,2.0,-2.0,13.0,4.0,9.0,3.0,1.0,2.0,0.0,0.0,0.0,81.8,9.1,60.0,10.0,,,,
2015-03-01,2014,Penafiel,Moreirense,1.0,2.0,A,O,2.88,3.2,2.5,H,,,,,12,0.0,0.0,3.0,2.0,5.0,3.0,2.0,11.0,5.0,6.0,-6.0,-2.0,-4.0,0.0,0.0,0.0,2.0,0.0,2.0,18.2,72.7,18.2,45.5,,,,
2015-03-01,2014,Nacional,Setubal,3.0,0.0,H,O,1.57,3.75,6.0,H,,,,,12,3.0,0.0,1.0,3.0,5.0,1.0,4.0,3.0,9.0,-6.0,2.0,-8.0,10.0,0.0,0.0,0.0,0.0,2.0,-2.0,54.5,27.3,0.0,72.7,,,,
2015-03-01,2014,Academica,Arouca,1.0,1.0,D,U,2.2,3.2,3.4,H,,,,,12,0.0,0.0,0.0,4.0,4.0,1.0,3.0,4.0,7.0,-3.0,0.0,-6.0,6.0,0.0,0.0,0.0,0.0,2.0,-2.0,0.0,18.2,9.1,72.7,,,,
2015-02-28,2014,Rio Ave,Sp Braga,0.0,2.0,A,U,3.75,3.3,2.0,D,,,,,11,1.0,2.0,0.0,2.0,3.0,6.0,-3.0,2.0,4.0,-2.0,1.0,2.0,-1.0,0.0,2.0,-2.0,0.0,0.0,0.0,50.0,10.0,36.4,36.4,,,,
2015-02-28,2014,Gil Vicente,Boavista,1.0,1.0,D,U,2.3,3.2,3.1,D,,,,,12,2.0,0.0,1.0,3.0,5.0,1.0,4.0,7.0,6.0,1.0,-2.0,-5.0,3.0,0.0,0.0,0.0,1.0,1.0,0.0,18.2,36.4,9.1,72.7,,,,
2015-02-28,2014,Benfica,Estoril,6.0,0.0,H,O,1.22,5.75,13.0,H,,,,,11,4.0,1.0,0.0,3.0,10.0,3.0,7.0,0.0,7.0,-7.0,10.0,-4.0,14.0,3.0,0.0,3.0,0.0,1.0,-1.0,90.0,0.0,18.2,36.4,,,,
2015-02-27,2014,Guimaraes,Maritimo,1.0,0.0,H,U,1.75,3.75,4.33,H,,,,,12,2.0,1.0,1.0,1.0,10.0,5.0,5.0,3.0,5.0,-2.0,7.0,0.0,7.0,2.0,0.0,2.0,0.0,0.0,0.0,54.5,9.1,18.2,63.6,,,,
2015-02-23,2014,Boavista,Porto,0.0,2.0,A,U,11.0,6.5,1.22,D,,,,,11,2.0,3.0,1.0,1.0,6.0,10.0,-4.0,4.0,3.0,1.0,2.0,7.0,-5.0,1.0,3.0,-2.0,0.0,0.0,0.0,50.0,40.0,60.0,10.0,,,,
2015-02-22,2014,Sp Lisbon,Gil Vicente,2.0,0.0,H,U,1.17,6.5,19.0,D,,,,,12,3.0,1.0,0.0,2.0,9.0,4.0,5.0,3.0,6.0,-3.0,6.0,-2.0,8.0,2.0,0.0,2.0,0.0,1.0,-1.0,54.5,0.0,10.0,60.0,,,,
2015-02-22,2014,Maritimo,Belenenses,1.0,2.0,A,O,1.91,3.25,4.2,D,,,,,11,2.0,1.0,2.0,2.0,4.0,2.0,2.0,7.0,5.0,2.0,-3.0,-3.0,0.0,0.0,0.0,0.0,1.0,1.0,0.0,60.0,30.0,40.0,40.0,,,,
2015-02-22,2014,Estoril,Academica,1.0,2.0,A,O,1.73,3.5,5.0,A,,,,,11,2.0,0.0,1.0,2.0,3.0,0.0,3.0,3.0,5.0,-2.0,0.0,-5.0,5.0,0.0,0.0,0.0,1.0,1.0,0.0,40.0,40.0,10.0,60.0,,,,
2015-02-22,2014,Arouca,Rio Ave,1.0,0.0,H,U,3.0,3.2,2.4,H,,,,,11,2.0,1.0,1.0,2.0,6.0,6.0,0.0,6.0,10.0,-4.0,0.0,-4.0,4.0,0.0,0.0,0.0,1.0,2.0,-1.0,30.0,50.0,18.2,45.5,,,,
2015-02-21,2014,Sp Braga,Nacional,3.0,1.0,H,O,1.6,3.8,5.75,A,,,,,11,3.0,2.0,1.0,1.0,6.0,9.0,-3.0,1.0,11.0,-10.0,5.0,-2.0,7.0,2.0,0.0,2.0,0.0,1.0,-1.0,80.0,10.0,20.0,60.0,,,,
2015-02-21,2014,Setubal,Penafiel,0.0,1.0,A,U,2.0,3.2,4.0,D,,,,,11,2.0,0.0,1.0,2.0,7.0,3.0,4.0,5.0,5.0,0.0,2.0,-2.0,4.0,1.0,0.0,1.0,1.0,0.0,1.0,50.0,40.0,10.0,60.0,,,,
2015-02-21,2014,Moreirense,Benfica,1.0,3.0,A,O,9.0,5.0,1.33,H,,,,,11,2.0,2.0,2.0,1.0,4.0,8.0,-4.0,5.0,2.0,3.0,-1.0,6.0,-7.0,0.0,2.0,-2.0,1.0,0.0,1.0,40.0,30.0,72.7,18.2,,,,
2015-02-20,2014,Pacos Ferreira,Guimaraes,2.0,2.0,D,O,2.6,3.2,2.75,D,,,,,12,2.0,0.0,2.0,3.0,6.0,1.0,5.0,6.0,6.0,0.0,0.0,-5.0,5.0,0.0,0.0,0.0,0.0,1.0,-1.0,54.5,27.3,40.0,40.0,,,,
2015-02-16,2014,Nacional,Estoril,1.0,0.0,H,U,2.2,3.25,3.3,D,,,,,11,3.0,1.0,1.0,2.0,7.0,3.0,4.0,3.0,6.0,-3.0,4.0,-3.0,7.0,1.0,0.0,1.0,0.0,1.0,-1.0,50.0,30.0,20.0,30.0,,,,
2015-02-15,2014,Sp Braga,Arouca,2.0,0.0,H,U,1.36,4.33,10.0,H,,,,,10,2.0,0.0,1.0,4.0,4.0,2.0,2.0,1.0,7.0,-6.0,3.0,-5.0,8.0,1.0,0.0,1.0,0.0,1.0,-1.0,77.8,11.1,10.0,70.0,,,,
2015-02-15,2014,Rio Ave,Moreirense,1.0,1.0,D,U,2.05,3.2,3.8,D,,,,,10,1.0,0.0,0.0,2.0,2.0,3.0,-1.0,1.0,5.0,-4.0,1.0,-2.0,3.0,0.0,0.0,0.0,0.0,0.0,0.0,55.6,11.1,20.0,50.0,,,,
2015-02-15,2014,Penafiel,Maritimo,3.0,4.0,A,O,3.1,3.1,2.38,H,,,,,11,1.0,0.0,2.0,2.0,4.0,1.0,3.0,8.0,5.0,3.0,-4.0,-4.0,0.0,0.0,0.0,0.0,2.0,1.0,1.0,20.0,70.0,10.0,70.0,,,,
2015-02-15,2014,Benfica,Setubal,3.0,0.0,H,O,1.17,7.0,15.0,H,,,,,10,4.0,0.0,0.0,3.0,10.0,1.0,9.0,0.0,7.0,-7.0,10.0,-6.0,16.0,3.0,0.0,3.0,0.0,1.0,-1.0,88.9,0.0,0.0,70.0,,,,
2015-02-15,2014,Academica,Boavista,0.0,0.0,D,U,2.1,3.2,3.6,D,,,,,11,0.0,1.0,1.0,3.0,4.0,2.0,2.0,7.0,6.0,1.0,-3.0,-4.0,1.0,0.0,0.0,0.0,1.0,1.0,0.0,0.0,20.0,10.0,80.0,,,,
2015-02-14,2014,Gil Vicente,Pacos Ferreira,1.0,0.0,H,U,2.9,3.3,2.4,D,,,,,11,1.0,0.0,1.0,3.0,5.0,2.0,3.0,8.0,12.0,-4.0,-3.0,-10.0,7.0,0.0,0.0,0.0,1.0,3.0,-2.0,10.0,40.0,22.2,44.4,,,,
2015-02-14,2014,Belenenses,Sp Lisbon,1.0,1.0,D,U,8.0,4.0,1.44,D,,,,,11,1.0,4.0,1.0,0.0,2.0,8.0,-6.0,1.0,2.0,-1.0,1.0,6.0,-5.0,1.0,2.0,-1.0,0.0,0.0,0.0,40.0,20.0,66.7,11.1,,,,
2015-02-13,2014,Porto,Guimaraes,1.0,0.0,H,U,1.2,6.0,15.0,H,,,,,11,3.0,0.0,1.0,2.0,12.0,1.0,11.0,2.0,5.0,-3.0,10.0,-4.0,14.0,3.0,0.0,3.0,1.0,1.0,0.0,80.0,10.0,44.4,33.3,,,,
2015-02-09,2014,Boavista,Rio Ave,1.0,1.0,D,U,3.25,3.2,2.25,A,,,,,10,2.0,1.0,2.0,2.0,6.0,5.0,1.0,6.0,9.0,-3.0,0.0,-4.0,4.0,1.0,0.0,1.0,1.0,2.0,-1.0,55.6,44.4,20.0,50.0,,,,
2015-02-08,2014,Sp Lisbon,Benfica,1.0,1.0,D,U,2.5,3.25,2.8,D,,,,,11,3.0,3.0,0.0,1.0,9.0,9.0,0.0,3.0,1.0,2.0,6.0,8.0,-2.0,2.0,3.0,-1.0,0.0,0.0,0.0,60.0,0.0,80.0,20.0,,,,
2015-02-08,2014,Setubal,Academica,0.0,0.0,D,U,2.1,3.25,3.6,D,,,,,10,2.0,0.0,2.0,2.0,7.0,1.0,6.0,6.0,6.0,0.0,1.0,-5.0,6.0,1.0,0.0,1.0,1.0,1.0,0.0,55.6,44.4,11.1,66.7,,,,
2015-02-08,2014,Pacos Ferreira,Penafiel,2.0,1.0,H,O,1.5,4.0,7.0,D,,,,,11,2.0,1.0,2.0,1.0,6.0,3.0,3.0,6.0,3.0,3.0,0.0,0.0,0.0,0.0,0.0,0.0,0.0,0.0,0.0,50.0,30.0,11.1,55.6,,,,
2015-02-08,2014,Maritimo,Gil Vicente,1.0,2.0,A,O,1.5,3.8,7.5,D,,,,,10,2.0,0.0,1.0,2.0,3.0,2.0,1.0,5.0,5.0,0.0,-2.0,-3.0,1.0,0.0,0.0,0.0,1.0,1.0,0.0,66.7,22.2,0.0,66.7,,,,
2015-02-08,2014,Guimaraes,Belenenses,0.0,1.0,A,U,1.57,3.8,6.0,D,,,,,11,2.0,0.0,0.0,3.0,10.0,1.0,9.0,2.0,8.0,-6.0,8.0,-7.0,15.0,2.0,0.0,2.0,0.0,2.0,-2.0,60.0,0.0,33.3,44.4,,,,
2015-02-08,2014,Estoril,Sp Braga,0.0,2.0,A,U,2.8,3.25,2.5,D,,,,,10,3.0,2.0,0.0,2.0,4.0,5.0,-1.0,1.0,4.0,-3.0,3.0,1.0,2.0,0.0,1.0,-1.0,0.0,0.0,0.0,44.4,33.3,30.0,40.0,,,,
2015-02-08,2014,Arouca,Nacional,3.0,3.0,D,O,2.75,3.3,2.5,A,,,,,10,2.0,2.0,2.0,2.0,3.0,7.0,-4.0,4.0,10.0,-6.0,-1.0,-3.0,2.0,0.0,0.0,0.0,1.0,1.0,0.0,33.3,55.6,22.2,66.7,,,,
2015-02-07,2014,Moreirense,Porto,0.0,2.0,A,U,15.0,5.5,1.22,A,,,,,10,3.0,3.0,1.0,1.0,6.0,11.0,-5.0,3.0,3.0,0.0,3.0,8.0,-5.0,1.0,3.0,-2.0,0.0,0.0,0.0,44.4,22.2,55.6,11.1,,,,
2015-02-01,2014,Rio Ave,Estoril,2.0,1.0,H,O,2.63,3.0,2.88,H,,,,,9,1.0,1.0,0.0,1.0,3.0,3.0,0.0,0.0,5.0,-5.0,3.0,-2.0,5.0,1.0,0.0,1.0,0.0,1.0,-1.0,50.0,12.5,22.2,22.2,,,,
2015-02-01,2014,Porto,Pacos Ferreira,5.0,0.0,H,O,1.2,6.0,15.0,H,,,,,10,3.0,0.0,1.0,2.0,12.0,3.0,9.0,2.0,8.0,-6.0,10.0,-5.0,15.0,3.0,0.0,3.0,1.0,2.0,-1.0,77.8,11.1,25.0,37.5,,,,
2015-02-01,2014,Gil Vicente,Setubal,1.0,1.0,D,U,2.5,3.0,3.0,H,,,,,10,1.0,0.0,1.0,4.0,4.0,0.0,4.0,7.0,9.0,-2.0,-3.0,-9.0,6.0,0.0,0.0,0.0,1.0,2.0,-1.0,11.1,44.4,0.0,77.8,,,,
2015-02-01,2014,Arouca,Sp Lisbon,1.0,3.0,A,O,9.5,4.0,1.4,D,,,,,9,2.0,3.0,2.0,1.0,3.0,5.0,-2.0,3.0,4.0,-1.0,0.0,1.0,-1.0,0.0,1.0,-1.0,0.0,1.0,-1.0,37.5,50.0,62.5,12.5,,,,
2015-02-01,2014,Academica,Maritimo,1.0,1.0,D,U,3.0,3.1,2.45,A,,,,,10,0.0,0.0,2.0,3.0,3.0,0.0,3.0,8.0,5.0,3.0,-5.0,-5.0,0.0,0.0,0.0,0.0,2.0,1.0,1.0,0.0,22.2,11.1,77.8,,,,
2015-01-31,2014,Penafiel,Guimaraes,1.0,1.0,D,U,4.5,3.75,1.73,H,,,,,10,1.0,1.0,3.0,2.0,4.0,2.0,2.0,13.0,5.0,8.0,-9.0,-3.0,-6.0,0.0,0.0,0.0,3.0,1.0,2.0,22.2,77.8,50.0,37.5,,,,
2015-01-31,2014,Nacional,Belenenses,2.0,1.0,H,O,1.91,3.3,4.2,D,,,,,10,2.0,1.0,2.0,2.0,6.0,1.0,5.0,4.0,6.0,-2.0,2.0,-5.0,7.0,1.0,0.0,1.0,0.0,2.0,-2.0,44.4,33.3,37.5,37.5,,,,
2015-01-31,2014,Benfica,Boavista,3.0,0.0,H,O,1.18,6.5,15.0,H,,,,,9,4.0,1.0,0.0,3.0,8.0,2.0,6.0,0.0,7.0,-7.0,8.0,-5.0,13.0,2.0,0.0,2.0,0.0,1.0,-1.0,87.5,0.0,11.1,77.8,,,,
2015-01-30,2014,Sp Braga,Moreirense,1.0,0.0,H,U,1.57,3.75,6.0,D,,,,,9,2.0,0.0,1.0,2.0,5.0,4.0,1.0,1.0,6.0,-5.0,4.0,-2.0,6.0,2.0,0.0,2.0,0.0,0.0,0.0,75.0,12.5,22.2,44.4,,,,
2015-01-26,2014,Pacos Ferreira,Benfica,1.0,0.0,H,U,7.0,4.0,1.5,D,,,,,10,1.0,4.0,2.0,0.0,6.0,11.0,-5.0,7.0,0.0,7.0,-1.0,11.0,-12.0,0.0,4.0,-4.0,0.0,0.0,0.0,44.4,33.3,88.9,11.1,,,,
2015-01-25,2014,Sp Lisbon,Academica,1.0,0.0,H,U,1.2,6.5,13.0,D,,,,,10,3.0,0.0,0.0,2.0,11.0,1.0,10.0,3.0,8.0,-5.0,8.0,-7.0,15.0,3.0,0.0,3.0,0.0,2.0,-2.0,55.6,0.0,12.5,62.5,,,,
2015-01-25,2014,Setubal,Rio Ave,4.0,1.0,H,O,3.1,3.25,2.3,D,,,,,9,2.0,1.0,2.0,2.0,4.0,4.0,0.0,5.0,10.0,-5.0,-1.0,-6.0,5.0,0.0,0.0,0.0,1.0,2.0,-1.0,50.0,50.0,22.2,44.4,,,,
2015-01-25,2014,Moreirense,Nacional,2.0,3.0,A,O,2.25,3.2,3.25,H,,,,,9,3.0,1.0,1.0,2.0,4.0,4.0,0.0,1.0,8.0,-7.0,3.0,-4.0,7.0,1.0,0.0,1.0,0.0,1.0,-1.0,50.0,12.5,12.5,75.0,,,,
2015-01-25,2014,Maritimo,Porto,1.0,0.0,H,U,7.0,4.75,1.4,H,,,,,9,2.0,3.0,1.0,0.0,6.0,13.0,-7.0,5.0,4.0,1.0,1.0,9.0,-8.0,1.0,3.0,-2.0,1.0,0.0,1.0,62.5,25.0,62.5,0.0,,,,
2015-01-25,2014,Estoril,Arouca,1.0,0.0,H,U,1.6,3.75,5.75,D,,,,,9,2.0,0.0,0.0,3.0,5.0,2.0,3.0,3.0,6.0,-3.0,2.0,-4.0,6.0,0.0,0.0,0.0,0.0,1.0,-1.0,37.5,37.5,11.1,66.7,,,,
2015-01-25,2014,Boavista,Sp Braga,1.0,0.0,H,U,5.5,3.6,1.65,D,,,,,9,2.0,3.0,2.0,1.0,6.0,11.0,-5.0,6.0,4.0,2.0,0.0,7.0,-7.0,1.0,2.0,-1.0,1.0,0.0,1.0,50.0,50.0,33.3,33.3,,,,
2015-01-25,2014,Belenenses,Penafiel,0.0,0.0,D,U,1.75,3.6,4.75,D,,,,,10,1.0,1.0,1.0,2.0,2.0,3.0,-1.0,1.0,4.0,-3.0,1.0,-1.0,2.0,1.0,0.0,1.0,0.0,0.0,0.0,44.4,22.2,12.5,62.5,,,,
2015-01-24,2014,Guimaraes,Gil Vicente,2.0,2.0,D,O,1.5,4.0,7.0,A,,,,,10,3.0,0.0,0.0,3.0,10.0,0.0,10.0,1.0,5.0,-4.0,9.0,-5.0,14.0,2.0,0.0,2.0,0.0,2.0,-2.0,66.7,0.0,0.0,75.0,,,,
2015-01-18,2014,Sp Lisbon,Rio Ave,4.0,2.0,H,O,1.4,4.33,8.5,D,,,,,9,2.0,1.0,0.0,2.0,8.0,2.0,6.0,2.0,7.0,-5.0,6.0,-5.0,11.0,2.0,0.0,2.0,0.0,1.0,-1.0,50.0,0.0,25.0,37.5,,,,
2015-01-18,2014,Setubal,Sp Braga,1.0,3.0,A,O,4.5,3.5,1.8,H,,,,,8,2.0,2.0,2.0,1.0,3.0,9.0,-6.0,3.0,4.0,-1.0,0.0,5.0,-5.0,0.0,1.0,-1.0,0.0,0.0,0.0,57.1,42.9,25.0,37.5,,,,
2015-01-18,2014,Pacos Ferreira,Nacional,2.0,3.0,A,O,2.05,3.3,3.6,A,,,,,9,2.0,0.0,1.0,3.0,8.0,1.0,7.0,5.0,8.0,-3.0,3.0,-7.0,10.0,1.0,0.0,1.0,0.0,2.0,-2.0,50.0,25.0,0.0,85.7,,,,
2015-01-18,2014,Moreirense,Arouca,1.0,0.0,H,U,2.05,3.25,3.75,H,,,,,8,3.0,0.0,1.0,2.0,5.0,3.0,2.0,1.0,6.0,-5.0,4.0,-3.0,7.0,2.0,0.0,2.0,0.0,1.0,-1.0,42.9,14.3,12.5,62.5,,,,
2015-01-18,2014,Maritimo,Benfica,0.0,4.0,A,O,5.75,4.2,1.53,A,,,,,8,2.0,4.0,1.0,0.0,7.0,9.0,-2.0,3.0,1.0,2.0,4.0,8.0,-4.0,1.0,3.0,-2.0,0.0,0.0,0.0,71.4,14.3,87.5,12.5,,,,
2015-01-18,2014,Boavista,Estoril,1.0,2.0,A,O,3.6,3.2,2.1,D,,,,,8,2.0,1.0,2.0,1.0,6.0,3.0,3.0,6.0,5.0,1.0,0.0,-2.0,2.0,1.0,0.0,1.0,1.0,1.0,0.0,57.1,42.9,12.5,25.0,,,,
2015-01-18,2014,Belenenses,Gil Vicente,2.0,0.0,H,U,1.91,3.2,4.33,H,,,,,9,1.0,0.0,1.0,3.0,3.0,0.0,3.0,2.0,5.0,-3.0,1.0,-5.0,6.0,1.0,0.0,1.0,0.0,2.0,-2.0,37.5,25.0,0.0,71.4,,,,
2015-01-17,2014,Penafiel,Porto,1.0,3.0,A,O,17.0,6.5,1.17,A,,,,,9,1.0,3.0,3.0,0.0,4.0,15.0,-11.0,12.0,3.0,9.0,-8.0,12.0,-20.0,0.0,3.0,-3.0,2.0,0.0,2.0,25.0,75.0,57.1,0.0,,,,
2015-01-17,2014,Guimaraes,Academica,4.0,0.0,H,O,1.62,3.6,6.0,H,,,,,9,3.0,0.0,0.0,2.0,9.0,1.0,8.0,1.0,5.0,-4.0,8.0,-4.0,12.0,2.0,0.0,2.0,0.0,1.0,-1.0,62.5,0.0,14.3,57.1,,,,
2015-01-11,2014,Sp Braga,Sp Lisbon,0.0,1.0,A,U,2.8,3.2,2.5,D,,,,,8,3.0,3.0,0.0,1.0,7.0,8.0,-1.0,1.0,4.0,-3.0,6.0,4.0,2.0,2.0,2.0,0.0,0.0,1.0,-1.0,85.7,0.0,57.1,14.3,,,,
2015-01-11,2014,Rio Ave,Maritimo,0.0,0.0,D,U,2.2,3.25,3.3,D,,,,,8,2.0,0.0,0.0,4.0,6.0,2.0,4.0,2.0,9.0,-7.0,4.0,-7.0,11.0,1.0,0.0,1.0,0.0,2.0,-2.0,57.1,14.3,12.5,87.5,,,,
2015-01-11,2014,Nacional,Boavista,2.0,1.0,H,O,1.62,3.6,6.0,D,,,,,9,2.0,1.0,2.0,3.0,5.0,2.0,3.0,3.0,8.0,-5.0,2.0,-6.0,8.0,1.0,0.0,1.0,0.0,2.0,-2.0,37.5,37.5,12.5,75.0,,,,
2015-01-11,2014,Gil Vicente,Penafiel,2.0,1.0,H,O,2.1,3.25,3.5,A,,,,,9,0.0,1.0,1.0,2.0,3.0,4.0,-1.0,7.0,5.0,2.0,-4.0,-1.0,-3.0,0.0,0.0,0.0,1.0,0.0,1.0,0.0,50.0,14.3,57.1,,,,
2015-01-11,2014,Arouca,Setubal,1.0,0.0,H,U,2.05,3.2,3.8,D,,,,,8,1.0,0.0,3.0,4.0,2.0,1.0,1.0,8.0,12.0,-4.0,-6.0,-11.0,5.0,0.0,0.0,0.0,1.0,3.0,-2.0,28.6,57.1,0.0,75.0,,,,
2015-01-10,2014,Porto,Belenenses,3.0,0.0,H,O,1.18,6.5,15.0,H,,,,,9,3.0,2.0,1.0,1.0,11.0,3.0,8.0,2.0,4.0,-2.0,9.0,-1.0,10.0,3.0,0.0,3.0,1.0,1.0,0.0,75.0,12.5,42.9,28.6,,,,
2015-01-10,2014,Benfica,Guimaraes,3.0,0.0,H,O,1.33,4.75,9.5,H,,,,,8,4.0,2.0,0.0,1.0,9.0,3.0,6.0,0.0,2.0,-2.0,9.0,1.0,8.0,2.0,0.0,2.0,0.0,0.0,0.0,85.7,0.0,57.1,28.6,,,,
2015-01-10,2014,Academica,Pacos Ferreira,2.0,2.0,D,O,2.9,3.3,2.38,D,,,,,9,0.0,1.0,2.0,2.0,2.0,3.0,-1.0,7.0,7.0,0.0,-5.0,-4.0,-1.0,0.0,0.0,0.0,2.0,2.0,0.0,0.0,25.0,28.6,42.9,,,,
2015-01-09,2014,Estoril,Moreirense,1.0,1.0,D,U,1.85,3.3,4.5,H,,,,,8,2.0,1.0,1.0,2.0,5.0,5.0,0.0,4.0,6.0,-2.0,1.0,-1.0,2.0,0.0,0.0,0.0,0.0,0.0,0.0,42.9,42.9,25.0,50.0,,,,
2015-01-04,2014,Setubal,Moreirense,2.0,1.0,H,O,2.75,3.3,2.5,A,,,,,7,2.0,1.0,2.0,1.0,3.0,4.0,-1.0,2.0,4.0,-2.0,1.0,0.0,1.0,1.0,0.0,1.0,0.0,0.0,0.0,50.0,50.0,28.6,42.9,,,,
2015-01-04,2014,Penafiel,Benfica,0.0,3.0,A,O,12.0,5.5,1.25,A,,,,,8,1.0,3.0,3.0,1.0,4.0,7.0,-3.0,13.0,3.0,10.0,-9.0,4.0,-13.0,0.0,2.0,-2.0,2.0,0.0,2.0,28.6,71.4,85.7,14.3,,,,
2015-01-04,2014,Guimaraes,Nacional,4.0,0.0,H,O,2.0,3.25,3.9,H,,,,,8,3.0,0.0,0.0,3.0,8.0,1.0,7.0,1.0,6.0,-5.0,7.0,-5.0,12.0,2.0,0.0,2.0,0.0,2.0,-2.0,57.1,0.0,0.0,83.3,,,,
2015-01-04,2014,Boavista,Arouca,3.0,1.0,H,O,2.6,3.25,2.7,H,,,,,7,2.0,0.0,2.0,2.0,6.0,2.0,4.0,7.0,7.0,0.0,-1.0,-5.0,4.0,0.0,0.0,0.0,1.0,1.0,0.0,50.0,50.0,14.3,57.1,,,,
2015-01-03,2014,Sp Lisbon,Estoril,3.0,0.0,H,O,1.53,3.8,6.5,H,,,,,8,2.0,1.0,0.0,0.0,9.0,4.0,5.0,4.0,3.0,1.0,5.0,1.0,4.0,2.0,0.0,2.0,0.0,0.0,0.0,42.9,0.0,14.3,14.3,,,,
2015-01-03,2014,Pacos Ferreira,Rio Ave,1.0,2.0,A,O,2.2,3.25,3.3,A,,,,,8,3.0,0.0,0.0,2.0,10.0,0.0,10.0,5.0,6.0,-1.0,5.0,-6.0,11.0,1.0,0.0,1.0,0.0,1.0,-1.0,57.1,14.3,14.3,42.9,,,,
2015-01-03,2014,Maritimo,Sp Braga,2.0,1.0,H,O,3.5,3.3,2.1,D,,,,,7,2.0,2.0,1.0,1.0,9.0,9.0,0.0,2.0,4.0,-2.0,7.0,5.0,2.0,2.0,1.0,1.0,0.0,0.0,0.0,66.7,16.7,28.6,28.6,,,,
2015-01-03,2014,Gil Vicente,Porto,1.0,5.0,A,O,15.0,6.5,1.18,A,,,,,8,0.0,2.0,0.0,0.0,3.0,11.0,-8.0,3.0,3.0,0.0,0.0,8.0,-8.0,0.0,2.0,-2.0,0.0,0.0,0.0,0.0,42.9,50.0,0.0,,,,
2015-01-02,2014,Belenenses,Academica,0.0,0.0,D,U,1.95,3.25,4.2,D,,,,,8,1.0,1.0,1.0,2.0,4.0,2.0,2.0,3.0,5.0,-2.0,1.0,-3.0,4.0,1.0,0.0,1.0,0.0,1.0,-1.0,42.9,28.6,16.7,66.7,,,,
2014-12-22,2014,Sp Braga,Pacos Ferreira,3.0,0.0,H,O,1.7,3.5,5.25,H,,,,,7,3.0,1.0,0.0,1.0,7.0,4.0,3.0,1.0,5.0,-4.0,6.0,-1.0,7.0,2.0,0.0,2.0,0.0,1.0,-1.0,83.3,0.0,33.3,33.3,,,,
2014-12-22,2014,Rio Ave,Belenenses,0.0,0.0,D,U,1.85,3.3,4.5,D,,,,,7,2.0,2.0,1.0,2.0,7.0,3.0,4.0,4.0,6.0,-2.0,3.0,-3.0,6.0,1.0,0.0,1.0,0.0,2.0,-2.0,66.7,16.7,50.0,33.3,,,,
2014-12-21,2014,Nacional,Sp Lisbon,0.0,1.0,A,U,5.0,3.6,1.7,D,,,,,8,2.0,3.0,1.0,1.0,5.0,11.0,-6.0,2.0,4.0,-2.0,3.0,7.0,-4.0,1.0,3.0,-2.0,0.0,1.0,-1.0,42.9,28.6,50.0,16.7,,,,
2014-12-21,2014,Moreirense,Boavista,1.0,0.0,H,U,1.57,3.6,6.5,H,,,,,7,2.0,1.0,1.0,3.0,4.0,2.0,2.0,1.0,10.0,-9.0,3.0,-8.0,11.0,2.0,0.0,2.0,0.0,3.0,-3.0,33.3,16.7,14.3,71.4,,,,
2014-12-21,2014,Benfica,Gil Vicente,1.0,0.0,H,U,1.13,8.5,17.0,H,,,,,7,4.0,0.0,0.0,3.0,11.0,2.0,9.0,1.0,7.0,-6.0,10.0,-5.0,15.0,3.0,0.0,3.0,0.0,2.0,-2.0,83.3,0.0,0.0,66.7,,,,
2014-12-21,2014,Arouca,Maritimo,1.0,0.0,H,U,3.0,3.2,2.4,D,,,,,7,0.0,0.0,4.0,4.0,1.0,4.0,-3.0,9.0,11.0,-2.0,-8.0,-7.0,-1.0,0.0,0.0,0.0,1.0,2.0,-1.0,16.7,66.7,14.3,85.7,,,,
2014-12-21,2014,Academica,Penafiel,1.0,1.0,D,U,1.8,3.3,4.75,D,,,,,8,0.0,1.0,2.0,2.0,1.0,3.0,-2.0,6.0,4.0,2.0,-5.0,-1.0,-4.0,0.0,0.0,0.0,2.0,0.0,2.0,0.0,28.6,16.7,66.7,,,,
2014-12-20,2014,Estoril,Guimaraes,1.0,0.0,H,U,2.2,3.25,3.3,D,,,,,7,1.0,2.0,2.0,1.0,6.0,3.0,3.0,7.0,5.0,2.0,-1.0,-2.0,1.0,0.0,0.0,0.0,0.0,1.0,-1.0,33.3,50.0,66.7,16.7,,,,
2014-12-19,2014,Porto,Setubal,4.0,0.0,H,O,1.1,9.0,23.0,H,,,,,8,3.0,0.0,1.0,3.0,9.0,2.0,7.0,3.0,9.0,-6.0,6.0,-7.0,13.0,2.0,0.0,2.0,1.0,2.0,-1.0,71.4,14.3,0.0,71.4,,,,
2014-12-14,2014,Sp Lisbon,Moreirense,1.0,1.0,D,U,1.3,5.0,11.0,A,,,,,7,2.0,1.0,0.0,2.0,9.0,4.0,5.0,4.0,6.0,-2.0,5.0,-2.0,7.0,2.0,0.0,2.0,0.0,1.0,-1.0,50.0,0.0,33.3,50.0,,,,
2014-12-14,2014,Porto,Benfica,0.0,2.0,A,U,1.83,3.6,4.2,A,,,,,7,3.0,3.0,0.0,1.0,9.0,8.0,1.0,1.0,5.0,-4.0,8.0,3.0,5.0,2.0,1.0,1.0,0.0,0.0,0.0,83.3,0.0,83.3,16.7,,,,
2014-12-14,2014,Maritimo,Estoril,0.0,0.0,D,U,2.45,3.2,2.88,D,,,,,6,3.0,1.0,1.0,0.0,11.0,6.0,5.0,2.0,5.0,-3.0,9.0,1.0,8.0,3.0,0.0,3.0,0.0,0.0,0.0,80.0,20.0,16.7,16.7,,,,
2014-12-14,2014,Guimaraes,Rio Ave,0.0,0.0,D,U,2.1,3.25,3.6,D,,,,,7,3.0,0.0,0.0,3.0,9.0,0.0,9.0,2.0,9.0,-7.0,7.0,-9.0,16.0,2.0,0.0,2.0,0.0,2.0,-2.0,66.7,0.0,16.7,50.0,,,,
2014-12-13,2014,Penafiel,Nacional,2.0,1.0,H,O,3.6,3.3,2.05,H,,,,,7,1.0,0.0,3.0,3.0,4.0,1.0,3.0,12.0,6.0,6.0,-8.0,-5.0,-3.0,1.0,0.0,1.0,2.0,2.0,0.0,16.7,83.3,0.0,80.0,,,,
2014-12-13,2014,Pacos Ferreira,Arouca,2.0,1.0,H,O,1.73,3.6,4.75,A,,,,,7,3.0,1.0,0.0,1.0,10.0,3.0,7.0,4.0,6.0,-2.0,6.0,-3.0,9.0,2.0,0.0,2.0,0.0,1.0,-1.0,50.0,16.7,16.7,50.0,,,,
2014-12-13,2014,Gil Vicente,Academica,1.0,1.0,D,U,2.55,3.25,2.75,D,,,,,7,0.0,1.0,1.0,3.0,2.0,1.0,1.0,6.0,5.0,1.0,-4.0,-4.0,0.0,0.0,0.0,0.0,1.0,1.0,0.0,0.0,50.0,20.0,80.0,,,,
2014-12-13,2014,Belenenses,Sp Braga,0.0,1.0,A,U,4.0,3.4,1.91,A,,,,,7,2.0,1.0,0.0,1.0,5.0,9.0,-4.0,2.0,5.0,-3.0,3.0,4.0,-1.0,1.0,1.0,0.0,0.0,0.0,0.0,50.0,16.7,16.7,33.3,,,,
2014-12-12,2014,Setubal,Boavista,0.0,1.0,A,U,1.85,3.5,4.2,D,,,,,6,2.0,0.0,2.0,3.0,3.0,1.0,2.0,6.0,10.0,-4.0,-3.0,-9.0,6.0,1.0,0.0,1.0,1.0,3.0,-2.0,60.0,40.0,0.0,83.3,,,,
2014-12-08,2014,Nacional,Maritimo,3.0,0.0,H,O,2.4,3.2,3.0,D,,,,,7,1.0,0.0,1.0,4.0,3.0,4.0,-1.0,3.0,9.0,-6.0,0.0,-5.0,5.0,0.0,0.0,0.0,0.0,1.0,-1.0,33.3,33.3,16.7,83.3,,,,
2014-12-07,2014,Sp Braga,Guimaraes,0.0,0.0,D,U,1.75,3.5,4.75,D,,,,,6,4.0,3.0,0.0,1.0,9.0,6.0,3.0,2.0,5.0,-3.0,7.0,1.0,6.0,2.0,1.0,1.0,0.0,1.0,-1.0,100.0,0.0,80.0,20.0,,,,
2014-12-07,2014,Moreirense,Pacos Ferreira,2.0,0.0,H,U,2.75,3.1,2.63,H,,,,,6,1.0,2.0,1.0,0.0,3.0,5.0,-2.0,2.0,3.0,-1.0,1.0,2.0,-1.0,1.0,0.0,1.0,0.0,0.0,0.0,20.0,20.0,40.0,20.0,,,,
2014-12-07,2014,Arouca,Penafiel,0.0,1.0,A,U,1.83,3.5,4.33,A,,,,,6,1.0,0.0,3.0,3.0,2.0,2.0,0.0,8.0,6.0,2.0,-6.0,-4.0,-2.0,0.0,0.0,0.0,1.0,1.0,0.0,20.0,60.0,0.0,80.0,,,,
2014-12-06,2014,Rio Ave,Gil Vicente,0.0,0.0,D,U,1.57,3.6,6.5,D,,,,,6,3.0,0.0,1.0,3.0,11.0,3.0,8.0,4.0,8.0,-4.0,7.0,-5.0,12.0,2.0,0.0,2.0,0.0,2.0,-2.0,80.0,20.0,0.0,80.0,,,,
2014-12-06,2014,Estoril,Setubal,1.0,0.0,H,U,1.62,3.75,5.5,H,,,,,6,1.0,0.0,2.0,3.0,7.0,2.0,5.0,8.0,10.0,-2.0,-1.0,-8.0,7.0,0.0,0.0,0.0,0.0,3.0,-3.0,20.0,60.0,0.0,66.7,,,,
2014-12-06,2014,Benfica,Belenenses,3.0,0.0,H,O,1.25,5.5,12.0,D,,,,,6,3.0,2.0,0.0,1.0,9.0,4.0,5.0,2.0,4.0,-2.0,7.0,0.0,7.0,2.0,0.0,2.0,0.0,1.0,-1.0,80.0,0.0,60.0,20.0,,,,
2014-12-06,2014,Academica,Porto,0.0,3.0,A,O,10.0,5.25,1.29,A,,,,,7,0.0,1.0,1.0,0.0,3.0,9.0,-6.0,5.0,4.0,1.0,-2.0,5.0,-7.0,0.0,1.0,-1.0,1.0,0.0,1.0,0.0,16.7,40.0,0.0,,,,
2014-12-05,2014,Boavista,Sp Lisbon,1.0,3.0,A,O,13.0,6.0,1.22,D,,,,,6,3.0,2.0,1.0,1.0,6.0,9.0,-3.0,4.0,4.0,0.0,2.0,5.0,-3.0,0.0,2.0,-2.0,0.0,1.0,-1.0,60.0,40.0,40.0,20.0,,,,
2014-12-01,2014,Pacos Ferreira,Estoril,1.0,1.0,D,U,2.25,3.25,3.2,D,,,,,6,3.0,1.0,0.0,1.0,10.0,6.0,4.0,4.0,6.0,-2.0,6.0,0.0,6.0,2.0,0.0,2.0,0.0,0.0,0.0,60.0,20.0,20.0,20.0,,,,
2014-11-30,2014,Porto,Rio Ave,5.0,0.0,H,O,1.25,5.5,12.0,D,,,,,6,3.0,0.0,0.0,2.0,7.0,1.0,6.0,1.0,5.0,-4.0,6.0,-4.0,10.0,2.0,0.0,2.0,0.0,1.0,-1.0,80.0,0.0,20.0,40.0,,,,
2014-11-30,2014,Maritimo,Boavista,4.0,0.0,H,O,1.57,3.75,6.0,H,,,,,5,3.0,0.0,1.0,3.0,9.0,1.0,8.0,3.0,10.0,-7.0,6.0,-9.0,15.0,2.0,0.0,2.0,0.0,3.0,-3.0,75.0,25.0,0.0,80.0,,,,
2014-11-30,2014,Gil Vicente,Nacional,0.0,0.0,D,U,3.4,3.1,2.25,D,,,,,6,0.0,0.0,2.0,4.0,3.0,2.0,1.0,8.0,9.0,-1.0,-5.0,-7.0,2.0,0.0,0.0,0.0,1.0,3.0,-2.0,0.0,60.0,0.0,100.0,,,,
2014-11-30,2014,Academica,Benfica,0.0,2.0,A,U,8.0,4.0,1.44,A,,,,,6,0.0,3.0,0.0,1.0,4.0,11.0,-7.0,4.0,5.0,-1.0,0.0,6.0,-6.0,0.0,1.0,-1.0,0.0,0.0,0.0,0.0,0.0,80.0,20.0,,,,
2014-11-29,2014,Sp Lisbon,Setubal,3.0,0.0,H,O,1.2,5.75,17.0,D,,,,,6,1.0,0.0,0.0,2.0,7.0,3.0,4.0,5.0,8.0,-3.0,2.0,-5.0,7.0,1.0,0.0,1.0,0.0,2.0,-2.0,40.0,0.0,0.0,60.0,,,,
2014-11-29,2014,Penafiel,Sp Braga,1.0,6.0,A,O,6.5,3.5,1.62,A,,,,,6,1.0,0.0,3.0,2.0,3.0,3.0,0.0,7.0,5.0,2.0,-4.0,-2.0,-2.0,1.0,0.0,1.0,1.0,0.0,1.0,20.0,80.0,0.0,40.0,,,,
2014-11-29,2014,Belenenses,Arouca,0.0,0.0,D,U,2.05,3.2,3.8,D,,,,,6,2.0,1.0,1.0,2.0,5.0,3.0,2.0,5.0,8.0,-3.0,0.0,-5.0,5.0,1.0,0.0,1.0,1.0,2.0,-1.0,60.0,20.0,20.0,60.0,,,,
2014-11-28,2014,Guimaraes,Moreirense,2.0,1.0,H,O,1.83,3.4,4.5,D,,,,,6,2.0,1.0,0.0,2.0,8.0,3.0,5.0,2.0,7.0,-5.0,6.0,-4.0,10.0,2.0,0.0,2.0,0.0,2.0,-2.0,60.0,0.0,40.0,40.0,,,,
2014-11-10,2014,Rio Ave,Academica,3.0,0.0,H,O,1.8,3.5,4.5,H,,,,,5,3.0,1.0,1.0,3.0,10.0,2.0,8.0,4.0,4.0,0.0,6.0,-2.0,8.0,2.0,0.0,2.0,0.0,0.0,0.0,75.0,25.0,25.0,75.0,,,,
2014-11-09,2014,Sp Lisbon,Pacos Ferreira,1.0,1.0,D,U,1.5,4.0,7.0,A,,,,,5,2.0,2.0,0.0,1.0,7.0,4.0,3.0,4.0,4.0,0.0,3.0,0.0,3.0,1.0,0.0,1.0,0.0,1.0,-1.0,50.0,0.0,50.0,25.0,,,,
2014-11-09,2014,Setubal,Maritimo,1.0,0.0,H,U,2.9,3.25,2.4,H,,,,,5,2.0,1.0,2.0,3.0,4.0,6.0,-2.0,6.0,9.0,-3.0,-2.0,-3.0,1.0,2.0,0.0,2.0,1.0,1.0,0.0,50.0,50.0,20.0,80.0,,,,
2014-11-09,2014,Nacional,Benfica,1.0,2.0,A,O,5.5,3.75,1.62,A,,,,,6,2.0,3.0,0.0,1.0,4.0,10.0,-6.0,1.0,4.0,-3.0,3.0,6.0,-3.0,1.0,1.0,0.0,0.0,0.0,0.0,40.0,20.0,75.0,25.0,,,,
2014-11-09,2014,Moreirense,Belenenses,0.0,1.0,A,U,2.25,3.1,3.4,D,,,,,5,1.0,2.0,0.0,1.0,3.0,6.0,-3.0,1.0,5.0,-4.0,2.0,1.0,1.0,1.0,1.0,0.0,0.0,1.0,-1.0,25.0,0.0,50.0,25.0,,,,
2014-11-09,2014,Estoril,Porto,2.0,2.0,D,O,7.5,4.2,1.44,D,,,,,5,1.0,2.0,3.0,0.0,6.0,8.0,-2.0,11.0,2.0,9.0,-5.0,6.0,-11.0,0.0,1.0,-1.0,1.0,0.0,1.0,25.0,75.0,50.0,0.0,,,,
2014-11-09,2014,Boavista,Penafiel,1.0,0.0,H,U,2.5,3.0,3.0,D,,,,,5,2.0,0.0,2.0,3.0,5.0,2.0,3.0,5.0,8.0,-3.0,0.0,-6.0,6.0,0.0,0.0,0.0,0.0,2.0,-2.0,50.0,50.0,0.0,75.0,,,,
2014-11-08,2014,Sp Braga,Gil Vicente,2.0,0.0,H,U,1.4,4.33,8.5,D,,,,,5,4.0,0.0,0.0,3.0,10.0,3.0,7.0,2.0,8.0,-6.0,8.0,-5.0,13.0,2.0,0.0,2.0,0.0,2.0,-2.0,100.0,0.0,0.0,75.0,,,,
2014-11-07,2014,Arouca,Guimaraes,1.0,2.0,A,O,3.0,3.25,2.38,D,,,,,5,1.0,3.0,2.0,1.0,2.0,7.0,-5.0,7.0,5.0,2.0,-5.0,2.0,-7.0,0.0,2.0,-2.0,1.0,1.0,0.0,25.0,50.0,75.0,25.0,,,,
2014-11-03,2014,Belenenses,Boavista,3.0,1.0,H,O,1.8,3.5,4.5,H,,,,,5,2.0,0.0,1.0,3.0,5.0,0.0,5.0,5.0,10.0,-5.0,0.0,-10.0,10.0,1.0,0.0,1.0,1.0,3.0,-2.0,50.0,25.0,0.0,75.0,,,,
2014-11-02,2014,Pacos Ferreira,Setubal,4.0,1.0,H,O,1.85,3.4,4.33,D,,,,,5,2.0,0.0,1.0,2.0,6.0,2.0,4.0,4.0,6.0,-2.0,2.0,-4.0,6.0,1.0,0.0,1.0,0.0,2.0,-2.0,50.0,25.0,0.0,50.0,,,,
2014-11-02,2014,Maritimo,Moreirense,1.0,2.0,A,O,2.0,3.4,3.75,A,,,,,4,,1.0,,2.0,,2.0,,,6.0,,,-4.0,,,0.0,,,2.0,,100.0,0.0,25.0,50.0,,,,
2014-11-02,2014,Gil Vicente,Arouca,1.0,1.0,D,U,2.45,3.25,2.9,D,,,,,5,0.0,1.0,3.0,3.0,3.0,2.0,1.0,10.0,8.0,2.0,-7.0,-6.0,-1.0,0.0,0.0,0.0,2.0,2.0,0.0,0.0,75.0,25.0,75.0,,,,
2014-11-02,2014,Academica,Sp Braga,1.0,1.0,D,U,3.75,3.3,2.0,D,,,,,5,0.0,0.0,0.0,2.0,4.0,2.0,2.0,4.0,4.0,0.0,0.0,-2.0,2.0,0.0,0.0,0.0,0.0,0.0,0.0,0.0,0.0,0.0,50.0,,,,
2014-11-01,2014,Porto,Nacional,2.0,0.0,H,U,1.25,5.25,13.0,H,,,,,5,3.0,,0.0,,7.0,,,1.0,,,6.0,,,2.0,,,0.0,,,75.0,0.0,0.0,100.0,,,,
2014-11-01,2014,Penafiel,Estoril,1.0,2.0,A,O,4.5,3.4,1.83,A,,,,,5,1.0,0.0,3.0,1.0,3.0,5.0,-2.0,8.0,6.0,2.0,-5.0,-1.0,-4.0,1.0,0.0,1.0,2.0,0.0,2.0,25.0,75.0,0.0,25.0,,,,
2014-11-01,2014,Guimaraes,Sp Lisbon,3.0,0.0,H,O,4.0,3.4,1.91,H,,,,,5,2.0,2.0,0.0,0.0,8.0,10.0,-2.0,2.0,2.0,0.0,6.0,8.0,-2.0,2.0,2.0,0.0,0.0,0.0,0.0,50.0,0.0,50.0,0.0,,,,
2014-10-31,2014,Benfica,Rio Ave,1.0,0.0,H,U,1.33,4.5,11.0,D,,,,,5,3.0,1.0,0.0,1.0,10.0,6.0,4.0,2.0,5.0,-3.0,8.0,1.0,7.0,3.0,1.0,2.0,0.0,1.0,-1.0,75.0,0.0,25.0,25.0,,,,
2014-10-27,2014,Rio Ave,Penafiel,3.0,2.0,H,O,1.73,3.4,5.25,H,,,,,4,,,,,,,,,,,,,,,,,,,,66.7,33.3,0.0,66.7,,,,
2014-10-26,2014,Sp Lisbon,Maritimo,4.0,2.0,H,O,1.44,4.33,7.0,H,,,,,4,,1.0,,3.0,,4.0,,,7.0,,,-3.0,,,0.0,,,1.0,,33.3,0.0,25.0,75.0,,,,
2014-10-26,2014,Sp Braga,Benfica,2.0,1.0,H,O,4.33,3.6,1.8,D,,,,,4,,,,,,,,,,,,,,,,,,,,100.0,0.0,100.0,0.0,,,,
2014-10-26,2014,Nacional,Academica,1.0,0.0,H,U,1.85,3.4,4.33,D,,,,,5,1.0,,1.0,,3.0,,,2.0,,,1.0,,,1.0,,,0.0,,,25.0,25.0,33.3,66.7,,,,
2014-10-26,2014,Estoril,Belenenses,1.0,2.0,A,O,1.75,3.4,5.0,A,,,,,4,,,,,,,,,,,,,,,,,,,,33.3,66.7,33.3,33.3,,,,
2014-10-25,2014,Moreirense,Gil Vicente,2.0,0.0,H,U,1.91,3.25,4.33,D,,,,,4,,,,,,,,,,,,,,,,,,,,0.0,0.0,0.0,66.7,,,,
2014-10-25,2014,Boavista,Pacos Ferreira,1.0,2.0,A,O,3.5,3.2,2.15,A,,,,,4,,,,,,,,,,,,,,,,,,,,66.7,33.3,33.3,33.3,,,,
2014-10-25,2014,Arouca,Porto,0.0,5.0,A,O,8.5,4.75,1.36,A,,,,,4,,,,,,,,,,,,,,,,,,,,33.3,33.3,33.3,0.0,,,,
2014-10-24,2014,Setubal,Guimaraes,0.0,1.0,A,U,2.75,3.3,2.5,D,,,,,4,,,,,,,,,,,,,,,,,,,,66.7,33.3,66.7,33.3,,,,
2014-10-05,2014,Porto,Sp Braga,2.0,1.0,H,O,1.44,4.0,8.0,D,,,,,4,,,,,,,,,,,,,,,,,,,,66.7,0.0,0.0,33.3,,,,
2014-10-05,2014,Pacos Ferreira,Maritimo,3.0,2.0,H,O,2.25,3.1,3.4,A,,,,,4,,,,,,,,,,,,,,,,,,,,33.3,33.3,33.3,66.7,,,,
2014-10-05,2014,Nacional,Rio Ave,0.0,0.0,D,U,2.05,3.3,3.6,D,,,,,4,,,,,,,,,,,,,,,,,,,,33.3,33.3,33.3,33.3,,,,
2014-10-05,2014,Gil Vicente,Estoril,1.0,1.0,D,U,3.8,3.3,2.0,D,,,,,4,,,,,,,,,,,,,,,,,,,,0.0,100.0,0.0,33.3,,,,
2014-10-05,2014,Benfica,Arouca,4.0,0.0,H,O,1.2,6.5,13.0,D,,,,,4,,,,,,,,,,,,,,,,,,,,66.7,0.0,33.3,66.7,,,,
2014-10-05,2014,Belenenses,Setubal,1.0,1.0,D,U,2.2,3.1,3.5,A,,,,,4,,,,,,,,,,,,,,,,,,,,66.7,33.3,0.0,66.7,,,,
2014-10-05,2014,Academica,Moreirense,0.0,0.0,D,U,2.38,3.1,3.1,D,,,,,4,,,,,,,,,,,,,,,,,,,,0.0,0.0,33.3,66.7,,,,
2014-10-04,2014,Penafiel,Sp Lisbon,0.0,4.0,A,O,8.0,4.0,1.44,D,,,,,4,,,,,,,,,,,,,,,,,,,,33.3,66.7,33.3,0.0,,,,
2014-10-03,2014,Guimaraes,Boavista,3.0,0.0,H,O,1.62,3.6,6.0,H,,,,,4,,,,,,,,,,,,,,,,,,,,33.3,0.0,0.0,66.7,,,,
2014-09-29,2014,Pacos Ferreira,Belenenses,2.0,0.0,H,U,2.05,3.3,3.6,H,,,,,3,,,,,,,,,,,,,,,,,,,,0.0,50.0,50.0,0.0,,,,
2014-09-28,2014,Setubal,Nacional,2.0,0.0,H,U,2.6,3.2,2.7,H,,,,,3,,,,,,,,,,,,,,,,,,,,50.0,50.0,0.0,100.0,,,,
2014-09-28,2014,Moreirense,Penafiel,0.0,0.0,D,U,1.83,3.5,4.33,D,,,,,3,,,,,,,,,,,,,,,,,,,,0.0,0.0,0.0,100.0,,,,
2014-09-28,2014,Maritimo,Guimaraes,4.0,0.0,H,O,2.4,3.25,2.9,H,,,,,3,,,,,,,,,,,,,,,,,,,,100.0,0.0,100.0,0.0,,,,
2014-09-28,2014,Boavista,Gil Vicente,3.0,2.0,H,O,2.5,3.25,2.8,D,,,,,3,,,,,,,,,,,,,,,,,,,,50.0,50.0,0.0,50.0,,,,
2014-09-28,2014,Arouca,Academica,0.0,1.0,A,U,2.25,3.25,3.2,A,,,,,3,,,,,,,,,,,,,,,,,,,,50.0,0.0,0.0,100.0,,,,
2014-09-27,2014,Sp Braga,Rio Ave,3.0,0.0,H,O,1.73,3.5,5.0,D,,,,,3,,,,,,,,,,,,,,,,,,,,100.0,0.0,50.0,0.0,,,,
2014-09-27,2014,Estoril,Benfica,2.0,3.0,A,O,5.0,3.6,1.7,A,,,,,3,,,,,,,,,,,,,,,,,,,,50.0,50.0,100.0,0.0,,,,
2014-09-26,2014,Sp Lisbon,Porto,1.0,1.0,D,U,3.1,3.1,2.4,H,,,,,3,,,,,,,,,,,,,,,,,,,,50.0,0.0,50.0,0.0,,,,
2014-09-22,2014,Academica,Estoril,2.0,2.0,D,O,2.75,3.3,2.5,H,,,,,3,,,,,,,,,,,,,,,,,,,,0.0,0.0,0.0,50.0,,,,
2014-09-21,2014,Rio Ave,Arouca,1.0,2.0,A,O,1.7,3.5,5.25,A,,,,,3,,,,,,,,,,,,,,,,,,,,100.0,0.0,0.0,100.0,,,,
2014-09-21,2014,Porto,Boavista,0.0,0.0,D,U,1.14,7.5,17.0,D,,,,,3,,,,,,,,,,,,,,,,,,,,100.0,0.0,0.0,100.0,,,,
2014-09-21,2014,Gil Vicente,Sp Lisbon,0.0,4.0,A,O,7.0,3.9,1.5,A,,,,,3,,,,,,,,,,,,,,,,,,,,0.0,100.0,0.0,0.0,,,,
2014-09-21,2014,Benfica,Moreirense,3.0,1.0,H,O,1.2,6.0,15.0,A,,,,,3,,,,,,,,,,,,,,,,,,,,50.0,0.0,50.0,50.0,,,,
2014-09-21,2014,Belenenses,Maritimo,1.0,0.0,H,U,2.5,3.3,2.8,D,,,,,3,,,,,,,,,,,,,,,,,,,,50.0,50.0,50.0,50.0,,,,
2014-09-20,2014,Penafiel,Setubal,2.0,0.0,H,U,2.63,3.2,2.7,H,,,,,3,,,,,,,,,,,,,,,,,,,,0.0,100.0,0.0,50.0,,,,
2014-09-20,2014,Nacional,Sp Braga,1.0,1.0,D,U,2.88,3.2,2.5,D,,,,,3,,,,,,,,,,,,,,,,,,,,50.0,50.0,0.0,50.0,,,,
2014-09-19,2014,Guimaraes,Pacos Ferreira,1.0,1.0,D,U,1.95,3.25,4.2,A,,,,,3,,,,,,,,,,,,,,,,,,,,50.0,0.0,50.0,50.0,,,,
2014-09-14,2014,Pacos Ferreira,Gil Vicente,1.0,1.0,D,U,1.8,3.3,4.75,H,,,,,2,,,,,,,,,,,,,,,,,,,,0.0,100.0,0.0,100.0,,,,
2014-09-14,2014,Maritimo,Penafiel,2.0,0.0,H,U,1.67,3.6,5.25,D,,,,,2,,,,,,,,,,,,,,,,,,,,100.0,0.0,0.0,100.0,,,,
2014-09-14,2014,Guimaraes,Porto,1.0,1.0,D,U,6.5,3.8,1.55,D,,,,,2,,,,,,,,,,,,,,,,,,,,100.0,0.0,100.0,0.0,,,,
2014-09-14,2014,Estoril,Nacional,2.0,1.0,H,O,2.1,3.3,3.5,H,,,,,2,,,,,,,,,,,,,,,,,,,,0.0,100.0,0.0,100.0,,,,
2014-09-14,2014,Boavista,Academica,1.0,0.0,H,U,2.88,3.3,2.4,D,,,,,2,,,,,,,,,,,,,,,,,,,,0.0,100.0,0.0,100.0,,,,
2014-09-13,2014,Sp Lisbon,Belenenses,1.0,1.0,D,U,1.36,4.5,9.0,D,,,,,2,,,,,,,,,,,,,,,,,,,,100.0,0.0,100.0,0.0,,,,
2014-09-13,2014,Moreirense,Rio Ave,1.0,1.0,D,U,2.6,3.2,2.75,A,,,,,2,,,,,,,,,,,,,,,,,,,,0.0,0.0,100.0,0.0,,,,
2014-09-13,2014,Arouca,Sp Braga,1.0,0.0,H,U,3.8,3.3,2.0,H,,,,,2,,,,,,,,,,,,,,,,,,,,0.0,0.0,0.0,0.0,,,,
2014-09-12,2014,Setubal,Benfica,0.0,5.0,A,O,7.0,4.0,1.5,A,,,,,2,,,,,,,,,,,,,,,,,,,,100.0,0.0,100.0,0.0,,,,
2014-09-01,2014,Rio Ave,Boavista,4.0,0.0,H,O,1.53,3.75,7.0,H,,,,,2,,,,,,,,,,,,,,,,,,,,100.0,0.0,0.0,100.0,,,,
2014-08-31,2014,Porto,Moreirense,3.0,0.0,H,O,1.14,7.5,19.0,D,,,,,2,,,,,,,,,,,,,,,,,,,,100.0,0.0,100.0,0.0,,,,
2014-08-31,2014,Penafiel,Pacos Ferreira,0.0,1.0,A,U,2.8,3.3,2.45,D,,,,,2,,,,,,,,,,,,,,,,,,,,0.0,100.0,0.0,100.0,,,,
2014-08-31,2014,Nacional,Arouca,2.0,0.0,H,U,1.8,3.5,4.5,H,,,,,2,,,,,,,,,,,,,,,,,,,,0.0,100.0,0.0,100.0,,,,
2014-08-31,2014,Gil Vicente,Maritimo,1.0,2.0,A,O,2.7,3.2,2.6,H,,,,,2,,,,,,,,,,,,,,,,,,,,0.0,100.0,0.0,100.0,,,,
2014-08-31,2014,Benfica,Sp Lisbon,1.0,1.0,D,U,1.8,3.5,4.5,D,,,,,2,,,,,,,,,,,,,,,,,,,,100.0,0.0,0.0,0.0,,,,
2014-08-30,2014,Sp Braga,Estoril,2.0,1.0,H,O,1.85,3.4,4.33,H,,,,,2,,,,,,,,,,,,,,,,,,,,100.0,0.0,0.0,0.0,,,,
2014-08-30,2014,Belenenses,Guimaraes,0.0,3.0,A,O,2.55,3.1,2.88,A,,,,,2,,,,,,,,,,,,,,,,,,,,100.0,0.0,100.0,0.0,,,,
2014-08-29,2014,Academica,Setubal,1.0,1.0,D,U,2.3,3.1,3.25,D,,,,,2,,,,,,,,,,,,,,,,,,,,0.0,0.0,0.0,100.0,,,,
2014-08-25,2014,Moreirense,Sp Braga,0.0,0.0,D,U,4.75,3.4,1.8,D,,,,,1,,,,,,,,,,,,,,,,,,,,,,,,,,,
2014-08-24,2014,Setubal,Gil Vicente,2.0,0.0,H,U,2.2,3.2,3.4,H,,,,,1,,,,,,,,,,,,,,,,,,,,,,,,,,,
2014-08-24,2014,Estoril,Rio Ave,1.0,5.0,A,O,1.91,3.4,4.0,A,,,,,1,,,,,,,,,,,,,,,,,,,,,,,,,,,
2014-08-24,2014,Boavista,Benfica,0.0,1.0,A,U,15.0,6.0,1.2,A,,,,,1,,,,,,,,,,,,,,,,,,,,,,,,,,,
2014-08-24,2014,Belenenses,Nacional,3.0,1.0,H,O,2.6,3.2,2.7,H,,,,,1,,,,,,,,,,,,,,,,,,,,,,,,,,,
2014-08-23,2014,Sp Lisbon,Arouca,1.0,0.0,H,U,1.33,4.75,9.5,D,,,,,1,,,,,,,,,,,,,,,,,,,,,,,,,,,
2014-08-23,2014,Pacos Ferreira,Porto,0.0,1.0,A,U,8.5,4.33,1.4,A,,,,,1,,,,,,,,,,,,,,,,,,,,,,,,,,,
2014-08-23,2014,Maritimo,Academica,2.0,1.0,H,O,2.25,3.1,3.4,D,,,,,1,,,,,,,,,,,,,,,,,,,,,,,,,,,
2014-08-22,2014,Guimaraes,Penafiel,3.0,0.0,H,O,1.65,3.6,5.5,H,,,,,1,,,,,,,,,,,,,,,,,,,,,,,,,,,
2014-08-18,2014,Arouca,Estoril,1.0,1.0,D,U,3.4,3.2,2.2,D,,,,,1,,,,,,,,,,,,,,,,,,,,,,,,,,,
2014-08-17,2014,Sp Braga,Boavista,3.0,0.0,H,O,1.33,5.0,9.0,H,,,,,1,,,,,,,,,,,,,,,,,,,,,,,,,,,
2014-08-17,2014,Rio Ave,Setubal,2.0,0.0,H,U,2.0,3.3,3.75,D,,,,,1,,,,,,,,,,,,,,,,,,,,,,,,,,,
2014-08-17,2014,Penafiel,Belenenses,1.0,3.0,A,O,2.2,3.2,3.4,D,,,,,1,,,,,,,,,,,,,,,,,,,,,,,,,,,
2014-08-17,2014,Nacional,Moreirense,0.0,1.0,A,U,2.0,3.5,3.6,D,,,,,1,,,,,,,,,,,,,,,,,,,,,,,,,,,
2014-08-17,2014,Benfica,Pacos Ferreira,2.0,0.0,H,U,1.25,5.5,12.0,H,,,,,1,,,,,,,,,,,,,,,,,,,,,,,,,,,
2014-08-16,2014,Gil Vicente,Guimaraes,1.0,3.0,A,O,2.75,3.2,2.6,A,,,,,1,,,,,,,,,,,,,,,,,,,,,,,,,,,
2014-08-16,2014,Academica,Sp Lisbon,1.0,1.0,D,U,4.75,3.6,1.73,A,,,,,1,,,,,,,,,,,,,,,,,,,,,,,,,,,
2014-08-15,2014,Porto,Maritimo,2.0,0.0,H,U,1.17,6.5,17.0,H,,,,,1,,,,,,,,,,,,,,,,,,,,,,,,,,,
2014-05-11,2013,Sp Lisbon,Estoril,0.0,1.0,A,U,1.53,3.8,6.5,A,,,,,15,4.0,1.0,0.0,1.0,6.0,4.0,2.0,1.0,4.0,-3.0,5.0,0.0,5.0,1.0,1.0,0.0,0.0,1.0,-1.0,71.4,0.0,57.1,14.3,,,,
2014-05-11,2013,Maritimo,Rio Ave,1.0,0.0,H,U,2.0,3.3,3.8,D,,,,,15,3.0,2.0,1.0,2.0,7.0,3.0,4.0,5.0,8.0,-3.0,2.0,-5.0,7.0,1.0,0.0,1.0,1.0,2.0,-1.0,57.1,21.4,42.9,35.7,,,,
2014-05-11,2013,Gil Vicente,Nacional,1.0,0.0,H,U,2.8,3.25,2.5,H,,,,,15,0.0,1.0,2.0,2.0,2.0,7.0,-5.0,4.0,6.0,-2.0,-2.0,1.0,-3.0,0.0,1.0,-1.0,0.0,1.0,-1.0,35.7,35.7,28.6,28.6,,,,
2014-05-10,2013,Setubal,Olhanense,3.0,1.0,H,O,2.7,3.25,2.6,D,,,,,15,1.0,1.0,0.0,3.0,7.0,3.0,4.0,4.0,7.0,-3.0,3.0,-4.0,7.0,1.0,0.0,1.0,0.0,2.0,-2.0,42.9,21.4,7.1,71.4,,,,
2014-05-10,2013,Porto,Benfica,2.0,1.0,H,O,1.73,3.75,4.5,H,,,,,15,4.0,4.0,0.0,0.0,11.0,8.0,3.0,2.0,2.0,0.0,9.0,6.0,3.0,3.0,2.0,1.0,0.0,0.0,0.0,85.7,7.1,78.6,7.1,,,,
2014-05-10,2013,Pacos Ferreira,Academica,2.0,4.0,A,O,1.62,3.6,6.0,A,,,,,15,1.0,0.0,3.0,3.0,4.0,2.0,2.0,11.0,9.0,2.0,-7.0,-7.0,0.0,1.0,0.0,1.0,3.0,3.0,0.0,28.6,57.1,21.4,50.0,,,,
2014-05-10,2013,Guimaraes,Sp Braga,1.0,0.0,H,U,2.8,3.25,2.5,D,,,,,15,0.0,1.0,3.0,0.0,4.0,5.0,-1.0,8.0,3.0,5.0,-4.0,2.0,-6.0,0.0,1.0,-1.0,1.0,0.0,1.0,28.6,50.0,21.4,50.0,,,,
2014-05-10,2013,Belenenses,Arouca,1.0,0.0,H,U,1.57,3.8,6.0,D,,,,,15,1.0,1.0,2.0,3.0,5.0,5.0,0.0,6.0,10.0,-4.0,-1.0,-5.0,4.0,1.0,0.0,1.0,1.0,2.0,-1.0,28.6,35.7,21.4,42.9,,,,
2014-05-04,2013,Sp Braga,Maritimo,1.0,1.0,D,U,1.91,3.4,4.0,H,,,,,15,1.0,0.0,2.0,3.0,5.0,2.0,3.0,7.0,7.0,0.0,-2.0,-5.0,3.0,0.0,0.0,0.0,1.0,2.0,-1.0,50.0,35.7,14.3,57.1,,,,
2014-05-04,2013,Rio Ave,Pacos Ferreira,0.0,0.0,D,U,3.5,3.2,2.15,D,,,,,15,0.0,1.0,2.0,2.0,3.0,3.0,0.0,5.0,7.0,-2.0,-2.0,-4.0,2.0,0.0,0.0,0.0,0.0,1.0,-1.0,14.3,57.1,14.3,64.3,,,,
2014-05-04,2013,Olhanense,Porto,2.0,1.0,H,O,5.5,3.8,1.62,H,,,,,15,1.0,1.0,1.0,2.0,3.0,6.0,-3.0,4.0,6.0,-2.0,-1.0,0.0,-1.0,0.0,1.0,-1.0,1.0,0.0,1.0,28.6,50.0,42.9,35.7,,,,
2014-05-04,2013,Estoril,Belenenses,1.0,1.0,D,U,2.1,3.25,3.5,A,,,,,15,3.0,1.0,1.0,2.0,6.0,1.0,5.0,1.0,3.0,-2.0,5.0,-2.0,7.0,1.0,0.0,1.0,0.0,1.0,-1.0,42.9,28.6,7.1,64.3,,,,
2014-05-04,2013,Benfica,Setubal,1.0,1.0,D,U,1.22,6.0,11.0,D,,,,,15,4.0,1.0,0.0,2.0,11.0,4.0,7.0,0.0,4.0,-4.0,11.0,0.0,11.0,4.0,1.0,3.0,0.0,0.0,0.0,85.7,0.0,21.4,57.1,,,,
2014-05-04,2013,Arouca,Gil Vicente,1.0,0.0,H,U,2.25,3.1,3.4,H,,,,,15,2.0,1.0,2.0,2.0,3.0,3.0,0.0,5.0,4.0,1.0,-2.0,-1.0,-1.0,1.0,1.0,0.0,2.0,1.0,1.0,28.6,57.1,14.3,64.3,,,,
2014-05-04,2013,Academica,Guimaraes,0.0,0.0,D,U,2.3,3.0,3.4,D,,,,,15,1.0,0.0,0.0,4.0,4.0,2.0,2.0,3.0,7.0,-4.0,1.0,-5.0,6.0,0.0,0.0,0.0,0.0,1.0,-1.0,35.7,28.6,35.7,57.1,,,,
2014-05-03,2013,Nacional,Sp Lisbon,1.0,1.0,D,U,3.75,3.4,2.0,A,,,,,15,2.0,3.0,1.0,0.0,7.0,9.0,-2.0,6.0,4.0,2.0,1.0,5.0,-4.0,1.0,2.0,-1.0,1.0,0.0,1.0,50.0,14.3,71.4,14.3,,,,
2014-04-21,2013,Setubal,Sp Braga,1.0,1.0,D,U,3.3,3.5,2.1,A,,,,,14,2.0,1.0,0.0,1.0,10.0,5.0,5.0,3.0,4.0,-1.0,7.0,1.0,6.0,2.0,1.0,1.0,0.0,0.0,0.0,46.2,23.1,23.1,53.8,,,,
2014-04-21,2013,Porto,Rio Ave,3.0,0.0,H,O,1.25,5.0,15.0,D,,,,,14,3.0,2.0,1.0,1.0,8.0,4.0,4.0,3.0,6.0,-3.0,5.0,-2.0,7.0,2.0,0.0,2.0,0.0,1.0,-1.0,84.6,7.7,46.2,30.8,,,,
2014-04-19,2013,Pacos Ferreira,Nacional,0.0,5.0,A,O,2.3,3.25,3.1,A,,,,,14,2.0,0.0,2.0,2.0,7.0,2.0,5.0,7.0,6.0,1.0,0.0,-4.0,4.0,2.0,0.0,2.0,2.0,1.0,1.0,30.8,53.8,23.1,30.8,,,,
2014-04-19,2013,Maritimo,Academica,3.0,1.0,H,O,2.0,3.3,3.8,H,,,,,14,3.0,1.0,1.0,2.0,6.0,4.0,2.0,4.0,6.0,-2.0,2.0,-2.0,4.0,1.0,1.0,0.0,1.0,2.0,-1.0,53.8,23.1,23.1,46.2,,,,
2014-04-19,2013,Gil Vicente,Estoril,0.0,0.0,D,U,4.75,3.4,1.8,D,,,,,14,1.0,2.0,2.0,1.0,3.0,5.0,-2.0,4.0,4.0,0.0,-1.0,1.0,-2.0,0.0,1.0,-1.0,0.0,1.0,-1.0,38.5,38.5,61.5,15.4,,,,
2014-04-19,2013,Benfica,Olhanense,2.0,0.0,H,U,1.1,9.0,21.0,D,,,,,14,4.0,1.0,0.0,3.0,10.0,3.0,7.0,0.0,9.0,-9.0,10.0,-6.0,16.0,3.0,0.0,3.0,0.0,2.0,-2.0,84.6,0.0,7.7,69.2,,,,
2014-04-19,2013,Belenenses,Sp Lisbon,0.0,1.0,A,U,6.0,3.6,1.62,D,,,,,14,1.0,3.0,2.0,0.0,5.0,10.0,-5.0,6.0,5.0,1.0,-1.0,5.0,-6.0,1.0,2.0,-1.0,1.0,0.0,1.0,30.8,30.8,69.2,15.4,,,,
2014-04-17,2013,Guimaraes,Arouca,2.0,3.0,A,O,2.3,3.2,3.2,A,,,,,14,0.0,0.0,2.0,3.0,4.0,4.0,0.0,7.0,10.0,-3.0,-3.0,-6.0,3.0,0.0,0.0,0.0,1.0,2.0,-1.0,30.8,46.2,15.4,46.2,,,,
2014-04-14,2013,Estoril,Pacos Ferreira,1.0,0.0,H,U,1.75,3.5,4.75,H,,,,,14,3.0,1.0,1.0,2.0,7.0,3.0,4.0,2.0,9.0,-7.0,5.0,-6.0,11.0,1.0,0.0,1.0,0.0,2.0,-2.0,38.5,30.8,15.4,61.5,,,,
2014-04-13,2013,Sp Braga,Porto,1.0,3.0,A,O,4.5,3.5,1.8,A,,,,,14,2.0,1.0,1.0,2.0,8.0,5.0,3.0,5.0,6.0,-1.0,3.0,-1.0,4.0,1.0,0.0,1.0,0.0,0.0,0.0,53.8,30.8,38.5,38.5,,,,
2014-04-13,2013,Arouca,Benfica,0.0,2.0,A,U,13.0,4.5,1.3,A,,,,,14,2.0,4.0,1.0,0.0,4.0,8.0,-4.0,4.0,2.0,2.0,0.0,6.0,-6.0,1.0,2.0,-1.0,1.0,0.0,1.0,30.8,53.8,76.9,7.7,,,,
2014-04-12,2013,Sp Lisbon,Gil Vicente,2.0,0.0,H,U,1.22,5.5,15.0,H,,,,,14,4.0,1.0,0.0,2.0,5.0,4.0,1.0,1.0,6.0,-5.0,4.0,-2.0,6.0,0.0,1.0,-1.0,0.0,1.0,-1.0,69.2,0.0,15.4,61.5,,,,
2014-04-12,2013,Rio Ave,Olhanense,1.0,2.0,A,O,1.67,3.6,5.5,D,,,,,14,0.0,0.0,1.0,4.0,3.0,1.0,2.0,4.0,9.0,-5.0,-1.0,-8.0,7.0,0.0,0.0,0.0,0.0,2.0,-2.0,15.4,53.8,0.0,75.0,,,,
2014-04-12,2013,Nacional,Maritimo,2.0,0.0,H,U,2.2,3.2,3.4,H,,,,,14,2.0,0.0,1.0,2.0,7.0,3.0,4.0,6.0,6.0,0.0,1.0,-3.0,4.0,1.0,0.0,1.0,1.0,1.0,0.0,46.2,15.4,15.4,53.8,,,,
2014-04-12,2013,Belenenses,Guimaraes,3.0,1.0,H,O,2.75,3.0,2.75,A,,,,,13,0.0,0.0,2.0,4.0,2.0,3.0,-1.0,5.0,7.0,-2.0,-3.0,-4.0,1.0,0.0,0.0,0.0,1.0,0.0,1.0,25.0,33.3,38.5,53.8,,,,
2014-04-11,2013,Academica,Setubal,1.0,1.0,D,U,2.1,3.3,3.5,D,,,,,14,1.0,1.0,1.0,3.0,3.0,3.0,0.0,3.0,4.0,-1.0,0.0,-1.0,1.0,0.0,1.0,-1.0,0.0,0.0,0.0,38.5,30.8,23.1,61.5,,,,
2014-04-07,2013,Benfica,Rio Ave,4.0,0.0,H,O,1.25,5.0,15.0,H,,,,,13,4.0,2.0,0.0,1.0,8.0,4.0,4.0,0.0,3.0,-3.0,8.0,1.0,7.0,3.0,0.0,3.0,0.0,0.0,0.0,83.3,0.0,50.0,25.0,,,,
2014-04-06,2013,Setubal,Nacional,3.0,0.0,H,O,3.0,3.2,2.38,H,,,,,13,2.0,0.0,0.0,1.0,10.0,3.0,7.0,5.0,4.0,1.0,5.0,-1.0,6.0,1.0,0.0,1.0,0.0,0.0,0.0,41.7,25.0,25.0,25.0,,,,
2014-04-06,2013,Porto,Academica,3.0,1.0,H,O,1.25,5.5,12.0,H,,,,,13,3.0,1.0,1.0,1.0,8.0,3.0,5.0,2.0,3.0,-1.0,6.0,0.0,6.0,2.0,1.0,1.0,0.0,1.0,-1.0,83.3,8.3,25.0,41.7,,,,
2014-04-06,2013,Maritimo,Arouca,1.0,0.0,H,U,1.91,3.4,4.0,H,,,,,13,3.0,0.0,1.0,2.0,6.0,5.0,1.0,4.0,10.0,-6.0,2.0,-5.0,7.0,1.0,0.0,1.0,1.0,2.0,-1.0,50.0,25.0,16.7,41.7,,,,
2014-04-06,2013,Gil Vicente,Belenenses,0.0,1.0,A,U,2.38,3.1,3.1,A,,,,,13,1.0,0.0,2.0,3.0,4.0,0.0,4.0,5.0,5.0,0.0,-1.0,-5.0,4.0,0.0,0.0,0.0,0.0,2.0,-2.0,41.7,33.3,0.0,69.2,,,,
2014-04-05,2013,Pacos Ferreira,Sp Lisbon,1.0,3.0,A,O,5.5,3.5,1.67,A,,,,,13,2.0,2.0,2.0,1.0,6.0,7.0,-1.0,6.0,6.0,0.0,0.0,1.0,-1.0,2.0,1.0,1.0,2.0,1.0,1.0,33.3,50.0,66.7,16.7,,,,
2014-04-05,2013,Olhanense,Sp Braga,0.0,2.0,A,U,5.25,3.6,1.67,D,,,,,14,1.0,0.0,0.0,2.0,4.0,4.0,0.0,3.0,6.0,-3.0,1.0,-2.0,3.0,0.0,0.0,0.0,0.0,0.0,0.0,30.8,46.2,16.7,58.3,,,,
2014-04-04,2013,Guimaraes,Estoril,1.0,3.0,A,O,2.8,3.1,2.6,D,,,,,13,1.0,2.0,1.0,1.0,4.0,3.0,1.0,4.0,3.0,1.0,0.0,0.0,0.0,0.0,0.0,0.0,0.0,1.0,-1.0,33.3,41.7,58.3,16.7,,,,
2014-03-30,2013,Sp Braga,Benfica,0.0,1.0,A,U,4.2,3.5,1.85,A,,,,,13,2.0,3.0,0.0,0.0,9.0,8.0,1.0,5.0,3.0,2.0,4.0,5.0,-1.0,1.0,2.0,-1.0,0.0,0.0,0.0,58.3,25.0,75.0,8.3,,,,
2014-03-30,2013,Nacional,Porto,2.0,1.0,H,O,5.5,3.75,1.62,H,,,,,13,1.0,1.0,1.0,2.0,7.0,4.0,3.0,7.0,5.0,2.0,0.0,-1.0,1.0,1.0,0.0,1.0,1.0,0.0,1.0,41.7,16.7,41.7,33.3,,,,
2014-03-30,2013,Gil Vicente,Maritimo,1.0,1.0,D,U,2.9,3.1,2.5,A,,,,,12,1.0,0.0,2.0,3.0,4.0,2.0,2.0,5.0,7.0,-2.0,-1.0,-5.0,4.0,0.0,0.0,0.0,0.0,2.0,-2.0,45.5,36.4,16.7,58.3,,,,
2014-03-30,2013,Estoril,Rio Ave,0.0,1.0,A,U,1.73,3.6,4.75,D,,,,,13,3.0,1.0,0.0,2.0,8.0,3.0,5.0,2.0,5.0,-3.0,6.0,-2.0,8.0,1.0,0.0,1.0,0.0,1.0,-1.0,41.7,25.0,45.5,27.3,,,,
2014-03-30,2013,Arouca,Setubal,1.0,0.0,H,U,2.15,3.1,3.6,D,,,,,13,1.0,1.0,2.0,3.0,4.0,3.0,1.0,6.0,6.0,0.0,-2.0,-3.0,1.0,1.0,1.0,0.0,1.0,1.0,0.0,25.0,58.3,25.0,58.3,,,,
2014-03-30,2013,Academica,Olhanense,2.0,1.0,H,O,1.57,3.5,7.0,H,,,,,13,1.0,0.0,1.0,4.0,2.0,1.0,1.0,2.0,10.0,-8.0,0.0,-9.0,9.0,0.0,0.0,0.0,0.0,3.0,-3.0,33.3,33.3,0.0,72.7,,,,
2014-03-29,2013,Sp Lisbon,Guimaraes,1.0,0.0,H,U,1.44,4.2,7.5,D,,,,,13,3.0,1.0,0.0,3.0,4.0,4.0,0.0,1.0,6.0,-5.0,3.0,-2.0,5.0,0.0,0.0,0.0,0.0,0.0,0.0,66.7,0.0,41.7,50.0,,,,
2014-03-28,2013,Belenenses,Pacos Ferreira,1.0,1.0,D,U,2.63,3.1,2.8,D,,,,,12,1.0,1.0,2.0,2.0,3.0,3.0,0.0,5.0,9.0,-4.0,-2.0,-6.0,4.0,0.0,0.0,0.0,1.0,2.0,-1.0,27.3,36.4,16.7,66.7,,,,
2014-03-24,2013,Setubal,Estoril,1.0,1.0,D,U,4.0,3.4,1.91,H,,,,,12,3.0,2.0,0.0,1.0,11.0,4.0,7.0,4.0,4.0,0.0,7.0,0.0,7.0,2.0,0.0,2.0,0.0,1.0,-1.0,45.5,27.3,63.6,18.2,,,,
2014-03-23,2013,Porto,Belenenses,1.0,0.0,H,U,1.17,7.0,15.0,D,,,,,12,3.0,0.0,1.0,3.0,10.0,0.0,10.0,2.0,5.0,-3.0,8.0,-5.0,13.0,3.0,0.0,3.0,0.0,2.0,-2.0,81.8,9.1,0.0,66.7,,,,
2014-03-23,2013,Pacos Ferreira,Arouca,3.0,1.0,H,O,2.1,3.2,3.6,H,,,,,12,2.0,0.0,2.0,1.0,6.0,5.0,1.0,6.0,8.0,-2.0,0.0,-3.0,3.0,2.0,0.0,2.0,2.0,1.0,1.0,27.3,54.5,18.2,36.4,,,,
2014-03-23,2013,Olhanense,Nacional,1.0,1.0,D,U,5.0,3.4,1.75,D,,,,,13,1.0,1.0,1.0,1.0,3.0,4.0,-1.0,3.0,4.0,-1.0,0.0,0.0,0.0,0.0,0.0,0.0,0.0,0.0,0.0,33.3,50.0,27.3,27.3,,,,
2014-03-23,2013,Benfica,Academica,3.0,0.0,H,O,1.2,6.0,15.0,H,,,,,12,4.0,1.0,0.0,0.0,7.0,3.0,4.0,0.0,0.0,0.0,7.0,3.0,4.0,3.0,1.0,2.0,0.0,0.0,0.0,81.8,0.0,27.3,36.4,,,,
2014-03-22,2013,Maritimo,Sp Lisbon,1.0,3.0,A,O,4.33,3.5,1.83,A,,,,,12,4.0,2.0,0.0,1.0,6.0,6.0,0.0,1.0,6.0,-5.0,5.0,0.0,5.0,1.0,0.0,1.0,0.0,1.0,-1.0,54.5,18.2,63.6,18.2,,,,
2014-03-22,2013,Guimaraes,Gil Vicente,0.0,0.0,D,U,1.8,3.4,4.75,D,,,,,12,1.0,1.0,2.0,3.0,5.0,4.0,1.0,6.0,7.0,-1.0,-1.0,-3.0,2.0,0.0,1.0,-1.0,0.0,1.0,-1.0,36.4,45.5,16.7,66.7,,,,
2014-03-21,2013,Rio Ave,Sp Braga,1.0,1.0,D,U,3.0,3.2,2.4,D,,,,,13,1.0,0.0,1.0,3.0,3.0,4.0,-1.0,3.0,7.0,-4.0,0.0,-3.0,3.0,0.0,0.0,0.0,0.0,0.0,0.0,16.7,58.3,18.2,63.6,,,,
2014-03-17,2013,Nacional,Benfica,2.0,4.0,A,O,5.75,3.75,1.6,A,,,,,12,2.0,3.0,0.0,0.0,7.0,6.0,1.0,3.0,1.0,2.0,4.0,5.0,-1.0,2.0,2.0,0.0,0.0,0.0,0.0,45.5,9.1,72.7,9.1,,,,
2014-03-16,2013,Sp Lisbon,Porto,1.0,0.0,H,U,3.1,3.3,2.3,D,,,,,12,2.0,1.0,0.0,2.0,3.0,4.0,-1.0,1.0,6.0,-5.0,2.0,-2.0,4.0,0.0,0.0,0.0,0.0,1.0,-1.0,63.6,0.0,45.5,27.3,,,,
2014-03-16,2013,Belenenses,Setubal,1.0,3.0,A,O,2.5,3.1,2.9,A,,,,,11,1.0,0.0,1.0,4.0,2.0,1.0,1.0,2.0,7.0,-5.0,0.0,-6.0,6.0,0.0,0.0,0.0,0.0,1.0,-1.0,30.0,30.0,18.2,63.6,,,,
2014-03-16,2013,Arouca,Olhanense,2.0,0.0,H,U,1.95,3.25,4.1,H,,,,,12,1.0,0.0,2.0,4.0,4.0,1.0,3.0,6.0,12.0,-6.0,-2.0,-11.0,9.0,1.0,0.0,1.0,1.0,3.0,-2.0,18.2,63.6,0.0,70.0,,,,
2014-03-15,2013,Guimaraes,Pacos Ferreira,1.0,2.0,A,O,1.95,3.4,3.9,D,,,,,11,2.0,0.0,1.0,3.0,7.0,3.0,4.0,4.0,12.0,-8.0,3.0,-9.0,12.0,1.0,0.0,1.0,0.0,3.0,-3.0,40.0,40.0,9.1,72.7,,,,
2014-03-15,2013,Gil Vicente,Rio Ave,1.0,2.0,A,O,3.4,3.1,2.25,A,,,,,11,1.0,0.0,2.0,2.0,3.0,1.0,2.0,6.0,4.0,2.0,-3.0,-3.0,0.0,0.0,0.0,0.0,1.0,1.0,0.0,50.0,30.0,40.0,30.0,,,,
2014-03-15,2013,Estoril,Maritimo,1.0,0.0,H,U,1.73,3.5,5.0,H,,,,,12,2.0,0.0,0.0,2.0,7.0,3.0,4.0,2.0,7.0,-5.0,5.0,-4.0,9.0,1.0,0.0,1.0,0.0,2.0,-2.0,36.4,27.3,18.2,54.5,,,,
2014-03-14,2013,Academica,Sp Braga,1.0,1.0,D,U,3.8,3.1,2.1,D,,,,,12,2.0,0.0,1.0,3.0,5.0,5.0,0.0,3.0,8.0,-5.0,2.0,-3.0,5.0,1.0,0.0,1.0,0.0,0.0,0.0,36.4,36.4,20.0,70.0,,,,
2014-03-10,2013,Maritimo,Guimaraes,2.0,1.0,H,O,2.38,3.2,3.0,H,,,,,11,3.0,1.0,0.0,3.0,6.0,3.0,3.0,2.0,7.0,-5.0,4.0,-4.0,8.0,1.0,0.0,1.0,0.0,1.0,-1.0,50.0,20.0,45.5,45.5,,,,
2014-03-09,2013,Setubal,Sp Lisbon,2.0,2.0,D,O,6.0,3.75,1.57,A,,,,,11,3.0,2.0,1.0,1.0,9.0,4.0,5.0,4.0,4.0,0.0,5.0,0.0,5.0,2.0,0.0,2.0,1.0,1.0,0.0,50.0,30.0,70.0,20.0,,,,
2014-03-09,2013,Porto,Arouca,4.0,1.0,H,O,1.18,6.5,15.0,H,,,,,11,3.0,1.0,1.0,0.0,10.0,7.0,3.0,1.0,4.0,-3.0,9.0,3.0,6.0,3.0,1.0,2.0,0.0,0.0,0.0,80.0,10.0,20.0,30.0,,,,
2014-03-09,2013,Pacos Ferreira,Gil Vicente,0.0,2.0,A,U,1.75,3.5,4.75,A,,,,,11,2.0,0.0,1.0,4.0,6.0,2.0,4.0,4.0,9.0,-5.0,2.0,-7.0,9.0,2.0,0.0,2.0,1.0,2.0,-1.0,30.0,50.0,9.1,72.7,,,,
2014-03-09,2013,Olhanense,Belenenses,0.0,0.0,D,U,2.7,3.1,2.7,D,,,,,12,2.0,0.0,1.0,4.0,5.0,0.0,5.0,4.0,7.0,-3.0,1.0,-7.0,8.0,0.0,0.0,0.0,0.0,3.0,-3.0,36.4,54.5,0.0,72.7,,,,
2014-03-09,2013,Benfica,Estoril,2.0,0.0,H,U,1.4,4.5,8.0,H,,,,,11,4.0,2.0,0.0,0.0,7.0,4.0,3.0,0.0,2.0,-2.0,7.0,2.0,5.0,3.0,0.0,3.0,0.0,0.0,0.0,80.0,0.0,70.0,10.0,,,,
2014-03-08,2013,Sp Braga,Nacional,2.0,1.0,H,O,1.62,3.75,5.5,H,,,,,12,2.0,1.0,0.0,0.0,10.0,3.0,7.0,4.0,2.0,2.0,6.0,1.0,5.0,2.0,0.0,2.0,0.0,0.0,0.0,54.5,27.3,30.0,20.0,,,,
2014-03-07,2013,Rio Ave,Academica,0.0,0.0,D,U,1.95,3.2,4.2,D,,,,,12,1.0,1.0,1.0,1.0,4.0,3.0,1.0,4.0,3.0,1.0,0.0,0.0,0.0,0.0,1.0,-1.0,0.0,1.0,-1.0,18.2,63.6,30.0,40.0,,,,
2014-03-03,2013,Arouca,Academica,0.0,3.0,A,O,2.5,3.0,3.0,A,,,,,11,1.0,0.0,2.0,2.0,4.0,0.0,4.0,5.0,4.0,1.0,-1.0,-4.0,3.0,1.0,0.0,1.0,1.0,1.0,0.0,20.0,60.0,22.2,44.4,,,,
2014-03-02,2013,Pacos Ferreira,Maritimo,3.0,1.0,H,O,2.5,3.25,2.8,A,,,,,10,1.0,0.0,2.0,1.0,3.0,3.0,0.0,6.0,5.0,1.0,-3.0,-2.0,-1.0,1.0,0.0,1.0,2.0,1.0,1.0,22.2,55.6,20.0,50.0,,,,
2014-03-02,2013,Nacional,Rio Ave,1.0,1.0,D,U,2.1,3.2,3.6,D,,,,,11,3.0,1.0,0.0,2.0,8.0,1.0,7.0,3.0,3.0,0.0,5.0,-2.0,7.0,2.0,0.0,2.0,0.0,1.0,-1.0,50.0,10.0,44.4,33.3,,,,
2014-03-02,2013,Guimaraes,Porto,2.0,2.0,D,O,7.0,4.0,1.5,A,,,,,10,2.0,2.0,1.0,2.0,5.0,5.0,0.0,2.0,5.0,-3.0,3.0,0.0,3.0,1.0,1.0,0.0,0.0,1.0,-1.0,44.4,44.4,50.0,30.0,,,,
2014-03-02,2013,Gil Vicente,Setubal,1.0,0.0,H,U,2.4,3.1,3.1,D,,,,,10,0.0,0.0,3.0,4.0,2.0,1.0,1.0,8.0,8.0,0.0,-6.0,-7.0,1.0,0.0,0.0,0.0,2.0,2.0,0.0,44.4,33.3,20.0,60.0,,,,
2014-03-02,2013,Belenenses,Benfica,0.0,1.0,A,U,10.0,4.75,1.33,A,,,,,10,1.0,3.0,0.0,0.0,2.0,8.0,-6.0,1.0,3.0,-2.0,1.0,5.0,-4.0,0.0,2.0,-2.0,0.0,0.0,0.0,33.3,22.2,70.0,10.0,,,,
2014-03-01,2013,Sp Lisbon,Sp Braga,2.0,1.0,H,O,2.0,3.4,3.75,A,,,,,11,2.0,0.0,0.0,3.0,4.0,4.0,0.0,0.0,8.0,-8.0,4.0,-4.0,8.0,1.0,0.0,1.0,0.0,1.0,-1.0,60.0,0.0,22.2,66.7,,,,
2014-03-01,2013,Estoril,Olhanense,4.0,0.0,H,O,1.3,5.0,10.0,H,,,,,11,2.0,0.0,0.0,4.0,5.0,2.0,3.0,2.0,12.0,-10.0,3.0,-10.0,13.0,1.0,0.0,1.0,0.0,3.0,-3.0,30.0,30.0,0.0,66.7,,,,
2014-02-24,2013,Benfica,Guimaraes,1.0,0.0,H,U,1.22,5.5,17.0,H,,,,,10,3.0,2.0,0.0,2.0,8.0,5.0,3.0,2.0,6.0,-4.0,6.0,-1.0,7.0,3.0,1.0,2.0,0.0,1.0,-1.0,77.8,0.0,50.0,40.0,,,,
2014-02-23,2013,Setubal,Pacos Ferreira,4.0,0.0,H,O,2.6,3.2,2.7,D,,,,,10,3.0,0.0,1.0,3.0,6.0,4.0,2.0,4.0,10.0,-6.0,2.0,-6.0,8.0,1.0,0.0,1.0,1.0,2.0,-1.0,44.4,33.3,10.0,70.0,,,,
2014-02-23,2013,Porto,Estoril,0.0,1.0,A,U,1.44,4.2,7.5,D,,,,,10,4.0,2.0,0.0,0.0,12.0,6.0,6.0,0.0,2.0,-2.0,12.0,4.0,8.0,4.0,1.0,3.0,0.0,0.0,0.0,88.9,0.0,66.7,11.1,,,,
2014-02-23,2013,Olhanense,Gil Vicente,2.0,1.0,H,O,2.9,3.1,2.5,D,,,,,11,1.0,0.0,2.0,4.0,5.0,1.0,4.0,6.0,9.0,-3.0,-1.0,-8.0,7.0,0.0,0.0,0.0,0.0,3.0,-3.0,30.0,60.0,10.0,70.0,,,,
2014-02-23,2013,Maritimo,Belenenses,2.0,0.0,H,U,2.0,3.2,4.0,H,,,,,10,2.0,0.0,0.0,4.0,6.0,0.0,6.0,4.0,8.0,-4.0,2.0,-8.0,10.0,0.0,0.0,0.0,0.0,3.0,-3.0,44.4,22.2,0.0,70.0,,,,
2014-02-22,2013,Sp Braga,Arouca,2.0,2.0,D,O,1.4,4.2,9.5,D,,,,,11,3.0,1.0,0.0,0.0,10.0,7.0,3.0,2.0,4.0,-2.0,8.0,3.0,5.0,3.0,1.0,2.0,0.0,0.0,0.0,60.0,30.0,22.2,33.3,,,,
2014-02-22,2013,Rio Ave,Sp Lisbon,1.0,2.0,A,O,4.33,3.5,1.67,D,,,,,11,1.0,2.0,1.0,1.0,4.0,4.0,0.0,5.0,3.0,2.0,-1.0,1.0,-2.0,0.0,1.0,-1.0,1.0,1.0,0.0,20.0,60.0,66.7,22.2,,,,
2014-02-21,2013,Academica,Nacional,0.0,0.0,D,U,2.75,3.1,2.63,D,,,,,11,2.0,1.0,1.0,0.0,6.0,5.0,1.0,4.0,4.0,0.0,2.0,1.0,1.0,1.0,0.0,1.0,0.0,0.0,0.0,40.0,40.0,33.3,22.2,,,,
2014-02-17,2013,Estoril,Sp Braga,2.0,1.0,H,O,2.55,3.25,2.75,H,,,,,10,1.0,0.0,1.0,3.0,3.0,3.0,0.0,3.0,7.0,-4.0,0.0,-4.0,4.0,1.0,0.0,1.0,1.0,1.0,0.0,22.2,33.3,25.0,62.5,,,,
2014-02-16,2013,Pacos Ferreira,Benfica,0.0,2.0,A,U,9.5,4.5,1.36,D,,,,,9,2.0,3.0,1.0,0.0,4.0,9.0,-5.0,4.0,4.0,0.0,0.0,5.0,-5.0,1.0,2.0,-1.0,1.0,0.0,1.0,25.0,50.0,66.7,11.1,,,,
2014-02-16,2013,Maritimo,Setubal,1.0,0.0,H,U,1.83,3.6,4.2,D,,,,,9,2.0,0.0,0.0,3.0,8.0,3.0,5.0,6.0,9.0,-3.0,2.0,-6.0,8.0,0.0,0.0,0.0,0.0,2.0,-2.0,37.5,25.0,22.2,55.6,,,,
2014-02-16,2013,Guimaraes,Rio Ave,1.0,0.0,H,U,2.3,3.0,3.4,H,,,,,9,1.0,2.0,2.0,1.0,4.0,2.0,2.0,3.0,2.0,1.0,1.0,0.0,1.0,1.0,0.0,1.0,0.0,1.0,-1.0,37.5,50.0,50.0,25.0,,,,
2014-02-16,2013,Gil Vicente,Porto,1.0,2.0,A,O,10.0,6.0,1.25,A,,,,,9,1.0,1.0,2.0,3.0,2.0,3.0,-1.0,6.0,5.0,1.0,-4.0,-2.0,-2.0,0.0,1.0,-1.0,2.0,1.0,1.0,50.0,25.0,44.4,33.3,,,,
2014-02-16,2013,Arouca,Nacional,1.0,1.0,D,U,3.1,3.2,2.3,D,,,,,10,1.0,1.0,3.0,0.0,4.0,5.0,-1.0,6.0,4.0,2.0,-2.0,1.0,-3.0,1.0,0.0,1.0,1.0,0.0,1.0,22.2,66.7,37.5,25.0,,,,
2014-02-15,2013,Sp Lisbon,Olhanense,1.0,0.0,H,U,1.17,7.0,15.0,H,,,,,10,2.0,0.0,0.0,3.0,7.0,2.0,5.0,0.0,11.0,-11.0,7.0,-9.0,16.0,2.0,0.0,2.0,0.0,3.0,-3.0,55.6,0.0,0.0,62.5,,,,
2014-02-15,2013,Belenenses,Academica,0.0,0.0,D,U,2.3,3.0,3.4,D,,,,,9,1.0,1.0,0.0,2.0,3.0,1.0,2.0,2.0,4.0,-2.0,1.0,-3.0,4.0,0.0,0.0,0.0,0.0,1.0,-1.0,37.5,25.0,25.0,50.0,,,,
2014-02-11,2013,Benfica,Sp Lisbon,2.0,0.0,H,U,1.73,3.6,4.75,H,,,,,9,3.0,3.0,0.0,0.0,7.0,5.0,2.0,2.0,1.0,1.0,5.0,4.0,1.0,2.0,1.0,1.0,0.0,0.0,0.0,75.0,0.0,75.0,12.5,,,,
2014-02-10,2013,Academica,Estoril,0.0,1.0,A,U,4.33,3.2,1.91,A,,,,,10,3.0,2.0,0.0,0.0,7.0,7.0,0.0,3.0,2.0,1.0,4.0,5.0,-1.0,1.0,2.0,-1.0,0.0,0.0,0.0,44.4,33.3,62.5,12.5,,,,
2014-02-09,2013,Sp Braga,Gil Vicente,4.0,1.0,H,O,1.3,5.0,10.0,H,,,,,10,3.0,0.0,0.0,3.0,10.0,0.0,10.0,2.0,5.0,-3.0,8.0,-5.0,13.0,3.0,0.0,3.0,0.0,2.0,-2.0,55.6,33.3,11.1,66.7,,,,
2014-02-09,2013,Rio Ave,Arouca,1.0,1.0,D,U,1.91,3.3,4.2,H,,,,,10,1.0,1.0,2.0,1.0,4.0,6.0,-2.0,7.0,4.0,3.0,-3.0,2.0,-5.0,0.0,1.0,-1.0,2.0,0.0,2.0,22.2,66.7,25.0,37.5,,,,
2014-02-09,2013,Porto,Pacos Ferreira,3.0,0.0,H,O,1.17,7.0,17.0,H,,,,,9,3.0,0.0,0.0,3.0,10.0,4.0,6.0,1.0,11.0,-10.0,9.0,-7.0,16.0,3.0,0.0,3.0,0.0,2.0,-2.0,87.5,0.0,11.1,66.7,,,,
2014-02-09,2013,Olhanense,Maritimo,1.0,1.0,D,U,3.75,3.4,2.0,A,,,,,10,1.0,1.0,3.0,1.0,4.0,4.0,0.0,6.0,5.0,1.0,-2.0,-1.0,-1.0,0.0,0.0,0.0,0.0,1.0,-1.0,33.3,66.7,22.2,55.6,,,,
2014-02-08,2013,Setubal,Guimaraes,3.0,2.0,H,O,3.5,3.1,2.2,H,,,,,9,3.0,3.0,1.0,1.0,4.0,5.0,-1.0,2.0,3.0,-1.0,2.0,2.0,0.0,1.0,2.0,-1.0,1.0,1.0,0.0,37.5,37.5,55.6,33.3,,,,
2014-02-08,2013,Nacional,Belenenses,2.0,0.0,H,U,1.91,3.4,4.0,H,,,,,10,2.0,0.0,0.0,3.0,8.0,0.0,8.0,5.0,6.0,-1.0,3.0,-6.0,9.0,1.0,0.0,1.0,0.0,2.0,-2.0,44.4,11.1,0.0,66.7,,,,
2014-02-05,2013,Pacos Ferreira,Olhanense,3.0,1.0,H,O,1.6,3.6,6.0,H,,,,,8,1.0,0.0,2.0,3.0,2.0,1.0,1.0,6.0,10.0,-4.0,-4.0,-9.0,5.0,0.0,0.0,0.0,2.0,3.0,-1.0,14.3,57.1,0.0,57.1,,,,
2014-02-03,2013,Guimaraes,Nacional,1.0,2.0,A,O,2.0,3.3,3.8,D,,,,,8,2.0,0.0,1.0,1.0,4.0,3.0,1.0,1.0,5.0,-4.0,3.0,-2.0,5.0,1.0,0.0,1.0,0.0,1.0,-1.0,42.9,42.9,28.6,28.6,,,,
2014-02-02,2013,Sp Lisbon,Academica,0.0,0.0,D,U,1.33,4.75,9.5,D,,,,,9,3.0,2.0,0.0,2.0,10.0,2.0,8.0,2.0,4.0,-2.0,8.0,-2.0,10.0,2.0,0.0,2.0,0.0,1.0,-1.0,62.5,0.0,28.6,57.1,,,,
2014-02-02,2013,Belenenses,Sp Braga,2.0,1.0,H,O,4.8,3.3,1.8,D,,,,,8,1.0,0.0,0.0,3.0,3.0,2.0,1.0,1.0,8.0,-7.0,2.0,-6.0,8.0,1.0,0.0,1.0,0.0,2.0,-2.0,28.6,28.6,28.6,57.1,,,,
2014-02-01,2013,Setubal,Rio Ave,2.0,0.0,H,U,2.9,3.1,2.5,H,,,,,8,2.0,3.0,1.0,0.0,2.0,3.0,-1.0,2.0,0.0,2.0,0.0,3.0,-3.0,0.0,0.0,0.0,1.0,0.0,1.0,28.6,42.9,57.1,14.3,,,,
2014-02-01,2013,Maritimo,Porto,1.0,0.0,H,U,10.0,4.33,1.36,H,,,,,8,1.0,1.0,1.0,2.0,8.0,4.0,4.0,9.0,5.0,4.0,-1.0,-1.0,0.0,0.0,1.0,-1.0,1.0,1.0,0.0,28.6,28.6,50.0,25.0,,,,
2014-02-01,2013,Gil Vicente,Benfica,1.0,1.0,D,U,12.0,5.0,1.29,D,,,,,8,2.0,4.0,2.0,0.0,3.0,11.0,-8.0,6.0,3.0,3.0,-3.0,8.0,-11.0,0.0,3.0,-3.0,2.0,0.0,2.0,57.1,28.6,75.0,12.5,,,,
2014-01-31,2013,Estoril,Arouca,1.0,1.0,D,U,1.5,4.0,7.0,H,,,,,9,1.0,1.0,2.0,2.0,2.0,5.0,-3.0,4.0,4.0,0.0,-2.0,1.0,-3.0,1.0,1.0,0.0,2.0,0.0,2.0,25.0,37.5,28.6,42.9,,,,
2014-01-20,2013,Nacional,Estoril,2.0,2.0,D,O,3.0,3.2,2.4,A,,,,,9,2.0,3.0,0.0,0.0,6.0,8.0,-2.0,3.0,1.0,2.0,3.0,7.0,-4.0,1.0,3.0,-2.0,0.0,0.0,0.0,50.0,12.5,71.4,14.3,,,,
2014-01-19,2013,Sp Braga,Pacos Ferreira,1.0,1.0,D,U,1.5,4.0,7.0,H,,,,,9,3.0,0.0,1.0,3.0,9.0,3.0,6.0,2.0,10.0,-8.0,7.0,-7.0,14.0,3.0,0.0,3.0,0.0,2.0,-2.0,62.5,37.5,12.5,75.0,,,,
2014-01-19,2013,Rio Ave,Belenenses,1.0,0.0,H,U,2.05,3.2,3.75,D,,,,,9,0.0,0.0,3.0,3.0,3.0,0.0,3.0,9.0,6.0,3.0,-6.0,-6.0,0.0,0.0,0.0,0.0,3.0,2.0,1.0,12.5,75.0,0.0,62.5,,,,
2014-01-19,2013,Porto,Setubal,3.0,0.0,H,O,1.11,8.5,21.0,H,,,,,8,3.0,1.0,0.0,2.0,10.0,5.0,5.0,2.0,6.0,-4.0,8.0,-1.0,9.0,3.0,1.0,2.0,0.0,1.0,-1.0,85.7,0.0,25.0,50.0,,,,
2014-01-19,2013,Benfica,Maritimo,2.0,0.0,H,U,1.22,6.5,11.0,H,,,,,8,3.0,1.0,0.0,1.0,7.0,6.0,1.0,2.0,6.0,-4.0,5.0,0.0,5.0,2.0,0.0,2.0,0.0,0.0,0.0,71.4,0.0,25.0,50.0,,,,
2014-01-19,2013,Academica,Gil Vicente,1.0,0.0,H,U,2.05,3.25,3.75,D,,,,,9,2.0,0.0,1.0,3.0,6.0,2.0,4.0,6.0,7.0,-1.0,0.0,-5.0,5.0,1.0,0.0,1.0,1.0,2.0,-1.0,37.5,37.5,12.5,62.5,,,,
2014-01-18,2013,Arouca,Sp Lisbon,1.0,2.0,A,O,6.5,3.9,1.53,D,,,,,9,1.0,2.0,2.0,1.0,3.0,4.0,-1.0,4.0,3.0,1.0,-1.0,1.0,-2.0,1.0,1.0,0.0,1.0,1.0,0.0,25.0,62.5,71.4,14.3,,,,
2014-01-17,2013,Olhanense,Guimaraes,0.0,1.0,A,U,4.2,3.25,1.91,A,,,,,9,1.0,2.0,3.0,2.0,4.0,4.0,0.0,6.0,4.0,2.0,-2.0,0.0,-2.0,0.0,2.0,-2.0,0.0,1.0,-1.0,37.5,62.5,50.0,37.5,,,,
2014-01-12,2013,Olhanense,Setubal,2.0,1.0,H,O,2.9,3.1,2.5,D,,,,,8,1.0,1.0,3.0,2.0,3.0,4.0,-1.0,5.0,8.0,-3.0,-2.0,-4.0,2.0,0.0,1.0,-1.0,0.0,2.0,-2.0,28.6,71.4,28.6,42.9,,,,
2014-01-12,2013,Nacional,Gil Vicente,2.0,0.0,H,U,1.73,3.5,5.0,H,,,,,8,2.0,1.0,0.0,2.0,7.0,3.0,4.0,3.0,5.0,-2.0,4.0,-2.0,6.0,1.0,0.0,1.0,0.0,1.0,-1.0,42.9,14.3,14.3,57.1,,,,
2014-01-12,2013,Benfica,Porto,2.0,0.0,H,U,2.38,3.25,3.0,H,,,,,7,2.0,2.0,0.0,1.0,6.0,7.0,-1.0,3.0,4.0,-1.0,3.0,3.0,0.0,1.0,2.0,-1.0,0.0,0.0,0.0,66.7,0.0,57.1,14.3,,,,
2014-01-12,2013,Arouca,Belenenses,2.0,0.0,H,U,2.6,3.0,2.9,H,,,,,8,0.0,0.0,3.0,2.0,2.0,0.0,2.0,7.0,4.0,3.0,-5.0,-4.0,-1.0,0.0,0.0,0.0,2.0,1.0,1.0,14.3,71.4,0.0,57.1,,,,
2014-01-12,2013,Academica,Pacos Ferreira,4.0,2.0,H,O,2.5,3.1,2.9,D,,,,,8,1.0,0.0,2.0,3.0,2.0,2.0,0.0,5.0,8.0,-3.0,-3.0,-6.0,3.0,0.0,0.0,0.0,1.0,1.0,0.0,28.6,42.9,14.3,71.4,,,,
2014-01-11,2013,Rio Ave,Maritimo,1.0,1.0,D,U,2.3,3.2,3.2,D,,,,,8,0.0,1.0,4.0,2.0,2.0,5.0,-3.0,9.0,6.0,3.0,-7.0,-1.0,-6.0,0.0,0.0,0.0,3.0,0.0,3.0,14.3,85.7,28.6,57.1,,,,
2014-01-11,2013,Estoril,Sp Lisbon,0.0,0.0,D,U,3.2,3.4,2.2,D,,,,,8,1.0,3.0,3.0,1.0,3.0,6.0,-3.0,6.0,4.0,2.0,-3.0,2.0,-5.0,1.0,1.0,0.0,2.0,1.0,1.0,28.6,42.9,83.3,16.7,,,,
2014-01-10,2013,Sp Braga,Guimaraes,3.0,0.0,H,O,1.67,3.5,5.5,H,,,,,8,2.0,3.0,2.0,1.0,6.0,7.0,-1.0,3.0,2.0,1.0,3.0,5.0,-2.0,2.0,3.0,-1.0,0.0,0.0,0.0,57.1,42.9,57.1,28.6,,,,
2013-12-22,2013,Gil Vicente,Arouca,0.0,3.0,A,O,2.3,3.2,3.2,A,,,,,7,2.0,0.0,1.0,2.0,4.0,2.0,2.0,4.0,4.0,0.0,0.0,-2.0,2.0,0.0,0.0,0.0,1.0,0.0,1.0,66.7,16.7,16.7,50.0,,,,
2013-12-22,2013,Belenenses,Estoril,0.0,0.0,D,U,3.0,3.2,2.4,D,,,,,7,2.0,4.0,0.0,0.0,4.0,10.0,-6.0,1.0,2.0,-1.0,3.0,8.0,-5.0,1.0,3.0,-2.0,0.0,0.0,0.0,33.3,33.3,83.3,16.7,,,,
2013-12-21,2013,Sp Lisbon,Nacional,0.0,0.0,D,U,1.4,4.5,7.5,D,,,,,8,4.0,1.0,0.0,1.0,14.0,6.0,8.0,2.0,5.0,-3.0,12.0,1.0,11.0,3.0,1.0,2.0,0.0,1.0,-1.0,71.4,0.0,33.3,33.3,,,,
2013-12-21,2013,Pacos Ferreira,Rio Ave,0.0,0.0,D,U,2.2,3.1,3.5,D,,,,,7,1.0,3.0,2.0,0.0,3.0,4.0,-1.0,7.0,1.0,6.0,-4.0,3.0,-7.0,0.0,0.0,0.0,2.0,0.0,2.0,16.7,66.7,66.7,16.7,,,,
2013-12-21,2013,Guimaraes,Academica,3.0,0.0,H,O,1.85,3.3,4.5,H,,,,,7,1.0,2.0,2.0,2.0,1.0,2.0,-1.0,2.0,2.0,0.0,-1.0,0.0,-1.0,0.0,0.0,0.0,0.0,0.0,0.0,33.3,50.0,33.3,50.0,,,,
2013-12-20,2013,Setubal,Benfica,0.0,2.0,A,U,9.0,5.0,1.33,D,,,,,7,2.0,4.0,0.0,0.0,4.0,11.0,-7.0,2.0,4.0,-2.0,2.0,7.0,-5.0,0.0,2.0,-2.0,0.0,0.0,0.0,33.3,33.3,71.4,14.3,,,,
2013-12-20,2013,Porto,Olhanense,4.0,0.0,H,O,1.08,9.0,29.0,H,,,,,7,3.0,0.0,0.0,2.0,7.0,2.0,5.0,2.0,7.0,-5.0,5.0,-5.0,10.0,2.0,0.0,2.0,0.0,2.0,-2.0,83.3,0.0,0.0,50.0,,,,
2013-12-19,2013,Maritimo,Sp Braga,2.0,2.0,D,O,3.6,3.3,2.05,H,,,,,7,1.0,1.0,2.0,3.0,9.0,1.0,8.0,11.0,6.0,5.0,-2.0,-5.0,3.0,0.0,0.0,0.0,1.0,2.0,-1.0,33.3,33.3,33.3,66.7,,,,
2013-12-16,2013,Nacional,Pacos Ferreira,2.0,1.0,H,O,2.1,3.25,3.6,H,,,,,7,2.0,1.0,0.0,2.0,6.0,5.0,1.0,2.0,9.0,-7.0,4.0,-4.0,8.0,1.0,0.0,1.0,0.0,1.0,-1.0,33.3,16.7,16.7,66.7,,,,
2013-12-16,2013,Estoril,Gil Vicente,2.0,0.0,H,U,1.57,3.8,6.0,H,,,,,7,0.0,1.0,3.0,1.0,3.0,5.0,-2.0,8.0,5.0,3.0,-5.0,0.0,-5.0,0.0,0.0,0.0,2.0,0.0,2.0,16.7,50.0,16.7,50.0,,,,
2013-12-15,2013,Rio Ave,Porto,1.0,3.0,A,O,7.0,4.0,1.5,D,,,,,7,0.0,1.0,4.0,1.0,1.0,6.0,-5.0,9.0,5.0,4.0,-8.0,1.0,-9.0,0.0,1.0,-1.0,3.0,0.0,3.0,16.7,83.3,50.0,16.7,,,,
2013-12-15,2013,Olhanense,Benfica,2.0,3.0,A,O,13.0,5.25,1.25,D,,,,,7,1.0,4.0,3.0,0.0,2.0,9.0,-7.0,4.0,2.0,2.0,-2.0,7.0,-9.0,0.0,2.0,-2.0,0.0,0.0,0.0,33.3,66.7,66.7,16.7,,,,
2013-12-15,2013,Arouca,Guimaraes,0.0,2.0,A,U,3.2,3.25,2.25,A,,,,,7,0.0,2.0,3.0,2.0,2.0,5.0,-3.0,6.0,3.0,3.0,-4.0,2.0,-6.0,0.0,2.0,-2.0,1.0,0.0,1.0,16.7,66.7,50.0,33.3,,,,
2013-12-14,2013,Sp Lisbon,Belenenses,3.0,0.0,H,O,1.36,4.75,8.0,H,,,,,7,3.0,0.0,0.0,1.0,12.0,1.0,11.0,3.0,2.0,1.0,9.0,-1.0,10.0,2.0,0.0,2.0,0.0,0.0,0.0,66.7,0.0,0.0,50.0,,,,
2013-12-14,2013,Sp Braga,Setubal,2.0,0.0,H,U,1.33,4.75,10.0,H,,,,,7,1.0,1.0,3.0,1.0,5.0,5.0,0.0,5.0,7.0,-2.0,0.0,-2.0,2.0,1.0,1.0,0.0,0.0,1.0,-1.0,50.0,50.0,33.3,33.3,,,,
2013-12-13,2013,Academica,Maritimo,1.0,1.0,D,U,2.6,3.0,2.88,H,,,,,7,1.0,1.0,2.0,3.0,1.0,4.0,-3.0,4.0,6.0,-2.0,-3.0,-2.0,-1.0,0.0,0.0,0.0,1.0,0.0,1.0,33.3,50.0,33.3,66.7,,,,
2013-12-09,2013,Setubal,Academica,1.0,0.0,H,U,2.6,3.2,2.7,D,,,,,6,1.0,2.0,1.0,1.0,5.0,3.0,2.0,6.0,2.0,4.0,-1.0,1.0,-2.0,0.0,0.0,0.0,1.0,0.0,1.0,20.0,40.0,40.0,40.0,,,,
2013-12-08,2013,Olhanense,Rio Ave,0.0,1.0,A,U,3.6,3.3,2.05,D,,,,,6,1.0,2.0,3.0,1.0,2.0,3.0,-1.0,5.0,2.0,3.0,-3.0,1.0,-4.0,0.0,0.0,0.0,1.0,0.0,1.0,40.0,60.0,60.0,20.0,,,,
2013-12-08,2013,Maritimo,Nacional,2.0,2.0,D,O,2.55,3.4,2.63,D,,,,,6,1.0,2.0,2.0,1.0,8.0,7.0,1.0,10.0,5.0,5.0,-2.0,2.0,-4.0,0.0,1.0,-1.0,1.0,1.0,0.0,40.0,40.0,40.0,40.0,,,,
2013-12-08,2013,Gil Vicente,Sp Lisbon,0.0,2.0,A,U,5.5,3.8,1.62,A,,,,,6,3.0,3.0,0.0,1.0,5.0,6.0,-1.0,2.0,4.0,-2.0,3.0,2.0,1.0,0.0,1.0,-1.0,0.0,1.0,-1.0,80.0,0.0,80.0,20.0,,,,
2013-12-07,2013,Porto,Sp Braga,2.0,0.0,H,U,1.57,3.75,6.0,D,,,,,6,3.0,1.0,0.0,3.0,7.0,1.0,6.0,2.0,5.0,-3.0,5.0,-4.0,9.0,2.0,0.0,2.0,0.0,1.0,-1.0,80.0,0.0,40.0,60.0,,,,
2013-12-07,2013,Pacos Ferreira,Estoril,0.0,3.0,A,O,3.0,3.25,2.38,A,,,,,6,1.0,3.0,2.0,1.0,3.0,9.0,-6.0,5.0,5.0,0.0,-2.0,4.0,-6.0,0.0,2.0,-2.0,1.0,0.0,1.0,20.0,60.0,80.0,20.0,,,,
2013-12-07,2013,Guimaraes,Belenenses,0.0,0.0,D,U,2.0,3.4,3.75,D,,,,,6,1.0,0.0,3.0,2.0,2.0,2.0,0.0,6.0,4.0,2.0,-4.0,-2.0,-2.0,0.0,0.0,0.0,1.0,0.0,1.0,40.0,60.0,0.0,60.0,,,,
2013-12-06,2013,Benfica,Arouca,2.0,2.0,D,O,1.17,6.5,19.0,D,,,,,6,3.0,1.0,0.0,2.0,7.0,1.0,6.0,2.0,2.0,0.0,5.0,-1.0,6.0,2.0,0.0,2.0,0.0,0.0,0.0,80.0,0.0,20.0,60.0,,,,
2013-12-02,2013,Estoril,Guimaraes,0.0,2.0,A,U,1.91,3.4,4.0,A,,,,,6,0.0,2.0,2.0,2.0,4.0,4.0,0.0,7.0,3.0,4.0,-3.0,1.0,-4.0,0.0,1.0,-1.0,1.0,0.0,1.0,20.0,40.0,40.0,40.0,,,,
2013-12-01,2013,Sp Lisbon,Pacos Ferreira,4.0,0.0,H,O,1.4,4.5,8.0,H,,,,,6,2.0,1.0,0.0,2.0,9.0,6.0,3.0,4.0,8.0,-4.0,5.0,-2.0,7.0,1.0,0.0,1.0,0.0,1.0,-1.0,60.0,0.0,20.0,60.0,,,,
2013-12-01,2013,Rio Ave,Benfica,1.0,3.0,A,O,6.0,4.0,1.53,A,,,,,6,0.0,3.0,4.0,0.0,0.0,7.0,-7.0,7.0,2.0,5.0,-7.0,5.0,-12.0,0.0,1.0,-1.0,2.0,0.0,2.0,20.0,80.0,60.0,20.0,,,,
2013-12-01,2013,Nacional,Setubal,2.0,2.0,D,O,1.75,3.5,4.75,H,,,,,6,2.0,2.0,1.0,1.0,4.0,7.0,-3.0,1.0,6.0,-5.0,3.0,1.0,2.0,1.0,2.0,-1.0,0.0,1.0,-1.0,40.0,20.0,40.0,40.0,,,,
2013-12-01,2013,Belenenses,Gil Vicente,0.0,0.0,D,U,1.95,3.2,4.2,D,,,,,6,2.0,1.0,1.0,2.0,6.0,5.0,1.0,4.0,7.0,-3.0,2.0,-2.0,4.0,1.0,0.0,1.0,0.0,1.0,-1.0,40.0,40.0,20.0,60.0,,,,
2013-12-01,2013,Arouca,Maritimo,1.0,2.0,A,O,2.88,3.2,2.5,D,,,,,6,1.0,1.0,2.0,3.0,2.0,6.0,-4.0,4.0,7.0,-3.0,-2.0,-1.0,-1.0,0.0,1.0,-1.0,1.0,0.0,1.0,20.0,60.0,20.0,80.0,,,,
2013-11-30,2013,Academica,Porto,1.0,0.0,H,U,11.0,4.5,1.33,H,,,,,6,1.0,2.0,2.0,0.0,2.0,7.0,-5.0,5.0,4.0,1.0,-3.0,3.0,-6.0,0.0,1.0,-1.0,1.0,0.0,1.0,20.0,60.0,60.0,0.0,,,,
2013-11-29,2013,Sp Braga,Olhanense,4.0,1.0,H,O,1.25,5.0,15.0,H,,,,,6,1.0,0.0,3.0,1.0,4.0,2.0,2.0,6.0,4.0,2.0,-2.0,-2.0,0.0,0.0,0.0,0.0,0.0,1.0,-1.0,40.0,60.0,0.0,40.0,,,,
2013-11-25,2013,Olhanense,Academica,0.0,1.0,A,U,2.9,3.1,2.5,A,,,,,5,2.0,1.0,2.0,2.0,3.0,2.0,1.0,4.0,4.0,0.0,-1.0,-2.0,1.0,0.0,0.0,0.0,1.0,1.0,0.0,50.0,50.0,25.0,50.0,,,,
2013-11-24,2013,Setubal,Arouca,1.0,0.0,H,U,2.38,3.2,3.0,H,,,,,5,0.0,1.0,2.0,2.0,5.0,2.0,3.0,9.0,6.0,3.0,-4.0,-4.0,0.0,0.0,0.0,0.0,2.0,1.0,1.0,0.0,50.0,25.0,50.0,,,,
2013-11-24,2013,Rio Ave,Estoril,0.0,2.0,A,U,2.6,3.25,2.7,D,,,,,5,1.0,3.0,3.0,1.0,2.0,9.0,-7.0,5.0,6.0,-1.0,-3.0,3.0,-6.0,1.0,1.0,0.0,1.0,0.0,1.0,25.0,75.0,75.0,25.0,,,,
2013-11-24,2013,Pacos Ferreira,Belenenses,1.0,0.0,H,U,2.05,3.3,3.6,H,,,,,5,0.0,0.0,3.0,2.0,2.0,3.0,-1.0,7.0,5.0,2.0,-5.0,-2.0,-3.0,0.0,0.0,0.0,2.0,0.0,2.0,0.0,75.0,0.0,50.0,,,,
2013-11-24,2013,Maritimo,Gil Vicente,3.0,2.0,H,O,2.15,3.25,3.4,D,,,,,5,1.0,1.0,2.0,2.0,7.0,4.0,3.0,9.0,6.0,3.0,-2.0,-2.0,0.0,0.0,0.0,0.0,1.0,1.0,0.0,25.0,50.0,25.0,50.0,,,,
2013-11-24,2013,Guimaraes,Sp Lisbon,0.0,1.0,A,U,4.2,3.6,1.83,D,,,,,5,2.0,3.0,2.0,1.0,4.0,9.0,-5.0,5.0,4.0,1.0,-1.0,5.0,-6.0,1.0,2.0,-1.0,1.0,1.0,0.0,50.0,50.0,75.0,25.0,,,,
2013-11-23,2013,Porto,Nacional,1.0,1.0,D,U,1.25,6.0,10.0,D,,,,,5,4.0,2.0,0.0,2.0,9.0,7.0,2.0,1.0,7.0,-6.0,8.0,0.0,8.0,3.0,1.0,2.0,0.0,2.0,-2.0,100.0,0.0,50.0,50.0,,,,
2013-11-23,2013,Benfica,Sp Braga,1.0,0.0,H,U,1.57,3.8,6.0,D,,,,,5,3.0,2.0,0.0,2.0,8.0,3.0,5.0,3.0,4.0,-1.0,5.0,-1.0,6.0,2.0,1.0,1.0,0.0,1.0,-1.0,75.0,0.0,50.0,50.0,,,,
2013-11-03,2013,Sp Braga,Rio Ave,0.0,1.0,A,U,1.6,3.6,6.0,D,,,,,5,2.0,2.0,2.0,1.0,6.0,5.0,1.0,6.0,2.0,4.0,0.0,3.0,-3.0,0.0,1.0,-1.0,0.0,0.0,0.0,50.0,50.0,50.0,25.0,,,,
2013-11-03,2013,Nacional,Olhanense,0.0,0.0,D,U,1.62,3.6,6.0,D,,,,,5,2.0,0.0,1.0,2.0,5.0,2.0,3.0,2.0,6.0,-4.0,3.0,-4.0,7.0,1.0,0.0,1.0,0.0,2.0,-2.0,50.0,25.0,0.0,50.0,,,,
2013-11-03,2013,Gil Vicente,Guimaraes,1.0,0.0,H,U,2.8,3.1,2.6,H,,,,,5,3.0,2.0,0.0,1.0,6.0,5.0,1.0,2.0,3.0,-1.0,4.0,2.0,2.0,1.0,1.0,0.0,0.0,0.0,0.0,75.0,0.0,50.0,25.0,,,,
2013-11-03,2013,Estoril,Setubal,0.0,2.0,A,U,1.62,3.75,5.5,D,,,,,5,1.0,1.0,1.0,2.0,7.0,5.0,2.0,6.0,8.0,-2.0,1.0,-3.0,4.0,1.0,1.0,0.0,0.0,2.0,-2.0,25.0,25.0,25.0,50.0,,,,
2013-11-03,2013,Arouca,Pacos Ferreira,0.0,0.0,D,U,2.8,3.2,2.5,D,,,,,5,1.0,1.0,3.0,3.0,3.0,6.0,-3.0,6.0,9.0,-3.0,-3.0,-3.0,0.0,0.0,0.0,0.0,1.0,1.0,0.0,25.0,75.0,25.0,75.0,,,,
2013-11-02,2013,Sp Lisbon,Maritimo,3.0,2.0,H,O,1.36,4.5,9.5,A,,,,,5,2.0,1.0,0.0,3.0,11.0,4.0,7.0,3.0,7.0,-4.0,8.0,-3.0,11.0,2.0,1.0,1.0,0.0,1.0,-1.0,50.0,0.0,25.0,75.0,,,,
2013-11-02,2013,Belenenses,Porto,1.0,1.0,D,U,11.0,4.5,1.33,D,,,,,5,2.0,3.0,2.0,0.0,5.0,9.0,-4.0,6.0,4.0,2.0,-1.0,5.0,-6.0,1.0,2.0,-1.0,1.0,0.0,1.0,50.0,50.0,75.0,0.0,,,,
2013-11-01,2013,Academica,Benfica,0.0,3.0,A,O,8.0,4.5,1.4,A,,,,,5,1.0,2.0,2.0,1.0,2.0,5.0,-3.0,6.0,4.0,2.0,-4.0,1.0,-5.0,0.0,0.0,0.0,1.0,0.0,1.0,25.0,50.0,50.0,25.0,,,,
2013-10-28,2013,Pacos Ferreira,Guimaraes,1.0,3.0,A,O,2.25,3.2,3.3,D,,,,,4,,,,,,,,,,,,,,,,,,,,0.0,66.7,33.3,33.3,,,,
2013-10-27,2013,Porto,Sp Lisbon,3.0,1.0,H,O,1.57,3.75,6.0,H,,,,,4,,,,,,,,,,,,,,,,,,,,100.0,0.0,100.0,0.0,,,,
2013-10-27,2013,Maritimo,Estoril,1.0,3.0,A,O,2.75,3.2,2.6,D,,,,,4,,,,,,,,,,,,,,,,,,,,33.3,33.3,66.7,33.3,,,,
2013-10-27,2013,Benfica,Nacional,2.0,0.0,H,U,1.29,5.0,12.0,H,,,,,4,,,,,,,,,,,,,,,,,,,,66.7,0.0,66.7,33.3,,,,
2013-10-26,2013,Setubal,Belenenses,0.0,0.0,D,U,2.5,3.2,2.8,D,,,,,4,,,,,,,,,,,,,,,,,,,,0.0,66.7,0.0,66.7,,,,
2013-10-26,2013,Rio Ave,Gil Vicente,0.0,1.0,A,U,1.83,3.4,4.5,D,,,,,4,,,,,,,,,,,,,,,,,,,,33.3,66.7,0.0,66.7,,,,
2013-10-26,2013,Olhanense,Arouca,1.0,0.0,H,U,2.6,3.1,2.8,D,,,,,4,,,,,,,,,,,,,,,,,,,,33.3,66.7,33.3,33.3,,,,
2013-10-25,2013,Sp Braga,Academica,0.0,1.0,A,U,1.4,4.33,8.5,A,,,,,4,,,,,,,,,,,,,,,,,,,,66.7,33.3,0.0,66.7,,,,
2013-10-07,2013,Guimaraes,Maritimo,1.0,0.0,H,U,2.2,3.4,3.2,D,,,,,4,,,,,,,,,,,,,,,,,,,,33.3,66.7,33.3,66.7,,,,
2013-10-06,2013,Nacional,Sp Braga,3.0,0.0,H,O,3.75,3.3,2.0,H,,,,,4,,,,,,,,,,,,,,,,,,,,33.3,33.3,66.7,33.3,,,,
2013-10-06,2013,Gil Vicente,Pacos Ferreira,2.0,1.0,H,O,3.0,3.4,2.3,D,,,,,4,,,,,,,,,,,,,,,,,,,,66.7,0.0,33.3,66.7,,,,
2013-10-06,2013,Estoril,Benfica,1.0,2.0,A,O,5.5,3.5,1.67,A,,,,,4,,,,,,,,,,,,,,,,,,,,33.3,0.0,33.3,33.3,,,,
2013-10-06,2013,Arouca,Porto,1.0,3.0,A,O,15.0,5.5,1.22,A,,,,,4,,,,,,,,,,,,,,,,,,,,33.3,66.7,66.7,0.0,,,,
2013-10-05,2013,Sp Lisbon,Setubal,4.0,0.0,H,O,1.33,4.75,9.5,H,,,,,4,,,,,,,,,,,,,,,,,,,,33.3,0.0,33.3,33.3,,,,
2013-10-05,2013,Belenenses,Olhanense,2.0,0.0,H,U,2.05,3.2,3.8,H,,,,,4,,,,,,,,,,,,,,,,,,,,33.3,66.7,0.0,33.3,,,,
2013-10-04,2013,Academica,Rio Ave,0.0,1.0,A,U,3.0,3.25,2.38,D,,,,,4,,,,,,,,,,,,,,,,,,,,33.3,33.3,33.3,33.3,,,,
2013-09-30,2013,Setubal,Gil Vicente,2.0,2.0,D,O,2.2,3.3,3.25,H,,,,,3,,,,,,,,,,,,,,,,,,,,0.0,100.0,0.0,100.0,,,,
2013-09-28,2013,Sp Braga,Sp Lisbon,1.0,2.0,A,O,2.4,3.4,2.8,D,,,,,3,,,,,,,,,,,,,,,,,,,,100.0,0.0,100.0,0.0,,,,
2013-09-28,2013,Rio Ave,Nacional,0.0,3.0,A,O,2.1,3.2,3.6,A,,,,,3,,,,,,,,,,,,,,,,,,,,50.0,50.0,50.0,50.0,,,,
2013-09-28,2013,Olhanense,Estoril,1.0,2.0,A,O,3.8,3.3,2.0,D,,,,,3,,,,,,,,,,,,,,,,,,,,50.0,50.0,50.0,50.0,,,,
2013-09-28,2013,Maritimo,Pacos Ferreira,3.0,4.0,A,O,2.1,3.2,3.6,H,,,,,3,,,,,,,,,,,,,,,,,,,,50.0,0.0,0.0,100.0,,,,
2013-09-28,2013,Benfica,Belenenses,1.0,1.0,D,U,1.13,8.5,17.0,D,,,,,3,,,,,,,,,,,,,,,,,,,,100.0,0.0,0.0,100.0,,,,
2013-09-28,2013,Academica,Arouca,0.0,0.0,D,U,2.1,3.4,3.3,D,,,,,3,,,,,,,,,,,,,,,,,,,,50.0,50.0,50.0,50.0,,,,
2013-09-27,2013,Porto,Guimaraes,1.0,0.0,H,U,1.18,6.5,15.0,D,,,,,3,,,,,,,,,,,,,,,,,,,,100.0,0.0,50.0,0.0,,,,
2013-09-23,2013,Pacos Ferreira,Setubal,1.0,1.0,D,U,1.85,3.4,4.33,A,,,,,3,,,,,,,,,,,,,,,,,,,,0.0,100.0,50.0,50.0,,,,
2013-09-22,2013,Nacional,Academica,1.0,0.0,H,U,1.91,3.4,4.0,H,,,,,3,,,,,,,,,,,,,,,,,,,,0.0,50.0,0.0,50.0,,,,
2013-09-22,2013,Guimaraes,Benfica,0.0,1.0,A,U,8.5,4.33,1.4,D,,,,,3,,,,,,,,,,,,,,,,,,,,50.0,50.0,0.0,50.0,,,,
2013-09-22,2013,Estoril,Porto,2.0,2.0,D,O,8.5,4.33,1.4,D,,,,,3,,,,,,,,,,,,,,,,,,,,50.0,0.0,100.0,0.0,,,,
2013-09-21,2013,Sp Lisbon,Rio Ave,1.0,1.0,D,U,1.36,4.2,11.0,H,,,,,3,,,,,,,,,,,,,,,,,,,,50.0,0.0,50.0,50.0,,,,
2013-09-21,2013,Gil Vicente,Olhanense,1.0,1.0,D,U,2.0,3.4,3.75,H,,,,,3,,,,,,,,,,,,,,,,,,,,100.0,0.0,0.0,50.0,,,,
2013-09-21,2013,Belenenses,Maritimo,1.0,0.0,H,U,2.9,3.4,2.38,H,,,,,3,,,,,,,,,,,,,,,,,,,,0.0,100.0,50.0,50.0,,,,
2013-09-20,2013,Arouca,Sp Braga,0.0,1.0,A,U,4.75,3.6,1.73,A,,,,,3,,,,,,,,,,,,,,,,,,,,50.0,50.0,50.0,50.0,,,,
2013-09-15,2013,Sp Braga,Estoril,3.0,2.0,H,O,1.57,3.8,6.0,D,,,,,2,,,,,,,,,,,,,,,,,,,,100.0,0.0,100.0,0.0,,,,
2013-09-15,2013,Setubal,Maritimo,2.0,4.0,A,O,2.9,3.2,2.45,D,,,,,2,,,,,,,,,,,,,,,,,,,,0.0,100.0,0.0,100.0,,,,
2013-09-15,2013,Olhanense,Sp Lisbon,0.0,2.0,A,U,7.0,4.0,1.5,D,,,,,2,,,,,,,,,,,,,,,,,,,,100.0,0.0,100.0,0.0,,,,
2013-09-15,2013,Nacional,Arouca,0.0,1.0,A,U,1.75,3.5,4.75,D,,,,,2,,,,,,,,,,,,,,,,,,,,0.0,0.0,0.0,100.0,,,,
2013-09-15,2013,Academica,Belenenses,2.0,1.0,H,O,2.1,3.3,3.5,A,,,,,2,,,,,,,,,,,,,,,,,,,,0.0,100.0,0.0,100.0,,,,
2013-09-14,2013,Rio Ave,Guimaraes,0.0,1.0,A,U,1.85,3.4,4.33,D,,,,,2,,,,,,,,,,,,,,,,,,,,100.0,0.0,0.0,0.0,,,,
2013-09-14,2013,Porto,Gil Vicente,2.0,0.0,H,U,1.14,7.5,17.0,H,,,,,2,,,,,,,,,,,,,,,,,,,,100.0,0.0,0.0,100.0,,,,
2013-09-14,2013,Benfica,Pacos Ferreira,3.0,1.0,H,O,1.25,5.5,12.0,H,,,,,2,,,,,,,,,,,,,,,,,,,,100.0,0.0,0.0,100.0,,,,
2013-09-02,2013,Estoril,Academica,1.0,1.0,D,U,1.57,3.8,6.0,A,,,,,2,,,,,,,,,,,,,,,,,,,,100.0,0.0,0.0,100.0,,,,
2013-09-01,2013,Pacos Ferreira,Porto,0.0,1.0,A,U,12.0,5.5,1.25,D,,,,,2,,,,,,,,,,,,,,,,,,,,0.0,100.0,100.0,0.0,,,,
2013-09-01,2013,Maritimo,Olhanense,1.0,1.0,D,U,1.73,3.75,4.5,A,,,,,2,,,,,,,,,,,,,,,,,,,,100.0,0.0,0.0,100.0,,,,
2013-09-01,2013,Gil Vicente,Sp Braga,1.0,0.0,H,U,4.75,3.6,1.75,D,,,,,2,,,,,,,,,,,,,,,,,,,,100.0,0.0,100.0,0.0,,,,
2013-09-01,2013,Belenenses,Nacional,2.0,3.0,A,O,2.8,3.25,2.5,D,,,,,2,,,,,,,,,,,,,,,,,,,,0.0,100.0,0.0,100.0,,,,
2013-09-01,2013,Arouca,Rio Ave,1.0,0.0,H,U,3.3,3.3,2.2,D,,,,,2,,,,,,,,,,,,,,,,,,,,0.0,100.0,100.0,0.0,,,,
2013-08-31,2013,Sp Lisbon,Benfica,1.0,1.0,D,U,2.88,3.4,2.38,H,,,,,2,,,,,,,,,,,,,,,,,,,,100.0,0.0,0.0,100.0,,,,
2013-08-31,2013,Guimaraes,Setubal,1.0,4.0,A,O,1.8,3.5,4.5,D,,,,,2,,,,,,,,,,,,,,,,,,,,100.0,0.0,0.0,100.0,,,,
2013-08-26,2013,Sp Braga,Belenenses,2.0,1.0,H,O,1.33,4.5,11.0,H,,,,,1,,,,,,,,,,,,,,,,,,,,,,,,,,,
2013-08-25,2013,Rio Ave,Setubal,2.0,0.0,H,U,1.73,3.5,5.0,H,,,,,1,,,,,,,,,,,,,,,,,,,,,,,,,,,
2013-08-25,2013,Porto,Maritimo,3.0,0.0,H,O,1.17,7.5,13.0,H,,,,,1,,,,,,,,,,,,,,,,,,,,,,,,,,,
2013-08-25,2013,Nacional,Guimaraes,1.0,1.0,D,U,2.0,3.3,3.8,D,,,,,1,,,,,,,,,,,,,,,,,,,,,,,,,,,
2013-08-25,2013,Benfica,Gil Vicente,2.0,1.0,H,O,1.17,7.0,15.0,D,,,,,1,,,,,,,,,,,,,,,,,,,,,,,,,,,
2013-08-25,2013,Arouca,Estoril,1.0,2.0,A,O,2.9,3.25,2.4,A,,,,,1,,,,,,,,,,,,,,,,,,,,,,,,,,,
2013-08-24,2013,Olhanense,Pacos Ferreira,1.0,0.0,H,U,2.6,3.2,2.7,H,,,,,1,,,,,,,,,,,,,,,,,,,,,,,,,,,
2013-08-24,2013,Academica,Sp Lisbon,0.0,4.0,A,O,4.0,3.4,1.91,A,,,,,1,,,,,,,,,,,,,,,,,,,,,,,,,,,
2013-08-18,2013,Sp Lisbon,Arouca,5.0,1.0,H,O,1.4,4.5,8.0,H,,,,,1,,,,,,,,,,,,,,,,,,,,,,,,,,,
2013-08-18,2013,Setubal,Porto,1.0,3.0,A,O,12.0,5.5,1.25,H,,,,,1,,,,,,,,,,,,,,,,,,,,,,,,,,,
2013-08-18,2013,Maritimo,Benfica,2.0,1.0,H,O,7.5,4.2,1.44,H,,,,,1,,,,,,,,,,,,,,,,,,,,,,,,,,,
2013-08-18,2013,Gil Vicente,Academica,2.0,0.0,H,U,2.3,3.2,3.1,H,,,,,1,,,,,,,,,,,,,,,,,,,,,,,,,,,
2013-08-18,2013,Belenenses,Rio Ave,0.0,3.0,A,O,2.63,3.1,2.75,A,,,,,1,,,,,,,,,,,,,,,,,,,,,,,,,,,
2013-08-17,2013,Guimaraes,Olhanense,2.0,0.0,H,U,2.0,3.4,3.75,D,,,,,1,,,,,,,,,,,,,,,,,,,,,,,,,,,
2013-08-17,2013,Estoril,Nacional,3.0,1.0,H,O,2.3,3.25,3.1,H,,,,,1,,,,,,,,,,,,,,,,,,,,,,,,,,,
2013-08-16,2013,Pacos Ferreira,Sp Braga,0.0,2.0,A,U,3.6,3.25,2.1,A,,,,,1,,,,,,,,,,,,,,,,,,,,,,,,,,,
2013-05-19,2012,Setubal,Sp Braga,0.0,1.0,A,U,3.4,3.4,2.1,A,,,,,15,1.0,2.0,3.0,2.0,5.0,8.0,-3.0,8.0,8.0,0.0,-3.0,0.0,-3.0,0.0,1.0,-1.0,1.0,1.0,0.0,42.9,50.0,42.9,35.7,,,,
2013-05-19,2012,Pacos Ferreira,Porto,0.0,2.0,A,U,9.0,5.5,1.3,A,,,,,15,3.0,3.0,0.0,0.0,7.0,10.0,-3.0,4.0,2.0,2.0,3.0,8.0,-5.0,0.0,3.0,-3.0,0.0,0.0,0.0,57.1,7.1,64.3,0.0,,,,
2013-05-19,2012,Olhanense,Maritimo,0.0,0.0,D,U,1.85,3.4,4.33,D,,,,,15,1.0,1.0,3.0,3.0,3.0,7.0,-4.0,6.0,10.0,-4.0,-3.0,-3.0,0.0,0.0,1.0,-1.0,1.0,2.0,-1.0,21.4,57.1,35.7,50.0,,,,
2013-05-19,2012,Nacional,Academica,2.0,1.0,H,O,2.0,3.4,3.75,H,,,,,15,2.0,1.0,1.0,3.0,6.0,2.0,4.0,6.0,5.0,1.0,0.0,-3.0,3.0,0.0,0.0,0.0,1.0,1.0,0.0,35.7,28.6,14.3,50.0,,,,
2013-05-19,2012,Guimaraes,Rio Ave,0.0,1.0,A,U,1.95,3.5,3.75,D,,,,,15,2.0,0.0,1.0,3.0,7.0,3.0,4.0,8.0,10.0,-2.0,-1.0,-7.0,6.0,1.0,0.0,1.0,1.0,1.0,0.0,42.9,28.6,42.9,42.9,,,,
2013-05-19,2012,Gil Vicente,Estoril,1.0,3.0,A,O,2.5,3.1,2.9,H,,,,,15,2.0,0.0,2.0,2.0,6.0,2.0,4.0,6.0,5.0,1.0,0.0,-3.0,3.0,1.0,0.0,1.0,1.0,1.0,0.0,28.6,50.0,21.4,50.0,,,,
2013-05-19,2012,Benfica,Moreirense,3.0,1.0,H,O,1.17,7.0,15.0,A,,,,,15,3.0,1.0,0.0,2.0,14.0,4.0,10.0,2.0,5.0,-3.0,12.0,-1.0,13.0,3.0,0.0,3.0,0.0,0.0,0.0,78.6,0.0,14.3,57.1,,,,
2013-05-19,2012,Beira Mar,Sp Lisbon,1.0,4.0,A,O,2.88,3.2,2.5,A,,,,,15,2.0,1.0,1.0,2.0,7.0,4.0,3.0,5.0,6.0,-1.0,2.0,-2.0,4.0,1.0,0.0,1.0,0.0,1.0,-1.0,21.4,35.7,21.4,42.9,,,,
2013-05-11,2012,Sp Lisbon,Olhanense,1.0,0.0,H,U,1.5,4.0,7.0,D,,,,,15,3.0,1.0,0.0,2.0,7.0,3.0,4.0,4.0,6.0,-2.0,3.0,-3.0,6.0,0.0,0.0,0.0,0.0,2.0,-2.0,42.9,28.6,14.3,42.9,,,,
2013-05-11,2012,Sp Braga,Nacional,1.0,3.0,A,O,1.5,4.0,7.0,H,,,,,15,3.0,1.0,1.0,2.0,8.0,5.0,3.0,5.0,9.0,-4.0,3.0,-4.0,7.0,1.0,0.0,1.0,0.0,1.0,-1.0,64.3,28.6,28.6,57.1,,,,
2013-05-11,2012,Rio Ave,Gil Vicente,2.0,1.0,H,O,2.15,3.3,3.4,H,,,,,15,2.0,0.0,2.0,4.0,4.0,3.0,1.0,5.0,12.0,-7.0,-1.0,-9.0,8.0,0.0,0.0,0.0,1.0,2.0,-1.0,28.6,42.9,14.3,57.1,,,,
2013-05-11,2012,Porto,Benfica,2.0,1.0,H,O,2.0,3.6,3.5,D,,,,,15,4.0,4.0,0.0,0.0,9.0,9.0,0.0,2.0,1.0,1.0,7.0,8.0,-1.0,3.0,2.0,1.0,0.0,0.0,0.0,92.9,0.0,85.7,0.0,,,,
2013-05-11,2012,Moreirense,Setubal,2.0,1.0,H,O,2.1,3.3,3.5,D,,,,,15,0.0,0.0,2.0,4.0,4.0,2.0,2.0,8.0,8.0,0.0,-4.0,-6.0,2.0,0.0,0.0,0.0,1.0,2.0,-1.0,14.3,50.0,7.1,64.3,,,,
2013-05-11,2012,Maritimo,Guimaraes,1.0,0.0,H,U,2.1,3.3,3.5,H,,,,,15,0.0,2.0,1.0,2.0,4.0,8.0,-4.0,5.0,8.0,-3.0,-1.0,0.0,-1.0,0.0,0.0,0.0,0.0,0.0,0.0,21.4,21.4,35.7,42.9,,,,
2013-05-11,2012,Estoril,Beira Mar,2.0,1.0,H,O,1.8,3.5,4.5,D,,,,,15,4.0,0.0,0.0,3.0,11.0,3.0,8.0,2.0,6.0,-4.0,9.0,-3.0,12.0,3.0,0.0,3.0,0.0,0.0,0.0,57.1,28.6,14.3,71.4,,,,
2013-05-11,2012,Academica,Pacos Ferreira,1.0,1.0,D,U,3.2,3.0,2.4,D,,,,,15,1.0,1.0,2.0,1.0,4.0,5.0,-1.0,7.0,7.0,0.0,-3.0,-2.0,-1.0,0.0,0.0,0.0,1.0,1.0,0.0,28.6,42.9,42.9,14.3,,,,
2013-05-06,2012,Benfica,Estoril,1.0,1.0,D,U,1.2,5.5,13.0,D,,,,,14,4.0,1.0,0.0,2.0,16.0,3.0,13.0,1.0,4.0,-3.0,15.0,-1.0,16.0,4.0,1.0,3.0,0.0,1.0,-1.0,84.6,0.0,23.1,53.8,,,,
2013-05-05,2012,Setubal,Academica,0.0,1.0,A,U,2.4,3.2,3.0,D,,,,,14,2.0,0.0,2.0,4.0,6.0,1.0,5.0,7.0,7.0,0.0,-1.0,-6.0,5.0,0.0,0.0,0.0,1.0,2.0,-1.0,46.2,46.2,7.7,53.8,,,,
2013-05-05,2012,Pacos Ferreira,Sp Lisbon,1.0,0.0,H,U,2.5,3.2,2.88,D,,,,,14,3.0,1.0,0.0,2.0,8.0,5.0,3.0,4.0,8.0,-4.0,4.0,-3.0,7.0,1.0,0.0,1.0,0.0,2.0,-2.0,53.8,7.7,23.1,38.5,,,,
2013-05-05,2012,Olhanense,Rio Ave,1.0,0.0,H,U,2.4,3.25,2.9,H,,,,,14,0.0,0.0,4.0,3.0,2.0,4.0,-2.0,7.0,11.0,-4.0,-5.0,-7.0,2.0,0.0,0.0,0.0,1.0,1.0,0.0,15.4,61.5,46.2,38.5,,,,
2013-05-05,2012,Guimaraes,Gil Vicente,3.0,1.0,H,O,2.1,3.25,3.5,D,,,,,14,2.0,0.0,1.0,3.0,6.0,2.0,4.0,7.0,9.0,-2.0,-1.0,-7.0,6.0,1.0,0.0,1.0,1.0,1.0,0.0,38.5,30.8,15.4,53.8,,,,
2013-05-05,2012,Beira Mar,Maritimo,4.0,2.0,H,O,2.4,3.3,2.88,D,,,,,14,1.0,2.0,2.0,2.0,3.0,8.0,-5.0,4.0,8.0,-4.0,-1.0,0.0,-1.0,0.0,1.0,-1.0,0.0,1.0,-1.0,15.4,38.5,38.5,46.2,,,,
2013-05-04,2012,Nacional,Porto,1.0,3.0,A,O,10.0,5.0,1.3,A,,,,,14,3.0,2.0,0.0,0.0,8.0,7.0,1.0,4.0,1.0,3.0,4.0,6.0,-2.0,1.0,2.0,-1.0,0.0,0.0,0.0,38.5,23.1,61.5,0.0,,,,
2013-05-03,2012,Moreirense,Sp Braga,2.0,3.0,A,O,4.75,3.6,1.73,A,,,,,14,0.0,2.0,1.0,2.0,2.0,6.0,-4.0,5.0,6.0,-1.0,-3.0,0.0,-3.0,0.0,1.0,-1.0,1.0,1.0,0.0,15.4,46.2,38.5,38.5,,,,
2013-04-29,2012,Maritimo,Benfica,1.0,2.0,A,O,8.5,4.33,1.4,D,,,,,14,1.0,3.0,0.0,0.0,5.0,9.0,-4.0,4.0,2.0,2.0,1.0,7.0,-6.0,0.0,2.0,-2.0,0.0,0.0,0.0,23.1,15.4,84.6,0.0,,,,
2013-04-28,2012,Sp Lisbon,Nacional,2.0,1.0,H,O,1.75,3.6,4.75,H,,,,,14,2.0,1.0,1.0,1.0,5.0,5.0,0.0,4.0,8.0,-4.0,1.0,-3.0,4.0,0.0,0.0,0.0,0.0,1.0,-1.0,38.5,30.8,30.8,53.8,,,,
2013-04-28,2012,Rio Ave,Beira Mar,2.0,1.0,H,O,1.91,3.5,4.0,A,,,,,14,1.0,0.0,2.0,3.0,3.0,2.0,1.0,5.0,7.0,-2.0,-2.0,-5.0,3.0,0.0,0.0,0.0,1.0,1.0,0.0,23.1,46.2,15.4,69.2,,,,
2013-04-28,2012,Guimaraes,Pacos Ferreira,2.0,2.0,D,O,3.0,3.3,2.2,D,,,,,13,3.0,2.0,1.0,1.0,5.0,6.0,-1.0,5.0,7.0,-2.0,0.0,-1.0,1.0,1.0,0.0,1.0,1.0,1.0,0.0,41.7,33.3,46.2,15.4,,,,
2013-04-28,2012,Gil Vicente,Olhanense,2.0,0.0,H,U,2.3,3.25,3.1,H,,,,,14,1.0,1.0,3.0,1.0,6.0,4.0,2.0,9.0,5.0,4.0,-3.0,-1.0,-2.0,0.0,0.0,0.0,1.0,1.0,0.0,23.1,53.8,15.4,38.5,,,,
2013-04-28,2012,Academica,Moreirense,1.0,0.0,H,U,2.1,3.3,3.5,H,,,,,14,0.0,1.0,3.0,2.0,4.0,4.0,0.0,9.0,5.0,4.0,-5.0,-1.0,-4.0,0.0,0.0,0.0,1.0,0.0,1.0,23.1,46.2,15.4,53.8,,,,
2013-04-27,2012,Porto,Setubal,2.0,0.0,H,U,1.13,9.0,15.0,D,,,,,14,3.0,1.0,0.0,3.0,8.0,3.0,5.0,3.0,6.0,-3.0,5.0,-3.0,8.0,2.0,0.0,2.0,0.0,1.0,-1.0,92.3,0.0,7.7,61.5,,,,
2013-04-26,2012,Estoril,Sp Braga,2.0,1.0,H,O,3.4,3.25,2.15,A,,,,,14,4.0,2.0,0.0,1.0,11.0,6.0,5.0,1.0,5.0,-4.0,10.0,1.0,9.0,4.0,1.0,3.0,0.0,1.0,-1.0,53.8,30.8,41.7,33.3,,,,
2013-04-22,2012,Olhanense,Guimaraes,1.0,2.0,A,O,2.38,3.1,3.1,A,,,,,13,0.0,1.0,4.0,3.0,1.0,6.0,-5.0,6.0,9.0,-3.0,-5.0,-3.0,-2.0,0.0,0.0,0.0,1.0,1.0,0.0,16.7,58.3,30.8,46.2,,,,
2013-04-21,2012,Setubal,Estoril,1.0,0.0,H,U,3.3,3.2,2.2,D,,,,,13,2.0,1.0,2.0,2.0,6.0,4.0,2.0,7.0,5.0,2.0,-1.0,-1.0,0.0,0.0,1.0,-1.0,1.0,1.0,0.0,41.7,50.0,25.0,50.0,,,,
2013-04-21,2012,Nacional,Maritimo,2.0,1.0,H,O,2.2,3.3,3.3,D,,,,,13,2.0,3.0,0.0,1.0,8.0,8.0,0.0,5.0,6.0,-1.0,3.0,2.0,1.0,1.0,1.0,0.0,0.0,1.0,-1.0,33.3,25.0,41.7,41.7,,,,
2013-04-21,2012,Benfica,Sp Lisbon,2.0,0.0,H,U,1.36,4.75,8.5,H,,,,,13,4.0,2.0,0.0,1.0,15.0,8.0,7.0,1.0,8.0,-7.0,14.0,0.0,14.0,3.0,0.0,3.0,0.0,1.0,-1.0,83.3,0.0,25.0,33.3,,,,
2013-04-21,2012,Beira Mar,Gil Vicente,1.0,0.0,H,U,2.25,3.2,3.3,D,,,,,13,0.0,0.0,3.0,3.0,2.0,2.0,0.0,6.0,9.0,-3.0,-4.0,-7.0,3.0,0.0,0.0,0.0,1.0,1.0,0.0,8.3,41.7,16.7,50.0,,,,
2013-04-20,2012,Pacos Ferreira,Rio Ave,2.0,1.0,H,O,2.05,3.4,3.5,D,,,,,13,2.0,1.0,0.0,2.0,7.0,5.0,2.0,4.0,10.0,-6.0,3.0,-5.0,8.0,1.0,0.0,1.0,0.0,1.0,-1.0,50.0,8.3,50.0,33.3,,,,
2013-04-20,2012,Moreirense,Porto,0.0,3.0,A,O,13.0,5.75,1.22,A,,,,,13,1.0,2.0,0.0,0.0,5.0,6.0,-1.0,2.0,1.0,1.0,3.0,5.0,-2.0,1.0,2.0,-1.0,0.0,0.0,0.0,16.7,41.7,58.3,0.0,,,,
2013-04-19,2012,Sp Braga,Academica,1.0,0.0,H,U,1.4,4.5,8.0,H,,,,,14,2.0,0.0,2.0,4.0,9.0,1.0,8.0,8.0,7.0,1.0,1.0,-6.0,7.0,1.0,0.0,1.0,0.0,2.0,-2.0,61.5,30.8,8.3,50.0,,,,
2013-04-08,2012,Porto,Sp Braga,3.0,1.0,H,O,1.44,4.33,7.0,D,,,,,13,3.0,2.0,0.0,0.0,10.0,8.0,2.0,2.0,5.0,-3.0,8.0,3.0,5.0,2.0,1.0,1.0,0.0,0.0,0.0,91.7,0.0,45.5,27.3,,,,
2013-04-07,2012,Rio Ave,Setubal,2.0,1.0,H,O,1.83,3.3,4.75,H,,,,,13,1.0,1.0,2.0,3.0,3.0,2.0,1.0,5.0,7.0,-2.0,-2.0,-5.0,3.0,0.0,0.0,0.0,1.0,2.0,-1.0,16.7,50.0,8.3,58.3,,,,
2013-04-07,2012,Olhanense,Benfica,0.0,2.0,A,U,13.0,5.25,1.25,D,,,,,12,0.0,3.0,3.0,0.0,1.0,9.0,-8.0,4.0,3.0,1.0,-3.0,6.0,-9.0,0.0,1.0,-1.0,0.0,0.0,0.0,18.2,54.5,83.3,0.0,,,,
2013-04-07,2012,Guimaraes,Beira Mar,2.0,1.0,H,O,2.1,3.1,3.75,D,,,,,12,2.0,0.0,2.0,3.0,3.0,2.0,1.0,8.0,8.0,0.0,-5.0,-6.0,1.0,1.0,0.0,1.0,2.0,2.0,0.0,36.4,36.4,16.7,66.7,,,,
2013-04-07,2012,Gil Vicente,Academica,2.0,1.0,H,O,2.3,3.25,3.1,A,,,,,13,1.0,0.0,3.0,3.0,8.0,0.0,8.0,10.0,5.0,5.0,-2.0,-5.0,3.0,1.0,0.0,1.0,1.0,2.0,-1.0,16.7,58.3,9.1,45.5,,,,
2013-04-07,2012,Estoril,Nacional,4.0,0.0,H,O,2.25,3.1,3.3,H,,,,,13,3.0,2.0,0.0,0.0,10.0,7.0,3.0,4.0,4.0,0.0,6.0,3.0,3.0,3.0,1.0,2.0,0.0,0.0,0.0,50.0,33.3,33.3,50.0,,,,
2013-04-06,2012,Sp Lisbon,Moreirense,3.0,2.0,H,O,1.53,3.8,6.5,H,,,,,13,1.0,2.0,1.0,1.0,3.0,4.0,-1.0,3.0,3.0,0.0,0.0,1.0,-1.0,0.0,0.0,0.0,0.0,0.0,0.0,33.3,33.3,16.7,50.0,,,,
2013-04-05,2012,Maritimo,Pacos Ferreira,1.0,1.0,D,U,2.38,3.0,3.2,D,,,,,13,1.0,3.0,0.0,1.0,5.0,10.0,-5.0,4.0,6.0,-2.0,1.0,4.0,-3.0,0.0,1.0,-1.0,0.0,1.0,-1.0,25.0,16.7,50.0,16.7,,,,
2013-04-01,2012,Sp Braga,Sp Lisbon,2.0,3.0,A,O,1.83,3.6,4.2,D,,,,,13,2.0,1.0,2.0,2.0,8.0,6.0,2.0,7.0,8.0,-1.0,1.0,-2.0,3.0,1.0,0.0,1.0,0.0,1.0,-1.0,66.7,25.0,18.2,36.4,,,,
2013-04-01,2012,Nacional,Guimaraes,2.0,1.0,H,O,1.91,3.5,4.0,D,,,,,12,1.0,1.0,1.0,2.0,7.0,6.0,1.0,6.0,8.0,-2.0,1.0,-2.0,3.0,1.0,0.0,1.0,0.0,1.0,-1.0,27.3,27.3,33.3,41.7,,,,
2013-03-30,2012,Setubal,Maritimo,2.0,4.0,A,O,2.88,3.2,2.5,A,,,,,12,2.0,2.0,2.0,2.0,4.0,6.0,-2.0,5.0,8.0,-3.0,-1.0,-2.0,1.0,0.0,0.0,0.0,1.0,2.0,-1.0,45.5,45.5,36.4,45.5,,,,
2013-03-30,2012,Moreirense,Estoril,1.0,1.0,D,U,2.8,3.1,2.6,H,,,,,12,1.0,1.0,1.0,3.0,4.0,3.0,1.0,6.0,5.0,1.0,-2.0,-2.0,0.0,1.0,1.0,0.0,1.0,1.0,0.0,18.2,45.5,27.3,54.5,,,,
2013-03-30,2012,Benfica,Rio Ave,6.0,1.0,H,O,1.2,6.5,13.0,H,,,,,12,4.0,1.0,0.0,1.0,12.0,5.0,7.0,0.0,5.0,-5.0,12.0,0.0,12.0,3.0,0.0,3.0,0.0,0.0,0.0,81.8,0.0,54.5,27.3,,,,
2013-03-30,2012,Beira Mar,Olhanense,0.0,1.0,A,U,2.3,3.2,3.2,D,,,,,12,0.0,0.0,2.0,1.0,5.0,6.0,-1.0,8.0,8.0,0.0,-3.0,-2.0,-1.0,0.0,0.0,0.0,1.0,1.0,0.0,9.1,36.4,8.3,41.7,,,,
2013-03-30,2012,Academica,Porto,0.0,3.0,A,O,10.0,4.75,1.33,A,,,,,13,1.0,2.0,2.0,0.0,7.0,7.0,0.0,7.0,1.0,6.0,0.0,6.0,-6.0,1.0,2.0,-1.0,0.0,0.0,0.0,25.0,41.7,54.5,0.0,,,,
2013-03-29,2012,Pacos Ferreira,Gil Vicente,3.0,2.0,H,O,1.73,3.5,5.0,H,,,,,12,2.0,0.0,0.0,3.0,5.0,0.0,5.0,2.0,11.0,-9.0,3.0,-11.0,14.0,1.0,0.0,1.0,0.0,2.0,-2.0,45.5,9.1,18.2,45.5,,,,
2013-03-17,2012,Rio Ave,Moreirense,0.0,1.0,A,U,1.75,3.4,5.0,D,,,,,12,1.0,1.0,2.0,2.0,4.0,3.0,1.0,7.0,8.0,-1.0,-3.0,-5.0,2.0,0.0,0.0,0.0,2.0,1.0,1.0,18.2,45.5,9.1,54.5,,,,
2013-03-17,2012,Maritimo,Porto,1.0,1.0,D,U,8.5,4.33,1.4,D,,,,,12,2.0,3.0,0.0,0.0,5.0,9.0,-4.0,3.0,0.0,3.0,2.0,9.0,-7.0,0.0,3.0,-3.0,0.0,0.0,0.0,27.3,18.2,60.0,0.0,,,,
2013-03-17,2012,Guimaraes,Benfica,0.0,4.0,A,O,8.0,4.75,1.36,A,,,,,11,2.0,3.0,1.0,0.0,4.0,7.0,-3.0,5.0,3.0,2.0,-1.0,4.0,-5.0,1.0,1.0,0.0,1.0,0.0,1.0,40.0,30.0,81.8,0.0,,,,
2013-03-17,2012,Estoril,Academica,2.0,0.0,H,U,1.83,3.3,4.5,H,,,,,12,2.0,0.0,1.0,3.0,9.0,0.0,9.0,6.0,4.0,2.0,3.0,-4.0,7.0,2.0,0.0,2.0,0.0,1.0,-1.0,45.5,36.4,10.0,40.0,,,,
2013-03-17,2012,Beira Mar,Nacional,2.0,2.0,D,O,3.0,3.25,2.38,H,,,,,11,0.0,2.0,3.0,1.0,3.0,6.0,-3.0,7.0,4.0,3.0,-4.0,2.0,-6.0,0.0,1.0,-1.0,1.0,0.0,1.0,10.0,40.0,36.4,54.5,,,,
2013-03-16,2012,Sp Lisbon,Setubal,2.0,1.0,H,O,1.44,4.1,8.0,H,,,,,12,1.0,1.0,1.0,3.0,2.0,2.0,0.0,2.0,9.0,-7.0,0.0,-7.0,7.0,0.0,0.0,0.0,0.0,3.0,-3.0,27.3,36.4,9.1,54.5,,,,
2013-03-16,2012,Olhanense,Pacos Ferreira,1.0,2.0,A,O,3.5,3.1,2.2,A,,,,,11,0.0,2.0,3.0,2.0,0.0,8.0,-8.0,4.0,7.0,-3.0,-4.0,1.0,-5.0,0.0,1.0,-1.0,1.0,2.0,-1.0,20.0,50.0,45.5,18.2,,,,
2013-03-15,2012,Gil Vicente,Sp Braga,1.0,3.0,A,O,5.5,3.8,1.62,A,,,,,12,1.0,1.0,3.0,1.0,7.0,7.0,0.0,8.0,7.0,1.0,-1.0,0.0,-1.0,1.0,0.0,1.0,0.0,0.0,0.0,18.2,54.5,40.0,30.0,,,,
2013-03-11,2012,Setubal,Guimaraes,2.0,3.0,A,O,2.5,3.3,2.75,A,,,,,11,2.0,1.0,2.0,2.0,2.0,6.0,-4.0,5.0,7.0,-2.0,-3.0,-1.0,-2.0,0.0,1.0,-1.0,2.0,1.0,1.0,50.0,40.0,27.3,45.5,,,,
2013-03-10,2012,Pacos Ferreira,Beira Mar,1.0,1.0,D,U,1.57,4.0,5.75,A,,,,,11,3.0,0.0,0.0,4.0,5.0,1.0,4.0,1.0,8.0,-7.0,4.0,-7.0,11.0,1.0,0.0,1.0,0.0,2.0,-2.0,50.0,10.0,18.2,72.7,,,,
2013-03-10,2012,Nacional,Rio Ave,1.0,1.0,D,U,2.0,3.5,3.6,H,,,,,11,2.0,2.0,1.0,1.0,9.0,5.0,4.0,7.0,4.0,3.0,2.0,1.0,1.0,1.0,0.0,1.0,0.0,0.0,0.0,30.0,30.0,60.0,30.0,,,,
2013-03-10,2012,Moreirense,Olhanense,1.0,1.0,D,U,2.1,3.4,3.4,H,,,,,11,1.0,0.0,2.0,2.0,3.0,5.0,-2.0,7.0,8.0,-1.0,-4.0,-3.0,-1.0,1.0,0.0,1.0,2.0,1.0,1.0,20.0,50.0,9.1,45.5,,,,
2013-03-10,2012,Benfica,Gil Vicente,5.0,0.0,H,O,1.17,6.0,23.0,H,,,,,11,3.0,1.0,0.0,2.0,9.0,2.0,7.0,2.0,7.0,-5.0,7.0,-5.0,12.0,2.0,0.0,2.0,0.0,1.0,-1.0,80.0,0.0,20.0,40.0,,,,
2013-03-09,2012,Sp Braga,Maritimo,2.0,0.0,H,U,1.53,4.2,5.75,H,,,,,12,2.0,2.0,2.0,1.0,10.0,7.0,3.0,8.0,7.0,1.0,2.0,0.0,2.0,1.0,0.0,1.0,0.0,1.0,-1.0,63.6,27.3,40.0,40.0,,,,
2013-03-09,2012,Academica,Sp Lisbon,1.0,1.0,D,U,3.1,3.4,2.25,H,,,,,12,2.0,2.0,2.0,2.0,8.0,7.0,1.0,7.0,7.0,0.0,1.0,0.0,1.0,1.0,1.0,0.0,0.0,1.0,-1.0,27.3,45.5,20.0,40.0,,,,
2013-03-08,2012,Porto,Estoril,2.0,0.0,H,U,1.25,5.25,13.0,H,,,,,12,3.0,2.0,0.0,2.0,10.0,4.0,6.0,2.0,3.0,-1.0,8.0,1.0,7.0,2.0,1.0,1.0,0.0,0.0,0.0,90.9,0.0,30.0,50.0,,,,
2013-03-04,2012,Olhanense,Sp Braga,0.0,1.0,A,U,5.5,3.8,1.62,A,,,,,10,0.0,1.0,2.0,1.0,2.0,10.0,-8.0,5.0,8.0,-3.0,-3.0,2.0,-5.0,0.0,1.0,-1.0,1.0,0.0,1.0,22.2,44.4,33.3,33.3,,,,
2013-03-04,2012,Guimaraes,Academica,2.0,0.0,H,U,2.4,3.2,3.0,H,,,,,10,2.0,0.0,1.0,2.0,4.0,2.0,2.0,5.0,4.0,1.0,-1.0,-2.0,1.0,1.0,0.0,1.0,1.0,0.0,1.0,33.3,33.3,11.1,33.3,,,,
2013-03-03,2012,Rio Ave,Estoril,0.0,2.0,A,U,2.05,3.25,3.75,D,,,,,11,1.0,1.0,2.0,3.0,4.0,2.0,2.0,6.0,6.0,0.0,-2.0,-4.0,2.0,0.0,0.0,0.0,1.0,1.0,0.0,20.0,40.0,22.2,55.6,,,,
2013-03-03,2012,Maritimo,Moreirense,1.0,1.0,D,U,1.91,3.3,4.2,D,,,,,11,2.0,1.0,0.0,3.0,5.0,2.0,3.0,3.0,8.0,-5.0,2.0,-6.0,8.0,0.0,0.0,0.0,0.0,1.0,-1.0,30.0,20.0,10.0,60.0,,,,
2013-03-03,2012,Gil Vicente,Nacional,1.0,2.0,A,O,3.2,3.2,2.25,H,,,,,11,1.0,1.0,2.0,2.0,6.0,4.0,2.0,6.0,4.0,2.0,0.0,0.0,0.0,1.0,1.0,0.0,0.0,0.0,0.0,20.0,50.0,30.0,60.0,,,,
2013-03-03,2012,Beira Mar,Benfica,0.0,1.0,A,U,12.0,5.5,1.25,A,,,,,10,1.0,3.0,2.0,0.0,6.0,9.0,-3.0,7.0,4.0,3.0,-1.0,5.0,-6.0,1.0,2.0,-1.0,1.0,0.0,1.0,11.1,33.3,80.0,0.0,,,,
2013-03-02,2012,Sp Lisbon,Porto,0.0,0.0,D,U,5.0,3.75,1.67,D,,,,,11,1.0,3.0,2.0,0.0,2.0,11.0,-9.0,3.0,2.0,1.0,-1.0,9.0,-10.0,0.0,3.0,-3.0,0.0,0.0,0.0,30.0,40.0,66.7,0.0,,,,
2013-03-02,2012,Pacos Ferreira,Setubal,2.0,0.0,H,U,1.62,3.6,6.0,H,,,,,10,3.0,1.0,0.0,3.0,5.0,4.0,1.0,2.0,11.0,-9.0,3.0,-7.0,10.0,0.0,0.0,0.0,0.0,3.0,-3.0,44.4,11.1,10.0,50.0,,,,
2013-02-25,2012,Academica,Maritimo,2.0,3.0,A,O,2.4,3.2,3.0,A,,,,,11,3.0,1.0,1.0,2.0,10.0,5.0,5.0,6.0,9.0,-3.0,4.0,-4.0,8.0,2.0,0.0,2.0,0.0,2.0,-2.0,30.0,40.0,33.3,44.4,,,,
2013-02-24,2012,Nacional,Olhanense,3.0,1.0,H,O,1.8,3.5,4.5,H,,,,,10,1.0,1.0,1.0,1.0,7.0,5.0,2.0,7.0,5.0,2.0,0.0,0.0,0.0,0.0,0.0,0.0,0.0,0.0,0.0,22.2,33.3,10.0,40.0,,,,
2013-02-24,2012,Moreirense,Gil Vicente,0.0,0.0,D,U,2.3,3.2,3.2,D,,,,,10,1.0,1.0,2.0,2.0,5.0,4.0,1.0,9.0,9.0,0.0,-4.0,-5.0,1.0,1.0,0.0,1.0,2.0,1.0,1.0,22.2,55.6,22.2,44.4,,,,
2013-02-24,2012,Benfica,Pacos Ferreira,3.0,0.0,H,O,1.25,5.25,13.0,H,,,,,10,3.0,3.0,0.0,1.0,10.0,9.0,1.0,3.0,4.0,-1.0,7.0,5.0,2.0,2.0,1.0,1.0,0.0,1.0,-1.0,77.8,0.0,50.0,10.0,,,,
2013-02-23,2012,Sp Braga,Guimaraes,3.0,2.0,H,O,1.44,4.0,8.5,H,,,,,11,2.0,1.0,2.0,1.0,8.0,4.0,4.0,6.0,4.0,2.0,2.0,0.0,2.0,1.0,1.0,0.0,0.0,1.0,-1.0,60.0,30.0,30.0,40.0,,,,
2013-02-23,2012,Setubal,Beira Mar,1.0,0.0,H,U,2.38,3.25,3.0,H,,,,,10,2.0,0.0,2.0,3.0,6.0,2.0,4.0,5.0,8.0,-3.0,1.0,-6.0,7.0,1.0,0.0,1.0,2.0,2.0,0.0,44.4,44.4,20.0,70.0,,,,
2013-02-23,2012,Porto,Rio Ave,2.0,1.0,H,O,1.22,6.0,12.0,D,,,,,11,3.0,2.0,0.0,1.0,9.0,5.0,4.0,1.0,5.0,-4.0,8.0,0.0,8.0,2.0,0.0,2.0,0.0,1.0,-1.0,90.0,0.0,66.7,22.2,,,,
2013-02-22,2012,Estoril,Sp Lisbon,3.0,1.0,H,O,3.0,3.25,2.38,H,,,,,11,1.0,2.0,2.0,1.0,7.0,7.0,0.0,8.0,5.0,3.0,-1.0,2.0,-3.0,1.0,1.0,0.0,1.0,0.0,1.0,40.0,40.0,22.2,33.3,,,,
2013-02-18,2012,Rio Ave,Sp Braga,1.0,1.0,D,U,3.4,3.4,2.1,D,,,,,10,1.0,1.0,2.0,2.0,3.0,9.0,-6.0,5.0,8.0,-3.0,-2.0,1.0,-3.0,0.0,1.0,-1.0,1.0,0.0,1.0,22.2,44.4,37.5,37.5,,,,
2013-02-17,2012,Pacos Ferreira,Nacional,1.0,1.0,D,U,2.1,3.3,3.5,H,,,,,9,3.0,1.0,0.0,3.0,6.0,3.0,3.0,3.0,5.0,-2.0,3.0,-2.0,5.0,0.0,1.0,-1.0,0.0,1.0,-1.0,50.0,12.5,33.3,66.7,,,,
2013-02-17,2012,Olhanense,Setubal,0.0,1.0,A,U,2.0,3.3,3.8,D,,,,,9,1.0,0.0,1.0,4.0,3.0,3.0,0.0,4.0,14.0,-10.0,-1.0,-11.0,10.0,0.0,0.0,0.0,1.0,4.0,-3.0,25.0,37.5,0.0,55.6,,,,
2013-02-17,2012,Maritimo,Estoril,2.0,1.0,H,O,2.25,3.25,3.25,H,,,,,10,2.0,1.0,0.0,3.0,5.0,1.0,4.0,2.0,5.0,-3.0,3.0,-4.0,7.0,1.0,0.0,1.0,0.0,1.0,-1.0,22.2,22.2,25.0,50.0,,,,
2013-02-17,2012,Guimaraes,Moreirense,1.0,0.0,H,U,2.05,3.25,3.75,H,,,,,9,1.0,1.0,2.0,3.0,4.0,2.0,2.0,8.0,8.0,0.0,-4.0,-6.0,2.0,1.0,0.0,1.0,2.0,1.0,1.0,25.0,37.5,11.1,55.6,,,,
2013-02-17,2012,Benfica,Academica,1.0,0.0,H,U,1.22,6.0,13.0,D,,,,,9,3.0,0.0,0.0,2.0,11.0,3.0,8.0,3.0,5.0,-2.0,8.0,-2.0,10.0,3.0,0.0,3.0,0.0,0.0,0.0,75.0,0.0,12.5,25.0,,,,
2013-02-16,2012,Gil Vicente,Sp Lisbon,2.0,3.0,A,O,3.6,3.25,2.1,A,,,,,10,1.0,1.0,2.0,1.0,5.0,6.0,-1.0,5.0,5.0,0.0,0.0,1.0,-1.0,1.0,1.0,0.0,0.0,0.0,0.0,22.2,44.4,12.5,37.5,,,,
2013-02-15,2012,Beira Mar,Porto,0.0,2.0,A,U,10.0,5.5,1.29,A,,,,,9,1.0,3.0,1.0,0.0,8.0,11.0,-3.0,7.0,2.0,5.0,1.0,9.0,-8.0,1.0,3.0,-2.0,0.0,0.0,0.0,12.5,25.0,62.5,0.0,,,,
2013-02-11,2012,Sp Braga,Pacos Ferreira,2.0,3.0,A,O,1.62,3.6,6.0,A,,,,,10,3.0,2.0,1.0,1.0,9.0,6.0,3.0,3.0,2.0,1.0,6.0,4.0,2.0,2.0,1.0,1.0,0.0,1.0,-1.0,66.7,22.2,44.4,11.1,,,,
2013-02-10,2012,Sp Lisbon,Maritimo,0.0,1.0,A,U,1.67,3.6,5.5,A,,,,,10,1.0,0.0,2.0,2.0,3.0,6.0,-3.0,5.0,11.0,-6.0,-2.0,-5.0,3.0,0.0,0.0,0.0,1.0,2.0,-1.0,33.3,33.3,25.0,50.0,,,,
2013-02-10,2012,Setubal,Gil Vicente,1.0,0.0,H,U,2.38,3.2,3.0,H,,,,,9,1.0,1.0,3.0,1.0,8.0,6.0,2.0,10.0,10.0,0.0,-2.0,-4.0,2.0,1.0,0.0,1.0,3.0,1.0,2.0,37.5,50.0,25.0,37.5,,,,
2013-02-10,2012,Porto,Olhanense,1.0,1.0,D,U,1.1,10.0,13.0,A,,,,,10,4.0,1.0,0.0,2.0,9.0,4.0,5.0,0.0,6.0,-6.0,9.0,-2.0,11.0,2.0,0.0,2.0,0.0,1.0,-1.0,100.0,0.0,11.1,44.4,,,,
2013-02-10,2012,Nacional,Benfica,2.0,2.0,D,O,8.0,4.0,1.44,A,,,,,9,2.0,4.0,1.0,0.0,6.0,10.0,-4.0,5.0,3.0,2.0,1.0,7.0,-6.0,0.0,3.0,-3.0,0.0,0.0,0.0,25.0,37.5,88.9,0.0,,,,
2013-02-10,2012,Moreirense,Beira Mar,3.0,0.0,H,O,2.5,3.2,2.8,H,,,,,9,0.0,1.0,2.0,2.0,4.0,4.0,0.0,11.0,6.0,5.0,-7.0,-2.0,-5.0,0.0,0.0,0.0,2.0,1.0,1.0,12.5,62.5,22.2,66.7,,,,
2013-02-10,2012,Academica,Rio Ave,1.0,2.0,A,O,2.5,3.2,2.88,A,,,,,10,3.0,2.0,1.0,1.0,10.0,8.0,2.0,8.0,7.0,1.0,2.0,1.0,1.0,2.0,1.0,1.0,1.0,1.0,0.0,33.3,33.3,62.5,25.0,,,,
2013-02-09,2012,Estoril,Guimaraes,2.0,0.0,H,U,2.0,3.4,3.75,H,,,,,10,1.0,1.0,2.0,1.0,8.0,5.0,3.0,8.0,4.0,4.0,0.0,1.0,-1.0,1.0,1.0,0.0,1.0,0.0,1.0,33.3,44.4,33.3,33.3,,,,
2013-02-05,2012,Pacos Ferreira,Estoril,1.0,0.0,H,U,2.05,3.25,3.75,D,,,,,8,2.0,2.0,0.0,2.0,5.0,3.0,2.0,3.0,4.0,-1.0,2.0,-1.0,3.0,0.0,1.0,-1.0,0.0,1.0,-1.0,42.9,14.3,28.6,42.9,,,,
2013-02-03,2012,Olhanense,Academica,0.0,0.0,D,U,2.6,3.2,2.75,D,,,,,8,1.0,0.0,1.0,2.0,5.0,3.0,2.0,6.0,5.0,1.0,-1.0,-2.0,1.0,0.0,0.0,0.0,1.0,0.0,1.0,28.6,42.9,14.3,28.6,,,,
2013-02-03,2012,Nacional,Moreirense,1.0,2.0,A,O,1.57,3.8,6.0,A,,,,,8,2.0,0.0,1.0,4.0,7.0,0.0,7.0,7.0,9.0,-2.0,0.0,-9.0,9.0,0.0,0.0,0.0,1.0,2.0,-1.0,28.6,28.6,0.0,62.5,,,,
2013-02-03,2012,Gil Vicente,Maritimo,4.0,2.0,H,O,2.63,3.1,2.75,H,,,,,9,0.0,0.0,3.0,2.0,1.0,4.0,-3.0,4.0,12.0,-8.0,-3.0,-8.0,5.0,0.0,0.0,0.0,0.0,2.0,-2.0,12.5,50.0,28.6,42.9,,,,
2013-02-03,2012,Benfica,Setubal,3.0,0.0,H,O,1.1,9.0,21.0,H,,,,,8,3.0,0.0,0.0,3.0,11.0,4.0,7.0,3.0,12.0,-9.0,8.0,-8.0,16.0,3.0,0.0,3.0,0.0,3.0,-3.0,71.4,0.0,0.0,50.0,,,,
2013-02-03,2012,Beira Mar,Sp Braga,3.0,3.0,D,O,5.5,3.6,1.65,D,,,,,8,1.0,2.0,2.0,2.0,5.0,8.0,-3.0,6.0,5.0,1.0,-1.0,3.0,-4.0,1.0,2.0,-1.0,1.0,0.0,1.0,14.3,28.6,42.9,42.9,,,,
2013-02-02,2012,Rio Ave,Sp Lisbon,2.0,1.0,H,O,3.25,3.25,2.25,D,,,,,9,0.0,1.0,3.0,1.0,1.0,6.0,-5.0,5.0,5.0,0.0,-4.0,1.0,-5.0,0.0,1.0,-1.0,1.0,0.0,1.0,12.5,50.0,14.3,28.6,,,,
2013-02-02,2012,Guimaraes,Porto,0.0,4.0,A,O,8.5,4.75,1.36,A,,,,,8,2.0,3.0,1.0,0.0,6.0,9.0,-3.0,5.0,3.0,2.0,1.0,6.0,-5.0,1.0,2.0,-1.0,1.0,0.0,1.0,28.6,28.6,57.1,0.0,,,,
2013-01-28,2012,Porto,Gil Vicente,5.0,0.0,H,O,1.2,6.5,13.0,H,,,,,9,4.0,1.0,0.0,1.0,6.0,7.0,-1.0,1.0,8.0,-7.0,5.0,-1.0,6.0,1.0,0.0,1.0,0.0,1.0,-1.0,100.0,0.0,28.6,28.6,,,,
2013-01-27,2012,Sp Lisbon,Guimaraes,1.0,1.0,D,U,1.5,3.75,7.5,D,,,,,9,2.0,1.0,2.0,1.0,3.0,6.0,-3.0,4.0,5.0,-1.0,-1.0,1.0,-2.0,0.0,1.0,-1.0,1.0,0.0,1.0,37.5,37.5,37.5,37.5,,,,
2013-01-27,2012,Setubal,Nacional,0.0,2.0,A,U,3.4,3.1,2.25,D,,,,,8,2.0,1.0,2.0,3.0,10.0,4.0,6.0,9.0,6.0,3.0,1.0,-2.0,3.0,1.0,1.0,0.0,2.0,1.0,1.0,42.9,42.9,25.0,75.0,,,,
2013-01-27,2012,Moreirense,Pacos Ferreira,0.0,5.0,A,O,3.75,3.2,2.05,A,,,,,8,0.0,2.0,2.0,1.0,4.0,2.0,2.0,7.0,2.0,5.0,-3.0,0.0,-3.0,0.0,0.0,0.0,1.0,1.0,0.0,14.3,57.1,37.5,12.5,,,,
2013-01-27,2012,Maritimo,Rio Ave,1.0,1.0,D,U,2.45,3.1,3.0,D,,,,,9,2.0,3.0,0.0,1.0,5.0,8.0,-3.0,2.0,6.0,-4.0,3.0,2.0,1.0,1.0,1.0,0.0,0.0,1.0,-1.0,25.0,25.0,71.4,28.6,,,,
2013-01-27,2012,Estoril,Olhanense,3.0,3.0,D,O,1.91,3.25,4.33,H,,,,,9,2.0,1.0,2.0,3.0,7.0,1.0,6.0,5.0,5.0,0.0,2.0,-4.0,6.0,2.0,0.0,2.0,1.0,2.0,-1.0,37.5,50.0,12.5,50.0,,,,
2013-01-26,2012,Sp Braga,Benfica,1.0,2.0,A,O,3.75,3.4,2.0,A,,,,,9,3.0,4.0,1.0,0.0,8.0,9.0,-1.0,3.0,2.0,1.0,5.0,7.0,-2.0,2.0,3.0,-1.0,1.0,0.0,1.0,75.0,12.5,87.5,0.0,,,,
2013-01-25,2012,Academica,Beira Mar,3.0,1.0,H,O,2.0,3.4,3.75,H,,,,,9,2.0,1.0,1.0,2.0,9.0,3.0,6.0,9.0,4.0,5.0,0.0,-1.0,1.0,1.0,0.0,1.0,1.0,0.0,1.0,25.0,37.5,25.0,62.5,,,,
2013-01-23,2012,Setubal,Porto,0.0,3.0,A,O,15.0,5.5,1.22,A,,,,,7,2.0,2.0,1.0,0.0,10.0,8.0,2.0,6.0,5.0,1.0,4.0,3.0,1.0,1.0,1.0,0.0,1.0,0.0,1.0,50.0,33.3,50.0,0.0,,,,
2013-01-21,2012,Moreirense,Benfica,0.0,2.0,A,U,11.0,5.75,1.25,D,,,,,7,0.0,4.0,2.0,0.0,4.0,10.0,-6.0,6.0,2.0,4.0,-2.0,8.0,-10.0,0.0,3.0,-3.0,0.0,0.0,0.0,16.7,50.0,85.7,0.0,,,,
2013-01-21,2012,Academica,Nacional,2.0,1.0,H,O,2.5,3.2,2.88,A,,,,,8,1.0,1.0,2.0,3.0,7.0,4.0,3.0,10.0,6.0,4.0,-3.0,-2.0,-1.0,1.0,1.0,0.0,2.0,1.0,1.0,14.3,42.9,28.6,71.4,,,,
2013-01-20,2012,Sp Braga,Setubal,4.0,1.0,H,O,1.33,5.0,9.0,H,,,,,8,3.0,0.0,1.0,3.0,7.0,4.0,3.0,3.0,10.0,-7.0,4.0,-6.0,10.0,2.0,0.0,2.0,1.0,2.0,-1.0,71.4,14.3,0.0,42.9,,,,
2013-01-20,2012,Rio Ave,Guimaraes,1.0,3.0,A,O,1.91,3.3,4.2,D,,,,,8,1.0,0.0,2.0,2.0,2.0,3.0,-1.0,3.0,7.0,-4.0,-1.0,-4.0,3.0,0.0,0.0,0.0,0.0,1.0,-1.0,14.3,42.9,28.6,42.9,,,,
2013-01-20,2012,Maritimo,Olhanense,1.0,0.0,H,U,1.91,3.4,4.0,H,,,,,8,1.0,1.0,1.0,2.0,4.0,1.0,3.0,4.0,4.0,0.0,0.0,-3.0,3.0,1.0,0.0,1.0,1.0,2.0,-1.0,14.3,28.6,14.3,42.9,,,,
2013-01-20,2012,Estoril,Gil Vicente,1.0,2.0,A,O,2.0,3.3,3.8,D,,,,,8,2.0,1.0,2.0,1.0,7.0,6.0,1.0,5.0,7.0,-2.0,2.0,-1.0,3.0,2.0,0.0,2.0,1.0,1.0,0.0,42.9,42.9,16.7,33.3,,,,
2013-01-19,2012,Porto,Pacos Ferreira,2.0,0.0,H,U,1.2,6.5,13.0,D,,,,,8,4.0,3.0,0.0,0.0,9.0,4.0,5.0,1.0,0.0,1.0,8.0,4.0,4.0,1.0,1.0,0.0,0.0,0.0,0.0,100.0,0.0,42.9,0.0,,,,
2013-01-18,2012,Sp Lisbon,Beira Mar,1.0,0.0,H,U,1.44,4.2,7.5,D,,,,,8,1.0,2.0,2.0,1.0,2.0,7.0,-5.0,4.0,5.0,-1.0,-2.0,2.0,-4.0,0.0,1.0,-1.0,1.0,0.0,1.0,28.6,42.9,28.6,57.1,,,,
2013-01-14,2012,Beira Mar,Estoril,0.0,1.0,A,U,2.5,3.2,2.8,A,,,,,7,1.0,1.0,1.0,2.0,6.0,4.0,2.0,6.0,6.0,0.0,0.0,-2.0,2.0,1.0,1.0,0.0,1.0,1.0,0.0,16.7,16.7,16.7,50.0,,,,
2013-01-13,2012,Setubal,Moreirense,5.0,0.0,H,O,2.3,3.25,3.1,H,,,,,6,2.0,0.0,1.0,3.0,6.0,2.0,4.0,6.0,6.0,0.0,0.0,-4.0,4.0,0.0,0.0,0.0,1.0,1.0,0.0,40.0,40.0,0.0,57.1,,,,
2013-01-13,2012,Pacos Ferreira,Academica,1.0,0.0,H,U,2.0,3.3,3.75,D,,,,,7,1.0,1.0,1.0,1.0,5.0,5.0,0.0,5.0,4.0,1.0,0.0,1.0,-1.0,0.0,1.0,-1.0,0.0,0.0,0.0,33.3,16.7,16.7,16.7,,,,
2013-01-13,2012,Olhanense,Sp Lisbon,0.0,2.0,A,U,3.75,3.3,2.0,A,,,,,7,1.0,0.0,1.0,2.0,6.0,4.0,2.0,6.0,7.0,-1.0,0.0,-3.0,3.0,0.0,0.0,0.0,0.0,1.0,-1.0,33.3,33.3,0.0,33.3,,,,
2013-01-13,2012,Gil Vicente,Rio Ave,0.0,1.0,A,U,2.5,3.1,2.9,A,,,,,8,0.0,3.0,3.0,1.0,1.0,10.0,-9.0,6.0,7.0,-1.0,-5.0,3.0,-8.0,0.0,2.0,-2.0,1.0,1.0,0.0,14.3,42.9,66.7,33.3,,,,
2013-01-13,2012,Benfica,Porto,2.0,2.0,D,O,2.3,3.3,3.1,D,,,,,7,4.0,3.0,0.0,0.0,11.0,9.0,2.0,2.0,5.0,-3.0,9.0,4.0,5.0,3.0,1.0,2.0,0.0,0.0,0.0,83.3,0.0,60.0,0.0,,,,
2013-01-12,2012,Nacional,Sp Braga,3.0,2.0,H,O,3.75,3.2,2.05,A,,,,,7,1.0,3.0,2.0,1.0,4.0,8.0,-4.0,6.0,2.0,4.0,-2.0,6.0,-8.0,0.0,3.0,-3.0,1.0,0.0,1.0,16.7,33.3,50.0,33.3,,,,
2013-01-12,2012,Guimaraes,Maritimo,1.0,1.0,D,U,2.5,3.2,2.8,A,,,,,7,2.0,1.0,2.0,2.0,5.0,4.0,1.0,6.0,11.0,-5.0,-1.0,-7.0,6.0,1.0,0.0,1.0,2.0,2.0,0.0,33.3,33.3,33.3,50.0,,,,
2013-01-06,2012,Sp Braga,Moreirense,1.0,0.0,H,U,1.33,5.0,9.0,D,,,,,7,2.0,0.0,1.0,3.0,10.0,5.0,5.0,7.0,9.0,-2.0,3.0,-4.0,7.0,2.0,0.0,2.0,1.0,1.0,0.0,66.7,16.7,0.0,50.0,,,,
2013-01-06,2012,Maritimo,Beira Mar,1.0,1.0,D,U,2.0,3.3,3.75,D,,,,,7,1.0,2.0,2.0,2.0,3.0,7.0,-4.0,5.0,6.0,-1.0,-2.0,1.0,-3.0,1.0,1.0,0.0,2.0,0.0,2.0,16.7,33.3,33.3,66.7,,,,
2013-01-06,2012,Estoril,Benfica,1.0,3.0,A,O,8.5,4.75,1.36,A,,,,,7,2.0,4.0,2.0,0.0,7.0,9.0,-2.0,5.0,2.0,3.0,2.0,7.0,-5.0,2.0,2.0,0.0,1.0,0.0,1.0,50.0,33.3,83.3,0.0,,,,
2013-01-05,2012,Sp Lisbon,Pacos Ferreira,0.0,1.0,A,U,1.73,3.6,4.75,A,,,,,7,1.0,2.0,1.0,0.0,4.0,3.0,1.0,5.0,0.0,5.0,-1.0,3.0,-4.0,0.0,1.0,-1.0,1.0,0.0,1.0,33.3,33.3,33.3,0.0,,,,
2013-01-05,2012,Rio Ave,Olhanense,0.0,1.0,A,U,1.83,3.5,4.2,D,,,,,7,1.0,0.0,1.0,2.0,4.0,4.0,0.0,4.0,8.0,-4.0,0.0,-4.0,4.0,0.0,0.0,0.0,0.0,2.0,-2.0,16.7,33.3,0.0,50.0,,,,
2013-01-05,2012,Porto,Nacional,1.0,0.0,H,U,1.18,7.0,14.0,H,,,,,7,4.0,2.0,0.0,2.0,10.0,6.0,4.0,1.0,6.0,-5.0,9.0,0.0,9.0,2.0,1.0,1.0,0.0,1.0,-1.0,100.0,0.0,33.3,66.7,,,,
2013-01-05,2012,Gil Vicente,Guimaraes,0.0,0.0,D,U,2.5,3.2,2.8,D,,,,,7,1.0,1.0,3.0,2.0,5.0,5.0,0.0,9.0,8.0,1.0,-4.0,-3.0,-1.0,0.0,0.0,0.0,1.0,1.0,0.0,16.7,50.0,33.3,50.0,,,,
2013-01-05,2012,Academica,Setubal,4.0,2.0,H,O,1.95,3.3,4.0,H,,,,,7,0.0,0.0,3.0,2.0,4.0,3.0,1.0,10.0,7.0,3.0,-6.0,-4.0,-2.0,0.0,0.0,0.0,2.0,1.0,1.0,0.0,50.0,0.0,33.3,,,,
2012-12-16,2012,Sp Braga,Estoril,3.0,0.0,H,O,1.5,3.75,7.5,H,,,,,6,2.0,1.0,1.0,1.0,11.0,6.0,5.0,8.0,5.0,3.0,3.0,1.0,2.0,2.0,1.0,1.0,1.0,0.0,1.0,60.0,20.0,20.0,40.0,,,,
2012-12-16,2012,Pacos Ferreira,Guimaraes,2.0,1.0,H,O,2.1,3.3,3.5,H,,,,,6,1.0,2.0,1.0,1.0,5.0,5.0,0.0,4.0,6.0,-2.0,1.0,-1.0,2.0,1.0,0.0,1.0,0.0,1.0,-1.0,20.0,20.0,40.0,40.0,,,,
2012-12-16,2012,Moreirense,Academica,2.0,2.0,D,O,2.4,3.1,3.1,H,,,,,6,0.0,1.0,3.0,1.0,2.0,3.0,-1.0,5.0,2.0,3.0,-3.0,1.0,-4.0,0.0,1.0,-1.0,0.0,0.0,0.0,20.0,60.0,20.0,20.0,,,,
2012-12-15,2012,Olhanense,Gil Vicente,2.0,2.0,D,O,2.1,3.1,3.75,A,,,,,6,1.0,1.0,2.0,2.0,6.0,5.0,1.0,7.0,7.0,0.0,-1.0,-2.0,1.0,0.0,0.0,0.0,0.0,1.0,-1.0,40.0,40.0,20.0,40.0,,,,
2012-12-15,2012,Nacional,Sp Lisbon,1.0,1.0,D,U,2.88,3.3,2.4,H,,,,,6,1.0,0.0,2.0,2.0,6.0,4.0,2.0,8.0,7.0,1.0,-2.0,-3.0,1.0,0.0,0.0,0.0,1.0,1.0,0.0,20.0,40.0,0.0,40.0,,,,
2012-12-15,2012,Benfica,Maritimo,4.0,1.0,H,O,1.22,5.25,17.0,D,,,,,6,4.0,1.0,0.0,2.0,10.0,4.0,6.0,1.0,10.0,-9.0,9.0,-6.0,15.0,3.0,0.0,3.0,0.0,2.0,-2.0,80.0,0.0,40.0,40.0,,,,
2012-12-15,2012,Beira Mar,Rio Ave,3.0,1.0,H,O,3.1,3.1,2.4,H,,,,,6,0.0,3.0,1.0,1.0,4.0,10.0,-6.0,6.0,8.0,-2.0,-2.0,2.0,-4.0,0.0,2.0,-2.0,1.0,1.0,0.0,0.0,20.0,80.0,20.0,,,,
2012-12-10,2012,Sp Lisbon,Benfica,1.0,3.0,A,O,3.75,3.4,2.0,H,,,,,6,2.0,3.0,0.0,0.0,5.0,8.0,-3.0,3.0,3.0,0.0,2.0,5.0,-3.0,0.0,1.0,-1.0,0.0,0.0,0.0,40.0,20.0,80.0,0.0,,,,
2012-12-10,2012,Academica,Sp Braga,1.0,4.0,A,O,4.0,3.3,1.95,A,,,,,6,0.0,2.0,2.0,2.0,5.0,4.0,1.0,8.0,3.0,5.0,-3.0,1.0,-4.0,0.0,2.0,-2.0,1.0,1.0,0.0,0.0,40.0,40.0,40.0,,,,
2012-12-09,2012,Rio Ave,Pacos Ferreira,0.0,0.0,D,U,2.3,3.1,3.25,D,,,,,6,1.0,2.0,1.0,0.0,4.0,6.0,-2.0,4.0,3.0,1.0,0.0,3.0,-3.0,0.0,1.0,-1.0,0.0,0.0,0.0,20.0,40.0,40.0,0.0,,,,
2012-12-09,2012,Maritimo,Nacional,2.0,0.0,H,U,2.5,3.2,2.88,D,,,,,6,0.0,2.0,2.0,2.0,2.0,6.0,-4.0,6.0,7.0,-1.0,-4.0,-1.0,-3.0,0.0,1.0,-1.0,2.0,1.0,1.0,0.0,40.0,40.0,60.0,,,,
2012-12-09,2012,Guimaraes,Olhanense,2.0,0.0,H,U,2.15,3.2,3.5,H,,,,,6,1.0,0.0,2.0,2.0,5.0,4.0,1.0,8.0,7.0,1.0,-3.0,-3.0,0.0,0.0,0.0,0.0,2.0,1.0,1.0,20.0,40.0,0.0,40.0,,,,
2012-12-09,2012,Gil Vicente,Beira Mar,1.0,2.0,A,O,2.0,3.2,4.0,A,,,,,6,1.0,1.0,2.0,3.0,4.0,5.0,-1.0,7.0,9.0,-2.0,-3.0,-4.0,1.0,0.0,1.0,-1.0,1.0,1.0,0.0,20.0,40.0,20.0,80.0,,,,
2012-12-08,2012,Porto,Moreirense,1.0,0.0,H,U,1.1,9.0,26.0,D,,,,,6,4.0,0.0,0.0,2.0,13.0,6.0,7.0,1.0,9.0,-8.0,12.0,-3.0,15.0,3.0,0.0,3.0,0.0,1.0,-1.0,100.0,0.0,0.0,40.0,,,,
2012-12-07,2012,Estoril,Setubal,3.0,0.0,H,O,2.0,3.2,4.0,H,,,,,6,2.0,0.0,2.0,1.0,7.0,3.0,4.0,6.0,4.0,2.0,1.0,-1.0,2.0,2.0,0.0,2.0,1.0,0.0,1.0,40.0,40.0,0.0,20.0,,,,
2012-11-27,2012,Pacos Ferreira,Maritimo,2.0,2.0,D,O,2.25,3.25,3.2,D,,,,,5,1.0,2.0,1.0,2.0,4.0,3.0,1.0,3.0,8.0,-5.0,1.0,-5.0,6.0,1.0,0.0,1.0,0.0,2.0,-2.0,25.0,25.0,50.0,50.0,,,,
2012-11-26,2012,Moreirense,Sp Lisbon,2.0,2.0,D,O,4.2,3.2,1.95,H,,,,,5,1.0,0.0,3.0,2.0,3.0,2.0,1.0,4.0,5.0,-1.0,-1.0,-3.0,2.0,1.0,0.0,1.0,0.0,1.0,-1.0,25.0,75.0,0.0,50.0,,,,
2012-11-25,2012,Sp Braga,Porto,0.0,2.0,A,U,3.6,3.3,2.05,D,,,,,5,3.0,2.0,0.0,0.0,14.0,7.0,7.0,7.0,5.0,2.0,7.0,2.0,5.0,3.0,0.0,3.0,0.0,0.0,0.0,75.0,0.0,50.0,0.0,,,,
2012-11-25,2012,Setubal,Rio Ave,3.0,5.0,A,O,2.63,3.1,2.75,A,,,,,5,2.0,3.0,1.0,1.0,3.0,6.0,-3.0,6.0,5.0,1.0,-3.0,1.0,-4.0,0.0,1.0,-1.0,1.0,1.0,0.0,50.0,25.0,75.0,25.0,,,,
2012-11-25,2012,Nacional,Estoril,1.0,0.0,H,U,1.91,3.4,4.0,D,,,,,5,0.0,1.0,2.0,1.0,7.0,7.0,0.0,10.0,6.0,4.0,-3.0,1.0,-4.0,0.0,1.0,-1.0,1.0,0.0,1.0,0.0,50.0,25.0,25.0,,,,
2012-11-25,2012,Academica,Gil Vicente,2.0,2.0,D,O,2.2,3.2,3.4,D,,,,,5,0.0,1.0,2.0,2.0,4.0,3.0,1.0,7.0,5.0,2.0,-3.0,-2.0,-1.0,0.0,0.0,0.0,1.0,1.0,0.0,0.0,50.0,25.0,50.0,,,,
2012-11-24,2012,Benfica,Olhanense,2.0,0.0,H,U,1.17,7.0,15.0,H,,,,,5,3.0,0.0,0.0,1.0,10.0,5.0,5.0,3.0,6.0,-3.0,7.0,-1.0,8.0,2.0,0.0,2.0,0.0,0.0,0.0,75.0,0.0,0.0,25.0,,,,
2012-11-23,2012,Beira Mar,Guimaraes,2.0,2.0,D,O,2.63,3.2,2.7,D,,,,,5,0.0,2.0,1.0,2.0,5.0,3.0,2.0,7.0,8.0,-1.0,-2.0,-5.0,3.0,0.0,0.0,0.0,1.0,2.0,-1.0,0.0,25.0,50.0,50.0,,,,
2012-11-12,2012,Maritimo,Setubal,1.0,1.0,D,U,1.8,3.4,4.75,A,,,,,5,0.0,0.0,2.0,1.0,1.0,4.0,-3.0,5.0,5.0,0.0,-4.0,-1.0,-3.0,0.0,0.0,0.0,2.0,0.0,2.0,0.0,50.0,0.0,25.0,,,,
2012-11-11,2012,Sp Lisbon,Sp Braga,1.0,0.0,H,U,2.38,3.25,3.0,H,,,,,5,1.0,2.0,1.0,1.0,4.0,6.0,-2.0,4.0,4.0,0.0,0.0,2.0,-2.0,0.0,2.0,-2.0,0.0,1.0,-1.0,25.0,25.0,50.0,25.0,,,,
2012-11-11,2012,Rio Ave,Benfica,0.0,1.0,A,U,6.0,4.0,1.53,A,,,,,5,1.0,3.0,1.0,0.0,4.0,12.0,-8.0,4.0,3.0,1.0,0.0,9.0,-9.0,0.0,2.0,-2.0,0.0,0.0,0.0,25.0,25.0,75.0,0.0,,,,
2012-11-11,2012,Porto,Academica,2.0,1.0,H,O,1.17,7.0,15.0,D,,,,,5,4.0,1.0,0.0,0.0,15.0,5.0,10.0,0.0,3.0,-3.0,15.0,2.0,13.0,4.0,1.0,3.0,0.0,0.0,0.0,100.0,0.0,25.0,0.0,,,,
2012-11-11,2012,Olhanense,Beira Mar,1.0,0.0,H,U,2.0,3.4,3.75,H,,,,,5,1.0,1.0,2.0,3.0,7.0,6.0,1.0,8.0,11.0,-3.0,-1.0,-5.0,4.0,0.0,1.0,-1.0,0.0,2.0,-2.0,25.0,50.0,25.0,75.0,,,,
2012-11-11,2012,Estoril,Moreirense,2.0,0.0,H,U,2.1,3.2,3.6,H,,,,,5,1.0,0.0,2.0,1.0,6.0,7.0,-1.0,7.0,8.0,-1.0,-1.0,-1.0,0.0,1.0,0.0,1.0,1.0,0.0,1.0,25.0,50.0,0.0,25.0,,,,
2012-11-10,2012,Guimaraes,Nacional,1.0,3.0,A,O,2.4,3.3,2.88,H,,,,,5,1.0,1.0,1.0,3.0,4.0,4.0,0.0,5.0,9.0,-4.0,-1.0,-5.0,4.0,0.0,0.0,0.0,1.0,2.0,-1.0,25.0,25.0,25.0,75.0,,,,
2012-11-09,2012,Gil Vicente,Pacos Ferreira,0.0,1.0,A,U,2.5,3.2,2.88,D,,,,,5,1.0,1.0,1.0,0.0,4.0,6.0,-2.0,6.0,4.0,2.0,-2.0,2.0,-4.0,0.0,1.0,-1.0,1.0,0.0,1.0,25.0,25.0,25.0,0.0,,,,
2012-11-04,2012,Setubal,Sp Lisbon,2.0,1.0,H,O,5.75,3.6,1.62,D,,,,,4,,,,,,,,,,,,,,,,,,,,33.3,33.3,0.0,33.3,,,,
2012-11-04,2012,Pacos Ferreira,Olhanense,0.0,0.0,D,U,1.95,3.5,3.8,D,,,,,4,,,,,,,,,,,,,,,,,,,,33.3,33.3,0.0,33.3,,,,
2012-11-04,2012,Nacional,Beira Mar,2.0,4.0,A,O,1.73,3.6,4.75,A,,,,,4,,,,,,,,,,,,,,,,,,,,0.0,33.3,0.0,100.0,,,,
2012-11-04,2012,Moreirense,Rio Ave,0.0,1.0,A,U,2.6,3.1,2.8,D,,,,,4,,,,,,,,,,,,,,,,,,,,33.3,66.7,66.7,33.3,,,,
2012-11-04,2012,Academica,Estoril,0.0,2.0,A,U,2.05,3.25,3.75,D,,,,,4,,,,,,,,,,,,,,,,,,,,0.0,33.3,0.0,33.3,,,,
2012-11-03,2012,Sp Braga,Gil Vicente,3.0,1.0,H,O,1.44,4.2,7.5,H,,,,,4,,,,,,,,,,,,,,,,,,,,66.7,0.0,33.3,33.3,,,,
2012-11-03,2012,Benfica,Guimaraes,3.0,0.0,H,O,1.22,6.0,12.0,H,,,,,4,,,,,,,,,,,,,,,,,,,,66.7,0.0,66.7,33.3,,,,
2012-11-02,2012,Porto,Maritimo,5.0,0.0,H,O,1.2,6.0,15.0,H,,,,,4,,,,,,,,,,,,,,,,,,,,100.0,0.0,66.7,33.3,,,,
2012-10-29,2012,Sp Lisbon,Academica,0.0,0.0,D,U,1.53,4.0,6.0,D,,,,,4,,,,,,,,,,,,,,,,,,,,33.3,33.3,33.3,0.0,,,,
2012-10-28,2012,Rio Ave,Nacional,2.0,1.0,H,O,2.4,3.1,3.1,A,,,,,4,,,,,,,,,,,,,,,,,,,,0.0,33.3,33.3,66.7,,,,
2012-10-28,2012,Maritimo,Sp Braga,0.0,2.0,A,U,3.2,3.2,2.3,D,,,,,4,,,,,,,,,,,,,,,,,,,,0.0,33.3,33.3,33.3,,,,
2012-10-28,2012,Estoril,Porto,1.0,2.0,A,O,10.0,4.33,1.36,H,,,,,4,,,,,,,,,,,,,,,,,,,,33.3,33.3,33.3,0.0,,,,
2012-10-27,2012,Olhanense,Moreirense,2.0,2.0,D,O,2.2,3.2,3.4,D,,,,,4,,,,,,,,,,,,,,,,,,,,33.3,66.7,0.0,33.3,,,,
2012-10-27,2012,Gil Vicente,Benfica,0.0,3.0,A,O,7.5,4.2,1.44,A,,,,,4,,,,,,,,,,,,,,,,,,,,33.3,0.0,66.7,0.0,,,,
2012-10-27,2012,Beira Mar,Pacos Ferreira,0.0,2.0,A,U,2.7,3.1,2.7,D,,,,,4,,,,,,,,,,,,,,,,,,,,0.0,0.0,0.0,0.0,,,,
2012-10-26,2012,Guimaraes,Setubal,2.0,1.0,H,O,1.8,3.5,4.5,D,,,,,4,,,,,,,,,,,,,,,,,,,,0.0,33.3,0.0,0.0,,,,
2012-10-08,2012,Moreirense,Maritimo,0.0,1.0,A,U,2.63,3.1,2.75,D,,,,,3,,,,,,,,,,,,,,,,,,,,50.0,50.0,50.0,50.0,,,,
2012-10-07,2012,Sp Braga,Olhanense,4.0,4.0,D,O,1.4,4.2,9.0,A,,,,,3,,,,,,,,,,,,,,,,,,,,100.0,0.0,0.0,50.0,,,,
2012-10-07,2012,Setubal,Pacos Ferreira,0.0,0.0,D,U,2.55,3.25,2.75,D,,,,,3,,,,,,,,,,,,,,,,,,,,50.0,50.0,0.0,0.0,,,,
2012-10-07,2012,Porto,Sp Lisbon,2.0,0.0,H,U,1.53,3.8,6.5,H,,,,,3,,,,,,,,,,,,,,,,,,,,100.0,0.0,0.0,0.0,,,,
2012-10-07,2012,Nacional,Gil Vicente,0.0,1.0,A,U,1.91,3.4,4.0,D,,,,,3,,,,,,,,,,,,,,,,,,,,0.0,0.0,0.0,50.0,,,,
2012-10-07,2012,Estoril,Rio Ave,1.0,3.0,A,O,2.38,3.25,3.0,A,,,,,3,,,,,,,,,,,,,,,,,,,,50.0,0.0,50.0,50.0,,,,
2012-10-07,2012,Academica,Guimaraes,1.0,2.0,A,O,2.1,3.4,3.4,H,,,,,3,,,,,,,,,,,,,,,,,,,,0.0,0.0,50.0,50.0,,,,
2012-10-06,2012,Benfica,Beira Mar,2.0,1.0,H,O,1.13,8.5,17.0,A,,,,,3,,,,,,,,,,,,,,,,,,,,50.0,0.0,0.0,100.0,,,,
2012-09-30,2012,Olhanense,Nacional,1.0,2.0,A,O,2.5,3.2,2.88,A,,,,,3,,,,,,,,,,,,,,,,,,,,50.0,50.0,0.0,100.0,,,,
2012-09-30,2012,Maritimo,Academica,0.0,2.0,A,U,2.0,3.3,3.8,A,,,,,3,,,,,,,,,,,,,,,,,,,,0.0,0.0,0.0,0.0,,,,
2012-09-30,2012,Gil Vicente,Moreirense,4.0,3.0,H,O,2.4,3.2,3.0,D,,,,,3,,,,,,,,,,,,,,,,,,,,0.0,0.0,0.0,0.0,,,,
2012-09-30,2012,Beira Mar,Setubal,1.0,1.0,D,U,2.0,3.2,4.0,H,,,,,3,,,,,,,,,,,,,,,,,,,,0.0,0.0,0.0,0.0,,,,
2012-09-29,2012,Sp Lisbon,Estoril,2.0,2.0,D,O,1.5,3.8,7.5,A,,,,,3,,,,,,,,,,,,,,,,,,,,50.0,50.0,0.0,50.0,,,,
2012-09-29,2012,Rio Ave,Porto,2.0,2.0,D,O,10.0,4.33,1.36,A,,,,,3,,,,,,,,,,,,,,,,,,,,0.0,50.0,50.0,0.0,,,,
2012-09-28,2012,Pacos Ferreira,Benfica,1.0,2.0,A,O,7.5,4.2,1.44,D,,,,,3,,,,,,,,,,,,,,,,,,,,50.0,0.0,50.0,0.0,,,,
2012-09-28,2012,Guimaraes,Sp Braga,0.0,2.0,A,U,3.75,3.3,2.0,D,,,,,3,,,,,,,,,,,,,,,,,,,,0.0,0.0,0.0,50.0,,,,
2012-09-24,2012,Sp Lisbon,Gil Vicente,2.0,1.0,H,O,1.5,4.0,7.0,A,,,,,2,,,,,,,,,,,,,,,,,,,,0.0,100.0,0.0,0.0,,,,
2012-09-24,2012,Estoril,Maritimo,3.0,1.0,H,O,2.7,3.1,2.7,H,,,,,2,,,,,,,,,,,,,,,,,,,,0.0,0.0,100.0,0.0,,,,
2012-09-23,2012,Sp Braga,Rio Ave,4.0,1.0,H,O,1.5,4.0,7.0,H,,,,,2,,,,,,,,,,,,,,,,,,,,100.0,0.0,100.0,0.0,,,,
2012-09-23,2012,Setubal,Olhanense,1.0,0.0,H,U,2.6,3.1,2.8,D,,,,,2,,,,,,,,,,,,,,,,,,,,0.0,100.0,0.0,0.0,,,,
2012-09-23,2012,Nacional,Pacos Ferreira,3.0,3.0,D,O,2.0,3.3,3.8,D,,,,,2,,,,,,,,,,,,,,,,,,,,0.0,0.0,0.0,0.0,,,,
2012-09-23,2012,Academica,Benfica,2.0,2.0,D,O,7.0,4.0,1.5,H,,,,,2,,,,,,,,,,,,,,,,,,,,0.0,0.0,100.0,0.0,,,,
2012-09-22,2012,Porto,Beira Mar,4.0,0.0,H,O,1.17,7.0,15.0,H,,,,,2,,,,,,,,,,,,,,,,,,,,100.0,0.0,0.0,100.0,,,,
2012-09-21,2012,Moreirense,Guimaraes,0.0,1.0,A,U,2.3,3.25,3.1,D,,,,,2,,,,,,,,,,,,,,,,,,,,100.0,0.0,0.0,100.0,,,,
2012-09-16,2012,Maritimo,Sp Lisbon,1.0,1.0,D,U,3.4,3.1,2.25,D,,,,,2,,,,,,,,,,,,,,,,,,,,0.0,0.0,0.0,0.0,,,,
2012-09-02,2012,Rio Ave,Academica,0.0,0.0,D,U,2.2,3.1,3.5,D,,,,,2,,,,,,,,,,,,,,,,,,,,0.0,100.0,0.0,0.0,,,,
2012-09-02,2012,Pacos Ferreira,Sp Braga,2.0,0.0,H,U,4.0,3.4,1.91,H,,,,,2,,,,,,,,,,,,,,,,,,,,0.0,0.0,0.0,0.0,,,,
2012-09-02,2012,Gil Vicente,Setubal,0.0,0.0,D,U,1.83,3.4,4.5,D,,,,,2,,,,,,,,,,,,,,,,,,,,0.0,0.0,0.0,0.0,,,,
2012-09-02,2012,Benfica,Nacional,3.0,0.0,H,O,1.22,6.0,13.0,D,,,,,2,,,,,,,,,,,,,,,,,,,,0.0,0.0,0.0,100.0,,,,
2012-09-02,2012,Beira Mar,Moreirense,1.0,1.0,D,U,2.5,3.2,2.88,A,,,,,2,,,,,,,,,,,,,,,,,,,,0.0,0.0,0.0,0.0,,,,
2012-09-01,2012,Olhanense,Porto,2.0,3.0,A,O,9.0,5.0,1.33,D,,,,,2,,,,,,,,,,,,,,,,,,,,100.0,0.0,0.0,0.0,,,,
2012-09-01,2012,Guimaraes,Estoril,2.0,2.0,D,O,1.95,3.2,4.2,A,,,,,2,,,,,,,,,,,,,,,,,,,,0.0,0.0,0.0,100.0,,,,
2012-08-27,2012,Sp Lisbon,Rio Ave,0.0,1.0,A,U,1.36,4.5,9.0,A,,,,,1,,,,,,,,,,,,,,,,,,,,,,,,,,,
2012-08-26,2012,Setubal,Benfica,0.0,5.0,A,O,10.0,5.0,1.3,A,,,,,1,,,,,,,,,,,,,,,,,,,,,,,,,,,
2012-08-26,2012,Moreirense,Nacional,3.0,1.0,H,O,3.25,3.25,2.25,H,,,,,1,,,,,,,,,,,,,,,,,,,,,,,,,,,
2012-08-26,2012,Maritimo,Gil Vicente,0.0,0.0,D,U,1.8,3.3,4.75,D,,,,,1,,,,,,,,,,,,,,,,,,,,,,,,,,,
2012-08-26,2012,Estoril,Pacos Ferreira,1.0,1.0,D,U,2.3,3.25,3.1,A,,,,,1,,,,,,,,,,,,,,,,,,,,,,,,,,,
2012-08-25,2012,Sp Braga,Beira Mar,3.0,1.0,H,O,1.4,4.0,9.5,H,,,,,1,,,,,,,,,,,,,,,,,,,,,,,,,,,
2012-08-25,2012,Porto,Guimaraes,4.0,0.0,H,O,1.25,5.5,12.0,H,,,,,1,,,,,,,,,,,,,,,,,,,,,,,,,,,
2012-08-24,2012,Academica,Olhanense,1.0,1.0,D,U,2.0,3.4,3.6,D,,,,,1,,,,,,,,,,,,,,,,,,,,,,,,,,,
2012-08-20,2012,Beira Mar,Academica,3.0,3.0,D,O,2.5,3.0,3.0,H,,,,,1,,,,,,,,,,,,,,,,,,,,,,,,,,,
2012-08-19,2012,Pacos Ferreira,Moreirense,1.0,1.0,D,U,2.1,3.2,3.6,H,,,,,1,,,,,,,,,,,,,,,,,,,,,,,,,,,
2012-08-19,2012,Nacional,Setubal,2.0,2.0,D,O,1.75,3.4,5.0,D,,,,,1,,,,,,,,,,,,,,,,,,,,,,,,,,,
2012-08-19,2012,Guimaraes,Sp Lisbon,0.0,0.0,D,U,3.6,3.2,2.1,D,,,,,1,,,,,,,,,,,,,,,,,,,,,,,,,,,
2012-08-19,2012,Gil Vicente,Porto,0.0,0.0,D,U,9.0,4.5,1.36,D,,,,,1,,,,,,,,,,,,,,,,,,,,,,,,,,,
2012-08-18,2012,Rio Ave,Maritimo,0.0,1.0,A,U,2.9,3.1,2.5,D,,,,,1,,,,,,,,,,,,,,,,,,,,,,,,,,,
2012-08-18,2012,Benfica,Sp Braga,2.0,2.0,D,O,1.73,3.6,4.75,D,,,,,1,,,,,,,,,,,,,,,,,,,,,,,,,,,
2012-08-17,2012,Olhanense,Estoril,2.0,1.0,H,O,2.5,3.0,3.0,D,,,,,1,,,,,,,,,,,,,,,,,,,,,,,,,,,
2012-05-12,2011,Sp Lisbon,Sp Braga,3.0,2.0,H,O,2.2,3.25,3.25,H,,,,,15,4.0,2.0,0.0,1.0,9.0,9.0,0.0,1.0,5.0,-4.0,8.0,4.0,4.0,1.0,2.0,-1.0,0.0,0.0,0.0,78.6,7.1,50.0,21.4,,,,
2012-05-12,2011,Setubal,Benfica,1.0,3.0,A,O,8.5,4.33,1.4,D,,,,,15,2.0,1.0,1.0,1.0,3.0,4.0,-1.0,4.0,4.0,0.0,-1.0,0.0,-1.0,0.0,0.0,0.0,1.0,0.0,1.0,42.9,28.6,42.9,14.3,,,,
2012-05-12,2011,Rio Ave,Porto,2.0,5.0,A,O,7.5,4.2,1.44,A,,,,,15,1.0,3.0,1.0,0.0,7.0,6.0,1.0,5.0,1.0,4.0,2.0,5.0,-3.0,1.0,2.0,-1.0,0.0,0.0,0.0,42.9,28.6,64.3,7.1,,,,
2012-05-12,2011,Maritimo,Pacos Ferreira,1.0,1.0,D,U,1.83,3.4,4.5,D,,,,,15,2.0,2.0,2.0,2.0,7.0,4.0,3.0,9.0,6.0,3.0,-2.0,-2.0,0.0,0.0,0.0,0.0,2.0,2.0,0.0,64.3,28.6,28.6,64.3,,,,
2012-05-12,2011,Leiria,Nacional,2.0,3.0,A,O,,,,A,,,,,15,1.0,3.0,2.0,0.0,1.0,14.0,-13.0,5.0,6.0,-1.0,-4.0,8.0,-12.0,0.0,3.0,-3.0,1.0,0.0,1.0,28.6,57.1,35.7,50.0,,,,
2012-05-12,2011,Guimaraes,Academica,1.0,2.0,A,O,2.88,3.1,2.5,A,,,,,15,3.0,0.0,0.0,3.0,9.0,4.0,5.0,5.0,7.0,-2.0,4.0,-3.0,7.0,1.0,0.0,1.0,0.0,0.0,0.0,57.1,21.4,14.3,57.1,,,,
2012-05-12,2011,Gil Vicente,Feirense,3.0,1.0,H,O,3.0,3.25,2.38,H,,,,,15,2.0,1.0,1.0,2.0,5.0,7.0,-2.0,2.0,5.0,-3.0,3.0,2.0,1.0,2.0,1.0,1.0,0.0,0.0,0.0,35.7,28.6,14.3,71.4,,,,
2012-05-12,2011,Beira Mar,Olhanense,1.0,2.0,A,O,2.5,3.2,2.88,A,,,,,15,3.0,2.0,1.0,1.0,5.0,5.0,0.0,4.0,5.0,-1.0,1.0,0.0,1.0,1.0,0.0,1.0,1.0,1.0,0.0,28.6,57.1,35.7,28.6,,,,
2012-05-05,2011,Sp Braga,Beira Mar,1.0,0.0,H,U,1.29,5.0,12.0,D,,,,,15,2.0,1.0,2.0,3.0,5.0,4.0,1.0,5.0,11.0,-6.0,0.0,-7.0,7.0,0.0,1.0,-1.0,0.0,3.0,-3.0,78.6,14.3,28.6,50.0,,,,
2012-05-05,2011,Porto,Sp Lisbon,2.0,0.0,H,U,1.67,3.6,5.25,D,,,,,15,3.0,2.0,0.0,2.0,8.0,4.0,4.0,1.0,5.0,-4.0,7.0,-1.0,8.0,3.0,0.0,3.0,0.0,1.0,-1.0,85.7,0.0,42.9,35.7,,,,
2012-05-05,2011,Pacos Ferreira,Rio Ave,2.0,2.0,D,O,2.5,3.2,2.8,D,,,,,15,0.0,0.0,2.0,3.0,3.0,1.0,2.0,6.0,4.0,2.0,-3.0,-3.0,0.0,0.0,0.0,0.0,1.0,0.0,1.0,28.6,42.9,7.1,78.6,,,,
2012-05-05,2011,Olhanense,Maritimo,0.0,0.0,D,U,2.7,3.2,2.6,D,,,,,15,0.0,1.0,1.0,2.0,5.0,3.0,2.0,6.0,6.0,0.0,-1.0,-3.0,2.0,0.0,0.0,0.0,0.0,1.0,-1.0,21.4,35.7,35.7,28.6,,,,
2012-05-05,2011,Nacional,Gil Vicente,3.0,1.0,H,O,1.8,3.5,4.5,D,,,,,15,1.0,0.0,3.0,2.0,5.0,2.0,3.0,9.0,4.0,5.0,-4.0,-2.0,-2.0,0.0,0.0,0.0,2.0,0.0,2.0,42.9,35.7,14.3,50.0,,,,
2012-05-05,2011,Feirense,Guimaraes,1.0,3.0,A,O,2.4,3.2,3.0,D,,,,,14,1.0,1.0,2.0,3.0,4.0,2.0,2.0,8.0,9.0,-1.0,-4.0,-7.0,3.0,0.0,0.0,0.0,2.0,2.0,0.0,23.1,30.8,35.7,64.3,,,,
2012-05-05,2011,Benfica,Leiria,1.0,0.0,H,U,,,,H,,,,,15,3.0,0.0,1.0,4.0,11.0,3.0,8.0,6.0,7.0,-1.0,5.0,-4.0,9.0,2.0,0.0,2.0,0.0,0.0,0.0,92.9,7.1,7.1,78.6,,,,
2012-05-05,2011,Academica,Setubal,1.0,0.0,H,U,1.75,3.5,4.75,H,,,,,15,0.0,2.0,3.0,2.0,0.0,4.0,-4.0,3.0,6.0,-3.0,-3.0,-2.0,-1.0,0.0,0.0,0.0,0.0,1.0,-1.0,21.4,50.0,14.3,71.4,,,,
2012-04-30,2011,Sp Lisbon,Academica,2.0,1.0,H,O,1.5,3.8,7.5,D,,,,,14,4.0,0.0,0.0,2.0,8.0,4.0,4.0,0.0,6.0,-6.0,8.0,-2.0,10.0,1.0,0.0,1.0,0.0,0.0,0.0,76.9,7.7,15.4,53.8,,,,
2012-04-29,2011,Setubal,Nacional,0.0,3.0,A,O,2.8,3.1,2.6,A,,,,,14,3.0,3.0,0.0,0.0,4.0,13.0,-9.0,1.0,6.0,-5.0,3.0,7.0,-4.0,0.0,3.0,-3.0,0.0,0.0,0.0,46.2,23.1,30.8,53.8,,,,
2012-04-29,2011,Rio Ave,Benfica,2.0,2.0,D,O,6.5,3.8,1.53,A,,,,,14,2.0,1.0,1.0,1.0,9.0,2.0,7.0,3.0,2.0,1.0,6.0,0.0,6.0,2.0,0.0,2.0,0.0,0.0,0.0,46.2,30.8,46.2,15.4,,,,
2012-04-29,2011,Leiria,Feirense,0.0,4.0,A,O,2.38,3.2,3.0,A,,,,,14,1.0,0.0,2.0,3.0,2.0,3.0,-1.0,4.0,7.0,-3.0,-2.0,-4.0,2.0,0.0,0.0,0.0,1.0,1.0,0.0,30.8,53.8,7.7,76.9,,,,
2012-04-29,2011,Beira Mar,Pacos Ferreira,2.0,0.0,H,U,2.3,3.2,3.1,H,,,,,14,2.0,3.0,2.0,1.0,5.0,6.0,-1.0,7.0,5.0,2.0,-2.0,1.0,-3.0,0.0,0.0,0.0,1.0,1.0,0.0,23.1,61.5,30.8,61.5,,,,
2012-04-28,2011,Maritimo,Porto,0.0,2.0,A,U,7.0,4.0,1.5,A,,,,,14,3.0,3.0,1.0,0.0,8.0,7.0,1.0,7.0,3.0,4.0,1.0,4.0,-3.0,0.0,1.0,-1.0,1.0,0.0,1.0,69.2,23.1,61.5,7.7,,,,
2012-04-28,2011,Gil Vicente,Guimaraes,3.0,1.0,H,O,2.6,3.1,2.8,D,,,,,14,1.0,1.0,2.0,3.0,3.0,1.0,2.0,3.0,10.0,-7.0,0.0,-9.0,9.0,1.0,0.0,1.0,0.0,2.0,-2.0,30.8,30.8,38.5,61.5,,,,
2012-04-27,2011,Sp Braga,Olhanense,1.0,2.0,A,O,1.29,5.0,12.0,H,,,,,14,3.0,2.0,1.0,1.0,8.0,6.0,2.0,3.0,5.0,-2.0,5.0,1.0,4.0,1.0,1.0,0.0,0.0,1.0,-1.0,84.6,7.7,30.8,30.8,,,,
2012-04-23,2011,Academica,Olhanense,0.0,1.0,A,U,2.1,3.2,3.6,D,,,,,14,0.0,1.0,3.0,1.0,0.0,6.0,-6.0,4.0,6.0,-2.0,-4.0,0.0,-4.0,0.0,1.0,-1.0,1.0,1.0,0.0,23.1,46.2,25.0,33.3,,,,
2012-04-22,2011,Nacional,Sp Lisbon,2.0,3.0,A,O,3.25,3.2,2.25,A,,,,,14,2.0,1.0,2.0,3.0,7.0,1.0,6.0,7.0,5.0,2.0,0.0,-4.0,4.0,1.0,0.0,1.0,2.0,2.0,0.0,46.2,30.8,38.5,38.5,,,,
2012-04-22,2011,Gil Vicente,Rio Ave,0.0,0.0,D,U,2.25,3.2,3.25,D,,,,,13,1.0,1.0,3.0,3.0,3.0,3.0,0.0,6.0,4.0,2.0,-3.0,-1.0,-2.0,1.0,1.0,0.0,1.0,0.0,1.0,33.3,33.3,7.7,84.6,,,,
2012-04-22,2011,Feirense,Setubal,1.0,0.0,H,U,2.38,3.1,3.1,H,,,,,13,0.0,2.0,2.0,2.0,4.0,4.0,0.0,9.0,8.0,1.0,-5.0,-4.0,-1.0,0.0,0.0,0.0,2.0,2.0,0.0,16.7,33.3,15.4,69.2,,,,
2012-04-21,2011,Porto,Beira Mar,3.0,0.0,H,O,1.14,7.5,17.0,H,,,,,14,3.0,1.0,0.0,2.0,9.0,4.0,5.0,1.0,8.0,-7.0,8.0,-4.0,12.0,3.0,1.0,2.0,0.0,2.0,-2.0,84.6,0.0,30.8,46.2,,,,
2012-04-21,2011,Guimaraes,Leiria,3.0,2.0,H,O,1.67,3.5,5.5,D,,,,,14,3.0,0.0,0.0,4.0,7.0,1.0,6.0,3.0,8.0,-5.0,4.0,-7.0,11.0,1.0,0.0,1.0,0.0,1.0,-1.0,53.8,23.1,7.7,76.9,,,,
2012-04-21,2011,Benfica,Maritimo,4.0,1.0,H,O,1.3,5.0,11.0,H,,,,,14,3.0,2.0,1.0,1.0,11.0,5.0,6.0,6.0,3.0,3.0,5.0,2.0,3.0,2.0,1.0,1.0,0.0,0.0,0.0,92.3,7.7,38.5,23.1,,,,
2012-04-20,2011,Pacos Ferreira,Sp Braga,1.0,1.0,D,U,6.5,3.6,1.57,H,,,,,14,1.0,3.0,2.0,1.0,5.0,11.0,-6.0,6.0,4.0,2.0,-1.0,7.0,-8.0,1.0,3.0,-2.0,1.0,0.0,1.0,30.8,46.2,53.8,23.1,,,,
2012-04-09,2011,Sp Lisbon,Benfica,1.0,0.0,H,U,3.5,3.3,2.1,H,,,,,13,4.0,1.0,0.0,1.0,8.0,2.0,6.0,0.0,2.0,-2.0,8.0,0.0,8.0,1.0,0.0,1.0,0.0,0.0,0.0,75.0,8.3,50.0,8.3,,,,
2012-04-07,2011,Sp Braga,Porto,0.0,1.0,A,U,3.2,3.25,2.25,D,,,,,13,4.0,3.0,0.0,0.0,11.0,9.0,2.0,2.0,4.0,-2.0,9.0,5.0,4.0,2.0,2.0,0.0,0.0,0.0,0.0,91.7,0.0,58.3,8.3,,,,
2012-04-07,2011,Rio Ave,Feirense,2.0,2.0,D,O,1.73,3.5,5.0,D,,,,,13,2.0,0.0,2.0,4.0,8.0,2.0,6.0,4.0,8.0,-4.0,4.0,-6.0,10.0,2.0,0.0,2.0,1.0,2.0,-1.0,50.0,33.3,8.3,83.3,,,,
2012-04-07,2011,Olhanense,Pacos Ferreira,1.0,2.0,A,O,2.4,3.1,3.1,D,,,,,14,0.0,2.0,1.0,2.0,4.0,4.0,0.0,6.0,5.0,1.0,-2.0,-1.0,-1.0,0.0,0.0,0.0,1.0,1.0,0.0,23.1,30.8,25.0,66.7,,,,
2012-04-07,2011,Maritimo,Nacional,2.0,4.0,A,O,2.05,3.25,3.75,A,,,,,13,4.0,2.0,0.0,1.0,8.0,10.0,-2.0,3.0,8.0,-5.0,5.0,2.0,3.0,1.0,2.0,-1.0,0.0,1.0,-1.0,75.0,16.7,25.0,58.3,,,,
2012-04-06,2011,Setubal,Guimaraes,1.0,0.0,H,U,3.0,3.2,2.4,D,,,,,13,2.0,2.0,1.0,2.0,4.0,2.0,2.0,4.0,9.0,-5.0,0.0,-7.0,7.0,0.0,0.0,0.0,1.0,2.0,-1.0,41.7,25.0,41.7,58.3,,,,
2012-04-06,2011,Leiria,Gil Vicente,0.0,0.0,D,U,2.3,3.1,3.2,D,,,,,13,1.0,1.0,2.0,2.0,2.0,4.0,-2.0,4.0,4.0,0.0,-2.0,0.0,-2.0,0.0,1.0,-1.0,1.0,0.0,1.0,33.3,58.3,15.4,53.8,,,,
2012-04-06,2011,Beira Mar,Academica,2.0,1.0,H,O,2.38,3.1,3.1,A,,,,,13,1.0,0.0,3.0,2.0,3.0,4.0,-1.0,7.0,8.0,-1.0,-4.0,-4.0,0.0,0.0,0.0,0.0,1.0,1.0,0.0,16.7,66.7,16.7,50.0,,,,
2012-04-01,2011,Nacional,Rio Ave,2.0,1.0,H,O,2.1,3.2,3.6,H,,,,,13,2.0,1.0,2.0,3.0,7.0,3.0,4.0,6.0,4.0,2.0,1.0,-1.0,2.0,2.0,1.0,1.0,2.0,0.0,2.0,41.7,33.3,8.3,83.3,,,,
2012-04-01,2011,Leiria,Sp Lisbon,0.0,1.0,A,U,5.5,3.3,1.73,D,,,,,12,1.0,0.0,2.0,3.0,4.0,0.0,4.0,7.0,5.0,2.0,-3.0,-5.0,2.0,0.0,0.0,0.0,2.0,2.0,0.0,36.4,54.5,33.3,41.7,,,,
2012-04-01,2011,Guimaraes,Pacos Ferreira,3.0,1.0,H,O,2.05,3.25,3.75,H,,,,,13,3.0,3.0,0.0,1.0,5.0,7.0,-2.0,2.0,4.0,-2.0,3.0,3.0,0.0,0.0,1.0,-1.0,0.0,0.0,0.0,50.0,25.0,27.3,63.6,,,,
2012-04-01,2011,Gil Vicente,Setubal,0.0,1.0,A,U,1.91,3.25,4.33,D,,,,,12,2.0,1.0,2.0,3.0,6.0,4.0,2.0,6.0,10.0,-4.0,0.0,-6.0,6.0,2.0,0.0,2.0,1.0,2.0,-1.0,36.4,27.3,8.3,75.0,,,,
2012-04-01,2011,Feirense,Beira Mar,1.0,3.0,A,O,2.4,3.1,3.1,A,,,,,12,0.0,0.0,2.0,3.0,4.0,1.0,3.0,8.0,9.0,-1.0,-4.0,-8.0,4.0,0.0,0.0,0.0,1.0,3.0,-2.0,18.2,27.3,25.0,50.0,,,,
2012-03-31,2011,Porto,Olhanense,2.0,0.0,H,U,1.17,7.0,15.0,H,,,,,13,3.0,2.0,0.0,0.0,10.0,9.0,1.0,2.0,6.0,-4.0,8.0,3.0,5.0,3.0,1.0,2.0,0.0,0.0,0.0,83.3,0.0,27.3,27.3,,,,
2012-03-31,2011,Benfica,Sp Braga,2.0,1.0,H,O,1.73,3.6,4.75,D,,,,,13,3.0,4.0,1.0,0.0,12.0,12.0,0.0,6.0,3.0,3.0,6.0,9.0,-3.0,3.0,3.0,0.0,0.0,0.0,0.0,91.7,8.3,58.3,16.7,,,,
2012-03-30,2011,Academica,Maritimo,0.0,1.0,A,U,3.1,3.1,2.4,D,,,,,13,0.0,2.0,2.0,1.0,0.0,6.0,-6.0,3.0,4.0,-1.0,-3.0,2.0,-5.0,0.0,1.0,-1.0,1.0,0.0,1.0,25.0,41.7,33.3,25.0,,,,
2012-03-26,2011,Sp Braga,Academica,2.0,1.0,H,O,1.33,4.75,10.0,H,,,,,12,4.0,0.0,0.0,1.0,11.0,3.0,8.0,2.0,6.0,-4.0,9.0,-3.0,12.0,2.0,0.0,2.0,0.0,1.0,-1.0,90.9,0.0,18.2,45.5,,,,
2012-03-26,2011,Maritimo,Gil Vicente,3.0,2.0,H,O,1.73,3.5,5.0,A,,,,,12,3.0,1.0,1.0,2.0,6.0,3.0,3.0,3.0,4.0,-1.0,3.0,-1.0,4.0,1.0,1.0,0.0,0.0,1.0,-1.0,72.7,18.2,16.7,50.0,,,,
2012-03-25,2011,Setubal,Leiria,1.0,0.0,H,U,2.1,3.2,3.6,H,,,,,12,1.0,0.0,2.0,3.0,5.0,1.0,4.0,7.0,7.0,0.0,-2.0,-6.0,4.0,0.0,0.0,0.0,1.0,1.0,0.0,36.4,27.3,8.3,75.0,,,,
2012-03-25,2011,Rio Ave,Guimaraes,0.0,1.0,A,U,2.38,3.1,3.1,D,,,,,12,2.0,1.0,1.0,3.0,8.0,2.0,6.0,3.0,12.0,-9.0,5.0,-10.0,15.0,2.0,0.0,2.0,1.0,3.0,-2.0,54.5,27.3,36.4,63.6,,,,
2012-03-25,2011,Pacos Ferreira,Porto,1.0,1.0,D,U,10.0,4.33,1.36,D,,,,,13,2.0,3.0,2.0,1.0,6.0,9.0,-3.0,6.0,6.0,0.0,0.0,3.0,-3.0,1.0,2.0,-1.0,1.0,1.0,0.0,33.3,50.0,63.6,9.1,,,,
2012-03-25,2011,Beira Mar,Nacional,0.0,3.0,A,O,2.88,3.0,2.63,A,,,,,12,1.0,1.0,3.0,2.0,4.0,7.0,-3.0,6.0,9.0,-3.0,-2.0,-2.0,0.0,0.0,1.0,-1.0,0.0,1.0,-1.0,18.2,63.6,18.2,63.6,,,,
2012-03-24,2011,Sp Lisbon,Feirense,1.0,0.0,H,U,1.33,5.0,9.0,H,,,,,12,4.0,0.0,0.0,4.0,9.0,2.0,7.0,0.0,9.0,-9.0,9.0,-7.0,16.0,2.0,0.0,2.0,0.0,3.0,-3.0,72.7,9.1,9.1,81.8,,,,
2012-03-23,2011,Olhanense,Benfica,0.0,0.0,D,U,8.5,4.33,1.4,D,,,,,13,0.0,2.0,1.0,1.0,4.0,4.0,0.0,6.0,3.0,3.0,-2.0,1.0,-3.0,0.0,0.0,0.0,1.0,0.0,1.0,25.0,33.3,54.5,9.1,,,,
2012-03-19,2011,Gil Vicente,Sp Lisbon,2.0,0.0,H,U,4.33,3.4,1.85,H,,,,,11,1.0,0.0,3.0,3.0,4.0,1.0,3.0,9.0,5.0,4.0,-5.0,-4.0,-1.0,1.0,0.0,1.0,2.0,1.0,1.0,30.0,30.0,36.4,36.4,,,,
2012-03-18,2011,Setubal,Maritimo,1.0,1.0,D,U,3.3,3.25,2.2,A,,,,,11,1.0,2.0,2.0,1.0,5.0,6.0,-1.0,7.0,4.0,3.0,-2.0,2.0,-4.0,0.0,1.0,-1.0,1.0,0.0,1.0,40.0,30.0,36.4,27.3,,,,
2012-03-18,2011,Guimaraes,Olhanense,2.0,2.0,D,O,1.8,3.4,4.75,H,,,,,12,4.0,2.0,0.0,1.0,4.0,8.0,-4.0,0.0,6.0,-6.0,4.0,2.0,2.0,0.0,1.0,-1.0,0.0,0.0,0.0,54.5,27.3,30.0,30.0,,,,
2012-03-18,2011,Academica,Pacos Ferreira,0.0,1.0,A,U,2.3,3.1,3.25,A,,,,,12,0.0,2.0,2.0,2.0,0.0,6.0,-6.0,4.0,5.0,-1.0,-4.0,1.0,-5.0,0.0,1.0,-1.0,2.0,0.0,2.0,27.3,36.4,20.0,70.0,,,,
2012-03-17,2011,Leiria,Rio Ave,1.0,0.0,H,U,3.1,3.1,2.4,D,,,,,11,0.0,1.0,3.0,3.0,3.0,3.0,0.0,11.0,5.0,6.0,-8.0,-2.0,-6.0,0.0,1.0,-1.0,3.0,1.0,2.0,30.0,60.0,9.1,81.8,,,,
2012-03-17,2011,Feirense,Sp Braga,1.0,4.0,A,O,6.0,3.75,1.57,A,,,,,11,0.0,4.0,1.0,0.0,3.0,10.0,-7.0,4.0,3.0,1.0,-1.0,7.0,-8.0,0.0,2.0,-2.0,0.0,0.0,0.0,20.0,20.0,54.5,18.2,,,,
2012-03-16,2011,Nacional,Porto,0.0,2.0,A,U,7.5,4.2,1.44,A,,,,,12,2.0,2.0,1.0,1.0,9.0,7.0,2.0,6.0,6.0,0.0,3.0,1.0,2.0,2.0,1.0,1.0,1.0,1.0,0.0,45.5,27.3,60.0,10.0,,,,
2012-03-16,2011,Benfica,Beira Mar,3.0,1.0,H,O,1.14,8.0,17.0,H,,,,,12,3.0,0.0,1.0,3.0,13.0,1.0,12.0,6.0,8.0,-2.0,7.0,-7.0,14.0,3.0,0.0,3.0,0.0,2.0,-2.0,90.9,9.1,27.3,45.5,,,,
2012-03-11,2011,Sp Lisbon,Guimaraes,5.0,0.0,H,O,1.73,3.5,5.0,H,,,,,11,3.0,2.0,0.0,2.0,4.0,4.0,0.0,0.0,7.0,-7.0,4.0,-3.0,7.0,1.0,1.0,0.0,0.0,2.0,-2.0,70.0,10.0,40.0,60.0,,,,
2012-03-11,2011,Rio Ave,Setubal,3.0,0.0,H,O,2.0,3.2,4.0,H,,,,,11,2.0,1.0,1.0,3.0,6.0,5.0,1.0,3.0,11.0,-8.0,3.0,-6.0,9.0,1.0,0.0,1.0,1.0,2.0,-1.0,50.0,30.0,9.1,72.7,,,,
2012-03-11,2011,Pacos Ferreira,Benfica,1.0,2.0,A,O,8.0,4.0,1.44,H,,,,,12,2.0,2.0,1.0,1.0,6.0,6.0,0.0,5.0,2.0,3.0,1.0,4.0,-3.0,1.0,1.0,0.0,1.0,0.0,1.0,36.4,45.5,50.0,10.0,,,,
2012-03-11,2011,Olhanense,Nacional,4.0,4.0,D,O,2.5,3.0,3.0,H,,,,,12,1.0,2.0,1.0,2.0,2.0,6.0,-4.0,3.0,5.0,-2.0,-1.0,1.0,-2.0,0.0,2.0,-2.0,1.0,1.0,0.0,27.3,36.4,20.0,70.0,,,,
2012-03-11,2011,Beira Mar,Gil Vicente,1.0,0.0,H,U,2.5,3.1,2.9,D,,,,,11,0.0,1.0,4.0,1.0,4.0,3.0,1.0,8.0,3.0,5.0,-4.0,0.0,-4.0,0.0,1.0,-1.0,0.0,1.0,-1.0,10.0,70.0,18.2,45.5,,,,
2012-03-10,2011,Sp Braga,Leiria,2.0,1.0,H,O,1.22,6.0,13.0,H,,,,,11,4.0,0.0,0.0,2.0,11.0,2.0,9.0,2.0,7.0,-5.0,9.0,-5.0,14.0,2.0,0.0,2.0,0.0,1.0,-1.0,90.0,0.0,9.1,72.7,,,,
2012-03-10,2011,Porto,Academica,1.0,1.0,D,U,1.14,8.0,15.0,A,,,,,12,4.0,0.0,0.0,1.0,11.0,3.0,8.0,1.0,6.0,-5.0,10.0,-3.0,13.0,4.0,0.0,4.0,0.0,1.0,-1.0,90.9,0.0,20.0,50.0,,,,
2012-03-09,2011,Maritimo,Feirense,2.0,1.0,H,O,1.53,3.75,7.0,D,,,,,11,3.0,0.0,1.0,4.0,6.0,1.0,5.0,3.0,8.0,-5.0,3.0,-7.0,10.0,1.0,0.0,1.0,0.0,3.0,-3.0,70.0,20.0,10.0,80.0,,,,
2012-03-05,2011,Leiria,Olhanense,1.0,3.0,A,O,2.5,3.0,3.0,A,,,,,10,1.0,1.0,2.0,1.0,3.0,6.0,-3.0,8.0,6.0,2.0,-5.0,0.0,-5.0,0.0,0.0,0.0,2.0,0.0,2.0,33.3,55.6,22.2,33.3,,,,
2012-03-04,2011,Rio Ave,Beira Mar,4.0,0.0,H,O,2.1,3.1,3.75,H,,,,,10,2.0,1.0,1.0,2.0,4.0,4.0,0.0,3.0,4.0,-1.0,1.0,0.0,1.0,1.0,1.0,0.0,1.0,1.0,0.0,44.4,33.3,30.0,40.0,,,,
2012-03-04,2011,Guimaraes,Maritimo,1.0,0.0,H,U,2.3,3.1,3.25,D,,,,,11,3.0,2.0,0.0,1.0,4.0,6.0,-2.0,1.0,5.0,-4.0,3.0,1.0,2.0,0.0,1.0,-1.0,0.0,1.0,-1.0,50.0,30.0,40.0,20.0,,,,
2012-03-04,2011,Gil Vicente,Pacos Ferreira,1.0,2.0,A,O,2.2,3.2,3.4,D,,,,,10,2.0,1.0,2.0,3.0,5.0,6.0,-1.0,8.0,9.0,-1.0,-3.0,-3.0,0.0,1.0,1.0,0.0,2.0,1.0,1.0,33.3,22.2,11.1,77.8,,,,
2012-03-04,2011,Feirense,Academica,1.0,1.0,D,U,2.4,3.1,3.1,D,,,,,10,1.0,1.0,1.0,1.0,4.0,4.0,0.0,4.0,5.0,-1.0,0.0,-1.0,1.0,0.0,1.0,-1.0,0.0,1.0,-1.0,22.2,22.2,22.2,55.6,,,,
2012-03-03,2011,Setubal,Sp Lisbon,1.0,0.0,H,U,6.0,3.6,1.62,H,,,,,10,0.0,0.0,2.0,2.0,5.0,2.0,3.0,8.0,5.0,3.0,-3.0,-3.0,0.0,0.0,0.0,0.0,1.0,1.0,0.0,33.3,33.3,40.0,30.0,,,,
2012-03-03,2011,Nacional,Sp Braga,1.0,3.0,A,O,4.0,3.2,2.0,D,,,,,11,2.0,4.0,0.0,0.0,9.0,11.0,-2.0,4.0,5.0,-1.0,5.0,6.0,-1.0,2.0,1.0,1.0,0.0,0.0,0.0,50.0,20.0,50.0,20.0,,,,
2012-03-02,2011,Benfica,Porto,2.0,3.0,A,O,2.5,3.2,2.88,D,,,,,11,4.0,2.0,0.0,1.0,16.0,6.0,10.0,4.0,5.0,-1.0,12.0,1.0,11.0,4.0,1.0,3.0,0.0,1.0,-1.0,100.0,0.0,55.6,11.1,,,,
2012-02-27,2011,Sp Braga,Guimaraes,4.0,0.0,H,O,1.62,3.75,5.5,H,,,,,10,4.0,2.0,0.0,2.0,12.0,4.0,8.0,4.0,4.0,0.0,8.0,0.0,8.0,2.0,1.0,1.0,0.0,1.0,-1.0,88.9,0.0,44.4,55.6,,,,
2012-02-26,2011,Sp Lisbon,Rio Ave,1.0,0.0,H,U,1.44,4.2,7.5,H,,,,,10,3.0,1.0,0.0,3.0,4.0,4.0,0.0,0.0,9.0,-9.0,4.0,-5.0,9.0,1.0,1.0,0.0,0.0,2.0,-2.0,66.7,11.1,10.0,80.0,,,,
2012-02-26,2011,Porto,Feirense,2.0,0.0,H,U,1.13,8.5,17.0,D,,,,,11,4.0,0.0,0.0,3.0,11.0,2.0,9.0,1.0,7.0,-6.0,10.0,-5.0,15.0,4.0,0.0,4.0,0.0,2.0,-2.0,90.0,0.0,11.1,77.8,,,,
2012-02-26,2011,Pacos Ferreira,Nacional,0.0,2.0,A,U,2.3,3.1,3.3,D,,,,,11,2.0,1.0,1.0,3.0,6.0,4.0,2.0,6.0,6.0,0.0,0.0,-2.0,2.0,1.0,1.0,0.0,1.0,1.0,0.0,40.0,40.0,11.1,77.8,,,,
2012-02-26,2011,Olhanense,Gil Vicente,0.0,0.0,D,U,2.3,3.1,3.3,D,,,,,11,1.0,1.0,2.0,1.0,5.0,4.0,1.0,7.0,4.0,3.0,-2.0,0.0,-2.0,0.0,1.0,-1.0,1.0,1.0,0.0,30.0,40.0,20.0,50.0,,,,
2012-02-26,2011,Beira Mar,Setubal,2.0,3.0,A,O,1.83,3.4,4.5,A,,,,,10,0.0,0.0,4.0,3.0,3.0,3.0,0.0,7.0,10.0,-3.0,-4.0,-7.0,3.0,0.0,0.0,0.0,0.0,2.0,-2.0,11.1,66.7,0.0,80.0,,,,
2012-02-25,2011,Academica,Benfica,0.0,0.0,D,U,9.0,4.5,1.36,D,,,,,11,0.0,3.0,2.0,1.0,1.0,7.0,-6.0,5.0,2.0,3.0,-4.0,5.0,-9.0,0.0,1.0,-1.0,2.0,0.0,2.0,30.0,40.0,55.6,11.1,,,,
2012-02-24,2011,Maritimo,Leiria,1.0,0.0,H,U,1.5,4.0,7.0,D,,,,,10,2.0,0.0,2.0,2.0,5.0,3.0,2.0,4.0,8.0,-4.0,1.0,-5.0,6.0,1.0,0.0,1.0,0.0,1.0,-1.0,66.7,22.2,10.0,70.0,,,,
2012-02-20,2011,Guimaraes,Benfica,1.0,0.0,H,U,6.0,3.75,1.55,H,,,,,10,3.0,3.0,0.0,0.0,6.0,8.0,-2.0,1.0,2.0,-1.0,5.0,6.0,-1.0,1.0,1.0,0.0,0.0,0.0,0.0,44.4,33.3,62.5,0.0,,,,
2012-02-19,2011,Sp Lisbon,Pacos Ferreira,1.0,0.0,H,U,1.44,4.2,7.5,H,,,,,9,3.0,1.0,0.0,3.0,6.0,6.0,0.0,1.0,11.0,-10.0,5.0,-5.0,10.0,2.0,1.0,1.0,0.0,2.0,-2.0,62.5,12.5,12.5,75.0,,,,
2012-02-19,2011,Setubal,Porto,1.0,3.0,A,O,13.0,4.75,1.29,A,,,,,9,0.0,1.0,1.0,1.0,4.0,3.0,1.0,5.0,4.0,1.0,-1.0,-1.0,0.0,0.0,0.0,0.0,0.0,1.0,-1.0,37.5,25.0,50.0,12.5,,,,
2012-02-19,2011,Nacional,Academica,4.0,1.0,H,O,2.0,3.25,3.8,H,,,,,10,1.0,1.0,0.0,1.0,7.0,5.0,2.0,5.0,4.0,1.0,2.0,1.0,1.0,1.0,1.0,0.0,0.0,0.0,0.0,44.4,22.2,25.0,50.0,,,,
2012-02-19,2011,Leiria,Beira Mar,0.0,0.0,D,U,2.3,3.2,3.1,D,,,,,9,2.0,2.0,2.0,2.0,5.0,5.0,0.0,8.0,4.0,4.0,-3.0,1.0,-4.0,1.0,1.0,0.0,2.0,1.0,1.0,37.5,62.5,33.3,44.4,,,,
2012-02-19,2011,Feirense,Olhanense,1.0,1.0,D,U,2.38,3.1,3.1,H,,,,,9,2.0,1.0,1.0,2.0,5.0,6.0,-1.0,3.0,7.0,-4.0,2.0,-1.0,3.0,1.0,0.0,1.0,0.0,0.0,0.0,25.0,25.0,25.0,37.5,,,,
2012-02-18,2011,Gil Vicente,Sp Braga,0.0,3.0,A,O,4.33,3.4,1.83,A,,,,,9,2.0,3.0,1.0,1.0,5.0,10.0,-5.0,5.0,8.0,-3.0,0.0,2.0,-2.0,1.0,0.0,1.0,1.0,0.0,1.0,37.5,12.5,44.4,22.2,,,,
2012-02-17,2011,Rio Ave,Maritimo,1.0,3.0,A,O,2.6,3.2,2.7,A,,,,,9,3.0,1.0,0.0,1.0,5.0,5.0,0.0,1.0,6.0,-5.0,4.0,-1.0,5.0,1.0,0.0,1.0,0.0,1.0,-1.0,50.0,25.0,33.3,22.2,,,,
2012-02-13,2011,Academica,Gil Vicente,0.0,2.0,A,U,2.1,3.2,3.6,A,,,,,10,0.0,0.0,2.0,2.0,1.0,2.0,-1.0,4.0,6.0,-2.0,-3.0,-4.0,1.0,0.0,0.0,0.0,1.0,2.0,-1.0,33.3,33.3,11.1,55.6,,,,
2012-02-12,2011,Porto,Leiria,4.0,0.0,H,O,1.11,9.0,19.0,D,,,,,10,4.0,0.0,0.0,2.0,10.0,4.0,6.0,3.0,6.0,-3.0,7.0,-2.0,9.0,3.0,0.0,3.0,0.0,0.0,0.0,88.9,0.0,11.1,66.7,,,,
2012-02-12,2011,Pacos Ferreira,Feirense,3.0,1.0,H,O,2.1,3.2,3.6,H,,,,,10,1.0,0.0,1.0,3.0,4.0,2.0,2.0,6.0,6.0,0.0,-2.0,-4.0,2.0,0.0,0.0,0.0,1.0,1.0,0.0,33.3,44.4,12.5,75.0,,,,
2012-02-12,2011,Olhanense,Rio Ave,0.0,2.0,A,U,2.3,3.2,3.2,A,,,,,10,1.0,0.0,2.0,4.0,5.0,2.0,3.0,7.0,11.0,-4.0,-2.0,-9.0,7.0,0.0,0.0,0.0,1.0,3.0,-2.0,33.3,33.3,0.0,88.9,,,,
2012-02-12,2011,Beira Mar,Guimaraes,0.0,1.0,A,U,2.9,3.1,2.5,A,,,,,9,1.0,2.0,3.0,2.0,5.0,8.0,-3.0,7.0,5.0,2.0,-2.0,3.0,-5.0,0.0,2.0,-2.0,0.0,1.0,-1.0,12.5,62.5,37.5,62.5,,,,
2012-02-11,2011,Maritimo,Sp Lisbon,2.0,0.0,H,U,3.6,3.25,2.1,H,,,,,9,2.0,0.0,2.0,2.0,6.0,2.0,4.0,6.0,4.0,2.0,0.0,-2.0,2.0,0.0,0.0,0.0,0.0,0.0,0.0,62.5,25.0,44.4,22.2,,,,
2012-02-11,2011,Benfica,Nacional,4.0,1.0,H,O,1.14,7.5,17.0,H,,,,,10,4.0,1.0,0.0,3.0,13.0,4.0,9.0,3.0,4.0,-1.0,10.0,0.0,10.0,3.0,1.0,2.0,0.0,0.0,0.0,100.0,0.0,12.5,75.0,,,,
2012-02-10,2011,Sp Braga,Setubal,3.0,0.0,H,O,1.2,6.0,15.0,H,,,,,9,3.0,0.0,0.0,3.0,10.0,3.0,7.0,5.0,10.0,-5.0,5.0,-7.0,12.0,1.0,0.0,1.0,0.0,2.0,-2.0,87.5,0.0,0.0,77.8,,,,
2012-01-30,2011,Maritimo,Sp Braga,1.0,2.0,A,O,3.2,3.4,2.2,H,,,,,8,3.0,2.0,1.0,1.0,6.0,8.0,-2.0,4.0,7.0,-3.0,2.0,1.0,1.0,0.0,0.0,0.0,0.0,0.0,0.0,71.4,14.3,37.5,25.0,,,,
2012-01-29,2011,Sp Lisbon,Beira Mar,2.0,0.0,H,U,1.36,4.33,10.0,H,,,,,8,3.0,2.0,0.0,2.0,10.0,6.0,4.0,2.0,4.0,-2.0,8.0,2.0,6.0,2.0,1.0,1.0,0.0,0.0,0.0,57.1,14.3,37.5,37.5,,,,
2012-01-29,2011,Setubal,Olhanense,2.0,3.0,A,O,2.5,3.3,2.75,D,,,,,8,1.0,0.0,0.0,3.0,4.0,3.0,1.0,3.0,6.0,-3.0,1.0,-3.0,4.0,0.0,0.0,0.0,0.0,0.0,0.0,42.9,14.3,14.3,42.9,,,,
2012-01-29,2011,Leiria,Pacos Ferreira,2.0,4.0,A,O,2.15,3.3,3.4,D,,,,,8,3.0,0.0,1.0,4.0,4.0,3.0,1.0,4.0,13.0,-9.0,0.0,-10.0,10.0,1.0,0.0,1.0,1.0,3.0,-2.0,42.9,57.1,0.0,85.7,,,,
2012-01-29,2011,Gil Vicente,Porto,3.0,1.0,H,O,11.0,5.0,1.29,H,,,,,8,1.0,2.0,1.0,0.0,2.0,5.0,-3.0,4.0,1.0,3.0,-2.0,4.0,-6.0,0.0,1.0,-1.0,1.0,0.0,1.0,28.6,14.3,57.1,0.0,,,,
2012-01-28,2011,Rio Ave,Academica,0.0,0.0,D,U,2.1,3.3,3.5,D,,,,,8,4.0,1.0,0.0,2.0,7.0,5.0,2.0,1.0,6.0,-5.0,6.0,-1.0,7.0,2.0,1.0,1.0,0.0,1.0,-1.0,57.1,28.6,28.6,57.1,,,,
2012-01-28,2011,Feirense,Benfica,1.0,2.0,A,O,12.0,5.5,1.25,D,,,,,8,2.0,3.0,1.0,0.0,4.0,7.0,-3.0,3.0,1.0,2.0,1.0,6.0,-5.0,1.0,1.0,0.0,1.0,0.0,1.0,28.6,14.3,57.1,0.0,,,,
2012-01-27,2011,Guimaraes,Nacional,1.0,0.0,H,U,1.91,3.4,4.0,D,,,,,9,3.0,1.0,0.0,3.0,7.0,4.0,3.0,2.0,8.0,-6.0,5.0,-4.0,9.0,1.0,1.0,0.0,0.0,1.0,-1.0,37.5,37.5,14.3,71.4,,,,
2012-01-23,2011,Olhanense,Sp Lisbon,0.0,0.0,D,U,5.5,3.6,1.67,D,,,,,9,1.0,1.0,2.0,2.0,5.0,4.0,1.0,7.0,4.0,3.0,-2.0,0.0,-2.0,0.0,1.0,-1.0,1.0,0.0,1.0,37.5,37.5,50.0,25.0,,,,
2012-01-22,2011,Sp Braga,Rio Ave,2.0,1.0,H,O,1.36,4.33,10.0,H,,,,,8,3.0,0.0,0.0,4.0,11.0,2.0,9.0,4.0,11.0,-7.0,7.0,-9.0,16.0,2.0,0.0,2.0,0.0,3.0,-3.0,85.7,0.0,0.0,87.5,,,,
2012-01-22,2011,Porto,Guimaraes,3.0,1.0,H,O,1.3,5.5,9.0,H,,,,,9,4.0,2.0,0.0,2.0,10.0,7.0,3.0,2.0,3.0,-1.0,8.0,4.0,4.0,3.0,2.0,1.0,0.0,0.0,0.0,87.5,0.0,42.9,57.1,,,,
2012-01-22,2011,Pacos Ferreira,Setubal,2.0,1.0,H,O,2.0,3.2,4.0,D,,,,,9,0.0,0.0,2.0,3.0,3.0,2.0,1.0,10.0,10.0,0.0,-7.0,-8.0,1.0,0.0,0.0,0.0,2.0,3.0,-1.0,25.0,50.0,0.0,75.0,,,,
2012-01-22,2011,Nacional,Feirense,2.0,0.0,H,U,1.91,3.3,4.2,H,,,,,9,1.0,0.0,0.0,3.0,7.0,2.0,5.0,6.0,7.0,-1.0,1.0,-5.0,6.0,0.0,0.0,0.0,0.0,1.0,-1.0,37.5,25.0,14.3,71.4,,,,
2012-01-22,2011,Benfica,Gil Vicente,3.0,1.0,H,O,1.14,7.5,17.0,D,,,,,9,4.0,0.0,0.0,1.0,12.0,1.0,11.0,3.0,3.0,0.0,9.0,-2.0,11.0,2.0,0.0,2.0,0.0,1.0,-1.0,100.0,0.0,12.5,50.0,,,,
2012-01-21,2011,Beira Mar,Maritimo,1.0,2.0,A,O,2.8,3.1,2.63,A,,,,,8,1.0,0.0,3.0,1.0,4.0,3.0,1.0,6.0,5.0,1.0,-2.0,-2.0,0.0,0.0,0.0,0.0,0.0,1.0,-1.0,14.3,57.1,25.0,25.0,,,,
2012-01-20,2011,Academica,Leiria,0.0,0.0,D,U,1.91,3.3,4.2,D,,,,,9,0.0,0.0,2.0,3.0,1.0,5.0,-4.0,4.0,9.0,-5.0,-3.0,-4.0,1.0,0.0,0.0,0.0,1.0,1.0,0.0,37.5,37.5,12.5,75.0,,,,
2012-01-15,2011,Sp Braga,Sp Lisbon,2.0,1.0,H,O,2.4,3.2,3.0,D,,,,,7,3.0,2.0,0.0,1.0,11.0,4.0,7.0,3.0,2.0,1.0,8.0,2.0,6.0,3.0,1.0,2.0,0.0,0.0,0.0,83.3,0.0,57.1,14.3,,,,
2012-01-15,2011,Olhanense,Beira Mar,2.0,1.0,H,O,2.3,3.2,3.1,D,,,,,8,1.0,2.0,2.0,1.0,4.0,5.0,-1.0,6.0,2.0,4.0,-2.0,3.0,-5.0,0.0,1.0,-1.0,1.0,0.0,1.0,28.6,42.9,42.9,28.6,,,,
2012-01-15,2011,Nacional,Leiria,2.0,2.0,D,O,1.91,3.25,4.2,A,,,,,8,2.0,0.0,0.0,4.0,6.0,3.0,3.0,4.0,9.0,-5.0,2.0,-6.0,8.0,0.0,0.0,0.0,0.0,2.0,-2.0,42.9,28.6,14.3,85.7,,,,
2012-01-15,2011,Academica,Guimaraes,0.0,2.0,A,U,2.2,3.25,3.25,A,,,,,8,0.0,1.0,2.0,3.0,1.0,6.0,-5.0,5.0,5.0,0.0,-4.0,1.0,-5.0,0.0,1.0,-1.0,1.0,0.0,1.0,42.9,28.6,33.3,66.7,,,,
2012-01-14,2011,Porto,Rio Ave,2.0,0.0,H,U,1.14,7.5,17.0,H,,,,,8,4.0,0.0,0.0,4.0,13.0,3.0,10.0,2.0,11.0,-9.0,11.0,-8.0,19.0,3.0,0.0,3.0,0.0,2.0,-2.0,85.7,0.0,0.0,85.7,,,,
2012-01-14,2011,Feirense,Gil Vicente,0.0,0.0,D,U,2.25,3.2,3.25,D,,,,,7,2.0,0.0,1.0,2.0,6.0,2.0,4.0,5.0,9.0,-4.0,1.0,-7.0,8.0,1.0,0.0,1.0,1.0,2.0,-1.0,33.3,16.7,14.3,57.1,,,,
2012-01-14,2011,Benfica,Setubal,4.0,1.0,H,O,1.14,7.5,17.0,H,,,,,8,4.0,0.0,0.0,3.0,12.0,1.0,11.0,3.0,7.0,-4.0,9.0,-6.0,15.0,2.0,0.0,2.0,0.0,2.0,-2.0,100.0,0.0,0.0,71.4,,,,
2012-01-13,2011,Pacos Ferreira,Maritimo,1.0,1.0,D,U,3.0,3.2,2.38,D,,,,,8,1.0,0.0,2.0,1.0,4.0,4.0,0.0,9.0,6.0,3.0,-5.0,-2.0,-3.0,1.0,0.0,1.0,2.0,1.0,1.0,28.6,57.1,28.6,28.6,,,,
2012-01-09,2011,Beira Mar,Sp Braga,1.0,2.0,A,O,4.75,3.3,1.8,D,,,,,7,1.0,1.0,2.0,2.0,3.0,6.0,-3.0,4.0,7.0,-3.0,-1.0,-1.0,0.0,0.0,0.0,0.0,0.0,0.0,0.0,16.7,50.0,28.6,28.6,,,,
2012-01-08,2011,Rio Ave,Pacos Ferreira,1.0,0.0,H,U,1.95,3.3,4.0,H,,,,,7,3.0,0.0,1.0,4.0,8.0,3.0,5.0,4.0,13.0,-9.0,4.0,-10.0,14.0,2.0,0.0,2.0,0.0,3.0,-3.0,50.0,33.3,0.0,83.3,,,,
2012-01-08,2011,Maritimo,Olhanense,2.0,1.0,H,O,1.57,3.75,6.0,H,,,,,7,3.0,0.0,1.0,2.0,6.0,3.0,3.0,4.0,5.0,-1.0,2.0,-2.0,4.0,0.0,0.0,0.0,0.0,0.0,0.0,66.7,16.7,16.7,33.3,,,,
2012-01-08,2011,Leiria,Benfica,0.0,4.0,A,O,10.0,4.5,1.3,A,,,,,7,3.0,2.0,1.0,0.0,5.0,5.0,0.0,3.0,3.0,0.0,2.0,2.0,0.0,1.0,0.0,1.0,1.0,0.0,1.0,50.0,50.0,50.0,0.0,,,,
2012-01-08,2011,Guimaraes,Feirense,1.0,0.0,H,U,1.67,3.5,5.5,D,,,,,8,2.0,0.0,1.0,3.0,6.0,2.0,4.0,3.0,10.0,-7.0,3.0,-8.0,11.0,1.0,0.0,1.0,0.0,2.0,-2.0,28.6,42.9,16.7,66.7,,,,
2012-01-08,2011,Gil Vicente,Nacional,0.0,3.0,A,O,2.2,3.2,3.4,A,,,,,7,1.0,0.0,0.0,4.0,3.0,1.0,2.0,2.0,10.0,-8.0,1.0,-9.0,10.0,0.0,0.0,0.0,0.0,2.0,-2.0,33.3,0.0,0.0,83.3,,,,
2012-01-07,2011,Sp Lisbon,Porto,0.0,0.0,D,U,3.0,3.25,2.38,D,,,,,7,4.0,2.0,0.0,0.0,13.0,5.0,8.0,2.0,1.0,1.0,11.0,4.0,7.0,3.0,1.0,2.0,0.0,0.0,0.0,66.7,16.7,66.7,0.0,,,,
2012-01-06,2011,Setubal,Academica,1.0,1.0,D,U,3.25,3.0,2.38,D,,,,,7,2.0,1.0,0.0,3.0,4.0,5.0,-1.0,2.0,9.0,-7.0,2.0,-4.0,6.0,0.0,1.0,-1.0,0.0,2.0,-2.0,50.0,16.7,33.3,66.7,,,,
2011-12-19,2011,Olhanense,Sp Braga,3.0,4.0,A,O,5.0,3.5,1.73,H,,,,,7,2.0,0.0,1.0,2.0,3.0,3.0,0.0,3.0,5.0,-2.0,0.0,-2.0,2.0,0.0,0.0,0.0,1.0,0.0,1.0,33.3,33.3,16.7,33.3,,,,
2011-12-18,2011,Pacos Ferreira,Beira Mar,0.0,3.0,A,O,2.3,3.1,3.25,A,,,,,7,1.0,1.0,2.0,2.0,5.0,2.0,3.0,8.0,3.0,5.0,-3.0,-1.0,-2.0,1.0,0.0,1.0,1.0,0.0,1.0,33.3,50.0,33.3,33.3,,,,
2011-12-18,2011,Nacional,Setubal,1.0,1.0,D,U,1.83,3.4,4.5,A,,,,,7,3.0,0.0,0.0,4.0,6.0,0.0,6.0,3.0,9.0,-6.0,3.0,-9.0,12.0,0.0,0.0,0.0,0.0,3.0,-3.0,50.0,33.3,0.0,83.3,,,,
2011-12-18,2011,Feirense,Leiria,2.0,1.0,H,O,2.3,3.1,3.25,H,,,,,6,1.0,0.0,1.0,4.0,4.0,3.0,1.0,4.0,9.0,-5.0,0.0,-6.0,6.0,1.0,0.0,1.0,1.0,2.0,-1.0,20.0,20.0,16.7,83.3,,,,
2011-12-18,2011,Academica,Sp Lisbon,1.0,1.0,D,U,5.5,3.5,1.67,H,,,,,7,1.0,3.0,2.0,1.0,4.0,6.0,-2.0,4.0,3.0,1.0,0.0,3.0,-3.0,1.0,1.0,0.0,1.0,0.0,1.0,50.0,33.3,66.7,16.7,,,,
2011-12-17,2011,Porto,Maritimo,2.0,0.0,H,U,1.22,6.0,13.0,D,,,,,7,3.0,1.0,0.0,0.0,13.0,7.0,6.0,4.0,5.0,-1.0,9.0,2.0,7.0,2.0,1.0,1.0,0.0,0.0,0.0,83.3,0.0,33.3,16.7,,,,
2011-12-17,2011,Guimaraes,Gil Vicente,1.0,1.0,D,U,1.73,3.6,4.75,D,,,,,7,2.0,1.0,1.0,2.0,6.0,3.0,3.0,3.0,9.0,-6.0,3.0,-6.0,9.0,1.0,0.0,1.0,0.0,2.0,-2.0,33.3,50.0,16.7,66.7,,,,
2011-12-16,2011,Benfica,Rio Ave,5.0,1.0,H,O,1.17,6.5,19.0,H,,,,,7,4.0,0.0,0.0,3.0,11.0,2.0,9.0,3.0,6.0,-3.0,8.0,-4.0,12.0,2.0,0.0,2.0,0.0,1.0,-1.0,100.0,0.0,0.0,83.3,,,,
2011-12-12,2011,Olhanense,Academica,0.0,2.0,A,U,2.3,3.2,3.2,A,,,,,6,2.0,0.0,1.0,4.0,4.0,3.0,1.0,3.0,11.0,-8.0,1.0,-8.0,9.0,0.0,0.0,0.0,0.0,3.0,-3.0,40.0,20.0,20.0,80.0,,,,
2011-12-11,2011,Setubal,Feirense,1.0,1.0,D,U,2.3,3.1,3.2,D,,,,,6,2.0,1.0,1.0,3.0,3.0,3.0,0.0,2.0,10.0,-8.0,1.0,-7.0,8.0,0.0,0.0,0.0,0.0,2.0,-2.0,60.0,20.0,20.0,80.0,,,,
2011-12-11,2011,Rio Ave,Gil Vicente,2.0,0.0,H,U,2.1,3.2,3.6,H,,,,,6,2.0,1.0,2.0,2.0,6.0,4.0,2.0,5.0,10.0,-5.0,1.0,-6.0,7.0,1.0,0.0,1.0,0.0,2.0,-2.0,40.0,40.0,20.0,60.0,,,,
2011-12-11,2011,Maritimo,Benfica,0.0,1.0,A,U,5.0,3.5,1.73,D,,,,,6,4.0,2.0,0.0,0.0,8.0,6.0,2.0,4.0,3.0,1.0,4.0,3.0,1.0,0.0,1.0,-1.0,0.0,0.0,0.0,80.0,0.0,40.0,0.0,,,,
2011-12-11,2011,Leiria,Guimaraes,1.0,0.0,H,U,3.1,3.1,2.4,H,,,,,6,2.0,1.0,2.0,3.0,6.0,7.0,-1.0,8.0,6.0,2.0,-2.0,1.0,-3.0,1.0,1.0,0.0,2.0,0.0,2.0,40.0,60.0,40.0,60.0,,,,
2011-12-10,2011,Sp Lisbon,Nacional,1.0,0.0,H,U,1.25,5.5,12.0,H,,,,,6,3.0,0.0,1.0,4.0,14.0,1.0,13.0,5.0,13.0,-8.0,9.0,-12.0,21.0,3.0,0.0,3.0,0.0,3.0,-3.0,60.0,20.0,0.0,80.0,,,,
2011-12-10,2011,Beira Mar,Porto,1.0,2.0,A,O,10.0,4.75,1.33,D,,,,,6,1.0,2.0,2.0,0.0,2.0,8.0,-6.0,3.0,2.0,1.0,-1.0,6.0,-7.0,0.0,2.0,-2.0,0.0,0.0,0.0,20.0,40.0,60.0,0.0,,,,
2011-12-09,2011,Sp Braga,Pacos Ferreira,5.0,2.0,H,O,1.36,4.75,8.5,H,,,,,6,3.0,0.0,0.0,3.0,9.0,1.0,8.0,2.0,8.0,-6.0,7.0,-7.0,14.0,3.0,0.0,3.0,0.0,2.0,-2.0,80.0,0.0,0.0,80.0,,,,
2011-11-28,2011,Guimaraes,Setubal,3.0,0.0,H,O,1.62,3.6,6.0,D,,,,,6,1.0,0.0,2.0,4.0,3.0,0.0,3.0,6.0,9.0,-3.0,-3.0,-9.0,6.0,0.0,0.0,0.0,1.0,3.0,-2.0,20.0,60.0,0.0,80.0,,,,
2011-11-27,2011,Porto,Sp Braga,3.0,2.0,H,O,1.4,4.5,8.0,H,,,,,6,3.0,1.0,0.0,1.0,13.0,2.0,11.0,2.0,2.0,0.0,11.0,0.0,11.0,3.0,0.0,3.0,0.0,0.0,0.0,80.0,0.0,20.0,20.0,,,,
2011-11-27,2011,Pacos Ferreira,Olhanense,1.0,1.0,D,U,2.25,3.25,3.2,D,,,,,6,1.0,1.0,3.0,2.0,6.0,3.0,3.0,10.0,4.0,6.0,-4.0,-1.0,-3.0,1.0,0.0,1.0,1.0,0.0,1.0,40.0,60.0,20.0,40.0,,,,
2011-11-27,2011,Gil Vicente,Leiria,2.0,1.0,H,O,2.05,3.25,3.75,H,,,,,6,1.0,1.0,0.0,3.0,3.0,3.0,0.0,1.0,7.0,-6.0,2.0,-4.0,6.0,1.0,0.0,1.0,0.0,2.0,-2.0,20.0,0.0,20.0,80.0,,,,
2011-11-27,2011,Feirense,Rio Ave,2.0,0.0,H,U,2.75,3.0,2.75,H,,,,,5,0.0,0.0,1.0,3.0,2.0,3.0,-1.0,4.0,6.0,-2.0,-2.0,-3.0,1.0,0.0,0.0,0.0,1.0,0.0,1.0,0.0,25.0,0.0,80.0,,,,
2011-11-26,2011,Nacional,Maritimo,2.0,2.0,D,O,2.9,3.1,2.5,A,,,,,6,3.0,2.0,1.0,0.0,5.0,8.0,-3.0,5.0,5.0,0.0,0.0,3.0,-3.0,0.0,1.0,-1.0,1.0,0.0,1.0,60.0,40.0,40.0,20.0,,,,
2011-11-26,2011,Benfica,Sp Lisbon,1.0,0.0,H,U,1.8,3.6,4.33,H,,,,,6,4.0,4.0,0.0,0.0,12.0,9.0,3.0,4.0,4.0,0.0,8.0,5.0,3.0,2.0,1.0,1.0,0.0,0.0,0.0,100.0,0.0,80.0,0.0,,,,
2011-11-25,2011,Academica,Beira Mar,0.0,1.0,A,U,2.1,3.2,3.6,A,,,,,6,2.0,1.0,1.0,2.0,8.0,4.0,4.0,3.0,3.0,0.0,5.0,1.0,4.0,2.0,1.0,1.0,1.0,0.0,1.0,60.0,20.0,20.0,40.0,,,,
2011-11-06,2011,Sp Lisbon,Leiria,3.0,1.0,H,O,1.25,5.5,12.0,D,,,,,5,2.0,1.0,1.0,3.0,12.0,3.0,9.0,5.0,6.0,-1.0,7.0,-3.0,10.0,2.0,0.0,2.0,0.0,1.0,-1.0,50.0,25.0,25.0,75.0,,,,
2011-11-06,2011,Sp Braga,Benfica,1.0,1.0,D,U,3.75,3.3,2.0,H,,,,,5,4.0,2.0,0.0,0.0,10.0,7.0,3.0,1.0,4.0,-3.0,9.0,3.0,6.0,4.0,1.0,3.0,0.0,0.0,0.0,100.0,0.0,50.0,0.0,,,,
2011-11-06,2011,Setubal,Gil Vicente,0.0,0.0,D,U,2.5,3.1,2.9,D,,,,,5,3.0,1.0,1.0,3.0,5.0,5.0,0.0,3.0,13.0,-10.0,2.0,-8.0,10.0,0.0,0.0,0.0,0.0,3.0,-3.0,75.0,25.0,25.0,75.0,,,,
2011-11-06,2011,Rio Ave,Nacional,2.0,1.0,H,O,2.38,3.25,3.0,A,,,,,5,1.0,0.0,2.0,3.0,4.0,0.0,4.0,4.0,11.0,-7.0,0.0,-11.0,11.0,1.0,0.0,1.0,0.0,3.0,-3.0,25.0,50.0,0.0,75.0,,,,
2011-11-06,2011,Beira Mar,Feirense,2.0,1.0,H,O,2.1,3.25,3.6,H,,,,,5,0.0,1.0,2.0,3.0,0.0,3.0,-3.0,2.0,11.0,-9.0,-2.0,-8.0,6.0,0.0,0.0,0.0,0.0,3.0,-3.0,0.0,50.0,25.0,75.0,,,,
2011-11-05,2011,Olhanense,Porto,0.0,0.0,D,U,11.0,4.5,1.33,D,,,,,5,2.0,3.0,1.0,0.0,6.0,9.0,-3.0,5.0,2.0,3.0,1.0,7.0,-6.0,0.0,2.0,-2.0,0.0,0.0,0.0,50.0,25.0,75.0,0.0,,,,
2011-11-05,2011,Maritimo,Academica,3.0,2.0,H,O,1.8,3.4,4.75,H,,,,,5,3.0,1.0,0.0,3.0,5.0,3.0,2.0,2.0,9.0,-7.0,3.0,-6.0,9.0,0.0,0.0,0.0,0.0,3.0,-3.0,75.0,0.0,25.0,75.0,,,,
2011-11-04,2011,Pacos Ferreira,Guimaraes,1.0,5.0,A,O,2.88,3.2,2.5,D,,,,,5,2.0,1.0,2.0,3.0,7.0,6.0,1.0,6.0,6.0,0.0,1.0,0.0,1.0,1.0,1.0,0.0,0.0,0.0,0.0,50.0,50.0,25.0,75.0,,,,
2011-11-01,2011,Gil Vicente,Maritimo,0.0,0.0,D,U,3.0,3.2,2.4,D,,,,,5,1.0,2.0,0.0,1.0,5.0,8.0,-3.0,3.0,7.0,-4.0,2.0,1.0,1.0,1.0,1.0,0.0,0.0,1.0,-1.0,25.0,0.0,50.0,25.0,,,,
2011-10-30,2011,Nacional,Beira Mar,2.0,1.0,H,O,2.15,3.1,3.6,H,,,,,5,2.0,1.0,2.0,1.0,3.0,3.0,0.0,6.0,1.0,5.0,-3.0,2.0,-5.0,0.0,1.0,-1.0,2.0,0.0,2.0,50.0,50.0,25.0,25.0,,,,
2011-10-30,2011,Leiria,Setubal,2.0,0.0,H,U,2.2,3.2,3.4,H,,,,,5,1.0,0.0,3.0,3.0,5.0,2.0,3.0,10.0,9.0,1.0,-5.0,-7.0,2.0,0.0,0.0,0.0,2.0,2.0,0.0,25.0,75.0,0.0,75.0,,,,
2011-10-30,2011,Guimaraes,Rio Ave,2.0,1.0,H,O,2.0,3.2,4.0,D,,,,,5,0.0,0.0,3.0,3.0,1.0,2.0,-1.0,6.0,5.0,1.0,-5.0,-3.0,-2.0,0.0,0.0,0.0,1.0,0.0,1.0,0.0,75.0,0.0,75.0,,,,
2011-10-30,2011,Feirense,Sp Lisbon,0.0,2.0,A,U,7.5,3.8,1.5,D,,,,,4,,3.0,,0.0,,7.0,,,4.0,,,3.0,,,0.0,,,0.0,,0.0,0.0,75.0,0.0,,,,
2011-10-29,2011,Benfica,Olhanense,2.0,1.0,H,O,1.18,6.5,16.0,H,,,,,5,4.0,1.0,0.0,1.0,13.0,3.0,10.0,4.0,3.0,1.0,9.0,0.0,9.0,3.0,0.0,3.0,0.0,0.0,0.0,100.0,0.0,25.0,25.0,,,,
2011-10-29,2011,Academica,Sp Braga,0.0,0.0,D,U,3.75,3.25,2.05,D,,,,,5,3.0,1.0,1.0,1.0,9.0,2.0,7.0,3.0,2.0,1.0,6.0,0.0,6.0,2.0,0.0,2.0,1.0,0.0,1.0,75.0,25.0,25.0,25.0,,,,
2011-10-28,2011,Porto,Pacos Ferreira,3.0,0.0,H,O,1.13,8.0,21.0,H,,,,,5,3.0,0.0,0.0,3.0,13.0,2.0,11.0,3.0,7.0,-4.0,10.0,-5.0,15.0,3.0,0.0,3.0,0.0,1.0,-1.0,75.0,0.0,0.0,75.0,,,,
2011-10-24,2011,Sp Lisbon,Gil Vicente,6.0,1.0,H,O,1.33,4.75,10.0,H,,,,,4,,,,,,,,,,,,,,,,,,,,33.3,33.3,33.3,66.7,,,,
2011-10-23,2011,Sp Braga,Feirense,3.0,0.0,H,O,1.4,4.0,9.5,H,,,,,4,,,,,,,,,,,,,,,,,,,,100.0,0.0,33.3,66.7,,,,
2011-10-23,2011,Rio Ave,Leiria,2.0,0.0,H,U,1.95,3.3,4.0,H,,,,,4,,,,,,,,,,,,,,,,,,,,0.0,66.7,33.3,66.7,,,,
2011-10-23,2011,Porto,Nacional,5.0,0.0,H,O,1.14,7.0,19.0,H,,,,,4,,,,,,,,,,,,,,,,,,,,66.7,0.0,0.0,66.7,,,,
2011-10-23,2011,Maritimo,Setubal,1.0,0.0,H,U,1.67,3.5,5.5,H,,,,,4,,,,,,,,,,,,,,,,,,,,66.7,0.0,0.0,66.7,,,,
2011-10-22,2011,Olhanense,Guimaraes,1.0,0.0,H,U,2.9,3.2,2.45,D,,,,,4,,,,,,,,,,,,,,,,,,,,33.3,33.3,33.3,66.7,,,,
2011-10-22,2011,Beira Mar,Benfica,0.0,1.0,A,U,9.0,4.5,1.36,A,,,,,4,,,,,,,,,,,,,,,,,,,,0.0,33.3,33.3,0.0,,,,
2011-10-21,2011,Pacos Ferreira,Academica,2.0,0.0,H,U,2.4,3.2,3.0,H,,,,,4,,,,,,,,,,,,,,,,,,,,33.3,66.7,33.3,66.7,,,,
2011-10-03,2011,Gil Vicente,Beira Mar,0.0,0.0,D,U,2.1,3.25,3.6,D,,,,,4,,,,,,,,,,,,,,,,,,,,33.3,0.0,33.3,33.3,,,,
2011-10-02,2011,Nacional,Olhanense,1.0,0.0,H,U,2.1,3.1,3.8,H,,,,,4,,,,,,,,,,,,,,,,,,,,33.3,66.7,33.3,0.0,,,,
2011-10-02,2011,Leiria,Sp Braga,1.0,0.0,H,U,5.0,3.5,1.73,H,,,,,4,,,,,,,,,,,,,,,,,,,,0.0,100.0,33.3,0.0,,,,
2011-10-02,2011,Guimaraes,Sp Lisbon,0.0,1.0,A,U,4.2,3.3,1.91,A,,,,,4,,,,,,,,,,,,,,,,,,,,0.0,66.7,66.7,0.0,,,,
2011-10-02,2011,Feirense,Maritimo,2.0,2.0,D,O,2.9,3.1,2.5,D,,,,,3,,,,,,,,,,,,,,,,,,,,0.0,0.0,66.7,33.3,,,,
2011-10-02,2011,Academica,Porto,0.0,3.0,A,O,8.0,4.5,1.4,A,,,,,4,,,,,,,,,,,,,,,,,,,,100.0,0.0,66.7,0.0,,,,
2011-10-01,2011,Benfica,Pacos Ferreira,4.0,1.0,H,O,1.17,7.0,15.0,H,,,,,4,,,,,,,,,,,,,,,,,,,,100.0,0.0,0.0,66.7,,,,
2011-09-30,2011,Setubal,Rio Ave,2.0,1.0,H,O,2.4,3.2,3.0,D,,,,,4,,,,,,,,,,,,,,,,,,,,66.7,33.3,0.0,66.7,,,,
2011-09-26,2011,Academica,Feirense,4.0,0.0,H,O,2.05,3.2,3.75,H,,,,,3,,,,,,,,,,,,,,,,,,,,100.0,0.0,50.0,50.0,,,,
2011-09-25,2011,Pacos Ferreira,Gil Vicente,1.0,2.0,A,O,2.38,3.1,3.1,D,,,,,3,,,,,,,,,,,,,,,,,,,,50.0,50.0,0.0,100.0,,,,
2011-09-25,2011,Olhanense,Leiria,2.0,1.0,H,O,2.3,3.1,3.2,H,,,,,3,,,,,,,,,,,,,,,,,,,,0.0,50.0,50.0,50.0,,,,
2011-09-25,2011,Maritimo,Guimaraes,2.0,1.0,H,O,2.38,3.0,3.2,H,,,,,3,,,,,,,,,,,,,,,,,,,,50.0,0.0,50.0,50.0,,,,
2011-09-25,2011,Beira Mar,Rio Ave,0.0,0.0,D,U,2.5,3.1,2.9,D,,,,,3,,,,,,,,,,,,,,,,,,,,0.0,50.0,0.0,100.0,,,,
2011-09-24,2011,Sp Lisbon,Setubal,3.0,0.0,H,O,1.33,4.5,11.0,H,,,,,3,,,,,,,,,,,,,,,,,,,,0.0,50.0,0.0,50.0,,,,
2011-09-24,2011,Sp Braga,Nacional,2.0,0.0,H,U,1.53,3.8,6.5,H,,,,,3,,,,,,,,,,,,,,,,,,,,100.0,0.0,0.0,50.0,,,,
2011-09-23,2011,Porto,Benfica,2.0,2.0,D,O,1.83,3.75,4.0,H,,,,,3,,,,,,,,,,,,,,,,,,,,100.0,0.0,50.0,0.0,,,,
2011-09-19,2011,Rio Ave,Sp Lisbon,2.0,3.0,A,O,4.6,3.3,1.85,A,,,,,3,,,,,,,,,,,,,,,,,,,,0.0,50.0,50.0,0.0,,,,
2011-09-19,2011,Guimaraes,Sp Braga,1.0,1.0,D,U,3.1,3.1,2.4,H,,,,,3,,,,,,,,,,,,,,,,,,,,0.0,100.0,50.0,0.0,,,,
2011-09-18,2011,Setubal,Beira Mar,1.0,0.0,H,U,2.38,3.1,3.1,D,,,,,3,,,,,,,,,,,,,,,,,,,,50.0,50.0,50.0,0.0,,,,
2011-09-18,2011,Leiria,Maritimo,1.0,3.0,A,O,2.8,3.1,2.6,A,,,,,3,,,,,,,,,,,,,,,,,,,,0.0,100.0,50.0,50.0,,,,
2011-09-18,2011,Feirense,Porto,0.0,0.0,D,U,15.0,6.0,1.2,D,,,,,2,,,,,,,,,,,,,,,,,,,,0.0,0.0,100.0,0.0,,,,
2011-09-18,2011,Benfica,Academica,4.0,1.0,H,O,1.2,6.0,16.0,H,,,,,3,,,,,,,,,,,,,,,,,,,,100.0,0.0,50.0,50.0,,,,
2011-09-17,2011,Nacional,Pacos Ferreira,1.0,0.0,H,U,2.2,3.2,3.4,H,,,,,3,,,,,,,,,,,,,,,,,,,,0.0,100.0,0.0,50.0,,,,
2011-09-16,2011,Gil Vicente,Olhanense,1.0,1.0,D,U,2.15,3.2,3.5,A,,,,,3,,,,,,,,,,,,,,,,,,,,50.0,0.0,50.0,0.0,,,,
2011-09-12,2011,Academica,Nacional,4.0,0.0,H,O,2.5,3.1,2.9,D,,,,,2,,,,,,,,,,,,,,,,,,,,100.0,0.0,0.0,0.0,,,,
2011-09-11,2011,Sp Braga,Gil Vicente,3.0,1.0,H,O,1.44,4.33,7.0,D,,,,,2,,,,,,,,,,,,,,,,,,,,100.0,0.0,0.0,100.0,,,,
2011-09-11,2011,Olhanense,Feirense,1.0,2.0,A,O,1.91,3.25,4.33,A,,,,,2,,,,,,,,,,,,,,,,,,,,0.0,0.0,0.0,100.0,,,,
2011-09-11,2011,Maritimo,Rio Ave,2.0,1.0,H,O,2.1,3.1,3.8,D,,,,,2,,,,,,,,,,,,,,,,,,,,0.0,0.0,0.0,100.0,,,,
2011-09-11,2011,Beira Mar,Leiria,0.0,1.0,A,U,2.2,3.2,3.4,D,,,,,2,,,,,,,,,,,,,,,,,,,,0.0,0.0,0.0,100.0,,,,
2011-09-10,2011,Pacos Ferreira,Sp Lisbon,2.0,3.0,A,O,4.75,3.25,1.83,H,,,,,2,,,,,,,,,,,,,,,,,,,,100.0,0.0,0.0,0.0,,,,
2011-09-10,2011,Benfica,Guimaraes,2.0,1.0,H,O,1.33,5.0,9.0,H,,,,,2,,,,,,,,,,,,,,,,,,,,100.0,0.0,100.0,0.0,,,,
2011-09-09,2011,Porto,Setubal,3.0,0.0,H,O,1.14,7.0,21.0,D,,,,,2,,,,,,,,,,,,,,,,,,,,100.0,0.0,0.0,0.0,,,,
2011-09-06,2011,Leiria,Porto,2.0,5.0,A,O,12.0,5.0,1.29,A,,,,,2,,,,,,,,,,,,,,,,,,,,0.0,100.0,100.0,0.0,,,,
2011-09-04,2011,Nacional,Guimaraes,1.0,4.0,A,O,2.2,3.2,3.4,A,,,,,2,,,,,,,,,,,,,,,,,,,,0.0,100.0,,,,,,
2011-08-29,2011,Setubal,Sp Braga,0.0,1.0,A,U,3.6,3.2,2.1,D,,,,,2,,,,,,,,,,,,,,,,,,,,100.0,0.0,0.0,0.0,,,,
2011-08-29,2011,Nacional,Benfica,0.0,2.0,A,U,6.5,3.8,1.53,A,,,,,1,,,,,,,,,,,,,,,,,,,,,,0.0,0.0,,,,
2011-08-28,2011,Sp Lisbon,Maritimo,2.0,3.0,A,O,1.44,4.0,8.0,H,,,,,2,,,,,,,,,,,,,,,,,,,,0.0,0.0,0.0,100.0,,,,
2011-08-28,2011,Rio Ave,Olhanense,0.0,1.0,A,U,2.1,3.1,3.75,A,,,,,2,,,,,,,,,,,,,,,,,,,,0.0,0.0,0.0,0.0,,,,
2011-08-28,2011,Guimaraes,Beira Mar,0.0,3.0,A,O,1.91,3.2,4.33,A,,,,,2,,,,,,,,,,,,,,,,,,,,0.0,100.0,0.0,0.0,,,,
2011-08-28,2011,Feirense,Pacos Ferreira,0.0,0.0,D,U,2.7,3.0,2.75,D,,,,,1,,,,,,,,,,,,,,,,,,,,,,0.0,100.0,,,,
2011-08-27,2011,Gil Vicente,Academica,2.0,0.0,H,U,2.5,3.0,3.0,D,,,,,2,,,,,,,,,,,,,,,,,,,,0.0,0.0,100.0,0.0,,,,
2011-08-22,2011,Olhanense,Setubal,2.0,2.0,D,O,2.2,3.2,3.4,A,,,,,1,,,,,,,,,,,,,,,,,,,,,,,,,,,
2011-08-21,2011,Sp Braga,Maritimo,2.0,0.0,H,U,1.62,3.6,6.0,D,,,,,1,,,,,,,,,,,,,,,,,,,,,,,,,,,
2011-08-21,2011,Pacos Ferreira,Leiria,2.0,1.0,H,O,2.0,3.2,4.0,D,,,,,1,,,,,,,,,,,,,,,,,,,,,,,,,,,
2011-08-21,2011,Beira Mar,Sp Lisbon,0.0,0.0,D,U,4.75,3.25,1.83,D,,,,,1,,,,,,,,,,,,,,,,,,,,,,,,,,,
2011-08-21,2011,Academica,Rio Ave,1.0,0.0,H,U,2.4,3.1,3.1,H,,,,,1,,,,,,,,,,,,,,,,,,,,,,,,,,,
2011-08-20,2011,Benfica,Feirense,3.0,1.0,H,O,1.2,6.5,13.0,H,,,,,1,,,,,,,,,,,,,,,,,,,,,,,,,,,
2011-08-19,2011,Porto,Gil Vicente,3.0,1.0,H,O,1.17,7.0,16.0,H,,,,,1,,,,,,,,,,,,,,,,,,,,,,,,,,,
2011-08-15,2011,Leiria,Academica,1.0,2.0,A,O,2.5,3.2,2.8,H,,,,,1,,,,,,,,,,,,,,,,,,,,,,,,,,,
2011-08-14,2011,Setubal,Pacos Ferreira,2.0,1.0,H,O,2.5,3.1,2.9,A,,,,,1,,,,,,,,,,,,,,,,,,,,,,,,,,,
2011-08-14,2011,Maritimo,Beira Mar,0.0,0.0,D,U,1.91,3.2,4.33,D,,,,,1,,,,,,,,,,,,,,,,,,,,,,,,,,,
2011-08-14,2011,Guimaraes,Porto,0.0,1.0,A,U,7.0,4.0,1.5,A,,,,,1,,,,,,,,,,,,,,,,,,,,,,,,,,,
2011-08-14,2011,Feirense ,Nacional,0.0,0.0,D,U,2.8,3.1,2.6,D,,,,,1,,,,,,,,,,,,,,,,,,,,,,,,,,,
2011-08-13,2011,Sp Lisbon,Olhanense,1.0,1.0,D,U,1.4,4.33,8.5,A,,,,,1,,,,,,,,,,,,,,,,,,,,,,,,,,,
2011-08-13,2011,Rio Ave,Sp Braga,0.0,0.0,D,U,3.25,3.1,2.3,D,,,,,1,,,,,,,,,,,,,,,,,,,,,,,,,,,
2011-08-12,2011,Gil Vicente,Benfica,2.0,2.0,D,O,9.0,4.2,1.4,A,,,,,1,,,,,,,,,,,,,,,,,,,,,,,,,,,
2011-05-14,2010,Sp Braga,Sp Lisbon,0.0,1.0,A,U,2.5,3.1,2.88,A,,,,,15,3.0,0.0,0.0,2.0,6.0,3.0,3.0,2.0,5.0,-3.0,4.0,-2.0,6.0,1.0,0.0,1.0,0.0,0.0,0.0,64.3,21.4,42.9,28.6,,,,
2011-05-14,2010,Setubal,Portimonense,3.0,1.0,H,O,1.91,3.25,4.33,D,,,,,15,2.0,1.0,1.0,2.0,6.0,3.0,3.0,6.0,4.0,2.0,0.0,-1.0,1.0,1.0,0.0,1.0,1.0,0.0,1.0,28.6,35.7,14.3,57.1,,,,
2011-05-14,2010,Pacos Ferreira,Academica,5.0,1.0,H,O,1.7,3.4,5.25,H,,,,,15,1.0,0.0,2.0,3.0,4.0,2.0,2.0,12.0,7.0,5.0,-8.0,-5.0,-3.0,0.0,0.0,0.0,2.0,2.0,0.0,35.7,28.6,21.4,57.1,,,,
2011-05-14,2010,Olhanense,Rio Ave,2.0,2.0,D,O,3.0,3.25,2.38,A,,,,,15,0.0,2.0,2.0,1.0,2.0,8.0,-6.0,6.0,3.0,3.0,-4.0,5.0,-9.0,0.0,1.0,-1.0,2.0,0.0,2.0,28.6,21.4,28.6,50.0,,,,
2011-05-14,2010,Naval,Guimaraes,0.0,3.0,A,O,4.2,3.25,1.91,A,,,,,15,1.0,0.0,2.0,4.0,5.0,3.0,2.0,8.0,9.0,-1.0,-3.0,-6.0,3.0,0.0,0.0,0.0,1.0,2.0,-1.0,14.3,50.0,28.6,64.3,,,,
2011-05-14,2010,Maritimo,Porto,0.0,2.0,A,U,5.25,3.6,1.67,A,,,,,15,2.0,4.0,1.0,0.0,6.0,11.0,-5.0,2.0,3.0,-1.0,4.0,8.0,-4.0,1.0,2.0,-1.0,0.0,0.0,0.0,35.7,35.7,85.7,0.0,,,,
2011-05-14,2010,Benfica,Leiria,3.0,3.0,D,O,1.29,5.0,12.0,D,,,,,15,2.0,0.0,1.0,1.0,6.0,1.0,5.0,5.0,4.0,1.0,1.0,-3.0,4.0,0.0,0.0,0.0,0.0,1.0,-1.0,78.6,14.3,21.4,35.7,,,,
2011-05-14,2010,Beira Mar,Nacional,0.0,2.0,A,U,3.25,3.1,2.3,A,,,,,15,2.0,1.0,1.0,1.0,6.0,5.0,1.0,4.0,5.0,-1.0,2.0,0.0,2.0,1.0,0.0,1.0,0.0,0.0,0.0,35.7,28.6,21.4,42.9,,,,
2011-05-08,2010,Sp Lisbon,Setubal,0.0,1.0,A,U,1.4,4.33,8.0,D,,,,,15,3.0,0.0,0.0,2.0,5.0,2.0,3.0,1.0,6.0,-5.0,4.0,-4.0,8.0,1.0,0.0,1.0,0.0,2.0,-2.0,42.9,21.4,14.3,50.0,,,,
2011-05-08,2010,Rio Ave,Benfica,1.0,2.0,A,O,3.8,3.3,2.0,A,,,,,15,3.0,1.0,0.0,2.0,4.0,8.0,-4.0,0.0,6.0,-6.0,4.0,2.0,2.0,1.0,1.0,0.0,0.0,0.0,0.0,42.9,28.6,57.1,35.7,,,,
2011-05-08,2010,Porto,Pacos Ferreira,3.0,3.0,D,O,1.22,6.0,12.0,H,,,,,15,4.0,1.0,0.0,2.0,9.0,3.0,6.0,3.0,5.0,-2.0,6.0,-2.0,8.0,2.0,0.0,2.0,0.0,1.0,-1.0,100.0,0.0,28.6,35.7,,,,
2011-05-08,2010,Portimonense,Maritimo,1.0,0.0,H,U,2.7,3.25,2.6,D,,,,,15,1.0,2.0,1.0,2.0,6.0,7.0,-1.0,6.0,5.0,1.0,0.0,2.0,-2.0,0.0,2.0,-2.0,0.0,1.0,-1.0,21.4,57.1,28.6,42.9,,,,
2011-05-08,2010,Nacional,Olhanense,0.0,1.0,A,U,1.57,3.75,6.0,D,,,,,15,2.0,0.0,0.0,2.0,4.0,1.0,3.0,2.0,6.0,-4.0,2.0,-5.0,7.0,0.0,0.0,0.0,0.0,1.0,-1.0,50.0,21.4,14.3,50.0,,,,
2011-05-08,2010,Leiria,Naval,1.0,0.0,H,U,2.7,3.25,2.6,D,,,,,15,0.0,1.0,4.0,1.0,1.0,4.0,-3.0,7.0,3.0,4.0,-6.0,1.0,-7.0,0.0,1.0,-1.0,2.0,0.0,2.0,35.7,57.1,21.4,57.1,,,,
2011-05-08,2010,Guimaraes,Beira Mar,1.0,0.0,H,U,1.85,3.3,4.5,D,,,,,15,1.0,0.0,1.0,3.0,4.0,3.0,1.0,4.0,6.0,-2.0,0.0,-3.0,3.0,1.0,0.0,1.0,1.0,0.0,1.0,42.9,14.3,14.3,35.7,,,,
2011-05-08,2010,Academica,Sp Braga,0.0,0.0,D,U,3.8,3.3,2.0,D,,,,,15,1.0,2.0,1.0,0.0,2.0,5.0,-3.0,2.0,2.0,0.0,0.0,3.0,-3.0,0.0,1.0,-1.0,0.0,0.0,0.0,28.6,35.7,28.6,42.9,,,,
2011-05-01,2010,Sp Braga,Leiria,0.0,0.0,D,U,1.4,4.0,6.5,D,,,,,14,3.0,0.0,1.0,2.0,7.0,1.0,6.0,4.0,5.0,-1.0,3.0,-4.0,7.0,1.0,0.0,1.0,0.0,1.0,-1.0,69.2,23.1,23.1,38.5,,,,
2011-05-01,2010,Setubal,Porto,0.0,4.0,A,O,5.5,3.5,1.67,A,,,,,14,2.0,4.0,0.0,0.0,7.0,10.0,-3.0,3.0,3.0,0.0,4.0,7.0,-3.0,1.0,2.0,-1.0,0.0,0.0,0.0,30.8,30.8,84.6,0.0,,,,
2011-05-01,2010,Olhanense,Benfica,1.0,1.0,D,U,5.25,3.4,1.73,A,,,,,14,0.0,2.0,3.0,2.0,1.0,9.0,-8.0,8.0,5.0,3.0,-7.0,4.0,-11.0,0.0,2.0,-2.0,3.0,0.0,3.0,30.8,23.1,61.5,38.5,,,,
2011-05-01,2010,Naval,Nacional,1.0,2.0,A,O,2.2,3.1,3.4,A,,,,,14,1.0,0.0,1.0,1.0,4.0,3.0,1.0,6.0,4.0,2.0,-2.0,-1.0,-1.0,0.0,0.0,0.0,1.0,0.0,1.0,15.4,46.2,15.4,46.2,,,,
2011-05-01,2010,Maritimo,Academica,1.0,0.0,H,U,1.91,3.25,4.25,H,,,,,14,2.0,1.0,1.0,2.0,6.0,4.0,2.0,2.0,6.0,-4.0,4.0,-2.0,6.0,1.0,1.0,0.0,0.0,2.0,-2.0,30.8,38.5,23.1,53.8,,,,
2011-05-01,2010,Beira Mar,Rio Ave,1.0,1.0,D,U,2.7,2.9,2.5,H,,,,,14,2.0,3.0,2.0,1.0,5.0,8.0,-3.0,4.0,2.0,2.0,1.0,6.0,-5.0,1.0,1.0,0.0,0.0,0.0,0.0,38.5,30.8,30.8,53.8,,,,
2011-04-30,2010,Sp Lisbon,Portimonense,2.0,1.0,H,O,1.36,4.75,8.0,H,,,,,14,2.0,2.0,1.0,1.0,3.0,3.0,0.0,2.0,2.0,0.0,1.0,1.0,0.0,1.0,0.0,1.0,1.0,0.0,1.0,38.5,23.1,15.4,53.8,,,,
2011-04-29,2010,Pacos Ferreira,Guimaraes,2.0,1.0,H,O,2.5,3.1,2.9,D,,,,,14,1.0,1.0,2.0,3.0,4.0,3.0,1.0,11.0,7.0,4.0,-7.0,-4.0,-3.0,1.0,0.0,1.0,2.0,2.0,0.0,30.8,30.8,30.8,61.5,,,,
2011-04-18,2010,Nacional,Sp Braga,1.0,1.0,D,U,3.1,3.1,2.38,D,,,,,14,2.0,3.0,1.0,0.0,3.0,6.0,-3.0,2.0,2.0,0.0,1.0,4.0,-3.0,0.0,1.0,-1.0,0.0,0.0,0.0,53.8,23.1,30.8,46.2,,,,
2011-04-17,2010,Rio Ave,Naval,1.0,0.0,H,U,2.0,3.2,4.0,H,,,,,14,3.0,1.0,0.0,0.0,5.0,7.0,-2.0,0.0,5.0,-5.0,5.0,2.0,3.0,2.0,1.0,1.0,0.0,0.0,0.0,38.5,30.8,23.1,53.8,,,,
2011-04-17,2010,Porto,Sp Lisbon,3.0,2.0,H,O,1.6,3.6,6.0,D,,,,,14,4.0,0.0,0.0,1.0,9.0,3.0,6.0,1.0,4.0,-3.0,8.0,-1.0,9.0,3.0,0.0,3.0,0.0,0.0,0.0,100.0,0.0,46.2,23.1,,,,
2011-04-17,2010,Leiria,Portimonense,0.0,1.0,A,U,2.2,3.0,3.6,D,,,,,14,0.0,1.0,4.0,2.0,1.0,2.0,-1.0,8.0,4.0,4.0,-7.0,-2.0,-5.0,0.0,0.0,0.0,3.0,1.0,2.0,38.5,53.8,8.3,58.3,,,,
2011-04-17,2010,Benfica,Beira Mar,2.0,1.0,H,O,1.36,4.5,9.0,D,,,,,14,2.0,0.0,1.0,2.0,7.0,5.0,2.0,4.0,7.0,-3.0,3.0,-2.0,5.0,1.0,0.0,1.0,0.0,0.0,0.0,76.9,15.4,15.4,30.8,,,,
2011-04-16,2010,Olhanense,Pacos Ferreira,0.0,0.0,D,U,2.4,3.1,3.1,D,,,,,13,0.0,2.0,3.0,2.0,3.0,4.0,-1.0,10.0,5.0,5.0,-7.0,-1.0,-6.0,0.0,0.0,0.0,3.0,1.0,2.0,33.3,25.0,30.8,38.5,,,,
2011-04-16,2010,Guimaraes,Maritimo,2.0,0.0,H,U,2.3,3.1,3.25,D,,,,,14,0.0,2.0,1.0,2.0,2.0,7.0,-5.0,4.0,4.0,0.0,-2.0,3.0,-5.0,0.0,2.0,-2.0,1.0,0.0,1.0,38.5,15.4,30.8,38.5,,,,
2011-04-15,2010,Academica,Setubal,1.0,1.0,D,U,2.1,3.0,3.8,H,,,,,14,1.0,0.0,1.0,2.0,4.0,1.0,3.0,4.0,5.0,-1.0,0.0,-4.0,4.0,0.0,0.0,0.0,0.0,2.0,-2.0,30.8,38.5,15.4,53.8,,,,
2011-04-11,2010,Sp Braga,Guimaraes,3.0,1.0,H,O,1.75,3.4,5.0,D,,,,,13,2.0,1.0,2.0,3.0,4.0,2.0,2.0,5.0,7.0,-2.0,-1.0,-5.0,4.0,0.0,0.0,0.0,1.0,2.0,-1.0,66.7,25.0,33.3,58.3,,,,
2011-04-10,2010,Setubal,Leiria,4.0,1.0,H,O,2.3,3.0,3.4,H,,,,,13,1.0,1.0,1.0,1.0,3.0,1.0,2.0,4.0,1.0,3.0,-1.0,0.0,-1.0,0.0,0.0,0.0,1.0,0.0,1.0,25.0,33.3,25.0,33.3,,,,
2011-04-10,2010,Portimonense,Porto,2.0,3.0,A,O,6.0,4.33,1.5,D,,,,,14,1.0,4.0,1.0,0.0,4.0,9.0,-5.0,4.0,1.0,3.0,0.0,8.0,-8.0,0.0,3.0,-3.0,0.0,0.0,0.0,23.1,53.8,83.3,0.0,,,,
2011-04-10,2010,Pacos Ferreira,Rio Ave,1.0,6.0,A,O,2.4,3.1,3.1,H,,,,,13,2.0,2.0,1.0,2.0,4.0,2.0,2.0,5.0,2.0,3.0,-1.0,0.0,-1.0,1.0,0.0,1.0,1.0,0.0,1.0,33.3,25.0,25.0,58.3,,,,
2011-04-10,2010,Naval,Benfica,2.0,1.0,H,O,4.5,3.5,1.8,D,,,,,13,1.0,3.0,1.0,1.0,5.0,10.0,-5.0,6.0,3.0,3.0,-1.0,7.0,-8.0,1.0,3.0,-2.0,1.0,0.0,1.0,8.3,50.0,66.7,33.3,,,,
2011-04-10,2010,Beira Mar,Olhanense,1.0,0.0,H,U,2.2,3.1,3.5,D,,,,,13,1.0,1.0,2.0,1.0,4.0,3.0,1.0,4.0,5.0,-1.0,0.0,-2.0,2.0,1.0,1.0,0.0,0.0,1.0,-1.0,33.3,33.3,15.4,46.2,,,,
2011-04-09,2010,Sp Lisbon,Academica,2.0,0.0,H,U,1.5,4.0,7.0,H,,,,,13,1.0,1.0,1.0,2.0,4.0,5.0,-1.0,5.0,7.0,-2.0,-1.0,-2.0,1.0,0.0,1.0,-1.0,1.0,2.0,-1.0,33.3,25.0,25.0,50.0,,,,
2011-04-08,2010,Maritimo,Nacional,1.0,1.0,D,U,2.0,3.3,3.8,H,,,,,13,2.0,0.0,2.0,2.0,6.0,2.0,4.0,3.0,6.0,-3.0,3.0,-4.0,7.0,1.0,0.0,1.0,0.0,1.0,-1.0,33.3,41.7,16.7,50.0,,,,
2011-04-04,2010,Nacional,Pacos Ferreira,1.0,0.0,H,U,2.25,3.1,3.4,D,,,,,13,2.0,3.0,1.0,1.0,3.0,7.0,-4.0,2.0,6.0,-4.0,1.0,1.0,0.0,0.0,0.0,0.0,0.0,1.0,-1.0,50.0,25.0,33.3,33.3,,,,
2011-04-03,2010,Rio Ave,Setubal,2.0,0.0,H,U,1.95,3.25,4.0,H,,,,,13,2.0,0.0,1.0,1.0,5.0,3.0,2.0,3.0,5.0,-2.0,2.0,-2.0,4.0,1.0,0.0,1.0,0.0,1.0,-1.0,33.3,33.3,16.7,50.0,,,,
2011-04-03,2010,Olhanense,Naval,1.0,3.0,A,O,2.1,3.25,3.5,D,,,,,12,1.0,0.0,2.0,1.0,4.0,5.0,-1.0,8.0,7.0,1.0,-4.0,-2.0,-2.0,0.0,0.0,0.0,2.0,1.0,1.0,36.4,18.2,16.7,58.3,,,,
2011-04-03,2010,Guimaraes,Sp Lisbon,1.0,1.0,D,U,3.1,3.2,2.3,A,,,,,13,1.0,1.0,1.0,1.0,2.0,5.0,-3.0,3.0,3.0,0.0,-1.0,2.0,-3.0,0.0,1.0,-1.0,1.0,0.0,1.0,41.7,16.7,50.0,25.0,,,,
2011-04-03,2010,Benfica,Porto,1.0,2.0,A,O,2.4,3.25,2.9,A,,,,,13,3.0,4.0,0.0,0.0,10.0,8.0,2.0,4.0,0.0,4.0,6.0,8.0,-2.0,2.0,3.0,-1.0,0.0,0.0,0.0,83.3,8.3,81.8,0.0,,,,
2011-04-02,2010,Beira Mar,Sp Braga,1.0,2.0,A,O,3.6,3.2,2.1,H,,,,,12,1.0,3.0,2.0,0.0,3.0,7.0,-4.0,3.0,1.0,2.0,0.0,6.0,-6.0,1.0,2.0,-1.0,0.0,0.0,0.0,36.4,27.3,25.0,50.0,,,,
2011-04-02,2010,Academica,Portimonense,1.0,0.0,H,U,2.0,3.2,4.0,D,,,,,13,0.0,1.0,2.0,1.0,3.0,3.0,0.0,5.0,4.0,1.0,-2.0,-1.0,-1.0,0.0,0.0,0.0,0.0,1.0,-1.0,25.0,41.7,9.1,54.5,,,,
2011-04-01,2010,Leiria,Maritimo,1.0,3.0,A,O,2.7,3.0,2.75,A,,,,,13,0.0,2.0,4.0,2.0,0.0,8.0,-8.0,8.0,5.0,3.0,-8.0,3.0,-11.0,0.0,2.0,-2.0,3.0,0.0,3.0,41.7,50.0,25.0,41.7,,,,
2011-03-27,2010,Olhanense,Sp Braga,0.0,2.0,A,U,3.25,3.2,2.1,A,,,,,11,1.0,2.0,1.0,1.0,4.0,6.0,-2.0,6.0,3.0,3.0,-2.0,3.0,-5.0,0.0,1.0,-1.0,1.0,0.0,1.0,40.0,10.0,18.2,54.5,,,,
2011-03-21,2010,Sp Braga,Rio Ave,1.0,0.0,H,U,1.6,3.5,6.25,D,,,,,12,1.0,2.0,2.0,2.0,5.0,2.0,3.0,7.0,2.0,5.0,-2.0,0.0,-2.0,0.0,0.0,0.0,1.0,0.0,1.0,63.6,27.3,27.3,54.5,,,,
2011-03-21,2010,Pacos Ferreira,Benfica,1.0,5.0,A,O,6.0,3.5,1.62,A,,,,,12,2.0,3.0,0.0,1.0,4.0,6.0,-2.0,1.0,2.0,-1.0,3.0,4.0,-1.0,1.0,2.0,-1.0,0.0,0.0,0.0,36.4,18.2,63.6,36.4,,,,
2011-03-20,2010,Setubal,Nacional,2.0,1.0,H,O,2.75,3.1,2.6,H,,,,,12,0.0,0.0,2.0,2.0,3.0,3.0,0.0,7.0,8.0,-1.0,-4.0,-5.0,1.0,0.0,0.0,0.0,2.0,2.0,0.0,18.2,36.4,18.2,45.5,,,,
2011-03-20,2010,Porto,Academica,3.0,1.0,H,O,1.14,7.5,16.0,A,,,,,13,4.0,1.0,0.0,2.0,9.0,5.0,4.0,1.0,6.0,-5.0,8.0,-1.0,9.0,3.0,1.0,2.0,0.0,1.0,-1.0,100.0,0.0,27.3,45.5,,,,
2011-03-20,2010,Naval,Beira Mar,2.0,2.0,D,O,2.25,3.1,3.3,A,,,,,12,1.0,1.0,1.0,2.0,4.0,6.0,-2.0,5.0,5.0,0.0,-1.0,1.0,-2.0,1.0,1.0,0.0,1.0,0.0,1.0,9.1,54.5,16.7,33.3,,,,
2011-03-20,2010,Maritimo,Olhanense,4.0,0.0,H,O,2.0,3.25,3.8,H,,,,,12,1.0,1.0,3.0,1.0,2.0,3.0,-1.0,6.0,2.0,4.0,-4.0,1.0,-5.0,0.0,1.0,-1.0,1.0,0.0,1.0,27.3,45.5,16.7,41.7,,,,
2011-03-19,2010,Sp Lisbon,Leiria,0.0,0.0,D,U,1.55,3.6,7.0,D,,,,,12,1.0,1.0,2.0,1.0,6.0,2.0,4.0,8.0,2.0,6.0,-2.0,0.0,-2.0,0.0,0.0,0.0,1.0,0.0,1.0,36.4,27.3,27.3,36.4,,,,
2011-03-18,2010,Portimonense,Guimaraes,2.0,1.0,H,O,3.3,3.1,2.25,D,,,,,13,0.0,2.0,2.0,2.0,2.0,4.0,-2.0,6.0,7.0,-1.0,-4.0,-3.0,-1.0,0.0,0.0,0.0,1.0,2.0,-1.0,16.7,58.3,36.4,54.5,,,,
2011-03-14,2010,Leiria,Porto,0.0,2.0,A,U,9.0,4.5,1.36,D,,,,,12,0.0,4.0,4.0,0.0,0.0,9.0,-9.0,9.0,0.0,9.0,-9.0,9.0,-18.0,0.0,3.0,-3.0,3.0,0.0,3.0,45.5,45.5,80.0,0.0,,,,
2011-03-13,2010,Naval,Maritimo,0.0,3.0,A,O,2.5,3.0,3.0,A,,,,,11,1.0,1.0,1.0,3.0,4.0,6.0,-2.0,5.0,9.0,-4.0,-1.0,-3.0,2.0,1.0,1.0,0.0,1.0,1.0,0.0,10.0,50.0,18.2,45.5,,,,
2011-03-13,2010,Nacional,Academica,1.0,1.0,D,U,1.85,3.4,4.33,D,,,,,12,2.0,1.0,1.0,3.0,2.0,4.0,-2.0,1.0,10.0,-9.0,1.0,-6.0,7.0,0.0,1.0,-1.0,0.0,2.0,-2.0,54.5,27.3,30.0,50.0,,,,
2011-03-13,2010,Benfica,Portimonense,1.0,1.0,D,U,1.14,7.5,17.0,A,,,,,12,4.0,1.0,0.0,1.0,14.0,3.0,11.0,5.0,4.0,1.0,9.0,-1.0,10.0,3.0,0.0,3.0,0.0,1.0,-1.0,90.9,9.1,10.0,60.0,,,,
2011-03-12,2010,Rio Ave,Sp Lisbon,0.0,0.0,D,U,4.0,3.2,2.0,D,,,,,12,2.0,2.0,2.0,1.0,5.0,8.0,-3.0,4.0,3.0,1.0,1.0,5.0,-4.0,1.0,2.0,-1.0,0.0,0.0,0.0,36.4,36.4,54.5,27.3,,,,
2011-03-12,2010,Guimaraes,Setubal,1.0,1.0,D,U,1.62,3.6,6.0,H,,,,,12,1.0,1.0,2.0,1.0,2.0,6.0,-4.0,4.0,7.0,-3.0,-2.0,-1.0,-1.0,0.0,0.0,0.0,1.0,1.0,0.0,45.5,18.2,18.2,54.5,,,,
2011-03-11,2010,Beira Mar,Pacos Ferreira,3.0,1.0,H,O,2.7,3.0,2.8,H,,,,,11,1.0,3.0,2.0,0.0,3.0,6.0,-3.0,4.0,3.0,1.0,-1.0,3.0,-4.0,0.0,0.0,0.0,0.0,0.0,0.0,30.0,30.0,36.4,27.3,,,,
2011-03-07,2010,Portimonense,Nacional,1.0,1.0,D,U,3.25,3.1,2.3,D,,,,,12,0.0,0.0,3.0,2.0,4.0,2.0,2.0,9.0,7.0,2.0,-5.0,-5.0,0.0,0.0,0.0,0.0,1.0,2.0,-1.0,18.2,63.6,20.0,50.0,,,,
2011-03-07,2010,Pacos Ferreira,Naval,0.0,0.0,D,U,1.75,3.4,5.0,D,,,,,11,2.0,1.0,1.0,1.0,4.0,7.0,-3.0,4.0,8.0,-4.0,0.0,-1.0,1.0,1.0,0.0,1.0,1.0,1.0,0.0,40.0,20.0,18.2,63.6,,,,
2011-03-06,2010,Sp Lisbon,Beira Mar,1.0,0.0,H,U,1.44,4.2,7.5,D,,,,,11,1.0,1.0,2.0,1.0,7.0,6.0,1.0,9.0,4.0,5.0,-2.0,2.0,-4.0,0.0,1.0,-1.0,1.0,0.0,1.0,30.0,30.0,18.2,27.3,,,,
2011-03-06,2010,Sp Braga,Benfica,2.0,1.0,H,O,4.33,3.4,1.85,D,,,,,11,1.0,4.0,2.0,0.0,8.0,8.0,0.0,6.0,0.0,6.0,2.0,8.0,-6.0,1.0,3.0,-2.0,1.0,0.0,1.0,60.0,30.0,70.0,30.0,,,,
2011-03-06,2010,Setubal,Olhanense,0.0,0.0,D,U,2.5,3.1,2.9,D,,,,,11,0.0,2.0,3.0,1.0,3.0,4.0,-1.0,10.0,2.0,8.0,-7.0,2.0,-9.0,0.0,1.0,-1.0,3.0,0.0,3.0,20.0,40.0,18.2,45.5,,,,
2011-03-06,2010,Maritimo,Rio Ave,0.0,1.0,A,U,1.95,3.2,4.2,D,,,,,11,1.0,1.0,2.0,3.0,3.0,3.0,0.0,6.0,7.0,-1.0,-3.0,-4.0,1.0,0.0,0.0,0.0,1.0,1.0,0.0,30.0,40.0,20.0,60.0,,,,
2011-03-05,2010,Porto,Guimaraes,2.0,0.0,H,U,1.25,5.5,12.0,D,,,,,12,4.0,2.0,0.0,2.0,11.0,6.0,5.0,2.0,8.0,-6.0,9.0,-2.0,11.0,3.0,0.0,3.0,0.0,1.0,-1.0,100.0,0.0,40.0,50.0,,,,
2011-03-04,2010,Academica,Leiria,0.0,0.0,D,U,2.25,3.1,3.4,D,,,,,12,0.0,2.0,2.0,1.0,3.0,5.0,-2.0,5.0,2.0,3.0,-2.0,3.0,-5.0,0.0,1.0,-1.0,0.0,0.0,0.0,27.3,45.5,30.0,40.0,,,,
2011-02-28,2010,Naval,Sp Braga,0.0,0.0,D,U,3.5,3.25,2.1,D,,,,,10,1.0,2.0,2.0,2.0,4.0,7.0,-3.0,6.0,6.0,0.0,-2.0,1.0,-3.0,1.0,1.0,0.0,1.0,1.0,0.0,11.1,55.6,20.0,60.0,,,,
2011-02-27,2010,Rio Ave,Leiria,1.0,0.0,H,U,2.1,3.2,3.6,H,,,,,11,1.0,3.0,2.0,0.0,5.0,7.0,-2.0,5.0,2.0,3.0,0.0,5.0,-5.0,1.0,1.0,0.0,0.0,0.0,0.0,30.0,40.0,33.3,33.3,,,,
2011-02-27,2010,Nacional,Sp Lisbon,1.0,0.0,H,U,3.5,3.25,2.1,H,,,,,11,2.0,3.0,1.0,0.0,3.0,11.0,-8.0,2.0,3.0,-1.0,1.0,8.0,-7.0,0.0,3.0,-3.0,0.0,0.0,0.0,50.0,30.0,60.0,20.0,,,,
2011-02-27,2010,Benfica,Maritimo,2.0,1.0,H,O,1.25,5.5,12.0,D,,,,,11,4.0,2.0,0.0,2.0,14.0,10.0,4.0,4.0,8.0,-4.0,10.0,2.0,8.0,4.0,2.0,2.0,0.0,1.0,-1.0,90.0,10.0,20.0,40.0,,,,
2011-02-27,2010,Beira Mar,Portimonense,0.0,1.0,A,U,1.8,3.4,4.75,D,,,,,10,1.0,0.0,2.0,2.0,4.0,2.0,2.0,6.0,6.0,0.0,-2.0,-4.0,2.0,0.0,0.0,0.0,1.0,2.0,-1.0,33.3,22.2,0.0,66.7,,,,
2011-02-26,2010,Pacos Ferreira,Setubal,2.0,0.0,H,U,1.75,3.4,5.0,H,,,,,10,2.0,1.0,1.0,1.0,3.0,6.0,-3.0,4.0,6.0,-2.0,-1.0,0.0,-1.0,0.0,0.0,0.0,1.0,0.0,1.0,33.3,22.2,20.0,50.0,,,,
2011-02-26,2010,Olhanense,Porto,0.0,3.0,A,O,7.0,4.33,1.44,D,,,,,10,1.0,3.0,0.0,0.0,5.0,7.0,-2.0,4.0,1.0,3.0,1.0,6.0,-5.0,0.0,2.0,-2.0,0.0,0.0,0.0,44.4,0.0,77.8,0.0,,,,
2011-02-25,2010,Guimaraes,Academica,0.0,2.0,A,U,1.65,3.6,5.5,D,,,,,11,1.0,1.0,1.0,3.0,3.0,3.0,0.0,3.0,10.0,-7.0,0.0,-7.0,7.0,0.0,0.0,0.0,0.0,2.0,-2.0,50.0,10.0,22.2,55.6,,,,
2011-02-21,2010,Sp Lisbon,Benfica,0.0,2.0,A,U,3.3,3.1,2.25,A,,,,,10,1.0,4.0,1.0,0.0,8.0,9.0,-1.0,8.0,1.0,7.0,0.0,8.0,-8.0,0.0,3.0,-3.0,0.0,0.0,0.0,33.3,22.2,66.7,33.3,,,,
2011-02-20,2010,Sp Braga,Pacos Ferreira,1.0,2.0,A,O,1.7,3.5,5.0,A,,,,,10,2.0,2.0,1.0,0.0,9.0,5.0,4.0,4.0,3.0,1.0,5.0,2.0,3.0,2.0,0.0,2.0,1.0,0.0,1.0,66.7,22.2,30.0,30.0,,,,
2011-02-20,2010,Setubal,Naval,1.0,1.0,D,U,2.25,3.25,3.25,H,,,,,10,0.0,1.0,4.0,2.0,2.0,7.0,-5.0,10.0,9.0,1.0,-8.0,-2.0,-6.0,0.0,0.0,0.0,3.0,1.0,2.0,22.2,44.4,20.0,70.0,,,,
2011-02-20,2010,Maritimo,Beira Mar,1.0,0.0,H,U,2.0,3.25,3.8,D,,,,,10,1.0,1.0,2.0,0.0,4.0,7.0,-3.0,6.0,4.0,2.0,-2.0,3.0,-5.0,1.0,1.0,0.0,1.0,0.0,1.0,22.2,44.4,20.0,20.0,,,,
2011-02-20,2010,Academica,Rio Ave,0.0,1.0,A,U,2.1,3.2,3.6,D,,,,,11,0.0,1.0,2.0,3.0,4.0,3.0,1.0,9.0,7.0,2.0,-5.0,-4.0,-1.0,0.0,0.0,0.0,1.0,1.0,0.0,30.0,40.0,11.1,66.7,,,,
2011-02-19,2010,Portimonense,Olhanense,1.0,1.0,D,U,2.8,3.1,2.6,H,,,,,11,0.0,2.0,4.0,2.0,4.0,3.0,1.0,11.0,3.0,8.0,-7.0,0.0,-7.0,0.0,1.0,-1.0,2.0,1.0,1.0,20.0,70.0,20.0,50.0,,,,
2011-02-18,2010,Leiria,Guimaraes,0.0,1.0,A,U,2.8,3.1,2.55,A,,,,,11,1.0,1.0,3.0,3.0,3.0,5.0,-2.0,9.0,10.0,-1.0,-6.0,-5.0,-1.0,1.0,0.0,1.0,3.0,2.0,1.0,50.0,40.0,33.3,55.6,,,,
2011-02-14,2010,Beira Mar,Setubal,0.0,0.0,D,U,1.91,3.3,4.2,D,,,,,9,2.0,1.0,2.0,2.0,7.0,6.0,1.0,7.0,7.0,0.0,0.0,-1.0,1.0,1.0,0.0,1.0,1.0,0.0,1.0,37.5,25.0,22.2,55.6,,,,
2011-02-13,2010,Sp Braga,Porto,0.0,2.0,A,U,4.0,3.4,1.91,A,,,,,9,2.0,3.0,1.0,0.0,11.0,6.0,5.0,5.0,1.0,4.0,6.0,5.0,1.0,2.0,1.0,1.0,0.0,0.0,0.0,75.0,12.5,75.0,0.0,,,,
2011-02-13,2010,Rio Ave,Portimonense,2.0,0.0,H,U,2.0,3.2,4.0,D,,,,,10,1.0,0.0,2.0,2.0,6.0,2.0,4.0,6.0,6.0,0.0,0.0,-4.0,4.0,1.0,0.0,1.0,0.0,2.0,-2.0,22.2,44.4,0.0,62.5,,,,
2011-02-13,2010,Pacos Ferreira,Maritimo,1.0,0.0,H,U,2.1,3.2,3.6,D,,,,,9,1.0,2.0,2.0,1.0,2.0,10.0,-8.0,5.0,7.0,-2.0,-3.0,3.0,-6.0,0.0,2.0,-2.0,1.0,1.0,0.0,25.0,25.0,22.2,33.3,,,,
2011-02-13,2010,Naval,Academica,3.0,1.0,H,O,2.63,3.1,2.8,H,,,,,9,0.0,1.0,2.0,2.0,2.0,4.0,-2.0,6.0,9.0,-3.0,-4.0,-5.0,1.0,0.0,0.0,0.0,1.0,1.0,0.0,0.0,62.5,25.0,50.0,,,,
2011-02-13,2010,Benfica,Guimaraes,3.0,0.0,H,O,1.29,5.0,11.0,H,,,,,10,4.0,2.0,0.0,2.0,15.0,8.0,7.0,4.0,9.0,-5.0,11.0,-1.0,12.0,4.0,0.0,4.0,0.0,1.0,-1.0,88.9,11.1,37.5,50.0,,,,
2011-02-12,2010,Olhanense,Sp Lisbon,2.0,2.0,D,O,4.2,3.3,1.91,A,,,,,9,1.0,4.0,0.0,0.0,4.0,11.0,-7.0,3.0,2.0,1.0,1.0,9.0,-8.0,0.0,3.0,-3.0,0.0,0.0,0.0,50.0,0.0,66.7,22.2,,,,
2011-02-12,2010,Nacional,Leiria,0.0,1.0,A,U,1.91,3.25,4.2,A,,,,,10,2.0,2.0,0.0,0.0,3.0,7.0,-4.0,1.0,3.0,-2.0,2.0,4.0,-2.0,0.0,1.0,-1.0,0.0,0.0,0.0,55.6,22.2,25.0,37.5,,,,
2011-02-06,2010,Setubal,Benfica,0.0,2.0,A,U,9.0,4.75,1.33,A,,,,,9,0.0,3.0,3.0,1.0,5.0,7.0,-2.0,11.0,6.0,5.0,-6.0,1.0,-7.0,0.0,2.0,-2.0,2.0,1.0,1.0,25.0,37.5,62.5,37.5,,,,
2011-02-06,2010,Porto,Rio Ave,1.0,0.0,H,U,1.14,7.5,17.0,H,,,,,11,4.0,1.0,0.0,2.0,11.0,6.0,5.0,2.0,9.0,-7.0,9.0,-3.0,12.0,3.0,0.0,3.0,0.0,1.0,-1.0,100.0,0.0,12.5,62.5,,,,
2011-02-06,2010,Portimonense,Pacos Ferreira,0.0,1.0,A,U,2.9,3.2,2.45,D,,,,,10,0.0,1.0,4.0,1.0,5.0,5.0,0.0,12.0,6.0,6.0,-7.0,-1.0,-6.0,0.0,0.0,0.0,2.0,1.0,1.0,22.2,66.7,22.2,33.3,,,,
2011-02-06,2010,Leiria,Olhanense,0.0,2.0,A,U,2.3,3.2,3.2,A,,,,,10,2.0,1.0,2.0,3.0,4.0,1.0,3.0,7.0,4.0,3.0,-3.0,-3.0,0.0,1.0,0.0,1.0,2.0,1.0,1.0,55.6,33.3,11.1,55.6,,,,
2011-02-06,2010,Guimaraes,Nacional,0.0,0.0,D,U,1.91,3.3,4.2,D,,,,,10,2.0,0.0,1.0,3.0,5.0,2.0,3.0,4.0,9.0,-5.0,1.0,-7.0,8.0,0.0,0.0,0.0,0.0,3.0,-3.0,55.6,11.1,22.2,55.6,,,,
2011-02-06,2010,Academica,Beira Mar,3.0,3.0,D,O,2.2,3.2,3.3,D,,,,,10,0.0,1.0,3.0,0.0,2.0,5.0,-3.0,8.0,2.0,6.0,-6.0,3.0,-9.0,0.0,1.0,-1.0,1.0,0.0,1.0,33.3,44.4,22.2,22.2,,,,
2011-02-05,2010,Maritimo,Sp Braga,1.0,2.0,A,O,2.8,3.2,2.5,D,,,,,9,1.0,1.0,1.0,3.0,4.0,6.0,-2.0,5.0,7.0,-2.0,-1.0,-1.0,0.0,1.0,1.0,0.0,1.0,1.0,0.0,25.0,37.5,11.1,66.7,,,,
2011-02-04,2010,Sp Lisbon,Naval,3.0,3.0,D,O,1.29,5.25,10.0,A,,,,,9,1.0,1.0,2.0,3.0,7.0,4.0,3.0,8.0,10.0,-2.0,-1.0,-6.0,5.0,0.0,0.0,0.0,0.0,2.0,-2.0,37.5,25.0,22.2,77.8,,,,
2011-01-26,2010,Porto,Nacional,3.0,0.0,H,O,1.2,5.5,13.0,H,,,,,10,4.0,1.0,0.0,2.0,10.0,3.0,7.0,2.0,6.0,-4.0,8.0,-3.0,11.0,3.0,0.0,3.0,0.0,2.0,-2.0,100.0,0.0,25.0,50.0,,,,
2011-01-24,2010,Maritimo,Sp Lisbon,0.0,3.0,A,O,4.33,3.1,1.83,A,,,,,8,2.0,4.0,0.0,0.0,5.0,10.0,-5.0,2.0,3.0,-1.0,3.0,7.0,-4.0,1.0,2.0,-1.0,0.0,0.0,0.0,28.6,28.6,62.5,25.0,,,,
2011-01-22,2010,Sp Braga,Setubal,2.0,2.0,D,O,1.4,4.4,8.0,A,,,,,8,3.0,1.0,1.0,3.0,12.0,4.0,8.0,4.0,6.0,-2.0,8.0,-2.0,10.0,3.0,0.0,3.0,0.0,0.0,0.0,85.7,14.3,25.0,62.5,,,,
2011-01-22,2010,Rio Ave,Guimaraes,2.0,3.0,A,O,2.9,3.0,2.55,A,,,,,9,2.0,1.0,1.0,3.0,6.0,6.0,0.0,3.0,9.0,-6.0,3.0,-3.0,6.0,2.0,0.0,2.0,0.0,1.0,-1.0,25.0,37.5,28.6,57.1,,,,
2011-01-22,2010,Pacos Ferreira,Leiria,1.0,1.0,D,U,2.05,3.2,3.75,D,,,,,8,1.0,2.0,2.0,1.0,2.0,7.0,-5.0,5.0,7.0,-2.0,-3.0,0.0,-3.0,0.0,1.0,-1.0,1.0,1.0,0.0,28.6,28.6,28.6,42.9,,,,
2011-01-22,2010,Olhanense,Academica,2.0,1.0,H,O,2.3,3.1,3.2,D,,,,,8,1.0,1.0,0.0,2.0,5.0,4.0,1.0,3.0,9.0,-6.0,2.0,-5.0,7.0,1.0,0.0,1.0,0.0,1.0,-1.0,42.9,0.0,28.6,42.9,,,,
2011-01-22,2010,Naval,Portimonense,1.0,1.0,D,U,2.05,3.2,3.8,A,,,,,8,0.0,0.0,3.0,3.0,2.0,2.0,0.0,7.0,8.0,-1.0,-5.0,-6.0,1.0,0.0,0.0,0.0,1.0,3.0,-2.0,0.0,71.4,0.0,71.4,,,,
2011-01-22,2010,Benfica,Nacional,4.0,2.0,H,O,1.25,5.25,13.0,H,,,,,9,4.0,1.0,0.0,2.0,13.0,2.0,11.0,2.0,4.0,-2.0,11.0,-2.0,13.0,4.0,0.0,4.0,0.0,1.0,-1.0,87.5,12.5,28.6,42.9,,,,
2011-01-22,2010,Beira Mar,Porto,0.0,1.0,A,U,7.0,4.2,1.4,A,,,,,8,2.0,2.0,1.0,0.0,8.0,6.0,2.0,7.0,2.0,5.0,1.0,4.0,-3.0,1.0,1.0,0.0,1.0,0.0,1.0,42.9,14.3,71.4,0.0,,,,
2011-01-16,2010,Setubal,Maritimo,2.0,4.0,A,O,2.75,3.0,2.75,D,,,,,8,1.0,1.0,2.0,1.0,5.0,7.0,-2.0,8.0,6.0,2.0,-3.0,1.0,-4.0,0.0,1.0,-1.0,1.0,1.0,0.0,28.6,28.6,12.5,37.5,,,,
2011-01-16,2010,Porto,Naval,3.0,1.0,H,O,1.11,8.0,23.0,H,,,,,9,4.0,1.0,0.0,3.0,12.0,4.0,8.0,1.0,10.0,-9.0,11.0,-6.0,17.0,3.0,0.0,3.0,0.0,2.0,-2.0,100.0,0.0,25.0,75.0,,,,
2011-01-16,2010,Nacional,Rio Ave,1.0,0.0,H,U,1.83,3.4,4.5,D,,,,,9,2.0,1.0,0.0,2.0,3.0,6.0,-3.0,1.0,9.0,-8.0,2.0,-3.0,5.0,0.0,0.0,0.0,0.0,1.0,-1.0,50.0,25.0,14.3,57.1,,,,
2011-01-16,2010,Leiria,Beira Mar,0.0,3.0,A,O,2.05,3.25,3.75,A,,,,,9,2.0,1.0,2.0,0.0,5.0,5.0,0.0,6.0,4.0,2.0,-1.0,1.0,-2.0,1.0,0.0,1.0,1.0,0.0,1.0,62.5,25.0,12.5,25.0,,,,
2011-01-16,2010,Academica,Benfica,0.0,1.0,A,U,6.0,3.8,1.57,A,,,,,9,0.0,3.0,3.0,1.0,2.0,7.0,-5.0,8.0,6.0,2.0,-6.0,1.0,-7.0,0.0,2.0,-2.0,1.0,1.0,0.0,37.5,37.5,57.1,42.9,,,,
2011-01-15,2010,Sp Lisbon,Pacos Ferreira,2.0,3.0,A,O,1.36,4.5,9.0,A,,,,,8,2.0,0.0,1.0,2.0,6.0,2.0,4.0,5.0,6.0,-1.0,1.0,-4.0,5.0,0.0,0.0,0.0,0.0,2.0,-2.0,42.9,14.3,12.5,37.5,,,,
2011-01-15,2010,Guimaraes,Olhanense,1.0,0.0,H,U,1.8,3.4,4.75,D,,,,,9,2.0,1.0,1.0,2.0,6.0,2.0,4.0,4.0,4.0,0.0,2.0,-2.0,4.0,1.0,0.0,1.0,0.0,1.0,-1.0,50.0,12.5,12.5,50.0,,,,
2011-01-14,2010,Portimonense,Sp Braga,0.0,3.0,A,O,5.5,3.5,1.67,D,,,,,9,0.0,0.0,3.0,4.0,7.0,3.0,4.0,11.0,9.0,2.0,-4.0,-6.0,2.0,0.0,0.0,0.0,1.0,2.0,-1.0,25.0,62.5,0.0,75.0,,,,
2011-01-09,2010,Rio Ave,Olhanense,0.0,1.0,A,U,2.25,3.0,3.5,A,,,,,8,2.0,0.0,0.0,3.0,6.0,2.0,4.0,2.0,7.0,-5.0,4.0,-5.0,9.0,2.0,0.0,2.0,0.0,2.0,-2.0,28.6,28.6,0.0,57.1,,,,
2011-01-09,2010,Nacional,Beira Mar,0.0,0.0,D,U,1.91,3.25,4.2,D,,,,,8,3.0,1.0,0.0,0.0,6.0,6.0,0.0,2.0,5.0,-3.0,4.0,1.0,3.0,1.0,0.0,1.0,0.0,0.0,0.0,57.1,28.6,14.3,28.6,,,,
2011-01-09,2010,Leiria,Benfica,0.0,3.0,A,O,5.25,3.6,1.67,A,,,,,8,3.0,3.0,1.0,1.0,7.0,5.0,2.0,4.0,6.0,-2.0,3.0,-1.0,4.0,1.0,1.0,0.0,0.0,1.0,-1.0,71.4,14.3,50.0,50.0,,,,
2011-01-09,2010,Guimaraes,Naval,1.0,2.0,A,O,1.5,3.75,7.5,H,,,,,8,2.0,0.0,0.0,4.0,6.0,2.0,4.0,3.0,10.0,-7.0,3.0,-8.0,11.0,1.0,0.0,1.0,0.0,2.0,-2.0,57.1,0.0,14.3,85.7,,,,
2011-01-09,2010,Academica,Pacos Ferreira,0.0,0.0,D,U,2.3,3.1,3.25,D,,,,,8,1.0,1.0,3.0,2.0,4.0,4.0,0.0,9.0,7.0,2.0,-5.0,-3.0,-2.0,0.0,0.0,0.0,1.0,2.0,-1.0,42.9,42.9,14.3,42.9,,,,
2011-01-08,2010,Sp Lisbon,Sp Braga,2.0,1.0,H,O,1.91,3.25,4.2,H,,,,,7,1.0,0.0,1.0,4.0,5.0,2.0,3.0,5.0,8.0,-3.0,0.0,-6.0,6.0,0.0,0.0,0.0,0.0,2.0,-2.0,33.3,16.7,0.0,71.4,,,,
2011-01-08,2010,Porto,Maritimo,4.0,1.0,H,O,1.17,6.75,17.0,H,,,,,8,4.0,1.0,0.0,0.0,13.0,6.0,7.0,1.0,2.0,-1.0,12.0,4.0,8.0,3.0,1.0,2.0,0.0,0.0,0.0,100.0,0.0,14.3,28.6,,,,
2011-01-07,2010,Portimonense,Setubal,3.0,4.0,A,O,2.4,3.2,3.0,H,,,,,8,0.0,0.0,3.0,4.0,4.0,1.0,3.0,8.0,6.0,2.0,-4.0,-5.0,1.0,0.0,0.0,0.0,1.0,1.0,0.0,28.6,57.1,14.3,71.4,,,,
2010-12-20,2010,Setubal,Sp Lisbon,0.0,3.0,A,O,5.25,3.6,1.67,A,,,,,7,2.0,3.0,1.0,0.0,6.0,8.0,-2.0,5.0,4.0,1.0,1.0,4.0,-3.0,0.0,1.0,-1.0,0.0,0.0,0.0,33.3,16.7,57.1,28.6,,,,
2010-12-19,2010,Pacos Ferreira,Porto,0.0,3.0,A,O,8.0,4.0,1.44,A,,,,,7,1.0,2.0,1.0,0.0,4.0,5.0,-1.0,4.0,2.0,2.0,0.0,3.0,-3.0,0.0,1.0,-1.0,0.0,0.0,0.0,33.3,16.7,66.7,0.0,,,,
2010-12-19,2010,Olhanense,Nacional,0.0,0.0,D,U,2.63,3.0,2.88,D,,,,,7,2.0,1.0,0.0,2.0,7.0,3.0,4.0,3.0,5.0,-2.0,4.0,-2.0,6.0,2.0,0.0,2.0,0.0,1.0,-1.0,50.0,0.0,33.3,50.0,,,,
2010-12-19,2010,Naval,Leiria,0.0,3.0,A,O,2.75,3.0,2.7,A,,,,,7,0.0,1.0,2.0,2.0,2.0,4.0,-2.0,4.0,8.0,-4.0,-2.0,-4.0,2.0,0.0,0.0,0.0,0.0,1.0,-1.0,0.0,66.7,16.7,50.0,,,,
2010-12-19,2010,Maritimo,Portimonense,1.0,1.0,D,U,1.6,3.6,6.0,D,,,,,7,2.0,0.0,1.0,4.0,4.0,1.0,3.0,2.0,9.0,-7.0,2.0,-8.0,10.0,1.0,0.0,1.0,0.0,4.0,-4.0,33.3,33.3,0.0,83.3,,,,
2010-12-18,2010,Benfica,Rio Ave,5.0,2.0,H,O,1.2,6.0,15.0,H,,,,,8,4.0,1.0,0.0,2.0,9.0,4.0,5.0,0.0,5.0,-5.0,9.0,-1.0,10.0,3.0,0.0,3.0,0.0,0.0,0.0,85.7,14.3,16.7,50.0,,,,
2010-12-18,2010,Beira Mar,Guimaraes,3.0,2.0,H,O,2.7,3.0,2.8,H,,,,,7,1.0,1.0,1.0,3.0,6.0,5.0,1.0,6.0,9.0,-3.0,0.0,-4.0,4.0,1.0,0.0,1.0,1.0,2.0,-1.0,33.3,16.7,33.3,50.0,,,,
2010-12-17,2010,Sp Braga,Academica,5.0,0.0,H,O,1.65,3.6,5.5,H,,,,,7,3.0,1.0,1.0,1.0,10.0,6.0,4.0,5.0,6.0,-1.0,5.0,0.0,5.0,3.0,0.0,3.0,0.0,0.0,0.0,83.3,16.7,33.3,33.3,,,,
2010-12-08,2010,Academica,Maritimo,1.0,5.0,A,O,2.0,3.25,3.5,A,,,,,7,2.0,0.0,2.0,0.0,6.0,2.0,4.0,5.0,2.0,3.0,1.0,0.0,1.0,1.0,0.0,1.0,0.0,0.0,0.0,50.0,33.3,0.0,33.3,,,,
2010-12-07,2010,Nacional,Naval,2.0,1.0,H,O,1.62,3.6,6.0,A,,,,,7,2.0,0.0,1.0,4.0,4.0,2.0,2.0,3.0,11.0,-8.0,1.0,-9.0,10.0,1.0,0.0,1.0,1.0,3.0,-2.0,50.0,33.3,16.7,83.3,,,,
2010-12-06,2010,Porto,Setubal,1.0,0.0,H,U,1.14,7.0,19.0,H,,,,,7,4.0,0.0,0.0,3.0,14.0,1.0,13.0,1.0,5.0,-4.0,13.0,-4.0,17.0,4.0,0.0,4.0,0.0,1.0,-1.0,100.0,0.0,16.7,66.7,,,,
2010-12-05,2010,Rio Ave,Beira Mar,1.0,1.0,D,U,2.1,3.1,3.75,D,,,,,7,2.0,1.0,0.0,1.0,7.0,5.0,2.0,3.0,5.0,-2.0,4.0,0.0,4.0,2.0,0.0,2.0,0.0,0.0,0.0,33.3,33.3,16.7,33.3,,,,
2010-12-05,2010,Portimonense,Sp Lisbon,1.0,3.0,A,O,6.5,3.6,1.57,A,,,,,7,1.0,2.0,2.0,1.0,4.0,5.0,-1.0,5.0,5.0,0.0,-1.0,0.0,-1.0,0.0,0.0,0.0,0.0,1.0,-1.0,33.3,50.0,50.0,33.3,,,,
2010-12-04,2010,Leiria,Sp Braga,3.0,1.0,H,O,3.25,3.1,2.3,H,,,,,7,3.0,0.0,1.0,3.0,5.0,3.0,2.0,3.0,7.0,-4.0,2.0,-4.0,6.0,0.0,0.0,0.0,0.0,1.0,-1.0,66.7,16.7,0.0,66.7,,,,
2010-12-04,2010,Guimaraes,Pacos Ferreira,1.0,1.0,D,U,1.73,3.5,5.0,H,,,,,7,3.0,1.0,0.0,3.0,6.0,3.0,3.0,2.0,7.0,-5.0,4.0,-4.0,8.0,1.0,0.0,1.0,0.0,2.0,-2.0,66.7,0.0,16.7,50.0,,,,
2010-12-03,2010,Benfica,Olhanense,2.0,0.0,H,U,1.2,6.0,15.0,H,,,,,7,4.0,0.0,0.0,3.0,9.0,2.0,7.0,0.0,7.0,-7.0,9.0,-5.0,14.0,3.0,0.0,3.0,0.0,2.0,-2.0,83.3,16.7,0.0,50.0,,,,
2010-11-29,2010,Portimonense,Leiria,1.0,2.0,A,O,2.9,3.1,2.5,H,,,,,6,2.0,0.0,1.0,3.0,6.0,2.0,4.0,4.0,8.0,-4.0,2.0,-6.0,8.0,1.0,0.0,1.0,0.0,1.0,-1.0,40.0,40.0,0.0,60.0,,,,
2010-11-28,2010,Sp Braga,Nacional,2.0,0.0,H,U,1.7,3.4,5.5,D,,,,,6,3.0,1.0,1.0,2.0,9.0,4.0,5.0,5.0,5.0,0.0,4.0,-1.0,5.0,2.0,0.0,2.0,0.0,0.0,0.0,80.0,20.0,40.0,40.0,,,,
2010-11-28,2010,Naval,Rio Ave,0.0,1.0,A,U,2.5,3.2,2.88,A,,,,,6,0.0,0.0,2.0,3.0,3.0,4.0,-1.0,6.0,8.0,-2.0,-3.0,-4.0,1.0,0.0,0.0,0.0,1.0,1.0,0.0,0.0,60.0,0.0,60.0,,,,
2010-11-28,2010,Beira Mar,Benfica,1.0,3.0,A,O,7.0,3.7,1.53,A,,,,,6,2.0,2.0,0.0,2.0,7.0,3.0,4.0,4.0,7.0,-3.0,3.0,-4.0,7.0,1.0,0.0,1.0,0.0,1.0,-1.0,40.0,0.0,40.0,60.0,,,,
2010-11-27,2010,Sp Lisbon,Porto,1.0,1.0,D,U,3.8,3.25,2.0,H,,,,,6,1.0,3.0,1.0,0.0,4.0,6.0,-2.0,4.0,1.0,3.0,0.0,5.0,-5.0,0.0,2.0,-2.0,0.0,0.0,0.0,40.0,20.0,80.0,0.0,,,,
2010-11-27,2010,Pacos Ferreira,Olhanense,1.0,0.0,H,U,2.2,3.1,3.4,H,,,,,6,0.0,0.0,1.0,2.0,5.0,2.0,3.0,6.0,6.0,0.0,-1.0,-4.0,3.0,0.0,0.0,0.0,0.0,2.0,-2.0,20.0,20.0,0.0,40.0,,,,
2010-11-27,2010,Maritimo,Guimaraes,2.0,0.0,H,U,2.6,3.1,2.75,H,,,,,6,1.0,2.0,1.0,2.0,3.0,8.0,-5.0,3.0,8.0,-5.0,0.0,0.0,0.0,0.0,1.0,-1.0,0.0,1.0,-1.0,20.0,40.0,40.0,40.0,,,,
2010-11-26,2010,Setubal,Academica,0.0,1.0,A,U,2.88,3.2,2.5,A,,,,,6,2.0,0.0,0.0,2.0,6.0,6.0,0.0,4.0,8.0,-4.0,2.0,-2.0,4.0,0.0,0.0,0.0,0.0,0.0,0.0,40.0,0.0,20.0,40.0,,,,
2010-11-14,2010,Rio Ave,Pacos Ferreira,3.0,1.0,H,O,2.2,3.2,3.3,H,,,,,6,1.0,1.0,1.0,2.0,4.0,3.0,1.0,4.0,5.0,-1.0,0.0,-2.0,2.0,1.0,0.0,1.0,1.0,1.0,0.0,20.0,40.0,20.0,40.0,,,,
2010-11-14,2010,Porto,Portimonense,2.0,0.0,H,U,1.14,7.0,19.0,H,,,,,6,4.0,0.0,0.0,3.0,15.0,3.0,12.0,3.0,9.0,-6.0,12.0,-6.0,18.0,3.0,0.0,3.0,0.0,3.0,-3.0,100.0,0.0,0.0,80.0,,,,
2010-11-14,2010,Olhanense,Beira Mar,1.0,1.0,D,U,2.1,3.2,3.6,H,,,,,6,3.0,1.0,0.0,1.0,7.0,4.0,3.0,2.0,4.0,-2.0,5.0,0.0,5.0,2.0,0.0,2.0,0.0,0.0,0.0,60.0,0.0,20.0,40.0,,,,
2010-11-14,2010,Leiria,Setubal,1.0,0.0,H,U,1.9,3.25,4.2,H,,,,,6,3.0,0.0,1.0,3.0,6.0,1.0,5.0,4.0,7.0,-3.0,2.0,-6.0,8.0,0.0,0.0,0.0,0.0,2.0,-2.0,60.0,20.0,20.0,60.0,,,,
2010-11-14,2010,Benfica,Naval,4.0,0.0,H,O,1.2,6.0,14.0,H,,,,,6,4.0,0.0,0.0,4.0,8.0,2.0,6.0,0.0,10.0,-10.0,8.0,-8.0,16.0,3.0,0.0,3.0,0.0,3.0,-3.0,80.0,20.0,20.0,80.0,,,,
2010-11-13,2010,Guimaraes,Sp Braga,2.0,1.0,H,O,2.5,3.2,2.8,D,,,,,6,3.0,0.0,0.0,3.0,6.0,4.0,2.0,2.0,8.0,-6.0,4.0,-4.0,8.0,1.0,0.0,1.0,0.0,1.0,-1.0,60.0,0.0,0.0,60.0,,,,
2010-11-13,2010,Academica,Sp Lisbon,1.0,2.0,A,O,3.4,3.2,2.15,A,,,,,6,3.0,2.0,1.0,1.0,8.0,6.0,2.0,3.0,5.0,-2.0,5.0,1.0,4.0,2.0,1.0,1.0,0.0,1.0,-1.0,60.0,20.0,40.0,40.0,,,,
2010-11-12,2010,Nacional,Maritimo,0.0,0.0,D,U,2.25,3.2,3.25,D,,,,,6,2.0,0.0,2.0,1.0,5.0,2.0,3.0,6.0,3.0,3.0,-1.0,-1.0,0.0,1.0,0.0,1.0,2.0,0.0,2.0,60.0,40.0,0.0,40.0,,,,
2010-11-08,2010,Sp Lisbon,Guimaraes,2.0,3.0,A,O,1.53,3.8,6.5,H,,,,,5,2.0,1.0,0.0,2.0,3.0,5.0,-2.0,1.0,6.0,-5.0,2.0,-1.0,3.0,0.0,1.0,-1.0,0.0,1.0,-1.0,50.0,0.0,25.0,50.0,,,,
2010-11-07,2010,Sp Braga,Beira Mar,2.0,3.0,A,O,1.5,4.0,7.0,A,,,,,5,4.0,0.0,0.0,2.0,10.0,1.0,9.0,3.0,5.0,-2.0,7.0,-4.0,11.0,3.0,0.0,3.0,0.0,1.0,-1.0,100.0,0.0,0.0,50.0,,,,
2010-11-07,2010,Porto,Benfica,5.0,0.0,H,O,1.83,3.5,4.33,H,,,,,5,4.0,2.0,0.0,2.0,13.0,4.0,9.0,3.0,4.0,-1.0,10.0,0.0,10.0,3.0,0.0,3.0,0.0,0.0,0.0,100.0,0.0,50.0,50.0,,,,
2010-11-07,2010,Naval,Olhanense,1.0,1.0,D,U,2.7,3.0,2.8,H,,,,,5,0.0,0.0,3.0,2.0,2.0,2.0,0.0,6.0,6.0,0.0,-4.0,-4.0,0.0,0.0,0.0,0.0,1.0,2.0,-1.0,0.0,75.0,0.0,50.0,,,,
2010-11-07,2010,Maritimo,Leiria,1.0,1.0,D,U,1.91,3.25,4.2,D,,,,,5,1.0,0.0,2.0,3.0,2.0,1.0,1.0,3.0,7.0,-4.0,-1.0,-6.0,5.0,0.0,0.0,0.0,0.0,1.0,-1.0,25.0,50.0,0.0,75.0,,,,
2010-11-06,2010,Portimonense,Academica,2.0,2.0,D,O,2.9,3.1,2.5,A,,,,,5,2.0,1.0,2.0,2.0,4.0,6.0,-2.0,3.0,7.0,-4.0,1.0,-1.0,2.0,1.0,0.0,1.0,0.0,0.0,0.0,50.0,50.0,25.0,50.0,,,,
2010-11-06,2010,Pacos Ferreira,Nacional,0.0,1.0,A,U,2.4,3.1,3.1,D,,,,,5,1.0,1.0,0.0,2.0,6.0,4.0,2.0,5.0,5.0,0.0,1.0,-1.0,2.0,0.0,0.0,0.0,0.0,0.0,0.0,25.0,0.0,25.0,50.0,,,,
2010-11-05,2010,Setubal,Rio Ave,3.0,3.0,D,O,2.38,3.0,3.25,A,,,,,5,2.0,0.0,0.0,3.0,3.0,1.0,2.0,1.0,5.0,-4.0,2.0,-4.0,6.0,0.0,0.0,0.0,0.0,1.0,-1.0,50.0,0.0,0.0,75.0,,,,
2010-11-01,2010,Guimaraes,Portimonense,2.0,0.0,H,U,1.65,3.6,5.5,H,,,,,5,2.0,0.0,0.0,3.0,4.0,4.0,0.0,2.0,10.0,-8.0,2.0,-6.0,8.0,0.0,0.0,0.0,0.0,3.0,-3.0,50.0,0.0,0.0,75.0,,,,
2010-10-31,2010,Olhanense,Maritimo,1.0,1.0,D,U,2.4,3.1,3.0,A,,,,,5,3.0,0.0,0.0,2.0,6.0,1.0,5.0,1.0,3.0,-2.0,5.0,-2.0,7.0,2.0,0.0,2.0,0.0,0.0,0.0,75.0,0.0,0.0,50.0,,,,
2010-10-31,2010,Nacional,Setubal,1.0,0.0,H,U,1.75,3.3,5.0,H,,,,,5,2.0,1.0,2.0,2.0,6.0,2.0,4.0,7.0,6.0,1.0,-1.0,-4.0,3.0,1.0,0.0,1.0,2.0,2.0,0.0,50.0,50.0,25.0,50.0,,,,
2010-10-31,2010,Leiria,Sp Lisbon,1.0,2.0,A,O,4.2,3.25,1.91,A,,,,,5,3.0,1.0,0.0,2.0,5.0,4.0,1.0,2.0,5.0,-3.0,3.0,-1.0,4.0,0.0,1.0,-1.0,0.0,1.0,-1.0,75.0,0.0,25.0,50.0,,,,
2010-10-31,2010,Beira Mar,Naval,3.0,1.0,H,O,2.2,3.1,3.4,H,,,,,5,1.0,1.0,0.0,3.0,4.0,2.0,2.0,3.0,7.0,-4.0,1.0,-5.0,6.0,0.0,0.0,0.0,0.0,2.0,-2.0,25.0,0.0,25.0,75.0,,,,
2010-10-30,2010,Rio Ave,Sp Braga,2.0,0.0,H,U,4.5,3.4,1.83,D,,,,,5,0.0,0.0,2.0,2.0,2.0,4.0,-2.0,5.0,6.0,-1.0,-3.0,-2.0,-1.0,0.0,0.0,0.0,1.0,0.0,1.0,0.0,50.0,0.0,50.0,,,,
2010-10-30,2010,Academica,Porto,0.0,1.0,A,U,7.0,3.8,1.5,A,,,,,5,3.0,3.0,0.0,0.0,9.0,6.0,3.0,3.0,1.0,2.0,6.0,5.0,1.0,2.0,2.0,0.0,0.0,0.0,0.0,75.0,0.0,75.0,0.0,,,,
2010-10-29,2010,Benfica,Pacos Ferreira,2.0,0.0,H,U,1.22,5.75,13.0,H,,,,,5,3.0,1.0,1.0,1.0,7.0,3.0,4.0,2.0,3.0,-1.0,5.0,0.0,5.0,2.0,0.0,2.0,0.0,0.0,0.0,75.0,25.0,25.0,25.0,,,,
2010-10-25,2010,Porto,Leiria,5.0,1.0,H,O,1.2,6.25,13.0,H,,,,,4,,,,,,,,,,,,,,,,,,,,100.0,0.0,0.0,66.7,,,,
2010-10-24,2010,Sp Lisbon,Rio Ave,1.0,0.0,H,U,1.4,4.33,8.0,D,,,,,4,,,,,,,,,,,,,,,,,,,,33.3,0.0,0.0,66.7,,,,
2010-10-24,2010,Portimonense,Benfica,0.0,1.0,A,U,7.5,4.5,1.4,D,,,,,4,,,,,,,,,,,,,,,,,,,,66.7,33.3,33.3,66.7,,,,
2010-10-24,2010,Maritimo,Naval,1.0,0.0,H,U,1.85,3.4,4.33,D,,,,,4,,,,,,,,,,,,,,,,,,,,0.0,66.7,33.3,66.7,,,,
2010-10-23,2010,Sp Braga,Olhanense,3.0,1.0,H,O,1.62,3.75,5.5,A,,,,,4,,,,,,,,,,,,,,,,,,,,100.0,0.0,0.0,33.3,,,,
2010-10-23,2010,Setubal,Guimaraes,2.0,1.0,H,O,3.1,3.1,2.38,H,,,,,4,,,,,,,,,,,,,,,,,,,,33.3,0.0,33.3,33.3,,,,
2010-10-23,2010,Pacos Ferreira,Beira Mar,1.0,1.0,D,U,2.0,3.2,3.9,H,,,,,4,,,,,,,,,,,,,,,,,,,,33.3,0.0,0.0,66.7,,,,
2010-10-22,2010,Academica,Nacional,2.0,1.0,H,O,2.25,3.1,3.4,H,,,,,4,,,,,,,,,,,,,,,,,,,,66.7,0.0,33.3,33.3,,,,
2010-10-04,2010,Guimaraes,Porto,1.0,1.0,D,U,6.0,3.6,1.62,A,,,,,4,,,,,,,,,,,,,,,,,,,,66.7,0.0,100.0,0.0,,,,
2010-10-04,2010,Beira Mar,Sp Lisbon,1.0,1.0,D,U,4.33,3.25,1.91,D,,,,,4,,,,,,,,,,,,,,,,,,,,33.3,0.0,33.3,66.7,,,,
2010-10-03,2010,Rio Ave,Maritimo,0.0,0.0,D,U,2.6,3.0,2.88,D,,,,,4,,,,,,,,,,,,,,,,,,,,0.0,66.7,0.0,66.7,,,,
2010-10-03,2010,Naval,Pacos Ferreira,1.0,2.0,A,O,2.6,3.0,2.88,H,,,,,4,,,,,,,,,,,,,,,,,,,,0.0,66.7,0.0,33.3,,,,
2010-10-03,2010,Nacional,Portimonense,3.0,1.0,H,O,1.75,3.3,5.25,D,,,,,4,,,,,,,,,,,,,,,,,,,,33.3,66.7,0.0,66.7,,,,
2010-10-03,2010,Benfica,Sp Braga,1.0,0.0,H,U,1.75,3.4,5.0,D,,,,,4,,,,,,,,,,,,,,,,,,,,66.7,33.3,0.0,33.3,,,,
2010-10-02,2010,Olhanense,Setubal,3.0,1.0,H,O,1.95,3.2,4.2,H,,,,,4,,,,,,,,,,,,,,,,,,,,66.7,0.0,33.3,33.3,,,,
2010-10-01,2010,Leiria,Academica,2.0,1.0,H,O,2.6,3.0,2.88,A,,,,,4,,,,,,,,,,,,,,,,,,,,66.7,0.0,33.3,33.3,,,,
2010-09-27,2010,Setubal,Pacos Ferreira,1.0,0.0,H,U,2.5,3.1,2.9,H,,,,,3,,,,,,,,,,,,,,,,,,,,0.0,0.0,0.0,0.0,,,,
2010-09-26,2010,Sp Lisbon,Nacional,1.0,1.0,D,U,1.53,3.8,6.5,D,,,,,3,,,,,,,,,,,,,,,,,,,,50.0,0.0,50.0,50.0,,,,
2010-09-26,2010,Portimonense,Beira Mar,1.0,0.0,H,U,2.4,3.0,3.2,D,,,,,3,,,,,,,,,,,,,,,,,,,,50.0,50.0,0.0,50.0,,,,
2010-09-26,2010,Leiria,Rio Ave,1.0,0.0,H,U,2.1,3.2,3.6,D,,,,,3,,,,,,,,,,,,,,,,,,,,50.0,0.0,0.0,50.0,,,,
2010-09-25,2010,Porto,Olhanense,2.0,0.0,H,U,1.17,6.5,17.0,H,,,,,3,,,,,,,,,,,,,,,,,,,,100.0,0.0,0.0,0.0,,,,
2010-09-25,2010,Maritimo,Benfica,0.0,1.0,A,U,5.0,3.5,1.73,D,,,,,3,,,,,,,,,,,,,,,,,,,,0.0,50.0,0.0,100.0,,,,
2010-09-25,2010,Academica,Guimaraes,3.0,1.0,H,O,2.5,3.0,3.0,D,,,,,3,,,,,,,,,,,,,,,,,,,,50.0,0.0,50.0,0.0,,,,
2010-09-24,2010,Sp Braga,Naval,3.0,1.0,H,O,1.44,4.2,7.5,H,,,,,3,,,,,,,,,,,,,,,,,,,,100.0,0.0,50.0,50.0,,,,
2010-09-20,2010,Nacional,Porto,0.0,2.0,A,U,6.0,3.7,1.53,A,,,,,3,,,,,,,,,,,,,,,,,,,,50.0,50.0,100.0,0.0,,,,
2010-09-19,2010,Rio Ave,Academica,2.0,2.0,D,O,2.4,3.0,2.9,H,,,,,3,,,,,,,,,,,,,,,,,,,,0.0,100.0,50.0,50.0,,,,
2010-09-19,2010,Pacos Ferreira,Sp Braga,2.0,2.0,D,O,4.33,3.25,1.8,A,,,,,3,,,,,,,,,,,,,,,,,,,,50.0,0.0,0.0,50.0,,,,
2010-09-19,2010,Naval,Setubal,0.0,0.0,D,U,2.2,3.0,3.25,D,,,,,3,,,,,,,,,,,,,,,,,,,,0.0,100.0,50.0,50.0,,,,
2010-09-19,2010,Benfica,Sp Lisbon,2.0,0.0,H,U,1.8,3.25,4.33,H,,,,,3,,,,,,,,,,,,,,,,,,,,50.0,50.0,50.0,50.0,,,,
2010-09-18,2010,Guimaraes,Leiria,1.0,0.0,H,U,1.65,3.4,5.0,D,,,,,3,,,,,,,,,,,,,,,,,,,,50.0,0.0,0.0,50.0,,,,
2010-09-18,2010,Beira Mar,Maritimo,1.0,1.0,D,U,2.5,3.0,2.75,A,,,,,3,,,,,,,,,,,,,,,,,,,,50.0,0.0,0.0,100.0,,,,
2010-09-17,2010,Olhanense,Portimonense,2.0,0.0,H,U,2.1,3.1,3.75,H,,,,,3,,,,,,,,,,,,,,,,,,,,50.0,0.0,0.0,50.0,,,,
2010-09-13,2010,Setubal,Beira Mar,0.0,0.0,D,U,2.2,3.1,3.5,D,,,,,2,,,,,,,,,,,,,,,,,,,,0.0,0.0,0.0,100.0,,,,
2010-09-12,2010,Portimonense,Rio Ave,3.0,1.0,H,O,2.63,3.0,2.8,H,,,,,2,,,,,,,,,,,,,,,,,,,,0.0,100.0,0.0,0.0,,,,
2010-09-12,2010,Maritimo,Pacos Ferreira,1.0,1.0,D,U,2.05,3.25,3.75,A,,,,,2,,,,,,,,,,,,,,,,,,,,0.0,100.0,0.0,0.0,,,,
2010-09-12,2010,Leiria,Nacional,2.0,1.0,H,O,2.8,3.0,2.7,D,,,,,2,,,,,,,,,,,,,,,,,,,,0.0,0.0,100.0,0.0,,,,
2010-09-12,2010,Academica,Naval,3.0,0.0,H,O,2.0,3.2,4.0,H,,,,,2,,,,,,,,,,,,,,,,,,,,0.0,0.0,100.0,0.0,,,,
2010-09-11,2010,Sp Lisbon,Olhanense,0.0,0.0,D,U,1.3,5.0,11.0,D,,,,,2,,,,,,,,,,,,,,,,,,,,100.0,0.0,0.0,0.0,,,,
2010-09-11,2010,Porto,Sp Braga,3.0,2.0,H,O,1.57,3.8,6.0,D,,,,,2,,,,,,,,,,,,,,,,,,,,100.0,0.0,0.0,0.0,,,,
2010-09-10,2010,Guimaraes,Benfica,2.0,1.0,H,O,5.5,3.5,1.67,D,,,,,2,,,,,,,,,,,,,,,,,,,,0.0,0.0,0.0,100.0,,,,
2010-08-30,2010,Naval,Sp Lisbon,1.0,3.0,A,O,5.0,3.4,1.75,A,,,,,2,,,,,,,,,,,,,,,,,,,,0.0,100.0,0.0,100.0,,,,
2010-08-29,2010,Sp Braga,Maritimo,1.0,0.0,H,U,1.57,3.8,6.0,H,,,,,2,,,,,,,,,,,,,,,,,,,,100.0,0.0,0.0,100.0,,,,
2010-08-29,2010,Rio Ave,Porto,0.0,2.0,A,U,8.5,4.33,1.4,A,,,,,2,,,,,,,,,,,,,,,,,,,,0.0,100.0,100.0,0.0,,,,
2010-08-29,2010,Pacos Ferreira,Portimonense,2.0,2.0,D,O,1.83,3.4,4.5,A,,,,,2,,,,,,,,,,,,,,,,,,,,100.0,0.0,0.0,100.0,,,,
2010-08-29,2010,Olhanense,Leiria,1.0,0.0,H,U,2.4,3.1,3.1,H,,,,,2,,,,,,,,,,,,,,,,,,,,0.0,0.0,0.0,0.0,,,,
2010-08-29,2010,Beira Mar,Academica,2.0,1.0,H,O,2.88,3.0,2.63,H,,,,,2,,,,,,,,,,,,,,,,,,,,0.0,0.0,100.0,0.0,,,,
2010-08-28,2010,Nacional,Guimaraes,1.0,3.0,A,O,2.2,3.1,3.5,D,,,,,2,,,,,,,,,,,,,,,,,,,,100.0,0.0,0.0,0.0,,,,
2010-08-28,2010,Benfica,Setubal,3.0,0.0,H,O,1.22,5.5,15.0,H,,,,,2,,,,,,,,,,,,,,,,,,,,0.0,100.0,100.0,0.0,,,,
2010-08-23,2010,Guimaraes,Rio Ave,0.0,0.0,D,U,1.67,3.4,5.75,D,,,,,1,,,,,,,,,,,,,,,,,,,,,,,,,,,
2010-08-22,2010,Sp Lisbon,Maritimo,1.0,0.0,H,U,1.55,3.7,6.5,D,,,,,1,,,,,,,,,,,,,,,,,,,,,,,,,,,
2010-08-22,2010,Porto,Beira Mar,3.0,0.0,H,O,1.18,6.5,13.0,H,,,,,1,,,,,,,,,,,,,,,,,,,,,,,,,,,
2010-08-22,2010,Portimonense,Naval,0.0,1.0,A,U,2.4,3.2,2.9,A,,,,,1,,,,,,,,,,,,,,,,,,,,,,,,,,,
2010-08-22,2010,Leiria,Pacos Ferreira,0.0,0.0,D,U,2.2,3.1,3.4,D,,,,,1,,,,,,,,,,,,,,,,,,,,,,,,,,,
2010-08-21,2010,Setubal,Sp Braga,0.0,0.0,D,U,5.25,3.4,1.7,D,,,,,1,,,,,,,,,,,,,,,,,,,,,,,,,,,
2010-08-21,2010,Nacional,Benfica,2.0,1.0,H,O,6.0,3.5,1.62,D,,,,,1,,,,,,,,,,,,,,,,,,,,,,,,,,,
2010-08-20,2010,Academica,Olhanense,1.0,1.0,D,U,1.95,3.3,4.0,D,,,,,1,,,,,,,,,,,,,,,,,,,,,,,,,,,
2010-08-16,2010,Olhanense,Guimaraes,0.0,0.0,D,U,3.0,3.0,2.5,D,,,,,1,,,,,,,,,,,,,,,,,,,,,,,,,,,
2010-08-15,2010,Rio Ave,Nacional,0.0,1.0,A,U,2.63,3.0,2.88,D,,,,,1,,,,,,,,,,,,,,,,,,,,,,,,,,,
2010-08-15,2010,Benfica,Academica,1.0,2.0,A,O,1.18,6.5,17.0,A,,,,,1,,,,,,,,,,,,,,,,,,,,,,,,,,,
2010-08-15,2010,Beira Mar,Leiria,0.0,0.0,D,U,2.5,3.0,3.0,D,,,,,1,,,,,,,,,,,,,,,,,,,,,,,,,,,
2010-08-14,2010,Pacos Ferreira,Sp Lisbon,1.0,0.0,H,U,4.75,3.4,1.8,D,,,,,1,,,,,,,,,,,,,,,,,,,,,,,,,,,
2010-08-14,2010,Naval,Porto,0.0,1.0,A,U,9.0,4.5,1.36,D,,,,,1,,,,,,,,,,,,,,,,,,,,,,,,,,,
2010-08-14,2010,Maritimo,Setubal,0.0,1.0,A,U,1.7,3.5,5.25,D,,,,,1,,,,,,,,,,,,,,,,,,,,,,,,,,,
2010-08-13,2010,Sp Braga,Portimonense,3.0,1.0,H,O,1.36,4.5,9.0,H,,,,,1,,,,,,,,,,,,,,,,,,,,,,,,,,,
2010-05-09,2009,Pacos Ferreira,Olhanense,2.0,2.0,D,O,2.1,3.2,3.6,D,,,,,15,2.0,1.0,1.0,1.0,7.0,8.0,-1.0,6.0,9.0,-3.0,1.0,-1.0,2.0,1.0,1.0,0.0,1.0,1.0,0.0,28.6,28.6,7.1,35.7,,,,
2010-05-09,2009,Naval,Academica,0.0,1.0,A,U,2.5,3.0,3.0,D,,,,,15,1.0,1.0,2.0,1.0,3.0,4.0,-1.0,8.0,3.0,5.0,-5.0,1.0,-6.0,0.0,1.0,-1.0,2.0,0.0,2.0,42.9,35.7,21.4,50.0,,,,
2010-05-09,2009,Nacional,Sp Braga,1.0,1.0,D,U,4.0,3.4,1.91,D,,,,,15,2.0,2.0,1.0,1.0,4.0,6.0,-2.0,2.0,2.0,0.0,2.0,4.0,-2.0,1.0,1.0,0.0,0.0,0.0,0.0,50.0,14.3,57.1,21.4,,,,
2010-05-09,2009,Guimaraes,Maritimo,1.0,2.0,A,O,2.05,3.25,3.75,D,,,,,15,3.0,1.0,0.0,2.0,6.0,3.0,3.0,1.0,6.0,-5.0,5.0,-3.0,8.0,2.0,0.0,2.0,0.0,1.0,-1.0,50.0,21.4,21.4,42.9,,,,
2010-05-09,2009,Benfica,Rio Ave,2.0,1.0,H,O,1.13,8.0,19.0,H,,,,,15,4.0,1.0,0.0,2.0,11.0,1.0,10.0,1.0,6.0,-5.0,10.0,-5.0,15.0,3.0,0.0,3.0,0.0,1.0,-1.0,92.9,0.0,21.4,35.7,,,,
2010-05-08,2009,Setubal,Belenenses,1.0,2.0,A,O,2.2,3.25,3.3,H,,,,,15,1.0,1.0,1.0,1.0,5.0,6.0,-1.0,7.0,6.0,1.0,-2.0,0.0,-2.0,0.0,1.0,-1.0,1.0,1.0,0.0,21.4,35.7,7.1,42.9,,,,
2010-05-08,2009,Leixoes,Sp Lisbon,1.0,2.0,A,O,5.5,3.5,1.67,A,,,,,15,2.0,1.0,2.0,2.0,5.0,7.0,-2.0,5.0,6.0,-1.0,0.0,1.0,-1.0,1.0,1.0,0.0,1.0,1.0,0.0,28.6,35.7,28.6,28.6,,,,
2010-05-08,2009,Leiria,Porto,1.0,4.0,A,O,6.5,4.2,1.5,H,,,,,15,2.0,4.0,1.0,0.0,6.0,11.0,-5.0,5.0,3.0,2.0,1.0,8.0,-7.0,0.0,2.0,-2.0,0.0,0.0,0.0,35.7,28.6,57.1,28.6,,,,
2010-05-02,2009,Sp Lisbon,Naval,0.0,1.0,A,U,1.25,5.25,12.0,D,,,,,15,4.0,2.0,0.0,1.0,13.0,4.0,9.0,2.0,2.0,0.0,11.0,2.0,9.0,3.0,1.0,2.0,0.0,0.0,0.0,57.1,21.4,21.4,57.1,,,,
2010-05-02,2009,Sp Braga,Pacos Ferreira,1.0,0.0,H,U,1.25,5.25,12.0,D,,,,,15,4.0,0.0,0.0,3.0,10.0,3.0,7.0,4.0,8.0,-4.0,6.0,-5.0,11.0,2.0,0.0,2.0,0.0,2.0,-2.0,92.9,0.0,28.6,42.9,,,,
2010-05-02,2009,Rio Ave,Guimaraes,0.0,0.0,D,U,3.5,3.1,2.2,D,,,,,15,0.0,1.0,2.0,3.0,1.0,4.0,-3.0,6.0,9.0,-3.0,-5.0,-5.0,0.0,0.0,0.0,0.0,1.0,2.0,-1.0,21.4,35.7,28.6,50.0,,,,
2010-05-02,2009,Porto,Benfica,3.0,1.0,H,O,2.45,3.1,2.9,H,,,,,15,3.0,4.0,0.0,0.0,14.0,12.0,2.0,4.0,4.0,0.0,10.0,8.0,2.0,3.0,2.0,1.0,0.0,0.0,0.0,78.6,0.0,71.4,7.1,,,,
2010-05-02,2009,Olhanense,Leixoes,1.0,0.0,H,U,1.95,3.2,4.1,D,,,,,15,0.0,0.0,2.0,4.0,4.0,2.0,2.0,7.0,8.0,-1.0,-3.0,-6.0,3.0,0.0,0.0,0.0,1.0,2.0,-1.0,21.4,42.9,7.1,85.7,,,,
2010-05-02,2009,Maritimo,Setubal,2.0,0.0,H,U,1.91,3.3,4.2,H,,,,,15,1.0,1.0,0.0,2.0,7.0,8.0,-1.0,6.0,10.0,-4.0,1.0,-2.0,3.0,0.0,0.0,0.0,0.0,1.0,-1.0,42.9,35.7,14.3,57.1,,,,
2010-05-02,2009,Belenenses,Leiria,5.0,2.0,H,O,3.0,3.1,2.4,D,,,,,15,0.0,0.0,3.0,3.0,1.0,0.0,1.0,9.0,4.0,5.0,-8.0,-4.0,-4.0,0.0,0.0,0.0,2.0,1.0,1.0,7.1,64.3,28.6,50.0,,,,
2010-05-02,2009,Academica,Nacional,3.0,3.0,D,O,2.4,3.1,3.0,A,,,,,15,0.0,0.0,3.0,2.0,3.0,2.0,1.0,6.0,5.0,1.0,-3.0,-3.0,0.0,0.0,0.0,0.0,0.0,1.0,-1.0,28.6,42.9,21.4,64.3,,,,
2010-04-26,2009,Guimaraes,Belenenses,2.0,0.0,H,U,1.36,4.5,9.0,H,,,,,14,3.0,1.0,0.0,1.0,6.0,6.0,0.0,1.0,5.0,-4.0,5.0,1.0,4.0,2.0,1.0,1.0,0.0,0.0,0.0,46.2,23.1,7.7,38.5,,,,
2010-04-25,2009,Naval,Sp Braga,0.0,4.0,A,O,5.0,3.5,1.73,A,,,,,14,2.0,1.0,1.0,2.0,5.0,3.0,2.0,5.0,7.0,-2.0,0.0,-4.0,4.0,0.0,0.0,0.0,1.0,1.0,0.0,46.2,30.8,53.8,23.1,,,,
2010-04-25,2009,Nacional,Pacos Ferreira,1.0,1.0,D,U,2.0,3.4,3.75,H,,,,,14,3.0,1.0,1.0,3.0,4.0,4.0,0.0,1.0,8.0,-7.0,3.0,-4.0,7.0,1.0,0.0,1.0,0.0,2.0,-2.0,53.8,15.4,30.8,46.2,,,,
2010-04-25,2009,Leixoes,Academica,1.0,3.0,A,O,2.3,3.1,3.3,A,,,,,14,2.0,1.0,2.0,1.0,4.0,3.0,1.0,6.0,3.0,3.0,-2.0,0.0,-2.0,1.0,0.0,1.0,1.0,0.0,1.0,30.8,30.8,15.4,53.8,,,,
2010-04-25,2009,Leiria,Sp Lisbon,1.0,1.0,D,U,4.0,3.4,1.91,A,,,,,14,2.0,1.0,2.0,2.0,5.0,6.0,-1.0,5.0,5.0,0.0,0.0,1.0,-1.0,0.0,1.0,-1.0,0.0,1.0,-1.0,38.5,30.8,30.8,30.8,,,,
2010-04-24,2009,Setubal,Porto,2.0,5.0,A,O,8.5,4.75,1.36,A,,,,,14,1.0,3.0,1.0,1.0,3.0,6.0,-3.0,3.0,4.0,-1.0,0.0,2.0,-2.0,0.0,1.0,-1.0,0.0,1.0,-1.0,23.1,30.8,53.8,30.8,,,,
2010-04-24,2009,Benfica,Olhanense,5.0,0.0,H,O,1.17,6.5,17.0,H,,,,,14,4.0,1.0,0.0,1.0,7.0,9.0,-2.0,1.0,7.0,-6.0,6.0,2.0,4.0,2.0,1.0,1.0,0.0,1.0,-1.0,92.3,0.0,7.7,30.8,,,,
2010-04-23,2009,Rio Ave,Maritimo,0.0,0.0,D,U,2.5,3.0,3.0,D,,,,,14,0.0,1.0,3.0,3.0,2.0,4.0,-2.0,8.0,8.0,0.0,-6.0,-4.0,-2.0,0.0,0.0,0.0,1.0,1.0,0.0,23.1,38.5,23.1,46.2,,,,
2010-04-19,2009,Sp Lisbon,Setubal,2.0,1.0,H,O,1.25,5.0,10.0,A,,,,,14,3.0,1.0,1.0,1.0,12.0,10.0,2.0,3.0,11.0,-8.0,9.0,-1.0,10.0,3.0,0.0,3.0,0.0,1.0,-1.0,53.8,23.1,15.4,53.8,,,,
2010-04-18,2009,Porto,Guimaraes,3.0,0.0,H,O,1.33,4.5,8.5,H,,,,,14,3.0,1.0,0.0,2.0,14.0,4.0,10.0,4.0,6.0,-2.0,10.0,-2.0,12.0,3.0,0.0,3.0,0.0,1.0,-1.0,76.9,0.0,30.8,46.2,,,,
2010-04-18,2009,Nacional,Leiria,2.0,0.0,H,U,2.1,3.2,3.3,H,,,,,13,2.0,0.0,1.0,3.0,3.0,0.0,3.0,2.0,5.0,-3.0,1.0,-5.0,6.0,0.0,0.0,0.0,0.0,1.0,-1.0,50.0,16.7,30.8,46.2,,,,
2010-04-18,2009,Belenenses,Rio Ave,0.0,0.0,D,U,2.5,3.1,2.7,D,,,,,14,0.0,1.0,4.0,2.0,2.0,2.0,0.0,12.0,7.0,5.0,-10.0,-5.0,-5.0,0.0,0.0,0.0,3.0,1.0,2.0,7.7,69.2,23.1,38.5,,,,
2010-04-18,2009,Academica,Benfica,2.0,3.0,A,O,9.0,4.5,1.3,A,,,,,14,0.0,3.0,2.0,0.0,2.0,10.0,-8.0,4.0,3.0,1.0,-2.0,7.0,-9.0,0.0,2.0,-2.0,0.0,0.0,0.0,30.8,38.5,69.2,7.7,,,,
2010-04-17,2009,Sp Braga,Leixoes,3.0,1.0,H,O,1.25,5.25,11.0,H,,,,,14,4.0,0.0,0.0,4.0,9.0,1.0,8.0,4.0,7.0,-3.0,5.0,-6.0,11.0,1.0,0.0,1.0,0.0,2.0,-2.0,92.3,0.0,7.7,84.6,,,,
2010-04-17,2009,Pacos Ferreira,Naval,1.0,3.0,A,O,1.91,3.25,3.75,A,,,,,14,2.0,1.0,0.0,2.0,6.0,1.0,5.0,3.0,4.0,-1.0,3.0,-3.0,6.0,1.0,0.0,1.0,0.0,1.0,-1.0,30.8,23.1,15.4,61.5,,,,
2010-04-16,2009,Olhanense,Maritimo,1.0,2.0,A,O,2.2,3.2,3.4,A,,,,,14,1.0,0.0,1.0,4.0,4.0,3.0,1.0,5.0,9.0,-4.0,-1.0,-6.0,5.0,0.0,0.0,0.0,1.0,1.0,0.0,23.1,38.5,16.7,50.0,,,,
2010-04-13,2009,Benfica,Sp Lisbon,2.0,0.0,H,U,1.62,3.75,5.75,D,,,,,13,4.0,1.0,0.0,1.0,8.0,6.0,2.0,1.0,3.0,-2.0,7.0,3.0,4.0,2.0,1.0,1.0,0.0,0.0,0.0,91.7,0.0,33.3,25.0,,,,
2010-04-12,2009,Setubal,Academica,1.0,1.0,D,U,2.4,3.2,3.0,D,,,,,13,1.0,2.0,1.0,1.0,3.0,4.0,-1.0,3.0,3.0,0.0,0.0,1.0,-1.0,0.0,0.0,0.0,0.0,0.0,0.0,25.0,33.3,16.7,58.3,,,,
2010-04-11,2009,Maritimo,Belenenses,3.0,3.0,D,O,1.67,3.5,5.5,A,,,,,14,2.0,1.0,0.0,2.0,5.0,3.0,2.0,3.0,3.0,0.0,2.0,0.0,2.0,0.0,1.0,-1.0,0.0,0.0,0.0,46.2,38.5,8.3,41.7,,,,
2010-04-11,2009,Leixoes,Pacos Ferreira,2.0,0.0,H,U,2.5,3.1,2.9,H,,,,,13,1.0,2.0,2.0,2.0,2.0,6.0,-4.0,6.0,7.0,-1.0,-4.0,-1.0,-3.0,0.0,0.0,0.0,1.0,1.0,0.0,25.0,33.3,33.3,41.7,,,,
2010-04-11,2009,Guimaraes,Olhanense,1.0,1.0,D,U,1.8,3.4,4.75,H,,,,,13,3.0,1.0,1.0,1.0,6.0,9.0,-3.0,2.0,7.0,-5.0,4.0,2.0,2.0,2.0,1.0,1.0,0.0,1.0,-1.0,50.0,25.0,8.3,33.3,,,,
2010-04-10,2009,Rio Ave,Porto,0.0,1.0,A,U,8.0,4.5,1.4,D,,,,,13,1.0,2.0,2.0,1.0,4.0,5.0,-1.0,7.0,4.0,3.0,-3.0,1.0,-4.0,1.0,1.0,0.0,1.0,1.0,0.0,25.0,33.3,50.0,33.3,,,,
2010-04-10,2009,Leiria,Sp Braga,1.0,2.0,A,O,3.6,3.2,2.1,A,,,,,13,2.0,1.0,1.0,2.0,7.0,4.0,3.0,6.0,7.0,-1.0,1.0,-3.0,4.0,0.0,1.0,-1.0,0.0,1.0,-1.0,41.7,25.0,50.0,25.0,,,,
2010-04-09,2009,Naval,Nacional,0.0,0.0,D,U,2.38,3.0,3.25,D,,,,,13,2.0,0.0,1.0,3.0,5.0,2.0,3.0,5.0,6.0,-1.0,0.0,-4.0,4.0,0.0,0.0,0.0,1.0,1.0,0.0,50.0,33.3,23.1,69.2,,,,
2010-04-05,2009,Naval,Benfica,2.0,4.0,A,O,7.0,4.2,1.4,A,,,,,12,3.0,3.0,0.0,0.0,4.0,11.0,-7.0,1.0,1.0,0.0,3.0,10.0,-7.0,0.0,2.0,-2.0,0.0,0.0,0.0,54.5,27.3,66.7,8.3,,,,
2010-04-03,2009,Porto,Maritimo,4.0,1.0,H,O,1.29,4.5,11.0,H,,,,,13,2.0,1.0,0.0,3.0,11.0,4.0,7.0,4.0,6.0,-2.0,7.0,-2.0,9.0,2.0,0.0,2.0,0.0,0.0,0.0,75.0,0.0,18.2,45.5,,,,
2010-04-03,2009,Pacos Ferreira,Belenenses,0.0,0.0,D,U,1.62,3.4,5.5,D,,,,,13,3.0,1.0,0.0,3.0,8.0,3.0,5.0,4.0,4.0,0.0,4.0,-1.0,5.0,1.0,1.0,0.0,0.0,0.0,0.0,33.3,25.0,9.1,45.5,,,,
2010-04-03,2009,Olhanense,Setubal,2.0,2.0,D,O,2.0,3.2,3.6,A,,,,,13,2.0,1.0,1.0,1.0,3.0,10.0,-7.0,3.0,11.0,-8.0,0.0,-1.0,1.0,0.0,0.0,0.0,1.0,1.0,0.0,25.0,41.7,16.7,58.3,,,,
2010-04-03,2009,Academica,Leiria,0.0,0.0,D,U,2.25,3.0,3.2,D,,,,,13,0.0,1.0,3.0,3.0,2.0,2.0,0.0,6.0,5.0,1.0,-4.0,-3.0,-1.0,0.0,1.0,-1.0,1.0,1.0,0.0,33.3,41.7,33.3,50.0,,,,
2010-04-02,2009,Sp Lisbon,Rio Ave,5.0,0.0,H,O,1.4,4.2,8.5,H,,,,,13,3.0,1.0,1.0,1.0,10.0,4.0,6.0,5.0,4.0,1.0,5.0,0.0,5.0,2.0,0.0,2.0,0.0,0.0,0.0,50.0,25.0,25.0,33.3,,,,
2010-04-02,2009,Sp Braga,Guimaraes,3.0,2.0,H,O,1.65,3.6,5.5,D,,,,,13,4.0,1.0,0.0,2.0,7.0,3.0,4.0,2.0,6.0,-4.0,5.0,-3.0,8.0,1.0,0.0,1.0,0.0,2.0,-2.0,91.7,0.0,33.3,41.7,,,,
2010-04-02,2009,Nacional,Leixoes,1.0,0.0,H,U,1.73,3.5,5.0,D,,,,,12,1.0,1.0,2.0,3.0,2.0,4.0,-2.0,6.0,7.0,-1.0,-4.0,-3.0,-1.0,0.0,1.0,-1.0,1.0,2.0,-1.0,45.5,18.2,8.3,83.3,,,,
2010-03-28,2009,Setubal,Nacional,2.0,1.0,H,O,2.75,3.0,2.75,A,,,,,12,0.0,0.0,1.0,3.0,3.0,3.0,0.0,4.0,7.0,-3.0,-1.0,-4.0,3.0,0.0,0.0,0.0,0.0,1.0,-1.0,18.2,36.4,25.0,66.7,,,,
2010-03-28,2009,Rio Ave,Olhanense,1.0,5.0,A,O,2.1,3.2,3.6,D,,,,,12,1.0,0.0,2.0,2.0,3.0,4.0,-1.0,4.0,8.0,-4.0,-1.0,-4.0,3.0,1.0,0.0,1.0,1.0,2.0,-1.0,27.3,27.3,0.0,36.4,,,,
2010-03-28,2009,Leixoes,Naval,1.0,0.0,H,U,2.3,3.0,3.4,H,,,,,12,0.0,1.0,3.0,2.0,2.0,1.0,1.0,8.0,4.0,4.0,-6.0,-3.0,-3.0,0.0,0.0,0.0,1.0,1.0,0.0,18.2,36.4,16.7,58.3,,,,
2010-03-28,2009,Leiria,Pacos Ferreira,2.0,1.0,H,O,2.3,3.1,3.3,H,,,,,12,2.0,2.0,1.0,1.0,7.0,6.0,1.0,5.0,6.0,-1.0,2.0,0.0,2.0,1.0,0.0,1.0,0.0,1.0,-1.0,36.4,27.3,36.4,36.4,,,,
2010-03-28,2009,Belenenses,Porto,0.0,3.0,A,O,9.0,4.5,1.36,A,,,,,13,0.0,2.0,4.0,1.0,3.0,6.0,-3.0,12.0,4.0,8.0,-9.0,2.0,-11.0,0.0,1.0,-1.0,3.0,1.0,2.0,8.3,66.7,45.5,36.4,,,,
2010-03-27,2009,Guimaraes,Academica,1.0,0.0,H,U,1.83,3.4,4.5,D,,,,,12,2.0,2.0,1.0,1.0,7.0,5.0,2.0,4.0,4.0,0.0,3.0,1.0,2.0,2.0,0.0,2.0,0.0,0.0,0.0,45.5,27.3,18.2,54.5,,,,
2010-03-27,2009,Benfica,Sp Braga,1.0,0.0,H,U,1.62,3.6,6.0,H,,,,,12,4.0,2.0,0.0,1.0,10.0,6.0,4.0,2.0,6.0,-4.0,8.0,0.0,8.0,3.0,2.0,1.0,0.0,1.0,-1.0,90.9,0.0,54.5,18.2,,,,
2010-03-26,2009,Maritimo,Sp Lisbon,3.0,2.0,H,O,3.75,3.25,2.05,D,,,,,13,1.0,1.0,1.0,1.0,2.0,4.0,-2.0,6.0,1.0,5.0,-4.0,3.0,-7.0,0.0,1.0,-1.0,1.0,0.0,1.0,41.7,41.7,36.4,18.2,,,,
2010-03-15,2009,Pacos Ferreira,Maritimo,1.0,0.0,H,U,2.25,3.1,3.4,D,,,,,12,2.0,1.0,1.0,3.0,7.0,6.0,1.0,5.0,8.0,-3.0,2.0,-2.0,4.0,1.0,0.0,1.0,0.0,0.0,0.0,27.3,27.3,20.0,40.0,,,,
2010-03-14,2009,Sp Lisbon,Guimaraes,3.0,1.0,H,O,1.57,3.75,6.0,H,,,,,12,3.0,2.0,1.0,1.0,8.0,3.0,5.0,4.0,3.0,1.0,4.0,0.0,4.0,1.0,0.0,1.0,0.0,1.0,-1.0,45.5,27.3,36.4,36.4,,,,
2010-03-14,2009,Olhanense,Belenenses,1.0,3.0,A,O,1.91,3.3,4.2,D,,,,,12,2.0,0.0,0.0,4.0,3.0,0.0,3.0,1.0,4.0,-3.0,2.0,-4.0,6.0,0.0,0.0,0.0,0.0,0.0,0.0,27.3,36.4,0.0,50.0,,,,
2010-03-14,2009,Nacional,Benfica,0.0,1.0,A,U,6.5,3.8,1.53,D,,,,,11,2.0,3.0,1.0,0.0,6.0,11.0,-5.0,8.0,1.0,7.0,-2.0,10.0,-12.0,0.0,2.0,-2.0,1.0,0.0,1.0,50.0,10.0,63.6,9.1,,,,
2010-03-14,2009,Leixoes,Setubal,1.0,2.0,A,O,2.2,3.1,3.5,D,,,,,11,0.0,0.0,2.0,1.0,3.0,8.0,-5.0,8.0,10.0,-2.0,-5.0,-2.0,-3.0,0.0,0.0,0.0,1.0,1.0,0.0,20.0,30.0,9.1,63.6,,,,
2010-03-13,2009,Sp Braga,Rio Ave,1.0,0.0,H,U,1.44,4.2,7.5,H,,,,,12,4.0,1.0,0.0,1.0,8.0,4.0,4.0,2.0,4.0,-2.0,6.0,0.0,6.0,2.0,0.0,2.0,0.0,0.0,0.0,90.9,0.0,27.3,27.3,,,,
2010-03-13,2009,Academica,Porto,1.0,2.0,A,O,5.5,3.5,1.67,D,,,,,12,1.0,1.0,2.0,2.0,3.0,4.0,-1.0,4.0,4.0,0.0,-1.0,0.0,-1.0,1.0,1.0,0.0,1.0,1.0,0.0,36.4,36.4,40.0,40.0,,,,
2010-03-12,2009,Naval,Leiria,1.0,0.0,H,U,2.4,3.0,3.2,D,,,,,11,2.0,1.0,1.0,3.0,3.0,4.0,-1.0,2.0,7.0,-5.0,1.0,-3.0,4.0,0.0,1.0,-1.0,0.0,1.0,-1.0,50.0,30.0,36.4,45.5,,,,
2010-03-08,2009,Guimaraes,Nacional,2.0,0.0,H,U,1.95,3.1,3.8,H,,,,,11,2.0,0.0,1.0,3.0,6.0,3.0,3.0,4.0,7.0,-3.0,2.0,-4.0,6.0,1.0,0.0,1.0,0.0,1.0,-1.0,40.0,30.0,27.3,63.6,,,,
2010-03-07,2009,Maritimo,Academica,0.0,0.0,D,U,2.05,3.1,3.5,D,,,,,12,1.0,2.0,2.0,2.0,2.0,8.0,-6.0,7.0,8.0,-1.0,-5.0,0.0,-5.0,0.0,0.0,0.0,1.0,0.0,1.0,45.5,45.5,20.0,60.0,,,,
2010-03-07,2009,Benfica,Pacos Ferreira,3.0,1.0,H,O,1.25,5.0,11.0,H,,,,,11,4.0,2.0,0.0,0.0,8.0,6.0,2.0,1.0,4.0,-3.0,7.0,2.0,5.0,2.0,0.0,2.0,0.0,0.0,0.0,90.0,0.0,40.0,30.0,,,,
2010-03-07,2009,Belenenses,Sp Lisbon,0.0,4.0,A,O,5.5,3.5,1.6,D,,,,,12,0.0,1.0,3.0,1.0,3.0,1.0,2.0,8.0,1.0,7.0,-5.0,0.0,-5.0,0.0,0.0,0.0,2.0,0.0,2.0,9.1,63.6,30.0,20.0,,,,
2010-03-06,2009,Setubal,Sp Braga,0.0,0.0,D,U,6.0,3.6,1.6,D,,,,,11,1.0,3.0,1.0,1.0,6.0,7.0,-1.0,6.0,6.0,0.0,0.0,1.0,-1.0,0.0,2.0,-2.0,0.0,1.0,-1.0,20.0,40.0,60.0,20.0,,,,
2010-03-06,2009,Rio Ave,Naval,0.0,0.0,D,U,2.05,3.1,3.5,D,,,,,11,1.0,1.0,3.0,3.0,3.0,1.0,2.0,5.0,6.0,-1.0,-2.0,-5.0,3.0,1.0,0.0,1.0,1.0,2.0,-1.0,30.0,30.0,18.2,63.6,,,,
2010-03-06,2009,Porto,Olhanense,2.0,2.0,D,O,1.2,5.5,13.0,A,,,,,12,3.0,0.0,0.0,2.0,12.0,4.0,8.0,4.0,8.0,-4.0,8.0,-4.0,12.0,2.0,0.0,2.0,0.0,2.0,-2.0,81.8,0.0,0.0,40.0,,,,
2010-03-05,2009,Leiria,Leixoes,2.0,1.0,H,O,1.75,3.4,4.75,H,,,,,11,2.0,1.0,1.0,3.0,6.0,3.0,3.0,4.0,6.0,-2.0,2.0,-3.0,5.0,1.0,1.0,0.0,0.0,2.0,-2.0,30.0,30.0,9.1,81.8,,,,
2010-03-02,2009,Nacional,Belenenses,1.0,0.0,H,U,1.57,3.6,6.5,H,,,,,10,1.0,0.0,1.0,3.0,6.0,0.0,6.0,9.0,3.0,6.0,-3.0,-3.0,0.0,0.0,0.0,0.0,1.0,0.0,1.0,44.4,11.1,0.0,44.4,,,,
2010-02-28,2009,Sp Lisbon,Porto,3.0,0.0,H,O,3.6,3.2,2.1,H,,,,,11,2.0,2.0,2.0,1.0,5.0,8.0,-3.0,5.0,2.0,3.0,0.0,6.0,-6.0,0.0,2.0,-2.0,0.0,0.0,0.0,40.0,30.0,44.4,33.3,,,,
2010-02-28,2009,Pacos Ferreira,Setubal,5.0,3.0,H,O,1.83,3.4,4.5,H,,,,,11,2.0,0.0,1.0,1.0,4.0,5.0,-1.0,3.0,7.0,-4.0,1.0,-2.0,3.0,0.0,0.0,0.0,0.0,1.0,-1.0,20.0,30.0,10.0,60.0,,,,
2010-02-28,2009,Academica,Rio Ave,0.0,1.0,A,U,2.1,3.1,3.75,A,,,,,11,2.0,1.0,1.0,1.0,5.0,4.0,1.0,3.0,4.0,-1.0,2.0,0.0,2.0,2.0,0.0,2.0,1.0,0.0,1.0,40.0,30.0,20.0,30.0,,,,
2010-02-27,2009,Sp Braga,Olhanense,3.0,1.0,H,O,1.33,4.5,11.0,H,,,,,11,3.0,0.0,0.0,2.0,5.0,5.0,0.0,1.0,10.0,-9.0,4.0,-5.0,9.0,1.0,0.0,1.0,0.0,2.0,-2.0,90.0,0.0,0.0,33.3,,,,
2010-02-27,2009,Naval,Maritimo,2.0,1.0,H,O,3.0,3.0,2.5,D,,,,,10,2.0,1.0,1.0,2.0,2.0,7.0,-5.0,1.0,8.0,-7.0,1.0,-1.0,2.0,0.0,0.0,0.0,0.0,0.0,0.0,44.4,33.3,22.2,33.3,,,,
2010-02-27,2009,Leixoes,Benfica,0.0,4.0,A,O,9.0,4.5,1.36,A,,,,,10,0.0,2.0,1.0,0.0,4.0,9.0,-5.0,5.0,3.0,2.0,-1.0,6.0,-7.0,0.0,1.0,-1.0,0.0,0.0,0.0,22.2,22.2,60.0,10.0,,,,
2010-02-26,2009,Leiria,Guimaraes,0.0,1.0,A,U,2.55,3.0,2.9,D,,,,,10,2.0,2.0,1.0,1.0,7.0,3.0,4.0,5.0,3.0,2.0,2.0,0.0,2.0,1.0,0.0,1.0,0.0,1.0,-1.0,33.3,22.2,30.0,40.0,,,,
2010-02-22,2009,Belenenses,Academica,1.0,2.0,A,O,3.0,3.0,2.5,A,,,,,11,0.0,1.0,3.0,3.0,2.0,6.0,-4.0,7.0,11.0,-4.0,-5.0,-5.0,0.0,0.0,0.0,0.0,2.0,1.0,1.0,10.0,60.0,11.1,66.7,,,,
2010-02-21,2009,Setubal,Naval,0.0,1.0,A,U,2.3,3.1,3.3,A,,,,,10,1.0,0.0,1.0,3.0,6.0,0.0,6.0,7.0,6.0,1.0,-1.0,-6.0,5.0,0.0,0.0,0.0,1.0,2.0,-1.0,22.2,33.3,10.0,70.0,,,,
2010-02-21,2009,Rio Ave,Pacos Ferreira,1.0,2.0,A,O,2.3,3.1,3.3,A,,,,,10,1.0,1.0,2.0,1.0,2.0,4.0,-2.0,3.0,4.0,-1.0,-1.0,0.0,-1.0,1.0,0.0,1.0,1.0,0.0,1.0,33.3,22.2,33.3,33.3,,,,
2010-02-21,2009,Porto,Sp Braga,5.0,1.0,H,O,1.83,3.2,4.33,H,,,,,11,3.0,3.0,0.0,0.0,9.0,7.0,2.0,3.0,2.0,1.0,6.0,5.0,1.0,2.0,2.0,0.0,0.0,0.0,0.0,80.0,0.0,66.7,11.1,,,,
2010-02-20,2009,Olhanense,Sp Lisbon,0.0,0.0,D,U,4.5,3.4,1.83,D,,,,,11,2.0,2.0,0.0,1.0,5.0,3.0,2.0,3.0,1.0,2.0,2.0,2.0,0.0,0.0,1.0,-1.0,0.0,0.0,0.0,30.0,40.0,33.3,22.2,,,,
2010-02-20,2009,Guimaraes,Leixoes,2.0,0.0,H,U,1.67,3.5,5.5,H,,,,,10,1.0,1.0,2.0,3.0,5.0,3.0,2.0,8.0,6.0,2.0,-3.0,-3.0,0.0,0.0,1.0,-1.0,1.0,2.0,-1.0,33.3,33.3,10.0,80.0,,,,
2010-02-19,2009,Maritimo,Nacional,1.0,1.0,D,U,2.2,3.3,3.3,H,,,,,11,1.0,0.0,3.0,4.0,1.0,3.0,-2.0,7.0,8.0,-1.0,-6.0,-5.0,-1.0,0.0,0.0,0.0,1.0,1.0,0.0,50.0,50.0,30.0,70.0,,,,
2010-02-15,2009,Naval,Guimaraes,0.0,0.0,D,U,3.0,3.0,2.5,D,,,,,9,3.0,3.0,1.0,1.0,3.0,5.0,-2.0,1.0,3.0,-2.0,2.0,2.0,0.0,0.0,1.0,-1.0,0.0,1.0,-1.0,50.0,37.5,33.3,44.4,,,,
2010-02-14,2009,Sp Braga,Maritimo,2.0,1.0,H,O,1.53,3.8,6.5,D,,,,,10,3.0,1.0,0.0,1.0,5.0,7.0,-2.0,0.0,7.0,-7.0,5.0,0.0,5.0,2.0,0.0,2.0,0.0,0.0,0.0,88.9,0.0,25.0,25.0,,,,
2010-02-14,2009,Nacional,Rio Ave,1.0,1.0,D,U,2.05,3.25,3.75,D,,,,,9,2.0,1.0,1.0,2.0,7.0,4.0,3.0,9.0,5.0,4.0,-2.0,-1.0,-1.0,0.0,0.0,0.0,1.0,0.0,1.0,50.0,12.5,22.2,33.3,,,,
2010-02-14,2009,Leiria,Setubal,3.0,3.0,D,O,1.6,3.6,5.0,A,,,,,9,2.0,0.0,1.0,2.0,5.0,2.0,3.0,3.0,7.0,-4.0,2.0,-5.0,7.0,1.0,0.0,1.0,0.0,2.0,-2.0,37.5,25.0,11.1,66.7,,,,
2010-02-14,2009,Academica,Olhanense,1.0,1.0,D,U,1.83,3.3,4.75,D,,,,,10,3.0,0.0,1.0,2.0,7.0,4.0,3.0,2.0,9.0,-7.0,5.0,-5.0,10.0,3.0,0.0,3.0,1.0,2.0,-1.0,44.4,33.3,0.0,37.5,,,,
2010-02-13,2009,Leixoes,Porto,0.0,0.0,D,U,7.0,4.33,1.44,D,,,,,9,0.0,2.0,2.0,2.0,6.0,8.0,-2.0,9.0,3.0,6.0,-3.0,5.0,-8.0,0.0,2.0,-2.0,1.0,0.0,1.0,25.0,25.0,50.0,37.5,,,,
2010-02-13,2009,Benfica,Belenenses,1.0,0.0,H,U,1.17,6.5,17.0,H,,,,,10,4.0,0.0,0.0,2.0,11.0,1.0,10.0,1.0,3.0,-2.0,10.0,-2.0,12.0,3.0,0.0,3.0,0.0,0.0,0.0,88.9,0.0,0.0,37.5,,,,
2010-02-12,2009,Pacos Ferreira,Sp Lisbon,0.0,0.0,D,U,4.0,3.2,2.0,D,,,,,10,2.0,2.0,1.0,1.0,5.0,5.0,0.0,4.0,3.0,1.0,1.0,2.0,-1.0,0.0,1.0,-1.0,0.0,0.0,0.0,22.2,33.3,37.5,25.0,,,,
2010-02-08,2009,Belenenses,Sp Braga,1.0,3.0,A,O,5.5,3.5,1.6,A,,,,,10,0.0,2.0,2.0,1.0,3.0,4.0,-1.0,6.0,2.0,4.0,-3.0,2.0,-5.0,0.0,1.0,-1.0,1.0,0.0,1.0,11.1,55.6,62.5,12.5,,,,
2010-02-07,2009,Rio Ave,Leixoes,2.0,0.0,H,U,1.95,3.2,3.75,D,,,,,9,0.0,1.0,2.0,2.0,2.0,4.0,-2.0,5.0,5.0,0.0,-3.0,-1.0,-2.0,0.0,1.0,-1.0,1.0,1.0,0.0,25.0,25.0,11.1,77.8,,,,
2010-02-07,2009,Porto,Naval,3.0,0.0,H,O,1.2,6.0,11.0,H,,,,,10,3.0,0.0,0.0,2.0,8.0,1.0,7.0,4.0,4.0,0.0,4.0,-3.0,7.0,1.0,0.0,1.0,0.0,1.0,-1.0,77.8,0.0,11.1,66.7,,,,
2010-02-07,2009,Olhanense,Nacional,1.0,0.0,H,U,2.63,3.0,2.63,D,,,,,10,1.0,1.0,1.0,3.0,4.0,5.0,-1.0,5.0,8.0,-3.0,-1.0,-3.0,2.0,0.0,0.0,0.0,1.0,1.0,0.0,22.2,44.4,33.3,66.7,,,,
2010-02-07,2009,Maritimo,Leiria,1.0,0.0,H,U,2.1,3.1,3.4,H,,,,,10,1.0,2.0,3.0,2.0,5.0,5.0,0.0,9.0,6.0,3.0,-4.0,-1.0,-3.0,1.0,1.0,0.0,1.0,1.0,0.0,44.4,55.6,40.0,40.0,,,,
2010-02-07,2009,Guimaraes,Pacos Ferreira,1.0,2.0,A,O,1.85,3.2,4.2,D,,,,,9,2.0,1.0,1.0,1.0,5.0,5.0,0.0,6.0,3.0,3.0,-1.0,2.0,-3.0,0.0,1.0,-1.0,1.0,0.0,1.0,37.5,25.0,25.0,37.5,,,,
2010-02-06,2009,Sp Lisbon,Academica,1.0,2.0,A,O,1.4,4.33,8.0,D,,,,,10,2.0,0.0,1.0,3.0,4.0,5.0,-1.0,3.0,11.0,-8.0,1.0,-6.0,7.0,0.0,0.0,0.0,0.0,1.0,-1.0,44.4,22.2,0.0,75.0,,,,
2010-02-06,2009,Setubal,Benfica,1.0,1.0,D,U,10.0,4.75,1.33,D,,,,,9,1.0,2.0,1.0,0.0,5.0,8.0,-3.0,6.0,2.0,4.0,-1.0,6.0,-7.0,0.0,1.0,-1.0,1.0,0.0,1.0,25.0,37.5,66.7,11.1,,,,
2010-02-03,2009,Benfica,Leiria,3.0,0.0,H,O,1.25,5.25,13.0,H,,,,,9,4.0,2.0,0.0,2.0,9.0,5.0,4.0,1.0,5.0,-4.0,8.0,0.0,8.0,2.0,1.0,1.0,0.0,1.0,-1.0,87.5,0.0,44.4,33.3,,,,
2010-02-01,2009,Leixoes,Maritimo,1.0,2.0,A,O,2.6,3.0,2.88,A,,,,,8,1.0,1.0,1.0,1.0,8.0,9.0,-1.0,9.0,8.0,1.0,-1.0,1.0,-2.0,0.0,1.0,-1.0,1.0,0.0,1.0,28.6,14.3,14.3,28.6,,,,
2010-01-31,2009,Setubal,Rio Ave,2.0,2.0,D,O,2.5,3.0,3.0,D,,,,,8,2.0,2.0,1.0,2.0,4.0,3.0,1.0,4.0,3.0,1.0,0.0,0.0,0.0,0.0,0.0,0.0,1.0,0.0,1.0,28.6,42.9,25.0,37.5,,,,
2010-01-31,2009,Pacos Ferreira,Academica,2.0,1.0,H,O,2.38,3.0,3.25,D,,,,,9,1.0,0.0,2.0,3.0,3.0,6.0,-3.0,4.0,12.0,-8.0,-1.0,-6.0,5.0,0.0,0.0,0.0,0.0,1.0,-1.0,12.5,37.5,0.0,71.4,,,,
2010-01-30,2009,Naval,Belenenses,1.0,0.0,H,U,2.25,3.0,3.5,H,,,,,8,3.0,0.0,1.0,1.0,5.0,1.0,4.0,3.0,2.0,1.0,2.0,-1.0,3.0,0.0,0.0,0.0,0.0,0.0,0.0,42.9,42.9,0.0,28.6,,,,
2010-01-30,2009,Nacional,Porto,0.0,4.0,A,O,4.5,3.4,1.83,A,,,,,8,3.0,2.0,0.0,2.0,9.0,7.0,2.0,5.0,3.0,2.0,4.0,4.0,0.0,1.0,2.0,-1.0,0.0,0.0,0.0,57.1,0.0,42.9,42.9,,,,
2010-01-30,2009,Leiria,Olhanense,2.0,0.0,H,U,1.91,3.3,4.2,D,,,,,8,2.0,0.0,1.0,1.0,5.0,4.0,1.0,3.0,7.0,-4.0,2.0,-3.0,5.0,1.0,0.0,1.0,0.0,1.0,-1.0,28.6,28.6,0.0,28.6,,,,
2010-01-30,2009,Benfica,Guimaraes,3.0,1.0,H,O,1.33,4.75,10.0,D,,,,,8,4.0,3.0,0.0,1.0,12.0,4.0,8.0,1.0,2.0,-1.0,11.0,2.0,9.0,2.0,1.0,1.0,0.0,1.0,-1.0,85.7,0.0,37.5,37.5,,,,
2010-01-29,2009,Sp Braga,Sp Lisbon,1.0,0.0,H,U,2.4,3.0,3.2,H,,,,,9,3.0,2.0,0.0,0.0,6.0,6.0,0.0,0.0,3.0,-3.0,6.0,3.0,3.0,3.0,1.0,2.0,0.0,0.0,0.0,87.5,0.0,42.9,14.3,,,,
2010-01-17,2009,Rio Ave,Leiria,0.0,2.0,A,U,2.2,3.1,3.5,A,,,,,8,0.0,2.0,1.0,2.0,3.0,4.0,-1.0,4.0,5.0,-1.0,-1.0,-1.0,0.0,0.0,0.0,0.0,0.0,1.0,-1.0,28.6,14.3,37.5,37.5,,,,
2010-01-17,2009,Maritimo,Benfica,0.0,5.0,A,O,5.0,3.6,1.7,A,,,,,9,2.0,1.0,2.0,1.0,6.0,3.0,3.0,4.0,4.0,0.0,2.0,-1.0,3.0,1.0,0.0,1.0,0.0,1.0,-1.0,50.0,50.0,62.5,12.5,,,,
2010-01-17,2009,Belenenses,Leixoes,1.0,3.0,A,O,2.3,3.1,3.2,A,,,,,9,0.0,0.0,2.0,3.0,2.0,1.0,1.0,6.0,5.0,1.0,-4.0,-4.0,0.0,0.0,0.0,0.0,1.0,1.0,0.0,12.5,50.0,0.0,87.5,,,,
2010-01-17,2009,Academica,Sp Braga,0.0,2.0,A,U,4.2,3.2,1.95,A,,,,,9,4.0,1.0,0.0,1.0,9.0,3.0,6.0,0.0,3.0,-3.0,9.0,0.0,9.0,4.0,0.0,4.0,0.0,0.0,0.0,50.0,25.0,57.1,14.3,,,,
2010-01-16,2009,Sp Lisbon,Nacional,3.0,2.0,H,O,1.53,3.7,7.0,D,,,,,9,1.0,2.0,1.0,2.0,2.0,7.0,-5.0,2.0,7.0,-5.0,0.0,0.0,0.0,0.0,1.0,-1.0,0.0,1.0,-1.0,37.5,25.0,37.5,62.5,,,,
2010-01-16,2009,Porto,Pacos Ferreira,1.0,1.0,D,U,1.25,5.5,12.0,D,,,,,9,3.0,1.0,0.0,2.0,8.0,5.0,3.0,4.0,5.0,-1.0,4.0,0.0,4.0,1.0,1.0,0.0,0.0,1.0,-1.0,87.5,0.0,28.6,42.9,,,,
2010-01-16,2009,Olhanense,Naval,1.0,0.0,H,U,2.3,3.1,3.2,D,,,,,9,0.0,0.0,2.0,2.0,3.0,1.0,2.0,6.0,4.0,2.0,-3.0,-3.0,0.0,0.0,0.0,0.0,1.0,1.0,0.0,12.5,50.0,12.5,62.5,,,,
2010-01-16,2009,Guimaraes,Setubal,2.0,2.0,D,O,1.53,3.7,7.0,D,,,,,8,2.0,0.0,1.0,3.0,4.0,1.0,3.0,5.0,7.0,-2.0,-1.0,-6.0,5.0,0.0,0.0,0.0,1.0,2.0,-1.0,42.9,28.6,12.5,75.0,,,,
2010-01-11,2009,Belenenses,Setubal,0.0,0.0,D,U,2.05,3.1,3.5,D,,,,,8,0.0,0.0,2.0,4.0,2.0,1.0,1.0,6.0,9.0,-3.0,-4.0,-8.0,4.0,0.0,0.0,0.0,1.0,3.0,-2.0,14.3,57.1,14.3,85.7,,,,
2010-01-10,2009,Porto,Leiria,3.0,2.0,H,O,1.25,5.25,10.0,H,,,,,8,3.0,2.0,0.0,2.0,8.0,4.0,4.0,4.0,5.0,-1.0,4.0,-1.0,5.0,1.0,0.0,1.0,0.0,1.0,-1.0,85.7,0.0,42.9,28.6,,,,
2010-01-10,2009,Olhanense,Pacos Ferreira,1.0,1.0,D,U,2.38,3.1,2.88,A,,,,,8,0.0,2.0,3.0,2.0,2.0,5.0,-3.0,8.0,4.0,4.0,-6.0,1.0,-7.0,0.0,1.0,-1.0,2.0,1.0,1.0,14.3,57.1,33.3,50.0,,,,
2010-01-10,2009,Academica,Naval,2.0,0.0,H,U,1.95,3.1,3.75,H,,,,,8,3.0,0.0,1.0,2.0,9.0,1.0,8.0,4.0,4.0,0.0,5.0,-3.0,8.0,3.0,0.0,3.0,1.0,1.0,0.0,42.9,28.6,14.3,57.1,,,,
2010-01-09,2009,Sp Lisbon,Leixoes,1.0,0.0,H,U,1.33,4.33,9.0,D,,,,,8,0.0,0.0,1.0,3.0,1.0,1.0,0.0,2.0,5.0,-3.0,-1.0,-4.0,3.0,0.0,0.0,0.0,0.0,1.0,-1.0,28.6,28.6,0.0,85.7,,,,
2010-01-09,2009,Rio Ave,Benfica,0.0,1.0,A,U,5.5,3.5,1.62,D,,,,,7,0.0,1.0,0.0,1.0,3.0,5.0,-2.0,3.0,5.0,-2.0,0.0,0.0,0.0,0.0,1.0,-1.0,0.0,1.0,-1.0,33.3,0.0,57.1,14.3,,,,
2010-01-09,2009,Maritimo,Guimaraes,0.0,1.0,A,U,2.25,3.1,3.1,D,,,,,8,3.0,2.0,1.0,2.0,9.0,3.0,6.0,4.0,4.0,0.0,5.0,-1.0,6.0,2.0,1.0,1.0,0.0,2.0,-2.0,57.1,42.9,28.6,42.9,,,,
2010-01-08,2009,Sp Braga,Nacional,2.0,0.0,H,U,1.7,3.4,5.5,H,,,,,8,3.0,2.0,0.0,2.0,6.0,8.0,-2.0,0.0,11.0,-11.0,6.0,-3.0,9.0,3.0,1.0,2.0,0.0,1.0,-1.0,85.7,0.0,42.9,57.1,,,,
2009-12-21,2009,Leixoes,Olhanense,2.0,2.0,D,O,2.3,3.1,3.3,D,,,,,7,2.0,0.0,1.0,2.0,9.0,4.0,5.0,8.0,8.0,0.0,1.0,-4.0,5.0,1.0,0.0,1.0,1.0,1.0,0.0,33.3,16.7,0.0,33.3,,,,
2009-12-20,2009,Setubal,Maritimo,3.0,2.0,H,O,4.5,3.4,1.83,H,,,,,7,1.0,1.0,2.0,1.0,1.0,8.0,-7.0,3.0,7.0,-4.0,-2.0,1.0,-3.0,0.0,1.0,-1.0,1.0,0.0,1.0,16.7,50.0,16.7,16.7,,,,
2009-12-20,2009,Nacional,Academica,4.0,3.0,H,O,1.91,3.3,4.2,H,,,,,7,3.0,0.0,0.0,2.0,7.0,3.0,4.0,3.0,8.0,-5.0,4.0,-5.0,9.0,1.0,0.0,1.0,0.0,1.0,-1.0,50.0,0.0,0.0,66.7,,,,
2009-12-20,2009,Leiria,Belenenses,1.0,0.0,H,U,1.95,3.2,4.2,D,,,,,7,1.0,0.0,2.0,0.0,5.0,2.0,3.0,5.0,2.0,3.0,0.0,0.0,0.0,1.0,0.0,1.0,0.0,0.0,0.0,16.7,33.3,0.0,16.7,,,,
2009-12-20,2009,Benfica,Porto,1.0,0.0,H,U,2.3,3.2,3.2,H,,,,,7,4.0,2.0,0.0,2.0,16.0,7.0,9.0,1.0,3.0,-2.0,15.0,4.0,11.0,3.0,2.0,1.0,0.0,0.0,0.0,83.3,0.0,50.0,33.3,,,,
2009-12-19,2009,Naval,Sp Lisbon,0.0,1.0,A,U,4.5,3.4,1.83,A,,,,,7,3.0,1.0,1.0,1.0,5.0,5.0,0.0,3.0,4.0,-1.0,2.0,1.0,1.0,0.0,1.0,-1.0,0.0,0.0,0.0,50.0,33.3,33.3,16.7,,,,
2009-12-19,2009,Guimaraes,Rio Ave,1.0,0.0,H,U,1.83,3.3,4.75,D,,,,,7,1.0,2.0,1.0,2.0,5.0,5.0,0.0,7.0,5.0,2.0,-2.0,0.0,-2.0,0.0,0.0,0.0,1.0,0.0,1.0,33.3,33.3,28.6,28.6,,,,
2009-12-18,2009,Pacos Ferreira,Sp Braga,0.0,1.0,A,U,4.2,3.3,1.91,A,,,,,8,1.0,1.0,2.0,1.0,4.0,3.0,1.0,6.0,3.0,3.0,-2.0,0.0,-2.0,0.0,0.0,0.0,1.0,0.0,1.0,14.3,28.6,50.0,16.7,,,,
2009-12-14,2009,Belenenses,Guimaraes,0.0,1.0,A,U,3.2,3.0,2.4,D,,,,,7,0.0,1.0,2.0,3.0,2.0,3.0,-1.0,6.0,7.0,-1.0,-4.0,-4.0,0.0,0.0,1.0,-1.0,1.0,3.0,-2.0,16.7,50.0,16.7,50.0,,,,
2009-12-13,2009,Sp Braga,Naval,0.0,0.0,D,U,1.33,4.5,11.0,D,,,,,7,4.0,1.0,0.0,2.0,7.0,3.0,4.0,0.0,5.0,-5.0,7.0,-2.0,9.0,3.0,0.0,3.0,0.0,1.0,-1.0,100.0,0.0,16.7,66.7,,,,
2009-12-13,2009,Porto,Setubal,2.0,0.0,H,U,1.13,7.5,21.0,H,,,,,7,3.0,1.0,0.0,3.0,7.0,2.0,5.0,4.0,7.0,-3.0,3.0,-5.0,8.0,0.0,0.0,0.0,0.0,2.0,-2.0,83.3,0.0,16.7,83.3,,,,
2009-12-13,2009,Maritimo,Rio Ave,0.0,1.0,A,U,1.75,3.4,5.0,A,,,,,7,3.0,1.0,1.0,2.0,10.0,5.0,5.0,5.0,6.0,-1.0,5.0,-1.0,6.0,2.0,0.0,2.0,0.0,0.0,0.0,66.7,33.3,16.7,33.3,,,,
2009-12-13,2009,Academica,Leixoes,2.0,0.0,H,U,1.83,3.3,4.75,H,,,,,7,2.0,0.0,1.0,3.0,8.0,1.0,7.0,5.0,8.0,-3.0,3.0,-7.0,10.0,2.0,0.0,2.0,1.0,1.0,0.0,33.3,33.3,0.0,83.3,,,,
2009-12-12,2009,Sp Lisbon,Leiria,0.0,1.0,A,U,1.44,4.0,8.0,A,,,,,7,1.0,1.0,0.0,2.0,4.0,5.0,-1.0,3.0,7.0,-4.0,1.0,-2.0,3.0,0.0,0.0,0.0,0.0,1.0,-1.0,33.3,16.7,33.3,33.3,,,,
2009-12-12,2009,Olhanense,Benfica,2.0,2.0,D,O,8.5,4.33,1.4,H,,,,,7,0.0,2.0,4.0,1.0,0.0,5.0,-5.0,7.0,4.0,3.0,-7.0,1.0,-8.0,0.0,1.0,-1.0,2.0,1.0,1.0,16.7,66.7,66.7,16.7,,,,
2009-12-11,2009,Pacos Ferreira,Nacional,2.0,1.0,H,O,2.75,3.0,2.75,H,,,,,7,0.0,3.0,2.0,1.0,3.0,8.0,-5.0,6.0,9.0,-3.0,-3.0,-1.0,-2.0,0.0,1.0,-1.0,1.0,1.0,0.0,0.0,33.3,50.0,50.0,,,,
2009-12-07,2009,Setubal,Sp Lisbon,0.0,2.0,A,U,5.0,3.5,1.65,A,,,,,6,1.0,1.0,2.0,1.0,1.0,5.0,-4.0,5.0,4.0,1.0,-4.0,1.0,-5.0,0.0,1.0,-1.0,1.0,0.0,1.0,20.0,40.0,20.0,20.0,,,,
2009-12-07,2009,Leiria,Nacional,1.0,2.0,A,O,2.5,3.0,2.75,A,,,,,6,1.0,2.0,1.0,2.0,4.0,6.0,-2.0,3.0,10.0,-7.0,1.0,-4.0,5.0,1.0,1.0,0.0,0.0,2.0,-2.0,20.0,20.0,40.0,60.0,,,,
2009-12-06,2009,Maritimo,Olhanense,5.0,2.0,H,O,1.57,3.6,5.5,D,,,,,6,2.0,0.0,2.0,1.0,6.0,3.0,3.0,5.0,4.0,1.0,1.0,-1.0,2.0,1.0,0.0,1.0,0.0,0.0,0.0,60.0,40.0,0.0,20.0,,,,
2009-12-06,2009,Benfica,Academica,4.0,0.0,H,O,1.2,6.0,11.0,H,,,,,6,4.0,0.0,0.0,2.0,20.0,4.0,16.0,2.0,6.0,-4.0,18.0,-2.0,20.0,3.0,0.0,3.0,0.0,0.0,0.0,80.0,0.0,0.0,60.0,,,,
2009-12-05,2009,Rio Ave,Belenenses,0.0,0.0,D,U,1.8,3.3,4.2,D,,,,,6,1.0,0.0,0.0,1.0,5.0,3.0,2.0,3.0,5.0,-2.0,2.0,-2.0,4.0,1.0,0.0,1.0,0.0,1.0,-1.0,40.0,0.0,0.0,20.0,,,,
2009-12-05,2009,Naval,Pacos Ferreira,1.0,0.0,H,U,2.25,3.0,3.2,H,,,,,6,2.0,2.0,2.0,2.0,5.0,5.0,0.0,6.0,4.0,2.0,-1.0,1.0,-2.0,0.0,1.0,-1.0,1.0,1.0,0.0,40.0,40.0,40.0,40.0,,,,
2009-12-05,2009,Leixoes,Sp Braga,1.0,1.0,D,U,4.2,3.3,1.8,H,,,,,6,2.0,2.0,1.0,1.0,8.0,4.0,4.0,7.0,3.0,4.0,1.0,1.0,0.0,1.0,0.0,1.0,1.0,0.0,1.0,40.0,20.0,60.0,20.0,,,,
2009-12-04,2009,Guimaraes,Porto,1.0,4.0,A,O,4.5,3.3,1.85,A,,,,,6,2.0,2.0,0.0,2.0,7.0,6.0,1.0,3.0,3.0,0.0,4.0,3.0,1.0,1.0,2.0,-1.0,0.0,0.0,0.0,40.0,20.0,40.0,40.0,,,,
2009-11-30,2009,Sp Braga,Leiria,2.0,0.0,H,U,1.44,3.8,7.5,H,,,,,6,4.0,2.0,0.0,1.0,8.0,9.0,-1.0,1.0,5.0,-4.0,7.0,4.0,3.0,3.0,1.0,2.0,0.0,0.0,0.0,100.0,0.0,40.0,20.0,,,,
2009-11-29,2009,Porto,Rio Ave,2.0,1.0,H,O,1.25,5.0,11.0,D,,,,,6,3.0,1.0,0.0,1.0,9.0,4.0,5.0,4.0,4.0,0.0,5.0,0.0,5.0,1.0,0.0,1.0,0.0,0.0,0.0,80.0,0.0,20.0,20.0,,,,
2009-11-29,2009,Pacos Ferreira,Leixoes,1.0,1.0,D,U,2.0,3.1,3.75,D,,,,,6,0.0,0.0,2.0,4.0,2.0,1.0,1.0,5.0,11.0,-6.0,-3.0,-10.0,7.0,0.0,0.0,0.0,1.0,2.0,-1.0,0.0,40.0,0.0,100.0,,,,
2009-11-29,2009,Nacional,Naval,1.0,1.0,D,U,1.6,3.5,5.5,A,,,,,6,3.0,1.0,0.0,3.0,7.0,2.0,5.0,3.0,7.0,-4.0,4.0,-5.0,9.0,1.0,0.0,1.0,0.0,2.0,-2.0,60.0,0.0,20.0,80.0,,,,
2009-11-29,2009,Belenenses,Maritimo,2.0,2.0,D,O,2.8,3.0,2.5,D,,,,,6,0.0,1.0,3.0,1.0,0.0,6.0,-6.0,8.0,5.0,3.0,-8.0,1.0,-9.0,0.0,1.0,-1.0,2.0,0.0,2.0,20.0,60.0,20.0,20.0,,,,
2009-11-29,2009,Academica,Setubal,3.0,0.0,H,O,1.91,3.2,4.0,H,,,,,6,1.0,1.0,2.0,3.0,5.0,3.0,2.0,7.0,12.0,-5.0,-2.0,-9.0,7.0,1.0,0.0,1.0,2.0,2.0,0.0,20.0,40.0,20.0,80.0,,,,
2009-11-28,2009,Sp Lisbon,Benfica,0.0,0.0,D,U,2.9,3.2,2.3,D,,,,,6,2.0,3.0,0.0,1.0,5.0,9.0,-4.0,3.0,4.0,-1.0,2.0,5.0,-3.0,0.0,2.0,-2.0,0.0,1.0,-1.0,40.0,20.0,80.0,20.0,,,,
2009-11-27,2009,Olhanense,Guimaraes,0.0,2.0,A,U,2.63,3.0,2.63,A,,,,,6,1.0,0.0,3.0,3.0,2.0,1.0,1.0,6.0,7.0,-1.0,-4.0,-6.0,2.0,0.0,0.0,0.0,1.0,3.0,-2.0,20.0,60.0,0.0,60.0,,,,
2009-11-09,2009,Benfica,Naval,1.0,0.0,H,U,1.17,6.5,17.0,D,,,,,5,3.0,1.0,0.0,3.0,20.0,2.0,18.0,3.0,8.0,-5.0,17.0,-6.0,23.0,3.0,0.0,3.0,0.0,3.0,-3.0,75.0,0.0,25.0,75.0,,,,
2009-11-08,2009,Rio Ave,Sp Lisbon,2.0,2.0,D,O,4.0,3.25,2.0,A,,,,,5,2.0,1.0,0.0,1.0,4.0,4.0,0.0,1.0,3.0,-2.0,3.0,1.0,2.0,1.0,1.0,0.0,0.0,0.0,0.0,50.0,0.0,25.0,25.0,,,,
2009-11-08,2009,Maritimo,Porto,1.0,0.0,H,U,4.75,3.5,1.75,H,,,,,5,2.0,2.0,2.0,1.0,6.0,7.0,-1.0,5.0,3.0,2.0,1.0,4.0,-3.0,1.0,2.0,-1.0,0.0,0.0,0.0,50.0,50.0,50.0,25.0,,,,
2009-11-08,2009,Leixoes,Nacional,2.0,4.0,A,O,2.75,3.0,2.75,A,,,,,5,2.0,1.0,0.0,3.0,6.0,2.0,4.0,3.0,11.0,-8.0,3.0,-9.0,12.0,1.0,0.0,1.0,0.0,3.0,-3.0,50.0,0.0,25.0,75.0,,,,
2009-11-08,2009,Leiria,Academica,1.0,1.0,D,U,1.91,3.3,4.2,D,,,,,5,1.0,0.0,1.0,3.0,4.0,3.0,1.0,3.0,6.0,-3.0,1.0,-3.0,4.0,1.0,0.0,1.0,0.0,0.0,0.0,25.0,25.0,0.0,75.0,,,,
2009-11-07,2009,Setubal,Olhanense,0.0,0.0,D,U,2.5,3.0,3.0,D,,,,,5,1.0,0.0,2.0,1.0,1.0,3.0,-2.0,5.0,4.0,1.0,-4.0,-1.0,-3.0,0.0,0.0,0.0,1.0,0.0,1.0,25.0,50.0,0.0,25.0,,,,
2009-11-07,2009,Guimaraes,Sp Braga,1.0,0.0,H,U,3.4,3.1,2.25,H,,,,,5,1.0,3.0,1.0,0.0,6.0,6.0,0.0,4.0,3.0,1.0,2.0,3.0,-1.0,1.0,0.0,1.0,0.0,0.0,0.0,25.0,25.0,75.0,0.0,,,,
2009-11-06,2009,Belenenses,Pacos Ferreira,0.0,3.0,A,O,2.3,3.1,3.3,A,,,,,5,1.0,1.0,2.0,2.0,2.0,3.0,-1.0,5.0,5.0,0.0,-3.0,-2.0,-1.0,1.0,0.0,1.0,1.0,1.0,0.0,25.0,50.0,25.0,50.0,,,,
2009-11-02,2009,Academica,Guimaraes,2.0,0.0,H,U,2.5,3.0,2.75,H,,,,,5,0.0,0.0,2.0,2.0,4.0,1.0,3.0,8.0,5.0,3.0,-4.0,-4.0,0.0,0.0,0.0,0.0,2.0,2.0,0.0,0.0,50.0,0.0,50.0,,,,
2009-11-01,2009,Sp Lisbon,Maritimo,1.0,1.0,D,U,1.36,4.0,9.0,D,,,,,5,2.0,1.0,1.0,1.0,5.0,6.0,-1.0,4.0,5.0,-1.0,1.0,1.0,0.0,0.0,1.0,-1.0,0.0,0.0,0.0,50.0,25.0,25.0,25.0,,,,
2009-11-01,2009,Pacos Ferreira,Leiria,0.0,1.0,A,U,2.1,3.25,3.25,A,,,,,5,0.0,1.0,1.0,1.0,3.0,8.0,-5.0,5.0,5.0,0.0,-2.0,3.0,-5.0,0.0,1.0,-1.0,1.0,0.0,1.0,0.0,25.0,25.0,25.0,,,,
2009-11-01,2009,Olhanense,Rio Ave,0.0,1.0,A,U,2.35,3.0,3.0,A,,,,,5,1.0,0.0,2.0,1.0,2.0,4.0,-2.0,5.0,5.0,0.0,-3.0,-1.0,-2.0,0.0,0.0,0.0,1.0,0.0,1.0,25.0,50.0,0.0,25.0,,,,
2009-11-01,2009,Nacional,Setubal,2.0,1.0,H,O,1.5,3.5,7.0,D,,,,,5,2.0,1.0,0.0,3.0,6.0,2.0,4.0,3.0,11.0,-8.0,3.0,-9.0,12.0,1.0,0.0,1.0,0.0,2.0,-2.0,50.0,0.0,25.0,75.0,,,,
2009-10-31,2009,Sp Braga,Benfica,2.0,0.0,H,U,3.25,3.25,2.1,H,,,,,5,4.0,4.0,0.0,0.0,7.0,10.0,-3.0,1.0,2.0,-1.0,6.0,8.0,-2.0,2.0,2.0,0.0,0.0,0.0,0.0,100.0,0.0,100.0,0.0,,,,
2009-10-31,2009,Naval,Leixoes,1.0,0.0,H,U,2.1,3.25,3.25,D,,,,,5,1.0,0.0,2.0,4.0,4.0,1.0,3.0,6.0,11.0,-5.0,-2.0,-10.0,8.0,0.0,0.0,0.0,1.0,2.0,-1.0,25.0,50.0,0.0,100.0,,,,
2009-10-30,2009,Porto,Belenenses,1.0,1.0,D,U,1.17,6.75,14.0,D,,,,,5,4.0,0.0,0.0,1.0,11.0,2.0,9.0,3.0,4.0,-1.0,8.0,-2.0,10.0,2.0,0.0,2.0,0.0,1.0,-1.0,100.0,0.0,0.0,25.0,,,,
2009-10-27,2009,Guimaraes,Sp Lisbon,1.0,1.0,D,U,4.2,3.3,1.91,D,,,,,4,,,,,,,,,,,,,,,,,,,,33.3,33.3,33.3,33.3,,,,
2009-10-26,2009,Benfica,Nacional,6.0,1.0,H,O,1.25,5.5,12.0,H,,,,,4,,,,,,,,,,,,,,,,,,,,66.7,0.0,33.3,66.7,,,,
2009-10-25,2009,Setubal,Leixoes,1.0,0.0,H,U,2.75,3.0,2.7,H,,,,,4,,,,,,,,,,,,,,,,,,,,0.0,66.7,0.0,100.0,,,,
2009-10-25,2009,Porto,Academica,3.0,2.0,H,O,1.17,6.5,17.0,D,,,,,4,,,,,,,,,,,,,,,,,,,,100.0,0.0,0.0,66.7,,,,
2009-10-25,2009,Maritimo,Pacos Ferreira,3.0,1.0,H,O,1.8,3.4,4.75,H,,,,,4,,,,,,,,,,,,,,,,,,,,33.3,66.7,33.3,33.3,,,,
2009-10-24,2009,Rio Ave,Sp Braga,1.0,1.0,D,U,4.75,3.3,1.83,D,,,,,4,,,,,,,,,,,,,,,,,,,,66.7,0.0,100.0,0.0,,,,
2009-10-24,2009,Leiria,Naval,2.0,0.0,H,U,2.0,3.2,4.0,H,,,,,4,,,,,,,,,,,,,,,,,,,,0.0,33.3,33.3,66.7,,,,
2009-10-23,2009,Belenenses,Olhanense,0.0,0.0,D,U,2.25,3.0,3.5,D,,,,,4,,,,,,,,,,,,,,,,,,,,33.3,66.7,0.0,33.3,,,,
2009-10-12,2009,Belenenses,Nacional,0.0,1.0,A,U,2.5,3.0,2.8,A,,,,,3,,,,,,,,,,,,,,,,,,,,50.0,50.0,0.0,100.0,,,,
2009-10-05,2009,Pacos Ferreira,Benfica,1.0,3.0,A,O,7.0,3.7,1.44,A,,,,,4,,,,,,,,,,,,,,,,,,,,0.0,0.0,100.0,0.0,,,,
2009-10-05,2009,Nacional,Guimaraes,2.0,0.0,H,U,2.25,3.0,3.1,H,,,,,4,,,,,,,,,,,,,,,,,,,,33.3,0.0,0.0,33.3,,,,
2009-10-04,2009,Sp Lisbon,Belenenses,0.0,0.0,D,U,1.3,4.5,8.5,D,,,,,4,,,,,,,,,,,,,,,,,,,,66.7,33.3,0.0,33.3,,,,
2009-10-04,2009,Olhanense,Porto,0.0,3.0,A,O,7.0,3.8,1.44,A,,,,,4,,,,,,,,,,,,,,,,,,,,33.3,33.3,33.3,33.3,,,,
2009-10-04,2009,Leixoes,Leiria,3.0,2.0,H,O,2.0,3.0,3.75,D,,,,,4,,,,,,,,,,,,,,,,,,,,33.3,0.0,33.3,0.0,,,,
2009-10-03,2009,Sp Braga,Setubal,2.0,0.0,H,U,1.3,5.0,10.0,D,,,,,4,,,,,,,,,,,,,,,,,,,,100.0,0.0,33.3,66.7,,,,
2009-10-03,2009,Naval,Rio Ave,3.0,2.0,H,O,2.5,3.0,3.0,D,,,,,4,,,,,,,,,,,,,,,,,,,,0.0,66.7,0.0,0.0,,,,
2009-10-02,2009,Academica,Maritimo,2.0,4.0,A,O,2.5,3.0,3.0,A,,,,,4,,,,,,,,,,,,,,,,,,,,0.0,33.3,0.0,33.3,,,,
2009-09-28,2009,Guimaraes,Leiria,2.0,2.0,D,O,1.75,3.2,4.75,D,,,,,3,,,,,,,,,,,,,,,,,,,,50.0,50.0,50.0,0.0,,,,
2009-09-26,2009,Setubal,Pacos Ferreira,0.0,1.0,A,U,2.5,3.0,2.8,A,,,,,3,,,,,,,,,,,,,,,,,,,,0.0,50.0,0.0,50.0,,,,
2009-09-26,2009,Rio Ave,Academica,0.0,0.0,D,U,1.91,3.1,4.0,D,,,,,3,,,,,,,,,,,,,,,,,,,,100.0,0.0,0.0,100.0,,,,
2009-09-26,2009,Porto,Sp Lisbon,1.0,0.0,H,U,1.83,3.25,4.2,H,,,,,3,,,,,,,,,,,,,,,,,,,,100.0,0.0,50.0,0.0,,,,
2009-09-26,2009,Maritimo,Naval,1.0,2.0,A,O,1.62,3.4,5.5,A,,,,,3,,,,,,,,,,,,,,,,,,,,50.0,50.0,0.0,100.0,,,,
2009-09-26,2009,Benfica,Leixoes,5.0,0.0,H,O,1.25,5.0,11.0,H,,,,,3,,,,,,,,,,,,,,,,,,,,50.0,0.0,0.0,100.0,,,,
2009-09-25,2009,Olhanense,Sp Braga,0.0,1.0,A,U,4.2,3.25,1.91,D,,,,,3,,,,,,,,,,,,,,,,,,,,50.0,0.0,100.0,0.0,,,,
2009-09-21,2009,Sp Lisbon,Olhanense,3.0,2.0,H,O,1.25,5.0,11.0,D,,,,,3,,,,,,,,,,,,,,,,,,,,50.0,50.0,0.0,0.0,,,,
2009-09-20,2009,Naval,Setubal,0.0,1.0,A,U,1.8,3.2,4.33,A,,,,,3,,,,,,,,,,,,,,,,,,,,0.0,50.0,0.0,100.0,,,,
2009-09-20,2009,Nacional,Maritimo,2.0,1.0,H,O,2.38,3.0,3.0,H,,,,,3,,,,,,,,,,,,,,,,,,,,0.0,0.0,0.0,0.0,,,,
2009-09-20,2009,Leiria,Benfica,1.0,2.0,A,O,7.0,4.0,1.4,D,,,,,3,,,,,,,,,,,,,,,,,,,,0.0,0.0,100.0,0.0,,,,
2009-09-20,2009,Academica,Belenenses,1.0,1.0,D,U,2.1,3.1,3.4,H,,,,,3,,,,,,,,,,,,,,,,,,,,0.0,50.0,0.0,50.0,,,,
2009-09-19,2009,Sp Braga,Porto,1.0,0.0,H,U,3.3,3.2,2.1,D,,,,,3,,,,,,,,,,,,,,,,,,,,100.0,0.0,50.0,0.0,,,,
2009-09-19,2009,Pacos Ferreira,Rio Ave,1.0,1.0,D,U,2.1,3.2,3.25,D,,,,,3,,,,,,,,,,,,,,,,,,,,0.0,0.0,0.0,0.0,,,,
2009-09-18,2009,Leixoes,Guimaraes,3.0,1.0,H,O,2.8,3.1,2.6,D,,,,,3,,,,,,,,,,,,,,,,,,,,0.0,0.0,0.0,0.0,,,,
2009-09-13,2009,Sp Lisbon,Pacos Ferreira,1.0,0.0,H,U,1.29,5.25,11.0,D,,,,,2,,,,,,,,,,,,,,,,,,,,0.0,100.0,0.0,0.0,,,,
2009-09-13,2009,Setubal,Leiria,0.0,4.0,A,O,2.8,2.88,2.8,A,,,,,2,,,,,,,,,,,,,,,,,,,,0.0,0.0,0.0,0.0,,,,
2009-09-13,2009,Olhanense,Academica,2.0,1.0,H,O,2.3,3.0,3.4,H,,,,,2,,,,,,,,,,,,,,,,,,,,0.0,0.0,0.0,100.0,,,,
2009-09-13,2009,Maritimo,Sp Braga,1.0,2.0,A,O,2.9,2.9,2.7,D,,,,,2,,,,,,,,,,,,,,,,,,,,100.0,0.0,100.0,0.0,,,,
2009-09-13,2009,Belenenses,Benfica,0.0,4.0,A,O,7.0,4.0,1.5,A,,,,,2,,,,,,,,,,,,,,,,,,,,100.0,0.0,100.0,0.0,,,,
2009-09-12,2009,Rio Ave,Nacional,2.0,0.0,H,U,2.8,2.88,2.8,H,,,,,2,,,,,,,,,,,,,,,,,,,,100.0,0.0,0.0,100.0,,,,
2009-09-12,2009,Porto,Leixoes,4.0,1.0,H,O,1.22,6.0,13.0,H,,,,,2,,,,,,,,,,,,,,,,,,,,100.0,0.0,0.0,100.0,,,,
2009-09-11,2009,Guimaraes,Naval,3.0,0.0,H,O,1.67,3.5,5.75,H,,,,,2,,,,,,,,,,,,,,,,,,,,0.0,100.0,0.0,100.0,,,,
2009-08-31,2009,Nacional,Olhanense,1.0,1.0,D,U,1.75,3.5,5.0,D,,,,,2,,,,,,,,,,,,,,,,,,,,0.0,0.0,0.0,0.0,,,,
2009-08-31,2009,Benfica,Setubal,8.0,1.0,H,O,1.22,5.5,15.0,H,,,,,2,,,,,,,,,,,,,,,,,,,,0.0,0.0,0.0,100.0,,,,
2009-08-30,2009,Sp Braga,Belenenses,3.0,1.0,H,O,1.5,3.75,7.5,H,,,,,2,,,,,,,,,,,,,,,,,,,,100.0,0.0,0.0,0.0,,,,
2009-08-30,2009,Leixoes,Rio Ave,0.0,0.0,D,U,2.2,3.2,3.4,D,,,,,2,,,,,,,,,,,,,,,,,,,,0.0,0.0,0.0,0.0,,,,
2009-08-30,2009,Leiria,Maritimo,0.0,0.0,D,U,2.75,3.0,2.7,D,,,,,2,,,,,,,,,,,,,,,,,,,,0.0,0.0,0.0,0.0,,,,
2009-08-30,2009,Academica,Sp Lisbon,0.0,2.0,A,U,6.0,3.4,1.67,D,,,,,2,,,,,,,,,,,,,,,,,,,,0.0,0.0,0.0,0.0,,,,
2009-08-29,2009,Pacos Ferreira,Guimaraes,0.0,0.0,D,U,2.63,3.0,2.88,D,,,,,2,,,,,,,,,,,,,,,,,,,,0.0,0.0,0.0,0.0,,,,
2009-08-29,2009,Naval,Porto,1.0,3.0,A,O,8.0,4.0,1.44,A,,,,,2,,,,,,,,,,,,,,,,,,,,0.0,0.0,0.0,0.0,,,,
2009-08-24,2009,Belenenses,Naval,2.0,0.0,H,U,1.95,3.1,3.8,D,,,,,1,,,,,,,,,,,,,,,,,,,,,,,,,,,
2009-08-23,2009,Rio Ave,Setubal,1.0,0.0,H,U,2.1,3.1,3.4,H,,,,,1,,,,,,,,,,,,,,,,,,,,,,,,,,,
2009-08-23,2009,Porto,Nacional,3.0,0.0,H,O,1.36,4.33,7.5,D,,,,,1,,,,,,,,,,,,,,,,,,,,,,,,,,,
2009-08-23,2009,Maritimo,Leixoes,1.0,0.0,H,U,1.83,3.3,4.33,D,,,,,1,,,,,,,,,,,,,,,,,,,,,,,,,,,
2009-08-23,2009,Guimaraes,Benfica,0.0,1.0,A,U,3.6,3.25,1.85,D,,,,,1,,,,,,,,,,,,,,,,,,,,,,,,,,,
2009-08-22,2009,Sp Lisbon,Sp Braga,1.0,2.0,A,O,1.67,3.4,4.75,A,,,,,1,,,,,,,,,,,,,,,,,,,,,,,,,,,
2009-08-22,2009,Academica,Pacos Ferreira,1.0,1.0,D,U,2.3,3.1,3.0,D,,,,,1,,,,,,,,,,,,,,,,,,,,,,,,,,,
2009-08-21,2009,Olhanense,Leiria,0.0,0.0,D,U,2.15,3.1,3.6,D,,,,,1,,,,,,,,,,,,,,,,,,,,,,,,,,,
2009-08-17,2009,Setubal,Guimaraes,0.0,0.0,D,U,3.0,3.0,2.5,D,,,,,1,,,,,,,,,,,,,,,,,,,,,,,,,,,
2009-08-16,2009,Pacos Ferreira,Porto,1.0,1.0,D,U,8.0,4.0,1.44,H,,,,,1,,,,,,,,,,,,,,,,,,,,,,,,,,,
2009-08-16,2009,Naval,Olhanense,0.0,0.0,D,U,2.1,3.25,3.6,D,,,,,1,,,,,,,,,,,,,,,,,,,,,,,,,,,
2009-08-16,2009,Leiria,Rio Ave,1.0,1.0,D,U,2.2,3.2,3.4,A,,,,,1,,,,,,,,,,,,,,,,,,,,,,,,,,,
2009-08-16,2009,Benfica,Maritimo,1.0,1.0,D,U,1.44,4.0,8.0,A,,,,,1,,,,,,,,,,,,,,,,,,,,,,,,,,,
2009-08-15,2009,Sp Braga,Academica,1.0,0.0,H,U,1.62,3.6,6.0,D,,,,,1,,,,,,,,,,,,,,,,,,,,,,,,,,,
2009-08-15,2009,Nacional,Sp Lisbon,1.0,1.0,D,U,3.6,3.25,2.1,H,,,,,1,,,,,,,,,,,,,,,,,,,,,,,,,,,
2009-08-14,2009,Leixoes,Belenenses,0.0,0.0,D,U,2.1,3.2,3.75,D,,,,,1,,,,,,,,,,,,,,,,,,,,,,,,,,,
2009-05-24,2008,Sp Lisbon,Nacional,3.0,1.0,H,O,1.67,3.5,4.75,H,,,,,15,4.0,3.0,0.0,1.0,9.0,7.0,2.0,3.0,3.0,0.0,6.0,4.0,2.0,2.0,1.0,1.0,0.0,0.0,0.0,71.4,21.4,50.0,35.7,,,,
2009-05-24,2008,Porto,Sp Braga,1.0,1.0,D,U,1.5,3.6,6.5,H,,,,,15,4.0,2.0,0.0,0.0,8.0,9.0,-1.0,0.0,1.0,-1.0,8.0,8.0,0.0,3.0,2.0,1.0,0.0,0.0,0.0,64.3,7.1,35.7,14.3,,,,
2009-05-23,2008,Rio Ave,Est Amadora,2.0,1.0,H,O,1.83,3.2,4.2,H,,,,,15,1.0,0.0,1.0,2.0,3.0,3.0,0.0,5.0,7.0,-2.0,-2.0,-4.0,2.0,0.0,0.0,0.0,1.0,1.0,0.0,35.7,35.7,7.1,50.0,,,,
2009-05-23,2008,Pacos Ferreira,Trofense,1.0,0.0,H,U,2.7,3.25,2.4,D,,,,,15,2.0,0.0,0.0,2.0,8.0,4.0,4.0,3.0,6.0,-3.0,5.0,-2.0,7.0,1.0,0.0,1.0,0.0,0.0,0.0,42.9,28.6,14.3,64.3,,,,
2009-05-23,2008,Naval,Setubal,2.0,2.0,D,O,3.0,3.25,2.38,H,,,,,15,1.0,1.0,1.0,3.0,1.0,3.0,-2.0,1.0,6.0,-5.0,0.0,-3.0,3.0,0.0,0.0,0.0,0.0,1.0,-1.0,35.7,35.7,7.1,64.3,,,,
2009-05-23,2008,Leixoes,Maritimo,1.0,0.0,H,U,2.3,3.2,3.25,D,,,,,15,1.0,0.0,2.0,2.0,3.0,5.0,-2.0,4.0,7.0,-3.0,-1.0,-2.0,1.0,0.0,0.0,0.0,0.0,0.0,0.0,28.6,28.6,21.4,42.9,,,,
2009-05-23,2008,Guimaraes,Academica,3.0,2.0,H,O,2.1,3.2,3.6,D,,,,,15,1.0,2.0,3.0,0.0,3.0,4.0,-1.0,6.0,2.0,4.0,-3.0,2.0,-5.0,0.0,0.0,0.0,1.0,0.0,1.0,28.6,42.9,14.3,57.1,,,,
2009-05-23,2008,Benfica,Belenenses,3.0,1.0,H,O,1.8,3.6,4.5,D,,,,,15,1.0,0.0,2.0,3.0,5.0,3.0,2.0,6.0,7.0,-1.0,-1.0,-4.0,3.0,0.0,0.0,0.0,0.0,1.0,-1.0,57.1,14.3,7.1,57.1,,,,
2009-05-17,2008,Sp Braga,Benfica,1.0,3.0,A,O,2.5,3.0,2.75,A,,,,,15,2.0,3.0,0.0,1.0,4.0,9.0,-5.0,2.0,5.0,-3.0,2.0,4.0,-2.0,0.0,1.0,-1.0,0.0,1.0,-1.0,57.1,21.4,50.0,21.4,,,,
2009-05-17,2008,Nacional,Pacos Ferreira,1.0,0.0,H,U,1.62,3.4,5.5,D,,,,,15,2.0,1.0,0.0,2.0,8.0,3.0,5.0,4.0,4.0,0.0,4.0,-1.0,5.0,2.0,1.0,1.0,0.0,1.0,-1.0,50.0,14.3,14.3,64.3,,,,
2009-05-16,2008,Trofense,Porto,1.0,4.0,A,O,4.5,3.4,1.73,A,,,,,15,1.0,4.0,2.0,0.0,4.0,13.0,-9.0,5.0,2.0,3.0,-1.0,11.0,-12.0,0.0,4.0,-4.0,0.0,0.0,0.0,21.4,42.9,78.6,7.1,,,,
2009-05-16,2008,Setubal,Leixoes,0.0,1.0,A,U,1.8,3.2,4.5,A,,,,,15,2.0,0.0,2.0,4.0,4.0,2.0,2.0,8.0,9.0,-1.0,-4.0,-7.0,3.0,1.0,0.0,1.0,2.0,1.0,1.0,42.9,57.1,42.9,35.7,,,,
2009-05-16,2008,Maritimo,Sp Lisbon,1.0,2.0,A,O,4.75,3.3,1.7,A,,,,,15,1.0,2.0,1.0,0.0,7.0,3.0,4.0,6.0,1.0,5.0,1.0,2.0,-1.0,1.0,0.0,1.0,1.0,0.0,1.0,42.9,21.4,57.1,7.1,,,,
2009-05-16,2008,Est Amadora,Guimaraes,1.0,0.0,H,U,2.4,3.0,2.9,D,,,,,15,1.0,1.0,2.0,1.0,5.0,4.0,1.0,7.0,4.0,3.0,-2.0,0.0,-2.0,0.0,0.0,0.0,1.0,0.0,1.0,42.9,28.6,35.7,35.7,,,,
2009-05-16,2008,Belenenses,Rio Ave,1.0,0.0,H,U,2.3,3.0,3.1,D,,,,,15,1.0,2.0,2.0,2.0,5.0,2.0,3.0,10.0,3.0,7.0,-5.0,-1.0,-4.0,0.0,0.0,0.0,1.0,1.0,0.0,21.4,50.0,14.3,71.4,,,,
2009-05-16,2008,Academica,Naval,3.0,1.0,H,O,2.0,3.0,4.0,A,,,,,15,2.0,1.0,1.0,3.0,2.0,3.0,-1.0,3.0,7.0,-4.0,-1.0,-4.0,3.0,0.0,0.0,0.0,1.0,2.0,-1.0,50.0,14.3,14.3,64.3,,,,
2009-05-11,2008,Belenenses,Sp Braga,0.0,5.0,A,O,2.75,3.2,2.4,A,,,,,14,1.0,1.0,2.0,0.0,6.0,6.0,0.0,7.0,3.0,4.0,-1.0,3.0,-4.0,0.0,1.0,-1.0,0.0,0.0,0.0,23.1,46.2,30.8,15.4,,,,
2009-05-10,2008,Porto,Nacional,1.0,0.0,H,U,1.36,4.2,8.0,D,,,,,14,3.0,3.0,0.0,1.0,7.0,7.0,0.0,0.0,4.0,-4.0,7.0,3.0,4.0,3.0,1.0,2.0,0.0,1.0,-1.0,61.5,7.7,53.8,30.8,,,,
2009-05-10,2008,Pacos Ferreira,Maritimo,2.0,1.0,H,O,2.25,3.1,3.1,A,,,,,14,2.0,0.0,0.0,1.0,8.0,5.0,3.0,2.0,6.0,-4.0,6.0,-1.0,7.0,2.0,0.0,2.0,0.0,0.0,0.0,38.5,30.8,23.1,38.5,,,,
2009-05-10,2008,Naval,Est Amadora,0.0,0.0,D,U,2.2,3.1,3.2,D,,,,,14,1.0,0.0,2.0,2.0,2.0,4.0,-2.0,3.0,8.0,-5.0,-1.0,-4.0,3.0,0.0,0.0,0.0,0.0,1.0,-1.0,38.5,38.5,7.7,53.8,,,,
2009-05-10,2008,Leixoes,Academica,0.0,1.0,A,U,2.0,3.2,3.5,A,,,,,14,1.0,1.0,2.0,1.0,4.0,4.0,0.0,7.0,5.0,2.0,-3.0,-1.0,-2.0,0.0,0.0,0.0,1.0,1.0,0.0,30.8,23.1,7.7,61.5,,,,
2009-05-09,2008,Sp Lisbon,Setubal,2.0,1.0,H,O,1.2,5.5,12.0,D,,,,,14,4.0,1.0,0.0,3.0,9.0,3.0,6.0,2.0,9.0,-7.0,7.0,-6.0,13.0,3.0,0.0,3.0,0.0,2.0,-2.0,69.2,23.1,7.7,61.5,,,,
2009-05-09,2008,Benfica,Trofense,2.0,2.0,D,O,1.22,5.5,11.0,H,,,,,14,2.0,0.0,2.0,3.0,5.0,2.0,3.0,5.0,5.0,0.0,0.0,-3.0,3.0,0.0,0.0,0.0,0.0,0.0,0.0,61.5,15.4,15.4,69.2,,,,
2009-05-08,2008,Guimaraes,Rio Ave,0.0,1.0,A,U,2.15,3.2,3.5,A,,,,,14,2.0,1.0,2.0,3.0,6.0,1.0,5.0,6.0,5.0,1.0,0.0,-4.0,4.0,1.0,0.0,1.0,1.0,2.0,-1.0,30.8,38.5,7.7,76.9,,,,
2009-05-04,2008,Trofense,Belenenses,2.0,1.0,H,O,2.25,3.1,3.1,H,,,,,14,0.0,0.0,2.0,2.0,4.0,4.0,0.0,6.0,7.0,-1.0,-2.0,-3.0,1.0,0.0,0.0,0.0,0.0,1.0,-1.0,15.4,46.2,7.7,53.8,,,,
2009-05-03,2008,Setubal,Pacos Ferreira,2.0,1.0,H,O,2.25,3.1,3.1,H,,,,,14,2.0,1.0,2.0,2.0,4.0,4.0,0.0,8.0,5.0,3.0,-4.0,-1.0,-3.0,1.0,1.0,0.0,2.0,1.0,1.0,38.5,61.5,15.4,61.5,,,,
2009-05-03,2008,Maritimo,Porto,0.0,3.0,A,O,5.5,3.6,1.57,A,,,,,14,2.0,4.0,0.0,0.0,8.0,12.0,-4.0,3.0,2.0,1.0,5.0,10.0,-5.0,1.0,4.0,-3.0,0.0,0.0,0.0,46.2,15.4,76.9,7.7,,,,
2009-05-03,2008,Guimaraes,Naval,1.0,0.0,H,U,1.9,3.25,3.75,D,,,,,13,1.0,1.0,3.0,2.0,5.0,5.0,0.0,7.0,8.0,-1.0,-2.0,-3.0,1.0,1.0,0.0,1.0,1.0,2.0,-1.0,25.0,41.7,15.4,61.5,,,,
2009-05-03,2008,Est Amadora,Leixoes,2.0,1.0,H,O,2.3,3.1,3.0,H,,,,,14,1.0,1.0,2.0,3.0,4.0,2.0,2.0,6.0,7.0,-1.0,-2.0,-5.0,3.0,0.0,0.0,0.0,1.0,1.0,0.0,38.5,30.8,46.2,30.8,,,,
2009-05-02,2008,Nacional,Benfica,3.0,1.0,H,O,3.75,3.25,1.9,D,,,,,14,2.0,3.0,0.0,1.0,8.0,10.0,-2.0,3.0,5.0,-2.0,5.0,5.0,0.0,2.0,1.0,1.0,0.0,0.0,0.0,46.2,15.4,53.8,15.4,,,,
2009-05-02,2008,Academica,Sp Lisbon,0.0,0.0,D,U,5.5,3.6,1.57,D,,,,,14,3.0,3.0,1.0,0.0,5.0,5.0,0.0,4.0,2.0,2.0,1.0,3.0,-2.0,1.0,0.0,1.0,1.0,0.0,1.0,53.8,15.4,61.5,7.7,,,,
2009-05-01,2008,Rio Ave,Sp Braga,0.0,0.0,D,U,3.25,3.0,2.35,D,,,,,14,2.0,2.0,1.0,0.0,4.0,8.0,-4.0,5.0,4.0,1.0,-1.0,4.0,-5.0,0.0,1.0,-1.0,1.0,0.0,1.0,38.5,38.5,33.3,16.7,,,,
2009-04-27,2008,Pacos Ferreira,Academica,1.0,1.0,D,U,2.1,3.1,3.4,H,,,,,13,2.0,1.0,1.0,2.0,7.0,4.0,3.0,3.0,6.0,-3.0,4.0,-2.0,6.0,2.0,0.0,2.0,1.0,1.0,0.0,41.7,33.3,8.3,66.7,,,,
2009-04-27,2008,Leixoes,Guimaraes,2.0,2.0,D,O,2.4,3.0,2.9,H,,,,,13,1.0,1.0,2.0,2.0,4.0,2.0,2.0,7.0,5.0,2.0,-3.0,-3.0,0.0,0.0,0.0,0.0,1.0,1.0,0.0,33.3,25.0,38.5,38.5,,,,
2009-04-26,2008,Porto,Setubal,2.0,0.0,H,U,1.2,5.5,13.0,D,,,,,13,3.0,1.0,0.0,3.0,8.0,3.0,5.0,1.0,8.0,-7.0,7.0,-5.0,12.0,3.0,0.0,3.0,0.0,1.0,-1.0,58.3,8.3,8.3,58.3,,,,
2009-04-26,2008,Naval,Rio Ave,0.0,1.0,A,U,2.05,3.25,3.4,A,,,,,13,1.0,0.0,2.0,4.0,3.0,1.0,2.0,4.0,8.0,-4.0,-1.0,-7.0,6.0,0.0,0.0,0.0,0.0,3.0,-3.0,41.7,33.3,0.0,83.3,,,,
2009-04-26,2008,Benfica,Maritimo,3.0,2.0,H,O,1.4,4.2,7.5,H,,,,,13,2.0,0.0,2.0,1.0,5.0,4.0,1.0,5.0,6.0,-1.0,0.0,-2.0,2.0,0.0,0.0,0.0,0.0,1.0,-1.0,58.3,16.7,25.0,33.3,,,,
2009-04-26,2008,Belenenses,Nacional,1.0,2.0,A,O,2.5,3.0,2.8,D,,,,,13,1.0,2.0,2.0,2.0,6.0,5.0,1.0,7.0,4.0,3.0,-1.0,1.0,-2.0,0.0,1.0,-1.0,0.0,1.0,-1.0,25.0,41.7,50.0,33.3,,,,
2009-04-25,2008,Sp Lisbon,Est Amadora,2.0,1.0,H,O,1.22,5.0,12.0,D,,,,,13,4.0,0.0,0.0,2.0,10.0,3.0,7.0,3.0,7.0,-4.0,7.0,-4.0,11.0,3.0,0.0,3.0,0.0,1.0,-1.0,66.7,25.0,8.3,50.0,,,,
2009-04-24,2008,Sp Braga,Trofense,1.0,0.0,H,U,1.4,4.2,9.0,D,,,,,14,1.0,1.0,1.0,2.0,3.0,3.0,0.0,3.0,4.0,-1.0,0.0,-1.0,1.0,0.0,0.0,0.0,0.0,0.0,0.0,53.8,23.1,16.7,66.7,,,,
2009-04-20,2008,Naval,Leixoes,1.0,0.0,H,U,2.2,3.1,3.2,H,,,,,12,0.0,1.0,3.0,2.0,2.0,2.0,0.0,8.0,6.0,2.0,-6.0,-4.0,-2.0,0.0,0.0,0.0,1.0,1.0,0.0,36.4,36.4,50.0,25.0,,,,
2009-04-19,2008,Setubal,Benfica,0.0,4.0,A,O,5.5,3.4,1.62,A,,,,,13,2.0,2.0,2.0,1.0,6.0,7.0,-1.0,8.0,6.0,2.0,-2.0,1.0,-3.0,1.0,0.0,1.0,2.0,0.0,2.0,41.7,58.3,50.0,16.7,,,,
2009-04-19,2008,Rio Ave,Trofense,2.0,1.0,H,O,2.1,3.1,3.4,H,,,,,13,2.0,1.0,1.0,2.0,3.0,2.0,1.0,4.0,4.0,0.0,-1.0,-2.0,1.0,0.0,0.0,0.0,1.0,1.0,0.0,33.3,41.7,18.2,63.6,,,,
2009-04-19,2008,Maritimo,Belenenses,1.0,1.0,D,U,1.67,3.4,5.0,D,,,,,13,3.0,0.0,0.0,2.0,8.0,4.0,4.0,2.0,7.0,-5.0,6.0,-3.0,9.0,1.0,0.0,1.0,0.0,1.0,-1.0,50.0,16.7,8.3,58.3,,,,
2009-04-19,2008,Academica,Porto,0.0,3.0,A,O,5.5,3.6,1.57,D,,,,,13,3.0,4.0,0.0,0.0,7.0,12.0,-5.0,3.0,3.0,0.0,4.0,9.0,-5.0,1.0,4.0,-3.0,0.0,0.0,0.0,58.3,8.3,75.0,8.3,,,,
2009-04-18,2008,Nacional,Sp Braga,1.0,1.0,D,U,2.4,3.0,2.9,A,,,,,13,2.0,3.0,0.0,0.0,7.0,10.0,-3.0,2.0,5.0,-3.0,5.0,5.0,0.0,2.0,1.0,1.0,0.0,0.0,0.0,50.0,16.7,36.4,18.2,,,,
2009-04-18,2008,Guimaraes,Sp Lisbon,1.0,2.0,A,O,4.2,3.2,1.85,D,,,,,12,2.0,2.0,2.0,0.0,6.0,3.0,3.0,6.0,1.0,5.0,0.0,2.0,-2.0,1.0,0.0,1.0,1.0,0.0,1.0,27.3,36.4,58.3,8.3,,,,
2009-04-17,2008,Est Amadora,Pacos Ferreira,0.0,2.0,A,U,2.15,3.1,3.6,A,,,,,13,1.0,0.0,1.0,3.0,4.0,2.0,2.0,4.0,7.0,-3.0,0.0,-5.0,5.0,0.0,0.0,0.0,0.0,2.0,-2.0,41.7,25.0,8.3,66.7,,,,
2009-04-13,2008,Trofense,Nacional,1.0,2.0,A,O,3.2,3.0,2.38,A,,,,,13,0.0,2.0,1.0,2.0,3.0,7.0,-4.0,4.0,3.0,1.0,-1.0,4.0,-5.0,0.0,2.0,-2.0,0.0,1.0,-1.0,16.7,41.7,45.5,36.4,,,,
2009-04-11,2008,Sp Lisbon,Naval,3.0,1.0,H,O,1.3,4.75,12.0,H,,,,,12,3.0,1.0,1.0,2.0,9.0,4.0,5.0,5.0,6.0,-1.0,4.0,-2.0,6.0,2.0,0.0,2.0,0.0,1.0,-1.0,63.6,27.3,16.7,58.3,,,,
2009-04-11,2008,Porto,Est Amadora,3.0,0.0,H,O,1.29,5.5,10.0,H,,,,,12,2.0,0.0,0.0,1.0,6.0,5.0,1.0,2.0,6.0,-4.0,4.0,-1.0,5.0,2.0,0.0,2.0,0.0,0.0,0.0,54.5,9.1,9.1,45.5,,,,
2009-04-11,2008,Leixoes,Rio Ave,1.0,0.0,H,U,1.83,3.2,4.5,D,,,,,12,1.0,0.0,2.0,4.0,5.0,1.0,4.0,7.0,8.0,-1.0,-2.0,-7.0,5.0,1.0,0.0,1.0,1.0,3.0,-2.0,27.3,27.3,0.0,81.8,,,,
2009-04-11,2008,Benfica,Academica,0.0,1.0,A,U,1.36,4.5,9.0,A,,,,,12,3.0,0.0,1.0,3.0,6.0,3.0,3.0,4.0,7.0,-3.0,2.0,-4.0,6.0,0.0,0.0,0.0,0.0,1.0,-1.0,63.6,9.1,0.0,72.7,,,,
2009-04-11,2008,Belenenses,Setubal,2.0,1.0,H,O,2.0,3.1,4.2,H,,,,,12,0.0,1.0,3.0,2.0,5.0,2.0,3.0,9.0,6.0,3.0,-4.0,-4.0,0.0,0.0,0.0,0.0,1.0,1.0,0.0,18.2,45.5,9.1,54.5,,,,
2009-04-10,2008,Sp Braga,Maritimo,1.0,1.0,D,U,1.83,3.25,4.75,D,,,,,13,2.0,0.0,1.0,2.0,4.0,4.0,0.0,2.0,7.0,-5.0,2.0,-3.0,5.0,1.0,0.0,1.0,0.0,1.0,-1.0,58.3,25.0,27.3,36.4,,,,
2009-04-10,2008,Pacos Ferreira,Guimaraes,1.0,1.0,D,U,2.7,3.0,2.8,D,,,,,12,2.0,2.0,1.0,2.0,7.0,5.0,2.0,3.0,6.0,-3.0,4.0,-1.0,5.0,2.0,1.0,1.0,1.0,1.0,0.0,45.5,36.4,41.7,41.7,,,,
2009-04-06,2008,Rio Ave,Nacional,0.0,3.0,A,O,2.7,3.0,2.55,A,,,,,12,2.0,2.0,1.0,2.0,3.0,7.0,-4.0,2.0,5.0,-3.0,1.0,2.0,-1.0,0.0,1.0,-1.0,0.0,1.0,-1.0,36.4,36.4,40.0,40.0,,,,
2009-04-05,2008,Setubal,Sp Braga,0.0,3.0,A,O,3.25,3.0,2.2,D,,,,,12,2.0,2.0,2.0,1.0,6.0,7.0,-1.0,6.0,6.0,0.0,0.0,1.0,-1.0,1.0,0.0,1.0,1.0,0.0,1.0,45.5,54.5,30.0,20.0,,,,
2009-04-05,2008,Naval,Pacos Ferreira,0.0,0.0,D,U,2.15,3.0,3.4,D,,,,,11,1.0,1.0,3.0,3.0,4.0,5.0,-1.0,9.0,8.0,1.0,-5.0,-3.0,-2.0,0.0,1.0,-1.0,1.0,2.0,-1.0,40.0,40.0,9.1,72.7,,,,
2009-04-05,2008,Maritimo,Trofense,1.0,1.0,D,U,1.53,3.8,5.5,D,,,,,12,3.0,1.0,0.0,2.0,7.0,1.0,6.0,1.0,3.0,-2.0,6.0,-2.0,8.0,1.0,0.0,1.0,0.0,1.0,-1.0,54.5,18.2,20.0,70.0,,,,
2009-04-05,2008,Leixoes,Sp Lisbon,0.0,1.0,A,U,4.2,3.3,1.8,A,,,,,11,1.0,1.0,1.0,0.0,5.0,3.0,2.0,6.0,2.0,4.0,-1.0,1.0,-2.0,1.0,0.0,1.0,1.0,0.0,1.0,30.0,20.0,54.5,9.1,,,,
2009-04-05,2008,Est Amadora,Benfica,1.0,2.0,A,O,5.0,3.4,1.66,A,,,,,12,2.0,1.0,0.0,1.0,5.0,5.0,0.0,2.0,5.0,-3.0,3.0,0.0,3.0,1.0,0.0,1.0,0.0,0.0,0.0,45.5,18.2,45.5,18.2,,,,
2009-04-04,2008,Guimaraes,Porto,1.0,3.0,A,O,4.0,3.4,1.8,H,,,,,11,2.0,4.0,1.0,0.0,5.0,11.0,-6.0,3.0,2.0,1.0,2.0,9.0,-7.0,1.0,4.0,-3.0,0.0,0.0,0.0,30.0,30.0,72.7,9.1,,,,
2009-04-03,2008,Academica,Belenenses,1.0,0.0,H,U,2.15,3.1,3.6,D,,,,,12,3.0,1.0,0.0,1.0,8.0,5.0,3.0,4.0,6.0,-2.0,4.0,-1.0,5.0,1.0,0.0,1.0,0.0,1.0,-1.0,54.5,9.1,9.1,54.5,,,,
2009-03-16,2008,Nacional,Maritimo,1.0,1.0,D,U,2.1,3.2,3.3,H,,,,,12,2.0,0.0,0.0,3.0,7.0,3.0,4.0,2.0,8.0,-6.0,5.0,-5.0,10.0,2.0,0.0,2.0,0.0,2.0,-2.0,54.5,18.2,30.0,40.0,,,,
2009-03-15,2008,Trofense,Setubal,0.0,1.0,A,U,2.1,3.0,3.5,A,,,,,12,0.0,0.0,1.0,2.0,4.0,1.0,3.0,6.0,6.0,0.0,-2.0,-5.0,3.0,0.0,0.0,0.0,1.0,1.0,0.0,18.2,36.4,0.0,60.0,,,,
2009-03-15,2008,Sp Braga,Academica,1.0,1.0,D,U,1.57,3.5,5.75,A,,,,,12,2.0,0.0,2.0,4.0,3.0,3.0,0.0,3.0,8.0,-5.0,0.0,-5.0,5.0,1.0,0.0,1.0,1.0,1.0,0.0,63.6,27.3,0.0,80.0,,,,
2009-03-15,2008,Porto,Naval,2.0,0.0,H,U,1.2,5.5,10.0,H,,,,,11,1.0,2.0,0.0,1.0,4.0,5.0,-1.0,2.0,4.0,-2.0,2.0,1.0,1.0,1.0,0.0,1.0,0.0,0.0,0.0,50.0,10.0,18.2,54.5,,,,
2009-03-15,2008,Belenenses,Est Amadora,2.0,2.0,D,O,2.1,3.0,3.5,A,,,,,11,0.0,0.0,3.0,1.0,3.0,3.0,0.0,7.0,4.0,3.0,-4.0,-1.0,-3.0,0.0,0.0,0.0,1.0,0.0,1.0,20.0,50.0,10.0,50.0,,,,
2009-03-14,2008,Sp Lisbon,Rio Ave,2.0,0.0,H,U,1.2,5.5,10.0,H,,,,,11,3.0,0.0,1.0,4.0,9.0,1.0,8.0,5.0,8.0,-3.0,4.0,-7.0,11.0,2.0,0.0,2.0,0.0,3.0,-3.0,60.0,30.0,0.0,80.0,,,,
2009-03-14,2008,Benfica,Guimaraes,0.0,1.0,A,U,1.36,4.2,7.0,D,,,,,11,4.0,1.0,0.0,3.0,7.0,5.0,2.0,3.0,8.0,-5.0,4.0,-3.0,7.0,0.0,1.0,-1.0,0.0,1.0,-1.0,70.0,0.0,36.4,45.5,,,,
2009-03-13,2008,Pacos Ferreira,Leixoes,4.0,0.0,H,O,2.62,3.0,2.88,H,,,,,11,1.0,1.0,2.0,1.0,5.0,2.0,3.0,6.0,2.0,4.0,-1.0,0.0,-1.0,1.0,0.0,1.0,1.0,0.0,1.0,40.0,40.0,54.5,18.2,,,,
2009-03-09,2008,Setubal,Nacional,2.0,0.0,H,U,2.87,3.1,2.4,H,,,,,11,1.0,2.0,3.0,1.0,4.0,7.0,-3.0,8.0,3.0,5.0,-4.0,4.0,-8.0,0.0,1.0,-1.0,2.0,0.0,2.0,40.0,60.0,44.4,33.3,,,,
2009-03-08,2008,Naval,Benfica,1.0,2.0,A,O,5.75,3.4,1.6,A,,,,,10,1.0,0.0,2.0,2.0,3.0,3.0,0.0,7.0,6.0,1.0,-4.0,-3.0,-1.0,0.0,0.0,0.0,1.0,1.0,0.0,44.4,33.3,40.0,20.0,,,,
2009-03-08,2008,Guimaraes,Belenenses,3.0,1.0,H,O,1.8,3.3,4.25,H,,,,,10,2.0,1.0,1.0,1.0,3.0,4.0,-1.0,2.0,5.0,-3.0,1.0,-1.0,2.0,0.0,0.0,0.0,0.0,1.0,-1.0,22.2,33.3,10.0,50.0,,,,
2009-03-08,2008,Est Amadora,Sp Braga,2.0,2.0,D,O,3.0,3.1,2.3,H,,,,,11,3.0,2.0,0.0,1.0,4.0,5.0,-1.0,0.0,4.0,-4.0,4.0,1.0,3.0,1.0,0.0,1.0,0.0,0.0,0.0,50.0,20.0,33.3,22.2,,,,
2009-03-08,2008,Academica,Trofense,1.0,0.0,H,U,1.85,3.3,4.0,D,,,,,11,2.0,1.0,0.0,2.0,7.0,3.0,4.0,4.0,5.0,-1.0,3.0,-2.0,5.0,1.0,0.0,1.0,0.0,1.0,-1.0,50.0,10.0,22.2,66.7,,,,
2009-03-07,2008,Sp Lisbon,Pacos Ferreira,2.0,0.0,H,U,1.28,5.25,10.0,H,,,,,10,2.0,1.0,1.0,3.0,7.0,6.0,1.0,5.0,10.0,-5.0,2.0,-4.0,6.0,1.0,1.0,0.0,0.0,2.0,-2.0,55.6,33.3,10.0,70.0,,,,
2009-03-07,2008,Leixoes,Porto,1.0,4.0,A,O,4.2,3.3,1.9,A,,,,,10,1.0,4.0,0.0,0.0,5.0,11.0,-6.0,3.0,3.0,0.0,2.0,8.0,-6.0,1.0,4.0,-3.0,0.0,0.0,0.0,33.3,11.1,70.0,10.0,,,,
2009-03-06,2008,Rio Ave,Maritimo,1.0,1.0,D,U,2.87,3.0,2.62,D,,,,,11,2.0,0.0,2.0,3.0,4.0,2.0,2.0,5.0,7.0,-2.0,-1.0,-5.0,4.0,0.0,0.0,0.0,1.0,2.0,-1.0,40.0,40.0,33.3,44.4,,,,
2009-03-02,2008,Sp Braga,Guimaraes,1.0,0.0,H,U,1.75,3.4,4.5,H,,,,,11,2.0,2.0,2.0,2.0,4.0,9.0,-5.0,3.0,9.0,-6.0,1.0,0.0,1.0,2.0,2.0,0.0,1.0,1.0,0.0,60.0,30.0,40.0,40.0,,,,
2009-03-01,2008,Trofense,Est Amadora,1.0,1.0,D,U,2.25,3.0,3.1,A,,,,,11,1.0,0.0,1.0,1.0,5.0,3.0,2.0,5.0,4.0,1.0,0.0,-1.0,1.0,1.0,0.0,1.0,1.0,0.0,1.0,20.0,40.0,11.1,55.6,,,,
2009-03-01,2008,Maritimo,Setubal,5.0,1.0,H,O,1.57,3.6,5.5,H,,,,,11,3.0,0.0,0.0,2.0,6.0,0.0,6.0,1.0,3.0,-2.0,5.0,-3.0,8.0,1.0,0.0,1.0,0.0,1.0,-1.0,50.0,20.0,0.0,55.6,,,,
2009-03-01,2008,Belenenses,Naval,1.0,2.0,A,O,2.0,3.2,3.75,D,,,,,10,1.0,1.0,2.0,2.0,5.0,3.0,2.0,7.0,4.0,3.0,-2.0,-1.0,-1.0,0.0,0.0,0.0,1.0,0.0,1.0,22.2,44.4,10.0,60.0,,,,
2009-02-28,2008,Porto,Sp Lisbon,0.0,0.0,D,U,1.83,3.4,4.2,D,,,,,10,1.0,2.0,0.0,0.0,4.0,5.0,-1.0,2.0,2.0,0.0,2.0,3.0,-1.0,1.0,1.0,0.0,0.0,0.0,0.0,55.6,11.1,60.0,10.0,,,,
2009-02-28,2008,Pacos Ferreira,Rio Ave,2.0,0.0,H,U,2.0,3.2,3.5,D,,,,,10,1.0,0.0,2.0,4.0,5.0,1.0,4.0,6.0,7.0,-1.0,-1.0,-6.0,5.0,1.0,0.0,1.0,1.0,2.0,-1.0,33.3,44.4,0.0,77.8,,,,
2009-02-28,2008,Nacional,Academica,3.0,1.0,H,O,1.66,3.4,5.0,D,,,,,11,1.0,0.0,1.0,3.0,6.0,2.0,4.0,5.0,5.0,0.0,1.0,-3.0,4.0,1.0,0.0,1.0,1.0,0.0,1.0,50.0,20.0,0.0,77.8,,,,
2009-02-27,2008,Benfica,Leixoes,2.0,1.0,H,O,1.57,3.6,7.0,H,,,,,10,3.0,1.0,0.0,0.0,5.0,1.0,4.0,2.0,0.0,2.0,3.0,1.0,2.0,0.0,0.0,0.0,0.0,0.0,0.0,66.7,0.0,60.0,10.0,,,,
2009-02-23,2008,Leixoes,Belenenses,2.0,2.0,D,O,1.8,3.25,4.33,A,,,,,9,1.0,1.0,0.0,2.0,4.0,4.0,0.0,2.0,7.0,-5.0,2.0,-3.0,5.0,1.0,0.0,1.0,0.0,2.0,-2.0,37.5,12.5,11.1,55.6,,,,
2009-02-22,2008,Naval,Sp Braga,1.0,2.0,A,O,3.1,3.1,2.2,D,,,,,9,1.0,1.0,2.0,1.0,2.0,3.0,-1.0,6.0,3.0,3.0,-4.0,0.0,-4.0,0.0,0.0,0.0,1.0,0.0,1.0,50.0,25.0,25.0,25.0,,,,
2009-02-22,2008,Guimaraes,Trofense,0.0,1.0,A,U,1.66,3.4,5.0,D,,,,,9,2.0,0.0,0.0,3.0,3.0,2.0,1.0,1.0,6.0,-5.0,2.0,-4.0,6.0,0.0,0.0,0.0,0.0,1.0,-1.0,25.0,25.0,12.5,75.0,,,,
2009-02-22,2008,Est Amadora,Nacional,1.0,0.0,H,U,2.5,3.1,2.7,H,,,,,10,2.0,2.0,1.0,1.0,5.0,7.0,-2.0,4.0,3.0,1.0,1.0,4.0,-3.0,1.0,1.0,0.0,1.0,0.0,1.0,44.4,22.2,50.0,25.0,,,,
2009-02-22,2008,Academica,Maritimo,3.0,1.0,H,O,2.5,3.1,2.7,H,,,,,10,2.0,1.0,0.0,2.0,6.0,3.0,3.0,4.0,4.0,0.0,2.0,-1.0,3.0,0.0,1.0,-1.0,0.0,1.0,-1.0,44.4,11.1,37.5,37.5,,,,
2009-02-21,2008,Sp Lisbon,Benfica,3.0,2.0,H,O,2.25,3.1,3.1,D,,,,,9,2.0,1.0,1.0,1.0,6.0,7.0,-1.0,3.0,3.0,0.0,3.0,4.0,-1.0,2.0,1.0,1.0,0.0,1.0,-1.0,50.0,37.5,44.4,11.1,,,,
2009-02-21,2008,Rio Ave,Setubal,1.0,0.0,H,U,2.25,3.2,3.0,D,,,,,10,2.0,0.0,2.0,1.0,5.0,2.0,3.0,5.0,4.0,1.0,0.0,-2.0,2.0,1.0,0.0,1.0,1.0,1.0,0.0,33.3,44.4,0.0,50.0,,,,
2009-02-20,2008,Pacos Ferreira,Porto,0.0,2.0,A,U,6.0,3.75,1.57,A,,,,,9,2.0,4.0,1.0,0.0,6.0,13.0,-7.0,4.0,5.0,-1.0,2.0,8.0,-6.0,1.0,4.0,-3.0,0.0,0.0,0.0,37.5,37.5,66.7,11.1,,,,
2009-02-16,2008,Setubal,Academica,2.0,1.0,H,O,2.3,3.1,3.0,D,,,,,10,0.0,0.0,4.0,3.0,2.0,2.0,0.0,10.0,5.0,5.0,-8.0,-3.0,-5.0,0.0,0.0,0.0,3.0,0.0,3.0,33.3,66.7,0.0,75.0,,,,
2009-02-15,2008,Trofense,Naval,2.0,2.0,D,O,2.3,3.1,3.0,A,,,,,10,1.0,1.0,1.0,3.0,3.0,1.0,2.0,3.0,4.0,-1.0,0.0,-3.0,3.0,1.0,0.0,1.0,1.0,1.0,0.0,22.2,44.4,11.1,66.7,,,,
2009-02-15,2008,Porto,Rio Ave,3.0,1.0,H,O,1.16,6.0,15.0,H,,,,,9,1.0,0.0,0.0,4.0,3.0,0.0,3.0,2.0,6.0,-4.0,1.0,-6.0,7.0,0.0,0.0,0.0,0.0,2.0,-2.0,50.0,12.5,0.0,75.0,,,,
2009-02-15,2008,Benfica,Pacos Ferreira,3.0,2.0,H,O,1.2,5.5,13.0,D,,,,,9,2.0,1.0,0.0,3.0,4.0,5.0,-1.0,2.0,9.0,-7.0,2.0,-4.0,6.0,0.0,1.0,-1.0,0.0,2.0,-2.0,62.5,0.0,11.1,66.7,,,,
2009-02-14,2008,Sp Braga,Leixoes,0.0,1.0,A,U,1.61,3.5,5.5,D,,,,,10,3.0,0.0,1.0,1.0,5.0,0.0,5.0,2.0,1.0,1.0,3.0,-1.0,4.0,2.0,0.0,2.0,1.0,0.0,1.0,66.7,22.2,55.6,11.1,,,,
2009-02-14,2008,Maritimo,Est Amadora,1.0,0.0,H,U,1.72,3.25,4.75,D,,,,,10,2.0,0.0,1.0,1.0,5.0,3.0,2.0,7.0,4.0,3.0,-2.0,-1.0,-1.0,1.0,0.0,1.0,1.0,0.0,1.0,44.4,22.2,12.5,50.0,,,,
2009-02-14,2008,Belenenses,Sp Lisbon,1.0,2.0,A,O,5.0,3.4,1.66,D,,,,,9,1.0,2.0,2.0,0.0,4.0,6.0,-2.0,7.0,2.0,5.0,-3.0,4.0,-7.0,0.0,2.0,-2.0,2.0,0.0,2.0,25.0,37.5,55.6,11.1,,,,
2009-02-13,2008,Nacional,Guimaraes,3.0,0.0,H,O,2.2,3.1,3.5,D,,,,,10,1.0,2.0,1.0,1.0,7.0,9.0,-2.0,7.0,6.0,1.0,0.0,3.0,-3.0,1.0,2.0,-1.0,1.0,0.0,1.0,44.4,22.2,44.4,33.3,,,,
2009-02-09,2008,Pacos Ferreira,Belenenses,1.0,1.0,D,U,2.2,3.1,3.1,D,,,,,8,3.0,1.0,1.0,3.0,7.0,3.0,4.0,4.0,8.0,-4.0,3.0,-5.0,8.0,1.0,0.0,1.0,0.0,3.0,-3.0,42.9,42.9,12.5,62.5,,,,
2009-02-08,2008,Sp Lisbon,Sp Braga,2.0,3.0,A,O,1.7,3.3,4.75,D,,,,,8,2.0,0.0,1.0,1.0,4.0,1.0,3.0,1.0,2.0,-1.0,3.0,-1.0,4.0,2.0,0.0,2.0,0.0,0.0,0.0,57.1,28.6,14.3,28.6,,,,
2009-02-08,2008,Rio Ave,Academica,1.0,0.0,H,U,2.3,3.1,3.0,H,,,,,9,1.0,0.0,3.0,3.0,5.0,2.0,3.0,7.0,5.0,2.0,-2.0,-3.0,1.0,1.0,0.0,1.0,1.0,0.0,1.0,25.0,50.0,0.0,71.4,,,,
2009-02-08,2008,Porto,Benfica,1.0,1.0,D,U,1.95,3.0,4.0,A,,,,,8,2.0,2.0,0.0,1.0,4.0,8.0,-4.0,1.0,2.0,-1.0,3.0,6.0,-3.0,1.0,2.0,-1.0,0.0,1.0,-1.0,57.1,14.3,50.0,12.5,,,,
2009-02-08,2008,Naval,Nacional,0.0,4.0,A,O,2.5,3.0,2.75,A,,,,,8,2.0,1.0,1.0,2.0,3.0,5.0,-2.0,2.0,7.0,-5.0,1.0,-2.0,3.0,0.0,0.0,0.0,0.0,1.0,-1.0,57.1,14.3,42.9,28.6,,,,
2009-02-07,2008,Guimaraes,Maritimo,2.0,1.0,H,O,2.0,3.2,3.5,H,,,,,8,1.0,2.0,1.0,1.0,2.0,4.0,-2.0,2.0,2.0,0.0,0.0,2.0,-2.0,0.0,2.0,-2.0,0.0,1.0,-1.0,14.3,28.6,42.9,28.6,,,,
2009-02-07,2008,Est Amadora,Setubal,0.0,0.0,D,U,1.95,3.2,3.75,D,,,,,9,2.0,0.0,2.0,2.0,6.0,2.0,4.0,7.0,5.0,2.0,-1.0,-3.0,2.0,1.0,0.0,1.0,2.0,1.0,1.0,50.0,25.0,0.0,57.1,,,,
2009-02-06,2008,Leixoes,Trofense,2.0,0.0,H,U,1.75,3.3,5.25,H,,,,,8,1.0,1.0,0.0,2.0,4.0,4.0,0.0,3.0,4.0,-1.0,1.0,0.0,1.0,0.0,1.0,-1.0,0.0,0.0,0.0,28.6,14.3,14.3,71.4,,,,
2009-02-01,2008,Sp Braga,Pacos Ferreira,2.0,0.0,H,U,1.5,3.6,6.5,H,,,,,9,3.0,1.0,1.0,2.0,4.0,5.0,-1.0,2.0,7.0,-5.0,2.0,-2.0,4.0,1.0,1.0,0.0,1.0,1.0,0.0,62.5,25.0,12.5,62.5,,,,
2009-02-01,2008,Nacional,Leixoes,0.0,0.0,D,U,2.0,3.25,3.5,D,,,,,9,2.0,1.0,1.0,1.0,8.0,2.0,6.0,7.0,2.0,5.0,1.0,0.0,1.0,1.0,0.0,1.0,1.0,0.0,1.0,50.0,25.0,62.5,12.5,,,,
2009-02-01,2008,Maritimo,Naval,1.0,0.0,H,U,1.8,3.4,4.0,D,,,,,9,1.0,1.0,1.0,2.0,4.0,2.0,2.0,7.0,4.0,3.0,-3.0,-2.0,-1.0,1.0,0.0,1.0,1.0,1.0,0.0,37.5,25.0,12.5,62.5,,,,
2009-02-01,2008,Belenenses,Porto,1.0,3.0,A,O,5.25,3.6,1.57,A,,,,,8,2.0,4.0,1.0,0.0,4.0,13.0,-9.0,4.0,4.0,0.0,0.0,9.0,-9.0,0.0,4.0,-4.0,1.0,0.0,1.0,28.6,28.6,62.5,12.5,,,,
2009-02-01,2008,Academica,Est Amadora,2.0,2.0,D,O,2.1,3.0,3.4,A,,,,,9,2.0,0.0,1.0,2.0,4.0,1.0,3.0,4.0,3.0,1.0,0.0,-2.0,2.0,0.0,0.0,0.0,1.0,0.0,1.0,50.0,12.5,14.3,57.1,,,,
2009-01-31,2008,Trofense,Sp Lisbon,0.0,0.0,D,U,5.5,3.6,1.53,D,,,,,9,2.0,3.0,1.0,0.0,5.0,7.0,-2.0,3.0,2.0,1.0,2.0,5.0,-3.0,2.0,2.0,0.0,1.0,0.0,1.0,25.0,50.0,62.5,12.5,,,,
2009-01-31,2008,Benfica,Rio Ave,1.0,0.0,H,U,1.2,5.5,11.0,D,,,,,8,2.0,0.0,0.0,3.0,4.0,0.0,4.0,2.0,5.0,-3.0,2.0,-5.0,7.0,0.0,0.0,0.0,0.0,2.0,-2.0,57.1,0.0,0.0,71.4,,,,
2009-01-30,2008,Setubal,Guimaraes,2.0,4.0,A,O,2.6,3.1,2.8,D,,,,,9,1.0,1.0,3.0,2.0,2.0,5.0,-3.0,6.0,6.0,0.0,-4.0,-1.0,-3.0,1.0,1.0,0.0,2.0,1.0,1.0,37.5,62.5,37.5,37.5,,,,
2009-01-25,2008,Trofense,Pacos Ferreira,1.0,3.0,A,O,2.15,3.1,3.25,D,,,,,8,2.0,0.0,1.0,3.0,4.0,3.0,1.0,2.0,8.0,-6.0,2.0,-5.0,7.0,2.0,0.0,2.0,1.0,1.0,0.0,28.6,42.9,0.0,71.4,,,,
2009-01-25,2008,Academica,Guimaraes,2.0,1.0,H,O,2.5,3.1,2.7,H,,,,,8,1.0,1.0,1.0,2.0,3.0,4.0,-1.0,4.0,6.0,-2.0,-1.0,-2.0,1.0,0.0,1.0,-1.0,1.0,2.0,-1.0,42.9,14.3,42.9,28.6,,,,
2009-01-24,2008,Sp Braga,Porto,0.0,2.0,A,U,3.0,3.25,2.2,A,,,,,8,4.0,3.0,0.0,1.0,5.0,11.0,-6.0,0.0,5.0,-5.0,5.0,6.0,-1.0,1.0,3.0,-2.0,0.0,0.0,0.0,71.4,14.3,57.1,14.3,,,,
2009-01-24,2008,Setubal,Naval,0.0,1.0,A,U,2.1,3.1,3.3,A,,,,,8,1.0,0.0,3.0,3.0,2.0,2.0,0.0,7.0,6.0,1.0,-5.0,-4.0,-1.0,1.0,0.0,1.0,3.0,1.0,2.0,42.9,57.1,0.0,71.4,,,,
2009-01-24,2008,Nacional,Sp Lisbon,1.0,1.0,D,U,4.0,3.3,1.83,D,,,,,8,2.0,4.0,1.0,0.0,7.0,7.0,0.0,6.0,1.0,5.0,1.0,6.0,-5.0,1.0,2.0,-1.0,1.0,0.0,1.0,57.1,28.6,71.4,14.3,,,,
2009-01-24,2008,Est Amadora,Rio Ave,2.0,0.0,H,U,2.0,3.2,3.5,H,,,,,8,1.0,0.0,2.0,2.0,5.0,1.0,4.0,8.0,4.0,4.0,-3.0,-3.0,0.0,0.0,0.0,0.0,2.0,1.0,1.0,42.9,28.6,0.0,66.7,,,,
2009-01-23,2008,Maritimo,Leixoes,0.0,0.0,D,U,2.0,3.3,3.8,D,,,,,8,2.0,2.0,1.0,1.0,8.0,3.0,5.0,9.0,2.0,7.0,-1.0,1.0,-2.0,2.0,0.0,2.0,1.0,0.0,1.0,42.9,28.6,71.4,14.3,,,,
2009-01-23,2008,Belenenses,Benfica,0.0,0.0,D,U,5.5,3.6,1.65,D,,,,,7,2.0,3.0,1.0,1.0,5.0,10.0,-5.0,5.0,3.0,2.0,0.0,7.0,-7.0,0.0,2.0,-2.0,1.0,1.0,0.0,33.3,33.3,57.1,14.3,,,,
2009-01-11,2008,Rio Ave,Belenenses,0.0,1.0,A,U,2.2,3.1,3.1,D,,,,,8,1.0,0.0,3.0,3.0,5.0,3.0,2.0,7.0,9.0,-2.0,-2.0,-6.0,4.0,1.0,0.0,1.0,1.0,3.0,-2.0,28.6,42.9,0.0,71.4,,,,
2009-01-11,2008,Porto,Trofense,0.0,0.0,D,U,1.17,6.5,12.0,D,,,,,7,2.0,1.0,1.0,3.0,6.0,4.0,2.0,4.0,5.0,-1.0,2.0,-1.0,3.0,1.0,1.0,0.0,0.0,0.0,0.0,66.7,16.7,16.7,83.3,,,,
2009-01-11,2008,Pacos Ferreira,Nacional,2.0,3.0,A,O,2.5,3.2,2.62,A,,,,,7,3.0,0.0,0.0,2.0,5.0,3.0,2.0,1.0,6.0,-5.0,4.0,-3.0,7.0,1.0,0.0,1.0,0.0,1.0,-1.0,50.0,33.3,33.3,33.3,,,,
2009-01-11,2008,Naval,Academica,2.0,1.0,H,O,2.2,3.1,3.1,D,,,,,7,1.0,0.0,1.0,2.0,2.0,1.0,1.0,2.0,3.0,-1.0,0.0,-2.0,2.0,0.0,0.0,0.0,0.0,0.0,0.0,50.0,16.7,0.0,66.7,,,,
2009-01-11,2008,Leixoes,Setubal,0.0,0.0,D,U,1.8,3.3,4.2,D,,,,,7,1.0,0.0,0.0,3.0,5.0,2.0,3.0,4.0,6.0,-2.0,1.0,-4.0,5.0,0.0,0.0,0.0,0.0,1.0,-1.0,33.3,16.7,0.0,66.7,,,,
2009-01-11,2008,Benfica,Sp Braga,1.0,0.0,H,U,1.67,3.4,5.0,H,,,,,7,2.0,0.0,0.0,0.0,5.0,1.0,4.0,3.0,1.0,2.0,2.0,0.0,2.0,0.0,0.0,0.0,0.0,0.0,0.0,50.0,0.0,16.7,16.7,,,,
2009-01-10,2008,Sp Lisbon,Maritimo,2.0,0.0,H,U,1.44,3.75,7.5,H,,,,,7,1.0,3.0,2.0,0.0,3.0,6.0,-3.0,3.0,0.0,3.0,0.0,6.0,-6.0,1.0,3.0,-2.0,0.0,0.0,0.0,50.0,33.3,50.0,16.7,,,,
2009-01-10,2008,Guimaraes,Est Amadora,0.0,0.0,D,U,1.62,3.4,5.5,D,,,,,7,1.0,0.0,1.0,3.0,2.0,1.0,1.0,2.0,8.0,-6.0,0.0,-7.0,7.0,0.0,0.0,0.0,0.0,1.0,-1.0,16.7,33.3,16.7,66.7,,,,
2009-01-05,2008,Sp Braga,Belenenses,2.0,0.0,H,U,1.57,3.6,5.5,D,,,,,7,4.0,0.0,0.0,2.0,8.0,4.0,4.0,0.0,8.0,-8.0,8.0,-4.0,12.0,1.0,0.0,1.0,0.0,2.0,-2.0,66.7,16.7,0.0,66.7,,,,
2009-01-04,2008,Trofense,Benfica,2.0,0.0,H,U,8.0,3.75,1.4,H,,,,,7,1.0,3.0,1.0,0.0,2.0,11.0,-9.0,2.0,2.0,0.0,0.0,9.0,-9.0,1.0,2.0,-1.0,1.0,0.0,1.0,16.7,50.0,66.7,0.0,,,,
2009-01-04,2008,Nacional,Porto,2.0,4.0,A,O,4.33,3.3,1.75,H,,,,,7,3.0,3.0,0.0,1.0,6.0,9.0,-3.0,2.0,4.0,-2.0,4.0,5.0,-1.0,1.0,2.0,-1.0,0.0,0.0,0.0,66.7,16.7,50.0,16.7,,,,
2009-01-04,2008,Maritimo,Pacos Ferreira,4.0,1.0,H,O,1.65,3.5,4.75,D,,,,,7,1.0,0.0,1.0,3.0,5.0,4.0,1.0,9.0,7.0,2.0,-4.0,-3.0,-1.0,1.0,0.0,1.0,1.0,0.0,1.0,33.3,33.3,0.0,66.7,,,,
2009-01-04,2008,Est Amadora,Naval,1.0,0.0,H,U,2.25,3.0,3.2,H,,,,,7,1.0,0.0,2.0,3.0,5.0,3.0,2.0,8.0,7.0,1.0,-3.0,-4.0,1.0,0.0,0.0,0.0,2.0,1.0,1.0,33.3,33.3,0.0,66.7,,,,
2009-01-03,2008,Setubal,Sp Lisbon,0.0,2.0,A,U,5.0,3.6,1.7,A,,,,,7,1.0,3.0,3.0,0.0,2.0,5.0,-3.0,7.0,1.0,6.0,-5.0,4.0,-9.0,1.0,1.0,0.0,3.0,0.0,3.0,50.0,50.0,66.7,16.7,,,,
2009-01-03,2008,Rio Ave,Guimaraes,2.0,4.0,A,O,2.75,2.87,2.87,D,,,,,7,2.0,0.0,2.0,2.0,6.0,1.0,5.0,5.0,5.0,0.0,1.0,-4.0,5.0,1.0,0.0,1.0,0.0,2.0,-2.0,33.3,33.3,33.3,33.3,,,,
2009-01-02,2008,Academica,Leixoes,0.0,0.0,D,U,2.63,3.0,2.88,D,,,,,7,1.0,3.0,1.0,1.0,4.0,6.0,-2.0,5.0,4.0,1.0,-1.0,2.0,-3.0,0.0,0.0,0.0,1.0,0.0,1.0,50.0,16.7,83.3,16.7,,,,
2008-12-22,2008,Benfica,Nacional,0.0,0.0,D,U,1.4,4.0,7.5,D,,,,,6,3.0,1.0,0.0,2.0,7.0,5.0,2.0,3.0,6.0,-3.0,4.0,-1.0,5.0,1.0,1.0,0.0,0.0,1.0,-1.0,60.0,0.0,40.0,40.0,,,,
2008-12-21,2008,Porto,Maritimo,0.0,0.0,D,U,1.36,4.2,7.5,D,,,,,6,3.0,3.0,1.0,0.0,8.0,6.0,2.0,4.0,0.0,4.0,4.0,6.0,-2.0,2.0,3.0,-1.0,0.0,0.0,0.0,80.0,20.0,60.0,20.0,,,,
2008-12-21,2008,Pacos Ferreira,Setubal,2.0,0.0,H,U,2.25,3.1,3.0,H,,,,,6,2.0,0.0,1.0,3.0,6.0,2.0,4.0,5.0,5.0,0.0,1.0,-3.0,4.0,0.0,0.0,0.0,0.0,0.0,0.0,40.0,40.0,0.0,60.0,,,,
2008-12-21,2008,Leixoes,Est Amadora,1.0,1.0,D,U,1.66,3.4,5.0,D,,,,,6,2.0,1.0,0.0,3.0,6.0,2.0,4.0,3.0,8.0,-5.0,3.0,-6.0,9.0,1.0,0.0,1.0,0.0,1.0,-1.0,40.0,20.0,20.0,80.0,,,,
2008-12-21,2008,Belenenses,Trofense,3.0,2.0,H,O,1.8,3.2,4.33,A,,,,,6,1.0,1.0,2.0,3.0,2.0,3.0,-1.0,4.0,5.0,-1.0,-2.0,-2.0,0.0,0.0,1.0,-1.0,1.0,1.0,0.0,20.0,40.0,20.0,80.0,,,,
2008-12-20,2008,Sp Lisbon,Academica,0.0,0.0,D,U,1.28,5.25,11.0,D,,,,,6,2.0,0.0,2.0,3.0,5.0,1.0,4.0,3.0,5.0,-2.0,2.0,-4.0,6.0,2.0,0.0,2.0,0.0,1.0,-1.0,60.0,40.0,0.0,80.0,,,,
2008-12-20,2008,Sp Braga,Rio Ave,1.0,0.0,H,U,1.5,4.0,7.0,D,,,,,6,3.0,0.0,0.0,2.0,8.0,1.0,7.0,1.0,4.0,-3.0,7.0,-3.0,10.0,1.0,0.0,1.0,0.0,1.0,-1.0,60.0,20.0,0.0,60.0,,,,
2008-12-19,2008,Naval,Guimaraes,0.0,0.0,D,U,2.7,3.1,2.8,D,,,,,6,2.0,1.0,1.0,2.0,5.0,4.0,1.0,3.0,6.0,-3.0,2.0,-2.0,4.0,1.0,1.0,0.0,0.0,2.0,-2.0,60.0,20.0,40.0,40.0,,,,
2008-12-17,2008,Est Amadora,Porto,2.0,4.0,A,O,6.5,3.75,1.5,A,,,,,6,1.0,2.0,1.0,1.0,3.0,5.0,-2.0,4.0,2.0,2.0,-1.0,3.0,-4.0,0.0,1.0,-1.0,1.0,0.0,1.0,40.0,20.0,40.0,20.0,,,,
2008-12-08,2008,Trofense,Sp Braga,0.0,0.0,D,U,3.4,3.2,2.05,D,,,,,6,1.0,0.0,2.0,1.0,3.0,1.0,2.0,5.0,3.0,2.0,-2.0,-2.0,0.0,1.0,0.0,1.0,2.0,1.0,1.0,20.0,60.0,20.0,20.0,,,,
2008-12-08,2008,Guimaraes,Leixoes,1.0,0.0,H,U,2.25,3.1,3.1,D,,,,,6,0.0,4.0,2.0,0.0,1.0,7.0,-6.0,4.0,3.0,1.0,-3.0,4.0,-7.0,0.0,0.0,0.0,1.0,0.0,1.0,0.0,40.0,100.0,0.0,,,,
2008-12-07,2008,Rio Ave,Naval,2.0,0.0,H,U,2.25,3.2,3.0,H,,,,,6,1.0,0.0,2.0,2.0,4.0,4.0,0.0,5.0,6.0,-1.0,-1.0,-2.0,1.0,0.0,0.0,0.0,0.0,0.0,0.0,20.0,40.0,0.0,60.0,,,,
2008-12-07,2008,Maritimo,Benfica,0.0,6.0,A,O,3.1,3.2,2.2,A,,,,,6,2.0,3.0,0.0,0.0,7.0,9.0,-2.0,3.0,5.0,-2.0,4.0,4.0,0.0,2.0,1.0,1.0,0.0,0.0,0.0,40.0,20.0,60.0,0.0,,,,
2008-12-06,2008,Setubal,Porto,0.0,3.0,A,O,4.33,3.5,1.73,D,,,,,6,2.0,1.0,2.0,1.0,3.0,3.0,0.0,4.0,3.0,1.0,-1.0,0.0,-1.0,1.0,0.0,1.0,2.0,0.0,2.0,60.0,40.0,25.0,25.0,,,,
2008-12-06,2008,Nacional,Belenenses,4.0,2.0,H,O,1.91,3.3,3.75,H,,,,,6,2.0,0.0,1.0,2.0,3.0,2.0,1.0,2.0,6.0,-4.0,1.0,-4.0,5.0,0.0,0.0,0.0,0.0,2.0,-2.0,60.0,20.0,0.0,60.0,,,,
2008-12-06,2008,Academica,Pacos Ferreira,2.0,1.0,H,O,2.1,3.25,3.25,H,,,,,6,1.0,0.0,1.0,3.0,3.0,3.0,0.0,4.0,7.0,-3.0,-1.0,-4.0,3.0,0.0,0.0,0.0,1.0,1.0,0.0,40.0,20.0,0.0,60.0,,,,
2008-12-05,2008,Est Amadora,Sp Lisbon,1.0,3.0,A,O,5.0,3.5,1.73,D,,,,,5,2.0,2.0,0.0,1.0,3.0,2.0,1.0,1.0,2.0,-1.0,2.0,0.0,2.0,0.0,0.0,0.0,0.0,1.0,-1.0,50.0,0.0,60.0,20.0,,,,
2008-12-01,2008,Porto,Academica,2.0,1.0,H,O,1.25,5.0,11.0,D,,,,,5,3.0,0.0,1.0,3.0,8.0,0.0,8.0,3.0,4.0,-1.0,5.0,-4.0,9.0,3.0,0.0,3.0,0.0,1.0,-1.0,75.0,25.0,0.0,75.0,,,,
2008-12-01,2008,Benfica,Setubal,2.0,2.0,D,O,1.25,5.0,11.0,H,,,,,5,3.0,0.0,0.0,3.0,6.0,1.0,5.0,2.0,4.0,-2.0,4.0,-3.0,7.0,1.0,0.0,1.0,0.0,0.0,0.0,75.0,0.0,0.0,75.0,,,,
2008-11-30,2008,Trofense,Rio Ave,2.0,0.0,H,U,2.5,3.0,2.8,D,,,,,5,0.0,0.0,3.0,2.0,2.0,1.0,1.0,7.0,3.0,4.0,-5.0,-2.0,-3.0,0.0,0.0,0.0,2.0,0.0,2.0,0.0,75.0,0.0,50.0,,,,
2008-11-30,2008,Sp Lisbon,Guimaraes,2.0,0.0,H,U,1.5,3.6,7.0,H,,,,,5,2.0,2.0,2.0,1.0,6.0,5.0,1.0,4.0,4.0,0.0,2.0,1.0,1.0,2.0,1.0,1.0,0.0,1.0,-1.0,50.0,50.0,50.0,25.0,,,,
2008-11-30,2008,Sp Braga,Nacional,1.0,0.0,H,U,1.91,3.3,3.75,H,,,,,5,2.0,2.0,1.0,1.0,7.0,8.0,-1.0,2.0,6.0,-4.0,5.0,2.0,3.0,1.0,2.0,-1.0,0.0,1.0,-1.0,50.0,25.0,50.0,25.0,,,,
2008-11-30,2008,Pacos Ferreira,Est Amadora,1.0,0.0,H,U,2.2,3.1,3.2,D,,,,,5,1.0,1.0,2.0,3.0,5.0,2.0,3.0,7.0,8.0,-1.0,-2.0,-6.0,4.0,0.0,0.0,0.0,1.0,1.0,0.0,25.0,50.0,25.0,75.0,,,,
2008-11-29,2008,Belenenses,Maritimo,0.0,2.0,A,U,2.5,3.0,2.8,A,,,,,5,1.0,2.0,1.0,1.0,4.0,4.0,0.0,4.0,1.0,3.0,0.0,3.0,-3.0,0.0,2.0,-2.0,0.0,0.0,0.0,25.0,25.0,50.0,25.0,,,,
2008-11-28,2008,Leixoes,Naval,1.0,1.0,D,U,1.75,3.4,5.0,D,,,,,5,2.0,0.0,1.0,3.0,6.0,4.0,2.0,5.0,7.0,-2.0,1.0,-3.0,4.0,1.0,0.0,1.0,1.0,0.0,1.0,50.0,25.0,0.0,75.0,,,,
2008-11-24,2008,Setubal,Belenenses,2.0,0.0,H,U,2.25,3.0,3.2,H,,,,,5,2.0,0.0,2.0,2.0,2.0,2.0,0.0,4.0,6.0,-2.0,-2.0,-4.0,2.0,0.0,0.0,0.0,2.0,2.0,0.0,50.0,50.0,0.0,50.0,,,,
2008-11-23,2008,Nacional,Trofense,1.0,0.0,H,U,1.5,3.6,7.0,H,,,,,5,2.0,1.0,1.0,3.0,4.0,4.0,0.0,3.0,7.0,-4.0,1.0,-3.0,4.0,0.0,1.0,-1.0,0.0,2.0,-2.0,50.0,25.0,25.0,75.0,,,,
2008-11-23,2008,Guimaraes,Pacos Ferreira,0.0,0.0,D,U,1.67,3.4,5.0,D,,,,,5,0.0,0.0,2.0,3.0,2.0,5.0,-3.0,5.0,9.0,-4.0,-3.0,-4.0,1.0,0.0,0.0,0.0,1.0,1.0,0.0,0.0,50.0,0.0,75.0,,,,
2008-11-23,2008,Academica,Benfica,0.0,2.0,A,U,5.0,3.3,1.7,A,,,,,5,2.0,2.0,0.0,0.0,4.0,8.0,-4.0,2.0,6.0,-4.0,2.0,2.0,0.0,0.0,0.0,0.0,0.0,0.0,0.0,50.0,0.0,50.0,0.0,,,,
2008-11-22,2008,Naval,Sp Lisbon,0.0,1.0,A,U,4.33,3.25,1.91,A,,,,,5,3.0,2.0,0.0,1.0,6.0,2.0,4.0,2.0,2.0,0.0,4.0,0.0,4.0,1.0,0.0,1.0,0.0,1.0,-1.0,75.0,0.0,50.0,25.0,,,,
2008-11-22,2008,Maritimo,Sp Braga,0.0,0.0,D,U,2.38,3.2,3.0,D,,,,,5,2.0,1.0,1.0,1.0,7.0,3.0,4.0,4.0,3.0,1.0,3.0,0.0,3.0,2.0,1.0,1.0,0.0,1.0,-1.0,50.0,25.0,25.0,25.0,,,,
2008-11-21,2008,Rio Ave,Leixoes,1.0,2.0,A,O,3.1,3.1,2.4,D,,,,,5,1.0,4.0,1.0,0.0,4.0,7.0,-3.0,4.0,3.0,1.0,0.0,4.0,-4.0,0.0,0.0,0.0,0.0,0.0,0.0,25.0,25.0,100.0,0.0,,,,
2008-11-17,2008,Belenenses,Academica,1.0,0.0,H,U,2.05,3.2,3.4,H,,,,,4,,,,,,,,,,,,,,,,,,,,0.0,33.3,0.0,66.7,,,,
2008-11-16,2008,Sp Braga,Setubal,1.0,0.0,H,U,1.53,3.6,6.0,H,,,,,4,,,,,,,,,,,,,,,,,,,,33.3,33.3,0.0,66.7,,,,
2008-11-16,2008,Pacos Ferreira,Naval,2.0,1.0,H,O,2.38,3.25,2.75,H,,,,,4,,,,,,,,,,,,,,,,,,,,0.0,66.7,0.0,66.7,,,,
2008-11-16,2008,Nacional,Rio Ave,0.0,0.0,D,U,1.62,3.4,5.25,D,,,,,4,,,,,,,,,,,,,,,,,,,,66.7,33.3,0.0,66.7,,,,
2008-11-16,2008,Benfica,Est Amadora,1.0,0.0,H,U,1.2,5.25,13.0,D,,,,,4,,,,,,,,,,,,,,,,,,,,66.7,0.0,33.3,66.7,,,,
2008-11-15,2008,Sp Lisbon,Leixoes,0.0,1.0,A,U,1.36,4.2,8.0,D,,,,,4,,,,,,,,,,,,,,,,,,,,66.7,33.3,100.0,0.0,,,,
2008-11-15,2008,Porto,Guimaraes,2.0,0.0,H,U,1.33,4.5,9.0,D,,,,,4,,,,,,,,,,,,,,,,,,,,66.7,33.3,66.7,0.0,,,,
2008-11-14,2008,Trofense,Maritimo,0.0,2.0,A,U,2.9,3.1,2.5,D,,,,,4,,,,,,,,,,,,,,,,,,,,0.0,66.7,33.3,33.3,,,,
2008-11-03,2008,Maritimo,Nacional,4.0,2.0,H,O,2.2,3.2,3.3,D,,,,,4,,,,,,,,,,,,,,,,,,,,33.3,33.3,66.7,0.0,,,,
2008-11-02,2008,Leixoes,Pacos Ferreira,2.0,1.0,H,O,1.8,3.25,4.33,H,,,,,4,,,,,,,,,,,,,,,,,,,,33.3,33.3,0.0,66.7,,,,
2008-11-02,2008,Guimaraes,Benfica,1.0,2.0,A,O,3.3,3.2,2.2,A,,,,,4,,,,,,,,,,,,,,,,,,,,0.0,33.3,33.3,0.0,,,,
2008-11-02,2008,Est Amadora,Belenenses,1.0,1.0,D,U,2.25,3.2,3.0,D,,,,,4,,,,,,,,,,,,,,,,,,,,66.7,0.0,0.0,66.7,,,,
2008-11-02,2008,Academica,Sp Braga,1.0,1.0,D,U,2.9,3.0,2.4,D,,,,,4,,,,,,,,,,,,,,,,,,,,66.7,0.0,33.3,33.3,,,,
2008-11-01,2008,Rio Ave,Sp Lisbon,0.0,1.0,A,U,5.5,3.4,1.7,A,,,,,4,,,,,,,,,,,,,,,,,,,,33.3,0.0,33.3,33.3,,,,
2008-11-01,2008,Naval,Porto,1.0,0.0,H,U,5.5,3.4,1.7,D,,,,,4,,,,,,,,,,,,,,,,,,,,66.7,0.0,33.3,0.0,,,,
2008-10-31,2008,Setubal,Trofense,0.0,2.0,A,U,1.7,3.4,5.5,A,,,,,4,,,,,,,,,,,,,,,,,,,,66.7,33.3,0.0,100.0,,,,
2008-10-27,2008,Sp Braga,Est Amadora,5.0,0.0,H,O,1.73,3.4,4.5,H,,,,,3,,,,,,,,,,,,,,,,,,,,0.0,50.0,50.0,50.0,,,,
2008-10-26,2008,Pacos Ferreira,Sp Lisbon,0.0,0.0,D,U,5.25,3.6,1.67,D,,,,,3,,,,,,,,,,,,,,,,,,,,0.0,100.0,50.0,50.0,,,,
2008-10-26,2008,Nacional,Setubal,1.0,0.0,H,U,1.83,3.4,4.0,D,,,,,3,,,,,,,,,,,,,,,,,,,,50.0,50.0,0.0,50.0,,,,
2008-10-26,2008,Maritimo,Rio Ave,1.0,1.0,D,U,1.73,3.4,4.5,D,,,,,3,,,,,,,,,,,,,,,,,,,,50.0,50.0,0.0,100.0,,,,
2008-10-26,2008,Benfica,Naval,2.0,1.0,H,O,1.25,4.75,12.0,D,,,,,3,,,,,,,,,,,,,,,,,,,,50.0,0.0,0.0,50.0,,,,
2008-10-25,2008,Porto,Leixoes,2.0,3.0,A,O,1.25,5.5,13.0,A,,,,,3,,,,,,,,,,,,,,,,,,,,100.0,0.0,100.0,0.0,,,,
2008-10-25,2008,Belenenses,Guimaraes,1.0,1.0,D,U,2.5,3.1,2.9,A,,,,,3,,,,,,,,,,,,,,,,,,,,0.0,50.0,100.0,0.0,,,,
2008-10-24,2008,Trofense,Academica,0.0,0.0,D,U,2.62,3.2,2.7,D,,,,,3,,,,,,,,,,,,,,,,,,,,0.0,100.0,0.0,100.0,,,,
2008-10-07,2008,Setubal,Maritimo,0.0,2.0,A,U,2.1,3.25,3.5,D,,,,,3,,,,,,,,,,,,,,,,,,,,100.0,0.0,0.0,50.0,,,,
2008-10-06,2008,Leixoes,Benfica,1.0,1.0,D,U,4.5,3.4,1.73,A,,,,,3,,,,,,,,,,,,,,,,,,,,50.0,50.0,50.0,0.0,,,,
2008-10-06,2008,Guimaraes,Sp Braga,0.0,0.0,D,U,2.1,3.1,3.4,D,,,,,3,,,,,,,,,,,,,,,,,,,,0.0,50.0,50.0,50.0,,,,
2008-10-05,2008,Sp Lisbon,Porto,1.0,2.0,A,O,2.5,3.1,2.7,A,,,,,3,,,,,,,,,,,,,,,,,,,,100.0,0.0,0.0,0.0,,,,
2008-10-05,2008,Rio Ave,Pacos Ferreira,3.0,2.0,H,O,2.1,3.1,3.4,H,,,,,3,,,,,,,,,,,,,,,,,,,,0.0,0.0,0.0,50.0,,,,
2008-10-05,2008,Est Amadora,Trofense,1.0,0.0,H,U,1.7,3.4,4.75,D,,,,,3,,,,,,,,,,,,,,,,,,,,50.0,0.0,0.0,100.0,,,,
2008-10-05,2008,Academica,Nacional,1.0,1.0,D,U,2.38,3.1,2.88,A,,,,,3,,,,,,,,,,,,,,,,,,,,100.0,0.0,100.0,0.0,,,,
2008-10-04,2008,Naval,Belenenses,1.0,1.0,D,U,2.1,3.1,3.4,D,,,,,3,,,,,,,,,,,,,,,,,,,,100.0,0.0,0.0,100.0,,,,
2008-09-29,2008,Belenenses,Leixoes,0.0,1.0,A,U,2.0,3.3,3.4,D,,,,,2,,,,,,,,,,,,,,,,,,,,0.0,0.0,100.0,0.0,,,,
2008-09-28,2008,Trofense,Guimaraes,1.0,3.0,A,O,3.25,3.2,2.1,A,,,,,2,,,,,,,,,,,,,,,,,,,,0.0,100.0,100.0,0.0,,,,
2008-09-28,2008,Nacional,Est Amadora,1.0,2.0,A,O,1.75,3.3,4.5,A,,,,,2,,,,,,,,,,,,,,,,,,,,100.0,0.0,0.0,100.0,,,,
2008-09-28,2008,Maritimo,Academica,2.0,0.0,H,U,2.0,3.2,3.5,H,,,,,2,,,,,,,,,,,,,,,,,,,,0.0,100.0,0.0,100.0,,,,
2008-09-27,2008,Sp Braga,Naval,1.0,1.0,D,U,1.53,3.6,6.0,H,,,,,2,,,,,,,,,,,,,,,,,,,,0.0,100.0,0.0,100.0,,,,
2008-09-27,2008,Setubal,Rio Ave,1.0,0.0,H,U,1.73,3.4,4.5,D,,,,,2,,,,,,,,,,,,,,,,,,,,100.0,0.0,0.0,100.0,,,,
2008-09-27,2008,Benfica,Sp Lisbon,2.0,0.0,H,U,2.3,3.1,3.3,D,,,,,2,,,,,,,,,,,,,,,,,,,,0.0,0.0,100.0,0.0,,,,
2008-09-26,2008,Porto,Pacos Ferreira,2.0,0.0,H,U,1.17,6.5,23.0,H,,,,,2,,,,,,,,,,,,,,,,,,,,100.0,0.0,0.0,0.0,,,,
2008-09-22,2008,Pacos Ferreira,Benfica,3.0,4.0,A,O,5.25,3.5,1.62,A,,,,,2,,,,,,,,,,,,,,,,,,,,0.0,100.0,0.0,0.0,,,,
2008-09-22,2008,Guimaraes,Nacional,0.0,2.0,A,U,1.83,3.3,4.0,A,,,,,2,,,,,,,,,,,,,,,,,,,,0.0,0.0,100.0,0.0,,,,
2008-09-21,2008,Rio Ave,Porto,0.0,0.0,D,U,5.75,3.75,1.53,D,,,,,2,,,,,,,,,,,,,,,,,,,,0.0,0.0,0.0,0.0,,,,
2008-09-21,2008,Naval,Trofense,3.0,1.0,H,O,1.91,3.25,3.75,H,,,,,2,,,,,,,,,,,,,,,,,,,,100.0,0.0,0.0,100.0,,,,
2008-09-21,2008,Leixoes,Sp Braga,2.0,0.0,H,U,3.5,3.25,2.0,H,,,,,2,,,,,,,,,,,,,,,,,,,,0.0,100.0,100.0,0.0,,,,
2008-09-21,2008,Est Amadora,Maritimo,0.0,0.0,D,U,2.4,3.1,2.88,D,,,,,2,,,,,,,,,,,,,,,,,,,,100.0,0.0,0.0,100.0,,,,
2008-09-21,2008,Academica,Setubal,1.0,0.0,H,U,2.3,3.1,3.0,D,,,,,2,,,,,,,,,,,,,,,,,,,,100.0,0.0,0.0,0.0,,,,
2008-09-20,2008,Sp Lisbon,Belenenses,2.0,0.0,H,U,1.33,4.2,9.0,H,,,,,2,,,,,,,,,,,,,,,,,,,,100.0,0.0,0.0,100.0,,,,
2008-09-01,2008,Sp Braga,Sp Lisbon,0.0,1.0,A,U,3.25,3.25,2.2,A,,,,,1,,,,,,,,,,,,,,,,,,,,,,,,,,,
2008-09-01,2008,Maritimo,Guimaraes,0.0,1.0,A,U,2.45,3.1,3.0,A,,,,,1,,,,,,,,,,,,,,,,,,,,,,,,,,,
2008-08-31,2008,Trofense,Leixoes,1.0,2.0,A,O,2.2,3.1,3.1,A,,,,,1,,,,,,,,,,,,,,,,,,,,,,,,,,,
2008-08-31,2008,Setubal,Est Amadora,1.0,0.0,H,U,1.85,3.3,4.5,H,,,,,1,,,,,,,,,,,,,,,,,,,,,,,,,,,
2008-08-31,2008,Nacional,Naval,2.0,1.0,H,O,1.8,3.3,4.0,D,,,,,1,,,,,,,,,,,,,,,,,,,,,,,,,,,
2008-08-31,2008,Academica,Rio Ave,1.0,0.0,H,U,1.91,3.2,3.75,H,,,,,1,,,,,,,,,,,,,,,,,,,,,,,,,,,
2008-08-30,2008,Benfica,Porto,1.0,1.0,D,U,2.5,3.2,2.8,A,,,,,1,,,,,,,,,,,,,,,,,,,,,,,,,,,
2008-08-29,2008,Belenenses,Pacos Ferreira,2.0,2.0,D,O,1.73,3.5,5.0,H,,,,,1,,,,,,,,,,,,,,,,,,,,,,,,,,,
2008-08-24,2008,Rio Ave,Benfica,1.0,1.0,D,U,6.0,3.5,1.62,D,,,,,1,,,,,,,,,,,,,,,,,,,,,,,,,,,
2008-08-24,2008,Porto,Belenenses,2.0,0.0,H,U,1.29,4.5,15.0,H,,,,,1,,,,,,,,,,,,,,,,,,,,,,,,,,,
2008-08-24,2008,Naval,Maritimo,1.0,0.0,H,U,2.45,3.1,2.8,H,,,,,1,,,,,,,,,,,,,,,,,,,,,,,,,,,
2008-08-24,2008,Leixoes,Nacional,1.0,3.0,A,O,2.4,3.0,3.0,D,,,,,1,,,,,,,,,,,,,,,,,,,,,,,,,,,
2008-08-24,2008,Est Amadora,Academica,1.0,0.0,H,U,2.15,3.2,3.2,D,,,,,1,,,,,,,,,,,,,,,,,,,,,,,,,,,
2008-08-23,2008,Sp Lisbon,Trofense,3.0,1.0,H,O,1.25,5.5,15.0,H,,,,,1,,,,,,,,,,,,,,,,,,,,,,,,,,,
2008-08-23,2008,Pacos Ferreira,Sp Braga,0.0,2.0,A,U,3.2,3.1,2.2,D,,,,,1,,,,,,,,,,,,,,,,,,,,,,,,,,,
2008-08-22,2008,Guimaraes,Setubal,1.0,1.0,D,U,2.1,3.25,3.6,H,,,,,1,,,,,,,,,,,,,,,,,,,,,,,,,,,
2008-05-11,2007,Sp Lisbon,Boavista,2.0,1.0,H,O,1.3,4.5,9.5,H,,,,,14,4.0,1.0,0.0,3.0,10.0,4.0,6.0,2.0,7.0,-5.0,8.0,-3.0,11.0,3.0,0.0,3.0,0.0,1.0,-1.0,76.9,0.0,8.3,50.0,,,,
2008-05-11,2007,Leixoes,Maritimo,0.0,1.0,A,U,2.05,3.1,3.5,D,,,,,14,0.0,1.0,2.0,3.0,4.0,4.0,0.0,6.0,4.0,2.0,-2.0,0.0,-2.0,0.0,1.0,-1.0,0.0,0.0,0.0,15.4,23.1,41.7,50.0,,,,
2008-05-11,2007,Leiria,Pacos Ferreira,1.0,1.0,D,U,3.5,3.25,2.0,A,,,,,14,1.0,1.0,3.0,3.0,5.0,4.0,1.0,7.0,8.0,-1.0,-2.0,-4.0,2.0,1.0,0.0,1.0,2.0,1.0,1.0,7.7,69.2,8.3,83.3,,,,
2008-05-11,2007,Guimaraes,Est Amadora,4.0,0.0,H,O,1.4,4.0,7.5,H,,,,,13,3.0,0.0,1.0,2.0,4.0,1.0,3.0,5.0,8.0,-3.0,-1.0,-7.0,6.0,1.0,0.0,1.0,1.0,1.0,0.0,75.0,8.3,0.0,46.2,,,,
2008-05-11,2007,Benfica,Setubal,3.0,0.0,H,O,1.44,4.0,6.5,H,,,,,13,2.0,1.0,1.0,2.0,8.0,3.0,5.0,6.0,7.0,-1.0,2.0,-4.0,6.0,2.0,1.0,1.0,1.0,1.0,0.0,50.0,16.7,23.1,23.1,,,,
2008-05-10,2007,Sp Braga,Academica,2.0,1.0,H,O,1.8,3.3,4.75,D,,,,,13,2.0,2.0,1.0,2.0,5.0,7.0,-2.0,2.0,4.0,-2.0,3.0,3.0,0.0,1.0,2.0,-1.0,0.0,1.0,-1.0,50.0,25.0,23.1,46.2,,,,
2008-05-10,2007,Naval,Porto,0.0,2.0,A,U,5.5,3.75,1.61,A,,,,,14,2.0,4.0,2.0,0.0,4.0,11.0,-7.0,8.0,3.0,5.0,-4.0,8.0,-12.0,0.0,1.0,-1.0,2.0,0.0,2.0,30.8,38.5,76.9,7.7,,,,
2008-05-10,2007,Nacional,Belenenses,1.0,2.0,A,O,2.6,3.2,2.7,D,,,,,14,1.0,2.0,3.0,1.0,3.0,4.0,-1.0,6.0,3.0,3.0,-3.0,1.0,-4.0,1.0,1.0,0.0,1.0,1.0,0.0,46.2,38.5,38.5,30.8,,,,
2008-05-04,2007,Setubal,Leixoes,2.0,0.0,H,U,1.83,3.2,4.2,H,,,,,13,2.0,1.0,1.0,2.0,5.0,4.0,1.0,3.0,5.0,-2.0,2.0,-1.0,3.0,1.0,1.0,0.0,0.0,1.0,-1.0,58.3,16.7,9.1,45.5,,,,
2008-05-04,2007,Pacos Ferreira,Sp Lisbon,0.0,1.0,A,U,4.5,3.25,1.72,A,,,,,13,1.0,1.0,1.0,3.0,7.0,5.0,2.0,7.0,8.0,-1.0,0.0,-3.0,3.0,0.0,1.0,-1.0,0.0,2.0,-2.0,25.0,33.3,27.3,45.5,,,,
2008-05-04,2007,Maritimo,Leiria,2.0,0.0,H,U,1.4,4.0,7.0,H,,,,,13,2.0,1.0,0.0,2.0,7.0,5.0,2.0,3.0,8.0,-5.0,4.0,-3.0,7.0,1.0,0.0,1.0,0.0,2.0,-2.0,41.7,33.3,9.1,63.6,,,,
2008-05-04,2007,Est Amadora,Benfica,0.0,0.0,D,U,5.25,3.5,1.57,D,,,,,12,3.0,0.0,1.0,1.0,8.0,2.0,6.0,5.0,4.0,1.0,3.0,-2.0,5.0,2.0,0.0,2.0,1.0,1.0,0.0,45.5,27.3,41.7,16.7,,,,
2008-05-04,2007,Boavista,Sp Braga,0.0,0.0,D,U,2.4,3.2,2.6,D,,,,,12,2.0,1.0,0.0,2.0,3.0,3.0,0.0,1.0,7.0,-6.0,2.0,-4.0,6.0,0.0,0.0,0.0,0.0,2.0,-2.0,36.4,18.2,27.3,45.5,,,,
2008-05-04,2007,Belenenses,Guimaraes,1.0,1.0,D,U,2.2,3.2,2.9,D,,,,,12,1.0,1.0,3.0,0.0,9.0,3.0,6.0,8.0,2.0,6.0,1.0,1.0,0.0,1.0,0.0,1.0,1.0,0.0,1.0,36.4,36.4,25.0,33.3,,,,
2008-05-04,2007,Academica,Naval,1.0,1.0,D,U,1.9,3.3,3.6,A,,,,,12,0.0,1.0,0.0,2.0,1.0,4.0,-3.0,1.0,6.0,-5.0,0.0,-2.0,2.0,0.0,1.0,-1.0,0.0,1.0,-1.0,18.2,18.2,33.3,58.3,,,,
2008-05-03,2007,Porto,Nacional,0.0,3.0,A,O,1.2,6.0,15.0,A,,,,,12,4.0,0.0,0.0,3.0,12.0,2.0,10.0,0.0,7.0,-7.0,12.0,-5.0,17.0,3.0,0.0,3.0,0.0,1.0,-1.0,90.9,0.0,9.1,63.6,,,,
2008-04-28,2007,Setubal,Est Amadora,0.0,0.0,D,U,1.66,3.4,5.0,D,,,,,12,3.0,0.0,1.0,2.0,6.0,2.0,4.0,3.0,9.0,-6.0,3.0,-7.0,10.0,1.0,0.0,1.0,0.0,1.0,-1.0,63.6,18.2,0.0,50.0,,,,
2008-04-27,2007,Sp Lisbon,Maritimo,2.0,1.0,H,O,1.44,4.0,6.5,D,,,,,13,3.0,2.0,0.0,2.0,9.0,6.0,3.0,2.0,3.0,-1.0,7.0,3.0,4.0,3.0,2.0,1.0,0.0,0.0,0.0,75.0,0.0,45.5,45.5,,,,
2008-04-27,2007,Naval,Boavista,1.0,0.0,H,U,2.25,3.1,3.0,H,,,,,13,1.0,1.0,2.0,2.0,4.0,5.0,-1.0,9.0,7.0,2.0,-5.0,-2.0,-3.0,0.0,0.0,0.0,2.0,1.0,1.0,25.0,41.7,9.1,45.5,,,,
2008-04-27,2007,Nacional,Academica,0.0,3.0,A,O,2.15,3.1,3.25,A,,,,,13,2.0,1.0,2.0,2.0,4.0,6.0,-2.0,3.0,6.0,-3.0,1.0,0.0,1.0,1.0,1.0,0.0,0.0,1.0,-1.0,50.0,33.3,16.7,50.0,,,,
2008-04-27,2007,Leiria,Leixoes,1.0,3.0,A,O,2.7,3.1,2.5,D,,,,,13,1.0,0.0,3.0,3.0,4.0,1.0,3.0,6.0,5.0,1.0,-2.0,-4.0,2.0,1.0,0.0,1.0,2.0,1.0,1.0,8.3,66.7,0.0,50.0,,,,
2008-04-27,2007,Guimaraes,Porto,0.0,5.0,A,O,2.75,3.2,2.37,D,,,,,12,4.0,3.0,0.0,0.0,5.0,6.0,-1.0,0.0,3.0,-3.0,5.0,3.0,2.0,1.0,0.0,1.0,0.0,0.0,0.0,81.8,0.0,75.0,8.3,,,,
2008-04-26,2007,Benfica,Belenenses,2.0,0.0,H,U,1.57,3.6,5.5,H,,,,,12,1.0,3.0,1.0,0.0,7.0,6.0,1.0,7.0,2.0,5.0,0.0,4.0,-4.0,1.0,1.0,0.0,1.0,0.0,1.0,45.5,18.2,41.7,25.0,,,,
2008-04-25,2007,Sp Braga,Pacos Ferreira,2.0,1.0,H,O,2.1,3.3,3.5,H,,,,,12,1.0,1.0,1.0,3.0,3.0,3.0,0.0,1.0,9.0,-8.0,2.0,-6.0,8.0,1.0,0.0,1.0,0.0,2.0,-2.0,45.5,27.3,9.1,81.8,,,,
2008-04-21,2007,Belenenses,Setubal,5.0,0.0,H,O,2.37,3.1,2.87,H,,,,,11,1.0,2.0,3.0,1.0,5.0,6.0,-1.0,8.0,4.0,4.0,-3.0,2.0,-5.0,0.0,1.0,-1.0,1.0,0.0,1.0,30.0,40.0,25.0,16.7,,,,
2008-04-20,2007,Porto,Benfica,2.0,0.0,H,U,2.0,3.25,3.5,H,,,,,11,4.0,1.0,0.0,0.0,12.0,4.0,8.0,0.0,2.0,-2.0,12.0,2.0,10.0,3.0,1.0,2.0,0.0,0.0,0.0,90.0,0.0,45.5,9.1,,,,
2008-04-20,2007,Pacos Ferreira,Naval,2.0,2.0,D,O,2.0,3.25,3.5,D,,,,,12,1.0,2.0,1.0,2.0,6.0,4.0,2.0,6.0,5.0,1.0,0.0,-1.0,1.0,0.0,1.0,-1.0,0.0,1.0,-1.0,27.3,36.4,36.4,63.6,,,,
2008-04-20,2007,Leixoes,Est Amadora,0.0,0.0,D,U,2.1,3.2,3.2,D,,,,,13,0.0,0.0,2.0,3.0,6.0,2.0,4.0,8.0,11.0,-3.0,-2.0,-9.0,7.0,0.0,0.0,0.0,0.0,2.0,-2.0,16.7,25.0,0.0,54.5,,,,
2008-04-20,2007,Leiria,Sp Lisbon,4.0,1.0,H,O,8.0,4.0,1.36,H,,,,,12,0.0,2.0,4.0,2.0,1.0,6.0,-5.0,7.0,5.0,2.0,-6.0,1.0,-7.0,0.0,1.0,-1.0,2.0,1.0,1.0,0.0,72.7,30.0,40.0,,,,
2008-04-20,2007,Boavista,Nacional,1.0,0.0,H,U,2.0,3.0,3.75,D,,,,,11,2.0,0.0,0.0,3.0,4.0,2.0,2.0,1.0,7.0,-6.0,3.0,-5.0,8.0,1.0,0.0,1.0,0.0,1.0,-1.0,30.0,20.0,10.0,60.0,,,,
2008-04-19,2007,Maritimo,Sp Braga,4.0,1.0,H,O,2.25,3.2,2.9,A,,,,,12,1.0,2.0,1.0,1.0,3.0,4.0,-1.0,5.0,3.0,2.0,-2.0,1.0,-3.0,0.0,1.0,-1.0,1.0,1.0,0.0,36.4,36.4,30.0,40.0,,,,
2008-04-18,2007,Academica,Guimaraes,0.0,0.0,D,U,3.0,3.2,2.37,D,,,,,11,1.0,1.0,0.0,1.0,2.0,3.0,-1.0,1.0,3.0,-2.0,1.0,0.0,1.0,0.0,0.0,0.0,0.0,0.0,0.0,20.0,20.0,27.3,36.4,,,,
2008-04-14,2007,Sp Braga,Leiria,0.0,1.0,A,U,1.33,4.33,9.0,D,,,,,11,1.0,0.0,1.0,3.0,5.0,5.0,0.0,3.0,10.0,-7.0,2.0,-5.0,7.0,1.0,0.0,1.0,0.0,2.0,-2.0,50.0,20.0,0.0,70.0,,,,
2008-04-13,2007,Sp Lisbon,Leixoes,2.0,0.0,H,U,1.2,5.5,13.0,D,,,,,12,3.0,0.0,0.0,3.0,9.0,1.0,8.0,2.0,5.0,-3.0,7.0,-4.0,11.0,3.0,0.0,3.0,0.0,1.0,-1.0,72.7,0.0,0.0,44.4,,,,
2008-04-13,2007,Naval,Maritimo,0.0,3.0,A,O,2.5,3.1,2.7,A,,,,,12,1.0,2.0,2.0,2.0,4.0,5.0,-1.0,8.0,4.0,4.0,-4.0,1.0,-5.0,0.0,1.0,-1.0,2.0,0.0,2.0,27.3,36.4,40.0,50.0,,,,
2008-04-13,2007,Nacional,Pacos Ferreira,1.0,2.0,A,O,1.83,3.25,4.2,A,,,,,12,3.0,0.0,1.0,4.0,4.0,2.0,2.0,1.0,10.0,-9.0,3.0,-8.0,11.0,1.0,0.0,1.0,0.0,2.0,-2.0,54.5,27.3,0.0,90.0,,,,
2008-04-12,2007,Setubal,Porto,1.0,2.0,A,O,4.0,3.1,1.9,A,,,,,11,3.0,3.0,1.0,0.0,6.0,7.0,-1.0,3.0,2.0,1.0,3.0,5.0,-2.0,1.0,1.0,0.0,0.0,0.0,0.0,70.0,10.0,72.7,9.1,,,,
2008-04-12,2007,Guimaraes,Boavista,1.0,0.0,H,U,1.72,3.3,4.75,H,,,,,11,4.0,1.0,0.0,1.0,5.0,7.0,-2.0,0.0,8.0,-8.0,5.0,-1.0,6.0,1.0,0.0,1.0,0.0,1.0,-1.0,80.0,0.0,10.0,40.0,,,,
2008-04-12,2007,Est Amadora,Belenenses,0.0,2.0,A,U,2.4,3.0,2.9,A,,,,,11,3.0,3.0,1.0,0.0,8.0,6.0,2.0,4.0,3.0,1.0,4.0,3.0,1.0,2.0,0.0,2.0,0.0,0.0,0.0,50.0,20.0,36.4,27.3,,,,
2008-04-11,2007,Benfica,Academica,0.0,3.0,A,O,1.25,5.5,12.0,A,,,,,11,2.0,0.0,0.0,2.0,10.0,4.0,6.0,4.0,7.0,-3.0,6.0,-3.0,9.0,2.0,0.0,2.0,0.0,1.0,-1.0,50.0,10.0,9.1,54.5,,,,
2008-04-07,2007,Leixoes,Belenenses,1.0,2.0,A,O,2.25,2.9,3.25,A,,,,,12,0.0,2.0,1.0,1.0,6.0,4.0,2.0,7.0,3.0,4.0,-1.0,1.0,-2.0,0.0,0.0,0.0,0.0,0.0,0.0,18.2,18.2,30.0,30.0,,,,
2008-04-06,2007,Sp Lisbon,Sp Braga,2.0,0.0,H,U,1.61,3.4,5.5,H,,,,,11,3.0,2.0,0.0,0.0,9.0,4.0,5.0,3.0,1.0,2.0,6.0,3.0,3.0,2.0,1.0,1.0,0.0,0.0,0.0,70.0,0.0,33.3,33.3,,,,
2008-04-06,2007,Maritimo,Nacional,1.0,0.0,H,U,2.25,3.0,3.2,D,,,,,11,0.0,0.0,2.0,3.0,3.0,2.0,1.0,7.0,7.0,0.0,-4.0,-5.0,1.0,0.0,0.0,0.0,1.0,1.0,0.0,30.0,40.0,11.1,55.6,,,,
2008-04-06,2007,Leiria,Naval,0.0,2.0,A,U,2.6,3.1,2.6,A,,,,,11,0.0,1.0,4.0,3.0,2.0,2.0,0.0,7.0,7.0,0.0,-5.0,-5.0,0.0,0.0,0.0,0.0,1.0,2.0,-1.0,0.0,70.0,30.0,70.0,,,,
2008-04-06,2007,Boavista,Benfica,0.0,0.0,D,U,3.6,3.3,1.95,D,,,,,10,3.0,1.0,0.0,1.0,7.0,4.0,3.0,3.0,3.0,0.0,4.0,1.0,3.0,1.0,1.0,0.0,0.0,0.0,0.0,33.3,22.2,50.0,10.0,,,,
2008-04-05,2007,Porto,Est Amadora,6.0,0.0,H,O,1.2,5.5,12.0,H,,,,,10,4.0,0.0,0.0,3.0,8.0,2.0,6.0,0.0,8.0,-8.0,8.0,-6.0,14.0,3.0,0.0,3.0,0.0,2.0,-2.0,88.9,0.0,0.0,50.0,,,,
2008-04-05,2007,Academica,Setubal,0.0,0.0,D,U,2.45,3.0,2.8,D,,,,,10,1.0,2.0,1.0,1.0,3.0,7.0,-4.0,4.0,5.0,-1.0,-1.0,2.0,-3.0,0.0,1.0,-1.0,1.0,0.0,1.0,22.2,22.2,27.3,18.2,,,,
2008-04-04,2007,Pacos Ferreira,Guimaraes,2.0,2.0,D,O,3.1,3.1,2.37,A,,,,,11,1.0,1.0,2.0,2.0,4.0,1.0,3.0,6.0,3.0,3.0,-2.0,-2.0,0.0,0.0,0.0,0.0,1.0,1.0,0.0,30.0,40.0,30.0,40.0,,,,
2008-03-31,2007,Setubal,Boavista,3.0,1.0,H,O,2.15,3.1,3.6,H,,,,,10,2.0,1.0,1.0,1.0,4.0,6.0,-2.0,3.0,7.0,-4.0,1.0,-1.0,2.0,0.0,0.0,0.0,0.0,1.0,-1.0,66.7,11.1,11.1,33.3,,,,
2008-03-30,2007,Sp Braga,Leixoes,0.0,0.0,D,U,1.57,3.75,6.5,D,,,,,10,2.0,0.0,1.0,3.0,7.0,2.0,5.0,4.0,6.0,-2.0,3.0,-4.0,7.0,1.0,0.0,1.0,0.0,1.0,-1.0,55.6,22.2,0.0,50.0,,,,
2008-03-30,2007,Naval,Sp Lisbon,1.0,4.0,A,O,4.5,3.4,1.72,A,,,,,11,1.0,1.0,2.0,2.0,3.0,3.0,0.0,5.0,5.0,0.0,-2.0,-2.0,0.0,0.0,0.0,0.0,1.0,1.0,0.0,30.0,30.0,22.2,44.4,,,,
2008-03-30,2007,Nacional,Leiria,2.0,0.0,H,U,1.53,3.75,7.0,H,,,,,11,3.0,0.0,1.0,2.0,3.0,6.0,-3.0,1.0,9.0,-8.0,2.0,-3.0,5.0,0.0,0.0,0.0,0.0,1.0,-1.0,50.0,30.0,0.0,66.7,,,,
2008-03-30,2007,Benfica,Pacos Ferreira,4.0,1.0,H,O,1.25,5.0,10.0,D,,,,,10,1.0,0.0,1.0,4.0,6.0,2.0,4.0,4.0,8.0,-4.0,2.0,-6.0,8.0,1.0,0.0,1.0,0.0,1.0,-1.0,44.4,11.1,0.0,88.9,,,,
2008-03-30,2007,Belenenses,Porto,1.0,2.0,A,O,4.33,3.4,1.72,H,,,,,10,1.0,2.0,2.0,1.0,4.0,5.0,-1.0,6.0,2.0,4.0,-2.0,3.0,-5.0,0.0,1.0,-1.0,1.0,0.0,1.0,33.3,33.3,70.0,10.0,,,,
2008-03-29,2007,Est Amadora,Academica,3.0,1.0,H,O,2.05,3.1,3.5,H,,,,,10,3.0,1.0,1.0,1.0,7.0,4.0,3.0,3.0,4.0,-1.0,4.0,0.0,4.0,2.0,0.0,2.0,0.0,0.0,0.0,44.4,22.2,10.0,50.0,,,,
2008-03-28,2007,Guimaraes,Maritimo,1.0,0.0,H,U,1.7,3.5,5.25,D,,,,,10,4.0,2.0,0.0,2.0,6.0,6.0,0.0,1.0,5.0,-4.0,5.0,1.0,4.0,1.0,1.0,0.0,0.0,0.0,0.0,77.8,0.0,44.4,44.4,,,,
2008-03-17,2007,Sp Lisbon,Nacional,4.0,1.0,H,O,1.53,3.6,7.5,D,,,,,10,2.0,1.0,0.0,2.0,6.0,4.0,2.0,3.0,4.0,-1.0,3.0,0.0,3.0,1.0,1.0,0.0,0.0,0.0,0.0,66.7,0.0,12.5,50.0,,,,
2008-03-16,2007,Sp Braga,Naval,3.0,0.0,H,O,1.61,3.3,5.5,H,,,,,9,2.0,2.0,1.0,2.0,7.0,3.0,4.0,4.0,4.0,0.0,3.0,-1.0,4.0,1.0,0.0,1.0,0.0,1.0,-1.0,50.0,25.0,33.3,66.7,,,,
2008-03-16,2007,Pacos Ferreira,Setubal,2.0,1.0,H,O,2.4,3.0,2.9,H,,,,,10,1.0,3.0,2.0,0.0,3.0,7.0,-4.0,5.0,3.0,2.0,-2.0,4.0,-6.0,0.0,1.0,-1.0,1.0,0.0,1.0,22.2,44.4,30.0,10.0,,,,
2008-03-16,2007,Maritimo,Benfica,1.0,1.0,D,U,3.75,3.2,2.05,A,,,,,10,0.0,2.0,3.0,1.0,2.0,6.0,-4.0,7.0,3.0,4.0,-5.0,3.0,-8.0,0.0,2.0,-2.0,1.0,0.0,1.0,33.3,44.4,55.6,11.1,,,,
2008-03-16,2007,Boavista,Est Amadora,2.0,1.0,H,O,1.9,3.1,4.2,D,,,,,9,2.0,0.0,0.0,2.0,8.0,1.0,7.0,5.0,6.0,-1.0,3.0,-5.0,8.0,1.0,0.0,1.0,0.0,2.0,-2.0,25.0,25.0,0.0,44.4,,,,
2008-03-15,2007,Leixoes,Porto,1.0,2.0,A,O,7.5,3.6,1.53,D,,,,,11,1.0,2.0,0.0,1.0,7.0,4.0,3.0,6.0,1.0,5.0,1.0,3.0,-2.0,0.0,1.0,-1.0,0.0,0.0,0.0,20.0,10.0,66.7,11.1,,,,
2008-03-15,2007,Academica,Belenenses,0.0,0.0,D,U,2.5,3.1,2.9,D,,,,,9,1.0,2.0,1.0,1.0,6.0,5.0,1.0,7.0,4.0,3.0,-1.0,1.0,-2.0,0.0,0.0,0.0,1.0,0.0,1.0,25.0,25.0,33.3,33.3,,,,
2008-03-14,2007,Leiria,Guimaraes,0.0,1.0,A,U,4.2,3.2,1.95,D,,,,,10,0.0,0.0,3.0,3.0,2.0,2.0,0.0,6.0,6.0,0.0,-4.0,-4.0,0.0,0.0,0.0,0.0,1.0,1.0,0.0,0.0,66.7,22.2,44.4,,,,
2008-03-10,2007,Belenenses,Boavista,2.0,3.0,A,O,1.9,3.1,4.0,D,,,,,9,1.0,0.0,1.0,2.0,3.0,4.0,-1.0,4.0,11.0,-7.0,-1.0,-7.0,6.0,0.0,0.0,0.0,1.0,2.0,-1.0,37.5,25.0,0.0,37.5,,,,
2008-03-09,2007,Porto,Academica,1.0,0.0,H,U,1.14,7.5,12.0,H,,,,,9,3.0,1.0,0.0,1.0,8.0,5.0,3.0,1.0,5.0,-4.0,7.0,0.0,7.0,3.0,0.0,3.0,0.0,0.0,0.0,87.5,0.0,11.1,44.4,,,,
2008-03-09,2007,Naval,Leixoes,2.0,1.0,H,O,2.2,2.9,3.4,D,,,,,10,1.0,0.0,2.0,3.0,3.0,1.0,2.0,5.0,7.0,-2.0,-2.0,-6.0,4.0,0.0,0.0,0.0,1.0,2.0,-1.0,22.2,33.3,0.0,42.9,,,,
2008-03-09,2007,Guimaraes,Sp Lisbon,2.0,0.0,H,U,2.87,3.1,2.5,H,,,,,9,3.0,1.0,0.0,2.0,4.0,3.0,1.0,1.0,6.0,-5.0,3.0,-3.0,6.0,0.0,0.0,0.0,0.0,1.0,-1.0,75.0,0.0,25.0,37.5,,,,
2008-03-09,2007,Benfica,Leiria,2.0,2.0,D,O,1.16,7.0,16.0,A,,,,,9,2.0,0.0,1.0,3.0,10.0,4.0,6.0,3.0,8.0,-5.0,7.0,-4.0,11.0,2.0,0.0,2.0,0.0,1.0,-1.0,50.0,12.5,0.0,75.0,,,,
2008-03-08,2007,Nacional,Sp Braga,0.0,1.0,A,U,2.5,3.1,2.87,A,,,,,10,4.0,1.0,0.0,1.0,5.0,3.0,2.0,0.0,4.0,-4.0,5.0,-1.0,6.0,1.0,1.0,0.0,0.0,1.0,-1.0,55.6,22.2,25.0,37.5,,,,
2008-03-08,2007,Est Amadora,Pacos Ferreira,1.0,0.0,H,U,1.9,3.1,4.0,H,,,,,9,2.0,0.0,1.0,3.0,8.0,2.0,6.0,5.0,7.0,-2.0,3.0,-5.0,8.0,2.0,0.0,2.0,0.0,1.0,-1.0,37.5,25.0,0.0,87.5,,,,
2008-03-07,2007,Setubal,Maritimo,1.0,0.0,H,U,2.1,3.2,3.6,D,,,,,9,2.0,3.0,1.0,1.0,6.0,8.0,-2.0,4.0,4.0,0.0,2.0,4.0,-2.0,1.0,2.0,-1.0,0.0,0.0,0.0,62.5,12.5,50.0,37.5,,,,
2008-03-03,2007,Pacos Ferreira,Belenenses,1.0,2.0,A,O,2.62,3.1,2.75,A,,,,,9,1.0,1.0,2.0,1.0,3.0,4.0,-1.0,5.0,4.0,1.0,-2.0,0.0,-2.0,0.0,0.0,0.0,1.0,0.0,1.0,25.0,37.5,25.0,37.5,,,,
2008-03-02,2007,Sp Lisbon,Benfica,1.0,1.0,D,U,2.45,3.1,3.0,D,,,,,9,3.0,3.0,0.0,1.0,9.0,7.0,2.0,3.0,3.0,0.0,6.0,4.0,2.0,2.0,2.0,0.0,0.0,0.0,0.0,75.0,0.0,62.5,12.5,,,,
2008-03-02,2007,Naval,Nacional,1.0,1.0,D,U,2.7,3.1,2.5,A,,,,,9,2.0,1.0,2.0,3.0,3.0,3.0,0.0,4.0,4.0,0.0,-1.0,-1.0,0.0,0.0,1.0,-1.0,1.0,0.0,1.0,25.0,37.5,14.3,57.1,,,,
2008-03-02,2007,Maritimo,Est Amadora,1.0,1.0,D,U,1.83,3.25,4.0,A,,,,,9,0.0,0.0,4.0,2.0,1.0,3.0,-2.0,7.0,8.0,-1.0,-6.0,-5.0,-1.0,0.0,0.0,0.0,1.0,2.0,-1.0,37.5,50.0,0.0,50.0,,,,
2008-03-01,2007,Leixoes,Academica,2.0,2.0,D,O,2.15,3.1,3.6,D,,,,,10,1.0,1.0,0.0,2.0,6.0,4.0,2.0,5.0,6.0,-1.0,1.0,-2.0,3.0,0.0,0.0,0.0,0.0,1.0,-1.0,22.2,11.1,12.5,50.0,,,,
2008-03-01,2007,Leiria,Setubal,0.0,2.0,A,U,2.87,3.1,2.37,A,,,,,9,0.0,2.0,3.0,1.0,3.0,5.0,-2.0,7.0,5.0,2.0,-4.0,0.0,-4.0,0.0,0.0,0.0,1.0,1.0,0.0,0.0,62.5,22.2,11.1,,,,
2008-03-01,2007,Boavista,Porto,0.0,0.0,D,U,4.0,3.3,2.0,D,,,,,8,2.0,2.0,1.0,1.0,10.0,6.0,4.0,9.0,3.0,6.0,1.0,3.0,-2.0,1.0,1.0,0.0,1.0,0.0,1.0,28.6,28.6,75.0,12.5,,,,
2008-02-29,2007,Sp Braga,Guimaraes,0.0,0.0,D,U,2.3,3.1,3.2,D,,,,,8,3.0,1.0,1.0,3.0,8.0,3.0,5.0,4.0,6.0,-2.0,4.0,-3.0,7.0,1.0,0.0,1.0,0.0,1.0,-1.0,57.1,28.6,25.0,50.0,,,,
2008-02-25,2007,Academica,Boavista,1.0,1.0,D,U,2.3,3.0,3.1,D,,,,,8,1.0,0.0,2.0,2.0,5.0,3.0,2.0,7.0,10.0,-3.0,-2.0,-7.0,5.0,0.0,0.0,0.0,1.0,2.0,-1.0,28.6,28.6,0.0,42.9,,,,
2008-02-24,2007,Setubal,Sp Lisbon,1.0,0.0,H,U,3.6,3.2,2.0,H,,,,,8,2.0,1.0,1.0,1.0,8.0,3.0,5.0,5.0,5.0,0.0,3.0,-2.0,5.0,2.0,0.0,2.0,0.0,1.0,-1.0,57.1,14.3,28.6,28.6,,,,
2008-02-24,2007,Nacional,Leixoes,1.0,0.0,H,U,1.8,3.2,4.75,D,,,,,9,3.0,0.0,1.0,2.0,4.0,2.0,2.0,2.0,7.0,-5.0,2.0,-5.0,7.0,1.0,0.0,1.0,1.0,2.0,-1.0,50.0,25.0,0.0,33.3,,,,
2008-02-24,2007,Benfica,Sp Braga,1.0,1.0,D,U,1.53,3.75,7.0,D,,,,,8,3.0,1.0,1.0,1.0,11.0,3.0,8.0,3.0,4.0,-1.0,8.0,-1.0,9.0,2.0,1.0,1.0,0.0,1.0,-1.0,57.1,14.3,28.6,42.9,,,,
2008-02-23,2007,Porto,Pacos Ferreira,3.0,0.0,H,O,1.16,6.5,18.0,H,,,,,8,3.0,0.0,0.0,3.0,8.0,3.0,5.0,1.0,7.0,-6.0,7.0,-4.0,11.0,3.0,0.0,3.0,0.0,1.0,-1.0,85.7,0.0,0.0,85.7,,,,
2008-02-23,2007,Est Amadora,Leiria,4.0,2.0,H,O,2.05,3.1,3.6,A,,,,,8,1.0,0.0,1.0,3.0,4.0,3.0,1.0,3.0,6.0,-3.0,1.0,-3.0,4.0,1.0,0.0,1.0,0.0,0.0,0.0,28.6,28.6,0.0,71.4,,,,
2008-02-23,2007,Belenenses,Maritimo,1.0,3.0,A,O,1.95,3.25,4.0,D,,,,,8,1.0,2.0,0.0,2.0,2.0,6.0,-4.0,1.0,5.0,-4.0,1.0,1.0,0.0,0.0,1.0,-1.0,0.0,0.0,0.0,42.9,14.3,42.9,42.9,,,,
2008-02-22,2007,Guimaraes,Naval,1.0,0.0,H,U,1.7,3.4,5.5,H,,,,,8,3.0,2.0,0.0,2.0,5.0,4.0,1.0,2.0,7.0,-5.0,3.0,-3.0,6.0,0.0,0.0,0.0,0.0,2.0,-2.0,71.4,0.0,37.5,62.5,,,,
2008-02-18,2007,Leiria,Belenenses,1.0,2.0,A,O,2.8,3.1,2.45,A,,,,,8,0.0,1.0,3.0,1.0,3.0,6.0,-3.0,7.0,5.0,2.0,-4.0,1.0,-5.0,0.0,1.0,-1.0,1.0,0.0,1.0,0.0,57.1,14.3,42.9,,,,
2008-02-17,2007,Sp Lisbon,Est Amadora,2.0,0.0,H,U,1.3,4.75,9.0,H,,,,,8,3.0,0.0,0.0,2.0,10.0,4.0,6.0,3.0,8.0,-5.0,7.0,-4.0,11.0,2.0,0.0,2.0,0.0,1.0,-1.0,71.4,0.0,0.0,42.9,,,,
2008-02-17,2007,Sp Braga,Setubal,2.0,3.0,A,O,1.8,3.2,4.33,A,,,,,7,3.0,1.0,0.0,1.0,6.0,5.0,1.0,1.0,6.0,-5.0,5.0,-1.0,6.0,1.0,0.0,1.0,0.0,1.0,-1.0,66.7,16.7,12.5,12.5,,,,
2008-02-17,2007,Pacos Ferreira,Academica,1.0,1.0,D,U,2.1,3.2,3.25,D,,,,,8,2.0,1.0,2.0,2.0,4.0,3.0,1.0,5.0,5.0,0.0,-1.0,-2.0,1.0,0.0,0.0,0.0,1.0,1.0,0.0,28.6,42.9,14.3,57.1,,,,
2008-02-17,2007,Naval,Benfica,0.0,2.0,A,U,4.75,3.6,1.66,A,,,,,8,2.0,3.0,1.0,1.0,4.0,7.0,-3.0,3.0,4.0,-1.0,1.0,3.0,-2.0,0.0,1.0,-1.0,0.0,0.0,0.0,28.6,28.6,57.1,14.3,,,,
2008-02-16,2007,Nacional,Guimaraes,1.0,0.0,H,U,2.37,3.0,2.9,D,,,,,8,2.0,1.0,1.0,3.0,3.0,3.0,0.0,2.0,8.0,-6.0,1.0,-5.0,6.0,1.0,0.0,1.0,1.0,2.0,-1.0,42.9,28.6,28.6,42.9,,,,
2008-02-16,2007,Leixoes,Boavista,2.0,2.0,D,O,2.2,3.1,3.2,D,,,,,9,2.0,0.0,0.0,3.0,7.0,1.0,6.0,3.0,10.0,-7.0,4.0,-9.0,13.0,1.0,0.0,1.0,0.0,3.0,-3.0,25.0,12.5,0.0,50.0,,,,
2008-02-15,2007,Maritimo,Porto,0.0,3.0,A,O,5.25,3.2,1.8,A,,,,,8,0.0,2.0,3.0,1.0,1.0,4.0,-3.0,4.0,3.0,1.0,-3.0,1.0,-4.0,0.0,0.0,0.0,0.0,0.0,0.0,42.9,42.9,71.4,14.3,,,,
2008-02-04,2007,Setubal,Naval,1.0,2.0,A,O,1.75,3.3,4.5,A,,,,,7,3.0,2.0,0.0,2.0,9.0,3.0,6.0,3.0,6.0,-3.0,6.0,-3.0,9.0,3.0,0.0,3.0,0.0,2.0,-2.0,66.7,0.0,28.6,71.4,,,,
2007-12-23,2007,Leixoes,Setubal,1.0,1.0,D,U,2.37,3.1,2.87,D,,,,,8,2.0,1.0,1.0,1.0,6.0,4.0,2.0,3.0,5.0,-2.0,3.0,-1.0,4.0,1.0,0.0,1.0,0.0,1.0,-1.0,28.6,14.3,14.3,14.3,,,,
2007-12-23,2007,Leiria,Maritimo,1.0,2.0,A,O,2.25,3.2,3.0,D,,,,,7,0.0,1.0,2.0,2.0,2.0,5.0,-3.0,5.0,5.0,0.0,-3.0,0.0,-3.0,0.0,1.0,-1.0,1.0,0.0,1.0,0.0,50.0,33.3,50.0,,,,
2007-12-22,2007,Sp Lisbon,Pacos Ferreira,2.0,1.0,H,O,1.25,5.25,13.0,D,,,,,7,2.0,0.0,0.0,3.0,10.0,2.0,8.0,4.0,6.0,-2.0,6.0,-4.0,10.0,2.0,0.0,2.0,0.0,1.0,-1.0,66.7,0.0,0.0,83.3,,,,
2007-12-22,2007,Naval,Academica,0.0,1.0,A,U,2.25,3.2,2.9,D,,,,,7,2.0,0.0,1.0,2.0,5.0,2.0,3.0,6.0,5.0,1.0,-1.0,-3.0,2.0,0.0,0.0,0.0,1.0,1.0,0.0,33.3,16.7,0.0,66.7,,,,
2007-12-22,2007,Guimaraes,Belenenses,1.0,0.0,H,U,2.0,3.2,4.0,H,,,,,7,3.0,1.0,0.0,1.0,5.0,6.0,-1.0,2.0,6.0,-4.0,3.0,0.0,3.0,0.0,1.0,-1.0,0.0,1.0,-1.0,66.7,0.0,16.7,33.3,,,,
2007-12-21,2007,Nacional,Porto,1.0,0.0,H,U,7.0,3.75,1.53,D,,,,,7,2.0,3.0,1.0,0.0,4.0,6.0,-2.0,2.0,2.0,0.0,2.0,4.0,-2.0,2.0,1.0,1.0,1.0,0.0,1.0,33.3,33.3,83.3,0.0,,,,
2007-12-18,2007,Benfica,Est Amadora,3.0,0.0,H,O,1.28,5.25,11.0,D,,,,,7,2.0,0.0,1.0,1.0,8.0,4.0,4.0,3.0,5.0,-2.0,5.0,-1.0,6.0,1.0,0.0,1.0,0.0,0.0,0.0,50.0,16.7,0.0,33.3,,,,
2007-12-16,2007,Maritimo,Sp Lisbon,1.0,2.0,A,O,3.5,3.3,2.1,D,,,,,7,1.0,0.0,2.0,1.0,2.0,1.0,1.0,2.0,4.0,-2.0,0.0,-3.0,3.0,1.0,0.0,1.0,0.0,1.0,-1.0,50.0,33.3,16.7,33.3,,,,
2007-12-16,2007,Leixoes,Leiria,2.0,1.0,H,O,2.37,3.1,2.87,H,,,,,7,1.0,0.0,1.0,3.0,5.0,2.0,3.0,3.0,6.0,-3.0,2.0,-4.0,6.0,1.0,0.0,1.0,0.0,1.0,-1.0,16.7,16.7,0.0,66.7,,,,
2007-12-16,2007,Est Amadora,Setubal,0.0,1.0,A,U,2.37,3.2,2.87,D,,,,,7,1.0,0.0,0.0,1.0,5.0,5.0,0.0,3.0,7.0,-4.0,2.0,-2.0,4.0,1.0,0.0,1.0,0.0,1.0,-1.0,33.3,16.7,0.0,16.7,,,,
2007-12-16,2007,Boavista,Naval,2.0,0.0,H,U,2.0,3.3,3.4,H,,,,,7,1.0,2.0,1.0,2.0,8.0,3.0,5.0,9.0,6.0,3.0,-1.0,-3.0,2.0,0.0,0.0,0.0,1.0,2.0,-1.0,16.7,33.3,33.3,66.7,,,,
2007-12-16,2007,Academica,Nacional,1.0,0.0,H,U,2.37,3.1,2.87,D,,,,,7,0.0,1.0,2.0,2.0,5.0,4.0,1.0,8.0,4.0,4.0,-3.0,0.0,-3.0,0.0,1.0,-1.0,1.0,0.0,1.0,16.7,33.3,16.7,50.0,,,,
2007-12-15,2007,Porto,Guimaraes,2.0,0.0,H,U,1.3,4.5,9.0,D,,,,,7,3.0,2.0,0.0,2.0,8.0,7.0,1.0,1.0,7.0,-6.0,7.0,0.0,7.0,3.0,1.0,2.0,0.0,1.0,-1.0,83.3,0.0,33.3,33.3,,,,
2007-12-15,2007,Belenenses,Benfica,1.0,0.0,H,U,4.75,3.3,1.83,D,,,,,7,1.0,3.0,0.0,0.0,2.0,7.0,-5.0,1.0,3.0,-2.0,1.0,4.0,-3.0,0.0,1.0,-1.0,0.0,0.0,0.0,33.3,16.7,66.7,0.0,,,,
2007-12-14,2007,Pacos Ferreira,Sp Braga,0.0,2.0,A,U,2.9,3.1,2.5,A,,,,,7,2.0,0.0,2.0,2.0,4.0,1.0,3.0,5.0,5.0,0.0,-1.0,-4.0,3.0,0.0,0.0,0.0,1.0,1.0,0.0,33.3,33.3,16.7,50.0,,,,
2007-12-03,2007,Guimaraes,Academica,2.0,1.0,H,O,1.7,3.5,5.25,A,,,,,6,3.0,0.0,0.0,2.0,4.0,1.0,3.0,1.0,5.0,-4.0,3.0,-4.0,7.0,0.0,0.0,0.0,0.0,2.0,-2.0,60.0,0.0,0.0,60.0,,,,
2007-12-02,2007,Sp Lisbon,Leiria,1.0,1.0,D,U,1.25,5.25,13.0,D,,,,,6,3.0,0.0,0.0,4.0,10.0,2.0,8.0,3.0,7.0,-4.0,7.0,-5.0,12.0,2.0,0.0,2.0,0.0,1.0,-1.0,80.0,0.0,0.0,80.0,,,,
2007-12-02,2007,Sp Braga,Maritimo,2.0,1.0,H,O,1.83,3.4,4.5,D,,,,,6,3.0,1.0,0.0,2.0,6.0,4.0,2.0,1.0,4.0,-3.0,5.0,0.0,5.0,1.0,1.0,0.0,0.0,0.0,0.0,60.0,20.0,40.0,40.0,,,,
2007-12-02,2007,Naval,Pacos Ferreira,2.0,1.0,H,O,2.25,2.9,3.25,D,,,,,6,1.0,0.0,1.0,3.0,3.0,1.0,2.0,5.0,5.0,0.0,-2.0,-4.0,2.0,0.0,0.0,0.0,1.0,1.0,0.0,20.0,20.0,0.0,80.0,,,,
2007-12-02,2007,Nacional,Boavista,2.0,0.0,H,U,2.05,3.2,3.4,D,,,,,6,1.0,0.0,2.0,2.0,2.0,2.0,0.0,5.0,9.0,-4.0,-3.0,-7.0,4.0,1.0,0.0,1.0,2.0,2.0,0.0,20.0,40.0,0.0,40.0,,,,
2007-12-02,2007,Est Amadora,Leixoes,2.0,0.0,H,U,2.2,3.0,3.2,D,,,,,6,0.0,0.0,1.0,1.0,3.0,2.0,1.0,5.0,5.0,0.0,-2.0,-3.0,1.0,0.0,0.0,0.0,1.0,1.0,0.0,20.0,20.0,0.0,20.0,,,,
2007-12-01,2007,Benfica,Porto,0.0,1.0,A,U,2.45,3.0,2.8,A,,,,,6,3.0,3.0,0.0,0.0,11.0,8.0,3.0,2.0,2.0,0.0,9.0,6.0,3.0,2.0,2.0,0.0,0.0,0.0,0.0,60.0,0.0,80.0,0.0,,,,
2007-11-30,2007,Setubal,Belenenses,1.0,1.0,D,U,2.25,3.2,3.25,D,,,,,6,4.0,1.0,0.0,2.0,11.0,5.0,6.0,3.0,6.0,-3.0,8.0,-1.0,9.0,4.0,1.0,3.0,0.0,1.0,-1.0,80.0,0.0,20.0,40.0,,,,
2007-11-26,2007,Boavista,Guimaraes,3.0,2.0,H,O,2.35,3.1,3.2,H,,,,,6,0.0,2.0,1.0,1.0,5.0,7.0,-2.0,7.0,6.0,1.0,-2.0,1.0,-3.0,0.0,1.0,-1.0,1.0,1.0,0.0,0.0,40.0,40.0,20.0,,,,
2007-11-25,2007,Porto,Setubal,2.0,0.0,H,U,1.28,4.75,10.0,H,,,,,6,3.0,0.0,0.0,0.0,7.0,5.0,2.0,1.0,5.0,-4.0,6.0,0.0,6.0,2.0,0.0,2.0,0.0,0.0,0.0,80.0,0.0,0.0,0.0,,,,
2007-11-25,2007,Pacos Ferreira,Nacional,1.0,0.0,H,U,2.25,3.0,3.25,H,,,,,6,1.0,1.0,2.0,2.0,4.0,4.0,0.0,6.0,4.0,2.0,-2.0,0.0,-2.0,0.0,1.0,-1.0,1.0,0.0,1.0,20.0,40.0,20.0,40.0,,,,
2007-11-25,2007,Maritimo,Naval,0.0,1.0,A,U,1.55,3.6,5.75,A,,,,,6,2.0,1.0,1.0,3.0,4.0,2.0,2.0,1.0,9.0,-8.0,3.0,-7.0,10.0,2.0,0.0,2.0,0.0,3.0,-3.0,60.0,20.0,20.0,80.0,,,,
2007-11-25,2007,Belenenses,Est Amadora,0.0,0.0,D,U,1.65,3.4,4.75,D,,,,,6,2.0,0.0,0.0,2.0,4.0,5.0,-1.0,2.0,7.0,-5.0,2.0,-2.0,4.0,0.0,0.0,0.0,0.0,0.0,0.0,40.0,20.0,0.0,40.0,,,,
2007-11-24,2007,Leixoes,Sp Lisbon,1.0,1.0,D,U,6.0,3.6,1.61,H,,,,,6,1.0,1.0,1.0,1.0,6.0,2.0,4.0,4.0,3.0,1.0,2.0,-1.0,3.0,1.0,1.0,0.0,0.0,1.0,-1.0,20.0,20.0,20.0,40.0,,,,
2007-11-24,2007,Academica,Benfica,1.0,3.0,A,O,7.0,4.0,1.44,D,,,,,6,1.0,3.0,1.0,0.0,5.0,7.0,-2.0,5.0,2.0,3.0,0.0,5.0,-5.0,0.0,1.0,-1.0,0.0,0.0,0.0,20.0,20.0,60.0,0.0,,,,
2007-11-23,2007,Leiria,Sp Braga,0.0,0.0,D,U,3.25,3.1,2.3,D,,,,,6,0.0,0.0,3.0,3.0,2.0,2.0,0.0,8.0,8.0,0.0,-6.0,-6.0,0.0,0.0,0.0,0.0,2.0,2.0,0.0,0.0,60.0,20.0,60.0,,,,
2007-11-12,2007,Nacional,Maritimo,0.0,2.0,A,U,2.37,3.2,3.0,A,,,,,5,1.0,1.0,1.0,2.0,2.0,4.0,-2.0,3.0,4.0,-1.0,-1.0,0.0,-1.0,1.0,1.0,0.0,1.0,0.0,1.0,25.0,25.0,25.0,50.0,,,,
2007-11-11,2007,Sp Braga,Sp Lisbon,3.0,0.0,H,O,3.3,3.2,2.1,H,,,,,5,2.0,1.0,1.0,1.0,4.0,2.0,2.0,3.0,1.0,2.0,1.0,1.0,0.0,0.0,1.0,-1.0,0.0,0.0,0.0,50.0,25.0,25.0,25.0,,,,
2007-11-11,2007,Setubal,Academica,3.0,1.0,H,O,1.72,3.3,4.75,H,,,,,5,3.0,0.0,0.0,2.0,9.0,1.0,8.0,3.0,6.0,-3.0,6.0,-5.0,11.0,3.0,0.0,3.0,0.0,2.0,-2.0,75.0,0.0,0.0,50.0,,,,
2007-11-11,2007,Naval,Leiria,1.0,0.0,H,U,2.25,3.1,3.0,D,,,,,5,0.0,0.0,1.0,3.0,3.0,3.0,0.0,6.0,7.0,-1.0,-3.0,-4.0,1.0,0.0,0.0,0.0,1.0,1.0,0.0,0.0,25.0,0.0,75.0,,,,
2007-11-11,2007,Est Amadora,Porto,2.0,2.0,D,O,8.5,4.2,1.4,A,,,,,5,1.0,4.0,1.0,0.0,4.0,8.0,-4.0,4.0,1.0,3.0,0.0,7.0,-7.0,1.0,2.0,-1.0,1.0,0.0,1.0,25.0,25.0,100.0,0.0,,,,
2007-11-11,2007,Benfica,Boavista,6.0,1.0,H,O,1.3,5.0,10.0,H,,,,,5,2.0,0.0,0.0,1.0,5.0,1.0,4.0,1.0,3.0,-2.0,4.0,-2.0,6.0,1.0,0.0,1.0,0.0,1.0,-1.0,50.0,0.0,0.0,25.0,,,,
2007-11-10,2007,Guimaraes,Pacos Ferreira,0.0,0.0,D,U,1.7,3.4,5.5,D,,,,,5,3.0,0.0,0.0,4.0,5.0,2.0,3.0,2.0,8.0,-6.0,3.0,-6.0,9.0,0.0,0.0,0.0,0.0,2.0,-2.0,75.0,0.0,0.0,100.0,,,,
2007-11-09,2007,Belenenses,Leixoes,1.0,1.0,D,U,1.75,3.4,5.0,H,,,,,5,2.0,0.0,1.0,1.0,3.0,2.0,1.0,3.0,5.0,-2.0,0.0,-3.0,3.0,0.0,0.0,0.0,1.0,1.0,0.0,50.0,25.0,0.0,25.0,,,,
2007-11-05,2007,Maritimo,Guimaraes,0.0,1.0,A,U,2.0,3.1,3.5,D,,,,,5,3.0,1.0,0.0,1.0,7.0,6.0,1.0,1.0,6.0,-5.0,6.0,0.0,6.0,3.0,1.0,2.0,0.0,1.0,-1.0,75.0,0.0,25.0,25.0,,,,
2007-11-04,2007,Sp Lisbon,Naval,4.0,1.0,H,O,1.22,5.0,12.0,D,,,,,5,3.0,1.0,0.0,3.0,10.0,2.0,8.0,3.0,8.0,-5.0,7.0,-6.0,13.0,2.0,0.0,2.0,0.0,3.0,-3.0,75.0,0.0,25.0,75.0,,,,
2007-11-04,2007,Leiria,Nacional,1.0,3.0,A,O,2.15,3.0,3.4,A,,,,,5,0.0,0.0,2.0,2.0,1.0,2.0,-1.0,5.0,4.0,1.0,-4.0,-2.0,-2.0,0.0,0.0,0.0,1.0,0.0,1.0,0.0,50.0,0.0,50.0,,,,
2007-11-04,2007,Boavista,Setubal,3.0,3.0,D,O,2.4,3.0,2.8,H,,,,,5,0.0,0.0,2.0,0.0,2.0,3.0,-1.0,6.0,3.0,3.0,-4.0,0.0,-4.0,0.0,0.0,0.0,2.0,0.0,2.0,0.0,50.0,0.0,0.0,,,,
2007-11-04,2007,Academica,Est Amadora,3.0,3.0,D,O,2.1,3.2,3.25,D,,,,,5,1.0,0.0,1.0,2.0,3.0,2.0,1.0,3.0,4.0,-1.0,0.0,-2.0,2.0,0.0,0.0,0.0,0.0,0.0,0.0,25.0,25.0,0.0,50.0,,,,
2007-11-03,2007,Pacos Ferreira,Benfica,1.0,2.0,A,O,5.0,3.3,1.66,D,,,,,5,1.0,2.0,1.0,0.0,4.0,6.0,-2.0,5.0,2.0,3.0,-1.0,4.0,-5.0,0.0,1.0,-1.0,1.0,0.0,1.0,25.0,25.0,50.0,0.0,,,,
2007-11-03,2007,Leixoes,Sp Braga,3.0,0.0,H,O,3.0,3.1,2.25,H,,,,,5,0.0,1.0,1.0,2.0,4.0,4.0,0.0,5.0,5.0,0.0,-1.0,-1.0,0.0,0.0,1.0,-1.0,0.0,1.0,-1.0,0.0,25.0,25.0,50.0,,,,
2007-11-02,2007,Porto,Belenenses,1.0,1.0,D,U,1.25,5.25,13.0,H,,,,,5,4.0,1.0,0.0,2.0,7.0,5.0,2.0,0.0,6.0,-6.0,7.0,-1.0,8.0,2.0,1.0,1.0,0.0,1.0,-1.0,100.0,0.0,25.0,50.0,,,,
2007-10-29,2007,Porto,Leixoes,3.0,0.0,H,O,1.16,6.5,12.0,H,,,,,4,,,,,,,,,,,,,,,,,,,,100.0,0.0,0.0,0.0,,,,
2007-10-29,2007,Naval,Sp Braga,1.0,1.0,D,U,3.6,3.25,1.95,H,,,,,4,,,,,,,,,,,,,,,,,,,,0.0,33.3,33.3,66.7,,,,
2007-10-28,2007,Est Amadora,Boavista,0.0,0.0,D,U,2.1,3.1,3.3,D,,,,,4,,,,,,,,,,,,,,,,,,,,33.3,33.3,0.0,33.3,,,,
2007-10-28,2007,Benfica,Maritimo,2.0,1.0,H,O,1.44,4.0,6.5,D,,,,,4,,,,,,,,,,,,,,,,,,,,33.3,0.0,33.3,33.3,,,,
2007-10-27,2007,Setubal,Pacos Ferreira,3.0,1.0,H,O,1.75,3.3,5.0,H,,,,,4,,,,,,,,,,,,,,,,,,,,66.7,0.0,0.0,100.0,,,,
2007-10-27,2007,Nacional,Sp Lisbon,0.0,0.0,D,U,4.75,3.5,1.7,D,,,,,4,,,,,,,,,,,,,,,,,,,,33.3,33.3,33.3,33.3,,,,
2007-10-27,2007,Belenenses,Academica,0.0,0.0,D,U,1.61,3.5,5.5,D,,,,,4,,,,,,,,,,,,,,,,,,,,66.7,33.3,0.0,66.7,,,,
2007-10-26,2007,Guimaraes,Leiria,2.0,1.0,H,O,1.72,3.4,4.75,A,,,,,4,,,,,,,,,,,,,,,,,,,,66.7,0.0,0.0,66.7,,,,
2007-10-08,2007,Sp Braga,Nacional,1.0,0.0,H,U,1.75,3.3,4.5,D,,,,,4,,,,,,,,,,,,,,,,,,,,33.3,33.3,0.0,33.3,,,,
2007-10-08,2007,Pacos Ferreira,Est Amadora,2.0,1.0,H,O,2.05,3.0,3.6,D,,,,,4,,,,,,,,,,,,,,,,,,,,0.0,33.3,0.0,33.3,,,,
2007-10-08,2007,Boavista,Belenenses,2.0,4.0,A,O,2.37,3.0,3.0,D,,,,,4,,,,,,,,,,,,,,,,,,,,0.0,33.3,0.0,66.7,,,,
2007-10-07,2007,Maritimo,Setubal,0.0,0.0,D,U,1.72,3.3,4.75,D,,,,,4,,,,,,,,,,,,,,,,,,,,100.0,0.0,0.0,0.0,,,,
2007-10-07,2007,Leixoes,Naval,0.0,1.0,A,U,1.72,3.3,4.5,A,,,,,4,,,,,,,,,,,,,,,,,,,,0.0,0.0,0.0,100.0,,,,
2007-10-07,2007,Leiria,Benfica,1.0,2.0,A,O,5.0,3.5,1.61,D,,,,,4,,,,,,,,,,,,,,,,,,,,0.0,33.3,33.3,0.0,,,,
2007-10-07,2007,Academica,Porto,0.0,1.0,A,U,7.5,4.2,1.36,A,,,,,4,,,,,,,,,,,,,,,,,,,,33.3,0.0,100.0,0.0,,,,
2007-10-06,2007,Sp Lisbon,Guimaraes,3.0,0.0,H,O,1.36,4.0,7.5,D,,,,,4,,,,,,,,,,,,,,,,,,,,66.7,0.0,33.3,0.0,,,,
2007-10-01,2007,Academica,Leixoes,1.0,1.0,D,U,2.15,3.2,3.0,D,,,,,3,,,,,,,,,,,,,,,,,,,,50.0,0.0,0.0,0.0,,,,
2007-09-30,2007,Setubal,Leiria,2.0,0.0,H,U,1.83,3.25,4.0,D,,,,,3,,,,,,,,,,,,,,,,,,,,50.0,0.0,0.0,50.0,,,,
2007-09-30,2007,Nacional,Naval,2.0,0.0,H,U,1.7,3.4,4.33,D,,,,,3,,,,,,,,,,,,,,,,,,,,0.0,50.0,0.0,100.0,,,,
2007-09-30,2007,Guimaraes,Sp Braga,1.0,0.0,H,U,2.1,3.2,3.1,D,,,,,3,,,,,,,,,,,,,,,,,,,,50.0,0.0,50.0,50.0,,,,
2007-09-30,2007,Est Amadora,Maritimo,1.0,1.0,D,U,2.7,3.2,2.37,D,,,,,3,,,,,,,,,,,,,,,,,,,,50.0,50.0,50.0,50.0,,,,
2007-09-30,2007,Belenenses,Pacos Ferreira,1.0,0.0,H,U,1.7,3.3,4.33,H,,,,,3,,,,,,,,,,,,,,,,,,,,50.0,50.0,0.0,100.0,,,,
2007-09-29,2007,Porto,Boavista,2.0,0.0,H,U,1.22,5.5,8.5,H,,,,,3,,,,,,,,,,,,,,,,,,,,100.0,0.0,0.0,0.0,,,,
2007-09-29,2007,Benfica,Sp Lisbon,0.0,0.0,D,U,2.15,3.2,3.0,D,,,,,3,,,,,,,,,,,,,,,,,,,,50.0,0.0,50.0,50.0,,,,
2007-09-24,2007,Boavista,Academica,0.0,0.0,D,U,1.95,3.1,3.6,D,,,,,3,,,,,,,,,,,,,,,,,,,,0.0,50.0,0.0,100.0,,,,
2007-09-23,2007,Sp Lisbon,Setubal,2.0,2.0,D,O,1.18,5.25,13.0,A,,,,,3,,,,,,,,,,,,,,,,,,,,100.0,0.0,0.0,0.0,,,,
2007-09-23,2007,Sp Braga,Benfica,0.0,0.0,D,U,3.5,3.2,1.95,D,,,,,3,,,,,,,,,,,,,,,,,,,,50.0,50.0,50.0,0.0,,,,
2007-09-23,2007,Pacos Ferreira,Porto,0.0,2.0,A,U,7.0,3.6,1.4,A,,,,,3,,,,,,,,,,,,,,,,,,,,0.0,0.0,100.0,0.0,,,,
2007-09-23,2007,Maritimo,Belenenses,2.0,0.0,H,U,1.83,3.25,4.0,H,,,,,3,,,,,,,,,,,,,,,,,,,,100.0,0.0,0.0,50.0,,,,
2007-09-23,2007,Leixoes,Nacional,1.0,1.0,D,U,2.05,3.2,3.2,A,,,,,3,,,,,,,,,,,,,,,,,,,,0.0,0.0,0.0,50.0,,,,
2007-09-23,2007,Leiria,Est Amadora,0.0,0.0,D,U,1.9,3.2,3.75,D,,,,,3,,,,,,,,,,,,,,,,,,,,0.0,50.0,0.0,50.0,,,,
2007-09-21,2007,Naval,Guimaraes,1.0,4.0,A,O,2.5,3.2,2.87,A,,,,,3,,,,,,,,,,,,,,,,,,,,0.0,0.0,0.0,0.0,,,,
2007-09-17,2007,Guimaraes,Nacional,1.0,0.0,H,U,1.9,3.2,3.75,D,,,,,2,,,,,,,,,,,,,,,,,,,,0.0,0.0,0.0,0.0,,,,
2007-09-16,2007,Est Amadora,Sp Lisbon,0.0,2.0,A,U,6.5,3.6,1.57,A,,,,,2,,,,,,,,,,,,,,,,,,,,100.0,0.0,0.0,100.0,,,,
2007-09-16,2007,Belenenses,Leiria,2.0,1.0,H,O,2.0,3.2,4.0,A,,,,,2,,,,,,,,,,,,,,,,,,,,0.0,100.0,0.0,0.0,,,,
2007-09-16,2007,Academica,Pacos Ferreira,1.0,0.0,H,U,2.2,3.2,2.9,D,,,,,2,,,,,,,,,,,,,,,,,,,,0.0,0.0,0.0,100.0,,,,
2007-09-15,2007,Porto,Maritimo,1.0,0.0,H,U,1.36,4.75,8.5,D,,,,,2,,,,,,,,,,,,,,,,,,,,100.0,0.0,100.0,0.0,,,,
2007-09-15,2007,Boavista,Leixoes,0.0,0.0,D,U,1.9,3.3,3.6,D,,,,,2,,,,,,,,,,,,,,,,,,,,0.0,100.0,0.0,0.0,,,,
2007-09-15,2007,Benfica,Naval,3.0,0.0,H,O,1.28,5.25,11.0,H,,,,,2,,,,,,,,,,,,,,,,,,,,0.0,0.0,0.0,100.0,,,,
2007-09-14,2007,Setubal,Sp Braga,3.0,1.0,H,O,3.75,3.2,2.05,H,,,,,2,,,,,,,,,,,,,,,,,,,,0.0,0.0,100.0,0.0,,,,
2007-09-02,2007,Sp Lisbon,Belenenses,1.0,0.0,H,U,1.3,4.75,11.0,D,,,,,2,,,,,,,,,,,,,,,,,,,,100.0,0.0,0.0,0.0,,,,
2007-09-02,2007,Naval,Setubal,0.0,0.0,D,U,2.1,3.1,3.25,D,,,,,2,,,,,,,,,,,,,,,,,,,,0.0,0.0,0.0,0.0,,,,
2007-09-02,2007,Nacional,Benfica,0.0,3.0,A,O,4.33,3.3,1.83,A,,,,,2,,,,,,,,,,,,,,,,,,,,0.0,0.0,0.0,0.0,,,,
2007-09-02,2007,Maritimo,Academica,2.0,0.0,H,U,1.65,3.4,4.75,H,,,,,2,,,,,,,,,,,,,,,,,,,,100.0,0.0,0.0,100.0,,,,
2007-09-02,2007,Leiria,Porto,0.0,3.0,A,O,5.5,3.6,1.53,A,,,,,2,,,,,,,,,,,,,,,,,,,,0.0,0.0,100.0,0.0,,,,
2007-09-01,2007,Sp Braga,Est Amadora,2.0,1.0,H,O,1.55,3.6,6.5,A,,,,,2,,,,,,,,,,,,,,,,,,,,0.0,100.0,0.0,0.0,,,,
2007-09-01,2007,Pacos Ferreira,Boavista,1.0,1.0,D,U,2.3,3.1,3.1,H,,,,,2,,,,,,,,,,,,,,,,,,,,0.0,0.0,0.0,0.0,,,,
2007-08-31,2007,Leixoes,Guimaraes,2.0,2.0,D,O,2.45,3.2,2.8,H,,,,,2,,,,,,,,,,,,,,,,,,,,0.0,0.0,0.0,0.0,,,,
2007-08-27,2007,Setubal,Nacional,1.0,1.0,D,U,2.55,3.2,2.7,D,,,,,1,,,,,,,,,,,,,,,,,,,,,,,,,,,
2007-08-26,2007,Porto,Sp Lisbon,1.0,0.0,H,U,2.05,3.1,3.75,D,,,,,1,,,,,,,,,,,,,,,,,,,,,,,,,,,
2007-08-26,2007,Pacos Ferreira,Leixoes,1.0,1.0,D,U,1.8,3.25,4.0,D,,,,,1,,,,,,,,,,,,,,,,,,,,,,,,,,,
2007-08-26,2007,Est Amadora,Naval,3.0,1.0,H,O,2.0,3.25,3.4,D,,,,,1,,,,,,,,,,,,,,,,,,,,,,,,,,,
2007-08-26,2007,Boavista,Maritimo,0.0,2.0,A,U,2.0,3.2,3.75,A,,,,,1,,,,,,,,,,,,,,,,,,,,,,,,,,,
2007-08-26,2007,Academica,Leiria,1.0,1.0,D,U,2.37,3.1,2.7,D,,,,,1,,,,,,,,,,,,,,,,,,,,,,,,,,,
2007-08-25,2007,Benfica,Guimaraes,0.0,0.0,D,U,1.45,4.0,6.5,D,,,,,1,,,,,,,,,,,,,,,,,,,,,,,,,,,
2007-08-25,2007,Belenenses,Sp Braga,0.0,2.0,A,U,2.5,3.2,2.75,A,,,,,1,,,,,,,,,,,,,,,,,,,,,,,,,,,
2007-08-20,2007,Naval,Belenenses,1.0,1.0,D,U,2.7,3.2,2.3,D,,,,,1,,,,,,,,,,,,,,,,,,,,,,,,,,,
2007-08-19,2007,Leiria,Boavista,0.0,0.0,D,U,2.15,3.2,3.1,D,,,,,1,,,,,,,,,,,,,,,,,,,,,,,,,,,
2007-08-19,2007,Guimaraes,Setubal,1.0,1.0,D,U,1.9,3.2,3.75,D,,,,,1,,,,,,,,,,,,,,,,,,,,,,,,,,,
2007-08-18,2007,Sp Braga,Porto,1.0,2.0,A,O,3.6,3.3,1.85,A,,,,,1,,,,,,,,,,,,,,,,,,,,,,,,,,,
2007-08-18,2007,Nacional,Est Amadora,0.0,0.0,D,U,1.83,3.25,4.0,D,,,,,1,,,,,,,,,,,,,,,,,,,,,,,,,,,
2007-08-18,2007,Maritimo,Pacos Ferreira,3.0,1.0,H,O,2.15,3.2,3.0,H,,,,,1,,,,,,,,,,,,,,,,,,,,,,,,,,,
2007-08-18,2007,Leixoes,Benfica,1.0,1.0,D,U,5.75,3.5,1.53,D,,,,,1,,,,,,,,,,,,,,,,,,,,,,,,,,,
2007-08-17,2007,Sp Lisbon,Academica,4.0,1.0,H,O,1.25,4.75,9.5,H,,,,,1,,,,,,,,,,,,,,,,,,,,,,,,,,,
2007-05-20,2006,Sp Lisbon,Belenenses,4.0,0.0,H,O,1.25,5.0,8.5,H,,,,,15,4.0,2.0,0.0,2.0,13.0,5.0,8.0,1.0,5.0,-4.0,12.0,0.0,12.0,4.0,1.0,3.0,0.0,1.0,-1.0,71.4,14.3,50.0,35.7,,,,
2007-05-20,2006,Sp Braga,Nacional,1.0,1.0,D,U,1.8,3.25,4.0,D,,,,,15,2.0,0.0,1.0,3.0,4.0,1.0,3.0,3.0,5.0,-2.0,1.0,-4.0,5.0,0.0,0.0,0.0,0.0,1.0,-1.0,57.1,21.4,14.3,64.3,,,,
2007-05-20,2006,Porto,Aves,4.0,1.0,H,O,1.14,6.0,13.0,D,,,,,15,3.0,2.0,1.0,2.0,10.0,6.0,4.0,3.0,7.0,-4.0,7.0,-1.0,8.0,3.0,0.0,3.0,0.0,1.0,-1.0,85.7,14.3,14.3,57.1,,,,
2007-05-20,2006,Naval,Setubal,1.0,2.0,A,O,2.75,3.4,2.2,A,,,,,15,0.0,0.0,1.0,2.0,2.0,3.0,-1.0,3.0,9.0,-6.0,-1.0,-6.0,5.0,0.0,0.0,0.0,0.0,2.0,-2.0,21.4,42.9,14.3,57.1,,,,
2007-05-20,2006,Est Amadora,Leiria,1.0,1.0,D,U,2.5,3.2,2.5,D,,,,,15,2.0,0.0,1.0,1.0,6.0,1.0,5.0,5.0,3.0,2.0,1.0,-2.0,3.0,0.0,0.0,0.0,0.0,1.0,-1.0,50.0,21.4,28.6,50.0,,,,
2007-05-20,2006,Benfica,Academica,2.0,0.0,H,U,1.14,6.0,13.0,H,,,,,15,1.0,1.0,0.0,0.0,4.0,6.0,-2.0,3.0,5.0,-2.0,1.0,1.0,0.0,0.0,0.0,0.0,0.0,0.0,0.0,71.4,0.0,21.4,35.7,,,,
2007-05-20,2006,Beira Mar,Pacos Ferreira,1.0,1.0,D,U,2.0,3.25,3.25,A,,,,,15,1.0,1.0,1.0,2.0,5.0,3.0,2.0,5.0,5.0,0.0,0.0,-2.0,2.0,0.0,0.0,0.0,0.0,1.0,-1.0,21.4,35.7,21.4,50.0,,,,
2007-05-19,2006,Maritimo,Boavista,1.0,2.0,A,O,2.25,3.1,2.87,A,,,,,15,0.0,0.0,2.0,4.0,2.0,1.0,1.0,6.0,6.0,0.0,-4.0,-5.0,1.0,0.0,0.0,0.0,1.0,1.0,0.0,35.7,35.7,14.3,57.1,,,,
2007-05-13,2006,Setubal,Benfica,0.0,1.0,A,U,5.0,3.5,1.57,D,,,,,15,1.0,3.0,1.0,0.0,5.0,7.0,-2.0,5.0,2.0,3.0,0.0,5.0,-5.0,1.0,1.0,0.0,1.0,0.0,1.0,14.3,50.0,57.1,21.4,,,,
2007-05-13,2006,Pacos Ferreira,Porto,1.0,1.0,D,U,4.75,3.5,1.61,H,,,,,15,2.0,2.0,1.0,1.0,3.0,6.0,-3.0,3.0,5.0,-2.0,0.0,1.0,-1.0,0.0,0.0,0.0,1.0,0.0,1.0,50.0,7.1,64.3,21.4,,,,
2007-05-13,2006,Nacional,Beira Mar,3.0,0.0,H,O,1.95,3.25,3.3,H,,,,,15,3.0,1.0,1.0,2.0,10.0,3.0,7.0,4.0,5.0,-1.0,6.0,-2.0,8.0,2.0,1.0,1.0,0.0,2.0,-2.0,57.1,28.6,7.1,64.3,,,,
2007-05-13,2006,Leiria,Naval,2.0,2.0,D,O,1.72,3.4,4.2,A,,,,,15,2.0,0.0,1.0,3.0,5.0,3.0,2.0,3.0,9.0,-6.0,2.0,-6.0,8.0,1.0,0.0,1.0,0.0,1.0,-1.0,42.9,14.3,28.6,35.7,,,,
2007-05-13,2006,Aves,Est Amadora,0.0,1.0,A,U,1.72,3.4,4.2,A,,,,,15,1.0,0.0,2.0,4.0,3.0,1.0,2.0,4.0,9.0,-5.0,-1.0,-8.0,7.0,0.0,0.0,0.0,0.0,3.0,-3.0,21.4,57.1,7.1,71.4,,,,
2007-05-13,2006,Academica,Sp Lisbon,0.0,2.0,A,U,5.5,3.6,1.5,A,,,,,15,0.0,2.0,3.0,0.0,1.0,3.0,-2.0,5.0,1.0,4.0,-4.0,2.0,-6.0,0.0,0.0,0.0,1.0,0.0,1.0,21.4,64.3,57.1,0.0,,,,
2007-05-12,2006,Boavista,Sp Braga,0.0,1.0,A,U,2.5,3.1,2.5,A,,,,,15,2.0,2.0,0.0,1.0,6.0,3.0,3.0,3.0,2.0,1.0,3.0,1.0,2.0,1.0,0.0,1.0,0.0,0.0,0.0,35.7,14.3,35.7,35.7,,,,
2007-05-12,2006,Belenenses,Maritimo,2.0,0.0,H,U,1.57,3.5,5.0,H,,,,,15,4.0,0.0,0.0,2.0,8.0,3.0,5.0,0.0,8.0,-8.0,8.0,-5.0,13.0,3.0,0.0,3.0,0.0,1.0,-1.0,50.0,35.7,21.4,50.0,,,,
2007-05-06,2006,Sp Lisbon,Setubal,3.0,1.0,H,O,1.2,5.5,10.0,H,,,,,14,4.0,0.0,0.0,2.0,13.0,2.0,11.0,1.0,7.0,-6.0,12.0,-5.0,17.0,4.0,0.0,4.0,0.0,1.0,-1.0,69.2,15.4,15.4,53.8,,,,
2007-05-06,2006,Sp Braga,Belenenses,2.0,1.0,H,O,2.2,3.2,2.87,H,,,,,14,1.0,2.0,1.0,1.0,2.0,4.0,-2.0,2.0,3.0,-1.0,0.0,1.0,-1.0,0.0,1.0,-1.0,0.0,1.0,-1.0,53.8,23.1,53.8,30.8,,,,
2007-05-06,2006,Leiria,Aves,3.0,1.0,H,O,1.72,3.4,4.2,D,,,,,14,1.0,2.0,1.0,1.0,2.0,6.0,-4.0,2.0,5.0,-3.0,0.0,1.0,-1.0,0.0,0.0,0.0,0.0,0.0,0.0,38.5,15.4,15.4,53.8,,,,
2007-05-06,2006,Est Amadora,Pacos Ferreira,1.0,0.0,H,U,2.5,3.2,2.5,D,,,,,14,2.0,2.0,1.0,1.0,6.0,5.0,1.0,5.0,4.0,1.0,1.0,1.0,0.0,0.0,1.0,-1.0,0.0,1.0,-1.0,46.2,23.1,23.1,46.2,,,,
2007-05-05,2006,Porto,Nacional,2.0,0.0,H,U,1.2,5.5,10.0,D,,,,,14,3.0,0.0,1.0,3.0,9.0,1.0,8.0,3.0,5.0,-2.0,6.0,-4.0,10.0,2.0,0.0,2.0,0.0,1.0,-1.0,84.6,15.4,15.4,61.5,,,,
2007-05-05,2006,Maritimo,Academica,0.0,0.0,D,U,2.1,3.25,3.0,D,,,,,14,0.0,1.0,3.0,1.0,3.0,6.0,-3.0,8.0,9.0,-1.0,-5.0,-3.0,-2.0,0.0,0.0,0.0,1.0,1.0,0.0,38.5,38.5,23.1,38.5,,,,
2007-05-05,2006,Benfica,Naval,2.0,1.0,H,O,1.2,5.5,10.0,H,,,,,14,1.0,1.0,0.0,2.0,4.0,5.0,-1.0,2.0,8.0,-6.0,2.0,-3.0,5.0,1.0,1.0,0.0,0.0,1.0,-1.0,69.2,0.0,30.8,30.8,,,,
2007-05-04,2006,Beira Mar,Boavista,1.0,0.0,H,U,2.25,3.25,3.1,D,,,,,14,0.0,0.0,2.0,3.0,5.0,2.0,3.0,8.0,6.0,2.0,-3.0,-4.0,1.0,0.0,0.0,0.0,1.0,1.0,0.0,15.4,38.5,15.4,53.8,,,,
2007-04-30,2006,Academica,Sp Braga,0.0,1.0,A,U,2.62,3.2,2.37,D,,,,,14,0.0,1.0,3.0,2.0,1.0,2.0,-1.0,6.0,3.0,3.0,-5.0,-1.0,-4.0,0.0,0.0,0.0,2.0,0.0,2.0,23.1,61.5,30.8,38.5,,,,
2007-04-29,2006,Setubal,Maritimo,1.0,1.0,D,U,2.25,3.2,2.8,D,,,,,14,1.0,0.0,1.0,2.0,5.0,3.0,2.0,5.0,8.0,-3.0,0.0,-5.0,5.0,1.0,0.0,1.0,1.0,1.0,0.0,15.4,53.8,23.1,53.8,,,,
2007-04-29,2006,Naval,Aves,0.0,1.0,A,U,1.9,3.1,3.75,D,,,,,14,0.0,1.0,1.0,1.0,4.0,5.0,-1.0,5.0,5.0,0.0,-1.0,0.0,-1.0,0.0,0.0,0.0,0.0,0.0,0.0,23.1,38.5,8.3,58.3,,,,
2007-04-29,2006,Nacional,Est Amadora,1.0,0.0,H,U,1.75,3.3,4.2,D,,,,,14,2.0,0.0,2.0,4.0,9.0,2.0,7.0,6.0,10.0,-4.0,3.0,-8.0,11.0,2.0,0.0,2.0,1.0,3.0,-2.0,53.8,30.8,7.7,69.2,,,,
2007-04-29,2006,Benfica,Sp Lisbon,1.0,1.0,D,U,2.25,3.0,3.0,D,,,,,13,2.0,2.0,0.0,0.0,6.0,3.0,3.0,2.0,1.0,1.0,4.0,2.0,2.0,2.0,0.0,2.0,0.0,0.0,0.0,75.0,0.0,61.5,0.0,,,,
2007-04-28,2006,Boavista,Porto,2.0,1.0,H,O,4.5,3.4,1.66,H,,,,,14,1.0,3.0,0.0,0.0,5.0,10.0,-5.0,3.0,3.0,0.0,2.0,7.0,-5.0,1.0,1.0,0.0,0.0,0.0,0.0,30.8,15.4,69.2,15.4,,,,
2007-04-28,2006,Belenenses,Beira Mar,2.0,0.0,H,U,1.5,3.5,5.75,H,,,,,14,3.0,1.0,1.0,1.0,7.0,5.0,2.0,2.0,5.0,-3.0,5.0,0.0,5.0,2.0,1.0,1.0,0.0,1.0,-1.0,46.2,38.5,7.7,61.5,,,,
2007-04-27,2006,Pacos Ferreira,Leiria,0.0,0.0,D,U,1.95,3.2,3.3,D,,,,,14,2.0,0.0,1.0,2.0,4.0,2.0,2.0,4.0,5.0,-1.0,0.0,-3.0,3.0,0.0,0.0,0.0,1.0,1.0,0.0,53.8,7.7,30.8,53.8,,,,
2007-04-23,2006,Sp Braga,Setubal,0.0,0.0,D,U,1.4,3.75,7.5,D,,,,,13,2.0,0.0,1.0,2.0,4.0,3.0,1.0,3.0,8.0,-5.0,1.0,-5.0,6.0,0.0,0.0,0.0,0.0,1.0,-1.0,58.3,25.0,16.7,58.3,,,,
2007-04-23,2006,Beira Mar,Academica,0.0,1.0,A,U,2.25,3.0,2.9,D,,,,,13,0.0,1.0,2.0,1.0,5.0,7.0,-2.0,12.0,10.0,2.0,-7.0,-3.0,-4.0,0.0,0.0,0.0,2.0,1.0,1.0,16.7,33.3,16.7,41.7,,,,
2007-04-22,2006,Sp Lisbon,Naval,4.0,0.0,H,O,1.25,4.75,9.5,H,,,,,13,3.0,1.0,0.0,2.0,9.0,5.0,4.0,1.0,8.0,-7.0,8.0,-3.0,11.0,3.0,1.0,2.0,0.0,1.0,-1.0,66.7,16.7,33.3,25.0,,,,
2007-04-22,2006,Porto,Belenenses,3.0,1.0,H,O,1.4,3.75,7.5,H,,,,,13,3.0,3.0,1.0,0.0,10.0,6.0,4.0,2.0,2.0,0.0,8.0,4.0,4.0,2.0,1.0,1.0,0.0,0.0,0.0,83.3,16.7,58.3,25.0,,,,
2007-04-22,2006,Leiria,Nacional,1.0,0.0,H,U,2.25,3.0,2.9,D,,,,,13,1.0,0.0,1.0,2.0,2.0,2.0,0.0,2.0,5.0,-3.0,0.0,-3.0,3.0,0.0,0.0,0.0,0.0,1.0,-1.0,33.3,16.7,16.7,58.3,,,,
2007-04-22,2006,Aves,Pacos Ferreira,0.0,1.0,A,U,2.15,3.1,3.0,D,,,,,14,1.0,1.0,1.0,2.0,4.0,5.0,-1.0,4.0,7.0,-3.0,0.0,-2.0,2.0,0.0,1.0,-1.0,0.0,2.0,-2.0,23.1,53.8,16.7,50.0,,,,
2007-04-21,2006,Maritimo,Benfica,0.0,3.0,A,O,4.75,3.5,1.61,D,,,,,13,1.0,3.0,2.0,0.0,5.0,6.0,-1.0,6.0,2.0,4.0,-1.0,4.0,-5.0,0.0,1.0,-1.0,0.0,0.0,0.0,41.7,33.3,53.8,23.1,,,,
2007-04-20,2006,Est Amadora,Boavista,2.0,1.0,H,O,2.4,3.2,2.87,D,,,,,13,1.0,1.0,1.0,2.0,6.0,3.0,3.0,6.0,4.0,2.0,0.0,-1.0,1.0,0.0,1.0,-1.0,0.0,1.0,-1.0,41.7,25.0,16.7,50.0,,,,
2007-04-16,2006,Benfica,Sp Braga,0.0,0.0,D,U,1.45,3.6,6.5,D,,,,,12,2.0,1.0,0.0,3.0,6.0,4.0,2.0,2.0,6.0,-4.0,4.0,-2.0,6.0,2.0,0.0,2.0,0.0,0.0,0.0,81.8,0.0,33.3,41.7,,,,
2007-04-15,2006,Setubal,Beira Mar,1.0,3.0,A,O,2.0,3.1,3.5,H,,,,,13,1.0,0.0,1.0,1.0,4.0,2.0,2.0,3.0,4.0,-1.0,1.0,-2.0,3.0,1.0,0.0,1.0,0.0,1.0,-1.0,16.7,50.0,0.0,66.7,,,,
2007-04-15,2006,Naval,Pacos Ferreira,1.0,1.0,D,U,2.15,3.2,3.0,H,,,,,13,0.0,1.0,2.0,2.0,3.0,5.0,-2.0,5.0,7.0,-2.0,-2.0,-2.0,0.0,0.0,1.0,-1.0,0.0,2.0,-2.0,25.0,41.7,18.2,54.5,,,,
2007-04-15,2006,Nacional,Aves,3.0,4.0,A,O,1.53,3.5,5.75,H,,,,,13,3.0,0.0,1.0,2.0,9.0,1.0,8.0,4.0,3.0,1.0,5.0,-2.0,7.0,2.0,0.0,2.0,1.0,0.0,1.0,58.3,25.0,0.0,63.6,,,,
2007-04-15,2006,Boavista,Leiria,1.0,1.0,D,U,2.05,3.2,3.3,D,,,,,13,1.0,0.0,0.0,3.0,5.0,1.0,4.0,3.0,5.0,-2.0,2.0,-4.0,6.0,1.0,0.0,1.0,0.0,1.0,-1.0,33.3,16.7,33.3,58.3,,,,
2007-04-14,2006,Belenenses,Est Amadora,3.0,0.0,H,O,1.55,3.4,5.5,H,,,,,13,2.0,1.0,2.0,3.0,5.0,3.0,2.0,4.0,7.0,-3.0,1.0,-4.0,5.0,1.0,0.0,1.0,0.0,2.0,-2.0,41.7,41.7,8.3,66.7,,,,
2007-04-14,2006,Academica,Porto,1.0,2.0,A,O,8.5,4.0,1.36,A,,,,,13,0.0,2.0,3.0,1.0,0.0,8.0,-8.0,5.0,3.0,2.0,-5.0,5.0,-10.0,0.0,1.0,-1.0,2.0,0.0,2.0,25.0,58.3,66.7,16.7,,,,
2007-04-13,2006,Sp Lisbon,Maritimo,4.0,0.0,H,O,1.33,4.5,9.5,H,,,,,12,3.0,0.0,0.0,2.0,10.0,5.0,5.0,2.0,7.0,-5.0,8.0,-2.0,10.0,3.0,0.0,3.0,0.0,0.0,0.0,63.6,18.2,25.0,50.0,,,,
2007-04-09,2006,Beira Mar,Benfica,2.0,2.0,D,O,6.5,3.5,1.5,H,,,,,12,1.0,4.0,2.0,0.0,4.0,6.0,-2.0,10.0,1.0,9.0,-6.0,5.0,-11.0,0.0,1.0,-1.0,2.0,0.0,2.0,18.2,36.4,58.3,25.0,,,,
2007-04-07,2006,Sp Braga,Sp Lisbon,0.0,1.0,A,U,3.0,3.0,2.4,D,,,,,12,3.0,1.0,0.0,0.0,5.0,3.0,2.0,2.0,2.0,0.0,3.0,1.0,2.0,0.0,0.0,0.0,0.0,0.0,0.0,63.6,18.2,58.3,0.0,,,,
2007-04-07,2006,Pacos Ferreira,Nacional,2.0,1.0,H,O,2.15,3.1,3.0,A,,,,,13,2.0,0.0,1.0,2.0,5.0,2.0,3.0,5.0,8.0,-3.0,0.0,-6.0,6.0,0.0,0.0,0.0,1.0,2.0,-1.0,50.0,8.3,18.2,54.5,,,,
2007-04-07,2006,Maritimo,Naval,1.0,1.0,D,U,1.9,3.25,3.5,H,,,,,12,1.0,1.0,2.0,2.0,5.0,4.0,1.0,6.0,7.0,-1.0,-1.0,-3.0,2.0,0.0,1.0,-1.0,0.0,1.0,-1.0,45.5,36.4,36.4,27.3,,,,
2007-04-07,2006,Leiria,Belenenses,0.0,1.0,A,U,2.25,3.1,3.2,D,,,,,12,2.0,3.0,0.0,0.0,3.0,6.0,-3.0,1.0,2.0,-1.0,2.0,4.0,-2.0,0.0,1.0,-1.0,0.0,0.0,0.0,36.4,9.1,54.5,27.3,,,,
2007-04-07,2006,Est Amadora,Academica,3.0,3.0,D,O,2.15,3.2,3.0,H,,,,,12,1.0,2.0,1.0,1.0,3.0,5.0,-2.0,3.0,7.0,-4.0,0.0,-2.0,2.0,0.0,0.0,0.0,0.0,1.0,-1.0,45.5,27.3,18.2,45.5,,,,
2007-04-07,2006,Aves,Boavista,1.0,0.0,H,U,2.75,3.1,2.3,D,,,,,13,0.0,1.0,1.0,1.0,3.0,3.0,0.0,4.0,3.0,1.0,-1.0,0.0,-1.0,0.0,1.0,-1.0,0.0,1.0,-1.0,16.7,58.3,18.2,45.5,,,,
2007-04-06,2006,Porto,Setubal,5.0,1.0,H,O,1.18,6.0,17.0,H,,,,,12,2.0,1.0,2.0,1.0,5.0,3.0,2.0,2.0,3.0,-1.0,3.0,0.0,3.0,1.0,0.0,1.0,0.0,0.0,0.0,81.8,18.2,18.2,54.5,,,,
2007-04-02,2006,Sp Lisbon,Beira Mar,2.0,0.0,H,U,1.22,5.0,11.0,H,,,,,11,3.0,0.0,0.0,1.0,9.0,2.0,7.0,2.0,3.0,-1.0,7.0,-1.0,8.0,2.0,0.0,2.0,0.0,0.0,0.0,60.0,20.0,0.0,63.6,,,,
2007-04-01,2006,Setubal,Est Amadora,2.0,0.0,H,U,2.1,3.0,3.25,H,,,,,12,0.0,1.0,2.0,2.0,2.0,3.0,-1.0,6.0,5.0,1.0,-4.0,-2.0,-2.0,0.0,0.0,0.0,1.0,1.0,0.0,9.1,54.5,9.1,63.6,,,,
2007-04-01,2006,Naval,Nacional,0.0,0.0,D,U,2.4,3.0,2.8,D,,,,,12,1.0,0.0,2.0,2.0,5.0,3.0,2.0,6.0,9.0,-3.0,-1.0,-6.0,5.0,0.0,0.0,0.0,0.0,2.0,-2.0,27.3,45.5,20.0,60.0,,,,
2007-04-01,2006,Maritimo,Sp Braga,1.0,2.0,A,O,2.45,3.1,2.87,D,,,,,11,1.0,0.0,2.0,3.0,5.0,2.0,3.0,8.0,5.0,3.0,-3.0,-3.0,0.0,0.0,0.0,0.0,1.0,0.0,1.0,50.0,30.0,27.3,45.5,,,,
2007-04-01,2006,Benfica,Porto,1.0,1.0,D,U,2.37,3.1,3.0,A,,,,,11,3.0,3.0,0.0,1.0,9.0,9.0,0.0,1.0,2.0,-1.0,8.0,7.0,1.0,3.0,2.0,1.0,0.0,0.0,0.0,90.0,0.0,72.7,18.2,,,,
2007-04-01,2006,Academica,Leiria,0.0,0.0,D,U,2.37,3.0,2.8,D,,,,,12,0.0,0.0,4.0,4.0,0.0,2.0,-2.0,7.0,7.0,0.0,-7.0,-5.0,-2.0,0.0,0.0,0.0,3.0,1.0,2.0,27.3,63.6,36.4,63.6,,,,
2007-03-31,2006,Boavista,Pacos Ferreira,3.0,1.0,H,O,2.05,3.2,3.6,H,,,,,12,0.0,1.0,0.0,2.0,3.0,4.0,-1.0,3.0,8.0,-5.0,0.0,-4.0,4.0,0.0,1.0,-1.0,0.0,2.0,-2.0,27.3,18.2,20.0,50.0,,,,
2007-03-31,2006,Belenenses,Aves,1.0,0.0,H,U,1.57,3.5,6.5,H,,,,,12,1.0,0.0,2.0,2.0,4.0,1.0,3.0,4.0,3.0,1.0,0.0,-2.0,2.0,1.0,0.0,1.0,0.0,0.0,0.0,36.4,45.5,0.0,60.0,,,,
2007-03-20,2006,Sp Braga,Naval,2.0,1.0,H,O,1.57,3.6,5.0,H,,,,,11,2.0,2.0,0.0,1.0,5.0,6.0,-1.0,3.0,5.0,-2.0,2.0,1.0,1.0,0.0,2.0,-2.0,0.0,1.0,-1.0,60.0,20.0,40.0,20.0,,,,
2007-03-19,2006,Est Amadora,Benfica,0.0,1.0,A,U,5.25,3.4,1.57,D,,,,,11,2.0,4.0,0.0,0.0,4.0,7.0,-3.0,2.0,1.0,1.0,2.0,6.0,-4.0,0.0,2.0,-2.0,0.0,0.0,0.0,50.0,20.0,54.5,27.3,,,,
2007-03-18,2006,Pacos Ferreira,Belenenses,0.0,2.0,A,U,2.2,3.1,3.3,A,,,,,12,3.0,2.0,0.0,1.0,6.0,4.0,2.0,3.0,6.0,-3.0,3.0,-2.0,5.0,0.0,0.0,0.0,0.0,1.0,-1.0,54.5,0.0,50.0,30.0,,,,
2007-03-18,2006,Leiria,Setubal,1.0,1.0,D,U,1.6,3.6,4.75,D,,,,,11,2.0,1.0,0.0,2.0,2.0,2.0,0.0,0.0,5.0,-5.0,2.0,-3.0,5.0,0.0,0.0,0.0,0.0,1.0,-1.0,40.0,10.0,20.0,60.0,,,,
2007-03-18,2006,Beira Mar,Maritimo,2.0,2.0,D,O,2.5,3.2,2.5,H,,,,,11,1.0,0.0,2.0,2.0,3.0,4.0,-1.0,9.0,6.0,3.0,-6.0,-2.0,-4.0,0.0,0.0,0.0,2.0,0.0,2.0,20.0,40.0,27.3,54.5,,,,
2007-03-18,2006,Aves,Academica,2.0,2.0,D,O,2.3,3.2,2.75,A,,,,,12,0.0,2.0,2.0,2.0,1.0,3.0,-2.0,4.0,6.0,-2.0,-3.0,-3.0,0.0,0.0,0.0,0.0,1.0,1.0,0.0,18.2,63.6,20.0,50.0,,,,
2007-03-17,2006,Porto,Sp Lisbon,0.0,1.0,A,U,1.83,3.3,4.33,D,,,,,11,3.0,0.0,1.0,0.0,9.0,2.0,7.0,1.0,2.0,-1.0,8.0,0.0,8.0,2.0,0.0,2.0,0.0,0.0,0.0,90.0,10.0,54.5,0.0,,,,
2007-03-16,2006,Nacional,Boavista,2.0,0.0,H,U,2.2,3.2,3.25,H,,,,,12,2.0,1.0,1.0,0.0,7.0,5.0,2.0,4.0,3.0,1.0,3.0,2.0,1.0,1.0,1.0,0.0,1.0,0.0,1.0,54.5,27.3,20.0,40.0,,,,
2007-03-12,2006,Benfica,Leiria,2.0,0.0,H,U,1.33,4.0,8.5,H,,,,,10,3.0,1.0,0.0,3.0,10.0,3.0,7.0,1.0,5.0,-4.0,9.0,-2.0,11.0,3.0,0.0,3.0,0.0,0.0,0.0,88.9,0.0,40.0,60.0,,,,
2007-03-11,2006,Sp Braga,Beira Mar,0.0,0.0,D,U,1.33,4.5,6.5,D,,,,,10,3.0,0.0,0.0,2.0,9.0,2.0,7.0,5.0,6.0,-1.0,4.0,-4.0,8.0,1.0,0.0,1.0,0.0,1.0,-1.0,66.7,22.2,0.0,70.0,,,,
2007-03-11,2006,Setubal,Aves,1.0,1.0,D,U,1.9,3.3,3.5,D,,,,,11,0.0,0.0,3.0,3.0,1.0,0.0,1.0,8.0,4.0,4.0,-7.0,-4.0,-3.0,0.0,0.0,0.0,2.0,1.0,1.0,10.0,60.0,0.0,66.7,,,,
2007-03-11,2006,Maritimo,Porto,1.0,2.0,A,O,5.5,3.6,1.61,A,,,,,10,2.0,3.0,1.0,1.0,5.0,9.0,-4.0,6.0,2.0,4.0,-1.0,7.0,-8.0,0.0,2.0,-2.0,1.0,0.0,1.0,55.6,22.2,70.0,20.0,,,,
2007-03-11,2006,Academica,Pacos Ferreira,0.0,2.0,A,U,2.15,3.1,3.0,A,,,,,11,0.0,0.0,4.0,2.0,1.0,2.0,-1.0,7.0,8.0,-1.0,-6.0,-6.0,0.0,0.0,0.0,0.0,2.0,2.0,0.0,30.0,60.0,11.1,55.6,,,,
2007-03-10,2006,Sp Lisbon,Est Amadora,3.0,1.0,H,O,1.4,4.2,8.0,H,,,,,10,2.0,1.0,1.0,1.0,6.0,3.0,3.0,3.0,3.0,0.0,3.0,0.0,3.0,1.0,0.0,1.0,1.0,0.0,1.0,55.6,22.2,10.0,60.0,,,,
2007-03-10,2006,Belenenses,Nacional,2.0,0.0,H,U,2.2,3.1,3.3,H,,,,,11,1.0,0.0,2.0,2.0,4.0,3.0,1.0,4.0,9.0,-5.0,0.0,-6.0,6.0,1.0,0.0,1.0,0.0,2.0,-2.0,30.0,50.0,22.2,55.6,,,,
2007-03-09,2006,Naval,Boavista,1.0,1.0,D,U,2.37,3.0,3.1,D,,,,,11,1.0,1.0,2.0,1.0,4.0,4.0,0.0,5.0,4.0,1.0,-1.0,0.0,-1.0,0.0,1.0,-1.0,0.0,1.0,-1.0,30.0,50.0,22.2,44.4,,,,
2007-03-05,2006,Boavista,Belenenses,0.0,0.0,D,U,2.0,3.25,3.25,D,,,,,11,1.0,3.0,0.0,1.0,6.0,8.0,-2.0,3.0,7.0,-4.0,3.0,1.0,2.0,1.0,1.0,0.0,0.0,1.0,-1.0,30.0,20.0,55.6,33.3,,,,
2007-03-04,2006,Nacional,Academica,4.0,0.0,H,O,1.8,3.3,3.8,H,,,,,11,1.0,2.0,2.0,2.0,4.0,5.0,-1.0,6.0,6.0,0.0,-2.0,-1.0,-1.0,0.0,0.0,0.0,1.0,1.0,0.0,50.0,30.0,22.2,44.4,,,,
2007-03-04,2006,Leiria,Sp Lisbon,0.0,0.0,D,U,4.5,3.25,1.83,D,,,,,10,2.0,1.0,0.0,0.0,2.0,5.0,-3.0,0.0,2.0,-2.0,2.0,3.0,-1.0,0.0,1.0,-1.0,0.0,0.0,0.0,44.4,11.1,60.0,0.0,,,,
2007-03-04,2006,Est Amadora,Maritimo,1.0,0.0,H,U,2.25,3.1,2.75,H,,,,,10,2.0,1.0,0.0,1.0,5.0,6.0,-1.0,2.0,6.0,-4.0,3.0,0.0,3.0,1.0,0.0,1.0,0.0,0.0,0.0,44.4,22.2,30.0,50.0,,,,
2007-03-04,2006,Beira Mar,Naval,1.0,3.0,A,O,2.3,3.0,2.8,D,,,,,10,1.0,1.0,2.0,2.0,3.0,3.0,0.0,8.0,6.0,2.0,-5.0,-3.0,-2.0,0.0,1.0,-1.0,1.0,2.0,-1.0,22.2,33.3,33.3,22.2,,,,
2007-03-03,2006,Porto,Sp Braga,1.0,0.0,H,U,1.53,3.6,7.0,H,,,,,10,3.0,0.0,1.0,3.0,10.0,2.0,8.0,1.0,6.0,-5.0,9.0,-4.0,13.0,3.0,0.0,3.0,0.0,1.0,-1.0,88.9,11.1,30.0,40.0,,,,
2007-03-03,2006,Aves,Benfica,0.0,1.0,A,U,8.0,4.0,1.44,D,,,,,11,0.0,3.0,2.0,0.0,1.0,6.0,-5.0,4.0,1.0,3.0,-3.0,5.0,-8.0,0.0,2.0,-2.0,1.0,0.0,1.0,20.0,60.0,50.0,30.0,,,,
2007-03-02,2006,Pacos Ferreira,Setubal,1.0,0.0,H,U,1.72,3.3,5.0,H,,,,,11,2.0,1.0,0.0,2.0,6.0,2.0,4.0,4.0,5.0,-1.0,2.0,-3.0,5.0,0.0,0.0,0.0,0.0,1.0,-1.0,50.0,0.0,22.2,55.6,,,,
2007-02-26,2006,Sp Braga,Est Amadora,2.0,1.0,H,O,1.6,3.5,5.0,D,,,,,9,3.0,1.0,0.0,0.0,10.0,3.0,7.0,5.0,2.0,3.0,5.0,1.0,4.0,2.0,0.0,2.0,0.0,0.0,0.0,62.5,25.0,11.1,55.6,,,,
2007-02-26,2006,Maritimo,Leiria,2.0,1.0,H,O,2.05,3.2,3.2,D,,,,,9,1.0,1.0,2.0,3.0,3.0,3.0,0.0,6.0,5.0,1.0,-3.0,-2.0,-1.0,0.0,0.0,0.0,1.0,0.0,1.0,50.0,25.0,44.4,55.6,,,,
2007-02-26,2006,Benfica,Pacos Ferreira,3.0,1.0,H,O,1.25,5.0,8.5,H,,,,,9,3.0,0.0,0.0,2.0,9.0,2.0,7.0,1.0,10.0,-9.0,8.0,-8.0,16.0,2.0,0.0,2.0,0.0,2.0,-2.0,87.5,0.0,12.5,50.0,,,,
2007-02-25,2006,Setubal,Nacional,1.0,1.0,D,U,2.87,3.2,2.2,D,,,,,10,0.0,0.0,4.0,3.0,1.0,3.0,-2.0,9.0,11.0,-2.0,-8.0,-8.0,0.0,0.0,0.0,0.0,2.0,3.0,-1.0,11.1,66.7,25.0,62.5,,,,
2007-02-25,2006,Beira Mar,Porto,0.0,5.0,A,O,7.5,3.8,1.4,A,,,,,9,1.0,3.0,1.0,1.0,4.0,5.0,-1.0,4.0,2.0,2.0,0.0,3.0,-3.0,0.0,1.0,-1.0,0.0,0.0,0.0,25.0,25.0,66.7,22.2,,,,
2007-02-24,2006,Naval,Belenenses,2.0,3.0,A,O,2.25,3.1,2.9,A,,,,,10,1.0,3.0,2.0,1.0,2.0,7.0,-5.0,3.0,6.0,-3.0,-1.0,1.0,-2.0,0.0,1.0,-1.0,0.0,1.0,-1.0,33.3,44.4,50.0,37.5,,,,
2007-02-24,2006,Academica,Boavista,0.0,2.0,A,U,2.4,3.1,2.7,A,,,,,10,1.0,0.0,3.0,1.0,4.0,2.0,2.0,6.0,4.0,2.0,-2.0,-2.0,0.0,1.0,0.0,1.0,1.0,1.0,0.0,33.3,55.6,12.5,50.0,,,,
2007-02-23,2006,Sp Lisbon,Aves,0.0,0.0,D,U,1.16,6.0,12.0,D,,,,,9,3.0,0.0,1.0,4.0,9.0,1.0,8.0,3.0,6.0,-3.0,6.0,-5.0,11.0,2.0,0.0,2.0,1.0,1.0,0.0,62.5,25.0,0.0,75.0,,,,
2007-02-19,2006,Belenenses,Academica,1.0,2.0,A,O,1.9,3.2,3.6,D,,,,,10,1.0,1.0,2.0,3.0,3.0,4.0,-1.0,3.0,7.0,-4.0,0.0,-3.0,3.0,1.0,0.0,1.0,0.0,1.0,-1.0,33.3,44.4,12.5,50.0,,,,
2007-02-18,2006,Nacional,Benfica,0.0,2.0,A,U,3.8,3.2,2.0,D,,,,,10,2.0,3.0,1.0,0.0,6.0,6.0,0.0,5.0,1.0,4.0,1.0,5.0,-4.0,0.0,2.0,-2.0,0.0,0.0,0.0,55.6,22.2,44.4,33.3,,,,
2007-02-18,2006,Leiria,Sp Braga,1.0,0.0,H,U,2.55,3.1,2.75,D,,,,,9,1.0,1.0,0.0,2.0,1.0,4.0,-3.0,0.0,6.0,-6.0,1.0,-2.0,3.0,0.0,0.0,0.0,0.0,1.0,-1.0,37.5,12.5,33.3,33.3,,,,
2007-02-18,2006,Est Amadora,Beira Mar,2.0,2.0,D,O,1.83,3.25,4.0,D,,,,,9,3.0,0.0,0.0,3.0,4.0,1.0,3.0,0.0,7.0,-7.0,4.0,-6.0,10.0,1.0,0.0,1.0,0.0,2.0,-2.0,50.0,25.0,0.0,77.8,,,,
2007-02-18,2006,Aves,Maritimo,1.0,1.0,D,U,2.75,3.25,2.25,D,,,,,10,1.0,1.0,2.0,2.0,2.0,6.0,-4.0,3.0,7.0,-4.0,-1.0,-1.0,0.0,1.0,0.0,1.0,1.0,0.0,1.0,22.2,66.7,33.3,55.6,,,,
2007-02-17,2006,Pacos Ferreira,Sp Lisbon,1.0,1.0,D,U,4.5,3.3,1.8,D,,,,,10,3.0,2.0,0.0,0.0,7.0,5.0,2.0,3.0,1.0,2.0,4.0,4.0,0.0,1.0,1.0,0.0,0.0,0.0,0.0,55.6,0.0,66.7,0.0,,,,
2007-02-17,2006,Boavista,Setubal,1.0,1.0,D,U,1.55,3.5,7.0,D,,,,,10,1.0,1.0,0.0,2.0,6.0,2.0,4.0,3.0,5.0,-2.0,3.0,-3.0,6.0,1.0,0.0,1.0,0.0,1.0,-1.0,33.3,22.2,25.0,62.5,,,,
2007-02-16,2006,Porto,Naval,4.0,0.0,H,O,1.25,5.0,13.0,H,,,,,9,3.0,1.0,1.0,1.0,8.0,4.0,4.0,2.0,3.0,-1.0,6.0,1.0,5.0,2.0,1.0,1.0,0.0,1.0,-1.0,87.5,12.5,37.5,12.5,,,,
2007-02-04,2006,Sp Braga,Aves,1.0,0.0,H,U,1.3,4.2,9.5,D,,,,,8,2.0,0.0,1.0,4.0,10.0,1.0,9.0,9.0,7.0,2.0,1.0,-6.0,7.0,2.0,0.0,2.0,1.0,2.0,-1.0,57.1,28.6,0.0,71.4,,,,
2007-02-04,2006,Setubal,Belenenses,0.0,1.0,A,U,2.55,3.2,2.45,A,,,,,9,0.0,2.0,4.0,2.0,1.0,6.0,-5.0,11.0,7.0,4.0,-10.0,-1.0,-9.0,0.0,1.0,-1.0,3.0,1.0,2.0,12.5,62.5,42.9,42.9,,,,
2007-02-04,2006,Naval,Academica,0.0,1.0,A,U,1.75,3.1,4.5,D,,,,,9,1.0,0.0,2.0,4.0,2.0,3.0,-1.0,3.0,9.0,-6.0,-1.0,-6.0,5.0,0.0,0.0,0.0,0.0,2.0,-2.0,37.5,37.5,0.0,57.1,,,,
2007-02-04,2006,Maritimo,Pacos Ferreira,1.0,1.0,D,U,1.9,3.1,3.8,D,,,,,8,2.0,0.0,2.0,3.0,4.0,1.0,3.0,6.0,11.0,-5.0,-2.0,-10.0,8.0,0.0,0.0,0.0,1.0,3.0,-2.0,57.1,28.6,14.3,57.1,,,,
2007-02-04,2006,Beira Mar,Leiria,1.0,0.0,H,U,2.87,3.0,2.37,H,,,,,8,0.0,2.0,1.0,2.0,6.0,4.0,2.0,7.0,4.0,3.0,-1.0,0.0,-1.0,0.0,0.0,0.0,0.0,0.0,0.0,14.3,28.6,50.0,50.0,,,,
2007-02-03,2006,Sp Lisbon,Nacional,5.0,1.0,H,O,1.44,3.8,6.5,A,,,,,8,2.0,1.0,1.0,2.0,5.0,6.0,-1.0,3.0,6.0,-3.0,2.0,0.0,2.0,1.0,1.0,0.0,1.0,2.0,-1.0,57.1,28.6,28.6,57.1,,,,
2007-02-03,2006,Porto,Est Amadora,0.0,1.0,A,U,1.18,5.0,15.0,D,,,,,8,4.0,0.0,0.0,1.0,11.0,2.0,9.0,3.0,4.0,-1.0,8.0,-2.0,10.0,2.0,0.0,2.0,0.0,1.0,-1.0,100.0,0.0,0.0,62.5,,,,
2007-02-02,2006,Benfica,Boavista,0.0,0.0,D,U,1.36,4.33,9.5,D,,,,,8,4.0,0.0,0.0,2.0,12.0,2.0,10.0,1.0,6.0,-5.0,11.0,-4.0,15.0,3.0,0.0,3.0,0.0,2.0,-2.0,100.0,0.0,14.3,57.1,,,,
2007-01-29,2006,Nacional,Maritimo,3.0,2.0,H,O,2.0,3.1,3.4,H,,,,,9,2.0,2.0,1.0,1.0,8.0,5.0,3.0,4.0,4.0,0.0,4.0,1.0,3.0,1.0,0.0,1.0,0.0,0.0,0.0,50.0,25.0,37.5,50.0,,,,
2007-01-28,2006,Est Amadora,Naval,0.0,0.0,D,U,2.5,3.1,2.62,D,,,,,8,4.0,1.0,0.0,1.0,5.0,5.0,0.0,0.0,4.0,-4.0,5.0,1.0,4.0,1.0,1.0,0.0,0.0,1.0,-1.0,57.1,28.6,42.9,14.3,,,,
2007-01-28,2006,Boavista,Sp Lisbon,1.0,1.0,D,U,3.6,3.2,1.95,D,,,,,9,2.0,3.0,0.0,0.0,7.0,5.0,2.0,3.0,0.0,3.0,4.0,5.0,-1.0,1.0,1.0,0.0,0.0,0.0,0.0,37.5,25.0,75.0,0.0,,,,
2007-01-28,2006,Belenenses,Benfica,1.0,2.0,A,O,4.2,3.3,1.75,A,,,,,9,1.0,2.0,2.0,1.0,2.0,5.0,-3.0,2.0,3.0,-1.0,0.0,2.0,-2.0,1.0,2.0,-1.0,0.0,1.0,-1.0,37.5,37.5,37.5,37.5,,,,
2007-01-28,2006,Aves,Beira Mar,0.0,0.0,D,U,2.1,3.1,3.3,D,,,,,9,2.0,0.0,2.0,4.0,5.0,1.0,4.0,4.0,10.0,-6.0,1.0,-9.0,10.0,2.0,0.0,2.0,1.0,3.0,-2.0,25.0,75.0,0.0,87.5,,,,
2007-01-28,2006,Academica,Setubal,0.0,1.0,A,U,1.75,3.25,4.2,D,,,,,9,2.0,0.0,2.0,3.0,6.0,1.0,5.0,5.0,6.0,-1.0,1.0,-5.0,6.0,2.0,0.0,2.0,1.0,1.0,0.0,37.5,50.0,14.3,71.4,,,,
2007-01-27,2006,Pacos Ferreira,Sp Braga,3.0,2.0,H,O,2.62,3.0,2.5,H,,,,,9,2.0,1.0,0.0,2.0,5.0,2.0,3.0,2.0,6.0,-4.0,3.0,-4.0,7.0,1.0,0.0,1.0,0.0,2.0,-2.0,50.0,0.0,37.5,25.0,,,,
2007-01-26,2006,Leiria,Porto,1.0,0.0,H,U,6.5,3.75,1.53,D,,,,,8,1.0,4.0,0.0,0.0,2.0,8.0,-6.0,0.0,1.0,-1.0,2.0,7.0,-5.0,1.0,2.0,-1.0,0.0,0.0,0.0,28.6,14.3,75.0,12.5,,,,
2007-01-15,2006,Academica,Benfica,0.0,2.0,A,U,5.0,3.4,1.61,A,,,,,8,3.0,1.0,1.0,2.0,8.0,5.0,3.0,3.0,6.0,-3.0,5.0,-1.0,6.0,3.0,1.0,2.0,0.0,1.0,-1.0,42.9,42.9,28.6,42.9,,,,
2007-01-14,2006,Setubal,Naval,0.0,3.0,A,O,2.25,3.2,2.8,A,,,,,8,0.0,1.0,4.0,1.0,2.0,3.0,-1.0,10.0,4.0,6.0,-8.0,-1.0,-7.0,0.0,0.0,0.0,2.0,1.0,1.0,14.3,57.1,33.3,16.7,,,,
2007-01-14,2006,Pacos Ferreira,Beira Mar,1.0,0.0,H,U,1.7,3.2,4.75,D,,,,,8,2.0,0.0,0.0,4.0,6.0,2.0,4.0,2.0,11.0,-9.0,4.0,-9.0,13.0,2.0,0.0,2.0,0.0,3.0,-3.0,42.9,0.0,0.0,85.7,,,,
2007-01-14,2006,Leiria,Est Amadora,0.0,0.0,D,U,1.75,3.2,4.2,D,,,,,7,1.0,0.0,1.0,2.0,2.0,3.0,-1.0,4.0,7.0,-3.0,-2.0,-4.0,2.0,1.0,0.0,1.0,1.0,2.0,-1.0,33.3,16.7,0.0,71.4,,,,
2007-01-14,2006,Aves,Porto,0.0,2.0,A,U,8.0,4.2,1.4,A,,,,,8,2.0,3.0,2.0,0.0,5.0,7.0,-2.0,3.0,2.0,1.0,2.0,5.0,-3.0,2.0,1.0,1.0,0.0,0.0,0.0,28.6,71.4,71.4,14.3,,,,
2007-01-13,2006,Nacional,Sp Braga,0.0,0.0,D,U,2.45,3.1,2.87,D,,,,,8,2.0,1.0,1.0,2.0,9.0,3.0,6.0,5.0,7.0,-2.0,4.0,-4.0,8.0,1.0,0.0,1.0,0.0,2.0,-2.0,57.1,28.6,42.9,28.6,,,,
2007-01-13,2006,Belenenses,Sp Lisbon,0.0,0.0,D,U,5.25,3.3,1.72,D,,,,,8,2.0,3.0,2.0,0.0,4.0,8.0,-4.0,2.0,3.0,-1.0,2.0,5.0,-3.0,2.0,1.0,1.0,0.0,0.0,0.0,42.9,42.9,85.7,0.0,,,,
2007-01-12,2006,Boavista,Maritimo,1.0,1.0,D,U,1.9,3.1,4.33,D,,,,,8,2.0,3.0,1.0,1.0,6.0,8.0,-2.0,6.0,4.0,2.0,0.0,4.0,-4.0,1.0,1.0,0.0,1.0,0.0,1.0,42.9,28.6,42.9,57.1,,,,
2006-12-21,2006,Benfica,Belenenses,4.0,0.0,H,O,1.28,4.5,8.5,H,,,,,7,4.0,3.0,0.0,1.0,11.0,7.0,4.0,2.0,3.0,-1.0,9.0,4.0,5.0,3.0,1.0,2.0,0.0,0.0,0.0,100.0,0.0,50.0,33.3,,,,
2006-12-18,2006,Sp Braga,Boavista,2.0,2.0,D,O,1.72,3.2,4.5,H,,,,,7,3.0,1.0,1.0,2.0,10.0,2.0,8.0,8.0,4.0,4.0,2.0,-2.0,4.0,2.0,1.0,1.0,1.0,2.0,-1.0,66.7,33.3,16.7,66.7,,,,
2006-12-17,2006,Porto,Pacos Ferreira,4.0,0.0,H,O,1.2,5.25,11.0,H,,,,,7,4.0,0.0,0.0,2.0,10.0,2.0,8.0,3.0,8.0,-5.0,7.0,-6.0,13.0,2.0,0.0,2.0,0.0,2.0,-2.0,100.0,0.0,16.7,50.0,,,,
2006-12-17,2006,Naval,Leiria,2.0,1.0,H,O,2.25,3.1,2.87,A,,,,,8,0.0,3.0,2.0,1.0,1.0,5.0,-4.0,3.0,3.0,0.0,-2.0,2.0,-4.0,0.0,0.0,0.0,0.0,0.0,0.0,28.6,42.9,57.1,42.9,,,,
2006-12-17,2006,Est Amadora,Aves,1.0,0.0,H,U,1.7,3.3,4.5,H,,,,,7,3.0,0.0,1.0,4.0,4.0,2.0,2.0,1.0,10.0,-9.0,3.0,-8.0,11.0,1.0,0.0,1.0,0.0,3.0,-3.0,50.0,33.3,0.0,66.7,,,,
2006-12-17,2006,Beira Mar,Nacional,1.0,1.0,D,U,3.1,3.1,2.1,D,,,,,7,0.0,2.0,2.0,2.0,5.0,8.0,-3.0,9.0,6.0,3.0,-4.0,2.0,-6.0,0.0,2.0,-2.0,1.0,2.0,-1.0,16.7,33.3,33.3,66.7,,,,
2006-12-16,2006,Sp Lisbon,Academica,1.0,0.0,H,U,1.2,5.25,11.0,H,,,,,7,2.0,0.0,1.0,3.0,6.0,4.0,2.0,3.0,9.0,-6.0,3.0,-5.0,8.0,2.0,0.0,2.0,1.0,2.0,-1.0,50.0,33.3,0.0,50.0,,,,
2006-12-16,2006,Benfica,Setubal,3.0,0.0,H,O,1.2,5.25,11.0,H,,,,,6,4.0,1.0,0.0,2.0,12.0,3.0,9.0,3.0,4.0,-1.0,9.0,-1.0,10.0,3.0,0.0,3.0,0.0,0.0,0.0,100.0,0.0,16.7,66.7,,,,
2006-12-15,2006,Maritimo,Belenenses,1.0,4.0,A,O,1.75,3.2,5.0,A,,,,,7,3.0,2.0,1.0,2.0,5.0,4.0,1.0,3.0,4.0,-1.0,2.0,0.0,2.0,0.0,0.0,0.0,0.0,0.0,0.0,66.7,16.7,40.0,40.0,,,,
2006-12-11,2006,Nacional,Porto,1.0,2.0,A,O,4.0,3.5,1.75,H,,,,,7,3.0,2.0,0.0,1.0,10.0,6.0,4.0,4.0,3.0,1.0,6.0,3.0,3.0,1.0,1.0,0.0,0.0,0.0,0.0,66.7,16.7,66.7,16.7,,,,
2006-12-10,2006,Pacos Ferreira,Est Amadora,1.0,1.0,D,U,1.7,3.4,4.5,D,,,,,7,2.0,0.0,0.0,3.0,6.0,3.0,3.0,2.0,8.0,-6.0,4.0,-5.0,9.0,2.0,0.0,2.0,0.0,2.0,-2.0,50.0,0.0,0.0,83.3,,,,
2006-12-10,2006,Naval,Benfica,0.0,0.0,D,U,4.5,3.3,1.7,D,,,,,7,1.0,2.0,2.0,2.0,3.0,9.0,-6.0,4.0,6.0,-2.0,-1.0,3.0,-4.0,0.0,2.0,-2.0,0.0,1.0,-1.0,33.3,50.0,33.3,50.0,,,,
2006-12-10,2006,Aves,Leiria,0.0,1.0,A,U,2.6,3.1,2.5,D,,,,,7,2.0,2.0,2.0,2.0,6.0,4.0,2.0,4.0,5.0,-1.0,2.0,-1.0,3.0,2.0,0.0,2.0,0.0,1.0,-1.0,33.3,66.7,50.0,50.0,,,,
2006-12-10,2006,Academica,Maritimo,1.0,2.0,A,O,2.25,3.25,2.8,A,,,,,7,3.0,2.0,1.0,2.0,8.0,6.0,2.0,4.0,6.0,-2.0,4.0,0.0,4.0,3.0,1.0,2.0,1.0,1.0,0.0,50.0,33.3,33.3,66.7,,,,
2006-12-09,2006,Setubal,Sp Lisbon,0.0,3.0,A,O,5.25,3.5,1.57,A,,,,,7,0.0,3.0,3.0,0.0,3.0,6.0,-3.0,8.0,3.0,5.0,-5.0,3.0,-8.0,0.0,0.0,0.0,1.0,0.0,1.0,16.7,50.0,83.3,0.0,,,,
2006-12-09,2006,Boavista,Beira Mar,3.0,0.0,H,O,1.53,3.5,6.0,H,,,,,7,1.0,0.0,2.0,4.0,3.0,3.0,0.0,7.0,10.0,-3.0,-4.0,-7.0,3.0,0.0,0.0,0.0,1.0,2.0,-1.0,33.3,33.3,0.0,83.3,,,,
2006-12-08,2006,Belenenses,Sp Braga,2.0,0.0,H,U,2.9,3.1,2.25,H,,,,,7,1.0,2.0,3.0,1.0,2.0,6.0,-4.0,4.0,5.0,-1.0,-2.0,1.0,-3.0,1.0,1.0,0.0,1.0,1.0,0.0,33.3,50.0,50.0,16.7,,,,
2006-12-04,2006,Maritimo,Setubal,1.0,0.0,H,U,1.66,3.4,4.5,D,,,,,6,2.0,1.0,1.0,2.0,4.0,3.0,1.0,3.0,4.0,-1.0,1.0,-1.0,2.0,0.0,0.0,0.0,0.0,0.0,0.0,60.0,20.0,20.0,60.0,,,,
2006-12-03,2006,Sp Braga,Academica,4.0,2.0,H,O,1.45,3.6,6.0,H,,,,,6,2.0,0.0,2.0,2.0,6.0,4.0,2.0,7.0,7.0,0.0,-1.0,-3.0,2.0,1.0,0.0,1.0,1.0,1.0,0.0,60.0,40.0,0.0,40.0,,,,
2006-12-03,2006,Leiria,Pacos Ferreira,0.0,0.0,D,U,1.83,3.2,3.75,D,,,,,6,2.0,1.0,1.0,2.0,3.0,3.0,0.0,4.0,8.0,-4.0,-1.0,-5.0,4.0,1.0,0.0,1.0,1.0,2.0,-1.0,40.0,20.0,20.0,60.0,,,,
2006-12-03,2006,Est Amadora,Nacional,2.0,0.0,H,U,3.0,3.1,2.2,D,,,,,6,2.0,2.0,1.0,2.0,2.0,8.0,-6.0,1.0,5.0,-4.0,1.0,3.0,-2.0,0.0,2.0,-2.0,0.0,1.0,-1.0,40.0,40.0,40.0,60.0,,,,
2006-12-03,2006,Aves,Naval,2.0,0.0,H,U,2.45,3.1,2.55,D,,,,,6,1.0,1.0,3.0,0.0,4.0,3.0,1.0,6.0,2.0,4.0,-2.0,1.0,-3.0,1.0,0.0,1.0,1.0,0.0,1.0,20.0,80.0,40.0,0.0,,,,
2006-12-02,2006,Porto,Boavista,2.0,0.0,H,U,1.3,4.33,8.5,D,,,,,6,4.0,1.0,0.0,2.0,11.0,2.0,9.0,3.0,3.0,0.0,8.0,-1.0,9.0,2.0,1.0,1.0,0.0,1.0,-1.0,100.0,0.0,20.0,60.0,,,,
2006-12-02,2006,Beira Mar,Belenenses,1.0,2.0,A,O,2.25,3.1,2.9,A,,,,,6,1.0,1.0,1.0,2.0,6.0,3.0,3.0,7.0,4.0,3.0,-1.0,-1.0,0.0,1.0,0.0,1.0,1.0,0.0,1.0,20.0,20.0,25.0,50.0,,,,
2006-12-01,2006,Sp Lisbon,Benfica,0.0,2.0,A,U,2.0,3.1,4.0,A,,,,,6,2.0,1.0,1.0,2.0,6.0,8.0,-2.0,2.0,7.0,-5.0,4.0,1.0,3.0,2.0,1.0,1.0,0.0,1.0,-1.0,60.0,20.0,20.0,60.0,,,,
2006-11-27,2006,Setubal,Sp Braga,1.0,2.0,A,O,3.0,3.1,2.2,A,,,,,6,1.0,1.0,2.0,1.0,3.0,4.0,-1.0,6.0,4.0,2.0,-3.0,0.0,-3.0,0.0,1.0,-1.0,1.0,1.0,0.0,20.0,40.0,40.0,20.0,,,,
2006-11-26,2006,Pacos Ferreira,Aves,2.0,0.0,H,U,1.53,3.5,5.25,H,,,,,6,1.0,0.0,0.0,3.0,5.0,2.0,3.0,3.0,8.0,-5.0,2.0,-6.0,8.0,1.0,0.0,1.0,0.0,2.0,-2.0,40.0,0.0,0.0,60.0,,,,
2006-11-26,2006,Naval,Sp Lisbon,0.0,1.0,A,U,5.0,3.4,1.61,D,,,,,6,1.0,3.0,2.0,0.0,3.0,7.0,-4.0,5.0,3.0,2.0,-2.0,4.0,-6.0,0.0,1.0,-1.0,1.0,0.0,1.0,40.0,40.0,80.0,0.0,,,,
2006-11-26,2006,Nacional,Leiria,2.0,1.0,H,O,1.95,3.2,3.4,H,,,,,6,3.0,3.0,0.0,1.0,9.0,4.0,5.0,3.0,3.0,0.0,6.0,1.0,5.0,1.0,0.0,1.0,0.0,1.0,-1.0,60.0,20.0,60.0,40.0,,,,
2006-11-26,2006,Belenenses,Porto,0.0,1.0,A,U,6.5,3.75,1.44,A,,,,,6,1.0,2.0,2.0,1.0,2.0,7.0,-5.0,3.0,3.0,0.0,-1.0,4.0,-5.0,1.0,2.0,-1.0,1.0,0.0,1.0,40.0,40.0,60.0,20.0,,,,
2006-11-26,2006,Academica,Beira Mar,3.0,1.0,H,O,1.83,3.25,3.75,D,,,,,6,2.0,0.0,1.0,4.0,6.0,2.0,4.0,4.0,10.0,-6.0,2.0,-8.0,10.0,2.0,0.0,2.0,1.0,2.0,-1.0,40.0,40.0,0.0,80.0,,,,
2006-11-25,2006,Benfica,Maritimo,2.0,1.0,H,O,1.36,4.0,7.5,D,,,,,5,4.0,2.0,0.0,2.0,11.0,5.0,6.0,2.0,5.0,-3.0,9.0,0.0,9.0,3.0,1.0,2.0,0.0,1.0,-1.0,100.0,0.0,40.0,60.0,,,,
2006-11-24,2006,Boavista,Est Amadora,1.0,1.0,D,U,1.4,3.75,6.5,A,,,,,6,1.0,0.0,2.0,4.0,4.0,2.0,2.0,8.0,9.0,-1.0,-4.0,-7.0,3.0,0.0,0.0,0.0,1.0,3.0,-2.0,40.0,40.0,0.0,100.0,,,,
2006-11-20,2006,Est Amadora,Belenenses,1.0,0.0,H,U,2.37,3.1,2.7,H,,,,,5,1.0,,2.0,,1.0,,,4.0,,,-3.0,,,0.0,,,1.0,,,25.0,50.0,33.3,33.3,,,,
2006-11-19,2006,Pacos Ferreira,Naval,1.0,1.0,D,U,2.05,3.2,3.1,H,,,,,5,2.0,2.0,0.0,0.0,6.0,4.0,2.0,3.0,2.0,1.0,3.0,2.0,1.0,1.0,0.0,1.0,0.0,0.0,0.0,50.0,0.0,50.0,0.0,,,,
2006-11-19,2006,Maritimo,Sp Lisbon,0.0,1.0,A,U,3.3,3.1,2.05,D,,,,,5,3.0,3.0,0.0,0.0,5.0,7.0,-2.0,2.0,3.0,-1.0,3.0,4.0,-1.0,0.0,1.0,-1.0,0.0,0.0,0.0,75.0,0.0,75.0,0.0,,,,
2006-11-19,2006,Leiria,Boavista,0.0,0.0,D,U,2.2,3.1,3.0,D,,,,,5,2.0,1.0,1.0,3.0,5.0,4.0,1.0,6.0,6.0,0.0,-1.0,-2.0,1.0,1.0,1.0,0.0,1.0,1.0,0.0,50.0,25.0,25.0,75.0,,,,
2006-11-19,2006,Aves,Nacional,3.0,1.0,H,O,3.8,3.3,1.83,D,,,,,5,0.0,2.0,4.0,2.0,1.0,7.0,-6.0,6.0,3.0,3.0,-5.0,4.0,-9.0,0.0,2.0,-2.0,1.0,0.0,1.0,0.0,100.0,50.0,50.0,,,,
2006-11-18,2006,Sp Braga,Benfica,3.0,1.0,H,O,3.0,3.1,2.1,H,,,,,5,2.0,1.0,2.0,2.0,5.0,7.0,-2.0,7.0,7.0,0.0,-2.0,0.0,-2.0,0.0,1.0,-1.0,1.0,1.0,0.0,50.0,50.0,25.0,50.0,,,,
2006-11-18,2006,Porto,Academica,2.0,1.0,H,O,1.2,5.0,10.0,D,,,,,5,4.0,0.0,0.0,1.0,11.0,4.0,7.0,3.0,6.0,-3.0,8.0,-2.0,10.0,2.0,0.0,2.0,0.0,1.0,-1.0,100.0,0.0,0.0,25.0,,,,
2006-11-17,2006,Beira Mar,Setubal,1.0,1.0,D,U,2.0,3.2,3.3,D,,,,,5,1.0,1.0,1.0,3.0,7.0,2.0,5.0,8.0,5.0,3.0,-1.0,-3.0,2.0,1.0,0.0,1.0,1.0,1.0,0.0,25.0,25.0,25.0,75.0,,,,
2006-11-06,2006,Sp Lisbon,Sp Braga,3.0,0.0,H,O,1.45,3.75,6.0,H,,,,,5,2.0,2.0,1.0,0.0,6.0,5.0,1.0,4.0,1.0,3.0,2.0,4.0,-2.0,1.0,1.0,0.0,0.0,0.0,0.0,50.0,25.0,50.0,0.0,,,,
2006-11-06,2006,Setubal,Porto,0.0,3.0,A,O,6.5,3.4,1.5,A,,,,,5,1.0,2.0,1.0,1.0,4.0,7.0,-3.0,4.0,3.0,1.0,0.0,4.0,-4.0,0.0,2.0,-2.0,0.0,0.0,0.0,25.0,25.0,50.0,25.0,,,,
2006-11-05,2006,Naval,Maritimo,0.0,1.0,A,U,2.05,3.25,3.1,D,,,,,5,2.0,1.0,1.0,3.0,5.0,5.0,0.0,4.0,7.0,-3.0,1.0,-2.0,3.0,1.0,1.0,0.0,1.0,1.0,0.0,50.0,25.0,25.0,75.0,,,,
2006-11-05,2006,Nacional,Pacos Ferreira,5.0,1.0,H,O,1.72,3.25,4.33,H,,,,,5,2.0,1.0,1.0,2.0,4.0,3.0,1.0,3.0,5.0,-2.0,1.0,-2.0,3.0,0.0,0.0,0.0,0.0,1.0,-1.0,50.0,25.0,25.0,50.0,,,,
2006-11-05,2006,Benfica,Beira Mar,3.0,0.0,H,O,1.22,5.0,10.0,D,,,,,4,,0.0,,3.0,,4.0,,,9.0,,,-5.0,,,0.0,,,1.0,,100.0,0.0,0.0,75.0,,,,
2006-11-05,2006,Academica,Est Amadora,2.0,0.0,H,U,1.8,3.25,4.0,D,,,,,5,1.0,0.0,2.0,4.0,5.0,2.0,3.0,6.0,9.0,-3.0,-1.0,-7.0,6.0,1.0,0.0,1.0,1.0,3.0,-2.0,25.0,50.0,0.0,100.0,,,,
2006-11-04,2006,Boavista,Aves,2.0,1.0,H,O,1.45,3.5,7.0,A,,,,,5,1.0,0.0,2.0,2.0,5.0,3.0,2.0,7.0,8.0,-1.0,-2.0,-5.0,3.0,1.0,0.0,1.0,1.0,2.0,-1.0,25.0,50.0,0.0,50.0,,,,
2006-11-03,2006,Belenenses,Leiria,0.0,1.0,A,U,2.1,3.2,3.1,A,,,,,5,2.0,2.0,1.0,2.0,4.0,4.0,0.0,2.0,5.0,-3.0,2.0,-1.0,3.0,2.0,0.0,2.0,1.0,1.0,0.0,50.0,25.0,50.0,50.0,,,,
2006-10-30,2006,Pacos Ferreira,Boavista,2.0,0.0,H,U,2.3,3.25,2.62,H,,,,,4,,,,,,,,,,,,,,,,,,,,33.3,0.0,33.3,66.7,,,,
2006-10-29,2006,Sp Braga,Maritimo,1.0,4.0,A,O,1.6,3.5,5.0,A,,,,,4,,,,,,,,,,,,,,,,,,,,66.7,33.3,0.0,100.0,,,,
2006-10-29,2006,Nacional,Naval,1.0,1.0,D,U,1.83,3.25,3.8,D,,,,,4,,,,,,,,,,,,,,,,,,,,66.7,33.3,66.7,0.0,,,,
2006-10-29,2006,Est Amadora,Setubal,1.0,0.0,H,U,2.45,3.2,2.55,D,,,,,4,,,,,,,,,,,,,,,,,,,,0.0,66.7,33.3,66.7,,,,
2006-10-29,2006,Aves,Belenenses,0.0,1.0,A,U,2.37,3.2,2.7,D,,,,,4,,,,,,,,,,,,,,,,,,,,0.0,100.0,0.0,50.0,,,,
2006-10-28,2006,Porto,Benfica,3.0,2.0,H,O,1.9,3.3,4.0,H,,,,,4,,,,,,,,,,,,,,,,,,,,100.0,0.0,33.3,33.3,,,,
2006-10-28,2006,Leiria,Academica,2.0,0.0,H,U,1.95,3.3,3.4,H,,,,,4,,,,,,,,,,,,,,,,,,,,33.3,33.3,0.0,0.0,,,,
2006-10-27,2006,Beira Mar,Sp Lisbon,3.0,3.0,D,O,6.0,3.8,1.45,H,,,,,4,,,,,,,,,,,,,,,,,,,,33.3,33.3,100.0,0.0,,,,
2006-10-23,2006,Naval,Sp Braga,1.0,1.0,D,U,2.75,3.2,2.3,A,,,,,4,,,,,,,,,,,,,,,,,,,,66.7,33.3,66.7,0.0,,,,
2006-10-22,2006,Sp Lisbon,Porto,1.0,1.0,D,U,2.37,3.0,2.8,H,,,,,4,,,,,,,,,,,,,,,,,,,,66.7,33.3,66.7,33.3,,,,
2006-10-22,2006,Setubal,Leiria,1.0,2.0,A,O,2.1,3.2,3.1,D,,,,,4,,,,,,,,,,,,,,,,,,,,33.3,0.0,33.3,66.7,,,,
2006-10-22,2006,Maritimo,Beira Mar,2.0,1.0,H,O,1.66,3.3,4.5,D,,,,,4,,,,,,,,,,,,,,,,,,,,66.7,0.0,0.0,66.7,,,,
2006-10-22,2006,Benfica,Est Amadora,3.0,1.0,H,O,1.22,5.0,10.0,D,,,,,3,,,,,,,,,,,,,,,,,,,,100.0,0.0,0.0,100.0,,,,
2006-10-22,2006,Academica,Aves,2.0,0.0,H,U,1.85,3.25,3.75,H,,,,,4,,,,,,,,,,,,,,,,,,,,0.0,66.7,0.0,33.3,,,,
2006-10-21,2006,Boavista,Nacional,0.0,4.0,A,O,1.95,3.3,3.25,A,,,,,4,,,,,,,,,,,,,,,,,,,,33.3,33.3,33.3,66.7,,,,
2006-10-20,2006,Belenenses,Pacos Ferreira,2.0,0.0,H,U,2.05,3.2,3.3,H,,,,,4,,,,,,,,,,,,,,,,,,,,33.3,33.3,33.3,33.3,,,,
2006-10-16,2006,Boavista,Naval,0.0,1.0,A,U,1.72,3.4,4.2,D,,,,,3,,,,,,,,,,,,,,,,,,,,50.0,0.0,50.0,0.0,,,,
2006-10-15,2006,Pacos Ferreira,Academica,1.0,1.0,D,U,1.85,3.4,3.1,A,,,,,3,,,,,,,,,,,,,,,,,,,,50.0,0.0,0.0,0.0,,,,
2006-10-15,2006,Nacional,Belenenses,2.0,1.0,H,O,1.8,3.5,3.6,D,,,,,3,,,,,,,,,,,,,,,,,,,,50.0,50.0,0.0,0.0,,,,
2006-10-15,2006,Est Amadora,Sp Lisbon,0.0,1.0,A,U,5.75,3.5,1.53,A,,,,,3,,,,,,,,,,,,,,,,,,,,0.0,50.0,100.0,0.0,,,,
2006-10-15,2006,Aves,Setubal,1.0,2.0,A,O,2.37,3.0,2.8,D,,,,,3,,,,,,,,,,,,,,,,,,,,0.0,100.0,0.0,100.0,,,,
2006-10-14,2006,Porto,Maritimo,3.0,0.0,H,O,1.28,4.33,9.5,H,,,,,3,,,,,,,,,,,,,,,,,,,,100.0,0.0,0.0,100.0,,,,
2006-10-14,2006,Leiria,Benfica,0.0,4.0,A,O,3.4,3.2,1.95,A,,,,,3,,,,,,,,,,,,,,,,,,,,50.0,0.0,0.0,50.0,,,,
2006-10-13,2006,Beira Mar,Sp Braga,0.0,3.0,A,O,3.4,3.0,2.05,A,,,,,3,,,,,,,,,,,,,,,,,,,,50.0,0.0,50.0,0.0,,,,
2006-10-02,2006,Sp Lisbon,Leiria,2.0,0.0,H,U,1.36,4.0,7.5,H,,,,,3,,,,,,,,,,,,,,,,,,,,50.0,50.0,50.0,50.0,,,,
2006-10-02,2006,Sp Braga,Porto,2.0,1.0,H,O,3.2,3.1,2.1,D,,,,,3,,,,,,,,,,,,,,,,,,,,50.0,50.0,100.0,0.0,,,,
2006-10-02,2006,Setubal,Pacos Ferreira,1.0,1.0,D,U,2.2,3.2,2.87,H,,,,,3,,,,,,,,,,,,,,,,,,,,50.0,0.0,50.0,50.0,,,,
2006-10-01,2006,Maritimo,Est Amadora,2.0,1.0,H,O,1.72,3.25,4.33,D,,,,,3,,,,,,,,,,,,,,,,,,,,50.0,0.0,0.0,100.0,,,,
2006-10-01,2006,Benfica,Aves,4.0,1.0,H,O,1.25,5.0,9.0,D,,,,,2,,,,,,,,,,,,,,,,,,,,100.0,0.0,0.0,0.0,,,,
2006-10-01,2006,Academica,Nacional,1.0,3.0,A,O,2.37,3.2,2.62,D,,,,,3,,,,,,,,,,,,,,,,,,,,0.0,50.0,0.0,100.0,,,,
2006-09-30,2006,Belenenses,Boavista,0.0,2.0,A,U,2.7,3.1,2.37,A,,,,,3,,,,,,,,,,,,,,,,,,,,50.0,0.0,0.0,100.0,,,,
2006-09-29,2006,Naval,Beira Mar,2.0,1.0,H,O,2.0,3.1,3.4,D,,,,,3,,,,,,,,,,,,,,,,,,,,50.0,50.0,0.0,50.0,,,,
2006-09-25,2006,Leiria,Maritimo,1.0,0.0,H,U,2.1,3.25,3.0,D,,,,,2,,,,,,,,,,,,,,,,,,,,0.0,0.0,0.0,100.0,,,,
2006-09-24,2006,Nacional,Setubal,1.0,0.0,H,U,1.83,3.25,3.75,D,,,,,2,,,,,,,,,,,,,,,,,,,,0.0,100.0,0.0,100.0,,,,
2006-09-24,2006,Boavista,Academica,2.0,2.0,D,O,1.57,3.4,5.5,D,,,,,2,,,,,,,,,,,,,,,,,,,,100.0,0.0,0.0,0.0,,,,
2006-09-23,2006,Est Amadora,Sp Braga,0.0,0.0,D,U,3.0,3.25,2.1,D,,,,,2,,,,,,,,,,,,,,,,,,,,0.0,100.0,100.0,0.0,,,,
2006-09-23,2006,Belenenses,Naval,0.0,0.0,D,U,2.1,3.1,3.1,D,,,,,2,,,,,,,,,,,,,,,,,,,,100.0,0.0,100.0,0.0,,,,
2006-09-23,2006,Aves,Sp Lisbon,0.0,2.0,A,U,4.2,3.4,1.72,A,,,,,2,,,,,,,,,,,,,,,,,,,,0.0,100.0,100.0,0.0,,,,
2006-09-22,2006,Porto,Beira Mar,3.0,0.0,H,O,1.22,5.5,9.0,D,,,,,2,,,,,,,,,,,,,,,,,,,,100.0,0.0,0.0,0.0,,,,
2006-09-22,2006,Pacos Ferreira,Benfica,1.0,1.0,D,U,3.25,3.25,2.0,A,,,,,2,,,,,,,,,,,,,,,,,,,,100.0,0.0,0.0,100.0,,,,
2006-09-19,2006,Setubal,Boavista,1.0,0.0,H,U,2.7,3.2,2.3,D,,,,,2,,,,,,,,,,,,,,,,,,,,0.0,0.0,0.0,100.0,,,,
2006-09-18,2006,Sp Braga,Leiria,0.0,1.0,A,U,1.53,3.5,5.5,A,,,,,2,,,,,,,,,,,,,,,,,,,,100.0,0.0,0.0,100.0,,,,
2006-09-17,2006,Naval,Porto,0.0,2.0,A,U,5.5,3.4,1.57,A,,,,,2,,,,,,,,,,,,,,,,,,,,100.0,0.0,100.0,0.0,,,,
2006-09-17,2006,Maritimo,Aves,0.0,0.0,D,U,1.61,3.4,5.0,D,,,,,2,,,,,,,,,,,,,,,,,,,,100.0,0.0,0.0,0.0,,,,
2006-09-17,2006,Benfica,Nacional,1.0,0.0,H,U,1.4,4.0,6.5,H,,,,,1,,,,,,,,,,,,,,,,,,,,,,0.0,100.0,,,,
2006-09-17,2006,Beira Mar,Est Amadora,2.0,0.0,H,U,2.2,3.2,2.87,H,,,,,2,,,,,,,,,,,,,,,,,,,,0.0,0.0,0.0,100.0,,,,
2006-09-17,2006,Academica,Belenenses,1.0,1.0,D,U,2.25,3.2,2.8,D,,,,,2,,,,,,,,,,,,,,,,,,,,0.0,100.0,,,,,,
2006-09-16,2006,Sp Lisbon,Pacos Ferreira,0.0,1.0,A,U,1.28,4.5,9.0,A,,,,,2,,,,,,,,,,,,,,,,,,,,100.0,0.0,0.0,100.0,,,,
2006-09-11,2006,Leiria,Beira Mar,2.0,2.0,D,O,1.72,3.3,4.2,A,,,,,1,,,,,,,,,,,,,,,,,,,,,,,,,,,
2006-09-10,2006,Pacos Ferreira,Maritimo,2.0,1.0,H,O,2.2,3.1,3.0,H,,,,,1,,,,,,,,,,,,,,,,,,,,,,,,,,,
2006-09-10,2006,Est Amadora,Porto,0.0,3.0,A,O,5.0,3.4,1.61,D,,,,,1,,,,,,,,,,,,,,,,,,,,,,,,,,,
2006-09-10,2006,Belenenses,Setubal,2.0,0.0,H,U,2.2,3.2,2.87,H,,,,,1,,,,,,,,,,,,,,,,,,,,,,,,,,,
2006-09-10,2006,Academica,Naval,1.0,2.0,A,O,2.0,3.25,3.25,H,,,,,1,,,,,,,,,,,,,,,,,,,,,,,,,,,
2006-09-09,2006,Nacional,Sp Lisbon,0.0,1.0,A,U,3.0,3.25,2.1,A,,,,,1,,,,,,,,,,,,,,,,,,,,,,,,,,,
2006-09-09,2006,Boavista,Benfica,3.0,0.0,H,O,2.8,3.1,2.3,H,,,,,1,,,,,,,,,,,,,,,,,,,,,,,,,,,
2006-09-08,2006,Aves,Sp Braga,0.0,1.0,A,U,2.5,3.25,2.1,A,,,,,1,,,,,,,,,,,,,,,,,,,,,,,,,,,
2006-08-28,2006,Setubal,Academica,1.0,1.0,D,U,1.72,3.3,4.2,D,,,,,1,,,,,,,,,,,,,,,,,,,,,,,,,,,
2006-08-27,2006,Naval,Est Amadora,2.0,0.0,H,U,2.25,3.2,2.8,H,,,,,1,,,,,,,,,,,,,,,,,,,,,,,,,,,
2006-08-27,2006,Maritimo,Nacional,1.0,0.0,H,U,2.3,3.2,2.7,H,,,,,1,,,,,,,,,,,,,,,,,,,,,,,,,,,
2006-08-26,2006,Sp Lisbon,Boavista,3.0,2.0,H,O,1.53,3.5,5.5,A,,,,,1,,,,,,,,,,,,,,,,,,,,,,,,,,,
2006-08-26,2006,Sp Braga,Pacos Ferreira,2.0,1.0,H,O,1.57,3.4,5.5,D,,,,,1,,,,,,,,,,,,,,,,,,,,,,,,,,,
2006-08-26,2006,Beira Mar,Aves,2.0,2.0,D,O,2.1,3.2,3.1,D,,,,,1,,,,,,,,,,,,,,,,,,,,,,,,,,,
2006-08-25,2006,Porto,Leiria,2.0,1.0,H,O,1.25,4.75,9.5,H,,,,,1,,,,,,,,,,,,,,,,,,,,,,,,,,,
2006-05-07,2005,Sp Lisbon,Sp Braga,1.0,0.0,H,U,1.44,3.75,6.5,H,,,,,17,2.0,1.0,1.0,3.0,3.0,3.0,0.0,1.0,4.0,-3.0,2.0,-1.0,3.0,1.0,1.0,0.0,0.0,1.0,-1.0,68.8,18.8,31.2,43.8,,,,
2006-05-07,2005,Penafiel,Naval,0.0,1.0,A,U,5.0,3.5,1.57,D,,,,,17,0.0,0.0,1.0,1.0,2.0,3.0,-1.0,3.0,6.0,-3.0,-1.0,-3.0,2.0,0.0,0.0,0.0,0.0,1.0,-1.0,12.5,56.2,18.8,62.5,,,,
2006-05-07,2005,Pacos Ferreira,Benfica,3.0,1.0,H,O,4.33,3.25,1.72,A,,,,,17,2.0,3.0,0.0,0.0,6.0,6.0,0.0,4.0,2.0,2.0,2.0,4.0,-2.0,0.0,1.0,-1.0,0.0,0.0,0.0,43.8,31.2,56.2,25.0,,,,
2006-05-07,2005,Leiria,Rio Ave,5.0,2.0,H,O,2.0,3.25,3.25,H,,,,,17,1.0,0.0,1.0,2.0,2.0,2.0,0.0,2.0,4.0,-2.0,0.0,-2.0,2.0,0.0,0.0,0.0,0.0,0.0,0.0,31.2,31.2,12.5,50.0,,,,
2006-05-07,2005,Guimaraes,Est Amadora,0.0,1.0,A,U,1.57,3.5,5.0,D,,,,,17,1.0,1.0,1.0,1.0,5.0,5.0,0.0,4.0,5.0,-1.0,1.0,0.0,1.0,1.0,0.0,1.0,0.0,0.0,0.0,31.2,37.5,25.0,56.2,,,,
2006-05-07,2005,Gil Vicente,Belenenses,1.0,0.0,H,U,1.72,3.1,4.5,H,,,,,17,1.0,1.0,1.0,2.0,4.0,3.0,1.0,4.0,6.0,-2.0,0.0,-3.0,3.0,0.0,1.0,-1.0,0.0,1.0,-1.0,43.8,31.2,25.0,50.0,,,,
2006-05-07,2005,Academica,Maritimo,2.0,2.0,D,O,1.72,3.0,5.0,D,,,,,17,1.0,1.0,2.0,1.0,3.0,4.0,-1.0,6.0,5.0,1.0,-3.0,-1.0,-2.0,0.0,0.0,0.0,1.0,1.0,0.0,31.2,43.8,18.8,43.8,,,,
2006-05-06,2005,Setubal,Nacional,1.0,1.0,D,U,2.87,2.87,2.37,D,,,,,17,2.0,0.0,2.0,4.0,5.0,1.0,4.0,4.0,9.0,-5.0,1.0,-8.0,9.0,1.0,0.0,1.0,1.0,3.0,-2.0,50.0,50.0,37.5,43.8,,,,
2006-05-06,2005,Boavista,Porto,1.0,1.0,D,U,2.5,3.1,2.5,A,,,,,17,0.0,4.0,2.0,0.0,1.0,5.0,-4.0,5.0,0.0,5.0,-4.0,5.0,-9.0,0.0,1.0,-1.0,2.0,0.0,2.0,50.0,18.8,68.8,12.5,,,,
2006-04-30,2005,Sp Braga,Gil Vicente,1.0,1.0,D,U,2.0,3.25,3.2,D,,,,,17,3.0,1.0,1.0,2.0,10.0,5.0,5.0,3.0,7.0,-4.0,7.0,-2.0,9.0,2.0,1.0,1.0,0.0,2.0,-2.0,75.0,12.5,18.8,68.8,,,,
2006-04-30,2005,Rio Ave,Sp Lisbon,1.0,3.0,A,O,3.5,3.25,1.9,A,,,,,17,2.0,3.0,2.0,0.0,4.0,5.0,-1.0,6.0,0.0,6.0,-2.0,5.0,-7.0,0.0,1.0,-1.0,1.0,0.0,1.0,37.5,37.5,56.2,18.8,,,,
2006-04-30,2005,Porto,Guimaraes,3.0,1.0,H,O,1.8,3.5,3.5,D,,,,,17,4.0,0.0,0.0,1.0,10.0,3.0,7.0,0.0,4.0,-4.0,10.0,-1.0,11.0,3.0,0.0,3.0,0.0,0.0,0.0,75.0,6.2,18.8,50.0,,,,
2006-04-30,2005,Naval,Leiria,0.0,2.0,A,U,1.9,3.0,3.75,A,,,,,17,3.0,1.0,1.0,1.0,7.0,4.0,3.0,5.0,4.0,1.0,2.0,0.0,2.0,2.0,0.0,2.0,1.0,0.0,1.0,43.8,37.5,37.5,50.0,,,,
2006-04-30,2005,Maritimo,Pacos Ferreira,1.0,1.0,D,U,2.2,3.2,2.87,D,,,,,17,3.0,1.0,0.0,2.0,4.0,5.0,-1.0,0.0,8.0,-8.0,4.0,-3.0,7.0,1.0,0.0,1.0,0.0,1.0,-1.0,43.8,18.8,18.8,56.2,,,,
2006-04-30,2005,Est Amadora,Penafiel,1.0,0.0,H,U,1.3,4.33,8.5,D,,,,,17,2.0,0.0,1.0,4.0,5.0,1.0,4.0,4.0,8.0,-4.0,1.0,-7.0,8.0,0.0,0.0,0.0,0.0,3.0,-3.0,37.5,25.0,0.0,75.0,,,,
2006-04-30,2005,Benfica,Setubal,1.0,0.0,H,U,1.28,4.5,9.0,H,,,,,17,2.0,0.0,0.0,4.0,4.0,1.0,3.0,2.0,9.0,-7.0,2.0,-8.0,10.0,0.0,0.0,0.0,0.0,2.0,-2.0,62.5,12.5,37.5,43.8,,,,
2006-04-30,2005,Belenenses,Academica,0.0,0.0,D,U,2.0,3.0,3.5,D,,,,,17,2.0,2.0,2.0,1.0,8.0,9.0,-1.0,6.0,5.0,1.0,2.0,4.0,-2.0,2.0,2.0,0.0,0.0,0.0,0.0,43.8,50.0,31.2,50.0,,,,
2006-04-29,2005,Nacional,Boavista,1.0,0.0,H,U,2.2,3.1,3.0,D,,,,,17,1.0,0.0,1.0,1.0,7.0,1.0,6.0,4.0,2.0,2.0,3.0,-1.0,4.0,1.0,0.0,1.0,0.0,0.0,0.0,43.8,18.8,25.0,25.0,,,,
2006-04-24,2005,Academica,Sp Braga,0.0,3.0,A,O,2.1,3.0,3.2,A,,,,,16,1.0,0.0,2.0,3.0,3.0,0.0,3.0,6.0,4.0,2.0,-3.0,-4.0,1.0,0.0,0.0,0.0,1.0,1.0,0.0,33.3,40.0,26.7,46.7,,,,
2006-04-23,2005,Sp Lisbon,Naval,0.0,0.0,D,U,1.28,4.5,8.5,D,,,,,16,3.0,1.0,1.0,1.0,5.0,6.0,-1.0,1.0,8.0,-7.0,4.0,-2.0,6.0,2.0,0.0,2.0,0.0,1.0,-1.0,73.3,20.0,20.0,66.7,,,,
2006-04-23,2005,Setubal,Maritimo,0.0,1.0,A,U,2.0,3.25,3.25,A,,,,,16,3.0,0.0,1.0,2.0,7.0,3.0,4.0,3.0,7.0,-4.0,4.0,-4.0,8.0,2.0,0.0,2.0,1.0,2.0,-1.0,53.3,46.7,13.3,46.7,,,,
2006-04-23,2005,Pacos Ferreira,Belenenses,1.0,1.0,D,U,2.1,3.25,3.0,D,,,,,16,2.0,1.0,0.0,3.0,6.0,3.0,3.0,4.0,7.0,-3.0,2.0,-4.0,6.0,0.0,1.0,-1.0,0.0,1.0,-1.0,46.7,33.3,26.7,53.3,,,,
2006-04-23,2005,Nacional,Benfica,1.0,1.0,D,U,3.5,3.25,1.9,D,,,,,16,1.0,4.0,1.0,0.0,7.0,7.0,0.0,4.0,2.0,2.0,3.0,5.0,-2.0,1.0,1.0,0.0,0.0,0.0,0.0,46.7,20.0,60.0,26.7,,,,
2006-04-23,2005,Leiria,Est Amadora,1.0,1.0,D,U,2.0,3.2,3.3,A,,,,,16,1.0,1.0,2.0,2.0,1.0,4.0,-3.0,3.0,5.0,-2.0,-2.0,-1.0,-1.0,0.0,0.0,0.0,1.0,0.0,1.0,33.3,33.3,26.7,60.0,,,,
2006-04-23,2005,Gil Vicente,Rio Ave,1.0,0.0,H,U,1.9,3.25,3.5,D,,,,,16,0.0,0.0,2.0,2.0,3.0,2.0,1.0,5.0,8.0,-3.0,-2.0,-6.0,4.0,0.0,0.0,0.0,0.0,1.0,-1.0,40.0,33.3,13.3,46.7,,,,
2006-04-22,2005,Penafiel,Porto,0.0,1.0,A,U,8.5,4.5,1.28,D,,,,,16,0.0,3.0,0.0,1.0,4.0,4.0,0.0,4.0,1.0,3.0,0.0,3.0,-3.0,0.0,1.0,-1.0,0.0,0.0,0.0,13.3,53.3,66.7,13.3,,,,
2006-04-21,2005,Guimaraes,Boavista,1.0,1.0,D,U,2.1,3.2,3.1,A,,,,,16,2.0,1.0,1.0,1.0,8.0,1.0,7.0,3.0,1.0,2.0,5.0,0.0,5.0,2.0,0.0,2.0,0.0,0.0,0.0,33.3,40.0,26.7,26.7,,,,
2006-04-17,2005,Sp Braga,Pacos Ferreira,2.0,3.0,A,O,1.5,3.6,5.5,A,,,,,16,3.0,0.0,0.0,3.0,9.0,2.0,7.0,1.0,9.0,-8.0,8.0,-7.0,15.0,2.0,0.0,2.0,0.0,2.0,-2.0,80.0,6.7,13.3,60.0,,,,
2006-04-16,2005,Maritimo,Nacional,2.0,0.0,H,U,2.3,3.1,2.75,D,,,,,16,2.0,1.0,1.0,3.0,2.0,3.0,-1.0,1.0,8.0,-7.0,1.0,-5.0,6.0,0.0,0.0,0.0,0.0,2.0,-2.0,40.0,20.0,40.0,40.0,,,,
2006-04-15,2005,Rio Ave,Academica,1.0,4.0,A,O,1.83,3.25,3.75,H,,,,,16,2.0,1.0,2.0,2.0,3.0,8.0,-5.0,3.0,8.0,-5.0,0.0,0.0,0.0,0.0,1.0,-1.0,0.0,0.0,0.0,40.0,33.3,26.7,53.3,,,,
2006-04-15,2005,Naval,Gil Vicente,1.0,4.0,A,O,1.83,3.2,3.75,D,,,,,16,3.0,0.0,1.0,3.0,6.0,1.0,5.0,2.0,7.0,-5.0,4.0,-6.0,10.0,2.0,0.0,2.0,0.0,2.0,-2.0,46.7,33.3,13.3,73.3,,,,
2006-04-15,2005,Guimaraes,Penafiel,3.0,1.0,H,O,1.33,4.33,7.5,H,,,,,15,2.0,0.0,1.0,4.0,7.0,0.0,7.0,2.0,9.0,-7.0,5.0,-9.0,14.0,2.0,0.0,2.0,0.0,3.0,-3.0,28.6,42.9,0.0,73.3,,,,
2006-04-15,2005,Est Amadora,Sp Lisbon,0.0,0.0,D,U,4.0,3.25,1.8,D,,,,,16,2.0,4.0,2.0,0.0,6.0,7.0,-1.0,6.0,1.0,5.0,0.0,6.0,-6.0,0.0,1.0,-1.0,0.0,0.0,0.0,40.0,26.7,60.0,20.0,,,,
2006-04-15,2005,Boavista,Benfica,0.0,2.0,A,U,2.75,3.0,2.37,D,,,,,16,1.0,3.0,1.0,1.0,3.0,5.0,-2.0,4.0,4.0,0.0,-1.0,1.0,-2.0,0.0,0.0,0.0,1.0,1.0,0.0,53.3,13.3,57.1,28.6,,,,
2006-04-14,2005,Porto,Leiria,1.0,0.0,H,U,1.25,5.0,8.0,H,,,,,16,4.0,2.0,0.0,0.0,10.0,8.0,2.0,0.0,4.0,-4.0,10.0,4.0,6.0,3.0,1.0,2.0,0.0,0.0,0.0,73.3,6.7,40.0,46.7,,,,
2006-04-14,2005,Belenenses,Setubal,3.0,1.0,H,O,1.9,3.2,3.6,H,,,,,16,1.0,1.0,3.0,3.0,5.0,2.0,3.0,7.0,6.0,1.0,-2.0,-4.0,2.0,1.0,1.0,0.0,1.0,1.0,0.0,40.0,53.3,40.0,40.0,,,,
2006-04-10,2005,Penafiel,Boavista,0.0,0.0,D,U,4.5,3.4,1.66,D,,,,,15,0.0,2.0,1.0,1.0,5.0,3.0,2.0,6.0,1.0,5.0,-1.0,2.0,-3.0,0.0,1.0,-1.0,0.0,0.0,0.0,14.3,57.1,28.6,28.6,,,,
2006-04-09,2005,Setubal,Sp Braga,1.0,0.0,H,U,2.5,3.2,2.5,D,,,,,15,2.0,1.0,2.0,2.0,7.0,1.0,6.0,5.0,3.0,2.0,2.0,-2.0,4.0,2.0,0.0,2.0,1.0,1.0,0.0,50.0,50.0,28.6,42.9,,,,
2006-04-09,2005,Pacos Ferreira,Rio Ave,2.0,1.0,H,O,2.1,3.25,3.0,H,,,,,15,2.0,0.0,0.0,2.0,5.0,2.0,3.0,3.0,8.0,-5.0,2.0,-6.0,8.0,0.0,0.0,0.0,0.0,1.0,-1.0,42.9,35.7,14.3,42.9,,,,
2006-04-09,2005,Gil Vicente,Est Amadora,1.0,1.0,D,U,2.1,3.25,3.0,A,,,,,15,1.0,1.0,2.0,2.0,6.0,4.0,2.0,7.0,5.0,2.0,-1.0,-1.0,0.0,0.0,0.0,0.0,0.0,0.0,0.0,42.9,35.7,28.6,64.3,,,,
2006-04-09,2005,Benfica,Maritimo,2.0,2.0,D,O,1.3,4.33,9.0,A,,,,,16,3.0,0.0,0.0,3.0,6.0,1.0,5.0,0.0,6.0,-6.0,6.0,-5.0,11.0,1.0,0.0,1.0,0.0,2.0,-2.0,66.7,13.3,14.3,50.0,,,,
2006-04-09,2005,Academica,Naval,2.0,2.0,D,O,2.0,3.25,3.25,H,,,,,15,1.0,2.0,3.0,1.0,1.0,5.0,-4.0,6.0,6.0,0.0,-5.0,-1.0,-4.0,0.0,0.0,0.0,2.0,1.0,1.0,35.7,42.9,21.4,71.4,,,,
2006-04-08,2005,Sp Lisbon,Porto,0.0,1.0,A,U,2.25,3.0,3.0,D,,,,,15,4.0,3.0,0.0,1.0,8.0,5.0,3.0,0.0,1.0,-1.0,8.0,4.0,4.0,3.0,2.0,1.0,0.0,0.0,0.0,78.6,14.3,64.3,14.3,,,,
2006-04-08,2005,Leiria,Guimaraes,1.0,0.0,H,U,2.5,3.2,2.5,D,,,,,15,0.0,1.0,3.0,0.0,0.0,4.0,-4.0,5.0,3.0,2.0,-5.0,1.0,-6.0,0.0,0.0,0.0,2.0,0.0,2.0,28.6,35.7,20.0,46.7,,,,
2006-04-07,2005,Nacional,Belenenses,4.0,0.0,H,O,1.9,3.25,3.5,H,,,,,15,0.0,2.0,2.0,2.0,4.0,5.0,-1.0,8.0,4.0,4.0,-4.0,1.0,-5.0,0.0,1.0,-1.0,1.0,0.0,1.0,42.9,21.4,28.6,50.0,,,,
2006-04-03,2005,Rio Ave,Setubal,1.0,0.0,H,U,2.1,3.25,3.0,H,,,,,15,1.0,1.0,2.0,3.0,2.0,2.0,0.0,3.0,10.0,-7.0,-1.0,-8.0,7.0,0.0,1.0,-1.0,0.0,2.0,-2.0,35.7,35.7,42.9,35.7,,,,
2006-04-02,2005,Porto,Gil Vicente,3.0,0.0,H,O,1.16,6.0,11.0,H,,,,,15,3.0,0.0,0.0,3.0,8.0,1.0,7.0,1.0,6.0,-5.0,7.0,-5.0,12.0,2.0,0.0,2.0,0.0,2.0,-2.0,71.4,7.1,14.3,71.4,,,,
2006-04-02,2005,Penafiel,Leiria,1.0,1.0,D,U,3.25,3.25,2.0,H,,,,,14,1.0,2.0,1.0,1.0,7.0,7.0,0.0,7.0,6.0,1.0,0.0,1.0,-1.0,0.0,1.0,-1.0,0.0,1.0,-1.0,15.4,61.5,42.9,50.0,,,,
2006-04-02,2005,Est Amadora,Academica,3.0,2.0,H,O,2.0,3.25,3.25,A,,,,,15,1.0,2.0,2.0,1.0,3.0,7.0,-4.0,4.0,5.0,-1.0,-1.0,2.0,-3.0,0.0,1.0,-1.0,0.0,0.0,0.0,35.7,28.6,28.6,50.0,,,,
2006-04-02,2005,Boavista,Maritimo,1.0,1.0,D,U,1.61,3.4,5.0,H,,,,,15,2.0,0.0,1.0,4.0,5.0,2.0,3.0,3.0,8.0,-5.0,2.0,-6.0,8.0,1.0,0.0,1.0,1.0,2.0,-1.0,57.1,14.3,15.4,53.8,,,,
2006-04-01,2005,Naval,Pacos Ferreira,1.0,0.0,H,U,1.9,3.25,3.5,D,,,,,15,3.0,0.0,1.0,3.0,7.0,2.0,5.0,2.0,11.0,-9.0,5.0,-9.0,14.0,3.0,0.0,3.0,0.0,3.0,-3.0,42.9,35.7,14.3,57.1,,,,
2006-04-01,2005,Guimaraes,Sp Lisbon,0.0,1.0,A,U,3.5,3.25,1.9,D,,,,,14,2.0,4.0,0.0,0.0,9.0,9.0,0.0,3.0,2.0,1.0,6.0,7.0,-1.0,2.0,2.0,0.0,0.0,0.0,0.0,30.8,38.5,57.1,21.4,,,,
2006-04-01,2005,Belenenses,Benfica,1.0,2.0,A,O,3.75,3.25,1.83,A,,,,,15,2.0,2.0,2.0,2.0,9.0,4.0,5.0,5.0,6.0,-1.0,4.0,-2.0,6.0,2.0,0.0,2.0,1.0,2.0,-1.0,42.9,50.0,53.8,30.8,,,,
2006-03-31,2005,Sp Braga,Nacional,1.0,0.0,H,U,1.66,3.4,4.5,H,,,,,15,3.0,1.0,0.0,3.0,9.0,3.0,6.0,1.0,8.0,-7.0,8.0,-5.0,13.0,2.0,0.0,2.0,0.0,2.0,-2.0,78.6,7.1,42.9,35.7,,,,
2006-03-27,2005,Leiria,Boavista,0.0,0.0,D,U,2.5,3.2,2.5,D,,,,,14,1.0,3.0,3.0,1.0,3.0,4.0,-1.0,6.0,1.0,5.0,-3.0,3.0,-6.0,1.0,1.0,0.0,2.0,0.0,2.0,30.8,38.5,30.8,30.8,,,,
2006-03-26,2005,Sp Lisbon,Penafiel,2.0,0.0,H,U,1.12,6.5,13.0,H,,,,,14,4.0,0.0,0.0,4.0,7.0,0.0,7.0,0.0,12.0,-12.0,7.0,-12.0,19.0,2.0,0.0,2.0,0.0,3.0,-3.0,76.9,15.4,0.0,71.4,,,,
2006-03-26,2005,Setubal,Naval,4.0,1.0,H,O,1.83,3.25,3.75,H,,,,,14,1.0,2.0,3.0,1.0,3.0,4.0,-1.0,5.0,5.0,0.0,-2.0,-1.0,-1.0,1.0,0.0,1.0,1.0,1.0,0.0,46.2,53.8,23.1,69.2,,,,
2006-03-26,2005,Pacos Ferreira,Est Amadora,2.0,1.0,H,O,2.25,3.2,2.8,D,,,,,14,1.0,1.0,1.0,2.0,3.0,3.0,0.0,3.0,5.0,-2.0,0.0,-2.0,2.0,0.0,0.0,0.0,0.0,1.0,-1.0,38.5,38.5,30.8,61.5,,,,
2006-03-26,2005,Gil Vicente,Guimaraes,1.0,1.0,D,U,2.3,3.2,2.7,A,,,,,14,2.0,1.0,2.0,1.0,10.0,3.0,7.0,6.0,3.0,3.0,4.0,0.0,4.0,1.0,0.0,1.0,0.0,0.0,0.0,46.2,38.5,21.4,50.0,,,,
2006-03-26,2005,Academica,Porto,0.0,1.0,A,U,5.0,3.6,1.57,D,,,,,14,2.0,2.0,2.0,1.0,4.0,4.0,0.0,5.0,1.0,4.0,-1.0,3.0,-4.0,1.0,2.0,-1.0,2.0,0.0,2.0,38.5,38.5,61.5,15.4,,,,
2006-03-25,2005,Maritimo,Belenenses,1.0,0.0,H,U,2.1,3.25,3.0,H,,,,,15,2.0,2.0,1.0,1.0,4.0,7.0,-3.0,1.0,5.0,-4.0,3.0,2.0,1.0,1.0,1.0,0.0,0.0,0.0,0.0,35.7,21.4,30.8,46.2,,,,
2006-03-25,2005,Benfica,Sp Braga,1.0,0.0,H,U,1.57,3.4,5.5,H,,,,,15,2.0,1.0,1.0,1.0,6.0,2.0,4.0,3.0,3.0,0.0,3.0,-1.0,4.0,1.0,0.0,1.0,1.0,1.0,0.0,64.3,14.3,30.8,38.5,,,,
2006-03-24,2005,Nacional,Rio Ave,1.0,1.0,D,U,1.8,3.25,4.0,D,,,,,14,1.0,0.0,2.0,2.0,5.0,1.0,4.0,7.0,7.0,0.0,-2.0,-6.0,4.0,1.0,0.0,1.0,1.0,1.0,0.0,46.2,23.1,15.4,46.2,,,,
2006-03-19,2005,Sp Braga,Maritimo,2.0,0.0,H,U,1.57,3.6,5.0,H,,,,,14,3.0,0.0,0.0,3.0,8.0,3.0,5.0,1.0,7.0,-6.0,7.0,-4.0,11.0,1.0,0.0,1.0,0.0,1.0,-1.0,76.9,7.7,16.7,50.0,,,,
2006-03-19,2005,Rio Ave,Benfica,0.0,1.0,A,U,4.33,3.25,1.72,D,,,,,14,2.0,2.0,1.0,2.0,4.0,6.0,-2.0,2.0,7.0,-5.0,2.0,-1.0,3.0,1.0,1.0,0.0,0.0,2.0,-2.0,38.5,30.8,50.0,33.3,,,,
2006-03-19,2005,Penafiel,Gil Vicente,1.0,1.0,D,U,2.75,3.1,2.3,D,,,,,13,1.0,0.0,1.0,3.0,6.0,1.0,5.0,6.0,6.0,0.0,0.0,-5.0,5.0,0.0,0.0,0.0,0.0,2.0,-2.0,16.7,66.7,15.4,76.9,,,,
2006-03-19,2005,Leiria,Sp Lisbon,0.0,1.0,A,U,3.6,3.4,1.83,D,,,,,13,1.0,4.0,2.0,0.0,5.0,9.0,-4.0,7.0,2.0,5.0,-2.0,7.0,-9.0,1.0,2.0,-1.0,2.0,0.0,2.0,33.3,33.3,53.8,23.1,,,,
2006-03-19,2005,Guimaraes,Academica,1.0,1.0,D,U,1.66,3.5,4.33,D,,,,,13,2.0,2.0,0.0,2.0,9.0,6.0,3.0,3.0,7.0,-4.0,6.0,-1.0,7.0,2.0,1.0,1.0,0.0,1.0,-1.0,33.3,41.7,30.8,53.8,,,,
2006-03-19,2005,Est Amadora,Setubal,1.0,0.0,H,U,2.1,3.0,3.25,H,,,,,14,1.0,2.0,2.0,2.0,4.0,4.0,0.0,5.0,10.0,-5.0,-1.0,-6.0,5.0,0.0,1.0,-1.0,0.0,2.0,-2.0,30.8,30.8,46.2,30.8,,,,
2006-03-18,2005,Porto,Pacos Ferreira,3.0,0.0,H,O,1.2,5.5,9.5,H,,,,,14,3.0,0.0,0.0,2.0,6.0,4.0,2.0,1.0,10.0,-9.0,5.0,-6.0,11.0,1.0,0.0,1.0,0.0,2.0,-2.0,69.2,7.7,15.4,53.8,,,,
2006-03-18,2005,Boavista,Belenenses,0.0,2.0,A,U,1.57,3.6,5.0,D,,,,,14,3.0,1.0,0.0,1.0,7.0,7.0,0.0,2.0,7.0,-5.0,5.0,0.0,5.0,1.0,0.0,1.0,0.0,0.0,0.0,61.5,7.7,25.0,50.0,,,,
2006-03-17,2005,Naval,Nacional,3.0,1.0,H,O,2.5,3.2,2.5,H,,,,,14,2.0,1.0,1.0,2.0,4.0,2.0,2.0,1.0,5.0,-4.0,3.0,-3.0,6.0,2.0,0.0,2.0,0.0,1.0,-1.0,38.5,38.5,46.2,30.8,,,,
2006-03-13,2005,Belenenses,Sp Braga,2.0,0.0,H,U,2.5,3.2,2.5,H,,,,,14,1.0,1.0,3.0,0.0,7.0,2.0,5.0,6.0,1.0,5.0,1.0,1.0,0.0,1.0,0.0,1.0,1.0,0.0,1.0,38.5,53.8,33.3,33.3,,,,
2006-03-12,2005,Pacos Ferreira,Guimaraes,1.0,1.0,D,U,2.4,3.2,2.6,D,,,,,13,1.0,1.0,2.0,1.0,3.0,2.0,1.0,4.0,2.0,2.0,-1.0,0.0,-1.0,0.0,0.0,0.0,0.0,0.0,0.0,41.7,41.7,23.1,53.8,,,,
2006-03-12,2005,Nacional,Est Amadora,1.0,2.0,A,O,1.61,3.4,5.0,D,,,,,13,1.0,0.0,1.0,3.0,6.0,2.0,4.0,7.0,6.0,1.0,-1.0,-4.0,3.0,1.0,0.0,1.0,1.0,1.0,0.0,50.0,16.7,25.0,66.7,,,,
2006-03-12,2005,Benfica,Naval,0.0,0.0,D,U,1.28,4.5,9.0,D,,,,,14,3.0,2.0,1.0,2.0,9.0,4.0,5.0,3.0,6.0,-3.0,6.0,-2.0,8.0,2.0,0.0,2.0,1.0,1.0,0.0,69.2,15.4,25.0,75.0,,,,
2006-03-11,2005,Sp Lisbon,Boavista,1.0,0.0,H,U,1.61,3.4,5.0,H,,,,,13,3.0,4.0,0.0,0.0,7.0,6.0,1.0,1.0,0.0,1.0,6.0,6.0,0.0,2.0,2.0,0.0,0.0,0.0,0.0,75.0,16.7,33.3,25.0,,,,
2006-03-11,2005,Maritimo,Rio Ave,0.0,0.0,D,U,1.83,3.25,3.8,D,,,,,14,2.0,0.0,1.0,2.0,5.0,2.0,3.0,2.0,8.0,-6.0,3.0,-6.0,9.0,1.0,0.0,1.0,0.0,1.0,-1.0,38.5,23.1,16.7,50.0,,,,
2006-03-11,2005,Gil Vicente,Leiria,1.0,2.0,A,O,2.2,3.2,2.87,D,,,,,13,2.0,1.0,2.0,2.0,10.0,5.0,5.0,7.0,6.0,1.0,3.0,-1.0,4.0,1.0,1.0,0.0,1.0,1.0,0.0,50.0,33.3,38.5,53.8,,,,
2006-03-11,2005,Academica,Penafiel,1.0,0.0,H,U,1.44,3.75,6.5,D,,,,,13,1.0,0.0,2.0,4.0,3.0,0.0,3.0,5.0,13.0,-8.0,-2.0,-13.0,11.0,1.0,0.0,1.0,2.0,4.0,-2.0,33.3,41.7,0.0,69.2,,,,
2006-03-10,2005,Setubal,Porto,0.0,2.0,A,U,5.0,3.4,1.61,A,,,,,13,1.0,1.0,3.0,2.0,3.0,3.0,0.0,5.0,3.0,2.0,-2.0,0.0,-2.0,1.0,1.0,0.0,1.0,0.0,1.0,50.0,50.0,58.3,16.7,,,,
2006-03-06,2005,Rio Ave,Belenenses,2.0,1.0,H,O,2.1,3.25,3.0,H,,,,,13,1.0,2.0,2.0,0.0,3.0,7.0,-4.0,3.0,5.0,-2.0,0.0,2.0,-2.0,1.0,0.0,1.0,0.0,0.0,0.0,33.3,33.3,27.3,45.5,,,,
2006-03-05,2005,Sp Lisbon,Gil Vicente,2.0,0.0,H,U,1.25,5.0,9.0,D,,,,,12,3.0,1.0,0.0,2.0,8.0,3.0,5.0,1.0,4.0,-3.0,7.0,-1.0,8.0,2.0,1.0,1.0,0.0,1.0,-1.0,72.7,18.2,16.7,75.0,,,,
2006-03-05,2005,Porto,Nacional,3.0,0.0,H,O,1.5,3.5,6.0,H,,,,,13,3.0,2.0,0.0,1.0,4.0,5.0,-1.0,1.0,2.0,-1.0,3.0,3.0,0.0,0.0,1.0,-1.0,0.0,0.0,0.0,66.7,8.3,50.0,25.0,,,,
2006-03-05,2005,Penafiel,Pacos Ferreira,2.0,2.0,D,O,2.5,3.2,2.5,A,,,,,12,1.0,0.0,2.0,3.0,4.0,2.0,2.0,5.0,10.0,-5.0,-1.0,-8.0,7.0,0.0,0.0,0.0,0.0,3.0,-3.0,18.2,72.7,16.7,58.3,,,,
2006-03-05,2005,Leiria,Academica,0.0,2.0,A,U,1.8,3.25,4.0,A,,,,,12,2.0,1.0,1.0,2.0,7.0,6.0,1.0,6.0,9.0,-3.0,1.0,-3.0,4.0,1.0,0.0,1.0,1.0,1.0,0.0,36.4,27.3,25.0,58.3,,,,
2006-03-04,2005,Naval,Maritimo,2.0,0.0,H,U,2.37,3.1,2.7,H,,,,,13,2.0,1.0,1.0,2.0,6.0,5.0,1.0,2.0,6.0,-4.0,4.0,-1.0,5.0,2.0,0.0,2.0,0.0,0.0,0.0,33.3,41.7,18.2,45.5,,,,
2006-03-04,2005,Est Amadora,Benfica,1.0,2.0,A,O,3.6,3.2,1.9,H,,,,,13,2.0,2.0,1.0,2.0,5.0,5.0,0.0,3.0,6.0,-3.0,2.0,-1.0,3.0,1.0,1.0,0.0,0.0,2.0,-2.0,33.3,25.0,45.5,36.4,,,,
2006-03-04,2005,Boavista,Sp Braga,0.0,0.0,D,U,1.9,3.25,3.5,D,,,,,13,3.0,1.0,1.0,1.0,7.0,3.0,4.0,5.0,3.0,2.0,2.0,0.0,2.0,1.0,0.0,1.0,1.0,0.0,1.0,66.7,8.3,36.4,36.4,,,,
2006-03-03,2005,Guimaraes,Setubal,4.0,0.0,H,O,1.83,3.4,3.6,H,,,,,12,1.0,2.0,1.0,1.0,5.0,6.0,-1.0,5.0,8.0,-3.0,0.0,-2.0,2.0,1.0,1.0,0.0,1.0,1.0,0.0,27.3,45.5,50.0,25.0,,,,
2006-02-27,2005,Sp Braga,Rio Ave,5.0,0.0,H,O,1.53,3.6,5.5,H,,,,,13,3.0,0.0,0.0,2.0,6.0,2.0,4.0,3.0,6.0,-3.0,3.0,-4.0,7.0,0.0,0.0,0.0,0.0,1.0,-1.0,75.0,8.3,18.2,45.5,,,,
2006-02-26,2005,Setubal,Penafiel,2.0,0.0,H,U,1.57,3.6,5.0,H,,,,,12,0.0,0.0,4.0,4.0,1.0,1.0,0.0,6.0,15.0,-9.0,-5.0,-14.0,9.0,0.0,0.0,0.0,1.0,4.0,-3.0,45.5,54.5,0.0,66.7,,,,
2006-02-26,2005,Pacos Ferreira,Leiria,1.0,1.0,D,U,2.4,3.2,2.6,H,,,,,12,1.0,2.0,3.0,2.0,3.0,6.0,-3.0,5.0,6.0,-1.0,-2.0,0.0,-2.0,0.0,1.0,-1.0,0.0,1.0,-1.0,45.5,45.5,41.7,58.3,,,,
2006-02-26,2005,Maritimo,Est Amadora,1.0,0.0,H,U,1.83,3.3,3.8,D,,,,,13,1.0,1.0,1.0,2.0,6.0,3.0,3.0,4.0,5.0,-1.0,2.0,-2.0,4.0,1.0,0.0,1.0,0.0,1.0,-1.0,33.3,25.0,27.3,63.6,,,,
2006-02-26,2005,Benfica,Porto,1.0,0.0,H,U,2.4,3.2,2.6,H,,,,,13,3.0,2.0,1.0,1.0,10.0,5.0,5.0,3.0,2.0,1.0,7.0,3.0,4.0,3.0,2.0,1.0,1.0,0.0,1.0,66.7,16.7,63.6,9.1,,,,
2006-02-26,2005,Belenenses,Naval,2.0,3.0,A,O,1.72,3.3,4.33,A,,,,,13,1.0,1.0,3.0,3.0,5.0,2.0,3.0,5.0,6.0,-1.0,0.0,-4.0,4.0,1.0,0.0,1.0,2.0,1.0,1.0,41.7,50.0,18.2,81.8,,,,
2006-02-25,2005,Nacional,Guimaraes,1.0,1.0,D,U,1.72,3.3,4.33,D,,,,,12,1.0,1.0,1.0,2.0,7.0,1.0,6.0,8.0,3.0,5.0,-1.0,-2.0,1.0,1.0,0.0,1.0,1.0,1.0,0.0,54.5,18.2,25.0,58.3,,,,
2006-02-25,2005,Academica,Sp Lisbon,0.0,3.0,A,O,4.33,3.3,1.72,A,,,,,12,1.0,3.0,2.0,1.0,3.0,8.0,-5.0,3.0,5.0,-2.0,0.0,3.0,-3.0,1.0,1.0,0.0,1.0,0.0,1.0,36.4,36.4,50.0,25.0,,,,
2006-02-24,2005,Gil Vicente,Boavista,0.0,1.0,A,U,2.6,3.2,2.4,A,,,,,12,3.0,3.0,1.0,1.0,12.0,5.0,7.0,7.0,1.0,6.0,5.0,4.0,1.0,1.0,2.0,-1.0,1.0,0.0,1.0,54.5,27.3,27.3,27.3,,,,
2006-02-20,2005,Leiria,Setubal,0.0,2.0,A,U,1.8,3.4,3.75,A,,,,,11,2.0,1.0,1.0,2.0,8.0,4.0,4.0,7.0,9.0,-2.0,1.0,-5.0,6.0,1.0,0.0,1.0,1.0,1.0,0.0,40.0,20.0,45.5,27.3,,,,
2006-02-19,2005,Porto,Maritimo,1.0,0.0,H,U,1.25,4.5,11.0,H,,,,,12,3.0,1.0,0.0,2.0,6.0,6.0,0.0,2.0,7.0,-5.0,4.0,-1.0,5.0,1.0,0.0,1.0,0.0,0.0,0.0,63.6,9.1,20.0,40.0,,,,
2006-02-19,2005,Penafiel,Nacional,1.0,2.0,A,O,3.25,3.25,2.0,D,,,,,11,1.0,1.0,2.0,2.0,3.0,3.0,0.0,4.0,2.0,2.0,-1.0,1.0,-2.0,0.0,1.0,-1.0,0.0,0.0,0.0,20.0,70.0,45.5,27.3,,,,
2006-02-19,2005,Naval,Sp Braga,0.0,1.0,A,U,2.8,3.25,2.2,D,,,,,12,2.0,0.0,1.0,2.0,6.0,2.0,4.0,3.0,4.0,-1.0,3.0,-2.0,5.0,2.0,0.0,2.0,1.0,0.0,1.0,36.4,36.4,30.0,40.0,,,,
2006-02-19,2005,Gil Vicente,Academica,4.0,3.0,H,O,2.0,3.25,3.25,H,,,,,11,3.0,1.0,1.0,2.0,10.0,3.0,7.0,4.0,7.0,-3.0,6.0,-4.0,10.0,2.0,0.0,2.0,1.0,2.0,-1.0,50.0,30.0,27.3,54.5,,,,
2006-02-19,2005,Est Amadora,Belenenses,1.0,2.0,A,O,2.1,3.25,3.0,A,,,,,12,2.0,1.0,1.0,1.0,5.0,5.0,0.0,3.0,5.0,-2.0,2.0,0.0,2.0,1.0,0.0,1.0,0.0,0.0,0.0,36.4,18.2,20.0,50.0,,,,
2006-02-18,2005,Sp Lisbon,Pacos Ferreira,3.0,0.0,H,O,1.28,4.33,9.5,H,,,,,11,2.0,0.0,1.0,3.0,5.0,2.0,3.0,2.0,9.0,-7.0,3.0,-7.0,10.0,1.0,0.0,1.0,0.0,3.0,-3.0,70.0,20.0,18.2,54.5,,,,
2006-02-18,2005,Guimaraes,Benfica,2.0,0.0,H,U,3.5,3.5,1.83,H,,,,,11,0.0,3.0,2.0,1.0,3.0,6.0,-3.0,8.0,4.0,4.0,-5.0,2.0,-7.0,0.0,1.0,-1.0,2.0,1.0,1.0,20.0,50.0,50.0,30.0,,,,
2006-02-17,2005,Boavista,Rio Ave,2.0,1.0,H,O,1.61,3.4,5.0,D,,,,,12,2.0,0.0,1.0,1.0,6.0,3.0,3.0,5.0,6.0,-1.0,1.0,-3.0,4.0,1.0,0.0,1.0,1.0,1.0,0.0,63.6,9.1,20.0,40.0,,,,
2006-02-13,2005,Maritimo,Guimaraes,0.0,1.0,A,U,1.8,3.25,4.0,A,,,,,12,2.0,0.0,0.0,2.0,7.0,1.0,6.0,3.0,4.0,-1.0,4.0,-3.0,7.0,1.0,0.0,1.0,0.0,1.0,-1.0,36.4,18.2,18.2,63.6,,,,
2006-02-12,2005,Sp Braga,Est Amadora,1.0,1.0,D,U,1.53,3.6,5.5,A,,,,,12,4.0,2.0,0.0,2.0,7.0,3.0,4.0,2.0,4.0,-2.0,5.0,-1.0,6.0,1.0,0.0,1.0,0.0,1.0,-1.0,81.8,9.1,30.0,70.0,,,,
2006-02-12,2005,Setubal,Sp Lisbon,1.0,2.0,A,O,3.25,3.25,2.0,A,,,,,11,1.0,3.0,3.0,1.0,1.0,8.0,-7.0,4.0,4.0,0.0,-3.0,4.0,-7.0,0.0,2.0,-2.0,1.0,0.0,1.0,50.0,50.0,45.5,27.3,,,,
2006-02-12,2005,Rio Ave,Naval,0.0,1.0,A,U,1.66,3.2,5.0,A,,,,,12,2.0,0.0,1.0,4.0,4.0,1.0,3.0,2.0,8.0,-6.0,2.0,-7.0,9.0,1.0,0.0,1.0,0.0,2.0,-2.0,36.4,27.3,10.0,90.0,,,,
2006-02-12,2005,Pacos Ferreira,Gil Vicente,1.0,0.0,H,U,2.2,3.2,2.9,H,,,,,11,1.0,1.0,3.0,2.0,3.0,3.0,0.0,5.0,4.0,1.0,-2.0,-1.0,-1.0,0.0,1.0,-1.0,0.0,1.0,-1.0,40.0,50.0,18.2,72.7,,,,
2006-02-12,2005,Nacional,Leiria,1.0,4.0,A,O,1.66,3.3,4.75,A,,,,,11,2.0,2.0,0.0,2.0,8.0,4.0,4.0,5.0,6.0,-1.0,3.0,-2.0,5.0,1.0,0.0,1.0,0.0,1.0,-1.0,60.0,10.0,36.4,63.6,,,,
2006-02-12,2005,Benfica,Penafiel,4.0,0.0,H,O,1.16,6.0,11.0,H,,,,,12,3.0,0.0,1.0,4.0,7.0,2.0,5.0,3.0,14.0,-11.0,4.0,-12.0,16.0,2.0,0.0,2.0,1.0,4.0,-3.0,63.6,18.2,0.0,63.6,,,,
2006-02-11,2005,Belenenses,Porto,0.0,2.0,A,U,4.33,3.3,1.72,A,,,,,12,2.0,2.0,2.0,1.0,7.0,6.0,1.0,3.0,3.0,0.0,4.0,3.0,1.0,2.0,2.0,0.0,1.0,0.0,1.0,45.5,45.5,60.0,10.0,,,,
2006-02-11,2005,Academica,Boavista,0.0,2.0,A,U,2.4,3.2,2.6,A,,,,,11,1.0,2.0,1.0,2.0,5.0,3.0,2.0,3.0,2.0,1.0,2.0,1.0,1.0,1.0,1.0,0.0,0.0,0.0,0.0,40.0,30.0,20.0,30.0,,,,
2006-02-06,2005,Porto,Sp Braga,1.0,1.0,D,U,1.61,3.4,5.0,D,,,,,11,3.0,0.0,0.0,3.0,6.0,1.0,5.0,2.0,4.0,-2.0,4.0,-3.0,7.0,1.0,0.0,1.0,0.0,0.0,0.0,70.0,10.0,33.3,44.4,,,,
2006-02-05,2005,Penafiel,Maritimo,3.0,2.0,H,O,3.25,3.25,2.0,D,,,,,10,0.0,2.0,3.0,1.0,0.0,5.0,-5.0,3.0,4.0,-1.0,-3.0,1.0,-4.0,0.0,0.0,0.0,0.0,0.0,0.0,11.1,77.8,22.2,33.3,,,,
2006-02-05,2005,Guimaraes,Belenenses,2.0,2.0,D,O,2.2,3.25,2.8,D,,,,,10,1.0,1.0,2.0,1.0,3.0,3.0,0.0,6.0,3.0,3.0,-3.0,0.0,-3.0,1.0,0.0,1.0,2.0,0.0,2.0,22.2,55.6,22.2,55.6,,,,
2006-02-05,2005,Gil Vicente,Setubal,5.0,0.0,H,O,2.3,3.2,2.75,H,,,,,10,2.0,2.0,2.0,1.0,5.0,5.0,0.0,5.0,4.0,1.0,0.0,1.0,-1.0,1.0,0.0,1.0,1.0,0.0,1.0,44.4,33.3,50.0,20.0,,,,
2006-02-05,2005,Est Amadora,Rio Ave,0.0,0.0,D,U,2.0,3.25,3.25,D,,,,,11,3.0,0.0,1.0,2.0,6.0,3.0,3.0,3.0,7.0,-4.0,3.0,-4.0,7.0,1.0,0.0,1.0,0.0,1.0,-1.0,40.0,20.0,22.2,44.4,,,,
2006-02-04,2005,Sp Lisbon,Nacional,1.0,0.0,H,U,1.66,3.4,4.33,D,,,,,10,2.0,1.0,1.0,2.0,6.0,3.0,3.0,2.0,2.0,0.0,4.0,1.0,3.0,2.0,1.0,1.0,0.0,0.0,0.0,66.7,22.2,50.0,20.0,,,,
2006-02-04,2005,Leiria,Benfica,3.0,1.0,H,O,4.0,3.0,1.83,H,,,,,10,1.0,3.0,1.0,1.0,6.0,7.0,-1.0,7.0,4.0,3.0,-1.0,3.0,-4.0,0.0,1.0,-1.0,1.0,0.0,1.0,33.3,22.2,55.6,22.2,,,,
2006-02-04,2005,Academica,Pacos Ferreira,3.0,0.0,H,O,2.0,3.25,3.25,D,,,,,10,1.0,0.0,1.0,2.0,3.0,4.0,-1.0,3.0,8.0,-5.0,0.0,-4.0,4.0,0.0,0.0,0.0,0.0,2.0,-2.0,33.3,33.3,20.0,50.0,,,,
2006-02-03,2005,Boavista,Naval,3.0,0.0,H,O,1.5,3.5,6.0,H,,,,,11,2.0,0.0,1.0,4.0,5.0,2.0,3.0,6.0,8.0,-2.0,-1.0,-6.0,5.0,0.0,0.0,0.0,1.0,2.0,-1.0,60.0,10.0,11.1,88.9,,,,
2006-01-30,2005,Setubal,Academica,0.0,1.0,A,U,1.66,3.4,4.5,D,,,,,10,2.0,1.0,2.0,2.0,2.0,3.0,-1.0,3.0,7.0,-4.0,-1.0,-4.0,3.0,0.0,0.0,0.0,1.0,2.0,-1.0,55.6,44.4,20.0,60.0,,,,
2006-01-29,2005,Sp Braga,Guimaraes,1.0,0.0,H,U,1.61,3.6,4.33,D,,,,,11,3.0,1.0,1.0,1.0,6.0,2.0,4.0,3.0,3.0,0.0,3.0,-1.0,4.0,1.0,0.0,1.0,0.0,1.0,-1.0,80.0,10.0,20.0,60.0,,,,
2006-01-29,2005,Rio Ave,Porto,0.0,0.0,D,U,4.33,3.5,1.66,D,,,,,11,2.0,3.0,1.0,1.0,6.0,7.0,-1.0,4.0,3.0,1.0,2.0,4.0,-2.0,1.0,2.0,-1.0,0.0,0.0,0.0,40.0,30.0,66.7,11.1,,,,
2006-01-29,2005,Nacional,Gil Vicente,2.0,0.0,H,U,1.61,3.4,5.0,H,,,,,10,2.0,1.0,0.0,2.0,7.0,3.0,4.0,5.0,3.0,2.0,2.0,0.0,2.0,0.0,1.0,-1.0,0.0,0.0,0.0,55.6,11.1,20.0,70.0,,,,
2006-01-29,2005,Maritimo,Leiria,3.0,0.0,H,O,2.0,3.2,3.3,D,,,,,11,1.0,3.0,1.0,1.0,4.0,7.0,-3.0,4.0,3.0,1.0,0.0,4.0,-4.0,0.0,1.0,-1.0,0.0,0.0,0.0,30.0,20.0,40.0,60.0,,,,
2006-01-29,2005,Belenenses,Penafiel,5.0,0.0,H,O,1.57,3.6,5.0,H,,,,,11,2.0,0.0,2.0,4.0,3.0,3.0,0.0,3.0,11.0,-8.0,0.0,-8.0,8.0,1.0,0.0,1.0,1.0,3.0,-2.0,40.0,50.0,0.0,60.0,,,,
2006-01-28,2005,Naval,Est Amadora,2.0,0.0,H,U,2.4,3.2,2.6,H,,,,,11,1.0,2.0,2.0,2.0,4.0,3.0,1.0,4.0,3.0,1.0,0.0,0.0,0.0,1.0,0.0,1.0,1.0,0.0,1.0,30.0,40.0,33.3,66.7,,,,
2006-01-28,2005,Benfica,Sp Lisbon,1.0,3.0,A,O,1.9,3.2,3.6,H,,,,,11,4.0,2.0,0.0,1.0,7.0,6.0,1.0,0.0,4.0,-4.0,7.0,2.0,5.0,2.0,1.0,1.0,0.0,0.0,0.0,70.0,10.0,40.0,30.0,,,,
2006-01-27,2005,Pacos Ferreira,Boavista,0.0,1.0,A,U,2.62,3.0,2.5,A,,,,,10,2.0,1.0,2.0,2.0,6.0,3.0,3.0,5.0,3.0,2.0,1.0,0.0,1.0,1.0,1.0,0.0,0.0,0.0,0.0,44.4,44.4,11.1,33.3,,,,
2006-01-23,2005,Leiria,Belenenses,2.0,2.0,D,O,1.8,3.4,3.75,H,,,,,9,2.0,1.0,1.0,2.0,7.0,1.0,6.0,5.0,3.0,2.0,2.0,-2.0,4.0,1.0,0.0,1.0,1.0,1.0,0.0,37.5,25.0,25.0,62.5,,,,
2006-01-21,2005,Sp Lisbon,Maritimo,1.0,1.0,D,U,1.4,3.75,7.5,D,,,,,9,3.0,2.0,1.0,1.0,7.0,6.0,1.0,2.0,5.0,-3.0,5.0,1.0,4.0,2.0,0.0,2.0,0.0,0.0,0.0,75.0,25.0,25.0,37.5,,,,
2006-01-21,2005,Porto,Naval,1.0,0.0,H,U,1.16,6.0,13.0,H,,,,,10,3.0,0.0,0.0,4.0,10.0,2.0,8.0,3.0,9.0,-6.0,7.0,-7.0,14.0,2.0,0.0,2.0,0.0,3.0,-3.0,66.7,11.1,12.5,87.5,,,,
2006-01-21,2005,Pacos Ferreira,Setubal,1.0,2.0,A,O,2.25,3.2,2.8,A,,,,,9,2.0,2.0,2.0,1.0,5.0,6.0,-1.0,4.0,3.0,1.0,1.0,3.0,-2.0,1.0,1.0,0.0,0.0,0.0,0.0,50.0,37.5,44.4,22.2,,,,
2006-01-21,2005,Guimaraes,Rio Ave,1.0,1.0,D,U,2.1,3.2,3.1,A,,,,,9,1.0,0.0,3.0,2.0,2.0,4.0,-2.0,7.0,8.0,-1.0,-5.0,-4.0,-1.0,1.0,0.0,1.0,3.0,1.0,2.0,25.0,62.5,25.0,50.0,,,,
2006-01-21,2005,Boavista,Est Amadora,2.0,1.0,H,O,1.72,3.25,4.33,H,,,,,10,2.0,2.0,1.0,2.0,5.0,2.0,3.0,5.0,2.0,3.0,0.0,0.0,0.0,1.0,0.0,1.0,1.0,0.0,1.0,55.6,11.1,37.5,62.5,,,,
2006-01-21,2005,Academica,Nacional,0.0,0.0,D,U,2.7,3.1,2.37,D,,,,,9,2.0,2.0,1.0,2.0,4.0,5.0,-1.0,3.0,2.0,1.0,1.0,3.0,-2.0,0.0,2.0,-2.0,0.0,0.0,0.0,37.5,37.5,55.6,22.2,,,,
2006-01-20,2005,Gil Vicente,Benfica,1.0,3.0,A,O,4.33,3.25,1.72,A,,,,,9,2.0,2.0,1.0,1.0,6.0,5.0,1.0,4.0,4.0,0.0,2.0,1.0,1.0,1.0,0.0,1.0,0.0,0.0,0.0,50.0,25.0,50.0,25.0,,,,
2006-01-19,2005,Penafiel,Sp Braga,0.0,0.0,D,U,4.33,3.4,1.66,D,,,,,9,1.0,0.0,3.0,4.0,1.0,1.0,0.0,3.0,5.0,-2.0,-2.0,-4.0,2.0,0.0,0.0,0.0,0.0,0.0,0.0,12.5,87.5,37.5,50.0,,,,
2006-01-16,2005,Setubal,Boavista,0.0,2.0,A,U,2.2,3.25,2.75,D,,,,,9,3.0,0.0,1.0,2.0,3.0,2.0,1.0,1.0,4.0,-3.0,2.0,-2.0,4.0,0.0,0.0,0.0,0.0,0.0,0.0,62.5,37.5,0.0,37.5,,,,
2006-01-15,2005,Rio Ave,Penafiel,2.0,0.0,H,U,1.61,3.5,4.5,H,,,,,10,1.0,0.0,2.0,3.0,4.0,4.0,0.0,6.0,10.0,-4.0,-2.0,-6.0,4.0,0.0,0.0,0.0,1.0,2.0,-1.0,33.3,33.3,0.0,55.6,,,,
2006-01-15,2005,Naval,Guimaraes,0.0,0.0,D,U,2.2,3.25,2.75,D,,,,,10,1.0,1.0,3.0,2.0,4.0,2.0,2.0,7.0,5.0,2.0,-3.0,-3.0,0.0,1.0,0.0,1.0,2.0,2.0,0.0,33.3,44.4,22.2,66.7,,,,
2006-01-15,2005,Nacional,Pacos Ferreira,2.0,2.0,D,O,1.66,3.4,4.33,D,,,,,9,3.0,0.0,0.0,2.0,7.0,2.0,5.0,3.0,6.0,-3.0,4.0,-4.0,8.0,1.0,0.0,1.0,0.0,2.0,-2.0,62.5,12.5,22.2,55.6,,,,
2006-01-15,2005,Maritimo,Gil Vicente,1.0,1.0,D,U,1.8,3.25,4.0,A,,,,,10,1.0,1.0,1.0,3.0,4.0,2.0,2.0,4.0,4.0,0.0,0.0,-2.0,2.0,0.0,1.0,-1.0,0.0,1.0,-1.0,33.3,22.2,22.2,77.8,,,,
2006-01-15,2005,Est Amadora,Porto,2.0,1.0,H,O,4.5,3.5,1.61,H,,,,,10,2.0,4.0,1.0,0.0,4.0,7.0,-3.0,2.0,1.0,1.0,2.0,6.0,-4.0,1.0,2.0,-1.0,0.0,0.0,0.0,33.3,22.2,75.0,0.0,,,,
2006-01-15,2005,Benfica,Academica,3.0,0.0,H,O,1.2,5.0,10.0,H,,,,,10,3.0,1.0,0.0,2.0,4.0,4.0,0.0,0.0,9.0,-9.0,4.0,-5.0,9.0,1.0,0.0,1.0,0.0,2.0,-2.0,66.7,11.1,22.2,55.6,,,,
2006-01-14,2005,Sp Braga,Leiria,1.0,0.0,H,U,1.66,3.4,4.33,D,,,,,10,3.0,3.0,1.0,1.0,8.0,7.0,1.0,5.0,4.0,1.0,3.0,3.0,0.0,1.0,1.0,0.0,0.0,1.0,-1.0,77.8,11.1,44.4,55.6,,,,
2006-01-14,2005,Belenenses,Sp Lisbon,0.0,1.0,A,U,3.0,3.2,2.1,A,,,,,10,2.0,2.0,2.0,1.0,3.0,6.0,-3.0,3.0,4.0,-1.0,0.0,2.0,-2.0,1.0,1.0,0.0,1.0,0.0,1.0,44.4,44.4,33.3,33.3,,,,
2006-01-09,2005,Rio Ave,Leiria,1.0,2.0,A,O,2.1,3.25,3.0,A,,,,,9,1.0,2.0,1.0,2.0,5.0,6.0,-1.0,6.0,5.0,1.0,-1.0,1.0,-2.0,0.0,1.0,-1.0,1.0,1.0,0.0,37.5,25.0,37.5,62.5,,,,
2006-01-08,2005,Porto,Boavista,1.0,0.0,H,U,1.44,3.75,6.5,H,,,,,9,2.0,0.0,0.0,2.0,9.0,2.0,7.0,3.0,4.0,-1.0,6.0,-2.0,8.0,2.0,0.0,2.0,0.0,0.0,0.0,62.5,12.5,0.0,28.6,,,,
2006-01-08,2005,Est Amadora,Guimaraes,2.0,0.0,H,U,2.1,3.25,3.0,D,,,,,9,1.0,1.0,2.0,2.0,2.0,2.0,0.0,4.0,4.0,0.0,-2.0,-2.0,0.0,0.0,0.0,0.0,1.0,1.0,0.0,25.0,25.0,25.0,62.5,,,,
2006-01-08,2005,Benfica,Pacos Ferreira,2.0,0.0,H,U,1.3,4.5,8.0,H,,,,,9,2.0,1.0,0.0,1.0,4.0,4.0,0.0,2.0,4.0,-2.0,2.0,0.0,2.0,0.0,1.0,-1.0,0.0,1.0,-1.0,62.5,12.5,25.0,50.0,,,,
2006-01-07,2005,Sp Braga,Sp Lisbon,3.0,2.0,H,O,2.5,3.2,2.5,H,,,,,9,3.0,2.0,1.0,0.0,7.0,6.0,1.0,3.0,3.0,0.0,4.0,3.0,1.0,2.0,1.0,1.0,0.0,0.0,0.0,75.0,12.5,37.5,25.0,,,,
2006-01-07,2005,Naval,Penafiel,4.0,1.0,H,O,2.0,3.25,3.25,H,,,,,9,0.0,0.0,3.0,2.0,1.0,5.0,-4.0,7.0,8.0,-1.0,-6.0,-3.0,-3.0,0.0,0.0,0.0,2.0,1.0,1.0,25.0,50.0,0.0,50.0,,,,
2006-01-07,2005,Maritimo,Academica,2.0,2.0,D,O,1.72,3.25,4.33,H,,,,,9,2.0,1.0,1.0,3.0,3.0,2.0,1.0,2.0,8.0,-6.0,1.0,-6.0,7.0,0.0,0.0,0.0,0.0,2.0,-2.0,37.5,25.0,25.0,62.5,,,,
2006-01-06,2005,Nacional,Setubal,2.0,2.0,D,O,1.72,3.25,4.33,A,,,,,8,3.0,2.0,1.0,1.0,5.0,4.0,1.0,2.0,1.0,1.0,3.0,3.0,0.0,1.0,1.0,0.0,0.0,0.0,0.0,71.4,14.3,50.0,25.0,,,,
2006-01-06,2005,Belenenses,Gil Vicente,0.0,2.0,A,U,1.8,3.25,4.0,D,,,,,9,2.0,0.0,1.0,4.0,4.0,0.0,4.0,2.0,7.0,-5.0,2.0,-7.0,9.0,1.0,0.0,1.0,0.0,2.0,-2.0,50.0,37.5,12.5,87.5,,,,
2005-12-22,2005,Penafiel,Est Amadora,0.0,1.0,A,U,2.5,3.1,2.5,A,,,,,8,1.0,1.0,3.0,3.0,1.0,1.0,0.0,3.0,4.0,-1.0,-2.0,-3.0,1.0,0.0,0.0,0.0,0.0,1.0,-1.0,14.3,85.7,28.6,71.4,,,,
2005-12-22,2005,Guimaraes,Porto,0.0,2.0,A,U,4.5,3.5,1.61,A,,,,,8,1.0,4.0,2.0,0.0,2.0,6.0,-4.0,5.0,1.0,4.0,-3.0,5.0,-8.0,1.0,1.0,0.0,2.0,0.0,2.0,28.6,57.1,71.4,0.0,,,,
2005-12-22,2005,Boavista,Nacional,0.0,3.0,A,O,2.0,3.2,3.2,A,,,,,9,2.0,2.0,0.0,2.0,7.0,4.0,3.0,4.0,2.0,2.0,3.0,2.0,1.0,1.0,2.0,-1.0,0.0,0.0,0.0,62.5,0.0,50.0,25.0,,,,
2005-12-21,2005,Setubal,Benfica,0.0,1.0,A,U,4.0,3.25,1.8,D,,,,,8,3.0,2.0,1.0,1.0,3.0,6.0,-3.0,1.0,4.0,-3.0,2.0,2.0,0.0,0.0,1.0,-1.0,0.0,0.0,0.0,71.4,28.6,42.9,28.6,,,,
2005-12-21,2005,Pacos Ferreira,Maritimo,1.0,2.0,A,O,1.9,3.25,3.4,H,,,,,8,2.0,1.0,1.0,1.0,6.0,6.0,0.0,4.0,6.0,-2.0,2.0,0.0,2.0,1.0,0.0,1.0,0.0,0.0,0.0,57.1,28.6,14.3,42.9,,,,
2005-12-21,2005,Leiria,Naval,2.0,1.0,H,O,1.66,3.25,4.5,D,,,,,8,2.0,0.0,1.0,4.0,8.0,2.0,6.0,4.0,9.0,-5.0,4.0,-7.0,11.0,2.0,0.0,2.0,1.0,3.0,-2.0,28.6,28.6,14.3,85.7,,,,
2005-12-21,2005,Gil Vicente,Sp Braga,2.0,1.0,H,O,2.5,3.2,2.4,A,,,,,8,1.0,1.0,1.0,3.0,6.0,2.0,4.0,5.0,4.0,1.0,1.0,-2.0,3.0,1.0,0.0,1.0,0.0,0.0,0.0,42.9,28.6,42.9,42.9,,,,
2005-12-21,2005,Academica,Belenenses,0.0,1.0,A,U,1.8,3.25,3.75,D,,,,,8,2.0,0.0,1.0,3.0,5.0,1.0,4.0,5.0,5.0,0.0,0.0,-4.0,4.0,0.0,0.0,0.0,1.0,1.0,0.0,42.9,28.6,14.3,71.4,,,,
2005-12-20,2005,Sp Lisbon,Rio Ave,3.0,0.0,H,O,1.33,4.33,7.0,H,,,,,8,2.0,1.0,2.0,1.0,4.0,6.0,-2.0,3.0,6.0,-3.0,1.0,0.0,1.0,1.0,0.0,1.0,0.0,0.0,0.0,71.4,28.6,28.6,42.9,,,,
2005-12-18,2005,Boavista,Guimaraes,1.0,1.0,D,U,1.61,3.4,5.0,H,,,,,8,3.0,2.0,0.0,2.0,8.0,2.0,6.0,3.0,3.0,0.0,5.0,-1.0,6.0,2.0,0.0,2.0,0.0,1.0,-1.0,71.4,0.0,28.6,71.4,,,,
2005-12-17,2005,Sp Braga,Academica,2.0,0.0,H,U,1.61,3.4,5.0,H,,,,,8,3.0,2.0,1.0,2.0,6.0,3.0,3.0,3.0,6.0,-3.0,3.0,-3.0,6.0,1.0,0.0,1.0,0.0,1.0,-1.0,71.4,14.3,28.6,57.1,,,,
2005-12-17,2005,Rio Ave,Gil Vicente,1.0,0.0,H,U,1.8,3.25,4.0,D,,,,,8,0.0,0.0,2.0,4.0,5.0,0.0,5.0,8.0,8.0,0.0,-3.0,-8.0,5.0,0.0,0.0,0.0,1.0,3.0,-2.0,28.6,28.6,14.3,85.7,,,,
2005-12-17,2005,Porto,Penafiel,3.0,1.0,H,O,1.16,6.0,11.0,H,,,,,8,1.0,0.0,1.0,1.0,6.0,6.0,0.0,4.0,7.0,-3.0,2.0,-1.0,3.0,1.0,0.0,1.0,1.0,0.0,1.0,57.1,14.3,0.0,42.9,,,,
2005-12-17,2005,Maritimo,Setubal,1.0,0.0,H,U,2.37,3.2,2.62,D,,,,,8,2.0,3.0,1.0,0.0,4.0,5.0,-1.0,3.0,0.0,3.0,1.0,5.0,-4.0,0.0,1.0,-1.0,0.0,0.0,0.0,28.6,28.6,57.1,14.3,,,,
2005-12-17,2005,Est Amadora,Leiria,1.0,2.0,A,O,2.1,3.25,3.0,A,,,,,8,1.0,2.0,1.0,2.0,3.0,7.0,-4.0,4.0,5.0,-1.0,-1.0,2.0,-3.0,0.0,2.0,-2.0,1.0,1.0,0.0,28.6,14.3,28.6,71.4,,,,
2005-12-17,2005,Benfica,Nacional,1.0,0.0,H,U,1.66,3.4,4.5,D,,,,,8,2.0,2.0,0.0,1.0,5.0,4.0,1.0,2.0,1.0,1.0,3.0,3.0,0.0,1.0,2.0,-1.0,0.0,0.0,0.0,57.1,14.3,57.1,14.3,,,,
2005-12-17,2005,Belenenses,Pacos Ferreira,2.0,0.0,H,U,2.2,3.2,2.87,H,,,,,8,1.0,1.0,2.0,1.0,3.0,4.0,-1.0,4.0,5.0,-1.0,-1.0,-1.0,0.0,0.0,1.0,-1.0,0.0,1.0,-1.0,42.9,42.9,28.6,42.9,,,,
2005-12-16,2005,Naval,Sp Lisbon,0.0,2.0,A,U,3.75,3.25,1.83,A,,,,,8,1.0,1.0,2.0,0.0,3.0,6.0,-3.0,6.0,5.0,1.0,-3.0,1.0,-4.0,0.0,0.0,0.0,1.0,0.0,1.0,28.6,42.9,28.6,28.6,,,,
2005-12-12,2005,Setubal,Belenenses,1.0,0.0,H,U,1.66,3.4,4.5,D,,,,,7,3.0,0.0,1.0,3.0,4.0,1.0,3.0,1.0,6.0,-5.0,3.0,-5.0,8.0,1.0,0.0,1.0,0.0,2.0,-2.0,66.7,33.3,16.7,66.7,,,,
2005-12-11,2005,Penafiel,Guimaraes,0.0,1.0,A,U,2.25,3.2,2.8,D,,,,,7,1.0,1.0,3.0,3.0,2.0,2.0,0.0,5.0,5.0,0.0,-3.0,-3.0,0.0,0.0,0.0,0.0,1.0,1.0,0.0,16.7,83.3,16.7,83.3,,,,
2005-12-11,2005,Pacos Ferreira,Sp Braga,1.0,0.0,H,U,2.6,3.2,2.4,H,,,,,7,2.0,1.0,1.0,2.0,8.0,2.0,6.0,4.0,3.0,1.0,4.0,-1.0,5.0,2.0,0.0,2.0,0.0,0.0,0.0,50.0,33.3,50.0,33.3,,,,
2005-12-11,2005,Gil Vicente,Naval,2.0,0.0,H,U,1.9,3.25,3.5,H,,,,,7,1.0,0.0,1.0,4.0,6.0,2.0,4.0,5.0,8.0,-3.0,1.0,-6.0,7.0,1.0,0.0,1.0,0.0,2.0,-2.0,33.3,33.3,16.7,83.3,,,,
2005-12-11,2005,Benfica,Boavista,1.0,0.0,H,U,1.61,3.4,5.0,H,,,,,7,2.0,0.0,0.0,1.0,6.0,3.0,3.0,3.0,4.0,-1.0,3.0,-1.0,4.0,1.0,0.0,1.0,0.0,0.0,0.0,50.0,16.7,0.0,16.7,,,,
2005-12-11,2005,Academica,Rio Ave,2.0,2.0,D,O,2.0,3.25,3.25,A,,,,,7,3.0,1.0,1.0,2.0,5.0,4.0,1.0,3.0,5.0,-2.0,2.0,-1.0,3.0,1.0,0.0,1.0,1.0,0.0,1.0,50.0,33.3,33.3,50.0,,,,
2005-12-10,2005,Nacional,Maritimo,2.0,1.0,H,O,1.83,3.1,4.0,H,,,,,7,3.0,1.0,1.0,1.0,5.0,5.0,0.0,1.0,5.0,-4.0,4.0,0.0,4.0,2.0,0.0,2.0,0.0,0.0,0.0,66.7,16.7,16.7,33.3,,,,
2005-12-10,2005,Leiria,Porto,1.0,3.0,A,O,4.5,3.3,1.8,A,,,,,7,2.0,3.0,0.0,0.0,7.0,5.0,2.0,1.0,2.0,-1.0,6.0,3.0,3.0,2.0,0.0,2.0,0.0,0.0,0.0,33.3,16.7,66.7,0.0,,,,
2005-12-09,2005,Sp Lisbon,Est Amadora,0.0,1.0,A,U,1.28,4.33,9.5,A,,,,,7,3.0,1.0,1.0,3.0,5.0,2.0,3.0,2.0,4.0,-2.0,3.0,-2.0,5.0,1.0,1.0,0.0,0.0,1.0,-1.0,83.3,16.7,16.7,83.3,,,,
2005-12-05,2005,Guimaraes,Leiria,0.0,3.0,A,O,1.83,3.25,3.75,A,,,,,7,2.0,1.0,1.0,3.0,3.0,4.0,-1.0,2.0,7.0,-5.0,1.0,-3.0,4.0,1.0,1.0,0.0,1.0,2.0,-1.0,33.3,50.0,16.7,83.3,,,,
2005-12-04,2005,Sp Braga,Setubal,0.0,1.0,A,U,1.72,3.4,4.2,D,,,,,7,4.0,2.0,0.0,1.0,7.0,4.0,3.0,2.0,1.0,1.0,5.0,3.0,2.0,1.0,1.0,0.0,0.0,0.0,0.0,83.3,0.0,50.0,16.7,,,,
2005-12-04,2005,Rio Ave,Pacos Ferreira,2.0,2.0,D,O,1.9,3.25,3.5,H,,,,,7,0.0,1.0,2.0,2.0,4.0,2.0,2.0,7.0,5.0,2.0,-3.0,-3.0,0.0,0.0,1.0,-1.0,1.0,2.0,-1.0,33.3,33.3,33.3,50.0,,,,
2005-12-04,2005,Naval,Academica,0.0,1.0,A,U,2.1,3.25,3.0,A,,,,,7,2.0,1.0,1.0,3.0,4.0,3.0,1.0,5.0,8.0,-3.0,-1.0,-5.0,4.0,0.0,0.0,0.0,1.0,1.0,0.0,33.3,33.3,16.7,66.7,,,,
2005-12-04,2005,Est Amadora,Gil Vicente,1.0,0.0,H,U,2.1,3.25,3.0,D,,,,,7,0.0,0.0,1.0,4.0,2.0,0.0,2.0,4.0,9.0,-5.0,-2.0,-9.0,7.0,0.0,0.0,0.0,1.0,4.0,-3.0,16.7,16.7,16.7,83.3,,,,
2005-12-04,2005,Boavista,Penafiel,2.0,1.0,H,O,1.4,4.0,6.5,H,,,,,7,3.0,0.0,0.0,1.0,8.0,5.0,3.0,3.0,7.0,-4.0,5.0,-2.0,7.0,2.0,0.0,2.0,0.0,1.0,-1.0,66.7,0.0,0.0,33.3,,,,
2005-12-03,2005,Maritimo,Benfica,0.0,1.0,A,U,2.62,3.2,2.37,D,,,,,7,2.0,2.0,0.0,1.0,6.0,8.0,-2.0,4.0,5.0,-1.0,2.0,3.0,-1.0,0.0,2.0,-2.0,0.0,0.0,0.0,33.3,16.7,33.3,33.3,,,,
2005-12-03,2005,Belenenses,Nacional,1.0,0.0,H,U,2.75,3.25,2.25,D,,,,,7,0.0,2.0,3.0,0.0,2.0,4.0,-2.0,6.0,0.0,6.0,-4.0,4.0,-8.0,0.0,2.0,-2.0,1.0,0.0,1.0,33.3,50.0,66.7,0.0,,,,
2005-12-02,2005,Porto,Sp Lisbon,1.0,1.0,D,U,1.83,3.25,3.75,D,,,,,7,2.0,1.0,1.0,1.0,7.0,5.0,2.0,3.0,7.0,-4.0,4.0,-2.0,6.0,2.0,0.0,2.0,1.0,1.0,0.0,66.7,16.7,33.3,33.3,,,,
2005-11-28,2005,Gil Vicente,Porto,0.0,1.0,A,U,4.5,3.4,1.66,A,,,,,6,1.0,2.0,1.0,0.0,6.0,4.0,2.0,5.0,2.0,3.0,1.0,2.0,-1.0,1.0,0.0,1.0,0.0,0.0,0.0,40.0,20.0,60.0,0.0,,,,
2005-11-27,2005,Sp Lisbon,Guimaraes,2.0,0.0,H,U,1.4,4.0,6.5,D,,,,,6,3.0,1.0,1.0,3.0,5.0,3.0,2.0,3.0,6.0,-3.0,2.0,-3.0,5.0,0.0,0.0,0.0,0.0,1.0,-1.0,80.0,20.0,20.0,80.0,,,,
2005-11-27,2005,Setubal,Rio Ave,1.0,0.0,H,U,1.83,3.3,3.75,D,,,,,6,3.0,1.0,1.0,2.0,4.0,4.0,0.0,1.0,7.0,-6.0,3.0,-3.0,6.0,1.0,0.0,1.0,0.0,1.0,-1.0,60.0,40.0,40.0,40.0,,,,
2005-11-27,2005,Pacos Ferreira,Naval,3.0,1.0,H,O,1.83,3.3,3.75,D,,,,,6,2.0,0.0,1.0,4.0,7.0,2.0,5.0,4.0,7.0,-3.0,3.0,-5.0,8.0,1.0,0.0,1.0,0.0,1.0,-1.0,40.0,40.0,20.0,80.0,,,,
2005-11-27,2005,Leiria,Penafiel,1.0,1.0,D,U,1.72,3.3,4.33,D,,,,,6,2.0,0.0,0.0,1.0,6.0,6.0,0.0,0.0,8.0,-8.0,6.0,-2.0,8.0,2.0,0.0,2.0,0.0,1.0,-1.0,40.0,20.0,0.0,40.0,,,,
2005-11-27,2005,Benfica,Belenenses,0.0,0.0,D,U,1.28,4.5,8.5,D,,,,,6,3.0,1.0,0.0,3.0,10.0,4.0,6.0,3.0,6.0,-3.0,7.0,-2.0,9.0,2.0,1.0,1.0,0.0,2.0,-2.0,60.0,20.0,20.0,80.0,,,,
2005-11-27,2005,Academica,Est Amadora,1.0,0.0,H,U,1.9,3.2,3.6,D,,,,,6,2.0,1.0,2.0,3.0,4.0,3.0,1.0,4.0,5.0,-1.0,0.0,-2.0,2.0,1.0,1.0,0.0,1.0,1.0,0.0,40.0,40.0,20.0,80.0,,,,
2005-11-26,2005,Maritimo,Boavista,1.0,1.0,D,U,2.25,3.1,2.87,H,,,,,6,2.0,0.0,0.0,1.0,7.0,4.0,3.0,5.0,5.0,0.0,2.0,-1.0,3.0,0.0,0.0,0.0,0.0,0.0,0.0,40.0,20.0,0.0,20.0,,,,
2005-11-25,2005,Nacional,Sp Braga,1.0,0.0,H,U,2.2,3.25,2.75,H,,,,,6,3.0,2.0,1.0,1.0,6.0,4.0,2.0,2.0,2.0,0.0,4.0,2.0,2.0,2.0,1.0,1.0,0.0,0.0,0.0,60.0,20.0,60.0,20.0,,,,
2005-11-21,2005,Belenenses,Maritimo,0.0,1.0,A,U,2.2,3.25,2.8,A,,,,,6,1.0,0.0,2.0,1.0,5.0,4.0,1.0,6.0,5.0,1.0,-1.0,-1.0,0.0,1.0,0.0,1.0,1.0,0.0,1.0,40.0,40.0,0.0,40.0,,,,
2005-11-20,2005,Rio Ave,Nacional,0.0,2.0,A,U,2.37,3.2,2.62,D,,,,,6,1.0,2.0,1.0,0.0,6.0,3.0,3.0,6.0,0.0,6.0,0.0,3.0,-3.0,0.0,1.0,-1.0,0.0,0.0,0.0,40.0,20.0,60.0,0.0,,,,
2005-11-20,2005,Penafiel,Sp Lisbon,0.0,1.0,A,U,4.0,3.4,1.72,D,,,,,6,1.0,0.0,3.0,2.0,2.0,5.0,-3.0,7.0,9.0,-2.0,-5.0,-4.0,-1.0,0.0,0.0,0.0,2.0,1.0,1.0,20.0,80.0,20.0,40.0,,,,
2005-11-20,2005,Naval,Setubal,0.0,3.0,A,O,2.37,3.2,2.62,D,,,,,6,2.0,2.0,0.0,1.0,6.0,2.0,4.0,4.0,1.0,3.0,2.0,1.0,1.0,0.0,0.0,0.0,0.0,0.0,0.0,40.0,20.0,40.0,20.0,,,,
2005-11-20,2005,Est Amadora,Pacos Ferreira,0.0,0.0,D,U,2.25,3.4,2.62,D,,,,,6,1.0,1.0,1.0,3.0,4.0,3.0,1.0,5.0,9.0,-4.0,-1.0,-6.0,5.0,0.0,1.0,-1.0,1.0,3.0,-2.0,20.0,20.0,40.0,60.0,,,,
2005-11-20,2005,Boavista,Leiria,2.0,0.0,H,U,1.57,3.4,5.5,D,,,,,6,3.0,1.0,0.0,3.0,10.0,4.0,6.0,4.0,9.0,-5.0,6.0,-5.0,11.0,2.0,1.0,1.0,0.0,2.0,-2.0,60.0,0.0,20.0,80.0,,,,
2005-11-19,2005,Sp Braga,Benfica,3.0,2.0,H,O,2.25,3.25,2.75,A,,,,,6,3.0,2.0,0.0,1.0,4.0,7.0,-3.0,0.0,4.0,-4.0,4.0,3.0,1.0,1.0,2.0,-1.0,0.0,0.0,0.0,80.0,0.0,40.0,20.0,,,,
2005-11-19,2005,Porto,Academica,5.0,1.0,H,O,1.33,4.33,7.5,H,,,,,6,2.0,1.0,1.0,3.0,5.0,3.0,2.0,2.0,5.0,-3.0,3.0,-2.0,5.0,2.0,0.0,2.0,1.0,0.0,1.0,60.0,20.0,20.0,60.0,,,,
2005-11-18,2005,Guimaraes,Gil Vicente,2.0,0.0,H,U,1.9,3.25,3.5,H,,,,,6,1.0,0.0,2.0,4.0,1.0,0.0,1.0,4.0,8.0,-4.0,-3.0,-8.0,5.0,0.0,0.0,0.0,2.0,3.0,-1.0,20.0,60.0,20.0,80.0,,,,
2005-11-07,2005,Academica,Guimaraes,1.0,0.0,H,U,2.25,3.2,2.75,H,,,,,5,1.0,1.0,2.0,3.0,3.0,4.0,-1.0,4.0,8.0,-4.0,-1.0,-4.0,3.0,1.0,0.0,1.0,1.0,2.0,-1.0,25.0,50.0,25.0,75.0,,,,
2005-11-06,2005,Setubal,Est Amadora,1.0,0.0,H,U,1.66,3.4,4.5,H,,,,,5,2.0,1.0,2.0,3.0,3.0,3.0,0.0,2.0,5.0,-3.0,1.0,-2.0,3.0,1.0,1.0,0.0,0.0,1.0,-1.0,50.0,50.0,25.0,75.0,,,,
2005-11-06,2005,Pacos Ferreira,Porto,0.0,1.0,A,U,4.0,3.25,1.8,A,,,,,5,2.0,2.0,1.0,0.0,7.0,6.0,1.0,4.0,4.0,0.0,3.0,2.0,1.0,1.0,0.0,1.0,0.0,0.0,0.0,50.0,25.0,50.0,0.0,,,,
2005-11-06,2005,Nacional,Naval,2.0,0.0,H,U,1.66,3.4,4.5,D,,,,,5,2.0,1.0,1.0,3.0,6.0,4.0,2.0,4.0,5.0,-1.0,2.0,-1.0,3.0,1.0,1.0,0.0,0.0,0.0,0.0,50.0,25.0,25.0,75.0,,,,
2005-11-06,2005,Gil Vicente,Penafiel,2.0,2.0,D,O,1.8,3.25,4.0,H,,,,,5,2.0,0.0,1.0,2.0,5.0,4.0,1.0,3.0,7.0,-4.0,2.0,-3.0,5.0,1.0,0.0,1.0,0.0,1.0,-1.0,50.0,25.0,0.0,50.0,,,,
2005-11-06,2005,Benfica,Rio Ave,2.0,2.0,D,O,1.36,4.0,7.5,D,,,,,5,3.0,2.0,1.0,2.0,8.0,4.0,4.0,3.0,5.0,-2.0,5.0,-1.0,6.0,2.0,1.0,1.0,1.0,1.0,0.0,75.0,25.0,50.0,50.0,,,,
2005-11-05,2005,Maritimo,Sp Braga,1.0,0.0,H,U,2.75,3.2,2.25,H,,,,,5,1.0,3.0,1.0,0.0,7.0,5.0,2.0,7.0,1.0,6.0,0.0,4.0,-4.0,0.0,1.0,-1.0,0.0,0.0,0.0,25.0,25.0,75.0,0.0,,,,
2005-11-05,2005,Belenenses,Boavista,1.0,1.0,D,U,2.5,3.2,2.5,D,,,,,5,2.0,0.0,2.0,1.0,7.0,4.0,3.0,6.0,5.0,1.0,1.0,-1.0,2.0,2.0,0.0,2.0,1.0,0.0,1.0,50.0,50.0,0.0,25.0,,,,
2005-11-04,2005,Sp Lisbon,Leiria,2.0,1.0,H,O,1.44,3.75,6.5,H,,,,,5,3.0,1.0,1.0,3.0,5.0,4.0,1.0,3.0,10.0,-7.0,2.0,-6.0,8.0,0.0,1.0,-1.0,0.0,3.0,-3.0,75.0,25.0,25.0,75.0,,,,
2005-10-31,2005,Sp Braga,Belenenses,2.0,0.0,H,U,1.53,3.5,6.0,H,,,,,5,3.0,1.0,0.0,3.0,3.0,5.0,-2.0,0.0,6.0,-6.0,3.0,-1.0,4.0,0.0,1.0,-1.0,0.0,1.0,-1.0,75.0,0.0,25.0,75.0,,,,
2005-10-30,2005,Rio Ave,Maritimo,2.0,2.0,D,O,1.72,3.25,4.5,H,,,,,5,2.0,0.0,1.0,2.0,7.0,2.0,5.0,5.0,4.0,1.0,2.0,-2.0,4.0,1.0,0.0,1.0,0.0,0.0,0.0,50.0,25.0,0.0,50.0,,,,
2005-10-30,2005,Penafiel,Academica,1.0,0.0,H,U,2.4,3.1,2.7,D,,,,,5,0.0,1.0,4.0,2.0,1.0,5.0,-4.0,9.0,6.0,3.0,-8.0,-1.0,-7.0,0.0,0.0,0.0,3.0,0.0,3.0,0.0,100.0,25.0,50.0,,,,
2005-10-30,2005,Leiria,Gil Vicente,3.0,0.0,H,O,2.0,3.2,3.4,H,,,,,5,1.0,1.0,1.0,3.0,3.0,2.0,1.0,1.0,5.0,-4.0,2.0,-3.0,5.0,1.0,1.0,0.0,0.0,2.0,-2.0,25.0,25.0,25.0,75.0,,,,
2005-10-30,2005,Guimaraes,Pacos Ferreira,0.0,2.0,A,U,1.8,3.2,4.2,D,,,,,5,1.0,1.0,2.0,3.0,1.0,2.0,-1.0,4.0,9.0,-5.0,-3.0,-7.0,4.0,0.0,0.0,0.0,2.0,3.0,-1.0,25.0,50.0,25.0,75.0,,,,
2005-10-30,2005,Est Amadora,Nacional,0.0,2.0,A,U,2.5,3.1,2.6,A,,,,,5,1.0,2.0,0.0,0.0,5.0,2.0,3.0,4.0,0.0,4.0,1.0,2.0,-1.0,0.0,0.0,0.0,0.0,0.0,0.0,25.0,0.0,50.0,0.0,,,,
2005-10-30,2005,Boavista,Sp Lisbon,2.0,2.0,D,O,2.5,3.1,2.6,A,,,,,5,3.0,1.0,0.0,2.0,8.0,5.0,3.0,2.0,8.0,-6.0,6.0,-3.0,9.0,2.0,0.0,2.0,0.0,1.0,-1.0,75.0,0.0,25.0,50.0,,,,
2005-10-29,2005,Porto,Setubal,0.0,0.0,D,U,1.33,4.33,8.0,D,,,,,5,3.0,2.0,1.0,1.0,6.0,2.0,4.0,2.0,1.0,1.0,4.0,1.0,3.0,2.0,0.0,2.0,1.0,0.0,1.0,75.0,25.0,50.0,25.0,,,,
2005-10-29,2005,Naval,Benfica,1.0,1.0,D,U,4.33,3.4,1.72,D,,,,,5,2.0,2.0,1.0,1.0,7.0,6.0,1.0,6.0,3.0,3.0,1.0,3.0,-2.0,0.0,2.0,-2.0,0.0,0.0,0.0,50.0,25.0,50.0,25.0,,,,
2005-10-23,2005,Setubal,Guimaraes,0.0,1.0,A,U,1.9,3.25,3.4,A,,,,,4,,,,,,,,,,,,,,,,,,,,66.7,33.3,0.0,100.0,,,,
2005-10-23,2005,Pacos Ferreira,Penafiel,2.0,2.0,D,O,1.72,3.4,4.0,H,,,,,4,,,,,,,,,,,,,,,,,,,,66.7,33.3,0.0,66.7,,,,
2005-10-23,2005,Nacional,Porto,0.0,1.0,A,U,3.0,3.2,2.1,D,,,,,4,,,,,,,,,,,,,,,,,,,,66.7,0.0,33.3,0.0,,,,
2005-10-23,2005,Maritimo,Naval,2.0,1.0,H,O,1.9,3.25,3.4,H,,,,,4,,,,,,,,,,,,,,,,,,,,0.0,33.3,33.3,66.7,,,,
2005-10-23,2005,Gil Vicente,Sp Lisbon,2.0,2.0,D,O,3.2,3.2,2.0,A,,,,,4,,,,,,,,,,,,,,,,,,,,66.7,33.3,33.3,66.7,,,,
2005-10-23,2005,Academica,Leiria,1.0,3.0,A,O,1.9,3.25,3.4,D,,,,,4,,,,,,,,,,,,,,,,,,,,33.3,33.3,0.0,100.0,,,,
2005-10-22,2005,Sp Braga,Boavista,1.0,0.0,H,U,1.9,3.25,3.4,H,,,,,4,,,,,,,,,,,,,,,,,,,,66.7,0.0,0.0,0.0,,,,
2005-10-22,2005,Benfica,Est Amadora,2.0,0.0,H,U,1.28,4.33,8.5,D,,,,,4,,,,,,,,,,,,,,,,,,,,66.7,33.3,33.3,66.7,,,,
2005-10-21,2005,Belenenses,Rio Ave,1.0,2.0,A,O,2.0,3.2,3.2,H,,,,,4,,,,,,,,,,,,,,,,,,,,66.7,33.3,33.3,66.7,,,,
2005-10-17,2005,Boavista,Gil Vicente,2.0,0.0,H,U,1.61,3.5,5.0,H,,,,,4,,,,,,,,,,,,,,,,,,,,66.7,0.0,33.3,66.7,,,,
2005-10-16,2005,Sp Lisbon,Academica,0.0,1.0,A,U,1.3,4.5,8.5,A,,,,,4,,,,,,,,,,,,,,,,,,,,100.0,0.0,0.0,66.7,,,,
2005-10-16,2005,Penafiel,Setubal,0.0,1.0,A,U,2.5,3.25,2.5,D,,,,,4,,,,,,,,,,,,,,,,,,,,0.0,100.0,33.3,33.3,,,,
2005-10-16,2005,Naval,Belenenses,2.0,1.0,H,O,2.3,3.2,2.8,D,,,,,4,,,,,,,,,,,,,,,,,,,,33.3,33.3,33.3,66.7,,,,
2005-10-16,2005,Leiria,Pacos Ferreira,3.0,0.0,H,O,2.25,3.25,2.8,D,,,,,4,,,,,,,,,,,,,,,,,,,,0.0,33.3,33.3,66.7,,,,
2005-10-16,2005,Est Amadora,Maritimo,2.0,2.0,D,O,2.1,3.2,3.2,H,,,,,4,,,,,,,,,,,,,,,,,,,,33.3,0.0,0.0,66.7,,,,
2005-10-15,2005,Porto,Benfica,0.0,2.0,A,U,1.9,3.25,3.6,D,,,,,4,,,,,,,,,,,,,,,,,,,,100.0,0.0,33.3,33.3,,,,
2005-10-15,2005,Guimaraes,Nacional,0.0,0.0,D,U,2.0,3.2,3.4,D,,,,,4,,,,,,,,,,,,,,,,,,,,33.3,66.7,66.7,0.0,,,,
2005-10-14,2005,Rio Ave,Sp Braga,1.0,2.0,A,O,2.4,3.2,2.62,A,,,,,4,,,,,,,,,,,,,,,,,,,,66.7,0.0,66.7,0.0,,,,
2005-10-04,2005,Sp Braga,Naval,1.0,0.0,H,U,1.44,3.75,6.5,H,,,,,3,,,,,,,,,,,,,,,,,,,,50.0,0.0,50.0,50.0,,,,
2005-10-03,2005,Benfica,Guimaraes,2.0,1.0,H,O,1.4,3.75,7.5,D,,,,,3,,,,,,,,,,,,,,,,,,,,50.0,50.0,0.0,100.0,,,,
2005-10-02,2005,Setubal,Leiria,2.0,0.0,H,U,1.8,3.25,4.0,H,,,,,3,,,,,,,,,,,,,,,,,,,,50.0,50.0,0.0,100.0,,,,
2005-10-02,2005,Pacos Ferreira,Sp Lisbon,3.0,0.0,H,O,4.0,3.25,1.8,H,,,,,3,,,,,,,,,,,,,,,,,,,,50.0,50.0,50.0,50.0,,,,
2005-10-02,2005,Nacional,Penafiel,2.0,0.0,H,U,1.61,3.4,5.0,D,,,,,3,,,,,,,,,,,,,,,,,,,,50.0,0.0,0.0,50.0,,,,
2005-10-02,2005,Maritimo,Porto,2.0,2.0,D,O,4.33,3.25,1.72,H,,,,,3,,,,,,,,,,,,,,,,,,,,0.0,50.0,50.0,0.0,,,,
2005-10-02,2005,Academica,Gil Vicente,2.0,0.0,H,U,2.3,3.2,2.7,H,,,,,3,,,,,,,,,,,,,,,,,,,,0.0,50.0,50.0,50.0,,,,
2005-10-01,2005,Rio Ave,Boavista,1.0,1.0,D,U,2.5,3.0,2.62,D,,,,,3,,,,,,,,,,,,,,,,,,,,100.0,0.0,0.0,0.0,,,,
2005-09-30,2005,Belenenses,Est Amadora,0.0,2.0,A,U,1.53,3.5,5.5,A,,,,,3,,,,,,,,,,,,,,,,,,,,100.0,0.0,0.0,100.0,,,,
2005-09-26,2005,Boavista,Academica,2.0,1.0,H,O,1.57,3.5,5.0,D,,,,,3,,,,,,,,,,,,,,,,,,,,50.0,0.0,0.0,50.0,,,,
2005-09-25,2005,Sp Lisbon,Setubal,1.0,0.0,H,U,1.3,4.33,8.0,H,,,,,3,,,,,,,,,,,,,,,,,,,,100.0,0.0,50.0,0.0,,,,
2005-09-25,2005,Naval,Rio Ave,1.0,0.0,H,U,2.4,3.2,2.5,H,,,,,3,,,,,,,,,,,,,,,,,,,,0.0,50.0,50.0,50.0,,,,
2005-09-25,2005,Leiria,Nacional,0.0,0.0,D,U,2.5,3.1,2.5,D,,,,,3,,,,,,,,,,,,,,,,,,,,0.0,50.0,100.0,0.0,,,,
2005-09-25,2005,Gil Vicente,Pacos Ferreira,2.0,0.0,H,U,1.8,3.3,3.75,H,,,,,3,,,,,,,,,,,,,,,,,,,,50.0,50.0,50.0,50.0,,,,
2005-09-25,2005,Est Amadora,Sp Braga,0.0,0.0,D,U,2.8,3.2,2.2,D,,,,,3,,,,,,,,,,,,,,,,,,,,50.0,0.0,100.0,0.0,,,,
2005-09-24,2005,Porto,Belenenses,2.0,0.0,H,U,1.28,4.5,8.0,H,,,,,3,,,,,,,,,,,,,,,,,,,,100.0,0.0,50.0,50.0,,,,
2005-09-24,2005,Guimaraes,Maritimo,1.0,0.0,H,U,2.2,3.2,2.8,H,,,,,3,,,,,,,,,,,,,,,,,,,,0.0,100.0,0.0,50.0,,,,
2005-09-23,2005,Penafiel,Benfica,1.0,3.0,A,O,3.75,3.3,1.8,A,,,,,3,,,,,,,,,,,,,,,,,,,,0.0,100.0,0.0,50.0,,,,
2005-09-19,2005,Nacional,Sp Lisbon,2.0,1.0,H,O,3.75,3.3,1.83,D,,,,,2,,,,,,,,,,,,,,,,,,,,0.0,0.0,100.0,0.0,,,,
2005-09-19,2005,Belenenses,Guimaraes,3.0,1.0,H,O,1.72,3.25,4.33,D,,,,,2,,,,,,,,,,,,,,,,,,,,100.0,0.0,0.0,100.0,,,,
2005-09-18,2005,Sp Braga,Porto,0.0,0.0,D,U,2.87,3.2,2.2,D,,,,,2,,,,,,,,,,,,,,,,,,,,100.0,0.0,100.0,0.0,,,,
2005-09-18,2005,Setubal,Gil Vicente,1.0,0.0,H,U,2.0,3.1,3.4,H,,,,,2,,,,,,,,,,,,,,,,,,,,0.0,100.0,100.0,0.0,,,,
2005-09-18,2005,Rio Ave,Est Amadora,2.0,1.0,H,O,1.61,3.4,5.0,D,,,,,2,,,,,,,,,,,,,,,,,,,,100.0,0.0,0.0,100.0,,,,
2005-09-18,2005,Pacos Ferreira,Academica,2.0,1.0,H,O,2.1,3.2,3.1,D,,,,,2,,,,,,,,,,,,,,,,,,,,0.0,100.0,0.0,0.0,,,,
2005-09-18,2005,Maritimo,Penafiel,2.0,2.0,D,O,1.66,3.4,4.5,H,,,,,2,,,,,,,,,,,,,,,,,,,,0.0,100.0,0.0,100.0,,,,
2005-09-18,2005,Benfica,Leiria,4.0,0.0,H,O,1.28,4.5,8.5,H,,,,,2,,,,,,,,,,,,,,,,,,,,0.0,100.0,0.0,100.0,,,,
2005-09-16,2005,Naval,Boavista,2.0,2.0,D,O,2.75,3.25,2.25,A,,,,,2,,,,,,,,,,,,,,,,,,,,0.0,100.0,0.0,0.0,,,,
2005-09-12,2005,Penafiel,Belenenses,0.0,3.0,A,O,2.2,3.1,2.87,A,,,,,2,,,,,,,,,,,,,,,,,,,,0.0,100.0,0.0,100.0,,,,
2005-09-11,2005,Leiria,Maritimo,0.0,0.0,D,U,2.1,3.1,3.1,D,,,,,2,,,,,,,,,,,,,,,,,,,,0.0,100.0,0.0,100.0,,,,
2005-09-11,2005,Gil Vicente,Nacional,0.0,1.0,A,U,1.9,3.1,3.6,D,,,,,2,,,,,,,,,,,,,,,,,,,,100.0,0.0,100.0,0.0,,,,
2005-09-11,2005,Est Amadora,Naval,2.0,1.0,H,O,2.1,3.1,3.1,H,,,,,2,,,,,,,,,,,,,,,,,,,,0.0,0.0,100.0,0.0,,,,
2005-09-11,2005,Boavista,Pacos Ferreira,4.0,1.0,H,O,1.5,3.5,6.0,H,,,,,2,,,,,,,,,,,,,,,,,,,,0.0,0.0,100.0,0.0,,,,
2005-09-11,2005,Academica,Setubal,0.0,1.0,A,U,2.0,3.2,3.2,D,,,,,2,,,,,,,,,,,,,,,,,,,,0.0,0.0,0.0,0.0,,,,
2005-09-10,2005,Sp Lisbon,Benfica,2.0,1.0,H,O,2.2,3.1,2.87,H,,,,,2,,,,,,,,,,,,,,,,,,,,100.0,0.0,0.0,0.0,,,,
2005-09-10,2005,Porto,Rio Ave,3.0,0.0,H,O,1.3,4.33,8.0,D,,,,,2,,,,,,,,,,,,,,,,,,,,100.0,0.0,100.0,0.0,,,,
2005-09-09,2005,Guimaraes,Sp Braga,0.0,2.0,A,U,2.37,3.2,2.6,D,,,,,2,,,,,,,,,,,,,,,,,,,,0.0,100.0,100.0,0.0,,,,
2005-08-29,2005,Est Amadora,Boavista,1.0,1.0,D,U,3.2,3.2,2.1,A,,,,,1,,,,,,,,,,,,,,,,,,,,,,,,,,,
2005-08-28,2005,Sp Braga,Penafiel,1.0,0.0,H,U,1.53,3.5,5.5,D,,,,,1,,,,,,,,,,,,,,,,,,,,,,,,,,,
2005-08-28,2005,Setubal,Pacos Ferreira,0.0,1.0,A,U,1.72,3.2,4.5,A,,,,,1,,,,,,,,,,,,,,,,,,,,,,,,,,,
2005-08-28,2005,Rio Ave,Guimaraes,3.0,1.0,H,O,2.1,3.2,3.1,H,,,,,1,,,,,,,,,,,,,,,,,,,,,,,,,,,
2005-08-28,2005,Nacional,Academica,2.0,2.0,D,O,1.9,3.2,3.6,H,,,,,1,,,,,,,,,,,,,,,,,,,,,,,,,,,
2005-08-28,2005,Maritimo,Sp Lisbon,1.0,2.0,A,O,3.1,3.2,2.1,D,,,,,1,,,,,,,,,,,,,,,,,,,,,,,,,,,
2005-08-27,2005,Benfica,Gil Vicente,0.0,2.0,A,U,1.25,5.0,8.5,D,,,,,1,,,,,,,,,,,,,,,,,,,,,,,,,,,
2005-08-27,2005,Belenenses,Leiria,3.0,1.0,H,O,1.72,3.3,4.33,H,,,,,1,,,,,,,,,,,,,,,,,,,,,,,,,,,
2005-08-26,2005,Naval,Porto,2.0,3.0,A,O,5.5,3.5,1.53,A,,,,,1,,,,,,,,,,,,,,,,,,,,,,,,,,,
2005-08-22,2005,Leiria,Sp Braga,0.0,1.0,A,U,2.62,3.1,2.37,A,,,,,1,,,,,,,,,,,,,,,,,,,,,,,,,,,
2005-08-21,2005,Porto,Est Amadora,1.0,0.0,H,U,1.16,5.5,11.0,D,,,,,1,,,,,,,,,,,,,,,,,,,,,,,,,,,
2005-08-21,2005,Penafiel,Rio Ave,0.0,2.0,A,U,2.0,3.1,3.3,D,,,,,1,,,,,,,,,,,,,,,,,,,,,,,,,,,
2005-08-21,2005,Pacos Ferreira,Nacional,0.0,1.0,A,U,2.2,3.0,3.0,D,,,,,1,,,,,,,,,,,,,,,,,,,,,,,,,,,
2005-08-21,2005,Guimaraes,Naval,0.0,2.0,A,U,1.53,3.4,5.5,D,,,,,1,,,,,,,,,,,,,,,,,,,,,,,,,,,
2005-08-21,2005,Gil Vicente,Maritimo,1.0,0.0,H,U,2.1,3.2,3.0,D,,,,,1,,,,,,,,,,,,,,,,,,,,,,,,,,,
2005-08-20,2005,Boavista,Setubal,0.0,0.0,D,U,1.57,3.5,5.0,D,,,,,1,,,,,,,,,,,,,,,,,,,,,,,,,,,
2005-08-20,2005,Academica,Benfica,0.0,0.0,D,U,5.0,3.3,1.72,D,,,,,1,,,,,,,,,,,,,,,,,,,,,,,,,,,
2005-08-19,2005,Sp Lisbon,Belenenses,2.0,1.0,H,O,1.36,4.2,9.0,H,,,,,1,,,,,,,,,,,,,,,,,,,,,,,,,,,
